entity_kind,company_eic,facility_eic,entity_name,name,code,publication_link,transparency_template,url,updatedAt,gasDayStart,gasDayEnd,sendOut,dtrs,contractedCapacity,availableCapacity,info,status,inventory.lng,inventory.gwh,dtmi.lng,dtmi.gwh
company,21X000000001360B,,Terminale GNL Adriatico S.r.l.,Adriatic LNG,21X000000001360B,,,21X000000001360B/IT,2026-05-28 12:24:25,2015-01-01,2015-01-02,109.9,228.5,-,-,[],C,114.32,114.32,250,250
company,21X000000001360B,,Terminale GNL Adriatico S.r.l.,Adriatic LNG,21X000000001360B,,,21X000000001360B/IT,2026-05-28 12:24:25,2015-01-02,2015-01-03,137.4,228.5,-,-,[],C,128.61,128.61,250,250
company,21X000000001360B,,Terminale GNL Adriatico S.r.l.,Adriatic LNG,21X000000001360B,,,21X000000001360B/IT,2026-05-28 12:24:26,2015-01-03,2015-01-04,142.8,228.5,-,-,[],C,194.8,194.8,250,250
company,21X000000001360B,,Terminale GNL Adriatico S.r.l.,Adriatic LNG,21X000000001360B,,,21X000000001360B/IT,2026-05-28 12:24:26,2015-01-04,2015-01-05,142.9,228.5,-,-,[],C,229.52,229.52,250,250
company,21X000000001360B,,Terminale GNL Adriatico S.r.l.,Adriatic LNG,21X000000001360B,,,21X000000001360B/IT,2026-05-28 12:24:26,2015-01-05,2015-01-06,142.9,228.5,-,-,[],C,207.84,207.84,250,250
company,21X000000001360B,,Terminale GNL Adriatico S.r.l.,Adriatic LNG,21X000000001360B,,,21X000000001360B/IT,2026-05-28 12:24:26,2015-01-06,2015-01-07,142.9,228.5,-,-,[],C,185.99,185.99,250,250
company,21X000000001360B,,Terminale GNL Adriatico S.r.l.,Adriatic LNG,21X000000001360B,,,21X000000001360B/IT,2026-05-28 12:24:26,2015-01-07,2015-01-08,286.3,228.5,-,-,[],C,142.7,142.7,250,250
company,21X000000001360B,,Terminale GNL Adriatico S.r.l.,Adriatic LNG,21X000000001360B,,,21X000000001360B/IT,2026-05-28 12:24:26,2015-01-08,2015-01-09,286.2,228.5,-,-,[],C,238.3,238.3,250,250
company,21X000000001360B,,Terminale GNL Adriatico S.r.l.,Adriatic LNG,21X000000001360B,,,21X000000001360B/IT,2026-05-28 12:24:27,2015-01-09,2015-01-10,286.2,228.5,-,-,[],C,194.89,194.89,250,250
company,21X000000001360B,,Terminale GNL Adriatico S.r.l.,Adriatic LNG,21X000000001360B,,,21X000000001360B/IT,2026-05-28 12:24:27,2015-01-10,2015-01-11,286.3,228.5,-,-,[],C,151.62,151.62,250,250
company,21X000000001360B,,Terminale GNL Adriatico S.r.l.,Adriatic LNG,21X000000001360B,,,21X000000001360B/IT,2026-05-28 12:24:27,2015-01-11,2015-01-12,286.2,228.5,-,-,[],C,238.49,238.49,250,250
company,21X000000001360B,,Terminale GNL Adriatico S.r.l.,Adriatic LNG,21X000000001360B,,,21X000000001360B/IT,2026-05-28 12:24:27,2015-01-12,2015-01-13,286.2,228.5,-,-,[],C,204.07,204.07,250,250
company,21X000000001360B,,Terminale GNL Adriatico S.r.l.,Adriatic LNG,21X000000001360B,,,21X000000001360B/IT,2026-05-28 12:24:27,2015-01-13,2015-01-14,258.3,228.5,-,-,[],C,165.01,165.01,250,250
company,21X000000001360B,,Terminale GNL Adriatico S.r.l.,Adriatic LNG,21X000000001360B,,,21X000000001360B/IT,2026-05-28 12:24:27,2015-01-14,2015-01-15,286.3,228.5,-,-,[],C,146.88,146.88,250,250
company,21X000000001360B,,Terminale GNL Adriatico S.r.l.,Adriatic LNG,21X000000001360B,,,21X000000001360B/IT,2026-05-28 12:24:27,2015-01-15,2015-01-16,286.2,228.5,-,-,[],C,223.35,223.35,250,250
company,21X000000001360B,,Terminale GNL Adriatico S.r.l.,Adriatic LNG,21X000000001360B,,,21X000000001360B/IT,2026-05-28 12:24:27,2015-01-16,2015-01-17,231.2,228.5,-,-,[],C,188.36,188.36,250,250
company,21X000000001360B,,Terminale GNL Adriatico S.r.l.,Adriatic LNG,21X000000001360B,,,21X000000001360B/IT,2026-05-28 12:24:27,2015-01-17,2015-01-18,176,228.5,-,-,[],C,162.06,162.06,250,250
company,21X000000001360B,,Terminale GNL Adriatico S.r.l.,Adriatic LNG,21X000000001360B,,,21X000000001360B/IT,2026-05-28 12:24:27,2015-01-18,2015-01-19,176.1,228.5,-,-,[],C,135.33,135.33,250,250
company,21X000000001360B,,Terminale GNL Adriatico S.r.l.,Adriatic LNG,21X000000001360B,,,21X000000001360B/IT,2026-05-28 12:24:27,2015-01-19,2015-01-20,209.2,228.5,-,-,[],C,103.69,103.69,250,250
company,21X000000001360B,,Terminale GNL Adriatico S.r.l.,Adriatic LNG,21X000000001360B,,,21X000000001360B/IT,2026-05-28 12:24:27,2015-01-20,2015-01-21,209.3,228.5,-,-,[],C,71.97,71.97,250,250
company,21X000000001360B,,Terminale GNL Adriatico S.r.l.,Adriatic LNG,21X000000001360B,,,21X000000001360B/IT,2026-05-28 12:24:28,2015-01-21,2015-01-22,209.3,228.5,-,-,[],C,87.64,87.64,250,250
company,21X000000001360B,,Terminale GNL Adriatico S.r.l.,Adriatic LNG,21X000000001360B,,,21X000000001360B/IT,2026-05-28 12:24:28,2015-01-22,2015-01-23,209,228.5,-,-,[],C,153.2,153.2,250,250
company,21X000000001360B,,Terminale GNL Adriatico S.r.l.,Adriatic LNG,21X000000001360B,,,21X000000001360B/IT,2026-05-28 12:24:28,2015-01-23,2015-01-24,208.9,228.5,-,-,[],C,121.8,121.8,250,250
company,21X000000001360B,,Terminale GNL Adriatico S.r.l.,Adriatic LNG,21X000000001360B,,,21X000000001360B/IT,2026-05-28 12:24:28,2015-01-24,2015-01-25,175.9,228.5,-,-,[],C,195.53,195.53,250,250
company,21X000000001360B,,Terminale GNL Adriatico S.r.l.,Adriatic LNG,21X000000001360B,,,21X000000001360B/IT,2026-05-28 12:24:28,2015-01-25,2015-01-26,176,228.5,-,-,[],C,207.42,207.42,250,250
company,21X000000001360B,,Terminale GNL Adriatico S.r.l.,Adriatic LNG,21X000000001360B,,,21X000000001360B/IT,2026-05-28 12:24:28,2015-01-26,2015-01-27,175.8,228.5,-,-,[],C,180.55,180.55,250,250
company,21X000000001360B,,Terminale GNL Adriatico S.r.l.,Adriatic LNG,21X000000001360B,,,21X000000001360B/IT,2026-05-28 12:24:28,2015-01-27,2015-01-28,176,228.5,-,-,[],C,154.19,154.19,250,250
company,21X000000001360B,,Terminale GNL Adriatico S.r.l.,Adriatic LNG,21X000000001360B,,,21X000000001360B/IT,2026-05-28 12:24:28,2015-01-28,2015-01-29,184.9,228.5,-,-,[],C,125.89,125.89,250,250
company,21X000000001360B,,Terminale GNL Adriatico S.r.l.,Adriatic LNG,21X000000001360B,,,21X000000001360B/IT,2026-05-28 12:24:28,2015-01-29,2015-01-30,222,228.5,-,-,[],C,92.18,92.18,250,250
company,21X000000001360B,,Terminale GNL Adriatico S.r.l.,Adriatic LNG,21X000000001360B,,,21X000000001360B/IT,2026-05-28 12:24:28,2015-01-30,2015-01-31,175.9,228.5,-,-,[],C,65.69,65.69,250,250
company,21X000000001360B,,Terminale GNL Adriatico S.r.l.,Adriatic LNG,21X000000001360B,,,21X000000001360B/IT,2026-05-28 12:24:28,2015-01-31,2015-02-01,176,228.5,-,-,[],C,39.17,39.17,250,250
company,21X000000001360B,,Terminale GNL Adriatico S.r.l.,Adriatic LNG,21X000000001360B,,,21X000000001360B/IT,2026-05-28 12:24:28,2015-02-01,2015-02-02,187,228.5,-,-,[],C,64.63,64.63,250,250
company,21X000000001360B,,Terminale GNL Adriatico S.r.l.,Adriatic LNG,21X000000001360B,,,21X000000001360B/IT,2026-05-28 12:24:29,2015-02-02,2015-02-03,240.8,228.5,-,-,[],C,113.45,113.45,250,250
company,21X000000001360B,,Terminale GNL Adriatico S.r.l.,Adriatic LNG,21X000000001360B,,,21X000000001360B/IT,2026-05-28 12:24:29,2015-02-03,2015-02-04,131.9,228.5,-,-,[],C,93.77,93.77,250,250
company,21X000000001360B,,Terminale GNL Adriatico S.r.l.,Adriatic LNG,21X000000001360B,,,21X000000001360B/IT,2026-05-28 12:24:29,2015-02-04,2015-02-05,131.9,228.5,-,-,[],C,73.87,73.87,250,250
company,21X000000001360B,,Terminale GNL Adriatico S.r.l.,Adriatic LNG,21X000000001360B,,,21X000000001360B/IT,2026-05-28 12:24:29,2015-02-05,2015-02-06,99,228.5,-,-,[],C,58.94,58.94,250,250
company,21X000000001360B,,Terminale GNL Adriatico S.r.l.,Adriatic LNG,21X000000001360B,,,21X000000001360B/IT,2026-05-28 12:24:29,2015-02-06,2015-02-07,175.8,228.5,-,-,[],C,32.25,32.25,250,250
company,21X000000001360B,,Terminale GNL Adriatico S.r.l.,Adriatic LNG,21X000000001360B,,,21X000000001360B/IT,2026-05-28 12:24:29,2015-02-07,2015-02-08,38.4,228.5,-,-,[],C,26.65,26.65,250,250
company,21X000000001360B,,Terminale GNL Adriatico S.r.l.,Adriatic LNG,21X000000001360B,,,21X000000001360B/IT,2026-05-28 12:24:29,2015-02-08,2015-02-09,38.4,228.5,-,-,[],C,20.73,20.73,250,250
company,21X000000001360B,,Terminale GNL Adriatico S.r.l.,Adriatic LNG,21X000000001360B,,,21X000000001360B/IT,2026-05-28 12:24:29,2015-02-09,2015-02-10,65.9,228.5,-,-,[],C,56.52,56.52,250,250
company,21X000000001360B,,Terminale GNL Adriatico S.r.l.,Adriatic LNG,21X000000001360B,,,21X000000001360B/IT,2026-05-28 12:24:29,2015-02-10,2015-02-11,240.8,228.5,-,-,[],C,162.93,162.93,250,250
company,21X000000001360B,,Terminale GNL Adriatico S.r.l.,Adriatic LNG,21X000000001360B,,,21X000000001360B/IT,2026-05-28 12:24:29,2015-02-11,2015-02-12,240.7,228.5,-,-,[],C,221.06,221.06,250,250
company,21X000000001360B,,Terminale GNL Adriatico S.r.l.,Adriatic LNG,21X000000001360B,,,21X000000001360B/IT,2026-05-28 12:24:29,2015-02-12,2015-02-13,240.8,228.5,-,-,[],C,184.66,184.66,250,250
company,21X000000001360B,,Terminale GNL Adriatico S.r.l.,Adriatic LNG,21X000000001360B,,,21X000000001360B/IT,2026-05-28 12:24:30,2015-02-13,2015-02-14,186.9,228.5,-,-,[],C,156.63,156.63,250,250
company,21X000000001360B,,Terminale GNL Adriatico S.r.l.,Adriatic LNG,21X000000001360B,,,21X000000001360B/IT,2026-05-28 12:24:30,2015-02-14,2015-02-15,98.8,228.5,-,-,[],C,141.43,141.43,250,250
company,21X000000001360B,,Terminale GNL Adriatico S.r.l.,Adriatic LNG,21X000000001360B,,,21X000000001360B/IT,2026-05-28 12:24:30,2015-02-15,2015-02-16,65.9,228.5,-,-,[],C,131.39,131.39,250,250
company,21X000000001360B,,Terminale GNL Adriatico S.r.l.,Adriatic LNG,21X000000001360B,,,21X000000001360B/IT,2026-05-28 12:24:30,2015-02-16,2015-02-17,212.3,228.5,-,-,[],C,99.3,99.3,250,250
company,21X000000001360B,,Terminale GNL Adriatico S.r.l.,Adriatic LNG,21X000000001360B,,,21X000000001360B/IT,2026-05-28 12:24:30,2015-02-17,2015-02-18,202.5,228.5,-,-,[],C,68.75,68.75,250,250
company,21X000000001360B,,Terminale GNL Adriatico S.r.l.,Adriatic LNG,21X000000001360B,,,21X000000001360B/IT,2026-05-28 12:24:30,2015-02-18,2015-02-19,113.4,228.5,-,-,[],C,126.75,126.75,250,250
company,21X000000001360B,,Terminale GNL Adriatico S.r.l.,Adriatic LNG,21X000000001360B,,,21X000000001360B/IT,2026-05-28 12:24:30,2015-02-19,2015-02-20,209,228.5,-,-,[],C,164.7,164.7,250,250
company,21X000000001360B,,Terminale GNL Adriatico S.r.l.,Adriatic LNG,21X000000001360B,,,21X000000001360B/IT,2026-05-28 12:24:30,2015-02-20,2015-02-21,175.9,228.5,-,-,[],C,138.12,138.12,250,250
company,21X000000001360B,,Terminale GNL Adriatico S.r.l.,Adriatic LNG,21X000000001360B,,,21X000000001360B/IT,2026-05-28 12:24:30,2015-02-21,2015-02-22,66,228.5,-,-,[],C,127.94,127.94,250,250
company,21X000000001360B,,Terminale GNL Adriatico S.r.l.,Adriatic LNG,21X000000001360B,,,21X000000001360B/IT,2026-05-28 12:24:30,2015-02-22,2015-02-23,77,228.5,-,-,[],C,116.11,116.11,250,250
company,21X000000001360B,,Terminale GNL Adriatico S.r.l.,Adriatic LNG,21X000000001360B,,,21X000000001360B/IT,2026-05-28 12:24:31,2015-02-23,2015-02-24,202.5,228.5,-,-,[],C,85.35,85.35,250,250
company,21X000000001360B,,Terminale GNL Adriatico S.r.l.,Adriatic LNG,21X000000001360B,,,21X000000001360B/IT,2026-05-28 12:24:31,2015-02-24,2015-02-25,154.2,228.5,-,-,[],C,61.84,61.84,250,250
company,21X000000001360B,,Terminale GNL Adriatico S.r.l.,Adriatic LNG,21X000000001360B,,,21X000000001360B/IT,2026-05-28 12:24:31,2015-02-25,2015-02-26,229,228.5,-,-,[],C,116.35,116.35,250,250
company,21X000000001360B,,Terminale GNL Adriatico S.r.l.,Adriatic LNG,21X000000001360B,,,21X000000001360B/IT,2026-05-28 12:24:31,2015-02-26,2015-02-27,162.8,228.5,-,-,[],C,141.33,141.33,250,250
company,21X000000001360B,,Terminale GNL Adriatico S.r.l.,Adriatic LNG,21X000000001360B,,,21X000000001360B/IT,2026-05-28 12:24:31,2015-02-27,2015-02-28,220,228.5,-,-,[],C,125.97,125.97,250,250
company,21X000000001360B,,Terminale GNL Adriatico S.r.l.,Adriatic LNG,21X000000001360B,,,21X000000001360B/IT,2026-05-28 12:24:31,2015-02-28,2015-03-01,65.8,228.5,-,-,[],C,237.32,237.32,250,250
company,21X000000001360B,,Terminale GNL Adriatico S.r.l.,Adriatic LNG,21X000000001360B,,,21X000000001360B/IT,2026-05-28 12:24:31,2015-03-01,2015-03-02,65.8,228.5,-,-,[],C,227.47,227.47,250,250
company,21X000000001360B,,Terminale GNL Adriatico S.r.l.,Adriatic LNG,21X000000001360B,,,21X000000001360B/IT,2026-05-28 12:24:31,2015-03-02,2015-03-03,236.3,228.5,-,-,[],C,191.46,191.46,250,250
company,21X000000001360B,,Terminale GNL Adriatico S.r.l.,Adriatic LNG,21X000000001360B,,,21X000000001360B/IT,2026-05-28 12:24:31,2015-03-03,2015-03-04,236.5,228.5,-,-,[],C,155.79,155.79,250,250
company,21X000000001360B,,Terminale GNL Adriatico S.r.l.,Adriatic LNG,21X000000001360B,,,21X000000001360B/IT,2026-05-28 12:24:31,2015-03-04,2015-03-05,236.6,228.5,-,-,[],C,120.17,120.17,250,250
company,21X000000001360B,,Terminale GNL Adriatico S.r.l.,Adriatic LNG,21X000000001360B,,,21X000000001360B/IT,2026-05-28 12:24:31,2015-03-05,2015-03-06,236.5,228.5,-,-,[],C,84.54,84.54,250,250
company,21X000000001360B,,Terminale GNL Adriatico S.r.l.,Adriatic LNG,21X000000001360B,,,21X000000001360B/IT,2026-05-28 12:24:32,2015-03-06,2015-03-07,220.1,228.5,-,-,[],C,51.36,51.36,250,250
company,21X000000001360B,,Terminale GNL Adriatico S.r.l.,Adriatic LNG,21X000000001360B,,,21X000000001360B/IT,2026-05-28 12:24:32,2015-03-07,2015-03-08,43.9,228.5,-,-,[],C,44.68,44.68,250,250
company,21X000000001360B,,Terminale GNL Adriatico S.r.l.,Adriatic LNG,21X000000001360B,,,21X000000001360B/IT,2026-05-28 12:24:32,2015-03-08,2015-03-09,43.8,228.5,-,-,[],C,38.24,38.24,250,250
company,21X000000001360B,,Terminale GNL Adriatico S.r.l.,Adriatic LNG,21X000000001360B,,,21X000000001360B/IT,2026-05-28 12:24:32,2015-03-09,2015-03-10,132,228.5,-,-,[],C,60.99,60.99,250,250
company,21X000000001360B,,Terminale GNL Adriatico S.r.l.,Adriatic LNG,21X000000001360B,,,21X000000001360B/IT,2026-05-28 12:24:32,2015-03-10,2015-03-11,176.1,228.5,-,-,[],C,122.77,122.77,250,250
company,21X000000001360B,,Terminale GNL Adriatico S.r.l.,Adriatic LNG,21X000000001360B,,,21X000000001360B/IT,2026-05-28 12:24:32,2015-03-11,2015-03-12,176,228.5,-,-,[],C,96.1,96.1,250,250
company,21X000000001360B,,Terminale GNL Adriatico S.r.l.,Adriatic LNG,21X000000001360B,,,21X000000001360B/IT,2026-05-28 12:24:32,2015-03-12,2015-03-13,142.9,228.5,-,-,[],C,74.53,74.53,250,250
company,21X000000001360B,,Terminale GNL Adriatico S.r.l.,Adriatic LNG,21X000000001360B,,,21X000000001360B/IT,2026-05-28 12:24:32,2015-03-13,2015-03-14,143,228.5,-,-,[],C,52.85,52.85,250,250
company,21X000000001360B,,Terminale GNL Adriatico S.r.l.,Adriatic LNG,21X000000001360B,,,21X000000001360B/IT,2026-05-28 12:24:32,2015-03-14,2015-03-15,66,228.5,-,-,[],C,104.19,104.19,250,250
company,21X000000001360B,,Terminale GNL Adriatico S.r.l.,Adriatic LNG,21X000000001360B,,,21X000000001360B/IT,2026-05-28 12:24:32,2015-03-15,2015-03-16,65.9,228.5,-,-,[],C,177.38,177.38,250,250
company,21X000000001360B,,Terminale GNL Adriatico S.r.l.,Adriatic LNG,21X000000001360B,,,21X000000001360B/IT,2026-05-28 12:24:32,2015-03-16,2015-03-17,235.3,228.5,-,-,[],C,141.7,141.7,250,250
company,21X000000001360B,,Terminale GNL Adriatico S.r.l.,Adriatic LNG,21X000000001360B,,,21X000000001360B/IT,2026-05-28 12:24:33,2015-03-17,2015-03-18,158.4,228.5,-,-,[],C,117.91,117.91,250,250
company,21X000000001360B,,Terminale GNL Adriatico S.r.l.,Adriatic LNG,21X000000001360B,,,21X000000001360B/IT,2026-05-28 12:24:33,2015-03-18,2015-03-19,127.5,228.5,-,-,[],C,98.69,98.69,250,250
company,21X000000001360B,,Terminale GNL Adriatico S.r.l.,Adriatic LNG,21X000000001360B,,,21X000000001360B/IT,2026-05-28 12:24:33,2015-03-19,2015-03-20,129.8,228.5,-,-,[],C,79.07,79.07,250,250
company,21X000000001360B,,Terminale GNL Adriatico S.r.l.,Adriatic LNG,21X000000001360B,,,21X000000001360B/IT,2026-05-28 12:24:33,2015-03-20,2015-03-21,129.7,228.5,-,-,[],C,59.26,59.26,250,250
company,21X000000001360B,,Terminale GNL Adriatico S.r.l.,Adriatic LNG,21X000000001360B,,,21X000000001360B/IT,2026-05-28 12:24:33,2015-03-21,2015-03-22,175.9,228.5,-,-,[],C,101.85,101.85,250,250
company,21X000000001360B,,Terminale GNL Adriatico S.r.l.,Adriatic LNG,21X000000001360B,,,21X000000001360B/IT,2026-05-28 12:24:33,2015-03-22,2015-03-23,175.8,228.5,-,-,[],C,138.78,138.78,250,250
company,21X000000001360B,,Terminale GNL Adriatico S.r.l.,Adriatic LNG,21X000000001360B,,,21X000000001360B/IT,2026-05-28 12:24:33,2015-03-23,2015-03-24,236.4,228.5,-,-,[],C,102.95,102.95,250,250
company,21X000000001360B,,Terminale GNL Adriatico S.r.l.,Adriatic LNG,21X000000001360B,,,21X000000001360B/IT,2026-05-28 12:24:33,2015-03-24,2015-03-25,225.4,228.5,-,-,[],C,69.05,69.05,250,250
company,21X000000001360B,,Terminale GNL Adriatico S.r.l.,Adriatic LNG,21X000000001360B,,,21X000000001360B/IT,2026-05-28 12:24:33,2015-03-25,2015-03-26,230.9,228.5,-,-,[],C,34.09,34.09,250,250
company,21X000000001360B,,Terminale GNL Adriatico S.r.l.,Adriatic LNG,21X000000001360B,,,21X000000001360B/IT,2026-05-28 12:24:33,2015-03-26,2015-03-27,175.9,228.5,-,-,[],C,66.24,66.24,250,250
company,21X000000001360B,,Terminale GNL Adriatico S.r.l.,Adriatic LNG,21X000000001360B,,,21X000000001360B/IT,2026-05-28 12:24:33,2015-03-27,2015-03-28,230.8,228.5,-,-,[],C,111.66,111.66,250,250
company,21X000000001360B,,Terminale GNL Adriatico S.r.l.,Adriatic LNG,21X000000001360B,,,21X000000001360B/IT,2026-05-28 12:24:33,2015-03-28,2015-03-29,176,228.5,-,-,[],C,201.71,201.71,250,250
company,21X000000001360B,,Terminale GNL Adriatico S.r.l.,Adriatic LNG,21X000000001360B,,,21X000000001360B/IT,2026-05-28 12:24:34,2015-03-29,2015-03-30,176,228.5,-,-,[],C,202.9,202.9,250,250
company,21X000000001360B,,Terminale GNL Adriatico S.r.l.,Adriatic LNG,21X000000001360B,,,21X000000001360B/IT,2026-05-28 12:24:34,2015-03-30,2015-03-31,230.9,228.5,-,-,[],C,167.84,167.84,250,250
company,21X000000001360B,,Terminale GNL Adriatico S.r.l.,Adriatic LNG,21X000000001360B,,,21X000000001360B/IT,2026-05-28 12:24:34,2015-03-31,2015-04-01,231,228.5,-,-,[],C,132.92,132.92,250,250
company,21X000000001360B,,Terminale GNL Adriatico S.r.l.,Adriatic LNG,21X000000001360B,,,21X000000001360B/IT,2026-05-28 12:24:34,2015-04-01,2015-04-02,220,228.5,-,-,[],C,177.43,177.43,250,250
company,21X000000001360B,,Terminale GNL Adriatico S.r.l.,Adriatic LNG,21X000000001360B,,,21X000000001360B/IT,2026-05-28 12:24:34,2015-04-02,2015-04-03,220.1,228.5,-,-,[],C,210.93,210.93,250,250
company,21X000000001360B,,Terminale GNL Adriatico S.r.l.,Adriatic LNG,21X000000001360B,,,21X000000001360B/IT,2026-05-28 12:24:34,2015-04-03,2015-04-04,203.5,228.5,-,-,[],C,180.31,180.31,250,250
company,21X000000001360B,,Terminale GNL Adriatico S.r.l.,Adriatic LNG,21X000000001360B,,,21X000000001360B/IT,2026-05-28 12:24:34,2015-04-04,2015-04-05,143,228.5,-,-,[],C,158.75,158.75,250,250
company,21X000000001360B,,Terminale GNL Adriatico S.r.l.,Adriatic LNG,21X000000001360B,,,21X000000001360B/IT,2026-05-28 12:24:34,2015-04-05,2015-04-06,131.9,228.5,-,-,[],C,138.73,138.73,250,250
company,21X000000001360B,,Terminale GNL Adriatico S.r.l.,Adriatic LNG,21X000000001360B,,,21X000000001360B/IT,2026-05-28 12:24:34,2015-04-06,2015-04-07,137.5,228.5,-,-,[],C,117.86,117.86,250,250
company,21X000000001360B,,Terminale GNL Adriatico S.r.l.,Adriatic LNG,21X000000001360B,,,21X000000001360B/IT,2026-05-28 12:24:34,2015-04-07,2015-04-08,143.2,228.5,-,-,[],C,95.89,95.89,250,250
company,21X000000001360B,,Terminale GNL Adriatico S.r.l.,Adriatic LNG,21X000000001360B,,,21X000000001360B/IT,2026-05-28 12:24:34,2015-04-08,2015-04-09,203.7,228.5,-,-,[],C,65.04,65.04,250,250
company,21X000000001360B,,Terminale GNL Adriatico S.r.l.,Adriatic LNG,21X000000001360B,,,21X000000001360B/IT,2026-05-28 12:24:34,2015-04-09,2015-04-10,203.8,228.5,-,-,[],C,34.28,34.28,250,250
company,21X000000001360B,,Terminale GNL Adriatico S.r.l.,Adriatic LNG,21X000000001360B,,,21X000000001360B/IT,2026-05-28 12:24:35,2015-04-10,2015-04-11,203.7,228.5,-,-,[],C,19.73,19.73,250,250
company,21X000000001360B,,Terminale GNL Adriatico S.r.l.,Adriatic LNG,21X000000001360B,,,21X000000001360B/IT,2026-05-28 12:24:35,2015-04-11,2015-04-12,176.1,228.5,-,-,[],C,121.77,121.77,250,250
company,21X000000001360B,,Terminale GNL Adriatico S.r.l.,Adriatic LNG,21X000000001360B,,,21X000000001360B/IT,2026-05-28 12:24:35,2015-04-12,2015-04-13,176,228.5,-,-,[],C,94.96,94.96,250,250
company,21X000000001360B,,Terminale GNL Adriatico S.r.l.,Adriatic LNG,21X000000001360B,,,21X000000001360B/IT,2026-05-28 12:24:35,2015-04-13,2015-04-14,203.4,228.5,-,-,[],C,145.17,145.17,250,250
company,21X000000001360B,,Terminale GNL Adriatico S.r.l.,Adriatic LNG,21X000000001360B,,,21X000000001360B/IT,2026-05-28 12:24:35,2015-04-14,2015-04-15,203.4,228.5,-,-,[],C,172.05,172.05,250,250
company,21X000000001360B,,Terminale GNL Adriatico S.r.l.,Adriatic LNG,21X000000001360B,,,21X000000001360B/IT,2026-05-28 12:24:35,2015-04-15,2015-04-16,203.5,228.5,-,-,[],C,141.19,141.19,250,250
company,21X000000001360B,,Terminale GNL Adriatico S.r.l.,Adriatic LNG,21X000000001360B,,,21X000000001360B/IT,2026-05-28 12:24:35,2015-04-16,2015-04-17,203.5,228.5,-,-,[],C,110.45,110.45,250,250
company,21X000000001360B,,Terminale GNL Adriatico S.r.l.,Adriatic LNG,21X000000001360B,,,21X000000001360B/IT,2026-05-28 12:24:35,2015-04-17,2015-04-18,203.4,228.5,-,-,[],C,79.62,79.62,250,250
company,21X000000001360B,,Terminale GNL Adriatico S.r.l.,Adriatic LNG,21X000000001360B,,,21X000000001360B/IT,2026-05-28 12:24:35,2015-04-18,2015-04-19,186.9,228.5,-,-,[],C,51.1,51.1,250,250
company,21X000000001360B,,Terminale GNL Adriatico S.r.l.,Adriatic LNG,21X000000001360B,,,21X000000001360B/IT,2026-05-28 12:24:35,2015-04-19,2015-04-20,181.5,228.5,-,-,[],C,114.08,114.08,250,250
company,21X000000001360B,,Terminale GNL Adriatico S.r.l.,Adriatic LNG,21X000000001360B,,,21X000000001360B/IT,2026-05-28 12:24:35,2015-04-20,2015-04-21,143,228.5,-,-,[],C,141.93,141.93,250,250
company,21X000000001360B,,Terminale GNL Adriatico S.r.l.,Adriatic LNG,21X000000001360B,,,21X000000001360B/IT,2026-05-28 12:24:35,2015-04-21,2015-04-22,143.1,228.5,-,-,[],C,120.28,120.28,250,250
company,21X000000001360B,,Terminale GNL Adriatico S.r.l.,Adriatic LNG,21X000000001360B,,,21X000000001360B/IT,2026-05-28 12:24:36,2015-04-22,2015-04-23,142.9,228.5,-,-,[],C,98.6,98.6,250,250
company,21X000000001360B,,Terminale GNL Adriatico S.r.l.,Adriatic LNG,21X000000001360B,,,21X000000001360B/IT,2026-05-28 12:24:36,2015-04-23,2015-04-24,142.9,228.5,-,-,[],C,76.9,76.9,250,250
company,21X000000001360B,,Terminale GNL Adriatico S.r.l.,Adriatic LNG,21X000000001360B,,,21X000000001360B/IT,2026-05-28 12:24:36,2015-04-24,2015-04-25,143,228.5,-,-,[],C,55.17,55.17,250,250
company,21X000000001360B,,Terminale GNL Adriatico S.r.l.,Adriatic LNG,21X000000001360B,,,21X000000001360B/IT,2026-05-28 12:24:36,2015-04-25,2015-04-26,175.9,228.5,-,-,[],C,142.42,142.42,250,250
company,21X000000001360B,,Terminale GNL Adriatico S.r.l.,Adriatic LNG,21X000000001360B,,,21X000000001360B/IT,2026-05-28 12:24:36,2015-04-26,2015-04-27,175.7,228.5,-,-,[],C,146.53,146.53,250,250
company,21X000000001360B,,Terminale GNL Adriatico S.r.l.,Adriatic LNG,21X000000001360B,,,21X000000001360B/IT,2026-05-28 12:24:36,2015-04-27,2015-04-28,203.3,228.5,-,-,[],C,115.68,115.68,250,250
company,21X000000001360B,,Terminale GNL Adriatico S.r.l.,Adriatic LNG,21X000000001360B,,,21X000000001360B/IT,2026-05-28 12:24:36,2015-04-28,2015-04-29,203.3,228.5,-,-,[],C,84.94,84.94,250,250
company,21X000000001360B,,Terminale GNL Adriatico S.r.l.,Adriatic LNG,21X000000001360B,,,21X000000001360B/IT,2026-05-28 12:24:36,2015-04-29,2015-04-30,236.3,228.5,-,-,[],C,161.81,161.81,250,250
company,21X000000001360B,,Terminale GNL Adriatico S.r.l.,Adriatic LNG,21X000000001360B,,,21X000000001360B/IT,2026-05-28 12:24:36,2015-04-30,2015-05-01,219.8,228.5,-,-,[],C,148.72,148.72,250,250
company,21X000000001360B,,Terminale GNL Adriatico S.r.l.,Adriatic LNG,21X000000001360B,,,21X000000001360B/IT,2026-05-28 12:24:36,2015-05-01,2015-05-02,192.2,228.5,-,-,[],C,119.44,119.44,250,250
company,21X000000001360B,,Terminale GNL Adriatico S.r.l.,Adriatic LNG,21X000000001360B,,,21X000000001360B/IT,2026-05-28 12:24:37,2015-05-02,2015-05-03,192.2,228.5,-,-,[],C,90.36,90.36,250,250
company,21X000000001360B,,Terminale GNL Adriatico S.r.l.,Adriatic LNG,21X000000001360B,,,21X000000001360B/IT,2026-05-28 12:24:37,2015-05-03,2015-05-04,148.5,228.5,-,-,[],C,67.93,67.93,250,250
company,21X000000001360B,,Terminale GNL Adriatico S.r.l.,Adriatic LNG,21X000000001360B,,,21X000000001360B/IT,2026-05-28 12:24:37,2015-05-04,2015-05-05,203.5,228.5,-,-,[],C,110.89,110.89,250,250
company,21X000000001360B,,Terminale GNL Adriatico S.r.l.,Adriatic LNG,21X000000001360B,,,21X000000001360B/IT,2026-05-28 12:24:37,2015-05-05,2015-05-06,203.3,228.5,-,-,[],C,151.1,151.1,250,250
company,21X000000001360B,,Terminale GNL Adriatico S.r.l.,Adriatic LNG,21X000000001360B,,,21X000000001360B/IT,2026-05-28 12:24:37,2015-05-06,2015-05-07,203.3,228.5,-,-,[],C,120.34,120.34,250,250
company,21X000000001360B,,Terminale GNL Adriatico S.r.l.,Adriatic LNG,21X000000001360B,,,21X000000001360B/IT,2026-05-28 12:24:37,2015-05-07,2015-05-08,203.3,228.5,-,-,[],C,181.77,181.77,250,250
company,21X000000001360B,,Terminale GNL Adriatico S.r.l.,Adriatic LNG,21X000000001360B,,,21X000000001360B/IT,2026-05-28 12:24:37,2015-05-08,2015-05-09,236.3,228.5,-,-,[],C,191.68,191.68,250,250
company,21X000000001360B,,Terminale GNL Adriatico S.r.l.,Adriatic LNG,21X000000001360B,,,21X000000001360B/IT,2026-05-28 12:24:37,2015-05-09,2015-05-10,186.9,228.5,-,-,[],C,163.54,163.54,250,250
company,21X000000001360B,,Terminale GNL Adriatico S.r.l.,Adriatic LNG,21X000000001360B,,,21X000000001360B/IT,2026-05-28 12:24:37,2015-05-10,2015-05-11,153.8,228.5,-,-,[],C,140.42,140.42,250,250
company,21X000000001360B,,Terminale GNL Adriatico S.r.l.,Adriatic LNG,21X000000001360B,,,21X000000001360B/IT,2026-05-28 12:24:37,2015-05-11,2015-05-12,202.2,228.5,-,-,[],C,172.49,172.49,250,250
company,21X000000001360B,,Terminale GNL Adriatico S.r.l.,Adriatic LNG,21X000000001360B,,,21X000000001360B/IT,2026-05-28 12:24:37,2015-05-12,2015-05-13,230.8,228.5,-,-,[],C,213.19,213.19,250,250
company,21X000000001360B,,Terminale GNL Adriatico S.r.l.,Adriatic LNG,21X000000001360B,,,21X000000001360B/IT,2026-05-28 12:24:37,2015-05-13,2015-05-14,225.5,228.5,-,-,[],C,179.07,179.07,250,250
company,21X000000001360B,,Terminale GNL Adriatico S.r.l.,Adriatic LNG,21X000000001360B,,,21X000000001360B/IT,2026-05-28 12:24:38,2015-05-14,2015-05-15,173.6,228.5,-,-,[],C,152.89,152.89,250,250
company,21X000000001360B,,Terminale GNL Adriatico S.r.l.,Adriatic LNG,21X000000001360B,,,21X000000001360B/IT,2026-05-28 12:24:38,2015-05-15,2015-05-16,173.6,228.5,-,-,[],C,126.55,126.55,250,250
company,21X000000001360B,,Terminale GNL Adriatico S.r.l.,Adriatic LNG,21X000000001360B,,,21X000000001360B/IT,2026-05-28 12:24:38,2015-05-16,2015-05-17,109.9,228.5,-,-,[],C,109.98,109.98,250,250
company,21X000000001360B,,Terminale GNL Adriatico S.r.l.,Adriatic LNG,21X000000001360B,,,21X000000001360B/IT,2026-05-28 12:24:38,2015-05-17,2015-05-18,98.8,228.5,-,-,[],C,94.92,94.92,250,250
company,21X000000001360B,,Terminale GNL Adriatico S.r.l.,Adriatic LNG,21X000000001360B,,,21X000000001360B/IT,2026-05-28 12:24:38,2015-05-18,2015-05-19,142.9,228.5,-,-,[],C,73.18,73.18,250,250
company,21X000000001360B,,Terminale GNL Adriatico S.r.l.,Adriatic LNG,21X000000001360B,,,21X000000001360B/IT,2026-05-28 12:24:38,2015-05-19,2015-05-20,143,228.5,-,-,[],C,51.41,51.41,250,250
company,21X000000001360B,,Terminale GNL Adriatico S.r.l.,Adriatic LNG,21X000000001360B,,,21X000000001360B/IT,2026-05-28 12:24:38,2015-05-20,2015-05-21,142.9,228.5,-,-,[],C,174.52,174.52,250,250
company,21X000000001360B,,Terminale GNL Adriatico S.r.l.,Adriatic LNG,21X000000001360B,,,21X000000001360B/IT,2026-05-28 12:24:38,2015-05-21,2015-05-22,142.9,228.5,-,-,[],C,152.83,152.83,250,250
company,21X000000001360B,,Terminale GNL Adriatico S.r.l.,Adriatic LNG,21X000000001360B,,,21X000000001360B/IT,2026-05-28 12:24:38,2015-05-22,2015-05-23,142.9,228.5,-,-,[],C,131.35,131.35,250,250
company,21X000000001360B,,Terminale GNL Adriatico S.r.l.,Adriatic LNG,21X000000001360B,,,21X000000001360B/IT,2026-05-28 12:24:38,2015-05-23,2015-05-24,104.5,228.5,-,-,[],C,115.6,115.6,250,250
company,21X000000001360B,,Terminale GNL Adriatico S.r.l.,Adriatic LNG,21X000000001360B,,,21X000000001360B/IT,2026-05-28 12:24:38,2015-05-24,2015-05-25,98.9,228.5,-,-,[],C,100.49,100.49,250,250
company,21X000000001360B,,Terminale GNL Adriatico S.r.l.,Adriatic LNG,21X000000001360B,,,21X000000001360B/IT,2026-05-28 12:24:39,2015-05-25,2015-05-26,176,228.5,-,-,[],C,73.67,73.67,250,250
company,21X000000001360B,,Terminale GNL Adriatico S.r.l.,Adriatic LNG,21X000000001360B,,,21X000000001360B/IT,2026-05-28 12:24:39,2015-05-26,2015-05-27,181.6,228.5,-,-,[],C,46.07,46.07,250,250
company,21X000000001360B,,Terminale GNL Adriatico S.r.l.,Adriatic LNG,21X000000001360B,,,21X000000001360B/IT,2026-05-28 12:24:39,2015-05-27,2015-05-28,187,228.5,-,-,[],C,17.74,17.74,250,250
company,21X000000001360B,,Terminale GNL Adriatico S.r.l.,Adriatic LNG,21X000000001360B,,,21X000000001360B/IT,2026-05-28 12:24:39,2015-05-28,2015-05-29,187,228.5,-,-,[],C,134.24,134.24,250,250
company,21X000000001360B,,Terminale GNL Adriatico S.r.l.,Adriatic LNG,21X000000001360B,,,21X000000001360B/IT,2026-05-28 12:24:39,2015-05-29,2015-05-30,186.9,228.5,-,-,[],C,106,106,250,250
company,21X000000001360B,,Terminale GNL Adriatico S.r.l.,Adriatic LNG,21X000000001360B,,,21X000000001360B/IT,2026-05-28 12:24:39,2015-05-30,2015-05-31,176.2,228.5,-,-,[],C,79.18,79.18,250,250
company,21X000000001360B,,Terminale GNL Adriatico S.r.l.,Adriatic LNG,21X000000001360B,,,21X000000001360B/IT,2026-05-28 12:24:39,2015-05-31,2015-06-01,165.4,228.5,-,-,[],C,198.86,198.86,250,250
company,21X000000001360B,,Terminale GNL Adriatico S.r.l.,Adriatic LNG,21X000000001360B,,,21X000000001360B/IT,2026-05-28 12:24:39,2015-06-01,2015-06-02,189.7,228.5,-,-,[],C,170.36,170.36,250,250
company,21X000000001360B,,Terminale GNL Adriatico S.r.l.,Adriatic LNG,21X000000001360B,,,21X000000001360B/IT,2026-05-28 12:24:39,2015-06-02,2015-06-03,178.8,228.5,-,-,[],C,143.39,143.39,250,250
company,21X000000001360B,,Terminale GNL Adriatico S.r.l.,Adriatic LNG,21X000000001360B,,,21X000000001360B/IT,2026-05-28 12:24:39,2015-06-03,2015-06-04,203.6,228.5,-,-,[],C,187.12,187.12,250,250
company,21X000000001360B,,Terminale GNL Adriatico S.r.l.,Adriatic LNG,21X000000001360B,,,21X000000001360B/IT,2026-05-28 12:24:39,2015-06-04,2015-06-05,187.1,228.5,-,-,[],C,215.77,215.77,250,250
company,21X000000001360B,,Terminale GNL Adriatico S.r.l.,Adriatic LNG,21X000000001360B,,,21X000000001360B/IT,2026-05-28 12:24:40,2015-06-05,2015-06-06,187.1,228.5,-,-,[],C,187.31,187.31,250,250
company,21X000000001360B,,Terminale GNL Adriatico S.r.l.,Adriatic LNG,21X000000001360B,,,21X000000001360B/IT,2026-05-28 12:24:40,2015-06-06,2015-06-07,176,228.5,-,-,[],C,160.74,160.74,250,250
company,21X000000001360B,,Terminale GNL Adriatico S.r.l.,Adriatic LNG,21X000000001360B,,,21X000000001360B/IT,2026-05-28 12:24:40,2015-06-07,2015-06-08,176.1,228.5,-,-,[],C,134.15,134.15,250,250
company,21X000000001360B,,Terminale GNL Adriatico S.r.l.,Adriatic LNG,21X000000001360B,,,21X000000001360B/IT,2026-05-28 12:24:40,2015-06-08,2015-06-09,176.2,228.5,-,-,[],C,107.53,107.53,250,250
company,21X000000001360B,,Terminale GNL Adriatico S.r.l.,Adriatic LNG,21X000000001360B,,,21X000000001360B/IT,2026-05-28 12:24:40,2015-06-09,2015-06-10,176.2,228.5,-,-,[],C,80.87,80.87,250,250
company,21X000000001360B,,Terminale GNL Adriatico S.r.l.,Adriatic LNG,21X000000001360B,,,21X000000001360B/IT,2026-05-28 12:24:40,2015-06-10,2015-06-11,176.2,228.5,-,-,[],C,54.2,54.2,250,250
company,21X000000001360B,,Terminale GNL Adriatico S.r.l.,Adriatic LNG,21X000000001360B,,,21X000000001360B/IT,2026-05-28 12:24:40,2015-06-11,2015-06-12,143.2,228.5,-,-,[],C,88.88,88.88,250,250
company,21X000000001360B,,Terminale GNL Adriatico S.r.l.,Adriatic LNG,21X000000001360B,,,21X000000001360B/IT,2026-05-28 12:24:40,2015-06-12,2015-06-13,143,228.5,-,-,[],C,149.76,149.76,250,250
company,21X000000001360B,,Terminale GNL Adriatico S.r.l.,Adriatic LNG,21X000000001360B,,,21X000000001360B/IT,2026-05-28 12:24:40,2015-06-13,2015-06-14,143.1,228.5,-,-,[],C,128.11,128.11,250,250
company,21X000000001360B,,Terminale GNL Adriatico S.r.l.,Adriatic LNG,21X000000001360B,,,21X000000001360B/IT,2026-05-28 12:24:40,2015-06-14,2015-06-15,143.3,228.5,-,-,[],C,106.48,106.48,250,250
company,21X000000001360B,,Terminale GNL Adriatico S.r.l.,Adriatic LNG,21X000000001360B,,,21X000000001360B/IT,2026-05-28 12:24:40,2015-06-15,2015-06-16,143.2,228.5,-,-,[],C,84.9,84.9,250,250
company,21X000000001360B,,Terminale GNL Adriatico S.r.l.,Adriatic LNG,21X000000001360B,,,21X000000001360B/IT,2026-05-28 12:24:40,2015-06-16,2015-06-17,143.2,228.5,-,-,[],C,207.93,207.93,250,250
company,21X000000001360B,,Terminale GNL Adriatico S.r.l.,Adriatic LNG,21X000000001360B,,,21X000000001360B/IT,2026-05-28 12:24:41,2015-06-17,2015-06-18,143.4,228.5,-,-,[],C,186.59,186.59,250,250
company,21X000000001360B,,Terminale GNL Adriatico S.r.l.,Adriatic LNG,21X000000001360B,,,21X000000001360B/IT,2026-05-28 12:24:41,2015-06-18,2015-06-19,143.1,228.5,-,-,[],C,164.85,164.85,250,250
company,21X000000001360B,,Terminale GNL Adriatico S.r.l.,Adriatic LNG,21X000000001360B,,,21X000000001360B/IT,2026-05-28 12:24:41,2015-06-19,2015-06-20,143.1,228.5,-,-,[],C,143.17,143.17,250,250
company,21X000000001360B,,Terminale GNL Adriatico S.r.l.,Adriatic LNG,21X000000001360B,,,21X000000001360B/IT,2026-05-28 12:24:41,2015-06-20,2015-06-21,99.1,228.5,-,-,[],C,128.19,128.19,250,250
company,21X000000001360B,,Terminale GNL Adriatico S.r.l.,Adriatic LNG,21X000000001360B,,,21X000000001360B/IT,2026-05-28 12:24:41,2015-06-21,2015-06-22,99.1,228.5,-,-,[],C,113.2,113.2,250,250
company,21X000000001360B,,Terminale GNL Adriatico S.r.l.,Adriatic LNG,21X000000001360B,,,21X000000001360B/IT,2026-05-28 12:24:41,2015-06-22,2015-06-23,187.4,228.5,-,-,[],C,84.68,84.68,250,250
company,21X000000001360B,,Terminale GNL Adriatico S.r.l.,Adriatic LNG,21X000000001360B,,,21X000000001360B/IT,2026-05-28 12:24:41,2015-06-23,2015-06-24,176.4,228.5,-,-,[],C,57.95,57.95,250,250
company,21X000000001360B,,Terminale GNL Adriatico S.r.l.,Adriatic LNG,21X000000001360B,,,21X000000001360B/IT,2026-05-28 12:24:41,2015-06-24,2015-06-25,176.4,228.5,-,-,[],C,31.35,31.35,250,250
company,21X000000001360B,,Terminale GNL Adriatico S.r.l.,Adriatic LNG,21X000000001360B,,,21X000000001360B/IT,2026-05-28 12:24:41,2015-06-25,2015-06-26,209.3,228.5,-,-,[],C,144.48,144.48,250,250
company,21X000000001360B,,Terminale GNL Adriatico S.r.l.,Adriatic LNG,21X000000001360B,,,21X000000001360B/IT,2026-05-28 12:24:41,2015-06-26,2015-06-27,225.5,228.5,-,-,[],C,110.32,110.32,250,250
company,21X000000001360B,,Terminale GNL Adriatico S.r.l.,Adriatic LNG,21X000000001360B,,,21X000000001360B/IT,2026-05-28 12:24:41,2015-06-27,2015-06-28,99,228.5,-,-,[],C,95.63,95.63,250,250
company,21X000000001360B,,Terminale GNL Adriatico S.r.l.,Adriatic LNG,21X000000001360B,,,21X000000001360B/IT,2026-05-28 12:24:42,2015-06-28,2015-06-29,115.5,228.5,-,-,[],C,77.93,77.93,250,250
company,21X000000001360B,,Terminale GNL Adriatico S.r.l.,Adriatic LNG,21X000000001360B,,,21X000000001360B/IT,2026-05-28 12:24:42,2015-06-29,2015-06-30,231.2,228.5,-,-,[],C,150.02,150.02,250,250
company,21X000000001360B,,Terminale GNL Adriatico S.r.l.,Adriatic LNG,21X000000001360B,,,21X000000001360B/IT,2026-05-28 12:24:42,2015-06-30,2015-07-01,231.3,228.5,-,-,[],C,139.32,139.32,250,250
company,21X000000001360B,,Terminale GNL Adriatico S.r.l.,Adriatic LNG,21X000000001360B,,,21X000000001360B/IT,2026-05-28 12:24:42,2015-07-01,2015-07-02,137.7,228.5,-,-,[],C,118.77,118.77,250,250
company,21X000000001360B,,Terminale GNL Adriatico S.r.l.,Adriatic LNG,21X000000001360B,,,21X000000001360B/IT,2026-05-28 12:24:42,2015-07-02,2015-07-03,109.9,228.5,-,-,[],C,102.12,102.12,250,250
company,21X000000001360B,,Terminale GNL Adriatico S.r.l.,Adriatic LNG,21X000000001360B,,,21X000000001360B/IT,2026-05-28 12:24:42,2015-07-03,2015-07-04,143,228.5,-,-,[],C,80.36,80.36,250,250
company,21X000000001360B,,Terminale GNL Adriatico S.r.l.,Adriatic LNG,21X000000001360B,,,21X000000001360B/IT,2026-05-28 12:24:42,2015-07-04,2015-07-05,93.5,228.5,-,-,[],C,66.27,66.27,250,250
company,21X000000001360B,,Terminale GNL Adriatico S.r.l.,Adriatic LNG,21X000000001360B,,,21X000000001360B/IT,2026-05-28 12:24:42,2015-07-05,2015-07-06,93.5,228.5,-,-,[],C,51.87,51.87,250,250
company,21X000000001360B,,Terminale GNL Adriatico S.r.l.,Adriatic LNG,21X000000001360B,,,21X000000001360B/IT,2026-05-28 12:24:42,2015-07-06,2015-07-07,198.3,228.5,-,-,[],C,160.78,160.78,250,250
company,21X000000001360B,,Terminale GNL Adriatico S.r.l.,Adriatic LNG,21X000000001360B,,,21X000000001360B/IT,2026-05-28 12:24:42,2015-07-07,2015-07-08,192.7,228.5,-,-,[],C,131.72,131.72,250,250
company,21X000000001360B,,Terminale GNL Adriatico S.r.l.,Adriatic LNG,21X000000001360B,,,21X000000001360B/IT,2026-05-28 12:24:42,2015-07-08,2015-07-09,198.3,228.5,-,-,[],C,101.69,101.69,250,250
company,21X000000001360B,,Terminale GNL Adriatico S.r.l.,Adriatic LNG,21X000000001360B,,,21X000000001360B/IT,2026-05-28 12:24:43,2015-07-09,2015-07-10,198.1,228.5,-,-,[],C,110.39,110.39,250,250
company,21X000000001360B,,Terminale GNL Adriatico S.r.l.,Adriatic LNG,21X000000001360B,,,21X000000001360B/IT,2026-05-28 12:24:43,2015-07-10,2015-07-11,187.1,228.5,-,-,[],C,181.26,181.26,250,250
company,21X000000001360B,,Terminale GNL Adriatico S.r.l.,Adriatic LNG,21X000000001360B,,,21X000000001360B/IT,2026-05-28 12:24:43,2015-07-11,2015-07-12,107.7,228.5,-,-,[],C,165.27,165.27,250,250
company,21X000000001360B,,Terminale GNL Adriatico S.r.l.,Adriatic LNG,21X000000001360B,,,21X000000001360B/IT,2026-05-28 12:24:43,2015-07-12,2015-07-13,99,228.5,-,-,[],C,150.18,150.18,250,250
company,21X000000001360B,,Terminale GNL Adriatico S.r.l.,Adriatic LNG,21X000000001360B,,,21X000000001360B/IT,2026-05-28 12:24:43,2015-07-13,2015-07-14,145.2,228.5,-,-,[],C,128.11,128.11,250,250
company,21X000000001360B,,Terminale GNL Adriatico S.r.l.,Adriatic LNG,21X000000001360B,,,21X000000001360B/IT,2026-05-28 12:24:43,2015-07-14,2015-07-15,209.2,228.5,-,-,[],C,96.29,96.29,250,250
company,21X000000001360B,,Terminale GNL Adriatico S.r.l.,Adriatic LNG,21X000000001360B,,,21X000000001360B/IT,2026-05-28 12:24:43,2015-07-15,2015-07-16,209.2,228.5,-,-,[],C,64.71,64.71,250,250
company,21X000000001360B,,Terminale GNL Adriatico S.r.l.,Adriatic LNG,21X000000001360B,,,21X000000001360B/IT,2026-05-28 12:24:43,2015-07-16,2015-07-17,187.2,228.5,-,-,[],C,36.45,36.45,250,250
company,21X000000001360B,,Terminale GNL Adriatico S.r.l.,Adriatic LNG,21X000000001360B,,,21X000000001360B/IT,2026-05-28 12:24:43,2015-07-17,2015-07-18,176.2,228.5,-,-,[],C,102.45,102.45,250,250
company,21X000000001360B,,Terminale GNL Adriatico S.r.l.,Adriatic LNG,21X000000001360B,,,21X000000001360B/IT,2026-05-28 12:24:43,2015-07-18,2015-07-19,65.9,228.5,-,-,[],C,138.37,138.37,250,250
company,21X000000001360B,,Terminale GNL Adriatico S.r.l.,Adriatic LNG,21X000000001360B,,,21X000000001360B/IT,2026-05-28 12:24:43,2015-07-19,2015-07-20,65.8,228.5,-,-,[],C,128.4,128.4,250,250
company,21X000000001360B,,Terminale GNL Adriatico S.r.l.,Adriatic LNG,21X000000001360B,,,21X000000001360B/IT,2026-05-28 12:24:43,2015-07-20,2015-07-21,236.3,228.5,-,-,[],C,92.66,92.66,250,250
company,21X000000001360B,,Terminale GNL Adriatico S.r.l.,Adriatic LNG,21X000000001360B,,,21X000000001360B/IT,2026-05-28 12:24:44,2015-07-21,2015-07-22,236.5,228.5,-,-,[],C,113.45,113.45,250,250
company,21X000000001360B,,Terminale GNL Adriatico S.r.l.,Adriatic LNG,21X000000001360B,,,21X000000001360B/IT,2026-05-28 12:24:44,2015-07-22,2015-07-23,209.3,228.5,-,-,[],C,170.19,170.19,250,250
company,21X000000001360B,,Terminale GNL Adriatico S.r.l.,Adriatic LNG,21X000000001360B,,,21X000000001360B/IT,2026-05-28 12:24:44,2015-07-23,2015-07-24,176.3,228.5,-,-,[],C,143.42,143.42,250,250
company,21X000000001360B,,Terminale GNL Adriatico S.r.l.,Adriatic LNG,21X000000001360B,,,21X000000001360B/IT,2026-05-28 12:24:44,2015-07-24,2015-07-25,176.4,228.5,-,-,[],C,116.8,116.8,250,250
company,21X000000001360B,,Terminale GNL Adriatico S.r.l.,Adriatic LNG,21X000000001360B,,,21X000000001360B/IT,2026-05-28 12:24:44,2015-07-25,2015-07-26,66.1,228.5,-,-,[],C,106.99,106.99,250,250
company,21X000000001360B,,Terminale GNL Adriatico S.r.l.,Adriatic LNG,21X000000001360B,,,21X000000001360B/IT,2026-05-28 12:24:44,2015-07-26,2015-07-27,66,228.5,-,-,[],C,96.87,96.87,250,250
company,21X000000001360B,,Terminale GNL Adriatico S.r.l.,Adriatic LNG,21X000000001360B,,,21X000000001360B/IT,2026-05-28 12:24:44,2015-07-27,2015-07-28,154.3,228.5,-,-,[],C,73.38,73.38,250,250
company,21X000000001360B,,Terminale GNL Adriatico S.r.l.,Adriatic LNG,21X000000001360B,,,21X000000001360B/IT,2026-05-28 12:24:44,2015-07-28,2015-07-29,187.7,228.5,-,-,[],C,44.97,44.97,250,250
company,21X000000001360B,,Terminale GNL Adriatico S.r.l.,Adriatic LNG,21X000000001360B,,,21X000000001360B/IT,2026-05-28 12:24:44,2015-07-29,2015-07-30,99.3,228.5,-,-,[],C,30.07,30.07,250,250
company,21X000000001360B,,Terminale GNL Adriatico S.r.l.,Adriatic LNG,21X000000001360B,,,21X000000001360B/IT,2026-05-28 12:24:44,2015-07-30,2015-07-31,66.1,228.5,-,-,[],C,20.09,20.09,250,250
company,21X000000001360B,,Terminale GNL Adriatico S.r.l.,Adriatic LNG,21X000000001360B,,,21X000000001360B/IT,2026-05-28 12:24:44,2015-07-31,2015-08-01,88.3,228.5,-,-,[],C,77.13,77.13,250,250
company,21X000000001360B,,Terminale GNL Adriatico S.r.l.,Adriatic LNG,21X000000001360B,,,21X000000001360B/IT,2026-05-28 12:24:45,2015-08-01,2015-08-02,176.3,228.5,-,-,[],C,124.74,124.74,250,250
company,21X000000001360B,,Terminale GNL Adriatico S.r.l.,Adriatic LNG,21X000000001360B,,,21X000000001360B/IT,2026-05-28 12:24:45,2015-08-02,2015-08-03,143.2,228.5,-,-,[],C,241.79,241.79,250,250
company,21X000000001360B,,Terminale GNL Adriatico S.r.l.,Adriatic LNG,21X000000001360B,,,21X000000001360B/IT,2026-05-28 12:24:45,2015-08-03,2015-08-04,231.1,228.5,-,-,[],C,206.92,206.92,250,250
company,21X000000001360B,,Terminale GNL Adriatico S.r.l.,Adriatic LNG,21X000000001360B,,,21X000000001360B/IT,2026-05-28 12:24:45,2015-08-04,2015-08-05,236.7,228.5,-,-,[],C,171.2,171.2,250,250
company,21X000000001360B,,Terminale GNL Adriatico S.r.l.,Adriatic LNG,21X000000001360B,,,21X000000001360B/IT,2026-05-28 12:24:45,2015-08-05,2015-08-06,236.7,228.5,-,-,[],C,135.59,135.59,250,250
company,21X000000001360B,,Terminale GNL Adriatico S.r.l.,Adriatic LNG,21X000000001360B,,,21X000000001360B/IT,2026-05-28 12:24:45,2015-08-06,2015-08-07,236.7,228.5,-,-,[],C,99.98,99.98,250,250
company,21X000000001360B,,Terminale GNL Adriatico S.r.l.,Adriatic LNG,21X000000001360B,,,21X000000001360B/IT,2026-05-28 12:24:45,2015-08-07,2015-08-08,236.7,228.5,-,-,[],C,64.19,64.19,250,250
company,21X000000001360B,,Terminale GNL Adriatico S.r.l.,Adriatic LNG,21X000000001360B,,,21X000000001360B/IT,2026-05-28 12:24:45,2015-08-08,2015-08-09,137.5,228.5,-,-,[],C,43.58,43.58,250,250
company,21X000000001360B,,Terminale GNL Adriatico S.r.l.,Adriatic LNG,21X000000001360B,,,21X000000001360B/IT,2026-05-28 12:24:45,2015-08-09,2015-08-10,93.5,228.5,-,-,[],C,92.81,92.81,250,250
company,21X000000001360B,,Terminale GNL Adriatico S.r.l.,Adriatic LNG,21X000000001360B,,,21X000000001360B/IT,2026-05-28 12:24:45,2015-08-10,2015-08-11,176,228.5,-,-,[],C,141.21,141.21,250,250
company,21X000000001360B,,Terminale GNL Adriatico S.r.l.,Adriatic LNG,21X000000001360B,,,21X000000001360B/IT,2026-05-28 12:24:45,2015-08-11,2015-08-12,165.2,228.5,-,-,[],C,116.36,116.36,250,250
company,21X000000001360B,,Terminale GNL Adriatico S.r.l.,Adriatic LNG,21X000000001360B,,,21X000000001360B/IT,2026-05-28 12:24:45,2015-08-12,2015-08-13,132.2,228.5,-,-,[],C,96.77,96.77,250,250
company,21X000000001360B,,Terminale GNL Adriatico S.r.l.,Adriatic LNG,21X000000001360B,,,21X000000001360B/IT,2026-05-28 12:24:46,2015-08-13,2015-08-14,154.1,228.5,-,-,[],C,162.72,162.72,250,250
company,21X000000001360B,,Terminale GNL Adriatico S.r.l.,Adriatic LNG,21X000000001360B,,,21X000000001360B/IT,2026-05-28 12:24:46,2015-08-14,2015-08-15,187,228.5,-,-,[],C,189.28,189.28,250,250
company,21X000000001360B,,Terminale GNL Adriatico S.r.l.,Adriatic LNG,21X000000001360B,,,21X000000001360B/IT,2026-05-28 12:24:46,2015-08-15,2015-08-16,198.2,228.5,-,-,[],C,159.23,159.23,250,250
company,21X000000001360B,,Terminale GNL Adriatico S.r.l.,Adriatic LNG,21X000000001360B,,,21X000000001360B/IT,2026-05-28 12:24:46,2015-08-16,2015-08-17,193.9,228.5,-,-,[],C,129.97,129.97,250,250
company,21X000000001360B,,Terminale GNL Adriatico S.r.l.,Adriatic LNG,21X000000001360B,,,21X000000001360B/IT,2026-05-28 12:24:46,2015-08-17,2015-08-18,209.1,228.5,-,-,[],C,149.48,149.48,250,250
company,21X000000001360B,,Terminale GNL Adriatico S.r.l.,Adriatic LNG,21X000000001360B,,,21X000000001360B/IT,2026-05-28 12:24:46,2015-08-18,2015-08-19,203.8,228.5,-,-,[],C,212.24,212.24,250,250
company,21X000000001360B,,Terminale GNL Adriatico S.r.l.,Adriatic LNG,21X000000001360B,,,21X000000001360B/IT,2026-05-28 12:24:46,2015-08-19,2015-08-20,187.2,228.5,-,-,[],C,184,184,250,250
company,21X000000001360B,,Terminale GNL Adriatico S.r.l.,Adriatic LNG,21X000000001360B,,,21X000000001360B/IT,2026-05-28 12:24:46,2015-08-20,2015-08-21,236.8,228.5,-,-,[],C,147.98,147.98,250,250
company,21X000000001360B,,Terminale GNL Adriatico S.r.l.,Adriatic LNG,21X000000001360B,,,21X000000001360B/IT,2026-05-28 12:24:46,2015-08-21,2015-08-22,236.8,228.5,-,-,[],C,155.1,155.1,250,250
company,21X000000001360B,,Terminale GNL Adriatico S.r.l.,Adriatic LNG,21X000000001360B,,,21X000000001360B/IT,2026-05-28 12:24:46,2015-08-22,2015-08-23,110.1,228.5,-,-,[],C,234.85,234.85,250,250
company,21X000000001360B,,Terminale GNL Adriatico S.r.l.,Adriatic LNG,21X000000001360B,,,21X000000001360B/IT,2026-05-28 12:24:46,2015-08-23,2015-08-24,110,228.5,-,-,[],C,218.1,218.1,250,250
company,21X000000001360B,,Terminale GNL Adriatico S.r.l.,Adriatic LNG,21X000000001360B,,,21X000000001360B/IT,2026-05-28 12:24:46,2015-08-24,2015-08-25,209.3,228.5,-,-,[],C,185.73,185.73,250,250
company,21X000000001360B,,Terminale GNL Adriatico S.r.l.,Adriatic LNG,21X000000001360B,,,21X000000001360B/IT,2026-05-28 12:24:47,2015-08-25,2015-08-26,181.7,228.5,-,-,[],C,158.63,158.63,250,250
company,21X000000001360B,,Terminale GNL Adriatico S.r.l.,Adriatic LNG,21X000000001360B,,,21X000000001360B/IT,2026-05-28 12:24:47,2015-08-26,2015-08-27,181.7,228.5,-,-,[],C,131.07,131.07,250,250
company,21X000000001360B,,Terminale GNL Adriatico S.r.l.,Adriatic LNG,21X000000001360B,,,21X000000001360B/IT,2026-05-28 12:24:47,2015-08-27,2015-08-28,181.8,228.5,-,-,[],C,103.81,103.81,250,250
company,21X000000001360B,,Terminale GNL Adriatico S.r.l.,Adriatic LNG,21X000000001360B,,,21X000000001360B/IT,2026-05-28 12:24:47,2015-08-28,2015-08-29,181.9,228.5,-,-,[],C,76.35,76.35,250,250
company,21X000000001360B,,Terminale GNL Adriatico S.r.l.,Adriatic LNG,21X000000001360B,,,21X000000001360B/IT,2026-05-28 12:24:47,2015-08-29,2015-08-30,49.5,228.5,-,-,[],C,68.86,68.86,250,250
company,21X000000001360B,,Terminale GNL Adriatico S.r.l.,Adriatic LNG,21X000000001360B,,,21X000000001360B/IT,2026-05-28 12:24:47,2015-08-30,2015-08-31,38.5,228.5,-,-,[],C,62.79,62.79,250,250
company,21X000000001360B,,Terminale GNL Adriatico S.r.l.,Adriatic LNG,21X000000001360B,,,21X000000001360B/IT,2026-05-28 12:24:47,2015-08-31,2015-09-01,143.2,228.5,-,-,[],C,41.08,41.08,250,250
company,21X000000001360B,,Terminale GNL Adriatico S.r.l.,Adriatic LNG,21X000000001360B,,,21X000000001360B/IT,2026-05-28 12:24:47,2015-09-01,2015-09-02,115.7,228.5,-,-,[],C,23.61,23.61,250,250
company,21X000000001360B,,Terminale GNL Adriatico S.r.l.,Adriatic LNG,21X000000001360B,,,21X000000001360B/IT,2026-05-28 12:24:47,2015-09-02,2015-09-03,115.8,228.5,-,-,[],C,71.66,71.66,250,250
company,21X000000001360B,,Terminale GNL Adriatico S.r.l.,Adriatic LNG,21X000000001360B,,,21X000000001360B/IT,2026-05-28 12:24:47,2015-09-03,2015-09-04,143.3,228.5,-,-,[],C,128.62,128.62,250,250
company,21X000000001360B,,Terminale GNL Adriatico S.r.l.,Adriatic LNG,21X000000001360B,,,21X000000001360B/IT,2026-05-28 12:24:47,2015-09-04,2015-09-05,143.2,228.5,-,-,[],C,107,107,250,250
company,21X000000001360B,,Terminale GNL Adriatico S.r.l.,Adriatic LNG,21X000000001360B,,,21X000000001360B/IT,2026-05-28 12:24:47,2015-09-05,2015-09-06,66,228.5,-,-,[],C,96.7,96.7,250,250
company,21X000000001360B,,Terminale GNL Adriatico S.r.l.,Adriatic LNG,21X000000001360B,,,21X000000001360B/IT,2026-05-28 12:24:48,2015-09-06,2015-09-07,66,228.5,-,-,[],C,86.82,86.82,250,250
company,21X000000001360B,,Terminale GNL Adriatico S.r.l.,Adriatic LNG,21X000000001360B,,,21X000000001360B/IT,2026-05-28 12:24:48,2015-09-07,2015-09-08,143.2,228.5,-,-,[],C,65.26,65.26,250,250
company,21X000000001360B,,Terminale GNL Adriatico S.r.l.,Adriatic LNG,21X000000001360B,,,21X000000001360B/IT,2026-05-28 12:24:48,2015-09-08,2015-09-09,143.2,228.5,-,-,[],C,43.61,43.61,250,250
company,21X000000001360B,,Terminale GNL Adriatico S.r.l.,Adriatic LNG,21X000000001360B,,,21X000000001360B/IT,2026-05-28 12:24:48,2015-09-09,2015-09-10,77.1,228.5,-,-,[],C,31.94,31.94,250,250
company,21X000000001360B,,Terminale GNL Adriatico S.r.l.,Adriatic LNG,21X000000001360B,,,21X000000001360B/IT,2026-05-28 12:24:48,2015-09-10,2015-09-11,143.4,228.5,-,-,[],C,86.64,86.64,250,250
company,21X000000001360B,,Terminale GNL Adriatico S.r.l.,Adriatic LNG,21X000000001360B,,,21X000000001360B/IT,2026-05-28 12:24:48,2015-09-11,2015-09-12,143.4,228.5,-,-,[],C,133.34,133.34,250,250
company,21X000000001360B,,Terminale GNL Adriatico S.r.l.,Adriatic LNG,21X000000001360B,,,21X000000001360B/IT,2026-05-28 12:24:48,2015-09-12,2015-09-13,115.7,228.5,-,-,[],C,115.84,115.84,250,250
company,21X000000001360B,,Terminale GNL Adriatico S.r.l.,Adriatic LNG,21X000000001360B,,,21X000000001360B/IT,2026-05-28 12:24:48,2015-09-13,2015-09-14,99.2,228.5,-,-,[],C,100.72,100.72,250,250
company,21X000000001360B,,Terminale GNL Adriatico S.r.l.,Adriatic LNG,21X000000001360B,,,21X000000001360B/IT,2026-05-28 12:24:48,2015-09-14,2015-09-15,176.5,228.5,-,-,[],C,73.99,73.99,250,250
company,21X000000001360B,,Terminale GNL Adriatico S.r.l.,Adriatic LNG,21X000000001360B,,,21X000000001360B/IT,2026-05-28 12:24:48,2015-09-15,2015-09-16,176.5,228.5,-,-,[],C,163.33,163.33,250,250
company,21X000000001360B,,Terminale GNL Adriatico S.r.l.,Adriatic LNG,21X000000001360B,,,21X000000001360B/IT,2026-05-28 12:24:48,2015-09-16,2015-09-17,220.1,228.5,-,-,[],C,158.57,158.57,250,250
company,21X000000001360B,,Terminale GNL Adriatico S.r.l.,Adriatic LNG,21X000000001360B,,,21X000000001360B/IT,2026-05-28 12:24:49,2015-09-17,2015-09-18,220.3,228.5,-,-,[],C,125.34,125.34,250,250
company,21X000000001360B,,Terminale GNL Adriatico S.r.l.,Adriatic LNG,21X000000001360B,,,21X000000001360B/IT,2026-05-28 12:24:49,2015-09-18,2015-09-19,187.3,228.5,-,-,[],C,97.18,97.18,250,250
company,21X000000001360B,,Terminale GNL Adriatico S.r.l.,Adriatic LNG,21X000000001360B,,,21X000000001360B/IT,2026-05-28 12:24:49,2015-09-19,2015-09-20,77,228.5,-,-,[],C,85.68,85.68,250,250
company,21X000000001360B,,Terminale GNL Adriatico S.r.l.,Adriatic LNG,21X000000001360B,,,21X000000001360B/IT,2026-05-28 12:24:49,2015-09-20,2015-09-21,66,228.5,-,-,[],C,75.53,75.53,250,250
company,21X000000001360B,,Terminale GNL Adriatico S.r.l.,Adriatic LNG,21X000000001360B,,,21X000000001360B/IT,2026-05-28 12:24:49,2015-09-21,2015-09-22,209.5,228.5,-,-,[],C,103.68,103.68,250,250
company,21X000000001360B,,Terminale GNL Adriatico S.r.l.,Adriatic LNG,21X000000001360B,,,21X000000001360B/IT,2026-05-28 12:24:49,2015-09-22,2015-09-23,176.1,228.5,-,-,[],C,155.95,155.95,250,250
company,21X000000001360B,,Terminale GNL Adriatico S.r.l.,Adriatic LNG,21X000000001360B,,,21X000000001360B/IT,2026-05-28 12:24:49,2015-09-23,2015-09-24,176,228.5,-,-,[],C,129.27,129.27,250,250
company,21X000000001360B,,Terminale GNL Adriatico S.r.l.,Adriatic LNG,21X000000001360B,,,21X000000001360B/IT,2026-05-28 12:24:49,2015-09-24,2015-09-25,209.1,228.5,-,-,[],C,97.61,97.61,250,250
company,21X000000001360B,,Terminale GNL Adriatico S.r.l.,Adriatic LNG,21X000000001360B,,,21X000000001360B/IT,2026-05-28 12:24:49,2015-09-25,2015-09-26,209.2,228.5,-,-,[],C,129.9,129.9,250,250
company,21X000000001360B,,Terminale GNL Adriatico S.r.l.,Adriatic LNG,21X000000001360B,,,21X000000001360B/IT,2026-05-28 12:24:49,2015-09-26,2015-09-27,140.7,228.5,-,-,[],C,183.68,183.68,250,250
company,21X000000001360B,,Terminale GNL Adriatico S.r.l.,Adriatic LNG,21X000000001360B,,,21X000000001360B/IT,2026-05-28 12:24:49,2015-09-27,2015-09-28,102.3,228.5,-,-,[],C,168.21,168.21,250,250
company,21X000000001360B,,Terminale GNL Adriatico S.r.l.,Adriatic LNG,21X000000001360B,,,21X000000001360B/IT,2026-05-28 12:24:50,2015-09-28,2015-09-29,169.4,228.5,-,-,[],C,142.48,142.48,250,250
company,21X000000001360B,,Terminale GNL Adriatico S.r.l.,Adriatic LNG,21X000000001360B,,,21X000000001360B/IT,2026-05-28 12:24:50,2015-09-29,2015-09-30,125.3,228.5,-,-,[],C,123.69,123.69,250,250
company,21X000000001360B,,Terminale GNL Adriatico S.r.l.,Adriatic LNG,21X000000001360B,,,21X000000001360B/IT,2026-05-28 12:24:50,2015-09-30,2015-10-01,157.5,228.5,-,-,[],C,99.59,99.59,250,250
company,21X000000001360B,,Terminale GNL Adriatico S.r.l.,Adriatic LNG,21X000000001360B,,,21X000000001360B/IT,2026-05-28 12:24:50,2015-10-01,2015-10-02,187,228.5,-,-,[],C,71.55,71.55,250,250
company,21X000000001360B,,Terminale GNL Adriatico S.r.l.,Adriatic LNG,21X000000001360B,,,21X000000001360B/IT,2026-05-28 12:24:50,2015-10-02,2015-10-03,160.6,228.5,-,-,[],C,47.18,47.18,250,250
company,21X000000001360B,,Terminale GNL Adriatico S.r.l.,Adriatic LNG,21X000000001360B,,,21X000000001360B/IT,2026-05-28 12:24:50,2015-10-03,2015-10-04,176.1,228.5,-,-,[],C,83.39,83.39,250,250
company,21X000000001360B,,Terminale GNL Adriatico S.r.l.,Adriatic LNG,21X000000001360B,,,21X000000001360B/IT,2026-05-28 12:24:50,2015-10-04,2015-10-05,123.3,228.5,-,-,[],C,146.54,146.54,250,250
company,21X000000001360B,,Terminale GNL Adriatico S.r.l.,Adriatic LNG,21X000000001360B,,,21X000000001360B/IT,2026-05-28 12:24:50,2015-10-05,2015-10-06,215.6,228.5,-,-,[],C,113.84,113.84,250,250
company,21X000000001360B,,Terminale GNL Adriatico S.r.l.,Adriatic LNG,21X000000001360B,,,21X000000001360B/IT,2026-05-28 12:24:50,2015-10-06,2015-10-07,203.7,228.5,-,-,[],C,83.25,83.25,250,250
company,21X000000001360B,,Terminale GNL Adriatico S.r.l.,Adriatic LNG,21X000000001360B,,,21X000000001360B/IT,2026-05-28 12:24:50,2015-10-07,2015-10-08,227.9,228.5,-,-,[],C,48.78,48.78,250,250
company,21X000000001360B,,Terminale GNL Adriatico S.r.l.,Adriatic LNG,21X000000001360B,,,21X000000001360B/IT,2026-05-28 12:24:51,2015-10-08,2015-10-09,201.4,228.5,-,-,[],C,137.54,137.54,250,250
company,21X000000001360B,,Terminale GNL Adriatico S.r.l.,Adriatic LNG,21X000000001360B,,,21X000000001360B/IT,2026-05-28 12:24:51,2015-10-09,2015-10-10,227.6,228.5,-,-,[],C,124.33,124.33,250,250
company,21X000000001360B,,Terminale GNL Adriatico S.r.l.,Adriatic LNG,21X000000001360B,,,21X000000001360B/IT,2026-05-28 12:24:51,2015-10-10,2015-10-11,176,228.5,-,-,[],C,98.08,98.08,250,250
company,21X000000001360B,,Terminale GNL Adriatico S.r.l.,Adriatic LNG,21X000000001360B,,,21X000000001360B/IT,2026-05-28 12:24:51,2015-10-11,2015-10-12,175.9,228.5,-,-,[],C,135.26,135.26,250,250
company,21X000000001360B,,Terminale GNL Adriatico S.r.l.,Adriatic LNG,21X000000001360B,,,21X000000001360B/IT,2026-05-28 12:24:51,2015-10-12,2015-10-13,231,228.5,-,-,[],C,180.64,180.64,250,250
company,21X000000001360B,,Terminale GNL Adriatico S.r.l.,Adriatic LNG,21X000000001360B,,,21X000000001360B/IT,2026-05-28 12:24:51,2015-10-13,2015-10-14,200.1,228.5,-,-,[],C,150.28,150.28,250,250
company,21X000000001360B,,Terminale GNL Adriatico S.r.l.,Adriatic LNG,21X000000001360B,,,21X000000001360B/IT,2026-05-28 12:24:51,2015-10-14,2015-10-15,222.3,228.5,-,-,[],C,116.66,116.66,250,250
company,21X000000001360B,,Terminale GNL Adriatico S.r.l.,Adriatic LNG,21X000000001360B,,,21X000000001360B/IT,2026-05-28 12:24:51,2015-10-15,2015-10-16,231,228.5,-,-,[],C,157.23,157.23,250,250
company,21X000000001360B,,Terminale GNL Adriatico S.r.l.,Adriatic LNG,21X000000001360B,,,21X000000001360B/IT,2026-05-28 12:24:51,2015-10-16,2015-10-17,231,228.5,-,-,[],C,186.02,186.02,250,250
company,21X000000001360B,,Terminale GNL Adriatico S.r.l.,Adriatic LNG,21X000000001360B,,,21X000000001360B/IT,2026-05-28 12:24:51,2015-10-17,2015-10-18,176,228.5,-,-,[],C,159.69,159.69,250,250
company,21X000000001360B,,Terminale GNL Adriatico S.r.l.,Adriatic LNG,21X000000001360B,,,21X000000001360B/IT,2026-05-28 12:24:51,2015-10-18,2015-10-19,176.1,228.5,-,-,[],C,133.11,133.11,250,250
company,21X000000001360B,,Terminale GNL Adriatico S.r.l.,Adriatic LNG,21X000000001360B,,,21X000000001360B/IT,2026-05-28 12:24:52,2015-10-19,2015-10-20,165.1,228.5,-,-,[],C,170.3,170.3,250,250
company,21X000000001360B,,Terminale GNL Adriatico S.r.l.,Adriatic LNG,21X000000001360B,,,21X000000001360B/IT,2026-05-28 12:24:52,2015-10-20,2015-10-21,143,228.5,-,-,[],C,226.29,226.29,250,250
company,21X000000001360B,,Terminale GNL Adriatico S.r.l.,Adriatic LNG,21X000000001360B,,,21X000000001360B/IT,2026-05-28 12:24:52,2015-10-21,2015-10-22,142.9,228.5,-,-,[],C,204.63,204.63,250,250
company,21X000000001360B,,Terminale GNL Adriatico S.r.l.,Adriatic LNG,21X000000001360B,,,21X000000001360B/IT,2026-05-28 12:24:52,2015-10-22,2015-10-23,122.8,228.5,-,-,[],C,186.19,186.19,250,250
company,21X000000001360B,,Terminale GNL Adriatico S.r.l.,Adriatic LNG,21X000000001360B,,,21X000000001360B/IT,2026-05-28 12:24:52,2015-10-23,2015-10-24,181.6,228.5,-,-,[],C,158.51,158.51,250,250
company,21X000000001360B,,Terminale GNL Adriatico S.r.l.,Adriatic LNG,21X000000001360B,,,21X000000001360B/IT,2026-05-28 12:24:52,2015-10-24,2015-10-25,66,228.5,-,-,[],C,148.4,148.4,250,250
company,21X000000001360B,,Terminale GNL Adriatico S.r.l.,Adriatic LNG,21X000000001360B,,,21X000000001360B/IT,2026-05-28 12:24:52,2015-10-25,2015-10-26,65.9,228.5,-,-,[],C,138.78,138.78,250,250
company,21X000000001360B,,Terminale GNL Adriatico S.r.l.,Adriatic LNG,21X000000001360B,,,21X000000001360B/IT,2026-05-28 12:24:52,2015-10-26,2015-10-27,170.5,228.5,-,-,[],C,112.7,112.7,250,250
company,21X000000001360B,,Terminale GNL Adriatico S.r.l.,Adriatic LNG,21X000000001360B,,,21X000000001360B/IT,2026-05-28 12:24:52,2015-10-27,2015-10-28,225.9,228.5,-,-,[],C,105.34,105.34,250,250
company,21X000000001360B,,Terminale GNL Adriatico S.r.l.,Adriatic LNG,21X000000001360B,,,21X000000001360B/IT,2026-05-28 12:24:53,2015-10-28,2015-10-29,231.2,228.5,-,-,[],C,182.19,182.19,250,250
company,21X000000001360B,,Terminale GNL Adriatico S.r.l.,Adriatic LNG,21X000000001360B,,,21X000000001360B/IT,2026-05-28 12:24:53,2015-10-29,2015-10-30,165.1,228.5,-,-,[],C,157.37,157.37,250,250
company,21X000000001360B,,Terminale GNL Adriatico S.r.l.,Adriatic LNG,21X000000001360B,,,21X000000001360B/IT,2026-05-28 12:24:53,2015-10-30,2015-10-31,225.7,228.5,-,-,[],C,123.18,123.18,250,250
company,21X000000001360B,,Terminale GNL Adriatico S.r.l.,Adriatic LNG,21X000000001360B,,,21X000000001360B/IT,2026-05-28 12:24:53,2015-10-31,2015-11-01,132.1,228.5,-,-,[],C,103.53,103.53,250,250
company,21X000000001360B,,Terminale GNL Adriatico S.r.l.,Adriatic LNG,21X000000001360B,,,21X000000001360B/IT,2026-05-28 12:24:53,2015-11-01,2015-11-02,66.1,228.5,-,-,[],C,93.59,93.59,250,250
company,21X000000001360B,,Terminale GNL Adriatico S.r.l.,Adriatic LNG,21X000000001360B,,,21X000000001360B/IT,2026-05-28 12:24:53,2015-11-02,2015-11-03,99,228.5,-,-,[],C,78.52,78.52,250,250
company,21X000000001360B,,Terminale GNL Adriatico S.r.l.,Adriatic LNG,21X000000001360B,,,21X000000001360B/IT,2026-05-28 12:24:53,2015-11-03,2015-11-04,104.7,228.5,-,-,[],C,62.57,62.57,250,250
company,21X000000001360B,,Terminale GNL Adriatico S.r.l.,Adriatic LNG,21X000000001360B,,,21X000000001360B/IT,2026-05-28 12:24:53,2015-11-04,2015-11-05,104.7,228.5,-,-,[],C,108.7,108.7,250,250
company,21X000000001360B,,Terminale GNL Adriatico S.r.l.,Adriatic LNG,21X000000001360B,,,21X000000001360B/IT,2026-05-28 12:24:53,2015-11-05,2015-11-06,109.9,228.5,-,-,[],C,174.52,174.52,250,250
company,21X000000001360B,,Terminale GNL Adriatico S.r.l.,Adriatic LNG,21X000000001360B,,,21X000000001360B/IT,2026-05-28 12:24:53,2015-11-06,2015-11-07,104.5,228.5,-,-,[],C,158.85,158.85,250,250
company,21X000000001360B,,Terminale GNL Adriatico S.r.l.,Adriatic LNG,21X000000001360B,,,21X000000001360B/IT,2026-05-28 12:24:53,2015-11-07,2015-11-08,65.9,228.5,-,-,[],C,148.87,148.87,250,250
company,21X000000001360B,,Terminale GNL Adriatico S.r.l.,Adriatic LNG,21X000000001360B,,,21X000000001360B/IT,2026-05-28 12:24:54,2015-11-08,2015-11-09,65.9,228.5,-,-,[],C,138.75,138.75,250,250
company,21X000000001360B,,Terminale GNL Adriatico S.r.l.,Adriatic LNG,21X000000001360B,,,21X000000001360B/IT,2026-05-28 12:24:54,2015-11-09,2015-11-10,176,228.5,-,-,[],C,111.95,111.95,250,250
company,21X000000001360B,,Terminale GNL Adriatico S.r.l.,Adriatic LNG,21X000000001360B,,,21X000000001360B/IT,2026-05-28 12:24:54,2015-11-10,2015-11-11,176.3,228.5,-,-,[],C,85.3,85.3,250,250
company,21X000000001360B,,Terminale GNL Adriatico S.r.l.,Adriatic LNG,21X000000001360B,,,21X000000001360B/IT,2026-05-28 12:24:54,2015-11-11,2015-11-12,176.3,228.5,-,-,[],C,58.7,58.7,250,250
company,21X000000001360B,,Terminale GNL Adriatico S.r.l.,Adriatic LNG,21X000000001360B,,,21X000000001360B/IT,2026-05-28 12:24:54,2015-11-12,2015-11-13,143.2,228.5,-,-,[],C,37.06,37.06,250,250
company,21X000000001360B,,Terminale GNL Adriatico S.r.l.,Adriatic LNG,21X000000001360B,,,21X000000001360B/IT,2026-05-28 12:24:54,2015-11-13,2015-11-14,143.2,228.5,-,-,[],C,83.77,83.77,250,250
company,21X000000001360B,,Terminale GNL Adriatico S.r.l.,Adriatic LNG,21X000000001360B,,,21X000000001360B/IT,2026-05-28 12:24:54,2015-11-14,2015-11-15,98.9,228.5,-,-,[],C,145.29,145.29,250,250
company,21X000000001360B,,Terminale GNL Adriatico S.r.l.,Adriatic LNG,21X000000001360B,,,21X000000001360B/IT,2026-05-28 12:24:54,2015-11-15,2015-11-16,98.9,228.5,-,-,[],C,130.25,130.25,250,250
company,21X000000001360B,,Terminale GNL Adriatico S.r.l.,Adriatic LNG,21X000000001360B,,,21X000000001360B/IT,2026-05-28 12:24:54,2015-11-16,2015-11-17,176.1,228.5,-,-,[],C,164.87,164.87,250,250
company,21X000000001360B,,Terminale GNL Adriatico S.r.l.,Adriatic LNG,21X000000001360B,,,21X000000001360B/IT,2026-05-28 12:24:54,2015-11-17,2015-11-18,175.7,228.5,-,-,[],C,221.74,221.74,250,250
company,21X000000001360B,,Terminale GNL Adriatico S.r.l.,Adriatic LNG,21X000000001360B,,,21X000000001360B/IT,2026-05-28 12:24:54,2015-11-18,2015-11-19,142.8,228.5,-,-,[],C,200.01,200.01,250,250
company,21X000000001360B,,Terminale GNL Adriatico S.r.l.,Adriatic LNG,21X000000001360B,,,21X000000001360B/IT,2026-05-28 12:24:55,2015-11-19,2015-11-20,142.8,228.5,-,-,[],C,178.53,178.53,250,250
company,21X000000001360B,,Terminale GNL Adriatico S.r.l.,Adriatic LNG,21X000000001360B,,,21X000000001360B/IT,2026-05-28 12:24:55,2015-11-20,2015-11-21,142.9,228.5,-,-,[],C,156.77,156.77,250,250
company,21X000000001360B,,Terminale GNL Adriatico S.r.l.,Adriatic LNG,21X000000001360B,,,21X000000001360B/IT,2026-05-28 12:24:55,2015-11-21,2015-11-22,98.9,228.5,-,-,[],C,141.88,141.88,250,250
company,21X000000001360B,,Terminale GNL Adriatico S.r.l.,Adriatic LNG,21X000000001360B,,,21X000000001360B/IT,2026-05-28 12:24:55,2015-11-22,2015-11-23,65.8,228.5,-,-,[],C,131.97,131.97,250,250
company,21X000000001360B,,Terminale GNL Adriatico S.r.l.,Adriatic LNG,21X000000001360B,,,21X000000001360B/IT,2026-05-28 12:24:55,2015-11-23,2015-11-24,143.1,228.5,-,-,[],C,110.1,110.1,250,250
company,21X000000001360B,,Terminale GNL Adriatico S.r.l.,Adriatic LNG,21X000000001360B,,,21X000000001360B/IT,2026-05-28 12:24:55,2015-11-24,2015-11-25,222.3,228.5,-,-,[],C,146.25,146.25,250,250
company,21X000000001360B,,Terminale GNL Adriatico S.r.l.,Adriatic LNG,21X000000001360B,,,21X000000001360B/IT,2026-05-28 12:24:55,2015-11-25,2015-11-26,187.1,228.5,-,-,[],C,186.83,186.83,250,250
company,21X000000001360B,,Terminale GNL Adriatico S.r.l.,Adriatic LNG,21X000000001360B,,,21X000000001360B/IT,2026-05-28 12:24:55,2015-11-26,2015-11-27,227,228.5,-,-,[],C,152.21,152.21,250,250
company,21X000000001360B,,Terminale GNL Adriatico S.r.l.,Adriatic LNG,21X000000001360B,,,21X000000001360B/IT,2026-05-28 12:24:55,2015-11-27,2015-11-28,234.6,228.5,-,-,[],C,116.74,116.74,250,250
company,21X000000001360B,,Terminale GNL Adriatico S.r.l.,Adriatic LNG,21X000000001360B,,,21X000000001360B/IT,2026-05-28 12:24:55,2015-11-28,2015-11-29,168.2,228.5,-,-,[],C,91.51,91.51,250,250
company,21X000000001360B,,Terminale GNL Adriatico S.r.l.,Adriatic LNG,21X000000001360B,,,21X000000001360B/IT,2026-05-28 12:24:55,2015-11-29,2015-11-30,131.9,228.5,-,-,[],C,84,84,250,250
company,21X000000001360B,,Terminale GNL Adriatico S.r.l.,Adriatic LNG,21X000000001360B,,,21X000000001360B/IT,2026-05-28 12:24:55,2015-11-30,2015-12-01,236.7,228.5,-,-,[],C,180.36,180.36,250,250
company,21X000000001360B,,Terminale GNL Adriatico S.r.l.,Adriatic LNG,21X000000001360B,,,21X000000001360B/IT,2026-05-28 12:24:56,2015-12-01,2015-12-02,231,228.5,-,-,[],C,145.49,145.49,250,250
company,21X000000001360B,,Terminale GNL Adriatico S.r.l.,Adriatic LNG,21X000000001360B,,,21X000000001360B/IT,2026-05-28 12:24:56,2015-12-02,2015-12-03,143,228.5,-,-,[],C,124.01,124.01,250,250
company,21X000000001360B,,Terminale GNL Adriatico S.r.l.,Adriatic LNG,21X000000001360B,,,21X000000001360B/IT,2026-05-28 12:24:56,2015-12-03,2015-12-04,143,228.5,-,-,[],C,102.26,102.26,250,250
company,21X000000001360B,,Terminale GNL Adriatico S.r.l.,Adriatic LNG,21X000000001360B,,,21X000000001360B/IT,2026-05-28 12:24:56,2015-12-04,2015-12-05,236.5,228.5,-,-,[],C,66.3,66.3,250,250
company,21X000000001360B,,Terminale GNL Adriatico S.r.l.,Adriatic LNG,21X000000001360B,,,21X000000001360B/IT,2026-05-28 12:24:56,2015-12-05,2015-12-06,120.9,228.5,-,-,[],C,48.26,48.26,250,250
company,21X000000001360B,,Terminale GNL Adriatico S.r.l.,Adriatic LNG,21X000000001360B,,,21X000000001360B/IT,2026-05-28 12:24:56,2015-12-06,2015-12-07,98.9,228.5,-,-,[],C,96.67,96.67,250,250
company,21X000000001360B,,Terminale GNL Adriatico S.r.l.,Adriatic LNG,21X000000001360B,,,21X000000001360B/IT,2026-05-28 12:24:56,2015-12-07,2015-12-08,164.8,228.5,-,-,[],C,147.77,147.77,250,250
company,21X000000001360B,,Terminale GNL Adriatico S.r.l.,Adriatic LNG,21X000000001360B,,,21X000000001360B/IT,2026-05-28 12:24:56,2015-12-08,2015-12-09,142.9,228.5,-,-,[],C,126.27,126.27,250,250
company,21X000000001360B,,Terminale GNL Adriatico S.r.l.,Adriatic LNG,21X000000001360B,,,21X000000001360B/IT,2026-05-28 12:24:56,2015-12-09,2015-12-10,236.6,228.5,-,-,[],C,90.14,90.14,250,250
company,21X000000001360B,,Terminale GNL Adriatico S.r.l.,Adriatic LNG,21X000000001360B,,,21X000000001360B/IT,2026-05-28 12:24:56,2015-12-10,2015-12-11,176.1,228.5,-,-,[],C,109.74,109.74,250,250
company,21X000000001360B,,Terminale GNL Adriatico S.r.l.,Adriatic LNG,21X000000001360B,,,21X000000001360B/IT,2026-05-28 12:24:56,2015-12-11,2015-12-12,175.9,228.5,-,-,[],C,181.36,181.36,250,250
company,21X000000001360B,,Terminale GNL Adriatico S.r.l.,Adriatic LNG,21X000000001360B,,,21X000000001360B/IT,2026-05-28 12:24:56,2015-12-12,2015-12-13,65.9,228.5,-,-,[],C,171.47,171.47,250,250
company,21X000000001360B,,Terminale GNL Adriatico S.r.l.,Adriatic LNG,21X000000001360B,,,21X000000001360B/IT,2026-05-28 12:24:57,2015-12-13,2015-12-14,65.9,228.5,-,-,[],C,161.37,161.37,250,250
company,21X000000001360B,,Terminale GNL Adriatico S.r.l.,Adriatic LNG,21X000000001360B,,,21X000000001360B/IT,2026-05-28 12:24:57,2015-12-14,2015-12-15,236.6,228.5,-,-,[],C,125.53,125.53,250,250
company,21X000000001360B,,Terminale GNL Adriatico S.r.l.,Adriatic LNG,21X000000001360B,,,21X000000001360B/IT,2026-05-28 12:24:57,2015-12-15,2015-12-16,159.1,228.5,-,-,[],C,101.58,101.58,250,250
company,21X000000001360B,,Terminale GNL Adriatico S.r.l.,Adriatic LNG,21X000000001360B,,,21X000000001360B/IT,2026-05-28 12:24:57,2015-12-16,2015-12-17,236.8,228.5,-,-,[],C,65.71,65.71,250,250
company,21X000000001360B,,Terminale GNL Adriatico S.r.l.,Adriatic LNG,21X000000001360B,,,21X000000001360B/IT,2026-05-28 12:24:57,2015-12-17,2015-12-18,220.3,228.5,-,-,[],C,32.6,32.6,250,250
company,21X000000001360B,,Terminale GNL Adriatico S.r.l.,Adriatic LNG,21X000000001360B,,,21X000000001360B/IT,2026-05-28 12:24:57,2015-12-18,2015-12-19,176.2,228.5,-,-,[],C,60.28,60.28,250,250
company,21X000000001360B,,Terminale GNL Adriatico S.r.l.,Adriatic LNG,21X000000001360B,,,21X000000001360B/IT,2026-05-28 12:24:57,2015-12-19,2015-12-20,197.9,228.5,-,-,[],C,120.5,120.5,250,250
company,21X000000001360B,,Terminale GNL Adriatico S.r.l.,Adriatic LNG,21X000000001360B,,,21X000000001360B/IT,2026-05-28 12:24:57,2015-12-20,2015-12-21,148.3,228.5,-,-,[],C,98.11,98.11,250,250
company,21X000000001360B,,Terminale GNL Adriatico S.r.l.,Adriatic LNG,21X000000001360B,,,21X000000001360B/IT,2026-05-28 12:24:57,2015-12-21,2015-12-22,236.6,228.5,-,-,[],C,62.18,62.18,250,250
company,21X000000001360B,,Terminale GNL Adriatico S.r.l.,Adriatic LNG,21X000000001360B,,,21X000000001360B/IT,2026-05-28 12:24:57,2015-12-22,2015-12-23,236.6,228.5,-,-,[],C,134.27,134.27,250,250
company,21X000000001360B,,Terminale GNL Adriatico S.r.l.,Adriatic LNG,21X000000001360B,,,21X000000001360B/IT,2026-05-28 12:24:57,2015-12-23,2015-12-24,236.4,228.5,-,-,[],C,129.41,129.41,250,250
company,21X000000001360B,,Terminale GNL Adriatico S.r.l.,Adriatic LNG,21X000000001360B,,,21X000000001360B/IT,2026-05-28 12:24:58,2015-12-24,2015-12-25,214.4,228.5,-,-,[],C,97.23,97.23,250,250
company,21X000000001360B,,Terminale GNL Adriatico S.r.l.,Adriatic LNG,21X000000001360B,,,21X000000001360B/IT,2026-05-28 12:24:58,2015-12-25,2015-12-26,131.8,228.5,-,-,[],C,77.36,77.36,250,250
company,21X000000001360B,,Terminale GNL Adriatico S.r.l.,Adriatic LNG,21X000000001360B,,,21X000000001360B/IT,2026-05-28 12:24:58,2015-12-26,2015-12-27,120.9,228.5,-,-,[],C,119.5,119.5,250,250
company,21X000000001360B,,Terminale GNL Adriatico S.r.l.,Adriatic LNG,21X000000001360B,,,21X000000001360B/IT,2026-05-28 12:24:58,2015-12-27,2015-12-28,159.4,228.5,-,-,[],C,179.43,179.43,250,250
company,21X000000001360B,,Terminale GNL Adriatico S.r.l.,Adriatic LNG,21X000000001360B,,,21X000000001360B/IT,2026-05-28 12:24:58,2015-12-28,2015-12-29,222,228.5,-,-,[],C,146.34,146.34,250,250
company,21X000000001360B,,Terminale GNL Adriatico S.r.l.,Adriatic LNG,21X000000001360B,,,21X000000001360B/IT,2026-05-28 12:24:58,2015-12-29,2015-12-30,145,228.5,-,-,[],C,123.97,123.97,250,250
company,21X000000001360B,,Terminale GNL Adriatico S.r.l.,Adriatic LNG,21X000000001360B,,,21X000000001360B/IT,2026-05-28 12:24:58,2015-12-30,2015-12-31,236.4,228.5,-,-,[],C,203.43,203.43,250,250
company,21X000000001360B,,Terminale GNL Adriatico S.r.l.,Adriatic LNG,21X000000001360B,,,21X000000001360B/IT,2026-05-28 12:24:58,2015-12-31,2016-01-01,170.4,228.5,-,-,[],C,193.8,193.8,250,250
company,21X000000001360B,,Terminale GNL Adriatico S.r.l.,Adriatic LNG,21X000000001360B,,,21X000000001360B/IT,2026-05-28 12:24:58,2016-01-01,2016-01-02,142.8,228.5,-,-,[],C,172.52,172.52,250,250
company,21X000000001360B,,Terminale GNL Adriatico S.r.l.,Adriatic LNG,21X000000001360B,,,21X000000001360B/IT,2026-05-28 12:24:58,2016-01-02,2016-01-03,197.7,228.5,-,-,[],C,142.33,142.33,250,250
company,21X000000001360B,,Terminale GNL Adriatico S.r.l.,Adriatic LNG,21X000000001360B,,,21X000000001360B/IT,2026-05-28 12:24:58,2016-01-03,2016-01-04,197.8,228.5,-,-,[],C,112.46,112.46,250,250
company,21X000000001360B,,Terminale GNL Adriatico S.r.l.,Adriatic LNG,21X000000001360B,,,21X000000001360B/IT,2026-05-28 12:24:59,2016-01-04,2016-01-05,164.9,228.5,-,-,[],C,208.39,208.39,250,250
company,21X000000001360B,,Terminale GNL Adriatico S.r.l.,Adriatic LNG,21X000000001360B,,,21X000000001360B/IT,2026-05-28 12:24:59,2016-01-05,2016-01-06,164.7,228.5,-,-,[],C,204.63,204.63,250,250
company,21X000000001360B,,Terminale GNL Adriatico S.r.l.,Adriatic LNG,21X000000001360B,,,21X000000001360B/IT,2026-05-28 12:24:59,2016-01-06,2016-01-07,76.8,228.5,-,-,[],C,193.08,193.08,250,250
company,21X000000001360B,,Terminale GNL Adriatico S.r.l.,Adriatic LNG,21X000000001360B,,,21X000000001360B/IT,2026-05-28 12:24:59,2016-01-07,2016-01-08,162.7,228.5,-,-,[],C,168,168,250,250
company,21X000000001360B,,Terminale GNL Adriatico S.r.l.,Adriatic LNG,21X000000001360B,,,21X000000001360B/IT,2026-05-28 12:24:59,2016-01-08,2016-01-09,98.9,228.5,-,-,[],C,153.34,153.34,250,250
company,21X000000001360B,,Terminale GNL Adriatico S.r.l.,Adriatic LNG,21X000000001360B,,,21X000000001360B/IT,2026-05-28 12:24:59,2016-01-09,2016-01-10,142.9,228.5,-,-,[],C,131.55,131.55,250,250
company,21X000000001360B,,Terminale GNL Adriatico S.r.l.,Adriatic LNG,21X000000001360B,,,21X000000001360B/IT,2026-05-28 12:24:59,2016-01-10,2016-01-11,126.3,228.5,-,-,[],C,112.63,112.63,250,250
company,21X000000001360B,,Terminale GNL Adriatico S.r.l.,Adriatic LNG,21X000000001360B,,,21X000000001360B/IT,2026-05-28 12:24:59,2016-01-11,2016-01-12,131.9,228.5,-,-,[],C,92.56,92.56,250,250
company,21X000000001360B,,Terminale GNL Adriatico S.r.l.,Adriatic LNG,21X000000001360B,,,21X000000001360B/IT,2026-05-28 12:24:59,2016-01-12,2016-01-13,154,228.5,-,-,[],C,200.61,200.61,250,250
company,21X000000001360B,,Terminale GNL Adriatico S.r.l.,Adriatic LNG,21X000000001360B,,,21X000000001360B/IT,2026-05-28 12:24:59,2016-01-13,2016-01-14,175.9,228.5,-,-,[],C,186.65,186.65,250,250
company,21X000000001360B,,Terminale GNL Adriatico S.r.l.,Adriatic LNG,21X000000001360B,,,21X000000001360B/IT,2026-05-28 12:24:59,2016-01-14,2016-01-15,208.8,228.5,-,-,[],C,155.27,155.27,250,250
company,21X000000001360B,,Terminale GNL Adriatico S.r.l.,Adriatic LNG,21X000000001360B,,,21X000000001360B/IT,2026-05-28 12:25:00,2016-01-15,2016-01-16,153.8,228.5,-,-,[],C,132.27,132.27,250,250
company,21X000000001360B,,Terminale GNL Adriatico S.r.l.,Adriatic LNG,21X000000001360B,,,21X000000001360B/IT,2026-05-28 12:25:00,2016-01-16,2016-01-17,164.8,228.5,-,-,[],C,107.12,107.12,250,250
company,21X000000001360B,,Terminale GNL Adriatico S.r.l.,Adriatic LNG,21X000000001360B,,,21X000000001360B/IT,2026-05-28 12:25:00,2016-01-17,2016-01-18,165,228.5,-,-,[],C,82.3,82.3,250,250
company,21X000000001360B,,Terminale GNL Adriatico S.r.l.,Adriatic LNG,21X000000001360B,,,21X000000001360B/IT,2026-05-28 12:25:00,2016-01-18,2016-01-19,197.9,228.5,-,-,[],C,151.94,151.94,250,250
company,21X000000001360B,,Terminale GNL Adriatico S.r.l.,Adriatic LNG,21X000000001360B,,,21X000000001360B/IT,2026-05-28 12:25:00,2016-01-19,2016-01-20,236.1,228.5,-,-,[],C,158.62,158.62,250,250
company,21X000000001360B,,Terminale GNL Adriatico S.r.l.,Adriatic LNG,21X000000001360B,,,21X000000001360B/IT,2026-05-28 12:25:00,2016-01-20,2016-01-21,225.3,228.5,-,-,[],C,124.51,124.51,250,250
company,21X000000001360B,,Terminale GNL Adriatico S.r.l.,Adriatic LNG,21X000000001360B,,,21X000000001360B/IT,2026-05-28 12:25:00,2016-01-21,2016-01-22,181.2,228.5,-,-,[],C,97.35,97.35,250,250
company,21X000000001360B,,Terminale GNL Adriatico S.r.l.,Adriatic LNG,21X000000001360B,,,21X000000001360B/IT,2026-05-28 12:25:00,2016-01-22,2016-01-23,236.4,228.5,-,-,[],C,84.97,84.97,250,250
company,21X000000001360B,,Terminale GNL Adriatico S.r.l.,Adriatic LNG,21X000000001360B,,,21X000000001360B/IT,2026-05-28 12:25:00,2016-01-23,2016-01-24,219.7,228.5,-,-,[],C,167,167,250,250
company,21X000000001360B,,Terminale GNL Adriatico S.r.l.,Adriatic LNG,21X000000001360B,,,21X000000001360B/IT,2026-05-28 12:25:01,2016-01-24,2016-01-25,142.6,228.5,-,-,[],C,145.42,145.42,250,250
company,21X000000001360B,,Terminale GNL Adriatico S.r.l.,Adriatic LNG,21X000000001360B,,,21X000000001360B/IT,2026-05-28 12:25:01,2016-01-25,2016-01-26,219.6,228.5,-,-,[],C,112.11,112.11,250,250
company,21X000000001360B,,Terminale GNL Adriatico S.r.l.,Adriatic LNG,21X000000001360B,,,21X000000001360B/IT,2026-05-28 12:25:01,2016-01-26,2016-01-27,236.4,228.5,-,-,[],C,76.3,76.3,250,250
company,21X000000001360B,,Terminale GNL Adriatico S.r.l.,Adriatic LNG,21X000000001360B,,,21X000000001360B/IT,2026-05-28 12:25:01,2016-01-27,2016-01-28,236.1,228.5,-,-,[],C,184.5,184.5,250,250
company,21X000000001360B,,Terminale GNL Adriatico S.r.l.,Adriatic LNG,21X000000001360B,,,21X000000001360B/IT,2026-05-28 12:25:01,2016-01-28,2016-01-29,236.2,228.5,-,-,[],C,148.71,148.71,250,250
company,21X000000001360B,,Terminale GNL Adriatico S.r.l.,Adriatic LNG,21X000000001360B,,,21X000000001360B/IT,2026-05-28 12:25:01,2016-01-29,2016-01-30,236.2,228.5,-,-,[],C,113.34,113.34,250,250
company,21X000000001360B,,Terminale GNL Adriatico S.r.l.,Adriatic LNG,21X000000001360B,,,21X000000001360B/IT,2026-05-28 12:25:01,2016-01-30,2016-01-31,208.7,228.5,-,-,[],C,81.89,81.89,250,250
company,21X000000001360B,,Terminale GNL Adriatico S.r.l.,Adriatic LNG,21X000000001360B,,,21X000000001360B/IT,2026-05-28 12:25:01,2016-01-31,2016-02-01,181.1,228.5,-,-,[],C,193.05,193.05,250,250
company,21X000000001360B,,Terminale GNL Adriatico S.r.l.,Adriatic LNG,21X000000001360B,,,21X000000001360B/IT,2026-05-28 12:25:01,2016-02-01,2016-02-02,236.1,228.5,-,-,[],C,157.48,157.48,250,250
company,21X000000001360B,,Terminale GNL Adriatico S.r.l.,Adriatic LNG,21X000000001360B,,,21X000000001360B/IT,2026-05-28 12:25:01,2016-02-02,2016-02-03,236.2,228.5,-,-,[],C,121.75,121.75,250,250
company,21X000000001360B,,Terminale GNL Adriatico S.r.l.,Adriatic LNG,21X000000001360B,,,21X000000001360B/IT,2026-05-28 12:25:01,2016-02-03,2016-02-04,235.9,228.5,-,-,[],C,86.1,86.1,250,250
company,21X000000001360B,,Terminale GNL Adriatico S.r.l.,Adriatic LNG,21X000000001360B,,,21X000000001360B/IT,2026-05-28 12:25:01,2016-02-04,2016-02-05,236.2,228.5,-,-,[],C,105.65,105.65,250,250
company,21X000000001360B,,Terminale GNL Adriatico S.r.l.,Adriatic LNG,21X000000001360B,,,21X000000001360B/IT,2026-05-28 12:25:02,2016-02-05,2016-02-06,235.9,228.5,-,-,[],C,153.87,153.87,250,250
company,21X000000001360B,,Terminale GNL Adriatico S.r.l.,Adriatic LNG,21X000000001360B,,,21X000000001360B/IT,2026-05-28 12:25:02,2016-02-06,2016-02-07,164.7,228.5,-,-,[],C,129.14,129.14,250,250
company,21X000000001360B,,Terminale GNL Adriatico S.r.l.,Adriatic LNG,21X000000001360B,,,21X000000001360B/IT,2026-05-28 12:25:02,2016-02-07,2016-02-08,159,228.5,-,-,[],C,105.21,105.21,250,250
company,21X000000001360B,,Terminale GNL Adriatico S.r.l.,Adriatic LNG,21X000000001360B,,,21X000000001360B/IT,2026-05-28 12:25:02,2016-02-08,2016-02-09,236.2,228.5,-,-,[],C,183.31,183.31,250,250
company,21X000000001360B,,Terminale GNL Adriatico S.r.l.,Adriatic LNG,21X000000001360B,,,21X000000001360B/IT,2026-05-28 12:25:02,2016-02-09,2016-02-10,236,228.5,-,-,[],C,177.38,177.38,250,250
company,21X000000001360B,,Terminale GNL Adriatico S.r.l.,Adriatic LNG,21X000000001360B,,,21X000000001360B/IT,2026-05-28 12:25:02,2016-02-10,2016-02-11,235.9,228.5,-,-,[],C,141.66,141.66,250,250
company,21X000000001360B,,Terminale GNL Adriatico S.r.l.,Adriatic LNG,21X000000001360B,,,21X000000001360B/IT,2026-05-28 12:25:03,2016-02-11,2016-02-12,236.2,228.5,-,-,[],C,106.14,106.14,250,250
company,21X000000001360B,,Terminale GNL Adriatico S.r.l.,Adriatic LNG,21X000000001360B,,,21X000000001360B/IT,2026-05-28 12:25:03,2016-02-12,2016-02-13,236.2,228.5,-,-,[],C,98.07,98.07,250,250
company,21X000000001360B,,Terminale GNL Adriatico S.r.l.,Adriatic LNG,21X000000001360B,,,21X000000001360B/IT,2026-05-28 12:25:03,2016-02-13,2016-02-14,219.5,228.5,-,-,[],C,179.07,179.07,250,250
company,21X000000001360B,,Terminale GNL Adriatico S.r.l.,Adriatic LNG,21X000000001360B,,,21X000000001360B/IT,2026-05-28 12:25:03,2016-02-14,2016-02-15,214.1,228.5,-,-,[],C,146.74,146.74,250,250
company,21X000000001360B,,Terminale GNL Adriatico S.r.l.,Adriatic LNG,21X000000001360B,,,21X000000001360B/IT,2026-05-28 12:25:03,2016-02-15,2016-02-16,175.8,228.5,-,-,[],C,120.09,120.09,250,250
company,21X000000001360B,,Terminale GNL Adriatico S.r.l.,Adriatic LNG,21X000000001360B,,,21X000000001360B/IT,2026-05-28 12:25:04,2016-02-16,2016-02-17,192.4,228.5,-,-,[],C,91.22,91.22,250,250
company,21X000000001360B,,Terminale GNL Adriatico S.r.l.,Adriatic LNG,21X000000001360B,,,21X000000001360B/IT,2026-05-28 12:25:05,2016-02-17,2016-02-18,192.4,228.5,-,-,[],C,134.34,134.34,250,250
company,21X000000001360B,,Terminale GNL Adriatico S.r.l.,Adriatic LNG,21X000000001360B,,,21X000000001360B/IT,2026-05-28 12:25:05,2016-02-18,2016-02-19,175.7,228.5,-,-,[],C,179.75,179.75,250,250
company,21X000000001360B,,Terminale GNL Adriatico S.r.l.,Adriatic LNG,21X000000001360B,,,21X000000001360B/IT,2026-05-28 12:25:05,2016-02-19,2016-02-20,175.6,228.5,-,-,[],C,153.21,153.21,250,250
company,21X000000001360B,,Terminale GNL Adriatico S.r.l.,Adriatic LNG,21X000000001360B,,,21X000000001360B/IT,2026-05-28 12:25:05,2016-02-20,2016-02-21,98.7,228.5,-,-,[],C,138.53,138.53,250,250
company,21X000000001360B,,Terminale GNL Adriatico S.r.l.,Adriatic LNG,21X000000001360B,,,21X000000001360B/IT,2026-05-28 12:25:05,2016-02-21,2016-02-22,98.7,228.5,-,-,[],C,123.6,123.6,250,250
company,21X000000001360B,,Terminale GNL Adriatico S.r.l.,Adriatic LNG,21X000000001360B,,,21X000000001360B/IT,2026-05-28 12:25:05,2016-02-22,2016-02-23,230.8,228.5,-,-,[],C,88.37,88.37,250,250
company,21X000000001360B,,Terminale GNL Adriatico S.r.l.,Adriatic LNG,21X000000001360B,,,21X000000001360B/IT,2026-05-28 12:25:05,2016-02-23,2016-02-24,219.8,228.5,-,-,[],C,179.06,179.06,250,250
company,21X000000001360B,,Terminale GNL Adriatico S.r.l.,Adriatic LNG,21X000000001360B,,,21X000000001360B/IT,2026-05-28 12:25:06,2016-02-24,2016-02-25,219.7,228.5,-,-,[],C,166.81,166.81,250,250
company,21X000000001360B,,Terminale GNL Adriatico S.r.l.,Adriatic LNG,21X000000001360B,,,21X000000001360B/IT,2026-05-28 12:25:06,2016-02-25,2016-02-26,208.7,228.5,-,-,[],C,135.15,135.15,250,250
company,21X000000001360B,,Terminale GNL Adriatico S.r.l.,Adriatic LNG,21X000000001360B,,,21X000000001360B/IT,2026-05-28 12:25:06,2016-02-26,2016-02-27,208.7,228.5,-,-,[],C,103.58,103.58,250,250
company,21X000000001360B,,Terminale GNL Adriatico S.r.l.,Adriatic LNG,21X000000001360B,,,21X000000001360B/IT,2026-05-28 12:25:06,2016-02-27,2016-02-28,65.8,228.5,-,-,[],C,93.99,93.99,250,250
company,21X000000001360B,,Terminale GNL Adriatico S.r.l.,Adriatic LNG,21X000000001360B,,,21X000000001360B/IT,2026-05-28 12:25:06,2016-02-28,2016-02-29,65.7,228.5,-,-,[],C,84.03,84.03,250,250
company,21X000000001360B,,Terminale GNL Adriatico S.r.l.,Adriatic LNG,21X000000001360B,,,21X000000001360B/IT,2026-05-28 12:25:06,2016-02-29,2016-03-01,219.8,228.5,-,-,[],C,50.3,50.3,250,250
company,21X000000001360B,,Terminale GNL Adriatico S.r.l.,Adriatic LNG,21X000000001360B,,,21X000000001360B/IT,2026-05-28 12:25:06,2016-03-01,2016-03-02,236.4,228.5,-,-,[],C,138.87,138.87,250,250
company,21X000000001360B,,Terminale GNL Adriatico S.r.l.,Adriatic LNG,21X000000001360B,,,21X000000001360B/IT,2026-05-28 12:25:06,2016-03-02,2016-03-03,219.6,228.5,-,-,[],C,120.69,120.69,250,250
company,21X000000001360B,,Terminale GNL Adriatico S.r.l.,Adriatic LNG,21X000000001360B,,,21X000000001360B/IT,2026-05-28 12:25:06,2016-03-03,2016-03-04,214.5,228.5,-,-,[],C,88.38,88.38,250,250
company,21X000000001360B,,Terminale GNL Adriatico S.r.l.,Adriatic LNG,21X000000001360B,,,21X000000001360B/IT,2026-05-28 12:25:06,2016-03-04,2016-03-05,214.5,228.5,-,-,[],C,200.49,200.49,250,250
company,21X000000001360B,,Terminale GNL Adriatico S.r.l.,Adriatic LNG,21X000000001360B,,,21X000000001360B/IT,2026-05-28 12:25:07,2016-03-05,2016-03-06,65.8,228.5,-,-,[],C,190.71,190.71,250,250
company,21X000000001360B,,Terminale GNL Adriatico S.r.l.,Adriatic LNG,21X000000001360B,,,21X000000001360B/IT,2026-05-28 12:25:07,2016-03-06,2016-03-07,65.7,228.5,-,-,[],C,180.71,180.71,250,250
company,21X000000001360B,,Terminale GNL Adriatico S.r.l.,Adriatic LNG,21X000000001360B,,,21X000000001360B/IT,2026-05-28 12:25:07,2016-03-07,2016-03-08,236.3,228.5,-,-,[],C,144.55,144.55,250,250
company,21X000000001360B,,Terminale GNL Adriatico S.r.l.,Adriatic LNG,21X000000001360B,,,21X000000001360B/IT,2026-05-28 12:25:07,2016-03-08,2016-03-09,186.8,228.5,-,-,[],C,116.45,116.45,250,250
company,21X000000001360B,,Terminale GNL Adriatico S.r.l.,Adriatic LNG,21X000000001360B,,,21X000000001360B/IT,2026-05-28 12:25:07,2016-03-09,2016-03-10,236.5,228.5,-,-,[],C,80.69,80.69,250,250
company,21X000000001360B,,Terminale GNL Adriatico S.r.l.,Adriatic LNG,21X000000001360B,,,21X000000001360B/IT,2026-05-28 12:25:07,2016-03-10,2016-03-11,176,228.5,-,-,[],C,120.57,120.57,250,250
company,21X000000001360B,,Terminale GNL Adriatico S.r.l.,Adriatic LNG,21X000000001360B,,,21X000000001360B/IT,2026-05-28 12:25:07,2016-03-11,2016-03-12,175.7,228.5,-,-,[],C,169.22,169.22,250,250
company,21X000000001360B,,Terminale GNL Adriatico S.r.l.,Adriatic LNG,21X000000001360B,,,21X000000001360B/IT,2026-05-28 12:25:07,2016-03-12,2016-03-13,65.9,228.5,-,-,[],C,159.3,159.3,250,250
company,21X000000001360B,,Terminale GNL Adriatico S.r.l.,Adriatic LNG,21X000000001360B,,,21X000000001360B/IT,2026-05-28 12:25:07,2016-03-13,2016-03-14,65.8,228.5,-,-,[],C,149.32,149.32,250,250
company,21X000000001360B,,Terminale GNL Adriatico S.r.l.,Adriatic LNG,21X000000001360B,,,21X000000001360B/IT,2026-05-28 12:25:07,2016-03-14,2016-03-15,153.9,228.5,-,-,[],C,125.85,125.85,250,250
company,21X000000001360B,,Terminale GNL Adriatico S.r.l.,Adriatic LNG,21X000000001360B,,,21X000000001360B/IT,2026-05-28 12:25:07,2016-03-15,2016-03-16,131.9,228.5,-,-,[],C,106.02,106.02,250,250
company,21X000000001360B,,Terminale GNL Adriatico S.r.l.,Adriatic LNG,21X000000001360B,,,21X000000001360B/IT,2026-05-28 12:25:07,2016-03-16,2016-03-17,164.9,228.5,-,-,[],C,81.02,81.02,250,250
company,21X000000001360B,,Terminale GNL Adriatico S.r.l.,Adriatic LNG,21X000000001360B,,,21X000000001360B/IT,2026-05-28 12:25:08,2016-03-17,2016-03-18,203.3,228.5,-,-,[],C,184.45,184.45,250,250
company,21X000000001360B,,Terminale GNL Adriatico S.r.l.,Adriatic LNG,21X000000001360B,,,21X000000001360B/IT,2026-05-28 12:25:08,2016-03-18,2016-03-19,151.5,228.5,-,-,[],C,171.87,171.87,250,250
company,21X000000001360B,,Terminale GNL Adriatico S.r.l.,Adriatic LNG,21X000000001360B,,,21X000000001360B/IT,2026-05-28 12:25:08,2016-03-19,2016-03-20,65.8,228.5,-,-,[],C,162.1,162.1,250,250
company,21X000000001360B,,Terminale GNL Adriatico S.r.l.,Adriatic LNG,21X000000001360B,,,21X000000001360B/IT,2026-05-28 12:25:08,2016-03-20,2016-03-21,65.8,228.5,-,-,[],C,152.19,152.19,250,250
company,21X000000001360B,,Terminale GNL Adriatico S.r.l.,Adriatic LNG,21X000000001360B,,,21X000000001360B/IT,2026-05-28 12:25:08,2016-03-21,2016-03-22,98.7,228.5,-,-,[],C,137.16,137.16,250,250
company,21X000000001360B,,Terminale GNL Adriatico S.r.l.,Adriatic LNG,21X000000001360B,,,21X000000001360B/IT,2026-05-28 12:25:08,2016-03-22,2016-03-23,98.7,228.5,-,-,[],C,122.08,122.08,250,250
company,21X000000001360B,,Terminale GNL Adriatico S.r.l.,Adriatic LNG,21X000000001360B,,,21X000000001360B/IT,2026-05-28 12:25:08,2016-03-23,2016-03-24,98.8,228.5,-,-,[],C,107.08,107.08,250,250
company,21X000000001360B,,Terminale GNL Adriatico S.r.l.,Adriatic LNG,21X000000001360B,,,21X000000001360B/IT,2026-05-28 12:25:08,2016-03-24,2016-03-25,98.8,228.5,-,-,[],C,92.08,92.08,250,250
company,21X000000001360B,,Terminale GNL Adriatico S.r.l.,Adriatic LNG,21X000000001360B,,,21X000000001360B/IT,2026-05-28 12:25:08,2016-03-25,2016-03-26,99,228.5,-,-,[],C,77.07,77.07,250,250
company,21X000000001360B,,Terminale GNL Adriatico S.r.l.,Adriatic LNG,21X000000001360B,,,21X000000001360B/IT,2026-05-28 12:25:08,2016-03-26,2016-03-27,68.2,228.5,-,-,[],C,67.21,67.21,250,250
company,21X000000001360B,,Terminale GNL Adriatico S.r.l.,Adriatic LNG,21X000000001360B,,,21X000000001360B/IT,2026-05-28 12:25:08,2016-03-27,2016-03-28,65.9,228.5,-,-,[],C,107.78,107.78,250,250
company,21X000000001360B,,Terminale GNL Adriatico S.r.l.,Adriatic LNG,21X000000001360B,,,21X000000001360B/IT,2026-05-28 12:25:09,2016-03-28,2016-03-29,65.9,228.5,-,-,[],C,193.62,193.62,250,250
company,21X000000001360B,,Terminale GNL Adriatico S.r.l.,Adriatic LNG,21X000000001360B,,,21X000000001360B/IT,2026-05-28 12:25:09,2016-03-29,2016-03-30,153.8,228.5,-,-,[],C,170.19,170.19,250,250
company,21X000000001360B,,Terminale GNL Adriatico S.r.l.,Adriatic LNG,21X000000001360B,,,21X000000001360B/IT,2026-05-28 12:25:09,2016-03-30,2016-03-31,164.8,228.5,-,-,[],C,145.28,145.28,250,250
company,21X000000001360B,,Terminale GNL Adriatico S.r.l.,Adriatic LNG,21X000000001360B,,,21X000000001360B/IT,2026-05-28 12:25:09,2016-03-31,2016-04-01,154,228.5,-,-,[],C,122.01,122.01,250,250
company,21X000000001360B,,Terminale GNL Adriatico S.r.l.,Adriatic LNG,21X000000001360B,,,21X000000001360B/IT,2026-05-28 12:25:09,2016-04-01,2016-04-02,230.8,228.5,-,-,[],C,87.1,87.1,250,250
company,21X000000001360B,,Terminale GNL Adriatico S.r.l.,Adriatic LNG,21X000000001360B,,,21X000000001360B/IT,2026-05-28 12:25:09,2016-04-02,2016-04-03,98.9,228.5,-,-,[],C,143.56,143.56,250,250
company,21X000000001360B,,Terminale GNL Adriatico S.r.l.,Adriatic LNG,21X000000001360B,,,21X000000001360B/IT,2026-05-28 12:25:09,2016-04-03,2016-04-04,99,228.5,-,-,[],C,197.25,197.25,250,250
company,21X000000001360B,,Terminale GNL Adriatico S.r.l.,Adriatic LNG,21X000000001360B,,,21X000000001360B/IT,2026-05-28 12:25:09,2016-04-04,2016-04-05,175.9,228.5,-,-,[],C,170.24,170.24,250,250
company,21X000000001360B,,Terminale GNL Adriatico S.r.l.,Adriatic LNG,21X000000001360B,,,21X000000001360B/IT,2026-05-28 12:25:09,2016-04-05,2016-04-06,176.1,228.5,-,-,[],C,143.77,143.77,250,250
company,21X000000001360B,,Terminale GNL Adriatico S.r.l.,Adriatic LNG,21X000000001360B,,,21X000000001360B/IT,2026-05-28 12:25:09,2016-04-06,2016-04-07,166.9,228.5,-,-,[],C,117.3,117.3,250,250
company,21X000000001360B,,Terminale GNL Adriatico S.r.l.,Adriatic LNG,21X000000001360B,,,21X000000001360B/IT,2023-10-26 14:39:33,2016-04-07,2016-04-08,198.2,228.5,-,-,[],C,85.71,85.71,250,250
company,21X000000001360B,,Terminale GNL Adriatico S.r.l.,Adriatic LNG,21X000000001360B,,,21X000000001360B/IT,2023-10-26 14:39:35,2016-04-08,2016-04-09,135.6,228.5,-,-,[],C,64.12,64.12,250,250
company,21X000000001360B,,Terminale GNL Adriatico S.r.l.,Adriatic LNG,21X000000001360B,,,21X000000001360B/IT,2023-10-26 14:39:37,2016-04-09,2016-04-10,62.6,228.5,-,-,[],C,54.05,54.05,250,250
company,21X000000001360B,,Terminale GNL Adriatico S.r.l.,Adriatic LNG,21X000000001360B,,,21X000000001360B/IT,2023-10-26 14:39:39,2016-04-10,2016-04-11,62.6,228.5,-,-,[],C,43.96,43.96,250,250
company,21X000000001360B,,Terminale GNL Adriatico S.r.l.,Adriatic LNG,21X000000001360B,,,21X000000001360B/IT,2023-10-26 14:39:41,2016-04-11,2016-04-12,167.1,228.5,-,-,[],C,20.29,20.29,250,250
company,21X000000001360B,,Terminale GNL Adriatico S.r.l.,Adriatic LNG,21X000000001360B,,,21X000000001360B/IT,2023-10-26 14:39:43,2016-04-12,2016-04-13,135.5,228.5,-,-,[],C,134.29,134.29,250,250
company,21X000000001360B,,Terminale GNL Adriatico S.r.l.,Adriatic LNG,21X000000001360B,,,21X000000001360B/IT,2023-10-26 14:39:45,2016-04-13,2016-04-14,135.3,228.5,-,-,[],C,112.7,112.7,250,250
company,21X000000001360B,,Terminale GNL Adriatico S.r.l.,Adriatic LNG,21X000000001360B,,,21X000000001360B/IT,2023-10-26 14:39:47,2016-04-14,2016-04-15,166.5,228.5,-,-,[],C,85.91,85.91,250,250
company,21X000000001360B,,Terminale GNL Adriatico S.r.l.,Adriatic LNG,21X000000001360B,,,21X000000001360B/IT,2023-10-26 14:39:49,2016-04-15,2016-04-16,192.7,228.5,-,-,[],C,72.7,72.7,250,250
company,21X000000001360B,,Terminale GNL Adriatico S.r.l.,Adriatic LNG,21X000000001360B,,,21X000000001360B/IT,2023-10-26 14:39:51,2016-04-16,2016-04-17,176.8,228.5,-,-,[],C,171.4,171.4,250,250
company,21X000000001360B,,Terminale GNL Adriatico S.r.l.,Adriatic LNG,21X000000001360B,,,21X000000001360B/IT,2023-10-26 14:39:53,2016-04-17,2016-04-18,156,228.5,-,-,[],C,146.43,146.43,250,250
company,21X000000001360B,,Terminale GNL Adriatico S.r.l.,Adriatic LNG,21X000000001360B,,,21X000000001360B/IT,2023-10-26 14:39:55,2016-04-18,2016-04-19,227.7,228.5,-,-,[],C,165.86,165.86,250,250
company,21X000000001360B,,Terminale GNL Adriatico S.r.l.,Adriatic LNG,21X000000001360B,,,21X000000001360B/IT,2023-10-26 14:39:57,2016-04-19,2016-04-20,227.8,228.5,-,-,[],C,220.68,220.68,250,250
company,21X000000001360B,,Terminale GNL Adriatico S.r.l.,Adriatic LNG,21X000000001360B,,,21X000000001360B/IT,2023-10-26 14:39:59,2016-04-20,2016-04-21,227.9,228.5,-,-,[],C,184.31,184.31,250,250
company,21X000000001360B,,Terminale GNL Adriatico S.r.l.,Adriatic LNG,21X000000001360B,,,21X000000001360B/IT,2023-10-26 14:40:01,2016-04-21,2016-04-22,228.1,228.5,-,-,[],C,147.71,147.71,250,250
company,21X000000001360B,,Terminale GNL Adriatico S.r.l.,Adriatic LNG,21X000000001360B,,,21X000000001360B/IT,2023-10-26 14:40:03,2016-04-22,2016-04-23,228.4,228.5,-,-,[],C,175.3,175.3,250,250
company,21X000000001360B,,Terminale GNL Adriatico S.r.l.,Adriatic LNG,21X000000001360B,,,21X000000001360B/IT,2023-10-26 14:40:05,2016-04-23,2016-04-24,197.9,228.5,-,-,[],C,213.67,213.67,250,250
company,21X000000001360B,,Terminale GNL Adriatico S.r.l.,Adriatic LNG,21X000000001360B,,,21X000000001360B/IT,2023-10-26 14:40:08,2016-04-24,2016-04-25,187.5,228.5,-,-,[],C,183.7,183.7,250,250
company,21X000000001360B,,Terminale GNL Adriatico S.r.l.,Adriatic LNG,21X000000001360B,,,21X000000001360B/IT,2023-10-26 14:40:10,2016-04-25,2016-04-26,198,228.5,-,-,[],C,151.89,151.89,250,250
company,21X000000001360B,,Terminale GNL Adriatico S.r.l.,Adriatic LNG,21X000000001360B,,,21X000000001360B/IT,2023-10-26 14:40:12,2016-04-26,2016-04-27,228.3,228.5,-,-,[],C,115.34,115.34,250,250
company,21X000000001360B,,Terminale GNL Adriatico S.r.l.,Adriatic LNG,21X000000001360B,,,21X000000001360B/IT,2023-10-26 14:40:14,2016-04-27,2016-04-28,228.3,228.5,-,-,[],C,78.84,78.84,250,250
company,21X000000001360B,,Terminale GNL Adriatico S.r.l.,Adriatic LNG,21X000000001360B,,,21X000000001360B/IT,2023-10-26 14:40:16,2016-04-28,2016-04-29,228.4,228.5,-,-,[],C,123.53,123.53,250,250
company,21X000000001360B,,Terminale GNL Adriatico S.r.l.,Adriatic LNG,21X000000001360B,,,21X000000001360B/IT,2023-10-26 14:40:18,2016-04-29,2016-04-30,228.2,228.5,-,-,[],C,144.32,144.32,250,250
company,21X000000001360B,,Terminale GNL Adriatico S.r.l.,Adriatic LNG,21X000000001360B,,,21X000000001360B/IT,2023-10-26 14:40:20,2016-04-30,2016-05-01,135.3,228.5,-,-,[],C,122.9,122.9,250,250
company,21X000000001360B,,Terminale GNL Adriatico S.r.l.,Adriatic LNG,21X000000001360B,,,21X000000001360B/IT,2023-10-26 14:40:22,2016-05-01,2016-05-02,105.1,228.5,-,-,[],C,106.04,106.04,250,250
company,21X000000001360B,,Terminale GNL Adriatico S.r.l.,Adriatic LNG,21X000000001360B,,,21X000000001360B/IT,2023-10-26 14:40:25,2016-05-02,2016-05-03,167.7,228.5,-,-,[],C,78.94,78.94,250,250
company,21X000000001360B,,Terminale GNL Adriatico S.r.l.,Adriatic LNG,21X000000001360B,,,21X000000001360B/IT,2023-10-26 14:40:27,2016-05-03,2016-05-04,167.8,228.5,-,-,[],C,196.9,196.9,250,250
company,21X000000001360B,,Terminale GNL Adriatico S.r.l.,Adriatic LNG,21X000000001360B,,,21X000000001360B/IT,2023-10-26 14:40:29,2016-05-04,2016-05-05,167.6,228.5,-,-,[],C,170.17,170.17,250,250
company,21X000000001360B,,Terminale GNL Adriatico S.r.l.,Adriatic LNG,21X000000001360B,,,21X000000001360B/IT,2023-10-26 14:40:31,2016-05-05,2016-05-06,167.7,228.5,-,-,[],C,143.49,143.49,250,250
company,21X000000001360B,,Terminale GNL Adriatico S.r.l.,Adriatic LNG,21X000000001360B,,,21X000000001360B/IT,2023-10-26 14:40:34,2016-05-06,2016-05-07,167.6,228.5,-,-,[],C,116.79,116.79,250,250
company,21X000000001360B,,Terminale GNL Adriatico S.r.l.,Adriatic LNG,21X000000001360B,,,21X000000001360B/IT,2023-10-26 14:40:36,2016-05-07,2016-05-08,63.4,228.5,-,-,[],C,106.8,106.8,250,250
company,21X000000001360B,,Terminale GNL Adriatico S.r.l.,Adriatic LNG,21X000000001360B,,,21X000000001360B/IT,2023-10-26 14:40:38,2016-05-08,2016-05-09,62.4,228.5,-,-,[],C,102.27,102.27,250,250
company,21X000000001360B,,Terminale GNL Adriatico S.r.l.,Adriatic LNG,21X000000001360B,,,21X000000001360B/IT,2023-10-26 14:40:41,2016-05-09,2016-05-10,93.5,228.5,-,-,[],C,222.41,222.41,250,250
company,21X000000001360B,,Terminale GNL Adriatico S.r.l.,Adriatic LNG,21X000000001360B,,,21X000000001360B/IT,2023-10-26 14:40:44,2016-05-10,2016-05-11,98.8,228.5,-,-,[],C,206.67,206.67,250,250
company,21X000000001360B,,Terminale GNL Adriatico S.r.l.,Adriatic LNG,21X000000001360B,,,21X000000001360B/IT,2023-10-26 14:40:47,2016-05-11,2016-05-12,98.7,228.5,-,-,[],C,190.76,190.76,250,250
company,21X000000001360B,,Terminale GNL Adriatico S.r.l.,Adriatic LNG,21X000000001360B,,,21X000000001360B/IT,2023-10-26 14:40:49,2016-05-12,2016-05-13,98.8,228.5,-,-,[],C,174.76,174.76,250,250
company,21X000000001360B,,Terminale GNL Adriatico S.r.l.,Adriatic LNG,21X000000001360B,,,21X000000001360B/IT,2023-10-26 14:40:52,2016-05-13,2016-05-14,98.8,228.5,-,-,[],C,159.01,159.01,250,250
company,21X000000001360B,,Terminale GNL Adriatico S.r.l.,Adriatic LNG,21X000000001360B,,,21X000000001360B/IT,2023-10-26 14:40:54,2016-05-14,2016-05-15,72.8,228.5,-,-,[],C,147.44,147.44,250,250
company,21X000000001360B,,Terminale GNL Adriatico S.r.l.,Adriatic LNG,21X000000001360B,,,21X000000001360B/IT,2023-10-26 14:40:56,2016-05-15,2016-05-16,72.8,228.5,-,-,[],C,135.67,135.67,250,250
company,21X000000001360B,,Terminale GNL Adriatico S.r.l.,Adriatic LNG,21X000000001360B,,,21X000000001360B/IT,2023-10-26 14:40:59,2016-05-16,2016-05-17,156.3,228.5,-,-,[],C,110.6,110.6,250,250
company,21X000000001360B,,Terminale GNL Adriatico S.r.l.,Adriatic LNG,21X000000001360B,,,21X000000001360B/IT,2023-10-26 14:41:01,2016-05-17,2016-05-18,156.3,228.5,-,-,[],C,85.65,85.65,250,250
company,21X000000001360B,,Terminale GNL Adriatico S.r.l.,Adriatic LNG,21X000000001360B,,,21X000000001360B/IT,2023-10-26 14:41:03,2016-05-18,2016-05-19,156.4,228.5,-,-,[],C,60.6,60.6,250,250
company,21X000000001360B,,Terminale GNL Adriatico S.r.l.,Adriatic LNG,21X000000001360B,,,21X000000001360B/IT,2023-10-26 14:41:06,2016-05-19,2016-05-20,146,228.5,-,-,[],C,37.31,37.31,250,250
company,21X000000001360B,,Terminale GNL Adriatico S.r.l.,Adriatic LNG,21X000000001360B,,,21X000000001360B/IT,2023-10-26 14:41:08,2016-05-20,2016-05-21,197.1,228.5,-,-,[],C,64.43,64.43,250,250
company,21X000000001360B,,Terminale GNL Adriatico S.r.l.,Adriatic LNG,21X000000001360B,,,21X000000001360B/IT,2023-10-26 14:41:10,2016-05-21,2016-05-22,187.3,228.5,-,-,[],C,117.51,117.51,250,250
company,21X000000001360B,,Terminale GNL Adriatico S.r.l.,Adriatic LNG,21X000000001360B,,,21X000000001360B/IT,2023-10-26 14:41:12,2016-05-22,2016-05-23,145.5,228.5,-,-,[],C,94.25,94.25,250,250
company,21X000000001360B,,Terminale GNL Adriatico S.r.l.,Adriatic LNG,21X000000001360B,,,21X000000001360B/IT,2023-10-26 14:41:15,2016-05-23,2016-05-24,223.5,228.5,-,-,[],C,58.08,58.08,250,250
company,21X000000001360B,,Terminale GNL Adriatico S.r.l.,Adriatic LNG,21X000000001360B,,,21X000000001360B/IT,2023-10-26 14:41:17,2016-05-24,2016-05-25,223.9,228.5,-,-,[],C,90.35,90.35,250,250
company,21X000000001360B,,Terminale GNL Adriatico S.r.l.,Adriatic LNG,21X000000001360B,,,21X000000001360B/IT,2023-10-26 14:41:19,2016-05-25,2016-05-26,199.6,228.5,-,-,[],C,131.2,131.2,250,250
company,21X000000001360B,,Terminale GNL Adriatico S.r.l.,Adriatic LNG,21X000000001360B,,,21X000000001360B/IT,2023-10-26 14:41:22,2016-05-26,2016-05-27,189.3,228.5,-,-,[],C,100.94,100.94,250,250
company,21X000000001360B,,Terminale GNL Adriatico S.r.l.,Adriatic LNG,21X000000001360B,,,21X000000001360B/IT,2023-10-26 14:41:24,2016-05-27,2016-05-28,225.8,228.5,-,-,[],C,64.72,64.72,250,250
company,21X000000001360B,,Terminale GNL Adriatico S.r.l.,Adriatic LNG,21X000000001360B,,,21X000000001360B/IT,2023-10-26 14:41:26,2016-05-28,2016-05-29,163.4,228.5,-,-,[],C,101.02,101.02,250,250
company,21X000000001360B,,Terminale GNL Adriatico S.r.l.,Adriatic LNG,21X000000001360B,,,21X000000001360B/IT,2023-10-26 14:41:28,2016-05-29,2016-05-30,90.2,228.5,-,-,[],C,163.12,163.12,250,250
company,21X000000001360B,,Terminale GNL Adriatico S.r.l.,Adriatic LNG,21X000000001360B,,,21X000000001360B/IT,2023-10-26 14:41:30,2016-05-30,2016-05-31,178.9,228.5,-,-,[],C,134.27,134.27,250,250
company,21X000000001360B,,Terminale GNL Adriatico S.r.l.,Adriatic LNG,21X000000001360B,,,21X000000001360B/IT,2023-10-26 14:41:32,2016-05-31,2016-06-01,168.5,228.5,-,-,[],C,107.31,107.31,250,250
company,21X000000001360B,,Terminale GNL Adriatico S.r.l.,Adriatic LNG,21X000000001360B,,,21X000000001360B/IT,2023-10-26 14:41:34,2016-06-01,2016-06-02,223.9,228.5,-,-,[],C,140.98,140.98,250,250
company,21X000000001360B,,Terminale GNL Adriatico S.r.l.,Adriatic LNG,21X000000001360B,,,21X000000001360B/IT,2023-10-26 14:41:36,2016-06-02,2016-06-03,166.2,228.5,-,-,[],C,189.72,189.72,250,250
company,21X000000001360B,,Terminale GNL Adriatico S.r.l.,Adriatic LNG,21X000000001360B,,,21X000000001360B/IT,2023-10-26 14:41:38,2016-06-03,2016-06-04,187.1,228.5,-,-,[],C,159.61,159.61,250,250
company,21X000000001360B,,Terminale GNL Adriatico S.r.l.,Adriatic LNG,21X000000001360B,,,21X000000001360B/IT,2023-10-26 14:41:40,2016-06-04,2016-06-05,171.5,228.5,-,-,[],C,132.38,132.38,250,250
company,21X000000001360B,,Terminale GNL Adriatico S.r.l.,Adriatic LNG,21X000000001360B,,,21X000000001360B/IT,2023-10-26 14:41:43,2016-06-05,2016-06-06,176.8,228.5,-,-,[],C,160.65,160.65,250,250
company,21X000000001360B,,Terminale GNL Adriatico S.r.l.,Adriatic LNG,21X000000001360B,,,21X000000001360B/IT,2023-10-26 14:41:45,2016-06-06,2016-06-07,187.1,228.5,-,-,[],C,218.77,218.77,250,250
company,21X000000001360B,,Terminale GNL Adriatico S.r.l.,Adriatic LNG,21X000000001360B,,,21X000000001360B/IT,2023-10-26 14:41:47,2016-06-07,2016-06-08,187.3,228.5,-,-,[],C,189.02,189.02,250,250
company,21X000000001360B,,Terminale GNL Adriatico S.r.l.,Adriatic LNG,21X000000001360B,,,21X000000001360B/IT,2023-10-26 14:41:49,2016-06-08,2016-06-09,213.3,228.5,-,-,[],C,154.83,154.83,250,250
company,21X000000001360B,,Terminale GNL Adriatico S.r.l.,Adriatic LNG,21X000000001360B,,,21X000000001360B/IT,2023-10-26 14:41:52,2016-06-09,2016-06-10,223.8,228.5,-,-,[],C,119.15,119.15,250,250
company,21X000000001360B,,Terminale GNL Adriatico S.r.l.,Adriatic LNG,21X000000001360B,,,21X000000001360B/IT,2023-10-26 14:41:54,2016-06-10,2016-06-11,223.6,228.5,-,-,[],C,83.45,83.45,250,250
company,21X000000001360B,,Terminale GNL Adriatico S.r.l.,Adriatic LNG,21X000000001360B,,,21X000000001360B/IT,2023-10-26 14:41:56,2016-06-11,2016-06-12,106,228.5,-,-,[],C,66.87,66.87,250,250
company,21X000000001360B,,Terminale GNL Adriatico S.r.l.,Adriatic LNG,21X000000001360B,,,21X000000001360B/IT,2023-10-26 14:41:59,2016-06-12,2016-06-13,117.7,228.5,-,-,[],C,47.77,47.77,250,250
company,21X000000001360B,,Terminale GNL Adriatico S.r.l.,Adriatic LNG,21X000000001360B,,,21X000000001360B/IT,2023-10-26 14:42:01,2016-06-13,2016-06-14,228.2,228.5,-,-,[],C,74.44,74.44,250,250
company,21X000000001360B,,Terminale GNL Adriatico S.r.l.,Adriatic LNG,21X000000001360B,,,21X000000001360B/IT,2023-10-26 14:42:04,2016-06-14,2016-06-15,227.9,228.5,-,-,[],C,113.41,113.41,250,250
company,21X000000001360B,,Terminale GNL Adriatico S.r.l.,Adriatic LNG,21X000000001360B,,,21X000000001360B/IT,2023-10-26 14:42:06,2016-06-15,2016-06-16,212.3,228.5,-,-,[],C,79.49,79.49,250,250
company,21X000000001360B,,Terminale GNL Adriatico S.r.l.,Adriatic LNG,21X000000001360B,,,21X000000001360B/IT,2023-10-26 14:42:09,2016-06-16,2016-06-17,224.1,228.5,-,-,[],C,43.68,43.68,250,250
company,21X000000001360B,,Terminale GNL Adriatico S.r.l.,Adriatic LNG,21X000000001360B,,,21X000000001360B/IT,2023-10-26 14:42:11,2016-06-17,2016-06-18,224,228.5,-,-,[],C,75.39,75.39,250,250
company,21X000000001360B,,Terminale GNL Adriatico S.r.l.,Adriatic LNG,21X000000001360B,,,21X000000001360B/IT,2023-10-26 14:42:13,2016-06-18,2016-06-19,136.3,228.5,-,-,[],C,125.49,125.49,250,250
company,21X000000001360B,,Terminale GNL Adriatico S.r.l.,Adriatic LNG,21X000000001360B,,,21X000000001360B/IT,2023-10-26 14:42:16,2016-06-19,2016-06-20,62.4,228.5,-,-,[],C,115.47,115.47,250,250
company,21X000000001360B,,Terminale GNL Adriatico S.r.l.,Adriatic LNG,21X000000001360B,,,21X000000001360B/IT,2023-10-26 14:42:18,2016-06-20,2016-06-21,227.9,228.5,-,-,[],C,78.76,78.76,250,250
company,21X000000001360B,,Terminale GNL Adriatico S.r.l.,Adriatic LNG,21X000000001360B,,,21X000000001360B/IT,2023-10-26 14:42:21,2016-06-21,2016-06-22,228.2,228.5,-,-,[],C,113.53,113.53,250,250
company,21X000000001360B,,Terminale GNL Adriatico S.r.l.,Adriatic LNG,21X000000001360B,,,21X000000001360B/IT,2023-10-26 14:42:23,2016-06-22,2016-06-23,211.3,228.5,-,-,[],C,153.39,153.39,250,250
company,21X000000001360B,,Terminale GNL Adriatico S.r.l.,Adriatic LNG,21X000000001360B,,,21X000000001360B/IT,2023-10-26 14:42:25,2016-06-23,2016-06-24,228.1,228.5,-,-,[],C,117.03,117.03,250,250
company,21X000000001360B,,Terminale GNL Adriatico S.r.l.,Adriatic LNG,21X000000001360B,,,21X000000001360B/IT,2023-10-26 14:42:28,2016-06-24,2016-06-25,228.1,228.5,-,-,[],C,80.79,80.79,250,250
company,21X000000001360B,,Terminale GNL Adriatico S.r.l.,Adriatic LNG,21X000000001360B,,,21X000000001360B/IT,2023-10-26 14:42:30,2016-06-25,2016-06-26,193.5,228.5,-,-,[],C,155.87,155.87,250,250
company,21X000000001360B,,Terminale GNL Adriatico S.r.l.,Adriatic LNG,21X000000001360B,,,21X000000001360B/IT,2023-10-26 14:42:33,2016-06-26,2016-06-27,166.3,228.5,-,-,[],C,161.98,161.98,250,250
company,21X000000001360B,,Terminale GNL Adriatico S.r.l.,Adriatic LNG,21X000000001360B,,,21X000000001360B/IT,2023-10-26 14:42:35,2016-06-27,2016-06-28,223.4,228.5,-,-,[],C,126.15,126.15,250,250
company,21X000000001360B,,Terminale GNL Adriatico S.r.l.,Adriatic LNG,21X000000001360B,,,21X000000001360B/IT,2023-10-26 14:42:37,2016-06-28,2016-06-29,228.1,228.5,-,-,[],C,89.82,89.82,250,250
company,21X000000001360B,,Terminale GNL Adriatico S.r.l.,Adriatic LNG,21X000000001360B,,,21X000000001360B/IT,2023-10-26 14:42:39,2016-06-29,2016-06-30,228.1,228.5,-,-,[],C,174.58,1106.78,250,1584.92
company,21X000000001360B,,Terminale GNL Adriatico S.r.l.,Adriatic LNG,21X000000001360B,,,21X000000001360B/IT,2023-10-26 14:42:41,2016-06-30,2016-07-01,228,228.5,-,-,[],C,162.09,1027.63,250,1584.97
company,21X000000001360B,,Terminale GNL Adriatico S.r.l.,Adriatic LNG,21X000000001360B,,,21X000000001360B/IT,2023-10-26 14:42:42,2016-07-01,2016-07-02,216.6,228.5,-,-,[],C,127.56,808.66,250,1584.86
company,21X000000001360B,,Terminale GNL Adriatico S.r.l.,Adriatic LNG,21X000000001360B,,,21X000000001360B/IT,2023-10-26 14:42:44,2016-07-02,2016-07-03,135.2,228.5,-,-,[],C,106.09,672.6,250,1584.98
company,21X000000001360B,,Terminale GNL Adriatico S.r.l.,Adriatic LNG,21X000000001360B,,,21X000000001360B/IT,2023-10-26 14:42:46,2016-07-03,2016-07-04,125,228.5,-,-,[],C,86.02,545.34,250,1584.92
company,21X000000001360B,,Terminale GNL Adriatico S.r.l.,Adriatic LNG,21X000000001360B,,,21X000000001360B/IT,2023-10-26 14:42:48,2016-07-04,2016-07-05,192.6,228.5,-,-,[],C,199.7,1266.03,250,1584.91
company,21X000000001360B,,Terminale GNL Adriatico S.r.l.,Adriatic LNG,21X000000001360B,,,21X000000001360B/IT,2023-10-26 14:42:50,2016-07-05,2016-07-06,224,228.5,-,-,[],C,163.74,1038.09,250,1584.97
company,21X000000001360B,,Terminale GNL Adriatico S.r.l.,Adriatic LNG,21X000000001360B,,,21X000000001360B/IT,2023-10-26 14:42:51,2016-07-06,2016-07-07,224,228.5,-,-,[],C,127.81,810.27,250,1584.91
company,21X000000001360B,,Terminale GNL Adriatico S.r.l.,Adriatic LNG,21X000000001360B,,,21X000000001360B/IT,2023-10-26 14:42:53,2016-07-07,2016-07-08,213.5,228.5,-,-,[],C,93.75,594.38,250,1585.01
company,21X000000001360B,,Terminale GNL Adriatico S.r.l.,Adriatic LNG,21X000000001360B,,,21X000000001360B/IT,2023-10-26 14:42:55,2016-07-08,2016-07-09,181.4,228.5,-,-,[],C,64.73,410.34,250,1584.81
company,21X000000001360B,,Terminale GNL Adriatico S.r.l.,Adriatic LNG,21X000000001360B,,,21X000000001360B/IT,2023-10-26 14:42:56,2016-07-09,2016-07-10,151,228.5,-,-,[],C,40.63,257.61,250,1585.1
company,21X000000001360B,,Terminale GNL Adriatico S.r.l.,Adriatic LNG,21X000000001360B,,,21X000000001360B/IT,2023-10-26 14:42:58,2016-07-10,2016-07-11,66.1,228.5,-,-,[],C,75.47,478.46,250,1584.93
company,21X000000001360B,,Terminale GNL Adriatico S.r.l.,Adriatic LNG,21X000000001360B,,,21X000000001360B/IT,2023-10-26 14:43:00,2016-07-11,2016-07-12,208.4,228.5,-,-,[],C,137.46,871.46,250,1584.93
company,21X000000001360B,,Terminale GNL Adriatico S.r.l.,Adriatic LNG,21X000000001360B,,,21X000000001360B/IT,2023-10-26 14:43:02,2016-07-12,2016-07-13,178.7,228.5,-,-,[],C,109.11,691.72,250,1584.91
company,21X000000001360B,,Terminale GNL Adriatico S.r.l.,Adriatic LNG,21X000000001360B,,,21X000000001360B/IT,2023-10-26 14:43:03,2016-07-13,2016-07-14,218.9,228.5,-,-,[],C,74.02,469.24,250,1584.84
company,21X000000001360B,,Terminale GNL Adriatico S.r.l.,Adriatic LNG,21X000000001360B,,,21X000000001360B/IT,2023-10-26 14:43:05,2016-07-14,2016-07-15,166.7,228.5,-,-,[],C,47.57,301.55,250,1584.77
company,21X000000001360B,,Terminale GNL Adriatico S.r.l.,Adriatic LNG,21X000000001360B,,,21X000000001360B/IT,2023-10-26 14:43:07,2016-07-15,2016-07-16,125,228.5,-,-,[],C,27.73,175.81,250,1585.02
company,21X000000001360B,,Terminale GNL Adriatico S.r.l.,Adriatic LNG,21X000000001360B,,,21X000000001360B/IT,2023-10-26 14:43:09,2016-07-16,2016-07-17,125.1,228.5,-,-,[],C,140.35,889.76,250,1584.89
company,21X000000001360B,,Terminale GNL Adriatico S.r.l.,Adriatic LNG,21X000000001360B,,,21X000000001360B/IT,2023-10-26 14:43:10,2016-07-17,2016-07-18,124.9,228.5,-,-,[],C,132.35,839.07,250,1584.95
company,21X000000001360B,,Terminale GNL Adriatico S.r.l.,Adriatic LNG,21X000000001360B,,,21X000000001360B/IT,2023-10-26 14:43:12,2016-07-18,2016-07-19,224,228.5,-,-,[],C,214.97,1362.86,250,1584.94
company,21X000000001360B,,Terminale GNL Adriatico S.r.l.,Adriatic LNG,21X000000001360B,,,21X000000001360B/IT,2023-10-26 14:43:14,2016-07-19,2016-07-20,212.6,228.5,-,-,[],C,196.85,1247.99,250,1584.95
company,21X000000001360B,,Terminale GNL Adriatico S.r.l.,Adriatic LNG,21X000000001360B,,,21X000000001360B/IT,2023-10-26 14:43:16,2016-07-20,2016-07-21,223.9,228.5,-,-,[],C,161,1020.72,250,1584.97
company,21X000000001360B,,Terminale GNL Adriatico S.r.l.,Adriatic LNG,21X000000001360B,,,21X000000001360B/IT,2023-10-26 14:43:17,2016-07-21,2016-07-22,222.5,228.5,-,-,[],C,125.53,795.82,250,1584.92
company,21X000000001360B,,Terminale GNL Adriatico S.r.l.,Adriatic LNG,21X000000001360B,,,21X000000001360B/IT,2023-10-26 14:43:19,2016-07-22,2016-07-23,222.5,228.5,-,-,[],C,125.53,0,250,0
company,21X000000001360B,,Terminale GNL Adriatico S.r.l.,Adriatic LNG,21X000000001360B,,,21X000000001360B/IT,2023-10-26 14:43:21,2016-07-23,2016-07-24,222.5,228.5,-,-,[],C,125.53,0,250,0
company,21X000000001360B,,Terminale GNL Adriatico S.r.l.,Adriatic LNG,21X000000001360B,,,21X000000001360B/IT,2023-10-26 14:43:23,2016-07-24,2016-07-25,222.5,228.5,-,-,[],C,125.53,0,250,0
company,21X000000001360B,,Terminale GNL Adriatico S.r.l.,Adriatic LNG,21X000000001360B,,,21X000000001360B/IT,2023-10-26 14:43:24,2016-07-25,2016-07-26,224,228.5,-,-,[],C,135.65,859.99,250,1584.94
company,21X000000001360B,,Terminale GNL Adriatico S.r.l.,Adriatic LNG,21X000000001360B,,,21X000000001360B/IT,2023-10-26 14:43:26,2016-07-26,2016-07-27,224,228.5,-,-,[],C,100.04,634.22,250,1584.92
company,21X000000001360B,,Terminale GNL Adriatico S.r.l.,Adriatic LNG,21X000000001360B,,,21X000000001360B/IT,2023-10-26 14:43:28,2016-07-27,2016-07-28,223.9,228.5,-,-,[],C,64.18,406.89,250,1584.96
company,21X000000001360B,,Terminale GNL Adriatico S.r.l.,Adriatic LNG,21X000000001360B,,,21X000000001360B/IT,2023-10-26 14:43:29,2016-07-28,2016-07-29,224.2,228.5,-,-,[],C,67.19,425.94,250,1584.83
company,21X000000001360B,,Terminale GNL Adriatico S.r.l.,Adriatic LNG,21X000000001360B,,,21X000000001360B/IT,2023-10-26 14:43:31,2016-07-29,2016-07-30,104,228.5,-,-,[],C,156.75,993.73,250,1584.9
company,21X000000001360B,,Terminale GNL Adriatico S.r.l.,Adriatic LNG,21X000000001360B,,,21X000000001360B/IT,2023-10-26 14:43:33,2016-07-30,2016-07-31,2.3,228.5,-,-,[],C,156.66,993.17,250,1584.91
company,21X000000001360B,,Terminale GNL Adriatico S.r.l.,Adriatic LNG,21X000000001360B,,,21X000000001360B/IT,2023-10-26 14:43:35,2016-07-31,2016-08-01,0,228.5,-,-,[],C,156.56,992.53,250,1584.9
company,21X000000001360B,,Terminale GNL Adriatico S.r.l.,Adriatic LNG,21X000000001360B,,,21X000000001360B/IT,2023-10-26 14:43:36,2016-08-01,2016-08-02,0,228.5,-,-,[],C,156.36,991.25,250,1584.88
company,21X000000001360B,,Terminale GNL Adriatico S.r.l.,Adriatic LNG,21X000000001360B,,,21X000000001360B/IT,2023-10-26 14:43:38,2016-08-02,2016-08-03,0,228.5,-,-,[],C,156.1,989.64,250,1584.95
company,21X000000001360B,,Terminale GNL Adriatico S.r.l.,Adriatic LNG,21X000000001360B,,,21X000000001360B/IT,2023-10-26 14:43:40,2016-08-03,2016-08-04,0,228.5,-,-,[],C,155.7,987.1,250,1584.94
company,21X000000001360B,,Terminale GNL Adriatico S.r.l.,Adriatic LNG,21X000000001360B,,,21X000000001360B/IT,2023-10-26 14:43:41,2016-08-04,2016-08-05,0,228.5,-,-,[],C,155.4,985.18,250,1584.91
company,21X000000001360B,,Terminale GNL Adriatico S.r.l.,Adriatic LNG,21X000000001360B,,,21X000000001360B/IT,2023-10-26 14:43:43,2016-08-05,2016-08-06,0,228.5,-,-,[],C,155.07,983.09,250,1584.91
company,21X000000001360B,,Terminale GNL Adriatico S.r.l.,Adriatic LNG,21X000000001360B,,,21X000000001360B/IT,2023-10-26 14:43:45,2016-08-06,2016-08-07,0,228.5,-,-,[],C,154.87,981.81,250,1584.89
company,21X000000001360B,,Terminale GNL Adriatico S.r.l.,Adriatic LNG,21X000000001360B,,,21X000000001360B/IT,2023-10-26 14:43:47,2016-08-07,2016-08-08,0,228.5,-,-,[],C,154.5,979.47,250,1584.9
company,21X000000001360B,,Terminale GNL Adriatico S.r.l.,Adriatic LNG,21X000000001360B,,,21X000000001360B/IT,2023-10-26 14:43:48,2016-08-08,2016-08-09,0,228.5,-,-,[],C,154.16,977.3,250,1584.88
company,21X000000001360B,,Terminale GNL Adriatico S.r.l.,Adriatic LNG,21X000000001360B,,,21X000000001360B/IT,2023-10-26 14:43:50,2016-08-09,2016-08-10,0,228.5,-,-,[],C,153.83,975.21,250,1584.88
company,21X000000001360B,,Terminale GNL Adriatico S.r.l.,Adriatic LNG,21X000000001360B,,,21X000000001360B/IT,2023-10-26 14:43:52,2016-08-10,2016-08-11,0,228.5,-,-,[],C,153.43,972.7,250,1584.92
company,21X000000001360B,,Terminale GNL Adriatico S.r.l.,Adriatic LNG,21X000000001360B,,,21X000000001360B/IT,2023-10-26 14:43:53,2016-08-11,2016-08-12,41.6,228.5,-,-,[],C,146.52,928.89,250,1584.92
company,21X000000001360B,,Terminale GNL Adriatico S.r.l.,Adriatic LNG,21X000000001360B,,,21X000000001360B/IT,2023-10-26 14:43:55,2016-08-12,2016-08-13,62.4,228.5,-,-,[],C,136.68,866.52,250,1584.94
company,21X000000001360B,,Terminale GNL Adriatico S.r.l.,Adriatic LNG,21X000000001360B,,,21X000000001360B/IT,2023-10-26 14:43:57,2016-08-13,2016-08-14,52.1,228.5,-,-,[],C,128.32,813.48,250,1584.87
company,21X000000001360B,,Terminale GNL Adriatico S.r.l.,Adriatic LNG,21X000000001360B,,,21X000000001360B/IT,2023-10-26 14:43:58,2016-08-14,2016-08-15,52,228.5,-,-,[],C,119.95,760.47,250,1584.97
company,21X000000001360B,,Terminale GNL Adriatico S.r.l.,Adriatic LNG,21X000000001360B,,,21X000000001360B/IT,2023-10-26 14:44:00,2016-08-15,2016-08-16,78.1,228.5,-,-,[],C,107.4,680.91,250,1584.99
company,21X000000001360B,,Terminale GNL Adriatico S.r.l.,Adriatic LNG,21X000000001360B,,,21X000000001360B/IT,2023-10-26 14:44:02,2016-08-16,2016-08-17,93.8,228.5,-,-,[],C,92.28,585.03,250,1584.93
company,21X000000001360B,,Terminale GNL Adriatico S.r.l.,Adriatic LNG,21X000000001360B,,,21X000000001360B/IT,2023-10-26 14:44:04,2016-08-17,2016-08-18,116.3,228.5,-,-,[],C,73.65,466.94,250,1585
company,21X000000001360B,,Terminale GNL Adriatico S.r.l.,Adriatic LNG,21X000000001360B,,,21X000000001360B/IT,2023-10-26 14:44:06,2016-08-18,2016-08-19,130.4,228.5,-,-,[],C,52.68,333.97,250,1584.9
company,21X000000001360B,,Terminale GNL Adriatico S.r.l.,Adriatic LNG,21X000000001360B,,,21X000000001360B/IT,2023-10-26 14:44:08,2016-08-19,2016-08-20,167.1,228.5,-,-,[],C,95.9,607.97,250,1584.91
company,21X000000001360B,,Terminale GNL Adriatico S.r.l.,Adriatic LNG,21X000000001360B,,,21X000000001360B/IT,2023-10-26 14:44:09,2016-08-20,2016-08-21,191.9,228.5,-,-,[],C,139.22,882.61,250,1584.92
company,21X000000001360B,,Terminale GNL Adriatico S.r.l.,Adriatic LNG,21X000000001360B,,,21X000000001360B/IT,2023-10-26 14:44:11,2016-08-21,2016-08-22,175.4,228.5,-,-,[],C,111.13,704.56,250,1584.99
company,21X000000001360B,,Terminale GNL Adriatico S.r.l.,Adriatic LNG,21X000000001360B,,,21X000000001360B/IT,2023-10-26 14:44:13,2016-08-22,2016-08-23,208.6,228.5,-,-,[],C,77.73,492.8,250,1584.97
company,21X000000001360B,,Terminale GNL Adriatico S.r.l.,Adriatic LNG,21X000000001360B,,,21X000000001360B/IT,2023-10-26 14:44:14,2016-08-23,2016-08-24,188.8,228.5,-,-,[],C,140.84,892.9,250,1584.95
company,21X000000001360B,,Terminale GNL Adriatico S.r.l.,Adriatic LNG,21X000000001360B,,,21X000000001360B/IT,2023-10-26 14:44:16,2016-08-24,2016-08-25,207.3,228.5,-,-,[],C,159.3,1009.94,250,1584.97
company,21X000000001360B,,Terminale GNL Adriatico S.r.l.,Adriatic LNG,21X000000001360B,,,21X000000001360B/IT,2023-10-26 14:44:18,2016-08-25,2016-08-26,192.7,228.5,-,-,[],C,128.63,815.5,250,1584.97
company,21X000000001360B,,Terminale GNL Adriatico S.r.l.,Adriatic LNG,21X000000001360B,,,21X000000001360B/IT,2023-10-26 14:44:20,2016-08-26,2016-08-27,218.8,228.5,-,-,[],C,93.72,594.18,250,1584.99
company,21X000000001360B,,Terminale GNL Adriatico S.r.l.,Adriatic LNG,21X000000001360B,,,21X000000001360B/IT,2023-10-26 14:44:22,2016-08-27,2016-08-28,161.5,228.5,-,-,[],C,139.2,882.51,250,1584.97
company,21X000000001360B,,Terminale GNL Adriatico S.r.l.,Adriatic LNG,21X000000001360B,,,21X000000001360B/IT,2023-10-26 14:44:23,2016-08-28,2016-08-29,120.6,228.5,-,-,[],C,186.9,1184.87,250,1584.9
company,21X000000001360B,,Terminale GNL Adriatico S.r.l.,Adriatic LNG,21X000000001360B,,,21X000000001360B/IT,2023-10-26 14:44:25,2016-08-29,2016-08-30,223.7,228.5,-,-,[],C,150.77,955.84,250,1584.93
company,21X000000001360B,,Terminale GNL Adriatico S.r.l.,Adriatic LNG,21X000000001360B,,,21X000000001360B/IT,2023-10-26 14:44:27,2016-08-30,2016-08-31,223.7,228.5,-,-,[],C,114.93,728.63,250,1584.94
company,21X000000001360B,,Terminale GNL Adriatico S.r.l.,Adriatic LNG,21X000000001360B,,,21X000000001360B/IT,2023-10-26 14:44:28,2016-08-31,2016-09-01,223.9,228.5,-,-,[],C,79.45,503.69,250,1584.93
company,21X000000001360B,,Terminale GNL Adriatico S.r.l.,Adriatic LNG,21X000000001360B,,,21X000000001360B/IT,2023-10-26 14:44:30,2016-09-01,2016-09-02,192.6,228.5,-,-,[],C,51.59,327.09,250,1585.05
company,21X000000001360B,,Terminale GNL Adriatico S.r.l.,Adriatic LNG,21X000000001360B,,,21X000000001360B/IT,2023-10-26 14:44:31,2016-09-02,2016-09-03,219.9,228.5,-,-,[],C,157.81,1000.49,250,1584.96
company,21X000000001360B,,Terminale GNL Adriatico S.r.l.,Adriatic LNG,21X000000001360B,,,21X000000001360B/IT,2023-10-26 14:44:33,2016-09-03,2016-09-04,222,228.5,-,-,[],C,122.35,775.67,250,1584.94
company,21X000000001360B,,Terminale GNL Adriatico S.r.l.,Adriatic LNG,21X000000001360B,,,21X000000001360B/IT,2023-10-26 14:44:35,2016-09-04,2016-09-05,218.5,228.5,-,-,[],C,203.51,1290.18,250,1584.91
company,21X000000001360B,,Terminale GNL Adriatico S.r.l.,Adriatic LNG,21X000000001360B,,,21X000000001360B/IT,2023-10-26 14:44:36,2016-09-05,2016-09-06,204,228.5,-,-,[],C,195.62,1240.14,250,1584.88
company,21X000000001360B,,Terminale GNL Adriatico S.r.l.,Adriatic LNG,21X000000001360B,,,21X000000001360B/IT,2023-10-26 14:44:38,2016-09-06,2016-09-07,223.6,228.5,-,-,[],C,159.39,1010.46,250,1584.89
company,21X000000001360B,,Terminale GNL Adriatico S.r.l.,Adriatic LNG,21X000000001360B,,,21X000000001360B/IT,2023-10-26 14:44:40,2016-09-07,2016-09-08,197.8,228.5,-,-,[],C,128.1,812.09,250,1584.88
company,21X000000001360B,,Terminale GNL Adriatico S.r.l.,Adriatic LNG,21X000000001360B,,,21X000000001360B/IT,2023-10-26 14:44:42,2016-09-08,2016-09-09,184.8,228.5,-,-,[],C,98.68,625.59,250,1584.9
company,21X000000001360B,,Terminale GNL Adriatico S.r.l.,Adriatic LNG,21X000000001360B,,,21X000000001360B/IT,2023-10-26 14:44:43,2016-09-09,2016-09-10,177,228.5,-,-,[],C,128.38,813.91,250,1584.96
company,21X000000001360B,,Terminale GNL Adriatico S.r.l.,Adriatic LNG,21X000000001360B,,,21X000000001360B/IT,2023-10-26 14:44:45,2016-09-10,2016-09-11,141.5,228.5,-,-,[],C,186.39,1181.67,250,1584.94
company,21X000000001360B,,Terminale GNL Adriatico S.r.l.,Adriatic LNG,21X000000001360B,,,21X000000001360B/IT,2023-10-26 14:44:47,2016-09-11,2016-09-12,164,228.5,-,-,[],C,160.1,1015,250,1584.95
company,21X000000001360B,,Terminale GNL Adriatico S.r.l.,Adriatic LNG,21X000000001360B,,,21X000000001360B/IT,2023-10-26 14:44:49,2016-09-12,2016-09-13,193.7,228.5,-,-,[],C,129.21,819.14,250,1584.9
company,21X000000001360B,,Terminale GNL Adriatico S.r.l.,Adriatic LNG,21X000000001360B,,,21X000000001360B/IT,2023-10-26 14:44:50,2016-09-13,2016-09-14,196.8,228.5,-,-,[],C,157.51,998.54,250,1584.88
company,21X000000001360B,,Terminale GNL Adriatico S.r.l.,Adriatic LNG,21X000000001360B,,,21X000000001360B/IT,2023-10-26 14:44:52,2016-09-14,2016-09-15,223.8,228.5,-,-,[],C,208.2,1319.95,250,1584.95
company,21X000000001360B,,Terminale GNL Adriatico S.r.l.,Adriatic LNG,21X000000001360B,,,21X000000001360B/IT,2023-10-26 14:44:54,2016-09-15,2016-09-16,181.8,228.5,-,-,[],C,179.48,1137.83,250,1584.9
company,21X000000001360B,,Terminale GNL Adriatico S.r.l.,Adriatic LNG,21X000000001360B,,,21X000000001360B/IT,2023-10-26 14:44:55,2016-09-16,2016-09-17,224.1,228.5,-,-,[],C,143.56,910.12,250,1584.91
company,21X000000001360B,,Terminale GNL Adriatico S.r.l.,Adriatic LNG,21X000000001360B,,,21X000000001360B/IT,2023-10-26 14:44:57,2016-09-17,2016-09-18,220,228.5,-,-,[],C,108.41,687.28,250,1584.91
company,21X000000001360B,,Terminale GNL Adriatico S.r.l.,Adriatic LNG,21X000000001360B,,,21X000000001360B/IT,2023-10-26 14:44:59,2016-09-18,2016-09-19,135.3,228.5,-,-,[],C,87.02,551.71,250,1585.01
company,21X000000001360B,,Terminale GNL Adriatico S.r.l.,Adriatic LNG,21X000000001360B,,,21X000000001360B/IT,2023-10-26 14:45:01,2016-09-19,2016-09-20,224.1,228.5,-,-,[],C,51.1,323.94,250,1584.83
company,21X000000001360B,,Terminale GNL Adriatico S.r.l.,Adriatic LNG,21X000000001360B,,,21X000000001360B/IT,2023-10-26 14:45:02,2016-09-20,2016-09-21,224.3,228.5,-,-,[],C,114.48,725.8,250,1584.99
company,21X000000001360B,,Terminale GNL Adriatico S.r.l.,Adriatic LNG,21X000000001360B,,,21X000000001360B/IT,2023-10-26 14:45:04,2016-09-21,2016-09-22,223.9,228.5,-,-,[],C,124.68,790.45,250,1584.96
company,21X000000001360B,,Terminale GNL Adriatico S.r.l.,Adriatic LNG,21X000000001360B,,,21X000000001360B/IT,2023-10-26 14:45:06,2016-09-22,2016-09-23,204.2,228.5,-,-,[],C,92.11,583.95,250,1584.93
company,21X000000001360B,,Terminale GNL Adriatico S.r.l.,Adriatic LNG,21X000000001360B,,,21X000000001360B/IT,2023-10-26 14:45:08,2016-09-23,2016-09-24,224,228.5,-,-,[],C,56.12,355.75,250,1584.77
company,21X000000001360B,,Terminale GNL Adriatico S.r.l.,Adriatic LNG,21X000000001360B,,,21X000000001360B/IT,2023-10-26 14:45:10,2016-09-24,2016-09-25,178.1,228.5,-,-,[],C,96.25,610.19,250,1584.91
company,21X000000001360B,,Terminale GNL Adriatico S.r.l.,Adriatic LNG,21X000000001360B,,,21X000000001360B/IT,2023-10-26 14:45:11,2016-09-25,2016-09-26,145.7,228.5,-,-,[],C,143.74,911.27,250,1584.93
company,21X000000001360B,,Terminale GNL Adriatico S.r.l.,Adriatic LNG,21X000000001360B,,,21X000000001360B/IT,2023-10-26 14:45:13,2016-09-26,2016-09-27,221.7,228.5,-,-,[],C,107.97,684.5,250,1584.93
company,21X000000001360B,,Terminale GNL Adriatico S.r.l.,Adriatic LNG,21X000000001360B,,,21X000000001360B/IT,2023-10-26 14:45:15,2016-09-27,2016-09-28,224,228.5,-,-,[],C,72.3,458.39,250,1585.03
company,21X000000001360B,,Terminale GNL Adriatico S.r.l.,Adriatic LNG,21X000000001360B,,,21X000000001360B/IT,2023-10-26 14:45:16,2016-09-28,2016-09-29,211.5,228.5,-,-,[],C,104.44,662.11,250,1584.91
company,21X000000001360B,,Terminale GNL Adriatico S.r.l.,Adriatic LNG,21X000000001360B,,,21X000000001360B/IT,2023-10-26 14:45:18,2016-09-29,2016-09-30,213.7,228.5,-,-,[],C,149.9,950.34,250,1584.96
company,21X000000001360B,,Terminale GNL Adriatico S.r.l.,Adriatic LNG,21X000000001360B,,,21X000000001360B/IT,2023-10-26 14:45:20,2016-09-30,2016-10-01,190.4,228.5,-,-,[],C,119.54,757.82,250,1584.87
company,21X000000001360B,,Terminale GNL Adriatico S.r.l.,Adriatic LNG,21X000000001360B,,,21X000000001360B/IT,2023-10-26 14:45:22,2016-10-01,2016-10-02,125.9,228.5,-,-,[],C,99.36,629.93,250,1584.97
company,21X000000001360B,,Terminale GNL Adriatico S.r.l.,Adriatic LNG,21X000000001360B,,,21X000000001360B/IT,2023-10-26 14:45:23,2016-10-02,2016-10-03,104.1,228.5,-,-,[],C,195.61,1240.09,250,1584.9
company,21X000000001360B,,Terminale GNL Adriatico S.r.l.,Adriatic LNG,21X000000001360B,,,21X000000001360B/IT,2023-10-26 14:45:25,2016-10-03,2016-10-04,182.2,228.5,-,-,[],C,191.8,1215.96,250,1584.93
company,21X000000001360B,,Terminale GNL Adriatico S.r.l.,Adriatic LNG,21X000000001360B,,,21X000000001360B/IT,2023-10-26 14:45:26,2016-10-04,2016-10-05,187.5,228.5,-,-,[],C,161.83,1025.95,250,1584.92
company,21X000000001360B,,Terminale GNL Adriatico S.r.l.,Adriatic LNG,21X000000001360B,,,21X000000001360B/IT,2023-10-26 14:45:28,2016-10-05,2016-10-06,177.1,228.5,-,-,[],C,133.42,845.84,250,1584.92
company,21X000000001360B,,Terminale GNL Adriatico S.r.l.,Adriatic LNG,21X000000001360B,,,21X000000001360B/IT,2023-10-26 14:45:30,2016-10-06,2016-10-07,208.2,228.5,-,-,[],C,220.33,1396.8,250,1584.9
company,21X000000001360B,,Terminale GNL Adriatico S.r.l.,Adriatic LNG,21X000000001360B,,,21X000000001360B/IT,2023-10-26 14:45:31,2016-10-07,2016-10-08,135.3,228.5,-,-,[],C,220.42,1397.38,250,1584.91
company,21X000000001360B,,Terminale GNL Adriatico S.r.l.,Adriatic LNG,21X000000001360B,,,21X000000001360B/IT,2023-10-26 14:45:33,2016-10-08,2016-10-09,93.6,228.5,-,-,[],C,205.51,1302.89,250,1584.95
company,21X000000001360B,,Terminale GNL Adriatico S.r.l.,Adriatic LNG,21X000000001360B,,,21X000000001360B/IT,2023-10-26 14:45:35,2016-10-09,2016-10-10,62.4,228.5,-,-,[],C,195.36,1238.54,250,1584.95
company,21X000000001360B,,Terminale GNL Adriatico S.r.l.,Adriatic LNG,21X000000001360B,,,21X000000001360B/IT,2023-10-26 14:45:36,2016-10-10,2016-10-11,151,228.5,-,-,[],C,171.04,1084.32,250,1584.89
company,21X000000001360B,,Terminale GNL Adriatico S.r.l.,Adriatic LNG,21X000000001360B,,,21X000000001360B/IT,2023-10-26 14:45:38,2016-10-11,2016-10-12,161.6,228.5,-,-,[],C,145.12,920.01,250,1584.91
company,21X000000001360B,,Terminale GNL Adriatico S.r.l.,Adriatic LNG,21X000000001360B,,,21X000000001360B/IT,2023-10-26 14:45:40,2016-10-12,2016-10-13,172.1,228.5,-,-,[],C,117.54,745.17,250,1584.93
company,21X000000001360B,,Terminale GNL Adriatico S.r.l.,Adriatic LNG,21X000000001360B,,,21X000000001360B/IT,2023-10-26 14:45:41,2016-10-13,2016-10-14,134.5,228.5,-,-,[],C,96.24,610.14,250,1584.94
company,21X000000001360B,,Terminale GNL Adriatico S.r.l.,Adriatic LNG,21X000000001360B,,,21X000000001360B/IT,2023-10-26 14:45:43,2016-10-14,2016-10-15,83.3,228.5,-,-,[],C,82.72,524.4,250,1584.86
company,21X000000001360B,,Terminale GNL Adriatico S.r.l.,Adriatic LNG,21X000000001360B,,,21X000000001360B/IT,2023-10-26 14:45:45,2016-10-15,2016-10-16,62.5,228.5,-,-,[],C,72.57,460.08,250,1584.95
company,21X000000001360B,,Terminale GNL Adriatico S.r.l.,Adriatic LNG,21X000000001360B,,,21X000000001360B/IT,2023-10-26 14:45:46,2016-10-16,2016-10-17,62.5,228.5,-,-,[],C,62.46,395.96,250,1584.85
company,21X000000001360B,,Terminale GNL Adriatico S.r.l.,Adriatic LNG,21X000000001360B,,,21X000000001360B/IT,2023-10-26 14:45:48,2016-10-17,2016-10-18,120,228.5,-,-,[],C,104.76,664.17,250,1584.98
company,21X000000001360B,,Terminale GNL Adriatico S.r.l.,Adriatic LNG,21X000000001360B,,,21X000000001360B/IT,2023-10-26 14:45:50,2016-10-18,2016-10-19,130.3,228.5,-,-,[],C,167.33,1060.84,250,1584.95
company,21X000000001360B,,Terminale GNL Adriatico S.r.l.,Adriatic LNG,21X000000001360B,,,21X000000001360B/IT,2023-10-26 14:45:51,2016-10-19,2016-10-20,135.4,228.5,-,-,[],C,145.46,922.17,250,1584.92
company,21X000000001360B,,Terminale GNL Adriatico S.r.l.,Adriatic LNG,21X000000001360B,,,21X000000001360B/IT,2023-10-26 14:45:53,2016-10-20,2016-10-21,99,228.5,-,-,[],C,129.66,821.98,250,1584.88
company,21X000000001360B,,Terminale GNL Adriatico S.r.l.,Adriatic LNG,21X000000001360B,,,21X000000001360B/IT,2023-10-26 14:45:55,2016-10-21,2016-10-22,192.9,228.5,-,-,[],C,98.56,624.83,250,1584.9
company,21X000000001360B,,Terminale GNL Adriatico S.r.l.,Adriatic LNG,21X000000001360B,,,21X000000001360B/IT,2023-10-26 14:45:56,2016-10-22,2016-10-23,146,228.5,-,-,[],C,75.3,477.38,250,1584.93
company,21X000000001360B,,Terminale GNL Adriatico S.r.l.,Adriatic LNG,21X000000001360B,,,21X000000001360B/IT,2023-10-26 14:45:58,2016-10-23,2016-10-24,67.7,228.5,-,-,[],C,64.55,409.22,250,1584.9
company,21X000000001360B,,Terminale GNL Adriatico S.r.l.,Adriatic LNG,21X000000001360B,,,21X000000001360B/IT,2023-10-26 14:46:00,2016-10-24,2016-10-25,135.6,228.5,-,-,[],C,42.64,270.31,250,1584.84
company,21X000000001360B,,Terminale GNL Adriatico S.r.l.,Adriatic LNG,21X000000001360B,,,21X000000001360B/IT,2023-10-26 14:46:02,2016-10-25,2016-10-26,174.2,228.5,-,-,[],C,83.1,526.84,250,1584.96
company,21X000000001360B,,Terminale GNL Adriatico S.r.l.,Adriatic LNG,21X000000001360B,,,21X000000001360B/IT,2023-10-26 14:46:03,2016-10-26,2016-10-27,194.5,228.5,-,-,[],C,125.09,793.03,250,1584.92
company,21X000000001360B,,Terminale GNL Adriatico S.r.l.,Adriatic LNG,21X000000001360B,,,21X000000001360B/IT,2023-10-26 14:46:05,2016-10-27,2016-10-28,163.4,228.5,-,-,[],C,99.43,630.36,250,1584.93
company,21X000000001360B,,Terminale GNL Adriatico S.r.l.,Adriatic LNG,21X000000001360B,,,21X000000001360B/IT,2023-10-26 14:46:07,2016-10-28,2016-10-29,72.8,228.5,-,-,[],C,87.65,555.67,250,1584.91
company,21X000000001360B,,Terminale GNL Adriatico S.r.l.,Adriatic LNG,21X000000001360B,,,21X000000001360B/IT,2023-10-26 14:46:08,2016-10-29,2016-10-30,204.7,228.5,-,-,[],C,124.36,788.38,250,1584.87
company,21X000000001360B,,Terminale GNL Adriatico S.r.l.,Adriatic LNG,21X000000001360B,,,21X000000001360B/IT,2023-10-26 14:46:10,2016-10-30,2016-10-31,104,228.5,-,-,[],C,179.98,1141.04,250,1584.95
company,21X000000001360B,,Terminale GNL Adriatico S.r.l.,Adriatic LNG,21X000000001360B,,,21X000000001360B/IT,2023-10-26 14:46:12,2016-10-31,2016-11-01,194.8,228.5,-,-,[],C,148.59,942.03,250,1584.95
company,21X000000001360B,,Terminale GNL Adriatico S.r.l.,Adriatic LNG,21X000000001360B,,,21X000000001360B/IT,2023-10-26 14:46:13,2016-11-01,2016-11-02,145.8,228.5,-,-,[],C,125.15,793.41,250,1584.92
company,21X000000001360B,,Terminale GNL Adriatico S.r.l.,Adriatic LNG,21X000000001360B,,,21X000000001360B/IT,2023-10-26 14:46:15,2016-11-02,2016-11-03,223.9,228.5,-,-,[],C,179.18,1135.94,250,1584.91
company,21X000000001360B,,Terminale GNL Adriatico S.r.l.,Adriatic LNG,21X000000001360B,,,21X000000001360B/IT,2023-10-26 14:46:17,2016-11-03,2016-11-04,223.9,228.5,-,-,[],C,194.56,1233.45,250,1584.92
company,21X000000001360B,,Terminale GNL Adriatico S.r.l.,Adriatic LNG,21X000000001360B,,,21X000000001360B/IT,2023-10-26 14:46:18,2016-11-04,2016-11-05,223.9,228.5,-,-,[],C,158.81,1006.81,250,1584.93
company,21X000000001360B,,Terminale GNL Adriatico S.r.l.,Adriatic LNG,21X000000001360B,,,21X000000001360B/IT,2023-10-26 14:46:20,2016-11-05,2016-11-06,223.9,228.5,-,-,[],C,158.81,1006.81,250,1584.93
company,21X000000001360B,,Terminale GNL Adriatico S.r.l.,Adriatic LNG,21X000000001360B,,,21X000000001360B/IT,2023-10-26 14:46:22,2016-11-06,2016-11-07,93.6,228.5,-,-,[],C,113.99,722.69,250,1584.99
company,21X000000001360B,,Terminale GNL Adriatico S.r.l.,Adriatic LNG,21X000000001360B,,,21X000000001360B/IT,2023-10-26 14:46:23,2016-11-07,2016-11-08,156.1,228.5,-,-,[],C,232.53,1474.18,250,1584.94
company,21X000000001360B,,Terminale GNL Adriatico S.r.l.,Adriatic LNG,21X000000001360B,,,21X000000001360B/IT,2023-10-26 14:46:25,2016-11-08,2016-11-09,145.6,228.5,-,-,[],C,209.93,1330.88,250,1584.91
company,21X000000001360B,,Terminale GNL Adriatico S.r.l.,Adriatic LNG,21X000000001360B,,,21X000000001360B/IT,2023-10-26 14:46:27,2016-11-09,2016-11-10,93.8,228.5,-,-,[],C,194.84,1235.24,250,1584.94
company,21X000000001360B,,Terminale GNL Adriatico S.r.l.,Adriatic LNG,21X000000001360B,,,21X000000001360B/IT,2023-10-26 14:46:29,2016-11-10,2016-11-11,171.8,228.5,-,-,[],C,167.04,1058.96,250,1584.89
company,21X000000001360B,,Terminale GNL Adriatico S.r.l.,Adriatic LNG,21X000000001360B,,,21X000000001360B/IT,2023-10-26 14:46:30,2016-11-11,2016-11-12,150.9,228.5,-,-,[],C,142.8,905.33,250,1584.96
company,21X000000001360B,,Terminale GNL Adriatico S.r.l.,Adriatic LNG,21X000000001360B,,,21X000000001360B/IT,2023-10-26 14:46:32,2016-11-12,2016-11-13,72.9,228.5,-,-,[],C,131.29,832.33,250,1584.91
company,21X000000001360B,,Terminale GNL Adriatico S.r.l.,Adriatic LNG,21X000000001360B,,,21X000000001360B/IT,2023-10-26 14:46:34,2016-11-13,2016-11-14,83.3,228.5,-,-,[],C,117.73,746.37,250,1584.92
company,21X000000001360B,,Terminale GNL Adriatico S.r.l.,Adriatic LNG,21X000000001360B,,,21X000000001360B/IT,2023-10-26 14:46:35,2016-11-14,2016-11-15,161.6,228.5,-,-,[],C,91.91,582.68,250,1584.92
company,21X000000001360B,,Terminale GNL Adriatico S.r.l.,Adriatic LNG,21X000000001360B,,,21X000000001360B/IT,2023-10-26 14:46:37,2016-11-15,2016-11-16,166.8,228.5,-,-,[],C,65.27,413.78,250,1584.88
company,21X000000001360B,,Terminale GNL Adriatico S.r.l.,Adriatic LNG,21X000000001360B,,,21X000000001360B/IT,2023-10-26 14:46:39,2016-11-16,2016-11-17,93.8,228.5,-,-,[],C,50.2,318.28,250,1585.06
company,21X000000001360B,,Terminale GNL Adriatico S.r.l.,Adriatic LNG,21X000000001360B,,,21X000000001360B/IT,2023-10-26 14:46:41,2016-11-17,2016-11-18,62.5,228.5,-,-,[],C,40.09,254.15,250,1584.87
company,21X000000001360B,,Terminale GNL Adriatico S.r.l.,Adriatic LNG,21X000000001360B,,,21X000000001360B/IT,2023-10-26 14:46:42,2016-11-18,2016-11-19,62.5,228.5,-,-,[],C,104.1,659.97,250,1584.94
company,21X000000001360B,,Terminale GNL Adriatico S.r.l.,Adriatic LNG,21X000000001360B,,,21X000000001360B/IT,2023-10-26 14:46:44,2016-11-19,2016-11-20,104.1,228.5,-,-,[],C,158.14,1002.54,250,1584.89
company,21X000000001360B,,Terminale GNL Adriatico S.r.l.,Adriatic LNG,21X000000001360B,,,21X000000001360B/IT,2023-10-26 14:46:46,2016-11-20,2016-11-21,73,228.5,-,-,[],C,146.31,927.56,250,1584.92
company,21X000000001360B,,Terminale GNL Adriatico S.r.l.,Adriatic LNG,21X000000001360B,,,21X000000001360B/IT,2023-10-26 14:46:47,2016-11-21,2016-11-22,93.7,228.5,-,-,[],C,131.18,831.62,250,1584.88
company,21X000000001360B,,Terminale GNL Adriatico S.r.l.,Adriatic LNG,21X000000001360B,,,21X000000001360B/IT,2023-10-26 14:46:49,2016-11-22,2016-11-23,93.9,228.5,-,-,[],C,116.05,735.75,250,1584.98
company,21X000000001360B,,Terminale GNL Adriatico S.r.l.,Adriatic LNG,21X000000001360B,,,21X000000001360B/IT,2023-10-26 14:46:51,2016-11-23,2016-11-24,94,228.5,-,-,[],C,100.92,639.81,250,1584.94
company,21X000000001360B,,Terminale GNL Adriatico S.r.l.,Adriatic LNG,21X000000001360B,,,21X000000001360B/IT,2023-10-26 14:46:52,2016-11-24,2016-11-25,83.5,228.5,-,-,[],C,87.51,554.82,250,1585.02
company,21X000000001360B,,Terminale GNL Adriatico S.r.l.,Adriatic LNG,21X000000001360B,,,21X000000001360B/IT,2023-10-26 14:46:54,2016-11-25,2016-11-26,83.5,228.5,-,-,[],C,73.99,469.08,250,1584.94
company,21X000000001360B,,Terminale GNL Adriatico S.r.l.,Adriatic LNG,21X000000001360B,,,21X000000001360B/IT,2023-10-26 14:46:56,2016-11-26,2016-11-27,104.5,228.5,-,-,[],C,121.96,773.22,250,1584.99
company,21X000000001360B,,Terminale GNL Adriatico S.r.l.,Adriatic LNG,21X000000001360B,,,21X000000001360B/IT,2023-10-26 14:46:57,2016-11-27,2016-11-28,82.4,228.5,-,-,[],C,183.25,1161.74,250,1584.91
company,21X000000001360B,,Terminale GNL Adriatico S.r.l.,Adriatic LNG,21X000000001360B,,,21X000000001360B/IT,2023-10-26 14:46:59,2016-11-28,2016-11-29,224.1,228.5,-,-,[],C,146.95,931.64,250,1584.96
company,21X000000001360B,,Terminale GNL Adriatico S.r.l.,Adriatic LNG,21X000000001360B,,,21X000000001360B/IT,2023-10-26 14:47:01,2016-11-29,2016-11-30,222.9,228.5,-,-,[],C,111.3,705.59,250,1584.88
company,21X000000001360B,,Terminale GNL Adriatico S.r.l.,Adriatic LNG,21X000000001360B,,,21X000000001360B/IT,2023-10-26 14:47:03,2016-11-30,2016-12-01,223.1,228.5,-,-,[],C,172.31,1092.41,250,1584.95
company,21X000000001360B,,Terminale GNL Adriatico S.r.l.,Adriatic LNG,21X000000001360B,,,21X000000001360B/IT,2023-10-26 14:47:04,2016-12-01,2016-12-02,223.9,228.5,-,-,[],C,178.59,1132.18,250,1584.89
company,21X000000001360B,,Terminale GNL Adriatico S.r.l.,Adriatic LNG,21X000000001360B,,,21X000000001360B/IT,2023-10-26 14:47:06,2016-12-02,2016-12-03,224,228.5,-,-,[],C,142.98,906.45,250,1584.92
company,21X000000001360B,,Terminale GNL Adriatico S.r.l.,Adriatic LNG,21X000000001360B,,,21X000000001360B/IT,2023-10-26 14:47:08,2016-12-03,2016-12-04,224.1,228.5,-,-,[],C,107.11,679.03,250,1584.89
company,21X000000001360B,,Terminale GNL Adriatico S.r.l.,Adriatic LNG,21X000000001360B,,,21X000000001360B/IT,2023-10-26 14:47:10,2016-12-04,2016-12-05,172,228.5,-,-,[],C,192.44,1220.03,250,1584.95
company,21X000000001360B,,Terminale GNL Adriatico S.r.l.,Adriatic LNG,21X000000001360B,,,21X000000001360B/IT,2023-10-26 14:47:11,2016-12-05,2016-12-06,224,228.5,-,-,[],C,188.78,1196.81,250,1584.93
company,21X000000001360B,,Terminale GNL Adriatico S.r.l.,Adriatic LNG,21X000000001360B,,,21X000000001360B/IT,2023-10-26 14:47:13,2016-12-06,2016-12-07,224,228.5,-,-,[],C,153.27,971.67,250,1584.9
company,21X000000001360B,,Terminale GNL Adriatico S.r.l.,Adriatic LNG,21X000000001360B,,,21X000000001360B/IT,2023-10-26 14:47:15,2016-12-07,2016-12-08,224,228.5,-,-,[],C,117.78,746.66,250,1584.86
company,21X000000001360B,,Terminale GNL Adriatico S.r.l.,Adriatic LNG,21X000000001360B,,,21X000000001360B/IT,2023-10-26 14:47:17,2016-12-08,2016-12-09,172,228.5,-,-,[],C,90.43,573.27,250,1584.84
company,21X000000001360B,,Terminale GNL Adriatico S.r.l.,Adriatic LNG,21X000000001360B,,,21X000000001360B/IT,2023-10-26 14:47:21,2016-12-09,2016-12-10,213.6,228.5,-,-,[],C,122.53,776.8,250,1584.92
company,21X000000001360B,,Terminale GNL Adriatico S.r.l.,Adriatic LNG,21X000000001360B,,,21X000000001360B/IT,2023-10-26 14:47:22,2016-12-10,2016-12-11,155.8,228.5,-,-,[],C,176.85,1121.15,250,1584.89
company,21X000000001360B,,Terminale GNL Adriatico S.r.l.,Adriatic LNG,21X000000001360B,,,21X000000001360B/IT,2023-10-26 14:47:24,2016-12-11,2016-12-12,140.3,228.5,-,-,[],C,154.39,978.76,250,1584.88
company,21X000000001360B,,Terminale GNL Adriatico S.r.l.,Adriatic LNG,21X000000001360B,,,21X000000001360B/IT,2023-10-26 14:47:26,2016-12-12,2016-12-13,213.4,228.5,-,-,[],C,120.27,762.48,250,1584.93
company,21X000000001360B,,Terminale GNL Adriatico S.r.l.,Adriatic LNG,21X000000001360B,,,21X000000001360B/IT,2023-10-26 14:47:27,2016-12-13,2016-12-14,223.7,228.5,-,-,[],C,139.32,883.25,250,1584.93
company,21X000000001360B,,Terminale GNL Adriatico S.r.l.,Adriatic LNG,21X000000001360B,,,21X000000001360B/IT,2023-10-26 14:47:29,2016-12-14,2016-12-15,207,228.5,-,-,[],C,198.61,1259.13,250,1584.93
company,21X000000001360B,,Terminale GNL Adriatico S.r.l.,Adriatic LNG,21X000000001360B,,,21X000000001360B/IT,2023-10-26 14:47:31,2016-12-15,2016-12-16,224.8,228.5,-,-,[],C,162.94,1032.98,250,1584.91
company,21X000000001360B,,Terminale GNL Adriatico S.r.l.,Adriatic LNG,21X000000001360B,,,21X000000001360B/IT,2023-10-26 14:47:33,2016-12-16,2016-12-17,208,228.5,-,-,[],C,129.86,823.27,250,1584.92
company,21X000000001360B,,Terminale GNL Adriatico S.r.l.,Adriatic LNG,21X000000001360B,,,21X000000001360B/IT,2023-10-26 14:47:35,2016-12-17,2016-12-18,62.4,228.5,-,-,[],C,120.03,760.96,250,1584.94
company,21X000000001360B,,Terminale GNL Adriatico S.r.l.,Adriatic LNG,21X000000001360B,,,21X000000001360B/IT,2023-10-26 14:47:37,2016-12-18,2016-12-19,62.3,228.5,-,-,[],C,110.21,698.68,250,1584.88
company,21X000000001360B,,Terminale GNL Adriatico S.r.l.,Adriatic LNG,21X000000001360B,,,21X000000001360B/IT,2023-10-26 14:47:39,2016-12-19,2016-12-20,83,228.5,-,-,[],C,96.55,612.08,250,1584.88
company,21X000000001360B,,Terminale GNL Adriatico S.r.l.,Adriatic LNG,21X000000001360B,,,21X000000001360B/IT,2023-10-26 14:47:41,2016-12-20,2016-12-21,62.5,228.5,-,-,[],C,86.58,548.88,250,1584.89
company,21X000000001360B,,Terminale GNL Adriatico S.r.l.,Adriatic LNG,21X000000001360B,,,21X000000001360B/IT,2023-10-26 14:47:43,2016-12-21,2016-12-22,62.4,228.5,-,-,[],C,76.87,487.35,250,1584.98
company,21X000000001360B,,Terminale GNL Adriatico S.r.l.,Adriatic LNG,21X000000001360B,,,21X000000001360B/IT,2023-10-26 14:47:45,2016-12-22,2016-12-23,62.2,228.5,-,-,[],C,66.65,422.56,250,1585
company,21X000000001360B,,Terminale GNL Adriatico S.r.l.,Adriatic LNG,21X000000001360B,,,21X000000001360B/IT,2023-10-26 14:47:47,2016-12-23,2016-12-24,62.7,228.5,-,-,[],C,118.38,750.52,250,1584.98
company,21X000000001360B,,Terminale GNL Adriatico S.r.l.,Adriatic LNG,21X000000001360B,,,21X000000001360B/IT,2023-10-26 14:47:49,2016-12-24,2016-12-25,62.2,228.5,-,-,[],C,185.19,1174.05,250,1584.93
company,21X000000001360B,,Terminale GNL Adriatico S.r.l.,Adriatic LNG,21X000000001360B,,,21X000000001360B/IT,2023-10-26 14:47:50,2016-12-25,2016-12-26,62.6,228.5,-,-,[],C,175.11,1110.12,250,1584.89
company,21X000000001360B,,Terminale GNL Adriatico S.r.l.,Adriatic LNG,21X000000001360B,,,21X000000001360B/IT,2023-10-26 14:47:52,2016-12-26,2016-12-27,62.3,228.5,-,-,[],C,165.2,1047.34,250,1584.96
company,21X000000001360B,,Terminale GNL Adriatico S.r.l.,Adriatic LNG,21X000000001360B,,,21X000000001360B/IT,2023-10-26 14:47:54,2016-12-27,2016-12-28,62.3,228.5,-,-,[],C,155.05,982.95,250,1584.89
company,21X000000001360B,,Terminale GNL Adriatico S.r.l.,Adriatic LNG,21X000000001360B,,,21X000000001360B/IT,2023-10-26 14:47:56,2016-12-28,2016-12-29,62.4,228.5,-,-,[],C,145.11,919.93,250,1584.88
company,21X000000001360B,,Terminale GNL Adriatico S.r.l.,Adriatic LNG,21X000000001360B,,,21X000000001360B/IT,2023-10-26 14:47:57,2016-12-29,2016-12-30,62.7,228.5,-,-,[],C,135,855.87,250,1584.94
company,21X000000001360B,,Terminale GNL Adriatico S.r.l.,Adriatic LNG,21X000000001360B,,,21X000000001360B/IT,2023-10-26 14:48:00,2016-12-30,2016-12-31,62.4,228.5,-,-,[],C,124.26,787.75,250,1584.88
company,21X000000001360B,,Terminale GNL Adriatico S.r.l.,Adriatic LNG,21X000000001360B,,,21X000000001360B/IT,2023-10-26 14:48:01,2016-12-31,2017-01-01,62.4,228.5,-,-,[],C,114.1,723.37,250,1584.95
company,21X000000001360B,,Terminale GNL Adriatico S.r.l.,Adriatic LNG,21X000000001360B,,,21X000000001360B/IT,2023-10-26 14:48:04,2017-01-01,2017-01-02,72.8,228.5,-,-,[],C,103.95,658.98,250,1584.85
company,21X000000001360B,,Terminale GNL Adriatico S.r.l.,Adriatic LNG,21X000000001360B,,,21X000000001360B/IT,2023-10-26 14:48:06,2017-01-02,2017-01-03,83.3,228.5,-,-,[],C,89.62,568.14,250,1584.86
company,21X000000001360B,,Terminale GNL Adriatico S.r.l.,Adriatic LNG,21X000000001360B,,,21X000000001360B/IT,2023-10-26 14:48:08,2017-01-03,2017-01-04,72.9,228.5,-,-,[],C,77.85,493.57,250,1585
company,21X000000001360B,,Terminale GNL Adriatico S.r.l.,Adriatic LNG,21X000000001360B,,,21X000000001360B/IT,2023-10-26 14:48:09,2017-01-04,2017-01-05,187.7,228.5,-,-,[],C,47.86,303.42,250,1584.94
company,21X000000001360B,,Terminale GNL Adriatico S.r.l.,Adriatic LNG,21X000000001360B,,,21X000000001360B/IT,2023-10-26 14:48:11,2017-01-05,2017-01-06,62.5,228.5,-,-,[],C,38.2,242.15,250,1584.75
company,21X000000001360B,,Terminale GNL Adriatico S.r.l.,Adriatic LNG,21X000000001360B,,,21X000000001360B/IT,2023-10-26 14:48:13,2017-01-06,2017-01-07,62.6,228.5,-,-,[],C,37.82,239.78,250,1585.01
company,21X000000001360B,,Terminale GNL Adriatico S.r.l.,Adriatic LNG,21X000000001360B,,,21X000000001360B/IT,2023-10-26 14:48:15,2017-01-07,2017-01-08,125.1,228.5,-,-,[],C,37.82,239.78,250,1585.01
company,21X000000001360B,,Terminale GNL Adriatico S.r.l.,Adriatic LNG,21X000000001360B,,,21X000000001360B/IT,2023-10-26 14:48:17,2017-01-08,2017-01-09,156.1,228.5,-,-,[],C,113.98,722.6,250,1584.93
company,21X000000001360B,,Terminale GNL Adriatico S.r.l.,Adriatic LNG,21X000000001360B,,,21X000000001360B/IT,2023-10-26 14:48:18,2017-01-09,2017-01-10,224.1,228.5,-,-,[],C,91.22,578.29,250,1584.88
company,21X000000001360B,,Terminale GNL Adriatico S.r.l.,Adriatic LNG,21X000000001360B,,,21X000000001360B/IT,2023-10-26 14:48:20,2017-01-10,2017-01-11,219.1,228.5,-,-,[],C,56.23,356.49,250,1584.96
company,21X000000001360B,,Terminale GNL Adriatico S.r.l.,Adriatic LNG,21X000000001360B,,,21X000000001360B/IT,2023-10-26 14:48:22,2017-01-11,2017-01-12,224.2,228.5,-,-,[],C,161.74,1025.36,250,1584.89
company,21X000000001360B,,Terminale GNL Adriatico S.r.l.,Adriatic LNG,21X000000001360B,,,21X000000001360B/IT,2023-10-26 14:48:24,2017-01-12,2017-01-13,218.7,228.5,-,-,[],C,130.1,824.8,250,1584.93
company,21X000000001360B,,Terminale GNL Adriatico S.r.l.,Adriatic LNG,21X000000001360B,,,21X000000001360B/IT,2023-10-26 14:48:26,2017-01-13,2017-01-14,62.4,228.5,-,-,[],C,120.44,763.54,250,1584.9
company,21X000000001360B,,Terminale GNL Adriatico S.r.l.,Adriatic LNG,21X000000001360B,,,21X000000001360B/IT,2023-10-26 14:48:28,2017-01-14,2017-01-15,36.3,228.5,-,-,[],C,114.41,725.33,250,1584.94
company,21X000000001360B,,Terminale GNL Adriatico S.r.l.,Adriatic LNG,21X000000001360B,,,21X000000001360B/IT,2023-10-26 14:48:29,2017-01-15,2017-01-16,62.6,228.5,-,-,[],C,104.36,661.59,250,1584.87
company,21X000000001360B,,Terminale GNL Adriatico S.r.l.,Adriatic LNG,21X000000001360B,,,21X000000001360B/IT,2023-10-26 14:48:31,2017-01-16,2017-01-17,104.2,228.5,-,-,[],C,87.64,555.61,250,1584.92
company,21X000000001360B,,Terminale GNL Adriatico S.r.l.,Adriatic LNG,21X000000001360B,,,21X000000001360B/IT,2023-10-26 14:48:33,2017-01-17,2017-01-18,62.5,228.5,-,-,[],C,77.61,492.02,250,1584.91
company,21X000000001360B,,Terminale GNL Adriatico S.r.l.,Adriatic LNG,21X000000001360B,,,21X000000001360B/IT,2023-10-26 14:48:35,2017-01-18,2017-01-19,62.6,228.5,-,-,[],C,67.78,429.67,250,1584.8
company,21X000000001360B,,Terminale GNL Adriatico S.r.l.,Adriatic LNG,21X000000001360B,,,21X000000001360B/IT,2023-10-26 14:48:36,2017-01-19,2017-01-20,93.8,228.5,-,-,[],C,52.49,332.76,250,1584.87
company,21X000000001360B,,Terminale GNL Adriatico S.r.l.,Adriatic LNG,21X000000001360B,,,21X000000001360B/IT,2023-10-26 14:48:38,2017-01-20,2017-01-21,166.9,228.5,-,-,[],C,99.27,629.36,250,1584.97
company,21X000000001360B,,Terminale GNL Adriatico S.r.l.,Adriatic LNG,21X000000001360B,,,21X000000001360B/IT,2023-10-26 14:48:40,2017-01-21,2017-01-22,256.1,228.5,-,-,[],C,137.15,869.52,250,1584.98
company,21X000000001360B,,Terminale GNL Adriatico S.r.l.,Adriatic LNG,21X000000001360B,,,21X000000001360B/IT,2023-10-26 14:48:41,2017-01-22,2017-01-23,255.8,228.5,-,-,[],C,232.55,1474.28,250,1584.91
company,21X000000001360B,,Terminale GNL Adriatico S.r.l.,Adriatic LNG,21X000000001360B,,,21X000000001360B/IT,2023-10-26 14:48:43,2017-01-23,2017-01-24,255.9,228.5,-,-,[],C,191.31,1212.85,250,1584.93
company,21X000000001360B,,Terminale GNL Adriatico S.r.l.,Adriatic LNG,21X000000001360B,,,21X000000001360B/IT,2023-10-26 14:48:45,2017-01-24,2017-01-25,223.7,228.5,-,-,[],C,155.67,986.89,250,1584.91
company,21X000000001360B,,Terminale GNL Adriatico S.r.l.,Adriatic LNG,21X000000001360B,,,21X000000001360B/IT,2023-10-26 14:48:47,2017-01-25,2017-01-26,223.8,228.5,-,-,[],C,172.91,1096.21,250,1584.94
company,21X000000001360B,,Terminale GNL Adriatico S.r.l.,Adriatic LNG,21X000000001360B,,,21X000000001360B/IT,2023-10-26 14:48:48,2017-01-26,2017-01-27,223.7,228.5,-,-,[],C,226.06,1433.13,250,1584.9
company,21X000000001360B,,Terminale GNL Adriatico S.r.l.,Adriatic LNG,21X000000001360B,,,21X000000001360B/IT,2023-10-26 14:48:50,2017-01-27,2017-01-28,223.8,228.5,-,-,[],C,190.15,1205.48,250,1584.91
company,21X000000001360B,,Terminale GNL Adriatico S.r.l.,Adriatic LNG,21X000000001360B,,,21X000000001360B/IT,2023-10-26 14:48:52,2017-01-28,2017-01-29,154.9,228.5,-,-,[],C,165.83,1051.31,250,1584.92
company,21X000000001360B,,Terminale GNL Adriatico S.r.l.,Adriatic LNG,21X000000001360B,,,21X000000001360B/IT,2023-10-26 14:48:53,2017-01-29,2017-01-30,116.4,228.5,-,-,[],C,162.77,1031.92,250,1584.94
company,21X000000001360B,,Terminale GNL Adriatico S.r.l.,Adriatic LNG,21X000000001360B,,,21X000000001360B/IT,2023-10-26 14:48:55,2017-01-30,2017-01-31,215.4,228.5,-,-,[],C,112.48,713.07,250,1584.88
company,21X000000001360B,,Terminale GNL Adriatico S.r.l.,Adriatic LNG,21X000000001360B,,,21X000000001360B/IT,2023-10-26 14:48:57,2017-01-31,2017-02-01,223.3,228.5,-,-,[],C,141.88,899.47,250,1584.91
company,21X000000001360B,,Terminale GNL Adriatico S.r.l.,Adriatic LNG,21X000000001360B,,,21X000000001360B/IT,2023-10-26 14:48:59,2017-02-01,2017-02-02,205.9,228.5,-,-,[],C,182.58,1157.51,250,1584.94
company,21X000000001360B,,Terminale GNL Adriatico S.r.l.,Adriatic LNG,21X000000001360B,,,21X000000001360B/IT,2023-10-26 14:49:00,2017-02-02,2017-02-03,176.9,228.5,-,-,[],C,154.63,980.32,250,1584.94
company,21X000000001360B,,Terminale GNL Adriatico S.r.l.,Adriatic LNG,21X000000001360B,,,21X000000001360B/IT,2023-10-26 14:49:02,2017-02-03,2017-02-04,140.3,228.5,-,-,[],C,132.42,839.49,250,1584.9
company,21X000000001360B,,Terminale GNL Adriatico S.r.l.,Adriatic LNG,21X000000001360B,,,21X000000001360B/IT,2023-10-26 14:49:04,2017-02-04,2017-02-05,103.9,228.5,-,-,[],C,115.81,734.17,250,1584.86
company,21X000000001360B,,Terminale GNL Adriatico S.r.l.,Adriatic LNG,21X000000001360B,,,21X000000001360B/IT,2023-10-26 14:49:05,2017-02-05,2017-02-06,104,228.5,-,-,[],C,99.01,627.7,250,1584.94
company,21X000000001360B,,Terminale GNL Adriatico S.r.l.,Adriatic LNG,21X000000001360B,,,21X000000001360B/IT,2023-10-26 14:49:07,2017-02-06,2017-02-07,223.8,228.5,-,-,[],C,62.79,398.06,250,1584.89
company,21X000000001360B,,Terminale GNL Adriatico S.r.l.,Adriatic LNG,21X000000001360B,,,21X000000001360B/IT,2023-10-26 14:49:09,2017-02-07,2017-02-08,192.6,228.5,-,-,[],C,156.33,991.11,250,1584.96
company,21X000000001360B,,Terminale GNL Adriatico S.r.l.,Adriatic LNG,21X000000001360B,,,21X000000001360B/IT,2023-10-26 14:49:11,2017-02-08,2017-02-09,223.5,228.5,-,-,[],C,140.64,891.64,250,1584.97
company,21X000000001360B,,Terminale GNL Adriatico S.r.l.,Adriatic LNG,21X000000001360B,,,21X000000001360B/IT,2023-10-26 14:49:12,2017-02-09,2017-02-10,203,228.5,-,-,[],C,108.12,685.42,250,1584.86
company,21X000000001360B,,Terminale GNL Adriatico S.r.l.,Adriatic LNG,21X000000001360B,,,21X000000001360B/IT,2023-10-26 14:49:14,2017-02-10,2017-02-11,166.5,228.5,-,-,[],C,89.8,569.32,250,1584.97
company,21X000000001360B,,Terminale GNL Adriatico S.r.l.,Adriatic LNG,21X000000001360B,,,21X000000001360B/IT,2023-10-26 14:49:16,2017-02-11,2017-02-12,104,228.5,-,-,[],C,89.8,569.32,250,1584.97
company,21X000000001360B,,Terminale GNL Adriatico S.r.l.,Adriatic LNG,21X000000001360B,,,21X000000001360B/IT,2023-10-26 14:49:18,2017-02-12,2017-02-13,98.7,228.5,-,-,[],C,89.8,569.32,250,1584.97
company,21X000000001360B,,Terminale GNL Adriatico S.r.l.,Adriatic LNG,21X000000001360B,,,21X000000001360B/IT,2023-10-26 14:49:19,2017-02-13,2017-02-14,197.7,228.5,-,-,[],C,163.39,1035.86,250,1584.95
company,21X000000001360B,,Terminale GNL Adriatico S.r.l.,Adriatic LNG,21X000000001360B,,,21X000000001360B/IT,2023-10-26 14:49:21,2017-02-14,2017-02-15,197.9,228.5,-,-,[],C,131.69,834.85,250,1584.88
company,21X000000001360B,,Terminale GNL Adriatico S.r.l.,Adriatic LNG,21X000000001360B,,,21X000000001360B/IT,2023-10-26 14:49:23,2017-02-15,2017-02-16,218.7,228.5,-,-,[],C,96.72,613.17,250,1584.91
company,21X000000001360B,,Terminale GNL Adriatico S.r.l.,Adriatic LNG,21X000000001360B,,,21X000000001360B/IT,2023-10-26 14:49:24,2017-02-16,2017-02-17,208.2,228.5,-,-,[],C,63.31,401.4,250,1585.06
company,21X000000001360B,,Terminale GNL Adriatico S.r.l.,Adriatic LNG,21X000000001360B,,,21X000000001360B/IT,2023-10-26 14:49:26,2017-02-17,2017-02-18,218.6,228.5,-,-,[],C,75.06,475.85,250,1584.9
company,21X000000001360B,,Terminale GNL Adriatico S.r.l.,Adriatic LNG,21X000000001360B,,,21X000000001360B/IT,2023-10-26 14:49:28,2017-02-18,2017-02-19,124.7,228.5,-,-,[],C,149.42,947.27,250,1584.91
company,21X000000001360B,,Terminale GNL Adriatico S.r.l.,Adriatic LNG,21X000000001360B,,,21X000000001360B/IT,2023-10-26 14:49:30,2017-02-19,2017-02-20,156.1,228.5,-,-,[],C,124.46,789.07,250,1584.99
company,21X000000001360B,,Terminale GNL Adriatico S.r.l.,Adriatic LNG,21X000000001360B,,,21X000000001360B/IT,2023-10-26 14:49:32,2017-02-20,2017-02-21,227.8,228.5,-,-,[],C,87.91,557.35,250,1585
company,21X000000001360B,,Terminale GNL Adriatico S.r.l.,Adriatic LNG,21X000000001360B,,,21X000000001360B/IT,2023-10-26 14:49:34,2017-02-21,2017-02-22,227.8,228.5,-,-,[],C,133.47,846.14,250,1584.89
company,21X000000001360B,,Terminale GNL Adriatico S.r.l.,Adriatic LNG,21X000000001360B,,,21X000000001360B/IT,2023-10-26 14:49:35,2017-02-22,2017-02-23,227.9,228.5,-,-,[],C,159.88,1013.58,250,1584.91
company,21X000000001360B,,Terminale GNL Adriatico S.r.l.,Adriatic LNG,21X000000001360B,,,21X000000001360B/IT,2023-10-26 14:49:37,2017-02-23,2017-02-24,227.8,228.5,-,-,[],C,123.43,782.54,250,1584.99
company,21X000000001360B,,Terminale GNL Adriatico S.r.l.,Adriatic LNG,21X000000001360B,,,21X000000001360B/IT,2023-10-26 14:49:38,2017-02-24,2017-02-25,227.7,228.5,-,-,[],C,86.83,550.51,250,1585.02
company,21X000000001360B,,Terminale GNL Adriatico S.r.l.,Adriatic LNG,21X000000001360B,,,21X000000001360B/IT,2023-10-26 14:49:40,2017-02-25,2017-02-26,156.3,228.5,-,-,[],C,61.91,392.51,250,1585
company,21X000000001360B,,Terminale GNL Adriatico S.r.l.,Adriatic LNG,21X000000001360B,,,21X000000001360B/IT,2023-10-26 14:49:42,2017-02-26,2017-02-27,197.8,228.5,-,-,[],C,82.17,520.92,250,1584.88
company,21X000000001360B,,Terminale GNL Adriatico S.r.l.,Adriatic LNG,21X000000001360B,,,21X000000001360B/IT,2023-10-26 14:49:43,2017-02-27,2017-02-28,227.7,228.5,-,-,[],C,132.35,839.06,250,1584.93
company,21X000000001360B,,Terminale GNL Adriatico S.r.l.,Adriatic LNG,21X000000001360B,,,21X000000001360B/IT,2023-10-26 14:49:45,2017-02-28,2017-03-01,227.8,228.5,-,-,[],C,116.03,608.8,250,1311.73
company,21X000000001360B,,Terminale GNL Adriatico S.r.l.,Adriatic LNG,21X000000001360B,,,21X000000001360B/IT,2023-10-26 14:49:47,2017-03-01,2017-03-02,215.3,228.5,-,-,[],C,61.66,390.88,250,1584.82
company,21X000000001360B,,Terminale GNL Adriatico S.r.l.,Adriatic LNG,21X000000001360B,,,21X000000001360B/IT,2023-10-26 14:49:49,2017-03-02,2017-03-03,227.7,228.5,-,-,[],C,108.13,685.49,250,1584.87
company,21X000000001360B,,Terminale GNL Adriatico S.r.l.,Adriatic LNG,21X000000001360B,,,21X000000001360B/IT,2023-10-26 14:49:51,2017-03-03,2017-03-04,227.7,228.5,-,-,[],C,129.86,823.3,250,1584.98
company,21X000000001360B,,Terminale GNL Adriatico S.r.l.,Adriatic LNG,21X000000001360B,,,21X000000001360B/IT,2023-10-26 14:49:52,2017-03-04,2017-03-05,124.7,228.5,-,-,[],C,110.2,698.62,250,1584.89
company,21X000000001360B,,Terminale GNL Adriatico S.r.l.,Adriatic LNG,21X000000001360B,,,21X000000001360B/IT,2023-10-26 14:49:54,2017-03-05,2017-03-06,93.5,228.5,-,-,[],C,95.28,604.02,250,1584.86
company,21X000000001360B,,Terminale GNL Adriatico S.r.l.,Adriatic LNG,21X000000001360B,,,21X000000001360B/IT,2023-10-26 14:49:56,2017-03-06,2017-03-07,145.6,228.5,-,-,[],C,71.88,455.69,250,1584.9
company,21X000000001360B,,Terminale GNL Adriatico S.r.l.,Adriatic LNG,21X000000001360B,,,21X000000001360B/IT,2023-10-26 14:49:57,2017-03-07,2017-03-08,179.1,228.5,-,-,[],C,147.17,933.02,250,1584.94
company,21X000000001360B,,Terminale GNL Adriatico S.r.l.,Adriatic LNG,21X000000001360B,,,21X000000001360B/IT,2023-10-26 14:49:59,2017-03-08,2017-03-09,178.9,228.5,-,-,[],C,158.97,1007.84,250,1584.95
company,21X000000001360B,,Terminale GNL Adriatico S.r.l.,Adriatic LNG,21X000000001360B,,,21X000000001360B/IT,2023-10-26 14:50:01,2017-03-09,2017-03-10,180,228.5,-,-,[],C,129.9,823.5,250,1584.87
company,21X000000001360B,,Terminale GNL Adriatico S.r.l.,Adriatic LNG,21X000000001360B,,,21X000000001360B/IT,2023-10-26 14:50:03,2017-03-10,2017-03-11,190.3,228.5,-,-,[],C,99.39,630.09,250,1584.89
company,21X000000001360B,,Terminale GNL Adriatico S.r.l.,Adriatic LNG,21X000000001360B,,,21X000000001360B/IT,2023-10-26 14:50:05,2017-03-11,2017-03-12,78,228.5,-,-,[],C,92.13,584.06,250,1584.88
company,21X000000001360B,,Terminale GNL Adriatico S.r.l.,Adriatic LNG,21X000000001360B,,,21X000000001360B/IT,2023-10-26 14:50:07,2017-03-12,2017-03-13,88.3,228.5,-,-,[],C,217.34,1377.88,250,1584.94
company,21X000000001360B,,Terminale GNL Adriatico S.r.l.,Adriatic LNG,21X000000001360B,,,21X000000001360B/IT,2023-10-26 14:50:09,2017-03-13,2017-03-14,197.6,228.5,-,-,[],C,185.31,1174.82,250,1584.94
company,21X000000001360B,,Terminale GNL Adriatico S.r.l.,Adriatic LNG,21X000000001360B,,,21X000000001360B/IT,2023-10-26 14:50:11,2017-03-14,2017-03-15,197.7,228.5,-,-,[],C,153.71,974.5,250,1584.97
company,21X000000001360B,,Terminale GNL Adriatico S.r.l.,Adriatic LNG,21X000000001360B,,,21X000000001360B/IT,2023-10-26 14:50:12,2017-03-15,2017-03-16,223.8,228.5,-,-,[],C,117.77,746.63,250,1584.93
company,21X000000001360B,,Terminale GNL Adriatico S.r.l.,Adriatic LNG,21X000000001360B,,,21X000000001360B/IT,2023-10-26 14:50:14,2017-03-16,2017-03-17,223.8,228.5,-,-,[],C,81.88,519.09,250,1584.91
company,21X000000001360B,,Terminale GNL Adriatico S.r.l.,Adriatic LNG,21X000000001360B,,,21X000000001360B/IT,2023-10-26 14:50:16,2017-03-17,2017-03-18,223.7,228.5,-,-,[],C,120.94,766.7,250,1584.88
company,21X000000001360B,,Terminale GNL Adriatico S.r.l.,Adriatic LNG,21X000000001360B,,,21X000000001360B/IT,2023-10-26 14:50:18,2017-03-18,2017-03-19,119.5,228.5,-,-,[],C,171.83,1089.33,250,1584.89
company,21X000000001360B,,Terminale GNL Adriatico S.r.l.,Adriatic LNG,21X000000001360B,,,21X000000001360B/IT,2023-10-26 14:50:20,2017-03-19,2017-03-20,93.5,228.5,-,-,[],C,156.64,993.08,250,1584.97
company,21X000000001360B,,Terminale GNL Adriatico S.r.l.,Adriatic LNG,21X000000001360B,,,21X000000001360B/IT,2023-10-26 14:50:21,2017-03-20,2017-03-21,197.8,228.5,-,-,[],C,124.72,790.7,250,1584.95
company,21X000000001360B,,Terminale GNL Adriatico S.r.l.,Adriatic LNG,21X000000001360B,,,21X000000001360B/IT,2023-10-26 14:50:23,2017-03-21,2017-03-22,223.9,228.5,-,-,[],C,137.06,868.9,250,1584.89
company,21X000000001360B,,Terminale GNL Adriatico S.r.l.,Adriatic LNG,21X000000001360B,,,21X000000001360B/IT,2023-10-26 14:50:25,2017-03-22,2017-03-23,223.8,228.5,-,-,[],C,191.56,223.79,250,292.06
company,21X000000001360B,,Terminale GNL Adriatico S.r.l.,Adriatic LNG,21X000000001360B,,,21X000000001360B/IT,2023-10-26 14:50:26,2017-03-23,2017-03-24,223.8,228.5,-,-,[],C,155.59,986.38,250,1584.9
company,21X000000001360B,,Terminale GNL Adriatico S.r.l.,Adriatic LNG,21X000000001360B,,,21X000000001360B/IT,2023-10-26 14:50:28,2017-03-24,2017-03-25,218.6,228.5,-,-,[],C,120.69,765.17,250,1584.99
company,21X000000001360B,,Terminale GNL Adriatico S.r.l.,Adriatic LNG,21X000000001360B,,,21X000000001360B/IT,2023-10-26 14:50:30,2017-03-25,2017-03-26,124.9,228.5,-,-,[],C,177.07,1122.55,250,1584.9
company,21X000000001360B,,Terminale GNL Adriatico S.r.l.,Adriatic LNG,21X000000001360B,,,21X000000001360B/IT,2023-10-26 14:50:32,2017-03-26,2017-03-27,72.7,228.5,-,-,[],C,227.79,1444.13,250,1584.94
company,21X000000001360B,,Terminale GNL Adriatico S.r.l.,Adriatic LNG,21X000000001360B,,,21X000000001360B/IT,2023-10-26 14:50:33,2017-03-27,2017-03-28,182.3,228.5,-,-,[],C,198.37,1257.62,250,1584.94
company,21X000000001360B,,Terminale GNL Adriatico S.r.l.,Adriatic LNG,21X000000001360B,,,21X000000001360B/IT,2023-10-26 14:50:35,2017-03-28,2017-03-29,203.2,228.5,-,-,[],C,165.8,1051.13,250,1584.94
company,21X000000001360B,,Terminale GNL Adriatico S.r.l.,Adriatic LNG,21X000000001360B,,,21X000000001360B/IT,2023-10-26 14:50:37,2017-03-29,2017-03-30,187.5,228.5,-,-,[],C,135.85,861.25,250,1584.93
company,21X000000001360B,,Terminale GNL Adriatico S.r.l.,Adriatic LNG,21X000000001360B,,,21X000000001360B/IT,2023-10-26 14:50:39,2017-03-30,2017-03-31,171.7,228.5,-,-,[],C,108.17,685.78,250,1584.96
company,21X000000001360B,,Terminale GNL Adriatico S.r.l.,Adriatic LNG,21X000000001360B,,,21X000000001360B/IT,2023-10-26 14:50:41,2017-03-31,2017-04-01,187.5,228.5,-,-,[],C,77.94,494.09,250,1584.84
company,21X000000001360B,,Terminale GNL Adriatico S.r.l.,Adriatic LNG,21X000000001360B,,,21X000000001360B/IT,2023-10-26 14:50:43,2017-04-01,2017-04-02,128.2,228.5,-,-,[],C,57.41,363.97,250,1584.96
company,21X000000001360B,,Terminale GNL Adriatico S.r.l.,Adriatic LNG,21X000000001360B,,,21X000000001360B/IT,2023-10-26 14:50:46,2017-04-02,2017-04-03,128.2,228.5,-,-,[],C,36.86,233.68,250,1584.92
company,21X000000001360B,,Terminale GNL Adriatico S.r.l.,Adriatic LNG,21X000000001360B,,,21X000000001360B/IT,2023-10-26 14:50:48,2017-04-03,2017-04-04,224.2,228.5,-,-,[],C,165.32,921.28,250,1393.18
company,21X000000001360B,,Terminale GNL Adriatico S.r.l.,Adriatic LNG,21X000000001360B,,,21X000000001360B/IT,2023-10-26 14:50:49,2017-04-04,2017-04-05,236,228.5,-,-,[],C,695.24,129.67,250,46.63
company,21X000000001360B,,Terminale GNL Adriatico S.r.l.,Adriatic LNG,21X000000001360B,,,21X000000001360B/IT,2023-10-26 14:50:51,2017-04-05,2017-04-06,224,228.5,-,-,[],C,73.72,467.39,250,1585.02
company,21X000000001360B,,Terminale GNL Adriatico S.r.l.,Adriatic LNG,21X000000001360B,,,21X000000001360B/IT,2023-10-26 14:50:53,2017-04-06,2017-04-07,224,228.5,-,-,[],C,100.23,635.43,250,1584.93
company,21X000000001360B,,Terminale GNL Adriatico S.r.l.,Adriatic LNG,21X000000001360B,,,21X000000001360B/IT,2023-10-26 14:50:55,2017-04-07,2017-04-08,223.8,228.5,-,-,[],C,146.86,931.04,250,1584.91
company,21X000000001360B,,Terminale GNL Adriatico S.r.l.,Adriatic LNG,21X000000001360B,,,21X000000001360B/IT,2023-10-26 14:50:57,2017-04-08,2017-04-09,156.2,228.5,-,-,[],C,122.13,774.29,250,1584.97
company,21X000000001360B,,Terminale GNL Adriatico S.r.l.,Adriatic LNG,21X000000001360B,,,21X000000001360B/IT,2023-10-26 14:50:58,2017-04-09,2017-04-10,156.1,228.5,-,-,[],C,195.98,1242.47,250,1584.94
company,21X000000001360B,,Terminale GNL Adriatico S.r.l.,Adriatic LNG,21X000000001360B,,,21X000000001360B/IT,2023-10-26 14:51:00,2017-04-10,2017-04-11,216.1,228.5,-,-,[],C,191.3,1212.8,250,1584.95
company,21X000000001360B,,Terminale GNL Adriatico S.r.l.,Adriatic LNG,21X000000001360B,,,21X000000001360B/IT,2023-10-26 14:51:02,2017-04-11,2017-04-12,208.6,228.5,-,-,[],C,157.53,998.69,250,1584.92
company,21X000000001360B,,Terminale GNL Adriatico S.r.l.,Adriatic LNG,21X000000001360B,,,21X000000001360B/IT,2023-10-26 14:51:04,2017-04-12,2017-04-13,213.7,228.5,-,-,[],C,122.85,778.84,250,1584.94
company,21X000000001360B,,Terminale GNL Adriatico S.r.l.,Adriatic LNG,21X000000001360B,,,21X000000001360B/IT,2023-10-26 14:51:06,2017-04-13,2017-04-14,216.8,228.5,-,-,[],C,87.62,555.51,250,1585
company,21X000000001360B,,Terminale GNL Adriatico S.r.l.,Adriatic LNG,21X000000001360B,,,21X000000001360B/IT,2023-10-26 14:51:09,2017-04-14,2017-04-15,177.9,228.5,-,-,[],C,170.65,1081.85,250,1584.9
company,21X000000001360B,,Terminale GNL Adriatico S.r.l.,Adriatic LNG,21X000000001360B,,,21X000000001360B/IT,2023-10-26 14:51:11,2017-04-15,2017-04-16,125.4,228.5,-,-,[],C,183.39,1162.62,250,1584.9
company,21X000000001360B,,Terminale GNL Adriatico S.r.l.,Adriatic LNG,21X000000001360B,,,21X000000001360B/IT,2023-10-26 14:51:13,2017-04-16,2017-04-17,130.6,228.5,-,-,[],C,1028.94,0,250,0
company,21X000000001360B,,Terminale GNL Adriatico S.r.l.,Adriatic LNG,21X000000001360B,,,21X000000001360B/IT,2023-10-26 14:51:15,2017-04-17,2017-04-18,117,228.5,-,-,[],C,143.56,910.13,250,1584.93
company,21X000000001360B,,Terminale GNL Adriatico S.r.l.,Adriatic LNG,21X000000001360B,,,21X000000001360B/IT,2023-10-26 14:51:16,2017-04-18,2017-04-19,218.8,228.5,-,-,[],C,108.05,684.98,250,1584.87
company,21X000000001360B,,Terminale GNL Adriatico S.r.l.,Adriatic LNG,21X000000001360B,,,21X000000001360B/IT,2023-10-26 14:51:18,2017-04-19,2017-04-20,176.3,228.5,-,-,[],C,79.79,505.83,250,1584.88
company,21X000000001360B,,Terminale GNL Adriatico S.r.l.,Adriatic LNG,21X000000001360B,,,21X000000001360B/IT,2023-10-26 14:51:20,2017-04-20,2017-04-21,137.9,228.5,-,-,[],C,57.68,365.65,250,1584.82
company,21X000000001360B,,Terminale GNL Adriatico S.r.l.,Adriatic LNG,21X000000001360B,,,21X000000001360B/IT,2023-10-26 14:51:22,2017-04-21,2017-04-22,131.7,228.5,-,-,[],C,36.36,230.53,250,1585.05
company,21X000000001360B,,Terminale GNL Adriatico S.r.l.,Adriatic LNG,21X000000001360B,,,21X000000001360B/IT,2023-10-26 14:51:24,2017-04-22,2017-04-23,177.4,228.5,-,-,[],C,60.13,381.23,250,1585.02
company,21X000000001360B,,Terminale GNL Adriatico S.r.l.,Adriatic LNG,21X000000001360B,,,21X000000001360B/IT,2023-10-26 14:51:26,2017-04-23,2017-04-24,167.3,228.5,-,-,[],C,120.08,761.25,250,1584.88
company,21X000000001360B,,Terminale GNL Adriatico S.r.l.,Adriatic LNG,21X000000001360B,,,21X000000001360B/IT,2023-10-26 14:51:27,2017-04-24,2017-04-25,203.9,228.5,-,-,[],C,87.25,553.13,250,1584.9
company,21X000000001360B,,Terminale GNL Adriatico S.r.l.,Adriatic LNG,21X000000001360B,,,21X000000001360B/IT,2023-10-26 14:51:29,2017-04-25,2017-04-26,150.7,228.5,-,-,[],C,63.39,401.86,250,1584.87
company,21X000000001360B,,Terminale GNL Adriatico S.r.l.,Adriatic LNG,21X000000001360B,,,21X000000001360B/IT,2023-10-26 14:51:31,2017-04-26,2017-04-27,217.4,228.5,-,-,[],C,28.16,178.52,250,1584.87
company,21X000000001360B,,Terminale GNL Adriatico S.r.l.,Adriatic LNG,21X000000001360B,,,21X000000001360B/IT,2023-10-26 14:51:33,2017-04-27,2017-04-28,46.8,228.5,-,-,[],C,20.93,132.71,250,1585.16
company,21X000000001360B,,Terminale GNL Adriatico S.r.l.,Adriatic LNG,21X000000001360B,,,21X000000001360B/IT,2023-10-26 14:51:34,2017-04-28,2017-04-29,63.4,228.5,-,-,[],C,76.75,486.59,250,1584.98
company,21X000000001360B,,Terminale GNL Adriatico S.r.l.,Adriatic LNG,21X000000001360B,,,21X000000001360B/IT,2023-10-26 14:51:36,2017-04-29,2017-04-30,217.8,228.5,-,-,[],C,138.74,879.59,250,1584.96
company,21X000000001360B,,Terminale GNL Adriatico S.r.l.,Adriatic LNG,21X000000001360B,,,21X000000001360B/IT,2023-10-26 14:51:38,2017-04-30,2017-05-01,193.7,228.5,-,-,[],C,230.23,1459.61,250,1584.95
company,21X000000001360B,,Terminale GNL Adriatico S.r.l.,Adriatic LNG,21X000000001360B,,,21X000000001360B/IT,2023-10-26 14:51:40,2017-05-01,2017-05-02,177,228.5,-,-,[],C,202.13,1281.47,250,1584.96
company,21X000000001360B,,Terminale GNL Adriatico S.r.l.,Adriatic LNG,21X000000001360B,,,21X000000001360B/IT,2023-10-26 14:51:42,2017-05-02,2017-05-03,271,228.5,-,-,[],C,158.65,1005.81,250,1584.95
company,21X000000001360B,,Terminale GNL Adriatico S.r.l.,Adriatic LNG,21X000000001360B,,,21X000000001360B/IT,2023-10-26 14:51:43,2017-05-03,2017-05-04,270,228.5,-,-,[],C,115.49,732.19,250,1584.96
company,21X000000001360B,,Terminale GNL Adriatico S.r.l.,Adriatic LNG,21X000000001360B,,,21X000000001360B/IT,2023-10-26 14:51:45,2017-05-04,2017-05-05,270.1,228.5,-,-,[],C,217.07,1376.17,250,1584.94
company,21X000000001360B,,Terminale GNL Adriatico S.r.l.,Adriatic LNG,21X000000001360B,,,21X000000001360B/IT,2023-10-26 14:51:47,2017-05-05,2017-05-06,270.1,228.5,-,-,[],C,173.96,1102.85,250,1584.92
company,21X000000001360B,,Terminale GNL Adriatico S.r.l.,Adriatic LNG,21X000000001360B,,,21X000000001360B/IT,2023-10-26 14:51:49,2017-05-06,2017-05-07,217.6,228.5,-,-,[],C,139.41,883.8,250,1584.89
company,21X000000001360B,,Terminale GNL Adriatico S.r.l.,Adriatic LNG,21X000000001360B,,,21X000000001360B/IT,2023-10-26 14:51:50,2017-05-07,2017-05-08,191.5,228.5,-,-,[],C,108.64,688.78,250,1585.01
company,21X000000001360B,,Terminale GNL Adriatico S.r.l.,Adriatic LNG,21X000000001360B,,,21X000000001360B/IT,2023-10-26 14:51:52,2017-05-08,2017-05-09,218.7,228.5,-,-,[],C,133.57,846.81,250,1584.96
company,21X000000001360B,,Terminale GNL Adriatico S.r.l.,Adriatic LNG,21X000000001360B,,,21X000000001360B/IT,2023-10-26 14:51:54,2017-05-09,2017-05-10,187.4,228.5,-,-,[],C,188.23,1193.35,250,1584.96
company,21X000000001360B,,Terminale GNL Adriatico S.r.l.,Adriatic LNG,21X000000001360B,,,21X000000001360B/IT,2023-10-26 14:51:56,2017-05-10,2017-05-11,187.4,228.5,-,-,[],C,158.28,1003.47,250,1584.96
company,21X000000001360B,,Terminale GNL Adriatico S.r.l.,Adriatic LNG,21X000000001360B,,,21X000000001360B/IT,2023-10-26 14:51:58,2017-05-11,2017-05-12,191.6,228.5,-,-,[],C,127.58,808.79,250,1584.87
company,21X000000001360B,,Terminale GNL Adriatico S.r.l.,Adriatic LNG,21X000000001360B,,,21X000000001360B/IT,2023-10-26 14:51:59,2017-05-12,2017-05-13,213.4,228.5,-,-,[],C,93.37,591.91,250,1584.85
company,21X000000001360B,,Terminale GNL Adriatico S.r.l.,Adriatic LNG,21X000000001360B,,,21X000000001360B/IT,2023-10-26 14:52:01,2017-05-13,2017-05-14,154.1,228.5,-,-,[],C,69.05,437.76,250,1584.94
company,21X000000001360B,,Terminale GNL Adriatico S.r.l.,Adriatic LNG,21X000000001360B,,,21X000000001360B/IT,2023-10-26 14:52:03,2017-05-14,2017-05-15,117.7,228.5,-,-,[],C,50.16,318,250,1584.93
company,21X000000001360B,,Terminale GNL Adriatico S.r.l.,Adriatic LNG,21X000000001360B,,,21X000000001360B/IT,2023-10-26 14:52:05,2017-05-15,2017-05-16,213.8,228.5,-,-,[],C,102.15,647.61,250,1584.95
company,21X000000001360B,,Terminale GNL Adriatico S.r.l.,Adriatic LNG,21X000000001360B,,,21X000000001360B/IT,2023-10-26 14:52:07,2017-05-16,2017-05-17,211.4,228.5,-,-,[],C,120.87,766.27,250,1584.91
company,21X000000001360B,,Terminale GNL Adriatico S.r.l.,Adriatic LNG,21X000000001360B,,,21X000000001360B/IT,2023-10-26 14:52:09,2017-05-17,2017-05-18,210.3,228.5,-,-,[],C,87.49,554.68,250,1584.98
company,21X000000001360B,,Terminale GNL Adriatico S.r.l.,Adriatic LNG,21X000000001360B,,,21X000000001360B/IT,2023-10-26 14:52:11,2017-05-18,2017-05-19,210.3,228.5,-,-,[],C,53.82,341.23,250,1585.05
company,21X000000001360B,,Terminale GNL Adriatico S.r.l.,Adriatic LNG,21X000000001360B,,,21X000000001360B/IT,2023-10-26 14:52:13,2017-05-19,2017-05-20,220.8,228.5,-,-,[],C,77.08,488.68,250,1584.98
company,21X000000001360B,,Terminale GNL Adriatico S.r.l.,Adriatic LNG,21X000000001360B,,,21X000000001360B/IT,2023-10-26 14:52:14,2017-05-20,2017-05-21,187.4,228.5,-,-,[],C,127.7,809.57,250,1584.91
company,21X000000001360B,,Terminale GNL Adriatico S.r.l.,Adriatic LNG,21X000000001360B,,,21X000000001360B/IT,2023-10-26 14:52:16,2017-05-21,2017-05-22,147.9,228.5,-,-,[],C,103.95,658.98,250,1584.85
company,21X000000001360B,,Terminale GNL Adriatico S.r.l.,Adriatic LNG,21X000000001360B,,,21X000000001360B/IT,2023-10-26 14:52:18,2017-05-22,2017-05-23,204.2,228.5,-,-,[],C,71.03,450.32,250,1584.96
company,21X000000001360B,,Terminale GNL Adriatico S.r.l.,Adriatic LNG,21X000000001360B,,,21X000000001360B/IT,2023-10-26 14:52:20,2017-05-23,2017-05-24,194.9,228.5,-,-,[],C,39.77,252.1,250,1584.74
company,21X000000001360B,,Terminale GNL Adriatico S.r.l.,Adriatic LNG,21X000000001360B,,,21X000000001360B/IT,2023-10-26 14:52:21,2017-05-24,2017-05-25,205.4,228.5,-,-,[],C,65.63,416.06,250,1584.87
company,21X000000001360B,,Terminale GNL Adriatico S.r.l.,Adriatic LNG,21X000000001360B,,,21X000000001360B/IT,2023-10-26 14:52:23,2017-05-25,2017-05-26,205.7,228.5,-,-,[],C,121.45,769.96,250,1584.93
company,21X000000001360B,,Terminale GNL Adriatico S.r.l.,Adriatic LNG,21X000000001360B,,,21X000000001360B/IT,2023-10-26 14:52:25,2017-05-26,2017-05-27,205.9,228.5,-,-,[],C,88.7,562.32,250,1584.89
company,21X000000001360B,,Terminale GNL Adriatico S.r.l.,Adriatic LNG,21X000000001360B,,,21X000000001360B/IT,2023-10-26 14:52:26,2017-05-27,2017-05-28,208,228.5,-,-,[],C,55.44,351.45,250,1584.82
company,21X000000001360B,,Terminale GNL Adriatico S.r.l.,Adriatic LNG,21X000000001360B,,,21X000000001360B/IT,2023-10-26 14:52:28,2017-05-28,2017-05-29,191.3,228.5,-,-,[],C,61.98,392.93,250,1584.91
company,21X000000001360B,,Terminale GNL Adriatico S.r.l.,Adriatic LNG,21X000000001360B,,,21X000000001360B/IT,2023-10-26 14:52:30,2017-05-29,2017-05-30,226.4,228.5,-,-,[],C,129.74,822.49,250,1584.88
company,21X000000001360B,,Terminale GNL Adriatico S.r.l.,Adriatic LNG,21X000000001360B,,,21X000000001360B/IT,2023-10-26 14:52:31,2017-05-30,2017-05-31,224.2,228.5,-,-,[],C,94.2,597.21,250,1584.95
company,21X000000001360B,,Terminale GNL Adriatico S.r.l.,Adriatic LNG,21X000000001360B,,,21X000000001360B/IT,2023-10-26 14:52:33,2017-05-31,2017-06-01,226.2,228.5,-,-,[],C,169.64,1075.49,250,1584.96
company,21X000000001360B,,Terminale GNL Adriatico S.r.l.,Adriatic LNG,21X000000001360B,,,21X000000001360B/IT,2023-10-26 14:52:35,2017-06-01,2017-06-02,224.3,228.5,-,-,[],C,169.74,1076.07,250,1584.88
company,21X000000001360B,,Terminale GNL Adriatico S.r.l.,Adriatic LNG,21X000000001360B,,,21X000000001360B/IT,2023-10-26 14:52:37,2017-06-02,2017-06-03,198.3,228.5,-,-,[],C,138.16,875.92,250,1584.97
company,21X000000001360B,,Terminale GNL Adriatico S.r.l.,Adriatic LNG,21X000000001360B,,,21X000000001360B/IT,2023-10-26 14:52:39,2017-06-03,2017-06-04,177.4,228.5,-,-,[],C,110.02,697.47,250,1584.87
company,21X000000001360B,,Terminale GNL Adriatico S.r.l.,Adriatic LNG,21X000000001360B,,,21X000000001360B/IT,2023-10-26 14:52:40,2017-06-04,2017-06-05,198.2,228.5,-,-,[],C,182.98,1160.02,250,1584.9
company,21X000000001360B,,Terminale GNL Adriatico S.r.l.,Adriatic LNG,21X000000001360B,,,21X000000001360B/IT,2023-10-26 14:52:42,2017-06-05,2017-06-06,224.4,228.5,-,-,[],C,189.45,1201.04,250,1584.9
company,21X000000001360B,,Terminale GNL Adriatico S.r.l.,Adriatic LNG,21X000000001360B,,,21X000000001360B/IT,2023-10-26 14:52:44,2017-06-06,2017-06-07,223.5,228.5,-,-,[],C,154.02,976.46,250,1584.96
company,21X000000001360B,,Terminale GNL Adriatico S.r.l.,Adriatic LNG,21X000000001360B,,,21X000000001360B/IT,2023-10-26 14:52:45,2017-06-07,2017-06-08,202.6,228.5,-,-,[],C,121.75,771.85,250,1584.91
company,21X000000001360B,,Terminale GNL Adriatico S.r.l.,Adriatic LNG,21X000000001360B,,,21X000000001360B/IT,2023-10-26 14:52:47,2017-06-08,2017-06-09,202.8,228.5,-,-,[],C,136.32,864.25,250,1584.97
company,21X000000001360B,,Terminale GNL Adriatico S.r.l.,Adriatic LNG,21X000000001360B,,,21X000000001360B/IT,2023-10-26 14:52:49,2017-06-09,2017-06-10,218,228.5,-,-,[],C,193.04,1223.84,250,1584.96
company,21X000000001360B,,Terminale GNL Adriatico S.r.l.,Adriatic LNG,21X000000001360B,,,21X000000001360B/IT,2023-10-26 14:52:50,2017-06-10,2017-06-11,187.5,228.5,-,-,[],C,163.05,1033.7,250,1584.94
company,21X000000001360B,,Terminale GNL Adriatico S.r.l.,Adriatic LNG,21X000000001360B,,,21X000000001360B/IT,2023-10-26 14:52:52,2017-06-11,2017-06-12,180.3,228.5,-,-,[],C,134.25,851.07,250,1584.86
company,21X000000001360B,,Terminale GNL Adriatico S.r.l.,Adriatic LNG,21X000000001360B,,,21X000000001360B/IT,2023-10-26 14:52:54,2017-06-12,2017-06-13,202.4,228.5,-,-,[],C,101.73,644.95,250,1584.96
company,21X000000001360B,,Terminale GNL Adriatico S.r.l.,Adriatic LNG,21X000000001360B,,,21X000000001360B/IT,2023-10-26 14:52:55,2017-06-13,2017-06-14,202.4,228.5,-,-,[],C,74.86,474.58,250,1584.89
company,21X000000001360B,,Terminale GNL Adriatico S.r.l.,Adriatic LNG,21X000000001360B,,,21X000000001360B/IT,2023-10-26 14:52:57,2017-06-14,2017-06-15,224.2,228.5,-,-,[],C,179.6,1138.62,250,1584.94
company,21X000000001360B,,Terminale GNL Adriatico S.r.l.,Adriatic LNG,21X000000001360B,,,21X000000001360B/IT,2023-10-26 14:52:59,2017-06-15,2017-06-16,230.6,228.5,-,-,[],C,142.95,906.27,250,1584.94
company,21X000000001360B,,Terminale GNL Adriatico S.r.l.,Adriatic LNG,21X000000001360B,,,21X000000001360B/IT,2023-10-26 14:53:01,2017-06-16,2017-06-17,227.4,228.5,-,-,[],C,178.67,1132.69,250,1584.89
company,21X000000001360B,,Terminale GNL Adriatico S.r.l.,Adriatic LNG,21X000000001360B,,,21X000000001360B/IT,2023-10-26 14:53:03,2017-06-17,2017-06-18,224.4,228.5,-,-,[],C,211,1337.66,250,1584.91
company,21X000000001360B,,Terminale GNL Adriatico S.r.l.,Adriatic LNG,21X000000001360B,,,21X000000001360B/IT,2023-10-26 14:53:04,2017-06-18,2017-06-19,215.6,228.5,-,-,[],C,176.88,1121.37,250,1584.93
company,21X000000001360B,,Terminale GNL Adriatico S.r.l.,Adriatic LNG,21X000000001360B,,,21X000000001360B/IT,2023-10-26 14:53:06,2017-06-19,2017-06-20,229.2,228.5,-,-,[],C,140.3,889.47,250,1584.94
company,21X000000001360B,,Terminale GNL Adriatico S.r.l.,Adriatic LNG,21X000000001360B,,,21X000000001360B/IT,2023-10-26 14:53:08,2017-06-20,2017-06-21,229.4,228.5,-,-,[],C,166.3,1054.3,250,1584.94
company,21X000000001360B,,Terminale GNL Adriatico S.r.l.,Adriatic LNG,21X000000001360B,,,21X000000001360B/IT,2023-10-26 14:53:09,2017-06-21,2017-06-22,228,228.5,-,-,[],C,208.94,1324.59,250,1584.89
company,21X000000001360B,,Terminale GNL Adriatico S.r.l.,Adriatic LNG,21X000000001360B,,,21X000000001360B/IT,2023-10-26 14:53:11,2017-06-22,2017-06-23,227.9,228.5,-,-,[],C,172.47,1093.43,250,1584.96
company,21X000000001360B,,Terminale GNL Adriatico S.r.l.,Adriatic LNG,21X000000001360B,,,21X000000001360B/IT,2023-10-26 14:53:13,2017-06-23,2017-06-24,228,228.5,-,-,[],C,136.03,862.41,250,1584.96
company,21X000000001360B,,Terminale GNL Adriatico S.r.l.,Adriatic LNG,21X000000001360B,,,21X000000001360B/IT,2023-10-26 14:53:14,2017-06-24,2017-06-25,227,228.5,-,-,[],C,145.58,922.95,250,1584.95
company,21X000000001360B,,Terminale GNL Adriatico S.r.l.,Adriatic LNG,21X000000001360B,,,21X000000001360B/IT,2023-10-26 14:53:16,2017-06-25,2017-06-26,207.1,228.5,-,-,[],C,205.64,1303.67,250,1584.89
company,21X000000001360B,,Terminale GNL Adriatico S.r.l.,Adriatic LNG,21X000000001360B,,,21X000000001360B/IT,2023-10-26 14:53:18,2017-06-26,2017-06-27,227.8,228.5,-,-,[],C,169.14,1072.3,250,1584.93
company,21X000000001360B,,Terminale GNL Adriatico S.r.l.,Adriatic LNG,21X000000001360B,,,21X000000001360B/IT,2023-10-26 14:53:19,2017-06-27,2017-06-28,223.3,228.5,-,-,[],C,133.46,846.12,250,1584.97
company,21X000000001360B,,Terminale GNL Adriatico S.r.l.,Adriatic LNG,21X000000001360B,,,21X000000001360B/IT,2023-10-26 14:53:21,2017-06-28,2017-06-29,227.6,228.5,-,-,[],C,97.12,615.73,250,1584.97
company,21X000000001360B,,Terminale GNL Adriatico S.r.l.,Adriatic LNG,21X000000001360B,,,21X000000001360B/IT,2023-10-26 14:53:23,2017-06-29,2017-06-30,202.5,228.5,-,-,[],C,64.82,410.95,250,1584.97
company,21X000000001360B,,Terminale GNL Adriatico S.r.l.,Adriatic LNG,21X000000001360B,,,21X000000001360B/IT,2023-10-26 14:53:24,2017-06-30,2017-07-01,227.5,228.5,-,-,[],C,127.12,805.87,250,1584.86
company,21X000000001360B,,Terminale GNL Adriatico S.r.l.,Adriatic LNG,21X000000001360B,,,21X000000001360B/IT,2023-10-26 14:53:26,2017-07-01,2017-07-02,228.2,228.5,-,-,[],C,138.67,879.13,250,1584.93
company,21X000000001360B,,Terminale GNL Adriatico S.r.l.,Adriatic LNG,21X000000001360B,,,21X000000001360B/IT,2023-10-26 14:53:28,2017-07-02,2017-07-03,228.4,228.5,-,-,[],C,190.75,1209.3,250,1584.93
company,21X000000001360B,,Terminale GNL Adriatico S.r.l.,Adriatic LNG,21X000000001360B,,,21X000000001360B/IT,2023-10-26 14:53:29,2017-07-03,2017-07-04,228.1,228.5,-,-,[],C,211.7,1342.11,250,1584.92
company,21X000000001360B,,Terminale GNL Adriatico S.r.l.,Adriatic LNG,21X000000001360B,,,21X000000001360B/IT,2023-10-26 14:53:31,2017-07-04,2017-07-05,227.9,228.5,-,-,[],C,175.03,1109.61,250,1584.89
company,21X000000001360B,,Terminale GNL Adriatico S.r.l.,Adriatic LNG,21X000000001360B,,,21X000000001360B/IT,2023-10-26 14:53:33,2017-07-05,2017-07-06,228.3,228.5,-,-,[],C,138.62,878.84,250,1584.98
company,21X000000001360B,,Terminale GNL Adriatico S.r.l.,Adriatic LNG,21X000000001360B,,,21X000000001360B/IT,2023-10-26 14:53:35,2017-07-06,2017-07-07,228.2,228.5,-,-,[],C,204.47,1296.27,250,1584.91
company,21X000000001360B,,Terminale GNL Adriatico S.r.l.,Adriatic LNG,21X000000001360B,,,21X000000001360B/IT,2023-10-26 14:53:37,2017-07-07,2017-07-08,228.4,228.5,-,-,[],C,209.24,1326.51,250,1584.91
company,21X000000001360B,,Terminale GNL Adriatico S.r.l.,Adriatic LNG,21X000000001360B,,,21X000000001360B/IT,2023-10-26 14:53:38,2017-07-08,2017-07-09,228.9,228.5,-,-,[],C,172.63,1094.45,250,1584.96
company,21X000000001360B,,Terminale GNL Adriatico S.r.l.,Adriatic LNG,21X000000001360B,,,21X000000001360B/IT,2023-10-26 14:53:40,2017-07-09,2017-07-10,228.1,228.5,-,-,[],C,135.91,861.64,250,1584.95
company,21X000000001360B,,Terminale GNL Adriatico S.r.l.,Adriatic LNG,21X000000001360B,,,21X000000001360B/IT,2023-10-26 14:53:42,2017-07-10,2017-07-11,227.9,228.5,-,-,[],C,185.45,1175.68,250,1584.9
company,21X000000001360B,,Terminale GNL Adriatico S.r.l.,Adriatic LNG,21X000000001360B,,,21X000000001360B/IT,2023-10-26 14:53:43,2017-07-11,2017-07-12,228.5,228.5,-,-,[],C,209.31,1326.93,250,1584.89
company,21X000000001360B,,Terminale GNL Adriatico S.r.l.,Adriatic LNG,21X000000001360B,,,21X000000001360B/IT,2023-10-26 14:53:45,2017-07-12,2017-07-13,218.9,228.5,-,-,[],C,171.42,1086.77,250,1584.95
company,21X000000001360B,,Terminale GNL Adriatico S.r.l.,Adriatic LNG,21X000000001360B,,,21X000000001360B/IT,2023-10-26 14:53:46,2017-07-13,2017-07-14,228.7,228.5,-,-,[],C,131.49,833.6,250,1584.91
company,21X000000001360B,,Terminale GNL Adriatico S.r.l.,Adriatic LNG,21X000000001360B,,,21X000000001360B/IT,2023-10-26 14:53:48,2017-07-14,2017-07-15,228.7,228.5,-,-,[],C,131.49,0,250,0
company,21X000000001360B,,Terminale GNL Adriatico S.r.l.,Adriatic LNG,21X000000001360B,,,21X000000001360B/IT,2023-10-26 14:53:50,2017-07-15,2017-07-16,228.5,228.5,-,-,[],C,180.63,1145.12,250,1584.9
company,21X000000001360B,,Terminale GNL Adriatico S.r.l.,Adriatic LNG,21X000000001360B,,,21X000000001360B/IT,2023-10-26 14:53:51,2017-07-16,2017-07-17,199,228.5,-,-,[],C,156.7,993.43,250,1584.92
company,21X000000001360B,,Terminale GNL Adriatico S.r.l.,Adriatic LNG,21X000000001360B,,,21X000000001360B/IT,2023-10-26 14:53:53,2017-07-17,2017-07-18,207.4,228.5,-,-,[],C,131.68,834.83,250,1584.96
company,21X000000001360B,,Terminale GNL Adriatico S.r.l.,Adriatic LNG,21X000000001360B,,,21X000000001360B/IT,2023-10-26 14:53:55,2017-07-18,2017-07-19,228.2,228.5,-,-,[],C,199.89,1267.23,250,1584.91
company,21X000000001360B,,Terminale GNL Adriatico S.r.l.,Adriatic LNG,21X000000001360B,,,21X000000001360B/IT,2023-10-26 14:53:56,2017-07-19,2017-07-20,228.1,228.5,-,-,[],C,182.16,1154.83,250,1584.91
company,21X000000001360B,,Terminale GNL Adriatico S.r.l.,Adriatic LNG,21X000000001360B,,,21X000000001360B/IT,2023-10-26 14:53:58,2017-07-20,2017-07-21,228.1,228.5,-,-,[],C,140.44,890.37,250,1584.97
company,21X000000001360B,,Terminale GNL Adriatico S.r.l.,Adriatic LNG,21X000000001360B,,,21X000000001360B/IT,2023-10-26 14:54:00,2017-07-21,2017-07-22,228.1,228.5,-,-,[],C,122.03,773.63,250,1584.92
company,21X000000001360B,,Terminale GNL Adriatico S.r.l.,Adriatic LNG,21X000000001360B,,,21X000000001360B/IT,2023-10-26 14:54:01,2017-07-22,2017-07-23,207.3,228.5,-,-,[],C,134.29,851.35,250,1584.91
company,21X000000001360B,,Terminale GNL Adriatico S.r.l.,Adriatic LNG,21X000000001360B,,,21X000000001360B/IT,2023-10-26 14:54:03,2017-07-23,2017-07-24,188.4,228.5,-,-,[],C,160.13,1015.16,250,1584.9
company,21X000000001360B,,Terminale GNL Adriatico S.r.l.,Adriatic LNG,21X000000001360B,,,21X000000001360B/IT,2023-10-26 14:54:04,2017-07-24,2017-07-25,228.2,228.5,-,-,[],C,171.14,1084.99,250,1584.95
company,21X000000001360B,,Terminale GNL Adriatico S.r.l.,Adriatic LNG,21X000000001360B,,,21X000000001360B/IT,2023-10-26 14:54:06,2017-07-25,2017-07-26,227.7,228.5,-,-,[],C,134.5,852.67,250,1584.89
company,21X000000001360B,,Terminale GNL Adriatico S.r.l.,Adriatic LNG,21X000000001360B,,,21X000000001360B/IT,2023-10-26 14:54:08,2017-07-26,2017-07-27,201.1,228.5,-,-,[],C,169.49,1074.52,250,1584.93
company,21X000000001360B,,Terminale GNL Adriatico S.r.l.,Adriatic LNG,21X000000001360B,,,21X000000001360B/IT,2023-10-26 14:54:09,2017-07-27,2017-07-28,226.1,228.5,-,-,[],C,205.49,1302.74,250,1584.92
company,21X000000001360B,,Terminale GNL Adriatico S.r.l.,Adriatic LNG,21X000000001360B,,,21X000000001360B/IT,2023-10-26 14:54:11,2017-07-28,2017-07-29,227.2,228.5,-,-,[],C,169.22,1072.8,250,1584.92
company,21X000000001360B,,Terminale GNL Adriatico S.r.l.,Adriatic LNG,21X000000001360B,,,21X000000001360B/IT,2023-10-26 14:54:13,2017-07-29,2017-07-30,171.8,228.5,-,-,[],C,141.86,899.32,250,1584.87
company,21X000000001360B,,Terminale GNL Adriatico S.r.l.,Adriatic LNG,21X000000001360B,,,21X000000001360B/IT,2023-10-26 14:54:15,2017-07-30,2017-07-31,146.8,228.5,-,-,[],C,118.2,749.36,250,1584.94
company,21X000000001360B,,Terminale GNL Adriatico S.r.l.,Adriatic LNG,21X000000001360B,,,21X000000001360B/IT,2023-10-26 14:54:16,2017-07-31,2017-08-01,227.4,228.5,-,-,[],C,81.81,518.64,250,1584.89
company,21X000000001360B,,Terminale GNL Adriatico S.r.l.,Adriatic LNG,21X000000001360B,,,21X000000001360B/IT,2023-10-26 14:54:18,2017-08-01,2017-08-02,227.2,228.5,-,-,[],C,45.24,286.8,250,1584.88
company,21X000000001360B,,Terminale GNL Adriatico S.r.l.,Adriatic LNG,21X000000001360B,,,21X000000001360B/IT,2023-10-26 14:54:20,2017-08-02,2017-08-03,228.3,228.5,-,-,[],C,122.35,775.64,250,1584.88
company,21X000000001360B,,Terminale GNL Adriatico S.r.l.,Adriatic LNG,21X000000001360B,,,21X000000001360B/IT,2023-10-26 14:54:21,2017-08-03,2017-08-04,228.1,228.5,-,-,[],C,117.49,744.86,250,1584.94
company,21X000000001360B,,Terminale GNL Adriatico S.r.l.,Adriatic LNG,21X000000001360B,,,21X000000001360B/IT,2023-10-26 14:54:23,2017-08-04,2017-08-05,228.2,228.5,-,-,[],C,80.97,513.33,250,1584.94
company,21X000000001360B,,Terminale GNL Adriatico S.r.l.,Adriatic LNG,21X000000001360B,,,21X000000001360B/IT,2023-10-26 14:54:25,2017-08-05,2017-08-06,198,228.5,-,-,[],C,49.48,313.69,250,1584.93
company,21X000000001360B,,Terminale GNL Adriatico S.r.l.,Adriatic LNG,21X000000001360B,,,21X000000001360B/IT,2023-10-26 14:54:26,2017-08-06,2017-08-07,109.5,228.5,-,-,[],C,32.03,203.06,250,1584.92
company,21X000000001360B,,Terminale GNL Adriatico S.r.l.,Adriatic LNG,21X000000001360B,,,21X000000001360B/IT,2023-10-26 14:54:28,2017-08-07,2017-08-08,208.7,228.5,-,-,[],C,39.51,250.45,250,1584.73
company,21X000000001360B,,Terminale GNL Adriatico S.r.l.,Adriatic LNG,21X000000001360B,,,21X000000001360B/IT,2023-10-26 14:54:30,2017-08-08,2017-08-09,227,228.5,-,-,[],C,102.91,652.39,250,1584.86
company,21X000000001360B,,Terminale GNL Adriatico S.r.l.,Adriatic LNG,21X000000001360B,,,21X000000001360B/IT,2023-10-26 14:54:31,2017-08-09,2017-08-10,227.8,228.5,-,-,[],C,66.42,421.06,250,1584.84
company,21X000000001360B,,Terminale GNL Adriatico S.r.l.,Adriatic LNG,21X000000001360B,,,21X000000001360B/IT,2023-10-26 14:54:33,2017-08-10,2017-08-11,227.8,228.5,-,-,[],C,112.43,712.76,250,1584.9
company,21X000000001360B,,Terminale GNL Adriatico S.r.l.,Adriatic LNG,21X000000001360B,,,21X000000001360B/IT,2023-10-26 14:54:35,2017-08-11,2017-08-12,225.4,228.5,-,-,[],C,138.81,880.05,250,1584.99
company,21X000000001360B,,Terminale GNL Adriatico S.r.l.,Adriatic LNG,21X000000001360B,,,21X000000001360B/IT,2023-10-26 14:54:36,2017-08-12,2017-08-13,135.4,228.5,-,-,[],C,117.57,745.34,250,1584.89
company,21X000000001360B,,Terminale GNL Adriatico S.r.l.,Adriatic LNG,21X000000001360B,,,21X000000001360B/IT,2023-10-26 14:54:38,2017-08-13,2017-08-14,130.2,228.5,-,-,[],C,96.62,612.52,250,1584.87
company,21X000000001360B,,Terminale GNL Adriatico S.r.l.,Adriatic LNG,21X000000001360B,,,21X000000001360B/IT,2023-10-26 14:54:40,2017-08-14,2017-08-15,200.1,228.5,-,-,[],C,163.06,1033.76,250,1584.94
company,21X000000001360B,,Terminale GNL Adriatico S.r.l.,Adriatic LNG,21X000000001360B,,,21X000000001360B/IT,2023-10-26 14:54:42,2017-08-15,2017-08-16,166.6,228.5,-,-,[],C,183.44,1162.94,250,1584.91
company,21X000000001360B,,Terminale GNL Adriatico S.r.l.,Adriatic LNG,21X000000001360B,,,21X000000001360B/IT,2023-10-26 14:54:43,2017-08-16,2017-08-17,226.1,228.5,-,-,[],C,147.15,932.91,250,1584.96
company,21X000000001360B,,Terminale GNL Adriatico S.r.l.,Adriatic LNG,21X000000001360B,,,21X000000001360B/IT,2023-10-26 14:54:45,2017-08-17,2017-08-18,226.2,228.5,-,-,[],C,110.99,703.64,250,1584.92
company,21X000000001360B,,Terminale GNL Adriatico S.r.l.,Adriatic LNG,21X000000001360B,,,21X000000001360B/IT,2023-10-26 14:54:47,2017-08-18,2017-08-19,226.2,228.5,-,-,[],C,145.1,919.91,250,1584.96
company,21X000000001360B,,Terminale GNL Adriatico S.r.l.,Adriatic LNG,21X000000001360B,,,21X000000001360B/IT,2023-10-26 14:54:49,2017-08-19,2017-08-20,166.6,228.5,-,-,[],C,189.3,1200.11,250,1584.93
company,21X000000001360B,,Terminale GNL Adriatico S.r.l.,Adriatic LNG,21X000000001360B,,,21X000000001360B/IT,2023-10-26 14:54:50,2017-08-20,2017-08-21,166.6,228.5,-,-,[],C,162.69,1031.4,250,1584.92
company,21X000000001360B,,Terminale GNL Adriatico S.r.l.,Adriatic LNG,21X000000001360B,,,21X000000001360B/IT,2023-10-26 14:54:52,2017-08-21,2017-08-22,227.7,228.5,-,-,[],C,125.94,798.44,250,1584.96
company,21X000000001360B,,Terminale GNL Adriatico S.r.l.,Adriatic LNG,21X000000001360B,,,21X000000001360B/IT,2023-10-26 14:54:54,2017-08-22,2017-08-23,227.7,228.5,-,-,[],C,203.05,1287.27,250,1584.92
company,21X000000001360B,,Terminale GNL Adriatico S.r.l.,Adriatic LNG,21X000000001360B,,,21X000000001360B/IT,2023-10-26 14:54:56,2017-08-23,2017-08-24,227.7,228.5,-,-,[],C,192.36,1219.53,250,1584.96
company,21X000000001360B,,Terminale GNL Adriatico S.r.l.,Adriatic LNG,21X000000001360B,,,21X000000001360B/IT,2023-10-26 14:54:57,2017-08-24,2017-08-25,135.2,228.5,-,-,[],C,170.97,1083.91,250,1584.94
company,21X000000001360B,,Terminale GNL Adriatico S.r.l.,Adriatic LNG,21X000000001360B,,,21X000000001360B/IT,2023-10-26 14:54:59,2017-08-25,2017-08-26,143,228.5,-,-,[],C,148.9,943.99,250,1584.94
company,21X000000001360B,,Terminale GNL Adriatico S.r.l.,Adriatic LNG,21X000000001360B,,,21X000000001360B/IT,2023-10-26 14:55:01,2017-08-26,2017-08-27,143,228.5,-,-,[],C,127.63,809.16,250,1584.97
company,21X000000001360B,,Terminale GNL Adriatico S.r.l.,Adriatic LNG,21X000000001360B,,,21X000000001360B/IT,2023-10-26 14:55:02,2017-08-27,2017-08-28,143,228.5,-,-,[],C,171.41,1086.68,250,1584.91
company,21X000000001360B,,Terminale GNL Adriatico S.r.l.,Adriatic LNG,21X000000001360B,,,21X000000001360B/IT,2023-10-26 14:55:04,2017-08-28,2017-08-29,135.4,228.5,-,-,[],C,225.73,1431.09,250,1584.96
company,21X000000001360B,,Terminale GNL Adriatico S.r.l.,Adriatic LNG,21X000000001360B,,,21X000000001360B/IT,2023-10-26 14:55:06,2017-08-29,2017-08-30,197,228.5,-,-,[],C,194.14,1230.79,250,1584.93
company,21X000000001360B,,Terminale GNL Adriatico S.r.l.,Adriatic LNG,21X000000001360B,,,21X000000001360B/IT,2023-10-26 14:55:08,2017-08-30,2017-08-31,213.6,228.5,-,-,[],C,160.02,1014.47,250,1584.91
company,21X000000001360B,,Terminale GNL Adriatico S.r.l.,Adriatic LNG,21X000000001360B,,,21X000000001360B/IT,2023-10-26 14:55:09,2017-08-31,2017-09-01,213.6,228.5,-,-,[],C,160.02,0,250,0
company,21X000000001360B,,Terminale GNL Adriatico S.r.l.,Adriatic LNG,21X000000001360B,,,21X000000001360B/IT,2023-10-26 14:55:11,2017-09-01,2017-09-02,213.6,228.5,-,-,[],C,88.68,562.18,250,1584.86
company,21X000000001360B,,Terminale GNL Adriatico S.r.l.,Adriatic LNG,21X000000001360B,,,21X000000001360B/IT,2023-10-26 14:55:12,2017-09-02,2017-09-03,213.6,228.5,-,-,[],C,57.24,362.91,250,1585.04
company,21X000000001360B,,Terminale GNL Adriatico S.r.l.,Adriatic LNG,21X000000001360B,,,21X000000001360B/IT,2023-10-26 14:55:14,2017-09-03,2017-09-04,213.6,228.5,-,-,[],C,170.61,1081.61,250,1584.92
company,21X000000001360B,,Terminale GNL Adriatico S.r.l.,Adriatic LNG,21X000000001360B,,,21X000000001360B/IT,2023-10-26 14:55:16,2017-09-04,2017-09-05,240.8,228.5,-,-,[],C,138.22,876.3,250,1584.97
company,21X000000001360B,,Terminale GNL Adriatico S.r.l.,Adriatic LNG,21X000000001360B,,,21X000000001360B/IT,2023-10-26 14:55:17,2017-09-05,2017-09-06,241.1,228.5,-,-,[],C,101.9,646.01,250,1584.91
company,21X000000001360B,,Terminale GNL Adriatico S.r.l.,Adriatic LNG,21X000000001360B,,,21X000000001360B/IT,2023-10-26 14:55:19,2017-09-06,2017-09-07,241,228.5,-,-,[],C,138.46,877.81,250,1584.95
company,21X000000001360B,,Terminale GNL Adriatico S.r.l.,Adriatic LNG,21X000000001360B,,,21X000000001360B/IT,2023-10-26 14:55:21,2017-09-07,2017-09-08,240.8,228.5,-,-,[],C,173.98,1102.98,250,1584.92
company,21X000000001360B,,Terminale GNL Adriatico S.r.l.,Adriatic LNG,21X000000001360B,,,21X000000001360B/IT,2023-10-26 14:55:22,2017-09-08,2017-09-09,196.9,228.5,-,-,[],C,137.55,872.04,250,1584.95
company,21X000000001360B,,Terminale GNL Adriatico S.r.l.,Adriatic LNG,21X000000001360B,,,21X000000001360B/IT,2023-10-26 14:55:24,2017-09-09,2017-09-10,192.8,228.5,-,-,[],C,106.17,673.08,250,1584.91
company,21X000000001360B,,Terminale GNL Adriatico S.r.l.,Adriatic LNG,21X000000001360B,,,21X000000001360B/IT,2023-10-26 14:55:26,2017-09-10,2017-09-11,196.9,228.5,-,-,[],C,75.14,476.37,250,1584.94
company,21X000000001360B,,Terminale GNL Adriatico S.r.l.,Adriatic LNG,21X000000001360B,,,21X000000001360B/IT,2023-10-26 14:55:27,2017-09-11,2017-09-12,240.2,228.5,-,-,[],C,178.8,1133.51,250,1584.89
company,21X000000001360B,,Terminale GNL Adriatico S.r.l.,Adriatic LNG,21X000000001360B,,,21X000000001360B/IT,2023-10-26 14:55:29,2017-09-12,2017-09-13,206.4,228.5,-,-,[],C,153.74,974.65,250,1584.9
company,21X000000001360B,,Terminale GNL Adriatico S.r.l.,Adriatic LNG,21X000000001360B,,,21X000000001360B/IT,2023-10-26 14:55:31,2017-09-13,2017-09-14,239,228.5,-,-,[],C,117.01,741.83,250,1584.97
company,21X000000001360B,,Terminale GNL Adriatico S.r.l.,Adriatic LNG,21X000000001360B,,,21X000000001360B/IT,2023-10-26 14:55:32,2017-09-14,2017-09-15,226.6,228.5,-,-,[],C,80.22,508.6,250,1585.02
company,21X000000001360B,,Terminale GNL Adriatico S.r.l.,Adriatic LNG,21X000000001360B,,,21X000000001360B/IT,2023-10-26 14:55:34,2017-09-15,2017-09-16,226.6,228.5,-,-,[],C,80.22,0,250,0
company,21X000000001360B,,Terminale GNL Adriatico S.r.l.,Adriatic LNG,21X000000001360B,,,21X000000001360B/IT,2023-10-26 14:55:36,2017-09-16,2017-09-17,226.6,228.5,-,-,[],C,80.22,0,250,0
company,21X000000001360B,,Terminale GNL Adriatico S.r.l.,Adriatic LNG,21X000000001360B,,,21X000000001360B/IT,2023-10-26 14:55:37,2017-09-17,2017-09-18,140,228.5,-,-,[],C,135.77,860.74,250,1584.92
company,21X000000001360B,,Terminale GNL Adriatico S.r.l.,Adriatic LNG,21X000000001360B,,,21X000000001360B/IT,2023-10-26 14:55:39,2017-09-18,2017-09-19,228.9,228.5,-,-,[],C,99.19,628.83,250,1584.91
company,21X000000001360B,,Terminale GNL Adriatico S.r.l.,Adriatic LNG,21X000000001360B,,,21X000000001360B/IT,2023-10-26 14:55:40,2017-09-19,2017-09-20,228.4,228.5,-,-,[],C,62.66,397.22,250,1584.82
company,21X000000001360B,,Terminale GNL Adriatico S.r.l.,Adriatic LNG,21X000000001360B,,,21X000000001360B/IT,2023-10-26 14:55:42,2017-09-20,2017-09-21,228.6,228.5,-,-,[],C,145.41,921.88,250,1584.97
company,21X000000001360B,,Terminale GNL Adriatico S.r.l.,Adriatic LNG,21X000000001360B,,,21X000000001360B/IT,2023-10-26 14:55:44,2017-09-21,2017-09-22,227.7,228.5,-,-,[],C,128.36,813.76,250,1584.92
company,21X000000001360B,,Terminale GNL Adriatico S.r.l.,Adriatic LNG,21X000000001360B,,,21X000000001360B/IT,2023-10-26 14:55:45,2017-09-22,2017-09-23,227.8,228.5,-,-,[],C,156.71,993.5,250,1584.93
company,21X000000001360B,,Terminale GNL Adriatico S.r.l.,Adriatic LNG,21X000000001360B,,,21X000000001360B/IT,2023-10-26 14:55:47,2017-09-23,2017-09-24,227.9,228.5,-,-,[],C,194.82,1235.1,250,1584.92
company,21X000000001360B,,Terminale GNL Adriatico S.r.l.,Adriatic LNG,21X000000001360B,,,21X000000001360B/IT,2023-10-26 14:55:49,2017-09-24,2017-09-25,228,228.5,-,-,[],C,158.4,1004.21,250,1584.93
company,21X000000001360B,,Terminale GNL Adriatico S.r.l.,Adriatic LNG,21X000000001360B,,,21X000000001360B/IT,2023-10-26 14:55:51,2017-09-25,2017-09-26,228,228.5,-,-,[],C,121.92,772.93,250,1584.91
company,21X000000001360B,,Terminale GNL Adriatico S.r.l.,Adriatic LNG,21X000000001360B,,,21X000000001360B/IT,2023-10-26 14:55:52,2017-09-26,2017-09-27,227.9,228.5,-,-,[],C,179.68,1139.12,250,1584.93
company,21X000000001360B,,Terminale GNL Adriatico S.r.l.,Adriatic LNG,21X000000001360B,,,21X000000001360B/IT,2023-10-26 14:55:54,2017-09-27,2017-09-28,228.4,228.5,-,-,[],C,188.56,1195.4,250,1584.91
company,21X000000001360B,,Terminale GNL Adriatico S.r.l.,Adriatic LNG,21X000000001360B,,,21X000000001360B/IT,2023-10-26 14:55:56,2017-09-28,2017-09-29,228.5,228.5,-,-,[],C,151.92,963.15,250,1584.96
company,21X000000001360B,,Terminale GNL Adriatico S.r.l.,Adriatic LNG,21X000000001360B,,,21X000000001360B/IT,2023-10-26 14:55:57,2017-09-29,2017-09-30,228,228.5,-,-,[],C,115.35,731.3,250,1584.96
company,21X000000001360B,,Terminale GNL Adriatico S.r.l.,Adriatic LNG,21X000000001360B,,,21X000000001360B/IT,2023-10-26 14:55:59,2017-09-30,2017-10-01,219.6,228.5,-,-,[],C,153.91,975.77,250,1584.97
company,21X000000001360B,,Terminale GNL Adriatico S.r.l.,Adriatic LNG,21X000000001360B,,,21X000000001360B/IT,2023-10-26 14:56:01,2017-10-01,2017-10-02,151.9,228.5,-,-,[],C,195.38,1238.68,250,1584.96
company,21X000000001360B,,Terminale GNL Adriatico S.r.l.,Adriatic LNG,21X000000001360B,,,21X000000001360B/IT,2023-10-26 14:56:03,2017-10-02,2017-10-03,227,228.5,-,-,[],C,158.76,1006.47,250,1584.89
company,21X000000001360B,,Terminale GNL Adriatico S.r.l.,Adriatic LNG,21X000000001360B,,,21X000000001360B/IT,2023-10-26 14:56:05,2017-10-03,2017-10-04,219.7,228.5,-,-,[],C,123.63,783.79,250,1584.95
company,21X000000001360B,,Terminale GNL Adriatico S.r.l.,Adriatic LNG,21X000000001360B,,,21X000000001360B/IT,2023-10-26 14:56:07,2017-10-04,2017-10-05,226,228.5,-,-,[],C,161.28,1022.45,250,1584.9
company,21X000000001360B,,Terminale GNL Adriatico S.r.l.,Adriatic LNG,21X000000001360B,,,21X000000001360B/IT,2023-10-26 14:56:09,2017-10-05,2017-10-06,221.6,228.5,-,-,[],C,196.61,1246.42,250,1584.89
company,21X000000001360B,,Terminale GNL Adriatico S.r.l.,Adriatic LNG,21X000000001360B,,,21X000000001360B/IT,2023-10-26 14:56:11,2017-10-06,2017-10-07,216.5,228.5,-,-,[],C,162.01,1027.07,250,1584.89
company,21X000000001360B,,Terminale GNL Adriatico S.r.l.,Adriatic LNG,21X000000001360B,,,21X000000001360B/IT,2023-10-26 14:56:12,2017-10-07,2017-10-08,69.6,228.5,-,-,[],C,150.97,957.12,250,1584.95
company,21X000000001360B,,Terminale GNL Adriatico S.r.l.,Adriatic LNG,21X000000001360B,,,21X000000001360B/IT,2023-10-26 14:56:14,2017-10-08,2017-10-09,64.3,228.5,-,-,[],C,140.79,892.6,250,1584.98
company,21X000000001360B,,Terminale GNL Adriatico S.r.l.,Adriatic LNG,21X000000001360B,,,21X000000001360B/IT,2023-10-26 14:56:16,2017-10-09,2017-10-10,166.7,228.5,-,-,[],C,113.82,721.57,250,1584.89
company,21X000000001360B,,Terminale GNL Adriatico S.r.l.,Adriatic LNG,21X000000001360B,,,21X000000001360B/IT,2023-10-26 14:56:17,2017-10-10,2017-10-11,213.9,228.5,-,-,[],C,79.37,503.17,250,1584.89
company,21X000000001360B,,Terminale GNL Adriatico S.r.l.,Adriatic LNG,21X000000001360B,,,21X000000001360B/IT,2023-10-26 14:56:19,2017-10-11,2017-10-12,198,228.5,-,-,[],C,47.85,303.33,250,1584.8
company,21X000000001360B,,Terminale GNL Adriatico S.r.l.,Adriatic LNG,21X000000001360B,,,21X000000001360B/IT,2023-10-26 14:56:20,2017-10-12,2017-10-13,224.3,228.5,-,-,[],C,147.22,933.36,250,1584.97
company,21X000000001360B,,Terminale GNL Adriatico S.r.l.,Adriatic LNG,21X000000001360B,,,21X000000001360B/IT,2023-10-26 14:56:22,2017-10-13,2017-10-14,224,228.5,-,-,[],C,123.78,784.73,250,1584.93
company,21X000000001360B,,Terminale GNL Adriatico S.r.l.,Adriatic LNG,21X000000001360B,,,21X000000001360B/IT,2023-10-26 14:56:24,2017-10-14,2017-10-15,124.9,228.5,-,-,[],C,104.24,660.84,250,1584.9
company,21X000000001360B,,Terminale GNL Adriatico S.r.l.,Adriatic LNG,21X000000001360B,,,21X000000001360B/IT,2023-10-26 14:56:25,2017-10-15,2017-10-16,114.6,228.5,-,-,[],C,85.71,543.37,250,1584.91
company,21X000000001360B,,Terminale GNL Adriatico S.r.l.,Adriatic LNG,21X000000001360B,,,21X000000001360B/IT,2023-10-26 14:56:27,2017-10-16,2017-10-17,224.3,228.5,-,-,[],C,96.26,610.25,250,1584.9
company,21X000000001360B,,Terminale GNL Adriatico S.r.l.,Adriatic LNG,21X000000001360B,,,21X000000001360B/IT,2023-10-26 14:56:29,2017-10-17,2017-10-18,224.1,228.5,-,-,[],C,152.35,965.85,250,1584.92
company,21X000000001360B,,Terminale GNL Adriatico S.r.l.,Adriatic LNG,21X000000001360B,,,21X000000001360B/IT,2023-10-26 14:56:31,2017-10-18,2017-10-19,224.2,228.5,-,-,[],C,116.45,738.27,250,1584.95
company,21X000000001360B,,Terminale GNL Adriatico S.r.l.,Adriatic LNG,21X000000001360B,,,21X000000001360B/IT,2023-10-26 14:56:32,2017-10-19,2017-10-20,224,228.5,-,-,[],C,80.69,511.54,250,1584.89
company,21X000000001360B,,Terminale GNL Adriatico S.r.l.,Adriatic LNG,21X000000001360B,,,21X000000001360B/IT,2023-10-26 14:56:34,2017-10-20,2017-10-21,223.9,228.5,-,-,[],C,160.57,1017.98,250,1584.95
company,21X000000001360B,,Terminale GNL Adriatico S.r.l.,Adriatic LNG,21X000000001360B,,,21X000000001360B/IT,2023-10-26 14:56:36,2017-10-21,2017-10-22,171.7,228.5,-,-,[],C,164.32,1041.71,250,1584.88
company,21X000000001360B,,Terminale GNL Adriatico S.r.l.,Adriatic LNG,21X000000001360B,,,21X000000001360B/IT,2023-10-26 14:56:38,2017-10-22,2017-10-23,125.5,228.5,-,-,[],C,144.37,915.26,250,1584.92
company,21X000000001360B,,Terminale GNL Adriatico S.r.l.,Adriatic LNG,21X000000001360B,,,21X000000001360B/IT,2023-10-26 14:56:40,2017-10-23,2017-10-24,224,228.5,-,-,[],C,108.34,686.86,250,1584.96
company,21X000000001360B,,Terminale GNL Adriatico S.r.l.,Adriatic LNG,21X000000001360B,,,21X000000001360B/IT,2023-10-26 14:56:41,2017-10-24,2017-10-25,224,228.5,-,-,[],C,122.26,775.09,250,1584.92
company,21X000000001360B,,Terminale GNL Adriatico S.r.l.,Adriatic LNG,21X000000001360B,,,21X000000001360B/IT,2023-10-26 14:56:43,2017-10-25,2017-10-26,224.2,228.5,-,-,[],C,175.13,1110.29,250,1584.95
company,21X000000001360B,,Terminale GNL Adriatico S.r.l.,Adriatic LNG,21X000000001360B,,,21X000000001360B/IT,2023-10-26 14:56:45,2017-10-26,2017-10-27,224.4,228.5,-,-,[],C,139.33,883.34,250,1584.98
company,21X000000001360B,,Terminale GNL Adriatico S.r.l.,Adriatic LNG,21X000000001360B,,,21X000000001360B/IT,2023-10-26 14:56:46,2017-10-27,2017-10-28,224.3,228.5,-,-,[],C,103.52,656.27,250,1584.89
company,21X000000001360B,,Terminale GNL Adriatico S.r.l.,Adriatic LNG,21X000000001360B,,,21X000000001360B/IT,2023-10-26 14:56:48,2017-10-28,2017-10-29,207.5,228.5,-,-,[],C,127.4,807.66,250,1584.89
company,21X000000001360B,,Terminale GNL Adriatico S.r.l.,Adriatic LNG,21X000000001360B,,,21X000000001360B/IT,2023-10-26 14:56:50,2017-10-29,2017-10-30,207.3,228.5,-,-,[],C,178.2,1129.71,250,1584.89
company,21X000000001360B,,Terminale GNL Adriatico S.r.l.,Adriatic LNG,21X000000001360B,,,21X000000001360B/IT,2023-10-26 14:56:52,2017-10-30,2017-10-31,227.4,228.5,-,-,[],C,142.01,900.32,250,1584.96
company,21X000000001360B,,Terminale GNL Adriatico S.r.l.,Adriatic LNG,21X000000001360B,,,21X000000001360B/IT,2023-10-26 14:56:54,2017-10-31,2017-11-01,227.2,228.5,-,-,[],C,105.89,671.32,250,1584.95
company,21X000000001360B,,Terminale GNL Adriatico S.r.l.,Adriatic LNG,21X000000001360B,,,21X000000001360B/IT,2023-10-26 14:56:55,2017-11-01,2017-11-02,70,228.5,-,-,[],C,164.8,1044.81,250,1584.97
company,21X000000001360B,,Terminale GNL Adriatico S.r.l.,Adriatic LNG,21X000000001360B,,,21X000000001360B/IT,2023-10-26 14:56:57,2017-11-02,2017-11-03,126.6,228.5,-,-,[],C,220.05,1395.07,250,1584.95
company,21X000000001360B,,Terminale GNL Adriatico S.r.l.,Adriatic LNG,21X000000001360B,,,21X000000001360B/IT,2023-10-26 14:56:59,2017-11-03,2017-11-04,137.1,228.5,-,-,[],C,197.95,1254.94,250,1584.92
company,21X000000001360B,,Terminale GNL Adriatico S.r.l.,Adriatic LNG,21X000000001360B,,,21X000000001360B/IT,2023-10-26 14:57:01,2017-11-04,2017-11-05,80.4,228.5,-,-,[],C,185.23,1174.31,250,1584.93
company,21X000000001360B,,Terminale GNL Adriatico S.r.l.,Adriatic LNG,21X000000001360B,,,21X000000001360B/IT,2023-10-26 14:57:03,2017-11-05,2017-11-06,64.5,228.5,-,-,[],C,174.74,1107.77,250,1584.88
company,21X000000001360B,,Terminale GNL Adriatico S.r.l.,Adriatic LNG,21X000000001360B,,,21X000000001360B/IT,2023-10-26 14:57:04,2017-11-06,2017-11-07,211.5,228.5,-,-,[],C,140.15,888.48,250,1584.87
company,21X000000001360B,,Terminale GNL Adriatico S.r.l.,Adriatic LNG,21X000000001360B,,,21X000000001360B/IT,2023-10-26 14:57:06,2017-11-07,2017-11-08,216.9,228.5,-,-,[],C,105.69,670.01,250,1584.85
company,21X000000001360B,,Terminale GNL Adriatico S.r.l.,Adriatic LNG,21X000000001360B,,,21X000000001360B/IT,2023-10-26 14:57:08,2017-11-08,2017-11-09,188.7,228.5,-,-,[],C,75.66,479.65,250,1584.89
company,21X000000001360B,,Terminale GNL Adriatico S.r.l.,Adriatic LNG,21X000000001360B,,,21X000000001360B/IT,2023-10-26 14:57:10,2017-11-09,2017-11-10,210.7,228.5,-,-,[],C,98.8,626.38,250,1584.97
company,21X000000001360B,,Terminale GNL Adriatico S.r.l.,Adriatic LNG,21X000000001360B,,,21X000000001360B/IT,2023-10-26 14:57:12,2017-11-10,2017-11-11,190.5,228.5,-,-,[],C,153.01,970.01,250,1584.88
company,21X000000001360B,,Terminale GNL Adriatico S.r.l.,Adriatic LNG,21X000000001360B,,,21X000000001360B/IT,2023-10-26 14:57:13,2017-11-11,2017-11-12,67.3,228.5,-,-,[],C,142.42,902.92,250,1584.96
company,21X000000001360B,,Terminale GNL Adriatico S.r.l.,Adriatic LNG,21X000000001360B,,,21X000000001360B/IT,2023-10-26 14:57:15,2017-11-12,2017-11-13,62.1,228.5,-,-,[],C,132.28,838.59,250,1584.88
company,21X000000001360B,,Terminale GNL Adriatico S.r.l.,Adriatic LNG,21X000000001360B,,,21X000000001360B/IT,2023-10-26 14:57:17,2017-11-13,2017-11-14,148.8,228.5,-,-,[],C,108.26,686.32,250,1584.89
company,21X000000001360B,,Terminale GNL Adriatico S.r.l.,Adriatic LNG,21X000000001360B,,,21X000000001360B/IT,2023-10-26 14:57:19,2017-11-14,2017-11-15,151,228.5,-,-,[],C,83.97,532.32,250,1584.85
company,21X000000001360B,,Terminale GNL Adriatico S.r.l.,Adriatic LNG,21X000000001360B,,,21X000000001360B/IT,2023-10-26 14:57:20,2017-11-15,2017-11-16,161.5,228.5,-,-,[],C,57.98,367.6,250,1585.03
company,21X000000001360B,,Terminale GNL Adriatico S.r.l.,Adriatic LNG,21X000000001360B,,,21X000000001360B/IT,2023-10-26 14:57:22,2017-11-16,2017-11-17,192.9,228.5,-,-,[],C,74.22,470.54,250,1584.95
company,21X000000001360B,,Terminale GNL Adriatico S.r.l.,Adriatic LNG,21X000000001360B,,,21X000000001360B/IT,2023-10-26 14:57:24,2017-11-17,2017-11-18,223.9,228.5,-,-,[],C,135.25,906.21,250,1675.06
company,21X000000001360B,,Terminale GNL Adriatico S.r.l.,Adriatic LNG,21X000000001360B,,,21X000000001360B/IT,2023-10-26 14:57:25,2017-11-18,2017-11-19,166.4,228.5,-,-,[],C,247.31,1657.03,250,1675.05
company,21X000000001360B,,Terminale GNL Adriatico S.r.l.,Adriatic LNG,21X000000001360B,,,21X000000001360B/IT,2023-10-26 14:57:27,2017-11-19,2017-11-20,166.4,228.5,-,-,[],C,220.53,1477.61,250,1675.07
company,21X000000001360B,,Terminale GNL Adriatico S.r.l.,Adriatic LNG,21X000000001360B,,,21X000000001360B/IT,2023-10-26 14:57:29,2017-11-20,2017-11-21,223.9,228.5,-,-,[],C,187.97,1191.67,250,1584.92
company,21X000000001360B,,Terminale GNL Adriatico S.r.l.,Adriatic LNG,21X000000001360B,,,21X000000001360B/IT,2023-10-26 14:57:31,2017-11-21,2017-11-22,224,228.5,-,-,[],C,152.06,963.99,250,1584.88
company,21X000000001360B,,Terminale GNL Adriatico S.r.l.,Adriatic LNG,21X000000001360B,,,21X000000001360B/IT,2023-10-26 14:57:32,2017-11-22,2017-11-23,223.9,228.5,-,-,[],C,172.77,1095.32,250,1584.94
company,21X000000001360B,,Terminale GNL Adriatico S.r.l.,Adriatic LNG,21X000000001360B,,,21X000000001360B/IT,2023-10-26 14:57:34,2017-11-23,2017-11-24,155.9,228.5,-,-,[],C,231.38,1466.89,250,1584.94
company,21X000000001360B,,Terminale GNL Adriatico S.r.l.,Adriatic LNG,21X000000001360B,,,21X000000001360B/IT,2023-10-26 14:57:35,2017-11-24,2017-11-25,93.6,228.5,-,-,[],C,216.44,1372.19,250,1584.95
company,21X000000001360B,,Terminale GNL Adriatico S.r.l.,Adriatic LNG,21X000000001360B,,,21X000000001360B/IT,2023-10-26 14:57:37,2017-11-25,2017-11-26,62.3,228.5,-,-,[],C,206.5,1309.14,250,1584.92
company,21X000000001360B,,Terminale GNL Adriatico S.r.l.,Adriatic LNG,21X000000001360B,,,21X000000001360B/IT,2023-10-26 14:57:39,2017-11-26,2017-11-27,62.4,228.5,-,-,[],C,196.18,1243.69,250,1584.88
company,21X000000001360B,,Terminale GNL Adriatico S.r.l.,Adriatic LNG,21X000000001360B,,,21X000000001360B/IT,2023-10-26 14:57:40,2017-11-27,2017-11-28,182.3,228.5,-,-,[],C,166.65,1056.52,250,1584.94
company,21X000000001360B,,Terminale GNL Adriatico S.r.l.,Adriatic LNG,21X000000001360B,,,21X000000001360B/IT,2023-10-26 14:57:42,2017-11-28,2017-11-29,224.2,228.5,-,-,[],C,130.83,829.44,250,1584.96
company,21X000000001360B,,Terminale GNL Adriatico S.r.l.,Adriatic LNG,21X000000001360B,,,21X000000001360B/IT,2023-10-26 14:57:44,2017-11-29,2017-11-30,224,228.5,-,-,[],C,223.87,1419.27,250,1584.93
company,21X000000001360B,,Terminale GNL Adriatico S.r.l.,Adriatic LNG,21X000000001360B,,,21X000000001360B/IT,2023-10-26 14:57:46,2017-11-30,2017-12-01,182.3,228.5,-,-,[],C,204.55,1296.81,250,1584.95
company,21X000000001360B,,Terminale GNL Adriatico S.r.l.,Adriatic LNG,21X000000001360B,,,21X000000001360B/IT,2023-10-26 14:57:47,2017-12-01,2017-12-02,208.2,228.5,-,-,[],C,170.99,1084.01,250,1584.9
company,21X000000001360B,,Terminale GNL Adriatico S.r.l.,Adriatic LNG,21X000000001360B,,,21X000000001360B/IT,2023-10-26 14:57:49,2017-12-02,2017-12-03,62.4,228.5,-,-,[],C,161.16,1021.73,250,1584.96
company,21X000000001360B,,Terminale GNL Adriatico S.r.l.,Adriatic LNG,21X000000001360B,,,21X000000001360B/IT,2023-10-26 14:57:51,2017-12-03,2017-12-04,62.4,228.5,-,-,[],C,151.09,957.88,250,1584.95
company,21X000000001360B,,Terminale GNL Adriatico S.r.l.,Adriatic LNG,21X000000001360B,,,21X000000001360B/IT,2023-10-26 14:57:52,2017-12-04,2017-12-05,136.3,228.5,-,-,[],C,129.05,818.15,250,1584.95
company,21X000000001360B,,Terminale GNL Adriatico S.r.l.,Adriatic LNG,21X000000001360B,,,21X000000001360B/IT,2023-10-26 14:57:54,2017-12-05,2017-12-06,140.4,228.5,-,-,[],C,106.53,675.39,250,1584.98
company,21X000000001360B,,Terminale GNL Adriatico S.r.l.,Adriatic LNG,21X000000001360B,,,21X000000001360B/IT,2023-10-26 14:57:56,2017-12-06,2017-12-07,140.7,228.5,-,-,[],C,83.9,531.91,250,1584.95
company,21X000000001360B,,Terminale GNL Adriatico S.r.l.,Adriatic LNG,21X000000001360B,,,21X000000001360B/IT,2023-10-26 14:57:57,2017-12-07,2017-12-08,62.4,228.5,-,-,[],C,73.93,468.68,250,1584.88
company,21X000000001360B,,Terminale GNL Adriatico S.r.l.,Adriatic LNG,21X000000001360B,,,21X000000001360B/IT,2023-10-26 14:57:59,2017-12-08,2017-12-09,62.3,228.5,-,-,[],C,63.99,405.7,250,1585.01
company,21X000000001360B,,Terminale GNL Adriatico S.r.l.,Adriatic LNG,21X000000001360B,,,21X000000001360B/IT,2023-10-26 14:58:01,2017-12-09,2017-12-10,62.5,228.5,-,-,[],C,116.85,740.82,250,1584.98
company,21X000000001360B,,Terminale GNL Adriatico S.r.l.,Adriatic LNG,21X000000001360B,,,21X000000001360B/IT,2023-10-26 14:58:03,2017-12-10,2017-12-11,62.3,228.5,-,-,[],C,188.61,1195.7,250,1584.88
company,21X000000001360B,,Terminale GNL Adriatico S.r.l.,Adriatic LNG,21X000000001360B,,,21X000000001360B/IT,2023-10-26 14:58:04,2017-12-11,2017-12-12,197.7,228.5,-,-,[],C,156.73,993.64,250,1584.96
company,21X000000001360B,,Terminale GNL Adriatico S.r.l.,Adriatic LNG,21X000000001360B,,,21X000000001360B/IT,2023-10-26 14:58:06,2017-12-12,2017-12-13,212.9,228.5,-,-,[],C,122.82,778.63,250,1584.9
company,21X000000001360B,,Terminale GNL Adriatico S.r.l.,Adriatic LNG,21X000000001360B,,,21X000000001360B/IT,2023-10-26 14:58:08,2017-12-13,2017-12-14,239.7,228.5,-,-,[],C,84.73,537.16,250,1584.92
company,21X000000001360B,,Terminale GNL Adriatico S.r.l.,Adriatic LNG,21X000000001360B,,,21X000000001360B/IT,2023-10-26 14:58:09,2017-12-14,2017-12-15,213.6,228.5,-,-,[],C,123.27,781.47,250,1584.87
company,21X000000001360B,,Terminale GNL Adriatico S.r.l.,Adriatic LNG,21X000000001360B,,,21X000000001360B/IT,2023-10-26 14:58:11,2017-12-15,2017-12-16,223.9,228.5,-,-,[],C,159.67,1012.27,250,1584.94
company,21X000000001360B,,Terminale GNL Adriatico S.r.l.,Adriatic LNG,21X000000001360B,,,21X000000001360B/IT,2023-10-26 14:58:13,2017-12-16,2017-12-17,164.7,228.5,-,-,[],C,133.59,846.94,250,1584.96
company,21X000000001360B,,Terminale GNL Adriatico S.r.l.,Adriatic LNG,21X000000001360B,,,21X000000001360B/IT,2023-10-26 14:58:15,2017-12-17,2017-12-18,163.5,228.5,-,-,[],C,144.09,913.5,250,1584.95
company,21X000000001360B,,Terminale GNL Adriatico S.r.l.,Adriatic LNG,21X000000001360B,,,21X000000001360B/IT,2023-10-26 14:58:16,2017-12-18,2017-12-19,228,228.5,-,-,[],C,217.21,1377.04,250,1584.92
company,21X000000001360B,,Terminale GNL Adriatico S.r.l.,Adriatic LNG,21X000000001360B,,,21X000000001360B/IT,2023-10-26 14:58:18,2017-12-19,2017-12-20,227.9,228.5,-,-,[],C,180.78,1146.1,250,1584.94
company,21X000000001360B,,Terminale GNL Adriatico S.r.l.,Adriatic LNG,21X000000001360B,,,21X000000001360B/IT,2023-10-26 14:58:19,2017-12-20,2017-12-21,228.1,228.5,-,-,[],C,144.3,914.79,250,1584.88
company,21X000000001360B,,Terminale GNL Adriatico S.r.l.,Adriatic LNG,21X000000001360B,,,21X000000001360B/IT,2023-10-26 14:58:21,2017-12-21,2017-12-22,228.1,228.5,-,-,[],C,107.87,683.86,250,1584.92
company,21X000000001360B,,Terminale GNL Adriatico S.r.l.,Adriatic LNG,21X000000001360B,,,21X000000001360B/IT,2023-10-26 14:58:23,2017-12-22,2017-12-23,206.2,228.5,-,-,[],C,75.06,475.86,250,1584.93
company,21X000000001360B,,Terminale GNL Adriatico S.r.l.,Adriatic LNG,21X000000001360B,,,21X000000001360B/IT,2023-10-26 14:58:24,2017-12-23,2017-12-24,158.1,228.5,-,-,[],C,119.72,758.96,250,1584.86
company,21X000000001360B,,Terminale GNL Adriatico S.r.l.,Adriatic LNG,21X000000001360B,,,21X000000001360B/IT,2023-10-26 14:58:26,2017-12-24,2017-12-25,181.9,228.5,-,-,[],C,159.44,1010.82,250,1584.95
company,21X000000001360B,,Terminale GNL Adriatico S.r.l.,Adriatic LNG,21X000000001360B,,,21X000000001360B/IT,2023-10-26 14:58:28,2017-12-25,2017-12-26,166.3,228.5,-,-,[],C,132.92,842.69,250,1584.96
company,21X000000001360B,,Terminale GNL Adriatico S.r.l.,Adriatic LNG,21X000000001360B,,,21X000000001360B/IT,2023-10-26 14:58:29,2017-12-26,2017-12-27,166.4,228.5,-,-,[],C,106.12,672.76,250,1584.9
company,21X000000001360B,,Terminale GNL Adriatico S.r.l.,Adriatic LNG,21X000000001360B,,,21X000000001360B/IT,2023-10-26 14:58:31,2017-12-27,2017-12-28,176.9,228.5,-,-,[],C,77.5,491.32,250,1584.9
company,21X000000001360B,,Terminale GNL Adriatico S.r.l.,Adriatic LNG,21X000000001360B,,,21X000000001360B/IT,2023-10-26 14:58:33,2017-12-28,2017-12-29,177.1,228.5,-,-,[],C,49.15,311.61,250,1584.99
company,21X000000001360B,,Terminale GNL Adriatico S.r.l.,Adriatic LNG,21X000000001360B,,,21X000000001360B/IT,2023-10-26 14:58:34,2017-12-29,2017-12-30,192.7,228.5,-,-,[],C,158.92,1007.5,250,1584.92
company,21X000000001360B,,Terminale GNL Adriatico S.r.l.,Adriatic LNG,21X000000001360B,,,21X000000001360B/IT,2023-10-26 14:58:36,2017-12-30,2017-12-31,188.6,228.5,-,-,[],C,128.88,817.08,250,1584.96
company,21X000000001360B,,Terminale GNL Adriatico S.r.l.,Adriatic LNG,21X000000001360B,,,21X000000001360B/IT,2023-10-26 14:58:38,2017-12-31,2018-01-01,188.5,228.5,-,-,[],C,223.8,1418.8,250,1584.9
company,21X000000001360B,,Terminale GNL Adriatico S.r.l.,Adriatic LNG,21X000000001360B,,,21X000000001360B/IT,2023-10-26 14:58:39,2018-01-01,2018-01-02,82.7,228.5,-,-,[],C,224.22,1421.48,250,1584.92
company,21X000000001360B,,Terminale GNL Adriatico S.r.l.,Adriatic LNG,21X000000001360B,,,21X000000001360B/IT,2023-10-26 14:58:41,2018-01-02,2018-01-03,194.7,228.5,-,-,[],C,192.95,1223.24,250,1584.92
company,21X000000001360B,,Terminale GNL Adriatico S.r.l.,Adriatic LNG,21X000000001360B,,,21X000000001360B/IT,2023-10-26 14:58:43,2018-01-03,2018-01-04,228.1,228.5,-,-,[],C,156.56,992.51,250,1584.87
company,21X000000001360B,,Terminale GNL Adriatico S.r.l.,Adriatic LNG,21X000000001360B,,,21X000000001360B/IT,2023-10-26 14:58:45,2018-01-04,2018-01-05,228.1,228.5,-,-,[],C,169.79,1076.43,250,1584.94
company,21X000000001360B,,Terminale GNL Adriatico S.r.l.,Adriatic LNG,21X000000001360B,,,21X000000001360B/IT,2023-10-26 14:58:46,2018-01-05,2018-01-06,228,228.5,-,-,[],C,223.38,1416.16,250,1584.92
company,21X000000001360B,,Terminale GNL Adriatico S.r.l.,Adriatic LNG,21X000000001360B,,,21X000000001360B/IT,2023-10-26 14:58:48,2018-01-06,2018-01-07,184.3,228.5,-,-,[],C,194.05,1230.23,250,1584.94
company,21X000000001360B,,Terminale GNL Adriatico S.r.l.,Adriatic LNG,21X000000001360B,,,21X000000001360B/IT,2023-10-26 14:58:50,2018-01-07,2018-01-08,205.2,228.5,-,-,[],C,161.1,1021.31,250,1584.9
company,21X000000001360B,,Terminale GNL Adriatico S.r.l.,Adriatic LNG,21X000000001360B,,,21X000000001360B/IT,2023-10-26 14:58:51,2018-01-08,2018-01-09,228.2,228.5,-,-,[],C,124.74,790.81,250,1584.92
company,21X000000001360B,,Terminale GNL Adriatico S.r.l.,Adriatic LNG,21X000000001360B,,,21X000000001360B/IT,2023-10-26 14:58:53,2018-01-09,2018-01-10,228.2,228.5,-,-,[],C,88.32,559.93,250,1584.95
company,21X000000001360B,,Terminale GNL Adriatico S.r.l.,Adriatic LNG,21X000000001360B,,,21X000000001360B/IT,2023-10-26 14:58:55,2018-01-10,2018-01-11,228.2,228.5,-,-,[],C,89.99,570.52,250,1584.95
company,21X000000001360B,,Terminale GNL Adriatico S.r.l.,Adriatic LNG,21X000000001360B,,,21X000000001360B/IT,2023-10-26 14:58:57,2018-01-11,2018-01-12,228,228.5,-,-,[],C,160.41,1016.94,250,1584.91
company,21X000000001360B,,Terminale GNL Adriatico S.r.l.,Adriatic LNG,21X000000001360B,,,21X000000001360B/IT,2023-10-26 14:58:58,2018-01-12,2018-01-13,207.3,228.5,-,-,[],C,127.42,807.79,250,1584.9
company,21X000000001360B,,Terminale GNL Adriatico S.r.l.,Adriatic LNG,21X000000001360B,,,21X000000001360B/IT,2023-10-26 14:59:00,2018-01-13,2018-01-14,85.3,228.5,-,-,[],C,113.85,721.76,250,1584.89
company,21X000000001360B,,Terminale GNL Adriatico S.r.l.,Adriatic LNG,21X000000001360B,,,21X000000001360B/IT,2023-10-26 14:59:01,2018-01-14,2018-01-15,65.5,228.5,-,-,[],C,181.7,1151.95,250,1584.96
company,21X000000001360B,,Terminale GNL Adriatico S.r.l.,Adriatic LNG,21X000000001360B,,,21X000000001360B/IT,2023-10-26 14:59:03,2018-01-15,2018-01-16,223.8,228.5,-,-,[],C,207.14,1313.24,250,1584.97
company,21X000000001360B,,Terminale GNL Adriatico S.r.l.,Adriatic LNG,21X000000001360B,,,21X000000001360B/IT,2023-10-26 14:59:05,2018-01-16,2018-01-17,191.5,228.5,-,-,[],C,176.73,1120.4,250,1584.9
company,21X000000001360B,,Terminale GNL Adriatico S.r.l.,Adriatic LNG,21X000000001360B,,,21X000000001360B/IT,2023-10-26 14:59:07,2018-01-17,2018-01-18,191.6,228.5,-,-,[],C,146.1,926.21,250,1584.89
company,21X000000001360B,,Terminale GNL Adriatico S.r.l.,Adriatic LNG,21X000000001360B,,,21X000000001360B/IT,2023-10-26 14:59:09,2018-01-18,2018-01-19,191.6,228.5,-,-,[],C,115.44,731.84,250,1584.89
company,21X000000001360B,,Terminale GNL Adriatico S.r.l.,Adriatic LNG,21X000000001360B,,,21X000000001360B/IT,2023-10-26 14:59:10,2018-01-19,2018-01-20,190.6,228.5,-,-,[],C,85.12,539.63,250,1584.91
company,21X000000001360B,,Terminale GNL Adriatico S.r.l.,Adriatic LNG,21X000000001360B,,,21X000000001360B/IT,2023-10-26 14:59:12,2018-01-20,2018-01-21,137,228.5,-,-,[],C,207.7,1316.75,250,1584.92
company,21X000000001360B,,Terminale GNL Adriatico S.r.l.,Adriatic LNG,21X000000001360B,,,21X000000001360B/IT,2023-10-26 14:59:14,2018-01-21,2018-01-22,111.9,228.5,-,-,[],C,189.9,1203.88,250,1584.89
company,21X000000001360B,,Terminale GNL Adriatico S.r.l.,Adriatic LNG,21X000000001360B,,,21X000000001360B/IT,2023-10-26 14:59:16,2018-01-22,2018-01-23,223.8,228.5,-,-,[],C,153.58,973.62,250,1584.87
company,21X000000001360B,,Terminale GNL Adriatico S.r.l.,Adriatic LNG,21X000000001360B,,,21X000000001360B/IT,2023-10-26 14:59:18,2018-01-23,2018-01-24,224,228.5,-,-,[],C,117.85,747.13,250,1584.92
company,21X000000001360B,,Terminale GNL Adriatico S.r.l.,Adriatic LNG,21X000000001360B,,,21X000000001360B/IT,2023-10-26 14:59:20,2018-01-24,2018-01-25,223.9,228.5,-,-,[],C,143.38,909.01,250,1584.97
company,21X000000001360B,,Terminale GNL Adriatico S.r.l.,Adriatic LNG,21X000000001360B,,,21X000000001360B/IT,2023-10-26 14:59:21,2018-01-25,2018-01-26,211.7,228.5,-,-,[],C,187.99,1191.8,250,1584.92
company,21X000000001360B,,Terminale GNL Adriatico S.r.l.,Adriatic LNG,21X000000001360B,,,21X000000001360B/IT,2023-10-26 14:59:23,2018-01-26,2018-01-27,161.2,228.5,-,-,[],C,162.42,1029.67,250,1584.89
company,21X000000001360B,,Terminale GNL Adriatico S.r.l.,Adriatic LNG,21X000000001360B,,,21X000000001360B/IT,2023-10-26 14:59:25,2018-01-27,2018-01-28,67.8,228.5,-,-,[],C,151.61,961.17,250,1584.94
company,21X000000001360B,,Terminale GNL Adriatico S.r.l.,Adriatic LNG,21X000000001360B,,,21X000000001360B/IT,2023-10-26 14:59:26,2018-01-28,2018-01-29,62.4,228.5,-,-,[],C,149.62,948.56,250,1584.95
company,21X000000001360B,,Terminale GNL Adriatico S.r.l.,Adriatic LNG,21X000000001360B,,,21X000000001360B/IT,2023-10-26 14:59:28,2018-01-29,2018-01-30,226.1,228.5,-,-,[],C,136.27,863.88,250,1584.87
company,21X000000001360B,,Terminale GNL Adriatico S.r.l.,Adriatic LNG,21X000000001360B,,,21X000000001360B/IT,2023-10-26 14:59:30,2018-01-30,2018-01-31,224.4,228.5,-,-,[],C,201.86,1279.73,250,1584.92
company,21X000000001360B,,Terminale GNL Adriatico S.r.l.,Adriatic LNG,21X000000001360B,,,21X000000001360B/IT,2023-10-26 14:59:32,2018-01-31,2018-02-01,178.1,228.5,-,-,[],C,186.08,1179.7,250,1584.94
company,21X000000001360B,,Terminale GNL Adriatico S.r.l.,Adriatic LNG,21X000000001360B,,,21X000000001360B/IT,2023-10-26 14:59:34,2018-02-01,2018-02-02,109.1,228.5,-,-,[],C,168.8,1070.17,250,1584.97
company,21X000000001360B,,Terminale GNL Adriatico S.r.l.,Adriatic LNG,21X000000001360B,,,21X000000001360B/IT,2023-10-26 14:59:36,2018-02-02,2018-02-03,77.3,228.5,-,-,[],C,156.37,991.32,250,1584.89
company,21X000000001360B,,Terminale GNL Adriatico S.r.l.,Adriatic LNG,21X000000001360B,,,21X000000001360B/IT,2023-10-26 14:59:37,2018-02-03,2018-02-04,66.4,228.5,-,-,[],C,145.65,923.41,250,1584.98
company,21X000000001360B,,Terminale GNL Adriatico S.r.l.,Adriatic LNG,21X000000001360B,,,21X000000001360B/IT,2023-10-26 14:59:39,2018-02-04,2018-02-05,66.6,228.5,-,-,[],C,134.89,855.14,250,1584.88
company,21X000000001360B,,Terminale GNL Adriatico S.r.l.,Adriatic LNG,21X000000001360B,,,21X000000001360B/IT,2023-10-26 14:59:41,2018-02-05,2018-02-06,219.4,228.5,-,-,[],C,223.21,1415.09,250,1584.93
company,21X000000001360B,,Terminale GNL Adriatico S.r.l.,Adriatic LNG,21X000000001360B,,,21X000000001360B/IT,2023-10-26 14:59:42,2018-02-06,2018-02-07,215.4,228.5,-,-,[],C,210.08,1331.84,250,1584.92
company,21X000000001360B,,Terminale GNL Adriatico S.r.l.,Adriatic LNG,21X000000001360B,,,21X000000001360B/IT,2023-10-26 14:59:44,2018-02-07,2018-02-08,198.4,228.5,-,-,[],C,178.49,1131.57,250,1584.92
company,21X000000001360B,,Terminale GNL Adriatico S.r.l.,Adriatic LNG,21X000000001360B,,,21X000000001360B/IT,2023-10-26 14:59:46,2018-02-08,2018-02-09,202.6,228.5,-,-,[],C,146.27,927.28,250,1584.88
company,21X000000001360B,,Terminale GNL Adriatico S.r.l.,Adriatic LNG,21X000000001360B,,,21X000000001360B/IT,2023-10-26 14:59:47,2018-02-09,2018-02-10,130.6,228.5,-,-,[],C,125.51,795.68,250,1584.89
company,21X000000001360B,,Terminale GNL Adriatico S.r.l.,Adriatic LNG,21X000000001360B,,,21X000000001360B/IT,2023-10-26 14:59:49,2018-02-10,2018-02-11,66.4,228.5,-,-,[],C,114.84,728.05,250,1584.92
company,21X000000001360B,,Terminale GNL Adriatico S.r.l.,Adriatic LNG,21X000000001360B,,,21X000000001360B/IT,2023-10-26 14:59:50,2018-02-11,2018-02-12,74.4,228.5,-,-,[],C,102.84,652,250,1584.99
company,21X000000001360B,,Terminale GNL Adriatico S.r.l.,Adriatic LNG,21X000000001360B,,,21X000000001360B/IT,2023-10-26 14:59:52,2018-02-12,2018-02-13,224.2,228.5,-,-,[],C,88.31,559.84,250,1584.87
company,21X000000001360B,,Terminale GNL Adriatico S.r.l.,Adriatic LNG,21X000000001360B,,,21X000000001360B/IT,2023-10-26 14:59:54,2018-02-13,2018-02-14,224.4,228.5,-,-,[],C,88.31,559.84,250,1584.87
company,21X000000001360B,,Terminale GNL Adriatico S.r.l.,Adriatic LNG,21X000000001360B,,,21X000000001360B/IT,2023-10-26 14:59:55,2018-02-14,2018-02-15,224.3,228.5,-,-,[],C,134.69,853.86,250,1584.86
company,21X000000001360B,,Terminale GNL Adriatico S.r.l.,Adriatic LNG,21X000000001360B,,,21X000000001360B/IT,2023-10-26 14:59:57,2018-02-15,2018-02-16,224.4,228.5,-,-,[],C,98.58,624.96,250,1584.91
company,21X000000001360B,,Terminale GNL Adriatico S.r.l.,Adriatic LNG,21X000000001360B,,,21X000000001360B/IT,2023-10-26 14:59:59,2018-02-16,2018-02-17,224.4,228.5,-,-,[],C,62.74,397.75,250,1584.91
company,21X000000001360B,,Terminale GNL Adriatico S.r.l.,Adriatic LNG,21X000000001360B,,,21X000000001360B/IT,2023-10-26 15:00:00,2018-02-17,2018-02-18,187.4,228.5,-,-,[],C,160.27,1016.04,250,1584.89
company,21X000000001360B,,Terminale GNL Adriatico S.r.l.,Adriatic LNG,21X000000001360B,,,21X000000001360B/IT,2023-10-26 15:00:02,2018-02-18,2018-02-19,114.5,228.5,-,-,[],C,159.73,1012.63,250,1584.91
company,21X000000001360B,,Terminale GNL Adriatico S.r.l.,Adriatic LNG,21X000000001360B,,,21X000000001360B/IT,2023-10-26 15:00:04,2018-02-19,2018-02-20,140.4,228.5,-,-,[],C,137.23,869.98,250,1584.89
company,21X000000001360B,,Terminale GNL Adriatico S.r.l.,Adriatic LNG,21X000000001360B,,,21X000000001360B/IT,2023-10-26 15:00:07,2018-02-20,2018-02-21,135.2,228.5,-,-,[],C,119.18,755.56,250,1584.91
company,21X000000001360B,,Terminale GNL Adriatico S.r.l.,Adriatic LNG,21X000000001360B,,,21X000000001360B/IT,2023-10-26 15:00:09,2018-02-21,2018-02-22,52,228.5,-,-,[],C,107.12,679.13,250,1584.97
company,21X000000001360B,,Terminale GNL Adriatico S.r.l.,Adriatic LNG,21X000000001360B,,,21X000000001360B/IT,2023-10-26 15:00:11,2018-02-22,2018-02-23,46.7,228.5,-,-,[],C,99.75,632.38,250,1584.91
company,21X000000001360B,,Terminale GNL Adriatico S.r.l.,Adriatic LNG,21X000000001360B,,,21X000000001360B/IT,2023-10-26 15:00:14,2018-02-23,2018-02-24,46.8,228.5,-,-,[],C,92.29,585.07,250,1584.87
company,21X000000001360B,,Terminale GNL Adriatico S.r.l.,Adriatic LNG,21X000000001360B,,,21X000000001360B/IT,2023-10-26 15:00:15,2018-02-24,2018-02-25,46.8,228.5,-,-,[],C,84.56,536.07,250,1584.88
company,21X000000001360B,,Terminale GNL Adriatico S.r.l.,Adriatic LNG,21X000000001360B,,,21X000000001360B/IT,2023-10-26 15:00:17,2018-02-25,2018-02-26,46.8,228.5,-,-,[],C,77.24,489.68,250,1584.93
company,21X000000001360B,,Terminale GNL Adriatico S.r.l.,Adriatic LNG,21X000000001360B,,,21X000000001360B/IT,2023-10-26 15:00:19,2018-02-26,2018-02-27,136.5,228.5,-,-,[],C,54.99,348.63,250,1584.97
company,21X000000001360B,,Terminale GNL Adriatico S.r.l.,Adriatic LNG,21X000000001360B,,,21X000000001360B/IT,2023-10-26 15:00:21,2018-02-27,2018-02-28,178.3,228.5,-,-,[],C,26.53,168.2,250,1585
company,21X000000001360B,,Terminale GNL Adriatico S.r.l.,Adriatic LNG,21X000000001360B,,,21X000000001360B/IT,2023-10-26 15:00:22,2018-02-28,2018-03-01,208.6,228.5,-,-,[],C,129.1,818.44,250,1584.9
company,21X000000001360B,,Terminale GNL Adriatico S.r.l.,Adriatic LNG,21X000000001360B,,,21X000000001360B/IT,2023-10-26 15:00:24,2018-03-01,2018-03-02,275.4,275.4,-,-,[],C,87.38,553.98,250,1584.97
company,21X000000001360B,,Terminale GNL Adriatico S.r.l.,Adriatic LNG,21X000000001360B,,,21X000000001360B/IT,2023-10-26 15:00:26,2018-03-02,2018-03-03,269.9,269.9,-,-,[],C,172.29,1092.25,250,1584.9
company,21X000000001360B,,Terminale GNL Adriatico S.r.l.,Adriatic LNG,21X000000001360B,,,21X000000001360B/IT,2023-10-26 15:00:27,2018-03-03,2018-03-04,268.8,268.8,-,-,[],C,146.21,926.94,250,1584.95
company,21X000000001360B,,Terminale GNL Adriatico S.r.l.,Adriatic LNG,21X000000001360B,,,21X000000001360B/IT,2023-10-26 15:00:29,2018-03-04,2018-03-05,249,249,-,-,[],C,138.16,875.88,250,1584.9
company,21X000000001360B,,Terminale GNL Adriatico S.r.l.,Adriatic LNG,21X000000001360B,,,21X000000001360B/IT,2023-10-26 15:00:30,2018-03-05,2018-03-06,269.9,269.9,-,-,[],C,204.87,1298.78,250,1584.88
company,21X000000001360B,,Terminale GNL Adriatico S.r.l.,Adriatic LNG,21X000000001360B,,,21X000000001360B/IT,2023-10-26 15:00:32,2018-03-06,2018-03-07,270.1,270.1,-,-,[],C,161.9,1026.37,250,1584.88
company,21X000000001360B,,Terminale GNL Adriatico S.r.l.,Adriatic LNG,21X000000001360B,,,21X000000001360B/IT,2023-10-26 15:00:34,2018-03-07,2018-03-08,270.1,270.1,-,-,[],C,160.46,1017.27,250,1584.93
company,21X000000001360B,,Terminale GNL Adriatico S.r.l.,Adriatic LNG,21X000000001360B,,,21X000000001360B/IT,2023-10-26 15:00:35,2018-03-08,2018-03-09,270.3,270.3,-,-,[],C,221.19,1402.25,250,1584.89
company,21X000000001360B,,Terminale GNL Adriatico S.r.l.,Adriatic LNG,21X000000001360B,,,21X000000001360B/IT,2023-10-26 15:00:37,2018-03-09,2018-03-10,270.4,270.4,-,-,[],C,178.14,1129.37,250,1584.95
company,21X000000001360B,,Terminale GNL Adriatico S.r.l.,Adriatic LNG,21X000000001360B,,,21X000000001360B/IT,2023-10-26 15:00:38,2018-03-10,2018-03-11,194.2,228.5,-,-,[],C,147.49,935.07,250,1584.97
company,21X000000001360B,,Terminale GNL Adriatico S.r.l.,Adriatic LNG,21X000000001360B,,,21X000000001360B/IT,2023-10-26 15:00:40,2018-03-11,2018-03-12,193.2,228.5,-,-,[],C,116.7,739.81,250,1584.85
company,21X000000001360B,,Terminale GNL Adriatico S.r.l.,Adriatic LNG,21X000000001360B,,,21X000000001360B/IT,2023-10-26 15:00:42,2018-03-12,2018-03-13,223.5,228.5,-,-,[],C,81.03,513.72,250,1584.97
company,21X000000001360B,,Terminale GNL Adriatico S.r.l.,Adriatic LNG,21X000000001360B,,,21X000000001360B/IT,2023-10-26 15:00:44,2018-03-13,2018-03-14,223.5,228.5,-,-,[],C,45.38,287.7,250,1584.95
company,21X000000001360B,,Terminale GNL Adriatico S.r.l.,Adriatic LNG,21X000000001360B,,,21X000000001360B/IT,2023-10-26 15:00:45,2018-03-14,2018-03-15,104.2,228.5,-,-,[],C,168.96,1071.15,250,1584.92
company,21X000000001360B,,Terminale GNL Adriatico S.r.l.,Adriatic LNG,21X000000001360B,,,21X000000001360B/IT,2023-10-26 15:00:47,2018-03-15,2018-03-16,46.7,228.5,-,-,[],C,161.37,1023.02,250,1584.9
company,21X000000001360B,,Terminale GNL Adriatico S.r.l.,Adriatic LNG,21X000000001360B,,,21X000000001360B/IT,2023-10-26 15:00:49,2018-03-16,2018-03-17,46.5,228.5,-,-,[],C,153.84,975.28,250,1584.89
company,21X000000001360B,,Terminale GNL Adriatico S.r.l.,Adriatic LNG,21X000000001360B,,,21X000000001360B/IT,2023-10-26 15:00:51,2018-03-17,2018-03-18,124.9,228.5,-,-,[],C,133.47,846.14,250,1584.89
company,21X000000001360B,,Terminale GNL Adriatico S.r.l.,Adriatic LNG,21X000000001360B,,,21X000000001360B/IT,2023-10-26 15:00:52,2018-03-18,2018-03-19,197.9,228.5,-,-,[],C,118.19,749.27,250,1584.88
company,21X000000001360B,,Terminale GNL Adriatico S.r.l.,Adriatic LNG,21X000000001360B,,,21X000000001360B/IT,2023-10-26 15:00:54,2018-03-19,2018-03-20,166.6,228.5,-,-,[],C,128.82,816.65,250,1584.87
company,21X000000001360B,,Terminale GNL Adriatico S.r.l.,Adriatic LNG,21X000000001360B,,,21X000000001360B/IT,2023-10-26 15:00:56,2018-03-20,2018-03-21,145.7,228.5,-,-,[],C,105.39,668.14,250,1584.92
company,21X000000001360B,,Terminale GNL Adriatico S.r.l.,Adriatic LNG,21X000000001360B,,,21X000000001360B/IT,2023-10-26 15:00:58,2018-03-21,2018-03-22,166.7,228.5,-,-,[],C,78.63,498.49,250,1584.92
company,21X000000001360B,,Terminale GNL Adriatico S.r.l.,Adriatic LNG,21X000000001360B,,,21X000000001360B/IT,2023-10-26 15:00:59,2018-03-22,2018-03-23,219,228.5,-,-,[],C,47.24,299.48,250,1584.89
company,21X000000001360B,,Terminale GNL Adriatico S.r.l.,Adriatic LNG,21X000000001360B,,,21X000000001360B/IT,2023-10-26 15:01:01,2018-03-23,2018-03-24,244.5,244.5,-,-,[],C,90.58,574.28,250,1585.01
company,21X000000001360B,,Terminale GNL Adriatico S.r.l.,Adriatic LNG,21X000000001360B,,,21X000000001360B/IT,2023-10-26 15:01:03,2018-03-24,2018-03-25,248.7,248.7,-,-,[],C,101.81,645.41,250,1584.84
company,21X000000001360B,,Terminale GNL Adriatico S.r.l.,Adriatic LNG,21X000000001360B,,,21X000000001360B/IT,2023-10-26 15:01:04,2018-03-25,2018-03-26,248.7,248.7,-,-,[],C,157.57,998.95,250,1584.93
company,21X000000001360B,,Terminale GNL Adriatico S.r.l.,Adriatic LNG,21X000000001360B,,,21X000000001360B/IT,2023-10-26 15:01:06,2018-03-26,2018-03-27,270.7,270.7,-,-,[],C,172.3,1092.35,250,1584.95
company,21X000000001360B,,Terminale GNL Adriatico S.r.l.,Adriatic LNG,21X000000001360B,,,21X000000001360B/IT,2023-10-26 15:01:08,2018-03-27,2018-03-28,270.7,270.7,-,-,[],C,212.18,1345.18,250,1584.95
company,21X000000001360B,,Terminale GNL Adriatico S.r.l.,Adriatic LNG,21X000000001360B,,,21X000000001360B/IT,2023-10-26 15:01:10,2018-03-28,2018-03-29,270.5,270.5,-,-,[],C,169,1071.4,250,1584.91
company,21X000000001360B,,Terminale GNL Adriatico S.r.l.,Adriatic LNG,21X000000001360B,,,21X000000001360B/IT,2023-10-26 15:01:11,2018-03-29,2018-03-30,270.7,270.7,-,-,[],C,125.72,797.03,250,1584.93
company,21X000000001360B,,Terminale GNL Adriatico S.r.l.,Adriatic LNG,21X000000001360B,,,21X000000001360B/IT,2023-10-26 15:01:13,2018-03-30,2018-03-31,270.7,270.7,-,-,[],C,82.44,522.65,250,1584.94
company,21X000000001360B,,Terminale GNL Adriatico S.r.l.,Adriatic LNG,21X000000001360B,,,21X000000001360B/IT,2023-10-26 15:01:15,2018-03-31,2018-04-01,156.6,228.5,-,-,[],C,174.3,1105,250,1584.91
company,21X000000001360B,,Terminale GNL Adriatico S.r.l.,Adriatic LNG,21X000000001360B,,,21X000000001360B/IT,2023-10-26 15:01:16,2018-04-01,2018-04-02,182,228.5,-,-,[],C,174.32,1105.14,250,1584.93
company,21X000000001360B,,Terminale GNL Adriatico S.r.l.,Adriatic LNG,21X000000001360B,,,21X000000001360B/IT,2023-10-26 15:01:18,2018-04-02,2018-04-03,166.4,228.5,-,-,[],C,147.52,935.21,250,1584.89
company,21X000000001360B,,Terminale GNL Adriatico S.r.l.,Adriatic LNG,21X000000001360B,,,21X000000001360B/IT,2023-10-26 15:01:20,2018-04-03,2018-04-04,228,228.5,-,-,[],C,110.89,703,250,1584.9
company,21X000000001360B,,Terminale GNL Adriatico S.r.l.,Adriatic LNG,21X000000001360B,,,21X000000001360B/IT,2023-10-26 15:01:21,2018-04-04,2018-04-05,227.1,228.5,-,-,[],C,74.48,472.18,250,1584.92
company,21X000000001360B,,Terminale GNL Adriatico S.r.l.,Adriatic LNG,21X000000001360B,,,21X000000001360B/IT,2023-10-26 15:01:23,2018-04-05,2018-04-06,218.6,228.5,-,-,[],C,39.61,251.1,250,1584.83
company,21X000000001360B,,Terminale GNL Adriatico S.r.l.,Adriatic LNG,21X000000001360B,,,21X000000001360B/IT,2023-10-26 15:01:25,2018-04-06,2018-04-07,224,228.5,-,-,[],C,83.01,526.25,250,1584.9
company,21X000000001360B,,Terminale GNL Adriatico S.r.l.,Adriatic LNG,21X000000001360B,,,21X000000001360B/IT,2023-10-26 15:01:27,2018-04-07,2018-04-08,173.9,228.5,-,-,[],C,121.56,770.66,250,1584.94
company,21X000000001360B,,Terminale GNL Adriatico S.r.l.,Adriatic LNG,21X000000001360B,,,21X000000001360B/IT,2023-10-26 15:01:29,2018-04-08,2018-04-09,179.1,228.5,-,-,[],C,93.06,590,250,1585
company,21X000000001360B,,Terminale GNL Adriatico S.r.l.,Adriatic LNG,21X000000001360B,,,21X000000001360B/IT,2023-10-26 15:01:30,2018-04-09,2018-04-10,223.9,228.5,-,-,[],C,56.72,359.57,250,1584.85
company,21X000000001360B,,Terminale GNL Adriatico S.r.l.,Adriatic LNG,21X000000001360B,,,21X000000001360B/IT,2023-10-26 15:01:32,2018-04-10,2018-04-11,223.8,228.5,-,-,[],C,88.17,558.97,250,1584.92
company,21X000000001360B,,Terminale GNL Adriatico S.r.l.,Adriatic LNG,21X000000001360B,,,21X000000001360B/IT,2023-10-26 15:01:34,2018-04-11,2018-04-12,223.8,228.5,-,-,[],C,125.08,793,250,1584.99
company,21X000000001360B,,Terminale GNL Adriatico S.r.l.,Adriatic LNG,21X000000001360B,,,21X000000001360B/IT,2023-10-26 15:01:36,2018-04-12,2018-04-13,222.8,228.5,-,-,[],C,89.29,566.08,250,1584.95
company,21X000000001360B,,Terminale GNL Adriatico S.r.l.,Adriatic LNG,21X000000001360B,,,21X000000001360B/IT,2023-10-26 15:01:37,2018-04-13,2018-04-14,222.8,228.5,-,-,[],C,53.58,339.69,250,1584.97
company,21X000000001360B,,Terminale GNL Adriatico S.r.l.,Adriatic LNG,21X000000001360B,,,21X000000001360B/IT,2023-10-26 15:01:39,2018-04-14,2018-04-15,162.3,228.5,-,-,[],C,107.73,683,250,1584.98
company,21X000000001360B,,Terminale GNL Adriatico S.r.l.,Adriatic LNG,21X000000001360B,,,21X000000001360B/IT,2023-10-26 15:01:41,2018-04-15,2018-04-16,184,228.5,-,-,[],C,139.6,885.03,250,1584.94
company,21X000000001360B,,Terminale GNL Adriatico S.r.l.,Adriatic LNG,21X000000001360B,,,21X000000001360B/IT,2023-10-26 15:01:43,2018-04-16,2018-04-17,223.9,228.5,-,-,[],C,103.77,657.85,250,1584.88
company,21X000000001360B,,Terminale GNL Adriatico S.r.l.,Adriatic LNG,21X000000001360B,,,21X000000001360B/IT,2023-10-26 15:01:45,2018-04-17,2018-04-18,224,228.5,-,-,[],C,68.04,431.35,250,1584.91
company,21X000000001360B,,Terminale GNL Adriatico S.r.l.,Adriatic LNG,21X000000001360B,,,21X000000001360B/IT,2023-10-26 15:01:47,2018-04-18,2018-04-19,222.9,228.5,-,-,[],C,106.77,676.87,250,1584.88
company,21X000000001360B,,Terminale GNL Adriatico S.r.l.,Adriatic LNG,21X000000001360B,,,21X000000001360B/IT,2023-10-26 15:01:48,2018-04-19,2018-04-20,204,228.5,-,-,[],C,145.78,924.2,250,1584.92
company,21X000000001360B,,Terminale GNL Adriatico S.r.l.,Adriatic LNG,21X000000001360B,,,21X000000001360B/IT,2023-10-26 15:01:51,2018-04-20,2018-04-21,201.8,228.5,-,-,[],C,113.46,719.33,250,1584.99
company,21X000000001360B,,Terminale GNL Adriatico S.r.l.,Adriatic LNG,21X000000001360B,,,21X000000001360B/IT,2023-10-26 15:01:53,2018-04-21,2018-04-22,135.1,228.5,-,-,[],C,91.91,582.7,250,1584.97
company,21X000000001360B,,Terminale GNL Adriatico S.r.l.,Adriatic LNG,21X000000001360B,,,21X000000001360B/IT,2023-10-26 15:01:55,2018-04-22,2018-04-23,119.6,228.5,-,-,[],C,156.71,993.48,250,1584.9
company,21X000000001360B,,Terminale GNL Adriatico S.r.l.,Adriatic LNG,21X000000001360B,,,21X000000001360B/IT,2023-10-26 15:01:57,2018-04-23,2018-04-24,169.5,228.5,-,-,[],C,185.08,1173.35,250,1584.92
company,21X000000001360B,,Terminale GNL Adriatico S.r.l.,Adriatic LNG,21X000000001360B,,,21X000000001360B/IT,2023-10-26 15:01:59,2018-04-24,2018-04-25,198.5,228.5,-,-,[],C,153.04,970.24,250,1584.95
company,21X000000001360B,,Terminale GNL Adriatico S.r.l.,Adriatic LNG,21X000000001360B,,,21X000000001360B/IT,2023-10-26 15:02:01,2018-04-25,2018-04-26,135.3,228.5,-,-,[],C,131.66,834.72,250,1584.99
company,21X000000001360B,,Terminale GNL Adriatico S.r.l.,Adriatic LNG,21X000000001360B,,,21X000000001360B/IT,2023-10-26 15:02:03,2018-04-26,2018-04-27,145.7,228.5,-,-,[],C,108.38,687.08,250,1584.89
company,21X000000001360B,,Terminale GNL Adriatico S.r.l.,Adriatic LNG,21X000000001360B,,,21X000000001360B/IT,2023-10-26 15:02:05,2018-04-27,2018-04-28,145.7,228.5,-,-,[],C,85.02,539,250,1584.92
company,21X000000001360B,,Terminale GNL Adriatico S.r.l.,Adriatic LNG,21X000000001360B,,,21X000000001360B/IT,2023-10-26 15:02:07,2018-04-28,2018-04-29,114.4,228.5,-,-,[],C,66.63,422.41,250,1584.91
company,21X000000001360B,,Terminale GNL Adriatico S.r.l.,Adriatic LNG,21X000000001360B,,,21X000000001360B/IT,2023-10-26 15:02:09,2018-04-29,2018-04-30,93.6,228.5,-,-,[],C,51.66,327.48,250,1584.79
company,21X000000001360B,,Terminale GNL Adriatico S.r.l.,Adriatic LNG,21X000000001360B,,,21X000000001360B/IT,2023-10-26 15:02:10,2018-04-30,2018-05-01,135.4,228.5,-,-,[],C,98.72,625.85,250,1584.91
company,21X000000001360B,,Terminale GNL Adriatico S.r.l.,Adriatic LNG,21X000000001360B,,,21X000000001360B/IT,2023-10-26 15:02:12,2018-05-01,2018-05-02,124.8,228.5,-,-,[],C,154.86,981.77,250,1584.93
company,21X000000001360B,,Terminale GNL Adriatico S.r.l.,Adriatic LNG,21X000000001360B,,,21X000000001360B/IT,2023-10-26 15:02:14,2018-05-02,2018-05-03,128.9,228.5,-,-,[],C,134.08,850.01,250,1584.89
company,21X000000001360B,,Terminale GNL Adriatico S.r.l.,Adriatic LNG,21X000000001360B,,,21X000000001360B/IT,2023-10-26 15:02:15,2018-05-03,2018-05-04,161.2,228.5,-,-,[],C,108.38,687.08,250,1584.89
company,21X000000001360B,,Terminale GNL Adriatico S.r.l.,Adriatic LNG,21X000000001360B,,,21X000000001360B/IT,2023-10-26 15:02:17,2018-05-04,2018-05-05,140.4,228.5,-,-,[],C,163.89,1039.02,250,1584.94
company,21X000000001360B,,Terminale GNL Adriatico S.r.l.,Adriatic LNG,21X000000001360B,,,21X000000001360B/IT,2023-10-26 15:02:19,2018-05-05,2018-05-06,77.9,228.5,-,-,[],C,218.68,1386.38,250,1584.94
company,21X000000001360B,,Terminale GNL Adriatico S.r.l.,Adriatic LNG,21X000000001360B,,,21X000000001360B/IT,2023-10-26 15:02:20,2018-05-06,2018-05-07,73.8,228.5,-,-,[],C,206.45,1308.8,250,1584.89
company,21X000000001360B,,Terminale GNL Adriatico S.r.l.,Adriatic LNG,21X000000001360B,,,21X000000001360B/IT,2023-10-26 15:02:22,2018-05-07,2018-05-08,171.7,228.5,-,-,[],C,179.03,1134.97,250,1584.89
company,21X000000001360B,,Terminale GNL Adriatico S.r.l.,Adriatic LNG,21X000000001360B,,,21X000000001360B/IT,2023-10-26 15:02:23,2018-05-08,2018-05-09,161.3,228.5,-,-,[],C,153.06,970.36,250,1584.93
company,21X000000001360B,,Terminale GNL Adriatico S.r.l.,Adriatic LNG,21X000000001360B,,,21X000000001360B/IT,2023-10-26 15:02:25,2018-05-09,2018-05-10,204,228.5,-,-,[],C,120.28,762.53,250,1584.91
company,21X000000001360B,,Terminale GNL Adriatico S.r.l.,Adriatic LNG,21X000000001360B,,,21X000000001360B/IT,2023-10-26 15:02:26,2018-05-10,2018-05-11,177,228.5,-,-,[],C,92.03,583.42,250,1584.86
company,21X000000001360B,,Terminale GNL Adriatico S.r.l.,Adriatic LNG,21X000000001360B,,,21X000000001360B/IT,2023-10-26 15:02:28,2018-05-11,2018-05-12,196.9,228.5,-,-,[],C,60.24,381.91,250,1584.95
company,21X000000001360B,,Terminale GNL Adriatico S.r.l.,Adriatic LNG,21X000000001360B,,,21X000000001360B/IT,2023-10-26 15:02:29,2018-05-12,2018-05-13,114.6,228.5,-,-,[],C,107.58,682.02,250,1584.91
company,21X000000001360B,,Terminale GNL Adriatico S.r.l.,Adriatic LNG,21X000000001360B,,,21X000000001360B/IT,2023-10-26 15:02:30,2018-05-13,2018-05-14,139.4,228.5,-,-,[],C,159.53,1011.4,250,1584.97
company,21X000000001360B,,Terminale GNL Adriatico S.r.l.,Adriatic LNG,21X000000001360B,,,21X000000001360B/IT,2023-10-26 15:02:32,2018-05-14,2018-05-15,225,228.5,-,-,[],C,123.25,781.35,250,1584.89
company,21X000000001360B,,Terminale GNL Adriatico S.r.l.,Adriatic LNG,21X000000001360B,,,21X000000001360B/IT,2023-10-26 15:02:33,2018-05-15,2018-05-16,228.2,228.5,-,-,[],C,183.81,1165.33,250,1584.97
company,21X000000001360B,,Terminale GNL Adriatico S.r.l.,Adriatic LNG,21X000000001360B,,,21X000000001360B/IT,2023-10-26 15:02:35,2018-05-16,2018-05-17,228,228.5,-,-,[],C,196.09,1243.16,250,1584.94
company,21X000000001360B,,Terminale GNL Adriatico S.r.l.,Adriatic LNG,21X000000001360B,,,21X000000001360B/IT,2023-10-26 15:02:36,2018-05-17,2018-05-18,214.3,228.5,-,-,[],C,161.72,1025.23,250,1584.88
company,21X000000001360B,,Terminale GNL Adriatico S.r.l.,Adriatic LNG,21X000000001360B,,,21X000000001360B/IT,2023-10-26 15:02:38,2018-05-18,2018-05-19,223.8,228.5,-,-,[],C,126.11,799.5,250,1584.93
company,21X000000001360B,,Terminale GNL Adriatico S.r.l.,Adriatic LNG,21X000000001360B,,,21X000000001360B/IT,2023-10-26 15:02:40,2018-05-19,2018-05-20,175,228.5,-,-,[],C,98.29,623.14,250,1584.95
company,21X000000001360B,,Terminale GNL Adriatico S.r.l.,Adriatic LNG,21X000000001360B,,,21X000000001360B/IT,2023-10-26 15:02:41,2018-05-20,2018-05-21,145.7,228.5,-,-,[],C,149.54,948.04,250,1584.93
company,21X000000001360B,,Terminale GNL Adriatico S.r.l.,Adriatic LNG,21X000000001360B,,,21X000000001360B/IT,2023-10-26 15:02:43,2018-05-21,2018-05-22,222.4,228.5,-,-,[],C,178.7,1132.92,250,1584.95
company,21X000000001360B,,Terminale GNL Adriatico S.r.l.,Adriatic LNG,21X000000001360B,,,21X000000001360B/IT,2023-10-26 15:02:44,2018-05-22,2018-05-23,224.6,228.5,-,-,[],C,142.53,903.58,250,1584.89
company,21X000000001360B,,Terminale GNL Adriatico S.r.l.,Adriatic LNG,21X000000001360B,,,21X000000001360B/IT,2023-10-26 15:02:46,2018-05-23,2018-05-24,222.8,228.5,-,-,[],C,106.82,677.18,250,1584.86
company,21X000000001360B,,Terminale GNL Adriatico S.r.l.,Adriatic LNG,21X000000001360B,,,21X000000001360B/IT,2023-10-26 15:02:47,2018-05-24,2018-05-25,226,228.5,-,-,[],C,151.71,961.82,250,1584.96
company,21X000000001360B,,Terminale GNL Adriatico S.r.l.,Adriatic LNG,21X000000001360B,,,21X000000001360B/IT,2023-10-26 15:02:49,2018-05-25,2018-05-26,222.9,228.5,-,-,[],C,174.87,1108.59,250,1584.88
company,21X000000001360B,,Terminale GNL Adriatico S.r.l.,Adriatic LNG,21X000000001360B,,,21X000000001360B/IT,2023-10-26 15:02:50,2018-05-26,2018-05-27,203,228.5,-,-,[],C,142.24,901.74,250,1584.89
company,21X000000001360B,,Terminale GNL Adriatico S.r.l.,Adriatic LNG,21X000000001360B,,,21X000000001360B/IT,2023-10-26 15:02:52,2018-05-27,2018-05-28,221.8,228.5,-,-,[],C,106.85,677.42,250,1584.98
company,21X000000001360B,,Terminale GNL Adriatico S.r.l.,Adriatic LNG,21X000000001360B,,,21X000000001360B/IT,2023-10-26 15:02:54,2018-05-28,2018-05-29,228.2,228.5,-,-,[],C,178.13,1129.31,250,1584.95
company,21X000000001360B,,Terminale GNL Adriatico S.r.l.,Adriatic LNG,21X000000001360B,,,21X000000001360B/IT,2023-10-26 15:02:55,2018-05-29,2018-05-30,227.9,228.5,-,-,[],C,179.1,1135.45,250,1584.94
company,21X000000001360B,,Terminale GNL Adriatico S.r.l.,Adriatic LNG,21X000000001360B,,,21X000000001360B/IT,2023-10-26 15:02:57,2018-05-30,2018-05-31,227.9,228.5,-,-,[],C,142.75,904.97,250,1584.89
company,21X000000001360B,,Terminale GNL Adriatico S.r.l.,Adriatic LNG,21X000000001360B,,,21X000000001360B/IT,2023-10-26 15:02:59,2018-05-31,2018-06-01,228.1,228.5,-,-,[],C,106.19,673.24,250,1584.99
company,21X000000001360B,,Terminale GNL Adriatico S.r.l.,Adriatic LNG,21X000000001360B,,,21X000000001360B/IT,2023-10-26 15:03:00,2018-06-01,2018-06-02,227.9,228.5,-,-,[],C,144.69,917.31,250,1584.96
company,21X000000001360B,,Terminale GNL Adriatico S.r.l.,Adriatic LNG,21X000000001360B,,,21X000000001360B/IT,2023-10-26 15:03:02,2018-06-02,2018-06-03,135.1,228.5,-,-,[],C,193.17,1224.63,250,1584.91
company,21X000000001360B,,Terminale GNL Adriatico S.r.l.,Adriatic LNG,21X000000001360B,,,21X000000001360B/IT,2023-10-26 15:03:04,2018-06-03,2018-06-04,135.3,228.5,-,-,[],C,171.35,1086.32,250,1584.94
company,21X000000001360B,,Terminale GNL Adriatico S.r.l.,Adriatic LNG,21X000000001360B,,,21X000000001360B/IT,2023-10-26 15:03:06,2018-06-04,2018-06-05,135.2,228.5,-,-,[],C,149.73,949.22,250,1584.89
company,21X000000001360B,,Terminale GNL Adriatico S.r.l.,Adriatic LNG,21X000000001360B,,,21X000000001360B/IT,2023-10-26 15:03:07,2018-06-05,2018-06-06,135.3,228.5,-,-,[],C,128.08,811.97,250,1584.89
company,21X000000001360B,,Terminale GNL Adriatico S.r.l.,Adriatic LNG,21X000000001360B,,,21X000000001360B/IT,2023-10-26 15:03:09,2018-06-06,2018-06-07,140.6,228.5,-,-,[],C,162.18,1028.2,250,1584.97
company,21X000000001360B,,Terminale GNL Adriatico S.r.l.,Adriatic LNG,21X000000001360B,,,21X000000001360B/IT,2023-10-26 15:03:10,2018-06-07,2018-06-08,166.6,228.5,-,-,[],C,218.49,1385.17,250,1584.94
company,21X000000001360B,,Terminale GNL Adriatico S.r.l.,Adriatic LNG,21X000000001360B,,,21X000000001360B/IT,2023-10-26 15:03:12,2018-06-08,2018-06-09,135.3,228.5,-,-,[],C,196.78,1247.5,250,1584.89
company,21X000000001360B,,Terminale GNL Adriatico S.r.l.,Adriatic LNG,21X000000001360B,,,21X000000001360B/IT,2023-10-26 15:03:13,2018-06-09,2018-06-10,62.4,228.5,-,-,[],C,186.83,1184.46,250,1584.94
company,21X000000001360B,,Terminale GNL Adriatico S.r.l.,Adriatic LNG,21X000000001360B,,,21X000000001360B/IT,2023-10-26 15:03:15,2018-06-10,2018-06-11,62.4,228.5,-,-,[],C,176.65,1119.9,250,1584.91
company,21X000000001360B,,Terminale GNL Adriatico S.r.l.,Adriatic LNG,21X000000001360B,,,21X000000001360B/IT,2023-10-26 15:03:16,2018-06-11,2018-06-12,135.3,228.5,-,-,[],C,154.8,981.41,250,1584.96
company,21X000000001360B,,Terminale GNL Adriatico S.r.l.,Adriatic LNG,21X000000001360B,,,21X000000001360B/IT,2023-10-26 15:03:18,2018-06-12,2018-06-13,187.6,228.5,-,-,[],C,124.43,788.82,250,1584.87
company,21X000000001360B,,Terminale GNL Adriatico S.r.l.,Adriatic LNG,21X000000001360B,,,21X000000001360B/IT,2023-10-26 15:03:19,2018-06-13,2018-06-14,156.3,228.5,-,-,[],C,170.05,1078.07,250,1584.93
company,21X000000001360B,,Terminale GNL Adriatico S.r.l.,Adriatic LNG,21X000000001360B,,,21X000000001360B/IT,2023-10-26 15:03:21,2018-06-14,2018-06-15,171.8,228.5,-,-,[],C,217.35,1377.96,250,1584.96
company,21X000000001360B,,Terminale GNL Adriatico S.r.l.,Adriatic LNG,21X000000001360B,,,21X000000001360B/IT,2023-10-26 15:03:22,2018-06-15,2018-06-16,166.6,228.5,-,-,[],C,190.61,1208.38,250,1584.89
company,21X000000001360B,,Terminale GNL Adriatico S.r.l.,Adriatic LNG,21X000000001360B,,,21X000000001360B/IT,2023-10-26 15:03:24,2018-06-16,2018-06-17,62.8,228.5,-,-,[],C,180.69,1145.5,250,1584.9
company,21X000000001360B,,Terminale GNL Adriatico S.r.l.,Adriatic LNG,21X000000001360B,,,21X000000001360B/IT,2023-10-26 15:03:26,2018-06-17,2018-06-18,62.7,228.5,-,-,[],C,170.31,1079.69,250,1584.89
company,21X000000001360B,,Terminale GNL Adriatico S.r.l.,Adriatic LNG,21X000000001360B,,,21X000000001360B/IT,2023-10-26 15:03:27,2018-06-18,2018-06-19,166.7,228.5,-,-,[],C,143.64,910.63,250,1584.92
company,21X000000001360B,,Terminale GNL Adriatico S.r.l.,Adriatic LNG,21X000000001360B,,,21X000000001360B/IT,2023-10-26 15:03:29,2018-06-19,2018-06-20,177.2,228.5,-,-,[],C,115.28,730.81,250,1584.86
company,21X000000001360B,,Terminale GNL Adriatico S.r.l.,Adriatic LNG,21X000000001360B,,,21X000000001360B/IT,2023-10-26 15:03:30,2018-06-20,2018-06-21,203.5,228.5,-,-,[],C,82.5,523.01,250,1584.88
company,21X000000001360B,,Terminale GNL Adriatico S.r.l.,Adriatic LNG,21X000000001360B,,,21X000000001360B/IT,2023-10-26 15:03:32,2018-06-21,2018-06-22,205.1,228.5,-,-,[],C,189.44,1201.01,250,1584.95
company,21X000000001360B,,Terminale GNL Adriatico S.r.l.,Adriatic LNG,21X000000001360B,,,21X000000001360B/IT,2023-10-26 15:03:33,2018-06-22,2018-06-23,176.1,228.5,-,-,[],C,161.23,1022.13,250,1584.89
company,21X000000001360B,,Terminale GNL Adriatico S.r.l.,Adriatic LNG,21X000000001360B,,,21X000000001360B/IT,2023-10-26 15:03:35,2018-06-23,2018-06-24,114.5,228.5,-,-,[],C,142.68,904.53,250,1584.89
company,21X000000001360B,,Terminale GNL Adriatico S.r.l.,Adriatic LNG,21X000000001360B,,,21X000000001360B/IT,2023-10-26 15:03:36,2018-06-24,2018-06-25,105.2,228.5,-,-,[],C,126.13,799.61,250,1584.89
company,21X000000001360B,,Terminale GNL Adriatico S.r.l.,Adriatic LNG,21X000000001360B,,,21X000000001360B/IT,2023-10-26 15:03:37,2018-06-25,2018-06-26,224.2,228.5,-,-,[],C,177.02,1122.24,250,1584.91
company,21X000000001360B,,Terminale GNL Adriatico S.r.l.,Adriatic LNG,21X000000001360B,,,21X000000001360B/IT,2023-10-26 15:03:39,2018-06-26,2018-06-27,224,228.5,-,-,[],C,194.04,1230.13,250,1584.89
company,21X000000001360B,,Terminale GNL Adriatico S.r.l.,Adriatic LNG,21X000000001360B,,,21X000000001360B/IT,2023-10-26 15:03:41,2018-06-27,2018-06-28,224.1,228.5,-,-,[],C,158.22,1003.06,250,1584.91
company,21X000000001360B,,Terminale GNL Adriatico S.r.l.,Adriatic LNG,21X000000001360B,,,21X000000001360B/IT,2023-10-26 15:03:42,2018-06-28,2018-06-29,223,228.5,-,-,[],C,122.52,776.76,250,1584.97
company,21X000000001360B,,Terminale GNL Adriatico S.r.l.,Adriatic LNG,21X000000001360B,,,21X000000001360B/IT,2023-10-26 15:03:44,2018-06-29,2018-06-30,223,228.5,-,-,[],C,141.49,897,250,1584.92
company,21X000000001360B,,Terminale GNL Adriatico S.r.l.,Adriatic LNG,21X000000001360B,,,21X000000001360B/IT,2023-10-26 15:03:46,2018-06-30,2018-07-01,224,228.5,-,-,[],C,196.29,1244.44,250,1584.95
company,21X000000001360B,,Terminale GNL Adriatico S.r.l.,Adriatic LNG,21X000000001360B,,,21X000000001360B/IT,2023-10-26 15:03:47,2018-07-01,2018-07-02,125,228.5,-,-,[],C,176.66,1120,250,1584.97
company,21X000000001360B,,Terminale GNL Adriatico S.r.l.,Adriatic LNG,21X000000001360B,,,21X000000001360B/IT,2023-10-26 15:03:49,2018-07-02,2018-07-03,187.5,228.5,-,-,[],C,146.54,929.04,250,1584.96
company,21X000000001360B,,Terminale GNL Adriatico S.r.l.,Adriatic LNG,21X000000001360B,,,21X000000001360B/IT,2023-10-26 15:03:51,2018-07-03,2018-07-04,187.6,228.5,-,-,[],C,116.56,738.94,250,1584.89
company,21X000000001360B,,Terminale GNL Adriatico S.r.l.,Adriatic LNG,21X000000001360B,,,21X000000001360B/IT,2023-10-26 15:03:52,2018-07-04,2018-07-05,187.6,228.5,-,-,[],C,141.62,897.81,250,1584.89
company,21X000000001360B,,Terminale GNL Adriatico S.r.l.,Adriatic LNG,21X000000001360B,,,21X000000001360B/IT,2023-10-26 15:03:54,2018-07-05,2018-07-06,187.2,228.5,-,-,[],C,196.55,1246.08,250,1584.94
company,21X000000001360B,,Terminale GNL Adriatico S.r.l.,Adriatic LNG,21X000000001360B,,,21X000000001360B/IT,2023-10-26 15:03:55,2018-07-06,2018-07-07,187.3,228.5,-,-,[],C,166.57,1056.02,250,1584.95
company,21X000000001360B,,Terminale GNL Adriatico S.r.l.,Adriatic LNG,21X000000001360B,,,21X000000001360B/IT,2023-10-26 15:03:57,2018-07-07,2018-07-08,124.8,228.5,-,-,[],C,146.77,930.47,250,1584.91
company,21X000000001360B,,Terminale GNL Adriatico S.r.l.,Adriatic LNG,21X000000001360B,,,21X000000001360B/IT,2023-10-26 15:03:59,2018-07-08,2018-07-09,109.2,228.5,-,-,[],C,129.23,819.26,250,1584.89
company,21X000000001360B,,Terminale GNL Adriatico S.r.l.,Adriatic LNG,21X000000001360B,,,21X000000001360B/IT,2023-10-26 15:04:00,2018-07-09,2018-07-10,194.8,228.5,-,-,[],C,97.86,620.43,250,1584.99
company,21X000000001360B,,Terminale GNL Adriatico S.r.l.,Adriatic LNG,21X000000001360B,,,21X000000001360B/IT,2023-10-26 15:04:02,2018-07-10,2018-07-11,224,228.5,-,-,[],C,61.94,392.65,250,1584.8
company,21X000000001360B,,Terminale GNL Adriatico S.r.l.,Adriatic LNG,21X000000001360B,,,21X000000001360B/IT,2023-10-26 15:04:04,2018-07-11,2018-07-12,224,228.5,-,-,[],C,91.67,581.16,250,1584.92
company,21X000000001360B,,Terminale GNL Adriatico S.r.l.,Adriatic LNG,21X000000001360B,,,21X000000001360B/IT,2023-10-26 15:04:06,2018-07-12,2018-07-13,223.8,228.5,-,-,[],C,130.42,826.83,250,1584.94
company,21X000000001360B,,Terminale GNL Adriatico S.r.l.,Adriatic LNG,21X000000001360B,,,21X000000001360B/IT,2023-10-26 15:04:07,2018-07-13,2018-07-14,224,228.5,-,-,[],C,94.61,599.8,250,1584.93
company,21X000000001360B,,Terminale GNL Adriatico S.r.l.,Adriatic LNG,21X000000001360B,,,21X000000001360B/IT,2023-10-26 15:04:09,2018-07-14,2018-07-15,159.2,228.5,-,-,[],C,69.2,438.71,250,1584.93
company,21X000000001360B,,Terminale GNL Adriatico S.r.l.,Adriatic LNG,21X000000001360B,,,21X000000001360B/IT,2023-10-26 15:04:10,2018-07-15,2018-07-16,93.7,228.5,-,-,[],C,135.38,858.27,250,1584.93
company,21X000000001360B,,Terminale GNL Adriatico S.r.l.,Adriatic LNG,21X000000001360B,,,21X000000001360B/IT,2023-10-26 15:04:11,2018-07-16,2018-07-17,223.8,228.5,-,-,[],C,163.38,1035.76,250,1584.89
company,21X000000001360B,,Terminale GNL Adriatico S.r.l.,Adriatic LNG,21X000000001360B,,,21X000000001360B/IT,2023-10-26 15:04:13,2018-07-17,2018-07-18,224,228.5,-,-,[],C,127.78,810.1,250,1584.95
company,21X000000001360B,,Terminale GNL Adriatico S.r.l.,Adriatic LNG,21X000000001360B,,,21X000000001360B/IT,2023-10-26 15:04:15,2018-07-18,2018-07-19,222.9,228.5,-,-,[],C,92.22,584.65,250,1584.93
company,21X000000001360B,,Terminale GNL Adriatico S.r.l.,Adriatic LNG,21X000000001360B,,,21X000000001360B/IT,2023-10-26 15:04:16,2018-07-19,2018-07-20,222.9,228.5,-,-,[],C,56.55,358.53,250,1585.01
company,21X000000001360B,,Terminale GNL Adriatico S.r.l.,Adriatic LNG,21X000000001360B,,,21X000000001360B/IT,2023-10-26 15:04:18,2018-07-20,2018-07-21,222.8,228.5,-,-,[],C,153.3,971.9,250,1584.96
company,21X000000001360B,,Terminale GNL Adriatico S.r.l.,Adriatic LNG,21X000000001360B,,,21X000000001360B/IT,2023-10-26 15:04:20,2018-07-21,2018-07-22,123.8,228.5,-,-,[],C,133.74,847.9,250,1584.98
company,21X000000001360B,,Terminale GNL Adriatico S.r.l.,Adriatic LNG,21X000000001360B,,,21X000000001360B/IT,2023-10-26 15:04:21,2018-07-22,2018-07-23,75,228.5,-,-,[],C,121.5,770.29,250,1584.96
company,21X000000001360B,,Terminale GNL Adriatico S.r.l.,Adriatic LNG,21X000000001360B,,,21X000000001360B/IT,2023-10-26 15:04:23,2018-07-23,2018-07-24,228.2,228.5,-,-,[],C,139.9,886.95,250,1584.97
company,21X000000001360B,,Terminale GNL Adriatico S.r.l.,Adriatic LNG,21X000000001360B,,,21X000000001360B/IT,2023-10-26 15:04:25,2018-07-24,2018-07-25,227,228.5,-,-,[],C,188.3,1193.77,250,1584.93
company,21X000000001360B,,Terminale GNL Adriatico S.r.l.,Adriatic LNG,21X000000001360B,,,21X000000001360B/IT,2023-10-26 15:04:26,2018-07-25,2018-07-26,226.7,228.5,-,-,[],C,151.93,963.17,250,1584.89
company,21X000000001360B,,Terminale GNL Adriatico S.r.l.,Adriatic LNG,21X000000001360B,,,21X000000001360B/IT,2023-10-26 15:04:27,2018-07-26,2018-07-27,228.1,228.5,-,-,[],C,115.47,732.07,250,1584.98
company,21X000000001360B,,Terminale GNL Adriatico S.r.l.,Adriatic LNG,21X000000001360B,,,21X000000001360B/IT,2023-10-26 15:04:29,2018-07-27,2018-07-28,228.1,228.5,-,-,[],C,159.47,1011.02,250,1584.97
company,21X000000001360B,,Terminale GNL Adriatico S.r.l.,Adriatic LNG,21X000000001360B,,,21X000000001360B/IT,2023-10-26 15:04:30,2018-07-28,2018-07-29,151.9,228.5,-,-,[],C,200.25,1269.52,250,1584.92
company,21X000000001360B,,Terminale GNL Adriatico S.r.l.,Adriatic LNG,21X000000001360B,,,21X000000001360B/IT,2023-10-26 15:04:32,2018-07-29,2018-07-30,106.1,228.5,-,-,[],C,183.31,1162.15,250,1584.95
company,21X000000001360B,,Terminale GNL Adriatico S.r.l.,Adriatic LNG,21X000000001360B,,,21X000000001360B/IT,2023-10-26 15:04:33,2018-07-30,2018-07-31,228.2,228.5,-,-,[],C,146.62,929.54,250,1584.95
company,21X000000001360B,,Terminale GNL Adriatico S.r.l.,Adriatic LNG,21X000000001360B,,,21X000000001360B/IT,2023-10-26 15:04:35,2018-07-31,2018-08-01,228.2,228.5,-,-,[],C,180.88,1146.75,250,1584.96
company,21X000000001360B,,Terminale GNL Adriatico S.r.l.,Adriatic LNG,21X000000001360B,,,21X000000001360B/IT,2023-10-26 15:04:36,2018-08-01,2018-08-02,227.1,228.5,-,-,[],C,213.78,1355.31,250,1584.94
company,21X000000001360B,,Terminale GNL Adriatico S.r.l.,Adriatic LNG,21X000000001360B,,,21X000000001360B/IT,2023-10-26 15:04:37,2018-08-02,2018-08-03,228.1,228.5,-,-,[],C,177.1,1122.79,250,1584.97
company,21X000000001360B,,Terminale GNL Adriatico S.r.l.,Adriatic LNG,21X000000001360B,,,21X000000001360B/IT,2023-10-26 15:04:39,2018-08-03,2018-08-04,218.7,228.5,-,-,[],C,142.11,900.92,250,1584.9
company,21X000000001360B,,Terminale GNL Adriatico S.r.l.,Adriatic LNG,21X000000001360B,,,21X000000001360B/IT,2023-10-26 15:04:40,2018-08-04,2018-08-05,106.8,228.5,-,-,[],C,125.4,795.02,250,1584.97
company,21X000000001360B,,Terminale GNL Adriatico S.r.l.,Adriatic LNG,21X000000001360B,,,21X000000001360B/IT,2023-10-26 15:04:42,2018-08-05,2018-08-06,83.2,228.5,-,-,[],C,111.77,708.62,250,1585
company,21X000000001360B,,Terminale GNL Adriatico S.r.l.,Adriatic LNG,21X000000001360B,,,21X000000001360B/IT,2023-10-26 15:04:43,2018-08-06,2018-08-07,187.4,228.5,-,-,[],C,82.01,519.9,250,1584.87
company,21X000000001360B,,Terminale GNL Adriatico S.r.l.,Adriatic LNG,21X000000001360B,,,21X000000001360B/IT,2023-10-26 15:04:45,2018-08-07,2018-08-08,187.5,228.5,-,-,[],C,51.72,327.9,250,1584.98
company,21X000000001360B,,Terminale GNL Adriatico S.r.l.,Adriatic LNG,21X000000001360B,,,21X000000001360B/IT,2023-10-26 15:04:46,2018-08-08,2018-08-09,187.6,228.5,-,-,[],C,99.25,629.22,250,1584.94
company,21X000000001360B,,Terminale GNL Adriatico S.r.l.,Adriatic LNG,21X000000001360B,,,21X000000001360B/IT,2023-10-26 15:04:48,2018-08-09,2018-08-10,187.5,228.5,-,-,[],C,129.41,820.44,250,1584.96
company,21X000000001360B,,Terminale GNL Adriatico S.r.l.,Adriatic LNG,21X000000001360B,,,21X000000001360B/IT,2023-10-26 15:04:49,2018-08-10,2018-08-11,187.5,228.5,-,-,[],C,99.75,632.4,250,1584.96
company,21X000000001360B,,Terminale GNL Adriatico S.r.l.,Adriatic LNG,21X000000001360B,,,21X000000001360B/IT,2023-10-26 15:04:51,2018-08-11,2018-08-12,104.1,228.5,-,-,[],C,83.08,526.67,250,1584.83
company,21X000000001360B,,Terminale GNL Adriatico S.r.l.,Adriatic LNG,21X000000001360B,,,21X000000001360B/IT,2023-10-26 15:04:52,2018-08-12,2018-08-13,83.2,228.5,-,-,[],C,136.19,863.43,250,1584.97
company,21X000000001360B,,Terminale GNL Adriatico S.r.l.,Adriatic LNG,21X000000001360B,,,21X000000001360B/IT,2023-10-26 15:04:54,2018-08-13,2018-08-14,180,228.5,-,-,[],C,185.76,1177.69,250,1584.96
company,21X000000001360B,,Terminale GNL Adriatico S.r.l.,Adriatic LNG,21X000000001360B,,,21X000000001360B/IT,2023-10-26 15:04:55,2018-08-14,2018-08-15,177,228.5,-,-,[],C,157.82,1000.55,250,1584.95
company,21X000000001360B,,Terminale GNL Adriatico S.r.l.,Adriatic LNG,21X000000001360B,,,21X000000001360B/IT,2023-10-26 15:04:57,2018-08-15,2018-08-16,73.8,228.5,-,-,[],C,145.94,925.2,250,1584.9
company,21X000000001360B,,Terminale GNL Adriatico S.r.l.,Adriatic LNG,21X000000001360B,,,21X000000001360B/IT,2023-10-26 15:04:58,2018-08-16,2018-08-17,136.3,228.5,-,-,[],C,124.14,787.02,250,1584.94
company,21X000000001360B,,Terminale GNL Adriatico S.r.l.,Adriatic LNG,21X000000001360B,,,21X000000001360B/IT,2023-10-26 15:05:00,2018-08-17,2018-08-18,214.6,228.5,-,-,[],C,89.65,56.83,250,158.48
company,21X000000001360B,,Terminale GNL Adriatico S.r.l.,Adriatic LNG,21X000000001360B,,,21X000000001360B/IT,2023-10-26 15:05:01,2018-08-18,2018-08-19,125.1,228.5,-,-,[],C,69.91,44.32,250,158.49
company,21X000000001360B,,Terminale GNL Adriatico S.r.l.,Adriatic LNG,21X000000001360B,,,21X000000001360B/IT,2023-10-26 15:05:03,2018-08-19,2018-08-20,103.9,228.5,-,-,[],C,53.36,338.31,250,1585.04
company,21X000000001360B,,Terminale GNL Adriatico S.r.l.,Adriatic LNG,21X000000001360B,,,21X000000001360B/IT,2023-10-26 15:05:05,2018-08-20,2018-08-21,223.7,228.5,-,-,[],C,96.66,612.8,250,1584.94
company,21X000000001360B,,Terminale GNL Adriatico S.r.l.,Adriatic LNG,21X000000001360B,,,21X000000001360B/IT,2023-10-26 15:05:06,2018-08-21,2018-08-22,212.9,228.5,-,-,[],C,123.03,780,250,1584.98
company,21X000000001360B,,Terminale GNL Adriatico S.r.l.,Adriatic LNG,21X000000001360B,,,21X000000001360B/IT,2023-10-26 15:05:08,2018-08-22,2018-08-23,223.7,228.5,-,-,[],C,87.27,553.27,250,1584.94
company,21X000000001360B,,Terminale GNL Adriatico S.r.l.,Adriatic LNG,21X000000001360B,,,21X000000001360B/IT,2023-10-26 15:05:09,2018-08-23,2018-08-24,223.9,228.5,-,-,[],C,51.44,326.14,250,1585.05
company,21X000000001360B,,Terminale GNL Adriatico S.r.l.,Adriatic LNG,21X000000001360B,,,21X000000001360B/IT,2023-10-26 15:05:11,2018-08-24,2018-08-25,223.9,228.5,-,-,[],C,135.92,861.7,250,1584.94
company,21X000000001360B,,Terminale GNL Adriatico S.r.l.,Adriatic LNG,21X000000001360B,,,21X000000001360B/IT,2023-10-26 15:05:12,2018-08-25,2018-08-26,160.3,228.5,-,-,[],C,135.11,856.53,250,1584.88
company,21X000000001360B,,Terminale GNL Adriatico S.r.l.,Adriatic LNG,21X000000001360B,,,21X000000001360B/IT,2023-10-26 15:05:14,2018-08-26,2018-08-27,93.6,228.5,-,-,[],C,120.36,763.08,250,1585
company,21X000000001360B,,Terminale GNL Adriatico S.r.l.,Adriatic LNG,21X000000001360B,,,21X000000001360B/IT,2023-10-26 15:05:15,2018-08-27,2018-08-28,224,228.5,-,-,[],C,84.22,533.9,250,1584.84
company,21X000000001360B,,Terminale GNL Adriatico S.r.l.,Adriatic LNG,21X000000001360B,,,21X000000001360B/IT,2023-10-26 15:05:17,2018-08-28,2018-08-29,224,228.5,-,-,[],C,123.78,784.76,250,1584.99
company,21X000000001360B,,Terminale GNL Adriatico S.r.l.,Adriatic LNG,21X000000001360B,,,21X000000001360B/IT,2023-10-26 15:05:18,2018-08-29,2018-08-30,223.9,228.5,-,-,[],C,152.69,967.98,250,1584.88
company,21X000000001360B,,Terminale GNL Adriatico S.r.l.,Adriatic LNG,21X000000001360B,,,21X000000001360B/IT,2023-10-26 15:05:20,2018-08-30,2018-08-31,225.1,228.5,-,-,[],C,142.34,902.37,250,1584.88
company,21X000000001360B,,Terminale GNL Adriatico S.r.l.,Adriatic LNG,21X000000001360B,,,21X000000001360B/IT,2023-10-26 15:05:22,2018-08-31,2018-09-01,223.5,228.5,-,-,[],C,221.08,1401.57,250,1584.91
company,21X000000001360B,,Terminale GNL Adriatico S.r.l.,Adriatic LNG,21X000000001360B,,,21X000000001360B/IT,2023-10-26 15:05:23,2018-09-01,2018-09-02,154.7,228.5,-,-,[],C,196.55,1246.07,250,1584.93
company,21X000000001360B,,Terminale GNL Adriatico S.r.l.,Adriatic LNG,21X000000001360B,,,21X000000001360B/IT,2023-10-26 15:05:25,2018-09-02,2018-09-03,121.7,228.5,-,-,[],C,177.05,1122.42,250,1584.89
company,21X000000001360B,,Terminale GNL Adriatico S.r.l.,Adriatic LNG,21X000000001360B,,,21X000000001360B/IT,2023-10-26 15:05:26,2018-09-03,2018-09-04,228.2,228.5,-,-,[],C,140.5,890.72,250,1584.91
company,21X000000001360B,,Terminale GNL Adriatico S.r.l.,Adriatic LNG,21X000000001360B,,,21X000000001360B/IT,2023-10-26 15:05:28,2018-09-04,2018-09-05,228.3,228.5,-,-,[],C,104.15,660.27,250,1584.9
company,21X000000001360B,,Terminale GNL Adriatico S.r.l.,Adriatic LNG,21X000000001360B,,,21X000000001360B/IT,2023-10-26 15:05:30,2018-09-05,2018-09-06,225,228.5,-,-,[],C,182.76,1158.65,250,1584.93
company,21X000000001360B,,Terminale GNL Adriatico S.r.l.,Adriatic LNG,21X000000001360B,,,21X000000001360B/IT,2023-10-26 15:05:31,2018-09-06,2018-09-07,227.8,228.5,-,-,[],C,171.43,1086.83,250,1584.95
company,21X000000001360B,,Terminale GNL Adriatico S.r.l.,Adriatic LNG,21X000000001360B,,,21X000000001360B/IT,2023-10-26 15:05:33,2018-09-07,2018-09-08,210,228.5,-,-,[],C,137.75,873.29,250,1584.92
company,21X000000001360B,,Terminale GNL Adriatico S.r.l.,Adriatic LNG,21X000000001360B,,,21X000000001360B/IT,2023-10-26 15:05:34,2018-09-08,2018-09-09,161.2,228.5,-,-,[],C,112.16,711.09,250,1584.99
company,21X000000001360B,,Terminale GNL Adriatico S.r.l.,Adriatic LNG,21X000000001360B,,,21X000000001360B/IT,2023-10-26 15:05:36,2018-09-09,2018-09-10,143.6,228.5,-,-,[],C,185.49,1175.94,250,1584.91
company,21X000000001360B,,Terminale GNL Adriatico S.r.l.,Adriatic LNG,21X000000001360B,,,21X000000001360B/IT,2023-10-26 15:05:38,2018-09-10,2018-09-11,187.5,228.5,-,-,[],C,204.55,1296.77,250,1584.91
company,21X000000001360B,,Terminale GNL Adriatico S.r.l.,Adriatic LNG,21X000000001360B,,,21X000000001360B/IT,2023-10-26 15:05:39,2018-09-11,2018-09-12,187.5,228.5,-,-,[],C,174.76,1107.9,250,1584.89
company,21X000000001360B,,Terminale GNL Adriatico S.r.l.,Adriatic LNG,21X000000001360B,,,21X000000001360B/IT,2023-10-26 15:05:41,2018-09-12,2018-09-13,187.4,228.5,-,-,[],C,144.71,917.41,250,1584.91
company,21X000000001360B,,Terminale GNL Adriatico S.r.l.,Adriatic LNG,21X000000001360B,,,21X000000001360B/IT,2023-10-26 15:05:42,2018-09-13,2018-09-14,187.3,228.5,-,-,[],C,144.89,918.53,250,1584.87
company,21X000000001360B,,Terminale GNL Adriatico S.r.l.,Adriatic LNG,21X000000001360B,,,21X000000001360B/IT,2023-10-26 15:05:43,2018-09-14,2018-09-15,186.8,228.5,-,-,[],C,224.67,1424.37,250,1584.96
company,21X000000001360B,,Terminale GNL Adriatico S.r.l.,Adriatic LNG,21X000000001360B,,,21X000000001360B/IT,2023-10-26 15:05:45,2018-09-15,2018-09-16,114.1,228.5,-,-,[],C,206.74,1310.69,250,1584.95
company,21X000000001360B,,Terminale GNL Adriatico S.r.l.,Adriatic LNG,21X000000001360B,,,21X000000001360B/IT,2023-10-26 15:05:46,2018-09-16,2018-09-17,83.2,228.5,-,-,[],C,193.19,1224.77,250,1584.93
company,21X000000001360B,,Terminale GNL Adriatico S.r.l.,Adriatic LNG,21X000000001360B,,,21X000000001360B/IT,2023-10-26 15:05:48,2018-09-17,2018-09-18,177,228.5,-,-,[],C,164.9,1045.41,250,1584.92
company,21X000000001360B,,Terminale GNL Adriatico S.r.l.,Adriatic LNG,21X000000001360B,,,21X000000001360B/IT,2023-10-26 15:05:49,2018-09-18,2018-09-19,187.5,228.5,-,-,[],C,135.06,856.22,250,1584.89
company,21X000000001360B,,Terminale GNL Adriatico S.r.l.,Adriatic LNG,21X000000001360B,,,21X000000001360B/IT,2023-10-26 15:05:51,2018-09-19,2018-09-20,187.5,228.5,-,-,[],C,104.92,665.16,250,1584.92
company,21X000000001360B,,Terminale GNL Adriatico S.r.l.,Adriatic LNG,21X000000001360B,,,21X000000001360B/IT,2023-10-26 15:05:52,2018-09-20,2018-09-21,187.5,228.5,-,-,[],C,152.22,965.03,250,1584.93
company,21X000000001360B,,Terminale GNL Adriatico S.r.l.,Adriatic LNG,21X000000001360B,,,21X000000001360B/IT,2023-10-26 15:05:53,2018-09-21,2018-09-22,161,228.5,-,-,[],C,194.63,1233.87,250,1584.89
company,21X000000001360B,,Terminale GNL Adriatico S.r.l.,Adriatic LNG,21X000000001360B,,,21X000000001360B/IT,2023-10-26 15:05:55,2018-09-22,2018-09-23,88.2,228.5,-,-,[],C,180.56,1144.7,250,1584.93
company,21X000000001360B,,Terminale GNL Adriatico S.r.l.,Adriatic LNG,21X000000001360B,,,21X000000001360B/IT,2023-10-26 15:05:56,2018-09-23,2018-09-24,93.3,228.5,-,-,[],C,165.62,1050.01,250,1584.97
company,21X000000001360B,,Terminale GNL Adriatico S.r.l.,Adriatic LNG,21X000000001360B,,,21X000000001360B/IT,2023-10-26 15:05:58,2018-09-24,2018-09-25,166.5,228.5,-,-,[],C,138.85,880.24,250,1584.88
company,21X000000001360B,,Terminale GNL Adriatico S.r.l.,Adriatic LNG,21X000000001360B,,,21X000000001360B/IT,2023-10-26 15:05:59,2018-09-25,2018-09-26,239.5,239.5,-,-,[],C,100.55,637.43,250,1584.86
company,21X000000001360B,,Terminale GNL Adriatico S.r.l.,Adriatic LNG,21X000000001360B,,,21X000000001360B/IT,2023-10-26 15:06:01,2018-09-26,2018-09-27,249.9,249.9,-,-,[],C,103.95,659.01,250,1584.92
company,21X000000001360B,,Terminale GNL Adriatico S.r.l.,Adriatic LNG,21X000000001360B,,,21X000000001360B/IT,2023-10-26 15:06:02,2018-09-27,2018-09-28,239.1,239.1,-,-,[],C,162.5,1030.23,250,1584.97
company,21X000000001360B,,Terminale GNL Adriatico S.r.l.,Adriatic LNG,21X000000001360B,,,21X000000001360B/IT,2023-10-26 15:06:04,2018-09-28,2018-09-29,269.8,269.8,-,-,[],C,119.21,755.75,250,1584.91
company,21X000000001360B,,Terminale GNL Adriatico S.r.l.,Adriatic LNG,21X000000001360B,,,21X000000001360B/IT,2023-10-26 15:06:05,2018-09-29,2018-09-30,199,228.5,-,-,[],C,87.66,555.72,250,1584.87
company,21X000000001360B,,Terminale GNL Adriatico S.r.l.,Adriatic LNG,21X000000001360B,,,21X000000001360B/IT,2023-10-26 15:06:07,2018-09-30,2018-10-01,166.2,228.5,-,-,[],C,20.1,1274.2,250,15848.26
company,21X000000001360B,,Terminale GNL Adriatico S.r.l.,Adriatic LNG,21X000000001360B,,,21X000000001360B/IT,2023-10-26 15:06:08,2018-10-01,2018-10-02,155.8,228.5,-,-,[],C,176.29,1117.64,250,1584.95
company,21X000000001360B,,Terminale GNL Adriatico S.r.l.,Adriatic LNG,21X000000001360B,,,21X000000001360B/IT,2023-10-26 15:06:09,2018-10-02,2018-10-03,218.5,228.5,-,-,[],C,140.76,892.37,250,1584.91
company,21X000000001360B,,Terminale GNL Adriatico S.r.l.,Adriatic LNG,21X000000001360B,,,21X000000001360B/IT,2023-10-26 15:06:11,2018-10-03,2018-10-04,218.4,228.5,-,-,[],C,190.17,1205.62,250,1584.92
company,21X000000001360B,,Terminale GNL Adriatico S.r.l.,Adriatic LNG,21X000000001360B,,,21X000000001360B/IT,2023-10-26 15:06:12,2018-10-04,2018-10-05,124.5,228.5,-,-,[],C,226.19,1433.96,250,1584.91
company,21X000000001360B,,Terminale GNL Adriatico S.r.l.,Adriatic LNG,21X000000001360B,,,21X000000001360B/IT,2023-10-26 15:06:14,2018-10-05,2018-10-06,124.5,228.5,-,-,[],C,206.38,1308.4,250,1584.94
company,21X000000001360B,,Terminale GNL Adriatico S.r.l.,Adriatic LNG,21X000000001360B,,,21X000000001360B/IT,2023-10-26 15:06:15,2018-10-06,2018-10-07,124.8,228.5,-,-,[],C,186.2,1180.48,250,1584.96
company,21X000000001360B,,Terminale GNL Adriatico S.r.l.,Adriatic LNG,21X000000001360B,,,21X000000001360B/IT,2023-10-26 15:06:17,2018-10-07,2018-10-08,93.6,228.5,-,-,[],C,171.28,1085.85,250,1584.9
company,21X000000001360B,,Terminale GNL Adriatico S.r.l.,Adriatic LNG,21X000000001360B,,,21X000000001360B/IT,2023-10-26 15:06:19,2018-10-08,2018-10-09,124.9,228.5,-,-,[],C,151.28,959.06,250,1584.91
company,21X000000001360B,,Terminale GNL Adriatico S.r.l.,Adriatic LNG,21X000000001360B,,,21X000000001360B/IT,2023-10-26 15:06:20,2018-10-09,2018-10-10,125.1,228.5,-,-,[],C,1311.43,831.41,250,158.49
company,21X000000001360B,,Terminale GNL Adriatico S.r.l.,Adriatic LNG,21X000000001360B,,,21X000000001360B/IT,2023-10-26 15:06:22,2018-10-10,2018-10-11,219,228.5,-,-,[],C,96.13,609.46,250,1584.99
company,21X000000001360B,,Terminale GNL Adriatico S.r.l.,Adriatic LNG,21X000000001360B,,,21X000000001360B/IT,2023-10-26 15:06:23,2018-10-11,2018-10-12,227.4,228.5,-,-,[],C,147.24,933.49,250,1584.98
company,21X000000001360B,,Terminale GNL Adriatico S.r.l.,Adriatic LNG,21X000000001360B,,,21X000000001360B/IT,2023-10-26 15:06:25,2018-10-12,2018-10-13,204.9,228.5,-,-,[],C,172.29,1092.25,250,1584.9
company,21X000000001360B,,Terminale GNL Adriatico S.r.l.,Adriatic LNG,21X000000001360B,,,21X000000001360B/IT,2023-10-26 15:06:26,2018-10-13,2018-10-14,166.4,228.5,-,-,[],C,145.77,924.13,250,1584.91
company,21X000000001360B,,Terminale GNL Adriatico S.r.l.,Adriatic LNG,21X000000001360B,,,21X000000001360B/IT,2023-10-26 15:06:28,2018-10-14,2018-10-15,116.4,228.5,-,-,[],C,127.32,807.18,250,1584.94
company,21X000000001360B,,Terminale GNL Adriatico S.r.l.,Adriatic LNG,21X000000001360B,,,21X000000001360B/IT,2023-10-26 15:06:29,2018-10-15,2018-10-16,228,228.5,-,-,[],C,179.09,1135.37,250,1584.92
company,21X000000001360B,,Terminale GNL Adriatico S.r.l.,Adriatic LNG,21X000000001360B,,,21X000000001360B/IT,2023-10-26 15:06:31,2018-10-16,2018-10-17,227.9,228.5,-,-,[],C,193.98,1229.76,250,1584.91
company,21X000000001360B,,Terminale GNL Adriatico S.r.l.,Adriatic LNG,21X000000001360B,,,21X000000001360B/IT,2023-10-26 15:06:32,2018-10-17,2018-10-18,228,228.5,-,-,[],C,157.39,997.8,250,1584.92
company,21X000000001360B,,Terminale GNL Adriatico S.r.l.,Adriatic LNG,21X000000001360B,,,21X000000001360B/IT,2023-10-26 15:06:34,2018-10-18,2018-10-19,228.1,228.5,-,-,[],C,121,767.08,250,1584.88
company,21X000000001360B,,Terminale GNL Adriatico S.r.l.,Adriatic LNG,21X000000001360B,,,21X000000001360B/IT,2023-10-26 15:06:35,2018-10-19,2018-10-20,223.7,228.5,-,-,[],C,158.18,100.28,250,158.49
company,21X000000001360B,,Terminale GNL Adriatico S.r.l.,Adriatic LNG,21X000000001360B,,,21X000000001360B/IT,2023-10-26 15:06:37,2018-10-20,2018-10-21,183.9,228.5,-,-,[],C,201.14,1275.17,250,1584.93
company,21X000000001360B,,Terminale GNL Adriatico S.r.l.,Adriatic LNG,21X000000001360B,,,21X000000001360B/IT,2023-10-26 15:06:38,2018-10-21,2018-10-22,148.4,228.5,-,-,[],C,177.29,1123.95,250,1584.9
company,21X000000001360B,,Terminale GNL Adriatico S.r.l.,Adriatic LNG,21X000000001360B,,,21X000000001360B/IT,2023-10-26 15:06:40,2018-10-22,2018-10-23,224,228.5,-,-,[],C,141.29,895.73,250,1584.91
company,21X000000001360B,,Terminale GNL Adriatico S.r.l.,Adriatic LNG,21X000000001360B,,,21X000000001360B/IT,2023-10-26 15:06:41,2018-10-23,2018-10-24,223.9,228.5,-,-,[],C,163.2,1034.62,250,1584.9
company,21X000000001360B,,Terminale GNL Adriatico S.r.l.,Adriatic LNG,21X000000001360B,,,21X000000001360B/IT,2023-10-26 15:06:43,2018-10-24,2018-10-25,226.9,228.5,-,-,[],C,208.79,100000,250,119737.54
company,21X000000001360B,,Terminale GNL Adriatico S.r.l.,Adriatic LNG,21X000000001360B,,,21X000000001360B/IT,2023-10-26 15:06:44,2018-10-25,2018-10-26,226.9,228.5,-,-,[],C,172.5,1093.61,250,1584.94
company,21X000000001360B,,Terminale GNL Adriatico S.r.l.,Adriatic LNG,21X000000001360B,,,21X000000001360B/IT,2023-10-26 15:06:46,2018-10-26,2018-10-27,227.1,228.5,-,-,[],C,136.1,862.85,250,1584.96
company,21X000000001360B,,Terminale GNL Adriatico S.r.l.,Adriatic LNG,21X000000001360B,,,21X000000001360B/IT,2023-10-26 15:06:47,2018-10-27,2018-10-28,95.2,228.5,-,-,[],C,121.23,768.58,250,1584.96
company,21X000000001360B,,Terminale GNL Adriatico S.r.l.,Adriatic LNG,21X000000001360B,,,21X000000001360B/IT,2023-10-26 15:06:49,2018-10-28,2018-10-29,95.2,228.5,-,-,[],C,105.89,671.32,250,1584.95
company,21X000000001360B,,Terminale GNL Adriatico S.r.l.,Adriatic LNG,21X000000001360B,,,21X000000001360B/IT,2023-10-26 15:06:50,2018-10-29,2018-10-30,208.5,228.5,-,-,[],C,72.24,457.99,250,1584.96
company,21X000000001360B,,Terminale GNL Adriatico S.r.l.,Adriatic LNG,21X000000001360B,,,21X000000001360B/IT,2023-10-26 15:06:52,2018-10-30,2018-10-31,228.4,228.5,-,-,[],C,35.75,226.63,250,1584.83
company,21X000000001360B,,Terminale GNL Adriatico S.r.l.,Adriatic LNG,21X000000001360B,,,21X000000001360B/IT,2023-10-26 15:06:54,2018-10-31,2018-11-01,226.3,228.5,-,-,[],C,139.81,886.38,250,1584.97
company,21X000000001360B,,Terminale GNL Adriatico S.r.l.,Adriatic LNG,21X000000001360B,,,21X000000001360B/IT,2023-10-26 15:06:55,2018-11-01,2018-11-02,160.2,228.5,-,-,[],C,114.58,726.43,250,1584.98
company,21X000000001360B,,Terminale GNL Adriatico S.r.l.,Adriatic LNG,21X000000001360B,,,21X000000001360B/IT,2023-10-26 15:06:57,2018-11-02,2018-11-03,171.6,228.5,-,-,[],C,86.88,550.79,250,1584.92
company,21X000000001360B,,Terminale GNL Adriatico S.r.l.,Adriatic LNG,21X000000001360B,,,21X000000001360B/IT,2023-10-26 15:06:59,2018-11-03,2018-11-04,83.2,228.5,-,-,[],C,73.77,467.68,250,1584.93
company,21X000000001360B,,Terminale GNL Adriatico S.r.l.,Adriatic LNG,21X000000001360B,,,21X000000001360B/IT,2023-10-26 15:07:00,2018-11-04,2018-11-05,83.2,228.5,-,-,[],C,60.22,38.18,250,158.5
company,21X000000001360B,,Terminale GNL Adriatico S.r.l.,Adriatic LNG,21X000000001360B,,,21X000000001360B/IT,2023-10-26 15:07:02,2018-11-05,2018-11-06,207.2,228.5,-,-,[],C,26.65,168.96,250,1584.99
company,21X000000001360B,,Terminale GNL Adriatico S.r.l.,Adriatic LNG,21X000000001360B,,,21X000000001360B/IT,2023-10-26 15:07:04,2018-11-06,2018-11-07,227.5,228.5,-,-,[],C,142.79,905.25,250,1584.93
company,21X000000001360B,,Terminale GNL Adriatico S.r.l.,Adriatic LNG,21X000000001360B,,,21X000000001360B/IT,2023-10-26 15:07:05,2018-11-07,2018-11-08,269.3,269.3,-,-,[],C,170.78,1082.7,250,1584.93
company,21X000000001360B,,Terminale GNL Adriatico S.r.l.,Adriatic LNG,21X000000001360B,,,21X000000001360B/IT,2023-10-26 15:07:07,2018-11-08,2018-11-09,269.4,269.4,-,-,[],C,143.51,909.79,250,1584.89
company,21X000000001360B,,Terminale GNL Adriatico S.r.l.,Adriatic LNG,21X000000001360B,,,21X000000001360B/IT,2023-10-26 15:07:09,2018-11-09,2018-11-10,268.9,268.9,-,-,[],C,225.3,1428.32,250,1584.91
company,21X000000001360B,,Terminale GNL Adriatico S.r.l.,Adriatic LNG,21X000000001360B,,,21X000000001360B/IT,2023-10-26 15:07:10,2018-11-10,2018-11-11,227.6,228.5,-,-,[],C,188.96,1197.96,250,1584.94
company,21X000000001360B,,Terminale GNL Adriatico S.r.l.,Adriatic LNG,21X000000001360B,,,21X000000001360B/IT,2023-10-26 15:07:12,2018-11-11,2018-11-12,227.7,228.5,-,-,[],C,152.54,967.04,250,1584.9
company,21X000000001360B,,Terminale GNL Adriatico S.r.l.,Adriatic LNG,21X000000001360B,,,21X000000001360B/IT,2023-10-26 15:07:13,2018-11-12,2018-11-13,227.7,228.5,-,-,[],C,171.73,1088.7,250,1584.9
company,21X000000001360B,,Terminale GNL Adriatico S.r.l.,Adriatic LNG,21X000000001360B,,,21X000000001360B/IT,2023-10-26 15:07:15,2018-11-13,2018-11-14,227.5,228.5,-,-,[],C,224.56,1423.62,250,1584.9
company,21X000000001360B,,Terminale GNL Adriatico S.r.l.,Adriatic LNG,21X000000001360B,,,21X000000001360B/IT,2023-10-26 15:07:17,2018-11-14,2018-11-15,207.6,228.5,-,-,[],C,191.66,1215.06,250,1584.92
company,21X000000001360B,,Terminale GNL Adriatico S.r.l.,Adriatic LNG,21X000000001360B,,,21X000000001360B/IT,2023-10-26 15:07:18,2018-11-15,2018-11-16,186.9,228.5,-,-,[],C,16.21,1027.39,250,15845
company,21X000000001360B,,Terminale GNL Adriatico S.r.l.,Adriatic LNG,21X000000001360B,,,21X000000001360B/IT,2023-10-26 15:07:20,2018-11-16,2018-11-17,148.2,228.5,-,-,[],C,138.29,876.69,250,1584.88
company,21X000000001360B,,Terminale GNL Adriatico S.r.l.,Adriatic LNG,21X000000001360B,,,21X000000001360B/IT,2023-10-26 15:07:21,2018-11-17,2018-11-18,93.8,228.5,-,-,[],C,123.07,780.21,250,1584.89
company,21X000000001360B,,Terminale GNL Adriatico S.r.l.,Adriatic LNG,21X000000001360B,,,21X000000001360B/IT,2023-10-26 15:07:23,2018-11-18,2018-11-19,93.8,228.5,-,-,[],C,107.83,683.61,250,1584.93
company,21X000000001360B,,Terminale GNL Adriatico S.r.l.,Adriatic LNG,21X000000001360B,,,21X000000001360B/IT,2023-10-26 15:07:25,2018-11-19,2018-11-20,198.4,228.5,-,-,[],C,75.77,480.37,250,1584.96
company,21X000000001360B,,Terminale GNL Adriatico S.r.l.,Adriatic LNG,21X000000001360B,,,21X000000001360B/IT,2023-10-26 15:07:26,2018-11-20,2018-11-21,194.3,228.5,-,-,[],C,44.54,282.38,250,1584.98
company,21X000000001360B,,Terminale GNL Adriatico S.r.l.,Adriatic LNG,21X000000001360B,,,21X000000001360B/IT,2023-10-26 15:07:28,2018-11-21,2018-11-22,268.7,268.7,-,-,[],C,897.34,897.34,250,250
company,21X000000001360B,,Terminale GNL Adriatico S.r.l.,Adriatic LNG,21X000000001360B,,,21X000000001360B/IT,2023-10-26 15:07:30,2018-11-22,2018-11-23,268.5,268.5,-,-,[],C,195.63,1240.23,250,1584.92
company,21X000000001360B,,Terminale GNL Adriatico S.r.l.,Adriatic LNG,21X000000001360B,,,21X000000001360B/IT,2023-10-26 15:07:31,2018-11-23,2018-11-24,269.8,269.8,-,-,[],C,194.93,1235.77,250,1584.89
company,21X000000001360B,,Terminale GNL Adriatico S.r.l.,Adriatic LNG,21X000000001360B,,,21X000000001360B/IT,2023-10-26 15:07:33,2018-11-24,2018-11-25,269.8,269.8,-,-,[],C,152,963.62,250,1584.9
company,21X000000001360B,,Terminale GNL Adriatico S.r.l.,Adriatic LNG,21X000000001360B,,,21X000000001360B/IT,2023-10-26 15:07:35,2018-11-25,2018-11-26,269.9,269.9,-,-,[],C,191.55,1214.34,250,1584.89
company,21X000000001360B,,Terminale GNL Adriatico S.r.l.,Adriatic LNG,21X000000001360B,,,21X000000001360B/IT,2023-10-26 15:07:36,2018-11-26,2018-11-27,269.6,269.6,-,-,[],C,210.47,1334.3,250,1584.91
company,21X000000001360B,,Terminale GNL Adriatico S.r.l.,Adriatic LNG,21X000000001360B,,,21X000000001360B/IT,2023-10-26 15:07:38,2018-11-27,2018-11-28,269.7,269.7,-,-,[],C,167.43,1061.43,250,1584.89
company,21X000000001360B,,Terminale GNL Adriatico S.r.l.,Adriatic LNG,21X000000001360B,,,21X000000001360B/IT,2023-10-26 15:07:39,2018-11-28,2018-11-29,269.4,269.4,-,-,[],C,124.16,787.11,250,1584.87
company,21X000000001360B,,Terminale GNL Adriatico S.r.l.,Adriatic LNG,21X000000001360B,,,21X000000001360B/IT,2023-10-26 15:07:41,2018-11-29,2018-11-30,268.9,268.9,-,-,[],C,158.95,1007.69,250,1584.92
company,21X000000001360B,,Terminale GNL Adriatico S.r.l.,Adriatic LNG,21X000000001360B,,,21X000000001360B/IT,2023-10-26 15:07:42,2018-11-30,2018-12-01,269.6,269.6,-,-,[],C,182.9,1159.54,250,1584.94
company,21X000000001360B,,Terminale GNL Adriatico S.r.l.,Adriatic LNG,21X000000001360B,,,21X000000001360B/IT,2023-10-26 15:07:44,2018-12-01,2018-12-02,166.4,228.5,-,-,[],C,156.58,992.69,250,1584.96
company,21X000000001360B,,Terminale GNL Adriatico S.r.l.,Adriatic LNG,21X000000001360B,,,21X000000001360B/IT,2023-10-26 15:07:45,2018-12-02,2018-12-03,166.5,228.5,-,-,[],C,129.72,100000,250,192722.79
company,21X000000001360B,,Terminale GNL Adriatico S.r.l.,Adriatic LNG,21X000000001360B,,,21X000000001360B/IT,2023-10-26 15:07:47,2018-12-03,2018-12-04,137.9,228.5,-,-,[],C,107.82,683.52,250,1584.86
company,21X000000001360B,,Terminale GNL Adriatico S.r.l.,Adriatic LNG,21X000000001360B,,,21X000000001360B/IT,2023-10-26 15:07:48,2018-12-04,2018-12-05,83.5,228.5,-,-,[],C,94.65,600.05,250,1584.92
company,21X000000001360B,,Terminale GNL Adriatico S.r.l.,Adriatic LNG,21X000000001360B,,,21X000000001360B/IT,2023-10-26 15:07:50,2018-12-05,2018-12-06,93.5,228.5,-,-,[],C,79.65,504.98,250,1585
company,21X000000001360B,,Terminale GNL Adriatico S.r.l.,Adriatic LNG,21X000000001360B,,,21X000000001360B/IT,2023-10-26 15:07:52,2018-12-06,2018-12-07,93.7,228.5,-,-,[],C,123.98,785.98,250,1584.89
company,21X000000001360B,,Terminale GNL Adriatico S.r.l.,Adriatic LNG,21X000000001360B,,,21X000000001360B/IT,2023-10-26 15:07:53,2018-12-07,2018-12-08,93.6,228.5,-,-,[],C,181.52,1150.78,250,1584.92
company,21X000000001360B,,Terminale GNL Adriatico S.r.l.,Adriatic LNG,21X000000001360B,,,21X000000001360B/IT,2023-10-26 15:07:55,2018-12-08,2018-12-09,166.8,228.5,-,-,[],C,154.53,979.67,250,1584.92
company,21X000000001360B,,Terminale GNL Adriatico S.r.l.,Adriatic LNG,21X000000001360B,,,21X000000001360B/IT,2023-10-26 15:07:57,2018-12-09,2018-12-10,167.1,228.5,-,-,[],C,127.6,808.95,250,1584.93
company,21X000000001360B,,Terminale GNL Adriatico S.r.l.,Adriatic LNG,21X000000001360B,,,21X000000001360B/IT,2023-10-26 15:07:58,2018-12-10,2018-12-11,270.8,270.8,-,-,[],C,163.05,1033.66,250,1584.88
company,21X000000001360B,,Terminale GNL Adriatico S.r.l.,Adriatic LNG,21X000000001360B,,,21X000000001360B/IT,2023-10-26 15:08:00,2018-12-11,2018-12-12,270.8,270.8,-,-,[],C,185.7,1177.28,250,1584.92
company,21X000000001360B,,Terminale GNL Adriatico S.r.l.,Adriatic LNG,21X000000001360B,,,21X000000001360B/IT,2023-10-26 15:08:02,2018-12-12,2018-12-13,270.7,270.7,-,-,[],C,142.57,903.84,250,1584.91
company,21X000000001360B,,Terminale GNL Adriatico S.r.l.,Adriatic LNG,21X000000001360B,,,21X000000001360B/IT,2023-10-26 15:08:04,2018-12-13,2018-12-14,270.8,270.8,-,-,[],C,99.3,629.51,250,1584.87
company,21X000000001360B,,Terminale GNL Adriatico S.r.l.,Adriatic LNG,21X000000001360B,,,21X000000001360B/IT,2023-10-26 15:08:05,2018-12-14,2018-12-15,270.9,270.9,-,-,[],C,56.01,355.1,250,1584.98
company,21X000000001360B,,Terminale GNL Adriatico S.r.l.,Adriatic LNG,21X000000001360B,,,21X000000001360B/IT,2023-10-26 15:08:07,2018-12-15,2018-12-16,184.4,228.5,-,-,[],C,106.65,676.14,250,1584.95
company,21X000000001360B,,Terminale GNL Adriatico S.r.l.,Adriatic LNG,21X000000001360B,,,21X000000001360B/IT,2023-10-26 15:08:08,2018-12-16,2018-12-17,145.9,228.5,-,-,[],C,143.07,907.02,250,1584.92
company,21X000000001360B,,Terminale GNL Adriatico S.r.l.,Adriatic LNG,21X000000001360B,,,21X000000001360B/IT,2023-10-26 15:08:10,2018-12-17,2018-12-18,270.7,270.7,-,-,[],C,99.3,629.53,250,1584.92
company,21X000000001360B,,Terminale GNL Adriatico S.r.l.,Adriatic LNG,21X000000001360B,,,21X000000001360B/IT,2023-10-26 15:08:11,2018-12-18,2018-12-19,269.9,269.9,-,-,[],C,111.55,707.17,250,1584.87
company,21X000000001360B,,Terminale GNL Adriatico S.r.l.,Adriatic LNG,21X000000001360B,,,21X000000001360B/IT,2023-10-26 15:08:12,2018-12-19,2018-12-20,269.8,269.8,-,-,[],C,152.79,968.62,250,1584.89
company,21X000000001360B,,Terminale GNL Adriatico S.r.l.,Adriatic LNG,21X000000001360B,,,21X000000001360B/IT,2023-10-26 15:08:14,2018-12-20,2018-12-21,270,270,-,-,[],C,109.71,695.52,250,1584.91
company,21X000000001360B,,Terminale GNL Adriatico S.r.l.,Adriatic LNG,21X000000001360B,,,21X000000001360B/IT,2023-10-26 15:08:15,2018-12-21,2018-12-22,271,271,-,-,[],C,151.82,962.49,250,1584.92
company,21X000000001360B,,Terminale GNL Adriatico S.r.l.,Adriatic LNG,21X000000001360B,,,21X000000001360B/IT,2023-10-26 15:08:16,2018-12-22,2018-12-23,205.1,228.5,-,-,[],C,179.09,1135.37,250,1584.92
company,21X000000001360B,,Terminale GNL Adriatico S.r.l.,Adriatic LNG,21X000000001360B,,,21X000000001360B/IT,2023-10-26 15:08:18,2018-12-23,2018-12-24,167.1,228.5,-,-,[],C,152.44,966.43,250,1584.94
company,21X000000001360B,,Terminale GNL Adriatico S.r.l.,Adriatic LNG,21X000000001360B,,,21X000000001360B/IT,2023-10-26 15:08:19,2018-12-24,2018-12-25,167.1,228.5,-,-,[],C,1.26,796.39,250,158013.89
company,21X000000001360B,,Terminale GNL Adriatico S.r.l.,Adriatic LNG,21X000000001360B,,,21X000000001360B/IT,2023-10-26 15:08:20,2018-12-25,2018-12-26,167.3,228.5,-,-,[],C,99.03,627.8,250,1584.87
company,21X000000001360B,,Terminale GNL Adriatico S.r.l.,Adriatic LNG,21X000000001360B,,,21X000000001360B/IT,2023-10-26 15:08:21,2018-12-26,2018-12-27,166.8,228.5,-,-,[],C,142.17,901.32,250,1584.93
company,21X000000001360B,,Terminale GNL Adriatico S.r.l.,Adriatic LNG,21X000000001360B,,,21X000000001360B/IT,2023-10-26 15:08:23,2018-12-27,2018-12-28,224,228.5,-,-,[],C,183.48,1163.23,250,1584.95
company,21X000000001360B,,Terminale GNL Adriatico S.r.l.,Adriatic LNG,21X000000001360B,,,21X000000001360B/IT,2023-10-26 15:08:24,2018-12-28,2018-12-29,224.7,228.5,-,-,[],C,147.41,934.55,250,1584.95
company,21X000000001360B,,Terminale GNL Adriatico S.r.l.,Adriatic LNG,21X000000001360B,,,21X000000001360B/IT,2023-10-26 15:08:26,2018-12-29,2018-12-30,156.4,228.5,-,-,[],C,122.6,777.26,250,1584.95
company,21X000000001360B,,Terminale GNL Adriatico S.r.l.,Adriatic LNG,21X000000001360B,,,21X000000001360B/IT,2023-10-26 15:08:27,2018-12-30,2018-12-31,135.5,228.5,-,-,[],C,187.63,1189.51,250,1584.91
company,21X000000001360B,,Terminale GNL Adriatico S.r.l.,Adriatic LNG,21X000000001360B,,,21X000000001360B/IT,2023-10-26 15:08:28,2018-12-31,2019-01-01,156.1,228.5,-,-,[],C,215.04,1363.26,250,1584.89
company,21X000000001360B,,Terminale GNL Adriatico S.r.l.,Adriatic LNG,21X000000001360B,,,21X000000001360B/IT,2023-10-26 15:08:30,2019-01-01,2019-01-02,228.2,228.5,-,-,[],C,178.64,1132.5,250,1584.89
company,21X000000001360B,,Terminale GNL Adriatico S.r.l.,Adriatic LNG,21X000000001360B,,,21X000000001360B/IT,2023-10-26 15:08:31,2019-01-02,2019-01-03,228.3,228.5,-,-,[],C,142.14,901.11,250,1584.9
company,21X000000001360B,,Terminale GNL Adriatico S.r.l.,Adriatic LNG,21X000000001360B,,,21X000000001360B/IT,2023-10-26 15:08:32,2019-01-03,2019-01-04,228.3,228.5,-,-,[],C,177.17,1123.22,250,1584.95
company,21X000000001360B,,Terminale GNL Adriatico S.r.l.,Adriatic LNG,21X000000001360B,,,21X000000001360B/IT,2023-10-26 15:08:33,2019-01-04,2019-01-05,226.5,228.5,-,-,[],C,221.55,1404.56,250,1584.92
company,21X000000001360B,,Terminale GNL Adriatico S.r.l.,Adriatic LNG,21X000000001360B,,,21X000000001360B/IT,2023-10-26 15:08:35,2019-01-05,2019-01-06,225.8,228.5,-,-,[],C,184.92,1172.33,250,1584.92
company,21X000000001360B,,Terminale GNL Adriatico S.r.l.,Adriatic LNG,21X000000001360B,,,21X000000001360B/IT,2023-10-26 15:08:36,2019-01-06,2019-01-07,226.8,228.5,-,-,[],C,148.12,939.04,250,1584.93
company,21X000000001360B,,Terminale GNL Adriatico S.r.l.,Adriatic LNG,21X000000001360B,,,21X000000001360B/IT,2023-10-26 15:08:37,2019-01-07,2019-01-08,227.8,228.5,-,-,[],C,168.38,1067.49,250,1584.94
company,21X000000001360B,,Terminale GNL Adriatico S.r.l.,Adriatic LNG,21X000000001360B,,,21X000000001360B/IT,2023-10-26 15:08:39,2019-01-08,2019-01-09,227.3,228.5,-,-,[],C,221.61,1404.93,250,1584.91
company,21X000000001360B,,Terminale GNL Adriatico S.r.l.,Adriatic LNG,21X000000001360B,,,21X000000001360B/IT,2023-10-26 15:08:40,2019-01-09,2019-01-10,218.3,228.5,-,-,[],C,186.34,1181.36,250,1584.95
company,21X000000001360B,,Terminale GNL Adriatico S.r.l.,Adriatic LNG,21X000000001360B,,,21X000000001360B/IT,2023-10-26 15:08:42,2019-01-10,2019-01-11,218.5,228.5,-,-,[],C,151.2,958.58,250,1584.95
company,21X000000001360B,,Terminale GNL Adriatico S.r.l.,Adriatic LNG,21X000000001360B,,,21X000000001360B/IT,2023-10-26 15:08:43,2019-01-11,2019-01-12,227.8,228.5,-,-,[],C,166.52,1055.7,250,1584.94
company,21X000000001360B,,Terminale GNL Adriatico S.r.l.,Adriatic LNG,21X000000001360B,,,21X000000001360B/IT,2023-10-26 15:08:45,2019-01-12,2019-01-13,217.8,228.5,-,-,[],C,219.53,1391.73,250,1584.9
company,21X000000001360B,,Terminale GNL Adriatico S.r.l.,Adriatic LNG,21X000000001360B,,,21X000000001360B/IT,2023-10-26 15:08:46,2019-01-13,2019-01-14,218.6,228.5,-,-,[],C,184.52,1169.83,250,1584.96
company,21X000000001360B,,Terminale GNL Adriatico S.r.l.,Adriatic LNG,21X000000001360B,,,21X000000001360B/IT,2023-10-26 15:08:47,2019-01-14,2019-01-15,218.6,228.5,-,-,[],C,149.34,946.8,250,1584.97
company,21X000000001360B,,Terminale GNL Adriatico S.r.l.,Adriatic LNG,21X000000001360B,,,21X000000001360B/IT,2023-10-26 15:08:49,2019-01-15,2019-01-16,218.6,228.5,-,-,[],C,169.51,1074.65,250,1584.94
company,21X000000001360B,,Terminale GNL Adriatico S.r.l.,Adriatic LNG,21X000000001360B,,,21X000000001360B/IT,2023-10-26 15:08:50,2019-01-16,2019-01-17,218.8,228.5,-,-,[],C,218.82,1387.27,250,1584.94
company,21X000000001360B,,Terminale GNL Adriatico S.r.l.,Adriatic LNG,21X000000001360B,,,21X000000001360B/IT,2023-10-26 15:08:51,2019-01-17,2019-01-18,218.9,228.5,-,-,[],C,183.92,1165.97,250,1584.89
company,21X000000001360B,,Terminale GNL Adriatico S.r.l.,Adriatic LNG,21X000000001360B,,,21X000000001360B/IT,2023-10-26 15:08:53,2019-01-18,2019-01-19,218.4,228.5,-,-,[],C,148.83,943.56,250,1584.96
company,21X000000001360B,,Terminale GNL Adriatico S.r.l.,Adriatic LNG,21X000000001360B,,,21X000000001360B/IT,2023-10-26 15:08:54,2019-01-19,2019-01-20,218.3,228.5,-,-,[],C,168.95,1071.11,250,1584.95
company,21X000000001360B,,Terminale GNL Adriatico S.r.l.,Adriatic LNG,21X000000001360B,,,21X000000001360B/IT,2023-10-26 15:08:55,2019-01-20,2019-01-21,218.2,228.5,-,-,[],C,224.46,1423.03,250,1584.95
company,21X000000001360B,,Terminale GNL Adriatico S.r.l.,Adriatic LNG,21X000000001360B,,,21X000000001360B/IT,2023-10-26 15:08:57,2019-01-21,2019-01-22,228,228.5,-,-,[],C,187.88,1191.09,250,1584.91
company,21X000000001360B,,Terminale GNL Adriatico S.r.l.,Adriatic LNG,21X000000001360B,,,21X000000001360B/IT,2023-10-26 15:08:59,2019-01-22,2019-01-23,218.8,228.5,-,-,[],C,152.73,968.27,250,1584.94
company,21X000000001360B,,Terminale GNL Adriatico S.r.l.,Adriatic LNG,21X000000001360B,,,21X000000001360B/IT,2023-10-26 15:09:01,2019-01-23,2019-01-24,218.7,228.5,-,-,[],C,117.6,745.57,250,1584.97
company,21X000000001360B,,Terminale GNL Adriatico S.r.l.,Adriatic LNG,21X000000001360B,,,21X000000001360B/IT,2023-10-26 15:09:02,2019-01-24,2019-01-25,209.9,228.5,-,-,[],C,83.94,532.14,250,1584.88
company,21X000000001360B,,Terminale GNL Adriatico S.r.l.,Adriatic LNG,21X000000001360B,,,21X000000001360B/IT,2023-10-26 15:09:04,2019-01-25,2019-01-26,104.3,228.5,-,-,[],C,67.69,429.16,250,1585.02
company,21X000000001360B,,Terminale GNL Adriatico S.r.l.,Adriatic LNG,21X000000001360B,,,21X000000001360B/IT,2023-10-26 15:09:05,2019-01-26,2019-01-27,166.5,228.5,-,-,[],C,180.66,1145.34,250,1584.94
company,21X000000001360B,,Terminale GNL Adriatico S.r.l.,Adriatic LNG,21X000000001360B,,,21X000000001360B/IT,2023-10-26 15:09:07,2019-01-27,2019-01-28,218.7,228.5,-,-,[],C,145.52,922.53,250,1584.89
company,21X000000001360B,,Terminale GNL Adriatico S.r.l.,Adriatic LNG,21X000000001360B,,,21X000000001360B/IT,2023-10-26 15:09:08,2019-01-28,2019-01-29,228.1,228.5,-,-,[],C,108.91,690.47,250,1584.96
company,21X000000001360B,,Terminale GNL Adriatico S.r.l.,Adriatic LNG,21X000000001360B,,,21X000000001360B/IT,2023-10-26 15:09:09,2019-01-29,2019-01-30,228,228.5,-,-,[],C,217.98,1381.94,250,1584.94
company,21X000000001360B,,Terminale GNL Adriatico S.r.l.,Adriatic LNG,21X000000001360B,,,21X000000001360B/IT,2023-10-26 15:09:10,2019-01-30,2019-01-31,228.1,228.5,-,-,[],C,181.43,1150.23,250,1584.95
company,21X000000001360B,,Terminale GNL Adriatico S.r.l.,Adriatic LNG,21X000000001360B,,,21X000000001360B/IT,2023-10-26 15:09:12,2019-01-31,2019-02-01,196.7,228.5,-,-,[],C,150.2,952.23,250,1584.94
company,21X000000001360B,,Terminale GNL Adriatico S.r.l.,Adriatic LNG,21X000000001360B,,,21X000000001360B/IT,2023-10-26 15:09:13,2019-02-01,2019-02-02,150.8,228.5,-,-,[],C,125.95,798.47,250,1584.89
company,21X000000001360B,,Terminale GNL Adriatico S.r.l.,Adriatic LNG,21X000000001360B,,,21X000000001360B/IT,2023-10-26 15:09:14,2019-02-02,2019-02-03,93.7,228.5,-,-,[],C,110.75,702.1,250,1584.88
company,21X000000001360B,,Terminale GNL Adriatico S.r.l.,Adriatic LNG,21X000000001360B,,,21X000000001360B/IT,2023-10-26 15:09:16,2019-02-03,2019-02-04,93.7,228.5,-,-,[],C,95.94,608.2,250,1584.84
company,21X000000001360B,,Terminale GNL Adriatico S.r.l.,Adriatic LNG,21X000000001360B,,,21X000000001360B/IT,2023-10-26 15:09:17,2019-02-04,2019-02-05,203.2,228.5,-,-,[],C,63.17,400.49,250,1584.97
company,21X000000001360B,,Terminale GNL Adriatico S.r.l.,Adriatic LNG,21X000000001360B,,,21X000000001360B/IT,2023-10-26 15:09:19,2019-02-05,2019-02-06,175.9,228.5,-,-,[],C,185.94,1178.8,250,1584.92
company,21X000000001360B,,Terminale GNL Adriatico S.r.l.,Adriatic LNG,21X000000001360B,,,21X000000001360B/IT,2023-10-26 15:09:21,2019-02-06,2019-02-07,219.3,228.5,-,-,[],C,150.01,951.04,250,1584.96
company,21X000000001360B,,Terminale GNL Adriatico S.r.l.,Adriatic LNG,21X000000001360B,,,21X000000001360B/IT,2023-10-26 15:09:22,2019-02-07,2019-02-08,218.1,228.5,-,-,[],C,166.81,1057.52,250,1584.92
company,21X000000001360B,,Terminale GNL Adriatico S.r.l.,Adriatic LNG,21X000000001360B,,,21X000000001360B/IT,2023-10-26 15:09:23,2019-02-08,2019-02-09,218.2,228.5,-,-,[],C,224.79,1425.11,250,1584.93
company,21X000000001360B,,Terminale GNL Adriatico S.r.l.,Adriatic LNG,21X000000001360B,,,21X000000001360B/IT,2023-10-26 15:09:25,2019-02-09,2019-02-10,218.6,228.5,-,-,[],C,189.5,1201.38,250,1584.93
company,21X000000001360B,,Terminale GNL Adriatico S.r.l.,Adriatic LNG,21X000000001360B,,,21X000000001360B/IT,2023-10-26 15:09:26,2019-02-10,2019-02-11,207.9,228.5,-,-,[],C,155.95,988.68,250,1584.93
company,21X000000001360B,,Terminale GNL Adriatico S.r.l.,Adriatic LNG,21X000000001360B,,,21X000000001360B/IT,2023-10-26 15:09:27,2019-02-11,2019-02-12,227.3,228.5,-,-,[],C,119.04,754.66,250,1584.89
company,21X000000001360B,,Terminale GNL Adriatico S.r.l.,Adriatic LNG,21X000000001360B,,,21X000000001360B/IT,2023-10-26 15:09:29,2019-02-12,2019-02-13,227.9,228.5,-,-,[],C,135.7,860.3,250,1584.93
company,21X000000001360B,,Terminale GNL Adriatico S.r.l.,Adriatic LNG,21X000000001360B,,,21X000000001360B/IT,2023-10-26 15:09:31,2019-02-13,2019-02-14,227.6,228.5,-,-,[],C,185.86,1178.27,250,1584.89
company,21X000000001360B,,Terminale GNL Adriatico S.r.l.,Adriatic LNG,21X000000001360B,,,21X000000001360B/IT,2023-10-26 15:09:32,2019-02-14,2019-02-15,227.2,228.5,-,-,[],C,149.41,947.22,250,1584.93
company,21X000000001360B,,Terminale GNL Adriatico S.r.l.,Adriatic LNG,21X000000001360B,,,21X000000001360B/IT,2023-10-26 15:09:34,2019-02-15,2019-02-16,227.2,228.5,-,-,[],C,113.03,716.6,250,1584.98
company,21X000000001360B,,Terminale GNL Adriatico S.r.l.,Adriatic LNG,21X000000001360B,,,21X000000001360B/IT,2023-10-26 15:09:35,2019-02-16,2019-02-17,197.7,228.5,-,-,[],C,226.65,1436.88,250,1584.91
company,21X000000001360B,,Terminale GNL Adriatico S.r.l.,Adriatic LNG,21X000000001360B,,,21X000000001360B/IT,2023-10-26 15:09:36,2019-02-17,2019-02-18,193.7,228.5,-,-,[],C,195.66,1240.4,250,1584.89
company,21X000000001360B,,Terminale GNL Adriatico S.r.l.,Adriatic LNG,21X000000001360B,,,21X000000001360B/IT,2023-10-26 15:09:38,2019-02-18,2019-02-19,228.1,228.5,-,-,[],C,158.86,1007.11,250,1584.9
company,21X000000001360B,,Terminale GNL Adriatico S.r.l.,Adriatic LNG,21X000000001360B,,,21X000000001360B/IT,2023-10-26 15:09:39,2019-02-19,2019-02-20,228.4,228.5,-,-,[],C,122.35,775.63,250,1584.86
company,21X000000001360B,,Terminale GNL Adriatico S.r.l.,Adriatic LNG,21X000000001360B,,,21X000000001360B/IT,2023-10-26 15:09:41,2019-02-20,2019-02-21,228.1,228.5,-,-,[],C,85.59,542.64,250,1585
company,21X000000001360B,,Terminale GNL Adriatico S.r.l.,Adriatic LNG,21X000000001360B,,,21X000000001360B/IT,2023-10-26 15:09:42,2019-02-21,2019-02-22,228.7,228.5,-,-,[],C,49.23,312.11,250,1584.96
company,21X000000001360B,,Terminale GNL Adriatico S.r.l.,Adriatic LNG,21X000000001360B,,,21X000000001360B/IT,2023-10-26 15:09:44,2019-02-22,2019-02-23,62.5,228.5,-,-,[],C,39.4,249.78,250,1584.9
company,21X000000001360B,,Terminale GNL Adriatico S.r.l.,Adriatic LNG,21X000000001360B,,,21X000000001360B/IT,2023-10-26 15:09:45,2019-02-23,2019-02-24,63.4,228.5,-,-,[],C,29.05,184.17,250,1584.94
company,21X000000001360B,,Terminale GNL Adriatico S.r.l.,Adriatic LNG,21X000000001360B,,,21X000000001360B/IT,2023-10-26 15:09:47,2019-02-24,2019-02-25,105,228.5,-,-,[],C,78.53,497.84,250,1584.87
company,21X000000001360B,,Terminale GNL Adriatico S.r.l.,Adriatic LNG,21X000000001360B,,,21X000000001360B/IT,2023-10-26 15:09:48,2019-02-25,2019-02-26,249.8,228.5,-,-,[],C,175.76,1114.26,250,1584.92
company,21X000000001360B,,Terminale GNL Adriatico S.r.l.,Adriatic LNG,21X000000001360B,,,21X000000001360B/IT,2023-10-26 15:09:50,2019-02-26,2019-02-27,270.9,228.5,-,-,[],C,211.23,1339.16,250,1584.95
company,21X000000001360B,,Terminale GNL Adriatico S.r.l.,Adriatic LNG,21X000000001360B,,,21X000000001360B/IT,2023-10-26 15:09:51,2019-02-27,2019-02-28,237.5,228.5,-,-,[],C,173.55,1100.24,250,1584.9
company,21X000000001360B,,Terminale GNL Adriatico S.r.l.,Adriatic LNG,21X000000001360B,,,21X000000001360B/IT,2023-10-26 15:09:52,2019-02-28,2019-03-01,227.9,228.5,-,-,[],C,137.08,869.06,250,1584.95
company,21X000000001360B,,Terminale GNL Adriatico S.r.l.,Adriatic LNG,21X000000001360B,,,21X000000001360B/IT,2023-10-26 15:09:54,2019-03-01,2019-03-02,227.8,228.5,-,-,[],C,240.46,1524.41,250,1584.89
company,21X000000001360B,,Terminale GNL Adriatico S.r.l.,Adriatic LNG,21X000000001360B,,,21X000000001360B/IT,2023-10-26 15:09:55,2019-03-02,2019-03-03,227.7,228.5,-,-,[],C,203.92,1292.81,250,1584.95
company,21X000000001360B,,Terminale GNL Adriatico S.r.l.,Adriatic LNG,21X000000001360B,,,21X000000001360B/IT,2023-10-26 15:09:56,2019-03-03,2019-03-04,227.8,228.5,-,-,[],C,167.61,1062.6,250,1584.93
company,21X000000001360B,,Terminale GNL Adriatico S.r.l.,Adriatic LNG,21X000000001360B,,,21X000000001360B/IT,2023-10-26 15:09:58,2019-03-04,2019-03-05,228.1,228.5,-,-,[],C,130.79,829.18,250,1584.95
company,21X000000001360B,,Terminale GNL Adriatico S.r.l.,Adriatic LNG,21X000000001360B,,,21X000000001360B/IT,2023-10-26 15:09:59,2019-03-05,2019-03-06,249.6,228.5,-,-,[],C,193.18,1224.68,250,1584.89
company,21X000000001360B,,Terminale GNL Adriatico S.r.l.,Adriatic LNG,21X000000001360B,,,21X000000001360B/IT,2023-10-26 15:10:01,2019-03-06,2019-03-07,265.5,228.5,-,-,[],C,200.78,1272.88,250,1584.92
company,21X000000001360B,,Terminale GNL Adriatico S.r.l.,Adriatic LNG,21X000000001360B,,,21X000000001360B/IT,2023-10-26 15:10:02,2019-03-07,2019-03-08,265.4,228.5,-,-,[],C,157.92,1001.19,250,1584.96
company,21X000000001360B,,Terminale GNL Adriatico S.r.l.,Adriatic LNG,21X000000001360B,,,21X000000001360B/IT,2023-10-26 15:10:04,2019-03-08,2019-03-09,266.3,228.5,-,-,[],C,121.05,767.4,250,1584.88
company,21X000000001360B,,Terminale GNL Adriatico S.r.l.,Adriatic LNG,21X000000001360B,,,21X000000001360B/IT,2023-10-26 15:10:06,2019-03-09,2019-03-10,237.3,228.5,-,-,[],C,213.79,1355.34,250,1584.9
company,21X000000001360B,,Terminale GNL Adriatico S.r.l.,Adriatic LNG,21X000000001360B,,,21X000000001360B/IT,2023-10-26 15:10:08,2019-03-10,2019-03-11,237.5,228.5,-,-,[],C,175.63,1113.43,250,1584.91
company,21X000000001360B,,Terminale GNL Adriatico S.r.l.,Adriatic LNG,21X000000001360B,,,21X000000001360B/IT,2023-10-26 15:10:10,2019-03-11,2019-03-12,270.8,228.5,-,-,[],C,132.08,837.38,250,1584.99
company,21X000000001360B,,Terminale GNL Adriatico S.r.l.,Adriatic LNG,21X000000001360B,,,21X000000001360B/IT,2023-10-26 15:10:12,2019-03-12,2019-03-13,269.7,228.5,-,-,[],C,169.03,1071.59,250,1584.91
company,21X000000001360B,,Terminale GNL Adriatico S.r.l.,Adriatic LNG,21X000000001360B,,,21X000000001360B/IT,2023-10-26 15:10:14,2019-03-13,2019-03-14,270.5,228.5,-,-,[],C,192.88,1222.79,250,1584.91
company,21X000000001360B,,Terminale GNL Adriatico S.r.l.,Adriatic LNG,21X000000001360B,,,21X000000001360B/IT,2023-10-26 15:10:16,2019-03-14,2019-03-15,270.5,228.5,-,-,[],C,149.56,948.14,250,1584.88
company,21X000000001360B,,Terminale GNL Adriatico S.r.l.,Adriatic LNG,21X000000001360B,,,21X000000001360B/IT,2023-10-26 15:10:18,2019-03-15,2019-03-16,270.5,228.5,-,-,[],C,106.18,673.12,250,1584.86
company,21X000000001360B,,Terminale GNL Adriatico S.r.l.,Adriatic LNG,21X000000001360B,,,21X000000001360B/IT,2023-10-26 15:10:19,2019-03-16,2019-03-17,227.6,228.5,-,-,[],C,166.31,1054.37,250,1584.95
company,21X000000001360B,,Terminale GNL Adriatico S.r.l.,Adriatic LNG,21X000000001360B,,,21X000000001360B/IT,2023-10-26 15:10:21,2019-03-17,2019-03-18,227.9,228.5,-,-,[],C,180.22,1142.55,250,1584.94
company,21X000000001360B,,Terminale GNL Adriatico S.r.l.,Adriatic LNG,21X000000001360B,,,21X000000001360B/IT,2023-10-26 15:10:22,2019-03-18,2019-03-19,227.8,228.5,-,-,[],C,143.82,911.76,250,1584.9
company,21X000000001360B,,Terminale GNL Adriatico S.r.l.,Adriatic LNG,21X000000001360B,,,21X000000001360B/IT,2023-10-26 15:10:24,2019-03-19,2019-03-20,228,228.5,-,-,[],C,107.13,679.19,250,1584.97
company,21X000000001360B,,Terminale GNL Adriatico S.r.l.,Adriatic LNG,21X000000001360B,,,21X000000001360B/IT,2023-10-26 15:10:25,2019-03-20,2019-03-21,228,228.5,-,-,[],C,70.77,448.63,250,1584.82
company,21X000000001360B,,Terminale GNL Adriatico S.r.l.,Adriatic LNG,21X000000001360B,,,21X000000001360B/IT,2023-10-26 15:10:27,2019-03-21,2019-03-22,227.6,228.5,-,-,[],C,175.38,1111.89,250,1584.97
company,21X000000001360B,,Terminale GNL Adriatico S.r.l.,Adriatic LNG,21X000000001360B,,,21X000000001360B/IT,2023-10-26 15:10:29,2019-03-22,2019-03-23,227.7,228.5,-,-,[],C,139.06,881.63,250,1584.98
company,21X000000001360B,,Terminale GNL Adriatico S.r.l.,Adriatic LNG,21X000000001360B,,,21X000000001360B/IT,2023-10-26 15:10:31,2019-03-23,2019-03-24,227.9,228.5,-,-,[],C,102.71,651.14,250,1584.9
company,21X000000001360B,,Terminale GNL Adriatico S.r.l.,Adriatic LNG,21X000000001360B,,,21X000000001360B/IT,2023-10-26 15:10:32,2019-03-24,2019-03-25,227.8,228.5,-,-,[],C,165.17,1047.13,250,1584.93
company,21X000000001360B,,Terminale GNL Adriatico S.r.l.,Adriatic LNG,21X000000001360B,,,21X000000001360B/IT,2023-10-26 15:10:34,2019-03-25,2019-03-26,228,228.5,-,-,[],C,176.49,1118.9,250,1584.93
company,21X000000001360B,,Terminale GNL Adriatico S.r.l.,Adriatic LNG,21X000000001360B,,,21X000000001360B/IT,2023-10-26 15:10:36,2019-03-26,2019-03-27,228.1,228.5,-,-,[],C,140.11,888.27,250,1584.95
company,21X000000001360B,,Terminale GNL Adriatico S.r.l.,Adriatic LNG,21X000000001360B,,,21X000000001360B/IT,2023-10-26 15:10:37,2019-03-27,2019-03-28,228.1,228.5,-,-,[],C,103.66,657.17,250,1584.92
company,21X000000001360B,,Terminale GNL Adriatico S.r.l.,Adriatic LNG,21X000000001360B,,,21X000000001360B/IT,2023-10-26 15:10:39,2019-03-28,2019-03-29,228.2,228.5,-,-,[],C,67.19,425.97,250,1584.95
company,21X000000001360B,,Terminale GNL Adriatico S.r.l.,Adriatic LNG,21X000000001360B,,,21X000000001360B/IT,2023-10-26 15:10:40,2019-03-29,2019-03-30,228,228.5,-,-,[],C,121.62,771.03,250,1584.92
company,21X000000001360B,,Terminale GNL Adriatico S.r.l.,Adriatic LNG,21X000000001360B,,,21X000000001360B/IT,2023-10-26 15:10:42,2019-03-30,2019-03-31,135.1,228.5,-,-,[],C,150.45,953.81,250,1584.93
company,21X000000001360B,,Terminale GNL Adriatico S.r.l.,Adriatic LNG,21X000000001360B,,,21X000000001360B/IT,2023-10-26 15:10:43,2019-03-31,2019-04-01,135.2,228.5,-,-,[],C,129.06,818.23,250,1584.98
company,21X000000001360B,,Terminale GNL Adriatico S.r.l.,Adriatic LNG,21X000000001360B,,,21X000000001360B/IT,2023-10-26 15:10:44,2019-04-01,2019-04-02,187.2,228.5,-,-,[],C,98.92,627.14,250,1584.97
company,21X000000001360B,,Terminale GNL Adriatico S.r.l.,Adriatic LNG,21X000000001360B,,,21X000000001360B/IT,2023-10-26 15:10:46,2019-04-02,2019-04-03,135.1,228.5,-,-,[],C,209.92,1330.82,250,1584.91
company,21X000000001360B,,Terminale GNL Adriatico S.r.l.,Adriatic LNG,21X000000001360B,,,21X000000001360B/IT,2023-10-26 15:10:47,2019-04-03,2019-04-04,183.1,228.5,-,-,[],C,213.98,1356.58,250,1584.94
company,21X000000001360B,,Terminale GNL Adriatico S.r.l.,Adriatic LNG,21X000000001360B,,,21X000000001360B/IT,2023-10-26 15:10:49,2019-04-04,2019-04-05,183.3,228.5,-,-,[],C,184.2,1167.78,250,1584.93
company,21X000000001360B,,Terminale GNL Adriatico S.r.l.,Adriatic LNG,21X000000001360B,,,21X000000001360B/IT,2023-10-26 15:10:50,2019-04-05,2019-04-06,131.2,228.5,-,-,[],C,162.94,1032.99,250,1584.92
company,21X000000001360B,,Terminale GNL Adriatico S.r.l.,Adriatic LNG,21X000000001360B,,,21X000000001360B/IT,2023-10-26 15:10:52,2019-04-06,2019-04-07,182.7,228.5,-,-,[],C,133.29,845.04,250,1584.97
company,21X000000001360B,,Terminale GNL Adriatico S.r.l.,Adriatic LNG,21X000000001360B,,,21X000000001360B/IT,2023-10-26 15:10:54,2019-04-07,2019-04-08,183,228.5,-,-,[],C,103.46,655.92,250,1584.96
company,21X000000001360B,,Terminale GNL Adriatico S.r.l.,Adriatic LNG,21X000000001360B,,,21X000000001360B/IT,2023-10-26 15:10:55,2019-04-08,2019-04-09,131.1,228.5,-,-,[],C,82.24,521.35,250,1584.84
company,21X000000001360B,,Terminale GNL Adriatico S.r.l.,Adriatic LNG,21X000000001360B,,,21X000000001360B/IT,2023-10-26 15:10:56,2019-04-09,2019-04-10,183.4,228.5,-,-,[],C,135.86,861.3,250,1584.9
company,21X000000001360B,,Terminale GNL Adriatico S.r.l.,Adriatic LNG,21X000000001360B,,,21X000000001360B/IT,2023-10-26 15:10:58,2019-04-10,2019-04-11,185.4,228.5,-,-,[],C,168.63,106.91,250,158.5
company,21X000000001360B,,Terminale GNL Adriatico S.r.l.,Adriatic LNG,21X000000001360B,,,21X000000001360B/IT,2023-10-26 15:11:00,2019-04-11,2019-04-12,140.5,228.5,-,-,[],C,147.27,933.63,250,1584.9
company,21X000000001360B,,Terminale GNL Adriatico S.r.l.,Adriatic LNG,21X000000001360B,,,21X000000001360B/IT,2023-10-26 15:11:01,2019-04-12,2019-04-13,195.2,228.5,-,-,[],C,117.33,743.82,250,1584.89
company,21X000000001360B,,Terminale GNL Adriatico S.r.l.,Adriatic LNG,21X000000001360B,,,21X000000001360B/IT,2023-10-26 15:11:03,2019-04-13,2019-04-14,195.5,228.5,-,-,[],C,185.38,1175.25,250,1584.92
company,21X000000001360B,,Terminale GNL Adriatico S.r.l.,Adriatic LNG,21X000000001360B,,,21X000000001360B/IT,2023-10-26 15:11:04,2019-04-14,2019-04-15,142.6,228.5,-,-,[],C,207.54,1315.74,250,1584.92
company,21X000000001360B,,Terminale GNL Adriatico S.r.l.,Adriatic LNG,21X000000001360B,,,21X000000001360B/IT,2023-10-26 15:11:06,2019-04-15,2019-04-16,240,228.5,-,-,[],C,170.58,1081.45,250,1584.96
company,21X000000001360B,,Terminale GNL Adriatico S.r.l.,Adriatic LNG,21X000000001360B,,,21X000000001360B/IT,2023-10-26 15:11:07,2019-04-16,2019-04-17,240.2,228.5,-,-,[],C,134.09,850.12,250,1584.98
company,21X000000001360B,,Terminale GNL Adriatico S.r.l.,Adriatic LNG,21X000000001360B,,,21X000000001360B/IT,2023-10-26 15:11:08,2019-04-17,2019-04-18,240.2,228.5,-,-,[],C,158.87,1007.21,250,1584.96
company,21X000000001360B,,Terminale GNL Adriatico S.r.l.,Adriatic LNG,21X000000001360B,,,21X000000001360B/IT,2023-10-26 15:11:10,2019-04-18,2019-04-19,282.2,228.5,-,-,[],C,195.73,1240.86,250,1584.91
company,21X000000001360B,,Terminale GNL Adriatico S.r.l.,Adriatic LNG,21X000000001360B,,,21X000000001360B/IT,2023-10-26 15:11:11,2019-04-19,2019-04-20,282.1,228.5,-,-,[],C,152.92,969.45,250,1584.9
company,21X000000001360B,,Terminale GNL Adriatico S.r.l.,Adriatic LNG,21X000000001360B,,,21X000000001360B/IT,2023-10-26 15:11:13,2019-04-20,2019-04-21,240.5,228.5,-,-,[],C,116.53,738.77,250,1584.94
company,21X000000001360B,,Terminale GNL Adriatico S.r.l.,Adriatic LNG,21X000000001360B,,,21X000000001360B/IT,2023-10-26 15:11:14,2019-04-21,2019-04-22,240.3,228.5,-,-,[],C,227.33,1441.22,250,1584.94
company,21X000000001360B,,Terminale GNL Adriatico S.r.l.,Adriatic LNG,21X000000001360B,,,21X000000001360B/IT,2023-10-26 15:11:16,2019-04-22,2019-04-23,240.5,228.5,-,-,[],C,190.7,1209.01,250,1584.96
company,21X000000001360B,,Terminale GNL Adriatico S.r.l.,Adriatic LNG,21X000000001360B,,,21X000000001360B/IT,2023-10-26 15:11:17,2019-04-23,2019-04-24,240.3,228.5,-,-,[],C,154.08,976.85,250,1584.97
company,21X000000001360B,,Terminale GNL Adriatico S.r.l.,Adriatic LNG,21X000000001360B,,,21X000000001360B/IT,2023-10-26 15:11:19,2019-04-24,2019-04-25,240.5,228.5,-,-,[],C,117.73,746.38,250,1584.94
company,21X000000001360B,,Terminale GNL Adriatico S.r.l.,Adriatic LNG,21X000000001360B,,,21X000000001360B/IT,2023-10-26 15:11:20,2019-04-25,2019-04-26,240.2,228.5,-,-,[],C,222.44,1410.2,250,1584.92
company,21X000000001360B,,Terminale GNL Adriatico S.r.l.,Adriatic LNG,21X000000001360B,,,21X000000001360B/IT,2023-10-26 15:11:22,2019-04-26,2019-04-27,240.2,228.5,-,-,[],C,185.81,1178.01,250,1584.97
company,21X000000001360B,,Terminale GNL Adriatico S.r.l.,Adriatic LNG,21X000000001360B,,,21X000000001360B/IT,2023-10-26 15:11:23,2019-04-27,2019-04-28,240.8,228.5,-,-,[],C,149.15,945.59,250,1584.96
company,21X000000001360B,,Terminale GNL Adriatico S.r.l.,Adriatic LNG,21X000000001360B,,,21X000000001360B/IT,2023-10-26 15:11:25,2019-04-28,2019-04-29,240.2,228.5,-,-,[],C,112.81,715.18,250,1584.92
company,21X000000001360B,,Terminale GNL Adriatico S.r.l.,Adriatic LNG,21X000000001360B,,,21X000000001360B/IT,2023-10-26 15:11:26,2019-04-29,2019-04-30,240.7,228.5,-,-,[],C,173.38,1099.19,250,1584.94
company,21X000000001360B,,Terminale GNL Adriatico S.r.l.,Adriatic LNG,21X000000001360B,,,21X000000001360B/IT,2023-10-26 15:11:27,2019-04-30,2019-05-01,240,228.5,-,-,[],C,186.27,1180.93,250,1584.97
company,21X000000001360B,,Terminale GNL Adriatico S.r.l.,Adriatic LNG,21X000000001360B,,,21X000000001360B/IT,2023-10-26 15:11:28,2019-05-01,2019-05-02,153.7,228.5,-,-,[],C,163.14,1034.26,250,1584.93
company,21X000000001360B,,Terminale GNL Adriatico S.r.l.,Adriatic LNG,21X000000001360B,,,21X000000001360B/IT,2023-10-26 15:11:30,2019-05-02,2019-05-03,175.8,228.5,-,-,[],C,136.53,865.54,250,1584.89
company,21X000000001360B,,Terminale GNL Adriatico S.r.l.,Adriatic LNG,21X000000001360B,,,21X000000001360B/IT,2023-10-26 15:11:31,2019-05-03,2019-05-04,175.8,228.5,-,-,[],C,109.89,696.66,250,1584.9
company,21X000000001360B,,Terminale GNL Adriatico S.r.l.,Adriatic LNG,21X000000001360B,,,21X000000001360B/IT,2023-10-26 15:11:32,2019-05-04,2019-05-05,164.8,228.5,-,-,[],C,84.82,537.75,250,1584.97
company,21X000000001360B,,Terminale GNL Adriatico S.r.l.,Adriatic LNG,21X000000001360B,,,21X000000001360B/IT,2023-10-26 15:11:34,2019-05-05,2019-05-06,153.7,228.5,-,-,[],C,61.5,389.86,250,1584.8
company,21X000000001360B,,Terminale GNL Adriatico S.r.l.,Adriatic LNG,21X000000001360B,,,21X000000001360B/IT,2023-10-26 15:11:35,2019-05-06,2019-05-07,165.8,228.5,-,-,[],C,35.81,227.02,250,1584.89
company,21X000000001360B,,Terminale GNL Adriatico S.r.l.,Adriatic LNG,21X000000001360B,,,21X000000001360B/IT,2023-10-26 15:11:37,2019-05-07,2019-05-08,172.6,228.5,-,-,[],C,71.9,455.82,250,1584.91
company,21X000000001360B,,Terminale GNL Adriatico S.r.l.,Adriatic LNG,21X000000001360B,,,21X000000001360B/IT,2023-10-26 15:11:38,2019-05-08,2019-05-09,236.3,228.5,-,-,[],C,139.51,884.43,250,1584.89
company,21X000000001360B,,Terminale GNL Adriatico S.r.l.,Adriatic LNG,21X000000001360B,,,21X000000001360B/IT,2023-10-26 15:11:40,2019-05-09,2019-05-10,235.9,228.5,-,-,[],C,102.91,652.4,250,1584.88
company,21X000000001360B,,Terminale GNL Adriatico S.r.l.,Adriatic LNG,21X000000001360B,,,21X000000001360B/IT,2023-10-26 15:11:41,2019-05-10,2019-05-11,224.6,228.5,-,-,[],C,73.78,467.74,250,1584.91
company,21X000000001360B,,Terminale GNL Adriatico S.r.l.,Adriatic LNG,21X000000001360B,,,21X000000001360B/IT,2023-10-26 15:11:43,2019-05-11,2019-05-12,237.7,228.5,-,-,[],C,173.47,1099.75,250,1584.93
company,21X000000001360B,,Terminale GNL Adriatico S.r.l.,Adriatic LNG,21X000000001360B,,,21X000000001360B/IT,2023-10-26 15:11:45,2019-05-12,2019-05-13,238.5,228.5,-,-,[],C,137.1,869.16,250,1584.9
company,21X000000001360B,,Terminale GNL Adriatico S.r.l.,Adriatic LNG,21X000000001360B,,,21X000000001360B/IT,2023-10-26 15:11:46,2019-05-13,2019-05-14,238.5,228.5,-,-,[],C,100.74,638.66,250,1584.92
company,21X000000001360B,,Terminale GNL Adriatico S.r.l.,Adriatic LNG,21X000000001360B,,,21X000000001360B/IT,2023-10-26 15:11:48,2019-05-14,2019-05-15,239.2,228.5,-,-,[],C,64.19,406.96,250,1584.98
company,21X000000001360B,,Terminale GNL Adriatico S.r.l.,Adriatic LNG,21X000000001360B,,,21X000000001360B/IT,2023-10-26 15:11:49,2019-05-15,2019-05-16,239.3,228.5,-,-,[],C,134.42,852.19,250,1584.94
company,21X000000001360B,,Terminale GNL Adriatico S.r.l.,Adriatic LNG,21X000000001360B,,,21X000000001360B/IT,2023-10-26 15:11:51,2019-05-16,2019-05-17,240.3,228.5,-,-,[],C,132.57,840.44,250,1584.9
company,21X000000001360B,,Terminale GNL Adriatico S.r.l.,Adriatic LNG,21X000000001360B,,,21X000000001360B/IT,2023-10-26 15:11:52,2019-05-17,2019-05-18,240.4,228.5,-,-,[],C,95.95,608.3,250,1584.94
company,21X000000001360B,,Terminale GNL Adriatico S.r.l.,Adriatic LNG,21X000000001360B,,,21X000000001360B/IT,2023-10-26 15:11:53,2019-05-18,2019-05-19,240.2,228.5,-,-,[],C,59.39,376.54,250,1585.03
company,21X000000001360B,,Terminale GNL Adriatico S.r.l.,Adriatic LNG,21X000000001360B,,,21X000000001360B/IT,2023-10-26 15:11:55,2019-05-19,2019-05-20,240.3,228.5,-,-,[],C,137.33,870.62,250,1584.9
company,21X000000001360B,,Terminale GNL Adriatico S.r.l.,Adriatic LNG,21X000000001360B,,,21X000000001360B/IT,2023-10-26 15:11:57,2019-05-20,2019-05-21,240.7,228.5,-,-,[],C,133.23,844.64,250,1584.93
company,21X000000001360B,,Terminale GNL Adriatico S.r.l.,Adriatic LNG,21X000000001360B,,,21X000000001360B/IT,2023-10-26 15:11:58,2019-05-21,2019-05-22,240.3,228.5,-,-,[],C,96.69,612.96,250,1584.86
company,21X000000001360B,,Terminale GNL Adriatico S.r.l.,Adriatic LNG,21X000000001360B,,,21X000000001360B/IT,2023-10-26 15:12:00,2019-05-22,2019-05-23,240.5,228.5,-,-,[],C,60.2,381.65,250,1584.93
company,21X000000001360B,,Terminale GNL Adriatico S.r.l.,Adriatic LNG,21X000000001360B,,,21X000000001360B/IT,2023-10-26 15:12:01,2019-05-23,2019-05-24,240.5,228.5,-,-,[],C,55.21,349.98,250,1584.77
company,21X000000001360B,,Terminale GNL Adriatico S.r.l.,Adriatic LNG,21X000000001360B,,,21X000000001360B/IT,2023-10-26 15:12:03,2019-05-24,2019-05-25,240.5,228.5,-,-,[],C,134.17,850.61,250,1584.95
company,21X000000001360B,,Terminale GNL Adriatico S.r.l.,Adriatic LNG,21X000000001360B,,,21X000000001360B/IT,2023-10-26 15:12:05,2019-05-25,2019-05-26,230.6,228.5,-,-,[],C,179.91,1140.6,250,1584.96
company,21X000000001360B,,Terminale GNL Adriatico S.r.l.,Adriatic LNG,21X000000001360B,,,21X000000001360B/IT,2023-10-26 15:12:07,2019-05-26,2019-05-27,230.6,228.5,-,-,[],C,210.72,1335.89,250,1584.91
company,21X000000001360B,,Terminale GNL Adriatico S.r.l.,Adriatic LNG,21X000000001360B,,,21X000000001360B/IT,2023-10-26 15:12:09,2019-05-27,2019-05-28,230.7,228.5,-,-,[],C,175.54,1112.9,250,1584.97
company,21X000000001360B,,Terminale GNL Adriatico S.r.l.,Adriatic LNG,21X000000001360B,,,21X000000001360B/IT,2023-10-26 15:12:10,2019-05-28,2019-05-29,230.6,228.5,-,-,[],C,140.52,890.84,250,1584.9
company,21X000000001360B,,Terminale GNL Adriatico S.r.l.,Adriatic LNG,21X000000001360B,,,21X000000001360B/IT,2023-10-26 15:12:12,2019-05-29,2019-05-30,240.5,228.5,-,-,[],C,103.98,659.21,250,1584.94
company,21X000000001360B,,Terminale GNL Adriatico S.r.l.,Adriatic LNG,21X000000001360B,,,21X000000001360B/IT,2023-10-26 15:12:13,2019-05-30,2019-05-31,240.7,228.5,-,-,[],C,67.46,427.71,250,1585.05
company,21X000000001360B,,Terminale GNL Adriatico S.r.l.,Adriatic LNG,21X000000001360B,,,21X000000001360B/IT,2023-10-26 15:12:15,2019-05-31,2019-06-01,240.7,228.5,-,-,[],C,95.13,603.07,250,1584.86
company,21X000000001360B,,Terminale GNL Adriatico S.r.l.,Adriatic LNG,21X000000001360B,,,21X000000001360B/IT,2023-10-26 15:12:16,2019-06-01,2019-06-02,240.4,228.5,-,-,[],C,128.5,814.68,250,1584.98
company,21X000000001360B,,Terminale GNL Adriatico S.r.l.,Adriatic LNG,21X000000001360B,,,21X000000001360B/IT,2023-10-26 15:12:18,2019-06-02,2019-06-03,230.8,228.5,-,-,[],C,93.4,592.15,250,1584.98
company,21X000000001360B,,Terminale GNL Adriatico S.r.l.,Adriatic LNG,21X000000001360B,,,21X000000001360B/IT,2023-10-26 15:12:19,2019-06-03,2019-06-04,230.6,228.5,-,-,[],C,58.46,370.65,250,1585.06
company,21X000000001360B,,Terminale GNL Adriatico S.r.l.,Adriatic LNG,21X000000001360B,,,21X000000001360B/IT,2023-10-26 15:12:20,2019-06-04,2019-06-05,230.3,228.5,-,-,[],C,114.51,725.97,250,1584.95
company,21X000000001360B,,Terminale GNL Adriatico S.r.l.,Adriatic LNG,21X000000001360B,,,21X000000001360B/IT,2023-10-26 15:12:22,2019-06-05,2019-06-06,227.3,228.5,-,-,[],C,149.13,945.44,250,1584.93
company,21X000000001360B,,Terminale GNL Adriatico S.r.l.,Adriatic LNG,21X000000001360B,,,21X000000001360B/IT,2023-10-26 15:12:24,2019-06-06,2019-06-07,227.1,228.5,-,-,[],C,114.05,723.02,250,1584.88
company,21X000000001360B,,Terminale GNL Adriatico S.r.l.,Adriatic LNG,21X000000001360B,,,21X000000001360B/IT,2023-10-26 15:12:26,2019-06-07,2019-06-08,226.5,228.5,-,-,[],C,79.08,501.33,250,1584.88
company,21X000000001360B,,Terminale GNL Adriatico S.r.l.,Adriatic LNG,21X000000001360B,,,21X000000001360B/IT,2023-10-26 15:12:28,2019-06-08,2019-06-09,226.1,228.5,-,-,[],C,107.15,679.32,250,1584.97
company,21X000000001360B,,Terminale GNL Adriatico S.r.l.,Adriatic LNG,21X000000001360B,,,21X000000001360B/IT,2023-10-26 15:12:29,2019-06-09,2019-06-10,229.9,228.5,-,-,[],C,149.12,945.39,250,1584.95
company,21X000000001360B,,Terminale GNL Adriatico S.r.l.,Adriatic LNG,21X000000001360B,,,21X000000001360B/IT,2023-10-26 15:12:31,2019-06-10,2019-06-11,229.1,228.5,-,-,[],C,114.35,724.94,250,1584.91
company,21X000000001360B,,Terminale GNL Adriatico S.r.l.,Adriatic LNG,21X000000001360B,,,21X000000001360B/IT,2023-10-26 15:12:32,2019-06-11,2019-06-12,237.7,228.5,-,-,[],C,78.35,496.7,250,1584.88
company,21X000000001360B,,Terminale GNL Adriatico S.r.l.,Adriatic LNG,21X000000001360B,,,21X000000001360B/IT,2023-10-26 15:12:34,2019-06-12,2019-06-13,238.4,228.5,-,-,[],C,107.01,678.4,250,1584.9
company,21X000000001360B,,Terminale GNL Adriatico S.r.l.,Adriatic LNG,21X000000001360B,,,21X000000001360B/IT,2023-10-26 15:12:35,2019-06-13,2019-06-14,239.8,228.5,-,-,[],C,146.26,927.25,250,1584.93
company,21X000000001360B,,Terminale GNL Adriatico S.r.l.,Adriatic LNG,21X000000001360B,,,21X000000001360B/IT,2023-10-26 15:12:36,2019-06-14,2019-06-15,240,228.5,-,-,[],C,109.77,695.91,250,1584.93
company,21X000000001360B,,Terminale GNL Adriatico S.r.l.,Adriatic LNG,21X000000001360B,,,21X000000001360B/IT,2023-10-26 15:12:38,2019-06-15,2019-06-16,154.5,228.5,-,-,[],C,86.23,546.69,250,1584.98
company,21X000000001360B,,Terminale GNL Adriatico S.r.l.,Adriatic LNG,21X000000001360B,,,21X000000001360B/IT,2023-10-26 15:12:39,2019-06-16,2019-06-17,240.2,228.5,-,-,[],C,102.42,649.33,250,1584.97
company,21X000000001360B,,Terminale GNL Adriatico S.r.l.,Adriatic LNG,21X000000001360B,,,21X000000001360B/IT,2023-10-26 15:12:41,2019-06-17,2019-06-18,285.5,228.5,-,-,[],C,147.1,932.55,250,1584.89
company,21X000000001360B,,Terminale GNL Adriatico S.r.l.,Adriatic LNG,21X000000001360B,,,21X000000001360B/IT,2023-10-26 15:12:42,2019-06-18,2019-06-19,285.6,228.5,-,-,[],C,103.88,658.56,250,1584.91
company,21X000000001360B,,Terminale GNL Adriatico S.r.l.,Adriatic LNG,21X000000001360B,,,21X000000001360B/IT,2023-10-26 15:12:44,2019-06-19,2019-06-20,285.5,228.5,-,-,[],C,103.46,655.9,250,1584.91
company,21X000000001360B,,Terminale GNL Adriatico S.r.l.,Adriatic LNG,21X000000001360B,,,21X000000001360B/IT,2023-10-26 15:12:46,2019-06-20,2019-06-21,241.5,228.5,-,-,[],C,171.03,1084.3,250,1584.96
company,21X000000001360B,,Terminale GNL Adriatico S.r.l.,Adriatic LNG,21X000000001360B,,,21X000000001360B/IT,2023-10-26 15:12:47,2019-06-21,2019-06-22,285.6,228.5,-,-,[],C,127.53,808.47,250,1584.86
company,21X000000001360B,,Terminale GNL Adriatico S.r.l.,Adriatic LNG,21X000000001360B,,,21X000000001360B/IT,2023-10-26 15:12:49,2019-06-22,2019-06-23,164.7,228.5,-,-,[],C,102.95,652.66,250,1584.9
company,21X000000001360B,,Terminale GNL Adriatico S.r.l.,Adriatic LNG,21X000000001360B,,,21X000000001360B/IT,2023-10-26 15:12:50,2019-06-23,2019-06-24,164.8,228.5,-,-,[],C,77.82,493.38,250,1585
company,21X000000001360B,,Terminale GNL Adriatico S.r.l.,Adriatic LNG,21X000000001360B,,,21X000000001360B/IT,2023-10-26 15:12:52,2019-06-24,2019-06-25,159.2,228.5,-,-,[],C,53.7,340.47,250,1585.06
company,21X000000001360B,,Terminale GNL Adriatico S.r.l.,Adriatic LNG,21X000000001360B,,,21X000000001360B/IT,2023-10-26 15:12:54,2019-06-25,2019-06-26,169.1,228.5,-,-,[],C,133.88,848.78,250,1584.96
company,21X000000001360B,,Terminale GNL Adriatico S.r.l.,Adriatic LNG,21X000000001360B,,,21X000000001360B/IT,2023-10-26 15:12:55,2019-06-26,2019-06-27,198.4,228.5,-,-,[],C,144.83,918.18,250,1584.93
company,21X000000001360B,,Terminale GNL Adriatico S.r.l.,Adriatic LNG,21X000000001360B,,,21X000000001360B/IT,2023-10-26 15:12:57,2019-06-27,2019-06-28,235,228.5,-,-,[],C,130.28,825.91,250,1584.87
company,21X000000001360B,,Terminale GNL Adriatico S.r.l.,Adriatic LNG,21X000000001360B,,,21X000000001360B/IT,2023-10-26 15:12:59,2019-06-28,2019-06-29,236.6,228.5,-,-,[],C,213.12,1351.11,250,1584.92
company,21X000000001360B,,Terminale GNL Adriatico S.r.l.,Adriatic LNG,21X000000001360B,,,21X000000001360B/IT,2023-10-26 15:13:00,2019-06-29,2019-06-30,237.7,228.5,-,-,[],C,176.82,1120.97,250,1584.9
company,21X000000001360B,,Terminale GNL Adriatico S.r.l.,Adriatic LNG,21X000000001360B,,,21X000000001360B/IT,2023-10-26 15:13:02,2019-06-30,2019-07-01,237.8,228.5,-,-,[],C,140.38,889.95,250,1584.89
company,21X000000001360B,,Terminale GNL Adriatico S.r.l.,Adriatic LNG,21X000000001360B,,,21X000000001360B/IT,2023-10-26 15:13:04,2019-07-01,2019-07-02,285.1,228.5,-,-,[],C,96.92,614.47,250,1584.99
company,21X000000001360B,,Terminale GNL Adriatico S.r.l.,Adriatic LNG,21X000000001360B,,,21X000000001360B/IT,2023-10-26 15:13:05,2019-07-02,2019-07-03,238.9,228.5,-,-,[],C,109.6,694.82,250,1584.9
company,21X000000001360B,,Terminale GNL Adriatico S.r.l.,Adriatic LNG,21X000000001360B,,,21X000000001360B/IT,2023-10-26 15:13:07,2019-07-03,2019-07-04,240.1,228.5,-,-,[],C,165.97,1052.22,250,1584.96
company,21X000000001360B,,Terminale GNL Adriatico S.r.l.,Adriatic LNG,21X000000001360B,,,21X000000001360B/IT,2023-10-26 15:13:09,2019-07-04,2019-07-05,76.5,228.5,-,-,[],C,154.47,979.27,250,1584.89
company,21X000000001360B,,Terminale GNL Adriatico S.r.l.,Adriatic LNG,21X000000001360B,,,21X000000001360B/IT,2023-10-26 15:13:10,2019-07-05,2019-07-06,239.9,228.5,-,-,[],C,117.65,745.9,250,1585
company,21X000000001360B,,Terminale GNL Adriatico S.r.l.,Adriatic LNG,21X000000001360B,,,21X000000001360B/IT,2023-10-26 15:13:12,2019-07-06,2019-07-07,240,228.5,-,-,[],C,81.2,514.8,250,1584.98
company,21X000000001360B,,Terminale GNL Adriatico S.r.l.,Adriatic LNG,21X000000001360B,,,21X000000001360B/IT,2023-10-26 15:13:14,2019-07-07,2019-07-08,230,228.5,-,-,[],C,46.31,293.59,250,1584.92
company,21X000000001360B,,Terminale GNL Adriatico S.r.l.,Adriatic LNG,21X000000001360B,,,21X000000001360B/IT,2023-10-26 15:13:16,2019-07-08,2019-07-09,237,228.5,-,-,[],C,132.4,839.39,250,1584.95
company,21X000000001360B,,Terminale GNL Adriatico S.r.l.,Adriatic LNG,21X000000001360B,,,21X000000001360B/IT,2023-10-26 15:13:17,2019-07-09,2019-07-10,235.5,228.5,-,-,[],C,134.82,854.72,250,1584.93
company,21X000000001360B,,Terminale GNL Adriatico S.r.l.,Adriatic LNG,21X000000001360B,,,21X000000001360B/IT,2023-10-26 15:13:19,2019-07-10,2019-07-11,235.4,228.5,-,-,[],C,156.59,992.74,250,1584.94
company,21X000000001360B,,Terminale GNL Adriatico S.r.l.,Adriatic LNG,21X000000001360B,,,21X000000001360B/IT,2023-10-26 15:13:20,2019-07-11,2019-07-12,238.2,228.5,-,-,[],C,203.11,1287.68,250,1584.95
company,21X000000001360B,,Terminale GNL Adriatico S.r.l.,Adriatic LNG,21X000000001360B,,,21X000000001360B/IT,2023-10-26 15:13:21,2019-07-12,2019-07-13,238.6,228.5,-,-,[],C,166.96,1058.46,250,1584.9
company,21X000000001360B,,Terminale GNL Adriatico S.r.l.,Adriatic LNG,21X000000001360B,,,21X000000001360B/IT,2023-10-26 15:13:23,2019-07-13,2019-07-14,238.6,228.5,-,-,[],C,130.32,826.17,250,1584.89
company,21X000000001360B,,Terminale GNL Adriatico S.r.l.,Adriatic LNG,21X000000001360B,,,21X000000001360B/IT,2023-10-26 15:13:25,2019-07-14,2019-07-15,238.5,228.5,-,-,[],C,93.99,595.86,250,1584.9
company,21X000000001360B,,Terminale GNL Adriatico S.r.l.,Adriatic LNG,21X000000001360B,,,21X000000001360B/IT,2023-10-26 15:13:27,2019-07-15,2019-07-16,282.6,228.5,-,-,[],C,50.4,319.54,250,1585.02
company,21X000000001360B,,Terminale GNL Adriatico S.r.l.,Adriatic LNG,21X000000001360B,,,21X000000001360B/IT,2023-10-26 15:13:28,2019-07-16,2019-07-17,283.3,228.5,-,-,[],C,151.22,958.72,250,1584.98
company,21X000000001360B,,Terminale GNL Adriatico S.r.l.,Adriatic LNG,21X000000001360B,,,21X000000001360B/IT,2023-10-26 15:13:30,2019-07-17,2019-07-18,284.9,228.5,-,-,[],C,109.57,694.66,250,1584.97
company,21X000000001360B,,Terminale GNL Adriatico S.r.l.,Adriatic LNG,21X000000001360B,,,21X000000001360B/IT,2023-10-26 15:13:31,2019-07-18,2019-07-19,284.8,228.5,-,-,[],C,131.47,833.47,250,1584.91
company,21X000000001360B,,Terminale GNL Adriatico S.r.l.,Adriatic LNG,21X000000001360B,,,21X000000001360B/IT,2023-10-26 15:13:32,2019-07-19,2019-07-20,285,228.5,-,-,[],C,164.45,1042.58,250,1584.95
company,21X000000001360B,,Terminale GNL Adriatico S.r.l.,Adriatic LNG,21X000000001360B,,,21X000000001360B/IT,2023-10-26 15:13:34,2019-07-20,2019-07-21,240.3,228.5,-,-,[],C,128.12,812.26,250,1584.96
company,21X000000001360B,,Terminale GNL Adriatico S.r.l.,Adriatic LNG,21X000000001360B,,,21X000000001360B/IT,2023-10-26 15:13:36,2019-07-21,2019-07-22,240.3,228.5,-,-,[],C,91.83,582.18,250,1584.94
company,21X000000001360B,,Terminale GNL Adriatico S.r.l.,Adriatic LNG,21X000000001360B,,,21X000000001360B/IT,2023-10-26 15:13:37,2019-07-22,2019-07-23,230.3,228.5,-,-,[],C,113,716.39,250,1584.93
company,21X000000001360B,,Terminale GNL Adriatico S.r.l.,Adriatic LNG,21X000000001360B,,,21X000000001360B/IT,2023-10-26 15:13:39,2019-07-23,2019-07-24,285.3,228.5,-,-,[],C,153.83,975.25,250,1584.95
company,21X000000001360B,,Terminale GNL Adriatico S.r.l.,Adriatic LNG,21X000000001360B,,,21X000000001360B/IT,2023-10-26 15:13:40,2019-07-24,2019-07-25,285.3,228.5,-,-,[],C,110.65,701.52,250,1585
company,21X000000001360B,,Terminale GNL Adriatico S.r.l.,Adriatic LNG,21X000000001360B,,,21X000000001360B/IT,2023-10-26 15:13:41,2019-07-25,2019-07-26,285.5,228.5,-,-,[],C,67.46,427.66,250,1584.87
company,21X000000001360B,,Terminale GNL Adriatico S.r.l.,Adriatic LNG,21X000000001360B,,,21X000000001360B/IT,2023-10-26 15:13:43,2019-07-26,2019-07-27,285.5,228.5,-,-,[],C,67.67,429,250,1584.9
company,21X000000001360B,,Terminale GNL Adriatico S.r.l.,Adriatic LNG,21X000000001360B,,,21X000000001360B/IT,2023-10-26 15:13:44,2019-07-27,2019-07-28,240.3,228.5,-,-,[],C,127.97,811.26,250,1584.86
company,21X000000001360B,,Terminale GNL Adriatico S.r.l.,Adriatic LNG,21X000000001360B,,,21X000000001360B/IT,2023-10-26 15:13:45,2019-07-28,2019-07-29,240.5,228.5,-,-,[],C,158.12,1002.42,250,1584.9
company,21X000000001360B,,Terminale GNL Adriatico S.r.l.,Adriatic LNG,21X000000001360B,,,21X000000001360B/IT,2023-10-26 15:13:47,2019-07-29,2019-07-30,240.6,228.5,-,-,[],C,202.72,1285.18,250,1584.92
company,21X000000001360B,,Terminale GNL Adriatico S.r.l.,Adriatic LNG,21X000000001360B,,,21X000000001360B/IT,2023-10-26 15:13:48,2019-07-30,2019-07-31,240.7,228.5,-,-,[],C,166.35,1054.6,250,1584.91
company,21X000000001360B,,Terminale GNL Adriatico S.r.l.,Adriatic LNG,21X000000001360B,,,21X000000001360B/IT,2023-10-26 15:13:49,2019-07-31,2019-08-01,272.4,228.5,-,-,[],C,124.98,792.36,250,1584.97
company,21X000000001360B,,Terminale GNL Adriatico S.r.l.,Adriatic LNG,21X000000001360B,,,21X000000001360B/IT,2023-10-26 15:13:50,2019-08-01,2019-08-02,164.6,228.5,-,-,[],C,100.31,635.91,250,1584.86
company,21X000000001360B,,Terminale GNL Adriatico S.r.l.,Adriatic LNG,21X000000001360B,,,21X000000001360B/IT,2023-10-26 15:13:52,2019-08-02,2019-08-03,164.4,228.5,-,-,[],C,208.41,1321.27,250,1584.94
company,21X000000001360B,,Terminale GNL Adriatico S.r.l.,Adriatic LNG,21X000000001360B,,,21X000000001360B/IT,2023-10-26 15:13:53,2019-08-03,2019-08-04,160.4,228.5,-,-,[],C,213.9,1356.08,250,1584.95
company,21X000000001360B,,Terminale GNL Adriatico S.r.l.,Adriatic LNG,21X000000001360B,,,21X000000001360B/IT,2023-10-26 15:13:54,2019-08-04,2019-08-05,159.7,228.5,-,-,[],C,189.17,1199.27,250,1584.91
company,21X000000001360B,,Terminale GNL Adriatico S.r.l.,Adriatic LNG,21X000000001360B,,,21X000000001360B/IT,2023-10-26 15:13:55,2019-08-05,2019-08-06,159.7,228.5,-,-,[],C,164.49,1042.79,250,1584.88
company,21X000000001360B,,Terminale GNL Adriatico S.r.l.,Adriatic LNG,21X000000001360B,,,21X000000001360B/IT,2023-10-26 15:13:57,2019-08-06,2019-08-07,160.3,228.5,-,-,[],C,139.72,885.79,250,1584.94
company,21X000000001360B,,Terminale GNL Adriatico S.r.l.,Adriatic LNG,21X000000001360B,,,21X000000001360B/IT,2023-10-26 15:13:58,2019-08-07,2019-08-08,160.3,228.5,-,-,[],C,114.9,728.46,250,1584.99
company,21X000000001360B,,Terminale GNL Adriatico S.r.l.,Adriatic LNG,21X000000001360B,,,21X000000001360B/IT,2023-10-26 15:13:59,2019-08-08,2019-08-09,236.6,228.5,-,-,[],C,78.45,497.34,250,1584.89
company,21X000000001360B,,Terminale GNL Adriatico S.r.l.,Adriatic LNG,21X000000001360B,,,21X000000001360B/IT,2023-10-26 15:14:00,2019-08-09,2019-08-10,236.1,228.5,-,-,[],C,42.28,268.02,250,1584.79
company,21X000000001360B,,Terminale GNL Adriatico S.r.l.,Adriatic LNG,21X000000001360B,,,21X000000001360B/IT,2023-10-26 15:14:02,2019-08-10,2019-08-11,237.6,228.5,-,-,[],C,98.86,626.73,250,1584.89
company,21X000000001360B,,Terminale GNL Adriatico S.r.l.,Adriatic LNG,21X000000001360B,,,21X000000001360B/IT,2023-10-26 15:14:03,2019-08-11,2019-08-12,238.1,228.5,-,-,[],C,110.75,702.15,250,1584.99
company,21X000000001360B,,Terminale GNL Adriatico S.r.l.,Adriatic LNG,21X000000001360B,,,21X000000001360B/IT,2023-10-26 15:14:04,2019-08-12,2019-08-13,239.8,228.5,-,-,[],C,153.18,971.14,250,1584.97
company,21X000000001360B,,Terminale GNL Adriatico S.r.l.,Adriatic LNG,21X000000001360B,,,21X000000001360B/IT,2023-10-26 15:14:06,2019-08-13,2019-08-14,240,228.5,-,-,[],C,179.31,1136.78,250,1584.94
company,21X000000001360B,,Terminale GNL Adriatico S.r.l.,Adriatic LNG,21X000000001360B,,,21X000000001360B/IT,2023-10-26 15:14:07,2019-08-14,2019-08-15,241.4,228.5,-,-,[],C,142.7,904.65,250,1584.88
company,21X000000001360B,,Terminale GNL Adriatico S.r.l.,Adriatic LNG,21X000000001360B,,,21X000000001360B/IT,2023-10-26 15:14:08,2019-08-15,2019-08-16,234.9,228.5,-,-,[],C,107.18,679.52,250,1585
company,21X000000001360B,,Terminale GNL Adriatico S.r.l.,Adriatic LNG,21X000000001360B,,,21X000000001360B/IT,2023-10-26 15:14:09,2019-08-16,2019-08-17,240.3,228.5,-,-,[],C,144.16,913.95,250,1584.96
company,21X000000001360B,,Terminale GNL Adriatico S.r.l.,Adriatic LNG,21X000000001360B,,,21X000000001360B/IT,2023-10-26 15:14:11,2019-08-17,2019-08-18,240.5,228.5,-,-,[],C,175.4,1111.97,250,1584.91
company,21X000000001360B,,Terminale GNL Adriatico S.r.l.,Adriatic LNG,21X000000001360B,,,21X000000001360B/IT,2023-10-26 15:14:12,2019-08-18,2019-08-19,240.6,228.5,-,-,[],C,138.91,880.67,250,1584.97
company,21X000000001360B,,Terminale GNL Adriatico S.r.l.,Adriatic LNG,21X000000001360B,,,21X000000001360B/IT,2023-10-26 15:14:14,2019-08-19,2019-08-20,240.5,228.5,-,-,[],C,172.3,1092.35,250,1584.95
company,21X000000001360B,,Terminale GNL Adriatico S.r.l.,Adriatic LNG,21X000000001360B,,,21X000000001360B/IT,2023-10-26 15:14:15,2019-08-20,2019-08-21,240.7,228.5,-,-,[],C,205.89,1305.25,250,1584.89
company,21X000000001360B,,Terminale GNL Adriatico S.r.l.,Adriatic LNG,21X000000001360B,,,21X000000001360B/IT,2023-10-26 15:14:17,2019-08-21,2019-08-22,240.9,228.5,-,-,[],C,169.58,1075.09,250,1584.93
company,21X000000001360B,,Terminale GNL Adriatico S.r.l.,Adriatic LNG,21X000000001360B,,,21X000000001360B/IT,2023-10-26 15:14:18,2019-08-22,2019-08-23,240.7,228.5,-,-,[],C,133.29,845.02,250,1584.93
company,21X000000001360B,,Terminale GNL Adriatico S.r.l.,Adriatic LNG,21X000000001360B,,,21X000000001360B/IT,2023-10-26 15:14:19,2019-08-23,2019-08-24,240.9,228.5,-,-,[],C,96.86,614.06,250,1584.92
company,21X000000001360B,,Terminale GNL Adriatico S.r.l.,Adriatic LNG,21X000000001360B,,,21X000000001360B/IT,2023-10-26 15:14:20,2019-08-24,2019-08-25,240.7,228.5,-,-,[],C,173.34,1098.93,250,1584.93
company,21X000000001360B,,Terminale GNL Adriatico S.r.l.,Adriatic LNG,21X000000001360B,,,21X000000001360B/IT,2023-10-26 15:14:22,2019-08-25,2019-08-26,240.6,228.5,-,-,[],C,165.53,1049.44,250,1584.97
company,21X000000001360B,,Terminale GNL Adriatico S.r.l.,Adriatic LNG,21X000000001360B,,,21X000000001360B/IT,2023-10-26 15:14:23,2019-08-26,2019-08-27,240.5,228.5,-,-,[],C,129.1,818.47,250,1584.95
company,21X000000001360B,,Terminale GNL Adriatico S.r.l.,Adriatic LNG,21X000000001360B,,,21X000000001360B/IT,2023-10-26 15:14:24,2019-08-27,2019-08-28,240.5,228.5,-,-,[],C,109.32,693.06,250,1584.93
company,21X000000001360B,,Terminale GNL Adriatico S.r.l.,Adriatic LNG,21X000000001360B,,,21X000000001360B/IT,2023-10-26 15:14:25,2019-08-28,2019-08-29,240.5,228.5,-,-,[],C,109.32,693.06,250,1584.93
company,21X000000001360B,,Terminale GNL Adriatico S.r.l.,Adriatic LNG,21X000000001360B,,,21X000000001360B/IT,2023-10-26 15:14:26,2019-08-29,2019-08-30,240.5,228.5,-,-,[],C,167.63,1062.75,250,1584.96
company,21X000000001360B,,Terminale GNL Adriatico S.r.l.,Adriatic LNG,21X000000001360B,,,21X000000001360B/IT,2023-10-26 15:14:27,2019-08-30,2019-08-31,240.4,228.5,-,-,[],C,131.13,831.33,250,1584.93
company,21X000000001360B,,Terminale GNL Adriatico S.r.l.,Adriatic LNG,21X000000001360B,,,21X000000001360B/IT,2023-10-26 15:14:29,2019-08-31,2019-09-01,240.5,228.5,-,-,[],C,213.42,1353.03,250,1584.94
company,21X000000001360B,,Terminale GNL Adriatico S.r.l.,Adriatic LNG,21X000000001360B,,,21X000000001360B/IT,2023-10-26 15:14:30,2019-09-01,2019-09-02,240.5,228.5,-,-,[],C,205.21,1300.94,250,1584.89
company,21X000000001360B,,Terminale GNL Adriatico S.r.l.,Adriatic LNG,21X000000001360B,,,21X000000001360B/IT,2023-10-26 15:14:31,2019-09-02,2019-09-03,285.5,228.5,-,-,[],C,161.91,1026.45,250,1584.91
company,21X000000001360B,,Terminale GNL Adriatico S.r.l.,Adriatic LNG,21X000000001360B,,,21X000000001360B/IT,2023-10-26 15:14:32,2019-09-03,2019-09-04,240.5,228.5,-,-,[],C,125.81,797.58,250,1584.89
company,21X000000001360B,,Terminale GNL Adriatico S.r.l.,Adriatic LNG,21X000000001360B,,,21X000000001360B/IT,2023-10-26 15:14:33,2019-09-04,2019-09-05,240.3,228.5,-,-,[],C,178.75,1133.24,250,1584.95
company,21X000000001360B,,Terminale GNL Adriatico S.r.l.,Adriatic LNG,21X000000001360B,,,21X000000001360B/IT,2023-10-26 15:14:35,2019-09-05,2019-09-06,236,228.5,-,-,[],C,197.18,1250.08,250,1584.95
company,21X000000001360B,,Terminale GNL Adriatico S.r.l.,Adriatic LNG,21X000000001360B,,,21X000000001360B/IT,2023-10-26 15:14:36,2019-09-06,2019-09-07,235.6,228.5,-,-,[],C,160.89,1019.98,250,1584.9
company,21X000000001360B,,Terminale GNL Adriatico S.r.l.,Adriatic LNG,21X000000001360B,,,21X000000001360B/IT,2023-10-26 15:14:37,2019-09-07,2019-09-08,235.7,228.5,-,-,[],C,124.69,790.5,250,1584.93
company,21X000000001360B,,Terminale GNL Adriatico S.r.l.,Adriatic LNG,21X000000001360B,,,21X000000001360B/IT,2023-10-26 15:14:38,2019-09-08,2019-09-09,237.8,228.5,-,-,[],C,88.29,559.71,250,1584.86
company,21X000000001360B,,Terminale GNL Adriatico S.r.l.,Adriatic LNG,21X000000001360B,,,21X000000001360B/IT,2023-10-26 15:14:39,2019-09-09,2019-09-10,238.7,228.5,-,-,[],C,192.97,1223.39,250,1584.95
company,21X000000001360B,,Terminale GNL Adriatico S.r.l.,Adriatic LNG,21X000000001360B,,,21X000000001360B/IT,2023-10-26 15:14:40,2019-09-10,2019-09-11,240.2,228.5,-,-,[],C,156.28,99.08,250,158.5
company,21X000000001360B,,Terminale GNL Adriatico S.r.l.,Adriatic LNG,21X000000001360B,,,21X000000001360B/IT,2023-10-26 15:14:41,2019-09-11,2019-09-12,240.3,228.5,-,-,[],C,119.84,759.72,250,1584.86
company,21X000000001360B,,Terminale GNL Adriatico S.r.l.,Adriatic LNG,21X000000001360B,,,21X000000001360B/IT,2023-10-26 15:14:43,2019-09-12,2019-09-13,240.3,228.5,-,-,[],C,165.51,1049.3,250,1584.95
company,21X000000001360B,,Terminale GNL Adriatico S.r.l.,Adriatic LNG,21X000000001360B,,,21X000000001360B/IT,2023-10-26 15:14:44,2019-09-13,2019-09-14,240.3,228.5,-,-,[],C,165.51,1049.3,250,1584.95
company,21X000000001360B,,Terminale GNL Adriatico S.r.l.,Adriatic LNG,21X000000001360B,,,21X000000001360B/IT,2023-10-26 15:14:45,2019-09-14,2019-09-15,240.4,228.5,-,-,[],C,144.51,916.18,250,1584.98
company,21X000000001360B,,Terminale GNL Adriatico S.r.l.,Adriatic LNG,21X000000001360B,,,21X000000001360B/IT,2023-10-26 15:14:46,2019-09-15,2019-09-16,240.5,228.5,-,-,[],C,108.15,685.65,250,1584.95
company,21X000000001360B,,Terminale GNL Adriatico S.r.l.,Adriatic LNG,21X000000001360B,,,21X000000001360B/IT,2023-10-26 15:14:48,2019-09-16,2019-09-17,240.4,228.5,-,-,[],C,143.33,908.68,250,1584.94
company,21X000000001360B,,Terminale GNL Adriatico S.r.l.,Adriatic LNG,21X000000001360B,,,21X000000001360B/IT,2023-10-26 15:14:49,2019-09-17,2019-09-18,240.6,228.5,-,-,[],C,175.24,1110.95,250,1584.9
company,21X000000001360B,,Terminale GNL Adriatico S.r.l.,Adriatic LNG,21X000000001360B,,,21X000000001360B/IT,2023-10-26 15:14:50,2019-09-18,2019-09-19,240.4,228.5,-,-,[],C,138.82,880.06,250,1584.89
company,21X000000001360B,,Terminale GNL Adriatico S.r.l.,Adriatic LNG,21X000000001360B,,,21X000000001360B/IT,2023-10-26 15:14:51,2019-09-19,2019-09-20,240.4,228.5,-,-,[],C,102.52,649.93,250,1584.89
company,21X000000001360B,,Terminale GNL Adriatico S.r.l.,Adriatic LNG,21X000000001360B,,,21X000000001360B/IT,2023-10-26 15:14:52,2019-09-20,2019-09-21,240.5,228.5,-,-,[],C,120.14,761.67,250,1584.96
company,21X000000001360B,,Terminale GNL Adriatico S.r.l.,Adriatic LNG,21X000000001360B,,,21X000000001360B/IT,2023-10-26 15:14:54,2019-09-21,2019-09-22,240.5,228.5,-,-,[],C,175.47,1112.42,250,1584.91
company,21X000000001360B,,Terminale GNL Adriatico S.r.l.,Adriatic LNG,21X000000001360B,,,21X000000001360B/IT,2023-10-26 15:14:55,2019-09-22,2019-09-23,240.5,228.5,-,-,[],C,139.06,881.59,250,1584.91
company,21X000000001360B,,Terminale GNL Adriatico S.r.l.,Adriatic LNG,21X000000001360B,,,21X000000001360B/IT,2023-10-26 15:14:56,2019-09-23,2019-09-24,240.5,228.5,-,-,[],C,102.57,650.27,250,1584.94
company,21X000000001360B,,Terminale GNL Adriatico S.r.l.,Adriatic LNG,21X000000001360B,,,21X000000001360B/IT,2023-10-26 15:14:57,2019-09-24,2019-09-25,240.4,228.5,-,-,[],C,210.14,1332.22,250,1584.92
company,21X000000001360B,,Terminale GNL Adriatico S.r.l.,Adriatic LNG,21X000000001360B,,,21X000000001360B/IT,2023-10-26 15:14:58,2019-09-25,2019-09-26,240.3,228.5,-,-,[],C,175.54,1112.85,250,1584.9
company,21X000000001360B,,Terminale GNL Adriatico S.r.l.,Adriatic LNG,21X000000001360B,,,21X000000001360B/IT,2023-10-26 15:15:00,2019-09-26,2019-09-27,240.4,228.5,-,-,[],C,139.21,882.58,250,1584.98
company,21X000000001360B,,Terminale GNL Adriatico S.r.l.,Adriatic LNG,21X000000001360B,,,21X000000001360B/IT,2023-10-26 15:15:01,2019-09-27,2019-09-28,240.5,228.5,-,-,[],C,102.83,651.92,250,1584.95
company,21X000000001360B,,Terminale GNL Adriatico S.r.l.,Adriatic LNG,21X000000001360B,,,21X000000001360B/IT,2023-10-26 15:15:02,2019-09-28,2019-09-29,240.5,228.5,-,-,[],C,184.81,1171.65,250,1584.94
company,21X000000001360B,,Terminale GNL Adriatico S.r.l.,Adriatic LNG,21X000000001360B,,,21X000000001360B/IT,2023-10-26 15:15:03,2019-09-29,2019-09-30,240.3,228.5,-,-,[],C,176.8,1120.84,250,1584.9
company,21X000000001360B,,Terminale GNL Adriatico S.r.l.,Adriatic LNG,21X000000001360B,,,21X000000001360B/IT,2023-10-26 15:15:04,2019-09-30,2019-10-01,240.4,228.5,-,-,[],C,140.36,889.87,250,1584.98
company,21X000000001360B,,Terminale GNL Adriatico S.r.l.,Adriatic LNG,21X000000001360B,,,21X000000001360B/IT,2023-10-26 15:15:05,2019-10-01,2019-10-02,281.8,228.5,-,-,[],C,97.62,618.91,250,1585
company,21X000000001360B,,Terminale GNL Adriatico S.r.l.,Adriatic LNG,21X000000001360B,,,21X000000001360B/IT,2023-10-26 15:15:06,2019-10-02,2019-10-03,280.1,228.5,-,-,[],C,99.09,628.22,250,1584.97
company,21X000000001360B,,Terminale GNL Adriatico S.r.l.,Adriatic LNG,21X000000001360B,,,21X000000001360B/IT,2023-10-26 15:15:08,2019-10-03,2019-10-04,263.4,228.5,-,-,[],C,155.57,986.25,250,1584.9
company,21X000000001360B,,Terminale GNL Adriatico S.r.l.,Adriatic LNG,21X000000001360B,,,21X000000001360B/IT,2023-10-26 15:15:09,2019-10-04,2019-10-05,280.1,228.5,-,-,[],C,112.8,715.12,250,1584.93
company,21X000000001360B,,Terminale GNL Adriatico S.r.l.,Adriatic LNG,21X000000001360B,,,21X000000001360B/IT,2023-10-26 15:15:11,2019-10-05,2019-10-06,226.3,228.5,-,-,[],C,200.18,1269.09,250,1584.94
company,21X000000001360B,,Terminale GNL Adriatico S.r.l.,Adriatic LNG,21X000000001360B,,,21X000000001360B/IT,2023-10-26 15:15:12,2019-10-06,2019-10-07,225,228.5,-,-,[],C,188.72,1196.41,250,1584.9
company,21X000000001360B,,Terminale GNL Adriatico S.r.l.,Adriatic LNG,21X000000001360B,,,21X000000001360B/IT,2023-10-26 15:15:13,2019-10-07,2019-10-08,236.7,228.5,-,-,[],C,152.41,966.25,250,1584.95
company,21X000000001360B,,Terminale GNL Adriatico S.r.l.,Adriatic LNG,21X000000001360B,,,21X000000001360B/IT,2023-10-26 15:15:15,2019-10-08,2019-10-09,236.8,228.5,-,-,[],C,116.29,737.27,250,1584.98
company,21X000000001360B,,Terminale GNL Adriatico S.r.l.,Adriatic LNG,21X000000001360B,,,21X000000001360B/IT,2023-10-26 15:15:16,2019-10-09,2019-10-10,229.3,228.5,-,-,[],C,81.2,514.8,250,1584.98
company,21X000000001360B,,Terminale GNL Adriatico S.r.l.,Adriatic LNG,21X000000001360B,,,21X000000001360B/IT,2023-10-26 15:15:17,2019-10-10,2019-10-11,237.1,228.5,-,-,[],C,135.4,858.41,250,1584.95
company,21X000000001360B,,Terminale GNL Adriatico S.r.l.,Adriatic LNG,21X000000001360B,,,21X000000001360B/IT,2023-10-26 15:15:18,2019-10-11,2019-10-12,229.4,228.5,-,-,[],C,151.24,958.81,250,1584.91
company,21X000000001360B,,Terminale GNL Adriatico S.r.l.,Adriatic LNG,21X000000001360B,,,21X000000001360B/IT,2023-10-26 15:15:19,2019-10-12,2019-10-13,222,228.5,-,-,[],C,117.52,745.06,250,1584.96
company,21X000000001360B,,Terminale GNL Adriatico S.r.l.,Adriatic LNG,21X000000001360B,,,21X000000001360B/IT,2023-10-26 15:15:21,2019-10-13,2019-10-14,223.1,228.5,-,-,[],C,83.95,532.22,250,1584.93
company,21X000000001360B,,Terminale GNL Adriatico S.r.l.,Adriatic LNG,21X000000001360B,,,21X000000001360B/IT,2023-10-26 15:15:22,2019-10-14,2019-10-15,185.7,228.5,-,-,[],C,117.08,742.24,250,1584.9
company,21X000000001360B,,Terminale GNL Adriatico S.r.l.,Adriatic LNG,21X000000001360B,,,21X000000001360B/IT,2023-10-26 15:15:23,2019-10-15,2019-10-16,197.2,228.5,-,-,[],C,167.12,1059.47,250,1584.89
company,21X000000001360B,,Terminale GNL Adriatico S.r.l.,Adriatic LNG,21X000000001360B,,,21X000000001360B/IT,2023-10-26 15:15:24,2019-10-16,2019-10-17,197.3,228.5,-,-,[],C,137.15,869.5,250,1584.94
company,21X000000001360B,,Terminale GNL Adriatico S.r.l.,Adriatic LNG,21X000000001360B,,,21X000000001360B/IT,2023-10-26 15:15:25,2019-10-17,2019-10-18,87.6,228.5,-,-,[],C,123.94,785.77,250,1584.98
company,21X000000001360B,,Terminale GNL Adriatico S.r.l.,Adriatic LNG,21X000000001360B,,,21X000000001360B/IT,2023-10-26 15:15:27,2019-10-18,2019-10-19,87.7,228.5,-,-,[],C,190.2,1205.82,250,1584.94
company,21X000000001360B,,Terminale GNL Adriatico S.r.l.,Adriatic LNG,21X000000001360B,,,21X000000001360B/IT,2023-10-26 15:15:28,2019-10-19,2019-10-20,197.5,228.5,-,-,[],C,224.18,1421.22,250,1584.91
company,21X000000001360B,,Terminale GNL Adriatico S.r.l.,Adriatic LNG,21X000000001360B,,,21X000000001360B/IT,2023-10-26 15:15:29,2019-10-20,2019-10-21,197.5,228.5,-,-,[],C,194.14,1230.81,250,1584.95
company,21X000000001360B,,Terminale GNL Adriatico S.r.l.,Adriatic LNG,21X000000001360B,,,21X000000001360B/IT,2023-10-26 15:15:31,2019-10-21,2019-10-22,199.9,228.5,-,-,[],C,163.54,1036.78,250,1584.9
company,21X000000001360B,,Terminale GNL Adriatico S.r.l.,Adriatic LNG,21X000000001360B,,,21X000000001360B/IT,2023-10-26 15:15:32,2019-10-22,2019-10-23,274.5,228.5,-,-,[],C,131.51,833.76,250,1584.97
company,21X000000001360B,,Terminale GNL Adriatico S.r.l.,Adriatic LNG,21X000000001360B,,,21X000000001360B/IT,2023-10-26 15:15:33,2019-10-23,2019-10-24,274.4,228.5,-,-,[],C,227.92,1444.97,250,1584.95
company,21X000000001360B,,Terminale GNL Adriatico S.r.l.,Adriatic LNG,21X000000001360B,,,21X000000001360B/IT,2023-10-26 15:15:34,2019-10-24,2019-10-25,274.6,228.5,-,-,[],C,186.16,1180.17,250,1584.89
company,21X000000001360B,,Terminale GNL Adriatico S.r.l.,Adriatic LNG,21X000000001360B,,,21X000000001360B/IT,2023-10-26 15:15:36,2019-10-25,2019-10-26,274.7,228.5,-,-,[],C,144.55,916.42,250,1584.95
company,21X000000001360B,,Terminale GNL Adriatico S.r.l.,Adriatic LNG,21X000000001360B,,,21X000000001360B/IT,2023-10-26 15:15:37,2019-10-26,2019-10-27,263.6,228.5,-,-,[],C,225.73,1431.06,250,1584.92
company,21X000000001360B,,Terminale GNL Adriatico S.r.l.,Adriatic LNG,21X000000001360B,,,21X000000001360B/IT,2023-10-26 15:15:38,2019-10-27,2019-10-28,197.5,228.5,-,-,[],C,221.93,1406.99,250,1584.95
company,21X000000001360B,,Terminale GNL Adriatico S.r.l.,Adriatic LNG,21X000000001360B,,,21X000000001360B/IT,2023-10-26 15:15:39,2019-10-28,2019-10-29,240.6,228.5,-,-,[],C,185.23,1174.31,250,1584.93
company,21X000000001360B,,Terminale GNL Adriatico S.r.l.,Adriatic LNG,21X000000001360B,,,21X000000001360B/IT,2023-10-26 15:15:40,2019-10-29,2019-10-30,240.7,228.5,-,-,[],C,148.79,943.29,250,1584.94
company,21X000000001360B,,Terminale GNL Adriatico S.r.l.,Adriatic LNG,21X000000001360B,,,21X000000001360B/IT,2023-10-26 15:15:41,2019-10-30,2019-10-31,219.4,228.5,-,-,[],C,78.75,499.28,250,1585.02
company,21X000000001360B,,Terminale GNL Adriatico S.r.l.,Adriatic LNG,21X000000001360B,,,21X000000001360B/IT,2023-10-26 15:15:41,2019-10-31,2019-11-01,219.4,228.5,-,-,[],E,78.75,499.28,250,1585.02
company,21X000000001360B,,Terminale GNL Adriatico S.r.l.,Adriatic LNG,21X000000001360B,,,21X000000001360B/IT,2023-10-26 15:15:44,2019-11-01,2019-11-02,238.1,228.5,-,-,[],C,169.66,1075.61,250,1584.95
company,21X000000001360B,,Terminale GNL Adriatico S.r.l.,Adriatic LNG,21X000000001360B,,,21X000000001360B/IT,2023-10-26 15:15:45,2019-11-02,2019-11-03,236.4,228.5,-,-,[],C,133.13,844.02,250,1584.95
company,21X000000001360B,,Terminale GNL Adriatico S.r.l.,Adriatic LNG,21X000000001360B,,,21X000000001360B/IT,2023-10-26 15:15:47,2019-11-03,2019-11-04,236.4,228.5,-,-,[],C,96.7,613.02,250,1584.85
company,21X000000001360B,,Terminale GNL Adriatico S.r.l.,Adriatic LNG,21X000000001360B,,,21X000000001360B/IT,2023-10-26 15:15:48,2019-11-04,2019-11-05,236.4,228.5,-,-,[],C,60.34,382.54,250,1584.94
company,21X000000001360B,,Terminale GNL Adriatico S.r.l.,Adriatic LNG,21X000000001360B,,,21X000000001360B/IT,2023-10-26 15:15:49,2019-11-05,2019-11-06,236.3,228.5,-,-,[],C,97.13,615.8,250,1584.99
company,21X000000001360B,,Terminale GNL Adriatico S.r.l.,Adriatic LNG,21X000000001360B,,,21X000000001360B/IT,2023-10-26 15:15:50,2019-11-06,2019-11-07,234.9,228.5,-,-,[],C,144.5,916.08,250,1584.91
company,21X000000001360B,,Terminale GNL Adriatico S.r.l.,Adriatic LNG,21X000000001360B,,,21X000000001360B/IT,2023-10-26 15:15:51,2019-11-07,2019-11-08,235.4,228.5,-,-,[],C,108.05,684.98,250,1584.87
company,21X000000001360B,,Terminale GNL Adriatico S.r.l.,Adriatic LNG,21X000000001360B,,,21X000000001360B/IT,2023-10-26 15:15:53,2019-11-08,2019-11-09,235.5,228.5,-,-,[],C,71.85,455.51,250,1584.93
company,21X000000001360B,,Terminale GNL Adriatico S.r.l.,Adriatic LNG,21X000000001360B,,,21X000000001360B/IT,2023-10-26 15:15:54,2019-11-09,2019-11-10,237.2,228.5,-,-,[],C,176.3,1117.7,250,1584.94
company,21X000000001360B,,Terminale GNL Adriatico S.r.l.,Adriatic LNG,21X000000001360B,,,21X000000001360B/IT,2023-10-26 15:15:55,2019-11-10,2019-11-11,239,228.5,-,-,[],C,139.64,885.27,250,1584.91
company,21X000000001360B,,Terminale GNL Adriatico S.r.l.,Adriatic LNG,21X000000001360B,,,21X000000001360B/IT,2023-10-26 15:15:56,2019-11-11,2019-11-12,239.1,228.5,-,-,[],C,103.05,653.32,250,1584.96
company,21X000000001360B,,Terminale GNL Adriatico S.r.l.,Adriatic LNG,21X000000001360B,,,21X000000001360B/IT,2023-10-26 15:15:58,2019-11-12,2019-11-13,239.2,228.5,-,-,[],C,66.54,421.82,250,1584.84
company,21X000000001360B,,Terminale GNL Adriatico S.r.l.,Adriatic LNG,21X000000001360B,,,21X000000001360B/IT,2023-10-26 15:15:59,2019-11-13,2019-11-14,239.8,228.5,-,-,[],C,119.95,760.43,250,1584.89
company,21X000000001360B,,Terminale GNL Adriatico S.r.l.,Adriatic LNG,21X000000001360B,,,21X000000001360B/IT,2023-10-26 15:16:00,2019-11-14,2019-11-15,240.9,228.5,-,-,[],C,134.41,852.09,250,1584.87
company,21X000000001360B,,Terminale GNL Adriatico S.r.l.,Adriatic LNG,21X000000001360B,,,21X000000001360B/IT,2023-10-26 15:16:02,2019-11-15,2019-11-16,241.1,228.5,-,-,[],C,97.53,618.33,250,1584.97
company,21X000000001360B,,Terminale GNL Adriatico S.r.l.,Adriatic LNG,21X000000001360B,,,21X000000001360B/IT,2023-10-26 15:16:03,2019-11-16,2019-11-17,241.2,228.5,-,-,[],C,60.98,386.6,250,1584.95
company,21X000000001360B,,Terminale GNL Adriatico S.r.l.,Adriatic LNG,21X000000001360B,,,21X000000001360B/IT,2023-10-26 15:16:04,2019-11-17,2019-11-18,241.3,228.5,-,-,[],C,24.41,154.74,250,1584.8
company,21X000000001360B,,Terminale GNL Adriatico S.r.l.,Adriatic LNG,21X000000001360B,,,21X000000001360B/IT,2023-10-26 15:16:05,2019-11-18,2019-11-19,240.3,228.5,-,-,[],C,135.04,856.09,250,1584.88
company,21X000000001360B,,Terminale GNL Adriatico S.r.l.,Adriatic LNG,21X000000001360B,,,21X000000001360B/IT,2023-10-26 15:16:06,2019-11-19,2019-11-20,240.3,228.5,-,-,[],C,98.41,623.88,250,1584.9
company,21X000000001360B,,Terminale GNL Adriatico S.r.l.,Adriatic LNG,21X000000001360B,,,21X000000001360B/IT,2023-10-26 15:16:08,2019-11-20,2019-11-21,241.1,228.5,-,-,[],C,203.14,1287.86,250,1584.94
company,21X000000001360B,,Terminale GNL Adriatico S.r.l.,Adriatic LNG,21X000000001360B,,,21X000000001360B/IT,2023-10-26 15:16:09,2019-11-21,2019-11-22,241.1,228.5,-,-,[],C,166.68,1056.68,250,1584.89
company,21X000000001360B,,Terminale GNL Adriatico S.r.l.,Adriatic LNG,21X000000001360B,,,21X000000001360B/IT,2023-10-26 15:16:10,2019-11-22,2019-11-23,241,228.5,-,-,[],C,130.13,824.96,250,1584.88
company,21X000000001360B,,Terminale GNL Adriatico S.r.l.,Adriatic LNG,21X000000001360B,,,21X000000001360B/IT,2023-10-26 15:16:11,2019-11-23,2019-11-24,241,228.5,-,-,[],C,93.7,594.02,250,1584.9
company,21X000000001360B,,Terminale GNL Adriatico S.r.l.,Adriatic LNG,21X000000001360B,,,21X000000001360B/IT,2023-10-26 15:16:13,2019-11-24,2019-11-25,241,228.5,-,-,[],C,57.15,362.33,250,1585
company,21X000000001360B,,Terminale GNL Adriatico S.r.l.,Adriatic LNG,21X000000001360B,,,21X000000001360B/IT,2023-10-26 15:16:14,2019-11-25,2019-11-26,240.9,228.5,-,-,[],C,105.72,670.26,250,1584.99
company,21X000000001360B,,Terminale GNL Adriatico S.r.l.,Adriatic LNG,21X000000001360B,,,21X000000001360B/IT,2023-10-26 15:16:15,2019-11-26,2019-11-27,229.6,228.5,-,-,[],C,132.68,841.14,250,1584.9
company,21X000000001360B,,Terminale GNL Adriatico S.r.l.,Adriatic LNG,21X000000001360B,,,21X000000001360B/IT,2023-10-26 15:16:17,2019-11-27,2019-11-28,230.3,228.5,-,-,[],C,197.76,1253.71,250,1584.89
company,21X000000001360B,,Terminale GNL Adriatico S.r.l.,Adriatic LNG,21X000000001360B,,,21X000000001360B/IT,2023-10-26 15:16:18,2019-11-28,2019-11-29,240.8,228.5,-,-,[],C,200.88,1273.51,250,1584.91
company,21X000000001360B,,Terminale GNL Adriatico S.r.l.,Adriatic LNG,21X000000001360B,,,21X000000001360B/IT,2023-10-26 15:16:19,2019-11-29,2019-11-30,240.8,228.5,-,-,[],C,164.43,1042.42,250,1584.9
company,21X000000001360B,,Terminale GNL Adriatico S.r.l.,Adriatic LNG,21X000000001360B,,,21X000000001360B/IT,2023-10-26 15:16:20,2019-11-30,2019-12-01,240.4,228.5,-,-,[],C,187.01,1185.56,250,1584.89
company,21X000000001360B,,Terminale GNL Adriatico S.r.l.,Adriatic LNG,21X000000001360B,,,21X000000001360B/IT,2023-10-26 15:16:22,2019-12-01,2019-12-02,237.2,228.5,-,-,[],C,221.08,1401.56,250,1584.9
company,21X000000001360B,,Terminale GNL Adriatico S.r.l.,Adriatic LNG,21X000000001360B,,,21X000000001360B/IT,2023-10-26 15:16:23,2019-12-02,2019-12-03,236.5,228.5,-,-,[],C,185.07,1173.27,250,1584.9
company,21X000000001360B,,Terminale GNL Adriatico S.r.l.,Adriatic LNG,21X000000001360B,,,21X000000001360B/IT,2023-10-26 15:16:24,2019-12-03,2019-12-04,236.3,228.5,-,-,[],C,149.05,944.93,250,1584.92
company,21X000000001360B,,Terminale GNL Adriatico S.r.l.,Adriatic LNG,21X000000001360B,,,21X000000001360B/IT,2023-10-26 15:16:25,2019-12-04,2019-12-05,235,228.5,-,-,[],C,112.78,714.99,250,1584.92
company,21X000000001360B,,Terminale GNL Adriatico S.r.l.,Adriatic LNG,21X000000001360B,,,21X000000001360B/IT,2023-10-26 15:16:26,2019-12-05,2019-12-06,144.1,228.5,-,-,[],C,91.46,579.86,250,1585.01
company,21X000000001360B,,Terminale GNL Adriatico S.r.l.,Adriatic LNG,21X000000001360B,,,21X000000001360B/IT,2023-10-26 15:16:27,2019-12-06,2019-12-07,99.1,228.5,-,-,[],C,75.74,480.16,250,1584.9
company,21X000000001360B,,Terminale GNL Adriatico S.r.l.,Adriatic LNG,21X000000001360B,,,21X000000001360B/IT,2023-10-26 15:16:28,2019-12-07,2019-12-08,143.1,228.5,-,-,[],C,173.54,1100.19,250,1584.92
company,21X000000001360B,,Terminale GNL Adriatico S.r.l.,Adriatic LNG,21X000000001360B,,,21X000000001360B/IT,2023-10-26 15:16:30,2019-12-08,2019-12-09,239.3,228.5,-,-,[],C,158.39,1004.17,250,1584.96
company,21X000000001360B,,Terminale GNL Adriatico S.r.l.,Adriatic LNG,21X000000001360B,,,21X000000001360B/IT,2023-10-26 15:16:31,2019-12-09,2019-12-10,239.7,228.5,-,-,[],C,121.78,772.08,250,1584.99
company,21X000000001360B,,Terminale GNL Adriatico S.r.l.,Adriatic LNG,21X000000001360B,,,21X000000001360B/IT,2023-10-26 15:16:31,2019-12-10,2019-12-11,239.7,228.5,-,-,[],E,121.78,772.08,250,1584.99
company,21X000000001360B,,Terminale GNL Adriatico S.r.l.,Adriatic LNG,21X000000001360B,,,21X000000001360B/IT,2023-10-26 15:16:33,2019-12-11,2019-12-12,240.5,228.5,-,-,[],C,105.86,671.1,250,1584.88
company,21X000000001360B,,Terminale GNL Adriatico S.r.l.,Adriatic LNG,21X000000001360B,,,21X000000001360B/IT,2023-10-26 15:16:34,2019-12-12,2019-12-13,240.6,228.5,-,-,[],C,153.39,972.46,250,1584.95
company,21X000000001360B,,Terminale GNL Adriatico S.r.l.,Adriatic LNG,21X000000001360B,,,21X000000001360B/IT,2023-10-26 15:16:36,2019-12-13,2019-12-14,240.8,228.5,-,-,[],C,117.06,742.15,250,1584.98
company,21X000000001360B,,Terminale GNL Adriatico S.r.l.,Adriatic LNG,21X000000001360B,,,21X000000001360B/IT,2023-10-26 15:16:37,2019-12-14,2019-12-15,240.1,228.5,-,-,[],C,148.16,939.28,250,1584.91
company,21X000000001360B,,Terminale GNL Adriatico S.r.l.,Adriatic LNG,21X000000001360B,,,21X000000001360B/IT,2023-10-26 15:16:39,2019-12-15,2019-12-16,241,228.5,-,-,[],C,190.93,1210.42,250,1584.9
company,21X000000001360B,,Terminale GNL Adriatico S.r.l.,Adriatic LNG,21X000000001360B,,,21X000000001360B/IT,2023-10-26 15:16:40,2019-12-16,2019-12-17,240.3,228.5,-,-,[],C,154.55,979.81,250,1584.94
company,21X000000001360B,,Terminale GNL Adriatico S.r.l.,Adriatic LNG,21X000000001360B,,,21X000000001360B/IT,2023-10-26 15:16:41,2019-12-17,2019-12-18,240.3,228.5,-,-,[],C,118.12,748.85,250,1584.93
company,21X000000001360B,,Terminale GNL Adriatico S.r.l.,Adriatic LNG,21X000000001360B,,,21X000000001360B/IT,2023-10-26 15:16:43,2019-12-18,2019-12-19,240.3,228.5,-,-,[],C,158.89,1007.32,250,1584.93
company,21X000000001360B,,Terminale GNL Adriatico S.r.l.,Adriatic LNG,21X000000001360B,,,21X000000001360B/IT,2023-10-26 15:16:44,2019-12-19,2019-12-20,240.5,228.5,-,-,[],C,186.35,1181.41,250,1584.93
company,21X000000001360B,,Terminale GNL Adriatico S.r.l.,Adriatic LNG,21X000000001360B,,,21X000000001360B/IT,2023-10-26 15:16:45,2019-12-20,2019-12-21,240.5,228.5,-,-,[],C,150.03,951.14,250,1584.92
company,21X000000001360B,,Terminale GNL Adriatico S.r.l.,Adriatic LNG,21X000000001360B,,,21X000000001360B/IT,2023-10-26 15:16:47,2019-12-21,2019-12-22,240.5,228.5,-,-,[],C,113.63,720.38,250,1584.92
company,21X000000001360B,,Terminale GNL Adriatico S.r.l.,Adriatic LNG,21X000000001360B,,,21X000000001360B/IT,2023-10-26 15:16:48,2019-12-22,2019-12-23,208.7,228.5,-,-,[],C,132.19,838.06,250,1584.95
company,21X000000001360B,,Terminale GNL Adriatico S.r.l.,Adriatic LNG,21X000000001360B,,,21X000000001360B/IT,2023-10-26 15:16:49,2019-12-23,2019-12-24,240.7,228.5,-,-,[],C,191.88,1216.45,250,1584.91
company,21X000000001360B,,Terminale GNL Adriatico S.r.l.,Adriatic LNG,21X000000001360B,,,21X000000001360B/IT,2023-10-26 15:16:50,2019-12-24,2019-12-25,240.9,228.5,-,-,[],C,155.72,987.19,250,1584.88
company,21X000000001360B,,Terminale GNL Adriatico S.r.l.,Adriatic LNG,21X000000001360B,,,21X000000001360B/IT,2023-10-26 15:16:51,2019-12-25,2019-12-26,240.9,228.5,-,-,[],C,172.6,1094.22,250,1584.91
company,21X000000001360B,,Terminale GNL Adriatico S.r.l.,Adriatic LNG,21X000000001360B,,,21X000000001360B/IT,2023-10-26 15:16:52,2019-12-26,2019-12-27,240.7,228.5,-,-,[],C,223.67,1418.03,250,1584.96
company,21X000000001360B,,Terminale GNL Adriatico S.r.l.,Adriatic LNG,21X000000001360B,,,21X000000001360B/IT,2023-10-26 15:16:54,2019-12-27,2019-12-28,240.8,228.5,-,-,[],C,187.5,1188.7,250,1584.93
company,21X000000001360B,,Terminale GNL Adriatico S.r.l.,Adriatic LNG,21X000000001360B,,,21X000000001360B/IT,2023-10-26 15:16:55,2019-12-28,2019-12-29,240.7,228.5,-,-,[],C,150.86,956.38,250,1584.88
company,21X000000001360B,,Terminale GNL Adriatico S.r.l.,Adriatic LNG,21X000000001360B,,,21X000000001360B/IT,2023-10-26 15:16:56,2019-12-29,2019-12-30,240.8,228.5,-,-,[],C,149.37,946.98,250,1584.96
company,21X000000001360B,,Terminale GNL Adriatico S.r.l.,Adriatic LNG,21X000000001360B,,,21X000000001360B/IT,2023-10-26 15:16:58,2019-12-30,2019-12-31,240.5,228.5,-,-,[],C,225.23,1427.87,250,1584.9
company,21X000000001360B,,Terminale GNL Adriatico S.r.l.,Adriatic LNG,21X000000001360B,,,21X000000001360B/IT,2023-10-26 15:16:59,2019-12-31,2020-01-01,235.7,228.5,-,-,[],C,188.87,1197.4,250,1584.95
company,21X000000001360B,,Terminale GNL Adriatico S.r.l.,Adriatic LNG,21X000000001360B,,,21X000000001360B/IT,2023-10-26 15:17:00,2020-01-01,2020-01-02,240.7,227.9,-,-,[],C,152.39,966.11,250,1584.93
company,21X000000001360B,,Terminale GNL Adriatico S.r.l.,Adriatic LNG,21X000000001360B,,,21X000000001360B/IT,2023-10-26 15:17:01,2020-01-02,2020-01-03,240.7,227.9,-,-,[],C,116.02,735.54,250,1584.94
company,21X000000001360B,,Terminale GNL Adriatico S.r.l.,Adriatic LNG,21X000000001360B,,,21X000000001360B/IT,2023-10-26 15:17:03,2020-01-03,2020-01-04,240.7,227.9,-,-,[],C,117.73,746.38,250,1584.94
company,21X000000001360B,,Terminale GNL Adriatico S.r.l.,Adriatic LNG,21X000000001360B,,,21X000000001360B/IT,2023-10-26 15:17:04,2020-01-04,2020-01-05,170.8,227.9,-,-,[],C,178.31,1130.44,250,1584.94
company,21X000000001360B,,Terminale GNL Adriatico S.r.l.,Adriatic LNG,21X000000001360B,,,21X000000001360B/IT,2023-10-26 15:17:05,2020-01-05,2020-01-06,171.1,227.9,-,-,[],C,152.16,964.67,250,1584.96
company,21X000000001360B,,Terminale GNL Adriatico S.r.l.,Adriatic LNG,21X000000001360B,,,21X000000001360B/IT,2023-10-26 15:17:06,2020-01-06,2020-01-07,171.2,227.9,-,-,[],C,131.73,835.13,250,1584.93
company,21X000000001360B,,Terminale GNL Adriatico S.r.l.,Adriatic LNG,21X000000001360B,,,21X000000001360B/IT,2023-10-26 15:17:07,2020-01-07,2020-01-08,197.1,227.9,-,-,[],C,236.44,1498.97,250,1584.94
company,21X000000001360B,,Terminale GNL Adriatico S.r.l.,Adriatic LNG,21X000000001360B,,,21X000000001360B/IT,2023-10-26 15:17:08,2020-01-08,2020-01-09,262.1,227.9,-,-,[],C,196.73,1247.23,250,1584.95
company,21X000000001360B,,Terminale GNL Adriatico S.r.l.,Adriatic LNG,21X000000001360B,,,21X000000001360B/IT,2023-10-26 15:17:10,2020-01-09,2020-01-10,283.6,227.9,-,-,[],C,153.52,973.27,250,1584.92
company,21X000000001360B,,Terminale GNL Adriatico S.r.l.,Adriatic LNG,21X000000001360B,,,21X000000001360B/IT,2023-10-26 15:17:11,2020-01-10,2020-01-11,285.3,227.9,-,-,[],C,165.71,1050.57,250,1584.95
company,21X000000001360B,,Terminale GNL Adriatico S.r.l.,Adriatic LNG,21X000000001360B,,,21X000000001360B/IT,2023-10-26 15:17:12,2020-01-11,2020-01-12,175.2,227.9,-,-,[],C,230.86,1463.6,250,1584.94
company,21X000000001360B,,Terminale GNL Adriatico S.r.l.,Adriatic LNG,21X000000001360B,,,21X000000001360B/IT,2023-10-26 15:17:14,2020-01-12,2020-01-13,109.5,227.9,-,-,[],C,214.29,1358.55,250,1584.94
company,21X000000001360B,,Terminale GNL Adriatico S.r.l.,Adriatic LNG,21X000000001360B,,,21X000000001360B/IT,2023-10-26 15:17:14,2020-01-13,2020-01-14,109.5,227.9,-,-,[],E,214.29,1358.55,250,1584.94
company,21X000000001360B,,Terminale GNL Adriatico S.r.l.,Adriatic LNG,21X000000001360B,,,21X000000001360B/IT,2023-10-26 15:17:16,2020-01-14,2020-01-15,240,227.9,-,-,[],C,148.89,943.89,250,1584.88
company,21X000000001360B,,Terminale GNL Adriatico S.r.l.,Adriatic LNG,21X000000001360B,,,21X000000001360B/IT,2023-10-26 15:17:17,2020-01-15,2020-01-16,226,227.9,-,-,[],C,114.86,728.15,250,1584.86
company,21X000000001360B,,Terminale GNL Adriatico S.r.l.,Adriatic LNG,21X000000001360B,,,21X000000001360B/IT,2023-10-26 15:17:19,2020-01-16,2020-01-17,240.5,227.9,-,-,[],C,78.36,496.8,250,1584.99
company,21X000000001360B,,Terminale GNL Adriatico S.r.l.,Adriatic LNG,21X000000001360B,,,21X000000001360B/IT,2023-10-26 15:17:20,2020-01-17,2020-01-18,180.9,227.9,-,-,[],C,50.99,323.26,250,1584.92
company,21X000000001360B,,Terminale GNL Adriatico S.r.l.,Adriatic LNG,21X000000001360B,,,21X000000001360B/IT,2023-10-26 15:17:21,2020-01-18,2020-01-19,65.8,227.9,-,-,[],C,40.83,258.86,250,1584.99
company,21X000000001360B,,Terminale GNL Adriatico S.r.l.,Adriatic LNG,21X000000001360B,,,21X000000001360B/IT,2023-10-26 15:17:22,2020-01-19,2020-01-20,65.8,227.9,-,-,[],C,30.95,196.21,250,1584.89
company,21X000000001360B,,Terminale GNL Adriatico S.r.l.,Adriatic LNG,21X000000001360B,,,21X000000001360B/IT,2023-10-26 15:17:23,2020-01-20,2020-01-21,0,227.9,-,-,[],C,110.55,87.81,250,198.58
company,21X000000001360B,,Terminale GNL Adriatico S.r.l.,Adriatic LNG,21X000000001360B,,,21X000000001360B/IT,2023-10-26 15:17:25,2020-01-21,2020-01-22,172.9,227.9,-,-,[],C,136.32,864.25,250,1584.97
company,21X000000001360B,,Terminale GNL Adriatico S.r.l.,Adriatic LNG,21X000000001360B,,,21X000000001360B/IT,2023-10-26 15:17:26,2020-01-22,2020-01-23,240.5,227.9,-,-,[],C,165.16,1047.06,250,1584.92
company,21X000000001360B,,Terminale GNL Adriatico S.r.l.,Adriatic LNG,21X000000001360B,,,21X000000001360B/IT,2023-10-26 15:17:27,2020-01-23,2020-01-24,240.3,227.9,-,-,[],C,204.7,1297.75,250,1584.94
company,21X000000001360B,,Terminale GNL Adriatico S.r.l.,Adriatic LNG,21X000000001360B,,,21X000000001360B/IT,2023-10-26 15:17:28,2020-01-24,2020-01-25,240.6,227.9,-,-,[],C,168.46,1067.98,250,1584.92
company,21X000000001360B,,Terminale GNL Adriatico S.r.l.,Adriatic LNG,21X000000001360B,,,21X000000001360B/IT,2023-10-26 15:17:30,2020-01-25,2020-01-26,175.7,227.9,-,-,[],C,142.03,900.44,250,1584.95
company,21X000000001360B,,Terminale GNL Adriatico S.r.l.,Adriatic LNG,21X000000001360B,,,21X000000001360B/IT,2023-10-26 15:17:31,2020-01-26,2020-01-27,175.7,227.9,-,-,[],C,115.06,729.46,250,1584.96
company,21X000000001360B,,Terminale GNL Adriatico S.r.l.,Adriatic LNG,21X000000001360B,,,21X000000001360B/IT,2023-10-26 15:17:32,2020-01-27,2020-01-28,208.5,227.9,-,-,[],C,230.78,1463.07,250,1584.92
company,21X000000001360B,,Terminale GNL Adriatico S.r.l.,Adriatic LNG,21X000000001360B,,,21X000000001360B/IT,2023-10-26 15:17:34,2020-01-28,2020-01-29,235.9,227.9,-,-,[],C,194.82,1235.13,250,1584.96
company,21X000000001360B,,Terminale GNL Adriatico S.r.l.,Adriatic LNG,21X000000001360B,,,21X000000001360B/IT,2023-10-26 15:17:35,2020-01-29,2020-01-30,208.6,227.9,-,-,[],C,163.44,1036.18,250,1584.95
company,21X000000001360B,,Terminale GNL Adriatico S.r.l.,Adriatic LNG,21X000000001360B,,,21X000000001360B/IT,2023-10-26 15:17:36,2020-01-30,2020-01-31,232.9,227.9,-,-,[],C,128.19,812.68,250,1584.91
company,21X000000001360B,,Terminale GNL Adriatico S.r.l.,Adriatic LNG,21X000000001360B,,,21X000000001360B/IT,2023-10-26 15:17:37,2020-01-31,2020-02-01,232.9,227.9,-,-,[],C,93,589.58,250,1584.89
company,21X000000001360B,,Terminale GNL Adriatico S.r.l.,Adriatic LNG,21X000000001360B,,,21X000000001360B/IT,2023-10-26 15:17:38,2020-02-01,2020-02-02,149.4,227.9,-,-,[],C,70.55,447.3,250,1585.05
company,21X000000001360B,,Terminale GNL Adriatico S.r.l.,Adriatic LNG,21X000000001360B,,,21X000000001360B/IT,2023-10-26 15:17:40,2020-02-02,2020-02-03,104.2,227.9,-,-,[],C,54.83,347.6,250,1584.9
company,21X000000001360B,,Terminale GNL Adriatico S.r.l.,Adriatic LNG,21X000000001360B,,,21X000000001360B/IT,2023-10-26 15:17:41,2020-02-03,2020-02-04,197.7,227.9,-,-,[],C,101.44,643.08,250,1584.88
company,21X000000001360B,,Terminale GNL Adriatico S.r.l.,Adriatic LNG,21X000000001360B,,,21X000000001360B/IT,2023-10-26 15:17:42,2020-02-04,2020-02-05,191.9,227.9,-,-,[],C,136.58,865.87,250,1584.91
company,21X000000001360B,,Terminale GNL Adriatico S.r.l.,Adriatic LNG,21X000000001360B,,,21X000000001360B/IT,2023-10-26 15:17:43,2020-02-05,2020-02-06,226.2,227.9,-,-,[],C,101.94,646.27,250,1584.93
company,21X000000001360B,,Terminale GNL Adriatico S.r.l.,Adriatic LNG,21X000000001360B,,,21X000000001360B/IT,2023-10-26 15:17:45,2020-02-06,2020-02-07,236.1,227.9,-,-,[],C,66.49,421.5,250,1584.82
company,21X000000001360B,,Terminale GNL Adriatico S.r.l.,Adriatic LNG,21X000000001360B,,,21X000000001360B/IT,2023-10-26 15:17:46,2020-02-07,2020-02-08,240.5,227.9,-,-,[],C,85.34,541.02,250,1584.9
company,21X000000001360B,,Terminale GNL Adriatico S.r.l.,Adriatic LNG,21X000000001360B,,,21X000000001360B/IT,2023-10-26 15:17:47,2020-02-08,2020-02-09,130.4,227.9,-,-,[],C,151.08,957.83,250,1584.97
company,21X000000001360B,,Terminale GNL Adriatico S.r.l.,Adriatic LNG,21X000000001360B,,,21X000000001360B/IT,2023-10-26 15:17:48,2020-02-09,2020-02-10,122.8,227.9,-,-,[],C,132.45,839.72,250,1584.98
company,21X000000001360B,,Terminale GNL Adriatico S.r.l.,Adriatic LNG,21X000000001360B,,,21X000000001360B/IT,2023-10-26 15:17:49,2020-02-10,2020-02-11,239.6,227.9,-,-,[],C,95.6,606.05,250,1584.86
company,21X000000001360B,,Terminale GNL Adriatico S.r.l.,Adriatic LNG,21X000000001360B,,,21X000000001360B/IT,2023-10-26 15:17:50,2020-02-11,2020-02-12,240.3,227.9,-,-,[],C,107.62,682.29,250,1584.95
company,21X000000001360B,,Terminale GNL Adriatico S.r.l.,Adriatic LNG,21X000000001360B,,,21X000000001360B/IT,2023-10-26 15:17:52,2020-02-12,2020-02-13,240.1,227.9,-,-,[],C,170.54,1081.15,250,1584.89
company,21X000000001360B,,Terminale GNL Adriatico S.r.l.,Adriatic LNG,21X000000001360B,,,21X000000001360B/IT,2023-10-26 15:17:53,2020-02-13,2020-02-14,240.2,227.9,-,-,[],C,133.88,848.77,250,1584.95
company,21X000000001360B,,Terminale GNL Adriatico S.r.l.,Adriatic LNG,21X000000001360B,,,21X000000001360B/IT,2023-10-26 15:17:54,2020-02-14,2020-02-15,240.4,227.9,-,-,[],C,97.56,618.49,250,1584.9
company,21X000000001360B,,Terminale GNL Adriatico S.r.l.,Adriatic LNG,21X000000001360B,,,21X000000001360B/IT,2023-10-26 15:17:55,2020-02-15,2020-02-16,175.4,227.9,-,-,[],C,167.9,1064.41,250,1584.89
company,21X000000001360B,,Terminale GNL Adriatico S.r.l.,Adriatic LNG,21X000000001360B,,,21X000000001360B/IT,2023-10-26 15:17:56,2020-02-16,2020-02-17,175.4,227.9,-,-,[],C,134.44,852.28,250,1584.87
company,21X000000001360B,,Terminale GNL Adriatico S.r.l.,Adriatic LNG,21X000000001360B,,,21X000000001360B/IT,2023-10-26 15:17:57,2020-02-17,2020-02-18,237.8,227.9,-,-,[],C,147.26,933.59,250,1584.93
company,21X000000001360B,,Terminale GNL Adriatico S.r.l.,Adriatic LNG,21X000000001360B,,,21X000000001360B/IT,2023-10-26 15:17:59,2020-02-18,2020-02-19,240.3,227.9,-,-,[],C,111,703.73,250,1584.98
company,21X000000001360B,,Terminale GNL Adriatico S.r.l.,Adriatic LNG,21X000000001360B,,,21X000000001360B/IT,2023-10-26 15:17:59,2020-02-19,2020-02-20,240.3,227.9,-,-,[],E,111,703.73,250,1584.98
company,21X000000001360B,,Terminale GNL Adriatico S.r.l.,Adriatic LNG,21X000000001360B,,,21X000000001360B/IT,2023-10-26 15:17:59,2020-02-20,2020-02-21,240.3,227.9,-,-,[],E,111,703.73,250,1584.98
company,21X000000001360B,,Terminale GNL Adriatico S.r.l.,Adriatic LNG,21X000000001360B,,,21X000000001360B/IT,2023-10-26 15:18:02,2020-02-21,2020-02-22,207.7,227.9,-,-,[],C,153.41,972.6,250,1584.97
company,21X000000001360B,,Terminale GNL Adriatico S.r.l.,Adriatic LNG,21X000000001360B,,,21X000000001360B/IT,2023-10-26 15:18:04,2020-02-22,2020-02-23,142.9,227.9,-,-,[],C,131.86,835.93,250,1584.88
company,21X000000001360B,,Terminale GNL Adriatico S.r.l.,Adriatic LNG,21X000000001360B,,,21X000000001360B/IT,2023-10-26 15:18:05,2020-02-23,2020-02-24,142.7,227.9,-,-,[],C,174.82,1108.3,250,1584.92
company,21X000000001360B,,Terminale GNL Adriatico S.r.l.,Adriatic LNG,21X000000001360B,,,21X000000001360B/IT,2023-10-26 15:18:06,2020-02-24,2020-02-25,240.5,227.9,-,-,[],C,220.81,1399.89,250,1584.95
company,21X000000001360B,,Terminale GNL Adriatico S.r.l.,Adriatic LNG,21X000000001360B,,,21X000000001360B/IT,2023-10-26 15:18:07,2020-02-25,2020-02-26,240.8,227.9,-,-,[],C,184.34,1168.64,250,1584.9
company,21X000000001360B,,Terminale GNL Adriatico S.r.l.,Adriatic LNG,21X000000001360B,,,21X000000001360B/IT,2023-10-26 15:18:09,2020-02-26,2020-02-27,240.9,227.9,-,-,[],C,147.59,935.68,250,1584.93
company,21X000000001360B,,Terminale GNL Adriatico S.r.l.,Adriatic LNG,21X000000001360B,,,21X000000001360B/IT,2023-10-26 15:18:10,2020-02-27,2020-02-28,241,227.9,-,-,[],C,111.23,705.15,250,1584.89
company,21X000000001360B,,Terminale GNL Adriatico S.r.l.,Adriatic LNG,21X000000001360B,,,21X000000001360B/IT,2023-10-26 15:18:11,2020-02-28,2020-02-29,240.3,227.9,-,-,[],C,192.61,1221.11,250,1584.95
company,21X000000001360B,,Terminale GNL Adriatico S.r.l.,Adriatic LNG,21X000000001360B,,,21X000000001360B/IT,2023-10-26 15:18:12,2020-02-29,2020-03-01,72.3,227.9,-,-,[],C,205.24,1301.15,250,1584.91
company,21X000000001360B,,Terminale GNL Adriatico S.r.l.,Adriatic LNG,21X000000001360B,,,21X000000001360B/IT,2023-10-26 15:18:13,2020-03-01,2020-03-02,65.7,227.9,-,-,[],C,195.21,1237.6,250,1584.96
company,21X000000001360B,,Terminale GNL Adriatico S.r.l.,Adriatic LNG,21X000000001360B,,,21X000000001360B/IT,2023-10-26 15:18:13,2020-03-02,2020-03-03,65.7,227.9,-,-,[],E,195.21,1237.6,250,1584.96
company,21X000000001360B,,Terminale GNL Adriatico S.r.l.,Adriatic LNG,21X000000001360B,,,21X000000001360B/IT,2023-10-26 15:18:15,2020-03-03,2020-03-04,131.6,227.9,-,-,[],C,154.97,982.48,250,1584.95
company,21X000000001360B,,Terminale GNL Adriatico S.r.l.,Adriatic LNG,21X000000001360B,,,21X000000001360B/IT,2023-10-26 15:18:17,2020-03-04,2020-03-05,131.7,227.9,-,-,[],C,134.59,853.24,250,1584.89
company,21X000000001360B,,Terminale GNL Adriatico S.r.l.,Adriatic LNG,21X000000001360B,,,21X000000001360B/IT,2023-10-26 15:18:18,2020-03-05,2020-03-06,131.7,227.9,-,-,[],C,114.93,728.64,250,1584.96
company,21X000000001360B,,Terminale GNL Adriatico S.r.l.,Adriatic LNG,21X000000001360B,,,21X000000001360B/IT,2023-10-26 15:18:19,2020-03-06,2020-03-07,131.7,227.9,-,-,[],C,94.89,601.57,250,1584.91
company,21X000000001360B,,Terminale GNL Adriatico S.r.l.,Adriatic LNG,21X000000001360B,,,21X000000001360B/IT,2023-10-26 15:18:20,2020-03-07,2020-03-08,65.8,227.9,-,-,[],C,85.11,539.58,250,1584.95
company,21X000000001360B,,Terminale GNL Adriatico S.r.l.,Adriatic LNG,21X000000001360B,,,21X000000001360B/IT,2023-10-26 15:18:22,2020-03-08,2020-03-09,65.9,227.9,-,-,[],C,131.07,830.93,250,1584.9
company,21X000000001360B,,Terminale GNL Adriatico S.r.l.,Adriatic LNG,21X000000001360B,,,21X000000001360B/IT,2023-10-26 15:18:23,2020-03-09,2020-03-10,175.5,227.9,-,-,[],C,195.02,1236.36,250,1584.91
company,21X000000001360B,,Terminale GNL Adriatico S.r.l.,Adriatic LNG,21X000000001360B,,,21X000000001360B/IT,2023-10-26 15:18:24,2020-03-10,2020-03-11,227.3,227.9,-,-,[],C,160.41,1016.92,250,1584.88
company,21X000000001360B,,Terminale GNL Adriatico S.r.l.,Adriatic LNG,21X000000001360B,,,21X000000001360B/IT,2023-10-26 15:18:25,2020-03-11,2020-03-12,236.3,227.9,-,-,[],C,124.45,788.95,250,1584.87
company,21X000000001360B,,Terminale GNL Adriatico S.r.l.,Adriatic LNG,21X000000001360B,,,21X000000001360B/IT,2023-10-26 15:18:26,2020-03-12,2020-03-13,236.3,227.9,-,-,[],C,89.03,564.44,250,1584.97
company,21X000000001360B,,Terminale GNL Adriatico S.r.l.,Adriatic LNG,21X000000001360B,,,21X000000001360B/IT,2023-10-26 15:18:27,2020-03-13,2020-03-14,219.8,227.9,-,-,[],C,55.59,352.45,250,1585.04
company,21X000000001360B,,Terminale GNL Adriatico S.r.l.,Adriatic LNG,21X000000001360B,,,21X000000001360B/IT,2023-10-26 15:18:29,2020-03-14,2020-03-15,65.8,227.9,-,-,[],C,45.66,289.44,250,1584.76
company,21X000000001360B,,Terminale GNL Adriatico S.r.l.,Adriatic LNG,21X000000001360B,,,21X000000001360B/IT,2023-10-26 15:18:30,2020-03-15,2020-03-16,65.9,227.9,-,-,[],C,35.2,223.13,250,1584.73
company,21X000000001360B,,Terminale GNL Adriatico S.r.l.,Adriatic LNG,21X000000001360B,,,21X000000001360B/IT,2023-10-26 15:18:31,2020-03-16,2020-03-17,197.7,227.9,-,-,[],C,145.09,919.81,250,1584.9
company,21X000000001360B,,Terminale GNL Adriatico S.r.l.,Adriatic LNG,21X000000001360B,,,21X000000001360B/IT,2023-10-26 15:18:33,2020-03-17,2020-03-18,240.4,227.9,-,-,[],C,108.55,68.81,250,158.48
company,21X000000001360B,,Terminale GNL Adriatico S.r.l.,Adriatic LNG,21X000000001360B,,,21X000000001360B/IT,2023-10-26 15:18:34,2020-03-18,2020-03-19,240.7,227.9,-,-,[],C,72.15,457.39,250,1584.86
company,21X000000001360B,,Terminale GNL Adriatico S.r.l.,Adriatic LNG,21X000000001360B,,,21X000000001360B/IT,2023-10-26 15:18:35,2020-03-19,2020-03-20,240.6,227.9,-,-,[],C,64.07,406.21,250,1585.02
company,21X000000001360B,,Terminale GNL Adriatico S.r.l.,Adriatic LNG,21X000000001360B,,,21X000000001360B/IT,2023-10-26 15:18:37,2020-03-20,2020-03-21,240.2,227.9,-,-,[],C,144.63,916.91,250,1584.92
company,21X000000001360B,,Terminale GNL Adriatico S.r.l.,Adriatic LNG,21X000000001360B,,,21X000000001360B/IT,2023-10-26 15:18:38,2020-03-21,2020-03-22,175.6,227.9,-,-,[],C,118.2,749.33,250,1584.88
company,21X000000001360B,,Terminale GNL Adriatico S.r.l.,Adriatic LNG,21X000000001360B,,,21X000000001360B/IT,2023-10-26 15:18:39,2020-03-22,2020-03-23,131.8,227.9,-,-,[],C,98.3,623.19,250,1584.92
company,21X000000001360B,,Terminale GNL Adriatico S.r.l.,Adriatic LNG,21X000000001360B,,,21X000000001360B/IT,2023-10-26 15:18:41,2020-03-23,2020-03-24,131.7,227.9,-,-,[],C,78.08,495.01,250,1584.94
company,21X000000001360B,,Terminale GNL Adriatico S.r.l.,Adriatic LNG,21X000000001360B,,,21X000000001360B/IT,2023-10-26 15:18:42,2020-03-24,2020-03-25,98.7,227.9,-,-,[],C,63.27,401.11,250,1584.91
company,21X000000001360B,,Terminale GNL Adriatico S.r.l.,Adriatic LNG,21X000000001360B,,,21X000000001360B/IT,2023-10-26 15:18:43,2020-03-25,2020-03-26,98.8,227.9,-,-,[],C,48.26,305.96,250,1584.96
company,21X000000001360B,,Terminale GNL Adriatico S.r.l.,Adriatic LNG,21X000000001360B,,,21X000000001360B/IT,2023-10-26 15:18:44,2020-03-26,2020-03-27,65.8,227.9,-,-,[],C,38.27,242.6,250,1584.79
company,21X000000001360B,,Terminale GNL Adriatico S.r.l.,Adriatic LNG,21X000000001360B,,,21X000000001360B/IT,2023-10-26 15:18:45,2020-03-27,2020-03-28,87.8,227.9,-,-,[],C,93.35,591.83,250,1584.98
company,21X000000001360B,,Terminale GNL Adriatico S.r.l.,Adriatic LNG,21X000000001360B,,,21X000000001360B/IT,2023-10-26 15:18:46,2020-03-28,2020-03-29,175.5,227.9,-,-,[],C,138,874.9,250,1584.96
company,21X000000001360B,,Terminale GNL Adriatico S.r.l.,Adriatic LNG,21X000000001360B,,,21X000000001360B/IT,2023-10-26 15:18:47,2020-03-29,2020-03-30,240.3,227.9,-,-,[],C,242.21,1535.53,250,1584.92
company,21X000000001360B,,Terminale GNL Adriatico S.r.l.,Adriatic LNG,21X000000001360B,,,21X000000001360B/IT,2023-10-26 15:18:49,2020-03-30,2020-03-31,274.4,227.9,-,-,[],C,200.83,1273.23,250,1584.96
company,21X000000001360B,,Terminale GNL Adriatico S.r.l.,Adriatic LNG,21X000000001360B,,,21X000000001360B/IT,2023-10-26 15:18:50,2020-03-31,2020-04-01,273.4,227.9,-,-,[],C,159.6,1011.82,250,1584.93
company,21X000000001360B,,Terminale GNL Adriatico S.r.l.,Adriatic LNG,21X000000001360B,,,21X000000001360B/IT,2023-10-26 15:18:51,2020-04-01,2020-04-02,258.1,227.9,-,-,[],C,175.54,1112.87,250,1584.92
company,21X000000001360B,,Terminale GNL Adriatico S.r.l.,Adriatic LNG,21X000000001360B,,,21X000000001360B/IT,2023-10-26 15:18:53,2020-04-02,2020-04-03,257.9,227.9,-,-,[],C,221.22,1402.46,250,1584.92
company,21X000000001360B,,Terminale GNL Adriatico S.r.l.,Adriatic LNG,21X000000001360B,,,21X000000001360B/IT,2023-10-26 15:18:54,2020-04-03,2020-04-04,240.3,227.9,-,-,[],C,184.7,1170.96,250,1584.95
company,21X000000001360B,,Terminale GNL Adriatico S.r.l.,Adriatic LNG,21X000000001360B,,,21X000000001360B/IT,2023-10-26 15:18:55,2020-04-04,2020-04-05,240.5,227.9,-,-,[],C,147.98,938.12,250,1584.88
company,21X000000001360B,,Terminale GNL Adriatico S.r.l.,Adriatic LNG,21X000000001360B,,,21X000000001360B/IT,2023-10-26 15:18:56,2020-04-05,2020-04-06,240.6,227.9,-,-,[],C,111.61,707.58,250,1584.94
company,21X000000001360B,,Terminale GNL Adriatico S.r.l.,Adriatic LNG,21X000000001360B,,,21X000000001360B/IT,2023-10-26 15:18:57,2020-04-06,2020-04-07,240.4,227.9,-,-,[],C,215.29,1364.87,250,1584.92
company,21X000000001360B,,Terminale GNL Adriatico S.r.l.,Adriatic LNG,21X000000001360B,,,21X000000001360B/IT,2023-10-26 15:18:59,2020-04-07,2020-04-08,240.5,227.9,-,-,[],C,178.95,1134.49,250,1584.93
company,21X000000001360B,,Terminale GNL Adriatico S.r.l.,Adriatic LNG,21X000000001360B,,,21X000000001360B/IT,2023-10-26 15:19:00,2020-04-08,2020-04-09,240.5,227.9,-,-,[],C,142.5,903.39,250,1584.89
company,21X000000001360B,,Terminale GNL Adriatico S.r.l.,Adriatic LNG,21X000000001360B,,,21X000000001360B/IT,2023-10-26 15:19:01,2020-04-09,2020-04-10,240.5,227.9,-,-,[],C,195.06,1236.65,250,1584.96
company,21X000000001360B,,Terminale GNL Adriatico S.r.l.,Adriatic LNG,21X000000001360B,,,21X000000001360B/IT,2023-10-26 15:19:02,2020-04-10,2020-04-11,240.4,227.9,-,-,[],C,215.84,1368.39,250,1584.96
company,21X000000001360B,,Terminale GNL Adriatico S.r.l.,Adriatic LNG,21X000000001360B,,,21X000000001360B/IT,2023-10-26 15:19:03,2020-04-11,2020-04-12,164.6,227.9,-,-,[],C,191.03,1211.06,250,1584.91
company,21X000000001360B,,Terminale GNL Adriatico S.r.l.,Adriatic LNG,21X000000001360B,,,21X000000001360B/IT,2023-10-26 15:19:05,2020-04-12,2020-04-13,164.6,227.9,-,-,[],C,165.98,1052.26,250,1584.92
company,21X000000001360B,,Terminale GNL Adriatico S.r.l.,Adriatic LNG,21X000000001360B,,,21X000000001360B/IT,2023-10-26 15:19:06,2020-04-13,2020-04-14,240.5,227.9,-,-,[],C,129.13,818.62,250,1584.88
company,21X000000001360B,,Terminale GNL Adriatico S.r.l.,Adriatic LNG,21X000000001360B,,,21X000000001360B/IT,2023-10-26 15:19:07,2020-04-14,2020-04-15,240.6,227.9,-,-,[],C,92.86,588.68,250,1584.86
company,21X000000001360B,,Terminale GNL Adriatico S.r.l.,Adriatic LNG,21X000000001360B,,,21X000000001360B/IT,2023-10-26 15:19:08,2020-04-15,2020-04-16,240.5,227.9,-,-,[],C,161.51,1023.94,250,1584.95
company,21X000000001360B,,Terminale GNL Adriatico S.r.l.,Adriatic LNG,21X000000001360B,,,21X000000001360B/IT,2023-10-26 15:19:09,2020-04-16,2020-04-17,240.4,227.9,-,-,[],C,167.21,1060.07,250,1584.94
company,21X000000001360B,,Terminale GNL Adriatico S.r.l.,Adriatic LNG,21X000000001360B,,,21X000000001360B/IT,2023-10-26 15:19:11,2020-04-17,2020-04-18,240.5,227.9,-,-,[],C,130.77,829.04,250,1584.92
company,21X000000001360B,,Terminale GNL Adriatico S.r.l.,Adriatic LNG,21X000000001360B,,,21X000000001360B/IT,2023-10-26 15:19:12,2020-04-18,2020-04-19,175.7,227.9,-,-,[],C,104.34,661.47,250,1584.89
company,21X000000001360B,,Terminale GNL Adriatico S.r.l.,Adriatic LNG,21X000000001360B,,,21X000000001360B/IT,2023-10-26 15:19:13,2020-04-19,2020-04-20,175.5,227.9,-,-,[],C,224.19,1421.32,250,1584.95
company,21X000000001360B,,Terminale GNL Adriatico S.r.l.,Adriatic LNG,21X000000001360B,,,21X000000001360B/IT,2023-10-26 15:19:14,2020-04-20,2020-04-21,240.5,227.9,-,-,[],C,187.57,1189.15,250,1584.94
company,21X000000001360B,,Terminale GNL Adriatico S.r.l.,Adriatic LNG,21X000000001360B,,,21X000000001360B/IT,2023-10-26 15:19:15,2020-04-21,2020-04-22,240.5,227.9,-,-,[],C,151.12,958.07,250,1584.95
company,21X000000001360B,,Terminale GNL Adriatico S.r.l.,Adriatic LNG,21X000000001360B,,,21X000000001360B/IT,2023-10-26 15:19:17,2020-04-22,2020-04-23,240.5,227.9,-,-,[],C,114.79,727.72,250,1584.89
company,21X000000001360B,,Terminale GNL Adriatico S.r.l.,Adriatic LNG,21X000000001360B,,,21X000000001360B/IT,2023-10-26 15:19:18,2020-04-23,2020-04-24,240.4,227.9,-,-,[],C,176.26,1117.47,250,1584.97
company,21X000000001360B,,Terminale GNL Adriatico S.r.l.,Adriatic LNG,21X000000001360B,,,21X000000001360B/IT,2023-10-26 15:19:19,2020-04-24,2020-04-25,240.2,227.9,-,-,[],C,186.6,1182.98,250,1584.91
company,21X000000001360B,,Terminale GNL Adriatico S.r.l.,Adriatic LNG,21X000000001360B,,,21X000000001360B/IT,2023-10-26 15:19:20,2020-04-25,2020-04-26,175.5,227.9,-,-,[],C,160,1014.34,250,1584.91
company,21X000000001360B,,Terminale GNL Adriatico S.r.l.,Adriatic LNG,21X000000001360B,,,21X000000001360B/IT,2023-10-26 15:19:21,2020-04-26,2020-04-27,175.6,227.9,-,-,[],C,133.36,845.44,250,1584.88
company,21X000000001360B,,Terminale GNL Adriatico S.r.l.,Adriatic LNG,21X000000001360B,,,21X000000001360B/IT,2023-10-26 15:19:23,2020-04-27,2020-04-28,197.6,227.9,-,-,[],C,103.18,654.11,250,1584.88
company,21X000000001360B,,Terminale GNL Adriatico S.r.l.,Adriatic LNG,21X000000001360B,,,21X000000001360B/IT,2023-10-26 15:19:24,2020-04-28,2020-04-29,65.8,227.9,-,-,[],C,151.04,957.52,250,1584.88
company,21X000000001360B,,Terminale GNL Adriatico S.r.l.,Adriatic LNG,21X000000001360B,,,21X000000001360B/IT,2023-10-26 15:19:25,2020-04-29,2020-04-30,64.6,227.9,-,-,[],C,223.26,1415.4,250,1584.92
company,21X000000001360B,,Terminale GNL Adriatico S.r.l.,Adriatic LNG,21X000000001360B,,,21X000000001360B/IT,2023-10-26 15:19:25,2020-04-30,2020-05-01,64.6,227.9,-,-,[],E,223.26,1415.4,250,1584.92
company,21X000000001360B,,Terminale GNL Adriatico S.r.l.,Adriatic LNG,21X000000001360B,,,21X000000001360B/IT,2023-10-26 15:19:28,2020-05-01,2020-05-02,140.5,227.9,-,-,[],C,191.66,1215.06,250,1584.92
company,21X000000001360B,,Terminale GNL Adriatico S.r.l.,Adriatic LNG,21X000000001360B,,,21X000000001360B/IT,2023-10-26 15:19:29,2020-05-02,2020-05-03,140.5,227.9,-,-,[],C,170.28,1079.49,250,1584.87
company,21X000000001360B,,Terminale GNL Adriatico S.r.l.,Adriatic LNG,21X000000001360B,,,21X000000001360B/IT,2023-10-26 15:19:30,2020-05-03,2020-05-04,140.6,227.9,-,-,[],C,148.88,943.86,250,1584.93
company,21X000000001360B,,Terminale GNL Adriatico S.r.l.,Adriatic LNG,21X000000001360B,,,21X000000001360B/IT,2023-10-26 15:19:31,2020-05-04,2020-05-05,240.6,227.9,-,-,[],C,184.31,1168.46,250,1584.91
company,21X000000001360B,,Terminale GNL Adriatico S.r.l.,Adriatic LNG,21X000000001360B,,,21X000000001360B/IT,2023-10-26 15:19:33,2020-05-05,2020-05-06,240.3,227.9,-,-,[],C,215.77,1367.89,250,1584.89
company,21X000000001360B,,Terminale GNL Adriatico S.r.l.,Adriatic LNG,21X000000001360B,,,21X000000001360B/IT,2023-10-26 15:19:34,2020-05-06,2020-05-07,240.6,227.9,-,-,[],C,179.43,1137.53,250,1584.92
company,21X000000001360B,,Terminale GNL Adriatico S.r.l.,Adriatic LNG,21X000000001360B,,,21X000000001360B/IT,2023-10-26 15:19:35,2020-05-07,2020-05-08,240.6,227.9,-,-,[],C,143.03,906.76,250,1584.91
company,21X000000001360B,,Terminale GNL Adriatico S.r.l.,Adriatic LNG,21X000000001360B,,,21X000000001360B/IT,2023-10-26 15:19:36,2020-05-08,2020-05-09,240.7,227.9,-,-,[],C,106.65,676.11,250,1584.88
company,21X000000001360B,,Terminale GNL Adriatico S.r.l.,Adriatic LNG,21X000000001360B,,,21X000000001360B/IT,2023-10-26 15:19:38,2020-05-09,2020-05-10,240.6,227.9,-,-,[],C,140.2,888.84,250,1584.95
company,21X000000001360B,,Terminale GNL Adriatico S.r.l.,Adriatic LNG,21X000000001360B,,,21X000000001360B/IT,2023-10-26 15:19:39,2020-05-10,2020-05-11,240.5,227.9,-,-,[],C,173.7,1101.19,250,1584.9
company,21X000000001360B,,Terminale GNL Adriatico S.r.l.,Adriatic LNG,21X000000001360B,,,21X000000001360B/IT,2023-10-26 15:19:40,2020-05-11,2020-05-12,240.5,227.9,-,-,[],C,137.26,870.17,250,1584.89
company,21X000000001360B,,Terminale GNL Adriatico S.r.l.,Adriatic LNG,21X000000001360B,,,21X000000001360B/IT,2023-10-26 15:19:41,2020-05-12,2020-05-13,240.6,227.9,-,-,[],C,100.82,639.17,250,1584.93
company,21X000000001360B,,Terminale GNL Adriatico S.r.l.,Adriatic LNG,21X000000001360B,,,21X000000001360B/IT,2023-10-26 15:19:42,2020-05-13,2020-05-14,241.2,227.9,-,-,[],C,143.65,910.68,250,1584.89
company,21X000000001360B,,Terminale GNL Adriatico S.r.l.,Adriatic LNG,21X000000001360B,,,21X000000001360B/IT,2023-10-26 15:19:44,2020-05-14,2020-05-15,235.9,227.9,-,-,[],C,153.72,974.53,250,1584.91
company,21X000000001360B,,Terminale GNL Adriatico S.r.l.,Adriatic LNG,21X000000001360B,,,21X000000001360B/IT,2023-10-26 15:19:45,2020-05-15,2020-05-16,235.5,227.9,-,-,[],C,117.6,745.54,250,1584.91
company,21X000000001360B,,Terminale GNL Adriatico S.r.l.,Adriatic LNG,21X000000001360B,,,21X000000001360B/IT,2023-10-26 15:19:46,2020-05-16,2020-05-17,171.8,227.9,-,-,[],C,166.43,1055.09,250,1584.89
company,21X000000001360B,,Terminale GNL Adriatico S.r.l.,Adriatic LNG,21X000000001360B,,,21X000000001360B/IT,2023-10-26 15:19:47,2020-05-17,2020-05-18,171,227.9,-,-,[],C,205.4,1302.17,250,1584.92
company,21X000000001360B,,Terminale GNL Adriatico S.r.l.,Adriatic LNG,21X000000001360B,,,21X000000001360B/IT,2023-10-26 15:19:48,2020-05-18,2020-05-19,239.3,227.9,-,-,[],C,168.63,1069.09,250,1584.96
company,21X000000001360B,,Terminale GNL Adriatico S.r.l.,Adriatic LNG,21X000000001360B,,,21X000000001360B/IT,2023-10-26 15:19:50,2020-05-19,2020-05-20,239.4,227.9,-,-,[],C,132.26,838.49,250,1584.93
company,21X000000001360B,,Terminale GNL Adriatico S.r.l.,Adriatic LNG,21X000000001360B,,,21X000000001360B/IT,2023-10-26 15:19:51,2020-05-20,2020-05-21,239.4,227.9,-,-,[],C,95.89,607.89,250,1584.86
company,21X000000001360B,,Terminale GNL Adriatico S.r.l.,Adriatic LNG,21X000000001360B,,,21X000000001360B/IT,2023-10-26 15:19:52,2020-05-21,2020-05-22,239.4,227.9,-,-,[],C,134.98,855.75,250,1584.96
company,21X000000001360B,,Terminale GNL Adriatico S.r.l.,Adriatic LNG,21X000000001360B,,,21X000000001360B/IT,2023-10-26 15:19:53,2020-05-22,2020-05-23,240.2,227.9,-,-,[],C,168.99,1071.35,250,1584.93
company,21X000000001360B,,Terminale GNL Adriatico S.r.l.,Adriatic LNG,21X000000001360B,,,21X000000001360B/IT,2023-10-26 15:19:54,2020-05-23,2020-05-24,175.2,227.9,-,-,[],C,142.47,903.24,250,1584.97
company,21X000000001360B,,Terminale GNL Adriatico S.r.l.,Adriatic LNG,21X000000001360B,,,21X000000001360B/IT,2023-10-26 15:19:55,2020-05-24,2020-05-25,175.2,227.9,-,-,[],C,115.74,733.78,250,1584.97
company,21X000000001360B,,Terminale GNL Adriatico S.r.l.,Adriatic LNG,21X000000001360B,,,21X000000001360B/IT,2023-10-26 15:19:56,2020-05-25,2020-05-26,239.9,227.9,-,-,[],C,186.12,1179.93,250,1584.9
company,21X000000001360B,,Terminale GNL Adriatico S.r.l.,Adriatic LNG,21X000000001360B,,,21X000000001360B/IT,2023-10-26 15:19:57,2020-05-26,2020-05-27,164.3,227.9,-,-,[],C,194.32,1231.9,250,1584.89
company,21X000000001360B,,Terminale GNL Adriatico S.r.l.,Adriatic LNG,21X000000001360B,,,21X000000001360B/IT,2023-10-26 15:19:59,2020-05-27,2020-05-28,164.5,227.9,-,-,[],C,169.31,1073.38,250,1584.93
company,21X000000001360B,,Terminale GNL Adriatico S.r.l.,Adriatic LNG,21X000000001360B,,,21X000000001360B/IT,2023-10-26 15:20:00,2020-05-28,2020-05-29,164.6,227.9,-,-,[],C,144.36,915.23,250,1584.98
company,21X000000001360B,,Terminale GNL Adriatico S.r.l.,Adriatic LNG,21X000000001360B,,,21X000000001360B/IT,2023-10-26 15:20:01,2020-05-29,2020-05-30,164.5,227.9,-,-,[],C,119.37,756.75,250,1584.88
company,21X000000001360B,,Terminale GNL Adriatico S.r.l.,Adriatic LNG,21X000000001360B,,,21X000000001360B/IT,2023-10-26 15:20:02,2020-05-30,2020-05-31,162.3,227.9,-,-,[],C,94.67,600.17,250,1584.9
company,21X000000001360B,,Terminale GNL Adriatico S.r.l.,Adriatic LNG,21X000000001360B,,,21X000000001360B/IT,2023-10-26 15:20:03,2020-05-31,2020-06-01,162.4,227.9,-,-,[],C,69.96,443.55,250,1585.01
company,21X000000001360B,,Terminale GNL Adriatico S.r.l.,Adriatic LNG,21X000000001360B,,,21X000000001360B/IT,2023-10-26 15:20:04,2020-06-01,2020-06-02,142.6,227.9,-,-,[],C,130.06,824.54,250,1584.92
company,21X000000001360B,,Terminale GNL Adriatico S.r.l.,Adriatic LNG,21X000000001360B,,,21X000000001360B/IT,2023-10-26 15:20:06,2020-06-02,2020-06-03,204.1,227.9,-,-,[],C,162.8,1032.1,250,1584.92
company,21X000000001360B,,Terminale GNL Adriatico S.r.l.,Adriatic LNG,21X000000001360B,,,21X000000001360B/IT,2023-10-26 15:20:07,2020-06-03,2020-06-04,230.5,227.9,-,-,[],C,127.73,809.78,250,1584.94
company,21X000000001360B,,Terminale GNL Adriatico S.r.l.,Adriatic LNG,21X000000001360B,,,21X000000001360B/IT,2023-10-26 15:20:08,2020-06-04,2020-06-05,240.4,227.9,-,-,[],C,91.27,578.65,250,1585
company,21X000000001360B,,Terminale GNL Adriatico S.r.l.,Adriatic LNG,21X000000001360B,,,21X000000001360B/IT,2023-10-26 15:20:09,2020-06-05,2020-06-06,240.5,227.9,-,-,[],C,54.87,347.86,250,1584.93
company,21X000000001360B,,Terminale GNL Adriatico S.r.l.,Adriatic LNG,21X000000001360B,,,21X000000001360B/IT,2023-10-26 15:20:10,2020-06-06,2020-06-07,184.5,227.9,-,-,[],C,167.24,1060.26,250,1584.94
company,21X000000001360B,,Terminale GNL Adriatico S.r.l.,Adriatic LNG,21X000000001360B,,,21X000000001360B/IT,2023-10-26 15:20:12,2020-06-07,2020-06-08,155.9,227.9,-,-,[],C,143.43,909.28,250,1584.88
company,21X000000001360B,,Terminale GNL Adriatico S.r.l.,Adriatic LNG,21X000000001360B,,,21X000000001360B/IT,2023-10-26 15:20:13,2020-06-08,2020-06-09,240.7,227.9,-,-,[],C,106.89,677.68,250,1584.99
company,21X000000001360B,,Terminale GNL Adriatico S.r.l.,Adriatic LNG,21X000000001360B,,,21X000000001360B/IT,2023-10-26 15:20:15,2020-06-09,2020-06-10,240.7,227.9,-,-,[],C,70.71,448.26,250,1584.85
company,21X000000001360B,,Terminale GNL Adriatico S.r.l.,Adriatic LNG,21X000000001360B,,,21X000000001360B/IT,2023-10-26 15:20:17,2020-06-10,2020-06-11,240.6,227.9,-,-,[],C,159.71,1012.5,250,1584.9
company,21X000000001360B,,Terminale GNL Adriatico S.r.l.,Adriatic LNG,21X000000001360B,,,21X000000001360B/IT,2023-10-26 15:20:18,2020-06-11,2020-06-12,240.4,227.9,-,-,[],C,130.42,826.83,250,1584.94
company,21X000000001360B,,Terminale GNL Adriatico S.r.l.,Adriatic LNG,21X000000001360B,,,21X000000001360B/IT,2023-10-26 15:20:20,2020-06-12,2020-06-13,240.7,227.9,-,-,[],C,94.01,596,250,1584.94
company,21X000000001360B,,Terminale GNL Adriatico S.r.l.,Adriatic LNG,21X000000001360B,,,21X000000001360B/IT,2023-10-26 15:20:21,2020-06-13,2020-06-14,175.8,227.9,-,-,[],C,67.52,428.06,250,1584.94
company,21X000000001360B,,Terminale GNL Adriatico S.r.l.,Adriatic LNG,21X000000001360B,,,21X000000001360B/IT,2023-10-26 15:20:22,2020-06-14,2020-06-15,175.9,227.9,-,-,[],C,161.85,1026.05,250,1584.88
company,21X000000001360B,,Terminale GNL Adriatico S.r.l.,Adriatic LNG,21X000000001360B,,,21X000000001360B/IT,2023-10-26 15:20:24,2020-06-15,2020-06-16,240.6,227.9,-,-,[],C,145.2,920.55,250,1584.97
company,21X000000001360B,,Terminale GNL Adriatico S.r.l.,Adriatic LNG,21X000000001360B,,,21X000000001360B/IT,2023-10-26 15:20:25,2020-06-16,2020-06-17,240.4,227.9,-,-,[],C,108.79,689.7,250,1584.93
company,21X000000001360B,,Terminale GNL Adriatico S.r.l.,Adriatic LNG,21X000000001360B,,,21X000000001360B/IT,2023-10-26 15:20:27,2020-06-17,2020-06-18,240.5,227.9,-,-,[],C,72.41,459.03,250,1584.83
company,21X000000001360B,,Terminale GNL Adriatico S.r.l.,Adriatic LNG,21X000000001360B,,,21X000000001360B/IT,2023-10-26 15:20:29,2020-06-18,2020-06-19,240.6,227.9,-,-,[],C,175.59,1113.16,250,1584.89
company,21X000000001360B,,Terminale GNL Adriatico S.r.l.,Adriatic LNG,21X000000001360B,,,21X000000001360B/IT,2023-10-26 15:20:30,2020-06-19,2020-06-20,235.9,227.9,-,-,[],C,142.09,900.84,250,1584.98
company,21X000000001360B,,Terminale GNL Adriatico S.r.l.,Adriatic LNG,21X000000001360B,,,21X000000001360B/IT,2023-10-26 15:20:32,2020-06-20,2020-06-21,175.7,227.9,-,-,[],C,115.61,732.93,250,1584.92
company,21X000000001360B,,Terminale GNL Adriatico S.r.l.,Adriatic LNG,21X000000001360B,,,21X000000001360B/IT,2023-10-26 15:20:33,2020-06-21,2020-06-22,175.7,227.9,-,-,[],C,88.99,564.19,250,1584.98
company,21X000000001360B,,Terminale GNL Adriatico S.r.l.,Adriatic LNG,21X000000001360B,,,21X000000001360B/IT,2023-10-26 15:20:35,2020-06-22,2020-06-23,240.6,227.9,-,-,[],C,52.34,331.79,250,1584.78
company,21X000000001360B,,Terminale GNL Adriatico S.r.l.,Adriatic LNG,21X000000001360B,,,21X000000001360B/IT,2023-10-26 15:20:36,2020-06-23,2020-06-24,240.3,227.9,-,-,[],C,192.31,1219.18,250,1584.91
company,21X000000001360B,,Terminale GNL Adriatico S.r.l.,Adriatic LNG,21X000000001360B,,,21X000000001360B/IT,2023-10-26 15:20:37,2020-06-24,2020-06-25,239.8,227.9,-,-,[],C,192.63,1221.19,250,1584.89
company,21X000000001360B,,Terminale GNL Adriatico S.r.l.,Adriatic LNG,21X000000001360B,,,21X000000001360B/IT,2023-10-26 15:20:39,2020-06-25,2020-06-26,240.1,227.9,-,-,[],C,156.14,989.88,250,1584.92
company,21X000000001360B,,Terminale GNL Adriatico S.r.l.,Adriatic LNG,21X000000001360B,,,21X000000001360B/IT,2023-10-26 15:20:40,2020-06-26,2020-06-27,240.1,227.9,-,-,[],C,178.55,1131.95,250,1584.92
company,21X000000001360B,,Terminale GNL Adriatico S.r.l.,Adriatic LNG,21X000000001360B,,,21X000000001360B/IT,2023-10-26 15:20:42,2020-06-27,2020-06-28,240.2,227.9,-,-,[],C,223.8,1418.83,250,1584.93
company,21X000000001360B,,Terminale GNL Adriatico S.r.l.,Adriatic LNG,21X000000001360B,,,21X000000001360B/IT,2023-10-26 15:20:43,2020-06-28,2020-06-29,240.4,227.9,-,-,[],C,187.44,1188.32,250,1584.93
company,21X000000001360B,,Terminale GNL Adriatico S.r.l.,Adriatic LNG,21X000000001360B,,,21X000000001360B/IT,2023-10-26 15:20:45,2020-06-29,2020-06-30,287.3,227.9,-,-,[],C,143.78,911.53,250,1584.94
company,21X000000001360B,,Terminale GNL Adriatico S.r.l.,Adriatic LNG,21X000000001360B,,,21X000000001360B/IT,2023-10-26 15:20:46,2020-06-30,2020-07-01,286.5,227.9,-,-,[],C,174.49,1106.22,250,1584.93
company,21X000000001360B,,Terminale GNL Adriatico S.r.l.,Adriatic LNG,21X000000001360B,,,21X000000001360B/IT,2023-10-26 15:20:47,2020-07-01,2020-07-02,285.3,227.9,-,-,[],C,203.98,1293.15,250,1584.9
company,21X000000001360B,,Terminale GNL Adriatico S.r.l.,Adriatic LNG,21X000000001360B,,,21X000000001360B/IT,2023-10-26 15:20:49,2020-07-02,2020-07-03,285.5,227.9,-,-,[],C,160.83,1019.63,250,1584.95
company,21X000000001360B,,Terminale GNL Adriatico S.r.l.,Adriatic LNG,21X000000001360B,,,21X000000001360B/IT,2023-10-26 15:20:50,2020-07-03,2020-07-04,285.5,227.9,-,-,[],C,117.61,745.61,250,1584.92
company,21X000000001360B,,Terminale GNL Adriatico S.r.l.,Adriatic LNG,21X000000001360B,,,21X000000001360B/IT,2023-10-26 15:20:52,2020-07-04,2020-07-05,285.4,227.9,-,-,[],C,154.71,980.8,250,1584.9
company,21X000000001360B,,Terminale GNL Adriatico S.r.l.,Adriatic LNG,21X000000001360B,,,21X000000001360B/IT,2023-10-26 15:20:53,2020-07-05,2020-07-06,285.4,227.9,-,-,[],C,178.38,1130.86,250,1584.9
company,21X000000001360B,,Terminale GNL Adriatico S.r.l.,Adriatic LNG,21X000000001360B,,,21X000000001360B/IT,2023-10-26 15:20:55,2020-07-06,2020-07-07,285.6,227.9,-,-,[],C,135.2,857.11,250,1584.89
company,21X000000001360B,,Terminale GNL Adriatico S.r.l.,Adriatic LNG,21X000000001360B,,,21X000000001360B/IT,2023-10-26 15:20:56,2020-07-07,2020-07-08,285.6,227.9,-,-,[],C,91.99,583.2,250,1584.95
company,21X000000001360B,,Terminale GNL Adriatico S.r.l.,Adriatic LNG,21X000000001360B,,,21X000000001360B/IT,2023-10-26 15:20:58,2020-07-08,2020-07-09,285.3,227.9,-,-,[],C,180.43,1143.89,250,1584.95
company,21X000000001360B,,Terminale GNL Adriatico S.r.l.,Adriatic LNG,21X000000001360B,,,21X000000001360B/IT,2023-10-26 15:20:59,2020-07-09,2020-07-10,283.5,227.9,-,-,[],C,214.14,1357.57,250,1584.91
company,21X000000001360B,,Terminale GNL Adriatico S.r.l.,Adriatic LNG,21X000000001360B,,,21X000000001360B/IT,2023-10-26 15:21:00,2020-07-10,2020-07-11,239.9,227.9,-,-,[],C,177.9,1127.81,250,1584.89
company,21X000000001360B,,Terminale GNL Adriatico S.r.l.,Adriatic LNG,21X000000001360B,,,21X000000001360B/IT,2023-10-26 15:21:02,2020-07-11,2020-07-12,240.1,227.9,-,-,[],C,141.49,896.98,250,1584.88
company,21X000000001360B,,Terminale GNL Adriatico S.r.l.,Adriatic LNG,21X000000001360B,,,21X000000001360B/IT,2023-10-26 15:21:03,2020-07-12,2020-07-13,196.2,227.9,-,-,[],C,111.94,709.65,250,1584.89
company,21X000000001360B,,Terminale GNL Adriatico S.r.l.,Adriatic LNG,21X000000001360B,,,21X000000001360B/IT,2023-10-26 15:21:05,2020-07-13,2020-07-14,239.9,227.9,-,-,[],C,125.89,798.13,250,1584.97
company,21X000000001360B,,Terminale GNL Adriatico S.r.l.,Adriatic LNG,21X000000001360B,,,21X000000001360B/IT,2023-10-26 15:21:06,2020-07-14,2020-07-15,240,227.9,-,-,[],C,179,1134.78,250,1584.89
company,21X000000001360B,,Terminale GNL Adriatico S.r.l.,Adriatic LNG,21X000000001360B,,,21X000000001360B/IT,2023-10-26 15:21:07,2020-07-15,2020-07-16,239.9,227.9,-,-,[],C,142.69,904.61,250,1584.92
company,21X000000001360B,,Terminale GNL Adriatico S.r.l.,Adriatic LNG,21X000000001360B,,,21X000000001360B/IT,2023-10-26 15:21:09,2020-07-16,2020-07-17,239.8,227.9,-,-,[],C,165.5,1049.21,250,1584.91
company,21X000000001360B,,Terminale GNL Adriatico S.r.l.,Adriatic LNG,21X000000001360B,,,21X000000001360B/IT,2023-10-26 15:21:10,2020-07-17,2020-07-18,239.7,227.9,-,-,[],C,216.86,1374.81,250,1584.91
company,21X000000001360B,,Terminale GNL Adriatico S.r.l.,Adriatic LNG,21X000000001360B,,,21X000000001360B/IT,2023-10-26 15:21:11,2020-07-18,2020-07-19,239.9,227.9,-,-,[],C,180.46,1144.04,250,1584.89
company,21X000000001360B,,Terminale GNL Adriatico S.r.l.,Adriatic LNG,21X000000001360B,,,21X000000001360B/IT,2023-10-26 15:21:13,2020-07-19,2020-07-20,228.9,227.9,-,-,[],C,145.64,923.29,250,1584.88
company,21X000000001360B,,Terminale GNL Adriatico S.r.l.,Adriatic LNG,21X000000001360B,,,21X000000001360B/IT,2023-10-26 15:21:14,2020-07-20,2020-07-21,240,227.9,-,-,[],C,184.56,1170.04,250,1584.9
company,21X000000001360B,,Terminale GNL Adriatico S.r.l.,Adriatic LNG,21X000000001360B,,,21X000000001360B/IT,2023-10-26 15:21:15,2020-07-21,2020-07-22,240.5,227.9,-,-,[],C,214.66,1360.91,250,1584.96
company,21X000000001360B,,Terminale GNL Adriatico S.r.l.,Adriatic LNG,21X000000001360B,,,21X000000001360B/IT,2023-10-26 15:21:17,2020-07-22,2020-07-23,240.6,227.9,-,-,[],C,178.4,1131.03,250,1584.96
company,21X000000001360B,,Terminale GNL Adriatico S.r.l.,Adriatic LNG,21X000000001360B,,,21X000000001360B/IT,2023-10-26 15:21:18,2020-07-23,2020-07-24,240.6,227.9,-,-,[],C,141.99,900.14,250,1584.87
company,21X000000001360B,,Terminale GNL Adriatico S.r.l.,Adriatic LNG,21X000000001360B,,,21X000000001360B/IT,2023-10-26 15:21:19,2020-07-24,2020-07-25,240.5,227.9,-,-,[],C,160.2,1015.65,250,1584.97
company,21X000000001360B,,Terminale GNL Adriatico S.r.l.,Adriatic LNG,21X000000001360B,,,21X000000001360B/IT,2023-10-26 15:21:20,2020-07-25,2020-07-26,237.9,227.9,-,-,[],C,209.18,1326.11,250,1584.89
company,21X000000001360B,,Terminale GNL Adriatico S.r.l.,Adriatic LNG,21X000000001360B,,,21X000000001360B/IT,2023-10-26 15:21:22,2020-07-26,2020-07-27,216.1,227.9,-,-,[],C,176.53,1119.16,250,1584.94
company,21X000000001360B,,Terminale GNL Adriatico S.r.l.,Adriatic LNG,21X000000001360B,,,21X000000001360B/IT,2023-10-26 15:21:23,2020-07-27,2020-07-28,240.2,227.9,-,-,[],C,139.92,887.05,250,1584.92
company,21X000000001360B,,Terminale GNL Adriatico S.r.l.,Adriatic LNG,21X000000001360B,,,21X000000001360B/IT,2023-10-26 15:21:24,2020-07-28,2020-07-29,240.1,227.9,-,-,[],C,172.29,1092.24,250,1584.89
company,21X000000001360B,,Terminale GNL Adriatico S.r.l.,Adriatic LNG,21X000000001360B,,,21X000000001360B/IT,2023-10-26 15:21:26,2020-07-29,2020-07-30,240,227.9,-,-,[],C,212.23,1345.47,250,1584.92
company,21X000000001360B,,Terminale GNL Adriatico S.r.l.,Adriatic LNG,21X000000001360B,,,21X000000001360B/IT,2023-10-26 15:21:27,2020-07-30,2020-07-31,240.1,227.9,-,-,[],C,176.04,1116.06,250,1584.95
company,21X000000001360B,,Terminale GNL Adriatico S.r.l.,Adriatic LNG,21X000000001360B,,,21X000000001360B/IT,2023-10-26 15:21:28,2020-07-31,2020-08-01,240.2,227.9,-,-,[],C,139.59,884.98,250,1584.96
company,21X000000001360B,,Terminale GNL Adriatico S.r.l.,Adriatic LNG,21X000000001360B,,,21X000000001360B/IT,2023-10-26 15:21:30,2020-08-01,2020-08-02,175.6,227.9,-,-,[],C,138.85,880.27,250,1584.93
company,21X000000001360B,,Terminale GNL Adriatico S.r.l.,Adriatic LNG,21X000000001360B,,,21X000000001360B/IT,2023-10-26 15:21:31,2020-08-02,2020-08-03,177.1,227.9,-,-,[],C,231.92,1470.28,250,1584.9
company,21X000000001360B,,Terminale GNL Adriatico S.r.l.,Adriatic LNG,21X000000001360B,,,21X000000001360B/IT,2023-10-26 15:21:32,2020-08-03,2020-08-04,43.8,227.9,-,-,[],C,224.83,1425.38,250,1584.95
company,21X000000001360B,,Terminale GNL Adriatico S.r.l.,Adriatic LNG,21X000000001360B,,,21X000000001360B/IT,2023-10-26 15:21:34,2020-08-04,2020-08-05,0,227.9,-,-,[],C,224.82,1425.27,250,1584.9
company,21X000000001360B,,Terminale GNL Adriatico S.r.l.,Adriatic LNG,21X000000001360B,,,21X000000001360B/IT,2023-10-26 15:21:35,2020-08-05,2020-08-06,0,227.9,-,-,[],C,224.74,1424.75,250,1584.89
company,21X000000001360B,,Terminale GNL Adriatico S.r.l.,Adriatic LNG,21X000000001360B,,,21X000000001360B/IT,2023-10-26 15:21:36,2020-08-06,2020-08-07,0,227.9,-,-,[],C,224.53,1423.48,250,1584.96
company,21X000000001360B,,Terminale GNL Adriatico S.r.l.,Adriatic LNG,21X000000001360B,,,21X000000001360B/IT,2023-10-26 15:21:38,2020-08-07,2020-08-08,0,227.9,-,-,[],C,224.52,1423.38,250,1584.91
company,21X000000001360B,,Terminale GNL Adriatico S.r.l.,Adriatic LNG,21X000000001360B,,,21X000000001360B/IT,2023-10-26 15:21:39,2020-08-08,2020-08-09,240.7,227.9,-,-,[],C,106.65,676.11,250,1584.88
company,21X000000001360B,,Terminale GNL Adriatico S.r.l.,Adriatic LNG,21X000000001360B,,,21X000000001360B/IT,2023-10-26 15:21:40,2020-08-09,2020-08-10,0,227.9,-,-,[],C,224.12,1420.85,250,1584.92
company,21X000000001360B,,Terminale GNL Adriatico S.r.l.,Adriatic LNG,21X000000001360B,,,21X000000001360B/IT,2023-10-26 15:21:42,2020-08-10,2020-08-11,0,227.9,-,-,[],C,223.86,1419.19,250,1584.91
company,21X000000001360B,,Terminale GNL Adriatico S.r.l.,Adriatic LNG,21X000000001360B,,,21X000000001360B/IT,2023-10-26 15:21:43,2020-08-11,2020-08-12,0,227.9,-,-,[],C,223.42,1416.45,250,1584.96
company,21X000000001360B,,Terminale GNL Adriatico S.r.l.,Adriatic LNG,21X000000001360B,,,21X000000001360B/IT,2023-10-26 15:21:45,2020-08-12,2020-08-13,0,227.9,-,-,[],C,223.24,1415.27,250,1584.92
company,21X000000001360B,,Terminale GNL Adriatico S.r.l.,Adriatic LNG,21X000000001360B,,,21X000000001360B/IT,2023-10-26 15:21:46,2020-08-13,2020-08-14,0,227.9,-,-,[],C,222.81,1412.54,250,1584.92
company,21X000000001360B,,Terminale GNL Adriatico S.r.l.,Adriatic LNG,21X000000001360B,,,21X000000001360B/IT,2023-10-26 15:21:47,2020-08-14,2020-08-15,0,227.9,-,-,[],C,222.4,1409.98,250,1584.96
company,21X000000001360B,,Terminale GNL Adriatico S.r.l.,Adriatic LNG,21X000000001360B,,,21X000000001360B/IT,2023-10-26 15:21:49,2020-08-15,2020-08-16,43.9,227.9,-,-,[],C,215.6,1366.83,250,1584.91
company,21X000000001360B,,Terminale GNL Adriatico S.r.l.,Adriatic LNG,21X000000001360B,,,21X000000001360B/IT,2023-10-26 15:21:50,2020-08-16,2020-08-17,65.8,227.9,-,-,[],C,205.62,1303.57,250,1584.93
company,21X000000001360B,,Terminale GNL Adriatico S.r.l.,Adriatic LNG,21X000000001360B,,,21X000000001360B/IT,2023-10-26 15:21:51,2020-08-17,2020-08-18,177.9,227.9,-,-,[],C,178.1,1129.08,250,1584.9
company,21X000000001360B,,Terminale GNL Adriatico S.r.l.,Adriatic LNG,21X000000001360B,,,21X000000001360B/IT,2023-10-26 15:21:53,2020-08-18,2020-08-19,211,227.9,-,-,[],C,145.77,924.13,250,1584.91
company,21X000000001360B,,Terminale GNL Adriatico S.r.l.,Adriatic LNG,21X000000001360B,,,21X000000001360B/IT,2023-10-26 15:21:54,2020-08-19,2020-08-20,222.1,227.9,-,-,[],C,112.05,710.36,250,1584.92
company,21X000000001360B,,Terminale GNL Adriatico S.r.l.,Adriatic LNG,21X000000001360B,,,21X000000001360B/IT,2023-10-26 15:21:56,2020-08-20,2020-08-21,222,227.9,-,-,[],C,78.39,496.97,250,1584.93
company,21X000000001360B,,Terminale GNL Adriatico S.r.l.,Adriatic LNG,21X000000001360B,,,21X000000001360B/IT,2023-10-26 15:21:57,2020-08-21,2020-08-22,208.8,227.9,-,-,[],C,145.59,922.97,250,1584.88
company,21X000000001360B,,Terminale GNL Adriatico S.r.l.,Adriatic LNG,21X000000001360B,,,21X000000001360B/IT,2023-10-26 15:21:58,2020-08-22,2020-08-23,139.1,227.9,-,-,[],C,233.75,1481.89,250,1584.91
company,21X000000001360B,,Terminale GNL Adriatico S.r.l.,Adriatic LNG,21X000000001360B,,,21X000000001360B/IT,2023-10-26 15:21:59,2020-08-23,2020-08-24,106.3,227.9,-,-,[],C,217.74,1380.41,250,1584.93
company,21X000000001360B,,Terminale GNL Adriatico S.r.l.,Adriatic LNG,21X000000001360B,,,21X000000001360B/IT,2023-10-26 15:22:01,2020-08-24,2020-08-25,164.5,227.9,-,-,[],C,192.59,1220.95,250,1584.91
company,21X000000001360B,,Terminale GNL Adriatico S.r.l.,Adriatic LNG,21X000000001360B,,,21X000000001360B/IT,2023-10-26 15:22:02,2020-08-25,2020-08-26,170,227.9,-,-,[],C,166.67,1056.62,250,1584.9
company,21X000000001360B,,Terminale GNL Adriatico S.r.l.,Adriatic LNG,21X000000001360B,,,21X000000001360B/IT,2023-10-26 15:22:04,2020-08-26,2020-08-27,170.5,227.9,-,-,[],C,140.76,892.4,250,1584.97
company,21X000000001360B,,Terminale GNL Adriatico S.r.l.,Adriatic LNG,21X000000001360B,,,21X000000001360B/IT,2023-10-26 15:22:05,2020-08-27,2020-08-28,164.5,227.9,-,-,[],C,169.31,1073.38,250,1584.93
company,21X000000001360B,,Terminale GNL Adriatico S.r.l.,Adriatic LNG,21X000000001360B,,,21X000000001360B/IT,2023-10-26 15:22:06,2020-08-28,2020-08-29,170.1,227.9,-,-,[],C,89.25,565.81,250,1584.9
company,21X000000001360B,,Terminale GNL Adriatico S.r.l.,Adriatic LNG,21X000000001360B,,,21X000000001360B/IT,2023-10-26 15:22:08,2020-08-29,2020-08-30,126,227.9,-,-,[],C,70.24,445.32,250,1584.99
company,21X000000001360B,,Terminale GNL Adriatico S.r.l.,Adriatic LNG,21X000000001360B,,,21X000000001360B/IT,2023-10-26 15:22:09,2020-08-30,2020-08-31,72.9,227.9,-,-,[],C,59.14,374.91,250,1584.84
company,21X000000001360B,,Terminale GNL Adriatico S.r.l.,Adriatic LNG,21X000000001360B,,,21X000000001360B/IT,2023-10-26 15:22:10,2020-08-31,2020-09-01,150.8,227.9,-,-,[],C,35.96,228,250,1585.09
company,21X000000001360B,,Terminale GNL Adriatico S.r.l.,Adriatic LNG,21X000000001360B,,,21X000000001360B/IT,2023-10-26 15:22:12,2020-09-01,2020-09-02,142.6,227.9,-,-,[],C,160.14,1015.21,250,1584.88
company,21X000000001360B,,Terminale GNL Adriatico S.r.l.,Adriatic LNG,21X000000001360B,,,21X000000001360B/IT,2023-10-26 15:22:13,2020-09-02,2020-09-03,170,227.9,-,-,[],C,134.27,851.22,250,1584.9
company,21X000000001360B,,Terminale GNL Adriatico S.r.l.,Adriatic LNG,21X000000001360B,,,21X000000001360B/IT,2023-10-26 15:22:14,2020-09-03,2020-09-04,170.1,227.9,-,-,[],C,108.36,686.97,250,1584.93
company,21X000000001360B,,Terminale GNL Adriatico S.r.l.,Adriatic LNG,21X000000001360B,,,21X000000001360B/IT,2023-10-26 15:22:16,2020-09-04,2020-09-05,170.2,227.9,-,-,[],C,82.53,523.22,250,1584.94
company,21X000000001360B,,Terminale GNL Adriatico S.r.l.,Adriatic LNG,21X000000001360B,,,21X000000001360B/IT,2023-10-26 15:22:17,2020-09-05,2020-09-06,82.3,227.9,-,-,[],C,70.2,445.03,250,1584.86
company,21X000000001360B,,Terminale GNL Adriatico S.r.l.,Adriatic LNG,21X000000001360B,,,21X000000001360B/IT,2023-10-26 15:22:18,2020-09-06,2020-09-07,65.8,227.9,-,-,[],C,60.14,381.3,250,1585.05
company,21X000000001360B,,Terminale GNL Adriatico S.r.l.,Adriatic LNG,21X000000001360B,,,21X000000001360B/IT,2023-10-26 15:22:20,2020-09-07,2020-09-08,170,227.9,-,-,[],C,143.98,912.79,250,1584.92
company,21X000000001360B,,Terminale GNL Adriatico S.r.l.,Adriatic LNG,21X000000001360B,,,21X000000001360B/IT,2023-10-26 15:22:21,2020-09-08,2020-09-09,240.3,227.9,-,-,[],C,137.42,871.19,250,1584.9
company,21X000000001360B,,Terminale GNL Adriatico S.r.l.,Adriatic LNG,21X000000001360B,,,21X000000001360B/IT,2023-10-26 15:22:22,2020-09-09,2020-09-10,240.4,227.9,-,-,[],C,100.88,639.54,250,1584.9
company,21X000000001360B,,Terminale GNL Adriatico S.r.l.,Adriatic LNG,21X000000001360B,,,21X000000001360B/IT,2023-10-26 15:22:24,2020-09-10,2020-09-11,240.4,227.9,-,-,[],C,138.45,877.75,250,1584.96
company,21X000000001360B,,Terminale GNL Adriatico S.r.l.,Adriatic LNG,21X000000001360B,,,21X000000001360B/IT,2023-10-26 15:22:25,2020-09-11,2020-09-12,240.3,227.9,-,-,[],C,168.29,1066.88,250,1584.88
company,21X000000001360B,,Terminale GNL Adriatico S.r.l.,Adriatic LNG,21X000000001360B,,,21X000000001360B/IT,2023-10-26 15:22:27,2020-09-12,2020-09-13,197.5,227.9,-,-,[],C,138.35,877.08,250,1584.89
company,21X000000001360B,,Terminale GNL Adriatico S.r.l.,Adriatic LNG,21X000000001360B,,,21X000000001360B/IT,2023-10-26 15:22:28,2020-09-13,2020-09-14,149.3,227.9,-,-,[],C,115.85,734.48,250,1584.98
company,21X000000001360B,,Terminale GNL Adriatico S.r.l.,Adriatic LNG,21X000000001360B,,,21X000000001360B/IT,2023-10-26 15:22:29,2020-09-14,2020-09-15,240.4,227.9,-,-,[],C,155.67,986.88,250,1584.89
company,21X000000001360B,,Terminale GNL Adriatico S.r.l.,Adriatic LNG,21X000000001360B,,,21X000000001360B/IT,2023-10-26 15:22:30,2020-09-15,2020-09-16,240.4,227.9,-,-,[],C,188.48,1194.9,250,1584.92
company,21X000000001360B,,Terminale GNL Adriatico S.r.l.,Adriatic LNG,21X000000001360B,,,21X000000001360B/IT,2023-10-26 15:22:31,2020-09-16,2020-09-17,240.5,227.9,-,-,[],C,152.09,964.23,250,1584.97
company,21X000000001360B,,Terminale GNL Adriatico S.r.l.,Adriatic LNG,21X000000001360B,,,21X000000001360B/IT,2023-10-26 15:22:33,2020-09-17,2020-09-18,240.7,227.9,-,-,[],C,115.68,733.4,250,1584.98
company,21X000000001360B,,Terminale GNL Adriatico S.r.l.,Adriatic LNG,21X000000001360B,,,21X000000001360B/IT,2023-10-26 15:22:34,2020-09-18,2020-09-19,240.4,227.9,-,-,[],C,135.42,858.49,250,1584.87
company,21X000000001360B,,Terminale GNL Adriatico S.r.l.,Adriatic LNG,21X000000001360B,,,21X000000001360B/IT,2023-10-26 15:22:36,2020-09-19,2020-09-20,197.4,227.9,-,-,[],C,189.72,1202.75,250,1584.9
company,21X000000001360B,,Terminale GNL Adriatico S.r.l.,Adriatic LNG,21X000000001360B,,,21X000000001360B/IT,2023-10-26 15:22:37,2020-09-20,2020-09-21,193.2,227.9,-,-,[],C,160.4,1016.9,250,1584.94
company,21X000000001360B,,Terminale GNL Adriatico S.r.l.,Adriatic LNG,21X000000001360B,,,21X000000001360B/IT,2023-10-26 15:22:38,2020-09-21,2020-09-22,240.6,227.9,-,-,[],C,123.87,785.32,250,1584.97
company,21X000000001360B,,Terminale GNL Adriatico S.r.l.,Adriatic LNG,21X000000001360B,,,21X000000001360B/IT,2023-10-26 15:22:40,2020-09-22,2020-09-23,240.5,227.9,-,-,[],C,145.16,920.28,250,1584.94
company,21X000000001360B,,Terminale GNL Adriatico S.r.l.,Adriatic LNG,21X000000001360B,,,21X000000001360B/IT,2023-10-26 15:22:41,2020-09-23,2020-09-24,285.2,227.9,-,-,[],C,190.03,1204.75,250,1584.95
company,21X000000001360B,,Terminale GNL Adriatico S.r.l.,Adriatic LNG,21X000000001360B,,,21X000000001360B/IT,2023-10-26 15:22:42,2020-09-24,2020-09-25,285.6,227.9,-,-,[],C,146.79,930.63,250,1584.97
company,21X000000001360B,,Terminale GNL Adriatico S.r.l.,Adriatic LNG,21X000000001360B,,,21X000000001360B/IT,2023-10-26 15:22:43,2020-09-25,2020-09-26,285.5,227.9,-,-,[],C,103.67,657.21,250,1584.86
company,21X000000001360B,,Terminale GNL Adriatico S.r.l.,Adriatic LNG,21X000000001360B,,,21X000000001360B/IT,2023-10-26 15:22:44,2020-09-26,2020-09-27,175.6,227.9,-,-,[],C,77.01,488.25,250,1585.02
company,21X000000001360B,,Terminale GNL Adriatico S.r.l.,Adriatic LNG,21X000000001360B,,,21X000000001360B/IT,2023-10-26 15:22:46,2020-09-27,2020-09-28,175.7,227.9,-,-,[],C,50.63,320.95,250,1584.78
company,21X000000001360B,,Terminale GNL Adriatico S.r.l.,Adriatic LNG,21X000000001360B,,,21X000000001360B/IT,2023-10-26 15:22:47,2020-09-28,2020-09-29,208.7,227.9,-,-,[],C,152.24,965.15,250,1584.92
company,21X000000001360B,,Terminale GNL Adriatico S.r.l.,Adriatic LNG,21X000000001360B,,,21X000000001360B/IT,2023-10-26 15:22:49,2020-09-29,2020-09-30,207.4,227.9,-,-,[],C,120.86,766.19,250,1584.87
company,21X000000001360B,,Terminale GNL Adriatico S.r.l.,Adriatic LNG,21X000000001360B,,,21X000000001360B/IT,2023-10-26 15:22:50,2020-09-30,2020-10-01,208.6,227.9,-,-,[],C,172.73,1095.04,250,1584.9
company,21X000000001360B,,Terminale GNL Adriatico S.r.l.,Adriatic LNG,21X000000001360B,,,21X000000001360B/IT,2023-10-26 15:22:51,2020-10-01,2020-10-02,208.5,227.9,-,-,[],C,197.65,1253.07,250,1584.96
company,21X000000001360B,,Terminale GNL Adriatico S.r.l.,Adriatic LNG,21X000000001360B,,,21X000000001360B/IT,2023-10-26 15:22:53,2020-10-02,2020-10-03,230.5,227.9,-,-,[],C,162.85,1032.44,250,1584.96
company,21X000000001360B,,Terminale GNL Adriatico S.r.l.,Adriatic LNG,21X000000001360B,,,21X000000001360B/IT,2023-10-26 15:22:54,2020-10-03,2020-10-04,230.6,227.9,-,-,[],C,127.98,811.37,250,1584.95
company,21X000000001360B,,Terminale GNL Adriatico S.r.l.,Adriatic LNG,21X000000001360B,,,21X000000001360B/IT,2023-10-26 15:22:55,2020-10-04,2020-10-05,230.6,227.9,-,-,[],C,93.11,590.29,250,1584.93
company,21X000000001360B,,Terminale GNL Adriatico S.r.l.,Adriatic LNG,21X000000001360B,,,21X000000001360B/IT,2023-10-26 15:22:56,2020-10-05,2020-10-06,240.5,227.9,-,-,[],C,168.71,1069.54,250,1584.88
company,21X000000001360B,,Terminale GNL Adriatico S.r.l.,Adriatic LNG,21X000000001360B,,,21X000000001360B/IT,2023-10-26 15:22:58,2020-10-06,2020-10-07,240.3,227.9,-,-,[],C,165.89,1051.72,250,1584.97
company,21X000000001360B,,Terminale GNL Adriatico S.r.l.,Adriatic LNG,21X000000001360B,,,21X000000001360B/IT,2023-10-26 15:22:59,2020-10-07,2020-10-08,240.3,227.9,-,-,[],C,129.5,821,250,1584.94
company,21X000000001360B,,Terminale GNL Adriatico S.r.l.,Adriatic LNG,21X000000001360B,,,21X000000001360B/IT,2023-10-26 15:23:00,2020-10-08,2020-10-09,240.4,227.9,-,-,[],C,172.01,1090.48,250,1584.91
company,21X000000001360B,,Terminale GNL Adriatico S.r.l.,Adriatic LNG,21X000000001360B,,,21X000000001360B/IT,2023-10-26 15:23:01,2020-10-09,2020-10-10,186.6,227.9,-,-,[],C,205.4,1302.15,250,1584.9
company,21X000000001360B,,Terminale GNL Adriatico S.r.l.,Adriatic LNG,21X000000001360B,,,21X000000001360B/IT,2023-10-26 15:23:03,2020-10-10,2020-10-11,230.7,227.9,-,-,[],C,170.52,1081.06,250,1584.95
company,21X000000001360B,,Terminale GNL Adriatico S.r.l.,Adriatic LNG,21X000000001360B,,,21X000000001360B/IT,2023-10-26 15:23:04,2020-10-11,2020-10-12,230.7,227.9,-,-,[],C,135.46,858.77,250,1584.91
company,21X000000001360B,,Terminale GNL Adriatico S.r.l.,Adriatic LNG,21X000000001360B,,,21X000000001360B/IT,2023-10-26 15:23:05,2020-10-12,2020-10-13,210.1,227.9,-,-,[],C,240.43,18.46,250,19.19
company,21X000000001360B,,Terminale GNL Adriatico S.r.l.,Adriatic LNG,21X000000001360B,,,21X000000001360B/IT,2023-10-26 15:23:06,2020-10-13,2020-10-14,240.4,227.9,-,-,[],C,208.04,1318.88,250,1584.89
company,21X000000001360B,,Terminale GNL Adriatico S.r.l.,Adriatic LNG,21X000000001360B,,,21X000000001360B/IT,2023-10-26 15:23:08,2020-10-14,2020-10-15,240.5,227.9,-,-,[],C,171.89,1089.72,250,1584.91
company,21X000000001360B,,Terminale GNL Adriatico S.r.l.,Adriatic LNG,21X000000001360B,,,21X000000001360B/IT,2023-10-26 15:23:09,2020-10-15,2020-10-16,240.1,227.9,-,-,[],C,135.39,858.33,250,1584.92
company,21X000000001360B,,Terminale GNL Adriatico S.r.l.,Adriatic LNG,21X000000001360B,,,21X000000001360B/IT,2023-10-26 15:23:10,2020-10-16,2020-10-17,240.4,227.9,-,-,[],C,171.02,1084.22,250,1584.93
company,21X000000001360B,,Terminale GNL Adriatico S.r.l.,Adriatic LNG,21X000000001360B,,,21X000000001360B/IT,2023-10-26 15:23:11,2020-10-17,2020-10-18,230.6,227.9,-,-,[],C,204.36,1295.57,250,1584.91
company,21X000000001360B,,Terminale GNL Adriatico S.r.l.,Adriatic LNG,21X000000001360B,,,21X000000001360B/IT,2023-10-26 15:23:12,2020-10-18,2020-10-19,230.8,227.9,-,-,[],C,169.39,1073.86,250,1584.89
company,21X000000001360B,,Terminale GNL Adriatico S.r.l.,Adriatic LNG,21X000000001360B,,,21X000000001360B/IT,2023-10-26 15:23:14,2020-10-19,2020-10-20,240.7,227.9,-,-,[],C,133.07,843.65,250,1584.97
company,21X000000001360B,,Terminale GNL Adriatico S.r.l.,Adriatic LNG,21X000000001360B,,,21X000000001360B/IT,2023-10-26 15:23:15,2020-10-20,2020-10-21,240.6,227.9,-,-,[],C,170.65,1081.85,250,1584.9
company,21X000000001360B,,Terminale GNL Adriatico S.r.l.,Adriatic LNG,21X000000001360B,,,21X000000001360B/IT,2023-10-26 15:23:16,2020-10-21,2020-10-22,274.6,227.9,-,-,[],C,200.94,1273.88,250,1584.9
company,21X000000001360B,,Terminale GNL Adriatico S.r.l.,Adriatic LNG,21X000000001360B,,,21X000000001360B/IT,2023-10-26 15:23:17,2020-10-22,2020-10-23,274.7,227.9,-,-,[],C,159.25,1009.6,250,1584.93
company,21X000000001360B,,Terminale GNL Adriatico S.r.l.,Adriatic LNG,21X000000001360B,,,21X000000001360B/IT,2023-10-26 15:23:18,2020-10-23,2020-10-24,274.6,227.9,-,-,[],C,195.89,1241.87,250,1584.91
company,21X000000001360B,,Terminale GNL Adriatico S.r.l.,Adriatic LNG,21X000000001360B,,,21X000000001360B/IT,2023-10-26 15:23:19,2020-10-24,2020-10-25,240.1,227.9,-,-,[],C,221.39,1403.54,250,1584.92
company,21X000000001360B,,Terminale GNL Adriatico S.r.l.,Adriatic LNG,21X000000001360B,,,21X000000001360B/IT,2023-10-26 15:23:21,2020-10-25,2020-10-26,230.6,227.9,-,-,[],C,186.36,1181.46,250,1584.92
company,21X000000001360B,,Terminale GNL Adriatico S.r.l.,Adriatic LNG,21X000000001360B,,,21X000000001360B/IT,2023-10-26 15:23:22,2020-10-26,2020-10-27,240.6,227.9,-,-,[],C,149.81,949.78,250,1584.97
company,21X000000001360B,,Terminale GNL Adriatico S.r.l.,Adriatic LNG,21X000000001360B,,,21X000000001360B/IT,2023-10-26 15:23:23,2020-10-27,2020-10-28,239.5,227.9,-,-,[],C,113.5,719.57,250,1584.96
company,21X000000001360B,,Terminale GNL Adriatico S.r.l.,Adriatic LNG,21X000000001360B,,,21X000000001360B/IT,2023-10-26 15:23:24,2020-10-28,2020-10-29,239.6,227.9,-,-,[],C,77.08,488.65,250,1584.88
company,21X000000001360B,,Terminale GNL Adriatico S.r.l.,Adriatic LNG,21X000000001360B,,,21X000000001360B/IT,2023-10-26 15:23:26,2020-10-29,2020-10-30,240.6,227.9,-,-,[],C,149.33,946.71,250,1584.93
company,21X000000001360B,,Terminale GNL Adriatico S.r.l.,Adriatic LNG,21X000000001360B,,,21X000000001360B/IT,2023-10-26 15:23:27,2020-10-30,2020-10-31,239.1,227.9,-,-,[],C,144.21,914.27,250,1584.96
company,21X000000001360B,,Terminale GNL Adriatico S.r.l.,Adriatic LNG,21X000000001360B,,,21X000000001360B/IT,2023-10-26 15:23:28,2020-10-31,2020-11-01,240.3,227.9,-,-,[],C,107.87,683.87,250,1584.94
company,21X000000001360B,,Terminale GNL Adriatico S.r.l.,Adriatic LNG,21X000000001360B,,,21X000000001360B/IT,2023-10-26 15:23:30,2020-11-01,2020-11-02,175.4,227.9,-,-,[],C,198.84,1260.56,250,1584.89
company,21X000000001360B,,Terminale GNL Adriatico S.r.l.,Adriatic LNG,21X000000001360B,,,21X000000001360B/IT,2023-10-26 15:23:31,2020-11-02,2020-11-03,197.4,227.9,-,-,[],C,195.19,1237.44,250,1584.92
company,21X000000001360B,,Terminale GNL Adriatico S.r.l.,Adriatic LNG,21X000000001360B,,,21X000000001360B/IT,2023-10-26 15:23:32,2020-11-03,2020-11-04,197.6,227.9,-,-,[],C,165.23,1047.5,250,1584.91
company,21X000000001360B,,Terminale GNL Adriatico S.r.l.,Adriatic LNG,21X000000001360B,,,21X000000001360B/IT,2023-10-26 15:23:34,2020-11-04,2020-11-05,197.9,227.9,-,-,[],C,135.11,856.56,250,1584.93
company,21X000000001360B,,Terminale GNL Adriatico S.r.l.,Adriatic LNG,21X000000001360B,,,21X000000001360B/IT,2023-10-26 15:23:35,2020-11-05,2020-11-06,197.8,227.9,-,-,[],C,105.18,666.79,250,1584.88
company,21X000000001360B,,Terminale GNL Adriatico S.r.l.,Adriatic LNG,21X000000001360B,,,21X000000001360B/IT,2023-10-26 15:23:36,2020-11-06,2020-11-07,197.6,227.9,-,-,[],C,214.19,1357.89,250,1584.91
company,21X000000001360B,,Terminale GNL Adriatico S.r.l.,Adriatic LNG,21X000000001360B,,,21X000000001360B/IT,2023-10-26 15:23:38,2020-11-07,2020-11-08,142.8,227.9,-,-,[],C,192.6,1221.01,250,1584.9
company,21X000000001360B,,Terminale GNL Adriatico S.r.l.,Adriatic LNG,21X000000001360B,,,21X000000001360B/IT,2023-10-26 15:23:39,2020-11-08,2020-11-09,99,227.9,-,-,[],C,177.47,1125.1,250,1584.92
company,21X000000001360B,,Terminale GNL Adriatico S.r.l.,Adriatic LNG,21X000000001360B,,,21X000000001360B/IT,2023-10-26 15:23:41,2020-11-09,2020-11-10,192.1,227.9,-,-,[],C,148.28,940.04,250,1584.91
company,21X000000001360B,,Terminale GNL Adriatico S.r.l.,Adriatic LNG,21X000000001360B,,,21X000000001360B/IT,2023-10-26 15:23:42,2020-11-10,2020-11-11,192.4,227.9,-,-,[],C,119.27,756.14,250,1584.93
company,21X000000001360B,,Terminale GNL Adriatico S.r.l.,Adriatic LNG,21X000000001360B,,,21X000000001360B/IT,2023-10-26 15:23:44,2020-11-11,2020-11-12,192.5,227.9,-,-,[],C,89.96,570.32,250,1584.93
company,21X000000001360B,,Terminale GNL Adriatico S.r.l.,Adriatic LNG,21X000000001360B,,,21X000000001360B/IT,2023-10-26 15:23:45,2020-11-12,2020-11-13,192.3,227.9,-,-,[],C,127.63,809.16,250,1584.97
company,21X000000001360B,,Terminale GNL Adriatico S.r.l.,Adriatic LNG,21X000000001360B,,,21X000000001360B/IT,2023-10-26 15:23:46,2020-11-13,2020-11-14,191,227.9,-,-,[],C,170.69,1082.11,250,1584.91
company,21X000000001360B,,Terminale GNL Adriatico S.r.l.,Adriatic LNG,21X000000001360B,,,21X000000001360B/IT,2023-10-26 15:23:47,2020-11-14,2020-11-15,175.6,227.9,-,-,[],C,143.93,912.47,250,1584.92
company,21X000000001360B,,Terminale GNL Adriatico S.r.l.,Adriatic LNG,21X000000001360B,,,21X000000001360B/IT,2023-10-26 15:23:49,2020-11-15,2020-11-16,175.8,227.9,-,-,[],C,117.3,743.65,250,1584.93
company,21X000000001360B,,Terminale GNL Adriatico S.r.l.,Adriatic LNG,21X000000001360B,,,21X000000001360B/IT,2023-10-26 15:23:50,2020-11-16,2020-11-17,240.5,227.9,-,-,[],C,80.48,510.25,250,1585.02
company,21X000000001360B,,Terminale GNL Adriatico S.r.l.,Adriatic LNG,21X000000001360B,,,21X000000001360B/IT,2023-10-26 15:23:52,2020-11-17,2020-11-18,240.7,227.9,-,-,[],C,161.97,1026.82,250,1584.89
company,21X000000001360B,,Terminale GNL Adriatico S.r.l.,Adriatic LNG,21X000000001360B,,,21X000000001360B/IT,2023-10-26 15:23:53,2020-11-18,2020-11-19,240.6,227.9,-,-,[],C,152.35,965.83,250,1584.89
company,21X000000001360B,,Terminale GNL Adriatico S.r.l.,Adriatic LNG,21X000000001360B,,,21X000000001360B/IT,2023-10-26 15:23:54,2020-11-19,2020-11-20,239.8,227.9,-,-,[],C,116.01,735.44,250,1584.86
company,21X000000001360B,,Terminale GNL Adriatico S.r.l.,Adriatic LNG,21X000000001360B,,,21X000000001360B/IT,2023-10-26 15:23:55,2020-11-20,2020-11-21,239.8,227.9,-,-,[],C,79.74,505.56,250,1585.03
company,21X000000001360B,,Terminale GNL Adriatico S.r.l.,Adriatic LNG,21X000000001360B,,,21X000000001360B/IT,2023-10-26 15:23:56,2020-11-21,2020-11-22,175.9,227.9,-,-,[],C,52.93,335.58,250,1585.02
company,21X000000001360B,,Terminale GNL Adriatico S.r.l.,Adriatic LNG,21X000000001360B,,,21X000000001360B/IT,2023-10-26 15:23:58,2020-11-22,2020-11-23,175.9,227.9,-,-,[],C,164.46,1042.65,250,1584.96
company,21X000000001360B,,Terminale GNL Adriatico S.r.l.,Adriatic LNG,21X000000001360B,,,21X000000001360B/IT,2023-10-26 15:23:59,2020-11-23,2020-11-24,240.7,227.9,-,-,[],C,128.75,816.21,250,1584.87
company,21X000000001360B,,Terminale GNL Adriatico S.r.l.,Adriatic LNG,21X000000001360B,,,21X000000001360B/IT,2023-10-26 15:24:00,2020-11-24,2020-11-25,240.6,227.9,-,-,[],C,92.31,585.2,250,1584.88
company,21X000000001360B,,Terminale GNL Adriatico S.r.l.,Adriatic LNG,21X000000001360B,,,21X000000001360B/IT,2023-10-26 15:24:02,2020-11-25,2020-11-26,239.4,227.9,-,-,[],C,187.46,1188.46,250,1584.95
company,21X000000001360B,,Terminale GNL Adriatico S.r.l.,Adriatic LNG,21X000000001360B,,,21X000000001360B/IT,2023-10-26 15:24:03,2020-11-26,2020-11-27,239.3,227.9,-,-,[],C,151.05,957.64,250,1584.97
company,21X000000001360B,,Terminale GNL Adriatico S.r.l.,Adriatic LNG,21X000000001360B,,,21X000000001360B/IT,2023-10-26 15:24:03,2020-11-27,2020-11-28,239.3,227.9,-,-,[],E,151.05,957.64,250,1584.97
company,21X000000001360B,,Terminale GNL Adriatico S.r.l.,Adriatic LNG,21X000000001360B,,,21X000000001360B/IT,2023-10-26 15:24:05,2020-11-28,2020-11-29,240.5,227.9,-,-,[],C,114.71,727.25,250,1584.98
company,21X000000001360B,,Terminale GNL Adriatico S.r.l.,Adriatic LNG,21X000000001360B,,,21X000000001360B/IT,2023-10-26 15:24:07,2020-11-29,2020-11-30,142.8,227.9,-,-,[],C,71.63,454.11,250,1584.92
company,21X000000001360B,,Terminale GNL Adriatico S.r.l.,Adriatic LNG,21X000000001360B,,,21X000000001360B/IT,2023-10-26 15:24:08,2020-11-30,2020-12-01,175.8,227.9,-,-,[],C,160.6,1018.15,250,1584.92
company,21X000000001360B,,Terminale GNL Adriatico S.r.l.,Adriatic LNG,21X000000001360B,,,21X000000001360B/IT,2023-10-26 15:24:10,2020-12-01,2020-12-02,230.7,227.9,-,-,[],C,153.99,976.27,250,1584.96
company,21X000000001360B,,Terminale GNL Adriatico S.r.l.,Adriatic LNG,21X000000001360B,,,21X000000001360B/IT,2023-10-26 15:24:11,2020-12-02,2020-12-03,230.9,227.9,-,-,[],C,119.26,756.08,250,1584.94
company,21X000000001360B,,Terminale GNL Adriatico S.r.l.,Adriatic LNG,21X000000001360B,,,21X000000001360B/IT,2023-10-26 15:24:12,2020-12-03,2020-12-04,186.9,227.9,-,-,[],C,91.04,577.18,250,1584.96
company,21X000000001360B,,Terminale GNL Adriatico S.r.l.,Adriatic LNG,21X000000001360B,,,21X000000001360B/IT,2023-10-26 15:24:13,2020-12-04,2020-12-05,110,227.9,-,-,[],C,88.38,560.31,250,1584.95
company,21X000000001360B,,Terminale GNL Adriatico S.r.l.,Adriatic LNG,21X000000001360B,,,21X000000001360B/IT,2023-10-26 15:24:15,2020-12-05,2020-12-06,110,227.9,-,-,[],C,65.14,412.94,250,1584.82
company,21X000000001360B,,Terminale GNL Adriatico S.r.l.,Adriatic LNG,21X000000001360B,,,21X000000001360B/IT,2023-10-26 15:24:16,2020-12-06,2020-12-07,110,227.9,-,-,[],C,65.14,412.94,250,1584.82
company,21X000000001360B,,Terminale GNL Adriatico S.r.l.,Adriatic LNG,21X000000001360B,,,21X000000001360B/IT,2023-10-26 15:24:17,2020-12-07,2020-12-08,65.9,227.9,-,-,[],C,50.45,319.87,250,1585.08
company,21X000000001360B,,Terminale GNL Adriatico S.r.l.,Adriatic LNG,21X000000001360B,,,21X000000001360B/IT,2023-10-26 15:24:18,2020-12-08,2020-12-09,66,227.9,-,-,[],C,50.45,319.87,250,1585.08
company,21X000000001360B,,Terminale GNL Adriatico S.r.l.,Adriatic LNG,21X000000001360B,,,21X000000001360B/IT,2023-10-26 15:24:19,2020-12-09,2020-12-10,176.2,227.9,-,-,[],C,68.84,436.44,250,1584.98
company,21X000000001360B,,Terminale GNL Adriatico S.r.l.,Adriatic LNG,21X000000001360B,,,21X000000001360B/IT,2023-10-26 15:24:20,2020-12-10,2020-12-11,240.1,227.9,-,-,[],C,137.72,873.12,250,1584.95
company,21X000000001360B,,Terminale GNL Adriatico S.r.l.,Adriatic LNG,21X000000001360B,,,21X000000001360B/IT,2023-10-26 15:24:21,2020-12-11,2020-12-12,240.1,227.9,-,-,[],C,212.26,1345.69,250,1584.95
company,21X000000001360B,,Terminale GNL Adriatico S.r.l.,Adriatic LNG,21X000000001360B,,,21X000000001360B/IT,2023-10-26 15:24:23,2020-12-12,2020-12-13,192.8,227.9,-,-,[],C,183.09,1160.73,250,1584.92
company,21X000000001360B,,Terminale GNL Adriatico S.r.l.,Adriatic LNG,21X000000001360B,,,21X000000001360B/IT,2023-10-26 15:24:23,2020-12-13,2020-12-14,198.2,227.9,-,-,[],C,153.36,972.24,250,1584.9
company,21X000000001360B,,Terminale GNL Adriatico S.r.l.,Adriatic LNG,21X000000001360B,,,21X000000001360B/IT,2023-10-26 15:24:25,2020-12-14,2020-12-15,240.1,227.9,-,-,[],C,116.9,741.09,250,1584.88
company,21X000000001360B,,Terminale GNL Adriatico S.r.l.,Adriatic LNG,21X000000001360B,,,21X000000001360B/IT,2023-10-26 15:24:26,2020-12-15,2020-12-16,239.9,227.9,-,-,[],C,222.5,1410.57,250,1584.91
company,21X000000001360B,,Terminale GNL Adriatico S.r.l.,Adriatic LNG,21X000000001360B,,,21X000000001360B/IT,2023-10-26 15:24:27,2020-12-16,2020-12-17,240.9,227.9,-,-,[],C,188.61,1195.72,250,1584.91
company,21X000000001360B,,Terminale GNL Adriatico S.r.l.,Adriatic LNG,21X000000001360B,,,21X000000001360B/IT,2023-10-26 15:24:28,2020-12-17,2020-12-18,239.9,227.9,-,-,[],C,152.22,965.06,250,1584.98
company,21X000000001360B,,Terminale GNL Adriatico S.r.l.,Adriatic LNG,21X000000001360B,,,21X000000001360B/IT,2023-10-26 15:24:29,2020-12-18,2020-12-19,240.9,227.9,-,-,[],C,115.86,734.51,250,1584.91
company,21X000000001360B,,Terminale GNL Adriatico S.r.l.,Adriatic LNG,21X000000001360B,,,21X000000001360B/IT,2023-10-26 15:24:30,2020-12-19,2020-12-20,175.9,227.9,-,-,[],C,89.39,566.69,250,1584.88
company,21X000000001360B,,Terminale GNL Adriatico S.r.l.,Adriatic LNG,21X000000001360B,,,21X000000001360B/IT,2023-10-26 15:24:31,2020-12-20,2020-12-21,176,227.9,-,-,[],C,62.28,394.82,250,1584.86
company,21X000000001360B,,Terminale GNL Adriatico S.r.l.,Adriatic LNG,21X000000001360B,,,21X000000001360B/IT,2023-10-26 15:24:32,2020-12-21,2020-12-22,187.2,227.9,-,-,[],C,106.9,677.69,250,1584.87
company,21X000000001360B,,Terminale GNL Adriatico S.r.l.,Adriatic LNG,21X000000001360B,,,21X000000001360B/IT,2023-10-26 15:24:33,2020-12-22,2020-12-23,196.7,227.9,-,-,[],C,144.09,913.5,250,1584.95
company,21X000000001360B,,Terminale GNL Adriatico S.r.l.,Adriatic LNG,21X000000001360B,,,21X000000001360B/IT,2023-10-26 15:24:34,2020-12-23,2020-12-24,192.6,227.9,-,-,[],C,114.78,727.7,250,1584.99
company,21X000000001360B,,Terminale GNL Adriatico S.r.l.,Adriatic LNG,21X000000001360B,,,21X000000001360B/IT,2023-10-26 15:24:35,2020-12-24,2020-12-25,131.9,227.9,-,-,[],C,94.99,602.18,250,1584.85
company,21X000000001360B,,Terminale GNL Adriatico S.r.l.,Adriatic LNG,21X000000001360B,,,21X000000001360B/IT,2023-10-26 15:24:36,2020-12-25,2020-12-26,98.9,227.9,-,-,[],C,79.89,506.49,250,1584.96
company,21X000000001360B,,Terminale GNL Adriatico S.r.l.,Adriatic LNG,21X000000001360B,,,21X000000001360B/IT,2023-10-26 15:24:37,2020-12-26,2020-12-27,99,227.9,-,-,[],C,64.7,410.16,250,1584.85
company,21X000000001360B,,Terminale GNL Adriatico S.r.l.,Adriatic LNG,21X000000001360B,,,21X000000001360B/IT,2023-10-26 15:24:38,2020-12-27,2020-12-28,99.1,227.9,-,-,[],C,49.68,314.93,250,1584.79
company,21X000000001360B,,Terminale GNL Adriatico S.r.l.,Adriatic LNG,21X000000001360B,,,21X000000001360B/IT,2023-10-26 15:24:39,2020-12-28,2020-12-29,99.1,227.9,-,-,[],C,34.72,220.13,250,1585.04
company,21X000000001360B,,Terminale GNL Adriatico S.r.l.,Adriatic LNG,21X000000001360B,,,21X000000001360B/IT,2023-10-26 15:24:40,2020-12-29,2020-12-30,99.1,227.9,-,-,[],C,19.71,124.97,250,1585.11
company,21X000000001360B,,Terminale GNL Adriatico S.r.l.,Adriatic LNG,21X000000001360B,,,21X000000001360B/IT,2023-10-26 15:24:41,2020-12-30,2020-12-31,165.1,227.9,-,-,[],C,141.46,896.81,250,1584.92
company,21X000000001360B,,Terminale GNL Adriatico S.r.l.,Adriatic LNG,21X000000001360B,,,21X000000001360B/IT,2023-10-26 15:24:42,2020-12-31,2021-01-01,186.7,227.9,-,-,[],C,180.72,1145.7,250,1584.91
company,21X000000001360B,,Terminale GNL Adriatico S.r.l.,Adriatic LNG,21X000000001360B,,,21X000000001360B/IT,2023-10-26 15:24:43,2021-01-01,2021-01-02,142.7,228.5,-,-,[],C,232.69,1475.2,250,1584.94
company,21X000000001360B,,Terminale GNL Adriatico S.r.l.,Adriatic LNG,21X000000001360B,,,21X000000001360B/IT,2023-10-26 15:24:44,2021-01-02,2021-01-03,141.4,228.5,-,-,[],C,210.89,1336.95,250,1584.89
company,21X000000001360B,,Terminale GNL Adriatico S.r.l.,Adriatic LNG,21X000000001360B,,,21X000000001360B/IT,2023-10-26 15:24:45,2021-01-03,2021-01-04,142.8,228.5,-,-,[],C,189.02,1198.31,250,1584.9
company,21X000000001360B,,Terminale GNL Adriatico S.r.l.,Adriatic LNG,21X000000001360B,,,21X000000001360B/IT,2023-10-26 15:24:46,2021-01-04,2021-01-05,207.7,228.5,-,-,[],C,157.67,999.61,250,1584.97
company,21X000000001360B,,Terminale GNL Adriatico S.r.l.,Adriatic LNG,21X000000001360B,,,21X000000001360B/IT,2023-10-26 15:24:47,2021-01-05,2021-01-06,208.9,228.5,-,-,[],C,125.82,797.63,250,1584.86
company,21X000000001360B,,Terminale GNL Adriatico S.r.l.,Adriatic LNG,21X000000001360B,,,21X000000001360B/IT,2023-10-26 15:24:48,2021-01-06,2021-01-07,142.8,228.5,-,-,[],C,165.19,1047.26,250,1584.93
company,21X000000001360B,,Terminale GNL Adriatico S.r.l.,Adriatic LNG,21X000000001360B,,,21X000000001360B/IT,2023-10-26 15:24:50,2021-01-07,2021-01-08,142.7,228.5,-,-,[],C,223.23,1415.19,250,1584.9
company,21X000000001360B,,Terminale GNL Adriatico S.r.l.,Adriatic LNG,21X000000001360B,,,21X000000001360B/IT,2023-10-26 15:24:51,2021-01-08,2021-01-09,175.7,228.5,-,-,[],C,196.4,1245.12,250,1584.93
company,21X000000001360B,,Terminale GNL Adriatico S.r.l.,Adriatic LNG,21X000000001360B,,,21X000000001360B/IT,2023-10-26 15:24:52,2021-01-09,2021-01-10,98.7,228.5,-,-,[],C,181.78,1152.41,250,1584.9
company,21X000000001360B,,Terminale GNL Adriatico S.r.l.,Adriatic LNG,21X000000001360B,,,21X000000001360B/IT,2023-10-26 15:24:53,2021-01-10,2021-01-11,98.8,228.5,-,-,[],C,166.6,1056.18,250,1584.9
company,21X000000001360B,,Terminale GNL Adriatico S.r.l.,Adriatic LNG,21X000000001360B,,,21X000000001360B/IT,2023-10-26 15:24:54,2021-01-11,2021-01-12,230.9,228.5,-,-,[],C,131.05,830.83,250,1584.95
company,21X000000001360B,,Terminale GNL Adriatico S.r.l.,Adriatic LNG,21X000000001360B,,,21X000000001360B/IT,2023-10-26 15:24:55,2021-01-12,2021-01-13,230.9,228.5,-,-,[],C,164.92,1045.53,250,1584.9
company,21X000000001360B,,Terminale GNL Adriatico S.r.l.,Adriatic LNG,21X000000001360B,,,21X000000001360B/IT,2023-10-26 15:24:56,2021-01-13,2021-01-14,229.5,228.5,-,-,[],C,202.76,1285.45,250,1584.94
company,21X000000001360B,,Terminale GNL Adriatico S.r.l.,Adriatic LNG,21X000000001360B,,,21X000000001360B/IT,2023-10-26 15:24:57,2021-01-14,2021-01-15,219.7,228.5,-,-,[],C,169.29,1073.23,250,1584.9
company,21X000000001360B,,Terminale GNL Adriatico S.r.l.,Adriatic LNG,21X000000001360B,,,21X000000001360B/IT,2023-10-26 15:24:58,2021-01-15,2021-01-16,230.8,228.5,-,-,[],C,134.53,852.9,250,1584.96
company,21X000000001360B,,Terminale GNL Adriatico S.r.l.,Adriatic LNG,21X000000001360B,,,21X000000001360B/IT,2023-10-26 15:24:59,2021-01-16,2021-01-17,175.9,228.5,-,-,[],C,107.93,684.23,250,1584.89
company,21X000000001360B,,Terminale GNL Adriatico S.r.l.,Adriatic LNG,21X000000001360B,,,21X000000001360B/IT,2023-10-26 15:25:01,2021-01-17,2021-01-18,175.9,228.5,-,-,[],C,81.42,516.15,250,1584.84
company,21X000000001360B,,Terminale GNL Adriatico S.r.l.,Adriatic LNG,21X000000001360B,,,21X000000001360B/IT,2023-10-26 15:25:02,2021-01-18,2021-01-19,239,228.5,-,-,[],C,95.19,603.5,250,1584.99
company,21X000000001360B,,Terminale GNL Adriatico S.r.l.,Adriatic LNG,21X000000001360B,,,21X000000001360B/IT,2023-10-26 15:25:03,2021-01-19,2021-01-20,240.6,228.5,-,-,[],C,142.34,902.37,250,1584.88
company,21X000000001360B,,Terminale GNL Adriatico S.r.l.,Adriatic LNG,21X000000001360B,,,21X000000001360B/IT,2023-10-26 15:25:04,2021-01-20,2021-01-21,208.7,228.5,-,-,[],C,185.34,1175.02,250,1584.95
company,21X000000001360B,,Terminale GNL Adriatico S.r.l.,Adriatic LNG,21X000000001360B,,,21X000000001360B/IT,2023-10-26 15:25:05,2021-01-21,2021-01-22,240.5,228.5,-,-,[],C,215.64,1367.08,250,1584.91
company,21X000000001360B,,Terminale GNL Adriatico S.r.l.,Adriatic LNG,21X000000001360B,,,21X000000001360B/IT,2023-10-26 15:25:06,2021-01-22,2021-01-23,208.6,228.5,-,-,[],C,184.08,1167.02,250,1584.94
company,21X000000001360B,,Terminale GNL Adriatico S.r.l.,Adriatic LNG,21X000000001360B,,,21X000000001360B/IT,2023-10-26 15:25:07,2021-01-23,2021-01-24,98.7,228.5,-,-,[],C,169.2,1072.68,250,1584.93
company,21X000000001360B,,Terminale GNL Adriatico S.r.l.,Adriatic LNG,21X000000001360B,,,21X000000001360B/IT,2023-10-26 15:25:09,2021-01-24,2021-01-25,98.7,228.5,-,-,[],C,154.14,977.17,250,1584.87
company,21X000000001360B,,Terminale GNL Adriatico S.r.l.,Adriatic LNG,21X000000001360B,,,21X000000001360B/IT,2023-10-26 15:25:10,2021-01-25,2021-01-26,225.2,228.5,-,-,[],C,119.83,759.69,250,1584.93
company,21X000000001360B,,Terminale GNL Adriatico S.r.l.,Adriatic LNG,21X000000001360B,,,21X000000001360B/IT,2023-10-26 15:25:11,2021-01-26,2021-01-27,225.4,228.5,-,-,[],C,85.85,544.27,250,1584.94
company,21X000000001360B,,Terminale GNL Adriatico S.r.l.,Adriatic LNG,21X000000001360B,,,21X000000001360B/IT,2023-10-26 15:25:13,2021-01-27,2021-01-28,224.3,228.5,-,-,[],C,51.73,327.97,250,1585.01
company,21X000000001360B,,Terminale GNL Adriatico S.r.l.,Adriatic LNG,21X000000001360B,,,21X000000001360B/IT,2023-10-26 15:25:14,2021-01-28,2021-01-29,224.2,228.5,-,-,[],C,146.99,931.86,250,1584.9
company,21X000000001360B,,Terminale GNL Adriatico S.r.l.,Adriatic LNG,21X000000001360B,,,21X000000001360B/IT,2023-10-26 15:25:15,2021-01-29,2021-01-30,225,228.5,-,-,[],C,125.23,793.91,250,1584.9
company,21X000000001360B,,Terminale GNL Adriatico S.r.l.,Adriatic LNG,21X000000001360B,,,21X000000001360B/IT,2023-10-26 15:25:16,2021-01-30,2021-01-31,175.7,228.5,-,-,[],C,98.67,625.54,250,1584.93
company,21X000000001360B,,Terminale GNL Adriatico S.r.l.,Adriatic LNG,21X000000001360B,,,21X000000001360B/IT,2023-10-26 15:25:18,2021-01-31,2021-02-01,175.7,228.5,-,-,[],C,72.02,456.58,250,1584.91
company,21X000000001360B,,Terminale GNL Adriatico S.r.l.,Adriatic LNG,21X000000001360B,,,21X000000001360B/IT,2023-10-26 15:25:19,2021-02-01,2021-02-02,192.2,228.5,-,-,[],C,42.78,271.22,250,1584.97
company,21X000000001360B,,Terminale GNL Adriatico S.r.l.,Adriatic LNG,21X000000001360B,,,21X000000001360B/IT,2023-10-26 15:25:20,2021-02-02,2021-02-03,192.3,228.5,-,-,[],C,139.46,884.11,250,1584.88
company,21X000000001360B,,Terminale GNL Adriatico S.r.l.,Adriatic LNG,21X000000001360B,,,21X000000001360B/IT,2023-10-26 15:25:21,2021-02-03,2021-02-04,192,228.5,-,-,[],C,125.62,796.37,250,1584.88
company,21X000000001360B,,Terminale GNL Adriatico S.r.l.,Adriatic LNG,21X000000001360B,,,21X000000001360B/IT,2023-10-26 15:25:22,2021-02-04,2021-02-05,192.1,228.5,-,-,[],C,96.56,612.17,250,1584.95
company,21X000000001360B,,Terminale GNL Adriatico S.r.l.,Adriatic LNG,21X000000001360B,,,21X000000001360B/IT,2023-10-26 15:25:23,2021-02-05,2021-02-06,192.3,228.5,-,-,[],C,67.25,426.37,250,1585.02
company,21X000000001360B,,Terminale GNL Adriatico S.r.l.,Adriatic LNG,21X000000001360B,,,21X000000001360B/IT,2023-10-26 15:25:24,2021-02-06,2021-02-07,175.6,228.5,-,-,[],C,40.92,259.41,250,1584.86
company,21X000000001360B,,Terminale GNL Adriatico S.r.l.,Adriatic LNG,21X000000001360B,,,21X000000001360B/IT,2023-10-26 15:25:26,2021-02-07,2021-02-08,65.9,228.5,-,-,[],C,30.88,195.78,250,1585.01
company,21X000000001360B,,Terminale GNL Adriatico S.r.l.,Adriatic LNG,21X000000001360B,,,21X000000001360B/IT,2023-10-26 15:25:27,2021-02-08,2021-02-09,175.7,228.5,-,-,[],C,142.5,903.43,250,1584.96
company,21X000000001360B,,Terminale GNL Adriatico S.r.l.,Adriatic LNG,21X000000001360B,,,21X000000001360B/IT,2023-10-26 15:25:28,2021-02-09,2021-02-10,142.6,228.5,-,-,[],C,129.77,822.73,250,1584.98
company,21X000000001360B,,Terminale GNL Adriatico S.r.l.,Adriatic LNG,21X000000001360B,,,21X000000001360B/IT,2023-10-26 15:25:29,2021-02-10,2021-02-11,175.5,228.5,-,-,[],C,222.41,1409.99,250,1584.9
company,21X000000001360B,,Terminale GNL Adriatico S.r.l.,Adriatic LNG,21X000000001360B,,,21X000000001360B/IT,2023-10-26 15:25:30,2021-02-11,2021-02-12,240.2,228.5,-,-,[],C,208.48,1321.67,250,1584.89
company,21X000000001360B,,Terminale GNL Adriatico S.r.l.,Adriatic LNG,21X000000001360B,,,21X000000001360B/IT,2023-10-26 15:25:31,2021-02-12,2021-02-13,240.5,228.5,-,-,[],C,172.03,1090.64,250,1584.96
company,21X000000001360B,,Terminale GNL Adriatico S.r.l.,Adriatic LNG,21X000000001360B,,,21X000000001360B/IT,2023-10-26 15:25:33,2021-02-13,2021-02-14,240.5,228.5,-,-,[],C,135.84,861.19,250,1584.93
company,21X000000001360B,,Terminale GNL Adriatico S.r.l.,Adriatic LNG,21X000000001360B,,,21X000000001360B/IT,2023-10-26 15:25:34,2021-02-14,2021-02-15,240.4,228.5,-,-,[],C,201.3,1276.18,250,1584.92
company,21X000000001360B,,Terminale GNL Adriatico S.r.l.,Adriatic LNG,21X000000001360B,,,21X000000001360B/IT,2023-10-26 15:25:34,2021-02-15,2021-02-16,240.4,228.5,-,-,[],C,204.53,1296.68,250,1584.95
company,21X000000001360B,,Terminale GNL Adriatico S.r.l.,Adriatic LNG,21X000000001360B,,,21X000000001360B/IT,2023-10-26 15:25:35,2021-02-16,2021-02-17,240.5,228.5,-,-,[],C,168.05,1065.38,250,1584.92
company,21X000000001360B,,Terminale GNL Adriatico S.r.l.,Adriatic LNG,21X000000001360B,,,21X000000001360B/IT,2023-10-26 15:25:37,2021-02-17,2021-02-18,240.3,228.5,-,-,[],C,132.02,836.94,250,1584.87
company,21X000000001360B,,Terminale GNL Adriatico S.r.l.,Adriatic LNG,21X000000001360B,,,21X000000001360B/IT,2023-10-26 15:25:38,2021-02-18,2021-02-19,240.3,228.5,-,-,[],C,220.4,1397.28,250,1584.94
company,21X000000001360B,,Terminale GNL Adriatico S.r.l.,Adriatic LNG,21X000000001360B,,,21X000000001360B/IT,2023-10-26 15:25:39,2021-02-19,2021-02-20,240.3,228.5,-,-,[],C,206.02,1306.08,250,1584.89
company,21X000000001360B,,Terminale GNL Adriatico S.r.l.,Adriatic LNG,21X000000001360B,,,21X000000001360B/IT,2023-10-26 15:25:40,2021-02-20,2021-02-21,175.7,228.5,-,-,[],C,179.65,1138.94,250,1584.94
company,21X000000001360B,,Terminale GNL Adriatico S.r.l.,Adriatic LNG,21X000000001360B,,,21X000000001360B/IT,2023-10-26 15:25:41,2021-02-21,2021-02-22,175.5,228.5,-,-,[],C,152.99,969.93,250,1584.96
company,21X000000001360B,,Terminale GNL Adriatico S.r.l.,Adriatic LNG,21X000000001360B,,,21X000000001360B/IT,2023-10-26 15:25:42,2021-02-22,2021-02-23,214.2,228.5,-,-,[],C,120.49,763.85,250,1584.88
company,21X000000001360B,,Terminale GNL Adriatico S.r.l.,Adriatic LNG,21X000000001360B,,,21X000000001360B/IT,2023-10-26 15:25:43,2021-02-23,2021-02-24,214.2,228.5,-,-,[],C,88.19,559.13,250,1585.02
company,21X000000001360B,,Terminale GNL Adriatico S.r.l.,Adriatic LNG,21X000000001360B,,,21X000000001360B/IT,2023-10-26 15:25:44,2021-02-24,2021-02-25,214.2,228.5,-,-,[],C,55.69,353.07,250,1584.98
company,21X000000001360B,,Terminale GNL Adriatico S.r.l.,Adriatic LNG,21X000000001360B,,,21X000000001360B/IT,2023-10-26 15:25:46,2021-02-25,2021-02-26,213,228.5,-,-,[],C,156.14,989.88,250,1584.92
company,21X000000001360B,,Terminale GNL Adriatico S.r.l.,Adriatic LNG,21X000000001360B,,,21X000000001360B/IT,2023-10-26 15:25:47,2021-02-26,2021-02-27,214,228.5,-,-,[],C,132.24,838.36,250,1584.92
company,21X000000001360B,,Terminale GNL Adriatico S.r.l.,Adriatic LNG,21X000000001360B,,,21X000000001360B/IT,2023-10-26 15:25:48,2021-02-27,2021-02-28,175.7,228.5,-,-,[],C,105.77,670.56,250,1584.95
company,21X000000001360B,,Terminale GNL Adriatico S.r.l.,Adriatic LNG,21X000000001360B,,,21X000000001360B/IT,2023-10-26 15:25:49,2021-02-28,2021-03-01,175.6,228.5,-,-,[],C,79.1,501.49,250,1584.99
company,21X000000001360B,,Terminale GNL Adriatico S.r.l.,Adriatic LNG,21X000000001360B,,,21X000000001360B/IT,2023-10-26 15:25:50,2021-03-01,2021-03-02,240.5,228.5,-,-,[],C,152.88,969.22,250,1584.94
company,21X000000001360B,,Terminale GNL Adriatico S.r.l.,Adriatic LNG,21X000000001360B,,,21X000000001360B/IT,2023-10-26 15:25:51,2021-03-02,2021-03-03,240.5,228.5,-,-,[],C,147.25,933.51,250,1584.91
company,21X000000001360B,,Terminale GNL Adriatico S.r.l.,Adriatic LNG,21X000000001360B,,,21X000000001360B/IT,2023-10-26 15:25:52,2021-03-03,2021-03-04,240.7,228.5,-,-,[],C,110.87,702.91,250,1584.99
company,21X000000001360B,,Terminale GNL Adriatico S.r.l.,Adriatic LNG,21X000000001360B,,,21X000000001360B/IT,2023-10-26 15:25:53,2021-03-04,2021-03-05,240.3,228.5,-,-,[],C,146.91,931.39,250,1584.97
company,21X000000001360B,,Terminale GNL Adriatico S.r.l.,Adriatic LNG,21X000000001360B,,,21X000000001360B/IT,2023-10-26 15:25:54,2021-03-05,2021-03-06,240.2,228.5,-,-,[],C,179.6,1138.63,250,1584.95
company,21X000000001360B,,Terminale GNL Adriatico S.r.l.,Adriatic LNG,21X000000001360B,,,21X000000001360B/IT,2023-10-26 15:25:55,2021-03-06,2021-03-07,175.5,228.5,-,-,[],C,153.15,970.93,250,1584.93
company,21X000000001360B,,Terminale GNL Adriatico S.r.l.,Adriatic LNG,21X000000001360B,,,21X000000001360B/IT,2023-10-26 15:25:56,2021-03-07,2021-03-08,175.6,228.5,-,-,[],C,126.47,801.76,250,1584.88
company,21X000000001360B,,Terminale GNL Adriatico S.r.l.,Adriatic LNG,21X000000001360B,,,21X000000001360B/IT,2023-10-26 15:25:57,2021-03-08,2021-03-09,240.4,228.5,-,-,[],C,157.52,998.63,250,1584.93
company,21X000000001360B,,Terminale GNL Adriatico S.r.l.,Adriatic LNG,21X000000001360B,,,21X000000001360B/IT,2023-10-26 15:25:59,2021-03-09,2021-03-10,240.3,228.5,-,-,[],C,199.46,1264.54,250,1584.95
company,21X000000001360B,,Terminale GNL Adriatico S.r.l.,Adriatic LNG,21X000000001360B,,,21X000000001360B/IT,2023-10-26 15:26:00,2021-03-10,2021-03-11,240.5,228.5,-,-,[],C,163.08,1033.91,250,1584.97
company,21X000000001360B,,Terminale GNL Adriatico S.r.l.,Adriatic LNG,21X000000001360B,,,21X000000001360B/IT,2023-10-26 15:26:01,2021-03-11,2021-03-12,240.5,228.5,-,-,[],C,126.84,804.1,250,1584.87
company,21X000000001360B,,Terminale GNL Adriatico S.r.l.,Adriatic LNG,21X000000001360B,,,21X000000001360B/IT,2023-10-26 15:26:02,2021-03-12,2021-03-13,240.5,228.5,-,-,[],C,90.09,571.14,250,1584.92
company,21X000000001360B,,Terminale GNL Adriatico S.r.l.,Adriatic LNG,21X000000001360B,,,21X000000001360B/IT,2023-10-26 15:26:03,2021-03-13,2021-03-14,175.5,228.5,-,-,[],C,205.65,1303.77,250,1584.94
company,21X000000001360B,,Terminale GNL Adriatico S.r.l.,Adriatic LNG,21X000000001360B,,,21X000000001360B/IT,2023-10-26 15:26:04,2021-03-14,2021-03-15,175.4,228.5,-,-,[],C,179.05,1135.1,250,1584.89
company,21X000000001360B,,Terminale GNL Adriatico S.r.l.,Adriatic LNG,21X000000001360B,,,21X000000001360B/IT,2023-10-26 15:26:05,2021-03-15,2021-03-16,240.4,228.5,-,-,[],C,142.51,903.47,250,1584.92
company,21X000000001360B,,Terminale GNL Adriatico S.r.l.,Adriatic LNG,21X000000001360B,,,21X000000001360B/IT,2023-10-26 15:26:07,2021-03-16,2021-03-17,240.5,228.5,-,-,[],C,106.17,673.07,250,1584.89
company,21X000000001360B,,Terminale GNL Adriatico S.r.l.,Adriatic LNG,21X000000001360B,,,21X000000001360B/IT,2023-10-26 15:26:08,2021-03-17,2021-03-18,240.4,228.5,-,-,[],C,164.99,1045.96,250,1584.88
company,21X000000001360B,,Terminale GNL Adriatico S.r.l.,Adriatic LNG,21X000000001360B,,,21X000000001360B/IT,2023-10-26 15:26:09,2021-03-18,2021-03-19,239.4,228.5,-,-,[],C,188.55,1195.33,250,1584.9
company,21X000000001360B,,Terminale GNL Adriatico S.r.l.,Adriatic LNG,21X000000001360B,,,21X000000001360B/IT,2023-10-26 15:26:10,2021-03-19,2021-03-20,239.9,228.5,-,-,[],C,152.08,964.14,250,1584.92
company,21X000000001360B,,Terminale GNL Adriatico S.r.l.,Adriatic LNG,21X000000001360B,,,21X000000001360B/IT,2023-10-26 15:26:11,2021-03-20,2021-03-21,174.8,228.5,-,-,[],C,133.08,843.72,250,1584.99
company,21X000000001360B,,Terminale GNL Adriatico S.r.l.,Adriatic LNG,21X000000001360B,,,21X000000001360B/IT,2023-10-26 15:26:12,2021-03-21,2021-03-22,174.7,228.5,-,-,[],C,133.08,843.72,250,1584.99
company,21X000000001360B,,Terminale GNL Adriatico S.r.l.,Adriatic LNG,21X000000001360B,,,21X000000001360B/IT,2023-10-26 15:26:13,2021-03-22,2021-03-23,240,228.5,-,-,[],C,195.87,1241.74,250,1584.9
company,21X000000001360B,,Terminale GNL Adriatico S.r.l.,Adriatic LNG,21X000000001360B,,,21X000000001360B/IT,2023-10-26 15:26:14,2021-03-23,2021-03-24,240,228.5,-,-,[],C,159.43,1010.75,250,1584.94
company,21X000000001360B,,Terminale GNL Adriatico S.r.l.,Adriatic LNG,21X000000001360B,,,21X000000001360B/IT,2023-10-26 15:26:15,2021-03-24,2021-03-25,240.1,228.5,-,-,[],C,163.74,1038.04,250,1584.89
company,21X000000001360B,,Terminale GNL Adriatico S.r.l.,Adriatic LNG,21X000000001360B,,,21X000000001360B/IT,2023-10-26 15:26:16,2021-03-25,2021-03-26,240.4,228.5,-,-,[],C,228.26,1447.13,250,1584.96
company,21X000000001360B,,Terminale GNL Adriatico S.r.l.,Adriatic LNG,21X000000001360B,,,21X000000001360B/IT,2023-10-26 15:26:17,2021-03-26,2021-03-27,240.4,228.5,-,-,[],C,191.88,1216.43,250,1584.88
company,21X000000001360B,,Terminale GNL Adriatico S.r.l.,Adriatic LNG,21X000000001360B,,,21X000000001360B/IT,2023-10-26 15:26:18,2021-03-27,2021-03-28,98.6,228.5,-,-,[],C,177.18,1123.27,250,1584.93
company,21X000000001360B,,Terminale GNL Adriatico S.r.l.,Adriatic LNG,21X000000001360B,,,21X000000001360B/IT,2023-10-26 15:26:19,2021-03-28,2021-03-29,98.9,228.5,-,-,[],C,162,1027.02,250,1584.91
company,21X000000001360B,,Terminale GNL Adriatico S.r.l.,Adriatic LNG,21X000000001360B,,,21X000000001360B/IT,2023-10-26 15:26:20,2021-03-29,2021-03-30,209.8,228.5,-,-,[],C,130.05,824.47,250,1584.91
company,21X000000001360B,,Terminale GNL Adriatico S.r.l.,Adriatic LNG,21X000000001360B,,,21X000000001360B/IT,2023-10-26 15:26:21,2021-03-30,2021-03-31,209.8,228.5,-,-,[],C,98.24,622.8,250,1584.89
company,21X000000001360B,,Terminale GNL Adriatico S.r.l.,Adriatic LNG,21X000000001360B,,,21X000000001360B/IT,2023-10-26 15:26:22,2021-03-31,2021-04-01,206.7,228.5,-,-,[],C,66.91,424.21,250,1585
company,21X000000001360B,,Terminale GNL Adriatico S.r.l.,Adriatic LNG,21X000000001360B,,,21X000000001360B/IT,2023-10-26 15:26:23,2021-04-01,2021-04-02,284.4,228.5,-,-,[],C,59.73,378.7,250,1585.05
company,21X000000001360B,,Terminale GNL Adriatico S.r.l.,Adriatic LNG,21X000000001360B,,,21X000000001360B/IT,2023-10-26 15:26:24,2021-04-02,2021-04-03,284.5,228.5,-,-,[],C,153.01,970.01,250,1584.88
company,21X000000001360B,,Terminale GNL Adriatico S.r.l.,Adriatic LNG,21X000000001360B,,,21X000000001360B/IT,2023-10-26 15:26:25,2021-04-03,2021-04-04,284.5,228.5,-,-,[],C,150.74,955.65,250,1584.93
company,21X000000001360B,,Terminale GNL Adriatico S.r.l.,Adriatic LNG,21X000000001360B,,,21X000000001360B/IT,2023-10-26 15:26:26,2021-04-04,2021-04-05,285.5,228.5,-,-,[],C,150.74,955.65,250,1584.93
company,21X000000001360B,,Terminale GNL Adriatico S.r.l.,Adriatic LNG,21X000000001360B,,,21X000000001360B/IT,2023-10-26 15:26:27,2021-04-05,2021-04-06,285,228.5,-,-,[],C,150.74,955.65,250,1584.93
company,21X000000001360B,,Terminale GNL Adriatico S.r.l.,Adriatic LNG,21X000000001360B,,,21X000000001360B/IT,2023-10-26 15:26:28,2021-04-06,2021-04-07,285,228.5,-,-,[],C,126.04,799.03,250,1584.87
company,21X000000001360B,,Terminale GNL Adriatico S.r.l.,Adriatic LNG,21X000000001360B,,,21X000000001360B/IT,2023-10-26 15:26:29,2021-04-07,2021-04-08,285.2,228.5,-,-,[],C,82.68,524.17,250,1584.94
company,21X000000001360B,,Terminale GNL Adriatico S.r.l.,Adriatic LNG,21X000000001360B,,,21X000000001360B/IT,2023-10-26 15:26:30,2021-04-08,2021-04-09,285.2,228.5,-,-,[],C,39.3,249.13,250,1584.8
company,21X000000001360B,,Terminale GNL Adriatico S.r.l.,Adriatic LNG,21X000000001360B,,,21X000000001360B/IT,2023-10-26 15:26:31,2021-04-09,2021-04-10,285.6,228.5,-,-,[],C,143.32,908.58,250,1584.88
company,21X000000001360B,,Terminale GNL Adriatico S.r.l.,Adriatic LNG,21X000000001360B,,,21X000000001360B/IT,2023-10-26 15:26:32,2021-04-10,2021-04-11,239.9,228.5,-,-,[],C,183.02,1160.3,250,1584.94
company,21X000000001360B,,Terminale GNL Adriatico S.r.l.,Adriatic LNG,21X000000001360B,,,21X000000001360B/IT,2023-10-26 15:26:33,2021-04-11,2021-04-12,240.2,228.5,-,-,[],C,211.49,1340.79,250,1584.93
company,21X000000001360B,,Terminale GNL Adriatico S.r.l.,Adriatic LNG,21X000000001360B,,,21X000000001360B/IT,2023-10-26 15:26:34,2021-04-12,2021-04-13,240.6,228.5,-,-,[],C,174.89,1108.74,250,1584.91
company,21X000000001360B,,Terminale GNL Adriatico S.r.l.,Adriatic LNG,21X000000001360B,,,21X000000001360B/IT,2023-10-26 15:26:35,2021-04-13,2021-04-14,285.4,228.5,-,-,[],C,131.78,835.43,250,1584.9
company,21X000000001360B,,Terminale GNL Adriatico S.r.l.,Adriatic LNG,21X000000001360B,,,21X000000001360B/IT,2023-10-26 15:26:36,2021-04-14,2021-04-15,285.6,228.5,-,-,[],C,169.24,1072.96,250,1584.97
company,21X000000001360B,,Terminale GNL Adriatico S.r.l.,Adriatic LNG,21X000000001360B,,,21X000000001360B/IT,2023-10-26 15:26:37,2021-04-15,2021-04-16,285.5,228.5,-,-,[],C,210.04,1331.61,250,1584.95
company,21X000000001360B,,Terminale GNL Adriatico S.r.l.,Adriatic LNG,21X000000001360B,,,21X000000001360B/IT,2023-10-26 15:26:38,2021-04-16,2021-04-17,285.7,228.5,-,-,[],C,144.12,913.7,250,1584.96
company,21X000000001360B,,Terminale GNL Adriatico S.r.l.,Adriatic LNG,21X000000001360B,,,21X000000001360B/IT,2023-10-26 15:26:39,2021-04-17,2021-04-18,240.5,228.5,-,-,[],C,107.7,682.81,250,1584.98
company,21X000000001360B,,Terminale GNL Adriatico S.r.l.,Adriatic LNG,21X000000001360B,,,21X000000001360B/IT,2023-10-26 15:26:40,2021-04-18,2021-04-19,240.8,228.5,-,-,[],C,186,1179.17,250,1584.91
company,21X000000001360B,,Terminale GNL Adriatico S.r.l.,Adriatic LNG,21X000000001360B,,,21X000000001360B/IT,2023-10-26 15:26:41,2021-04-19,2021-04-20,240.4,228.5,-,-,[],C,179.25,1136.41,250,1584.95
company,21X000000001360B,,Terminale GNL Adriatico S.r.l.,Adriatic LNG,21X000000001360B,,,21X000000001360B/IT,2023-10-26 15:26:42,2021-04-20,2021-04-21,240.4,228.5,-,-,[],C,142.87,905.76,250,1584.94
company,21X000000001360B,,Terminale GNL Adriatico S.r.l.,Adriatic LNG,21X000000001360B,,,21X000000001360B/IT,2023-10-26 15:26:43,2021-04-21,2021-04-22,240.5,228.5,-,-,[],C,208.95,1324.69,250,1584.94
company,21X000000001360B,,Terminale GNL Adriatico S.r.l.,Adriatic LNG,21X000000001360B,,,21X000000001360B/IT,2023-10-26 15:26:44,2021-04-22,2021-04-23,240.6,228.5,-,-,[],C,211.2,1338.97,250,1584.96
company,21X000000001360B,,Terminale GNL Adriatico S.r.l.,Adriatic LNG,21X000000001360B,,,21X000000001360B/IT,2023-10-26 15:26:45,2021-04-23,2021-04-24,240.7,228.5,-,-,[],C,174.68,1107.42,250,1584.93
company,21X000000001360B,,Terminale GNL Adriatico S.r.l.,Adriatic LNG,21X000000001360B,,,21X000000001360B/IT,2023-10-26 15:26:46,2021-04-24,2021-04-25,213.2,228.5,-,-,[],C,142.83,905.5,250,1584.93
company,21X000000001360B,,Terminale GNL Adriatico S.r.l.,Adriatic LNG,21X000000001360B,,,21X000000001360B/IT,2023-10-26 15:26:46,2021-04-25,2021-04-26,240.7,228.5,-,-,[],C,140.87,893.1,250,1584.97
company,21X000000001360B,,Terminale GNL Adriatico S.r.l.,Adriatic LNG,21X000000001360B,,,21X000000001360B/IT,2023-10-26 15:26:47,2021-04-26,2021-04-27,240.7,228.5,-,-,[],C,211.17,1338.76,250,1584.93
company,21X000000001360B,,Terminale GNL Adriatico S.r.l.,Adriatic LNG,21X000000001360B,,,21X000000001360B/IT,2023-10-26 15:26:48,2021-04-27,2021-04-28,240.5,228.5,-,-,[],C,174.83,1108.38,250,1584.94
company,21X000000001360B,,Terminale GNL Adriatico S.r.l.,Adriatic LNG,21X000000001360B,,,21X000000001360B/IT,2023-10-26 15:26:49,2021-04-28,2021-04-29,240.6,228.5,-,-,[],C,138.46,877.82,250,1584.97
company,21X000000001360B,,Terminale GNL Adriatico S.r.l.,Adriatic LNG,21X000000001360B,,,21X000000001360B/IT,2023-10-26 15:26:50,2021-04-29,2021-04-30,240.1,228.5,-,-,[],C,199.55,1265.07,250,1584.9
company,21X000000001360B,,Terminale GNL Adriatico S.r.l.,Adriatic LNG,21X000000001360B,,,21X000000001360B/IT,2023-10-26 15:26:51,2021-04-30,2021-05-01,240.6,228.5,-,-,[],C,206.44,1308.78,250,1584.94
company,21X000000001360B,,Terminale GNL Adriatico S.r.l.,Adriatic LNG,21X000000001360B,,,21X000000001360B/IT,2023-10-26 15:26:52,2021-05-01,2021-05-02,239.5,228.5,-,-,[],C,170.24,1079.3,250,1584.97
company,21X000000001360B,,Terminale GNL Adriatico S.r.l.,Adriatic LNG,21X000000001360B,,,21X000000001360B/IT,2023-10-26 15:26:53,2021-05-02,2021-05-03,240.6,228.5,-,-,[],C,133.73,847.83,250,1584.97
company,21X000000001360B,,Terminale GNL Adriatico S.r.l.,Adriatic LNG,21X000000001360B,,,21X000000001360B/IT,2023-10-26 15:26:54,2021-05-03,2021-05-04,240.8,228.5,-,-,[],C,97.32,616.96,250,1584.87
company,21X000000001360B,,Terminale GNL Adriatico S.r.l.,Adriatic LNG,21X000000001360B,,,21X000000001360B/IT,2023-10-26 15:26:54,2021-05-04,2021-05-05,239.6,228.5,-,-,[],C,177.3,1124,250,1584.88
company,21X000000001360B,,Terminale GNL Adriatico S.r.l.,Adriatic LNG,21X000000001360B,,,21X000000001360B/IT,2023-10-26 15:26:55,2021-05-05,2021-05-06,240.3,228.5,-,-,[],C,164.18,1040.86,250,1584.94
company,21X000000001360B,,Terminale GNL Adriatico S.r.l.,Adriatic LNG,21X000000001360B,,,21X000000001360B/IT,2023-10-26 15:26:56,2021-05-06,2021-05-07,240.3,228.5,-,-,[],C,127.75,809.91,250,1584.95
company,21X000000001360B,,Terminale GNL Adriatico S.r.l.,Adriatic LNG,21X000000001360B,,,21X000000001360B/IT,2023-10-26 15:26:57,2021-05-07,2021-05-08,240.3,228.5,-,-,[],C,91.05,577.21,250,1584.87
company,21X000000001360B,,Terminale GNL Adriatico S.r.l.,Adriatic LNG,21X000000001360B,,,21X000000001360B/IT,2023-10-26 15:26:58,2021-05-08,2021-05-09,240.3,228.5,-,-,[],C,187.48,1188.54,250,1584.89
company,21X000000001360B,,Terminale GNL Adriatico S.r.l.,Adriatic LNG,21X000000001360B,,,21X000000001360B/IT,2023-10-26 15:26:59,2021-05-09,2021-05-10,175.8,228.5,-,-,[],C,174.82,1108.29,250,1584.9
company,21X000000001360B,,Terminale GNL Adriatico S.r.l.,Adriatic LNG,21X000000001360B,,,21X000000001360B/IT,2023-10-26 15:27:00,2021-05-10,2021-05-11,240.9,228.5,-,-,[],C,138.23,876.35,250,1584.95
company,21X000000001360B,,Terminale GNL Adriatico S.r.l.,Adriatic LNG,21X000000001360B,,,21X000000001360B/IT,2023-10-26 15:27:01,2021-05-11,2021-05-12,240.8,228.5,-,-,[],C,101.8,645.38,250,1584.92
company,21X000000001360B,,Terminale GNL Adriatico S.r.l.,Adriatic LNG,21X000000001360B,,,21X000000001360B/IT,2023-10-26 15:27:01,2021-05-12,2021-05-13,239.7,228.5,-,-,[],C,133.89,848.85,250,1584.98
company,21X000000001360B,,Terminale GNL Adriatico S.r.l.,Adriatic LNG,21X000000001360B,,,21X000000001360B/IT,2023-10-26 15:27:02,2021-05-13,2021-05-14,240.5,228.5,-,-,[],C,169.52,1074.72,250,1584.95
company,21X000000001360B,,Terminale GNL Adriatico S.r.l.,Adriatic LNG,21X000000001360B,,,21X000000001360B/IT,2023-10-26 15:27:03,2021-05-14,2021-05-15,240.9,228.5,-,-,[],C,133.14,844.06,250,1584.91
company,21X000000001360B,,Terminale GNL Adriatico S.r.l.,Adriatic LNG,21X000000001360B,,,21X000000001360B/IT,2023-10-26 15:27:04,2021-05-15,2021-05-16,239.6,228.5,-,-,[],C,96.89,614.25,250,1584.92
company,21X000000001360B,,Terminale GNL Adriatico S.r.l.,Adriatic LNG,21X000000001360B,,,21X000000001360B/IT,2023-10-26 15:27:05,2021-05-16,2021-05-17,240.7,228.5,-,-,[],C,143.36,908.84,250,1584.89
company,21X000000001360B,,Terminale GNL Adriatico S.r.l.,Adriatic LNG,21X000000001360B,,,21X000000001360B/IT,2023-10-26 15:27:06,2021-05-17,2021-05-18,240.5,228.5,-,-,[],C,165,1046.05,250,1584.92
company,21X000000001360B,,Terminale GNL Adriatico S.r.l.,Adriatic LNG,21X000000001360B,,,21X000000001360B/IT,2023-10-26 15:27:07,2021-05-18,2021-05-19,240.6,228.5,-,-,[],C,128.43,814.18,250,1584.87
company,21X000000001360B,,Terminale GNL Adriatico S.r.l.,Adriatic LNG,21X000000001360B,,,21X000000001360B/IT,2023-10-26 15:27:08,2021-05-19,2021-05-20,240.7,228.5,-,-,[],C,92.13,584.07,250,1584.91
company,21X000000001360B,,Terminale GNL Adriatico S.r.l.,Adriatic LNG,21X000000001360B,,,21X000000001360B/IT,2023-10-26 15:27:08,2021-05-20,2021-05-21,239.5,228.5,-,-,[],C,217.21,1377.04,250,1584.92
company,21X000000001360B,,Terminale GNL Adriatico S.r.l.,Adriatic LNG,21X000000001360B,,,21X000000001360B/IT,2023-10-26 15:27:09,2021-05-21,2021-05-22,236.1,228.5,-,-,[],C,181.08,1147.97,250,1584.89
company,21X000000001360B,,Terminale GNL Adriatico S.r.l.,Adriatic LNG,21X000000001360B,,,21X000000001360B/IT,2023-10-26 15:27:10,2021-05-22,2021-05-23,239.2,228.5,-,-,[],C,144.34,915.1,250,1584.97
company,21X000000001360B,,Terminale GNL Adriatico S.r.l.,Adriatic LNG,21X000000001360B,,,21X000000001360B/IT,2023-10-26 15:27:11,2021-05-23,2021-05-24,240.3,228.5,-,-,[],C,107.42,681,250,1584.9
company,21X000000001360B,,Terminale GNL Adriatico S.r.l.,Adriatic LNG,21X000000001360B,,,21X000000001360B/IT,2023-10-26 15:27:12,2021-05-24,2021-05-25,90.6,228.5,-,-,[],C,93.4,592.12,250,1584.9
company,21X000000001360B,,Terminale GNL Adriatico S.r.l.,Adriatic LNG,21X000000001360B,,,21X000000001360B/IT,2023-10-26 15:27:13,2021-05-25,2021-05-26,0,228.5,-,-,[],C,93.19,590.83,250,1585.01
company,21X000000001360B,,Terminale GNL Adriatico S.r.l.,Adriatic LNG,21X000000001360B,,,21X000000001360B/IT,2023-10-26 15:27:14,2021-05-26,2021-05-27,0,228.5,-,-,[],C,93.05,589.91,250,1584.93
company,21X000000001360B,,Terminale GNL Adriatico S.r.l.,Adriatic LNG,21X000000001360B,,,21X000000001360B/IT,2023-10-26 15:27:14,2021-05-27,2021-05-28,0,228.5,-,-,[],C,92.83,588.5,250,1584.89
company,21X000000001360B,,Terminale GNL Adriatico S.r.l.,Adriatic LNG,21X000000001360B,,,21X000000001360B/IT,2023-10-26 15:27:15,2021-05-28,2021-05-29,0,228.5,-,-,[],C,92.54,586.65,250,1584.86
company,21X000000001360B,,Terminale GNL Adriatico S.r.l.,Adriatic LNG,21X000000001360B,,,21X000000001360B/IT,2023-10-26 15:27:16,2021-05-29,2021-05-30,32.4,228.5,-,-,[],C,87.69,555.93,250,1584.93
company,21X000000001360B,,Terminale GNL Adriatico S.r.l.,Adriatic LNG,21X000000001360B,,,21X000000001360B/IT,2023-10-26 15:27:17,2021-05-30,2021-05-31,64.6,228.5,-,-,[],C,77.7,492.62,250,1585.01
company,21X000000001360B,,Terminale GNL Adriatico S.r.l.,Adriatic LNG,21X000000001360B,,,21X000000001360B/IT,2023-10-26 15:27:18,2021-05-31,2021-06-01,69.9,228.5,-,-,[],C,66,418.45,250,1585.04
company,21X000000001360B,,Terminale GNL Adriatico S.r.l.,Adriatic LNG,21X000000001360B,,,21X000000001360B/IT,2023-10-26 15:27:19,2021-06-01,2021-06-02,240.4,228.5,-,-,[],C,169.29,1073.25,250,1584.93
company,21X000000001360B,,Terminale GNL Adriatico S.r.l.,Adriatic LNG,21X000000001360B,,,21X000000001360B/IT,2023-10-26 15:27:20,2021-06-02,2021-06-03,288.2,228.5,-,-,[],C,125.48,795.48,250,1584.87
company,21X000000001360B,,Terminale GNL Adriatico S.r.l.,Adriatic LNG,21X000000001360B,,,21X000000001360B/IT,2023-10-26 15:27:21,2021-06-03,2021-06-04,288.2,228.5,-,-,[],C,222.88,1412.96,250,1584.89
company,21X000000001360B,,Terminale GNL Adriatico S.r.l.,Adriatic LNG,21X000000001360B,,,21X000000001360B/IT,2023-10-26 15:27:22,2021-06-04,2021-06-05,288.5,228.5,-,-,[],C,179.24,1136.31,250,1584.9
company,21X000000001360B,,Terminale GNL Adriatico S.r.l.,Adriatic LNG,21X000000001360B,,,21X000000001360B/IT,2023-10-26 15:27:22,2021-06-05,2021-06-06,288.5,228.5,-,-,[],C,135.5,859.06,250,1584.98
company,21X000000001360B,,Terminale GNL Adriatico S.r.l.,Adriatic LNG,21X000000001360B,,,21X000000001360B/IT,2023-10-26 15:27:23,2021-06-06,2021-06-07,288.7,228.5,-,-,[],C,229.57,1455.42,250,1584.94
company,21X000000001360B,,Terminale GNL Adriatico S.r.l.,Adriatic LNG,21X000000001360B,,,21X000000001360B/IT,2023-10-26 15:27:24,2021-06-07,2021-06-08,289.5,228.5,-,-,[],C,188.41,1194.45,250,1584.91
company,21X000000001360B,,Terminale GNL Adriatico S.r.l.,Adriatic LNG,21X000000001360B,,,21X000000001360B/IT,2023-10-26 15:27:25,2021-06-08,2021-06-09,289.5,228.5,-,-,[],C,144.67,917.15,250,1584.9
company,21X000000001360B,,Terminale GNL Adriatico S.r.l.,Adriatic LNG,21X000000001360B,,,21X000000001360B/IT,2023-10-26 15:27:26,2021-06-09,2021-06-10,289.4,228.5,-,-,[],C,163.04,1033.65,250,1584.96
company,21X000000001360B,,Terminale GNL Adriatico S.r.l.,Adriatic LNG,21X000000001360B,,,21X000000001360B/IT,2023-10-26 15:27:27,2021-06-10,2021-06-11,289.4,228.5,-,-,[],C,198.1,1255.87,250,1584.89
company,21X000000001360B,,Terminale GNL Adriatico S.r.l.,Adriatic LNG,21X000000001360B,,,21X000000001360B/IT,2023-10-26 15:27:28,2021-06-11,2021-06-12,289.5,228.5,-,-,[],C,154.26,977.98,250,1584.95
company,21X000000001360B,,Terminale GNL Adriatico S.r.l.,Adriatic LNG,21X000000001360B,,,21X000000001360B/IT,2023-10-26 15:27:29,2021-06-12,2021-06-13,289.7,228.5,-,-,[],C,176.92,1121.64,250,1584.95
company,21X000000001360B,,Terminale GNL Adriatico S.r.l.,Adriatic LNG,21X000000001360B,,,21X000000001360B/IT,2023-10-26 15:27:29,2021-06-13,2021-06-14,289,228.5,-,-,[],C,206.26,1307.66,250,1584.97
company,21X000000001360B,,Terminale GNL Adriatico S.r.l.,Adriatic LNG,21X000000001360B,,,21X000000001360B/IT,2023-10-26 15:27:30,2021-06-14,2021-06-15,289.1,228.5,-,-,[],C,162.47,1029.99,250,1584.89
company,21X000000001360B,,Terminale GNL Adriatico S.r.l.,Adriatic LNG,21X000000001360B,,,21X000000001360B/IT,2023-10-26 15:27:31,2021-06-15,2021-06-16,289,228.5,-,-,[],C,118.84,753.41,250,1584.93
company,21X000000001360B,,Terminale GNL Adriatico S.r.l.,Adriatic LNG,21X000000001360B,,,21X000000001360B/IT,2023-10-26 15:27:32,2021-06-16,2021-06-17,288.9,228.5,-,-,[],C,168.3,1066.94,250,1584.88
company,21X000000001360B,,Terminale GNL Adriatico S.r.l.,Adriatic LNG,21X000000001360B,,,21X000000001360B/IT,2023-10-26 15:27:33,2021-06-17,2021-06-18,289,228.5,-,-,[],C,178.29,1130.29,250,1584.9
company,21X000000001360B,,Terminale GNL Adriatico S.r.l.,Adriatic LNG,21X000000001360B,,,21X000000001360B/IT,2023-10-26 15:27:34,2021-06-18,2021-06-19,289,228.5,-,-,[],C,134.49,852.64,250,1584.95
company,21X000000001360B,,Terminale GNL Adriatico S.r.l.,Adriatic LNG,21X000000001360B,,,21X000000001360B/IT,2023-10-26 15:27:34,2021-06-19,2021-06-20,288,228.5,-,-,[],C,182.63,1157.83,250,1584.94
company,21X000000001360B,,Terminale GNL Adriatico S.r.l.,Adriatic LNG,21X000000001360B,,,21X000000001360B/IT,2023-10-26 15:27:35,2021-06-20,2021-06-21,289.6,228.5,-,-,[],C,193.81,1228.72,250,1584.95
company,21X000000001360B,,Terminale GNL Adriatico S.r.l.,Adriatic LNG,21X000000001360B,,,21X000000001360B/IT,2023-10-26 15:27:36,2021-06-21,2021-06-22,288.5,228.5,-,-,[],C,150.22,952.36,250,1584.94
company,21X000000001360B,,Terminale GNL Adriatico S.r.l.,Adriatic LNG,21X000000001360B,,,21X000000001360B/IT,2023-10-26 15:27:37,2021-06-22,2021-06-23,289.7,228.5,-,-,[],C,151.2,958.56,250,1584.92
company,21X000000001360B,,Terminale GNL Adriatico S.r.l.,Adriatic LNG,21X000000001360B,,,21X000000001360B/IT,2023-10-26 15:27:38,2021-06-23,2021-06-24,286.7,228.5,-,-,[],C,209.38,1327.38,250,1584.89
company,21X000000001360B,,Terminale GNL Adriatico S.r.l.,Adriatic LNG,21X000000001360B,,,21X000000001360B/IT,2023-10-26 15:27:38,2021-06-24,2021-06-25,288.8,228.5,-,-,[],C,165.95,1052.05,250,1584.89
company,21X000000001360B,,Terminale GNL Adriatico S.r.l.,Adriatic LNG,21X000000001360B,,,21X000000001360B/IT,2023-10-26 15:27:39,2021-06-25,2021-06-26,240.5,228.5,-,-,[],C,129.59,821.55,250,1584.9
company,21X000000001360B,,Terminale GNL Adriatico S.r.l.,Adriatic LNG,21X000000001360B,,,21X000000001360B/IT,2023-10-26 15:27:40,2021-06-26,2021-06-27,175.6,228.5,-,-,[],C,172.24,1091.93,250,1584.9
company,21X000000001360B,,Terminale GNL Adriatico S.r.l.,Adriatic LNG,21X000000001360B,,,21X000000001360B/IT,2023-10-26 15:27:41,2021-06-27,2021-06-28,174.3,228.5,-,-,[],C,217.47,1378.71,250,1584.94
company,21X000000001360B,,Terminale GNL Adriatico S.r.l.,Adriatic LNG,21X000000001360B,,,21X000000001360B/IT,2023-10-26 15:27:42,2021-06-28,2021-06-29,236.9,228.5,-,-,[],C,181.48,1150.52,250,1584.91
company,21X000000001360B,,Terminale GNL Adriatico S.r.l.,Adriatic LNG,21X000000001360B,,,21X000000001360B/IT,2023-10-26 15:27:43,2021-06-29,2021-06-30,236,228.5,-,-,[],C,145.68,923.55,250,1584.89
company,21X000000001360B,,Terminale GNL Adriatico S.r.l.,Adriatic LNG,21X000000001360B,,,21X000000001360B/IT,2023-10-26 15:27:43,2021-06-30,2021-07-01,236.8,228.5,-,-,[],C,109.5,694.21,250,1584.95
company,21X000000001360B,,Terminale GNL Adriatico S.r.l.,Adriatic LNG,21X000000001360B,,,21X000000001360B/IT,2023-10-26 15:27:44,2021-07-01,2021-07-02,236,228.5,-,-,[],C,73.86,468.24,250,1584.89
company,21X000000001360B,,Terminale GNL Adriatico S.r.l.,Adriatic LNG,21X000000001360B,,,21X000000001360B/IT,2023-10-26 15:27:45,2021-07-02,2021-07-03,236.1,228.5,-,-,[],C,38.21,242.26,250,1585.06
company,21X000000001360B,,Terminale GNL Adriatico S.r.l.,Adriatic LNG,21X000000001360B,,,21X000000001360B/IT,2023-10-26 15:27:46,2021-07-03,2021-07-04,142.7,228.5,-,-,[],C,136.84,867.54,250,1584.95
company,21X000000001360B,,Terminale GNL Adriatico S.r.l.,Adriatic LNG,21X000000001360B,,,21X000000001360B/IT,2023-10-26 15:27:47,2021-07-04,2021-07-05,142.8,228.5,-,-,[],C,136.4,864.7,250,1584.86
company,21X000000001360B,,Terminale GNL Adriatico S.r.l.,Adriatic LNG,21X000000001360B,,,21X000000001360B/IT,2023-10-26 15:27:48,2021-07-05,2021-07-06,240.8,228.5,-,-,[],C,99.77,632.51,250,1584.92
company,21X000000001360B,,Terminale GNL Adriatico S.r.l.,Adriatic LNG,21X000000001360B,,,21X000000001360B/IT,2023-10-26 15:27:49,2021-07-06,2021-07-07,241,228.5,-,-,[],C,63.36,401.65,250,1584.79
company,21X000000001360B,,Terminale GNL Adriatico S.r.l.,Adriatic LNG,21X000000001360B,,,21X000000001360B/IT,2023-10-26 15:27:49,2021-07-07,2021-07-08,241,228.5,-,-,[],C,87.7,555.97,250,1584.86
company,21X000000001360B,,Terminale GNL Adriatico S.r.l.,Adriatic LNG,21X000000001360B,,,21X000000001360B/IT,2023-10-26 15:27:51,2021-07-08,2021-07-09,285.3,227.9,-,-,[],C,180.43,1143.89,250,1584.95
company,21X000000001360B,,Terminale GNL Adriatico S.r.l.,Adriatic LNG,21X000000001360B,,,21X000000001360B/IT,2023-10-26 15:27:51,2021-07-09,2021-07-10,239.5,228.5,-,-,[],C,95.86,607.72,250,1584.92
company,21X000000001360B,,Terminale GNL Adriatico S.r.l.,Adriatic LNG,21X000000001360B,,,21X000000001360B/IT,2023-10-26 15:27:52,2021-07-10,2021-07-11,175.7,228.5,-,-,[],C,116.32,737.41,250,1584.87
company,21X000000001360B,,Terminale GNL Adriatico S.r.l.,Adriatic LNG,21X000000001360B,,,21X000000001360B/IT,2023-10-26 15:27:53,2021-07-11,2021-07-12,175.5,228.5,-,-,[],C,183.99,1166.46,250,1584.95
company,21X000000001360B,,Terminale GNL Adriatico S.r.l.,Adriatic LNG,21X000000001360B,,,21X000000001360B/IT,2023-10-26 15:27:54,2021-07-12,2021-07-13,240.3,228.5,-,-,[],C,147.18,933.1,250,1584.96
company,21X000000001360B,,Terminale GNL Adriatico S.r.l.,Adriatic LNG,21X000000001360B,,,21X000000001360B/IT,2023-10-26 15:27:55,2021-07-13,2021-07-14,240.5,228.5,-,-,[],C,110.83,702.62,250,1584.9
company,21X000000001360B,,Terminale GNL Adriatico S.r.l.,Adriatic LNG,21X000000001360B,,,21X000000001360B/IT,2023-10-26 15:27:56,2021-07-14,2021-07-15,240.5,228.5,-,-,[],C,74.46,472.07,250,1584.98
company,21X000000001360B,,Terminale GNL Adriatico S.r.l.,Adriatic LNG,21X000000001360B,,,21X000000001360B/IT,2023-10-26 15:27:58,2021-07-15,2021-07-16,240.6,228.5,-,-,[],C,38.08,241.4,250,1584.82
company,21X000000001360B,,Terminale GNL Adriatico S.r.l.,Adriatic LNG,21X000000001360B,,,21X000000001360B/IT,2023-10-26 15:27:59,2021-07-16,2021-07-17,240.7,228.5,-,-,[],C,122.05,773.77,250,1584.94
company,21X000000001360B,,Terminale GNL Adriatico S.r.l.,Adriatic LNG,21X000000001360B,,,21X000000001360B/IT,2023-10-26 15:28:00,2021-07-17,2021-07-18,99.3,228.5,-,-,[],C,128,811.5,250,1584.96
company,21X000000001360B,,Terminale GNL Adriatico S.r.l.,Adriatic LNG,21X000000001360B,,,21X000000001360B/IT,2023-10-26 15:28:01,2021-07-18,2021-07-19,99.4,228.5,-,-,[],C,112.84,715.36,250,1584.9
company,21X000000001360B,,Terminale GNL Adriatico S.r.l.,Adriatic LNG,21X000000001360B,,,21X000000001360B/IT,2023-10-26 15:28:02,2021-07-19,2021-07-20,240.4,228.5,-,-,[],C,76.36,484.1,250,1584.93
company,21X000000001360B,,Terminale GNL Adriatico S.r.l.,Adriatic LNG,21X000000001360B,,,21X000000001360B/IT,2023-10-26 15:28:03,2021-07-20,2021-07-21,240,228.5,-,-,[],C,40.43,256.33,250,1585.02
company,21X000000001360B,,Terminale GNL Adriatico S.r.l.,Adriatic LNG,21X000000001360B,,,21X000000001360B/IT,2023-10-26 15:28:04,2021-07-21,2021-07-22,174.7,228.5,-,-,[],C,133.08,843.72,250,1584.99
company,21X000000001360B,,Terminale GNL Adriatico S.r.l.,Adriatic LNG,21X000000001360B,,,21X000000001360B/IT,2023-10-26 15:28:05,2021-07-22,2021-07-23,238.7,228.5,-,-,[],C,117.79,746.77,250,1584.96
company,21X000000001360B,,Terminale GNL Adriatico S.r.l.,Adriatic LNG,21X000000001360B,,,21X000000001360B/IT,2023-10-26 15:28:06,2021-07-23,2021-07-24,239.8,228.5,-,-,[],C,152.74,968.35,250,1584.96
company,21X000000001360B,,Terminale GNL Adriatico S.r.l.,Adriatic LNG,21X000000001360B,,,21X000000001360B/IT,2023-10-26 15:28:07,2021-07-24,2021-07-25,240.6,228.5,-,-,[],C,190.79,1209.54,250,1584.91
company,21X000000001360B,,Terminale GNL Adriatico S.r.l.,Adriatic LNG,21X000000001360B,,,21X000000001360B/IT,2023-10-26 15:28:08,2021-07-25,2021-07-26,240.4,228.5,-,-,[],C,154.33,978.41,250,1584.93
company,21X000000001360B,,Terminale GNL Adriatico S.r.l.,Adriatic LNG,21X000000001360B,,,21X000000001360B/IT,2023-10-26 15:28:09,2021-07-26,2021-07-27,285.3,228.5,-,-,[],C,111.27,705.41,250,1584.91
company,21X000000001360B,,Terminale GNL Adriatico S.r.l.,Adriatic LNG,21X000000001360B,,,21X000000001360B/IT,2023-10-26 15:28:10,2021-07-27,2021-07-28,285.3,228.5,-,-,[],C,178.48,1131.52,250,1584.94
company,21X000000001360B,,Terminale GNL Adriatico S.r.l.,Adriatic LNG,21X000000001360B,,,21X000000001360B/IT,2023-10-26 15:28:11,2021-07-28,2021-07-29,286.1,228.5,-,-,[],C,172.11,1091.16,250,1584.97
company,21X000000001360B,,Terminale GNL Adriatico S.r.l.,Adriatic LNG,21X000000001360B,,,21X000000001360B/IT,2023-10-26 15:28:12,2021-07-29,2021-07-30,285.3,228.5,-,-,[],C,129.16,818.86,250,1584.97
company,21X000000001360B,,Terminale GNL Adriatico S.r.l.,Adriatic LNG,21X000000001360B,,,21X000000001360B/IT,2023-10-26 15:28:13,2021-07-30,2021-07-31,240.7,228.5,-,-,[],C,92.98,589.49,250,1584.99
company,21X000000001360B,,Terminale GNL Adriatico S.r.l.,Adriatic LNG,21X000000001360B,,,21X000000001360B/IT,2023-10-26 15:28:14,2021-07-31,2021-08-01,208.7,228.5,-,-,[],C,61.32,388.76,250,1584.96
company,21X000000001360B,,Terminale GNL Adriatico S.r.l.,Adriatic LNG,21X000000001360B,,,21X000000001360B/IT,2023-10-26 15:28:15,2021-08-01,2021-08-02,175.8,228.5,-,-,[],C,131.96,836.57,250,1584.89
company,21X000000001360B,,Terminale GNL Adriatico S.r.l.,Adriatic LNG,21X000000001360B,,,21X000000001360B/IT,2023-10-26 15:28:16,2021-08-02,2021-08-03,240.3,228.5,-,-,[],C,143.17,907.68,250,1584.97
company,21X000000001360B,,Terminale GNL Adriatico S.r.l.,Adriatic LNG,21X000000001360B,,,21X000000001360B/IT,2023-10-26 15:28:17,2021-08-03,2021-08-04,240.5,228.5,-,-,[],C,107.09,678.92,250,1584.93
company,21X000000001360B,,Terminale GNL Adriatico S.r.l.,Adriatic LNG,21X000000001360B,,,21X000000001360B/IT,2023-10-26 15:28:18,2021-08-04,2021-08-05,240.4,228.5,-,-,[],C,151.34,959.44,250,1584.91
company,21X000000001360B,,Terminale GNL Adriatico S.r.l.,Adriatic LNG,21X000000001360B,,,21X000000001360B/IT,2023-10-26 15:28:19,2021-08-05,2021-08-06,240.7,228.5,-,-,[],C,175.38,1111.84,250,1584.9
company,21X000000001360B,,Terminale GNL Adriatico S.r.l.,Adriatic LNG,21X000000001360B,,,21X000000001360B/IT,2023-10-26 15:28:20,2021-08-06,2021-08-07,239.8,228.5,-,-,[],C,139.09,881.8,250,1584.94
company,21X000000001360B,,Terminale GNL Adriatico S.r.l.,Adriatic LNG,21X000000001360B,,,21X000000001360B/IT,2023-10-26 15:28:20,2021-08-07,2021-08-08,174.9,228.5,-,-,[],C,112.7,714.51,250,1584.98
company,21X000000001360B,,Terminale GNL Adriatico S.r.l.,Adriatic LNG,21X000000001360B,,,21X000000001360B/IT,2023-10-26 15:28:21,2021-08-08,2021-08-09,176.1,228.5,-,-,[],C,86.14,546.11,250,1584.95
company,21X000000001360B,,Terminale GNL Adriatico S.r.l.,Adriatic LNG,21X000000001360B,,,21X000000001360B/IT,2023-10-26 15:28:22,2021-08-09,2021-08-10,176.1,228.5,-,-,[],C,200.25,1269.5,250,1584.89
company,21X000000001360B,,Terminale GNL Adriatico S.r.l.,Adriatic LNG,21X000000001360B,,,21X000000001360B/IT,2023-10-26 15:28:23,2021-08-10,2021-08-11,175.2,228.5,-,-,[],C,173.89,1102.38,250,1584.88
company,21X000000001360B,,Terminale GNL Adriatico S.r.l.,Adriatic LNG,21X000000001360B,,,21X000000001360B/IT,2023-10-26 15:28:24,2021-08-11,2021-08-12,176.2,228.5,-,-,[],C,147.27,933.62,250,1584.88
company,21X000000001360B,,Terminale GNL Adriatico S.r.l.,Adriatic LNG,21X000000001360B,,,21X000000001360B/IT,2023-10-26 15:28:25,2021-08-12,2021-08-13,175.1,228.5,-,-,[],C,120.93,766.64,250,1584.88
company,21X000000001360B,,Terminale GNL Adriatico S.r.l.,Adriatic LNG,21X000000001360B,,,21X000000001360B/IT,2023-10-26 15:28:26,2021-08-13,2021-08-14,176.3,228.5,-,-,[],C,94.23,597.38,250,1584.9
company,21X000000001360B,,Terminale GNL Adriatico S.r.l.,Adriatic LNG,21X000000001360B,,,21X000000001360B/IT,2023-10-26 15:28:26,2021-08-14,2021-08-15,142,228.5,-,-,[],C,73.39,465.24,250,1584.82
company,21X000000001360B,,Terminale GNL Adriatico S.r.l.,Adriatic LNG,21X000000001360B,,,21X000000001360B/IT,2023-10-26 15:28:27,2021-08-15,2021-08-16,66,228.5,-,-,[],C,63.35,401.64,250,1585
company,21X000000001360B,,Terminale GNL Adriatico S.r.l.,Adriatic LNG,21X000000001360B,,,21X000000001360B/IT,2023-10-26 15:28:28,2021-08-16,2021-08-17,132.1,228.5,-,-,[],C,43.31,274.57,250,1584.91
company,21X000000001360B,,Terminale GNL Adriatico S.r.l.,Adriatic LNG,21X000000001360B,,,21X000000001360B/IT,2023-10-26 15:28:29,2021-08-17,2021-08-18,131.1,228.5,-,-,[],C,96.8,613.7,250,1584.97
company,21X000000001360B,,Terminale GNL Adriatico S.r.l.,Adriatic LNG,21X000000001360B,,,21X000000001360B/IT,2023-10-26 15:28:31,2021-08-18,2021-08-19,165.2,228.5,-,-,[],C,139.04,881.5,250,1584.98
company,21X000000001360B,,Terminale GNL Adriatico S.r.l.,Adriatic LNG,21X000000001360B,,,21X000000001360B/IT,2023-10-26 15:28:32,2021-08-19,2021-08-20,230.3,228.5,-,-,[],C,104.04,659.56,250,1584.87
company,21X000000001360B,,Terminale GNL Adriatico S.r.l.,Adriatic LNG,21X000000001360B,,,21X000000001360B/IT,2023-10-26 15:28:33,2021-08-20,2021-08-21,230.4,228.5,-,-,[],C,69.25,439.01,250,1584.87
company,21X000000001360B,,Terminale GNL Adriatico S.r.l.,Adriatic LNG,21X000000001360B,,,21X000000001360B/IT,2023-10-26 15:28:34,2021-08-21,2021-08-22,66.1,228.5,-,-,[],C,59.5,377.23,250,1585
company,21X000000001360B,,Terminale GNL Adriatico S.r.l.,Adriatic LNG,21X000000001360B,,,21X000000001360B/IT,2023-10-26 15:28:35,2021-08-22,2021-08-23,66.2,228.5,-,-,[],C,49.2,311.91,250,1584.91
company,21X000000001360B,,Terminale GNL Adriatico S.r.l.,Adriatic LNG,21X000000001360B,,,21X000000001360B/IT,2023-10-26 15:28:36,2021-08-23,2021-08-24,99.2,228.5,-,-,[],C,34.36,217.85,250,1585.06
company,21X000000001360B,,Terminale GNL Adriatico S.r.l.,Adriatic LNG,21X000000001360B,,,21X000000001360B/IT,2023-10-26 15:28:37,2021-08-24,2021-08-25,98.1,228.5,-,-,[],C,19.47,123.42,250,1584.75
company,21X000000001360B,,Terminale GNL Adriatico S.r.l.,Adriatic LNG,21X000000001360B,,,21X000000001360B/IT,2023-10-26 15:28:37,2021-08-25,2021-08-26,142.4,228.5,-,-,[],C,105.79,670.66,250,1584.89
company,21X000000001360B,,Terminale GNL Adriatico S.r.l.,Adriatic LNG,21X000000001360B,,,21X000000001360B/IT,2023-10-26 15:28:38,2021-08-26,2021-08-27,240,228.5,-,-,[],C,108.61,688.55,250,1584.91
company,21X000000001360B,,Terminale GNL Adriatico S.r.l.,Adriatic LNG,21X000000001360B,,,21X000000001360B/IT,2023-10-26 15:28:39,2021-08-27,2021-08-28,240.2,228.5,-,-,[],C,72.4,458.97,250,1584.84
company,21X000000001360B,,Terminale GNL Adriatico S.r.l.,Adriatic LNG,21X000000001360B,,,21X000000001360B/IT,2023-10-26 15:28:40,2021-08-28,2021-08-29,176.4,228.5,-,-,[],C,45.98,291.51,250,1584.98
company,21X000000001360B,,Terminale GNL Adriatico S.r.l.,Adriatic LNG,21X000000001360B,,,21X000000001360B/IT,2023-10-26 15:28:41,2021-08-29,2021-08-30,175.3,228.5,-,-,[],C,159.33,1010.1,250,1584.92
company,21X000000001360B,,Terminale GNL Adriatico S.r.l.,Adriatic LNG,21X000000001360B,,,21X000000001360B/IT,2023-10-26 15:28:42,2021-08-30,2021-08-31,240.1,228.5,-,-,[],C,122.88,779.01,250,1584.9
company,21X000000001360B,,Terminale GNL Adriatico S.r.l.,Adriatic LNG,21X000000001360B,,,21X000000001360B/IT,2023-10-26 15:28:43,2021-08-31,2021-09-01,241.3,228.5,-,-,[],C,86.38,547.63,250,1584.94
company,21X000000001360B,,Terminale GNL Adriatico S.r.l.,Adriatic LNG,21X000000001360B,,,21X000000001360B/IT,2023-10-26 15:28:44,2021-09-01,2021-09-02,240.4,228.5,-,-,[],C,118.85,753.45,250,1584.88
company,21X000000001360B,,Terminale GNL Adriatico S.r.l.,Adriatic LNG,21X000000001360B,,,21X000000001360B/IT,2023-10-26 15:28:44,2021-09-02,2021-09-03,239.9,228.5,-,-,[],C,160.69,1018.71,250,1584.9
company,21X000000001360B,,Terminale GNL Adriatico S.r.l.,Adriatic LNG,21X000000001360B,,,21X000000001360B/IT,2023-10-26 15:28:45,2021-09-03,2021-09-04,240.6,228.5,-,-,[],C,124.51,789.39,250,1584.99
company,21X000000001360B,,Terminale GNL Adriatico S.r.l.,Adriatic LNG,21X000000001360B,,,21X000000001360B/IT,2023-10-26 15:28:46,2021-09-04,2021-09-05,174.8,228.5,-,-,[],C,98.41,623.86,250,1584.85
company,21X000000001360B,,Terminale GNL Adriatico S.r.l.,Adriatic LNG,21X000000001360B,,,21X000000001360B/IT,2023-10-26 15:28:47,2021-09-05,2021-09-06,175.3,228.5,-,-,[],C,145.42,921.89,250,1584.87
company,21X000000001360B,,Terminale GNL Adriatico S.r.l.,Adriatic LNG,21X000000001360B,,,21X000000001360B/IT,2023-10-26 15:28:48,2021-09-06,2021-09-07,240,228.5,-,-,[],C,176.95,1121.82,250,1584.94
company,21X000000001360B,,Terminale GNL Adriatico S.r.l.,Adriatic LNG,21X000000001360B,,,21X000000001360B/IT,2023-10-26 15:28:49,2021-09-07,2021-09-08,241.3,228.5,-,-,[],C,140.7,892.01,250,1584.95
company,21X000000001360B,,Terminale GNL Adriatico S.r.l.,Adriatic LNG,21X000000001360B,,,21X000000001360B/IT,2023-10-26 15:28:50,2021-09-08,2021-09-09,240.2,228.5,-,-,[],C,104.39,661.79,250,1584.9
company,21X000000001360B,,Terminale GNL Adriatico S.r.l.,Adriatic LNG,21X000000001360B,,,21X000000001360B/IT,2023-10-26 15:28:51,2021-09-09,2021-09-10,240.1,228.5,-,-,[],C,202.68,1284.91,250,1584.9
company,21X000000001360B,,Terminale GNL Adriatico S.r.l.,Adriatic LNG,21X000000001360B,,,21X000000001360B/IT,2023-10-26 15:28:52,2021-09-10,2021-09-11,240,228.5,-,-,[],C,173.67,1101.03,250,1584.95
company,21X000000001360B,,Terminale GNL Adriatico S.r.l.,Adriatic LNG,21X000000001360B,,,21X000000001360B/IT,2023-10-26 15:28:53,2021-09-11,2021-09-12,175.1,228.5,-,-,[],C,147.27,933.63,250,1584.9
company,21X000000001360B,,Terminale GNL Adriatico S.r.l.,Adriatic LNG,21X000000001360B,,,21X000000001360B/IT,2023-10-26 15:28:53,2021-09-12,2021-09-13,176.3,228.5,-,-,[],C,120.61,764.66,250,1584.98
company,21X000000001360B,,Terminale GNL Adriatico S.r.l.,Adriatic LNG,21X000000001360B,,,21X000000001360B/IT,2023-10-26 15:28:54,2021-09-13,2021-09-14,175.7,228.5,-,-,[],C,159.5,1011.18,250,1584.92
company,21X000000001360B,,Terminale GNL Adriatico S.r.l.,Adriatic LNG,21X000000001360B,,,21X000000001360B/IT,2023-10-26 15:28:55,2021-09-14,2021-09-15,175.6,228.5,-,-,[],C,209.3,1326.9,250,1584.93
company,21X000000001360B,,Terminale GNL Adriatico S.r.l.,Adriatic LNG,21X000000001360B,,,21X000000001360B/IT,2023-10-26 15:28:56,2021-09-15,2021-09-16,175.7,228.5,-,-,[],C,182.53,1157.2,250,1584.94
company,21X000000001360B,,Terminale GNL Adriatico S.r.l.,Adriatic LNG,21X000000001360B,,,21X000000001360B/IT,2023-10-26 15:28:56,2021-09-16,2021-09-17,176.3,228.5,-,-,[],C,155.58,986.32,250,1584.91
company,21X000000001360B,,Terminale GNL Adriatico S.r.l.,Adriatic LNG,21X000000001360B,,,21X000000001360B/IT,2023-10-26 15:28:57,2021-09-17,2021-09-18,175.1,228.5,-,-,[],C,129.16,818.86,250,1584.97
company,21X000000001360B,,Terminale GNL Adriatico S.r.l.,Adriatic LNG,21X000000001360B,,,21X000000001360B/IT,2023-10-26 15:28:58,2021-09-18,2021-09-19,175.2,228.5,-,-,[],C,102.75,651.38,250,1584.87
company,21X000000001360B,,Terminale GNL Adriatico S.r.l.,Adriatic LNG,21X000000001360B,,,21X000000001360B/IT,2023-10-26 15:28:59,2021-09-19,2021-09-20,175.8,228.5,-,-,[],C,76.29,483.65,250,1584.91
company,21X000000001360B,,Terminale GNL Adriatico S.r.l.,Adriatic LNG,21X000000001360B,,,21X000000001360B/IT,2023-10-26 15:29:00,2021-09-20,2021-09-21,175.8,228.5,-,-,[],C,49.69,315.03,250,1584.98
company,21X000000001360B,,Terminale GNL Adriatico S.r.l.,Adriatic LNG,21X000000001360B,,,21X000000001360B/IT,2023-10-26 15:29:01,2021-09-21,2021-09-22,198,228.5,-,-,[],C,93.76,594.44,250,1585
company,21X000000001360B,,Terminale GNL Adriatico S.r.l.,Adriatic LNG,21X000000001360B,,,21X000000001360B/IT,2023-10-26 15:29:02,2021-09-22,2021-09-23,197,228.5,-,-,[],C,131.39,832.97,250,1584.92
company,21X000000001360B,,Terminale GNL Adriatico S.r.l.,Adriatic LNG,21X000000001360B,,,21X000000001360B/IT,2023-10-26 15:29:03,2021-09-23,2021-09-24,140.7,228.5,-,-,[],C,101.4,642.82,250,1584.86
company,21X000000001360B,,Terminale GNL Adriatico S.r.l.,Adriatic LNG,21X000000001360B,,,21X000000001360B/IT,2023-10-26 15:29:04,2021-09-24,2021-09-25,198.2,228.5,-,-,[],C,71.55,453.6,250,1584.91
company,21X000000001360B,,Terminale GNL Adriatico S.r.l.,Adriatic LNG,21X000000001360B,,,21X000000001360B/IT,2023-10-26 15:29:04,2021-09-25,2021-09-26,174.8,228.5,-,-,[],C,183.03,1160.36,250,1584.93
company,21X000000001360B,,Terminale GNL Adriatico S.r.l.,Adriatic LNG,21X000000001360B,,,21X000000001360B/IT,2023-10-26 15:29:05,2021-09-26,2021-09-27,174.9,228.5,-,-,[],C,160.06,1014.73,250,1584.92
company,21X000000001360B,,Terminale GNL Adriatico S.r.l.,Adriatic LNG,21X000000001360B,,,21X000000001360B/IT,2023-10-26 15:29:06,2021-09-27,2021-09-28,198.1,228.5,-,-,[],C,130.14,825.05,250,1584.93
company,21X000000001360B,,Terminale GNL Adriatico S.r.l.,Adriatic LNG,21X000000001360B,,,21X000000001360B/IT,2023-10-26 15:29:07,2021-09-28,2021-09-29,198.1,228.5,-,-,[],C,100.23,635.43,250,1584.93
company,21X000000001360B,,Terminale GNL Adriatico S.r.l.,Adriatic LNG,21X000000001360B,,,21X000000001360B/IT,2023-10-26 15:29:08,2021-09-29,2021-09-30,185.8,228.5,-,-,[],C,205.21,1300.96,250,1584.91
company,21X000000001360B,,Terminale GNL Adriatico S.r.l.,Adriatic LNG,21X000000001360B,,,21X000000001360B/IT,2023-10-26 15:29:09,2021-09-30,2021-10-01,175.9,228.5,-,-,[],C,193.63,1227.56,250,1584.93
company,21X000000001360B,,Terminale GNL Adriatico S.r.l.,Adriatic LNG,21X000000001360B,,,21X000000001360B/IT,2023-10-26 15:29:10,2021-10-01,2021-10-02,240.9,228.5,-,-,[],C,157.23,996.82,250,1584.97
company,21X000000001360B,,Terminale GNL Adriatico S.r.l.,Adriatic LNG,21X000000001360B,,,21X000000001360B/IT,2023-10-26 15:29:11,2021-10-02,2021-10-03,175.7,228.5,-,-,[],C,130.71,828.67,250,1584.94
company,21X000000001360B,,Terminale GNL Adriatico S.r.l.,Adriatic LNG,21X000000001360B,,,21X000000001360B/IT,2023-10-26 15:29:11,2021-10-03,2021-10-04,175.9,228.5,-,-,[],C,227.59,1442.85,250,1584.92
company,21X000000001360B,,Terminale GNL Adriatico S.r.l.,Adriatic LNG,21X000000001360B,,,21X000000001360B/IT,2023-10-26 15:29:12,2021-10-04,2021-10-05,164.8,228.5,-,-,[],C,221.2,1402.33,250,1584.91
company,21X000000001360B,,Terminale GNL Adriatico S.r.l.,Adriatic LNG,21X000000001360B,,,21X000000001360B/IT,2023-10-26 15:29:13,2021-10-05,2021-10-06,164.9,228.5,-,-,[],C,196.32,1244.61,250,1584.93
company,21X000000001360B,,Terminale GNL Adriatico S.r.l.,Adriatic LNG,21X000000001360B,,,21X000000001360B/IT,2023-10-26 15:29:14,2021-10-06,2021-10-07,164.9,228.5,-,-,[],C,171.37,1086.45,250,1584.95
company,21X000000001360B,,Terminale GNL Adriatico S.r.l.,Adriatic LNG,21X000000001360B,,,21X000000001360B/IT,2023-10-26 15:29:15,2021-10-07,2021-10-08,165,228.5,-,-,[],C,146.29,927.42,250,1584.9
company,21X000000001360B,,Terminale GNL Adriatico S.r.l.,Adriatic LNG,21X000000001360B,,,21X000000001360B/IT,2023-10-26 15:29:16,2021-10-08,2021-10-09,165.1,228.5,-,-,[],C,121.25,768.66,250,1584.87
company,21X000000001360B,,Terminale GNL Adriatico S.r.l.,Adriatic LNG,21X000000001360B,,,21X000000001360B/IT,2023-10-26 15:29:16,2021-10-09,2021-10-10,165.1,228.5,-,-,[],C,96.56,612.18,250,1584.97
company,21X000000001360B,,Terminale GNL Adriatico S.r.l.,Adriatic LNG,21X000000001360B,,,21X000000001360B/IT,2023-10-26 15:29:17,2021-10-10,2021-10-11,154.2,228.5,-,-,[],C,73.21,464.1,250,1584.82
company,21X000000001360B,,Terminale GNL Adriatico S.r.l.,Adriatic LNG,21X000000001360B,,,21X000000001360B/IT,2023-10-26 15:29:18,2021-10-11,2021-10-12,241.1,228.5,-,-,[],C,100.7,638.38,250,1584.86
company,21X000000001360B,,Terminale GNL Adriatico S.r.l.,Adriatic LNG,21X000000001360B,,,21X000000001360B/IT,2023-10-26 15:29:19,2021-10-12,2021-10-13,241.1,228.5,-,-,[],C,141.67,898.14,250,1584.92
company,21X000000001360B,,Terminale GNL Adriatico S.r.l.,Adriatic LNG,21X000000001360B,,,21X000000001360B/IT,2023-10-26 15:29:20,2021-10-13,2021-10-14,241.3,228.5,-,-,[],C,105.4,668.22,250,1584.96
company,21X000000001360B,,Terminale GNL Adriatico S.r.l.,Adriatic LNG,21X000000001360B,,,21X000000001360B/IT,2023-10-26 15:29:21,2021-10-14,2021-10-15,240.2,228.5,-,-,[],C,146.93,931.49,250,1584.92
company,21X000000001360B,,Terminale GNL Adriatico S.r.l.,Adriatic LNG,21X000000001360B,,,21X000000001360B/IT,2023-10-26 15:29:21,2021-10-15,2021-10-16,240.2,228.5,-,-,[],C,174.03,1103.32,250,1584.96
company,21X000000001360B,,Terminale GNL Adriatico S.r.l.,Adriatic LNG,21X000000001360B,,,21X000000001360B/IT,2023-10-26 15:29:22,2021-10-16,2021-10-17,152,228.5,-,-,[],C,151.23,958.73,250,1584.89
company,21X000000001360B,,Terminale GNL Adriatico S.r.l.,Adriatic LNG,21X000000001360B,,,21X000000001360B/IT,2023-10-26 15:29:23,2021-10-17,2021-10-18,132.2,228.5,-,-,[],C,131.12,831.26,250,1584.92
company,21X000000001360B,,Terminale GNL Adriatico S.r.l.,Adriatic LNG,21X000000001360B,,,21X000000001360B/IT,2023-10-26 15:29:24,2021-10-18,2021-10-19,241.4,228.5,-,-,[],C,94.37,598.25,250,1584.85
company,21X000000001360B,,Terminale GNL Adriatico S.r.l.,Adriatic LNG,21X000000001360B,,,21X000000001360B/IT,2023-10-26 15:29:25,2021-10-19,2021-10-20,240.3,228.5,-,-,[],C,179.65,1138.91,250,1584.9
company,21X000000001360B,,Terminale GNL Adriatico S.r.l.,Adriatic LNG,21X000000001360B,,,21X000000001360B/IT,2023-10-26 15:29:25,2021-10-20,2021-10-21,240.8,228.5,-,-,[],C,163.16,1034.41,250,1584.96
company,21X000000001360B,,Terminale GNL Adriatico S.r.l.,Adriatic LNG,21X000000001360B,,,21X000000001360B/IT,2023-10-26 15:29:26,2021-10-21,2021-10-22,240.9,228.5,-,-,[],C,126.84,804.15,250,1584.97
company,21X000000001360B,,Terminale GNL Adriatico S.r.l.,Adriatic LNG,21X000000001360B,,,21X000000001360B/IT,2023-10-26 15:29:27,2021-10-22,2021-10-23,241,228.5,-,-,[],C,90.53,573.9,250,1584.83
company,21X000000001360B,,Terminale GNL Adriatico S.r.l.,Adriatic LNG,21X000000001360B,,,21X000000001360B/IT,2023-10-26 15:29:28,2021-10-23,2021-10-24,132.2,228.5,-,-,[],C,149.22,945.99,250,1584.89
company,21X000000001360B,,Terminale GNL Adriatico S.r.l.,Adriatic LNG,21X000000001360B,,,21X000000001360B/IT,2023-10-26 15:29:29,2021-10-24,2021-10-25,132.1,228.5,-,-,[],C,191.42,1213.55,250,1584.93
company,21X000000001360B,,Terminale GNL Adriatico S.r.l.,Adriatic LNG,21X000000001360B,,,21X000000001360B/IT,2023-10-26 15:29:29,2021-10-25,2021-10-26,134.4,228.5,-,-,[],C,170.86,1083.19,250,1584.91
company,21X000000001360B,,Terminale GNL Adriatico S.r.l.,Adriatic LNG,21X000000001360B,,,21X000000001360B/IT,2023-10-26 15:29:30,2021-10-26,2021-10-27,196.6,228.5,-,-,[],C,140.93,893.47,250,1584.95
company,21X000000001360B,,Terminale GNL Adriatico S.r.l.,Adriatic LNG,21X000000001360B,,,21X000000001360B/IT,2023-10-26 15:29:31,2021-10-27,2021-10-28,220.9,228.5,-,-,[],C,107.6,682.18,250,1584.99
company,21X000000001360B,,Terminale GNL Adriatico S.r.l.,Adriatic LNG,21X000000001360B,,,21X000000001360B/IT,2023-10-26 15:29:32,2021-10-28,2021-10-29,194.4,228.5,-,-,[],C,77.92,493.99,250,1584.93
company,21X000000001360B,,Terminale GNL Adriatico S.r.l.,Adriatic LNG,21X000000001360B,,,21X000000001360B/IT,2023-10-26 15:29:33,2021-10-29,2021-10-30,212,228.5,-,-,[],C,45.77,290.17,250,1584.94
company,21X000000001360B,,Terminale GNL Adriatico S.r.l.,Adriatic LNG,21X000000001360B,,,21X000000001360B/IT,2023-10-26 15:29:33,2021-10-30,2021-10-31,101.8,228.5,-,-,[],C,117.88,747.3,250,1584.87
company,21X000000001360B,,Terminale GNL Adriatico S.r.l.,Adriatic LNG,21X000000001360B,,,21X000000001360B/IT,2023-10-26 15:29:34,2021-10-31,2021-11-01,110.7,228.5,-,-,[],C,159.23,1009.45,250,1584.89
company,21X000000001360B,,Terminale GNL Adriatico S.r.l.,Adriatic LNG,21X000000001360B,,,21X000000001360B/IT,2023-10-26 15:29:35,2021-11-01,2021-11-02,169.3,228.5,-,-,[],C,132.87,842.36,250,1584.93
company,21X000000001360B,,Terminale GNL Adriatico S.r.l.,Adriatic LNG,21X000000001360B,,,21X000000001360B/IT,2023-10-26 15:29:36,2021-11-02,2021-11-03,240.3,228.5,-,-,[],C,96.58,612.31,250,1584.98
company,21X000000001360B,,Terminale GNL Adriatico S.r.l.,Adriatic LNG,21X000000001360B,,,21X000000001360B/IT,2023-10-26 15:29:37,2021-11-03,2021-11-04,241,228.5,-,-,[],C,60.01,380.46,250,1584.99
company,21X000000001360B,,Terminale GNL Adriatico S.r.l.,Adriatic LNG,21X000000001360B,,,21X000000001360B/IT,2023-10-26 15:29:37,2021-11-04,2021-11-05,240.9,228.5,-,-,[],C,130.32,826.18,250,1584.91
company,21X000000001360B,,Terminale GNL Adriatico S.r.l.,Adriatic LNG,21X000000001360B,,,21X000000001360B/IT,2023-10-26 15:29:38,2021-11-05,2021-11-06,240.4,228.5,-,-,[],C,133.86,848.65,250,1584.96
company,21X000000001360B,,Terminale GNL Adriatico S.r.l.,Adriatic LNG,21X000000001360B,,,21X000000001360B/IT,2023-10-26 15:29:39,2021-11-06,2021-11-07,175.6,228.5,-,-,[],C,107.37,680.69,250,1584.92
company,21X000000001360B,,Terminale GNL Adriatico S.r.l.,Adriatic LNG,21X000000001360B,,,21X000000001360B/IT,2023-10-26 15:29:40,2021-11-07,2021-11-08,176.7,228.5,-,-,[],C,214.02,1356.81,250,1584.91
company,21X000000001360B,,Terminale GNL Adriatico S.r.l.,Adriatic LNG,21X000000001360B,,,21X000000001360B/IT,2023-10-26 15:29:41,2021-11-08,2021-11-09,240.7,228.5,-,-,[],C,184.68,1170.83,250,1584.94
company,21X000000001360B,,Terminale GNL Adriatico S.r.l.,Adriatic LNG,21X000000001360B,,,21X000000001360B/IT,2023-10-26 15:29:41,2021-11-09,2021-11-10,241,228.5,-,-,[],C,147.99,938.18,250,1584.87
company,21X000000001360B,,Terminale GNL Adriatico S.r.l.,Adriatic LNG,21X000000001360B,,,21X000000001360B/IT,2023-10-26 15:29:42,2021-11-10,2021-11-11,240.9,228.5,-,-,[],C,189.98,1204.42,250,1584.93
company,21X000000001360B,,Terminale GNL Adriatico S.r.l.,Adriatic LNG,21X000000001360B,,,21X000000001360B/IT,2023-10-26 15:29:43,2021-11-11,2021-11-12,240.9,228.5,-,-,[],C,216.22,1370.75,250,1584.9
company,21X000000001360B,,Terminale GNL Adriatico S.r.l.,Adriatic LNG,21X000000001360B,,,21X000000001360B/IT,2023-10-26 15:29:44,2021-11-12,2021-11-13,241,228.5,-,-,[],C,179.76,1139.65,250,1584.96
company,21X000000001360B,,Terminale GNL Adriatico S.r.l.,Adriatic LNG,21X000000001360B,,,21X000000001360B/IT,2023-10-26 15:29:45,2021-11-13,2021-11-14,209.6,228.5,-,-,[],C,147.98,938.16,250,1584.94
company,21X000000001360B,,Terminale GNL Adriatico S.r.l.,Adriatic LNG,21X000000001360B,,,21X000000001360B/IT,2023-10-26 15:29:45,2021-11-14,2021-11-15,165.9,228.5,-,-,[],C,122.89,779.1,250,1584.95
company,21X000000001360B,,Terminale GNL Adriatico S.r.l.,Adriatic LNG,21X000000001360B,,,21X000000001360B/IT,2023-10-26 15:29:46,2021-11-15,2021-11-16,240.9,228.5,-,-,[],C,86.07,545.64,250,1584.87
company,21X000000001360B,,Terminale GNL Adriatico S.r.l.,Adriatic LNG,21X000000001360B,,,21X000000001360B/IT,2023-10-26 15:29:47,2021-11-16,2021-11-17,241.1,228.5,-,-,[],C,49.53,314,250,1584.9
company,21X000000001360B,,Terminale GNL Adriatico S.r.l.,Adriatic LNG,21X000000001360B,,,21X000000001360B/IT,2023-10-26 15:29:48,2021-11-17,2021-11-18,240.6,228.5,-,-,[],C,143.1,907.24,250,1584.98
company,21X000000001360B,,Terminale GNL Adriatico S.r.l.,Adriatic LNG,21X000000001360B,,,21X000000001360B/IT,2023-10-26 15:29:49,2021-11-18,2021-11-19,240.9,228.5,-,-,[],C,117.51,744.98,250,1584.93
company,21X000000001360B,,Terminale GNL Adriatico S.r.l.,Adriatic LNG,21X000000001360B,,,21X000000001360B/IT,2023-10-26 15:29:50,2021-11-19,2021-11-20,241.1,228.5,-,-,[],C,81.01,513.6,250,1584.99
company,21X000000001360B,,Terminale GNL Adriatico S.r.l.,Adriatic LNG,21X000000001360B,,,21X000000001360B/IT,2023-10-26 15:29:51,2021-11-20,2021-11-21,230.7,228.5,-,-,[],C,152.36,965.9,250,1584.9
company,21X000000001360B,,Terminale GNL Adriatico S.r.l.,Adriatic LNG,21X000000001360B,,,21X000000001360B/IT,2023-10-26 15:29:51,2021-11-21,2021-11-22,144.2,228.5,-,-,[],C,164.96,1045.78,250,1584.9
company,21X000000001360B,,Terminale GNL Adriatico S.r.l.,Adriatic LNG,21X000000001360B,,,21X000000001360B/IT,2023-10-26 15:29:52,2021-11-22,2021-11-23,241.4,228.5,-,-,[],C,128.13,812.29,250,1584.89
company,21X000000001360B,,Terminale GNL Adriatico S.r.l.,Adriatic LNG,21X000000001360B,,,21X000000001360B/IT,2023-10-26 15:29:53,2021-11-23,2021-11-24,240.4,228.5,-,-,[],C,92.03,583.42,250,1584.86
company,21X000000001360B,,Terminale GNL Adriatico S.r.l.,Adriatic LNG,21X000000001360B,,,21X000000001360B/IT,2023-10-26 15:29:54,2021-11-24,2021-11-25,241.4,228.5,-,-,[],C,129.21,819.17,250,1584.96
company,21X000000001360B,,Terminale GNL Adriatico S.r.l.,Adriatic LNG,21X000000001360B,,,21X000000001360B/IT,2023-10-26 15:29:55,2021-11-25,2021-11-26,240.2,228.5,-,-,[],C,159.98,1014.19,250,1584.87
company,21X000000001360B,,Terminale GNL Adriatico S.r.l.,Adriatic LNG,21X000000001360B,,,21X000000001360B/IT,2023-10-26 15:29:56,2021-11-26,2021-11-27,239.6,228.5,-,-,[],C,123.63,783.81,250,1584.99
company,21X000000001360B,,Terminale GNL Adriatico S.r.l.,Adriatic LNG,21X000000001360B,,,21X000000001360B/IT,2023-10-26 15:29:56,2021-11-27,2021-11-28,186.9,228.5,-,-,[],C,95.59,606,250,1584.89
company,21X000000001360B,,Terminale GNL Adriatico S.r.l.,Adriatic LNG,21X000000001360B,,,21X000000001360B/IT,2023-10-26 15:29:57,2021-11-28,2021-11-29,186.9,228.5,-,-,[],C,67.23,426.24,250,1585.01
company,21X000000001360B,,Terminale GNL Adriatico S.r.l.,Adriatic LNG,21X000000001360B,,,21X000000001360B/IT,2023-10-26 15:29:58,2021-11-29,2021-11-30,241.5,228.5,-,-,[],C,30.39,192.69,250,1585.14
company,21X000000001360B,,Terminale GNL Adriatico S.r.l.,Adriatic LNG,21X000000001360B,,,21X000000001360B/IT,2023-10-26 15:29:59,2021-11-30,2021-12-01,242,228.5,-,-,[],C,133.57,846.78,250,1584.9
company,21X000000001360B,,Terminale GNL Adriatico S.r.l.,Adriatic LNG,21X000000001360B,,,21X000000001360B/IT,2023-10-26 15:30:00,2021-12-01,2021-12-02,192.3,228.5,-,-,[],C,112.05,710.38,250,1584.96
company,21X000000001360B,,Terminale GNL Adriatico S.r.l.,Adriatic LNG,21X000000001360B,,,21X000000001360B/IT,2023-10-26 15:30:01,2021-12-02,2021-12-03,192.3,228.5,-,-,[],C,82.81,524.96,250,1584.83
company,21X000000001360B,,Terminale GNL Adriatico S.r.l.,Adriatic LNG,21X000000001360B,,,21X000000001360B/IT,2023-10-26 15:30:02,2021-12-03,2021-12-04,182.5,228.5,-,-,[],C,55.25,350.29,250,1585.02
company,21X000000001360B,,Terminale GNL Adriatico S.r.l.,Adriatic LNG,21X000000001360B,,,21X000000001360B/IT,2023-10-26 15:30:03,2021-12-04,2021-12-05,109.9,228.5,-,-,[],C,179.56,1138.34,250,1584.9
company,21X000000001360B,,Terminale GNL Adriatico S.r.l.,Adriatic LNG,21X000000001360B,,,21X000000001360B/IT,2023-10-26 15:30:04,2021-12-05,2021-12-06,142.9,228.5,-,-,[],C,157.81,1000.45,250,1584.9
company,21X000000001360B,,Terminale GNL Adriatico S.r.l.,Adriatic LNG,21X000000001360B,,,21X000000001360B/IT,2023-10-26 15:30:05,2021-12-06,2021-12-07,208,228.5,-,-,[],C,126.12,799.57,250,1584.94
company,21X000000001360B,,Terminale GNL Adriatico S.r.l.,Adriatic LNG,21X000000001360B,,,21X000000001360B/IT,2023-10-26 15:30:06,2021-12-07,2021-12-08,222.4,228.5,-,-,[],C,92.42,585.89,250,1584.86
company,21X000000001360B,,Terminale GNL Adriatico S.r.l.,Adriatic LNG,21X000000001360B,,,21X000000001360B/IT,2023-10-26 15:30:07,2021-12-08,2021-12-09,193.7,228.5,-,-,[],C,63.31,401.38,250,1584.98
company,21X000000001360B,,Terminale GNL Adriatico S.r.l.,Adriatic LNG,21X000000001360B,,,21X000000001360B/IT,2023-10-26 15:30:08,2021-12-09,2021-12-10,241,228.5,-,-,[],C,122.3,775.32,250,1584.87
company,21X000000001360B,,Terminale GNL Adriatico S.r.l.,Adriatic LNG,21X000000001360B,,,21X000000001360B/IT,2023-10-26 15:30:09,2021-12-10,2021-12-11,240.8,228.5,-,-,[],C,131.29,832.36,250,1584.96
company,21X000000001360B,,Terminale GNL Adriatico S.r.l.,Adriatic LNG,21X000000001360B,,,21X000000001360B/IT,2023-10-26 15:30:10,2021-12-11,2021-12-12,176,228.5,-,-,[],C,104.67,663.56,250,1584.89
company,21X000000001360B,,Terminale GNL Adriatico S.r.l.,Adriatic LNG,21X000000001360B,,,21X000000001360B/IT,2023-10-26 15:30:11,2021-12-12,2021-12-13,176,228.5,-,-,[],C,78.38,496.88,250,1584.84
company,21X000000001360B,,Terminale GNL Adriatico S.r.l.,Adriatic LNG,21X000000001360B,,,21X000000001360B/IT,2023-10-26 15:30:12,2021-12-13,2021-12-14,240.9,228.5,-,-,[],C,41.62,263.86,250,1584.94
company,21X000000001360B,,Terminale GNL Adriatico S.r.l.,Adriatic LNG,21X000000001360B,,,21X000000001360B/IT,2023-10-26 15:30:13,2021-12-14,2021-12-15,241,228.5,-,-,[],C,105.19,666.88,250,1584.94
company,21X000000001360B,,Terminale GNL Adriatico S.r.l.,Adriatic LNG,21X000000001360B,,,21X000000001360B/IT,2023-10-26 15:30:14,2021-12-15,2021-12-16,240.5,228.5,-,-,[],C,109.89,696.65,250,1584.88
company,21X000000001360B,,Terminale GNL Adriatico S.r.l.,Adriatic LNG,21X000000001360B,,,21X000000001360B/IT,2023-10-26 15:30:15,2021-12-16,2021-12-17,240.8,228.5,-,-,[],C,73.45,465.65,250,1584.92
company,21X000000001360B,,Terminale GNL Adriatico S.r.l.,Adriatic LNG,21X000000001360B,,,21X000000001360B/IT,2023-10-26 15:30:16,2021-12-17,2021-12-18,240.7,228.5,-,-,[],C,36.81,233.39,250,1585.1
company,21X000000001360B,,Terminale GNL Adriatico S.r.l.,Adriatic LNG,21X000000001360B,,,21X000000001360B/IT,2023-10-26 15:30:17,2021-12-18,2021-12-19,175.8,228.5,-,-,[],C,91.69,581.29,250,1584.93
company,21X000000001360B,,Terminale GNL Adriatico S.r.l.,Adriatic LNG,21X000000001360B,,,21X000000001360B/IT,2023-10-26 15:30:18,2021-12-19,2021-12-20,175.9,228.5,-,-,[],C,125.04,792.73,250,1584.95
company,21X000000001360B,,Terminale GNL Adriatico S.r.l.,Adriatic LNG,21X000000001360B,,,21X000000001360B/IT,2023-10-26 15:30:19,2021-12-20,2021-12-21,240.9,228.5,-,-,[],C,88.16,558.94,250,1585.02
company,21X000000001360B,,Terminale GNL Adriatico S.r.l.,Adriatic LNG,21X000000001360B,,,21X000000001360B/IT,2023-10-26 15:30:19,2021-12-21,2021-12-22,241.1,228.5,-,-,[],C,51.82,328.51,250,1584.86
company,21X000000001360B,,Terminale GNL Adriatico S.r.l.,Adriatic LNG,21X000000001360B,,,21X000000001360B/IT,2023-10-26 15:30:21,2021-12-22,2021-12-23,240.9,228.5,-,-,[],C,76.83,487.05,250,1584.83
company,21X000000001360B,,Terminale GNL Adriatico S.r.l.,Adriatic LNG,21X000000001360B,,,21X000000001360B/IT,2023-10-26 15:30:22,2021-12-23,2021-12-24,240.8,228.5,-,-,[],C,120.48,763.84,250,1584.99
company,21X000000001360B,,Terminale GNL Adriatico S.r.l.,Adriatic LNG,21X000000001360B,,,21X000000001360B/IT,2023-10-26 15:30:23,2021-12-24,2021-12-25,240.7,228.5,-,-,[],C,84.25,534.09,250,1584.84
company,21X000000001360B,,Terminale GNL Adriatico S.r.l.,Adriatic LNG,21X000000001360B,,,21X000000001360B/IT,2023-10-26 15:30:24,2021-12-25,2021-12-26,143,228.5,-,-,[],C,62.8,398.16,250,1585.03
company,21X000000001360B,,Terminale GNL Adriatico S.r.l.,Adriatic LNG,21X000000001360B,,,21X000000001360B/IT,2023-10-26 15:30:25,2021-12-26,2021-12-27,143,228.5,-,-,[],C,90.04,570.81,250,1584.88
company,21X000000001360B,,Terminale GNL Adriatico S.r.l.,Adriatic LNG,21X000000001360B,,,21X000000001360B/IT,2023-10-26 15:30:26,2021-12-27,2021-12-28,175.4,228.5,-,-,[],C,162.35,1029.25,250,1584.92
company,21X000000001360B,,Terminale GNL Adriatico S.r.l.,Adriatic LNG,21X000000001360B,,,21X000000001360B/IT,2023-10-26 15:30:27,2021-12-28,2021-12-29,175.4,228.5,-,-,[],C,135.65,859.96,250,1584.89
company,21X000000001360B,,Terminale GNL Adriatico S.r.l.,Adriatic LNG,21X000000001360B,,,21X000000001360B/IT,2023-10-26 15:30:28,2021-12-29,2021-12-30,197.3,228.5,-,-,[],C,206.29,1307.83,250,1584.94
company,21X000000001360B,,Terminale GNL Adriatico S.r.l.,Adriatic LNG,21X000000001360B,,,21X000000001360B/IT,2023-10-26 15:30:29,2021-12-30,2021-12-31,207.4,228.5,-,-,[],C,214.27,1358.44,250,1584.96
company,21X000000001360B,,Terminale GNL Adriatico S.r.l.,Adriatic LNG,21X000000001360B,,,21X000000001360B/IT,2023-10-26 15:30:30,2021-12-31,2022-01-01,165.7,228.5,-,-,[],C,189.42,1200.88,250,1584.94
company,21X000000001360B,,Terminale GNL Adriatico S.r.l.,Adriatic LNG,21X000000001360B,,,21X000000001360B/IT,2023-10-26 15:30:31,2022-01-01,2022-01-02,109.7,228.5,-,-,[],C,172.9,1096.12,250,1584.9
company,21X000000001360B,,Terminale GNL Adriatico S.r.l.,Adriatic LNG,21X000000001360B,,,21X000000001360B/IT,2023-10-26 15:30:32,2022-01-02,2022-01-03,109.7,228.5,-,-,[],C,156.14,989.88,250,1584.92
company,21X000000001360B,,Terminale GNL Adriatico S.r.l.,Adriatic LNG,21X000000001360B,,,21X000000001360B/IT,2023-10-26 15:30:33,2022-01-03,2022-01-04,175.6,228.5,-,-,[],C,129.31,819.76,250,1584.87
company,21X000000001360B,,Terminale GNL Adriatico S.r.l.,Adriatic LNG,21X000000001360B,,,21X000000001360B/IT,2023-10-26 15:30:34,2022-01-04,2022-01-05,187.8,228.5,-,-,[],C,100.99,640.22,250,1584.86
company,21X000000001360B,,Terminale GNL Adriatico S.r.l.,Adriatic LNG,21X000000001360B,,,21X000000001360B/IT,2023-10-26 15:30:35,2022-01-05,2022-01-06,197.6,228.5,-,-,[],C,70.98,450.02,250,1585.02
company,21X000000001360B,,Terminale GNL Adriatico S.r.l.,Adriatic LNG,21X000000001360B,,,21X000000001360B/IT,2023-10-26 15:30:36,2022-01-06,2022-01-07,142.8,228.5,-,-,[],C,49.38,313.06,250,1584.95
company,21X000000001360B,,Terminale GNL Adriatico S.r.l.,Adriatic LNG,21X000000001360B,,,21X000000001360B/IT,2023-10-26 15:30:37,2022-01-07,2022-01-08,142.7,228.5,-,-,[],C,104.23,660.79,250,1584.93
company,21X000000001360B,,Terminale GNL Adriatico S.r.l.,Adriatic LNG,21X000000001360B,,,21X000000001360B/IT,2023-10-26 15:30:39,2022-01-08,2022-01-09,142.4,228.5,-,-,[],C,145.49,922.37,250,1584.94
company,21X000000001360B,,Terminale GNL Adriatico S.r.l.,Adriatic LNG,21X000000001360B,,,21X000000001360B/IT,2023-10-26 15:30:40,2022-01-09,2022-01-10,142.5,228.5,-,-,[],C,123.84,785.08,250,1584.87
company,21X000000001360B,,Terminale GNL Adriatico S.r.l.,Adriatic LNG,21X000000001360B,,,21X000000001360B/IT,2023-10-26 15:30:41,2022-01-10,2022-01-11,230.2,228.5,-,-,[],C,88.79,562.87,250,1584.84
company,21X000000001360B,,Terminale GNL Adriatico S.r.l.,Adriatic LNG,21X000000001360B,,,21X000000001360B/IT,2023-10-26 15:30:42,2022-01-11,2022-01-12,240.2,228.5,-,-,[],C,52.42,332.3,250,1584.8
company,21X000000001360B,,Terminale GNL Adriatico S.r.l.,Adriatic LNG,21X000000001360B,,,21X000000001360B/IT,2023-10-26 15:30:43,2022-01-12,2022-01-13,175.6,228.5,-,-,[],C,26.02,164.96,250,1584.93
company,21X000000001360B,,Terminale GNL Adriatico S.r.l.,Adriatic LNG,21X000000001360B,,,21X000000001360B/IT,2023-10-26 15:30:44,2022-01-13,2022-01-14,175.4,228.5,-,-,[],C,113.23,717.85,250,1584.94
company,21X000000001360B,,Terminale GNL Adriatico S.r.l.,Adriatic LNG,21X000000001360B,,,21X000000001360B/IT,2023-10-26 15:30:45,2022-01-14,2022-01-15,175.4,228.5,-,-,[],C,112.7,714.47,250,1584.89
company,21X000000001360B,,Terminale GNL Adriatico S.r.l.,Adriatic LNG,21X000000001360B,,,21X000000001360B/IT,2023-10-26 15:30:46,2022-01-15,2022-01-16,240.3,228.5,-,-,[],C,75.97,481.63,250,1584.93
company,21X000000001360B,,Terminale GNL Adriatico S.r.l.,Adriatic LNG,21X000000001360B,,,21X000000001360B/IT,2023-10-26 15:30:47,2022-01-16,2022-01-17,240.4,228.5,-,-,[],C,89.39,566.71,250,1584.94
company,21X000000001360B,,Terminale GNL Adriatico S.r.l.,Adriatic LNG,21X000000001360B,,,21X000000001360B/IT,2023-10-26 15:30:48,2022-01-17,2022-01-18,240.8,228.5,-,-,[],C,143.8,911.65,250,1584.93
company,21X000000001360B,,Terminale GNL Adriatico S.r.l.,Adriatic LNG,21X000000001360B,,,21X000000001360B/IT,2023-10-26 15:30:49,2022-01-18,2022-01-19,240.9,228.5,-,-,[],C,107.42,680.99,250,1584.88
company,21X000000001360B,,Terminale GNL Adriatico S.r.l.,Adriatic LNG,21X000000001360B,,,21X000000001360B/IT,2023-10-26 15:30:50,2022-01-19,2022-01-20,241.2,228.5,-,-,[],C,70.8,448.82,250,1584.82
company,21X000000001360B,,Terminale GNL Adriatico S.r.l.,Adriatic LNG,21X000000001360B,,,21X000000001360B/IT,2023-10-26 15:30:51,2022-01-20,2022-01-21,241,228.5,-,-,[],C,160.46,1017.27,250,1584.93
company,21X000000001360B,,Terminale GNL Adriatico S.r.l.,Adriatic LNG,21X000000001360B,,,21X000000001360B/IT,2023-10-26 15:30:52,2022-01-21,2022-01-22,240.7,228.5,-,-,[],C,129.13,818.63,250,1584.9
company,21X000000001360B,,Terminale GNL Adriatico S.r.l.,Adriatic LNG,21X000000001360B,,,21X000000001360B/IT,2023-10-26 15:30:53,2022-01-22,2022-01-23,240.9,228.5,-,-,[],C,165.38,1048.47,250,1584.94
company,21X000000001360B,,Terminale GNL Adriatico S.r.l.,Adriatic LNG,21X000000001360B,,,21X000000001360B/IT,2023-10-26 15:30:54,2022-01-23,2022-01-24,241.9,228.5,-,-,[],C,200.77,1272.82,250,1584.92
company,21X000000001360B,,Terminale GNL Adriatico S.r.l.,Adriatic LNG,21X000000001360B,,,21X000000001360B/IT,2023-10-26 15:30:55,2022-01-24,2022-01-25,242.2,228.5,-,-,[],C,164.1,1040.37,250,1584.96
company,21X000000001360B,,Terminale GNL Adriatico S.r.l.,Adriatic LNG,21X000000001360B,,,21X000000001360B/IT,2023-10-26 15:30:56,2022-01-25,2022-01-26,242.3,228.5,-,-,[],C,127.42,807.83,250,1584.97
company,21X000000001360B,,Terminale GNL Adriatico S.r.l.,Adriatic LNG,21X000000001360B,,,21X000000001360B/IT,2023-10-26 15:30:57,2022-01-26,2022-01-27,242,228.5,-,-,[],C,197.9,1254.63,250,1584.93
company,21X000000001360B,,Terminale GNL Adriatico S.r.l.,Adriatic LNG,21X000000001360B,,,21X000000001360B/IT,2023-10-26 15:30:58,2022-01-27,2022-01-28,241.5,228.5,-,-,[],C,193.47,1226.57,250,1584.96
company,21X000000001360B,,Terminale GNL Adriatico S.r.l.,Adriatic LNG,21X000000001360B,,,21X000000001360B/IT,2023-10-26 15:30:59,2022-01-28,2022-01-29,241.5,228.5,-,-,[],C,156.89,994.64,250,1584.93
company,21X000000001360B,,Terminale GNL Adriatico S.r.l.,Adriatic LNG,21X000000001360B,,,21X000000001360B/IT,2023-10-26 15:31:00,2022-01-29,2022-01-30,241,228.5,-,-,[],C,120.52,764.08,250,1584.97
company,21X000000001360B,,Terminale GNL Adriatico S.r.l.,Adriatic LNG,21X000000001360B,,,21X000000001360B/IT,2023-10-26 15:31:01,2022-01-30,2022-01-31,241.2,228.5,-,-,[],C,227.34,1441.25,250,1584.91
company,21X000000001360B,,Terminale GNL Adriatico S.r.l.,Adriatic LNG,21X000000001360B,,,21X000000001360B/IT,2023-10-26 15:31:02,2022-01-31,2022-02-01,240.8,228.5,-,-,[],C,192.15,1218.19,250,1584.95
company,21X000000001360B,,Terminale GNL Adriatico S.r.l.,Adriatic LNG,21X000000001360B,,,21X000000001360B/IT,2023-10-26 15:31:03,2022-02-01,2022-02-02,268.9,228.5,-,-,[],C,151.16,958.28,250,1584.88
company,21X000000001360B,,Terminale GNL Adriatico S.r.l.,Adriatic LNG,21X000000001360B,,,21X000000001360B/IT,2023-10-26 15:31:04,2022-02-02,2022-02-03,269,228.5,-,-,[],C,110.59,701.13,250,1584.98
company,21X000000001360B,,Terminale GNL Adriatico S.r.l.,Adriatic LNG,21X000000001360B,,,21X000000001360B/IT,2023-10-26 15:31:05,2022-02-03,2022-02-04,241,228.5,-,-,[],C,74.11,469.84,250,1584.94
company,21X000000001360B,,Terminale GNL Adriatico S.r.l.,Adriatic LNG,21X000000001360B,,,21X000000001360B/IT,2023-10-26 15:31:06,2022-02-04,2022-02-05,240.3,228.5,-,-,[],C,37.55,238.07,250,1585.02
company,21X000000001360B,,Terminale GNL Adriatico S.r.l.,Adriatic LNG,21X000000001360B,,,21X000000001360B/IT,2023-10-26 15:31:07,2022-02-05,2022-02-06,240.7,228.5,-,-,[],C,126.76,803.61,250,1584.9
company,21X000000001360B,,Terminale GNL Adriatico S.r.l.,Adriatic LNG,21X000000001360B,,,21X000000001360B/IT,2023-10-26 15:31:08,2022-02-06,2022-02-07,240.5,228.5,-,-,[],C,97.06,615.36,250,1585
company,21X000000001360B,,Terminale GNL Adriatico S.r.l.,Adriatic LNG,21X000000001360B,,,21X000000001360B/IT,2023-10-26 15:31:09,2022-02-07,2022-02-08,268.4,228.5,-,-,[],C,56.38,357.45,250,1585
company,21X000000001360B,,Terminale GNL Adriatico S.r.l.,Adriatic LNG,21X000000001360B,,,21X000000001360B/IT,2023-10-26 15:31:10,2022-02-08,2022-02-09,202.8,228.5,-,-,[],C,25.79,163.47,250,1584.63
company,21X000000001360B,,Terminale GNL Adriatico S.r.l.,Adriatic LNG,21X000000001360B,,,21X000000001360B/IT,2023-10-26 15:31:11,2022-02-09,2022-02-10,202.6,228.5,-,-,[],C,135.7,860.32,250,1584.97
company,21X000000001360B,,Terminale GNL Adriatico S.r.l.,Adriatic LNG,21X000000001360B,,,21X000000001360B/IT,2023-10-26 15:31:12,2022-02-10,2022-02-11,240.1,228.5,-,-,[],C,99.17,628.72,250,1584.96
company,21X000000001360B,,Terminale GNL Adriatico S.r.l.,Adriatic LNG,21X000000001360B,,,21X000000001360B/IT,2023-10-26 15:31:13,2022-02-11,2022-02-12,240.2,228.5,-,-,[],C,62.81,398.17,250,1584.82
company,21X000000001360B,,Terminale GNL Adriatico S.r.l.,Adriatic LNG,21X000000001360B,,,21X000000001360B/IT,2023-10-26 15:31:14,2022-02-12,2022-02-13,109.6,228.5,-,-,[],C,46.65,295.73,250,1584.83
company,21X000000001360B,,Terminale GNL Adriatico S.r.l.,Adriatic LNG,21X000000001360B,,,21X000000001360B/IT,2023-10-26 15:31:14,2022-02-13,2022-02-14,66.2,228.5,-,-,[],C,36.42,230.92,250,1585.12
company,21X000000001360B,,Terminale GNL Adriatico S.r.l.,Adriatic LNG,21X000000001360B,,,21X000000001360B/IT,2023-10-26 15:31:15,2022-02-14,2022-02-15,66.2,228.5,-,-,[],C,48.43,307.04,250,1584.97
company,21X000000001360B,,Terminale GNL Adriatico S.r.l.,Adriatic LNG,21X000000001360B,,,21X000000001360B/IT,2023-10-26 15:31:16,2022-02-15,2022-02-16,175.4,228.5,-,-,[],C,134.13,850.33,250,1584.9
company,21X000000001360B,,Terminale GNL Adriatico S.r.l.,Adriatic LNG,21X000000001360B,,,21X000000001360B/IT,2023-10-26 15:31:17,2022-02-16,2022-02-17,240.7,228.5,-,-,[],C,154.64,980.38,250,1584.94
company,21X000000001360B,,Terminale GNL Adriatico S.r.l.,Adriatic LNG,21X000000001360B,,,21X000000001360B/IT,2023-10-26 15:31:18,2022-02-17,2022-02-18,274.7,228.5,-,-,[],C,187.56,1189.09,250,1584.95
company,21X000000001360B,,Terminale GNL Adriatico S.r.l.,Adriatic LNG,21X000000001360B,,,21X000000001360B/IT,2023-10-26 15:31:19,2022-02-18,2022-02-19,286,228.5,-,-,[],C,144.07,913.34,250,1584.89
company,21X000000001360B,,Terminale GNL Adriatico S.r.l.,Adriatic LNG,21X000000001360B,,,21X000000001360B/IT,2023-10-26 15:31:20,2022-02-19,2022-02-20,285.7,228.5,-,-,[],C,100.79,638.98,250,1584.93
company,21X000000001360B,,Terminale GNL Adriatico S.r.l.,Adriatic LNG,21X000000001360B,,,21X000000001360B/IT,2023-10-26 15:31:21,2022-02-20,2022-02-21,285.5,228.5,-,-,[],C,154.73,980.96,250,1584.95
company,21X000000001360B,,Terminale GNL Adriatico S.r.l.,Adriatic LNG,21X000000001360B,,,21X000000001360B/IT,2023-10-26 15:31:22,2022-02-21,2022-02-22,286,228.5,-,-,[],C,140.96,893.64,250,1584.92
company,21X000000001360B,,Terminale GNL Adriatico S.r.l.,Adriatic LNG,21X000000001360B,,,21X000000001360B/IT,2023-10-26 15:31:23,2022-02-22,2022-02-23,286.1,228.5,-,-,[],C,97.72,619.51,250,1584.91
company,21X000000001360B,,Terminale GNL Adriatico S.r.l.,Adriatic LNG,21X000000001360B,,,21X000000001360B/IT,2023-10-26 15:31:24,2022-02-23,2022-02-24,286.3,228.5,-,-,[],C,54.55,345.84,250,1584.97
company,21X000000001360B,,Terminale GNL Adriatico S.r.l.,Adriatic LNG,21X000000001360B,,,21X000000001360B/IT,2023-10-26 15:31:25,2022-02-24,2022-02-25,284.2,228.5,-,-,[],C,160.32,1016.36,250,1584.89
company,21X000000001360B,,Terminale GNL Adriatico S.r.l.,Adriatic LNG,21X000000001360B,,,21X000000001360B/IT,2023-10-26 15:31:25,2022-02-25,2022-02-26,280,228.5,-,-,[],C,117.4,744.25,250,1584.86
company,21X000000001360B,,Terminale GNL Adriatico S.r.l.,Adriatic LNG,21X000000001360B,,,21X000000001360B/IT,2023-10-26 15:31:26,2022-02-26,2022-02-27,271.3,228.5,-,-,[],C,75.77,480.34,250,1584.86
company,21X000000001360B,,Terminale GNL Adriatico S.r.l.,Adriatic LNG,21X000000001360B,,,21X000000001360B/IT,2023-10-26 15:31:28,2022-02-27,2022-02-28,129.2,228.5,-,-,[],C,56.24,356.53,250,1584.86
company,21X000000001360B,,Terminale GNL Adriatico S.r.l.,Adriatic LNG,21X000000001360B,,,21X000000001360B/IT,2023-10-26 15:31:29,2022-02-28,2022-03-01,172.2,228.5,-,-,[],C,29.45,186.74,250,1585.23
company,21X000000001360B,,Terminale GNL Adriatico S.r.l.,Adriatic LNG,21X000000001360B,,,21X000000001360B/IT,2023-10-26 15:31:29,2022-03-01,2022-03-02,236.6,228.5,-,-,[],C,118.5,751.24,250,1584.89
company,21X000000001360B,,Terminale GNL Adriatico S.r.l.,Adriatic LNG,21X000000001360B,,,21X000000001360B/IT,2023-10-26 15:31:30,2022-03-02,2022-03-03,239.7,228.5,-,-,[],C,182.57,1157.43,250,1584.91
company,21X000000001360B,,Terminale GNL Adriatico S.r.l.,Adriatic LNG,21X000000001360B,,,21X000000001360B/IT,2023-10-26 15:31:32,2022-03-03,2022-03-04,240,228.5,-,-,[],C,192.83,1222.48,250,1584.92
company,21X000000001360B,,Terminale GNL Adriatico S.r.l.,Adriatic LNG,21X000000001360B,,,21X000000001360B/IT,2023-10-26 15:31:33,2022-03-04,2022-03-05,240.3,228.5,-,-,[],C,156.41,991.56,250,1584.87
company,21X000000001360B,,Terminale GNL Adriatico S.r.l.,Adriatic LNG,21X000000001360B,,,21X000000001360B/IT,2023-10-26 15:31:33,2022-03-05,2022-03-06,240.4,228.5,-,-,[],C,119.96,760.52,250,1584.94
company,21X000000001360B,,Terminale GNL Adriatico S.r.l.,Adriatic LNG,21X000000001360B,,,21X000000001360B/IT,2023-10-26 15:31:35,2022-03-06,2022-03-07,240.7,228.5,-,-,[],C,83.47,529.21,250,1585.03
company,21X000000001360B,,Terminale GNL Adriatico S.r.l.,Adriatic LNG,21X000000001360B,,,21X000000001360B/IT,2023-10-26 15:31:35,2022-03-07,2022-03-08,240.4,228.5,-,-,[],C,142.87,905.76,250,1584.94
company,21X000000001360B,,Terminale GNL Adriatico S.r.l.,Adriatic LNG,21X000000001360B,,,21X000000001360B/IT,2023-10-26 15:31:36,2022-03-08,2022-03-09,240.9,228.5,-,-,[],C,137.2,869.79,250,1584.89
company,21X000000001360B,,Terminale GNL Adriatico S.r.l.,Adriatic LNG,21X000000001360B,,,21X000000001360B/IT,2023-10-26 15:31:37,2022-03-09,2022-03-10,240.7,228.5,-,-,[],C,216.29,1371.25,250,1584.97
company,21X000000001360B,,Terminale GNL Adriatico S.r.l.,Adriatic LNG,21X000000001360B,,,21X000000001360B/IT,2023-10-26 15:31:39,2022-03-10,2022-03-11,240.9,228.5,-,-,[],C,198.18,1256.39,250,1584.91
company,21X000000001360B,,Terminale GNL Adriatico S.r.l.,Adriatic LNG,21X000000001360B,,,21X000000001360B/IT,2023-10-26 15:31:39,2022-03-11,2022-03-12,240.8,228.5,-,-,[],C,161.65,1024.84,250,1584.97
company,21X000000001360B,,Terminale GNL Adriatico S.r.l.,Adriatic LNG,21X000000001360B,,,21X000000001360B/IT,2023-10-26 15:31:40,2022-03-12,2022-03-13,221.1,228.5,-,-,[],C,128.3,813.41,250,1584.98
company,21X000000001360B,,Terminale GNL Adriatico S.r.l.,Adriatic LNG,21X000000001360B,,,21X000000001360B/IT,2023-10-26 15:31:41,2022-03-13,2022-03-14,221.2,228.5,-,-,[],C,94.84,601.28,250,1584.99
company,21X000000001360B,,Terminale GNL Adriatico S.r.l.,Adriatic LNG,21X000000001360B,,,21X000000001360B/IT,2023-10-26 15:31:42,2022-03-14,2022-03-15,240.9,228.5,-,-,[],C,58.01,367.8,250,1585.07
company,21X000000001360B,,Terminale GNL Adriatico S.r.l.,Adriatic LNG,21X000000001360B,,,21X000000001360B/IT,2023-10-26 15:31:43,2022-03-15,2022-03-16,241.2,228.5,-,-,[],C,149.15,945.54,250,1584.88
company,21X000000001360B,,Terminale GNL Adriatico S.r.l.,Adriatic LNG,21X000000001360B,,,21X000000001360B/IT,2023-10-26 15:31:44,2022-03-16,2022-03-17,241.5,228.5,-,-,[],C,119.21,755.74,250,1584.89
company,21X000000001360B,,Terminale GNL Adriatico S.r.l.,Adriatic LNG,21X000000001360B,,,21X000000001360B/IT,2023-10-26 15:31:44,2022-03-17,2022-03-18,239.7,228.5,-,-,[],C,82.86,525.33,250,1584.99
company,21X000000001360B,,Terminale GNL Adriatico S.r.l.,Adriatic LNG,21X000000001360B,,,21X000000001360B/IT,2023-10-26 15:31:45,2022-03-18,2022-03-19,239.6,228.5,-,-,[],C,46.64,295.67,250,1584.85
company,21X000000001360B,,Terminale GNL Adriatico S.r.l.,Adriatic LNG,21X000000001360B,,,21X000000001360B/IT,2023-10-26 15:31:46,2022-03-19,2022-03-20,218.1,228.5,-,-,[],C,140.76,892.4,250,1584.97
company,21X000000001360B,,Terminale GNL Adriatico S.r.l.,Adriatic LNG,21X000000001360B,,,21X000000001360B/IT,2023-10-26 15:31:47,2022-03-20,2022-03-21,218.2,228.5,-,-,[],C,108.01,684.73,250,1584.88
company,21X000000001360B,,Terminale GNL Adriatico S.r.l.,Adriatic LNG,21X000000001360B,,,21X000000001360B/IT,2023-10-26 15:31:48,2022-03-21,2022-03-22,241.7,257.1,-,-,[],C,71.35,452.32,250,1584.86
company,21X000000001360B,,Terminale GNL Adriatico S.r.l.,Adriatic LNG,21X000000001360B,,,21X000000001360B/IT,2023-10-26 15:31:49,2022-03-22,2022-03-23,241.6,257.1,-,-,[],C,126.5,801.97,250,1584.92
company,21X000000001360B,,Terminale GNL Adriatico S.r.l.,Adriatic LNG,21X000000001360B,,,21X000000001360B/IT,2023-10-26 15:31:49,2022-03-23,2022-03-24,241.5,257.1,-,-,[],C,137.28,870.3,250,1584.9
company,21X000000001360B,,Terminale GNL Adriatico S.r.l.,Adriatic LNG,21X000000001360B,,,21X000000001360B/IT,2023-10-26 15:31:50,2022-03-24,2022-03-25,241.6,257.1,-,-,[],C,100.6,637.77,250,1584.92
company,21X000000001360B,,Terminale GNL Adriatico S.r.l.,Adriatic LNG,21X000000001360B,,,21X000000001360B/IT,2023-10-26 15:31:51,2022-03-25,2022-03-26,241.7,257.1,-,-,[],C,64.02,405.88,250,1584.97
company,21X000000001360B,,Terminale GNL Adriatico S.r.l.,Adriatic LNG,21X000000001360B,,,21X000000001360B/IT,2023-10-26 15:31:52,2022-03-26,2022-03-27,218.3,257.1,-,-,[],C,31.35,198.74,250,1584.85
company,21X000000001360B,,Terminale GNL Adriatico S.r.l.,Adriatic LNG,21X000000001360B,,,21X000000001360B/IT,2023-10-26 15:31:53,2022-03-27,2022-03-28,215.4,257.1,-,-,[],C,133.98,849.4,250,1584.94
company,21X000000001360B,,Terminale GNL Adriatico S.r.l.,Adriatic LNG,21X000000001360B,,,21X000000001360B/IT,2023-10-26 15:31:54,2022-03-28,2022-03-29,238.3,257.1,-,-,[],C,97.8,620.04,250,1584.97
company,21X000000001360B,,Terminale GNL Adriatico S.r.l.,Adriatic LNG,21X000000001360B,,,21X000000001360B/IT,2023-10-26 15:31:55,2022-03-29,2022-03-30,238.9,257.1,-,-,[],C,61.68,391.06,250,1585.04
company,21X000000001360B,,Terminale GNL Adriatico S.r.l.,Adriatic LNG,21X000000001360B,,,21X000000001360B/IT,2023-10-26 15:31:55,2022-03-30,2022-03-31,238.6,257.1,-,-,[],C,171.27,1085.78,250,1584.9
company,21X000000001360B,,Terminale GNL Adriatico S.r.l.,Adriatic LNG,21X000000001360B,,,21X000000001360B/IT,2023-10-26 15:31:56,2022-03-31,2022-04-01,236.8,257.1,-,-,[],C,147.18,933.05,250,1584.88
company,21X000000001360B,,Terminale GNL Adriatico S.r.l.,Adriatic LNG,21X000000001360B,,,21X000000001360B/IT,2023-10-26 15:31:57,2022-04-01,2022-04-02,235.4,257.1,-,-,[],C,110.66,701.55,250,1584.92
company,21X000000001360B,,Terminale GNL Adriatico S.r.l.,Adriatic LNG,21X000000001360B,,,21X000000001360B/IT,2023-10-26 15:31:58,2022-04-02,2022-04-03,235.1,257.1,-,-,[],C,74.45,472.02,250,1585.02
company,21X000000001360B,,Terminale GNL Adriatico S.r.l.,Adriatic LNG,21X000000001360B,,,21X000000001360B/IT,2023-10-26 15:31:58,2022-04-03,2022-04-04,235.7,257.1,-,-,[],C,126.13,799.61,250,1584.89
company,21X000000001360B,,Terminale GNL Adriatico S.r.l.,Adriatic LNG,21X000000001360B,,,21X000000001360B/IT,2023-10-26 15:31:59,2022-04-04,2022-04-05,240,257.1,-,-,[],C,137.16,869.54,250,1584.9
company,21X000000001360B,,Terminale GNL Adriatico S.r.l.,Adriatic LNG,21X000000001360B,,,21X000000001360B/IT,2023-10-26 15:32:00,2022-04-05,2022-04-06,240.6,257.1,-,-,[],C,100.5,637.14,250,1584.93
company,21X000000001360B,,Terminale GNL Adriatico S.r.l.,Adriatic LNG,21X000000001360B,,,21X000000001360B/IT,2023-10-26 15:32:01,2022-04-06,2022-04-07,240.1,257.1,-,-,[],C,163.21,1034.71,250,1584.94
company,21X000000001360B,,Terminale GNL Adriatico S.r.l.,Adriatic LNG,21X000000001360B,,,21X000000001360B/IT,2023-10-26 15:32:02,2022-04-07,2022-04-08,241.2,257.1,-,-,[],C,162.33,1029.12,250,1584.92
company,21X000000001360B,,Terminale GNL Adriatico S.r.l.,Adriatic LNG,21X000000001360B,,,21X000000001360B/IT,2023-10-26 15:32:03,2022-04-08,2022-04-09,240.4,257.1,-,-,[],C,125.92,798.29,250,1584.92
company,21X000000001360B,,Terminale GNL Adriatico S.r.l.,Adriatic LNG,21X000000001360B,,,21X000000001360B/IT,2023-10-26 15:32:04,2022-04-09,2022-04-10,240,257.1,-,-,[],C,89.46,567.15,250,1584.93
company,21X000000001360B,,Terminale GNL Adriatico S.r.l.,Adriatic LNG,21X000000001360B,,,21X000000001360B/IT,2023-10-26 15:32:05,2022-04-10,2022-04-11,241.3,257.1,-,-,[],C,52.71,334.19,250,1585.04
company,21X000000001360B,,Terminale GNL Adriatico S.r.l.,Adriatic LNG,21X000000001360B,,,21X000000001360B/IT,2023-10-26 15:32:06,2022-04-11,2022-04-12,241.1,257.1,-,-,[],C,132.17,837.89,250,1584.87
company,21X000000001360B,,Terminale GNL Adriatico S.r.l.,Adriatic LNG,21X000000001360B,,,21X000000001360B/IT,2023-10-26 15:32:07,2022-04-12,2022-04-13,241.2,257.1,-,-,[],C,121.41,769.69,250,1584.9
company,21X000000001360B,,Terminale GNL Adriatico S.r.l.,Adriatic LNG,21X000000001360B,,,21X000000001360B/IT,2023-10-26 15:32:07,2022-04-13,2022-04-14,272.1,257.1,-,-,[],C,80.17,508.28,250,1585.01
company,21X000000001360B,,Terminale GNL Adriatico S.r.l.,Adriatic LNG,21X000000001360B,,,21X000000001360B/IT,2023-10-26 15:32:08,2022-04-14,2022-04-15,285.3,257.1,-,-,[],C,36.91,234,250,1584.94
company,21X000000001360B,,Terminale GNL Adriatico S.r.l.,Adriatic LNG,21X000000001360B,,,21X000000001360B/IT,2023-10-26 15:32:09,2022-04-15,2022-04-16,285.1,257.1,-,-,[],C,127.78,810.1,250,1584.95
company,21X000000001360B,,Terminale GNL Adriatico S.r.l.,Adriatic LNG,21X000000001360B,,,21X000000001360B/IT,2023-10-26 15:32:10,2022-04-16,2022-04-17,285.3,257.1,-,-,[],C,86.03,545.42,250,1584.97
company,21X000000001360B,,Terminale GNL Adriatico S.r.l.,Adriatic LNG,21X000000001360B,,,21X000000001360B/IT,2023-10-26 15:32:11,2022-04-17,2022-04-18,285.5,257.1,-,-,[],C,42.97,272.44,250,1585.06
company,21X000000001360B,,Terminale GNL Adriatico S.r.l.,Adriatic LNG,21X000000001360B,,,21X000000001360B/IT,2023-10-26 15:32:11,2022-04-18,2022-04-19,284.9,257.1,-,-,[],C,70.06,444.16,250,1584.93
company,21X000000001360B,,Terminale GNL Adriatico S.r.l.,Adriatic LNG,21X000000001360B,,,21X000000001360B/IT,2023-10-26 15:32:12,2022-04-19,2022-04-20,284.3,257.1,-,-,[],C,91.29,578.76,250,1584.95
company,21X000000001360B,,Terminale GNL Adriatico S.r.l.,Adriatic LNG,21X000000001360B,,,21X000000001360B/IT,2023-10-26 15:32:13,2022-04-20,2022-04-21,284.4,257.1,-,-,[],C,156.91,994.77,250,1584.94
company,21X000000001360B,,Terminale GNL Adriatico S.r.l.,Adriatic LNG,21X000000001360B,,,21X000000001360B/IT,2023-10-26 15:32:13,2022-04-21,2022-04-22,284.7,257.1,-,-,[],C,140.92,893.37,250,1584.89
company,21X000000001360B,,Terminale GNL Adriatico S.r.l.,Adriatic LNG,21X000000001360B,,,21X000000001360B/IT,2023-10-26 15:32:14,2022-04-22,2022-04-23,284.4,257.1,-,-,[],C,97.95,620.96,250,1584.89
company,21X000000001360B,,Terminale GNL Adriatico S.r.l.,Adriatic LNG,21X000000001360B,,,21X000000001360B/IT,2023-10-26 15:32:15,2022-04-23,2022-04-24,284.3,257.1,-,-,[],C,54.98,348.55,250,1584.89
company,21X000000001360B,,Terminale GNL Adriatico S.r.l.,Adriatic LNG,21X000000001360B,,,21X000000001360B/IT,2023-10-26 15:32:15,2022-04-24,2022-04-25,283.3,257.1,-,-,[],C,146.72,930.13,250,1584.87
company,21X000000001360B,,Terminale GNL Adriatico S.r.l.,Adriatic LNG,21X000000001360B,,,21X000000001360B/IT,2023-10-26 15:32:16,2022-04-25,2022-04-26,282.1,257.1,-,-,[],C,109.99,697.33,250,1584.98
company,21X000000001360B,,Terminale GNL Adriatico S.r.l.,Adriatic LNG,21X000000001360B,,,21X000000001360B/IT,2023-10-26 15:32:17,2022-04-26,2022-04-27,283.3,257.1,-,-,[],C,67.16,425.75,250,1584.83
company,21X000000001360B,,Terminale GNL Adriatico S.r.l.,Adriatic LNG,21X000000001360B,,,21X000000001360B/IT,2023-10-26 15:32:17,2022-04-27,2022-04-28,285.1,257.1,-,-,[],C,177.23,1123.56,250,1584.89
company,21X000000001360B,,Terminale GNL Adriatico S.r.l.,Adriatic LNG,21X000000001360B,,,21X000000001360B/IT,2023-10-26 15:32:18,2022-04-28,2022-04-29,282.8,257.1,-,-,[],C,144.43,915.66,250,1584.95
company,21X000000001360B,,Terminale GNL Adriatico S.r.l.,Adriatic LNG,21X000000001360B,,,21X000000001360B/IT,2023-10-26 15:32:19,2022-04-29,2022-04-30,194.8,257.1,-,-,[],C,114.76,727.56,250,1584.96
company,21X000000001360B,,Terminale GNL Adriatico S.r.l.,Adriatic LNG,21X000000001360B,,,21X000000001360B/IT,2023-10-26 15:32:19,2022-04-30,2022-05-01,281.1,257.1,-,-,[],C,71.62,454.03,250,1584.86
company,21X000000001360B,,Terminale GNL Adriatico S.r.l.,Adriatic LNG,21X000000001360B,,,21X000000001360B/IT,2023-10-26 15:32:20,2022-05-01,2022-05-02,282.3,274.3,-,-,[],C,164.74,1044.39,250,1584.91
company,21X000000001360B,,Terminale GNL Adriatico S.r.l.,Adriatic LNG,21X000000001360B,,,21X000000001360B/IT,2023-10-26 15:32:21,2022-05-02,2022-05-03,284.3,274.3,-,-,[],C,121.6,770.92,250,1584.95
company,21X000000001360B,,Terminale GNL Adriatico S.r.l.,Adriatic LNG,21X000000001360B,,,21X000000001360B/IT,2023-10-26 15:32:21,2022-05-03,2022-05-04,284.2,274.3,-,-,[],C,78.49,497.62,250,1584.98
company,21X000000001360B,,Terminale GNL Adriatico S.r.l.,Adriatic LNG,21X000000001360B,,,21X000000001360B/IT,2023-10-26 15:32:22,2022-05-04,2022-05-05,283.8,274.3,-,-,[],C,138.12,875.61,250,1584.87
company,21X000000001360B,,Terminale GNL Adriatico S.r.l.,Adriatic LNG,21X000000001360B,,,21X000000001360B/IT,2023-10-26 15:32:23,2022-05-05,2022-05-06,282.7,274.3,-,-,[],C,95.08,602.78,250,1584.93
company,21X000000001360B,,Terminale GNL Adriatico S.r.l.,Adriatic LNG,21X000000001360B,,,21X000000001360B/IT,2023-10-26 15:32:24,2022-05-06,2022-05-07,282.3,274.3,-,-,[],C,100.76,638.82,250,1585
company,21X000000001360B,,Terminale GNL Adriatico S.r.l.,Adriatic LNG,21X000000001360B,,,21X000000001360B/IT,2023-10-26 15:32:24,2022-05-07,2022-05-08,285.3,274.3,-,-,[],C,143.65,910.73,250,1584.98
company,21X000000001360B,,Terminale GNL Adriatico S.r.l.,Adriatic LNG,21X000000001360B,,,21X000000001360B/IT,2023-10-26 15:32:25,2022-05-08,2022-05-09,284.1,274.3,-,-,[],C,100.63,637.95,250,1584.89
company,21X000000001360B,,Terminale GNL Adriatico S.r.l.,Adriatic LNG,21X000000001360B,,,21X000000001360B/IT,2023-10-26 15:32:25,2022-05-09,2022-05-10,283.3,274.3,-,-,[],C,218.63,1386.04,250,1584.92
company,21X000000001360B,,Terminale GNL Adriatico S.r.l.,Adriatic LNG,21X000000001360B,,,21X000000001360B/IT,2023-10-26 15:32:26,2022-05-10,2022-05-11,283.3,274.3,-,-,[],C,176.46,1118.69,250,1584.91
company,21X000000001360B,,Terminale GNL Adriatico S.r.l.,Adriatic LNG,21X000000001360B,,,21X000000001360B/IT,2023-10-26 15:32:27,2022-05-11,2022-05-12,282.5,274.3,-,-,[],C,133.36,845.49,250,1584.98
company,21X000000001360B,,Terminale GNL Adriatico S.r.l.,Adriatic LNG,21X000000001360B,,,21X000000001360B/IT,2023-10-26 15:32:27,2022-05-12,2022-05-13,282.7,274.3,-,-,[],C,230.84,1463.47,250,1584.94
company,21X000000001360B,,Terminale GNL Adriatico S.r.l.,Adriatic LNG,21X000000001360B,,,21X000000001360B/IT,2023-10-26 15:32:28,2022-05-13,2022-05-14,283.8,274.3,-,-,[],C,187.71,1190.04,250,1584.94
company,21X000000001360B,,Terminale GNL Adriatico S.r.l.,Adriatic LNG,21X000000001360B,,,21X000000001360B/IT,2023-10-26 15:32:29,2022-05-14,2022-05-15,283.1,274.3,-,-,[],C,144.71,917.39,250,1584.88
company,21X000000001360B,,Terminale GNL Adriatico S.r.l.,Adriatic LNG,21X000000001360B,,,21X000000001360B/IT,2023-10-26 15:32:30,2022-05-15,2022-05-16,283.3,274.3,-,-,[],C,101.66,644.5,250,1584.94
company,21X000000001360B,,Terminale GNL Adriatico S.r.l.,Adriatic LNG,21X000000001360B,,,21X000000001360B/IT,2023-10-26 15:32:30,2022-05-16,2022-05-17,283.3,274.3,-,-,[],C,124.67,790.39,250,1584.96
company,21X000000001360B,,Terminale GNL Adriatico S.r.l.,Adriatic LNG,21X000000001360B,,,21X000000001360B/IT,2023-10-26 15:32:31,2022-05-17,2022-05-18,284.1,274.3,-,-,[],C,168.31,1067.06,250,1584.96
company,21X000000001360B,,Terminale GNL Adriatico S.r.l.,Adriatic LNG,21X000000001360B,,,21X000000001360B/IT,2023-10-26 15:32:32,2022-05-18,2022-05-19,283.8,274.3,-,-,[],C,125.25,794.07,250,1584.97
company,21X000000001360B,,Terminale GNL Adriatico S.r.l.,Adriatic LNG,21X000000001360B,,,21X000000001360B/IT,2023-10-26 15:32:32,2022-05-19,2022-05-20,283.6,274.3,-,-,[],C,216.04,1369.65,250,1584.95
company,21X000000001360B,,Terminale GNL Adriatico S.r.l.,Adriatic LNG,21X000000001360B,,,21X000000001360B/IT,2023-10-26 15:32:33,2022-05-20,2022-05-21,283.9,274.3,-,-,[],C,173.82,1101.96,250,1584.92
company,21X000000001360B,,Terminale GNL Adriatico S.r.l.,Adriatic LNG,21X000000001360B,,,21X000000001360B/IT,2023-10-26 15:32:33,2022-05-21,2022-05-22,207.2,274.3,-,-,[],C,142.37,902.61,250,1584.97
company,21X000000001360B,,Terminale GNL Adriatico S.r.l.,Adriatic LNG,21X000000001360B,,,21X000000001360B/IT,2023-10-26 15:32:34,2022-05-22,2022-05-23,287.9,274.3,-,-,[],C,169.41,1074.01,250,1584.93
company,21X000000001360B,,Terminale GNL Adriatico S.r.l.,Adriatic LNG,21X000000001360B,,,21X000000001360B/IT,2023-10-26 15:32:35,2022-05-23,2022-05-24,274,274.3,-,-,[],C,206.05,1306.32,250,1584.96
company,21X000000001360B,,Terminale GNL Adriatico S.r.l.,Adriatic LNG,21X000000001360B,,,21X000000001360B/IT,2023-10-26 15:32:36,2022-05-24,2022-05-25,271.2,274.3,-,-,[],C,162.97,1033.2,250,1584.95
company,21X000000001360B,,Terminale GNL Adriatico S.r.l.,Adriatic LNG,21X000000001360B,,,21X000000001360B/IT,2023-10-26 15:32:37,2022-05-25,2022-05-26,271.8,274.3,-,-,[],C,119.74,759.14,250,1584.98
company,21X000000001360B,,Terminale GNL Adriatico S.r.l.,Adriatic LNG,21X000000001360B,,,21X000000001360B/IT,2023-10-26 15:32:37,2022-05-26,2022-05-27,273.5,274.3,-,-,[],C,76.37,484.13,250,1584.82
company,21X000000001360B,,Terminale GNL Adriatico S.r.l.,Adriatic LNG,21X000000001360B,,,21X000000001360B/IT,2023-10-26 15:32:38,2022-05-27,2022-05-28,273.4,274.3,-,-,[],C,167.62,1062.67,250,1584.94
company,21X000000001360B,,Terminale GNL Adriatico S.r.l.,Adriatic LNG,21X000000001360B,,,21X000000001360B/IT,2023-10-26 15:32:39,2022-05-28,2022-05-29,272.2,274.3,-,-,[],C,124.32,788.14,250,1584.9
company,21X000000001360B,,Terminale GNL Adriatico S.r.l.,Adriatic LNG,21X000000001360B,,,21X000000001360B/IT,2023-10-26 15:32:39,2022-05-29,2022-05-30,273.5,274.3,-,-,[],C,80.85,512.56,250,1584.91
company,21X000000001360B,,Terminale GNL Adriatico S.r.l.,Adriatic LNG,21X000000001360B,,,21X000000001360B/IT,2023-10-26 15:32:40,2022-05-30,2022-05-31,267.6,274.3,-,-,[],C,186.8,1184.23,250,1584.89
company,21X000000001360B,,Terminale GNL Adriatico S.r.l.,Adriatic LNG,21X000000001360B,,,21X000000001360B/IT,2023-10-26 15:32:41,2022-05-31,2022-06-01,264.8,274.3,-,-,[],C,162.09,1027.58,250,1584.89
company,21X000000001360B,,Terminale GNL Adriatico S.r.l.,Adriatic LNG,21X000000001360B,,,21X000000001360B/IT,2023-10-26 15:32:41,2022-06-01,2022-06-02,263.8,274.3,-,-,[],C,119.34,756.59,250,1584.95
company,21X000000001360B,,Terminale GNL Adriatico S.r.l.,Adriatic LNG,21X000000001360B,,,21X000000001360B/IT,2023-10-26 15:32:42,2022-06-02,2022-06-03,265.7,274.3,-,-,[],C,168.15,1066.01,250,1584.91
company,21X000000001360B,,Terminale GNL Adriatico S.r.l.,Adriatic LNG,21X000000001360B,,,21X000000001360B/IT,2023-10-26 15:32:43,2022-06-03,2022-06-04,267.5,274.3,-,-,[],C,206.55,1309.48,250,1584.94
company,21X000000001360B,,Terminale GNL Adriatico S.r.l.,Adriatic LNG,21X000000001360B,,,21X000000001360B/IT,2023-10-26 15:32:44,2022-06-04,2022-06-05,267.5,274.3,-,-,[],C,162.74,1031.73,250,1584.94
company,21X000000001360B,,Terminale GNL Adriatico S.r.l.,Adriatic LNG,21X000000001360B,,,21X000000001360B/IT,2023-10-26 15:32:45,2022-06-05,2022-06-06,267.5,274.3,-,-,[],C,159.72,1012.58,250,1584.93
company,21X000000001360B,,Terminale GNL Adriatico S.r.l.,Adriatic LNG,21X000000001360B,,,21X000000001360B/IT,2023-10-26 15:32:45,2022-06-06,2022-06-07,269.5,274.3,-,-,[],C,224.42,1422.75,250,1584.92
company,21X000000001360B,,Terminale GNL Adriatico S.r.l.,Adriatic LNG,21X000000001360B,,,21X000000001360B/IT,2023-10-26 15:32:46,2022-06-07,2022-06-08,268.8,274.3,-,-,[],C,181.04,1147.75,250,1584.94
company,21X000000001360B,,Terminale GNL Adriatico S.r.l.,Adriatic LNG,21X000000001360B,,,21X000000001360B/IT,2023-10-26 15:32:46,2022-06-08,2022-06-09,268.9,274.3,-,-,[],C,137.57,872.14,250,1584.9
company,21X000000001360B,,Terminale GNL Adriatico S.r.l.,Adriatic LNG,21X000000001360B,,,21X000000001360B/IT,2023-10-26 15:32:47,2022-06-09,2022-06-10,268.9,274.3,-,-,[],C,94.06,596.34,250,1585
company,21X000000001360B,,Terminale GNL Adriatico S.r.l.,Adriatic LNG,21X000000001360B,,,21X000000001360B/IT,2023-10-26 15:32:48,2022-06-10,2022-06-11,268.7,274.3,-,-,[],C,206.14,1306.87,250,1584.93
company,21X000000001360B,,Terminale GNL Adriatico S.r.l.,Adriatic LNG,21X000000001360B,,,21X000000001360B/IT,2023-10-26 15:32:49,2022-06-11,2022-06-12,261.6,274.3,-,-,[],C,163.71,1037.87,250,1584.92
company,21X000000001360B,,Terminale GNL Adriatico S.r.l.,Adriatic LNG,21X000000001360B,,,21X000000001360B/IT,2023-10-26 15:32:50,2022-06-12,2022-06-13,261.7,274.3,-,-,[],C,157.91,1001.13,250,1584.97
company,21X000000001360B,,Terminale GNL Adriatico S.r.l.,Adriatic LNG,21X000000001360B,,,21X000000001360B/IT,2023-10-26 15:32:50,2022-06-13,2022-06-14,243.5,274.3,-,-,[],C,222.51,1410.65,250,1584.93
company,21X000000001360B,,Terminale GNL Adriatico S.r.l.,Adriatic LNG,21X000000001360B,,,21X000000001360B/IT,2023-10-26 15:32:51,2022-06-14,2022-06-15,264.6,274.3,-,-,[],C,179.77,1139.68,250,1584.91
company,21X000000001360B,,Terminale GNL Adriatico S.r.l.,Adriatic LNG,21X000000001360B,,,21X000000001360B/IT,2023-10-26 15:32:52,2022-06-15,2022-06-16,264.8,274.3,-,-,[],C,137.1,869.19,250,1584.96
company,21X000000001360B,,Terminale GNL Adriatico S.r.l.,Adriatic LNG,21X000000001360B,,,21X000000001360B/IT,2023-10-26 15:32:53,2022-06-16,2022-06-17,266.3,274.3,-,-,[],C,242.91,1539.96,250,1584.91
company,21X000000001360B,,Terminale GNL Adriatico S.r.l.,Adriatic LNG,21X000000001360B,,,21X000000001360B/IT,2023-10-26 15:32:53,2022-06-17,2022-06-18,266.9,274.3,-,-,[],C,199.99,1267.91,250,1584.97
company,21X000000001360B,,Terminale GNL Adriatico S.r.l.,Adriatic LNG,21X000000001360B,,,21X000000001360B/IT,2023-10-26 15:32:54,2022-06-18,2022-06-19,244.1,274.3,-,-,[],C,160.83,1019.6,250,1584.9
company,21X000000001360B,,Terminale GNL Adriatico S.r.l.,Adriatic LNG,21X000000001360B,,,21X000000001360B/IT,2023-10-26 15:32:55,2022-06-19,2022-06-20,243.2,274.3,-,-,[],C,160.54,1017.79,250,1584.95
company,21X000000001360B,,Terminale GNL Adriatico S.r.l.,Adriatic LNG,21X000000001360B,,,21X000000001360B/IT,2023-10-26 15:32:56,2022-06-20,2022-06-21,266.3,274.3,-,-,[],C,213.38,1352.74,250,1584.9
company,21X000000001360B,,Terminale GNL Adriatico S.r.l.,Adriatic LNG,21X000000001360B,,,21X000000001360B/IT,2023-10-26 15:32:57,2022-06-21,2022-06-22,265.7,274.3,-,-,[],C,170.68,1082.09,250,1584.97
company,21X000000001360B,,Terminale GNL Adriatico S.r.l.,Adriatic LNG,21X000000001360B,,,21X000000001360B/IT,2023-10-26 15:32:58,2022-06-22,2022-06-23,265.7,274.3,-,-,[],C,127.9,810.83,250,1584.89
company,21X000000001360B,,Terminale GNL Adriatico S.r.l.,Adriatic LNG,21X000000001360B,,,21X000000001360B/IT,2023-10-26 15:32:59,2022-06-23,2022-06-24,266.5,274.3,-,-,[],C,220.03,1394.91,250,1584.91
company,21X000000001360B,,Terminale GNL Adriatico S.r.l.,Adriatic LNG,21X000000001360B,,,21X000000001360B/IT,2023-10-26 15:32:59,2022-06-24,2022-06-25,266.8,274.3,-,-,[],C,177.51,1125.34,250,1584.9
company,21X000000001360B,,Terminale GNL Adriatico S.r.l.,Adriatic LNG,21X000000001360B,,,21X000000001360B/IT,2023-10-26 15:33:00,2022-06-25,2022-06-26,248.8,274.3,-,-,[],C,137.97,874.67,250,1584.89
company,21X000000001360B,,Terminale GNL Adriatico S.r.l.,Adriatic LNG,21X000000001360B,,,21X000000001360B/IT,2023-10-26 15:33:01,2022-06-26,2022-06-27,248.7,274.3,-,-,[],C,131.67,834.76,250,1584.95
company,21X000000001360B,,Terminale GNL Adriatico S.r.l.,Adriatic LNG,21X000000001360B,,,21X000000001360B/IT,2023-10-26 15:33:01,2022-06-27,2022-06-28,265.8,274.3,-,-,[],C,190.53,1207.93,250,1584.96
company,21X000000001360B,,Terminale GNL Adriatico S.r.l.,Adriatic LNG,21X000000001360B,,,21X000000001360B/IT,2023-10-26 15:33:02,2022-06-28,2022-06-29,266.8,274.3,-,-,[],C,147.88,937.52,250,1584.93
company,21X000000001360B,,Terminale GNL Adriatico S.r.l.,Adriatic LNG,21X000000001360B,,,21X000000001360B/IT,2023-10-26 15:33:03,2022-06-29,2022-06-30,267.3,274.3,-,-,[],C,172.45,1093.29,250,1584.94
company,21X000000001360B,,Terminale GNL Adriatico S.r.l.,Adriatic LNG,21X000000001360B,,,21X000000001360B/IT,2023-10-26 15:33:04,2022-06-30,2022-07-01,267.3,274.3,-,-,[],C,203.21,1288.31,250,1584.95
company,21X000000001360B,,Terminale GNL Adriatico S.r.l.,Adriatic LNG,21X000000001360B,,,21X000000001360B/IT,2023-10-26 15:33:04,2022-07-01,2022-07-02,269.6,274.3,-,-,[],C,159.98,1014.24,250,1584.95
company,21X000000001360B,,Terminale GNL Adriatico S.r.l.,Adriatic LNG,21X000000001360B,,,21X000000001360B/IT,2023-10-26 15:33:05,2022-07-02,2022-07-03,268.1,274.3,-,-,[],C,117.17,742.82,250,1584.92
company,21X000000001360B,,Terminale GNL Adriatico S.r.l.,Adriatic LNG,21X000000001360B,,,21X000000001360B/IT,2023-10-26 15:33:06,2022-07-03,2022-07-04,268.6,274.3,-,-,[],C,179.48,1137.87,250,1584.95
company,21X000000001360B,,Terminale GNL Adriatico S.r.l.,Adriatic LNG,21X000000001360B,,,21X000000001360B/IT,2023-10-26 15:33:07,2022-07-04,2022-07-05,231.1,274.3,-,-,[],C,177.46,1125.06,250,1584.95
company,21X000000001360B,,Terminale GNL Adriatico S.r.l.,Adriatic LNG,21X000000001360B,,,21X000000001360B/IT,2023-10-26 15:33:07,2022-07-05,2022-07-06,270.7,274.3,-,-,[],C,134.37,851.85,250,1584.9
company,21X000000001360B,,Terminale GNL Adriatico S.r.l.,Adriatic LNG,21X000000001360B,,,21X000000001360B/IT,2023-10-26 15:33:08,2022-07-06,2022-07-07,268.1,274.3,-,-,[],C,184.78,1171.47,250,1584.95
company,21X000000001360B,,Terminale GNL Adriatico S.r.l.,Adriatic LNG,21X000000001360B,,,21X000000001360B/IT,2023-10-26 15:33:09,2022-07-07,2022-07-08,269.1,274.3,-,-,[],C,184.12,1167.3,250,1584.97
company,21X000000001360B,,Terminale GNL Adriatico S.r.l.,Adriatic LNG,21X000000001360B,,,21X000000001360B/IT,2023-10-26 15:33:09,2022-07-08,2022-07-09,269,274.3,-,-,[],C,141.38,896.29,250,1584.9
company,21X000000001360B,,Terminale GNL Adriatico S.r.l.,Adriatic LNG,21X000000001360B,,,21X000000001360B/IT,2023-10-26 15:33:10,2022-07-09,2022-07-10,266.5,274.3,-,-,[],C,99,627.64,250,1584.95
company,21X000000001360B,,Terminale GNL Adriatico S.r.l.,Adriatic LNG,21X000000001360B,,,21X000000001360B/IT,2023-10-26 15:33:11,2022-07-10,2022-07-11,266.9,274.3,-,-,[],C,132.05,837.14,250,1584.89
company,21X000000001360B,,Terminale GNL Adriatico S.r.l.,Adriatic LNG,21X000000001360B,,,21X000000001360B/IT,2023-10-26 15:33:12,2022-07-11,2022-07-12,271,274.3,-,-,[],C,141.76,898.74,250,1584.97
company,21X000000001360B,,Terminale GNL Adriatico S.r.l.,Adriatic LNG,21X000000001360B,,,21X000000001360B/IT,2023-10-26 15:33:12,2022-07-12,2022-07-13,271.1,274.3,-,-,[],C,98.56,624.86,250,1584.97
company,21X000000001360B,,Terminale GNL Adriatico S.r.l.,Adriatic LNG,21X000000001360B,,,21X000000001360B/IT,2023-10-26 15:33:13,2022-07-13,2022-07-14,270.9,274.3,-,-,[],C,126.74,803.47,250,1584.88
company,21X000000001360B,,Terminale GNL Adriatico S.r.l.,Adriatic LNG,21X000000001360B,,,21X000000001360B/IT,2023-10-26 15:33:14,2022-07-14,2022-07-15,270.8,274.3,-,-,[],C,152.78,968.61,250,1584.98
company,21X000000001360B,,Terminale GNL Adriatico S.r.l.,Adriatic LNG,21X000000001360B,,,21X000000001360B/IT,2023-10-26 15:33:14,2022-07-15,2022-07-16,270.9,274.3,-,-,[],C,109.53,694.41,250,1584.98
company,21X000000001360B,,Terminale GNL Adriatico S.r.l.,Adriatic LNG,21X000000001360B,,,21X000000001360B/IT,2023-10-26 15:33:15,2022-07-16,2022-07-17,271.9,274.3,-,-,[],C,65.99,418.37,250,1584.97
company,21X000000001360B,,Terminale GNL Adriatico S.r.l.,Adriatic LNG,21X000000001360B,,,21X000000001360B/IT,2023-10-26 15:33:16,2022-07-17,2022-07-18,271.8,274.3,-,-,[],C,92.75,588.02,250,1584.96
company,21X000000001360B,,Terminale GNL Adriatico S.r.l.,Adriatic LNG,21X000000001360B,,,21X000000001360B/IT,2023-10-26 15:33:17,2022-07-18,2022-07-19,271.5,274.3,-,-,[],C,118.97,754.2,250,1584.85
company,21X000000001360B,,Terminale GNL Adriatico S.r.l.,Adriatic LNG,21X000000001360B,,,21X000000001360B/IT,2023-10-26 15:33:18,2022-07-19,2022-07-20,271.5,274.3,-,-,[],C,75.63,479.46,250,1584.89
company,21X000000001360B,,Terminale GNL Adriatico S.r.l.,Adriatic LNG,21X000000001360B,,,21X000000001360B/IT,2023-10-26 15:33:18,2022-07-20,2022-07-21,270.2,274.3,-,-,[],C,132.12,837.62,250,1584.96
company,21X000000001360B,,Terminale GNL Adriatico S.r.l.,Adriatic LNG,21X000000001360B,,,21X000000001360B/IT,2023-10-26 15:33:19,2022-07-21,2022-07-22,271,274.3,-,-,[],C,130.04,824.39,250,1584.88
company,21X000000001360B,,Terminale GNL Adriatico S.r.l.,Adriatic LNG,21X000000001360B,,,21X000000001360B/IT,2023-10-26 15:33:20,2022-07-22,2022-07-23,272.2,274.3,-,-,[],C,86.61,549.06,250,1584.86
company,21X000000001360B,,Terminale GNL Adriatico S.r.l.,Adriatic LNG,21X000000001360B,,,21X000000001360B/IT,2023-10-26 15:33:21,2022-07-23,2022-07-24,271.6,274.3,-,-,[],C,43.25,274.22,250,1585.09
company,21X000000001360B,,Terminale GNL Adriatico S.r.l.,Adriatic LNG,21X000000001360B,,,21X000000001360B/IT,2023-10-26 15:33:22,2022-07-24,2022-07-25,271.8,274.3,-,-,[],C,123.21,781.1,250,1584.9
company,21X000000001360B,,Terminale GNL Adriatico S.r.l.,Adriatic LNG,21X000000001360B,,,21X000000001360B/IT,2023-10-26 15:33:22,2022-07-25,2022-07-26,271.6,274.3,-,-,[],C,102.86,652.09,250,1584.9
company,21X000000001360B,,Terminale GNL Adriatico S.r.l.,Adriatic LNG,21X000000001360B,,,21X000000001360B/IT,2023-10-26 15:33:23,2022-07-26,2022-07-27,270.8,274.3,-,-,[],C,59.6,377.88,250,1585.07
company,21X000000001360B,,Terminale GNL Adriatico S.r.l.,Adriatic LNG,21X000000001360B,,,21X000000001360B/IT,2023-10-26 15:33:24,2022-07-27,2022-07-28,267.6,274.3,-,-,[],C,82.83,525.09,250,1584.84
company,21X000000001360B,,Terminale GNL Adriatico S.r.l.,Adriatic LNG,21X000000001360B,,,21X000000001360B/IT,2023-10-26 15:33:24,2022-07-28,2022-07-29,227.4,274.3,-,-,[],C,127.66,809.31,250,1584.89
company,21X000000001360B,,Terminale GNL Adriatico S.r.l.,Adriatic LNG,21X000000001360B,,,21X000000001360B/IT,2023-10-26 15:33:25,2022-07-29,2022-07-30,51,274.3,-,-,[],C,118.63,752.11,250,1584.99
company,21X000000001360B,,Terminale GNL Adriatico S.r.l.,Adriatic LNG,21X000000001360B,,,21X000000001360B/IT,2023-10-26 15:33:26,2022-07-30,2022-07-31,0,274.3,-,-,[],C,118.51,751.32,250,1584.93
company,21X000000001360B,,Terminale GNL Adriatico S.r.l.,Adriatic LNG,21X000000001360B,,,21X000000001360B/IT,2023-10-26 15:33:26,2022-07-31,2022-08-01,0,274.3,-,-,[],C,118.44,750.9,250,1584.98
company,21X000000001360B,,Terminale GNL Adriatico S.r.l.,Adriatic LNG,21X000000001360B,,,21X000000001360B/IT,2023-10-26 15:33:27,2022-08-01,2022-08-02,0,274.3,-,-,[],C,118.17,749.14,250,1584.88
company,21X000000001360B,,Terminale GNL Adriatico S.r.l.,Adriatic LNG,21X000000001360B,,,21X000000001360B/IT,2023-10-26 15:33:28,2022-08-02,2022-08-03,0,274.3,-,-,[],C,117.94,747.74,250,1585
company,21X000000001360B,,Terminale GNL Adriatico S.r.l.,Adriatic LNG,21X000000001360B,,,21X000000001360B/IT,2023-10-26 15:33:29,2022-08-03,2022-08-04,0,274.3,-,-,[],C,117.59,745.49,250,1584.93
company,21X000000001360B,,Terminale GNL Adriatico S.r.l.,Adriatic LNG,21X000000001360B,,,21X000000001360B/IT,2023-10-26 15:33:29,2022-08-04,2022-08-05,0,274.3,-,-,[],C,117.26,743.38,250,1584.9
company,21X000000001360B,,Terminale GNL Adriatico S.r.l.,Adriatic LNG,21X000000001360B,,,21X000000001360B/IT,2023-10-26 15:33:30,2022-08-05,2022-08-06,0,274.3,-,-,[],C,116.89,741.03,250,1584.89
company,21X000000001360B,,Terminale GNL Adriatico S.r.l.,Adriatic LNG,21X000000001360B,,,21X000000001360B/IT,2023-10-26 15:33:31,2022-08-06,2022-08-07,0,274.3,-,-,[],C,116.56,738.98,250,1584.98
company,21X000000001360B,,Terminale GNL Adriatico S.r.l.,Adriatic LNG,21X000000001360B,,,21X000000001360B/IT,2023-10-26 15:33:31,2022-08-07,2022-08-08,0,274.3,-,-,[],C,116.2,736.65,250,1584.88
company,21X000000001360B,,Terminale GNL Adriatico S.r.l.,Adriatic LNG,21X000000001360B,,,21X000000001360B/IT,2023-10-26 15:33:32,2022-08-08,2022-08-09,0,274.3,-,-,[],C,115.93,734.96,250,1584.92
company,21X000000001360B,,Terminale GNL Adriatico S.r.l.,Adriatic LNG,21X000000001360B,,,21X000000001360B/IT,2023-10-26 15:33:33,2022-08-09,2022-08-10,0,274.3,-,-,[],C,115.59,732.83,250,1584.98
company,21X000000001360B,,Terminale GNL Adriatico S.r.l.,Adriatic LNG,21X000000001360B,,,21X000000001360B/IT,2023-10-26 15:33:34,2022-08-10,2022-08-11,0,274.3,-,-,[],C,115.21,730.43,250,1585
company,21X000000001360B,,Terminale GNL Adriatico S.r.l.,Adriatic LNG,21X000000001360B,,,21X000000001360B/IT,2023-10-26 15:33:34,2022-08-11,2022-08-12,0,274.3,-,-,[],C,114.84,728.06,250,1584.94
company,21X000000001360B,,Terminale GNL Adriatico S.r.l.,Adriatic LNG,21X000000001360B,,,21X000000001360B/IT,2023-10-26 15:33:35,2022-08-12,2022-08-13,0,274.3,-,-,[],C,114.46,725.62,250,1584.88
company,21X000000001360B,,Terminale GNL Adriatico S.r.l.,Adriatic LNG,21X000000001360B,,,21X000000001360B/IT,2023-10-26 15:33:36,2022-08-13,2022-08-14,0,274.3,-,-,[],C,114.09,723.3,250,1584.93
company,21X000000001360B,,Terminale GNL Adriatico S.r.l.,Adriatic LNG,21X000000001360B,,,21X000000001360B/IT,2023-10-26 15:33:37,2022-08-14,2022-08-15,0,274.3,-,-,[],C,113.7,720.8,250,1584.87
company,21X000000001360B,,Terminale GNL Adriatico S.r.l.,Adriatic LNG,21X000000001360B,,,21X000000001360B/IT,2023-10-26 15:33:37,2022-08-15,2022-08-16,0,274.3,-,-,[],C,113.3,718.28,250,1584.91
company,21X000000001360B,,Terminale GNL Adriatico S.r.l.,Adriatic LNG,21X000000001360B,,,21X000000001360B/IT,2023-10-26 15:33:38,2022-08-16,2022-08-17,0,274.3,-,-,[],C,113,716.41,250,1584.98
company,21X000000001360B,,Terminale GNL Adriatico S.r.l.,Adriatic LNG,21X000000001360B,,,21X000000001360B/IT,2023-10-26 15:33:39,2022-08-17,2022-08-18,0,274.3,-,-,[],C,112.7,714.49,250,1584.94
company,21X000000001360B,,Terminale GNL Adriatico S.r.l.,Adriatic LNG,21X000000001360B,,,21X000000001360B/IT,2023-10-26 15:33:40,2022-08-18,2022-08-19,0,274.3,-,-,[],C,112.3,711.94,250,1584.91
company,21X000000001360B,,Terminale GNL Adriatico S.r.l.,Adriatic LNG,21X000000001360B,,,21X000000001360B/IT,2023-10-26 15:33:41,2022-08-19,2022-08-20,0,274.3,-,-,[],C,111.88,709.31,250,1584.98
company,21X000000001360B,,Terminale GNL Adriatico S.r.l.,Adriatic LNG,21X000000001360B,,,21X000000001360B/IT,2023-10-26 15:33:41,2022-08-20,2022-08-21,0,274.3,-,-,[],C,111.48,706.76,250,1584.95
company,21X000000001360B,,Terminale GNL Adriatico S.r.l.,Adriatic LNG,21X000000001360B,,,21X000000001360B/IT,2023-10-26 15:33:42,2022-08-21,2022-08-22,0,274.3,-,-,[],C,111.05,704.02,250,1584.92
company,21X000000001360B,,Terminale GNL Adriatico S.r.l.,Adriatic LNG,21X000000001360B,,,21X000000001360B/IT,2023-10-26 15:33:43,2022-08-22,2022-08-23,0,274.3,-,-,[],C,110.69,701.73,250,1584.9
company,21X000000001360B,,Terminale GNL Adriatico S.r.l.,Adriatic LNG,21X000000001360B,,,21X000000001360B/IT,2023-10-26 15:33:43,2022-08-23,2022-08-24,0,274.3,-,-,[],C,110.38,699.79,250,1584.96
company,21X000000001360B,,Terminale GNL Adriatico S.r.l.,Adriatic LNG,21X000000001360B,,,21X000000001360B/IT,2023-10-26 15:33:44,2022-08-24,2022-08-25,0,274.3,-,-,[],C,110.09,697.95,250,1584.95
company,21X000000001360B,,Terminale GNL Adriatico S.r.l.,Adriatic LNG,21X000000001360B,,,21X000000001360B/IT,2023-10-26 15:33:45,2022-08-25,2022-08-26,0,274.3,-,-,[],C,109.74,695.7,250,1584.88
company,21X000000001360B,,Terminale GNL Adriatico S.r.l.,Adriatic LNG,21X000000001360B,,,21X000000001360B/IT,2023-10-26 15:33:46,2022-08-26,2022-08-27,0,274.3,-,-,[],C,109.33,693.13,250,1584.95
company,21X000000001360B,,Terminale GNL Adriatico S.r.l.,Adriatic LNG,21X000000001360B,,,21X000000001360B/IT,2023-10-26 15:33:47,2022-08-27,2022-08-28,62.6,274.3,-,-,[],C,99.12,628.41,250,1584.97
company,21X000000001360B,,Terminale GNL Adriatico S.r.l.,Adriatic LNG,21X000000001360B,,,21X000000001360B/IT,2023-10-26 15:33:47,2022-08-28,2022-08-29,61.7,274.3,-,-,[],C,89.26,565.9,250,1584.98
company,21X000000001360B,,Terminale GNL Adriatico S.r.l.,Adriatic LNG,21X000000001360B,,,21X000000001360B/IT,2023-10-26 15:33:48,2022-08-29,2022-08-30,103.6,274.3,-,-,[],C,72.37,458.79,250,1584.88
company,21X000000001360B,,Terminale GNL Adriatico S.r.l.,Adriatic LNG,21X000000001360B,,,21X000000001360B/IT,2023-10-26 15:33:48,2022-08-30,2022-08-31,123.5,274.3,-,-,[],C,52.63,333.68,250,1585.03
company,21X000000001360B,,Terminale GNL Adriatico S.r.l.,Adriatic LNG,21X000000001360B,,,21X000000001360B/IT,2023-10-26 15:33:49,2022-08-31,2022-09-01,207.2,274.3,-,-,[],C,143.97,912.71,250,1584.9
company,21X000000001360B,,Terminale GNL Adriatico S.r.l.,Adriatic LNG,21X000000001360B,,,21X000000001360B/IT,2023-10-26 15:33:50,2022-09-01,2022-09-02,225.7,274.3,-,-,[],C,129.98,824.04,250,1584.94
company,21X000000001360B,,Terminale GNL Adriatico S.r.l.,Adriatic LNG,21X000000001360B,,,21X000000001360B/IT,2023-10-26 15:33:50,2022-09-02,2022-09-03,226.1,274.3,-,-,[],C,93.99,595.84,250,1584.85
company,21X000000001360B,,Terminale GNL Adriatico S.r.l.,Adriatic LNG,21X000000001360B,,,21X000000001360B/IT,2023-10-26 15:33:51,2022-09-03,2022-09-04,228.4,274.3,-,-,[],C,57.49,364.49,250,1585.01
company,21X000000001360B,,Terminale GNL Adriatico S.r.l.,Adriatic LNG,21X000000001360B,,,21X000000001360B/IT,2023-10-26 15:33:51,2022-09-04,2022-09-05,225.3,274.3,-,-,[],C,136.97,868.37,250,1584.96
company,21X000000001360B,,Terminale GNL Adriatico S.r.l.,Adriatic LNG,21X000000001360B,,,21X000000001360B/IT,2023-10-26 15:33:52,2022-09-05,2022-09-06,263.4,274.3,-,-,[],C,124.39,788.61,250,1584.95
company,21X000000001360B,,Terminale GNL Adriatico S.r.l.,Adriatic LNG,21X000000001360B,,,21X000000001360B/IT,2023-10-26 15:33:53,2022-09-06,2022-09-07,256.3,274.3,-,-,[],C,207.2,1313.61,250,1584.95
company,21X000000001360B,,Terminale GNL Adriatico S.r.l.,Adriatic LNG,21X000000001360B,,,21X000000001360B/IT,2023-10-26 15:33:53,2022-09-07,2022-09-08,256.2,274.3,-,-,[],C,183.19,1161.36,250,1584.91
company,21X000000001360B,,Terminale GNL Adriatico S.r.l.,Adriatic LNG,21X000000001360B,,,21X000000001360B/IT,2023-10-26 15:33:54,2022-09-08,2022-09-09,256.2,274.3,-,-,[],C,142.28,902,250,1584.9
company,21X000000001360B,,Terminale GNL Adriatico S.r.l.,Adriatic LNG,21X000000001360B,,,21X000000001360B/IT,2023-10-26 15:33:55,2022-09-09,2022-09-10,256.3,274.3,-,-,[],C,101.36,642.59,250,1584.92
company,21X000000001360B,,Terminale GNL Adriatico S.r.l.,Adriatic LNG,21X000000001360B,,,21X000000001360B/IT,2023-10-26 15:33:55,2022-09-10,2022-09-11,236.1,274.3,-,-,[],C,63.65,403.51,250,1584.88
company,21X000000001360B,,Terminale GNL Adriatico S.r.l.,Adriatic LNG,21X000000001360B,,,21X000000001360B/IT,2023-10-26 15:33:56,2022-09-11,2022-09-12,236.1,274.3,-,-,[],C,148.25,939.84,250,1584.89
company,21X000000001360B,,Terminale GNL Adriatico S.r.l.,Adriatic LNG,21X000000001360B,,,21X000000001360B/IT,2023-10-26 15:33:56,2022-09-12,2022-09-13,267.2,274.3,-,-,[],C,123.86,785.24,250,1584.93
company,21X000000001360B,,Terminale GNL Adriatico S.r.l.,Adriatic LNG,21X000000001360B,,,21X000000001360B/IT,2023-10-26 15:33:57,2022-09-13,2022-09-14,268.9,274.3,-,-,[],C,81.18,514.64,250,1584.87
company,21X000000001360B,,Terminale GNL Adriatico S.r.l.,Adriatic LNG,21X000000001360B,,,21X000000001360B/IT,2023-10-26 15:33:58,2022-09-14,2022-09-15,268.9,274.3,-,-,[],C,125.65,796.6,250,1584.96
company,21X000000001360B,,Terminale GNL Adriatico S.r.l.,Adriatic LNG,21X000000001360B,,,21X000000001360B/IT,2023-10-26 15:33:58,2022-09-15,2022-09-16,268.5,274.3,-,-,[],C,135.58,859.51,250,1584.88
company,21X000000001360B,,Terminale GNL Adriatico S.r.l.,Adriatic LNG,21X000000001360B,,,21X000000001360B/IT,2023-10-26 15:33:59,2022-09-16,2022-09-17,268.6,274.3,-,-,[],C,92.69,587.6,250,1584.85
company,21X000000001360B,,Terminale GNL Adriatico S.r.l.,Adriatic LNG,21X000000001360B,,,21X000000001360B/IT,2023-10-26 15:33:59,2022-09-17,2022-09-18,240.2,274.3,-,-,[],C,54.39,344.81,250,1584.9
company,21X000000001360B,,Terminale GNL Adriatico S.r.l.,Adriatic LNG,21X000000001360B,,,21X000000001360B/IT,2023-10-26 15:34:00,2022-09-18,2022-09-19,240.2,274.3,-,-,[],C,130.76,828.96,250,1584.89
company,21X000000001360B,,Terminale GNL Adriatico S.r.l.,Adriatic LNG,21X000000001360B,,,21X000000001360B/IT,2023-10-26 15:34:00,2022-09-19,2022-09-20,268.5,274.3,-,-,[],C,119.73,759.08,250,1584.98
company,21X000000001360B,,Terminale GNL Adriatico S.r.l.,Adriatic LNG,21X000000001360B,,,21X000000001360B/IT,2023-10-26 15:34:01,2022-09-20,2022-09-21,268.5,274.3,-,-,[],C,76.87,487.34,250,1584.95
company,21X000000001360B,,Terminale GNL Adriatico S.r.l.,Adriatic LNG,21X000000001360B,,,21X000000001360B/IT,2023-10-26 15:34:01,2022-09-21,2022-09-22,268.5,274.3,-,-,[],E,76.87,487.34,250,1584.95
company,21X000000001360B,,Terminale GNL Adriatico S.r.l.,Adriatic LNG,21X000000001360B,,,21X000000001360B/IT,2023-10-26 15:34:02,2022-09-22,2022-09-23,267.8,274.3,-,-,[],C,131.64,834.57,250,1584.95
company,21X000000001360B,,Terminale GNL Adriatico S.r.l.,Adriatic LNG,21X000000001360B,,,21X000000001360B/IT,2023-10-26 15:34:03,2022-09-23,2022-09-24,268.8,274.3,-,-,[],C,88.76,562.71,250,1584.92
company,21X000000001360B,,Terminale GNL Adriatico S.r.l.,Adriatic LNG,21X000000001360B,,,21X000000001360B/IT,2023-10-26 15:34:04,2022-09-24,2022-09-25,250.8,274.3,-,-,[],C,48.77,309.17,250,1584.84
company,21X000000001360B,,Terminale GNL Adriatico S.r.l.,Adriatic LNG,21X000000001360B,,,21X000000001360B/IT,2023-10-26 15:34:05,2022-09-25,2022-09-26,249.5,274.3,-,-,[],C,83.36,528.48,250,1584.93
company,21X000000001360B,,Terminale GNL Adriatico S.r.l.,Adriatic LNG,21X000000001360B,,,21X000000001360B/IT,2023-10-26 15:34:05,2022-09-26,2022-09-27,263.6,274.3,-,-,[],C,123.63,783.81,250,1584.99
company,21X000000001360B,,Terminale GNL Adriatico S.r.l.,Adriatic LNG,21X000000001360B,,,21X000000001360B/IT,2023-10-26 15:34:06,2022-09-27,2022-09-28,266,274.3,-,-,[],C,167.37,1061.1,250,1584.96
company,21X000000001360B,,Terminale GNL Adriatico S.r.l.,Adriatic LNG,21X000000001360B,,,21X000000001360B/IT,2023-10-26 15:34:07,2022-09-28,2022-09-29,251.5,274.3,-,-,[],C,174.59,1106.87,250,1584.96
company,21X000000001360B,,Terminale GNL Adriatico S.r.l.,Adriatic LNG,21X000000001360B,,,21X000000001360B/IT,2023-10-26 15:34:07,2022-09-29,2022-09-30,251.7,274.3,-,-,[],C,134.21,850.88,250,1584.98
company,21X000000001360B,,Terminale GNL Adriatico S.r.l.,Adriatic LNG,21X000000001360B,,,21X000000001360B/IT,2023-10-26 15:34:08,2022-09-30,2022-10-01,254.7,274.3,-,-,[],C,93.54,593,250,1584.88
company,21X000000001360B,,Terminale GNL Adriatico S.r.l.,Adriatic LNG,21X000000001360B,,,21X000000001360B/IT,2023-10-26 15:34:09,2022-10-01,2022-10-02,231.8,274.3,-,-,[],C,140.58,891.21,250,1584.88
company,21X000000001360B,,Terminale GNL Adriatico S.r.l.,Adriatic LNG,21X000000001360B,,,21X000000001360B/IT,2023-10-26 15:34:10,2022-10-02,2022-10-03,232.8,274.3,-,-,[],C,159.72,1012.55,250,1584.88
company,21X000000001360B,,Terminale GNL Adriatico S.r.l.,Adriatic LNG,21X000000001360B,,,21X000000001360B/IT,2023-10-26 15:34:10,2022-10-03,2022-10-04,258.3,274.3,-,-,[],C,118.07,748.54,250,1584.95
company,21X000000001360B,,Terminale GNL Adriatico S.r.l.,Adriatic LNG,21X000000001360B,,,21X000000001360B/IT,2023-10-26 15:34:11,2022-10-04,2022-10-05,263.3,274.3,-,-,[],C,75.99,481.73,250,1584.85
company,21X000000001360B,,Terminale GNL Adriatico S.r.l.,Adriatic LNG,21X000000001360B,,,21X000000001360B/IT,2023-10-26 15:34:12,2022-10-05,2022-10-06,244.4,274.3,-,-,[],C,98.78,626.23,250,1584.91
company,21X000000001360B,,Terminale GNL Adriatico S.r.l.,Adriatic LNG,21X000000001360B,,,21X000000001360B/IT,2023-10-26 15:34:13,2022-10-06,2022-10-07,148.4,274.3,-,-,[],C,159.35,1010.24,250,1584.94
company,21X000000001360B,,Terminale GNL Adriatico S.r.l.,Adriatic LNG,21X000000001360B,,,21X000000001360B/IT,2023-10-26 15:34:13,2022-10-07,2022-10-08,268.2,274.3,-,-,[],C,116.4,737.94,250,1584.92
company,21X000000001360B,,Terminale GNL Adriatico S.r.l.,Adriatic LNG,21X000000001360B,,,21X000000001360B/IT,2023-10-26 15:34:14,2022-10-08,2022-10-09,268.4,274.3,-,-,[],C,73.48,465.87,250,1585.02
company,21X000000001360B,,Terminale GNL Adriatico S.r.l.,Adriatic LNG,21X000000001360B,,,21X000000001360B/IT,2023-10-26 15:34:15,2022-10-09,2022-10-10,268.3,274.3,-,-,[],C,155.44,985.42,250,1584.89
company,21X000000001360B,,Terminale GNL Adriatico S.r.l.,Adriatic LNG,21X000000001360B,,,21X000000001360B/IT,2023-10-26 15:34:16,2022-10-10,2022-10-11,268.9,274.3,-,-,[],C,128.45,814.31,250,1584.88
company,21X000000001360B,,Terminale GNL Adriatico S.r.l.,Adriatic LNG,21X000000001360B,,,21X000000001360B/IT,2023-10-26 15:34:16,2022-10-11,2022-10-12,268.6,274.3,-,-,[],C,85.65,542.98,250,1584.88
company,21X000000001360B,,Terminale GNL Adriatico S.r.l.,Adriatic LNG,21X000000001360B,,,21X000000001360B/IT,2023-10-26 15:34:17,2022-10-12,2022-10-13,268.5,274.3,-,-,[],C,179.36,1137.11,250,1584.95
company,21X000000001360B,,Terminale GNL Adriatico S.r.l.,Adriatic LNG,21X000000001360B,,,21X000000001360B/IT,2023-10-26 15:34:18,2022-10-13,2022-10-14,268.7,274.3,-,-,[],C,140.38,890,250,1584.98
company,21X000000001360B,,Terminale GNL Adriatico S.r.l.,Adriatic LNG,21X000000001360B,,,21X000000001360B/IT,2023-10-26 15:34:18,2022-10-14,2022-10-15,268.5,274.3,-,-,[],C,97.62,618.88,250,1584.92
company,21X000000001360B,,Terminale GNL Adriatico S.r.l.,Adriatic LNG,21X000000001360B,,,21X000000001360B/IT,2023-10-26 15:34:19,2022-10-15,2022-10-16,268.9,274.3,-,-,[],C,54.54,345.77,250,1584.94
company,21X000000001360B,,Terminale GNL Adriatico S.r.l.,Adriatic LNG,21X000000001360B,,,21X000000001360B/IT,2023-10-26 15:34:20,2022-10-16,2022-10-17,267.8,274.3,-,-,[],C,132.34,839.01,250,1584.95
company,21X000000001360B,,Terminale GNL Adriatico S.r.l.,Adriatic LNG,21X000000001360B,,,21X000000001360B/IT,2023-10-26 15:34:20,2022-10-17,2022-10-18,268.6,274.3,-,-,[],C,109.2,692.31,250,1584.96
company,21X000000001360B,,Terminale GNL Adriatico S.r.l.,Adriatic LNG,21X000000001360B,,,21X000000001360B/IT,2023-10-26 15:34:21,2022-10-18,2022-10-19,268.8,274.3,-,-,[],C,213.56,1353.92,250,1584.94
company,21X000000001360B,,Terminale GNL Adriatico S.r.l.,Adriatic LNG,21X000000001360B,,,21X000000001360B/IT,2023-10-26 15:34:22,2022-10-19,2022-10-20,268.9,274.3,-,-,[],C,170.7,1082.2,250,1584.94
company,21X000000001360B,,Terminale GNL Adriatico S.r.l.,Adriatic LNG,21X000000001360B,,,21X000000001360B/IT,2023-10-26 15:34:23,2022-10-20,2022-10-21,268.9,274.3,-,-,[],C,121.99,773.37,250,1584.9
company,21X000000001360B,,Terminale GNL Adriatico S.r.l.,Adriatic LNG,21X000000001360B,,,21X000000001360B/IT,2023-10-26 15:34:23,2022-10-21,2022-10-22,268.9,274.3,-,-,[],C,176.13,1116.6,250,1584.91
company,21X000000001360B,,Terminale GNL Adriatico S.r.l.,Adriatic LNG,21X000000001360B,,,21X000000001360B/IT,2023-10-26 15:34:24,2022-10-22,2022-10-23,268.9,274.3,-,-,[],C,207.56,1315.88,250,1584.94
company,21X000000001360B,,Terminale GNL Adriatico S.r.l.,Adriatic LNG,21X000000001360B,,,21X000000001360B/IT,2023-10-26 15:34:25,2022-10-23,2022-10-24,268.6,274.3,-,-,[],C,164.61,1043.55,250,1584.88
company,21X000000001360B,,Terminale GNL Adriatico S.r.l.,Adriatic LNG,21X000000001360B,,,21X000000001360B/IT,2023-10-26 15:34:25,2022-10-24,2022-10-25,268.5,274.3,-,-,[],C,121.4,769.61,250,1584.86
company,21X000000001360B,,Terminale GNL Adriatico S.r.l.,Adriatic LNG,21X000000001360B,,,21X000000001360B/IT,2023-10-26 15:34:26,2022-10-25,2022-10-26,269,274.3,-,-,[],C,204.64,1297.35,250,1584.92
company,21X000000001360B,,Terminale GNL Adriatico S.r.l.,Adriatic LNG,21X000000001360B,,,21X000000001360B/IT,2023-10-26 15:34:27,2022-10-26,2022-10-27,268.6,274.3,-,-,[],C,168.17,1066.17,250,1584.96
company,21X000000001360B,,Terminale GNL Adriatico S.r.l.,Adriatic LNG,21X000000001360B,,,21X000000001360B/IT,2023-10-26 15:34:27,2022-10-27,2022-10-28,269.2,274.3,-,-,[],C,125.09,793.05,250,1584.96
company,21X000000001360B,,Terminale GNL Adriatico S.r.l.,Adriatic LNG,21X000000001360B,,,21X000000001360B/IT,2023-10-26 15:34:28,2022-10-28,2022-10-29,268.1,274.3,-,-,[],C,82.19,521.07,250,1584.96
company,21X000000001360B,,Terminale GNL Adriatico S.r.l.,Adriatic LNG,21X000000001360B,,,21X000000001360B/IT,2023-10-26 15:34:28,2022-10-29,2022-10-30,268.2,274.3,-,-,[],C,89.97,570.39,250,1584.94
company,21X000000001360B,,Terminale GNL Adriatico S.r.l.,Adriatic LNG,21X000000001360B,,,21X000000001360B/IT,2023-10-26 15:34:29,2022-10-30,2022-10-31,268.1,274.3,-,-,[],C,104.25,660.9,250,1584.89
company,21X000000001360B,,Terminale GNL Adriatico S.r.l.,Adriatic LNG,21X000000001360B,,,21X000000001360B/IT,2023-10-26 15:34:30,2022-10-31,2022-11-01,268.3,274.3,-,-,[],C,144.33,915,250,1584.91
company,21X000000001360B,,Terminale GNL Adriatico S.r.l.,Adriatic LNG,21X000000001360B,,,21X000000001360B/IT,2023-10-26 15:34:30,2022-11-01,2022-11-02,268.7,274.3,-,-,[],C,101.1,640.93,250,1584.89
company,21X000000001360B,,Terminale GNL Adriatico S.r.l.,Adriatic LNG,21X000000001360B,,,21X000000001360B/IT,2023-10-26 15:34:31,2022-11-02,2022-11-03,268.6,274.3,-,-,[],C,154.28,978.1,250,1584.94
company,21X000000001360B,,Terminale GNL Adriatico S.r.l.,Adriatic LNG,21X000000001360B,,,21X000000001360B/IT,2023-10-26 15:34:32,2022-11-03,2022-11-04,268.7,274.3,-,-,[],C,148.68,942.61,250,1584.96
company,21X000000001360B,,Terminale GNL Adriatico S.r.l.,Adriatic LNG,21X000000001360B,,,21X000000001360B/IT,2023-10-26 15:34:32,2022-11-04,2022-11-05,268.7,274.3,-,-,[],C,105.77,670.56,250,1584.95
company,21X000000001360B,,Terminale GNL Adriatico S.r.l.,Adriatic LNG,21X000000001360B,,,21X000000001360B/IT,2023-10-26 15:34:33,2022-11-05,2022-11-06,268.3,274.3,-,-,[],C,62.71,397.54,250,1584.83
company,21X000000001360B,,Terminale GNL Adriatico S.r.l.,Adriatic LNG,21X000000001360B,,,21X000000001360B/IT,2023-10-26 15:34:34,2022-11-06,2022-11-07,267.5,274.3,-,-,[],C,115.55,732.52,250,1584.86
company,21X000000001360B,,Terminale GNL Adriatico S.r.l.,Adriatic LNG,21X000000001360B,,,21X000000001360B/IT,2023-10-26 15:34:35,2022-11-07,2022-11-08,268.9,274.3,-,-,[],C,144.15,913.89,250,1584.96
company,21X000000001360B,,Terminale GNL Adriatico S.r.l.,Adriatic LNG,21X000000001360B,,,21X000000001360B/IT,2023-10-26 15:34:35,2022-11-08,2022-11-09,268.8,274.3,-,-,[],C,144.78,917.86,250,1584.92
company,21X000000001360B,,Terminale GNL Adriatico S.r.l.,Adriatic LNG,21X000000001360B,,,21X000000001360B/IT,2023-10-26 15:34:36,2022-11-09,2022-11-10,268.2,274.3,-,-,[],C,110.43,700.12,250,1584.99
company,21X000000001360B,,Terminale GNL Adriatico S.r.l.,Adriatic LNG,21X000000001360B,,,21X000000001360B/IT,2023-10-26 15:34:37,2022-11-10,2022-11-11,268.3,274.3,-,-,[],C,119.25,756,250,1584.91
company,21X000000001360B,,Terminale GNL Adriatico S.r.l.,Adriatic LNG,21X000000001360B,,,21X000000001360B/IT,2023-10-26 15:34:37,2022-11-11,2022-11-12,268.8,274.3,-,-,[],C,168.8,1070.1,250,1584.86
company,21X000000001360B,,Terminale GNL Adriatico S.r.l.,Adriatic LNG,21X000000001360B,,,21X000000001360B/IT,2023-10-26 15:34:38,2022-11-12,2022-11-13,268.7,274.3,-,-,[],C,127.67,809.37,250,1584.89
company,21X000000001360B,,Terminale GNL Adriatico S.r.l.,Adriatic LNG,21X000000001360B,,,21X000000001360B/IT,2023-10-26 15:34:38,2022-11-13,2022-11-14,268.2,274.3,-,-,[],C,144.47,915.89,250,1584.91
company,21X000000001360B,,Terminale GNL Adriatico S.r.l.,Adriatic LNG,21X000000001360B,,,21X000000001360B/IT,2023-10-26 15:34:39,2022-11-14,2022-11-15,268.8,274.3,-,-,[],C,182.62,1157.74,250,1584.9
company,21X000000001360B,,Terminale GNL Adriatico S.r.l.,Adriatic LNG,21X000000001360B,,,21X000000001360B/IT,2023-10-26 15:34:39,2022-11-15,2022-11-16,268.5,274.3,-,-,[],C,139.51,884.47,250,1584.96
company,21X000000001360B,,Terminale GNL Adriatico S.r.l.,Adriatic LNG,21X000000001360B,,,21X000000001360B/IT,2023-10-26 15:34:40,2022-11-16,2022-11-17,268.9,274.3,-,-,[],C,210.79,1336.37,250,1584.95
company,21X000000001360B,,Terminale GNL Adriatico S.r.l.,Adriatic LNG,21X000000001360B,,,21X000000001360B/IT,2023-10-26 15:34:40,2022-11-17,2022-11-18,268.1,274.3,-,-,[],C,200.27,1269.68,250,1584.96
company,21X000000001360B,,Terminale GNL Adriatico S.r.l.,Adriatic LNG,21X000000001360B,,,21X000000001360B/IT,2023-10-26 15:34:41,2022-11-18,2022-11-19,268,274.3,-,-,[],C,157.43,998.06,250,1584.93
company,21X000000001360B,,Terminale GNL Adriatico S.r.l.,Adriatic LNG,21X000000001360B,,,21X000000001360B/IT,2023-10-26 15:34:42,2022-11-19,2022-11-20,267.8,274.3,-,-,[],C,114.53,726.1,250,1584.96
company,21X000000001360B,,Terminale GNL Adriatico S.r.l.,Adriatic LNG,21X000000001360B,,,21X000000001360B/IT,2023-10-26 15:34:42,2022-11-20,2022-11-21,267.8,274.3,-,-,[],C,160.08,1014.89,250,1584.97
company,21X000000001360B,,Terminale GNL Adriatico S.r.l.,Adriatic LNG,21X000000001360B,,,21X000000001360B/IT,2023-10-26 15:34:43,2022-11-21,2022-11-22,269.2,274.3,-,-,[],C,168.17,1066.14,250,1584.91
company,21X000000001360B,,Terminale GNL Adriatico S.r.l.,Adriatic LNG,21X000000001360B,,,21X000000001360B/IT,2023-10-26 15:34:44,2022-11-22,2022-11-23,156.1,274.3,-,-,[],C,143.5,909.76,250,1584.95
company,21X000000001360B,,Terminale GNL Adriatico S.r.l.,Adriatic LNG,21X000000001360B,,,21X000000001360B/IT,2023-10-26 15:34:44,2022-11-23,2022-11-24,267.8,274.3,-,-,[],C,164.72,1044.29,250,1584.95
company,21X000000001360B,,Terminale GNL Adriatico S.r.l.,Adriatic LNG,21X000000001360B,,,21X000000001360B/IT,2023-10-26 15:34:45,2022-11-24,2022-11-25,268.6,274.3,-,-,[],C,198.36,1257.52,250,1584.9
company,21X000000001360B,,Terminale GNL Adriatico S.r.l.,Adriatic LNG,21X000000001360B,,,21X000000001360B/IT,2023-10-26 15:34:46,2022-11-25,2022-11-26,272.9,274.3,-,-,[],C,154.76,981.12,250,1584.91
company,21X000000001360B,,Terminale GNL Adriatico S.r.l.,Adriatic LNG,21X000000001360B,,,21X000000001360B/IT,2023-10-26 15:34:46,2022-11-26,2022-11-27,273,274.3,-,-,[],C,111.26,705.33,250,1584.87
company,21X000000001360B,,Terminale GNL Adriatico S.r.l.,Adriatic LNG,21X000000001360B,,,21X000000001360B/IT,2023-10-26 15:34:47,2022-11-27,2022-11-28,272.9,274.3,-,-,[],C,177.34,1124.27,250,1584.91
company,21X000000001360B,,Terminale GNL Adriatico S.r.l.,Adriatic LNG,21X000000001360B,,,21X000000001360B/IT,2023-10-26 15:34:47,2022-11-28,2022-11-29,272.2,274.3,-,-,[],C,165.39,1048.52,250,1584.92
company,21X000000001360B,,Terminale GNL Adriatico S.r.l.,Adriatic LNG,21X000000001360B,,,21X000000001360B/IT,2023-10-26 15:34:48,2022-11-29,2022-11-30,272.3,274.3,-,-,[],C,120.36,763.04,250,1584.91
company,21X000000001360B,,Terminale GNL Adriatico S.r.l.,Adriatic LNG,21X000000001360B,,,21X000000001360B/IT,2023-10-26 15:34:48,2022-11-30,2022-12-01,273.3,274.3,-,-,[],C,78.24,496.04,250,1584.99
company,21X000000001360B,,Terminale GNL Adriatico S.r.l.,Adriatic LNG,21X000000001360B,,,21X000000001360B/IT,2023-10-26 15:34:49,2022-12-01,2022-12-02,273.8,274.3,-,-,[],C,34.33,217.63,250,1584.84
company,21X000000001360B,,Terminale GNL Adriatico S.r.l.,Adriatic LNG,21X000000001360B,,,21X000000001360B/IT,2023-10-26 15:34:50,2022-12-02,2022-12-03,272.5,274.3,-,-,[],C,190.14,1205.43,250,1584.92
company,21X000000001360B,,Terminale GNL Adriatico S.r.l.,Adriatic LNG,21X000000001360B,,,21X000000001360B/IT,2023-10-26 15:34:50,2022-12-03,2022-12-04,272,274.3,-,-,[],C,152.95,969.64,250,1584.9
company,21X000000001360B,,Terminale GNL Adriatico S.r.l.,Adriatic LNG,21X000000001360B,,,21X000000001360B/IT,2023-10-26 15:34:51,2022-12-04,2022-12-05,273.1,274.3,-,-,[],C,109.16,692.01,250,1584.85
company,21X000000001360B,,Terminale GNL Adriatico S.r.l.,Adriatic LNG,21X000000001360B,,,21X000000001360B/IT,2023-10-26 15:34:52,2022-12-05,2022-12-06,273.1,274.3,-,-,[],C,175.62,1113.41,250,1584.97
company,21X000000001360B,,Terminale GNL Adriatico S.r.l.,Adriatic LNG,21X000000001360B,,,21X000000001360B/IT,2023-10-26 15:34:52,2022-12-06,2022-12-07,273.6,274.3,-,-,[],C,162.08,1027.53,250,1584.91
company,21X000000001360B,,Terminale GNL Adriatico S.r.l.,Adriatic LNG,21X000000001360B,,,21X000000001360B/IT,2023-10-26 15:34:53,2022-12-07,2022-12-08,272.5,274.3,-,-,[],C,192.73,1221.82,250,1584.89
company,21X000000001360B,,Terminale GNL Adriatico S.r.l.,Adriatic LNG,21X000000001360B,,,21X000000001360B/IT,2023-10-26 15:34:53,2022-12-08,2022-12-09,273.2,274.3,-,-,[],C,215.34,1365.21,250,1584.95
company,21X000000001360B,,Terminale GNL Adriatico S.r.l.,Adriatic LNG,21X000000001360B,,,21X000000001360B/IT,2023-10-26 15:34:54,2022-12-09,2022-12-10,273.1,274.3,-,-,[],C,171.89,1089.71,250,1584.89
company,21X000000001360B,,Terminale GNL Adriatico S.r.l.,Adriatic LNG,21X000000001360B,,,21X000000001360B/IT,2023-10-26 15:34:55,2022-12-10,2022-12-11,272.7,274.3,-,-,[],C,128.4,814,250,1584.89
company,21X000000001360B,,Terminale GNL Adriatico S.r.l.,Adriatic LNG,21X000000001360B,,,21X000000001360B/IT,2023-10-26 15:34:55,2022-12-11,2022-12-12,272.7,274.3,-,-,[],C,84.73,537.17,250,1584.95
company,21X000000001360B,,Terminale GNL Adriatico S.r.l.,Adriatic LNG,21X000000001360B,,,21X000000001360B/IT,2023-10-26 15:34:56,2022-12-12,2022-12-13,271.7,274.3,-,-,[],C,127.87,810.63,250,1584.87
company,21X000000001360B,,Terminale GNL Adriatico S.r.l.,Adriatic LNG,21X000000001360B,,,21X000000001360B/IT,2023-10-26 15:34:56,2022-12-13,2022-12-14,273.7,274.3,-,-,[],C,142.12,900.97,250,1584.88
company,21X000000001360B,,Terminale GNL Adriatico S.r.l.,Adriatic LNG,21X000000001360B,,,21X000000001360B/IT,2023-10-26 15:34:57,2022-12-14,2022-12-15,273.8,274.3,-,-,[],C,220.65,1398.84,250,1584.91
company,21X000000001360B,,Terminale GNL Adriatico S.r.l.,Adriatic LNG,21X000000001360B,,,21X000000001360B/IT,2023-10-26 15:34:58,2022-12-15,2022-12-16,273.5,274.3,-,-,[],C,194.07,1230.34,250,1584.92
company,21X000000001360B,,Terminale GNL Adriatico S.r.l.,Adriatic LNG,21X000000001360B,,,21X000000001360B/IT,2023-10-26 15:34:58,2022-12-16,2022-12-17,273.5,274.3,-,-,[],C,150.57,954.54,250,1584.88
company,21X000000001360B,,Terminale GNL Adriatico S.r.l.,Adriatic LNG,21X000000001360B,,,21X000000001360B/IT,2023-10-26 15:34:59,2022-12-17,2022-12-18,274.4,274.3,-,-,[],C,106.92,677.86,250,1584.97
company,21X000000001360B,,Terminale GNL Adriatico S.r.l.,Adriatic LNG,21X000000001360B,,,21X000000001360B/IT,2023-10-26 15:34:59,2022-12-18,2022-12-19,219,274.3,-,-,[],C,152.86,969.07,250,1584.9
company,21X000000001360B,,Terminale GNL Adriatico S.r.l.,Adriatic LNG,21X000000001360B,,,21X000000001360B/IT,2023-10-26 15:35:00,2022-12-19,2022-12-20,271.9,274.3,-,-,[],C,175.72,1114.04,250,1584.96
company,21X000000001360B,,Terminale GNL Adriatico S.r.l.,Adriatic LNG,21X000000001360B,,,21X000000001360B/IT,2023-10-26 15:35:01,2022-12-20,2022-12-21,271.9,274.3,-,-,[],C,132.3,838.77,250,1584.98
company,21X000000001360B,,Terminale GNL Adriatico S.r.l.,Adriatic LNG,21X000000001360B,,,21X000000001360B/IT,2023-10-26 15:35:01,2022-12-21,2022-12-22,271.5,274.3,-,-,[],C,157.94,1001.29,250,1584.92
company,21X000000001360B,,Terminale GNL Adriatico S.r.l.,Adriatic LNG,21X000000001360B,,,21X000000001360B/IT,2023-10-26 15:35:02,2022-12-22,2022-12-23,272.6,274.3,-,-,[],C,186.33,1181.28,250,1584.93
company,21X000000001360B,,Terminale GNL Adriatico S.r.l.,Adriatic LNG,21X000000001360B,,,21X000000001360B/IT,2023-10-26 15:35:03,2022-12-23,2022-12-24,274,274.3,-,-,[],C,142.57,903.84,250,1584.91
company,21X000000001360B,,Terminale GNL Adriatico S.r.l.,Adriatic LNG,21X000000001360B,,,21X000000001360B/IT,2023-10-26 15:35:03,2022-12-24,2022-12-25,274,274.3,-,-,[],C,98.87,626.78,250,1584.86
company,21X000000001360B,,Terminale GNL Adriatico S.r.l.,Adriatic LNG,21X000000001360B,,,21X000000001360B/IT,2023-10-26 15:35:04,2022-12-25,2022-12-26,272.8,274.3,-,-,[],C,157.67,999.58,250,1584.92
company,21X000000001360B,,Terminale GNL Adriatico S.r.l.,Adriatic LNG,21X000000001360B,,,21X000000001360B/IT,2023-10-26 15:35:05,2022-12-26,2022-12-27,210.1,274.3,-,-,[],C,152.12,964.38,250,1584.9
company,21X000000001360B,,Terminale GNL Adriatico S.r.l.,Adriatic LNG,21X000000001360B,,,21X000000001360B/IT,2023-10-26 15:35:06,2022-12-27,2022-12-28,273.5,274.3,-,-,[],C,108.33,686.81,250,1584.99
company,21X000000001360B,,Terminale GNL Adriatico S.r.l.,Adriatic LNG,21X000000001360B,,,21X000000001360B/IT,2023-10-26 15:35:06,2022-12-28,2022-12-29,272.9,274.3,-,-,[],C,181.96,1153.55,250,1584.9
company,21X000000001360B,,Terminale GNL Adriatico S.r.l.,Adriatic LNG,21X000000001360B,,,21X000000001360B/IT,2023-10-26 15:35:07,2022-12-29,2022-12-30,273,274.3,-,-,[],C,163.34,1035.54,250,1584.95
company,21X000000001360B,,Terminale GNL Adriatico S.r.l.,Adriatic LNG,21X000000001360B,,,21X000000001360B/IT,2023-10-26 15:35:08,2022-12-30,2022-12-31,273.6,274.3,-,-,[],C,119.7,758.87,250,1584.94
company,21X000000001360B,,Terminale GNL Adriatico S.r.l.,Adriatic LNG,21X000000001360B,,,21X000000001360B/IT,2023-10-26 15:35:08,2022-12-31,2023-01-01,273.2,274.3,-,-,[],C,76.12,482.55,250,1584.83
company,21X000000001360B,,Terminale GNL Adriatico S.r.l.,Adriatic LNG,21X000000001360B,,,21X000000001360B/IT,2023-10-26 15:35:09,2023-01-01,2023-01-02,270.9,274.3,-,-,[],C,180.71,1145.66,250,1584.94
company,21X000000001360B,,Terminale GNL Adriatico S.r.l.,Adriatic LNG,21X000000001360B,,,21X000000001360B/IT,2023-10-26 15:35:10,2023-01-02,2023-01-03,270.4,274.3,-,-,[],C,148.96,944.35,250,1584.91
company,21X000000001360B,,Terminale GNL Adriatico S.r.l.,Adriatic LNG,21X000000001360B,,,21X000000001360B/IT,2023-10-26 15:35:10,2023-01-03,2023-01-04,270.4,274.3,-,-,[],C,113.23,717.83,250,1584.89
company,21X000000001360B,,Terminale GNL Adriatico S.r.l.,Adriatic LNG,21X000000001360B,,,21X000000001360B/IT,2023-10-26 15:35:11,2023-01-04,2023-01-05,269.3,274.3,-,-,[],C,70.27,445.47,250,1584.85
company,21X000000001360B,,Terminale GNL Adriatico S.r.l.,Adriatic LNG,21X000000001360B,,,21X000000001360B/IT,2023-10-26 15:35:11,2023-01-05,2023-01-06,269.2,274.3,-,-,[],C,175.36,1111.72,250,1584.91
company,21X000000001360B,,Terminale GNL Adriatico S.r.l.,Adriatic LNG,21X000000001360B,,,21X000000001360B/IT,2023-10-26 15:35:12,2023-01-06,2023-01-07,268.5,274.3,-,-,[],C,132.43,839.57,250,1584.93
company,21X000000001360B,,Terminale GNL Adriatico S.r.l.,Adriatic LNG,21X000000001360B,,,21X000000001360B/IT,2023-10-26 15:35:12,2023-01-07,2023-01-08,268.5,274.3,-,-,[],C,89.47,567.19,250,1584.86
company,21X000000001360B,,Terminale GNL Adriatico S.r.l.,Adriatic LNG,21X000000001360B,,,21X000000001360B/IT,2023-10-26 15:35:13,2023-01-08,2023-01-09,269.4,274.3,-,-,[],C,49.5,313.79,250,1584.8
company,21X000000001360B,,Terminale GNL Adriatico S.r.l.,Adriatic LNG,21X000000001360B,,,21X000000001360B/IT,2023-10-26 15:35:13,2023-01-09,2023-01-10,154.4,274.3,-,-,[],C,24.91,157.92,250,1584.91
company,21X000000001360B,,Terminale GNL Adriatico S.r.l.,Adriatic LNG,21X000000001360B,,,21X000000001360B/IT,2023-10-26 15:35:14,2023-01-10,2023-01-11,268.2,274.3,-,-,[],C,147.83,937.17,250,1584.88
company,21X000000001360B,,Terminale GNL Adriatico S.r.l.,Adriatic LNG,21X000000001360B,,,21X000000001360B/IT,2023-10-26 15:35:14,2023-01-11,2023-01-12,273.2,274.3,-,-,[],C,145.66,923.45,250,1584.94
company,21X000000001360B,,Terminale GNL Adriatico S.r.l.,Adriatic LNG,21X000000001360B,,,21X000000001360B/IT,2023-10-26 15:35:15,2023-01-12,2023-01-13,273.2,274.3,-,-,[],C,107.58,682.05,250,1584.98
company,21X000000001360B,,Terminale GNL Adriatico S.r.l.,Adriatic LNG,21X000000001360B,,,21X000000001360B/IT,2023-10-26 15:35:16,2023-01-13,2023-01-14,273.6,274.3,-,-,[],C,203.92,1292.81,250,1584.95
company,21X000000001360B,,Terminale GNL Adriatico S.r.l.,Adriatic LNG,21X000000001360B,,,21X000000001360B/IT,2023-10-26 15:35:16,2023-01-14,2023-01-15,274.3,274.3,-,-,[],C,166.05,1052.7,250,1584.91
company,21X000000001360B,,Terminale GNL Adriatico S.r.l.,Adriatic LNG,21X000000001360B,,,21X000000001360B/IT,2023-10-26 15:35:17,2023-01-15,2023-01-16,274.4,274.3,-,-,[],C,122.29,775.26,250,1584.88
company,21X000000001360B,,Terminale GNL Adriatico S.r.l.,Adriatic LNG,21X000000001360B,,,21X000000001360B/IT,2023-10-26 15:35:17,2023-01-16,2023-01-17,273.9,274.3,-,-,[],C,109.08,691.52,250,1584.89
company,21X000000001360B,,Terminale GNL Adriatico S.r.l.,Adriatic LNG,21X000000001360B,,,21X000000001360B/IT,2023-10-26 15:35:18,2023-01-17,2023-01-18,273.5,274.3,-,-,[],C,237.08,1503.02,250,1584.93
company,21X000000001360B,,Terminale GNL Adriatico S.r.l.,Adriatic LNG,21X000000001360B,,,21X000000001360B/IT,2023-10-26 15:35:19,2023-01-18,2023-01-19,272.5,274.3,-,-,[],C,198.79,1260.25,250,1584.9
company,21X000000001360B,,Terminale GNL Adriatico S.r.l.,Adriatic LNG,21X000000001360B,,,21X000000001360B/IT,2023-10-26 15:35:19,2023-01-19,2023-01-20,272.5,274.3,-,-,[],C,155.16,983.66,250,1584.91
company,21X000000001360B,,Terminale GNL Adriatico S.r.l.,Adriatic LNG,21X000000001360B,,,21X000000001360B/IT,2023-10-26 15:35:20,2023-01-20,2023-01-21,272,274.3,-,-,[],C,111.94,709.65,250,1584.89
company,21X000000001360B,,Terminale GNL Adriatico S.r.l.,Adriatic LNG,21X000000001360B,,,21X000000001360B/IT,2023-10-26 15:35:20,2023-01-21,2023-01-22,166.3,274.3,-,-,[],C,85.73,543.51,250,1584.95
company,21X000000001360B,,Terminale GNL Adriatico S.r.l.,Adriatic LNG,21X000000001360B,,,21X000000001360B/IT,2023-10-26 15:35:21,2023-01-22,2023-01-23,62.4,274.3,-,-,[],C,75.69,479.85,250,1584.92
company,21X000000001360B,,Terminale GNL Adriatico S.r.l.,Adriatic LNG,21X000000001360B,,,21X000000001360B/IT,2023-10-26 15:35:21,2023-01-23,2023-01-24,135.2,274.3,-,-,[],C,53.41,338.6,250,1584.91
company,21X000000001360B,,Terminale GNL Adriatico S.r.l.,Adriatic LNG,21X000000001360B,,,21X000000001360B/IT,2023-10-26 15:35:22,2023-01-24,2023-01-25,62.4,274.3,-,-,[],C,43.72,277.19,250,1585.03
company,21X000000001360B,,Terminale GNL Adriatico S.r.l.,Adriatic LNG,21X000000001360B,,,21X000000001360B/IT,2023-10-26 15:35:22,2023-01-25,2023-01-26,41.5,274.3,-,-,[],C,37.25,236.13,250,1584.77
company,21X000000001360B,,Terminale GNL Adriatico S.r.l.,Adriatic LNG,21X000000001360B,,,21X000000001360B/IT,2023-10-26 15:35:23,2023-01-26,2023-01-27,41.5,274.3,-,-,[],C,30.56,193.75,250,1585
company,21X000000001360B,,Terminale GNL Adriatico S.r.l.,Adriatic LNG,21X000000001360B,,,21X000000001360B/IT,2023-10-26 15:35:23,2023-01-27,2023-01-28,41.5,274.3,-,-,[],C,23.42,148.49,250,1585.08
company,21X000000001360B,,Terminale GNL Adriatico S.r.l.,Adriatic LNG,21X000000001360B,,,21X000000001360B/IT,2023-10-26 15:35:24,2023-01-28,2023-01-29,40.6,274.3,-,-,[],C,17.13,108.63,250,1585.38
company,21X000000001360B,,Terminale GNL Adriatico S.r.l.,Adriatic LNG,21X000000001360B,,,21X000000001360B/IT,2023-10-26 15:35:25,2023-01-29,2023-01-30,41.7,274.3,-,-,[],C,108.06,685.06,250,1584.91
company,21X000000001360B,,Terminale GNL Adriatico S.r.l.,Adriatic LNG,21X000000001360B,,,21X000000001360B/IT,2023-10-26 15:35:25,2023-01-30,2023-01-31,217.9,274.3,-,-,[],C,185.02,1172.94,250,1584.88
company,21X000000001360B,,Terminale GNL Adriatico S.r.l.,Adriatic LNG,21X000000001360B,,,21X000000001360B/IT,2023-10-26 15:35:26,2023-01-31,2023-02-01,272.1,274.3,-,-,[],C,141.36,896.16,250,1584.89
company,21X000000001360B,,Terminale GNL Adriatico S.r.l.,Adriatic LNG,21X000000001360B,,,21X000000001360B/IT,2023-10-26 15:35:26,2023-02-01,2023-02-02,257.5,274.3,-,-,[],C,100.77,638.83,250,1584.87
company,21X000000001360B,,Terminale GNL Adriatico S.r.l.,Adriatic LNG,21X000000001360B,,,21X000000001360B/IT,2023-10-26 15:35:27,2023-02-02,2023-02-03,220.2,274.3,-,-,[],C,130.55,827.62,250,1584.87
company,21X000000001360B,,Terminale GNL Adriatico S.r.l.,Adriatic LNG,21X000000001360B,,,21X000000001360B/IT,2023-10-26 15:35:27,2023-02-03,2023-02-04,219.6,274.3,-,-,[],C,237.93,1508.39,250,1584.91
company,21X000000001360B,,Terminale GNL Adriatico S.r.l.,Adriatic LNG,21X000000001360B,,,21X000000001360B/IT,2023-10-26 15:35:28,2023-02-04,2023-02-05,219.5,274.3,-,-,[],C,201.89,1279.89,250,1584.89
company,21X000000001360B,,Terminale GNL Adriatico S.r.l.,Adriatic LNG,21X000000001360B,,,21X000000001360B/IT,2023-10-26 15:35:28,2023-02-05,2023-02-06,271.3,274.3,-,-,[],C,158,1001.69,250,1584.95
company,21X000000001360B,,Terminale GNL Adriatico S.r.l.,Adriatic LNG,21X000000001360B,,,21X000000001360B/IT,2023-10-26 15:35:29,2023-02-06,2023-02-07,271,274.3,-,-,[],C,114.55,726.22,250,1584.94
company,21X000000001360B,,Terminale GNL Adriatico S.r.l.,Adriatic LNG,21X000000001360B,,,21X000000001360B/IT,2023-10-26 15:35:30,2023-02-07,2023-02-08,271.7,274.3,-,-,[],C,70.95,449.79,250,1584.88
company,21X000000001360B,,Terminale GNL Adriatico S.r.l.,Adriatic LNG,21X000000001360B,,,21X000000001360B/IT,2023-10-26 15:35:30,2023-02-08,2023-02-09,272.1,274.3,-,-,[],C,27.34,173.35,250,1585.13
company,21X000000001360B,,Terminale GNL Adriatico S.r.l.,Adriatic LNG,21X000000001360B,,,21X000000001360B/IT,2023-10-26 15:35:30,2023-02-09,2023-02-10,272.8,274.3,-,-,[],C,115.16,730.1,250,1584.97
company,21X000000001360B,,Terminale GNL Adriatico S.r.l.,Adriatic LNG,21X000000001360B,,,21X000000001360B/IT,2023-10-26 15:35:31,2023-02-10,2023-02-11,257.6,274.3,-,-,[],C,171.73,1088.74,250,1584.96
company,21X000000001360B,,Terminale GNL Adriatico S.r.l.,Adriatic LNG,21X000000001360B,,,21X000000001360B/IT,2023-10-26 15:35:31,2023-02-11,2023-02-12,272.9,274.3,-,-,[],C,147.31,933.91,250,1584.94
company,21X000000001360B,,Terminale GNL Adriatico S.r.l.,Adriatic LNG,21X000000001360B,,,21X000000001360B/IT,2023-10-26 15:35:32,2023-02-12,2023-02-13,272.9,274.3,-,-,[],C,103.39,655.43,250,1584.85
company,21X000000001360B,,Terminale GNL Adriatico S.r.l.,Adriatic LNG,21X000000001360B,,,21X000000001360B/IT,2023-10-26 15:35:33,2023-02-13,2023-02-14,270.9,274.3,-,-,[],C,126.89,804.42,250,1584.88
company,21X000000001360B,,Terminale GNL Adriatico S.r.l.,Adriatic LNG,21X000000001360B,,,21X000000001360B/IT,2023-10-26 15:35:33,2023-02-14,2023-02-15,272.3,274.3,-,-,[],C,229.67,1456.02,250,1584.9
company,21X000000001360B,,Terminale GNL Adriatico S.r.l.,Adriatic LNG,21X000000001360B,,,21X000000001360B/IT,2023-10-26 15:35:34,2023-02-15,2023-02-16,272.5,274.3,-,-,[],C,185.91,1178.6,250,1584.91
company,21X000000001360B,,Terminale GNL Adriatico S.r.l.,Adriatic LNG,21X000000001360B,,,21X000000001360B/IT,2023-10-26 15:35:34,2023-02-16,2023-02-17,272.7,274.3,-,-,[],C,142,900.21,250,1584.88
company,21X000000001360B,,Terminale GNL Adriatico S.r.l.,Adriatic LNG,21X000000001360B,,,21X000000001360B/IT,2023-10-26 15:35:35,2023-02-17,2023-02-18,272.7,274.3,-,-,[],C,98.21,622.64,250,1584.97
company,21X000000001360B,,Terminale GNL Adriatico S.r.l.,Adriatic LNG,21X000000001360B,,,21X000000001360B/IT,2023-10-26 15:35:35,2023-02-18,2023-02-19,272.9,274.3,-,-,[],C,125.09,793.02,250,1584.9
company,21X000000001360B,,Terminale GNL Adriatico S.r.l.,Adriatic LNG,21X000000001360B,,,21X000000001360B/IT,2023-10-26 15:35:36,2023-02-19,2023-02-20,269.2,274.3,-,-,[],C,226.16,1433.8,250,1584.94
company,21X000000001360B,,Terminale GNL Adriatico S.r.l.,Adriatic LNG,21X000000001360B,,,21X000000001360B/IT,2023-10-26 15:35:36,2023-02-20,2023-02-21,272.1,274.3,-,-,[],C,182.35,1156.07,250,1584.96
company,21X000000001360B,,Terminale GNL Adriatico S.r.l.,Adriatic LNG,21X000000001360B,,,21X000000001360B/IT,2023-10-26 15:35:37,2023-02-21,2023-02-22,272.6,274.3,-,-,[],C,138.74,879.56,250,1584.91
company,21X000000001360B,,Terminale GNL Adriatico S.r.l.,Adriatic LNG,21X000000001360B,,,21X000000001360B/IT,2023-10-26 15:35:37,2023-02-22,2023-02-23,272.5,274.3,-,-,[],C,94.85,601.34,250,1584.98
company,21X000000001360B,,Terminale GNL Adriatico S.r.l.,Adriatic LNG,21X000000001360B,,,21X000000001360B/IT,2023-10-26 15:35:38,2023-02-23,2023-02-24,272.4,274.3,-,-,[],C,211.18,1338.79,250,1584.89
company,21X000000001360B,,Terminale GNL Adriatico S.r.l.,Adriatic LNG,21X000000001360B,,,21X000000001360B/IT,2023-10-26 15:35:39,2023-02-24,2023-02-25,270.6,274.3,-,-,[],C,167.89,1064.35,250,1584.89
company,21X000000001360B,,Terminale GNL Adriatico S.r.l.,Adriatic LNG,21X000000001360B,,,21X000000001360B/IT,2023-10-26 15:35:39,2023-02-25,2023-02-26,270.7,274.3,-,-,[],C,125.04,792.69,250,1584.87
company,21X000000001360B,,Terminale GNL Adriatico S.r.l.,Adriatic LNG,21X000000001360B,,,21X000000001360B/IT,2023-10-26 15:35:40,2023-02-26,2023-02-27,164.7,274.3,-,-,[],C,100.26,635.64,250,1584.98
company,21X000000001360B,,Terminale GNL Adriatico S.r.l.,Adriatic LNG,21X000000001360B,,,21X000000001360B/IT,2023-10-26 15:35:40,2023-02-27,2023-02-28,82.4,274.3,273.3713,0.887,[],C,87.41,554.18,250,1585
company,21X000000001360B,,Terminale GNL Adriatico S.r.l.,Adriatic LNG,21X000000001360B,,,21X000000001360B/IT,2023-10-26 15:35:41,2023-02-28,2023-03-01,82.3,274.3,273.3713,0.887,[],C,73.02,462.94,250,1584.98
company,21X000000001360B,,Terminale GNL Adriatico S.r.l.,Adriatic LNG,21X000000001360B,,,21X000000001360B/IT,2023-10-26 15:35:41,2023-03-01,2023-03-02,218,274.3,244.946,29.3123,[],C,35.51,225.13,250,1584.98
company,21X000000001360B,,Terminale GNL Adriatico S.r.l.,Adriatic LNG,21X000000001360B,,,21X000000001360B/IT,2023-10-26 15:35:42,2023-03-02,2023-03-03,271.1,274.3,244.946,29.3123,[],C,123.22,781.21,250,1584.99
company,21X000000001360B,,Terminale GNL Adriatico S.r.l.,Adriatic LNG,21X000000001360B,,,21X000000001360B/IT,2023-10-26 15:35:42,2023-03-03,2023-03-04,272.1,274.3,244.946,29.3123,[],C,156.03,989.21,250,1584.97
company,21X000000001360B,,Terminale GNL Adriatico S.r.l.,Adriatic LNG,21X000000001360B,,,21X000000001360B/IT,2023-10-26 15:35:43,2023-03-04,2023-03-05,272.4,274.3,244.946,29.3123,[],C,112.28,711.8,250,1584.88
company,21X000000001360B,,Terminale GNL Adriatico S.r.l.,Adriatic LNG,21X000000001360B,,,21X000000001360B/IT,2023-10-26 15:35:44,2023-03-05,2023-03-06,272.4,274.3,244.946,29.3123,[],C,68.46,434,250,1584.87
company,21X000000001360B,,Terminale GNL Adriatico S.r.l.,Adriatic LNG,21X000000001360B,,,21X000000001360B/IT,2023-10-26 15:35:44,2023-03-06,2023-03-07,272.4,274.3,244.946,29.3123,[],C,193.59,1227.29,250,1584.91
company,21X000000001360B,,Terminale GNL Adriatico S.r.l.,Adriatic LNG,21X000000001360B,,,21X000000001360B/IT,2023-10-26 15:35:45,2023-03-07,2023-03-08,272.3,274.3,244.946,29.3123,[],C,187.97,1191.65,250,1584.89
company,21X000000001360B,,Terminale GNL Adriatico S.r.l.,Adriatic LNG,21X000000001360B,,,21X000000001360B/IT,2023-10-26 15:35:45,2023-03-08,2023-03-09,272.4,274.3,244.946,29.3123,[],C,144.19,914.11,250,1584.91
company,21X000000001360B,,Terminale GNL Adriatico S.r.l.,Adriatic LNG,21X000000001360B,,,21X000000001360B/IT,2023-10-26 15:35:46,2023-03-09,2023-03-10,272.5,274.3,244.946,29.3123,[],C,100.35,636.2,250,1584.95
company,21X000000001360B,,Terminale GNL Adriatico S.r.l.,Adriatic LNG,21X000000001360B,,,21X000000001360B/IT,2023-10-26 15:35:46,2023-03-10,2023-03-11,272.7,274.3,244.946,29.3123,[],C,56.82,360.24,250,1585.01
company,21X000000001360B,,Terminale GNL Adriatico S.r.l.,Adriatic LNG,21X000000001360B,,,21X000000001360B/IT,2023-10-26 15:35:47,2023-03-11,2023-03-12,272.5,274.3,244.946,29.3123,[],C,221.19,1402.27,250,1584.92
company,21X000000001360B,,Terminale GNL Adriatico S.r.l.,Adriatic LNG,21X000000001360B,,,21X000000001360B/IT,2023-10-26 15:35:48,2023-03-12,2023-03-13,272.5,274.3,244.946,29.3123,[],C,182.07,1154.26,250,1584.91
company,21X000000001360B,,Terminale GNL Adriatico S.r.l.,Adriatic LNG,21X000000001360B,,,21X000000001360B/IT,2023-10-26 15:35:48,2023-03-13,2023-03-14,272.7,274.3,244.946,29.3123,[],C,138.29,876.74,250,1584.97
company,21X000000001360B,,Terminale GNL Adriatico S.r.l.,Adriatic LNG,21X000000001360B,,,21X000000001360B/IT,2023-10-26 15:35:49,2023-03-14,2023-03-15,272.7,274.3,244.946,29.3123,[],C,94.56,599.49,250,1584.95
company,21X000000001360B,,Terminale GNL Adriatico S.r.l.,Adriatic LNG,21X000000001360B,,,21X000000001360B/IT,2023-10-26 15:35:49,2023-03-15,2023-03-16,272,274.3,244.946,29.3123,[],C,181.64,1151.52,250,1584.89
company,21X000000001360B,,Terminale GNL Adriatico S.r.l.,Adriatic LNG,21X000000001360B,,,21X000000001360B/IT,2023-10-26 15:35:50,2023-03-16,2023-03-17,271.3,274.3,244.946,29.3123,[],C,160.87,1019.89,250,1584.96
company,21X000000001360B,,Terminale GNL Adriatico S.r.l.,Adriatic LNG,21X000000001360B,,,21X000000001360B/IT,2023-10-26 15:35:50,2023-03-17,2023-03-18,269.8,274.3,244.946,29.3123,[],C,117.23,743.19,250,1584.9
company,21X000000001360B,,Terminale GNL Adriatico S.r.l.,Adriatic LNG,21X000000001360B,,,21X000000001360B/IT,2023-10-26 15:35:51,2023-03-18,2023-03-19,266.8,274.3,244.946,29.3123,[],C,73.95,468.84,250,1584.99
company,21X000000001360B,,Terminale GNL Adriatico S.r.l.,Adriatic LNG,21X000000001360B,,,21X000000001360B/IT,2023-10-26 15:35:51,2023-03-19,2023-03-20,266.6,274.3,244.946,29.3123,[],C,197.62,1252.87,250,1584.95
company,21X000000001360B,,Terminale GNL Adriatico S.r.l.,Adriatic LNG,21X000000001360B,,,21X000000001360B/IT,2023-10-26 15:35:52,2023-03-20,2023-03-21,267.7,274.3,244.946,29.3123,[],C,154.07,976.79,250,1584.98
company,21X000000001360B,,Terminale GNL Adriatico S.r.l.,Adriatic LNG,21X000000001360B,,,21X000000001360B/IT,2023-10-26 15:35:52,2023-03-21,2023-03-22,268,274.3,244.946,29.3123,[],C,110.56,700.89,250,1584.86
company,21X000000001360B,,Terminale GNL Adriatico S.r.l.,Adriatic LNG,21X000000001360B,,,21X000000001360B/IT,2023-10-26 15:35:53,2023-03-22,2023-03-23,267.5,274.3,244.946,29.3123,[],C,66.96,424.51,250,1584.94
company,21X000000001360B,,Terminale GNL Adriatico S.r.l.,Adriatic LNG,21X000000001360B,,,21X000000001360B/IT,2023-10-26 15:35:53,2023-03-23,2023-03-24,267.8,274.3,244.946,29.3123,[],C,217.84,1381.04,250,1584.92
company,21X000000001360B,,Terminale GNL Adriatico S.r.l.,Adriatic LNG,21X000000001360B,,,21X000000001360B/IT,2023-10-26 15:35:54,2023-03-24,2023-03-25,264.9,274.3,244.946,29.3123,[],C,188.9,1197.56,250,1584.91
company,21X000000001360B,,Terminale GNL Adriatico S.r.l.,Adriatic LNG,21X000000001360B,,,21X000000001360B/IT,2023-10-26 15:35:54,2023-03-25,2023-03-26,270.3,274.3,244.946,29.3123,[],C,145,919.27,250,1584.95
company,21X000000001360B,,Terminale GNL Adriatico S.r.l.,Adriatic LNG,21X000000001360B,,,21X000000001360B/IT,2023-10-26 15:35:54,2023-03-26,2023-03-27,272.2,274.3,244.946,29.3123,[],C,101.51,643.53,250,1584.89
company,21X000000001360B,,Terminale GNL Adriatico S.r.l.,Adriatic LNG,21X000000001360B,,,21X000000001360B/IT,2023-10-26 15:35:55,2023-03-27,2023-03-28,271.7,274.3,244.946,29.3123,[],C,59.63,378.05,250,1584.98
company,21X000000001360B,,Terminale GNL Adriatico S.r.l.,Adriatic LNG,21X000000001360B,,,21X000000001360B/IT,2023-10-26 15:35:55,2023-03-28,2023-03-29,271.4,274.3,244.946,29.3123,[],C,187.61,1189.4,250,1584.94
company,21X000000001360B,,Terminale GNL Adriatico S.r.l.,Adriatic LNG,21X000000001360B,,,21X000000001360B/IT,2023-10-26 15:35:56,2023-03-29,2023-03-30,272.4,274.3,244.946,29.3123,[],C,178.72,1133,250,1584.88
company,21X000000001360B,,Terminale GNL Adriatico S.r.l.,Adriatic LNG,21X000000001360B,,,21X000000001360B/IT,2023-10-26 15:35:56,2023-03-30,2023-03-31,272.7,274.3,244.946,29.3123,[],C,135.03,856.04,250,1584.91
company,21X000000001360B,,Terminale GNL Adriatico S.r.l.,Adriatic LNG,21X000000001360B,,,21X000000001360B/IT,2023-10-26 15:35:57,2023-03-31,2023-04-01,272.7,274.3,244.946,29.3123,[],C,135.03,856.04,250,1584.91
company,21X000000001360B,,Terminale GNL Adriatico S.r.l.,Adriatic LNG,21X000000001360B,,,21X000000001360B/IT,2023-10-26 15:35:57,2023-04-01,2023-04-02,272.4,274.3,243.3264,30.9319,[],C,173.95,1102.8,250,1584.94
company,21X000000001360B,,Terminale GNL Adriatico S.r.l.,Adriatic LNG,21X000000001360B,,,21X000000001360B/IT,2023-10-26 15:35:58,2023-04-02,2023-04-03,272.3,274.3,243.3264,30.9319,[],C,211.65,1341.81,250,1584.94
company,21X000000001360B,,Terminale GNL Adriatico S.r.l.,Adriatic LNG,21X000000001360B,,,21X000000001360B/IT,2023-10-26 15:35:58,2023-04-03,2023-04-04,272.5,274.3,243.3264,30.9319,[],C,167.98,1064.94,250,1584.92
company,21X000000001360B,,Terminale GNL Adriatico S.r.l.,Adriatic LNG,21X000000001360B,,,21X000000001360B/IT,2023-10-26 15:35:59,2023-04-04,2023-04-05,272.4,274.3,243.3264,30.9319,[],C,124.42,788.79,250,1584.93
company,21X000000001360B,,Terminale GNL Adriatico S.r.l.,Adriatic LNG,21X000000001360B,,,21X000000001360B/IT,2023-10-26 15:35:59,2023-04-05,2023-04-06,272.3,274.3,243.3264,30.9319,[],C,80.57,510.78,250,1584.9
company,21X000000001360B,,Terminale GNL Adriatico S.r.l.,Adriatic LNG,21X000000001360B,,,21X000000001360B/IT,2023-10-26 15:36:00,2023-04-06,2023-04-07,268.7,274.3,243.3264,30.9319,[],C,190.37,1206.9,250,1584.94
company,21X000000001360B,,Terminale GNL Adriatico S.r.l.,Adriatic LNG,21X000000001360B,,,21X000000001360B/IT,2023-10-26 15:36:00,2023-04-07,2023-04-08,223.9,274.3,243.3264,30.9319,[],C,154.76,981.11,250,1584.89
company,21X000000001360B,,Terminale GNL Adriatico S.r.l.,Adriatic LNG,21X000000001360B,,,21X000000001360B/IT,2023-10-26 15:36:01,2023-04-08,2023-04-09,221.8,274.3,243.3264,30.9319,[],C,118.65,752.2,250,1584.91
company,21X000000001360B,,Terminale GNL Adriatico S.r.l.,Adriatic LNG,21X000000001360B,,,21X000000001360B/IT,2023-10-26 15:36:01,2023-04-09,2023-04-10,222.5,274.3,243.3264,30.9319,[],C,144.95,918.92,250,1584.89
company,21X000000001360B,,Terminale GNL Adriatico S.r.l.,Adriatic LNG,21X000000001360B,,,21X000000001360B/IT,2023-10-26 15:36:02,2023-04-10,2023-04-11,134.1,274.3,243.3264,30.9319,[],C,209.96,1331.11,250,1584.96
company,21X000000001360B,,Terminale GNL Adriatico S.r.l.,Adriatic LNG,21X000000001360B,,,21X000000001360B/IT,2023-10-26 15:36:02,2023-04-11,2023-04-12,134,274.3,243.3264,30.9319,[],C,188.11,1192.59,250,1584.96
company,21X000000001360B,,Terminale GNL Adriatico S.r.l.,Adriatic LNG,21X000000001360B,,,21X000000001360B/IT,2023-10-26 15:36:03,2023-04-12,2023-04-13,133.9,274.3,243.3264,30.9319,[],C,166.24,1053.93,250,1584.95
company,21X000000001360B,,Terminale GNL Adriatico S.r.l.,Adriatic LNG,21X000000001360B,,,21X000000001360B/IT,2023-10-26 15:36:03,2023-04-13,2023-04-14,133.4,274.3,243.3264,30.9319,[],C,150.26,952.59,250,1584.9
company,21X000000001360B,,Terminale GNL Adriatico S.r.l.,Adriatic LNG,21X000000001360B,,,21X000000001360B/IT,2023-10-26 15:36:04,2023-04-14,2023-04-15,184.9,274.3,243.3264,30.9319,[],C,113.64,720.44,250,1584.92
company,21X000000001360B,,Terminale GNL Adriatico S.r.l.,Adriatic LNG,21X000000001360B,,,21X000000001360B/IT,2023-10-26 15:36:04,2023-04-15,2023-04-16,223.3,274.3,243.3264,30.9319,[],C,77.2,489.42,250,1584.91
company,21X000000001360B,,Terminale GNL Adriatico S.r.l.,Adriatic LNG,21X000000001360B,,,21X000000001360B/IT,2023-10-26 15:36:05,2023-04-16,2023-04-17,223.4,274.3,243.3264,30.9319,[],C,40.72,258.13,250,1584.79
company,21X000000001360B,,Terminale GNL Adriatico S.r.l.,Adriatic LNG,21X000000001360B,,,21X000000001360B/IT,2023-10-26 15:36:06,2023-04-17,2023-04-18,270.5,274.3,243.3264,30.9319,[],C,149.09,945.2,250,1584.95
company,21X000000001360B,,Terminale GNL Adriatico S.r.l.,Adriatic LNG,21X000000001360B,,,21X000000001360B/IT,2023-10-26 15:36:06,2023-04-18,2023-04-19,271.8,274.3,243.3264,30.9319,[],C,167.63,1062.72,250,1584.92
company,21X000000001360B,,Terminale GNL Adriatico S.r.l.,Adriatic LNG,21X000000001360B,,,21X000000001360B/IT,2023-10-26 15:36:07,2023-04-19,2023-04-20,271.6,274.3,243.3264,30.9319,[],C,124.06,786.52,250,1584.96
company,21X000000001360B,,Terminale GNL Adriatico S.r.l.,Adriatic LNG,21X000000001360B,,,21X000000001360B/IT,2023-10-26 15:36:07,2023-04-20,2023-04-21,273.1,274.3,243.3264,30.9319,[],C,80.12,507.96,250,1585
company,21X000000001360B,,Terminale GNL Adriatico S.r.l.,Adriatic LNG,21X000000001360B,,,21X000000001360B/IT,2023-10-26 15:36:08,2023-04-21,2023-04-22,271.2,274.3,243.3264,30.9319,[],C,237.92,1508.36,250,1584.94
company,21X000000001360B,,Terminale GNL Adriatico S.r.l.,Adriatic LNG,21X000000001360B,,,21X000000001360B/IT,2023-10-26 15:36:08,2023-04-22,2023-04-23,271.3,274.3,243.3264,30.9319,[],C,200.29,1269.76,250,1584.9
company,21X000000001360B,,Terminale GNL Adriatico S.r.l.,Adriatic LNG,21X000000001360B,,,21X000000001360B/IT,2023-10-26 15:36:09,2023-04-23,2023-04-24,271.4,274.3,243.3264,30.9319,[],C,156.72,993.55,250,1584.91
company,21X000000001360B,,Terminale GNL Adriatico S.r.l.,Adriatic LNG,21X000000001360B,,,21X000000001360B/IT,2023-10-26 15:36:09,2023-04-24,2023-04-25,270.8,274.3,243.3264,30.9319,[],C,113.27,718.07,250,1584.86
company,21X000000001360B,,Terminale GNL Adriatico S.r.l.,Adriatic LNG,21X000000001360B,,,21X000000001360B/IT,2023-10-26 15:36:10,2023-04-25,2023-04-26,271.3,274.3,243.3264,30.9319,[],C,69.76,442.27,250,1584.97
company,21X000000001360B,,Terminale GNL Adriatico S.r.l.,Adriatic LNG,21X000000001360B,,,21X000000001360B/IT,2023-10-26 15:36:10,2023-04-26,2023-04-27,271.5,274.3,243.3264,30.9319,[],C,235.57,1493.42,250,1584.9
company,21X000000001360B,,Terminale GNL Adriatico S.r.l.,Adriatic LNG,21X000000001360B,,,21X000000001360B/IT,2023-10-26 15:36:11,2023-04-27,2023-04-28,271.9,274.3,243.3264,30.9319,[],C,195.36,1238.52,250,1584.92
company,21X000000001360B,,Terminale GNL Adriatico S.r.l.,Adriatic LNG,21X000000001360B,,,21X000000001360B/IT,2023-10-26 15:36:11,2023-04-28,2023-04-29,272.6,274.3,243.3264,30.9319,[],C,151.79,962.3,250,1584.92
company,21X000000001360B,,Terminale GNL Adriatico S.r.l.,Adriatic LNG,21X000000001360B,,,21X000000001360B/IT,2023-10-26 15:36:12,2023-04-29,2023-04-30,272.5,274.3,243.3264,30.9319,[],C,107.94,684.31,250,1584.93
company,21X000000001360B,,Terminale GNL Adriatico S.r.l.,Adriatic LNG,21X000000001360B,,,21X000000001360B/IT,2023-10-26 15:36:12,2023-04-30,2023-05-01,272.7,274.3,243.3264,30.9319,[],C,64.73,410.4,250,1585.05
company,21X000000001360B,,Terminale GNL Adriatico S.r.l.,Adriatic LNG,21X000000001360B,,,21X000000001360B/IT,2023-10-26 15:36:13,2023-05-01,2023-05-02,134.6,274.3,270.6775,3.5808,[],C,43.9,278.33,250,1585.02
company,21X000000001360B,,Terminale GNL Adriatico S.r.l.,Adriatic LNG,21X000000001360B,,,21X000000001360B/IT,2023-10-26 15:36:14,2023-05-02,2023-05-03,134.6,274.3,270.6775,3.5808,[],C,21.9,138.83,250,1584.82
company,21X000000001360B,,Terminale GNL Adriatico S.r.l.,Adriatic LNG,21X000000001360B,,,21X000000001360B/IT,2023-10-26 15:36:14,2023-05-03,2023-05-04,82.9,274.3,270.6775,3.5808,[],C,9.33,59.15,250,1584.94
company,21X000000001360B,,Terminale GNL Adriatico S.r.l.,Adriatic LNG,21X000000001360B,,,21X000000001360B/IT,2023-10-26 15:36:15,2023-05-04,2023-05-05,176.1,274.3,270.6775,3.5808,[],C,192.6,1221.01,250,1584.9
company,21X000000001360B,,Terminale GNL Adriatico S.r.l.,Adriatic LNG,21X000000001360B,,,21X000000001360B/IT,2023-10-26 15:36:16,2023-05-05,2023-05-06,269.9,274.3,270.6775,3.5808,[],C,148.88,943.83,250,1584.88
company,21X000000001360B,,Terminale GNL Adriatico S.r.l.,Adriatic LNG,21X000000001360B,,,21X000000001360B/IT,2023-10-26 15:36:16,2023-05-06,2023-05-07,268.8,274.3,270.6775,3.5808,[],C,105.67,669.93,250,1584.96
company,21X000000001360B,,Terminale GNL Adriatico S.r.l.,Adriatic LNG,21X000000001360B,,,21X000000001360B/IT,2023-10-26 15:36:17,2023-05-07,2023-05-08,270.6,274.3,270.6775,3.5808,[],C,62.17,394.17,250,1585.05
company,21X000000001360B,,Terminale GNL Adriatico S.r.l.,Adriatic LNG,21X000000001360B,,,21X000000001360B/IT,2023-10-26 15:36:18,2023-05-08,2023-05-09,272.8,274.3,270.6775,3.5808,[],C,204.22,1294.72,250,1584.96
company,21X000000001360B,,Terminale GNL Adriatico S.r.l.,Adriatic LNG,21X000000001360B,,,21X000000001360B/IT,2023-10-26 15:36:19,2023-05-09,2023-05-10,272.4,274.3,270.6775,3.5808,[],C,182.05,1154.13,250,1584.91
company,21X000000001360B,,Terminale GNL Adriatico S.r.l.,Adriatic LNG,21X000000001360B,,,21X000000001360B/IT,2023-10-26 15:36:19,2023-05-10,2023-05-11,272.7,274.3,270.6775,3.5808,[],C,138.36,877.14,250,1584.89
company,21X000000001360B,,Terminale GNL Adriatico S.r.l.,Adriatic LNG,21X000000001360B,,,21X000000001360B/IT,2023-10-26 15:36:20,2023-05-11,2023-05-12,273.7,274.3,270.6775,3.5808,[],C,94.5,599.12,250,1584.97
company,21X000000001360B,,Terminale GNL Adriatico S.r.l.,Adriatic LNG,21X000000001360B,,,21X000000001360B/IT,2023-10-26 15:36:21,2023-05-12,2023-05-13,273.6,274.3,270.6775,3.5808,[],C,182.89,1159.46,250,1584.91
company,21X000000001360B,,Terminale GNL Adriatico S.r.l.,Adriatic LNG,21X000000001360B,,,21X000000001360B/IT,2023-10-26 15:36:21,2023-05-13,2023-05-14,273.6,274.3,270.6775,3.5808,[],C,214.27,1358.44,250,1584.96
company,21X000000001360B,,Terminale GNL Adriatico S.r.l.,Adriatic LNG,21X000000001360B,,,21X000000001360B/IT,2023-10-26 15:36:22,2023-05-14,2023-05-15,273.8,274.3,270.6775,3.5808,[],C,170.5,1080.93,250,1584.94
company,21X000000001360B,,Terminale GNL Adriatico S.r.l.,Adriatic LNG,21X000000001360B,,,21X000000001360B/IT,2023-10-26 15:36:22,2023-05-15,2023-05-16,273.8,274.3,270.6775,3.5808,[],C,126.56,802.32,250,1584.86
company,21X000000001360B,,Terminale GNL Adriatico S.r.l.,Adriatic LNG,21X000000001360B,,,21X000000001360B/IT,2023-10-26 15:36:23,2023-05-16,2023-05-17,270.7,274.3,270.6775,3.5808,[],C,83.25,527.78,250,1584.92
company,21X000000001360B,,Terminale GNL Adriatico S.r.l.,Adriatic LNG,21X000000001360B,,,21X000000001360B/IT,2023-10-26 15:36:23,2023-05-17,2023-05-18,270.7,274.3,270.6775,3.5808,[],C,39.74,251.95,250,1584.99
company,21X000000001360B,,Terminale GNL Adriatico S.r.l.,Adriatic LNG,21X000000001360B,,,21X000000001360B/IT,2023-10-26 15:36:24,2023-05-18,2023-05-19,270.6,274.3,270.6775,3.5808,[],C,70.79,448.77,250,1584.86
company,21X000000001360B,,Terminale GNL Adriatico S.r.l.,Adriatic LNG,21X000000001360B,,,21X000000001360B/IT,2023-10-26 15:36:24,2023-05-19,2023-05-20,268.8,274.3,270.6775,3.5808,[],C,117.59,745.46,250,1584.87
company,21X000000001360B,,Terminale GNL Adriatico S.r.l.,Adriatic LNG,21X000000001360B,,,21X000000001360B/IT,2023-10-26 15:36:25,2023-05-20,2023-05-21,268.2,274.3,270.6775,3.5808,[],C,220.99,1400.99,250,1584.9
company,21X000000001360B,,Terminale GNL Adriatico S.r.l.,Adriatic LNG,21X000000001360B,,,21X000000001360B/IT,2023-10-26 15:36:26,2023-05-21,2023-05-22,223,274.3,270.6775,3.5808,[],C,187.79,1190.53,250,1584.92
company,21X000000001360B,,Terminale GNL Adriatico S.r.l.,Adriatic LNG,21X000000001360B,,,21X000000001360B/IT,2023-10-26 15:36:26,2023-05-22,2023-05-23,222.5,274.3,270.6775,3.5808,[],C,151.41,959.88,250,1584.9
company,21X000000001360B,,Terminale GNL Adriatico S.r.l.,Adriatic LNG,21X000000001360B,,,21X000000001360B/IT,2023-10-26 15:36:27,2023-05-23,2023-05-24,261.3,274.3,270.6775,3.5808,[],C,189.56,1201.77,250,1584.95
company,21X000000001360B,,Terminale GNL Adriatico S.r.l.,Adriatic LNG,21X000000001360B,,,21X000000001360B/IT,2023-10-26 15:36:28,2023-05-24,2023-05-25,262.5,274.3,270.6775,3.5808,[],C,213.43,1353.08,250,1584.92
company,21X000000001360B,,Terminale GNL Adriatico S.r.l.,Adriatic LNG,21X000000001360B,,,21X000000001360B/IT,2023-10-26 15:36:28,2023-05-25,2023-05-26,222.4,274.3,270.6775,3.5808,[],C,177.64,1126.19,250,1584.93
company,21X000000001360B,,Terminale GNL Adriatico S.r.l.,Adriatic LNG,21X000000001360B,,,21X000000001360B/IT,2023-10-26 15:36:29,2023-05-26,2023-05-27,223.5,274.3,270.6775,3.5808,[],C,141.41,896.47,250,1584.88
company,21X000000001360B,,Terminale GNL Adriatico S.r.l.,Adriatic LNG,21X000000001360B,,,21X000000001360B/IT,2023-10-26 15:36:29,2023-05-27,2023-05-28,223.4,274.3,270.6775,3.5808,[],C,104.87,664.85,250,1584.94
company,21X000000001360B,,Terminale GNL Adriatico S.r.l.,Adriatic LNG,21X000000001360B,,,21X000000001360B/IT,2023-10-26 15:36:30,2023-05-28,2023-05-29,267.2,274.3,270.6775,3.5808,[],C,139.34,883.4,250,1584.97
company,21X000000001360B,,Terminale GNL Adriatico S.r.l.,Adriatic LNG,21X000000001360B,,,21X000000001360B/IT,2023-10-26 15:36:30,2023-05-29,2023-05-30,269.9,274.3,270.6775,3.5808,[],C,225.08,1426.96,250,1584.95
company,21X000000001360B,,Terminale GNL Adriatico S.r.l.,Adriatic LNG,21X000000001360B,,,21X000000001360B/IT,2023-10-26 15:36:31,2023-05-30,2023-05-31,254.5,274.3,270.6775,3.5808,[],C,184.32,1168.51,250,1584.89
company,21X000000001360B,,Terminale GNL Adriatico S.r.l.,Adriatic LNG,21X000000001360B,,,21X000000001360B/IT,2023-10-26 15:36:31,2023-05-31,2023-06-01,254.6,274.3,270.6775,3.5808,[],C,143.73,911.19,250,1584.9
company,21X000000001360B,,Terminale GNL Adriatico S.r.l.,Adriatic LNG,21X000000001360B,,,21X000000001360B/IT,2023-10-26 15:36:32,2023-06-01,2023-06-02,206.9,274.3,215.8028,58.4555,[],C,110.67,701.63,250,1584.96
company,21X000000001360B,,Terminale GNL Adriatico S.r.l.,Adriatic LNG,21X000000001360B,,,21X000000001360B/IT,2023-10-26 15:36:33,2023-06-02,2023-06-03,196.2,274.3,215.8028,58.4555,[],C,79.04,501.09,250,1584.93
company,21X000000001360B,,Terminale GNL Adriatico S.r.l.,Adriatic LNG,21X000000001360B,,,21X000000001360B/IT,2023-10-26 15:36:33,2023-06-03,2023-06-04,195.5,274.3,215.8028,58.4555,[],C,147.22,933.31,250,1584.89
company,21X000000001360B,,Terminale GNL Adriatico S.r.l.,Adriatic LNG,21X000000001360B,,,21X000000001360B/IT,2023-10-26 15:36:33,2023-06-04,2023-06-05,197.3,274.3,215.8028,58.4555,[],C,223.04,1413.99,250,1584.91
company,21X000000001360B,,Terminale GNL Adriatico S.r.l.,Adriatic LNG,21X000000001360B,,,21X000000001360B/IT,2023-10-26 15:36:34,2023-06-05,2023-06-06,196.4,274.3,215.8028,58.4555,[],C,191.52,1214.21,250,1584.97
company,21X000000001360B,,Terminale GNL Adriatico S.r.l.,Adriatic LNG,21X000000001360B,,,21X000000001360B/IT,2023-10-26 15:36:34,2023-06-06,2023-06-07,197,274.3,215.8028,58.4555,[],C,159.69,1012.37,250,1584.9
company,21X000000001360B,,Terminale GNL Adriatico S.r.l.,Adriatic LNG,21X000000001360B,,,21X000000001360B/IT,2023-10-26 15:36:35,2023-06-07,2023-06-08,197.5,274.3,215.8028,58.4555,[],C,127.92,810.99,250,1584.96
company,21X000000001360B,,Terminale GNL Adriatico S.r.l.,Adriatic LNG,21X000000001360B,,,21X000000001360B/IT,2023-10-26 15:36:35,2023-06-08,2023-06-09,129.2,274.3,215.8028,58.4555,[],C,173.61,1100.64,250,1584.93
company,21X000000001360B,,Terminale GNL Adriatico S.r.l.,Adriatic LNG,21X000000001360B,,,21X000000001360B/IT,2023-10-26 15:36:36,2023-06-09,2023-06-10,197,274.3,215.8028,58.4555,[],C,224.82,1425.27,250,1584.9
company,21X000000001360B,,Terminale GNL Adriatico S.r.l.,Adriatic LNG,21X000000001360B,,,21X000000001360B/IT,2023-10-26 15:36:36,2023-06-10,2023-06-11,196.8,274.3,215.8028,58.4555,[],C,192.8,1222.27,250,1584.89
company,21X000000001360B,,Terminale GNL Adriatico S.r.l.,Adriatic LNG,21X000000001360B,,,21X000000001360B/IT,2023-10-26 15:36:37,2023-06-11,2023-06-12,196.8,274.3,215.8028,58.4555,[],C,160.77,1019.23,250,1584.92
company,21X000000001360B,,Terminale GNL Adriatico S.r.l.,Adriatic LNG,21X000000001360B,,,21X000000001360B/IT,2023-10-26 15:36:37,2023-06-12,2023-06-13,217.3,274.3,215.8028,58.4555,[],C,128.28,813.27,250,1584.95
company,21X000000001360B,,Terminale GNL Adriatico S.r.l.,Adriatic LNG,21X000000001360B,,,21X000000001360B/IT,2023-10-26 15:36:38,2023-06-13,2023-06-14,263.7,274.3,215.8028,58.4555,[],C,82.31,521.83,250,1584.95
company,21X000000001360B,,Terminale GNL Adriatico S.r.l.,Adriatic LNG,21X000000001360B,,,21X000000001360B/IT,2023-10-26 15:36:38,2023-06-14,2023-06-15,262.9,274.3,215.8028,58.4555,[],C,137.29,870.38,250,1584.93
company,21X000000001360B,,Terminale GNL Adriatico S.r.l.,Adriatic LNG,21X000000001360B,,,21X000000001360B/IT,2023-10-26 15:36:39,2023-06-15,2023-06-16,264.6,274.3,215.8028,58.4555,[],C,205.22,1301.04,250,1584.93
company,21X000000001360B,,Terminale GNL Adriatico S.r.l.,Adriatic LNG,21X000000001360B,,,21X000000001360B/IT,2023-10-26 15:36:39,2023-06-16,2023-06-17,272.9,274.3,215.8028,58.4555,[],C,161.61,1024.53,250,1584.88
company,21X000000001360B,,Terminale GNL Adriatico S.r.l.,Adriatic LNG,21X000000001360B,,,21X000000001360B/IT,2023-10-26 15:36:40,2023-06-17,2023-06-18,217.7,274.3,215.8028,58.4555,[],C,127.04,805.42,250,1584.97
company,21X000000001360B,,Terminale GNL Adriatico S.r.l.,Adriatic LNG,21X000000001360B,,,21X000000001360B/IT,2023-10-26 15:36:41,2023-06-18,2023-06-19,216.7,274.3,215.8028,58.4555,[],C,92.64,587.31,250,1584.93
company,21X000000001360B,,Terminale GNL Adriatico S.r.l.,Adriatic LNG,21X000000001360B,,,21X000000001360B/IT,2023-10-26 15:36:41,2023-06-19,2023-06-20,133.4,274.3,215.8028,58.4555,[],C,71.91,455.92,250,1585.04
company,21X000000001360B,,Terminale GNL Adriatico S.r.l.,Adriatic LNG,21X000000001360B,,,21X000000001360B/IT,2023-10-26 15:36:42,2023-06-20,2023-06-21,60.9,274.3,215.8028,58.4555,[],C,62.19,394.27,250,1584.94
company,21X000000001360B,,Terminale GNL Adriatico S.r.l.,Adriatic LNG,21X000000001360B,,,21X000000001360B/IT,2023-10-26 15:36:42,2023-06-21,2023-06-22,61.9,274.3,215.8028,58.4555,[],C,52.08,330.16,250,1584.87
company,21X000000001360B,,Terminale GNL Adriatico S.r.l.,Adriatic LNG,21X000000001360B,,,21X000000001360B/IT,2023-10-26 15:36:43,2023-06-22,2023-06-23,134.3,274.3,215.8028,58.4555,[],C,28.68,181.83,250,1584.99
company,21X000000001360B,,Terminale GNL Adriatico S.r.l.,Adriatic LNG,21X000000001360B,,,21X000000001360B/IT,2023-10-26 15:36:43,2023-06-23,2023-06-24,271.1,274.3,215.8028,58.4555,[],C,193.3,1225.45,250,1584.91
company,21X000000001360B,,Terminale GNL Adriatico S.r.l.,Adriatic LNG,21X000000001360B,,,21X000000001360B/IT,2023-10-26 15:36:44,2023-06-24,2023-06-25,263.5,274.3,215.8028,58.4555,[],C,156.22,990.4,250,1584.94
company,21X000000001360B,,Terminale GNL Adriatico S.r.l.,Adriatic LNG,21X000000001360B,,,21X000000001360B/IT,2023-10-26 15:36:44,2023-06-25,2023-06-26,272.9,274.3,215.8028,58.4555,[],C,112.52,713.36,250,1584.96
company,21X000000001360B,,Terminale GNL Adriatico S.r.l.,Adriatic LNG,21X000000001360B,,,21X000000001360B/IT,2023-10-26 15:36:44,2023-06-26,2023-06-27,272.8,274.3,215.8028,58.4555,[],C,68.64,435.13,250,1584.83
company,21X000000001360B,,Terminale GNL Adriatico S.r.l.,Adriatic LNG,21X000000001360B,,,21X000000001360B/IT,2023-10-26 15:36:45,2023-06-27,2023-06-28,272.8,274.3,215.8028,58.4555,[],C,24.8,157.25,250,1585.18
company,21X000000001360B,,Terminale GNL Adriatico S.r.l.,Adriatic LNG,21X000000001360B,,,21X000000001360B/IT,2023-10-26 15:36:45,2023-06-28,2023-06-29,273.1,274.3,215.8028,58.4555,[],C,170.13,1078.57,250,1584.92
company,21X000000001360B,,Terminale GNL Adriatico S.r.l.,Adriatic LNG,21X000000001360B,,,21X000000001360B/IT,2023-10-26 15:36:46,2023-06-29,2023-06-30,273,274.3,215.8028,58.4555,[],C,151.64,961.35,250,1584.92
company,21X000000001360B,,Terminale GNL Adriatico S.r.l.,Adriatic LNG,21X000000001360B,,,21X000000001360B/IT,2023-10-26 15:36:46,2023-06-30,2023-07-01,272.2,274.3,215.8028,58.4555,[],C,108.08,685.18,250,1584.89
company,21X000000001360B,,Terminale GNL Adriatico S.r.l.,Adriatic LNG,21X000000001360B,,,21X000000001360B/IT,2023-10-26 15:36:47,2023-07-01,2023-07-02,270.1,274.3,214.6724,59.5859,[],C,64.84,411.09,250,1585.02
company,21X000000001360B,,Terminale GNL Adriatico S.r.l.,Adriatic LNG,21X000000001360B,,,21X000000001360B/IT,2023-10-26 15:36:47,2023-07-02,2023-07-03,270.2,274.3,214.6724,59.5859,[],C,215.12,1363.78,250,1584.91
company,21X000000001360B,,Terminale GNL Adriatico S.r.l.,Adriatic LNG,21X000000001360B,,,21X000000001360B/IT,2023-10-26 15:36:47,2023-07-03,2023-07-04,270.2,274.3,214.6724,59.5859,[],C,185.77,1177.7,250,1584.89
company,21X000000001360B,,Terminale GNL Adriatico S.r.l.,Adriatic LNG,21X000000001360B,,,21X000000001360B/IT,2023-10-26 15:36:48,2023-07-04,2023-07-05,270.7,274.3,214.6724,59.5859,[],C,225.78,1431.4,250,1584.95
company,21X000000001360B,,Terminale GNL Adriatico S.r.l.,Adriatic LNG,21X000000001360B,,,21X000000001360B/IT,2023-10-26 15:36:48,2023-07-05,2023-07-06,279.6,274.3,214.6724,59.5859,[],C,192.47,1220.18,250,1584.9
company,21X000000001360B,,Terminale GNL Adriatico S.r.l.,Adriatic LNG,21X000000001360B,,,21X000000001360B/IT,2023-10-26 15:36:49,2023-07-06,2023-07-07,236.6,274.3,214.6724,59.5859,[],C,147.44,934.71,250,1584.9
company,21X000000001360B,,Terminale GNL Adriatico S.r.l.,Adriatic LNG,21X000000001360B,,,21X000000001360B/IT,2023-10-26 15:36:49,2023-07-07,2023-07-08,270.2,274.3,214.6724,59.5859,[],C,104.51,662.58,250,1584.97
company,21X000000001360B,,Terminale GNL Adriatico S.r.l.,Adriatic LNG,21X000000001360B,,,21X000000001360B/IT,2023-10-26 15:36:50,2023-07-08,2023-07-09,270,274.3,214.6724,59.5859,[],C,221.34,1403.2,250,1584.89
company,21X000000001360B,,Terminale GNL Adriatico S.r.l.,Adriatic LNG,21X000000001360B,,,21X000000001360B/IT,2023-10-26 15:36:50,2023-07-09,2023-07-10,268.6,274.3,214.6724,59.5859,[],C,178.22,1129.84,250,1584.9
company,21X000000001360B,,Terminale GNL Adriatico S.r.l.,Adriatic LNG,21X000000001360B,,,21X000000001360B/IT,2023-10-26 15:36:51,2023-07-10,2023-07-11,269.9,274.3,214.6724,59.5859,[],C,134.64,853.61,250,1584.99
company,21X000000001360B,,Terminale GNL Adriatico S.r.l.,Adriatic LNG,21X000000001360B,,,21X000000001360B/IT,2023-10-26 15:36:51,2023-07-11,2023-07-12,268.8,274.3,214.6724,59.5859,[],C,90.95,576.58,250,1584.88
company,21X000000001360B,,Terminale GNL Adriatico S.r.l.,Adriatic LNG,21X000000001360B,,,21X000000001360B/IT,2023-10-26 15:36:52,2023-07-12,2023-07-13,268.7,274.3,214.6724,59.5859,[],C,47.39,300.43,250,1584.88
company,21X000000001360B,,Terminale GNL Adriatico S.r.l.,Adriatic LNG,21X000000001360B,,,21X000000001360B/IT,2023-10-26 15:36:52,2023-07-13,2023-07-14,269.8,274.3,214.6724,59.5859,[],C,158.35,1003.92,250,1584.97
company,21X000000001360B,,Terminale GNL Adriatico S.r.l.,Adriatic LNG,21X000000001360B,,,21X000000001360B/IT,2023-10-26 15:36:53,2023-07-14,2023-07-15,269.5,274.3,214.6724,59.5859,[],C,175.38,1111.87,250,1584.94
company,21X000000001360B,,Terminale GNL Adriatico S.r.l.,Adriatic LNG,21X000000001360B,,,21X000000001360B/IT,2023-10-26 15:36:53,2023-07-15,2023-07-16,269.8,274.3,214.6724,59.5859,[],C,132.18,837.97,250,1584.9
company,21X000000001360B,,Terminale GNL Adriatico S.r.l.,Adriatic LNG,21X000000001360B,,,21X000000001360B/IT,2023-10-26 15:36:54,2023-07-16,2023-07-17,261.1,274.3,214.6724,59.5859,[],C,90.18,571.69,250,1584.86
company,21X000000001360B,,Terminale GNL Adriatico S.r.l.,Adriatic LNG,21X000000001360B,,,21X000000001360B/IT,2023-10-26 15:36:54,2023-07-17,2023-07-18,269.3,274.3,214.6724,59.5859,[],C,47,297.99,250,1585.05
company,21X000000001360B,,Terminale GNL Adriatico S.r.l.,Adriatic LNG,21X000000001360B,,,21X000000001360B/IT,2023-10-26 15:36:55,2023-07-18,2023-07-19,270.1,274.3,214.6724,59.5859,[],C,193.46,1226.5,250,1584.95
company,21X000000001360B,,Terminale GNL Adriatico S.r.l.,Adriatic LNG,21X000000001360B,,,21X000000001360B/IT,2023-10-26 15:36:56,2023-07-19,2023-07-20,270.4,274.3,214.6724,59.5859,[],C,173.65,1100.88,250,1584.91
company,21X000000001360B,,Terminale GNL Adriatico S.r.l.,Adriatic LNG,21X000000001360B,,,21X000000001360B/IT,2023-10-26 15:36:56,2023-07-20,2023-07-21,269.5,274.3,214.6724,59.5859,[],C,130.33,826.23,250,1584.88
company,21X000000001360B,,Terminale GNL Adriatico S.r.l.,Adriatic LNG,21X000000001360B,,,21X000000001360B/IT,2023-10-26 15:36:57,2023-07-21,2023-07-22,269.8,274.3,214.6724,59.5859,[],C,87.01,551.59,250,1584.85
company,21X000000001360B,,Terminale GNL Adriatico S.r.l.,Adriatic LNG,21X000000001360B,,,21X000000001360B/IT,2023-10-26 15:36:57,2023-07-22,2023-07-23,270,274.3,214.6724,59.5859,[],C,43.76,277.41,250,1584.84
company,21X000000001360B,,Terminale GNL Adriatico S.r.l.,Adriatic LNG,21X000000001360B,,,21X000000001360B/IT,2023-10-26 15:36:58,2023-07-23,2023-07-24,269.9,274.3,214.6724,59.5859,[],C,170.46,1080.67,250,1584.93
company,21X000000001360B,,Terminale GNL Adriatico S.r.l.,Adriatic LNG,21X000000001360B,,,21X000000001360B/IT,2023-10-26 15:36:58,2023-07-24,2023-07-25,269.7,274.3,214.6724,59.5859,[],C,171.84,1089.43,250,1584.95
company,21X000000001360B,,Terminale GNL Adriatico S.r.l.,Adriatic LNG,21X000000001360B,,,21X000000001360B/IT,2023-10-26 15:36:59,2023-07-25,2023-07-26,269.8,274.3,214.6724,59.5859,[],C,128.45,814.36,250,1584.97
company,21X000000001360B,,Terminale GNL Adriatico S.r.l.,Adriatic LNG,21X000000001360B,,,21X000000001360B/IT,2023-10-26 15:36:59,2023-07-26,2023-07-27,271,274.3,214.6724,59.5859,[],C,85.05,539.19,250,1584.92
company,21X000000001360B,,Terminale GNL Adriatico S.r.l.,Adriatic LNG,21X000000001360B,,,21X000000001360B/IT,2023-10-26 15:37:00,2023-07-27,2023-07-28,270.1,274.3,214.6724,59.5859,[],C,41.83,265.17,250,1584.81
company,21X000000001360B,,Terminale GNL Adriatico S.r.l.,Adriatic LNG,21X000000001360B,,,21X000000001360B/IT,2023-10-26 15:37:00,2023-07-28,2023-07-29,270.2,274.3,214.6724,59.5859,[],C,167.67,1062.98,250,1584.93
company,21X000000001360B,,Terminale GNL Adriatico S.r.l.,Adriatic LNG,21X000000001360B,,,21X000000001360B/IT,2023-10-26 15:37:01,2023-07-29,2023-07-30,266.2,274.3,214.6724,59.5859,[],C,170.88,1083.33,250,1584.93
company,21X000000001360B,,Terminale GNL Adriatico S.r.l.,Adriatic LNG,21X000000001360B,,,21X000000001360B/IT,2023-10-26 15:37:01,2023-07-30,2023-07-31,266.9,274.3,214.6724,59.5859,[],C,127.97,811.31,250,1584.96
company,21X000000001360B,,Terminale GNL Adriatico S.r.l.,Adriatic LNG,21X000000001360B,,,21X000000001360B/IT,2023-10-26 15:37:02,2023-07-31,2023-08-01,269,274.3,214.6724,59.5859,[],C,85.41,541.5,250,1585
company,21X000000001360B,,Terminale GNL Adriatico S.r.l.,Adriatic LNG,21X000000001360B,,,21X000000001360B/IT,2023-10-26 15:37:02,2023-08-01,2023-08-02,134.8,274.3,274.2583,0,[],C,64.83,411.01,250,1584.95
company,21X000000001360B,,Terminale GNL Adriatico S.r.l.,Adriatic LNG,21X000000001360B,,,21X000000001360B/IT,2023-10-26 15:37:03,2023-08-02,2023-08-03,62.3,274.3,274.2583,0,[],C,54.94,348.32,250,1585
company,21X000000001360B,,Terminale GNL Adriatico S.r.l.,Adriatic LNG,21X000000001360B,,,21X000000001360B/IT,2023-10-26 15:37:03,2023-08-03,2023-08-04,62.3,274.3,274.2583,0,[],C,44.92,284.78,250,1584.93
company,21X000000001360B,,Terminale GNL Adriatico S.r.l.,Adriatic LNG,21X000000001360B,,,21X000000001360B/IT,2023-10-26 15:37:04,2023-08-04,2023-08-05,62.7,274.3,274.2583,0,[],C,34.75,220.29,250,1584.82
company,21X000000001360B,,Terminale GNL Adriatico S.r.l.,Adriatic LNG,21X000000001360B,,,21X000000001360B/IT,2023-10-26 15:37:05,2023-08-05,2023-08-06,62.3,274.3,274.2583,0,[],C,24.35,154.38,250,1585.01
company,21X000000001360B,,Terminale GNL Adriatico S.r.l.,Adriatic LNG,21X000000001360B,,,21X000000001360B/IT,2023-10-26 15:37:05,2023-08-06,2023-08-07,134.6,274.3,274.2583,0,[],C,158.16,1002.68,250,1584.91
company,21X000000001360B,,Terminale GNL Adriatico S.r.l.,Adriatic LNG,21X000000001360B,,,21X000000001360B/IT,2023-10-26 15:37:05,2023-08-07,2023-08-08,218.8,274.3,274.2583,0,[],C,121.97,773.22,250,1584.86
company,21X000000001360B,,Terminale GNL Adriatico S.r.l.,Adriatic LNG,21X000000001360B,,,21X000000001360B/IT,2023-10-26 15:37:06,2023-08-08,2023-08-09,269.2,274.3,274.2583,0,[],C,78.2,495.8,250,1585.04
company,21X000000001360B,,Terminale GNL Adriatico S.r.l.,Adriatic LNG,21X000000001360B,,,21X000000001360B/IT,2023-10-26 15:37:06,2023-08-09,2023-08-10,269.4,274.3,274.2583,0,[],C,217.9,1381.44,250,1584.95
company,21X000000001360B,,Terminale GNL Adriatico S.r.l.,Adriatic LNG,21X000000001360B,,,21X000000001360B/IT,2023-10-26 15:37:07,2023-08-10,2023-08-11,270.3,274.3,274.2583,0,[],C,203.99,1293.22,250,1584.91
company,21X000000001360B,,Terminale GNL Adriatico S.r.l.,Adriatic LNG,21X000000001360B,,,21X000000001360B/IT,2023-10-26 15:37:07,2023-08-11,2023-08-12,270.2,274.3,274.2583,0,[],C,160.61,1018.24,250,1584.96
company,21X000000001360B,,Terminale GNL Adriatico S.r.l.,Adriatic LNG,21X000000001360B,,,21X000000001360B/IT,2023-10-26 15:37:07,2023-08-12,2023-08-13,270.1,274.3,274.2583,0,[],C,117.27,743.44,250,1584.89
company,21X000000001360B,,Terminale GNL Adriatico S.r.l.,Adriatic LNG,21X000000001360B,,,21X000000001360B/IT,2023-10-26 15:37:08,2023-08-13,2023-08-14,269.8,274.3,274.2583,0,[],C,74.05,469.44,250,1584.88
company,21X000000001360B,,Terminale GNL Adriatico S.r.l.,Adriatic LNG,21X000000001360B,,,21X000000001360B/IT,2023-10-26 15:37:08,2023-08-14,2023-08-15,269.5,274.3,274.2583,0,[],C,218.94,1387.99,250,1584.9
company,21X000000001360B,,Terminale GNL Adriatico S.r.l.,Adriatic LNG,21X000000001360B,,,21X000000001360B/IT,2023-10-26 15:37:09,2023-08-15,2023-08-16,270,274.3,274.2583,0,[],C,194.75,1234.63,250,1584.89
company,21X000000001360B,,Terminale GNL Adriatico S.r.l.,Adriatic LNG,21X000000001360B,,,21X000000001360B/IT,2023-10-26 15:37:09,2023-08-16,2023-08-17,270,274.3,274.2583,0,[],C,151.27,958.98,250,1584.88
company,21X000000001360B,,Terminale GNL Adriatico S.r.l.,Adriatic LNG,21X000000001360B,,,21X000000001360B/IT,2023-10-26 15:37:09,2023-08-17,2023-08-18,269.9,274.3,274.2583,0,[],C,108.1,685.32,250,1584.92
company,21X000000001360B,,Terminale GNL Adriatico S.r.l.,Adriatic LNG,21X000000001360B,,,21X000000001360B/IT,2023-10-26 15:37:10,2023-08-18,2023-08-19,269.3,274.3,274.2583,0,[],C,227.68,1443.43,250,1584.93
company,21X000000001360B,,Terminale GNL Adriatico S.r.l.,Adriatic LNG,21X000000001360B,,,21X000000001360B/IT,2023-10-26 15:37:10,2023-08-19,2023-08-20,271,274.3,274.2583,0,[],C,184.18,1167.67,250,1584.96
company,21X000000001360B,,Terminale GNL Adriatico S.r.l.,Adriatic LNG,21X000000001360B,,,21X000000001360B/IT,2023-10-26 15:37:11,2023-08-20,2023-08-21,269.7,274.3,274.2583,0,[],C,140.63,891.53,250,1584.89
company,21X000000001360B,,Terminale GNL Adriatico S.r.l.,Adriatic LNG,21X000000001360B,,,21X000000001360B/IT,2023-10-26 15:37:11,2023-08-21,2023-08-22,269.1,274.3,274.2583,0,[],C,96.95,614.65,250,1584.97
company,21X000000001360B,,Terminale GNL Adriatico S.r.l.,Adriatic LNG,21X000000001360B,,,21X000000001360B/IT,2023-10-26 15:37:12,2023-08-22,2023-08-23,269.1,274.3,274.2583,0,[],C,53.42,338.69,250,1585.03
company,21X000000001360B,,Terminale GNL Adriatico S.r.l.,Adriatic LNG,21X000000001360B,,,21X000000001360B/IT,2023-10-26 15:37:12,2023-08-23,2023-08-24,269.1,274.3,274.2583,0,[],C,182.62,1157.75,250,1584.92
company,21X000000001360B,,Terminale GNL Adriatico S.r.l.,Adriatic LNG,21X000000001360B,,,21X000000001360B/IT,2023-10-26 15:37:13,2023-08-24,2023-08-25,270.2,274.3,274.2583,0,[],C,173.99,1103.03,250,1584.9
company,21X000000001360B,,Terminale GNL Adriatico S.r.l.,Adriatic LNG,21X000000001360B,,,21X000000001360B/IT,2023-10-26 15:37:13,2023-08-25,2023-08-26,217.5,274.3,274.2583,0,[],C,139.78,886.14,250,1584.88
company,21X000000001360B,,Terminale GNL Adriatico S.r.l.,Adriatic LNG,21X000000001360B,,,21X000000001360B/IT,2023-10-26 15:37:14,2023-08-26,2023-08-27,124.3,274.3,274.2583,0,[],C,120.44,763.54,250,1584.9
company,21X000000001360B,,Terminale GNL Adriatico S.r.l.,Adriatic LNG,21X000000001360B,,,21X000000001360B/IT,2023-10-26 15:37:14,2023-08-27,2023-08-28,124.3,274.3,274.2583,0,[],C,100.44,636.74,250,1584.88
company,21X000000001360B,,Terminale GNL Adriatico S.r.l.,Adriatic LNG,21X000000001360B,,,21X000000001360B/IT,2023-10-26 15:37:14,2023-08-28,2023-08-29,165.5,274.3,274.2583,0,[],C,73.67,467.03,250,1584.87
company,21X000000001360B,,Terminale GNL Adriatico S.r.l.,Adriatic LNG,21X000000001360B,,,21X000000001360B/IT,2023-10-26 15:37:15,2023-08-29,2023-08-30,125.9,274.3,274.2583,0,[],C,53.59,339.73,250,1584.86
company,21X000000001360B,,Terminale GNL Adriatico S.r.l.,Adriatic LNG,21X000000001360B,,,21X000000001360B/IT,2023-10-26 15:37:15,2023-08-30,2023-08-31,124.1,274.3,274.2583,0,[],C,32.62,206.77,250,1584.69
company,21X000000001360B,,Terminale GNL Adriatico S.r.l.,Adriatic LNG,21X000000001360B,,,21X000000001360B/IT,2023-10-26 15:37:16,2023-08-31,2023-09-01,226.7,274.3,274.2583,0,[],C,172.15,1091.37,250,1584.91
company,21X000000001360B,,Terminale GNL Adriatico S.r.l.,Adriatic LNG,21X000000001360B,,,21X000000001360B/IT,2023-10-26 15:37:16,2023-09-01,2023-09-02,268.7,274.3,270.1705,4.0878,[],C,165.54,1049.47,250,1584.92
company,21X000000001360B,,Terminale GNL Adriatico S.r.l.,Adriatic LNG,21X000000001360B,,,21X000000001360B/IT,2023-10-26 15:37:16,2023-09-02,2023-09-03,268.8,274.3,270.1705,4.0878,[],C,122.36,775.71,250,1584.89
company,21X000000001360B,,Terminale GNL Adriatico S.r.l.,Adriatic LNG,21X000000001360B,,,21X000000001360B/IT,2023-10-26 15:37:17,2023-09-03,2023-09-04,269.1,274.3,270.1705,4.0878,[],C,214.1,1357.32,250,1584.91
company,21X000000001360B,,Terminale GNL Adriatico S.r.l.,Adriatic LNG,21X000000001360B,,,21X000000001360B/IT,2023-10-26 15:37:17,2023-09-04,2023-09-05,269.1,274.3,270.1705,4.0878,[],C,201.09,1274.83,250,1584.9
company,21X000000001360B,,Terminale GNL Adriatico S.r.l.,Adriatic LNG,21X000000001360B,,,21X000000001360B/IT,2023-10-26 15:37:17,2023-09-05,2023-09-06,267.7,274.3,270.1705,4.0878,[],C,157.74,1000.03,250,1584.93
company,21X000000001360B,,Terminale GNL Adriatico S.r.l.,Adriatic LNG,21X000000001360B,,,21X000000001360B/IT,2023-10-26 15:37:18,2023-09-06,2023-09-07,267.7,274.3,270.1705,4.0878,[],C,114.54,726.12,250,1584.86
company,21X000000001360B,,Terminale GNL Adriatico S.r.l.,Adriatic LNG,21X000000001360B,,,21X000000001360B/IT,2023-10-26 15:37:18,2023-09-07,2023-09-08,267.6,274.3,270.1705,4.0878,[],C,71.3,452,250,1584.85
company,21X000000001360B,,Terminale GNL Adriatico S.r.l.,Adriatic LNG,21X000000001360B,,,21X000000001360B/IT,2023-10-26 15:37:19,2023-09-08,2023-09-09,267.7,274.3,270.1705,4.0878,[],C,168.04,1065.35,250,1584.96
company,21X000000001360B,,Terminale GNL Adriatico S.r.l.,Adriatic LNG,21X000000001360B,,,21X000000001360B/IT,2023-10-26 15:37:19,2023-09-09,2023-09-10,267.2,274.3,270.1705,4.0878,[],C,146.22,926.97,250,1584.89
company,21X000000001360B,,Terminale GNL Adriatico S.r.l.,Adriatic LNG,21X000000001360B,,,21X000000001360B/IT,2023-10-26 15:37:20,2023-09-10,2023-09-11,266.8,274.3,270.1705,4.0878,[],C,103.04,653.24,250,1584.92
company,21X000000001360B,,Terminale GNL Adriatico S.r.l.,Adriatic LNG,21X000000001360B,,,21X000000001360B/IT,2023-10-26 15:37:21,2023-09-11,2023-09-12,268.8,274.3,270.1705,4.0878,[],C,59.33,376.15,250,1584.99
company,21X000000001360B,,Terminale GNL Adriatico S.r.l.,Adriatic LNG,21X000000001360B,,,21X000000001360B/IT,2023-10-26 15:37:21,2023-09-12,2023-09-13,271,274.3,270.1705,4.0878,[],C,210.65,1335.45,250,1584.92
company,21X000000001360B,,Terminale GNL Adriatico S.r.l.,Adriatic LNG,21X000000001360B,,,21X000000001360B/IT,2023-10-26 15:37:22,2023-09-13,2023-09-14,270,274.3,270.1705,4.0878,[],C,185.72,1177.43,250,1584.95
company,21X000000001360B,,Terminale GNL Adriatico S.r.l.,Adriatic LNG,21X000000001360B,,,21X000000001360B/IT,2023-10-26 15:37:22,2023-09-14,2023-09-15,270,274.3,270.1705,4.0878,[],C,142.4,902.74,250,1584.87
company,21X000000001360B,,Terminale GNL Adriatico S.r.l.,Adriatic LNG,21X000000001360B,,,21X000000001360B/IT,2023-10-26 15:37:23,2023-09-15,2023-09-16,223.7,274.3,270.1705,4.0878,[],C,108.15,685.61,250,1584.86
company,21X000000001360B,,Terminale GNL Adriatico S.r.l.,Adriatic LNG,21X000000001360B,,,21X000000001360B/IT,2023-10-26 15:37:23,2023-09-16,2023-09-17,0,274.3,270.1705,4.0878,[],C,108.15,685.61,250,1584.86
company,21X000000001360B,,Terminale GNL Adriatico S.r.l.,Adriatic LNG,21X000000001360B,,,21X000000001360B/IT,2023-10-26 15:37:24,2023-09-17,2023-09-18,53.9,274.3,270.1705,4.0878,[],C,97.58,618.6,250,1584.85
company,21X000000001360B,,Terminale GNL Adriatico S.r.l.,Adriatic LNG,21X000000001360B,,,21X000000001360B/IT,2023-10-26 15:37:24,2023-09-18,2023-09-19,269.2,274.3,270.1705,4.0878,[],C,53.92,341.82,250,1584.85
company,21X000000001360B,,Terminale GNL Adriatico S.r.l.,Adriatic LNG,21X000000001360B,,,21X000000001360B/IT,2023-10-26 15:37:25,2023-09-19,2023-09-20,269.7,274.3,270.1705,4.0878,[],C,201.59,1278.01,250,1584.91
company,21X000000001360B,,Terminale GNL Adriatico S.r.l.,Adriatic LNG,21X000000001360B,,,21X000000001360B/IT,2023-10-26 15:37:25,2023-09-20,2023-09-21,269.7,274.3,270.1705,4.0878,[],C,174.95,1109.16,250,1584.97
company,21X000000001360B,,Terminale GNL Adriatico S.r.l.,Adriatic LNG,21X000000001360B,,,21X000000001360B/IT,2023-10-26 15:37:26,2023-09-21,2023-09-22,269.8,274.3,270.1705,4.0878,[],C,131.59,834.26,250,1584.96
company,21X000000001360B,,Terminale GNL Adriatico S.r.l.,Adriatic LNG,21X000000001360B,,,21X000000001360B/IT,2023-10-26 15:37:26,2023-09-22,2023-09-23,269.6,274.3,270.1705,4.0878,[],C,88.4,560.42,250,1584.9
company,21X000000001360B,,Terminale GNL Adriatico S.r.l.,Adriatic LNG,21X000000001360B,,,21X000000001360B/IT,2023-10-26 15:37:27,2023-09-23,2023-09-24,271.4,274.3,270.1705,4.0878,[],C,44.77,283.85,250,1585.05
company,21X000000001360B,,Terminale GNL Adriatico S.r.l.,Adriatic LNG,21X000000001360B,,,21X000000001360B/IT,2023-10-26 15:37:27,2023-09-24,2023-09-25,271.1,274.3,270.1705,4.0878,[],C,169.33,1073.48,250,1584.89
company,21X000000001360B,,Terminale GNL Adriatico S.r.l.,Adriatic LNG,21X000000001360B,,,21X000000001360B/IT,2023-10-26 15:37:28,2023-09-25,2023-09-26,271.4,274.3,270.1705,4.0878,[],C,163.95,1039.37,250,1584.89
company,21X000000001360B,,Terminale GNL Adriatico S.r.l.,Adriatic LNG,21X000000001360B,,,21X000000001360B/IT,2023-10-26 15:37:28,2023-09-26,2023-09-27,271.2,274.3,270.1705,4.0878,[],C,120.51,764.01,250,1584.95
company,21X000000001360B,,Terminale GNL Adriatico S.r.l.,Adriatic LNG,21X000000001360B,,,21X000000001360B/IT,2023-10-26 15:37:29,2023-09-27,2023-09-28,271.3,274.3,270.1705,4.0878,[],C,77.02,488.26,250,1584.85
company,21X000000001360B,,Terminale GNL Adriatico S.r.l.,Adriatic LNG,21X000000001360B,,,21X000000001360B/IT,2023-10-26 15:37:30,2023-09-28,2023-09-29,271.3,274.3,270.1705,4.0878,[],C,174.34,1105.29,250,1584.96
company,21X000000001360B,,Terminale GNL Adriatico S.r.l.,Adriatic LNG,21X000000001360B,,,21X000000001360B/IT,2023-10-26 15:37:30,2023-09-29,2023-09-30,271.2,274.3,270.1705,4.0878,[],C,197.57,1252.52,250,1584.91
company,21X000000001360B,,Terminale GNL Adriatico S.r.l.,Adriatic LNG,21X000000001360B,,,21X000000001360B/IT,2023-10-26 15:37:30,2023-09-30,2023-10-01,255.4,274.3,270.1705,4.0878,[],C,156.66,993.16,250,1584.9
company,21X000000001360B,,Terminale GNL Adriatico S.r.l.,Adriatic LNG,21X000000001360B,,,21X000000001360B/IT,2023-10-26 15:37:31,2023-10-01,2023-10-02,251.3,274.3,248.5837,25.6746,[],C,116.24,736.93,250,1584.93
company,21X000000001360B,,Terminale GNL Adriatico S.r.l.,Adriatic LNG,21X000000001360B,,,21X000000001360B/IT,2023-10-26 15:37:31,2023-10-02,2023-10-03,273.1,274.3,248.5837,25.6746,[],C,72.45,459.29,250,1584.85
company,21X000000001360B,,Terminale GNL Adriatico S.r.l.,Adriatic LNG,21X000000001360B,,,21X000000001360B/IT,2023-10-26 15:37:32,2023-10-03,2023-10-04,273.2,274.3,248.5837,25.6746,[],C,225.81,1431.58,250,1584.94
company,21X000000001360B,,Terminale GNL Adriatico S.r.l.,Adriatic LNG,21X000000001360B,,,21X000000001360B/IT,2023-10-26 15:37:32,2023-10-04,2023-10-05,273,274.3,248.5837,25.6746,[],C,192.47,1220.18,250,1584.9
company,21X000000001360B,,Terminale GNL Adriatico S.r.l.,Adriatic LNG,21X000000001360B,,,21X000000001360B/IT,2023-10-26 15:37:32,2023-10-05,2023-10-06,273.1,274.3,248.5837,25.6746,[],C,148.65,942.41,250,1584.95
company,21X000000001360B,,Terminale GNL Adriatico S.r.l.,Adriatic LNG,21X000000001360B,,,21X000000001360B/IT,2023-10-26 15:37:33,2023-10-06,2023-10-07,273.3,274.3,248.5837,25.6746,[],C,104.93,665.24,250,1584.96
company,21X000000001360B,,Terminale GNL Adriatico S.r.l.,Adriatic LNG,21X000000001360B,,,21X000000001360B/IT,2023-10-26 15:37:34,2023-10-07,2023-10-08,264,274.3,248.5837,25.6746,[],C,62.7,397.52,250,1585.01
company,21X000000001360B,,Terminale GNL Adriatico S.r.l.,Adriatic LNG,21X000000001360B,,,21X000000001360B/IT,2023-10-26 15:37:34,2023-10-08,2023-10-09,263.9,274.3,248.5837,25.6746,[],C,187.13,1186.33,250,1584.9
company,21X000000001360B,,Terminale GNL Adriatico S.r.l.,Adriatic LNG,21X000000001360B,,,21X000000001360B/IT,2023-10-26 15:37:35,2023-10-09,2023-10-10,267.3,274.3,248.5837,25.6746,[],C,143.64,910.66,250,1584.97
company,21X000000001360B,,Terminale GNL Adriatico S.r.l.,Adriatic LNG,21X000000001360B,,,21X000000001360B/IT,2023-10-26 15:37:35,2023-10-10,2023-10-11,267.3,274.3,248.5837,25.6746,[],C,100.07,634.41,250,1584.92
company,21X000000001360B,,Terminale GNL Adriatico S.r.l.,Adriatic LNG,21X000000001360B,,,21X000000001360B/IT,2023-10-26 15:37:36,2023-10-11,2023-10-12,267.4,274.3,248.5837,25.6746,[],C,56.58,358.71,250,1584.97
company,21X000000001360B,,Terminale GNL Adriatico S.r.l.,Adriatic LNG,21X000000001360B,,,21X000000001360B/IT,2023-10-26 15:37:37,2023-10-12,2023-10-13,267.6,274.3,248.5837,25.6746,[],C,188.4,1194.41,250,1584.94
company,21X000000001360B,,Terminale GNL Adriatico S.r.l.,Adriatic LNG,21X000000001360B,,,21X000000001360B/IT,2023-10-26 15:37:37,2023-10-13,2023-10-14,267.6,274.3,248.5837,25.6746,[],C,178.08,1129,250,1584.96
company,21X000000001360B,,Terminale GNL Adriatico S.r.l.,Adriatic LNG,21X000000001360B,,,21X000000001360B/IT,2023-10-26 15:37:38,2023-10-14,2023-10-15,235.3,274.3,248.5837,25.6746,[],C,140.6,891.34,250,1584.89
company,21X000000001360B,,Terminale GNL Adriatico S.r.l.,Adriatic LNG,21X000000001360B,,,21X000000001360B/IT,2023-10-26 15:37:39,2023-10-15,2023-10-16,235.3,274.3,248.5837,25.6746,[],C,102.72,651.19,250,1584.87
company,21X000000001360B,,Terminale GNL Adriatico S.r.l.,Adriatic LNG,21X000000001360B,,,21X000000001360B/IT,2023-10-26 15:37:39,2023-10-16,2023-10-17,271.6,274.3,248.5837,25.6746,[],C,58.72,372.26,250,1584.89
company,21X000000001360B,,Terminale GNL Adriatico S.r.l.,Adriatic LNG,21X000000001360B,,,21X000000001360B/IT,2023-10-26 15:37:40,2023-10-17,2023-10-18,271.4,274.3,248.5837,25.6746,[],C,204.41,1295.91,250,1584.94
company,21X000000001360B,,Terminale GNL Adriatico S.r.l.,Adriatic LNG,21X000000001360B,,,21X000000001360B/IT,2023-10-26 15:37:42,2023-10-18,2023-10-19,241.2,274.3,248.5837,25.6746,[],C,184.38,1168.94,250,1584.96
company,21X000000001360B,,Terminale GNL Adriatico S.r.l.,Adriatic LNG,21X000000001360B,,,21X000000001360B/IT,2023-10-26 15:37:42,2023-10-19,2023-10-20,240.3,274.3,248.5837,25.6746,[],C,145.78,924.23,250,1584.97
company,21X000000001360B,,Terminale GNL Adriatico S.r.l.,Adriatic LNG,21X000000001360B,,,21X000000001360B/IT,2023-10-26 15:37:43,2023-10-20,2023-10-21,240.1,274.3,248.5837,25.6746,[],C,107.38,680.76,250,1584.93
company,21X000000001360B,,Terminale GNL Adriatico S.r.l.,Adriatic LNG,21X000000001360B,,,21X000000001360B/IT,2023-10-26 15:37:43,2023-10-21,2023-10-22,188.8,274.3,248.5837,25.6746,[],C,77.38,490.57,250,1584.94
company,21X000000001360B,,Terminale GNL Adriatico S.r.l.,Adriatic LNG,21X000000001360B,,,21X000000001360B/IT,2023-10-26 15:37:44,2023-10-22,2023-10-23,190.2,274.3,248.5837,25.6746,[],C,204.17,1294.35,250,1584.89
company,21X000000001360B,,Terminale GNL Adriatico S.r.l.,Adriatic LNG,21X000000001360B,,,21X000000001360B/IT,2023-10-26 15:37:44,2023-10-23,2023-10-24,266.7,274.3,248.5837,25.6746,[],C,160.91,1020.1,250,1584.89
company,21X000000001360B,,Terminale GNL Adriatico S.r.l.,Adriatic LNG,21X000000001360B,,,21X000000001360B/IT,2023-10-26 15:37:44,2023-10-24,2023-10-25,240,274.3,248.5837,25.6746,[],C,122,773.47,250,1584.98
company,21X000000001360B,,Terminale GNL Adriatico S.r.l.,Adriatic LNG,21X000000001360B,,,21X000000001360B/IT,2023-10-26 15:37:46,2023-10-25,2023-10-26,258.2,274.3,248.5837,25.6746,[],C,80.14,508.06,250,1584.91
company,21X000000001360B,,Terminale GNL Adriatico S.r.l.,Adriatic LNG,21X000000001360B,,,21X000000001360B/IT,2023-10-27 08:09:39,2023-10-26,2023-10-27,231.7,274.3,248.5837,25.6746,[],C,43.33,274.72,250,1585.05
company,21X000000001360B,,Terminale GNL Adriatico S.r.l.,Adriatic LNG,21X000000001360B,,,21X000000001360B/IT,2023-10-30 10:16:26,2023-10-27,2023-10-28,124.6,274.3,248.5837,25.6746,[],C,23.33,147.92,250,1585.08
company,21X000000001360B,,Terminale GNL Adriatico S.r.l.,Adriatic LNG,21X000000001360B,,,21X000000001360B/IT,2023-10-30 10:16:35,2023-10-28,2023-10-29,249,274.3,248.5837,25.6746,[],C,188.55,1195.38,250,1584.96
company,21X000000001360B,,Terminale GNL Adriatico S.r.l.,Adriatic LNG,21X000000001360B,,,21X000000001360B/IT,2023-10-30 10:16:49,2023-10-29,2023-10-30,269.8,274.3,248.5837,25.6746,[],C,145.95,925.28,250,1584.93
company,21X000000001360B,,Terminale GNL Adriatico S.r.l.,Adriatic LNG,21X000000001360B,,,21X000000001360B/IT,2023-10-31 09:04:52,2023-10-30,2023-10-31,269,274.3,248.5837,25.6746,[],C,102.68,650.95,250,1584.9
company,21X000000001360B,,Terminale GNL Adriatico S.r.l.,Adriatic LNG,21X000000001360B,,,21X000000001360B/IT,2023-11-02 09:33:43,2023-10-31,2023-11-01,271.2,274.3,248.5837,25.6746,[],C,112.63,714.02,250,1584.88
company,21X000000001360B,,Terminale GNL Adriatico S.r.l.,Adriatic LNG,21X000000001360B,,,21X000000001360B/IT,2023-11-02 09:33:47,2023-11-01,2023-11-02,272.9,274.3,274.2583,0,[],C,222.97,1413.57,250,1584.93
company,21X000000001360B,,Terminale GNL Adriatico S.r.l.,Adriatic LNG,21X000000001360B,,,21X000000001360B/IT,2023-11-03 09:05:07,2023-11-02,2023-11-03,273,274.3,274.2583,0,[],C,179.27,1136.5,250,1584.9
company,21X000000001360B,,Terminale GNL Adriatico S.r.l.,Adriatic LNG,21X000000001360B,,,21X000000001360B/IT,2023-11-06 09:20:07,2023-11-03,2023-11-04,272.9,274.3,274.2583,0,[],C,135.4,858.4,250,1584.93
company,21X000000001360B,,Terminale GNL Adriatico S.r.l.,Adriatic LNG,21X000000001360B,,,21X000000001360B/IT,2023-11-06 09:20:12,2023-11-04,2023-11-05,272.8,274.3,274.2583,0,[],C,91.65,581.02,250,1584.89
company,21X000000001360B,,Terminale GNL Adriatico S.r.l.,Adriatic LNG,21X000000001360B,,,21X000000001360B/IT,2023-11-06 09:20:17,2023-11-05,2023-11-06,273,274.3,274.2583,0,[],C,47.98,304.17,250,1584.88
company,21X000000001360B,,Terminale GNL Adriatico S.r.l.,Adriatic LNG,21X000000001360B,,,21X000000001360B/IT,2023-11-07 09:16:21,2023-11-06,2023-11-07,240.5,274.3,274.2583,0,[],C,181.46,1150.41,250,1584.94
company,21X000000001360B,,Terminale GNL Adriatico S.r.l.,Adriatic LNG,21X000000001360B,,,21X000000001360B/IT,2023-11-08 09:41:09,2023-11-07,2023-11-08,273.1,274.3,274.2583,0,[],C,173.72,1101.34,250,1584.94
company,21X000000001360B,,Terminale GNL Adriatico S.r.l.,Adriatic LNG,21X000000001360B,,,21X000000001360B/IT,2023-11-09 09:18:35,2023-11-08,2023-11-09,270.1,274.3,274.2583,0,[],C,130.45,827.02,250,1584.94
company,21X000000001360B,,Terminale GNL Adriatico S.r.l.,Adriatic LNG,21X000000001360B,,,21X000000001360B/IT,2023-11-10 09:14:49,2023-11-09,2023-11-10,270.2,274.3,274.2583,0,[],C,87.07,552.01,250,1584.96
company,21X000000001360B,,Terminale GNL Adriatico S.r.l.,Adriatic LNG,21X000000001360B,,,21X000000001360B/IT,2023-11-13 09:01:22,2023-11-10,2023-11-11,270.1,274.3,274.2583,0,[],C,167.08,1059.25,250,1584.94
company,21X000000001360B,,Terminale GNL Adriatico S.r.l.,Adriatic LNG,21X000000001360B,,,21X000000001360B/IT,2023-11-13 09:01:28,2023-11-11,2023-11-12,270.2,274.3,274.2583,0,[],C,215.19,1364.24,250,1584.92
company,21X000000001360B,,Terminale GNL Adriatico S.r.l.,Adriatic LNG,21X000000001360B,,,21X000000001360B/IT,2023-11-13 09:02:01,2023-11-12,2023-11-13,270.3,274.3,274.2583,0,[],C,171.81,1089.25,250,1584.96
company,21X000000001360B,,Terminale GNL Adriatico S.r.l.,Adriatic LNG,21X000000001360B,,,21X000000001360B/IT,2023-11-14 09:03:44,2023-11-13,2023-11-14,270.3,274.3,274.2583,0,[],C,128.28,813.23,250,1584.87
company,21X000000001360B,,Terminale GNL Adriatico S.r.l.,Adriatic LNG,21X000000001360B,,,21X000000001360B/IT,2023-11-15 09:32:07,2023-11-14,2023-11-15,269.4,274.3,274.2583,0,[],C,84.73,537.19,250,1585.01
company,21X000000001360B,,Terminale GNL Adriatico S.r.l.,Adriatic LNG,21X000000001360B,,,21X000000001360B/IT,2023-11-16 09:18:23,2023-11-15,2023-11-16,271.2,274.3,274.2583,0,[],C,203.18,1288.12,250,1584.95
company,21X000000001360B,,Terminale GNL Adriatico S.r.l.,Adriatic LNG,21X000000001360B,,,21X000000001360B/IT,2023-11-17 09:23:00,2023-11-16,2023-11-17,269.9,274.3,274.2583,0,[],C,163.05,1033.66,250,1584.88
company,21X000000001360B,,Terminale GNL Adriatico S.r.l.,Adriatic LNG,21X000000001360B,,,21X000000001360B/IT,2023-11-20 09:02:09,2023-11-17,2023-11-18,269.4,274.3,274.2583,0,[],C,119.52,757.72,250,1584.92
company,21X000000001360B,,Terminale GNL Adriatico S.r.l.,Adriatic LNG,21X000000001360B,,,21X000000001360B/IT,2023-11-20 09:02:09,2023-11-18,2023-11-19,269.4,274.3,274.2583,0,[],C,76.22,483.2,250,1584.89
company,21X000000001360B,,Terminale GNL Adriatico S.r.l.,Adriatic LNG,21X000000001360B,,,21X000000001360B/IT,2023-11-20 09:02:09,2023-11-19,2023-11-20,269.5,274.3,274.2583,0,[],C,32.54,206.29,250,1584.9
company,21X000000001360B,,Terminale GNL Adriatico S.r.l.,Adriatic LNG,21X000000001360B,,,21X000000001360B/IT,2023-11-21 09:19:56,2023-11-20,2023-11-21,269.8,274.3,274.2583,0,[],C,126.32,800.84,250,1584.94
company,21X000000001360B,,Terminale GNL Adriatico S.r.l.,Adriatic LNG,21X000000001360B,,,21X000000001360B/IT,2023-11-22 09:15:11,2023-11-21,2023-11-22,270.6,274.3,274.2583,0,[],C,83.12,526.98,250,1585
company,21X000000001360B,,Terminale GNL Adriatico S.r.l.,Adriatic LNG,21X000000001360B,,,21X000000001360B/IT,2023-11-23 09:03:21,2023-11-22,2023-11-23,270.6,274.3,274.2583,0,[],C,39.72,251.79,250,1584.78
company,21X000000001360B,,Terminale GNL Adriatico S.r.l.,Adriatic LNG,21X000000001360B,,,21X000000001360B/IT,2023-11-24 09:00:56,2023-11-23,2023-11-24,270.3,274.3,274.2583,0,[],C,84.28,534.32,250,1584.95
company,21X000000001360B,,Terminale GNL Adriatico S.r.l.,Adriatic LNG,21X000000001360B,,,21X000000001360B/IT,2023-11-27 12:02:48,2023-11-24,2023-11-25,269.2,274.3,274.2583,0,[],C,118.58,751.78,250,1584.96
company,21X000000001360B,,Terminale GNL Adriatico S.r.l.,Adriatic LNG,21X000000001360B,,,21X000000001360B/IT,2023-11-27 12:01:37,2023-11-25,2023-11-26,256.8,274.3,274.2583,0,[],C,76.89,487.49,250,1585.02
company,21X000000001360B,,Terminale GNL Adriatico S.r.l.,Adriatic LNG,21X000000001360B,,,21X000000001360B/IT,2023-11-27 12:00:14,2023-11-26,2023-11-27,270.1,274.3,274.2583,0,[],C,214.23,1358.13,250,1584.9
company,21X000000001360B,,Terminale GNL Adriatico S.r.l.,Adriatic LNG,21X000000001360B,,,21X000000001360B/IT,2023-11-28 09:18:23,2023-11-27,2023-11-28,272,274.3,274.2583,0,[],C,203.36,1289.27,250,1584.96
company,21X000000001360B,,Terminale GNL Adriatico S.r.l.,Adriatic LNG,21X000000001360B,,,21X000000001360B/IT,2023-11-29 11:06:53,2023-11-28,2023-11-29,271.8,274.3,274.2583,0,[],C,159.64,1012.06,250,1584.91
company,21X000000001360B,,Terminale GNL Adriatico S.r.l.,Adriatic LNG,21X000000001360B,,,21X000000001360B/IT,2023-11-30 17:23:33,2023-11-29,2023-11-30,272.7,274.3,274.2583,0,[],C,116.14,736.28,250,1584.9
company,21X000000001360B,,Terminale GNL Adriatico S.r.l.,Adriatic LNG,21X000000001360B,,,21X000000001360B/IT,2023-12-01 15:41:33,2023-11-30,2023-12-01,272.7,274.3,274.2583,0,[],C,73.13,463.63,250,1584.95
company,21X000000001360B,,Terminale GNL Adriatico S.r.l.,Adriatic LNG,21X000000001360B,,,21X000000001360B/IT,2023-12-21 12:33:26,2023-12-01,2023-12-02,104,274.3,250.4334,23.8249,[],C,57.3,363.29,250,1585.03
company,21X000000001360B,,Terminale GNL Adriatico S.r.l.,Adriatic LNG,21X000000001360B,,,21X000000001360B/IT,2023-12-21 12:33:27,2023-12-02,2023-12-03,82.5,274.3,250.4334,23.8249,[],C,43.94,278.57,250,1584.95
company,21X000000001360B,,Terminale GNL Adriatico S.r.l.,Adriatic LNG,21X000000001360B,,,21X000000001360B/IT,2023-12-21 12:33:28,2023-12-03,2023-12-04,134.1,274.3,250.4334,23.8249,[],C,72.77,461.36,250,1584.99
company,21X000000001360B,,Terminale GNL Adriatico S.r.l.,Adriatic LNG,21X000000001360B,,,21X000000001360B/IT,2023-12-21 12:33:29,2023-12-04,2023-12-05,273,274.3,250.4334,23.8249,[],C,179.53,1138.18,250,1584.94
company,21X000000001360B,,Terminale GNL Adriatico S.r.l.,Adriatic LNG,21X000000001360B,,,21X000000001360B/IT,2023-12-21 12:33:30,2023-12-05,2023-12-06,272.9,274.3,250.4334,23.8249,[],C,135.61,859.7,250,1584.88
company,21X000000001360B,,Terminale GNL Adriatico S.r.l.,Adriatic LNG,21X000000001360B,,,21X000000001360B/IT,2023-12-21 12:33:30,2023-12-06,2023-12-07,272.7,274.3,250.4334,23.8249,[],C,91.85,582.29,250,1584.89
company,21X000000001360B,,Terminale GNL Adriatico S.r.l.,Adriatic LNG,21X000000001360B,,,21X000000001360B/IT,2023-12-21 12:33:31,2023-12-07,2023-12-08,272.6,274.3,250.4334,23.8249,[],C,170.18,1078.9,250,1584.94
company,21X000000001360B,,Terminale GNL Adriatico S.r.l.,Adriatic LNG,21X000000001360B,,,21X000000001360B/IT,2023-12-21 12:33:32,2023-12-08,2023-12-09,272.7,274.3,250.4334,23.8249,[],C,206.87,1311.51,250,1584.94
company,21X000000001360B,,Terminale GNL Adriatico S.r.l.,Adriatic LNG,21X000000001360B,,,21X000000001360B/IT,2023-12-21 12:33:33,2023-12-09,2023-12-10,272.7,274.3,250.4334,23.8249,[],C,163.05,1033.68,250,1584.91
company,21X000000001360B,,Terminale GNL Adriatico S.r.l.,Adriatic LNG,21X000000001360B,,,21X000000001360B/IT,2023-12-21 12:33:34,2023-12-10,2023-12-11,273,274.3,250.4334,23.8249,[],C,119.27,756.16,250,1584.98
company,21X000000001360B,,Terminale GNL Adriatico S.r.l.,Adriatic LNG,21X000000001360B,,,21X000000001360B/IT,2023-12-21 12:33:35,2023-12-11,2023-12-12,274,274.3,250.4334,23.8249,[],C,75.33,477.57,250,1584.93
company,21X000000001360B,,Terminale GNL Adriatico S.r.l.,Adriatic LNG,21X000000001360B,,,21X000000001360B/IT,2023-12-21 12:33:35,2023-12-12,2023-12-13,273.3,274.3,250.4334,23.8249,[],C,228.04,1445.72,250,1584.94
company,21X000000001360B,,Terminale GNL Adriatico S.r.l.,Adriatic LNG,21X000000001360B,,,21X000000001360B/IT,2023-12-21 12:33:37,2023-12-13,2023-12-14,273.3,274.3,250.4334,23.8249,[],C,197.87,1254.41,250,1584.89
company,21X000000001360B,,Terminale GNL Adriatico S.r.l.,Adriatic LNG,21X000000001360B,,,21X000000001360B/IT,2023-12-21 12:33:37,2023-12-14,2023-12-15,273.6,274.3,250.4334,23.8249,[],C,154.03,976.49,250,1584.9
company,21X000000001360B,,Terminale GNL Adriatico S.r.l.,Adriatic LNG,21X000000001360B,,,21X000000001360B/IT,2023-12-21 12:33:38,2023-12-15,2023-12-16,273.9,274.3,250.4334,23.8249,[],C,110.23,698.81,250,1584.89
company,21X000000001360B,,Terminale GNL Adriatico S.r.l.,Adriatic LNG,21X000000001360B,,,21X000000001360B/IT,2023-12-21 12:33:38,2023-12-16,2023-12-17,273.8,274.3,250.4334,23.8249,[],C,66.33,420.51,250,1584.92
company,21X000000001360B,,Terminale GNL Adriatico S.r.l.,Adriatic LNG,21X000000001360B,,,21X000000001360B/IT,2023-12-21 12:33:39,2023-12-17,2023-12-18,272.7,274.3,250.4334,23.8249,[],C,215.11,1363.76,250,1584.96
company,21X000000001360B,,Terminale GNL Adriatico S.r.l.,Adriatic LNG,21X000000001360B,,,21X000000001360B/IT,2023-12-21 12:33:40,2023-12-18,2023-12-19,272.7,274.3,250.4334,23.8249,[],C,189.37,1200.58,250,1584.97
company,21X000000001360B,,Terminale GNL Adriatico S.r.l.,Adriatic LNG,21X000000001360B,,,21X000000001360B/IT,2023-12-21 12:33:40,2023-12-19,2023-12-20,273,274.3,250.4334,23.8249,[],C,145.43,921.97,250,1584.9
company,21X000000001360B,,Terminale GNL Adriatico S.r.l.,Adriatic LNG,21X000000001360B,,,21X000000001360B/IT,2023-12-21 12:33:43,2023-12-20,2023-12-21,272.8,274.3,250.4334,23.8249,[],C,101.62,644.22,250,1584.88
company,21X000000001360B,,Terminale GNL Adriatico S.r.l.,Adriatic LNG,21X000000001360B,,,21X000000001360B/IT,2023-12-22 09:11:49,2023-12-21,2023-12-22,272.8,274.3,250.4334,23.8249,[],C,57.68,365.65,250,1584.82
company,21X000000001360B,,Terminale GNL Adriatico S.r.l.,Adriatic LNG,21X000000001360B,,,21X000000001360B/IT,2023-12-27 09:32:30,2023-12-22,2023-12-23,272.8,274.3,250.4334,23.8249,[],C,195.81,1241.39,250,1584.94
company,21X000000001360B,,Terminale GNL Adriatico S.r.l.,Adriatic LNG,21X000000001360B,,,21X000000001360B/IT,2023-12-27 09:30:37,2023-12-23,2023-12-24,202.7,274.3,250.4334,23.8249,[],C,186.17,1180.27,250,1584.94
company,21X000000001360B,,Terminale GNL Adriatico S.r.l.,Adriatic LNG,21X000000001360B,,,21X000000001360B/IT,2023-12-27 09:28:22,2023-12-24,2023-12-25,202.7,274.3,250.4334,23.8249,[],C,165.72,1050.6,250,1584.9
company,21X000000001360B,,Terminale GNL Adriatico S.r.l.,Adriatic LNG,21X000000001360B,,,21X000000001360B/IT,2023-12-27 09:15:06,2023-12-25,2023-12-26,202.7,274.3,250.4334,23.8249,[],C,165.72,1050.6,250,1584.9
company,21X000000001360B,,Terminale GNL Adriatico S.r.l.,Adriatic LNG,21X000000001360B,,,21X000000001360B/IT,2023-12-27 09:11:57,2023-12-26,2023-12-27,130.7,274.3,250.4334,23.8249,[],C,144.53,916.29,250,1584.95
company,21X000000001360B,,Terminale GNL Adriatico S.r.l.,Adriatic LNG,21X000000001360B,,,21X000000001360B/IT,2023-12-28 09:50:07,2023-12-27,2023-12-28,134,274.3,250.4334,23.8249,[],C,101.9,646.04,250,1584.99
company,21X000000001360B,,Terminale GNL Adriatico S.r.l.,Adriatic LNG,21X000000001360B,,,21X000000001360B/IT,2023-12-29 09:12:12,2023-12-28,2023-12-29,136,274.3,250.4334,23.8249,[],C,80.13,507.99,250,1584.89
company,21X000000001360B,,Terminale GNL Adriatico S.r.l.,Adriatic LNG,21X000000001360B,,,21X000000001360B/IT,2024-01-02 09:08:12,2023-12-29,2023-12-30,134.5,274.3,250.4334,23.8249,[],C,189.12,1198.99,250,1584.96
company,21X000000001360B,,Terminale GNL Adriatico S.r.l.,Adriatic LNG,21X000000001360B,,,21X000000001360B/IT,2024-01-02 09:08:16,2023-12-30,2023-12-31,128.8,274.3,250.4334,23.8249,[],C,168.63,1069.09,250,1584.96
company,21X000000001360B,,Terminale GNL Adriatico S.r.l.,Adriatic LNG,21X000000001360B,,,21X000000001360B/IT,2024-01-02 09:08:20,2023-12-31,2024-01-01,166.4,274.3,250.4334,23.8249,[],C,140.52,890.85,250,1584.92
company,21X000000001360B,,Terminale GNL Adriatico S.r.l.,Adriatic LNG,21X000000001360B,,,21X000000001360B/IT,2024-01-02 09:08:24,2024-01-01,2024-01-02,259.8,274.3,249.0297,25.2286,[],C,98.94,627.22,250,1584.85
company,21X000000001360B,,Terminale GNL Adriatico S.r.l.,Adriatic LNG,21X000000001360B,,,21X000000001360B/IT,2024-01-03 09:22:05,2024-01-02,2024-01-03,260,274.3,249.0297,25.2286,[],C,57.07,361.78,250,1584.81
company,21X000000001360B,,Terminale GNL Adriatico S.r.l.,Adriatic LNG,21X000000001360B,,,21X000000001360B/IT,2024-01-04 09:05:29,2024-01-03,2024-01-04,259.8,274.3,249.0297,25.2286,[],C,163.87,1038.86,250,1584.88
company,21X000000001360B,,Terminale GNL Adriatico S.r.l.,Adriatic LNG,21X000000001360B,,,21X000000001360B/IT,2024-01-05 09:03:45,2024-01-04,2024-01-05,259.3,274.3,249.0297,25.2286,[],C,187.07,1185.96,250,1584.91
company,21X000000001360B,,Terminale GNL Adriatico S.r.l.,Adriatic LNG,21X000000001360B,,,21X000000001360B/IT,2024-01-08 09:22:51,2024-01-05,2024-01-06,259.2,273.5,249.0297,24.4792,[],C,146.25,927.2,250,1584.96
company,21X000000001360B,,Terminale GNL Adriatico S.r.l.,Adriatic LNG,21X000000001360B,,,21X000000001360B/IT,2024-01-08 09:25:17,2024-01-06,2024-01-07,134.8,273.5,249.0297,24.4792,[],C,124.93,792.02,250,1584.93
company,21X000000001360B,,Terminale GNL Adriatico S.r.l.,Adriatic LNG,21X000000001360B,,,21X000000001360B/IT,2024-01-08 09:23:07,2024-01-07,2024-01-08,134.9,273.5,249.0297,24.4792,[],C,102.97,652.8,250,1584.93
company,21X000000001360B,,Terminale GNL Adriatico S.r.l.,Adriatic LNG,21X000000001360B,,,21X000000001360B/IT,2024-01-09 09:46:45,2024-01-08,2024-01-09,166.1,273.5,249.0297,24.4792,[],C,75.23,476.91,250,1584.84
company,21X000000001360B,,Terminale GNL Adriatico S.r.l.,Adriatic LNG,21X000000001360B,,,21X000000001360B/IT,2024-01-10 09:30:48,2024-01-09,2024-01-10,270,273.5,249.0297,24.4792,[],C,31.81,201.64,250,1584.72
company,21X000000001360B,,Terminale GNL Adriatico S.r.l.,Adriatic LNG,21X000000001360B,,,21X000000001360B/IT,2024-01-11 10:01:14,2024-01-10,2024-01-11,269.5,273.5,249.0297,24.4792,[],C,201.64,270.03,250,334.79
company,21X000000001360B,,Terminale GNL Adriatico S.r.l.,Adriatic LNG,21X000000001360B,,,21X000000001360B/IT,2024-01-12 09:34:31,2024-01-11,2024-01-12,270.3,273.5,249.0297,24.4792,[],C,107.12,679.08,250,1584.86
company,21X000000001360B,,Terminale GNL Adriatico S.r.l.,Adriatic LNG,21X000000001360B,,,21X000000001360B/IT,2024-01-15 09:18:47,2024-01-12,2024-01-13,270.1,273.5,249.0297,24.4792,[],C,229.82,1456.98,250,1584.91
company,21X000000001360B,,Terminale GNL Adriatico S.r.l.,Adriatic LNG,21X000000001360B,,,21X000000001360B/IT,2024-01-15 09:18:55,2024-01-13,2024-01-14,263.6,273.5,249.0297,24.4792,[],C,188.26,1193.51,250,1584.92
company,21X000000001360B,,Terminale GNL Adriatico S.r.l.,Adriatic LNG,21X000000001360B,,,21X000000001360B/IT,2024-01-15 09:19:00,2024-01-14,2024-01-15,269,273.5,249.0297,24.4792,[],C,144.48,915.95,250,1584.91
company,21X000000001360B,,Terminale GNL Adriatico S.r.l.,Adriatic LNG,21X000000001360B,,,21X000000001360B/IT,2024-01-16 09:19:01,2024-01-15,2024-01-16,268.9,273.5,249.0297,24.4792,[],C,101.41,642.91,250,1584.93
company,21X000000001360B,,Terminale GNL Adriatico S.r.l.,Adriatic LNG,21X000000001360B,,,21X000000001360B/IT,2024-01-17 09:18:30,2024-01-16,2024-01-17,269.9,273.5,249.0297,24.4792,[],C,144.77,917.81,250,1584.95
company,21X000000001360B,,Terminale GNL Adriatico S.r.l.,Adriatic LNG,21X000000001360B,,,21X000000001360B/IT,2024-01-18 09:10:19,2024-01-17,2024-01-18,270.1,273.5,249.0297,24.4792,[],C,221.75,1405.85,250,1584.95
company,21X000000001360B,,Terminale GNL Adriatico S.r.l.,Adriatic LNG,21X000000001360B,,,21X000000001360B/IT,2024-01-19 09:02:52,2024-01-18,2024-01-19,270,273.5,249.0297,24.4792,[],C,178.29,1130.29,250,1584.9
company,21X000000001360B,,Terminale GNL Adriatico S.r.l.,Adriatic LNG,21X000000001360B,,,21X000000001360B/IT,2024-01-22 09:07:50,2024-01-19,2024-01-20,236,273.5,249.0297,24.4792,[],C,140.64,891.61,250,1584.92
company,21X000000001360B,,Terminale GNL Adriatico S.r.l.,Adriatic LNG,21X000000001360B,,,21X000000001360B/IT,2024-01-22 09:07:55,2024-01-20,2024-01-21,269.7,273.5,249.0297,24.4792,[],C,97.34,617.12,250,1584.96
company,21X000000001360B,,Terminale GNL Adriatico S.r.l.,Adriatic LNG,21X000000001360B,,,21X000000001360B/IT,2024-01-22 09:07:59,2024-01-21,2024-01-22,269.7,273.5,249.0297,24.4792,[],C,153,969.98,250,1584.93
company,21X000000001360B,,Terminale GNL Adriatico S.r.l.,Adriatic LNG,21X000000001360B,,,21X000000001360B/IT,2024-01-23 09:10:11,2024-01-22,2024-01-23,269.6,273.5,249.0297,24.4792,[],C,225.7,1430.9,250,1584.96
company,21X000000001360B,,Terminale GNL Adriatico S.r.l.,Adriatic LNG,21X000000001360B,,,21X000000001360B/IT,2024-01-24 09:02:01,2024-01-23,2024-01-24,270.7,273.5,249.0297,24.4792,[],C,182.34,1155.99,250,1584.94
company,21X000000001360B,,Terminale GNL Adriatico S.r.l.,Adriatic LNG,21X000000001360B,,,21X000000001360B/IT,2024-01-25 09:30:13,2024-01-24,2024-01-25,270.8,273.5,249.0297,24.4792,[],C,138.81,880.01,250,1584.92
company,21X000000001360B,,Terminale GNL Adriatico S.r.l.,Adriatic LNG,21X000000001360B,,,21X000000001360B/IT,2024-01-26 10:25:37,2024-01-25,2024-01-26,269.9,273.5,249.0297,24.4792,[],C,95.35,604.52,250,1585
company,21X000000001360B,,Terminale GNL Adriatico S.r.l.,Adriatic LNG,21X000000001360B,,,21X000000001360B/IT,2024-01-29 09:03:47,2024-01-26,2024-01-27,269.9,273.5,249.0297,24.4792,[],C,139.49,884.32,250,1584.92
company,21X000000001360B,,Terminale GNL Adriatico S.r.l.,Adriatic LNG,21X000000001360B,,,21X000000001360B/IT,2024-01-29 09:03:52,2024-01-27,2024-01-28,269.6,273.5,249.0297,24.4792,[],C,219.9,1394.09,250,1584.91
company,21X000000001360B,,Terminale GNL Adriatico S.r.l.,Adriatic LNG,21X000000001360B,,,21X000000001360B/IT,2024-01-29 09:03:56,2024-01-28,2024-01-29,197,273.5,249.0297,24.4792,[],C,188.77,1196.77,250,1584.96
company,21X000000001360B,,Terminale GNL Adriatico S.r.l.,Adriatic LNG,21X000000001360B,,,21X000000001360B/IT,2024-01-30 09:19:08,2024-01-29,2024-01-30,156.5,273.5,249.0297,24.4792,[],C,163.76,1038.16,250,1584.88
company,21X000000001360B,,Terminale GNL Adriatico S.r.l.,Adriatic LNG,21X000000001360B,,,21X000000001360B/IT,2024-01-31 09:42:40,2024-01-30,2024-01-31,155.6,273.5,249.0297,24.4792,[],C,138.65,879.01,250,1584.94
company,21X000000001360B,,Terminale GNL Adriatico S.r.l.,Adriatic LNG,21X000000001360B,,,21X000000001360B/IT,2024-02-01 09:13:59,2024-01-31,2024-02-01,155.8,273.5,249.0297,24.4792,[],C,113.68,720.68,250,1584.89
company,21X000000001360B,,Terminale GNL Adriatico S.r.l.,Adriatic LNG,21X000000001360B,,,21X000000001360B/IT,2024-02-02 09:10:46,2024-02-01,2024-02-02,155.6,273.5,246.9097,26.5993,[],C,88.98,564.1,250,1584.91
company,21X000000001360B,,Terminale GNL Adriatico S.r.l.,Adriatic LNG,21X000000001360B,,,21X000000001360B/IT,2024-02-05 09:46:06,2024-02-02,2024-02-03,155.6,273.5,246.9097,26.5993,[],C,63.66,403.57,250,1584.86
company,21X000000001360B,,Terminale GNL Adriatico S.r.l.,Adriatic LNG,21X000000001360B,,,21X000000001360B/IT,2024-02-05 09:49:05,2024-02-03,2024-02-04,155.8,273.5,246.9097,26.5993,[],C,38.65,245.02,250,1584.86
company,21X000000001360B,,Terminale GNL Adriatico S.r.l.,Adriatic LNG,21X000000001360B,,,21X000000001360B/IT,2024-02-05 09:47:15,2024-02-04,2024-02-05,156,273.5,246.9097,26.5993,[],C,145.72,923.83,250,1584.94
company,21X000000001360B,,Terminale GNL Adriatico S.r.l.,Adriatic LNG,21X000000001360B,,,21X000000001360B/IT,2024-02-06 10:23:41,2024-02-05,2024-02-06,156.1,273.5,246.9097,26.5993,[],C,145.82,924.44,250,1584.9
company,21X000000001360B,,Terminale GNL Adriatico S.r.l.,Adriatic LNG,21X000000001360B,,,21X000000001360B/IT,2024-02-07 09:10:19,2024-02-06,2024-02-07,156.3,273.5,246.9097,26.5993,[],C,120.93,766.64,250,1584.88
company,21X000000001360B,,Terminale GNL Adriatico S.r.l.,Adriatic LNG,21X000000001360B,,,21X000000001360B/IT,2024-02-08 09:28:54,2024-02-07,2024-02-08,155.2,273.5,246.9097,26.5993,[],C,95.38,604.67,250,1584.9
company,21X000000001360B,,Terminale GNL Adriatico S.r.l.,Adriatic LNG,21X000000001360B,,,21X000000001360B/IT,2024-02-09 09:56:44,2024-02-08,2024-02-09,257.9,273.5,246.9097,26.5993,[],C,53.98,342.24,250,1585.03
company,21X000000001360B,,Terminale GNL Adriatico S.r.l.,Adriatic LNG,21X000000001360B,,,21X000000001360B/IT,2024-02-12 09:02:38,2024-02-09,2024-02-10,267.3,273.5,246.9097,26.5993,[],C,177.48,1125.18,250,1584.94
company,21X000000001360B,,Terminale GNL Adriatico S.r.l.,Adriatic LNG,21X000000001360B,,,21X000000001360B/IT,2024-02-12 09:02:38,2024-02-10,2024-02-11,266.3,273.5,246.9097,26.5993,[],C,134.31,851.49,250,1584.93
company,21X000000001360B,,Terminale GNL Adriatico S.r.l.,Adriatic LNG,21X000000001360B,,,21X000000001360B/IT,2024-02-12 09:02:41,2024-02-11,2024-02-12,266.2,273.5,246.9097,26.5993,[],C,91.31,578.86,250,1584.88
company,21X000000001360B,,Terminale GNL Adriatico S.r.l.,Adriatic LNG,21X000000001360B,,,21X000000001360B/IT,2024-02-13 09:03:42,2024-02-12,2024-02-13,265.7,273.5,246.9097,26.5993,[],C,169.71,1075.91,250,1584.92
company,21X000000001360B,,Terminale GNL Adriatico S.r.l.,Adriatic LNG,21X000000001360B,,,21X000000001360B/IT,2024-02-14 09:34:21,2024-02-13,2024-02-14,267.6,273.5,246.9097,26.5993,[],C,212.83,1349.29,250,1584.94
company,21X000000001360B,,Terminale GNL Adriatico S.r.l.,Adriatic LNG,21X000000001360B,,,21X000000001360B/IT,2024-02-15 09:08:52,2024-02-14,2024-02-15,267.1,273.5,246.9097,26.5993,[],C,170.01,1077.82,250,1584.94
company,21X000000001360B,,Terminale GNL Adriatico S.r.l.,Adriatic LNG,21X000000001360B,,,21X000000001360B/IT,2024-02-16 09:17:15,2024-02-15,2024-02-16,267.1,273.5,246.9097,26.5993,[],C,127.06,805.5,250,1584.88
company,21X000000001360B,,Terminale GNL Adriatico S.r.l.,Adriatic LNG,21X000000001360B,,,21X000000001360B/IT,2024-02-19 09:32:05,2024-02-16,2024-02-17,266.2,273.5,246.9097,26.5993,[],C,84.34,534.72,250,1585.01
company,21X000000001360B,,Terminale GNL Adriatico S.r.l.,Adriatic LNG,21X000000001360B,,,21X000000001360B/IT,2024-02-19 09:32:12,2024-02-17,2024-02-18,266.2,273.5,246.9097,26.5993,[],C,41.62,263.86,250,1584.94
company,21X000000001360B,,Terminale GNL Adriatico S.r.l.,Adriatic LNG,21X000000001360B,,,21X000000001360B/IT,2024-02-19 09:32:24,2024-02-18,2024-02-19,266.4,273.5,246.9097,26.5993,[],C,209.86,1330.45,250,1584.93
company,21X000000001360B,,Terminale GNL Adriatico S.r.l.,Adriatic LNG,21X000000001360B,,,21X000000001360B/IT,2024-02-20 10:39:51,2024-02-19,2024-02-20,267.5,273.5,246.9097,26.5993,[],C,169.31,1073.38,250,1584.93
company,21X000000001360B,,Terminale GNL Adriatico S.r.l.,Adriatic LNG,21X000000001360B,,,21X000000001360B/IT,2024-02-21 15:18:56,2024-02-20,2024-02-21,266.7,273.5,246.9097,26.5993,[],C,126.27,800.52,250,1584.94
company,21X000000001360B,,Terminale GNL Adriatico S.r.l.,Adriatic LNG,21X000000001360B,,,21X000000001360B/IT,2024-02-22 09:34:06,2024-02-21,2024-02-22,265.7,273.5,246.9097,26.5993,[],C,83.89,531.87,250,1585.02
company,21X000000001360B,,Terminale GNL Adriatico S.r.l.,Adriatic LNG,21X000000001360B,,,21X000000001360B/IT,2024-02-23 09:48:25,2024-02-22,2024-02-23,266.9,273.5,246.9097,26.5993,[],C,41.08,260.42,250,1584.83
company,21X000000001360B,,Terminale GNL Adriatico S.r.l.,Adriatic LNG,21X000000001360B,,,21X000000001360B/IT,2024-02-26 09:08:57,2024-02-23,2024-02-24,93.5,273.5,246.9097,26.5993,[],C,27.56,174.75,250,1585.18
company,21X000000001360B,,Terminale GNL Adriatico S.r.l.,Adriatic LNG,21X000000001360B,,,21X000000001360B/IT,2024-02-26 09:09:08,2024-02-24,2024-02-25,145.5,273.5,246.9097,26.5993,[],C,89.41,566.85,250,1584.97
company,21X000000001360B,,Terminale GNL Adriatico S.r.l.,Adriatic LNG,21X000000001360B,,,21X000000001360B/IT,2024-02-26 09:09:13,2024-02-25,2024-02-26,270,273.5,246.9097,26.5993,[],C,167.34,1060.91,250,1584.96
company,21X000000001360B,,Terminale GNL Adriatico S.r.l.,Adriatic LNG,21X000000001360B,,,21X000000001360B/IT,2024-02-27 09:02:10,2024-02-26,2024-02-27,272.9,273.5,246.9097,26.5993,[],C,123.33,781.9,250,1584.98
company,21X000000001360B,,Terminale GNL Adriatico S.r.l.,Adriatic LNG,21X000000001360B,,,21X000000001360B/IT,2024-02-28 09:14:34,2024-02-27,2024-02-28,273,273.5,246.9097,26.5993,[],C,79.34,502.99,250,1584.92
company,21X000000001360B,,Terminale GNL Adriatico S.r.l.,Adriatic LNG,21X000000001360B,,,21X000000001360B/IT,2024-02-29 09:10:33,2024-02-28,2024-02-29,273.2,273.5,246.9097,26.5993,[],C,35.49,225.01,250,1585.02
company,21X000000001360B,,Terminale GNL Adriatico S.r.l.,Adriatic LNG,21X000000001360B,,,21X000000001360B/IT,2024-03-01 09:37:16,2024-02-29,2024-03-01,273.2,273.5,246.9097,26.5993,[],C,118.86,753.54,250,1584.93
company,21X000000001360B,,Terminale GNL Adriatico S.r.l.,Adriatic LNG,21X000000001360B,,,21X000000001360B/IT,2024-03-04 09:09:28,2024-03-01,2024-03-02,272.9,273.5,249.2188,24.2902,[],C,154.63,980.3,250,1584.91
company,21X000000001360B,,Terminale GNL Adriatico S.r.l.,Adriatic LNG,21X000000001360B,,,21X000000001360B/IT,2024-03-04 09:09:36,2024-03-02,2024-03-03,273,273.5,249.2188,24.2902,[],C,110.77,702.23,250,1584.88
company,21X000000001360B,,Terminale GNL Adriatico S.r.l.,Adriatic LNG,21X000000001360B,,,21X000000001360B/IT,2024-03-04 09:09:42,2024-03-03,2024-03-04,273.1,273.5,249.2188,24.2902,[],C,66.75,423.19,250,1584.98
company,21X000000001360B,,Terminale GNL Adriatico S.r.l.,Adriatic LNG,21X000000001360B,,,21X000000001360B/IT,2024-03-05 09:21:36,2024-03-04,2024-03-05,273.4,273.5,249.2188,24.2902,[],C,74.08,469.66,250,1584.98
company,21X000000001360B,,Terminale GNL Adriatico S.r.l.,Adriatic LNG,21X000000001360B,,,21X000000001360B/IT,2024-03-06 09:39:34,2024-03-05,2024-03-06,272.9,273.5,249.2188,24.2902,[],C,193.16,1224.55,250,1584.89
company,21X000000001360B,,Terminale GNL Adriatico S.r.l.,Adriatic LNG,21X000000001360B,,,21X000000001360B/IT,2024-03-07 09:01:18,2024-03-06,2024-03-07,273.2,273.5,249.2188,24.2902,[],C,149.24,946.17,250,1584.98
company,21X000000001360B,,Terminale GNL Adriatico S.r.l.,Adriatic LNG,21X000000001360B,,,21X000000001360B/IT,2024-03-08 09:06:23,2024-03-07,2024-03-08,273.4,273.5,249.2188,24.2902,[],C,105.31,667.63,250,1584.92
company,21X000000001360B,,Terminale GNL Adriatico S.r.l.,Adriatic LNG,21X000000001360B,,,21X000000001360B/IT,2024-03-11 10:27:55,2024-03-08,2024-03-09,272.7,273.5,249.2188,24.2902,[],C,210.99,1337.63,250,1584.94
company,21X000000001360B,,Terminale GNL Adriatico S.r.l.,Adriatic LNG,21X000000001360B,,,21X000000001360B/IT,2024-03-11 10:28:03,2024-03-09,2024-03-10,236,273.5,249.2188,24.2902,[],C,186.54,1182.64,250,1584.97
company,21X000000001360B,,Terminale GNL Adriatico S.r.l.,Adriatic LNG,21X000000001360B,,,21X000000001360B/IT,2024-03-11 10:28:10,2024-03-10,2024-03-11,235.7,273.5,249.2188,24.2902,[],C,147.97,938.07,250,1584.9
company,21X000000001360B,,Terminale GNL Adriatico S.r.l.,Adriatic LNG,21X000000001360B,,,21X000000001360B/IT,2024-03-12 09:18:31,2024-03-11,2024-03-12,264.5,273.5,249.2188,24.2902,[],C,104.76,664.14,250,1584.91
company,21X000000001360B,,Terminale GNL Adriatico S.r.l.,Adriatic LNG,21X000000001360B,,,21X000000001360B/IT,2024-03-13 09:29:59,2024-03-12,2024-03-13,263.5,273.5,249.2188,24.2902,[],C,62.01,393.1,250,1584.83
company,21X000000001360B,,Terminale GNL Adriatico S.r.l.,Adriatic LNG,21X000000001360B,,,21X000000001360B/IT,2024-03-14 09:48:15,2024-03-13,2024-03-14,206.4,273.5,249.2188,24.2902,[],C,28.99,183.77,250,1584.77
company,21X000000001360B,,Terminale GNL Adriatico S.r.l.,Adriatic LNG,21X000000001360B,,,21X000000001360B/IT,2024-03-15 09:02:31,2024-03-14,2024-03-15,206.4,273.5,249.2188,24.2902,[],C,99.23,629.09,250,1584.93
company,21X000000001360B,,Terminale GNL Adriatico S.r.l.,Adriatic LNG,21X000000001360B,,,21X000000001360B/IT,2024-03-18 09:38:42,2024-03-15,2024-03-16,271.9,273.5,249.2188,24.2902,[],C,163.85,1038.78,250,1584.96
company,21X000000001360B,,Terminale GNL Adriatico S.r.l.,Adriatic LNG,21X000000001360B,,,21X000000001360B/IT,2024-03-18 09:38:48,2024-03-16,2024-03-17,270.9,273.5,249.2188,24.2902,[],C,120.15,761.74,250,1584.98
company,21X000000001360B,,Terminale GNL Adriatico S.r.l.,Adriatic LNG,21X000000001360B,,,21X000000001360B/IT,2024-03-18 09:39:00,2024-03-17,2024-03-18,271,273.5,249.2188,24.2902,[],C,76.55,485.31,250,1584.94
company,21X000000001360B,,Terminale GNL Adriatico S.r.l.,Adriatic LNG,21X000000001360B,,,21X000000001360B/IT,2024-03-19 09:09:28,2024-03-18,2024-03-19,272.5,273.5,249.2188,24.2902,[],C,161.18,1021.82,250,1584.91
company,21X000000001360B,,Terminale GNL Adriatico S.r.l.,Adriatic LNG,21X000000001360B,,,21X000000001360B/IT,2024-03-20 09:55:14,2024-03-19,2024-03-20,272.8,273.5,249.2188,24.2902,[],C,201.81,1279.44,250,1584.96
company,21X000000001360B,,Terminale GNL Adriatico S.r.l.,Adriatic LNG,21X000000001360B,,,21X000000001360B/IT,2024-03-21 09:13:13,2024-03-20,2024-03-21,272.9,273.5,249.2188,24.2902,[],C,157.91,1001.11,250,1584.94
company,21X000000001360B,,Terminale GNL Adriatico S.r.l.,Adriatic LNG,21X000000001360B,,,21X000000001360B/IT,2024-03-22 09:15:12,2024-03-21,2024-03-22,269.9,273.5,249.2188,24.2902,[],C,114.71,727.23,250,1584.93
company,21X000000001360B,,Terminale GNL Adriatico S.r.l.,Adriatic LNG,21X000000001360B,,,21X000000001360B/IT,2024-03-25 09:29:07,2024-03-22,2024-03-23,271.1,273.5,260.4198,13.0892,[],C,125.5,795.66,250,1584.98
company,21X000000001360B,,Terminale GNL Adriatico S.r.l.,Adriatic LNG,21X000000001360B,,,21X000000001360B/IT,2024-03-25 09:29:22,2024-03-23,2024-03-24,269.7,273.5,260.4198,13.0892,[],C,82.26,521.49,250,1584.88
company,21X000000001360B,,Terminale GNL Adriatico S.r.l.,Adriatic LNG,21X000000001360B,,,21X000000001360B/IT,2024-03-25 09:29:33,2024-03-24,2024-03-25,269.9,273.5,260.4198,13.0892,[],C,162.58,1030.71,250,1584.93
company,21X000000001360B,,Terminale GNL Adriatico S.r.l.,Adriatic LNG,21X000000001360B,,,21X000000001360B/IT,2024-03-26 09:11:16,2024-03-25,2024-03-26,269.7,273.5,260.4198,13.0892,[],C,209.03,1325.19,250,1584.93
company,21X000000001360B,,Terminale GNL Adriatico S.r.l.,Adriatic LNG,21X000000001360B,,,21X000000001360B/IT,2024-03-27 09:00:23,2024-03-26,2024-03-27,0,273.5,260.4198,13.0892,[],C,0,0,250,0
company,21X000000001360B,,Terminale GNL Adriatico S.r.l.,Adriatic LNG,21X000000001360B,,,21X000000001360B/IT,2024-03-28 09:32:42,2024-03-27,2024-03-28,269.3,273.5,260.4198,13.0892,[],C,122.25,775.03,250,1584.93
company,21X000000001360B,,Terminale GNL Adriatico S.r.l.,Adriatic LNG,21X000000001360B,,,21X000000001360B/IT,2024-03-29 09:14:46,2024-03-28,2024-03-29,269.5,273.5,260.4198,13.0892,[],C,79.6,504.64,250,1584.92
company,21X000000001360B,,Terminale GNL Adriatico S.r.l.,Adriatic LNG,21X000000001360B,,,21X000000001360B/IT,2024-04-02 08:04:10,2024-03-29,2024-03-30,93.4,273.5,260.4198,13.0892,[],C,65.69,416.43,250,1584.83
company,21X000000001360B,,Terminale GNL Adriatico S.r.l.,Adriatic LNG,21X000000001360B,,,21X000000001360B/IT,2024-04-02 08:04:18,2024-03-30,2024-03-31,93.2,273.5,260.4198,13.0892,[],C,50.72,321.53,250,1584.83
company,21X000000001360B,,Terminale GNL Adriatico S.r.l.,Adriatic LNG,21X000000001360B,,,21X000000001360B/IT,2024-04-02 08:04:23,2024-03-31,2024-04-01,93.3,273.5,260.4198,13.0892,[],C,35.71,226.42,250,1585.13
company,21X000000001360B,,Terminale GNL Adriatico S.r.l.,Adriatic LNG,21X000000001360B,,,21X000000001360B/IT,2024-04-02 08:04:45,2024-04-01,2024-04-02,93.3,273.5,251.3074,22.2015,[],C,20.64,130.86,250,1585.03
company,21X000000001360B,,Terminale GNL Adriatico S.r.l.,Adriatic LNG,21X000000001360B,,,21X000000001360B/IT,2024-04-03 08:27:39,2024-04-02,2024-04-03,186.4,273.5,251.3074,22.2015,[],C,149.18,945.76,250,1584.93
company,21X000000001360B,,Terminale GNL Adriatico S.r.l.,Adriatic LNG,21X000000001360B,,,21X000000001360B/IT,2024-04-04 08:16:53,2024-04-03,2024-04-04,267.6,273.5,251.3074,22.2015,[],C,105.35,667.92,250,1585
company,21X000000001360B,,Terminale GNL Adriatico S.r.l.,Adriatic LNG,21X000000001360B,,,21X000000001360B/IT,2024-04-05 08:03:19,2024-04-04,2024-04-05,268.6,273.5,251.3074,22.2015,[],C,61.81,391.86,250,1584.94
company,21X000000001360B,,Terminale GNL Adriatico S.r.l.,Adriatic LNG,21X000000001360B,,,21X000000001360B/IT,2024-04-08 08:34:59,2024-04-05,2024-04-06,269.7,273.5,251.3074,22.2015,[],C,230.19,1459.31,250,1584.9
company,21X000000001360B,,Terminale GNL Adriatico S.r.l.,Adriatic LNG,21X000000001360B,,,21X000000001360B/IT,2024-04-08 08:38:34,2024-04-06,2024-04-07,273.3,273.5,251.3074,22.2015,[],C,186.38,1181.61,250,1584.95
company,21X000000001360B,,Terminale GNL Adriatico S.r.l.,Adriatic LNG,21X000000001360B,,,21X000000001360B/IT,2024-04-08 08:38:43,2024-04-07,2024-04-08,273.2,273.5,251.3074,22.2015,[],C,142.54,903.63,250,1584.87
company,21X000000001360B,,Terminale GNL Adriatico S.r.l.,Adriatic LNG,21X000000001360B,,,21X000000001360B/IT,2024-04-09 08:20:33,2024-04-08,2024-04-09,272.2,273.5,251.3074,22.2015,[],C,98.83,626.56,250,1584.94
company,21X000000001360B,,Terminale GNL Adriatico S.r.l.,Adriatic LNG,21X000000001360B,,,21X000000001360B/IT,2024-04-10 08:46:01,2024-04-09,2024-04-10,272.2,273.5,251.3074,22.2015,[],C,92.25,584.85,250,1584.96
company,21X000000001360B,,Terminale GNL Adriatico S.r.l.,Adriatic LNG,21X000000001360B,,,21X000000001360B/IT,2024-04-11 09:44:05,2024-04-10,2024-04-11,273,273.5,251.3074,22.2015,[],C,217.55,1379.23,250,1584.96
company,21X000000001360B,,Terminale GNL Adriatico S.r.l.,Adriatic LNG,21X000000001360B,,,21X000000001360B/IT,2024-04-12 10:31:57,2024-04-11,2024-04-12,273.1,273.5,251.3074,22.2015,[],C,173.57,1100.36,250,1584.89
company,21X000000001360B,,Terminale GNL Adriatico S.r.l.,Adriatic LNG,21X000000001360B,,,21X000000001360B/IT,2024-04-15 08:44:19,2024-04-12,2024-04-13,272.5,273.5,251.3074,22.2015,[],C,131.52,833.8,250,1584.93
company,21X000000001360B,,Terminale GNL Adriatico S.r.l.,Adriatic LNG,21X000000001360B,,,21X000000001360B/IT,2024-04-15 08:44:24,2024-04-13,2024-04-14,272.7,273.5,251.3074,22.2015,[],C,87.84,556.89,250,1584.96
company,21X000000001360B,,Terminale GNL Adriatico S.r.l.,Adriatic LNG,21X000000001360B,,,21X000000001360B/IT,2024-04-15 08:44:29,2024-04-14,2024-04-15,271.8,273.5,251.3074,22.2015,[],C,179.69,1139.2,250,1584.95
company,21X000000001360B,,Terminale GNL Adriatico S.r.l.,Adriatic LNG,21X000000001360B,,,21X000000001360B/IT,2024-04-16 08:12:34,2024-04-15,2024-04-16,273.4,273.5,251.3074,22.2015,[],C,208.03,1318.83,250,1584.9
company,21X000000001360B,,Terminale GNL Adriatico S.r.l.,Adriatic LNG,21X000000001360B,,,21X000000001360B/IT,2024-04-17 08:06:01,2024-04-16,2024-04-17,273.1,273.5,251.3074,22.2015,[],C,164.16,1040.73,250,1584.93
company,21X000000001360B,,Terminale GNL Adriatico S.r.l.,Adriatic LNG,21X000000001360B,,,21X000000001360B/IT,2024-04-18 08:03:31,2024-04-17,2024-04-18,273,273.5,251.3074,22.2015,[],C,120.28,762.54,250,1584.93
company,21X000000001360B,,Terminale GNL Adriatico S.r.l.,Adriatic LNG,21X000000001360B,,,21X000000001360B/IT,2024-04-19 08:22:03,2024-04-18,2024-04-19,272.8,273.5,251.3074,22.2015,[],C,76.35,484.05,250,1584.97
company,21X000000001360B,,Terminale GNL Adriatico S.r.l.,Adriatic LNG,21X000000001360B,,,21X000000001360B/IT,2024-04-22 08:37:45,2024-04-19,2024-04-20,274.5,273.5,251.3074,22.2015,[],C,156.46,991.92,250,1584.94
company,21X000000001360B,,Terminale GNL Adriatico S.r.l.,Adriatic LNG,21X000000001360B,,,21X000000001360B/IT,2024-04-22 08:37:50,2024-04-20,2024-04-21,274.5,273.5,251.3074,22.2015,[],C,167.57,1062.31,250,1584.87
company,21X000000001360B,,Terminale GNL Adriatico S.r.l.,Adriatic LNG,21X000000001360B,,,21X000000001360B/IT,2024-04-22 08:37:54,2024-04-21,2024-04-22,274.5,273.5,251.3074,22.2015,[],C,167.57,1062.31,250,1584.87
company,21X000000001360B,,Terminale GNL Adriatico S.r.l.,Adriatic LNG,21X000000001360B,,,21X000000001360B/IT,2024-04-23 08:15:53,2024-04-22,2024-04-23,274.2,273.5,251.3074,22.2015,[],C,53.26,337.63,250,1584.82
company,21X000000001360B,,Terminale GNL Adriatico S.r.l.,Adriatic LNG,21X000000001360B,,,21X000000001360B/IT,2024-04-24 09:43:55,2024-04-23,2024-04-24,272,273.5,251.3074,22.2015,[],C,10.49,66.51,250,1585.08
company,21X000000001360B,,Terminale GNL Adriatico S.r.l.,Adriatic LNG,21X000000001360B,,,21X000000001360B/IT,2024-04-26 08:16:30,2024-04-24,2024-04-25,258.2,273.5,251.3074,22.2015,[],C,130.77,829.04,250,1584.92
company,21X000000001360B,,Terminale GNL Adriatico S.r.l.,Adriatic LNG,21X000000001360B,,,21X000000001360B/IT,2024-04-26 08:16:53,2024-04-25,2024-04-26,271.5,273.5,251.3074,22.2015,[],C,86.59,548.95,250,1584.91
company,21X000000001360B,,Terminale GNL Adriatico S.r.l.,Adriatic LNG,21X000000001360B,,,21X000000001360B/IT,2024-04-29 08:03:29,2024-04-26,2024-04-27,272.5,273.5,251.3074,22.2015,[],C,203.48,1290.01,250,1584.93
company,21X000000001360B,,Terminale GNL Adriatico S.r.l.,Adriatic LNG,21X000000001360B,,,21X000000001360B/IT,2024-04-29 08:03:33,2024-04-27,2024-04-28,259.5,273.5,251.3074,22.2015,[],C,169.78,1076.38,250,1584.96
company,21X000000001360B,,Terminale GNL Adriatico S.r.l.,Adriatic LNG,21X000000001360B,,,21X000000001360B/IT,2024-04-29 08:03:38,2024-04-28,2024-04-29,273.1,273.5,251.3074,22.2015,[],C,170.63,1081.72,250,1584.89
company,21X000000001360B,,Terminale GNL Adriatico S.r.l.,Adriatic LNG,21X000000001360B,,,21X000000001360B/IT,2024-04-30 08:03:54,2024-04-29,2024-04-30,272.5,273.5,251.3074,22.2015,[],C,126.62,802.74,250,1584.94
company,21X000000001360B,,Terminale GNL Adriatico S.r.l.,Adriatic LNG,21X000000001360B,,,21X000000001360B/IT,2024-05-02 08:41:00,2024-04-30,2024-05-01,273.4,273.5,251.3074,22.2015,[],C,82.74,524.53,250,1584.87
company,21X000000001360B,,Terminale GNL Adriatico S.r.l.,Adriatic LNG,21X000000001360B,,,21X000000001360B/IT,2024-05-02 08:41:52,2024-05-01,2024-05-02,268.9,273.5,249.0318,24.4772,[],C,226.89,1438.43,250,1584.94
company,21X000000001360B,,Terminale GNL Adriatico S.r.l.,Adriatic LNG,21X000000001360B,,,21X000000001360B/IT,2024-05-03 08:03:03,2024-05-02,2024-05-03,271,273.5,249.0318,24.4772,[],C,160.32,1016.36,250,1584.89
company,21X000000001360B,,Terminale GNL Adriatico S.r.l.,Adriatic LNG,21X000000001360B,,,21X000000001360B/IT,2024-05-06 09:04:44,2024-05-03,2024-05-04,269.9,273.5,249.0318,24.4772,[],C,160.64,1018.4,250,1584.91
company,21X000000001360B,,Terminale GNL Adriatico S.r.l.,Adriatic LNG,21X000000001360B,,,21X000000001360B/IT,2024-05-06 09:07:54,2024-05-04,2024-05-05,269.7,273.5,249.0318,24.4772,[],C,117.27,743.45,250,1584.91
company,21X000000001360B,,Terminale GNL Adriatico S.r.l.,Adriatic LNG,21X000000001360B,,,21X000000001360B/IT,2024-05-06 09:04:12,2024-05-05,2024-05-06,269.1,273.5,249.0318,24.4772,[],C,73.99,469.05,250,1584.84
company,21X000000001360B,,Terminale GNL Adriatico S.r.l.,Adriatic LNG,21X000000001360B,,,21X000000001360B/IT,2024-05-07 09:06:15,2024-05-06,2024-05-07,272.4,273.5,249.0318,24.4772,[],C,195.63,1240.26,250,1584.96
company,21X000000001360B,,Terminale GNL Adriatico S.r.l.,Adriatic LNG,21X000000001360B,,,21X000000001360B/IT,2024-05-08 08:05:51,2024-05-07,2024-05-08,272.9,273.5,249.0318,24.4772,[],C,197.08,1249.41,250,1584.9
company,21X000000001360B,,Terminale GNL Adriatico S.r.l.,Adriatic LNG,21X000000001360B,,,21X000000001360B/IT,2024-05-09 08:54:45,2024-05-08,2024-05-09,273,273.5,249.0318,24.4772,[],C,153.13,970.77,250,1584.88
company,21X000000001360B,,Terminale GNL Adriatico S.r.l.,Adriatic LNG,21X000000001360B,,,21X000000001360B/IT,2024-05-10 08:18:04,2024-05-09,2024-05-10,273.1,273.5,249.0318,24.4772,[],C,109.31,693,250,1584.94
company,21X000000001360B,,Terminale GNL Adriatico S.r.l.,Adriatic LNG,21X000000001360B,,,21X000000001360B/IT,2024-05-13 08:51:06,2024-05-10,2024-05-11,273.2,273.5,249.0318,24.4772,[],C,65.48,415.09,250,1584.8
company,21X000000001360B,,Terminale GNL Adriatico S.r.l.,Adriatic LNG,21X000000001360B,,,21X000000001360B/IT,2024-05-13 08:51:17,2024-05-11,2024-05-12,270,273.5,249.0318,24.4772,[],C,228.01,1445.55,250,1584.96
company,21X000000001360B,,Terminale GNL Adriatico S.r.l.,Adriatic LNG,21X000000001360B,,,21X000000001360B/IT,2024-05-13 08:51:31,2024-05-12,2024-05-13,269.8,273.5,249.0318,24.4772,[],C,186.15,1180.12,250,1584.9
company,21X000000001360B,,Terminale GNL Adriatico S.r.l.,Adriatic LNG,21X000000001360B,,,21X000000001360B/IT,2024-05-14 08:16:37,2024-05-13,2024-05-14,270.1,273.5,249.0318,24.4772,[],C,142.83,905.5,250,1584.93
company,21X000000001360B,,Terminale GNL Adriatico S.r.l.,Adriatic LNG,21X000000001360B,,,21X000000001360B/IT,2024-05-15 12:05:31,2024-05-14,2024-05-15,270.1,273.5,249.0318,24.4772,[],C,99.47,630.61,250,1584.93
company,21X000000001360B,,Terminale GNL Adriatico S.r.l.,Adriatic LNG,21X000000001360B,,,21X000000001360B/IT,2024-05-16 08:54:24,2024-05-15,2024-05-16,269.2,273.5,249.0318,24.4772,[],C,56.54,358.42,250,1584.81
company,21X000000001360B,,Terminale GNL Adriatico S.r.l.,Adriatic LNG,21X000000001360B,,,21X000000001360B/IT,2024-05-17 08:14:24,2024-05-16,2024-05-17,227.5,273.5,249.0318,24.4772,[],C,20.62,130.71,250,1584.75
company,21X000000001360B,,Terminale GNL Adriatico S.r.l.,Adriatic LNG,21X000000001360B,,,21X000000001360B/IT,2024-05-20 08:17:16,2024-05-17,2024-05-18,218.3,273.5,249.0318,24.4772,[],C,158.81,1006.84,250,1584.98
company,21X000000001360B,,Terminale GNL Adriatico S.r.l.,Adriatic LNG,21X000000001360B,,,21X000000001360B/IT,2024-05-20 08:17:20,2024-05-18,2024-05-19,269.7,273.5,249.0318,24.4772,[],C,156.31,990.96,250,1584.93
company,21X000000001360B,,Terminale GNL Adriatico S.r.l.,Adriatic LNG,21X000000001360B,,,21X000000001360B/IT,2024-05-20 08:17:24,2024-05-19,2024-05-20,270.1,273.5,249.0318,24.4772,[],C,112.89,715.72,250,1584.99
company,21X000000001360B,,Terminale GNL Adriatico S.r.l.,Adriatic LNG,21X000000001360B,,,21X000000001360B/IT,2024-05-21 08:13:16,2024-05-20,2024-05-21,269.8,273.5,249.0318,24.4772,[],C,69.57,441.04,250,1584.88
company,21X000000001360B,,Terminale GNL Adriatico S.r.l.,Adriatic LNG,21X000000001360B,,,21X000000001360B/IT,2024-05-22 08:20:23,2024-05-21,2024-05-22,269.6,273.5,249.0318,24.4772,[],C,144.7,917.32,250,1584.87
company,21X000000001360B,,Terminale GNL Adriatico S.r.l.,Adriatic LNG,21X000000001360B,,,21X000000001360B/IT,2024-05-23 12:33:40,2024-05-22,2024-05-23,270.7,273.5,249.0318,24.4772,[],C,144.7,917.32,250,1584.87
company,21X000000001360B,,Terminale GNL Adriatico S.r.l.,Adriatic LNG,21X000000001360B,,,21X000000001360B/IT,2024-05-24 08:32:44,2024-05-23,2024-05-24,269.1,273.5,249.0318,24.4772,[],C,95.59,606.04,250,1585
company,21X000000001360B,,Terminale GNL Adriatico S.r.l.,Adriatic LNG,21X000000001360B,,,21X000000001360B/IT,2024-05-27 08:14:16,2024-05-24,2024-05-25,269.8,273.5,249.0318,24.4772,[],C,203.73,1291.6,250,1584.94
company,21X000000001360B,,Terminale GNL Adriatico S.r.l.,Adriatic LNG,21X000000001360B,,,21X000000001360B/IT,2024-05-27 08:12:26,2024-05-25,2024-05-26,269.1,273.5,249.0318,24.4772,[],C,159.88,1013.61,250,1584.95
company,21X000000001360B,,Terminale GNL Adriatico S.r.l.,Adriatic LNG,21X000000001360B,,,21X000000001360B/IT,2024-05-27 08:12:31,2024-05-26,2024-05-27,269.1,273.5,249.0318,24.4772,[],C,116.33,737.49,250,1584.91
company,21X000000001360B,,Terminale GNL Adriatico S.r.l.,Adriatic LNG,21X000000001360B,,,21X000000001360B/IT,2024-05-28 08:12:56,2024-05-27,2024-05-28,269.2,273.5,249.0318,24.4772,[],C,72.52,459.75,250,1584.91
company,21X000000001360B,,Terminale GNL Adriatico S.r.l.,Adriatic LNG,21X000000001360B,,,21X000000001360B/IT,2024-05-29 08:47:19,2024-05-28,2024-05-29,269.2,273.5,249.0318,24.4772,[],C,125.63,796.47,250,1584.95
company,21X000000001360B,,Terminale GNL Adriatico S.r.l.,Adriatic LNG,21X000000001360B,,,21X000000001360B/IT,2024-05-30 08:20:28,2024-05-29,2024-05-30,272.9,273.5,249.0318,24.4772,[],C,198.24,1256.81,250,1584.96
company,21X000000001360B,,Terminale GNL Adriatico S.r.l.,Adriatic LNG,21X000000001360B,,,21X000000001360B/IT,2024-05-31 10:13:48,2024-05-30,2024-05-31,272.5,273.5,249.0318,24.4772,[],C,154.31,978.27,250,1584.91
company,21X000000001360B,,Terminale GNL Adriatico S.r.l.,Adriatic LNG,21X000000001360B,,,21X000000001360B/IT,2024-06-03 08:11:46,2024-05-31,2024-06-01,271.5,273.5,249.0318,24.4772,[],C,110.76,702.18,250,1584.91
company,21X000000001360B,,Terminale GNL Adriatico S.r.l.,Adriatic LNG,21X000000001360B,,,21X000000001360B/IT,2024-06-03 08:12:10,2024-06-01,2024-06-02,247.2,273.5,216.0342,57.4747,[],C,71.53,453.49,250,1584.96
company,21X000000001360B,,Terminale GNL Adriatico S.r.l.,Adriatic LNG,21X000000001360B,,,21X000000001360B/IT,2024-06-03 08:12:34,2024-06-02,2024-06-03,245.7,273.5,216.0342,57.4747,[],C,141.97,900.06,250,1584.95
company,21X000000001360B,,Terminale GNL Adriatico S.r.l.,Adriatic LNG,21X000000001360B,,,21X000000001360B/IT,2024-06-04 09:15:03,2024-06-03,2024-06-04,273.1,273.5,216.0342,57.4747,[],C,195.26,1237.9,250,1584.94
company,21X000000001360B,,Terminale GNL Adriatico S.r.l.,Adriatic LNG,21X000000001360B,,,21X000000001360B/IT,2024-06-05 08:13:55,2024-06-04,2024-06-05,272.4,273.5,216.0342,57.4747,[],C,151.49,960.42,250,1584.96
company,21X000000001360B,,Terminale GNL Adriatico S.r.l.,Adriatic LNG,21X000000001360B,,,21X000000001360B/IT,2024-06-06 08:44:43,2024-06-05,2024-06-06,272.7,273.5,216.0342,57.4747,[],C,107.55,681.84,250,1584.94
company,21X000000001360B,,Terminale GNL Adriatico S.r.l.,Adriatic LNG,21X000000001360B,,,21X000000001360B/IT,2024-06-07 08:15:11,2024-06-06,2024-06-07,273.2,273.5,216.0342,57.4747,[],C,63.72,403.94,250,1584.82
company,21X000000001360B,,Terminale GNL Adriatico S.r.l.,Adriatic LNG,21X000000001360B,,,21X000000001360B/IT,2024-06-10 08:22:55,2024-06-07,2024-06-08,273.8,273.5,216.0342,57.4747,[],C,233.99,1483.46,250,1584.96
company,21X000000001360B,,Terminale GNL Adriatico S.r.l.,Adriatic LNG,21X000000001360B,,,21X000000001360B/IT,2024-06-10 08:23:02,2024-06-08,2024-06-09,273,273.5,216.0342,57.4747,[],C,190.14,1205.42,250,1584.91
company,21X000000001360B,,Terminale GNL Adriatico S.r.l.,Adriatic LNG,21X000000001360B,,,21X000000001360B/IT,2024-06-10 08:23:12,2024-06-09,2024-06-10,265.8,273.5,216.0342,57.4747,[],C,147.44,934.7,250,1584.88
company,21X000000001360B,,Terminale GNL Adriatico S.r.l.,Adriatic LNG,21X000000001360B,,,21X000000001360B/IT,2024-06-11 08:30:25,2024-06-10,2024-06-11,217.8,273.5,216.0342,57.4747,[],C,114.39,725.18,250,1584.89
company,21X000000001360B,,Terminale GNL Adriatico S.r.l.,Adriatic LNG,21X000000001360B,,,21X000000001360B/IT,2024-06-12 08:16:33,2024-06-11,2024-06-12,88.3,273.5,216.0342,57.4747,[],C,98.21,622.64,250,1584.97
company,21X000000001360B,,Terminale GNL Adriatico S.r.l.,Adriatic LNG,21X000000001360B,,,21X000000001360B/IT,2024-06-13 08:37:58,2024-06-12,2024-06-13,249.4,273.5,216.0342,57.4747,[],C,58.19,368.89,250,1584.85
company,21X000000001360B,,Terminale GNL Adriatico S.r.l.,Adriatic LNG,21X000000001360B,,,21X000000001360B/IT,2024-06-14 08:43:00,2024-06-13,2024-06-14,270.2,273.5,216.0342,57.4747,[],C,81.13,514.31,250,1584.83
company,21X000000001360B,,Terminale GNL Adriatico S.r.l.,Adriatic LNG,21X000000001360B,,,21X000000001360B/IT,2024-06-17 08:11:23,2024-06-14,2024-06-15,272.8,273.5,216.0342,57.4747,[],C,178.51,1131.71,250,1584.94
company,21X000000001360B,,Terminale GNL Adriatico S.r.l.,Adriatic LNG,21X000000001360B,,,21X000000001360B/IT,2024-06-17 08:11:51,2024-06-15,2024-06-16,271,273.5,216.0342,57.4747,[],C,135.02,855.99,250,1584.93
company,21X000000001360B,,Terminale GNL Adriatico S.r.l.,Adriatic LNG,21X000000001360B,,,21X000000001360B/IT,2024-06-17 08:11:58,2024-06-16,2024-06-17,229.6,273.5,216.0342,57.4747,[],C,97.86,620.41,250,1584.94
company,21X000000001360B,,Terminale GNL Adriatico S.r.l.,Adriatic LNG,21X000000001360B,,,21X000000001360B/IT,2024-06-18 08:24:42,2024-06-17,2024-06-18,273.4,273.5,216.0342,57.4747,[],C,54.07,342.77,250,1584.84
company,21X000000001360B,,Terminale GNL Adriatico S.r.l.,Adriatic LNG,21X000000001360B,,,21X000000001360B/IT,2024-06-19 08:32:10,2024-06-18,2024-06-19,273.3,273.5,216.0342,57.4747,[],C,180.23,1142.58,250,1584.89
company,21X000000001360B,,Terminale GNL Adriatico S.r.l.,Adriatic LNG,21X000000001360B,,,21X000000001360B/IT,2024-06-20 08:53:31,2024-06-19,2024-06-20,273.2,273.5,216.0342,57.4747,[],C,179.15,1135.74,250,1584.9
company,21X000000001360B,,Terminale GNL Adriatico S.r.l.,Adriatic LNG,21X000000001360B,,,21X000000001360B/IT,2024-06-21 08:25:30,2024-06-20,2024-06-21,272.2,273.5,216.0342,57.4747,[],C,135.36,858.17,250,1584.98
company,21X000000001360B,,Terminale GNL Adriatico S.r.l.,Adriatic LNG,21X000000001360B,,,21X000000001360B/IT,2024-06-24 08:27:18,2024-06-21,2024-06-22,272.2,273.5,216.0342,57.4747,[],C,91.86,582.34,250,1584.86
company,21X000000001360B,,Terminale GNL Adriatico S.r.l.,Adriatic LNG,21X000000001360B,,,21X000000001360B/IT,2024-06-24 08:27:22,2024-06-22,2024-06-23,245.4,273.5,216.0342,57.4747,[],C,53.22,337.4,250,1584.93
company,21X000000001360B,,Terminale GNL Adriatico S.r.l.,Adriatic LNG,21X000000001360B,,,21X000000001360B/IT,2024-06-24 08:27:27,2024-06-23,2024-06-24,145.6,273.5,216.0342,57.4747,[],C,30.56,193.72,250,1584.75
company,21X000000001360B,,Terminale GNL Adriatico S.r.l.,Adriatic LNG,21X000000001360B,,,21X000000001360B/IT,2024-06-25 08:21:55,2024-06-24,2024-06-25,93.8,273.5,216.0342,57.4747,[],C,15.83,100.37,250,1585.12
company,21X000000001360B,,Terminale GNL Adriatico S.r.l.,Adriatic LNG,21X000000001360B,,,21X000000001360B/IT,2024-06-26 09:37:54,2024-06-25,2024-06-26,113.8,273.5,216.0342,57.4747,[],C,120.74,765.45,250,1584.91
company,21X000000001360B,,Terminale GNL Adriatico S.r.l.,Adriatic LNG,21X000000001360B,,,21X000000001360B/IT,2024-06-27 10:02:43,2024-06-26,2024-06-27,265.2,273.5,216.0342,57.4747,[],C,106.6,675.82,250,1584.94
company,21X000000001360B,,Terminale GNL Adriatico S.r.l.,Adriatic LNG,21X000000001360B,,,21X000000001360B/IT,2024-06-28 08:11:50,2024-06-27,2024-06-28,223.6,273.5,216.0342,57.4747,[],C,127.47,808.1,250,1584.88
company,21X000000001360B,,Terminale GNL Adriatico S.r.l.,Adriatic LNG,21X000000001360B,,,21X000000001360B/IT,2024-07-01 08:16:35,2024-06-28,2024-06-29,272.9,273.5,216.0342,57.4747,[],C,234.76,1488.31,250,1584.93
company,21X000000001360B,,Terminale GNL Adriatico S.r.l.,Adriatic LNG,21X000000001360B,,,21X000000001360B/IT,2024-07-01 08:16:41,2024-06-29,2024-06-30,273.3,273.5,216.0342,57.4747,[],C,190.87,1210.05,250,1584.91
company,21X000000001360B,,Terminale GNL Adriatico S.r.l.,Adriatic LNG,21X000000001360B,,,21X000000001360B/IT,2024-07-01 08:16:47,2024-06-30,2024-07-01,273,273.5,216.0342,57.4747,[],C,146.88,931.16,250,1584.9
company,21X000000001360B,,Terminale GNL Adriatico S.r.l.,Adriatic LNG,21X000000001360B,,,21X000000001360B/IT,2024-07-02 08:13:01,2024-07-01,2024-07-02,272.3,273.5,249.0318,24.4772,[],C,103.06,653.37,250,1584.93
company,21X000000001360B,,Terminale GNL Adriatico S.r.l.,Adriatic LNG,21X000000001360B,,,21X000000001360B/IT,2024-07-03 08:49:14,2024-07-02,2024-07-03,269.7,273.5,249.0318,24.4772,[],C,137.33,870.64,250,1584.94
company,21X000000001360B,,Terminale GNL Adriatico S.r.l.,Adriatic LNG,21X000000001360B,,,21X000000001360B/IT,2024-07-04 08:16:33,2024-07-03,2024-07-04,269.6,273.5,249.0318,24.4772,[],C,174.97,1109.24,250,1584.9
company,21X000000001360B,,Terminale GNL Adriatico S.r.l.,Adriatic LNG,21X000000001360B,,,21X000000001360B/IT,2024-07-05 08:20:43,2024-07-04,2024-07-05,270.7,273.5,249.0318,24.4772,[],C,130.96,830.22,250,1584.87
company,21X000000001360B,,Terminale GNL Adriatico S.r.l.,Adriatic LNG,21X000000001360B,,,21X000000001360B/IT,2024-07-08 09:04:58,2024-07-05,2024-07-06,270.8,273.5,249.0318,24.4772,[],C,242.38,1536.62,250,1584.93
company,21X000000001360B,,Terminale GNL Adriatico S.r.l.,Adriatic LNG,21X000000001360B,,,21X000000001360B/IT,2024-07-08 09:05:03,2024-07-06,2024-07-07,270.3,273.5,249.0318,24.4772,[],C,198.5,1258.41,250,1584.9
company,21X000000001360B,,Terminale GNL Adriatico S.r.l.,Adriatic LNG,21X000000001360B,,,21X000000001360B/IT,2024-07-08 09:05:33,2024-07-07,2024-07-08,270.6,273.5,249.0318,24.4772,[],C,154.83,981.59,250,1584.95
company,21X000000001360B,,Terminale GNL Adriatico S.r.l.,Adriatic LNG,21X000000001360B,,,21X000000001360B/IT,2024-07-09 08:46:12,2024-07-08,2024-07-09,269.4,273.5,249.0318,24.4772,[],C,111.2,705,250,1584.98
company,21X000000001360B,,Terminale GNL Adriatico S.r.l.,Adriatic LNG,21X000000001360B,,,21X000000001360B/IT,2024-07-10 08:21:07,2024-07-09,2024-07-10,269.8,273.5,249.0318,24.4772,[],C,131.98,836.69,250,1584.88
company,21X000000001360B,,Terminale GNL Adriatico S.r.l.,Adriatic LNG,21X000000001360B,,,21X000000001360B/IT,2024-07-11 08:46:27,2024-07-10,2024-07-11,273.1,273.5,249.0318,24.4772,[],C,232.21,1472.11,250,1584.89
company,21X000000001360B,,Terminale GNL Adriatico S.r.l.,Adriatic LNG,21X000000001360B,,,21X000000001360B/IT,2024-07-12 08:26:34,2024-07-11,2024-07-12,273.2,273.5,249.0318,24.4772,[],C,188.27,1193.57,250,1584.92
company,21X000000001360B,,Terminale GNL Adriatico S.r.l.,Adriatic LNG,21X000000001360B,,,21X000000001360B/IT,2024-07-15 08:23:18,2024-07-12,2024-07-13,273.2,273.5,249.0318,24.4772,[],C,144.51,916.15,250,1584.92
company,21X000000001360B,,Terminale GNL Adriatico S.r.l.,Adriatic LNG,21X000000001360B,,,21X000000001360B/IT,2024-07-15 08:23:27,2024-07-13,2024-07-14,272.4,273.5,249.0318,24.4772,[],C,100.51,637.22,250,1584.97
company,21X000000001360B,,Terminale GNL Adriatico S.r.l.,Adriatic LNG,21X000000001360B,,,21X000000001360B/IT,2024-07-15 08:23:33,2024-07-14,2024-07-15,271.3,273.5,249.0318,24.4772,[],C,66.03,418.61,250,1584.92
company,21X000000001360B,,Terminale GNL Adriatico S.r.l.,Adriatic LNG,21X000000001360B,,,21X000000001360B/IT,2024-07-16 10:24:35,2024-07-15,2024-07-16,135.7,273.5,249.0318,24.4772,[],C,244.64,1550.95,250,1584.93
company,21X000000001360B,,Terminale GNL Adriatico S.r.l.,Adriatic LNG,21X000000001360B,,,21X000000001360B/IT,2024-07-17 08:21:02,2024-07-16,2024-07-17,134.8,273.5,249.0318,24.4772,[],C,222.82,1412.59,250,1584.9
company,21X000000001360B,,Terminale GNL Adriatico S.r.l.,Adriatic LNG,21X000000001360B,,,21X000000001360B/IT,2024-07-19 07:02:19,2024-07-17,2024-07-18,134.9,273.5,249.0318,24.4772,[],C,200.9,1273.63,250,1584.91
company,21X000000001360B,,Terminale GNL Adriatico S.r.l.,Adriatic LNG,21X000000001360B,,,21X000000001360B/IT,2024-07-19 09:40:20,2024-07-18,2024-07-19,134.8,273.5,249.0318,24.4772,[],C,179.13,1135.6,250,1584.88
company,21X000000001360B,,Terminale GNL Adriatico S.r.l.,Adriatic LNG,21X000000001360B,,,21X000000001360B/IT,2024-07-22 08:20:18,2024-07-19,2024-07-20,134.4,273.5,249.0318,24.4772,[],C,157.52,998.64,250,1584.94
company,21X000000001360B,,Terminale GNL Adriatico S.r.l.,Adriatic LNG,21X000000001360B,,,21X000000001360B/IT,2024-07-22 08:20:23,2024-07-20,2024-07-21,110.1,273.5,249.0318,24.4772,[],C,139.39,883.67,250,1584.89
company,21X000000001360B,,Terminale GNL Adriatico S.r.l.,Adriatic LNG,21X000000001360B,,,21X000000001360B/IT,2024-07-22 08:20:29,2024-07-21,2024-07-22,217.7,273.5,249.0318,24.4772,[],C,103.69,657.37,250,1584.94
company,21X000000001360B,,Terminale GNL Adriatico S.r.l.,Adriatic LNG,21X000000001360B,,,21X000000001360B/IT,2024-07-23 08:15:00,2024-07-22,2024-07-23,217.8,273.5,249.0318,24.4772,[],C,68.72,435.66,250,1584.91
company,21X000000001360B,,Terminale GNL Adriatico S.r.l.,Adriatic LNG,21X000000001360B,,,21X000000001360B/IT,2024-07-24 07:59:00,2024-07-23,2024-07-24,125.5,273.5,249.0318,24.4772,[],C,106.26,673.66,250,1584.93
company,21X000000001360B,,Terminale GNL Adriatico S.r.l.,Adriatic LNG,21X000000001360B,,,21X000000001360B/IT,2024-07-25 08:11:52,2024-07-24,2024-07-25,273.3,273.5,249.0318,24.4772,[],C,210.75,1336.08,250,1584.91
company,21X000000001360B,,Terminale GNL Adriatico S.r.l.,Adriatic LNG,21X000000001360B,,,21X000000001360B/IT,2024-07-26 08:17:36,2024-07-25,2024-07-26,273.4,273.5,249.0318,24.4772,[],C,166.75,1057.12,250,1584.89
company,21X000000001360B,,Terminale GNL Adriatico S.r.l.,Adriatic LNG,21X000000001360B,,,21X000000001360B/IT,2024-07-29 08:22:38,2024-07-26,2024-07-27,273.3,273.5,249.0318,24.4772,[],C,122.99,779.72,250,1584.93
company,21X000000001360B,,Terminale GNL Adriatico S.r.l.,Adriatic LNG,21X000000001360B,,,21X000000001360B/IT,2024-07-29 08:24:04,2024-07-27,2024-07-28,273.3,273.5,249.0318,24.4772,[],C,79.03,501.04,250,1584.97
company,21X000000001360B,,Terminale GNL Adriatico S.r.l.,Adriatic LNG,21X000000001360B,,,21X000000001360B/IT,2024-07-29 08:24:55,2024-07-28,2024-07-29,273.2,273.5,249.0318,24.4772,[],C,146.85,930.99,250,1584.93
company,21X000000001360B,,Terminale GNL Adriatico S.r.l.,Adriatic LNG,21X000000001360B,,,21X000000001360B/IT,2024-07-30 08:25:53,2024-07-29,2024-07-30,272.1,273.5,249.0318,24.4772,[],C,203.4,1289.51,250,1584.94
company,21X000000001360B,,Terminale GNL Adriatico S.r.l.,Adriatic LNG,21X000000001360B,,,21X000000001360B/IT,2024-07-31 09:00:58,2024-07-30,2024-07-31,273.3,273.5,249.0318,24.4772,[],C,159.44,1010.79,250,1584.91
company,21X000000001360B,,Terminale GNL Adriatico S.r.l.,Adriatic LNG,21X000000001360B,,,21X000000001360B/IT,2024-08-01 08:24:50,2024-07-31,2024-08-01,273.5,273.5,249.0318,24.4772,[],C,115.66,733.25,250,1584.93
company,21X000000001360B,,Terminale GNL Adriatico S.r.l.,Adriatic LNG,21X000000001360B,,,21X000000001360B/IT,2024-08-02 08:20:59,2024-08-01,2024-08-02,271.2,271,248.4111,22.6114,[],C,71.97,456.24,250,1584.83
company,21X000000001360B,,Terminale GNL Adriatico S.r.l.,Adriatic LNG,21X000000001360B,,,21X000000001360B/IT,2024-08-05 09:22:38,2024-08-02,2024-08-03,272.4,271,248.4111,22.6114,[],C,136.38,864.59,250,1584.89
company,21X000000001360B,,Terminale GNL Adriatico S.r.l.,Adriatic LNG,21X000000001360B,,,21X000000001360B/IT,2024-08-05 09:20:59,2024-08-03,2024-08-04,269.6,271,248.4111,22.6114,[],C,192.53,1220.57,250,1584.91
company,21X000000001360B,,Terminale GNL Adriatico S.r.l.,Adriatic LNG,21X000000001360B,,,21X000000001360B/IT,2024-08-05 09:09:57,2024-08-04,2024-08-05,269.5,271,248.4111,22.6114,[],C,149.21,945.93,250,1584.9
company,21X000000001360B,,Terminale GNL Adriatico S.r.l.,Adriatic LNG,21X000000001360B,,,21X000000001360B/IT,2024-08-06 08:28:27,2024-08-05,2024-08-06,273.4,271,248.4111,22.6114,[],C,105.39,668.11,250,1584.85
company,21X000000001360B,,Terminale GNL Adriatico S.r.l.,Adriatic LNG,21X000000001360B,,,21X000000001360B/IT,2024-08-07 08:37:06,2024-08-06,2024-08-07,272.3,271,248.4111,22.6114,[],C,61.6,390.51,250,1584.86
company,21X000000001360B,,Terminale GNL Adriatico S.r.l.,Adriatic LNG,21X000000001360B,,,21X000000001360B/IT,2024-08-08 09:44:38,2024-08-07,2024-08-08,272.4,271,248.4111,22.6114,[],C,102.5,649.83,250,1584.95
company,21X000000001360B,,Terminale GNL Adriatico S.r.l.,Adriatic LNG,21X000000001360B,,,21X000000001360B/IT,2024-08-09 08:55:54,2024-08-08,2024-08-09,272.5,271,248.4111,22.6114,[],C,185.27,1174.54,250,1584.9
company,21X000000001360B,,Terminale GNL Adriatico S.r.l.,Adriatic LNG,21X000000001360B,,,21X000000001360B/IT,2024-08-12 09:32:12,2024-08-09,2024-08-10,273.6,271,248.4111,22.6114,[],C,141.26,895.55,250,1584.93
company,21X000000001360B,,Terminale GNL Adriatico S.r.l.,Adriatic LNG,21X000000001360B,,,21X000000001360B/IT,2024-08-12 09:30:19,2024-08-10,2024-08-11,272.7,271,248.4111,22.6114,[],C,97.6,618.75,250,1584.91
company,21X000000001360B,,Terminale GNL Adriatico S.r.l.,Adriatic LNG,21X000000001360B,,,21X000000001360B/IT,2024-08-12 09:28:53,2024-08-11,2024-08-12,272.1,271,248.4111,22.6114,[],C,53.94,341.94,250,1584.82
company,21X000000001360B,,Terminale GNL Adriatico S.r.l.,Adriatic LNG,21X000000001360B,,,21X000000001360B/IT,2024-08-13 08:14:07,2024-08-12,2024-08-13,272,271,248.4111,22.6114,[],C,105.12,666.45,250,1584.97
company,21X000000001360B,,Terminale GNL Adriatico S.r.l.,Adriatic LNG,21X000000001360B,,,21X000000001360B/IT,2024-08-14 08:56:50,2024-08-13,2024-08-14,271,271,248.4111,22.6114,[],C,180.66,1145.33,250,1584.92
company,21X000000001360B,,Terminale GNL Adriatico S.r.l.,Adriatic LNG,21X000000001360B,,,21X000000001360B/IT,2024-08-16 08:21:10,2024-08-14,2024-08-15,230.7,271,248.4111,22.6114,[],C,229.77,1456.68,250,1584.93
company,21X000000001360B,,Terminale GNL Adriatico S.r.l.,Adriatic LNG,21X000000001360B,,,21X000000001360B/IT,2024-08-16 08:19:09,2024-08-15,2024-08-16,267.2,271,248.4111,22.6114,[],C,100.52,637.28,250,1584.96
company,21X000000001360B,,Terminale GNL Adriatico S.r.l.,Adriatic LNG,21X000000001360B,,,21X000000001360B/IT,2024-08-19 08:51:34,2024-08-16,2024-08-17,267.3,271,248.4111,22.6114,[],C,57.67,365.6,250,1584.88
company,21X000000001360B,,Terminale GNL Adriatico S.r.l.,Adriatic LNG,21X000000001360B,,,21X000000001360B/IT,2024-08-19 08:50:09,2024-08-17,2024-08-18,267.4,271,248.4111,22.6114,[],C,164.7,1044.17,250,1584.96
company,21X000000001360B,,Terminale GNL Adriatico S.r.l.,Adriatic LNG,21X000000001360B,,,21X000000001360B/IT,2024-08-19 08:48:08,2024-08-18,2024-08-19,267.1,271,248.4111,22.6114,[],C,185.44,1175.64,250,1584.93
company,21X000000001360B,,Terminale GNL Adriatico S.r.l.,Adriatic LNG,21X000000001360B,,,21X000000001360B/IT,2024-08-20 08:37:03,2024-08-19,2024-08-20,222.4,271,248.4111,22.6114,[],C,149.89,950.23,250,1584.88
company,21X000000001360B,,Terminale GNL Adriatico S.r.l.,Adriatic LNG,21X000000001360B,,,21X000000001360B/IT,2024-08-21 08:30:58,2024-08-20,2024-08-21,222.3,271,248.4111,22.6114,[],C,114.03,722.91,250,1584.91
company,21X000000001360B,,Terminale GNL Adriatico S.r.l.,Adriatic LNG,21X000000001360B,,,21X000000001360B/IT,2024-08-22 08:21:18,2024-08-21,2024-08-22,222.6,271,248.4111,22.6114,[],C,78.34,496.63,250,1584.85
company,21X000000001360B,,Terminale GNL Adriatico S.r.l.,Adriatic LNG,21X000000001360B,,,21X000000001360B/IT,2024-08-23 09:14:37,2024-08-22,2024-08-23,223,271,248.4111,22.6114,[],C,194.29,1231.74,250,1584.92
company,21X000000001360B,,Terminale GNL Adriatico S.r.l.,Adriatic LNG,21X000000001360B,,,21X000000001360B/IT,2024-08-26 08:21:47,2024-08-23,2024-08-24,223.7,271,248.4111,22.6114,[],C,157.91,1001.13,250,1584.97
company,21X000000001360B,,Terminale GNL Adriatico S.r.l.,Adriatic LNG,21X000000001360B,,,21X000000001360B/IT,2024-08-26 08:21:55,2024-08-24,2024-08-25,219.1,271,248.4111,22.6114,[],C,122.45,776.27,250,1584.87
company,21X000000001360B,,Terminale GNL Adriatico S.r.l.,Adriatic LNG,21X000000001360B,,,21X000000001360B/IT,2024-08-26 08:22:01,2024-08-25,2024-08-26,178.1,271,248.4111,22.6114,[],C,93.7,594.05,250,1584.98
company,21X000000001360B,,Terminale GNL Adriatico S.r.l.,Adriatic LNG,21X000000001360B,,,21X000000001360B/IT,2024-08-27 08:15:47,2024-08-26,2024-08-27,175.4,271,248.4111,22.6114,[],C,65.16,413.09,250,1584.91
company,21X000000001360B,,Terminale GNL Adriatico S.r.l.,Adriatic LNG,21X000000001360B,,,21X000000001360B/IT,2024-08-28 08:16:22,2024-08-27,2024-08-28,215.8,271,248.4111,22.6114,[],C,29.82,189.04,250,1584.84
company,21X000000001360B,,Terminale GNL Adriatico S.r.l.,Adriatic LNG,21X000000001360B,,,21X000000001360B/IT,2024-08-29 08:13:22,2024-08-28,2024-08-29,218.2,271,248.4111,22.6114,[],C,143.47,909.57,250,1584.95
company,21X000000001360B,,Terminale GNL Adriatico S.r.l.,Adriatic LNG,21X000000001360B,,,21X000000001360B/IT,2024-08-30 08:13:43,2024-08-29,2024-08-30,217.3,271,248.4111,22.6114,[],C,120.82,765.95,250,1584.9
company,21X000000001360B,,Terminale GNL Adriatico S.r.l.,Adriatic LNG,21X000000001360B,,,21X000000001360B/IT,2024-09-02 07:25:41,2024-08-30,2024-08-31,217.2,271,248.4111,22.6114,[],C,85.42,541.56,250,1584.99
company,21X000000001360B,,Terminale GNL Adriatico S.r.l.,Adriatic LNG,21X000000001360B,,,21X000000001360B/IT,2024-09-02 07:25:59,2024-08-31,2024-09-01,217.4,271,248.4111,22.6114,[],C,215.59,1366.79,250,1584.94
company,21X000000001360B,,Terminale GNL Adriatico S.r.l.,Adriatic LNG,21X000000001360B,,,21X000000001360B/IT,2024-09-02 07:25:24,2024-09-01,2024-09-02,0,271,256.9177,14.1048,[],C,0,0,250,0
company,21X000000001360B,,Terminale GNL Adriatico S.r.l.,Adriatic LNG,21X000000001360B,,,21X000000001360B/IT,2024-09-03 10:19:58,2024-09-02,2024-09-03,192.9,271,256.9177,14.1048,[],C,152.43,966.36,250,1584.92
company,21X000000001360B,,Terminale GNL Adriatico S.r.l.,Adriatic LNG,21X000000001360B,,,21X000000001360B/IT,2024-09-04 08:14:49,2024-09-03,2024-09-04,193,271,256.9177,14.1048,[],C,120.82,765.95,250,1584.9
company,21X000000001360B,,Terminale GNL Adriatico S.r.l.,Adriatic LNG,21X000000001360B,,,21X000000001360B/IT,2024-09-05 08:57:17,2024-09-04,2024-09-05,194.2,271,256.9177,14.1048,[],C,89.35,566.44,250,1584.89
company,21X000000001360B,,Terminale GNL Adriatico S.r.l.,Adriatic LNG,21X000000001360B,,,21X000000001360B/IT,2024-09-06 09:43:11,2024-09-05,2024-09-06,194.1,271,256.9177,14.1048,[],C,57.61,365.23,250,1584.92
company,21X000000001360B,,Terminale GNL Adriatico S.r.l.,Adriatic LNG,21X000000001360B,,,21X000000001360B/IT,2024-09-09 08:11:32,2024-09-06,2024-09-07,194.2,271,256.9177,14.1048,[],C,238.24,1510.35,250,1584.9
company,21X000000001360B,,Terminale GNL Adriatico S.r.l.,Adriatic LNG,21X000000001360B,,,21X000000001360B/IT,2024-09-09 08:11:39,2024-09-07,2024-09-08,194.6,271,256.9177,14.1048,[],C,209.24,1326.51,250,1584.91
company,21X000000001360B,,Terminale GNL Adriatico S.r.l.,Adriatic LNG,21X000000001360B,,,21X000000001360B/IT,2024-09-09 08:12:15,2024-09-08,2024-09-09,218.9,271,256.9177,14.1048,[],C,173.27,1098.48,250,1584.93
company,21X000000001360B,,Terminale GNL Adriatico S.r.l.,Adriatic LNG,21X000000001360B,,,21X000000001360B/IT,2024-09-10 10:47:04,2024-09-09,2024-09-10,273.8,271,256.9177,14.1048,[],C,129.33,819.89,250,1584.88
company,21X000000001360B,,Terminale GNL Adriatico S.r.l.,Adriatic LNG,21X000000001360B,,,21X000000001360B/IT,2024-09-11 09:06:34,2024-09-10,2024-09-11,272.5,271,256.9177,14.1048,[],C,85.52,542.17,250,1584.92
company,21X000000001360B,,Terminale GNL Adriatico S.r.l.,Adriatic LNG,21X000000001360B,,,21X000000001360B/IT,2024-09-12 08:12:46,2024-09-11,2024-09-12,270.1,271,256.9177,14.1048,[],C,168.51,1068.28,250,1584.89
company,21X000000001360B,,Terminale GNL Adriatico S.r.l.,Adriatic LNG,21X000000001360B,,,21X000000001360B/IT,2024-09-13 08:11:56,2024-09-12,2024-09-13,269.3,271,256.9177,14.1048,[],C,165.27,1047.78,250,1584.95
company,21X000000001360B,,Terminale GNL Adriatico S.r.l.,Adriatic LNG,21X000000001360B,,,21X000000001360B/IT,2024-09-16 08:13:35,2024-09-13,2024-09-14,269.1,271,256.9177,14.1048,[],C,121.58,770.77,250,1584.9
company,21X000000001360B,,Terminale GNL Adriatico S.r.l.,Adriatic LNG,21X000000001360B,,,21X000000001360B/IT,2024-09-16 08:13:47,2024-09-14,2024-09-15,269.3,271,256.9177,14.1048,[],C,77.73,492.81,250,1585.01
company,21X000000001360B,,Terminale GNL Adriatico S.r.l.,Adriatic LNG,21X000000001360B,,,21X000000001360B/IT,2024-09-16 08:13:56,2024-09-15,2024-09-16,269.1,271,256.9177,14.1048,[],C,136.96,868.27,250,1584.9
company,21X000000001360B,,Terminale GNL Adriatico S.r.l.,Adriatic LNG,21X000000001360B,,,21X000000001360B/IT,2024-09-17 08:28:17,2024-09-16,2024-09-17,271.5,271,256.9177,14.1048,[],C,197.64,1252.99,250,1584.94
company,21X000000001360B,,Terminale GNL Adriatico S.r.l.,Adriatic LNG,21X000000001360B,,,21X000000001360B/IT,2024-09-18 08:17:32,2024-09-17,2024-09-18,271.3,271,256.9177,14.1048,[],C,154.1,976.92,250,1584.88
company,21X000000001360B,,Terminale GNL Adriatico S.r.l.,Adriatic LNG,21X000000001360B,,,21X000000001360B/IT,2024-09-19 08:12:44,2024-09-18,2024-09-19,271,271,256.9177,14.1048,[],C,110.51,700.6,250,1584.92
company,21X000000001360B,,Terminale GNL Adriatico S.r.l.,Adriatic LNG,21X000000001360B,,,21X000000001360B/IT,2024-09-20 08:14:02,2024-09-19,2024-09-20,270.2,271,256.9177,14.1048,[],C,66.96,424.5,250,1584.9
company,21X000000001360B,,Terminale GNL Adriatico S.r.l.,Adriatic LNG,21X000000001360B,,,21X000000001360B/IT,2024-09-23 08:18:00,2024-09-20,2024-09-21,270.3,271,256.9177,14.1048,[],C,120.64,764.82,250,1584.92
company,21X000000001360B,,Terminale GNL Adriatico S.r.l.,Adriatic LNG,21X000000001360B,,,21X000000001360B/IT,2024-09-23 08:18:06,2024-09-21,2024-09-22,269.1,271,256.9177,14.1048,[],C,145.49,922.37,250,1584.94
company,21X000000001360B,,Terminale GNL Adriatico S.r.l.,Adriatic LNG,21X000000001360B,,,21X000000001360B/IT,2024-09-23 08:18:12,2024-09-22,2024-09-23,268.4,271,256.9177,14.1048,[],C,101.9,646.02,250,1584.94
company,21X000000001360B,,Terminale GNL Adriatico S.r.l.,Adriatic LNG,21X000000001360B,,,21X000000001360B/IT,2024-09-24 08:23:56,2024-09-23,2024-09-24,269.4,271,256.9177,14.1048,[],C,57.84,366.68,250,1584.89
company,21X000000001360B,,Terminale GNL Adriatico S.r.l.,Adriatic LNG,21X000000001360B,,,21X000000001360B/IT,2024-09-25 08:12:51,2024-09-24,2024-09-25,270.3,271,256.9177,14.1048,[],C,225.85,1431.85,250,1584.96
company,21X000000001360B,,Terminale GNL Adriatico S.r.l.,Adriatic LNG,21X000000001360B,,,21X000000001360B/IT,2024-09-26 08:38:31,2024-09-25,2024-09-26,270.2,271,256.9177,14.1048,[],C,184.07,1166.97,250,1584.95
company,21X000000001360B,,Terminale GNL Adriatico S.r.l.,Adriatic LNG,21X000000001360B,,,21X000000001360B/IT,2024-09-27 10:44:08,2024-09-26,2024-09-27,270.2,271,256.9177,14.1048,[],C,140.59,891.32,250,1584.96
company,21X000000001360B,,Terminale GNL Adriatico S.r.l.,Adriatic LNG,21X000000001360B,,,21X000000001360B/IT,2024-09-30 08:25:52,2024-09-27,2024-09-28,270.1,271,256.9177,14.1048,[],C,97.19,616.17,250,1584.96
company,21X000000001360B,,Terminale GNL Adriatico S.r.l.,Adriatic LNG,21X000000001360B,,,21X000000001360B/IT,2024-09-30 08:26:01,2024-09-28,2024-09-29,267.1,271,256.9177,14.1048,[],C,119.49,757.51,250,1584.88
company,21X000000001360B,,Terminale GNL Adriatico S.r.l.,Adriatic LNG,21X000000001360B,,,21X000000001360B/IT,2024-09-30 08:26:11,2024-09-29,2024-09-30,268.5,271,256.9177,14.1048,[],C,219.11,1389.11,250,1584.95
company,21X000000001360B,,Terminale GNL Adriatico S.r.l.,Adriatic LNG,21X000000001360B,,,21X000000001360B/IT,2024-10-01 08:16:28,2024-09-30,2024-10-01,273.9,271,256.9177,14.1048,[],C,175.08,1109.96,250,1584.93
company,21X000000001360B,,Terminale GNL Adriatico S.r.l.,Adriatic LNG,21X000000001360B,,,21X000000001360B/IT,2024-10-02 09:01:43,2024-10-01,2024-10-02,242.1,271,271.0225,0,[],C,136.23,863.63,250,1584.87
company,21X000000001360B,,Terminale GNL Adriatico S.r.l.,Adriatic LNG,21X000000001360B,,,21X000000001360B/IT,2024-10-03 08:32:26,2024-10-02,2024-10-03,241.7,271,271.0225,0,[],C,97.2,616.23,250,1584.95
company,21X000000001360B,,Terminale GNL Adriatico S.r.l.,Adriatic LNG,21X000000001360B,,,21X000000001360B/IT,2024-10-04 08:26:03,2024-10-03,2024-10-04,240.6,271,271.0225,0,[],C,58.42,370.36,250,1584.9
company,21X000000001360B,,Terminale GNL Adriatico S.r.l.,Adriatic LNG,21X000000001360B,,,21X000000001360B/IT,2024-10-07 08:38:41,2024-10-04,2024-10-05,205.7,271,271.0225,0,[],C,25.32,160.54,250,1585.11
company,21X000000001360B,,Terminale GNL Adriatico S.r.l.,Adriatic LNG,21X000000001360B,,,21X000000001360B/IT,2024-10-07 08:38:54,2024-10-05,2024-10-06,206.4,271,271.0225,0,[],C,111.03,703.89,250,1584.91
company,21X000000001360B,,Terminale GNL Adriatico S.r.l.,Adriatic LNG,21X000000001360B,,,21X000000001360B/IT,2024-10-07 08:38:59,2024-10-06,2024-10-07,232.1,271,271.0225,0,[],C,95.84,607.59,250,1584.91
company,21X000000001360B,,Terminale GNL Adriatico S.r.l.,Adriatic LNG,21X000000001360B,,,21X000000001360B/IT,2024-10-08 08:33:26,2024-10-07,2024-10-08,267.9,271,271.0225,0,[],C,207.63,1316.29,250,1584.9
company,21X000000001360B,,Terminale GNL Adriatico S.r.l.,Adriatic LNG,21X000000001360B,,,21X000000001360B/IT,2024-10-09 09:02:59,2024-10-08,2024-10-09,255.4,271,271.0225,0,[],C,166.86,1057.81,250,1584.88
company,21X000000001360B,,Terminale GNL Adriatico S.r.l.,Adriatic LNG,21X000000001360B,,,21X000000001360B/IT,2024-10-10 08:11:27,2024-10-09,2024-10-10,256.6,271,271.0225,0,[],C,125.85,797.86,250,1584.94
company,21X000000001360B,,Terminale GNL Adriatico S.r.l.,Adriatic LNG,21X000000001360B,,,21X000000001360B/IT,2024-10-11 08:12:37,2024-10-10,2024-10-11,256.2,271,271.0225,0,[],C,84.9,538.27,250,1585.01
company,21X000000001360B,,Terminale GNL Adriatico S.r.l.,Adriatic LNG,21X000000001360B,,,21X000000001360B/IT,2024-10-14 08:17:02,2024-10-11,2024-10-12,256,271,271.0225,0,[],C,43.93,278.47,250,1584.74
company,21X000000001360B,,Terminale GNL Adriatico S.r.l.,Adriatic LNG,21X000000001360B,,,21X000000001360B/IT,2024-10-14 08:17:13,2024-10-12,2024-10-13,241.8,271,271.0225,0,[],C,102.69,651.04,250,1584.96
company,21X000000001360B,,Terminale GNL Adriatico S.r.l.,Adriatic LNG,21X000000001360B,,,21X000000001360B/IT,2024-10-14 08:17:23,2024-10-13,2024-10-14,240.9,271,271.0225,0,[],C,173.75,1101.55,250,1584.96
company,21X000000001360B,,Terminale GNL Adriatico S.r.l.,Adriatic LNG,21X000000001360B,,,21X000000001360B/IT,2024-10-15 09:22:26,2024-10-14,2024-10-15,216.1,271,271.0225,0,[],C,139,881.19,250,1584.87
company,21X000000001360B,,Terminale GNL Adriatico S.r.l.,Adriatic LNG,21X000000001360B,,,21X000000001360B/IT,2024-10-16 09:07:23,2024-10-15,2024-10-16,216.1,271,271.0225,0,[],C,104.13,660.16,250,1584.94
company,21X000000001360B,,Terminale GNL Adriatico S.r.l.,Adriatic LNG,21X000000001360B,,,21X000000001360B/IT,2024-10-17 15:59:37,2024-10-16,2024-10-17,216.3,271,271.0225,0,[],C,69.4,439.98,250,1584.94
company,21X000000001360B,,Terminale GNL Adriatico S.r.l.,Adriatic LNG,21X000000001360B,,,21X000000001360B/IT,2024-10-18 08:12:31,2024-10-17,2024-10-18,216.1,271,271.0225,0,[],C,240.01,1521.61,250,1584.94
company,21X000000001360B,,Terminale GNL Adriatico S.r.l.,Adriatic LNG,21X000000001360B,,,21X000000001360B/IT,2024-10-21 09:18:34,2024-10-18,2024-10-19,242,271,271.0225,0,[],C,203.53,1290.31,250,1584.91
company,21X000000001360B,,Terminale GNL Adriatico S.r.l.,Adriatic LNG,21X000000001360B,,,21X000000001360B/IT,2024-10-21 09:18:50,2024-10-19,2024-10-20,228.6,271,271.0225,0,[],C,166.97,1058.57,250,1584.97
company,21X000000001360B,,Terminale GNL Adriatico S.r.l.,Adriatic LNG,21X000000001360B,,,21X000000001360B/IT,2024-10-21 09:19:00,2024-10-20,2024-10-21,228.9,271,271.0225,0,[],C,129.71,822.33,250,1584.94
company,21X000000001360B,,Terminale GNL Adriatico S.r.l.,Adriatic LNG,21X000000001360B,,,21X000000001360B/IT,2024-10-22 08:44:51,2024-10-21,2024-10-22,268.2,271,271.0225,0,[],C,86.8,550.3,250,1584.97
company,21X000000001360B,,Terminale GNL Adriatico S.r.l.,Adriatic LNG,21X000000001360B,,,21X000000001360B/IT,2024-10-23 08:43:19,2024-10-22,2024-10-23,268,271,271.0225,0,[],C,187.78,1190.48,250,1584.94
company,21X000000001360B,,Terminale GNL Adriatico S.r.l.,Adriatic LNG,21X000000001360B,,,21X000000001360B/IT,2024-10-24 08:18:42,2024-10-23,2024-10-24,268.8,271,271.0225,0,[],C,165.89,1051.68,250,1584.91
company,21X000000001360B,,Terminale GNL Adriatico S.r.l.,Adriatic LNG,21X000000001360B,,,21X000000001360B/IT,2024-10-25 08:28:23,2024-10-24,2024-10-25,266,271,271.0225,0,[],C,123.4,782.34,250,1584.97
company,21X000000001360B,,Terminale GNL Adriatico S.r.l.,Adriatic LNG,21X000000001360B,,,21X000000001360B/IT,2024-10-28 09:26:14,2024-10-25,2024-10-26,270.3,271,271.0225,0,[],C,80.37,509.54,250,1584.98
company,21X000000001360B,,Terminale GNL Adriatico S.r.l.,Adriatic LNG,21X000000001360B,,,21X000000001360B/IT,2024-10-28 09:22:30,2024-10-26,2024-10-27,226.3,271,271.0225,0,[],C,172.56,1094,250,1584.96
company,21X000000001360B,,Terminale GNL Adriatico S.r.l.,Adriatic LNG,21X000000001360B,,,21X000000001360B/IT,2024-10-28 09:16:03,2024-10-27,2024-10-28,224.5,271,271.0225,0,[],C,165.22,1047.42,250,1584.89
company,21X000000001360B,,Terminale GNL Adriatico S.r.l.,Adriatic LNG,21X000000001360B,,,21X000000001360B/IT,2024-10-29 10:17:28,2024-10-28,2024-10-29,268.6,271,271.0225,0,[],C,121.7,771.56,250,1584.96
company,21X000000001360B,,Terminale GNL Adriatico S.r.l.,Adriatic LNG,21X000000001360B,,,21X000000001360B/IT,2024-10-30 10:06:09,2024-10-29,2024-10-30,270.5,271,271.0225,0,[],C,78.12,495.25,250,1584.9
company,21X000000001360B,,Terminale GNL Adriatico S.r.l.,Adriatic LNG,21X000000001360B,,,21X000000001360B/IT,2024-10-31 09:12:47,2024-10-30,2024-10-31,270.4,271,271.0225,0,[],C,143.5,909.73,250,1584.9
company,21X000000001360B,,Terminale GNL Adriatico S.r.l.,Adriatic LNG,21X000000001360B,,,21X000000001360B/IT,2024-11-04 10:54:23,2024-10-31,2024-11-01,270.3,271,271.0225,0,[],C,153.52,973.28,250,1584.94
company,21X000000001360B,,Terminale GNL Adriatico S.r.l.,Adriatic LNG,21X000000001360B,,,21X000000001360B/IT,2024-11-04 11:20:25,2024-11-01,2024-11-02,223.7,271,259.9067,11.1158,[],C,117.63,745.74,250,1584.93
company,21X000000001360B,,Terminale GNL Adriatico S.r.l.,Adriatic LNG,21X000000001360B,,,21X000000001360B/IT,2024-11-04 11:16:55,2024-11-02,2024-11-03,223.7,271,259.9067,11.1158,[],C,117.63,745.74,250,1584.93
company,21X000000001360B,,Terminale GNL Adriatico S.r.l.,Adriatic LNG,21X000000001360B,,,21X000000001360B/IT,2024-11-04 11:13:21,2024-11-03,2024-11-04,184.2,271,259.9067,11.1158,[],C,220.19,1395.96,250,1584.95
company,21X000000001360B,,Terminale GNL Adriatico S.r.l.,Adriatic LNG,21X000000001360B,,,21X000000001360B/IT,2024-11-05 10:29:01,2024-11-04,2024-11-05,223.5,271,259.9067,11.1158,[],C,183.47,1163.13,250,1584.9
company,21X000000001360B,,Terminale GNL Adriatico S.r.l.,Adriatic LNG,21X000000001360B,,,21X000000001360B/IT,2024-11-06 09:21:06,2024-11-05,2024-11-06,268.5,271,259.9067,11.1158,[],C,139.59,884.93,250,1584.87
company,21X000000001360B,,Terminale GNL Adriatico S.r.l.,Adriatic LNG,21X000000001360B,,,21X000000001360B/IT,2024-11-07 09:11:43,2024-11-06,2024-11-07,267.5,271,259.9067,11.1158,[],C,95.91,608.02,250,1584.87
company,21X000000001360B,,Terminale GNL Adriatico S.r.l.,Adriatic LNG,21X000000001360B,,,21X000000001360B/IT,2024-11-08 09:11:14,2024-11-07,2024-11-08,267.6,271,259.9067,11.1158,[],C,181.57,1151.12,250,1584.95
company,21X000000001360B,,Terminale GNL Adriatico S.r.l.,Adriatic LNG,21X000000001360B,,,21X000000001360B/IT,2024-11-11 09:14:47,2024-11-08,2024-11-09,268.3,271,259.9067,11.1158,[],C,169.76,1076.2,250,1584.88
company,21X000000001360B,,Terminale GNL Adriatico S.r.l.,Adriatic LNG,21X000000001360B,,,21X000000001360B/IT,2024-11-11 09:14:52,2024-11-09,2024-11-10,262.1,271,259.9067,11.1158,[],C,127.24,806.66,250,1584.92
company,21X000000001360B,,Terminale GNL Adriatico S.r.l.,Adriatic LNG,21X000000001360B,,,21X000000001360B/IT,2024-11-11 09:14:59,2024-11-10,2024-11-11,262.2,271,259.9067,11.1158,[],C,84.51,535.79,250,1584.99
company,21X000000001360B,,Terminale GNL Adriatico S.r.l.,Adriatic LNG,21X000000001360B,,,21X000000001360B/IT,2024-11-12 09:23:55,2024-11-11,2024-11-12,269.4,271,259.9067,11.1158,[],C,183.89,1165.83,250,1584.96
company,21X000000001360B,,Terminale GNL Adriatico S.r.l.,Adriatic LNG,21X000000001360B,,,21X000000001360B/IT,2024-11-13 09:34:53,2024-11-12,2024-11-13,269.7,271,259.9067,11.1158,[],C,211.48,1340.72,250,1584.93
company,21X000000001360B,,Terminale GNL Adriatico S.r.l.,Adriatic LNG,21X000000001360B,,,21X000000001360B/IT,2024-11-14 09:16:13,2024-11-13,2024-11-14,268.4,271,259.9067,11.1158,[],C,168.31,1067.01,250,1584.89
company,21X000000001360B,,Terminale GNL Adriatico S.r.l.,Adriatic LNG,21X000000001360B,,,21X000000001360B/IT,2024-11-15 09:13:01,2024-11-14,2024-11-15,269.4,271,259.9067,11.1158,[],C,125.02,792.56,250,1584.87
company,21X000000001360B,,Terminale GNL Adriatico S.r.l.,Adriatic LNG,21X000000001360B,,,21X000000001360B/IT,2024-11-18 09:12:26,2024-11-15,2024-11-16,268.6,271,259.9067,11.1158,[],C,81.83,518.78,250,1584.93
company,21X000000001360B,,Terminale GNL Adriatico S.r.l.,Adriatic LNG,21X000000001360B,,,21X000000001360B/IT,2024-11-18 09:12:34,2024-11-16,2024-11-17,257.4,271,259.9067,11.1158,[],C,41.12,260.67,250,1584.81
company,21X000000001360B,,Terminale GNL Adriatico S.r.l.,Adriatic LNG,21X000000001360B,,,21X000000001360B/IT,2024-11-18 09:12:40,2024-11-17,2024-11-18,190.9,271,259.9067,11.1158,[],C,120.5,763.92,250,1584.9
company,21X000000001360B,,Terminale GNL Adriatico S.r.l.,Adriatic LNG,21X000000001360B,,,21X000000001360B/IT,2024-11-19 09:34:57,2024-11-18,2024-11-19,271.1,271,259.9067,11.1158,[],C,179.26,1136.49,250,1584.97
company,21X000000001360B,,Terminale GNL Adriatico S.r.l.,Adriatic LNG,21X000000001360B,,,21X000000001360B/IT,2024-11-20 10:01:03,2024-11-19,2024-11-20,270.2,271,259.9067,11.1158,[],C,135.7,860.3,250,1584.93
company,21X000000001360B,,Terminale GNL Adriatico S.r.l.,Adriatic LNG,21X000000001360B,,,21X000000001360B/IT,2024-11-21 09:24:16,2024-11-20,2024-11-21,269.6,271,259.9067,11.1158,[],C,92.31,585.23,250,1584.96
company,21X000000001360B,,Terminale GNL Adriatico S.r.l.,Adriatic LNG,21X000000001360B,,,21X000000001360B/IT,2024-11-22 09:21:41,2024-11-21,2024-11-22,269.4,271,259.9067,11.1158,[],C,48.85,309.72,250,1585.06
company,21X000000001360B,,Terminale GNL Adriatico S.r.l.,Adriatic LNG,21X000000001360B,,,21X000000001360B/IT,2024-11-25 10:39:40,2024-11-22,2024-11-23,270.7,271,259.9067,11.1158,[],C,133.55,846.69,250,1584.97
company,21X000000001360B,,Terminale GNL Adriatico S.r.l.,Adriatic LNG,21X000000001360B,,,21X000000001360B/IT,2024-11-25 10:40:04,2024-11-23,2024-11-24,248.5,271,259.9067,11.1158,[],C,173.39,1099.24,250,1584.92
company,21X000000001360B,,Terminale GNL Adriatico S.r.l.,Adriatic LNG,21X000000001360B,,,21X000000001360B/IT,2024-11-25 10:40:28,2024-11-24,2024-11-25,247.8,271,259.9067,11.1158,[],C,133.55,846.64,250,1584.87
company,21X000000001360B,,Terminale GNL Adriatico S.r.l.,Adriatic LNG,21X000000001360B,,,21X000000001360B/IT,2024-11-26 14:35:48,2024-11-25,2024-11-26,271,271,259.9067,11.1158,[],C,89.79,569.23,250,1584.89
company,21X000000001360B,,Terminale GNL Adriatico S.r.l.,Adriatic LNG,21X000000001360B,,,21X000000001360B/IT,2024-11-27 09:13:10,2024-11-26,2024-11-27,273.7,271,259.9067,11.1158,[],C,45.86,290.73,250,1584.88
company,21X000000001360B,,Terminale GNL Adriatico S.r.l.,Adriatic LNG,21X000000001360B,,,21X000000001360B/IT,2024-11-28 09:14:36,2024-11-27,2024-11-28,272.3,271,259.9067,11.1158,[],C,134.63,853.54,250,1584.97
company,21X000000001360B,,Terminale GNL Adriatico S.r.l.,Adriatic LNG,21X000000001360B,,,21X000000001360B/IT,2024-11-29 12:30:50,2024-11-28,2024-11-29,235.6,271,259.9067,11.1158,[],C,172.04,1090.7,250,1584.95
company,21X000000001360B,,Terminale GNL Adriatico S.r.l.,Adriatic LNG,21X000000001360B,,,21X000000001360B/IT,2024-12-02 09:44:49,2024-11-29,2024-11-30,210.9,271,259.9067,11.1158,[],C,137.41,871.12,250,1584.89
company,21X000000001360B,,Terminale GNL Adriatico S.r.l.,Adriatic LNG,21X000000001360B,,,21X000000001360B/IT,2024-12-02 09:44:52,2024-11-30,2024-12-01,237.1,271,259.9067,11.1158,[],C,100.48,637.03,250,1584.97
company,21X000000001360B,,Terminale GNL Adriatico S.r.l.,Adriatic LNG,21X000000001360B,,,21X000000001360B/IT,2024-12-02 09:44:53,2024-12-01,2024-12-02,234.8,271,214.5861,56.4364,[],C,61.82,391.91,250,1584.88
company,21X000000001360B,,Terminale GNL Adriatico S.r.l.,Adriatic LNG,21X000000001360B,,,21X000000001360B/IT,2024-12-03 09:55:18,2024-12-02,2024-12-03,252.7,271,214.5861,56.4364,[],C,146.4,928.13,250,1584.92
company,21X000000001360B,,Terminale GNL Adriatico S.r.l.,Adriatic LNG,21X000000001360B,,,21X000000001360B/IT,2024-12-04 09:21:54,2024-12-03,2024-12-04,253.2,271,214.5861,56.4364,[],C,188.43,1194.56,250,1584.89
company,21X000000001360B,,Terminale GNL Adriatico S.r.l.,Adriatic LNG,21X000000001360B,,,21X000000001360B/IT,2024-12-05 09:19:01,2024-12-04,2024-12-05,253.4,271,214.5861,56.4364,[],C,147.57,935.55,250,1584.93
company,21X000000001360B,,Terminale GNL Adriatico S.r.l.,Adriatic LNG,21X000000001360B,,,21X000000001360B/IT,2024-12-06 09:14:13,2024-12-05,2024-12-06,253.6,271,214.5861,56.4364,[],C,106.84,677.32,250,1584.89
company,21X000000001360B,,Terminale GNL Adriatico S.r.l.,Adriatic LNG,21X000000001360B,,,21X000000001360B/IT,2024-12-09 09:12:13,2024-12-06,2024-12-07,272.1,271,214.5861,56.4364,[],C,63.7,403.85,250,1584.97
company,21X000000001360B,,Terminale GNL Adriatico S.r.l.,Adriatic LNG,21X000000001360B,,,21X000000001360B/IT,2024-12-09 09:12:17,2024-12-07,2024-12-08,79.9,271,214.5861,56.4364,[],C,52,329.64,250,1584.81
company,21X000000001360B,,Terminale GNL Adriatico S.r.l.,Adriatic LNG,21X000000001360B,,,21X000000001360B/IT,2024-12-09 09:12:24,2024-12-08,2024-12-09,62.3,271,214.5861,56.4364,[],C,41.94,265.88,250,1584.88
company,21X000000001360B,,Terminale GNL Adriatico S.r.l.,Adriatic LNG,21X000000001360B,,,21X000000001360B/IT,2024-12-10 09:24:15,2024-12-09,2024-12-10,62.3,271,214.5861,56.4364,[],C,31.78,201.48,250,1584.96
company,21X000000001360B,,Terminale GNL Adriatico S.r.l.,Adriatic LNG,21X000000001360B,,,21X000000001360B/IT,2024-12-11 09:21:25,2024-12-10,2024-12-11,62.3,271,214.5861,56.4364,[],C,84.29,534.4,250,1585
company,21X000000001360B,,Terminale GNL Adriatico S.r.l.,Adriatic LNG,21X000000001360B,,,21X000000001360B/IT,2024-12-12 10:19:23,2024-12-11,2024-12-12,233.5,271,214.5861,56.4364,[],C,190.53,1207.9,250,1584.92
company,21X000000001360B,,Terminale GNL Adriatico S.r.l.,Adriatic LNG,21X000000001360B,,,21X000000001360B/IT,2024-12-13 10:27:13,2024-12-12,2024-12-13,270.7,271,214.5861,56.4364,[],C,146.81,930.76,250,1584.97
company,21X000000001360B,,Terminale GNL Adriatico S.r.l.,Adriatic LNG,21X000000001360B,,,21X000000001360B/IT,2024-12-16 09:29:09,2024-12-13,2024-12-14,270.9,271,214.5861,56.4364,[],C,103.46,655.88,250,1584.86
company,21X000000001360B,,Terminale GNL Adriatico S.r.l.,Adriatic LNG,21X000000001360B,,,21X000000001360B/IT,2024-12-16 09:29:13,2024-12-14,2024-12-15,268.9,271,214.5861,56.4364,[],C,60.18,381.54,250,1585
company,21X000000001360B,,Terminale GNL Adriatico S.r.l.,Adriatic LNG,21X000000001360B,,,21X000000001360B/IT,2024-12-16 09:29:25,2024-12-15,2024-12-16,269.2,271,214.5861,56.4364,[],C,227.99,1445.4,250,1584.94
company,21X000000001360B,,Terminale GNL Adriatico S.r.l.,Adriatic LNG,21X000000001360B,,,21X000000001360B/IT,2024-12-17 09:11:18,2024-12-16,2024-12-17,269.5,271,214.5861,56.4364,[],C,185.97,1178.99,250,1584.92
company,21X000000001360B,,Terminale GNL Adriatico S.r.l.,Adriatic LNG,21X000000001360B,,,21X000000001360B/IT,2024-12-18 09:36:11,2024-12-17,2024-12-18,269.5,271,214.5861,56.4364,[],C,142.81,905.37,250,1584.92
company,21X000000001360B,,Terminale GNL Adriatico S.r.l.,Adriatic LNG,21X000000001360B,,,21X000000001360B/IT,2024-12-19 09:17:05,2024-12-18,2024-12-19,269.3,271,214.5861,56.4364,[],C,186.1,1179.83,250,1584.94
company,21X000000001360B,,Terminale GNL Adriatico S.r.l.,Adriatic LNG,21X000000001360B,,,21X000000001360B/IT,2024-12-20 09:59:15,2024-12-19,2024-12-20,267.3,271,214.5861,56.4364,[],C,213.08,1350.89,250,1584.96
company,21X000000001360B,,Terminale GNL Adriatico S.r.l.,Adriatic LNG,21X000000001360B,,,21X000000001360B/IT,2024-12-23 09:19:19,2024-12-20,2024-12-21,268.6,271,214.5861,56.4364,[],C,169.69,1075.8,250,1584.95
company,21X000000001360B,,Terminale GNL Adriatico S.r.l.,Adriatic LNG,21X000000001360B,,,21X000000001360B/IT,2024-12-23 09:19:32,2024-12-21,2024-12-22,268.5,271,214.5861,56.4364,[],C,126.15,799.74,250,1584.9
company,21X000000001360B,,Terminale GNL Adriatico S.r.l.,Adriatic LNG,21X000000001360B,,,21X000000001360B/IT,2024-12-23 09:19:40,2024-12-22,2024-12-23,268.8,271,214.5861,56.4364,[],C,82.9,525.59,250,1585.01
company,21X000000001360B,,Terminale GNL Adriatico S.r.l.,Adriatic LNG,21X000000001360B,,,21X000000001360B/IT,2024-12-24 11:55:04,2024-12-23,2024-12-24,269.3,271,214.5861,56.4364,[],C,169.14,1072.3,250,1584.93
company,21X000000001360B,,Terminale GNL Adriatico S.r.l.,Adriatic LNG,21X000000001360B,,,21X000000001360B/IT,2024-12-27 09:23:03,2024-12-24,2024-12-25,268.8,271,214.5861,56.4364,[],C,209.77,1329.88,250,1584.93
company,21X000000001360B,,Terminale GNL Adriatico S.r.l.,Adriatic LNG,21X000000001360B,,,21X000000001360B/IT,2024-12-27 09:21:09,2024-12-25,2024-12-26,268.5,271,214.5861,56.4364,[],C,166.56,1055.96,250,1584.95
company,21X000000001360B,,Terminale GNL Adriatico S.r.l.,Adriatic LNG,21X000000001360B,,,21X000000001360B/IT,2024-12-27 23:00:07,2024-12-26,2024-12-27,268.4,271,214.5861,56.4364,[],C,123.46,782.71,250,1584.95
company,21X000000001360B,,Terminale GNL Adriatico S.r.l.,Adriatic LNG,21X000000001360B,,,21X000000001360B/IT,2024-12-30 09:29:58,2024-12-27,2024-12-28,268.5,271,214.5861,56.4364,[],C,80.3,509.1,250,1584.99
company,21X000000001360B,,Terminale GNL Adriatico S.r.l.,Adriatic LNG,21X000000001360B,,,21X000000001360B/IT,2024-12-30 09:28:22,2024-12-28,2024-12-29,269,271,214.5861,56.4364,[],C,169.52,1074.73,250,1584.96
company,21X000000001360B,,Terminale GNL Adriatico S.r.l.,Adriatic LNG,21X000000001360B,,,21X000000001360B/IT,2024-12-30 09:26:47,2024-12-29,2024-12-30,268.4,271,214.5861,56.4364,[],C,201.89,1279.94,250,1584.95
company,21X000000001360B,,Terminale GNL Adriatico S.r.l.,Adriatic LNG,21X000000001360B,,,21X000000001360B/IT,2024-12-31 09:40:35,2024-12-30,2024-12-31,268.9,271,214.5861,56.4364,[],C,158.45,1004.5,250,1584.88
company,21X000000001360B,,Terminale GNL Adriatico S.r.l.,Adriatic LNG,21X000000001360B,,,21X000000001360B/IT,2025-01-02 08:44:30,2024-12-31,2025-01-01,268.8,271,214.5861,56.4364,[],C,115.52,732.38,250,1584.96
company,21X000000001360B,,Terminale GNL Adriatico S.r.l.,Adriatic LNG,21X000000001360B,,,21X000000001360B/IT,2025-01-02 09:19:26,2025-01-01,2025-01-02,222.3,271.8,271.765,0,[],C,80.14,508.04,250,1584.85
company,21X000000001360B,,Terminale GNL Adriatico S.r.l.,Adriatic LNG,21X000000001360B,,,21X000000001360B/IT,2025-01-03 09:16:44,2025-01-02,2025-01-03,222.7,271.8,271.765,0,[],C,139.49,884.32,250,1584.92
company,21X000000001360B,,Terminale GNL Adriatico S.r.l.,Adriatic LNG,21X000000001360B,,,21X000000001360B/IT,2025-01-07 09:24:27,2025-01-03,2025-01-04,221.6,271.8,271.765,0,[],C,124.37,788.47,250,1584.93
company,21X000000001360B,,Terminale GNL Adriatico S.r.l.,Adriatic LNG,21X000000001360B,,,21X000000001360B/IT,2025-01-07 09:24:36,2025-01-04,2025-01-05,221.4,271.8,271.765,0,[],C,133.36,845.44,250,1584.88
company,21X000000001360B,,Terminale GNL Adriatico S.r.l.,Adriatic LNG,21X000000001360B,,,21X000000001360B/IT,2025-01-07 09:24:45,2025-01-05,2025-01-06,221.5,271.8,271.765,0,[],C,97.29,616.78,250,1584.9
company,21X000000001360B,,Terminale GNL Adriatico S.r.l.,Adriatic LNG,21X000000001360B,,,21X000000001360B/IT,2025-01-07 09:24:58,2025-01-06,2025-01-07,221.2,271.8,271.765,0,[],C,160.46,1017.27,250,1584.93
company,21X000000001360B,,Terminale GNL Adriatico S.r.l.,Adriatic LNG,21X000000001360B,,,21X000000001360B/IT,2025-01-08 09:15:53,2025-01-07,2025-01-08,222.7,271.8,271.765,0,[],C,141.34,896.06,250,1584.94
company,21X000000001360B,,Terminale GNL Adriatico S.r.l.,Adriatic LNG,21X000000001360B,,,21X000000001360B/IT,2025-01-09 09:30:19,2025-01-08,2025-01-09,222.7,271.8,271.765,0,[],C,155.11,983.35,250,1584.92
company,21X000000001360B,,Terminale GNL Adriatico S.r.l.,Adriatic LNG,21X000000001360B,,,21X000000001360B/IT,2025-01-10 09:11:38,2025-01-09,2025-01-10,222.8,271.8,271.765,0,[],C,118.79,753.09,250,1584.92
company,21X000000001360B,,Terminale GNL Adriatico S.r.l.,Adriatic LNG,21X000000001360B,,,21X000000001360B/IT,2025-01-13 09:25:25,2025-01-10,2025-01-11,222.7,271.8,271.765,0,[],C,241.94,1533.83,250,1584.93
company,21X000000001360B,,Terminale GNL Adriatico S.r.l.,Adriatic LNG,21X000000001360B,,,21X000000001360B/IT,2025-01-13 09:25:45,2025-01-11,2025-01-12,216.4,271.8,271.765,0,[],C,213.64,1354.44,250,1584.96
company,21X000000001360B,,Terminale GNL Adriatico S.r.l.,Adriatic LNG,21X000000001360B,,,21X000000001360B/IT,2025-01-13 09:25:45,2025-01-12,2025-01-13,216.3,271.8,271.765,0,[],C,178.38,1130.86,250,1584.9
company,21X000000001360B,,Terminale GNL Adriatico S.r.l.,Adriatic LNG,21X000000001360B,,,21X000000001360B/IT,2025-01-14 09:14:41,2025-01-13,2025-01-14,221.8,271.8,271.765,0,[],C,141.81,899.03,250,1584.92
company,21X000000001360B,,Terminale GNL Adriatico S.r.l.,Adriatic LNG,21X000000001360B,,,21X000000001360B/IT,2025-01-15 10:40:24,2025-01-14,2025-01-15,221.9,271.8,271.765,0,[],C,105.87,671.21,250,1584.99
company,21X000000001360B,,Terminale GNL Adriatico S.r.l.,Adriatic LNG,21X000000001360B,,,21X000000001360B/IT,2025-01-16 09:19:28,2025-01-15,2025-01-16,222.5,271.8,271.765,0,[],C,69.29,439.29,250,1584.97
company,21X000000001360B,,Terminale GNL Adriatico S.r.l.,Adriatic LNG,21X000000001360B,,,21X000000001360B/IT,2025-01-17 10:48:41,2025-01-16,2025-01-17,222.7,271.8,271.765,0,[],C,33.17,210.27,250,1584.79
company,21X000000001360B,,Terminale GNL Adriatico S.r.l.,Adriatic LNG,21X000000001360B,,,21X000000001360B/IT,2025-01-20 09:14:00,2025-01-17,2025-01-18,223.5,271.8,271.765,0,[],C,135.86,861.29,250,1584.89
company,21X000000001360B,,Terminale GNL Adriatico S.r.l.,Adriatic LNG,21X000000001360B,,,21X000000001360B/IT,2025-01-20 09:14:04,2025-01-18,2025-01-19,222.6,271.8,271.765,0,[],C,169.23,1072.86,250,1584.91
company,21X000000001360B,,Terminale GNL Adriatico S.r.l.,Adriatic LNG,21X000000001360B,,,21X000000001360B/IT,2025-01-20 09:14:06,2025-01-19,2025-01-20,223,271.8,271.765,0,[],C,133.44,845.94,250,1584.87
company,21X000000001360B,,Terminale GNL Adriatico S.r.l.,Adriatic LNG,21X000000001360B,,,21X000000001360B/IT,2025-01-21 09:17:25,2025-01-20,2025-01-21,231.9,271.8,271.765,0,[],C,95.72,606.83,250,1584.91
company,21X000000001360B,,Terminale GNL Adriatico S.r.l.,Adriatic LNG,21X000000001360B,,,21X000000001360B/IT,2025-01-22 10:29:50,2025-01-21,2025-01-22,270.2,271.8,271.765,0,[],C,51.79,328.35,250,1585.01
company,21X000000001360B,,Terminale GNL Adriatico S.r.l.,Adriatic LNG,21X000000001360B,,,21X000000001360B/IT,2025-01-23 09:36:44,2025-01-22,2025-01-23,272,271.8,271.765,0,[],C,151.99,963.55,250,1584.89
company,21X000000001360B,,Terminale GNL Adriatico S.r.l.,Adriatic LNG,21X000000001360B,,,21X000000001360B/IT,2025-01-24 09:29:24,2025-01-23,2025-01-24,270.1,271.8,271.765,0,[],C,144.54,916.33,250,1584.91
company,21X000000001360B,,Terminale GNL Adriatico S.r.l.,Adriatic LNG,21X000000001360B,,,21X000000001360B/IT,2025-01-27 09:29:43,2025-01-24,2025-01-25,270,271.8,271.765,0,[],C,133.97,849.32,250,1584.91
company,21X000000001360B,,Terminale GNL Adriatico S.r.l.,Adriatic LNG,21X000000001360B,,,21X000000001360B/IT,2025-01-27 09:29:48,2025-01-25,2025-01-26,255.5,271.8,271.765,0,[],C,93.48,592.63,250,1584.91
company,21X000000001360B,,Terminale GNL Adriatico S.r.l.,Adriatic LNG,21X000000001360B,,,21X000000001360B/IT,2025-01-27 09:29:59,2025-01-26,2025-01-27,229.3,271.8,271.765,0,[],C,147.81,937.09,250,1584.96
company,21X000000001360B,,Terminale GNL Adriatico S.r.l.,Adriatic LNG,21X000000001360B,,,21X000000001360B/IT,2025-01-28 09:15:19,2025-01-27,2025-01-28,270.7,271.8,271.765,0,[],C,177.06,1122.5,250,1584.91
company,21X000000001360B,,Terminale GNL Adriatico S.r.l.,Adriatic LNG,21X000000001360B,,,21X000000001360B/IT,2025-01-29 10:20:02,2025-01-28,2025-01-29,270.5,271.8,271.765,0,[],C,133.35,845.41,250,1584.95
company,21X000000001360B,,Terminale GNL Adriatico S.r.l.,Adriatic LNG,21X000000001360B,,,21X000000001360B/IT,2025-01-30 09:11:46,2025-01-29,2025-01-30,270.5,271.8,271.765,0,[],C,89.6,568.02,250,1584.88
company,21X000000001360B,,Terminale GNL Adriatico S.r.l.,Adriatic LNG,21X000000001360B,,,21X000000001360B/IT,2025-01-31 09:18:24,2025-01-30,2025-01-31,270.4,271.8,271.765,0,[],C,45.88,290.86,250,1584.9
company,21X000000001360B,,Terminale GNL Adriatico S.r.l.,Adriatic LNG,21X000000001360B,,,21X000000001360B/IT,2025-02-03 10:15:37,2025-01-31,2025-02-01,270.7,271.8,271.765,0,[],C,139.38,883.66,250,1584.98
company,21X000000001360B,,Terminale GNL Adriatico S.r.l.,Adriatic LNG,21X000000001360B,,,21X000000001360B/IT,2025-02-03 10:15:49,2025-02-01,2025-02-02,240.7,271.8,250.6427,21.1223,[],C,176.87,1121.27,250,1584.88
company,21X000000001360B,,Terminale GNL Adriatico S.r.l.,Adriatic LNG,21X000000001360B,,,21X000000001360B/IT,2025-02-03 10:15:58,2025-02-02,2025-02-03,240.7,271.8,250.6427,21.1223,[],C,137.97,874.69,250,1584.93
company,21X000000001360B,,Terminale GNL Adriatico S.r.l.,Adriatic LNG,21X000000001360B,,,21X000000001360B/IT,2025-02-04 09:14:19,2025-02-03,2025-02-04,272.1,271.8,250.6427,21.1223,[],C,93.94,595.57,250,1584.97
company,21X000000001360B,,Terminale GNL Adriatico S.r.l.,Adriatic LNG,21X000000001360B,,,21X000000001360B/IT,2025-02-05 09:23:57,2025-02-04,2025-02-05,271.9,271.8,250.6427,21.1223,[],C,50.22,318.4,250,1585.03
company,21X000000001360B,,Terminale GNL Adriatico S.r.l.,Adriatic LNG,21X000000001360B,,,21X000000001360B/IT,2025-02-06 09:22:52,2025-02-05,2025-02-06,272,271.8,250.6427,21.1223,[],C,172.46,1093.35,250,1584.93
company,21X000000001360B,,Terminale GNL Adriatico S.r.l.,Adriatic LNG,21X000000001360B,,,21X000000001360B/IT,2025-02-07 09:27:24,2025-02-06,2025-02-07,272.4,271.8,250.6427,21.1223,[],C,170.56,1081.3,250,1584.93
company,21X000000001360B,,Terminale GNL Adriatico S.r.l.,Adriatic LNG,21X000000001360B,,,21X000000001360B/IT,2025-02-10 09:28:48,2025-02-07,2025-02-08,272.5,271.8,250.6427,21.1223,[],C,126.71,803.31,250,1584.94
company,21X000000001360B,,Terminale GNL Adriatico S.r.l.,Adriatic LNG,21X000000001360B,,,21X000000001360B/IT,2025-02-10 09:29:00,2025-02-08,2025-02-09,232.7,271.8,250.6427,21.1223,[],C,89.88,569.82,250,1584.95
company,21X000000001360B,,Terminale GNL Adriatico S.r.l.,Adriatic LNG,21X000000001360B,,,21X000000001360B/IT,2025-02-10 09:29:06,2025-02-09,2025-02-10,232.7,271.8,250.6427,21.1223,[],C,52.24,331.16,250,1584.8
company,21X000000001360B,,Terminale GNL Adriatico S.r.l.,Adriatic LNG,21X000000001360B,,,21X000000001360B/IT,2025-02-11 10:27:25,2025-02-10,2025-02-11,273.3,271.8,250.6427,21.1223,[],C,174.54,1106.53,250,1584.92
company,21X000000001360B,,Terminale GNL Adriatico S.r.l.,Adriatic LNG,21X000000001360B,,,21X000000001360B/IT,2025-02-12 09:47:47,2025-02-11,2025-02-12,273.4,271.8,250.6427,21.1223,[],C,178.53,1131.82,250,1584.92
company,21X000000001360B,,Terminale GNL Adriatico S.r.l.,Adriatic LNG,21X000000001360B,,,21X000000001360B/IT,2025-02-13 09:22:19,2025-02-12,2025-02-13,273.6,271.8,250.6427,21.1223,[],C,134.35,851.77,250,1584.98
company,21X000000001360B,,Terminale GNL Adriatico S.r.l.,Adriatic LNG,21X000000001360B,,,21X000000001360B/IT,2025-02-14 09:11:36,2025-02-13,2025-02-14,273.7,271.8,250.6427,21.1223,[],C,90.59,574.29,250,1584.86
company,21X000000001360B,,Terminale GNL Adriatico S.r.l.,Adriatic LNG,21X000000001360B,,,21X000000001360B/IT,2025-02-17 09:37:24,2025-02-14,2025-02-15,273.1,271.8,250.6427,21.1223,[],C,47.53,301.35,250,1585.05
company,21X000000001360B,,Terminale GNL Adriatico S.r.l.,Adriatic LNG,21X000000001360B,,,21X000000001360B/IT,2025-02-17 09:37:21,2025-02-15,2025-02-16,137.2,271.8,250.6427,21.1223,[],C,24.94,158.1,250,1584.8
company,21X000000001360B,,Terminale GNL Adriatico S.r.l.,Adriatic LNG,21X000000001360B,,,21X000000001360B/IT,2025-02-17 09:37:19,2025-02-16,2025-02-17,260.5,271.8,250.6427,21.1223,[],C,142.4,902.78,250,1584.94
company,21X000000001360B,,Terminale GNL Adriatico S.r.l.,Adriatic LNG,21X000000001360B,,,21X000000001360B/IT,2025-02-18 09:16:29,2025-02-17,2025-02-18,274.9,271.8,250.6427,21.1223,[],C,99.76,632.48,250,1585
company,21X000000001360B,,Terminale GNL Adriatico S.r.l.,Adriatic LNG,21X000000001360B,,,21X000000001360B/IT,2025-02-19 09:20:08,2025-02-18,2025-02-19,276.3,271.8,250.6427,21.1223,[],C,55.03,348.9,250,1585.04
company,21X000000001360B,,Terminale GNL Adriatico S.r.l.,Adriatic LNG,21X000000001360B,,,21X000000001360B/IT,2025-02-20 09:28:11,2025-02-19,2025-02-20,276,271.8,250.6427,21.1223,[],C,118.15,749.06,250,1584.98
company,21X000000001360B,,Terminale GNL Adriatico S.r.l.,Adriatic LNG,21X000000001360B,,,21X000000001360B/IT,2025-02-21 09:17:23,2025-02-20,2025-02-21,276,271.8,250.6427,21.1223,[],C,174.38,1105.55,250,1584.97
company,21X000000001360B,,Terminale GNL Adriatico S.r.l.,Adriatic LNG,21X000000001360B,,,21X000000001360B/IT,2025-02-24 09:17:06,2025-02-21,2025-02-22,269.1,271.8,250.6427,21.1223,[],C,131.13,831.3,250,1584.88
company,21X000000001360B,,Terminale GNL Adriatico S.r.l.,Adriatic LNG,21X000000001360B,,,21X000000001360B/IT,2025-02-24 09:17:09,2025-02-22,2025-02-23,261.7,271.8,250.6427,21.1223,[],C,89.55,567.69,250,1584.84
company,21X000000001360B,,Terminale GNL Adriatico S.r.l.,Adriatic LNG,21X000000001360B,,,21X000000001360B/IT,2025-02-24 09:17:28,2025-02-23,2025-02-24,260.8,271.8,250.6427,21.1223,[],C,47.38,300.38,250,1584.95
company,21X000000001360B,,Terminale GNL Adriatico S.r.l.,Adriatic LNG,21X000000001360B,,,21X000000001360B/IT,2025-02-25 09:17:40,2025-02-24,2025-02-25,272.3,271.8,250.6427,21.1223,[],C,196.91,1248.36,250,1584.94
company,21X000000001360B,,Terminale GNL Adriatico S.r.l.,Adriatic LNG,21X000000001360B,,,21X000000001360B/IT,2025-02-26 09:12:14,2025-02-25,2025-02-26,274,271.8,250.6427,21.1223,[],C,173.18,1097.92,250,1584.94
company,21X000000001360B,,Terminale GNL Adriatico S.r.l.,Adriatic LNG,21X000000001360B,,,21X000000001360B/IT,2025-02-27 09:11:51,2025-02-26,2025-02-27,274.1,271.8,250.6427,21.1223,[],C,129.04,818.07,250,1584.92
company,21X000000001360B,,Terminale GNL Adriatico S.r.l.,Adriatic LNG,21X000000001360B,,,21X000000001360B/IT,2025-02-28 09:13:17,2025-02-27,2025-02-28,273.9,271.8,250.6427,21.1223,[],C,84.88,538.12,250,1584.94
company,21X000000001360B,,Terminale GNL Adriatico S.r.l.,Adriatic LNG,21X000000001360B,,,21X000000001360B/IT,2025-03-03 09:12:24,2025-02-28,2025-03-01,274.7,271.8,250.6427,21.1223,[],C,40.84,258.89,250,1584.78
company,21X000000001360B,,Terminale GNL Adriatico S.r.l.,Adriatic LNG,21X000000001360B,,,21X000000001360B/IT,2025-03-03 09:12:41,2025-03-01,2025-03-02,266.7,271.8,213.4477,58.3174,[],C,22.44,142.26,250,1584.89
company,21X000000001360B,,Terminale GNL Adriatico S.r.l.,Adriatic LNG,21X000000001360B,,,21X000000001360B/IT,2025-03-03 09:12:46,2025-03-02,2025-03-03,267.3,271.8,213.4477,58.3174,[],C,117.82,746.93,250,1584.9
company,21X000000001360B,,Terminale GNL Adriatico S.r.l.,Adriatic LNG,21X000000001360B,,,21X000000001360B/IT,2025-03-04 09:23:33,2025-03-03,2025-03-04,267.5,271.8,213.4477,58.3174,[],C,74.58,472.84,250,1585.01
company,21X000000001360B,,Terminale GNL Adriatico S.r.l.,Adriatic LNG,21X000000001360B,,,21X000000001360B/IT,2025-03-05 10:58:12,2025-03-04,2025-03-05,268.1,271.8,213.4477,58.3174,[],C,123.6,783.56,250,1584.87
company,21X000000001360B,,Terminale GNL Adriatico S.r.l.,Adriatic LNG,21X000000001360B,,,21X000000001360B/IT,2025-03-06 09:20:41,2025-03-05,2025-03-06,268.4,271.8,213.4477,58.3174,[],C,198.79,1260.26,250,1584.91
company,21X000000001360B,,Terminale GNL Adriatico S.r.l.,Adriatic LNG,21X000000001360B,,,21X000000001360B/IT,2025-03-07 09:27:38,2025-03-06,2025-03-07,268.5,271.8,213.4477,58.3174,[],C,155.63,986.66,250,1584.95
company,21X000000001360B,,Terminale GNL Adriatico S.r.l.,Adriatic LNG,21X000000001360B,,,21X000000001360B/IT,2025-03-10 09:59:58,2025-03-07,2025-03-08,268.4,271.8,213.4477,58.3174,[],C,112.54,713.44,250,1584.86
company,21X000000001360B,,Terminale GNL Adriatico S.r.l.,Adriatic LNG,21X000000001360B,,,21X000000001360B/IT,2025-03-10 10:00:06,2025-03-08,2025-03-09,262.4,271.8,213.4477,58.3174,[],C,156.9,994.69,250,1584.91
company,21X000000001360B,,Terminale GNL Adriatico S.r.l.,Adriatic LNG,21X000000001360B,,,21X000000001360B/IT,2025-03-10 10:00:16,2025-03-09,2025-03-10,262.6,271.8,213.4477,58.3174,[],C,191.63,1214.88,250,1584.93
company,21X000000001360B,,Terminale GNL Adriatico S.r.l.,Adriatic LNG,21X000000001360B,,,21X000000001360B/IT,2025-03-11 09:21:40,2025-03-10,2025-03-11,269.7,271.8,213.4477,58.3174,[],C,147.88,937.49,250,1584.88
company,21X000000001360B,,Terminale GNL Adriatico S.r.l.,Adriatic LNG,21X000000001360B,,,21X000000001360B/IT,2025-03-12 09:46:39,2025-03-11,2025-03-12,269.6,271.8,213.4477,58.3174,[],C,104.33,661.4,250,1584.87
company,21X000000001360B,,Terminale GNL Adriatico S.r.l.,Adriatic LNG,21X000000001360B,,,21X000000001360B/IT,2025-03-13 09:26:34,2025-03-12,2025-03-13,270,271.8,213.4477,58.3174,[],C,135.48,858.88,250,1584.88
company,21X000000001360B,,Terminale GNL Adriatico S.r.l.,Adriatic LNG,21X000000001360B,,,21X000000001360B/IT,2025-03-14 09:25:29,2025-03-13,2025-03-14,197.4,271.8,213.4477,58.3174,[],C,219.28,1390.18,250,1584.94
company,21X000000001360B,,Terminale GNL Adriatico S.r.l.,Adriatic LNG,21X000000001360B,,,21X000000001360B/IT,2025-03-17 09:27:57,2025-03-14,2025-03-15,227.5,271.8,213.4477,58.3174,[],C,182.88,1159.41,250,1584.93
company,21X000000001360B,,Terminale GNL Adriatico S.r.l.,Adriatic LNG,21X000000001360B,,,21X000000001360B/IT,2025-03-17 09:28:06,2025-03-15,2025-03-16,181.4,271.8,213.4477,58.3174,[],C,152.79,968.64,250,1584.92
company,21X000000001360B,,Terminale GNL Adriatico S.r.l.,Adriatic LNG,21X000000001360B,,,21X000000001360B/IT,2025-03-17 09:29:08,2025-03-16,2025-03-17,197.2,271.8,213.4477,58.3174,[],C,121.61,770.97,250,1584.92
company,21X000000001360B,,Terminale GNL Adriatico S.r.l.,Adriatic LNG,21X000000001360B,,,21X000000001360B/IT,2025-03-18 10:39:48,2025-03-17,2025-03-18,234.9,271.8,213.4477,58.3174,[],C,84.67,536.79,250,1584.95
company,21X000000001360B,,Terminale GNL Adriatico S.r.l.,Adriatic LNG,21X000000001360B,,,21X000000001360B/IT,2025-03-19 09:11:47,2025-03-18,2025-03-19,272.3,271.8,213.4477,58.3174,[],C,57.27,363.05,250,1584.82
company,21X000000001360B,,Terminale GNL Adriatico S.r.l.,Adriatic LNG,21X000000001360B,,,21X000000001360B/IT,2025-03-20 09:32:27,2025-03-19,2025-03-20,273.1,271.8,213.4477,58.3174,[],C,115.88,734.65,250,1584.94
company,21X000000001360B,,Terminale GNL Adriatico S.r.l.,Adriatic LNG,21X000000001360B,,,21X000000001360B/IT,2025-03-21 09:11:46,2025-03-20,2025-03-21,273.1,271.8,213.4477,58.3174,[],C,177.34,1124.31,250,1584.96
company,21X000000001360B,,Terminale GNL Adriatico S.r.l.,Adriatic LNG,21X000000001360B,,,21X000000001360B/IT,2025-03-24 10:42:42,2025-03-21,2025-03-22,273.2,271.8,213.4477,58.3174,[],C,133.47,846.15,250,1584.91
company,21X000000001360B,,Terminale GNL Adriatico S.r.l.,Adriatic LNG,21X000000001360B,,,21X000000001360B/IT,2025-03-24 10:42:42,2025-03-22,2025-03-23,273,271.8,213.4477,58.3174,[],C,89.71,568.74,250,1584.94
company,21X000000001360B,,Terminale GNL Adriatico S.r.l.,Adriatic LNG,21X000000001360B,,,21X000000001360B/IT,2025-03-24 10:42:46,2025-03-23,2025-03-24,233.3,271.8,213.4477,58.3174,[],C,52.16,330.66,250,1584.84
company,21X000000001360B,,Terminale GNL Adriatico S.r.l.,Adriatic LNG,21X000000001360B,,,21X000000001360B/IT,2025-03-25 11:17:41,2025-03-24,2025-03-25,236.8,271.8,213.4477,58.3174,[],C,163.03,1033.55,250,1584.91
company,21X000000001360B,,Terminale GNL Adriatico S.r.l.,Adriatic LNG,21X000000001360B,,,21X000000001360B/IT,2025-03-26 09:27:59,2025-03-25,2025-03-26,273.2,271.8,213.4477,58.3174,[],C,184.46,1169.39,250,1584.88
company,21X000000001360B,,Terminale GNL Adriatico S.r.l.,Adriatic LNG,21X000000001360B,,,21X000000001360B/IT,2025-03-27 09:17:05,2025-03-26,2025-03-27,273.2,271.8,213.4477,58.3174,[],C,140.55,891.06,250,1584.95
company,21X000000001360B,,Terminale GNL Adriatico S.r.l.,Adriatic LNG,21X000000001360B,,,21X000000001360B/IT,2025-03-28 09:27:39,2025-03-27,2025-03-28,273.2,271.8,213.4477,58.3174,[],C,96.65,612.73,250,1584.92
company,21X000000001360B,,Terminale GNL Adriatico S.r.l.,Adriatic LNG,21X000000001360B,,,21X000000001360B/IT,2025-03-31 09:52:27,2025-03-28,2025-03-29,273.3,271.8,213.4477,58.3174,[],C,161.98,1026.89,250,1584.9
company,21X000000001360B,,Terminale GNL Adriatico S.r.l.,Adriatic LNG,21X000000001360B,,,21X000000001360B/IT,2025-03-31 09:54:00,2025-03-29,2025-03-30,273,271.8,213.4477,58.3174,[],C,216.86,1374.81,250,1584.91
company,21X000000001360B,,Terminale GNL Adriatico S.r.l.,Adriatic LNG,21X000000001360B,,,21X000000001360B/IT,2025-03-31 08:28:55,2025-03-30,2025-03-31,273.4,271.8,213.4477,58.3174,[],C,173.2,1098.03,250,1584.92
company,21X000000001360B,,Terminale GNL Adriatico S.r.l.,Adriatic LNG,21X000000001360B,,,21X000000001360B/IT,2025-04-01 08:11:47,2025-03-31,2025-04-01,271.8,271.8,213.4477,58.3174,[],C,129.73,822.46,250,1584.95
company,21X000000001360B,,Terminale GNL Adriatico S.r.l.,Adriatic LNG,21X000000001360B,,,21X000000001360B/IT,2025-04-02 08:17:29,2025-04-01,2025-04-02,270.4,271.8,248.3134,23.4517,[],C,86.49,548.3,250,1584.87
company,21X000000001360B,,Terminale GNL Adriatico S.r.l.,Adriatic LNG,21X000000001360B,,,21X000000001360B/IT,2025-04-03 08:29:00,2025-04-02,2025-04-03,270.2,271.8,248.3134,23.4517,[],C,142.34,902.39,250,1584.92
company,21X000000001360B,,Terminale GNL Adriatico S.r.l.,Adriatic LNG,21X000000001360B,,,21X000000001360B/IT,2025-04-04 08:19:46,2025-04-03,2025-04-04,271.6,271.8,248.3134,23.4517,[],C,163.02,1033.5,250,1584.93
company,21X000000001360B,,Terminale GNL Adriatico S.r.l.,Adriatic LNG,21X000000001360B,,,21X000000001360B/IT,2025-04-07 08:12:33,2025-04-04,2025-04-05,270.7,271.8,248.3134,23.4517,[],C,123.45,782.63,250,1584.91
company,21X000000001360B,,Terminale GNL Adriatico S.r.l.,Adriatic LNG,21X000000001360B,,,21X000000001360B/IT,2025-04-07 08:12:13,2025-04-05,2025-04-06,270.6,271.8,248.3134,23.4517,[],C,225.25,1428.01,250,1584.92
company,21X000000001360B,,Terminale GNL Adriatico S.r.l.,Adriatic LNG,21X000000001360B,,,21X000000001360B/IT,2025-04-07 08:12:13,2025-04-06,2025-04-07,223.9,271.8,248.3134,23.4517,[],C,189.47,1201.16,250,1584.89
company,21X000000001360B,,Terminale GNL Adriatico S.r.l.,Adriatic LNG,21X000000001360B,,,21X000000001360B/IT,2025-04-08 08:16:03,2025-04-07,2025-04-08,269.1,271.8,248.3134,23.4517,[],C,146.18,926.73,250,1584.91
company,21X000000001360B,,Terminale GNL Adriatico S.r.l.,Adriatic LNG,21X000000001360B,,,21X000000001360B/IT,2025-04-09 08:22:07,2025-04-08,2025-04-09,274.8,271.8,248.3134,23.4517,[],C,102.2,647.93,250,1584.96
company,21X000000001360B,,Terminale GNL Adriatico S.r.l.,Adriatic LNG,21X000000001360B,,,21X000000001360B/IT,2025-04-10 08:17:45,2025-04-09,2025-04-10,274.9,271.8,248.3134,23.4517,[],C,224.05,1420.43,250,1584.95
company,21X000000001360B,,Terminale GNL Adriatico S.r.l.,Adriatic LNG,21X000000001360B,,,21X000000001360B/IT,2025-04-11 10:20:44,2025-04-10,2025-04-11,273.9,271.8,248.3134,23.4517,[],C,179.63,1138.79,250,1584.91
company,21X000000001360B,,Terminale GNL Adriatico S.r.l.,Adriatic LNG,21X000000001360B,,,21X000000001360B/IT,2025-04-14 08:14:24,2025-04-11,2025-04-12,273.8,271.8,248.3134,23.4517,[],C,135.17,856.93,250,1584.91
company,21X000000001360B,,Terminale GNL Adriatico S.r.l.,Adriatic LNG,21X000000001360B,,,21X000000001360B/IT,2025-04-14 08:14:37,2025-04-12,2025-04-13,255,271.8,248.3134,23.4517,[],C,94.21,597.25,250,1584.89
company,21X000000001360B,,Terminale GNL Adriatico S.r.l.,Adriatic LNG,21X000000001360B,,,21X000000001360B/IT,2025-04-14 08:14:37,2025-04-13,2025-04-14,223.5,271.8,248.3134,23.4517,[],C,110.65,701.52,250,1585
company,21X000000001360B,,Terminale GNL Adriatico S.r.l.,Adriatic LNG,21X000000001360B,,,21X000000001360B/IT,2025-04-15 08:13:32,2025-04-14,2025-04-15,222.3,271.8,248.3134,23.4517,[],C,74.94,475.07,250,1584.83
company,21X000000001360B,,Terminale GNL Adriatico S.r.l.,Adriatic LNG,21X000000001360B,,,21X000000001360B/IT,2025-04-16 09:29:46,2025-04-15,2025-04-16,93.4,271.8,248.3134,23.4517,[],C,60.88,385.97,250,1584.96
company,21X000000001360B,,Terminale GNL Adriatico S.r.l.,Adriatic LNG,21X000000001360B,,,21X000000001360B/IT,2025-04-17 09:02:57,2025-04-16,2025-04-17,92.4,271.8,248.3134,23.4517,[],C,45.75,290.02,250,1584.81
company,21X000000001360B,,Terminale GNL Adriatico S.r.l.,Adriatic LNG,21X000000001360B,,,21X000000001360B/IT,2025-04-18 08:26:16,2025-04-17,2025-04-18,93.4,271.8,248.3134,23.4517,[],C,30.29,192.06,250,1585.18
company,21X000000001360B,,Terminale GNL Adriatico S.r.l.,Adriatic LNG,21X000000001360B,,,21X000000001360B/IT,2025-04-22 09:00:48,2025-04-18,2025-04-19,198.2,271.8,248.3134,23.4517,[],C,155.16,983.67,250,1584.93
company,21X000000001360B,,Terminale GNL Adriatico S.r.l.,Adriatic LNG,21X000000001360B,,,21X000000001360B/IT,2025-04-22 08:58:25,2025-04-19,2025-04-20,278.6,271.8,248.3134,23.4517,[],C,112.94,715.99,250,1584.89
company,21X000000001360B,,Terminale GNL Adriatico S.r.l.,Adriatic LNG,21X000000001360B,,,21X000000001360B/IT,2025-04-22 08:57:13,2025-04-20,2025-04-21,278.5,271.8,248.3134,23.4517,[],C,68.19,432.3,250,1584.91
company,21X000000001360B,,Terminale GNL Adriatico S.r.l.,Adriatic LNG,21X000000001360B,,,21X000000001360B/IT,2025-04-22 08:30:25,2025-04-21,2025-04-22,277.8,271.8,248.3134,23.4517,[],C,235.93,1495.72,250,1584.92
company,21X000000001360B,,Terminale GNL Adriatico S.r.l.,Adriatic LNG,21X000000001360B,,,21X000000001360B/IT,2025-04-23 08:16:27,2025-04-22,2025-04-23,278.3,271.8,248.3134,23.4517,[],C,192.7,1221.69,250,1584.96
company,21X000000001360B,,Terminale GNL Adriatico S.r.l.,Adriatic LNG,21X000000001360B,,,21X000000001360B/IT,2025-04-24 08:45:20,2025-04-23,2025-04-24,278.3,271.8,248.3134,23.4517,[],C,148,938.3,250,1584.97
company,21X000000001360B,,Terminale GNL Adriatico S.r.l.,Adriatic LNG,21X000000001360B,,,21X000000001360B/IT,2025-04-28 08:19:49,2025-04-24,2025-04-25,278.4,271.8,248.3134,23.4517,[],C,103.2,654.24,250,1584.88
company,21X000000001360B,,Terminale GNL Adriatico S.r.l.,Adriatic LNG,21X000000001360B,,,21X000000001360B/IT,2025-04-28 08:20:46,2025-04-25,2025-04-26,277.8,271.8,248.3134,23.4517,[],C,58.74,372.41,250,1584.99
company,21X000000001360B,,Terminale GNL Adriatico S.r.l.,Adriatic LNG,21X000000001360B,,,21X000000001360B/IT,2025-04-28 08:21:50,2025-04-26,2025-04-27,278.5,271.8,248.3134,23.4517,[],C,194.76,1234.69,250,1584.89
company,21X000000001360B,,Terminale GNL Adriatico S.r.l.,Adriatic LNG,21X000000001360B,,,21X000000001360B/IT,2025-04-28 08:26:59,2025-04-27,2025-04-28,278.4,271.8,248.3134,23.4517,[],C,184.04,1166.73,250,1584.89
company,21X000000001360B,,Terminale GNL Adriatico S.r.l.,Adriatic LNG,21X000000001360B,,,21X000000001360B/IT,2025-04-29 08:13:13,2025-04-28,2025-04-29,278,271.8,248.3134,23.4517,[],C,139.39,883.67,250,1584.89
company,21X000000001360B,,Terminale GNL Adriatico S.r.l.,Adriatic LNG,21X000000001360B,,,21X000000001360B/IT,2025-04-30 08:35:30,2025-04-29,2025-04-30,278.5,271.8,248.3134,23.4517,[],C,94.61,599.78,250,1584.87
company,21X000000001360B,,Terminale GNL Adriatico S.r.l.,Adriatic LNG,21X000000001360B,,,21X000000001360B/IT,2025-05-02 09:40:46,2025-04-30,2025-05-01,277.1,271.8,248.3134,23.4517,[],C,135.23,857.35,250,1584.98
company,21X000000001360B,,Terminale GNL Adriatico S.r.l.,Adriatic LNG,21X000000001360B,,,21X000000001360B/IT,2025-05-02 09:55:25,2025-05-01,2025-05-02,278.5,271.8,246.1343,25.6308,[],C,218.94,1388.02,250,1584.93
company,21X000000001360B,,Terminale GNL Adriatico S.r.l.,Adriatic LNG,21X000000001360B,,,21X000000001360B/IT,2025-05-05 07:09:24,2025-05-02,2025-05-03,278.5,271.8,246.1343,25.6308,[],C,174.15,1104.08,250,1584.96
company,21X000000001360B,,Terminale GNL Adriatico S.r.l.,Adriatic LNG,21X000000001360B,,,21X000000001360B/IT,2025-05-05 07:10:11,2025-05-03,2025-05-04,278.5,271.8,246.1343,25.6308,[],C,129.37,820.17,250,1584.93
company,21X000000001360B,,Terminale GNL Adriatico S.r.l.,Adriatic LNG,21X000000001360B,,,21X000000001360B/IT,2025-05-05 08:13:57,2025-05-04,2025-05-05,279,271.8,246.1343,25.6308,[],C,84.63,536.51,250,1584.87
company,21X000000001360B,,Terminale GNL Adriatico S.r.l.,Adriatic LNG,21X000000001360B,,,21X000000001360B/IT,2025-05-06 08:18:38,2025-05-05,2025-05-06,277.5,271.8,246.1343,25.6308,[],C,40.27,255.28,250,1584.8
company,21X000000001360B,,Terminale GNL Adriatico S.r.l.,Adriatic LNG,21X000000001360B,,,21X000000001360B/IT,2025-05-07 09:09:03,2025-05-06,2025-05-07,277.2,271.8,246.1343,25.6308,[],C,153.96,976.06,250,1584.92
company,21X000000001360B,,Terminale GNL Adriatico S.r.l.,Adriatic LNG,21X000000001360B,,,21X000000001360B/IT,2025-05-08 08:21:11,2025-05-07,2025-05-08,278.3,271.8,246.1343,25.6308,[],C,159.54,1011.42,250,1584.9
company,21X000000001360B,,Terminale GNL Adriatico S.r.l.,Adriatic LNG,21X000000001360B,,,21X000000001360B/IT,2025-05-09 08:17:55,2025-05-08,2025-05-09,278.5,271.8,246.1343,25.6308,[],C,114.76,727.54,250,1584.92
company,21X000000001360B,,Terminale GNL Adriatico S.r.l.,Adriatic LNG,21X000000001360B,,,21X000000001360B/IT,2025-05-12 07:03:13,2025-05-09,2025-05-10,278.6,271.8,246.1343,25.6308,[],C,70.07,444.24,250,1584.99
company,21X000000001360B,,Terminale GNL Adriatico S.r.l.,Adriatic LNG,21X000000001360B,,,21X000000001360B/IT,2025-05-12 07:04:18,2025-05-10,2025-05-11,278.7,271.8,246.1343,25.6308,[],C,174.74,1107.82,250,1584.95
company,21X000000001360B,,Terminale GNL Adriatico S.r.l.,Adriatic LNG,21X000000001360B,,,21X000000001360B/IT,2025-05-12 08:14:13,2025-05-11,2025-05-12,279.1,271.8,246.1343,25.6308,[],C,129.98,824,250,1584.86
company,21X000000001360B,,Terminale GNL Adriatico S.r.l.,Adriatic LNG,21X000000001360B,,,21X000000001360B/IT,2025-05-13 08:14:21,2025-05-12,2025-05-13,279.3,271.8,246.1343,25.6308,[],C,85.29,540.74,250,1585
company,21X000000001360B,,Terminale GNL Adriatico S.r.l.,Adriatic LNG,21X000000001360B,,,21X000000001360B/IT,2025-05-14 08:43:34,2025-05-13,2025-05-14,281.2,271.8,246.1343,25.6308,[],C,198.22,1256.65,250,1584.92
company,21X000000001360B,,Terminale GNL Adriatico S.r.l.,Adriatic LNG,21X000000001360B,,,21X000000001360B/IT,2025-05-15 08:29:33,2025-05-14,2025-05-15,280.4,271.8,246.1343,25.6308,[],C,158.06,1002.03,250,1584.89
company,21X000000001360B,,Terminale GNL Adriatico S.r.l.,Adriatic LNG,21X000000001360B,,,21X000000001360B/IT,2025-05-16 08:30:08,2025-05-15,2025-05-16,239,271.8,246.1343,25.6308,[],C,119.94,760.38,250,1584.92
company,21X000000001360B,,Terminale GNL Adriatico S.r.l.,Adriatic LNG,21X000000001360B,,,21X000000001360B/IT,2025-05-19 06:53:10,2025-05-16,2025-05-17,280.3,271.8,246.1343,25.6308,[],C,74.51,472.36,250,1584.89
company,21X000000001360B,,Terminale GNL Adriatico S.r.l.,Adriatic LNG,21X000000001360B,,,21X000000001360B/IT,2025-05-19 06:54:05,2025-05-17,2025-05-18,277,271.8,246.1343,25.6308,[],C,154.7,980.77,250,1584.95
company,21X000000001360B,,Terminale GNL Adriatico S.r.l.,Adriatic LNG,21X000000001360B,,,21X000000001360B/IT,2025-05-19 08:15:53,2025-05-18,2025-05-19,217.6,271.8,246.1343,25.6308,[],C,158.92,1007.53,250,1584.96
company,21X000000001360B,,Terminale GNL Adriatico S.r.l.,Adriatic LNG,21X000000001360B,,,21X000000001360B/IT,2025-05-20 08:30:46,2025-05-19,2025-05-20,281.4,271.8,246.1343,25.6308,[],C,113.77,721.26,250,1584.91
company,21X000000001360B,,Terminale GNL Adriatico S.r.l.,Adriatic LNG,21X000000001360B,,,21X000000001360B/IT,2025-05-21 08:41:11,2025-05-20,2025-05-21,281.3,271.8,246.1343,25.6308,[],C,115.92,734.93,250,1584.99
company,21X000000001360B,,Terminale GNL Adriatico S.r.l.,Adriatic LNG,21X000000001360B,,,21X000000001360B/IT,2025-05-22 08:16:47,2025-05-21,2025-05-22,280.7,271.8,246.1343,25.6308,[],C,235.74,1494.51,250,1584.91
company,21X000000001360B,,Terminale GNL Adriatico S.r.l.,Adriatic LNG,21X000000001360B,,,21X000000001360B/IT,2025-05-23 08:52:17,2025-05-22,2025-05-23,284.2,271.8,246.1343,25.6308,[],C,189.95,1204.22,250,1584.92
company,21X000000001360B,,Terminale GNL Adriatico S.r.l.,Adriatic LNG,21X000000001360B,,,21X000000001360B/IT,2025-05-26 07:04:29,2025-05-23,2025-05-24,284.4,271.8,246.1343,25.6308,[],C,144.38,915.34,250,1584.95
company,21X000000001360B,,Terminale GNL Adriatico S.r.l.,Adriatic LNG,21X000000001360B,,,21X000000001360B/IT,2025-05-26 07:05:26,2025-05-24,2025-05-25,281.3,271.8,246.1343,25.6308,[],C,99.46,630.56,250,1584.96
company,21X000000001360B,,Terminale GNL Adriatico S.r.l.,Adriatic LNG,21X000000001360B,,,21X000000001360B/IT,2025-05-26 08:34:08,2025-05-25,2025-05-26,280.8,271.8,246.1343,25.6308,[],C,137.69,872.92,250,1584.94
company,21X000000001360B,,Terminale GNL Adriatico S.r.l.,Adriatic LNG,21X000000001360B,,,21X000000001360B/IT,2025-05-27 08:22:25,2025-05-26,2025-05-27,279.9,271.8,246.1343,25.6308,[],C,222.56,1410.98,250,1584.94
company,21X000000001360B,,Terminale GNL Adriatico S.r.l.,Adriatic LNG,21X000000001360B,,,21X000000001360B/IT,2025-05-28 08:24:10,2025-05-27,2025-05-28,280.6,271.8,246.1343,25.6308,[],C,177.62,1126.05,250,1584.91
company,21X000000001360B,,Terminale GNL Adriatico S.r.l.,Adriatic LNG,21X000000001360B,,,21X000000001360B/IT,2025-05-29 08:28:52,2025-05-28,2025-05-29,281,271.8,246.1343,25.6308,[],C,132.63,840.85,250,1584.95
company,21X000000001360B,,Terminale GNL Adriatico S.r.l.,Adriatic LNG,21X000000001360B,,,21X000000001360B/IT,2025-05-30 08:12:47,2025-05-29,2025-05-30,280.8,271.8,246.1343,25.6308,[],C,87.67,555.79,250,1584.89
company,21X000000001360B,,Terminale GNL Adriatico S.r.l.,Adriatic LNG,21X000000001360B,,,21X000000001360B/IT,2025-06-03 06:59:02,2025-05-30,2025-05-31,281.3,271.8,246.1343,25.6308,[],C,208.5,1321.82,250,1584.92
company,21X000000001360B,,Terminale GNL Adriatico S.r.l.,Adriatic LNG,21X000000001360B,,,21X000000001360B/IT,2025-06-03 07:05:13,2025-05-31,2025-06-01,281.2,271.8,246.1343,25.6308,[],C,205.46,1302.54,250,1584.91
company,21X000000001360B,,Terminale GNL Adriatico S.r.l.,Adriatic LNG,21X000000001360B,,,21X000000001360B/IT,2025-06-03 07:20:31,2025-06-01,2025-06-02,270.3,271.8,248.3134,23.4517,[],C,162.19,1028.24,250,1584.93
company,21X000000001360B,,Terminale GNL Adriatico S.r.l.,Adriatic LNG,21X000000001360B,,,21X000000001360B/IT,2025-06-03 08:53:00,2025-06-02,2025-06-03,270.5,271.8,248.3134,23.4517,[],C,118.77,752.98,250,1584.95
company,21X000000001360B,,Terminale GNL Adriatico S.r.l.,Adriatic LNG,21X000000001360B,,,21X000000001360B/IT,2025-06-04 08:16:13,2025-06-03,2025-06-04,270,271.8,248.3134,23.4517,[],C,75.52,478.76,250,1584.88
company,21X000000001360B,,Terminale GNL Adriatico S.r.l.,Adriatic LNG,21X000000001360B,,,21X000000001360B/IT,2025-06-05 08:37:04,2025-06-04,2025-06-05,270.9,271.8,248.3134,23.4517,[],C,189.36,1200.49,250,1584.93
company,21X000000001360B,,Terminale GNL Adriatico S.r.l.,Adriatic LNG,21X000000001360B,,,21X000000001360B/IT,2025-06-06 08:56:52,2025-06-05,2025-06-06,269.6,271.8,248.3134,23.4517,[],C,146.33,927.67,250,1584.89
company,21X000000001360B,,Terminale GNL Adriatico S.r.l.,Adriatic LNG,21X000000001360B,,,21X000000001360B/IT,2025-06-09 08:32:59,2025-06-06,2025-06-07,269.7,271.8,248.3134,23.4517,[],C,103.25,654.56,250,1584.89
company,21X000000001360B,,Terminale GNL Adriatico S.r.l.,Adriatic LNG,21X000000001360B,,,21X000000001360B/IT,2025-06-09 08:33:33,2025-06-07,2025-06-08,269.8,271.8,248.3134,23.4517,[],C,114.05,723.05,250,1584.94
company,21X000000001360B,,Terminale GNL Adriatico S.r.l.,Adriatic LNG,21X000000001360B,,,21X000000001360B/IT,2025-06-09 08:34:15,2025-06-08,2025-06-09,269.7,271.8,248.3134,23.4517,[],C,180.63,1145.15,250,1584.94
company,21X000000001360B,,Terminale GNL Adriatico S.r.l.,Adriatic LNG,21X000000001360B,,,21X000000001360B/IT,2025-06-10 08:17:18,2025-06-09,2025-06-10,268.8,271.8,248.3134,23.4517,[],C,137.61,872.42,250,1584.95
company,21X000000001360B,,Terminale GNL Adriatico S.r.l.,Adriatic LNG,21X000000001360B,,,21X000000001360B/IT,2025-06-11 08:14:38,2025-06-10,2025-06-11,268.9,271.8,248.3134,23.4517,[],C,94.22,597.31,250,1584.88
company,21X000000001360B,,Terminale GNL Adriatico S.r.l.,Adriatic LNG,21X000000001360B,,,21X000000001360B/IT,2025-06-12 08:35:37,2025-06-11,2025-06-12,270.4,271.8,248.3134,23.4517,[],C,50.82,322.21,250,1585.06
company,21X000000001360B,,Terminale GNL Adriatico S.r.l.,Adriatic LNG,21X000000001360B,,,21X000000001360B/IT,2025-06-13 08:31:16,2025-06-12,2025-06-13,270.2,271.8,248.3134,23.4517,[],C,199.42,1264.29,250,1584.96
company,21X000000001360B,,Terminale GNL Adriatico S.r.l.,Adriatic LNG,21X000000001360B,,,21X000000001360B/IT,2025-06-16 07:33:56,2025-06-13,2025-06-14,270.2,271.8,248.3134,23.4517,[],C,171.62,1088.01,250,1584.91
company,21X000000001360B,,Terminale GNL Adriatico S.r.l.,Adriatic LNG,21X000000001360B,,,21X000000001360B/IT,2025-06-16 07:34:46,2025-06-14,2025-06-15,270.3,271.8,248.3134,23.4517,[],C,128.03,811.68,250,1584.94
company,21X000000001360B,,Terminale GNL Adriatico S.r.l.,Adriatic LNG,21X000000001360B,,,21X000000001360B/IT,2025-06-16 08:11:13,2025-06-15,2025-06-16,270.4,271.8,248.3134,23.4517,[],C,84.57,536.16,250,1584.96
company,21X000000001360B,,Terminale GNL Adriatico S.r.l.,Adriatic LNG,21X000000001360B,,,21X000000001360B/IT,2025-06-17 08:20:37,2025-06-16,2025-06-17,239.3,271.8,248.3134,23.4517,[],C,45.84,290.61,250,1584.91
company,21X000000001360B,,Terminale GNL Adriatico S.r.l.,Adriatic LNG,21X000000001360B,,,21X000000001360B/IT,2025-06-18 08:11:08,2025-06-17,2025-06-18,269.3,271.8,248.3134,23.4517,[],C,77.3,490.09,250,1585.03
company,21X000000001360B,,Terminale GNL Adriatico S.r.l.,Adriatic LNG,21X000000001360B,,,21X000000001360B/IT,2025-06-19 08:34:36,2025-06-18,2025-06-19,270.9,271.8,248.3134,23.4517,[],C,119.84,759.74,250,1584.9
company,21X000000001360B,,Terminale GNL Adriatico S.r.l.,Adriatic LNG,21X000000001360B,,,21X000000001360B/IT,2025-06-20 08:16:17,2025-06-19,2025-06-20,246,271.8,248.3134,23.4517,[],C,79.42,503.49,250,1584.9
company,21X000000001360B,,Terminale GNL Adriatico S.r.l.,Adriatic LNG,21X000000001360B,,,21X000000001360B/IT,2025-06-23 06:52:21,2025-06-20,2025-06-21,274.9,271.8,248.3134,23.4517,[],C,196.2,1243.82,250,1584.89
company,21X000000001360B,,Terminale GNL Adriatico S.r.l.,Adriatic LNG,21X000000001360B,,,21X000000001360B/IT,2025-06-23 06:53:23,2025-06-21,2025-06-22,273.4,271.8,248.3134,23.4517,[],C,204.54,1296.7,250,1584.9
company,21X000000001360B,,Terminale GNL Adriatico S.r.l.,Adriatic LNG,21X000000001360B,,,21X000000001360B/IT,2025-06-23 08:22:19,2025-06-22,2025-06-23,256,271.8,248.3134,23.4517,[],C,163.39,1035.87,250,1584.97
company,21X000000001360B,,Terminale GNL Adriatico S.r.l.,Adriatic LNG,21X000000001360B,,,21X000000001360B/IT,2025-06-24 08:47:40,2025-06-23,2025-06-24,278.2,271.8,248.3134,23.4517,[],C,118.33,750.16,250,1584.89
company,21X000000001360B,,Terminale GNL Adriatico S.r.l.,Adriatic LNG,21X000000001360B,,,21X000000001360B/IT,2025-06-25 08:20:28,2025-06-24,2025-06-25,261,271.8,248.3134,23.4517,[],C,76.94,487.79,250,1584.97
company,21X000000001360B,,Terminale GNL Adriatico S.r.l.,Adriatic LNG,21X000000001360B,,,21X000000001360B/IT,2025-06-26 08:18:39,2025-06-25,2025-06-26,256.5,271.8,248.3134,23.4517,[],C,211.39,1340.13,250,1584.9
company,21X000000001360B,,Terminale GNL Adriatico S.r.l.,Adriatic LNG,21X000000001360B,,,21X000000001360B/IT,2025-06-27 08:16:10,2025-06-26,2025-06-27,278.5,271.8,248.3134,23.4517,[],C,198,1255.26,250,1584.92
company,21X000000001360B,,Terminale GNL Adriatico S.r.l.,Adriatic LNG,21X000000001360B,,,21X000000001360B/IT,2025-06-30 07:27:37,2025-06-27,2025-06-28,278.5,271.8,248.3134,23.4517,[],C,153.23,971.45,250,1584.95
company,21X000000001360B,,Terminale GNL Adriatico S.r.l.,Adriatic LNG,21X000000001360B,,,21X000000001360B/IT,2025-06-30 07:30:35,2025-06-28,2025-06-29,278.4,271.8,248.3134,23.4517,[],C,108.47,687.68,250,1584.95
company,21X000000001360B,,Terminale GNL Adriatico S.r.l.,Adriatic LNG,21X000000001360B,,,21X000000001360B/IT,2025-06-30 08:12:18,2025-06-29,2025-06-30,277.4,271.8,248.3134,23.4517,[],C,63.65,403.52,250,1584.92
company,21X000000001360B,,Terminale GNL Adriatico S.r.l.,Adriatic LNG,21X000000001360B,,,21X000000001360B/IT,2025-07-01 08:10:59,2025-06-30,2025-07-01,278.9,271.8,248.3134,23.4517,[],C,189.95,1204.22,250,1584.92
company,21X000000001360B,,Terminale GNL Adriatico S.r.l.,Adriatic LNG,21X000000001360B,,,21X000000001360B/IT,2025-07-02 08:13:08,2025-07-01,2025-07-02,270,271.8,271.765,0,[],C,183.74,1164.88,250,1584.96
company,21X000000001360B,,Terminale GNL Adriatico S.r.l.,Adriatic LNG,21X000000001360B,,,21X000000001360B/IT,2025-07-03 08:15:41,2025-07-02,2025-07-03,270.1,271.8,271.765,0,[],C,140.29,889.42,250,1584.97
company,21X000000001360B,,Terminale GNL Adriatico S.r.l.,Adriatic LNG,21X000000001360B,,,21X000000001360B/IT,2025-07-04 08:19:24,2025-07-03,2025-07-04,270,271.8,271.765,0,[],C,97.11,615.62,250,1584.85
company,21X000000001360B,,Terminale GNL Adriatico S.r.l.,Adriatic LNG,21X000000001360B,,,21X000000001360B/IT,2025-07-07 07:06:42,2025-07-04,2025-07-05,217.9,271.8,271.765,0,[],C,62.61,396.91,250,1584.85
company,21X000000001360B,,Terminale GNL Adriatico S.r.l.,Adriatic LNG,21X000000001360B,,,21X000000001360B/IT,2025-07-07 07:07:25,2025-07-05,2025-07-06,134.6,271.8,271.765,0,[],C,41.49,263.05,250,1585.02
company,21X000000001360B,,Terminale GNL Adriatico S.r.l.,Adriatic LNG,21X000000001360B,,,21X000000001360B/IT,2025-07-07 08:20:04,2025-07-06,2025-07-07,134.8,271.8,271.765,0,[],C,18.04,114.35,250,1584.67
company,21X000000001360B,,Terminale GNL Adriatico S.r.l.,Adriatic LNG,21X000000001360B,,,21X000000001360B/IT,2025-07-08 08:16:50,2025-07-07,2025-07-08,270.7,271.8,271.765,0,[],C,140.43,890.26,250,1584.88
company,21X000000001360B,,Terminale GNL Adriatico S.r.l.,Adriatic LNG,21X000000001360B,,,21X000000001360B/IT,2025-07-09 08:40:54,2025-07-08,2025-07-09,271.2,271.8,271.765,0,[],C,96.54,612.05,250,1584.96
company,21X000000001360B,,Terminale GNL Adriatico S.r.l.,Adriatic LNG,21X000000001360B,,,21X000000001360B/IT,2025-07-10 08:41:15,2025-07-09,2025-07-10,271.1,271.8,271.765,0,[],C,191.91,1216.66,250,1584.94
company,21X000000001360B,,Terminale GNL Adriatico S.r.l.,Adriatic LNG,21X000000001360B,,,21X000000001360B/IT,2025-07-11 08:12:08,2025-07-10,2025-07-11,271.1,271.8,271.765,0,[],C,172.26,1092.06,250,1584.9
company,21X000000001360B,,Terminale GNL Adriatico S.r.l.,Adriatic LNG,21X000000001360B,,,21X000000001360B/IT,2025-07-14 07:08:13,2025-07-11,2025-07-12,271.5,271.8,271.765,0,[],C,128.2,812.78,250,1584.98
company,21X000000001360B,,Terminale GNL Adriatico S.r.l.,Adriatic LNG,21X000000001360B,,,21X000000001360B/IT,2025-07-14 07:08:20,2025-07-12,2025-07-13,270.6,271.8,271.765,0,[],C,84.69,536.91,250,1584.93
company,21X000000001360B,,Terminale GNL Adriatico S.r.l.,Adriatic LNG,21X000000001360B,,,21X000000001360B/IT,2025-07-14 08:23:23,2025-07-13,2025-07-14,186.9,271.8,271.765,0,[],C,54.52,345.66,250,1585.01
company,21X000000001360B,,Terminale GNL Adriatico S.r.l.,Adriatic LNG,21X000000001360B,,,21X000000001360B/IT,2025-07-15 08:13:11,2025-07-14,2025-07-15,270.7,271.8,271.765,0,[],C,20.02,126.9,250,1584.67
company,21X000000001360B,,Terminale GNL Adriatico S.r.l.,Adriatic LNG,21X000000001360B,,,21X000000001360B/IT,2025-07-16 08:12:36,2025-07-15,2025-07-16,271.2,271.8,271.765,0,[],C,179.95,1140.84,250,1584.94
company,21X000000001360B,,Terminale GNL Adriatico S.r.l.,Adriatic LNG,21X000000001360B,,,21X000000001360B/IT,2025-07-17 10:36:40,2025-07-16,2025-07-17,277.9,271.8,271.765,0,[],C,134.88,855.07,250,1584.87
company,21X000000001360B,,Terminale GNL Adriatico S.r.l.,Adriatic LNG,21X000000001360B,,,21X000000001360B/IT,2025-07-18 08:12:00,2025-07-17,2025-07-18,277.7,271.8,271.765,0,[],C,90.28,572.34,250,1584.9
company,21X000000001360B,,Terminale GNL Adriatico S.r.l.,Adriatic LNG,21X000000001360B,,,21X000000001360B/IT,2025-07-21 11:59:23,2025-07-18,2025-07-19,277.9,271.8,271.765,0,[],C,45.43,288.04,250,1585.08
company,21X000000001360B,,Terminale GNL Adriatico S.r.l.,Adriatic LNG,21X000000001360B,,,21X000000001360B/IT,2025-07-21 11:58:07,2025-07-19,2025-07-20,277,271.8,271.765,0,[],C,107.44,681.11,250,1584.86
company,21X000000001360B,,Terminale GNL Adriatico S.r.l.,Adriatic LNG,21X000000001360B,,,21X000000001360B/IT,2025-07-21 11:56:35,2025-07-20,2025-07-21,276.9,271.8,271.765,0,[],C,164.31,1041.67,250,1584.92
company,21X000000001360B,,Terminale GNL Adriatico S.r.l.,Adriatic LNG,21X000000001360B,,,21X000000001360B/IT,2025-07-22 12:08:30,2025-07-21,2025-07-22,277.4,271.8,271.765,0,[],C,119.65,758.58,250,1585
company,21X000000001360B,,Terminale GNL Adriatico S.r.l.,Adriatic LNG,21X000000001360B,,,21X000000001360B/IT,2025-07-23 08:27:46,2025-07-22,2025-07-23,278.2,271.8,271.765,0,[],C,75.09,476.04,250,1584.9
company,21X000000001360B,,Terminale GNL Adriatico S.r.l.,Adriatic LNG,21X000000001360B,,,21X000000001360B/IT,2025-07-24 08:12:33,2025-07-23,2025-07-24,277.6,271.8,271.765,0,[],C,102.71,651.13,250,1584.87
company,21X000000001360B,,Terminale GNL Adriatico S.r.l.,Adriatic LNG,21X000000001360B,,,21X000000001360B/IT,2025-07-25 09:46:17,2025-07-24,2025-07-25,278,271.8,271.765,0,[],C,173.45,1099.61,250,1584.91
company,21X000000001360B,,Terminale GNL Adriatico S.r.l.,Adriatic LNG,21X000000001360B,,,21X000000001360B/IT,2025-07-28 07:10:43,2025-07-25,2025-07-26,277.9,271.8,271.765,0,[],C,149.65,948.72,250,1584.9
company,21X000000001360B,,Terminale GNL Adriatico S.r.l.,Adriatic LNG,21X000000001360B,,,21X000000001360B/IT,2025-07-28 07:11:19,2025-07-26,2025-07-27,243.2,271.8,271.765,0,[],C,121.45,769.96,250,1584.93
company,21X000000001360B,,Terminale GNL Adriatico S.r.l.,Adriatic LNG,21X000000001360B,,,21X000000001360B/IT,2025-07-28 08:11:38,2025-07-27,2025-07-28,242.6,271.8,271.765,0,[],C,231.1,1465.1,250,1584.92
company,21X000000001360B,,Terminale GNL Adriatico S.r.l.,Adriatic LNG,21X000000001360B,,,21X000000001360B/IT,2025-07-29 08:18:02,2025-07-28,2025-07-29,278.4,271.8,271.765,0,[],C,185.83,1178.1,250,1584.92
company,21X000000001360B,,Terminale GNL Adriatico S.r.l.,Adriatic LNG,21X000000001360B,,,21X000000001360B/IT,2025-07-30 09:43:23,2025-07-29,2025-07-30,277.3,271.8,271.765,0,[],C,141.04,894.14,250,1584.9
company,21X000000001360B,,Terminale GNL Adriatico S.r.l.,Adriatic LNG,21X000000001360B,,,21X000000001360B/IT,2025-07-31 08:30:27,2025-07-30,2025-07-31,218.7,271.8,271.765,0,[],C,106.16,673.03,250,1584.94
company,21X000000001360B,,Terminale GNL Adriatico S.r.l.,Adriatic LNG,21X000000001360B,,,21X000000001360B/IT,2025-08-01 08:16:50,2025-07-31,2025-08-01,93.1,271.8,271.765,0,[],C,91.92,582.74,250,1584.91
company,21X000000001360B,,Terminale GNL Adriatico S.r.l.,Adriatic LNG,21X000000001360B,,,21X000000001360B/IT,2025-08-04 06:16:27,2025-08-01,2025-08-02,0.1,271.8,180.7611,91.004,[],C,91.84,582.24,250,1584.93
company,21X000000001360B,,Terminale GNL Adriatico S.r.l.,Adriatic LNG,21X000000001360B,,,21X000000001360B/IT,2025-08-04 06:17:08,2025-08-02,2025-08-03,0.1,271.8,180.7611,91.004,[],C,91.81,582.03,250,1584.88
company,21X000000001360B,,Terminale GNL Adriatico S.r.l.,Adriatic LNG,21X000000001360B,,,21X000000001360B/IT,2025-08-04 09:34:53,2025-08-03,2025-08-04,0,271.8,180.7611,91.004,[],C,91.62,580.86,250,1584.97
company,21X000000001360B,,Terminale GNL Adriatico S.r.l.,Adriatic LNG,21X000000001360B,,,21X000000001360B/IT,2025-08-05 11:44:58,2025-08-04,2025-08-05,0,271.8,180.7611,91.004,[],C,91.48,579.94,250,1584.88
company,21X000000001360B,,Terminale GNL Adriatico S.r.l.,Adriatic LNG,21X000000001360B,,,21X000000001360B/IT,2025-08-06 08:11:34,2025-08-05,2025-08-06,0,271.8,180.7611,91.004,[],C,91.19,578.11,250,1584.91
company,21X000000001360B,,Terminale GNL Adriatico S.r.l.,Adriatic LNG,21X000000001360B,,,21X000000001360B/IT,2025-08-07 08:18:30,2025-08-06,2025-08-07,0,271.8,180.7611,91.004,[],C,90.9,576.28,250,1584.93
company,21X000000001360B,,Terminale GNL Adriatico S.r.l.,Adriatic LNG,21X000000001360B,,,21X000000001360B/IT,2025-08-08 08:11:27,2025-08-07,2025-08-08,0,271.8,180.7611,91.004,[],C,90.03,570.73,250,1584.83
company,21X000000001360B,,Terminale GNL Adriatico S.r.l.,Adriatic LNG,21X000000001360B,,,21X000000001360B/IT,2025-08-11 07:18:56,2025-08-08,2025-08-09,0,271.8,180.7611,91.004,[],C,89.73,568.83,250,1584.84
company,21X000000001360B,,Terminale GNL Adriatico S.r.l.,Adriatic LNG,21X000000001360B,,,21X000000001360B/IT,2025-08-11 07:20:19,2025-08-09,2025-08-10,0,271.8,180.7611,91.004,[],C,89.39,566.73,250,1584.99
company,21X000000001360B,,Terminale GNL Adriatico S.r.l.,Adriatic LNG,21X000000001360B,,,21X000000001360B/IT,2025-08-11 08:15:55,2025-08-10,2025-08-11,0,271.8,180.7611,91.004,[],C,88.77,562.76,250,1584.88
company,21X000000001360B,,Terminale GNL Adriatico S.r.l.,Adriatic LNG,21X000000001360B,,,21X000000001360B/IT,2025-08-12 08:45:16,2025-08-11,2025-08-12,0,271.8,180.7611,91.004,[],C,88.43,560.62,250,1584.93
company,21X000000001360B,,Terminale GNL Adriatico S.r.l.,Adriatic LNG,21X000000001360B,,,21X000000001360B/IT,2025-08-13 08:22:52,2025-08-12,2025-08-13,0,271.8,180.7611,91.004,[],C,88.04,558.13,250,1584.88
company,21X000000001360B,,Terminale GNL Adriatico S.r.l.,Adriatic LNG,21X000000001360B,,,21X000000001360B/IT,2025-08-14 09:02:15,2025-08-13,2025-08-14,0,271.8,180.7611,91.004,[],C,87.8,556.61,250,1584.88
company,21X000000001360B,,Terminale GNL Adriatico S.r.l.,Adriatic LNG,21X000000001360B,,,21X000000001360B/IT,2025-08-18 08:25:02,2025-08-14,2025-08-15,0,271.8,180.7611,91.004,[],C,87.44,554.36,250,1584.97
company,21X000000001360B,,Terminale GNL Adriatico S.r.l.,Adriatic LNG,21X000000001360B,,,21X000000001360B/IT,2025-08-18 08:23:39,2025-08-15,2025-08-16,0,271.8,180.7611,91.004,[],C,87.1,552.17,250,1584.87
company,21X000000001360B,,Terminale GNL Adriatico S.r.l.,Adriatic LNG,21X000000001360B,,,21X000000001360B/IT,2025-08-18 08:22:15,2025-08-16,2025-08-17,0,271.8,180.7611,91.004,[],C,86.76,550.01,250,1584.86
company,21X000000001360B,,Terminale GNL Adriatico S.r.l.,Adriatic LNG,21X000000001360B,,,21X000000001360B/IT,2025-08-18 08:20:27,2025-08-17,2025-08-18,0,271.8,180.7611,91.004,[],C,85.84,544.22,250,1584.98
company,21X000000001360B,,Terminale GNL Adriatico S.r.l.,Adriatic LNG,21X000000001360B,,,21X000000001360B/IT,2025-08-19 09:14:30,2025-08-18,2025-08-19,0,271.8,180.7611,91.004,[],C,85.52,542.17,250,1584.92
company,21X000000001360B,,Terminale GNL Adriatico S.r.l.,Adriatic LNG,21X000000001360B,,,21X000000001360B/IT,2025-08-20 08:31:37,2025-08-19,2025-08-20,0,271.8,180.7611,91.004,[],C,85.17,539.96,250,1584.95
company,21X000000001360B,,Terminale GNL Adriatico S.r.l.,Adriatic LNG,21X000000001360B,,,21X000000001360B/IT,2025-08-21 08:20:21,2025-08-20,2025-08-21,0,271.8,180.7611,91.004,[],C,84.79,537.54,250,1584.92
company,21X000000001360B,,Terminale GNL Adriatico S.r.l.,Adriatic LNG,21X000000001360B,,,21X000000001360B/IT,2025-08-22 08:11:49,2025-08-21,2025-08-22,0,271.8,180.7611,91.004,[],C,84.44,535.3,250,1584.85
company,21X000000001360B,,Terminale GNL Adriatico S.r.l.,Adriatic LNG,21X000000001360B,,,21X000000001360B/IT,2025-08-25 08:18:45,2025-08-22,2025-08-23,0,271.8,180.7611,91.004,[],C,84.16,533.56,250,1584.96
company,21X000000001360B,,Terminale GNL Adriatico S.r.l.,Adriatic LNG,21X000000001360B,,,21X000000001360B/IT,2025-08-25 08:17:21,2025-08-23,2025-08-24,0,271.8,180.7611,91.004,[],C,83.84,531.54,250,1584.98
company,21X000000001360B,,Terminale GNL Adriatico S.r.l.,Adriatic LNG,21X000000001360B,,,21X000000001360B/IT,2025-08-25 08:16:04,2025-08-24,2025-08-25,0,271.8,180.7611,91.004,[],C,83.55,529.67,250,1584.89
company,21X000000001360B,,Terminale GNL Adriatico S.r.l.,Adriatic LNG,21X000000001360B,,,21X000000001360B/IT,2025-08-26 10:06:42,2025-08-25,2025-08-26,0,271.8,180.7611,91.004,[],C,82.69,524.2,250,1584.83
company,21X000000001360B,,Terminale GNL Adriatico S.r.l.,Adriatic LNG,21X000000001360B,,,21X000000001360B/IT,2025-08-27 08:27:01,2025-08-26,2025-08-27,0,271.8,180.7611,91.004,[],C,82.31,521.8,250,1584.86
company,21X000000001360B,,Terminale GNL Adriatico S.r.l.,Adriatic LNG,21X000000001360B,,,21X000000001360B/IT,2025-08-28 11:45:21,2025-08-27,2025-08-28,0,271.8,180.7611,91.004,[],C,81.95,519.56,250,1584.99
company,21X000000001360B,,Terminale GNL Adriatico S.r.l.,Adriatic LNG,21X000000001360B,,,21X000000001360B/IT,2025-08-29 10:38:30,2025-08-28,2025-08-29,0.1,271.8,180.7611,91.004,[],C,81.62,517.43,250,1584.88
company,21X000000001360B,,Terminale GNL Adriatico S.r.l.,Adriatic LNG,21X000000001360B,,,21X000000001360B/IT,2025-09-01 12:14:05,2025-08-29,2025-08-30,0.1,271.8,180.7611,91.004,[],C,81.27,515.25,250,1584.99
company,21X000000001360B,,Terminale GNL Adriatico S.r.l.,Adriatic LNG,21X000000001360B,,,21X000000001360B/IT,2025-09-01 12:14:47,2025-08-30,2025-08-31,0,271.8,180.7611,91.004,[],C,81.1,514.17,250,1584.99
company,21X000000001360B,,Terminale GNL Adriatico S.r.l.,Adriatic LNG,21X000000001360B,,,21X000000001360B/IT,2025-09-01 12:15:42,2025-08-31,2025-09-01,85.5,271.8,180.7611,91.004,[],C,65.71,416.59,250,1584.96
company,21X000000001360B,,Terminale GNL Adriatico S.r.l.,Adriatic LNG,21X000000001360B,,,21X000000001360B/IT,2025-09-02 08:20:00,2025-09-01,2025-09-02,151.1,271.8,180.7611,91.004,[],C,41.23,261.39,250,1584.95
company,21X000000001360B,,Terminale GNL Adriatico S.r.l.,Adriatic LNG,21X000000001360B,,,21X000000001360B/IT,2025-09-03 08:26:45,2025-09-02,2025-09-03,150.9,271.8,180.7611,91.004,[],C,111.51,706.92,250,1584.88
company,21X000000001360B,,Terminale GNL Adriatico S.r.l.,Adriatic LNG,21X000000001360B,,,21X000000001360B/IT,2025-09-04 09:45:55,2025-09-03,2025-09-04,166,271.8,180.7611,91.004,[],C,197.86,1254.36,250,1584.91
company,21X000000001360B,,Terminale GNL Adriatico S.r.l.,Adriatic LNG,21X000000001360B,,,21X000000001360B/IT,2025-09-05 08:13:14,2025-09-04,2025-09-05,166.1,271.8,180.7611,91.004,[],C,170.99,1084.04,250,1584.95
company,21X000000001360B,,Terminale GNL Adriatico S.r.l.,Adriatic LNG,21X000000001360B,,,21X000000001360B/IT,2025-09-08 09:17:49,2025-09-05,2025-09-06,166.2,271.8,180.7611,91.004,[],C,144.13,913.73,250,1584.91
company,21X000000001360B,,Terminale GNL Adriatico S.r.l.,Adriatic LNG,21X000000001360B,,,21X000000001360B/IT,2025-09-08 09:15:50,2025-09-06,2025-09-07,166,271.8,180.7611,91.004,[],C,117.27,743.44,250,1584.89
company,21X000000001360B,,Terminale GNL Adriatico S.r.l.,Adriatic LNG,21X000000001360B,,,21X000000001360B/IT,2025-09-08 09:09:58,2025-09-07,2025-09-08,165.8,271.8,180.7611,91.004,[],C,90.52,573.85,250,1584.87
company,21X000000001360B,,Terminale GNL Adriatico S.r.l.,Adriatic LNG,21X000000001360B,,,21X000000001360B/IT,2025-09-09 08:14:35,2025-09-08,2025-09-09,165,271.8,180.7611,91.004,[],C,63.95,405.43,250,1584.95
company,21X000000001360B,,Terminale GNL Adriatico S.r.l.,Adriatic LNG,21X000000001360B,,,21X000000001360B/IT,2025-09-10 08:25:23,2025-09-09,2025-09-10,166.1,271.8,180.7611,91.004,[],C,37.08,235.08,250,1584.95
company,21X000000001360B,,Terminale GNL Adriatico S.r.l.,Adriatic LNG,21X000000001360B,,,21X000000001360B/IT,2025-09-11 08:08:33,2025-09-10,2025-09-11,166.1,271.8,180.7611,91.004,[],C,87.79,556.53,250,1584.83
company,21X000000001360B,,Terminale GNL Adriatico S.r.l.,Adriatic LNG,21X000000001360B,,,21X000000001360B/IT,2025-09-12 09:06:24,2025-09-11,2025-09-12,166.2,271.8,180.7611,91.004,[],C,196.55,1246.07,250,1584.93
company,21X000000001360B,,Terminale GNL Adriatico S.r.l.,Adriatic LNG,21X000000001360B,,,21X000000001360B/IT,2025-09-15 07:57:04,2025-09-12,2025-09-13,166.1,271.8,180.7611,91.004,[],C,169.9,1077.09,250,1584.89
company,21X000000001360B,,Terminale GNL Adriatico S.r.l.,Adriatic LNG,21X000000001360B,,,21X000000001360B/IT,2025-09-15 07:57:43,2025-09-13,2025-09-14,145.6,271.8,180.7611,91.004,[],C,146.14,926.46,250,1584.88
company,21X000000001360B,,Terminale GNL Adriatico S.r.l.,Adriatic LNG,21X000000001360B,,,21X000000001360B/IT,2025-09-15 07:58:57,2025-09-14,2025-09-15,145.3,271.8,180.7611,91.004,[],C,122.52,776.72,250,1584.88
company,21X000000001360B,,Terminale GNL Adriatico S.r.l.,Adriatic LNG,21X000000001360B,,,21X000000001360B/IT,2025-09-16 08:09:44,2025-09-15,2025-09-16,213.5,271.8,180.7611,91.004,[],C,87.61,555.43,250,1584.95
company,21X000000001360B,,Terminale GNL Adriatico S.r.l.,Adriatic LNG,21X000000001360B,,,21X000000001360B/IT,2025-09-17 10:51:55,2025-09-16,2025-09-17,272.9,271.8,180.7611,91.004,[],C,43.28,274.41,250,1585.09
company,21X000000001360B,,Terminale GNL Adriatico S.r.l.,Adriatic LNG,21X000000001360B,,,21X000000001360B/IT,2025-09-18 08:08:28,2025-09-17,2025-09-18,274,271.8,180.7611,91.004,[],C,161.78,1025.66,250,1584.96
company,21X000000001360B,,Terminale GNL Adriatico S.r.l.,Adriatic LNG,21X000000001360B,,,21X000000001360B/IT,2025-09-19 07:57:22,2025-09-18,2025-09-19,273.4,271.8,180.7611,91.004,[],C,167.8,1063.78,250,1584.89
company,21X000000001360B,,Terminale GNL Adriatico S.r.l.,Adriatic LNG,21X000000001360B,,,21X000000001360B/IT,2025-09-22 08:55:53,2025-09-19,2025-09-20,273.7,271.8,180.7611,91.004,[],C,123.77,784.68,250,1584.96
company,21X000000001360B,,Terminale GNL Adriatico S.r.l.,Adriatic LNG,21X000000001360B,,,21X000000001360B/IT,2025-09-22 08:47:34,2025-09-20,2025-09-21,243.3,271.8,180.7611,91.004,[],C,85.09,539.42,250,1584.85
company,21X000000001360B,,Terminale GNL Adriatico S.r.l.,Adriatic LNG,21X000000001360B,,,21X000000001360B/IT,2025-09-22 08:39:10,2025-09-21,2025-09-22,243.2,271.8,180.7611,91.004,[],C,45.7,289.69,250,1584.74
company,21X000000001360B,,Terminale GNL Adriatico S.r.l.,Adriatic LNG,21X000000001360B,,,21X000000001360B/IT,2025-09-23 08:05:14,2025-09-22,2025-09-23,273.2,271.8,180.7611,91.004,[],C,192.92,1223.03,250,1584.89
company,21X000000001360B,,Terminale GNL Adriatico S.r.l.,Adriatic LNG,21X000000001360B,,,21X000000001360B/IT,2025-09-24 08:31:44,2025-09-23,2025-09-24,273.2,271.8,180.7611,91.004,[],C,165.55,1049.51,250,1584.88
company,21X000000001360B,,Terminale GNL Adriatico S.r.l.,Adriatic LNG,21X000000001360B,,,21X000000001360B/IT,2025-09-25 07:49:33,2025-09-24,2025-09-25,273.4,271.8,180.7611,91.004,[],C,121.41,769.71,250,1584.94
company,21X000000001360B,,Terminale GNL Adriatico S.r.l.,Adriatic LNG,21X000000001360B,,,21X000000001360B/IT,2025-09-26 08:31:31,2025-09-25,2025-09-26,273.7,271.8,180.7611,91.004,[],C,77.5,491.3,250,1584.84
company,21X000000001360B,,Terminale GNL Adriatico S.r.l.,Adriatic LNG,21X000000001360B,,,21X000000001360B/IT,2025-09-29 08:25:46,2025-09-26,2025-09-27,244.3,271.8,180.7611,91.004,[],C,193.97,1229.7,250,1584.91
company,21X000000001360B,,Terminale GNL Adriatico S.r.l.,Adriatic LNG,21X000000001360B,,,21X000000001360B/IT,2025-09-29 08:28:04,2025-09-27,2025-09-28,207.9,271.8,180.7611,91.004,[],C,220.45,1397.59,250,1584.93
company,21X000000001360B,,Terminale GNL Adriatico S.r.l.,Adriatic LNG,21X000000001360B,,,21X000000001360B/IT,2025-09-29 08:32:13,2025-09-28,2025-09-29,223.6,271.8,180.7611,91.004,[],C,183.72,1164.75,250,1584.95
company,21X000000001360B,,Terminale GNL Adriatico S.r.l.,Adriatic LNG,21X000000001360B,,,21X000000001360B/IT,2025-09-30 08:49:41,2025-09-29,2025-09-30,272.4,271.8,180.7611,91.004,[],C,139.84,886.53,250,1584.9
company,21X000000001360B,,Terminale GNL Adriatico S.r.l.,Adriatic LNG,21X000000001360B,,,21X000000001360B/IT,2025-10-01 10:45:11,2025-09-30,2025-10-01,272,271.8,180.7611,91.004,[],C,96.1,609.22,250,1584.86
company,21X000000001360B,,Terminale GNL Adriatico S.r.l.,Adriatic LNG,21X000000001360B,,,21X000000001360B/IT,2025-10-02 08:52:33,2025-10-01,2025-10-02,258.2,271.8,213.4477,58.3174,[],C,54.59,346.11,250,1585.04
company,21X000000001360B,,Terminale GNL Adriatico S.r.l.,Adriatic LNG,21X000000001360B,,,21X000000001360B/IT,2025-10-03 08:05:23,2025-10-02,2025-10-03,257.7,271.8,213.4477,58.3174,[],C,69.17,438.53,250,1584.97
company,21X000000001360B,,Terminale GNL Adriatico S.r.l.,Adriatic LNG,21X000000001360B,,,21X000000001360B/IT,2025-10-06 08:13:01,2025-10-03,2025-10-04,257.7,271.8,213.4477,58.3174,[],C,186.11,1179.86,250,1584.9
company,21X000000001360B,,Terminale GNL Adriatico S.r.l.,Adriatic LNG,21X000000001360B,,,21X000000001360B/IT,2025-10-06 08:13:05,2025-10-04,2025-10-05,222.8,271.8,213.4477,58.3174,[],C,150.44,953.74,250,1584.92
company,21X000000001360B,,Terminale GNL Adriatico S.r.l.,Adriatic LNG,21X000000001360B,,,21X000000001360B/IT,2025-10-06 08:13:09,2025-10-05,2025-10-06,222.8,271.8,213.4477,58.3174,[],C,114.36,725.01,250,1584.93
company,21X000000001360B,,Terminale GNL Adriatico S.r.l.,Adriatic LNG,21X000000001360B,,,21X000000001360B/IT,2025-10-07 08:57:42,2025-10-06,2025-10-07,252.7,271.8,213.4477,58.3174,[],C,73.67,467.02,250,1584.84
company,21X000000001360B,,Terminale GNL Adriatico S.r.l.,Adriatic LNG,21X000000001360B,,,21X000000001360B/IT,2025-10-08 07:57:09,2025-10-07,2025-10-08,252.8,271.8,213.4477,58.3174,[],C,33,209.21,250,1584.92
company,21X000000001360B,,Terminale GNL Adriatico S.r.l.,Adriatic LNG,21X000000001360B,,,21X000000001360B/IT,2025-10-09 08:03:19,2025-10-08,2025-10-09,242.3,271.8,213.4477,58.3174,[],C,183.69,1164.57,250,1584.97
company,21X000000001360B,,Terminale GNL Adriatico S.r.l.,Adriatic LNG,21X000000001360B,,,21X000000001360B/IT,2025-10-10 08:16:17,2025-10-09,2025-10-10,273.5,271.8,213.4477,58.3174,[],C,157.23,996.77,250,1584.89
company,21X000000001360B,,Terminale GNL Adriatico S.r.l.,Adriatic LNG,21X000000001360B,,,21X000000001360B/IT,2025-10-13 07:30:42,2025-10-10,2025-10-11,241.2,271.8,213.4477,58.3174,[],C,120.89,766.43,250,1584.97
company,21X000000001360B,,Terminale GNL Adriatico S.r.l.,Adriatic LNG,21X000000001360B,,,21X000000001360B/IT,2025-10-13 07:32:10,2025-10-11,2025-10-12,218.4,271.8,213.4477,58.3174,[],C,86.47,548.21,250,1584.97
company,21X000000001360B,,Terminale GNL Adriatico S.r.l.,Adriatic LNG,21X000000001360B,,,21X000000001360B/IT,2025-10-13 07:41:17,2025-10-12,2025-10-13,218.6,271.8,213.4477,58.3174,[],C,48.32,306.35,250,1585.01
company,21X000000001360B,,Terminale GNL Adriatico S.r.l.,Adriatic LNG,21X000000001360B,,,21X000000001360B/IT,2025-10-14 07:46:49,2025-10-13,2025-10-14,272.7,271.8,213.4477,58.3174,[],C,163.88,1038.95,250,1584.92
company,21X000000001360B,,Terminale GNL Adriatico S.r.l.,Adriatic LNG,21X000000001360B,,,21X000000001360B/IT,2025-10-15 07:46:20,2025-10-14,2025-10-15,247.5,271.8,213.4477,58.3174,[],C,174.51,1106.32,250,1584.89
company,21X000000001360B,,Terminale GNL Adriatico S.r.l.,Adriatic LNG,21X000000001360B,,,21X000000001360B/IT,2025-10-16 07:47:48,2025-10-15,2025-10-16,270.6,271.8,213.4477,58.3174,[],C,129.43,820.54,250,1584.91
company,21X000000001360B,,Terminale GNL Adriatico S.r.l.,Adriatic LNG,21X000000001360B,,,21X000000001360B/IT,2025-10-17 07:51:13,2025-10-16,2025-10-17,263.1,271.8,213.4477,58.3174,[],C,87.37,553.89,250,1584.9
company,21X000000001360B,,Terminale GNL Adriatico S.r.l.,Adriatic LNG,21X000000001360B,,,21X000000001360B/IT,2025-10-20 08:21:23,2025-10-17,2025-10-18,273,271.8,213.4477,58.3174,[],C,43.54,276.02,250,1584.86
company,21X000000001360B,,Terminale GNL Adriatico S.r.l.,Adriatic LNG,21X000000001360B,,,21X000000001360B/IT,2025-10-20 08:22:04,2025-10-18,2025-10-19,271.9,271.8,213.4477,58.3174,[],C,150.61,954.81,250,1584.9
company,21X000000001360B,,Terminale GNL Adriatico S.r.l.,Adriatic LNG,21X000000001360B,,,21X000000001360B/IT,2025-10-20 08:22:58,2025-10-19,2025-10-20,225.3,271.8,213.4477,58.3174,[],C,123.38,782.21,250,1584.96
company,21X000000001360B,,Terminale GNL Adriatico S.r.l.,Adriatic LNG,21X000000001360B,,,21X000000001360B/IT,2025-10-21 07:48:54,2025-10-20,2025-10-21,274.2,271.8,213.4477,58.3174,[],C,79.03,501.04,250,1584.97
company,21X000000001360B,,Terminale GNL Adriatico S.r.l.,Adriatic LNG,21X000000001360B,,,21X000000001360B/IT,2025-10-22 07:50:55,2025-10-21,2025-10-22,273.3,271.8,213.4477,58.3174,[],C,112.1,710.69,250,1584.95
company,21X000000001360B,,Terminale GNL Adriatico S.r.l.,Adriatic LNG,21X000000001360B,,,21X000000001360B/IT,2025-10-23 07:48:42,2025-10-22,2025-10-23,272.9,271.8,213.4477,58.3174,[],C,206.03,1306.19,250,1584.95
company,21X000000001360B,,Terminale GNL Adriatico S.r.l.,Adriatic LNG,21X000000001360B,,,21X000000001360B/IT,2025-10-24 07:51:54,2025-10-23,2025-10-24,272.5,271.8,213.4477,58.3174,[],C,162.12,1027.81,250,1584.95
company,21X000000001360B,,Terminale GNL Adriatico S.r.l.,Adriatic LNG,21X000000001360B,,,21X000000001360B/IT,2025-10-27 08:00:51,2025-10-24,2025-10-25,273.7,271.8,213.4477,58.3174,[],C,117.98,747.99,250,1584.99
company,21X000000001360B,,Terminale GNL Adriatico S.r.l.,Adriatic LNG,21X000000001360B,,,21X000000001360B/IT,2025-10-27 08:04:42,2025-10-25,2025-10-26,272.8,271.8,213.4477,58.3174,[],C,74.17,470.2,250,1584.87
company,21X000000001360B,,Terminale GNL Adriatico S.r.l.,Adriatic LNG,21X000000001360B,,,21X000000001360B/IT,2025-10-27 08:50:42,2025-10-26,2025-10-27,272.4,271.8,213.4477,58.3174,[],C,30.45,193.03,250,1584.81
company,21X000000001360B,,Terminale GNL Adriatico S.r.l.,Adriatic LNG,21X000000001360B,,,21X000000001360B/IT,2025-10-28 08:50:51,2025-10-27,2025-10-28,274.4,271.8,213.4477,58.3174,[],C,131.85,835.92,250,1584.98
company,21X000000001360B,,Terminale GNL Adriatico S.r.l.,Adriatic LNG,21X000000001360B,,,21X000000001360B/IT,2025-10-29 08:48:20,2025-10-28,2025-10-29,274.6,271.8,213.4477,58.3174,[],C,155.3,984.54,250,1584.9
company,21X000000001360B,,Terminale GNL Adriatico S.r.l.,Adriatic LNG,21X000000001360B,,,21X000000001360B/IT,2025-10-30 08:46:17,2025-10-29,2025-10-30,274.6,271.8,213.4477,58.3174,[],C,111.15,704.68,250,1584.98
company,21X000000001360B,,Terminale GNL Adriatico S.r.l.,Adriatic LNG,21X000000001360B,,,21X000000001360B/IT,2025-10-31 08:47:55,2025-10-30,2025-10-31,275.4,271.8,213.4477,58.3174,[],C,66.92,424.27,250,1584.99
company,21X000000001360B,,Terminale GNL Adriatico S.r.l.,Adriatic LNG,21X000000001360B,,,21X000000001360B/IT,2025-11-03 07:59:22,2025-10-31,2025-11-01,274.7,271.8,213.4477,58.3174,[],C,114.25,724.28,250,1584.86
company,21X000000001360B,,Terminale GNL Adriatico S.r.l.,Adriatic LNG,21X000000001360B,,,21X000000001360B/IT,2025-11-04 01:07:58,2025-11-01,2025-11-02,272.9,271.8,223.6915,48.0735,[],C,124.28,787.92,250,1584.97
company,21X000000001360B,,Terminale GNL Adriatico S.r.l.,Adriatic LNG,21X000000001360B,,,21X000000001360B/IT,2025-11-03 23:00:03,2025-11-02,2025-11-03,272,271.8,223.6915,48.0735,[],C,79.77,505.72,250,1584.93
company,21X000000001360B,,Terminale GNL Adriatico S.r.l.,Adriatic LNG,21X000000001360B,,,21X000000001360B/IT,2025-11-04 09:18:18,2025-11-03,2025-11-04,273.2,271.8,223.6915,48.0735,[],C,123.86,785.26,250,1584.97
company,21X000000001360B,,Terminale GNL Adriatico S.r.l.,Adriatic LNG,21X000000001360B,,,21X000000001360B/IT,2025-11-05 09:14:44,2025-11-04,2025-11-05,273.5,271.8,223.6915,48.0735,[],C,204.16,1294.3,250,1584.91
company,21X000000001360B,,Terminale GNL Adriatico S.r.l.,Adriatic LNG,21X000000001360B,,,21X000000001360B/IT,2025-11-06 08:46:33,2025-11-05,2025-11-06,273.6,271.8,223.6915,48.0735,[],C,160.39,1016.79,250,1584.87
company,21X000000001360B,,Terminale GNL Adriatico S.r.l.,Adriatic LNG,21X000000001360B,,,21X000000001360B/IT,2025-11-07 08:47:48,2025-11-06,2025-11-07,207.9,271.8,223.6915,48.0735,[],C,127.36,807.42,250,1584.92
company,21X000000001360B,,Terminale GNL Adriatico S.r.l.,Adriatic LNG,21X000000001360B,,,21X000000001360B/IT,2025-11-10 07:51:43,2025-11-07,2025-11-08,207.8,271.8,223.6915,48.0735,[],C,94.33,598.01,250,1584.89
company,21X000000001360B,,Terminale GNL Adriatico S.r.l.,Adriatic LNG,21X000000001360B,,,21X000000001360B/IT,2025-11-10 07:52:25,2025-11-08,2025-11-09,134,271.8,223.6915,48.0735,[],C,72.86,461.92,250,1584.96
company,21X000000001360B,,Terminale GNL Adriatico S.r.l.,Adriatic LNG,21X000000001360B,,,21X000000001360B/IT,2025-11-10 09:11:32,2025-11-09,2025-11-10,133.8,271.8,223.6915,48.0735,[],C,50.42,319.67,250,1585.04
company,21X000000001360B,,Terminale GNL Adriatico S.r.l.,Adriatic LNG,21X000000001360B,,,21X000000001360B/IT,2025-11-11 08:48:16,2025-11-10,2025-11-11,259.5,271.8,223.6915,48.0735,[],C,37.58,238.26,250,1585.02
company,21X000000001360B,,Terminale GNL Adriatico S.r.l.,Adriatic LNG,21X000000001360B,,,21X000000001360B/IT,2025-11-12 08:45:33,2025-11-11,2025-11-12,267.3,271.8,223.6915,48.0735,[],C,126.21,800.14,250,1584.94
company,21X000000001360B,,Terminale GNL Adriatico S.r.l.,Adriatic LNG,21X000000001360B,,,21X000000001360B/IT,2025-11-13 08:58:21,2025-11-12,2025-11-13,269.2,271.8,223.6915,48.0735,[],C,82.89,525.51,250,1584.96
company,21X000000001360B,,Terminale GNL Adriatico S.r.l.,Adriatic LNG,21X000000001360B,,,21X000000001360B/IT,2025-11-14 08:51:30,2025-11-13,2025-11-14,254.9,271.8,223.6915,48.0735,[],C,41.04,260.18,250,1584.92
company,21X000000001360B,,Terminale GNL Adriatico S.r.l.,Adriatic LNG,21X000000001360B,,,21X000000001360B/IT,2025-11-17 07:55:51,2025-11-14,2025-11-15,228.9,271.8,223.6915,48.0735,[],C,202.24,1282.16,250,1584.95
company,21X000000001360B,,Terminale GNL Adriatico S.r.l.,Adriatic LNG,21X000000001360B,,,21X000000001360B/IT,2025-11-17 07:56:40,2025-11-15,2025-11-16,236.5,271.8,223.6915,48.0735,[],C,174.59,1106.84,250,1584.91
company,21X000000001360B,,Terminale GNL Adriatico S.r.l.,Adriatic LNG,21X000000001360B,,,21X000000001360B/IT,2025-11-17 08:45:19,2025-11-16,2025-11-17,236,271.8,223.6915,48.0735,[],C,136.35,864.41,250,1584.91
company,21X000000001360B,,Terminale GNL Adriatico S.r.l.,Adriatic LNG,21X000000001360B,,,21X000000001360B/IT,2025-11-18 09:03:55,2025-11-17,2025-11-18,273.5,271.8,223.6915,48.0735,[],C,92.07,583.68,250,1584.88
company,21X000000001360B,,Terminale GNL Adriatico S.r.l.,Adriatic LNG,21X000000001360B,,,21X000000001360B/IT,2025-11-19 09:06:05,2025-11-18,2025-11-19,272.5,271.8,223.6915,48.0735,[],C,48.06,304.67,250,1584.84
company,21X000000001360B,,Terminale GNL Adriatico S.r.l.,Adriatic LNG,21X000000001360B,,,21X000000001360B/IT,2025-11-20 08:48:42,2025-11-19,2025-11-20,272.6,271.8,223.6915,48.0735,[],C,171.8,1089.19,250,1584.97
company,21X000000001360B,,Terminale GNL Adriatico S.r.l.,Adriatic LNG,21X000000001360B,,,21X000000001360B/IT,2025-11-21 08:45:52,2025-11-20,2025-11-21,272.7,271.8,223.6915,48.0735,[],C,168.41,1067.64,250,1584.88
company,21X000000001360B,,Terminale GNL Adriatico S.r.l.,Adriatic LNG,21X000000001360B,,,21X000000001360B/IT,2025-11-24 09:52:21,2025-11-21,2025-11-22,272.6,271.8,223.6915,48.0735,[],C,124.63,790.13,250,1584.95
company,21X000000001360B,,Terminale GNL Adriatico S.r.l.,Adriatic LNG,21X000000001360B,,,21X000000001360B/IT,2025-11-24 09:50:59,2025-11-22,2025-11-23,236.8,271.8,223.6915,48.0735,[],C,86.95,551.21,250,1584.85
company,21X000000001360B,,Terminale GNL Adriatico S.r.l.,Adriatic LNG,21X000000001360B,,,21X000000001360B/IT,2025-11-24 09:49:40,2025-11-23,2025-11-24,236.4,271.8,223.6915,48.0735,[],C,116.07,735.85,250,1584.93
company,21X000000001360B,,Terminale GNL Adriatico S.r.l.,Adriatic LNG,21X000000001360B,,,21X000000001360B/IT,2025-11-25 09:41:58,2025-11-24,2025-11-25,271.2,271.8,223.6915,48.0735,[],C,218.12,1382.8,250,1584.91
company,21X000000001360B,,Terminale GNL Adriatico S.r.l.,Adriatic LNG,21X000000001360B,,,21X000000001360B/IT,2025-11-27 10:51:11,2025-11-25,2025-11-26,268,271.8,223.6915,48.0735,[],C,174.92,1108.97,250,1584.97
company,21X000000001360B,,Terminale GNL Adriatico S.r.l.,Adriatic LNG,21X000000001360B,,,21X000000001360B/IT,2025-11-27 10:48:28,2025-11-26,2025-11-27,274.8,271.8,223.6915,48.0735,[],C,130.72,828.73,250,1584.93
company,21X000000001360B,,Terminale GNL Adriatico S.r.l.,Adriatic LNG,21X000000001360B,,,21X000000001360B/IT,2025-11-28 09:48:02,2025-11-27,2025-11-28,265.8,271.8,223.6915,48.0735,[],C,87.88,557.14,250,1584.95
company,21X000000001360B,,Terminale GNL Adriatico S.r.l.,Adriatic LNG,21X000000001360B,,,21X000000001360B/IT,2025-12-01 09:23:40,2025-11-28,2025-11-29,274.7,271.8,223.6915,48.0735,[],C,43.99,278.91,250,1585.08
company,21X000000001360B,,Terminale GNL Adriatico S.r.l.,Adriatic LNG,21X000000001360B,,,21X000000001360B/IT,2025-12-01 09:24:52,2025-11-29,2025-11-30,261.9,271.8,223.6915,48.0735,[],C,60.7,384.81,250,1584.88
company,21X000000001360B,,Terminale GNL Adriatico S.r.l.,Adriatic LNG,21X000000001360B,,,21X000000001360B/IT,2025-12-01 09:26:13,2025-11-30,2025-12-01,255,271.8,223.6915,48.0735,[],C,168.86,1070.51,250,1584.91
company,21X000000001360B,,Terminale GNL Adriatico S.r.l.,Adriatic LNG,21X000000001360B,,,21X000000001360B/IT,2025-12-02 09:18:22,2025-12-01,2025-12-02,281.7,271.8,257.6216,14.1434,[],C,123.27,781.48,250,1584.89
company,21X000000001360B,,Terminale GNL Adriatico S.r.l.,Adriatic LNG,21X000000001360B,,,21X000000001360B/IT,2025-12-03 09:27:04,2025-12-02,2025-12-03,286.6,271.8,257.6216,14.1434,[],C,77.04,488.39,250,1584.86
company,21X000000001360B,,Terminale GNL Adriatico S.r.l.,Adriatic LNG,21X000000001360B,,,21X000000001360B/IT,2025-12-04 08:49:09,2025-12-03,2025-12-04,281.8,271.8,257.6216,14.1434,[],C,32.02,202.98,250,1584.79
company,21X000000001360B,,Terminale GNL Adriatico S.r.l.,Adriatic LNG,21X000000001360B,,,21X000000001360B/IT,2025-12-05 09:15:07,2025-12-04,2025-12-05,281.5,271.8,257.6216,14.1434,[],C,75.09,476.07,250,1585
company,21X000000001360B,,Terminale GNL Adriatico S.r.l.,Adriatic LNG,21X000000001360B,,,21X000000001360B/IT,2025-12-09 07:42:45,2025-12-05,2025-12-06,281,271.8,257.6216,14.1434,[],C,99.84,632.98,250,1584.99
company,21X000000001360B,,Terminale GNL Adriatico S.r.l.,Adriatic LNG,21X000000001360B,,,21X000000001360B/IT,2025-12-09 07:43:33,2025-12-06,2025-12-07,263.9,271.8,257.6216,14.1434,[],C,56.73,359.66,250,1584.96
company,21X000000001360B,,Terminale GNL Adriatico S.r.l.,Adriatic LNG,21X000000001360B,,,21X000000001360B/IT,2025-12-09 07:44:14,2025-12-07,2025-12-08,264.3,271.8,257.6216,14.1434,[],C,117.21,743.06,250,1584.89
company,21X000000001360B,,Terminale GNL Adriatico S.r.l.,Adriatic LNG,21X000000001360B,,,21X000000001360B/IT,2025-12-09 09:03:30,2025-12-08,2025-12-09,264.5,271.8,257.6216,14.1434,[],C,183.31,1162.15,250,1584.95
company,21X000000001360B,,Terminale GNL Adriatico S.r.l.,Adriatic LNG,21X000000001360B,,,21X000000001360B/IT,2025-12-10 09:48:37,2025-12-09,2025-12-10,294.2,271.8,257.6216,14.1434,[],C,135.92,861.67,250,1584.88
company,21X000000001360B,,Terminale GNL Adriatico S.r.l.,Adriatic LNG,21X000000001360B,,,21X000000001360B/IT,2025-12-11 09:10:34,2025-12-10,2025-12-11,294.2,271.8,257.6216,14.1434,[],C,88.42,560.55,250,1584.91
company,21X000000001360B,,Terminale GNL Adriatico S.r.l.,Adriatic LNG,21X000000001360B,,,21X000000001360B/IT,2025-12-12 08:49:15,2025-12-11,2025-12-12,292.9,271.8,257.6216,14.1434,[],C,41.26,261.55,250,1584.77
company,21X000000001360B,,Terminale GNL Adriatico S.r.l.,Adriatic LNG,21X000000001360B,,,21X000000001360B/IT,2025-12-15 08:41:30,2025-12-12,2025-12-13,292.5,271.8,257.6216,14.1434,[],C,113.22,717.78,250,1584.92
company,21X000000001360B,,Terminale GNL Adriatico S.r.l.,Adriatic LNG,21X000000001360B,,,21X000000001360B/IT,2025-12-15 08:41:35,2025-12-13,2025-12-14,248,271.8,257.6216,14.1434,[],C,169.67,1075.65,250,1584.91
company,21X000000001360B,,Terminale GNL Adriatico S.r.l.,Adriatic LNG,21X000000001360B,,,21X000000001360B/IT,2025-12-15 08:49:22,2025-12-14,2025-12-15,243.5,271.8,257.6216,14.1434,[],C,129.95,823.86,250,1584.96
company,21X000000001360B,,Terminale GNL Adriatico S.r.l.,Adriatic LNG,21X000000001360B,,,21X000000001360B/IT,2025-12-16 08:53:03,2025-12-15,2025-12-16,294.8,271.8,257.6216,14.1434,[],C,82.63,523.83,250,1584.87
company,21X000000001360B,,Terminale GNL Adriatico S.r.l.,Adriatic LNG,21X000000001360B,,,21X000000001360B/IT,2025-12-17 08:49:50,2025-12-16,2025-12-17,295,271.8,257.6216,14.1434,[],C,34.85,220.93,250,1584.86
company,21X000000001360B,,Terminale GNL Adriatico S.r.l.,Adriatic LNG,21X000000001360B,,,21X000000001360B/IT,2025-12-18 08:49:47,2025-12-17,2025-12-18,294.5,271.8,257.6216,14.1434,[],C,72.21,457.76,250,1584.82
company,21X000000001360B,,Terminale GNL Adriatico S.r.l.,Adriatic LNG,21X000000001360B,,,21X000000001360B/IT,2025-12-19 08:56:04,2025-12-18,2025-12-19,294.6,271.8,257.6216,14.1434,[],C,154.02,976.45,250,1584.94
company,21X000000001360B,,Terminale GNL Adriatico S.r.l.,Adriatic LNG,21X000000001360B,,,21X000000001360B/IT,2025-12-22 10:06:56,2025-12-19,2025-12-20,295,271.8,257.6216,14.1434,[],C,106.56,675.55,250,1584.91
company,21X000000001360B,,Terminale GNL Adriatico S.r.l.,Adriatic LNG,21X000000001360B,,,21X000000001360B/IT,2025-12-22 10:05:17,2025-12-20,2025-12-21,265.9,271.8,257.6216,14.1434,[],C,119.58,758.08,250,1584.88
company,21X000000001360B,,Terminale GNL Adriatico S.r.l.,Adriatic LNG,21X000000001360B,,,21X000000001360B/IT,2025-12-22 10:04:00,2025-12-21,2025-12-22,269.2,271.8,257.6216,14.1434,[],C,182.18,1154.97,250,1584.93
company,21X000000001360B,,Terminale GNL Adriatico S.r.l.,Adriatic LNG,21X000000001360B,,,21X000000001360B/IT,2025-12-23 09:58:31,2025-12-22,2025-12-23,294.8,271.8,257.6216,14.1434,[],C,134.31,851.46,250,1584.88
company,21X000000001360B,,Terminale GNL Adriatico S.r.l.,Adriatic LNG,21X000000001360B,,,21X000000001360B/IT,2025-12-29 09:07:37,2025-12-23,2025-12-24,294.5,271.8,257.6216,14.1434,[],C,87.32,553.58,250,1584.92
company,21X000000001360B,,Terminale GNL Adriatico S.r.l.,Adriatic LNG,21X000000001360B,,,21X000000001360B/IT,2025-12-29 09:08:16,2025-12-24,2025-12-25,135.8,271.8,257.6216,14.1434,[],C,66.75,423.16,250,1584.87
company,21X000000001360B,,Terminale GNL Adriatico S.r.l.,Adriatic LNG,21X000000001360B,,,21X000000001360B/IT,2025-12-29 09:09:28,2025-12-25,2025-12-26,134.8,271.8,257.6216,14.1434,[],C,45,285.31,250,1585.06
company,21X000000001360B,,Terminale GNL Adriatico S.r.l.,Adriatic LNG,21X000000001360B,,,21X000000001360B/IT,2025-12-29 09:10:10,2025-12-26,2025-12-27,230.8,271.8,257.6216,14.1434,[],C,97.79,619.96,250,1584.93
company,21X000000001360B,,Terminale GNL Adriatico S.r.l.,Adriatic LNG,21X000000001360B,,,21X000000001360B/IT,2025-12-29 09:10:57,2025-12-27,2025-12-28,298.4,271.8,257.6216,14.1434,[],C,165.96,1052.17,250,1584.98
company,21X000000001360B,,Terminale GNL Adriatico S.r.l.,Adriatic LNG,21X000000001360B,,,21X000000001360B/IT,2025-12-29 09:11:32,2025-12-28,2025-12-29,294.9,271.8,257.6216,14.1434,[],C,118.57,751.69,250,1584.91
company,21X000000001360B,,Terminale GNL Adriatico S.r.l.,Adriatic LNG,21X000000001360B,,,21X000000001360B/IT,2025-12-30 08:49:04,2025-12-29,2025-12-30,100.9,271.8,257.6216,14.1434,[],C,104.26,660.98,250,1584.93
company,21X000000001360B,,Terminale GNL Adriatico S.r.l.,Adriatic LNG,21X000000001360B,,,21X000000001360B/IT,2026-01-02 10:20:24,2025-12-30,2025-12-31,234.3,271.8,257.6216,14.1434,[],C,118.36,750.37,250,1584.93
company,21X000000001360B,,Terminale GNL Adriatico S.r.l.,Adriatic LNG,21X000000001360B,,,21X000000001360B/IT,2026-01-02 10:18:19,2025-12-31,2026-01-01,294.4,293.4,293.4496,0,[],C,230.6,1461.94,250,1584.93
company,21X000000001360B,,Terminale GNL Adriatico S.r.l.,Adriatic LNG,21X000000001360B,,,21X000000001360B/IT,2026-01-02 09:53:39,2026-01-01,2026-01-02,292.6,293.4,293.4496,0,[],C,183.66,1164.38,250,1584.97
company,21X000000001360B,,Terminale GNL Adriatico S.r.l.,Adriatic LNG,21X000000001360B,,,21X000000001360B/IT,2026-01-05 07:47:06,2026-01-02,2026-01-03,281.7,293.4,293.4496,0,[],C,64.9,411.46,250,1584.98
company,21X000000001360B,,Terminale GNL Adriatico S.r.l.,Adriatic LNG,21X000000001360B,,,21X000000001360B/IT,2026-01-05 07:47:53,2026-01-03,2026-01-04,289.4,293.4,293.4496,0,[],C,204.01,1293.33,250,1584.89
company,21X000000001360B,,Terminale GNL Adriatico S.r.l.,Adriatic LNG,21X000000001360B,,,21X000000001360B/IT,2026-01-05 08:49:01,2026-01-04,2026-01-05,288,293.4,293.4496,0,[],C,215.56,1366.57,250,1584.91
company,21X000000001360B,,Terminale GNL Adriatico S.r.l.,Adriatic LNG,21X000000001360B,,,21X000000001360B/IT,2026-01-07 09:20:59,2026-01-05,2026-01-06,288.6,293.4,293.4496,0,[],C,168.61,1068.93,250,1584.91
company,21X000000001360B,,Terminale GNL Adriatico S.r.l.,Adriatic LNG,21X000000001360B,,,21X000000001360B/IT,2026-01-07 09:21:52,2026-01-06,2026-01-07,287.8,293.4,293.4496,0,[],C,121.94,773.06,250,1584.92
company,21X000000001360B,,Terminale GNL Adriatico S.r.l.,Adriatic LNG,21X000000001360B,,,21X000000001360B/IT,2026-01-08 08:54:40,2026-01-07,2026-01-08,288.2,293.4,293.4496,0,[],C,74.87,474.66,250,1584.95
company,21X000000001360B,,Terminale GNL Adriatico S.r.l.,Adriatic LNG,21X000000001360B,,,21X000000001360B/IT,2026-01-09 08:50:32,2026-01-08,2026-01-09,289.5,293.4,293.4496,0,[],C,112.07,710.52,250,1584.99
company,21X000000001360B,,Terminale GNL Adriatico S.r.l.,Adriatic LNG,21X000000001360B,,,21X000000001360B/IT,2026-01-12 08:16:57,2026-01-09,2026-01-10,287.5,293.4,293.4496,0,[],C,189.37,1200.56,250,1584.94
company,21X000000001360B,,Terminale GNL Adriatico S.r.l.,Adriatic LNG,21X000000001360B,,,21X000000001360B/IT,2026-01-12 08:17:49,2026-01-10,2026-01-11,262.1,293.4,293.4496,0,[],C,146.99,931.84,250,1584.87
company,21X000000001360B,,Terminale GNL Adriatico S.r.l.,Adriatic LNG,21X000000001360B,,,21X000000001360B/IT,2026-01-12 09:15:33,2026-01-11,2026-01-12,288.2,293.4,293.4496,0,[],C,156.77,993.87,250,1584.92
company,21X000000001360B,,Terminale GNL Adriatico S.r.l.,Adriatic LNG,21X000000001360B,,,21X000000001360B/IT,2026-01-13 08:46:44,2026-01-12,2026-01-13,287.2,293.4,293.4496,0,[],C,219.05,1388.72,250,1584.93
company,21X000000001360B,,Terminale GNL Adriatico S.r.l.,Adriatic LNG,21X000000001360B,,,21X000000001360B/IT,2026-01-14 08:47:37,2026-01-13,2026-01-14,269.7,293.4,293.4496,0,[],C,175.32,1111.5,250,1584.96
company,21X000000001360B,,Terminale GNL Adriatico S.r.l.,Adriatic LNG,21X000000001360B,,,21X000000001360B/IT,2026-01-15 08:48:39,2026-01-14,2026-01-15,271.7,293.4,293.4496,0,[],C,130.92,829.99,250,1584.92
company,21X000000001360B,,Terminale GNL Adriatico S.r.l.,Adriatic LNG,21X000000001360B,,,21X000000001360B/IT,2026-01-16 08:48:13,2026-01-15,2026-01-16,271.2,293.4,293.4496,0,[],C,86.75,549.98,250,1584.96
company,21X000000001360B,,Terminale GNL Adriatico S.r.l.,Adriatic LNG,21X000000001360B,,,21X000000001360B/IT,2026-01-19 08:53:29,2026-01-16,2026-01-17,271,293.4,293.4496,0,[],C,210.78,1336.29,250,1584.93
company,21X000000001360B,,Terminale GNL Adriatico S.r.l.,Adriatic LNG,21X000000001360B,,,21X000000001360B/IT,2026-01-19 08:54:23,2026-01-17,2026-01-18,271.7,293.4,293.4496,0,[],C,204.78,1298.27,250,1584.96
company,21X000000001360B,,Terminale GNL Adriatico S.r.l.,Adriatic LNG,21X000000001360B,,,21X000000001360B/IT,2026-01-19 08:55:16,2026-01-18,2026-01-19,271.6,293.4,293.4496,0,[],C,161.19,1021.9,250,1584.93
company,21X000000001360B,,Terminale GNL Adriatico S.r.l.,Adriatic LNG,21X000000001360B,,,21X000000001360B/IT,2026-01-20 08:46:10,2026-01-19,2026-01-20,272,293.4,293.4496,0,[],C,117.13,742.59,250,1584.97
company,21X000000001360B,,Terminale GNL Adriatico S.r.l.,Adriatic LNG,21X000000001360B,,,21X000000001360B/IT,2026-01-21 08:46:38,2026-01-20,2026-01-21,270.2,293.4,293.4496,0,[],C,73.78,467.71,250,1584.81
company,21X000000001360B,,Terminale GNL Adriatico S.r.l.,Adriatic LNG,21X000000001360B,,,21X000000001360B/IT,2026-01-22 08:47:29,2026-01-21,2026-01-22,273.9,293.4,293.4496,0,[],C,58.3,369.58,250,1584.82
company,21X000000001360B,,Terminale GNL Adriatico S.r.l.,Adriatic LNG,21X000000001360B,,,21X000000001360B/IT,2026-01-23 08:48:41,2026-01-22,2026-01-23,273.1,293.4,293.4496,0,[],C,153.93,975.9,250,1584.97
company,21X000000001360B,,Terminale GNL Adriatico S.r.l.,Adriatic LNG,21X000000001360B,,,21X000000001360B/IT,2026-01-26 07:56:38,2026-01-23,2026-01-24,215.6,293.4,293.4496,0,[],C,119.35,756.62,250,1584.88
company,21X000000001360B,,Terminale GNL Adriatico S.r.l.,Adriatic LNG,21X000000001360B,,,21X000000001360B/IT,2026-01-26 07:57:40,2026-01-24,2026-01-25,247.6,293.4,293.4496,0,[],C,79.29,502.65,250,1584.85
company,21X000000001360B,,Terminale GNL Adriatico S.r.l.,Adriatic LNG,21X000000001360B,,,21X000000001360B/IT,2026-01-26 08:46:17,2026-01-25,2026-01-26,241.3,293.4,293.4496,0,[],C,40.09,254.13,250,1584.75
company,21X000000001360B,,Terminale GNL Adriatico S.r.l.,Adriatic LNG,21X000000001360B,,,21X000000001360B/IT,2026-01-27 09:29:19,2026-01-26,2026-01-27,272.6,293.4,293.4496,0,[],C,106.19,673.23,250,1584.97
company,21X000000001360B,,Terminale GNL Adriatico S.r.l.,Adriatic LNG,21X000000001360B,,,21X000000001360B/IT,2026-01-28 08:54:00,2026-01-27,2026-01-28,281.9,293.4,293.4496,0,[],C,162.45,1029.86,250,1584.89
company,21X000000001360B,,Terminale GNL Adriatico S.r.l.,Adriatic LNG,21X000000001360B,,,21X000000001360B/IT,2026-01-29 08:59:12,2026-01-28,2026-01-29,225.2,293.4,293.4496,0,[],C,127.26,806.76,250,1584.87
company,21X000000001360B,,Terminale GNL Adriatico S.r.l.,Adriatic LNG,21X000000001360B,,,21X000000001360B/IT,2026-01-30 08:54:08,2026-01-29,2026-01-30,273.4,293.4,293.4496,0,[],C,82.09,520.4,250,1584.85
company,21X000000001360B,,Terminale GNL Adriatico S.r.l.,Adriatic LNG,21X000000001360B,,,21X000000001360B/IT,2026-02-02 08:01:48,2026-01-30,2026-01-31,282.1,293.4,293.4496,0,[],C,194.66,1234.11,250,1584.96
company,21X000000001360B,,Terminale GNL Adriatico S.r.l.,Adriatic LNG,21X000000001360B,,,21X000000001360B/IT,2026-02-02 08:02:54,2026-01-31,2026-02-01,259.6,293.4,293.4496,0,[],C,152.56,967.2,250,1584.95
company,21X000000001360B,,Terminale GNL Adriatico S.r.l.,Adriatic LNG,21X000000001360B,,,21X000000001360B/IT,2026-02-02 08:54:07,2026-02-01,2026-02-02,281.4,293.4,254.5029,38.9467,[],C,106.59,675.76,250,1584.95
company,21X000000001360B,,Terminale GNL Adriatico S.r.l.,Adriatic LNG,21X000000001360B,,,21X000000001360B/IT,2026-02-03 08:56:24,2026-02-02,2026-02-03,281.5,293.4,254.5029,38.9467,[],C,60.6,384.22,250,1585.07
company,21X000000001360B,,Terminale GNL Adriatico S.r.l.,Adriatic LNG,21X000000001360B,,,21X000000001360B/IT,2026-02-04 09:14:56,2026-02-03,2026-02-04,184.6,293.4,254.5029,38.9467,[],C,32.59,206.63,250,1585.07
company,21X000000001360B,,Terminale GNL Adriatico S.r.l.,Adriatic LNG,21X000000001360B,,,21X000000001360B/IT,2026-02-05 09:08:07,2026-02-04,2026-02-05,62.2,293.4,254.5029,38.9467,[],C,22.58,143.18,250,1585.25
company,21X000000001360B,,Terminale GNL Adriatico S.r.l.,Adriatic LNG,21X000000001360B,,,21X000000001360B/IT,2026-02-06 09:26:13,2026-02-05,2026-02-06,124.4,293.4,254.5029,38.9467,[],C,88.68,562.19,250,1584.88
company,21X000000001360B,,Terminale GNL Adriatico S.r.l.,Adriatic LNG,21X000000001360B,,,21X000000001360B/IT,2026-02-09 08:25:01,2026-02-06,2026-02-07,249.7,293.4,254.5029,38.9467,[],C,168.42,1067.72,250,1584.91
company,21X000000001360B,,Terminale GNL Adriatico S.r.l.,Adriatic LNG,21X000000001360B,,,21X000000001360B/IT,2026-02-09 08:26:00,2026-02-07,2026-02-08,287.1,293.4,254.5029,38.9467,[],C,122.01,773.5,250,1584.91
company,21X000000001360B,,Terminale GNL Adriatico S.r.l.,Adriatic LNG,21X000000001360B,,,21X000000001360B/IT,2026-02-09 09:22:04,2026-02-08,2026-02-09,289.2,293.4,254.5029,38.9467,[],C,208.74,1323.35,250,1584.93
company,21X000000001360B,,Terminale GNL Adriatico S.r.l.,Adriatic LNG,21X000000001360B,,,21X000000001360B/IT,2026-02-10 08:54:37,2026-02-09,2026-02-10,292.1,293.4,254.5029,38.9467,[],C,161.51,1023.95,250,1584.96
company,21X000000001360B,,Terminale GNL Adriatico S.r.l.,Adriatic LNG,21X000000001360B,,,21X000000001360B/IT,2026-02-11 09:06:36,2026-02-10,2026-02-11,289.8,293.4,254.5029,38.9467,[],C,115.02,729.18,250,1584.9
company,21X000000001360B,,Terminale GNL Adriatico S.r.l.,Adriatic LNG,21X000000001360B,,,21X000000001360B/IT,2026-02-12 08:51:35,2026-02-11,2026-02-12,289.6,293.4,254.5029,38.9467,[],C,70.58,447.43,250,1584.83
company,21X000000001360B,,Terminale GNL Adriatico S.r.l.,Adriatic LNG,21X000000001360B,,,21X000000001360B/IT,2026-02-13 08:49:51,2026-02-12,2026-02-13,289.2,293.4,254.5029,38.9467,[],C,230.06,1458.5,250,1584.91
company,21X000000001360B,,Terminale GNL Adriatico S.r.l.,Adriatic LNG,21X000000001360B,,,21X000000001360B/IT,2026-02-16 07:42:19,2026-02-13,2026-02-14,289,293.4,254.5029,38.9467,[],C,183.47,1163.15,250,1584.93
company,21X000000001360B,,Terminale GNL Adriatico S.r.l.,Adriatic LNG,21X000000001360B,,,21X000000001360B/IT,2026-02-16 07:44:37,2026-02-14,2026-02-15,289.2,293.4,254.5029,38.9467,[],C,136.99,868.45,250,1584.88
company,21X000000001360B,,Terminale GNL Adriatico S.r.l.,Adriatic LNG,21X000000001360B,,,21X000000001360B/IT,2026-02-16 08:47:10,2026-02-15,2026-02-16,290.8,293.4,254.5029,38.9467,[],C,215.3,1364.92,250,1584.9
company,21X000000001360B,,Terminale GNL Adriatico S.r.l.,Adriatic LNG,21X000000001360B,,,21X000000001360B/IT,2026-02-17 09:06:42,2026-02-16,2026-02-17,291.3,293.4,254.5029,38.9467,[],C,202.87,1286.12,250,1584.91
company,21X000000001360B,,Terminale GNL Adriatico S.r.l.,Adriatic LNG,21X000000001360B,,,21X000000001360B/IT,2026-02-18 08:47:38,2026-02-17,2026-02-18,291.3,293.4,254.5029,38.9467,[],C,155.91,988.43,250,1584.94
company,21X000000001360B,,Terminale GNL Adriatico S.r.l.,Adriatic LNG,21X000000001360B,,,21X000000001360B/IT,2026-02-19 08:55:19,2026-02-18,2026-02-19,289.3,293.4,254.5029,38.9467,[],C,109.42,693.68,250,1584.9
company,21X000000001360B,,Terminale GNL Adriatico S.r.l.,Adriatic LNG,21X000000001360B,,,21X000000001360B/IT,2026-02-20 09:07:56,2026-02-19,2026-02-20,290.3,293.4,254.5029,38.9467,[],C,62.6,396.89,250,1585.02
company,21X000000001360B,,Terminale GNL Adriatico S.r.l.,Adriatic LNG,21X000000001360B,,,21X000000001360B/IT,2026-02-23 09:09:24,2026-02-20,2026-02-21,289.1,293.4,254.5029,38.9467,[],C,15.99,101.35,250,1584.58
company,21X000000001360B,,Terminale GNL Adriatico S.r.l.,Adriatic LNG,21X000000001360B,,,21X000000001360B/IT,2026-02-23 09:10:03,2026-02-21,2026-02-22,290.1,293.4,254.5029,38.9467,[],C,176.6,1119.6,250,1584.94
company,21X000000001360B,,Terminale GNL Adriatico S.r.l.,Adriatic LNG,21X000000001360B,,,21X000000001360B/IT,2026-02-23 09:10:39,2026-02-22,2026-02-23,290.5,293.4,254.5029,38.9467,[],C,129.86,823.25,250,1584.88
company,21X000000001360B,,Terminale GNL Adriatico S.r.l.,Adriatic LNG,21X000000001360B,,,21X000000001360B/IT,2026-02-24 08:51:20,2026-02-23,2026-02-24,293.9,293.4,254.5029,38.9467,[],C,82.38,522.28,250,1584.97
company,21X000000001360B,,Terminale GNL Adriatico S.r.l.,Adriatic LNG,21X000000001360B,,,21X000000001360B/IT,2026-02-25 08:49:00,2026-02-24,2026-02-25,296.4,293.4,254.5029,38.9467,[],C,203.5,1290.1,250,1584.89
company,21X000000001360B,,Terminale GNL Adriatico S.r.l.,Adriatic LNG,21X000000001360B,,,21X000000001360B/IT,2026-02-26 09:02:16,2026-02-25,2026-02-26,296.7,293.4,254.5029,38.9467,[],C,199.4,1264.12,250,1584.9
company,21X000000001360B,,Terminale GNL Adriatico S.r.l.,Adriatic LNG,21X000000001360B,,,21X000000001360B/IT,2026-02-27 08:47:41,2026-02-26,2026-02-27,295,293.4,254.5029,38.9467,[],C,152.15,964.56,250,1584.88
company,21X000000001360B,,Terminale GNL Adriatico S.r.l.,Adriatic LNG,21X000000001360B,,,21X000000001360B/IT,2026-03-02 08:13:06,2026-02-27,2026-02-28,294.6,293.4,254.5029,38.9467,[],C,104.62,663.26,250,1584.93
company,21X000000001360B,,Terminale GNL Adriatico S.r.l.,Adriatic LNG,21X000000001360B,,,21X000000001360B/IT,2026-03-02 08:15:11,2026-02-28,2026-03-01,293,293.4,254.5029,38.9467,[],C,158.45,1004.53,250,1584.93
company,21X000000001360B,,Terminale GNL Adriatico S.r.l.,Adriatic LNG,21X000000001360B,,,21X000000001360B/IT,2026-03-02 08:47:28,2026-03-01,2026-03-02,290,293.4,247.3093,46.1403,[],C,176.5,1118.97,250,1584.94
company,21X000000001360B,,Terminale GNL Adriatico S.r.l.,Adriatic LNG,21X000000001360B,,,21X000000001360B/IT,2026-03-03 08:47:22,2026-03-02,2026-03-03,292.6,293.4,247.3093,46.1403,[],C,129.09,818.41,250,1584.96
company,21X000000001360B,,Terminale GNL Adriatico S.r.l.,Adriatic LNG,21X000000001360B,,,21X000000001360B/IT,2026-03-04 08:48:56,2026-03-03,2026-03-04,291,293.4,247.3093,46.1403,[],C,81.98,519.72,250,1584.9
company,21X000000001360B,,Terminale GNL Adriatico S.r.l.,Adriatic LNG,21X000000001360B,,,21X000000001360B/IT,2026-03-05 08:46:05,2026-03-04,2026-03-05,290.4,293.4,247.3093,46.1403,[],C,34.7,219.97,250,1584.8
company,21X000000001360B,,Terminale GNL Adriatico S.r.l.,Adriatic LNG,21X000000001360B,,,21X000000001360B/IT,2026-03-06 08:47:25,2026-03-05,2026-03-06,290.8,293.4,247.3093,46.1403,[],C,195.49,1239.37,250,1584.95
company,21X000000001360B,,Terminale GNL Adriatico S.r.l.,Adriatic LNG,21X000000001360B,,,21X000000001360B/IT,2026-03-09 08:25:47,2026-03-06,2026-03-07,290.9,293.4,247.3093,46.1403,[],C,148.72,942.86,250,1584.96
company,21X000000001360B,,Terminale GNL Adriatico S.r.l.,Adriatic LNG,21X000000001360B,,,21X000000001360B/IT,2026-03-09 08:26:41,2026-03-07,2026-03-08,289.7,293.4,247.3093,46.1403,[],C,102.1,647.29,250,1584.94
company,21X000000001360B,,Terminale GNL Adriatico S.r.l.,Adriatic LNG,21X000000001360B,,,21X000000001360B/IT,2026-03-09 08:59:07,2026-03-08,2026-03-09,288.7,293.4,247.3093,46.1403,[],C,55.5,351.87,250,1585
company,21X000000001360B,,Terminale GNL Adriatico S.r.l.,Adriatic LNG,21X000000001360B,,,21X000000001360B/IT,2026-03-10 08:56:48,2026-03-09,2026-03-10,291.7,293.4,247.3093,46.1403,[],C,204.36,1295.57,250,1584.91
company,21X000000001360B,,Terminale GNL Adriatico S.r.l.,Adriatic LNG,21X000000001360B,,,21X000000001360B/IT,2026-03-11 08:47:57,2026-03-10,2026-03-11,226.1,293.4,247.3093,46.1403,[],C,181.14,1148.34,250,1584.88
company,21X000000001360B,,Terminale GNL Adriatico S.r.l.,Adriatic LNG,21X000000001360B,,,21X000000001360B/IT,2026-03-12 08:52:27,2026-03-11,2026-03-12,165.8,293.4,247.3093,46.1403,[],C,154.48,979.33,250,1584.88
company,21X000000001360B,,Terminale GNL Adriatico S.r.l.,Adriatic LNG,21X000000001360B,,,21X000000001360B/IT,2026-03-13 08:50:57,2026-03-12,2026-03-13,165.8,293.4,247.3093,46.1403,[],C,127.92,810.97,250,1584.92
company,21X000000001360B,,Terminale GNL Adriatico S.r.l.,Adriatic LNG,21X000000001360B,,,21X000000001360B/IT,2026-03-16 07:55:24,2026-03-13,2026-03-14,134.7,293.4,247.3093,46.1403,[],C,106.38,674.43,250,1584.95
company,21X000000001360B,,Terminale GNL Adriatico S.r.l.,Adriatic LNG,21X000000001360B,,,21X000000001360B/IT,2026-03-16 07:57:51,2026-03-14,2026-03-15,77.7,293.4,247.3093,46.1403,[],C,94.03,596.13,250,1584.95
company,21X000000001360B,,Terminale GNL Adriatico S.r.l.,Adriatic LNG,21X000000001360B,,,21X000000001360B/IT,2026-03-16 09:09:17,2026-03-15,2026-03-16,186.7,293.4,247.3093,46.1403,[],C,62.85,398.44,250,1584.88
company,21X000000001360B,,Terminale GNL Adriatico S.r.l.,Adriatic LNG,21X000000001360B,,,21X000000001360B/IT,2026-03-17 08:50:28,2026-03-16,2026-03-17,209.7,293.4,247.3093,46.1403,[],C,209.47,1327.98,250,1584.93
company,21X000000001360B,,Terminale GNL Adriatico S.r.l.,Adriatic LNG,21X000000001360B,,,21X000000001360B/IT,2026-03-18 08:46:10,2026-03-17,2026-03-18,226.7,293.4,247.3093,46.1403,[],C,199.85,1267.02,250,1584.96
company,21X000000001360B,,Terminale GNL Adriatico S.r.l.,Adriatic LNG,21X000000001360B,,,21X000000001360B/IT,2026-03-19 09:42:46,2026-03-18,2026-03-19,253.3,293.4,247.3093,46.1403,[],C,158.89,1007.32,250,1584.93
company,21X000000001360B,,Terminale GNL Adriatico S.r.l.,Adriatic LNG,21X000000001360B,,,21X000000001360B/IT,2026-03-20 08:52:42,2026-03-19,2026-03-20,270.1,293.4,247.3093,46.1403,[],C,115.3,730.98,250,1584.95
company,21X000000001360B,,Terminale GNL Adriatico S.r.l.,Adriatic LNG,21X000000001360B,,,21X000000001360B/IT,2026-03-23 08:50:38,2026-03-20,2026-03-21,290.9,293.4,247.3093,46.1403,[],C,68.43,433.8,250,1584.83
company,21X000000001360B,,Terminale GNL Adriatico S.r.l.,Adriatic LNG,21X000000001360B,,,21X000000001360B/IT,2026-03-23 08:50:42,2026-03-21,2026-03-22,288.2,293.4,247.3093,46.1403,[],C,137.44,871.33,250,1584.93
company,21X000000001360B,,Terminale GNL Adriatico S.r.l.,Adriatic LNG,21X000000001360B,,,21X000000001360B/IT,2026-03-23 08:51:02,2026-03-22,2026-03-23,288.7,293.4,247.3093,46.1403,[],C,139.79,886.22,250,1584.91
company,21X000000001360B,,Terminale GNL Adriatico S.r.l.,Adriatic LNG,21X000000001360B,,,21X000000001360B/IT,2026-03-24 08:49:25,2026-03-23,2026-03-24,285.9,293.4,247.3093,46.1403,[],C,93.66,593.76,250,1584.88
company,21X000000001360B,,Terminale GNL Adriatico S.r.l.,Adriatic LNG,21X000000001360B,,,21X000000001360B/IT,2026-03-25 08:59:37,2026-03-24,2026-03-25,186.9,293.4,247.3093,46.1403,[],C,63.83,404.65,250,1584.87
company,21X000000001360B,,Terminale GNL Adriatico S.r.l.,Adriatic LNG,21X000000001360B,,,21X000000001360B/IT,2026-03-26 08:52:32,2026-03-25,2026-03-26,166.3,293.4,247.3093,46.1403,[],C,37.13,235.4,250,1584.97
company,21X000000001360B,,Terminale GNL Adriatico S.r.l.,Adriatic LNG,21X000000001360B,,,21X000000001360B/IT,2026-03-27 09:02:31,2026-03-26,2026-03-27,62.3,293.4,247.3093,46.1403,[],C,27.25,172.75,250,1584.86
company,21X000000001360B,,Terminale GNL Adriatico S.r.l.,Adriatic LNG,21X000000001360B,,,21X000000001360B/IT,2026-03-30 06:42:37,2026-03-27,2026-03-28,130.4,293.4,247.3093,46.1403,[],C,51.56,326.88,250,1584.95
company,21X000000001360B,,Terminale GNL Adriatico S.r.l.,Adriatic LNG,21X000000001360B,,,21X000000001360B/IT,2026-03-30 06:43:36,2026-03-28,2026-03-29,271.7,293.4,247.3093,46.1403,[],C,173.76,1101.56,250,1584.89
company,21X000000001360B,,Terminale GNL Adriatico S.r.l.,Adriatic LNG,21X000000001360B,,,21X000000001360B/IT,2026-03-30 07:49:57,2026-03-29,2026-03-30,290.4,293.4,247.3093,46.1403,[],C,126.88,804.41,250,1584.98
company,21X000000001360B,,Terminale GNL Adriatico S.r.l.,Adriatic LNG,21X000000001360B,,,21X000000001360B/IT,2026-03-31 08:18:13,2026-03-30,2026-03-31,291.9,293.4,247.3093,46.1403,[],C,80.15,508.1,250,1584.84
company,21X000000001360B,,Terminale GNL Adriatico S.r.l.,Adriatic LNG,21X000000001360B,,,21X000000001360B/IT,2026-04-01 13:51:03,2026-03-31,2026-04-01,136.2,293.4,247.3093,46.1403,[],C,59.44,376.86,250,1585.04
company,21X000000001360B,,Terminale GNL Adriatico S.r.l.,Adriatic LNG,21X000000001360B,,,21X000000001360B/IT,2026-04-02 08:03:57,2026-04-01,2026-04-02,132,293.4,249.5868,43.8629,[],C,38.03,241.11,250,1585
company,21X000000001360B,,Terminale GNL Adriatico S.r.l.,Adriatic LNG,21X000000001360B,,,21X000000001360B/IT,2026-04-03 07:56:06,2026-04-02,2026-04-03,163.6,293.4,249.5868,43.8629,[],C,108.11,685.39,250,1584.94
company,21X000000001360B,,Terminale GNL Adriatico S.r.l.,Adriatic LNG,21X000000001360B,,,21X000000001360B/IT,2026-04-07 07:13:18,2026-04-03,2026-04-04,264.4,293.4,249.5868,43.8629,[],C,175.04,1109.69,250,1584.91
company,21X000000001360B,,Terminale GNL Adriatico S.r.l.,Adriatic LNG,21X000000001360B,,,21X000000001360B/IT,2026-04-07 07:15:27,2026-04-04,2026-04-05,287.9,293.4,249.5868,43.8629,[],C,128.41,814.08,250,1584.92
company,21X000000001360B,,Terminale GNL Adriatico S.r.l.,Adriatic LNG,21X000000001360B,,,21X000000001360B/IT,2026-04-07 07:16:06,2026-04-05,2026-04-06,287.1,293.4,249.5868,43.8629,[],C,246.48,1562.58,250,1584.9
company,21X000000001360B,,Terminale GNL Adriatico S.r.l.,Adriatic LNG,21X000000001360B,,,21X000000001360B/IT,2026-04-07 07:49:52,2026-04-06,2026-04-07,286.3,293.4,249.5868,43.8629,[],C,199.98,1267.84,250,1584.96
company,21X000000001360B,,Terminale GNL Adriatico S.r.l.,Adriatic LNG,21X000000001360B,,,21X000000001360B/IT,2026-04-08 07:48:06,2026-04-07,2026-04-08,291.3,293.4,249.5868,43.8629,[],C,152.64,967.67,250,1584.89
company,21X000000001360B,,Terminale GNL Adriatico S.r.l.,Adriatic LNG,21X000000001360B,,,21X000000001360B/IT,2026-04-09 07:53:41,2026-04-08,2026-04-09,290.1,293.4,249.5868,43.8629,[],C,195.22,1237.65,250,1584.94
company,21X000000001360B,,Terminale GNL Adriatico S.r.l.,Adriatic LNG,21X000000001360B,,,21X000000001360B/IT,2026-04-10 07:59:27,2026-04-09,2026-04-10,290.9,293.4,249.5868,43.8629,[],C,206.41,1308.56,250,1584.9
company,21X000000001360B,,Terminale GNL Adriatico S.r.l.,Adriatic LNG,21X000000001360B,,,21X000000001360B/IT,2026-04-13 07:59:16,2026-04-10,2026-04-11,290.9,293.4,249.5868,43.8629,[],C,160.06,1014.74,250,1584.94
company,21X000000001360B,,Terminale GNL Adriatico S.r.l.,Adriatic LNG,21X000000001360B,,,21X000000001360B/IT,2026-04-13 07:57:55,2026-04-11,2026-04-12,286.7,293.4,249.5868,43.8629,[],C,129.56,821.39,250,1584.96
company,21X000000001360B,,Terminale GNL Adriatico S.r.l.,Adriatic LNG,21X000000001360B,,,21X000000001360B/IT,2026-04-13 07:56:17,2026-04-12,2026-04-13,285.2,293.4,249.5868,43.8629,[],C,226.32,1434.77,250,1584.89
company,21X000000001360B,,Terminale GNL Adriatico S.r.l.,Adriatic LNG,21X000000001360B,,,21X000000001360B/IT,2026-04-14 10:28:25,2026-04-13,2026-04-14,294.5,293.4,249.5868,43.8629,[],C,178.82,1133.65,250,1584.9
company,21X000000001360B,,Terminale GNL Adriatico S.r.l.,Adriatic LNG,21X000000001360B,,,21X000000001360B/IT,2026-04-15 22:00:05,2026-04-14,2026-04-15,294.6,293.4,249.5868,43.8629,[],C,131.37,832.83,250,1584.89
company,21X000000001360B,,Terminale GNL Adriatico S.r.l.,Adriatic LNG,21X000000001360B,,,21X000000001360B/IT,2026-04-16 09:47:02,2026-04-15,2026-04-16,239.7,293.4,249.5868,43.8629,[],C,93.46,592.52,250,1584.96
company,21X000000001360B,,Terminale GNL Adriatico S.r.l.,Adriatic LNG,21X000000001360B,,,21X000000001360B/IT,2026-04-17 08:37:06,2026-04-16,2026-04-17,223.2,293.4,249.5868,43.8629,[],C,57.82,366.55,250,1584.88
company,21X000000001360B,,Terminale GNL Adriatico S.r.l.,Adriatic LNG,21X000000001360B,,,21X000000001360B/IT,2026-04-20 09:06:23,2026-04-17,2026-04-18,223.2,293.4,249.5868,43.8629,[],C,57.82,366.55,250,1584.88
company,21X000000001360B,,Terminale GNL Adriatico S.r.l.,Adriatic LNG,21X000000001360B,,,21X000000001360B/IT,2026-04-20 09:09:56,2026-04-18,2026-04-19,182.4,293.4,249.5868,43.8629,[],C,119.05,754.72,250,1584.88
company,21X000000001360B,,Terminale GNL Adriatico S.r.l.,Adriatic LNG,21X000000001360B,,,21X000000001360B/IT,2026-04-20 09:10:49,2026-04-19,2026-04-20,221,293.4,249.5868,43.8629,[],C,127.83,810.37,250,1584.86
company,21X000000001360B,,Terminale GNL Adriatico S.r.l.,Adriatic LNG,21X000000001360B,,,21X000000001360B/IT,2026-04-21 08:08:00,2026-04-20,2026-04-21,223.3,293.4,249.5868,43.8629,[],C,91.63,580.91,250,1584.93
company,21X000000001360B,,Terminale GNL Adriatico S.r.l.,Adriatic LNG,21X000000001360B,,,21X000000001360B/IT,2026-04-22 07:55:52,2026-04-21,2026-04-22,233.4,293.4,249.5868,43.8629,[],C,53.66,340.21,250,1585.03
company,21X000000001360B,,Terminale GNL Adriatico S.r.l.,Adriatic LNG,21X000000001360B,,,21X000000001360B/IT,2026-04-23 07:50:15,2026-04-22,2026-04-23,265.6,293.4,249.5868,43.8629,[],C,82.37,522.22,250,1584.98
company,21X000000001360B,,Terminale GNL Adriatico S.r.l.,Adriatic LNG,21X000000001360B,,,21X000000001360B/IT,2026-04-24 08:10:12,2026-04-23,2026-04-24,288.6,293.4,249.5868,43.8629,[],C,125.1,793.11,250,1584.95
company,21X000000001360B,,Terminale GNL Adriatico S.r.l.,Adriatic LNG,21X000000001360B,,,21X000000001360B/IT,2026-04-27 07:10:16,2026-04-24,2026-04-25,290,293.4,249.5868,43.8629,[],C,229.21,1453.13,250,1584.93
company,21X000000001360B,,Terminale GNL Adriatico S.r.l.,Adriatic LNG,21X000000001360B,,,21X000000001360B/IT,2026-04-27 07:11:07,2026-04-25,2026-04-26,273.8,293.4,249.5868,43.8629,[],C,198.2,1256.55,250,1584.95
company,21X000000001360B,,Terminale GNL Adriatico S.r.l.,Adriatic LNG,21X000000001360B,,,21X000000001360B/IT,2026-04-27 08:12:43,2026-04-26,2026-04-27,273.9,293.4,249.5868,43.8629,[],C,153.48,973.04,250,1584.96
company,21X000000001360B,,Terminale GNL Adriatico S.r.l.,Adriatic LNG,21X000000001360B,,,21X000000001360B/IT,2026-04-28 08:09:20,2026-04-27,2026-04-28,288.8,293.4,249.5868,43.8629,[],C,106.01,672.06,250,1584.9
company,21X000000001360B,,Terminale GNL Adriatico S.r.l.,Adriatic LNG,21X000000001360B,,,21X000000001360B/IT,2026-04-29 07:48:54,2026-04-28,2026-04-29,290.3,293.4,249.5868,43.8629,[],C,226.39,1435.22,250,1584.9
company,21X000000001360B,,Terminale GNL Adriatico S.r.l.,Adriatic LNG,21X000000001360B,,,21X000000001360B/IT,2026-04-30 08:08:40,2026-04-29,2026-04-30,290.6,293.4,249.5868,43.8629,[],C,179.06,1135.16,250,1584.89
company,21X000000001360B,,Terminale GNL Adriatico S.r.l.,Adriatic LNG,21X000000001360B,,,21X000000001360B/IT,2026-05-04 07:04:46,2026-04-30,2026-05-01,288.3,293.4,249.5868,43.8629,[],C,131.85,835.91,250,1584.96
company,21X000000001360B,,Terminale GNL Adriatico S.r.l.,Adriatic LNG,21X000000001360B,,,21X000000001360B/IT,2026-05-04 07:23:07,2026-05-01,2026-05-02,238.6,293.4,293.4496,0,[],C,93.2,590.84,250,1584.87
company,21X000000001360B,,Terminale GNL Adriatico S.r.l.,Adriatic LNG,21X000000001360B,,,21X000000001360B/IT,2026-05-04 07:24:12,2026-05-02,2026-05-03,239.2,293.4,293.4496,0,[],C,219.51,1391.65,250,1584.95
company,21X000000001360B,,Terminale GNL Adriatico S.r.l.,Adriatic LNG,21X000000001360B,,,21X000000001360B/IT,2026-05-04 08:06:41,2026-05-03,2026-05-04,237.7,293.4,293.4496,0,[],C,181.94,1153.46,250,1584.95
company,21X000000001360B,,Terminale GNL Adriatico S.r.l.,Adriatic LNG,21X000000001360B,,,21X000000001360B/IT,2026-05-05 08:16:30,2026-05-04,2026-05-05,271.5,293.4,293.4496,0,[],C,137.72,873.08,250,1584.88
company,21X000000001360B,,Terminale GNL Adriatico S.r.l.,Adriatic LNG,21X000000001360B,,,21X000000001360B/IT,2026-05-06 07:47:10,2026-05-05,2026-05-06,250.1,293.4,293.4496,0,[],C,97.36,617.23,250,1584.92
company,21X000000001360B,,Terminale GNL Adriatico S.r.l.,Adriatic LNG,21X000000001360B,,,21X000000001360B/IT,2026-05-07 07:54:22,2026-05-06,2026-05-07,260.3,293.4,293.4496,0,[],C,221.16,1402.1,250,1584.94
company,21X000000001360B,,Terminale GNL Adriatico S.r.l.,Adriatic LNG,21X000000001360B,,,21X000000001360B/IT,2026-05-08 07:50:52,2026-05-07,2026-05-08,260.6,293.4,293.4496,0,[],C,178.62,1132.42,250,1584.96
company,21X000000001360B,,Terminale GNL Adriatico S.r.l.,Adriatic LNG,21X000000001360B,,,21X000000001360B/IT,2026-05-11 07:28:17,2026-05-08,2026-05-09,218.4,293.4,293.4496,0,[],C,143.2,907.84,250,1584.92
company,21X000000001360B,,Terminale GNL Adriatico S.r.l.,Adriatic LNG,21X000000001360B,,,21X000000001360B/IT,2026-05-11 07:28:59,2026-05-09,2026-05-10,236.6,293.4,293.4496,0,[],C,104.77,664.22,250,1584.95
company,21X000000001360B,,Terminale GNL Adriatico S.r.l.,Adriatic LNG,21X000000001360B,,,21X000000001360B/IT,2026-05-11 08:08:33,2026-05-10,2026-05-11,236.7,293.4,293.4496,0,[],C,230.26,1459.77,250,1584.91
company,21X000000001360B,,Terminale GNL Adriatico S.r.l.,Adriatic LNG,21X000000001360B,,,21X000000001360B/IT,2026-05-12 08:10:57,2026-05-11,2026-05-12,252.6,293.4,293.4496,0,[],C,189.32,1200.2,250,1584.88
company,21X000000001360B,,Terminale GNL Adriatico S.r.l.,Adriatic LNG,21X000000001360B,,,21X000000001360B/IT,2026-05-13 07:46:52,2026-05-12,2026-05-13,246.4,293.4,293.4496,0,[],C,149.42,947.26,250,1584.89
company,21X000000001360B,,Terminale GNL Adriatico S.r.l.,Adriatic LNG,21X000000001360B,,,21X000000001360B/IT,2026-05-14 07:48:03,2026-05-13,2026-05-14,268.5,293.4,293.4496,0,[],C,105.73,670.31,250,1584.96
company,21X000000001360B,,Terminale GNL Adriatico S.r.l.,Adriatic LNG,21X000000001360B,,,21X000000001360B/IT,2026-05-15 07:47:26,2026-05-14,2026-05-15,257.2,293.4,293.4496,0,[],C,64.01,405.83,250,1585.03
company,21X000000001360B,,Terminale GNL Adriatico S.r.l.,Adriatic LNG,21X000000001360B,,,21X000000001360B/IT,2026-05-18 06:48:34,2026-05-15,2026-05-16,258.8,293.4,293.4496,0,[],C,180.42,1143.79,250,1584.9
company,21X000000001360B,,Terminale GNL Adriatico S.r.l.,Adriatic LNG,21X000000001360B,,,21X000000001360B/IT,2026-05-18 06:49:44,2026-05-16,2026-05-17,215.6,293.4,293.4496,0,[],C,149.2,945.89,250,1584.94
company,21X000000001360B,,Terminale GNL Adriatico S.r.l.,Adriatic LNG,21X000000001360B,,,21X000000001360B/IT,2026-05-18 07:50:10,2026-05-17,2026-05-18,215.6,293.4,293.4496,0,[],C,113.75,721.12,250,1584.88
company,21X000000001360B,,Terminale GNL Adriatico S.r.l.,Adriatic LNG,21X000000001360B,,,21X000000001360B/IT,2026-05-19 08:03:41,2026-05-18,2026-05-19,261.5,293.4,293.4496,0,[],C,71.04,450.35,250,1584.85
company,21X000000001360B,,Terminale GNL Adriatico S.r.l.,Adriatic LNG,21X000000001360B,,,21X000000001360B/IT,2026-05-20 07:50:12,2026-05-19,2026-05-20,260.5,293.4,293.4496,0,[],C,148.43,941.01,250,1584.94
company,21X000000001360B,,Terminale GNL Adriatico S.r.l.,Adriatic LNG,21X000000001360B,,,21X000000001360B/IT,2026-05-21 07:46:51,2026-05-20,2026-05-21,269.3,293.4,293.4496,0,[],C,112.05,710.34,250,1584.87
company,21X000000001360B,,Terminale GNL Adriatico S.r.l.,Adriatic LNG,21X000000001360B,,,21X000000001360B/IT,2026-05-22 07:51:38,2026-05-21,2026-05-22,245.8,293.4,293.4496,0,[],C,72.34,458.65,250,1585.05
company,21X000000001360B,,Terminale GNL Adriatico S.r.l.,Adriatic LNG,21X000000001360B,,,21X000000001360B/IT,2026-05-25 07:00:23,2026-05-22,2026-05-23,267.7,293.4,293.4496,0,[],C,28.86,182.96,250,1584.89
company,21X000000001360B,,Terminale GNL Adriatico S.r.l.,Adriatic LNG,21X000000001360B,,,21X000000001360B/IT,2026-05-25 07:01:33,2026-05-23,2026-05-24,216.5,293.4,293.4496,0,[],C,157.64,999.4,250,1584.94
company,21X000000001360B,,Terminale GNL Adriatico S.r.l.,Adriatic LNG,21X000000001360B,,,21X000000001360B/IT,2026-05-25 07:55:18,2026-05-24,2026-05-25,216.7,293.4,293.4496,0,[],C,122.82,778.63,250,1584.9
company,21X000000001360B,,Terminale GNL Adriatico S.r.l.,Adriatic LNG,21X000000001360B,,,21X000000001360B/IT,2026-05-26 07:46:51,2026-05-25,2026-05-26,259.9,293.4,293.4496,0,[],C,80.59,510.93,250,1584.97
company,21X000000001360B,,Terminale GNL Adriatico S.r.l.,Adriatic LNG,21X000000001360B,,,21X000000001360B/IT,2026-05-27 08:10:01,2026-05-26,2026-05-27,249.8,293.4,293.4496,0,[],C,39.9,252.95,250,1584.9
company,21X000000001360B,,Terminale GNL Adriatico S.r.l.,Adriatic LNG,21X000000001360B,,,21X000000001360B/IT,2026-05-28 08:35:32,2026-05-27,2026-05-28,282,293.4,293.4496,0,[],C,159.87,1013.53,250,1584.93
company,21X000000001360B,,Terminale GNL Adriatico S.r.l.,Adriatic LNG,21X000000001360B,,,21X000000001360B/IT,2026-05-29 08:00:36,2026-05-28,2026-05-29,245.4,293.4,293.4496,0,[],C,119.58,758.08,250,1584.88
company,21X000000001360B,,Terminale GNL Adriatico S.r.l.,Adriatic LNG,21X000000001360B,,,21X000000001360B/IT,2026-06-01 06:22:13,2026-05-29,2026-05-30,257.7,293.4,293.4496,0,[],C,234.14,1484.39,250,1584.94
company,21X000000001360B,,Terminale GNL Adriatico S.r.l.,Adriatic LNG,21X000000001360B,,,21X000000001360B/IT,2026-06-01 06:24:35,2026-05-30,2026-05-31,185.3,293.4,293.4496,0,[],C,213.5,1353.53,250,1584.93
company,21X000000001360B,,Terminale GNL Adriatico S.r.l.,Adriatic LNG,21X000000001360B,,,21X000000001360B/IT,2026-06-01 07:56:51,2026-05-31,2026-06-01,185.2,293.4,293.4496,0,[],C,184.16,1167.49,250,1584.89
company,21X000000001360B,,Terminale GNL Adriatico S.r.l.,Adriatic LNG,21X000000001360B,,,21X000000001360B/IT,2026-06-03 06:55:34,2026-06-01,2026-06-02,92.6,293.4,293.4496,0,[],C,169.62,1075.35,250,1584.94
company,21X000000001360B,,Terminale GNL Adriatico S.r.l.,Adriatic LNG,21X000000001360B,,,21X000000001360B/IT,2026-06-03 08:09:09,2026-06-02,2026-06-03,92.6,293.4,293.4496,0,[],C,154.49,979.43,250,1584.94
company,21X000000001360B,,Terminale GNL Adriatico S.r.l.,Adriatic LNG,21X000000001360B,,,21X000000001360B/IT,2026-06-04 07:55:26,2026-06-03,2026-06-04,135.3,293.4,293.4496,0,[],C,132.43,839.54,250,1584.88
company,21X000000001360B,,Terminale GNL Adriatico S.r.l.,Adriatic LNG,21X000000001360B,,,21X000000001360B/IT,2026-06-05 07:51:50,2026-06-04,2026-06-05,135.4,293.4,293.4496,0,[],C,110.53,700.75,250,1584.98
company,21X000000001360B,,Terminale GNL Adriatico S.r.l.,Adriatic LNG,21X000000001360B,,,21X000000001360B/IT,2026-06-08 07:10:56,2026-06-05,2026-06-06,133.2,293.4,293.4496,0,[],C,89.37,566.55,250,1584.84
company,21X000000001360B,,Terminale GNL Adriatico S.r.l.,Adriatic LNG,21X000000001360B,,,21X000000001360B/IT,2026-06-08 07:18:09,2026-06-06,2026-06-07,71.9,293.4,293.4496,0,[],C,78,494.52,250,1585
company,21X000000001360B,,Terminale GNL Adriatico S.r.l.,Adriatic LNG,21X000000001360B,,,21X000000001360B/IT,2026-06-08 07:46:11,2026-06-07,2026-06-08,71.9,293.4,293.4496,0,[],C,65.7,416.49,250,1584.82
company,21X000000001360B,,Terminale GNL Adriatico S.r.l.,Adriatic LNG,21X000000001360B,,,21X000000001360B/IT,2026-06-09 07:51:24,2026-06-08,2026-06-09,206.8,293.4,293.4496,0,[],C,207.18,1313.48,250,1584.95
company,21X000000001360B,,Terminale GNL Adriatico S.r.l.,Adriatic LNG,21X000000001360B,,,21X000000001360B/IT,2026-06-10 08:02:40,2026-06-09,2026-06-10,264.1,293.4,293.4496,0,[],C,179.21,1136.13,250,1584.91
company,21X000000001360B,,Terminale GNL Adriatico S.r.l.,Adriatic LNG,21X000000001360B,,,21X000000001360B/IT,2026-06-11 07:51:49,2026-06-10,2026-06-11,269.4,293.4,293.4496,0,[],C,135.83,861.14,250,1584.96
company,21X000000001360B,,Terminale GNL Adriatico S.r.l.,Adriatic LNG,21X000000001360B,,,21X000000001360B/IT,2026-06-12 07:59:51,2026-06-11,2026-06-12,269,293.4,293.4496,0,[],C,92.43,585.99,250,1584.96
company,21X000000001360B,,Terminale GNL Adriatico S.r.l.,Adriatic LNG,21X000000001360B,,,21X000000001360B/IT,2026-06-15 08:11:43,2026-06-12,2026-06-13,257.7,293.4,293.4496,0,[],C,179.85,1140.18,250,1584.9
company,21X000000001360B,,Terminale GNL Adriatico S.r.l.,Adriatic LNG,21X000000001360B,,,21X000000001360B/IT,2026-06-15 08:10:33,2026-06-13,2026-06-14,226,293.4,293.4496,0,[],C,143.15,907.5,250,1584.88
company,21X000000001360B,,Terminale GNL Adriatico S.r.l.,Adriatic LNG,21X000000001360B,,,21X000000001360B/IT,2026-06-15 08:09:25,2026-06-14,2026-06-15,225.7,293.4,293.4496,0,[],C,106.3,673.93,250,1584.97
company,21X000000001360B,,Terminale GNL Adriatico S.r.l.,Adriatic LNG,21X000000001360B,,,21X000000001360B/IT,2026-06-16 12:49:47,2026-06-15,2026-06-16,238.4,293.4,293.4496,0,[],C,67.21,426.11,250,1584.99
company,21X000000001360B,,Terminale GNL Adriatico S.r.l.,Adriatic LNG,21X000000001360B,,,21X000000001360B/IT,2026-06-17 08:07:07,2026-06-16,2026-06-17,244.5,293.4,293.4496,0,[],C,140.36,889.87,250,1584.98
company,21X000000001360B,,Terminale GNL Adriatico S.r.l.,Adriatic LNG,21X000000001360B,,,21X000000001360B/IT,2026-06-18 07:46:07,2026-06-17,2026-06-18,245.5,293.4,293.4496,0,[],C,146.81,930.71,250,1584.89
company,21X000000001360B,,Terminale GNL Adriatico S.r.l.,Adriatic LNG,21X000000001360B,,,21X000000001360B/IT,2026-06-19 07:51:15,2026-06-18,2026-06-19,237.9,293.4,293.4496,0,[],C,108.9,690.37,250,1584.87
company,21X000000001360B,,Terminale GNL Adriatico S.r.l.,Adriatic LNG,21X000000001360B,,,21X000000001360B/IT,2026-06-22 07:18:59,2026-06-19,2026-06-20,241.8,293.4,293.4496,0,[],C,227.57,1442.72,250,1584.92
company,21X000000001360B,,Terminale GNL Adriatico S.r.l.,Adriatic LNG,21X000000001360B,,,21X000000001360B/IT,2026-06-22 07:19:55,2026-06-20,2026-06-21,224.5,293.4,293.4496,0,[],C,200.04,1268.17,250,1584.9
company,21X000000001360B,,Terminale GNL Adriatico S.r.l.,Adriatic LNG,21X000000001360B,,,21X000000001360B/IT,2026-06-22 08:11:12,2026-06-21,2026-06-22,224.4,293.4,293.4496,0,[],C,163.35,1035.6,250,1584.94
company,21X000000001360B,,Terminale GNL Adriatico S.r.l.,Adriatic LNG,21X000000001360B,,,21X000000001360B/IT,2026-06-23 07:52:05,2026-06-22,2026-06-23,244.8,293.4,293.4496,0,[],C,123.29,781.63,250,1584.94
company,21X000000001360B,,Terminale GNL Adriatico S.r.l.,Adriatic LNG,21X000000001360B,,,21X000000001360B/IT,2026-06-24 07:48:01,2026-06-23,2026-06-24,244.7,293.4,293.4496,0,[],C,83.32,528.24,250,1584.97
company,21X000000001360B,,Terminale GNL Adriatico S.r.l.,Adriatic LNG,21X000000001360B,,,21X000000001360B/IT,2026-06-25 07:50:57,2026-06-24,2026-06-25,242.8,293.4,293.4496,0,[],C,43.71,277.12,250,1584.99
company,21X000000001360B,,Terminale GNL Adriatico S.r.l.,Adriatic LNG,21X000000001360B,,,21X000000001360B/IT,2026-06-26 07:47:29,2026-06-25,2026-06-26,241.9,293.4,293.4496,0,[],C,121.1,767.74,250,1584.93
company,21X000000001360B,,Terminale GNL Adriatico S.r.l.,Adriatic LNG,21X000000001360B,,,21X000000001360B/IT,2026-06-29 06:56:30,2026-06-26,2026-06-27,267.9,293.4,293.4496,0,[],C,77.54,491.57,250,1584.89
company,21X000000001360B,,Terminale GNL Adriatico S.r.l.,Adriatic LNG,21X000000001360B,,,21X000000001360B/IT,2026-06-29 06:57:39,2026-06-27,2026-06-28,237.4,293.4,293.4496,0,[],C,38.97,247.03,250,1584.74
company,21X000000001360B,,Terminale GNL Adriatico S.r.l.,Adriatic LNG,21X000000001360B,,,21X000000001360B/IT,2026-06-29 08:20:39,2026-06-28,2026-06-29,238.4,293.4,293.4496,0,[],C,161.53,1024.08,250,1584.97
company,21X000000001360B,,Terminale GNL Adriatico S.r.l.,Adriatic LNG,21X000000001360B,,,21X000000001360B/IT,2026-06-30 07:45:53,2026-06-29,2026-06-30,268.6,293.4,293.4496,0,[],C,117.07,742.19,250,1584.93
company,21X000000001360B,,Terminale GNL Adriatico S.r.l.,Adriatic LNG,21X000000001360B,,,21X000000001360B/IT,2026-07-01 07:44:41,2026-06-30,2026-07-01,273,293.4,293.4496,0,[],C,72.55,459.95,250,1584.94
company,21X000000001360B,,Terminale GNL Adriatico S.r.l.,Adriatic LNG,21X000000001360B,,,21X000000001360B/IT,2026-07-02 09:52:02,2026-07-01,2026-07-02,259.8,293.4,247.3093,46.1403,[],C,30.97,196.35,250,1585
company,21X000000001360B,,Terminale GNL Adriatico S.r.l.,Adriatic LNG,21X000000001360B,,,21X000000001360B/IT,2026-07-03 07:53:35,2026-07-02,2026-07-03,183.5,293.4,247.3093,46.1403,[],C,109.51,694.24,250,1584.88
company,21X000000001360B,,Terminale GNL Adriatico S.r.l.,Adriatic LNG,21X000000001360B,,,21X000000001360B/IT,2026-07-06 07:08:33,2026-07-03,2026-07-04,243.4,293.4,247.3093,46.1403,[],C,122.08,773.95,250,1584.92
company,21X000000001360B,,Terminale GNL Adriatico S.r.l.,Adriatic LNG,21X000000001360B,,,21X000000001360B/IT,2026-07-06 07:09:50,2026-07-04,2026-07-05,226.9,293.4,247.3093,46.1403,[],C,204.75,1298.03,250,1584.9
company,21X000000001360B,,Terminale GNL Adriatico S.r.l.,Adriatic LNG,21X000000001360B,,,21X000000001360B/IT,2026-07-06 08:10:07,2026-07-05,2026-07-06,226.1,293.4,247.3093,46.1403,[],C,213,1350.36,250,1584.93
company,21X000000001360B,,Terminale GNL Adriatico S.r.l.,Adriatic LNG,21X000000001360B,,,21X000000001360B/IT,2026-07-07 07:48:36,2026-07-06,2026-07-07,256.5,293.4,247.3093,46.1403,[],C,170.85,1083.16,250,1584.96
company,21X000000001360B,,Terminale GNL Adriatico S.r.l.,Adriatic LNG,21X000000001360B,,,21X000000001360B/IT,2026-07-08 07:52:49,2026-07-07,2026-07-08,232.2,293.4,247.3093,46.1403,[],C,132.89,842.49,250,1584.94
company,21X000000001360B,,Terminale GNL Adriatico S.r.l.,Adriatic LNG,21X000000001360B,,,21X000000001360B/IT,2026-07-09 07:47:12,2026-07-08,2026-07-09,246.3,293.4,247.3093,46.1403,[],C,92.48,586.33,250,1585.02
company,21X000000001360B,,Terminale GNL Adriatico S.r.l.,Adriatic LNG,21X000000001360B,,,21X000000001360B/IT,2026-07-10 07:51:04,2026-07-09,2026-07-10,240.3,293.4,247.3093,46.1403,[],C,53.12,336.79,250,1585.04
company,21X000000001360B,,Terminale GNL Adriatico S.r.l.,Adriatic LNG,21X000000001360B,,,21X000000001360B/IT,2026-07-13 06:31:13,2026-07-10,2026-07-11,222.6,293.4,247.3093,46.1403,[],C,168.43,1067.81,250,1584.95
company,21X000000001360B,,Terminale GNL Adriatico S.r.l.,Adriatic LNG,21X000000001360B,,,21X000000001360B/IT,2026-07-13 06:31:59,2026-07-11,2026-07-12,222.2,293.4,247.3093,46.1403,[],C,141.49,897.03,250,1584.97
company,21X000000001360B,,Terminale GNL Adriatico S.r.l.,Adriatic LNG,21X000000001360B,,,21X000000001360B/IT,2026-07-13 07:45:08,2026-07-12,2026-07-13,222.2,293.4,247.3093,46.1403,[],C,105.62,669.63,250,1585
company,21X000000001360B,,Terminale GNL Adriatico S.r.l.,Adriatic LNG,21X000000001360B,,,21X000000001360B/IT,2026-07-14 07:48:43,2026-07-13,2026-07-14,221.1,293.4,247.3093,46.1403,[],C,223.99,1420.01,250,1584.9
company,21X000000001360B,,Terminale GNL Adriatico S.r.l.,Adriatic LNG,21X000000001360B,,,21X000000001360B/IT,2026-07-15 07:48:57,2026-07-14,2026-07-15,224.5,293.4,247.3093,46.1403,[],C,199.25,1263.17,250,1584.91
company,21X000000001360B,,Terminale GNL Adriatico S.r.l.,Adriatic LNG,21X000000001360B,,,21X000000001360B/IT,2026-07-16 09:40:19,2026-07-15,2026-07-16,221.5,293.4,247.3093,46.1403,[],C,164.03,1039.89,250,1584.91
company,21X000000001360B,,Terminale GNL Adriatico S.r.l.,Adriatic LNG,21X000000001360B,,,21X000000001360B/IT,2026-07-17 07:49:14,2026-07-16,2026-07-17,186.9,293.4,247.3093,46.1403,[],C,134.45,852.35,250,1584.88
company,21X000000001360B,,Terminale GNL Adriatico S.r.l.,Adriatic LNG,21X000000001360B,,,21X000000001360B/IT,2026-07-20 07:08:14,2026-07-17,2026-07-18,185.9,293.4,247.3093,46.1403,[],C,104.88,664.89,250,1584.88
company,21X000000001360B,,Terminale GNL Adriatico S.r.l.,Adriatic LNG,21X000000001360B,,,21X000000001360B/IT,2026-07-20 07:09:34,2026-07-18,2026-07-19,164.7,293.4,247.3093,46.1403,[],C,78.58,498.18,250,1584.95
company,21X000000001360B,,Terminale GNL Adriatico S.r.l.,Adriatic LNG,21X000000001360B,,,21X000000001360B/IT,2026-07-20 08:40:31,2026-07-19,2026-07-20,164.8,293.4,247.3093,46.1403,[],C,52.03,329.84,250,1584.85
company,21X000000001360B,,Terminale GNL Adriatico S.r.l.,Adriatic LNG,21X000000001360B,,,21X000000001360B/IT,2026-07-21 11:43:56,2026-07-20,2026-07-21,195.2,293.4,247.3093,46.1403,[],C,117.23,743.2,250,1584.92
