time,temperature_2m,relative_humidity_2m,dew_point_2m,apparent_temperature,precipitation,rain,showers,snowfall,snow_depth,weather_code,pressure_msl,surface_pressure,cloud_cover,cloud_cover_low,cloud_cover_mid,cloud_cover_high,wind_speed_10m,wind_direction_10m,wind_gusts_10m,shortwave_radiation,direct_radiation,diffuse_radiation,direct_normal_irradiance,sunshine_duration,et0_fao_evapotranspiration,vapour_pressure_deficit,soil_temperature_0_to_7cm,soil_moisture_0_to_7cm,city,lat,lon
2026-01-01T00:00,2.8,79,-0.4,-0.7,0.0,0.0,0.0,0.0,0.0,2,1020.3,1018.9,53,53,0,0,8.9,9,25.9,0.0,0.0,0.0,0.0,0.0,0.0,0.15,5.9,0.372,Genova,44.4056,8.9463
2026-01-01T01:00,3.4,76,-0.5,0.1,0.0,0.0,0.0,0.0,0.0,1,1020.2,1018.8,38,38,0,0,7.2,13,19.4,0.0,0.0,0.0,0.0,0.0,0.0,0.19,5.6,0.373,Genova,44.4056,8.9463
2026-01-01T02:00,2.2,79,-1.1,-0.9,0.0,0.0,0.0,0.0,0.0,0,1019.8,1018.4,12,12,0,0,5.6,15,16.9,0.0,0.0,0.0,0.0,0.0,0.0,0.15,6.9,0.375,Genova,44.4056,8.9463
2026-01-01T03:00,3.2,75,-0.8,0.5,0.0,0.0,0.0,0.0,0.0,0,1019.6,1018.2,4,4,0,0,3.5,15,15.1,0.0,0.0,0.0,0.0,0.0,0.0,0.19,6.1,0.375,Genova,44.4056,8.9463
2026-01-01T04:00,3.7,77,-0.0,0.9,0.0,0.0,0.0,0.0,0.0,0,1019.6,1018.2,16,16,0,0,4.3,24,11.9,0.0,0.0,0.0,0.0,0.0,0.0,0.19,5.6,0.376,Genova,44.4056,8.9463
2026-01-01T05:00,4.4,80,1.2,1.2,0.0,0.0,0.0,0.0,0.0,2,1019.0,1017.6,58,58,0,0,8.5,38,17.3,0.0,0.0,0.0,0.0,0.0,0.0,0.17,5.4,0.376,Genova,44.4056,8.9463
2026-01-01T06:00,5.5,79,2.1,2.4,0.0,0.0,0.0,0.0,0.0,3,1018.8,1017.4,88,88,0,0,9.2,57,19.4,0.0,0.0,0.0,0.0,0.0,0.01,0.19,5.6,0.376,Genova,44.4056,8.9463
2026-01-01T07:00,6.3,78,2.7,3.3,0.0,0.0,0.0,0.0,0.0,3,1018.4,1017.0,96,96,2,0,9.0,96,20.5,0.0,0.0,0.0,0.0,0.0,0.01,0.21,5.8,0.376,Genova,44.4056,8.9463
2026-01-01T08:00,6.5,79,3.2,3.2,0.0,0.0,0.0,0.0,0.0,3,1018.2,1016.8,100,100,7,0,11.8,111,22.7,0.0,0.0,0.0,0.0,0.0,0.01,0.2,7.3,0.376,Genova,44.4056,8.9463
2026-01-01T09:00,6.5,82,3.7,3.3,0.2,0.2,0.0,0.0,0.0,51,1018.2,1016.8,100,100,35,0,11.8,102,24.8,0.0,0.0,0.0,0.0,0.0,0.01,0.17,7.0,0.378,Genova,44.4056,8.9463
2026-01-01T10:00,6.7,85,4.4,3.5,0.3,0.3,0.0,0.0,0.0,51,1018.2,1016.8,93,92,46,0,12.5,102,25.9,13.0,1.0,12.0,12.1,0.0,0.02,0.14,6.8,0.38,Genova,44.4056,8.9463
2026-01-01T11:00,7.0,86,4.8,3.5,0.3,0.3,0.0,0.0,0.0,51,1018.3,1016.9,92,92,55,0,14.9,111,31.3,51.0,12.0,39.0,61.7,50.81,0.04,0.14,6.8,0.382,Genova,44.4056,8.9463
2026-01-01T12:00,7.6,85,5.2,4.2,0.4,0.4,0.0,0.0,0.0,51,1018.2,1016.8,100,100,84,0,15.3,130,32.8,96.0,28.0,68.0,94.2,1025.97,0.05,0.16,6.9,0.385,Genova,44.4056,8.9463
2026-01-01T13:00,7.1,91,5.8,4.0,0.3,0.3,0.0,0.0,0.0,51,1017.8,1016.4,94,77,80,0,14.3,143,36.7,130.0,48.0,82.0,132.9,2187.68,0.05,0.09,7.1,0.387,Genova,44.4056,8.9463
2026-01-01T14:00,6.6,95,5.8,3.6,0.4,0.4,0.0,0.0,0.0,51,1016.5,1015.1,96,95,71,12,13.4,136,34.2,157.0,62.0,95.0,162.4,3072.09,0.06,0.05,6.8,0.386,Genova,44.4056,8.9463
2026-01-01T15:00,7.2,96,6.7,4.3,0.3,0.3,0.0,0.0,0.0,51,1015.4,1014.0,100,100,38,0,14.2,125,31.3,120.0,57.0,63.0,159.3,2979.23,0.04,0.04,7.0,0.388,Genova,44.4056,8.9463
2026-01-01T16:00,8.2,96,7.7,5.1,1.0,1.0,0.0,0.0,0.0,55,1014.6,1013.2,97,96,45,0,17.1,159,42.1,80.0,16.0,64.0,55.0,0.0,0.03,0.04,7.4,0.399,Genova,44.4056,8.9463
2026-01-01T17:00,8.6,96,7.9,6.2,0.3,0.3,0.0,0.0,0.0,51,1013.9,1012.5,67,66,11,0,12.5,129,42.1,40.0,8.0,32.0,43.1,0.0,0.02,0.05,7.7,0.4,Genova,44.4056,8.9463
2026-01-01T18:00,8.3,96,7.6,6.0,0.0,0.0,0.0,0.0,0.0,3,1013.2,1011.8,99,23,10,98,11.0,95,26.3,15.0,6.0,9.0,77.8,904.22,0.01,0.05,7.8,0.398,Genova,44.4056,8.9463
2026-01-01T19:00,8.0,94,7.2,6.3,0.0,0.0,0.0,0.0,0.0,3,1012.8,1011.4,89,25,2,85,6.8,88,22.7,0.0,0.0,0.0,0.0,0.0,0.0,0.06,7.7,0.397,Genova,44.4056,8.9463
2026-01-01T20:00,9.1,90,7.5,7.0,0.0,0.0,0.0,0.0,0.0,2,1012.5,1011.2,66,20,2,56,9.5,105,15.1,0.0,0.0,0.0,0.0,0.0,0.0,0.12,10.2,0.396,Genova,44.4056,8.9463
2026-01-01T21:00,9.2,88,7.3,7.6,0.0,0.0,0.0,0.0,0.0,1,1012.2,1010.9,41,29,1,16,6.4,130,20.9,0.0,0.0,0.0,0.0,0.0,0.0,0.14,9.4,0.394,Genova,44.4056,8.9463
2026-01-01T22:00,7.3,90,5.7,5.6,0.0,0.0,0.0,0.0,0.0,1,1012.2,1010.8,28,27,0,1,4.2,121,16.9,0.0,0.0,0.0,0.0,0.0,0.0,0.1,8.3,0.393,Genova,44.4056,8.9463
2026-01-01T23:00,6.6,92,5.5,4.9,0.0,0.0,0.0,0.0,0.0,1,1011.8,1010.4,30,29,2,0,4.1,124,13.0,0.0,0.0,0.0,0.0,0.0,0.0,0.07,7.5,0.393,Genova,44.4056,8.9463
2026-01-02T00:00,7.3,91,6.0,5.4,0.0,0.0,0.0,0.0,0.0,1,1011.3,1009.9,23,22,2,0,6.1,124,15.1,0.0,0.0,0.0,0.0,0.0,0.0,0.09,7.0,0.392,Genova,44.4056,8.9463
2026-01-02T01:00,7.5,88,5.7,4.9,0.0,0.0,0.0,0.0,0.0,1,1010.4,1009.0,35,34,2,0,10.3,147,23.4,0.0,0.0,0.0,0.0,0.0,0.0,0.12,6.8,0.391,Genova,44.4056,8.9463
2026-01-02T02:00,9.1,83,6.4,6.2,0.0,0.0,0.0,0.0,0.0,1,1009.7,1008.4,29,29,0,0,13.2,150,24.5,0.0,0.0,0.0,0.0,0.0,0.01,0.19,9.4,0.378,Genova,44.4056,8.9463
2026-01-02T03:00,8.2,85,5.8,6.1,0.0,0.0,0.0,0.0,0.0,1,1009.3,1008.0,45,45,0,0,7.2,158,29.9,0.0,0.0,0.0,0.0,0.0,0.0,0.16,8.8,0.378,Genova,44.4056,8.9463
2026-01-02T04:00,7.0,89,5.3,5.4,0.0,0.0,0.0,0.0,0.0,0,1009.1,1007.7,16,16,0,0,3.3,174,18.4,0.0,0.0,0.0,0.0,0.0,0.0,0.11,8.1,0.378,Genova,44.4056,8.9463
2026-01-02T05:00,6.0,92,4.8,4.7,0.0,0.0,0.0,0.0,0.0,1,1008.6,1007.2,29,29,0,0,0.4,360,10.8,0.0,0.0,0.0,0.0,0.0,0.0,0.07,7.3,0.378,Genova,44.4056,8.9463
2026-01-02T06:00,5.9,89,4.3,3.9,0.0,0.0,0.0,0.0,0.0,2,1007.9,1006.5,60,60,0,0,4.7,2,9.7,0.0,0.0,0.0,0.0,0.0,0.0,0.1,7.0,0.378,Genova,44.4056,8.9463
2026-01-02T07:00,5.5,88,3.6,3.3,0.0,0.0,0.0,0.0,0.0,2,1006.9,1005.5,71,71,0,0,4.7,40,9.7,0.0,0.0,0.0,0.0,0.0,0.0,0.11,6.5,0.378,Genova,44.4056,8.9463
2026-01-02T08:00,7.5,91,6.1,5.2,0.0,0.0,0.0,0.0,0.0,1,1006.1,1004.8,27,27,1,0,8.7,95,10.8,0.0,0.0,0.0,0.0,0.0,0.0,0.09,8.9,0.385,Genova,44.4056,8.9463
2026-01-02T09:00,8.4,93,7.3,6.3,0.0,0.0,0.0,0.0,0.0,1,1005.6,1004.3,34,34,1,0,9.3,140,22.0,0.0,0.0,0.0,0.0,0.0,0.0,0.08,8.4,0.385,Genova,44.4056,8.9463
2026-01-02T10:00,9.1,91,7.6,6.9,0.0,0.0,0.0,0.0,0.0,1,1005.6,1004.3,41,41,0,0,10.8,154,24.1,29.0,11.0,18.0,133.4,2772.12,0.01,0.11,8.2,0.385,Genova,44.4056,8.9463
2026-01-02T11:00,10.3,80,6.9,7.6,0.0,0.0,0.0,0.0,0.0,2,1005.2,1003.9,59,59,0,0,12.7,157,32.4,118.0,62.0,56.0,318.1,3600.0,0.06,0.25,8.6,0.384,Genova,44.4056,8.9463
2026-01-02T12:00,11.1,69,5.7,7.8,0.0,0.0,0.0,0.0,0.0,2,1004.7,1003.4,70,70,0,0,15.4,154,37.1,210.0,122.0,88.0,409.5,3600.0,0.11,0.41,9.2,0.384,Genova,44.4056,8.9463
2026-01-02T13:00,12.0,67,6.1,8.6,0.0,0.0,0.0,0.0,0.0,1,1003.5,1002.2,20,20,0,0,17.1,152,41.0,290.0,188.0,102.0,519.1,3600.0,0.15,0.46,9.8,0.383,Genova,44.4056,8.9463
2026-01-02T14:00,11.4,76,7.3,7.3,0.0,0.0,0.0,0.0,0.0,0,1002.9,1001.6,13,13,0,0,23.1,155,44.6,361.0,280.0,81.0,730.8,3600.0,0.15,0.33,10.7,0.375,Genova,44.4056,8.9463
2026-01-02T15:00,11.0,73,6.3,6.8,0.0,0.0,0.0,0.0,0.0,0,1002.1,1000.8,16,16,0,0,22.7,157,54.0,299.0,198.0,101.0,550.8,3600.0,0.14,0.36,10.7,0.375,Genova,44.4056,8.9463
2026-01-02T16:00,10.8,70,5.5,6.9,0.0,0.0,0.0,0.0,0.0,0,1001.6,1000.3,16,16,0,0,19.1,154,51.8,184.0,90.0,94.0,307.4,3600.0,0.11,0.39,10.5,0.375,Genova,44.4056,8.9463
2026-01-02T17:00,10.9,72,5.9,7.6,0.0,0.0,0.0,0.0,0.0,0,1001.1,999.8,13,13,0,0,15.2,145,43.9,127.0,70.0,57.0,373.1,3600.0,0.08,0.37,10.3,0.375,Genova,44.4056,8.9463
2026-01-02T18:00,10.2,78,6.6,7.3,0.0,0.0,0.0,0.0,0.0,0,1000.8,999.5,15,15,0,0,14.3,124,34.9,31.0,16.0,15.0,204.5,3021.42,0.03,0.27,9.8,0.375,Genova,44.4056,8.9463
2026-01-02T19:00,10.1,79,6.7,7.5,0.0,0.0,0.0,0.0,0.0,0,1000.5,999.2,10,10,0,0,12.0,112,32.0,0.0,0.0,0.0,0.0,0.0,0.01,0.26,9.4,0.375,Genova,44.4056,8.9463
2026-01-02T20:00,11.0,81,7.9,7.8,0.0,0.0,0.0,0.0,0.0,1,1000.7,999.4,27,27,0,0,18.3,137,27.0,0.0,0.0,0.0,0.0,0.0,0.02,0.25,11.9,0.364,Genova,44.4056,8.9463
2026-01-02T21:00,11.1,78,7.5,8.2,0.0,0.0,0.0,0.0,0.0,0,1000.3,999.0,17,17,0,0,15.5,133,38.9,0.0,0.0,0.0,0.0,0.0,0.02,0.29,11.1,0.365,Genova,44.4056,8.9463
2026-01-02T22:00,10.1,84,7.6,8.0,0.0,0.0,0.0,0.0,0.0,1,1000.0,998.7,26,26,0,0,9.8,128,34.6,0.0,0.0,0.0,0.0,0.0,0.0,0.19,10.4,0.365,Genova,44.4056,8.9463
2026-01-02T23:00,8.7,91,7.3,7.4,0.0,0.0,0.0,0.0,0.0,1,999.9,998.6,27,27,0,0,4.0,63,22.0,0.0,0.0,0.0,0.0,0.0,0.0,0.11,9.6,0.366,Genova,44.4056,8.9463
2026-01-03T00:00,7.5,92,6.4,5.3,0.0,0.0,0.0,0.0,0.0,2,999.8,998.5,66,66,0,0,9.1,8,17.3,0.0,0.0,0.0,0.0,0.0,0.0,0.08,8.9,0.367,Genova,44.4056,8.9463
2026-01-03T01:00,7.0,92,5.8,4.0,0.0,0.0,0.0,0.0,0.0,3,999.8,998.5,94,94,0,0,13.2,4,26.3,0.0,0.0,0.0,0.0,0.0,0.0,0.08,8.5,0.367,Genova,44.4056,8.9463
2026-01-03T02:00,8.8,88,6.8,6.3,0.0,0.0,0.0,0.0,0.0,0,999.5,998.2,8,8,0,0,11.1,16,34.6,0.0,0.0,0.0,0.0,0.0,0.0,0.14,11.7,0.375,Genova,44.4056,8.9463
2026-01-03T03:00,6.9,89,5.2,2.8,0.0,0.0,0.0,0.0,0.0,3,999.8,998.5,100,100,0,1,20.1,351,40.7,0.0,0.0,0.0,0.0,0.0,0.01,0.11,10.5,0.375,Genova,44.4056,8.9463
2026-01-03T04:00,6.6,86,4.3,2.3,0.0,0.0,0.0,0.0,0.0,3,1000.5,999.2,100,100,0,5,20.1,348,41.8,0.0,0.0,0.0,0.0,0.0,0.01,0.14,9.5,0.375,Genova,44.4056,8.9463
2026-01-03T05:00,7.0,86,4.8,3.1,0.0,0.0,0.0,0.0,0.0,3,1000.8,999.5,96,95,0,16,17.8,348,42.8,0.0,0.0,0.0,0.0,0.0,0.01,0.14,8.9,0.375,Genova,44.4056,8.9463
2026-01-03T06:00,7.1,85,4.7,3.4,0.0,0.0,0.0,0.0,0.0,1,1000.9,999.6,47,40,0,11,16.5,352,40.3,0.0,0.0,0.0,0.0,0.0,0.01,0.15,8.6,0.375,Genova,44.4056,8.9463
2026-01-03T07:00,6.5,80,3.3,2.5,0.0,0.0,0.0,0.0,0.0,1,1001.1,999.8,24,10,0,16,16.9,358,39.6,0.0,0.0,0.0,0.0,0.0,0.02,0.2,8.3,0.375,Genova,44.4056,8.9463
2026-01-03T08:00,5.5,71,0.7,0.9,0.0,0.0,0.0,0.0,0.0,2,1001.4,1000.1,63,1,0,63,17.9,354,42.8,0.0,0.0,0.0,0.0,0.0,0.03,0.26,9.3,0.379,Genova,44.4056,8.9463
2026-01-03T09:00,5.3,63,-1.3,0.0,0.0,0.0,0.0,0.0,0.0,2,1002.1,1000.7,54,2,0,53,20.0,352,43.2,0.0,0.0,0.0,0.0,0.0,0.05,0.33,8.4,0.378,Genova,44.4056,8.9463
2026-01-03T10:00,5.2,71,0.5,0.1,0.0,0.0,0.0,0.0,0.0,3,1003.0,1001.6,83,31,0,74,21.1,352,46.4,41.0,23.0,18.0,278.2,3239.67,0.04,0.25,7.8,0.378,Genova,44.4056,8.9463
2026-01-03T11:00,6.6,72,1.9,2.1,0.0,0.0,0.0,0.0,0.0,2,1003.5,1002.2,73,1,0,73,18.0,346,45.7,161.0,105.0,56.0,537.4,3600.0,0.07,0.27,7.8,0.377,Genova,44.4056,8.9463
2026-01-03T12:00,8.5,66,2.6,4.5,0.0,0.0,0.0,0.0,0.0,3,1004.0,1002.7,80,1,0,80,15.3,340,39.2,285.0,227.0,58.0,759.8,3600.0,0.12,0.37,8.3,0.377,Genova,44.4056,8.9463
2026-01-03T13:00,9.3,65,2.9,5.6,0.0,0.0,0.0,0.0,0.0,2,1003.7,1002.4,74,0,0,74,14.0,337,35.3,358.0,290.0,68.0,798.1,3600.0,0.15,0.42,9.0,0.376,Genova,44.4056,8.9463
2026-01-03T14:00,10.1,61,2.8,6.9,0.0,0.0,0.0,0.0,0.0,2,1003.2,1001.9,52,2,0,51,10.8,339,33.5,380.0,310.0,70.0,805.8,3600.0,0.17,0.49,9.9,0.374,Genova,44.4056,8.9463
2026-01-03T15:00,10.0,59,2.5,6.5,0.0,0.0,0.0,0.0,0.0,3,1002.6,1001.3,81,0,0,80,12.4,339,30.2,342.0,265.0,77.0,733.4,3600.0,0.16,0.5,10.1,0.373,Genova,44.4056,8.9463
2026-01-03T16:00,9.2,62,2.2,5.5,0.0,0.0,0.0,0.0,0.0,1,1002.7,1001.4,31,2,1,30,13.6,345,31.3,243.0,163.0,80.0,552.7,3600.0,0.12,0.45,9.9,0.373,Genova,44.4056,8.9463
2026-01-03T17:00,8.0,66,1.9,3.9,0.0,0.0,0.0,0.0,0.0,1,1002.9,1001.6,42,2,2,41,15.4,353,32.4,142.0,86.0,56.0,452.9,3600.0,0.08,0.37,9.5,0.372,Genova,44.4056,8.9463
2026-01-03T18:00,6.0,73,1.5,1.4,0.0,0.0,0.0,0.0,0.0,0,1002.8,1001.5,4,2,1,2,18.4,1,36.7,32.0,15.0,17.0,188.7,3076.77,0.04,0.25,8.7,0.372,Genova,44.4056,8.9463
2026-01-03T19:00,5.1,77,1.4,0.6,0.0,0.0,0.0,0.0,0.0,1,1002.7,1001.3,28,9,2,22,17.5,4,37.4,0.0,0.0,0.0,0.0,0.0,0.02,0.2,8.0,0.372,Genova,44.4056,8.9463
2026-01-03T20:00,4.7,84,2.1,0.6,0.0,0.0,0.0,0.0,0.0,2,1003.0,1001.6,54,19,0,43,15.7,5,34.6,0.0,0.0,0.0,0.0,0.0,0.01,0.14,10.1,0.372,Genova,44.4056,8.9463
2026-01-03T21:00,5.2,81,2.2,0.9,0.0,0.0,0.0,0.0,0.0,1,1003.0,1001.6,46,23,0,30,17.8,3,35.3,0.0,0.0,0.0,0.0,0.0,0.02,0.17,8.9,0.372,Genova,44.4056,8.9463
2026-01-03T22:00,5.4,80,2.2,1.2,0.0,0.0,0.0,0.0,0.0,2,1003.1,1001.7,56,7,0,53,17.1,2,35.3,0.0,0.0,0.0,0.0,0.0,0.02,0.18,8.2,0.372,Genova,44.4056,8.9463
2026-01-03T23:00,5.2,78,1.8,0.7,0.0,0.0,0.0,0.0,0.0,2,1003.3,1001.9,53,13,0,46,18.2,1,36.4,0.0,0.0,0.0,0.0,0.0,0.02,0.19,7.7,0.372,Genova,44.4056,8.9463
2026-01-04T00:00,4.8,78,1.2,0.1,0.0,0.0,0.0,0.0,0.0,3,1003.4,1002.0,88,9,0,86,18.9,357,38.5,0.0,0.0,0.0,0.0,0.0,0.02,0.19,7.2,0.372,Genova,44.4056,8.9463
2026-01-04T01:00,4.2,79,1.0,-0.5,0.0,0.0,0.0,0.0,0.0,0,1003.6,1002.2,16,2,0,16,18.6,356,38.5,0.0,0.0,0.0,0.0,0.0,0.02,0.17,6.8,0.372,Genova,44.4056,8.9463
2026-01-04T02:00,3.4,83,0.7,-1.2,0.0,0.0,0.0,0.0,0.0,0,1003.7,1002.3,5,2,0,3,17.5,2,37.8,0.0,0.0,0.0,0.0,0.0,0.01,0.13,8.5,0.382,Genova,44.4056,8.9463
2026-01-04T03:00,3.5,82,0.8,-1.4,0.0,0.0,0.0,0.0,0.0,0,1003.7,1002.3,5,0,0,5,19.8,359,39.6,0.0,0.0,0.0,0.0,0.0,0.01,0.14,7.5,0.382,Genova,44.4056,8.9463
2026-01-04T04:00,3.4,83,0.8,-1.4,0.0,0.0,0.0,0.0,0.0,3,1003.9,1002.5,82,2,0,81,19.3,357,40.0,0.0,0.0,0.0,0.0,0.0,0.01,0.13,6.8,0.382,Genova,44.4056,8.9463
2026-01-04T05:00,3.4,83,0.8,-1.4,0.0,0.0,0.0,0.0,0.0,3,1004.1,1002.7,86,8,0,84,19.1,355,39.2,0.0,0.0,0.0,0.0,0.0,0.01,0.13,6.3,0.381,Genova,44.4056,8.9463
2026-01-04T06:00,3.4,84,1.0,-1.6,0.0,0.0,0.0,0.0,0.0,0,1004.4,1003.0,18,8,0,11,20.8,354,42.8,0.0,0.0,0.0,0.0,0.0,0.01,0.13,6.0,0.381,Genova,44.4056,8.9463
2026-01-04T07:00,3.4,85,1.1,-1.8,0.0,0.0,0.0,0.0,0.0,2,1004.8,1003.4,75,64,0,31,22.1,353,46.8,0.0,0.0,0.0,0.0,0.0,0.01,0.12,5.8,0.381,Genova,44.4056,8.9463
2026-01-04T08:00,3.0,86,0.8,-2.2,0.0,0.0,0.0,0.0,0.0,3,1005.7,1004.3,100,100,0,4,21.5,349,48.2,0.0,0.0,0.0,0.0,0.0,0.01,0.11,7.3,0.393,Genova,44.4056,8.9463
2026-01-04T09:00,2.9,86,0.9,-2.7,0.0,0.0,0.0,0.0,0.0,3,1006.3,1004.9,100,100,0,23,24.6,351,55.8,0.0,0.0,0.0,0.0,0.0,0.01,0.1,6.6,0.392,Genova,44.4056,8.9463
2026-01-04T10:00,2.8,86,0.7,-2.9,0.0,0.0,0.0,0.0,0.0,3,1007.0,1005.6,100,100,0,52,24.8,350,55.4,29.0,12.0,17.0,144.7,3150.13,0.02,0.1,6.1,0.391,Genova,44.4056,8.9463
2026-01-04T11:00,3.6,83,0.9,-2.1,0.0,0.0,0.0,0.0,0.0,3,1007.7,1006.3,100,100,0,60,25.8,350,57.2,112.0,57.0,55.0,290.8,3600.0,0.04,0.14,5.9,0.39,Genova,44.4056,8.9463
2026-01-04T12:00,4.6,79,1.3,-1.1,0.0,0.0,0.0,0.0,0.0,3,1008.2,1006.8,100,100,0,98,26.1,350,59.8,182.0,78.0,104.0,260.2,3600.0,0.07,0.18,6.1,0.389,Genova,44.4056,8.9463
2026-01-04T13:00,5.2,78,1.7,-0.4,0.0,0.0,0.0,0.0,0.0,3,1007.9,1006.5,100,100,0,99,25.7,350,59.4,248.0,107.0,141.0,293.4,3600.0,0.09,0.19,6.5,0.387,Genova,44.4056,8.9463
2026-01-04T14:00,4.6,79,1.3,-0.9,0.0,0.0,0.0,0.0,0.0,3,1007.6,1006.2,100,100,0,100,24.5,344,59.4,252.0,71.0,181.0,183.8,3600.0,0.08,0.17,6.2,0.396,Genova,44.4056,8.9463
2026-01-04T15:00,4.8,83,2.2,-0.5,0.0,0.0,0.0,0.0,0.0,3,1007.1,1005.7,100,100,1,100,24.6,347,57.6,167.0,35.0,132.0,96.3,1090.03,0.06,0.15,6.3,0.394,Genova,44.4056,8.9463
2026-01-04T16:00,4.8,84,2.2,-0.3,0.0,0.0,0.0,0.0,0.0,3,1007.0,1005.6,100,100,0,24,22.8,346,56.5,154.0,50.0,104.0,168.3,3248.15,0.06,0.14,6.4,0.393,Genova,44.4056,8.9463
2026-01-04T17:00,4.8,83,2.1,-0.3,0.0,0.0,0.0,0.0,0.0,3,1007.3,1005.9,100,100,0,22,22.3,344,52.6,75.0,19.0,56.0,98.8,1163.82,0.04,0.15,6.2,0.391,Genova,44.4056,8.9463
2026-01-04T18:00,4.2,87,2.2,-0.7,0.0,0.0,0.0,0.0,0.0,3,1007.5,1006.1,100,100,0,3,21.6,342,52.9,26.0,9.0,17.0,111.4,2003.89,0.02,0.11,6.0,0.39,Genova,44.4056,8.9463
2026-01-04T19:00,3.3,89,1.7,-1.6,0.0,0.0,0.0,0.0,0.0,3,1007.8,1006.4,100,100,0,4,21.2,342,47.5,0.0,0.0,0.0,0.0,0.0,0.01,0.08,5.7,0.39,Genova,44.4056,8.9463
2026-01-04T20:00,2.9,90,1.4,-1.9,0.0,0.0,0.0,0.0,0.0,3,1008.0,1006.6,100,100,0,9,20.2,343,46.4,0.0,0.0,0.0,0.0,0.0,0.0,0.08,6.0,0.387,Genova,44.4056,8.9463
2026-01-04T21:00,3.0,85,0.8,-2.0,0.0,0.0,0.0,0.0,0.0,2,1008.1,1006.7,52,43,0,16,20.4,344,44.6,0.0,0.0,0.0,0.0,0.0,0.01,0.11,5.6,0.387,Genova,44.4056,8.9463
2026-01-04T22:00,3.5,83,1.0,-1.3,0.0,0.0,0.0,0.0,0.0,2,1008.5,1007.1,71,64,0,18,19.3,344,43.2,0.0,0.0,0.0,0.0,0.0,0.01,0.13,5.4,0.386,Genova,44.4056,8.9463
2026-01-04T23:00,3.4,85,1.1,-1.3,0.0,0.0,0.0,0.0,0.0,2,1008.8,1007.4,73,71,0,5,18.4,342,43.2,0.0,0.0,0.0,0.0,0.0,0.01,0.12,5.3,0.385,Genova,44.4056,8.9463
2026-01-05T00:00,3.2,85,1.0,-1.8,0.0,0.0,0.0,0.0,0.0,2,1008.9,1007.5,58,58,0,1,20.3,343,42.8,0.0,0.0,0.0,0.0,0.0,0.01,0.11,5.1,0.385,Genova,44.4056,8.9463
2026-01-05T01:00,3.4,85,1.2,-1.6,0.0,0.0,0.0,0.0,0.0,3,1008.9,1007.5,95,95,0,0,21.3,345,45.0,0.0,0.0,0.0,0.0,0.0,0.01,0.12,5.1,0.385,Genova,44.4056,8.9463
2026-01-05T02:00,3.3,85,0.9,-2.2,0.0,0.0,0.0,0.0,0.0,3,1008.7,1007.3,98,98,0,13,23.8,344,47.9,0.0,0.0,0.0,0.0,0.0,0.01,0.12,4.9,0.389,Genova,44.4056,8.9463
2026-01-05T03:00,2.6,85,0.4,-3.1,0.0,0.0,0.0,0.0,0.0,3,1008.2,1006.8,96,95,3,8,25.0,347,53.3,0.0,0.0,0.0,0.0,0.0,0.01,0.11,4.7,0.388,Genova,44.4056,8.9463
2026-01-05T04:00,1.7,86,-0.4,-4.2,0.0,0.0,0.0,0.0,0.0,3,1008.2,1006.8,95,93,21,23,25.3,349,54.0,0.0,0.0,0.0,0.0,0.0,0.01,0.1,4.4,0.387,Genova,44.4056,8.9463
2026-01-05T05:00,0.9,86,-1.1,-5.1,0.0,0.0,0.0,0.0,0.0,3,1008.2,1006.8,99,98,52,20,25.5,352,54.4,0.0,0.0,0.0,0.0,0.0,0.01,0.09,4.0,0.387,Genova,44.4056,8.9463
2026-01-05T06:00,0.5,86,-1.5,-5.5,0.0,0.0,0.0,0.0,0.0,3,1008.1,1006.7,100,100,89,98,25.3,354,54.0,0.0,0.0,0.0,0.0,0.0,0.01,0.09,3.7,0.386,Genova,44.4056,8.9463
2026-01-05T07:00,0.8,85,-1.5,-5.1,0.0,0.0,0.0,0.0,0.0,3,1007.9,1006.5,100,71,96,98,24.1,353,53.3,0.0,0.0,0.0,0.0,0.0,0.01,0.1,3.5,0.386,Genova,44.4056,8.9463
2026-01-05T08:00,1.7,76,-2.1,-4.0,0.0,0.0,0.0,0.0,0.0,3,1007.5,1006.1,99,11,98,98,22.4,349,51.1,0.0,0.0,0.0,0.0,0.0,0.02,0.17,5.3,0.386,Genova,44.4056,8.9463
2026-01-05T09:00,2.3,61,-4.4,-3.9,0.0,0.0,0.0,0.0,0.0,3,1007.4,1006.0,100,5,93,100,24.0,353,51.5,0.0,0.0,0.0,0.0,0.0,0.05,0.28,4.7,0.385,Genova,44.4056,8.9463
2026-01-05T10:00,2.9,52,-6.0,-3.6,0.0,0.0,0.0,0.0,0.0,3,1007.6,1006.2,100,0,98,99,24.6,353,54.0,28.0,3.0,25.0,36.0,0.0,0.07,0.36,4.5,0.385,Genova,44.4056,8.9463
2026-01-05T11:00,4.0,51,-5.2,-2.2,0.0,0.0,0.0,0.0,0.0,3,1007.7,1006.3,100,1,100,100,23.6,350,54.0,118.0,29.0,89.0,147.4,2622.08,0.09,0.4,4.6,0.384,Genova,44.4056,8.9463
2026-01-05T12:00,5.3,48,-4.8,-0.9,0.0,0.0,0.0,0.0,0.0,3,1007.9,1006.5,99,1,47,99,23.3,352,54.0,229.0,109.0,120.0,362.3,3600.0,0.13,0.46,5.1,0.383,Genova,44.4056,8.9463
2026-01-05T13:00,6.2,46,-4.5,0.2,0.0,0.0,0.0,0.0,0.0,3,1007.5,1006.1,100,0,10,100,22.0,352,52.9,313.0,192.0,121.0,524.4,3600.0,0.15,0.51,5.7,0.382,Genova,44.4056,8.9463
2026-01-05T14:00,5.8,57,-2.1,0.2,0.0,0.0,0.0,0.0,0.0,3,1006.6,1005.2,98,0,54,97,21.7,348,51.1,344.0,221.0,123.0,569.4,3600.0,0.14,0.4,5.2,0.379,Genova,44.4056,8.9463
2026-01-05T15:00,6.1,53,-2.7,0.4,0.0,0.0,0.0,0.0,0.0,2,1006.1,1004.7,71,0,38,68,21.7,348,51.8,276.0,117.0,159.0,320.2,3600.0,0.14,0.44,5.7,0.378,Genova,44.4056,8.9463
2026-01-05T16:00,5.9,52,-3.3,0.1,0.0,0.0,0.0,0.0,0.0,3,1006.0,1004.6,91,0,88,79,21.7,348,50.8,250.0,157.0,93.0,524.2,3600.0,0.13,0.45,6.0,0.378,Genova,44.4056,8.9463
2026-01-05T17:00,5.0,53,-3.7,-0.7,0.0,0.0,0.0,0.0,0.0,0,1006.1,1004.7,6,0,6,0,20.9,347,50.0,129.0,49.0,80.0,251.5,3600.0,0.09,0.41,5.9,0.377,Genova,44.4056,8.9463
2026-01-05T18:00,3.5,57,-4.1,-2.3,0.0,0.0,0.0,0.0,0.0,1,1006.4,1005.0,21,0,21,0,21.5,349,47.5,35.0,15.0,20.0,182.5,3194.88,0.06,0.34,5.4,0.377,Genova,44.4056,8.9463
2026-01-05T19:00,2.3,61,-4.3,-3.5,0.0,0.0,0.0,0.0,0.0,0,1006.6,1005.2,11,0,11,0,21.2,353,47.5,0.0,0.0,0.0,0.0,0.0,0.04,0.28,4.9,0.376,Genova,44.4056,8.9463
2026-01-05T20:00,2.3,65,-3.6,-3.3,0.0,0.0,0.0,0.0,0.0,1,1006.7,1005.3,34,0,5,30,20.5,353,46.8,0.0,0.0,0.0,0.0,0.0,0.04,0.25,6.0,0.376,Genova,44.4056,8.9463
2026-01-05T21:00,2.2,64,-4.0,-3.6,0.0,0.0,0.0,0.0,0.0,3,1006.9,1005.5,98,0,1,98,21.5,355,46.8,0.0,0.0,0.0,0.0,0.0,0.04,0.26,5.2,0.376,Genova,44.4056,8.9463
2026-01-05T22:00,2.2,61,-4.5,-3.9,0.0,0.0,0.0,0.0,0.0,1,1007.0,1005.6,30,0,6,26,22.7,357,49.0,0.0,0.0,0.0,0.0,0.0,0.04,0.28,4.6,0.376,Genova,44.4056,8.9463
2026-01-05T23:00,2.0,61,-4.7,-4.1,0.0,0.0,0.0,0.0,0.0,3,1006.9,1005.5,84,0,0,84,23.1,357,51.1,0.0,0.0,0.0,0.0,0.0,0.05,0.28,4.2,0.376,Genova,44.4056,8.9463
2026-01-06T00:00,1.9,59,-5.2,-4.2,0.0,0.0,0.0,0.0,0.0,3,1007.3,1005.9,100,0,9,100,23.0,360,50.4,0.0,0.0,0.0,0.0,0.0,0.05,0.29,4.0,0.375,Genova,44.4056,8.9463
2026-01-06T01:00,2.0,55,-6.1,-4.1,0.0,0.0,0.0,0.0,0.0,3,1007.3,1005.9,100,0,10,100,21.8,358,50.0,0.0,0.0,0.0,0.0,0.0,0.05,0.32,3.7,0.375,Genova,44.4056,8.9463
2026-01-06T02:00,2.2,56,-5.7,-3.9,0.0,0.0,0.0,0.0,0.0,3,1007.2,1005.8,100,0,89,99,22.6,354,48.2,0.0,0.0,0.0,0.0,0.0,0.05,0.32,4.7,0.374,Genova,44.4056,8.9463
2026-01-06T03:00,2.6,53,-6.0,-3.8,0.0,0.0,0.0,0.0,0.0,3,1006.9,1005.5,100,0,99,100,24.2,354,54.0,0.0,0.0,0.0,0.0,0.0,0.06,0.35,4.4,0.374,Genova,44.4056,8.9463
2026-01-06T04:00,2.6,53,-6.1,-3.8,0.0,0.0,0.0,0.0,0.0,3,1007.1,1005.7,100,0,100,96,24.4,354,54.4,0.0,0.0,0.0,0.0,0.0,0.06,0.35,4.1,0.373,Genova,44.4056,8.9463
2026-01-06T05:00,2.8,52,-6.1,-3.7,0.0,0.0,0.0,0.0,0.0,3,1006.9,1005.5,100,0,100,100,24.6,355,54.4,0.0,0.0,0.0,0.0,0.0,0.06,0.36,4.0,0.373,Genova,44.4056,8.9463
2026-01-06T06:00,2.9,53,-5.7,-3.4,0.0,0.0,0.0,0.0,0.0,3,1006.8,1005.4,100,0,100,100,24.1,354,54.4,0.0,0.0,0.0,0.0,0.0,0.06,0.35,4.0,0.373,Genova,44.4056,8.9463
2026-01-06T07:00,2.7,56,-5.3,-3.7,0.0,0.0,0.0,0.0,0.0,3,1006.6,1005.2,100,0,61,100,24.4,354,53.3,0.0,0.0,0.0,0.0,0.0,0.06,0.33,3.9,0.373,Genova,44.4056,8.9463
2026-01-06T08:00,2.2,61,-4.6,-4.1,0.0,0.0,0.0,0.0,0.0,3,1006.7,1005.3,100,0,2,100,24.0,351,54.0,0.0,0.0,0.0,0.0,0.0,0.05,0.28,4.6,0.38,Genova,44.4056,8.9463
2026-01-06T09:00,1.8,64,-4.2,-4.7,0.0,0.0,0.0,0.0,0.0,3,1006.9,1005.5,100,0,0,100,25.7,353,57.6,0.0,0.0,0.0,0.0,0.0,0.04,0.25,4.1,0.379,Genova,44.4056,8.9463
2026-01-06T10:00,1.9,66,-3.7,-4.4,0.0,0.0,0.0,0.0,0.0,3,1007.3,1005.9,100,0,0,100,25.0,353,57.6,27.0,1.0,26.0,12.0,0.0,0.05,0.24,3.8,0.379,Genova,44.4056,8.9463
2026-01-06T11:00,3.2,65,-2.8,-2.8,0.0,0.0,0.0,0.0,0.0,3,1007.1,1005.7,100,0,0,100,23.8,347,57.2,118.0,28.0,90.0,141.7,2450.95,0.07,0.27,3.9,0.378,Genova,44.4056,8.9463
2026-01-06T12:00,4.8,59,-2.6,-1.1,0.0,0.0,0.0,0.0,0.0,3,1007.2,1005.8,100,0,0,100,23.7,346,55.8,237.0,121.0,116.0,400.6,3600.0,0.11,0.36,4.5,0.377,Genova,44.4056,8.9463
2026-01-06T13:00,5.6,59,-1.9,-0.1,0.0,0.0,0.0,0.0,0.0,3,1006.8,1005.4,98,0,0,98,22.6,344,55.8,293.0,142.0,151.0,386.2,3600.0,0.13,0.38,5.0,0.377,Genova,44.4056,8.9463
2026-01-06T14:00,6.0,61,-1.0,0.5,0.0,0.0,0.0,0.0,0.0,3,1006.0,1004.6,100,0,0,100,21.6,342,54.0,340.0,200.0,140.0,512.7,3600.0,0.14,0.36,5.2,0.384,Genova,44.4056,8.9463
2026-01-06T15:00,6.7,57,-1.3,1.4,0.0,0.0,0.0,0.0,0.0,3,1005.5,1004.2,100,0,0,100,20.4,346,52.2,321.0,198.0,123.0,538.6,3600.0,0.14,0.43,5.8,0.383,Genova,44.4056,8.9463
2026-01-06T16:00,6.4,56,-1.6,1.0,0.0,0.0,0.0,0.0,0.0,3,1005.6,1004.2,100,0,0,100,21.0,348,50.0,264.0,171.0,93.0,566.3,3600.0,0.12,0.42,6.1,0.382,Genova,44.4056,8.9463
2026-01-06T17:00,5.5,58,-2.0,0.6,0.0,0.0,0.0,0.0,0.0,1,1006.2,1004.8,46,0,0,46,17.0,344,48.2,163.0,108.0,55.0,546.8,3600.0,0.08,0.38,6.0,0.381,Genova,44.4056,8.9463
2026-01-06T18:00,3.7,63,-2.6,-1.1,0.0,0.0,0.0,0.0,0.0,0,1006.7,1005.3,2,0,1,1,15.7,343,39.2,41.0,24.0,17.0,287.0,3257.34,0.04,0.29,5.4,0.38,Genova,44.4056,8.9463
2026-01-06T19:00,2.3,68,-3.0,-2.8,0.0,0.0,0.0,0.0,0.0,0,1007.0,1005.6,0,0,0,0,17.0,351,37.4,0.0,0.0,0.0,0.0,0.0,0.03,0.23,4.7,0.38,Genova,44.4056,8.9463
2026-01-06T20:00,1.8,73,-2.5,-3.0,0.0,0.0,0.0,0.0,0.0,1,1007.7,1006.3,25,0,1,24,15.9,357,37.4,0.0,0.0,0.0,0.0,0.0,0.02,0.19,5.6,0.378,Genova,44.4056,8.9463
2026-01-06T21:00,2.1,65,-3.8,-3.1,0.0,0.0,0.0,0.0,0.0,2,1008.1,1006.7,55,0,0,55,17.1,1,38.9,0.0,0.0,0.0,0.0,0.0,0.03,0.25,4.8,0.378,Genova,44.4056,8.9463
2026-01-06T22:00,2.2,59,-5.1,-3.2,0.0,0.0,0.0,0.0,0.0,0,1008.5,1007.1,0,0,0,0,17.8,3,40.3,0.0,0.0,0.0,0.0,0.0,0.04,0.3,4.2,0.377,Genova,44.4056,8.9463
2026-01-06T23:00,1.8,60,-5.2,-3.7,0.0,0.0,0.0,0.0,0.0,0,1009.0,1007.6,0,0,0,0,18.4,358,41.4,0.0,0.0,0.0,0.0,0.0,0.04,0.28,3.8,0.377,Genova,44.4056,8.9463
2026-01-07T00:00,1.6,62,-5.0,-3.9,0.0,0.0,0.0,0.0,0.0,1,1009.3,1007.9,24,0,5,24,18.7,353,41.8,0.0,0.0,0.0,0.0,0.0,0.04,0.26,3.4,0.377,Genova,44.4056,8.9463
2026-01-07T01:00,1.4,63,-4.9,-4.2,0.0,0.0,0.0,0.0,0.0,3,1009.6,1008.2,84,2,24,84,19.4,352,43.2,0.0,0.0,0.0,0.0,0.0,0.04,0.25,3.2,0.376,Genova,44.4056,8.9463
2026-01-07T02:00,0.5,77,-3.1,-5.2,0.0,0.0,0.0,0.0,0.0,3,1009.8,1008.4,96,42,38,92,21.5,351,45.4,0.0,0.0,0.0,0.0,0.0,0.02,0.15,4.5,0.369,Genova,44.4056,8.9463
2026-01-07T03:00,1.1,68,-4.1,-4.7,0.0,0.0,0.0,0.0,0.0,3,1009.5,1008.1,95,2,46,95,21.9,355,49.0,0.0,0.0,0.0,0.0,0.0,0.03,0.21,3.9,0.369,Genova,44.4056,8.9463
2026-01-07T04:00,1.4,64,-4.7,-4.5,0.0,0.0,0.0,0.0,0.0,3,1009.5,1008.1,88,4,65,86,21.5,356,47.5,0.0,0.0,0.0,0.0,0.0,0.04,0.24,3.5,0.369,Genova,44.4056,8.9463
2026-01-07T05:00,1.0,67,-4.4,-4.9,0.0,0.0,0.0,0.0,0.0,1,1009.6,1008.2,23,17,2,7,21.6,353,47.2,0.0,0.0,0.0,0.0,0.0,0.03,0.22,3.2,0.369,Genova,44.4056,8.9463
2026-01-07T06:00,0.1,76,-3.7,-5.8,0.0,0.0,0.0,0.0,0.0,2,1010.3,1008.9,53,42,17,13,22.4,352,48.2,0.0,0.0,0.0,0.0,0.0,0.02,0.15,2.9,0.369,Genova,44.4056,8.9463
2026-01-07T07:00,0.1,78,-3.3,-5.7,0.0,0.0,0.0,0.0,0.0,2,1010.6,1009.2,68,38,49,0,22.1,353,48.2,0.0,0.0,0.0,0.0,0.0,0.02,0.14,2.8,0.369,Genova,44.4056,8.9463
2026-01-07T08:00,-0.2,84,-2.5,-6.0,0.0,0.0,0.0,0.0,0.0,3,1011.0,1009.6,84,65,56,0,22.8,346,48.2,0.0,0.0,0.0,0.0,0.0,0.01,0.1,3.1,0.369,Genova,44.4056,8.9463
2026-01-07T09:00,0.6,78,-2.9,-5.4,0.0,0.0,0.0,0.0,0.0,1,1011.2,1009.8,20,9,12,0,23.6,352,52.9,0.0,0.0,0.0,0.0,0.0,0.02,0.14,2.9,0.369,Genova,44.4056,8.9463
2026-01-07T10:00,1.4,74,-2.8,-4.4,0.0,0.0,0.0,0.0,0.0,0,1011.8,1010.4,19,11,9,0,22.4,351,51.8,37.0,18.0,19.0,214.1,3273.71,0.03,0.18,2.9,0.369,Genova,44.4056,8.9463
2026-01-07T11:00,2.5,72,-2.0,-3.1,0.0,0.0,0.0,0.0,0.0,1,1012.1,1010.7,29,20,13,0,22.2,349,51.1,151.0,92.0,59.0,463.3,3600.0,0.06,0.21,3.0,0.369,Genova,44.4056,8.9463
2026-01-07T12:00,3.9,67,-1.7,-1.6,0.0,0.0,0.0,0.0,0.0,0,1012.2,1010.8,13,13,0,0,21.5,346,51.1,272.0,200.0,72.0,659.2,3600.0,0.1,0.27,3.6,0.368,Genova,44.4056,8.9463
2026-01-07T13:00,4.4,64,-1.7,-0.9,0.0,0.0,0.0,0.0,0.0,0,1012.0,1010.6,2,2,0,0,20.5,343,50.4,356.0,282.0,74.0,763.4,3600.0,0.12,0.3,4.3,0.368,Genova,44.4056,8.9463
2026-01-07T14:00,4.7,62,-2.0,-0.5,0.0,0.0,0.0,0.0,0.0,0,1011.6,1010.2,7,7,0,0,19.5,346,49.0,392.0,325.0,67.0,828.8,3600.0,0.14,0.33,4.4,0.367,Genova,44.4056,8.9463
2026-01-07T15:00,5.3,54,-3.2,0.1,0.0,0.0,0.0,0.0,0.0,0,1010.9,1009.5,0,0,0,0,18.1,347,46.1,368.0,304.0,64.0,821.6,3600.0,0.14,0.41,5.0,0.366,Genova,44.4056,8.9463
2026-01-07T16:00,5.2,50,-4.4,0.1,0.0,0.0,0.0,0.0,0.0,0,1010.6,1009.2,0,0,0,0,16.7,348,42.5,293.0,236.0,57.0,774.9,3600.0,0.13,0.44,5.3,0.366,Genova,44.4056,8.9463
2026-01-07T17:00,4.2,51,-5.0,-0.6,0.0,0.0,0.0,0.0,0.0,0,1011.3,1009.9,0,0,0,0,14.1,335,38.9,174.0,129.0,45.0,644.2,3600.0,0.08,0.4,5.2,0.366,Genova,44.4056,8.9463
2026-01-07T18:00,1.5,60,-5.5,-3.3,0.0,0.0,0.0,0.0,0.0,0,1011.5,1010.1,0,0,0,0,13.5,357,32.0,44.0,27.0,17.0,317.2,3321.89,0.04,0.27,4.5,0.366,Genova,44.4056,8.9463
2026-01-07T19:00,0.1,64,-5.9,-4.8,0.0,0.0,0.0,0.0,0.0,0,1011.7,1010.3,2,0,2,0,13.8,7,29.2,0.0,0.0,0.0,0.0,0.0,0.02,0.22,3.6,0.366,Genova,44.4056,8.9463
2026-01-07T20:00,-0.4,74,-4.4,-5.1,0.0,0.0,0.0,0.0,0.0,0,1011.5,1010.1,10,0,10,2,13.6,11,29.2,0.0,0.0,0.0,0.0,0.0,0.01,0.15,5.5,0.366,Genova,44.4056,8.9463
2026-01-07T21:00,-0.0,66,-5.6,-4.8,0.0,0.0,0.0,0.0,0.0,0,1011.4,1010.0,1,0,1,0,12.9,12,31.0,0.0,0.0,0.0,0.0,0.0,0.02,0.21,4.2,0.366,Genova,44.4056,8.9463
2026-01-07T22:00,-0.4,58,-7.8,-5.1,0.0,0.0,0.0,0.0,0.0,0,1011.4,1010.0,0,0,0,0,11.3,25,28.1,0.0,0.0,0.0,0.0,0.0,0.02,0.25,3.3,0.366,Genova,44.4056,8.9463
2026-01-07T23:00,-0.4,46,-10.7,-5.2,0.0,0.0,0.0,0.0,0.0,0,1011.0,1009.6,0,0,0,0,10.0,20,24.8,0.0,0.0,0.0,0.0,0.0,0.03,0.32,2.8,0.366,Genova,44.4056,8.9463
2026-01-08T00:00,-1.0,50,-10.2,-5.4,0.0,0.0,0.0,0.0,0.0,0,1010.8,1009.4,2,2,0,0,7.6,14,22.3,0.0,0.0,0.0,0.0,0.0,0.02,0.29,2.7,0.366,Genova,44.4056,8.9463
2026-01-08T01:00,-0.5,46,-10.7,-4.4,0.0,0.0,0.0,0.0,0.0,1,1011.2,1009.8,33,13,1,23,4.0,18,18.7,0.0,0.0,0.0,0.0,0.0,0.01,0.32,2.7,0.366,Genova,44.4056,8.9463
2026-01-08T02:00,2.5,46,-8.0,-1.0,0.0,0.0,0.0,0.0,0.0,0,1011.1,1009.7,4,3,0,2,2.8,15,13.7,0.0,0.0,0.0,0.0,0.0,0.0,0.4,3.3,0.366,Genova,44.4056,8.9463
2026-01-08T03:00,1.9,53,-6.7,-1.8,0.0,0.0,0.0,0.0,0.0,0,1011.0,1009.6,1,1,0,0,5.2,6,13.7,0.0,0.0,0.0,0.0,0.0,0.01,0.33,3.0,0.366,Genova,44.4056,8.9463
2026-01-08T04:00,0.5,61,-6.2,-4.0,0.0,0.0,0.0,0.0,0.0,0,1011.6,1010.2,1,1,0,0,10.5,5,21.6,0.0,0.0,0.0,0.0,0.0,0.02,0.25,2.8,0.366,Genova,44.4056,8.9463
2026-01-08T05:00,0.4,60,-6.5,-4.8,0.0,0.0,0.0,0.0,0.0,1,1011.6,1010.2,20,0,4,17,15.5,4,30.2,0.0,0.0,0.0,0.0,0.0,0.03,0.25,2.8,0.366,Genova,44.4056,8.9463
2026-01-08T06:00,0.3,66,-5.4,-4.9,0.0,0.0,0.0,0.0,0.0,2,1011.7,1010.3,56,0,32,36,15.9,5,32.0,0.0,0.0,0.0,0.0,0.0,0.03,0.21,2.7,0.366,Genova,44.4056,8.9463
2026-01-08T07:00,0.7,72,-3.8,-4.3,0.0,0.0,0.0,0.0,0.0,2,1012.2,1010.8,64,0,52,46,15.7,13,31.3,0.0,0.0,0.0,0.0,0.0,0.02,0.18,2.7,0.366,Genova,44.4056,8.9463
2026-01-08T08:00,0.9,70,-4.0,-3.7,0.0,0.0,0.0,0.0,0.0,3,1012.3,1010.9,96,0,86,90,13.3,16,31.7,0.0,0.0,0.0,0.0,0.0,0.02,0.2,4.1,0.374,Genova,44.4056,8.9463
2026-01-08T09:00,1.7,69,-3.4,-1.8,0.0,0.0,0.0,0.0,0.0,3,1013.1,1011.7,95,0,77,93,6.6,16,27.7,0.0,0.0,0.0,0.0,0.0,0.01,0.22,3.5,0.374,Genova,44.4056,8.9463
2026-01-08T10:00,3.6,66,-2.1,0.8,0.0,0.0,0.0,0.0,0.0,3,1013.8,1012.4,89,0,34,85,2.6,34,15.8,36.0,12.0,24.0,141.9,3086.68,0.01,0.27,3.4,0.373,Genova,44.4056,8.9463
2026-01-08T11:00,6.7,63,0.0,4.0,0.0,0.0,0.0,0.0,0.0,3,1014.2,1012.8,98,4,54,94,3.6,72,9.0,146.0,77.0,69.0,385.6,3600.0,0.06,0.37,4.1,0.373,Genova,44.4056,8.9463
2026-01-08T12:00,7.8,66,1.9,4.9,0.0,0.0,0.0,0.0,0.0,3,1014.3,1012.9,100,63,26,100,7.3,155,19.1,242.0,146.0,96.0,478.9,3600.0,0.1,0.36,5.2,0.372,Genova,44.4056,8.9463
2026-01-08T13:00,8.4,68,2.9,4.7,0.0,0.0,0.0,0.0,0.0,3,1013.9,1012.5,100,98,30,89,14.2,173,34.6,305.0,186.0,119.0,501.1,3600.0,0.13,0.35,6.1,0.372,Genova,44.4056,8.9463
2026-01-08T14:00,8.6,72,3.7,5.8,0.0,0.0,0.0,0.0,0.0,3,1013.6,1012.2,100,100,24,67,9.2,181,34.9,246.0,111.0,135.0,281.5,3600.0,0.11,0.32,6.7,0.365,Genova,44.4056,8.9463
2026-01-08T15:00,8.5,74,4.1,5.8,0.0,0.0,0.0,0.0,0.0,3,1013.2,1011.8,99,98,37,63,8.5,186,23.0,191.0,63.0,128.0,169.1,3274.32,0.09,0.29,7.0,0.365,Genova,44.4056,8.9463
2026-01-08T16:00,8.5,74,4.1,5.8,0.0,0.0,0.0,0.0,0.0,3,1012.5,1011.2,93,73,68,30,8.7,175,22.0,170.0,56.0,114.0,182.3,3600.0,0.08,0.29,7.3,0.364,Genova,44.4056,8.9463
2026-01-08T17:00,8.2,73,3.7,5.5,0.0,0.0,0.0,0.0,0.0,3,1012.6,1011.2,95,89,43,13,8.6,178,23.4,103.0,35.0,68.0,172.3,3369.68,0.06,0.29,7.3,0.364,Genova,44.4056,8.9463
2026-01-08T18:00,7.5,77,3.7,4.9,0.0,0.0,0.0,0.0,0.0,3,1012.8,1011.4,98,97,39,38,7.9,169,20.2,20.0,6.0,14.0,69.2,672.51,0.03,0.24,7.0,0.364,Genova,44.4056,8.9463
2026-01-08T19:00,7.2,78,3.6,4.7,0.0,0.0,0.0,0.0,0.0,3,1012.8,1011.4,86,81,12,14,6.6,135,18.0,0.0,0.0,0.0,0.0,0.0,0.0,0.22,6.7,0.364,Genova,44.4056,8.9463
2026-01-08T20:00,7.0,81,3.9,4.8,0.0,0.0,0.0,0.0,0.0,2,1012.1,1010.7,76,22,20,61,4.7,122,14.4,0.0,0.0,0.0,0.0,0.0,0.0,0.19,6.7,0.364,Genova,44.4056,8.9463
2026-01-08T21:00,6.9,78,3.4,4.5,0.0,0.0,0.0,0.0,0.0,3,1012.3,1010.9,99,27,6,98,5.7,108,13.0,0.0,0.0,0.0,0.0,0.0,0.0,0.22,6.0,0.365,Genova,44.4056,8.9463
2026-01-08T22:00,6.6,75,2.5,4.0,0.0,0.0,0.0,0.0,0.0,3,1011.5,1010.1,100,30,1,100,6.0,81,13.7,0.0,0.0,0.0,0.0,0.0,0.0,0.24,5.6,0.365,Genova,44.4056,8.9463
2026-01-08T23:00,6.1,77,2.4,4.0,0.0,0.0,0.0,0.0,0.0,3,1010.8,1009.4,100,31,34,100,2.6,56,13.3,0.0,0.0,0.0,0.0,0.0,0.0,0.22,5.3,0.365,Genova,44.4056,8.9463
2026-01-09T00:00,6.7,76,2.8,4.6,0.0,0.0,0.0,0.0,0.0,3,1011.1,1009.7,100,91,86,100,2.5,69,7.6,0.0,0.0,0.0,0.0,0.0,0.0,0.23,5.1,0.365,Genova,44.4056,8.9463
2026-01-09T01:00,7.8,79,4.3,5.3,0.0,0.0,0.0,0.0,0.0,3,1010.7,1009.3,100,100,23,99,7.7,114,15.1,0.0,0.0,0.0,0.0,0.0,0.0,0.23,5.4,0.365,Genova,44.4056,8.9463
2026-01-09T02:00,8.5,85,6.1,5.9,0.0,0.0,0.0,0.0,0.0,3,1009.3,1008.0,100,91,40,100,10.8,87,16.9,0.0,0.0,0.0,0.0,0.0,0.0,0.17,6.6,0.35,Genova,44.4056,8.9463
2026-01-09T03:00,8.7,91,7.3,6.2,0.0,0.0,0.0,0.0,0.0,3,1008.4,1007.1,100,97,14,99,12.3,93,26.3,0.0,0.0,0.0,0.0,0.0,0.0,0.11,6.8,0.35,Genova,44.4056,8.9463
2026-01-09T04:00,8.8,91,7.4,6.5,0.1,0.1,0.0,0.0,0.0,51,1008.0,1006.7,100,100,7,100,10.8,105,28.4,0.0,0.0,0.0,0.0,0.0,0.0,0.1,7.0,0.351,Genova,44.4056,8.9463
2026-01-09T05:00,8.6,92,7.3,6.9,0.1,0.1,0.0,0.0,0.0,51,1007.2,1005.9,100,94,64,100,7.3,62,23.4,0.0,0.0,0.0,0.0,0.0,0.0,0.09,7.1,0.353,Genova,44.4056,8.9463
2026-01-09T06:00,7.7,95,6.9,5.9,0.0,0.0,0.0,0.0,0.0,3,1006.7,1005.4,100,96,98,98,6.6,11,13.3,0.0,0.0,0.0,0.0,0.0,0.0,0.05,7.1,0.353,Genova,44.4056,8.9463
2026-01-09T07:00,6.7,97,6.2,4.3,0.0,0.0,0.0,0.0,0.0,3,1005.6,1004.3,100,100,2,0,9.7,3,21.6,0.0,0.0,0.0,0.0,0.0,0.0,0.03,6.9,0.354,Genova,44.4056,8.9463
2026-01-09T08:00,7.6,95,6.8,5.9,0.0,0.0,0.0,0.0,0.0,3,1004.5,1003.2,99,99,7,0,6.3,20,19.4,0.0,0.0,0.0,0.0,0.0,0.0,0.06,8.1,0.343,Genova,44.4056,8.9463
2026-01-09T09:00,6.0,95,5.2,2.7,0.0,0.0,0.0,0.0,0.0,3,1005.4,1004.0,100,100,16,8,15.0,347,31.0,0.0,0.0,0.0,0.0,0.0,0.0,0.05,7.5,0.344,Genova,44.4056,8.9463
2026-01-09T10:00,4.4,90,2.9,-0.5,0.0,0.0,0.0,0.0,0.0,3,1005.3,1003.9,95,95,7,1,22.8,9,43.9,27.0,8.0,19.0,93.9,1493.53,0.02,0.09,6.6,0.344,Genova,44.4056,8.9463
2026-01-09T11:00,6.1,79,2.7,1.4,0.0,0.0,0.0,0.0,0.0,2,1004.6,1003.2,76,76,0,0,20.5,1,44.6,125.0,51.0,74.0,253.9,3600.0,0.06,0.2,6.5,0.345,Genova,44.4056,8.9463
2026-01-09T12:00,8.0,67,2.2,4.1,0.0,0.0,0.0,0.0,0.0,0,1004.4,1003.1,9,5,5,2,14.2,1,42.1,275.0,191.0,84.0,623.3,3600.0,0.12,0.35,7.1,0.345,Genova,44.4056,8.9463
2026-01-09T13:00,10.3,58,2.3,7.6,0.0,0.0,0.0,0.0,0.0,1,1003.4,1002.1,38,0,38,2,6.5,355,32.4,365.0,303.0,62.0,812.0,3600.0,0.16,0.53,8.0,0.345,Genova,44.4056,8.9463
2026-01-09T14:00,12.9,66,6.7,11.5,0.0,0.0,0.0,0.0,0.0,1,1001.5,1000.2,23,1,5,22,3.6,186,16.9,389.0,318.0,71.0,801.9,3600.0,0.18,0.51,8.8,0.359,Genova,44.4056,8.9463
2026-01-09T15:00,11.0,68,5.3,8.5,0.0,0.0,0.0,0.0,0.0,1,1001.1,999.8,30,3,6,24,9.3,311,23.8,353.0,279.0,74.0,743.9,3600.0,0.16,0.42,9.6,0.359,Genova,44.4056,8.9463
2026-01-09T16:00,9.0,67,3.2,5.6,0.0,0.0,0.0,0.0,0.0,0,1001.2,999.9,19,1,12,16,12.6,336,30.2,271.0,196.0,75.0,632.1,3600.0,0.12,0.38,9.4,0.359,Genova,44.4056,8.9463
2026-01-09T17:00,8.7,66,2.7,5.7,0.0,0.0,0.0,0.0,0.0,0,1001.3,1000.0,5,0,2,5,9.6,334,28.8,170.0,122.0,48.0,592.1,3600.0,0.08,0.38,9.1,0.358,Genova,44.4056,8.9463
2026-01-09T18:00,6.4,73,2.0,2.7,0.0,0.0,0.0,0.0,0.0,0,1001.8,1000.5,13,0,9,7,12.9,18,23.8,46.0,27.0,19.0,305.9,3456.62,0.03,0.26,8.3,0.358,Genova,44.4056,8.9463
2026-01-09T19:00,5.3,71,0.6,0.9,0.0,0.0,0.0,0.0,0.0,0,1001.2,999.8,17,0,16,5,16.2,31,31.0,0.0,0.0,0.0,0.0,0.0,0.03,0.26,7.5,0.358,Genova,44.4056,8.9463
2026-01-09T20:00,5.0,83,2.4,1.5,0.0,0.0,0.0,0.0,0.0,2,1000.2,998.9,52,0,48,37,12.4,17,30.6,0.0,0.0,0.0,0.0,0.0,0.01,0.15,9.8,0.358,Genova,44.4056,8.9463
2026-01-09T21:00,5.4,82,2.6,1.6,0.0,0.0,0.0,0.0,0.0,0,999.7,998.4,1,0,1,0,14.7,11,30.2,0.0,0.0,0.0,0.0,0.0,0.01,0.16,8.6,0.359,Genova,44.4056,8.9463
2026-01-09T22:00,5.1,78,1.6,0.7,0.0,0.0,0.0,0.0,0.0,3,999.1,997.8,100,0,75,100,17.3,4,33.8,0.0,0.0,0.0,0.0,0.0,0.02,0.19,7.7,0.359,Genova,44.4056,8.9463
2026-01-09T23:00,5.0,76,1.2,0.3,0.0,0.0,0.0,0.0,0.0,3,999.6,998.3,100,0,100,100,18.9,2,37.4,0.0,0.0,0.0,0.0,0.0,0.02,0.21,7.2,0.359,Genova,44.4056,8.9463
2026-01-10T00:00,5.1,76,1.3,0.4,0.0,0.0,0.0,0.0,0.0,3,999.7,998.4,100,0,92,100,19.1,359,42.1,0.0,0.0,0.0,0.0,0.0,0.02,0.21,6.8,0.359,Genova,44.4056,8.9463
2026-01-10T01:00,5.2,74,0.8,0.6,0.0,0.0,0.0,0.0,0.0,3,999.5,998.2,100,0,100,100,17.5,358,41.0,0.0,0.0,0.0,0.0,0.0,0.03,0.23,6.5,0.359,Genova,44.4056,8.9463
2026-01-10T02:00,6.3,61,-0.6,0.9,0.0,0.0,0.0,0.0,0.0,3,999.2,997.9,100,0,98,100,21.3,357,41.8,0.0,0.0,0.0,0.0,0.0,0.05,0.37,7.5,0.359,Genova,44.4056,8.9463
2026-01-10T03:00,6.7,58,-1.0,1.1,0.0,0.0,0.0,0.0,0.0,3,999.0,997.7,100,0,98,100,22.9,352,50.0,0.0,0.0,0.0,0.0,0.0,0.06,0.41,7.1,0.358,Genova,44.4056,8.9463
2026-01-10T04:00,6.2,61,-0.9,0.5,0.0,0.0,0.0,0.0,0.0,3,999.5,998.2,100,0,98,100,23.3,355,51.8,0.0,0.0,0.0,0.0,0.0,0.06,0.37,6.9,0.358,Genova,44.4056,8.9463
2026-01-10T05:00,5.4,64,-0.8,0.1,0.0,0.0,0.0,0.0,0.0,3,999.9,998.6,99,0,72,99,21.1,357,51.8,0.0,0.0,0.0,0.0,0.0,0.05,0.32,6.5,0.358,Genova,44.4056,8.9463
2026-01-10T06:00,5.2,63,-1.2,0.2,0.0,0.0,0.0,0.0,0.0,2,1000.3,999.0,77,0,71,17,18.6,4,46.4,0.0,0.0,0.0,0.0,0.0,0.04,0.33,6.2,0.358,Genova,44.4056,8.9463
2026-01-10T07:00,5.4,59,-2.0,0.3,0.0,0.0,0.0,0.0,0.0,2,1000.7,999.4,78,0,77,40,18.2,5,41.4,0.0,0.0,0.0,0.0,0.0,0.05,0.37,6.0,0.358,Genova,44.4056,8.9463
2026-01-10T08:00,4.3,65,-1.7,-0.2,0.0,0.0,0.0,0.0,0.0,3,1000.9,999.5,90,0,88,87,14.4,359,40.7,0.0,0.0,0.0,0.0,0.0,0.03,0.29,7.1,0.358,Genova,44.4056,8.9463
2026-01-10T09:00,4.8,61,-2.2,0.1,0.0,0.0,0.0,0.0,0.0,0,1001.4,1000.0,0,0,0,0,15.8,352,35.6,0.0,0.0,0.0,0.0,0.0,0.04,0.34,6.5,0.358,Genova,44.4056,8.9463
2026-01-10T10:00,5.9,55,-2.4,1.3,0.0,0.0,0.0,0.0,0.0,0,1002.2,1000.9,0,0,0,0,14.3,348,34.9,43.0,27.0,16.0,314.7,3325.11,0.05,0.41,6.2,0.358,Genova,44.4056,8.9463
2026-01-10T11:00,7.6,56,-0.6,3.5,0.0,0.0,0.0,0.0,0.0,0,1003.2,1001.9,9,0,0,9,12.6,355,32.0,173.0,128.0,45.0,632.9,3600.0,0.09,0.46,6.6,0.357,Genova,44.4056,8.9463
2026-01-10T12:00,9.1,46,-1.9,4.7,0.0,0.0,0.0,0.0,0.0,0,1004.0,1002.7,5,0,1,5,13.8,352,34.9,291.0,231.0,60.0,749.7,3600.0,0.15,0.63,7.4,0.357,Genova,44.4056,8.9463
2026-01-10T13:00,10.0,36,-4.3,5.1,0.0,0.0,0.0,0.0,0.0,2,1004.4,1003.1,70,0,0,70,15.2,346,38.2,370.0,305.0,65.0,812.9,3600.0,0.2,0.78,8.1,0.356,Genova,44.4056,8.9463
2026-01-10T14:00,10.9,35,-4.0,6.8,0.0,0.0,0.0,0.0,0.0,3,1003.7,1002.4,95,0,23,94,9.9,335,39.6,397.0,324.0,73.0,812.1,3600.0,0.21,0.85,9.1,0.365,Genova,44.4056,8.9463
2026-01-10T15:00,11.1,33,-4.6,6.5,0.0,0.0,0.0,0.0,0.0,3,1003.7,1002.4,84,0,15,82,13.0,334,32.8,343.0,237.0,106.0,627.4,3600.0,0.2,0.89,9.5,0.363,Genova,44.4056,8.9463
2026-01-10T16:00,10.1,37,-3.9,5.5,0.0,0.0,0.0,0.0,0.0,1,1004.3,1003.0,38,0,1,38,13.1,347,33.8,270.0,175.0,95.0,559.2,3600.0,0.16,0.78,9.5,0.362,Genova,44.4056,8.9463
2026-01-10T17:00,9.1,40,-3.9,4.2,0.0,0.0,0.0,0.0,0.0,3,1004.7,1003.4,93,0,1,93,15.3,348,36.7,174.0,120.0,54.0,573.9,3600.0,0.12,0.7,9.1,0.361,Genova,44.4056,8.9463
2026-01-10T18:00,7.1,45,-4.1,2.6,0.0,0.0,0.0,0.0,0.0,3,1005.5,1004.2,98,0,40,97,12.4,359,37.1,48.0,27.0,21.0,300.3,3526.51,0.06,0.56,8.4,0.361,Genova,44.4056,8.9463
2026-01-10T19:00,5.9,48,-4.2,1.5,0.0,0.0,0.0,0.0,0.0,3,1006.4,1005.0,98,0,38,98,11.5,11,30.6,0.0,0.0,0.0,0.0,0.0,0.04,0.48,7.5,0.361,Genova,44.4056,8.9463
2026-01-10T20:00,6.9,52,-2.3,2.7,0.0,0.0,0.0,0.0,0.0,3,1006.5,1005.2,100,0,66,100,12.1,12,32.8,0.0,0.0,0.0,0.0,0.0,0.04,0.48,9.2,0.355,Genova,44.4056,8.9463
2026-01-10T21:00,6.8,51,-2.6,2.3,0.0,0.0,0.0,0.0,0.0,3,1007.3,1005.9,99,0,88,99,13.7,355,32.0,0.0,0.0,0.0,0.0,0.0,0.05,0.48,8.3,0.355,Genova,44.4056,8.9463
2026-01-10T22:00,6.7,43,-5.0,1.3,0.0,0.0,0.0,0.0,0.0,2,1008.1,1006.7,64,0,23,63,18.0,1,41.8,0.0,0.0,0.0,0.0,0.0,0.08,0.56,7.7,0.355,Genova,44.4056,8.9463
2026-01-10T23:00,5.8,42,-6.2,0.2,0.0,0.0,0.0,0.0,0.0,0,1008.8,1007.4,19,0,0,19,18.4,352,43.6,0.0,0.0,0.0,0.0,0.0,0.07,0.54,7.2,0.354,Genova,44.4056,8.9463
2026-01-11T00:00,5.2,44,-6.2,-0.7,0.0,0.0,0.0,0.0,0.0,1,1009.5,1008.1,26,0,0,26,20.9,356,47.2,0.0,0.0,0.0,0.0,0.0,0.08,0.5,6.7,0.354,Genova,44.4056,8.9463
2026-01-11T01:00,4.9,43,-6.7,-0.8,0.0,0.0,0.0,0.0,0.0,0,1010.3,1008.9,1,0,0,1,18.8,348,47.9,0.0,0.0,0.0,0.0,0.0,0.07,0.5,6.3,0.354,Genova,44.4056,8.9463
2026-01-11T02:00,6.0,43,-5.7,0.3,0.0,0.0,0.0,0.0,0.0,0,1010.8,1009.4,0,0,0,0,19.0,340,44.6,0.0,0.0,0.0,0.0,0.0,0.08,0.53,7.1,0.336,Genova,44.4056,8.9463
2026-01-11T03:00,5.7,43,-5.8,0.4,0.0,0.0,0.0,0.0,0.0,0,1011.3,1009.9,0,0,0,0,16.3,338,43.6,0.0,0.0,0.0,0.0,0.0,0.07,0.52,6.6,0.336,Genova,44.4056,8.9463
2026-01-11T04:00,6.1,40,-6.4,0.5,0.0,0.0,0.0,0.0,0.0,0,1012.2,1010.8,0,0,0,0,18.7,349,45.4,0.0,0.0,0.0,0.0,0.0,0.08,0.56,6.3,0.337,Genova,44.4056,8.9463
2026-01-11T05:00,6.0,40,-6.7,0.4,0.0,0.0,0.0,0.0,0.0,0,1013.0,1011.6,0,0,0,0,18.1,349,45.4,0.0,0.0,0.0,0.0,0.0,0.08,0.56,6.1,0.337,Genova,44.4056,8.9463
2026-01-11T06:00,5.8,39,-7.2,-0.3,0.0,0.0,0.0,0.0,0.0,0,1013.5,1012.1,0,0,0,0,21.1,353,50.0,0.0,0.0,0.0,0.0,0.0,0.09,0.57,5.9,0.337,Genova,44.4056,8.9463
2026-01-11T07:00,6.2,35,-8.2,-0.6,0.0,0.0,0.0,0.0,0.0,0,1014.0,1012.6,0,0,0,0,25.8,358,60.8,0.0,0.0,0.0,0.0,0.0,0.11,0.62,5.9,0.338,Genova,44.4056,8.9463
2026-01-11T08:00,6.7,37,-7.1,0.1,0.0,0.0,0.0,0.0,0.0,0,1014.6,1013.2,0,0,0,0,24.7,359,63.0,0.0,0.0,0.0,0.0,0.0,0.1,0.62,6.6,0.336,Genova,44.4056,8.9463
2026-01-11T09:00,6.5,36,-7.7,-0.2,0.0,0.0,0.0,0.0,0.0,0,1015.3,1013.9,0,0,0,0,24.8,359,59.4,0.0,0.0,0.0,0.0,0.0,0.11,0.63,6.4,0.336,Genova,44.4056,8.9463
2026-01-11T10:00,7.4,33,-7.9,0.2,0.0,0.0,0.0,0.0,0.0,0,1016.1,1014.7,0,0,0,0,28.1,360,65.2,44.0,27.0,17.0,312.2,3347.05,0.13,0.69,6.4,0.336,Genova,44.4056,8.9463
2026-01-11T11:00,8.5,32,-7.4,1.3,0.0,0.0,0.0,0.0,0.0,0,1017.1,1015.7,0,0,0,0,29.0,360,67.0,174.0,128.0,46.0,628.5,3600.0,0.17,0.76,6.8,0.336,Genova,44.4056,8.9463
2026-01-11T12:00,9.1,33,-6.3,2.2,0.0,0.0,0.0,0.0,0.0,0,1018.3,1016.9,0,0,0,0,27.4,358,67.3,295.0,236.0,59.0,761.5,3600.0,0.2,0.77,7.4,0.336,Genova,44.4056,8.9463
2026-01-11T13:00,9.4,33,-5.9,2.8,0.0,0.0,0.0,0.0,0.0,0,1018.8,1017.4,0,0,0,0,25.5,354,61.6,376.0,311.0,65.0,824.1,3600.0,0.22,0.78,8.0,0.335,Genova,44.4056,8.9463
2026-01-11T14:00,10.5,32,-5.5,4.9,0.0,0.0,0.0,0.0,0.0,0,1018.3,1017.0,0,0,0,0,18.5,350,58.0,405.0,338.0,67.0,841.9,3600.0,0.23,0.86,10.4,0.334,Genova,44.4056,8.9463
2026-01-11T15:00,10.7,31,-5.7,5.1,0.0,0.0,0.0,0.0,0.0,0,1018.7,1017.4,0,0,0,0,18.9,352,45.0,378.0,314.0,64.0,825.2,3600.0,0.22,0.89,10.2,0.333,Genova,44.4056,8.9463
2026-01-11T16:00,10.7,31,-6.0,5.3,0.0,0.0,0.0,0.0,0.0,0,1019.2,1017.9,1,0,0,1,17.1,352,43.9,301.0,242.0,59.0,765.9,3600.0,0.19,0.89,10.0,0.333,Genova,44.4056,8.9463
2026-01-11T17:00,9.8,34,-5.3,4.9,0.0,0.0,0.0,0.0,0.0,0,1019.6,1018.2,0,0,0,0,14.3,349,39.2,183.0,135.0,48.0,636.1,3600.0,0.13,0.8,9.6,0.333,Genova,44.4056,8.9463
2026-01-11T18:00,7.1,43,-4.7,2.3,0.0,0.0,0.0,0.0,0.0,0,1020.4,1019.0,0,0,0,0,14.3,6,31.7,52.0,32.0,20.0,349.4,3597.89,0.07,0.58,8.7,0.333,Genova,44.4056,8.9463
2026-01-11T19:00,5.3,49,-4.5,0.2,0.0,0.0,0.0,0.0,0.0,0,1021.4,1020.0,0,0,0,0,15.8,17,33.1,0.0,0.0,0.0,0.0,0.0,0.06,0.45,7.8,0.333,Genova,44.4056,8.9463
2026-01-11T20:00,5.7,54,-3.0,0.9,0.0,0.0,0.0,0.0,0.0,1,1021.5,1020.1,37,0,0,37,15.4,11,33.5,0.0,0.0,0.0,0.0,0.0,0.05,0.43,9.4,0.334,Genova,44.4056,8.9463
2026-01-11T21:00,5.1,51,-4.2,0.2,0.0,0.0,0.0,0.0,0.0,0,1021.9,1020.5,17,0,0,17,15.5,15,33.1,0.0,0.0,0.0,0.0,0.0,0.05,0.43,8.2,0.334,Genova,44.4056,8.9463
2026-01-11T22:00,4.2,50,-5.4,-0.7,0.0,0.0,0.0,0.0,0.0,1,1022.4,1021.0,38,0,0,38,14.1,16,32.0,0.0,0.0,0.0,0.0,0.0,0.05,0.42,7.2,0.334,Genova,44.4056,8.9463
2026-01-11T23:00,2.5,57,-5.2,-1.6,0.0,0.0,0.0,0.0,0.0,2,1022.7,1021.3,62,0,0,62,8.9,21,29.2,0.0,0.0,0.0,0.0,0.0,0.02,0.32,6.3,0.335,Genova,44.4056,8.9463
2026-01-12T00:00,2.5,56,-5.4,-0.8,0.0,0.0,0.0,0.0,0.0,2,1023.0,1021.6,57,0,0,57,3.5,24,21.2,0.0,0.0,0.0,0.0,0.0,0.0,0.32,5.6,0.335,Genova,44.4056,8.9463
2026-01-12T01:00,4.0,48,-6.2,0.4,0.0,0.0,0.0,0.0,0.0,0,1023.0,1021.6,10,0,0,10,4.8,29,14.4,0.0,0.0,0.0,0.0,0.0,0.01,0.43,5.2,0.336,Genova,44.4056,8.9463
2026-01-12T02:00,5.4,47,-5.0,2.1,0.0,0.0,0.0,0.0,0.0,0,1023.1,1021.7,3,0,1,3,3.4,47,15.8,0.0,0.0,0.0,0.0,0.0,0.01,0.48,4.9,0.336,Genova,44.4056,8.9463
2026-01-12T03:00,5.9,47,-4.4,2.6,0.0,0.0,0.0,0.0,0.0,0,1023.1,1021.7,8,0,0,8,4.1,45,9.4,0.0,0.0,0.0,0.0,0.0,0.01,0.49,4.5,0.337,Genova,44.4056,8.9463
2026-01-12T04:00,6.3,46,-4.3,2.7,0.0,0.0,0.0,0.0,0.0,1,1023.2,1021.8,30,0,0,30,6.6,74,14.0,0.0,0.0,0.0,0.0,0.0,0.03,0.51,4.2,0.337,Genova,44.4056,8.9463
2026-01-12T05:00,6.4,55,-2.1,2.5,0.0,0.0,0.0,0.0,0.0,3,1023.3,1021.9,100,0,1,100,10.3,79,20.2,0.0,0.0,0.0,0.0,0.0,0.03,0.44,4.1,0.338,Genova,44.4056,8.9463
2026-01-12T06:00,6.5,64,0.1,2.5,0.0,0.0,0.0,0.0,0.0,3,1023.0,1021.6,100,0,0,100,13.1,78,25.9,0.0,0.0,0.0,0.0,0.0,0.03,0.35,4.5,0.338,Genova,44.4056,8.9463
2026-01-12T07:00,6.3,68,0.8,3.1,0.0,0.0,0.0,0.0,0.0,3,1023.1,1021.7,100,0,95,100,8.5,77,25.9,0.0,0.0,0.0,0.0,0.0,0.02,0.31,4.8,0.338,Genova,44.4056,8.9463
2026-01-12T08:00,6.5,71,1.6,3.4,0.0,0.0,0.0,0.0,0.0,3,1023.2,1021.8,100,15,0,100,7.9,77,18.7,0.0,0.0,0.0,0.0,0.0,0.01,0.28,7.0,0.339,Genova,44.4056,8.9463
2026-01-12T09:00,6.9,74,2.5,4.2,0.0,0.0,0.0,0.0,0.0,3,1023.4,1022.0,100,33,34,100,7.1,71,16.9,0.0,0.0,0.0,0.0,0.0,0.01,0.26,6.6,0.339,Genova,44.4056,8.9463
2026-01-12T10:00,7.8,73,3.3,5.3,0.0,0.0,0.0,0.0,0.0,2,1023.4,1022.0,73,30,46,55,5.9,76,15.1,18.0,1.0,17.0,11.5,0.0,0.03,0.28,6.5,0.34,Genova,44.4056,8.9463
2026-01-12T11:00,9.6,72,4.7,7.4,0.0,0.0,0.0,0.0,0.0,2,1023.7,1022.3,71,70,6,0,6.4,115,16.6,114.0,51.0,63.0,248.5,3600.0,0.06,0.34,7.0,0.34,Genova,44.4056,8.9463
2026-01-12T12:00,10.3,74,5.9,8.1,0.0,0.0,0.0,0.0,0.0,3,1023.7,1022.3,99,98,7,43,8.3,158,21.2,164.0,79.0,85.0,253.3,3600.0,0.09,0.32,7.8,0.34,Genova,44.4056,8.9463
2026-01-12T13:00,10.5,74,6.1,8.0,0.0,0.0,0.0,0.0,0.0,3,1023.5,1022.1,99,98,9,43,10.6,171,25.9,133.0,13.0,120.0,34.2,0.0,0.08,0.33,8.3,0.34,Genova,44.4056,8.9463
2026-01-12T14:00,9.8,90,8.2,7.2,0.1,0.1,0.0,0.0,0.0,51,1023.1,1021.7,93,77,34,70,14.5,143,29.2,116.0,12.0,104.0,29.7,0.0,0.06,0.12,8.6,0.342,Genova,44.4056,8.9463
2026-01-12T15:00,10.3,87,8.1,7.6,0.1,0.1,0.0,0.0,0.0,51,1022.6,1021.2,100,86,9,98,14.7,137,34.6,197.0,84.0,113.0,219.1,3600.0,0.09,0.17,8.9,0.343,Genova,44.4056,8.9463
2026-01-12T16:00,10.5,83,7.7,8.0,0.1,0.1,0.0,0.0,0.0,51,1022.3,1020.9,100,80,1,100,13.0,158,33.5,197.0,105.0,92.0,329.1,3600.0,0.09,0.22,9.1,0.343,Genova,44.4056,8.9463
2026-01-12T17:00,10.1,88,8.2,8.1,0.3,0.3,0.0,0.0,0.0,51,1022.5,1021.1,100,59,0,100,10.5,167,30.2,92.0,27.0,65.0,125.3,1959.35,0.05,0.15,9.0,0.345,Genova,44.4056,8.9463
2026-01-12T18:00,9.1,88,7.2,7.2,0.0,0.0,0.0,0.0,0.0,3,1022.5,1021.1,99,18,0,99,8.2,165,23.4,32.0,8.0,24.0,85.7,1213.69,0.02,0.14,8.6,0.346,Genova,44.4056,8.9463
2026-01-12T19:00,8.7,85,6.3,6.5,0.0,0.0,0.0,0.0,0.0,3,1022.7,1021.3,100,100,1,98,8.7,158,21.2,0.0,0.0,0.0,0.0,0.0,0.02,0.17,8.0,0.346,Genova,44.4056,8.9463
2026-01-12T20:00,8.7,87,6.7,6.8,0.0,0.0,0.0,0.0,0.0,3,1022.7,1021.3,99,82,2,95,7.1,135,20.2,0.0,0.0,0.0,0.0,0.0,0.0,0.14,9.0,0.347,Genova,44.4056,8.9463
2026-01-12T21:00,9.3,89,7.5,7.3,0.1,0.1,0.0,0.0,0.0,51,1022.6,1021.2,100,86,2,100,9.0,119,19.1,0.0,0.0,0.0,0.0,0.0,0.0,0.13,8.5,0.348,Genova,44.4056,8.9463
2026-01-12T22:00,9.4,93,8.3,6.8,0.2,0.2,0.0,0.0,0.0,51,1022.5,1021.1,100,98,34,98,14.2,114,28.4,0.0,0.0,0.0,0.0,0.0,0.0,0.08,8.4,0.35,Genova,44.4056,8.9463
2026-01-12T23:00,9.6,96,8.9,7.5,0.1,0.1,0.0,0.0,0.0,51,1022.5,1021.1,100,90,12,99,12.2,117,30.6,0.0,0.0,0.0,0.0,0.0,0.0,0.05,8.5,0.351,Genova,44.4056,8.9463
2026-01-13T00:00,9.5,98,9.3,8.4,0.1,0.1,0.0,0.0,0.0,51,1022.3,1020.9,100,100,6,98,6.2,128,25.6,0.0,0.0,0.0,0.0,0.0,0.0,0.02,8.6,0.352,Genova,44.4056,8.9463
2026-01-13T01:00,10.2,99,10.0,8.7,0.1,0.1,0.0,0.0,0.0,51,1022.1,1020.7,100,83,2,98,10.1,185,24.1,0.0,0.0,0.0,0.0,0.0,0.0,0.02,8.8,0.354,Genova,44.4056,8.9463
2026-01-13T02:00,10.6,98,10.3,8.7,0.3,0.3,0.0,0.0,0.0,51,1022.1,1020.7,100,100,9,99,13.6,191,26.6,0.0,0.0,0.0,0.0,0.0,0.0,0.02,9.3,0.359,Genova,44.4056,8.9463
2026-01-13T03:00,10.4,99,10.3,8.9,1.1,1.1,0.0,0.0,0.0,55,1021.9,1020.5,100,96,9,99,11.0,182,32.4,0.0,0.0,0.0,0.0,0.0,0.0,0.01,9.4,0.374,Genova,44.4056,8.9463
2026-01-13T04:00,10.1,99,10.0,9.2,0.2,0.2,0.0,0.0,0.0,51,1022.1,1020.7,100,84,9,98,6.3,182,27.0,0.0,0.0,0.0,0.0,0.0,0.0,0.01,9.4,0.376,Genova,44.4056,8.9463
2026-01-13T05:00,9.3,99,9.1,8.3,0.1,0.1,0.0,0.0,0.0,51,1021.7,1020.3,100,83,2,98,5.4,154,19.4,0.0,0.0,0.0,0.0,0.0,0.0,0.02,9.0,0.376,Genova,44.4056,8.9463
2026-01-13T06:00,9.8,99,9.6,8.8,0.3,0.3,0.0,0.0,0.0,51,1021.4,1020.0,100,100,14,96,6.4,142,18.7,0.0,0.0,0.0,0.0,0.0,0.0,0.02,9.0,0.379,Genova,44.4056,8.9463
2026-01-13T07:00,10.3,99,10.2,8.6,0.3,0.3,0.0,0.0,0.0,51,1021.3,1019.9,100,100,37,98,12.0,159,27.7,0.0,0.0,0.0,0.0,0.0,0.0,0.01,9.2,0.382,Genova,44.4056,8.9463
2026-01-13T08:00,10.9,98,10.7,9.1,0.1,0.1,0.0,0.0,0.0,51,1021.3,1019.9,100,100,23,98,13.9,166,28.4,0.0,0.0,0.0,0.0,0.0,0.0,0.02,10.5,0.383,Genova,44.4056,8.9463
2026-01-13T09:00,11.3,97,10.8,9.7,0.3,0.3,0.0,0.0,0.0,51,1021.4,1020.1,100,91,16,98,12.7,169,31.0,0.0,0.0,0.0,0.0,0.0,0.0,0.04,10.3,0.385,Genova,44.4056,8.9463
2026-01-13T10:00,11.5,95,10.7,9.9,0.1,0.1,0.0,0.0,0.0,51,1021.8,1020.5,100,84,3,98,12.4,166,28.8,13.0,4.0,9.0,45.4,0.0,0.02,0.07,10.3,0.385,Genova,44.4056,8.9463
2026-01-13T11:00,11.5,95,10.7,9.8,0.1,0.1,0.0,0.0,0.0,51,1022.5,1021.2,100,100,1,98,13.1,161,30.6,50.0,6.0,44.0,29.0,0.0,0.03,0.07,10.3,0.384,Genova,44.4056,8.9463
2026-01-13T12:00,11.4,94,10.4,10.2,0.1,0.1,0.0,0.0,0.0,51,1022.7,1021.4,100,100,2,75,9.6,152,29.5,65.0,0.0,65.0,0.0,0.0,0.04,0.09,10.4,0.383,Genova,44.4056,8.9463
2026-01-13T13:00,11.7,91,10.2,10.4,0.0,0.0,0.0,0.0,0.0,3,1022.5,1021.2,100,100,16,99,9.5,153,24.8,75.0,0.0,75.0,0.0,0.0,0.05,0.13,10.5,0.382,Genova,44.4056,8.9463
2026-01-13T14:00,11.2,98,10.9,9.8,0.0,0.0,0.0,0.0,0.0,3,1022.0,1020.7,100,100,55,100,11.6,158,26.6,66.0,0.0,66.0,0.0,0.0,0.04,0.03,10.4,0.376,Genova,44.4056,8.9463
2026-01-13T15:00,11.7,94,10.7,10.1,0.2,0.2,0.0,0.0,0.0,51,1021.6,1020.3,100,100,48,88,12.3,159,27.7,44.0,0.0,44.0,0.0,0.0,0.04,0.08,10.5,0.377,Genova,44.4056,8.9463
2026-01-13T16:00,11.7,95,10.9,10.3,0.1,0.1,0.0,0.0,0.0,51,1021.5,1020.2,100,100,48,91,11.2,161,28.4,35.0,0.0,35.0,0.0,0.0,0.03,0.07,10.5,0.378,Genova,44.4056,8.9463
2026-01-13T17:00,11.1,99,10.9,9.9,0.1,0.1,0.0,0.0,0.0,51,1021.6,1020.3,100,100,54,94,10.2,150,25.6,27.0,0.0,27.0,0.0,0.0,0.02,0.02,10.5,0.378,Genova,44.4056,8.9463
2026-01-13T18:00,10.9,99,10.7,10.0,0.2,0.2,0.0,0.0,0.0,51,1021.9,1020.5,100,100,69,99,7.6,161,23.4,14.0,1.0,13.0,10.5,0.0,0.01,0.02,10.4,0.38,Genova,44.4056,8.9463
2026-01-13T19:00,10.6,99,10.4,10.0,0.2,0.2,0.0,0.0,0.0,51,1022.1,1020.7,100,98,25,100,4.8,165,19.8,0.0,0.0,0.0,0.0,0.0,0.01,0.02,10.3,0.382,Genova,44.4056,8.9463
2026-01-13T20:00,11.1,96,10.5,9.6,0.2,0.2,0.0,0.0,0.0,51,1022.1,1020.7,100,100,57,100,11.4,162,15.8,0.0,0.0,0.0,0.0,0.0,0.0,0.06,10.9,0.375,Genova,44.4056,8.9463
2026-01-13T21:00,11.0,98,10.7,9.7,0.9,0.9,0.0,0.0,0.0,53,1022.2,1020.8,100,100,83,100,10.5,175,24.5,0.0,0.0,0.0,0.0,0.0,0.0,0.02,10.6,0.386,Genova,44.4056,8.9463
2026-01-13T22:00,11.0,98,10.8,9.7,1.1,1.1,0.0,0.0,0.0,55,1022.5,1021.1,100,100,86,100,10.7,200,27.0,0.0,0.0,0.0,0.0,0.0,0.0,0.02,10.5,0.398,Genova,44.4056,8.9463
2026-01-13T23:00,10.8,99,10.7,10.0,1.3,1.3,0.0,0.0,0.0,61,1022.7,1021.3,100,99,52,100,6.9,211,23.4,0.0,0.0,0.0,0.0,0.0,0.0,0.01,10.5,0.41,Genova,44.4056,8.9463
2026-01-14T00:00,10.1,100,10.1,9.6,1.1,1.1,0.0,0.0,0.0,55,1023.1,1021.7,100,100,23,100,3.5,285,16.9,0.0,0.0,0.0,0.0,0.0,0.0,0.0,10.3,0.416,Genova,44.4056,8.9463
2026-01-14T01:00,9.1,99,9.0,8.1,1.0,1.0,0.0,0.0,0.0,55,1023.3,1021.9,100,100,34,98,5.4,340,10.4,0.0,0.0,0.0,0.0,0.0,0.0,0.01,10.0,0.418,Genova,44.4056,8.9463
2026-01-14T02:00,10.8,99,10.6,9.8,0.5,0.5,0.0,0.0,0.0,53,1022.8,1021.4,98,95,24,67,8.5,168,11.9,0.0,0.0,0.0,0.0,0.0,0.0,0.02,10.3,0.401,Genova,44.4056,8.9463
2026-01-14T03:00,10.3,98,10.0,9.6,0.4,0.4,0.0,0.0,0.0,51,1022.5,1021.1,93,89,20,34,4.9,129,19.8,0.0,0.0,0.0,0.0,0.0,0.0,0.02,10.1,0.402,Genova,44.4056,8.9463
2026-01-14T04:00,10.0,99,9.8,9.3,0.8,0.8,0.0,0.0,0.0,53,1022.8,1021.4,100,98,11,87,4.3,85,12.6,0.0,0.0,0.0,0.0,0.0,0.0,0.02,10.0,0.408,Genova,44.4056,8.9463
2026-01-14T05:00,9.5,99,9.3,8.8,0.5,0.5,0.0,0.0,0.0,53,1022.7,1021.3,96,93,13,46,3.1,54,11.9,0.0,0.0,0.0,0.0,0.0,0.0,0.01,9.7,0.409,Genova,44.4056,8.9463
2026-01-14T06:00,9.3,99,9.1,8.5,0.4,0.4,0.0,0.0,0.0,51,1022.6,1021.2,98,95,16,72,3.4,25,10.1,0.0,0.0,0.0,0.0,0.0,0.0,0.02,9.5,0.409,Genova,44.4056,8.9463
2026-01-14T07:00,9.0,99,8.9,8.0,0.1,0.1,0.0,0.0,0.0,51,1022.5,1021.1,99,99,2,32,4.8,13,9.7,0.0,0.0,0.0,0.0,0.0,0.0,0.01,9.4,0.406,Genova,44.4056,8.9463
2026-01-14T08:00,9.2,99,9.0,8.1,0.1,0.1,0.0,0.0,0.0,51,1022.7,1021.3,100,100,5,87,5.6,31,10.1,0.0,0.0,0.0,0.0,0.0,0.0,0.02,10.6,0.403,Genova,44.4056,8.9463
2026-01-14T09:00,9.2,99,9.1,8.1,0.1,0.1,0.0,0.0,0.0,51,1022.8,1021.4,100,100,2,71,6.1,19,12.2,0.0,0.0,0.0,0.0,0.0,0.0,0.01,10.1,0.401,Genova,44.4056,8.9463
2026-01-14T10:00,9.5,98,9.3,8.6,0.1,0.1,0.0,0.0,0.0,51,1023.2,1021.8,99,99,1,49,5.3,24,11.9,24.0,5.0,19.0,56.2,227.26,0.01,0.02,9.8,0.399,Genova,44.4056,8.9463
2026-01-14T11:00,10.6,97,10.1,9.9,0.0,0.0,0.0,0.0,0.0,3,1023.5,1022.1,98,96,0,53,5.1,63,13.0,95.0,27.0,68.0,129.4,2081.59,0.04,0.04,10.0,0.397,Genova,44.4056,8.9463
2026-01-14T12:00,11.4,97,10.9,11.0,0.0,0.0,0.0,0.0,0.0,3,1023.6,1022.2,87,79,0,35,4.5,97,13.7,130.0,33.0,97.0,104.4,1332.87,0.06,0.04,10.5,0.395,Genova,44.4056,8.9463
2026-01-14T13:00,12.6,88,10.7,11.0,0.5,0.5,0.0,0.0,0.0,53,1023.1,1021.8,74,52,1,46,12.3,141,28.4,222.0,96.0,126.0,249.7,3600.0,0.1,0.17,11.0,0.398,Genova,44.4056,8.9463
2026-01-14T14:00,13.4,83,10.5,11.1,0.8,0.8,0.0,0.0,0.0,53,1022.3,1021.0,77,41,0,62,16.7,148,37.4,289.0,185.0,104.0,451.7,3600.0,0.13,0.27,10.8,0.4,Genova,44.4056,8.9463
2026-01-14T15:00,13.8,82,10.8,11.7,0.4,0.4,0.0,0.0,0.0,51,1021.8,1020.5,80,45,0,64,15.9,154,38.5,279.0,168.0,111.0,431.4,3600.0,0.13,0.28,11.4,0.401,Genova,44.4056,8.9463
2026-01-14T16:00,13.0,90,11.5,11.2,0.3,0.3,0.0,0.0,0.0,51,1021.8,1020.5,61,24,0,48,15.4,153,37.4,199.0,98.0,101.0,301.1,3600.0,0.09,0.15,11.7,0.401,Genova,44.4056,8.9463
2026-01-14T17:00,12.6,96,11.9,11.4,0.4,0.4,0.0,0.0,0.0,51,1021.8,1020.5,44,44,0,1,12.3,148,35.6,116.0,47.0,69.0,211.6,3600.0,0.05,0.07,11.7,0.402,Genova,44.4056,8.9463
2026-01-14T18:00,11.5,99,11.3,10.9,0.4,0.4,0.0,0.0,0.0,51,1021.9,1020.6,87,70,1,55,6.6,131,27.4,41.0,18.0,23.0,185.7,3600.0,0.01,0.02,11.4,0.404,Genova,44.4056,8.9463
2026-01-14T19:00,10.8,97,10.3,10.2,0.4,0.4,0.0,0.0,0.0,51,1022.2,1020.8,98,69,7,91,4.5,76,16.9,0.0,0.0,0.0,0.0,0.0,0.01,0.04,10.8,0.407,Genova,44.4056,8.9463
2026-01-14T20:00,11.5,93,10.4,10.3,0.5,0.5,0.0,0.0,0.0,53,1022.3,1021.0,100,70,41,98,8.9,82,13.0,0.0,0.0,0.0,0.0,0.0,0.0,0.1,12.6,0.4,Genova,44.4056,8.9463
2026-01-14T21:00,11.2,97,10.7,10.7,0.3,0.3,0.0,0.0,0.0,51,1022.3,1020.9,98,51,24,97,4.9,73,19.1,0.0,0.0,0.0,0.0,0.0,0.0,0.04,11.7,0.402,Genova,44.4056,8.9463
2026-01-14T22:00,10.8,97,10.3,10.4,0.4,0.4,0.0,0.0,0.0,51,1022.3,1020.9,99,77,63,95,3.1,21,14.4,0.0,0.0,0.0,0.0,0.0,0.0,0.04,11.1,0.405,Genova,44.4056,8.9463
2026-01-14T23:00,9.8,98,9.5,9.0,0.4,0.4,0.0,0.0,0.0,51,1022.7,1021.3,99,94,72,80,4.5,353,10.4,0.0,0.0,0.0,0.0,0.0,0.0,0.02,10.5,0.407,Genova,44.4056,8.9463
2026-01-15T00:00,9.0,98,8.7,7.5,0.8,0.8,0.0,0.0,0.0,53,1022.9,1021.5,100,100,11,100,7.9,1,15.5,0.0,0.0,0.0,0.0,0.0,0.0,0.02,10.0,0.414,Genova,44.4056,8.9463
2026-01-15T01:00,9.1,98,8.8,7.9,0.3,0.3,0.0,0.0,0.0,51,1022.7,1021.3,100,100,29,95,6.5,5,16.6,0.0,0.0,0.0,0.0,0.0,0.0,0.02,9.8,0.412,Genova,44.4056,8.9463
2026-01-15T02:00,9.3,98,9.0,8.5,0.3,0.3,0.0,0.0,0.0,51,1022.4,1021.0,100,100,35,100,3.5,28,13.3,0.0,0.0,0.0,0.0,0.0,0.0,0.03,11.9,0.408,Genova,44.4056,8.9463
2026-01-15T03:00,10.3,99,10.2,10.0,0.6,0.6,0.0,0.0,0.0,53,1022.0,1020.6,100,100,44,99,2.9,7,11.5,0.0,0.0,0.0,0.0,0.0,0.0,0.01,11.2,0.413,Genova,44.4056,8.9463
2026-01-15T04:00,10.1,99,10.0,9.4,0.5,0.5,0.0,0.0,0.0,53,1022.0,1020.6,100,100,43,100,4.8,347,7.9,0.0,0.0,0.0,0.0,0.0,0.0,0.01,10.8,0.414,Genova,44.4056,8.9463
2026-01-15T05:00,9.4,98,9.1,8.0,0.7,0.7,0.0,0.0,0.0,53,1021.5,1020.1,100,100,25,100,8.2,338,15.5,0.0,0.0,0.0,0.0,0.0,0.0,0.02,10.4,0.417,Genova,44.4056,8.9463
2026-01-15T06:00,8.9,97,8.5,7.1,0.5,0.5,0.0,0.0,0.0,53,1021.1,1019.7,100,100,25,65,9.2,344,18.7,0.0,0.0,0.0,0.0,0.0,0.0,0.03,9.9,0.417,Genova,44.4056,8.9463
2026-01-15T07:00,8.8,97,8.4,6.9,0.6,0.6,0.0,0.0,0.0,53,1021.0,1019.6,100,100,16,49,9.8,340,19.1,0.0,0.0,0.0,0.0,0.0,0.0,0.03,9.6,0.419,Genova,44.4056,8.9463
2026-01-15T08:00,8.0,96,7.4,5.1,0.8,0.8,0.0,0.0,0.0,53,1021.5,1020.1,100,100,41,33,15.3,352,25.6,0.0,0.0,0.0,0.0,0.0,0.0,0.05,10.8,0.414,Genova,44.4056,8.9463
2026-01-15T09:00,8.1,98,7.8,5.4,0.6,0.6,0.0,0.0,0.0,53,1021.5,1020.1,100,100,21,16,14.7,354,31.3,0.0,0.0,0.0,0.0,0.0,0.0,0.03,9.9,0.417,Genova,44.4056,8.9463
2026-01-15T10:00,8.8,98,8.5,6.8,0.3,0.3,0.0,0.0,0.0,51,1021.7,1020.3,100,100,16,0,10.6,350,28.8,10.0,0.0,10.0,0.0,0.0,0.01,0.02,9.5,0.416,Genova,44.4056,8.9463
2026-01-15T11:00,9.1,98,8.8,7.4,0.3,0.3,0.0,0.0,0.0,51,1021.9,1020.5,100,100,22,0,9.7,345,21.6,33.0,0.0,33.0,0.0,0.0,0.02,0.03,9.5,0.416,Genova,44.4056,8.9463
2026-01-15T12:00,9.7,98,9.4,8.2,0.4,0.4,0.0,0.0,0.0,51,1021.8,1020.4,100,100,13,0,9.1,345,20.2,54.0,0.0,54.0,0.0,0.0,0.03,0.02,9.6,0.416,Genova,44.4056,8.9463
2026-01-15T13:00,10.2,92,8.9,8.4,0.1,0.1,0.0,0.0,0.0,51,1021.9,1020.5,100,100,4,0,10.7,344,24.1,105.0,0.0,105.0,0.0,0.0,0.06,0.1,9.9,0.414,Genova,44.4056,8.9463
2026-01-15T14:00,12.0,97,11.6,12.0,0.4,0.4,0.0,0.0,0.0,51,1021.0,1019.7,96,95,34,0,3.2,87,23.8,104.0,19.0,85.0,46.1,0.0,0.06,0.04,11.5,0.417,Genova,44.4056,8.9463
2026-01-15T15:00,12.3,97,11.9,12.8,0.3,0.3,0.0,0.0,0.0,51,1020.4,1019.1,100,100,52,0,0.4,243,11.9,192.0,107.0,85.0,272.5,3600.0,0.1,0.04,11.7,0.416,Genova,44.4056,8.9463
2026-01-15T16:00,11.7,100,11.7,12.1,0.3,0.3,0.0,0.0,0.0,51,1020.2,1018.9,100,100,42,0,0.3,315,9.0,136.0,68.0,68.0,206.8,3600.0,0.07,0.0,11.6,0.416,Genova,44.4056,8.9463
2026-01-15T17:00,11.2,100,11.2,11.2,0.2,0.2,0.0,0.0,0.0,51,1020.1,1018.8,100,100,20,2,2.3,321,8.3,110.0,50.0,60.0,221.7,3600.0,0.05,0.0,11.5,0.416,Genova,44.4056,8.9463
2026-01-15T18:00,10.0,100,9.9,9.4,0.2,0.2,0.0,0.0,0.0,51,1020.3,1018.9,100,100,28,0,3.8,357,8.3,35.0,15.0,20.0,151.9,3212.86,0.01,0.0,11.0,0.416,Genova,44.4056,8.9463
2026-01-15T19:00,9.1,98,8.8,7.9,0.3,0.3,0.0,0.0,0.0,51,1020.6,1019.2,74,73,33,0,5.9,14,12.2,0.0,0.0,0.0,0.0,0.0,0.01,0.02,10.3,0.417,Genova,44.4056,8.9463
2026-01-15T20:00,8.6,97,8.2,6.9,0.3,0.3,0.0,0.0,0.0,51,1020.8,1019.4,100,100,9,1,8.3,359,14.4,0.0,0.0,0.0,0.0,0.0,0.0,0.03,11.9,0.417,Genova,44.4056,8.9463
2026-01-15T21:00,9.1,97,8.6,7.4,0.4,0.4,0.0,0.0,0.0,51,1021.1,1019.7,100,100,13,0,8.8,356,18.4,0.0,0.0,0.0,0.0,0.0,0.0,0.04,10.7,0.418,Genova,44.4056,8.9463
2026-01-15T22:00,9.0,98,8.7,7.5,0.1,0.1,0.0,0.0,0.0,51,1021.2,1019.8,100,100,8,0,8.0,351,17.6,0.0,0.0,0.0,0.0,0.0,0.0,0.02,10.1,0.417,Genova,44.4056,8.9463
2026-01-15T23:00,8.9,98,8.6,7.1,0.2,0.2,0.0,0.0,0.0,51,1021.4,1020.0,100,100,13,0,10.3,344,19.8,0.0,0.0,0.0,0.0,0.0,0.0,0.02,9.8,0.417,Genova,44.4056,8.9463
2026-01-16T00:00,8.7,95,8.0,6.4,0.1,0.1,0.0,0.0,0.0,51,1021.3,1019.9,100,100,3,0,12.5,342,24.1,0.0,0.0,0.0,0.0,0.0,0.0,0.06,9.4,0.415,Genova,44.4056,8.9463
2026-01-16T01:00,8.6,93,7.5,6.1,0.1,0.1,0.0,0.0,0.0,51,1021.2,1019.8,100,100,13,0,12.8,346,25.9,0.0,0.0,0.0,0.0,0.0,0.0,0.08,9.2,0.414,Genova,44.4056,8.9463
2026-01-16T02:00,8.5,94,7.6,6.0,0.2,0.2,0.0,0.0,0.0,51,1021.2,1019.8,99,99,9,0,12.7,354,26.6,0.0,0.0,0.0,0.0,0.0,0.0,0.06,10.3,0.404,Genova,44.4056,8.9463
2026-01-16T03:00,8.3,94,7.4,5.7,0.0,0.0,0.0,0.0,0.0,3,1020.9,1019.5,98,98,0,0,13.6,354,26.3,0.0,0.0,0.0,0.0,0.0,0.0,0.07,9.5,0.404,Genova,44.4056,8.9463
2026-01-16T04:00,8.6,93,7.5,6.1,0.0,0.0,0.0,0.0,0.0,3,1020.8,1019.4,100,100,0,0,12.9,352,26.3,0.0,0.0,0.0,0.0,0.0,0.0,0.08,9.3,0.403,Genova,44.4056,8.9463
2026-01-16T05:00,8.4,92,7.2,5.7,0.0,0.0,0.0,0.0,0.0,3,1020.6,1019.2,100,100,5,23,13.5,348,26.3,0.0,0.0,0.0,0.0,0.0,0.0,0.09,9.1,0.403,Genova,44.4056,8.9463
2026-01-16T06:00,8.2,92,6.9,5.2,0.1,0.1,0.0,0.0,0.0,51,1020.7,1019.3,99,97,17,81,14.8,346,29.5,0.0,0.0,0.0,0.0,0.0,0.0,0.09,8.9,0.403,Genova,44.4056,8.9463
2026-01-16T07:00,7.7,92,6.5,4.5,0.1,0.1,0.0,0.0,0.0,51,1020.9,1019.5,100,99,54,96,15.7,351,30.6,0.0,0.0,0.0,0.0,0.0,0.0,0.08,8.7,0.403,Genova,44.4056,8.9463
2026-01-16T08:00,7.3,95,6.5,3.9,0.1,0.1,0.0,0.0,0.0,51,1020.9,1019.5,100,100,55,99,16.9,352,33.1,0.0,0.0,0.0,0.0,0.0,0.0,0.05,9.9,0.393,Genova,44.4056,8.9463
2026-01-16T09:00,7.5,95,6.7,3.9,0.1,0.1,0.0,0.0,0.0,51,1020.8,1019.4,100,100,20,98,18.9,356,37.1,0.0,0.0,0.0,0.0,0.0,0.0,0.06,9.1,0.394,Genova,44.4056,8.9463
2026-01-16T10:00,8.3,91,6.9,4.9,0.0,0.0,0.0,0.0,0.0,3,1021.1,1019.7,100,100,26,95,18.0,353,37.8,21.0,3.0,18.0,33.0,0.0,0.02,0.1,8.9,0.395,Genova,44.4056,8.9463
2026-01-16T11:00,9.0,89,7.3,5.9,0.1,0.1,0.0,0.0,0.0,51,1021.4,1020.0,100,100,17,99,16.2,352,36.0,54.0,5.0,49.0,23.5,0.0,0.04,0.13,8.9,0.395,Genova,44.4056,8.9463
2026-01-16T12:00,9.8,84,7.3,6.9,0.0,0.0,0.0,0.0,0.0,3,1021.7,1020.3,100,100,25,99,14.9,347,33.5,99.0,8.0,91.0,25.0,0.0,0.06,0.19,9.3,0.395,Genova,44.4056,8.9463
2026-01-16T13:00,9.7,85,7.3,6.7,0.1,0.1,0.0,0.0,0.0,51,1021.5,1020.1,100,100,62,63,15.7,344,33.8,94.0,2.0,92.0,5.1,0.0,0.06,0.18,9.5,0.396,Genova,44.4056,8.9463
2026-01-16T14:00,9.4,85,7.0,6.4,0.1,0.1,0.0,0.0,0.0,51,1021.0,1019.6,100,100,42,44,15.2,355,35.3,162.0,33.0,129.0,79.4,582.92,0.08,0.18,9.9,0.412,Genova,44.4056,8.9463
2026-01-16T15:00,9.6,86,7.5,6.5,0.3,0.3,0.0,0.0,0.0,51,1020.3,1018.9,100,91,70,95,17.1,356,37.8,68.0,0.0,68.0,0.0,0.0,0.05,0.16,9.8,0.412,Genova,44.4056,8.9463
2026-01-16T16:00,9.5,92,8.2,6.6,1.1,1.1,0.0,0.0,0.0,55,1020.1,1018.7,100,100,100,14,16.2,352,37.1,59.0,0.0,59.0,0.0,0.0,0.04,0.1,9.5,0.42,Genova,44.4056,8.9463
2026-01-16T17:00,8.8,97,8.3,6.0,1.7,1.7,0.0,0.0,0.0,61,1020.0,1018.6,100,100,100,3,15.7,351,33.5,24.0,0.0,24.0,0.0,0.0,0.02,0.04,9.3,0.428,Genova,44.4056,8.9463
2026-01-16T18:00,8.2,97,7.8,5.2,1.9,1.9,0.0,0.0,0.0,61,1019.9,1018.5,100,100,100,27,16.4,351,33.5,8.0,0.0,8.0,0.0,0.0,0.01,0.03,9.0,0.429,Genova,44.4056,8.9463
2026-01-16T19:00,8.3,94,7.3,5.1,0.9,0.9,0.0,0.0,0.0,53,1020.0,1018.6,100,91,100,34,16.9,351,34.6,0.0,0.0,0.0,0.0,0.0,0.02,0.07,8.7,0.425,Genova,44.4056,8.9463
2026-01-16T20:00,8.0,95,7.2,5.0,0.1,0.1,0.0,0.0,0.0,51,1020.3,1018.9,100,78,99,47,15.9,357,34.6,0.0,0.0,0.0,0.0,0.0,0.0,0.06,9.6,0.414,Genova,44.4056,8.9463
2026-01-16T21:00,8.2,94,7.3,5.0,0.0,0.0,0.0,0.0,0.0,3,1020.5,1019.1,81,36,43,55,16.9,358,34.2,0.0,0.0,0.0,0.0,0.0,0.0,0.07,9.1,0.414,Genova,44.4056,8.9463
2026-01-16T22:00,7.9,93,6.8,4.5,0.0,0.0,0.0,0.0,0.0,3,1020.7,1019.3,97,88,50,55,17.8,358,35.6,0.0,0.0,0.0,0.0,0.0,0.0,0.07,8.7,0.413,Genova,44.4056,8.9463
2026-01-16T23:00,7.8,92,6.7,4.3,0.0,0.0,0.0,0.0,0.0,3,1020.7,1019.3,100,100,89,41,18.2,355,36.7,0.0,0.0,0.0,0.0,0.0,0.0,0.08,8.6,0.412,Genova,44.4056,8.9463
2026-01-17T00:00,7.9,91,6.6,4.2,0.0,0.0,0.0,0.0,0.0,3,1020.7,1019.3,100,98,98,95,19.8,353,40.0,0.0,0.0,0.0,0.0,0.0,0.0,0.09,8.5,0.411,Genova,44.4056,8.9463
2026-01-17T01:00,8.0,90,6.5,4.0,0.0,0.0,0.0,0.0,0.0,3,1020.5,1019.1,100,100,100,99,20.8,355,42.5,0.0,0.0,0.0,0.0,0.0,0.01,0.1,8.5,0.41,Genova,44.4056,8.9463
2026-01-17T02:00,7.6,92,6.4,3.8,0.0,0.0,0.0,0.0,0.0,3,1020.4,1019.0,100,100,100,99,20.0,353,43.9,0.0,0.0,0.0,0.0,0.0,0.0,0.08,9.8,0.397,Genova,44.4056,8.9463
2026-01-17T03:00,8.0,91,6.6,3.8,0.0,0.0,0.0,0.0,0.0,3,1020.4,1019.0,100,100,100,100,22.6,356,49.3,0.0,0.0,0.0,0.0,0.0,0.01,0.1,9.3,0.397,Genova,44.4056,8.9463
2026-01-17T04:00,8.0,89,6.3,3.7,0.0,0.0,0.0,0.0,0.0,3,1020.5,1019.1,100,100,93,99,22.8,355,49.7,0.0,0.0,0.0,0.0,0.0,0.01,0.12,9.1,0.397,Genova,44.4056,8.9463
2026-01-17T05:00,7.9,88,6.1,3.5,0.0,0.0,0.0,0.0,0.0,3,1020.3,1018.9,100,100,63,98,23.2,357,50.4,0.0,0.0,0.0,0.0,0.0,0.01,0.12,8.8,0.397,Genova,44.4056,8.9463
2026-01-17T06:00,7.7,89,6.0,3.5,0.0,0.0,0.0,0.0,0.0,3,1020.5,1019.1,100,100,96,91,22.0,358,50.0,0.0,0.0,0.0,0.0,0.0,0.01,0.12,8.7,0.397,Genova,44.4056,8.9463
2026-01-17T07:00,7.7,89,6.0,3.5,0.0,0.0,0.0,0.0,0.0,3,1020.6,1019.2,100,100,99,96,22.0,359,49.3,0.0,0.0,0.0,0.0,0.0,0.01,0.11,8.5,0.397,Genova,44.4056,8.9463
2026-01-17T08:00,7.7,92,6.4,3.8,0.0,0.0,0.0,0.0,0.0,3,1020.5,1019.1,100,100,36,100,20.3,354,48.6,0.0,0.0,0.0,0.0,0.0,0.0,0.09,9.2,0.389,Genova,44.4056,8.9463
2026-01-17T09:00,7.4,93,6.3,3.0,0.0,0.0,0.0,0.0,0.0,3,1020.7,1019.3,100,100,100,97,23.3,356,49.7,0.0,0.0,0.0,0.0,0.0,0.0,0.07,8.8,0.39,Genova,44.4056,8.9463
2026-01-17T10:00,7.4,91,6.1,3.0,0.0,0.0,0.0,0.0,0.0,3,1021.1,1019.7,100,100,100,99,23.3,356,52.6,14.0,0.0,14.0,0.0,0.0,0.02,0.09,8.5,0.39,Genova,44.4056,8.9463
2026-01-17T11:00,7.4,91,6.0,2.9,0.1,0.1,0.0,0.0,0.0,51,1021.5,1020.1,100,100,0,99,23.8,355,53.6,41.0,0.0,41.0,0.0,0.0,0.03,0.09,8.4,0.391,Genova,44.4056,8.9463
2026-01-17T12:00,8.9,84,6.4,4.6,0.0,0.0,0.0,0.0,0.0,3,1021.5,1020.1,100,100,29,100,23.5,354,53.3,206.0,116.0,90.0,359.1,3600.0,0.08,0.18,8.8,0.391,Genova,44.4056,8.9463
2026-01-17T13:00,9.0,85,6.6,4.6,0.0,0.0,0.0,0.0,0.0,3,1021.6,1020.2,100,100,66,100,24.4,352,55.8,219.0,104.0,115.0,264.9,3600.0,0.09,0.17,9.2,0.391,Genova,44.4056,8.9463
2026-01-17T14:00,8.8,86,6.5,4.2,0.0,0.0,0.0,0.0,0.0,3,1021.1,1019.7,100,100,98,78,25.4,348,57.2,232.0,114.0,118.0,272.4,3600.0,0.09,0.16,8.9,0.396,Genova,44.4056,8.9463
2026-01-17T15:00,9.8,82,6.8,5.1,0.0,0.0,0.0,0.0,0.0,3,1020.5,1019.1,100,100,89,99,27.0,345,62.6,276.0,149.0,127.0,373.3,3600.0,0.11,0.22,9.3,0.396,Genova,44.4056,8.9463
2026-01-17T16:00,9.4,85,7.0,4.9,0.0,0.0,0.0,0.0,0.0,3,1020.4,1019.0,100,100,100,100,25.6,344,61.2,143.0,28.0,115.0,83.4,702.12,0.07,0.18,9.4,0.396,Genova,44.4056,8.9463
2026-01-17T17:00,9.2,86,7.0,4.9,0.0,0.0,0.0,0.0,0.0,3,1020.3,1018.9,100,100,100,92,24.5,345,57.2,74.0,6.0,68.0,25.8,0.0,0.05,0.16,9.3,0.395,Genova,44.4056,8.9463
2026-01-17T18:00,8.9,88,7.0,4.7,0.0,0.0,0.0,0.0,0.0,3,1020.3,1018.9,100,100,99,89,23.7,346,56.5,30.0,2.0,28.0,19.5,0.0,0.03,0.14,9.2,0.395,Genova,44.4056,8.9463
2026-01-17T19:00,8.5,91,7.0,4.5,0.0,0.0,0.0,0.0,0.0,3,1020.5,1019.1,100,100,84,94,22.1,346,52.2,0.0,0.0,0.0,0.0,0.0,0.02,0.1,8.9,0.395,Genova,44.4056,8.9463
2026-01-17T20:00,8.7,91,7.2,4.9,0.0,0.0,0.0,0.0,0.0,3,1021.3,1019.9,100,100,23,80,21.1,345,47.2,0.0,0.0,0.0,0.0,0.0,0.01,0.11,9.6,0.386,Genova,44.4056,8.9463
2026-01-17T21:00,8.6,91,7.2,4.8,0.0,0.0,0.0,0.0,0.0,3,1021.7,1020.3,100,100,72,96,21.3,349,46.1,0.0,0.0,0.0,0.0,0.0,0.0,0.1,9.3,0.387,Genova,44.4056,8.9463
2026-01-17T22:00,8.6,90,7.1,4.8,0.0,0.0,0.0,0.0,0.0,3,1021.7,1020.3,100,100,48,63,21.0,350,45.7,0.0,0.0,0.0,0.0,0.0,0.01,0.11,9.0,0.387,Genova,44.4056,8.9463
2026-01-17T23:00,8.6,91,7.2,4.8,0.0,0.0,0.0,0.0,0.0,3,1021.9,1020.5,100,100,53,97,20.6,351,45.4,0.0,0.0,0.0,0.0,0.0,0.0,0.1,8.9,0.387,Genova,44.4056,8.9463
2026-01-18T00:00,8.7,91,7.2,5.0,0.0,0.0,0.0,0.0,0.0,3,1021.8,1020.4,100,100,73,99,20.4,352,43.9,0.0,0.0,0.0,0.0,0.0,0.0,0.11,8.8,0.388,Genova,44.4056,8.9463
2026-01-18T01:00,8.9,89,7.2,5.4,0.0,0.0,0.0,0.0,0.0,3,1022.0,1020.6,100,100,82,98,19.2,354,43.2,0.0,0.0,0.0,0.0,0.0,0.01,0.12,8.8,0.388,Genova,44.4056,8.9463
2026-01-18T02:00,8.3,92,7.1,4.9,0.0,0.0,0.0,0.0,0.0,3,1022.1,1020.7,100,100,18,99,18.2,348,41.0,0.0,0.0,0.0,0.0,0.0,0.0,0.09,9.3,0.386,Genova,44.4056,8.9463
2026-01-18T03:00,8.5,92,7.2,5.1,0.0,0.0,0.0,0.0,0.0,3,1021.8,1020.4,100,100,24,94,18.1,351,39.2,0.0,0.0,0.0,0.0,0.0,0.0,0.09,9.0,0.387,Genova,44.4056,8.9463
2026-01-18T04:00,8.6,92,7.3,5.3,0.0,0.0,0.0,0.0,0.0,3,1021.6,1020.2,100,100,10,86,18.0,353,38.5,0.0,0.0,0.0,0.0,0.0,0.0,0.09,8.8,0.387,Genova,44.4056,8.9463
2026-01-18T05:00,8.6,91,7.1,5.4,0.0,0.0,0.0,0.0,0.0,3,1021.5,1020.1,100,99,14,99,17.0,355,38.2,0.0,0.0,0.0,0.0,0.0,0.0,0.1,8.7,0.387,Genova,44.4056,8.9463
2026-01-18T06:00,8.4,92,7.2,5.1,0.0,0.0,0.0,0.0,0.0,3,1021.5,1020.1,100,100,7,100,18.0,358,37.4,0.0,0.0,0.0,0.0,0.0,0.0,0.09,8.7,0.387,Genova,44.4056,8.9463
2026-01-18T07:00,8.3,92,7.2,4.8,0.0,0.0,0.0,0.0,0.0,3,1021.3,1019.9,100,100,19,100,19.1,1,39.6,0.0,0.0,0.0,0.0,0.0,0.0,0.08,8.6,0.387,Genova,44.4056,8.9463
2026-01-18T08:00,8.6,93,7.6,5.4,0.0,0.0,0.0,0.0,0.0,3,1021.3,1019.9,100,100,17,100,17.5,355,40.0,0.0,0.0,0.0,0.0,0.0,0.0,0.08,9.4,0.376,Genova,44.4056,8.9463
2026-01-18T09:00,9.2,90,7.7,6.0,0.0,0.0,0.0,0.0,0.0,3,1021.5,1020.1,100,100,28,93,17.8,1,37.8,0.0,0.0,0.0,0.0,0.0,0.0,0.11,9.2,0.377,Genova,44.4056,8.9463
2026-01-18T10:00,9.7,88,7.8,6.6,0.0,0.0,0.0,0.0,0.0,3,1022.0,1020.6,91,73,30,56,17.5,2,37.4,28.0,3.0,25.0,32.3,0.0,0.03,0.15,9.2,0.378,Genova,44.4056,8.9463
2026-01-18T11:00,10.8,83,8.1,8.0,0.0,0.0,0.0,0.0,0.0,3,1022.2,1020.8,96,76,40,77,15.8,359,36.4,117.0,38.0,79.0,175.2,3456.6,0.06,0.22,9.6,0.378,Genova,44.4056,8.9463
2026-01-18T12:00,11.8,79,8.3,9.1,0.0,0.0,0.0,0.0,0.0,3,1022.2,1020.9,100,14,35,100,15.8,359,36.4,192.0,78.0,114.0,239.6,3600.0,0.1,0.29,10.1,0.378,Genova,44.4056,8.9463
2026-01-18T13:00,12.5,75,8.2,9.8,0.0,0.0,0.0,0.0,0.0,3,1021.9,1020.6,99,6,16,99,14.9,353,36.4,242.0,91.0,151.0,230.1,3600.0,0.13,0.36,10.6,0.378,Genova,44.4056,8.9463
2026-01-18T14:00,12.5,79,8.9,10.0,0.0,0.0,0.0,0.0,0.0,3,1021.5,1020.2,100,22,15,100,15.3,351,34.6,281.0,125.0,156.0,296.4,3600.0,0.13,0.3,11.2,0.377,Genova,44.4056,8.9463
2026-01-18T15:00,12.9,75,8.5,10.4,0.0,0.0,0.0,0.0,0.0,3,1020.8,1019.5,100,13,2,100,14.8,351,36.0,260.0,98.0,162.0,243.5,3600.0,0.14,0.38,11.5,0.377,Genova,44.4056,8.9463
2026-01-18T16:00,12.1,74,7.6,9.2,0.0,0.0,0.0,0.0,0.0,3,1020.8,1019.5,100,45,0,100,15.9,348,37.4,213.0,85.0,128.0,250.6,3600.0,0.11,0.37,11.6,0.377,Genova,44.4056,8.9463
2026-01-18T17:00,10.6,81,7.5,7.5,0.0,0.0,0.0,0.0,0.0,3,1021.1,1019.7,100,84,0,100,16.6,347,38.5,136.0,47.0,89.0,199.0,3600.0,0.07,0.25,11.3,0.377,Genova,44.4056,8.9463
2026-01-18T18:00,9.6,85,7.2,6.3,0.0,0.0,0.0,0.0,0.0,3,1021.3,1019.9,100,75,2,99,17.7,351,38.2,45.0,5.0,40.0,47.9,0.0,0.03,0.18,10.7,0.377,Genova,44.4056,8.9463
2026-01-18T19:00,8.8,88,7.0,5.5,0.0,0.0,0.0,0.0,0.0,3,1021.7,1020.3,100,45,2,99,17.3,350,38.5,1.0,0.0,1.0,0.0,0.0,0.01,0.13,10.1,0.378,Genova,44.4056,8.9463
2026-01-18T20:00,9.8,85,7.4,6.8,0.0,0.0,0.0,0.0,0.0,3,1021.5,1020.1,100,12,1,100,16.1,356,37.1,0.0,0.0,0.0,0.0,0.0,0.01,0.18,11.0,0.38,Genova,44.4056,8.9463
2026-01-18T21:00,9.9,82,6.9,6.8,0.0,0.0,0.0,0.0,0.0,3,1021.6,1020.2,100,6,1,100,15.9,356,33.8,0.0,0.0,0.0,0.0,0.0,0.02,0.22,10.6,0.38,Genova,44.4056,8.9463
2026-01-18T22:00,9.7,78,6.1,6.3,0.0,0.0,0.0,0.0,0.0,3,1021.6,1020.2,100,16,0,100,16.7,358,35.6,0.0,0.0,0.0,0.0,0.0,0.02,0.26,10.2,0.38,Genova,44.4056,8.9463
2026-01-18T23:00,9.4,79,5.9,5.8,0.0,0.0,0.0,0.0,0.0,3,1021.8,1020.4,100,14,0,100,17.3,355,37.1,0.0,0.0,0.0,0.0,0.0,0.02,0.25,9.9,0.38,Genova,44.4056,8.9463
2026-01-19T00:00,8.5,83,5.9,4.9,0.0,0.0,0.0,0.0,0.0,3,1022.1,1020.7,81,27,0,73,18.1,355,38.5,0.0,0.0,0.0,0.0,0.0,0.01,0.18,9.6,0.38,Genova,44.4056,8.9463
2026-01-19T01:00,8.1,86,6.0,4.4,0.0,0.0,0.0,0.0,0.0,3,1022.2,1020.8,80,54,8,57,18.8,356,40.3,0.0,0.0,0.0,0.0,0.0,0.01,0.15,9.3,0.38,Genova,44.4056,8.9463
2026-01-19T02:00,8.3,90,6.8,5.0,0.0,0.0,0.0,0.0,0.0,3,1022.0,1020.6,99,78,10,98,17.0,350,40.3,0.0,0.0,0.0,0.0,0.0,0.0,0.11,10.2,0.378,Genova,44.4056,8.9463
2026-01-19T03:00,8.8,84,6.2,5.3,0.0,0.0,0.0,0.0,0.0,3,1021.8,1020.4,100,9,13,100,16.9,357,36.7,0.0,0.0,0.0,0.0,0.0,0.01,0.18,9.8,0.378,Genova,44.4056,8.9463
2026-01-19T04:00,8.8,78,5.2,5.0,0.0,0.0,0.0,0.0,0.0,3,1021.7,1020.3,100,45,1,100,17.8,357,38.5,0.0,0.0,0.0,0.0,0.0,0.02,0.24,9.5,0.378,Genova,44.4056,8.9463
2026-01-19T05:00,8.7,78,5.0,4.7,0.0,0.0,0.0,0.0,0.0,3,1021.7,1020.3,100,27,0,100,18.8,356,40.7,0.0,0.0,0.0,0.0,0.0,0.03,0.25,9.4,0.378,Genova,44.4056,8.9463
2026-01-19T06:00,8.0,80,4.8,3.9,0.0,0.0,0.0,0.0,0.0,3,1021.8,1020.4,98,24,0,98,19.5,355,41.8,0.0,0.0,0.0,0.0,0.0,0.02,0.21,9.1,0.378,Genova,44.4056,8.9463
2026-01-19T07:00,7.8,81,4.7,3.6,0.0,0.0,0.0,0.0,0.0,3,1021.7,1020.3,100,27,0,100,20.4,357,43.6,0.0,0.0,0.0,0.0,0.0,0.02,0.2,8.9,0.378,Genova,44.4056,8.9463
2026-01-19T08:00,8.1,79,4.7,3.9,0.0,0.0,0.0,0.0,0.0,3,1021.8,1020.4,100,36,0,100,20.2,355,44.6,0.0,0.0,0.0,0.0,0.0,0.02,0.23,9.4,0.378,Genova,44.4056,8.9463
2026-01-19T09:00,7.5,81,4.5,3.0,0.0,0.0,0.0,0.0,0.0,3,1022.2,1020.8,100,35,5,100,21.9,355,46.8,0.0,0.0,0.0,0.0,0.0,0.04,0.2,9.1,0.378,Genova,44.4056,8.9463
2026-01-19T10:00,7.7,79,4.4,3.1,0.0,0.0,0.0,0.0,0.0,3,1022.6,1021.2,98,65,25,96,22.7,357,52.6,33.0,4.0,29.0,42.5,0.0,0.04,0.22,8.9,0.378,Genova,44.4056,8.9463
2026-01-19T11:00,8.2,76,4.2,3.6,0.0,0.0,0.0,0.0,0.0,3,1022.9,1021.5,100,56,31,99,21.8,352,49.3,117.0,36.0,81.0,164.2,3127.39,0.07,0.26,8.9,0.377,Genova,44.4056,8.9463
2026-01-19T12:00,9.1,72,4.4,4.4,0.0,0.0,0.0,0.0,0.0,3,1023.2,1021.8,100,20,19,100,23.0,353,51.8,191.0,55.0,136.0,167.6,3226.78,0.1,0.32,9.2,0.377,Genova,44.4056,8.9463
2026-01-19T13:00,10.2,66,4.2,5.5,0.0,0.0,0.0,0.0,0.0,3,1022.9,1021.5,95,9,13,95,22.8,353,53.6,254.0,90.0,164.0,225.9,3600.0,0.14,0.42,9.6,0.376,Genova,44.4056,8.9463
2026-01-19T14:00,9.9,69,4.4,5.5,0.0,0.0,0.0,0.0,0.0,3,1022.6,1021.2,86,14,34,77,21.1,346,52.9,291.0,137.0,154.0,322.4,3600.0,0.14,0.38,9.2,0.376,Genova,44.4056,8.9463
2026-01-19T15:00,11.0,62,4.0,6.7,0.0,0.0,0.0,0.0,0.0,3,1022.2,1020.8,90,11,32,84,19.6,350,50.4,272.0,131.0,141.0,322.7,3600.0,0.15,0.5,9.8,0.375,Genova,44.4056,8.9463
2026-01-19T16:00,10.8,63,4.0,6.5,0.0,0.0,0.0,0.0,0.0,3,1022.0,1020.6,94,10,7,92,19.6,347,45.7,229.0,96.0,133.0,280.0,3600.0,0.13,0.48,10.2,0.375,Genova,44.4056,8.9463
2026-01-19T17:00,9.8,67,4.0,5.3,0.0,0.0,0.0,0.0,0.0,2,1022.2,1020.8,56,6,44,17,20.9,347,47.9,143.0,51.0,92.0,212.7,3600.0,0.1,0.4,10.1,0.374,Genova,44.4056,8.9463
2026-01-19T18:00,8.1,73,3.6,3.3,0.0,0.0,0.0,0.0,0.0,2,1022.7,1021.3,73,12,69,0,22.7,349,49.7,39.0,10.0,29.0,94.0,1085.48,0.06,0.29,9.7,0.374,Genova,44.4056,8.9463
2026-01-19T19:00,6.9,78,3.3,2.2,0.0,0.0,0.0,0.0,0.0,2,1023.1,1021.7,64,15,58,0,21.6,349,50.0,0.0,0.0,0.0,0.0,0.0,0.04,0.22,9.1,0.374,Genova,44.4056,8.9463
2026-01-19T20:00,6.7,82,3.8,2.0,0.0,0.0,0.0,0.0,0.0,3,1023.2,1021.8,86,28,40,68,22.1,347,48.2,0.0,0.0,0.0,0.0,0.0,0.02,0.18,9.5,0.374,Genova,44.4056,8.9463
2026-01-19T21:00,6.6,80,3.5,1.8,0.0,0.0,0.0,0.0,0.0,1,1023.3,1021.9,39,10,8,27,22.3,350,49.0,0.0,0.0,0.0,0.0,0.0,0.02,0.19,8.9,0.374,Genova,44.4056,8.9463
2026-01-19T22:00,6.1,81,3.2,1.2,0.0,0.0,0.0,0.0,0.0,2,1023.7,1022.3,71,6,1,69,22.5,349,49.7,0.0,0.0,0.0,0.0,0.0,0.02,0.18,8.4,0.374,Genova,44.4056,8.9463
2026-01-19T23:00,5.7,82,2.8,0.8,0.0,0.0,0.0,0.0,0.0,3,1023.8,1022.4,100,7,0,100,22.0,347,49.7,0.0,0.0,0.0,0.0,0.0,0.02,0.17,8.0,0.374,Genova,44.4056,8.9463
2026-01-20T00:00,5.1,81,2.2,0.3,0.0,0.0,0.0,0.0,0.0,1,1024.1,1022.7,39,16,13,16,21.1,346,47.9,0.0,0.0,0.0,0.0,0.0,0.02,0.17,7.6,0.374,Genova,44.4056,8.9463
2026-01-20T01:00,4.7,79,1.5,-0.3,0.0,0.0,0.0,0.0,0.0,3,1024.3,1022.9,93,11,92,0,21.5,344,46.1,0.0,0.0,0.0,0.0,0.0,0.02,0.18,7.2,0.374,Genova,44.4056,8.9463
2026-01-20T02:00,4.9,76,1.0,-0.3,0.0,0.0,0.0,0.0,0.0,0,1024.1,1022.7,7,5,5,0,21.9,346,49.0,0.0,0.0,0.0,0.0,0.0,0.03,0.21,8.7,0.373,Genova,44.4056,8.9463
2026-01-20T03:00,4.7,75,0.6,-0.8,0.0,0.0,0.0,0.0,0.0,3,1024.0,1022.6,90,36,87,0,23.7,349,51.1,0.0,0.0,0.0,0.0,0.0,0.03,0.22,7.9,0.373,Genova,44.4056,8.9463
2026-01-20T04:00,5.0,72,0.4,-0.7,0.0,0.0,0.0,0.0,0.0,3,1024.0,1022.6,99,16,99,0,24.5,349,54.4,0.0,0.0,0.0,0.0,0.0,0.04,0.24,7.4,0.373,Genova,44.4056,8.9463
2026-01-20T05:00,4.9,71,0.1,-0.9,0.0,0.0,0.0,0.0,0.0,2,1023.8,1022.4,53,20,42,0,25.2,348,55.8,0.0,0.0,0.0,0.0,0.0,0.04,0.25,7.2,0.373,Genova,44.4056,8.9463
2026-01-20T06:00,4.8,71,-0.1,-0.8,0.0,0.0,0.0,0.0,0.0,3,1023.7,1022.3,95,27,64,84,23.2,348,55.4,0.0,0.0,0.0,0.0,0.0,0.04,0.25,6.9,0.373,Genova,44.4056,8.9463
2026-01-20T07:00,4.8,70,-0.2,-0.6,0.0,0.0,0.0,0.0,0.0,3,1023.6,1022.2,99,18,80,95,22.5,348,51.1,0.0,0.0,0.0,0.0,0.0,0.04,0.26,6.7,0.373,Genova,44.4056,8.9463
2026-01-20T08:00,4.4,72,-0.2,-0.9,0.0,0.0,0.0,0.0,0.0,3,1023.4,1022.0,100,4,34,100,21.1,343,50.0,0.0,0.0,0.0,0.0,0.0,0.03,0.23,7.8,0.373,Genova,44.4056,8.9463
2026-01-20T09:00,5.2,72,0.6,-0.2,0.0,0.0,0.0,0.0,0.0,3,1023.3,1021.9,100,38,2,100,22.8,348,52.2,0.0,0.0,0.0,0.0,0.0,0.05,0.24,7.3,0.372,Genova,44.4056,8.9463
2026-01-20T10:00,5.3,75,1.2,-0.3,0.0,0.0,0.0,0.0,0.0,3,1023.4,1022.0,100,82,18,100,25.2,346,57.6,26.0,0.0,26.0,0.0,0.0,0.05,0.22,7.1,0.372,Genova,44.4056,8.9463
2026-01-20T11:00,5.5,73,0.9,-0.3,0.0,0.0,0.0,0.0,0.0,3,1023.5,1022.1,100,35,84,98,26.2,347,59.8,97.0,11.0,86.0,49.6,0.0,0.07,0.25,7.0,0.372,Genova,44.4056,8.9463
2026-01-20T12:00,6.8,67,1.1,1.1,0.0,0.0,0.0,0.0,0.0,3,1023.1,1021.7,100,20,99,73,26.1,346,61.6,195.0,76.0,119.0,229.6,3600.0,0.1,0.33,7.3,0.371,Genova,44.4056,8.9463
2026-01-20T13:00,6.9,65,0.7,1.0,0.0,0.0,0.0,0.0,0.0,3,1022.8,1021.4,100,13,100,15,26.7,342,61.9,186.0,43.0,143.0,107.1,1413.23,0.11,0.35,7.5,0.371,Genova,44.4056,8.9463
2026-01-20T14:00,7.0,64,0.8,1.0,0.0,0.0,0.0,0.0,0.0,3,1022.0,1020.6,100,13,100,0,27.2,340,62.3,191.0,46.0,145.0,107.4,1422.52,0.11,0.36,7.4,0.371,Genova,44.4056,8.9463
2026-01-20T15:00,7.5,60,0.2,1.6,0.0,0.0,0.0,0.0,0.0,3,1020.8,1019.4,100,5,100,0,26.3,343,63.0,101.0,16.0,85.0,39.1,0.0,0.11,0.42,7.5,0.37,Genova,44.4056,8.9463
2026-01-20T16:00,7.4,58,-0.3,1.5,0.0,0.0,0.0,0.0,0.0,3,1020.2,1018.8,100,4,100,0,26.0,344,61.2,87.0,7.0,80.0,20.2,0.0,0.1,0.43,7.6,0.37,Genova,44.4056,8.9463
2026-01-20T17:00,7.1,57,-0.8,1.0,0.0,0.0,0.0,0.0,0.0,3,1020.0,1018.6,80,7,78,0,25.8,341,59.8,68.0,6.0,62.0,24.6,0.0,0.1,0.43,7.6,0.369,Genova,44.4056,8.9463
2026-01-20T18:00,6.2,58,-1.4,0.1,0.0,0.0,0.0,0.0,0.0,2,1019.9,1018.5,68,7,66,0,25.9,345,59.8,45.0,16.0,29.0,147.6,2660.78,0.08,0.39,7.4,0.369,Genova,44.4056,8.9463
2026-01-20T19:00,5.5,60,-1.6,-0.5,0.0,0.0,0.0,0.0,0.0,1,1019.7,1018.3,22,13,12,0,24.9,345,58.0,1.0,0.0,1.0,0.0,0.0,0.07,0.36,7.0,0.369,Genova,44.4056,8.9463
2026-01-20T20:00,5.0,62,-1.7,-1.0,0.0,0.0,0.0,0.0,0.0,0,1019.4,1018.0,16,16,1,0,25.3,346,55.4,0.0,0.0,0.0,0.0,0.0,0.06,0.34,7.6,0.369,Genova,44.4056,8.9463
2026-01-20T21:00,5.1,64,-1.1,-0.9,0.0,0.0,0.0,0.0,0.0,1,1019.1,1017.7,35,35,0,0,25.1,351,56.2,0.0,0.0,0.0,0.0,0.0,0.05,0.31,7.0,0.368,Genova,44.4056,8.9463
2026-01-20T22:00,5.4,63,-1.1,-0.4,0.0,0.0,0.0,0.0,0.0,1,1018.6,1017.2,45,45,0,0,24.1,350,55.1,0.0,0.0,0.0,0.0,0.0,0.05,0.33,6.7,0.368,Genova,44.4056,8.9463
2026-01-20T23:00,5.1,62,-1.5,-0.7,0.0,0.0,0.0,0.0,0.0,0,1018.2,1016.8,19,19,0,0,23.8,350,53.3,0.0,0.0,0.0,0.0,0.0,0.05,0.33,6.5,0.368,Genova,44.4056,8.9463
2026-01-21T00:00,4.4,65,-1.6,-1.4,0.0,0.0,0.0,0.0,0.0,0,1017.9,1016.5,13,13,0,0,23.5,352,52.6,0.0,0.0,0.0,0.0,0.0,0.05,0.29,6.2,0.368,Genova,44.4056,8.9463
2026-01-21T01:00,4.1,67,-1.5,-1.7,0.0,0.0,0.0,0.0,0.0,0,1017.5,1016.1,4,3,0,0,23.8,353,51.5,0.0,0.0,0.0,0.0,0.0,0.04,0.27,5.8,0.368,Genova,44.4056,8.9463
2026-01-21T02:00,4.1,69,-1.1,-1.4,0.0,0.0,0.0,0.0,0.0,0,1016.9,1015.5,1,1,0,0,22.3,351,51.5,0.0,0.0,0.0,0.0,0.0,0.04,0.26,7.2,0.359,Genova,44.4056,8.9463
2026-01-21T03:00,4.2,71,-0.6,-1.4,0.0,0.0,0.0,0.0,0.0,0,1016.1,1014.7,0,0,0,0,23.6,359,51.8,0.0,0.0,0.0,0.0,0.0,0.04,0.24,6.5,0.359,Genova,44.4056,8.9463
2026-01-21T04:00,4.3,72,-0.3,-1.3,0.0,0.0,0.0,0.0,0.0,0,1015.4,1014.0,2,2,0,0,23.9,359,52.2,0.0,0.0,0.0,0.0,0.0,0.04,0.24,6.1,0.36,Genova,44.4056,8.9463
2026-01-21T05:00,4.4,74,0.2,-1.2,0.0,0.0,0.0,0.0,0.0,0,1014.5,1013.1,1,1,0,0,23.8,1,52.9,0.0,0.0,0.0,0.0,0.0,0.03,0.22,5.8,0.36,Genova,44.4056,8.9463
2026-01-21T06:00,4.1,77,0.4,-1.2,0.0,0.0,0.0,0.0,0.0,0,1013.8,1012.4,4,4,0,0,22.7,360,52.2,0.0,0.0,0.0,0.0,0.0,0.03,0.19,5.6,0.36,Genova,44.4056,8.9463
2026-01-21T07:00,4.3,77,0.6,-1.0,0.0,0.0,0.0,0.0,0.0,0,1013.0,1011.6,0,0,0,0,22.3,0,49.7,0.0,0.0,0.0,0.0,0.0,0.03,0.19,5.5,0.361,Genova,44.4056,8.9463
2026-01-21T08:00,3.2,79,-0.1,-2.4,0.0,0.0,0.0,0.0,0.0,0,1012.3,1010.9,2,2,0,0,23.3,357,49.0,0.0,0.0,0.0,0.0,0.0,0.02,0.16,7.5,0.361,Genova,44.4056,8.9463
2026-01-21T09:00,2.8,79,-0.4,-2.8,0.0,0.0,0.0,0.0,0.0,0,1011.7,1010.3,0,0,0,0,23.4,357,51.8,0.0,0.0,0.0,0.0,0.0,0.03,0.15,6.5,0.361,Genova,44.4056,8.9463
2026-01-21T10:00,3.8,75,-0.2,-1.4,0.0,0.0,0.0,0.0,0.0,0,1011.4,1010.0,0,0,0,0,20.9,356,50.0,57.0,36.0,21.0,372.8,3600.0,0.04,0.2,6.0,0.361,Genova,44.4056,8.9463
2026-01-21T11:00,6.0,67,0.4,1.2,0.0,0.0,0.0,0.0,0.0,0,1011.4,1010.0,0,0,0,0,18.4,352,46.1,196.0,147.0,49.0,655.9,3600.0,0.08,0.31,6.2,0.361,Genova,44.4056,8.9463
2026-01-21T12:00,7.6,61,0.5,3.2,0.0,0.0,0.0,0.0,0.0,0,1011.0,1009.6,0,0,0,0,16.6,348,42.5,321.0,260.0,61.0,778.8,3600.0,0.14,0.41,6.9,0.361,Genova,44.4056,8.9463
2026-01-21T13:00,9.4,57,1.3,5.6,0.0,0.0,0.0,0.0,0.0,2,1010.0,1008.7,57,0,0,57,12.8,344,38.5,404.0,336.0,68.0,830.5,3600.0,0.18,0.51,7.8,0.36,Genova,44.4056,8.9463
2026-01-21T14:00,9.4,60,1.9,5.5,0.0,0.0,0.0,0.0,0.0,1,1008.6,1007.3,47,0,0,47,14.2,339,32.4,434.0,364.0,70.0,843.3,3600.0,0.19,0.48,8.6,0.371,Genova,44.4056,8.9463
2026-01-21T15:00,9.5,60,2.0,5.2,0.0,0.0,0.0,0.0,0.0,3,1007.4,1006.1,88,0,0,88,17.4,340,42.1,413.0,342.0,71.0,828.0,3600.0,0.18,0.48,9.0,0.37,Genova,44.4056,8.9463
2026-01-21T16:00,9.1,61,2.0,4.6,0.0,0.0,0.0,0.0,0.0,3,1006.7,1005.4,86,0,0,86,18.2,340,43.6,334.0,265.0,69.0,756.8,3600.0,0.15,0.45,9.1,0.369,Genova,44.4056,8.9463
2026-01-21T17:00,8.1,65,1.9,3.6,0.0,0.0,0.0,0.0,0.0,1,1006.0,1004.7,38,0,0,38,18.7,342,43.9,215.0,155.0,60.0,627.0,3600.0,0.1,0.38,8.8,0.369,Genova,44.4056,8.9463
2026-01-21T18:00,6.3,72,1.6,1.9,0.0,0.0,0.0,0.0,0.0,3,1006.0,1004.6,94,0,0,94,17.4,346,42.8,75.0,38.0,37.0,341.5,3600.0,0.05,0.27,8.2,0.368,Genova,44.4056,8.9463
2026-01-21T19:00,4.7,78,1.1,0.3,0.0,0.0,0.0,0.0,0.0,3,1005.8,1004.4,90,0,0,90,16.7,353,37.8,2.0,0.0,2.0,0.0,0.0,0.02,0.19,7.4,0.368,Genova,44.4056,8.9463
2026-01-21T20:00,4.2,81,1.2,-0.1,0.0,0.0,0.0,0.0,0.0,0,1005.0,1003.6,0,0,0,0,16.6,359,36.4,0.0,0.0,0.0,0.0,0.0,0.01,0.16,8.4,0.357,Genova,44.4056,8.9463
2026-01-21T21:00,4.1,78,0.7,-0.6,0.0,0.0,0.0,0.0,0.0,0,1004.7,1003.3,0,0,0,0,18.5,7,39.6,0.0,0.0,0.0,0.0,0.0,0.02,0.18,7.4,0.357,Genova,44.4056,8.9463
2026-01-21T22:00,3.7,80,0.5,-1.0,0.0,0.0,0.0,0.0,0.0,0,1004.5,1003.1,0,0,0,0,18.1,5,40.0,0.0,0.0,0.0,0.0,0.0,0.02,0.16,6.6,0.358,Genova,44.4056,8.9463
2026-01-21T23:00,3.0,83,0.3,-1.8,0.0,0.0,0.0,0.0,0.0,0,1004.5,1003.1,2,2,0,0,18.2,360,38.2,0.0,0.0,0.0,0.0,0.0,0.01,0.13,6.0,0.358,Genova,44.4056,8.9463
2026-01-22T00:00,2.5,86,0.4,-2.3,0.0,0.0,0.0,0.0,0.0,0,1004.4,1003.0,19,19,0,1,18.4,2,38.2,0.0,0.0,0.0,0.0,0.0,0.01,0.1,5.5,0.358,Genova,44.4056,8.9463
2026-01-22T01:00,2.1,86,0.0,-2.5,0.0,0.0,0.0,0.0,0.0,1,1004.0,1002.6,33,13,0,22,17.3,3,37.8,0.0,0.0,0.0,0.0,0.0,0.01,0.1,5.1,0.359,Genova,44.4056,8.9463
2026-01-22T02:00,1.6,87,-0.3,-2.9,0.0,0.0,0.0,0.0,0.0,3,1003.6,1002.2,83,17,0,79,16.2,1,35.6,0.0,0.0,0.0,0.0,0.0,0.0,0.09,7.0,0.363,Genova,44.4056,8.9463
2026-01-22T03:00,2.0,84,-0.4,-2.7,0.0,0.0,0.0,0.0,0.0,3,1003.1,1001.7,84,17,0,80,17.1,358,36.4,0.0,0.0,0.0,0.0,0.0,0.01,0.11,6.0,0.363,Genova,44.4056,8.9463
2026-01-22T04:00,1.5,86,-0.6,-3.3,0.0,0.0,0.0,0.0,0.0,3,1003.0,1001.6,98,30,0,97,18.2,360,37.4,0.0,0.0,0.0,0.0,0.0,0.01,0.1,5.3,0.363,Genova,44.4056,8.9463
2026-01-22T05:00,1.4,86,-0.7,-3.5,0.0,0.0,0.0,0.0,0.0,3,1002.4,1001.0,97,46,0,95,18.5,359,38.9,0.0,0.0,0.0,0.0,0.0,0.01,0.1,4.8,0.363,Genova,44.4056,8.9463
2026-01-22T06:00,1.3,85,-0.9,-3.6,0.0,0.0,0.0,0.0,0.0,3,1001.9,1000.5,99,38,0,99,18.2,358,38.5,0.0,0.0,0.0,0.0,0.0,0.01,0.1,4.4,0.363,Genova,44.4056,8.9463
2026-01-22T07:00,1.1,85,-1.1,-3.9,0.0,0.0,0.0,0.0,0.0,3,1001.9,1000.5,91,29,0,88,18.4,1,37.8,0.0,0.0,0.0,0.0,0.0,0.01,0.1,4.1,0.363,Genova,44.4056,8.9463
2026-01-22T08:00,1.1,87,-0.8,-3.7,0.0,0.0,0.0,0.0,0.0,3,1001.4,1000.0,94,52,0,88,17.8,357,39.2,0.0,0.0,0.0,0.0,0.0,0.01,0.09,5.9,0.373,Genova,44.4056,8.9463
2026-01-22T09:00,1.7,84,-0.7,-3.2,0.0,0.0,0.0,0.0,0.0,3,1001.1,999.7,88,28,0,82,18.2,357,40.0,0.0,0.0,0.0,0.0,0.0,0.02,0.11,5.2,0.373,Genova,44.4056,8.9463
2026-01-22T10:00,2.8,80,-0.3,-2.1,0.0,0.0,0.0,0.0,0.0,3,1001.5,1000.1,93,11,0,92,18.9,358,38.2,53.0,25.0,28.0,255.4,3600.0,0.03,0.15,4.9,0.372,Genova,44.4056,8.9463
2026-01-22T11:00,4.8,70,-0.2,0.3,0.0,0.0,0.0,0.0,0.0,1,1001.6,1000.2,48,5,0,46,16.5,349,39.2,186.0,126.0,60.0,555.7,3600.0,0.07,0.26,5.3,0.372,Genova,44.4056,8.9463
2026-01-22T12:00,6.7,61,-0.3,2.5,0.0,0.0,0.0,0.0,0.0,3,1001.5,1000.2,81,1,10,80,14.0,344,37.4,308.0,235.0,73.0,697.8,3600.0,0.13,0.39,6.0,0.371,Genova,44.4056,8.9463
2026-01-22T13:00,8.6,55,0.1,5.2,0.0,0.0,0.0,0.0,0.0,3,1000.7,999.4,98,0,66,94,9.3,336,33.5,385.0,299.0,86.0,733.2,3600.0,0.17,0.5,7.0,0.37,Genova,44.4056,8.9463
2026-01-22T14:00,9.1,59,1.5,6.2,0.0,0.0,0.0,0.0,0.0,3,1000.3,999.0,100,0,37,100,6.8,325,23.8,393.0,270.0,123.0,620.6,3600.0,0.17,0.47,8.2,0.393,Genova,44.4056,8.9463
2026-01-22T15:00,9.5,58,1.5,6.4,0.0,0.0,0.0,0.0,0.0,3,999.9,998.6,86,0,44,76,7.9,311,20.9,377.0,257.0,120.0,616.8,3600.0,0.17,0.5,8.7,0.39,Genova,44.4056,8.9463
2026-01-22T16:00,9.0,58,1.3,5.7,0.0,0.0,0.0,0.0,0.0,3,999.8,998.5,91,0,90,66,9.9,331,25.2,300.0,187.0,113.0,528.4,3600.0,0.14,0.48,8.8,0.388,Genova,44.4056,8.9463
2026-01-22T17:00,7.7,64,1.4,4.1,0.0,0.0,0.0,0.0,0.0,2,1000.1,998.8,73,0,73,13,11.2,339,25.6,155.0,49.0,106.0,195.2,3600.0,0.08,0.37,8.5,0.386,Genova,44.4056,8.9463
2026-01-22T18:00,6.6,71,1.8,2.8,0.0,0.0,0.0,0.0,0.0,3,1000.5,999.2,92,2,92,16,13.3,347,27.4,51.0,9.0,42.0,78.3,548.79,0.04,0.28,8.0,0.384,Genova,44.4056,8.9463
2026-01-22T19:00,5.3,78,1.9,1.3,0.0,0.0,0.0,0.0,0.0,3,1000.8,999.5,100,10,100,38,15.3,356,31.3,1.0,0.0,1.0,0.0,0.0,0.03,0.19,7.3,0.383,Genova,44.4056,8.9463
2026-01-22T20:00,4.4,87,2.4,0.5,0.0,0.0,0.0,0.0,0.0,3,1001.0,999.6,89,29,87,14,14.9,2,32.0,0.0,0.0,0.0,0.0,0.0,0.0,0.11,9.3,0.383,Genova,44.4056,8.9463
2026-01-22T21:00,5.8,77,2.1,1.8,0.0,0.0,0.0,0.0,0.0,2,1000.8,999.5,78,32,74,11,14.8,360,32.4,0.0,0.0,0.0,0.0,0.0,0.02,0.21,8.3,0.382,Genova,44.4056,8.9463
2026-01-22T22:00,6.1,74,1.8,2.4,0.0,0.0,0.0,0.0,0.0,2,1000.8,999.5,51,45,47,0,13.0,357,30.2,0.0,0.0,0.0,0.0,0.0,0.02,0.25,7.7,0.381,Genova,44.4056,8.9463
2026-01-22T23:00,5.7,75,1.6,1.8,0.0,0.0,0.0,0.0,0.0,3,1001.1,999.8,91,66,77,59,13.7,1,27.4,0.0,0.0,0.0,0.0,0.0,0.02,0.23,7.2,0.38,Genova,44.4056,8.9463
2026-01-23T00:00,5.9,74,1.7,2.2,0.0,0.0,0.0,0.0,0.0,3,1000.9,999.6,99,84,59,91,12.8,360,27.7,0.0,0.0,0.0,0.0,0.0,0.02,0.24,7.0,0.379,Genova,44.4056,8.9463
2026-01-23T01:00,6.1,74,1.7,2.6,0.0,0.0,0.0,0.0,0.0,2,1000.9,999.6,64,38,29,19,11.0,4,26.3,0.0,0.0,0.0,0.0,0.0,0.02,0.25,6.8,0.378,Genova,44.4056,8.9463
2026-01-23T02:00,5.6,75,1.5,2.3,0.0,0.0,0.0,0.0,0.0,2,1001.1,999.8,52,19,41,0,10.0,7,24.8,0.0,0.0,0.0,0.0,0.0,0.01,0.23,7.9,0.354,Genova,44.4056,8.9463
2026-01-23T03:00,5.1,77,1.4,1.6,0.0,0.0,0.0,0.0,0.0,2,1001.4,1000.0,55,44,21,0,11.3,7,23.4,0.0,0.0,0.0,0.0,0.0,0.01,0.21,7.2,0.354,Genova,44.4056,8.9463
2026-01-23T04:00,5.2,76,1.4,1.6,0.0,0.0,0.0,0.0,0.0,3,1001.5,1000.1,84,59,25,54,12.0,7,24.8,0.0,0.0,0.0,0.0,0.0,0.01,0.21,6.8,0.354,Genova,44.4056,8.9463
2026-01-23T05:00,5.3,76,1.5,1.6,0.0,0.0,0.0,0.0,0.0,3,1001.1,999.8,94,88,5,45,12.1,3,25.2,0.0,0.0,0.0,0.0,0.0,0.01,0.21,6.5,0.354,Genova,44.4056,8.9463
2026-01-23T06:00,5.7,75,1.7,2.2,0.0,0.0,0.0,0.0,0.0,3,1001.1,999.8,100,100,35,0,11.2,2,24.8,0.0,0.0,0.0,0.0,0.0,0.01,0.23,6.5,0.354,Genova,44.4056,8.9463
2026-01-23T07:00,6.1,74,1.9,2.6,0.0,0.0,0.0,0.0,0.0,3,1001.0,999.7,100,100,49,0,11.3,359,23.4,0.0,0.0,0.0,0.0,0.0,0.02,0.24,6.5,0.354,Genova,44.4056,8.9463
2026-01-23T08:00,6.3,74,2.0,2.7,0.0,0.0,0.0,0.0,0.0,3,1001.2,999.9,100,100,30,0,11.9,356,23.0,0.0,0.0,0.0,0.0,0.0,0.02,0.25,7.3,0.347,Genova,44.4056,8.9463
2026-01-23T09:00,6.1,75,2.1,2.4,0.0,0.0,0.0,0.0,0.0,3,1001.4,1000.1,100,100,36,0,13.0,349,27.0,0.0,0.0,0.0,0.0,0.0,0.04,0.23,7.1,0.348,Genova,44.4056,8.9463
2026-01-23T10:00,6.5,76,2.5,3.0,0.0,0.0,0.0,0.0,0.0,3,1001.7,1000.4,100,100,100,0,12.3,354,27.7,11.0,0.0,11.0,0.0,0.0,0.04,0.24,7.0,0.348,Genova,44.4056,8.9463
2026-01-23T11:00,7.1,75,3.0,4.0,0.0,0.0,0.0,0.0,0.0,3,1001.8,1000.5,100,100,100,92,10.6,351,23.4,29.0,0.0,29.0,0.0,0.0,0.04,0.25,7.1,0.348,Genova,44.4056,8.9463
2026-01-23T12:00,7.1,76,3.2,3.7,0.0,0.0,0.0,0.0,0.0,3,1002.0,1000.7,100,100,100,48,12.3,346,27.0,56.0,2.0,54.0,5.9,0.0,0.05,0.24,7.2,0.349,Genova,44.4056,8.9463
2026-01-23T13:00,6.9,76,3.0,3.4,0.0,0.0,0.0,0.0,0.0,3,1001.6,1000.3,100,100,98,48,12.7,344,28.4,68.0,0.0,68.0,0.0,0.0,0.06,0.23,7.3,0.349,Genova,44.4056,8.9463
2026-01-23T14:00,5.7,81,2.7,1.5,0.0,0.0,0.0,0.0,0.0,3,1001.4,1000.1,100,100,100,32,17.0,351,29.2,88.0,1.0,87.0,2.3,0.0,0.06,0.17,7.6,0.355,Genova,44.4056,8.9463
2026-01-23T15:00,5.5,90,3.9,1.4,0.4,0.4,0.0,0.0,0.0,51,1001.0,999.7,100,100,95,68,18.2,355,40.0,39.0,0.0,39.0,0.0,0.0,0.03,0.09,6.9,0.359,Genova,44.4056,8.9463
2026-01-23T16:00,5.3,96,4.7,1.7,0.5,0.5,0.0,0.0,0.0,53,1001.1,999.8,100,100,99,5,16.1,344,37.4,60.0,2.0,58.0,5.6,0.0,0.03,0.04,6.6,0.363,Genova,44.4056,8.9463
2026-01-23T17:00,4.6,97,4.1,0.5,0.8,0.8,0.0,0.0,0.0,53,1001.2,999.8,100,100,100,92,17.9,347,36.7,24.0,0.0,24.0,0.0,0.0,0.02,0.03,6.2,0.372,Genova,44.4056,8.9463
2026-01-23T18:00,4.8,96,4.2,0.7,0.6,0.6,0.0,0.0,0.0,53,1000.7,999.3,100,100,100,45,18.4,352,37.4,11.0,0.0,11.0,0.0,0.0,0.02,0.04,5.8,0.377,Genova,44.4056,8.9463
2026-01-23T19:00,4.8,96,4.3,0.9,0.7,0.7,0.0,0.0,0.0,53,1000.6,999.2,100,100,100,3,17.7,348,36.7,0.0,0.0,0.0,0.0,0.0,0.01,0.03,5.7,0.385,Genova,44.4056,8.9463
2026-01-23T20:00,4.1,96,3.5,-0.2,1.2,1.2,0.0,0.0,0.0,55,1001.0,999.6,100,100,100,7,18.9,346,39.6,0.0,0.0,0.0,0.0,0.0,0.0,0.03,6.5,0.398,Genova,44.4056,8.9463
2026-01-23T21:00,3.7,96,3.1,-1.2,1.6,1.6,0.0,0.0,0.0,61,1001.1,999.7,100,100,100,2,22.5,352,46.1,0.0,0.0,0.0,0.0,0.0,0.0,0.03,5.8,0.414,Genova,44.4056,8.9463
2026-01-23T22:00,4.0,95,3.3,-0.7,1.3,1.3,0.0,0.0,0.0,61,1000.9,999.5,100,100,69,32,21.4,359,45.7,0.0,0.0,0.0,0.0,0.0,0.0,0.04,5.3,0.418,Genova,44.4056,8.9463
2026-01-23T23:00,4.0,96,3.4,-0.6,0.4,0.4,0.0,0.0,0.0,51,1001.1,999.7,100,100,19,49,20.7,349,43.9,0.0,0.0,0.0,0.0,0.0,0.0,0.03,5.2,0.413,Genova,44.4056,8.9463
2026-01-24T00:00,3.7,91,2.3,-1.4,0.2,0.2,0.0,0.0,0.0,51,1001.3,999.9,100,100,17,91,22.7,349,45.4,0.0,0.0,0.0,0.0,0.0,0.0,0.07,4.9,0.408,Genova,44.4056,8.9463
2026-01-24T01:00,3.5,89,1.8,-1.6,0.1,0.1,0.0,0.0,0.0,51,1001.6,1000.2,100,100,45,100,22.6,346,46.1,0.0,0.0,0.0,0.0,0.0,0.01,0.09,4.8,0.405,Genova,44.4056,8.9463
2026-01-24T02:00,3.1,90,1.6,-2.0,0.1,0.1,0.0,0.0,0.0,51,1001.9,1000.5,100,100,84,50,22.1,354,48.2,0.0,0.0,0.0,0.0,0.0,0.01,0.08,5.6,0.396,Genova,44.4056,8.9463
2026-01-24T03:00,3.9,86,1.8,-1.5,0.0,0.0,0.0,0.0,0.0,3,1001.7,1000.3,100,100,98,77,24.2,352,51.5,0.0,0.0,0.0,0.0,0.0,0.01,0.11,5.4,0.394,Genova,44.4056,8.9463
2026-01-24T04:00,3.9,87,2.0,-1.3,0.1,0.1,0.0,0.0,0.0,51,1001.9,1000.5,100,100,100,98,23.1,351,49.7,0.0,0.0,0.0,0.0,0.0,0.01,0.1,5.3,0.393,Genova,44.4056,8.9463
2026-01-24T05:00,3.6,92,2.4,-1.7,0.5,0.5,0.0,0.0,0.0,53,1001.7,1000.3,100,100,100,99,24.3,352,50.4,0.0,0.0,0.0,0.0,0.0,0.0,0.06,5.0,0.395,Genova,44.4056,8.9463
2026-01-24T06:00,3.0,97,2.5,-2.3,0.7,0.7,0.0,0.0,0.0,53,1001.8,1000.4,100,100,100,100,24.2,355,51.1,0.0,0.0,0.0,0.0,0.0,0.0,0.03,4.6,0.401,Genova,44.4056,8.9463
2026-01-24T07:00,2.9,96,2.4,-2.4,0.7,0.7,0.0,0.0,0.0,53,1001.9,1000.5,100,100,100,71,24.4,356,51.8,0.0,0.0,0.0,0.0,0.0,0.0,0.03,4.4,0.405,Genova,44.4056,8.9463
2026-01-24T08:00,3.1,93,2.1,-2.2,0.9,0.8,0.0,0.07,0.0,71,1001.7,1000.3,85,70,63,0,23.7,353,53.3,0.0,0.0,0.0,0.0,0.0,0.0,0.05,4.2,0.405,Genova,44.4056,8.9463
2026-01-24T09:00,3.4,89,1.8,-1.9,0.0,0.0,0.0,0.0,0.0,3,1002.1,1000.7,100,100,100,0,24.0,355,52.6,0.0,0.0,0.0,0.0,0.0,0.02,0.08,4.2,0.402,Genova,44.4056,8.9463
2026-01-24T10:00,3.5,87,1.6,-1.9,0.0,0.0,0.0,0.0,0.0,3,1003.1,1001.7,100,100,100,0,24.0,353,52.6,16.0,3.0,13.0,29.8,0.0,0.03,0.1,4.3,0.399,Genova,44.4056,8.9463
2026-01-24T11:00,3.3,88,1.6,-2.3,0.1,0.1,0.0,0.0,0.0,51,1002.8,1001.4,100,100,28,0,25.8,357,56.2,48.0,5.0,43.0,21.5,0.0,0.03,0.09,4.4,0.397,Genova,44.4056,8.9463
2026-01-24T12:00,5.0,80,1.9,-0.5,0.0,0.0,0.0,0.0,0.0,3,1002.8,1001.4,93,92,0,5,25.2,353,56.9,235.0,130.0,105.0,379.0,3600.0,0.08,0.17,5.0,0.395,Genova,44.4056,8.9463
2026-01-24T13:00,6.2,77,2.5,1.1,0.0,0.0,0.0,0.0,0.0,3,1002.3,1001.0,94,90,0,39,23.4,349,56.2,305.0,182.0,123.0,439.0,3600.0,0.11,0.22,5.7,0.393,Genova,44.4056,8.9463
2026-01-24T14:00,6.4,82,3.6,2.0,0.0,0.0,0.0,0.0,0.0,3,1002.5,1001.2,100,100,64,100,20.2,342,52.9,296.0,142.0,154.0,321.0,3600.0,0.1,0.17,5.7,0.39,Genova,44.4056,8.9463
2026-01-24T15:00,6.0,85,3.7,1.3,0.1,0.1,0.0,0.0,0.0,51,1002.5,1001.2,100,100,82,100,21.5,350,47.5,156.0,12.0,144.0,28.3,0.0,0.06,0.14,6.0,0.389,Genova,44.4056,8.9463
2026-01-24T16:00,6.2,84,3.7,1.7,0.0,0.0,0.0,0.0,0.0,3,1002.0,1000.7,100,100,15,100,20.1,350,47.9,184.0,79.0,105.0,218.5,3600.0,0.07,0.15,6.2,0.388,Genova,44.4056,8.9463
2026-01-24T17:00,6.3,82,3.4,2.0,0.0,0.0,0.0,0.0,0.0,3,1001.3,1000.0,100,100,16,100,19.4,350,45.0,104.0,8.0,96.0,30.9,0.0,0.05,0.18,6.3,0.387,Genova,44.4056,8.9463
2026-01-24T18:00,5.5,85,3.2,1.2,0.0,0.0,0.0,0.0,0.0,3,1001.6,1000.3,100,73,74,95,18.9,350,42.8,49.0,5.0,44.0,40.8,0.0,0.03,0.14,6.2,0.386,Genova,44.4056,8.9463
2026-01-24T19:00,4.7,89,3.1,0.2,0.1,0.1,0.0,0.0,0.0,51,1001.7,1000.3,100,96,62,95,20.2,359,41.8,2.0,0.0,2.0,0.0,0.0,0.01,0.09,5.9,0.386,Genova,44.4056,8.9463
2026-01-24T20:00,4.8,93,3.8,0.7,0.0,0.0,0.0,0.0,0.0,3,1001.2,999.8,100,98,83,79,18.0,356,42.1,0.0,0.0,0.0,0.0,0.0,0.0,0.06,7.3,0.381,Genova,44.4056,8.9463
2026-01-24T21:00,5.0,94,4.2,0.8,0.8,0.8,0.0,0.0,0.0,53,1001.1,999.7,100,90,100,100,19.7,356,41.4,0.0,0.0,0.0,0.0,0.0,0.0,0.05,6.5,0.39,Genova,44.4056,8.9463
2026-01-24T22:00,4.9,97,4.5,1.0,1.7,1.7,0.0,0.0,0.0,61,1000.9,999.5,100,100,100,100,17.8,352,44.6,0.0,0.0,0.0,0.0,0.0,0.0,0.03,6.0,0.41,Genova,44.4056,8.9463
2026-01-24T23:00,5.2,96,4.6,1.5,3.3,3.3,0.0,0.0,0.0,63,1000.5,999.2,100,99,100,100,16.6,354,43.2,0.0,0.0,0.0,0.0,0.0,0.0,0.04,5.7,0.43,Genova,44.4056,8.9463
2026-01-25T00:00,4.9,97,4.4,1.5,2.5,2.5,0.0,0.0,0.0,63,1000.4,999.0,100,100,78,100,13.6,343,45.0,0.0,0.0,0.0,0.0,0.0,0.0,0.03,5.6,0.427,Genova,44.4056,8.9463
2026-01-25T01:00,5.2,91,3.8,1.9,3.3,3.2,0.0,0.07,0.0,71,1000.9,999.6,100,100,95,100,12.7,354,27.7,0.0,0.0,0.0,0.0,0.0,0.0,0.08,5.4,0.426,Genova,44.4056,8.9463
2026-01-25T02:00,4.4,93,3.4,0.1,0.1,0.1,0.0,0.0,0.0,51,1001.5,1000.1,100,77,18,100,18.4,5,25.9,0.0,0.0,0.0,0.0,0.0,0.0,0.06,5.8,0.418,Genova,44.4056,8.9463
2026-01-25T03:00,4.7,91,3.3,0.4,0.0,0.0,0.0,0.0,0.0,3,1001.6,1000.2,100,97,45,100,18.6,5,38.9,0.0,0.0,0.0,0.0,0.0,0.0,0.08,5.5,0.414,Genova,44.4056,8.9463
2026-01-25T04:00,5.0,90,3.4,1.2,0.0,0.0,0.0,0.0,0.0,3,1001.5,1000.1,100,100,89,100,15.2,353,36.7,0.0,0.0,0.0,0.0,0.0,0.0,0.09,5.5,0.411,Genova,44.4056,8.9463
2026-01-25T05:00,4.7,91,3.3,0.9,0.0,0.0,0.0,0.0,0.0,3,1000.7,999.3,100,83,72,100,15.3,2,29.9,0.0,0.0,0.0,0.0,0.0,0.0,0.08,5.4,0.409,Genova,44.4056,8.9463
2026-01-25T06:00,4.8,90,3.3,0.9,0.0,0.0,0.0,0.0,0.0,3,1000.4,999.0,100,100,73,100,15.9,350,32.4,0.0,0.0,0.0,0.0,0.0,0.0,0.08,5.4,0.407,Genova,44.4056,8.9463
2026-01-25T07:00,4.7,90,3.3,0.6,0.0,0.0,0.0,0.0,0.0,3,1000.3,998.9,100,100,84,100,17.2,350,34.6,0.0,0.0,0.0,0.0,0.0,0.0,0.08,5.4,0.406,Genova,44.4056,8.9463
2026-01-25T08:00,4.5,91,3.2,0.8,0.0,0.0,0.0,0.0,0.0,3,1000.4,999.0,100,100,87,100,15.0,349,35.3,0.0,0.0,0.0,0.0,0.0,0.0,0.07,5.8,0.405,Genova,44.4056,8.9463
2026-01-25T09:00,4.5,92,3.3,0.1,0.0,0.0,0.0,0.0,0.0,3,1000.2,998.8,100,100,63,100,18.9,1,39.6,0.0,0.0,0.0,0.0,0.0,0.02,0.07,5.4,0.404,Genova,44.4056,8.9463
2026-01-25T10:00,5.0,91,3.7,1.0,0.0,0.0,0.0,0.0,0.0,3,1000.2,998.9,100,100,73,100,17.1,360,39.6,22.0,0.0,22.0,0.0,0.0,0.02,0.08,5.4,0.403,Genova,44.4056,8.9463
2026-01-25T11:00,5.7,88,3.8,1.9,0.0,0.0,0.0,0.0,0.0,3,1000.0,998.7,100,73,24,100,15.4,353,35.6,73.0,1.0,72.0,4.2,0.0,0.04,0.11,5.7,0.402,Genova,44.4056,8.9463
2026-01-25T12:00,6.8,82,3.9,3.2,0.0,0.0,0.0,0.0,0.0,3,1000.0,998.7,100,59,55,100,15.1,352,35.6,165.0,22.0,143.0,63.5,105.74,0.07,0.18,6.2,0.401,Genova,44.4056,8.9463
2026-01-25T13:00,8.0,76,4.1,4.9,0.0,0.0,0.0,0.0,0.0,3,999.5,998.2,100,16,2,100,12.0,352,34.9,246.0,68.0,178.0,162.6,3078.06,0.11,0.26,6.8,0.4,Genova,44.4056,8.9463
2026-01-25T14:00,9.4,71,4.4,8.0,0.0,0.0,0.0,0.0,0.0,2,998.4,997.1,63,30,3,45,0.4,333,27.7,307.0,145.0,162.0,325.0,3600.0,0.14,0.34,7.2,0.407,Genova,44.4056,8.9463
2026-01-25T15:00,9.7,75,5.6,7.4,0.0,0.0,0.0,0.0,0.0,1,998.0,996.7,32,31,2,1,8.5,186,23.0,360.0,235.0,125.0,548.8,3600.0,0.15,0.3,8.2,0.405,Genova,44.4056,8.9463
2026-01-25T16:00,9.4,81,6.2,7.4,0.0,0.0,0.0,0.0,0.0,1,997.5,996.2,39,34,0,6,6.9,175,23.8,290.0,204.0,86.0,557.9,3600.0,0.12,0.23,8.6,0.404,Genova,44.4056,8.9463
2026-01-25T17:00,9.0,84,6.5,7.1,0.2,0.2,0.0,0.0,0.0,51,997.4,996.1,99,30,59,99,6.6,164,19.4,193.0,117.0,76.0,445.3,3600.0,0.08,0.18,8.6,0.404,Genova,44.4056,8.9463
2026-01-25T18:00,7.6,94,6.7,5.8,0.1,0.1,0.0,0.0,0.0,51,997.4,996.1,100,56,98,100,6.8,145,16.6,54.0,13.0,41.0,102.8,1283.82,0.02,0.07,8.1,0.404,Genova,44.4056,8.9463
2026-01-25T19:00,7.5,96,6.8,5.8,0.1,0.1,0.0,0.0,0.0,51,997.4,996.1,98,48,84,75,6.2,126,15.1,2.0,0.0,2.0,0.0,0.0,0.0,0.05,7.7,0.403,Genova,44.4056,8.9463
2026-01-25T20:00,6.1,96,5.5,4.5,0.0,0.0,0.0,0.0,0.0,3,997.5,996.2,94,41,27,89,3.6,120,13.0,0.0,0.0,0.0,0.0,0.0,0.0,0.04,9.4,0.39,Genova,44.4056,8.9463
2026-01-25T21:00,6.9,98,6.6,5.4,0.0,0.0,0.0,0.0,0.0,3,997.7,996.4,100,32,100,100,4.4,125,10.8,0.0,0.0,0.0,0.0,0.0,0.0,0.02,8.3,0.391,Genova,44.4056,8.9463
2026-01-25T22:00,7.0,94,6.1,5.2,0.0,0.0,0.0,0.0,0.0,1,997.5,996.2,24,22,2,2,5.3,108,11.9,0.0,0.0,0.0,0.0,0.0,0.0,0.06,7.6,0.391,Genova,44.4056,8.9463
2026-01-25T23:00,6.1,96,5.6,4.3,0.0,0.0,0.0,0.0,0.0,1,997.5,996.2,44,32,14,5,5.1,96,11.9,0.0,0.0,0.0,0.0,0.0,0.0,0.04,7.1,0.391,Genova,44.4056,8.9463
2026-01-26T00:00,5.8,93,4.7,3.7,0.0,0.0,0.0,0.0,0.0,1,997.2,995.9,44,29,8,16,5.8,56,12.2,0.0,0.0,0.0,0.0,0.0,0.0,0.07,6.6,0.391,Genova,44.4056,8.9463
2026-01-26T01:00,5.3,94,4.3,3.0,0.0,0.0,0.0,0.0,0.0,2,997.4,996.1,78,41,4,63,5.9,20,13.0,0.0,0.0,0.0,0.0,0.0,0.0,0.06,6.2,0.391,Genova,44.4056,8.9463
2026-01-26T02:00,5.4,91,4.1,2.7,0.0,0.0,0.0,0.0,0.0,3,997.3,996.0,91,80,14,48,9.1,8,16.2,0.0,0.0,0.0,0.0,0.0,0.0,0.08,7.4,0.396,Genova,44.4056,8.9463
2026-01-26T03:00,5.2,92,4.0,2.2,0.0,0.0,0.0,0.0,0.0,3,997.5,996.2,100,100,4,48,10.5,6,23.0,0.0,0.0,0.0,0.0,0.0,0.0,0.07,6.8,0.396,Genova,44.4056,8.9463
2026-01-26T04:00,5.2,92,4.0,2.1,0.0,0.0,0.0,0.0,0.0,3,997.6,996.3,100,100,2,2,11.2,6,23.0,0.0,0.0,0.0,0.0,0.0,0.0,0.07,6.5,0.395,Genova,44.4056,8.9463
2026-01-26T05:00,5.3,92,4.1,2.2,0.0,0.0,0.0,0.0,0.0,2,997.4,996.1,71,71,0,0,12.0,347,23.8,0.0,0.0,0.0,0.0,0.0,0.0,0.07,6.4,0.395,Genova,44.4056,8.9463
2026-01-26T06:00,4.5,93,3.5,0.9,0.0,0.0,0.0,0.0,0.0,3,998.1,996.8,95,95,0,1,14.6,359,29.5,0.0,0.0,0.0,0.0,0.0,0.0,0.06,6.1,0.395,Genova,44.4056,8.9463
2026-01-26T07:00,5.0,91,3.7,1.2,0.0,0.0,0.0,0.0,0.0,3,998.6,997.3,100,100,0,1,16.0,3,33.8,0.0,0.0,0.0,0.0,0.0,0.0,0.08,6.0,0.394,Genova,44.4056,8.9463
2026-01-26T08:00,5.4,93,4.3,1.7,0.0,0.0,0.0,0.0,0.0,3,999.2,997.9,100,100,0,28,16.0,3,37.4,0.0,0.0,0.0,0.0,0.0,0.0,0.07,7.0,0.393,Genova,44.4056,8.9463
2026-01-26T09:00,5.4,89,3.8,1.6,0.0,0.0,0.0,0.0,0.0,3,999.8,998.5,100,100,0,85,16.2,1,35.6,0.0,0.0,0.0,0.0,0.0,0.02,0.1,6.7,0.393,Genova,44.4056,8.9463
2026-01-26T10:00,6.0,85,3.7,2.1,0.0,0.0,0.0,0.0,0.0,3,1000.6,999.3,87,86,0,2,16.2,357,36.4,46.0,13.0,33.0,125.2,2272.15,0.03,0.14,6.6,0.393,Genova,44.4056,8.9463
2026-01-26T11:00,6.5,84,4.1,2.6,0.0,0.0,0.0,0.0,0.0,3,1001.3,1000.0,100,100,0,5,17.0,355,40.0,151.0,71.0,80.0,297.7,3600.0,0.06,0.15,6.8,0.392,Genova,44.4056,8.9463
2026-01-26T12:00,7.8,77,3.9,3.8,0.0,0.0,0.0,0.0,0.0,2,1001.6,1000.3,53,53,0,0,17.5,356,41.0,267.0,162.0,105.0,463.2,3600.0,0.11,0.25,7.3,0.391,Genova,44.4056,8.9463
2026-01-26T13:00,9.0,69,3.6,5.0,0.0,0.0,0.0,0.0,0.0,1,1001.5,1000.2,34,34,0,0,17.1,351,41.8,356.0,242.0,114.0,573.6,3600.0,0.15,0.36,8.0,0.39,Genova,44.4056,8.9463
2026-01-26T14:00,9.5,69,4.0,5.5,0.0,0.0,0.0,0.0,0.0,1,1001.8,1000.5,31,31,0,0,17.8,340,44.3,412.0,308.0,104.0,684.4,3600.0,0.17,0.37,8.8,0.391,Genova,44.4056,8.9463
2026-01-26T15:00,10.1,64,3.5,5.7,0.0,0.0,0.0,0.0,0.0,0,1001.3,1000.0,4,4,0,0,19.5,343,46.4,401.0,313.0,88.0,724.2,3600.0,0.18,0.45,9.2,0.39,Genova,44.4056,8.9463
2026-01-26T16:00,10.2,62,3.3,5.7,0.0,0.0,0.0,0.0,0.0,0,1001.6,1000.3,12,12,0,0,20.1,343,46.1,338.0,262.0,76.0,708.6,3600.0,0.16,0.47,9.4,0.389,Genova,44.4056,8.9463
2026-01-26T17:00,9.6,65,3.3,5.2,0.0,0.0,0.0,0.0,0.0,0,1002.3,1001.0,2,2,0,0,19.2,348,46.1,228.0,167.0,61.0,625.9,3600.0,0.11,0.42,9.3,0.388,Genova,44.4056,8.9463
2026-01-26T18:00,8.0,73,3.5,3.9,0.0,0.0,0.0,0.0,0.0,0,1003.4,1002.1,0,0,0,0,17.6,352,43.2,92.0,57.0,35.0,437.0,3600.0,0.05,0.29,8.8,0.387,Genova,44.4056,8.9463
2026-01-26T19:00,6.2,81,3.2,1.9,0.0,0.0,0.0,0.0,0.0,0,1004.1,1002.8,1,0,0,1,18.6,9,38.9,4.0,1.0,3.0,19.1,0.0,0.02,0.18,8.1,0.387,Genova,44.4056,8.9463
2026-01-26T20:00,6.2,81,3.2,2.4,0.0,0.0,0.0,0.0,0.0,1,1004.1,1002.8,47,0,0,47,14.8,16,38.9,0.0,0.0,0.0,0.0,0.0,0.01,0.18,8.9,0.387,Genova,44.4056,8.9463
2026-01-26T21:00,5.6,75,1.5,1.7,0.0,0.0,0.0,0.0,0.0,1,1004.2,1002.8,21,0,0,21,13.4,14,32.0,0.0,0.0,0.0,0.0,0.0,0.02,0.23,8.0,0.387,Genova,44.4056,8.9463
2026-01-26T22:00,4.0,79,0.7,0.8,0.0,0.0,0.0,0.0,0.0,0,1005.2,1003.8,16,1,0,16,7.6,19,27.7,0.0,0.0,0.0,0.0,0.0,0.0,0.17,7.2,0.387,Genova,44.4056,8.9463
2026-01-26T23:00,5.6,64,-0.7,2.9,0.0,0.0,0.0,0.0,0.0,0,1006.3,1004.9,16,0,0,16,2.7,37,18.7,0.0,0.0,0.0,0.0,0.0,0.0,0.33,6.6,0.387,Genova,44.4056,8.9463
2026-01-27T00:00,6.1,67,0.3,3.1,0.0,0.0,0.0,0.0,0.0,1,1006.4,1005.0,39,0,0,39,6.4,36,15.1,0.0,0.0,0.0,0.0,0.0,0.01,0.31,6.3,0.386,Genova,44.4056,8.9463
2026-01-27T01:00,5.4,75,1.3,2.4,0.0,0.0,0.0,0.0,0.0,1,1006.5,1005.1,21,0,0,21,7.1,34,17.6,0.0,0.0,0.0,0.0,0.0,0.0,0.22,6.1,0.386,Genova,44.4056,8.9463
2026-01-27T02:00,5.1,86,2.9,2.7,0.0,0.0,0.0,0.0,0.0,2,1007.0,1005.6,59,20,0,49,4.9,33,16.9,0.0,0.0,0.0,0.0,0.0,0.0,0.13,7.2,0.377,Genova,44.4056,8.9463
2026-01-27T03:00,6.2,87,4.2,3.9,0.0,0.0,0.0,0.0,0.0,1,1007.0,1005.6,47,36,0,18,6.2,46,13.7,0.0,0.0,0.0,0.0,0.0,0.0,0.12,6.8,0.377,Genova,44.4056,8.9463
2026-01-27T04:00,7.0,87,4.9,4.4,0.0,0.0,0.0,0.0,0.0,2,1007.2,1005.9,59,44,3,27,9.1,68,17.6,0.0,0.0,0.0,0.0,0.0,0.0,0.13,6.5,0.378,Genova,44.4056,8.9463
2026-01-27T05:00,7.3,88,5.5,5.0,0.1,0.1,0.0,0.0,0.0,51,1007.1,1005.8,100,40,14,100,7.6,87,18.0,0.0,0.0,0.0,0.0,0.0,0.0,0.12,6.5,0.379,Genova,44.4056,8.9463
2026-01-27T06:00,7.3,89,5.7,5.2,0.1,0.1,0.0,0.0,0.0,51,1006.8,1005.5,100,50,13,100,7.0,87,16.6,0.0,0.0,0.0,0.0,0.0,0.0,0.11,6.3,0.38,Genova,44.4056,8.9463
2026-01-27T07:00,6.6,95,5.8,4.7,0.2,0.2,0.0,0.0,0.0,51,1006.3,1004.9,48,36,1,20,6.2,97,16.6,0.0,0.0,0.0,0.0,0.0,0.0,0.05,6.3,0.383,Genova,44.4056,8.9463
2026-01-27T08:00,7.9,94,7.1,5.8,0.4,0.4,0.0,0.0,0.0,51,1006.6,1005.3,88,82,45,16,9.4,132,20.2,0.0,0.0,0.0,0.0,0.0,0.0,0.06,8.0,0.392,Genova,44.4056,8.9463
2026-01-27T09:00,8.2,97,7.8,6.1,0.6,0.6,0.0,0.0,0.0,53,1006.2,1004.9,100,53,3,100,10.4,134,24.5,0.0,0.0,0.0,0.0,0.0,0.01,0.03,7.8,0.399,Genova,44.4056,8.9463
2026-01-27T10:00,9.4,91,8.0,6.9,0.1,0.1,0.0,0.0,0.0,51,1006.3,1005.0,100,73,0,100,13.6,150,29.5,37.0,9.0,28.0,85.3,935.25,0.02,0.11,7.9,0.399,Genova,44.4056,8.9463
2026-01-27T11:00,10.4,84,7.8,7.6,0.0,0.0,0.0,0.0,0.0,3,1006.6,1005.3,100,76,34,100,15.2,175,34.2,118.0,32.0,86.0,132.4,2170.7,0.06,0.2,8.3,0.398,Genova,44.4056,8.9463
2026-01-27T12:00,10.3,86,8.0,7.5,0.2,0.2,0.0,0.0,0.0,51,1006.2,1004.9,99,48,9,98,16.1,193,37.8,197.0,69.0,128.0,195.3,3600.0,0.09,0.18,8.8,0.398,Genova,44.4056,8.9463
2026-01-27T13:00,10.5,80,7.3,7.5,0.3,0.3,0.0,0.0,0.0,51,1006.5,1005.2,100,56,73,100,15.9,208,41.0,247.0,115.0,132.0,270.2,3600.0,0.11,0.25,9.2,0.399,Genova,44.4056,8.9463
2026-01-27T14:00,9.3,93,8.1,6.7,0.1,0.1,0.0,0.0,0.0,51,1006.0,1004.7,100,100,100,96,14.0,193,37.8,200.0,50.0,150.0,110.1,1503.9,0.08,0.09,9.7,0.39,Genova,44.4056,8.9463
2026-01-27T15:00,8.8,98,8.6,7.2,0.6,0.6,0.0,0.0,0.0,53,1005.4,1004.1,100,100,100,100,8.4,164,31.3,69.0,0.0,69.0,0.0,0.0,0.04,0.02,9.2,0.396,Genova,44.4056,8.9463
2026-01-27T16:00,8.7,99,8.6,7.4,0.4,0.4,0.0,0.0,0.0,51,1004.6,1003.3,100,100,100,100,6.7,149,20.9,47.0,0.0,47.0,0.0,0.0,0.03,0.01,9.0,0.4,Genova,44.4056,8.9463
2026-01-27T17:00,8.8,99,8.7,7.1,1.1,1.1,0.0,0.0,0.0,55,1004.2,1002.9,100,100,100,99,9.1,163,20.2,21.0,0.0,21.0,0.0,0.0,0.02,0.01,8.8,0.411,Genova,44.4056,8.9463
2026-01-27T18:00,9.2,97,8.8,6.8,1.6,1.6,0.0,0.0,0.0,61,1003.0,1001.7,100,100,100,98,14.0,138,30.6,16.0,2.0,14.0,14.9,0.0,0.02,0.03,8.8,0.423,Genova,44.4056,8.9463
2026-01-27T19:00,9.0,97,8.5,6.3,1.1,1.1,0.0,0.0,0.0,55,1002.7,1001.4,100,100,100,34,15.4,127,38.2,1.0,0.0,1.0,0.0,0.0,0.01,0.04,8.7,0.425,Genova,44.4056,8.9463
2026-01-27T20:00,8.9,96,8.4,7.4,1.6,1.6,0.0,0.0,0.0,61,1002.6,1001.3,100,100,100,83,7.6,102,35.3,0.0,0.0,0.0,0.0,0.0,0.0,0.04,9.1,0.428,Genova,44.4056,8.9463
2026-01-27T21:00,9.1,93,8.0,7.7,2.6,2.6,0.0,0.0,0.0,63,1001.6,1000.3,100,100,100,34,5.8,76,19.1,0.0,0.0,0.0,0.0,0.0,0.0,0.08,8.8,0.429,Genova,44.4056,8.9463
2026-01-27T22:00,8.9,97,8.5,7.5,3.8,3.8,0.0,0.0,0.0,63,1001.0,999.7,100,100,100,78,6.8,93,20.5,0.0,0.0,0.0,0.0,0.0,0.0,0.03,8.7,0.43,Genova,44.4056,8.9463
2026-01-27T23:00,8.5,99,8.4,6.8,3.6,3.6,0.0,0.0,0.0,63,1000.0,998.7,100,100,100,100,8.8,46,19.1,0.0,0.0,0.0,0.0,0.0,0.0,0.01,8.6,0.43,Genova,44.4056,8.9463
2026-01-28T00:00,7.7,98,7.4,5.7,5.7,5.7,0.0,0.0,0.0,63,999.4,998.1,100,100,100,100,8.7,353,18.0,0.0,0.0,0.0,0.0,0.0,0.0,0.02,8.4,0.43,Genova,44.4056,8.9463
2026-01-28T01:00,5.6,95,4.9,2.2,8.7,8.7,0.0,0.0,0.0,65,998.6,997.3,100,100,100,100,14.8,342,33.1,0.0,0.0,0.0,0.0,0.0,0.0,0.05,7.6,0.43,Genova,44.4056,8.9463
2026-01-28T02:00,4.1,92,2.9,-1.0,8.3,8.3,0.0,0.0,0.0,65,998.1,996.7,100,100,100,100,23.8,347,43.9,0.0,0.0,0.0,0.0,0.0,0.0,0.07,7.9,0.43,Genova,44.4056,8.9463
2026-01-28T03:00,3.7,97,3.3,-1.7,5.3,5.3,0.0,0.0,0.0,63,996.8,995.4,100,100,100,98,26.2,348,51.8,0.0,0.0,0.0,0.0,0.0,0.0,0.02,6.7,0.43,Genova,44.4056,8.9463
2026-01-28T04:00,3.6,97,3.1,-1.8,4.4,4.4,0.0,0.0,0.0,63,996.0,994.6,100,100,100,75,25.8,350,51.1,0.0,0.0,0.0,0.0,0.0,0.0,0.03,6.0,0.43,Genova,44.4056,8.9463
2026-01-28T05:00,3.3,97,2.8,-2.1,1.6,1.6,0.0,0.0,0.0,61,994.8,993.4,100,100,100,100,26.0,352,51.5,0.0,0.0,0.0,0.0,0.0,0.0,0.03,5.5,0.429,Genova,44.4056,8.9463
2026-01-28T06:00,3.7,96,3.1,-1.3,1.0,1.0,0.0,0.0,0.0,55,992.8,991.5,100,100,100,100,23.1,355,52.9,0.0,0.0,0.0,0.0,0.0,0.0,0.03,5.2,0.43,Genova,44.4056,8.9463
2026-01-28T07:00,4.0,95,3.3,-0.6,3.7,3.7,0.0,0.0,0.0,63,991.8,990.5,100,100,100,100,20.5,345,52.2,0.0,0.0,0.0,0.0,0.0,0.0,0.04,5.1,0.43,Genova,44.4056,8.9463
2026-01-28T08:00,3.4,94,2.5,-1.9,5.8,5.8,0.0,0.0,0.0,63,992.0,990.7,100,100,100,100,24.2,342,46.4,0.0,0.0,0.0,0.0,0.0,0.0,0.05,5.5,0.43,Genova,44.4056,8.9463
2026-01-28T09:00,3.1,96,2.6,-2.6,2.8,2.8,0.0,0.0,0.0,63,991.8,990.5,100,100,98,100,27.4,355,59.0,0.0,0.0,0.0,0.0,0.0,0.01,0.03,5.1,0.43,Genova,44.4056,8.9463
2026-01-28T10:00,3.3,92,2.2,-2.1,0.4,0.4,0.0,0.0,0.0,51,992.0,990.7,100,100,98,100,24.9,358,56.5,10.0,0.0,10.0,0.0,0.0,0.02,0.06,4.8,0.427,Genova,44.4056,8.9463
2026-01-28T11:00,3.3,90,1.8,-2.3,0.2,0.2,0.0,0.0,0.0,51,992.0,990.7,100,100,91,100,25.3,355,52.9,25.0,0.0,25.0,0.0,0.0,0.03,0.08,4.8,0.425,Genova,44.4056,8.9463
2026-01-28T12:00,3.6,87,1.6,-2.0,0.1,0.1,0.0,0.0,0.0,51,991.7,990.4,100,100,12,7,25.5,352,55.1,55.0,0.0,55.0,0.0,0.0,0.04,0.11,4.9,0.424,Genova,44.4056,8.9463
2026-01-28T13:00,5.4,79,2.1,0.3,0.0,0.0,0.0,0.0,0.0,3,991.6,990.3,91,84,48,1,23.2,354,55.1,246.0,86.0,160.0,200.2,3600.0,0.09,0.19,5.6,0.421,Genova,44.4056,8.9463
2026-01-28T14:00,7.3,75,3.3,2.9,0.0,0.0,0.0,0.0,0.0,3,991.1,989.8,99,97,35,73,19.7,347,52.2,239.0,79.0,160.0,172.5,3373.64,0.11,0.25,6.1,0.421,Genova,44.4056,8.9463
2026-01-28T15:00,7.5,75,3.3,3.2,0.0,0.0,0.0,0.0,0.0,3,990.5,989.2,98,96,68,34,18.5,353,45.0,170.0,19.0,151.0,43.1,0.0,0.09,0.26,6.6,0.419,Genova,44.4056,8.9463
2026-01-28T16:00,7.6,76,3.6,4.0,0.0,0.0,0.0,0.0,0.0,3,990.3,989.0,100,100,86,55,14.5,349,40.7,130.0,31.0,99.0,82.0,659.33,0.08,0.26,6.9,0.417,Genova,44.4056,8.9463
2026-01-28T17:00,7.1,79,3.6,3.8,0.0,0.0,0.0,0.0,0.0,3,990.4,989.1,100,100,90,0,12.4,347,32.4,58.0,11.0,47.0,40.0,0.0,0.05,0.21,7.0,0.416,Genova,44.4056,8.9463
2026-01-28T18:00,6.6,81,3.7,3.4,0.0,0.0,0.0,0.0,0.0,3,990.7,989.4,100,100,89,0,11.6,344,27.4,15.0,0.0,15.0,0.0,0.0,0.03,0.18,6.9,0.415,Genova,44.4056,8.9463
2026-01-28T19:00,6.3,83,3.7,3.5,0.0,0.0,0.0,0.0,0.0,3,991.3,990.0,100,100,80,0,8.8,340,23.4,1.0,0.0,1.0,0.0,0.0,0.02,0.16,6.7,0.414,Genova,44.4056,8.9463
2026-01-28T20:00,6.4,86,4.2,3.4,0.0,0.0,0.0,0.0,0.0,1,991.0,989.7,47,47,1,0,11.0,358,22.3,0.0,0.0,0.0,0.0,0.0,0.0,0.14,7.3,0.414,Genova,44.4056,8.9463
2026-01-28T21:00,5.7,89,4.1,2.3,0.0,0.0,0.0,0.0,0.0,3,991.0,989.7,100,100,48,9,13.3,352,27.0,0.0,0.0,0.0,0.0,0.0,0.0,0.1,6.9,0.413,Genova,44.4056,8.9463
2026-01-28T22:00,6.2,87,4.2,3.1,0.0,0.0,0.0,0.0,0.0,3,991.2,989.9,84,77,1,33,12.1,353,27.4,0.0,0.0,0.0,0.0,0.0,0.0,0.13,6.7,0.412,Genova,44.4056,8.9463
2026-01-28T23:00,6.4,86,4.3,3.5,0.0,0.0,0.0,0.0,0.0,3,991.4,990.1,100,75,1,100,10.5,354,24.5,0.0,0.0,0.0,0.0,0.0,0.0,0.13,6.6,0.412,Genova,44.4056,8.9463
2026-01-29T00:00,5.4,88,3.7,2.3,0.0,0.0,0.0,0.0,0.0,3,991.6,990.3,100,100,20,100,11.5,352,23.0,0.0,0.0,0.0,0.0,0.0,0.0,0.1,6.4,0.411,Genova,44.4056,8.9463
2026-01-29T01:00,5.4,90,3.9,2.1,0.1,0.1,0.0,0.0,0.0,51,991.8,990.5,100,100,55,98,13.1,358,26.3,0.0,0.0,0.0,0.0,0.0,0.0,0.09,6.3,0.411,Genova,44.4056,8.9463
2026-01-29T02:00,5.9,92,4.8,3.5,0.0,0.0,0.0,0.0,0.0,3,992.0,990.7,98,41,19,96,8.1,13,27.4,0.0,0.0,0.0,0.0,0.0,0.0,0.07,7.5,0.41,Genova,44.4056,8.9463
2026-01-29T03:00,5.6,93,4.6,2.7,0.0,0.0,0.0,0.0,0.0,3,992.1,990.8,87,55,4,70,11.4,4,23.0,0.0,0.0,0.0,0.0,0.0,0.0,0.06,6.9,0.41,Genova,44.4056,8.9463
2026-01-29T04:00,5.5,92,4.3,2.5,0.0,0.0,0.0,0.0,0.0,3,992.6,991.3,88,78,45,1,11.7,3,24.8,0.0,0.0,0.0,0.0,0.0,0.0,0.07,6.5,0.409,Genova,44.4056,8.9463
2026-01-29T05:00,5.4,90,3.9,2.1,0.0,0.0,0.0,0.0,0.0,3,992.5,991.2,80,55,55,0,12.5,352,25.2,0.0,0.0,0.0,0.0,0.0,0.0,0.09,6.3,0.409,Genova,44.4056,8.9463
2026-01-29T06:00,5.0,90,3.5,1.3,0.0,0.0,0.0,0.0,0.0,0,992.6,991.3,15,11,13,0,14.8,357,29.5,0.0,0.0,0.0,0.0,0.0,0.0,0.08,6.0,0.408,Genova,44.4056,8.9463
2026-01-29T07:00,5.0,90,3.5,1.2,0.0,0.0,0.0,0.0,0.0,1,992.9,991.6,30,27,7,0,15.5,358,32.4,0.0,0.0,0.0,0.0,0.0,0.0,0.09,5.8,0.408,Genova,44.4056,8.9463
2026-01-29T08:00,5.6,88,3.8,2.1,0.0,0.0,0.0,0.0,0.0,2,993.3,992.0,63,41,33,23,13.7,359,34.6,0.0,0.0,0.0,0.0,0.0,0.0,0.11,7.0,0.407,Genova,44.4056,8.9463
2026-01-29T09:00,5.9,87,3.9,1.9,0.0,0.0,0.0,0.0,0.0,3,993.6,992.3,89,86,18,20,17.4,354,37.8,1.0,0.0,1.0,0.0,0.0,0.01,0.12,6.7,0.407,Genova,44.4056,8.9463
2026-01-29T10:00,6.7,83,4.1,2.8,0.0,0.0,0.0,0.0,0.0,1,994.3,993.0,34,34,4,0,17.5,355,38.9,58.0,25.0,33.0,229.4,3600.0,0.03,0.16,6.6,0.406,Genova,44.4056,8.9463
2026-01-29T11:00,8.6,77,4.8,5.5,0.0,0.0,0.0,0.0,0.0,1,995.1,993.8,34,33,4,0,12.1,348,36.4,184.0,109.0,75.0,438.5,3600.0,0.08,0.25,7.2,0.406,Genova,44.4056,8.9463
2026-01-29T12:00,10.2,71,5.1,7.6,0.0,0.0,0.0,0.0,0.0,0,995.7,994.4,12,12,0,0,9.3,344,28.4,297.0,200.0,97.0,554.5,3600.0,0.13,0.36,8.0,0.405,Genova,44.4056,8.9463
2026-01-29T13:00,11.3,65,5.0,8.9,0.0,0.0,0.0,0.0,0.0,0,995.8,994.5,0,0,0,0,7.6,326,23.8,293.0,150.0,143.0,346.0,3600.0,0.15,0.46,8.8,0.404,Genova,44.4056,8.9463
2026-01-29T14:00,12.1,62,5.1,9.6,0.0,0.0,0.0,0.0,0.0,0,995.4,994.1,4,2,2,0,8.4,317,21.2,337.0,204.0,133.0,441.3,3600.0,0.17,0.53,10.3,0.418,Genova,44.4056,8.9463
2026-01-29T15:00,12.4,60,4.9,9.8,0.0,0.0,0.0,0.0,0.0,0,995.4,994.1,0,0,0,0,9.3,310,25.2,388.0,289.0,99.0,649.7,3600.0,0.19,0.57,10.7,0.415,Genova,44.4056,8.9463
2026-01-29T16:00,12.3,61,5.1,9.8,0.0,0.0,0.0,0.0,0.0,0,995.6,994.3,0,0,0,0,9.3,311,24.8,342.0,259.0,83.0,677.2,3600.0,0.17,0.56,10.9,0.412,Genova,44.4056,8.9463
2026-01-29T17:00,11.9,63,5.1,9.6,0.0,0.0,0.0,0.0,0.0,0,996.2,994.9,0,0,0,0,7.5,297,23.8,241.0,179.0,62.0,640.6,3600.0,0.12,0.51,10.8,0.41,Genova,44.4056,8.9463
2026-01-29T18:00,9.8,77,6.1,8.4,0.0,0.0,0.0,0.0,0.0,0,996.9,995.6,0,0,0,0,3.2,289,18.4,104.0,66.0,38.0,462.5,3600.0,0.03,0.27,10.1,0.409,Genova,44.4056,8.9463
2026-01-29T19:00,7.7,80,4.5,6.2,0.0,0.0,0.0,0.0,0.0,0,997.3,996.0,0,0,0,0,1.2,27,6.8,6.0,2.0,4.0,38.2,8.47,0.0,0.21,8.7,0.408,Genova,44.4056,8.9463
2026-01-29T20:00,7.0,81,3.9,5.4,0.0,0.0,0.0,0.0,0.0,0,998.0,996.7,0,0,0,0,0.9,37,5.8,0.0,0.0,0.0,0.0,0.0,0.0,0.19,7.6,0.407,Genova,44.4056,8.9463
2026-01-29T21:00,7.7,77,4.0,5.5,0.0,0.0,0.0,0.0,0.0,0,999.0,997.7,1,1,0,0,5.2,46,9.7,0.0,0.0,0.0,0.0,0.0,0.0,0.24,7.0,0.406,Genova,44.4056,8.9463
2026-01-29T22:00,6.5,85,4.2,3.9,0.0,0.0,0.0,0.0,0.0,0,999.2,997.9,10,10,0,0,8.2,36,17.6,0.0,0.0,0.0,0.0,0.0,0.0,0.14,6.8,0.406,Genova,44.4056,8.9463
2026-01-29T23:00,5.4,89,3.7,2.8,0.0,0.0,0.0,0.0,0.0,0,999.3,998.0,10,10,0,0,7.5,21,18.7,0.0,0.0,0.0,0.0,0.0,0.0,0.1,6.6,0.405,Genova,44.4056,8.9463
2026-01-30T00:00,4.2,91,2.8,1.5,0.0,0.0,0.0,0.0,0.0,0,999.0,997.6,3,3,0,0,6.8,11,18.4,0.0,0.0,0.0,0.0,0.0,0.0,0.08,6.2,0.405,Genova,44.4056,8.9463
2026-01-30T01:00,3.3,91,1.9,0.8,0.0,0.0,0.0,0.0,0.0,0,998.9,997.5,5,5,0,0,4.5,5,17.6,0.0,0.0,0.0,0.0,0.0,0.0,0.07,5.8,0.404,Genova,44.4056,8.9463
2026-01-30T02:00,4.7,93,3.6,2.1,0.0,0.0,0.0,0.0,0.0,3,999.3,997.9,86,86,2,0,7.6,8,15.5,0.0,0.0,0.0,0.0,0.0,0.0,0.06,9.2,0.401,Genova,44.4056,8.9463
2026-01-30T03:00,5.5,93,4.4,2.7,0.0,0.0,0.0,0.0,0.0,3,999.5,998.2,84,84,2,0,10.2,7,21.2,0.0,0.0,0.0,0.0,0.0,0.0,0.07,8.2,0.401,Genova,44.4056,8.9463
2026-01-30T04:00,5.3,93,4.3,2.6,0.0,0.0,0.0,0.0,0.0,3,999.8,998.5,85,84,5,0,9.5,10,21.6,0.0,0.0,0.0,0.0,0.0,0.0,0.06,7.5,0.4,Genova,44.4056,8.9463
2026-01-30T05:00,4.3,91,2.9,1.4,0.0,0.0,0.0,0.0,0.0,1,999.8,998.4,45,41,13,0,9.1,18,20.5,0.0,0.0,0.0,0.0,0.0,0.0,0.08,6.9,0.4,Genova,44.4056,8.9463
2026-01-30T06:00,4.4,89,2.8,1.0,0.0,0.0,0.0,0.0,0.0,0,999.3,997.9,13,9,11,0,11.4,18,24.1,0.0,0.0,0.0,0.0,0.0,0.0,0.09,6.4,0.399,Genova,44.4056,8.9463
2026-01-30T07:00,3.9,91,2.6,0.7,0.0,0.0,0.0,0.0,0.0,0,999.4,998.0,14,9,6,0,10.6,360,24.1,0.0,0.0,0.0,0.0,0.0,0.0,0.07,6.1,0.399,Genova,44.4056,8.9463
2026-01-30T08:00,4.2,93,3.1,0.9,0.0,0.0,0.0,0.0,0.0,2,999.9,998.5,51,33,32,0,11.7,2,28.1,0.0,0.0,0.0,0.0,0.0,0.0,0.06,8.3,0.407,Genova,44.4056,8.9463
2026-01-30T09:00,5.6,89,3.8,2.0,0.0,0.0,0.0,0.0,0.0,3,1000.2,998.9,84,55,70,6,14.6,2,29.9,1.0,0.0,1.0,0.0,0.0,0.01,0.1,7.7,0.406,Genova,44.4056,8.9463
2026-01-30T10:00,7.3,81,4.2,3.9,0.0,0.0,0.0,0.0,0.0,1,1000.6,999.3,45,38,22,0,13.9,358,30.2,43.0,14.0,29.0,126.3,2081.67,0.03,0.19,7.5,0.405,Genova,44.4056,8.9463
2026-01-30T11:00,8.5,77,4.7,5.2,0.0,0.0,0.0,0.0,0.0,1,1000.6,999.3,49,30,17,22,13.6,352,31.0,149.0,74.0,75.0,293.5,3600.0,0.07,0.26,7.8,0.404,Genova,44.4056,8.9463
2026-01-30T12:00,10.1,72,5.2,7.3,0.0,0.0,0.0,0.0,0.0,3,1000.5,999.2,100,15,19,100,11.5,340,31.0,287.0,176.0,111.0,482.8,3600.0,0.13,0.35,8.6,0.402,Genova,44.4056,8.9463
2026-01-30T13:00,10.2,73,5.5,7.5,0.0,0.0,0.0,0.0,0.0,3,1000.7,999.4,98,48,38,96,10.8,327,28.1,295.0,135.0,160.0,308.5,3600.0,0.14,0.34,9.2,0.401,Genova,44.4056,8.9463
2026-01-30T14:00,10.2,74,5.8,7.2,0.0,0.0,0.0,0.0,0.0,3,1000.3,999.0,85,52,11,66,13.3,339,28.1,238.0,70.0,168.0,150.1,2701.56,0.12,0.33,10.7,0.396,Genova,44.4056,8.9463
2026-01-30T15:00,10.8,70,5.5,7.7,0.0,0.0,0.0,0.0,0.0,2,999.9,998.6,70,13,11,60,13.3,335,34.6,350.0,223.0,127.0,496.5,3600.0,0.16,0.39,10.6,0.395,Genova,44.4056,8.9463
2026-01-30T16:00,10.8,69,5.3,8.0,0.0,0.0,0.0,0.0,0.0,3,999.8,998.5,98,14,9,97,11.7,329,32.4,338.0,245.0,93.0,633.4,3600.0,0.15,0.41,10.6,0.394,Genova,44.4056,8.9463
2026-01-30T17:00,9.7,75,5.5,6.8,0.0,0.0,0.0,0.0,0.0,3,1000.4,999.1,96,48,28,91,12.0,338,29.2,207.0,108.0,99.0,380.7,3600.0,0.09,0.3,10.3,0.394,Genova,44.4056,8.9463
2026-01-30T18:00,8.0,85,5.5,4.7,0.0,0.0,0.0,0.0,0.0,3,1001.0,999.7,100,96,70,95,14.9,351,32.0,71.0,14.0,57.0,95.3,1059.46,0.04,0.17,9.7,0.393,Genova,44.4056,8.9463
2026-01-30T19:00,7.1,90,5.5,3.6,0.0,0.0,0.0,0.0,0.0,3,1001.0,999.7,100,95,98,99,16.1,355,35.3,5.0,0.0,5.0,0.0,0.0,0.01,0.1,8.9,0.393,Genova,44.4056,8.9463
2026-01-30T20:00,7.4,93,6.3,4.4,0.0,0.0,0.0,0.0,0.0,3,1001.2,999.9,100,100,1,2,13.9,3,33.8,0.0,0.0,0.0,0.0,0.0,0.0,0.07,9.9,0.393,Genova,44.4056,8.9463
2026-01-30T21:00,7.2,92,6.0,4.0,0.0,0.0,0.0,0.0,0.0,3,1001.2,999.9,100,100,1,14,14.6,360,30.2,0.0,0.0,0.0,0.0,0.0,0.0,0.08,9.1,0.393,Genova,44.4056,8.9463
2026-01-30T22:00,6.8,94,5.8,3.5,0.0,0.0,0.0,0.0,0.0,3,1001.5,1000.2,100,100,0,2,15.0,354,30.6,0.0,0.0,0.0,0.0,0.0,0.0,0.06,8.5,0.393,Genova,44.4056,8.9463
2026-01-30T23:00,6.5,94,5.6,3.1,0.0,0.0,0.0,0.0,0.0,3,1001.6,1000.3,100,100,0,0,15.7,359,32.4,0.0,0.0,0.0,0.0,0.0,0.0,0.06,8.1,0.393,Genova,44.4056,8.9463
2026-01-31T00:00,6.4,91,5.0,3.0,0.0,0.0,0.0,0.0,0.0,2,1001.3,1000.0,63,63,0,0,15.0,4,32.8,0.0,0.0,0.0,0.0,0.0,0.0,0.09,7.7,0.393,Genova,44.4056,8.9463
2026-01-31T01:00,5.7,91,4.4,2.2,0.0,0.0,0.0,0.0,0.0,0,1001.2,999.9,13,13,0,0,14.6,10,31.3,0.0,0.0,0.0,0.0,0.0,0.0,0.08,7.4,0.393,Genova,44.4056,8.9463
2026-01-31T02:00,5.5,95,4.8,2.1,0.0,0.0,0.0,0.0,0.0,3,1000.9,999.6,100,100,0,0,14.4,357,30.2,0.0,0.0,0.0,0.0,0.0,0.0,0.05,9.8,0.39,Genova,44.4056,8.9463
2026-01-31T03:00,5.9,94,5.0,2.5,0.0,0.0,0.0,0.0,0.0,3,1000.8,999.5,100,100,0,0,15.0,354,31.0,0.0,0.0,0.0,0.0,0.0,0.0,0.06,8.7,0.39,Genova,44.4056,8.9463
2026-01-31T04:00,5.8,95,5.0,2.2,0.0,0.0,0.0,0.0,0.0,3,1000.9,999.6,100,100,0,0,16.3,354,33.1,0.0,0.0,0.0,0.0,0.0,0.0,0.05,8.0,0.39,Genova,44.4056,8.9463
2026-01-31T05:00,5.6,94,4.7,1.7,0.0,0.0,0.0,0.0,0.0,3,1000.8,999.5,100,100,0,5,17.5,355,37.4,0.0,0.0,0.0,0.0,0.0,0.0,0.05,7.6,0.39,Genova,44.4056,8.9463
2026-01-31T06:00,5.5,92,4.3,1.5,0.0,0.0,0.0,0.0,0.0,3,1000.6,999.3,100,100,0,54,18.2,357,39.2,0.0,0.0,0.0,0.0,0.0,0.0,0.07,7.2,0.39,Genova,44.4056,8.9463
2026-01-31T07:00,5.7,91,4.3,1.7,0.0,0.0,0.0,0.0,0.0,3,1000.4,999.1,100,100,0,63,18.1,353,38.9,0.0,0.0,0.0,0.0,0.0,0.0,0.09,7.0,0.39,Genova,44.4056,8.9463
2026-01-31T08:00,5.8,92,4.6,1.5,0.0,0.0,0.0,0.0,0.0,3,1000.5,999.2,100,100,0,64,20.5,352,42.5,0.0,0.0,0.0,0.0,0.0,0.0,0.07,7.7,0.389,Genova,44.4056,8.9463
2026-01-31T09:00,5.8,92,4.5,1.2,0.0,0.0,0.0,0.0,0.0,3,1000.8,999.5,100,100,14,18,22.5,353,48.6,1.0,0.0,1.0,0.0,0.0,0.01,0.08,7.3,0.389,Genova,44.4056,8.9463
2026-01-31T10:00,6.2,91,4.8,1.8,0.0,0.0,0.0,0.0,0.0,3,1001.4,1000.1,100,100,2,98,21.1,348,50.4,43.0,10.0,33.0,88.7,888.8,0.02,0.08,7.1,0.39,Genova,44.4056,8.9463
2026-01-31T11:00,7.5,86,5.3,3.3,0.0,0.0,0.0,0.0,0.0,3,1001.7,1000.4,100,100,0,98,21.3,348,48.6,150.0,86.0,64.0,336.2,3600.0,0.06,0.15,7.4,0.389,Genova,44.4056,8.9463
2026-01-31T12:00,8.8,78,5.2,4.7,0.0,0.0,0.0,0.0,0.0,3,1002.1,1000.8,99,34,4,99,20.5,349,48.6,230.0,120.0,110.0,325.7,3600.0,0.1,0.25,8.0,0.389,Genova,44.4056,8.9463
2026-01-31T13:00,9.7,69,4.3,5.2,0.0,0.0,0.0,0.0,0.0,3,1002.7,1001.4,100,37,9,100,21.3,349,49.3,257.0,103.0,154.0,233.1,3600.0,0.13,0.38,8.5,0.388,Genova,44.4056,8.9463
2026-01-31T14:00,9.1,72,4.4,4.7,0.0,0.0,0.0,0.0,0.0,3,1002.5,1001.2,100,34,0,100,21.2,344,51.1,253.0,90.0,163.0,191.2,3600.0,0.12,0.32,8.1,0.388,Genova,44.4056,8.9463
2026-01-31T15:00,9.4,70,4.2,4.7,0.0,0.0,0.0,0.0,0.0,3,1002.5,1001.2,100,66,0,100,22.5,346,52.6,246.0,83.0,163.0,183.0,3600.0,0.13,0.35,8.5,0.387,Genova,44.4056,8.9463
2026-01-31T16:00,9.0,72,4.3,4.2,0.0,0.0,0.0,0.0,0.0,3,1002.9,1001.6,100,89,13,99,23.7,345,55.1,220.0,93.0,127.0,237.7,3600.0,0.11,0.32,8.7,0.387,Genova,44.4056,8.9463
2026-01-31T17:00,8.6,76,4.5,3.8,0.0,0.0,0.0,0.0,0.0,3,1003.5,1002.2,100,100,1,97,23.8,347,55.8,160.0,73.0,87.0,253.4,3600.0,0.08,0.27,8.6,0.387,Genova,44.4056,8.9463
2026-01-31T18:00,8.0,79,4.6,3.4,0.0,0.0,0.0,0.0,0.0,3,1004.1,1002.8,100,99,1,92,22.9,347,55.1,74.0,25.0,49.0,165.4,3163.48,0.05,0.22,8.4,0.387,Genova,44.4056,8.9463
2026-01-31T19:00,7.2,83,4.5,2.5,0.0,0.0,0.0,0.0,0.0,3,1004.6,1003.3,84,77,0,31,23.1,349,51.8,7.0,1.0,6.0,18.6,0.0,0.03,0.17,8.0,0.387,Genova,44.4056,8.9463
2026-01-31T20:00,6.9,87,4.9,2.7,0.0,0.0,0.0,0.0,0.0,2,1005.0,1003.7,76,74,0,6,20.5,352,50.8,0.0,0.0,0.0,0.0,0.0,0.01,0.13,8.5,0.387,Genova,44.4056,8.9463
2026-01-31T21:00,6.5,87,4.5,2.2,0.0,0.0,0.0,0.0,0.0,3,1005.3,1004.0,95,95,0,20,20.4,357,43.9,0.0,0.0,0.0,0.0,0.0,0.01,0.13,7.9,0.387,Genova,44.4056,8.9463
2026-01-31T22:00,5.7,88,3.9,1.0,0.0,0.0,0.0,0.0,0.0,2,1005.6,1004.2,73,72,0,4,22.2,4,47.5,0.0,0.0,0.0,0.0,0.0,0.01,0.11,7.4,0.387,Genova,44.4056,8.9463
2026-01-31T23:00,5.3,88,3.5,0.6,0.0,0.0,0.0,0.0,0.0,1,1005.8,1004.4,33,26,0,9,22.2,3,48.2,0.0,0.0,0.0,0.0,0.0,0.01,0.11,7.0,0.387,Genova,44.4056,8.9463
2026-02-01T00:00,5.4,84,2.8,0.7,0.0,0.0,0.0,0.0,0.0,3,1006.2,1004.8,95,13,0,95,20.8,4,47.5,0.0,0.0,0.0,0.0,0.0,0.01,0.15,6.7,0.387,Genova,44.4056,8.9463
2026-02-01T01:00,5.1,81,2.1,0.5,0.0,0.0,0.0,0.0,0.0,3,1006.4,1005.0,100,5,0,100,19.4,6,44.6,0.0,0.0,0.0,0.0,0.0,0.02,0.16,6.4,0.387,Genova,44.4056,8.9463
2026-02-01T02:00,4.8,85,2.5,0.3,0.0,0.0,0.0,0.0,0.0,3,1007.0,1005.6,96,53,0,92,19.1,4,40.7,0.0,0.0,0.0,0.0,0.0,0.01,0.13,7.9,0.386,Genova,44.4056,8.9463
2026-02-01T03:00,5.0,82,2.2,0.5,0.0,0.0,0.0,0.0,0.0,3,1007.0,1005.6,100,34,0,100,18.6,5,41.0,0.0,0.0,0.0,0.0,0.0,0.01,0.16,7.2,0.386,Genova,44.4056,8.9463
2026-02-01T04:00,4.7,82,1.9,0.4,0.0,0.0,0.0,0.0,0.0,3,1006.9,1005.5,100,8,0,100,17.5,5,39.2,0.0,0.0,0.0,0.0,0.0,0.01,0.15,6.7,0.386,Genova,44.4056,8.9463
2026-02-01T05:00,4.5,83,1.8,0.2,0.0,0.0,0.0,0.0,0.0,3,1007.0,1005.6,100,19,4,100,17.0,4,36.4,0.0,0.0,0.0,0.0,0.0,0.01,0.14,6.3,0.386,Genova,44.4056,8.9463
2026-02-01T06:00,4.2,85,1.9,-0.1,0.0,0.0,0.0,0.0,0.0,3,1007.2,1005.8,100,27,10,99,17.5,4,36.7,0.0,0.0,0.0,0.0,0.0,0.01,0.12,6.0,0.386,Genova,44.4056,8.9463
2026-02-01T07:00,4.1,86,2.0,-0.4,0.0,0.0,0.0,0.0,0.0,3,1007.2,1005.8,100,15,20,100,18.2,5,38.5,0.0,0.0,0.0,0.0,0.0,0.01,0.11,5.8,0.386,Genova,44.4056,8.9463
2026-02-01T08:00,4.7,85,2.4,0.6,0.0,0.0,0.0,0.0,0.0,3,1007.1,1005.7,100,12,47,100,15.9,3,38.2,0.0,0.0,0.0,0.0,0.0,0.01,0.13,7.2,0.386,Genova,44.4056,8.9463
2026-02-01T09:00,5.3,80,2.2,1.2,0.0,0.0,0.0,0.0,0.0,3,1007.2,1005.8,100,5,7,100,16.2,4,35.3,1.0,0.0,1.0,0.0,0.0,0.03,0.18,6.8,0.386,Genova,44.4056,8.9463
2026-02-01T10:00,6.4,77,2.7,2.3,0.0,0.0,0.0,0.0,0.0,0,1007.5,1006.1,13,13,0,1,16.6,2,36.0,63.0,18.0,45.0,156.5,2893.84,0.04,0.22,6.7,0.386,Genova,44.4056,8.9463
2026-02-01T11:00,9.2,68,3.6,5.7,0.0,0.0,0.0,0.0,0.0,0,1007.6,1006.3,2,2,0,0,14.1,357,35.3,220.0,157.0,63.0,604.8,3600.0,0.1,0.37,7.3,0.385,Genova,44.4056,8.9463
2026-02-01T12:00,11.6,59,3.9,8.6,0.0,0.0,0.0,0.0,0.0,0,1007.7,1006.4,0,0,0,0,10.6,351,32.0,349.0,275.0,74.0,738.3,3600.0,0.17,0.55,8.4,0.385,Genova,44.4056,8.9463
2026-02-01T13:00,12.8,56,4.1,10.4,0.0,0.0,0.0,0.0,0.0,0,1007.6,1006.3,0,0,0,0,6.8,331,25.9,432.0,350.0,82.0,784.7,3600.0,0.21,0.66,9.6,0.384,Genova,44.4056,8.9463
2026-02-01T14:00,11.8,64,5.3,9.8,0.0,0.0,0.0,0.0,0.0,0,1007.1,1005.8,9,0,0,9,6.3,336,19.4,473.0,396.0,77.0,833.3,3600.0,0.22,0.49,9.2,0.383,Genova,44.4056,8.9463
2026-02-01T15:00,11.8,66,5.5,9.6,0.0,0.0,0.0,0.0,0.0,2,1006.6,1005.3,70,0,0,70,7.1,306,20.5,417.0,314.0,103.0,685.5,3600.0,0.2,0.48,10.1,0.382,Genova,44.4056,8.9463
2026-02-01T16:00,11.3,68,5.6,9.2,0.0,0.0,0.0,0.0,0.0,1,1006.6,1005.3,47,1,2,46,6.4,306,20.5,346.0,246.0,100.0,621.6,3600.0,0.16,0.43,10.4,0.382,Genova,44.4056,8.9463
2026-02-01T17:00,10.2,73,5.5,7.8,0.0,0.0,0.0,0.0,0.0,1,1007.1,1005.8,23,3,7,16,8.5,328,20.5,241.0,165.0,76.0,564.1,3600.0,0.11,0.34,10.3,0.381,Genova,44.4056,8.9463
2026-02-01T18:00,8.4,81,5.4,5.7,0.0,0.0,0.0,0.0,0.0,0,1007.5,1006.2,15,5,9,3,10.5,347,22.7,104.0,58.0,46.0,373.3,3600.0,0.04,0.21,9.7,0.381,Genova,44.4056,8.9463
2026-02-01T19:00,7.0,86,4.9,4.0,0.0,0.0,0.0,0.0,0.0,2,1007.5,1006.1,61,5,54,31,11.9,3,24.8,9.0,3.0,6.0,53.6,230.78,0.01,0.14,8.9,0.381,Genova,44.4056,8.9463
2026-02-01T20:00,5.9,92,4.7,2.8,0.0,0.0,0.0,0.0,0.0,2,1007.5,1006.1,72,70,0,6,12.1,7,24.1,0.0,0.0,0.0,0.0,0.0,0.0,0.07,10.2,0.381,Genova,44.4056,8.9463
2026-02-01T21:00,5.2,94,4.3,2.1,0.0,0.0,0.0,0.0,0.0,2,1007.6,1006.2,66,66,0,0,11.7,5,27.0,0.0,0.0,0.0,0.0,0.0,0.0,0.05,9.0,0.382,Genova,44.4056,8.9463
2026-02-01T22:00,5.1,90,3.7,2.2,0.0,0.0,0.0,0.0,0.0,0,1007.9,1006.5,19,19,0,0,10.0,7,23.4,0.0,0.0,0.0,0.0,0.0,0.0,0.09,8.0,0.382,Genova,44.4056,8.9463
2026-02-01T23:00,5.2,89,3.5,2.0,0.0,0.0,0.0,0.0,0.0,0,1008.2,1006.8,13,13,0,0,10.9,9,22.7,0.0,0.0,0.0,0.0,0.0,0.0,0.1,7.4,0.382,Genova,44.4056,8.9463
2026-02-02T00:00,5.0,88,3.3,2.0,0.0,0.0,0.0,0.0,0.0,2,1008.4,1007.0,53,38,13,15,10.1,4,22.7,0.0,0.0,0.0,0.0,0.0,0.0,0.1,6.9,0.382,Genova,44.4056,8.9463
2026-02-02T01:00,5.3,86,3.2,2.3,0.0,0.0,0.0,0.0,0.0,2,1008.3,1006.9,79,29,35,58,9.8,6,21.2,0.0,0.0,0.0,0.0,0.0,0.0,0.13,6.7,0.382,Genova,44.4056,8.9463
2026-02-02T02:00,4.6,90,3.1,1.8,0.0,0.0,0.0,0.0,0.0,3,1008.4,1007.0,92,54,16,82,8.1,3,20.9,0.0,0.0,0.0,0.0,0.0,0.0,0.08,7.5,0.382,Genova,44.4056,8.9463
2026-02-02T03:00,4.8,89,3.1,1.3,0.0,0.0,0.0,0.0,0.0,3,1008.4,1007.0,98,95,64,36,13.3,2,26.6,0.0,0.0,0.0,0.0,0.0,0.0,0.1,7.0,0.382,Genova,44.4056,8.9463
2026-02-02T04:00,5.4,89,3.7,2.1,0.0,0.0,0.0,0.0,0.0,3,1008.0,1006.6,100,100,13,0,12.8,356,27.7,0.0,0.0,0.0,0.0,0.0,0.0,0.1,6.9,0.382,Genova,44.4056,8.9463
2026-02-02T05:00,5.4,88,3.5,2.4,0.0,0.0,0.0,0.0,0.0,3,1007.4,1006.0,99,99,45,2,10.3,357,24.8,0.0,0.0,0.0,0.0,0.0,0.0,0.11,6.8,0.382,Genova,44.4056,8.9463
2026-02-02T06:00,5.8,87,3.7,2.7,0.0,0.0,0.0,0.0,0.0,3,1007.5,1006.1,100,100,94,0,11.1,353,22.3,0.0,0.0,0.0,0.0,0.0,0.0,0.12,6.8,0.382,Genova,44.4056,8.9463
2026-02-02T07:00,5.7,88,3.9,2.5,0.1,0.1,0.0,0.0,0.0,51,1007.5,1006.1,100,100,100,0,12.1,349,26.3,0.0,0.0,0.0,0.0,0.0,0.0,0.11,6.7,0.383,Genova,44.4056,8.9463
2026-02-02T08:00,5.4,90,3.9,2.2,0.2,0.2,0.0,0.0,0.0,51,1007.6,1006.2,100,100,82,16,11.9,359,25.2,0.0,0.0,0.0,0.0,0.0,0.0,0.09,6.5,0.385,Genova,44.4056,8.9463
2026-02-02T09:00,5.6,90,4.1,2.5,0.1,0.1,0.0,0.0,0.0,51,1007.5,1006.1,100,100,80,66,11.3,353,25.9,0.0,0.0,0.0,0.0,0.0,0.02,0.09,6.5,0.385,Genova,44.4056,8.9463
2026-02-02T10:00,6.0,91,4.6,3.3,0.3,0.3,0.0,0.0,0.0,51,1007.8,1006.4,100,100,66,0,9.6,348,22.3,11.0,0.0,11.0,0.0,0.0,0.02,0.09,6.5,0.387,Genova,44.4056,8.9463
2026-02-02T11:00,5.9,97,5.5,3.4,0.3,0.3,0.0,0.0,0.0,51,1007.9,1006.5,100,100,62,0,9.0,338,19.8,25.0,0.0,25.0,0.0,0.0,0.02,0.03,6.5,0.389,Genova,44.4056,8.9463
2026-02-02T12:00,6.1,97,5.7,3.9,0.3,0.3,0.0,0.0,0.0,51,1008.0,1006.6,100,100,100,0,8.2,338,18.7,50.0,0.0,50.0,0.0,0.0,0.03,0.03,6.6,0.392,Genova,44.4056,8.9463
2026-02-02T13:00,6.5,98,6.2,4.2,0.8,0.8,0.0,0.0,0.0,53,1008.2,1006.8,100,100,100,0,9.2,343,19.1,71.0,2.0,69.0,4.4,0.0,0.03,0.02,6.7,0.4,Genova,44.4056,8.9463
2026-02-02T14:00,6.5,97,6.0,4.1,0.6,0.6,0.0,0.0,0.0,53,1007.7,1006.3,100,100,100,98,9.3,341,18.7,78.0,3.0,75.0,6.3,0.0,0.04,0.03,6.2,0.406,Genova,44.4056,8.9463
2026-02-02T15:00,6.0,97,5.5,3.2,1.2,1.2,0.0,0.0,0.0,55,1007.2,1005.8,100,100,100,63,11.1,346,23.8,67.0,1.0,66.0,2.2,0.0,0.03,0.03,6.4,0.416,Genova,44.4056,8.9463
2026-02-02T16:00,6.0,97,5.5,3.4,0.6,0.6,0.0,0.0,0.0,53,1006.7,1005.3,100,100,100,98,9.9,348,24.5,51.0,1.0,50.0,2.5,0.0,0.03,0.03,6.4,0.416,Genova,44.4056,8.9463
2026-02-02T17:00,5.9,97,5.5,3.4,0.4,0.4,0.0,0.0,0.0,51,1006.6,1005.2,100,100,100,97,9.5,339,20.9,23.0,0.0,23.0,0.0,0.0,0.02,0.03,6.4,0.415,Genova,44.4056,8.9463
2026-02-02T18:00,5.9,93,4.9,3.1,0.1,0.1,0.0,0.0,0.0,51,1006.5,1005.1,100,100,98,98,10.9,338,21.6,13.0,0.0,13.0,0.0,0.0,0.02,0.06,6.3,0.412,Genova,44.4056,8.9463
2026-02-02T19:00,5.3,97,4.8,2.3,0.6,0.6,0.0,0.0,0.0,53,1006.6,1005.2,100,100,100,100,11.4,341,23.4,2.0,0.0,2.0,0.0,0.0,0.01,0.03,6.1,0.415,Genova,44.4056,8.9463
2026-02-02T20:00,4.9,96,4.4,1.7,1.6,1.6,0.0,0.0,0.0,61,1006.6,1005.2,100,100,100,99,12.7,347,25.9,0.0,0.0,0.0,0.0,0.0,0.0,0.03,6.1,0.42,Genova,44.4056,8.9463
2026-02-02T21:00,4.8,96,4.2,1.3,1.8,1.8,0.0,0.0,0.0,61,1007.0,1005.6,100,100,100,100,14.1,344,29.2,0.0,0.0,0.0,0.0,0.0,0.0,0.03,5.8,0.429,Genova,44.4056,8.9463
2026-02-02T22:00,4.7,96,4.1,1.3,2.7,2.7,0.0,0.0,0.0,63,1007.2,1005.8,100,100,100,100,13.9,343,28.8,0.0,0.0,0.0,0.0,0.0,0.0,0.04,5.6,0.43,Genova,44.4056,8.9463
2026-02-02T23:00,4.4,96,3.7,0.6,2.0,2.0,0.0,0.0,0.0,61,1007.0,1005.6,100,100,100,100,15.9,344,32.4,0.0,0.0,0.0,0.0,0.0,0.0,0.04,5.4,0.429,Genova,44.4056,8.9463
2026-02-03T00:00,4.2,96,3.6,0.2,1.4,1.4,0.0,0.0,0.0,61,1006.6,1005.2,100,100,100,36,16.9,343,34.2,0.0,0.0,0.0,0.0,0.0,0.0,0.04,5.2,0.43,Genova,44.4056,8.9463
2026-02-03T01:00,4.1,96,3.5,0.1,1.8,1.8,0.0,0.0,0.0,61,1006.4,1005.0,100,100,100,0,17.2,339,34.2,0.0,0.0,0.0,0.0,0.0,0.0,0.04,5.1,0.428,Genova,44.4056,8.9463
2026-02-03T02:00,3.6,94,2.7,-1.0,2.5,2.5,0.0,0.0,0.0,63,1006.5,1005.1,100,100,100,96,20.1,350,39.6,0.0,0.0,0.0,0.0,0.0,0.0,0.05,5.6,0.428,Genova,44.4056,8.9463
2026-02-03T03:00,3.8,96,3.2,-0.7,2.5,2.5,0.0,0.0,0.0,63,1005.5,1004.1,100,100,100,100,20.1,351,43.2,0.0,0.0,0.0,0.0,0.0,0.0,0.03,5.2,0.428,Genova,44.4056,8.9463
2026-02-03T04:00,4.0,96,3.4,0.1,1.6,1.6,0.0,0.0,0.0,61,1005.0,1003.6,100,100,100,5,16.5,346,39.6,0.0,0.0,0.0,0.0,0.0,0.0,0.04,5.0,0.427,Genova,44.4056,8.9463
2026-02-03T05:00,3.6,95,2.8,-0.6,2.1,2.1,0.0,0.0,0.0,61,1004.5,1003.1,100,100,100,41,17.0,340,34.9,0.0,0.0,0.0,0.0,0.0,0.0,0.04,4.8,0.427,Genova,44.4056,8.9463
2026-02-03T06:00,3.6,94,2.7,-0.2,2.4,2.4,0.0,0.0,0.0,61,1003.3,1001.9,100,100,100,27,15.1,340,34.6,0.0,0.0,0.0,0.0,0.0,0.0,0.05,4.6,0.427,Genova,44.4056,8.9463
2026-02-03T07:00,3.3,95,2.5,-0.8,3.6,3.6,0.0,0.0,0.0,63,1003.3,1001.9,100,100,100,31,16.3,344,41.8,0.0,0.0,0.0,0.0,0.0,0.0,0.04,4.4,0.426,Genova,44.4056,8.9463
2026-02-03T08:00,2.1,91,0.8,-3.6,0.5,0.5,0.0,0.0,0.0,53,1004.9,1003.5,100,100,34,0,25.5,355,42.5,0.0,0.0,0.0,0.0,0.0,0.0,0.06,5.2,0.425,Genova,44.4056,8.9463
2026-02-03T09:00,2.5,89,0.9,-3.2,0.2,0.2,0.0,0.0,0.0,51,1005.6,1004.2,99,99,16,0,26.0,3,55.1,1.0,0.0,1.0,0.0,0.0,0.02,0.08,4.5,0.424,Genova,44.4056,8.9463
2026-02-03T10:00,3.7,85,1.3,-1.5,0.0,0.0,0.0,0.0,0.0,3,1005.9,1004.5,99,99,8,0,22.6,4,52.6,46.0,8.0,38.0,65.4,163.02,0.03,0.12,4.5,0.422,Genova,44.4056,8.9463
2026-02-03T11:00,5.6,77,2.0,1.4,0.0,0.0,0.0,0.0,0.0,3,1006.0,1004.6,92,91,9,0,16.6,359,45.0,141.0,57.0,84.0,213.2,3600.0,0.06,0.21,5.1,0.42,Genova,44.4056,8.9463
2026-02-03T12:00,7.5,73,3.0,4.2,0.0,0.0,0.0,0.0,0.0,2,1006.6,1005.3,54,49,9,1,12.0,341,35.6,237.0,116.0,121.0,304.6,3600.0,0.1,0.28,5.9,0.418,Genova,44.4056,8.9463
2026-02-03T13:00,8.1,72,3.4,4.6,0.0,0.0,0.0,0.0,0.0,2,1006.9,1005.6,52,52,5,0,13.0,342,31.3,317.0,175.0,142.0,384.9,3600.0,0.13,0.3,6.8,0.416,Genova,44.4056,8.9463
2026-02-03T14:00,8.7,72,4.0,5.8,0.0,0.0,0.0,0.0,0.0,3,1006.7,1005.4,94,91,26,15,9.9,358,31.0,312.0,152.0,160.0,313.9,3600.0,0.14,0.31,6.4,0.415,Genova,44.4056,8.9463
2026-02-03T15:00,9.2,72,4.5,6.7,0.0,0.0,0.0,0.0,0.0,3,1006.3,1005.0,100,100,9,0,8.4,340,23.8,247.0,107.0,140.0,229.0,3600.0,0.12,0.32,7.3,0.414,Genova,44.4056,8.9463
2026-02-03T16:00,8.9,73,4.4,6.1,0.0,0.0,0.0,0.0,0.0,3,1006.1,1004.8,81,81,0,0,10.4,345,24.5,219.0,96.0,123.0,237.2,3600.0,0.11,0.3,7.8,0.413,Genova,44.4056,8.9463
2026-02-03T17:00,8.4,74,3.9,5.3,0.0,0.0,0.0,0.0,0.0,0,1006.1,1004.8,6,6,0,0,11.3,347,26.6,185.0,95.0,90.0,315.2,3600.0,0.09,0.29,8.0,0.412,Genova,44.4056,8.9463
2026-02-03T18:00,7.1,73,2.6,3.5,0.0,0.0,0.0,0.0,0.0,2,1006.2,1004.9,73,22,2,66,12.6,343,25.9,96.0,47.0,49.0,286.6,3600.0,0.05,0.27,7.7,0.411,Genova,44.4056,8.9463
2026-02-03T19:00,5.1,78,1.5,1.0,0.0,0.0,0.0,0.0,0.0,3,1006.7,1005.3,100,27,3,100,15.3,351,31.0,9.0,2.0,7.0,33.2,0.0,0.03,0.2,7.0,0.41,Genova,44.4056,8.9463
2026-02-03T20:00,4.4,84,2.0,0.0,0.0,0.0,0.0,0.0,0.0,3,1007.2,1005.8,100,71,21,100,17.9,355,34.6,0.0,0.0,0.0,0.0,0.0,0.01,0.13,8.2,0.41,Genova,44.4056,8.9463
2026-02-03T21:00,4.2,85,2.0,-0.8,0.0,0.0,0.0,0.0,0.0,3,1007.4,1006.0,100,100,23,99,22.3,353,42.1,0.0,0.0,0.0,0.0,0.0,0.01,0.12,7.2,0.409,Genova,44.4056,8.9463
2026-02-03T22:00,4.3,87,2.3,-0.7,0.0,0.0,0.0,0.0,0.0,3,1007.2,1005.8,100,100,50,97,22.2,351,44.6,0.0,0.0,0.0,0.0,0.0,0.01,0.11,6.6,0.409,Genova,44.4056,8.9463
2026-02-03T23:00,4.2,87,2.3,-0.9,0.0,0.0,0.0,0.0,0.0,3,1007.3,1005.9,100,100,59,99,22.8,353,46.4,0.0,0.0,0.0,0.0,0.0,0.01,0.1,6.2,0.409,Genova,44.4056,8.9463
2026-02-04T00:00,4.1,89,2.4,-1.1,0.0,0.0,0.0,0.0,0.0,3,1007.0,1005.6,100,100,74,100,23.7,355,48.2,0.0,0.0,0.0,0.0,0.0,0.01,0.09,5.9,0.408,Genova,44.4056,8.9463
2026-02-04T01:00,4.4,87,2.4,-0.6,0.0,0.0,0.0,0.0,0.0,3,1006.8,1005.4,100,100,95,100,22.6,355,49.0,0.0,0.0,0.0,0.0,0.0,0.01,0.11,5.7,0.408,Genova,44.4056,8.9463
2026-02-04T02:00,4.7,87,2.7,0.2,0.0,0.0,0.0,0.0,0.0,3,1006.2,1004.8,100,96,97,100,19.4,353,49.0,0.0,0.0,0.0,0.0,0.0,0.01,0.11,6.7,0.407,Genova,44.4056,8.9463
2026-02-04T03:00,5.1,86,2.9,0.4,0.0,0.0,0.0,0.0,0.0,3,1005.3,1003.9,100,98,59,100,21.3,356,45.7,0.0,0.0,0.0,0.0,0.0,0.01,0.13,6.4,0.407,Genova,44.4056,8.9463
2026-02-04T04:00,4.8,92,3.6,0.2,0.4,0.4,0.0,0.0,0.0,51,1004.3,1002.9,100,100,100,100,21.3,355,45.0,0.0,0.0,0.0,0.0,0.0,0.0,0.07,6.1,0.41,Genova,44.4056,8.9463
2026-02-04T05:00,4.5,91,3.2,-0.4,0.2,0.2,0.0,0.0,0.0,51,1003.2,1001.8,100,100,100,24,22.4,352,46.8,0.0,0.0,0.0,0.0,0.0,0.0,0.07,5.8,0.41,Genova,44.4056,8.9463
2026-02-04T06:00,3.9,90,2.4,-1.4,0.1,0.1,0.0,0.0,0.0,51,1003.0,1001.6,100,100,98,100,24.2,354,50.8,0.0,0.0,0.0,0.0,0.0,0.01,0.08,5.4,0.41,Genova,44.4056,8.9463
2026-02-04T07:00,4.1,86,2.0,-1.2,0.0,0.0,0.0,0.0,0.0,3,1001.8,1000.4,100,100,95,100,24.0,355,53.3,0.0,0.0,0.0,0.0,0.0,0.01,0.11,5.3,0.409,Genova,44.4056,8.9463
2026-02-04T08:00,4.1,87,2.2,-1.1,0.1,0.1,0.0,0.0,0.0,51,1000.6,999.2,100,93,100,100,23.1,352,51.5,0.0,0.0,0.0,0.0,0.0,0.01,0.1,6.4,0.409,Genova,44.4056,8.9463
2026-02-04T09:00,4.3,87,2.4,-0.9,0.2,0.2,0.0,0.0,0.0,51,1000.0,998.6,100,99,100,100,24.1,353,55.1,1.0,0.0,1.0,0.0,0.0,0.02,0.1,6.0,0.41,Genova,44.4056,8.9463
2026-02-04T10:00,3.9,96,3.4,-1.2,0.9,0.9,0.0,0.0,0.0,53,999.5,998.1,100,100,100,100,24.7,350,52.2,15.0,0.0,15.0,0.0,0.0,0.01,0.03,5.5,0.417,Genova,44.4056,8.9463
2026-02-04T11:00,4.0,96,3.4,-0.8,1.2,1.2,0.0,0.0,0.0,55,999.2,997.8,100,98,100,100,22.7,349,52.2,31.0,0.0,31.0,0.0,0.0,0.02,0.03,5.2,0.425,Genova,44.4056,8.9463
2026-02-04T12:00,4.0,96,3.4,-0.8,1.3,1.3,0.0,0.0,0.0,61,998.6,997.2,100,100,100,100,21.8,349,48.6,41.0,0.0,41.0,0.0,0.0,0.02,0.03,5.1,0.428,Genova,44.4056,8.9463
2026-02-04T13:00,4.1,96,3.4,-0.6,0.9,0.9,0.0,0.0,0.0,53,997.6,996.2,100,100,100,100,21.2,355,46.4,54.0,0.0,54.0,0.0,0.0,0.03,0.04,5.0,0.427,Genova,44.4056,8.9463
2026-02-04T14:00,3.6,96,3.1,-1.4,1.3,1.3,0.0,0.0,0.0,61,996.9,995.5,100,100,100,100,23.1,351,47.9,65.0,0.0,65.0,0.0,0.0,0.03,0.03,4.8,0.426,Genova,44.4056,8.9463
2026-02-04T15:00,4.0,96,3.4,-0.8,1.7,1.6,0.0,0.07,0.0,71,995.5,994.2,100,100,100,100,22.4,357,50.4,58.0,0.0,58.0,0.0,0.0,0.03,0.04,4.7,0.424,Genova,44.4056,8.9463
2026-02-04T16:00,4.7,91,3.3,-0.2,0.5,0.5,0.0,0.0,0.0,53,994.5,993.2,100,100,100,100,22.6,351,47.5,72.0,0.0,72.0,0.0,0.0,0.04,0.08,4.8,0.423,Genova,44.4056,8.9463
2026-02-04T17:00,4.3,95,3.6,-0.5,0.5,0.5,0.0,0.0,0.0,53,994.4,993.1,100,100,100,100,22.6,349,47.2,68.0,2.0,66.0,6.5,0.0,0.03,0.04,4.8,0.423,Genova,44.4056,8.9463
2026-02-04T18:00,4.2,90,2.7,-1.0,0.2,0.2,0.0,0.0,0.0,51,994.5,993.2,100,100,100,100,24.0,352,50.4,24.0,0.0,24.0,0.0,0.0,0.03,0.08,4.7,0.422,Genova,44.4056,8.9463
2026-02-04T19:00,4.1,87,2.1,-1.1,0.1,0.1,0.0,0.0,0.0,51,994.2,992.9,100,100,100,100,23.9,355,51.5,3.0,0.0,3.0,0.0,0.0,0.03,0.11,4.7,0.42,Genova,44.4056,8.9463
2026-02-04T20:00,4.8,88,3.0,-0.5,0.0,0.0,0.0,0.0,0.0,3,993.9,992.6,100,100,90,98,25.4,353,52.9,0.0,0.0,0.0,0.0,0.0,0.01,0.11,4.7,0.417,Genova,44.4056,8.9463
2026-02-04T21:00,5.3,88,3.5,-0.1,0.0,0.0,0.0,0.0,0.0,3,993.9,992.6,100,100,89,4,26.4,354,58.7,0.0,0.0,0.0,0.0,0.0,0.01,0.1,5.0,0.416,Genova,44.4056,8.9463
2026-02-04T22:00,5.3,91,4.0,0.2,0.0,0.0,0.0,0.0,0.0,3,994.0,992.7,100,100,75,0,25.6,356,58.3,0.0,0.0,0.0,0.0,0.0,0.01,0.08,5.2,0.415,Genova,44.4056,8.9463
2026-02-04T23:00,5.6,91,4.2,0.6,0.0,0.0,0.0,0.0,0.0,3,993.7,992.4,100,100,26,2,25.3,356,56.9,0.0,0.0,0.0,0.0,0.0,0.01,0.08,5.3,0.414,Genova,44.4056,8.9463
2026-02-05T00:00,5.7,91,4.4,0.8,0.0,0.0,0.0,0.0,0.0,3,993.6,992.3,100,100,5,1,24.2,354,55.8,0.0,0.0,0.0,0.0,0.0,0.01,0.08,5.5,0.413,Genova,44.4056,8.9463
2026-02-05T01:00,5.8,91,4.4,1.0,0.0,0.0,0.0,0.0,0.0,3,993.5,992.2,100,100,0,0,23.2,360,52.9,0.0,0.0,0.0,0.0,0.0,0.0,0.08,5.6,0.413,Genova,44.4056,8.9463
2026-02-05T02:00,5.5,89,3.9,1.1,0.0,0.0,0.0,0.0,0.0,3,993.8,992.5,100,100,2,4,19.8,7,49.7,0.0,0.0,0.0,0.0,0.0,0.01,0.1,6.0,0.409,Genova,44.4056,8.9463
2026-02-05T03:00,5.5,86,3.4,1.3,0.0,0.0,0.0,0.0,0.0,0,993.3,992.0,16,12,0,5,17.9,10,42.1,0.0,0.0,0.0,0.0,0.0,0.01,0.12,5.7,0.409,Genova,44.4056,8.9463
2026-02-05T04:00,5.2,86,3.1,1.2,0.0,0.0,0.0,0.0,0.0,1,993.2,991.9,35,5,0,31,16.5,8,38.2,0.0,0.0,0.0,0.0,0.0,0.01,0.12,5.5,0.409,Genova,44.4056,8.9463
2026-02-05T05:00,4.3,90,2.8,0.3,0.0,0.0,0.0,0.0,0.0,0,993.3,992.0,11,11,0,0,15.9,6,34.9,0.0,0.0,0.0,0.0,0.0,0.0,0.09,5.3,0.409,Genova,44.4056,8.9463
2026-02-05T06:00,3.6,91,2.3,-0.4,0.0,0.0,0.0,0.0,0.0,2,993.5,992.2,55,55,0,0,15.5,10,33.5,0.0,0.0,0.0,0.0,0.0,0.0,0.07,5.0,0.409,Genova,44.4056,8.9463
2026-02-05T07:00,3.1,92,1.9,-0.9,0.0,0.0,0.0,0.0,0.0,3,993.9,992.5,90,90,0,0,15.0,13,33.1,0.0,0.0,0.0,0.0,0.0,0.0,0.06,4.7,0.409,Genova,44.4056,8.9463
2026-02-05T08:00,2.7,94,1.8,-1.0,0.0,0.0,0.0,0.0,0.0,3,994.3,992.9,97,97,0,0,12.2,20,31.3,0.0,0.0,0.0,0.0,0.0,0.0,0.05,6.6,0.396,Genova,44.4056,8.9463
2026-02-05T09:00,3.5,92,2.4,-0.3,0.0,0.0,0.0,0.0,0.0,1,994.2,992.9,36,36,0,0,14.3,17,29.9,3.0,1.0,2.0,19.1,0.0,0.0,0.06,5.8,0.397,Genova,44.4056,8.9463
2026-02-05T10:00,5.8,86,3.6,2.6,0.0,0.0,0.0,0.0,0.0,0,994.1,992.8,0,0,0,0,11.5,14,29.5,85.0,46.0,39.0,354.3,3600.0,0.03,0.13,5.8,0.398,Genova,44.4056,8.9463
2026-02-05T11:00,9.2,78,5.6,8.0,0.0,0.0,0.0,0.0,0.0,0,995.3,994.0,1,1,0,0,0.6,342,24.1,232.0,166.0,66.0,602.6,3600.0,0.09,0.25,6.6,0.399,Genova,44.4056,8.9463
2026-02-05T12:00,10.4,70,5.2,8.3,0.0,0.0,0.0,0.0,0.0,0,995.8,994.5,0,0,0,0,6.3,167,20.2,358.0,280.0,78.0,719.2,3600.0,0.16,0.38,7.7,0.399,Genova,44.4056,8.9463
2026-02-05T13:00,11.7,64,5.2,9.5,0.0,0.0,0.0,0.0,0.0,2,995.2,993.9,71,2,0,70,7.3,147,22.0,450.0,368.0,82.0,793.7,3600.0,0.21,0.49,8.8,0.399,Genova,44.4056,8.9463
2026-02-05T14:00,12.1,67,6.0,9.3,0.0,0.0,0.0,0.0,0.0,3,995.0,993.7,87,52,0,72,12.2,171,31.0,489.0,406.0,83.0,823.0,3600.0,0.22,0.47,9.5,0.406,Genova,44.4056,8.9463
2026-02-05T15:00,11.6,76,7.5,8.4,0.1,0.1,0.0,0.0,0.0,51,995.1,993.8,100,100,0,34,17.5,166,41.8,382.0,251.0,131.0,526.9,3600.0,0.17,0.33,9.9,0.405,Genova,44.4056,8.9463
2026-02-05T16:00,10.6,90,9.1,7.9,0.6,0.6,0.0,0.0,0.0,53,995.3,994.0,100,100,0,100,16.8,139,42.5,197.0,58.0,139.0,140.1,2402.72,0.08,0.13,9.7,0.409,Genova,44.4056,8.9463
2026-02-05T17:00,10.3,97,9.9,7.8,0.6,0.6,0.0,0.0,0.0,53,994.6,993.3,100,88,35,100,17.1,143,41.4,150.0,24.0,126.0,77.3,519.51,0.05,0.04,9.6,0.414,Genova,44.4056,8.9463
2026-02-05T18:00,10.1,99,9.9,8.2,1.2,1.2,0.0,0.0,0.0,55,994.3,993.0,100,100,29,100,12.9,162,36.0,55.0,1.0,54.0,5.8,0.0,0.02,0.01,9.4,0.425,Genova,44.4056,8.9463
2026-02-05T19:00,10.0,98,9.7,8.2,1.0,1.0,0.0,0.0,0.0,55,994.0,992.7,100,63,84,100,11.6,154,30.2,6.0,0.0,6.0,0.0,0.0,0.01,0.03,9.2,0.426,Genova,44.4056,8.9463
2026-02-05T20:00,9.8,97,9.3,7.9,0.3,0.3,0.0,0.0,0.0,51,993.7,992.4,100,80,100,100,11.9,132,28.1,0.0,0.0,0.0,0.0,0.0,0.0,0.04,10.4,0.425,Genova,44.4056,8.9463
2026-02-05T21:00,9.5,98,9.2,7.3,1.0,1.0,0.0,0.0,0.0,55,992.9,991.6,100,100,100,100,13.5,119,29.2,0.0,0.0,0.0,0.0,0.0,0.0,0.02,9.7,0.428,Genova,44.4056,8.9463
2026-02-05T22:00,9.6,97,9.1,7.4,2.2,2.2,0.0,0.0,0.0,61,992.6,991.3,100,100,100,83,13.2,122,30.2,0.0,0.0,0.0,0.0,0.0,0.0,0.04,9.3,0.424,Genova,44.4056,8.9463
2026-02-05T23:00,9.6,98,9.3,7.2,3.2,3.2,0.0,0.0,0.0,63,991.9,990.6,100,100,100,80,15.2,113,32.0,0.0,0.0,0.0,0.0,0.0,0.0,0.02,9.1,0.422,Genova,44.4056,8.9463
2026-02-06T00:00,9.8,96,9.3,6.6,1.9,1.9,0.0,0.0,0.0,61,990.8,989.5,100,84,100,95,20.9,113,49.0,0.0,0.0,0.0,0.0,0.0,0.0,0.04,9.1,0.422,Genova,44.4056,8.9463
2026-02-06T01:00,9.3,94,8.4,6.8,2.6,2.6,0.0,0.0,0.0,63,989.7,988.4,100,93,100,99,14.4,91,46.1,0.0,0.0,0.0,0.0,0.0,0.0,0.07,9.0,0.421,Genova,44.4056,8.9463
2026-02-06T02:00,9.6,88,7.7,6.7,3.0,3.0,0.0,0.0,0.0,63,988.4,987.1,100,100,100,99,15.2,5,32.8,0.0,0.0,0.0,0.0,0.0,0.01,0.14,9.7,0.421,Genova,44.4056,8.9463
2026-02-06T03:00,7.4,96,6.8,3.2,4.8,4.8,0.0,0.0,0.0,63,987.6,986.3,100,100,100,91,23.2,353,50.4,0.0,0.0,0.0,0.0,0.0,0.0,0.04,8.9,0.421,Genova,44.4056,8.9463
2026-02-06T04:00,6.8,96,6.2,2.0,4.4,4.4,0.0,0.0,0.0,63,986.8,985.5,100,100,100,99,25.9,344,57.6,0.0,0.0,0.0,0.0,0.0,0.0,0.04,8.1,0.42,Genova,44.4056,8.9463
2026-02-06T05:00,7.1,97,6.7,1.1,4.2,4.2,0.0,0.0,0.0,63,987.0,985.7,100,100,100,100,35.2,341,73.8,0.0,0.0,0.0,0.0,0.0,0.0,0.03,7.7,0.42,Genova,44.4056,8.9463
2026-02-06T06:00,7.4,96,6.8,1.5,4.4,4.4,0.0,0.0,0.0,63,988.2,986.9,100,100,100,99,34.5,347,77.8,0.0,0.0,0.0,0.0,0.0,0.0,0.04,7.6,0.42,Genova,44.4056,8.9463
2026-02-06T07:00,7.5,96,6.9,2.4,5.0,5.0,0.0,0.0,0.0,63,989.0,987.7,100,100,100,98,29.7,351,74.2,0.0,0.0,0.0,0.0,0.0,0.0,0.05,7.6,0.42,Genova,44.4056,8.9463
2026-02-06T08:00,8.2,94,7.2,3.0,1.6,1.6,0.0,0.0,0.0,61,989.8,988.5,100,100,69,99,30.2,344,66.6,0.0,0.0,0.0,0.0,0.0,0.0,0.07,8.7,0.42,Genova,44.4056,8.9463
2026-02-06T09:00,8.1,92,6.8,3.3,0.1,0.1,0.0,0.0,0.0,51,991.2,989.9,100,100,80,100,27.5,340,67.3,2.0,0.0,2.0,0.0,0.0,0.02,0.09,8.3,0.419,Genova,44.4056,8.9463
2026-02-06T10:00,8.3,90,6.8,3.8,0.0,0.0,0.0,0.0,0.0,3,992.7,991.4,100,100,26,100,25.2,336,61.6,37.0,1.0,36.0,7.5,0.0,0.03,0.11,8.3,0.418,Genova,44.4056,8.9463
2026-02-06T11:00,8.6,89,6.9,4.7,0.1,0.1,0.0,0.0,0.0,51,993.8,992.5,100,100,0,66,21.0,345,56.5,118.0,14.0,104.0,50.1,0.0,0.05,0.13,8.4,0.417,Genova,44.4056,8.9463
2026-02-06T12:00,9.3,84,6.8,5.3,0.0,0.0,0.0,0.0,0.0,3,994.5,993.2,100,100,0,95,21.9,346,50.4,150.0,1.0,149.0,2.5,0.0,0.07,0.18,8.7,0.415,Genova,44.4056,8.9463
2026-02-06T13:00,10.8,76,6.8,6.7,0.0,0.0,0.0,0.0,0.0,3,994.9,993.6,100,100,0,60,22.4,352,52.6,318.0,117.0,201.0,249.9,3600.0,0.14,0.31,9.4,0.414,Genova,44.4056,8.9463
2026-02-06T14:00,11.8,75,7.4,8.7,0.0,0.0,0.0,0.0,0.0,3,994.9,993.6,82,59,0,58,16.6,1,52.2,445.0,315.0,130.0,632.6,3600.0,0.19,0.35,9.7,0.412,Genova,44.4056,8.9463
2026-02-06T15:00,14.2,63,7.2,12.3,0.0,0.0,0.0,0.0,0.0,0,994.8,993.5,1,1,0,0,7.7,342,38.5,448.0,334.0,114.0,694.3,3600.0,0.23,0.6,10.8,0.411,Genova,44.4056,8.9463
2026-02-06T16:00,14.4,61,6.9,12.8,0.0,0.0,0.0,0.0,0.0,0,995.1,993.8,0,0,0,0,5.5,261,19.8,395.0,320.0,75.0,764.3,3600.0,0.2,0.64,11.5,0.409,Genova,44.4056,8.9463
2026-02-06T17:00,13.4,67,7.3,11.6,0.0,0.0,0.0,0.0,0.0,0,995.7,994.4,0,0,0,0,7.2,238,18.4,280.0,218.0,62.0,692.2,3600.0,0.14,0.51,11.7,0.408,Genova,44.4056,8.9463
2026-02-06T18:00,11.5,81,8.4,10.3,0.0,0.0,0.0,0.0,0.0,0,996.6,995.3,0,0,0,0,5.7,229,18.4,134.0,90.0,44.0,508.4,3600.0,0.05,0.25,11.2,0.408,Genova,44.4056,8.9463
2026-02-06T19:00,9.3,87,7.3,8.5,0.0,0.0,0.0,0.0,0.0,0,997.5,996.2,0,0,0,0,0.7,90,12.2,16.0,7.0,9.0,104.6,1408.32,0.0,0.15,9.9,0.408,Genova,44.4056,8.9463
2026-02-06T20:00,9.9,89,8.2,9.3,0.0,0.0,0.0,0.0,0.0,0,998.4,997.1,14,0,0,14,0.9,90,4.3,0.0,0.0,0.0,0.0,0.0,0.0,0.13,10.5,0.408,Genova,44.4056,8.9463
2026-02-06T21:00,10.1,90,8.6,9.4,0.0,0.0,0.0,0.0,0.0,0,999.1,997.8,13,1,0,12,2.3,162,7.9,0.0,0.0,0.0,0.0,0.0,0.0,0.12,9.3,0.407,Genova,44.4056,8.9463
2026-02-06T22:00,9.3,91,7.9,8.5,0.0,0.0,0.0,0.0,0.0,1,999.2,997.9,34,4,0,31,1.7,58,7.6,0.0,0.0,0.0,0.0,0.0,0.0,0.11,8.5,0.407,Genova,44.4056,8.9463
2026-02-06T23:00,9.3,89,7.5,8.3,0.0,0.0,0.0,0.0,0.0,1,1000.1,998.8,38,27,0,16,1.9,22,5.8,0.0,0.0,0.0,0.0,0.0,0.0,0.13,8.0,0.407,Genova,44.4056,8.9463
2026-02-07T00:00,7.7,92,6.5,6.2,0.0,0.0,0.0,0.0,0.0,2,1000.4,999.1,70,20,12,61,4.2,20,13.3,0.0,0.0,0.0,0.0,0.0,0.0,0.08,7.8,0.406,Genova,44.4056,8.9463
2026-02-07T01:00,6.4,95,5.7,4.5,0.0,0.0,0.0,0.0,0.0,0,1000.4,999.1,13,10,0,3,5.6,21,16.6,0.0,0.0,0.0,0.0,0.0,0.0,0.05,7.6,0.406,Genova,44.4056,8.9463
2026-02-07T02:00,6.9,89,5.2,5.2,0.0,0.0,0.0,0.0,0.0,0,1000.8,999.5,0,0,0,0,3.4,32,16.9,0.0,0.0,0.0,0.0,0.0,0.0,0.11,8.7,0.406,Genova,44.4056,8.9463
2026-02-07T03:00,8.1,81,5.1,6.7,0.0,0.0,0.0,0.0,0.0,0,1001.4,1000.1,5,5,0,0,1.3,16,10.8,0.0,0.0,0.0,0.0,0.0,0.0,0.2,8.0,0.406,Genova,44.4056,8.9463
2026-02-07T04:00,8.3,79,4.8,6.7,0.0,0.0,0.0,0.0,0.0,1,1001.5,1000.2,24,24,0,0,2.4,17,8.6,0.0,0.0,0.0,0.0,0.0,0.0,0.23,7.5,0.405,Genova,44.4056,8.9463
2026-02-07T05:00,8.1,82,5.1,6.2,0.0,0.0,0.0,0.0,0.0,0,1001.3,1000.0,4,4,0,0,4.4,12,13.3,0.0,0.0,0.0,0.0,0.0,0.0,0.2,7.2,0.405,Genova,44.4056,8.9463
2026-02-07T06:00,7.8,84,5.3,6.3,0.0,0.0,0.0,0.0,0.0,2,1001.8,1000.5,61,61,0,0,2.0,10,13.0,0.0,0.0,0.0,0.0,0.0,0.0,0.17,7.0,0.405,Genova,44.4056,8.9463
2026-02-07T07:00,9.0,87,6.9,7.4,0.1,0.1,0.0,0.0,0.0,51,1002.4,1001.1,100,100,40,0,5.4,30,14.4,0.0,0.0,0.0,0.0,0.0,0.0,0.15,7.3,0.406,Genova,44.4056,8.9463
2026-02-07T08:00,8.3,94,7.4,6.2,0.3,0.3,0.0,0.0,0.0,51,1003.1,1001.8,98,97,24,2,9.2,39,17.3,0.0,0.0,0.0,0.0,0.0,0.0,0.07,9.7,0.407,Genova,44.4056,8.9463
2026-02-07T09:00,9.0,96,8.5,7.5,0.0,0.0,0.0,0.0,0.0,3,1003.2,1001.9,88,88,5,2,7.6,34,18.7,3.0,0.0,3.0,0.0,0.0,0.0,0.04,9.2,0.406,Genova,44.4056,8.9463
2026-02-07T10:00,10.2,98,9.9,9.1,0.1,0.1,0.0,0.0,0.0,51,1003.7,1002.4,82,80,2,9,7.4,58,16.2,51.0,14.0,37.0,101.7,1250.69,0.02,0.02,9.3,0.407,Genova,44.4056,8.9463
2026-02-07T11:00,11.1,94,10.2,9.5,0.1,0.1,0.0,0.0,0.0,51,1004.6,1003.3,100,100,23,6,11.1,126,25.2,110.0,17.0,93.0,59.9,0.0,0.05,0.07,9.7,0.407,Genova,44.4056,8.9463
2026-02-07T12:00,10.5,92,9.2,7.9,1.7,1.7,0.0,0.0,0.0,61,1005.0,1003.7,99,93,44,89,16.3,121,39.6,145.0,34.0,111.0,85.4,762.01,0.07,0.11,9.8,0.422,Genova,44.4056,8.9463
2026-02-07T13:00,11.7,86,9.4,9.7,0.0,0.0,0.0,0.0,0.0,3,1005.0,1003.7,98,40,9,98,12.2,123,34.9,232.0,63.0,169.0,133.3,2197.79,0.11,0.2,10.2,0.418,Genova,44.4056,8.9463
2026-02-07T14:00,11.7,82,8.7,9.4,0.2,0.2,0.0,0.0,0.0,51,1004.6,1003.3,100,26,70,100,13.0,143,30.2,317.0,130.0,187.0,258.6,3600.0,0.14,0.25,12.7,0.412,Genova,44.4056,8.9463
2026-02-07T15:00,11.5,82,8.6,9.6,3.1,3.1,0.0,0.0,0.0,63,1004.6,1003.3,100,35,79,100,10.2,146,30.2,271.0,135.0,136.0,277.9,3600.0,0.13,0.24,11.9,0.426,Genova,44.4056,8.9463
2026-02-07T16:00,12.3,79,8.7,11.3,0.1,0.1,0.0,0.0,0.0,51,1004.1,1002.8,100,15,7,100,4.9,174,24.5,183.0,56.0,127.0,132.3,2168.64,0.1,0.31,11.6,0.422,Genova,44.4056,8.9463
2026-02-07T17:00,11.0,88,9.1,9.8,0.5,0.5,0.0,0.0,0.0,53,1004.6,1003.3,100,41,47,100,6.7,172,18.4,160.0,34.0,126.0,106.4,1392.59,0.08,0.16,11.3,0.423,Genova,44.4056,8.9463
2026-02-07T18:00,10.0,94,9.1,9.1,0.0,0.0,0.0,0.0,0.0,3,1004.9,1003.6,100,49,30,100,4.2,85,16.9,63.0,4.0,59.0,22.1,0.0,0.03,0.07,10.7,0.42,Genova,44.4056,8.9463
2026-02-07T19:00,9.6,94,8.6,8.6,0.0,0.0,0.0,0.0,0.0,3,1005.2,1003.9,100,30,45,100,3.9,24,9.4,10.0,0.0,10.0,0.0,0.0,0.01,0.07,10.1,0.418,Genova,44.4056,8.9463
2026-02-07T20:00,9.4,93,8.3,8.5,0.0,0.0,0.0,0.0,0.0,3,1006.0,1004.7,100,33,53,100,3.5,35,10.8,0.0,0.0,0.0,0.0,0.0,0.0,0.09,10.8,0.406,Genova,44.4056,8.9463
2026-02-07T21:00,9.2,96,8.6,8.0,0.6,0.6,0.0,0.0,0.0,53,1006.1,1004.8,100,80,45,98,5.8,20,12.6,0.0,0.0,0.0,0.0,0.0,0.0,0.05,10.0,0.413,Genova,44.4056,8.9463
2026-02-07T22:00,7.7,97,7.2,6.4,0.1,0.1,0.0,0.0,0.0,51,1006.1,1004.8,98,61,39,92,4.4,9,13.0,0.0,0.0,0.0,0.0,0.0,0.0,0.04,9.2,0.413,Genova,44.4056,8.9463
2026-02-07T23:00,6.9,95,6.1,5.1,0.0,0.0,0.0,0.0,0.0,3,1006.6,1005.3,86,52,64,25,5.3,12,13.7,0.0,0.0,0.0,0.0,0.0,0.0,0.05,8.5,0.412,Genova,44.4056,8.9463
2026-02-08T00:00,6.7,94,5.7,5.1,0.1,0.1,0.0,0.0,0.0,51,1007.1,1005.7,93,79,46,47,3.8,17,13.3,0.0,0.0,0.0,0.0,0.0,0.0,0.06,7.9,0.413,Genova,44.4056,8.9463
2026-02-08T01:00,6.1,96,5.5,3.7,0.0,0.0,0.0,0.0,0.0,3,1007.0,1005.6,83,77,35,8,8.9,13,19.1,0.0,0.0,0.0,0.0,0.0,0.0,0.04,7.6,0.412,Genova,44.4056,8.9463
2026-02-08T02:00,6.9,94,6.0,4.7,0.0,0.0,0.0,0.0,0.0,3,1007.3,1005.9,100,100,61,2,7.7,12,21.2,0.0,0.0,0.0,0.0,0.0,0.0,0.06,10.0,0.385,Genova,44.4056,8.9463
2026-02-08T03:00,7.5,95,6.8,5.5,0.0,0.0,0.0,0.0,0.0,3,1007.1,1005.8,98,97,20,0,8.2,15,17.3,0.0,0.0,0.0,0.0,0.0,0.0,0.05,9.0,0.387,Genova,44.4056,8.9463
2026-02-08T04:00,6.8,95,6.1,4.4,0.0,0.0,0.0,0.0,0.0,3,1007.2,1005.8,100,100,22,16,9.7,11,19.8,0.0,0.0,0.0,0.0,0.0,0.0,0.05,8.3,0.39,Genova,44.4056,8.9463
2026-02-08T05:00,6.3,96,5.7,3.7,0.0,0.0,0.0,0.0,0.0,3,1007.2,1005.8,100,88,33,100,10.9,22,23.0,0.0,0.0,0.0,0.0,0.0,0.0,0.04,7.8,0.391,Genova,44.4056,8.9463
2026-02-08T06:00,5.8,96,5.2,3.2,0.0,0.0,0.0,0.0,0.0,3,1006.6,1005.2,99,26,0,99,9.8,20,24.5,0.0,0.0,0.0,0.0,0.0,0.0,0.04,7.4,0.393,Genova,44.4056,8.9463
2026-02-08T07:00,5.5,96,4.9,3.2,0.0,0.0,0.0,0.0,0.0,3,1006.8,1005.4,100,33,0,100,7.1,10,21.6,0.0,0.0,0.0,0.0,0.0,0.0,0.04,7.0,0.394,Genova,44.4056,8.9463
2026-02-08T08:00,6.4,97,5.9,4.4,0.0,0.0,0.0,0.0,0.0,3,1006.7,1005.3,88,58,22,64,6.9,17,18.0,0.0,0.0,0.0,0.0,0.0,0.0,0.03,8.8,0.377,Genova,44.4056,8.9463
2026-02-08T09:00,7.0,95,6.3,5.1,0.0,0.0,0.0,0.0,0.0,3,1007.3,1005.9,100,24,70,100,6.9,28,15.8,3.0,0.0,3.0,0.0,0.0,0.0,0.05,8.3,0.379,Genova,44.4056,8.9463
2026-02-08T10:00,8.2,91,6.8,6.3,0.0,0.0,0.0,0.0,0.0,3,1007.3,1006.0,100,56,94,100,7.3,17,16.2,47.0,3.0,44.0,21.2,0.0,0.02,0.1,8.2,0.382,Genova,44.4056,8.9463
2026-02-08T11:00,10.2,85,7.8,8.9,0.0,0.0,0.0,0.0,0.0,3,1007.2,1005.9,100,15,100,100,5.1,6,17.3,124.0,13.0,111.0,45.1,0.0,0.06,0.19,8.7,0.383,Genova,44.4056,8.9463
2026-02-08T12:00,12.0,74,7.4,11.2,0.0,0.0,0.0,0.0,0.0,3,1007.3,1006.0,100,13,100,100,0.7,194,11.9,266.0,94.0,172.0,233.5,3600.0,0.13,0.37,9.7,0.384,Genova,44.4056,8.9463
2026-02-08T13:00,12.8,69,7.3,11.4,0.0,0.0,0.0,0.0,0.0,3,1007.3,1006.0,100,31,100,100,4.9,180,18.0,372.0,191.0,181.0,400.1,3600.0,0.19,0.46,10.7,0.385,Genova,44.4056,8.9463
2026-02-08T14:00,12.2,68,6.4,10.1,0.9,0.9,0.0,0.0,0.0,53,1006.7,1005.4,100,88,99,98,7.8,189,25.2,362.0,133.0,229.0,262.1,3600.0,0.18,0.46,10.8,0.405,Genova,44.4056,8.9463
2026-02-08T15:00,11.1,78,7.5,9.9,1.0,1.0,0.0,0.0,0.0,55,1006.6,1005.3,100,100,98,100,4.0,122,22.3,256.0,83.0,173.0,169.2,3276.22,0.13,0.28,10.7,0.413,Genova,44.4056,8.9463
2026-02-08T16:00,11.2,81,8.1,10.3,0.5,0.5,0.0,0.0,0.0,53,1006.1,1004.8,100,16,99,100,2.9,11,13.7,186.0,27.0,159.0,63.1,92.57,0.1,0.25,10.7,0.415,Genova,44.4056,8.9463
2026-02-08T17:00,11.2,80,7.9,10.2,0.1,0.1,0.0,0.0,0.0,51,1006.0,1004.7,100,37,100,100,3.3,324,10.8,125.0,15.0,110.0,46.3,0.0,0.07,0.27,10.6,0.413,Genova,44.4056,8.9463
2026-02-08T18:00,10.4,83,7.7,9.4,0.4,0.4,0.0,0.0,0.0,51,1006.3,1005.0,100,55,95,100,3.1,332,10.1,59.0,4.0,55.0,21.5,0.0,0.04,0.21,10.3,0.416,Genova,44.4056,8.9463
2026-02-08T19:00,9.3,93,8.2,7.8,0.2,0.2,0.0,0.0,0.0,51,1006.3,1005.0,100,39,95,100,6.9,335,12.6,8.0,0.0,8.0,0.0,0.0,0.01,0.09,9.7,0.415,Genova,44.4056,8.9463
2026-02-08T20:00,9.0,95,8.2,7.4,0.0,0.0,0.0,0.0,0.0,3,1006.5,1005.2,100,6,99,99,7.9,20,13.3,0.0,0.0,0.0,0.0,0.0,0.0,0.06,10.5,0.406,Genova,44.4056,8.9463
2026-02-08T21:00,8.2,88,6.3,5.6,1.7,1.7,0.0,0.0,0.0,61,1006.7,1005.4,100,59,99,100,11.5,9,25.9,0.0,0.0,0.0,0.0,0.0,0.0,0.13,9.5,0.423,Genova,44.4056,8.9463
2026-02-08T22:00,7.8,79,4.3,4.6,1.6,1.6,0.0,0.0,0.0,61,1006.9,1005.6,100,98,100,99,12.5,7,29.2,0.0,0.0,0.0,0.0,0.0,0.01,0.23,8.8,0.43,Genova,44.4056,8.9463
2026-02-08T23:00,8.0,96,7.3,5.3,0.7,0.7,0.0,0.0,0.0,53,1007.1,1005.8,100,100,100,41,13.5,3,27.7,0.0,0.0,0.0,0.0,0.0,0.0,0.05,8.5,0.424,Genova,44.4056,8.9463
2026-02-09T00:00,7.9,97,7.4,5.2,0.0,0.0,0.0,0.0,0.0,3,1006.9,1005.6,100,100,97,85,13.9,359,29.2,0.0,0.0,0.0,0.0,0.0,0.0,0.04,8.3,0.421,Genova,44.4056,8.9463
2026-02-09T01:00,7.4,97,7.0,4.7,0.0,0.0,0.0,0.0,0.0,3,1007.1,1005.8,100,100,100,84,13.7,5,28.1,0.0,0.0,0.0,0.0,0.0,0.0,0.03,8.2,0.418,Genova,44.4056,8.9463
2026-02-09T02:00,8.2,96,7.7,5.7,0.0,0.0,0.0,0.0,0.0,3,1006.7,1005.4,100,100,100,26,13.3,360,31.0,0.0,0.0,0.0,0.0,0.0,0.0,0.04,9.7,0.402,Genova,44.4056,8.9463
2026-02-09T03:00,8.2,96,7.5,5.6,0.0,0.0,0.0,0.0,0.0,3,1006.5,1005.2,100,100,53,18,13.5,2,28.8,0.0,0.0,0.0,0.0,0.0,0.0,0.05,9.1,0.402,Genova,44.4056,8.9463
2026-02-09T04:00,7.7,95,7.0,4.8,0.0,0.0,0.0,0.0,0.0,3,1006.4,1005.1,100,100,92,0,14.5,7,29.9,0.0,0.0,0.0,0.0,0.0,0.0,0.05,8.7,0.402,Genova,44.4056,8.9463
2026-02-09T05:00,7.5,94,6.6,4.2,0.0,0.0,0.0,0.0,0.0,3,1006.0,1004.7,100,100,65,0,16.2,4,33.8,0.0,0.0,0.0,0.0,0.0,0.0,0.06,8.4,0.402,Genova,44.4056,8.9463
2026-02-09T06:00,7.2,94,6.3,3.7,0.0,0.0,0.0,0.0,0.0,3,1006.1,1004.8,100,100,94,0,17.3,2,37.1,0.0,0.0,0.0,0.0,0.0,0.0,0.06,8.2,0.402,Genova,44.4056,8.9463
2026-02-09T07:00,7.2,92,6.0,3.5,0.0,0.0,0.0,0.0,0.0,3,1006.2,1004.9,100,100,94,0,18.5,1,39.6,0.0,0.0,0.0,0.0,0.0,0.0,0.08,8.1,0.402,Genova,44.4056,8.9463
2026-02-09T08:00,7.9,92,6.7,4.6,0.0,0.0,0.0,0.0,0.0,3,1006.3,1005.0,100,100,96,0,16.8,354,40.3,0.0,0.0,0.0,0.0,0.0,0.0,0.08,9.3,0.396,Genova,44.4056,8.9463
2026-02-09T09:00,7.9,92,6.6,4.4,0.0,0.0,0.0,0.0,0.0,3,1006.7,1005.4,100,100,13,0,18.2,358,40.0,3.0,0.0,3.0,0.0,0.0,0.01,0.09,8.9,0.396,Genova,44.4056,8.9463
2026-02-09T10:00,8.4,88,6.6,5.1,0.0,0.0,0.0,0.0,0.0,3,1007.2,1005.9,100,100,52,0,16.7,358,42.5,51.0,5.0,46.0,34.3,0.0,0.03,0.13,8.8,0.396,Genova,44.4056,8.9463
2026-02-09T11:00,9.7,83,6.9,6.6,0.0,0.0,0.0,0.0,0.0,3,1007.4,1006.1,82,52,61,0,15.4,353,37.1,140.0,32.0,108.0,109.4,1482.75,0.07,0.21,9.1,0.396,Genova,44.4056,8.9463
2026-02-09T12:00,11.3,75,7.1,8.3,0.0,0.0,0.0,0.0,0.0,2,1007.2,1005.9,62,45,30,0,15.6,353,37.1,291.0,163.0,128.0,400.4,3600.0,0.14,0.33,9.8,0.396,Genova,44.4056,8.9463
2026-02-09T13:00,12.6,67,6.7,9.6,0.0,0.0,0.0,0.0,0.0,2,1007.2,1005.9,56,33,38,5,15.1,345,37.4,387.0,246.0,141.0,510.3,3600.0,0.19,0.48,10.6,0.395,Genova,44.4056,8.9463
2026-02-09T14:00,12.6,74,8.1,10.3,0.0,0.0,0.0,0.0,0.0,2,1006.6,1005.3,70,59,13,18,12.8,332,37.4,393.0,248.0,145.0,484.3,3600.0,0.19,0.38,11.1,0.396,Genova,44.4056,8.9463
2026-02-09T15:00,12.6,75,8.3,10.2,0.8,0.8,0.0,0.0,0.0,53,1006.4,1005.1,80,73,24,0,13.4,336,32.0,296.0,125.0,171.0,252.4,3600.0,0.15,0.37,11.2,0.402,Genova,44.4056,8.9463
2026-02-09T16:00,12.8,73,8.0,10.4,0.4,0.4,0.0,0.0,0.0,51,1006.0,1004.7,66,53,16,16,12.7,331,31.0,251.0,87.0,164.0,201.1,3600.0,0.14,0.4,11.2,0.404,Genova,44.4056,8.9463
2026-02-09T17:00,12.9,69,7.3,11.0,0.0,0.0,0.0,0.0,0.0,3,1005.8,1004.5,93,6,10,92,8.2,337,30.2,175.0,70.0,105.0,213.0,3600.0,0.1,0.47,11.3,0.403,Genova,44.4056,8.9463
2026-02-09T18:00,12.0,73,7.4,10.3,0.0,0.0,0.0,0.0,0.0,3,1006.1,1004.8,100,27,30,100,7.0,320,19.4,112.0,49.0,63.0,257.7,3600.0,0.06,0.37,11.1,0.403,Genova,44.4056,8.9463
2026-02-09T19:00,9.7,84,7.2,7.6,0.0,0.0,0.0,0.0,0.0,3,1006.5,1005.2,99,18,20,99,9.6,347,19.4,17.0,4.0,13.0,54.4,213.59,0.02,0.19,10.4,0.402,Genova,44.4056,8.9463
2026-02-09T20:00,8.4,95,7.7,6.3,0.0,0.0,0.0,0.0,0.0,3,1006.9,1005.6,100,6,9,100,10.0,6,24.8,0.0,0.0,0.0,0.0,0.0,0.0,0.05,10.7,0.402,Genova,44.4056,8.9463
2026-02-09T21:00,7.7,97,7.2,5.3,0.0,0.0,0.0,0.0,0.0,3,1007.0,1005.7,89,16,3,87,11.4,7,23.0,0.0,0.0,0.0,0.0,0.0,0.0,0.03,9.8,0.401,Genova,44.4056,8.9463
2026-02-09T22:00,7.2,95,6.5,4.9,0.0,0.0,0.0,0.0,0.0,3,1007.5,1006.2,85,27,32,71,10.1,1,23.4,0.0,0.0,0.0,0.0,0.0,0.0,0.05,9.1,0.401,Genova,44.4056,8.9463
2026-02-09T23:00,6.4,97,5.9,4.4,0.0,0.0,0.0,0.0,0.0,3,1007.8,1006.4,100,23,26,99,6.6,16,20.9,0.0,0.0,0.0,0.0,0.0,0.0,0.03,8.5,0.4,Genova,44.4056,8.9463
2026-02-10T00:00,6.1,95,5.3,4.3,0.0,0.0,0.0,0.0,0.0,2,1007.5,1006.1,79,38,30,59,4.1,15,15.5,0.0,0.0,0.0,0.0,0.0,0.0,0.05,8.0,0.4,Genova,44.4056,8.9463
2026-02-10T01:00,5.8,94,4.9,4.0,0.0,0.0,0.0,0.0,0.0,1,1007.4,1006.0,26,18,12,4,3.9,16,13.3,0.0,0.0,0.0,0.0,0.0,0.0,0.06,7.6,0.4,Genova,44.4056,8.9463
2026-02-10T02:00,7.6,84,5.0,5.8,0.0,0.0,0.0,0.0,0.0,3,1007.5,1006.2,80,5,26,78,3.6,45,13.0,0.0,0.0,0.0,0.0,0.0,0.0,0.17,10.7,0.393,Genova,44.4056,8.9463
2026-02-10T03:00,7.9,85,5.6,6.5,0.0,0.0,0.0,0.0,0.0,3,1007.5,1006.2,100,20,32,100,2.0,63,9.4,0.0,0.0,0.0,0.0,0.0,0.0,0.16,9.5,0.393,Genova,44.4056,8.9463
2026-02-10T04:00,8.4,85,6.0,6.8,0.0,0.0,0.0,0.0,0.0,3,1007.1,1005.8,100,26,28,100,4.2,85,9.0,0.0,0.0,0.0,0.0,0.0,0.0,0.16,8.7,0.393,Genova,44.4056,8.9463
2026-02-10T05:00,8.5,87,6.5,7.0,0.0,0.0,0.0,0.0,0.0,3,1006.7,1005.4,97,83,13,84,4.4,81,10.4,0.0,0.0,0.0,0.0,0.0,0.0,0.14,8.5,0.393,Genova,44.4056,8.9463
2026-02-10T06:00,8.4,88,6.5,6.8,0.0,0.0,0.0,0.0,0.0,3,1006.5,1005.2,99,95,14,84,4.5,95,10.8,0.0,0.0,0.0,0.0,0.0,0.0,0.13,8.2,0.393,Genova,44.4056,8.9463
2026-02-10T07:00,8.8,87,6.8,7.2,0.0,0.0,0.0,0.0,0.0,3,1006.4,1005.1,98,91,78,37,5.8,92,12.6,0.0,0.0,0.0,0.0,0.0,0.0,0.15,8.4,0.394,Genova,44.4056,8.9463
2026-02-10T08:00,8.1,92,6.9,6.4,0.0,0.0,0.0,0.0,0.0,3,1006.1,1004.8,100,100,51,26,6.7,85,12.6,0.0,0.0,0.0,0.0,0.0,0.0,0.09,9.4,0.394,Genova,44.4056,8.9463
2026-02-10T09:00,8.8,89,7.1,7.5,0.1,0.1,0.0,0.0,0.0,51,1006.2,1004.9,100,100,27,2,3.8,73,13.3,2.0,0.0,2.0,0.0,0.0,0.01,0.12,9.1,0.395,Genova,44.4056,8.9463
2026-02-10T10:00,9.1,92,7.8,7.6,0.1,0.1,0.0,0.0,0.0,51,1006.6,1005.3,95,90,47,27,6.6,119,14.4,26.0,0.0,26.0,0.0,0.0,0.02,0.1,9.1,0.396,Genova,44.4056,8.9463
2026-02-10T11:00,9.2,93,8.1,7.2,0.0,0.0,0.0,0.0,0.0,3,1006.5,1005.2,94,91,38,9,10.0,118,23.0,72.0,0.0,72.0,0.0,0.0,0.04,0.08,9.1,0.396,Genova,44.4056,8.9463
2026-02-10T12:00,9.9,90,8.3,7.9,0.3,0.3,0.0,0.0,0.0,51,1006.7,1005.4,61,52,36,0,10.5,128,25.6,191.0,39.0,152.0,94.7,1041.99,0.08,0.13,9.6,0.398,Genova,44.4056,8.9463
2026-02-10T13:00,10.1,89,8.3,7.9,0.6,0.6,0.0,0.0,0.0,53,1006.5,1005.2,65,65,1,0,12.1,134,27.7,195.0,88.0,107.0,180.8,3600.0,0.09,0.14,9.7,0.403,Genova,44.4056,8.9463
2026-02-10T14:00,11.1,85,8.8,9.0,0.4,0.4,0.0,0.0,0.0,51,1005.6,1004.3,38,27,12,7,12.1,155,32.0,326.0,157.0,169.0,303.8,3600.0,0.14,0.19,10.9,0.398,Genova,44.4056,8.9463
2026-02-10T15:00,11.4,83,8.7,9.3,0.1,0.1,0.0,0.0,0.0,51,1005.1,1003.8,100,44,24,100,12.0,167,31.0,252.0,103.0,149.0,206.0,3600.0,0.12,0.22,11.0,0.397,Genova,44.4056,8.9463
2026-02-10T16:00,11.1,84,8.6,9.0,0.1,0.1,0.0,0.0,0.0,51,1004.7,1003.4,73,57,21,34,12.2,171,30.6,202.0,63.0,139.0,144.1,2521.51,0.1,0.21,11.0,0.397,Genova,44.4056,8.9463
2026-02-10T17:00,10.5,88,8.6,8.5,0.1,0.1,0.0,0.0,0.0,51,1004.3,1003.0,100,100,54,93,11.1,166,29.9,91.0,15.0,76.0,45.0,0.0,0.05,0.16,10.7,0.397,Genova,44.4056,8.9463
2026-02-10T18:00,9.6,99,9.5,8.0,0.5,0.5,0.0,0.0,0.0,53,1003.8,1002.5,100,100,83,98,10.5,184,27.7,64.0,11.0,53.0,56.6,0.0,0.03,0.01,10.4,0.401,Genova,44.4056,8.9463
2026-02-10T19:00,9.9,100,9.8,7.6,1.0,1.0,0.0,0.0,0.0,55,1003.5,1002.2,100,100,100,100,15.6,195,33.1,5.0,0.0,5.0,0.0,0.0,0.01,0.0,10.1,0.412,Genova,44.4056,8.9463
2026-02-10T20:00,9.9,100,9.9,8.0,1.0,1.0,0.0,0.0,0.0,55,1003.5,1002.2,100,100,100,100,12.6,197,36.4,0.0,0.0,0.0,0.0,0.0,0.0,0.0,10.6,0.421,Genova,44.4056,8.9463
2026-02-10T21:00,10.3,98,10.1,8.2,1.7,1.7,0.0,0.0,0.0,61,1002.9,1001.6,100,100,100,100,14.9,193,32.4,0.0,0.0,0.0,0.0,0.0,0.0,0.02,10.3,0.428,Genova,44.4056,8.9463
2026-02-10T22:00,10.5,98,10.2,7.7,2.1,2.1,0.0,0.0,0.0,61,1002.2,1000.9,100,100,100,100,19.6,199,42.8,0.0,0.0,0.0,0.0,0.0,0.0,0.02,10.2,0.429,Genova,44.4056,8.9463
2026-02-10T23:00,10.6,100,10.5,7.6,2.4,2.4,0.0,0.0,0.0,61,1001.6,1000.3,100,100,100,100,21.5,201,47.9,0.0,0.0,0.0,0.0,0.0,0.0,0.0,10.2,0.426,Genova,44.4056,8.9463
2026-02-11T00:00,10.6,98,10.3,8.1,0.9,0.9,0.0,0.0,0.0,53,1000.7,999.4,100,100,100,100,18.0,198,48.2,0.0,0.0,0.0,0.0,0.0,0.0,0.03,10.2,0.424,Genova,44.4056,8.9463
2026-02-11T01:00,10.8,100,10.7,8.7,0.5,0.5,0.0,0.0,0.0,53,1000.0,998.7,100,100,79,23,15.4,194,38.9,0.0,0.0,0.0,0.0,0.0,0.0,0.0,10.3,0.423,Genova,44.4056,8.9463
2026-02-11T02:00,11.2,99,11.0,8.9,0.3,0.3,0.0,0.0,0.0,51,999.3,998.0,100,100,100,19,17.9,185,35.3,0.0,0.0,0.0,0.0,0.0,0.0,0.01,10.8,0.422,Genova,44.4056,8.9463
2026-02-11T03:00,11.3,100,11.3,9.9,0.7,0.7,0.0,0.0,0.0,53,998.3,997.0,95,91,12,41,12.7,162,40.0,0.0,0.0,0.0,0.0,0.0,0.0,0.0,10.8,0.422,Genova,44.4056,8.9463
2026-02-11T04:00,11.4,99,11.2,10.5,0.0,0.0,0.0,0.0,0.0,3,997.5,996.2,100,91,7,99,8.7,153,27.4,0.0,0.0,0.0,0.0,0.0,0.0,0.01,10.7,0.42,Genova,44.4056,8.9463
2026-02-11T05:00,11.0,99,10.8,11.0,0.1,0.1,0.0,0.0,0.0,51,997.2,995.9,100,97,12,100,1.5,234,20.9,0.0,0.0,0.0,0.0,0.0,0.0,0.01,10.6,0.419,Genova,44.4056,8.9463
2026-02-11T06:00,9.9,96,9.3,8.4,0.0,0.0,0.0,0.0,0.0,3,996.3,995.0,100,97,12,100,9.2,353,19.1,0.0,0.0,0.0,0.0,0.0,0.0,0.05,10.3,0.418,Genova,44.4056,8.9463
2026-02-11T07:00,9.1,94,8.2,6.6,0.0,0.0,0.0,0.0,0.0,3,995.7,994.4,100,100,1,95,13.5,360,27.4,0.0,0.0,0.0,0.0,0.0,0.0,0.06,9.8,0.417,Genova,44.4056,8.9463
2026-02-11T08:00,9.5,96,8.9,7.2,0.0,0.0,0.0,0.0,0.0,3,995.6,994.3,100,100,1,98,13.6,342,27.7,0.0,0.0,0.0,0.0,0.0,0.0,0.05,10.2,0.416,Genova,44.4056,8.9463
2026-02-11T09:00,9.4,93,8.4,6.4,0.0,0.0,0.0,0.0,0.0,3,995.8,994.5,100,100,1,99,17.9,347,37.4,3.0,0.0,3.0,0.0,0.0,0.02,0.08,9.9,0.415,Genova,44.4056,8.9463
2026-02-11T10:00,9.6,89,7.8,6.0,0.0,0.0,0.0,0.0,0.0,3,996.0,994.7,100,100,12,30,20.5,352,44.6,30.0,0.0,30.0,0.0,0.0,0.03,0.13,9.7,0.414,Genova,44.4056,8.9463
2026-02-11T11:00,10.3,83,7.5,6.5,0.0,0.0,0.0,0.0,0.0,2,995.9,994.6,71,61,3,26,21.4,2,48.6,154.0,34.0,120.0,112.9,1585.95,0.08,0.22,10.0,0.413,Genova,44.4056,8.9463
2026-02-11T12:00,11.5,73,6.8,7.3,0.0,0.0,0.0,0.0,0.0,3,996.2,994.9,81,35,3,71,22.9,358,53.6,300.0,147.0,153.0,353.1,3600.0,0.14,0.36,10.5,0.412,Genova,44.4056,8.9463
2026-02-11T13:00,13.3,63,6.4,9.4,0.0,0.0,0.0,0.0,0.0,3,995.8,994.5,93,18,23,89,19.9,354,55.1,452.0,332.0,120.0,675.5,3600.0,0.22,0.57,11.4,0.41,Genova,44.4056,8.9463
2026-02-11T14:00,13.6,63,6.8,10.6,0.0,0.0,0.0,0.0,0.0,0,995.7,994.4,5,4,0,2,15.1,340,46.4,409.0,212.0,197.0,406.4,3600.0,0.21,0.57,10.4,0.409,Genova,44.4056,8.9463
2026-02-11T15:00,14.1,61,6.6,10.7,0.0,0.0,0.0,0.0,0.0,0,995.4,994.1,10,7,1,3,16.9,353,40.0,465.0,361.0,104.0,715.2,3600.0,0.24,0.63,11.5,0.407,Genova,44.4056,8.9463
2026-02-11T16:00,14.4,60,6.7,11.8,0.0,0.0,0.0,0.0,0.0,0,995.2,993.9,3,1,2,0,12.3,337,39.6,417.0,335.0,82.0,757.9,3600.0,0.22,0.66,12.1,0.406,Genova,44.4056,8.9463
2026-02-11T17:00,14.3,60,6.7,12.0,0.0,0.0,0.0,0.0,0.0,0,995.5,994.2,1,0,0,1,9.4,334,29.9,302.0,232.0,70.0,687.0,3600.0,0.16,0.65,12.4,0.406,Genova,44.4056,8.9463
2026-02-11T18:00,12.9,69,7.4,11.5,0.0,0.0,0.0,0.0,0.0,0,995.6,994.3,10,0,1,9,5.0,325,23.0,156.0,108.0,48.0,543.1,3600.0,0.07,0.45,12.2,0.405,Genova,44.4056,8.9463
2026-02-11T19:00,10.4,78,6.7,8.7,0.0,0.0,0.0,0.0,0.0,3,995.9,994.6,98,0,0,98,5.8,20,13.3,25.0,12.0,13.0,153.9,2532.98,0.01,0.28,11.1,0.405,Genova,44.4056,8.9463
2026-02-11T20:00,8.9,86,6.6,7.7,0.0,0.0,0.0,0.0,0.0,1,996.1,994.8,41,0,0,41,2.4,27,14.4,0.0,0.0,0.0,0.0,0.0,0.0,0.17,12.1,0.405,Genova,44.4056,8.9463
2026-02-11T21:00,9.4,85,7.0,8.1,0.0,0.0,0.0,0.0,0.0,3,996.7,995.4,100,0,0,100,3.4,87,9.0,0.0,0.0,0.0,0.0,0.0,0.0,0.18,10.8,0.405,Genova,44.4056,8.9463
2026-02-11T22:00,9.8,85,7.5,8.6,0.0,0.0,0.0,0.0,0.0,3,996.0,994.7,100,0,0,100,3.6,63,8.6,0.0,0.0,0.0,0.0,0.0,0.0,0.18,9.9,0.405,Genova,44.4056,8.9463
2026-02-11T23:00,9.4,86,7.1,8.0,0.0,0.0,0.0,0.0,0.0,3,996.1,994.8,100,2,0,100,4.6,99,12.2,0.0,0.0,0.0,0.0,0.0,0.0,0.17,9.2,0.405,Genova,44.4056,8.9463
2026-02-12T00:00,9.6,87,7.6,8.1,0.0,0.0,0.0,0.0,0.0,3,994.7,993.4,98,16,0,97,6.1,50,16.2,0.0,0.0,0.0,0.0,0.0,0.0,0.16,8.9,0.404,Genova,44.4056,8.9463
2026-02-12T01:00,8.8,88,7.0,7.4,0.0,0.0,0.0,0.0,0.0,3,994.2,992.9,100,47,5,100,4.4,83,15.1,0.0,0.0,0.0,0.0,0.0,0.0,0.13,8.4,0.404,Genova,44.4056,8.9463
2026-02-12T02:00,10.7,95,9.9,8.2,0.3,0.3,0.0,0.0,0.0,51,992.5,991.2,100,49,9,100,16.9,101,31.3,0.0,0.0,0.0,0.0,0.0,0.0,0.07,10.3,0.405,Genova,44.4056,8.9463
2026-02-12T03:00,11.4,99,11.2,9.1,0.2,0.2,0.0,0.0,0.0,51,990.7,989.4,100,66,2,100,18.4,127,39.6,0.0,0.0,0.0,0.0,0.0,0.0,0.02,10.5,0.407,Genova,44.4056,8.9463
2026-02-12T04:00,11.4,98,11.2,9.0,0.4,0.4,0.0,0.0,0.0,51,990.1,988.8,100,49,7,100,18.8,140,41.4,0.0,0.0,0.0,0.0,0.0,0.0,0.02,10.6,0.411,Genova,44.4056,8.9463
2026-02-12T05:00,11.6,98,11.3,10.0,0.2,0.2,0.0,0.0,0.0,51,988.3,987.0,100,77,100,100,13.2,114,39.6,0.0,0.0,0.0,0.0,0.0,0.0,0.02,10.7,0.412,Genova,44.4056,8.9463
2026-02-12T06:00,11.2,98,11.0,10.4,0.1,0.1,0.0,0.0,0.0,51,987.4,986.1,100,67,27,100,7.8,154,27.0,0.0,0.0,0.0,0.0,0.0,0.0,0.02,10.7,0.411,Genova,44.4056,8.9463
2026-02-12T07:00,10.7,98,10.4,10.0,0.0,0.0,0.0,0.0,0.0,3,985.9,984.6,100,95,93,100,5.1,113,16.9,0.0,0.0,0.0,0.0,0.0,0.0,0.03,10.6,0.41,Genova,44.4056,8.9463
2026-02-12T08:00,10.4,97,10.0,9.0,0.0,0.0,0.0,0.0,0.0,3,985.9,984.6,100,100,63,100,9.5,351,11.2,0.0,0.0,0.0,0.0,0.0,0.0,0.03,10.5,0.409,Genova,44.4056,8.9463
2026-02-12T09:00,9.3,94,8.4,6.7,0.0,0.0,0.0,0.0,0.0,3,985.8,984.5,100,100,95,99,14.8,344,30.2,5.0,0.0,5.0,0.0,0.0,0.01,0.07,10.1,0.409,Genova,44.4056,8.9463
2026-02-12T10:00,9.1,93,8.1,6.2,0.0,0.0,0.0,0.0,0.0,3,986.0,984.7,100,100,0,34,16.1,355,36.0,37.0,1.0,36.0,6.3,0.0,0.03,0.08,9.8,0.408,Genova,44.4056,8.9463
2026-02-12T11:00,9.6,90,8.1,6.7,0.0,0.0,0.0,0.0,0.0,3,986.4,985.1,100,100,2,34,16.8,344,38.5,148.0,42.0,106.0,137.4,2320.74,0.06,0.12,10.0,0.407,Genova,44.4056,8.9463
2026-02-12T12:00,10.9,83,8.1,7.3,0.0,0.0,0.0,0.0,0.0,3,986.4,985.1,99,92,3,92,21.0,351,49.3,221.0,63.0,158.0,149.7,2689.57,0.1,0.22,10.4,0.406,Genova,44.4056,8.9463
2026-02-12T13:00,11.6,81,8.4,8.1,0.0,0.0,0.0,0.0,0.0,3,986.4,985.1,100,91,15,100,21.2,351,53.3,348.0,199.0,149.0,401.0,3600.0,0.15,0.26,11.0,0.405,Genova,44.4056,8.9463
2026-02-12T14:00,10.9,84,8.3,7.7,0.0,0.0,0.0,0.0,0.0,3,987.3,986.0,100,100,2,100,19.1,349,50.4,311.0,71.0,240.0,134.9,2245.77,0.13,0.21,10.2,0.416,Genova,44.4056,8.9463
2026-02-12T15:00,11.9,77,7.9,8.3,0.0,0.0,0.0,0.0,0.0,3,987.1,985.8,100,93,16,98,20.5,349,49.3,313.0,108.0,205.0,211.9,3600.0,0.15,0.32,10.8,0.413,Genova,44.4056,8.9463
2026-02-12T16:00,12.5,73,7.8,9.5,0.0,0.0,0.0,0.0,0.0,3,987.3,986.0,98,52,0,97,16.6,339,49.3,336.0,157.0,179.0,351.4,3600.0,0.16,0.4,11.4,0.411,Genova,44.4056,8.9463
2026-02-12T17:00,12.5,71,7.4,10.0,0.0,0.0,0.0,0.0,0.0,2,988.0,986.7,59,9,0,55,12.9,339,40.3,245.0,107.0,138.0,312.6,3600.0,0.13,0.42,11.5,0.409,Genova,44.4056,8.9463
2026-02-12T18:00,11.9,73,7.3,10.0,0.0,0.0,0.0,0.0,0.0,3,988.7,987.4,84,2,1,84,8.4,349,32.0,150.0,84.0,66.0,413.3,3600.0,0.07,0.37,11.4,0.408,Genova,44.4056,8.9463
2026-02-12T19:00,9.9,79,6.4,7.8,0.0,0.0,0.0,0.0,0.0,3,989.2,987.9,99,1,1,99,7.7,9,21.2,26.0,11.0,15.0,137.1,2500.86,0.01,0.25,10.6,0.407,Genova,44.4056,8.9463
2026-02-12T20:00,9.9,75,5.6,7.0,0.0,0.0,0.0,0.0,0.0,3,989.8,988.5,99,0,0,99,12.4,17,21.6,0.0,0.0,0.0,0.0,0.0,0.02,0.31,11.3,0.396,Genova,44.4056,8.9463
2026-02-12T21:00,11.0,65,4.7,7.5,0.0,0.0,0.0,0.0,0.0,3,990.0,988.7,100,0,4,100,14.8,13,30.2,0.0,0.0,0.0,0.0,0.0,0.04,0.46,10.8,0.397,Genova,44.4056,8.9463
2026-02-12T22:00,10.8,66,4.7,8.0,0.0,0.0,0.0,0.0,0.0,3,990.5,989.2,100,0,0,100,10.3,6,30.6,0.0,0.0,0.0,0.0,0.0,0.03,0.44,10.5,0.397,Genova,44.4056,8.9463
2026-02-12T23:00,10.2,69,4.8,7.3,0.0,0.0,0.0,0.0,0.0,3,990.9,989.6,100,0,1,100,11.1,7,23.4,0.0,0.0,0.0,0.0,0.0,0.02,0.38,10.1,0.397,Genova,44.4056,8.9463
2026-02-13T00:00,10.8,70,5.5,7.3,0.0,0.0,0.0,0.0,0.0,3,991.5,990.2,100,0,55,100,16.4,4,33.5,0.0,0.0,0.0,0.0,0.0,0.04,0.39,10.0,0.398,Genova,44.4056,8.9463
2026-02-13T01:00,11.5,69,6.0,7.3,0.0,0.0,0.0,0.0,0.0,3,992.2,990.9,100,0,77,100,21.8,0,47.2,0.0,0.0,0.0,0.0,0.0,0.05,0.43,10.0,0.398,Genova,44.4056,8.9463
2026-02-13T02:00,11.4,67,5.4,7.3,0.0,0.0,0.0,0.0,0.0,0,992.6,991.3,17,0,0,17,20.4,4,52.6,0.0,0.0,0.0,0.0,0.0,0.05,0.45,11.1,0.401,Genova,44.4056,8.9463
2026-02-13T03:00,11.2,69,5.7,7.5,0.0,0.0,0.0,0.0,0.0,2,993.0,991.7,72,0,44,50,18.0,3,44.3,0.0,0.0,0.0,0.0,0.0,0.04,0.41,10.7,0.401,Genova,44.4056,8.9463
2026-02-13T04:00,10.2,76,6.3,6.9,0.0,0.0,0.0,0.0,0.0,3,993.4,992.1,98,0,97,24,16.5,13,40.0,0.0,0.0,0.0,0.0,0.0,0.03,0.29,10.4,0.401,Genova,44.4056,8.9463
2026-02-13T05:00,9.9,76,5.8,6.2,0.0,0.0,0.0,0.0,0.0,3,993.8,992.5,100,0,100,51,18.4,8,41.4,0.0,0.0,0.0,0.0,0.0,0.03,0.29,10.0,0.4,Genova,44.4056,8.9463
2026-02-13T06:00,10.1,70,4.9,6.1,0.0,0.0,0.0,0.0,0.0,3,994.4,993.1,92,0,80,91,19.3,358,43.2,0.0,0.0,0.0,0.0,0.0,0.04,0.37,9.9,0.4,Genova,44.4056,8.9463
2026-02-13T07:00,10.0,65,3.8,5.9,0.0,0.0,0.0,0.0,0.0,0,995.0,993.7,0,0,0,0,17.8,358,42.8,0.0,0.0,0.0,0.0,0.0,0.05,0.43,9.6,0.4,Genova,44.4056,8.9463
2026-02-13T08:00,9.2,68,3.6,5.2,0.0,0.0,0.0,0.0,0.0,0,994.8,993.5,0,0,0,0,17.3,359,40.0,0.0,0.0,0.0,0.0,0.0,0.04,0.38,11.1,0.393,Genova,44.4056,8.9463
2026-02-13T09:00,9.7,59,2.0,5.4,0.0,0.0,0.0,0.0,0.0,2,995.4,994.1,52,0,0,52,17.0,10,36.0,10.0,4.0,6.0,68.9,535.7,0.06,0.49,10.4,0.394,Genova,44.4056,8.9463
2026-02-13T10:00,11.6,55,2.9,8.4,0.0,0.0,0.0,0.0,0.0,3,995.4,994.1,95,0,0,95,10.7,20,33.5,124.0,81.0,43.0,497.2,3600.0,0.08,0.62,10.4,0.394,Genova,44.4056,8.9463
2026-02-13T11:00,14.3,51,4.3,12.0,0.0,0.0,0.0,0.0,0.0,1,995.7,994.4,28,0,0,28,5.9,218,21.2,275.0,200.0,75.0,644.3,3600.0,0.15,0.8,11.2,0.393,Genova,44.4056,8.9463
2026-02-13T12:00,14.5,45,2.6,12.5,0.0,0.0,0.0,0.0,0.0,3,996.4,995.1,95,0,0,95,2.5,201,25.2,414.0,333.0,81.0,782.1,3600.0,0.21,0.92,12.1,0.393,Genova,44.4056,8.9463
2026-02-13T13:00,15.7,39,1.9,12.4,0.0,0.0,0.0,0.0,0.0,2,995.6,994.3,60,0,0,60,9.7,141,25.9,503.0,414.0,89.0,826.1,3600.0,0.29,1.08,13.1,0.392,Genova,44.4056,8.9463
2026-02-13T14:00,15.6,56,6.8,12.4,0.0,0.0,0.0,0.0,0.0,3,995.3,994.0,100,0,0,100,16.3,155,43.6,541.0,453.0,88.0,852.5,3600.0,0.29,0.78,14.1,0.399,Genova,44.4056,8.9463
2026-02-13T15:00,14.1,69,8.4,10.7,0.0,0.0,0.0,0.0,0.0,3,995.2,993.9,100,0,0,100,20.6,157,51.5,466.0,314.0,152.0,610.3,3600.0,0.23,0.51,14.1,0.398,Genova,44.4056,8.9463
2026-02-13T16:00,13.1,76,9.1,9.8,0.1,0.1,0.0,0.0,0.0,51,994.7,993.4,100,70,1,100,20.8,158,49.0,338.0,144.0,194.0,318.9,3600.0,0.16,0.36,13.7,0.398,Genova,44.4056,8.9463
2026-02-13T17:00,12.3,79,8.8,9.2,0.4,0.4,0.0,0.0,0.0,51,994.3,993.0,100,48,73,100,18.8,151,49.3,177.0,32.0,145.0,92.2,967.5,0.1,0.3,13.0,0.4,Genova,44.4056,8.9463
2026-02-13T18:00,11.6,87,9.6,9.1,0.1,0.1,0.0,0.0,0.0,51,994.2,992.9,100,33,99,100,16.9,158,43.9,58.0,0.0,58.0,0.0,0.0,0.04,0.17,12.4,0.4,Genova,44.4056,8.9463
2026-02-13T19:00,11.2,88,9.2,9.1,0.1,0.1,0.0,0.0,0.0,51,994.0,992.7,100,33,100,100,12.5,143,40.0,9.0,0.0,9.0,0.0,0.0,0.03,0.16,11.8,0.4,Genova,44.4056,8.9463
2026-02-13T20:00,11.3,88,9.5,9.4,0.5,0.5,0.0,0.0,0.0,53,994.1,992.8,100,43,100,100,12.1,152,29.9,0.0,0.0,0.0,0.0,0.0,0.0,0.16,12.2,0.397,Genova,44.4056,8.9463
2026-02-13T21:00,10.0,93,8.9,8.0,1.1,1.1,0.0,0.0,0.0,55,994.4,993.1,100,27,100,100,11.5,231,28.8,0.0,0.0,0.0,0.0,0.0,0.0,0.08,11.4,0.408,Genova,44.4056,8.9463
2026-02-13T22:00,9.7,96,9.0,8.9,1.6,1.6,0.0,0.0,0.0,61,994.1,992.8,100,48,100,100,3.3,354,26.3,0.0,0.0,0.0,0.0,0.0,0.0,0.05,10.8,0.424,Genova,44.4056,8.9463
2026-02-13T23:00,9.1,95,8.4,7.3,1.0,1.0,0.0,0.0,0.0,55,993.1,991.8,99,5,98,72,9.6,33,19.1,0.0,0.0,0.0,0.0,0.0,0.0,0.05,10.3,0.425,Genova,44.4056,8.9463
2026-02-14T00:00,8.9,89,7.2,6.4,0.1,0.1,0.0,0.0,0.0,51,992.1,990.8,100,2,100,93,11.8,24,24.5,0.0,0.0,0.0,0.0,0.0,0.0,0.12,9.8,0.42,Genova,44.4056,8.9463
2026-02-14T01:00,8.6,89,6.8,5.7,0.0,0.0,0.0,0.0,0.0,3,991.5,990.2,100,2,100,100,14.2,9,27.7,0.0,0.0,0.0,0.0,0.0,0.0,0.13,9.5,0.416,Genova,44.4056,8.9463
2026-02-14T02:00,9.3,80,6.1,6.0,0.0,0.0,0.0,0.0,0.0,3,991.4,990.1,100,43,100,100,16.1,10,32.0,0.0,0.0,0.0,0.0,0.0,0.02,0.23,9.9,0.409,Genova,44.4056,8.9463
2026-02-14T03:00,9.5,77,5.7,6.5,0.0,0.0,0.0,0.0,0.0,3,991.4,990.1,100,100,100,100,13.2,358,33.5,0.0,0.0,0.0,0.0,0.0,0.02,0.27,9.8,0.408,Genova,44.4056,8.9463
2026-02-14T04:00,8.5,95,7.7,6.1,1.9,1.9,0.0,0.0,0.0,61,991.3,990.0,100,94,100,100,12.4,1,27.4,0.0,0.0,0.0,0.0,0.0,0.0,0.06,9.5,0.426,Genova,44.4056,8.9463
2026-02-14T05:00,8.2,94,7.3,5.7,1.8,1.8,0.0,0.0,0.0,61,990.3,989.0,100,97,100,100,12.4,2,30.2,0.0,0.0,0.0,0.0,0.0,0.0,0.06,9.2,0.428,Genova,44.4056,8.9463
2026-02-14T06:00,8.3,96,7.7,5.6,1.6,1.6,0.0,0.0,0.0,61,989.9,988.6,100,100,100,100,14.2,347,30.2,0.0,0.0,0.0,0.0,0.0,0.0,0.04,9.0,0.43,Genova,44.4056,8.9463
2026-02-14T07:00,8.5,96,7.9,5.5,2.0,2.0,0.0,0.0,0.0,61,989.7,988.4,100,100,100,99,16.9,353,36.0,0.0,0.0,0.0,0.0,0.0,0.0,0.05,8.9,0.425,Genova,44.4056,8.9463
2026-02-14T08:00,9.0,96,8.5,6.6,1.3,1.3,0.0,0.0,0.0,61,989.8,988.5,100,94,100,98,13.9,360,36.7,0.0,0.0,0.0,0.0,0.0,0.0,0.04,9.5,0.423,Genova,44.4056,8.9463
2026-02-14T09:00,9.0,94,8.1,6.4,0.5,0.5,0.0,0.0,0.0,53,990.2,988.9,100,87,100,96,14.0,1,32.0,2.0,0.0,2.0,0.0,0.0,0.02,0.07,9.3,0.422,Genova,44.4056,8.9463
2026-02-14T10:00,9.0,96,8.4,6.4,0.5,0.5,0.0,0.0,0.0,53,991.1,989.8,100,73,100,100,14.9,337,31.3,19.0,0.0,19.0,0.0,0.0,0.02,0.05,9.3,0.422,Genova,44.4056,8.9463
2026-02-14T11:00,9.8,89,8.2,6.8,0.3,0.3,0.0,0.0,0.0,51,991.8,990.5,100,99,100,100,17.6,342,38.2,63.0,1.0,62.0,3.2,0.0,0.04,0.13,9.4,0.421,Genova,44.4056,8.9463
2026-02-14T12:00,10.3,86,8.1,7.2,0.3,0.3,0.0,0.0,0.0,51,992.6,991.3,100,100,100,100,17.9,345,38.9,79.0,0.0,79.0,0.0,0.0,0.06,0.17,9.5,0.421,Genova,44.4056,8.9463
2026-02-14T13:00,10.2,87,8.1,7.0,0.5,0.5,0.0,0.0,0.0,53,993.8,992.5,100,99,100,100,18.4,349,41.0,84.0,0.0,84.0,0.0,0.0,0.06,0.16,9.7,0.422,Genova,44.4056,8.9463
2026-02-14T14:00,10.1,95,9.4,7.1,1.2,1.2,0.0,0.0,0.0,55,993.4,992.1,100,36,100,100,19.5,342,39.2,74.0,1.0,73.0,1.9,0.0,0.04,0.06,10.3,0.421,Genova,44.4056,8.9463
2026-02-14T15:00,9.7,95,9.0,6.2,0.9,0.9,0.0,0.0,0.0,53,993.9,992.6,100,36,100,100,22.0,351,47.9,119.0,4.0,115.0,7.7,0.0,0.05,0.06,10.1,0.421,Genova,44.4056,8.9463
2026-02-14T16:00,10.0,89,8.3,5.6,0.7,0.7,0.0,0.0,0.0,53,994.5,993.2,100,95,100,100,27.1,350,58.7,102.0,1.0,101.0,2.2,0.0,0.06,0.14,9.9,0.421,Genova,44.4056,8.9463
2026-02-14T17:00,9.9,86,7.8,5.4,0.4,0.4,0.0,0.0,0.0,51,995.1,993.8,100,86,100,100,27.1,352,60.5,53.0,0.0,53.0,0.0,0.0,0.05,0.17,9.7,0.421,Genova,44.4056,8.9463
2026-02-14T18:00,9.9,86,7.7,5.3,0.5,0.5,0.0,0.0,0.0,53,995.8,994.5,100,30,100,100,27.3,354,59.8,39.0,0.0,39.0,0.0,0.0,0.05,0.17,9.6,0.421,Genova,44.4056,8.9463
2026-02-14T19:00,9.5,89,7.8,4.9,0.6,0.6,0.0,0.0,0.0,53,996.9,995.6,100,14,100,100,27.3,355,60.1,6.0,0.0,6.0,0.0,0.0,0.03,0.13,9.4,0.421,Genova,44.4056,8.9463
2026-02-14T20:00,10.3,76,6.3,5.4,0.4,0.4,0.0,0.0,0.0,51,997.3,996.0,100,53,100,100,27.1,4,59.8,0.0,0.0,0.0,0.0,0.0,0.04,0.3,10.1,0.42,Genova,44.4056,8.9463
2026-02-14T21:00,10.7,73,6.0,5.7,0.1,0.1,0.0,0.0,0.0,51,997.9,996.6,100,21,100,100,27.5,8,61.2,0.0,0.0,0.0,0.0,0.0,0.05,0.35,10.0,0.419,Genova,44.4056,8.9463
2026-02-14T22:00,10.7,73,6.0,5.7,0.1,0.1,0.0,0.0,0.0,51,998.7,997.4,100,13,100,95,27.5,5,62.3,0.0,0.0,0.0,0.0,0.0,0.05,0.35,10.0,0.418,Genova,44.4056,8.9463
2026-02-14T23:00,10.7,73,6.1,5.9,0.1,0.1,0.0,0.0,0.0,51,999.5,998.2,98,23,89,90,26.3,8,62.3,0.0,0.0,0.0,0.0,0.0,0.05,0.34,9.9,0.417,Genova,44.4056,8.9463
2026-02-15T00:00,10.5,72,5.7,5.9,0.0,0.0,0.0,0.0,0.0,2,1000.2,998.9,70,4,69,0,24.3,2,58.7,0.0,0.0,0.0,0.0,0.0,0.05,0.35,9.9,0.415,Genova,44.4056,8.9463
2026-02-15T01:00,10.3,72,5.4,5.6,0.0,0.0,0.0,0.0,0.0,3,1000.8,999.5,90,12,89,0,24.0,357,55.8,0.0,0.0,0.0,0.0,0.0,0.05,0.36,9.8,0.414,Genova,44.4056,8.9463
2026-02-15T02:00,10.8,67,4.9,6.7,0.0,0.0,0.0,0.0,0.0,3,1001.3,1000.0,91,13,90,0,19.5,357,58.0,0.0,0.0,0.0,0.0,0.0,0.05,0.43,10.6,0.413,Genova,44.4056,8.9463
2026-02-15T03:00,10.7,64,4.1,6.4,0.0,0.0,0.0,0.0,0.0,3,1001.4,1000.1,82,16,79,0,19.6,357,48.2,0.0,0.0,0.0,0.0,0.0,0.06,0.46,10.2,0.412,Genova,44.4056,8.9463
2026-02-15T04:00,10.3,68,4.8,5.7,0.0,0.0,0.0,0.0,0.0,2,1002.1,1000.8,59,33,40,0,23.2,354,53.6,0.0,0.0,0.0,0.0,0.0,0.05,0.4,10.0,0.411,Genova,44.4056,8.9463
2026-02-15T05:00,9.6,79,6.2,4.8,0.0,0.0,0.0,0.0,0.0,2,1002.6,1001.3,65,59,15,0,26.4,355,60.8,0.0,0.0,0.0,0.0,0.0,0.03,0.25,9.7,0.41,Genova,44.4056,8.9463
2026-02-15T06:00,9.2,77,5.3,3.8,0.0,0.0,0.0,0.0,0.0,1,1003.5,1002.2,25,23,0,2,28.7,355,64.1,0.0,0.0,0.0,0.0,0.0,0.04,0.27,9.4,0.41,Genova,44.4056,8.9463
2026-02-15T07:00,9.0,68,3.4,3.1,0.0,0.0,0.0,0.0,0.0,2,1004.0,1002.7,73,23,0,65,29.9,358,67.3,0.0,0.0,0.0,0.0,0.0,0.06,0.37,9.2,0.409,Genova,44.4056,8.9463
2026-02-15T08:00,9.0,68,3.5,3.3,0.0,0.0,0.0,0.0,0.0,1,1004.8,1003.5,30,21,0,12,28.7,356,69.5,0.0,0.0,0.0,0.0,0.0,0.06,0.36,11.2,0.408,Genova,44.4056,8.9463
2026-02-15T09:00,9.3,56,1.0,2.8,0.0,0.0,0.0,0.0,0.0,0,1005.8,1004.5,14,14,0,1,30.8,356,70.6,12.0,5.0,7.0,79.8,781.81,0.09,0.51,10.4,0.408,Genova,44.4056,8.9463
2026-02-15T10:00,10.5,45,-0.9,4.2,0.0,0.0,0.0,0.0,0.0,0,1006.2,1004.9,13,6,0,8,27.4,353,69.1,135.0,92.0,43.0,534.6,3600.0,0.14,0.7,10.1,0.407,Genova,44.4056,8.9463
2026-02-15T11:00,11.9,41,-0.9,5.6,0.0,0.0,0.0,0.0,0.0,0,1006.6,1005.3,10,8,0,2,27.3,352,60.8,296.0,233.0,63.0,728.2,3600.0,0.21,0.82,10.4,0.406,Genova,44.4056,8.9463
2026-02-15T12:00,13.0,36,-1.6,6.9,0.0,0.0,0.0,0.0,0.0,0,1007.0,1005.7,2,1,0,1,26.0,350,61.6,430.0,353.0,77.0,810.4,3600.0,0.27,0.96,11.0,0.404,Genova,44.4056,8.9463
2026-02-15T13:00,13.7,34,-1.7,7.9,0.0,0.0,0.0,0.0,0.0,0,1007.4,1006.1,5,1,0,5,24.0,346,58.7,526.0,446.0,80.0,872.6,3600.0,0.31,1.03,11.7,0.402,Genova,44.4056,8.9463
2026-02-15T14:00,14.8,30,-2.8,8.7,0.0,0.0,0.0,0.0,0.0,1,1006.4,1005.1,30,0,0,30,25.0,358,56.5,563.0,478.0,85.0,882.9,3600.0,0.35,1.18,12.7,0.401,Genova,44.4056,8.9463
2026-02-15T15:00,15.4,27,-3.3,9.7,0.0,0.0,0.0,0.0,0.0,1,1005.8,1004.5,49,0,0,49,21.6,357,58.7,544.0,459.0,85.0,875.4,3600.0,0.35,1.27,13.1,0.399,Genova,44.4056,8.9463
2026-02-15T16:00,15.9,29,-2.3,11.6,0.0,0.0,0.0,0.0,0.0,2,1005.8,1004.5,75,0,0,75,12.3,335,48.6,465.0,385.0,80.0,834.8,3600.0,0.29,1.29,13.4,0.398,Genova,44.4056,8.9463
2026-02-15T17:00,15.0,33,-1.2,11.6,0.0,0.0,0.0,0.0,0.0,2,1006.1,1004.8,74,0,0,74,7.1,291,29.5,328.0,246.0,82.0,690.6,3600.0,0.19,1.14,13.4,0.397,Genova,44.4056,8.9463
2026-02-15T18:00,12.9,54,3.9,10.6,0.0,0.0,0.0,0.0,0.0,1,1006.3,1005.0,24,0,0,24,5.8,254,18.7,175.0,117.0,58.0,540.3,3600.0,0.09,0.68,12.9,0.397,Genova,44.4056,8.9463
2026-02-15T19:00,10.8,64,4.3,8.6,0.0,0.0,0.0,0.0,0.0,1,1007.1,1005.8,38,0,0,38,5.7,283,13.7,34.0,18.0,16.0,207.0,2868.95,0.02,0.47,11.6,0.397,Genova,44.4056,8.9463
2026-02-15T20:00,10.1,74,5.6,8.9,0.0,0.0,0.0,0.0,0.0,2,1007.6,1006.3,63,0,2,63,0.9,360,13.0,0.0,0.0,0.0,0.0,0.0,0.0,0.32,11.3,0.382,Genova,44.4056,8.9463
2026-02-15T21:00,9.9,77,6.0,8.6,0.0,0.0,0.0,0.0,0.0,3,1007.8,1006.5,98,0,3,98,2.0,85,7.6,0.0,0.0,0.0,0.0,0.0,0.0,0.28,10.2,0.384,Genova,44.4056,8.9463
2026-02-15T22:00,10.2,78,6.6,8.6,0.0,0.0,0.0,0.0,0.0,3,1007.6,1006.3,99,0,37,98,5.3,125,13.7,0.0,0.0,0.0,0.0,0.0,0.0,0.27,9.4,0.386,Genova,44.4056,8.9463
2026-02-15T23:00,10.3,79,6.8,8.7,0.0,0.0,0.0,0.0,0.0,3,1007.9,1006.6,100,0,2,100,5.5,113,14.8,0.0,0.0,0.0,0.0,0.0,0.0,0.27,8.9,0.387,Genova,44.4056,8.9463
2026-02-16T00:00,10.4,80,7.1,8.2,0.0,0.0,0.0,0.0,0.0,3,1007.7,1006.4,100,0,84,100,9.5,111,19.4,0.0,0.0,0.0,0.0,0.0,0.01,0.25,8.8,0.388,Genova,44.4056,8.9463
2026-02-16T01:00,10.3,78,6.7,8.3,0.0,0.0,0.0,0.0,0.0,3,1006.7,1005.4,100,0,13,100,8.0,113,21.6,0.0,0.0,0.0,0.0,0.0,0.01,0.27,9.0,0.389,Genova,44.4056,8.9463
2026-02-16T02:00,9.8,77,6.0,7.5,0.0,0.0,0.0,0.0,0.0,1,1006.5,1005.2,43,0,13,34,8.7,111,22.0,0.0,0.0,0.0,0.0,0.0,0.01,0.27,9.5,0.396,Genova,44.4056,8.9463
2026-02-16T03:00,9.6,72,4.8,7.0,0.0,0.0,0.0,0.0,0.0,1,1006.2,1004.9,40,1,25,18,8.7,97,20.5,0.0,0.0,0.0,0.0,0.0,0.01,0.33,8.8,0.396,Genova,44.4056,8.9463
2026-02-16T04:00,9.5,70,4.4,6.6,0.0,0.0,0.0,0.0,0.0,2,1005.5,1004.2,58,4,3,55,10.8,100,23.8,0.0,0.0,0.0,0.0,0.0,0.02,0.35,8.6,0.396,Genova,44.4056,8.9463
2026-02-16T05:00,9.1,76,5.1,6.7,0.0,0.0,0.0,0.0,0.0,3,1004.8,1003.5,100,1,9,100,8.5,78,23.8,0.0,0.0,0.0,0.0,0.0,0.01,0.28,8.4,0.396,Genova,44.4056,8.9463
2026-02-16T06:00,8.8,80,5.6,7.1,0.0,0.0,0.0,0.0,0.0,3,1004.7,1003.4,82,2,9,81,4.3,62,19.1,0.0,0.0,0.0,0.0,0.0,0.0,0.22,8.1,0.396,Genova,44.4056,8.9463
2026-02-16T07:00,8.7,80,5.5,6.9,0.0,0.0,0.0,0.0,0.0,3,1005.1,1003.8,86,4,28,84,4.3,45,10.8,0.0,0.0,0.0,0.0,0.0,0.0,0.22,7.8,0.396,Genova,44.4056,8.9463
2026-02-16T08:00,8.5,83,5.9,6.9,0.0,0.0,0.0,0.0,0.0,1,1004.0,1002.7,23,8,14,2,4.1,49,11.9,0.0,0.0,0.0,0.0,0.0,0.0,0.18,8.2,0.391,Genova,44.4056,8.9463
2026-02-16T09:00,8.6,82,5.7,6.9,0.0,0.0,0.0,0.0,0.0,0,1004.3,1003.0,13,12,0,1,4.0,27,9.7,13.0,5.0,8.0,76.9,732.09,0.0,0.2,7.9,0.391,Genova,44.4056,8.9463
2026-02-16T10:00,11.0,78,7.3,9.4,0.0,0.0,0.0,0.0,0.0,2,1003.3,1002.0,72,10,9,66,6.2,69,14.0,122.0,71.0,51.0,401.6,3600.0,0.05,0.29,8.5,0.392,Genova,44.4056,8.9463
2026-02-16T11:00,12.4,79,8.8,10.6,0.0,0.0,0.0,0.0,0.0,3,1003.3,1002.0,100,30,40,100,10.0,142,22.7,233.0,128.0,105.0,394.0,3600.0,0.11,0.31,9.6,0.392,Genova,44.4056,8.9463
2026-02-16T12:00,12.6,78,8.9,10.4,0.0,0.0,0.0,0.0,0.0,3,1002.9,1001.6,100,98,11,98,13.1,146,31.0,222.0,31.0,191.0,70.4,310.76,0.12,0.32,10.4,0.392,Genova,44.4056,8.9463
2026-02-16T13:00,12.9,75,8.7,11.0,0.0,0.0,0.0,0.0,0.0,3,1001.7,1000.4,100,38,16,100,11.0,156,32.8,259.0,67.0,192.0,129.8,2093.96,0.14,0.37,11.1,0.391,Genova,44.4056,8.9463
2026-02-16T14:00,13.3,72,8.3,11.4,0.0,0.0,0.0,0.0,0.0,3,1001.2,999.9,85,5,59,62,10.0,147,28.8,356.0,115.0,241.0,210.4,3600.0,0.18,0.43,11.8,0.394,Genova,44.4056,8.9463
2026-02-16T15:00,14.1,64,7.4,12.8,0.0,0.0,0.0,0.0,0.0,3,1000.2,998.9,91,22,27,87,4.2,173,26.3,386.0,196.0,190.0,370.3,3600.0,0.21,0.58,12.4,0.393,Genova,44.4056,8.9463
2026-02-16T16:00,14.1,64,7.4,12.5,0.0,0.0,0.0,0.0,0.0,3,999.3,998.0,84,16,45,66,6.5,272,17.6,325.0,164.0,161.0,351.9,3600.0,0.18,0.58,12.8,0.392,Genova,44.4056,8.9463
2026-02-16T17:00,13.6,60,5.9,10.8,0.0,0.0,0.0,0.0,0.0,3,999.1,997.8,90,2,40,86,12.3,321,31.3,255.0,143.0,112.0,396.2,3600.0,0.15,0.62,12.7,0.392,Genova,44.4056,8.9463
2026-02-16T18:00,12.9,65,6.5,10.7,0.0,0.0,0.0,0.0,0.0,3,998.9,997.6,88,0,77,83,8.7,310,29.5,148.0,66.0,82.0,298.6,3600.0,0.09,0.52,12.4,0.391,Genova,44.4056,8.9463
2026-02-16T19:00,10.7,72,5.9,7.9,0.0,0.0,0.0,0.0,0.0,2,999.5,998.2,66,0,62,38,12.3,339,28.4,30.0,10.0,20.0,112.1,1950.97,0.04,0.36,11.6,0.391,Genova,44.4056,8.9463
2026-02-16T20:00,10.0,82,7.1,7.1,0.0,0.0,0.0,0.0,0.0,0,1000.0,998.7,15,2,13,1,14.4,360,31.0,0.0,0.0,0.0,0.0,0.0,0.01,0.22,12.5,0.391,Genova,44.4056,8.9463
2026-02-16T21:00,9.3,86,7.1,6.3,0.0,0.0,0.0,0.0,0.0,2,1000.2,998.9,60,0,47,28,15.0,354,31.7,0.0,0.0,0.0,0.0,0.0,0.01,0.16,11.3,0.391,Genova,44.4056,8.9463
2026-02-16T22:00,8.5,88,6.6,5.3,0.0,0.0,0.0,0.0,0.0,2,1000.7,999.4,55,1,35,45,15.8,359,36.7,0.0,0.0,0.0,0.0,0.0,0.01,0.13,10.5,0.391,Genova,44.4056,8.9463
2026-02-16T23:00,8.2,82,5.3,4.1,0.0,0.0,0.0,0.0,0.0,2,1000.7,999.4,51,0,26,36,20.0,357,46.4,0.0,0.0,0.0,0.0,0.0,0.02,0.19,9.9,0.391,Genova,44.4056,8.9463
2026-02-17T00:00,8.0,76,4.1,3.6,0.0,0.0,0.0,0.0,0.0,3,1001.0,999.7,89,0,85,85,20.5,357,46.8,0.0,0.0,0.0,0.0,0.0,0.03,0.25,9.5,0.391,Genova,44.4056,8.9463
2026-02-17T01:00,8.2,70,3.1,3.7,0.0,0.0,0.0,0.0,0.0,3,1001.0,999.7,93,0,85,91,20.1,354,46.4,0.0,0.0,0.0,0.0,0.0,0.04,0.32,9.2,0.391,Genova,44.4056,8.9463
2026-02-17T02:00,9.2,70,3.9,5.0,0.0,0.0,0.0,0.0,0.0,2,1001.9,1000.6,59,0,50,20,18.8,345,44.6,0.0,0.0,0.0,0.0,0.0,0.04,0.35,10.9,0.391,Genova,44.4056,8.9463
2026-02-17T03:00,8.2,74,3.8,4.2,0.0,0.0,0.0,0.0,0.0,1,1001.9,1000.6,42,0,37,9,17.3,355,43.2,0.0,0.0,0.0,0.0,0.0,0.03,0.29,10.1,0.39,Genova,44.4056,8.9463
2026-02-17T04:00,7.6,70,2.6,3.3,0.0,0.0,0.0,0.0,0.0,0,1002.3,1001.0,10,0,10,1,18.1,354,41.4,0.0,0.0,0.0,0.0,0.0,0.03,0.31,9.5,0.39,Genova,44.4056,8.9463
2026-02-17T05:00,7.3,70,2.2,2.8,0.0,0.0,0.0,0.0,0.0,0,1002.8,1001.5,5,0,3,2,18.7,353,43.2,0.0,0.0,0.0,0.0,0.0,0.04,0.31,9.0,0.39,Genova,44.4056,8.9463
2026-02-17T06:00,6.8,68,1.3,2.4,0.0,0.0,0.0,0.0,0.0,0,1003.9,1002.6,7,0,6,0,16.9,3,41.0,0.0,0.0,0.0,0.0,0.0,0.03,0.31,8.6,0.39,Genova,44.4056,8.9463
2026-02-17T07:00,6.7,67,1.0,2.3,0.0,0.0,0.0,0.0,0.0,0,1004.6,1003.3,14,0,13,2,16.6,18,37.8,0.0,0.0,0.0,0.0,0.0,0.04,0.33,8.2,0.39,Genova,44.4056,8.9463
2026-02-17T08:00,7.5,72,2.7,3.9,0.0,0.0,0.0,0.0,0.0,0,1004.9,1003.6,5,0,4,0,12.8,11,36.7,0.0,0.0,0.0,0.0,0.0,0.02,0.29,9.9,0.39,Genova,44.4056,8.9463
2026-02-17T09:00,8.5,55,-0.1,4.4,0.0,0.0,0.0,0.0,0.0,0,1006.0,1004.7,9,0,8,1,13.3,358,31.7,16.0,7.0,9.0,103.7,1361.28,0.05,0.5,9.3,0.389,Genova,44.4056,8.9463
2026-02-17T10:00,10.8,39,-2.7,6.1,0.0,0.0,0.0,0.0,0.0,0,1007.0,1005.7,9,0,9,0,14.5,343,35.3,141.0,94.0,47.0,517.6,3600.0,0.12,0.79,9.4,0.389,Genova,44.4056,8.9463
2026-02-17T11:00,12.6,33,-3.2,7.7,0.0,0.0,0.0,0.0,0.0,0,1007.8,1006.5,7,0,6,2,16.1,328,39.2,306.0,239.0,67.0,724.6,3600.0,0.2,0.97,10.1,0.388,Genova,44.4056,8.9463
2026-02-17T12:00,13.8,31,-3.1,9.0,0.0,0.0,0.0,0.0,0.0,0,1008.4,1007.1,3,0,3,0,15.2,331,38.5,442.0,362.0,80.0,812.2,3600.0,0.27,1.09,11.0,0.386,Genova,44.4056,8.9463
2026-02-17T13:00,14.8,28,-3.5,10.0,0.0,0.0,0.0,0.0,0.0,0,1008.6,1007.3,4,0,2,2,15.1,319,40.0,535.0,451.0,84.0,865.1,3600.0,0.32,1.21,12.0,0.385,Genova,44.4056,8.9463
2026-02-17T14:00,15.9,28,-2.6,11.3,0.0,0.0,0.0,0.0,0.0,0,1008.3,1007.0,16,0,16,0,15.7,315,37.1,571.0,485.0,86.0,879.3,3600.0,0.35,1.3,13.2,0.383,Genova,44.4056,8.9463
2026-02-17T15:00,15.4,32,-1.1,11.2,0.0,0.0,0.0,0.0,0.0,0,1008.0,1006.7,3,0,3,0,12.9,321,39.2,534.0,438.0,96.0,819.6,3600.0,0.32,1.19,13.6,0.381,Genova,44.4056,8.9463
2026-02-17T16:00,15.7,30,-1.7,11.7,0.0,0.0,0.0,0.0,0.0,0,1008.0,1006.7,3,0,3,0,11.2,312,33.1,469.0,389.0,80.0,826.0,3600.0,0.28,1.24,13.8,0.38,Genova,44.4056,8.9463
2026-02-17T17:00,15.5,30,-1.8,11.8,0.0,0.0,0.0,0.0,0.0,0,1008.1,1006.8,2,0,2,0,8.9,310,28.4,345.0,273.0,72.0,746.7,3600.0,0.21,1.22,13.8,0.379,Genova,44.4056,8.9463
2026-02-17T18:00,14.2,50,4.0,12.5,0.0,0.0,0.0,0.0,0.0,0,1008.6,1007.3,0,0,0,0,2.1,250,23.0,188.0,135.0,53.0,598.6,3600.0,0.08,0.81,13.3,0.379,Genova,44.4056,8.9463
2026-02-17T19:00,11.4,48,0.8,9.1,0.0,0.0,0.0,0.0,0.0,0,1009.4,1008.1,0,0,0,0,2.0,350,7.2,40.0,22.0,18.0,240.5,3036.99,0.01,0.7,11.8,0.38,Genova,44.4056,8.9463
2026-02-17T20:00,8.6,59,1.0,5.3,0.0,0.0,0.0,0.0,0.0,0,1009.8,1008.5,0,0,0,0,8.6,31,18.0,0.0,0.0,0.0,0.0,0.0,0.03,0.46,12.7,0.38,Genova,44.4056,8.9463
2026-02-17T21:00,7.8,61,0.7,4.7,0.0,0.0,0.0,0.0,0.0,0,1010.4,1009.0,0,0,0,0,7.6,28,20.9,0.0,0.0,0.0,0.0,0.0,0.02,0.42,11.2,0.38,Genova,44.4056,8.9463
2026-02-17T22:00,7.6,56,-0.6,4.3,0.0,0.0,0.0,0.0,0.0,0,1010.8,1009.4,0,0,0,0,7.4,23,19.1,0.0,0.0,0.0,0.0,0.0,0.02,0.46,10.2,0.38,Genova,44.4056,8.9463
2026-02-17T23:00,6.7,56,-1.4,2.7,0.0,0.0,0.0,0.0,0.0,0,1011.1,1009.7,0,0,0,0,11.2,24,24.8,0.0,0.0,0.0,0.0,0.0,0.04,0.43,9.4,0.38,Genova,44.4056,8.9463
2026-02-18T00:00,7.1,48,-3.3,2.2,0.0,0.0,0.0,0.0,0.0,0,1011.4,1010.0,0,0,0,0,16.1,18,31.7,0.0,0.0,0.0,0.0,0.0,0.06,0.53,8.9,0.38,Genova,44.4056,8.9463
2026-02-18T01:00,8.5,38,-5.0,3.1,0.0,0.0,0.0,0.0,0.0,0,1011.6,1010.3,0,0,0,0,18.1,13,35.6,0.0,0.0,0.0,0.0,0.0,0.09,0.69,8.7,0.38,Genova,44.4056,8.9463
2026-02-18T02:00,8.5,41,-4.1,3.3,0.0,0.0,0.0,0.0,0.0,0,1011.8,1010.5,0,0,0,0,17.7,12,41.4,0.0,0.0,0.0,0.0,0.0,0.08,0.66,10.5,0.362,Genova,44.4056,8.9463
2026-02-18T03:00,8.3,44,-3.2,3.3,0.0,0.0,0.0,0.0,0.0,3,1011.8,1010.4,84,0,0,84,16.2,13,35.6,0.0,0.0,0.0,0.0,0.0,0.07,0.61,9.7,0.363,Genova,44.4056,8.9463
2026-02-18T04:00,7.2,50,-2.6,2.3,0.0,0.0,0.0,0.0,0.0,3,1011.7,1010.3,81,0,0,81,16.4,12,34.2,0.0,0.0,0.0,0.0,0.0,0.06,0.51,9.2,0.364,Genova,44.4056,8.9463
2026-02-18T05:00,6.1,56,-2.1,1.8,0.0,0.0,0.0,0.0,0.0,2,1011.4,1010.0,63,0,0,63,13.1,23,33.5,0.0,0.0,0.0,0.0,0.0,0.04,0.42,8.6,0.365,Genova,44.4056,8.9463
2026-02-18T06:00,4.8,63,-1.7,1.2,0.0,0.0,0.0,0.0,0.0,1,1011.6,1010.2,31,0,0,31,8.5,17,27.7,0.0,0.0,0.0,0.0,0.0,0.02,0.32,8.0,0.365,Genova,44.4056,8.9463
2026-02-18T07:00,3.6,69,-1.5,0.3,0.0,0.0,0.0,0.0,0.0,3,1012.0,1010.6,80,0,0,80,6.2,12,20.9,0.0,0.0,0.0,0.0,0.0,0.01,0.24,7.3,0.366,Genova,44.4056,8.9463
2026-02-18T08:00,5.2,62,-1.5,2.3,0.0,0.0,0.0,0.0,0.0,3,1012.2,1010.8,93,0,0,93,3.9,13,18.7,0.0,0.0,0.0,0.0,0.0,0.0,0.34,9.5,0.37,Genova,44.4056,8.9463
2026-02-18T09:00,6.8,63,0.2,3.8,0.0,0.0,0.0,0.0,0.0,3,1012.6,1011.2,98,0,2,98,5.8,16,15.5,13.0,2.0,11.0,28.6,0.0,0.02,0.37,8.8,0.37,Genova,44.4056,8.9463
2026-02-18T10:00,9.7,64,3.3,7.6,0.0,0.0,0.0,0.0,0.0,3,1012.8,1011.5,86,0,4,85,3.8,357,15.5,109.0,33.0,76.0,176.9,3507.79,0.05,0.43,9.0,0.37,Genova,44.4056,8.9463
2026-02-18T11:00,12.8,49,2.3,10.2,0.0,0.0,0.0,0.0,0.0,3,1012.7,1011.4,94,0,45,93,5.7,131,15.5,256.0,136.0,120.0,406.1,3600.0,0.14,0.76,10.0,0.37,Genova,44.4056,8.9463
2026-02-18T12:00,13.3,58,5.3,10.5,0.0,0.0,0.0,0.0,0.0,0,1012.8,1011.5,17,2,16,1,11.4,142,29.2,372.0,217.0,155.0,481.3,3600.0,0.2,0.64,11.0,0.37,Genova,44.4056,8.9463
2026-02-18T13:00,13.9,63,6.9,11.1,0.0,0.0,0.0,0.0,0.0,0,1013.0,1011.7,5,2,0,3,13.9,141,35.6,523.0,435.0,88.0,826.2,3600.0,0.26,0.59,12.0,0.369,Genova,44.4056,8.9463
2026-02-18T14:00,14.0,63,7.1,11.1,0.0,0.0,0.0,0.0,0.0,1,1012.2,1010.9,30,6,0,26,14.8,146,37.4,536.0,428.0,108.0,768.8,3600.0,0.26,0.59,13.1,0.364,Genova,44.4056,8.9463
2026-02-18T15:00,14.0,64,7.3,11.1,0.0,0.0,0.0,0.0,0.0,1,1011.3,1010.0,45,5,1,42,15.0,146,38.2,499.0,377.0,122.0,698.8,3600.0,0.25,0.57,13.4,0.363,Genova,44.4056,8.9463
2026-02-18T16:00,13.6,64,6.9,10.6,0.0,0.0,0.0,0.0,0.0,3,1010.9,1009.6,100,2,1,100,15.1,145,37.4,450.0,360.0,90.0,756.5,3600.0,0.22,0.56,13.4,0.363,Genova,44.4056,8.9463
2026-02-18T17:00,12.8,70,7.5,10.1,0.0,0.0,0.0,0.0,0.0,3,1010.6,1009.3,100,2,0,100,13.6,145,37.1,273.0,132.0,141.0,356.4,3600.0,0.14,0.44,13.1,0.363,Genova,44.4056,8.9463
2026-02-18T18:00,11.8,77,7.8,9.8,0.0,0.0,0.0,0.0,0.0,3,1010.3,1009.0,96,2,1,96,9.4,150,32.4,131.0,30.0,101.0,130.4,2112.6,0.07,0.32,12.6,0.364,Genova,44.4056,8.9463
2026-02-18T19:00,10.1,82,7.2,8.5,0.0,0.0,0.0,0.0,0.0,3,1010.4,1009.1,94,2,1,94,6.0,117,22.0,35.0,10.0,25.0,106.6,1849.98,0.02,0.22,11.5,0.365,Genova,44.4056,8.9463
2026-02-18T20:00,9.5,83,6.7,7.6,0.0,0.0,0.0,0.0,0.0,3,1010.6,1009.3,100,0,2,100,6.9,105,16.9,0.0,0.0,0.0,0.0,0.0,0.0,0.21,12.4,0.365,Genova,44.4056,8.9463
2026-02-18T21:00,10.1,84,7.5,8.0,0.0,0.0,0.0,0.0,0.0,3,1010.8,1009.5,100,30,17,100,9.5,111,21.2,0.0,0.0,0.0,0.0,0.0,0.0,0.2,11.3,0.366,Genova,44.4056,8.9463
2026-02-18T22:00,9.7,90,8.1,7.9,0.2,0.2,0.0,0.0,0.0,51,1010.7,1009.4,100,55,13,100,8.8,116,21.6,0.0,0.0,0.0,0.0,0.0,0.0,0.12,10.6,0.368,Genova,44.4056,8.9463
2026-02-18T23:00,10.0,93,9.0,8.6,0.2,0.2,0.0,0.0,0.0,51,1010.5,1009.2,100,100,4,99,7.8,109,20.5,0.0,0.0,0.0,0.0,0.0,0.0,0.08,10.3,0.37,Genova,44.4056,8.9463
2026-02-19T00:00,10.3,95,9.6,9.0,0.2,0.2,0.0,0.0,0.0,51,1010.1,1008.8,100,100,69,99,8.7,120,19.8,0.0,0.0,0.0,0.0,0.0,0.0,0.06,10.3,0.373,Genova,44.4056,8.9463
2026-02-19T01:00,10.4,99,10.2,9.5,0.2,0.2,0.0,0.0,0.0,51,1009.2,1007.9,100,95,39,100,7.2,162,19.8,0.0,0.0,0.0,0.0,0.0,0.0,0.02,10.3,0.376,Genova,44.4056,8.9463
2026-02-19T02:00,10.3,97,9.9,9.4,0.5,0.5,0.0,0.0,0.0,53,1008.2,1006.9,100,91,66,100,5.5,109,19.4,0.0,0.0,0.0,0.0,0.0,0.0,0.03,11.2,0.374,Genova,44.4056,8.9463
2026-02-19T03:00,10.8,99,10.6,8.9,2.7,2.7,0.0,0.0,0.0,63,1006.9,1005.6,100,100,100,95,14.2,164,33.5,0.0,0.0,0.0,0.0,0.0,0.0,0.01,10.9,0.409,Genova,44.4056,8.9463
2026-02-19T04:00,11.0,98,10.7,7.4,3.0,3.0,0.0,0.0,0.0,63,1005.2,1003.9,100,100,100,0,25.8,140,58.0,0.0,0.0,0.0,0.0,0.0,0.0,0.03,10.8,0.429,Genova,44.4056,8.9463
2026-02-19T05:00,10.3,98,9.9,6.3,4.5,4.5,0.0,0.0,0.0,63,1003.1,1001.8,100,100,100,7,27.4,123,63.0,0.0,0.0,0.0,0.0,0.0,0.0,0.03,10.7,0.43,Genova,44.4056,8.9463
2026-02-19T06:00,10.4,98,10.1,6.0,5.7,5.7,0.0,0.0,0.0,63,1001.6,1000.3,100,100,100,14,30.2,139,64.8,0.0,0.0,0.0,0.0,0.0,0.0,0.03,10.4,0.43,Genova,44.4056,8.9463
2026-02-19T07:00,11.3,96,10.8,9.2,6.1,6.1,0.0,0.0,0.0,63,1000.0,998.7,100,100,100,79,16.4,168,69.1,0.0,0.0,0.0,0.0,0.0,0.0,0.05,10.7,0.426,Genova,44.4056,8.9463
2026-02-19T08:00,9.3,100,9.2,7.7,6.6,6.6,0.0,0.0,0.0,63,999.6,998.3,100,100,100,73,9.4,318,41.0,0.0,0.0,0.0,0.0,0.0,0.0,0.0,9.5,0.409,Genova,44.4056,8.9463
2026-02-19T09:00,4.1,98,3.9,-1.8,4.6,4.3,0.0,0.21,0.0,73,1000.9,999.5,100,100,88,0,30.3,347,65.5,1.0,0.0,1.0,0.0,0.0,0.01,0.01,8.4,0.425,Genova,44.4056,8.9463
2026-02-19T10:00,4.4,96,3.7,-1.2,1.3,1.3,0.0,0.0,0.0,61,1000.6,999.2,100,98,98,52,27.9,348,65.9,37.0,0.0,37.0,0.0,0.0,0.02,0.04,7.5,0.424,Genova,44.4056,8.9463
2026-02-19T11:00,4.5,91,3.1,-0.7,0.7,0.7,0.0,0.0,0.0,53,1001.4,1000.0,100,100,66,13,24.3,340,63.7,74.0,3.0,71.0,8.8,0.0,0.04,0.08,6.9,0.424,Genova,44.4056,8.9463
2026-02-19T12:00,5.7,79,2.3,0.4,0.1,0.1,0.0,0.0,0.0,51,1001.0,999.7,94,83,63,5,24.7,352,60.8,277.0,125.0,152.0,274.1,3600.0,0.1,0.2,7.3,0.422,Genova,44.4056,8.9463
2026-02-19T13:00,6.9,75,2.9,3.0,0.0,0.0,0.0,0.0,0.0,3,1002.0,1000.7,88,78,42,2,15.6,345,57.6,361.0,153.0,208.0,287.7,3600.0,0.14,0.25,8.1,0.42,Genova,44.4056,8.9463
2026-02-19T14:00,8.9,69,3.4,6.6,0.0,0.0,0.0,0.0,0.0,2,1001.6,1000.3,52,6,15,42,5.2,354,38.2,450.0,280.0,170.0,498.3,3600.0,0.2,0.36,8.6,0.421,Genova,44.4056,8.9463
2026-02-19T15:00,11.2,57,3.0,8.9,0.0,0.0,0.0,0.0,0.0,2,1000.7,999.4,78,14,66,62,4.4,38,18.0,505.0,353.0,152.0,648.2,3600.0,0.24,0.57,9.9,0.42,Genova,44.4056,8.9463
2026-02-19T16:00,11.8,62,4.8,10.1,0.0,0.0,0.0,0.0,0.0,2,1000.4,999.1,70,1,21,68,3.2,199,14.0,370.0,189.0,181.0,393.1,3600.0,0.18,0.53,10.6,0.419,Genova,44.4056,8.9463
2026-02-19T17:00,11.2,67,5.2,8.7,0.0,0.0,0.0,0.0,0.0,2,1000.6,999.3,70,0,0,69,8.7,193,22.7,327.0,222.0,105.0,591.9,3600.0,0.15,0.44,10.9,0.418,Genova,44.4056,8.9463
2026-02-19T18:00,9.9,74,5.4,8.1,0.0,0.0,0.0,0.0,0.0,1,1000.6,999.3,21,1,5,20,4.7,180,23.0,179.0,107.0,72.0,456.2,3600.0,0.07,0.32,10.6,0.417,Genova,44.4056,8.9463
2026-02-19T19:00,7.9,83,5.1,6.6,0.0,0.0,0.0,0.0,0.0,1,1000.8,999.5,20,0,1,20,0.4,360,11.2,41.0,20.0,21.0,208.2,3204.56,0.0,0.18,9.6,0.417,Genova,44.4056,8.9463
2026-02-19T20:00,8.2,81,5.1,6.9,0.0,0.0,0.0,0.0,0.0,1,1001.8,1000.5,34,0,1,34,0.7,76,6.8,0.0,0.0,0.0,0.0,0.0,0.0,0.21,8.5,0.416,Genova,44.4056,8.9463
2026-02-19T21:00,8.3,80,5.1,6.5,0.0,0.0,0.0,0.0,0.0,2,1001.8,1000.5,62,0,0,62,4.0,36,8.3,0.0,0.0,0.0,0.0,0.0,0.0,0.22,7.8,0.415,Genova,44.4056,8.9463
2026-02-19T22:00,6.7,86,4.6,4.3,0.0,0.0,0.0,0.0,0.0,3,1002.3,1001.0,96,0,0,96,7.4,23,16.9,0.0,0.0,0.0,0.0,0.0,0.0,0.14,7.5,0.414,Genova,44.4056,8.9463
2026-02-19T23:00,4.9,91,3.5,2.2,0.0,0.0,0.0,0.0,0.0,3,1002.5,1001.1,99,0,5,99,7.7,16,19.8,0.0,0.0,0.0,0.0,0.0,0.0,0.08,7.2,0.413,Genova,44.4056,8.9463
2026-02-20T00:00,5.1,86,3.0,2.5,0.0,0.0,0.0,0.0,0.0,3,1002.6,1001.2,99,1,21,99,6.6,13,19.4,0.0,0.0,0.0,0.0,0.0,0.0,0.12,7.0,0.412,Genova,44.4056,8.9463
2026-02-20T01:00,5.4,86,3.2,1.7,0.0,0.0,0.0,0.0,0.0,3,1002.6,1001.2,91,1,6,91,14.1,11,28.1,0.0,0.0,0.0,0.0,0.0,0.01,0.13,6.9,0.412,Genova,44.4056,8.9463
2026-02-20T02:00,5.7,80,2.5,2.1,0.0,0.0,0.0,0.0,0.0,3,1002.9,1001.5,81,0,6,80,13.2,10,37.8,0.0,0.0,0.0,0.0,0.0,0.01,0.19,7.2,0.411,Genova,44.4056,8.9463
2026-02-20T03:00,7.3,67,1.5,3.1,0.0,0.0,0.0,0.0,0.0,0,1003.4,1002.1,2,0,0,2,15.5,8,32.4,0.0,0.0,0.0,0.0,0.0,0.03,0.34,7.2,0.41,Genova,44.4056,8.9463
2026-02-20T04:00,7.6,69,2.3,3.1,0.0,0.0,0.0,0.0,0.0,1,1004.3,1003.0,23,0,0,23,18.7,2,39.2,0.0,0.0,0.0,0.0,0.0,0.04,0.32,7.2,0.409,Genova,44.4056,8.9463
2026-02-20T05:00,7.9,70,2.7,3.3,0.0,0.0,0.0,0.0,0.0,0,1004.8,1003.5,6,0,0,6,20.0,2,42.5,0.0,0.0,0.0,0.0,0.0,0.04,0.32,7.3,0.409,Genova,44.4056,8.9463
2026-02-20T06:00,8.0,72,3.3,3.4,0.0,0.0,0.0,0.0,0.0,0,1005.8,1004.5,0,0,0,0,20.5,360,44.3,0.0,0.0,0.0,0.0,0.0,0.04,0.3,7.4,0.408,Genova,44.4056,8.9463
2026-02-20T07:00,7.7,73,3.2,3.3,0.0,0.0,0.0,0.0,0.0,0,1006.7,1005.4,2,2,0,0,18.9,357,44.3,0.0,0.0,0.0,0.0,0.0,0.03,0.28,7.4,0.408,Genova,44.4056,8.9463
2026-02-20T08:00,7.5,74,3.1,3.2,0.0,0.0,0.0,0.0,0.0,0,1006.8,1005.5,2,0,2,0,18.3,349,41.8,0.0,0.0,0.0,0.0,0.0,0.03,0.27,8.6,0.407,Genova,44.4056,8.9463
2026-02-20T09:00,8.5,70,3.3,4.3,0.0,0.0,0.0,0.0,0.0,1,1007.8,1006.5,22,0,13,16,18.1,347,43.2,20.0,10.0,10.0,133.3,2214.32,0.04,0.34,8.3,0.407,Genova,44.4056,8.9463
2026-02-20T10:00,11.1,61,3.8,6.8,0.0,0.0,0.0,0.0,0.0,0,1008.5,1007.2,2,0,2,0,19.3,340,43.6,151.0,101.0,50.0,513.9,3600.0,0.1,0.52,8.7,0.406,Genova,44.4056,8.9463
2026-02-20T11:00,14.1,47,3.1,9.5,0.0,0.0,0.0,0.0,0.0,0,1009.3,1008.0,1,0,1,0,20.4,342,49.0,312.0,242.0,70.0,701.1,3600.0,0.2,0.84,9.7,0.405,Genova,44.4056,8.9463
2026-02-20T12:00,15.8,39,1.9,10.8,0.0,0.0,0.0,0.0,0.0,0,1010.5,1009.2,2,0,2,0,22.0,349,52.2,449.0,369.0,80.0,799.9,3600.0,0.29,1.09,10.9,0.403,Genova,44.4056,8.9463
2026-02-20T13:00,16.7,35,1.2,11.7,0.0,0.0,0.0,0.0,0.0,0,1011.6,1010.3,7,0,7,0,20.5,345,52.6,541.0,457.0,84.0,851.0,3600.0,0.34,1.23,12.0,0.401,Genova,44.4056,8.9463
2026-02-20T14:00,17.8,33,1.5,13.4,0.0,0.0,0.0,0.0,0.0,0,1011.4,1010.1,3,0,3,0,17.8,333,53.3,575.0,488.0,87.0,860.5,3600.0,0.37,1.35,13.8,0.401,Genova,44.4056,8.9463
2026-02-20T15:00,18.0,31,0.5,12.9,0.0,0.0,0.0,0.0,0.0,0,1011.6,1010.3,5,0,5,0,20.7,340,49.3,553.0,466.0,87.0,847.8,3600.0,0.38,1.43,14.3,0.399,Genova,44.4056,8.9463
2026-02-20T16:00,17.9,32,0.9,12.5,0.0,0.0,0.0,0.0,0.0,0,1011.9,1010.6,3,2,1,0,23.4,346,55.1,477.0,395.0,82.0,813.1,3600.0,0.35,1.39,14.5,0.397,Genova,44.4056,8.9463
2026-02-20T17:00,17.4,37,2.7,13.0,0.0,0.0,0.0,0.0,0.0,0,1012.5,1011.2,0,0,0,0,18.5,345,55.4,352.0,279.0,73.0,734.6,3600.0,0.26,1.24,14.3,0.396,Genova,44.4056,8.9463
2026-02-20T18:00,16.5,36,1.4,12.4,0.0,0.0,0.0,0.0,0.0,0,1013.2,1011.9,1,1,0,0,15.0,354,43.6,196.0,141.0,55.0,589.8,3600.0,0.18,1.2,14.0,0.395,Genova,44.4056,8.9463
2026-02-20T19:00,13.9,43,1.6,10.5,0.0,0.0,0.0,0.0,0.0,0,1014.6,1013.3,10,1,0,9,10.6,4,37.4,46.0,26.0,20.0,264.4,3288.08,0.08,0.91,13.1,0.395,Genova,44.4056,8.9463
2026-02-20T20:00,12.5,49,2.1,9.2,0.0,0.0,0.0,0.0,0.0,0,1015.5,1014.2,19,0,0,19,10.3,22,27.7,0.0,0.0,0.0,0.0,0.0,0.05,0.74,14.3,0.371,Genova,44.4056,8.9463
2026-02-20T21:00,10.8,57,2.5,7.5,0.0,0.0,0.0,0.0,0.0,1,1016.8,1015.5,30,0,0,30,11.4,21,25.9,0.0,0.0,0.0,0.0,0.0,0.04,0.56,12.8,0.374,Genova,44.4056,8.9463
2026-02-20T22:00,10.5,59,2.7,6.7,0.0,0.0,0.0,0.0,0.0,1,1017.7,1016.4,22,0,0,22,14.3,18,31.3,0.0,0.0,0.0,0.0,0.0,0.05,0.52,11.8,0.376,Genova,44.4056,8.9463
2026-02-20T23:00,9.4,67,3.7,6.8,0.0,0.0,0.0,0.0,0.0,0,1018.7,1017.3,6,0,2,6,7.8,37,30.6,0.0,0.0,0.0,0.0,0.0,0.02,0.39,11.0,0.378,Genova,44.4056,8.9463
2026-02-21T00:00,9.1,73,4.5,7.3,0.0,0.0,0.0,0.0,0.0,1,1019.8,1018.4,27,0,1,27,3.1,28,18.0,0.0,0.0,0.0,0.0,0.0,0.0,0.32,10.3,0.379,Genova,44.4056,8.9463
2026-02-21T01:00,9.9,73,5.2,8.4,0.0,0.0,0.0,0.0,0.0,0,1020.4,1019.0,4,0,2,2,2.0,5,10.8,0.0,0.0,0.0,0.0,0.0,0.0,0.33,9.8,0.381,Genova,44.4056,8.9463
2026-02-21T02:00,7.8,74,3.5,5.4,0.0,0.0,0.0,0.0,0.0,0,1020.7,1019.3,5,0,1,3,6.2,7,11.2,0.0,0.0,0.0,0.0,0.0,0.0,0.27,11.4,0.389,Genova,44.4056,8.9463
2026-02-21T03:00,7.9,73,3.5,5.1,0.0,0.0,0.0,0.0,0.0,0,1021.2,1019.8,0,0,0,0,9.1,9,20.9,0.0,0.0,0.0,0.0,0.0,0.01,0.28,10.5,0.39,Genova,44.4056,8.9463
2026-02-21T04:00,7.4,78,3.9,3.9,0.0,0.0,0.0,0.0,0.0,0,1021.6,1020.2,18,10,0,9,14.2,4,28.8,0.0,0.0,0.0,0.0,0.0,0.02,0.23,9.8,0.39,Genova,44.4056,8.9463
2026-02-21T05:00,7.6,82,4.8,4.1,0.0,0.0,0.0,0.0,0.0,1,1021.5,1020.1,48,20,0,35,15.7,4,31.7,0.0,0.0,0.0,0.0,0.0,0.01,0.18,9.4,0.391,Genova,44.4056,8.9463
2026-02-21T06:00,7.5,80,4.2,3.9,0.0,0.0,0.0,0.0,0.0,1,1021.4,1020.0,20,13,0,9,15.5,9,32.0,0.0,0.0,0.0,0.0,0.0,0.02,0.21,9.0,0.391,Genova,44.4056,8.9463
2026-02-21T07:00,7.0,78,3.4,3.3,0.0,0.0,0.0,0.0,0.0,2,1021.7,1020.3,58,7,0,55,15.0,10,31.7,0.0,0.0,0.0,0.0,0.0,0.02,0.22,8.7,0.391,Genova,44.4056,8.9463
2026-02-21T08:00,6.7,85,4.4,3.0,0.0,0.0,0.0,0.0,0.0,2,1022.5,1021.1,72,45,0,48,15.7,5,32.4,0.0,0.0,0.0,0.0,0.0,0.01,0.14,10.1,0.387,Genova,44.4056,8.9463
2026-02-21T09:00,7.9,83,5.2,4.0,0.0,0.0,0.0,0.0,0.0,2,1023.1,1021.7,76,67,0,26,18.2,5,38.5,21.0,9.0,12.0,116.0,1821.43,0.02,0.18,9.5,0.387,Genova,44.4056,8.9463
2026-02-21T10:00,11.0,67,5.0,7.9,0.0,0.0,0.0,0.0,0.0,2,1023.3,1021.9,70,6,0,68,13.0,5,37.8,151.0,97.0,54.0,481.1,3600.0,0.09,0.44,9.8,0.387,Genova,44.4056,8.9463
2026-02-21T11:00,13.8,57,5.4,11.6,0.0,0.0,0.0,0.0,0.0,1,1023.5,1022.2,22,0,2,21,7.5,349,28.4,313.0,239.0,74.0,682.1,3600.0,0.16,0.68,10.8,0.387,Genova,44.4056,8.9463
2026-02-21T12:00,15.3,54,6.1,13.7,0.0,0.0,0.0,0.0,0.0,1,1023.9,1022.6,45,0,9,40,4.2,288,19.4,444.0,358.0,86.0,767.3,3600.0,0.23,0.79,12.1,0.386,Genova,44.4056,8.9463
2026-02-21T13:00,15.8,53,6.3,14.1,0.0,0.0,0.0,0.0,0.0,1,1024.1,1022.8,43,0,2,42,5.2,250,18.4,529.0,433.0,96.0,798.5,3600.0,0.29,0.84,13.2,0.386,Genova,44.4056,8.9463
2026-02-21T14:00,16.4,53,6.7,14.9,0.0,0.0,0.0,0.0,0.0,1,1023.1,1021.8,31,0,2,30,4.5,241,19.1,563.0,463.0,100.0,808.9,3600.0,0.31,0.88,13.7,0.39,Genova,44.4056,8.9463
2026-02-21T15:00,16.8,54,7.3,15.4,0.0,0.0,0.0,0.0,0.0,1,1022.6,1021.3,20,0,3,16,4.7,203,16.9,544.0,450.0,94.0,811.1,3600.0,0.3,0.89,14.5,0.389,Genova,44.4056,8.9463
2026-02-21T16:00,15.8,67,9.8,14.7,0.0,0.0,0.0,0.0,0.0,1,1022.5,1021.2,37,0,2,35,7.1,187,21.2,471.0,384.0,87.0,782.5,3600.0,0.25,0.59,14.8,0.388,Genova,44.4056,8.9463
2026-02-21T17:00,14.4,78,10.5,13.3,0.0,0.0,0.0,0.0,0.0,0,1023.0,1021.7,19,0,0,19,8.7,184,23.0,348.0,271.0,77.0,704.7,3600.0,0.17,0.37,14.5,0.387,Genova,44.4056,8.9463
2026-02-21T18:00,12.8,83,9.9,12.0,0.0,0.0,0.0,0.0,0.0,1,1023.6,1022.3,30,0,0,30,5.9,153,22.3,194.0,135.0,59.0,554.3,3600.0,0.08,0.26,13.9,0.387,Genova,44.4056,8.9463
2026-02-21T19:00,11.0,90,9.5,10.0,0.0,0.0,0.0,0.0,0.0,0,1023.7,1022.3,2,0,2,2,5.9,59,13.0,47.0,25.0,22.0,248.5,3371.36,0.01,0.13,12.8,0.387,Genova,44.4056,8.9463
2026-02-21T20:00,10.6,90,9.1,9.6,0.0,0.0,0.0,0.0,0.0,1,1023.9,1022.5,35,0,0,35,5.1,45,13.3,0.0,0.0,0.0,0.0,0.0,0.0,0.12,12.5,0.388,Genova,44.4056,8.9463
2026-02-21T21:00,9.6,92,8.4,8.5,0.0,0.0,0.0,0.0,0.0,0,1024.4,1023.0,5,1,0,4,4.5,23,14.0,0.0,0.0,0.0,0.0,0.0,0.0,0.09,11.6,0.388,Genova,44.4056,8.9463
2026-02-21T22:00,9.4,87,7.3,8.3,0.0,0.0,0.0,0.0,0.0,0,1024.5,1023.1,8,2,1,5,3.1,24,14.0,0.0,0.0,0.0,0.0,0.0,0.0,0.16,10.9,0.388,Genova,44.4056,8.9463
2026-02-21T23:00,9.6,78,5.9,8.1,0.0,0.0,0.0,0.0,0.0,0,1024.8,1023.4,2,0,1,1,2.7,23,12.2,0.0,0.0,0.0,0.0,0.0,0.0,0.26,10.3,0.388,Genova,44.4056,8.9463
2026-02-22T00:00,9.8,71,4.8,8.1,0.0,0.0,0.0,0.0,0.0,0,1025.1,1023.7,0,0,0,0,3.4,25,11.9,0.0,0.0,0.0,0.0,0.0,0.0,0.35,9.9,0.388,Genova,44.4056,8.9463
2026-02-22T01:00,9.8,66,3.7,7.6,0.0,0.0,0.0,0.0,0.0,0,1025.1,1023.7,0,0,0,0,4.8,27,14.0,0.0,0.0,0.0,0.0,0.0,0.01,0.41,9.6,0.388,Genova,44.4056,8.9463
2026-02-22T02:00,7.5,72,2.8,5.5,0.0,0.0,0.0,0.0,0.0,0,1024.8,1023.4,5,0,0,5,2.7,23,15.5,0.0,0.0,0.0,0.0,0.0,0.0,0.29,9.5,0.388,Genova,44.4056,8.9463
2026-02-22T03:00,8.1,68,2.6,6.1,0.0,0.0,0.0,0.0,0.0,0,1025.0,1023.6,12,0,0,12,2.0,27,13.7,0.0,0.0,0.0,0.0,0.0,0.0,0.34,9.1,0.388,Genova,44.4056,8.9463
2026-02-22T04:00,8.5,65,2.3,6.4,0.0,0.0,0.0,0.0,0.0,1,1025.1,1023.7,23,0,0,23,2.8,40,11.5,0.0,0.0,0.0,0.0,0.0,0.0,0.39,8.8,0.388,Genova,44.4056,8.9463
2026-02-22T05:00,8.8,62,1.9,6.6,0.0,0.0,0.0,0.0,0.0,1,1024.9,1023.5,29,0,0,29,2.7,37,10.1,0.0,0.0,0.0,0.0,0.0,0.0,0.43,8.4,0.388,Genova,44.4056,8.9463
2026-02-22T06:00,8.6,63,1.9,6.6,0.0,0.0,0.0,0.0,0.0,3,1025.0,1023.6,95,0,0,95,1.7,32,9.7,0.0,0.0,0.0,0.0,0.0,0.0,0.42,8.0,0.388,Genova,44.4056,8.9463
2026-02-22T07:00,9.5,58,1.6,7.1,0.0,0.0,0.0,0.0,0.0,3,1025.5,1024.1,95,0,0,95,3.8,25,9.0,0.0,0.0,0.0,0.0,0.0,0.01,0.5,7.7,0.388,Genova,44.4056,8.9463
2026-02-22T08:00,8.4,64,2.1,6.0,0.0,0.0,0.0,0.0,0.0,3,1025.4,1024.0,88,0,0,88,4.4,32,13.7,0.0,0.0,0.0,0.0,0.0,0.0,0.39,7.9,0.388,Genova,44.4056,8.9463
2026-02-22T09:00,9.5,64,2.9,7.6,0.0,0.0,0.0,0.0,0.0,1,1026.0,1024.6,33,0,0,33,1.9,22,12.2,22.0,5.0,17.0,62.3,421.7,0.01,0.43,7.9,0.388,Genova,44.4056,8.9463
2026-02-22T10:00,11.9,67,6.0,10.6,0.0,0.0,0.0,0.0,0.0,1,1026.6,1025.2,34,0,0,34,1.9,17,7.2,159.0,106.0,53.0,512.7,3600.0,0.06,0.46,8.9,0.387,Genova,44.4056,8.9463
2026-02-22T11:00,13.6,68,7.7,12.3,0.0,0.0,0.0,0.0,0.0,2,1026.8,1025.5,50,0,0,50,4.6,189,15.1,317.0,241.0,76.0,677.6,3600.0,0.15,0.51,10.2,0.387,Genova,44.4056,8.9463
2026-02-22T12:00,13.9,69,8.2,12.2,0.0,0.0,0.0,0.0,0.0,1,1026.9,1025.6,45,1,7,41,8.3,176,24.1,453.0,371.0,82.0,786.2,3600.0,0.22,0.5,11.5,0.386,Genova,44.4056,8.9463
2026-02-22T13:00,14.3,76,10.0,12.8,0.0,0.0,0.0,0.0,0.0,1,1027.2,1025.9,46,27,15,16,9.9,170,28.1,532.0,435.0,97.0,794.4,3600.0,0.25,0.4,12.5,0.385,Genova,44.4056,8.9463
2026-02-22T14:00,13.5,78,9.8,12.2,0.0,0.0,0.0,0.0,0.0,2,1026.7,1025.4,54,48,4,9,9.0,174,31.3,541.0,419.0,122.0,725.4,3600.0,0.25,0.34,13.2,0.4,Genova,44.4056,8.9463
2026-02-22T15:00,13.8,79,10.3,12.5,0.0,0.0,0.0,0.0,0.0,2,1026.0,1024.7,53,30,9,27,9.5,171,27.4,493.0,349.0,144.0,623.3,3600.0,0.23,0.33,13.7,0.397,Genova,44.4056,8.9463
2026-02-22T16:00,13.6,80,10.2,12.1,0.0,0.0,0.0,0.0,0.0,3,1025.3,1024.0,100,56,0,100,11.2,169,29.5,360.0,204.0,156.0,411.6,3600.0,0.17,0.31,13.7,0.396,Genova,44.4056,8.9463
2026-02-22T17:00,13.5,80,10.1,11.6,0.0,0.0,0.0,0.0,0.0,3,1024.9,1023.6,100,77,0,100,13.3,162,32.8,257.0,105.0,152.0,269.7,3600.0,0.13,0.31,13.5,0.395,Genova,44.4056,8.9463
2026-02-22T18:00,12.9,84,10.2,11.0,0.0,0.0,0.0,0.0,0.0,3,1024.5,1023.2,100,89,0,99,13.5,153,33.8,156.0,72.0,84.0,290.2,3600.0,0.08,0.24,13.0,0.394,Genova,44.4056,8.9463
2026-02-22T19:00,11.6,94,10.7,10.4,0.0,0.0,0.0,0.0,0.0,3,1024.4,1023.0,100,95,0,100,9.8,136,33.5,35.0,9.0,26.0,87.5,1313.21,0.02,0.08,12.4,0.394,Genova,44.4056,8.9463
2026-02-22T20:00,11.7,93,10.6,10.8,0.0,0.0,0.0,0.0,0.0,3,1024.8,1023.4,100,79,0,100,7.4,131,22.0,0.0,0.0,0.0,0.0,0.0,0.0,0.09,12.5,0.382,Genova,44.4056,8.9463
2026-02-22T21:00,11.0,94,10.0,10.3,0.0,0.0,0.0,0.0,0.0,3,1024.5,1023.1,100,67,0,99,4.9,129,16.9,0.0,0.0,0.0,0.0,0.0,0.0,0.08,11.6,0.383,Genova,44.4056,8.9463
2026-02-22T22:00,10.9,94,10.0,10.2,0.0,0.0,0.0,0.0,0.0,3,1024.4,1023.0,100,86,0,100,4.5,113,12.6,0.0,0.0,0.0,0.0,0.0,0.0,0.08,11.2,0.383,Genova,44.4056,8.9463
2026-02-22T23:00,10.3,94,9.4,9.5,0.0,0.0,0.0,0.0,0.0,3,1024.2,1022.8,100,87,0,100,4.5,90,11.5,0.0,0.0,0.0,0.0,0.0,0.0,0.07,10.8,0.384,Genova,44.4056,8.9463
2026-02-23T00:00,10.2,93,9.2,9.4,0.0,0.0,0.0,0.0,0.0,3,1023.7,1022.3,100,100,0,100,4.0,85,10.8,0.0,0.0,0.0,0.0,0.0,0.0,0.08,10.5,0.384,Genova,44.4056,8.9463
2026-02-23T01:00,10.2,92,9.0,9.4,0.0,0.0,0.0,0.0,0.0,3,1023.2,1021.8,100,100,0,100,3.5,69,10.1,0.0,0.0,0.0,0.0,0.0,0.0,0.1,10.3,0.385,Genova,44.4056,8.9463
2026-02-23T02:00,10.9,88,9.0,10.1,0.0,0.0,0.0,0.0,0.0,3,1023.1,1021.7,100,100,0,100,3.6,70,10.4,0.0,0.0,0.0,0.0,0.0,0.0,0.16,11.8,0.385,Genova,44.4056,8.9463
2026-02-23T03:00,11.3,90,9.7,10.4,0.0,0.0,0.0,0.0,0.0,3,1022.5,1021.1,100,100,0,100,5.3,72,11.9,0.0,0.0,0.0,0.0,0.0,0.0,0.14,11.4,0.385,Genova,44.4056,8.9463
2026-02-23T04:00,11.4,93,10.3,10.5,0.0,0.0,0.0,0.0,0.0,3,1021.6,1020.3,100,100,1,100,6.4,106,14.4,0.0,0.0,0.0,0.0,0.0,0.0,0.09,11.3,0.385,Genova,44.4056,8.9463
2026-02-23T05:00,11.3,96,10.6,10.6,0.1,0.1,0.0,0.0,0.0,51,1021.0,1019.7,100,100,0,100,5.8,112,14.4,0.0,0.0,0.0,0.0,0.0,0.0,0.06,11.2,0.386,Genova,44.4056,8.9463
2026-02-23T06:00,11.2,96,10.7,10.7,0.0,0.0,0.0,0.0,0.0,3,1020.8,1019.5,100,100,0,100,4.7,97,13.0,0.0,0.0,0.0,0.0,0.0,0.0,0.05,11.1,0.386,Genova,44.4056,8.9463
2026-02-23T07:00,11.4,94,10.4,11.0,0.0,0.0,0.0,0.0,0.0,3,1020.8,1019.5,100,100,0,100,3.4,43,10.4,0.0,0.0,0.0,0.0,0.0,0.0,0.08,11.0,0.386,Genova,44.4056,8.9463
2026-02-23T08:00,11.1,94,10.2,10.8,0.0,0.0,0.0,0.0,0.0,3,1020.7,1019.4,100,100,0,100,2.1,20,7.9,0.0,0.0,0.0,0.0,0.0,0.0,0.08,10.9,0.386,Genova,44.4056,8.9463
2026-02-23T09:00,11.4,93,10.2,11.0,0.0,0.0,0.0,0.0,0.0,3,1020.8,1019.5,100,100,0,100,2.7,23,6.8,11.0,0.0,11.0,0.0,0.0,0.01,0.1,10.9,0.386,Genova,44.4056,8.9463
2026-02-23T10:00,12.3,91,10.8,11.8,0.0,0.0,0.0,0.0,0.0,3,1021.1,1019.8,100,100,0,34,5.0,105,13.3,67.0,12.0,55.0,56.6,0.0,0.04,0.14,11.3,0.386,Genova,44.4056,8.9463
2026-02-23T11:00,12.8,90,11.2,12.2,0.0,0.0,0.0,0.0,0.0,3,1021.1,1019.8,99,97,0,68,6.9,115,18.0,144.0,24.0,120.0,66.5,194.74,0.08,0.15,11.7,0.386,Genova,44.4056,8.9463
2026-02-23T12:00,14.2,80,10.9,12.9,0.0,0.0,0.0,0.0,0.0,3,1020.8,1019.5,100,99,0,67,11.0,138,28.1,299.0,129.0,170.0,270.3,3600.0,0.15,0.32,12.5,0.385,Genova,44.4056,8.9463
2026-02-23T13:00,14.7,77,10.7,13.1,0.0,0.0,0.0,0.0,0.0,2,1020.9,1019.6,66,66,0,1,12.6,147,31.7,368.0,160.0,208.0,289.4,3600.0,0.19,0.39,13.2,0.385,Genova,44.4056,8.9463
2026-02-23T14:00,15.1,75,10.7,13.5,0.0,0.0,0.0,0.0,0.0,2,1020.6,1019.3,59,59,0,0,12.9,157,33.1,404.0,209.0,195.0,358.6,3600.0,0.21,0.43,13.8,0.383,Genova,44.4056,8.9463
2026-02-23T15:00,15.2,75,10.8,13.7,0.0,0.0,0.0,0.0,0.0,2,1020.2,1018.9,64,54,0,23,12.1,152,33.1,435.0,253.0,182.0,447.8,3600.0,0.22,0.44,14.3,0.382,Genova,44.4056,8.9463
2026-02-23T16:00,15.2,76,10.9,13.4,0.0,0.0,0.0,0.0,0.0,3,1019.8,1018.5,93,86,0,52,14.4,154,34.9,392.0,244.0,148.0,487.4,3600.0,0.2,0.42,14.5,0.381,Genova,44.4056,8.9463
2026-02-23T17:00,14.1,86,11.8,12.3,0.1,0.1,0.0,0.0,0.0,51,1019.7,1018.4,76,66,0,30,15.7,156,37.1,278.0,183.0,95.0,464.4,3600.0,0.13,0.22,14.4,0.381,Genova,44.4056,8.9463
2026-02-23T18:00,12.9,96,12.2,11.8,0.2,0.2,0.0,0.0,0.0,51,1019.7,1018.4,95,93,0,17,12.1,160,36.7,128.0,60.0,68.0,237.5,3600.0,0.05,0.07,13.8,0.383,Genova,44.4056,8.9463
2026-02-23T19:00,12.5,99,12.3,11.9,0.1,0.1,0.0,0.0,0.0,51,1019.7,1018.4,98,98,0,34,9.3,152,26.6,18.0,5.0,13.0,47.5,0.0,0.01,0.02,13.2,0.384,Genova,44.4056,8.9463
2026-02-23T20:00,12.8,99,12.6,12.3,0.1,0.1,0.0,0.0,0.0,51,1020.4,1019.1,99,92,0,88,8.8,165,19.4,0.0,0.0,0.0,0.0,0.0,0.0,0.01,13.7,0.384,Genova,44.4056,8.9463
2026-02-23T21:00,12.8,98,12.5,12.7,0.0,0.0,0.0,0.0,0.0,3,1020.3,1019.0,99,96,0,82,6.4,164,18.4,0.0,0.0,0.0,0.0,0.0,0.0,0.03,13.1,0.384,Genova,44.4056,8.9463
2026-02-23T22:00,12.6,97,12.2,12.6,0.0,0.0,0.0,0.0,0.0,3,1020.2,1018.9,99,95,0,86,5.0,161,14.8,0.0,0.0,0.0,0.0,0.0,0.0,0.04,12.8,0.384,Genova,44.4056,8.9463
2026-02-23T23:00,12.4,98,12.1,12.3,0.0,0.0,0.0,0.0,0.0,3,1020.3,1019.0,99,94,0,86,5.0,150,12.2,0.0,0.0,0.0,0.0,0.0,0.0,0.02,12.5,0.385,Genova,44.4056,8.9463
2026-02-24T00:00,12.3,98,12.0,12.1,0.0,0.0,0.0,0.0,0.0,3,1020.1,1018.8,100,96,0,91,5.5,136,13.0,0.0,0.0,0.0,0.0,0.0,0.0,0.02,12.3,0.385,Genova,44.4056,8.9463
2026-02-24T01:00,11.9,99,11.8,11.9,0.0,0.0,0.0,0.0,0.0,3,1020.1,1018.8,100,100,0,100,3.6,108,12.6,0.0,0.0,0.0,0.0,0.0,0.0,0.01,12.1,0.385,Genova,44.4056,8.9463
2026-02-24T02:00,11.4,89,9.6,10.6,0.0,0.0,0.0,0.0,0.0,3,1020.1,1018.8,100,100,0,94,4.5,76,9.4,0.0,0.0,0.0,0.0,0.0,0.0,0.15,12.3,0.395,Genova,44.4056,8.9463
2026-02-24T03:00,11.7,91,10.3,11.1,0.0,0.0,0.0,0.0,0.0,3,1019.7,1018.4,100,100,0,99,4.6,108,10.4,0.0,0.0,0.0,0.0,0.0,0.0,0.12,12.0,0.394,Genova,44.4056,8.9463
2026-02-24T04:00,11.4,93,10.3,10.9,0.0,0.0,0.0,0.0,0.0,3,1019.3,1018.0,100,99,0,84,4.4,99,9.7,0.0,0.0,0.0,0.0,0.0,0.0,0.1,11.7,0.394,Genova,44.4056,8.9463
2026-02-24T05:00,11.0,94,10.2,10.5,0.0,0.0,0.0,0.0,0.0,2,1019.0,1017.7,66,64,0,3,4.0,82,9.4,0.0,0.0,0.0,0.0,0.0,0.0,0.07,11.5,0.393,Genova,44.4056,8.9463
2026-02-24T06:00,10.7,94,9.8,10.1,0.0,0.0,0.0,0.0,0.0,2,1019.0,1017.7,73,53,0,41,3.9,68,8.6,0.0,0.0,0.0,0.0,0.0,0.0,0.08,11.3,0.392,Genova,44.4056,8.9463
2026-02-24T07:00,10.0,94,9.1,9.3,0.0,0.0,0.0,0.0,0.0,3,1019.0,1017.6,90,41,0,83,3.0,38,8.6,0.0,0.0,0.0,0.0,0.0,0.0,0.07,10.9,0.391,Genova,44.4056,8.9463
2026-02-24T08:00,9.8,90,8.2,9.0,0.0,0.0,0.0,0.0,0.0,3,1018.8,1017.4,84,27,0,79,2.3,39,7.6,0.0,0.0,0.0,0.0,0.0,0.0,0.12,11.6,0.401,Genova,44.4056,8.9463
2026-02-24T09:00,10.6,87,8.5,9.6,0.0,0.0,0.0,0.0,0.0,3,1019.1,1017.8,92,77,0,63,3.7,39,7.9,21.0,6.0,15.0,70.2,649.79,0.01,0.16,11.2,0.4,Genova,44.4056,8.9463
2026-02-24T10:00,12.0,86,9.8,11.3,0.0,0.0,0.0,0.0,0.0,3,1019.2,1017.9,92,84,0,49,4.4,125,12.2,111.0,38.0,73.0,175.0,3448.57,0.05,0.2,11.6,0.398,Genova,44.4056,8.9463
2026-02-24T11:00,12.6,87,10.5,11.8,0.0,0.0,0.0,0.0,0.0,3,1019.5,1018.2,96,96,0,1,6.9,147,18.4,191.0,76.0,115.0,207.5,3600.0,0.09,0.19,12.1,0.397,Genova,44.4056,8.9463
2026-02-24T12:00,13.5,83,10.8,12.5,0.0,0.0,0.0,0.0,0.0,3,1019.6,1018.3,98,98,0,5,8.5,155,23.8,287.0,110.0,177.0,227.9,3600.0,0.14,0.26,12.8,0.395,Genova,44.4056,8.9463
2026-02-24T13:00,14.0,82,11.0,13.0,0.0,0.0,0.0,0.0,0.0,3,1019.8,1018.5,98,98,0,20,8.7,156,24.8,367.0,186.0,181.0,333.2,3600.0,0.18,0.29,13.4,0.394,Genova,44.4056,8.9463
2026-02-24T14:00,13.9,83,11.1,13.0,0.0,0.0,0.0,0.0,0.0,3,1019.2,1017.9,85,85,0,0,8.8,165,24.8,416.0,209.0,207.0,355.4,3600.0,0.2,0.27,13.8,0.392,Genova,44.4056,8.9463
2026-02-24T15:00,14.6,79,11.0,13.5,0.0,0.0,0.0,0.0,0.0,1,1018.6,1017.3,28,28,0,0,9.6,166,27.4,476.0,315.0,161.0,552.5,3600.0,0.23,0.35,14.3,0.391,Genova,44.4056,8.9463
2026-02-24T16:00,14.4,79,10.8,13.4,0.0,0.0,0.0,0.0,0.0,1,1018.6,1017.3,29,29,0,0,8.9,156,27.4,423.0,296.0,127.0,585.5,3600.0,0.21,0.35,14.6,0.389,Genova,44.4056,8.9463
2026-02-24T17:00,14.1,79,10.5,13.2,0.0,0.0,0.0,0.0,0.0,1,1018.6,1017.3,27,27,0,0,7.2,158,24.8,323.0,231.0,92.0,579.3,3600.0,0.16,0.34,14.5,0.388,Genova,44.4056,8.9463
2026-02-24T18:00,13.4,82,10.4,12.7,0.0,0.0,0.0,0.0,0.0,1,1018.9,1017.6,27,27,0,0,5.7,167,19.8,194.0,130.0,64.0,505.7,3600.0,0.09,0.27,14.1,0.387,Genova,44.4056,8.9463
2026-02-24T19:00,11.5,92,10.2,11.2,0.0,0.0,0.0,0.0,0.0,2,1019.7,1018.4,56,48,0,14,2.8,135,15.1,53.0,27.0,26.0,251.3,3600.0,0.01,0.11,13.2,0.387,Genova,44.4056,8.9463
2026-02-24T20:00,10.9,92,9.6,10.2,0.0,0.0,0.0,0.0,0.0,0,1019.9,1018.6,15,3,0,13,4.4,99,6.5,0.0,0.0,0.0,0.0,0.0,0.01,0.11,14.4,0.387,Genova,44.4056,8.9463
2026-02-24T21:00,11.5,91,10.0,10.8,0.0,0.0,0.0,0.0,0.0,1,1020.2,1018.9,42,14,0,33,5.1,51,10.4,0.0,0.0,0.0,0.0,0.0,0.0,0.13,13.1,0.386,Genova,44.4056,8.9463
2026-02-24T22:00,10.1,96,9.4,9.1,0.0,0.0,0.0,0.0,0.0,2,1020.5,1019.1,59,51,0,15,5.4,34,15.1,0.0,0.0,0.0,0.0,0.0,0.0,0.05,12.2,0.386,Genova,44.4056,8.9463
2026-02-24T23:00,9.3,94,8.5,8.4,0.0,0.0,0.0,0.0,0.0,1,1021.0,1019.6,22,22,0,0,3.6,18,13.7,0.0,0.0,0.0,0.0,0.0,0.0,0.07,11.5,0.386,Genova,44.4056,8.9463
2026-02-25T00:00,9.6,93,8.5,8.8,0.0,0.0,0.0,0.0,0.0,0,1021.3,1019.9,9,9,0,0,2.3,23,12.2,0.0,0.0,0.0,0.0,0.0,0.0,0.09,10.9,0.386,Genova,44.4056,8.9463
2026-02-25T01:00,9.2,93,8.2,8.3,0.0,0.0,0.0,0.0,0.0,0,1021.4,1020.0,2,2,0,0,2.7,23,11.2,0.0,0.0,0.0,0.0,0.0,0.0,0.08,10.6,0.386,Genova,44.4056,8.9463
2026-02-25T02:00,8.6,94,7.6,6.4,0.0,0.0,0.0,0.0,0.0,0,1021.8,1020.4,11,11,0,0,10.3,19,14.8,0.0,0.0,0.0,0.0,0.0,0.0,0.07,11.7,0.385,Genova,44.4056,8.9463
2026-02-25T03:00,9.4,95,8.7,7.0,0.0,0.0,0.0,0.0,0.0,3,1022.3,1020.9,100,100,0,0,14.4,3,30.2,0.0,0.0,0.0,0.0,0.0,0.0,0.05,11.0,0.385,Genova,44.4056,8.9463
2026-02-25T04:00,9.3,97,8.8,6.4,0.0,0.0,0.0,0.0,0.0,3,1022.5,1021.1,100,100,0,0,17.5,352,36.4,0.0,0.0,0.0,0.0,0.0,0.0,0.04,10.7,0.385,Genova,44.4056,8.9463
2026-02-25T05:00,9.8,91,8.4,6.7,0.0,0.0,0.0,0.0,0.0,3,1022.4,1021.0,100,100,0,0,18.4,352,40.0,0.0,0.0,0.0,0.0,0.0,0.0,0.11,10.5,0.385,Genova,44.4056,8.9463
2026-02-25T06:00,9.5,89,7.7,6.0,0.0,0.0,0.0,0.0,0.0,3,1022.9,1021.5,100,100,0,0,19.9,356,44.3,0.0,0.0,0.0,0.0,0.0,0.01,0.14,10.3,0.385,Genova,44.4056,8.9463
2026-02-25T07:00,9.4,88,7.5,5.8,0.0,0.0,0.0,0.0,0.0,3,1023.1,1021.7,100,100,0,0,20.3,359,46.1,0.0,0.0,0.0,0.0,0.0,0.01,0.14,10.2,0.385,Genova,44.4056,8.9463
2026-02-25T08:00,9.8,92,8.5,6.5,0.0,0.0,0.0,0.0,0.0,3,1023.7,1022.3,100,100,0,0,19.8,358,45.4,0.0,0.0,0.0,0.0,0.0,0.0,0.1,10.7,0.384,Genova,44.4056,8.9463
2026-02-25T09:00,10.3,90,8.7,7.2,0.0,0.0,0.0,0.0,0.0,3,1024.1,1022.7,100,100,0,0,18.7,359,43.6,17.0,3.0,14.0,34.0,0.0,0.02,0.13,10.7,0.384,Genova,44.4056,8.9463
2026-02-25T10:00,11.1,87,9.0,8.5,0.0,0.0,0.0,0.0,0.0,3,1024.7,1023.3,100,100,0,0,16.1,356,43.2,121.0,50.0,71.0,224.7,3600.0,0.06,0.18,10.9,0.383,Genova,44.4056,8.9463
2026-02-25T11:00,12.3,83,9.5,9.9,0.0,0.0,0.0,0.0,0.0,3,1024.9,1023.6,93,93,0,0,15.4,350,37.8,249.0,148.0,101.0,398.2,3600.0,0.11,0.24,11.5,0.383,Genova,44.4056,8.9463
2026-02-25T12:00,13.7,78,9.9,11.6,0.0,0.0,0.0,0.0,0.0,3,1025.0,1023.7,80,80,0,0,14.1,344,36.4,370.0,233.0,137.0,477.5,3600.0,0.18,0.35,12.3,0.382,Genova,44.4056,8.9463
2026-02-25T13:00,14.9,73,10.1,13.1,0.0,0.0,0.0,0.0,0.0,1,1025.1,1023.8,33,33,0,0,12.6,334,34.6,468.0,330.0,138.0,585.5,3600.0,0.24,0.46,13.2,0.381,Genova,44.4056,8.9463
2026-02-25T14:00,14.1,74,9.6,12.2,0.0,0.0,0.0,0.0,0.0,2,1025.1,1023.8,64,64,0,0,12.7,333,32.0,512.0,369.0,143.0,621.8,3600.0,0.25,0.42,14.0,0.386,Genova,44.4056,8.9463
2026-02-25T15:00,14.8,71,9.6,12.7,0.0,0.0,0.0,0.0,0.0,0,1024.7,1023.4,12,12,0,0,13.6,337,33.8,516.0,389.0,127.0,676.2,3600.0,0.26,0.49,14.4,0.384,Genova,44.4056,8.9463
2026-02-25T16:00,15.2,70,9.7,13.3,0.0,0.0,0.0,0.0,0.0,0,1024.3,1023.0,4,4,0,0,13.0,335,33.5,458.0,359.0,99.0,703.2,3600.0,0.23,0.52,14.6,0.383,Genova,44.4056,8.9463
2026-02-25T17:00,14.7,72,9.7,12.8,0.0,0.0,0.0,0.0,0.0,0,1024.3,1023.0,13,13,0,0,12.6,332,31.7,337.0,248.0,89.0,614.6,3600.0,0.17,0.47,14.5,0.382,Genova,44.4056,8.9463
2026-02-25T18:00,13.7,76,9.5,11.8,0.0,0.0,0.0,0.0,0.0,0,1024.7,1023.4,0,0,0,0,11.8,336,29.9,192.0,124.0,68.0,474.0,3600.0,0.1,0.38,14.1,0.381,Genova,44.4056,8.9463
2026-02-25T19:00,11.8,84,9.2,9.7,0.0,0.0,0.0,0.0,0.0,0,1025.2,1023.8,2,2,0,0,13.1,342,27.0,54.0,28.0,26.0,255.2,3600.0,0.03,0.22,13.3,0.381,Genova,44.4056,8.9463
2026-02-25T20:00,10.7,90,9.1,8.2,0.0,0.0,0.0,0.0,0.0,2,1026.1,1024.7,55,55,0,0,15.7,351,32.0,0.0,0.0,0.0,0.0,0.0,0.02,0.13,14.0,0.361,Genova,44.4056,8.9463
2026-02-25T21:00,10.5,91,9.2,7.6,0.0,0.0,0.0,0.0,0.0,3,1026.2,1024.8,100,100,0,0,18.2,358,37.4,0.0,0.0,0.0,0.0,0.0,0.0,0.11,13.0,0.362,Genova,44.4056,8.9463
2026-02-25T22:00,10.5,92,9.2,7.8,0.0,0.0,0.0,0.0,0.0,3,1026.3,1024.9,100,100,0,0,17.3,359,37.4,0.0,0.0,0.0,0.0,0.0,0.0,0.11,12.3,0.363,Genova,44.4056,8.9463
2026-02-25T23:00,9.8,95,9.0,7.2,0.0,0.0,0.0,0.0,0.0,3,1026.5,1025.1,100,100,0,0,16.0,3,34.9,0.0,0.0,0.0,0.0,0.0,0.0,0.06,11.8,0.364,Genova,44.4056,8.9463
2026-02-26T00:00,9.2,96,8.6,6.6,0.0,0.0,0.0,0.0,0.0,3,1026.4,1025.0,85,85,0,0,15.2,4,32.4,0.0,0.0,0.0,0.0,0.0,0.0,0.05,11.3,0.365,Genova,44.4056,8.9463
2026-02-26T01:00,8.9,95,8.2,6.4,0.0,0.0,0.0,0.0,0.0,2,1026.5,1025.1,55,55,0,0,13.6,6,30.2,0.0,0.0,0.0,0.0,0.0,0.0,0.05,10.9,0.365,Genova,44.4056,8.9463
2026-02-26T02:00,8.4,96,7.8,5.9,0.0,0.0,0.0,0.0,0.0,1,1026.7,1025.3,37,37,0,0,13.3,3,27.7,0.0,0.0,0.0,0.0,0.0,0.0,0.04,12.0,0.379,Genova,44.4056,8.9463
2026-02-26T03:00,8.6,94,7.7,6.0,0.0,0.0,0.0,0.0,0.0,1,1026.7,1025.3,43,43,0,0,13.4,4,28.4,0.0,0.0,0.0,0.0,0.0,0.0,0.06,11.3,0.379,Genova,44.4056,8.9463
2026-02-26T04:00,8.1,94,7.2,5.6,0.0,0.0,0.0,0.0,0.0,2,1026.5,1025.1,67,66,0,1,12.5,7,27.0,0.0,0.0,0.0,0.0,0.0,0.0,0.06,10.7,0.379,Genova,44.4056,8.9463
2026-02-26T05:00,7.5,94,6.6,4.9,0.0,0.0,0.0,0.0,0.0,3,1026.4,1025.0,92,92,0,0,11.5,10,25.6,0.0,0.0,0.0,0.0,0.0,0.0,0.06,10.2,0.379,Genova,44.4056,8.9463
2026-02-26T06:00,7.4,90,5.9,4.8,0.0,0.0,0.0,0.0,0.0,0,1026.6,1025.2,2,2,0,0,10.5,12,24.1,0.0,0.0,0.0,0.0,0.0,0.0,0.1,9.7,0.379,Genova,44.4056,8.9463
2026-02-26T07:00,7.3,90,5.7,4.9,0.0,0.0,0.0,0.0,0.0,0,1026.7,1025.3,1,0,0,1,8.8,15,22.7,0.0,0.0,0.0,0.0,0.0,0.0,0.1,9.3,0.379,Genova,44.4056,8.9463
2026-02-26T08:00,6.3,95,5.6,4.0,0.0,0.0,0.0,0.0,0.0,1,1027.1,1025.7,45,0,0,45,8.3,14,20.2,0.0,0.0,0.0,0.0,0.0,0.0,0.05,11.7,0.382,Genova,44.4056,8.9463
2026-02-26T09:00,8.8,90,7.2,6.7,0.0,0.0,0.0,0.0,0.0,0,1027.5,1026.1,9,0,0,9,9.5,9,21.2,34.0,17.0,17.0,187.1,2917.73,0.01,0.11,10.9,0.382,Genova,44.4056,8.9463
2026-02-26T10:00,12.9,80,9.6,11.6,0.0,0.0,0.0,0.0,0.0,0,1028.1,1026.8,1,1,0,0,8.5,358,20.5,176.0,120.0,56.0,526.8,3600.0,0.08,0.29,11.3,0.381,Genova,44.4056,8.9463
2026-02-26T11:00,15.2,73,10.4,15.0,0.0,0.0,0.0,0.0,0.0,0,1028.1,1026.8,2,2,0,0,2.4,318,17.3,336.0,261.0,75.0,692.3,3600.0,0.17,0.47,12.4,0.38,Genova,44.4056,8.9463
2026-02-26T12:00,16.4,70,10.8,15.9,0.0,0.0,0.0,0.0,0.0,0,1028.0,1026.7,3,3,0,0,5.1,197,17.6,466.0,375.0,91.0,760.0,3600.0,0.25,0.56,13.6,0.379,Genova,44.4056,8.9463
2026-02-26T13:00,16.8,70,11.2,16.0,0.0,0.0,0.0,0.0,0.0,0,1028.0,1026.7,5,5,0,0,8.1,192,24.5,551.0,451.0,100.0,792.6,3600.0,0.29,0.58,14.6,0.378,Genova,44.4056,8.9463
2026-02-26T14:00,16.4,72,11.3,15.9,0.0,0.0,0.0,0.0,0.0,0,1027.6,1026.3,2,2,0,0,7.5,197,26.6,571.0,451.0,120.0,753.4,3600.0,0.3,0.53,14.6,0.378,Genova,44.4056,8.9463
2026-02-26T15:00,16.4,73,11.6,15.6,0.0,0.0,0.0,0.0,0.0,0,1027.1,1025.8,0,0,0,0,8.7,187,25.6,530.0,388.0,142.0,668.5,3600.0,0.28,0.5,15.2,0.376,Genova,44.4056,8.9463
2026-02-26T16:00,16.0,75,11.5,15.4,0.0,0.0,0.0,0.0,0.0,0,1026.8,1025.5,0,0,0,0,7.4,193,25.6,478.0,373.0,105.0,723.7,3600.0,0.25,0.46,15.6,0.375,Genova,44.4056,8.9463
2026-02-26T17:00,15.4,76,11.3,15.1,0.0,0.0,0.0,0.0,0.0,0,1026.8,1025.5,1,1,0,0,5.1,197,22.3,361.0,269.0,92.0,659.0,3600.0,0.18,0.42,15.5,0.375,Genova,44.4056,8.9463
2026-02-26T18:00,14.6,79,11.0,14.5,0.0,0.0,0.0,0.0,0.0,0,1026.7,1025.4,1,1,0,0,2.6,192,16.2,209.0,142.0,67.0,533.7,3600.0,0.1,0.35,15.1,0.375,Genova,44.4056,8.9463
2026-02-26T19:00,12.6,89,10.8,12.8,0.0,0.0,0.0,0.0,0.0,0,1026.8,1025.5,0,0,0,0,0.3,315,9.4,58.0,29.0,29.0,259.0,3600.0,0.01,0.16,14.1,0.375,Genova,44.4056,8.9463
2026-02-26T20:00,11.6,88,9.7,11.4,0.0,0.0,0.0,0.0,0.0,0,1026.7,1025.3,0,0,0,0,1.4,23,2.5,0.0,0.0,0.0,0.0,0.0,0.01,0.16,14.6,0.369,Genova,44.4056,8.9463
2026-02-26T21:00,11.7,88,9.8,11.6,0.0,0.0,0.0,0.0,0.0,0,1027.1,1025.7,3,3,0,0,0.9,37,3.2,0.0,0.0,0.0,0.0,0.0,0.0,0.16,13.2,0.37,Genova,44.4056,8.9463
2026-02-26T22:00,11.3,88,9.4,10.9,0.0,0.0,0.0,0.0,0.0,0,1027.4,1026.0,8,8,0,0,1.3,45,3.6,0.0,0.0,0.0,0.0,0.0,0.0,0.16,12.1,0.37,Genova,44.4056,8.9463
2026-02-26T23:00,10.9,88,9.0,10.4,0.0,0.0,0.0,0.0,0.0,0,1027.7,1026.3,2,2,0,0,1.8,37,4.7,0.0,0.0,0.0,0.0,0.0,0.0,0.16,11.3,0.371,Genova,44.4056,8.9463
2026-02-27T00:00,10.5,88,8.6,9.9,0.0,0.0,0.0,0.0,0.0,0,1027.4,1026.0,3,3,0,0,1.7,32,5.0,0.0,0.0,0.0,0.0,0.0,0.0,0.15,10.6,0.371,Genova,44.4056,8.9463
2026-02-27T01:00,10.2,89,8.4,9.6,0.0,0.0,0.0,0.0,0.0,0,1027.5,1026.1,0,0,0,0,1.2,27,4.7,0.0,0.0,0.0,0.0,0.0,0.0,0.14,10.0,0.371,Genova,44.4056,8.9463
2026-02-27T02:00,9.0,93,7.9,7.9,0.0,0.0,0.0,0.0,0.0,0,1027.6,1026.2,0,0,0,0,3.7,29,4.7,0.0,0.0,0.0,0.0,0.0,0.0,0.08,12.9,0.366,Genova,44.4056,8.9463
2026-02-27T03:00,9.8,92,8.5,9.1,0.0,0.0,0.0,0.0,0.0,0,1027.4,1026.0,1,1,0,0,2.2,24,12.2,0.0,0.0,0.0,0.0,0.0,0.0,0.1,11.9,0.366,Genova,44.4056,8.9463
2026-02-27T04:00,10.4,88,8.5,9.7,0.0,0.0,0.0,0.0,0.0,0,1027.0,1025.6,4,4,0,0,2.0,27,9.0,0.0,0.0,0.0,0.0,0.0,0.0,0.15,11.3,0.367,Genova,44.4056,8.9463
2026-02-27T05:00,10.6,86,8.4,9.8,0.0,0.0,0.0,0.0,0.0,0,1026.7,1025.3,18,18,0,0,2.2,24,6.8,0.0,0.0,0.0,0.0,0.0,0.0,0.18,10.7,0.367,Genova,44.4056,8.9463
2026-02-27T06:00,10.3,87,8.2,9.4,0.0,0.0,0.0,0.0,0.0,2,1026.5,1025.1,59,59,0,0,2.4,27,7.6,0.0,0.0,0.0,0.0,0.0,0.0,0.16,10.3,0.368,Genova,44.4056,8.9463
2026-02-27T07:00,10.4,88,8.5,9.7,0.0,0.0,0.0,0.0,0.0,2,1026.6,1025.2,72,72,0,0,1.9,22,7.6,0.0,0.0,0.0,0.0,0.0,0.0,0.15,10.1,0.368,Genova,44.4056,8.9463
2026-02-27T08:00,9.6,94,8.6,8.9,0.0,0.0,0.0,0.0,0.0,1,1026.8,1025.4,30,30,0,0,1.9,22,6.1,0.0,0.0,0.0,0.0,0.0,0.0,0.07,12.3,0.369,Genova,44.4056,8.9463
2026-02-27T09:00,10.2,94,9.3,9.6,0.0,0.0,0.0,0.0,0.0,1,1027.0,1025.6,33,33,0,0,2.8,18,10.1,31.0,11.0,20.0,117.6,2150.63,0.01,0.07,11.7,0.369,Genova,44.4056,8.9463
2026-02-27T10:00,13.0,88,11.1,13.2,0.0,0.0,0.0,0.0,0.0,1,1027.2,1025.9,36,36,0,0,1.3,180,10.1,151.0,76.0,75.0,326.1,3600.0,0.07,0.18,12.1,0.369,Genova,44.4056,8.9463
2026-02-27T11:00,13.9,82,10.8,13.4,0.0,0.0,0.0,0.0,0.0,3,1026.9,1025.6,95,95,0,0,5.1,184,16.2,272.0,152.0,120.0,397.5,3600.0,0.13,0.29,12.8,0.369,Genova,44.4056,8.9463
2026-02-27T12:00,14.6,78,10.8,13.7,0.0,0.0,0.0,0.0,0.0,3,1026.9,1025.6,83,83,0,0,7.6,192,22.3,405.0,265.0,140.0,531.3,3600.0,0.2,0.37,13.6,0.369,Genova,44.4056,8.9463
2026-02-27T13:00,14.8,77,10.9,13.8,0.0,0.0,0.0,0.0,0.0,2,1026.9,1025.6,70,70,0,0,8.6,196,25.6,460.0,286.0,174.0,498.0,3600.0,0.23,0.38,14.3,0.368,Genova,44.4056,8.9463
2026-02-27T14:00,14.1,80,10.6,13.2,0.0,0.0,0.0,0.0,0.0,3,1026.6,1025.3,100,100,0,0,7.6,185,25.6,402.0,209.0,193.0,346.1,3600.0,0.21,0.33,13.5,0.368,Genova,44.4056,8.9463
2026-02-27T15:00,14.2,80,10.8,13.3,0.1,0.1,0.0,0.0,0.0,51,1026.0,1024.7,95,95,0,0,8.3,178,23.8,396.0,217.0,179.0,370.6,3600.0,0.2,0.32,14.0,0.368,Genova,44.4056,8.9463
2026-02-27T16:00,14.2,82,11.2,13.3,0.1,0.1,0.0,0.0,0.0,51,1025.5,1024.2,95,95,0,0,8.6,190,24.8,365.0,186.0,179.0,357.5,3600.0,0.18,0.29,14.2,0.368,Genova,44.4056,8.9463
2026-02-27T17:00,13.9,83,11.1,12.9,0.2,0.2,0.0,0.0,0.0,51,1025.2,1023.9,96,96,0,0,9.6,192,25.2,268.0,146.0,122.0,353.6,3600.0,0.13,0.27,14.1,0.37,Genova,44.4056,8.9463
2026-02-27T18:00,13.3,85,10.9,12.1,0.2,0.2,0.0,0.0,0.0,51,1025.0,1023.7,95,95,0,0,9.7,191,25.6,148.0,67.0,81.0,247.7,3600.0,0.07,0.22,13.7,0.371,Genova,44.4056,8.9463
2026-02-27T19:00,11.9,97,11.5,11.5,0.0,0.0,0.0,0.0,0.0,1,1025.3,1023.9,36,36,0,0,6.2,173,23.4,54.0,24.0,30.0,210.1,3600.0,0.02,0.04,13.1,0.371,Genova,44.4056,8.9463
2026-02-27T20:00,10.8,96,10.2,10.5,0.0,0.0,0.0,0.0,0.0,1,1025.3,1023.9,45,45,0,0,2.4,117,13.3,0.0,0.0,0.0,0.0,0.0,0.01,0.05,13.7,0.371,Genova,44.4056,8.9463
2026-02-27T21:00,10.6,97,10.1,10.4,0.0,0.0,0.0,0.0,0.0,2,1025.6,1024.2,53,53,0,0,2.0,80,6.8,0.0,0.0,0.0,0.0,0.0,0.0,0.04,12.5,0.371,Genova,44.4056,8.9463
2026-02-27T22:00,10.7,96,10.1,10.1,0.0,0.0,0.0,0.0,0.0,3,1025.7,1024.3,80,80,0,0,4.4,52,8.3,0.0,0.0,0.0,0.0,0.0,0.0,0.05,11.9,0.371,Genova,44.4056,8.9463
2026-02-27T23:00,10.0,96,9.4,8.9,0.0,0.0,0.0,0.0,0.0,3,1025.8,1024.4,97,97,0,0,6.7,46,14.0,0.0,0.0,0.0,0.0,0.0,0.0,0.05,11.4,0.372,Genova,44.4056,8.9463
2026-02-28T00:00,8.8,95,8.1,7.7,0.0,0.0,0.0,0.0,0.0,2,1025.3,1023.9,67,67,0,0,4.1,29,14.0,0.0,0.0,0.0,0.0,0.0,0.0,0.05,10.9,0.372,Genova,44.4056,8.9463
2026-02-28T01:00,8.5,94,7.6,7.5,0.0,0.0,0.0,0.0,0.0,1,1025.4,1024.0,48,48,0,0,2.3,29,11.2,0.0,0.0,0.0,0.0,0.0,0.0,0.06,10.4,0.372,Genova,44.4056,8.9463
2026-02-28T02:00,10.2,87,8.2,9.6,0.0,0.0,0.0,0.0,0.0,1,1025.4,1024.0,26,26,0,0,1.3,45,11.2,0.0,0.0,0.0,0.0,0.0,0.0,0.16,12.2,0.371,Genova,44.4056,8.9463
2026-02-28T03:00,10.1,86,7.9,9.5,0.0,0.0,0.0,0.0,0.0,0,1025.2,1023.8,8,8,0,0,0.3,45,2.9,0.0,0.0,0.0,0.0,0.0,0.0,0.17,11.4,0.371,Genova,44.4056,8.9463
2026-02-28T04:00,9.7,86,7.4,8.9,0.0,0.0,0.0,0.0,0.0,1,1024.9,1023.5,34,27,0,9,0.8,27,2.5,0.0,0.0,0.0,0.0,0.0,0.0,0.17,10.7,0.371,Genova,44.4056,8.9463
2026-02-28T05:00,9.1,87,7.0,8.0,0.0,0.0,0.0,0.0,0.0,2,1024.7,1023.3,74,33,0,61,2.1,31,5.4,0.0,0.0,0.0,0.0,0.0,0.0,0.15,10.2,0.371,Genova,44.4056,8.9463
2026-02-28T06:00,9.1,86,6.8,7.9,0.0,0.0,0.0,0.0,0.0,3,1024.7,1023.3,99,62,0,98,2.9,30,8.6,0.0,0.0,0.0,0.0,0.0,0.0,0.17,9.8,0.371,Genova,44.4056,8.9463
2026-02-28T07:00,9.6,86,7.3,8.6,0.0,0.0,0.0,0.0,0.0,3,1024.9,1023.5,97,94,0,43,2.0,27,9.0,0.0,0.0,0.0,0.0,0.0,0.0,0.17,9.8,0.371,Genova,44.4056,8.9463
2026-02-28T08:00,9.3,86,7.0,8.2,0.0,0.0,0.0,0.0,0.0,3,1024.7,1023.3,98,92,2,77,2.3,39,6.8,0.0,0.0,0.0,0.0,0.0,0.0,0.17,11.6,0.371,Genova,44.4056,8.9463
2026-02-28T09:00,11.1,85,8.6,10.1,0.0,0.0,0.0,0.0,0.0,3,1025.0,1023.6,97,97,0,1,3.9,37,8.3,21.0,4.0,17.0,41.5,0.0,0.02,0.2,11.2,0.371,Genova,44.4056,8.9463
2026-02-28T10:00,12.3,84,9.6,11.9,0.0,0.0,0.0,0.0,0.0,2,1025.4,1024.1,71,66,0,17,2.1,105,8.6,108.0,55.0,53.0,230.7,3600.0,0.05,0.23,11.5,0.371,Genova,44.4056,8.9463
2026-02-28T11:00,12.9,82,9.9,12.4,0.0,0.0,0.0,0.0,0.0,1,1025.5,1024.2,41,38,0,6,3.2,183,11.9,167.0,66.0,101.0,170.2,3305.85,0.09,0.27,12.0,0.371,Genova,44.4056,8.9463
2026-02-28T12:00,13.7,76,9.6,12.9,0.0,0.0,0.0,0.0,0.0,1,1025.5,1024.2,34,30,0,5,4.6,206,15.8,252.0,112.0,140.0,222.1,3600.0,0.14,0.37,12.7,0.37,Genova,44.4056,8.9463
2026-02-28T13:00,13.5,77,9.5,12.6,0.0,0.0,0.0,0.0,0.0,2,1025.5,1024.2,59,40,0,33,5.2,205,16.6,187.0,19.0,168.0,32.8,0.0,0.11,0.36,12.9,0.37,Genova,44.4056,8.9463
2026-02-28T14:00,13.4,77,9.4,12.5,0.0,0.0,0.0,0.0,0.0,3,1025.4,1024.1,100,100,0,0,5.2,226,17.6,286.0,66.0,220.0,108.4,1450.61,0.16,0.36,13.7,0.363,Genova,44.4056,8.9463
2026-02-28T15:00,13.3,81,10.1,12.5,0.0,0.0,0.0,0.0,0.0,3,1024.7,1023.4,100,100,0,59,5.7,208,18.0,238.0,38.0,200.0,64.3,130.47,0.13,0.29,13.8,0.363,Genova,44.4056,8.9463
2026-02-28T16:00,13.7,81,10.5,12.8,0.0,0.0,0.0,0.0,0.0,3,1024.3,1023.0,100,94,0,98,6.9,203,20.2,306.0,125.0,181.0,238.0,3600.0,0.16,0.3,14.0,0.363,Genova,44.4056,8.9463
2026-02-28T17:00,13.4,83,10.5,12.7,0.2,0.2,0.0,0.0,0.0,51,1024.2,1022.9,100,98,0,99,5.9,200,20.2,201.0,69.0,132.0,165.3,3157.63,0.11,0.27,13.7,0.365,Genova,44.4056,8.9463
2026-02-28T18:00,12.9,87,10.8,12.6,0.1,0.1,0.0,0.0,0.0,51,1023.9,1022.6,100,100,1,99,3.4,196,16.9,115.0,39.0,76.0,141.8,2455.36,0.06,0.19,13.4,0.366,Genova,44.4056,8.9463
2026-02-28T19:00,11.9,94,10.9,12.0,0.0,0.0,0.0,0.0,0.0,3,1023.9,1022.6,100,99,2,98,1.2,231,10.8,36.0,11.0,25.0,94.5,1280.11,0.02,0.08,12.8,0.366,Genova,44.4056,8.9463
2026-02-28T20:00,11.8,93,10.7,12.0,0.0,0.0,0.0,0.0,0.0,3,1024.2,1022.9,100,100,0,100,0.4,90,2.9,0.0,0.0,0.0,0.0,0.0,0.01,0.1,13.4,0.354,Genova,44.4056,8.9463
2026-02-28T21:00,11.6,94,10.7,11.7,0.0,0.0,0.0,0.0,0.0,3,1024.3,1022.9,100,100,0,88,0.7,14,2.2,0.0,0.0,0.0,0.0,0.0,0.0,0.08,12.7,0.354,Genova,44.4056,8.9463
2026-02-28T22:00,11.5,95,10.7,11.3,0.0,0.0,0.0,0.0,0.0,3,1024.4,1023.0,100,100,0,92,2.8,27,7.2,0.0,0.0,0.0,0.0,0.0,0.0,0.07,12.2,0.355,Genova,44.4056,8.9463
2026-02-28T23:00,11.2,96,10.6,10.9,0.0,0.0,0.0,0.0,0.0,3,1024.7,1023.3,100,100,0,82,3.1,28,8.3,0.0,0.0,0.0,0.0,0.0,0.0,0.05,11.9,0.356,Genova,44.4056,8.9463
2026-03-01T00:00,10.9,96,10.3,10.5,0.0,0.0,0.0,0.0,0.0,3,1024.5,1023.1,100,100,1,96,2.8,18,8.3,0.0,0.0,0.0,0.0,0.0,0.0,0.05,11.6,0.357,Genova,44.4056,8.9463
2026-03-01T01:00,10.5,95,9.8,10.0,0.0,0.0,0.0,0.0,0.0,3,1024.3,1022.9,100,99,13,98,3.5,9,10.1,0.0,0.0,0.0,0.0,0.0,0.0,0.06,11.3,0.357,Genova,44.4056,8.9463
2026-03-01T02:00,10.5,92,9.3,10.0,0.0,0.0,0.0,0.0,0.0,3,1024.6,1023.2,100,73,87,100,1.9,34,10.4,0.0,0.0,0.0,0.0,0.0,0.0,0.1,12.9,0.364,Genova,44.4056,8.9463
2026-03-01T03:00,11.0,92,9.8,10.5,0.0,0.0,0.0,0.0,0.0,3,1024.6,1023.2,100,74,69,100,2.6,25,7.6,0.0,0.0,0.0,0.0,0.0,0.0,0.1,12.2,0.364,Genova,44.4056,8.9463
2026-03-01T04:00,10.1,95,9.3,9.4,0.0,0.0,0.0,0.0,0.0,3,1024.7,1023.3,100,98,3,100,3.7,23,9.7,0.0,0.0,0.0,0.0,0.0,0.0,0.06,11.6,0.364,Genova,44.4056,8.9463
2026-03-01T05:00,9.5,97,9.0,8.4,0.0,0.0,0.0,0.0,0.0,3,1024.4,1023.0,100,100,16,100,5.9,23,14.0,0.0,0.0,0.0,0.0,0.0,0.0,0.04,11.2,0.365,Genova,44.4056,8.9463
2026-03-01T06:00,9.5,96,8.9,8.4,0.0,0.0,0.0,0.0,0.0,3,1024.4,1023.0,100,100,73,100,5.3,12,14.4,0.0,0.0,0.0,0.0,0.0,0.0,0.04,10.8,0.365,Genova,44.4056,8.9463
2026-03-01T07:00,9.4,96,8.8,8.4,0.0,0.0,0.0,0.0,0.0,3,1024.5,1023.1,100,100,90,98,4.7,9,13.0,0.0,0.0,0.0,0.0,0.0,0.0,0.05,10.6,0.365,Genova,44.4056,8.9463
2026-03-01T08:00,10.4,95,9.6,10.1,0.0,0.0,0.0,0.0,0.0,3,1024.7,1023.3,100,100,81,58,1.5,7,12.6,0.0,0.0,0.0,0.0,0.0,0.0,0.06,12.0,0.365,Genova,44.4056,8.9463
2026-03-01T09:00,11.2,95,10.4,11.1,0.1,0.1,0.0,0.0,0.0,51,1025.1,1023.7,100,100,33,92,1.5,7,6.1,22.0,5.0,17.0,50.5,46.7,0.01,0.07,11.6,0.366,Genova,44.4056,8.9463
2026-03-01T10:00,12.5,86,10.2,12.4,0.1,0.1,0.0,0.0,0.0,51,1025.6,1024.3,100,78,20,100,1.1,288,7.2,97.0,29.0,68.0,119.0,1769.02,0.05,0.2,11.8,0.367,Genova,44.4056,8.9463
2026-03-01T11:00,12.7,85,10.2,12.3,0.1,0.1,0.0,0.0,0.0,51,1026.1,1024.8,100,100,58,100,3.1,201,11.5,104.0,3.0,101.0,7.6,0.0,0.07,0.22,12.1,0.367,Genova,44.4056,8.9463
2026-03-01T12:00,12.5,86,10.3,11.9,0.6,0.6,0.0,0.0,0.0,53,1026.3,1025.0,100,37,77,100,4.9,190,15.1,166.0,27.0,139.0,53.0,0.0,0.09,0.2,12.3,0.373,Genova,44.4056,8.9463
2026-03-01T13:00,13.2,80,9.8,12.6,0.3,0.3,0.0,0.0,0.0,51,1026.3,1025.0,100,70,63,100,3.6,186,15.1,229.0,39.0,190.0,66.7,200.06,0.13,0.3,12.6,0.375,Genova,44.4056,8.9463
2026-03-01T14:00,13.9,77,10.0,13.4,0.0,0.0,0.0,0.0,0.0,3,1025.8,1024.5,100,27,66,100,3.7,209,16.2,238.0,31.0,207.0,50.5,0.0,0.14,0.36,13.5,0.38,Genova,44.4056,8.9463
2026-03-01T15:00,13.8,77,9.9,13.1,0.0,0.0,0.0,0.0,0.0,3,1025.5,1024.2,100,100,65,100,4.5,203,16.6,186.0,7.0,179.0,11.8,0.0,0.12,0.36,13.5,0.379,Genova,44.4056,8.9463
2026-03-01T16:00,13.2,81,10.1,12.5,0.0,0.0,0.0,0.0,0.0,3,1025.3,1024.0,100,100,100,100,5.2,192,14.8,109.0,0.0,109.0,0.0,0.0,0.08,0.28,13.4,0.379,Genova,44.4056,8.9463
2026-03-01T17:00,12.7,86,10.3,12.2,0.1,0.1,0.0,0.0,0.0,51,1025.3,1024.0,100,100,100,100,3.7,166,14.8,70.0,0.0,70.0,0.0,0.0,0.05,0.21,13.1,0.378,Genova,44.4056,8.9463
2026-03-01T18:00,12.5,87,10.5,12.2,0.0,0.0,0.0,0.0,0.0,3,1025.0,1023.7,100,100,100,100,3.0,155,10.1,54.0,2.0,52.0,7.2,0.0,0.04,0.18,12.9,0.378,Genova,44.4056,8.9463
2026-03-01T19:00,11.9,92,10.6,11.8,0.0,0.0,0.0,0.0,0.0,3,1025.1,1023.7,100,99,100,83,2.2,189,8.6,29.0,2.0,27.0,16.9,0.0,0.02,0.12,12.5,0.377,Genova,44.4056,8.9463
2026-03-01T20:00,11.2,91,9.8,11.0,0.0,0.0,0.0,0.0,0.0,2,1025.5,1024.1,55,40,25,2,1.2,207,5.8,0.0,0.0,0.0,0.0,0.0,0.01,0.12,12.9,0.371,Genova,44.4056,8.9463
2026-03-01T21:00,10.9,91,9.5,10.7,0.0,0.0,0.0,0.0,0.0,1,1025.8,1024.4,40,27,29,1,0.6,72,5.0,0.0,0.0,0.0,0.0,0.0,0.0,0.12,12.1,0.371,Genova,44.4056,8.9463
2026-03-01T22:00,10.3,92,9.1,9.7,0.0,0.0,0.0,0.0,0.0,1,1026.0,1024.6,32,22,13,0,2.3,39,5.4,0.0,0.0,0.0,0.0,0.0,0.0,0.1,11.4,0.371,Genova,44.4056,8.9463
2026-03-01T23:00,10.1,92,8.8,9.4,0.0,0.0,0.0,0.0,0.0,2,1026.1,1024.7,55,49,14,0,2.6,16,6.1,0.0,0.0,0.0,0.0,0.0,0.0,0.1,10.8,0.371,Genova,44.4056,8.9463
2026-03-02T00:00,9.2,94,8.2,8.0,0.0,0.0,0.0,0.0,0.0,3,1026.1,1024.7,91,90,16,0,4.5,16,11.9,0.0,0.0,0.0,0.0,0.0,0.0,0.07,10.4,0.371,Genova,44.4056,8.9463
2026-03-02T01:00,8.2,97,7.7,7.0,0.0,0.0,0.0,0.0,0.0,3,1026.0,1024.6,95,95,19,0,4.2,12,13.0,0.0,0.0,0.0,0.0,0.0,0.0,0.04,10.1,0.371,Genova,44.4056,8.9463
2026-03-02T02:00,10.0,86,7.8,9.1,0.0,0.0,0.0,0.0,0.0,1,1025.5,1024.1,46,31,33,3,2.1,59,12.6,0.0,0.0,0.0,0.0,0.0,0.0,0.17,11.8,0.375,Genova,44.4056,8.9463
2026-03-02T03:00,10.1,86,7.9,9.4,0.0,0.0,0.0,0.0,0.0,2,1025.5,1024.1,65,52,45,16,1.0,68,5.0,0.0,0.0,0.0,0.0,0.0,0.0,0.17,11.0,0.375,Genova,44.4056,8.9463
2026-03-02T04:00,9.8,86,7.6,9.2,0.0,0.0,0.0,0.0,0.0,2,1025.3,1023.9,75,54,42,6,0.3,45,3.6,0.0,0.0,0.0,0.0,0.0,0.0,0.17,10.5,0.375,Genova,44.4056,8.9463
2026-03-02T05:00,9.0,88,7.2,8.1,0.1,0.1,0.0,0.0,0.0,51,1025.0,1023.6,61,36,41,20,1.6,27,4.0,0.0,0.0,0.0,0.0,0.0,0.0,0.13,10.0,0.375,Genova,44.4056,8.9463
2026-03-02T06:00,8.7,88,6.9,7.8,0.2,0.2,0.0,0.0,0.0,51,1025.1,1023.7,99,97,61,62,0.4,27,4.0,0.0,0.0,0.0,0.0,0.0,0.0,0.13,9.6,0.376,Genova,44.4056,8.9463
2026-03-02T07:00,9.5,89,7.8,8.8,0.2,0.2,0.0,0.0,0.0,51,1025.2,1023.8,100,100,75,91,1.3,106,5.8,0.0,0.0,0.0,0.0,0.0,0.0,0.13,9.5,0.378,Genova,44.4056,8.9463
2026-03-02T08:00,9.8,87,7.7,8.9,0.1,0.1,0.0,0.0,0.0,51,1025.4,1024.0,93,33,23,89,1.8,96,5.4,0.0,0.0,0.0,0.0,0.0,0.0,0.16,10.7,0.382,Genova,44.4056,8.9463
2026-03-02T09:00,10.4,86,8.1,9.4,0.0,0.0,0.0,0.0,0.0,3,1025.5,1024.1,86,38,20,76,3.2,19,5.4,30.0,8.0,22.0,78.6,986.32,0.01,0.18,10.5,0.381,Genova,44.4056,8.9463
2026-03-02T10:00,11.2,88,9.2,10.2,0.0,0.0,0.0,0.0,0.0,2,1025.8,1024.4,66,28,25,44,5.3,342,13.7,119.0,35.0,84.0,140.5,2415.06,0.06,0.16,10.7,0.381,Genova,44.4056,8.9463
2026-03-02T11:00,12.7,78,9.0,12.3,0.0,0.0,0.0,0.0,0.0,1,1025.8,1024.5,41,22,25,5,0.6,162,13.3,238.0,107.0,131.0,268.5,3600.0,0.12,0.32,11.5,0.38,Genova,44.4056,8.9463
2026-03-02T12:00,13.7,73,8.9,12.8,0.0,0.0,0.0,0.0,0.0,1,1026.0,1024.7,38,27,29,4,4.0,180,17.3,358.0,222.0,136.0,431.1,3600.0,0.19,0.43,12.4,0.379,Genova,44.4056,8.9463
2026-03-02T13:00,14.3,70,8.9,13.0,0.0,0.0,0.0,0.0,0.0,1,1025.9,1024.6,32,3,25,7,6.9,205,22.7,421.0,269.0,152.0,455.7,3600.0,0.22,0.48,13.2,0.378,Genova,44.4056,8.9463
2026-03-02T14:00,14.1,70,8.7,12.8,0.0,0.0,0.0,0.0,0.0,1,1025.5,1024.2,46,31,23,8,6.4,191,24.8,475.0,315.0,160.0,508.5,3600.0,0.25,0.48,13.6,0.374,Genova,44.4056,8.9463
2026-03-02T15:00,13.5,75,9.2,12.6,1.7,1.7,0.0,0.0,0.0,61,1025.3,1024.0,38,18,23,0,4.3,182,22.0,472.0,320.0,152.0,532.8,3600.0,0.24,0.38,13.7,0.392,Genova,44.4056,8.9463
2026-03-02T16:00,14.6,66,8.3,13.5,0.0,0.0,0.0,0.0,0.0,0,1024.5,1023.2,18,16,5,0,4.3,156,16.6,421.0,285.0,136.0,532.9,3600.0,0.22,0.56,14.1,0.39,Genova,44.4056,8.9463
2026-03-02T17:00,14.5,67,8.5,13.3,0.0,0.0,0.0,0.0,0.0,0,1024.1,1022.8,9,5,5,0,5.6,207,17.6,363.0,263.0,100.0,616.3,3600.0,0.19,0.54,14.3,0.388,Genova,44.4056,8.9463
2026-03-02T18:00,13.7,73,9.0,12.6,0.0,0.0,0.0,0.0,0.0,0,1024.1,1022.8,2,2,0,0,5.4,222,17.6,228.0,156.0,72.0,549.8,3600.0,0.11,0.42,14.1,0.386,Genova,44.4056,8.9463
2026-03-02T19:00,11.6,86,9.4,11.1,0.0,0.0,0.0,0.0,0.0,0,1024.4,1023.0,1,1,0,0,2.6,214,14.4,72.0,38.0,34.0,314.3,3600.0,0.02,0.19,13.1,0.385,Genova,44.4056,8.9463
2026-03-02T20:00,11.0,83,8.2,10.5,0.0,0.0,0.0,0.0,0.0,0,1024.8,1023.4,2,2,0,0,0.6,18,5.4,1.0,0.0,1.0,0.0,0.0,0.0,0.23,12.9,0.38,Genova,44.4056,8.9463
2026-03-02T21:00,11.1,82,8.2,10.2,0.0,0.0,0.0,0.0,0.0,0,1025.2,1023.8,2,2,0,0,3.4,25,7.6,0.0,0.0,0.0,0.0,0.0,0.0,0.23,11.8,0.379,Genova,44.4056,8.9463
2026-03-02T22:00,9.7,87,7.7,8.4,0.0,0.0,0.0,0.0,0.0,0,1025.6,1024.2,7,6,1,0,5.1,18,13.0,0.0,0.0,0.0,0.0,0.0,0.0,0.15,11.1,0.379,Genova,44.4056,8.9463
2026-03-02T23:00,8.4,92,7.1,6.7,0.0,0.0,0.0,0.0,0.0,0,1025.9,1024.5,1,0,1,0,6.9,15,16.9,0.0,0.0,0.0,0.0,0.0,0.0,0.09,10.6,0.378,Genova,44.4056,8.9463
2026-03-03T00:00,7.1,94,6.2,5.1,0.0,0.0,0.0,0.0,0.0,0,1025.9,1024.5,1,0,1,0,7.6,15,19.1,0.0,0.0,0.0,0.0,0.0,0.0,0.06,10.1,0.378,Genova,44.4056,8.9463
2026-03-03T01:00,6.5,93,5.5,4.1,0.0,0.0,0.0,0.0,0.0,0,1026.1,1024.7,5,0,0,5,8.6,16,20.5,0.0,0.0,0.0,0.0,0.0,0.0,0.06,9.6,0.377,Genova,44.4056,8.9463
2026-03-03T02:00,6.9,93,5.8,5.1,0.0,0.0,0.0,0.0,0.0,0,1026.1,1024.7,9,7,2,0,5.0,19,23.8,0.0,0.0,0.0,0.0,0.0,0.0,0.07,12.5,0.378,Genova,44.4056,8.9463
2026-03-03T03:00,7.7,92,6.4,5.4,0.0,0.0,0.0,0.0,0.0,0,1026.2,1024.8,13,11,2,0,9.1,15,19.8,0.0,0.0,0.0,0.0,0.0,0.0,0.09,11.4,0.377,Genova,44.4056,8.9463
2026-03-03T04:00,8.3,90,6.7,5.6,0.0,0.0,0.0,0.0,0.0,0,1026.2,1024.8,16,8,1,9,12.8,10,25.2,0.0,0.0,0.0,0.0,0.0,0.0,0.11,10.7,0.377,Genova,44.4056,8.9463
2026-03-03T05:00,8.7,89,7.0,5.5,0.0,0.0,0.0,0.0,0.0,1,1026.3,1024.9,26,24,1,2,16.2,9,31.3,0.0,0.0,0.0,0.0,0.0,0.0,0.12,10.3,0.377,Genova,44.4056,8.9463
2026-03-03T06:00,8.6,87,6.6,5.3,0.0,0.0,0.0,0.0,0.0,0,1026.4,1025.0,5,4,2,0,16.6,9,33.1,0.0,0.0,0.0,0.0,0.0,0.01,0.14,10.1,0.376,Genova,44.4056,8.9463
2026-03-03T07:00,8.5,88,6.6,5.2,0.0,0.0,0.0,0.0,0.0,0,1026.6,1025.2,7,5,2,0,16.4,4,32.8,0.0,0.0,0.0,0.0,0.0,0.01,0.13,9.9,0.376,Genova,44.4056,8.9463
2026-03-03T08:00,8.6,92,7.3,5.7,0.0,0.0,0.0,0.0,0.0,2,1027.1,1025.7,63,63,1,0,15.5,359,32.8,0.0,0.0,0.0,0.0,0.0,0.0,0.09,11.1,0.376,Genova,44.4056,8.9463
2026-03-03T09:00,9.6,90,8.1,6.6,0.0,0.0,0.0,0.0,0.0,3,1027.3,1025.9,100,100,0,0,17.3,358,36.4,39.0,15.0,24.0,143.6,3245.23,0.02,0.12,10.8,0.375,Genova,44.4056,8.9463
2026-03-03T10:00,11.6,84,8.9,9.2,0.0,0.0,0.0,0.0,0.0,3,1027.5,1026.1,84,84,2,0,14.5,355,35.6,170.0,92.0,78.0,361.6,3600.0,0.08,0.23,11.1,0.375,Genova,44.4056,8.9463
2026-03-03T11:00,13.8,73,9.0,12.0,0.0,0.0,0.0,0.0,0.0,1,1027.7,1026.4,27,26,2,0,10.0,351,32.8,323.0,210.0,113.0,519.9,3600.0,0.16,0.43,11.9,0.374,Genova,44.4056,8.9463
2026-03-03T12:00,14.7,69,9.0,13.5,0.0,0.0,0.0,0.0,0.0,2,1027.7,1026.4,52,23,20,26,6.7,329,25.6,408.0,273.0,135.0,524.7,3600.0,0.22,0.53,12.8,0.373,Genova,44.4056,8.9463
2026-03-03T13:00,15.2,66,8.8,14.1,0.1,0.1,0.0,0.0,0.0,51,1027.7,1026.4,84,45,45,67,5.2,311,20.2,477.0,341.0,136.0,572.6,3600.0,0.26,0.59,13.8,0.373,Genova,44.4056,8.9463
2026-03-03T14:00,15.5,63,8.6,14.4,0.0,0.0,0.0,0.0,0.0,1,1027.3,1026.0,49,20,35,7,5.1,306,18.0,489.0,318.0,171.0,509.1,3600.0,0.27,0.64,13.9,0.368,Genova,44.4056,8.9463
2026-03-03T15:00,15.7,64,8.9,14.4,0.0,0.0,0.0,0.0,0.0,2,1026.6,1025.3,53,13,46,5,7.0,314,20.5,496.0,326.0,170.0,538.4,3600.0,0.27,0.64,14.6,0.367,Genova,44.4056,8.9463
2026-03-03T16:00,15.8,63,8.8,14.4,0.0,0.0,0.0,0.0,0.0,2,1026.2,1024.9,52,11,34,20,7.1,311,21.2,464.0,332.0,132.0,615.2,3600.0,0.25,0.66,14.9,0.366,Genova,44.4056,8.9463
2026-03-03T17:00,15.5,65,8.8,14.3,0.0,0.0,0.0,0.0,0.0,3,1026.0,1024.7,95,11,21,93,5.8,321,20.9,330.0,210.0,120.0,486.8,3600.0,0.18,0.62,14.9,0.365,Genova,44.4056,8.9463
2026-03-03T18:00,14.8,68,9.0,13.5,0.0,0.0,0.0,0.0,0.0,2,1025.9,1024.6,53,3,9,48,6.6,323,16.6,214.0,131.0,83.0,454.7,3600.0,0.11,0.53,14.7,0.365,Genova,44.4056,8.9463
2026-03-03T19:00,13.0,76,8.9,11.5,0.0,0.0,0.0,0.0,0.0,3,1026.2,1024.9,84,5,0,83,8.2,331,18.4,72.0,32.0,40.0,260.0,3600.0,0.04,0.36,13.8,0.365,Genova,44.4056,8.9463
2026-03-03T20:00,11.7,82,8.8,9.6,0.0,0.0,0.0,0.0,0.0,2,1026.2,1024.8,57,8,0,53,12.1,356,24.1,1.0,0.0,1.0,0.0,0.0,0.02,0.24,14.3,0.365,Genova,44.4056,8.9463
2026-03-03T21:00,10.7,87,8.5,8.5,0.0,0.0,0.0,0.0,0.0,1,1026.8,1025.4,33,5,0,29,12.1,11,25.9,0.0,0.0,0.0,0.0,0.0,0.0,0.17,13.2,0.365,Genova,44.4056,8.9463
2026-03-03T22:00,10.0,86,7.8,7.5,0.0,0.0,0.0,0.0,0.0,1,1027.1,1025.7,31,2,1,30,12.7,18,26.3,0.0,0.0,0.0,0.0,0.0,0.0,0.17,12.4,0.365,Genova,44.4056,8.9463
2026-03-03T23:00,9.7,85,7.3,7.3,0.0,0.0,0.0,0.0,0.0,0,1027.3,1025.9,10,2,1,8,11.7,15,25.9,0.0,0.0,0.0,0.0,0.0,0.0,0.18,11.7,0.365,Genova,44.4056,8.9463
2026-03-04T00:00,9.5,86,7.2,6.9,0.0,0.0,0.0,0.0,0.0,0,1027.2,1025.8,17,1,1,17,12.7,7,26.3,0.0,0.0,0.0,0.0,0.0,0.01,0.17,11.3,0.365,Genova,44.4056,8.9463
2026-03-04T01:00,9.2,87,7.1,6.3,0.0,0.0,0.0,0.0,0.0,0,1027.3,1025.9,4,0,2,4,14.9,7,29.5,0.0,0.0,0.0,0.0,0.0,0.01,0.15,10.9,0.365,Genova,44.4056,8.9463
2026-03-04T02:00,9.3,87,7.3,6.2,0.0,0.0,0.0,0.0,0.0,1,1027.1,1025.7,27,0,18,24,16.0,3,32.8,0.0,0.0,0.0,0.0,0.0,0.01,0.15,12.9,0.365,Genova,44.4056,8.9463
2026-03-04T03:00,9.8,86,7.6,6.5,0.0,0.0,0.0,0.0,0.0,0,1026.8,1025.4,13,0,0,13,18.2,2,37.4,0.0,0.0,0.0,0.0,0.0,0.01,0.17,12.0,0.365,Genova,44.4056,8.9463
2026-03-04T04:00,9.4,89,7.6,6.0,0.0,0.0,0.0,0.0,0.0,2,1026.7,1025.3,53,0,0,53,19.3,359,40.0,0.0,0.0,0.0,0.0,0.0,0.01,0.14,11.4,0.365,Genova,44.4056,8.9463
2026-03-04T05:00,9.1,89,7.4,5.6,0.0,0.0,0.0,0.0,0.0,3,1026.2,1024.8,99,0,0,99,19.4,1,41.0,0.0,0.0,0.0,0.0,0.0,0.01,0.13,11.0,0.365,Genova,44.4056,8.9463
2026-03-04T06:00,9.0,87,6.9,5.4,0.0,0.0,0.0,0.0,0.0,3,1026.1,1024.7,100,0,1,100,18.8,3,40.3,0.0,0.0,0.0,0.0,0.0,0.01,0.15,10.6,0.365,Genova,44.4056,8.9463
2026-03-04T07:00,8.7,86,6.4,5.1,0.0,0.0,0.0,0.0,0.0,3,1026.1,1024.7,100,5,1,100,18.6,4,38.9,0.0,0.0,0.0,0.0,0.0,0.01,0.16,10.4,0.365,Genova,44.4056,8.9463
2026-03-04T08:00,8.6,88,6.8,5.0,0.0,0.0,0.0,0.0,0.0,3,1026.3,1024.9,100,25,1,100,18.8,3,38.9,0.0,0.0,0.0,0.0,0.0,0.01,0.13,11.7,0.365,Genova,44.4056,8.9463
2026-03-04T09:00,9.6,83,6.9,6.0,0.0,0.0,0.0,0.0,0.0,3,1026.5,1025.1,100,10,1,100,19.7,4,40.7,46.0,17.0,29.0,158.6,3529.09,0.03,0.2,11.2,0.365,Genova,44.4056,8.9463
2026-03-04T10:00,12.0,74,7.6,8.8,0.0,0.0,0.0,0.0,0.0,3,1026.7,1025.3,100,18,0,100,17.7,356,38.2,179.0,91.0,88.0,350.2,3600.0,0.1,0.36,11.5,0.365,Genova,44.4056,8.9463
2026-03-04T11:00,14.2,65,7.7,11.7,0.0,0.0,0.0,0.0,0.0,3,1027.0,1025.7,100,16,5,100,12.8,351,36.7,331.0,211.0,120.0,515.4,3600.0,0.18,0.57,12.2,0.364,Genova,44.4056,8.9463
2026-03-04T12:00,15.6,60,7.9,13.8,0.0,0.0,0.0,0.0,0.0,3,1027.1,1025.8,98,62,9,94,9.0,334,30.6,434.0,273.0,161.0,519.3,3600.0,0.24,0.71,13.3,0.363,Genova,44.4056,8.9463
2026-03-04T13:00,16.2,58,8.1,14.7,0.0,0.0,0.0,0.0,0.0,1,1026.8,1025.5,34,21,10,15,6.9,319,23.8,475.0,283.0,192.0,471.0,3600.0,0.27,0.77,14.2,0.362,Genova,44.4056,8.9463
2026-03-04T14:00,16.8,56,7.9,15.4,0.0,0.0,0.0,0.0,0.0,1,1026.3,1025.0,25,24,9,0,7.0,339,22.7,578.0,441.0,137.0,700.2,3600.0,0.33,0.84,14.8,0.361,Genova,44.4056,8.9463
2026-03-04T15:00,16.9,57,8.2,15.0,0.0,0.0,0.0,0.0,0.0,1,1025.8,1024.5,27,27,0,0,9.5,333,25.2,531.0,364.0,167.0,596.2,3600.0,0.3,0.84,15.4,0.359,Genova,44.4056,8.9463
2026-03-04T16:00,16.7,58,8.4,14.8,0.0,0.0,0.0,0.0,0.0,1,1025.3,1024.0,34,34,1,0,10.1,333,27.0,478.0,339.0,139.0,622.7,3600.0,0.27,0.79,15.7,0.358,Genova,44.4056,8.9463
2026-03-04T17:00,16.0,62,8.7,14.3,0.0,0.0,0.0,0.0,0.0,2,1025.2,1023.9,59,58,5,1,9.3,328,26.6,354.0,242.0,112.0,555.2,3600.0,0.2,0.69,15.6,0.357,Genova,44.4056,8.9463
2026-03-04T18:00,15.4,64,8.5,13.6,0.0,0.0,0.0,0.0,0.0,2,1024.9,1023.6,55,52,5,0,9.3,324,24.5,215.0,132.0,83.0,451.3,3600.0,0.13,0.63,15.3,0.357,Genova,44.4056,8.9463
2026-03-04T19:00,13.8,71,8.6,12.5,0.0,0.0,0.0,0.0,0.0,1,1025.1,1023.8,20,17,2,2,6.4,338,22.3,70.0,32.0,38.0,255.4,3600.0,0.04,0.46,14.5,0.357,Genova,44.4056,8.9463
2026-03-04T20:00,12.2,75,7.9,10.0,0.0,0.0,0.0,0.0,0.0,0,1025.4,1024.1,15,4,1,11,11.2,1,16.2,1.0,0.0,1.0,0.0,0.0,0.03,0.35,14.4,0.357,Genova,44.4056,8.9463
2026-03-04T21:00,10.9,81,7.7,8.5,0.0,0.0,0.0,0.0,0.0,0,1026.0,1024.6,5,0,0,5,12.5,12,25.6,0.0,0.0,0.0,0.0,0.0,0.01,0.25,13.3,0.357,Genova,44.4056,8.9463
2026-03-04T22:00,10.3,84,7.6,7.9,0.0,0.0,0.0,0.0,0.0,0,1026.3,1024.9,5,5,0,0,11.9,14,25.9,0.0,0.0,0.0,0.0,0.0,0.01,0.21,12.6,0.358,Genova,44.4056,8.9463
2026-03-04T23:00,9.7,86,7.4,7.4,0.0,0.0,0.0,0.0,0.0,0,1026.6,1025.2,7,7,0,0,11.4,12,24.8,0.0,0.0,0.0,0.0,0.0,0.0,0.17,12.0,0.358,Genova,44.4056,8.9463
2026-03-05T00:00,9.0,87,7.0,6.6,0.0,0.0,0.0,0.0,0.0,0,1026.2,1024.8,1,1,0,0,11.4,11,24.1,0.0,0.0,0.0,0.0,0.0,0.0,0.15,11.4,0.358,Genova,44.4056,8.9463
2026-03-05T01:00,9.0,86,6.7,6.2,0.0,0.0,0.0,0.0,0.0,0,1025.9,1024.5,5,5,2,0,13.9,10,27.7,0.0,0.0,0.0,0.0,0.0,0.01,0.17,11.0,0.358,Genova,44.4056,8.9463
2026-03-05T02:00,9.7,84,7.2,6.8,0.0,0.0,0.0,0.0,0.0,0,1026.0,1024.6,1,1,0,0,14.8,6,30.6,0.0,0.0,0.0,0.0,0.0,0.01,0.19,12.9,0.359,Genova,44.4056,8.9463
2026-03-05T03:00,10.1,83,7.3,7.2,0.0,0.0,0.0,0.0,0.0,0,1025.7,1024.3,9,2,2,5,15.5,5,32.4,0.0,0.0,0.0,0.0,0.0,0.01,0.21,12.1,0.359,Genova,44.4056,8.9463
2026-03-05T04:00,9.9,83,7.2,6.8,0.0,0.0,0.0,0.0,0.0,1,1025.2,1023.8,23,1,1,23,16.6,3,34.9,0.0,0.0,0.0,0.0,0.0,0.01,0.2,11.6,0.359,Genova,44.4056,8.9463
2026-03-05T05:00,9.3,86,7.1,5.9,0.0,0.0,0.0,0.0,0.0,1,1025.1,1023.7,24,10,9,15,18.0,1,37.4,0.0,0.0,0.0,0.0,0.0,0.01,0.16,11.2,0.359,Genova,44.4056,8.9463
2026-03-05T06:00,9.1,87,7.0,5.4,0.0,0.0,0.0,0.0,0.0,2,1025.2,1023.8,59,1,1,58,19.6,1,40.7,0.0,0.0,0.0,0.0,0.0,0.01,0.15,10.9,0.359,Genova,44.4056,8.9463
2026-03-05T07:00,8.9,87,6.9,5.3,0.0,0.0,0.0,0.0,0.0,3,1025.2,1023.8,96,3,0,96,19.3,1,40.7,0.0,0.0,0.0,0.0,0.0,0.01,0.15,10.6,0.36,Genova,44.4056,8.9463
2026-03-05T08:00,8.5,89,6.9,4.9,0.0,0.0,0.0,0.0,0.0,2,1025.1,1023.7,73,32,0,61,19.3,3,41.0,0.0,0.0,0.0,0.0,0.0,0.02,0.12,11.9,0.36,Genova,44.4056,8.9463
2026-03-05T09:00,9.6,85,7.2,5.9,0.0,0.0,0.0,0.0,0.0,3,1025.1,1023.7,98,10,0,98,20.9,0,43.6,49.0,19.0,30.0,172.7,3600.0,0.03,0.18,11.4,0.36,Genova,44.4056,8.9463
2026-03-05T10:00,11.8,79,8.3,8.7,0.0,0.0,0.0,0.0,0.0,3,1025.4,1024.0,98,15,0,98,18.1,351,40.7,176.0,86.0,90.0,324.2,3600.0,0.09,0.29,11.7,0.359,Genova,44.4056,8.9463
2026-03-05T11:00,13.4,74,8.8,10.6,0.0,0.0,0.0,0.0,0.0,3,1025.5,1024.2,98,17,0,98,16.5,347,38.9,327.0,211.0,116.0,508.6,3600.0,0.16,0.4,12.3,0.359,Genova,44.4056,8.9463
2026-03-05T12:00,14.6,68,8.9,11.9,0.0,0.0,0.0,0.0,0.0,3,1025.5,1024.2,99,13,0,99,16.3,343,39.2,466.0,337.0,129.0,634.5,3600.0,0.23,0.53,13.2,0.358,Genova,44.4056,8.9463
2026-03-05T13:00,15.0,67,8.9,12.0,0.0,0.0,0.0,0.0,0.0,3,1025.4,1024.1,100,16,18,100,19.3,339,46.1,562.0,418.0,144.0,689.6,3600.0,0.28,0.57,13.9,0.357,Genova,44.4056,8.9463
2026-03-05T14:00,14.5,66,8.3,10.8,0.0,0.0,0.0,0.0,0.0,3,1024.7,1023.4,98,6,0,98,21.8,334,50.8,508.0,313.0,195.0,492.9,3600.0,0.25,0.56,14.7,0.356,Genova,44.4056,8.9463
2026-03-05T15:00,15.6,62,8.3,11.8,0.0,0.0,0.0,0.0,0.0,3,1023.9,1022.6,98,6,2,98,22.8,335,52.9,547.0,377.0,170.0,612.5,3600.0,0.29,0.68,15.0,0.354,Genova,44.4056,8.9463
2026-03-05T16:00,14.6,66,8.4,10.6,0.0,0.0,0.0,0.0,0.0,3,1023.5,1022.2,100,13,0,100,24.9,341,56.5,467.0,321.0,146.0,584.5,3600.0,0.24,0.56,15.0,0.353,Genova,44.4056,8.9463
2026-03-05T17:00,14.4,66,8.1,10.5,0.0,0.0,0.0,0.0,0.0,3,1023.1,1021.8,100,2,10,100,23.8,346,56.9,337.0,198.0,139.0,449.5,3600.0,0.19,0.56,14.8,0.353,Genova,44.4056,8.9463
2026-03-05T18:00,13.8,68,8.0,10.0,0.0,0.0,0.0,0.0,0.0,3,1022.9,1021.6,95,3,0,95,22.3,346,54.0,207.0,105.0,102.0,353.7,3600.0,0.13,0.5,14.4,0.352,Genova,44.4056,8.9463
2026-03-05T19:00,12.2,75,7.9,8.4,0.0,0.0,0.0,0.0,0.0,2,1022.9,1021.6,50,3,0,48,22.5,349,50.0,76.0,33.0,43.0,257.8,3600.0,0.07,0.36,13.7,0.352,Genova,44.4056,8.9463
2026-03-05T20:00,11.0,81,7.9,7.6,0.0,0.0,0.0,0.0,0.0,0,1023.1,1021.7,15,2,0,14,19.6,350,48.2,2.0,0.0,2.0,0.0,0.0,0.03,0.25,13.6,0.352,Genova,44.4056,8.9463
2026-03-05T21:00,10.3,84,7.8,6.6,0.0,0.0,0.0,0.0,0.0,0,1023.2,1021.8,8,2,0,6,21.3,357,44.6,0.0,0.0,0.0,0.0,0.0,0.02,0.2,12.7,0.353,Genova,44.4056,8.9463
2026-03-05T22:00,9.8,86,7.6,5.9,0.0,0.0,0.0,0.0,0.0,1,1023.6,1022.2,44,4,0,41,22.5,357,47.9,0.0,0.0,0.0,0.0,0.0,0.01,0.16,12.0,0.353,Genova,44.4056,8.9463
2026-03-05T23:00,9.5,89,7.7,5.5,0.0,0.0,0.0,0.0,0.0,2,1024.0,1022.6,76,59,0,39,22.7,356,49.3,0.0,0.0,0.0,0.0,0.0,0.01,0.14,11.6,0.353,Genova,44.4056,8.9463
2026-03-06T00:00,9.2,89,7.6,5.2,0.0,0.0,0.0,0.0,0.0,3,1023.8,1022.4,96,61,0,90,22.9,356,49.7,0.0,0.0,0.0,0.0,0.0,0.01,0.12,11.2,0.353,Genova,44.4056,8.9463
2026-03-06T01:00,8.9,91,7.4,4.8,0.0,0.0,0.0,0.0,0.0,3,1023.8,1022.4,92,80,0,62,23.3,356,49.3,0.0,0.0,0.0,0.0,0.0,0.01,0.11,10.9,0.354,Genova,44.4056,8.9463
2026-03-06T02:00,9.3,90,7.7,5.6,0.0,0.0,0.0,0.0,0.0,3,1023.4,1022.0,100,45,0,99,21.1,357,51.1,0.0,0.0,0.0,0.0,0.0,0.01,0.12,12.8,0.352,Genova,44.4056,8.9463
2026-03-06T03:00,9.5,87,7.5,5.4,0.0,0.0,0.0,0.0,0.0,3,1023.0,1021.6,100,54,0,100,23.1,356,49.7,0.0,0.0,0.0,0.0,0.0,0.01,0.15,12.0,0.352,Genova,44.4056,8.9463
2026-03-06T04:00,8.9,88,7.1,4.7,0.0,0.0,0.0,0.0,0.0,3,1022.8,1021.4,100,52,2,100,24.0,358,52.2,0.0,0.0,0.0,0.0,0.0,0.01,0.14,11.4,0.352,Genova,44.4056,8.9463
2026-03-06T05:00,8.8,88,6.9,4.5,0.0,0.0,0.0,0.0,0.0,3,1022.5,1021.1,100,60,0,100,24.0,357,52.6,0.0,0.0,0.0,0.0,0.0,0.01,0.14,10.9,0.353,Genova,44.4056,8.9463
2026-03-06T06:00,8.7,86,6.6,4.5,0.0,0.0,0.0,0.0,0.0,3,1022.6,1021.2,100,38,0,100,22.9,359,52.6,0.0,0.0,0.0,0.0,0.0,0.01,0.15,10.6,0.353,Genova,44.4056,8.9463
2026-03-06T07:00,8.9,84,6.3,4.6,0.0,0.0,0.0,0.0,0.0,3,1022.4,1021.0,100,27,3,99,23.2,358,50.8,0.0,0.0,0.0,0.0,0.0,0.02,0.18,10.4,0.353,Genova,44.4056,8.9463
2026-03-06T08:00,8.6,90,7.0,4.6,0.0,0.0,0.0,0.0,0.0,3,1022.6,1021.2,100,72,9,100,22.0,355,50.0,0.0,0.0,0.0,0.0,0.0,0.02,0.12,11.4,0.353,Genova,44.4056,8.9463
2026-03-06T09:00,9.4,86,7.2,5.4,0.0,0.0,0.0,0.0,0.0,3,1022.7,1021.3,100,52,0,99,22.7,353,48.2,46.0,14.0,32.0,124.1,2478.17,0.03,0.16,11.1,0.353,Genova,44.4056,8.9463
2026-03-06T10:00,10.9,81,7.7,7.3,0.0,0.0,0.0,0.0,0.0,3,1023.0,1021.6,97,66,0,91,20.4,350,47.2,162.0,77.0,85.0,284.3,3600.0,0.08,0.25,11.2,0.353,Genova,44.4056,8.9463
2026-03-06T11:00,12.7,74,8.2,9.6,0.0,0.0,0.0,0.0,0.0,3,1023.1,1021.8,93,38,0,88,18.2,346,45.4,304.0,177.0,127.0,421.1,3600.0,0.15,0.38,11.8,0.353,Genova,44.4056,8.9463
2026-03-06T12:00,13.7,72,8.8,10.8,0.0,0.0,0.0,0.0,0.0,3,1023.3,1022.0,92,63,0,79,17.9,339,43.6,456.0,317.0,139.0,590.8,3600.0,0.22,0.44,12.7,0.352,Genova,44.4056,8.9463
2026-03-06T13:00,14.7,69,9.0,11.6,0.0,0.0,0.0,0.0,0.0,3,1023.3,1022.0,85,23,5,80,19.8,337,47.5,526.0,380.0,146.0,621.4,3600.0,0.26,0.53,13.4,0.351,Genova,44.4056,8.9463
2026-03-06T14:00,14.6,67,8.5,11.4,0.0,0.0,0.0,0.0,0.0,3,1023.1,1021.8,95,7,2,95,19.4,331,48.2,538.0,374.0,164.0,584.2,3600.0,0.27,0.55,13.6,0.36,Genova,44.4056,8.9463
2026-03-06T15:00,15.5,63,8.5,12.2,0.0,0.0,0.0,0.0,0.0,3,1022.6,1021.3,95,10,6,95,20.0,334,47.9,554.0,421.0,133.0,678.5,3600.0,0.29,0.65,14.2,0.359,Genova,44.4056,8.9463
2026-03-06T16:00,15.4,63,8.4,12.0,0.0,0.0,0.0,0.0,0.0,2,1022.1,1020.8,56,9,7,50,20.4,335,48.2,492.0,365.0,127.0,658.9,3600.0,0.26,0.65,14.5,0.357,Genova,44.4056,8.9463
2026-03-06T17:00,15.6,62,8.4,12.3,0.0,0.0,0.0,0.0,0.0,3,1021.8,1020.5,93,9,9,92,19.6,335,48.2,388.0,295.0,93.0,662.9,3600.0,0.22,0.67,14.7,0.356,Genova,44.4056,8.9463
2026-03-06T18:00,15.0,65,8.4,11.6,0.0,0.0,0.0,0.0,0.0,3,1021.7,1020.4,99,3,4,99,19.9,336,45.7,236.0,159.0,77.0,527.9,3600.0,0.15,0.6,14.4,0.355,Genova,44.4056,8.9463
2026-03-06T19:00,13.2,74,8.6,10.2,0.0,0.0,0.0,0.0,0.0,3,1022.4,1021.1,99,1,2,99,18.0,339,45.0,80.0,36.0,44.0,272.3,3600.0,0.07,0.4,13.8,0.355,Genova,44.4056,8.9463
2026-03-06T20:00,11.4,82,8.4,8.6,0.0,0.0,0.0,0.0,0.0,3,1023.2,1021.9,100,11,5,100,16.6,351,37.8,2.0,0.0,2.0,0.0,0.0,0.03,0.25,14.0,0.329,Genova,44.4056,8.9463
2026-03-06T21:00,10.8,84,8.3,7.8,0.0,0.0,0.0,0.0,0.0,3,1023.6,1022.2,100,2,3,100,17.6,360,36.7,0.0,0.0,0.0,0.0,0.0,0.01,0.2,13.1,0.33,Genova,44.4056,8.9463
2026-03-06T22:00,10.5,86,8.2,7.4,0.0,0.0,0.0,0.0,0.0,3,1024.1,1022.7,100,0,1,100,17.7,2,36.7,0.0,0.0,0.0,0.0,0.0,0.01,0.18,12.4,0.331,Genova,44.4056,8.9463
2026-03-06T23:00,9.9,88,8.0,6.9,0.0,0.0,0.0,0.0,0.0,2,1024.5,1023.1,63,0,1,63,16.9,2,36.7,0.0,0.0,0.0,0.0,0.0,0.01,0.15,11.9,0.331,Genova,44.4056,8.9463
2026-03-07T00:00,9.2,90,7.7,6.1,0.0,0.0,0.0,0.0,0.0,3,1024.7,1023.3,91,1,0,91,17.3,4,35.6,0.0,0.0,0.0,0.0,0.0,0.0,0.11,11.4,0.332,Genova,44.4056,8.9463
2026-03-07T01:00,8.8,91,7.3,5.5,0.0,0.0,0.0,0.0,0.0,3,1024.5,1023.1,88,0,0,88,17.9,6,36.0,0.0,0.0,0.0,0.0,0.0,0.0,0.11,11.0,0.333,Genova,44.4056,8.9463
2026-03-07T02:00,8.5,93,7.5,5.3,0.0,0.0,0.0,0.0,0.0,3,1024.8,1023.4,99,83,0,95,17.8,1,36.4,0.0,0.0,0.0,0.0,0.0,0.0,0.07,13.2,0.353,Genova,44.4056,8.9463
2026-03-07T03:00,9.0,92,7.8,5.6,0.0,0.0,0.0,0.0,0.0,3,1024.8,1023.4,98,91,0,85,18.9,2,39.6,0.0,0.0,0.0,0.0,0.0,0.0,0.09,12.1,0.353,Genova,44.4056,8.9463
2026-03-07T04:00,8.6,92,7.4,5.2,0.0,0.0,0.0,0.0,0.0,3,1024.5,1023.1,98,90,0,83,18.4,1,38.9,0.0,0.0,0.0,0.0,0.0,0.0,0.08,11.4,0.353,Genova,44.4056,8.9463
2026-03-07T05:00,8.2,92,7.0,4.7,0.0,0.0,0.0,0.0,0.0,3,1024.3,1022.9,100,99,0,80,18.9,2,38.9,0.0,0.0,0.0,0.0,0.0,0.0,0.09,10.8,0.353,Genova,44.4056,8.9463
2026-03-07T06:00,7.9,93,6.8,4.4,0.0,0.0,0.0,0.0,0.0,3,1024.7,1023.3,100,100,0,59,18.7,1,40.0,0.0,0.0,0.0,0.0,0.0,0.0,0.08,10.4,0.353,Genova,44.4056,8.9463
2026-03-07T07:00,7.7,94,6.8,4.2,0.0,0.0,0.0,0.0,0.0,3,1024.8,1023.4,100,100,0,53,18.4,1,40.0,0.0,0.0,0.0,0.0,0.0,0.0,0.06,10.0,0.354,Genova,44.4056,8.9463
2026-03-07T08:00,7.1,97,6.7,3.8,0.0,0.0,0.0,0.0,0.0,3,1025.3,1023.9,100,100,0,11,17.3,356,38.5,0.0,0.0,0.0,0.0,0.0,0.01,0.03,11.4,0.35,Genova,44.4056,8.9463
2026-03-07T09:00,8.6,92,7.4,5.5,0.0,0.0,0.0,0.0,0.0,3,1025.5,1024.1,98,98,0,11,16.6,360,38.5,55.0,25.0,30.0,216.1,3600.0,0.02,0.09,10.8,0.351,Genova,44.4056,8.9463
2026-03-07T10:00,11.1,81,8.0,8.6,0.0,0.0,0.0,0.0,0.0,1,1025.7,1024.3,26,26,0,0,13.3,351,34.2,212.0,132.0,80.0,477.6,3600.0,0.09,0.24,11.1,0.351,Genova,44.4056,8.9463
2026-03-07T11:00,13.2,67,7.1,11.1,0.0,0.0,0.0,0.0,0.0,0,1025.7,1024.4,5,5,0,0,9.6,337,30.6,371.0,269.0,102.0,631.6,3600.0,0.18,0.51,12.0,0.35,Genova,44.4056,8.9463
2026-03-07T12:00,14.7,61,7.3,12.8,0.0,0.0,0.0,0.0,0.0,0,1025.6,1024.3,3,3,0,0,7.9,319,24.8,492.0,358.0,134.0,660.5,3600.0,0.26,0.65,13.1,0.349,Genova,44.4056,8.9463
2026-03-07T13:00,15.7,59,7.7,14.2,0.0,0.0,0.0,0.0,0.0,0,1025.3,1024.0,16,16,0,0,8.7,315,24.5,602.0,479.0,123.0,776.5,3600.0,0.32,0.73,14.1,0.348,Genova,44.4056,8.9463
2026-03-07T14:00,16.0,60,8.2,14.9,0.0,0.0,0.0,0.0,0.0,1,1025.2,1023.9,27,27,0,0,7.7,307,25.2,621.0,482.0,139.0,746.9,3600.0,0.34,0.73,15.3,0.342,Genova,44.4056,8.9463
2026-03-07T15:00,16.8,56,8.1,15.4,0.0,0.0,0.0,0.0,0.0,0,1024.5,1023.2,19,19,0,0,7.2,288,23.4,577.0,430.0,147.0,687.4,3600.0,0.32,0.84,15.8,0.34,Genova,44.4056,8.9463
2026-03-07T16:00,17.0,55,7.9,15.7,0.0,0.0,0.0,0.0,0.0,0,1023.9,1022.6,15,13,4,0,5.3,246,21.6,526.0,411.0,115.0,735.6,3600.0,0.3,0.88,16.1,0.339,Genova,44.4056,8.9463
2026-03-07T17:00,16.5,57,7.9,15.3,0.0,0.0,0.0,0.0,0.0,0,1023.8,1022.5,11,9,2,0,4.5,227,18.0,397.0,295.0,102.0,656.2,3600.0,0.22,0.81,16.1,0.338,Genova,44.4056,8.9463
2026-03-07T18:00,15.4,64,8.7,14.7,0.0,0.0,0.0,0.0,0.0,1,1024.1,1022.8,26,25,3,0,2.6,231,14.8,246.0,173.0,73.0,566.3,3600.0,0.12,0.63,15.7,0.338,Genova,44.4056,8.9463
2026-03-07T19:00,13.4,78,9.6,12.8,0.0,0.0,0.0,0.0,0.0,0,1024.3,1023.0,12,11,0,0,3.0,322,8.6,86.0,46.0,40.0,337.4,3600.0,0.03,0.34,14.7,0.338,Genova,44.4056,8.9463
2026-03-07T20:00,13.0,74,8.5,11.3,0.0,0.0,0.0,0.0,0.0,1,1024.5,1023.2,23,19,6,0,8.4,353,13.0,2.0,0.0,2.0,0.0,0.0,0.02,0.39,14.7,0.316,Genova,44.4056,8.9463
2026-03-07T21:00,11.2,80,7.9,9.1,0.0,0.0,0.0,0.0,0.0,0,1024.6,1023.2,10,6,9,0,10.9,9,21.6,0.0,0.0,0.0,0.0,0.0,0.01,0.27,13.6,0.317,Genova,44.4056,8.9463
2026-03-07T22:00,10.1,84,7.6,7.6,0.0,0.0,0.0,0.0,0.0,0,1024.8,1023.4,11,2,11,0,12.7,15,26.3,0.0,0.0,0.0,0.0,0.0,0.01,0.19,12.7,0.318,Genova,44.4056,8.9463
2026-03-07T23:00,9.5,86,7.2,7.2,0.0,0.0,0.0,0.0,0.0,0,1025.2,1023.8,7,0,7,0,10.9,12,25.9,0.0,0.0,0.0,0.0,0.0,0.0,0.17,12.1,0.319,Genova,44.4056,8.9463
2026-03-08T00:00,8.8,88,6.8,6.5,0.0,0.0,0.0,0.0,0.0,0,1025.3,1023.9,2,0,2,0,10.2,13,23.0,0.0,0.0,0.0,0.0,0.0,0.0,0.14,11.5,0.32,Genova,44.4056,8.9463
2026-03-08T01:00,7.6,91,6.3,5.2,0.0,0.0,0.0,0.0,0.0,0,1025.3,1023.9,0,0,0,0,10.1,17,22.7,0.0,0.0,0.0,0.0,0.0,0.0,0.09,10.9,0.32,Genova,44.4056,8.9463
2026-03-08T02:00,7.6,90,6.1,4.8,0.0,0.0,0.0,0.0,0.0,0,1025.4,1024.0,0,0,0,0,12.9,7,22.7,0.0,0.0,0.0,0.0,0.0,0.0,0.11,12.6,0.337,Genova,44.4056,8.9463
2026-03-08T03:00,8.6,85,6.1,5.5,0.0,0.0,0.0,0.0,0.0,0,1025.4,1024.0,0,0,0,0,14.5,11,29.2,0.0,0.0,0.0,0.0,0.0,0.01,0.17,11.7,0.337,Genova,44.4056,8.9463
2026-03-08T04:00,8.5,83,5.8,5.1,0.0,0.0,0.0,0.0,0.0,0,1025.1,1023.7,3,0,3,0,15.7,9,31.0,0.0,0.0,0.0,0.0,0.0,0.01,0.19,11.1,0.337,Genova,44.4056,8.9463
2026-03-08T05:00,8.4,82,5.5,4.9,0.0,0.0,0.0,0.0,0.0,1,1024.8,1023.4,20,0,20,0,16.5,7,32.8,0.0,0.0,0.0,0.0,0.0,0.02,0.2,10.7,0.337,Genova,44.4056,8.9463
2026-03-08T06:00,8.4,82,5.5,5.0,0.0,0.0,0.0,0.0,0.0,0,1024.7,1023.3,16,0,16,0,16.1,6,33.1,0.0,0.0,0.0,0.0,0.0,0.02,0.2,10.4,0.337,Genova,44.4056,8.9463
2026-03-08T07:00,8.2,83,5.4,4.8,0.0,0.0,0.0,0.0,0.0,3,1025.0,1023.6,82,0,82,0,15.3,9,32.0,0.0,0.0,0.0,0.0,0.0,0.01,0.19,10.2,0.338,Genova,44.4056,8.9463
2026-03-08T08:00,7.5,86,5.3,4.0,0.0,0.0,0.0,0.0,0.0,0,1025.3,1023.9,13,0,13,0,16.1,6,30.2,0.0,0.0,0.0,0.0,0.0,0.03,0.15,11.2,0.336,Genova,44.4056,8.9463
2026-03-08T09:00,9.5,79,6.1,6.2,0.0,0.0,0.0,0.0,0.0,0,1025.8,1024.4,9,0,9,0,16.2,4,34.2,65.0,31.0,34.0,261.5,3600.0,0.04,0.25,10.8,0.336,Genova,44.4056,8.9463
2026-03-08T10:00,12.4,70,7.1,10.1,0.0,0.0,0.0,0.0,0.0,0,1026.2,1024.9,2,0,2,0,10.7,353,31.3,215.0,133.0,82.0,471.6,3600.0,0.11,0.44,11.3,0.335,Genova,44.4056,8.9463
2026-03-08T11:00,14.1,65,7.6,12.5,0.0,0.0,0.0,0.0,0.0,0,1026.4,1025.1,4,1,3,0,6.6,331,25.2,374.0,282.0,92.0,653.5,3600.0,0.19,0.57,12.3,0.335,Genova,44.4056,8.9463
2026-03-08T12:00,15.3,62,8.0,14.0,0.0,0.0,0.0,0.0,0.0,1,1026.4,1025.1,33,15,23,0,5.3,298,18.7,515.0,407.0,108.0,743.3,3600.0,0.27,0.67,13.5,0.334,Genova,44.4056,8.9463
2026-03-08T13:00,15.8,61,8.4,14.7,0.0,0.0,0.0,0.0,0.0,2,1026.5,1025.2,59,35,40,0,5.0,283,18.4,554.0,400.0,154.0,642.8,3600.0,0.3,0.7,14.5,0.333,Genova,44.4056,8.9463
2026-03-08T14:00,15.9,61,8.4,14.9,0.0,0.0,0.0,0.0,0.0,2,1026.1,1024.8,57,22,45,0,3.6,270,18.0,396.0,167.0,229.0,256.7,3600.0,0.23,0.7,14.3,0.33,Genova,44.4056,8.9463
2026-03-08T15:00,16.5,59,8.4,15.6,0.0,0.0,0.0,0.0,0.0,2,1025.5,1024.2,73,61,34,0,3.6,240,16.2,533.0,371.0,162.0,588.4,3600.0,0.3,0.78,15.2,0.329,Genova,44.4056,8.9463
2026-03-08T16:00,16.3,59,8.3,15.6,0.0,0.0,0.0,0.0,0.0,3,1025.2,1023.9,100,100,51,10,1.9,236,15.1,410.0,244.0,166.0,433.0,3600.0,0.23,0.76,15.5,0.328,Genova,44.4056,8.9463
2026-03-08T17:00,15.7,64,8.9,15.1,0.0,0.0,0.0,0.0,0.0,2,1025.0,1023.7,70,48,43,20,2.1,211,10.8,305.0,159.0,146.0,350.1,3600.0,0.17,0.64,15.5,0.327,Genova,44.4056,8.9463
2026-03-08T18:00,15.1,68,9.3,14.8,0.0,0.0,0.0,0.0,0.0,1,1024.8,1023.5,40,30,14,6,0.9,217,10.8,130.0,31.0,99.0,100.1,1201.67,0.07,0.55,15.1,0.327,Genova,44.4056,8.9463
2026-03-08T19:00,13.9,78,10.1,13.6,0.0,0.0,0.0,0.0,0.0,1,1025.1,1023.8,30,2,16,15,2.2,279,5.8,66.0,26.0,40.0,185.1,3600.0,0.03,0.36,14.4,0.327,Genova,44.4056,8.9463
2026-03-08T20:00,12.6,73,7.9,10.9,0.0,0.0,0.0,0.0,0.0,1,1025.2,1023.9,31,17,20,1,7.7,1,8.3,2.0,0.0,2.0,0.0,0.0,0.03,0.39,14.2,0.31,Genova,44.4056,8.9463
2026-03-08T21:00,11.3,80,8.0,9.1,0.0,0.0,0.0,0.0,0.0,1,1025.2,1023.8,20,5,19,1,11.0,10,22.3,0.0,0.0,0.0,0.0,0.0,0.01,0.27,13.2,0.311,Genova,44.4056,8.9463
2026-03-08T22:00,10.6,85,8.2,8.5,0.0,0.0,0.0,0.0,0.0,0,1025.4,1024.0,14,0,14,0,11.2,21,23.8,0.0,0.0,0.0,0.0,0.0,0.0,0.19,12.5,0.311,Genova,44.4056,8.9463
2026-03-08T23:00,10.3,86,8.1,8.5,0.0,0.0,0.0,0.0,0.0,0,1025.5,1024.1,19,6,16,0,9.4,23,23.4,0.0,0.0,0.0,0.0,0.0,0.0,0.17,12.0,0.312,Genova,44.4056,8.9463
2026-03-09T00:00,9.2,90,7.7,7.6,0.0,0.0,0.0,0.0,0.0,1,1025.5,1024.1,34,19,21,0,7.0,18,20.2,0.0,0.0,0.0,0.0,0.0,0.0,0.12,11.4,0.312,Genova,44.4056,8.9463
2026-03-09T01:00,8.3,92,7.2,6.3,0.0,0.0,0.0,0.0,0.0,1,1025.5,1024.1,38,27,17,0,8.7,14,19.8,0.0,0.0,0.0,0.0,0.0,0.0,0.08,11.0,0.313,Genova,44.4056,8.9463
2026-03-09T02:00,9.8,90,8.3,7.3,0.0,0.0,0.0,0.0,0.0,0,1025.5,1024.1,9,5,4,0,14.3,10,24.5,0.0,0.0,0.0,0.0,0.0,0.0,0.12,14.1,0.302,Genova,44.4056,8.9463
2026-03-09T03:00,10.4,88,8.4,7.9,0.0,0.0,0.0,0.0,0.0,0,1025.4,1024.0,8,1,7,0,14.3,11,30.2,0.0,0.0,0.0,0.0,0.0,0.0,0.15,12.9,0.302,Genova,44.4056,8.9463
2026-03-09T04:00,10.1,87,8.0,7.5,0.0,0.0,0.0,0.0,0.0,0,1024.7,1023.3,4,0,4,0,14.3,4,29.2,0.0,0.0,0.0,0.0,0.0,0.01,0.16,12.2,0.302,Genova,44.4056,8.9463
2026-03-09T05:00,9.4,88,7.5,6.6,0.0,0.0,0.0,0.0,0.0,1,1024.5,1023.1,23,0,23,0,14.8,1,29.5,0.0,0.0,0.0,0.0,0.0,0.0,0.14,11.5,0.302,Genova,44.4056,8.9463
2026-03-09T06:00,8.9,90,7.3,5.7,0.0,0.0,0.0,0.0,0.0,0,1024.6,1023.2,6,0,6,0,17.1,4,33.8,0.0,0.0,0.0,0.0,0.0,0.0,0.12,11.0,0.302,Genova,44.4056,8.9463
2026-03-09T07:00,8.9,90,7.4,5.6,0.0,0.0,0.0,0.0,0.0,0,1024.7,1023.3,14,12,3,0,17.9,4,36.0,0.0,0.0,0.0,0.0,0.0,0.0,0.11,10.7,0.302,Genova,44.4056,8.9463
2026-03-09T08:00,9.1,91,7.7,6.3,0.0,0.0,0.0,0.0,0.0,1,1024.7,1023.3,25,4,2,20,14.8,6,35.6,1.0,0.0,1.0,0.0,0.0,0.0,0.1,13.4,0.285,Genova,44.4056,8.9463
2026-03-09T09:00,11.3,85,8.8,9.2,0.0,0.0,0.0,0.0,0.0,1,1024.9,1023.5,36,24,12,5,12.3,355,31.7,52.0,18.0,34.0,148.2,2898.82,0.03,0.2,12.7,0.285,Genova,44.4056,8.9463
2026-03-09T10:00,12.9,79,9.4,11.2,0.0,0.0,0.0,0.0,0.0,1,1025.1,1023.8,45,31,21,0,11.0,350,28.4,182.0,92.0,90.0,319.8,3600.0,0.09,0.31,12.8,0.284,Genova,44.4056,8.9463
2026-03-09T11:00,14.7,72,9.6,13.5,0.0,0.0,0.0,0.0,0.0,0,1025.0,1023.7,18,3,13,3,7.5,330,25.9,342.0,212.0,130.0,485.0,3600.0,0.18,0.48,13.5,0.284,Genova,44.4056,8.9463
2026-03-09T12:00,15.5,67,9.4,14.1,0.1,0.1,0.0,0.0,0.0,51,1024.9,1023.6,29,16,11,6,8.4,315,24.1,468.0,324.0,144.0,585.8,3600.0,0.25,0.59,14.3,0.283,Genova,44.4056,8.9463
2026-03-09T13:00,15.9,65,9.2,14.2,0.0,0.0,0.0,0.0,0.0,0,1024.8,1023.5,5,4,2,0,10.3,322,27.4,511.0,325.0,186.0,517.8,3600.0,0.28,0.64,15.0,0.282,Genova,44.4056,8.9463
2026-03-09T14:00,15.1,64,8.4,12.5,0.0,0.0,0.0,0.0,0.0,1,1024.4,1023.1,28,27,0,0,14.5,8,27.7,496.0,325.0,171.0,495.6,3600.0,0.27,0.61,15.6,0.286,Genova,44.4056,8.9463
2026-03-09T15:00,16.6,57,8.2,15.2,0.0,0.0,0.0,0.0,0.0,1,1023.2,1021.9,20,16,10,0,6.6,347,34.6,509.0,351.0,158.0,552.3,3600.0,0.29,0.81,15.9,0.285,Genova,44.4056,8.9463
2026-03-09T16:00,16.8,59,8.8,15.9,0.0,0.0,0.0,0.0,0.0,1,1022.6,1021.3,20,15,8,0,4.2,310,19.1,524.0,417.0,107.0,733.8,3600.0,0.29,0.78,16.4,0.284,Genova,44.4056,8.9463
2026-03-09T17:00,15.4,67,9.2,15.0,0.0,0.0,0.0,0.0,0.0,2,1022.7,1021.4,58,23,47,2,0.7,180,15.8,366.0,243.0,123.0,529.8,3600.0,0.19,0.58,16.3,0.283,Genova,44.4056,8.9463
2026-03-09T18:00,14.4,72,9.4,13.2,0.0,0.0,0.0,0.0,0.0,1,1022.9,1021.6,42,20,32,1,7.2,1,18.0,170.0,80.0,90.0,254.7,3600.0,0.1,0.46,15.7,0.283,Genova,44.4056,8.9463
2026-03-09T19:00,13.0,86,10.7,11.7,0.5,0.5,0.0,0.0,0.0,53,1023.2,1021.9,49,27,29,6,10.0,9,22.0,77.0,35.0,42.0,242.0,3600.0,0.04,0.21,14.6,0.288,Genova,44.4056,8.9463
2026-03-09T20:00,11.1,90,9.6,9.3,0.0,0.0,0.0,0.0,0.0,0,1023.0,1021.6,13,3,11,0,11.7,20,20.5,3.0,0.0,3.0,0.0,0.0,0.01,0.13,14.9,0.281,Genova,44.4056,8.9463
2026-03-09T21:00,10.6,89,8.9,9.0,0.0,0.0,0.0,0.0,0.0,1,1023.0,1021.6,26,12,24,0,8.8,23,23.8,0.0,0.0,0.0,0.0,0.0,0.0,0.14,13.6,0.281,Genova,44.4056,8.9463
2026-03-09T22:00,9.5,92,8.3,8.3,0.0,0.0,0.0,0.0,0.0,0,1023.4,1022.0,3,1,2,0,5.5,19,19.1,0.0,0.0,0.0,0.0,0.0,0.0,0.1,12.6,0.281,Genova,44.4056,8.9463
2026-03-09T23:00,8.7,92,7.4,7.5,0.0,0.0,0.0,0.0,0.0,0,1023.7,1022.3,11,5,9,0,3.6,18,15.1,0.0,0.0,0.0,0.0,0.0,0.0,0.1,11.7,0.282,Genova,44.4056,8.9463
2026-03-10T00:00,8.1,92,6.8,6.5,0.0,0.0,0.0,0.0,0.0,0,1023.6,1022.2,16,5,4,12,5.5,17,16.2,0.0,0.0,0.0,0.0,0.0,0.0,0.09,11.1,0.282,Genova,44.4056,8.9463
2026-03-10T01:00,7.6,92,6.3,5.8,0.0,0.0,0.0,0.0,0.0,1,1023.8,1022.4,35,2,4,32,5.6,17,17.3,0.0,0.0,0.0,0.0,0.0,0.0,0.09,10.6,0.282,Genova,44.4056,8.9463
2026-03-10T02:00,8.0,94,7.1,5.7,0.0,0.0,0.0,0.0,0.0,3,1023.6,1022.2,100,2,94,100,10.2,14,18.4,0.0,0.0,0.0,0.0,0.0,0.0,0.06,12.4,0.262,Genova,44.4056,8.9463
2026-03-10T03:00,9.1,90,7.6,6.9,0.0,0.0,0.0,0.0,0.0,3,1023.7,1022.3,93,2,42,92,10.8,15,23.0,0.0,0.0,0.0,0.0,0.0,0.0,0.11,11.7,0.263,Genova,44.4056,8.9463
2026-03-10T04:00,8.4,91,7.1,6.5,0.0,0.0,0.0,0.0,0.0,0,1023.2,1021.8,9,4,2,3,8.2,22,22.0,0.0,0.0,0.0,0.0,0.0,0.0,0.1,11.1,0.263,Genova,44.4056,8.9463
2026-03-10T05:00,7.6,92,6.4,5.7,0.0,0.0,0.0,0.0,0.0,1,1023.0,1021.6,38,16,23,9,6.3,20,18.7,0.0,0.0,0.0,0.0,0.0,0.0,0.08,10.6,0.264,Genova,44.4056,8.9463
2026-03-10T06:00,7.7,90,6.1,5.9,0.0,0.0,0.0,0.0,0.0,1,1022.9,1021.5,24,9,11,9,5.1,18,17.3,0.0,0.0,0.0,0.0,0.0,0.0,0.11,10.1,0.264,Genova,44.4056,8.9463
2026-03-10T07:00,8.2,88,6.3,7.1,0.0,0.0,0.0,0.0,0.0,3,1023.3,1021.9,96,16,95,41,1.1,360,15.1,0.0,0.0,0.0,0.0,0.0,0.0,0.13,9.8,0.265,Genova,44.4056,8.9463
2026-03-10T08:00,9.4,90,7.8,8.7,0.3,0.3,0.0,0.0,0.0,51,1023.9,1022.5,100,52,100,91,1.3,34,6.1,0.0,0.0,0.0,0.0,0.0,0.01,0.12,11.6,0.263,Genova,44.4056,8.9463
2026-03-10T09:00,10.5,97,10.1,10.1,1.0,1.0,0.0,0.0,0.0,55,1024.1,1022.7,100,47,100,100,2.9,47,9.7,11.0,0.0,11.0,0.0,0.0,0.02,0.04,11.3,0.277,Genova,44.4056,8.9463
2026-03-10T10:00,11.3,96,10.7,11.1,1.1,1.1,0.0,0.0,0.0,55,1024.2,1022.8,100,48,100,94,3.0,65,10.8,82.0,0.0,82.0,0.0,0.0,0.05,0.06,11.4,0.292,Genova,44.4056,8.9463
2026-03-10T11:00,12.0,95,11.2,12.1,1.2,1.2,0.0,0.0,0.0,55,1024.2,1022.9,100,28,100,100,1.8,66,10.1,137.0,9.0,128.0,20.3,0.0,0.08,0.08,11.7,0.306,Genova,44.4056,8.9463
2026-03-10T12:00,12.8,88,10.8,12.3,0.3,0.3,0.0,0.0,0.0,51,1024.3,1023.0,99,13,13,99,5.3,142,16.2,158.0,27.0,131.0,48.3,0.0,0.09,0.18,12.1,0.31,Genova,44.4056,8.9463
2026-03-10T13:00,14.4,78,10.6,13.3,0.5,0.5,0.0,0.0,0.0,53,1024.1,1022.8,99,34,59,99,8.5,175,23.8,381.0,241.0,140.0,380.7,3600.0,0.2,0.36,13.0,0.314,Genova,44.4056,8.9463
2026-03-10T14:00,14.4,72,9.5,13.2,5.7,5.7,0.0,0.0,0.0,63,1023.7,1022.4,99,17,32,99,7.4,176,27.4,308.0,104.0,204.0,157.4,2920.73,0.18,0.45,12.6,0.373,Genova,44.4056,8.9463
2026-03-10T15:00,13.6,78,9.9,12.1,0.0,0.0,0.0,0.0,0.0,2,1023.5,1022.2,66,41,29,30,10.2,188,27.7,373.0,136.0,237.0,212.4,3600.0,0.19,0.34,13.2,0.371,Genova,44.4056,8.9463
2026-03-10T16:00,12.7,88,10.7,12.0,3.8,3.8,0.0,0.0,0.0,63,1023.4,1022.1,59,45,32,2,6.4,191,27.7,323.0,119.0,204.0,207.7,3600.0,0.16,0.18,13.2,0.413,Genova,44.4056,8.9463
2026-03-10T17:00,13.0,84,10.4,12.3,2.2,2.2,0.0,0.0,0.0,61,1023.2,1021.9,79,48,53,18,5.1,170,20.2,247.0,87.0,160.0,187.9,3600.0,0.13,0.24,13.0,0.413,Genova,44.4056,8.9463
2026-03-10T18:00,13.1,86,10.8,13.0,0.0,0.0,0.0,0.0,0.0,3,1022.8,1021.5,100,6,54,100,2.4,171,15.5,177.0,78.0,99.0,245.0,3600.0,0.09,0.22,13.1,0.404,Genova,44.4056,8.9463
2026-03-10T19:00,12.2,93,11.1,12.4,0.0,0.0,0.0,0.0,0.0,3,1023.0,1021.7,92,22,48,89,0.8,225,9.7,68.0,13.0,55.0,87.4,822.11,0.03,0.1,12.7,0.397,Genova,44.4056,8.9463
2026-03-10T20:00,11.0,92,9.7,10.5,0.0,0.0,0.0,0.0,0.0,1,1023.4,1022.0,26,16,10,7,2.5,360,4.0,3.0,0.0,3.0,0.0,0.0,0.0,0.1,12.1,0.388,Genova,44.4056,8.9463
2026-03-10T21:00,10.3,92,9.1,9.1,0.0,0.0,0.0,0.0,0.0,2,1024.1,1022.7,50,26,12,28,6.6,11,13.3,0.0,0.0,0.0,0.0,0.0,0.0,0.1,11.4,0.386,Genova,44.4056,8.9463
2026-03-10T22:00,9.0,97,8.5,7.4,0.0,0.0,0.0,0.0,0.0,3,1024.1,1022.7,88,70,13,57,8.2,23,18.0,0.0,0.0,0.0,0.0,0.0,0.0,0.03,10.9,0.383,Genova,44.4056,8.9463
2026-03-10T23:00,8.6,96,7.9,7.1,0.0,0.0,0.0,0.0,0.0,1,1024.5,1023.1,20,16,3,3,6.2,21,16.9,0.0,0.0,0.0,0.0,0.0,0.0,0.05,10.4,0.381,Genova,44.4056,8.9463
2026-03-11T00:00,8.4,95,7.6,7.0,0.0,0.0,0.0,0.0,0.0,0,1024.6,1023.2,18,18,1,0,5.6,17,14.8,0.0,0.0,0.0,0.0,0.0,0.0,0.06,10.0,0.379,Genova,44.4056,8.9463
2026-03-11T01:00,8.6,94,7.6,7.1,0.0,0.0,0.0,0.0,0.0,2,1024.5,1023.1,60,30,1,42,5.9,23,14.4,0.0,0.0,0.0,0.0,0.0,0.0,0.07,9.8,0.377,Genova,44.4056,8.9463
2026-03-11T02:00,9.0,92,7.8,7.5,0.0,0.0,0.0,0.0,0.0,2,1024.6,1023.2,51,50,2,0,6.4,16,14.4,0.0,0.0,0.0,0.0,0.0,0.0,0.09,10.6,0.38,Genova,44.4056,8.9463
2026-03-11T03:00,8.5,97,8.0,7.0,0.0,0.0,0.0,0.0,0.0,2,1024.6,1023.2,72,72,0,0,6.5,19,15.5,0.0,0.0,0.0,0.0,0.0,0.0,0.04,10.1,0.379,Genova,44.4056,8.9463
2026-03-11T04:00,8.6,96,8.0,7.4,0.0,0.0,0.0,0.0,0.0,2,1024.3,1022.9,78,78,0,0,4.8,15,14.4,0.0,0.0,0.0,0.0,0.0,0.0,0.04,9.8,0.378,Genova,44.4056,8.9463
2026-03-11T05:00,8.6,94,7.7,7.5,0.0,0.0,0.0,0.0,0.0,3,1024.2,1022.8,96,96,0,0,3.2,19,12.2,0.0,0.0,0.0,0.0,0.0,0.0,0.06,9.5,0.377,Genova,44.4056,8.9463
2026-03-11T06:00,9.2,95,8.4,8.3,0.0,0.0,0.0,0.0,0.0,3,1024.3,1022.9,99,99,1,1,3.2,19,9.0,0.0,0.0,0.0,0.0,0.0,0.0,0.06,9.5,0.376,Genova,44.4056,8.9463
2026-03-11T07:00,9.6,95,8.8,8.8,0.0,0.0,0.0,0.0,0.0,3,1024.2,1022.8,80,80,1,0,3.4,18,8.3,0.0,0.0,0.0,0.0,0.0,0.0,0.06,9.7,0.375,Genova,44.4056,8.9463
2026-03-11T08:00,8.7,96,8.0,7.7,0.0,0.0,0.0,0.0,0.0,2,1024.0,1022.6,69,68,7,0,3.2,16,7.2,1.0,0.0,1.0,0.0,0.0,0.0,0.05,10.4,0.37,Genova,44.4056,8.9463
2026-03-11T09:00,10.3,97,9.8,9.8,0.1,0.1,0.0,0.0,0.0,51,1024.3,1022.9,93,92,8,5,2.7,8,9.0,56.0,23.0,33.0,180.7,3600.0,0.02,0.04,10.3,0.37,Genova,44.4056,8.9463
2026-03-11T10:00,11.6,90,10.0,10.8,0.2,0.2,0.0,0.0,0.0,51,1024.8,1023.4,95,60,10,85,5.5,139,14.0,148.0,66.0,82.0,220.7,3600.0,0.07,0.13,10.8,0.371,Genova,44.4056,8.9463
2026-03-11T11:00,11.8,91,10.4,10.6,0.3,0.3,0.0,0.0,0.0,51,1024.9,1023.5,95,84,8,63,8.8,149,21.6,217.0,57.0,160.0,127.1,2013.4,0.1,0.12,11.3,0.373,Genova,44.4056,8.9463
2026-03-11T12:00,12.1,88,10.2,10.8,0.6,0.6,0.0,0.0,0.0,53,1024.8,1023.5,60,39,1,34,9.3,153,24.1,313.0,121.0,192.0,214.5,3600.0,0.15,0.17,11.8,0.377,Genova,44.4056,8.9463
2026-03-11T13:00,13.0,84,10.4,11.6,0.7,0.7,0.0,0.0,0.0,53,1024.4,1023.1,100,51,20,100,10.3,167,27.4,469.0,257.0,212.0,402.6,3600.0,0.22,0.24,12.4,0.381,Genova,44.4056,8.9463
2026-03-11T14:00,12.0,91,10.7,10.6,0.3,0.3,0.0,0.0,0.0,51,1024.3,1023.0,100,59,54,100,11.2,156,34.2,496.0,257.0,239.0,385.8,3600.0,0.21,0.12,13.0,0.382,Genova,44.4056,8.9463
2026-03-11T15:00,13.1,86,10.8,11.6,0.3,0.3,0.0,0.0,0.0,51,1023.5,1022.2,100,55,54,100,11.7,159,32.8,392.0,133.0,259.0,206.1,3600.0,0.18,0.21,13.2,0.383,Genova,44.4056,8.9463
2026-03-11T16:00,13.2,82,10.2,11.5,0.1,0.1,0.0,0.0,0.0,51,1022.8,1021.5,100,34,63,100,11.8,163,33.8,339.0,120.0,219.0,207.7,3600.0,0.17,0.27,13.4,0.382,Genova,44.4056,8.9463
2026-03-11T17:00,12.7,86,10.4,11.1,0.1,0.1,0.0,0.0,0.0,51,1022.3,1021.0,100,46,95,100,12.1,165,30.6,234.0,49.0,185.0,104.8,1343.63,0.11,0.21,13.3,0.381,Genova,44.4056,8.9463
2026-03-11T18:00,12.2,90,10.6,10.8,0.1,0.1,0.0,0.0,0.0,51,1022.1,1020.8,100,91,96,100,10.6,152,29.9,154.0,22.0,132.0,68.2,245.21,0.07,0.15,13.0,0.381,Genova,44.4056,8.9463
2026-03-11T19:00,11.7,94,10.7,10.6,0.1,0.1,0.0,0.0,0.0,51,1021.9,1020.6,100,92,35,100,9.5,127,25.2,54.0,4.0,50.0,26.2,0.0,0.03,0.09,12.5,0.381,Genova,44.4056,8.9463
2026-03-11T20:00,11.1,89,9.3,9.5,0.1,0.1,0.0,0.0,0.0,51,1022.0,1020.7,100,85,17,100,9.8,125,21.6,3.0,0.0,3.0,0.0,0.0,0.01,0.15,13.3,0.38,Genova,44.4056,8.9463
2026-03-11T21:00,11.4,88,9.5,9.9,0.1,0.1,0.0,0.0,0.0,51,1022.0,1020.7,97,43,91,48,9.3,98,20.9,0.0,0.0,0.0,0.0,0.0,0.0,0.16,12.5,0.38,Genova,44.4056,8.9463
2026-03-11T22:00,11.3,90,9.7,10.2,0.2,0.2,0.0,0.0,0.0,51,1022.1,1020.8,100,100,40,42,7.3,126,19.4,0.0,0.0,0.0,0.0,0.0,0.0,0.14,12.0,0.38,Genova,44.4056,8.9463
2026-03-11T23:00,10.9,97,10.5,10.0,0.4,0.4,0.0,0.0,0.0,51,1022.1,1020.7,100,100,59,35,7.3,106,19.1,0.0,0.0,0.0,0.0,0.0,0.0,0.03,11.6,0.383,Genova,44.4056,8.9463
2026-03-12T00:00,10.9,98,10.7,10.1,0.3,0.3,0.0,0.0,0.0,51,1021.7,1020.3,100,100,95,74,7.0,102,18.7,0.0,0.0,0.0,0.0,0.0,0.0,0.02,11.5,0.386,Genova,44.4056,8.9463
2026-03-12T01:00,10.9,99,10.7,9.8,0.4,0.4,0.0,0.0,0.0,51,1021.2,1019.9,100,100,97,71,9.1,111,20.5,0.0,0.0,0.0,0.0,0.0,0.0,0.02,11.3,0.389,Genova,44.4056,8.9463
2026-03-12T02:00,11.3,97,10.8,10.1,0.4,0.4,0.0,0.0,0.0,51,1020.9,1019.6,100,44,99,98,10.1,121,24.8,0.0,0.0,0.0,0.0,0.0,0.0,0.04,13.1,0.401,Genova,44.4056,8.9463
2026-03-12T03:00,11.4,95,10.6,10.5,0.2,0.2,0.0,0.0,0.0,51,1020.0,1018.7,100,100,93,98,7.6,85,22.3,0.0,0.0,0.0,0.0,0.0,0.0,0.07,12.4,0.399,Genova,44.4056,8.9463
2026-03-12T04:00,11.2,93,10.0,10.1,0.1,0.1,0.0,0.0,0.0,51,1019.5,1018.2,100,91,100,99,7.7,69,16.6,0.0,0.0,0.0,0.0,0.0,0.0,0.1,11.8,0.397,Genova,44.4056,8.9463
2026-03-12T05:00,10.9,96,10.4,10.5,0.2,0.2,0.0,0.0,0.0,51,1019.4,1018.1,100,78,99,98,3.7,29,15.5,0.0,0.0,0.0,0.0,0.0,0.0,0.05,11.5,0.397,Genova,44.4056,8.9463
2026-03-12T06:00,10.5,97,10.0,10.0,0.3,0.3,0.0,0.0,0.0,51,1019.4,1018.1,100,90,100,100,4.0,18,9.0,0.0,0.0,0.0,0.0,0.0,0.0,0.04,11.2,0.398,Genova,44.4056,8.9463
2026-03-12T07:00,10.3,97,9.9,9.2,0.7,0.7,0.0,0.0,0.0,53,1019.3,1017.9,100,100,100,100,7.0,342,14.0,0.0,0.0,0.0,0.0,0.0,0.0,0.03,11.0,0.405,Genova,44.4056,8.9463
2026-03-12T08:00,10.4,98,10.1,9.0,0.6,0.6,0.0,0.0,0.0,53,1019.4,1018.1,100,45,100,100,10.1,340,17.3,0.0,0.0,0.0,0.0,0.0,0.01,0.03,11.2,0.41,Genova,44.4056,8.9463
2026-03-12T09:00,10.6,97,10.1,9.2,0.8,0.8,0.0,0.0,0.0,53,1020.0,1018.7,100,100,100,100,9.9,355,22.7,20.0,0.0,20.0,0.0,0.0,0.02,0.04,11.0,0.414,Genova,44.4056,8.9463
2026-03-12T10:00,10.9,95,10.2,9.9,1.1,1.1,0.0,0.0,0.0,55,1021.0,1019.7,100,100,100,100,7.2,1,22.0,37.0,0.0,37.0,0.0,0.0,0.03,0.06,11.0,0.419,Genova,44.4056,8.9463
2026-03-12T11:00,11.2,95,10.5,9.9,1.0,1.0,0.0,0.0,0.0,55,1021.4,1020.1,100,33,99,96,9.9,360,21.2,88.0,1.0,87.0,2.2,0.0,0.05,0.06,11.2,0.42,Genova,44.4056,8.9463
2026-03-12T12:00,13.4,81,10.1,12.1,0.8,0.8,0.0,0.0,0.0,53,1021.7,1020.4,100,99,100,100,9.0,355,25.9,276.0,55.0,221.0,96.5,1096.38,0.15,0.3,11.8,0.42,Genova,44.4056,8.9463
2026-03-12T13:00,13.4,84,10.7,13.0,0.4,0.4,0.0,0.0,0.0,51,1021.8,1020.5,100,21,100,100,3.8,319,25.6,190.0,10.0,180.0,15.5,0.0,0.11,0.25,12.2,0.415,Genova,44.4056,8.9463
2026-03-12T14:00,13.5,89,11.7,13.5,0.5,0.5,0.0,0.0,0.0,53,1021.4,1020.1,90,66,14,66,3.4,270,19.8,389.0,96.0,293.0,143.0,2490.62,0.21,0.17,12.4,0.421,Genova,44.4056,8.9463
2026-03-12T15:00,15.3,72,10.4,14.6,0.4,0.4,0.0,0.0,0.0,51,1020.6,1019.3,100,100,100,70,6.0,213,22.7,479.0,244.0,235.0,375.2,3600.0,0.26,0.48,13.3,0.42,Genova,44.4056,8.9463
2026-03-12T16:00,13.0,87,10.9,12.2,7.4,7.4,0.0,0.0,0.0,63,1020.9,1019.6,97,78,77,71,6.9,210,24.1,281.0,101.0,180.0,173.4,3403.03,0.14,0.19,13.2,0.43,Genova,44.4056,8.9463
2026-03-12T17:00,13.0,89,11.3,12.6,0.5,0.5,0.0,0.0,0.0,53,1020.8,1019.5,91,9,41,84,5.5,302,19.1,218.0,95.0,123.0,201.2,3600.0,0.11,0.16,13.0,0.426,Genova,44.4056,8.9463
2026-03-12T18:00,13.2,87,11.1,12.7,0.1,0.1,0.0,0.0,0.0,51,1020.4,1019.1,37,8,31,2,5.4,264,15.5,140.0,57.0,83.0,174.3,3429.96,0.07,0.19,12.9,0.423,Genova,44.4056,8.9463
2026-03-12T19:00,12.4,93,11.2,12.4,0.0,0.0,0.0,0.0,0.0,1,1020.3,1019.0,23,9,22,0,2.7,298,13.0,76.0,28.0,48.0,178.4,3552.25,0.03,0.11,12.6,0.421,Genova,44.4056,8.9463
2026-03-12T20:00,10.8,97,10.4,10.4,0.0,0.0,0.0,0.0,0.0,1,1020.8,1019.5,20,0,3,18,3.5,28,13.3,5.0,1.0,4.0,19.1,0.0,0.0,0.03,12.4,0.419,Genova,44.4056,8.9463
2026-03-12T21:00,10.1,96,9.4,9.0,0.0,0.0,0.0,0.0,0.0,0,1021.1,1019.7,2,0,1,2,6.1,19,14.4,0.0,0.0,0.0,0.0,0.0,0.0,0.05,11.6,0.418,Genova,44.4056,8.9463
2026-03-12T22:00,8.7,96,8.1,6.8,0.0,0.0,0.0,0.0,0.0,0,1021.2,1019.8,0,0,0,0,9.6,17,20.5,0.0,0.0,0.0,0.0,0.0,0.0,0.04,10.8,0.417,Genova,44.4056,8.9463
2026-03-12T23:00,8.3,96,7.6,5.8,0.0,0.0,0.0,0.0,0.0,0,1021.5,1020.1,0,0,0,0,12.5,18,25.6,0.0,0.0,0.0,0.0,0.0,0.0,0.05,10.1,0.415,Genova,44.4056,8.9463
2026-03-13T00:00,8.3,94,7.4,5.5,0.0,0.0,0.0,0.0,0.0,0,1021.4,1020.0,0,0,0,0,14.2,15,29.2,0.0,0.0,0.0,0.0,0.0,0.0,0.06,9.8,0.414,Genova,44.4056,8.9463
2026-03-13T01:00,8.1,93,7.1,5.1,0.0,0.0,0.0,0.0,0.0,0,1021.1,1019.7,0,0,0,0,15.4,14,32.0,0.0,0.0,0.0,0.0,0.0,0.0,0.07,9.5,0.413,Genova,44.4056,8.9463
2026-03-13T02:00,8.8,88,7.0,5.9,0.0,0.0,0.0,0.0,0.0,0,1021.3,1019.9,4,4,0,0,14.3,12,32.4,0.0,0.0,0.0,0.0,0.0,0.0,0.13,11.5,0.403,Genova,44.4056,8.9463
2026-03-13T03:00,8.8,87,6.8,5.7,0.0,0.0,0.0,0.0,0.0,0,1020.8,1019.4,10,10,0,0,15.5,13,32.0,0.0,0.0,0.0,0.0,0.0,0.01,0.14,10.8,0.403,Genova,44.4056,8.9463
2026-03-13T04:00,8.4,88,6.6,5.4,0.0,0.0,0.0,0.0,0.0,0,1020.3,1018.9,19,19,0,0,15.0,14,32.0,0.0,0.0,0.0,0.0,0.0,0.0,0.13,10.4,0.403,Genova,44.4056,8.9463
2026-03-13T05:00,7.9,90,6.3,4.8,0.0,0.0,0.0,0.0,0.0,1,1019.7,1018.3,44,43,1,0,14.8,14,31.7,0.0,0.0,0.0,0.0,0.0,0.0,0.11,10.0,0.402,Genova,44.4056,8.9463
2026-03-13T06:00,7.4,91,6.0,4.3,0.0,0.0,0.0,0.0,0.0,1,1019.4,1018.0,23,23,0,0,14.8,14,31.7,0.0,0.0,0.0,0.0,0.0,0.0,0.09,9.6,0.402,Genova,44.4056,8.9463
2026-03-13T07:00,7.2,91,5.7,4.0,0.0,0.0,0.0,0.0,0.0,0,1019.0,1017.6,16,16,0,0,14.1,14,31.7,0.0,0.0,0.0,0.0,0.0,0.0,0.1,9.3,0.402,Genova,44.4056,8.9463
2026-03-13T08:00,7.1,92,5.9,3.9,0.0,0.0,0.0,0.0,0.0,0,1019.3,1017.9,15,15,0,0,14.8,9,30.6,2.0,0.0,2.0,0.0,0.0,0.01,0.08,10.7,0.395,Genova,44.4056,8.9463
2026-03-13T09:00,9.7,84,7.1,6.8,0.0,0.0,0.0,0.0,0.0,1,1019.5,1018.1,34,34,0,0,14.8,2,32.0,76.0,29.0,47.0,210.4,3600.0,0.04,0.19,10.5,0.396,Genova,44.4056,8.9463
2026-03-13T10:00,12.5,77,8.5,10.3,0.0,0.0,0.0,0.0,0.0,1,1019.8,1018.5,28,28,0,0,11.8,352,29.9,239.0,156.0,83.0,502.3,3600.0,0.11,0.34,11.1,0.395,Genova,44.4056,8.9463
2026-03-13T11:00,14.5,66,8.3,13.0,0.0,0.0,0.0,0.0,0.0,0,1019.3,1018.0,1,1,0,0,7.0,339,27.4,394.0,297.0,97.0,646.0,3600.0,0.2,0.56,12.1,0.395,Genova,44.4056,8.9463
2026-03-13T12:00,16.1,57,7.6,14.9,0.0,0.0,0.0,0.0,0.0,0,1018.6,1017.3,0,0,0,0,3.5,242,19.1,539.0,424.0,115.0,737.1,3600.0,0.3,0.78,13.4,0.394,Genova,44.4056,8.9463
2026-03-13T13:00,16.5,54,7.2,15.0,0.0,0.0,0.0,0.0,0.0,0,1017.8,1016.5,0,0,0,0,9.1,197,26.3,654.0,548.0,106.0,844.3,3600.0,0.36,0.86,14.5,0.392,Genova,44.4056,8.9463
2026-03-13T14:00,15.9,56,7.1,14.5,0.0,0.0,0.0,0.0,0.0,0,1017.5,1016.2,12,12,3,0,10.2,189,31.3,685.0,575.0,110.0,850.1,3600.0,0.37,0.8,15.5,0.388,Genova,44.4056,8.9463
2026-03-13T15:00,16.0,57,7.4,14.5,0.0,0.0,0.0,0.0,0.0,0,1016.7,1015.4,5,1,5,0,9.5,191,29.2,654.0,534.0,120.0,815.0,3600.0,0.35,0.78,15.8,0.386,Genova,44.4056,8.9463
2026-03-13T16:00,15.4,61,7.9,13.5,0.0,0.0,0.0,0.0,0.0,0,1016.3,1015.0,6,0,6,0,9.5,180,27.4,552.0,442.0,110.0,753.0,3600.0,0.29,0.68,15.8,0.386,Genova,44.4056,8.9463
2026-03-13T17:00,14.7,63,7.7,13.0,0.0,0.0,0.0,0.0,0.0,0,1015.8,1014.5,2,0,2,0,7.7,155,26.6,396.0,299.0,97.0,627.5,3600.0,0.21,0.63,15.5,0.385,Genova,44.4056,8.9463
2026-03-13T18:00,14.2,67,8.1,12.5,0.0,0.0,0.0,0.0,0.0,0,1015.2,1013.9,5,2,1,4,8.2,157,21.6,260.0,176.0,84.0,531.4,3600.0,0.14,0.54,15.1,0.385,Genova,44.4056,8.9463
2026-03-13T19:00,12.6,85,10.2,11.5,0.0,0.0,0.0,0.0,0.0,0,1014.9,1013.6,11,0,4,8,8.3,169,21.6,105.0,58.0,47.0,360.2,3600.0,0.05,0.22,14.3,0.385,Genova,44.4056,8.9463
2026-03-13T20:00,11.6,95,10.8,10.8,0.0,0.0,0.0,0.0,0.0,0,1014.8,1013.5,14,0,9,5,6.9,143,18.0,6.0,1.0,5.0,18.5,0.0,0.0,0.08,14.1,0.386,Genova,44.4056,8.9463
2026-03-13T21:00,11.4,94,10.5,10.7,0.0,0.0,0.0,0.0,0.0,2,1014.7,1013.4,60,2,8,56,6.0,119,15.5,0.0,0.0,0.0,0.0,0.0,0.0,0.08,13.0,0.386,Genova,44.4056,8.9463
2026-03-13T22:00,11.3,92,10.1,10.4,0.0,0.0,0.0,0.0,0.0,3,1014.2,1012.9,99,5,4,98,6.8,101,14.4,0.0,0.0,0.0,0.0,0.0,0.0,0.1,12.2,0.386,Genova,44.4056,8.9463
2026-03-13T23:00,10.9,92,9.7,9.9,0.0,0.0,0.0,0.0,0.0,3,1014.0,1012.7,92,14,2,91,6.4,108,15.8,0.0,0.0,0.0,0.0,0.0,0.0,0.1,11.6,0.387,Genova,44.4056,8.9463
2026-03-14T00:00,10.6,91,9.2,9.3,0.0,0.0,0.0,0.0,0.0,3,1013.6,1012.3,96,41,19,93,7.5,101,16.9,0.0,0.0,0.0,0.0,0.0,0.0,0.11,11.2,0.387,Genova,44.4056,8.9463
2026-03-14T01:00,10.6,91,9.3,9.3,0.3,0.3,0.0,0.0,0.0,51,1012.9,1011.6,100,71,66,98,8.0,115,18.4,0.0,0.0,0.0,0.0,0.0,0.0,0.11,11.0,0.39,Genova,44.4056,8.9463
2026-03-14T02:00,10.4,95,9.6,9.2,0.5,0.5,0.0,0.0,0.0,53,1012.7,1011.4,100,81,59,98,6.9,143,18.0,0.0,0.0,0.0,0.0,0.0,0.0,0.07,11.4,0.38,Genova,44.4056,8.9463
2026-03-14T03:00,10.4,99,10.2,8.8,0.3,0.3,0.0,0.0,0.0,51,1011.7,1010.4,100,100,81,100,12.0,159,25.9,0.0,0.0,0.0,0.0,0.0,0.0,0.02,11.2,0.385,Genova,44.4056,8.9463
2026-03-14T04:00,10.9,97,10.5,8.6,0.9,0.9,0.0,0.0,0.0,53,1010.3,1009.0,100,38,61,100,17.0,161,37.4,0.0,0.0,0.0,0.0,0.0,0.0,0.03,11.2,0.396,Genova,44.4056,8.9463
2026-03-14T05:00,10.5,97,10.0,8.0,1.2,1.2,0.0,0.0,0.0,55,1009.4,1008.1,100,100,53,99,17.2,164,39.2,0.0,0.0,0.0,0.0,0.0,0.0,0.04,11.1,0.41,Genova,44.4056,8.9463
2026-03-14T06:00,10.7,97,10.2,8.1,0.6,0.6,0.0,0.0,0.0,53,1008.5,1007.2,99,61,63,97,18.4,164,40.7,0.0,0.0,0.0,0.0,0.0,0.0,0.04,11.0,0.413,Genova,44.4056,8.9463
2026-03-14T07:00,10.4,97,9.9,7.9,1.1,1.1,0.0,0.0,0.0,55,1007.9,1006.6,99,55,45,98,16.7,172,41.0,0.0,0.0,0.0,0.0,0.0,0.0,0.04,10.9,0.421,Genova,44.4056,8.9463
2026-03-14T08:00,9.8,98,9.5,7.3,1.0,1.0,0.0,0.0,0.0,55,1007.4,1006.1,99,69,70,91,16.1,156,41.8,1.0,0.0,1.0,0.0,0.0,0.01,0.03,12.5,0.411,Genova,44.4056,8.9463
2026-03-14T09:00,10.5,94,9.6,7.4,0.8,0.8,0.0,0.0,0.0,53,1006.4,1005.1,95,69,75,55,20.6,152,44.6,45.0,9.0,36.0,62.7,80.59,0.03,0.08,11.8,0.417,Genova,44.4056,8.9463
2026-03-14T10:00,10.6,91,9.2,7.0,1.4,1.4,0.0,0.0,0.0,61,1006.0,1004.7,100,98,66,56,23.3,147,52.6,136.0,46.0,90.0,145.4,2563.04,0.06,0.11,11.4,0.425,Genova,44.4056,8.9463
2026-03-14T11:00,10.9,88,9.0,7.3,1.0,1.0,0.0,0.0,0.0,55,1005.0,1003.7,100,73,88,95,22.7,139,53.6,151.0,24.0,127.0,51.6,0.0,0.07,0.15,11.3,0.426,Genova,44.4056,8.9463
2026-03-14T12:00,11.0,96,10.4,8.1,1.7,1.7,0.0,0.0,0.0,61,1004.5,1003.2,100,100,100,99,20.9,149,52.2,112.0,12.0,100.0,20.7,0.0,0.05,0.05,11.2,0.427,Genova,44.4056,8.9463
2026-03-14T13:00,10.5,94,9.7,7.3,2.0,2.0,0.0,0.0,0.0,61,1003.6,1002.3,100,56,100,92,21.9,160,60.1,78.0,0.0,78.0,0.0,0.0,0.04,0.07,11.1,0.43,Genova,44.4056,8.9463
2026-03-14T14:00,10.6,96,9.9,7.2,3.3,3.3,0.0,0.0,0.0,63,1002.6,1001.3,100,100,100,100,22.9,150,54.4,68.0,1.0,67.0,1.5,0.0,0.04,0.05,11.3,0.43,Genova,44.4056,8.9463
2026-03-14T15:00,10.8,94,9.8,7.4,3.0,3.0,0.0,0.0,0.0,63,1001.1,999.8,100,100,100,100,22.8,154,57.6,62.0,0.0,62.0,0.0,0.0,0.04,0.08,11.1,0.43,Genova,44.4056,8.9463
2026-03-14T16:00,10.8,96,10.3,7.7,2.7,2.7,0.0,0.0,0.0,63,1000.2,998.9,100,94,100,100,22.1,157,55.8,39.0,0.0,39.0,0.0,0.0,0.03,0.05,11.0,0.43,Genova,44.4056,8.9463
2026-03-14T17:00,11.0,97,10.6,7.6,4.3,4.3,0.0,0.0,0.0,63,999.2,997.9,100,100,100,100,24.7,148,53.3,21.0,0.0,21.0,0.0,0.0,0.02,0.04,11.0,0.43,Genova,44.4056,8.9463
2026-03-14T18:00,11.1,97,10.7,7.7,4.5,4.5,0.0,0.0,0.0,63,998.7,997.4,100,100,100,100,24.6,162,57.6,11.0,0.0,11.0,0.0,0.0,0.02,0.03,11.1,0.43,Genova,44.4056,8.9463
2026-03-14T19:00,11.3,97,10.8,7.4,6.6,6.6,0.0,0.0,0.0,63,997.8,996.5,100,100,100,100,28.4,142,59.0,5.0,0.0,5.0,0.0,0.0,0.02,0.04,11.1,0.43,Genova,44.4056,8.9463
2026-03-14T20:00,11.1,97,10.7,8.0,4.8,4.8,0.0,0.0,0.0,63,998.0,996.7,100,100,100,100,22.3,137,67.7,0.0,0.0,0.0,0.0,0.0,0.01,0.03,10.7,0.43,Genova,44.4056,8.9463
2026-03-14T21:00,11.1,98,10.7,9.4,3.8,3.8,0.0,0.0,0.0,63,997.9,996.6,100,100,100,100,12.8,151,50.0,0.0,0.0,0.0,0.0,0.0,0.0,0.03,10.9,0.43,Genova,44.4056,8.9463
2026-03-14T22:00,10.8,97,10.4,9.3,5.3,5.3,0.0,0.0,0.0,63,997.6,996.3,100,100,100,100,11.4,142,35.6,0.0,0.0,0.0,0.0,0.0,0.0,0.03,10.9,0.43,Genova,44.4056,8.9463
2026-03-14T23:00,11.1,98,10.8,7.8,6.9,6.9,0.0,0.0,0.0,63,997.3,996.0,100,100,100,100,24.1,149,52.6,0.0,0.0,0.0,0.0,0.0,0.0,0.03,11.0,0.43,Genova,44.4056,8.9463
2026-03-15T00:00,11.2,98,10.9,7.6,8.3,8.3,0.0,0.0,0.0,65,997.0,995.7,100,100,100,100,26.5,143,60.8,0.0,0.0,0.0,0.0,0.0,0.0,0.03,11.0,0.43,Genova,44.4056,8.9463
2026-03-15T01:00,11.2,97,10.8,6.7,5.7,5.7,0.0,0.0,0.0,63,996.9,995.6,100,100,100,100,32.7,143,72.7,0.0,0.0,0.0,0.0,0.0,0.0,0.04,11.0,0.429,Genova,44.4056,8.9463
2026-03-15T02:00,11.5,95,10.7,7.5,6.1,6.1,0.0,0.0,0.0,63,996.9,995.6,100,100,100,100,29.2,127,69.8,0.0,0.0,0.0,0.0,0.0,0.0,0.07,10.5,0.429,Genova,44.4056,8.9463
2026-03-15T03:00,11.0,97,10.5,7.1,4.9,4.9,0.0,0.0,0.0,63,997.0,995.7,100,100,100,100,28.1,126,68.8,0.0,0.0,0.0,0.0,0.0,0.0,0.04,10.6,0.429,Genova,44.4056,8.9463
2026-03-15T04:00,10.8,96,10.1,7.4,2.9,2.9,0.0,0.0,0.0,63,997.1,995.8,100,100,100,100,23.1,110,63.0,0.0,0.0,0.0,0.0,0.0,0.0,0.05,10.7,0.428,Genova,44.4056,8.9463
2026-03-15T05:00,10.6,96,10.0,7.3,2.2,2.2,0.0,0.0,0.0,61,997.4,996.1,100,100,100,100,22.7,106,54.7,0.0,0.0,0.0,0.0,0.0,0.0,0.05,10.6,0.428,Genova,44.4056,8.9463
2026-03-15T06:00,10.6,94,9.7,7.4,3.1,3.1,0.0,0.0,0.0,63,998.2,996.9,100,83,100,100,21.2,105,54.0,0.0,0.0,0.0,0.0,0.0,0.0,0.08,10.6,0.427,Genova,44.4056,8.9463
2026-03-15T07:00,10.6,94,9.7,8.5,3.6,3.6,0.0,0.0,0.0,63,999.1,997.8,100,95,100,100,14.1,101,48.2,0.0,0.0,0.0,0.0,0.0,0.0,0.07,10.5,0.427,Genova,44.4056,8.9463
2026-03-15T08:00,11.0,86,8.7,8.9,1.9,1.9,0.0,0.0,0.0,61,1000.9,999.6,100,41,100,100,11.9,48,33.1,0.0,0.0,0.0,0.0,0.0,0.03,0.18,8.8,0.427,Genova,44.4056,8.9463
2026-03-15T09:00,8.7,97,8.3,5.5,1.2,1.2,0.0,0.0,0.0,55,1002.7,1001.4,100,80,100,100,18.3,341,35.3,8.0,0.0,8.0,0.0,0.0,0.02,0.03,9.2,0.426,Genova,44.4056,8.9463
2026-03-15T10:00,8.0,96,7.3,4.3,0.7,0.7,0.0,0.0,0.0,53,1003.9,1002.6,100,86,99,100,20.7,353,44.3,35.0,0.0,35.0,0.0,0.0,0.02,0.05,9.1,0.426,Genova,44.4056,8.9463
2026-03-15T11:00,8.2,89,6.5,3.9,0.3,0.3,0.0,0.0,0.0,51,1005.4,1004.1,100,100,99,100,23.0,351,48.2,75.0,1.0,74.0,2.1,0.0,0.05,0.12,8.9,0.424,Genova,44.4056,8.9463
2026-03-15T12:00,10.8,73,6.2,6.7,0.0,0.0,0.0,0.0,0.0,3,1006.1,1004.8,100,77,46,100,21.5,344,50.8,320.0,74.0,246.0,126.2,1987.14,0.15,0.35,9.7,0.422,Genova,44.4056,8.9463
2026-03-15T13:00,11.2,72,6.4,6.7,0.0,0.0,0.0,0.0,0.0,3,1006.8,1005.5,100,91,98,100,24.5,340,56.9,382.0,119.0,263.0,180.4,3600.0,0.18,0.37,10.5,0.419,Genova,44.4056,8.9463
2026-03-15T14:00,11.0,74,6.6,6.5,0.0,0.0,0.0,0.0,0.0,3,1007.4,1006.1,99,98,24,29,25.0,343,59.4,352.0,92.0,260.0,134.0,2220.27,0.16,0.34,11.6,0.416,Genova,44.4056,8.9463
2026-03-15T15:00,12.5,71,7.4,7.5,0.0,0.0,0.0,0.0,0.0,3,1007.3,1006.0,97,95,39,0,29.1,345,67.0,550.0,340.0,210.0,511.4,3600.0,0.23,0.42,12.1,0.414,Genova,44.4056,8.9463
2026-03-15T16:00,11.5,75,7.3,6.5,0.0,0.0,0.0,0.0,0.0,3,1007.7,1006.4,100,100,23,0,29.1,343,67.7,413.0,227.0,186.0,380.7,3600.0,0.17,0.33,12.1,0.413,Genova,44.4056,8.9463
2026-03-15T17:00,11.4,78,7.8,6.5,0.0,0.0,0.0,0.0,0.0,3,1007.9,1006.6,100,100,7,2,29.6,343,68.4,310.0,193.0,117.0,397.7,3600.0,0.14,0.29,12.0,0.412,Genova,44.4056,8.9463
2026-03-15T18:00,11.2,80,8.0,6.5,0.0,0.0,0.0,0.0,0.0,3,1008.3,1007.0,100,100,6,5,28.9,343,67.7,214.0,115.0,99.0,338.6,3600.0,0.1,0.26,11.8,0.411,Genova,44.4056,8.9463
2026-03-15T19:00,11.2,86,9.0,6.9,0.0,0.0,0.0,0.0,0.0,3,1008.9,1007.6,100,100,2,22,27.9,346,65.9,83.0,43.0,40.0,254.2,3600.0,0.05,0.18,11.5,0.411,Genova,44.4056,8.9463
2026-03-15T20:00,11.4,88,9.5,7.2,0.0,0.0,0.0,0.0,0.0,3,1010.0,1008.7,100,100,2,3,27.6,344,61.9,6.0,1.0,5.0,17.3,0.0,0.03,0.16,11.4,0.41,Genova,44.4056,8.9463
2026-03-15T21:00,11.3,88,9.4,7.4,0.0,0.0,0.0,0.0,0.0,3,1010.7,1009.4,100,100,6,0,26.0,344,60.8,0.0,0.0,0.0,0.0,0.0,0.02,0.16,11.2,0.41,Genova,44.4056,8.9463
2026-03-15T22:00,11.2,88,9.3,7.3,0.0,0.0,0.0,0.0,0.0,3,1011.5,1010.2,100,100,0,0,25.4,346,56.9,0.0,0.0,0.0,0.0,0.0,0.01,0.15,11.1,0.409,Genova,44.4056,8.9463
2026-03-15T23:00,10.8,89,9.0,7.1,0.0,0.0,0.0,0.0,0.0,3,1012.1,1010.8,98,98,4,0,23.7,349,55.1,0.0,0.0,0.0,0.0,0.0,0.01,0.15,11.0,0.409,Genova,44.4056,8.9463
2026-03-16T00:00,10.7,89,8.9,6.9,0.0,0.0,0.0,0.0,0.0,3,1012.7,1011.4,100,100,1,0,24.0,349,51.5,0.0,0.0,0.0,0.0,0.0,0.01,0.15,10.8,0.408,Genova,44.4056,8.9463
2026-03-16T01:00,10.4,90,8.7,6.7,0.0,0.0,0.0,0.0,0.0,3,1012.8,1011.5,100,100,0,0,23.2,348,51.8,0.0,0.0,0.0,0.0,0.0,0.01,0.13,10.7,0.408,Genova,44.4056,8.9463
2026-03-16T02:00,10.8,88,8.9,7.5,0.0,0.0,0.0,0.0,0.0,3,1013.0,1011.7,95,84,5,67,20.9,347,50.0,0.0,0.0,0.0,0.0,0.0,0.01,0.16,12.1,0.407,Genova,44.4056,8.9463
2026-03-16T03:00,9.9,91,8.5,6.3,0.0,0.0,0.0,0.0,0.0,3,1013.4,1012.1,100,100,1,100,22.0,352,49.7,0.0,0.0,0.0,0.0,0.0,0.01,0.11,11.4,0.407,Genova,44.4056,8.9463
2026-03-16T04:00,9.7,90,8.1,6.1,0.0,0.0,0.0,0.0,0.0,3,1013.1,1011.8,100,100,0,100,21.3,357,47.9,0.0,0.0,0.0,0.0,0.0,0.01,0.12,10.9,0.407,Genova,44.4056,8.9463
2026-03-16T05:00,9.5,89,7.7,5.8,0.0,0.0,0.0,0.0,0.0,3,1012.8,1011.5,100,99,0,100,21.3,355,46.4,0.0,0.0,0.0,0.0,0.0,0.01,0.14,10.5,0.406,Genova,44.4056,8.9463
2026-03-16T06:00,9.6,90,8.0,5.7,0.0,0.0,0.0,0.0,0.0,3,1013.5,1012.2,100,98,0,95,22.6,355,50.0,0.0,0.0,0.0,0.0,0.0,0.01,0.12,10.3,0.406,Genova,44.4056,8.9463
2026-03-16T07:00,10.0,87,8.0,6.4,0.0,0.0,0.0,0.0,0.0,1,1013.4,1012.1,45,22,0,29,21.4,0,50.8,0.0,0.0,0.0,0.0,0.0,0.01,0.16,10.2,0.406,Genova,44.4056,8.9463
2026-03-16T08:00,9.6,87,7.5,5.7,0.0,0.0,0.0,0.0,0.0,2,1014.1,1012.8,52,25,0,35,21.8,359,47.2,5.0,1.0,4.0,19.1,0.0,0.02,0.16,11.7,0.405,Genova,44.4056,8.9463
2026-03-16T09:00,11.1,79,7.7,7.3,0.0,0.0,0.0,0.0,0.0,0,1014.5,1013.2,1,1,0,0,21.8,356,49.7,98.0,47.0,51.0,303.0,3600.0,0.06,0.27,11.4,0.405,Genova,44.4056,8.9463
2026-03-16T10:00,13.3,71,8.1,10.0,0.0,0.0,0.0,0.0,0.0,0,1014.5,1013.2,0,0,0,0,19.2,353,46.4,274.0,192.0,82.0,585.8,3600.0,0.14,0.45,11.8,0.404,Genova,44.4056,8.9463
2026-03-16T11:00,15.7,58,7.4,12.2,0.0,0.0,0.0,0.0,0.0,0,1014.5,1013.2,0,0,0,0,19.5,351,46.1,450.0,361.0,89.0,757.4,3600.0,0.25,0.75,12.8,0.402,Genova,44.4056,8.9463
2026-03-16T12:00,17.1,52,7.2,13.7,0.0,0.0,0.0,0.0,0.0,0,1014.6,1013.3,0,0,0,0,19.2,349,47.2,585.0,487.0,98.0,823.1,3600.0,0.33,0.93,13.8,0.4,Genova,44.4056,8.9463
2026-03-16T13:00,18.2,49,7.2,15.5,0.0,0.0,0.0,0.0,0.0,0,1014.4,1013.1,5,0,0,5,17.6,347,46.1,672.0,570.0,102.0,857.2,3600.0,0.39,1.07,14.8,0.398,Genova,44.4056,8.9463
2026-03-16T14:00,19.2,46,7.2,17.3,0.0,0.0,0.0,0.0,0.0,1,1013.8,1012.5,29,0,0,29,13.8,334,42.1,704.0,601.0,103.0,869.1,3600.0,0.42,1.21,15.8,0.398,Genova,44.4056,8.9463
2026-03-16T15:00,19.6,42,6.2,16.8,0.0,0.0,0.0,0.0,0.0,0,1013.4,1012.1,15,0,0,15,16.9,329,40.3,678.0,575.0,103.0,858.6,3600.0,0.43,1.33,16.4,0.396,Genova,44.4056,8.9463
2026-03-16T16:00,19.3,43,6.4,15.9,0.0,0.0,0.0,0.0,0.0,0,1013.1,1011.8,2,0,0,2,17.2,333,41.0,563.0,451.0,112.0,750.7,3600.0,0.37,1.28,16.7,0.394,Genova,44.4056,8.9463
2026-03-16T17:00,18.8,44,6.3,15.2,0.0,0.0,0.0,0.0,0.0,0,1013.0,1011.7,0,0,0,0,18.0,336,41.8,463.0,373.0,90.0,761.8,3600.0,0.31,1.21,16.7,0.392,Genova,44.4056,8.9463
2026-03-16T18:00,17.8,48,6.6,14.5,0.0,0.0,0.0,0.0,0.0,2,1013.2,1011.9,73,0,0,73,16.3,343,41.8,297.0,222.0,75.0,645.8,3600.0,0.22,1.06,16.3,0.392,Genova,44.4056,8.9463
2026-03-16T19:00,15.9,54,6.6,13.1,0.0,0.0,0.0,0.0,0.0,3,1013.5,1012.2,98,0,0,98,12.8,357,36.4,118.0,63.0,55.0,363.8,3600.0,0.11,0.83,15.5,0.391,Genova,44.4056,8.9463
2026-03-16T20:00,14.2,55,5.3,10.8,0.0,0.0,0.0,0.0,0.0,3,1013.8,1012.5,100,0,0,100,15.3,9,29.5,8.0,1.0,7.0,16.7,0.0,0.07,0.73,16.2,0.37,Genova,44.4056,8.9463
2026-03-16T21:00,13.5,56,4.8,10.0,0.0,0.0,0.0,0.0,0.0,2,1013.9,1012.6,70,0,0,70,15.2,10,33.5,0.0,0.0,0.0,0.0,0.0,0.06,0.69,14.9,0.372,Genova,44.4056,8.9463
2026-03-16T22:00,12.9,57,4.7,9.3,0.0,0.0,0.0,0.0,0.0,1,1014.0,1012.7,23,0,0,23,15.4,6,33.8,0.0,0.0,0.0,0.0,0.0,0.06,0.63,13.9,0.374,Genova,44.4056,8.9463
2026-03-16T23:00,12.3,57,4.1,8.6,0.0,0.0,0.0,0.0,0.0,1,1014.3,1013.0,29,0,2,29,15.7,5,34.2,0.0,0.0,0.0,0.0,0.0,0.06,0.61,13.2,0.375,Genova,44.4056,8.9463
2026-03-17T00:00,12.1,57,3.8,8.3,0.0,0.0,0.0,0.0,0.0,3,1014.5,1013.2,83,0,1,82,15.9,4,35.3,0.0,0.0,0.0,0.0,0.0,0.06,0.61,12.7,0.377,Genova,44.4056,8.9463
2026-03-17T01:00,11.9,51,2.0,7.9,0.0,0.0,0.0,0.0,0.0,3,1014.6,1013.3,100,0,0,100,15.0,5,35.3,0.0,0.0,0.0,0.0,0.0,0.07,0.69,12.3,0.378,Genova,44.4056,8.9463
2026-03-17T02:00,13.0,35,-2.0,8.2,0.0,0.0,0.0,0.0,0.0,3,1014.4,1013.1,95,0,2,95,16.2,360,34.2,0.0,0.0,0.0,0.0,0.0,0.11,0.97,13.5,0.391,Genova,44.4056,8.9463
2026-03-17T03:00,12.5,33,-3.3,7.3,0.0,0.0,0.0,0.0,0.0,2,1014.5,1013.2,75,0,0,75,17.7,5,40.7,0.0,0.0,0.0,0.0,0.0,0.11,0.97,12.8,0.391,Genova,44.4056,8.9463
2026-03-17T04:00,12.4,33,-3.5,7.0,0.0,0.0,0.0,0.0,0.0,3,1014.5,1013.2,95,0,0,95,19.1,4,44.6,0.0,0.0,0.0,0.0,0.0,0.12,0.97,12.4,0.39,Genova,44.4056,8.9463
2026-03-17T05:00,11.6,36,-2.9,6.4,0.0,0.0,0.0,0.0,0.0,3,1014.4,1013.1,94,0,0,94,18.3,6,43.6,0.0,0.0,0.0,0.0,0.0,0.11,0.87,12.0,0.39,Genova,44.4056,8.9463
2026-03-17T06:00,10.9,41,-1.9,5.8,0.0,0.0,0.0,0.0,0.0,3,1015.0,1013.7,98,0,0,98,18.4,360,40.7,0.0,0.0,0.0,0.0,0.0,0.1,0.77,11.6,0.389,Genova,44.4056,8.9463
2026-03-17T07:00,9.8,47,-1.1,4.8,0.0,0.0,0.0,0.0,0.0,3,1015.2,1013.9,97,0,0,97,18.7,1,39.6,0.0,0.0,0.0,0.0,0.0,0.08,0.65,11.2,0.389,Genova,44.4056,8.9463
2026-03-17T08:00,9.8,50,-0.2,4.8,0.0,0.0,0.0,0.0,0.0,2,1015.7,1014.4,77,0,0,77,19.3,2,42.1,5.0,0.0,5.0,0.0,0.0,0.08,0.61,12.4,0.389,Genova,44.4056,8.9463
2026-03-17T09:00,11.3,49,1.1,6.6,0.0,0.0,0.0,0.0,0.0,2,1016.5,1015.2,79,0,0,79,18.8,354,42.1,102.0,44.0,58.0,273.5,3600.0,0.11,0.68,12.0,0.388,Genova,44.4056,8.9463
2026-03-17T10:00,13.3,47,2.2,9.2,0.0,0.0,0.0,0.0,0.0,0,1016.9,1015.6,13,0,0,13,16.0,346,40.3,279.0,194.0,85.0,581.8,3600.0,0.18,0.81,12.4,0.387,Genova,44.4056,8.9463
2026-03-17T11:00,15.4,46,3.7,11.8,0.0,0.0,0.0,0.0,0.0,0,1016.8,1015.5,13,0,13,0,14.0,337,37.4,453.0,361.0,92.0,748.6,3600.0,0.26,0.95,13.2,0.386,Genova,44.4056,8.9463
2026-03-17T12:00,16.6,46,5.0,13.3,0.0,0.0,0.0,0.0,0.0,0,1016.7,1015.4,0,0,0,0,14.2,333,36.0,547.0,417.0,130.0,698.4,3600.0,0.32,1.01,14.2,0.385,Genova,44.4056,8.9463
2026-03-17T13:00,17.2,48,5.9,14.3,0.0,0.0,0.0,0.0,0.0,0,1016.3,1015.0,0,0,0,0,17.0,336,41.4,669.0,561.0,108.0,837.1,3600.0,0.38,1.03,15.2,0.383,Genova,44.4056,8.9463
2026-03-17T14:00,16.9,57,8.2,14.1,0.0,0.0,0.0,0.0,0.0,0,1016.2,1014.9,2,1,1,2,21.1,333,45.7,690.0,575.0,115.0,825.5,3600.0,0.37,0.84,15.9,0.382,Genova,44.4056,8.9463
2026-03-17T15:00,18.1,51,7.9,15.0,0.0,0.0,0.0,0.0,0.0,0,1014.8,1013.5,0,0,0,0,21.7,333,51.8,668.0,545.0,123.0,808.1,3600.0,0.39,1.02,16.4,0.381,Genova,44.4056,8.9463
2026-03-17T16:00,18.2,47,6.6,14.4,0.0,0.0,0.0,0.0,0.0,0,1014.2,1012.9,0,0,0,0,21.4,334,51.5,602.0,507.0,95.0,837.6,3600.0,0.37,1.11,16.6,0.379,Genova,44.4056,8.9463
2026-03-17T17:00,17.7,45,5.7,13.6,0.0,0.0,0.0,0.0,0.0,2,1013.6,1012.3,53,0,0,53,20.7,337,50.4,468.0,379.0,89.0,767.3,3600.0,0.3,1.1,16.5,0.378,Genova,44.4056,8.9463
2026-03-17T18:00,16.7,48,5.6,12.7,0.0,0.0,0.0,0.0,0.0,3,1013.4,1012.1,85,0,0,85,19.7,340,48.2,297.0,219.0,78.0,629.5,3600.0,0.22,0.99,16.2,0.377,Genova,44.4056,8.9463
2026-03-17T19:00,15.1,54,5.9,11.6,0.0,0.0,0.0,0.0,0.0,1,1013.9,1012.6,48,0,0,48,17.4,343,42.8,123.0,71.0,52.0,400.7,3600.0,0.12,0.79,15.5,0.377,Genova,44.4056,8.9463
2026-03-17T20:00,13.1,60,5.6,9.8,0.0,0.0,0.0,0.0,0.0,0,1014.0,1012.7,1,1,1,0,15.0,356,37.1,10.0,3.0,7.0,48.4,128.52,0.06,0.6,16.0,0.377,Genova,44.4056,8.9463
2026-03-17T21:00,11.8,66,5.5,8.8,0.0,0.0,0.0,0.0,0.0,0,1014.2,1012.9,0,0,0,0,12.5,8,31.3,0.0,0.0,0.0,0.0,0.0,0.04,0.48,14.6,0.377,Genova,44.4056,8.9463
2026-03-17T22:00,10.4,68,4.8,7.4,0.0,0.0,0.0,0.0,0.0,0,1014.7,1013.4,0,0,0,0,11.4,12,27.0,0.0,0.0,0.0,0.0,0.0,0.03,0.4,13.5,0.378,Genova,44.4056,8.9463
2026-03-17T23:00,9.5,70,4.3,7.3,0.0,0.0,0.0,0.0,0.0,1,1015.3,1014.0,39,0,39,0,5.7,13,25.2,0.0,0.0,0.0,0.0,0.0,0.01,0.35,12.6,0.378,Genova,44.4056,8.9463
2026-03-18T00:00,9.4,71,4.4,7.6,0.0,0.0,0.0,0.0,0.0,0,1015.6,1014.3,9,0,9,0,3.3,354,14.8,0.0,0.0,0.0,0.0,0.0,0.0,0.35,11.9,0.378,Genova,44.4056,8.9463
2026-03-18T01:00,10.1,67,4.3,8.0,0.0,0.0,0.0,0.0,0.0,1,1015.7,1014.4,45,0,45,0,5.2,348,12.6,0.0,0.0,0.0,0.0,0.0,0.01,0.41,11.5,0.378,Genova,44.4056,8.9463
2026-03-18T02:00,8.1,77,4.3,6.0,0.0,0.0,0.0,0.0,0.0,2,1015.3,1013.9,52,9,52,0,4.8,25,12.2,0.0,0.0,0.0,0.0,0.0,0.0,0.25,13.0,0.38,Genova,44.4056,8.9463
2026-03-18T03:00,8.4,76,4.5,6.1,0.0,0.0,0.0,0.0,0.0,3,1014.9,1013.5,100,16,100,0,6.8,25,16.6,0.0,0.0,0.0,0.0,0.0,0.0,0.26,12.0,0.38,Genova,44.4056,8.9463
2026-03-18T04:00,9.5,69,4.1,6.8,0.0,0.0,0.0,0.0,0.0,3,1014.3,1013.0,100,7,100,0,9.3,19,19.8,0.0,0.0,0.0,0.0,0.0,0.02,0.37,11.6,0.38,Genova,44.4056,8.9463
2026-03-18T05:00,10.0,60,2.5,7.0,0.0,0.0,0.0,0.0,0.0,3,1014.0,1012.7,100,8,100,0,9.1,17,20.5,0.0,0.0,0.0,0.0,0.0,0.03,0.5,11.4,0.38,Genova,44.4056,8.9463
2026-03-18T06:00,10.2,54,1.4,7.1,0.0,0.0,0.0,0.0,0.0,3,1014.5,1013.2,100,25,100,0,8.0,27,20.2,0.0,0.0,0.0,0.0,0.0,0.03,0.57,11.2,0.38,Genova,44.4056,8.9463
2026-03-18T07:00,10.3,49,0.1,7.1,0.0,0.0,0.0,0.0,0.0,3,1015.0,1013.7,100,36,100,0,7.5,35,18.7,0.0,0.0,0.0,0.0,0.0,0.03,0.64,11.1,0.38,Genova,44.4056,8.9463
2026-03-18T08:00,10.1,44,-1.5,6.3,0.2,0.2,0.0,0.0,0.0,51,1015.2,1013.9,100,30,100,0,9.8,36,26.6,0.0,0.0,0.0,0.0,0.0,0.07,0.69,9.4,0.381,Genova,44.4056,8.9463
2026-03-18T09:00,9.6,48,-0.8,6.0,0.1,0.1,0.0,0.0,0.0,51,1015.7,1014.4,100,1,100,0,9.2,339,22.3,8.0,0.0,8.0,0.0,0.0,0.07,0.62,9.4,0.382,Genova,44.4056,8.9463
2026-03-18T10:00,10.0,54,1.1,6.5,0.0,0.0,0.0,0.0,0.0,3,1015.8,1014.5,100,0,100,0,10.4,316,22.3,75.0,20.0,55.0,59.0,0.0,0.09,0.57,9.7,0.381,Genova,44.4056,8.9463
2026-03-18T11:00,10.9,47,0.2,6.5,0.0,0.0,0.0,0.0,0.0,3,1016.3,1015.0,92,0,92,0,16.0,333,38.2,205.0,89.0,116.0,182.5,3600.0,0.16,0.69,10.3,0.381,Genova,44.4056,8.9463
2026-03-18T12:00,13.0,35,-2.2,7.9,0.0,0.0,0.0,0.0,0.0,2,1016.8,1015.5,72,6,72,0,17.8,1,41.4,371.0,188.0,183.0,312.1,3600.0,0.25,0.98,11.2,0.379,Genova,44.4056,8.9463
2026-03-18T13:00,14.3,35,-0.8,9.3,0.0,0.0,0.0,0.0,0.0,2,1016.8,1015.5,55,35,53,0,19.3,40,45.4,551.0,324.0,227.0,479.8,3600.0,0.33,1.05,12.4,0.377,Genova,44.4056,8.9463
2026-03-18T14:00,12.5,45,0.8,7.6,0.0,0.0,0.0,0.0,0.0,1,1017.3,1016.0,43,29,27,0,20.8,29,51.5,568.0,355.0,213.0,506.1,3600.0,0.3,0.8,12.6,0.394,Genova,44.4056,8.9463
2026-03-18T15:00,13.0,47,1.8,8.3,0.0,0.0,0.0,0.0,0.0,3,1017.1,1015.8,80,50,69,0,20.0,26,49.0,556.0,368.0,188.0,541.9,3600.0,0.3,0.8,13.1,0.392,Genova,44.4056,8.9463
2026-03-18T16:00,12.6,51,2.7,8.2,0.0,0.0,0.0,0.0,0.0,3,1016.8,1015.5,85,35,73,16,18.5,25,46.8,350.0,188.0,162.0,308.3,3600.0,0.22,0.71,13.1,0.39,Genova,44.4056,8.9463
2026-03-18T17:00,12.0,53,2.7,7.9,0.0,0.0,0.0,0.0,0.0,3,1017.0,1015.7,97,38,96,0,16.6,21,42.5,187.0,49.0,138.0,98.4,1150.67,0.15,0.66,12.8,0.389,Genova,44.4056,8.9463
2026-03-18T18:00,12.5,47,1.4,8.4,0.0,0.0,0.0,0.0,0.0,2,1016.3,1015.0,63,8,62,2,15.2,19,40.0,163.0,55.0,108.0,156.2,2887.42,0.15,0.77,12.6,0.388,Genova,44.4056,8.9463
2026-03-18T19:00,12.0,51,2.2,8.4,0.0,0.0,0.0,0.0,0.0,2,1016.9,1015.6,57,22,54,1,13.0,343,34.6,95.0,35.0,60.0,193.2,3600.0,0.1,0.69,12.2,0.387,Genova,44.4056,8.9463
2026-03-18T20:00,11.3,54,2.3,7.8,0.0,0.0,0.0,0.0,0.0,2,1017.6,1016.3,55,20,53,0,11.5,340,29.5,9.0,2.0,7.0,31.3,0.0,0.06,0.62,12.4,0.384,Genova,44.4056,8.9463
2026-03-18T21:00,10.1,59,2.5,6.5,0.0,0.0,0.0,0.0,0.0,3,1018.4,1017.1,90,4,89,0,13.4,325,27.7,0.0,0.0,0.0,0.0,0.0,0.05,0.51,11.7,0.384,Genova,44.4056,8.9463
2026-03-18T22:00,10.0,60,2.6,6.0,0.0,0.0,0.0,0.0,0.0,2,1019.0,1017.6,56,0,55,1,15.9,337,36.0,0.0,0.0,0.0,0.0,0.0,0.05,0.49,11.2,0.383,Genova,44.4056,8.9463
2026-03-18T23:00,9.2,65,2.9,5.2,0.0,0.0,0.0,0.0,0.0,1,1019.6,1018.2,25,17,21,2,16.6,344,37.8,0.0,0.0,0.0,0.0,0.0,0.04,0.41,10.7,0.383,Genova,44.4056,8.9463
2026-03-19T00:00,8.4,68,2.8,4.0,0.0,0.0,0.0,0.0,0.0,0,1020.1,1018.7,14,3,13,0,18.5,349,41.0,0.0,0.0,0.0,0.0,0.0,0.04,0.35,10.3,0.383,Genova,44.4056,8.9463
2026-03-19T01:00,8.0,68,2.6,3.8,0.0,0.0,0.0,0.0,0.0,1,1020.2,1018.8,24,15,23,0,17.1,346,41.4,0.0,0.0,0.0,0.0,0.0,0.04,0.34,9.9,0.383,Genova,44.4056,8.9463
2026-03-19T02:00,8.0,69,2.7,3.9,0.0,0.0,0.0,0.0,0.0,1,1020.4,1019.0,33,14,31,0,17.0,340,39.2,0.0,0.0,0.0,0.0,0.0,0.04,0.33,12.0,0.383,Genova,44.4056,8.9463
2026-03-19T03:00,8.5,65,2.4,4.2,0.0,0.0,0.0,0.0,0.0,0,1020.3,1018.9,2,0,2,0,17.1,335,39.2,0.0,0.0,0.0,0.0,0.0,0.04,0.38,11.1,0.383,Genova,44.4056,8.9463
2026-03-19T04:00,8.3,65,2.1,3.9,0.0,0.0,0.0,0.0,0.0,1,1019.9,1018.5,20,11,19,0,18.0,340,41.4,0.0,0.0,0.0,0.0,0.0,0.04,0.38,10.4,0.383,Genova,44.4056,8.9463
2026-03-19T05:00,8.2,64,1.7,3.6,0.0,0.0,0.0,0.0,0.0,0,1019.6,1018.2,8,3,6,1,18.6,344,43.2,0.0,0.0,0.0,0.0,0.0,0.05,0.39,9.9,0.382,Genova,44.4056,8.9463
2026-03-19T06:00,7.9,64,1.5,3.2,0.0,0.0,0.0,0.0,0.0,0,1019.6,1018.2,18,10,16,0,19.1,346,42.8,0.0,0.0,0.0,0.0,0.0,0.05,0.38,9.5,0.382,Genova,44.4056,8.9463
2026-03-19T07:00,7.3,66,1.4,2.7,0.0,0.0,0.0,0.0,0.0,0,1019.6,1018.2,6,4,3,0,18.7,341,43.6,0.0,0.0,0.0,0.0,0.0,0.04,0.35,9.2,0.382,Genova,44.4056,8.9463
2026-03-19T08:00,7.2,67,1.4,2.4,0.0,0.0,0.0,0.0,0.0,0,1019.8,1018.4,3,2,2,0,19.4,347,41.8,8.0,2.0,6.0,33.8,0.0,0.05,0.34,11.3,0.38,Genova,44.4056,8.9463
2026-03-19T09:00,8.9,63,2.3,4.6,0.0,0.0,0.0,0.0,0.0,0,1019.7,1018.3,0,0,0,0,17.6,340,44.3,120.0,71.0,49.0,411.9,3600.0,0.08,0.42,10.8,0.38,Genova,44.4056,8.9463
2026-03-19T10:00,11.1,56,2.6,6.6,0.0,0.0,0.0,0.0,0.0,0,1019.3,1018.0,1,1,0,0,19.1,326,45.7,299.0,222.0,77.0,643.9,3600.0,0.16,0.59,11.0,0.379,Genova,44.4056,8.9463
2026-03-19T11:00,13.5,51,3.5,9.4,0.0,0.0,0.0,0.0,0.0,0,1018.9,1017.6,0,0,0,0,17.8,342,46.8,471.0,379.0,92.0,768.3,3600.0,0.25,0.76,11.8,0.378,Genova,44.4056,8.9463
2026-03-19T12:00,15.3,46,3.7,11.9,0.0,0.0,0.0,0.0,0.0,0,1018.8,1017.5,0,0,0,0,15.0,356,43.6,610.0,511.0,99.0,840.7,3600.0,0.33,0.94,12.8,0.377,Genova,44.4056,8.9463
2026-03-19T13:00,16.7,30,-1.0,13.4,0.0,0.0,0.0,0.0,0.0,0,1018.2,1016.9,0,0,0,0,12.7,15,37.1,700.0,596.0,104.0,875.9,3600.0,0.41,1.34,13.9,0.375,Genova,44.4056,8.9463
2026-03-19T14:00,17.3,29,-1.1,13.6,0.0,0.0,0.0,0.0,0.0,0,1017.1,1015.8,0,0,0,0,16.5,8,32.0,733.0,626.0,107.0,886.2,3600.0,0.44,1.41,14.9,0.372,Genova,44.4056,8.9463
2026-03-19T15:00,17.6,28,-1.3,13.9,0.0,0.0,0.0,0.0,0.0,0,1016.4,1015.1,2,2,2,0,14.9,21,39.2,705.0,601.0,104.0,879.0,3600.0,0.43,1.45,15.4,0.37,Genova,44.4056,8.9463
2026-03-19T16:00,17.5,28,-1.2,13.9,0.0,0.0,0.0,0.0,0.0,0,1015.9,1014.6,0,0,0,0,11.9,30,36.4,617.0,515.0,102.0,838.5,3600.0,0.38,1.44,15.7,0.368,Genova,44.4056,8.9463
2026-03-19T17:00,17.3,30,-0.4,13.8,0.0,0.0,0.0,0.0,0.0,0,1015.5,1014.2,0,0,0,0,8.6,30,29.2,488.0,397.0,91.0,790.2,3600.0,0.3,1.38,15.8,0.367,Genova,44.4056,8.9463
2026-03-19T18:00,16.6,34,0.7,13.7,0.0,0.0,0.0,0.0,0.0,0,1015.4,1014.1,0,0,0,0,5.5,32,21.2,317.0,241.0,76.0,676.8,3600.0,0.19,1.24,15.5,0.366,Genova,44.4056,8.9463
2026-03-19T19:00,14.2,48,3.4,12.0,0.0,0.0,0.0,0.0,0.0,0,1016.0,1014.7,0,0,0,0,4.4,7,13.3,136.0,85.0,51.0,459.1,3600.0,0.07,0.84,14.5,0.367,Genova,44.4056,8.9463
2026-03-19T20:00,11.4,48,0.8,7.5,0.0,0.0,0.0,0.0,0.0,0,1015.8,1014.5,0,0,0,0,13.2,15,20.5,12.0,4.0,8.0,60.7,373.8,0.07,0.7,15.3,0.335,Genova,44.4056,8.9463
2026-03-19T21:00,10.4,47,-0.3,6.3,0.0,0.0,0.0,0.0,0.0,0,1016.2,1014.9,0,0,0,0,13.2,20,29.5,0.0,0.0,0.0,0.0,0.0,0.06,0.67,13.7,0.337,Genova,44.4056,8.9463
2026-03-19T22:00,9.7,49,-0.4,6.2,0.0,0.0,0.0,0.0,0.0,0,1016.6,1015.3,0,0,0,0,9.4,30,27.7,0.0,0.0,0.0,0.0,0.0,0.04,0.61,12.5,0.339,Genova,44.4056,8.9463
2026-03-19T23:00,7.4,62,0.5,4.2,0.0,0.0,0.0,0.0,0.0,0,1017.3,1015.9,0,0,0,0,7.5,24,21.2,0.0,0.0,0.0,0.0,0.0,0.02,0.4,11.4,0.34,Genova,44.4056,8.9463
2026-03-20T00:00,6.1,67,0.5,3.1,0.0,0.0,0.0,0.0,0.0,0,1017.7,1016.3,0,0,0,0,6.4,25,20.2,0.0,0.0,0.0,0.0,0.0,0.01,0.31,10.5,0.342,Genova,44.4056,8.9463
2026-03-20T01:00,5.5,70,0.5,2.4,0.0,0.0,0.0,0.0,0.0,0,1018.1,1016.7,0,0,0,0,7.1,27,20.2,0.0,0.0,0.0,0.0,0.0,0.01,0.27,9.8,0.344,Genova,44.4056,8.9463
2026-03-20T02:00,5.5,69,0.2,1.6,0.0,0.0,0.0,0.0,0.0,0,1017.8,1016.4,0,0,0,0,12.5,27,20.9,0.0,0.0,0.0,0.0,0.0,0.02,0.28,12.5,0.369,Genova,44.4056,8.9463
2026-03-20T03:00,7.8,58,0.1,3.9,0.0,0.0,0.0,0.0,0.0,0,1017.7,1016.3,2,0,2,0,12.2,24,27.7,0.0,0.0,0.0,0.0,0.0,0.04,0.45,11.3,0.369,Genova,44.4056,8.9463
2026-03-20T04:00,7.7,58,-0.1,3.7,0.0,0.0,0.0,0.0,0.0,0,1017.1,1015.7,6,0,6,0,12.6,19,26.6,0.0,0.0,0.0,0.0,0.0,0.04,0.45,10.5,0.369,Genova,44.4056,8.9463
2026-03-20T05:00,7.8,57,-0.2,3.7,0.0,0.0,0.0,0.0,0.0,0,1016.8,1015.4,16,0,16,0,13.0,19,27.7,0.0,0.0,0.0,0.0,0.0,0.04,0.46,10.0,0.369,Genova,44.4056,8.9463
2026-03-20T06:00,7.9,57,-0.2,3.9,0.0,0.0,0.0,0.0,0.0,0,1016.8,1015.4,0,0,0,0,12.2,20,27.7,0.0,0.0,0.0,0.0,0.0,0.04,0.46,9.6,0.369,Genova,44.4056,8.9463
2026-03-20T07:00,7.1,59,-0.4,2.7,0.0,0.0,0.0,0.0,0.0,0,1017.0,1015.6,0,0,0,0,15.0,7,31.3,0.0,0.0,0.0,0.0,0.0,0.04,0.41,9.2,0.369,Genova,44.4056,8.9463
2026-03-20T08:00,7.8,56,-0.5,3.3,0.0,0.0,0.0,0.0,0.0,0,1017.5,1016.1,0,0,0,0,15.6,11,32.4,10.0,3.0,7.0,48.4,127.73,0.05,0.47,10.5,0.37,Genova,44.4056,8.9463
2026-03-20T09:00,9.7,56,1.3,5.5,0.0,0.0,0.0,0.0,0.0,0,1017.8,1016.4,0,0,0,0,15.1,360,34.6,126.0,76.0,50.0,426.8,3600.0,0.09,0.53,10.4,0.369,Genova,44.4056,8.9463
2026-03-20T10:00,12.3,50,2.0,8.7,0.0,0.0,0.0,0.0,0.0,0,1017.8,1016.5,0,0,0,0,12.1,349,33.1,306.0,228.0,78.0,650.7,3600.0,0.17,0.72,11.0,0.369,Genova,44.4056,8.9463
2026-03-20T11:00,14.3,45,2.6,11.1,0.0,0.0,0.0,0.0,0.0,0,1017.3,1016.0,0,0,0,0,10.2,337,29.2,477.0,384.0,93.0,769.9,3600.0,0.26,0.89,12.0,0.368,Genova,44.4056,8.9463
2026-03-20T12:00,15.7,41,2.5,12.9,0.0,0.0,0.0,0.0,0.0,0,1016.8,1015.5,0,0,0,0,9.7,335,27.4,613.0,511.0,102.0,833.5,3600.0,0.34,1.05,13.3,0.366,Genova,44.4056,8.9463
2026-03-20T13:00,16.5,41,3.1,14.9,0.0,0.0,0.0,0.0,0.0,0,1016.2,1014.9,0,0,0,0,6.3,309,25.9,701.0,593.0,108.0,865.0,3600.0,0.39,1.12,14.4,0.364,Genova,44.4056,8.9463
2026-03-20T14:00,16.4,44,4.2,13.4,0.0,0.0,0.0,0.0,0.0,0,1015.2,1013.9,1,0,0,0,17.8,333,20.5,732.0,623.0,109.0,876.0,3600.0,0.4,1.04,15.2,0.362,Genova,44.4056,8.9463
2026-03-20T15:00,16.7,44,4.5,13.3,0.0,0.0,0.0,0.0,0.0,1,1014.4,1013.1,38,0,38,0,19.6,330,47.2,697.0,582.0,115.0,845.5,3600.0,0.39,1.06,15.5,0.36,Genova,44.4056,8.9463
2026-03-20T16:00,16.3,44,4.0,11.8,0.0,0.0,0.0,0.0,0.0,0,1013.9,1012.6,0,0,0,0,21.1,333,50.0,547.0,382.0,165.0,617.5,3600.0,0.33,1.04,15.5,0.359,Genova,44.4056,8.9463
2026-03-20T17:00,16.5,41,3.1,12.1,0.0,0.0,0.0,0.0,0.0,0,1013.3,1012.0,0,0,0,0,19.6,338,49.7,462.0,349.0,113.0,688.9,3600.0,0.3,1.12,15.4,0.357,Genova,44.4056,8.9463
2026-03-20T18:00,16.0,42,3.0,12.2,0.0,0.0,0.0,0.0,0.0,0,1013.0,1011.7,8,0,0,8,15.1,332,43.9,309.0,226.0,83.0,627.5,3600.0,0.22,1.06,15.0,0.357,Genova,44.4056,8.9463
2026-03-20T19:00,13.9,53,4.5,11.3,0.0,0.0,0.0,0.0,0.0,2,1013.6,1012.3,76,0,0,75,8.7,304,33.8,136.0,83.0,53.0,438.9,3600.0,0.09,0.75,14.4,0.356,Genova,44.4056,8.9463
2026-03-20T20:00,10.9,62,4.0,8.6,0.0,0.0,0.0,0.0,0.0,3,1013.8,1012.5,80,0,0,80,5.8,356,19.1,13.0,4.0,9.0,58.9,335.82,0.02,0.49,14.1,0.35,Genova,44.4056,8.9463
2026-03-20T21:00,9.2,69,3.8,6.2,0.0,0.0,0.0,0.0,0.0,1,1014.2,1012.9,42,0,0,42,11.0,25,22.0,0.0,0.0,0.0,0.0,0.0,0.02,0.36,12.7,0.351,Genova,44.4056,8.9463
2026-03-20T22:00,8.6,72,3.8,5.5,0.0,0.0,0.0,0.0,0.0,2,1014.6,1013.2,55,0,0,55,11.2,37,24.8,0.0,0.0,0.0,0.0,0.0,0.02,0.32,11.7,0.352,Genova,44.4056,8.9463
2026-03-20T23:00,7.8,81,4.7,5.1,0.0,0.0,0.0,0.0,0.0,2,1015.1,1013.7,55,0,0,55,9.2,31,23.4,0.0,0.0,0.0,0.0,0.0,0.0,0.2,11.0,0.352,Genova,44.4056,8.9463
2026-03-21T00:00,6.9,86,4.8,4.5,0.0,0.0,0.0,0.0,0.0,0,1015.3,1013.9,0,0,0,0,8.1,25,20.5,0.0,0.0,0.0,0.0,0.0,0.0,0.13,10.3,0.353,Genova,44.4056,8.9463
2026-03-21T01:00,7.0,86,4.9,4.6,0.0,0.0,0.0,0.0,0.0,0,1015.3,1013.9,13,0,0,13,7.8,26,19.4,0.0,0.0,0.0,0.0,0.0,0.0,0.14,9.8,0.354,Genova,44.4056,8.9463
2026-03-21T02:00,8.0,78,4.3,5.8,0.0,0.0,0.0,0.0,0.0,0,1015.6,1014.2,10,2,0,8,5.3,35,19.1,0.0,0.0,0.0,0.0,0.0,0.0,0.24,10.4,0.36,Genova,44.4056,8.9463
2026-03-21T03:00,8.2,79,4.7,6.0,0.0,0.0,0.0,0.0,0.0,2,1015.5,1014.1,63,2,1,63,6.5,24,15.8,0.0,0.0,0.0,0.0,0.0,0.0,0.23,10.0,0.361,Genova,44.4056,8.9463
2026-03-21T04:00,8.0,80,4.7,6.0,0.0,0.0,0.0,0.0,0.0,3,1015.1,1013.7,100,1,44,100,5.4,21,15.5,0.0,0.0,0.0,0.0,0.0,0.0,0.22,9.6,0.361,Genova,44.4056,8.9463
2026-03-21T05:00,7.9,79,4.6,5.9,0.0,0.0,0.0,0.0,0.0,3,1014.7,1013.3,97,0,29,96,4.6,18,14.0,0.0,0.0,0.0,0.0,0.0,0.0,0.22,9.4,0.361,Genova,44.4056,8.9463
2026-03-21T06:00,7.6,79,4.2,5.5,0.0,0.0,0.0,0.0,0.0,3,1014.7,1013.3,95,2,50,94,4.8,22,13.3,0.0,0.0,0.0,0.0,0.0,0.0,0.22,9.1,0.362,Genova,44.4056,8.9463
2026-03-21T07:00,7.6,78,4.0,5.2,0.0,0.0,0.0,0.0,0.0,3,1014.6,1013.2,100,2,71,100,6.2,26,15.1,0.0,0.0,0.0,0.0,0.0,0.0,0.23,9.0,0.362,Genova,44.4056,8.9463
2026-03-21T08:00,8.0,79,4.5,5.8,0.0,0.0,0.0,0.0,0.0,3,1014.5,1013.1,98,2,63,97,5.8,34,15.8,9.0,0.0,9.0,0.0,0.0,0.01,0.23,9.7,0.362,Genova,44.4056,8.9463
2026-03-21T09:00,10.4,78,6.7,8.8,0.0,0.0,0.0,0.0,0.0,1,1014.5,1013.2,27,17,21,0,5.0,30,14.4,97.0,23.0,74.0,125.2,1955.81,0.05,0.28,9.9,0.362,Genova,44.4056,8.9463
2026-03-21T10:00,12.6,63,5.8,11.1,0.0,0.0,0.0,0.0,0.0,0,1014.3,1013.0,16,14,8,0,3.5,189,13.0,271.0,167.0,104.0,469.1,3600.0,0.13,0.54,10.9,0.362,Genova,44.4056,8.9463
2026-03-21T11:00,13.2,60,5.5,11.1,0.1,0.1,0.0,0.0,0.0,51,1014.1,1012.8,25,9,18,0,6.5,194,19.8,422.0,301.0,121.0,597.0,3600.0,0.22,0.61,11.9,0.362,Genova,44.4056,8.9463
2026-03-21T12:00,13.3,59,5.5,11.0,0.0,0.0,0.0,0.0,0.0,0,1014.1,1012.8,19,12,14,0,8.2,194,24.1,456.0,316.0,140.0,511.1,3600.0,0.24,0.63,12.6,0.362,Genova,44.4056,8.9463
2026-03-21T13:00,13.5,58,5.3,11.2,0.0,0.0,0.0,0.0,0.0,1,1013.8,1012.5,41,12,39,0,7.8,199,24.5,524.0,351.0,173.0,508.3,3600.0,0.28,0.66,13.3,0.361,Genova,44.4056,8.9463
2026-03-21T14:00,13.0,60,5.5,11.0,0.0,0.0,0.0,0.0,0.0,2,1013.3,1012.0,61,7,59,0,6.0,219,23.8,502.0,298.0,204.0,416.2,3600.0,0.27,0.6,14.1,0.354,Genova,44.4056,8.9463
2026-03-21T15:00,12.6,59,4.8,10.5,0.0,0.0,0.0,0.0,0.0,2,1012.7,1011.4,72,5,72,0,5.3,215,18.7,328.0,114.0,214.0,164.5,3135.57,0.19,0.59,13.9,0.353,Genova,44.4056,8.9463
2026-03-21T16:00,12.6,56,4.2,10.7,0.0,0.0,0.0,0.0,0.0,2,1012.4,1011.1,66,10,66,0,3.9,227,17.3,352.0,170.0,182.0,272.9,3600.0,0.19,0.64,14.0,0.353,Genova,44.4056,8.9463
2026-03-21T17:00,12.5,58,4.4,11.0,0.0,0.0,0.0,0.0,0.0,2,1012.2,1010.9,59,0,59,0,0.9,307,14.0,207.0,60.0,147.0,117.5,1724.05,0.12,0.61,13.7,0.353,Genova,44.4056,8.9463
2026-03-21T18:00,12.3,59,4.5,10.8,0.0,0.0,0.0,0.0,0.0,1,1012.1,1010.8,34,5,20,17,1.2,51,6.8,115.0,43.0,72.0,118.1,1742.53,0.07,0.59,13.3,0.353,Genova,44.4056,8.9463
2026-03-21T19:00,11.7,69,6.3,10.1,0.0,0.0,0.0,0.0,0.0,0,1012.2,1010.9,15,2,9,7,4.9,126,10.4,101.0,37.0,64.0,191.7,3600.0,0.06,0.42,12.8,0.353,Genova,44.4056,8.9463
2026-03-21T20:00,10.0,84,7.4,8.5,0.0,0.0,0.0,0.0,0.0,0,1012.1,1010.8,7,2,6,0,6.0,95,11.9,13.0,4.0,9.0,57.3,298.07,0.01,0.2,12.4,0.328,Genova,44.4056,8.9463
2026-03-21T21:00,8.9,86,6.7,7.2,0.0,0.0,0.0,0.0,0.0,0,1012.3,1011.0,4,3,1,0,5.4,56,13.0,0.0,0.0,0.0,0.0,0.0,0.0,0.16,11.4,0.329,Genova,44.4056,8.9463
2026-03-21T22:00,8.6,78,5.0,7.0,0.0,0.0,0.0,0.0,0.0,0,1012.5,1011.2,7,1,1,5,2.9,43,11.9,0.0,0.0,0.0,0.0,0.0,0.0,0.25,10.6,0.331,Genova,44.4056,8.9463
2026-03-21T23:00,8.7,74,4.3,6.9,0.0,0.0,0.0,0.0,0.0,3,1012.8,1011.5,88,15,31,81,3.3,45,9.4,0.0,0.0,0.0,0.0,0.0,0.0,0.29,9.9,0.332,Genova,44.4056,8.9463
2026-03-22T00:00,8.7,73,4.1,6.7,0.0,0.0,0.0,0.0,0.0,3,1013.1,1011.8,100,9,99,97,4.3,42,10.8,0.0,0.0,0.0,0.0,0.0,0.0,0.31,9.5,0.333,Genova,44.4056,8.9463
2026-03-22T01:00,9.3,70,4.2,7.4,0.0,0.0,0.0,0.0,0.0,3,1013.0,1011.7,100,5,100,51,3.9,47,11.2,0.0,0.0,0.0,0.0,0.0,0.0,0.35,9.4,0.335,Genova,44.4056,8.9463
2026-03-22T02:00,10.2,66,4.2,7.7,0.0,0.0,0.0,0.0,0.0,3,1013.1,1011.8,99,16,88,97,8.0,100,11.5,0.0,0.0,0.0,0.0,0.0,0.02,0.42,9.6,0.333,Genova,44.4056,8.9463
2026-03-22T03:00,9.9,70,4.8,8.0,0.0,0.0,0.0,0.0,0.0,3,1013.2,1011.9,100,11,100,98,4.8,103,19.8,0.0,0.0,0.0,0.0,0.0,0.0,0.36,9.7,0.334,Genova,44.4056,8.9463
2026-03-22T04:00,9.6,74,5.1,8.2,0.0,0.0,0.0,0.0,0.0,3,1012.8,1011.5,100,10,100,0,1.3,34,11.2,0.0,0.0,0.0,0.0,0.0,0.0,0.32,9.5,0.335,Genova,44.4056,8.9463
2026-03-22T05:00,9.2,71,4.3,7.2,0.0,0.0,0.0,0.0,0.0,2,1012.6,1011.3,68,1,64,11,3.8,25,9.0,0.0,0.0,0.0,0.0,0.0,0.0,0.33,9.4,0.336,Genova,44.4056,8.9463
2026-03-22T06:00,8.0,75,3.9,5.7,0.0,0.0,0.0,0.0,0.0,2,1012.8,1011.4,59,8,55,7,5.5,23,13.0,0.0,0.0,0.0,0.0,0.0,0.0,0.26,9.1,0.337,Genova,44.4056,8.9463
2026-03-22T07:00,6.3,84,3.8,4.0,0.0,0.0,0.0,0.0,0.0,3,1013.0,1011.6,87,23,83,28,5.6,21,15.1,0.0,0.0,0.0,0.0,0.0,0.0,0.15,8.7,0.337,Genova,44.4056,8.9463
2026-03-22T08:00,7.4,80,4.2,4.6,0.0,0.0,0.0,0.0,0.0,3,1013.1,1011.7,100,9,100,100,9.8,17,15.8,10.0,2.0,8.0,29.5,0.0,0.02,0.2,10.8,0.325,Genova,44.4056,8.9463
2026-03-22T09:00,10.1,70,4.9,7.8,0.0,0.0,0.0,0.0,0.0,3,1013.3,1012.0,100,2,100,100,7.7,3,20.9,94.0,35.0,59.0,184.9,3600.0,0.06,0.37,10.6,0.326,Genova,44.4056,8.9463
2026-03-22T10:00,11.8,52,2.3,9.4,0.0,0.0,0.0,0.0,0.0,3,1013.4,1012.1,100,0,97,100,4.1,15,15.5,171.0,34.0,137.0,94.1,1021.63,0.1,0.66,10.9,0.326,Genova,44.4056,8.9463
2026-03-22T11:00,12.7,45,1.0,10.4,0.0,0.0,0.0,0.0,0.0,3,1013.3,1012.0,100,0,93,100,2.4,197,11.9,311.0,67.0,244.0,131.5,2144.43,0.17,0.82,11.6,0.326,Genova,44.4056,8.9463
2026-03-22T12:00,13.5,42,0.9,11.1,0.0,0.0,0.0,0.0,0.0,3,1013.3,1012.0,100,2,100,100,2.9,248,14.0,384.0,186.0,198.0,298.3,3600.0,0.22,0.9,12.3,0.325,Genova,44.4056,8.9463
2026-03-22T13:00,12.4,55,3.6,9.2,0.0,0.0,0.0,0.0,0.0,3,1013.5,1012.2,100,6,100,100,11.1,293,29.2,340.0,55.0,285.0,79.1,572.31,0.2,0.65,12.6,0.325,Genova,44.4056,8.9463
2026-03-22T14:00,12.6,58,4.5,9.5,0.2,0.2,0.0,0.0,0.0,51,1013.2,1011.9,100,2,92,99,11.9,340,31.3,392.0,117.0,275.0,162.3,3070.05,0.22,0.61,13.0,0.34,Genova,44.4056,8.9463
2026-03-22T15:00,13.1,57,4.7,10.1,0.1,0.1,0.0,0.0,0.0,51,1012.8,1011.5,100,14,59,100,12.2,333,32.4,482.0,244.0,238.0,349.9,3600.0,0.26,0.66,13.3,0.34,Genova,44.4056,8.9463
2026-03-22T16:00,12.6,61,5.4,9.3,0.0,0.0,0.0,0.0,0.0,3,1012.7,1011.4,98,7,79,90,14.8,328,36.4,428.0,213.0,215.0,339.6,3600.0,0.22,0.57,13.4,0.339,Genova,44.4056,8.9463
2026-03-22T17:00,11.8,66,5.6,7.9,0.1,0.1,0.0,0.0,0.0,51,1012.7,1011.4,72,37,56,0,19.1,327,45.0,378.0,204.0,174.0,396.2,3600.0,0.19,0.47,13.2,0.339,Genova,44.4056,8.9463
2026-03-22T18:00,11.1,67,5.3,7.4,0.0,0.0,0.0,0.0,0.0,3,1013.2,1011.9,85,23,81,0,17.6,340,45.0,236.0,129.0,107.0,350.4,3600.0,0.13,0.43,12.7,0.339,Genova,44.4056,8.9463
2026-03-22T19:00,9.8,73,5.2,6.0,0.0,0.0,0.0,0.0,0.0,2,1013.7,1012.4,52,20,12,32,18.2,352,42.8,101.0,39.0,62.0,198.0,3600.0,0.07,0.33,12.1,0.34,Genova,44.4056,8.9463
2026-03-22T20:00,8.8,79,5.3,5.3,0.0,0.0,0.0,0.0,0.0,3,1013.9,1012.5,96,13,22,95,16.1,4,41.0,14.0,3.0,11.0,41.8,0.0,0.03,0.24,12.8,0.317,Genova,44.4056,8.9463
2026-03-22T21:00,8.3,83,5.5,4.6,0.0,0.0,0.0,0.0,0.0,2,1014.3,1012.9,54,19,20,29,17.8,3,40.0,0.0,0.0,0.0,0.0,0.0,0.02,0.19,11.7,0.318,Genova,44.4056,8.9463
2026-03-22T22:00,7.7,86,5.5,4.0,0.0,0.0,0.0,0.0,0.0,1,1014.7,1013.3,47,14,0,38,17.9,5,39.2,0.0,0.0,0.0,0.0,0.0,0.01,0.14,10.8,0.318,Genova,44.4056,8.9463
2026-03-22T23:00,7.2,87,5.2,3.6,0.0,0.0,0.0,0.0,0.0,1,1015.1,1013.7,45,4,0,42,16.7,2,39.2,0.0,0.0,0.0,0.0,0.0,0.01,0.13,10.1,0.319,Genova,44.4056,8.9463
2026-03-23T00:00,6.8,87,4.9,3.1,0.0,0.0,0.0,0.0,0.0,2,1015.2,1013.8,55,1,2,55,16.9,1,36.7,0.0,0.0,0.0,0.0,0.0,0.01,0.13,9.6,0.32,Genova,44.4056,8.9463
2026-03-23T01:00,6.5,87,4.5,2.7,0.0,0.0,0.0,0.0,0.0,0,1015.2,1013.8,2,1,0,2,17.1,1,36.7,0.0,0.0,0.0,0.0,0.0,0.01,0.12,9.1,0.321,Genova,44.4056,8.9463
2026-03-23T02:00,6.5,84,4.0,2.5,0.0,0.0,0.0,0.0,0.0,0,1015.0,1013.6,5,0,5,1,17.7,358,38.5,0.0,0.0,0.0,0.0,0.0,0.01,0.15,10.6,0.33,Genova,44.4056,8.9463
2026-03-23T03:00,6.8,82,4.0,2.7,0.0,0.0,0.0,0.0,0.0,0,1014.9,1013.5,1,0,0,1,18.7,3,40.3,0.0,0.0,0.0,0.0,0.0,0.02,0.18,9.8,0.33,Genova,44.4056,8.9463
2026-03-23T04:00,6.8,79,3.4,2.6,0.0,0.0,0.0,0.0,0.0,1,1014.7,1013.3,40,1,6,38,17.8,2,40.3,0.0,0.0,0.0,0.0,0.0,0.02,0.21,9.3,0.331,Genova,44.4056,8.9463
2026-03-23T05:00,6.8,74,2.5,2.4,0.0,0.0,0.0,0.0,0.0,3,1014.8,1013.4,81,0,48,80,18.1,5,38.5,0.0,0.0,0.0,0.0,0.0,0.03,0.25,8.8,0.331,Genova,44.4056,8.9463
2026-03-23T06:00,7.0,70,1.9,2.6,0.0,0.0,0.0,0.0,0.0,3,1015.0,1013.6,84,0,69,80,17.7,5,38.9,0.0,0.0,0.0,0.0,0.0,0.03,0.3,8.6,0.331,Genova,44.4056,8.9463
2026-03-23T07:00,6.9,70,1.8,2.5,0.0,0.0,0.0,0.0,0.0,2,1015.1,1013.7,54,0,47,48,17.5,4,38.2,0.0,0.0,0.0,0.0,0.0,0.03,0.3,8.4,0.331,Genova,44.4056,8.9463
2026-03-23T08:00,7.0,70,1.9,2.8,0.0,0.0,0.0,0.0,0.0,0,1015.5,1014.1,18,0,13,13,16.4,1,37.8,13.0,3.0,10.0,42.5,0.0,0.04,0.3,9.0,0.329,Genova,44.4056,8.9463
2026-03-23T09:00,9.4,67,3.5,5.5,0.0,0.0,0.0,0.0,0.0,0,1015.6,1014.3,11,0,0,11,15.9,350,36.0,139.0,82.0,57.0,420.7,3600.0,0.08,0.39,9.2,0.329,Genova,44.4056,8.9463
2026-03-23T10:00,12.1,55,3.3,8.6,0.0,0.0,0.0,0.0,0.0,0,1015.6,1014.3,7,0,0,7,13.5,351,33.1,321.0,239.0,82.0,651.3,3600.0,0.17,0.64,10.1,0.329,Genova,44.4056,8.9463
2026-03-23T11:00,13.8,46,2.3,10.0,0.0,0.0,0.0,0.0,0.0,0,1015.6,1014.3,0,0,0,0,14.4,356,35.3,491.0,394.0,97.0,765.2,3600.0,0.27,0.86,11.2,0.328,Genova,44.4056,8.9463
2026-03-23T12:00,14.7,43,2.2,11.3,0.3,0.3,0.0,0.0,0.0,51,1015.7,1014.4,39,2,39,0,13.1,1,35.3,616.0,509.0,107.0,809.7,3600.0,0.33,0.96,12.3,0.329,Genova,44.4056,8.9463
2026-03-23T13:00,15.0,41,2.0,11.7,0.4,0.4,0.0,0.0,0.0,51,1015.8,1014.5,45,0,45,0,13.7,355,34.2,632.0,505.0,127.0,721.0,3600.0,0.35,1.0,13.1,0.331,Genova,44.4056,8.9463
2026-03-23T14:00,15.5,39,1.6,12.1,0.0,0.0,0.0,0.0,0.0,1,1015.5,1014.2,44,0,44,0,11.2,350,34.6,567.0,385.0,182.0,530.7,3600.0,0.34,1.08,13.7,0.34,Genova,44.4056,8.9463
2026-03-23T15:00,16.2,37,1.3,12.9,0.0,0.0,0.0,0.0,0.0,2,1014.9,1013.6,79,0,79,0,10.2,328,28.4,576.0,399.0,177.0,568.5,3600.0,0.35,1.17,14.3,0.338,Genova,44.4056,8.9463
2026-03-23T16:00,15.7,43,3.3,12.3,0.2,0.2,0.0,0.0,0.0,51,1014.9,1013.6,48,0,48,0,12.6,329,31.7,514.0,340.0,174.0,538.4,3600.0,0.31,1.01,14.5,0.338,Genova,44.4056,8.9463
2026-03-23T17:00,15.5,42,2.6,11.8,0.0,0.0,0.0,0.0,0.0,1,1014.8,1013.5,23,0,23,0,13.8,325,33.5,348.0,164.0,184.0,316.0,3600.0,0.24,1.03,14.4,0.337,Genova,44.4056,8.9463
2026-03-23T18:00,15.4,42,2.6,11.9,0.0,0.0,0.0,0.0,0.0,0,1015.1,1013.8,1,0,1,0,12.6,333,33.5,264.0,135.0,129.0,362.8,3600.0,0.19,1.01,14.2,0.336,Genova,44.4056,8.9463
2026-03-23T19:00,13.9,51,3.8,10.7,0.0,0.0,0.0,0.0,0.0,0,1016.0,1014.7,0,0,0,0,11.4,339,29.5,144.0,88.0,56.0,438.2,3600.0,0.11,0.78,13.6,0.335,Genova,44.4056,8.9463
2026-03-23T20:00,11.2,57,3.1,7.8,0.0,0.0,0.0,0.0,0.0,0,1016.7,1015.4,0,0,0,0,12.4,10,25.2,16.0,6.0,10.0,81.4,866.35,0.05,0.57,14.2,0.318,Genova,44.4056,8.9463
2026-03-23T21:00,10.1,59,2.5,6.4,0.0,0.0,0.0,0.0,0.0,0,1017.3,1016.0,0,0,0,0,13.6,20,29.2,0.0,0.0,0.0,0.0,0.0,0.05,0.5,12.9,0.318,Genova,44.4056,8.9463
2026-03-23T22:00,9.3,60,2.0,5.7,0.0,0.0,0.0,0.0,0.0,0,1018.0,1016.6,0,0,0,0,12.6,14,28.4,0.0,0.0,0.0,0.0,0.0,0.04,0.47,11.8,0.318,Genova,44.4056,8.9463
2026-03-23T23:00,8.3,61,1.3,4.4,0.0,0.0,0.0,0.0,0.0,0,1018.5,1017.1,0,0,0,0,13.6,15,29.2,0.0,0.0,0.0,0.0,0.0,0.04,0.43,11.0,0.318,Genova,44.4056,8.9463
2026-03-24T00:00,7.9,61,0.7,3.9,0.0,0.0,0.0,0.0,0.0,0,1018.7,1017.3,0,0,0,0,13.8,14,29.9,0.0,0.0,0.0,0.0,0.0,0.04,0.42,10.3,0.318,Genova,44.4056,8.9463
2026-03-24T01:00,7.7,60,0.4,3.6,0.0,0.0,0.0,0.0,0.0,0,1018.8,1017.4,0,0,0,0,13.9,11,30.2,0.0,0.0,0.0,0.0,0.0,0.04,0.42,9.8,0.318,Genova,44.4056,8.9463
2026-03-24T02:00,8.2,59,0.6,4.1,0.0,0.0,0.0,0.0,0.0,0,1019.1,1017.7,0,0,0,0,14.3,14,31.0,0.0,0.0,0.0,0.0,0.0,0.05,0.45,12.5,0.338,Genova,44.4056,8.9463
2026-03-24T03:00,8.7,56,0.3,4.4,0.0,0.0,0.0,0.0,0.0,0,1019.0,1017.6,0,0,0,0,15.0,11,31.3,0.0,0.0,0.0,0.0,0.0,0.05,0.5,11.4,0.338,Genova,44.4056,8.9463
2026-03-24T04:00,8.5,57,0.4,4.1,0.0,0.0,0.0,0.0,0.0,0,1019.0,1017.6,10,0,10,0,16.1,11,33.5,0.0,0.0,0.0,0.0,0.0,0.05,0.48,10.6,0.338,Genova,44.4056,8.9463
2026-03-24T05:00,8.4,58,0.6,4.0,0.0,0.0,0.0,0.0,0.0,0,1019.2,1017.8,12,0,12,0,15.7,13,33.1,0.0,0.0,0.0,0.0,0.0,0.05,0.46,10.1,0.338,Genova,44.4056,8.9463
2026-03-24T06:00,7.9,60,0.7,3.6,0.0,0.0,0.0,0.0,0.0,0,1019.5,1018.1,4,0,4,0,15.4,14,32.8,0.0,0.0,0.0,0.0,0.0,0.04,0.42,9.7,0.338,Genova,44.4056,8.9463
2026-03-24T07:00,7.5,62,0.6,3.1,0.0,0.0,0.0,0.0,0.0,0,1020.0,1018.6,2,0,2,0,16.2,14,33.5,0.0,0.0,0.0,0.0,0.0,0.04,0.4,9.3,0.337,Genova,44.4056,8.9463
2026-03-24T08:00,8.3,61,1.3,4.1,0.0,0.0,0.0,0.0,0.0,0,1020.5,1019.1,2,0,0,2,15.5,12,33.8,16.0,6.0,10.0,81.8,874.52,0.05,0.43,10.1,0.337,Genova,44.4056,8.9463
2026-03-24T09:00,11.5,58,3.5,8.1,0.0,0.0,0.0,0.0,0.0,1,1020.8,1019.5,36,0,0,36,12.5,7,32.4,147.0,92.0,55.0,458.9,3600.0,0.1,0.57,10.3,0.337,Genova,44.4056,8.9463
2026-03-24T10:00,15.1,49,4.6,12.5,0.0,0.0,0.0,0.0,0.0,0,1021.2,1019.9,0,0,0,0,8.3,346,26.6,328.0,248.0,80.0,665.9,3600.0,0.19,0.87,11.4,0.336,Genova,44.4056,8.9463
2026-03-24T11:00,16.9,39,2.8,14.1,0.0,0.0,0.0,0.0,0.0,0,1021.2,1019.9,5,0,0,5,7.4,331,20.5,498.0,403.0,95.0,774.7,3600.0,0.29,1.18,12.8,0.335,Genova,44.4056,8.9463
2026-03-24T12:00,18.1,33,1.7,15.9,0.0,0.0,0.0,0.0,0.0,2,1020.8,1019.5,64,0,59,10,5.8,296,20.2,632.0,527.0,105.0,831.6,3600.0,0.37,1.38,14.1,0.333,Genova,44.4056,8.9463
2026-03-24T13:00,18.0,34,1.9,15.3,0.0,0.0,0.0,0.0,0.0,3,1020.4,1019.1,100,0,100,8,7.1,254,22.0,571.0,361.0,210.0,511.8,3600.0,0.36,1.36,15.0,0.332,Genova,44.4056,8.9463
2026-03-24T14:00,17.6,38,3.0,14.4,0.0,0.0,0.0,0.0,0.0,3,1019.9,1018.6,98,0,98,5,11.2,276,25.9,544.0,301.0,243.0,412.3,3600.0,0.35,1.26,15.5,0.33,Genova,44.4056,8.9463
2026-03-24T15:00,17.4,41,4.0,14.2,0.0,0.0,0.0,0.0,0.0,1,1019.6,1018.3,42,18,24,20,12.1,291,31.7,546.0,294.0,252.0,416.3,3600.0,0.35,1.18,15.8,0.328,Genova,44.4056,8.9463
2026-03-24T16:00,17.5,41,4.2,14.3,0.0,0.0,0.0,0.0,0.0,1,1019.2,1017.9,23,0,19,5,12.6,308,32.8,504.0,300.0,204.0,471.9,3600.0,0.32,1.18,16.0,0.327,Genova,44.4056,8.9463
2026-03-24T17:00,17.1,43,4.4,14.3,0.0,0.0,0.0,0.0,0.0,0,1019.1,1017.8,1,0,1,0,10.1,280,32.0,395.0,245.0,150.0,468.4,3600.0,0.26,1.11,15.9,0.325,Genova,44.4056,8.9463
2026-03-24T18:00,16.0,50,5.7,13.5,0.0,0.0,0.0,0.0,0.0,0,1018.9,1017.6,5,0,2,2,9.4,258,25.9,311.0,223.0,88.0,593.1,3600.0,0.19,0.9,15.6,0.325,Genova,44.4056,8.9463
2026-03-24T19:00,14.6,63,7.7,13.3,0.0,0.0,0.0,0.0,0.0,0,1018.9,1017.6,12,0,0,12,4.9,260,23.0,143.0,83.0,60.0,405.5,3600.0,0.08,0.62,14.9,0.325,Genova,44.4056,8.9463
2026-03-24T20:00,12.7,66,6.5,11.0,0.0,0.0,0.0,0.0,0.0,2,1018.7,1017.4,50,0,1,50,5.0,358,11.2,18.0,7.0,11.0,92.5,1150.78,0.02,0.5,14.4,0.325,Genova,44.4056,8.9463
2026-03-24T21:00,10.4,70,5.1,8.5,0.0,0.0,0.0,0.0,0.0,1,1018.9,1017.6,42,0,0,42,4.8,27,14.4,0.0,0.0,0.0,0.0,0.0,0.0,0.38,13.1,0.325,Genova,44.4056,8.9463
2026-03-24T22:00,8.8,76,4.8,7.0,0.0,0.0,0.0,0.0,0.0,2,1018.9,1017.5,59,0,0,59,3.7,29,14.4,0.0,0.0,0.0,0.0,0.0,0.0,0.27,12.0,0.326,Genova,44.4056,8.9463
2026-03-24T23:00,7.7,79,4.3,5.6,0.0,0.0,0.0,0.0,0.0,2,1019.1,1017.7,58,0,0,58,5.2,29,16.9,0.0,0.0,0.0,0.0,0.0,0.0,0.22,11.2,0.326,Genova,44.4056,8.9463
2026-03-25T00:00,7.8,76,3.7,5.6,0.0,0.0,0.0,0.0,0.0,2,1018.8,1017.4,58,0,0,58,4.8,29,17.3,0.0,0.0,0.0,0.0,0.0,0.0,0.26,10.6,0.326,Genova,44.4056,8.9463
2026-03-25T01:00,9.0,67,3.2,6.8,0.0,0.0,0.0,0.0,0.0,3,1018.5,1017.1,95,0,0,95,4.2,25,16.2,0.0,0.0,0.0,0.0,0.0,0.0,0.38,10.2,0.327,Genova,44.4056,8.9463
2026-03-25T02:00,9.6,66,3.6,7.6,0.0,0.0,0.0,0.0,0.0,1,1018.4,1017.0,48,0,0,48,3.7,29,14.0,0.0,0.0,0.0,0.0,0.0,0.0,0.41,11.1,0.3,Genova,44.4056,8.9463
2026-03-25T03:00,10.4,60,2.9,8.3,0.0,0.0,0.0,0.0,0.0,0,1018.0,1016.7,16,0,0,16,2.9,30,12.2,0.0,0.0,0.0,0.0,0.0,0.0,0.51,10.5,0.301,Genova,44.4056,8.9463
2026-03-25T04:00,10.7,56,2.3,8.3,0.0,0.0,0.0,0.0,0.0,1,1016.9,1015.6,27,0,0,27,4.4,35,10.4,0.0,0.0,0.0,0.0,0.0,0.01,0.57,9.9,0.301,Genova,44.4056,8.9463
2026-03-25T05:00,10.4,56,2.0,7.9,0.0,0.0,0.0,0.0,0.0,3,1016.1,1014.8,100,0,0,100,4.8,42,11.2,0.0,0.0,0.0,0.0,0.0,0.01,0.55,9.5,0.301,Genova,44.4056,8.9463
2026-03-25T06:00,10.6,56,2.3,7.8,0.0,0.0,0.0,0.0,0.0,3,1016.0,1014.7,96,0,0,96,6.8,78,15.5,0.0,0.0,0.0,0.0,0.0,0.02,0.56,9.2,0.301,Genova,44.4056,8.9463
2026-03-25T07:00,10.1,65,3.8,7.2,0.0,0.0,0.0,0.0,0.0,0,1015.2,1013.9,1,0,0,1,10.0,96,20.9,0.0,0.0,0.0,0.0,0.0,0.03,0.44,8.9,0.302,Genova,44.4056,8.9463
2026-03-25T08:00,9.8,67,4.1,7.2,0.0,0.0,0.0,0.0,0.0,1,1015.3,1014.0,21,13,0,9,8.6,82,22.0,18.0,7.0,11.0,91.9,1141.8,0.03,0.4,9.8,0.301,Genova,44.4056,8.9463
2026-03-25T09:00,12.0,73,7.3,9.5,0.0,0.0,0.0,0.0,0.0,1,1015.0,1013.7,20,20,0,0,12.4,107,29.9,140.0,81.0,59.0,393.1,3600.0,0.08,0.38,10.3,0.301,Genova,44.4056,8.9463
2026-03-25T10:00,13.2,73,8.5,10.2,0.0,0.0,0.0,0.0,0.0,2,1013.9,1012.6,56,56,0,0,17.4,126,40.3,275.0,164.0,111.0,434.0,3600.0,0.14,0.4,11.2,0.301,Genova,44.4056,8.9463
2026-03-25T11:00,14.1,70,8.8,10.8,0.0,0.0,0.0,0.0,0.0,3,1013.0,1011.7,83,83,0,0,20.5,141,47.9,374.0,207.0,167.0,393.9,3600.0,0.19,0.48,12.1,0.301,Genova,44.4056,8.9463
2026-03-25T12:00,14.2,74,9.6,10.7,0.2,0.2,0.0,0.0,0.0,51,1011.8,1010.5,59,58,0,4,22.9,147,53.3,383.0,157.0,226.0,245.8,3600.0,0.19,0.42,12.7,0.302,Genova,44.4056,8.9463
2026-03-25T13:00,14.1,77,10.2,11.0,0.2,0.2,0.0,0.0,0.0,51,1010.7,1009.4,90,55,0,78,22.0,154,53.6,502.0,262.0,240.0,368.9,3600.0,0.23,0.36,13.4,0.303,Genova,44.4056,8.9463
2026-03-25T14:00,13.8,78,10.1,10.8,0.1,0.1,0.0,0.0,0.0,51,1009.9,1008.6,93,61,0,83,20.3,163,51.1,550.0,334.0,216.0,454.6,3600.0,0.24,0.34,14.1,0.307,Genova,44.4056,8.9463
2026-03-25T15:00,14.6,71,9.4,12.0,0.0,0.0,0.0,0.0,0.0,3,1008.4,1007.1,90,27,0,87,19.1,172,49.0,616.0,401.0,215.0,564.2,3600.0,0.29,0.49,14.5,0.306,Genova,44.4056,8.9463
2026-03-25T16:00,13.9,84,11.2,11.2,0.2,0.2,0.0,0.0,0.0,51,1007.1,1005.8,68,41,3,46,20.7,180,50.0,474.0,282.0,192.0,440.7,3600.0,0.2,0.25,14.6,0.307,Genova,44.4056,8.9463
2026-03-25T17:00,13.3,87,11.1,9.9,1.3,1.3,0.0,0.0,0.0,61,1005.2,1003.9,60,59,24,0,25.2,171,52.9,331.0,171.0,160.0,324.5,3600.0,0.14,0.2,14.1,0.32,Genova,44.4056,8.9463
2026-03-25T18:00,12.9,96,12.3,10.6,0.9,0.9,0.0,0.0,0.0,53,1003.8,1002.5,66,65,9,0,20.8,161,54.7,150.0,40.0,110.0,105.3,1358.55,0.06,0.06,13.6,0.33,Genova,44.4056,8.9463
2026-03-25T19:00,12.7,97,12.3,10.7,0.3,0.3,0.0,0.0,0.0,51,1002.1,1000.8,74,72,9,0,18.4,132,48.2,73.0,22.0,51.0,105.5,1364.58,0.03,0.04,13.1,0.332,Genova,44.4056,8.9463
2026-03-25T20:00,12.6,95,11.8,10.6,0.2,0.2,0.0,0.0,0.0,51,1000.3,999.0,80,77,16,0,17.4,101,39.2,11.0,1.0,10.0,12.9,0.0,0.01,0.07,13.1,0.318,Genova,44.4056,8.9463
2026-03-25T21:00,12.3,95,11.6,10.4,0.1,0.1,0.0,0.0,0.0,51,998.6,997.3,98,87,80,2,16.2,69,37.1,0.0,0.0,0.0,0.0,0.0,0.0,0.07,12.6,0.319,Genova,44.4056,8.9463
2026-03-25T22:00,11.8,95,11.1,10.8,3.4,3.4,0.0,0.0,0.0,63,999.0,997.7,100,100,95,0,9.2,321,41.8,0.0,0.0,0.0,0.0,0.0,0.0,0.06,12.3,0.362,Genova,44.4056,8.9463
2026-03-25T23:00,10.6,80,7.2,5.1,0.2,0.2,0.0,0.0,0.0,51,998.4,997.1,100,41,100,0,32.5,333,70.6,0.0,0.0,0.0,0.0,0.0,0.04,0.26,11.7,0.363,Genova,44.4056,8.9463
2026-03-26T00:00,10.4,56,2.1,4.4,0.2,0.2,0.0,0.0,0.0,51,997.6,996.3,97,88,94,0,28.8,338,71.6,0.0,0.0,0.0,0.0,0.0,0.09,0.55,11.2,0.363,Genova,44.4056,8.9463
2026-03-26T01:00,10.3,40,-2.8,3.6,0.0,0.0,0.0,0.0,0.0,1,997.1,995.8,27,2,25,0,29.0,337,69.8,0.0,0.0,0.0,0.0,0.0,0.13,0.76,10.9,0.361,Genova,44.4056,8.9463
2026-03-26T02:00,11.3,41,-1.5,5.1,0.0,0.0,0.0,0.0,0.0,0,996.6,995.3,9,0,9,0,26.1,333,69.1,0.0,0.0,0.0,0.0,0.0,0.12,0.79,12.3,0.316,Genova,44.4056,8.9463
2026-03-26T03:00,10.1,46,-1.1,3.2,0.0,0.0,0.0,0.0,0.0,0,997.0,995.7,17,0,17,1,31.1,339,73.4,0.0,0.0,0.0,0.0,0.0,0.12,0.67,11.6,0.316,Genova,44.4056,8.9463
2026-03-26T04:00,8.9,46,-2.1,2.1,0.0,0.0,0.0,0.0,0.0,2,997.8,996.5,52,1,50,9,30.0,337,76.7,0.0,0.0,0.0,0.0,0.0,0.11,0.62,10.9,0.315,Genova,44.4056,8.9463
2026-03-26T05:00,9.0,41,-3.7,2.1,0.0,0.0,0.0,0.0,0.0,1,997.8,996.5,38,0,38,0,28.8,336,71.3,0.0,0.0,0.0,0.0,0.0,0.12,0.68,10.4,0.314,Genova,44.4056,8.9463
2026-03-26T06:00,8.2,37,-5.6,0.6,0.0,0.0,0.0,0.0,0.0,3,997.8,996.5,81,0,81,0,32.8,339,77.0,0.0,0.0,0.0,0.0,0.0,0.13,0.69,10.0,0.313,Genova,44.4056,8.9463
2026-03-26T07:00,7.8,36,-6.2,0.1,0.0,0.0,0.0,0.0,0.0,2,997.7,996.4,70,0,38,56,33.2,342,80.6,0.0,0.0,0.0,0.0,0.0,0.13,0.67,9.6,0.313,Genova,44.4056,8.9463
2026-03-26T08:00,9.7,31,-6.6,1.9,0.0,0.0,0.0,0.0,0.0,3,996.8,995.5,90,0,88,59,33.0,344,79.6,19.0,5.0,14.0,63.3,444.02,0.16,0.83,10.9,0.309,Genova,44.4056,8.9463
2026-03-26T09:00,10.2,26,-8.4,1.7,0.0,0.0,0.0,0.0,0.0,3,997.0,995.7,100,0,100,100,36.7,344,87.5,91.0,13.0,78.0,61.4,42.37,0.21,0.92,10.7,0.308,Genova,44.4056,8.9463
2026-03-26T10:00,10.6,28,-7.4,1.9,0.0,0.0,0.0,0.0,0.0,3,997.6,996.3,100,0,92,100,38.6,344,88.6,240.0,56.0,184.0,146.1,2582.13,0.24,0.92,10.8,0.306,Genova,44.4056,8.9463
2026-03-26T11:00,10.9,23,-9.7,0.5,0.0,0.0,0.0,0.0,0.0,3,997.7,996.4,100,0,83,100,48.9,349,113.8,399.0,181.0,218.0,341.0,3600.0,0.31,1.01,11.1,0.304,Genova,44.4056,8.9463
2026-03-26T12:00,11.6,25,-8.0,1.7,0.0,0.0,0.0,0.0,0.0,3,998.1,996.8,100,0,41,100,46.7,348,112.3,513.0,238.0,275.0,369.6,3600.0,0.34,1.03,11.5,0.302,Genova,44.4056,8.9463
2026-03-26T13:00,12.0,23,-8.8,1.5,0.0,0.0,0.0,0.0,0.0,3,998.5,997.2,97,0,77,95,50.3,351,114.8,550.0,210.0,340.0,293.7,3600.0,0.36,1.09,11.9,0.3,Genova,44.4056,8.9463
2026-03-26T14:00,12.4,26,-6.7,2.8,0.0,0.0,0.0,0.0,0.0,3,998.1,996.8,99,2,98,93,45.3,353,115.2,470.0,144.0,326.0,194.8,3600.0,0.34,1.07,12.2,0.302,Genova,44.4056,8.9463
2026-03-26T15:00,12.7,21,-8.9,2.8,0.0,0.0,0.0,0.0,0.0,3,998.0,996.7,100,1,98,96,46.3,348,105.1,419.0,99.0,320.0,138.5,2353.57,0.35,1.16,12.3,0.3,Genova,44.4056,8.9463
2026-03-26T16:00,12.0,23,-8.6,1.7,0.0,0.0,0.0,0.0,0.0,3,998.5,997.2,100,2,70,100,48.8,353,110.5,373.0,100.0,273.0,155.3,2858.26,0.32,1.08,12.2,0.298,Genova,44.4056,8.9463
2026-03-26T17:00,11.8,23,-8.7,1.7,0.0,0.0,0.0,0.0,0.0,3,999.1,997.8,96,0,77,95,47.7,351,112.7,315.0,75.0,240.0,141.2,2437.03,0.3,1.07,12.1,0.296,Genova,44.4056,8.9463
2026-03-26T18:00,10.6,26,-8.0,0.6,0.0,0.0,0.0,0.0,0.0,3,999.9,998.6,100,0,100,98,47.2,352,109.1,228.0,68.0,160.0,177.2,3515.16,0.26,0.95,11.7,0.295,Genova,44.4056,8.9463
2026-03-26T19:00,9.8,28,-7.9,0.5,0.0,0.0,0.0,0.0,0.0,3,1001.0,999.7,100,0,100,100,43.1,352,105.5,86.0,7.0,79.0,33.0,0.0,0.21,0.88,11.2,0.293,Genova,44.4056,8.9463
2026-03-26T20:00,9.8,27,-8.5,0.8,0.0,0.0,0.0,0.0,0.0,3,1000.9,999.6,100,0,99,99,40.3,352,98.6,12.0,0.0,12.0,0.0,0.0,0.19,0.89,12.3,0.292,Genova,44.4056,8.9463
2026-03-26T21:00,8.8,27,-9.2,-0.1,0.0,0.0,0.0,0.0,0.0,3,1002.1,1000.8,95,0,95,0,38.9,349,91.4,0.0,0.0,0.0,0.0,0.0,0.17,0.83,11.3,0.291,Genova,44.4056,8.9463
2026-03-26T22:00,7.9,29,-9.0,-0.7,0.0,0.0,0.0,0.0,0.0,3,1003.2,1001.9,91,0,91,0,36.8,350,88.9,0.0,0.0,0.0,0.0,0.0,0.16,0.75,10.5,0.29,Genova,44.4056,8.9463
2026-03-26T23:00,7.5,30,-9.1,-1.0,0.0,0.0,0.0,0.0,0.0,2,1003.9,1002.6,71,0,71,0,36.5,351,85.7,0.0,0.0,0.0,0.0,0.0,0.15,0.73,9.8,0.289,Genova,44.4056,8.9463
2026-03-27T00:00,7.1,31,-9.0,-0.9,0.0,0.0,0.0,0.0,0.0,1,1005.2,1003.9,43,0,43,0,33.4,351,83.9,0.0,0.0,0.0,0.0,0.0,0.14,0.7,9.3,0.289,Genova,44.4056,8.9463
2026-03-27T01:00,6.7,32,-8.9,-1.0,0.0,0.0,0.0,0.0,0.0,1,1006.5,1005.1,23,0,22,0,31.0,354,77.4,0.0,0.0,0.0,0.0,0.0,0.13,0.67,8.8,0.288,Genova,44.4056,8.9463
2026-03-27T02:00,8.4,30,-8.3,0.8,0.0,0.0,0.0,0.0,0.0,1,1006.1,1004.8,39,0,39,0,31.1,344,73.8,0.0,0.0,0.0,0.0,0.0,0.15,0.78,10.5,0.289,Genova,44.4056,8.9463
2026-03-27T03:00,7.6,29,-9.2,-0.0,0.0,0.0,0.0,0.0,0.0,0,1005.9,1004.6,0,0,0,0,30.5,346,71.6,0.0,0.0,0.0,0.0,0.0,0.14,0.74,9.8,0.289,Genova,44.4056,8.9463
2026-03-27T04:00,6.9,31,-9.3,-0.8,0.0,0.0,0.0,0.0,0.0,0,1005.8,1004.5,0,0,0,0,30.6,347,70.6,0.0,0.0,0.0,0.0,0.0,0.13,0.69,9.1,0.288,Genova,44.4056,8.9463
2026-03-27T05:00,6.4,31,-9.4,-1.4,0.0,0.0,0.0,0.0,0.0,0,1005.9,1004.5,0,0,0,0,31.6,353,73.1,0.0,0.0,0.0,0.0,0.0,0.13,0.66,8.6,0.288,Genova,44.4056,8.9463
2026-03-27T06:00,6.3,32,-9.3,-1.8,0.0,0.0,0.0,0.0,0.0,0,1006.1,1004.7,0,0,0,0,33.8,355,77.8,0.0,0.0,0.0,0.0,0.0,0.13,0.65,8.2,0.287,Genova,44.4056,8.9463
2026-03-27T07:00,6.2,33,-9.0,-2.0,0.0,0.0,0.0,0.0,0.0,0,1006.5,1005.1,0,0,0,0,34.8,351,79.6,0.0,0.0,0.0,0.0,0.0,0.13,0.64,7.9,0.287,Genova,44.4056,8.9463
2026-03-27T08:00,7.5,31,-8.4,-0.5,0.0,0.0,0.0,0.0,0.0,0,1006.2,1004.9,8,0,0,8,33.5,351,79.2,24.0,11.0,13.0,134.5,2319.94,0.14,0.71,9.6,0.287,Genova,44.4056,8.9463
2026-03-27T09:00,8.3,31,-7.8,0.6,0.0,0.0,0.0,0.0,0.0,0,1006.8,1005.5,5,1,0,4,31.7,348,76.3,171.0,114.0,57.0,524.6,3600.0,0.17,0.75,9.3,0.286,Genova,44.4056,8.9463
2026-03-27T10:00,9.3,30,-7.6,1.5,0.0,0.0,0.0,0.0,0.0,1,1007.2,1005.9,21,0,0,20,32.2,348,77.0,360.0,278.0,82.0,714.9,3600.0,0.23,0.82,9.6,0.285,Genova,44.4056,8.9463
2026-03-27T11:00,10.4,30,-6.6,2.5,0.0,0.0,0.0,0.0,0.0,0,1007.8,1006.5,9,0,0,9,34.0,350,78.5,534.0,440.0,94.0,820.8,3600.0,0.29,0.89,10.2,0.283,Genova,44.4056,8.9463
2026-03-27T12:00,12.0,29,-5.5,5.3,0.0,0.0,0.0,0.0,0.0,0,1008.4,1007.1,2,0,2,2,29.8,350,78.5,669.0,566.0,103.0,872.2,3600.0,0.35,1.0,11.0,0.282,Genova,44.4056,8.9463
2026-03-27T13:00,13.3,29,-4.2,8.3,0.0,0.0,0.0,0.0,0.0,0,1008.7,1007.4,1,0,0,1,22.8,354,69.5,753.0,647.0,106.0,898.8,3600.0,0.4,1.08,11.9,0.28,Genova,44.4056,8.9463
2026-03-27T14:00,14.1,25,-5.5,8.4,0.0,0.0,0.0,0.0,0.0,0,1008.1,1006.8,1,0,0,1,26.2,345,54.0,780.0,671.0,109.0,902.1,3600.0,0.43,1.2,12.7,0.274,Genova,44.4056,8.9463
2026-03-27T15:00,14.8,26,-4.5,9.8,0.0,0.0,0.0,0.0,0.0,0,1008.3,1007.0,2,0,0,2,22.4,349,61.9,754.0,652.0,102.0,906.3,3600.0,0.43,1.25,13.4,0.272,Genova,44.4056,8.9463
2026-03-27T16:00,15.1,26,-4.0,10.1,0.0,0.0,0.0,0.0,0.0,0,1008.5,1007.2,1,0,0,1,20.0,347,53.3,662.0,561.0,101.0,865.5,3600.0,0.39,1.27,13.8,0.27,Genova,44.4056,8.9463
2026-03-27T17:00,15.0,27,-3.7,9.6,0.0,0.0,0.0,0.0,0.0,0,1008.8,1007.5,1,0,1,0,18.6,348,47.5,530.0,442.0,88.0,826.2,3600.0,0.33,1.24,13.9,0.269,Genova,44.4056,8.9463
2026-03-27T18:00,14.3,29,-3.3,9.2,0.0,0.0,0.0,0.0,0.0,0,1009.2,1007.9,0,0,0,0,17.3,351,43.6,347.0,264.0,83.0,681.0,3600.0,0.25,1.15,13.7,0.267,Genova,44.4056,8.9463
2026-03-27T19:00,12.9,36,-1.9,8.4,0.0,0.0,0.0,0.0,0.0,0,1010.0,1008.7,0,0,0,0,14.6,342,39.2,165.0,107.0,58.0,494.9,3600.0,0.15,0.96,13.1,0.267,Genova,44.4056,8.9463
2026-03-27T20:00,11.5,39,-1.8,7.1,0.0,0.0,0.0,0.0,0.0,0,1010.3,1009.0,1,0,1,0,13.6,352,32.0,23.0,10.0,13.0,122.8,2005.98,0.08,0.82,13.5,0.258,Genova,44.4056,8.9463
2026-03-27T21:00,10.3,44,-1.6,6.0,0.0,0.0,0.0,0.0,0.0,0,1010.8,1009.5,3,0,3,0,13.2,353,29.9,0.0,0.0,0.0,0.0,0.0,0.07,0.71,12.3,0.258,Genova,44.4056,8.9463
2026-03-27T22:00,9.8,45,-1.6,5.4,0.0,0.0,0.0,0.0,0.0,0,1011.2,1009.9,12,0,12,0,14.0,1,30.6,0.0,0.0,0.0,0.0,0.0,0.07,0.67,11.3,0.258,Genova,44.4056,8.9463
2026-03-27T23:00,9.5,44,-2.1,4.8,0.0,0.0,0.0,0.0,0.0,0,1011.5,1010.2,5,0,5,0,15.7,360,33.8,0.0,0.0,0.0,0.0,0.0,0.07,0.66,10.7,0.259,Genova,44.4056,8.9463
2026-03-28T00:00,9.1,46,-2.0,4.0,0.0,0.0,0.0,0.0,0.0,0,1011.9,1010.6,2,0,2,0,18.4,3,38.5,0.0,0.0,0.0,0.0,0.0,0.08,0.63,10.2,0.259,Genova,44.4056,8.9463
2026-03-28T01:00,8.8,44,-2.9,3.5,0.0,0.0,0.0,0.0,0.0,0,1011.8,1010.5,0,0,0,0,18.6,4,40.3,0.0,0.0,0.0,0.0,0.0,0.08,0.64,9.9,0.259,Genova,44.4056,8.9463
2026-03-28T02:00,8.8,42,-3.3,3.6,0.0,0.0,0.0,0.0,0.0,0,1011.8,1010.5,0,0,0,0,18.4,1,39.6,0.0,0.0,0.0,0.0,0.0,0.09,0.66,11.6,0.268,Genova,44.4056,8.9463
2026-03-28T03:00,8.9,39,-4.4,3.6,0.0,0.0,0.0,0.0,0.0,0,1011.6,1010.3,0,0,0,0,17.9,5,38.9,0.0,0.0,0.0,0.0,0.0,0.09,0.7,10.7,0.268,Genova,44.4056,8.9463
2026-03-28T04:00,8.3,39,-4.8,3.0,0.0,0.0,0.0,0.0,0.0,0,1011.5,1010.2,0,0,0,0,17.7,5,37.4,0.0,0.0,0.0,0.0,0.0,0.09,0.67,10.1,0.268,Genova,44.4056,8.9463
2026-03-28T05:00,8.0,40,-5.0,2.6,0.0,0.0,0.0,0.0,0.0,0,1011.5,1010.1,0,0,0,0,17.8,9,38.2,0.0,0.0,0.0,0.0,0.0,0.08,0.65,9.5,0.268,Genova,44.4056,8.9463
2026-03-28T06:00,7.6,41,-4.9,2.3,0.0,0.0,0.0,0.0,0.0,0,1011.6,1010.2,0,0,0,0,17.7,9,37.8,0.0,0.0,0.0,0.0,0.0,0.08,0.62,9.1,0.268,Genova,44.4056,8.9463
2026-03-28T07:00,7.1,42,-4.8,1.8,0.0,0.0,0.0,0.0,0.0,0,1011.7,1010.3,0,0,0,0,17.8,6,37.1,0.0,0.0,0.0,0.0,0.0,0.08,0.58,8.7,0.268,Genova,44.4056,8.9463
2026-03-28T08:00,8.2,42,-3.9,3.0,0.0,0.0,0.0,0.0,0.0,0,1012.2,1010.8,0,0,0,0,17.4,7,37.1,26.0,11.0,15.0,129.9,2265.88,0.08,0.63,9.9,0.268,Genova,44.4056,8.9463
2026-03-28T09:00,11.1,43,-1.1,6.4,0.0,0.0,0.0,0.0,0.0,0,1012.2,1010.9,0,0,0,0,16.4,359,37.1,172.0,113.0,59.0,506.9,3600.0,0.13,0.75,10.0,0.268,Genova,44.4056,8.9463
2026-03-28T10:00,13.8,34,-1.6,9.4,0.0,0.0,0.0,0.0,0.0,0,1012.5,1011.2,0,0,0,0,13.8,346,32.8,358.0,275.0,83.0,697.4,3600.0,0.23,1.04,10.9,0.267,Genova,44.4056,8.9463
2026-03-28T11:00,15.0,32,-1.7,10.5,0.0,0.0,0.0,0.0,0.0,0,1012.6,1011.3,0,0,0,0,14.6,338,35.3,529.0,433.0,96.0,799.8,3600.0,0.32,1.17,12.0,0.266,Genova,44.4056,8.9463
2026-03-28T12:00,16.1,31,-1.0,12.6,0.0,0.0,0.0,0.0,0.0,0,1012.4,1011.1,0,0,0,0,12.7,328,35.3,664.0,559.0,105.0,854.7,3600.0,0.39,1.27,13.2,0.264,Genova,44.4056,8.9463
2026-03-28T13:00,17.1,29,-1.3,14.2,0.0,0.0,0.0,0.0,0.0,0,1011.7,1010.4,5,0,0,5,11.3,313,31.7,749.0,640.0,109.0,883.2,3600.0,0.44,1.39,14.3,0.263,Genova,44.4056,8.9463
2026-03-28T14:00,16.8,30,-0.7,14.7,0.0,0.0,0.0,0.0,0.0,2,1011.2,1009.9,60,0,1,60,8.6,296,29.2,784.0,676.0,108.0,903.3,3600.0,0.45,1.33,15.5,0.26,Genova,44.4056,8.9463
2026-03-28T15:00,17.1,30,-0.5,14.6,0.0,0.0,0.0,0.0,0.0,1,1010.6,1009.3,43,0,0,43,10.0,300,28.1,754.0,650.0,104.0,898.2,3600.0,0.44,1.36,16.0,0.258,Genova,44.4056,8.9463
2026-03-28T16:00,17.0,30,-0.5,14.0,0.0,0.0,0.0,0.0,0.0,3,1010.1,1008.8,98,0,0,98,9.2,277,27.7,657.0,547.0,110.0,838.7,3600.0,0.39,1.35,16.3,0.256,Genova,44.4056,8.9463
2026-03-28T17:00,15.7,43,3.1,12.4,0.0,0.0,0.0,0.0,0.0,3,1009.8,1008.5,99,0,0,99,11.5,253,30.2,520.0,413.0,107.0,766.3,3600.0,0.3,1.02,16.1,0.255,Genova,44.4056,8.9463
2026-03-28T18:00,15.0,48,3.9,12.6,0.0,0.0,0.0,0.0,0.0,3,1009.5,1008.2,99,0,15,99,6.7,251,29.2,322.0,194.0,128.0,495.5,3600.0,0.18,0.89,15.6,0.254,Genova,44.4056,8.9463
2026-03-28T19:00,13.6,65,7.2,12.4,0.0,0.0,0.0,0.0,0.0,3,1009.6,1008.3,100,0,16,100,3.2,199,16.6,129.0,34.0,95.0,154.5,2835.93,0.07,0.54,14.7,0.255,Genova,44.4056,8.9463
2026-03-28T20:00,12.5,61,5.1,11.2,0.0,0.0,0.0,0.0,0.0,3,1009.5,1008.2,100,0,82,100,0.6,72,7.6,19.0,2.0,17.0,24.0,0.0,0.0,0.57,13.7,0.241,Genova,44.4056,8.9463
2026-03-28T21:00,12.4,56,3.8,10.4,0.0,0.0,0.0,0.0,0.0,3,1009.8,1008.5,100,0,76,100,3.3,45,7.6,0.0,0.0,0.0,0.0,0.0,0.01,0.63,12.6,0.242,Genova,44.4056,8.9463
2026-03-28T22:00,10.2,67,4.3,8.0,0.0,0.0,0.0,0.0,0.0,3,1010.0,1008.7,100,0,81,100,5.5,32,14.8,0.0,0.0,0.0,0.0,0.0,0.01,0.41,11.9,0.242,Genova,44.4056,8.9463
2026-03-28T23:00,9.0,68,3.4,6.5,0.0,0.0,0.0,0.0,0.0,3,1010.0,1008.7,100,0,99,100,6.6,17,17.6,0.0,0.0,0.0,0.0,0.0,0.01,0.37,11.3,0.243,Genova,44.4056,8.9463
2026-03-29T00:00,8.6,65,2.4,5.8,0.0,0.0,0.0,0.0,0.0,3,1010.0,1008.7,100,0,96,100,7.0,13,18.4,0.0,0.0,0.0,0.0,0.0,0.01,0.39,10.7,0.243,Genova,44.4056,8.9463
2026-03-29T01:00,8.7,57,0.7,4.9,0.0,0.0,0.0,0.0,0.0,3,1009.9,1008.6,100,0,97,100,12.0,8,26.3,0.0,0.0,0.0,0.0,0.0,0.04,0.48,10.3,0.243,Genova,44.4056,8.9463
2026-03-29T02:00,9.2,53,0.1,5.0,0.0,0.0,0.0,0.0,0.0,3,1009.9,1008.6,100,0,91,100,14.4,8,35.3,0.0,0.0,0.0,0.0,0.0,0.06,0.55,10.6,0.258,Genova,44.4056,8.9463
2026-03-29T03:00,11.8,41,-1.0,6.3,0.0,0.0,0.0,0.0,0.0,3,1009.8,1008.5,100,0,95,95,22.1,7,48.2,0.0,0.0,0.0,0.0,0.0,0.11,0.81,10.6,0.258,Genova,44.4056,8.9463
2026-03-29T04:00,11.5,40,-1.5,5.5,0.0,0.0,0.0,0.0,0.0,3,1010.0,1008.7,100,0,38,100,25.2,2,55.1,0.0,0.0,0.0,0.0,0.0,0.12,0.81,10.6,0.258,Genova,44.4056,8.9463
2026-03-29T05:00,10.3,44,-1.5,4.8,0.0,0.0,0.0,0.0,0.0,3,1010.4,1009.1,100,0,86,100,21.6,358,55.1,0.0,0.0,0.0,0.0,0.0,0.1,0.71,10.4,0.258,Genova,44.4056,8.9463
2026-03-29T06:00,10.0,45,-1.4,4.7,0.0,0.0,0.0,0.0,0.0,3,1010.9,1009.6,100,0,97,100,20.7,352,47.9,0.0,0.0,0.0,0.0,0.0,0.09,0.68,10.3,0.258,Genova,44.4056,8.9463
2026-03-29T07:00,9.6,46,-1.5,4.2,0.0,0.0,0.0,0.0,0.0,3,1011.4,1010.1,100,0,99,100,20.4,351,45.7,0.0,0.0,0.0,0.0,0.0,0.09,0.65,10.1,0.258,Genova,44.4056,8.9463
2026-03-29T08:00,10.4,48,-0.2,5.6,0.0,0.0,0.0,0.0,0.0,3,1011.8,1010.5,100,0,100,100,18.0,356,44.6,14.0,0.0,14.0,0.0,0.0,0.1,0.66,11.8,0.258,Genova,44.4056,8.9463
2026-03-29T09:00,11.1,48,0.6,6.5,0.0,0.0,0.0,0.0,0.0,3,1012.7,1011.4,100,0,100,100,17.6,346,40.0,76.0,1.0,75.0,4.4,0.0,0.12,0.68,11.5,0.258,Genova,44.4056,8.9463
2026-03-29T10:00,12.3,48,1.5,7.5,0.0,0.0,0.0,0.0,0.0,3,1013.7,1012.4,100,0,98,100,20.2,337,45.0,160.0,15.0,145.0,37.5,0.0,0.16,0.75,11.6,0.258,Genova,44.4056,8.9463
2026-03-29T11:00,13.8,42,1.3,9.0,0.0,0.0,0.0,0.0,0.0,3,1014.1,1012.8,100,0,88,100,20.2,344,47.9,273.0,40.0,233.0,73.2,395.38,0.22,0.91,12.1,0.257,Genova,44.4056,8.9463
2026-03-29T12:00,15.7,38,1.5,11.0,0.0,0.0,0.0,0.0,0.0,3,1014.7,1013.4,100,0,100,100,18.9,352,47.2,487.0,185.0,302.0,280.7,3600.0,0.32,1.1,13.0,0.256,Genova,44.4056,8.9463
2026-03-29T13:00,16.6,32,0.0,12.1,0.0,0.0,0.0,0.0,0.0,3,1015.0,1013.7,100,0,100,100,17.1,358,44.6,572.0,257.0,315.0,352.4,3600.0,0.37,1.28,14.0,0.254,Genova,44.4056,8.9463
2026-03-29T14:00,17.1,28,-1.4,12.4,0.0,0.0,0.0,0.0,0.0,3,1015.0,1013.7,100,0,100,100,17.8,359,41.0,592.0,295.0,297.0,391.8,3600.0,0.39,1.39,14.3,0.247,Genova,44.4056,8.9463
2026-03-29T15:00,17.7,27,-1.4,13.4,0.0,0.0,0.0,0.0,0.0,1,1015.0,1013.7,38,0,9,32,17.1,359,42.5,661.0,406.0,255.0,557.7,3600.0,0.43,1.47,15.1,0.245,Genova,44.4056,8.9463
2026-03-29T16:00,17.8,28,-1.2,13.7,0.0,0.0,0.0,0.0,0.0,0,1015.1,1013.8,18,0,2,17,15.7,357,41.0,651.0,514.0,137.0,783.2,3600.0,0.41,1.47,15.7,0.243,Genova,44.4056,8.9463
2026-03-29T17:00,17.5,29,-1.0,13.1,0.0,0.0,0.0,0.0,0.0,1,1015.2,1013.9,39,0,30,19,14.2,351,37.4,528.0,430.0,98.0,792.1,3600.0,0.34,1.43,15.9,0.242,Genova,44.4056,8.9463
2026-03-29T18:00,16.8,31,-0.6,12.6,0.0,0.0,0.0,0.0,0.0,0,1015.6,1014.3,12,0,9,3,13.3,350,33.8,350.0,260.0,90.0,657.7,3600.0,0.25,1.32,15.7,0.241,Genova,44.4056,8.9463
2026-03-29T19:00,15.2,39,1.4,11.9,0.0,0.0,0.0,0.0,0.0,0,1016.3,1015.0,2,0,2,0,9.3,351,29.9,168.0,105.0,63.0,469.2,3600.0,0.13,1.05,15.0,0.241,Genova,44.4056,8.9463
2026-03-29T20:00,14.1,41,1.1,10.1,0.0,0.0,0.0,0.0,0.0,0,1016.7,1015.4,9,0,9,0,13.6,5,24.8,25.0,10.0,15.0,117.4,1934.3,0.09,0.95,15.7,0.217,Genova,44.4056,8.9463
2026-03-29T21:00,12.8,44,0.8,8.7,0.0,0.0,0.0,0.0,0.0,1,1017.8,1016.5,24,0,24,0,14.8,14,31.0,0.0,0.0,0.0,0.0,0.0,0.08,0.83,14.5,0.217,Genova,44.4056,8.9463
2026-03-29T22:00,12.4,42,-0.2,7.9,0.0,0.0,0.0,0.0,0.0,2,1018.8,1017.5,62,0,62,0,15.8,8,34.6,0.0,0.0,0.0,0.0,0.0,0.09,0.84,13.6,0.217,Genova,44.4056,8.9463
2026-03-29T23:00,11.8,43,-0.3,7.5,0.0,0.0,0.0,0.0,0.0,2,1019.0,1017.7,50,0,47,5,14.4,1,34.2,0.0,0.0,0.0,0.0,0.0,0.08,0.79,12.9,0.217,Genova,44.4056,8.9463
2026-03-30T00:00,10.6,48,0.1,6.2,0.0,0.0,0.0,0.0,0.0,2,1019.2,1017.9,78,0,77,5,15.7,359,32.8,0.0,0.0,0.0,0.0,0.0,0.07,0.66,12.3,0.217,Genova,44.4056,8.9463
2026-03-30T01:00,10.1,50,0.2,5.6,0.0,0.0,0.0,0.0,0.0,1,1019.2,1017.8,47,0,29,26,16.8,6,35.6,0.0,0.0,0.0,0.0,0.0,0.07,0.62,11.7,0.217,Genova,44.4056,8.9463
2026-03-30T02:00,10.1,55,1.5,5.8,0.0,0.0,0.0,0.0,0.0,1,1019.2,1017.8,37,0,13,28,16.5,8,35.6,0.0,0.0,0.0,0.0,0.0,0.06,0.55,13.0,0.242,Genova,44.4056,8.9463
2026-03-30T03:00,9.5,56,1.1,5.0,0.0,0.0,0.0,0.0,0.0,3,1018.9,1017.5,96,0,1,96,17.5,5,38.2,0.0,0.0,0.0,0.0,0.0,0.06,0.52,12.1,0.242,Genova,44.4056,8.9463
2026-03-30T04:00,9.1,56,0.9,4.7,0.0,0.0,0.0,0.0,0.0,3,1018.2,1016.8,98,0,0,98,17.0,9,37.8,0.0,0.0,0.0,0.0,0.0,0.06,0.5,11.4,0.242,Genova,44.4056,8.9463
2026-03-30T05:00,8.6,58,0.9,4.2,0.0,0.0,0.0,0.0,0.0,3,1017.9,1016.5,99,0,0,99,16.5,6,36.4,0.0,0.0,0.0,0.0,0.0,0.05,0.46,10.8,0.243,Genova,44.4056,8.9463
2026-03-30T06:00,8.2,58,0.5,3.7,0.0,0.0,0.0,0.0,0.0,3,1017.7,1016.3,87,0,0,87,17.3,8,35.3,0.0,0.0,0.0,0.0,0.0,0.05,0.45,10.4,0.243,Genova,44.4056,8.9463
2026-03-30T07:00,7.7,59,0.2,3.2,0.0,0.0,0.0,0.0,0.0,3,1016.7,1015.3,98,0,7,98,16.5,16,35.3,0.0,0.0,0.0,0.0,0.0,0.05,0.43,10.0,0.243,Genova,44.4056,8.9463
2026-03-30T08:00,9.1,54,0.2,4.7,0.0,0.0,0.0,0.0,0.0,3,1016.3,1014.9,87,0,12,85,15.8,15,32.4,29.0,9.0,20.0,99.7,1513.77,0.07,0.54,11.0,0.244,Genova,44.4056,8.9463
2026-03-30T09:00,12.5,49,2.0,8.9,0.0,0.0,0.0,0.0,0.0,1,1015.8,1014.5,46,0,0,46,11.9,10,32.8,167.0,88.0,79.0,375.8,3600.0,0.12,0.74,11.2,0.243,Genova,44.4056,8.9463
2026-03-30T10:00,16.0,41,2.8,14.1,0.0,0.0,0.0,0.0,0.0,0,1015.7,1014.4,13,0,13,0,1.9,338,23.8,363.0,274.0,89.0,676.2,3600.0,0.19,1.07,12.4,0.243,Genova,44.4056,8.9463
2026-03-30T11:00,16.5,34,0.6,13.4,0.0,0.0,0.0,0.0,0.0,0,1015.4,1014.1,1,0,1,0,7.1,187,21.6,533.0,431.0,102.0,781.0,3600.0,0.31,1.24,13.7,0.242,Genova,44.4056,8.9463
2026-03-30T12:00,16.4,43,3.7,14.1,0.0,0.0,0.0,0.0,0.0,0,1014.9,1013.6,1,0,1,0,10.6,183,29.9,670.0,566.0,104.0,852.4,3600.0,0.38,1.07,14.8,0.241,Genova,44.4056,8.9463
2026-03-30T13:00,16.2,45,4.3,14.4,0.0,0.0,0.0,0.0,0.0,0,1014.0,1012.7,2,0,2,0,10.8,185,31.7,752.0,639.0,113.0,870.5,3600.0,0.41,1.01,15.7,0.239,Genova,44.4056,8.9463
2026-03-30T14:00,16.6,39,2.7,14.7,0.0,0.0,0.0,0.0,0.0,1,1012.7,1011.4,22,1,22,0,10.1,183,31.3,775.0,657.0,118.0,867.5,3600.0,0.44,1.15,16.2,0.238,Genova,44.4056,8.9463
2026-03-30T15:00,16.6,41,3.4,14.5,0.0,0.0,0.0,0.0,0.0,1,1010.9,1009.6,20,0,20,0,11.0,203,32.4,742.0,624.0,118.0,852.3,3600.0,0.42,1.11,16.7,0.237,Genova,44.4056,8.9463
2026-03-30T16:00,15.9,42,3.2,13.6,0.0,0.0,0.0,0.0,0.0,1,1010.1,1008.8,38,0,38,0,8.8,206,31.3,640.0,516.0,124.0,781.5,3600.0,0.36,1.04,16.8,0.236,Genova,44.4056,8.9463
2026-03-30T17:00,15.4,46,3.9,13.1,0.0,0.0,0.0,0.0,0.0,2,1009.5,1008.2,53,0,53,0,5.8,206,25.2,455.0,314.0,141.0,574.3,3600.0,0.26,0.95,16.5,0.235,Genova,44.4056,8.9463
2026-03-30T18:00,15.5,47,4.1,13.4,0.0,0.0,0.0,0.0,0.0,2,1009.3,1008.0,63,4,63,0,4.9,352,17.3,280.0,145.0,135.0,363.3,3600.0,0.17,0.94,16.1,0.234,Genova,44.4056,8.9463
2026-03-30T19:00,14.6,53,5.2,12.3,0.0,0.0,0.0,0.0,0.0,0,1008.9,1007.6,5,0,5,0,7.3,295,18.0,112.0,44.0,68.0,193.3,3600.0,0.09,0.78,15.4,0.234,Genova,44.4056,8.9463
2026-03-30T20:00,12.8,57,4.5,9.6,0.0,0.0,0.0,0.0,0.0,2,1008.6,1007.3,60,0,60,0,12.7,344,35.6,27.0,11.0,16.0,126.3,2221.06,0.06,0.63,15.3,0.235,Genova,44.4056,8.9463
2026-03-30T21:00,12.9,31,-3.8,8.0,0.0,0.0,0.0,0.0,0.0,3,1009.4,1008.1,98,0,98,0,15.6,6,37.8,0.0,0.0,0.0,0.0,0.0,0.11,1.02,14.2,0.235,Genova,44.4056,8.9463
2026-03-30T22:00,12.4,29,-5.2,6.5,0.0,0.0,0.0,0.0,0.0,1,1010.2,1008.9,28,0,28,0,21.5,4,50.0,0.0,0.0,0.0,0.0,0.0,0.14,1.03,13.4,0.235,Genova,44.4056,8.9463
2026-03-30T23:00,11.4,33,-4.2,6.4,0.0,0.0,0.0,0.0,0.0,0,1011.1,1009.8,16,0,16,0,15.5,5,50.8,0.0,0.0,0.0,0.0,0.0,0.1,0.9,12.7,0.235,Genova,44.4056,8.9463
2026-03-31T00:00,10.3,39,-3.0,5.4,0.0,0.0,0.0,0.0,0.0,2,1011.6,1010.3,73,0,73,0,16.0,359,38.5,0.0,0.0,0.0,0.0,0.0,0.09,0.77,12.0,0.235,Genova,44.4056,8.9463
2026-03-31T01:00,10.2,42,-2.1,5.2,0.0,0.0,0.0,0.0,0.0,0,1011.7,1010.4,13,0,13,0,17.1,2,41.0,0.0,0.0,0.0,0.0,0.0,0.09,0.72,11.6,0.235,Genova,44.4056,8.9463
2026-03-31T02:00,9.5,50,-0.3,4.7,0.0,0.0,0.0,0.0,0.0,0,1012.0,1010.7,2,0,2,0,18.4,352,41.4,0.0,0.0,0.0,0.0,0.0,0.07,0.59,12.4,0.232,Genova,44.4056,8.9463
2026-03-31T03:00,9.5,52,0.0,4.3,0.0,0.0,0.0,0.0,0.0,3,1012.1,1010.8,90,0,90,0,21.1,358,48.2,0.0,0.0,0.0,0.0,0.0,0.08,0.58,11.6,0.232,Genova,44.4056,8.9463
2026-03-31T04:00,9.3,50,-0.7,4.2,0.0,0.0,0.0,0.0,0.0,1,1012.3,1011.0,42,1,41,0,19.6,349,47.9,0.0,0.0,0.0,0.0,0.0,0.08,0.59,11.1,0.232,Genova,44.4056,8.9463
2026-03-31T05:00,8.2,54,-0.6,3.1,0.0,0.0,0.0,0.0,0.0,3,1012.9,1011.5,91,1,91,0,19.2,349,43.6,0.0,0.0,0.0,0.0,0.0,0.07,0.5,10.6,0.232,Genova,44.4056,8.9463
2026-03-31T06:00,8.2,55,-0.2,3.4,0.0,0.0,0.0,0.0,0.0,1,1013.2,1011.8,47,0,47,0,18.2,358,42.8,0.0,0.0,0.0,0.0,0.0,0.06,0.49,10.1,0.232,Genova,44.4056,8.9463
2026-03-31T07:00,8.1,45,-3.2,2.6,0.0,0.0,0.0,0.0,0.0,0,1013.7,1012.3,0,0,0,0,19.8,357,46.1,0.0,0.0,0.0,0.0,0.0,0.08,0.6,9.8,0.233,Genova,44.4056,8.9463
2026-03-31T08:00,8.8,43,-3.2,2.8,0.0,0.0,0.0,0.0,0.0,0,1013.9,1012.5,2,0,2,0,23.7,355,46.4,35.0,16.0,19.0,171.8,2882.9,0.11,0.65,10.9,0.233,Genova,44.4056,8.9463
2026-03-31T09:00,10.1,39,-3.3,4.2,0.0,0.0,0.0,0.0,0.0,0,1014.1,1012.8,5,0,5,0,22.5,358,56.2,194.0,131.0,63.0,546.4,3600.0,0.16,0.75,10.8,0.233,Genova,44.4056,8.9463
2026-03-31T10:00,11.6,33,-4.0,5.4,0.0,0.0,0.0,0.0,0.0,0,1014.5,1013.2,3,0,3,0,24.5,352,58.0,375.0,280.0,95.0,681.9,3600.0,0.24,0.91,11.3,0.232,Genova,44.4056,8.9463
2026-03-31T11:00,13.1,28,-5.0,6.8,0.0,0.0,0.0,0.0,0.0,1,1014.7,1013.4,30,0,30,0,24.1,3,61.2,557.0,459.0,98.0,824.0,3600.0,0.33,1.08,12.1,0.231,Genova,44.4056,8.9463
2026-03-31T12:00,13.5,23,-7.4,6.8,0.0,0.0,0.0,0.0,0.0,2,1014.3,1013.0,76,0,76,0,26.6,6,63.0,594.0,406.0,188.0,607.0,3600.0,0.37,1.19,12.9,0.23,Genova,44.4056,8.9463
2026-03-31T13:00,14.3,21,-8.0,7.9,0.0,0.0,0.0,0.0,0.0,2,1014.1,1012.8,72,0,72,0,27.4,8,67.3,711.0,532.0,179.0,720.2,3600.0,0.42,1.29,13.6,0.228,Genova,44.4056,8.9463
2026-03-31T14:00,14.8,18,-9.5,9.2,0.0,0.0,0.0,0.0,0.0,3,1013.3,1012.0,95,0,95,0,22.9,9,65.9,743.0,555.0,188.0,728.6,3600.0,0.44,1.39,13.9,0.234,Genova,44.4056,8.9463
2026-03-31T15:00,14.3,24,-6.1,8.2,0.1,0.1,0.0,0.0,0.0,51,1013.2,1011.9,57,0,57,0,24.5,8,59.8,647.0,414.0,233.0,562.3,3600.0,0.39,1.24,14.3,0.233,Genova,44.4056,8.9463
2026-03-31T16:00,14.8,20,-8.1,8.7,0.0,0.0,0.0,0.0,0.0,0,1012.3,1011.0,17,0,17,0,23.6,4,59.0,647.0,494.0,153.0,743.7,3600.0,0.4,1.35,14.6,0.232,Genova,44.4056,8.9463
2026-03-31T17:00,15.0,19,-8.8,8.2,0.0,0.0,0.0,0.0,0.0,0,1011.9,1010.6,17,0,17,0,24.6,6,58.0,505.0,375.0,130.0,681.1,3600.0,0.36,1.39,14.6,0.23,Genova,44.4056,8.9463
2026-03-31T18:00,14.4,19,-9.0,7.8,0.0,0.0,0.0,0.0,0.0,0,1012.1,1010.8,9,0,9,0,23.4,1,57.2,373.0,283.0,90.0,702.5,3600.0,0.29,1.33,14.4,0.229,Genova,44.4056,8.9463
2026-03-31T19:00,12.4,29,-5.1,6.2,0.0,0.0,0.0,0.0,0.0,0,1013.3,1012.0,12,0,12,1,23.6,350,52.9,179.0,114.0,65.0,492.8,3600.0,0.19,1.02,13.7,0.229,Genova,44.4056,8.9463
2026-03-31T20:00,11.8,29,-5.7,6.2,0.0,0.0,0.0,0.0,0.0,1,1013.5,1012.2,34,0,34,0,18.6,6,55.4,30.0,13.0,17.0,146.2,2721.0,0.13,0.98,14.1,0.222,Genova,44.4056,8.9463
2026-03-31T21:00,10.8,33,-4.8,5.3,0.0,0.0,0.0,0.0,0.0,0,1014.1,1012.8,6,0,6,0,19.1,352,44.3,0.0,0.0,0.0,0.0,0.0,0.11,0.87,13.0,0.222,Genova,44.4056,8.9463
2026-03-31T22:00,9.5,33,-5.8,3.2,0.0,0.0,0.0,0.0,0.0,0,1015.0,1013.7,1,0,1,0,23.3,351,50.4,0.0,0.0,0.0,0.0,0.0,0.12,0.79,12.1,0.222,Genova,44.4056,8.9463
2026-03-31T23:00,8.6,33,-6.7,2.3,0.0,0.0,0.0,0.0,0.0,0,1015.4,1014.0,17,0,0,16,23.0,345,53.3,0.0,0.0,0.0,0.0,0.0,0.12,0.74,11.2,0.222,Genova,44.4056,8.9463
2026-04-01T00:00,7.9,36,-6.3,1.8,0.0,0.0,0.0,0.0,0.0,0,1015.8,1014.4,4,2,4,1,22.0,340,53.3,0.0,0.0,0.0,0.0,0.0,0.1,0.68,10.5,0.222,Genova,44.4056,8.9463
2026-04-01T01:00,7.5,37,-6.1,1.5,0.0,0.0,0.0,0.0,0.0,0,1016.0,1014.6,7,4,3,2,21.3,336,50.4,0.0,0.0,0.0,0.0,0.0,0.1,0.65,9.9,0.222,Genova,44.4056,8.9463
2026-04-01T02:00,8.4,39,-4.6,2.5,0.0,0.0,0.0,0.0,0.0,0,1016.0,1014.6,0,0,0,0,21.9,349,49.0,0.0,0.0,0.0,0.0,0.0,0.1,0.67,12.6,0.229,Genova,44.4056,8.9463
2026-04-01T03:00,8.1,40,-4.8,2.1,0.0,0.0,0.0,0.0,0.0,0,1015.4,1014.0,0,0,0,0,22.3,344,51.8,0.0,0.0,0.0,0.0,0.0,0.1,0.65,11.4,0.229,Genova,44.4056,8.9463
2026-04-01T04:00,8.0,38,-5.3,2.1,0.0,0.0,0.0,0.0,0.0,0,1014.8,1013.4,7,0,0,7,21.1,347,53.3,0.0,0.0,0.0,0.0,0.0,0.1,0.66,10.6,0.229,Genova,44.4056,8.9463
2026-04-01T05:00,7.8,38,-5.7,2.3,0.0,0.0,0.0,0.0,0.0,1,1014.3,1012.9,25,0,17,9,18.6,352,49.0,0.0,0.0,0.0,0.0,0.0,0.09,0.66,10.0,0.229,Genova,44.4056,8.9463
2026-04-01T06:00,7.8,37,-6.0,2.1,0.0,0.0,0.0,0.0,0.0,1,1013.9,1012.5,24,0,14,12,19.0,350,44.3,0.0,0.0,0.0,0.0,0.0,0.09,0.67,9.5,0.229,Genova,44.4056,8.9463
2026-04-01T07:00,7.3,38,-6.0,1.4,0.0,0.0,0.0,0.0,0.0,1,1014.1,1012.7,48,0,36,19,20.5,345,46.8,0.0,0.0,0.0,0.0,0.0,0.09,0.63,9.1,0.229,Genova,44.4056,8.9463
2026-04-01T08:00,8.4,38,-5.1,2.8,0.0,0.0,0.0,0.0,0.0,3,1014.2,1012.8,97,0,97,2,19.0,347,47.5,34.0,13.0,21.0,135.5,2696.45,0.1,0.68,10.7,0.229,Genova,44.4056,8.9463
2026-04-01T09:00,9.3,42,-3.0,3.9,0.0,0.0,0.0,0.0,0.0,2,1013.6,1012.3,78,10,77,0,19.5,330,46.4,138.0,47.0,91.0,191.6,3600.0,0.13,0.68,10.5,0.229,Genova,44.4056,8.9463
2026-04-01T10:00,10.5,39,-2.9,4.5,0.0,0.0,0.0,0.0,0.0,2,1013.2,1011.9,55,5,52,6,23.5,336,55.8,316.0,173.0,143.0,415.8,3600.0,0.21,0.77,10.8,0.229,Genova,44.4056,8.9463
2026-04-01T11:00,11.9,34,-3.4,6.0,0.0,0.0,0.0,0.0,0.0,2,1013.3,1012.0,53,4,52,0,22.3,348,55.8,469.0,299.0,170.0,531.9,3600.0,0.28,0.92,11.4,0.228,Genova,44.4056,8.9463
2026-04-01T12:00,13.0,31,-3.8,7.5,0.0,0.0,0.0,0.0,0.0,1,1013.4,1012.1,40,22,38,0,21.8,10,53.3,619.0,429.0,190.0,636.7,3600.0,0.35,1.03,12.3,0.227,Genova,44.4056,8.9463
2026-04-01T13:00,13.3,33,-2.6,8.1,0.0,0.0,0.0,0.0,0.0,1,1012.7,1011.4,37,18,34,0,22.6,11,53.6,679.0,455.0,224.0,612.1,3600.0,0.37,1.03,13.1,0.226,Genova,44.4056,8.9463
2026-04-01T14:00,13.8,31,-3.1,9.0,0.0,0.0,0.0,0.0,0.0,0,1011.8,1010.5,13,2,12,0,21.7,11,57.2,743.0,546.0,197.0,712.7,3600.0,0.4,1.09,13.2,0.221,Genova,44.4056,8.9463
2026-04-01T15:00,14.7,31,-2.4,9.7,0.0,0.0,0.0,0.0,0.0,0,1010.8,1009.5,13,0,13,0,23.6,22,55.8,741.0,601.0,140.0,811.7,3600.0,0.41,1.16,13.9,0.22,Genova,44.4056,8.9463
2026-04-01T16:00,14.2,32,-2.4,8.2,0.0,0.0,0.0,0.0,0.0,1,1010.4,1009.1,24,10,20,0,27.3,23,64.4,660.0,521.0,139.0,779.7,3600.0,0.38,1.1,14.2,0.219,Genova,44.4056,8.9463
2026-04-01T17:00,14.0,32,-2.4,7.7,0.0,0.0,0.0,0.0,0.0,0,1009.8,1008.5,18,12,9,0,26.1,22,64.8,495.0,360.0,135.0,649.4,3600.0,0.32,1.08,14.2,0.217,Genova,44.4056,8.9463
2026-04-01T18:00,13.7,36,-1.3,8.3,0.0,0.0,0.0,0.0,0.0,1,1009.5,1008.2,45,32,20,0,21.4,21,60.5,324.0,212.0,112.0,521.4,3600.0,0.24,1.01,13.9,0.217,Genova,44.4056,8.9463
2026-04-01T19:00,12.6,40,-0.6,7.6,0.0,0.0,0.0,0.0,0.0,1,1009.8,1008.5,34,15,23,0,19.3,2,49.7,167.0,100.0,67.0,425.5,3600.0,0.16,0.88,13.3,0.216,Genova,44.4056,8.9463
2026-04-01T20:00,12.0,43,-0.2,7.3,0.0,0.0,0.0,0.0,0.0,1,1010.4,1009.1,37,29,26,0,17.7,354,47.2,27.0,11.0,16.0,121.1,2151.4,0.1,0.8,13.5,0.203,Genova,44.4056,8.9463
2026-04-01T21:00,11.5,43,-0.6,6.7,0.0,0.0,0.0,0.0,0.0,1,1010.5,1009.2,37,32,25,0,17.7,351,40.7,0.0,0.0,0.0,0.0,0.0,0.09,0.77,12.6,0.203,Genova,44.4056,8.9463
2026-04-01T22:00,11.3,43,-0.9,6.3,0.0,0.0,0.0,0.0,0.0,0,1010.3,1009.0,17,0,17,0,18.5,347,41.8,0.0,0.0,0.0,0.0,0.0,0.09,0.76,11.9,0.203,Genova,44.4056,8.9463
2026-04-01T23:00,10.7,45,-0.8,6.1,0.0,0.0,0.0,0.0,0.0,1,1010.2,1008.9,44,40,23,0,16.6,341,42.8,0.0,0.0,0.0,0.0,0.0,0.08,0.71,11.4,0.203,Genova,44.4056,8.9463
2026-04-02T00:00,10.5,44,-1.2,5.8,0.0,0.0,0.0,0.0,0.0,1,1010.2,1008.9,21,4,20,0,16.2,352,39.2,0.0,0.0,0.0,0.0,0.0,0.08,0.71,11.0,0.203,Genova,44.4056,8.9463
2026-04-02T01:00,10.0,45,-1.4,5.4,0.0,0.0,0.0,0.0,0.0,0,1010.3,1009.0,14,0,13,1,15.9,354,39.2,0.0,0.0,0.0,0.0,0.0,0.08,0.68,10.7,0.203,Genova,44.4056,8.9463
2026-04-02T02:00,9.2,52,-0.1,4.9,0.0,0.0,0.0,0.0,0.0,0,1009.9,1008.6,2,1,1,0,14.5,349,37.4,0.0,0.0,0.0,0.0,0.0,0.06,0.55,12.0,0.209,Genova,44.4056,8.9463
2026-04-02T03:00,8.5,54,-0.3,4.1,0.0,0.0,0.0,0.0,0.0,0,1009.3,1008.0,1,0,0,0,15.1,359,34.9,0.0,0.0,0.0,0.0,0.0,0.06,0.51,11.1,0.209,Genova,44.4056,8.9463
2026-04-02T04:00,8.2,53,-0.7,3.7,0.0,0.0,0.0,0.0,0.0,0,1008.4,1007.1,11,0,0,11,15.8,359,36.4,0.0,0.0,0.0,0.0,0.0,0.06,0.51,10.3,0.21,Genova,44.4056,8.9463
2026-04-02T05:00,8.0,52,-1.2,3.6,0.0,0.0,0.0,0.0,0.0,0,1008.1,1006.8,5,0,1,5,14.3,354,36.7,0.0,0.0,0.0,0.0,0.0,0.05,0.51,9.8,0.21,Genova,44.4056,8.9463
2026-04-02T06:00,7.2,54,-1.5,2.7,0.0,0.0,0.0,0.0,0.0,1,1007.7,1006.4,28,0,0,28,14.6,356,33.1,0.0,0.0,0.0,0.0,0.0,0.05,0.47,9.3,0.21,Genova,44.4056,8.9463
2026-04-02T07:00,6.7,55,-1.6,2.3,0.0,0.0,0.0,0.0,0.0,3,1007.7,1006.3,99,0,16,99,14.5,5,33.1,0.0,0.0,0.0,0.0,0.0,0.05,0.44,8.9,0.21,Genova,44.4056,8.9463
2026-04-02T08:00,7.5,56,-0.7,3.1,0.0,0.0,0.0,0.0,0.0,3,1007.4,1006.1,82,0,23,77,15.2,5,32.8,35.0,10.0,25.0,101.3,1675.57,0.06,0.46,11.5,0.211,Genova,44.4056,8.9463
2026-04-02T09:00,10.8,52,1.4,7.0,0.0,0.0,0.0,0.0,0.0,3,1007.2,1005.9,100,0,3,100,12.8,354,34.2,188.0,111.0,77.0,442.5,3600.0,0.12,0.62,11.2,0.21,Genova,44.4056,8.9463
2026-04-02T10:00,13.4,45,1.5,9.7,0.0,0.0,0.0,0.0,0.0,3,1006.9,1005.6,100,0,0,100,12.2,334,31.0,344.0,200.0,144.0,474.7,3600.0,0.2,0.85,11.8,0.21,Genova,44.4056,8.9463
2026-04-02T11:00,15.3,40,1.9,11.4,0.0,0.0,0.0,0.0,0.0,3,1006.6,1005.3,99,0,0,99,13.8,342,34.6,502.0,323.0,179.0,569.4,3600.0,0.3,1.04,12.8,0.209,Genova,44.4056,8.9463
2026-04-02T12:00,16.8,36,1.7,13.7,0.0,0.0,0.0,0.0,0.0,0,1006.7,1005.4,4,0,0,4,13.3,351,34.9,664.0,510.0,154.0,751.5,3600.0,0.39,1.22,14.1,0.208,Genova,44.4056,8.9463
2026-04-02T13:00,17.9,32,0.9,15.2,0.0,0.0,0.0,0.0,0.0,0,1006.1,1004.8,0,0,0,0,13.3,360,34.6,769.0,654.0,115.0,874.4,3600.0,0.46,1.4,15.2,0.207,Genova,44.4056,8.9463
2026-04-02T14:00,18.0,37,2.9,14.8,0.0,0.0,0.0,0.0,0.0,0,1004.9,1003.6,2,0,0,2,19.1,346,34.2,798.0,684.0,114.0,887.9,3600.0,0.47,1.31,16.1,0.205,Genova,44.4056,8.9463
2026-04-02T15:00,18.8,29,0.2,15.0,0.0,0.0,0.0,0.0,0.0,2,1004.4,1003.1,51,0,0,51,18.8,354,47.5,767.0,657.0,110.0,882.4,3600.0,0.48,1.55,16.7,0.203,Genova,44.4056,8.9463
2026-04-02T16:00,18.9,27,-0.4,14.8,0.0,0.0,0.0,0.0,0.0,3,1004.1,1002.8,99,0,0,99,17.1,358,45.0,666.0,537.0,129.0,799.0,3600.0,0.44,1.59,17.0,0.201,Genova,44.4056,8.9463
2026-04-02T17:00,18.7,27,-0.5,14.2,0.0,0.0,0.0,0.0,0.0,3,1004.3,1003.0,99,0,0,99,15.2,7,40.7,516.0,377.0,139.0,675.5,3600.0,0.36,1.56,17.0,0.2,Genova,44.4056,8.9463
2026-04-02T18:00,17.8,31,0.4,14.2,0.0,0.0,0.0,0.0,0.0,3,1004.7,1003.4,98,0,0,98,10.1,12,35.3,332.0,194.0,138.0,472.8,3600.0,0.24,1.4,16.7,0.199,Genova,44.4056,8.9463
2026-04-02T19:00,15.9,48,4.8,13.8,0.0,0.0,0.0,0.0,0.0,3,1005.4,1004.1,100,0,0,100,5.9,349,22.3,163.0,75.0,88.0,314.1,3600.0,0.11,0.95,15.9,0.199,Genova,44.4056,8.9463
2026-04-02T20:00,13.8,56,5.2,11.5,0.0,0.0,0.0,0.0,0.0,3,1005.9,1004.6,100,0,0,100,8.0,8,18.7,27.0,4.0,23.0,43.2,0.0,0.05,0.7,16.1,0.195,Genova,44.4056,8.9463
2026-04-02T21:00,12.4,60,4.9,9.5,0.0,0.0,0.0,0.0,0.0,3,1006.6,1005.3,100,0,0,100,10.9,13,23.8,0.0,0.0,0.0,0.0,0.0,0.04,0.57,14.7,0.195,Genova,44.4056,8.9463
2026-04-02T22:00,11.7,58,3.6,8.3,0.0,0.0,0.0,0.0,0.0,3,1007.1,1005.8,100,0,0,100,13.2,12,28.1,0.0,0.0,0.0,0.0,0.0,0.05,0.59,13.7,0.195,Genova,44.4056,8.9463
2026-04-02T23:00,12.2,48,1.5,8.1,0.0,0.0,0.0,0.0,0.0,3,1007.8,1006.5,100,0,0,100,15.0,6,32.4,0.0,0.0,0.0,0.0,0.0,0.07,0.74,13.1,0.195,Genova,44.4056,8.9463
2026-04-03T00:00,12.0,49,1.6,7.7,0.0,0.0,0.0,0.0,0.0,3,1008.4,1007.1,100,0,17,100,16.2,3,36.0,0.0,0.0,0.0,0.0,0.0,0.08,0.72,12.6,0.195,Genova,44.4056,8.9463
2026-04-03T01:00,11.6,50,1.4,7.1,0.0,0.0,0.0,0.0,0.0,3,1009.1,1007.8,100,0,1,100,17.9,6,39.2,0.0,0.0,0.0,0.0,0.0,0.08,0.69,12.2,0.196,Genova,44.4056,8.9463
2026-04-03T02:00,11.2,52,1.8,6.6,0.0,0.0,0.0,0.0,0.0,3,1009.5,1008.2,100,0,0,100,18.9,3,40.3,0.0,0.0,0.0,0.0,0.0,0.08,0.64,14.2,0.201,Genova,44.4056,8.9463
2026-04-03T03:00,11.2,52,1.6,6.8,0.0,0.0,0.0,0.0,0.0,1,1009.7,1008.4,30,0,0,30,17.3,1,40.3,0.0,0.0,0.0,0.0,0.0,0.07,0.64,13.2,0.201,Genova,44.4056,8.9463
2026-04-03T04:00,10.5,53,1.3,5.9,0.0,0.0,0.0,0.0,0.0,2,1010.0,1008.7,75,0,0,75,18.2,358,38.9,0.0,0.0,0.0,0.0,0.0,0.07,0.6,12.4,0.201,Genova,44.4056,8.9463
2026-04-03T05:00,10.3,52,1.0,5.6,0.0,0.0,0.0,0.0,0.0,0,1010.5,1009.2,0,0,0,0,18.7,1,40.0,0.0,0.0,0.0,0.0,0.0,0.07,0.59,11.8,0.201,Genova,44.4056,8.9463
2026-04-03T06:00,10.3,52,0.9,5.7,0.0,0.0,0.0,0.0,0.0,0,1010.7,1009.4,4,0,0,4,18.0,1,40.3,0.0,0.0,0.0,0.0,0.0,0.07,0.6,11.4,0.202,Genova,44.4056,8.9463
2026-04-03T07:00,9.8,54,0.8,5.0,0.0,0.0,0.0,0.0,0.0,0,1011.4,1010.1,0,0,0,0,18.7,360,40.0,0.0,0.0,0.0,0.0,0.0,0.07,0.56,11.0,0.202,Genova,44.4056,8.9463
2026-04-03T08:00,10.5,52,1.1,5.8,0.0,0.0,0.0,0.0,0.0,0,1012.5,1011.2,0,0,0,0,18.7,357,41.8,42.0,20.0,22.0,197.0,3215.25,0.09,0.61,12.2,0.202,Genova,44.4056,8.9463
2026-04-03T09:00,12.5,49,2.1,8.2,0.0,0.0,0.0,0.0,0.0,0,1013.0,1011.7,0,0,0,0,17.7,351,41.4,201.0,136.0,65.0,530.5,3600.0,0.15,0.74,12.2,0.202,Genova,44.4056,8.9463
2026-04-03T10:00,14.9,41,1.8,10.3,0.0,0.0,0.0,0.0,0.0,0,1013.4,1012.1,0,0,0,0,19.4,347,45.7,388.0,300.0,88.0,703.1,3600.0,0.25,1.0,13.0,0.201,Genova,44.4056,8.9463
2026-04-03T11:00,16.7,36,1.4,11.7,0.0,0.0,0.0,0.0,0.0,0,1013.7,1012.4,0,0,0,0,21.7,349,50.4,558.0,457.0,101.0,798.5,3600.0,0.35,1.23,14.0,0.2,Genova,44.4056,8.9463
2026-04-03T12:00,18.3,32,1.2,14.0,0.0,0.0,0.0,0.0,0.0,0,1013.9,1012.6,0,0,0,0,20.9,347,50.8,692.0,584.0,108.0,854.5,3600.0,0.44,1.44,15.2,0.199,Genova,44.4056,8.9463
2026-04-03T13:00,19.1,31,1.5,15.6,0.0,0.0,0.0,0.0,0.0,0,1013.7,1012.4,0,0,0,0,19.2,345,49.3,776.0,663.0,113.0,881.1,3600.0,0.49,1.53,16.3,0.197,Genova,44.4056,8.9463
2026-04-03T14:00,19.8,28,0.7,16.7,0.0,0.0,0.0,0.0,0.0,0,1013.2,1011.9,0,0,0,0,16.6,342,46.1,803.0,689.0,114.0,889.4,3600.0,0.51,1.67,17.3,0.196,Genova,44.4056,8.9463
2026-04-03T15:00,20.5,27,0.9,17.4,0.0,0.0,0.0,0.0,0.0,0,1012.8,1011.5,0,0,0,0,16.1,342,40.7,774.0,663.0,111.0,885.7,3600.0,0.51,1.76,18.0,0.194,Genova,44.4056,8.9463
2026-04-03T16:00,20.6,27,1.1,17.1,0.0,0.0,0.0,0.0,0.0,0,1012.7,1011.4,0,0,0,0,15.3,338,39.2,685.0,578.0,107.0,855.1,3600.0,0.46,1.77,18.4,0.192,Genova,44.4056,8.9463
2026-04-03T17:00,20.4,28,1.0,16.3,0.0,0.0,0.0,0.0,0.0,0,1012.8,1011.5,0,0,0,0,14.5,343,37.4,547.0,449.0,98.0,799.2,3600.0,0.39,1.73,18.5,0.191,Genova,44.4056,8.9463
2026-04-03T18:00,19.9,30,1.9,16.7,0.0,0.0,0.0,0.0,0.0,0,1012.9,1011.6,0,0,0,0,9.7,333,33.5,375.0,290.0,85.0,700.6,3600.0,0.26,1.62,18.2,0.19,Genova,44.4056,8.9463
2026-04-03T19:00,18.1,43,5.3,16.0,0.0,0.0,0.0,0.0,0.0,0,1013.3,1012.0,0,0,0,0,6.0,327,22.0,190.0,127.0,63.0,523.9,3600.0,0.12,1.18,17.5,0.19,Genova,44.4056,8.9463
2026-04-03T20:00,15.2,50,4.8,12.5,0.0,0.0,0.0,0.0,0.0,0,1013.7,1012.4,0,0,0,0,9.7,2,14.0,35.0,16.0,19.0,169.4,2942.95,0.06,0.87,17.0,0.185,Genova,44.4056,8.9463
2026-04-03T21:00,12.9,55,4.2,9.8,0.0,0.0,0.0,0.0,0.0,0,1014.6,1013.3,0,0,0,0,12.2,25,25.2,0.0,0.0,0.0,0.0,0.0,0.05,0.66,15.6,0.186,Genova,44.4056,8.9463
2026-04-03T22:00,11.4,58,3.4,8.4,0.0,0.0,0.0,0.0,0.0,0,1015.3,1014.0,0,0,0,0,9.8,28,25.6,0.0,0.0,0.0,0.0,0.0,0.04,0.56,14.5,0.186,Genova,44.4056,8.9463
2026-04-03T23:00,10.5,59,2.9,8.1,0.0,0.0,0.0,0.0,0.0,0,1016.0,1014.7,0,0,0,0,5.3,33,22.3,0.0,0.0,0.0,0.0,0.0,0.01,0.52,13.5,0.186,Genova,44.4056,8.9463
2026-04-04T00:00,11.4,54,2.3,8.9,0.0,0.0,0.0,0.0,0.0,0,1016.5,1015.2,0,0,0,0,4.8,27,17.3,0.0,0.0,0.0,0.0,0.0,0.02,0.63,12.8,0.186,Genova,44.4056,8.9463
2026-04-04T01:00,11.4,53,2.1,8.9,0.0,0.0,0.0,0.0,0.0,0,1016.8,1015.5,0,0,0,0,5.2,25,16.6,0.0,0.0,0.0,0.0,0.0,0.02,0.64,12.4,0.187,Genova,44.4056,8.9463
2026-04-04T02:00,9.5,60,2.1,6.6,0.0,0.0,0.0,0.0,0.0,0,1017.1,1015.7,12,0,0,12,7.5,20,18.0,0.0,0.0,0.0,0.0,0.0,0.02,0.47,13.1,0.188,Genova,44.4056,8.9463
2026-04-04T03:00,9.1,59,1.5,5.8,0.0,0.0,0.0,0.0,0.0,0,1017.3,1015.9,3,0,0,3,9.5,14,23.4,0.0,0.0,0.0,0.0,0.0,0.03,0.48,12.3,0.188,Genova,44.4056,8.9463
2026-04-04T04:00,8.5,58,0.8,4.9,0.0,0.0,0.0,0.0,0.0,0,1017.5,1016.1,0,0,0,0,10.8,15,25.2,0.0,0.0,0.0,0.0,0.0,0.03,0.46,11.6,0.189,Genova,44.4056,8.9463
2026-04-04T05:00,8.0,58,0.3,4.1,0.0,0.0,0.0,0.0,0.0,0,1017.8,1016.4,0,0,0,0,12.2,14,27.0,0.0,0.0,0.0,0.0,0.0,0.04,0.45,10.9,0.189,Genova,44.4056,8.9463
2026-04-04T06:00,7.8,57,-0.1,4.0,0.0,0.0,0.0,0.0,0.0,0,1018.2,1016.8,1,0,0,1,10.9,12,27.7,0.0,0.0,0.0,0.0,0.0,0.04,0.45,10.4,0.189,Genova,44.4056,8.9463
2026-04-04T07:00,7.1,60,-0.1,3.8,0.0,0.0,0.0,0.0,0.0,0,1018.5,1017.1,8,0,0,8,7.9,13,25.2,0.0,0.0,0.0,0.0,0.0,0.02,0.41,10.0,0.189,Genova,44.4056,8.9463
2026-04-04T08:00,9.6,57,1.5,6.1,0.0,0.0,0.0,0.0,0.0,0,1019.2,1017.8,2,0,2,0,11.2,12,21.6,46.0,22.0,24.0,211.0,3325.32,0.05,0.52,11.5,0.184,Genova,44.4056,8.9463
2026-04-04T09:00,15.0,57,6.4,13.0,0.0,0.0,0.0,0.0,0.0,0,1019.9,1018.6,2,0,0,2,7.0,360,24.5,205.0,138.0,67.0,527.1,3600.0,0.12,0.74,12.2,0.184,Genova,44.4056,8.9463
2026-04-04T10:00,18.3,42,5.1,16.7,0.0,0.0,0.0,0.0,0.0,0,1020.8,1019.5,1,0,0,1,3.0,232,15.1,389.0,301.0,88.0,696.9,3600.0,0.22,1.23,13.7,0.184,Genova,44.4056,8.9463
2026-04-04T11:00,19.1,41,5.6,17.3,0.0,0.0,0.0,0.0,0.0,0,1021.3,1020.0,0,0,0,0,4.6,219,16.9,555.0,453.0,102.0,784.7,3600.0,0.33,1.3,15.2,0.183,Genova,44.4056,8.9463
2026-04-04T12:00,19.7,46,7.6,19.1,0.0,0.0,0.0,0.0,0.0,0,1021.7,1020.4,0,0,0,0,5.5,203,20.2,684.0,574.0,110.0,834.1,3600.0,0.41,1.25,16.7,0.182,Genova,44.4056,8.9463
2026-04-04T13:00,19.7,52,9.6,19.6,0.0,0.0,0.0,0.0,0.0,0,1021.6,1020.3,0,0,0,0,8.4,190,25.9,764.0,648.0,116.0,856.1,3600.0,0.46,1.1,17.8,0.181,Genova,44.4056,8.9463
2026-04-04T14:00,20.0,54,10.5,20.3,0.0,0.0,0.0,0.0,0.0,0,1021.3,1020.0,0,0,0,0,8.8,195,28.8,788.0,671.0,117.0,861.5,3600.0,0.47,1.06,18.4,0.185,Genova,44.4056,8.9463
2026-04-04T15:00,19.8,55,10.6,19.7,0.0,0.0,0.0,0.0,0.0,0,1021.2,1019.9,0,0,0,0,9.9,190,29.2,754.0,639.0,115.0,849.1,3600.0,0.45,1.03,19.0,0.184,Genova,44.4056,8.9463
2026-04-04T16:00,19.1,56,10.0,18.3,0.0,0.0,0.0,0.0,0.0,0,1021.1,1019.8,2,0,2,0,10.1,184,28.8,667.0,558.0,109.0,820.9,3600.0,0.39,0.98,19.2,0.183,Genova,44.4056,8.9463
2026-04-04T17:00,18.4,54,9.0,17.2,0.0,0.0,0.0,0.0,0.0,0,1021.1,1019.8,0,0,0,0,6.9,171,27.7,535.0,436.0,99.0,771.0,3600.0,0.31,0.97,19.1,0.182,Genova,44.4056,8.9463
2026-04-04T18:00,17.8,54,8.3,16.6,0.0,0.0,0.0,0.0,0.0,0,1021.0,1019.7,1,0,0,1,5.2,134,20.2,365.0,278.0,87.0,665.7,3600.0,0.21,0.95,18.6,0.182,Genova,44.4056,8.9463
2026-04-04T19:00,16.7,61,9.1,15.7,0.0,0.0,0.0,0.0,0.0,0,1021.1,1019.8,0,0,0,0,4.9,90,14.4,185.0,121.0,64.0,491.7,3600.0,0.1,0.74,17.8,0.182,Genova,44.4056,8.9463
2026-04-04T20:00,14.6,69,8.9,13.5,0.0,0.0,0.0,0.0,0.0,0,1021.1,1019.8,0,0,0,0,5.5,71,10.4,36.0,16.0,20.0,166.1,3016.79,0.03,0.52,17.0,0.182,Genova,44.4056,8.9463
2026-04-04T21:00,14.5,60,6.9,13.1,0.0,0.0,0.0,0.0,0.0,0,1021.8,1020.5,0,0,0,0,4.1,45,11.5,0.0,0.0,0.0,0.0,0.0,0.01,0.66,15.7,0.182,Genova,44.4056,8.9463
2026-04-04T22:00,14.8,55,5.7,13.1,0.0,0.0,0.0,0.0,0.0,0,1022.2,1020.9,0,0,0,0,3.9,43,10.4,0.0,0.0,0.0,0.0,0.0,0.01,0.76,14.6,0.183,Genova,44.4056,8.9463
2026-04-04T23:00,14.5,52,4.9,12.7,0.0,0.0,0.0,0.0,0.0,0,1022.4,1021.1,4,0,0,4,3.9,43,10.1,0.0,0.0,0.0,0.0,0.0,0.01,0.79,13.8,0.183,Genova,44.4056,8.9463
2026-04-05T00:00,14.3,49,3.7,12.1,0.0,0.0,0.0,0.0,0.0,1,1022.4,1021.1,20,0,0,20,4.5,40,11.5,0.0,0.0,0.0,0.0,0.0,0.02,0.83,13.1,0.183,Genova,44.4056,8.9463
2026-04-05T01:00,13.6,51,3.6,11.7,0.0,0.0,0.0,0.0,0.0,1,1022.6,1021.3,22,0,0,22,2.4,36,11.9,0.0,0.0,0.0,0.0,0.0,0.0,0.77,12.6,0.184,Genova,44.4056,8.9463
2026-04-05T02:00,12.5,52,3.0,10.6,0.0,0.0,0.0,0.0,0.0,0,1023.0,1021.7,4,0,0,4,1.5,30,7.6,0.0,0.0,0.0,0.0,0.0,0.0,0.69,11.5,0.174,Genova,44.4056,8.9463
2026-04-05T03:00,13.4,45,1.8,11.4,0.0,0.0,0.0,0.0,0.0,0,1023.2,1021.9,4,0,0,4,1.2,39,5.0,0.0,0.0,0.0,0.0,0.0,0.0,0.84,10.9,0.174,Genova,44.4056,8.9463
2026-04-05T04:00,13.2,46,1.7,11.0,0.0,0.0,0.0,0.0,0.0,1,1023.0,1021.7,22,0,0,22,1.9,41,4.7,0.0,0.0,0.0,0.0,0.0,0.0,0.83,10.5,0.175,Genova,44.4056,8.9463
2026-04-05T05:00,12.5,48,1.8,10.3,0.0,0.0,0.0,0.0,0.0,3,1023.0,1021.7,84,0,0,84,2.4,27,6.8,0.0,0.0,0.0,0.0,0.0,0.0,0.75,10.1,0.175,Genova,44.4056,8.9463
2026-04-05T06:00,13.1,44,1.1,11.1,0.0,0.0,0.0,0.0,0.0,3,1023.2,1021.9,100,0,0,100,0.4,360,5.8,0.0,0.0,0.0,0.0,0.0,0.0,0.84,9.8,0.176,Genova,44.4056,8.9463
2026-04-05T07:00,12.5,47,1.4,10.4,0.0,0.0,0.0,0.0,0.0,3,1023.2,1021.9,96,0,0,96,1.5,14,4.7,0.0,0.0,0.0,0.0,0.0,0.0,0.78,9.6,0.176,Genova,44.4056,8.9463
2026-04-05T08:00,13.6,51,3.7,12.0,0.0,0.0,0.0,0.0,0.0,3,1023.7,1022.4,84,0,0,84,0.7,14,6.1,45.0,15.0,30.0,140.2,3136.37,0.01,0.76,8.2,0.177,Genova,44.4056,8.9463
2026-04-05T09:00,15.7,43,3.3,13.7,0.0,0.0,0.0,0.0,0.0,1,1024.4,1023.1,22,0,0,22,3.2,199,8.6,203.0,127.0,76.0,475.3,3600.0,0.11,1.01,10.1,0.177,Genova,44.4056,8.9463
2026-04-05T10:00,16.6,48,5.4,14.6,0.0,0.0,0.0,0.0,0.0,1,1024.9,1023.6,23,0,0,23,5.6,163,16.6,391.0,300.0,91.0,686.3,3600.0,0.22,0.99,12.0,0.177,Genova,44.4056,8.9463
2026-04-05T11:00,17.5,56,8.6,15.9,0.0,0.0,0.0,0.0,0.0,1,1025.1,1023.8,24,0,0,24,8.3,156,23.4,557.0,452.0,105.0,776.3,3600.0,0.32,0.88,13.8,0.176,Genova,44.4056,8.9463
2026-04-05T12:00,18.0,61,10.4,17.5,0.0,0.0,0.0,0.0,0.0,1,1025.4,1024.1,41,0,0,41,9.8,163,28.1,688.0,575.0,113.0,829.9,3600.0,0.39,0.8,15.4,0.175,Genova,44.4056,8.9463
2026-04-05T13:00,18.3,65,11.6,18.5,0.0,0.0,0.0,0.0,0.0,2,1025.4,1024.1,59,0,0,59,10.4,171,29.9,767.0,646.0,121.0,848.6,3600.0,0.42,0.74,16.7,0.174,Genova,44.4056,8.9463
2026-04-05T14:00,17.9,68,11.9,18.6,0.0,0.0,0.0,0.0,0.0,2,1025.3,1024.0,71,0,0,71,9.3,170,30.2,792.0,666.0,126.0,850.6,3600.0,0.43,0.66,17.9,0.175,Genova,44.4056,8.9463
2026-04-05T15:00,18.2,68,12.1,18.6,0.0,0.0,0.0,0.0,0.0,2,1025.1,1023.8,51,0,0,51,10.4,170,29.9,760.0,637.0,123.0,842.1,3600.0,0.42,0.68,18.5,0.175,Genova,44.4056,8.9463
2026-04-05T16:00,18.0,70,12.5,17.9,0.0,0.0,0.0,0.0,0.0,0,1024.6,1023.3,0,0,0,0,10.9,167,30.2,675.0,560.0,115.0,819.3,3600.0,0.36,0.61,18.8,0.174,Genova,44.4056,8.9463
2026-04-05T17:00,17.4,72,12.4,16.5,0.0,0.0,0.0,0.0,0.0,0,1024.4,1023.1,0,0,0,0,11.0,166,30.6,543.0,442.0,101.0,776.6,3600.0,0.29,0.55,18.7,0.173,Genova,44.4056,8.9463
2026-04-05T18:00,16.4,79,12.7,15.9,0.0,0.0,0.0,0.0,0.0,0,1024.2,1022.9,0,0,0,0,9.4,160,28.8,374.0,286.0,88.0,679.0,3600.0,0.19,0.4,18.2,0.173,Genova,44.4056,8.9463
2026-04-05T19:00,15.2,86,12.8,14.9,0.0,0.0,0.0,0.0,0.0,0,1024.5,1023.2,0,0,0,0,7.9,153,24.5,190.0,125.0,65.0,500.6,3600.0,0.09,0.24,17.3,0.173,Genova,44.4056,8.9463
2026-04-05T20:00,13.2,94,12.3,13.2,0.0,0.0,0.0,0.0,0.0,0,1024.7,1023.4,0,0,0,0,4.8,119,19.1,38.0,17.0,21.0,173.3,3090.54,0.01,0.09,16.8,0.173,Genova,44.4056,8.9463
2026-04-05T21:00,13.4,91,12.0,12.8,0.0,0.0,0.0,0.0,0.0,2,1025.0,1023.7,51,0,0,51,7.8,109,16.6,0.0,0.0,0.0,0.0,0.0,0.0,0.13,15.4,0.174,Genova,44.4056,8.9463
2026-04-05T22:00,13.0,86,10.7,12.3,0.0,0.0,0.0,0.0,0.0,0,1025.2,1023.9,4,0,0,4,6.4,108,16.2,0.0,0.0,0.0,0.0,0.0,0.0,0.21,14.4,0.174,Genova,44.4056,8.9463
2026-04-05T23:00,12.7,81,9.4,11.7,0.0,0.0,0.0,0.0,0.0,0,1025.3,1024.0,13,0,0,13,5.9,113,14.4,0.0,0.0,0.0,0.0,0.0,0.0,0.28,13.4,0.175,Genova,44.4056,8.9463
2026-04-06T00:00,12.3,79,8.7,11.1,0.0,0.0,0.0,0.0,0.0,3,1025.7,1024.4,95,2,0,95,5.6,115,13.7,0.0,0.0,0.0,0.0,0.0,0.0,0.3,12.7,0.175,Genova,44.4056,8.9463
2026-04-06T01:00,11.9,76,7.8,10.6,0.0,0.0,0.0,0.0,0.0,2,1025.7,1024.3,68,0,0,68,5.1,107,13.3,0.0,0.0,0.0,0.0,0.0,0.0,0.33,12.0,0.176,Genova,44.4056,8.9463
2026-04-06T02:00,11.5,87,9.4,10.6,0.0,0.0,0.0,0.0,0.0,2,1025.8,1024.4,74,21,0,67,5.2,112,12.6,0.0,0.0,0.0,0.0,0.0,0.0,0.18,12.7,0.184,Genova,44.4056,8.9463
2026-04-06T03:00,11.9,84,9.2,11.0,0.0,0.0,0.0,0.0,0.0,3,1025.7,1024.3,93,23,0,91,4.5,95,12.6,0.0,0.0,0.0,0.0,0.0,0.0,0.23,12.2,0.184,Genova,44.4056,8.9463
2026-04-06T04:00,11.5,79,8.0,10.2,0.0,0.0,0.0,0.0,0.0,3,1025.3,1023.9,88,5,0,87,4.9,84,11.5,0.0,0.0,0.0,0.0,0.0,0.0,0.28,11.7,0.185,Genova,44.4056,8.9463
2026-04-06T05:00,11.0,76,7.0,9.6,0.0,0.0,0.0,0.0,0.0,0,1025.0,1023.6,11,1,0,10,4.2,72,11.5,0.0,0.0,0.0,0.0,0.0,0.0,0.31,11.2,0.185,Genova,44.4056,8.9463
2026-04-06T06:00,10.8,75,6.6,9.4,0.0,0.0,0.0,0.0,0.0,1,1024.9,1023.5,20,0,0,20,4.0,72,10.4,0.0,0.0,0.0,0.0,0.0,0.0,0.32,10.8,0.186,Genova,44.4056,8.9463
2026-04-06T07:00,10.7,74,6.4,9.1,0.0,0.0,0.0,0.0,0.0,1,1024.8,1023.4,31,0,0,31,4.7,97,11.5,0.0,0.0,0.0,0.0,0.0,0.0,0.33,10.4,0.186,Genova,44.4056,8.9463
2026-04-06T08:00,12.6,71,7.4,10.9,0.0,0.0,0.0,0.0,0.0,1,1025.4,1024.1,27,3,0,26,6.8,112,13.0,48.0,19.0,29.0,173.2,3543.72,0.03,0.42,10.7,0.209,Genova,44.4056,8.9463
2026-04-06T09:00,14.3,70,8.8,12.8,0.0,0.0,0.0,0.0,0.0,1,1025.7,1024.4,22,2,0,20,7.8,132,20.5,191.0,113.0,78.0,414.6,3600.0,0.1,0.5,11.7,0.209,Genova,44.4056,8.9463
2026-04-06T10:00,15.2,70,9.8,13.9,0.0,0.0,0.0,0.0,0.0,2,1025.9,1024.6,51,17,0,41,8.6,141,23.8,341.0,221.0,120.0,499.7,3600.0,0.18,0.52,12.9,0.209,Genova,44.4056,8.9463
2026-04-06T11:00,16.3,72,11.1,14.9,0.0,0.0,0.0,0.0,0.0,1,1026.0,1024.7,47,29,0,24,11.5,146,30.6,496.0,356.0,140.0,606.3,3600.0,0.26,0.53,14.2,0.209,Genova,44.4056,8.9463
2026-04-06T12:00,16.9,73,12.0,15.8,0.0,0.0,0.0,0.0,0.0,2,1026.0,1024.7,55,15,0,47,13.5,151,36.0,595.0,410.0,185.0,587.9,3600.0,0.31,0.52,15.3,0.208,Genova,44.4056,8.9463
2026-04-06T13:00,17.3,72,12.1,16.6,0.0,0.0,0.0,0.0,0.0,0,1026.0,1024.7,7,7,0,0,13.8,154,36.7,673.0,480.0,193.0,626.9,3600.0,0.35,0.56,16.3,0.208,Genova,44.4056,8.9463
2026-04-06T14:00,17.2,73,12.3,16.9,0.0,0.0,0.0,0.0,0.0,1,1025.6,1024.3,47,47,0,0,13.5,159,37.1,731.0,521.0,210.0,662.0,3600.0,0.38,0.53,17.0,0.191,Genova,44.4056,8.9463
2026-04-06T15:00,17.3,72,12.3,16.9,0.0,0.0,0.0,0.0,0.0,2,1025.0,1023.7,52,52,0,0,13.4,151,37.1,708.0,533.0,175.0,701.0,3600.0,0.37,0.55,17.6,0.19,Genova,44.4056,8.9463
2026-04-06T16:00,17.0,74,12.4,16.3,0.0,0.0,0.0,0.0,0.0,1,1024.4,1023.1,34,32,0,4,13.1,155,36.0,621.0,453.0,168.0,659.2,3600.0,0.32,0.5,17.9,0.189,Genova,44.4056,8.9463
2026-04-06T17:00,16.5,76,12.3,15.5,0.0,0.0,0.0,0.0,0.0,2,1024.2,1022.9,58,38,0,32,11.7,155,34.9,499.0,345.0,154.0,602.4,3600.0,0.26,0.44,17.8,0.189,Genova,44.4056,8.9463
2026-04-06T18:00,15.6,82,12.6,14.9,0.0,0.0,0.0,0.0,0.0,1,1024.2,1022.9,39,28,0,16,10.1,153,31.0,331.0,204.0,127.0,480.3,3600.0,0.16,0.32,17.4,0.189,Genova,44.4056,8.9463
2026-04-06T19:00,14.7,88,12.7,14.2,0.0,0.0,0.0,0.0,0.0,1,1024.3,1023.0,33,33,0,0,9.6,147,27.0,178.0,99.0,79.0,390.8,3600.0,0.08,0.21,16.7,0.189,Genova,44.4056,8.9463
2026-04-06T20:00,13.4,95,12.6,13.1,0.0,0.0,0.0,0.0,0.0,0,1024.2,1022.9,12,11,1,0,7.1,124,22.7,38.0,16.0,22.0,160.1,3164.21,0.01,0.07,16.4,0.188,Genova,44.4056,8.9463
2026-04-06T21:00,12.9,96,12.3,12.8,0.0,0.0,0.0,0.0,0.0,0,1024.6,1023.3,0,0,0,0,5.5,109,14.8,0.0,0.0,0.0,0.0,0.0,0.0,0.05,15.1,0.188,Genova,44.4056,8.9463
2026-04-06T22:00,12.8,95,12.0,12.5,0.0,0.0,0.0,0.0,0.0,0,1024.9,1023.6,7,7,0,0,6.5,118,14.0,0.0,0.0,0.0,0.0,0.0,0.0,0.08,14.1,0.189,Genova,44.4056,8.9463
2026-04-06T23:00,12.8,92,11.6,12.3,0.0,0.0,0.0,0.0,0.0,0,1024.9,1023.6,6,6,0,0,6.2,123,14.0,0.0,0.0,0.0,0.0,0.0,0.0,0.11,13.4,0.189,Genova,44.4056,8.9463
2026-04-07T00:00,12.6,90,11.0,12.2,0.0,0.0,0.0,0.0,0.0,0,1025.0,1023.7,2,2,0,0,5.0,116,13.7,0.0,0.0,0.0,0.0,0.0,0.0,0.15,12.9,0.19,Genova,44.4056,8.9463
2026-04-07T01:00,12.1,89,10.3,11.6,0.0,0.0,0.0,0.0,0.0,0,1025.1,1023.8,0,0,0,0,4.0,111,11.9,0.0,0.0,0.0,0.0,0.0,0.0,0.16,12.4,0.19,Genova,44.4056,8.9463
2026-04-07T02:00,12.1,87,10.0,11.1,0.0,0.0,0.0,0.0,0.0,1,1025.1,1023.8,39,39,0,0,6.8,112,10.1,0.0,0.0,0.0,0.0,0.0,0.0,0.18,13.4,0.192,Genova,44.4056,8.9463
2026-04-07T03:00,12.3,88,10.4,11.6,0.0,0.0,0.0,0.0,0.0,3,1025.0,1023.7,80,80,0,0,5.6,117,15.1,0.0,0.0,0.0,0.0,0.0,0.0,0.17,12.9,0.193,Genova,44.4056,8.9463
2026-04-07T04:00,11.9,90,10.4,11.2,0.0,0.0,0.0,0.0,0.0,3,1024.7,1023.4,87,87,0,0,5.7,114,13.0,0.0,0.0,0.0,0.0,0.0,0.0,0.14,12.5,0.193,Genova,44.4056,8.9463
2026-04-07T05:00,11.8,91,10.3,11.1,0.0,0.0,0.0,0.0,0.0,3,1024.9,1023.5,94,94,0,0,5.6,105,12.6,0.0,0.0,0.0,0.0,0.0,0.0,0.13,12.3,0.194,Genova,44.4056,8.9463
2026-04-07T06:00,12.1,89,10.4,11.3,0.0,0.0,0.0,0.0,0.0,3,1024.7,1023.4,92,92,0,0,6.3,114,13.3,0.0,0.0,0.0,0.0,0.0,0.0,0.15,12.2,0.194,Genova,44.4056,8.9463
2026-04-07T07:00,11.9,90,10.4,11.1,0.0,0.0,0.0,0.0,0.0,3,1024.4,1023.1,84,84,0,0,6.6,112,14.0,0.0,0.0,0.0,0.0,0.0,0.02,0.14,12.1,0.195,Genova,44.4056,8.9463
2026-04-07T08:00,12.8,86,10.5,12.0,0.0,0.0,0.0,0.0,0.0,3,1024.7,1023.4,80,80,0,0,6.7,114,15.8,33.0,9.0,24.0,80.1,1036.29,0.03,0.21,12.8,0.198,Genova,44.4056,8.9463
2026-04-07T09:00,14.2,84,11.6,13.6,0.0,0.0,0.0,0.0,0.0,2,1024.5,1023.2,61,61,0,0,7.4,141,18.7,173.0,98.0,75.0,352.7,3600.0,0.09,0.25,13.3,0.199,Genova,44.4056,8.9463
2026-04-07T10:00,15.3,80,11.9,14.4,0.0,0.0,0.0,0.0,0.0,2,1024.6,1023.3,55,55,0,0,9.9,148,26.3,317.0,205.0,112.0,458.3,3600.0,0.16,0.34,14.1,0.199,Genova,44.4056,8.9463
2026-04-07T11:00,16.2,77,12.2,15.2,0.0,0.0,0.0,0.0,0.0,2,1024.7,1023.4,61,61,0,0,11.7,153,31.3,477.0,333.0,144.0,562.5,3600.0,0.25,0.43,15.1,0.198,Genova,44.4056,8.9463
2026-04-07T12:00,16.7,77,12.6,15.5,0.0,0.0,0.0,0.0,0.0,3,1024.8,1023.5,100,100,0,0,13.6,156,35.6,534.0,337.0,197.0,480.1,3600.0,0.28,0.45,15.9,0.198,Genova,44.4056,8.9463
2026-04-07T13:00,17.0,78,13.0,15.9,0.0,0.0,0.0,0.0,0.0,3,1024.5,1023.2,100,100,0,0,14.9,160,38.5,577.0,342.0,235.0,444.2,3600.0,0.3,0.43,16.7,0.198,Genova,44.4056,8.9463
2026-04-07T14:00,16.2,79,12.5,14.9,0.0,0.0,0.0,0.0,0.0,3,1024.2,1022.9,100,100,0,0,14.9,159,38.5,573.0,300.0,273.0,379.2,3600.0,0.29,0.39,16.5,0.211,Genova,44.4056,8.9463
2026-04-07T15:00,16.4,77,12.5,15.3,0.0,0.0,0.0,0.0,0.0,3,1023.8,1022.5,97,97,0,0,14.2,165,39.2,591.0,364.0,227.0,476.4,3600.0,0.3,0.42,17.0,0.21,Genova,44.4056,8.9463
2026-04-07T16:00,16.2,78,12.5,15.0,0.0,0.0,0.0,0.0,0.0,2,1023.2,1021.9,59,58,0,2,13.6,162,37.1,528.0,327.0,201.0,473.3,3600.0,0.27,0.4,17.2,0.21,Genova,44.4056,8.9463
2026-04-07T17:00,15.9,79,12.3,14.9,0.0,0.0,0.0,0.0,0.0,1,1022.7,1021.4,23,23,0,0,12.1,165,35.6,470.0,316.0,154.0,548.3,3600.0,0.24,0.38,17.2,0.21,Genova,44.4056,8.9463
2026-04-07T18:00,15.2,81,12.0,14.2,0.0,0.0,0.0,0.0,0.0,1,1022.5,1021.2,21,20,1,1,11.1,163,32.0,318.0,201.0,117.0,469.3,3600.0,0.16,0.33,16.9,0.209,Genova,44.4056,8.9463
2026-04-07T19:00,14.2,85,11.8,13.2,0.0,0.0,0.0,0.0,0.0,1,1022.6,1021.3,21,20,0,1,10.9,147,28.8,157.0,83.0,74.0,323.1,3600.0,0.08,0.24,16.2,0.21,Genova,44.4056,8.9463
2026-04-07T20:00,13.0,96,12.3,12.6,0.0,0.0,0.0,0.0,0.0,1,1022.4,1021.1,21,21,0,0,7.2,129,26.3,34.0,14.0,20.0,137.7,2922.24,0.01,0.06,16.0,0.205,Genova,44.4056,8.9463
2026-04-07T21:00,12.7,95,11.9,12.5,0.0,0.0,0.0,0.0,0.0,0,1022.5,1021.2,3,2,0,0,5.2,115,15.1,0.0,0.0,0.0,0.0,0.0,0.0,0.07,14.8,0.206,Genova,44.4056,8.9463
2026-04-07T22:00,12.6,92,11.3,12.3,0.0,0.0,0.0,0.0,0.0,0,1022.6,1021.3,0,0,0,0,4.8,117,12.2,0.0,0.0,0.0,0.0,0.0,0.0,0.12,13.8,0.206,Genova,44.4056,8.9463
2026-04-07T23:00,12.2,88,10.2,11.7,0.0,0.0,0.0,0.0,0.0,0,1022.5,1021.2,0,0,0,0,4.0,108,11.5,0.0,0.0,0.0,0.0,0.0,0.0,0.18,13.0,0.207,Genova,44.4056,8.9463
2026-04-08T00:00,11.7,83,8.9,10.8,0.0,0.0,0.0,0.0,0.0,0,1022.3,1021.0,3,0,0,3,4.0,100,9.7,0.0,0.0,0.0,0.0,0.0,0.0,0.24,12.3,0.208,Genova,44.4056,8.9463
2026-04-08T01:00,11.4,78,7.6,10.1,0.0,0.0,0.0,0.0,0.0,0,1022.3,1021.0,0,0,0,0,4.2,102,9.7,0.0,0.0,0.0,0.0,0.0,0.0,0.3,11.6,0.208,Genova,44.4056,8.9463
2026-04-08T02:00,11.2,85,8.7,10.4,0.0,0.0,0.0,0.0,0.0,0,1022.4,1021.1,8,8,0,0,3.5,99,10.1,0.0,0.0,0.0,0.0,0.0,0.0,0.21,13.9,0.227,Genova,44.4056,8.9463
2026-04-08T03:00,11.6,82,8.7,10.8,0.0,0.0,0.0,0.0,0.0,0,1022.2,1020.9,4,4,0,0,3.6,96,8.3,0.0,0.0,0.0,0.0,0.0,0.0,0.24,12.9,0.228,Genova,44.4056,8.9463
2026-04-08T04:00,11.2,81,8.1,10.1,0.0,0.0,0.0,0.0,0.0,0,1021.9,1020.6,2,2,0,0,3.8,95,8.6,0.0,0.0,0.0,0.0,0.0,0.0,0.25,12.1,0.228,Genova,44.4056,8.9463
2026-04-08T05:00,10.8,80,7.5,9.6,0.0,0.0,0.0,0.0,0.0,0,1021.8,1020.4,1,1,0,0,3.8,87,9.0,0.0,0.0,0.0,0.0,0.0,0.0,0.26,11.4,0.229,Genova,44.4056,8.9463
2026-04-08T06:00,10.4,79,7.0,9.1,0.0,0.0,0.0,0.0,0.0,0,1021.8,1020.4,0,0,0,0,3.1,69,8.6,0.0,0.0,0.0,0.0,0.0,0.0,0.26,10.8,0.23,Genova,44.4056,8.9463
2026-04-08T07:00,10.2,78,6.5,8.9,0.0,0.0,0.0,0.0,0.0,0,1021.7,1020.3,0,0,0,0,2.9,60,7.6,0.0,0.0,0.0,0.0,0.0,0.02,0.28,10.3,0.23,Genova,44.4056,8.9463
2026-04-08T08:00,12.8,74,8.2,11.8,0.0,0.0,0.0,0.0,0.0,0,1022.0,1020.7,0,0,0,0,3.4,96,7.2,58.0,29.0,29.0,252.1,3600.0,0.02,0.39,9.9,0.253,Genova,44.4056,8.9463
2026-04-08T09:00,14.8,66,8.4,13.8,0.0,0.0,0.0,0.0,0.0,0,1022.0,1020.7,0,0,0,0,3.9,167,10.8,221.0,152.0,69.0,536.9,3600.0,0.11,0.58,11.4,0.254,Genova,44.4056,8.9463
2026-04-08T10:00,16.0,58,7.7,14.6,0.0,0.0,0.0,0.0,0.0,0,1022.1,1020.8,0,0,0,0,5.4,159,16.9,401.0,311.0,90.0,687.6,3600.0,0.22,0.77,12.9,0.254,Genova,44.4056,8.9463
2026-04-08T11:00,17.0,55,7.9,15.5,0.0,0.0,0.0,0.0,0.0,0,1022.3,1021.0,0,0,0,0,7.0,168,21.6,565.0,459.0,106.0,769.3,3600.0,0.32,0.87,14.3,0.254,Genova,44.4056,8.9463
2026-04-08T12:00,17.5,54,8.1,16.6,0.0,0.0,0.0,0.0,0.0,0,1022.3,1021.0,0,0,0,0,8.5,174,25.2,694.0,580.0,114.0,821.0,3600.0,0.39,0.92,15.7,0.253,Genova,44.4056,8.9463
2026-04-08T13:00,17.9,55,8.6,17.7,0.0,0.0,0.0,0.0,0.0,0,1022.1,1020.8,0,0,0,0,8.1,176,25.6,776.0,657.0,119.0,848.7,3600.0,0.44,0.93,16.7,0.251,Genova,44.4056,8.9463
2026-04-08T14:00,17.7,56,8.8,17.7,0.0,0.0,0.0,0.0,0.0,0,1021.6,1020.3,0,0,0,0,8.1,175,25.2,803.0,683.0,120.0,859.1,3600.0,0.45,0.89,17.5,0.234,Genova,44.4056,8.9463
2026-04-08T15:00,18.2,58,9.8,18.4,0.0,0.0,0.0,0.0,0.0,0,1021.1,1019.8,0,0,0,0,7.4,177,25.2,770.0,653.0,117.0,850.4,3600.0,0.44,0.88,18.1,0.233,Genova,44.4056,8.9463
2026-04-08T16:00,18.1,62,10.8,18.1,0.0,0.0,0.0,0.0,0.0,0,1020.4,1019.1,0,0,0,0,7.5,190,23.4,684.0,572.0,112.0,823.7,3600.0,0.39,0.78,18.4,0.232,Genova,44.4056,8.9463
2026-04-08T17:00,17.7,65,11.1,17.1,0.0,0.0,0.0,0.0,0.0,0,1020.0,1018.7,0,0,0,0,6.6,189,23.0,549.0,446.0,103.0,769.2,3600.0,0.31,0.7,18.4,0.231,Genova,44.4056,8.9463
2026-04-08T18:00,17.1,68,11.0,16.7,0.0,0.0,0.0,0.0,0.0,0,1019.8,1018.5,0,0,0,0,4.9,190,20.2,380.0,290.0,90.0,671.6,3600.0,0.21,0.63,18.0,0.231,Genova,44.4056,8.9463
2026-04-08T19:00,15.9,72,10.8,15.7,0.0,0.0,0.0,0.0,0.0,0,1019.9,1018.6,0,0,0,0,2.9,191,15.1,199.0,132.0,67.0,506.8,3600.0,0.1,0.51,17.3,0.231,Genova,44.4056,8.9463
2026-04-08T20:00,13.8,81,10.6,13.5,0.0,0.0,0.0,0.0,0.0,0,1019.5,1018.2,0,0,0,0,2.9,97,6.8,45.0,21.0,24.0,203.0,3311.27,0.01,0.3,16.7,0.229,Genova,44.4056,8.9463
2026-04-08T21:00,13.6,83,10.8,13.5,0.0,0.0,0.0,0.0,0.0,0,1019.6,1018.3,0,0,0,0,2.6,51,6.5,0.0,0.0,0.0,0.0,0.0,0.0,0.27,15.2,0.23,Genova,44.4056,8.9463
2026-04-08T22:00,13.2,84,10.5,13.0,0.0,0.0,0.0,0.0,0.0,0,1019.8,1018.5,0,0,0,0,2.6,56,6.8,0.0,0.0,0.0,0.0,0.0,0.0,0.25,14.1,0.23,Genova,44.4056,8.9463
2026-04-08T23:00,12.9,83,10.1,12.5,0.0,0.0,0.0,0.0,0.0,0,1019.7,1018.4,0,0,0,0,2.8,50,6.1,0.0,0.0,0.0,0.0,0.0,0.0,0.25,13.2,0.231,Genova,44.4056,8.9463
2026-04-09T00:00,12.7,81,9.5,12.2,0.0,0.0,0.0,0.0,0.0,0,1019.7,1018.4,0,0,0,0,2.4,54,6.5,0.0,0.0,0.0,0.0,0.0,0.0,0.28,12.4,0.232,Genova,44.4056,8.9463
2026-04-09T01:00,12.7,79,9.1,12.3,0.0,0.0,0.0,0.0,0.0,0,1019.6,1018.3,0,0,0,0,1.3,56,5.8,0.0,0.0,0.0,0.0,0.0,0.0,0.31,11.8,0.233,Genova,44.4056,8.9463
2026-04-09T02:00,12.6,79,9.0,12.0,0.0,0.0,0.0,0.0,0.0,0,1019.6,1018.3,0,0,0,0,2.0,80,4.0,0.0,0.0,0.0,0.0,0.0,0.0,0.31,11.5,0.234,Genova,44.4056,8.9463
2026-04-09T03:00,12.7,79,9.2,12.3,0.0,0.0,0.0,0.0,0.0,0,1019.3,1018.0,0,0,0,0,0.9,53,4.7,0.0,0.0,0.0,0.0,0.0,0.0,0.3,11.0,0.235,Genova,44.4056,8.9463
2026-04-09T04:00,12.0,78,8.3,11.3,0.0,0.0,0.0,0.0,0.0,0,1018.9,1017.6,0,0,0,0,1.7,32,5.0,0.0,0.0,0.0,0.0,0.0,0.0,0.3,10.7,0.235,Genova,44.4056,8.9463
2026-04-09T05:00,11.7,75,7.5,10.9,0.0,0.0,0.0,0.0,0.0,0,1018.6,1017.3,0,0,0,0,0.9,37,5.0,0.0,0.0,0.0,0.0,0.0,0.0,0.34,10.3,0.236,Genova,44.4056,8.9463
2026-04-09T06:00,11.4,75,7.2,10.4,0.0,0.0,0.0,0.0,0.0,0,1018.5,1017.2,0,0,0,0,1.7,18,5.4,0.0,0.0,0.0,0.0,0.0,0.0,0.33,10.0,0.237,Genova,44.4056,8.9463
2026-04-09T07:00,11.8,72,7.0,10.7,0.0,0.0,0.0,0.0,0.0,0,1018.4,1017.1,0,0,0,0,2.3,18,7.6,0.0,0.0,0.0,0.0,0.0,0.02,0.38,9.8,0.237,Genova,44.4056,8.9463
2026-04-09T08:00,11.2,88,9.4,10.2,0.0,0.0,0.0,0.0,0.0,0,1018.3,1017.0,0,0,0,0,5.7,11,9.4,63.0,31.0,32.0,263.6,3600.0,0.02,0.15,8.9,0.239,Genova,44.4056,8.9463
2026-04-09T09:00,15.6,81,12.4,15.7,0.0,0.0,0.0,0.0,0.0,0,1018.3,1017.0,0,0,0,0,4.4,341,15.5,227.0,156.0,71.0,541.2,3600.0,0.11,0.34,10.6,0.239,Genova,44.4056,8.9463
2026-04-09T10:00,17.9,68,11.8,18.0,0.0,0.0,0.0,0.0,0.0,0,1018.1,1016.8,0,0,0,0,3.2,254,13.0,410.0,317.0,93.0,693.3,3600.0,0.23,0.66,12.7,0.239,Genova,44.4056,8.9463
2026-04-09T11:00,18.8,70,13.3,19.3,0.0,0.0,0.0,0.0,0.0,0,1018.2,1016.9,1,1,0,0,4.6,252,16.9,570.0,458.0,112.0,761.6,3600.0,0.33,0.64,14.7,0.238,Genova,44.4056,8.9463
2026-04-09T12:00,19.7,70,14.1,21.2,0.0,0.0,0.0,0.0,0.0,0,1018.0,1016.7,1,1,0,0,4.7,220,18.7,695.0,571.0,124.0,803.3,3600.0,0.41,0.68,16.3,0.237,Genova,44.4056,8.9463
2026-04-09T13:00,19.8,71,14.3,21.3,0.0,0.0,0.0,0.0,0.0,0,1017.5,1016.2,0,0,0,0,8.7,194,26.3,780.0,658.0,122.0,845.5,3600.0,0.45,0.67,17.6,0.235,Genova,44.4056,8.9463
2026-04-09T14:00,19.2,70,13.6,20.4,0.0,0.0,0.0,0.0,0.0,0,1017.0,1015.7,0,0,0,0,10.0,193,29.9,807.0,687.0,120.0,859.9,3600.0,0.45,0.67,18.3,0.236,Genova,44.4056,8.9463
2026-04-09T15:00,19.3,68,13.2,20.1,0.0,0.0,0.0,0.0,0.0,0,1016.6,1015.3,0,0,0,0,9.9,184,30.2,778.0,661.0,117.0,856.7,3600.0,0.44,0.72,18.8,0.234,Genova,44.4056,8.9463
2026-04-09T16:00,19.1,69,13.3,19.7,0.0,0.0,0.0,0.0,0.0,0,1016.0,1014.7,0,0,0,0,8.5,182,28.4,688.0,575.0,113.0,823.8,3600.0,0.39,0.69,19.0,0.233,Genova,44.4056,8.9463
2026-04-09T17:00,18.2,74,13.5,18.2,0.0,0.0,0.0,0.0,0.0,0,1015.6,1014.3,0,0,0,0,7.4,184,24.8,554.0,451.0,103.0,773.2,3600.0,0.31,0.54,19.0,0.232,Genova,44.4056,8.9463
2026-04-09T18:00,17.3,79,13.7,17.8,0.0,0.0,0.0,0.0,0.0,0,1015.2,1013.9,2,0,0,2,4.6,167,21.6,384.0,293.0,91.0,673.2,3600.0,0.2,0.41,18.6,0.232,Genova,44.4056,8.9463
2026-04-09T19:00,16.3,86,13.9,17.2,0.0,0.0,0.0,0.0,0.0,0,1015.3,1014.0,1,0,0,1,2.6,168,14.8,202.0,133.0,69.0,503.8,3600.0,0.1,0.27,17.9,0.232,Genova,44.4056,8.9463
2026-04-09T20:00,14.2,93,13.2,14.8,0.0,0.0,0.0,0.0,0.0,0,1015.0,1013.7,5,0,0,5,3.0,104,7.6,46.0,21.0,25.0,199.6,3384.65,0.01,0.11,17.2,0.229,Genova,44.4056,8.9463
2026-04-09T21:00,13.9,93,12.8,14.5,0.0,0.0,0.0,0.0,0.0,0,1015.2,1013.9,0,0,0,0,2.1,52,6.5,0.0,0.0,0.0,0.0,0.0,0.0,0.11,15.7,0.229,Genova,44.4056,8.9463
2026-04-09T22:00,13.7,90,12.1,14.1,0.0,0.0,0.0,0.0,0.0,0,1015.4,1014.1,0,0,0,0,1.7,18,5.4,0.0,0.0,0.0,0.0,0.0,0.0,0.15,14.6,0.23,Genova,44.4056,8.9463
2026-04-09T23:00,13.7,87,11.6,13.8,0.0,0.0,0.0,0.0,0.0,0,1015.5,1014.2,0,0,0,0,2.5,30,7.2,0.0,0.0,0.0,0.0,0.0,0.0,0.2,13.8,0.23,Genova,44.4056,8.9463
2026-04-10T00:00,13.5,85,11.0,13.5,0.0,0.0,0.0,0.0,0.0,0,1015.5,1014.2,3,0,0,3,2.1,38,6.8,0.0,0.0,0.0,0.0,0.0,0.0,0.23,13.1,0.231,Genova,44.4056,8.9463
2026-04-10T01:00,13.3,82,10.3,13.2,0.0,0.0,0.0,0.0,0.0,0,1015.5,1014.2,4,0,0,4,1.2,39,5.8,0.0,0.0,0.0,0.0,0.0,0.0,0.27,12.5,0.231,Genova,44.4056,8.9463
2026-04-10T02:00,12.8,86,10.5,12.8,0.0,0.0,0.0,0.0,0.0,0,1015.7,1014.4,2,2,0,0,1.0,59,4.7,0.0,0.0,0.0,0.0,0.0,0.0,0.2,12.0,0.234,Genova,44.4056,8.9463
2026-04-10T03:00,12.4,87,10.4,12.4,0.0,0.0,0.0,0.0,0.0,0,1015.3,1014.0,5,5,0,0,0.8,27,4.7,0.0,0.0,0.0,0.0,0.0,0.0,0.18,11.6,0.235,Genova,44.4056,8.9463
2026-04-10T04:00,12.5,87,10.3,12.2,0.0,0.0,0.0,0.0,0.0,1,1015.0,1013.7,25,0,0,25,2.6,12,7.6,0.0,0.0,0.0,0.0,0.0,0.0,0.19,11.3,0.235,Genova,44.4056,8.9463
2026-04-10T05:00,12.2,86,10.0,11.8,0.0,0.0,0.0,0.0,0.0,2,1014.8,1013.5,54,0,0,54,2.9,11,9.7,0.0,0.0,0.0,0.0,0.0,0.0,0.2,11.1,0.236,Genova,44.4056,8.9463
2026-04-10T06:00,11.4,87,9.4,10.9,0.0,0.0,0.0,0.0,0.0,3,1014.7,1013.4,98,0,0,98,2.4,17,9.4,0.0,0.0,0.0,0.0,0.0,0.0,0.17,11.0,0.237,Genova,44.4056,8.9463
2026-04-10T07:00,10.7,90,9.0,10.1,0.0,0.0,0.0,0.0,0.0,3,1014.9,1013.6,99,0,0,99,2.3,18,10.1,0.0,0.0,0.0,0.0,0.0,0.01,0.13,10.9,0.237,Genova,44.4056,8.9463
2026-04-10T08:00,11.7,91,10.3,11.5,0.0,0.0,0.0,0.0,0.0,0,1015.4,1014.1,8,0,0,8,1.9,22,10.4,57.0,14.0,43.0,116.5,1976.94,0.02,0.12,11.7,0.238,Genova,44.4056,8.9463
2026-04-10T09:00,15.0,82,12.0,15.2,0.0,0.0,0.0,0.0,0.0,0,1015.8,1014.5,4,0,0,4,2.4,193,9.0,224.0,147.0,77.0,501.2,3600.0,0.11,0.3,12.7,0.238,Genova,44.4056,8.9463
2026-04-10T10:00,16.4,79,12.8,16.6,0.0,0.0,0.0,0.0,0.0,3,1015.9,1014.6,91,1,0,91,4.6,193,15.8,401.0,301.0,100.0,651.5,3600.0,0.21,0.39,14.0,0.238,Genova,44.4056,8.9463
2026-04-10T11:00,17.7,77,13.6,18.0,0.0,0.0,0.0,0.0,0.0,2,1016.0,1014.7,73,0,0,73,6.1,194,20.2,567.0,448.0,119.0,739.4,3600.0,0.31,0.46,15.4,0.237,Genova,44.4056,8.9463
2026-04-10T12:00,18.2,76,14.0,19.0,0.0,0.0,0.0,0.0,0.0,3,1015.7,1014.4,85,0,0,85,8.9,188,26.3,694.0,563.0,131.0,787.3,3600.0,0.38,0.49,16.7,0.236,Genova,44.4056,8.9463
2026-04-10T13:00,18.3,76,14.0,19.4,0.0,0.0,0.0,0.0,0.0,1,1015.7,1014.4,24,0,0,24,10.1,182,28.8,778.0,647.0,131.0,827.1,3600.0,0.42,0.5,17.6,0.235,Genova,44.4056,8.9463
2026-04-10T14:00,17.6,78,13.8,18.8,0.0,0.0,0.0,0.0,0.0,3,1015.4,1014.1,99,0,0,99,9.5,182,29.9,779.0,634.0,145.0,789.8,3600.0,0.41,0.44,18.1,0.246,Genova,44.4056,8.9463
2026-04-10T15:00,17.5,78,13.7,18.7,0.0,0.0,0.0,0.0,0.0,3,1015.3,1014.0,100,0,0,100,8.8,179,28.8,764.0,621.0,143.0,801.1,3600.0,0.41,0.44,18.6,0.245,Genova,44.4056,8.9463
2026-04-10T16:00,17.9,77,13.8,18.9,0.0,0.0,0.0,0.0,0.0,3,1014.8,1013.5,98,1,3,98,6.4,169,25.6,668.0,518.0,150.0,738.4,3600.0,0.37,0.47,18.8,0.243,Genova,44.4056,8.9463
2026-04-10T17:00,18.0,78,14.1,18.4,0.0,0.0,0.0,0.0,0.0,3,1014.4,1013.1,98,2,2,98,6.3,180,21.2,528.0,376.0,152.0,640.8,3600.0,0.29,0.45,18.8,0.243,Genova,44.4056,8.9463
2026-04-10T18:00,17.4,81,14.1,17.7,0.0,0.0,0.0,0.0,0.0,3,1014.0,1012.7,100,0,0,100,7.1,187,20.5,352.0,210.0,142.0,478.7,3600.0,0.19,0.37,18.5,0.242,Genova,44.4056,8.9463
2026-04-10T19:00,15.8,89,14.0,16.3,0.0,0.0,0.0,0.0,0.0,3,1014.0,1012.7,100,0,0,100,5.6,207,20.2,152.0,37.0,115.0,138.3,2349.14,0.08,0.19,17.7,0.243,Genova,44.4056,8.9463
2026-04-10T20:00,14.0,96,13.5,14.7,0.0,0.0,0.0,0.0,0.0,3,1014.5,1013.2,99,0,0,99,3.1,126,14.4,36.0,5.0,31.0,46.7,0.0,0.01,0.06,17.1,0.243,Genova,44.4056,8.9463
2026-04-10T21:00,14.0,96,13.4,14.6,0.0,0.0,0.0,0.0,0.0,3,1014.7,1013.4,95,4,0,95,3.5,75,9.4,0.0,0.0,0.0,0.0,0.0,0.0,0.07,15.8,0.244,Genova,44.4056,8.9463
2026-04-10T22:00,13.5,95,12.6,13.9,0.0,0.0,0.0,0.0,0.0,3,1014.9,1013.6,98,0,0,98,2.4,63,8.3,0.0,0.0,0.0,0.0,0.0,0.0,0.08,14.8,0.244,Genova,44.4056,8.9463
2026-04-10T23:00,13.3,94,12.3,13.8,0.0,0.0,0.0,0.0,0.0,3,1015.2,1013.9,98,0,0,98,1.7,131,7.2,0.0,0.0,0.0,0.0,0.0,0.0,0.09,13.9,0.245,Genova,44.4056,8.9463
2026-04-11T00:00,12.8,96,12.1,13.1,0.0,0.0,0.0,0.0,0.0,1,1015.2,1013.9,40,0,0,40,2.3,61,7.2,0.0,0.0,0.0,0.0,0.0,0.0,0.07,13.3,0.246,Genova,44.4056,8.9463
2026-04-11T01:00,12.4,92,11.2,12.4,0.0,0.0,0.0,0.0,0.0,0,1015.2,1013.9,15,0,0,15,2.7,70,7.9,0.0,0.0,0.0,0.0,0.0,0.0,0.11,12.7,0.246,Genova,44.4056,8.9463
2026-04-11T02:00,12.4,86,10.1,12.0,0.0,0.0,0.0,0.0,0.0,0,1015.1,1013.8,9,0,0,9,2.5,94,7.9,0.0,0.0,0.0,0.0,0.0,0.0,0.2,12.7,0.247,Genova,44.4056,8.9463
2026-04-11T03:00,12.3,83,9.5,11.9,0.0,0.0,0.0,0.0,0.0,1,1014.9,1013.6,22,0,0,22,1.9,49,6.8,0.0,0.0,0.0,0.0,0.0,0.0,0.24,12.1,0.247,Genova,44.4056,8.9463
2026-04-11T04:00,12.1,81,8.8,11.5,0.0,0.0,0.0,0.0,0.0,0,1014.7,1013.4,2,0,0,2,1.9,34,6.5,0.0,0.0,0.0,0.0,0.0,0.0,0.27,11.7,0.248,Genova,44.4056,8.9463
2026-04-11T05:00,12.5,77,8.6,11.7,0.0,0.0,0.0,0.0,0.0,0,1014.7,1013.4,3,0,0,3,3.0,17,6.8,0.0,0.0,0.0,0.0,0.0,0.0,0.33,11.3,0.248,Genova,44.4056,8.9463
2026-04-11T06:00,12.2,77,8.3,11.2,0.0,0.0,0.0,0.0,0.0,0,1014.6,1013.3,1,1,0,0,3.5,15,10.1,0.0,0.0,0.0,0.0,0.0,0.0,0.33,11.2,0.249,Genova,44.4056,8.9463
2026-04-11T07:00,11.1,81,8.1,10.0,0.0,0.0,0.0,0.0,0.0,0,1014.9,1013.6,2,2,0,0,4.4,9,12.6,1.0,0.0,1.0,0.0,0.0,0.0,0.25,11.1,0.249,Genova,44.4056,8.9463
2026-04-11T08:00,11.7,86,9.4,10.5,0.0,0.0,0.0,0.0,0.0,0,1015.1,1013.8,0,0,0,0,7.1,16,14.4,70.0,34.0,36.0,277.1,3600.0,0.03,0.2,11.1,0.25,Genova,44.4056,8.9463
2026-04-11T09:00,15.8,76,11.5,15.1,0.0,0.0,0.0,0.0,0.0,0,1015.2,1013.9,6,6,0,0,7.6,342,18.7,225.0,142.0,83.0,476.1,3600.0,0.12,0.43,12.3,0.25,Genova,44.4056,8.9463
2026-04-11T10:00,17.0,75,12.6,16.9,0.0,0.0,0.0,0.0,0.0,0,1015.3,1014.0,8,8,0,0,5.9,317,18.7,389.0,288.0,101.0,617.0,3600.0,0.21,0.48,13.8,0.25,Genova,44.4056,8.9463
2026-04-11T11:00,18.0,73,13.1,18.0,0.0,0.0,0.0,0.0,0.0,0,1015.5,1014.2,8,8,0,0,6.7,301,21.2,552.0,432.0,120.0,707.8,3600.0,0.31,0.56,15.3,0.249,Genova,44.4056,8.9463
2026-04-11T12:00,18.9,69,13.1,19.8,0.0,0.0,0.0,0.0,0.0,0,1015.3,1014.0,2,2,0,0,6.2,291,22.0,678.0,547.0,131.0,760.4,3600.0,0.39,0.67,16.7,0.247,Genova,44.4056,8.9463
2026-04-11T13:00,19.7,67,13.3,21.1,0.0,0.0,0.0,0.0,0.0,0,1015.0,1013.7,2,2,0,0,6.8,258,22.7,768.0,624.0,144.0,793.7,3600.0,0.45,0.77,17.9,0.246,Genova,44.4056,8.9463
2026-04-11T14:00,19.8,67,13.6,21.4,0.0,0.0,0.0,0.0,0.0,0,1014.6,1013.3,2,2,0,0,7.3,230,24.5,793.0,633.0,160.0,784.9,3600.0,0.47,0.75,18.8,0.249,Genova,44.4056,8.9463
2026-04-11T15:00,19.7,72,14.5,21.4,0.0,0.0,0.0,0.0,0.0,0,1014.5,1013.2,5,5,0,0,6.8,212,24.5,758.0,620.0,138.0,796.2,3600.0,0.44,0.64,19.4,0.247,Genova,44.4056,8.9463
2026-04-11T16:00,19.5,77,15.3,21.1,0.0,0.0,0.0,0.0,0.0,0,1014.1,1012.8,15,10,0,5,5.3,190,23.0,657.0,511.0,146.0,724.9,3600.0,0.38,0.53,19.7,0.246,Genova,44.4056,8.9463
2026-04-11T17:00,19.1,81,15.7,20.2,0.0,0.0,0.0,0.0,0.0,0,1013.8,1012.5,4,0,0,4,5.8,196,20.2,519.0,375.0,144.0,635.5,3600.0,0.3,0.42,19.7,0.245,Genova,44.4056,8.9463
2026-04-11T18:00,18.3,83,15.5,19.2,0.0,0.0,0.0,0.0,0.0,0,1013.5,1012.2,2,0,0,2,6.7,204,19.8,380.0,277.0,103.0,626.6,3600.0,0.2,0.35,19.3,0.245,Genova,44.4056,8.9463
2026-04-11T19:00,17.2,86,14.9,18.2,0.0,0.0,0.0,0.0,0.0,0,1013.5,1012.2,3,0,0,3,4.0,212,19.8,208.0,138.0,70.0,509.2,3600.0,0.1,0.27,18.6,0.245,Genova,44.4056,8.9463
2026-04-11T20:00,15.6,91,14.2,16.9,0.0,0.0,0.0,0.0,0.0,1,1013.3,1012.0,20,0,0,20,0.7,284,11.2,49.0,22.0,27.0,202.4,3531.06,0.01,0.16,17.7,0.242,Genova,44.4056,8.9463
2026-04-11T21:00,15.4,89,13.5,15.8,0.0,0.0,0.0,0.0,0.0,1,1013.5,1012.2,23,0,0,23,4.8,31,10.4,0.0,0.0,0.0,0.0,0.0,0.0,0.2,16.4,0.242,Genova,44.4056,8.9463
2026-04-11T22:00,14.3,85,11.9,13.7,0.0,0.0,0.0,0.0,0.0,0,1013.3,1012.0,7,0,0,7,7.6,14,16.6,0.0,0.0,0.0,0.0,0.0,0.0,0.24,15.5,0.243,Genova,44.4056,8.9463
2026-04-11T23:00,13.0,86,10.8,12.1,0.0,0.0,0.0,0.0,0.0,0,1013.4,1012.1,0,0,0,0,7.9,21,18.4,0.0,0.0,0.0,0.0,0.0,0.0,0.21,14.9,0.243,Genova,44.4056,8.9463
2026-04-12T00:00,12.1,91,10.6,11.8,0.0,0.0,0.0,0.0,0.0,0,1013.6,1012.3,0,0,0,0,3.8,25,18.4,0.0,0.0,0.0,0.0,0.0,0.0,0.13,14.3,0.244,Genova,44.4056,8.9463
2026-04-12T01:00,12.0,91,10.5,11.6,0.0,0.0,0.0,0.0,0.0,0,1013.8,1012.5,2,0,0,2,4.0,21,14.0,0.0,0.0,0.0,0.0,0.0,0.0,0.13,13.8,0.244,Genova,44.4056,8.9463
2026-04-12T02:00,11.1,96,10.4,10.3,0.0,0.0,0.0,0.0,0.0,3,1014.0,1012.7,99,0,0,99,6.4,18,15.1,0.0,0.0,0.0,0.0,0.0,0.0,0.06,15.2,0.24,Genova,44.4056,8.9463
2026-04-12T03:00,11.6,93,10.6,10.5,0.0,0.0,0.0,0.0,0.0,0,1013.3,1012.0,15,0,0,15,8.6,16,19.4,0.0,0.0,0.0,0.0,0.0,0.0,0.09,14.4,0.241,Genova,44.4056,8.9463
2026-04-12T04:00,11.5,93,10.3,10.3,0.0,0.0,0.0,0.0,0.0,1,1012.7,1011.4,47,0,0,47,8.9,6,20.9,0.0,0.0,0.0,0.0,0.0,0.0,0.1,13.8,0.241,Genova,44.4056,8.9463
2026-04-12T05:00,11.2,93,10.1,10.0,0.0,0.0,0.0,0.0,0.0,3,1012.5,1011.2,94,0,0,94,8.4,9,20.2,0.0,0.0,0.0,0.0,0.0,0.0,0.1,13.3,0.242,Genova,44.4056,8.9463
2026-04-12T06:00,11.3,91,9.9,9.6,0.0,0.0,0.0,0.0,0.0,3,1012.5,1011.2,93,0,0,93,11.7,9,24.5,0.0,0.0,0.0,0.0,0.0,0.0,0.12,12.9,0.242,Genova,44.4056,8.9463
2026-04-12T07:00,11.5,89,9.8,9.5,0.0,0.0,0.0,0.0,0.0,3,1012.7,1011.4,97,8,0,97,13.5,8,27.4,1.0,0.0,1.0,0.0,0.0,0.01,0.15,12.7,0.242,Genova,44.4056,8.9463
2026-04-12T08:00,13.3,85,10.8,11.9,0.0,0.0,0.0,0.0,0.0,3,1012.7,1011.4,100,2,0,100,11.1,7,28.1,69.0,31.0,38.0,247.7,3600.0,0.04,0.24,14.1,0.242,Genova,44.4056,8.9463
2026-04-12T09:00,16.8,76,12.5,16.4,0.0,0.0,0.0,0.0,0.0,3,1012.8,1011.5,100,5,0,100,7.9,347,23.8,216.0,110.0,106.0,362.8,3600.0,0.12,0.46,14.7,0.242,Genova,44.4056,8.9463
2026-04-12T10:00,18.4,70,12.9,18.3,0.0,0.0,0.0,0.0,0.0,3,1012.8,1011.5,100,9,0,100,7.2,321,19.4,372.0,228.0,144.0,483.6,3600.0,0.22,0.63,15.7,0.241,Genova,44.4056,8.9463
2026-04-12T11:00,19.1,69,13.4,18.7,0.0,0.0,0.0,0.0,0.0,3,1012.8,1011.5,100,11,0,100,9.9,318,26.6,480.0,270.0,210.0,439.2,3600.0,0.28,0.68,16.7,0.24,Genova,44.4056,8.9463
2026-04-12T12:00,19.4,70,13.7,19.0,0.0,0.0,0.0,0.0,0.0,3,1013.0,1011.7,100,2,1,100,10.8,327,29.5,546.0,263.0,283.0,363.5,3600.0,0.32,0.68,17.6,0.24,Genova,44.4056,8.9463
2026-04-12T13:00,20.4,66,13.7,20.6,0.0,0.0,0.0,0.0,0.0,3,1012.5,1011.2,100,5,2,100,10.6,337,28.8,657.0,422.0,235.0,534.1,3600.0,0.4,0.82,18.5,0.238,Genova,44.4056,8.9463
2026-04-12T14:00,19.1,68,12.9,18.2,0.0,0.0,0.0,0.0,0.0,3,1012.0,1010.7,100,8,3,100,14.2,347,32.0,608.0,330.0,278.0,407.3,3600.0,0.35,0.72,18.9,0.252,Genova,44.4056,8.9463
2026-04-12T15:00,19.5,67,13.1,17.9,0.0,0.0,0.0,0.0,0.0,3,1011.4,1010.1,99,6,1,99,17.5,339,42.8,556.0,209.0,347.0,267.2,3600.0,0.33,0.76,19.0,0.25,Genova,44.4056,8.9463
2026-04-12T16:00,20.1,65,13.3,18.8,0.0,0.0,0.0,0.0,0.0,3,1010.4,1009.1,100,4,1,100,16.4,336,43.6,563.0,355.0,208.0,501.2,3600.0,0.34,0.82,19.2,0.249,Genova,44.4056,8.9463
2026-04-12T17:00,20.1,65,13.3,19.1,0.0,0.0,0.0,0.0,0.0,3,1009.9,1008.6,100,2,1,100,13.9,331,40.0,448.0,246.0,202.0,414.5,3600.0,0.28,0.82,19.2,0.248,Genova,44.4056,8.9463
2026-04-12T18:00,19.5,67,13.1,18.1,0.0,0.0,0.0,0.0,0.0,3,1009.3,1008.0,100,2,10,100,15.9,335,37.4,253.0,53.0,200.0,119.0,1769.29,0.19,0.76,18.9,0.247,Genova,44.4056,8.9463
2026-04-12T19:00,18.6,70,13.1,17.1,0.0,0.0,0.0,0.0,0.0,3,1008.9,1007.6,100,6,55,100,16.9,337,38.2,115.0,12.0,103.0,43.7,0.0,0.11,0.63,18.3,0.247,Genova,44.4056,8.9463
2026-04-12T20:00,16.9,75,12.5,15.3,0.0,0.0,0.0,0.0,0.0,3,1009.2,1007.9,100,1,73,100,16.7,341,38.5,26.0,0.0,26.0,0.0,0.0,0.06,0.48,17.3,0.24,Genova,44.4056,8.9463
2026-04-12T21:00,15.7,80,12.2,13.8,0.0,0.0,0.0,0.0,0.0,3,1009.0,1007.7,100,0,100,100,17.7,348,37.4,0.0,0.0,0.0,0.0,0.0,0.05,0.36,16.7,0.24,Genova,44.4056,8.9463
2026-04-12T22:00,15.3,80,11.9,13.4,0.0,0.0,0.0,0.0,0.0,3,1009.1,1007.8,100,9,91,100,17.3,357,38.5,0.0,0.0,0.0,0.0,0.0,0.03,0.35,16.2,0.24,Genova,44.4056,8.9463
2026-04-12T23:00,14.7,83,11.9,12.9,0.0,0.0,0.0,0.0,0.0,3,1009.3,1008.0,100,14,100,100,16.0,358,36.7,0.0,0.0,0.0,0.0,0.0,0.02,0.28,15.7,0.241,Genova,44.4056,8.9463
2026-04-13T00:00,14.4,85,11.9,12.5,0.0,0.0,0.0,0.0,0.0,3,1008.6,1007.3,100,12,100,100,16.6,1,34.2,0.0,0.0,0.0,0.0,0.0,0.01,0.24,15.4,0.241,Genova,44.4056,8.9463
2026-04-13T01:00,14.2,86,11.9,12.1,0.0,0.0,0.0,0.0,0.0,3,1008.0,1006.7,100,11,100,100,18.4,359,37.4,0.0,0.0,0.0,0.0,0.0,0.02,0.23,15.1,0.241,Genova,44.4056,8.9463
2026-04-13T02:00,14.1,91,12.6,12.1,0.0,0.0,0.0,0.0,0.0,3,1007.8,1006.5,100,27,100,98,18.7,1,40.0,0.0,0.0,0.0,0.0,0.0,0.01,0.15,16.3,0.236,Genova,44.4056,8.9463
2026-04-13T03:00,14.1,90,12.5,11.8,0.0,0.0,0.0,0.0,0.0,3,1007.2,1005.9,100,100,100,98,21.3,356,45.0,0.0,0.0,0.0,0.0,0.0,0.01,0.16,15.7,0.237,Genova,44.4056,8.9463
2026-04-13T04:00,14.1,90,12.4,11.7,0.1,0.1,0.0,0.0,0.0,51,1006.7,1005.4,100,100,100,78,21.4,357,45.4,0.0,0.0,0.0,0.0,0.0,0.01,0.16,15.3,0.237,Genova,44.4056,8.9463
2026-04-13T05:00,13.9,90,12.3,11.5,0.8,0.8,0.0,0.0,0.0,53,1006.2,1004.9,100,38,99,100,21.1,3,47.2,0.0,0.0,0.0,0.0,0.0,0.01,0.15,15.0,0.246,Genova,44.4056,8.9463
2026-04-13T06:00,13.5,94,12.5,11.1,1.3,1.3,0.0,0.0,0.0,61,1005.5,1004.2,100,48,98,100,22.1,350,46.8,0.0,0.0,0.0,0.0,0.0,0.0,0.1,14.5,0.26,Genova,44.4056,8.9463
2026-04-13T07:00,13.9,92,12.6,11.4,0.0,0.0,0.0,0.0,0.0,3,1004.8,1003.5,100,27,99,100,22.5,357,47.9,0.0,0.0,0.0,0.0,0.0,0.03,0.13,14.2,0.261,Genova,44.4056,8.9463
2026-04-13T08:00,14.1,93,13.1,11.8,0.1,0.1,0.0,0.0,0.0,51,1004.3,1003.0,100,38,98,100,22.7,359,48.6,20.0,0.0,20.0,0.0,0.0,0.03,0.11,14.7,0.262,Genova,44.4056,8.9463
2026-04-13T09:00,15.6,85,13.0,13.1,0.0,0.0,0.0,0.0,0.0,3,1004.1,1002.8,100,70,88,100,23.3,4,51.5,81.0,2.0,79.0,6.5,0.0,0.07,0.27,14.7,0.262,Genova,44.4056,8.9463
2026-04-13T10:00,17.5,72,12.4,16.0,0.0,0.0,0.0,0.0,0.0,3,1004.2,1002.9,100,65,40,100,15.3,9,49.7,181.0,20.0,161.0,42.0,0.0,0.14,0.56,15.3,0.261,Genova,44.4056,8.9463
2026-04-13T11:00,17.9,70,12.5,16.6,0.7,0.7,0.0,0.0,0.0,53,1004.6,1003.3,100,39,64,100,14.5,32,34.9,296.0,56.0,240.0,90.5,913.55,0.19,0.61,16.0,0.267,Genova,44.4056,8.9463
2026-04-13T12:00,18.0,73,13.1,16.9,0.8,0.8,0.0,0.0,0.0,53,1004.9,1003.6,100,24,96,100,13.9,25,32.8,275.0,47.0,228.0,64.6,138.06,0.18,0.55,16.2,0.274,Genova,44.4056,8.9463
2026-04-13T13:00,18.3,66,11.8,16.5,0.7,0.7,0.0,0.0,0.0,53,1004.5,1003.2,100,5,91,100,16.1,29,37.1,448.0,122.0,326.0,153.7,2810.1,0.28,0.72,16.7,0.28,Genova,44.4056,8.9463
2026-04-13T14:00,18.9,67,12.6,17.6,0.0,0.0,0.0,0.0,0.0,3,1003.9,1002.6,100,16,53,100,14.2,16,38.9,491.0,137.0,354.0,168.4,3250.77,0.3,0.73,17.5,0.26,Genova,44.4056,8.9463
2026-04-13T15:00,20.7,52,10.6,19.2,0.0,0.0,0.0,0.0,0.0,1,1003.1,1001.8,31,0,2,30,11.5,27,34.9,551.0,221.0,330.0,281.3,3600.0,0.37,1.16,18.2,0.259,Genova,44.4056,8.9463
2026-04-13T16:00,21.1,51,10.7,20.3,0.0,0.0,0.0,0.0,0.0,2,1002.8,1001.5,62,2,52,18,10.4,15,27.7,637.0,439.0,198.0,616.9,3600.0,0.41,1.22,19.0,0.257,Genova,44.4056,8.9463
2026-04-13T17:00,17.8,72,12.6,17.2,0.8,0.8,0.0,0.0,0.0,53,1004.1,1002.8,98,34,91,79,9.5,58,33.5,439.0,269.0,170.0,450.8,3600.0,0.25,0.58,18.9,0.264,Genova,44.4056,8.9463
2026-04-13T18:00,16.8,86,14.5,17.0,1.5,1.5,0.0,0.0,0.0,61,1004.1,1002.8,98,24,96,67,9.0,340,22.7,196.0,81.0,115.0,180.5,3600.0,0.11,0.27,18.0,0.281,Genova,44.4056,8.9463
2026-04-13T19:00,16.5,87,14.2,16.1,0.4,0.4,0.0,0.0,0.0,51,1004.4,1003.1,98,15,95,68,11.8,331,23.4,172.0,81.0,91.0,291.5,3600.0,0.09,0.25,17.3,0.284,Genova,44.4056,8.9463
2026-04-13T20:00,15.3,84,12.7,13.6,0.2,0.2,0.0,0.0,0.0,51,1004.8,1003.5,100,55,100,51,17.3,343,37.1,28.0,5.0,23.0,44.6,0.0,0.04,0.28,17.0,0.32,Genova,44.4056,8.9463
2026-04-13T21:00,14.2,92,12.9,12.1,0.0,0.0,0.0,0.0,0.0,3,1005.6,1004.3,100,100,97,100,20.8,342,45.4,0.0,0.0,0.0,0.0,0.0,0.03,0.14,16.2,0.32,Genova,44.4056,8.9463
2026-04-13T22:00,14.0,91,12.6,11.7,0.0,0.0,0.0,0.0,0.0,3,1006.0,1004.7,100,100,82,97,21.6,342,49.0,0.0,0.0,0.0,0.0,0.0,0.01,0.14,15.7,0.319,Genova,44.4056,8.9463
2026-04-13T23:00,13.9,91,12.5,11.9,0.0,0.0,0.0,0.0,0.0,3,1006.4,1005.1,100,100,81,92,18.8,343,48.6,0.0,0.0,0.0,0.0,0.0,0.01,0.14,15.2,0.319,Genova,44.4056,8.9463
2026-04-14T00:00,14.1,90,12.5,12.7,0.0,0.0,0.0,0.0,0.0,3,1006.7,1005.4,99,89,77,87,14.9,340,40.7,0.0,0.0,0.0,0.0,0.0,0.0,0.16,15.0,0.319,Genova,44.4056,8.9463
2026-04-14T01:00,13.6,92,12.3,12.1,0.0,0.0,0.0,0.0,0.0,3,1007.0,1005.7,100,100,100,98,15.2,338,32.4,0.0,0.0,0.0,0.0,0.0,0.0,0.13,14.8,0.318,Genova,44.4056,8.9463
2026-04-14T02:00,14.0,92,12.7,12.1,0.0,0.0,0.0,0.0,0.0,3,1007.0,1005.7,99,89,93,52,18.8,348,35.6,0.0,0.0,0.0,0.0,0.0,0.0,0.13,15.0,0.284,Genova,44.4056,8.9463
2026-04-14T03:00,13.9,92,12.7,12.2,0.2,0.2,0.0,0.0,0.0,51,1006.9,1005.6,100,83,100,41,17.4,350,40.0,0.0,0.0,0.0,0.0,0.0,0.0,0.12,14.7,0.286,Genova,44.4056,8.9463
2026-04-14T04:00,13.4,97,13.0,12.2,2.2,2.2,0.0,0.0,0.0,61,1007.2,1005.9,100,72,100,63,15.2,349,36.4,0.0,0.0,0.0,0.0,0.0,0.0,0.04,14.4,0.313,Genova,44.4056,8.9463
2026-04-14T05:00,13.4,95,12.6,12.1,1.6,1.6,0.0,0.0,0.0,61,1007.2,1005.9,100,52,100,57,14.4,1,32.4,0.0,0.0,0.0,0.0,0.0,0.0,0.07,14.1,0.333,Genova,44.4056,8.9463
2026-04-14T06:00,13.4,89,11.6,11.5,0.6,0.6,0.0,0.0,0.0,53,1007.8,1006.5,100,38,100,39,16.6,10,35.3,0.0,0.0,0.0,0.0,0.0,0.01,0.18,13.8,0.339,Genova,44.4056,8.9463
2026-04-14T07:00,13.3,89,11.5,11.3,0.4,0.4,0.0,0.0,0.0,51,1008.4,1007.1,100,39,100,47,17.2,5,34.9,0.0,0.0,0.0,0.0,0.0,0.03,0.17,13.5,0.341,Genova,44.4056,8.9463
2026-04-14T08:00,13.2,89,11.5,11.2,0.6,0.6,0.0,0.0,0.0,53,1008.9,1007.6,94,37,86,31,17.0,7,39.6,24.0,3.0,21.0,22.8,0.0,0.03,0.17,13.8,0.354,Genova,44.4056,8.9463
2026-04-14T09:00,14.7,85,12.1,13.0,0.5,0.5,0.0,0.0,0.0,53,1009.5,1008.2,98,41,95,45,16.2,9,37.4,166.0,60.0,106.0,191.8,3600.0,0.09,0.26,13.9,0.357,Genova,44.4056,8.9463
2026-04-14T10:00,15.5,78,11.7,13.5,0.0,0.0,0.0,0.0,0.0,3,1009.9,1008.6,100,34,100,87,16.9,2,38.5,154.0,22.0,132.0,45.8,0.0,0.11,0.38,14.2,0.355,Genova,44.4056,8.9463
2026-04-14T11:00,16.8,69,11.2,14.9,0.6,0.6,0.0,0.0,0.0,53,1010.6,1009.3,100,25,100,77,16.0,11,37.8,320.0,133.0,187.0,213.3,3600.0,0.2,0.59,14.9,0.358,Genova,44.4056,8.9463
2026-04-14T12:00,18.0,62,10.5,15.7,0.3,0.3,0.0,0.0,0.0,51,1010.9,1009.6,90,29,65,68,16.3,22,38.2,411.0,160.0,251.0,218.7,3600.0,0.27,0.79,15.6,0.357,Genova,44.4056,8.9463
2026-04-14T13:00,18.9,57,10.1,16.7,0.3,0.3,0.0,0.0,0.0,51,1010.9,1009.6,100,11,100,87,14.9,30,37.8,493.0,235.0,258.0,294.6,3600.0,0.32,0.94,16.4,0.357,Genova,44.4056,8.9463
2026-04-14T14:00,16.1,83,13.3,14.2,0.0,0.0,0.0,0.0,0.0,3,1011.4,1010.1,88,17,52,69,19.9,9,36.4,438.0,130.0,308.0,159.1,2971.72,0.22,0.3,15.3,0.387,Genova,44.4056,8.9463
2026-04-14T15:00,19.2,64,12.2,18.0,1.0,1.0,0.0,0.0,0.0,55,1011.6,1010.3,97,16,41,95,16.0,11,44.3,633.0,362.0,271.0,458.8,3600.0,0.37,0.8,16.2,0.39,Genova,44.4056,8.9463
2026-04-14T16:00,20.2,52,10.1,18.5,0.0,0.0,0.0,0.0,0.0,3,1011.4,1010.1,99,9,88,93,11.8,25,37.1,446.0,205.0,241.0,286.7,3600.0,0.31,1.12,16.9,0.383,Genova,44.4056,8.9463
2026-04-14T17:00,20.0,53,10.3,18.8,0.0,0.0,0.0,0.0,0.0,1,1011.3,1010.0,36,5,34,0,9.2,17,27.4,362.0,120.0,242.0,200.0,3600.0,0.25,1.09,17.4,0.378,Genova,44.4056,8.9463
2026-04-14T18:00,19.6,56,10.5,18.4,0.0,0.0,0.0,0.0,0.0,1,1011.9,1010.6,40,12,39,0,8.9,24,22.7,339.0,214.0,125.0,473.3,3600.0,0.22,1.01,17.6,0.374,Genova,44.4056,8.9463
2026-04-14T19:00,18.4,63,11.3,17.9,0.0,0.0,0.0,0.0,0.0,3,1012.6,1011.3,95,17,95,0,6.1,5,20.2,175.0,87.0,88.0,309.2,3600.0,0.11,0.78,17.3,0.37,Genova,44.4056,8.9463
2026-04-14T20:00,16.9,69,11.2,15.7,0.0,0.0,0.0,0.0,0.0,3,1013.5,1012.2,97,14,96,14,10.8,356,20.9,34.0,8.0,26.0,70.3,615.88,0.06,0.6,17.1,0.368,Genova,44.4056,8.9463
2026-04-14T21:00,15.5,74,10.8,14.3,0.0,0.0,0.0,0.0,0.0,3,1014.4,1013.1,84,21,73,52,9.4,360,23.4,0.0,0.0,0.0,0.0,0.0,0.04,0.46,16.2,0.365,Genova,44.4056,8.9463
2026-04-14T22:00,15.0,76,10.8,13.7,0.0,0.0,0.0,0.0,0.0,2,1015.0,1013.7,60,34,38,18,10.5,352,23.0,0.0,0.0,0.0,0.0,0.0,0.02,0.4,15.7,0.364,Genova,44.4056,8.9463
2026-04-14T23:00,14.9,75,10.5,13.2,0.0,0.0,0.0,0.0,0.0,1,1015.2,1013.9,35,30,14,3,12.3,3,26.6,0.0,0.0,0.0,0.0,0.0,0.02,0.42,15.2,0.362,Genova,44.4056,8.9463
2026-04-15T00:00,14.7,76,10.5,12.6,0.0,0.0,0.0,0.0,0.0,2,1015.6,1014.3,68,54,36,0,14.9,2,32.0,0.0,0.0,0.0,0.0,0.0,0.03,0.4,14.9,0.36,Genova,44.4056,8.9463
2026-04-15T01:00,14.7,77,10.7,12.7,0.0,0.0,0.0,0.0,0.0,2,1015.9,1014.6,72,64,34,0,15.3,3,34.2,0.0,0.0,0.0,0.0,0.0,0.03,0.39,14.7,0.359,Genova,44.4056,8.9463
2026-04-15T02:00,14.4,83,11.5,12.8,0.0,0.0,0.0,0.0,0.0,2,1015.8,1014.5,63,25,53,11,14.1,345,34.6,0.0,0.0,0.0,0.0,0.0,0.02,0.28,16.0,0.351,Genova,44.4056,8.9463
2026-04-15T03:00,14.4,84,11.6,12.4,0.0,0.0,0.0,0.0,0.0,1,1015.4,1014.1,49,30,22,8,17.2,350,36.4,0.0,0.0,0.0,0.0,0.0,0.02,0.27,15.4,0.349,Genova,44.4056,8.9463
2026-04-15T04:00,14.9,80,11.6,12.8,0.0,0.0,0.0,0.0,0.0,3,1015.4,1014.1,92,91,13,0,18.1,354,40.3,0.0,0.0,0.0,0.0,0.0,0.03,0.33,15.1,0.348,Genova,44.4056,8.9463
2026-04-15T05:00,15.4,76,11.2,13.4,0.0,0.0,0.0,0.0,0.0,1,1015.4,1014.1,47,41,12,0,16.1,356,40.3,0.0,0.0,0.0,0.0,0.0,0.03,0.42,15.1,0.347,Genova,44.4056,8.9463
2026-04-15T06:00,15.2,76,11.0,13.2,0.0,0.0,0.0,0.0,0.0,2,1015.8,1014.5,76,73,27,0,15.7,351,36.4,0.0,0.0,0.0,0.0,0.0,0.03,0.41,15.0,0.346,Genova,44.4056,8.9463
2026-04-15T07:00,15.0,78,11.1,12.8,0.0,0.0,0.0,0.0,0.0,2,1016.2,1014.9,50,46,27,0,17.2,349,37.8,1.0,0.0,1.0,0.0,0.0,0.05,0.38,14.9,0.345,Genova,44.4056,8.9463
2026-04-15T08:00,15.6,78,11.8,13.6,0.0,0.0,0.0,0.0,0.0,1,1016.5,1015.2,37,35,15,0,17.6,345,41.4,42.0,4.0,38.0,29.3,0.0,0.06,0.39,15.2,0.344,Genova,44.4056,8.9463
2026-04-15T09:00,16.4,75,12.0,14.3,0.0,0.0,0.0,0.0,0.0,1,1016.9,1015.6,43,41,13,0,18.7,344,43.6,164.0,67.0,97.0,210.9,3600.0,0.12,0.46,15.4,0.343,Genova,44.4056,8.9463
2026-04-15T10:00,17.9,68,11.8,15.8,0.0,0.0,0.0,0.0,0.0,1,1017.0,1015.7,25,23,5,0,17.9,351,45.4,301.0,123.0,178.0,253.5,3600.0,0.2,0.67,15.9,0.341,Genova,44.4056,8.9463
2026-04-15T11:00,19.5,59,11.4,17.4,0.0,0.0,0.0,0.0,0.0,0,1017.0,1015.7,16,16,0,0,17.5,2,42.5,424.0,198.0,226.0,315.4,3600.0,0.28,0.92,16.7,0.339,Genova,44.4056,8.9463
2026-04-15T12:00,21.0,54,11.4,19.6,0.0,0.0,0.0,0.0,0.0,0,1016.8,1015.5,14,13,5,0,15.2,13,41.0,628.0,420.0,208.0,571.0,3600.0,0.4,1.14,17.8,0.336,Genova,44.4056,8.9463
2026-04-15T13:00,21.9,50,11.1,21.5,0.2,0.2,0.0,0.0,0.0,51,1016.7,1015.4,38,6,38,0,11.9,31,35.6,733.0,535.0,198.0,667.5,3600.0,0.47,1.31,18.8,0.334,Genova,44.4056,8.9463
2026-04-15T14:00,22.0,53,12.1,21.6,0.3,0.3,0.0,0.0,0.0,51,1016.8,1015.5,32,26,15,0,13.2,15,29.2,709.0,534.0,175.0,650.5,3600.0,0.46,1.24,19.4,0.334,Genova,44.4056,8.9463
2026-04-15T15:00,22.5,51,11.8,22.3,0.1,0.1,0.0,0.0,0.0,51,1016.6,1015.3,33,11,27,0,11.7,18,31.7,716.0,535.0,181.0,675.1,3600.0,0.47,1.34,20.0,0.331,Genova,44.4056,8.9463
2026-04-15T16:00,22.6,49,11.3,21.8,0.0,0.0,0.0,0.0,0.0,1,1016.4,1015.1,25,3,23,0,9.7,29,29.2,587.0,429.0,158.0,597.3,3600.0,0.4,1.4,20.3,0.328,Genova,44.4056,8.9463
2026-04-15T17:00,22.7,47,10.8,22.2,0.0,0.0,0.0,0.0,0.0,1,1016.1,1014.8,30,11,28,0,5.3,24,23.8,497.0,368.0,129.0,610.0,3600.0,0.33,1.47,20.5,0.326,Genova,44.4056,8.9463
2026-04-15T18:00,22.0,51,11.4,21.6,0.0,0.0,0.0,0.0,0.0,0,1016.4,1015.1,19,5,16,0,5.3,8,15.8,321.0,223.0,98.0,489.6,3600.0,0.22,1.29,20.3,0.324,Genova,44.4056,8.9463
2026-04-15T19:00,20.7,61,12.9,20.6,0.0,0.0,0.0,0.0,0.0,0,1016.6,1015.3,3,1,2,0,6.5,355,14.4,194.0,115.0,79.0,403.8,3600.0,0.13,0.95,19.8,0.323,Genova,44.4056,8.9463
2026-04-15T20:00,18.4,71,13.0,17.9,0.0,0.0,0.0,0.0,0.0,0,1016.8,1015.5,5,0,4,1,10.1,358,20.9,55.0,25.0,30.0,216.3,3600.0,0.06,0.62,19.6,0.323,Genova,44.4056,8.9463
2026-04-15T21:00,16.3,79,12.6,15.5,0.0,0.0,0.0,0.0,0.0,0,1017.3,1016.0,2,0,2,0,11.0,1,23.0,0.0,0.0,0.0,0.0,0.0,0.04,0.39,18.3,0.322,Genova,44.4056,8.9463
2026-04-15T22:00,15.3,81,12.2,14.0,0.0,0.0,0.0,0.0,0.0,0,1017.7,1016.4,0,0,0,0,13.7,3,28.4,0.0,0.0,0.0,0.0,0.0,0.02,0.32,17.2,0.322,Genova,44.4056,8.9463
2026-04-15T23:00,14.8,82,11.7,13.1,0.0,0.0,0.0,0.0,0.0,0,1018.1,1016.8,0,0,0,0,14.7,7,30.2,0.0,0.0,0.0,0.0,0.0,0.02,0.31,16.5,0.321,Genova,44.4056,8.9463
2026-04-16T00:00,14.3,83,11.4,12.4,0.0,0.0,0.0,0.0,0.0,0,1018.3,1017.0,2,2,0,0,16.0,8,32.4,0.0,0.0,0.0,0.0,0.0,0.02,0.28,15.9,0.321,Genova,44.4056,8.9463
2026-04-16T01:00,13.7,85,11.3,11.6,0.0,0.0,0.0,0.0,0.0,0,1018.2,1016.9,13,13,0,0,16.6,10,34.2,0.0,0.0,0.0,0.0,0.0,0.01,0.23,15.5,0.321,Genova,44.4056,8.9463
2026-04-16T02:00,14.0,87,11.8,12.1,0.0,0.0,0.0,0.0,0.0,1,1018.2,1016.9,47,13,0,38,17.3,10,34.9,0.0,0.0,0.0,0.0,0.0,0.01,0.21,17.2,0.315,Genova,44.4056,8.9463
2026-04-16T03:00,14.2,84,11.6,12.0,0.0,0.0,0.0,0.0,0.0,3,1017.9,1016.6,94,16,0,93,18.3,6,39.2,0.0,0.0,0.0,0.0,0.0,0.02,0.26,16.4,0.315,Genova,44.4056,8.9463
2026-04-16T04:00,14.0,84,11.4,11.6,0.0,0.0,0.0,0.0,0.0,3,1017.9,1016.6,100,17,0,100,19.6,6,42.1,0.0,0.0,0.0,0.0,0.0,0.02,0.25,15.8,0.315,Genova,44.4056,8.9463
2026-04-16T05:00,14.3,82,11.2,11.8,0.0,0.0,0.0,0.0,0.0,3,1017.8,1016.5,99,8,0,99,19.8,7,43.2,0.0,0.0,0.0,0.0,0.0,0.03,0.29,15.4,0.314,Genova,44.4056,8.9463
2026-04-16T06:00,14.3,80,10.9,11.9,0.0,0.0,0.0,0.0,0.0,3,1017.8,1016.5,97,2,0,97,18.1,6,42.5,0.0,0.0,0.0,0.0,0.0,0.03,0.33,15.2,0.314,Genova,44.4056,8.9463
2026-04-16T07:00,14.1,80,10.7,11.8,0.0,0.0,0.0,0.0,0.0,1,1018.0,1016.7,47,5,0,45,17.4,6,39.2,3.0,0.0,3.0,0.0,0.0,0.03,0.32,14.9,0.313,Genova,44.4056,8.9463
2026-04-16T08:00,15.2,79,11.7,13.3,0.0,0.0,0.0,0.0,0.0,3,1018.2,1016.9,92,18,0,91,16.4,359,38.2,83.0,34.0,49.0,240.2,3600.0,0.06,0.36,15.1,0.313,Genova,44.4056,8.9463
2026-04-16T09:00,17.5,75,13.0,16.1,0.0,0.0,0.0,0.0,0.0,3,1018.2,1016.9,100,23,0,100,15.7,350,37.1,242.0,143.0,99.0,443.6,3600.0,0.14,0.5,15.7,0.313,Genova,44.4056,8.9463
2026-04-16T10:00,19.6,67,13.4,18.4,0.0,0.0,0.0,0.0,0.0,3,1018.3,1017.0,80,2,0,80,15.1,348,36.4,403.0,254.0,149.0,518.8,3600.0,0.25,0.74,16.7,0.311,Genova,44.4056,8.9463
2026-04-16T11:00,21.2,64,14.1,20.9,0.0,0.0,0.0,0.0,0.0,2,1018.5,1017.2,61,1,2,59,11.7,339,36.4,567.0,408.0,159.0,645.7,3600.0,0.35,0.9,17.8,0.309,Genova,44.4056,8.9463
2026-04-16T12:00,22.5,56,13.2,23.0,0.1,0.1,0.0,0.0,0.0,51,1018.5,1017.2,38,11,32,0,9.3,336,31.3,703.0,560.0,143.0,757.3,3600.0,0.45,1.21,19.1,0.307,Genova,44.4056,8.9463
2026-04-16T13:00,22.9,52,12.6,23.7,0.2,0.2,0.0,0.0,0.0,51,1018.3,1017.0,37,8,34,0,6.2,314,26.3,708.0,541.0,167.0,671.9,3600.0,0.47,1.33,20.2,0.306,Genova,44.4056,8.9463
2026-04-16T14:00,22.8,49,11.5,23.8,0.2,0.2,0.0,0.0,0.0,51,1017.9,1016.6,41,15,41,0,4.1,322,20.9,728.0,561.0,167.0,680.5,3600.0,0.48,1.42,21.2,0.305,Genova,44.4056,8.9463
2026-04-16T15:00,22.9,53,12.8,24.1,0.1,0.1,0.0,0.0,0.0,51,1017.7,1016.4,39,2,39,0,2.7,203,15.5,665.0,494.0,171.0,620.8,3600.0,0.44,1.31,21.7,0.303,Genova,44.4056,8.9463
2026-04-16T16:00,22.2,64,15.1,23.3,0.0,0.0,0.0,0.0,0.0,1,1017.5,1016.2,31,5,30,0,5.2,184,19.1,588.0,430.0,158.0,596.0,3600.0,0.38,0.96,21.8,0.301,Genova,44.4056,8.9463
2026-04-16T17:00,21.2,72,15.9,22.3,0.0,0.0,0.0,0.0,0.0,1,1017.4,1016.1,28,9,27,0,6.3,183,20.2,434.0,304.0,130.0,501.2,3600.0,0.27,0.71,21.5,0.3,Genova,44.4056,8.9463
2026-04-16T18:00,20.9,72,15.6,22.0,0.0,0.0,0.0,0.0,0.0,1,1017.2,1015.9,26,2,25,0,5.3,190,19.1,327.0,206.0,121.0,449.1,3600.0,0.2,0.69,21.1,0.298,Genova,44.4056,8.9463
2026-04-16T19:00,19.8,75,15.3,21.0,0.0,0.0,0.0,0.0,0.0,0,1017.4,1016.1,9,0,9,0,4.3,178,15.8,197.0,122.0,75.0,423.4,3600.0,0.11,0.58,20.4,0.298,Genova,44.4056,8.9463
2026-04-16T20:00,18.5,86,16.2,20.6,0.0,0.0,0.0,0.0,0.0,0,1017.3,1016.0,2,0,2,0,0.6,72,9.7,58.0,26.0,32.0,221.8,3600.0,0.02,0.29,19.9,0.297,Genova,44.4056,8.9463
2026-04-16T21:00,17.3,88,15.2,18.8,0.0,0.0,0.0,0.0,0.0,0,1017.8,1016.5,0,0,0,0,1.3,45,4.3,0.0,0.0,0.0,0.0,0.0,0.01,0.24,18.5,0.298,Genova,44.4056,8.9463
2026-04-16T22:00,17.3,83,14.5,18.4,0.0,0.0,0.0,0.0,0.0,0,1018.6,1017.3,1,0,0,0,3.0,33,9.0,0.0,0.0,0.0,0.0,0.0,0.0,0.33,17.5,0.297,Genova,44.4056,8.9463
2026-04-16T23:00,16.1,86,13.8,16.8,0.0,0.0,0.0,0.0,0.0,0,1018.8,1017.5,1,0,1,0,4.0,27,12.6,0.0,0.0,0.0,0.0,0.0,0.0,0.25,16.9,0.297,Genova,44.4056,8.9463
2026-04-17T00:00,14.6,91,13.2,14.7,0.0,0.0,0.0,0.0,0.0,0,1018.9,1017.6,1,0,1,0,6.5,23,17.3,0.0,0.0,0.0,0.0,0.0,0.0,0.15,16.4,0.297,Genova,44.4056,8.9463
2026-04-17T01:00,13.7,92,12.4,13.4,0.0,0.0,0.0,0.0,0.0,0,1018.9,1017.6,6,0,0,6,7.4,22,19.4,0.0,0.0,0.0,0.0,0.0,0.0,0.13,15.9,0.297,Genova,44.4056,8.9463
2026-04-17T02:00,12.9,92,11.7,11.9,0.0,0.0,0.0,0.0,0.0,0,1018.7,1017.4,0,0,0,0,11.0,14,21.2,0.0,0.0,0.0,0.0,0.0,0.0,0.11,18.0,0.286,Genova,44.4056,8.9463
2026-04-17T03:00,13.7,88,11.8,12.6,0.0,0.0,0.0,0.0,0.0,0,1018.5,1017.2,0,0,0,0,11.1,13,24.8,0.0,0.0,0.0,0.0,0.0,0.0,0.19,16.9,0.285,Genova,44.4056,8.9463
2026-04-17T04:00,13.2,89,11.3,11.9,0.0,0.0,0.0,0.0,0.0,0,1018.3,1017.0,0,0,0,0,11.8,12,25.6,0.0,0.0,0.0,0.0,0.0,0.0,0.17,16.1,0.285,Genova,44.4056,8.9463
2026-04-17T05:00,12.8,88,10.8,11.0,0.0,0.0,0.0,0.0,0.0,0,1018.1,1016.8,3,0,0,3,13.6,11,27.7,0.0,0.0,0.0,0.0,0.0,0.0,0.18,15.5,0.285,Genova,44.4056,8.9463
2026-04-17T06:00,13.1,85,10.6,11.0,0.0,0.0,0.0,0.0,0.0,0,1018.3,1017.0,0,0,0,0,15.8,8,31.3,0.0,0.0,0.0,0.0,0.0,0.01,0.23,15.0,0.285,Genova,44.4056,8.9463
2026-04-17T07:00,13.8,82,10.7,11.4,0.0,0.0,0.0,0.0,0.0,0,1018.4,1017.1,1,0,0,1,17.6,7,35.3,3.0,0.0,3.0,0.0,0.0,0.03,0.29,14.8,0.285,Genova,44.4056,8.9463
2026-04-17T08:00,16.0,78,12.2,14.4,0.0,0.0,0.0,0.0,0.0,0,1018.8,1017.5,6,3,0,3,15.5,360,35.3,90.0,45.0,45.0,307.2,3600.0,0.06,0.39,15.6,0.285,Genova,44.4056,8.9463
2026-04-17T09:00,18.5,73,13.6,17.5,0.0,0.0,0.0,0.0,0.0,0,1019.0,1017.7,6,5,0,1,14.7,353,35.3,248.0,156.0,92.0,476.9,3600.0,0.15,0.57,16.3,0.284,Genova,44.4056,8.9463
2026-04-17T10:00,20.1,68,14.1,19.7,0.0,0.0,0.0,0.0,0.0,0,1019.0,1017.7,13,3,0,10,12.4,347,33.5,424.0,313.0,111.0,633.5,3600.0,0.26,0.74,17.3,0.282,Genova,44.4056,8.9463
2026-04-17T11:00,21.8,65,15.0,22.3,0.0,0.0,0.0,0.0,0.0,1,1018.9,1017.6,27,2,2,25,8.9,332,29.9,585.0,448.0,137.0,704.3,3600.0,0.36,0.9,18.6,0.281,Genova,44.4056,8.9463
2026-04-17T12:00,22.5,63,15.1,23.3,0.0,0.0,0.0,0.0,0.0,2,1018.9,1017.6,63,5,18,54,10.3,320,27.4,654.0,501.0,153.0,673.9,3600.0,0.42,1.01,19.6,0.279,Genova,44.4056,8.9463
2026-04-17T13:00,22.7,62,14.9,23.0,0.0,0.0,0.0,0.0,0.0,1,1018.4,1017.1,30,3,11,20,13.1,328,33.1,666.0,474.0,192.0,586.1,3600.0,0.43,1.06,20.5,0.276,Genova,44.4056,8.9463
2026-04-17T14:00,23.1,58,14.4,23.0,0.1,0.1,0.0,0.0,0.0,51,1018.1,1016.8,63,4,13,58,14.9,337,33.8,664.0,462.0,202.0,558.1,3600.0,0.44,1.18,20.5,0.272,Genova,44.4056,8.9463
2026-04-17T15:00,24.1,53,14.0,23.9,0.0,0.0,0.0,0.0,0.0,3,1017.5,1016.2,89,2,13,88,14.3,335,36.0,649.0,461.0,188.0,576.9,3600.0,0.45,1.4,21.1,0.27,Genova,44.4056,8.9463
2026-04-17T16:00,24.8,48,13.2,25.0,0.0,0.0,0.0,0.0,0.0,3,1016.8,1015.5,98,1,18,98,8.5,331,33.5,611.0,468.0,143.0,645.8,3600.0,0.43,1.61,21.6,0.267,Genova,44.4056,8.9463
2026-04-17T17:00,23.9,51,13.1,24.3,0.0,0.0,0.0,0.0,0.0,3,1016.3,1015.0,99,0,24,99,4.1,241,22.0,478.0,303.0,175.0,497.0,3600.0,0.32,1.45,21.8,0.265,Genova,44.4056,8.9463
2026-04-17T18:00,22.4,62,14.9,23.3,0.0,0.0,0.0,0.0,0.0,3,1016.5,1015.2,99,0,14,99,5.2,207,16.2,340.0,203.0,137.0,439.4,3600.0,0.22,1.02,21.6,0.264,Genova,44.4056,8.9463
2026-04-17T19:00,20.9,75,16.3,22.4,0.0,0.0,0.0,0.0,0.0,3,1016.8,1015.5,98,0,0,98,4.6,193,15.5,174.0,62.0,112.0,212.7,3600.0,0.11,0.61,20.9,0.263,Genova,44.4056,8.9463
2026-04-17T20:00,19.7,76,15.4,21.5,0.0,0.0,0.0,0.0,0.0,3,1016.6,1015.3,99,0,4,99,0.2,90,10.8,48.0,9.0,39.0,75.7,652.9,0.02,0.55,20.3,0.257,Genova,44.4056,8.9463
2026-04-17T21:00,18.8,76,14.5,19.7,0.0,0.0,0.0,0.0,0.0,3,1017.1,1015.8,100,1,5,100,4.0,18,9.0,0.0,0.0,0.0,0.0,0.0,0.03,0.52,19.1,0.257,Genova,44.4056,8.9463
2026-04-17T22:00,17.0,81,13.8,16.9,0.0,0.0,0.0,0.0,0.0,3,1017.5,1016.2,100,1,5,100,9.3,18,19.1,0.0,0.0,0.0,0.0,0.0,0.01,0.36,18.2,0.257,Genova,44.4056,8.9463
2026-04-17T23:00,14.8,89,13.1,14.4,0.0,0.0,0.0,0.0,0.0,3,1017.6,1016.3,98,0,5,98,9.7,15,22.3,0.0,0.0,0.0,0.0,0.0,0.0,0.18,17.5,0.257,Genova,44.4056,8.9463
2026-04-18T00:00,14.3,89,12.5,13.7,0.0,0.0,0.0,0.0,0.0,3,1017.8,1016.5,100,0,5,100,9.1,14,22.3,0.0,0.0,0.0,0.0,0.0,0.0,0.18,16.8,0.257,Genova,44.4056,8.9463
2026-04-18T01:00,13.7,89,11.9,12.7,0.0,0.0,0.0,0.0,0.0,1,1017.6,1016.3,28,0,4,26,10.4,15,23.4,0.0,0.0,0.0,0.0,0.0,0.0,0.17,16.2,0.257,Genova,44.4056,8.9463
2026-04-18T02:00,12.9,92,11.6,12.1,0.0,0.0,0.0,0.0,0.0,1,1018.1,1016.8,23,0,2,23,9.0,16,23.8,0.0,0.0,0.0,0.0,0.0,0.0,0.12,18.1,0.253,Genova,44.4056,8.9463
2026-04-18T03:00,14.0,87,11.8,12.8,0.0,0.0,0.0,0.0,0.0,2,1017.9,1016.6,52,0,1,52,11.6,12,24.8,0.0,0.0,0.0,0.0,0.0,0.0,0.21,17.1,0.253,Genova,44.4056,8.9463
2026-04-18T04:00,14.2,85,11.7,12.7,0.0,0.0,0.0,0.0,0.0,1,1017.9,1016.6,25,0,2,24,13.3,13,27.0,0.0,0.0,0.0,0.0,0.0,0.01,0.24,16.4,0.253,Genova,44.4056,8.9463
2026-04-18T05:00,14.0,85,11.5,12.4,0.0,0.0,0.0,0.0,0.0,0,1017.9,1016.6,2,0,1,2,14.2,9,28.8,0.0,0.0,0.0,0.0,0.0,0.01,0.24,15.9,0.253,Genova,44.4056,8.9463
2026-04-18T06:00,13.9,84,11.3,12.4,0.0,0.0,0.0,0.0,0.0,0,1017.9,1016.6,0,0,0,0,13.3,13,29.2,0.0,0.0,0.0,0.0,0.0,0.01,0.25,15.6,0.253,Genova,44.4056,8.9463
2026-04-18T07:00,13.5,85,11.1,12.2,0.0,0.0,0.0,0.0,0.0,0,1018.1,1016.8,0,0,0,0,11.3,14,27.4,4.0,1.0,3.0,19.1,0.0,0.01,0.23,15.2,0.253,Genova,44.4056,8.9463
2026-04-18T08:00,15.7,82,12.6,15.2,0.0,0.0,0.0,0.0,0.0,0,1018.8,1017.5,0,0,0,0,8.9,9,23.8,93.0,47.0,46.0,310.5,3600.0,0.05,0.32,14.6,0.258,Genova,44.4056,8.9463
2026-04-18T09:00,19.4,73,14.3,19.8,0.0,0.0,0.0,0.0,0.0,0,1018.9,1017.6,0,0,0,0,6.7,358,19.1,263.0,181.0,82.0,545.6,3600.0,0.15,0.62,15.8,0.258,Genova,44.4056,8.9463
2026-04-18T10:00,21.3,62,13.8,22.1,0.0,0.0,0.0,0.0,0.0,0,1018.9,1017.6,0,0,0,0,2.3,315,15.5,442.0,341.0,101.0,684.1,3600.0,0.27,0.95,17.3,0.257,Genova,44.4056,8.9463
2026-04-18T11:00,22.2,59,13.7,23.2,0.0,0.0,0.0,0.0,0.0,1,1019.0,1017.7,43,14,17,22,3.9,202,15.8,603.0,488.0,115.0,762.3,3600.0,0.38,1.11,18.9,0.255,Genova,44.4056,8.9463
2026-04-18T12:00,22.3,58,13.7,23.1,0.1,0.1,0.0,0.0,0.0,51,1019.2,1017.9,84,18,9,80,6.9,187,21.6,656.0,512.0,144.0,685.2,3600.0,0.42,1.12,20.0,0.253,Genova,44.4056,8.9463
2026-04-18T13:00,22.3,58,13.7,23.1,0.0,0.0,0.0,0.0,0.0,1,1018.9,1017.6,48,11,12,35,7.9,183,24.5,670.0,491.0,179.0,604.4,3600.0,0.44,1.13,20.8,0.251,Genova,44.4056,8.9463
2026-04-18T14:00,22.8,49,11.4,23.0,0.0,0.0,0.0,0.0,0.0,0,1018.7,1017.4,19,1,13,7,8.6,190,24.8,720.0,564.0,156.0,678.6,3600.0,0.48,1.42,21.4,0.244,Genova,44.4056,8.9463
2026-04-18T15:00,22.7,45,10.3,22.3,0.0,0.0,0.0,0.0,0.0,1,1018.5,1017.2,23,4,18,5,9.3,196,27.4,702.0,541.0,161.0,674.3,3600.0,0.47,1.51,21.8,0.241,Genova,44.4056,8.9463
2026-04-18T16:00,22.5,44,9.6,21.8,0.0,0.0,0.0,0.0,0.0,1,1018.1,1016.8,20,0,12,9,8.0,190,26.6,645.0,506.0,139.0,695.2,3600.0,0.43,1.54,22.0,0.239,Genova,44.4056,8.9463
2026-04-18T17:00,22.0,45,9.5,20.9,0.0,0.0,0.0,0.0,0.0,0,1017.6,1016.3,17,0,7,11,6.4,198,23.8,512.0,388.0,124.0,633.1,3600.0,0.34,1.45,21.8,0.237,Genova,44.4056,8.9463
2026-04-18T18:00,21.6,47,9.8,20.8,0.0,0.0,0.0,0.0,0.0,0,1017.5,1016.2,13,0,2,12,5.1,184,19.1,382.0,278.0,104.0,597.6,3600.0,0.25,1.37,21.4,0.235,Genova,44.4056,8.9463
2026-04-18T19:00,20.5,60,12.4,20.9,0.0,0.0,0.0,0.0,0.0,2,1017.4,1016.1,52,0,2,50,2.8,130,14.4,222.0,143.0,79.0,484.9,3600.0,0.13,0.97,20.8,0.234,Genova,44.4056,8.9463
2026-04-18T20:00,19.0,63,11.7,19.0,0.0,0.0,0.0,0.0,0.0,2,1017.1,1015.8,66,0,3,64,3.6,72,5.4,63.0,25.0,38.0,207.3,3600.0,0.04,0.82,20.2,0.223,Genova,44.4056,8.9463
2026-04-18T21:00,18.0,59,9.8,17.4,0.0,0.0,0.0,0.0,0.0,3,1017.5,1016.2,94,0,5,94,3.9,56,10.4,1.0,0.0,1.0,0.0,0.0,0.0,0.86,18.8,0.222,Genova,44.4056,8.9463
2026-04-18T22:00,17.4,57,8.9,16.5,0.0,0.0,0.0,0.0,0.0,3,1017.6,1016.3,80,0,5,80,4.2,43,11.5,0.0,0.0,0.0,0.0,0.0,0.01,0.85,17.9,0.222,Genova,44.4056,8.9463
2026-04-18T23:00,17.1,57,8.5,16.1,0.0,0.0,0.0,0.0,0.0,1,1017.5,1016.2,31,0,2,30,3.6,41,11.5,0.0,0.0,0.0,0.0,0.0,0.01,0.84,17.2,0.222,Genova,44.4056,8.9463
2026-04-19T00:00,17.1,56,8.3,16.3,0.0,0.0,0.0,0.0,0.0,0,1017.5,1016.2,2,0,0,2,2.5,30,10.8,0.0,0.0,0.0,0.0,0.0,0.0,0.86,16.6,0.221,Genova,44.4056,8.9463
2026-04-19T01:00,17.2,57,8.5,16.4,0.0,0.0,0.0,0.0,0.0,0,1017.4,1016.1,5,0,0,5,2.3,39,9.0,0.0,0.0,0.0,0.0,0.0,0.0,0.85,16.1,0.221,Genova,44.4056,8.9463
2026-04-19T02:00,16.0,60,8.4,15.0,0.0,0.0,0.0,0.0,0.0,0,1017.2,1015.9,13,0,1,13,3.8,45,7.6,0.0,0.0,0.0,0.0,0.0,0.01,0.72,16.7,0.223,Genova,44.4056,8.9463
2026-04-19T03:00,15.6,66,9.3,15.3,0.0,0.0,0.0,0.0,0.0,1,1016.9,1015.6,45,0,2,45,1.2,39,10.8,0.0,0.0,0.0,0.0,0.0,0.0,0.6,16.0,0.223,Genova,44.4056,8.9463
2026-04-19T04:00,15.9,62,8.7,15.3,0.0,0.0,0.0,0.0,0.0,1,1016.6,1015.3,25,0,23,10,1.8,45,4.0,0.0,0.0,0.0,0.0,0.0,0.0,0.69,15.2,0.223,Genova,44.4056,8.9463
2026-04-19T05:00,15.4,64,8.6,14.6,0.0,0.0,0.0,0.0,0.0,2,1016.4,1015.1,51,0,38,22,3.0,52,7.6,0.0,0.0,0.0,0.0,0.0,0.0,0.63,14.7,0.223,Genova,44.4056,8.9463
2026-04-19T06:00,15.5,63,8.6,14.6,0.0,0.0,0.0,0.0,0.0,0,1016.4,1015.1,1,0,0,0,3.2,47,7.2,0.0,0.0,0.0,0.0,0.0,0.0,0.64,14.3,0.223,Genova,44.4056,8.9463
2026-04-19T07:00,15.5,64,8.7,14.6,0.0,0.0,0.0,0.0,0.0,0,1016.2,1014.9,12,0,0,12,3.4,58,9.0,5.0,1.0,4.0,19.1,0.0,0.01,0.63,13.9,0.223,Genova,44.4056,8.9463
2026-04-19T08:00,17.3,64,10.5,17.1,0.0,0.0,0.0,0.0,0.0,0,1016.8,1015.5,16,0,3,15,2.8,55,7.6,91.0,42.0,49.0,268.8,3600.0,0.05,0.71,13.3,0.222,Genova,44.4056,8.9463
2026-04-19T09:00,18.4,63,11.3,18.1,0.0,0.0,0.0,0.0,0.0,2,1016.9,1015.6,54,0,8,50,4.6,169,13.7,263.0,176.0,87.0,523.3,3600.0,0.15,0.78,14.8,0.222,Genova,44.4056,8.9463
2026-04-19T10:00,19.1,62,11.7,18.7,0.0,0.0,0.0,0.0,0.0,1,1016.8,1015.5,31,2,6,27,5.8,166,18.0,415.0,288.0,127.0,572.8,3600.0,0.25,0.83,16.3,0.221,Genova,44.4056,8.9463
2026-04-19T11:00,20.2,60,12.1,19.8,0.0,0.0,0.0,0.0,0.0,2,1016.8,1015.5,64,0,3,63,8.5,174,25.2,593.0,467.0,126.0,724.9,3600.0,0.36,0.95,17.7,0.219,Genova,44.4056,8.9463
2026-04-19T12:00,20.3,69,14.4,20.9,0.0,0.0,0.0,0.0,0.0,2,1017.0,1015.7,60,13,15,52,9.6,174,26.6,658.0,487.0,171.0,648.5,3600.0,0.39,0.74,18.9,0.217,Genova,44.4056,8.9463
2026-04-19T13:00,19.9,75,15.4,21.2,0.0,0.0,0.0,0.0,0.0,1,1016.7,1015.4,38,1,9,31,11.5,178,33.5,755.0,571.0,184.0,699.8,3600.0,0.42,0.57,19.8,0.216,Genova,44.4056,8.9463
2026-04-19T14:00,19.4,77,15.2,21.1,0.0,0.0,0.0,0.0,0.0,2,1016.3,1015.0,66,0,3,64,7.5,165,32.0,734.0,532.0,202.0,637.5,3600.0,0.42,0.52,20.2,0.219,Genova,44.4056,8.9463
2026-04-19T15:00,19.7,71,14.4,20.5,0.0,0.0,0.0,0.0,0.0,2,1015.8,1014.5,63,0,9,61,7.9,177,24.5,630.0,355.0,275.0,440.7,3600.0,0.38,0.66,20.6,0.217,Genova,44.4056,8.9463
2026-04-19T16:00,19.6,69,13.8,19.7,0.0,0.0,0.0,0.0,0.0,1,1015.2,1013.9,43,0,7,40,8.4,161,24.1,556.0,332.0,224.0,454.2,3600.0,0.33,0.7,20.7,0.216,Genova,44.4056,8.9463
2026-04-19T17:00,19.7,68,13.6,19.7,0.0,0.0,0.0,0.0,0.0,1,1014.7,1013.4,29,2,8,25,7.6,161,24.5,485.0,319.0,166.0,517.9,3600.0,0.29,0.73,20.6,0.214,Genova,44.4056,8.9463
2026-04-19T18:00,18.7,76,14.4,19.0,0.0,0.0,0.0,0.0,0.0,0,1014.6,1013.3,17,1,3,15,8.0,170,23.0,369.0,242.0,127.0,516.7,3600.0,0.21,0.52,20.3,0.213,Genova,44.4056,8.9463
2026-04-19T19:00,17.9,81,14.6,18.7,0.0,0.0,0.0,0.0,0.0,0,1014.7,1013.4,7,0,2,5,4.5,157,20.9,219.0,137.0,82.0,459.4,3600.0,0.12,0.38,19.7,0.213,Genova,44.4056,8.9463
2026-04-19T20:00,17.0,89,15.2,17.9,0.0,0.0,0.0,0.0,0.0,0,1014.8,1013.5,2,0,0,2,5.6,132,12.2,67.0,31.0,36.0,253.6,3600.0,0.03,0.21,19.0,0.207,Genova,44.4056,8.9463
2026-04-19T21:00,15.8,93,14.8,16.8,0.0,0.0,0.0,0.0,0.0,0,1015.1,1013.8,9,9,0,0,4.1,119,12.2,1.0,0.0,1.0,0.0,0.0,0.0,0.12,17.8,0.207,Genova,44.4056,8.9463
2026-04-19T22:00,14.9,95,14.0,15.8,0.0,0.0,0.0,0.0,0.0,1,1015.5,1014.2,26,26,0,0,2.5,90,9.4,0.0,0.0,0.0,0.0,0.0,0.0,0.09,16.7,0.208,Genova,44.4056,8.9463
2026-04-19T23:00,14.6,94,13.7,15.4,0.0,0.0,0.0,0.0,0.0,1,1015.2,1013.9,23,18,1,5,2.7,58,7.2,0.0,0.0,0.0,0.0,0.0,0.0,0.1,15.8,0.208,Genova,44.4056,8.9463
2026-04-20T00:00,14.1,92,12.9,14.6,0.0,0.0,0.0,0.0,0.0,0,1015.1,1013.8,6,6,0,0,2.4,48,7.2,0.0,0.0,0.0,0.0,0.0,0.0,0.12,15.2,0.208,Genova,44.4056,8.9463
2026-04-20T01:00,14.2,87,12.1,14.5,0.0,0.0,0.0,0.0,0.0,0,1015.0,1013.7,9,9,0,0,2.5,45,6.8,0.0,0.0,0.0,0.0,0.0,0.0,0.2,14.7,0.208,Genova,44.4056,8.9463
2026-04-20T02:00,13.3,92,12.0,13.4,0.0,0.0,0.0,0.0,0.0,0,1015.0,1013.7,11,5,0,5,3.8,65,7.9,0.0,0.0,0.0,0.0,0.0,0.0,0.12,15.6,0.212,Genova,44.4056,8.9463
2026-04-20T03:00,14.0,86,11.7,14.0,0.0,0.0,0.0,0.0,0.0,1,1014.5,1013.2,38,5,2,34,3.7,47,9.7,0.0,0.0,0.0,0.0,0.0,0.0,0.22,15.0,0.212,Genova,44.4056,8.9463
2026-04-20T04:00,13.4,85,11.0,13.4,0.0,0.0,0.0,0.0,0.0,0,1014.2,1012.9,12,3,2,7,2.2,55,9.7,0.0,0.0,0.0,0.0,0.0,0.0,0.22,14.4,0.212,Genova,44.4056,8.9463
2026-04-20T05:00,13.2,82,10.3,12.9,0.0,0.0,0.0,0.0,0.0,0,1013.9,1012.6,16,15,1,2,2.9,86,9.4,0.0,0.0,0.0,0.0,0.0,0.0,0.27,13.8,0.212,Genova,44.4056,8.9463
2026-04-20T06:00,13.7,80,10.3,13.3,0.0,0.0,0.0,0.0,0.0,3,1013.5,1012.2,85,85,0,2,3.2,90,9.0,0.0,0.0,0.0,0.0,0.0,0.0,0.32,13.5,0.212,Genova,44.4056,8.9463
2026-04-20T07:00,14.7,78,10.9,14.5,0.0,0.0,0.0,0.0,0.0,3,1013.6,1012.3,100,100,2,0,3.1,59,9.7,3.0,0.0,3.0,0.0,0.0,0.02,0.37,13.6,0.213,Genova,44.4056,8.9463
2026-04-20T08:00,15.4,79,11.7,15.5,0.1,0.1,0.0,0.0,0.0,51,1013.9,1012.6,100,100,0,0,2.9,30,9.0,34.0,11.0,23.0,68.3,249.52,0.03,0.37,13.3,0.216,Genova,44.4056,8.9463
2026-04-20T09:00,16.2,81,13.0,16.9,0.1,0.1,0.0,0.0,0.0,51,1013.7,1012.4,100,100,0,0,1.9,61,7.6,128.0,47.0,81.0,137.9,2336.39,0.08,0.34,14.3,0.216,Genova,44.4056,8.9463
2026-04-20T10:00,16.5,86,14.2,17.2,0.3,0.3,0.0,0.0,0.0,51,1013.8,1012.5,100,100,1,0,4.9,129,13.3,157.0,48.0,109.0,94.7,1040.02,0.1,0.26,15.2,0.219,Genova,44.4056,8.9463
2026-04-20T11:00,16.7,86,14.4,16.5,0.4,0.4,0.0,0.0,0.0,51,1013.9,1012.6,100,100,0,0,11.2,136,25.6,213.0,59.0,154.0,91.0,930.7,0.13,0.27,15.8,0.222,Genova,44.4056,8.9463
2026-04-20T12:00,16.8,85,14.4,16.3,0.3,0.3,0.0,0.0,0.0,51,1013.7,1012.4,100,100,2,0,13.3,142,32.8,222.0,78.0,144.0,103.4,1300.53,0.14,0.28,16.1,0.225,Genova,44.4056,8.9463
2026-04-20T13:00,17.1,84,14.4,16.6,0.1,0.1,0.0,0.0,0.0,51,1013.4,1012.1,100,100,5,5,13.3,142,33.1,257.0,70.0,187.0,85.4,762.96,0.15,0.3,16.5,0.225,Genova,44.4056,8.9463
2026-04-20T14:00,17.6,79,14.0,16.9,0.1,0.1,0.0,0.0,0.0,51,1013.2,1011.9,100,100,9,55,13.7,141,33.8,296.0,42.0,254.0,50.1,0.0,0.18,0.41,16.5,0.238,Genova,44.4056,8.9463
2026-04-20T15:00,18.5,75,14.0,17.6,0.2,0.2,0.0,0.0,0.0,51,1012.6,1011.3,100,100,16,78,14.8,148,36.7,488.0,174.0,314.0,215.2,3600.0,0.28,0.53,17.3,0.238,Genova,44.4056,8.9463
2026-04-20T16:00,17.7,82,14.5,16.9,0.2,0.2,0.0,0.0,0.0,51,1012.0,1010.7,100,98,16,95,16.0,145,38.9,380.0,158.0,222.0,215.2,3600.0,0.21,0.37,17.6,0.239,Genova,44.4056,8.9463
2026-04-20T17:00,17.7,82,14.6,17.0,0.2,0.2,0.0,0.0,0.0,51,1011.4,1010.1,99,85,30,96,15.4,144,38.9,341.0,113.0,228.0,182.5,3600.0,0.19,0.37,17.7,0.24,Genova,44.4056,8.9463
2026-04-20T18:00,17.5,83,14.6,17.0,0.3,0.3,0.0,0.0,0.0,51,1011.0,1009.7,98,81,17,86,13.5,155,36.7,248.0,76.0,172.0,161.2,3035.2,0.14,0.33,17.6,0.242,Genova,44.4056,8.9463
2026-04-20T19:00,16.9,89,15.0,16.8,0.1,0.1,0.0,0.0,0.0,51,1010.9,1009.6,84,32,13,73,12.6,147,32.0,172.0,71.0,101.0,235.5,3600.0,0.09,0.22,17.4,0.243,Genova,44.4056,8.9463
2026-04-20T20:00,16.1,95,15.2,16.6,0.0,0.0,0.0,0.0,0.0,3,1011.1,1009.8,92,47,4,84,8.6,158,29.5,57.0,17.0,40.0,137.2,2426.39,0.03,0.1,17.2,0.235,Genova,44.4056,8.9463
2026-04-20T21:00,15.2,97,14.7,16.0,0.1,0.1,0.0,0.0,0.0,51,1011.4,1010.1,92,63,1,78,5.1,138,19.4,1.0,0.0,1.0,0.0,0.0,0.0,0.05,16.4,0.236,Genova,44.4056,8.9463
2026-04-20T22:00,15.1,97,14.6,15.9,0.1,0.1,0.0,0.0,0.0,51,1011.8,1010.5,71,34,0,56,5.3,125,13.0,0.0,0.0,0.0,0.0,0.0,0.0,0.05,15.8,0.237,Genova,44.4056,8.9463
2026-04-20T23:00,14.1,97,13.6,14.7,0.0,0.0,0.0,0.0,0.0,3,1011.7,1010.4,92,31,31,88,3.6,87,12.6,0.0,0.0,0.0,0.0,0.0,0.0,0.05,15.2,0.237,Genova,44.4056,8.9463
2026-04-21T00:00,14.3,94,13.3,14.8,0.0,0.0,0.0,0.0,0.0,2,1011.8,1010.5,77,36,42,62,4.2,80,10.1,0.0,0.0,0.0,0.0,0.0,0.0,0.1,14.8,0.237,Genova,44.4056,8.9463
2026-04-21T01:00,14.3,91,12.9,14.5,0.0,0.0,0.0,0.0,0.0,3,1011.9,1010.6,89,88,3,0,4.9,62,11.5,0.0,0.0,0.0,0.0,0.0,0.0,0.14,14.5,0.237,Genova,44.4056,8.9463
2026-04-21T02:00,15.0,96,14.4,15.8,0.0,0.0,0.0,0.0,0.0,3,1012.0,1010.7,95,95,0,0,4.6,77,11.2,0.0,0.0,0.0,0.0,0.0,0.0,0.06,15.9,0.234,Genova,44.4056,8.9463
2026-04-21T03:00,15.3,93,14.1,15.8,0.0,0.0,0.0,0.0,0.0,2,1011.7,1010.4,64,64,0,0,5.2,44,11.5,0.0,0.0,0.0,0.0,0.0,0.0,0.13,15.6,0.235,Genova,44.4056,8.9463
2026-04-21T04:00,14.4,94,13.4,14.6,0.0,0.0,0.0,0.0,0.0,1,1011.3,1010.0,41,41,0,0,6.5,13,13.7,0.0,0.0,0.0,0.0,0.0,0.0,0.1,15.1,0.235,Genova,44.4056,8.9463
2026-04-21T05:00,13.4,96,12.7,13.5,0.0,0.0,0.0,0.0,0.0,2,1011.0,1009.7,65,64,3,0,4.6,9,13.3,0.0,0.0,0.0,0.0,0.0,0.0,0.07,14.6,0.235,Genova,44.4056,8.9463
2026-04-21T06:00,12.7,96,12.1,12.6,0.0,0.0,0.0,0.0,0.0,3,1011.2,1009.9,94,94,0,0,5.7,9,13.3,0.0,0.0,0.0,0.0,0.0,0.0,0.06,14.2,0.235,Genova,44.4056,8.9463
2026-04-21T07:00,13.2,94,12.3,12.6,0.0,0.0,0.0,0.0,0.0,3,1011.3,1010.0,100,100,1,2,8.8,4,17.6,5.0,0.0,5.0,0.0,0.0,0.01,0.09,13.9,0.235,Genova,44.4056,8.9463
2026-04-21T08:00,14.8,93,13.7,14.5,0.0,0.0,0.0,0.0,0.0,3,1011.6,1010.3,88,64,20,62,10.3,360,19.8,59.0,10.0,49.0,60.3,10.02,0.03,0.12,14.1,0.24,Genova,44.4056,8.9463
2026-04-21T09:00,16.1,88,14.2,16.4,0.0,0.0,0.0,0.0,0.0,1,1011.6,1010.3,45,30,13,15,7.2,359,21.2,99.0,15.0,84.0,43.4,0.0,0.07,0.22,14.7,0.24,Genova,44.4056,8.9463
2026-04-21T10:00,18.1,76,13.8,18.8,0.1,0.1,0.0,0.0,0.0,51,1011.5,1010.2,27,17,11,0,3.4,342,17.6,360.0,224.0,136.0,438.2,3600.0,0.21,0.5,15.8,0.24,Genova,44.4056,8.9463
2026-04-21T11:00,19.6,65,12.7,20.3,0.2,0.2,0.0,0.0,0.0,51,1011.4,1010.1,27,19,13,0,2.6,258,14.0,584.0,433.0,151.0,664.0,3600.0,0.35,0.81,17.3,0.241,Genova,44.4056,8.9463
2026-04-21T12:00,19.7,64,12.7,20.7,0.7,0.7,0.0,0.0,0.0,53,1011.3,1010.0,55,38,27,2,4.0,270,17.3,664.0,480.0,184.0,632.9,3600.0,0.4,0.83,18.7,0.246,Genova,44.4056,8.9463
2026-04-21T13:00,19.3,68,13.2,19.7,0.2,0.2,0.0,0.0,0.0,51,1011.0,1009.7,29,5,22,7,4.0,212,18.4,448.0,222.0,226.0,269.8,3600.0,0.29,0.72,18.9,0.247,Genova,44.4056,8.9463
2026-04-21T14:00,20.1,58,11.6,20.9,2.3,2.3,0.0,0.0,0.0,61,1011.2,1009.9,24,15,20,0,4.8,250,25.9,711.0,526.0,185.0,625.5,3600.0,0.44,0.99,19.9,0.24,Genova,44.4056,8.9463
2026-04-21T15:00,20.1,62,12.7,20.5,0.3,0.3,0.0,0.0,0.0,51,1011.1,1009.8,20,18,9,1,6.7,194,23.8,640.0,440.0,200.0,542.0,3600.0,0.4,0.88,20.2,0.24,Genova,44.4056,8.9463
2026-04-21T16:00,18.3,79,14.7,19.5,0.8,0.8,0.0,0.0,0.0,53,1010.8,1009.5,16,9,8,4,5.2,211,25.9,619.0,442.0,177.0,599.7,3600.0,0.36,0.44,19.9,0.246,Genova,44.4056,8.9463
2026-04-21T17:00,17.9,81,14.5,18.1,0.4,0.4,0.0,0.0,0.0,51,1010.8,1009.5,60,38,34,9,9.0,210,25.6,511.0,360.0,151.0,578.7,3600.0,0.28,0.4,19.7,0.248,Genova,44.4056,8.9463
2026-04-21T18:00,16.7,86,14.4,17.6,0.3,0.3,0.0,0.0,0.0,51,1011.2,1009.9,66,54,20,9,4.0,243,24.8,327.0,195.0,132.0,410.8,3600.0,0.18,0.26,19.0,0.25,Genova,44.4056,8.9463
2026-04-21T19:00,16.6,85,14.2,17.3,0.0,0.0,0.0,0.0,0.0,1,1010.9,1009.6,47,3,30,23,4.8,13,14.0,164.0,80.0,84.0,262.4,3600.0,0.09,0.28,18.4,0.25,Genova,44.4056,8.9463
2026-04-21T20:00,15.8,88,13.9,16.0,0.0,0.0,0.0,0.0,0.0,1,1010.9,1009.6,23,0,23,0,7.7,30,12.2,56.0,22.0,34.0,175.3,3515.49,0.03,0.21,18.2,0.25,Genova,44.4056,8.9463
2026-04-21T21:00,14.8,92,13.5,14.8,0.0,0.0,0.0,0.0,0.0,2,1011.6,1010.3,55,0,55,0,7.6,18,16.2,1.0,0.0,1.0,0.0,0.0,0.01,0.13,17.1,0.25,Genova,44.4056,8.9463
2026-04-21T22:00,13.9,95,13.0,14.1,0.0,0.0,0.0,0.0,0.0,3,1012.2,1010.9,82,2,82,5,4.8,20,16.9,0.0,0.0,0.0,0.0,0.0,0.0,0.09,16.3,0.25,Genova,44.4056,8.9463
2026-04-21T23:00,13.9,95,13.1,14.2,0.4,0.4,0.0,0.0,0.0,51,1013.0,1011.7,100,15,100,0,4.8,347,12.2,0.0,0.0,0.0,0.0,0.0,0.0,0.08,15.7,0.254,Genova,44.4056,8.9463
2026-04-22T00:00,14.3,95,13.4,14.7,0.2,0.2,0.0,0.0,0.0,51,1013.4,1012.1,89,2,88,5,4.3,33,11.9,0.0,0.0,0.0,0.0,0.0,0.0,0.09,15.3,0.256,Genova,44.4056,8.9463
2026-04-22T01:00,13.7,93,12.7,13.8,0.1,0.1,0.0,0.0,0.0,51,1013.8,1012.5,72,23,59,9,5.2,6,11.9,0.0,0.0,0.0,0.0,0.0,0.0,0.1,14.9,0.257,Genova,44.4056,8.9463
2026-04-22T02:00,14.0,94,13.0,14.0,0.1,0.1,0.0,0.0,0.0,51,1013.7,1012.4,66,13,63,0,6.9,15,11.5,0.0,0.0,0.0,0.0,0.0,0.0,0.1,16.2,0.24,Genova,44.4056,8.9463
2026-04-22T03:00,13.8,93,12.6,14.0,0.2,0.2,0.0,0.0,0.0,51,1013.9,1012.6,93,23,91,0,4.3,28,13.7,0.0,0.0,0.0,0.0,0.0,0.0,0.11,15.3,0.243,Genova,44.4056,8.9463
2026-04-22T04:00,13.2,91,11.7,13.5,0.3,0.3,0.0,0.0,0.0,51,1014.4,1013.1,99,15,99,0,1.4,337,9.7,0.0,0.0,0.0,0.0,0.0,0.0,0.14,14.7,0.247,Genova,44.4056,8.9463
2026-04-22T05:00,13.5,91,12.0,13.2,0.3,0.3,0.0,0.0,0.0,51,1014.9,1013.6,56,14,48,0,5.8,9,10.1,0.0,0.0,0.0,0.0,0.0,0.0,0.14,14.4,0.25,Genova,44.4056,8.9463
2026-04-22T06:00,12.7,88,10.8,11.8,0.1,0.1,0.0,0.0,0.0,51,1015.0,1013.7,100,42,100,0,7.9,359,17.6,0.0,0.0,0.0,0.0,0.0,0.0,0.17,13.9,0.252,Genova,44.4056,8.9463
2026-04-22T07:00,12.7,86,10.5,11.4,0.0,0.0,0.0,0.0,0.0,3,1015.6,1014.3,100,64,100,0,10.3,36,20.9,2.0,0.0,2.0,0.0,0.0,0.03,0.2,13.6,0.252,Genova,44.4056,8.9463
2026-04-22T08:00,13.4,85,10.9,12.6,0.0,0.0,0.0,0.0,0.0,3,1016.4,1015.1,91,20,89,3,7.4,14,21.2,30.0,2.0,28.0,11.7,0.0,0.04,0.23,13.8,0.254,Genova,44.4056,8.9463
2026-04-22T09:00,14.7,77,10.7,13.7,0.0,0.0,0.0,0.0,0.0,2,1016.9,1015.6,77,62,27,16,8.5,358,20.5,202.0,83.0,119.0,237.3,3600.0,0.11,0.39,14.3,0.254,Genova,44.4056,8.9463
2026-04-22T10:00,15.8,70,10.4,14.6,0.0,0.0,0.0,0.0,0.0,3,1017.5,1016.2,84,70,23,31,9.0,344,24.1,375.0,202.0,173.0,392.0,3600.0,0.21,0.53,15.1,0.253,Genova,44.4056,8.9463
2026-04-22T11:00,16.2,72,11.2,14.9,0.0,0.0,0.0,0.0,0.0,3,1017.8,1016.5,96,88,33,55,11.0,335,28.4,482.0,282.0,200.0,429.9,3600.0,0.26,0.51,15.9,0.252,Genova,44.4056,8.9463
2026-04-22T12:00,17.4,67,11.2,16.3,0.0,0.0,0.0,0.0,0.0,2,1017.7,1016.4,71,48,30,32,9.8,325,29.2,517.0,294.0,223.0,385.9,3600.0,0.3,0.66,16.7,0.251,Genova,44.4056,8.9463
2026-04-22T13:00,18.4,59,10.3,17.5,0.0,0.0,0.0,0.0,0.0,3,1017.3,1016.0,98,88,77,80,7.1,313,28.1,557.0,251.0,306.0,303.8,3600.0,0.34,0.86,17.6,0.249,Genova,44.4056,8.9463
2026-04-22T14:00,19.1,50,8.3,18.4,0.1,0.1,0.0,0.0,0.0,51,1017.4,1016.1,100,9,14,100,5.6,7,22.7,641.0,385.0,256.0,456.1,3600.0,0.4,1.11,18.2,0.251,Genova,44.4056,8.9463
2026-04-22T15:00,19.4,48,8.2,19.6,0.2,0.2,0.0,0.0,0.0,51,1017.5,1016.2,100,9,31,100,1.9,61,16.2,691.0,507.0,184.0,622.2,3600.0,0.42,1.16,19.0,0.251,Genova,44.4056,8.9463
2026-04-22T16:00,19.3,46,7.2,18.4,0.1,0.1,0.0,0.0,0.0,51,1017.3,1016.0,100,5,66,100,2.4,9,12.2,579.0,371.0,208.0,501.3,3600.0,0.36,1.22,19.4,0.25,Genova,44.4056,8.9463
2026-04-22T17:00,19.2,44,6.6,17.6,0.0,0.0,0.0,0.0,0.0,3,1017.3,1016.0,99,10,49,99,4.6,339,14.8,439.0,218.0,221.0,348.7,3600.0,0.28,1.24,19.4,0.248,Genova,44.4056,8.9463
2026-04-22T18:00,18.3,48,7.1,16.7,0.0,0.0,0.0,0.0,0.0,2,1017.6,1016.3,51,16,24,34,5.8,14,16.6,294.0,102.0,192.0,213.5,3600.0,0.2,1.1,19.0,0.247,Genova,44.4056,8.9463
2026-04-22T19:00,17.6,54,8.1,16.2,0.0,0.0,0.0,0.0,0.0,1,1018.1,1016.8,20,12,15,5,5.6,21,15.5,222.0,127.0,95.0,412.2,3600.0,0.14,0.93,18.4,0.246,Genova,44.4056,8.9463
2026-04-22T20:00,15.5,60,7.7,13.4,0.0,0.0,0.0,0.0,0.0,3,1018.5,1017.2,85,0,0,85,10.3,359,17.6,77.0,36.0,41.0,282.0,3600.0,0.07,0.71,17.9,0.238,Genova,44.4056,8.9463
2026-04-22T21:00,13.7,64,6.9,11.2,0.0,0.0,0.0,0.0,0.0,2,1019.3,1018.0,67,0,0,67,11.5,3,23.8,1.0,0.0,1.0,0.0,0.0,0.05,0.57,16.7,0.238,Genova,44.4056,8.9463
2026-04-22T22:00,12.1,68,6.4,9.5,0.0,0.0,0.0,0.0,0.0,2,1020.0,1018.7,76,0,0,76,12.0,7,25.2,0.0,0.0,0.0,0.0,0.0,0.03,0.45,15.6,0.237,Genova,44.4056,8.9463
2026-04-22T23:00,11.2,70,5.9,8.3,0.0,0.0,0.0,0.0,0.0,3,1020.8,1019.5,100,0,0,100,12.8,17,27.0,0.0,0.0,0.0,0.0,0.0,0.03,0.41,14.7,0.237,Genova,44.4056,8.9463
2026-04-23T00:00,10.9,68,5.3,7.8,0.0,0.0,0.0,0.0,0.0,1,1021.5,1020.1,44,0,0,44,13.6,17,28.8,0.0,0.0,0.0,0.0,0.0,0.03,0.41,14.0,0.237,Genova,44.4056,8.9463
2026-04-23T01:00,10.3,69,4.8,6.9,0.0,0.0,0.0,0.0,0.0,0,1022.1,1020.7,0,0,0,0,14.5,14,30.2,0.0,0.0,0.0,0.0,0.0,0.03,0.39,13.4,0.237,Genova,44.4056,8.9463
2026-04-23T02:00,11.2,64,4.6,7.7,0.0,0.0,0.0,0.0,0.0,0,1022.2,1020.9,0,0,0,0,15.2,17,31.0,0.0,0.0,0.0,0.0,0.0,0.05,0.49,14.9,0.239,Genova,44.4056,8.9463
2026-04-23T03:00,11.2,61,3.9,7.5,0.0,0.0,0.0,0.0,0.0,0,1022.2,1020.9,0,0,0,0,15.9,13,32.8,0.0,0.0,0.0,0.0,0.0,0.05,0.53,14.1,0.239,Genova,44.4056,8.9463
2026-04-23T04:00,11.3,58,3.2,7.4,0.0,0.0,0.0,0.0,0.0,0,1022.4,1021.1,0,0,0,0,15.5,13,33.1,0.0,0.0,0.0,0.0,0.0,0.06,0.57,13.5,0.239,Genova,44.4056,8.9463
2026-04-23T05:00,10.9,59,3.3,7.2,0.0,0.0,0.0,0.0,0.0,0,1022.6,1021.2,0,0,0,0,14.7,11,31.7,0.0,0.0,0.0,0.0,0.0,0.05,0.53,13.0,0.238,Genova,44.4056,8.9463
2026-04-23T06:00,10.2,62,3.3,6.5,0.0,0.0,0.0,0.0,0.0,0,1022.8,1021.4,0,0,0,0,14.7,11,30.6,0.0,0.0,0.0,0.0,0.0,0.04,0.47,12.6,0.238,Genova,44.4056,8.9463
2026-04-23T07:00,9.9,64,3.5,6.2,0.0,0.0,0.0,0.0,0.0,0,1023.2,1021.8,1,1,1,0,15.4,14,31.7,9.0,2.0,7.0,33.5,0.0,0.05,0.44,12.2,0.238,Genova,44.4056,8.9463
2026-04-23T08:00,12.3,65,6.0,9.3,0.0,0.0,0.0,0.0,0.0,0,1023.9,1022.6,4,0,4,0,13.6,5,32.0,115.0,62.0,53.0,354.3,3600.0,0.08,0.49,11.8,0.243,Genova,44.4056,8.9463
2026-04-23T09:00,14.9,61,7.6,12.7,0.0,0.0,0.0,0.0,0.0,0,1024.1,1022.8,0,0,0,0,10.6,357,28.8,289.0,201.0,88.0,567.6,3600.0,0.16,0.65,12.9,0.242,Genova,44.4056,8.9463
2026-04-23T10:00,17.1,51,7.0,15.2,0.0,0.0,0.0,0.0,0.0,0,1024.0,1022.7,0,0,0,0,7.3,349,25.6,478.0,373.0,105.0,718.1,3600.0,0.27,0.95,14.3,0.241,Genova,44.4056,8.9463
2026-04-23T11:00,18.4,46,6.7,17.6,0.0,0.0,0.0,0.0,0.0,0,1023.8,1022.5,0,0,0,0,4.1,308,20.2,642.0,524.0,118.0,794.3,3600.0,0.38,1.14,15.8,0.239,Genova,44.4056,8.9463
2026-04-23T12:00,19.2,46,7.2,19.3,0.0,0.0,0.0,0.0,0.0,0,1023.4,1022.1,4,2,4,0,4.1,241,17.3,767.0,641.0,126.0,837.4,3600.0,0.46,1.21,17.3,0.237,Genova,44.4056,8.9463
2026-04-23T13:00,19.5,47,8.0,19.8,0.0,0.0,0.0,0.0,0.0,0,1022.7,1021.4,7,0,6,0,6.3,233,22.0,829.0,683.0,146.0,823.5,3600.0,0.5,1.2,18.5,0.235,Genova,44.4056,8.9463
2026-04-23T14:00,19.7,47,7.9,19.8,0.0,0.0,0.0,0.0,0.0,0,1021.7,1020.4,0,0,0,0,8.3,271,27.4,865.0,734.0,131.0,866.3,3600.0,0.52,1.22,19.1,0.232,Genova,44.4056,8.9463
2026-04-23T15:00,20.5,45,8.1,20.4,0.0,0.0,0.0,0.0,0.0,0,1021.2,1019.9,0,0,0,0,8.8,289,26.6,830.0,701.0,129.0,857.2,3600.0,0.51,1.34,19.8,0.229,Genova,44.4056,8.9463
2026-04-23T16:00,20.8,44,8.1,20.1,0.0,0.0,0.0,0.0,0.0,0,1020.5,1019.2,1,0,0,1,9.3,289,27.4,738.0,614.0,124.0,826.4,3600.0,0.46,1.38,20.2,0.227,Genova,44.4056,8.9463
2026-04-23T17:00,20.6,43,7.5,18.8,0.0,0.0,0.0,0.0,0.0,0,1020.1,1018.8,0,0,0,0,9.8,263,27.0,601.0,487.0,114.0,775.4,3600.0,0.38,1.39,20.2,0.225,Genova,44.4056,8.9463
2026-04-23T18:00,18.7,61,11.1,17.7,0.0,0.0,0.0,0.0,0.0,0,1019.9,1018.6,0,0,0,0,9.1,236,28.1,431.0,331.0,100.0,688.4,3600.0,0.25,0.83,19.8,0.223,Genova,44.4056,8.9463
2026-04-23T19:00,17.3,75,12.9,17.3,0.0,0.0,0.0,0.0,0.0,0,1020.0,1018.7,0,0,0,0,5.9,198,22.3,248.0,168.0,80.0,539.6,3600.0,0.13,0.49,19.0,0.223,Genova,44.4056,8.9463
2026-04-23T20:00,16.1,85,13.6,16.9,0.0,0.0,0.0,0.0,0.0,0,1019.4,1018.1,0,0,0,0,1.9,131,14.0,81.0,40.0,41.0,305.1,3600.0,0.03,0.27,18.1,0.212,Genova,44.4056,8.9463
2026-04-23T21:00,15.2,87,13.1,15.6,0.0,0.0,0.0,0.0,0.0,0,1019.5,1018.2,0,0,0,0,3.6,87,7.9,2.0,0.0,2.0,0.0,0.0,0.0,0.22,16.6,0.212,Genova,44.4056,8.9463
2026-04-23T22:00,14.5,81,11.2,14.6,0.0,0.0,0.0,0.0,0.0,0,1019.6,1018.3,0,0,0,0,2.2,48,8.3,0.0,0.0,0.0,0.0,0.0,0.0,0.32,15.5,0.212,Genova,44.4056,8.9463
2026-04-23T23:00,14.2,70,8.9,13.4,0.0,0.0,0.0,0.0,0.0,0,1019.7,1018.4,0,0,0,0,3.7,29,10.1,0.0,0.0,0.0,0.0,0.0,0.0,0.48,14.6,0.213,Genova,44.4056,8.9463
2026-04-24T00:00,12.8,66,6.7,11.2,0.0,0.0,0.0,0.0,0.0,0,1019.6,1018.3,0,0,0,0,5.1,23,14.4,0.0,0.0,0.0,0.0,0.0,0.01,0.5,13.9,0.213,Genova,44.4056,8.9463
2026-04-24T01:00,11.8,66,5.7,10.1,0.0,0.0,0.0,0.0,0.0,0,1019.4,1018.1,0,0,0,0,4.2,25,14.8,0.0,0.0,0.0,0.0,0.0,0.0,0.47,13.4,0.213,Genova,44.4056,8.9463
2026-04-24T02:00,11.9,60,4.5,10.1,0.0,0.0,0.0,0.0,0.0,0,1019.4,1018.1,0,0,0,0,3.2,27,14.4,0.0,0.0,0.0,0.0,0.0,0.0,0.55,12.5,0.222,Genova,44.4056,8.9463
2026-04-24T03:00,11.8,58,3.7,9.7,0.0,0.0,0.0,0.0,0.0,0,1019.1,1017.8,0,0,0,0,3.7,29,13.0,0.0,0.0,0.0,0.0,0.0,0.01,0.59,12.3,0.222,Genova,44.4056,8.9463
2026-04-24T04:00,12.0,55,3.3,10.0,0.0,0.0,0.0,0.0,0.0,0,1019.1,1017.8,0,0,0,0,3.0,33,12.6,0.0,0.0,0.0,0.0,0.0,0.0,0.63,12.0,0.222,Genova,44.4056,8.9463
2026-04-24T05:00,12.1,53,2.8,10.0,0.0,0.0,0.0,0.0,0.0,0,1019.0,1017.7,0,0,0,0,3.2,34,11.2,0.0,0.0,0.0,0.0,0.0,0.01,0.67,11.8,0.222,Genova,44.4056,8.9463
2026-04-24T06:00,12.4,51,2.4,10.3,0.0,0.0,0.0,0.0,0.0,0,1019.1,1017.8,0,0,0,0,2.6,34,10.8,0.0,0.0,0.0,0.0,0.0,0.0,0.71,11.4,0.222,Genova,44.4056,8.9463
2026-04-24T07:00,12.9,48,2.0,10.6,0.0,0.0,0.0,0.0,0.0,0,1019.3,1018.0,0,0,0,0,3.0,38,8.6,10.0,3.0,7.0,48.4,119.23,0.01,0.78,11.1,0.222,Genova,44.4056,8.9463
2026-04-24T08:00,14.9,50,4.5,13.1,0.0,0.0,0.0,0.0,0.0,0,1019.8,1018.5,0,0,0,0,3.0,65,8.3,124.0,71.0,53.0,395.5,3600.0,0.06,0.85,9.5,0.228,Genova,44.4056,8.9463
2026-04-24T09:00,16.3,55,7.1,15.0,0.0,0.0,0.0,0.0,0.0,0,1020.1,1018.8,0,0,0,0,3.7,166,11.5,307.0,221.0,86.0,616.7,3600.0,0.16,0.84,11.6,0.228,Genova,44.4056,8.9463
2026-04-24T10:00,17.1,60,9.3,16.1,0.0,0.0,0.0,0.0,0.0,0,1020.2,1018.9,0,0,0,0,5.6,159,19.1,492.0,389.0,103.0,743.2,3600.0,0.27,0.78,13.5,0.227,Genova,44.4056,8.9463
2026-04-24T11:00,18.0,64,11.1,17.7,0.0,0.0,0.0,0.0,0.0,0,1020.2,1018.9,0,0,0,0,8.8,161,25.9,655.0,540.0,115.0,814.0,3600.0,0.37,0.74,15.3,0.226,Genova,44.4056,8.9463
2026-04-24T12:00,18.6,65,12.0,18.9,0.0,0.0,0.0,0.0,0.0,0,1020.1,1018.8,0,0,0,0,11.1,163,31.3,776.0,646.0,130.0,840.2,3600.0,0.43,0.75,16.7,0.224,Genova,44.4056,8.9463
2026-04-24T13:00,18.8,64,11.8,19.3,0.0,0.0,0.0,0.0,0.0,0,1019.9,1018.6,0,0,0,0,12.0,159,33.5,851.0,716.0,135.0,860.0,3600.0,0.47,0.78,17.9,0.222,Genova,44.4056,8.9463
2026-04-24T14:00,18.6,64,11.7,19.2,0.0,0.0,0.0,0.0,0.0,0,1019.5,1018.2,0,0,0,0,11.9,157,33.8,878.0,747.0,131.0,878.5,3600.0,0.48,0.77,18.8,0.22,Genova,44.4056,8.9463
2026-04-24T15:00,18.9,64,11.9,19.4,0.0,0.0,0.0,0.0,0.0,0,1019.1,1017.8,0,0,0,0,12.0,159,33.5,843.0,716.0,127.0,872.4,3600.0,0.47,0.78,19.3,0.218,Genova,44.4056,8.9463
2026-04-24T16:00,18.4,67,12.3,18.7,0.0,0.0,0.0,0.0,0.0,0,1018.7,1017.4,0,0,0,0,11.1,166,33.1,754.0,632.0,122.0,847.3,3600.0,0.41,0.69,19.6,0.217,Genova,44.4056,8.9463
2026-04-24T17:00,17.9,66,11.4,17.4,0.0,0.0,0.0,0.0,0.0,0,1018.3,1017.0,0,0,0,0,9.1,170,31.0,617.0,504.0,113.0,798.7,3600.0,0.34,0.7,19.5,0.215,Genova,44.4056,8.9463
2026-04-24T18:00,17.4,63,10.3,16.5,0.0,0.0,0.0,0.0,0.0,0,1017.9,1016.6,0,0,0,0,7.2,162,26.3,446.0,346.0,100.0,715.1,3600.0,0.25,0.74,19.1,0.214,Genova,44.4056,8.9463
2026-04-24T19:00,16.7,62,9.5,15.5,0.0,0.0,0.0,0.0,0.0,0,1017.6,1016.3,0,0,0,0,6.8,143,21.2,258.0,179.0,79.0,569.1,3600.0,0.14,0.71,18.3,0.214,Genova,44.4056,8.9463
2026-04-24T20:00,15.4,75,11.0,14.6,0.0,0.0,0.0,0.0,0.0,0,1017.5,1016.2,0,0,0,0,7.6,137,16.2,85.0,43.0,42.0,319.7,3600.0,0.05,0.43,17.7,0.2,Genova,44.4056,8.9463
2026-04-24T21:00,14.3,84,11.6,13.8,0.0,0.0,0.0,0.0,0.0,0,1017.7,1016.4,0,0,0,0,6.8,125,16.2,2.0,0.0,2.0,0.0,0.0,0.01,0.26,16.3,0.201,Genova,44.4056,8.9463
2026-04-24T22:00,13.8,85,11.3,13.3,0.0,0.0,0.0,0.0,0.0,0,1018.1,1016.8,0,0,0,0,6.3,110,14.4,0.0,0.0,0.0,0.0,0.0,0.0,0.24,15.2,0.201,Genova,44.4056,8.9463
2026-04-24T23:00,13.4,83,10.6,12.8,0.0,0.0,0.0,0.0,0.0,0,1018.2,1016.9,0,0,0,0,5.8,92,13.7,0.0,0.0,0.0,0.0,0.0,0.0,0.26,14.3,0.201,Genova,44.4056,8.9463
2026-04-25T00:00,12.7,80,9.3,11.8,0.0,0.0,0.0,0.0,0.0,0,1018.2,1016.9,0,0,0,0,5.1,82,11.9,0.0,0.0,0.0,0.0,0.0,0.0,0.3,13.5,0.201,Genova,44.4056,8.9463
2026-04-25T01:00,12.1,74,7.6,10.8,0.0,0.0,0.0,0.0,0.0,0,1018.1,1016.8,0,0,0,0,4.5,61,10.8,0.0,0.0,0.0,0.0,0.0,0.0,0.37,12.7,0.201,Genova,44.4056,8.9463
2026-04-25T02:00,10.9,70,5.6,9.2,0.0,0.0,0.0,0.0,0.0,0,1018.0,1016.7,0,0,0,0,3.9,74,10.4,0.0,0.0,0.0,0.0,0.0,0.0,0.39,13.1,0.204,Genova,44.4056,8.9463
2026-04-25T03:00,11.4,65,5.0,9.7,0.0,0.0,0.0,0.0,0.0,0,1017.8,1016.5,0,0,0,0,3.2,71,8.6,0.0,0.0,0.0,0.0,0.0,0.0,0.48,12.2,0.204,Genova,44.4056,8.9463
2026-04-25T04:00,11.2,63,4.4,9.4,0.0,0.0,0.0,0.0,0.0,0,1017.6,1016.3,0,0,0,0,2.9,68,7.9,0.0,0.0,0.0,0.0,0.0,0.0,0.49,11.6,0.205,Genova,44.4056,8.9463
2026-04-25T05:00,10.9,61,3.8,9.1,0.0,0.0,0.0,0.0,0.0,0,1017.7,1016.4,0,0,0,0,2.5,60,7.2,0.0,0.0,0.0,0.0,0.0,0.0,0.51,11.0,0.205,Genova,44.4056,8.9463
2026-04-25T06:00,10.8,60,3.4,8.8,0.0,0.0,0.0,0.0,0.0,0,1017.6,1016.3,0,0,0,0,2.8,72,7.2,0.0,0.0,0.0,0.0,0.0,0.0,0.51,10.5,0.205,Genova,44.4056,8.9463
2026-04-25T07:00,11.3,59,3.5,9.2,0.0,0.0,0.0,0.0,0.0,0,1017.8,1016.5,0,0,0,0,3.4,72,9.0,11.0,3.0,8.0,46.7,73.81,0.01,0.55,10.2,0.205,Genova,44.4056,8.9463
2026-04-25T08:00,13.9,57,5.6,12.0,0.0,0.0,0.0,0.0,0.0,0,1018.4,1017.1,2,2,0,0,6.0,95,10.4,126.0,72.0,54.0,391.3,3600.0,0.07,0.68,10.4,0.207,Genova,44.4056,8.9463
2026-04-25T09:00,15.6,61,8.0,14.1,0.0,0.0,0.0,0.0,0.0,0,1018.4,1017.1,0,0,0,0,6.6,137,18.7,304.0,219.0,85.0,604.1,3600.0,0.16,0.7,12.1,0.206,Genova,44.4056,8.9463
2026-04-25T10:00,16.6,60,8.9,14.9,0.0,0.0,0.0,0.0,0.0,0,1018.2,1016.9,0,0,0,0,9.1,153,25.6,478.0,368.0,110.0,697.9,3600.0,0.26,0.75,13.7,0.206,Genova,44.4056,8.9463
2026-04-25T11:00,17.2,62,9.8,15.8,0.0,0.0,0.0,0.0,0.0,0,1018.3,1017.0,5,5,0,0,10.4,162,29.2,580.0,420.0,160.0,629.6,3600.0,0.32,0.75,15.1,0.204,Genova,44.4056,8.9463
2026-04-25T12:00,17.6,68,11.6,17.1,0.0,0.0,0.0,0.0,0.0,0,1018.1,1016.8,16,16,0,0,12.0,164,32.4,683.0,499.0,184.0,646.2,3600.0,0.37,0.65,16.3,0.203,Genova,44.4056,8.9463
2026-04-25T13:00,18.2,67,12.1,18.0,0.0,0.0,0.0,0.0,0.0,1,1017.8,1016.5,37,37,0,0,13.2,163,35.3,750.0,539.0,211.0,644.9,3600.0,0.41,0.68,17.4,0.201,Genova,44.4056,8.9463
2026-04-25T14:00,17.8,70,12.2,17.4,0.0,0.0,0.0,0.0,0.0,2,1017.7,1016.4,58,58,0,0,14.7,162,37.1,763.0,557.0,206.0,652.8,3600.0,0.4,0.62,18.1,0.209,Genova,44.4056,8.9463
2026-04-25T15:00,17.7,70,12.3,16.8,0.0,0.0,0.0,0.0,0.0,1,1017.4,1016.1,20,20,0,0,14.5,166,39.2,650.0,440.0,210.0,534.3,3600.0,0.35,0.6,18.4,0.208,Genova,44.4056,8.9463
2026-04-25T16:00,17.6,73,12.6,17.2,0.0,0.0,0.0,0.0,0.0,0,1017.1,1015.8,6,6,0,0,13.1,171,37.8,684.0,511.0,173.0,682.5,3600.0,0.36,0.55,18.7,0.207,Genova,44.4056,8.9463
2026-04-25T17:00,17.2,75,12.7,16.2,0.0,0.0,0.0,0.0,0.0,0,1016.7,1015.4,16,9,8,0,12.5,169,35.3,549.0,405.0,144.0,638.9,3600.0,0.29,0.49,18.6,0.206,Genova,44.4056,8.9463
2026-04-25T18:00,16.6,78,12.7,15.9,0.0,0.0,0.0,0.0,0.0,0,1016.6,1015.3,17,12,7,0,10.5,167,33.1,405.0,285.0,120.0,585.4,3600.0,0.21,0.43,18.3,0.205,Genova,44.4056,8.9463
2026-04-25T19:00,15.8,81,12.5,15.2,0.0,0.0,0.0,0.0,0.0,1,1016.8,1015.5,25,23,2,0,9.0,154,28.4,222.0,138.0,84.0,434.4,3600.0,0.11,0.35,17.6,0.205,Genova,44.4056,8.9463
2026-04-25T20:00,14.6,91,13.1,14.4,0.0,0.0,0.0,0.0,0.0,0,1017.0,1015.7,14,14,0,0,8.2,139,23.0,82.0,39.0,43.0,282.8,3600.0,0.03,0.15,17.2,0.2,Genova,44.4056,8.9463
2026-04-25T21:00,13.8,94,12.9,13.8,0.0,0.0,0.0,0.0,0.0,0,1017.3,1016.0,5,5,0,0,6.0,123,16.9,2.0,0.0,2.0,0.0,0.0,0.0,0.09,16.0,0.201,Genova,44.4056,8.9463
2026-04-25T22:00,13.7,93,12.6,13.5,0.0,0.0,0.0,0.0,0.0,1,1017.7,1016.4,20,20,0,0,6.6,119,13.7,0.0,0.0,0.0,0.0,0.0,0.0,0.1,15.1,0.201,Genova,44.4056,8.9463
2026-04-25T23:00,13.8,91,12.4,13.5,0.0,0.0,0.0,0.0,0.0,1,1017.8,1016.5,44,44,0,0,7.6,128,16.6,0.0,0.0,0.0,0.0,0.0,0.0,0.14,14.5,0.201,Genova,44.4056,8.9463
2026-04-26T00:00,13.8,90,12.2,13.6,0.0,0.0,0.0,0.0,0.0,1,1018.2,1016.9,47,47,0,0,6.4,133,16.2,0.0,0.0,0.0,0.0,0.0,0.0,0.16,14.1,0.202,Genova,44.4056,8.9463
2026-04-26T01:00,13.7,90,12.2,13.5,0.0,0.0,0.0,0.0,0.0,3,1018.4,1017.1,91,91,0,0,6.2,131,14.4,0.0,0.0,0.0,0.0,0.0,0.0,0.15,13.9,0.202,Genova,44.4056,8.9463
2026-04-26T02:00,13.5,89,11.8,13.0,0.0,0.0,0.0,0.0,0.0,3,1018.4,1017.1,100,100,0,0,7.0,116,13.7,0.0,0.0,0.0,0.0,0.0,0.0,0.16,15.1,0.206,Genova,44.4056,8.9463
2026-04-26T03:00,13.7,90,12.1,13.6,0.0,0.0,0.0,0.0,0.0,3,1018.2,1016.9,100,100,0,0,5.3,118,15.1,0.0,0.0,0.0,0.0,0.0,0.0,0.16,14.8,0.207,Genova,44.4056,8.9463
2026-04-26T04:00,13.6,92,12.3,13.6,0.0,0.0,0.0,0.0,0.0,3,1018.0,1016.7,100,100,0,0,5.0,105,11.9,0.0,0.0,0.0,0.0,0.0,0.0,0.13,14.6,0.207,Genova,44.4056,8.9463
2026-04-26T05:00,13.4,94,12.4,13.5,0.0,0.0,0.0,0.0,0.0,3,1017.9,1016.6,100,100,0,0,4.8,112,10.8,0.0,0.0,0.0,0.0,0.0,0.0,0.1,14.4,0.208,Genova,44.4056,8.9463
2026-04-26T06:00,13.2,96,12.7,13.3,0.0,0.0,0.0,0.0,0.0,3,1018.0,1016.7,100,100,0,0,5.2,115,10.4,0.0,0.0,0.0,0.0,0.0,0.0,0.05,14.2,0.208,Genova,44.4056,8.9463
2026-04-26T07:00,13.3,97,12.9,13.5,0.0,0.0,0.0,0.0,0.0,3,1018.4,1017.1,100,100,0,0,5.1,122,11.9,6.0,1.0,5.0,15.0,0.0,0.01,0.04,14.1,0.208,Genova,44.4056,8.9463
2026-04-26T08:00,13.7,96,13.2,13.7,0.0,0.0,0.0,0.0,0.0,3,1018.9,1017.6,100,100,0,0,7.1,135,15.1,61.0,11.0,50.0,58.4,0.0,0.03,0.06,15.6,0.21,Genova,44.4056,8.9463
2026-04-26T09:00,14.7,92,13.4,14.9,0.0,0.0,0.0,0.0,0.0,3,1019.2,1017.9,100,100,0,9,5.8,144,18.0,173.0,51.0,122.0,139.1,2372.93,0.09,0.13,15.6,0.21,Genova,44.4056,8.9463
2026-04-26T10:00,15.7,86,13.3,15.8,0.0,0.0,0.0,0.0,0.0,3,1019.3,1018.0,85,79,0,30,6.4,162,19.1,284.0,84.0,200.0,158.2,2944.66,0.15,0.26,16.0,0.21,Genova,44.4056,8.9463
2026-04-26T11:00,16.6,81,13.3,16.5,0.0,0.0,0.0,0.0,0.0,2,1019.6,1018.3,53,53,0,0,8.2,171,23.8,410.0,189.0,221.0,281.8,3600.0,0.23,0.36,16.6,0.21,Genova,44.4056,8.9463
2026-04-26T12:00,17.2,78,13.4,16.9,0.0,0.0,0.0,0.0,0.0,1,1020.0,1018.7,42,42,0,0,9.5,170,26.6,504.0,189.0,315.0,243.7,3600.0,0.28,0.42,17.3,0.209,Genova,44.4056,8.9463
2026-04-26T13:00,17.7,76,13.4,17.8,0.0,0.0,0.0,0.0,0.0,2,1020.1,1018.8,63,51,1,26,10.2,171,29.2,633.0,326.0,307.0,388.6,3600.0,0.35,0.49,18.1,0.208,Genova,44.4056,8.9463
2026-04-26T14:00,17.4,77,13.2,17.5,0.0,0.0,0.0,0.0,0.0,2,1019.9,1018.6,64,62,5,0,10.2,166,29.2,657.0,368.0,289.0,429.8,3600.0,0.36,0.46,18.7,0.214,Genova,44.4056,8.9463
2026-04-26T15:00,17.7,76,13.3,17.8,0.0,0.0,0.0,0.0,0.0,3,1019.7,1018.4,92,45,10,84,9.4,176,29.2,629.0,339.0,290.0,410.2,3600.0,0.35,0.49,19.0,0.213,Genova,44.4056,8.9463
2026-04-26T16:00,17.9,74,13.2,18.4,0.0,0.0,0.0,0.0,0.0,3,1019.2,1017.9,100,72,11,100,7.7,177,27.4,652.0,464.0,188.0,617.4,3600.0,0.36,0.53,19.3,0.211,Genova,44.4056,8.9463
2026-04-26T17:00,17.4,77,13.4,17.5,0.0,0.0,0.0,0.0,0.0,3,1019.0,1017.7,100,11,3,100,6.6,189,24.1,499.0,270.0,229.0,424.0,3600.0,0.28,0.46,19.3,0.21,Genova,44.4056,8.9463
2026-04-26T18:00,16.7,80,13.3,17.1,0.0,0.0,0.0,0.0,0.0,3,1019.0,1017.7,100,5,2,100,4.4,201,20.9,389.0,221.0,168.0,451.2,3600.0,0.21,0.37,19.0,0.21,Genova,44.4056,8.9463
2026-04-26T19:00,16.3,82,13.2,16.9,0.0,0.0,0.0,0.0,0.0,3,1018.9,1017.6,99,1,2,99,2.5,201,15.5,224.0,113.0,111.0,352.2,3600.0,0.12,0.33,18.4,0.209,Genova,44.4056,8.9463
2026-04-26T20:00,15.0,91,13.6,15.7,0.0,0.0,0.0,0.0,0.0,3,1019.0,1017.7,100,1,0,100,3.1,149,10.4,77.0,24.0,53.0,169.9,3296.12,0.03,0.15,17.8,0.204,Genova,44.4056,8.9463
2026-04-26T21:00,14.0,95,13.2,14.7,0.0,0.0,0.0,0.0,0.0,3,1019.4,1018.1,100,1,0,100,1.9,61,7.9,3.0,0.0,3.0,0.0,0.0,0.0,0.08,16.6,0.204,Genova,44.4056,8.9463
2026-04-26T22:00,13.8,94,12.9,14.4,0.0,0.0,0.0,0.0,0.0,2,1019.8,1018.5,77,5,0,77,2.1,52,6.5,0.0,0.0,0.0,0.0,0.0,0.0,0.09,15.6,0.205,Genova,44.4056,8.9463
2026-04-26T23:00,13.6,93,12.4,13.9,0.0,0.0,0.0,0.0,0.0,1,1020.1,1018.8,29,3,0,27,3.0,65,7.6,0.0,0.0,0.0,0.0,0.0,0.0,0.11,14.7,0.205,Genova,44.4056,8.9463
2026-04-27T00:00,12.9,93,11.7,13.0,0.0,0.0,0.0,0.0,0.0,2,1020.0,1018.7,63,1,0,63,2.6,56,7.6,0.0,0.0,0.0,0.0,0.0,0.0,0.11,14.0,0.205,Genova,44.4056,8.9463
2026-04-27T01:00,12.7,91,11.3,12.8,0.0,0.0,0.0,0.0,0.0,0,1020.1,1018.8,18,1,0,17,1.8,66,6.5,0.0,0.0,0.0,0.0,0.0,0.0,0.13,13.3,0.205,Genova,44.4056,8.9463
2026-04-27T02:00,12.2,89,10.5,12.0,0.0,0.0,0.0,0.0,0.0,1,1020.0,1018.7,47,2,0,46,2.6,74,5.4,0.0,0.0,0.0,0.0,0.0,0.0,0.16,13.8,0.209,Genova,44.4056,8.9463
2026-04-27T03:00,12.4,87,10.3,12.2,0.0,0.0,0.0,0.0,0.0,0,1019.6,1018.3,3,1,0,2,2.2,48,6.5,0.0,0.0,0.0,0.0,0.0,0.0,0.19,13.2,0.209,Genova,44.4056,8.9463
2026-04-27T04:00,12.6,84,9.9,12.2,0.0,0.0,0.0,0.0,0.0,0,1019.2,1017.9,0,0,0,0,3.0,52,7.6,0.0,0.0,0.0,0.0,0.0,0.0,0.24,12.7,0.209,Genova,44.4056,8.9463
2026-04-27T05:00,12.4,82,9.4,11.8,0.0,0.0,0.0,0.0,0.0,0,1019.3,1018.0,0,0,0,0,2.7,62,7.6,0.0,0.0,0.0,0.0,0.0,0.0,0.26,12.2,0.209,Genova,44.4056,8.9463
2026-04-27T06:00,12.4,80,9.0,11.7,0.0,0.0,0.0,0.0,0.0,0,1019.4,1018.1,0,0,0,0,3.1,62,7.2,0.0,0.0,0.0,0.0,0.0,0.0,0.29,11.9,0.21,Genova,44.4056,8.9463
2026-04-27T07:00,13.2,77,9.3,12.5,0.0,0.0,0.0,0.0,0.0,0,1019.5,1018.2,0,0,0,0,3.1,66,7.2,13.0,4.0,9.0,58.3,322.31,0.01,0.35,11.7,0.21,Genova,44.4056,8.9463
2026-04-27T08:00,15.3,77,11.3,15.0,0.0,0.0,0.0,0.0,0.0,0,1019.9,1018.6,0,0,0,0,4.7,94,8.3,129.0,73.0,56.0,379.0,3600.0,0.06,0.39,11.0,0.21,Genova,44.4056,8.9463
2026-04-27T09:00,16.5,78,12.6,16.8,0.0,0.0,0.0,0.0,0.0,0,1020.1,1018.8,1,1,0,0,3.6,150,12.6,306.0,221.0,85.0,596.2,3600.0,0.16,0.42,12.9,0.21,Genova,44.4056,8.9463
2026-04-27T10:00,17.6,76,13.4,17.9,0.0,0.0,0.0,0.0,0.0,0,1020.1,1018.8,0,0,0,0,5.5,171,18.0,485.0,379.0,106.0,708.6,3600.0,0.27,0.48,14.6,0.21,Genova,44.4056,8.9463
2026-04-27T11:00,18.4,75,13.9,19.1,0.0,0.0,0.0,0.0,0.0,0,1020.1,1018.8,0,0,0,0,7.4,181,23.0,644.0,525.0,119.0,778.9,3600.0,0.36,0.52,16.2,0.208,Genova,44.4056,8.9463
2026-04-27T12:00,18.9,75,14.3,20.4,0.0,0.0,0.0,0.0,0.0,0,1019.7,1018.4,0,0,0,0,8.0,190,25.2,765.0,636.0,129.0,816.7,3600.0,0.43,0.55,17.6,0.207,Genova,44.4056,8.9463
2026-04-27T13:00,19.3,74,14.5,21.2,0.0,0.0,0.0,0.0,0.0,0,1019.6,1018.3,0,0,0,0,7.6,195,25.2,815.0,671.0,144.0,797.1,3600.0,0.47,0.58,18.8,0.205,Genova,44.4056,8.9463
2026-04-27T14:00,19.3,73,14.2,21.2,0.0,0.0,0.0,0.0,0.0,0,1019.1,1017.8,3,3,0,0,7.2,193,24.8,818.0,669.0,149.0,778.8,3600.0,0.47,0.61,19.6,0.208,Genova,44.4056,8.9463
2026-04-27T15:00,19.3,74,14.7,21.0,0.0,0.0,0.0,0.0,0.0,0,1018.7,1017.4,5,5,0,0,8.9,189,27.0,786.0,620.0,166.0,747.8,3600.0,0.45,0.57,20.1,0.206,Genova,44.4056,8.9463
2026-04-27T16:00,19.0,75,14.5,20.1,0.0,0.0,0.0,0.0,0.0,0,1018.1,1016.8,6,2,2,2,8.6,191,27.0,710.0,568.0,142.0,753.1,3600.0,0.4,0.55,20.3,0.205,Genova,44.4056,8.9463
2026-04-27T17:00,18.4,76,14.1,18.8,0.0,0.0,0.0,0.0,0.0,0,1017.7,1016.4,5,0,2,4,8.0,196,25.9,581.0,454.0,127.0,709.9,3600.0,0.32,0.51,20.2,0.204,Genova,44.4056,8.9463
2026-04-27T18:00,17.7,74,13.0,18.0,0.0,0.0,0.0,0.0,0.0,0,1017.4,1016.1,2,0,2,1,4.7,187,23.8,425.0,318.0,107.0,645.4,3600.0,0.24,0.53,19.8,0.203,Genova,44.4056,8.9463
2026-04-27T19:00,17.3,73,12.4,17.5,0.0,0.0,0.0,0.0,0.0,0,1017.4,1016.1,5,0,4,1,4.2,175,16.2,249.0,168.0,81.0,518.6,3600.0,0.13,0.54,19.1,0.203,Genova,44.4056,8.9463
2026-04-27T20:00,15.6,89,13.7,16.5,0.0,0.0,0.0,0.0,0.0,0,1017.3,1016.0,11,0,9,2,1.9,151,12.6,86.0,43.0,43.0,297.3,3600.0,0.03,0.2,18.5,0.195,Genova,44.4056,8.9463
2026-04-27T21:00,14.5,92,13.2,15.3,0.0,0.0,0.0,0.0,0.0,0,1017.4,1016.1,12,0,12,0,2.0,80,6.1,3.0,0.0,3.0,0.0,0.0,0.0,0.13,17.0,0.196,Genova,44.4056,8.9463
2026-04-27T22:00,14.2,91,12.8,14.7,0.0,0.0,0.0,0.0,0.0,0,1017.6,1016.3,13,0,13,0,2.3,67,6.1,0.0,0.0,0.0,0.0,0.0,0.0,0.15,15.9,0.196,Genova,44.4056,8.9463
2026-04-27T23:00,14.0,88,12.1,14.2,0.0,0.0,0.0,0.0,0.0,0,1017.7,1016.4,12,0,11,1,2.8,75,6.8,0.0,0.0,0.0,0.0,0.0,0.0,0.19,15.0,0.196,Genova,44.4056,8.9463
2026-04-28T00:00,13.6,85,11.1,13.5,0.0,0.0,0.0,0.0,0.0,1,1017.7,1016.4,20,0,9,11,2.9,79,7.6,0.0,0.0,0.0,0.0,0.0,0.0,0.24,14.2,0.197,Genova,44.4056,8.9463
2026-04-28T01:00,13.4,80,10.0,12.9,0.0,0.0,0.0,0.0,0.0,1,1017.7,1016.4,23,0,8,16,3.1,69,7.9,0.0,0.0,0.0,0.0,0.0,0.0,0.31,13.6,0.197,Genova,44.4056,8.9463
2026-04-28T02:00,12.9,77,8.9,11.9,0.0,0.0,0.0,0.0,0.0,0,1017.6,1016.3,16,0,3,13,4.5,85,8.3,0.0,0.0,0.0,0.0,0.0,0.0,0.34,14.1,0.199,Genova,44.4056,8.9463
2026-04-28T03:00,13.4,70,8.0,12.3,0.0,0.0,0.0,0.0,0.0,0,1017.0,1015.7,5,0,2,3,3.5,69,10.1,0.0,0.0,0.0,0.0,0.0,0.0,0.46,13.5,0.2,Genova,44.4056,8.9463
2026-04-28T04:00,13.0,67,7.0,11.8,0.0,0.0,0.0,0.0,0.0,1,1016.7,1015.4,29,0,2,27,2.9,60,8.6,0.0,0.0,0.0,0.0,0.0,0.0,0.49,12.9,0.2,Genova,44.4056,8.9463
2026-04-28T05:00,12.7,66,6.5,11.5,0.0,0.0,0.0,0.0,0.0,1,1016.6,1015.3,47,0,0,47,2.6,51,7.6,0.0,0.0,0.0,0.0,0.0,0.0,0.5,12.3,0.2,Genova,44.4056,8.9463
2026-04-28T06:00,12.5,66,6.3,11.1,0.0,0.0,0.0,0.0,0.0,0,1016.3,1015.0,4,0,2,2,3.6,87,9.0,0.0,0.0,0.0,0.0,0.0,0.0,0.5,11.9,0.2,Genova,44.4056,8.9463
2026-04-28T07:00,13.0,68,7.1,11.8,0.0,0.0,0.0,0.0,0.0,0,1016.5,1015.2,2,0,1,2,2.9,97,9.0,15.0,4.0,11.0,56.6,279.72,0.01,0.48,11.7,0.2,Genova,44.4056,8.9463
2026-04-28T08:00,15.4,67,9.3,14.5,0.0,0.0,0.0,0.0,0.0,1,1016.7,1015.4,30,0,3,29,4.8,132,8.3,130.0,71.0,59.0,360.8,3600.0,0.07,0.58,11.7,0.201,Genova,44.4056,8.9463
2026-04-28T09:00,16.5,71,11.2,16.3,0.0,0.0,0.0,0.0,0.0,3,1016.9,1015.6,95,1,5,95,4.0,170,14.0,299.0,208.0,91.0,555.3,3600.0,0.16,0.55,13.3,0.201,Genova,44.4056,8.9463
2026-04-28T10:00,17.6,67,11.4,17.2,0.0,0.0,0.0,0.0,0.0,3,1017.0,1015.7,95,1,3,95,5.1,170,17.6,457.0,330.0,127.0,612.8,3600.0,0.26,0.66,14.9,0.2,Genova,44.4056,8.9463
2026-04-28T11:00,18.6,65,12.0,18.6,0.0,0.0,0.0,0.0,0.0,3,1017.1,1015.8,95,0,0,95,7.0,180,22.7,630.0,483.0,147.0,713.0,3600.0,0.36,0.74,16.4,0.199,Genova,44.4056,8.9463
2026-04-28T12:00,19.4,65,12.7,20.3,0.0,0.0,0.0,0.0,0.0,3,1016.9,1015.6,98,0,1,98,7.9,191,25.2,754.0,588.0,166.0,752.1,3600.0,0.44,0.79,17.8,0.198,Genova,44.4056,8.9463
2026-04-28T13:00,19.9,62,12.4,20.9,0.0,0.0,0.0,0.0,0.0,3,1016.5,1015.2,99,0,1,99,9.1,202,27.7,829.0,649.0,180.0,768.3,3600.0,0.49,0.88,18.9,0.196,Genova,44.4056,8.9463
2026-04-28T14:00,20.5,54,11.0,21.6,0.0,0.0,0.0,0.0,0.0,3,1016.3,1015.0,100,0,5,100,6.7,204,27.7,835.0,639.0,196.0,741.5,3600.0,0.51,1.1,19.9,0.198,Genova,44.4056,8.9463
2026-04-28T15:00,20.9,52,10.5,21.0,0.0,0.0,0.0,0.0,0.0,3,1015.9,1014.6,100,0,16,100,9.6,206,28.1,778.0,536.0,242.0,644.4,3600.0,0.48,1.2,20.4,0.197,Genova,44.4056,8.9463
2026-04-28T16:00,20.5,49,9.4,20.0,0.0,0.0,0.0,0.0,0.0,2,1015.4,1014.1,61,0,2,60,8.8,206,28.1,699.0,480.0,219.0,634.1,3600.0,0.44,1.24,20.6,0.195,Genova,44.4056,8.9463
2026-04-28T17:00,20.0,50,9.4,19.1,0.0,0.0,0.0,0.0,0.0,3,1015.1,1013.8,85,0,2,85,7.0,198,25.6,602.0,464.0,138.0,722.4,3600.0,0.37,1.16,20.5,0.193,Genova,44.4056,8.9463
2026-04-28T18:00,19.3,54,9.8,18.5,0.0,0.0,0.0,0.0,0.0,2,1014.9,1013.6,50,0,1,49,5.2,200,21.2,434.0,309.0,125.0,623.5,3600.0,0.26,1.02,20.2,0.192,Genova,44.4056,8.9463
2026-04-28T19:00,18.4,61,10.8,18.1,0.0,0.0,0.0,0.0,0.0,3,1014.7,1013.4,94,0,0,94,3.1,204,16.6,258.0,166.0,92.0,507.6,3600.0,0.14,0.82,19.5,0.191,Genova,44.4056,8.9463
2026-04-28T20:00,16.9,77,12.9,17.7,0.0,0.0,0.0,0.0,0.0,2,1014.8,1013.5,63,0,1,63,0.5,90,8.6,88.0,37.0,51.0,250.1,3600.0,0.03,0.44,18.8,0.187,Genova,44.4056,8.9463
2026-04-28T21:00,15.7,79,12.1,16.0,0.0,0.0,0.0,0.0,0.0,3,1015.2,1013.9,100,0,0,100,2.4,36,5.8,4.0,0.0,4.0,0.0,0.0,0.0,0.37,17.2,0.187,Genova,44.4056,8.9463
2026-04-28T22:00,15.5,73,10.6,15.3,0.0,0.0,0.0,0.0,0.0,3,1015.6,1014.3,99,0,0,99,3.1,24,9.4,0.0,0.0,0.0,0.0,0.0,0.0,0.48,16.1,0.188,Genova,44.4056,8.9463
2026-04-28T23:00,14.9,67,8.9,14.2,0.0,0.0,0.0,0.0,0.0,2,1015.6,1014.3,62,0,1,61,3.0,33,9.7,0.0,0.0,0.0,0.0,0.0,0.0,0.55,15.4,0.188,Genova,44.4056,8.9463
2026-04-29T00:00,14.2,65,7.7,13.1,0.0,0.0,0.0,0.0,0.0,3,1015.5,1014.2,98,0,0,98,3.4,25,11.2,0.0,0.0,0.0,0.0,0.0,0.0,0.57,14.7,0.188,Genova,44.4056,8.9463
2026-04-29T01:00,12.1,71,7.1,10.4,0.0,0.0,0.0,0.0,0.0,3,1015.6,1014.3,91,0,0,91,7.0,18,17.3,0.0,0.0,0.0,0.0,0.0,0.01,0.4,14.2,0.188,Genova,44.4056,8.9463
2026-04-29T02:00,13.5,66,7.3,12.0,0.0,0.0,0.0,0.0,0.0,3,1015.8,1014.5,99,0,0,99,5.3,24,20.2,0.0,0.0,0.0,0.0,0.0,0.01,0.52,14.8,0.188,Genova,44.4056,8.9463
2026-04-29T03:00,11.8,72,6.9,9.9,0.0,0.0,0.0,0.0,0.0,3,1015.7,1014.4,99,0,0,99,7.2,18,18.0,0.0,0.0,0.0,0.0,0.0,0.01,0.39,14.1,0.188,Genova,44.4056,8.9463
2026-04-29T04:00,11.2,79,7.7,9.0,0.0,0.0,0.0,0.0,0.0,3,1015.7,1014.4,98,0,0,98,11.0,11,23.4,0.0,0.0,0.0,0.0,0.0,0.01,0.28,13.6,0.188,Genova,44.4056,8.9463
2026-04-29T05:00,10.9,85,8.4,8.7,0.0,0.0,0.0,0.0,0.0,2,1015.8,1014.5,57,0,0,57,12.3,12,25.9,0.0,0.0,0.0,0.0,0.0,0.01,0.2,13.2,0.188,Genova,44.4056,8.9463
2026-04-29T06:00,10.4,90,8.9,8.4,0.0,0.0,0.0,0.0,0.0,0,1015.5,1014.2,13,0,0,13,11.5,14,25.9,0.0,0.0,0.0,0.0,0.0,0.0,0.12,12.8,0.188,Genova,44.4056,8.9463
2026-04-29T07:00,10.9,89,9.1,9.0,0.0,0.0,0.0,0.0,0.0,1,1015.6,1014.3,42,0,0,42,11.0,15,24.8,17.0,5.0,12.0,68.7,576.75,0.01,0.14,12.5,0.189,Genova,44.4056,8.9463
2026-04-29T08:00,15.0,80,11.6,13.9,0.0,0.0,0.0,0.0,0.0,3,1015.8,1014.5,86,3,0,85,10.4,360,23.8,139.0,76.0,63.0,378.3,3600.0,0.07,0.34,12.3,0.198,Genova,44.4056,8.9463
2026-04-29T09:00,17.6,77,13.4,17.6,0.0,0.0,0.0,0.0,0.0,1,1016.2,1014.9,38,5,0,34,7.4,342,23.0,303.0,202.0,101.0,533.8,3600.0,0.16,0.47,13.8,0.198,Genova,44.4056,8.9463
2026-04-29T10:00,19.3,71,13.9,20.0,0.0,0.0,0.0,0.0,0.0,2,1016.3,1015.0,60,1,0,59,4.3,287,18.4,482.0,358.0,124.0,660.5,3600.0,0.28,0.65,15.5,0.197,Genova,44.4056,8.9463
2026-04-29T11:00,20.3,66,13.8,21.4,0.0,0.0,0.0,0.0,0.0,2,1016.4,1015.1,54,13,0,48,5.0,255,18.7,640.0,490.0,150.0,719.9,3600.0,0.39,0.81,17.2,0.196,Genova,44.4056,8.9463
2026-04-29T12:00,21.1,59,12.8,22.5,0.0,0.0,0.0,0.0,0.0,1,1016.3,1015.0,38,12,7,24,5.2,243,19.8,743.0,579.0,164.0,737.7,3600.0,0.46,1.03,18.7,0.194,Genova,44.4056,8.9463
2026-04-29T13:00,21.7,56,12.7,23.4,0.0,0.0,0.0,0.0,0.0,1,1016.0,1014.7,30,4,25,5,5.6,241,20.5,816.0,639.0,177.0,753.9,3600.0,0.51,1.13,19.9,0.193,Genova,44.4056,8.9463
2026-04-29T14:00,21.8,53,11.8,23.0,0.0,0.0,0.0,0.0,0.0,1,1016.0,1014.7,47,13,42,0,6.9,319,20.5,826.0,668.0,158.0,772.7,3600.0,0.52,1.23,20.7,0.201,Genova,44.4056,8.9463
2026-04-29T15:00,22.5,51,11.7,23.2,0.3,0.3,0.0,0.0,0.0,51,1015.7,1014.4,64,1,64,0,6.0,319,22.3,721.0,534.0,187.0,639.9,3600.0,0.47,1.34,21.2,0.202,Genova,44.4056,8.9463
2026-04-29T16:00,22.3,54,12.5,23.5,0.6,0.6,0.0,0.0,0.0,53,1015.4,1014.1,60,19,58,3,1.7,238,19.4,644.0,472.0,172.0,621.4,3600.0,0.42,1.25,21.6,0.206,Genova,44.4056,8.9463
2026-04-29T17:00,21.6,62,13.9,22.3,0.1,0.1,0.0,0.0,0.0,51,1015.0,1013.7,62,0,59,5,4.0,188,15.5,484.0,310.0,174.0,480.6,3600.0,0.31,0.98,21.5,0.205,Genova,44.4056,8.9463
2026-04-29T18:00,21.0,67,14.8,22.2,0.0,0.0,0.0,0.0,0.0,0,1014.8,1013.5,13,0,13,0,3.1,201,15.5,375.0,236.0,139.0,473.4,3600.0,0.23,0.81,21.2,0.204,Genova,44.4056,8.9463
2026-04-29T19:00,20.3,73,15.2,21.5,0.0,0.0,0.0,0.0,0.0,0,1014.8,1013.5,9,0,9,0,3.2,214,12.6,228.0,140.0,88.0,424.2,3600.0,0.13,0.65,20.6,0.204,Genova,44.4056,8.9463
2026-04-29T20:00,19.3,76,15.0,20.2,0.0,0.0,0.0,0.0,0.0,1,1014.7,1013.4,27,0,9,20,5.1,354,9.4,82.0,37.0,45.0,244.7,3600.0,0.05,0.54,20.1,0.186,Genova,44.4056,8.9463
2026-04-29T21:00,17.7,75,13.3,17.8,0.0,0.0,0.0,0.0,0.0,2,1015.0,1013.7,68,1,6,66,6.8,18,14.4,4.0,0.0,4.0,0.0,0.0,0.02,0.5,18.7,0.186,Genova,44.4056,8.9463
2026-04-29T22:00,16.1,78,12.2,15.2,0.0,0.0,0.0,0.0,0.0,3,1015.7,1014.4,100,5,6,100,10.6,26,22.0,0.0,0.0,0.0,0.0,0.0,0.02,0.4,17.8,0.186,Genova,44.4056,8.9463
2026-04-29T23:00,15.6,78,11.7,14.4,0.0,0.0,0.0,0.0,0.0,3,1016.2,1014.9,99,0,0,99,11.8,24,25.6,0.0,0.0,0.0,0.0,0.0,0.02,0.39,17.1,0.187,Genova,44.4056,8.9463
2026-04-30T00:00,15.0,80,11.5,13.9,0.0,0.0,0.0,0.0,0.0,1,1016.8,1015.5,33,1,2,31,10.4,21,25.2,0.0,0.0,0.0,0.0,0.0,0.01,0.34,16.5,0.187,Genova,44.4056,8.9463
2026-04-30T01:00,14.2,84,11.6,13.2,0.0,0.0,0.0,0.0,0.0,0,1017.4,1016.1,13,4,10,3,9.8,18,22.3,0.0,0.0,0.0,0.0,0.0,0.0,0.25,16.0,0.187,Genova,44.4056,8.9463
2026-04-30T02:00,14.6,85,12.1,13.5,0.0,0.0,0.0,0.0,0.0,2,1017.1,1015.8,78,9,75,20,11.6,24,21.6,0.0,0.0,0.0,0.0,0.0,0.01,0.25,18.7,0.166,Genova,44.4056,8.9463
2026-04-30T03:00,15.4,81,12.2,14.1,0.0,0.0,0.0,0.0,0.0,3,1017.3,1016.0,100,13,100,33,13.8,21,28.4,0.0,0.0,0.0,0.0,0.0,0.02,0.33,17.7,0.166,Genova,44.4056,8.9463
2026-04-30T04:00,14.7,82,11.6,13.1,0.0,0.0,0.0,0.0,0.0,3,1017.5,1016.2,94,12,92,77,14.3,19,29.5,0.0,0.0,0.0,0.0,0.0,0.02,0.31,16.9,0.166,Genova,44.4056,8.9463
2026-04-30T05:00,14.2,80,10.8,12.2,0.0,0.0,0.0,0.0,0.0,1,1017.8,1016.5,20,3,13,9,15.4,18,32.0,0.0,0.0,0.0,0.0,0.0,0.02,0.32,16.3,0.167,Genova,44.4056,8.9463
2026-04-30T06:00,13.9,78,10.1,11.7,0.0,0.0,0.0,0.0,0.0,3,1018.2,1016.9,96,0,96,0,15.3,17,32.4,0.0,0.0,0.0,0.0,0.0,0.03,0.35,15.7,0.167,Genova,44.4056,8.9463
2026-04-30T07:00,14.2,76,10.0,12.1,0.0,0.0,0.0,0.0,0.0,3,1018.9,1017.6,95,2,94,0,14.8,16,32.0,15.0,3.0,12.0,40.1,0.0,0.04,0.4,15.4,0.167,Genova,44.4056,8.9463
2026-04-30T08:00,15.8,72,10.8,14.2,0.0,0.0,0.0,0.0,0.0,0,1019.4,1018.1,10,2,9,0,12.6,2,31.7,102.0,33.0,69.0,161.1,3031.99,0.08,0.5,16.3,0.16,Genova,44.4056,8.9463
2026-04-30T09:00,17.4,68,11.4,16.5,0.0,0.0,0.0,0.0,0.0,1,1020.0,1018.7,32,4,29,0,9.3,336,29.2,310.0,193.0,117.0,505.1,3600.0,0.18,0.64,16.8,0.16,Genova,44.4056,8.9463
2026-04-30T10:00,18.1,68,12.0,16.9,0.0,0.0,0.0,0.0,0.0,2,1020.5,1019.2,52,22,38,0,12.3,342,32.0,465.0,300.0,165.0,550.0,3600.0,0.26,0.67,17.6,0.159,Genova,44.4056,8.9463
2026-04-30T11:00,18.7,62,11.4,16.8,0.0,0.0,0.0,0.0,0.0,0,1021.0,1019.7,14,12,3,0,15.8,346,39.6,551.0,353.0,198.0,516.2,3600.0,0.32,0.81,18.3,0.158,Genova,44.4056,8.9463
2026-04-30T12:00,20.1,57,11.2,19.1,0.0,0.0,0.0,0.0,0.0,0,1021.1,1019.8,16,8,10,0,14.5,337,39.6,690.0,493.0,197.0,625.8,3600.0,0.42,1.02,19.3,0.157,Genova,44.4056,8.9463
2026-04-30T13:00,20.9,57,12.0,20.9,0.4,0.4,0.0,0.0,0.0,51,1021.1,1019.8,63,42,39,0,13.5,341,37.8,797.0,588.0,209.0,691.5,3600.0,0.48,1.06,20.2,0.16,Genova,44.4056,8.9463
2026-04-30T14:00,21.3,52,11.1,20.7,0.0,0.0,0.0,0.0,0.0,1,1020.7,1019.4,39,26,24,0,16.1,332,34.9,816.0,642.0,174.0,740.4,3600.0,0.5,1.22,20.1,0.175,Genova,44.4056,8.9463
2026-04-30T15:00,21.6,48,10.2,20.1,0.1,0.1,0.0,0.0,0.0,51,1020.6,1019.3,48,11,48,0,14.1,341,39.2,643.0,405.0,238.0,483.9,3600.0,0.43,1.34,20.5,0.175,Genova,44.4056,8.9463
2026-04-30T16:00,21.9,44,9.2,20.1,0.0,0.0,0.0,0.0,0.0,1,1020.2,1018.9,38,10,38,0,11.3,340,34.9,556.0,335.0,221.0,439.5,3600.0,0.39,1.47,20.8,0.174,Genova,44.4056,8.9463
2026-04-30T17:00,21.8,42,8.3,19.8,0.0,0.0,0.0,0.0,0.0,1,1019.9,1018.6,33,9,30,0,10.3,1,28.4,467.0,277.0,190.0,427.7,3600.0,0.34,1.51,20.9,0.173,Genova,44.4056,8.9463
2026-04-30T18:00,21.0,44,8.2,19.1,0.0,0.0,0.0,0.0,0.0,0,1020.3,1019.0,16,8,15,0,10.1,359,25.2,381.0,220.0,161.0,438.9,3600.0,0.27,1.4,20.8,0.171,Genova,44.4056,8.9463
2026-04-30T19:00,19.6,51,9.2,17.9,0.0,0.0,0.0,0.0,0.0,0,1020.8,1019.5,2,0,2,0,10.7,344,24.8,246.0,154.0,92.0,462.4,3600.0,0.18,1.12,20.2,0.171,Genova,44.4056,8.9463
2026-04-30T20:00,17.6,52,7.7,14.9,0.0,0.0,0.0,0.0,0.0,0,1020.9,1019.6,0,0,0,0,14.5,346,26.6,92.0,44.0,48.0,284.9,3600.0,0.12,0.97,19.6,0.159,Genova,44.4056,8.9463
2026-04-30T21:00,15.5,52,5.7,12.1,0.0,0.0,0.0,0.0,0.0,0,1021.6,1020.3,0,0,0,0,16.0,357,34.6,5.0,1.0,4.0,19.1,0.0,0.09,0.84,18.3,0.159,Genova,44.4056,8.9463
2026-04-30T22:00,14.0,51,4.1,10.2,0.0,0.0,0.0,0.0,0.0,0,1022.3,1021.0,0,0,0,0,16.2,2,35.3,0.0,0.0,0.0,0.0,0.0,0.08,0.78,17.1,0.159,Genova,44.4056,8.9463
2026-04-30T23:00,12.9,48,2.2,8.5,0.0,0.0,0.0,0.0,0.0,0,1022.6,1021.3,0,0,0,0,17.9,9,37.4,0.0,0.0,0.0,0.0,0.0,0.09,0.77,16.1,0.159,Genova,44.4056,8.9463
2026-05-01T00:00,12.4,40,-0.8,7.5,0.0,0.0,0.0,0.0,0.0,0,1023.0,1021.7,0,0,0,0,18.0,7,38.2,0.0,0.0,0.0,0.0,0.0,0.1,0.86,15.2,0.158,Genova,44.4056,8.9463
2026-05-01T01:00,12.0,32,-4.1,6.7,0.0,0.0,0.0,0.0,0.0,0,1023.2,1021.9,0,0,0,0,17.8,11,37.8,0.0,0.0,0.0,0.0,0.0,0.11,0.95,14.5,0.158,Genova,44.4056,8.9463
2026-05-01T02:00,13.2,27,-5.3,7.8,0.0,0.0,0.0,0.0,0.0,0,1023.1,1021.8,0,0,0,0,17.2,13,36.4,0.0,0.0,0.0,0.0,0.0,0.13,1.1,16.6,0.161,Genova,44.4056,8.9463
2026-05-01T03:00,12.5,31,-4.1,7.8,0.0,0.0,0.0,0.0,0.0,0,1023.5,1022.2,0,0,0,0,14.0,7,36.4,0.0,0.0,0.0,0.0,0.0,0.1,1.0,15.5,0.16,Genova,44.4056,8.9463
2026-05-01T04:00,11.1,37,-3.0,6.2,0.0,0.0,0.0,0.0,0.0,0,1023.9,1022.5,0,0,0,0,16.3,11,33.1,0.0,0.0,0.0,0.0,0.0,0.1,0.83,14.6,0.16,Genova,44.4056,8.9463
2026-05-01T05:00,10.7,38,-3.1,5.6,0.0,0.0,0.0,0.0,0.0,0,1024.2,1022.8,0,0,0,0,17.3,17,36.0,0.0,0.0,0.0,0.0,0.0,0.1,0.8,13.8,0.16,Genova,44.4056,8.9463
2026-05-01T06:00,10.5,38,-3.1,5.5,0.0,0.0,0.0,0.0,0.0,0,1024.4,1023.0,0,0,0,0,16.9,12,36.0,0.0,0.0,0.0,0.0,0.0,0.09,0.78,13.2,0.16,Genova,44.4056,8.9463
2026-05-01T07:00,10.6,41,-2.1,5.7,0.0,0.0,0.0,0.0,0.0,0,1024.8,1023.4,0,0,0,0,17.2,10,36.4,20.0,6.0,14.0,78.3,837.69,0.09,0.76,12.8,0.16,Genova,44.4056,8.9463
2026-05-01T08:00,12.9,41,0.0,8.2,0.0,0.0,0.0,0.0,0.0,0,1025.2,1023.9,0,0,0,0,17.6,6,36.4,147.0,86.0,61.0,411.9,3600.0,0.14,0.87,14.0,0.157,Genova,44.4056,8.9463
2026-05-01T09:00,15.5,39,1.8,11.5,0.0,0.0,0.0,0.0,0.0,0,1025.5,1024.2,0,0,0,0,15.3,359,38.2,324.0,233.0,91.0,604.1,3600.0,0.22,1.07,14.6,0.156,Genova,44.4056,8.9463
2026-05-01T10:00,17.6,37,2.9,14.1,0.0,0.0,0.0,0.0,0.0,0,1025.8,1024.5,0,0,0,0,12.5,353,35.3,507.0,398.0,109.0,725.2,3600.0,0.32,1.26,15.7,0.156,Genova,44.4056,8.9463
2026-05-01T11:00,18.8,39,4.5,16.2,0.0,0.0,0.0,0.0,0.0,0,1026.2,1024.9,0,0,0,0,13.0,346,33.1,665.0,544.0,121.0,791.9,3600.0,0.41,1.33,17.0,0.155,Genova,44.4056,8.9463
2026-05-01T12:00,19.9,41,6.2,18.3,0.0,0.0,0.0,0.0,0.0,0,1026.3,1025.0,0,0,0,0,13.0,349,35.3,782.0,648.0,134.0,819.6,3600.0,0.48,1.37,18.3,0.153,Genova,44.4056,8.9463
2026-05-01T13:00,21.1,38,6.1,20.6,0.0,0.0,0.0,0.0,0.0,0,1025.9,1024.6,0,0,0,0,9.3,344,34.2,859.0,722.0,137.0,846.4,3600.0,0.54,1.57,19.6,0.152,Genova,44.4056,8.9463
2026-05-01T14:00,21.8,35,5.6,20.7,0.0,0.0,0.0,0.0,0.0,0,1024.9,1023.6,0,0,0,0,12.6,2,26.6,880.0,742.0,138.0,853.2,3600.0,0.57,1.7,20.7,0.151,Genova,44.4056,8.9463
2026-05-01T15:00,22.4,34,5.8,21.1,0.0,0.0,0.0,0.0,0.0,0,1024.5,1023.2,0,0,0,0,13.2,353,33.8,850.0,717.0,133.0,854.1,3600.0,0.56,1.79,21.4,0.149,Genova,44.4056,8.9463
2026-05-01T16:00,22.3,34,5.6,20.1,0.0,0.0,0.0,0.0,0.0,0,1024.1,1022.8,0,0,0,0,15.2,346,37.8,761.0,633.0,128.0,827.8,3600.0,0.52,1.78,21.8,0.148,Genova,44.4056,8.9463
2026-05-01T17:00,22.1,34,5.6,19.2,0.0,0.0,0.0,0.0,0.0,0,1023.8,1022.5,0,0,0,0,15.2,350,38.5,626.0,507.0,119.0,779.7,3600.0,0.44,1.74,21.8,0.146,Genova,44.4056,8.9463
2026-05-01T18:00,21.5,36,5.7,18.4,0.0,0.0,0.0,0.0,0.0,0,1023.8,1022.5,0,0,0,0,13.6,354,37.1,457.0,352.0,105.0,698.4,3600.0,0.34,1.65,21.5,0.146,Genova,44.4056,8.9463
2026-05-01T19:00,20.2,44,7.5,18.0,0.0,0.0,0.0,0.0,0.0,0,1023.9,1022.6,0,0,0,0,10.5,347,31.7,273.0,189.0,84.0,562.5,3600.0,0.2,1.32,20.8,0.145,Genova,44.4056,8.9463
2026-05-01T20:00,18.1,48,6.8,15.3,0.0,0.0,0.0,0.0,0.0,0,1024.0,1022.7,0,0,0,0,13.5,352,23.0,101.0,52.0,49.0,329.8,3600.0,0.12,1.09,20.0,0.135,Genova,44.4056,8.9463
2026-05-01T21:00,15.8,53,6.1,12.9,0.0,0.0,0.0,0.0,0.0,0,1024.3,1023.0,0,0,0,0,13.6,7,28.1,6.0,1.0,5.0,19.1,0.0,0.07,0.85,18.7,0.135,Genova,44.4056,8.9463
2026-05-01T22:00,14.5,58,6.3,11.5,0.0,0.0,0.0,0.0,0.0,0,1025.1,1023.8,0,0,0,0,14.2,16,29.9,0.0,0.0,0.0,0.0,0.0,0.06,0.7,17.5,0.135,Genova,44.4056,8.9463
2026-05-01T23:00,13.7,59,5.9,10.6,0.0,0.0,0.0,0.0,0.0,0,1025.5,1024.2,0,0,0,0,14.2,18,30.2,0.0,0.0,0.0,0.0,0.0,0.06,0.64,16.6,0.135,Genova,44.4056,8.9463
2026-05-02T00:00,13.3,58,5.1,10.1,0.0,0.0,0.0,0.0,0.0,0,1025.7,1024.4,0,0,0,0,14.0,15,29.9,0.0,0.0,0.0,0.0,0.0,0.06,0.65,15.8,0.135,Genova,44.4056,8.9463
2026-05-02T01:00,12.3,59,4.5,9.0,0.0,0.0,0.0,0.0,0.0,0,1025.9,1024.6,0,0,0,0,13.4,17,29.2,0.0,0.0,0.0,0.0,0.0,0.05,0.59,15.2,0.135,Genova,44.4056,8.9463
2026-05-02T02:00,11.4,62,4.3,8.4,0.0,0.0,0.0,0.0,0.0,0,1026.0,1024.6,0,0,0,0,10.9,17,27.4,0.0,0.0,0.0,0.0,0.0,0.04,0.52,16.3,0.135,Genova,44.4056,8.9463
2026-05-02T03:00,10.9,63,4.2,8.6,0.0,0.0,0.0,0.0,0.0,0,1026.0,1024.6,0,0,0,0,6.3,20,23.4,0.0,0.0,0.0,0.0,0.0,0.01,0.48,15.2,0.135,Genova,44.4056,8.9463
2026-05-02T04:00,11.1,61,3.7,9.0,0.0,0.0,0.0,0.0,0.0,0,1026.0,1024.6,0,0,0,0,3.7,23,17.6,0.0,0.0,0.0,0.0,0.0,0.0,0.52,14.3,0.135,Genova,44.4056,8.9463
2026-05-02T05:00,10.9,59,3.1,8.6,0.0,0.0,0.0,0.0,0.0,0,1026.1,1024.7,2,0,0,2,4.8,20,15.1,0.0,0.0,0.0,0.0,0.0,0.01,0.54,13.7,0.135,Genova,44.4056,8.9463
2026-05-02T06:00,10.8,57,2.5,8.4,0.0,0.0,0.0,0.0,0.0,0,1026.2,1024.8,13,0,0,13,4.8,15,15.5,0.0,0.0,0.0,0.0,0.0,0.01,0.56,13.2,0.135,Genova,44.4056,8.9463
2026-05-02T07:00,10.8,60,3.3,8.5,0.0,0.0,0.0,0.0,0.0,1,1026.2,1024.8,23,0,0,23,4.7,18,16.2,20.0,6.0,14.0,76.4,800.2,0.02,0.52,12.9,0.135,Genova,44.4056,8.9463
2026-05-02T08:00,13.1,71,8.0,11.8,0.0,0.0,0.0,0.0,0.0,2,1026.2,1024.9,78,0,0,78,5.2,16,15.1,148.0,84.0,64.0,395.2,3600.0,0.07,0.44,13.2,0.14,Genova,44.4056,8.9463
2026-05-02T09:00,17.4,51,7.1,16.0,0.0,0.0,0.0,0.0,0.0,3,1026.2,1024.9,98,0,0,98,4.8,338,14.4,326.0,228.0,98.0,585.8,3600.0,0.19,0.98,14.6,0.14,Genova,44.4056,8.9463
2026-05-02T10:00,18.9,42,5.7,17.3,0.0,0.0,0.0,0.0,0.0,2,1026.2,1024.9,52,0,0,52,3.5,291,14.4,508.0,390.0,118.0,706.5,3600.0,0.3,1.26,16.1,0.139,Genova,44.4056,8.9463
2026-05-02T11:00,20.0,41,6.3,19.2,0.0,0.0,0.0,0.0,0.0,1,1026.2,1024.9,27,0,0,27,4.6,244,18.0,668.0,539.0,129.0,781.3,3600.0,0.41,1.39,17.8,0.138,Genova,44.4056,8.9463
2026-05-02T12:00,20.7,43,7.6,20.7,0.0,0.0,0.0,0.0,0.0,2,1025.7,1024.4,59,0,0,59,6.2,232,21.6,790.0,652.0,138.0,821.7,3600.0,0.49,1.4,19.3,0.137,Genova,44.4056,8.9463
2026-05-02T13:00,21.2,46,9.2,21.5,0.0,0.0,0.0,0.0,0.0,3,1025.2,1023.9,87,0,0,87,8.8,226,27.0,864.0,722.0,142.0,843.9,3600.0,0.54,1.35,20.5,0.136,Genova,44.4056,8.9463
2026-05-02T14:00,20.7,51,10.1,20.9,0.0,0.0,0.0,0.0,0.0,3,1024.2,1022.9,82,0,0,82,11.5,235,34.2,877.0,723.0,154.0,829.0,3600.0,0.53,1.2,21.2,0.136,Genova,44.4056,8.9463
2026-05-02T15:00,20.8,47,9.1,20.2,0.0,0.0,0.0,0.0,0.0,1,1023.7,1022.4,31,0,0,31,13.1,228,35.6,838.0,684.0,154.0,812.4,3600.0,0.51,1.29,21.7,0.135,Genova,44.4056,8.9463
2026-05-02T16:00,19.6,45,7.5,18.2,0.0,0.0,0.0,0.0,0.0,0,1023.5,1022.2,5,0,0,5,13.3,213,36.7,756.0,623.0,133.0,812.1,3600.0,0.46,1.25,21.8,0.134,Genova,44.4056,8.9463
2026-05-02T17:00,18.6,47,7.1,17.2,0.0,0.0,0.0,0.0,0.0,0,1023.0,1021.7,3,0,0,3,7.5,200,34.6,623.0,502.0,121.0,769.0,3600.0,0.37,1.14,21.6,0.134,Genova,44.4056,8.9463
2026-05-02T18:00,18.3,46,6.6,16.9,0.0,0.0,0.0,0.0,0.0,1,1022.4,1021.1,24,0,0,24,3.1,183,22.7,456.0,349.0,107.0,688.7,3600.0,0.26,1.13,21.1,0.133,Genova,44.4056,8.9463
2026-05-02T19:00,17.9,48,6.8,16.6,0.0,0.0,0.0,0.0,0.0,3,1022.0,1020.7,84,0,0,84,2.8,140,13.3,273.0,187.0,86.0,551.7,3600.0,0.15,1.06,20.3,0.133,Genova,44.4056,8.9463
2026-05-02T20:00,16.1,66,9.8,15.6,0.0,0.0,0.0,0.0,0.0,2,1021.6,1020.3,55,0,0,55,3.6,84,9.7,102.0,50.0,52.0,310.9,3600.0,0.05,0.62,19.5,0.117,Genova,44.4056,8.9463
2026-05-02T21:00,15.0,67,9.0,13.9,0.0,0.0,0.0,0.0,0.0,3,1021.5,1020.2,99,0,0,99,5.8,56,12.6,6.0,1.0,5.0,18.8,0.0,0.02,0.56,18.0,0.117,Genova,44.4056,8.9463
2026-05-02T22:00,14.8,56,6.0,13.3,0.0,0.0,0.0,0.0,0.0,3,1021.9,1020.6,95,0,0,95,3.4,47,13.0,0.0,0.0,0.0,0.0,0.0,0.01,0.75,16.8,0.117,Genova,44.4056,8.9463
2026-05-02T23:00,14.4,53,5.0,13.0,0.0,0.0,0.0,0.0,0.0,3,1022.0,1020.7,100,0,0,100,1.3,34,8.3,0.0,0.0,0.0,0.0,0.0,0.0,0.76,15.7,0.118,Genova,44.4056,8.9463
2026-05-03T00:00,14.4,46,2.9,12.4,0.0,0.0,0.0,0.0,0.0,3,1022.0,1020.7,100,0,0,100,2.3,32,5.0,0.0,0.0,0.0,0.0,0.0,0.0,0.89,14.8,0.118,Genova,44.4056,8.9463
2026-05-03T01:00,14.6,43,2.0,12.3,0.0,0.0,0.0,0.0,0.0,3,1021.7,1020.4,99,0,0,99,3.0,25,8.3,0.0,0.0,0.0,0.0,0.0,0.01,0.95,14.1,0.118,Genova,44.4056,8.9463
2026-05-03T02:00,13.8,46,2.3,11.7,0.0,0.0,0.0,0.0,0.0,3,1021.1,1019.8,80,0,0,80,2.3,29,9.0,0.0,0.0,0.0,0.0,0.0,0.0,0.85,13.8,0.125,Genova,44.4056,8.9463
2026-05-03T03:00,14.6,42,1.7,12.5,0.0,0.0,0.0,0.0,0.0,2,1020.7,1019.4,63,0,0,63,1.7,32,8.3,0.0,0.0,0.0,0.0,0.0,0.0,0.97,13.3,0.125,Genova,44.4056,8.9463
2026-05-03T04:00,13.4,49,3.0,11.5,0.0,0.0,0.0,0.0,0.0,3,1020.4,1019.1,99,0,0,99,1.9,41,5.8,0.0,0.0,0.0,0.0,0.0,0.0,0.78,12.7,0.125,Genova,44.4056,8.9463
2026-05-03T05:00,13.4,50,3.1,11.5,0.0,0.0,0.0,0.0,0.0,1,1020.3,1019.0,49,0,2,48,1.9,56,5.0,0.0,0.0,0.0,0.0,0.0,0.0,0.77,12.2,0.125,Genova,44.4056,8.9463
2026-05-03T06:00,12.9,51,2.9,10.8,0.0,0.0,0.0,0.0,0.0,3,1020.1,1018.8,98,0,1,98,2.7,58,6.5,0.0,0.0,0.0,0.0,0.0,0.0,0.73,11.8,0.125,Genova,44.4056,8.9463
2026-05-03T07:00,13.5,52,3.9,11.8,0.0,0.0,0.0,0.0,0.0,3,1020.3,1019.0,100,0,5,100,2.1,59,6.5,20.0,3.0,17.0,37.3,0.0,0.01,0.74,11.7,0.125,Genova,44.4056,8.9463
2026-05-03T08:00,15.2,54,6.0,13.7,0.0,0.0,0.0,0.0,0.0,3,1020.5,1019.2,100,0,34,100,3.3,68,6.8,108.0,15.0,93.0,69.4,281.15,0.07,0.79,11.4,0.146,Genova,44.4056,8.9463
2026-05-03T09:00,16.6,55,7.4,15.3,0.0,0.0,0.0,0.0,0.0,3,1020.8,1019.5,100,0,85,100,3.7,129,11.9,251.0,84.0,167.0,213.9,3600.0,0.15,0.86,13.0,0.146,Genova,44.4056,8.9463
2026-05-03T10:00,17.8,57,9.3,16.9,0.0,0.0,0.0,0.0,0.0,3,1020.6,1019.3,100,0,79,100,5.3,156,18.0,446.0,256.0,190.0,461.1,3600.0,0.26,0.87,14.8,0.146,Genova,44.4056,8.9463
2026-05-03T11:00,18.5,57,9.8,17.3,0.0,0.0,0.0,0.0,0.0,3,1020.8,1019.5,100,0,17,100,9.0,183,26.6,576.0,303.0,273.0,437.3,3600.0,0.34,0.92,16.4,0.145,Genova,44.4056,8.9463
2026-05-03T12:00,18.9,58,10.5,18.2,0.0,0.0,0.0,0.0,0.0,3,1021.0,1019.7,98,0,62,98,11.4,184,32.0,699.0,413.0,286.0,518.8,3600.0,0.41,0.91,17.7,0.144,Genova,44.4056,8.9463
2026-05-03T13:00,18.6,60,10.6,17.3,0.0,0.0,0.0,0.0,0.0,3,1021.0,1019.7,100,0,100,11,13.4,176,35.6,643.0,263.0,380.0,306.5,3600.0,0.38,0.86,18.5,0.144,Genova,44.4056,8.9463
2026-05-03T14:00,18.8,56,9.8,18.1,0.0,0.0,0.0,0.0,0.0,2,1020.8,1019.5,62,0,20,52,13.0,163,37.1,775.0,510.0,265.0,583.1,3600.0,0.45,0.96,19.7,0.149,Genova,44.4056,8.9463
2026-05-03T15:00,19.4,52,9.3,18.8,0.0,0.0,0.0,0.0,0.0,3,1020.3,1019.0,100,0,95,99,12.5,165,36.0,803.0,600.0,203.0,710.6,3600.0,0.47,1.09,20.3,0.148,Genova,44.4056,8.9463
2026-05-03T16:00,19.2,54,9.5,18.4,0.0,0.0,0.0,0.0,0.0,3,1019.3,1018.0,100,0,90,100,9.7,176,34.6,684.0,443.0,241.0,575.6,3600.0,0.41,1.03,20.5,0.147,Genova,44.4056,8.9463
2026-05-03T17:00,18.8,61,11.1,17.8,0.0,0.0,0.0,0.0,0.0,3,1018.8,1017.5,100,0,2,100,10.4,189,29.2,568.0,354.0,214.0,540.2,3600.0,0.33,0.85,20.5,0.146,Genova,44.4056,8.9463
2026-05-03T18:00,17.9,68,11.9,17.5,0.0,0.0,0.0,0.0,0.0,3,1018.6,1017.3,100,0,4,100,6.5,182,29.5,430.0,278.0,152.0,545.7,3600.0,0.24,0.66,20.2,0.145,Genova,44.4056,8.9463
2026-05-03T19:00,17.0,72,12.0,16.7,0.0,0.0,0.0,0.0,0.0,3,1018.4,1017.1,100,0,1,100,5.8,173,20.5,230.0,95.0,135.0,277.9,3600.0,0.13,0.53,19.5,0.145,Genova,44.4056,8.9463
2026-05-03T20:00,15.8,81,12.6,15.8,0.0,0.0,0.0,0.0,0.0,3,1018.4,1017.1,100,0,2,100,5.4,138,16.9,84.0,14.0,70.0,85.4,760.8,0.05,0.34,18.8,0.141,Genova,44.4056,8.9463
2026-05-03T21:00,14.4,88,12.4,14.7,0.0,0.0,0.0,0.0,0.0,3,1018.4,1017.1,100,0,2,100,2.8,117,12.6,7.0,0.0,7.0,0.0,0.0,0.0,0.2,17.3,0.142,Genova,44.4056,8.9463
2026-05-03T22:00,13.7,89,11.9,13.9,0.0,0.0,0.0,0.0,0.0,2,1019.1,1017.8,74,0,11,73,2.7,122,9.0,0.0,0.0,0.0,0.0,0.0,0.0,0.18,16.0,0.142,Genova,44.4056,8.9463
2026-05-03T23:00,13.5,87,11.3,13.4,0.0,0.0,0.0,0.0,0.0,3,1019.1,1017.8,98,0,87,94,3.4,84,9.7,0.0,0.0,0.0,0.0,0.0,0.0,0.21,14.9,0.142,Genova,44.4056,8.9463
2026-05-04T00:00,13.8,80,10.5,13.4,0.0,0.0,0.0,0.0,0.0,3,1019.0,1017.7,99,0,96,91,3.7,79,11.2,0.0,0.0,0.0,0.0,0.0,0.0,0.31,14.4,0.142,Genova,44.4056,8.9463
2026-05-04T01:00,13.7,72,8.7,12.7,0.0,0.0,0.0,0.0,0.0,3,1018.9,1017.6,100,0,98,89,4.2,72,11.2,0.0,0.0,0.0,0.0,0.0,0.0,0.44,13.9,0.142,Genova,44.4056,8.9463
2026-05-04T02:00,12.7,63,5.8,10.9,0.0,0.0,0.0,0.0,0.0,3,1018.5,1017.2,97,0,41,95,4.7,67,11.9,0.0,0.0,0.0,0.0,0.0,0.01,0.54,14.2,0.146,Genova,44.4056,8.9463
2026-05-04T03:00,13.0,58,4.9,11.3,0.0,0.0,0.0,0.0,0.0,3,1018.4,1017.1,100,0,81,100,3.0,65,12.2,0.0,0.0,0.0,0.0,0.0,0.0,0.63,13.4,0.146,Genova,44.4056,8.9463
2026-05-04T04:00,13.4,54,4.4,11.7,0.0,0.0,0.0,0.0,0.0,3,1018.2,1016.9,100,0,100,98,2.6,51,9.7,0.0,0.0,0.0,0.0,0.0,0.0,0.7,13.0,0.146,Genova,44.4056,8.9463
2026-05-04T05:00,13.9,52,4.3,12.3,0.0,0.0,0.0,0.0,0.0,3,1018.1,1016.8,100,0,100,100,1.5,83,9.0,0.0,0.0,0.0,0.0,0.0,0.0,0.76,12.7,0.146,Genova,44.4056,8.9463
2026-05-04T06:00,13.6,57,5.1,11.8,0.0,0.0,0.0,0.0,0.0,3,1018.1,1016.8,100,0,100,100,4.0,100,11.2,0.0,0.0,0.0,0.0,0.0,0.01,0.67,12.4,0.146,Genova,44.4056,8.9463
2026-05-04T07:00,14.6,57,6.3,12.8,0.0,0.0,0.0,0.0,0.0,3,1018.4,1017.1,100,0,97,100,5.6,138,14.0,11.0,0.0,11.0,0.0,0.0,0.04,0.71,12.6,0.146,Genova,44.4056,8.9463
2026-05-04T08:00,15.6,57,7.1,14.2,0.0,0.0,0.0,0.0,0.0,3,1018.5,1017.2,100,0,98,100,4.6,141,15.1,43.0,0.0,43.0,0.0,0.0,0.06,0.76,13.9,0.15,Genova,44.4056,8.9463
2026-05-04T09:00,16.0,59,8.0,14.5,0.0,0.0,0.0,0.0,0.0,3,1019.0,1017.7,100,2,99,100,7.2,158,17.6,108.0,5.0,103.0,12.6,0.0,0.1,0.75,14.4,0.15,Genova,44.4056,8.9463
2026-05-04T10:00,16.2,61,8.7,14.4,0.0,0.0,0.0,0.0,0.0,3,1019.4,1018.1,100,5,100,100,9.5,155,23.8,121.0,2.0,119.0,3.6,0.0,0.12,0.71,14.9,0.15,Genova,44.4056,8.9463
2026-05-04T11:00,16.5,67,10.4,14.9,0.0,0.0,0.0,0.0,0.0,3,1019.4,1018.1,100,5,100,100,12.2,152,31.0,208.0,5.0,203.0,7.2,0.0,0.16,0.62,15.4,0.149,Genova,44.4056,8.9463
2026-05-04T12:00,17.1,68,11.2,15.4,0.0,0.0,0.0,0.0,0.0,3,1019.3,1018.0,100,2,98,91,14.0,144,36.4,336.0,43.0,293.0,53.8,0.0,0.22,0.62,16.2,0.149,Genova,44.4056,8.9463
2026-05-04T13:00,17.0,70,11.5,15.5,0.0,0.0,0.0,0.0,0.0,2,1018.9,1017.6,66,4,65,0,13.1,153,36.4,280.0,29.0,251.0,33.7,0.0,0.19,0.58,16.6,0.149,Genova,44.4056,8.9463
2026-05-04T14:00,17.6,67,11.5,16.3,0.0,0.0,0.0,0.0,0.0,0,1018.8,1017.5,14,3,7,5,14.3,155,38.9,618.0,311.0,307.0,354.6,3600.0,0.35,0.65,17.7,0.156,Genova,44.4056,8.9463
2026-05-04T15:00,19.0,64,12.0,18.6,0.0,0.0,0.0,0.0,0.0,1,1018.4,1017.1,22,7,13,4,17.0,162,43.6,840.0,685.0,155.0,809.0,3600.0,0.46,0.79,18.8,0.154,Genova,44.4056,8.9463
2026-05-04T16:00,18.8,62,11.4,18.0,0.0,0.0,0.0,0.0,0.0,0,1018.0,1016.7,16,3,13,0,15.9,164,43.9,758.0,625.0,133.0,809.6,3600.0,0.42,0.82,19.3,0.153,Genova,44.4056,8.9463
2026-05-04T17:00,18.6,63,11.5,17.1,0.0,0.0,0.0,0.0,0.0,0,1017.5,1016.2,15,1,13,2,15.4,161,41.4,612.0,486.0,126.0,738.7,3600.0,0.34,0.78,19.5,0.152,Genova,44.4056,8.9463
2026-05-04T18:00,18.1,67,11.9,16.6,0.0,0.0,0.0,0.0,0.0,1,1017.4,1016.1,26,5,22,0,14.1,159,39.2,423.0,289.0,134.0,564.3,3600.0,0.24,0.69,19.3,0.152,Genova,44.4056,8.9463
2026-05-04T19:00,17.5,70,11.9,16.3,0.0,0.0,0.0,0.0,0.0,0,1017.0,1015.7,13,5,3,5,12.6,156,35.6,254.0,152.0,102.0,440.9,3600.0,0.15,0.61,18.8,0.152,Genova,44.4056,8.9463
2026-05-04T20:00,16.6,80,13.2,16.2,0.0,0.0,0.0,0.0,0.0,1,1017.0,1015.7,29,18,9,9,10.1,161,31.0,96.0,42.0,54.0,251.2,3600.0,0.06,0.38,18.2,0.144,Genova,44.4056,8.9463
2026-05-04T21:00,15.5,88,13.5,15.5,0.0,0.0,0.0,0.0,0.0,1,1017.3,1016.0,46,23,27,14,8.0,140,23.8,7.0,1.0,6.0,17.8,0.0,0.01,0.22,17.2,0.144,Genova,44.4056,8.9463
2026-05-04T22:00,15.4,89,13.6,15.4,0.0,0.0,0.0,0.0,0.0,1,1017.4,1016.1,21,8,9,8,7.5,120,19.4,0.0,0.0,0.0,0.0,0.0,0.0,0.19,16.5,0.144,Genova,44.4056,8.9463
2026-05-04T23:00,15.3,86,13.0,15.2,0.0,0.0,0.0,0.0,0.0,3,1017.2,1015.9,80,61,46,44,7.2,115,18.4,0.0,0.0,0.0,0.0,0.0,0.0,0.25,15.9,0.144,Genova,44.4056,8.9463
2026-05-05T00:00,15.2,83,12.2,14.6,0.0,0.0,0.0,0.0,0.0,3,1016.9,1015.6,100,100,93,99,8.6,120,19.8,0.0,0.0,0.0,0.0,0.0,0.0,0.3,15.5,0.145,Genova,44.4056,8.9463
2026-05-05T01:00,15.3,81,12.1,14.3,0.6,0.6,0.0,0.0,0.0,53,1016.1,1014.8,100,100,100,100,11.3,108,25.2,0.0,0.0,0.0,0.0,0.0,0.01,0.32,15.4,0.15,Genova,44.4056,8.9463
2026-05-05T02:00,15.0,86,12.6,13.9,1.3,1.3,0.0,0.0,0.0,61,1015.3,1014.0,100,100,100,100,12.8,106,30.6,0.0,0.0,0.0,0.0,0.0,0.01,0.24,16.6,0.164,Genova,44.4056,8.9463
2026-05-05T03:00,15.1,88,13.0,14.0,0.7,0.7,0.0,0.0,0.0,53,1014.3,1013.0,100,100,100,100,14.0,102,31.0,0.0,0.0,0.0,0.0,0.0,0.01,0.21,15.9,0.17,Genova,44.4056,8.9463
2026-05-05T04:00,14.5,95,13.7,13.9,2.9,2.9,0.0,0.0,0.0,63,1013.5,1012.2,100,100,100,100,12.3,113,32.0,0.0,0.0,0.0,0.0,0.0,0.0,0.08,15.3,0.208,Genova,44.4056,8.9463
2026-05-05T05:00,14.5,95,13.6,13.8,3.7,3.7,0.0,0.0,0.0,63,1012.5,1011.2,100,100,100,100,12.3,117,31.7,0.0,0.0,0.0,0.0,0.0,0.0,0.09,15.0,0.258,Genova,44.4056,8.9463
2026-05-05T06:00,14.4,95,13.6,13.9,2.3,2.3,0.0,0.0,0.0,61,1011.8,1010.5,100,100,100,97,11.2,100,31.3,0.0,0.0,0.0,0.0,0.0,0.0,0.08,14.8,0.288,Genova,44.4056,8.9463
2026-05-05T07:00,14.3,96,13.7,14.8,3.0,3.0,0.0,0.0,0.0,63,1011.9,1010.6,100,89,100,100,5.1,80,28.4,2.0,0.0,2.0,0.0,0.0,0.02,0.07,14.7,0.329,Genova,44.4056,8.9463
2026-05-05T08:00,13.8,95,13.1,13.1,4.7,4.7,0.0,0.0,0.0,63,1012.4,1011.1,100,100,100,98,11.7,357,14.0,13.0,0.0,13.0,0.0,0.0,0.02,0.08,13.8,0.387,Genova,44.4056,8.9463
2026-05-05T09:00,13.7,92,12.4,12.1,1.2,1.2,0.0,0.0,0.0,55,1012.4,1011.1,100,100,76,79,15.9,331,31.7,73.0,1.0,72.0,2.5,0.0,0.05,0.12,13.9,0.39,Genova,44.4056,8.9463
2026-05-05T10:00,14.6,91,13.2,13.3,0.1,0.1,0.0,0.0,0.0,51,1012.2,1010.9,98,98,2,0,15.6,349,33.8,138.0,2.0,136.0,3.6,0.0,0.08,0.14,14.2,0.38,Genova,44.4056,8.9463
2026-05-05T11:00,15.5,86,13.2,14.6,0.0,0.0,0.0,0.0,0.0,3,1012.6,1011.3,98,98,20,0,13.0,342,32.8,247.0,15.0,232.0,21.5,0.0,0.14,0.24,14.8,0.373,Genova,44.4056,8.9463
2026-05-05T12:00,16.2,81,13.0,15.1,0.1,0.1,0.0,0.0,0.0,51,1012.6,1011.3,98,98,4,0,13.7,343,34.2,319.0,25.0,294.0,31.2,0.0,0.18,0.34,15.3,0.367,Genova,44.4056,8.9463
2026-05-05T13:00,17.2,77,13.1,16.5,0.0,0.0,0.0,0.0,0.0,1,1012.6,1011.3,38,35,5,0,11.4,339,32.8,445.0,143.0,302.0,165.7,3170.77,0.25,0.45,16.2,0.361,Genova,44.4056,8.9463
2026-05-05T14:00,17.4,75,12.9,17.9,0.0,0.0,0.0,0.0,0.0,2,1012.7,1011.4,55,51,16,0,5.5,333,29.9,606.0,310.0,296.0,352.5,3600.0,0.35,0.5,17.3,0.375,Genova,44.4056,8.9463
2026-05-05T15:00,18.5,72,13.3,19.1,0.4,0.4,0.0,0.0,0.0,51,1012.4,1011.1,39,36,10,0,3.3,241,16.6,511.0,206.0,305.0,242.6,3600.0,0.32,0.61,17.9,0.37,Genova,44.4056,8.9463
2026-05-05T16:00,18.4,73,13.4,18.7,0.1,0.1,0.0,0.0,0.0,51,1012.2,1010.9,40,30,5,9,5.1,184,17.3,479.0,258.0,221.0,333.2,3600.0,0.29,0.57,18.2,0.364,Genova,44.4056,8.9463
2026-05-05T17:00,18.2,75,13.8,17.9,0.2,0.2,0.0,0.0,0.0,51,1012.2,1010.9,35,32,20,0,10.7,166,27.7,497.0,318.0,179.0,481.5,3600.0,0.28,0.52,18.4,0.359,Genova,44.4056,8.9463
2026-05-05T18:00,17.2,83,14.3,16.9,0.1,0.1,0.0,0.0,0.0,51,1012.1,1010.8,13,13,0,0,12.1,160,32.0,395.0,249.0,146.0,483.6,3600.0,0.2,0.34,18.3,0.355,Genova,44.4056,8.9463
2026-05-05T19:00,16.8,85,14.2,16.7,0.0,0.0,0.0,0.0,0.0,1,1011.6,1010.3,23,22,2,0,10.1,161,29.5,212.0,110.0,102.0,316.4,3600.0,0.11,0.29,17.8,0.351,Genova,44.4056,8.9463
2026-05-05T20:00,16.3,89,14.4,16.5,0.0,0.0,0.0,0.0,0.0,1,1012.1,1010.8,33,23,21,0,8.4,149,24.5,86.0,33.0,53.0,193.8,3600.0,0.05,0.21,17.4,0.347,Genova,44.4056,8.9463
2026-05-05T21:00,14.8,97,14.2,15.1,0.2,0.2,0.0,0.0,0.0,51,1012.5,1011.2,85,80,25,3,7.5,120,18.7,6.0,1.0,5.0,17.3,0.0,0.0,0.06,16.7,0.346,Genova,44.4056,8.9463
2026-05-05T22:00,15.0,96,14.4,15.5,0.3,0.3,0.0,0.0,0.0,51,1012.7,1011.4,100,100,5,0,6.4,128,16.6,0.0,0.0,0.0,0.0,0.0,0.0,0.06,16.2,0.345,Genova,44.4056,8.9463
2026-05-05T23:00,15.3,94,14.4,15.7,0.1,0.1,0.0,0.0,0.0,51,1012.8,1011.5,100,100,14,16,6.8,119,16.9,0.0,0.0,0.0,0.0,0.0,0.0,0.1,15.8,0.344,Genova,44.4056,8.9463
2026-05-06T00:00,15.1,95,14.3,15.2,0.5,0.5,0.0,0.0,0.0,53,1012.6,1011.3,100,100,26,74,8.8,134,19.8,0.0,0.0,0.0,0.0,0.0,0.0,0.09,15.6,0.346,Genova,44.4056,8.9463
2026-05-06T01:00,14.7,99,14.5,15.3,0.6,0.6,0.0,0.0,0.0,53,1012.0,1010.7,100,100,51,77,6.4,128,18.7,0.0,0.0,0.0,0.0,0.0,0.0,0.02,15.4,0.35,Genova,44.4056,8.9463
2026-05-06T02:00,14.9,98,14.6,15.4,0.8,0.8,0.0,0.0,0.0,53,1011.6,1010.3,100,100,49,100,6.9,131,18.4,0.0,0.0,0.0,0.0,0.0,0.0,0.03,16.2,0.36,Genova,44.4056,8.9463
2026-05-06T03:00,14.7,99,14.5,14.9,0.1,0.1,0.0,0.0,0.0,51,1010.9,1009.6,98,81,78,44,8.9,117,19.1,0.0,0.0,0.0,0.0,0.0,0.0,0.02,15.7,0.358,Genova,44.4056,8.9463
2026-05-06T04:00,14.8,96,14.1,14.7,0.1,0.1,0.0,0.0,0.0,51,1010.1,1008.8,99,61,95,84,9.4,114,21.6,0.0,0.0,0.0,0.0,0.0,0.0,0.07,15.4,0.356,Genova,44.4056,8.9463
2026-05-06T05:00,14.4,95,13.5,14.3,0.1,0.1,0.0,0.0,0.0,51,1009.6,1008.3,100,100,39,65,8.0,118,21.2,0.0,0.0,0.0,0.0,0.0,0.0,0.09,15.0,0.353,Genova,44.4056,8.9463
2026-05-06T06:00,14.1,98,13.8,13.9,0.9,0.9,0.0,0.0,0.0,53,1009.1,1007.8,100,100,95,38,9.6,110,22.0,0.0,0.0,0.0,0.0,0.0,0.0,0.04,14.8,0.362,Genova,44.4056,8.9463
2026-05-06T07:00,14.4,99,14.2,13.0,2.2,2.2,0.0,0.0,0.0,61,1008.6,1007.3,95,77,74,38,18.7,121,37.8,5.0,0.0,5.0,0.0,0.0,0.01,0.02,14.7,0.387,Genova,44.4056,8.9463
2026-05-06T08:00,14.9,97,14.5,13.9,3.1,3.1,0.0,0.0,0.0,63,1008.6,1007.3,100,100,96,23,17.0,157,42.1,22.0,0.0,22.0,0.0,0.0,0.02,0.05,15.4,0.413,Genova,44.4056,8.9463
2026-05-06T09:00,14.8,89,13.0,13.3,7.8,7.8,0.0,0.0,0.0,65,1008.8,1007.5,84,78,27,13,16.6,184,41.0,125.0,41.0,84.0,101.9,1255.82,0.07,0.19,15.3,0.422,Genova,44.4056,8.9463
2026-05-06T10:00,14.7,100,14.7,14.2,1.2,1.2,0.0,0.0,0.0,55,1008.9,1007.6,100,100,25,30,13.7,164,41.8,147.0,32.0,115.0,56.7,0.0,0.07,0.0,15.3,0.407,Genova,44.4056,8.9463
2026-05-06T11:00,15.3,98,15.1,14.9,0.1,0.1,0.0,0.0,0.0,51,1009.0,1007.7,95,91,13,37,14.7,169,39.2,275.0,69.0,206.0,98.4,1152.19,0.12,0.03,15.7,0.397,Genova,44.4056,8.9463
2026-05-06T12:00,16.5,90,14.9,15.7,0.2,0.2,0.0,0.0,0.0,51,1009.3,1008.0,95,84,8,65,16.7,192,46.4,549.0,298.0,251.0,370.7,3600.0,0.26,0.19,16.4,0.391,Genova,44.4056,8.9463
2026-05-06T13:00,16.4,87,14.3,15.4,0.1,0.1,0.0,0.0,0.0,51,1009.6,1008.3,70,55,15,20,17.6,203,49.3,598.0,246.0,352.0,284.3,3600.0,0.28,0.23,17.0,0.384,Genova,44.4056,8.9463
2026-05-06T14:00,17.8,83,14.8,17.4,0.6,0.6,0.0,0.0,0.0,53,1009.2,1007.9,52,22,13,36,19.2,163,49.3,718.0,415.0,303.0,470.7,3600.0,0.35,0.35,17.7,0.385,Genova,44.4056,8.9463
2026-05-06T15:00,17.9,85,15.3,17.8,0.8,0.8,0.0,0.0,0.0,53,1009.4,1008.1,33,28,5,2,21.1,179,51.8,800.0,587.0,213.0,689.5,3600.0,0.37,0.31,18.2,0.385,Genova,44.4056,8.9463
2026-05-06T16:00,17.3,86,15.0,16.9,0.3,0.3,0.0,0.0,0.0,51,1009.3,1008.0,64,43,2,36,17.8,182,50.8,662.0,449.0,213.0,578.1,3600.0,0.31,0.28,18.3,0.381,Genova,44.4056,8.9463
2026-05-06T17:00,17.1,86,14.7,15.8,0.4,0.4,0.0,0.0,0.0,51,1009.1,1007.8,94,19,3,92,19.0,163,45.4,539.0,371.0,168.0,559.7,3600.0,0.25,0.28,18.3,0.38,Genova,44.4056,8.9463
2026-05-06T18:00,16.9,82,13.9,15.5,0.1,0.1,0.0,0.0,0.0,51,1009.2,1007.9,56,13,1,50,18.7,161,46.1,428.0,291.0,137.0,562.3,3600.0,0.21,0.34,18.0,0.376,Genova,44.4056,8.9463
2026-05-06T19:00,16.1,86,13.8,14.6,0.2,0.2,0.0,0.0,0.0,51,1009.3,1008.0,7,6,1,0,18.6,148,45.0,266.0,172.0,94.0,490.7,3600.0,0.12,0.25,17.6,0.374,Genova,44.4056,8.9463
2026-05-06T20:00,15.8,83,12.9,14.5,0.1,0.1,0.0,0.0,0.0,51,1009.6,1008.3,18,12,2,6,14.9,157,42.5,110.0,53.0,57.0,305.6,3600.0,0.06,0.3,17.1,0.362,Genova,44.4056,8.9463
2026-05-06T21:00,15.1,90,13.4,14.0,0.4,0.4,0.0,0.0,0.0,51,1009.8,1008.5,9,6,2,1,14.4,148,33.8,8.0,2.0,6.0,33.6,0.0,0.02,0.18,16.2,0.363,Genova,44.4056,8.9463
2026-05-06T22:00,14.6,88,12.6,13.9,0.7,0.7,0.0,0.0,0.0,53,1010.8,1009.5,23,7,17,0,10.9,156,31.3,0.0,0.0,0.0,0.0,0.0,0.0,0.2,15.6,0.37,Genova,44.4056,8.9463
2026-05-06T23:00,14.3,94,13.3,13.8,1.1,1.1,0.0,0.0,0.0,55,1011.7,1010.4,48,40,9,5,10.6,154,26.6,0.0,0.0,0.0,0.0,0.0,0.0,0.1,15.1,0.381,Genova,44.4056,8.9463
2026-05-07T00:00,13.7,97,13.3,13.3,0.3,0.3,0.0,0.0,0.0,51,1011.8,1010.5,96,95,6,13,9.6,133,27.4,0.0,0.0,0.0,0.0,0.0,0.0,0.04,14.8,0.381,Genova,44.4056,8.9463
2026-05-07T01:00,13.1,98,12.8,12.6,0.1,0.1,0.0,0.0,0.0,51,1011.9,1010.6,98,98,1,0,9.4,90,21.2,0.0,0.0,0.0,0.0,0.0,0.0,0.02,14.5,0.378,Genova,44.4056,8.9463
2026-05-07T02:00,12.3,98,12.1,11.2,0.0,0.0,0.0,0.0,0.0,3,1012.4,1011.1,100,100,15,24,11.8,63,22.3,0.0,0.0,0.0,0.0,0.0,0.0,0.02,16.4,0.378,Genova,44.4056,8.9463
2026-05-07T03:00,12.8,96,12.2,12.0,0.6,0.6,0.0,0.0,0.0,53,1011.7,1010.4,96,91,56,3,10.3,94,28.4,0.0,0.0,0.0,0.0,0.0,0.0,0.06,15.2,0.382,Genova,44.4056,8.9463
2026-05-07T04:00,13.6,96,12.9,13.5,0.0,0.0,0.0,0.0,0.0,2,1011.7,1010.4,62,59,5,1,6.5,87,22.3,0.0,0.0,0.0,0.0,0.0,0.0,0.06,14.7,0.38,Genova,44.4056,8.9463
2026-05-07T05:00,13.7,95,12.8,13.9,0.0,0.0,0.0,0.0,0.0,3,1011.9,1010.6,91,88,27,0,4.4,125,14.4,0.0,0.0,0.0,0.0,0.0,0.0,0.08,14.4,0.377,Genova,44.4056,8.9463
2026-05-07T06:00,13.6,94,12.7,13.8,0.0,0.0,0.0,0.0,0.0,1,1011.9,1010.6,28,27,2,0,4.8,110,11.9,0.0,0.0,0.0,0.0,0.0,0.0,0.09,14.1,0.375,Genova,44.4056,8.9463
2026-05-07T07:00,14.0,92,12.7,14.4,0.0,0.0,0.0,0.0,0.0,2,1012.2,1010.9,56,55,1,1,3.0,57,11.2,20.0,4.0,16.0,45.8,0.0,0.01,0.13,14.0,0.373,Genova,44.4056,8.9463
2026-05-07T08:00,14.4,91,12.9,14.8,0.2,0.2,0.0,0.0,0.0,51,1013.3,1012.0,77,70,15,19,3.5,12,13.0,101.0,37.0,64.0,160.7,3019.89,0.05,0.15,15.4,0.372,Genova,44.4056,8.9463
2026-05-07T09:00,15.2,86,12.8,14.9,0.3,0.3,0.0,0.0,0.0,51,1013.4,1012.1,39,37,14,0,8.0,115,19.4,191.0,84.0,107.0,207.1,3600.0,0.1,0.24,15.3,0.372,Genova,44.4056,8.9463
2026-05-07T10:00,16.2,82,13.1,15.9,0.3,0.3,0.0,0.0,0.0,51,1013.7,1012.4,38,34,20,1,9.2,137,23.8,409.0,239.0,170.0,421.4,3600.0,0.21,0.33,15.7,0.373,Genova,44.4056,8.9463
2026-05-07T11:00,17.1,80,13.7,16.7,0.1,0.1,0.0,0.0,0.0,51,1013.9,1012.6,63,61,18,1,10.7,125,28.4,524.0,315.0,209.0,447.6,3600.0,0.28,0.39,16.4,0.37,Genova,44.4056,8.9463
2026-05-07T12:00,17.8,74,13.1,17.1,0.0,0.0,0.0,0.0,0.0,1,1013.9,1012.6,48,47,7,1,12.3,128,32.0,577.0,305.0,272.0,378.3,3600.0,0.32,0.53,17.1,0.367,Genova,44.4056,8.9463
2026-05-07T13:00,18.1,74,13.3,17.8,0.4,0.4,0.0,0.0,0.0,51,1013.7,1012.4,38,27,22,0,13.0,129,33.1,666.0,432.0,234.0,497.8,3600.0,0.36,0.55,17.8,0.367,Genova,44.4056,8.9463
2026-05-07T14:00,17.8,77,13.8,18.2,0.2,0.2,0.0,0.0,0.0,51,1013.7,1012.4,55,45,27,9,13.4,132,36.4,757.0,544.0,213.0,615.5,3600.0,0.4,0.47,18.4,0.358,Genova,44.4056,8.9463
2026-05-07T15:00,18.3,77,14.2,18.5,0.1,0.1,0.0,0.0,0.0,51,1013.7,1012.4,25,13,8,12,14.2,151,36.7,710.0,495.0,215.0,579.9,3600.0,0.38,0.49,18.7,0.356,Genova,44.4056,8.9463
2026-05-07T16:00,18.0,77,13.9,17.5,0.2,0.2,0.0,0.0,0.0,51,1013.7,1012.4,54,20,15,36,13.9,155,36.0,607.0,398.0,209.0,510.9,3600.0,0.32,0.48,18.8,0.354,Genova,44.4056,8.9463
2026-05-07T17:00,17.3,79,13.6,16.6,0.1,0.1,0.0,0.0,0.0,51,1013.6,1012.3,80,12,23,70,12.3,145,35.6,418.0,235.0,183.0,353.2,3600.0,0.23,0.41,18.5,0.352,Genova,44.4056,8.9463
2026-05-07T18:00,17.4,76,13.1,16.8,0.0,0.0,0.0,0.0,0.0,2,1013.3,1012.0,72,26,6,59,11.0,150,30.6,387.0,245.0,142.0,471.1,3600.0,0.21,0.49,18.4,0.35,Genova,44.4056,8.9463
2026-05-07T19:00,16.9,77,12.7,16.2,0.0,0.0,0.0,0.0,0.0,2,1013.3,1012.0,76,28,7,64,10.3,145,27.7,206.0,92.0,114.0,260.3,3600.0,0.12,0.45,17.9,0.349,Genova,44.4056,8.9463
2026-05-07T20:00,16.3,85,13.8,16.6,0.0,0.0,0.0,0.0,0.0,1,1013.7,1012.4,29,14,13,8,6.4,140,24.5,103.0,46.0,57.0,260.6,3600.0,0.05,0.28,17.4,0.338,Genova,44.4056,8.9463
2026-05-07T21:00,15.1,89,13.2,15.4,0.0,0.0,0.0,0.0,0.0,0,1013.7,1012.4,7,6,0,1,4.7,86,14.4,9.0,2.0,7.0,32.8,0.0,0.0,0.19,16.4,0.338,Genova,44.4056,8.9463
2026-05-07T22:00,14.0,89,12.3,14.1,0.0,0.0,0.0,0.0,0.0,0,1014.2,1012.9,1,1,0,0,4.2,36,10.4,0.0,0.0,0.0,0.0,0.0,0.0,0.17,15.5,0.338,Genova,44.4056,8.9463
2026-05-07T23:00,12.4,92,11.2,12.0,0.0,0.0,0.0,0.0,0.0,0,1014.4,1013.1,3,2,0,0,5.2,20,13.7,0.0,0.0,0.0,0.0,0.0,0.0,0.11,14.8,0.337,Genova,44.4056,8.9463
2026-05-08T00:00,11.1,92,9.9,10.5,0.0,0.0,0.0,0.0,0.0,3,1014.5,1013.2,99,5,0,99,4.0,18,15.1,0.0,0.0,0.0,0.0,0.0,0.0,0.1,14.2,0.337,Genova,44.4056,8.9463
2026-05-08T01:00,10.7,90,9.1,9.8,0.0,0.0,0.0,0.0,0.0,3,1014.7,1013.4,99,5,0,99,4.4,9,14.4,0.0,0.0,0.0,0.0,0.0,0.0,0.13,13.7,0.337,Genova,44.4056,8.9463
2026-05-08T02:00,10.9,87,8.9,9.2,0.0,0.0,0.0,0.0,0.0,3,1013.9,1012.6,90,0,0,90,9.4,17,18.0,0.0,0.0,0.0,0.0,0.0,0.0,0.16,14.9,0.339,Genova,44.4056,8.9463
2026-05-08T03:00,11.3,84,8.7,9.3,0.0,0.0,0.0,0.0,0.0,3,1013.4,1012.1,100,0,0,100,11.5,14,24.1,0.0,0.0,0.0,0.0,0.0,0.01,0.21,14.1,0.339,Genova,44.4056,8.9463
2026-05-08T04:00,12.1,79,8.7,9.7,0.0,0.0,0.0,0.0,0.0,3,1012.9,1011.6,100,0,0,100,14.2,12,29.2,0.0,0.0,0.0,0.0,0.0,0.02,0.29,13.7,0.338,Genova,44.4056,8.9463
2026-05-08T05:00,12.4,81,9.2,9.9,0.0,0.0,0.0,0.0,0.0,3,1012.7,1011.4,100,0,0,100,15.7,6,33.5,0.0,0.0,0.0,0.0,0.0,0.02,0.28,13.6,0.338,Genova,44.4056,8.9463
2026-05-08T06:00,12.3,84,9.6,9.6,0.0,0.0,0.0,0.0,0.0,3,1013.2,1011.9,100,0,0,100,18.0,359,37.4,0.0,0.0,0.0,0.0,0.0,0.02,0.24,13.4,0.337,Genova,44.4056,8.9463
2026-05-08T07:00,12.8,86,10.4,10.3,0.0,0.0,0.0,0.0,0.0,3,1013.6,1012.3,100,4,0,100,18.0,357,38.5,23.0,1.0,22.0,11.2,0.0,0.03,0.21,13.4,0.337,Genova,44.4056,8.9463
2026-05-08T08:00,14.6,83,11.8,12.9,0.0,0.0,0.0,0.0,0.0,3,1013.9,1012.6,100,30,0,100,15.4,355,37.8,99.0,4.0,95.0,17.1,0.0,0.07,0.28,14.5,0.335,Genova,44.4056,8.9463
2026-05-08T09:00,16.2,80,12.8,14.8,0.0,0.0,0.0,0.0,0.0,3,1014.1,1012.8,100,12,0,100,15.7,347,37.8,212.0,35.0,177.0,85.6,769.01,0.12,0.36,14.9,0.334,Genova,44.4056,8.9463
2026-05-08T10:00,17.9,76,13.6,16.9,0.0,0.0,0.0,0.0,0.0,3,1014.3,1013.0,100,16,0,100,14.4,347,35.3,378.0,137.0,241.0,240.4,3600.0,0.21,0.49,15.8,0.333,Genova,44.4056,8.9463
2026-05-08T11:00,18.8,73,13.8,18.2,0.0,0.0,0.0,0.0,0.0,3,1014.6,1013.3,100,3,9,100,12.8,338,33.8,421.0,101.0,320.0,143.0,2489.33,0.25,0.59,16.6,0.331,Genova,44.4056,8.9463
2026-05-08T12:00,19.6,70,14.0,18.9,0.0,0.0,0.0,0.0,0.0,3,1014.9,1013.6,100,5,13,100,13.6,328,33.5,514.0,131.0,383.0,162.0,3059.43,0.31,0.68,17.4,0.329,Genova,44.4056,8.9463
2026-05-08T13:00,19.3,70,13.7,18.2,0.0,0.0,0.0,0.0,0.0,3,1015.0,1013.7,100,11,21,100,16.0,331,38.9,500.0,136.0,364.0,156.3,2889.62,0.3,0.68,17.9,0.327,Genova,44.4056,8.9463
2026-05-08T14:00,19.4,73,14.5,18.9,0.0,0.0,0.0,0.0,0.0,3,1014.9,1013.6,100,1,43,100,13.7,337,40.0,565.0,187.0,378.0,211.0,3600.0,0.33,0.6,17.9,0.325,Genova,44.4056,8.9463
2026-05-08T15:00,20.1,70,14.4,19.4,0.4,0.4,0.0,0.0,0.0,51,1014.7,1013.4,98,1,34,98,14.6,342,34.2,493.0,150.0,343.0,175.3,3458.26,0.31,0.71,18.4,0.326,Genova,44.4056,8.9463
2026-05-08T16:00,20.3,67,14.1,19.7,0.0,0.0,0.0,0.0,0.0,0,1014.3,1013.0,9,2,8,0,14.4,345,36.0,584.0,340.0,244.0,435.2,3600.0,0.35,0.78,18.8,0.324,Genova,44.4056,8.9463
2026-05-08T17:00,21.1,63,13.8,20.9,0.0,0.0,0.0,0.0,0.0,0,1013.9,1012.6,9,2,8,1,10.5,347,34.6,581.0,456.0,125.0,682.9,3600.0,0.36,0.92,19.2,0.322,Genova,44.4056,8.9463
2026-05-08T18:00,20.9,64,13.9,20.7,0.0,0.0,0.0,0.0,0.0,0,1013.7,1012.4,9,2,5,3,10.0,337,25.9,436.0,319.0,117.0,610.3,3600.0,0.27,0.88,19.3,0.32,Genova,44.4056,8.9463
2026-05-08T19:00,19.9,73,14.9,20.0,0.0,0.0,0.0,0.0,0.0,0,1014.0,1012.7,10,2,3,5,10.7,333,24.1,255.0,153.0,102.0,429.5,3600.0,0.16,0.63,19.1,0.318,Genova,44.4056,8.9463
2026-05-08T20:00,17.7,79,14.0,17.6,0.0,0.0,0.0,0.0,0.0,0,1014.4,1013.1,9,2,3,4,9.5,358,29.5,102.0,47.0,55.0,261.7,3600.0,0.07,0.43,18.8,0.312,Genova,44.4056,8.9463
2026-05-08T21:00,16.2,83,13.2,15.5,0.0,0.0,0.0,0.0,0.0,3,1015.0,1013.7,88,0,0,88,11.5,8,23.0,10.0,2.0,8.0,32.0,0.0,0.02,0.32,17.7,0.312,Genova,44.4056,8.9463
2026-05-08T22:00,14.8,83,12.0,13.7,0.0,0.0,0.0,0.0,0.0,3,1015.7,1014.4,100,0,0,100,12.0,21,25.2,0.0,0.0,0.0,0.0,0.0,0.01,0.28,16.9,0.312,Genova,44.4056,8.9463
2026-05-08T23:00,14.3,83,11.4,12.7,0.0,0.0,0.0,0.0,0.0,3,1016.1,1014.8,100,0,0,100,13.9,13,28.8,0.0,0.0,0.0,0.0,0.0,0.01,0.28,16.2,0.312,Genova,44.4056,8.9463
2026-05-09T00:00,13.9,85,11.5,12.3,0.0,0.0,0.0,0.0,0.0,3,1016.7,1015.4,100,0,0,100,14.1,10,28.8,0.0,0.0,0.0,0.0,0.0,0.01,0.23,15.6,0.311,Genova,44.4056,8.9463
2026-05-09T01:00,13.7,87,11.6,12.0,0.0,0.0,0.0,0.0,0.0,3,1016.8,1015.5,100,0,0,100,14.7,8,29.9,0.0,0.0,0.0,0.0,0.0,0.01,0.2,15.2,0.311,Genova,44.4056,8.9463
2026-05-09T02:00,14.6,93,13.5,13.5,0.0,0.0,0.0,0.0,0.0,3,1016.8,1015.5,95,9,0,95,14.8,2,30.2,0.0,0.0,0.0,0.0,0.0,0.0,0.11,16.9,0.309,Genova,44.4056,8.9463
2026-05-09T03:00,14.9,92,13.6,13.6,0.0,0.0,0.0,0.0,0.0,0,1016.8,1015.5,17,6,0,13,16.7,6,33.1,0.0,0.0,0.0,0.0,0.0,0.0,0.14,16.3,0.309,Genova,44.4056,8.9463
2026-05-09T04:00,14.5,92,13.2,13.2,0.0,0.0,0.0,0.0,0.0,0,1016.5,1015.2,2,2,0,0,15.8,8,33.1,0.0,0.0,0.0,0.0,0.0,0.0,0.13,15.8,0.309,Genova,44.4056,8.9463
2026-05-09T05:00,13.8,92,12.4,12.5,0.0,0.0,0.0,0.0,0.0,0,1016.3,1015.0,0,0,0,0,13.9,11,31.7,0.0,0.0,0.0,0.0,0.0,0.0,0.13,15.4,0.309,Genova,44.4056,8.9463
2026-05-09T06:00,12.8,92,11.6,11.6,0.0,0.0,0.0,0.0,0.0,0,1016.6,1015.3,1,1,0,0,11.7,13,27.7,0.0,0.0,0.0,0.0,0.0,0.0,0.11,14.9,0.309,Genova,44.4056,8.9463
2026-05-09T07:00,13.1,91,11.7,11.9,0.0,0.0,0.0,0.0,0.0,0,1016.9,1015.6,3,3,0,0,11.4,12,24.5,30.0,10.0,20.0,110.3,1941.52,0.01,0.13,14.6,0.309,Genova,44.4056,8.9463
2026-05-09T08:00,16.0,87,13.8,15.8,0.0,0.0,0.0,0.0,0.0,0,1017.1,1015.8,1,1,0,0,10.3,3,23.8,161.0,87.0,74.0,367.3,3600.0,0.08,0.24,14.2,0.31,Genova,44.4056,8.9463
2026-05-09T09:00,19.0,79,15.3,19.8,0.0,0.0,0.0,0.0,0.0,0,1017.2,1015.9,1,0,1,0,6.8,348,22.0,339.0,234.0,105.0,568.4,3600.0,0.19,0.45,15.5,0.309,Genova,44.4056,8.9463
2026-05-09T10:00,20.7,66,14.1,21.7,0.0,0.0,0.0,0.0,0.0,1,1017.2,1015.9,23,17,0,7,2.1,285,16.6,522.0,406.0,116.0,708.9,3600.0,0.32,0.83,17.1,0.307,Genova,44.4056,8.9463
2026-05-09T11:00,21.3,58,12.8,22.3,0.0,0.0,0.0,0.0,0.0,1,1016.9,1015.6,29,13,18,2,4.6,211,17.6,680.0,550.0,130.0,775.8,3600.0,0.42,1.06,18.5,0.305,Genova,44.4056,8.9463
2026-05-09T12:00,21.5,58,13.0,22.6,0.0,0.0,0.0,0.0,0.0,1,1017.0,1015.7,41,13,22,17,7.5,204,23.4,766.0,607.0,159.0,748.4,3600.0,0.48,1.06,19.6,0.302,Genova,44.4056,8.9463
2026-05-09T13:00,20.9,67,14.6,22.4,0.1,0.1,0.0,0.0,0.0,51,1017.2,1015.9,60,13,20,45,9.8,194,28.8,805.0,617.0,188.0,707.4,3600.0,0.48,0.8,20.3,0.3,Genova,44.4056,8.9463
2026-05-09T14:00,21.0,64,14.0,22.5,0.0,0.0,0.0,0.0,0.0,3,1016.7,1015.4,100,3,3,100,9.2,187,28.8,816.0,628.0,188.0,707.1,3600.0,0.49,0.89,20.7,0.296,Genova,44.4056,8.9463
2026-05-09T15:00,21.2,66,14.6,22.7,0.0,0.0,0.0,0.0,0.0,3,1016.4,1015.1,100,4,2,100,9.9,179,28.8,796.0,612.0,184.0,713.3,3600.0,0.48,0.85,21.1,0.293,Genova,44.4056,8.9463
2026-05-09T16:00,21.0,67,14.7,22.0,0.0,0.0,0.0,0.0,0.0,3,1015.9,1014.6,100,0,0,100,9.0,186,28.1,688.0,454.0,234.0,579.4,3600.0,0.42,0.81,21.2,0.29,Genova,44.4056,8.9463
2026-05-09T17:00,20.9,67,14.6,21.8,0.0,0.0,0.0,0.0,0.0,3,1015.3,1014.0,100,0,0,100,6.1,192,25.9,594.0,439.0,155.0,655.2,3600.0,0.36,0.81,21.2,0.288,Genova,44.4056,8.9463
2026-05-09T18:00,20.4,69,14.5,21.5,0.0,0.0,0.0,0.0,0.0,3,1014.8,1013.5,100,0,0,100,2.6,214,19.1,390.0,182.0,208.0,346.5,3600.0,0.24,0.75,20.8,0.287,Genova,44.4056,8.9463
2026-05-09T19:00,20.1,71,14.8,21.5,0.0,0.0,0.0,0.0,0.0,3,1014.2,1012.9,100,0,0,100,1.2,243,10.8,227.0,70.0,157.0,195.0,3600.0,0.13,0.68,20.3,0.286,Genova,44.4056,8.9463
2026-05-09T20:00,19.3,76,15.0,20.6,0.0,0.0,0.0,0.0,0.0,3,1013.9,1012.6,100,0,0,100,2.2,355,5.0,83.0,9.0,74.0,49.3,0.0,0.05,0.53,19.8,0.28,Genova,44.4056,8.9463
2026-05-09T21:00,18.3,75,13.8,19.1,0.0,0.0,0.0,0.0,0.0,3,1014.3,1013.0,100,0,0,100,2.5,4,5.4,8.0,0.0,8.0,0.0,0.0,0.01,0.52,18.7,0.281,Genova,44.4056,8.9463
2026-05-09T22:00,17.8,75,13.3,18.4,0.0,0.0,0.0,0.0,0.0,3,1014.7,1013.4,100,0,0,100,3.0,17,8.6,0.0,0.0,0.0,0.0,0.0,0.0,0.51,17.8,0.281,Genova,44.4056,8.9463
2026-05-09T23:00,16.6,78,12.7,17.0,0.0,0.0,0.0,0.0,0.0,3,1014.6,1013.3,100,5,6,100,3.0,17,10.1,0.0,0.0,0.0,0.0,0.0,0.0,0.42,17.1,0.281,Genova,44.4056,8.9463
2026-05-10T00:00,16.3,78,12.5,16.7,0.0,0.0,0.0,0.0,0.0,3,1015.0,1013.7,100,3,2,100,2.5,21,10.4,0.0,0.0,0.0,0.0,0.0,0.0,0.4,16.7,0.281,Genova,44.4056,8.9463
2026-05-10T01:00,16.5,75,12.1,16.8,0.0,0.0,0.0,0.0,0.0,3,1015.2,1013.9,100,3,61,100,1.9,34,9.7,0.0,0.0,0.0,0.0,0.0,0.0,0.46,16.3,0.281,Genova,44.4056,8.9463
2026-05-10T02:00,14.9,88,12.9,14.9,0.0,0.0,0.0,0.0,0.0,3,1014.5,1013.2,100,6,100,100,6.4,22,7.6,0.0,0.0,0.0,0.0,0.0,0.0,0.21,16.8,0.286,Genova,44.4056,8.9463
2026-05-10T03:00,15.1,89,13.3,14.5,0.3,0.3,0.0,0.0,0.0,51,1014.0,1012.7,100,20,100,100,11.4,24,25.9,0.0,0.0,0.0,0.0,0.0,0.0,0.18,16.4,0.289,Genova,44.4056,8.9463
2026-05-10T04:00,15.0,89,13.2,14.8,0.2,0.2,0.0,0.0,0.0,51,1013.4,1012.1,98,24,56,94,8.7,22,24.1,0.0,0.0,0.0,0.0,0.0,0.0,0.19,16.1,0.29,Genova,44.4056,8.9463
2026-05-10T05:00,14.3,92,13.0,14.4,0.0,0.0,0.0,0.0,0.0,3,1013.4,1012.1,100,17,73,100,5.4,20,18.4,0.0,0.0,0.0,0.0,0.0,0.0,0.13,15.8,0.291,Genova,44.4056,8.9463
2026-05-10T06:00,14.8,91,13.3,15.6,0.2,0.2,0.0,0.0,0.0,51,1013.7,1012.4,100,23,73,100,1.7,18,13.0,0.0,0.0,0.0,0.0,0.0,0.0,0.16,15.5,0.292,Genova,44.4056,8.9463
2026-05-10T07:00,15.0,93,13.8,15.6,0.1,0.1,0.0,0.0,0.0,51,1013.7,1012.4,100,44,41,100,4.2,25,10.1,11.0,0.0,11.0,0.0,0.0,0.02,0.13,15.5,0.294,Genova,44.4056,8.9463
2026-05-10T08:00,16.3,89,14.5,16.9,0.0,0.0,0.0,0.0,0.0,3,1013.6,1012.3,97,79,90,54,6.5,28,11.5,106.0,19.0,87.0,79.1,574.5,0.06,0.2,15.8,0.293,Genova,44.4056,8.9463
2026-05-10T09:00,16.8,86,14.4,18.0,0.1,0.1,0.0,0.0,0.0,51,1013.9,1012.6,100,100,100,20,1.9,29,13.7,104.0,5.0,99.0,12.1,0.0,0.07,0.27,16.2,0.294,Genova,44.4056,8.9463
2026-05-10T10:00,16.8,89,14.9,18.3,0.4,0.4,0.0,0.0,0.0,51,1014.0,1012.7,100,100,98,51,0.4,207,11.5,134.0,7.0,127.0,12.2,0.0,0.09,0.22,16.6,0.297,Genova,44.4056,8.9463
2026-05-10T11:00,16.9,89,15.0,18.5,0.2,0.2,0.0,0.0,0.0,51,1013.9,1012.6,100,100,100,1,0.6,162,7.9,155.0,3.0,152.0,4.2,0.0,0.11,0.22,16.9,0.299,Genova,44.4056,8.9463
2026-05-10T12:00,16.9,86,14.6,17.6,0.3,0.3,0.0,0.0,0.0,51,1014.1,1012.8,100,100,73,0,5.7,152,15.8,164.0,7.0,157.0,8.6,0.0,0.11,0.26,17.1,0.301,Genova,44.4056,8.9463
2026-05-10T13:00,16.7,90,15.1,17.2,0.3,0.3,0.0,0.0,0.0,51,1013.9,1012.6,100,100,96,31,8.1,152,21.2,253.0,20.0,233.0,22.9,0.0,0.15,0.19,17.3,0.303,Genova,44.4056,8.9463
2026-05-10T14:00,16.0,97,15.5,16.9,0.3,0.3,0.0,0.0,0.0,51,1014.0,1012.7,100,98,99,77,6.6,147,21.6,268.0,27.0,241.0,30.3,0.0,0.15,0.06,17.4,0.363,Genova,44.4056,8.9463
2026-05-10T15:00,16.8,92,15.6,17.9,0.2,0.2,0.0,0.0,0.0,51,1013.5,1012.2,100,26,100,80,5.8,176,20.5,286.0,57.0,229.0,66.3,188.25,0.17,0.15,17.3,0.362,Genova,44.4056,8.9463
2026-05-10T16:00,16.9,91,15.3,17.7,0.1,0.1,0.0,0.0,0.0,51,1013.1,1011.8,77,48,55,4,6.9,185,19.4,270.0,44.0,226.0,56.0,0.0,0.16,0.18,17.4,0.361,Genova,44.4056,8.9463
2026-05-10T17:00,17.0,89,15.2,17.9,0.1,0.1,0.0,0.0,0.0,51,1012.7,1011.4,95,94,82,0,6.3,178,20.5,317.0,98.0,219.0,145.7,2572.44,0.18,0.21,17.6,0.359,Genova,44.4056,8.9463
2026-05-10T18:00,17.0,87,14.9,17.9,0.0,0.0,0.0,0.0,0.0,3,1012.2,1010.9,100,100,68,1,5.2,168,18.4,241.0,104.0,137.0,197.1,3600.0,0.14,0.24,17.6,0.357,Genova,44.4056,8.9463
2026-05-10T19:00,16.7,89,15.0,18.0,0.0,0.0,0.0,0.0,0.0,2,1011.6,1010.3,50,27,8,26,2.7,184,15.1,104.0,32.0,72.0,88.5,853.7,0.07,0.2,17.4,0.355,Genova,44.4056,8.9463
2026-05-10T20:00,16.5,91,15.1,18.0,0.0,0.0,0.0,0.0,0.0,3,1011.9,1010.6,96,89,94,17,1.8,233,9.0,65.0,21.0,44.0,113.1,1593.39,0.04,0.16,17.1,0.362,Genova,44.4056,8.9463
2026-05-10T21:00,15.9,95,15.1,17.6,0.0,0.0,0.0,0.0,0.0,3,1011.9,1010.6,100,99,70,36,0.5,270,5.4,4.0,0.0,4.0,0.0,0.0,0.01,0.09,16.7,0.361,Genova,44.4056,8.9463
2026-05-10T22:00,15.9,95,15.0,17.5,0.0,0.0,0.0,0.0,0.0,3,1012.2,1010.9,100,100,30,23,0.4,360,3.6,0.0,0.0,0.0,0.0,0.0,0.0,0.1,16.4,0.359,Genova,44.4056,8.9463
2026-05-10T23:00,15.7,94,14.8,17.1,0.1,0.1,0.0,0.0,0.0,51,1012.2,1010.9,100,100,38,20,1.8,169,5.0,0.0,0.0,0.0,0.0,0.0,0.0,0.1,16.2,0.358,Genova,44.4056,8.9463
2026-05-11T00:00,15.8,94,14.9,17.0,0.2,0.2,0.0,0.0,0.0,51,1011.9,1010.6,100,100,33,9,3.1,170,8.6,0.0,0.0,0.0,0.0,0.0,0.0,0.1,16.1,0.358,Genova,44.4056,8.9463
2026-05-11T01:00,15.7,97,15.1,16.5,0.4,0.4,0.0,0.0,0.0,51,1011.6,1010.3,100,100,30,0,6.1,150,13.3,0.0,0.0,0.0,0.0,0.0,0.0,0.06,16.0,0.361,Genova,44.4056,8.9463
2026-05-11T02:00,15.3,99,15.2,15.4,0.8,0.8,0.0,0.0,0.0,53,1011.2,1009.9,100,100,22,27,10.9,151,18.7,0.0,0.0,0.0,0.0,0.0,0.0,0.01,16.5,0.369,Genova,44.4056,8.9463
2026-05-11T03:00,15.1,100,15.1,15.6,0.6,0.6,0.0,0.0,0.0,53,1010.2,1008.9,100,100,29,7,8.5,142,24.8,0.0,0.0,0.0,0.0,0.0,0.0,0.0,16.1,0.374,Genova,44.4056,8.9463
2026-05-11T04:00,15.1,100,15.0,15.4,0.5,0.5,0.0,0.0,0.0,53,1010.0,1008.7,100,100,18,11,9.5,169,25.2,0.0,0.0,0.0,0.0,0.0,0.0,0.01,15.9,0.378,Genova,44.4056,8.9463
2026-05-11T05:00,14.9,100,14.9,15.2,0.3,0.3,0.0,0.0,0.0,51,1009.7,1008.4,100,100,7,0,9.5,180,24.8,0.0,0.0,0.0,0.0,0.0,0.0,0.0,15.8,0.378,Genova,44.4056,8.9463
2026-05-11T06:00,14.6,100,14.6,14.2,0.3,0.3,0.0,0.0,0.0,51,1009.6,1008.3,100,100,28,1,13.2,190,27.7,0.0,0.0,0.0,0.0,0.0,0.0,0.0,15.6,0.379,Genova,44.4056,8.9463
2026-05-11T07:00,14.7,99,14.6,14.3,0.7,0.7,0.0,0.0,0.0,53,1009.6,1008.3,75,64,25,11,13.6,191,31.0,17.0,3.0,14.0,32.0,0.0,0.01,0.01,15.5,0.385,Genova,44.4056,8.9463
2026-05-11T08:00,15.5,93,14.4,14.1,1.3,1.3,0.0,0.0,0.0,61,1009.5,1008.2,46,28,13,19,19.2,195,34.9,105.0,32.0,73.0,131.6,2148.35,0.05,0.11,16.5,0.392,Genova,44.4056,8.9463
2026-05-11T09:00,15.5,98,15.1,14.8,2.9,2.9,0.0,0.0,0.0,63,1009.2,1007.9,98,97,13,1,16.0,192,51.1,240.0,106.0,134.0,253.9,3600.0,0.1,0.04,16.4,0.413,Genova,44.4056,8.9463
2026-05-11T10:00,15.9,98,15.6,15.1,0.1,0.1,0.0,0.0,0.0,51,1009.1,1007.8,73,67,22,0,18.0,187,47.5,278.0,123.0,155.0,212.8,3600.0,0.12,0.03,16.5,0.404,Genova,44.4056,8.9463
2026-05-11T11:00,15.9,99,15.8,15.2,0.2,0.2,0.0,0.0,0.0,51,1008.8,1007.5,100,100,14,0,18.4,182,55.1,414.0,218.0,196.0,305.4,3600.0,0.17,0.02,16.8,0.398,Genova,44.4056,8.9463
2026-05-11T12:00,16.3,95,15.4,15.6,0.6,0.6,0.0,0.0,0.0,53,1008.6,1007.3,100,100,26,7,17.5,182,51.8,453.0,157.0,296.0,192.5,3600.0,0.2,0.1,17.1,0.397,Genova,44.4056,8.9463
2026-05-11T13:00,16.1,97,15.6,15.6,0.9,0.9,0.0,0.0,0.0,53,1008.1,1006.8,94,91,14,15,16.5,196,46.1,300.0,70.0,230.0,79.9,596.06,0.14,0.06,17.0,0.398,Genova,44.4056,8.9463
2026-05-11T14:00,17.7,89,15.9,17.5,0.2,0.2,0.0,0.0,0.0,51,1007.3,1006.0,69,57,6,24,14.9,182,51.1,458.0,125.0,333.0,140.1,2402.51,0.24,0.22,17.3,0.405,Genova,44.4056,8.9463
2026-05-11T15:00,17.5,92,16.2,17.2,0.2,0.2,0.0,0.0,0.0,51,1006.6,1005.3,81,76,12,17,16.9,187,49.3,556.0,201.0,355.0,233.1,3600.0,0.26,0.16,18.0,0.399,Genova,44.4056,8.9463
2026-05-11T16:00,17.3,94,16.3,17.8,0.2,0.2,0.0,0.0,0.0,51,1005.8,1004.5,93,90,9,22,11.3,134,41.0,418.0,184.0,234.0,233.5,3600.0,0.22,0.13,18.2,0.395,Genova,44.4056,8.9463
2026-05-11T17:00,18.1,90,16.4,18.6,0.2,0.2,0.0,0.0,0.0,51,1005.3,1004.0,48,41,5,12,11.7,149,30.6,303.0,93.0,210.0,137.8,2335.25,0.17,0.22,18.3,0.392,Genova,44.4056,8.9463
2026-05-11T18:00,18.2,83,15.3,17.9,0.0,0.0,0.0,0.0,0.0,1,1005.0,1003.7,25,9,5,16,14.2,129,33.8,359.0,194.0,165.0,365.8,3600.0,0.19,0.35,18.4,0.388,Genova,44.4056,8.9463
2026-05-11T19:00,18.1,84,15.3,17.8,0.0,0.0,0.0,0.0,0.0,0,1004.8,1003.5,13,9,2,3,14.6,110,35.6,255.0,143.0,112.0,392.3,3600.0,0.14,0.34,18.2,0.384,Genova,44.4056,8.9463
2026-05-11T20:00,17.8,84,15.1,17.9,0.0,0.0,0.0,0.0,0.0,1,1004.6,1003.3,32,1,3,30,11.2,142,34.9,116.0,55.0,61.0,291.6,3600.0,0.07,0.33,17.9,0.367,Genova,44.4056,8.9463
2026-05-11T21:00,16.3,90,14.6,15.8,0.0,0.0,0.0,0.0,0.0,1,1004.9,1003.6,30,7,0,24,14.1,105,28.1,12.0,2.0,10.0,29.8,0.0,0.02,0.19,17.2,0.366,Genova,44.4056,8.9463
2026-05-11T22:00,15.8,88,13.9,14.2,0.0,0.0,0.0,0.0,0.0,0,1004.9,1003.6,16,13,1,2,19.9,96,40.0,0.0,0.0,0.0,0.0,0.0,0.01,0.21,16.7,0.365,Genova,44.4056,8.9463
2026-05-11T23:00,15.8,88,13.9,14.5,0.0,0.0,0.0,0.0,0.0,0,1004.8,1003.5,9,8,0,1,17.3,88,40.3,0.0,0.0,0.0,0.0,0.0,0.01,0.21,16.4,0.365,Genova,44.4056,8.9463
2026-05-12T00:00,15.7,89,13.8,14.9,0.0,0.0,0.0,0.0,0.0,0,1004.5,1003.2,8,7,1,0,13.5,69,35.3,0.0,0.0,0.0,0.0,0.0,0.0,0.2,16.1,0.364,Genova,44.4056,8.9463
2026-05-12T01:00,15.1,90,13.5,15.0,0.0,0.0,0.0,0.0,0.0,0,1004.5,1003.2,9,4,0,5,8.3,41,27.4,0.0,0.0,0.0,0.0,0.0,0.0,0.17,15.7,0.363,Genova,44.4056,8.9463
2026-05-12T02:00,14.8,92,13.5,14.5,0.0,0.0,0.0,0.0,0.0,0,1004.0,1002.7,2,2,0,0,9.9,74,19.4,0.0,0.0,0.0,0.0,0.0,0.0,0.13,16.6,0.359,Genova,44.4056,8.9463
2026-05-12T03:00,14.3,92,13.0,13.8,0.0,0.0,0.0,0.0,0.0,0,1003.5,1002.2,2,2,0,0,9.9,37,19.8,0.0,0.0,0.0,0.0,0.0,0.0,0.13,15.9,0.358,Genova,44.4056,8.9463
2026-05-12T04:00,13.8,90,12.1,13.3,0.0,0.0,0.0,0.0,0.0,0,1003.2,1001.9,6,6,0,0,7.8,40,19.8,0.0,0.0,0.0,0.0,0.0,0.0,0.16,15.3,0.358,Genova,44.4056,8.9463
2026-05-12T05:00,14.0,85,11.6,13.4,0.0,0.0,0.0,0.0,0.0,0,1002.9,1001.6,2,2,0,0,7.9,47,16.6,0.0,0.0,0.0,0.0,0.0,0.0,0.24,14.8,0.358,Genova,44.4056,8.9463
2026-05-12T06:00,12.8,88,10.9,11.8,0.0,0.0,0.0,0.0,0.0,0,1003.1,1001.8,2,1,2,0,9.0,12,19.1,0.0,0.0,0.0,0.0,0.0,0.0,0.17,14.4,0.357,Genova,44.4056,8.9463
2026-05-12T07:00,13.2,87,11.1,11.9,0.0,0.0,0.0,0.0,0.0,0,1003.5,1002.2,4,4,0,0,11.0,1,23.4,37.0,14.0,23.0,146.9,3252.91,0.02,0.2,14.2,0.357,Genova,44.4056,8.9463
2026-05-12T08:00,17.0,82,13.9,17.2,0.0,0.0,0.0,0.0,0.0,0,1003.3,1002.0,6,3,3,0,7.1,30,28.4,181.0,109.0,72.0,442.8,3600.0,0.09,0.34,15.0,0.379,Genova,44.4056,8.9463
2026-05-12T09:00,19.3,72,14.1,19.9,0.0,0.0,0.0,0.0,0.0,0,1003.5,1002.2,1,1,0,0,4.6,329,15.5,374.0,288.0,86.0,685.4,3600.0,0.21,0.62,16.3,0.378,Genova,44.4056,8.9463
2026-05-12T10:00,19.8,62,12.3,18.1,0.0,0.0,0.0,0.0,0.0,0,1004.3,1003.0,9,2,6,0,16.3,323,38.9,555.0,453.0,102.0,780.4,3600.0,0.33,0.88,17.5,0.375,Genova,44.4056,8.9463
2026-05-12T11:00,20.0,40,5.9,16.4,0.0,0.0,0.0,0.0,0.0,0,1005.1,1003.8,2,0,2,0,21.9,353,50.8,681.0,553.0,128.0,772.3,3600.0,0.44,1.41,18.3,0.372,Genova,44.4056,8.9463
2026-05-12T12:00,20.4,36,5.0,17.4,0.0,0.0,0.0,0.0,0.0,0,1006.0,1004.7,9,3,8,0,21.3,358,52.9,834.0,718.0,116.0,878.1,3600.0,0.53,1.52,18.9,0.368,Genova,44.4056,8.9463
2026-05-12T13:00,20.5,34,4.0,17.1,0.0,0.0,0.0,0.0,0.0,0,1005.9,1004.6,1,1,0,0,24.5,3,56.5,894.0,766.0,128.0,872.0,3600.0,0.57,1.6,19.4,0.363,Genova,44.4056,8.9463
2026-05-12T14:00,23.0,35,6.8,22.5,0.0,0.0,0.0,0.0,0.0,0,1005.0,1003.7,3,0,3,0,12.2,26,59.4,937.0,818.0,119.0,914.7,3600.0,0.62,1.82,20.2,0.358,Genova,44.4056,8.9463
2026-05-12T15:00,23.2,34,6.4,22.0,0.0,0.0,0.0,0.0,0.0,0,1005.0,1003.7,7,0,7,0,14.3,28,34.9,895.0,776.0,119.0,898.0,3600.0,0.6,1.88,20.8,0.354,Genova,44.4056,8.9463
2026-05-12T16:00,22.9,34,6.2,22.9,0.0,0.0,0.0,0.0,0.0,0,1005.0,1003.7,2,0,2,0,4.7,356,33.5,798.0,683.0,115.0,864.6,3600.0,0.52,1.85,21.4,0.35,Genova,44.4056,8.9463
2026-05-12T17:00,22.1,44,9.3,22.0,0.0,0.0,0.0,0.0,0.0,0,1005.4,1004.1,2,1,2,0,3.6,162,15.1,655.0,544.0,111.0,803.6,3600.0,0.41,1.49,21.6,0.347,Genova,44.4056,8.9463
2026-05-12T18:00,20.7,67,14.3,21.3,0.0,0.0,0.0,0.0,0.0,0,1005.9,1004.6,2,1,2,0,5.6,180,18.4,484.0,382.0,102.0,717.1,3600.0,0.29,0.81,21.3,0.346,Genova,44.4056,8.9463
2026-05-12T19:00,20.1,74,15.4,21.2,0.0,0.0,0.0,0.0,0.0,0,1006.1,1004.8,8,7,1,0,4.3,185,17.6,310.0,227.0,83.0,618.2,3600.0,0.18,0.6,20.8,0.345,Genova,44.4056,8.9463
2026-05-12T20:00,19.1,85,16.5,20.2,0.1,0.1,0.0,0.0,0.0,51,1006.2,1004.9,2,0,2,0,7.3,126,12.2,134.0,80.0,54.0,417.6,3600.0,0.07,0.33,20.3,0.339,Genova,44.4056,8.9463
2026-05-12T21:00,17.3,89,15.4,17.9,0.0,0.0,0.0,0.0,0.0,1,1007.1,1005.8,23,0,23,7,8.5,153,21.2,15.0,5.0,10.0,73.0,674.38,0.01,0.22,19.3,0.34,Genova,44.4056,8.9463
2026-05-12T22:00,15.8,93,14.6,16.3,0.7,0.7,0.0,0.0,0.0,53,1008.1,1006.8,28,20,10,0,6.6,111,20.2,0.0,0.0,0.0,0.0,0.0,0.0,0.13,18.2,0.346,Genova,44.4056,8.9463
2026-05-12T23:00,15.5,95,14.6,15.9,0.0,0.0,0.0,0.0,0.0,0,1008.5,1007.2,14,8,9,1,7.4,76,18.7,0.0,0.0,0.0,0.0,0.0,0.0,0.09,17.5,0.347,Genova,44.4056,8.9463
2026-05-13T00:00,14.4,95,13.6,14.3,0.0,0.0,0.0,0.0,0.0,0,1007.9,1006.6,8,4,4,0,8.2,19,17.6,0.0,0.0,0.0,0.0,0.0,0.0,0.08,16.8,0.347,Genova,44.4056,8.9463
2026-05-13T01:00,12.9,96,12.2,12.7,0.0,0.0,0.0,0.0,0.0,0,1007.6,1006.3,10,3,8,0,6.3,13,18.7,0.0,0.0,0.0,0.0,0.0,0.0,0.07,16.1,0.348,Genova,44.4056,8.9463
2026-05-13T02:00,13.4,90,11.8,12.9,0.0,0.0,0.0,0.0,0.0,3,1007.3,1006.0,90,0,90,0,7.1,19,14.8,0.0,0.0,0.0,0.0,0.0,0.0,0.16,15.6,0.319,Genova,44.4056,8.9463
2026-05-13T03:00,13.0,87,11.0,12.6,0.0,0.0,0.0,0.0,0.0,2,1007.1,1005.8,55,0,55,0,4.9,2,15.8,0.0,0.0,0.0,0.0,0.0,0.0,0.19,15.2,0.32,Genova,44.4056,8.9463
2026-05-13T04:00,12.4,81,9.2,11.0,0.0,0.0,0.0,0.0,0.0,3,1006.8,1005.5,84,6,61,58,8.3,5,18.0,0.0,0.0,0.0,0.0,0.0,0.0,0.27,14.9,0.321,Genova,44.4056,8.9463
2026-05-13T05:00,12.3,76,8.2,10.3,0.0,0.0,0.0,0.0,0.0,3,1006.7,1005.4,100,0,64,100,10.3,7,20.9,0.0,0.0,0.0,0.0,0.0,0.02,0.35,14.6,0.322,Genova,44.4056,8.9463
2026-05-13T06:00,12.0,72,7.2,9.4,0.0,0.0,0.0,0.0,0.0,3,1007.0,1005.7,100,5,89,100,13.0,359,26.3,0.0,0.0,0.0,0.0,0.0,0.03,0.39,14.3,0.322,Genova,44.4056,8.9463
2026-05-13T07:00,12.0,76,8.0,9.8,0.0,0.0,0.0,0.0,0.0,3,1007.6,1006.3,100,0,99,99,11.9,2,26.3,17.0,0.0,17.0,0.0,0.0,0.04,0.33,14.2,0.322,Genova,44.4056,8.9463
2026-05-13T08:00,13.8,83,10.9,13.1,0.0,0.0,0.0,0.0,0.0,3,1008.2,1006.9,99,27,57,99,6.3,355,24.8,102.0,8.0,94.0,32.1,0.0,0.06,0.27,14.5,0.322,Genova,44.4056,8.9463
2026-05-13T09:00,14.4,87,12.2,13.4,0.0,0.0,0.0,0.0,0.0,3,1008.3,1007.0,98,79,19,91,11.6,336,28.1,221.0,27.0,194.0,63.9,115.63,0.11,0.22,15.1,0.322,Genova,44.4056,8.9463
2026-05-13T10:00,15.9,77,11.8,14.1,0.0,0.0,0.0,0.0,0.0,3,1008.2,1006.9,99,80,13,96,15.9,337,38.5,431.0,219.0,212.0,375.7,3600.0,0.22,0.42,15.9,0.321,Genova,44.4056,8.9463
2026-05-13T11:00,17.0,68,11.1,15.1,0.0,0.0,0.0,0.0,0.0,3,1007.9,1006.6,95,24,6,94,15.7,333,40.0,559.0,305.0,254.0,424.7,3600.0,0.3,0.61,16.8,0.32,Genova,44.4056,8.9463
2026-05-13T12:00,17.7,64,10.8,15.8,0.0,0.0,0.0,0.0,0.0,3,1008.0,1006.7,88,12,15,86,15.2,336,39.2,567.0,306.0,261.0,373.3,3600.0,0.33,0.73,17.4,0.318,Genova,44.4056,8.9463
2026-05-13T13:00,18.9,56,9.8,18.4,0.0,0.0,0.0,0.0,0.0,3,1007.6,1006.3,91,7,43,87,9.9,331,36.7,721.0,376.0,345.0,427.1,3600.0,0.43,0.97,18.3,0.316,Genova,44.4056,8.9463
2026-05-13T14:00,19.7,50,8.9,19.8,0.0,0.0,0.0,0.0,0.0,3,1007.1,1005.8,84,0,40,74,4.8,299,27.0,726.0,390.0,336.0,435.2,3600.0,0.45,1.15,19.2,0.316,Genova,44.4056,8.9463
2026-05-13T15:00,18.8,58,10.3,18.9,0.1,0.1,0.0,0.0,0.0,51,1006.9,1005.6,70,19,20,61,4.1,193,16.6,644.0,383.0,261.0,442.2,3600.0,0.4,0.92,19.6,0.314,Genova,44.4056,8.9463
2026-05-13T16:00,18.8,62,11.4,19.0,0.1,0.1,0.0,0.0,0.0,51,1006.4,1005.1,56,28,19,35,6.1,223,20.2,656.0,466.0,190.0,588.4,3600.0,0.39,0.82,19.9,0.313,Genova,44.4056,8.9463
2026-05-13T17:00,18.1,70,12.5,17.9,0.3,0.3,0.0,0.0,0.0,51,1006.2,1004.9,31,9,25,0,7.9,227,23.0,588.0,433.0,155.0,637.6,3600.0,0.33,0.63,19.9,0.314,Genova,44.4056,8.9463
2026-05-13T18:00,17.5,77,13.4,17.4,0.2,0.2,0.0,0.0,0.0,51,1006.2,1004.9,10,6,9,1,8.1,201,23.4,446.0,328.0,118.0,612.9,3600.0,0.24,0.46,19.5,0.315,Genova,44.4056,8.9463
2026-05-13T19:00,16.7,81,13.5,16.5,0.0,0.0,0.0,0.0,0.0,1,1006.1,1004.8,30,23,23,4,9.0,182,23.0,259.0,158.0,101.0,427.2,3600.0,0.14,0.36,19.0,0.315,Genova,44.4056,8.9463
2026-05-13T20:00,16.5,84,13.7,17.0,0.0,0.0,0.0,0.0,0.0,1,1006.1,1004.8,27,2,17,15,5.0,165,22.3,104.0,48.0,56.0,246.8,3600.0,0.06,0.31,18.6,0.314,Genova,44.4056,8.9463
2026-05-13T21:00,15.2,84,12.4,14.7,0.0,0.0,0.0,0.0,0.0,1,1006.0,1004.7,24,11,4,14,8.2,158,16.6,14.0,4.0,10.0,57.2,291.74,0.02,0.28,17.6,0.314,Genova,44.4056,8.9463
2026-05-13T22:00,14.4,85,11.9,14.1,0.0,0.0,0.0,0.0,0.0,0,1006.4,1005.1,18,13,10,2,6.0,123,17.6,0.0,0.0,0.0,0.0,0.0,0.0,0.25,16.7,0.315,Genova,44.4056,8.9463
2026-05-13T23:00,13.8,87,11.6,13.6,0.0,0.0,0.0,0.0,0.0,1,1006.1,1004.8,23,19,5,2,4.5,92,13.0,0.0,0.0,0.0,0.0,0.0,0.0,0.21,16.0,0.315,Genova,44.4056,8.9463
2026-05-14T00:00,13.5,88,11.5,13.0,0.0,0.0,0.0,0.0,0.0,0,1005.8,1004.5,11,5,6,0,6.1,92,13.3,0.0,0.0,0.0,0.0,0.0,0.0,0.19,15.4,0.316,Genova,44.4056,8.9463
2026-05-14T01:00,13.0,88,11.0,12.4,0.0,0.0,0.0,0.0,0.0,1,1005.4,1004.1,27,18,12,0,6.0,81,13.7,0.0,0.0,0.0,0.0,0.0,0.0,0.18,14.9,0.316,Genova,44.4056,8.9463
2026-05-14T02:00,13.6,90,12.0,13.3,0.0,0.0,0.0,0.0,0.0,0,1004.8,1003.5,15,9,7,1,5.9,76,16.2,0.0,0.0,0.0,0.0,0.0,0.0,0.15,15.0,0.3,Genova,44.4056,8.9463
2026-05-14T03:00,13.4,88,11.4,12.8,0.0,0.0,0.0,0.0,0.0,0,1003.6,1002.3,14,1,13,1,6.7,59,16.9,0.0,0.0,0.0,0.0,0.0,0.0,0.18,14.6,0.3,Genova,44.4056,8.9463
2026-05-14T04:00,13.1,85,10.6,12.6,0.0,0.0,0.0,0.0,0.0,1,1002.9,1001.6,23,5,8,13,4.1,52,15.5,0.0,0.0,0.0,0.0,0.0,0.0,0.23,14.2,0.301,Genova,44.4056,8.9463
2026-05-14T05:00,12.8,87,10.7,12.2,0.0,0.0,0.0,0.0,0.0,1,1002.4,1001.1,49,24,2,31,5.8,51,13.7,0.0,0.0,0.0,0.0,0.0,0.0,0.2,13.9,0.301,Genova,44.4056,8.9463
2026-05-14T06:00,12.9,90,11.3,12.3,0.0,0.0,0.0,0.0,0.0,1,1002.1,1000.8,49,5,5,44,6.5,58,15.1,0.0,0.0,0.0,0.0,0.0,0.0,0.14,13.9,0.302,Genova,44.4056,8.9463
2026-05-14T07:00,13.6,90,11.9,13.3,0.0,0.0,0.0,0.0,0.0,2,1001.9,1000.6,73,2,15,69,5.6,40,14.4,38.0,14.0,24.0,142.6,3206.7,0.01,0.16,14.0,0.302,Genova,44.4056,8.9463
2026-05-14T08:00,15.9,84,13.2,16.1,0.0,0.0,0.0,0.0,0.0,2,1001.6,1000.3,52,2,2,51,5.7,46,11.9,170.0,76.0,94.0,301.7,3600.0,0.08,0.29,14.5,0.303,Genova,44.4056,8.9463
2026-05-14T09:00,17.2,72,12.0,16.8,0.0,0.0,0.0,0.0,0.0,1,1001.3,1000.0,28,0,2,27,7.0,119,18.0,324.0,196.0,128.0,460.7,3600.0,0.18,0.55,15.6,0.302,Genova,44.4056,8.9463
2026-05-14T10:00,17.6,72,12.5,17.0,0.0,0.0,0.0,0.0,0.0,1,1001.0,999.7,21,5,4,16,9.2,140,24.8,518.0,383.0,135.0,654.5,3600.0,0.28,0.57,16.7,0.301,Genova,44.4056,8.9463
2026-05-14T11:00,16.9,78,13.1,16.4,0.0,0.0,0.0,0.0,0.0,1,1001.0,999.7,34,18,10,16,13.0,119,33.1,627.0,431.0,196.0,598.3,3600.0,0.32,0.42,17.5,0.3,Genova,44.4056,8.9463
2026-05-14T12:00,17.4,77,13.4,17.5,0.0,0.0,0.0,0.0,0.0,2,1000.7,999.4,53,29,13,28,13.3,128,36.0,721.0,516.0,205.0,628.0,3600.0,0.37,0.45,18.2,0.299,Genova,44.4056,8.9463
2026-05-14T13:00,16.6,82,13.6,17.0,0.3,0.3,0.0,0.0,0.0,51,1000.4,999.1,97,91,23,59,10.9,147,36.4,688.0,371.0,317.0,420.5,3600.0,0.35,0.33,18.6,0.3,Genova,44.4056,8.9463
2026-05-14T14:00,18.4,67,12.2,17.1,0.2,0.2,0.0,0.0,0.0,51,998.9,997.6,58,13,7,49,13.9,170,31.3,547.0,210.0,337.0,233.8,3600.0,0.32,0.7,19.0,0.292,Genova,44.4056,8.9463
2026-05-14T15:00,17.9,71,12.6,16.6,0.0,0.0,0.0,0.0,0.0,1,998.7,997.4,39,4,9,35,21.6,202,51.1,778.0,554.0,224.0,638.3,3600.0,0.39,0.59,19.3,0.291,Genova,44.4056,8.9463
2026-05-14T16:00,17.7,74,13.0,15.5,0.0,0.0,0.0,0.0,0.0,1,997.6,996.3,34,3,23,13,27.1,206,63.0,727.0,525.0,202.0,661.2,3600.0,0.34,0.53,19.4,0.289,Genova,44.4056,8.9463
2026-05-14T17:00,16.9,75,12.5,13.3,0.0,0.0,0.0,0.0,0.0,2,996.7,995.4,67,0,8,66,31.3,207,71.6,602.0,433.0,169.0,635.5,3600.0,0.28,0.48,19.3,0.287,Genova,44.4056,8.9463
2026-05-14T18:00,16.2,87,13.9,13.8,0.1,0.1,0.0,0.0,0.0,51,996.4,995.1,25,7,4,19,25.2,210,75.6,387.0,210.0,177.0,390.7,3600.0,0.17,0.25,18.8,0.288,Genova,44.4056,8.9463
2026-05-14T19:00,16.0,86,13.7,13.7,0.1,0.1,0.0,0.0,0.0,51,995.5,994.2,70,6,30,55,23.4,226,65.2,274.0,181.0,93.0,486.0,3600.0,0.13,0.25,18.3,0.289,Genova,44.4056,8.9463
2026-05-14T20:00,16.2,86,13.9,14.0,1.4,1.4,0.0,0.0,0.0,61,995.5,994.2,55,0,46,18,23.6,230,57.2,106.0,52.0,54.0,263.5,3600.0,0.07,0.25,17.2,0.287,Genova,44.4056,8.9463
2026-05-14T21:00,15.1,92,13.9,14.7,0.0,0.0,0.0,0.0,0.0,0,995.9,994.6,12,0,12,1,11.8,231,50.4,16.0,5.0,11.0,70.0,614.94,0.01,0.13,16.7,0.288,Genova,44.4056,8.9463
2026-05-14T22:00,13.7,92,12.5,14.2,0.0,0.0,0.0,0.0,0.0,0,996.5,995.2,19,3,2,15,1.9,326,24.8,0.0,0.0,0.0,0.0,0.0,0.0,0.12,16.0,0.288,Genova,44.4056,8.9463
2026-05-14T23:00,12.7,92,11.4,11.9,0.0,0.0,0.0,0.0,0.0,1,997.3,996.0,41,27,3,16,8.2,19,16.2,0.0,0.0,0.0,0.0,0.0,0.0,0.12,15.3,0.289,Genova,44.4056,8.9463
2026-05-15T00:00,12.1,88,10.3,10.2,0.0,0.0,0.0,0.0,0.0,3,997.7,996.4,84,55,1,65,13.8,27,26.3,0.0,0.0,0.0,0.0,0.0,0.0,0.16,14.8,0.29,Genova,44.4056,8.9463
2026-05-15T01:00,11.6,88,9.6,9.3,0.0,0.0,0.0,0.0,0.0,3,998.1,996.8,91,70,2,73,14.6,32,29.5,0.0,0.0,0.0,0.0,0.0,0.01,0.17,14.4,0.29,Genova,44.4056,8.9463
2026-05-15T02:00,11.0,85,8.5,8.7,0.0,0.0,0.0,0.0,0.0,3,997.6,996.3,95,16,12,93,13.1,38,29.2,0.0,0.0,0.0,0.0,0.0,0.01,0.2,13.9,0.318,Genova,44.4056,8.9463
2026-05-15T03:00,11.5,84,8.9,9.3,0.0,0.0,0.0,0.0,0.0,3,997.0,995.7,100,26,55,99,13.0,42,27.0,0.0,0.0,0.0,0.0,0.0,0.01,0.21,13.7,0.318,Genova,44.4056,8.9463
2026-05-15T04:00,11.7,81,8.5,9.4,0.0,0.0,0.0,0.0,0.0,3,996.9,995.6,100,25,93,100,12.9,36,28.8,0.0,0.0,0.0,0.0,0.0,0.01,0.26,13.6,0.317,Genova,44.4056,8.9463
2026-05-15T05:00,11.2,87,9.2,9.8,0.3,0.3,0.0,0.0,0.0,51,997.4,996.1,100,63,97,99,8.1,357,26.6,0.0,0.0,0.0,0.0,0.0,0.0,0.17,13.5,0.32,Genova,44.4056,8.9463
2026-05-15T06:00,11.0,92,9.8,9.7,1.0,1.0,0.0,0.0,0.0,55,997.6,996.3,97,14,81,86,8.9,7,26.3,0.0,0.0,0.0,0.0,0.0,0.0,0.1,13.2,0.329,Genova,44.4056,8.9463
2026-05-15T07:00,11.9,92,10.7,11.3,0.0,0.0,0.0,0.0,0.0,3,997.7,996.4,96,4,77,85,5.4,84,17.3,23.0,1.0,22.0,10.0,0.0,0.02,0.11,13.1,0.328,Genova,44.4056,8.9463
2026-05-15T08:00,12.9,88,11.0,11.9,0.0,0.0,0.0,0.0,0.0,3,997.8,996.5,95,1,52,93,8.9,98,17.6,118.0,26.0,92.0,102.1,1263.46,0.06,0.18,13.6,0.324,Genova,44.4056,8.9463
2026-05-15T09:00,13.9,84,11.2,13.4,0.0,0.0,0.0,0.0,0.0,3,998.1,996.8,82,4,64,64,5.8,160,23.0,269.0,114.0,155.0,266.4,3600.0,0.13,0.25,14.3,0.324,Genova,44.4056,8.9463
2026-05-15T10:00,12.3,90,10.7,11.6,1.5,1.5,0.0,0.0,0.0,61,998.8,997.5,99,20,98,49,6.2,237,25.9,384.0,181.0,203.0,308.1,3600.0,0.18,0.14,14.8,0.336,Genova,44.4056,8.9463
2026-05-15T11:00,13.0,90,11.3,12.9,1.3,1.3,0.0,0.0,0.0,61,999.3,998.0,91,31,84,26,3.6,342,25.9,415.0,141.0,274.0,195.2,3600.0,0.22,0.15,14.7,0.349,Genova,44.4056,8.9463
2026-05-15T12:00,14.8,78,11.0,14.9,0.0,0.0,0.0,0.0,0.0,2,999.3,998.0,68,11,50,34,4.8,135,23.0,628.0,371.0,257.0,450.5,3600.0,0.34,0.37,15.5,0.348,Genova,44.4056,8.9463
2026-05-15T13:00,15.4,73,10.5,15.1,0.2,0.2,0.0,0.0,0.0,51,999.4,998.1,99,98,55,35,9.1,173,26.3,711.0,418.0,293.0,472.8,3600.0,0.37,0.48,16.4,0.347,Genova,44.4056,8.9463
2026-05-15T14:00,15.2,75,10.9,14.1,4.3,4.3,0.0,0.0,0.0,63,999.0,997.7,63,20,36,46,12.2,181,30.6,622.0,336.0,286.0,373.4,3600.0,0.32,0.43,17.1,0.343,Genova,44.4056,8.9463
2026-05-15T15:00,14.5,77,10.6,13.6,0.3,0.3,0.0,0.0,0.0,51,999.5,998.2,71,33,44,47,7.9,201,33.8,512.0,264.0,248.0,303.5,3600.0,0.27,0.37,16.6,0.344,Genova,44.4056,8.9463
2026-05-15T16:00,13.2,85,10.7,12.2,1.3,1.3,0.0,0.0,0.0,61,999.9,998.6,49,17,27,27,8.1,211,28.1,552.0,313.0,239.0,393.2,3600.0,0.27,0.23,16.5,0.354,Genova,44.4056,8.9463
2026-05-15T17:00,14.1,81,10.9,13.7,0.5,0.5,0.0,0.0,0.0,53,999.9,998.6,77,20,48,62,4.2,144,27.7,451.0,237.0,214.0,346.8,3600.0,0.24,0.3,16.2,0.356,Genova,44.4056,8.9463
2026-05-15T18:00,12.5,88,10.6,11.9,0.5,0.5,0.0,0.0,0.0,53,1000.4,999.1,70,34,21,49,5.7,148,24.8,281.0,103.0,178.0,190.8,3600.0,0.14,0.18,15.8,0.359,Genova,44.4056,8.9463
2026-05-15T19:00,12.2,89,10.5,11.8,0.4,0.4,0.0,0.0,0.0,51,1000.4,999.1,84,48,56,48,3.9,103,16.2,175.0,64.0,111.0,170.7,3319.82,0.09,0.15,15.2,0.36,Genova,44.4056,8.9463
2026-05-15T20:00,11.4,94,10.5,11.1,3.0,3.0,0.0,0.0,0.0,63,1001.0,999.7,88,46,63,69,2.8,297,15.1,53.0,6.0,47.0,30.0,0.0,0.03,0.08,14.1,0.389,Genova,44.4056,8.9463
2026-05-15T21:00,10.6,95,9.9,9.2,0.3,0.3,0.0,0.0,0.0,51,1000.9,999.6,100,99,88,59,9.7,333,19.8,8.0,1.0,7.0,13.7,0.0,0.01,0.06,13.4,0.387,Genova,44.4056,8.9463
2026-05-15T22:00,10.0,94,9.0,7.6,0.0,0.0,0.0,0.0,0.0,3,1001.3,1000.0,100,100,85,51,14.1,345,29.5,0.0,0.0,0.0,0.0,0.0,0.0,0.08,12.6,0.383,Genova,44.4056,8.9463
2026-05-15T23:00,9.7,93,8.7,6.8,0.1,0.1,0.0,0.0,0.0,51,1001.7,1000.4,100,100,92,49,17.6,342,37.4,0.0,0.0,0.0,0.0,0.0,0.0,0.08,12.1,0.381,Genova,44.4056,8.9463
2026-05-16T00:00,9.5,94,8.7,6.4,0.7,0.7,0.0,0.0,0.0,53,1001.6,1000.3,100,100,99,91,19.0,355,39.6,0.0,0.0,0.0,0.0,0.0,0.0,0.07,11.8,0.384,Genova,44.4056,8.9463
2026-05-16T01:00,9.3,95,8.5,6.5,1.4,1.4,0.0,0.0,0.0,61,1001.5,1000.2,99,57,86,92,16.0,7,40.0,0.0,0.0,0.0,0.0,0.0,0.0,0.06,11.4,0.396,Genova,44.4056,8.9463
2026-05-16T02:00,9.5,94,8.6,7.0,0.8,0.8,0.0,0.0,0.0,53,1001.0,999.7,98,95,69,25,15.0,353,35.3,0.0,0.0,0.0,0.0,0.0,0.0,0.07,12.0,0.405,Genova,44.4056,8.9463
2026-05-16T03:00,9.8,95,9.1,6.9,0.3,0.3,0.0,0.0,0.0,51,1000.3,999.0,77,70,2,22,18.4,357,40.3,0.0,0.0,0.0,0.0,0.0,0.0,0.06,11.7,0.401,Genova,44.4056,8.9463
2026-05-16T04:00,9.3,93,8.3,5.6,0.0,0.0,0.0,0.0,0.0,2,1000.2,998.9,63,23,37,27,21.9,354,47.5,0.0,0.0,0.0,0.0,0.0,0.0,0.08,11.4,0.396,Genova,44.4056,8.9463
2026-05-16T05:00,9.4,92,8.2,5.7,0.2,0.2,0.0,0.0,0.0,51,1000.2,998.9,93,45,55,84,22.4,354,49.3,0.0,0.0,0.0,0.0,0.0,0.0,0.09,11.2,0.393,Genova,44.4056,8.9463
2026-05-16T06:00,9.6,92,8.4,6.3,0.0,0.0,0.0,0.0,0.0,2,1000.7,999.4,66,37,36,23,19.9,355,49.7,0.0,0.0,0.0,0.0,0.0,0.0,0.1,11.1,0.39,Genova,44.4056,8.9463
2026-05-16T07:00,9.8,89,8.2,7.1,0.0,0.0,0.0,0.0,0.0,1,1001.5,1000.2,34,2,21,16,15.2,344,45.4,37.0,10.0,27.0,99.2,1754.07,0.02,0.13,11.1,0.387,Genova,44.4056,8.9463
2026-05-16T08:00,11.4,86,9.1,8.9,0.0,0.0,0.0,0.0,0.0,0,1001.5,1000.2,9,0,9,0,15.2,344,39.2,170.0,84.0,86.0,326.5,3600.0,0.07,0.19,11.6,0.384,Genova,44.4056,8.9463
2026-05-16T09:00,12.9,80,9.5,10.5,0.0,0.0,0.0,0.0,0.0,0,1002.1,1000.8,0,0,0,0,15.6,346,38.5,365.0,260.0,105.0,604.3,3600.0,0.16,0.3,12.4,0.381,Genova,44.4056,8.9463
2026-05-16T10:00,14.8,67,8.8,11.8,0.0,0.0,0.0,0.0,0.0,0,1002.4,1001.1,9,9,0,0,18.9,344,45.7,571.0,469.0,102.0,795.4,3600.0,0.27,0.56,13.6,0.377,Genova,44.4056,8.9463
2026-05-16T11:00,16.2,53,6.7,13.2,0.0,0.0,0.0,0.0,0.0,0,1003.0,1001.7,11,10,1,0,20.7,343,49.0,715.0,592.0,123.0,817.2,3600.0,0.38,0.86,14.6,0.373,Genova,44.4056,8.9463
2026-05-16T12:00,17.2,45,5.3,14.3,0.0,0.0,0.0,0.0,0.0,0,1003.5,1002.2,5,3,2,0,21.4,344,51.8,833.0,692.0,141.0,838.3,3600.0,0.46,1.07,15.7,0.368,Genova,44.4056,8.9463
2026-05-16T13:00,18.0,42,5.0,15.5,0.0,0.0,0.0,0.0,0.0,0,1003.9,1002.6,5,2,3,0,20.4,342,51.1,907.0,768.0,139.0,866.9,3600.0,0.51,1.19,16.6,0.364,Genova,44.4056,8.9463
2026-05-16T14:00,19.4,37,4.2,17.7,0.0,0.0,0.0,0.0,0.0,0,1004.1,1002.8,19,1,19,0,15.3,338,49.0,919.0,781.0,138.0,866.2,3600.0,0.55,1.42,17.5,0.363,Genova,44.4056,8.9463
2026-05-16T15:00,19.5,33,2.9,17.6,0.0,0.0,0.0,0.0,0.0,0,1004.3,1003.0,4,0,4,0,14.4,332,38.9,884.0,741.0,143.0,850.1,3600.0,0.54,1.52,18.1,0.358,Genova,44.4056,8.9463
2026-05-16T16:00,19.6,33,3.0,17.4,0.0,0.0,0.0,0.0,0.0,0,1004.8,1003.5,4,0,4,0,12.4,326,35.6,773.0,627.0,146.0,785.8,3600.0,0.48,1.52,18.5,0.354,Genova,44.4056,8.9463
2026-05-16T17:00,19.3,35,3.5,17.4,0.0,0.0,0.0,0.0,0.0,0,1005.5,1004.2,2,0,2,0,7.8,278,30.6,687.0,579.0,108.0,844.6,3600.0,0.42,1.45,18.7,0.35,Genova,44.4056,8.9463
2026-05-16T18:00,18.4,46,6.7,16.3,0.0,0.0,0.0,0.0,0.0,0,1006.1,1004.8,0,0,0,0,8.6,248,21.6,513.0,414.0,99.0,763.6,3600.0,0.31,1.14,18.5,0.347,Genova,44.4056,8.9463
2026-05-16T19:00,17.5,63,10.3,16.2,0.0,0.0,0.0,0.0,0.0,0,1006.4,1005.1,0,0,0,0,9.4,238,21.6,325.0,241.0,84.0,638.3,3600.0,0.19,0.74,18.1,0.345,Genova,44.4056,8.9463
2026-05-16T20:00,16.9,77,12.9,16.7,0.0,0.0,0.0,0.0,0.0,0,1007.0,1005.7,1,0,1,0,7.9,250,20.2,151.0,95.0,56.0,468.1,3600.0,0.08,0.44,17.3,0.33,Genova,44.4056,8.9463
2026-05-16T21:00,15.2,62,8.0,13.3,0.0,0.0,0.0,0.0,0.0,0,1008.0,1006.7,0,0,0,0,9.2,259,22.3,19.0,7.0,12.0,94.4,1267.54,0.04,0.65,16.4,0.33,Genova,44.4056,8.9463
2026-05-16T22:00,14.6,52,4.8,12.9,0.0,0.0,0.0,0.0,0.0,0,1008.9,1007.6,0,0,0,0,3.4,328,19.8,0.0,0.0,0.0,0.0,0.0,0.01,0.81,15.1,0.33,Genova,44.4056,8.9463
2026-05-16T23:00,14.1,48,3.2,12.5,0.0,0.0,0.0,0.0,0.0,0,1009.6,1008.3,0,0,0,0,0.0,270,8.3,0.0,0.0,0.0,0.0,0.0,0.0,0.84,14.1,0.33,Genova,44.4056,8.9463
2026-05-17T00:00,13.0,52,3.3,10.9,0.0,0.0,0.0,0.0,0.0,0,1010.3,1009.0,0,0,0,0,3.3,68,6.5,0.0,0.0,0.0,0.0,0.0,0.01,0.72,13.3,0.33,Genova,44.4056,8.9463
2026-05-17T01:00,12.7,51,2.9,10.4,0.0,0.0,0.0,0.0,0.0,0,1010.8,1009.5,0,0,0,0,4.6,51,10.1,0.0,0.0,0.0,0.0,0.0,0.02,0.71,12.7,0.33,Genova,44.4056,8.9463
2026-05-17T02:00,11.8,66,5.6,9.8,0.0,0.0,0.0,0.0,0.0,0,1010.9,1009.6,0,0,0,0,6.0,46,12.2,0.0,0.0,0.0,0.0,0.0,0.01,0.48,12.4,0.33,Genova,44.4056,8.9463
2026-05-17T03:00,11.9,63,5.0,9.8,0.0,0.0,0.0,0.0,0.0,0,1011.1,1009.8,0,0,0,0,6.1,32,14.4,0.0,0.0,0.0,0.0,0.0,0.01,0.52,12.2,0.33,Genova,44.4056,8.9463
2026-05-17T04:00,11.7,66,5.4,9.7,0.0,0.0,0.0,0.0,0.0,0,1011.3,1010.0,0,0,0,0,6.0,27,14.8,0.0,0.0,0.0,0.0,0.0,0.01,0.47,12.1,0.33,Genova,44.4056,8.9463
2026-05-17T05:00,11.2,69,5.8,9.3,0.0,0.0,0.0,0.0,0.0,0,1011.4,1010.1,0,0,0,0,5.8,22,14.8,0.0,0.0,0.0,0.0,0.0,0.01,0.41,12.1,0.33,Genova,44.4056,8.9463
2026-05-17T06:00,10.4,71,5.4,8.3,0.0,0.0,0.0,0.0,0.0,0,1011.7,1010.4,0,0,0,0,6.5,14,16.9,0.0,0.0,0.0,0.0,0.0,0.01,0.37,11.9,0.33,Genova,44.4056,8.9463
2026-05-17T07:00,11.2,72,6.3,9.6,0.0,0.0,0.0,0.0,0.0,0,1012.1,1010.8,2,0,0,2,4.4,9,16.9,51.0,25.0,26.0,244.9,3600.0,0.02,0.37,11.9,0.33,Genova,44.4056,8.9463
2026-05-17T08:00,14.3,81,11.0,14.2,0.0,0.0,0.0,0.0,0.0,1,1012.5,1011.2,22,0,0,22,2.7,356,13.0,206.0,140.0,66.0,538.9,3600.0,0.09,0.31,12.1,0.328,Genova,44.4056,8.9463
2026-05-17T09:00,16.6,59,8.5,15.5,0.0,0.0,0.0,0.0,0.0,1,1013.3,1012.0,38,0,0,38,4.9,190,15.1,391.0,302.0,89.0,698.1,3600.0,0.21,0.77,13.6,0.327,Genova,44.4056,8.9463
2026-05-17T10:00,17.1,67,10.9,16.5,0.0,0.0,0.0,0.0,0.0,1,1013.8,1012.5,32,0,0,32,6.5,172,20.5,568.0,461.0,107.0,779.1,3600.0,0.31,0.64,15.0,0.325,Genova,44.4056,8.9463
2026-05-17T11:00,17.8,67,11.5,18.2,0.0,0.0,0.0,0.0,0.0,1,1013.9,1012.6,46,1,6,42,7.6,172,23.8,723.0,603.0,120.0,830.2,3600.0,0.4,0.68,16.2,0.323,Genova,44.4056,8.9463
2026-05-17T12:00,18.3,65,11.5,19.2,0.0,0.0,0.0,0.0,0.0,2,1014.3,1013.0,63,4,16,55,8.2,172,25.6,827.0,688.0,139.0,831.7,3600.0,0.46,0.74,17.3,0.321,Genova,44.4056,8.9463
2026-05-17T13:00,18.5,61,10.8,19.1,0.0,0.0,0.0,0.0,0.0,2,1014.5,1013.2,66,2,20,56,8.3,174,26.6,816.0,619.0,197.0,697.4,3600.0,0.47,0.84,18.1,0.318,Genova,44.4056,8.9463
2026-05-17T14:00,19.7,50,8.9,19.2,0.0,0.0,0.0,0.0,0.0,1,1014.2,1012.9,30,1,17,16,9.9,170,25.6,760.0,531.0,229.0,587.8,3600.0,0.47,1.15,19.0,0.316,Genova,44.4056,8.9463
2026-05-17T15:00,18.9,52,9.0,18.1,0.0,0.0,0.0,0.0,0.0,1,1014.3,1013.0,23,2,21,1,11.4,167,30.2,741.0,539.0,202.0,617.1,3600.0,0.44,1.04,19.2,0.313,Genova,44.4056,8.9463
2026-05-17T16:00,18.6,59,10.4,18.0,0.0,0.0,0.0,0.0,0.0,0,1014.2,1012.9,16,4,13,0,12.6,183,33.8,746.0,593.0,153.0,741.4,3600.0,0.42,0.88,19.4,0.31,Genova,44.4056,8.9463
2026-05-17T17:00,17.9,66,11.4,17.2,0.0,0.0,0.0,0.0,0.0,0,1014.4,1013.1,15,2,14,0,10.4,198,33.1,627.0,489.0,138.0,711.2,3600.0,0.35,0.7,19.3,0.308,Genova,44.4056,8.9463
2026-05-17T18:00,17.3,64,10.5,16.3,0.0,0.0,0.0,0.0,0.0,0,1014.5,1013.2,12,1,10,3,8.4,200,28.4,468.0,347.0,121.0,637.4,3600.0,0.26,0.71,18.9,0.307,Genova,44.4056,8.9463
2026-05-17T19:00,16.5,67,10.3,15.5,0.0,0.0,0.0,0.0,0.0,0,1014.4,1013.1,9,0,8,1,7.6,195,23.0,306.0,217.0,89.0,571.0,3600.0,0.17,0.62,18.3,0.306,Genova,44.4056,8.9463
2026-05-17T20:00,15.9,76,11.6,15.0,0.0,0.0,0.0,0.0,0.0,0,1014.2,1012.9,8,0,8,0,9.6,221,19.4,143.0,85.0,58.0,413.3,3600.0,0.08,0.44,18.0,0.296,Genova,44.4056,8.9463
2026-05-17T21:00,14.3,80,11.0,13.7,0.0,0.0,0.0,0.0,0.0,0,1014.7,1013.4,3,0,3,0,6.1,210,20.9,20.0,7.0,13.0,92.7,1240.84,0.01,0.32,16.8,0.297,Genova,44.4056,8.9463
2026-05-17T22:00,14.0,79,10.5,13.3,0.0,0.0,0.0,0.0,0.0,1,1015.3,1014.0,20,0,1,20,6.0,187,14.4,0.0,0.0,0.0,0.0,0.0,0.0,0.33,15.8,0.297,Genova,44.4056,8.9463
2026-05-17T23:00,13.6,80,10.3,13.0,0.0,0.0,0.0,0.0,0.0,2,1015.6,1014.3,53,0,2,52,4.5,173,14.4,0.0,0.0,0.0,0.0,0.0,0.0,0.31,14.9,0.298,Genova,44.4056,8.9463
2026-05-18T00:00,13.4,83,10.5,12.8,0.0,0.0,0.0,0.0,0.0,2,1015.8,1014.5,78,0,2,78,5.0,161,11.9,0.0,0.0,0.0,0.0,0.0,0.0,0.26,14.3,0.299,Genova,44.4056,8.9463
2026-05-18T01:00,13.2,85,10.7,12.7,0.0,0.0,0.0,0.0,0.0,3,1015.8,1014.5,86,0,2,85,4.7,140,11.9,0.0,0.0,0.0,0.0,0.0,0.0,0.23,13.8,0.299,Genova,44.4056,8.9463
2026-05-18T02:00,12.9,80,9.6,12.2,0.0,0.0,0.0,0.0,0.0,3,1015.7,1014.4,93,0,9,92,4.3,123,11.2,0.0,0.0,0.0,0.0,0.0,0.0,0.29,13.3,0.308,Genova,44.4056,8.9463
2026-05-18T03:00,12.7,82,9.7,11.9,0.0,0.0,0.0,0.0,0.0,3,1015.5,1014.2,91,1,13,89,5.1,135,11.5,0.0,0.0,0.0,0.0,0.0,0.0,0.27,13.0,0.309,Genova,44.4056,8.9463
2026-05-18T04:00,12.5,83,9.7,11.7,0.0,0.0,0.0,0.0,0.0,3,1015.7,1014.4,85,5,8,83,5.1,126,11.5,0.0,0.0,0.0,0.0,0.0,0.0,0.25,12.8,0.309,Genova,44.4056,8.9463
2026-05-18T05:00,12.1,83,9.3,11.2,0.0,0.0,0.0,0.0,0.0,3,1015.5,1014.2,91,2,5,91,4.6,111,11.5,0.0,0.0,0.0,0.0,0.0,0.0,0.24,12.5,0.31,Genova,44.4056,8.9463
2026-05-18T06:00,11.8,83,8.9,10.8,0.0,0.0,0.0,0.0,0.0,2,1015.7,1014.4,61,11,8,52,4.5,97,10.8,0.0,0.0,0.0,0.0,0.0,0.02,0.24,12.3,0.31,Genova,44.4056,8.9463
2026-05-18T07:00,12.9,84,10.3,12.2,0.0,0.0,0.0,0.0,0.0,2,1016.0,1014.7,66,27,6,50,5.8,95,12.6,45.0,15.0,30.0,145.2,3326.17,0.02,0.24,12.5,0.31,Genova,44.4056,8.9463
2026-05-18T08:00,15.0,79,11.3,14.4,0.0,0.0,0.0,0.0,0.0,3,1016.3,1015.0,80,17,4,75,7.3,126,18.4,174.0,87.0,87.0,331.8,3600.0,0.09,0.37,13.1,0.311,Genova,44.4056,8.9463
2026-05-18T09:00,15.8,76,11.5,14.7,0.0,0.0,0.0,0.0,0.0,2,1016.3,1015.0,51,19,0,40,10.7,151,27.7,344.0,207.0,137.0,476.1,3600.0,0.18,0.44,14.2,0.31,Genova,44.4056,8.9463
2026-05-18T10:00,16.4,72,11.4,15.3,0.0,0.0,0.0,0.0,0.0,3,1016.4,1015.1,84,23,9,80,10.9,153,29.5,499.0,345.0,154.0,581.1,3600.0,0.26,0.52,15.3,0.309,Genova,44.4056,8.9463
2026-05-18T11:00,17.1,71,11.7,16.7,0.0,0.0,0.0,0.0,0.0,2,1016.5,1015.2,67,9,31,63,11.2,158,30.6,676.0,488.0,188.0,670.2,3600.0,0.36,0.57,16.4,0.307,Genova,44.4056,8.9463
2026-05-18T12:00,17.4,70,11.9,17.5,0.0,0.0,0.0,0.0,0.0,2,1016.7,1015.4,70,6,24,66,12.8,164,34.2,795.0,598.0,197.0,721.4,3600.0,0.42,0.6,17.4,0.305,Genova,44.4056,8.9463
2026-05-18T13:00,17.4,69,11.7,17.4,0.0,0.0,0.0,0.0,0.0,2,1016.6,1015.3,60,2,33,56,14.1,166,37.1,827.0,595.0,232.0,669.1,3600.0,0.43,0.61,18.1,0.302,Genova,44.4056,8.9463
2026-05-18T14:00,18.3,64,11.4,18.2,0.0,0.0,0.0,0.0,0.0,1,1016.0,1014.7,48,2,35,34,15.3,167,38.2,861.0,638.0,223.0,705.0,3600.0,0.46,0.76,19.1,0.3,Genova,44.4056,8.9463
2026-05-18T15:00,17.6,67,11.3,16.8,0.0,0.0,0.0,0.0,0.0,1,1015.5,1014.2,48,16,23,30,16.6,165,43.2,798.0,578.0,220.0,660.5,3600.0,0.42,0.67,19.3,0.297,Genova,44.4056,8.9463
2026-05-18T16:00,17.4,69,11.7,16.6,0.1,0.1,0.0,0.0,0.0,51,1015.6,1014.3,92,15,17,91,15.1,177,42.8,728.0,535.0,193.0,667.4,3600.0,0.38,0.61,19.3,0.296,Genova,44.4056,8.9463
2026-05-18T17:00,17.2,70,11.6,15.4,0.1,0.1,0.0,0.0,0.0,51,1015.5,1014.2,90,14,41,87,15.4,170,39.2,494.0,230.0,264.0,333.5,3600.0,0.27,0.59,19.0,0.295,Genova,44.4056,8.9463
2026-05-18T18:00,16.6,75,12.2,15.3,0.1,0.1,0.0,0.0,0.0,51,1015.7,1014.4,95,17,78,91,13.5,171,38.2,355.0,141.0,214.0,258.0,3600.0,0.2,0.47,18.6,0.295,Genova,44.4056,8.9463
2026-05-18T19:00,16.3,76,12.2,15.4,0.2,0.2,0.0,0.0,0.0,51,1015.4,1014.1,62,21,16,49,10.8,170,33.1,265.0,124.0,141.0,324.2,3600.0,0.15,0.44,18.1,0.296,Genova,44.4056,8.9463
2026-05-18T20:00,15.2,86,12.8,14.9,0.3,0.3,0.0,0.0,0.0,51,1015.8,1014.5,69,44,5,43,7.8,161,26.3,121.0,51.0,70.0,244.8,3600.0,0.06,0.25,17.6,0.298,Genova,44.4056,8.9463
2026-05-18T21:00,13.4,96,12.9,13.8,0.6,0.6,0.0,0.0,0.0,53,1016.5,1015.2,92,46,27,85,3.4,180,17.6,17.0,3.0,14.0,39.0,0.0,0.0,0.05,16.6,0.304,Genova,44.4056,8.9463
2026-05-18T22:00,13.2,98,12.9,13.3,0.4,0.4,0.0,0.0,0.0,51,1016.7,1015.4,49,5,10,45,5.4,105,15.5,0.0,0.0,0.0,0.0,0.0,0.0,0.03,15.7,0.308,Genova,44.4056,8.9463
2026-05-18T23:00,12.6,98,12.3,12.9,0.1,0.1,0.0,0.0,0.0,51,1017.2,1015.9,49,15,21,29,3.0,73,13.0,0.0,0.0,0.0,0.0,0.0,0.0,0.03,15.1,0.308,Genova,44.4056,8.9463
2026-05-19T00:00,13.1,93,12.0,13.7,0.1,0.1,0.0,0.0,0.0,51,1017.1,1015.8,32,11,15,19,0.2,360,7.9,0.0,0.0,0.0,0.0,0.0,0.0,0.1,14.5,0.31,Genova,44.4056,8.9463
2026-05-19T01:00,12.5,91,11.2,12.5,0.1,0.1,0.0,0.0,0.0,51,1017.1,1015.8,8,3,5,3,2.8,72,7.2,0.0,0.0,0.0,0.0,0.0,0.0,0.12,13.9,0.311,Genova,44.4056,8.9463
2026-05-19T02:00,12.9,91,11.4,12.9,0.0,0.0,0.0,0.0,0.0,1,1016.7,1015.4,30,14,14,9,2.6,39,7.2,0.0,0.0,0.0,0.0,0.0,0.0,0.14,13.3,0.288,Genova,44.4056,8.9463
2026-05-19T03:00,12.3,95,11.5,11.8,0.0,0.0,0.0,0.0,0.0,1,1016.7,1015.4,28,9,21,1,6.2,350,12.2,0.0,0.0,0.0,0.0,0.0,0.0,0.07,13.2,0.289,Genova,44.4056,8.9463
2026-05-19T04:00,11.8,96,11.2,10.9,0.0,0.0,0.0,0.0,0.0,1,1016.6,1015.3,22,14,9,0,8.3,358,16.9,0.0,0.0,0.0,0.0,0.0,0.0,0.05,13.2,0.289,Genova,44.4056,8.9463
2026-05-19T05:00,11.3,95,10.6,10.1,0.0,0.0,0.0,0.0,0.0,2,1016.5,1015.2,72,71,2,0,9.4,8,19.4,0.0,0.0,0.0,0.0,0.0,0.0,0.07,12.9,0.289,Genova,44.4056,8.9463
2026-05-19T06:00,10.9,95,10.2,9.5,0.0,0.0,0.0,0.0,0.0,3,1016.9,1015.6,95,95,2,8,9.5,15,20.5,0.0,0.0,0.0,0.0,0.0,0.01,0.06,12.7,0.289,Genova,44.4056,8.9463
2026-05-19T07:00,11.5,96,10.8,10.2,0.0,0.0,0.0,0.0,0.0,3,1017.4,1016.1,98,97,13,29,10.1,12,21.2,45.0,14.0,31.0,134.0,2847.5,0.01,0.06,12.7,0.29,Genova,44.4056,8.9463
2026-05-19T08:00,14.2,96,13.6,14.0,0.0,0.0,0.0,0.0,0.0,3,1017.8,1016.5,90,45,2,81,9.2,358,21.2,173.0,71.0,102.0,268.3,3600.0,0.07,0.06,13.2,0.29,Genova,44.4056,8.9463
2026-05-19T09:00,16.1,89,14.3,16.6,0.0,0.0,0.0,0.0,0.0,3,1018.1,1016.8,91,3,0,91,6.0,333,19.8,328.0,171.0,157.0,391.4,3600.0,0.16,0.19,14.4,0.29,Genova,44.4056,8.9463
2026-05-19T10:00,17.4,80,14.0,18.2,0.0,0.0,0.0,0.0,0.0,2,1018.3,1017.0,73,2,13,69,3.6,273,16.6,512.0,334.0,178.0,560.8,3600.0,0.29,0.39,15.7,0.29,Genova,44.4056,8.9463
2026-05-19T11:00,17.7,78,13.8,18.4,0.1,0.1,0.0,0.0,0.0,51,1018.9,1017.6,100,99,14,73,5.1,207,18.4,583.0,361.0,222.0,494.6,3600.0,0.33,0.45,16.8,0.289,Genova,44.4056,8.9463
2026-05-19T12:00,17.8,79,14.1,18.4,0.1,0.1,0.0,0.0,0.0,51,1019.0,1017.7,98,20,13,97,6.2,202,21.2,566.0,310.0,256.0,373.2,3600.0,0.33,0.43,17.6,0.288,Genova,44.4056,8.9463
2026-05-19T13:00,18.2,81,15.0,19.8,0.0,0.0,0.0,0.0,0.0,3,1019.2,1017.9,99,30,11,98,7.8,206,25.2,723.0,429.0,294.0,481.6,3600.0,0.4,0.39,18.4,0.286,Genova,44.4056,8.9463
2026-05-19T14:00,19.0,72,13.8,19.4,0.0,0.0,0.0,0.0,0.0,3,1019.2,1017.9,99,14,8,99,7.5,204,25.2,592.0,192.0,400.0,211.8,3600.0,0.36,0.61,18.9,0.301,Genova,44.4056,8.9463
2026-05-19T15:00,18.4,74,13.7,19.2,0.0,0.0,0.0,0.0,0.0,3,1019.2,1017.9,95,2,30,95,6.5,199,23.8,631.0,246.0,385.0,280.6,3600.0,0.37,0.55,19.3,0.299,Genova,44.4056,8.9463
2026-05-19T16:00,18.3,71,12.9,18.3,0.0,0.0,0.0,0.0,0.0,1,1019.1,1017.8,22,1,9,15,6.3,195,21.2,537.0,258.0,279.0,321.1,3600.0,0.32,0.61,19.3,0.297,Genova,44.4056,8.9463
2026-05-19T17:00,18.6,67,12.3,18.5,0.0,0.0,0.0,0.0,0.0,1,1019.0,1017.7,35,2,33,3,8.2,195,23.8,624.0,479.0,145.0,692.7,3600.0,0.36,0.71,19.6,0.295,Genova,44.4056,8.9463
2026-05-19T18:00,17.9,70,12.3,17.4,0.0,0.0,0.0,0.0,0.0,1,1019.2,1017.9,44,2,41,9,7.9,204,24.1,445.0,301.0,144.0,548.5,3600.0,0.25,0.61,19.3,0.293,Genova,44.4056,8.9463
2026-05-19T19:00,17.3,72,12.1,17.3,0.0,0.0,0.0,0.0,0.0,0,1019.4,1018.1,6,1,5,0,3.9,152,21.2,272.0,151.0,121.0,392.4,3600.0,0.15,0.56,18.8,0.292,Genova,44.4056,8.9463
2026-05-19T20:00,16.7,83,13.8,17.4,0.0,0.0,0.0,0.0,0.0,1,1019.6,1018.3,22,0,18,4,3.4,90,11.5,137.0,75.0,62.0,355.6,3600.0,0.07,0.32,18.5,0.284,Genova,44.4056,8.9463
2026-05-19T21:00,15.1,88,13.1,15.7,0.0,0.0,0.0,0.0,0.0,1,1020.0,1018.7,27,0,7,23,2.4,77,7.6,21.0,7.0,14.0,89.6,1188.68,0.0,0.2,17.4,0.284,Genova,44.4056,8.9463
2026-05-19T22:00,14.7,87,12.6,15.1,0.0,0.0,0.0,0.0,0.0,2,1020.7,1019.4,53,0,4,51,2.4,81,5.4,0.0,0.0,0.0,0.0,0.0,0.0,0.21,16.4,0.284,Genova,44.4056,8.9463
2026-05-19T23:00,14.5,87,12.3,14.8,0.0,0.0,0.0,0.0,0.0,0,1021.3,1020.0,13,0,2,12,2.7,90,6.1,0.0,0.0,0.0,0.0,0.0,0.0,0.22,15.6,0.285,Genova,44.4056,8.9463
2026-05-20T00:00,14.3,87,12.1,14.5,0.0,0.0,0.0,0.0,0.0,0,1021.7,1020.4,4,0,0,3,3.0,104,6.5,0.0,0.0,0.0,0.0,0.0,0.0,0.22,15.0,0.285,Genova,44.4056,8.9463
2026-05-20T01:00,14.1,86,11.8,14.4,0.0,0.0,0.0,0.0,0.0,0,1021.6,1020.3,1,1,0,0,1.6,84,6.5,0.0,0.0,0.0,0.0,0.0,0.0,0.22,14.4,0.285,Genova,44.4056,8.9463
2026-05-20T02:00,13.1,89,11.3,13.1,0.0,0.0,0.0,0.0,0.0,0,1021.8,1020.5,10,10,0,0,2.3,51,4.3,0.0,0.0,0.0,0.0,0.0,0.0,0.16,13.8,0.278,Genova,44.4056,8.9463
2026-05-20T03:00,12.7,87,10.6,12.5,0.0,0.0,0.0,0.0,0.0,0,1021.6,1020.3,2,2,0,0,3.1,40,8.6,0.0,0.0,0.0,0.0,0.0,0.0,0.19,13.5,0.278,Genova,44.4056,8.9463
2026-05-20T04:00,12.6,85,10.2,12.3,0.0,0.0,0.0,0.0,0.0,0,1021.7,1020.4,0,0,0,0,2.7,32,8.6,0.0,0.0,0.0,0.0,0.0,0.0,0.22,13.3,0.278,Genova,44.4056,8.9463
2026-05-20T05:00,12.5,84,9.9,12.0,0.0,0.0,0.0,0.0,0.0,0,1022.0,1020.7,0,0,0,0,3.2,43,8.6,0.0,0.0,0.0,0.0,0.0,0.0,0.23,13.1,0.278,Genova,44.4056,8.9463
2026-05-20T06:00,12.3,85,9.8,11.7,0.0,0.0,0.0,0.0,0.0,0,1022.3,1021.0,3,3,0,0,3.4,47,9.0,0.0,0.0,0.0,0.0,0.0,0.02,0.22,12.9,0.278,Genova,44.4056,8.9463
2026-05-20T07:00,13.5,86,11.3,13.3,0.0,0.0,0.0,0.0,0.0,0,1022.9,1021.6,4,4,0,0,4.2,43,10.4,52.0,23.0,29.0,217.9,3600.0,0.02,0.21,13.2,0.279,Genova,44.4056,8.9463
2026-05-20T08:00,16.4,80,13.0,17.1,0.0,0.0,0.0,0.0,0.0,0,1023.2,1021.9,1,0,0,1,1.6,63,10.4,198.0,123.0,75.0,461.0,3600.0,0.1,0.37,14.1,0.281,Genova,44.4056,8.9463
2026-05-20T09:00,17.7,76,13.4,18.4,0.0,0.0,0.0,0.0,0.0,2,1023.3,1022.0,66,0,0,66,2.4,167,11.5,377.0,276.0,101.0,628.8,3600.0,0.21,0.49,15.5,0.28,Genova,44.4056,8.9463
2026-05-20T10:00,18.5,71,13.2,18.8,0.0,0.0,0.0,0.0,0.0,3,1023.4,1022.1,84,0,0,84,5.2,192,17.6,532.0,380.0,152.0,636.1,3600.0,0.3,0.61,16.8,0.279,Genova,44.4056,8.9463
2026-05-20T11:00,19.1,71,13.7,20.0,0.0,0.0,0.0,0.0,0.0,3,1023.7,1022.4,95,0,0,95,6.7,199,21.6,672.0,475.0,197.0,649.3,3600.0,0.39,0.64,17.9,0.277,Genova,44.4056,8.9463
2026-05-20T12:00,19.4,72,14.1,20.9,0.0,0.0,0.0,0.0,0.0,2,1023.8,1022.5,62,6,0,59,7.2,202,23.0,750.0,491.0,259.0,590.1,3600.0,0.44,0.64,18.9,0.274,Genova,44.4056,8.9463
2026-05-20T13:00,19.8,74,15.0,22.2,0.0,0.0,0.0,0.0,0.0,1,1023.5,1022.2,45,10,0,39,7.2,198,23.4,838.0,620.0,218.0,694.8,3600.0,0.49,0.6,19.8,0.272,Genova,44.4056,8.9463
2026-05-20T14:00,21.4,66,14.7,24.0,0.0,0.0,0.0,0.0,0.0,0,1023.2,1021.9,3,3,0,0,6.3,180,27.0,872.0,678.0,194.0,746.6,3600.0,0.54,0.87,20.8,0.274,Genova,44.4056,8.9463
2026-05-20T15:00,20.6,71,15.2,22.7,0.0,0.0,0.0,0.0,0.0,0,1022.9,1021.6,6,2,2,2,9.4,192,27.7,839.0,671.0,168.0,763.9,3600.0,0.49,0.71,21.2,0.272,Genova,44.4056,8.9463
2026-05-20T16:00,20.2,73,15.1,22.2,0.0,0.0,0.0,0.0,0.0,0,1022.9,1021.6,8,1,3,4,8.1,204,28.8,786.0,662.0,124.0,822.3,3600.0,0.46,0.65,21.4,0.269,Genova,44.4056,8.9463
2026-05-20T17:00,20.2,71,14.7,21.3,0.0,0.0,0.0,0.0,0.0,0,1022.9,1021.6,6,1,4,2,6.0,197,24.1,626.0,475.0,151.0,685.0,3600.0,0.37,0.69,21.4,0.267,Genova,44.4056,8.9463
2026-05-20T18:00,19.3,73,14.3,19.7,0.0,0.0,0.0,0.0,0.0,0,1022.9,1021.6,12,1,1,10,7.0,203,22.3,478.0,359.0,119.0,651.7,3600.0,0.28,0.61,21.0,0.266,Genova,44.4056,8.9463
2026-05-20T19:00,18.6,75,14.1,19.5,0.0,0.0,0.0,0.0,0.0,0,1022.9,1021.6,7,1,3,4,2.6,196,19.4,304.0,204.0,100.0,526.9,3600.0,0.17,0.53,20.4,0.265,Genova,44.4056,8.9463
2026-05-20T20:00,19.1,85,16.5,21.1,0.0,0.0,0.0,0.0,0.0,1,1022.9,1021.6,21,0,9,14,1.5,144,9.7,147.0,85.0,62.0,398.2,3600.0,0.07,0.33,20.2,0.263,Genova,44.4056,8.9463
2026-05-20T21:00,17.5,87,15.4,19.3,0.0,0.0,0.0,0.0,0.0,0,1023.2,1021.9,4,0,2,2,0.4,27,3.2,23.0,8.0,15.0,100.7,1521.92,0.0,0.26,19.0,0.264,Genova,44.4056,8.9463
2026-05-20T22:00,16.6,89,14.8,17.8,0.0,0.0,0.0,0.0,0.0,0,1023.7,1022.4,0,0,0,0,2.3,23,6.5,0.0,0.0,0.0,0.0,0.0,0.0,0.2,17.9,0.264,Genova,44.4056,8.9463
2026-05-20T23:00,15.9,89,14.0,16.5,0.0,0.0,0.0,0.0,0.0,0,1024.1,1022.8,0,0,0,0,4.4,30,11.9,0.0,0.0,0.0,0.0,0.0,0.0,0.2,17.2,0.264,Genova,44.4056,8.9463
2026-05-21T00:00,15.4,83,12.5,15.5,0.0,0.0,0.0,0.0,0.0,0,1024.3,1023.0,0,0,0,0,4.3,22,12.6,0.0,0.0,0.0,0.0,0.0,0.0,0.3,16.7,0.265,Genova,44.4056,8.9463
2026-05-21T01:00,14.4,81,11.2,13.8,0.0,0.0,0.0,0.0,0.0,0,1024.1,1022.8,0,0,0,0,6.7,24,17.6,0.0,0.0,0.0,0.0,0.0,0.0,0.31,16.2,0.265,Genova,44.4056,8.9463
2026-05-21T02:00,13.5,91,12.0,13.4,0.0,0.0,0.0,0.0,0.0,0,1024.0,1022.7,0,0,0,0,5.4,20,17.6,0.0,0.0,0.0,0.0,0.0,0.0,0.15,16.3,0.262,Genova,44.4056,8.9463
2026-05-21T03:00,13.3,89,11.6,12.8,0.0,0.0,0.0,0.0,0.0,0,1023.9,1022.6,5,0,1,5,6.4,22,18.7,0.0,0.0,0.0,0.0,0.0,0.0,0.16,15.8,0.262,Genova,44.4056,8.9463
2026-05-21T04:00,12.8,89,11.1,12.1,0.0,0.0,0.0,0.0,0.0,0,1023.8,1022.5,2,0,0,1,7.4,18,20.5,0.0,0.0,0.0,0.0,0.0,0.0,0.16,15.4,0.262,Genova,44.4056,8.9463
2026-05-21T05:00,12.6,89,10.8,11.4,0.0,0.0,0.0,0.0,0.0,0,1024.0,1022.7,0,0,0,0,9.8,17,23.4,0.0,0.0,0.0,0.0,0.0,0.0,0.17,15.0,0.262,Genova,44.4056,8.9463
2026-05-21T06:00,12.9,86,10.7,11.4,0.0,0.0,0.0,0.0,0.0,0,1024.3,1023.0,4,0,0,4,11.6,16,25.9,0.0,0.0,0.0,0.0,0.0,0.03,0.21,14.7,0.262,Genova,44.4056,8.9463
2026-05-21T07:00,15.0,83,12.1,13.9,0.0,0.0,0.0,0.0,0.0,0,1024.6,1023.3,2,0,0,1,11.9,15,26.3,56.0,27.0,29.0,253.3,3600.0,0.03,0.29,14.8,0.263,Genova,44.4056,8.9463
2026-05-21T08:00,19.0,75,14.6,18.8,0.0,0.0,0.0,0.0,0.0,0,1025.0,1023.7,5,0,0,5,12.1,11,25.2,209.0,140.0,69.0,520.5,3600.0,0.12,0.54,14.9,0.266,Genova,44.4056,8.9463
2026-05-21T09:00,22.0,72,16.8,23.2,0.0,0.0,0.0,0.0,0.0,0,1025.1,1023.8,1,0,0,1,8.5,4,24.5,391.0,302.0,89.0,685.1,3600.0,0.24,0.74,16.6,0.265,Genova,44.4056,8.9463
2026-05-21T10:00,23.7,59,15.2,24.9,0.0,0.0,0.0,0.0,0.0,0,1025.1,1023.8,7,0,0,7,4.6,334,19.1,568.0,464.0,104.0,774.4,3600.0,0.37,1.21,18.4,0.263,Genova,44.4056,8.9463
2026-05-21T11:00,24.5,57,15.5,27.0,0.0,0.0,0.0,0.0,0.0,0,1025.1,1023.8,17,6,2,10,3.3,283,15.1,721.0,606.0,115.0,826.6,3600.0,0.48,1.31,20.1,0.26,Genova,44.4056,8.9463
2026-05-21T12:00,24.3,65,17.3,27.7,0.0,0.0,0.0,0.0,0.0,1,1025.0,1023.7,27,3,13,16,5.2,209,18.7,797.0,656.0,141.0,787.0,3600.0,0.53,1.07,21.4,0.258,Genova,44.4056,8.9463
2026-05-21T13:00,23.6,74,18.8,27.5,0.0,0.0,0.0,0.0,0.0,1,1025.0,1023.7,20,2,16,5,7.5,195,24.5,833.0,663.0,170.0,741.8,3600.0,0.53,0.75,22.4,0.255,Genova,44.4056,8.9463
2026-05-21T14:00,24.5,68,18.3,28.0,0.0,0.0,0.0,0.0,0.0,1,1024.5,1023.2,22,1,1,21,9.0,213,28.8,843.0,700.0,143.0,769.6,3600.0,0.55,0.98,22.9,0.251,Genova,44.4056,8.9463
2026-05-21T15:00,23.1,66,16.3,25.2,0.0,0.0,0.0,0.0,0.0,1,1024.5,1023.2,27,0,1,27,10.5,192,28.8,814.0,653.0,161.0,742.2,3600.0,0.51,0.97,23.2,0.249,Genova,44.4056,8.9463
2026-05-21T16:00,22.5,57,13.7,23.7,0.0,0.0,0.0,0.0,0.0,2,1024.4,1023.1,55,0,0,55,7.8,176,28.4,735.0,570.0,165.0,706.5,3600.0,0.47,1.16,23.1,0.246,Genova,44.4056,8.9463
2026-05-21T17:00,22.2,58,13.6,23.3,0.0,0.0,0.0,0.0,0.0,1,1024.4,1023.1,41,0,0,41,4.1,167,21.6,629.0,485.0,144.0,697.6,3600.0,0.4,1.12,22.9,0.244,Genova,44.4056,8.9463
2026-05-21T18:00,22.2,61,14.3,23.2,0.0,0.0,0.0,0.0,0.0,2,1024.3,1023.0,64,0,0,64,3.1,140,14.8,504.0,391.0,113.0,707.2,3600.0,0.31,1.05,22.7,0.242,Genova,44.4056,8.9463
2026-05-21T19:00,21.7,68,15.6,23.1,0.0,0.0,0.0,0.0,0.0,2,1024.1,1022.8,63,0,0,63,3.7,141,12.6,324.0,231.0,93.0,593.2,3600.0,0.2,0.83,22.2,0.241,Genova,44.4056,8.9463
2026-05-21T20:00,21.0,80,17.3,23.1,0.0,0.0,0.0,0.0,0.0,2,1023.8,1022.5,57,0,0,57,3.1,97,9.7,151.0,85.0,66.0,393.6,3600.0,0.08,0.5,21.8,0.235,Genova,44.4056,8.9463
2026-05-21T21:00,19.1,70,13.6,19.7,0.0,0.0,0.0,0.0,0.0,2,1024.0,1022.7,69,0,0,69,3.9,47,7.2,25.0,7.0,18.0,86.8,1138.51,0.02,0.66,20.4,0.236,Genova,44.4056,8.9463
2026-05-21T22:00,18.3,66,11.8,18.2,0.0,0.0,0.0,0.0,0.0,2,1024.6,1023.3,79,0,0,79,4.8,34,12.6,0.0,0.0,0.0,0.0,0.0,0.01,0.72,19.4,0.236,Genova,44.4056,8.9463
2026-05-21T23:00,17.7,63,10.6,17.1,0.0,0.0,0.0,0.0,0.0,2,1024.8,1023.5,68,0,0,68,5.6,33,15.1,0.0,0.0,0.0,0.0,0.0,0.02,0.75,18.6,0.236,Genova,44.4056,8.9463
2026-05-22T00:00,16.8,65,10.2,16.1,0.0,0.0,0.0,0.0,0.0,2,1024.9,1023.6,68,0,0,68,5.1,27,16.2,0.0,0.0,0.0,0.0,0.0,0.01,0.67,18.0,0.236,Genova,44.4056,8.9463
2026-05-22T01:00,16.2,66,10.0,15.5,0.0,0.0,0.0,0.0,0.0,3,1024.8,1023.5,80,0,0,80,5.2,25,16.6,0.0,0.0,0.0,0.0,0.0,0.01,0.62,17.5,0.236,Genova,44.4056,8.9463
2026-05-22T02:00,14.6,77,10.6,13.9,0.0,0.0,0.0,0.0,0.0,2,1024.7,1023.4,73,0,0,73,5.6,25,16.9,0.0,0.0,0.0,0.0,0.0,0.0,0.38,17.1,0.236,Genova,44.4056,8.9463
2026-05-22T03:00,15.1,77,11.0,14.6,0.0,0.0,0.0,0.0,0.0,2,1024.8,1023.5,64,0,0,64,5.5,23,18.4,0.0,0.0,0.0,0.0,0.0,0.0,0.4,16.7,0.236,Genova,44.4056,8.9463
2026-05-22T04:00,15.0,79,11.4,14.9,0.0,0.0,0.0,0.0,0.0,2,1025.0,1023.7,50,0,0,50,3.9,28,18.0,0.0,0.0,0.0,0.0,0.0,0.0,0.36,16.4,0.236,Genova,44.4056,8.9463
2026-05-22T05:00,15.1,79,11.5,14.9,0.0,0.0,0.0,0.0,0.0,1,1025.2,1023.9,25,0,0,25,4.1,23,15.5,0.0,0.0,0.0,0.0,0.0,0.0,0.35,16.2,0.236,Genova,44.4056,8.9463
2026-05-22T06:00,15.0,79,11.3,14.9,0.0,0.0,0.0,0.0,0.0,0,1025.8,1024.5,6,0,0,6,3.3,22,15.5,0.0,0.0,0.0,0.0,0.0,0.02,0.37,16.0,0.237,Genova,44.4056,8.9463
2026-05-22T07:00,16.9,77,12.8,17.3,0.0,0.0,0.0,0.0,0.0,0,1026.3,1025.0,1,0,0,1,3.5,28,14.0,57.0,27.0,30.0,250.9,3600.0,0.02,0.45,16.1,0.237,Genova,44.4056,8.9463
2026-05-22T08:00,19.6,83,16.6,21.6,0.0,0.0,0.0,0.0,0.0,0,1026.5,1025.2,2,0,0,2,1.5,21,11.5,208.0,138.0,70.0,509.2,3600.0,0.11,0.39,17.0,0.245,Genova,44.4056,8.9463
2026-05-22T09:00,22.1,65,15.2,23.5,0.0,0.0,0.0,0.0,0.0,0,1026.8,1025.5,0,0,0,0,2.7,118,10.1,387.0,296.0,91.0,668.7,3600.0,0.24,0.94,18.4,0.245,Genova,44.4056,8.9463
2026-05-22T10:00,23.2,55,13.7,23.8,0.0,0.0,0.0,0.0,0.0,0,1027.0,1025.7,0,0,0,0,4.8,151,15.5,562.0,456.0,106.0,759.0,3600.0,0.36,1.28,19.8,0.243,Genova,44.4056,8.9463
2026-05-22T11:00,23.9,52,13.6,25.3,0.0,0.0,0.0,0.0,0.0,0,1027.1,1025.8,0,0,0,0,5.7,169,18.4,715.0,599.0,116.0,815.4,3600.0,0.47,1.41,21.0,0.241,Genova,44.4056,8.9463
2026-05-22T12:00,24.4,51,13.5,26.3,0.0,0.0,0.0,0.0,0.0,0,1027.0,1025.7,0,0,0,0,6.6,171,20.9,832.0,709.0,123.0,849.1,3600.0,0.55,1.5,22.1,0.238,Genova,44.4056,8.9463
2026-05-22T13:00,24.4,51,13.6,26.5,0.0,0.0,0.0,0.0,0.0,0,1026.7,1025.4,0,0,0,0,7.4,184,23.0,884.0,740.0,144.0,826.7,3600.0,0.59,1.51,23.0,0.235,Genova,44.4056,8.9463
2026-05-22T14:00,25.4,48,13.5,27.4,0.0,0.0,0.0,0.0,0.0,0,1025.7,1024.4,0,0,0,0,7.7,192,23.0,874.0,719.0,155.0,789.3,3600.0,0.6,1.7,24.1,0.234,Genova,44.4056,8.9463
2026-05-22T15:00,24.5,51,13.6,26.3,0.0,0.0,0.0,0.0,0.0,1,1025.3,1024.0,35,0,0,35,9.1,189,26.3,885.0,757.0,128.0,858.9,3600.0,0.59,1.51,24.4,0.231,Genova,44.4056,8.9463
2026-05-22T16:00,23.8,54,13.8,25.3,0.0,0.0,0.0,0.0,0.0,0,1025.2,1023.9,0,0,0,0,7.4,179,25.6,782.0,654.0,128.0,809.0,3600.0,0.51,1.36,24.4,0.229,Genova,44.4056,8.9463
2026-05-22T17:00,23.2,56,14.0,24.5,0.0,0.0,0.0,0.0,0.0,0,1025.2,1023.9,0,0,0,0,5.3,168,21.6,664.0,547.0,117.0,784.8,3600.0,0.43,1.25,24.3,0.226,Genova,44.4056,8.9463
2026-05-22T18:00,22.8,59,14.3,23.7,0.0,0.0,0.0,0.0,0.0,0,1025.2,1023.9,0,0,0,0,3.1,135,16.6,506.0,403.0,103.0,726.3,3600.0,0.32,1.14,23.9,0.225,Genova,44.4056,8.9463
2026-05-22T19:00,22.3,66,15.7,23.7,0.0,0.0,0.0,0.0,0.0,0,1024.9,1023.6,0,0,0,0,3.9,124,11.9,331.0,245.0,86.0,625.6,3600.0,0.2,0.91,23.4,0.224,Genova,44.4056,8.9463
2026-05-22T20:00,21.3,81,17.9,23.3,0.0,0.0,0.0,0.0,0.0,0,1024.5,1023.2,6,0,0,6,5.8,94,10.1,157.0,97.0,60.0,444.1,3600.0,0.09,0.47,23.2,0.217,Genova,44.4056,8.9463
2026-05-22T21:00,19.6,76,15.3,20.8,0.0,0.0,0.0,0.0,0.0,0,1024.7,1023.4,3,0,0,3,3.9,43,10.8,27.0,11.0,16.0,134.4,2554.58,0.01,0.55,21.8,0.217,Genova,44.4056,8.9463
2026-05-22T22:00,18.9,68,12.9,19.1,0.0,0.0,0.0,0.0,0.0,0,1025.0,1023.7,0,0,0,0,5.1,32,13.3,0.0,0.0,0.0,0.0,0.0,0.01,0.7,20.7,0.217,Genova,44.4056,8.9463
2026-05-22T23:00,18.2,70,12.7,18.3,0.0,0.0,0.0,0.0,0.0,0,1025.0,1023.7,4,0,0,4,5.5,27,15.8,0.0,0.0,0.0,0.0,0.0,0.01,0.62,19.9,0.218,Genova,44.4056,8.9463
2026-05-23T00:00,17.5,73,12.7,17.5,0.0,0.0,0.0,0.0,0.0,1,1025.0,1023.7,40,0,0,40,6.0,25,17.3,0.0,0.0,0.0,0.0,0.0,0.01,0.53,19.3,0.218,Genova,44.4056,8.9463
2026-05-23T01:00,16.8,79,13.1,16.8,0.0,0.0,0.0,0.0,0.0,1,1024.9,1023.6,31,0,0,31,6.8,22,19.1,0.0,0.0,0.0,0.0,0.0,0.0,0.41,18.7,0.218,Genova,44.4056,8.9463
2026-05-23T02:00,15.6,84,12.9,15.3,0.0,0.0,0.0,0.0,0.0,1,1024.5,1023.2,48,0,0,48,8.2,23,19.4,0.0,0.0,0.0,0.0,0.0,0.0,0.28,18.4,0.224,Genova,44.4056,8.9463
2026-05-23T03:00,15.6,86,13.3,15.6,0.0,0.0,0.0,0.0,0.0,2,1024.4,1023.1,54,0,0,54,7.2,22,22.3,0.0,0.0,0.0,0.0,0.0,0.0,0.25,18.0,0.224,Genova,44.4056,8.9463
2026-05-23T04:00,15.6,86,13.4,16.2,0.0,0.0,0.0,0.0,0.0,1,1025.0,1023.7,20,0,0,20,3.6,37,20.2,0.0,0.0,0.0,0.0,0.0,0.0,0.24,17.6,0.224,Genova,44.4056,8.9463
2026-05-23T05:00,16.1,82,13.0,16.5,0.0,0.0,0.0,0.0,0.0,0,1025.7,1024.4,6,0,0,6,3.2,19,13.3,0.0,0.0,0.0,0.0,0.0,0.0,0.33,17.3,0.225,Genova,44.4056,8.9463
2026-05-23T06:00,16.5,78,12.7,16.7,0.0,0.0,0.0,0.0,0.0,0,1026.0,1024.7,2,0,0,2,4.8,25,14.4,0.0,0.0,0.0,0.0,0.0,0.03,0.41,17.2,0.225,Genova,44.4056,8.9463
2026-05-23T07:00,17.4,80,13.9,17.8,0.0,0.0,0.0,0.0,0.0,0,1026.1,1024.8,12,0,0,12,6.0,25,15.8,58.0,27.0,31.0,248.7,3600.0,0.03,0.4,17.3,0.225,Genova,44.4056,8.9463
2026-05-23T08:00,20.7,83,17.8,22.6,0.0,0.0,0.0,0.0,0.0,0,1026.2,1024.9,12,0,0,12,6.2,8,15.8,208.0,138.0,70.0,505.6,3600.0,0.12,0.4,18.1,0.241,Genova,44.4056,8.9463
2026-05-23T09:00,23.2,65,16.4,24.9,0.0,0.0,0.0,0.0,0.0,0,1026.2,1024.9,18,0,0,18,3.3,319,14.0,387.0,295.0,92.0,663.8,3600.0,0.24,0.99,19.5,0.241,Genova,44.4056,8.9463
2026-05-23T10:00,24.1,61,16.1,25.8,0.0,0.0,0.0,0.0,0.0,1,1026.3,1025.0,45,0,0,45,3.7,256,14.0,562.0,456.0,106.0,757.1,3600.0,0.37,1.17,20.9,0.239,Genova,44.4056,8.9463
2026-05-23T11:00,24.8,63,17.3,27.8,0.0,0.0,0.0,0.0,0.0,2,1026.2,1024.9,63,0,0,63,4.5,233,17.3,711.0,588.0,123.0,798.9,3600.0,0.47,1.16,22.2,0.237,Genova,44.4056,8.9463
2026-05-23T12:00,25.3,67,18.8,29.3,0.0,0.0,0.0,0.0,0.0,2,1026.1,1024.8,68,1,0,68,6.0,224,20.9,818.0,673.0,145.0,804.7,3600.0,0.55,1.05,23.4,0.235,Genova,44.4056,8.9463
2026-05-23T13:00,25.5,70,19.6,30.1,0.0,0.0,0.0,0.0,0.0,2,1025.7,1024.4,55,1,2,55,6.5,228,22.3,854.0,698.0,156.0,778.6,3600.0,0.57,0.98,24.3,0.232,Genova,44.4056,8.9463
2026-05-23T14:00,26.5,64,19.2,30.6,0.0,0.0,0.0,0.0,0.0,0,1025.1,1023.8,0,0,0,0,8.4,235,24.1,856.0,698.0,158.0,765.1,3600.0,0.59,1.24,25.2,0.222,Genova,44.4056,8.9463
2026-05-23T15:00,25.8,60,17.3,28.7,0.0,0.0,0.0,0.0,0.0,0,1024.9,1023.6,2,0,1,0,9.3,217,27.7,839.0,699.0,140.0,791.8,3600.0,0.57,1.34,25.6,0.219,Genova,44.4056,8.9463
2026-05-23T16:00,25.3,58,16.4,27.4,0.0,0.0,0.0,0.0,0.0,0,1024.8,1023.5,1,0,0,0,9.3,205,27.7,773.0,643.0,130.0,793.9,3600.0,0.52,1.36,25.7,0.217,Genova,44.4056,8.9463
2026-05-23T17:00,24.5,57,15.5,25.7,0.0,0.0,0.0,0.0,0.0,0,1024.6,1023.3,9,0,2,8,8.3,194,26.3,655.0,536.0,119.0,767.0,3600.0,0.44,1.31,25.5,0.215,Genova,44.4056,8.9463
2026-05-23T18:00,23.8,57,14.9,24.6,0.0,0.0,0.0,0.0,0.0,0,1024.4,1023.1,17,0,1,16,5.6,195,23.0,496.0,385.0,111.0,691.4,3600.0,0.33,1.25,25.0,0.213,Genova,44.4056,8.9463
2026-05-23T19:00,23.1,64,15.8,24.6,0.0,0.0,0.0,0.0,0.0,0,1024.1,1022.8,7,0,1,7,3.5,168,15.1,328.0,239.0,89.0,606.9,3600.0,0.21,1.03,24.4,0.212,Genova,44.4056,8.9463
2026-05-23T20:00,22.6,79,18.8,25.5,0.0,0.0,0.0,0.0,0.0,0,1023.8,1022.5,9,0,0,9,2.3,90,9.4,154.0,93.0,61.0,421.2,3600.0,0.09,0.56,23.8,0.211,Genova,44.4056,8.9463
2026-05-23T21:00,20.9,77,16.8,23.0,0.0,0.0,0.0,0.0,0.0,1,1024.0,1022.7,21,0,0,21,1.8,53,7.2,27.0,10.0,17.0,120.4,2172.42,0.01,0.56,22.6,0.211,Genova,44.4056,8.9463
2026-05-23T22:00,20.6,78,16.7,22.5,0.0,0.0,0.0,0.0,0.0,0,1024.5,1023.2,6,0,0,6,3.1,31,9.7,0.0,0.0,0.0,0.0,0.0,0.0,0.53,21.5,0.212,Genova,44.4056,8.9463
2026-05-23T23:00,20.3,80,16.7,22.2,0.0,0.0,0.0,0.0,0.0,0,1024.9,1023.6,5,0,0,5,3.0,33,10.4,0.0,0.0,0.0,0.0,0.0,0.0,0.48,20.9,0.212,Genova,44.4056,8.9463
2026-05-24T00:00,19.7,81,16.4,21.2,0.0,0.0,0.0,0.0,0.0,0,1025.1,1023.8,0,0,0,0,4.8,22,14.0,0.0,0.0,0.0,0.0,0.0,0.0,0.44,20.4,0.212,Genova,44.4056,8.9463
2026-05-24T01:00,18.7,82,15.5,19.5,0.0,0.0,0.0,0.0,0.0,0,1025.0,1023.7,2,0,0,2,7.0,23,19.1,0.0,0.0,0.0,0.0,0.0,0.0,0.39,20.0,0.213,Genova,44.4056,8.9463
2026-05-24T02:00,17.2,83,14.4,17.8,0.0,0.0,0.0,0.0,0.0,0,1024.9,1023.6,2,0,2,0,6.1,28,19.8,0.0,0.0,0.0,0.0,0.0,0.0,0.33,19.7,0.212,Genova,44.4056,8.9463
2026-05-24T03:00,17.5,80,14.0,17.9,0.0,0.0,0.0,0.0,0.0,0,1025.0,1023.7,5,0,5,0,6.1,23,19.8,0.0,0.0,0.0,0.0,0.0,0.0,0.4,19.3,0.212,Genova,44.4056,8.9463
2026-05-24T04:00,17.2,80,13.7,17.7,0.0,0.0,0.0,0.0,0.0,0,1025.3,1024.0,2,0,2,0,4.7,23,18.7,0.0,0.0,0.0,0.0,0.0,0.0,0.4,18.9,0.212,Genova,44.4056,8.9463
2026-05-24T05:00,17.1,78,13.1,17.3,0.0,0.0,0.0,0.0,0.0,0,1025.7,1024.4,5,0,5,0,4.9,17,16.6,0.0,0.0,0.0,0.0,0.0,0.0,0.44,18.5,0.213,Genova,44.4056,8.9463
2026-05-24T06:00,17.0,74,12.3,16.7,0.0,0.0,0.0,0.0,0.0,0,1026.0,1024.7,3,0,2,2,6.8,18,18.7,0.0,0.0,0.0,0.0,0.0,0.04,0.51,18.3,0.213,Genova,44.4056,8.9463
2026-05-24T07:00,18.2,76,13.9,18.1,0.0,0.0,0.0,0.0,0.0,0,1026.2,1024.9,2,0,1,1,9.1,18,20.9,59.0,28.0,31.0,255.8,3600.0,0.05,0.51,18.2,0.213,Genova,44.4056,8.9463
2026-05-24T08:00,21.7,75,17.2,22.4,0.0,0.0,0.0,0.0,0.0,0,1026.6,1025.3,2,0,1,0,12.9,7,21.2,208.0,139.0,69.0,505.9,3600.0,0.14,0.64,19.0,0.22,Genova,44.4056,8.9463
2026-05-24T09:00,24.1,70,18.2,25.3,0.0,0.0,0.0,0.0,0.0,0,1026.6,1025.3,10,0,1,10,12.1,357,28.1,387.0,297.0,90.0,665.9,3600.0,0.26,0.9,20.3,0.219,Genova,44.4056,8.9463
2026-05-24T10:00,26.1,61,18.1,27.9,0.0,0.0,0.0,0.0,0.0,1,1026.7,1025.4,32,0,0,32,8.4,341,27.0,562.0,457.0,105.0,756.9,3600.0,0.39,1.31,21.7,0.218,Genova,44.4056,8.9463
2026-05-24T11:00,27.4,58,18.4,30.8,0.0,0.0,0.0,0.0,0.0,1,1026.8,1025.5,40,0,2,38,4.8,315,21.2,708.0,590.0,118.0,800.2,3600.0,0.5,1.53,23.2,0.216,Genova,44.4056,8.9463
2026-05-24T12:00,28.0,59,19.1,32.8,0.0,0.0,0.0,0.0,0.0,1,1026.8,1025.5,45,5,22,30,2.7,238,16.9,820.0,689.0,131.0,822.6,3600.0,0.58,1.56,24.6,0.213,Genova,44.4056,8.9463
2026-05-24T13:00,27.5,68,21.0,33.0,0.1,0.1,0.0,0.0,0.0,51,1026.8,1025.5,46,2,27,27,5.2,205,19.8,846.0,679.0,167.0,756.4,3600.0,0.6,1.19,25.7,0.212,Genova,44.4056,8.9463
2026-05-24T14:00,28.6,63,20.8,33.5,0.2,0.2,0.0,0.0,0.0,51,1026.2,1024.9,38,0,23,19,5.8,206,23.0,784.0,594.0,190.0,650.2,3600.0,0.57,1.45,26.4,0.204,Genova,44.4056,8.9463
2026-05-24T15:00,27.2,61,19.2,30.8,0.0,0.0,0.0,0.0,0.0,1,1026.2,1024.9,29,0,20,12,9.7,198,27.7,810.0,630.0,180.0,712.5,3600.0,0.57,1.39,26.8,0.201,Genova,44.4056,8.9463
2026-05-24T16:00,26.7,61,18.5,29.7,0.0,0.0,0.0,0.0,0.0,1,1026.2,1024.9,21,0,6,16,8.5,198,28.1,740.0,579.0,161.0,713.5,3600.0,0.52,1.37,26.9,0.199,Genova,44.4056,8.9463
2026-05-24T17:00,26.3,60,17.9,28.6,0.0,0.0,0.0,0.0,0.0,0,1026.1,1024.8,18,0,16,2,6.8,205,24.1,629.0,489.0,140.0,698.0,3600.0,0.44,1.37,26.7,0.197,Genova,44.4056,8.9463
2026-05-24T18:00,25.9,61,17.7,27.9,0.0,0.0,0.0,0.0,0.0,0,1026.3,1025.0,5,0,5,0,4.9,219,19.8,501.0,396.0,105.0,708.7,3600.0,0.34,1.31,26.4,0.196,Genova,44.4056,8.9463
2026-05-24T19:00,25.2,69,19.0,28.1,0.0,0.0,0.0,0.0,0.0,0,1026.2,1024.9,1,0,1,1,3.2,251,14.8,331.0,245.0,86.0,618.7,3600.0,0.22,1.01,25.8,0.195,Genova,44.4056,8.9463
2026-05-24T20:00,24.4,81,20.9,28.5,0.0,0.0,0.0,0.0,0.0,0,1025.6,1024.3,1,0,0,0,1.6,27,9.0,159.0,99.0,60.0,443.6,3600.0,0.09,0.59,25.3,0.189,Genova,44.4056,8.9463
2026-05-24T21:00,22.8,87,20.4,26.1,0.0,0.0,0.0,0.0,0.0,0,1025.6,1024.3,2,0,2,0,4.9,36,11.5,29.0,12.0,17.0,142.5,2873.79,0.01,0.37,24.1,0.19,Genova,44.4056,8.9463
2026-05-24T22:00,21.2,87,18.9,23.7,0.0,0.0,0.0,0.0,0.0,0,1026.4,1025.1,6,0,0,6,5.5,27,15.1,0.0,0.0,0.0,0.0,0.0,0.0,0.33,23.1,0.19,Genova,44.4056,8.9463
2026-05-24T23:00,19.4,78,15.4,20.2,0.0,0.0,0.0,0.0,0.0,0,1027.0,1025.7,2,0,0,2,6.5,23,18.7,0.0,0.0,0.0,0.0,0.0,0.01,0.5,22.1,0.19,Genova,44.4056,8.9463
2026-05-25T00:00,18.2,71,12.9,18.1,0.0,0.0,0.0,0.0,0.0,0,1027.3,1026.0,0,0,0,0,6.8,25,20.2,0.0,0.0,0.0,0.0,0.0,0.01,0.6,21.2,0.191,Genova,44.4056,8.9463
2026-05-25T01:00,17.5,72,12.3,17.1,0.0,0.0,0.0,0.0,0.0,0,1027.5,1026.2,0,0,0,0,8.0,23,22.0,0.0,0.0,0.0,0.0,0.0,0.02,0.57,20.4,0.191,Genova,44.4056,8.9463
2026-05-25T02:00,17.4,69,11.7,16.4,0.0,0.0,0.0,0.0,0.0,0,1027.1,1025.8,6,0,0,6,10.5,27,22.3,0.0,0.0,0.0,0.0,0.0,0.03,0.61,19.9,0.192,Genova,44.4056,8.9463
2026-05-25T03:00,17.2,70,11.8,16.4,0.0,0.0,0.0,0.0,0.0,0,1027.1,1025.8,13,0,0,13,9.3,22,25.2,0.0,0.0,0.0,0.0,0.0,0.02,0.58,19.4,0.192,Genova,44.4056,8.9463
2026-05-25T04:00,16.6,73,11.7,15.8,0.0,0.0,0.0,0.0,0.0,0,1027.1,1025.8,19,0,0,19,9.4,20,24.1,0.0,0.0,0.0,0.0,0.0,0.02,0.52,18.9,0.192,Genova,44.4056,8.9463
2026-05-25T05:00,16.3,72,11.3,15.2,0.0,0.0,0.0,0.0,0.0,1,1027.2,1025.9,23,0,0,23,10.4,17,25.6,0.0,0.0,0.0,0.0,0.0,0.02,0.51,18.5,0.193,Genova,44.4056,8.9463
2026-05-25T06:00,16.4,70,10.9,15.0,0.0,0.0,0.0,0.0,0.0,0,1027.5,1026.2,16,0,0,16,11.8,16,27.0,0.0,0.0,0.0,0.0,0.0,0.06,0.57,18.2,0.193,Genova,44.4056,8.9463
2026-05-25T07:00,17.8,73,12.9,17.0,0.0,0.0,0.0,0.0,0.0,0,1027.8,1026.5,12,0,1,11,12.1,17,27.4,61.0,30.0,31.0,271.9,3600.0,0.06,0.56,18.2,0.193,Genova,44.4056,8.9463
2026-05-25T08:00,22.4,66,15.7,22.4,0.0,0.0,0.0,0.0,0.0,1,1028.4,1027.1,22,0,0,22,13.1,13,26.6,213.0,144.0,69.0,520.8,3600.0,0.16,0.93,19.0,0.195,Genova,44.4056,8.9463
2026-05-25T09:00,25.8,64,18.5,27.5,0.0,0.0,0.0,0.0,0.0,1,1028.6,1027.3,31,0,0,31,10.1,5,26.3,392.0,301.0,91.0,672.5,3600.0,0.28,1.19,20.5,0.194,Genova,44.4056,8.9463
2026-05-25T10:00,28.0,52,17.3,30.1,0.0,0.0,0.0,0.0,0.0,1,1028.9,1027.6,40,0,0,40,4.3,358,20.2,564.0,453.0,111.0,748.5,3600.0,0.4,1.81,22.3,0.193,Genova,44.4056,8.9463
2026-05-25T11:00,29.2,45,16.0,32.2,0.0,0.0,0.0,0.0,0.0,1,1028.8,1027.5,36,0,0,36,1.3,286,13.0,715.0,591.0,124.0,800.1,3600.0,0.51,2.24,24.0,0.191,Genova,44.4056,8.9463
2026-05-25T12:00,29.7,45,16.5,33.2,0.0,0.0,0.0,0.0,0.0,1,1028.9,1027.6,37,0,15,26,3.7,191,15.1,828.0,695.0,133.0,828.6,3600.0,0.6,2.3,25.5,0.188,Genova,44.4056,8.9463
2026-05-25T13:00,29.4,50,17.8,33.2,0.0,0.0,0.0,0.0,0.0,2,1028.9,1027.6,52,0,31,30,6.0,185,20.2,845.0,698.0,147.0,776.5,3600.0,0.62,2.05,26.5,0.186,Genova,44.4056,8.9463
2026-05-25T14:00,29.8,43,16.0,31.9,0.0,0.0,0.0,0.0,0.0,2,1028.3,1027.0,59,0,20,49,6.8,198,20.5,733.0,534.0,199.0,583.7,3600.0,0.56,2.37,27.3,0.186,Genova,44.4056,8.9463
2026-05-25T15:00,29.1,38,13.3,30.3,0.0,0.0,0.0,0.0,0.0,1,1028.1,1026.8,42,0,16,31,8.6,191,24.1,793.0,616.0,177.0,695.6,3600.0,0.6,2.49,27.6,0.183,Genova,44.4056,8.9463
2026-05-25T16:00,28.5,36,11.8,29.1,0.0,0.0,0.0,0.0,0.0,0,1028.1,1026.8,18,0,14,4,5.3,192,23.8,681.0,525.0,156.0,645.7,3600.0,0.51,2.5,27.6,0.181,Genova,44.4056,8.9463
2026-05-25T17:00,28.3,37,12.4,29.2,0.0,0.0,0.0,0.0,0.0,0,1027.9,1026.6,19,0,15,5,2.7,176,16.2,627.0,497.0,130.0,707.7,3600.0,0.44,2.41,27.6,0.179,Genova,44.4056,8.9463
2026-05-25T18:00,27.6,44,14.4,28.6,0.0,0.0,0.0,0.0,0.0,0,1027.8,1026.5,12,0,12,0,2.4,132,11.5,473.0,359.0,114.0,640.3,3600.0,0.33,2.05,27.3,0.177,Genova,44.4056,8.9463
2026-05-25T19:00,26.1,65,19.1,29.1,0.0,0.0,0.0,0.0,0.0,0,1027.4,1026.1,8,0,8,0,3.0,76,9.7,313.0,227.0,86.0,570.2,3600.0,0.21,1.17,26.7,0.177,Genova,44.4056,8.9463
2026-05-25T20:00,25.0,81,21.6,29.1,0.0,0.0,0.0,0.0,0.0,0,1026.7,1025.4,3,0,3,0,3.6,57,8.3,156.0,96.0,60.0,425.6,3600.0,0.1,0.59,26.1,0.165,Genova,44.4056,8.9463
2026-05-25T21:00,23.7,60,15.5,25.1,0.0,0.0,0.0,0.0,0.0,0,1026.6,1025.3,2,0,2,1,3.1,54,9.4,29.0,12.0,17.0,140.5,2853.6,0.02,1.17,24.8,0.165,Genova,44.4056,8.9463
2026-05-25T22:00,23.1,46,10.9,22.7,0.0,0.0,0.0,0.0,0.0,0,1027.3,1026.0,2,0,2,0,4.7,47,11.5,0.0,0.0,0.0,0.0,0.0,0.03,1.53,23.7,0.165,Genova,44.4056,8.9463
2026-05-25T23:00,22.8,42,9.3,22.0,0.0,0.0,0.0,0.0,0.0,0,1027.7,1026.4,3,0,3,0,4.5,40,13.3,0.0,0.0,0.0,0.0,0.0,0.03,1.61,22.8,0.165,Genova,44.4056,8.9463
2026-05-26T00:00,22.6,43,9.2,21.8,0.0,0.0,0.0,0.0,0.0,0,1027.7,1026.4,2,0,2,0,3.6,33,12.6,0.0,0.0,0.0,0.0,0.0,0.02,1.57,22.2,0.164,Genova,44.4056,8.9463
2026-05-26T01:00,21.9,45,9.4,21.1,0.0,0.0,0.0,0.0,0.0,0,1027.7,1026.4,2,0,2,0,4.2,31,13.3,0.0,0.0,0.0,0.0,0.0,0.03,1.45,21.6,0.164,Genova,44.4056,8.9463
2026-05-26T02:00,21.2,49,10.2,20.7,0.0,0.0,0.0,0.0,0.0,0,1027.3,1026.0,0,0,0,0,4.0,32,15.8,0.0,0.0,0.0,0.0,0.0,0.02,1.27,21.1,0.159,Genova,44.4056,8.9463
2026-05-26T03:00,21.5,48,10.1,20.9,0.0,0.0,0.0,0.0,0.0,0,1026.9,1025.6,1,0,1,0,4.4,27,14.0,0.0,0.0,0.0,0.0,0.0,0.02,1.33,20.8,0.159,Genova,44.4056,8.9463
2026-05-26T04:00,20.8,51,10.4,20.0,0.0,0.0,0.0,0.0,0.0,0,1026.7,1025.4,0,0,0,0,6.4,27,17.6,0.0,0.0,0.0,0.0,0.0,0.04,1.2,20.5,0.159,Genova,44.4056,8.9463
2026-05-26T05:00,20.5,53,10.6,20.0,0.0,0.0,0.0,0.0,0.0,0,1026.5,1025.2,0,0,0,0,4.4,27,17.6,0.0,0.0,0.0,0.0,0.0,0.02,1.13,20.3,0.159,Genova,44.4056,8.9463
2026-05-26T06:00,20.2,55,11.0,19.8,0.0,0.0,0.0,0.0,0.0,0,1026.7,1025.4,0,0,0,0,4.8,25,16.2,1.0,0.0,1.0,0.0,0.0,0.0,1.06,20.1,0.159,Genova,44.4056,8.9463
2026-05-26T07:00,20.5,67,14.1,21.1,0.0,0.0,0.0,0.0,0.0,0,1026.9,1025.6,0,0,0,0,4.4,21,16.6,62.0,30.0,32.0,269.9,3600.0,0.04,0.8,20.1,0.159,Genova,44.4056,8.9463
2026-05-26T08:00,23.0,78,19.0,26.0,0.0,0.0,0.0,0.0,0.0,0,1027.4,1026.1,3,0,0,3,2.7,20,15.1,213.0,144.0,69.0,517.7,3600.0,0.12,0.6,20.6,0.165,Genova,44.4056,8.9463
2026-05-26T09:00,26.2,63,18.5,29.1,0.0,0.0,0.0,0.0,0.0,0,1027.6,1026.3,5,0,0,5,1.8,156,10.4,392.0,303.0,89.0,674.8,3600.0,0.26,1.27,22.1,0.165,Genova,44.4056,8.9463
2026-05-26T10:00,27.0,54,16.9,29.1,0.0,0.0,0.0,0.0,0.0,0,1027.7,1026.4,0,0,0,0,3.1,173,13.3,566.0,463.0,103.0,763.4,3600.0,0.39,1.64,23.5,0.164,Genova,44.4056,8.9463
2026-05-26T11:00,27.7,49,16.0,30.1,0.0,0.0,0.0,0.0,0.0,0,1027.8,1026.5,0,0,0,0,4.7,189,17.3,718.0,605.0,113.0,817.8,3600.0,0.51,1.9,24.8,0.162,Genova,44.4056,8.9463
2026-05-26T12:00,28.2,46,15.5,31.0,0.0,0.0,0.0,0.0,0.0,0,1027.8,1026.5,0,0,0,0,5.8,189,20.2,834.0,715.0,119.0,851.2,3600.0,0.6,2.07,26.0,0.16,Genova,44.4056,8.9463
2026-05-26T13:00,28.5,42,14.5,31.2,0.0,0.0,0.0,0.0,0.0,0,1027.5,1026.2,3,0,3,0,5.9,192,20.5,880.0,749.0,131.0,832.2,3600.0,0.64,2.25,26.9,0.158,Genova,44.4056,8.9463
2026-05-26T14:00,29.8,35,12.8,32.1,0.0,0.0,0.0,0.0,0.0,0,1026.8,1025.5,6,0,6,0,4.8,202,20.5,895.0,762.0,133.0,831.8,3600.0,0.66,2.71,28.1,0.165,Genova,44.4056,8.9463
2026-05-26T15:00,29.2,38,13.5,31.5,0.0,0.0,0.0,0.0,0.0,0,1026.3,1025.0,8,0,7,1,4.9,186,18.7,855.0,720.0,135.0,811.8,3600.0,0.63,2.51,28.5,0.163,Genova,44.4056,8.9463
2026-05-26T16:00,28.8,40,14.0,30.5,0.0,0.0,0.0,0.0,0.0,0,1025.9,1024.6,12,0,8,4,6.1,182,19.4,762.0,627.0,135.0,769.8,3600.0,0.56,2.36,28.6,0.161,Genova,44.4056,8.9463
2026-05-26T17:00,28.2,42,13.9,29.3,0.0,0.0,0.0,0.0,0.0,0,1025.6,1024.3,16,0,10,7,5.4,176,19.8,645.0,517.0,128.0,734.5,3600.0,0.47,2.24,28.5,0.159,Genova,44.4056,8.9463
2026-05-26T18:00,27.5,46,14.8,28.7,0.0,0.0,0.0,0.0,0.0,1,1025.3,1024.0,20,0,9,12,2.6,141,17.3,484.0,371.0,113.0,659.4,3600.0,0.33,1.98,28.1,0.158,Genova,44.4056,8.9463
2026-05-26T19:00,26.6,52,15.8,28.2,0.0,0.0,0.0,0.0,0.0,2,1024.9,1023.6,62,0,4,60,2.2,90,10.8,319.0,227.0,92.0,567.2,3600.0,0.21,1.68,27.4,0.157,Genova,44.4056,8.9463
2026-05-26T20:00,25.2,69,19.1,28.1,0.0,0.0,0.0,0.0,0.0,1,1024.1,1022.8,21,0,4,18,3.1,69,8.3,156.0,89.0,67.0,390.6,3600.0,0.1,0.99,26.9,0.147,Genova,44.4056,8.9463
2026-05-26T21:00,23.6,63,16.1,25.3,0.0,0.0,0.0,0.0,0.0,1,1023.9,1022.6,24,0,4,22,2.3,61,7.6,31.0,12.0,19.0,138.7,2833.54,0.02,1.08,25.6,0.148,Genova,44.4056,8.9463
2026-05-26T22:00,23.2,53,13.2,23.8,0.0,0.0,0.0,0.0,0.0,0,1024.1,1022.8,12,0,2,9,2.8,50,7.9,0.0,0.0,0.0,0.0,0.0,0.01,1.33,24.3,0.148,Genova,44.4056,8.9463
2026-05-26T23:00,22.6,52,12.2,22.8,0.0,0.0,0.0,0.0,0.0,0,1024.0,1022.7,5,0,1,5,3.1,40,10.1,0.0,0.0,0.0,0.0,0.0,0.01,1.32,23.4,0.148,Genova,44.4056,8.9463
2026-05-27T00:00,22.5,51,11.8,22.6,0.0,0.0,0.0,0.0,0.0,0,1023.7,1022.4,2,0,0,2,2.7,37,9.4,0.0,0.0,0.0,0.0,0.0,0.01,1.34,22.6,0.148,Genova,44.4056,8.9463
2026-05-27T01:00,22.3,50,11.5,22.3,0.0,0.0,0.0,0.0,0.0,0,1023.2,1021.9,2,0,0,1,2.9,30,9.4,0.0,0.0,0.0,0.0,0.0,0.01,1.33,22.0,0.148,Genova,44.4056,8.9463
2026-05-27T02:00,22.1,51,11.5,22.0,0.0,0.0,0.0,0.0,0.0,0,1022.6,1021.3,2,0,0,2,3.5,35,10.8,0.0,0.0,0.0,0.0,0.0,0.01,1.3,21.6,0.159,Genova,44.4056,8.9463
2026-05-27T03:00,22.3,50,11.5,22.4,0.0,0.0,0.0,0.0,0.0,0,1022.0,1020.7,1,0,0,1,2.4,36,10.8,0.0,0.0,0.0,0.0,0.0,0.01,1.34,21.2,0.16,Genova,44.4056,8.9463
2026-05-27T04:00,22.3,50,11.4,22.3,0.0,0.0,0.0,0.0,0.0,0,1021.7,1020.4,0,0,0,0,3.0,33,9.4,0.0,0.0,0.0,0.0,0.0,0.01,1.35,20.8,0.16,Genova,44.4056,8.9463
2026-05-27T05:00,22.6,49,11.5,22.6,0.0,0.0,0.0,0.0,0.0,0,1021.3,1020.0,0,0,0,0,2.6,56,8.3,0.0,0.0,0.0,0.0,0.0,0.01,1.38,20.4,0.16,Genova,44.4056,8.9463
2026-05-27T06:00,22.3,51,11.6,22.5,0.0,0.0,0.0,0.0,0.0,0,1021.3,1020.0,0,0,0,0,2.3,58,5.8,1.0,0.0,1.0,0.0,0.0,0.0,1.33,20.0,0.16,Genova,44.4056,8.9463
2026-05-27T07:00,23.3,57,14.4,24.4,0.0,0.0,0.0,0.0,0.0,0,1021.4,1020.1,0,0,0,0,2.3,51,5.8,63.0,31.0,32.0,277.0,3600.0,0.04,1.22,20.2,0.161,Genova,44.4056,8.9463
2026-05-27T08:00,24.1,68,17.8,26.3,0.0,0.0,0.0,0.0,0.0,0,1021.4,1020.1,0,0,0,0,3.8,45,9.0,215.0,146.0,69.0,522.0,3600.0,0.14,0.96,21.1,0.175,Genova,44.4056,8.9463
2026-05-27T09:00,25.7,62,17.9,28.2,0.0,0.0,0.0,0.0,0.0,0,1021.3,1020.0,0,0,0,0,2.7,118,10.4,392.0,303.0,89.0,672.7,3600.0,0.26,1.26,22.4,0.175,Genova,44.4056,8.9463
2026-05-27T10:00,26.5,55,16.8,28.4,0.0,0.0,0.0,0.0,0.0,0,1021.4,1020.1,0,0,0,0,4.2,160,15.1,565.0,463.0,102.0,761.9,3600.0,0.39,1.56,23.7,0.174,Genova,44.4056,8.9463
2026-05-27T11:00,27.0,58,17.9,30.1,0.0,0.0,0.0,0.0,0.0,0,1021.3,1020.0,0,0,0,0,5.4,160,18.4,715.0,604.0,111.0,815.2,3600.0,0.5,1.51,25.0,0.172,Genova,44.4056,8.9463
2026-05-27T12:00,27.4,61,19.2,31.6,0.0,0.0,0.0,0.0,0.0,0,1021.2,1019.9,0,0,0,0,6.5,166,21.6,829.0,711.0,118.0,845.4,3600.0,0.58,1.42,26.1,0.17,Genova,44.4056,8.9463
2026-05-27T13:00,27.5,62,19.6,32.1,0.0,0.0,0.0,0.0,0.0,0,1020.9,1019.6,0,0,0,0,7.7,169,24.1,899.0,778.0,121.0,863.3,3600.0,0.63,1.38,27.0,0.168,Genova,44.4056,8.9463
2026-05-27T14:00,28.7,52,18.0,32.5,0.0,0.0,0.0,0.0,0.0,0,1020.3,1019.0,0,0,0,0,8.8,163,25.9,920.0,799.0,121.0,871.1,3600.0,0.66,1.88,28.2,0.158,Genova,44.4056,8.9463
2026-05-27T15:00,27.8,53,17.4,31.2,0.0,0.0,0.0,0.0,0.0,0,1019.9,1018.6,2,0,2,0,8.1,152,27.4,882.0,760.0,122.0,855.7,3600.0,0.63,1.74,28.6,0.156,Genova,44.4056,8.9463
2026-05-27T16:00,27.5,53,17.2,30.5,0.0,0.0,0.0,0.0,0.0,1,1019.4,1018.1,33,0,2,31,7.2,145,24.5,787.0,657.0,130.0,805.2,3600.0,0.56,1.71,28.7,0.154,Genova,44.4056,8.9463
2026-05-27T17:00,26.9,59,18.3,29.3,0.0,0.0,0.0,0.0,0.0,1,1019.0,1017.7,38,0,3,35,8.1,149,23.0,647.0,495.0,152.0,701.6,3600.0,0.46,1.44,28.6,0.153,Genova,44.4056,8.9463
2026-05-27T18:00,26.1,64,18.7,28.4,0.0,0.0,0.0,0.0,0.0,1,1018.9,1017.6,49,0,5,47,6.2,150,22.7,498.0,373.0,125.0,660.8,3600.0,0.34,1.22,28.1,0.152,Genova,44.4056,8.9463
2026-05-27T19:00,25.3,69,19.2,28.2,0.0,0.0,0.0,0.0,0.0,2,1018.3,1017.0,70,0,2,70,3.9,118,18.4,311.0,208.0,103.0,517.0,3600.0,0.21,1.0,27.4,0.151,Genova,44.4056,8.9463
2026-05-27T20:00,24.4,87,22.1,28.5,0.0,0.0,0.0,0.0,0.0,3,1017.6,1016.3,98,0,1,98,5.6,112,11.5,145.0,63.0,82.0,273.7,3600.0,0.09,0.39,26.5,0.153,Genova,44.4056,8.9463
2026-05-27T21:00,22.7,95,21.8,26.9,0.0,0.0,0.0,0.0,0.0,3,1017.6,1016.3,93,0,0,93,4.7,90,11.9,28.0,5.0,23.0,57.0,267.62,0.01,0.15,25.5,0.153,Genova,44.4056,8.9463
2026-05-27T22:00,22.2,91,20.6,25.7,0.0,0.0,0.0,0.0,0.0,2,1017.9,1016.6,57,0,0,57,4.2,72,10.8,0.0,0.0,0.0,0.0,0.0,0.0,0.25,24.4,0.153,Genova,44.4056,8.9463
2026-05-27T23:00,21.8,85,19.1,24.7,0.0,0.0,0.0,0.0,0.0,1,1018.3,1017.0,29,0,0,29,3.3,84,9.4,0.0,0.0,0.0,0.0,0.0,0.0,0.39,23.4,0.154,Genova,44.4056,8.9463
2026-05-28T00:00,21.5,82,18.3,24.0,0.0,0.0,0.0,0.0,0.0,0,1018.5,1017.2,8,0,0,8,3.4,115,8.3,0.0,0.0,0.0,0.0,0.0,0.0,0.45,22.6,0.154,Genova,44.4056,8.9463
2026-05-28T01:00,20.9,78,16.9,23.0,0.0,0.0,0.0,0.0,0.0,0,1018.3,1017.0,11,0,0,11,2.2,76,7.9,0.0,0.0,0.0,0.0,0.0,0.0,0.55,21.8,0.154,Genova,44.4056,8.9463
2026-05-28T02:00,21.1,67,14.7,22.2,0.0,0.0,0.0,0.0,0.0,0,1017.6,1016.3,10,0,2,9,3.1,100,6.1,0.0,0.0,0.0,0.0,0.0,0.0,0.83,21.2,0.153,Genova,44.4056,8.9463
2026-05-28T03:00,21.0,64,13.9,22.0,0.0,0.0,0.0,0.0,0.0,0,1017.4,1016.1,10,0,1,9,1.9,68,7.9,0.0,0.0,0.0,0.0,0.0,0.0,0.9,20.7,0.153,Genova,44.4056,8.9463
2026-05-28T04:00,20.3,66,13.8,20.7,0.0,0.0,0.0,0.0,0.0,0,1018.0,1016.7,9,0,4,5,5.2,119,11.5,0.0,0.0,0.0,0.0,0.0,0.01,0.8,20.2,0.153,Genova,44.4056,8.9463
2026-05-28T05:00,19.8,72,14.5,21.0,0.0,0.0,0.0,0.0,0.0,2,1018.1,1016.8,50,0,16,40,1.9,17,14.8,0.0,0.0,0.0,0.0,0.0,0.0,0.66,19.9,0.154,Genova,44.4056,8.9463
2026-05-28T06:00,18.9,69,13.1,19.3,0.0,0.0,0.0,0.0,0.0,2,1017.8,1016.5,73,0,2,73,3.8,8,11.2,1.0,0.0,1.0,0.0,0.0,0.0,0.67,19.7,0.154,Genova,44.4056,8.9463
2026-05-28T07:00,20.4,71,15.1,21.8,0.0,0.0,0.0,0.0,0.0,2,1018.2,1016.9,66,0,0,66,1.9,29,11.2,51.0,15.0,36.0,133.2,2329.95,0.03,0.69,19.8,0.154,Genova,44.4056,8.9463
2026-05-28T08:00,22.0,72,16.6,23.9,0.0,0.0,0.0,0.0,0.0,0,1018.5,1017.2,0,0,0,0,2.6,78,6.8,191.0,104.0,87.0,369.9,3600.0,0.11,0.75,20.6,0.162,Genova,44.4056,8.9463
2026-05-28T09:00,23.6,71,18.0,26.2,0.0,0.0,0.0,0.0,0.0,0,1018.5,1017.2,4,0,2,2,2.3,119,11.5,383.0,289.0,94.0,639.8,3600.0,0.24,0.84,21.8,0.162,Genova,44.4056,8.9463
2026-05-28T10:00,24.7,70,19.0,27.5,0.0,0.0,0.0,0.0,0.0,0,1018.5,1017.2,2,0,2,0,4.2,205,15.8,541.0,420.0,121.0,689.8,3600.0,0.36,0.92,23.2,0.161,Genova,44.4056,8.9463
2026-05-28T11:00,25.5,72,20.1,29.6,0.0,0.0,0.0,0.0,0.0,0,1018.5,1017.2,1,0,1,0,5.2,196,18.7,708.0,592.0,116.0,797.8,3600.0,0.47,0.91,24.5,0.159,Genova,44.4056,8.9463
2026-05-28T12:00,25.3,78,21.2,29.9,0.0,0.0,0.0,0.0,0.0,0,1018.9,1017.6,16,4,12,0,9.9,181,28.4,827.0,709.0,118.0,842.0,3600.0,0.53,0.72,25.6,0.158,Genova,44.4056,8.9463
2026-05-28T13:00,24.9,78,20.9,30.0,0.0,0.0,0.0,0.0,0.0,2,1019.2,1017.9,62,8,34,36,6.9,175,29.9,842.0,680.0,162.0,753.7,3600.0,0.55,0.68,26.4,0.156,Genova,44.4056,8.9463
2026-05-28T14:00,27.3,59,18.7,30.1,0.0,0.0,0.0,0.0,0.0,2,1017.8,1016.5,75,1,5,74,9.4,181,26.3,701.0,476.0,225.0,518.3,3600.0,0.51,1.47,27.1,0.152,Genova,44.4056,8.9463
2026-05-28T15:00,26.0,71,20.2,29.0,0.0,0.0,0.0,0.0,0.0,2,1018.5,1017.2,73,6,9,70,11.2,150,28.8,666.0,403.0,263.0,453.1,3600.0,0.45,0.99,27.3,0.151,Genova,44.4056,8.9463
2026-05-28T16:00,25.6,77,21.2,29.0,0.0,0.0,0.0,0.0,0.0,3,1018.8,1017.5,99,0,19,99,11.4,208,32.0,642.0,400.0,242.0,489.4,3600.0,0.42,0.77,27.4,0.15,Genova,44.4056,8.9463
2026-05-28T17:00,23.3,84,20.3,26.7,0.1,0.1,0.0,0.0,0.0,51,1018.5,1017.2,91,0,0,91,4.3,182,33.8,336.0,47.0,289.0,66.5,193.8,0.23,0.47,26.7,0.15,Genova,44.4056,8.9463
2026-05-28T18:00,23.2,82,19.9,26.5,0.0,0.0,0.0,0.0,0.0,3,1018.9,1017.6,83,0,2,83,3.6,221,24.1,363.0,141.0,222.0,249.0,3600.0,0.24,0.52,26.2,0.15,Genova,44.4056,8.9463
2026-05-28T19:00,24.5,80,20.8,28.1,0.0,0.0,0.0,0.0,0.0,3,1017.6,1016.3,91,0,0,91,4.3,22,16.2,276.0,131.0,145.0,324.0,3600.0,0.18,0.62,25.8,0.15,Genova,44.4056,8.9463
2026-05-28T20:00,22.4,92,21.1,26.6,0.0,0.0,0.0,0.0,0.0,3,1018.3,1017.0,86,0,5,85,1.3,98,11.5,133.0,43.0,90.0,185.0,3600.0,0.08,0.21,25.3,0.166,Genova,44.4056,8.9463
2026-05-28T21:00,22.0,86,19.6,23.4,0.0,0.0,0.0,0.0,0.0,2,1016.8,1015.5,79,0,0,79,15.2,24,29.9,23.0,3.0,20.0,33.8,0.0,0.04,0.36,24.2,0.167,Genova,44.4056,8.9463
2026-05-28T22:00,21.1,81,17.7,22.6,0.0,0.0,0.0,0.0,0.0,3,1017.2,1015.9,83,0,1,83,9.1,17,30.2,0.0,0.0,0.0,0.0,0.0,0.01,0.48,23.2,0.167,Genova,44.4056,8.9463
2026-05-28T23:00,21.3,79,17.5,23.6,0.0,0.0,0.0,0.0,0.0,3,1019.0,1017.7,95,0,0,95,2.8,72,19.1,0.0,0.0,0.0,0.0,0.0,0.0,0.54,22.3,0.167,Genova,44.4056,8.9463
2026-05-29T00:00,21.5,82,18.3,24.4,0.0,0.0,0.0,0.0,0.0,3,1019.4,1018.1,84,0,0,84,1.3,98,6.1,0.0,0.0,0.0,0.0,0.0,0.0,0.46,21.7,0.167,Genova,44.4056,8.9463
2026-05-29T01:00,20.7,80,17.2,22.4,0.0,0.0,0.0,0.0,0.0,0,1019.3,1018.0,9,0,0,9,5.8,20,12.6,0.0,0.0,0.0,0.0,0.0,0.0,0.48,21.2,0.168,Genova,44.4056,8.9463
2026-05-29T02:00,20.5,99,20.3,23.7,0.0,0.0,0.0,0.0,0.0,3,1020.1,1018.8,100,100,14,100,5.9,78,14.0,0.0,0.0,0.0,0.0,0.0,0.0,0.03,21.2,0.158,Genova,44.4056,8.9463
2026-05-29T03:00,21.2,88,19.1,22.4,0.1,0.1,0.0,0.0,0.0,51,1019.7,1018.4,100,30,44,99,15.0,27,29.9,0.0,0.0,0.0,0.0,0.0,0.01,0.31,21.2,0.159,Genova,44.4056,8.9463
2026-05-29T04:00,21.2,79,17.4,21.9,0.3,0.3,0.0,0.0,0.0,51,1019.3,1018.0,98,2,5,97,13.2,5,31.0,0.0,0.0,0.0,0.0,0.0,0.03,0.53,21.2,0.162,Genova,44.4056,8.9463
2026-05-29T05:00,20.1,80,16.5,20.3,0.0,0.0,0.0,0.0,0.0,3,1018.6,1017.3,100,0,1,100,14.7,25,30.6,0.0,0.0,0.0,0.0,0.0,0.03,0.48,20.9,0.162,Genova,44.4056,8.9463
2026-05-29T06:00,20.1,79,16.3,20.2,0.0,0.0,0.0,0.0,0.0,3,1019.2,1017.9,99,0,0,99,14.3,21,28.8,1.0,0.0,1.0,0.0,0.0,0.03,0.49,20.7,0.162,Genova,44.4056,8.9463
2026-05-29T07:00,22.0,71,16.5,22.3,0.0,0.0,0.0,0.0,0.0,2,1019.6,1018.3,55,0,9,51,13.1,8,38.5,53.0,11.0,42.0,97.1,1185.39,0.08,0.77,20.8,0.162,Genova,44.4056,8.9463
2026-05-29T08:00,19.8,94,18.9,21.0,0.0,0.0,0.0,0.0,0.0,0,1020.1,1018.8,12,0,2,9,14.3,18,27.4,197.0,109.0,88.0,385.8,3600.0,0.09,0.13,21.1,0.162,Genova,44.4056,8.9463
2026-05-29T09:00,24.8,85,22.1,28.8,0.0,0.0,0.0,0.0,0.0,0,1020.3,1019.0,5,0,0,5,6.4,8,29.9,397.0,305.0,92.0,673.5,3600.0,0.25,0.48,22.1,0.162,Genova,44.4056,8.9463
2026-05-29T10:00,26.8,72,21.4,31.2,0.0,0.0,0.0,0.0,0.0,0,1020.7,1019.4,2,0,0,2,2.2,305,15.5,582.0,484.0,98.0,793.5,3600.0,0.4,0.97,23.8,0.162,Genova,44.4056,8.9463
2026-05-29T11:00,28.1,55,18.2,31.5,0.0,0.0,0.0,0.0,0.0,1,1021.1,1019.8,23,2,2,22,5.3,282,18.4,727.0,615.0,112.0,827.7,3600.0,0.52,1.71,25.3,0.161,Genova,44.4056,8.9463
2026-05-29T12:00,28.1,52,17.2,31.1,0.1,0.1,0.0,0.0,0.0,51,1021.6,1020.3,68,2,6,66,7.2,346,22.7,790.0,654.0,136.0,775.8,3600.0,0.57,1.84,26.3,0.16,Genova,44.4056,8.9463
2026-05-29T13:00,28.9,49,17.2,31.9,0.0,0.0,0.0,0.0,0.0,2,1021.4,1020.1,60,2,13,54,6.2,303,22.3,773.0,550.0,223.0,608.9,3600.0,0.57,2.02,27.2,0.158,Genova,44.4056,8.9463
2026-05-29T14:00,27.1,61,19.0,31.5,0.0,0.0,0.0,0.0,0.0,3,1021.9,1020.6,94,0,5,93,3.6,81,21.6,790.0,575.0,215.0,625.4,3600.0,0.56,1.39,26.9,0.13,Genova,44.4056,8.9463
2026-05-29T15:00,27.5,63,19.9,31.2,0.1,0.1,0.0,0.0,0.0,51,1021.3,1020.0,66,0,9,63,7.5,237,22.3,703.0,393.0,310.0,441.2,3600.0,0.51,1.35,27.7,0.13,Genova,44.4056,8.9463
2026-05-29T16:00,27.2,72,21.8,32.1,0.0,0.0,0.0,0.0,0.0,2,1021.0,1019.7,60,0,16,52,5.5,212,27.0,693.0,471.0,222.0,575.2,3600.0,0.49,1.0,28.2,0.129,Genova,44.4056,8.9463
2026-05-29T17:00,26.6,78,22.5,30.9,0.0,0.0,0.0,0.0,0.0,1,1020.7,1019.4,44,0,13,36,6.2,188,21.2,548.0,361.0,187.0,509.3,3600.0,0.38,0.75,28.2,0.129,Genova,44.4056,8.9463
2026-05-29T18:00,25.9,83,22.7,30.0,0.0,0.0,0.0,0.0,0.0,1,1020.8,1019.5,22,0,11,13,8.1,192,22.3,430.0,284.0,146.0,499.9,3600.0,0.29,0.58,28.0,0.128,Genova,44.4056,8.9463
2026-05-29T19:00,24.5,83,21.4,27.9,0.0,0.0,0.0,0.0,0.0,1,1021.0,1019.7,31,11,19,5,8.0,194,25.2,314.0,215.0,99.0,529.1,3600.0,0.2,0.53,27.4,0.128,Genova,44.4056,8.9463
2026-05-29T20:00,23.8,70,18.1,26.0,0.0,0.0,0.0,0.0,0.0,0,1020.5,1019.2,12,0,12,0,5.1,163,20.2,152.0,79.0,73.0,336.8,3600.0,0.1,0.87,26.4,0.131,Genova,44.4056,8.9463
2026-05-29T21:00,22.0,73,17.0,23.8,0.0,0.0,0.0,0.0,0.0,0,1020.9,1019.6,18,0,5,14,4.1,49,11.2,34.0,14.0,20.0,155.8,3211.55,0.02,0.7,25.1,0.13,Genova,44.4056,8.9463
2026-05-29T22:00,21.4,73,16.5,23.3,0.0,0.0,0.0,0.0,0.0,0,1021.2,1019.9,3,0,1,2,2.6,51,9.7,0.0,0.0,0.0,0.0,0.0,0.0,0.68,23.9,0.131,Genova,44.4056,8.9463
2026-05-29T23:00,21.3,70,15.5,22.4,0.0,0.0,0.0,0.0,0.0,0,1021.6,1020.3,0,0,0,0,5.0,38,11.9,0.0,0.0,0.0,0.0,0.0,0.01,0.77,23.1,0.131,Genova,44.4056,8.9463
2026-05-30T00:00,21.0,69,15.1,22.1,0.0,0.0,0.0,0.0,0.0,0,1021.5,1020.2,0,0,0,0,4.1,38,12.6,0.0,0.0,0.0,0.0,0.0,0.0,0.77,22.3,0.131,Genova,44.4056,8.9463
2026-05-30T01:00,20.6,69,14.6,21.5,0.0,0.0,0.0,0.0,0.0,0,1021.2,1019.9,0,0,0,0,4.0,36,11.9,0.0,0.0,0.0,0.0,0.0,0.0,0.76,21.7,0.131,Genova,44.4056,8.9463
2026-05-30T02:00,19.2,82,16.1,20.7,0.0,0.0,0.0,0.0,0.0,0,1020.8,1019.5,0,0,0,0,4.3,24,12.6,0.0,0.0,0.0,0.0,0.0,0.0,0.4,20.7,0.125,Genova,44.4056,8.9463
2026-05-30T03:00,19.8,77,15.6,21.0,0.0,0.0,0.0,0.0,0.0,0,1020.4,1019.1,0,0,0,0,4.8,22,14.4,0.0,0.0,0.0,0.0,0.0,0.0,0.54,20.5,0.125,Genova,44.4056,8.9463
2026-05-30T04:00,19.1,78,15.1,20.0,0.0,0.0,0.0,0.0,0.0,0,1020.1,1018.8,0,0,0,0,5.8,20,16.9,0.0,0.0,0.0,0.0,0.0,0.0,0.5,20.3,0.125,Genova,44.4056,8.9463
2026-05-30T05:00,18.7,78,14.7,19.6,0.0,0.0,0.0,0.0,0.0,0,1020.0,1018.7,0,0,0,0,5.0,21,16.6,0.0,0.0,0.0,0.0,0.0,0.0,0.48,20.0,0.126,Genova,44.4056,8.9463
2026-05-30T06:00,18.8,75,14.3,19.6,0.0,0.0,0.0,0.0,0.0,0,1020.2,1018.9,0,0,0,0,4.2,18,15.8,1.0,0.0,1.0,0.0,0.0,0.01,0.53,19.8,0.126,Genova,44.4056,8.9463
2026-05-30T07:00,19.8,77,15.7,20.9,0.0,0.0,0.0,0.0,0.0,0,1020.3,1019.0,2,0,2,0,6.2,17,16.2,66.0,32.0,34.0,280.9,3600.0,0.04,0.53,19.9,0.126,Genova,44.4056,8.9463
2026-05-30T08:00,23.1,78,19.0,25.5,0.0,0.0,0.0,0.0,0.0,0,1020.3,1019.0,2,0,2,0,6.2,7,16.2,216.0,144.0,72.0,507.3,3600.0,0.13,0.63,20.8,0.144,Genova,44.4056,8.9463
2026-05-30T09:00,24.9,66,18.1,27.6,0.0,0.0,0.0,0.0,0.0,0,1020.4,1019.1,2,0,1,1,1.9,221,13.0,392.0,298.0,94.0,656.4,3600.0,0.25,1.07,22.2,0.144,Genova,44.4056,8.9463
2026-05-30T10:00,25.4,65,18.3,27.7,0.0,0.0,0.0,0.0,0.0,0,1020.6,1019.3,0,0,0,0,5.4,184,18.4,566.0,459.0,107.0,751.3,3600.0,0.38,1.14,23.5,0.143,Genova,44.4056,8.9463
2026-05-30T11:00,25.9,65,18.9,29.4,0.0,0.0,0.0,0.0,0.0,1,1020.7,1019.4,22,0,5,20,6.1,180,21.6,716.0,599.0,117.0,805.2,3600.0,0.49,1.16,24.8,0.142,Genova,44.4056,8.9463
2026-05-30T12:00,26.3,66,19.5,30.1,0.0,0.0,0.0,0.0,0.0,2,1020.7,1019.4,63,1,16,56,6.4,170,21.6,738.0,574.0,164.0,680.1,3600.0,0.51,1.15,25.8,0.141,Genova,44.4056,8.9463
2026-05-30T13:00,26.3,68,19.9,30.3,0.0,0.0,0.0,0.0,0.0,1,1020.4,1019.1,36,0,10,30,7.5,190,24.5,757.0,526.0,231.0,581.8,3600.0,0.52,1.11,26.7,0.14,Genova,44.4056,8.9463
2026-05-30T14:00,28.0,57,18.6,32.5,0.0,0.0,0.0,0.0,0.0,2,1020.0,1018.7,54,0,9,50,4.1,182,24.8,844.0,654.0,190.0,710.5,3600.0,0.61,1.64,27.5,0.149,Genova,44.4056,8.9463
2026-05-30T15:00,27.2,61,19.0,31.2,0.0,0.0,0.0,0.0,0.0,2,1019.5,1018.2,77,0,5,75,5.2,200,19.4,773.0,568.0,205.0,636.9,3600.0,0.55,1.41,28.0,0.148,Genova,44.4056,8.9463
2026-05-30T16:00,26.8,59,18.1,29.6,0.0,0.0,0.0,0.0,0.0,3,1019.1,1017.8,85,0,2,84,7.6,180,25.9,703.0,484.0,219.0,590.1,3600.0,0.5,1.45,28.0,0.146,Genova,44.4056,8.9463
2026-05-30T17:00,26.4,58,17.5,28.2,0.0,0.0,0.0,0.0,0.0,3,1018.9,1017.6,99,0,2,99,6.0,173,22.7,541.0,287.0,254.0,404.0,3600.0,0.39,1.45,27.8,0.145,Genova,44.4056,8.9463
2026-05-30T18:00,26.0,59,17.4,28.1,0.0,0.0,0.0,0.0,0.0,3,1018.5,1017.2,98,0,3,98,3.5,159,18.4,394.0,165.0,229.0,289.6,3600.0,0.28,1.38,27.4,0.145,Genova,44.4056,8.9463
2026-05-30T19:00,25.2,68,18.9,28.2,0.0,0.0,0.0,0.0,0.0,3,1018.0,1016.7,91,0,2,91,2.2,156,12.6,250.0,92.0,158.0,225.3,3600.0,0.17,1.03,26.7,0.144,Genova,44.4056,8.9463
2026-05-30T20:00,24.5,80,20.8,28.2,0.0,0.0,0.0,0.0,0.0,3,1017.6,1016.3,84,0,2,84,4.1,142,8.3,149.0,63.0,86.0,266.1,3600.0,0.1,0.63,26.0,0.149,Genova,44.4056,8.9463
2026-05-30T21:00,22.9,82,19.7,26.4,0.0,0.0,0.0,0.0,0.0,3,1017.6,1016.3,100,0,1,100,1.2,141,9.4,34.0,10.0,24.0,110.0,2024.61,0.01,0.49,24.8,0.149,Genova,44.4056,8.9463
2026-05-30T22:00,22.1,80,18.5,25.0,0.0,0.0,0.0,0.0,0.0,3,1018.0,1016.7,99,0,2,99,1.5,69,5.0,0.0,0.0,0.0,0.0,0.0,0.0,0.54,23.6,0.149,Genova,44.4056,8.9463
2026-05-30T23:00,21.8,76,17.3,24.1,0.0,0.0,0.0,0.0,0.0,3,1018.1,1016.8,97,0,1,97,2.2,66,5.0,0.0,0.0,0.0,0.0,0.0,0.0,0.63,22.6,0.149,Genova,44.4056,8.9463
2026-05-31T00:00,21.9,71,16.3,23.9,0.0,0.0,0.0,0.0,0.0,3,1018.1,1016.8,98,0,0,98,1.3,82,5.0,0.0,0.0,0.0,0.0,0.0,0.0,0.77,21.9,0.15,Genova,44.4056,8.9463
2026-05-31T01:00,21.6,69,15.8,23.4,0.0,0.0,0.0,0.0,0.0,3,1017.8,1016.5,95,0,0,95,1.5,76,4.7,0.0,0.0,0.0,0.0,0.0,0.0,0.79,21.3,0.15,Genova,44.4056,8.9463
2026-05-31T02:00,20.2,71,14.7,21.3,0.0,0.0,0.0,0.0,0.0,2,1017.3,1016.0,79,0,0,79,3.1,66,5.8,0.0,0.0,0.0,0.0,0.0,0.0,0.7,21.0,0.185,Genova,44.4056,8.9463
2026-05-31T03:00,20.3,68,14.1,21.2,0.0,0.0,0.0,0.0,0.0,3,1017.0,1015.7,94,0,0,94,3.4,72,7.9,0.0,0.0,0.0,0.0,0.0,0.0,0.77,20.4,0.185,Genova,44.4056,8.9463
2026-05-31T04:00,20.0,68,13.8,20.7,0.0,0.0,0.0,0.0,0.0,3,1016.8,1015.5,87,0,0,87,3.4,72,7.9,0.0,0.0,0.0,0.0,0.0,0.0,0.75,20.0,0.185,Genova,44.4056,8.9463
2026-05-31T05:00,19.6,70,14.0,20.4,0.0,0.0,0.0,0.0,0.0,3,1016.8,1015.5,85,0,5,84,3.5,78,7.9,0.0,0.0,0.0,0.0,0.0,0.0,0.69,19.6,0.185,Genova,44.4056,8.9463
2026-05-31T06:00,19.5,73,14.5,20.5,0.0,0.0,0.0,0.0,0.0,2,1016.8,1015.5,52,0,0,52,3.1,83,7.6,1.0,0.0,1.0,0.0,0.0,0.01,0.61,19.3,0.185,Genova,44.4056,8.9463
2026-05-31T07:00,21.1,75,16.6,23.0,0.0,0.0,0.0,0.0,0.0,0,1017.0,1015.7,9,0,0,9,2.8,79,7.2,63.0,23.0,40.0,200.8,3600.0,0.03,0.61,19.5,0.185,Genova,44.4056,8.9463
2026-05-31T08:00,22.5,72,17.2,24.5,0.0,0.0,0.0,0.0,0.0,0,1017.2,1015.9,0,0,0,0,3.5,78,10.8,216.0,144.0,72.0,505.2,3600.0,0.13,0.76,20.3,0.195,Genova,44.4056,8.9463
2026-05-31T09:00,23.6,65,16.5,25.0,0.0,0.0,0.0,0.0,0.0,0,1017.3,1016.0,3,0,2,3,5.4,146,16.2,395.0,304.0,91.0,668.1,3600.0,0.25,1.03,21.5,0.194,Genova,44.4056,8.9463
2026-05-31T10:00,24.4,62,16.7,25.8,0.0,0.0,0.0,0.0,0.0,0,1017.3,1016.0,1,0,0,1,7.0,154,21.2,565.0,459.0,106.0,750.2,3600.0,0.37,1.15,22.7,0.192,Genova,44.4056,8.9463
2026-05-31T11:00,24.8,63,17.3,27.0,0.0,0.0,0.0,0.0,0.0,0,1017.2,1015.9,0,0,0,0,8.8,163,25.9,715.0,599.0,116.0,804.3,3600.0,0.47,1.15,23.8,0.19,Genova,44.4056,8.9463
2026-05-31T12:00,25.0,67,18.4,28.2,0.0,0.0,0.0,0.0,0.0,0,1017.2,1015.9,16,0,0,16,10.0,166,29.2,829.0,707.0,122.0,836.9,3600.0,0.54,1.05,24.8,0.188,Genova,44.4056,8.9463
2026-05-31T13:00,25.0,69,18.9,28.7,0.0,0.0,0.0,0.0,0.0,1,1017.2,1015.9,21,0,0,21,11.2,170,31.7,899.0,772.0,127.0,853.0,3600.0,0.58,0.98,25.6,0.185,Genova,44.4056,8.9463
2026-05-31T14:00,26.3,63,18.6,29.7,0.0,0.0,0.0,0.0,0.0,1,1016.4,1015.1,34,0,0,34,12.2,172,31.7,917.0,787.0,130.0,854.1,3600.0,0.61,1.27,26.5,0.192,Genova,44.4056,8.9463
2026-05-31T15:00,25.2,70,19.4,29.0,0.0,0.0,0.0,0.0,0.0,1,1016.2,1014.9,46,0,0,46,11.2,181,35.6,888.0,756.0,132.0,846.6,3600.0,0.57,0.95,26.9,0.19,Genova,44.4056,8.9463
2026-05-31T16:00,24.8,72,19.4,28.4,0.0,0.0,0.0,0.0,0.0,3,1016.2,1014.9,100,0,0,100,8.7,176,31.3,771.0,590.0,181.0,718.3,3600.0,0.5,0.87,27.0,0.188,Genova,44.4056,8.9463
2026-05-31T17:00,23.9,77,19.7,26.5,0.0,0.0,0.0,0.0,0.0,3,1015.6,1014.3,95,0,4,95,7.9,153,26.6,370.0,85.0,285.0,119.4,1782.38,0.26,0.67,26.3,0.186,Genova,44.4056,8.9463
2026-05-31T18:00,23.3,81,19.8,25.6,0.0,0.0,0.0,0.0,0.0,1,1015.4,1014.1,24,0,0,24,10.5,161,28.8,338.0,127.0,211.0,222.2,3600.0,0.22,0.55,25.8,0.185,Genova,44.4056,8.9463
2026-05-31T19:00,23.0,83,20.0,25.5,0.0,0.0,0.0,0.0,0.0,0,1015.1,1013.8,15,9,0,6,9.1,158,27.4,334.0,229.0,105.0,558.2,3600.0,0.2,0.46,25.3,0.185,Genova,44.4056,8.9463
2026-05-31T20:00,22.8,87,20.4,25.6,0.0,0.0,0.0,0.0,0.0,2,1014.5,1013.2,53,5,0,50,8.7,163,24.1,166.0,101.0,65.0,422.9,3600.0,0.1,0.37,24.8,0.183,Genova,44.4056,8.9463
2026-05-31T21:00,21.5,92,20.2,24.3,0.0,0.0,0.0,0.0,0.0,1,1014.3,1013.0,49,5,0,47,8.0,144,20.2,36.0,13.0,23.0,141.4,3103.72,0.02,0.2,23.9,0.183,Genova,44.4056,8.9463
2026-05-31T22:00,20.9,95,20.0,23.6,0.0,0.0,0.0,0.0,0.0,1,1014.7,1013.4,40,18,3,25,7.6,133,18.7,0.0,0.0,0.0,0.0,0.0,0.0,0.13,23.1,0.184,Genova,44.4056,8.9463
2026-05-31T23:00,20.7,94,19.8,23.2,0.0,0.0,0.0,0.0,0.0,2,1014.8,1013.5,59,34,3,37,8.4,133,18.0,0.0,0.0,0.0,0.0,0.0,0.0,0.14,22.5,0.184,Genova,44.4056,8.9463
2026-06-01T00:00,21.0,89,19.1,23.1,0.0,0.0,0.0,0.0,0.0,3,1014.7,1013.4,82,75,0,27,8.9,114,20.2,0.0,0.0,0.0,0.0,0.0,0.0,0.27,22.1,0.184,Genova,44.4056,8.9463
2026-06-01T01:00,21.0,88,18.8,23.0,0.1,0.1,0.0,0.0,0.0,51,1014.6,1013.3,99,93,0,89,8.7,111,20.5,0.0,0.0,0.0,0.0,0.0,0.0,0.31,21.8,0.185,Genova,44.4056,8.9463
2026-06-01T02:00,21.2,91,19.7,23.2,0.1,0.1,0.0,0.0,0.0,51,1013.9,1012.6,98,84,0,92,11.1,138,22.7,0.0,0.0,0.0,0.0,0.0,0.0,0.22,22.4,0.183,Genova,44.4056,8.9463
2026-06-01T03:00,20.8,91,19.3,23.0,0.1,0.1,0.0,0.0,0.0,51,1013.6,1012.3,85,80,3,19,8.7,111,25.2,0.0,0.0,0.0,0.0,0.0,0.0,0.22,22.1,0.185,Genova,44.4056,8.9463
2026-06-01T04:00,20.3,90,18.6,22.8,0.0,0.0,0.0,0.0,0.0,2,1013.2,1011.9,58,34,5,35,5.1,94,18.7,0.0,0.0,0.0,0.0,0.0,0.0,0.24,21.7,0.185,Genova,44.4056,8.9463
2026-06-01T05:00,19.8,90,18.1,22.2,0.0,0.0,0.0,0.0,0.0,2,1013.2,1011.9,63,62,0,3,3.3,81,11.9,0.0,0.0,0.0,0.0,0.0,0.0,0.23,21.2,0.185,Genova,44.4056,8.9463
2026-06-01T06:00,19.9,89,18.0,22.1,0.0,0.0,0.0,0.0,0.0,3,1013.3,1012.0,95,95,0,0,4.7,81,11.2,1.0,0.0,1.0,0.0,0.0,0.01,0.25,20.9,0.185,Genova,44.4056,8.9463
2026-06-01T07:00,21.1,87,18.9,23.6,0.0,0.0,0.0,0.0,0.0,3,1013.5,1012.2,100,100,2,0,5.8,99,13.3,39.0,11.0,28.0,95.6,1076.84,0.03,0.33,21.1,0.185,Genova,44.4056,8.9463
2026-06-01T08:00,22.5,85,19.8,25.2,0.0,0.0,0.0,0.0,0.0,2,1013.7,1012.4,65,65,1,0,7.6,117,14.8,106.0,33.0,73.0,115.3,1659.62,0.08,0.42,21.6,0.19,Genova,44.4056,8.9463
2026-06-01T09:00,22.5,85,19.9,25.1,0.1,0.1,0.0,0.0,0.0,51,1014.0,1012.7,55,55,2,0,8.6,144,21.6,222.0,99.0,123.0,217.1,3600.0,0.15,0.41,22.2,0.19,Genova,44.4056,8.9463
2026-06-01T10:00,22.7,86,20.2,25.3,0.4,0.4,0.0,0.0,0.0,51,1014.3,1013.0,46,41,9,2,9.2,164,25.2,431.0,234.0,197.0,381.9,3600.0,0.26,0.38,22.9,0.193,Genova,44.4056,8.9463
2026-06-01T11:00,22.9,86,20.5,25.9,0.2,0.2,0.0,0.0,0.0,51,1014.7,1013.4,100,100,41,20,7.6,168,25.9,547.0,315.0,232.0,422.5,3600.0,0.34,0.38,23.6,0.194,Genova,44.4056,8.9463
2026-06-01T12:00,22.6,89,20.6,25.9,0.6,0.6,0.0,0.0,0.0,53,1014.9,1013.6,100,99,4,67,5.8,154,23.0,470.0,256.0,214.0,302.8,3600.0,0.3,0.31,23.9,0.198,Genova,44.4056,8.9463
2026-06-01T13:00,23.6,83,20.6,27.2,0.1,0.1,0.0,0.0,0.0,51,1014.6,1013.3,99,97,16,67,8.2,158,25.2,641.0,349.0,292.0,385.3,3600.0,0.41,0.49,24.5,0.198,Genova,44.4056,8.9463
2026-06-01T14:00,24.7,76,20.3,27.6,0.2,0.2,0.0,0.0,0.0,51,1014.1,1012.8,92,46,16,83,8.2,165,26.3,560.0,216.0,344.0,234.2,3600.0,0.38,0.74,25.9,0.211,Genova,44.4056,8.9463
2026-06-01T15:00,24.4,81,20.8,27.7,0.4,0.4,0.0,0.0,0.0,51,1013.9,1012.6,82,30,31,63,10.4,169,29.2,643.0,345.0,298.0,385.9,3600.0,0.41,0.59,26.0,0.213,Genova,44.4056,8.9463
2026-06-01T16:00,24.2,83,21.1,28.1,0.2,0.2,0.0,0.0,0.0,51,1013.5,1012.2,46,36,7,10,9.7,178,30.2,699.0,476.0,223.0,578.6,3600.0,0.44,0.52,26.1,0.212,Genova,44.4056,8.9463
2026-06-01T17:00,24.1,83,21.0,27.5,0.1,0.1,0.0,0.0,0.0,51,1013.5,1012.2,27,23,4,4,9.0,175,27.4,612.0,427.0,185.0,598.6,3600.0,0.38,0.52,26.1,0.211,Genova,44.4056,8.9463
2026-06-01T18:00,23.5,85,20.8,26.5,0.0,0.0,0.0,0.0,0.0,3,1013.4,1012.1,90,77,4,52,8.3,181,25.9,397.0,207.0,190.0,361.1,3600.0,0.25,0.44,25.8,0.21,Genova,44.4056,8.9463
2026-06-01T19:00,22.9,87,20.6,25.9,0.0,0.0,0.0,0.0,0.0,3,1013.2,1011.9,93,88,2,41,8.0,188,23.4,274.0,139.0,135.0,337.3,3600.0,0.17,0.36,25.3,0.21,Genova,44.4056,8.9463
2026-06-01T20:00,22.6,89,20.8,26.0,0.0,0.0,0.0,0.0,0.0,2,1013.0,1011.7,65,22,2,54,5.8,196,22.0,159.0,86.0,73.0,357.1,3600.0,0.09,0.29,24.6,0.21,Genova,44.4056,8.9463
2026-06-01T21:00,21.2,96,20.6,25.1,0.0,0.0,0.0,0.0,0.0,2,1013.2,1011.9,60,32,2,41,2.0,185,15.5,30.0,6.0,24.0,64.6,517.91,0.01,0.09,23.8,0.21,Genova,44.4056,8.9463
2026-06-01T22:00,21.2,97,20.7,24.9,0.0,0.0,0.0,0.0,0.0,2,1013.9,1012.6,50,36,2,20,3.6,139,8.6,0.0,0.0,0.0,0.0,0.0,0.0,0.08,23.1,0.21,Genova,44.4056,8.9463
2026-06-01T23:00,21.1,98,20.8,24.4,0.0,0.0,0.0,0.0,0.0,2,1014.5,1013.2,71,34,2,56,6.5,148,14.4,0.0,0.0,0.0,0.0,0.0,0.0,0.04,22.6,0.211,Genova,44.4056,8.9463
2026-06-02T00:00,20.9,98,20.5,24.1,0.0,0.0,0.0,0.0,0.0,2,1014.7,1013.4,77,32,2,66,6.2,142,15.8,0.0,0.0,0.0,0.0,0.0,0.0,0.05,22.3,0.211,Genova,44.4056,8.9463
2026-06-02T01:00,20.3,96,19.7,23.6,0.0,0.0,0.0,0.0,0.0,2,1014.6,1013.3,66,23,1,56,3.2,124,13.7,0.0,0.0,0.0,0.0,0.0,0.0,0.09,21.8,0.211,Genova,44.4056,8.9463
2026-06-02T02:00,20.8,96,20.1,23.9,0.0,0.0,0.0,0.0,0.0,3,1014.1,1012.8,87,27,9,79,5.7,162,8.6,0.0,0.0,0.0,0.0,0.0,0.0,0.1,21.2,0.213,Genova,44.4056,8.9463
2026-06-02T03:00,20.6,97,20.1,23.6,0.4,0.4,0.0,0.0,0.0,51,1013.8,1012.5,95,53,20,86,6.4,188,17.6,0.0,0.0,0.0,0.0,0.0,0.0,0.07,21.2,0.217,Genova,44.4056,8.9463
2026-06-02T04:00,20.5,97,20.0,23.6,0.2,0.2,0.0,0.0,0.0,51,1013.6,1012.3,100,84,6,99,5.6,187,16.6,0.0,0.0,0.0,0.0,0.0,0.0,0.07,21.2,0.219,Genova,44.4056,8.9463
2026-06-02T05:00,20.4,97,19.9,23.5,0.1,0.1,0.0,0.0,0.0,51,1013.4,1012.1,100,84,23,99,5.4,176,15.5,0.0,0.0,0.0,0.0,0.0,0.0,0.07,21.2,0.22,Genova,44.4056,8.9463
2026-06-02T06:00,20.4,97,19.9,23.3,0.3,0.3,0.0,0.0,0.0,51,1013.1,1011.8,100,95,18,99,6.0,151,15.5,1.0,0.0,1.0,0.0,0.0,0.0,0.07,21.1,0.222,Genova,44.4056,8.9463
2026-06-02T07:00,20.0,98,19.7,22.4,0.6,0.6,0.0,0.0,0.0,53,1013.3,1012.0,100,93,52,97,8.5,174,23.0,28.0,0.0,28.0,0.0,0.0,0.02,0.04,21.1,0.227,Genova,44.4056,8.9463
2026-06-02T08:00,20.1,95,19.3,22.6,1.0,1.0,0.0,0.0,0.0,55,1013.4,1012.1,95,55,43,86,7.0,145,26.3,106.0,20.0,86.0,69.6,289.25,0.06,0.12,21.4,0.237,Genova,44.4056,8.9463
2026-06-02T09:00,20.5,94,19.6,23.1,0.3,0.3,0.0,0.0,0.0,51,1013.4,1012.1,95,55,14,86,7.5,132,20.5,261.0,98.0,163.0,214.5,3600.0,0.15,0.14,21.6,0.239,Genova,44.4056,8.9463
2026-06-02T10:00,21.3,90,19.6,23.4,0.2,0.2,0.0,0.0,0.0,51,1013.4,1012.1,100,100,16,34,10.9,164,33.1,457.0,256.0,201.0,417.3,3600.0,0.26,0.25,22.0,0.24,Genova,44.4056,8.9463
2026-06-02T11:00,21.1,91,19.6,23.0,0.3,0.3,0.0,0.0,0.0,51,1013.7,1012.4,100,100,7,2,12.0,158,34.6,552.0,285.0,267.0,381.9,3600.0,0.3,0.21,22.6,0.242,Genova,44.4056,8.9463
2026-06-02T12:00,21.1,91,19.6,22.9,0.4,0.4,0.0,0.0,0.0,51,1013.4,1012.1,100,100,15,22,12.8,152,35.3,517.0,240.0,277.0,283.6,3600.0,0.29,0.22,22.9,0.245,Genova,44.4056,8.9463
2026-06-02T13:00,21.2,91,19.7,23.2,0.2,0.2,0.0,0.0,0.0,51,1013.3,1012.0,98,88,8,76,12.9,152,38.5,579.0,200.0,379.0,220.6,3600.0,0.32,0.22,23.3,0.245,Genova,44.4056,8.9463
2026-06-02T14:00,22.1,85,19.5,23.3,0.3,0.3,0.0,0.0,0.0,51,1012.1,1010.8,96,56,1,92,16.7,140,38.9,518.0,128.0,390.0,138.6,2358.97,0.3,0.39,22.9,0.249,Genova,44.4056,8.9463
2026-06-02T15:00,22.1,85,19.5,23.2,0.3,0.3,0.0,0.0,0.0,51,1011.8,1010.5,97,70,43,88,17.3,153,43.9,568.0,223.0,345.0,249.1,3600.0,0.32,0.39,23.3,0.25,Genova,44.4056,8.9463
2026-06-02T16:00,21.1,91,19.6,22.5,1.2,1.2,0.0,0.0,0.0,55,1011.0,1009.7,98,95,29,40,15.3,158,43.6,455.0,133.0,322.0,161.4,3042.7,0.25,0.21,23.2,0.26,Genova,44.4056,8.9463
2026-06-02T17:00,20.2,95,19.3,21.9,1.1,1.1,0.0,0.0,0.0,55,1011.4,1010.1,100,100,23,98,12.5,141,40.3,463.0,192.0,271.0,268.6,3600.0,0.25,0.13,23.0,0.268,Genova,44.4056,8.9463
2026-06-02T18:00,19.6,95,18.9,21.3,0.6,0.6,0.0,0.0,0.0,53,1010.7,1009.4,94,91,15,36,11.2,109,32.8,252.0,29.0,223.0,50.4,0.0,0.14,0.1,22.3,0.273,Genova,44.4056,8.9463
2026-06-02T19:00,18.4,99,18.2,19.8,1.0,1.0,0.0,0.0,0.0,55,1010.2,1008.9,100,100,27,60,10.5,117,32.4,146.0,38.0,108.0,91.8,954.36,0.08,0.03,21.5,0.281,Genova,44.4056,8.9463
2026-06-02T20:00,18.7,98,18.3,20.6,0.9,0.9,0.0,0.0,0.0,53,1009.8,1008.5,100,100,41,13,7.7,108,24.5,48.0,0.0,48.0,0.0,0.0,0.03,0.05,20.9,0.285,Genova,44.4056,8.9463
2026-06-02T21:00,18.9,98,18.5,20.9,0.2,0.2,0.0,0.0,0.0,51,1008.8,1007.5,100,100,1,21,8.3,108,18.4,20.0,3.0,17.0,32.0,0.0,0.01,0.05,20.5,0.287,Genova,44.4056,8.9463
2026-06-02T22:00,18.9,97,18.4,20.3,0.1,0.1,0.0,0.0,0.0,51,1009.2,1007.9,100,100,5,83,11.8,102,23.4,0.0,0.0,0.0,0.0,0.0,0.0,0.06,20.1,0.287,Genova,44.4056,8.9463
2026-06-02T23:00,18.1,98,17.8,19.1,0.6,0.6,0.0,0.0,0.0,53,1009.6,1008.3,100,100,3,28,12.2,98,28.1,0.0,0.0,0.0,0.0,0.0,0.0,0.04,19.8,0.293,Genova,44.4056,8.9463
2026-06-03T00:00,18.0,98,17.7,19.3,0.6,0.6,0.0,0.0,0.0,53,1009.1,1007.8,100,100,9,52,9.8,98,25.2,0.0,0.0,0.0,0.0,0.0,0.0,0.04,19.5,0.299,Genova,44.4056,8.9463
2026-06-03T01:00,17.9,98,17.5,19.3,0.3,0.3,0.0,0.0,0.0,51,1008.4,1007.1,100,100,7,11,8.5,63,21.2,0.0,0.0,0.0,0.0,0.0,0.0,0.04,19.3,0.302,Genova,44.4056,8.9463
2026-06-03T02:00,18.5,95,17.6,19.6,2.0,2.0,0.0,0.0,0.0,61,1007.5,1006.2,25,13,1,14,11.6,30,31.0,0.0,0.0,0.0,0.0,0.0,0.0,0.12,19.9,0.363,Genova,44.4056,8.9463
2026-06-03T03:00,17.6,96,16.9,18.2,0.1,0.1,0.0,0.0,0.0,51,1007.2,1005.9,8,3,2,2,12.5,355,29.2,0.0,0.0,0.0,0.0,0.0,0.0,0.09,19.4,0.359,Genova,44.4056,8.9463
2026-06-03T04:00,17.0,96,16.3,17.1,0.0,0.0,0.0,0.0,0.0,3,1007.4,1006.1,82,81,2,1,14.3,354,32.0,0.0,0.0,0.0,0.0,0.0,0.0,0.08,18.9,0.356,Genova,44.4056,8.9463
2026-06-03T05:00,17.1,95,16.3,17.3,0.0,0.0,0.0,0.0,0.0,3,1007.3,1006.0,93,93,0,0,13.5,358,33.1,0.0,0.0,0.0,0.0,0.0,0.0,0.09,18.6,0.353,Genova,44.4056,8.9463
2026-06-03T06:00,17.3,94,16.4,17.3,0.0,0.0,0.0,0.0,0.0,3,1007.4,1006.1,84,84,0,0,14.8,359,31.7,1.0,0.0,1.0,0.0,0.0,0.01,0.11,18.5,0.35,Genova,44.4056,8.9463
2026-06-03T07:00,17.6,94,16.5,17.5,0.0,0.0,0.0,0.0,0.0,2,1007.7,1006.4,66,66,0,0,15.8,359,35.6,58.0,22.0,36.0,188.0,3600.0,0.03,0.13,18.5,0.347,Genova,44.4056,8.9463
2026-06-03T08:00,19.2,93,18.1,20.0,0.0,0.0,0.0,0.0,0.0,1,1007.6,1006.3,34,33,1,0,15.1,359,37.1,194.0,103.0,91.0,357.5,3600.0,0.09,0.15,18.8,0.342,Genova,44.4056,8.9463
2026-06-03T09:00,21.2,83,18.2,22.3,0.0,0.0,0.0,0.0,0.0,0,1008.1,1006.8,9,9,0,0,12.9,344,33.8,395.0,284.0,111.0,620.5,3600.0,0.22,0.43,19.8,0.339,Genova,44.4056,8.9463
2026-06-03T10:00,22.6,72,17.2,23.3,0.0,0.0,0.0,0.0,0.0,0,1008.5,1007.2,8,7,2,0,14.3,335,34.9,580.0,467.0,113.0,760.3,3600.0,0.35,0.78,20.9,0.335,Genova,44.4056,8.9463
2026-06-03T11:00,23.9,62,16.2,24.7,0.0,0.0,0.0,0.0,0.0,0,1008.8,1007.5,5,5,1,0,15.4,334,37.1,723.0,600.0,123.0,803.2,3600.0,0.46,1.12,21.9,0.331,Genova,44.4056,8.9463
2026-06-03T12:00,25.1,48,13.2,25.5,0.0,0.0,0.0,0.0,0.0,0,1009.1,1007.8,13,1,4,9,14.8,334,37.4,832.0,697.0,135.0,822.9,3600.0,0.57,1.67,22.9,0.325,Genova,44.4056,8.9463
2026-06-03T13:00,26.1,42,12.2,26.5,0.0,0.0,0.0,0.0,0.0,0,1009.0,1007.7,2,0,2,0,13.9,346,36.0,880.0,735.0,145.0,810.0,3600.0,0.62,1.96,23.8,0.318,Genova,44.4056,8.9463
2026-06-03T14:00,27.1,34,10.0,28.3,0.0,0.0,0.0,0.0,0.0,0,1008.9,1007.6,17,0,9,10,7.5,305,32.8,927.0,799.0,128.0,864.6,3600.0,0.66,2.36,24.8,0.312,Genova,44.4056,8.9463
2026-06-03T15:00,26.3,47,14.1,28.3,0.0,0.0,0.0,0.0,0.0,0,1008.7,1007.4,4,0,4,0,8.1,253,22.3,857.0,693.0,164.0,773.4,3600.0,0.6,1.8,25.4,0.306,Genova,44.4056,8.9463
2026-06-03T16:00,25.3,62,17.6,27.9,0.0,0.0,0.0,0.0,0.0,1,1009.1,1007.8,27,0,1,26,9.4,238,27.7,772.0,625.0,147.0,757.5,3600.0,0.52,1.21,25.5,0.301,Genova,44.4056,8.9463
2026-06-03T17:00,24.7,61,16.7,26.4,0.0,0.0,0.0,0.0,0.0,1,1009.5,1008.2,45,0,1,45,8.9,220,27.0,664.0,520.0,144.0,726.2,3600.0,0.44,1.22,25.4,0.297,Genova,44.4056,8.9463
2026-06-03T18:00,23.7,64,16.4,25.2,0.0,0.0,0.0,0.0,0.0,2,1009.6,1008.3,78,0,0,78,4.9,190,24.8,515.0,390.0,125.0,676.6,3600.0,0.33,1.06,25.1,0.294,Genova,44.4056,8.9463
2026-06-03T19:00,22.7,69,16.8,24.4,0.0,0.0,0.0,0.0,0.0,3,1009.6,1008.3,97,0,0,97,4.6,99,15.8,283.0,125.0,158.0,300.7,3600.0,0.18,0.84,24.4,0.292,Genova,44.4056,8.9463
2026-06-03T20:00,22.5,86,20.1,25.8,0.0,0.0,0.0,0.0,0.0,1,1010.0,1008.7,44,0,0,44,4.1,139,11.9,137.0,42.0,95.0,171.6,3348.39,0.08,0.38,23.6,0.256,Genova,44.4056,8.9463
2026-06-03T21:00,20.6,87,18.3,23.2,0.0,0.0,0.0,0.0,0.0,1,1010.3,1009.0,47,0,0,47,2.9,112,9.7,39.0,14.0,25.0,147.6,3420.34,0.02,0.32,22.6,0.256,Genova,44.4056,8.9463
2026-06-03T22:00,19.6,83,16.7,21.5,0.0,0.0,0.0,0.0,0.0,1,1010.7,1009.4,38,0,0,38,3.2,90,7.9,0.0,0.0,0.0,0.0,0.0,0.0,0.38,21.4,0.256,Genova,44.4056,8.9463
2026-06-03T23:00,18.9,77,14.8,20.0,0.0,0.0,0.0,0.0,0.0,2,1011.1,1009.8,52,0,0,52,3.5,66,10.1,0.0,0.0,0.0,0.0,0.0,0.0,0.5,20.5,0.256,Genova,44.4056,8.9463
2026-06-04T00:00,18.8,68,12.8,19.2,0.0,0.0,0.0,0.0,0.0,3,1011.6,1010.3,86,0,0,86,3.1,77,6.8,0.0,0.0,0.0,0.0,0.0,0.0,0.7,19.6,0.255,Genova,44.4056,8.9463
2026-06-04T01:00,18.9,65,12.1,19.0,0.0,0.0,0.0,0.0,0.0,3,1011.7,1010.4,96,0,0,96,3.6,99,7.9,0.0,0.0,0.0,0.0,0.0,0.0,0.77,19.0,0.255,Genova,44.4056,8.9463
2026-06-04T02:00,19.0,66,12.4,19.2,0.0,0.0,0.0,0.0,0.0,3,1011.5,1010.2,95,0,0,95,4.0,108,8.3,0.0,0.0,0.0,0.0,0.0,0.01,0.76,18.5,0.277,Genova,44.4056,8.9463
2026-06-04T03:00,18.6,75,14.0,19.2,0.0,0.0,0.0,0.0,0.0,2,1011.8,1010.5,73,0,0,73,4.6,149,10.4,0.0,0.0,0.0,0.0,0.0,0.0,0.54,18.2,0.277,Genova,44.4056,8.9463
2026-06-04T04:00,17.8,78,13.9,18.6,0.0,0.0,0.0,0.0,0.0,3,1011.6,1010.3,83,0,0,83,3.1,90,10.4,0.0,0.0,0.0,0.0,0.0,0.0,0.46,17.9,0.277,Genova,44.4056,8.9463
2026-06-04T05:00,17.4,74,12.8,17.8,0.0,0.0,0.0,0.0,0.0,3,1011.7,1010.4,94,0,20,93,3.8,73,9.4,0.0,0.0,0.0,0.0,0.0,0.0,0.51,17.8,0.276,Genova,44.4056,8.9463
2026-06-04T06:00,16.9,77,12.8,17.1,0.0,0.0,0.0,0.0,0.0,3,1012.0,1010.7,96,0,12,96,4.2,54,10.4,1.0,0.0,1.0,0.0,0.0,0.02,0.45,17.5,0.276,Genova,44.4056,8.9463
2026-06-04T07:00,18.2,80,14.6,19.1,0.0,0.0,0.0,0.0,0.0,3,1012.1,1010.8,91,0,16,91,3.8,45,11.2,58.0,13.0,45.0,110.1,1503.86,0.03,0.43,17.7,0.276,Genova,44.4056,8.9463
2026-06-04T08:00,20.7,75,16.1,21.9,0.0,0.0,0.0,0.0,0.0,3,1012.4,1011.1,93,0,13,92,6.0,155,19.4,195.0,92.0,103.0,318.4,3600.0,0.12,0.6,18.5,0.287,Genova,44.4056,8.9463
2026-06-04T09:00,20.7,79,16.9,21.5,0.0,0.0,0.0,0.0,0.0,3,1012.8,1011.5,100,27,13,100,11.2,159,28.1,322.0,147.0,175.0,320.7,3600.0,0.19,0.52,19.4,0.286,Genova,44.4056,8.9463
2026-06-04T10:00,21.0,76,16.6,21.6,0.0,0.0,0.0,0.0,0.0,3,1013.2,1011.9,84,54,1,66,11.5,158,30.2,352.0,98.0,254.0,159.4,2981.69,0.23,0.6,20.1,0.284,Genova,44.4056,8.9463
2026-06-04T11:00,22.0,72,16.7,23.1,0.0,0.0,0.0,0.0,0.0,2,1012.9,1011.6,60,41,1,31,12.7,165,33.1,654.0,479.0,175.0,640.7,3600.0,0.39,0.74,21.2,0.282,Genova,44.4056,8.9463
2026-06-04T12:00,22.1,74,17.3,23.7,0.0,0.0,0.0,0.0,0.0,2,1012.8,1011.5,64,27,3,50,14.8,166,38.5,769.0,557.0,212.0,657.1,3600.0,0.45,0.69,22.1,0.279,Genova,44.4056,8.9463
2026-06-04T13:00,22.1,75,17.5,24.1,0.0,0.0,0.0,0.0,0.0,2,1012.9,1011.6,64,6,12,62,15.7,165,41.0,852.0,616.0,236.0,678.3,3600.0,0.49,0.65,22.8,0.275,Genova,44.4056,8.9463
2026-06-04T14:00,22.6,69,16.7,24.2,0.0,0.0,0.0,0.0,0.0,3,1012.6,1011.3,95,2,0,95,16.3,174,40.7,872.0,649.0,223.0,701.7,3600.0,0.52,0.84,23.6,0.274,Genova,44.4056,8.9463
2026-06-04T15:00,21.5,73,16.5,22.6,0.0,0.0,0.0,0.0,0.0,3,1012.4,1011.1,90,1,0,89,14.2,179,41.0,729.0,363.0,366.0,404.7,3600.0,0.43,0.69,23.6,0.271,Genova,44.4056,8.9463
2026-06-04T16:00,20.9,77,16.7,21.8,0.0,0.0,0.0,0.0,0.0,3,1011.9,1010.6,98,15,1,97,11.3,171,37.4,586.0,249.0,337.0,301.4,3600.0,0.35,0.57,23.5,0.268,Genova,44.4056,8.9463
2026-06-04T17:00,21.1,74,16.2,21.2,0.1,0.1,0.0,0.0,0.0,51,1011.3,1010.0,97,32,1,96,13.8,159,34.6,434.0,121.0,313.0,168.7,3260.12,0.27,0.66,23.1,0.267,Genova,44.4056,8.9463
2026-06-04T18:00,20.7,79,17.0,20.8,0.3,0.3,0.0,0.0,0.0,51,1010.8,1009.5,90,43,2,81,16.5,155,38.9,290.0,81.0,209.0,140.2,2404.82,0.19,0.51,22.6,0.268,Genova,44.4056,8.9463
2026-06-04T19:00,20.2,82,17.1,20.1,0.4,0.4,0.0,0.0,0.0,51,1010.0,1008.7,87,47,2,74,18.4,149,42.8,227.0,89.0,138.0,213.3,3600.0,0.14,0.42,22.0,0.27,Genova,44.4056,8.9463
2026-06-04T20:00,20.3,80,16.7,19.8,0.1,0.1,0.0,0.0,0.0,51,1009.6,1008.3,66,23,9,52,19.7,157,43.6,132.0,40.0,92.0,162.2,3066.54,0.1,0.48,21.6,0.264,Genova,44.4056,8.9463
2026-06-04T21:00,19.4,81,16.2,19.0,0.0,0.0,0.0,0.0,0.0,2,1009.9,1008.6,72,27,3,59,17.5,153,43.9,36.0,11.0,25.0,114.9,2299.09,0.05,0.42,21.0,0.264,Genova,44.4056,8.9463
2026-06-04T22:00,19.6,82,16.4,18.9,0.0,0.0,0.0,0.0,0.0,2,1009.7,1008.4,66,33,7,48,20.5,151,45.0,0.0,0.0,0.0,0.0,0.0,0.03,0.42,20.7,0.264,Genova,44.4056,8.9463
2026-06-04T23:00,19.5,84,16.8,19.1,0.0,0.0,0.0,0.0,0.0,3,1010.1,1008.8,100,100,55,90,19.1,152,47.5,0.0,0.0,0.0,0.0,0.0,0.03,0.35,20.4,0.263,Genova,44.4056,8.9463
2026-06-05T00:00,18.8,97,18.3,19.4,2.1,2.1,0.0,0.0,0.0,61,1009.9,1008.6,100,100,100,80,16.3,155,42.8,0.0,0.0,0.0,0.0,0.0,0.0,0.06,20.1,0.282,Genova,44.4056,8.9463
2026-06-05T01:00,18.7,98,18.3,18.6,4.3,4.3,0.0,0.0,0.0,63,1009.2,1007.9,100,100,99,93,21.6,191,51.5,0.0,0.0,0.0,0.0,0.0,0.0,0.05,19.8,0.339,Genova,44.4056,8.9463
2026-06-05T02:00,18.8,97,18.3,18.9,3.4,3.4,0.0,0.0,0.0,63,1008.5,1007.2,100,100,100,95,20.3,192,51.8,0.0,0.0,0.0,0.0,0.0,0.0,0.06,19.8,0.404,Genova,44.4056,8.9463
2026-06-05T03:00,18.7,98,18.4,18.8,6.1,6.1,0.0,0.0,0.0,63,1008.5,1007.2,100,100,100,91,20.4,199,49.3,0.0,0.0,0.0,0.0,0.0,0.0,0.03,19.6,0.427,Genova,44.4056,8.9463
2026-06-05T04:00,18.6,98,18.3,19.1,5.8,5.8,0.0,0.0,0.0,63,1008.2,1006.9,100,100,100,13,17.3,226,46.8,0.0,0.0,0.0,0.0,0.0,0.0,0.04,19.4,0.426,Genova,44.4056,8.9463
2026-06-05T05:00,18.7,99,18.5,20.9,2.5,2.5,0.0,0.0,0.0,63,1008.3,1007.0,88,84,38,0,5.9,247,38.2,0.0,0.0,0.0,0.0,0.0,0.0,0.03,19.3,0.422,Genova,44.4056,8.9463
2026-06-05T06:00,18.4,98,18.0,20.5,1.3,1.3,0.0,0.0,0.0,61,1009.1,1007.8,55,41,44,0,5.0,347,14.4,1.0,0.0,1.0,0.0,0.0,0.0,0.05,19.2,0.412,Genova,44.4056,8.9463
2026-06-05T07:00,18.4,98,18.0,20.2,0.1,0.1,0.0,0.0,0.0,51,1009.4,1008.1,47,33,30,0,7.5,37,16.2,44.0,10.0,34.0,84.1,721.62,0.02,0.05,19.1,0.402,Genova,44.4056,8.9463
2026-06-05T08:00,18.9,96,18.2,21.1,0.0,0.0,0.0,0.0,0.0,1,1009.9,1008.6,25,13,15,0,5.6,48,16.2,128.0,32.0,96.0,110.4,1513.22,0.07,0.09,19.0,0.394,Genova,44.4056,8.9463
2026-06-05T09:00,19.7,90,18.0,22.1,0.0,0.0,0.0,0.0,0.0,0,1010.3,1009.0,12,7,5,0,3.5,51,14.0,298.0,139.0,159.0,302.8,3600.0,0.17,0.23,19.5,0.389,Genova,44.4056,8.9463
2026-06-05T10:00,20.5,82,17.3,22.4,0.0,0.0,0.0,0.0,0.0,1,1010.8,1009.5,23,16,9,0,4.5,90,15.1,482.0,323.0,159.0,524.8,3600.0,0.29,0.43,20.3,0.385,Genova,44.4056,8.9463
2026-06-05T11:00,20.8,80,17.3,23.2,0.4,0.4,0.0,0.0,0.0,51,1011.2,1009.9,46,25,34,0,6.0,134,19.8,655.0,488.0,167.0,652.3,3600.0,0.39,0.48,21.2,0.383,Genova,44.4056,8.9463
2026-06-05T12:00,21.6,79,17.8,24.7,0.4,0.4,0.0,0.0,0.0,51,1011.5,1010.2,99,99,7,0,6.9,165,23.8,749.0,556.0,193.0,655.5,3600.0,0.46,0.54,22.0,0.381,Genova,44.4056,8.9463
2026-06-05T13:00,20.0,83,17.1,21.7,1.3,1.3,0.0,0.0,0.0,61,1012.1,1010.8,63,36,58,0,9.4,151,25.2,645.0,416.0,229.0,457.8,3600.0,0.37,0.39,22.1,0.386,Genova,44.4056,8.9463
2026-06-05T14:00,21.9,70,16.1,23.1,0.6,0.6,0.0,0.0,0.0,53,1012.4,1011.1,100,100,17,0,12.1,163,31.0,716.0,427.0,289.0,461.3,3600.0,0.44,0.8,22.4,0.393,Genova,44.4056,8.9463
2026-06-05T15:00,21.0,79,17.2,23.6,0.5,0.5,0.0,0.0,0.0,53,1012.4,1011.1,100,100,23,0,9.7,161,32.4,795.0,595.0,200.0,662.6,3600.0,0.46,0.53,22.8,0.39,Genova,44.4056,8.9463
2026-06-05T16:00,21.2,80,17.6,23.0,0.1,0.1,0.0,0.0,0.0,51,1012.0,1010.7,37,30,10,0,10.3,144,28.1,641.0,445.0,196.0,537.9,3600.0,0.38,0.51,22.9,0.384,Genova,44.4056,8.9463
2026-06-05T17:00,21.2,78,17.2,22.1,0.0,0.0,0.0,0.0,0.0,3,1012.3,1011.0,100,100,19,0,11.0,156,29.5,538.0,328.0,210.0,456.4,3600.0,0.32,0.55,22.9,0.379,Genova,44.4056,8.9463
2026-06-05T18:00,20.3,80,16.8,20.9,0.0,0.0,0.0,0.0,0.0,3,1012.4,1011.1,99,99,12,17,12.2,163,31.7,400.0,211.0,189.0,364.2,3600.0,0.23,0.47,22.6,0.375,Genova,44.4056,8.9463
2026-06-05T19:00,19.7,82,16.5,20.5,0.0,0.0,0.0,0.0,0.0,3,1012.7,1011.4,95,93,15,24,9.5,159,30.6,253.0,92.0,161.0,219.6,3600.0,0.15,0.42,22.1,0.372,Genova,44.4056,8.9463
2026-06-05T20:00,19.2,80,15.7,19.7,0.0,0.0,0.0,0.0,0.0,1,1013.0,1011.7,27,9,19,9,9.9,142,23.8,140.0,65.0,75.0,261.7,3600.0,0.09,0.45,21.7,0.361,Genova,44.4056,8.9463
2026-06-05T21:00,17.7,85,15.2,18.7,0.0,0.0,0.0,0.0,0.0,1,1013.4,1012.1,30,3,18,11,5.5,131,21.6,38.0,15.0,23.0,155.3,3553.26,0.02,0.3,20.8,0.36,Genova,44.4056,8.9463
2026-06-05T22:00,17.1,84,14.3,17.9,0.0,0.0,0.0,0.0,0.0,1,1014.1,1012.8,36,1,15,24,4.1,103,14.0,0.0,0.0,0.0,0.0,0.0,0.0,0.32,19.8,0.359,Genova,44.4056,8.9463
2026-06-05T23:00,16.6,82,13.6,17.1,0.0,0.0,0.0,0.0,0.0,0,1014.5,1013.2,15,1,7,8,4.7,88,12.6,0.0,0.0,0.0,0.0,0.0,0.0,0.34,19.0,0.358,Genova,44.4056,8.9463
2026-06-06T00:00,16.2,80,12.7,16.4,0.0,0.0,0.0,0.0,0.0,3,1014.9,1013.6,81,0,5,80,3.8,79,12.2,0.0,0.0,0.0,0.0,0.0,0.0,0.37,18.3,0.357,Genova,44.4056,8.9463
2026-06-06T01:00,16.0,79,12.3,16.0,0.0,0.0,0.0,0.0,0.0,3,1015.0,1013.7,87,4,2,85,4.3,73,11.5,0.0,0.0,0.0,0.0,0.0,0.0,0.39,17.8,0.356,Genova,44.4056,8.9463
2026-06-06T02:00,16.9,87,14.6,17.2,0.0,0.0,0.0,0.0,0.0,1,1015.1,1013.8,33,10,2,24,8.0,95,12.2,0.0,0.0,0.0,0.0,0.0,0.0,0.26,18.0,0.359,Genova,44.4056,8.9463
2026-06-06T03:00,16.7,88,14.7,17.0,0.0,0.0,0.0,0.0,0.0,3,1015.1,1013.8,95,33,2,92,8.4,100,18.0,0.0,0.0,0.0,0.0,0.0,0.0,0.23,17.9,0.358,Genova,44.4056,8.9463
2026-06-06T04:00,16.9,89,15.2,17.3,0.0,0.0,0.0,0.0,0.0,3,1015.2,1013.9,98,73,6,94,9.0,105,20.2,0.0,0.0,0.0,0.0,0.0,0.0,0.2,18.0,0.357,Genova,44.4056,8.9463
2026-06-06T05:00,16.8,91,15.4,17.6,0.1,0.1,0.0,0.0,0.0,51,1015.5,1014.2,98,65,2,95,7.0,93,19.1,0.0,0.0,0.0,0.0,0.0,0.0,0.16,18.0,0.357,Genova,44.4056,8.9463
2026-06-06T06:00,16.4,93,15.3,17.4,0.1,0.1,0.0,0.0,0.0,51,1015.8,1014.5,99,35,4,99,5.8,86,15.5,1.0,0.0,1.0,0.0,0.0,0.01,0.13,17.9,0.357,Genova,44.4056,8.9463
2026-06-06T07:00,17.2,91,15.7,18.4,0.0,0.0,0.0,0.0,0.0,3,1015.8,1014.5,90,7,73,78,5.4,64,12.2,40.0,1.0,39.0,8.3,0.0,0.03,0.18,18.0,0.356,Genova,44.4056,8.9463
2026-06-06T08:00,18.5,81,15.3,19.8,0.0,0.0,0.0,0.0,0.0,3,1016.1,1014.8,88,4,68,62,3.4,108,11.5,142.0,44.0,98.0,151.5,2744.92,0.08,0.4,18.5,0.355,Genova,44.4056,8.9463
2026-06-06T09:00,19.3,76,15.0,20.2,0.0,0.0,0.0,0.0,0.0,2,1016.5,1015.2,74,2,63,29,5.2,158,16.2,315.0,139.0,176.0,302.4,3600.0,0.19,0.53,19.2,0.353,Genova,44.4056,8.9463
2026-06-06T10:00,19.9,74,15.2,20.5,0.0,0.0,0.0,0.0,0.0,0,1016.8,1015.5,9,4,2,3,7.7,168,22.7,515.0,338.0,177.0,548.8,3600.0,0.3,0.6,20.0,0.351,Genova,44.4056,8.9463
2026-06-06T11:00,20.6,70,14.9,21.6,0.0,0.0,0.0,0.0,0.0,1,1016.9,1015.6,41,40,1,3,7.3,169,23.0,632.0,436.0,196.0,582.4,3600.0,0.38,0.73,20.9,0.348,Genova,44.4056,8.9463
2026-06-06T12:00,21.4,69,15.5,23.3,0.0,0.0,0.0,0.0,0.0,1,1017.1,1015.8,28,22,0,9,8.9,186,26.3,776.0,582.0,194.0,685.8,3600.0,0.47,0.78,21.8,0.344,Genova,44.4056,8.9463
2026-06-06T13:00,21.5,70,15.9,23.8,0.0,0.0,0.0,0.0,0.0,1,1017.5,1016.2,20,15,3,4,8.9,193,27.7,820.0,630.0,190.0,692.8,3600.0,0.5,0.76,22.5,0.34,Genova,44.4056,8.9463
2026-06-06T14:00,22.9,64,15.7,24.9,0.0,0.0,0.0,0.0,0.0,2,1017.7,1016.4,61,59,5,0,11.7,176,27.4,856.0,672.0,184.0,725.4,3600.0,0.54,1.01,23.2,0.337,Genova,44.4056,8.9463
2026-06-06T15:00,22.2,71,16.7,24.1,0.0,0.0,0.0,0.0,0.0,0,1017.7,1016.4,19,12,5,3,13.0,174,34.6,809.0,641.0,168.0,713.2,3600.0,0.49,0.78,23.5,0.334,Genova,44.4056,8.9463
2026-06-06T16:00,22.1,73,17.0,24.1,0.0,0.0,0.0,0.0,0.0,1,1017.9,1016.6,45,34,6,13,12.2,172,34.2,785.0,634.0,151.0,765.4,3600.0,0.47,0.72,23.7,0.33,Genova,44.4056,8.9463
2026-06-06T17:00,21.7,74,16.8,23.3,0.0,0.0,0.0,0.0,0.0,1,1018.1,1016.8,30,25,5,5,9.1,163,32.4,634.0,480.0,154.0,666.8,3600.0,0.38,0.68,23.6,0.328,Genova,44.4056,8.9463
2026-06-06T18:00,21.5,75,16.9,22.8,0.0,0.0,0.0,0.0,0.0,1,1018.0,1016.7,38,23,2,18,8.3,160,25.2,488.0,344.0,144.0,592.3,3600.0,0.3,0.64,23.4,0.325,Genova,44.4056,8.9463
2026-06-06T19:00,20.9,79,17.1,22.2,0.0,0.0,0.0,0.0,0.0,1,1018.3,1017.0,48,14,2,38,8.1,156,23.0,328.0,218.0,110.0,518.4,3600.0,0.19,0.51,22.9,0.324,Genova,44.4056,8.9463
2026-06-06T20:00,20.4,82,17.2,21.6,0.0,0.0,0.0,0.0,0.0,1,1018.6,1017.3,25,0,2,23,9.1,158,20.9,176.0,105.0,71.0,419.9,3600.0,0.1,0.43,22.5,0.322,Genova,44.4056,8.9463
2026-06-06T21:00,18.9,88,16.8,20.8,0.0,0.0,0.0,0.0,0.0,0,1019.3,1018.0,1,1,1,0,3.2,124,19.8,43.0,19.0,24.0,195.0,3595.41,0.02,0.27,21.5,0.321,Genova,44.4056,8.9463
2026-06-06T22:00,18.4,89,16.5,20.2,0.0,0.0,0.0,0.0,0.0,0,1019.8,1018.5,1,0,1,0,2.6,65,7.6,0.0,0.0,0.0,0.0,0.0,0.0,0.24,20.6,0.321,Genova,44.4056,8.9463
2026-06-06T23:00,17.7,90,16.0,19.4,0.0,0.0,0.0,0.0,0.0,0,1020.4,1019.1,5,1,2,2,2.3,58,5.8,0.0,0.0,0.0,0.0,0.0,0.0,0.2,19.8,0.322,Genova,44.4056,8.9463
2026-06-07T00:00,16.8,91,15.3,18.2,0.0,0.0,0.0,0.0,0.0,0,1020.6,1019.3,9,8,1,1,2.7,53,6.8,0.0,0.0,0.0,0.0,0.0,0.0,0.18,19.1,0.322,Genova,44.4056,8.9463
2026-06-07T01:00,16.3,90,14.7,17.3,0.0,0.0,0.0,0.0,0.0,0,1020.7,1019.4,19,17,1,1,3.7,51,9.0,0.0,0.0,0.0,0.0,0.0,0.0,0.18,18.7,0.322,Genova,44.4056,8.9463
2026-06-07T02:00,16.4,88,14.3,17.2,0.0,0.0,0.0,0.0,0.0,1,1020.7,1019.4,23,22,1,0,3.9,68,12.2,0.0,0.0,0.0,0.0,0.0,0.0,0.23,18.0,0.321,Genova,44.4056,8.9463
2026-06-07T03:00,16.1,86,13.7,16.8,0.0,0.0,0.0,0.0,0.0,0,1020.9,1019.6,13,13,0,0,3.7,51,9.7,0.0,0.0,0.0,0.0,0.0,0.0,0.26,17.7,0.321,Genova,44.4056,8.9463
2026-06-07T04:00,16.0,86,13.6,16.6,0.0,0.0,0.0,0.0,0.0,0,1020.8,1019.5,9,9,0,0,3.6,49,9.4,0.0,0.0,0.0,0.0,0.0,0.0,0.26,17.5,0.321,Genova,44.4056,8.9463
2026-06-07T05:00,15.9,88,13.9,16.6,0.0,0.0,0.0,0.0,0.0,0,1020.8,1019.5,11,11,0,0,3.8,49,9.4,0.0,0.0,0.0,0.0,0.0,0.0,0.22,17.3,0.321,Genova,44.4056,8.9463
2026-06-07T06:00,15.8,89,14.1,16.6,0.0,0.0,0.0,0.0,0.0,0,1021.2,1019.9,13,13,0,0,4.0,51,9.7,2.0,0.0,2.0,0.0,0.0,0.0,0.19,17.1,0.321,Genova,44.4056,8.9463
2026-06-07T07:00,17.6,88,15.6,18.9,0.0,0.0,0.0,0.0,0.0,0,1021.5,1020.2,18,18,0,0,4.2,43,10.1,68.0,29.0,39.0,240.6,3600.0,0.03,0.23,17.5,0.321,Genova,44.4056,8.9463
2026-06-07T08:00,19.7,81,16.4,21.4,0.0,0.0,0.0,0.0,0.0,1,1022.0,1020.7,33,23,1,11,3.0,104,9.7,211.0,127.0,84.0,436.4,3600.0,0.12,0.43,18.4,0.321,Genova,44.4056,8.9463
2026-06-07T09:00,20.7,79,17.0,22.7,0.0,0.0,0.0,0.0,0.0,1,1022.1,1020.8,35,27,1,10,2.9,180,13.0,397.0,301.0,96.0,654.1,3600.0,0.23,0.5,19.5,0.32,Genova,44.4056,8.9463
2026-06-07T10:00,21.5,77,17.4,23.4,0.0,0.0,0.0,0.0,0.0,1,1022.5,1021.2,28,16,2,14,5.5,199,18.7,569.0,455.0,114.0,738.2,3600.0,0.34,0.58,20.6,0.318,Genova,44.4056,8.9463
2026-06-07T11:00,22.0,77,17.7,24.8,0.0,0.0,0.0,0.0,0.0,1,1022.7,1021.4,28,6,1,23,7.1,201,22.7,721.0,598.0,123.0,798.4,3600.0,0.44,0.62,21.7,0.316,Genova,44.4056,8.9463
2026-06-07T12:00,22.4,77,18.1,25.9,0.0,0.0,0.0,0.0,0.0,1,1022.8,1021.5,36,9,0,30,8.1,201,25.2,837.0,705.0,132.0,830.3,3600.0,0.51,0.62,22.6,0.313,Genova,44.4056,8.9463
2026-06-07T13:00,22.5,78,18.5,26.4,0.0,0.0,0.0,0.0,0.0,2,1022.9,1021.6,55,10,0,51,7.8,195,25.2,862.0,685.0,177.0,752.9,3600.0,0.53,0.6,23.3,0.309,Genova,44.4056,8.9463
2026-06-07T14:00,23.2,73,18.1,26.8,0.0,0.0,0.0,0.0,0.0,1,1022.6,1021.3,29,2,1,27,9.4,182,26.6,902.0,715.0,187.0,771.3,3600.0,0.56,0.77,24.1,0.308,Genova,44.4056,8.9463
2026-06-07T15:00,22.5,73,17.4,25.9,0.0,0.0,0.0,0.0,0.0,0,1022.3,1021.0,13,1,1,11,8.5,182,28.1,882.0,737.0,145.0,819.3,3600.0,0.54,0.75,24.4,0.305,Genova,44.4056,8.9463
2026-06-07T16:00,22.6,67,16.2,25.3,0.0,0.0,0.0,0.0,0.0,1,1022.1,1020.8,26,1,1,24,6.2,187,25.6,791.0,650.0,141.0,783.8,3600.0,0.5,0.9,24.5,0.302,Genova,44.4056,8.9463
2026-06-07T17:00,22.4,67,16.0,24.2,0.0,0.0,0.0,0.0,0.0,2,1021.8,1020.5,63,1,1,62,7.9,193,23.4,691.0,563.0,128.0,780.8,3600.0,0.43,0.89,24.4,0.299,Genova,44.4056,8.9463
2026-06-07T18:00,21.4,72,16.1,22.6,0.0,0.0,0.0,0.0,0.0,2,1021.8,1020.5,64,1,1,63,6.2,195,23.4,511.0,377.0,134.0,647.7,3600.0,0.31,0.72,24.0,0.297,Genova,44.4056,8.9463
2026-06-07T19:00,20.9,75,16.2,22.7,0.0,0.0,0.0,0.0,0.0,1,1021.3,1020.0,47,0,1,46,2.2,194,18.4,319.0,190.0,129.0,450.2,3600.0,0.19,0.62,23.4,0.296,Genova,44.4056,8.9463
2026-06-07T20:00,20.9,80,17.2,23.2,0.0,0.0,0.0,0.0,0.0,1,1020.6,1019.3,25,0,0,25,1.9,119,9.4,173.0,94.0,79.0,373.5,3600.0,0.09,0.5,23.1,0.294,Genova,44.4056,8.9463
2026-06-07T21:00,19.3,88,17.3,21.9,0.0,0.0,0.0,0.0,0.0,0,1020.5,1019.2,13,0,0,13,0.4,360,5.8,45.0,19.0,26.0,193.4,3600.0,0.01,0.26,22.0,0.295,Genova,44.4056,8.9463
2026-06-07T22:00,18.7,89,16.9,20.9,0.0,0.0,0.0,0.0,0.0,0,1021.0,1019.7,3,0,1,2,1.1,18,3.6,0.0,0.0,0.0,0.0,0.0,0.01,0.23,21.0,0.295,Genova,44.4056,8.9463
2026-06-07T23:00,18.4,89,16.5,20.4,0.0,0.0,0.0,0.0,0.0,0,1021.4,1020.1,15,0,2,13,1.3,34,4.3,0.0,0.0,0.0,0.0,0.0,0.0,0.24,20.1,0.295,Genova,44.4056,8.9463
2026-06-08T00:00,18.0,90,16.2,19.7,0.0,0.0,0.0,0.0,0.0,0,1021.2,1019.9,8,0,2,6,3.0,33,7.9,0.0,0.0,0.0,0.0,0.0,0.0,0.22,19.6,0.296,Genova,44.4056,8.9463
2026-06-08T01:00,17.5,93,16.4,18.9,0.0,0.0,0.0,0.0,0.0,0,1020.8,1019.5,3,0,1,2,5.6,22,13.7,0.0,0.0,0.0,0.0,0.0,0.0,0.14,19.2,0.296,Genova,44.4056,8.9463
2026-06-08T02:00,16.2,95,15.3,17.5,0.0,0.0,0.0,0.0,0.0,0,1020.4,1019.1,8,8,0,0,2.9,22,15.1,0.0,0.0,0.0,0.0,0.0,0.0,0.1,19.1,0.295,Genova,44.4056,8.9463
2026-06-08T03:00,17.1,90,15.5,18.6,0.0,0.0,0.0,0.0,0.0,0,1020.2,1018.9,0,0,0,0,2.4,17,12.2,0.0,0.0,0.0,0.0,0.0,0.0,0.19,18.9,0.295,Genova,44.4056,8.9463
2026-06-08T04:00,17.6,89,15.7,19.1,0.0,0.0,0.0,0.0,0.0,0,1020.2,1018.9,0,0,0,0,2.8,27,10.1,0.0,0.0,0.0,0.0,0.0,0.0,0.23,18.7,0.295,Genova,44.4056,8.9463
2026-06-08T05:00,17.7,87,15.6,19.2,0.0,0.0,0.0,0.0,0.0,0,1020.2,1018.9,0,0,0,0,2.7,37,9.7,0.0,0.0,0.0,0.0,0.0,0.0,0.26,18.5,0.296,Genova,44.4056,8.9463
2026-06-08T06:00,17.8,86,15.5,19.4,0.0,0.0,0.0,0.0,0.0,0,1020.4,1019.1,6,0,0,6,1.4,23,7.9,2.0,0.0,2.0,0.0,0.0,0.0,0.28,18.3,0.296,Genova,44.4056,8.9463
2026-06-08T07:00,19.3,86,16.9,21.5,0.0,0.0,0.0,0.0,0.0,0,1020.3,1019.0,12,0,0,12,1.5,21,5.4,71.0,33.0,38.0,272.3,3600.0,0.03,0.31,18.6,0.296,Genova,44.4056,8.9463
2026-06-08T08:00,20.8,83,17.9,23.4,0.0,0.0,0.0,0.0,0.0,0,1020.4,1019.1,3,0,0,3,1.3,236,6.8,219.0,144.0,75.0,493.9,3600.0,0.12,0.4,19.1,0.298,Genova,44.4056,8.9463
2026-06-08T09:00,21.8,83,18.8,24.6,0.0,0.0,0.0,0.0,0.0,1,1020.4,1019.1,30,0,0,30,3.1,211,12.6,395.0,299.0,96.0,649.2,3600.0,0.24,0.43,20.3,0.297,Genova,44.4056,8.9463
2026-06-08T10:00,22.9,80,19.3,25.8,0.0,0.0,0.0,0.0,0.0,1,1020.4,1019.1,49,0,0,49,5.3,208,18.4,566.0,452.0,114.0,732.9,3600.0,0.35,0.55,21.5,0.296,Genova,44.4056,8.9463
2026-06-08T11:00,23.6,78,19.5,27.1,0.0,0.0,0.0,0.0,0.0,1,1020.2,1018.9,38,0,1,38,7.4,198,23.0,699.0,555.0,144.0,740.6,3600.0,0.44,0.65,22.6,0.293,Genova,44.4056,8.9463
2026-06-08T12:00,23.8,77,19.6,27.8,0.0,0.0,0.0,0.0,0.0,0,1020.2,1018.9,18,0,2,16,8.3,194,25.6,814.0,672.0,142.0,791.0,3600.0,0.51,0.67,23.6,0.291,Genova,44.4056,8.9463
2026-06-08T13:00,23.9,75,19.3,28.1,0.0,0.0,0.0,0.0,0.0,1,1020.0,1018.7,30,0,5,27,7.8,193,25.9,855.0,680.0,175.0,747.0,3600.0,0.55,0.73,24.3,0.288,Genova,44.4056,8.9463
2026-06-08T14:00,25.2,66,18.4,28.9,0.0,0.0,0.0,0.0,0.0,1,1019.2,1017.9,34,0,22,16,7.8,203,24.5,842.0,665.0,177.0,716.9,3600.0,0.56,1.09,25.0,0.287,Genova,44.4056,8.9463
2026-06-08T15:00,24.2,71,18.5,28.0,0.0,0.0,0.0,0.0,0.0,1,1019.0,1017.7,30,1,5,25,7.9,184,26.6,859.0,717.0,142.0,796.4,3600.0,0.55,0.89,25.4,0.284,Genova,44.4056,8.9463
2026-06-08T16:00,23.8,72,18.5,27.2,0.0,0.0,0.0,0.0,0.0,2,1018.6,1017.3,64,0,5,62,7.0,184,24.5,770.0,622.0,148.0,749.2,3600.0,0.5,0.82,25.5,0.281,Genova,44.4056,8.9463
2026-06-08T17:00,23.6,71,18.0,26.2,0.0,0.0,0.0,0.0,0.0,2,1018.2,1016.9,63,0,4,61,5.9,178,22.3,651.0,480.0,171.0,664.7,3600.0,0.42,0.85,25.3,0.279,Genova,44.4056,8.9463
2026-06-08T18:00,23.2,73,18.2,25.4,0.0,0.0,0.0,0.0,0.0,0,1017.8,1016.5,14,0,2,12,5.6,180,19.4,501.0,357.0,144.0,612.0,3600.0,0.32,0.76,25.0,0.277,Genova,44.4056,8.9463
2026-06-08T19:00,22.2,80,18.5,24.4,0.0,0.0,0.0,0.0,0.0,1,1017.6,1016.3,26,0,5,22,5.8,202,19.4,350.0,257.0,93.0,607.0,3600.0,0.21,0.55,24.5,0.276,Genova,44.4056,8.9463
2026-06-08T20:00,21.6,85,19.0,24.3,0.0,0.0,0.0,0.0,0.0,1,1017.3,1016.0,26,0,2,23,4.8,169,16.2,181.0,112.0,69.0,442.3,3600.0,0.1,0.39,24.1,0.271,Genova,44.4056,8.9463
2026-06-08T21:00,20.1,91,18.6,22.9,0.0,0.0,0.0,0.0,0.0,0,1017.2,1015.9,5,0,4,2,2.4,144,11.5,45.0,20.0,25.0,202.1,3600.0,0.02,0.21,23.0,0.271,Genova,44.4056,8.9463
2026-06-08T22:00,19.5,92,18.1,21.9,0.0,0.0,0.0,0.0,0.0,0,1017.5,1016.2,6,0,2,3,3.3,126,7.6,0.0,0.0,0.0,0.0,0.0,0.01,0.19,21.9,0.271,Genova,44.4056,8.9463
2026-06-08T23:00,19.1,92,17.7,21.3,0.0,0.0,0.0,0.0,0.0,0,1017.5,1016.2,3,0,2,1,4.0,120,9.4,0.0,0.0,0.0,0.0,0.0,0.0,0.19,21.1,0.272,Genova,44.4056,8.9463
2026-06-09T00:00,18.7,92,17.3,20.8,0.0,0.0,0.0,0.0,0.0,0,1017.4,1016.1,7,0,2,5,3.1,121,9.0,0.0,0.0,0.0,0.0,0.0,0.0,0.18,20.4,0.272,Genova,44.4056,8.9463
2026-06-09T01:00,18.3,92,16.9,20.3,0.0,0.0,0.0,0.0,0.0,0,1017.3,1016.0,5,0,1,4,3.4,115,7.9,0.0,0.0,0.0,0.0,0.0,0.0,0.18,19.8,0.272,Genova,44.4056,8.9463
2026-06-09T02:00,18.3,91,16.8,20.3,0.0,0.0,0.0,0.0,0.0,0,1016.7,1015.4,5,4,0,0,2.4,126,7.6,0.0,0.0,0.0,0.0,0.0,0.0,0.18,19.3,0.275,Genova,44.4056,8.9463
2026-06-09T03:00,18.1,92,16.7,20.1,0.0,0.0,0.0,0.0,0.0,0,1016.4,1015.1,13,8,4,1,2.2,90,7.2,0.0,0.0,0.0,0.0,0.0,0.0,0.18,18.9,0.275,Genova,44.4056,8.9463
2026-06-09T04:00,17.8,89,15.9,19.3,0.0,0.0,0.0,0.0,0.0,0,1015.8,1014.5,16,16,1,0,3.2,93,7.2,0.0,0.0,0.0,0.0,0.0,0.0,0.23,18.6,0.276,Genova,44.4056,8.9463
2026-06-09T05:00,17.6,88,15.6,18.8,0.0,0.0,0.0,0.0,0.0,1,1015.6,1014.3,23,23,0,0,4.6,116,10.1,0.0,0.0,0.0,0.0,0.0,0.0,0.25,18.4,0.276,Genova,44.4056,8.9463
2026-06-09T06:00,17.7,87,15.5,19.0,0.0,0.0,0.0,0.0,0.0,1,1015.9,1014.6,26,25,0,1,3.8,101,10.4,2.0,0.0,2.0,0.0,0.0,0.0,0.27,18.3,0.277,Genova,44.4056,8.9463
2026-06-09T07:00,19.2,85,16.6,20.7,0.0,0.0,0.0,0.0,0.0,0,1016.1,1014.8,16,16,0,0,5.8,106,11.5,62.0,27.0,35.0,221.7,3600.0,0.04,0.34,18.7,0.277,Genova,44.4056,8.9463
2026-06-09T08:00,20.7,80,17.2,22.0,0.0,0.0,0.0,0.0,0.0,0,1016.0,1014.7,12,5,0,7,8.5,152,16.6,193.0,114.0,79.0,390.4,3600.0,0.12,0.48,19.5,0.28,Genova,44.4056,8.9463
2026-06-09T09:00,21.3,79,17.5,22.6,0.0,0.0,0.0,0.0,0.0,2,1016.2,1014.9,60,41,0,33,9.7,153,25.9,344.0,225.0,119.0,488.2,3600.0,0.21,0.53,20.4,0.28,Genova,44.4056,8.9463
2026-06-09T10:00,21.9,75,17.4,22.7,0.0,0.0,0.0,0.0,0.0,3,1016.1,1014.8,83,73,0,34,12.8,151,32.4,446.0,265.0,181.0,429.5,3600.0,0.28,0.65,21.2,0.278,Genova,44.4056,8.9463
2026-06-09T11:00,22.5,75,17.7,23.6,0.0,0.0,0.0,0.0,0.0,2,1015.8,1014.5,50,29,0,30,13.7,148,35.6,613.0,408.0,205.0,544.2,3600.0,0.37,0.69,22.1,0.276,Genova,44.4056,8.9463
2026-06-09T12:00,22.9,76,18.4,24.9,0.0,0.0,0.0,0.0,0.0,1,1015.8,1014.5,49,4,1,47,14.8,153,38.2,760.0,548.0,212.0,644.8,3600.0,0.45,0.67,23.0,0.274,Genova,44.4056,8.9463
2026-06-09T13:00,23.1,76,18.6,25.4,0.0,0.0,0.0,0.0,0.0,2,1015.5,1014.2,52,3,5,48,16.3,153,41.8,839.0,643.0,196.0,706.0,3600.0,0.49,0.68,23.7,0.271,Genova,44.4056,8.9463
2026-06-09T14:00,23.7,70,17.9,25.5,0.0,0.0,0.0,0.0,0.0,2,1015.1,1013.8,58,0,1,58,18.3,150,43.9,854.0,665.0,189.0,716.4,3600.0,0.52,0.88,24.4,0.274,Genova,44.4056,8.9463
2026-06-09T15:00,23.0,73,17.9,24.7,0.0,0.0,0.0,0.0,0.0,3,1014.8,1013.5,86,2,1,85,17.8,150,46.4,830.0,610.0,220.0,677.0,3600.0,0.49,0.76,24.6,0.271,Genova,44.4056,8.9463
2026-06-09T16:00,22.5,75,17.9,23.7,0.0,0.0,0.0,0.0,0.0,2,1014.6,1013.3,71,5,2,70,16.4,150,44.6,690.0,491.0,199.0,590.8,3600.0,0.41,0.68,24.6,0.269,Genova,44.4056,8.9463
2026-06-09T17:00,22.3,77,18.1,23.3,0.0,0.0,0.0,0.0,0.0,2,1014.4,1013.1,62,3,2,60,16.1,149,41.0,625.0,445.0,180.0,615.4,3600.0,0.37,0.62,24.5,0.267,Genova,44.4056,8.9463
2026-06-09T18:00,21.8,79,18.0,22.5,0.0,0.0,0.0,0.0,0.0,1,1014.2,1012.9,43,2,1,41,14.7,152,40.3,430.0,266.0,164.0,455.0,3600.0,0.26,0.54,24.1,0.266,Genova,44.4056,8.9463
2026-06-09T19:00,21.3,83,18.2,22.3,0.0,0.0,0.0,0.0,0.0,1,1014.0,1012.7,39,11,3,30,13.6,152,36.4,299.0,183.0,116.0,430.8,3600.0,0.18,0.44,23.6,0.265,Genova,44.4056,8.9463
2026-06-09T20:00,21.3,84,18.4,22.2,0.0,0.0,0.0,0.0,0.0,1,1013.4,1012.1,43,0,1,43,14.5,150,33.1,148.0,77.0,71.0,302.3,3600.0,0.1,0.42,23.1,0.253,Genova,44.4056,8.9463
2026-06-09T21:00,20.3,86,18.0,21.8,0.0,0.0,0.0,0.0,0.0,1,1013.6,1012.3,29,0,1,29,9.9,143,32.8,43.0,16.0,27.0,160.5,3600.0,0.03,0.32,22.4,0.253,Genova,44.4056,8.9463
2026-06-09T22:00,19.7,88,17.7,21.2,0.0,0.0,0.0,0.0,0.0,1,1013.7,1012.4,49,0,1,49,8.4,132,22.7,0.0,0.0,0.0,0.0,0.0,0.02,0.27,21.7,0.254,Genova,44.4056,8.9463
2026-06-09T23:00,19.3,87,17.0,20.6,0.0,0.0,0.0,0.0,0.0,1,1013.9,1012.6,34,0,0,34,8.1,115,19.8,0.0,0.0,0.0,0.0,0.0,0.0,0.3,21.1,0.254,Genova,44.4056,8.9463
2026-06-10T00:00,19.2,83,16.2,20.1,0.0,0.0,0.0,0.0,0.0,1,1013.8,1012.5,31,0,0,31,8.3,114,22.0,0.0,0.0,0.0,0.0,0.0,0.01,0.38,20.6,0.254,Genova,44.4056,8.9463
2026-06-10T01:00,18.6,78,14.6,18.9,0.0,0.0,0.0,0.0,0.0,1,1013.6,1012.3,23,0,0,23,8.5,95,19.4,0.0,0.0,0.0,0.0,0.0,0.01,0.48,20.1,0.255,Genova,44.4056,8.9463
2026-06-10T02:00,19.5,75,15.1,19.6,0.0,0.0,0.0,0.0,0.0,1,1012.6,1011.3,31,1,21,13,11.1,126,19.4,0.0,0.0,0.0,0.0,0.0,0.03,0.56,20.1,0.256,Genova,44.4056,8.9463
2026-06-10T03:00,20.1,73,15.1,19.7,0.0,0.0,0.0,0.0,0.0,1,1012.3,1011.0,23,5,5,13,13.9,123,31.0,0.0,0.0,0.0,0.0,0.0,0.04,0.64,20.1,0.256,Genova,44.4056,8.9463
2026-06-10T04:00,19.9,78,15.9,20.1,0.0,0.0,0.0,0.0,0.0,1,1011.9,1010.6,21,14,1,7,13.0,117,31.7,0.0,0.0,0.0,0.0,0.0,0.03,0.52,20.1,0.257,Genova,44.4056,8.9463
2026-06-10T05:00,19.8,82,16.6,19.8,0.0,0.0,0.0,0.0,0.0,2,1011.5,1010.2,58,19,1,48,16.0,121,35.6,0.0,0.0,0.0,0.0,0.0,0.03,0.41,20.1,0.257,Genova,44.4056,8.9463
2026-06-10T06:00,19.8,87,17.5,20.3,0.0,0.0,0.0,0.0,0.0,3,1011.5,1010.2,97,94,16,49,15.5,122,38.2,1.0,0.0,1.0,0.0,0.0,0.03,0.31,20.1,0.257,Genova,44.4056,8.9463
2026-06-10T07:00,20.4,88,18.3,21.2,0.3,0.3,0.0,0.0,0.0,51,1011.5,1010.2,89,89,5,1,15.3,128,35.3,29.0,0.0,29.0,0.0,0.0,0.04,0.29,20.3,0.26,Genova,44.4056,8.9463
2026-06-10T08:00,21.6,81,18.2,22.0,0.1,0.1,0.0,0.0,0.0,51,1011.2,1009.9,66,66,0,0,17.9,131,40.0,106.0,12.0,94.0,41.0,0.0,0.1,0.48,20.8,0.263,Genova,44.4056,8.9463
2026-06-10T09:00,21.9,80,18.2,22.1,0.2,0.2,0.0,0.0,0.0,51,1011.5,1010.2,52,52,0,0,19.4,137,45.7,320.0,186.0,134.0,403.3,3600.0,0.2,0.54,21.4,0.264,Genova,44.4056,8.9463
2026-06-10T10:00,22.0,79,18.2,22.3,0.6,0.6,0.0,0.0,0.0,53,1011.5,1010.2,58,58,1,0,18.5,135,47.5,446.0,262.0,184.0,424.4,3600.0,0.26,0.55,21.9,0.268,Genova,44.4056,8.9463
2026-06-10T11:00,22.5,76,18.1,23.1,0.4,0.4,0.0,0.0,0.0,51,1011.4,1010.1,64,53,0,23,17.3,142,44.3,576.0,348.0,228.0,464.0,3600.0,0.35,0.65,22.4,0.27,Genova,44.4056,8.9463
2026-06-10T12:00,22.8,78,18.7,24.0,0.2,0.2,0.0,0.0,0.0,51,1011.3,1010.0,73,53,2,41,17.1,151,43.2,633.0,368.0,265.0,432.8,3600.0,0.38,0.62,23.0,0.27,Genova,44.4056,8.9463
2026-06-10T13:00,23.1,76,18.7,24.7,0.1,0.1,0.0,0.0,0.0,51,1011.0,1009.7,58,30,6,36,16.2,151,42.8,681.0,437.0,244.0,479.6,3600.0,0.41,0.68,23.6,0.269,Genova,44.4056,8.9463
2026-06-10T14:00,22.8,73,17.7,24.2,0.1,0.1,0.0,0.0,0.0,51,1011.1,1009.8,61,15,9,51,16.9,152,45.0,753.0,478.0,275.0,514.7,3600.0,0.45,0.75,23.9,0.264,Genova,44.4056,8.9463
2026-06-10T15:00,22.5,68,16.2,23.1,0.0,0.0,0.0,0.0,0.0,1,1010.7,1009.4,45,1,5,43,18.0,142,45.7,754.0,549.0,205.0,608.9,3600.0,0.46,0.88,24.2,0.261,Genova,44.4056,8.9463
2026-06-10T16:00,22.4,65,15.4,22.4,0.0,0.0,0.0,0.0,0.0,1,1010.5,1009.2,36,0,4,33,19.6,145,47.5,757.0,568.0,189.0,682.8,3600.0,0.46,0.95,24.3,0.258,Genova,44.4056,8.9463
2026-06-10T17:00,22.4,65,15.5,22.7,0.0,0.0,0.0,0.0,0.0,1,1010.9,1009.6,33,0,3,30,14.8,137,48.2,663.0,522.0,141.0,720.9,3600.0,0.41,0.94,24.2,0.255,Genova,44.4056,8.9463
2026-06-10T18:00,22.1,63,14.7,21.9,0.0,0.0,0.0,0.0,0.0,1,1011.1,1009.8,38,0,31,10,11.8,116,37.1,480.0,350.0,130.0,597.6,3600.0,0.31,0.99,23.9,0.253,Genova,44.4056,8.9463
2026-06-10T19:00,21.7,65,14.9,21.9,0.0,0.0,0.0,0.0,0.0,1,1011.0,1009.7,23,0,21,4,9.9,89,31.7,322.0,217.0,105.0,509.4,3600.0,0.21,0.91,23.5,0.252,Genova,44.4056,8.9463
2026-06-10T20:00,20.9,76,16.4,22.2,0.0,0.0,0.0,0.0,0.0,0,1011.3,1010.0,17,0,3,5,6.5,104,19.8,175.0,105.0,70.0,410.1,3600.0,0.11,0.6,22.9,0.251,Genova,44.4056,8.9463
2026-06-10T21:00,19.1,84,16.2,20.6,0.0,0.0,0.0,0.0,0.0,2,1012.1,1010.8,57,0,1,74,4.5,7,18.7,46.0,20.0,26.0,199.3,3600.0,0.02,0.36,22.0,0.251,Genova,44.4056,8.9463
2026-06-10T22:00,17.9,88,15.8,18.7,0.0,0.0,0.0,0.0,0.0,3,1012.8,1011.5,80,0,1,89,7.6,8,14.0,0.0,0.0,0.0,0.0,0.0,0.02,0.25,21.0,0.252,Genova,44.4056,8.9463
2026-06-10T23:00,17.8,86,15.5,18.2,0.0,0.0,0.0,0.0,0.0,3,1013.1,1011.8,88,0,0,92,9.9,4,14.8,0.0,0.0,0.0,0.0,0.0,0.0,0.28,20.4,0.252,Genova,44.4056,8.9463
2026-06-11T00:00,18.1,75,13.7,17.8,0.0,0.0,0.0,0.0,0.0,3,1013.5,1012.2,80,0,2,74,10.5,3,14.8,0.0,0.0,0.0,0.0,0.0,0.02,0.51,20.0,0.252,Genova,44.4056,8.9463
2026-06-11T01:00,17.6,62,10.2,16.2,0.0,0.0,0.0,0.0,0.0,2,1013.8,1012.5,63,0,2,76,10.0,8,18.4,0.0,0.0,0.0,0.0,0.0,0.04,0.77,19.5,0.252,Genova,44.4056,8.9463
2026-06-11T02:00,15.8,71,10.6,14.5,0.0,0.0,0.0,0.0,0.0,2,1013.7,1012.4,72,0,2,71,10.3,16,24.8,0.0,0.0,0.0,0.0,0.0,0.02,0.51,19.1,0.218,Genova,44.4056,8.9463
2026-06-11T03:00,15.7,71,10.4,14.1,0.0,0.0,0.0,0.0,0.0,2,1013.7,1012.4,59,0,4,58,11.4,13,24.5,0.0,0.0,0.0,0.0,0.0,0.03,0.52,18.6,0.218,Genova,44.4056,8.9463
2026-06-11T04:00,15.4,70,9.9,13.5,0.0,0.0,0.0,0.0,0.0,3,1013.7,1012.4,98,0,14,98,13.3,13,28.1,0.0,0.0,0.0,0.0,0.0,0.04,0.53,18.2,0.218,Genova,44.4056,8.9463
2026-06-11T05:00,16.6,59,8.6,14.1,0.0,0.0,0.0,0.0,0.0,3,1013.7,1012.4,99,0,59,99,14.4,12,31.7,0.0,0.0,0.0,0.0,0.0,0.06,0.77,18.0,0.218,Genova,44.4056,8.9463
2026-06-11T06:00,17.3,47,5.8,14.1,0.0,0.0,0.0,0.0,0.0,3,1013.8,1012.5,93,0,63,91,14.8,5,33.8,1.0,0.0,1.0,0.0,0.0,0.11,1.06,18.0,0.218,Genova,44.4056,8.9463
2026-06-11T07:00,17.5,46,5.8,13.8,0.0,0.0,0.0,0.0,0.0,2,1014.3,1013.0,59,0,43,41,17.8,2,39.6,47.0,12.0,35.0,97.9,1135.54,0.13,1.08,18.0,0.217,Genova,44.4056,8.9463
2026-06-11T08:00,18.2,49,7.2,14.4,0.0,0.0,0.0,0.0,0.0,2,1014.9,1013.6,79,0,54,70,21.3,357,48.2,195.0,92.0,103.0,314.4,3600.0,0.2,1.08,18.3,0.201,Genova,44.4056,8.9463
2026-06-11T09:00,19.8,48,8.3,15.8,0.0,0.0,0.0,0.0,0.0,0,1015.0,1013.7,1,0,0,0,24.5,353,54.7,382.0,256.0,126.0,554.8,3600.0,0.29,1.21,19.0,0.2,Genova,44.4056,8.9463
2026-06-11T10:00,21.4,39,6.7,16.7,0.0,0.0,0.0,0.0,0.0,0,1015.3,1014.0,0,0,0,0,27.7,358,62.3,594.0,493.0,101.0,798.4,3600.0,0.43,1.56,19.9,0.198,Genova,44.4056,8.9463
2026-06-11T11:00,22.7,32,5.0,18.2,0.0,0.0,0.0,0.0,0.0,0,1015.4,1014.1,0,0,0,0,28.6,359,65.2,758.0,649.0,109.0,865.2,3600.0,0.55,1.89,20.9,0.196,Genova,44.4056,8.9463
2026-06-11T12:00,23.8,30,4.9,20.1,0.0,0.0,0.0,0.0,0.0,0,1015.9,1014.6,2,0,0,2,27.0,358,65.2,881.0,765.0,116.0,899.5,3600.0,0.63,2.08,22.0,0.193,Genova,44.4056,8.9463
2026-06-11T13:00,24.8,27,4.7,21.8,0.0,0.0,0.0,0.0,0.0,2,1016.0,1014.7,66,0,0,66,24.5,359,61.6,954.0,840.0,114.0,921.6,3600.0,0.69,2.28,23.0,0.19,Genova,44.4056,8.9463
2026-06-11T14:00,25.9,25,4.2,24.0,0.0,0.0,0.0,0.0,0.0,0,1016.0,1014.7,13,0,0,13,17.9,355,56.2,952.0,774.0,178.0,833.0,3600.0,0.7,2.52,23.9,0.203,Genova,44.4056,8.9463
2026-06-11T15:00,26.3,24,4.1,24.9,0.0,0.0,0.0,0.0,0.0,1,1016.0,1014.7,28,0,0,28,14.2,344,41.4,939.0,816.0,123.0,904.4,3600.0,0.69,2.61,24.6,0.199,Genova,44.4056,8.9463
2026-06-11T16:00,26.7,26,5.9,25.6,0.0,0.0,0.0,0.0,0.0,1,1016.0,1014.7,23,0,0,23,12.2,334,34.2,852.0,735.0,117.0,882.7,3600.0,0.63,2.58,25.1,0.196,Genova,44.4056,8.9463
2026-06-11T17:00,26.6,29,7.1,25.1,0.0,0.0,0.0,0.0,0.0,0,1016.0,1014.7,4,0,0,4,11.6,341,30.2,721.0,610.0,111.0,841.3,3600.0,0.54,2.48,25.3,0.193,Genova,44.4056,8.9463
2026-06-11T18:00,26.2,36,9.8,24.9,0.0,0.0,0.0,0.0,0.0,0,1016.2,1014.9,8,0,0,8,9.4,348,27.7,562.0,463.0,99.0,789.1,3600.0,0.41,2.19,25.2,0.191,Genova,44.4056,8.9463
2026-06-11T19:00,25.1,54,15.2,26.0,0.0,0.0,0.0,0.0,0.0,1,1016.1,1014.8,29,0,0,29,6.0,307,20.9,380.0,292.0,88.0,683.5,3600.0,0.26,1.46,24.9,0.19,Genova,44.4056,8.9463
2026-06-11T20:00,23.8,67,17.4,25.9,0.0,0.0,0.0,0.0,0.0,2,1016.7,1015.4,65,0,0,65,3.5,321,12.2,186.0,108.0,78.0,419.7,3600.0,0.12,0.96,24.6,0.177,Genova,44.4056,8.9463
2026-06-11T21:00,21.1,68,15.0,22.5,0.0,0.0,0.0,0.0,0.0,2,1017.1,1015.8,74,0,2,73,1.3,45,7.6,48.0,19.0,29.0,188.1,3600.0,0.02,0.8,23.3,0.177,Genova,44.4056,8.9463
2026-06-11T22:00,18.6,68,12.5,18.9,0.0,0.0,0.0,0.0,0.0,2,1017.9,1016.6,71,0,14,66,3.1,31,11.2,0.0,0.0,0.0,0.0,0.0,0.03,0.69,22.0,0.177,Genova,44.4056,8.9463
2026-06-11T23:00,17.1,64,10.1,16.5,0.0,0.0,0.0,0.0,0.0,2,1018.7,1017.4,68,0,0,68,4.1,23,15.5,0.0,0.0,0.0,0.0,0.0,0.01,0.71,21.0,0.177,Genova,44.4056,8.9463
2026-06-12T00:00,16.2,62,8.9,14.9,0.0,0.0,0.0,0.0,0.0,2,1019.1,1017.8,77,0,1,77,6.5,19,19.4,0.0,0.0,0.0,0.0,0.0,0.02,0.7,20.1,0.177,Genova,44.4056,8.9463
2026-06-12T01:00,16.2,57,7.7,14.6,0.0,0.0,0.0,0.0,0.0,2,1019.2,1017.9,70,0,0,70,7.2,19,20.2,0.0,0.0,0.0,0.0,0.0,0.03,0.79,19.3,0.177,Genova,44.4056,8.9463
2026-06-12T02:00,16.7,53,6.9,14.3,0.0,0.0,0.0,0.0,0.0,3,1019.4,1018.1,93,0,0,93,11.0,19,21.6,0.0,0.0,0.0,0.0,0.0,0.06,0.9,19.3,0.18,Genova,44.4056,8.9463
2026-06-12T03:00,16.9,48,6.0,13.9,0.0,0.0,0.0,0.0,0.0,3,1019.6,1018.3,98,0,0,98,14.1,14,28.8,0.0,0.0,0.0,0.0,0.0,0.08,0.99,18.8,0.18,Genova,44.4056,8.9463
2026-06-12T04:00,16.7,48,5.6,13.2,0.0,0.0,0.0,0.0,0.0,3,1019.4,1018.1,87,0,1,87,16.4,12,32.0,0.0,0.0,0.0,0.0,0.0,0.09,0.99,18.5,0.18,Genova,44.4056,8.9463
2026-06-12T05:00,15.9,50,5.4,12.8,0.0,0.0,0.0,0.0,0.0,2,1019.7,1018.4,73,0,0,73,13.6,15,32.8,0.0,0.0,0.0,0.0,0.0,0.08,0.91,18.2,0.18,Genova,44.4056,8.9463
2026-06-12T06:00,14.8,56,6.0,12.5,0.0,0.0,0.0,0.0,0.0,2,1020.6,1019.3,74,0,0,74,9.0,13,28.4,2.0,0.0,2.0,0.0,0.0,0.05,0.75,17.7,0.18,Genova,44.4056,8.9463
2026-06-12T07:00,16.2,64,9.4,14.5,0.0,0.0,0.0,0.0,0.0,2,1021.4,1020.1,73,0,0,73,10.6,10,22.7,73.0,32.0,41.0,260.3,3600.0,0.07,0.66,17.6,0.179,Genova,44.4056,8.9463
2026-06-12T08:00,18.9,63,11.6,17.8,0.0,0.0,0.0,0.0,0.0,1,1022.1,1020.8,43,0,0,43,11.2,3,24.8,226.0,150.0,76.0,512.3,3600.0,0.15,0.82,18.3,0.179,Genova,44.4056,8.9463
2026-06-12T09:00,21.2,54,11.6,20.2,0.0,0.0,0.0,0.0,0.0,1,1022.8,1021.5,34,0,0,34,9.9,355,25.6,406.0,312.0,94.0,676.0,3600.0,0.27,1.15,19.4,0.178,Genova,44.4056,8.9463
2026-06-12T10:00,22.7,51,11.9,22.3,0.0,0.0,0.0,0.0,0.0,1,1023.1,1021.8,27,0,0,27,7.3,343,23.8,577.0,469.0,108.0,759.5,3600.0,0.38,1.36,20.8,0.177,Genova,44.4056,8.9463
2026-06-12T11:00,24.0,45,11.3,24.9,0.0,0.0,0.0,0.0,0.0,1,1022.9,1021.6,23,0,0,23,4.5,313,20.5,728.0,613.0,115.0,817.1,3600.0,0.48,1.64,22.2,0.175,Genova,44.4056,8.9463
2026-06-12T12:00,25.0,43,11.5,26.9,0.0,0.0,0.0,0.0,0.0,0,1022.7,1021.4,17,0,0,17,3.3,221,16.9,844.0,723.0,121.0,850.0,3600.0,0.57,1.81,23.6,0.173,Genova,44.4056,8.9463
2026-06-12T13:00,25.4,45,12.7,27.4,0.0,0.0,0.0,0.0,0.0,0,1022.7,1021.4,1,0,0,1,7.3,200,23.4,915.0,790.0,125.0,866.4,3600.0,0.62,1.77,24.7,0.171,Genova,44.4056,8.9463
2026-06-12T14:00,25.8,47,13.6,27.8,0.0,0.0,0.0,0.0,0.0,0,1022.3,1021.0,4,0,0,4,9.6,185,28.1,936.0,811.0,125.0,872.4,3600.0,0.64,1.76,25.7,0.174,Genova,44.4056,8.9463
2026-06-12T15:00,25.0,48,13.3,26.6,0.0,0.0,0.0,0.0,0.0,0,1022.1,1020.8,0,0,0,0,9.7,184,28.8,903.0,780.0,123.0,863.9,3600.0,0.61,1.64,26.2,0.172,Genova,44.4056,8.9463
2026-06-12T16:00,24.5,50,13.3,26.1,0.0,0.0,0.0,0.0,0.0,0,1021.9,1020.6,0,0,0,0,8.0,185,28.1,823.0,705.0,118.0,845.9,3600.0,0.55,1.55,26.3,0.17,Genova,44.4056,8.9463
2026-06-12T17:00,24.1,53,13.8,25.3,0.0,0.0,0.0,0.0,0.0,0,1021.9,1020.6,0,0,0,0,6.1,182,24.1,700.0,589.0,111.0,811.4,3600.0,0.46,1.42,26.3,0.168,Genova,44.4056,8.9463
2026-06-12T18:00,24.0,57,15.0,24.7,0.0,0.0,0.0,0.0,0.0,0,1021.7,1020.4,0,0,0,0,6.4,170,20.2,545.0,445.0,100.0,757.1,3600.0,0.36,1.29,26.0,0.167,Genova,44.4056,8.9463
2026-06-12T19:00,23.3,63,15.8,24.4,0.0,0.0,0.0,0.0,0.0,0,1021.6,1020.3,0,0,0,0,6.2,158,19.8,369.0,283.0,86.0,660.6,3600.0,0.24,1.07,25.4,0.166,Genova,44.4056,8.9463
2026-06-12T20:00,22.6,74,17.8,24.5,0.0,0.0,0.0,0.0,0.0,0,1021.6,1020.3,1,0,1,0,5.7,108,16.6,194.0,129.0,65.0,498.9,3600.0,0.12,0.7,24.9,0.157,Genova,44.4056,8.9463
2026-06-12T21:00,21.0,73,16.0,22.5,0.0,0.0,0.0,0.0,0.0,0,1021.7,1020.4,1,0,1,0,3.8,98,11.2,51.0,25.0,26.0,246.1,3600.0,0.03,0.67,23.7,0.157,Genova,44.4056,8.9463
2026-06-12T22:00,20.8,58,12.2,21.1,0.0,0.0,0.0,0.0,0.0,0,1022.2,1020.9,0,0,0,0,2.4,77,7.6,0.0,0.0,0.0,0.0,0.0,0.03,1.03,22.3,0.158,Genova,44.4056,8.9463
2026-06-12T23:00,20.4,51,10.0,20.2,0.0,0.0,0.0,0.0,0.0,0,1022.6,1021.3,0,0,0,0,1.4,50,4.7,0.0,0.0,0.0,0.0,0.0,0.0,1.17,21.3,0.158,Genova,44.4056,8.9463
2026-06-13T00:00,19.8,47,8.1,18.9,0.0,0.0,0.0,0.0,0.0,0,1022.4,1021.1,5,0,0,5,2.8,27,6.8,0.0,0.0,0.0,0.0,0.0,0.01,1.22,20.4,0.158,Genova,44.4056,8.9463
2026-06-13T01:00,18.9,47,7.5,17.6,0.0,0.0,0.0,0.0,0.0,1,1021.9,1020.6,33,0,0,33,4.4,21,11.9,0.0,0.0,0.0,0.0,0.0,0.02,1.15,19.8,0.158,Genova,44.4056,8.9463
2026-06-13T02:00,17.7,55,8.5,16.5,0.0,0.0,0.0,0.0,0.0,1,1021.6,1020.3,24,0,0,24,5.3,24,13.7,0.0,0.0,0.0,0.0,0.0,0.02,0.91,19.3,0.16,Genova,44.4056,8.9463
2026-06-13T03:00,17.7,56,8.8,16.9,0.0,0.0,0.0,0.0,0.0,0,1021.1,1019.8,12,0,0,12,3.4,18,15.5,0.0,0.0,0.0,0.0,0.0,0.01,0.9,19.0,0.16,Genova,44.4056,8.9463
2026-06-13T04:00,18.4,51,8.2,17.6,0.0,0.0,0.0,0.0,0.0,0,1020.9,1019.6,13,0,0,13,2.5,21,13.3,0.0,0.0,0.0,0.0,0.0,0.0,1.03,18.8,0.16,Genova,44.4056,8.9463
2026-06-13T05:00,18.3,52,8.1,17.2,0.0,0.0,0.0,0.0,0.0,0,1020.8,1019.5,4,0,0,4,3.8,25,11.5,0.0,0.0,0.0,0.0,0.0,0.01,1.02,18.6,0.16,Genova,44.4056,8.9463
2026-06-13T06:00,18.2,54,8.7,17.5,0.0,0.0,0.0,0.0,0.0,0,1020.8,1019.5,0,0,0,0,2.8,27,11.5,2.0,0.0,2.0,0.0,0.0,0.01,0.97,18.3,0.16,Genova,44.4056,8.9463
2026-06-13T07:00,19.6,59,11.5,19.6,0.0,0.0,0.0,0.0,0.0,0,1021.0,1019.7,0,0,0,0,3.3,29,9.7,77.0,40.0,37.0,325.0,3600.0,0.04,0.93,18.4,0.16,Genova,44.4056,8.9463
2026-06-13T08:00,21.5,77,17.3,24.0,0.0,0.0,0.0,0.0,0.0,0,1021.1,1019.8,0,0,0,0,1.2,27,9.4,233.0,163.0,70.0,556.5,3600.0,0.13,0.59,19.4,0.164,Genova,44.4056,8.9463
2026-06-13T09:00,22.9,56,13.6,23.6,0.0,0.0,0.0,0.0,0.0,0,1021.7,1020.4,0,0,0,0,3.1,180,11.5,412.0,323.0,89.0,699.8,3600.0,0.26,1.24,20.7,0.163,Genova,44.4056,8.9463
2026-06-13T10:00,23.7,57,14.6,24.7,0.0,0.0,0.0,0.0,0.0,0,1022.0,1020.7,0,0,0,0,4.7,187,16.6,587.0,485.0,102.0,785.3,3600.0,0.38,1.27,22.0,0.162,Genova,44.4056,8.9463
2026-06-13T11:00,24.1,60,15.9,26.4,0.0,0.0,0.0,0.0,0.0,0,1022.1,1020.8,4,0,0,4,6.0,187,20.2,739.0,628.0,111.0,837.0,3600.0,0.48,1.19,23.3,0.16,Genova,44.4056,8.9463
2026-06-13T12:00,24.6,62,16.8,28.0,0.0,0.0,0.0,0.0,0.0,0,1022.0,1020.7,0,0,0,0,6.1,183,21.6,854.0,737.0,117.0,866.3,3600.0,0.56,1.19,24.5,0.159,Genova,44.4056,8.9463
2026-06-13T13:00,25.1,64,17.7,29.1,0.0,0.0,0.0,0.0,0.0,0,1022.1,1020.8,0,0,0,0,6.9,185,23.4,925.0,803.0,122.0,880.5,3600.0,0.61,1.16,25.5,0.157,Genova,44.4056,8.9463
2026-06-13T14:00,26.2,57,17.1,30.0,0.0,0.0,0.0,0.0,0.0,0,1021.5,1020.2,0,0,0,0,7.2,167,24.8,945.0,822.0,123.0,883.9,3600.0,0.65,1.44,26.1,0.183,Genova,44.4056,8.9463
2026-06-13T15:00,25.7,59,17.0,29.0,0.0,0.0,0.0,0.0,0.0,0,1021.0,1019.7,0,0,0,0,8.8,163,25.9,920.0,799.0,121.0,884.4,3600.0,0.62,1.36,26.6,0.181,Genova,44.4056,8.9463
2026-06-13T16:00,25.2,55,15.5,27.4,0.0,0.0,0.0,0.0,0.0,0,1020.7,1019.4,10,0,0,10,9.5,170,27.4,838.0,720.0,118.0,863.2,3600.0,0.56,1.45,26.8,0.178,Genova,44.4056,8.9463
2026-06-13T17:00,24.7,51,14.0,25.8,0.0,0.0,0.0,0.0,0.0,3,1020.2,1018.9,80,0,0,80,7.7,169,27.0,713.0,601.0,112.0,826.9,3600.0,0.48,1.51,26.6,0.177,Genova,44.4056,8.9463
2026-06-13T18:00,24.1,49,12.8,23.9,0.0,0.0,0.0,0.0,0.0,0,1019.8,1018.5,5,0,0,5,7.6,162,22.7,551.0,438.0,113.0,743.9,3600.0,0.37,1.53,26.2,0.175,Genova,44.4056,8.9463
2026-06-13T19:00,22.9,54,13.2,23.1,0.0,0.0,0.0,0.0,0.0,0,1019.6,1018.3,3,0,0,3,5.5,131,20.5,379.0,292.0,87.0,679.9,3600.0,0.24,1.28,25.4,0.174,Genova,44.4056,8.9463
2026-06-13T20:00,22.0,70,16.4,23.5,0.0,0.0,0.0,0.0,0.0,0,1019.3,1018.0,0,0,0,0,4.7,94,14.4,200.0,135.0,65.0,519.7,3600.0,0.12,0.79,24.6,0.16,Genova,44.4056,8.9463
2026-06-13T21:00,20.4,77,16.3,22.1,0.0,0.0,0.0,0.0,0.0,1,1019.3,1018.0,23,0,0,23,3.4,72,10.8,53.0,25.0,28.0,244.7,3600.0,0.03,0.55,23.4,0.16,Genova,44.4056,8.9463
2026-06-13T22:00,19.7,85,17.1,21.3,0.0,0.0,0.0,0.0,0.0,1,1019.5,1018.2,22,0,0,22,6.3,90,13.3,0.0,0.0,0.0,0.0,0.0,0.02,0.34,22.3,0.16,Genova,44.4056,8.9463
2026-06-13T23:00,19.3,88,17.2,20.8,0.0,0.0,0.0,0.0,0.0,2,1019.6,1018.3,52,0,0,52,7.3,110,15.8,0.0,0.0,0.0,0.0,0.0,0.0,0.27,21.4,0.161,Genova,44.4056,8.9463
2026-06-14T00:00,19.2,82,16.0,20.2,0.0,0.0,0.0,0.0,0.0,2,1019.5,1018.2,73,0,0,73,7.3,118,16.2,0.0,0.0,0.0,0.0,0.0,0.0,0.4,20.8,0.161,Genova,44.4056,8.9463
2026-06-14T01:00,19.1,72,13.9,19.1,0.0,0.0,0.0,0.0,0.0,1,1019.2,1017.9,33,0,0,33,9.0,116,19.4,0.0,0.0,0.0,0.0,0.0,0.02,0.62,20.3,0.161,Genova,44.4056,8.9463
2026-06-14T02:00,19.1,66,12.5,18.3,0.0,0.0,0.0,0.0,0.0,2,1018.8,1017.5,58,0,0,58,10.5,114,20.9,0.0,0.0,0.0,0.0,0.0,0.04,0.76,20.0,0.174,Genova,44.4056,8.9463
2026-06-14T03:00,18.7,68,12.7,18.3,0.0,0.0,0.0,0.0,0.0,2,1018.0,1016.7,70,0,0,70,8.0,118,22.0,0.0,0.0,0.0,0.0,0.0,0.02,0.69,19.6,0.174,Genova,44.4056,8.9463
2026-06-14T04:00,18.5,70,12.9,18.6,0.0,0.0,0.0,0.0,0.0,2,1017.4,1016.1,73,2,0,72,5.7,118,18.0,0.0,0.0,0.0,0.0,0.0,0.01,0.64,19.2,0.174,Genova,44.4056,8.9463
2026-06-14T05:00,18.4,71,13.0,18.4,0.0,0.0,0.0,0.0,0.0,2,1016.8,1015.5,67,6,0,65,6.4,128,14.4,0.0,0.0,0.0,0.0,0.0,0.01,0.62,18.8,0.174,Genova,44.4056,8.9463
2026-06-14T06:00,18.4,74,13.8,18.4,0.0,0.0,0.0,0.0,0.0,3,1016.9,1015.6,84,14,0,81,8.4,143,18.0,2.0,0.0,2.0,0.0,0.0,0.03,0.54,18.7,0.175,Genova,44.4056,8.9463
2026-06-14T07:00,19.5,81,16.1,20.3,0.0,0.0,0.0,0.0,0.0,3,1016.9,1015.6,80,23,0,73,8.8,145,20.2,59.0,19.0,40.0,154.3,2828.19,0.05,0.44,19.1,0.175,Genova,44.4056,8.9463
2026-06-14T08:00,20.6,77,16.5,21.3,0.0,0.0,0.0,0.0,0.0,3,1016.9,1015.6,83,30,0,76,10.5,143,27.0,167.0,70.0,97.0,239.0,3600.0,0.11,0.56,19.7,0.179,Genova,44.4056,8.9463
2026-06-14T09:00,21.3,75,16.6,21.9,0.0,0.0,0.0,0.0,0.0,3,1016.8,1015.5,89,30,0,85,11.7,146,29.5,326.0,190.0,136.0,411.7,3600.0,0.21,0.64,20.5,0.179,Genova,44.4056,8.9463
2026-06-14T10:00,21.7,73,16.8,22.1,0.0,0.0,0.0,0.0,0.0,3,1016.7,1015.4,87,36,0,79,13.4,152,34.6,477.0,274.0,203.0,443.7,3600.0,0.29,0.69,21.5,0.178,Genova,44.4056,8.9463
2026-06-14T11:00,22.0,73,17.0,22.7,0.0,0.0,0.0,0.0,0.0,3,1016.7,1015.4,85,40,0,76,14.1,155,36.7,589.0,367.0,222.0,489.1,3600.0,0.36,0.71,22.3,0.177,Genova,44.4056,8.9463
2026-06-14T12:00,22.3,72,17.1,23.4,0.0,0.0,0.0,0.0,0.0,3,1016.5,1015.2,82,70,0,40,14.6,156,38.2,698.0,441.0,257.0,518.3,3600.0,0.42,0.74,23.1,0.176,Genova,44.4056,8.9463
2026-06-14T13:00,22.6,70,16.9,24.3,0.0,0.0,0.0,0.0,0.0,3,1016.2,1014.9,89,36,0,83,14.1,158,38.5,803.0,554.0,249.0,607.3,3600.0,0.48,0.81,23.9,0.175,Genova,44.4056,8.9463
2026-06-14T14:00,23.5,72,18.1,25.5,0.0,0.0,0.0,0.0,0.0,3,1015.7,1014.4,100,24,0,100,16.0,166,39.2,824.0,521.0,303.0,560.0,3600.0,0.5,0.81,24.6,0.195,Genova,44.4056,8.9463
2026-06-14T15:00,22.6,76,18.1,24.6,0.0,0.0,0.0,0.0,0.0,3,1015.3,1014.0,95,20,0,93,14.3,166,41.4,760.0,427.0,333.0,472.4,3600.0,0.45,0.67,24.9,0.193,Genova,44.4056,8.9463
2026-06-14T16:00,22.6,75,17.9,24.4,0.0,0.0,0.0,0.0,0.0,1,1014.7,1013.4,45,14,2,34,13.8,165,37.4,712.0,445.0,267.0,533.1,3600.0,0.43,0.69,25.0,0.191,Genova,44.4056,8.9463
2026-06-14T17:00,22.4,75,17.9,23.9,0.0,0.0,0.0,0.0,0.0,1,1014.5,1013.2,44,17,3,30,13.5,161,36.7,660.0,489.0,171.0,672.1,3600.0,0.39,0.67,25.0,0.19,Genova,44.4056,8.9463
2026-06-14T18:00,22.0,77,17.7,23.0,0.0,0.0,0.0,0.0,0.0,2,1014.1,1012.8,50,9,1,45,12.3,159,35.3,494.0,347.0,147.0,588.4,3600.0,0.3,0.61,24.7,0.189,Genova,44.4056,8.9463
2026-06-14T19:00,21.4,79,17.7,22.4,0.0,0.0,0.0,0.0,0.0,2,1013.6,1012.3,57,6,1,54,12.2,158,31.7,335.0,199.0,136.0,462.2,3600.0,0.2,0.53,24.1,0.188,Genova,44.4056,8.9463
2026-06-14T20:00,21.1,77,16.9,21.7,0.0,0.0,0.0,0.0,0.0,1,1013.4,1012.1,44,2,0,43,12.2,161,30.2,172.0,89.0,83.0,341.1,3600.0,0.12,0.58,23.4,0.185,Genova,44.4056,8.9463
2026-06-14T21:00,20.1,79,16.4,21.2,0.0,0.0,0.0,0.0,0.0,0,1013.3,1012.0,18,1,0,17,8.0,160,27.4,47.0,18.0,29.0,175.2,3600.0,0.04,0.49,22.6,0.185,Genova,44.4056,8.9463
2026-06-14T22:00,19.2,83,16.2,20.6,0.0,0.0,0.0,0.0,0.0,0,1013.6,1012.3,2,0,0,2,5.1,148,18.4,0.0,0.0,0.0,0.0,0.0,0.02,0.39,21.6,0.185,Genova,44.4056,8.9463
2026-06-14T23:00,18.8,83,15.8,20.1,0.0,0.0,0.0,0.0,0.0,0,1013.8,1012.5,4,1,0,3,4.7,137,12.2,0.0,0.0,0.0,0.0,0.0,0.0,0.38,20.8,0.185,Genova,44.4056,8.9463
2026-06-15T00:00,18.4,82,15.4,19.6,0.0,0.0,0.0,0.0,0.0,0,1013.5,1012.2,0,0,0,0,4.4,125,11.5,0.0,0.0,0.0,0.0,0.0,0.0,0.37,20.1,0.186,Genova,44.4056,8.9463
2026-06-15T01:00,18.0,81,14.7,19.0,0.0,0.0,0.0,0.0,0.0,0,1013.4,1012.1,2,2,0,0,4.2,115,11.2,0.0,0.0,0.0,0.0,0.0,0.0,0.4,19.5,0.186,Genova,44.4056,8.9463
2026-06-15T02:00,18.4,83,15.4,19.2,0.0,0.0,0.0,0.0,0.0,0,1013.4,1012.1,16,10,0,7,7.2,127,10.8,0.0,0.0,0.0,0.0,0.0,0.0,0.37,19.3,0.187,Genova,44.4056,8.9463
2026-06-15T03:00,17.9,86,15.5,19.2,0.0,0.0,0.0,0.0,0.0,0,1012.9,1011.6,9,9,0,0,3.6,117,15.8,0.0,0.0,0.0,0.0,0.0,0.0,0.3,18.9,0.187,Genova,44.4056,8.9463
2026-06-15T04:00,17.4,85,14.8,18.5,0.0,0.0,0.0,0.0,0.0,0,1012.2,1010.9,5,5,0,0,3.2,87,9.0,0.0,0.0,0.0,0.0,0.0,0.0,0.3,18.5,0.188,Genova,44.4056,8.9463
2026-06-15T05:00,17.0,83,14.2,18.0,0.0,0.0,0.0,0.0,0.0,0,1012.2,1010.9,7,0,2,5,2.6,74,7.6,0.0,0.0,0.0,0.0,0.0,0.0,0.32,18.1,0.188,Genova,44.4056,8.9463
2026-06-15T06:00,17.2,82,14.1,18.1,0.0,0.0,0.0,0.0,0.0,1,1012.5,1011.2,36,0,1,35,3.3,96,8.3,2.0,0.0,2.0,0.0,0.0,0.0,0.36,17.8,0.188,Genova,44.4056,8.9463
2026-06-15T07:00,19.0,81,15.6,20.1,0.0,0.0,0.0,0.0,0.0,1,1012.6,1011.3,47,26,0,29,5.1,108,10.8,64.0,26.0,38.0,211.2,3600.0,0.04,0.42,18.2,0.189,Genova,44.4056,8.9463
2026-06-15T08:00,20.4,77,16.2,21.8,0.0,0.0,0.0,0.0,0.0,1,1012.6,1011.3,26,13,0,15,4.9,118,14.4,190.0,106.0,84.0,362.1,3600.0,0.11,0.56,18.9,0.19,Genova,44.4056,8.9463
2026-06-15T09:00,21.2,78,17.1,22.9,0.0,0.0,0.0,0.0,0.0,0,1012.7,1011.4,4,3,0,1,5.5,167,17.3,391.0,289.0,102.0,626.4,3600.0,0.23,0.56,20.1,0.189,Genova,44.4056,8.9463
2026-06-15T10:00,21.9,77,17.8,23.7,0.0,0.0,0.0,0.0,0.0,0,1012.8,1011.5,2,2,0,0,7.6,173,23.0,560.0,443.0,117.0,717.6,3600.0,0.34,0.6,21.3,0.188,Genova,44.4056,8.9463
2026-06-15T11:00,22.7,76,18.3,25.4,0.0,0.0,0.0,0.0,0.0,0,1013.0,1011.7,13,13,0,0,8.5,174,25.6,709.0,580.0,129.0,773.1,3600.0,0.43,0.65,22.5,0.187,Genova,44.4056,8.9463
2026-06-15T12:00,23.4,74,18.4,26.7,0.0,0.0,0.0,0.0,0.0,0,1013.0,1011.7,2,2,0,0,8.7,175,26.3,805.0,628.0,177.0,738.1,3600.0,0.5,0.75,23.6,0.185,Genova,44.4056,8.9463
2026-06-15T13:00,23.7,74,18.8,27.6,0.0,0.0,0.0,0.0,0.0,0,1012.8,1011.5,4,2,0,2,9.2,183,27.4,883.0,718.0,165.0,787.0,3600.0,0.55,0.76,24.5,0.183,Genova,44.4056,8.9463
2026-06-15T14:00,25.6,65,18.6,29.4,0.0,0.0,0.0,0.0,0.0,0,1012.6,1011.3,16,0,6,10,9.4,183,27.7,894.0,744.0,150.0,799.5,3600.0,0.59,1.13,25.3,0.186,Genova,44.4056,8.9463
2026-06-15T15:00,24.7,70,18.7,28.5,0.0,0.0,0.0,0.0,0.0,1,1012.7,1011.4,20,2,9,10,8.3,181,30.2,853.0,693.0,160.0,766.3,3600.0,0.56,0.95,25.9,0.183,Genova,44.4056,8.9463
2026-06-15T16:00,24.6,69,18.6,27.5,0.0,0.0,0.0,0.0,0.0,0,1012.6,1011.3,13,0,2,11,9.6,192,27.0,740.0,573.0,167.0,685.9,3600.0,0.48,0.95,26.1,0.181,Genova,44.4056,8.9463
2026-06-15T17:00,23.8,70,17.9,25.9,0.0,0.0,0.0,0.0,0.0,1,1013.1,1011.8,43,0,6,39,9.9,189,31.0,667.0,536.0,131.0,735.9,3600.0,0.43,0.89,26.0,0.18,Genova,44.4056,8.9463
2026-06-15T18:00,23.0,71,17.4,24.7,0.0,0.0,0.0,0.0,0.0,1,1013.2,1011.9,26,0,4,23,6.3,185,27.4,510.0,389.0,121.0,658.6,3600.0,0.32,0.83,25.6,0.179,Genova,44.4056,8.9463
2026-06-15T19:00,22.7,72,17.4,24.9,0.0,0.0,0.0,0.0,0.0,1,1013.0,1011.7,22,0,2,20,3.1,135,19.4,347.0,246.0,101.0,570.0,3600.0,0.22,0.77,25.1,0.178,Genova,44.4056,8.9463
2026-06-15T20:00,22.4,75,17.7,24.8,0.0,0.0,0.0,0.0,0.0,0,1012.9,1011.6,12,0,0,12,2.3,141,11.5,189.0,118.0,71.0,450.4,3600.0,0.11,0.68,24.4,0.159,Genova,44.4056,8.9463
2026-06-15T21:00,20.8,86,18.4,23.2,0.0,0.0,0.0,0.0,0.0,0,1012.9,1011.6,9,0,1,9,4.5,16,8.6,52.0,23.0,29.0,222.8,3600.0,0.03,0.33,23.4,0.16,Genova,44.4056,8.9463
2026-06-15T22:00,20.0,89,18.1,22.4,0.0,0.0,0.0,0.0,0.0,0,1013.3,1012.0,4,0,0,4,4.2,25,12.2,0.0,0.0,0.0,0.0,0.0,0.02,0.26,22.4,0.16,Genova,44.4056,8.9463
2026-06-15T23:00,20.2,81,16.9,22.3,0.0,0.0,0.0,0.0,0.0,0,1013.9,1012.6,2,0,0,2,1.8,45,11.9,0.0,0.0,0.0,0.0,0.0,0.0,0.44,21.6,0.16,Genova,44.4056,8.9463
2026-06-16T00:00,20.6,76,16.2,22.6,0.0,0.0,0.0,0.0,0.0,0,1014.3,1013.0,1,0,0,0,0.5,45,5.0,0.0,0.0,0.0,0.0,0.0,0.0,0.58,20.7,0.161,Genova,44.4056,8.9463
2026-06-16T01:00,20.0,79,16.2,22.0,0.0,0.0,0.0,0.0,0.0,0,1014.8,1013.5,0,0,0,0,1.3,82,4.0,0.0,0.0,0.0,0.0,0.0,0.0,0.5,20.1,0.161,Genova,44.4056,8.9463
2026-06-16T02:00,19.4,78,15.5,20.6,0.0,0.0,0.0,0.0,0.0,0,1014.9,1013.6,0,0,0,0,4.4,58,4.0,0.0,0.0,0.0,0.0,0.0,0.0,0.49,19.5,0.182,Genova,44.4056,8.9463
2026-06-16T03:00,19.2,76,14.9,20.4,0.0,0.0,0.0,0.0,0.0,0,1015.1,1013.8,0,0,0,0,3.5,28,10.1,0.0,0.0,0.0,0.0,0.0,0.0,0.53,19.2,0.182,Genova,44.4056,8.9463
2026-06-16T04:00,18.9,77,14.8,20.1,0.0,0.0,0.0,0.0,0.0,0,1015.2,1013.9,1,0,1,0,3.0,38,9.0,0.0,0.0,0.0,0.0,0.0,0.0,0.51,18.9,0.182,Genova,44.4056,8.9463
2026-06-16T05:00,18.8,75,14.3,19.8,0.0,0.0,0.0,0.0,0.0,0,1015.4,1014.1,1,0,1,0,2.7,37,7.9,0.0,0.0,0.0,0.0,0.0,0.0,0.54,18.5,0.182,Genova,44.4056,8.9463
2026-06-16T06:00,19.1,73,14.0,20.0,0.0,0.0,0.0,0.0,0.0,0,1015.9,1014.6,1,0,1,0,2.5,45,7.2,2.0,0.0,2.0,0.0,0.0,0.0,0.61,18.3,0.183,Genova,44.4056,8.9463
2026-06-16T07:00,20.8,74,15.9,22.5,0.0,0.0,0.0,0.0,0.0,0,1016.4,1015.1,1,0,1,0,1.9,49,6.1,74.0,37.0,37.0,300.8,3600.0,0.03,0.65,18.6,0.183,Genova,44.4056,8.9463
2026-06-16T08:00,21.8,84,19.0,24.7,0.0,0.0,0.0,0.0,0.0,0,1016.7,1015.4,4,0,4,0,3.1,350,6.8,224.0,153.0,71.0,523.0,3600.0,0.13,0.41,19.5,0.194,Genova,44.4056,8.9463
2026-06-16T09:00,23.3,68,16.9,25.3,0.0,0.0,0.0,0.0,0.0,0,1017.1,1015.8,2,0,2,0,2.7,238,11.2,399.0,308.0,91.0,667.9,3600.0,0.25,0.93,20.8,0.193,Genova,44.4056,8.9463
2026-06-16T10:00,24.6,64,17.4,26.8,0.0,0.0,0.0,0.0,0.0,0,1017.4,1016.1,11,0,0,11,4.1,232,15.5,573.0,468.0,105.0,758.3,3600.0,0.38,1.11,22.2,0.192,Genova,44.4056,8.9463
2026-06-16T11:00,25.8,64,18.5,29.4,0.0,0.0,0.0,0.0,0.0,2,1017.5,1016.2,56,0,0,56,3.9,223,17.3,724.0,609.0,115.0,811.9,3600.0,0.49,1.19,23.6,0.19,Genova,44.4056,8.9463
2026-06-16T12:00,26.4,66,19.6,30.9,0.0,0.0,0.0,0.0,0.0,2,1017.8,1016.5,77,0,0,77,5.6,213,20.2,825.0,673.0,152.0,791.1,3600.0,0.57,1.15,24.9,0.188,Genova,44.4056,8.9463
2026-06-16T13:00,26.1,72,20.8,31.0,0.0,0.0,0.0,0.0,0.0,3,1018.0,1016.7,90,0,2,89,7.3,197,24.1,833.0,578.0,255.0,633.5,3600.0,0.56,0.93,25.8,0.186,Genova,44.4056,8.9463
2026-06-16T14:00,27.2,63,19.4,31.2,0.0,0.0,0.0,0.0,0.0,2,1018.0,1016.7,55,0,9,51,8.1,193,26.3,818.0,551.0,267.0,591.9,3600.0,0.57,1.35,26.3,0.185,Genova,44.4056,8.9463
2026-06-16T15:00,26.5,66,19.7,31.2,0.0,0.0,0.0,0.0,0.0,2,1018.1,1016.8,60,0,5,57,5.7,189,24.8,841.0,657.0,184.0,726.2,3600.0,0.58,1.18,26.8,0.183,Genova,44.4056,8.9463
2026-06-16T16:00,26.5,64,19.1,30.0,0.0,0.0,0.0,0.0,0.0,3,1018.0,1016.7,88,0,13,86,6.8,191,22.3,735.0,523.0,212.0,625.7,3600.0,0.51,1.25,27.1,0.181,Genova,44.4056,8.9463
2026-06-16T17:00,25.4,65,18.4,27.8,0.0,0.0,0.0,0.0,0.0,2,1018.2,1016.9,67,0,2,67,5.5,197,22.3,565.0,311.0,254.0,426.6,3600.0,0.39,1.13,27.0,0.179,Genova,44.4056,8.9463
2026-06-16T18:00,25.4,66,18.7,28.3,0.0,0.0,0.0,0.0,0.0,1,1018.0,1016.7,48,0,1,47,2.3,203,18.7,494.0,340.0,154.0,574.8,3600.0,0.33,1.1,26.7,0.177,Genova,44.4056,8.9463
2026-06-16T19:00,24.9,71,19.2,27.6,0.0,0.0,0.0,0.0,0.0,1,1017.9,1016.6,43,0,1,42,5.2,207,15.1,335.0,219.0,116.0,506.4,3600.0,0.22,0.92,26.3,0.177,Genova,44.4056,8.9463
2026-06-16T20:00,24.4,80,20.6,28.2,0.0,0.0,0.0,0.0,0.0,2,1017.9,1016.6,59,0,1,59,2.4,193,15.1,187.0,116.0,71.0,441.1,3600.0,0.11,0.62,25.7,0.173,Genova,44.4056,8.9463
2026-06-16T21:00,22.9,86,20.4,26.4,0.0,0.0,0.0,0.0,0.0,2,1018.0,1016.7,62,0,2,61,3.8,65,7.2,47.0,16.0,31.0,154.2,3280.9,0.03,0.39,24.7,0.173,Genova,44.4056,8.9463
2026-06-16T22:00,22.0,90,20.3,25.5,0.0,0.0,0.0,0.0,0.0,1,1018.6,1017.3,37,0,0,37,3.2,34,10.1,0.0,0.0,0.0,0.0,0.0,0.02,0.26,23.6,0.173,Genova,44.4056,8.9463
2026-06-16T23:00,21.9,83,18.9,24.9,0.0,0.0,0.0,0.0,0.0,2,1019.1,1017.8,52,0,0,52,2.1,52,6.8,0.0,0.0,0.0,0.0,0.0,0.0,0.44,22.7,0.174,Genova,44.4056,8.9463
2026-06-17T00:00,21.7,79,17.8,24.4,0.0,0.0,0.0,0.0,0.0,0,1019.3,1018.0,6,0,0,6,1.0,22,5.0,0.0,0.0,0.0,0.0,0.0,0.0,0.56,21.9,0.174,Genova,44.4056,8.9463
2026-06-17T01:00,21.2,74,16.4,23.0,0.0,0.0,0.0,0.0,0.0,0,1019.5,1018.2,3,0,0,3,2.7,37,6.5,0.0,0.0,0.0,0.0,0.0,0.0,0.66,21.2,0.174,Genova,44.4056,8.9463
2026-06-17T02:00,20.4,70,14.8,21.5,0.0,0.0,0.0,0.0,0.0,0,1019.0,1017.7,13,0,4,10,3.1,28,9.7,0.0,0.0,0.0,0.0,0.0,0.0,0.71,20.4,0.156,Genova,44.4056,8.9463
2026-06-17T03:00,20.6,61,12.9,21.2,0.0,0.0,0.0,0.0,0.0,0,1018.9,1017.6,7,0,4,3,2.1,20,10.1,0.0,0.0,0.0,0.0,0.0,0.0,0.94,20.1,0.156,Genova,44.4056,8.9463
2026-06-17T04:00,20.8,56,11.8,20.9,0.0,0.0,0.0,0.0,0.0,0,1018.8,1017.5,3,0,2,2,3.0,25,9.0,0.0,0.0,0.0,0.0,0.0,0.01,1.07,19.8,0.156,Genova,44.4056,8.9463
2026-06-17T05:00,20.5,55,11.2,20.3,0.0,0.0,0.0,0.0,0.0,0,1018.9,1017.6,5,0,1,5,3.5,21,10.4,0.0,0.0,0.0,0.0,0.0,0.01,1.08,19.6,0.156,Genova,44.4056,8.9463
2026-06-17T06:00,20.2,57,11.4,20.2,0.0,0.0,0.0,0.0,0.0,0,1019.3,1018.0,2,0,0,2,3.1,28,10.8,2.0,0.0,2.0,0.0,0.0,0.01,1.02,19.4,0.156,Genova,44.4056,8.9463
2026-06-17T07:00,21.6,62,14.0,22.6,0.0,0.0,0.0,0.0,0.0,0,1019.6,1018.3,0,0,0,0,2.3,29,10.1,73.0,36.0,37.0,293.3,3600.0,0.04,0.98,19.6,0.156,Genova,44.4056,8.9463
2026-06-17T08:00,22.9,75,18.3,25.6,0.0,0.0,0.0,0.0,0.0,0,1019.9,1018.6,0,0,0,0,2.5,21,7.2,224.0,153.0,71.0,523.5,3600.0,0.13,0.7,20.3,0.168,Genova,44.4056,8.9463
2026-06-17T09:00,24.8,56,15.4,26.3,0.0,0.0,0.0,0.0,0.0,0,1020.2,1018.9,0,0,0,0,1.9,197,9.7,398.0,307.0,91.0,666.2,3600.0,0.25,1.38,21.7,0.167,Genova,44.4056,8.9463
2026-06-17T10:00,25.6,54,15.7,27.2,0.0,0.0,0.0,0.0,0.0,0,1020.6,1019.3,0,0,0,0,3.5,192,14.4,569.0,465.0,104.0,753.8,3600.0,0.38,1.51,23.0,0.166,Genova,44.4056,8.9463
2026-06-17T11:00,26.3,55,16.6,28.9,0.0,0.0,0.0,0.0,0.0,0,1020.7,1019.4,0,0,0,0,5.4,174,19.1,718.0,604.0,114.0,805.5,3600.0,0.5,1.54,24.4,0.164,Genova,44.4056,8.9463
2026-06-17T12:00,26.6,58,17.6,30.0,0.0,0.0,0.0,0.0,0.0,0,1020.9,1019.6,2,0,0,2,7.4,180,23.4,834.0,713.0,121.0,838.2,3600.0,0.58,1.46,25.5,0.162,Genova,44.4056,8.9463
2026-06-17T13:00,26.6,62,18.8,30.8,0.0,0.0,0.0,0.0,0.0,0,1020.9,1019.6,2,0,0,2,7.4,184,24.1,891.0,757.0,134.0,829.6,3600.0,0.61,1.3,26.5,0.16,Genova,44.4056,8.9463
2026-06-17T14:00,27.9,59,19.1,32.3,0.0,0.0,0.0,0.0,0.0,0,1020.7,1019.4,15,0,0,15,7.4,184,24.5,889.0,746.0,143.0,801.3,3600.0,0.63,1.56,27.2,0.177,Genova,44.4056,8.9463
2026-06-17T15:00,27.0,63,19.4,31.1,0.0,0.0,0.0,0.0,0.0,0,1020.6,1019.3,19,0,4,15,8.5,180,25.6,855.0,724.0,131.0,799.9,3600.0,0.59,1.3,27.7,0.175,Genova,44.4056,8.9463
2026-06-17T16:00,26.7,62,18.7,30.4,0.0,0.0,0.0,0.0,0.0,0,1020.5,1019.2,19,0,9,12,6.8,183,25.6,786.0,647.0,139.0,773.5,3600.0,0.54,1.34,27.9,0.173,Genova,44.4056,8.9463
2026-06-17T17:00,26.6,59,17.8,29.5,0.0,0.0,0.0,0.0,0.0,0,1020.2,1018.9,15,0,4,11,4.3,165,22.0,663.0,544.0,119.0,745.5,3600.0,0.46,1.45,27.8,0.171,Genova,44.4056,8.9463
2026-06-17T18:00,26.5,59,17.8,28.6,0.0,0.0,0.0,0.0,0.0,0,1019.9,1018.6,14,0,3,11,4.3,163,16.2,526.0,426.0,100.0,719.3,3600.0,0.36,1.42,27.6,0.169,Genova,44.4056,8.9463
2026-06-17T19:00,25.2,69,19.1,27.8,0.0,0.0,0.0,0.0,0.0,0,1019.7,1018.4,8,0,2,5,5.6,186,16.6,356.0,267.0,89.0,616.1,3600.0,0.24,1.0,27.0,0.168,Genova,44.4056,8.9463
2026-06-17T20:00,24.5,75,19.7,28.0,0.0,0.0,0.0,0.0,0.0,0,1019.7,1018.4,7,0,5,2,1.0,202,15.5,191.0,125.0,66.0,473.6,3600.0,0.11,0.77,26.3,0.167,Genova,44.4056,8.9463
2026-06-17T21:00,22.8,89,20.9,26.6,0.0,0.0,0.0,0.0,0.0,0,1019.7,1018.4,2,0,2,1,4.0,63,8.3,51.0,24.0,27.0,230.3,3600.0,0.03,0.3,25.2,0.167,Genova,44.4056,8.9463
2026-06-17T22:00,22.0,91,20.5,25.8,0.0,0.0,0.0,0.0,0.0,0,1020.0,1018.7,2,0,2,0,2.4,63,8.6,0.0,0.0,0.0,0.0,0.0,0.01,0.24,24.1,0.167,Genova,44.4056,8.9463
2026-06-17T23:00,21.8,87,19.5,25.0,0.0,0.0,0.0,0.0,0.0,0,1020.2,1018.9,1,0,1,0,2.4,54,7.2,0.0,0.0,0.0,0.0,0.0,0.0,0.34,23.1,0.167,Genova,44.4056,8.9463
2026-06-18T00:00,21.5,78,17.4,23.8,0.0,0.0,0.0,0.0,0.0,0,1020.2,1018.9,0,0,0,0,2.6,34,7.9,0.0,0.0,0.0,0.0,0.0,0.0,0.58,22.4,0.168,Genova,44.4056,8.9463
2026-06-18T01:00,21.3,67,14.9,22.5,0.0,0.0,0.0,0.0,0.0,0,1020.2,1018.9,0,0,0,0,2.9,43,8.6,0.0,0.0,0.0,0.0,0.0,0.0,0.84,21.7,0.168,Genova,44.4056,8.9463
2026-06-18T02:00,20.7,66,14.2,21.7,0.0,0.0,0.0,0.0,0.0,0,1020.4,1019.1,0,0,0,0,2.2,55,8.6,0.0,0.0,0.0,0.0,0.0,0.0,0.82,21.0,0.177,Genova,44.4056,8.9463
2026-06-18T03:00,20.7,63,13.4,21.4,0.0,0.0,0.0,0.0,0.0,0,1020.5,1019.2,0,0,0,0,2.3,51,6.5,0.0,0.0,0.0,0.0,0.0,0.0,0.9,20.4,0.177,Genova,44.4056,8.9463
2026-06-18T04:00,20.4,62,13.0,20.9,0.0,0.0,0.0,0.0,0.0,0,1020.5,1019.2,0,0,0,0,2.8,45,7.6,0.0,0.0,0.0,0.0,0.0,0.0,0.9,20.0,0.177,Genova,44.4056,8.9463
2026-06-18T05:00,20.3,62,12.8,20.8,0.0,0.0,0.0,0.0,0.0,0,1020.3,1019.0,0,0,0,0,3.0,38,7.9,0.0,0.0,0.0,0.0,0.0,0.0,0.91,19.6,0.177,Genova,44.4056,8.9463
2026-06-18T06:00,20.4,63,13.1,21.0,0.0,0.0,0.0,0.0,0.0,0,1020.3,1019.0,0,0,0,0,2.7,28,9.0,2.0,0.0,2.0,0.0,0.0,0.01,0.9,19.4,0.177,Genova,44.4056,8.9463
2026-06-18T07:00,22.3,66,15.8,24.0,0.0,0.0,0.0,0.0,0.0,0,1020.4,1019.1,0,0,0,0,1.7,41,8.6,73.0,37.0,36.0,302.2,3600.0,0.03,0.9,19.7,0.177,Genova,44.4056,8.9463
2026-06-18T08:00,23.4,63,16.0,25.0,0.0,0.0,0.0,0.0,0.0,0,1021.0,1019.7,0,0,0,0,3.1,80,7.9,225.0,155.0,70.0,531.0,3600.0,0.14,1.05,20.7,0.197,Genova,44.4056,8.9463
2026-06-18T09:00,24.6,65,17.6,27.0,0.0,0.0,0.0,0.0,0.0,0,1021.2,1019.9,0,0,0,0,2.3,94,11.2,400.0,311.0,89.0,675.5,3600.0,0.26,1.07,21.9,0.196,Genova,44.4056,8.9463
2026-06-18T10:00,26.1,60,17.8,28.9,0.0,0.0,0.0,0.0,0.0,0,1021.3,1020.0,16,0,0,16,1.7,167,11.5,572.0,470.0,102.0,762.3,3600.0,0.39,1.34,23.3,0.194,Genova,44.4056,8.9463
2026-06-18T11:00,27.2,58,18.4,30.8,0.0,0.0,0.0,0.0,0.0,0,1021.2,1019.9,10,0,0,10,4.0,190,16.6,722.0,611.0,111.0,815.1,3600.0,0.5,1.5,24.7,0.192,Genova,44.4056,8.9463
2026-06-18T12:00,27.6,61,19.5,32.2,0.0,0.0,0.0,0.0,0.0,0,1021.2,1019.9,2,0,0,2,5.8,194,20.2,837.0,720.0,117.0,846.6,3600.0,0.59,1.43,25.9,0.189,Genova,44.4056,8.9463
2026-06-18T13:00,27.7,63,20.1,33.0,0.0,0.0,0.0,0.0,0.0,0,1021.2,1019.9,2,0,0,2,5.9,192,21.2,906.0,784.0,122.0,859.2,3600.0,0.64,1.36,26.9,0.186,Genova,44.4056,8.9463
2026-06-18T14:00,29.0,59,20.3,34.3,0.0,0.0,0.0,0.0,0.0,0,1020.9,1019.6,1,0,0,1,6.5,186,21.2,921.0,791.0,130.0,849.5,3600.0,0.66,1.63,28.3,0.189,Genova,44.4056,8.9463
2026-06-18T15:00,28.1,63,20.3,33.1,0.0,0.0,0.0,0.0,0.0,0,1020.5,1019.2,5,0,1,5,7.6,180,24.5,893.0,769.0,124.0,849.3,3600.0,0.63,1.41,28.7,0.186,Genova,44.4056,8.9463
2026-06-18T16:00,28.0,60,19.6,32.4,0.0,0.0,0.0,0.0,0.0,1,1020.4,1019.1,22,0,0,21,5.3,188,23.8,781.0,648.0,133.0,774.3,3600.0,0.56,1.5,28.8,0.183,Genova,44.4056,8.9463
2026-06-18T17:00,28.2,57,18.9,31.9,0.0,0.0,0.0,0.0,0.0,0,1019.9,1018.6,10,0,2,9,3.4,180,19.1,688.0,569.0,119.0,779.0,3600.0,0.49,1.65,28.8,0.181,Genova,44.4056,8.9463
2026-06-18T18:00,27.6,61,19.5,30.7,0.0,0.0,0.0,0.0,0.0,0,1019.8,1018.5,3,0,2,0,3.8,183,15.1,541.0,437.0,104.0,736.9,3600.0,0.38,1.43,28.6,0.179,Genova,44.4056,8.9463
2026-06-18T19:00,26.8,69,20.6,30.7,0.0,0.0,0.0,0.0,0.0,0,1019.4,1018.1,4,0,2,2,1.6,186,14.4,363.0,275.0,88.0,633.3,3600.0,0.24,1.11,28.0,0.178,Genova,44.4056,8.9463
2026-06-18T20:00,25.8,78,21.6,30.2,0.0,0.0,0.0,0.0,0.0,0,1019.1,1017.8,9,0,1,8,2.1,149,9.0,195.0,128.0,67.0,483.4,3600.0,0.12,0.73,27.4,0.174,Genova,44.4056,8.9463
2026-06-18T21:00,24.1,87,21.8,28.7,0.0,0.0,0.0,0.0,0.0,0,1019.2,1017.9,8,0,1,7,1.5,60,6.8,54.0,25.0,29.0,238.9,3600.0,0.02,0.4,26.2,0.174,Genova,44.4056,8.9463
2026-06-18T22:00,23.3,87,21.0,27.4,0.0,0.0,0.0,0.0,0.0,0,1019.4,1018.1,7,0,1,6,1.8,37,5.4,0.0,0.0,0.0,0.0,0.0,0.01,0.37,24.9,0.174,Genova,44.4056,8.9463
2026-06-18T23:00,23.0,81,19.6,26.4,0.0,0.0,0.0,0.0,0.0,0,1019.5,1018.2,3,0,2,2,2.2,42,6.8,0.0,0.0,0.0,0.0,0.0,0.0,0.54,24.0,0.174,Genova,44.4056,8.9463
2026-06-19T00:00,22.7,71,17.2,24.9,0.0,0.0,0.0,0.0,0.0,0,1019.4,1018.1,2,0,2,0,2.3,39,7.9,0.0,0.0,0.0,0.0,0.0,0.0,0.8,23.2,0.174,Genova,44.4056,8.9463
2026-06-19T01:00,22.6,64,15.4,24.2,0.0,0.0,0.0,0.0,0.0,0,1019.4,1018.1,1,0,1,0,1.7,41,7.9,0.0,0.0,0.0,0.0,0.0,0.0,1.0,22.5,0.174,Genova,44.4056,8.9463
2026-06-19T02:00,21.7,56,12.6,21.9,0.0,0.0,0.0,0.0,0.0,0,1019.0,1017.7,1,0,1,0,4.1,34,6.5,0.0,0.0,0.0,0.0,0.0,0.02,1.13,21.8,0.17,Genova,44.4056,8.9463
2026-06-19T03:00,22.5,50,11.6,22.5,0.0,0.0,0.0,0.0,0.0,0,1018.8,1017.5,2,0,2,0,3.4,16,12.6,0.0,0.0,0.0,0.0,0.0,0.01,1.37,21.4,0.17,Genova,44.4056,8.9463
2026-06-19T04:00,22.3,49,11.2,21.9,0.0,0.0,0.0,0.0,0.0,0,1018.6,1017.3,1,0,1,0,5.5,13,15.1,0.0,0.0,0.0,0.0,0.0,0.03,1.36,21.3,0.17,Genova,44.4056,8.9463
2026-06-19T05:00,21.9,51,11.3,21.6,0.0,0.0,0.0,0.0,0.0,0,1018.8,1017.5,0,0,0,0,5.0,19,15.5,0.0,0.0,0.0,0.0,0.0,0.03,1.29,21.2,0.169,Genova,44.4056,8.9463
2026-06-19T06:00,21.6,54,11.8,21.5,0.0,0.0,0.0,0.0,0.0,0,1019.1,1017.8,0,0,0,0,4.3,24,15.5,2.0,0.0,2.0,0.0,0.0,0.03,1.2,21.1,0.169,Genova,44.4056,8.9463
2026-06-19T07:00,22.5,61,14.5,23.7,0.0,0.0,0.0,0.0,0.0,0,1019.4,1018.1,0,0,0,0,2.3,23,14.4,73.0,37.0,36.0,303.2,3600.0,0.04,1.08,21.2,0.169,Genova,44.4056,8.9463
2026-06-19T08:00,24.1,77,19.8,27.3,0.0,0.0,0.0,0.0,0.0,0,1019.6,1018.3,2,0,2,0,3.6,33,10.4,223.0,153.0,70.0,525.0,3600.0,0.14,0.69,21.9,0.175,Genova,44.4056,8.9463
2026-06-19T09:00,26.9,62,19.0,30.2,0.0,0.0,0.0,0.0,0.0,0,1019.8,1018.5,0,0,0,0,0.4,333,10.8,399.0,310.0,89.0,674.0,3600.0,0.26,1.34,23.3,0.174,Genova,44.4056,8.9463
2026-06-19T10:00,28.3,52,17.4,30.7,0.0,0.0,0.0,0.0,0.0,0,1020.0,1018.7,0,0,0,0,2.3,198,11.9,571.0,469.0,102.0,761.2,3600.0,0.4,1.86,24.7,0.173,Genova,44.4056,8.9463
2026-06-19T11:00,29.0,52,18.2,32.5,0.0,0.0,0.0,0.0,0.0,0,1020.1,1018.8,0,0,0,0,4.1,178,16.2,720.0,608.0,112.0,811.5,3600.0,0.52,1.92,26.1,0.17,Genova,44.4056,8.9463
2026-06-19T12:00,29.6,56,20.0,34.3,0.0,0.0,0.0,0.0,0.0,0,1020.1,1018.8,0,0,0,0,6.1,178,20.5,835.0,717.0,118.0,843.2,3600.0,0.61,1.81,27.3,0.168,Genova,44.4056,8.9463
2026-06-19T13:00,29.6,59,20.7,34.8,0.0,0.0,0.0,0.0,0.0,0,1020.0,1018.7,0,0,0,0,7.9,184,24.5,909.0,789.0,120.0,864.8,3600.0,0.66,1.69,28.4,0.165,Genova,44.4056,8.9463
2026-06-19T14:00,30.9,45,17.6,35.2,0.0,0.0,0.0,0.0,0.0,0,1019.7,1018.4,0,0,0,0,5.7,193,24.8,928.0,801.0,127.0,860.1,3600.0,0.7,2.46,29.5,0.15,Genova,44.4056,8.9463
2026-06-19T15:00,30.0,45,16.7,33.8,0.0,0.0,0.0,0.0,0.0,0,1019.5,1018.2,0,0,0,0,4.0,170,20.2,867.0,732.0,135.0,808.2,3600.0,0.64,2.34,30.0,0.147,Genova,44.4056,8.9463
2026-06-19T16:00,30.1,45,16.9,33.5,0.0,0.0,0.0,0.0,0.0,0,1019.4,1018.1,0,0,0,0,4.7,157,18.0,814.0,695.0,119.0,830.0,3600.0,0.6,2.33,30.3,0.146,Genova,44.4056,8.9463
2026-06-19T17:00,29.8,49,18.0,32.8,0.0,0.0,0.0,0.0,0.0,0,1019.3,1018.0,0,0,0,0,5.6,182,19.1,692.0,582.0,110.0,796.2,3600.0,0.51,2.13,30.3,0.144,Genova,44.4056,8.9463
2026-06-19T18:00,29.0,54,18.7,31.4,0.0,0.0,0.0,0.0,0.0,0,1019.2,1017.9,0,0,0,0,5.2,207,19.8,550.0,452.0,98.0,761.3,3600.0,0.4,1.85,30.0,0.143,Genova,44.4056,8.9463
2026-06-19T19:00,28.4,59,19.5,31.8,0.0,0.0,0.0,0.0,0.0,0,1018.8,1017.5,0,0,0,0,1.1,189,16.2,377.0,292.0,85.0,671.2,3600.0,0.25,1.6,29.4,0.142,Genova,44.4056,8.9463
2026-06-19T20:00,27.2,76,22.7,32.1,0.0,0.0,0.0,0.0,0.0,0,1018.3,1017.0,0,0,0,0,2.8,55,7.9,202.0,137.0,65.0,515.8,3600.0,0.13,0.86,28.8,0.142,Genova,44.4056,8.9463
2026-06-19T21:00,25.5,85,22.8,30.8,0.0,0.0,0.0,0.0,0.0,0,1018.5,1017.2,0,0,0,0,0.8,45,5.8,56.0,27.0,29.0,257.1,3600.0,0.02,0.5,27.5,0.142,Genova,44.4056,8.9463
2026-06-19T22:00,24.8,81,21.3,29.0,0.0,0.0,0.0,0.0,0.0,0,1019.0,1017.7,0,0,0,0,2.1,70,5.0,0.0,0.0,0.0,0.0,0.0,0.02,0.61,26.1,0.142,Genova,44.4056,8.9463
2026-06-19T23:00,24.4,76,19.8,28.1,0.0,0.0,0.0,0.0,0.0,0,1019.5,1018.2,0,0,0,0,0.8,45,5.4,0.0,0.0,0.0,0.0,0.0,0.0,0.75,24.9,0.142,Genova,44.4056,8.9463
2026-06-20T00:00,23.9,68,17.6,26.3,0.0,0.0,0.0,0.0,0.0,0,1019.6,1018.3,1,0,0,0,2.4,36,5.4,0.0,0.0,0.0,0.0,0.0,0.0,0.95,24.0,0.143,Genova,44.4056,8.9463
2026-06-20T01:00,23.7,60,15.6,25.2,0.0,0.0,0.0,0.0,0.0,0,1019.6,1018.3,1,0,1,0,2.2,35,5.8,0.0,0.0,0.0,0.0,0.0,0.0,1.16,23.2,0.143,Genova,44.4056,8.9463
2026-06-20T02:00,22.4,64,15.2,23.6,0.0,0.0,0.0,0.0,0.0,0,1019.7,1018.4,0,0,0,0,3.5,28,6.1,0.0,0.0,0.0,0.0,0.0,0.01,0.97,23.0,0.143,Genova,44.4056,8.9463
2026-06-20T03:00,22.9,58,14.2,23.7,0.0,0.0,0.0,0.0,0.0,0,1019.5,1018.2,0,0,0,0,3.9,24,12.6,0.0,0.0,0.0,0.0,0.0,0.01,1.17,22.7,0.142,Genova,44.4056,8.9463
2026-06-20T04:00,22.8,56,13.5,23.4,0.0,0.0,0.0,0.0,0.0,0,1019.2,1017.9,0,0,0,0,3.9,24,12.6,0.0,0.0,0.0,0.0,0.0,0.02,1.23,22.4,0.142,Genova,44.4056,8.9463
2026-06-20T05:00,21.9,57,13.0,21.9,0.0,0.0,0.0,0.0,0.0,0,1019.6,1018.3,0,0,0,0,6.5,14,16.6,0.0,0.0,0.0,0.0,0.0,0.03,1.13,22.2,0.142,Genova,44.4056,8.9463
2026-06-20T06:00,20.8,61,13.0,20.6,0.0,0.0,0.0,0.0,0.0,0,1019.8,1018.5,0,0,0,0,7.5,17,19.1,2.0,0.0,2.0,0.0,0.0,0.04,0.96,21.9,0.142,Genova,44.4056,8.9463
2026-06-20T07:00,21.5,68,15.5,22.1,0.0,0.0,0.0,0.0,0.0,0,1020.0,1018.7,2,0,2,0,8.7,17,20.5,72.0,36.0,36.0,296.2,3600.0,0.07,0.81,21.9,0.142,Genova,44.4056,8.9463
2026-06-20T08:00,24.5,77,20.2,27.6,0.0,0.0,0.0,0.0,0.0,0,1020.3,1019.0,1,0,1,0,6.0,10,19.8,220.0,151.0,69.0,519.1,3600.0,0.14,0.7,22.6,0.142,Genova,44.4056,8.9463
2026-06-20T09:00,27.9,56,18.3,30.2,0.0,0.0,0.0,0.0,0.0,0,1020.8,1019.5,0,0,0,0,5.3,325,14.8,396.0,307.0,89.0,668.2,3600.0,0.28,1.66,24.0,0.141,Genova,44.4056,8.9463
2026-06-20T10:00,29.1,52,18.1,31.6,0.0,0.0,0.0,0.0,0.0,0,1021.1,1019.8,0,0,0,0,4.1,322,15.5,567.0,464.0,103.0,753.7,3600.0,0.41,1.95,25.5,0.14,Genova,44.4056,8.9463
2026-06-20T11:00,30.3,50,18.7,34.3,0.0,0.0,0.0,0.0,0.0,0,1021.3,1020.0,0,0,0,0,2.4,261,14.4,717.0,605.0,112.0,807.9,3600.0,0.52,2.16,27.1,0.139,Genova,44.4056,8.9463
2026-06-20T12:00,30.9,52,19.9,35.9,0.0,0.0,0.0,0.0,0.0,0,1021.5,1020.2,0,0,0,0,4.5,196,18.0,832.0,714.0,118.0,839.9,3600.0,0.62,2.15,28.6,0.137,Genova,44.4056,8.9463
2026-06-20T13:00,30.5,58,21.4,36.1,0.0,0.0,0.0,0.0,0.0,0,1021.5,1020.2,0,0,0,0,7.6,184,24.8,901.0,778.0,123.0,852.8,3600.0,0.67,1.82,29.7,0.136,Genova,44.4056,8.9463
2026-06-20T14:00,31.5,54,21.2,37.2,0.0,0.0,0.0,0.0,0.0,0,1021.4,1020.1,0,0,0,0,6.5,188,27.0,908.0,776.0,132.0,833.2,3600.0,0.69,2.1,30.8,0.134,Genova,44.4056,8.9463
2026-06-20T15:00,30.4,54,20.1,35.0,0.0,0.0,0.0,0.0,0.0,0,1021.4,1020.1,1,0,1,0,7.7,198,25.2,855.0,714.0,141.0,788.1,3600.0,0.64,1.99,31.2,0.133,Genova,44.4056,8.9463
2026-06-20T16:00,30.4,48,18.2,34.0,0.0,0.0,0.0,0.0,0.0,0,1021.5,1020.2,3,0,3,1,6.2,187,24.1,793.0,669.0,124.0,798.5,3600.0,0.59,2.26,31.4,0.131,Genova,44.4056,8.9463
2026-06-20T17:00,30.4,45,17.2,33.2,0.0,0.0,0.0,0.0,0.0,0,1021.5,1020.2,2,0,2,0,4.3,204,20.5,684.0,567.0,117.0,775.1,3600.0,0.51,2.39,31.4,0.13,Genova,44.4056,8.9463
2026-06-20T18:00,29.9,47,17.3,31.8,0.0,0.0,0.0,0.0,0.0,0,1021.5,1020.2,6,0,6,0,4.5,209,16.9,529.0,420.0,109.0,706.6,3600.0,0.39,2.24,31.1,0.129,Genova,44.4056,8.9463
2026-06-20T19:00,28.6,54,18.4,31.3,0.0,0.0,0.0,0.0,0.0,0,1021.4,1020.1,2,0,2,0,2.7,222,15.5,362.0,275.0,87.0,631.1,3600.0,0.25,1.81,30.4,0.128,Genova,44.4056,8.9463
2026-06-20T20:00,28.1,58,19.0,31.0,0.0,0.0,0.0,0.0,0.0,0,1021.3,1020.0,3,0,3,0,3.1,208,10.4,191.0,125.0,66.0,469.3,3600.0,0.13,1.61,29.6,0.128,Genova,44.4056,8.9463
2026-06-20T21:00,26.3,68,19.9,30.0,0.0,0.0,0.0,0.0,0.0,0,1021.4,1020.1,2,0,2,0,0.6,56,7.2,54.0,26.0,28.0,246.7,3600.0,0.02,1.09,28.4,0.128,Genova,44.4056,8.9463
2026-06-20T22:00,24.9,75,20.3,28.1,0.0,0.0,0.0,0.0,0.0,0,1022.1,1020.8,4,0,4,0,5.4,48,12.2,0.0,0.0,0.0,0.0,0.0,0.03,0.77,27.0,0.128,Genova,44.4056,8.9463
2026-06-20T23:00,23.9,82,20.6,27.6,0.0,0.0,0.0,0.0,0.0,0,1022.7,1021.4,3,0,3,0,3.6,30,12.2,0.0,0.0,0.0,0.0,0.0,0.0,0.55,26.1,0.128,Genova,44.4056,8.9463
2026-06-21T00:00,23.7,75,18.9,26.5,0.0,0.0,0.0,0.0,0.0,0,1023.1,1021.8,1,0,1,0,3.3,22,11.9,0.0,0.0,0.0,0.0,0.0,0.0,0.74,25.3,0.128,Genova,44.4056,8.9463
2026-06-21T01:00,23.4,66,16.6,25.0,0.0,0.0,0.0,0.0,0.0,0,1022.9,1021.6,0,0,0,0,5.3,28,14.8,0.0,0.0,0.0,0.0,0.0,0.02,0.99,24.7,0.128,Genova,44.4056,8.9463
2026-06-21T02:00,23.5,50,12.6,23.8,0.0,0.0,0.0,0.0,0.0,0,1022.7,1021.4,0,0,0,0,3.9,28,15.1,0.0,0.0,0.0,0.0,0.0,0.02,1.44,24.3,0.136,Genova,44.4056,8.9463
2026-06-21T03:00,24.0,45,11.4,23.9,0.0,0.0,0.0,0.0,0.0,0,1022.7,1021.4,0,0,0,0,3.9,24,13.7,0.0,0.0,0.0,0.0,0.0,0.02,1.64,23.8,0.136,Genova,44.4056,8.9463
2026-06-21T04:00,24.0,43,10.8,23.7,0.0,0.0,0.0,0.0,0.0,0,1022.4,1021.1,0,0,0,0,3.8,19,11.5,0.0,0.0,0.0,0.0,0.0,0.02,1.69,23.3,0.136,Genova,44.4056,8.9463
2026-06-21T05:00,23.4,45,10.8,23.1,0.0,0.0,0.0,0.0,0.0,0,1022.7,1021.4,0,0,0,0,3.1,24,12.2,0.0,0.0,0.0,0.0,0.0,0.02,1.58,23.0,0.136,Genova,44.4056,8.9463
2026-06-21T06:00,22.1,51,11.5,21.6,0.0,0.0,0.0,0.0,0.0,0,1023.1,1021.8,0,0,0,0,6.7,20,17.6,2.0,0.0,2.0,0.0,0.0,0.05,1.31,22.8,0.136,Genova,44.4056,8.9463
2026-06-21T07:00,22.2,63,14.8,22.8,0.0,0.0,0.0,0.0,0.0,0,1023.2,1021.9,0,0,0,0,6.7,19,19.1,71.0,36.0,35.0,297.7,3600.0,0.06,0.99,22.7,0.135,Genova,44.4056,8.9463
2026-06-21T08:00,25.4,73,20.1,28.3,0.0,0.0,0.0,0.0,0.0,0,1023.6,1022.3,0,0,0,0,6.6,13,18.4,221.0,152.0,69.0,523.6,3600.0,0.15,0.88,23.3,0.146,Genova,44.4056,8.9463
2026-06-21T09:00,28.6,59,19.8,31.5,0.0,0.0,0.0,0.0,0.0,0,1023.9,1022.6,2,0,0,2,5.5,324,16.6,392.0,303.0,89.0,660.3,3600.0,0.29,1.61,24.7,0.145,Genova,44.4056,8.9463
2026-06-21T10:00,29.6,53,19.0,32.4,0.0,0.0,0.0,0.0,0.0,0,1024.0,1022.7,1,0,0,1,4.2,290,15.8,561.0,457.0,104.0,743.0,3600.0,0.41,1.94,26.2,0.144,Genova,44.4056,8.9463
2026-06-21T11:00,30.8,52,19.8,35.1,0.0,0.0,0.0,0.0,0.0,0,1024.0,1022.7,0,0,0,0,3.3,248,15.5,711.0,599.0,112.0,800.3,3600.0,0.53,2.12,27.7,0.142,Genova,44.4056,8.9463
2026-06-21T12:00,30.9,59,21.9,36.5,0.0,0.0,0.0,0.0,0.0,0,1024.0,1022.7,0,0,0,0,6.3,207,22.0,822.0,703.0,119.0,827.3,3600.0,0.62,1.85,29.1,0.141,Genova,44.4056,8.9463
2026-06-21T13:00,30.8,63,23.0,37.5,0.0,0.0,0.0,0.0,0.0,0,1024.0,1022.7,9,0,2,9,5.8,164,24.8,882.0,751.0,131.0,823.3,3600.0,0.66,1.62,30.2,0.139,Genova,44.4056,8.9463
2026-06-21T14:00,32.7,51,21.1,38.0,0.0,0.0,0.0,0.0,0.0,1,1023.4,1022.1,27,0,2,26,6.7,199,22.7,846.0,675.0,171.0,724.7,3600.0,0.66,2.45,31.6,0.137,Genova,44.4056,8.9463
2026-06-21T15:00,31.6,53,20.9,37.0,0.0,0.0,0.0,0.0,0.0,2,1023.3,1022.0,62,0,6,61,5.9,178,23.4,866.0,706.0,160.0,779.1,3600.0,0.66,2.19,32.1,0.135,Genova,44.4056,8.9463
2026-06-21T16:00,30.9,57,21.4,35.3,0.0,0.0,0.0,0.0,0.0,2,1023.6,1022.3,63,0,5,61,4.0,207,20.9,615.0,375.0,240.0,447.4,3600.0,0.47,1.93,32.0,0.134,Genova,44.4056,8.9463
2026-06-21T17:00,30.9,58,21.8,35.0,0.1,0.1,0.0,0.0,0.0,51,1023.1,1021.8,34,0,0,34,4.6,216,16.6,552.0,341.0,211.0,465.9,3600.0,0.43,1.86,31.9,0.134,Genova,44.4056,8.9463
2026-06-21T18:00,30.4,57,20.9,34.2,0.0,0.0,0.0,0.0,0.0,1,1023.2,1021.9,30,0,0,30,3.7,209,17.6,498.0,355.0,143.0,596.7,3600.0,0.37,1.87,31.6,0.133,Genova,44.4056,8.9463
2026-06-21T19:00,29.6,61,21.2,34.0,0.0,0.0,0.0,0.0,0.0,1,1023.2,1021.9,31,0,0,30,0.6,214,13.7,350.0,252.0,98.0,577.5,3600.0,0.24,1.63,31.0,0.133,Genova,44.4056,8.9463
2026-06-21T20:00,28.9,80,25.0,35.3,0.0,0.0,0.0,0.0,0.0,2,1022.5,1021.2,74,0,3,73,2.7,62,9.7,190.0,114.0,76.0,426.9,3600.0,0.13,0.82,30.4,0.142,Genova,44.4056,8.9463
2026-06-21T21:00,27.5,87,25.2,33.5,0.0,0.0,0.0,0.0,0.0,3,1022.7,1021.4,98,0,2,98,5.5,11,11.2,44.0,11.0,33.0,104.1,1551.54,0.04,0.46,29.4,0.142,Genova,44.4056,8.9463
2026-06-21T22:00,26.0,89,24.1,31.3,0.0,0.0,0.0,0.0,0.0,2,1022.8,1021.5,75,0,0,75,5.9,31,14.8,0.0,0.0,0.0,0.0,0.0,0.02,0.36,28.4,0.142,Genova,44.4056,8.9463
2026-06-21T23:00,25.5,80,21.7,28.8,0.0,0.0,0.0,0.0,0.0,2,1023.2,1021.9,73,0,0,73,9.5,14,20.5,0.0,0.0,0.0,0.0,0.0,0.02,0.67,27.5,0.142,Genova,44.4056,8.9463
2026-06-22T00:00,24.2,77,19.9,26.9,0.0,0.0,0.0,0.0,0.0,2,1023.0,1021.7,55,0,0,55,7.6,19,20.5,0.0,0.0,0.0,0.0,0.0,0.02,0.7,26.6,0.142,Genova,44.4056,8.9463
2026-06-22T01:00,23.3,77,19.0,25.6,0.0,0.0,0.0,0.0,0.0,0,1022.8,1021.5,7,0,0,7,7.4,22,19.8,0.0,0.0,0.0,0.0,0.0,0.01,0.66,25.9,0.142,Genova,44.4056,8.9463
2026-06-22T02:00,22.5,79,18.7,25.3,0.0,0.0,0.0,0.0,0.0,0,1022.2,1020.9,3,0,0,3,2.9,22,19.8,0.0,0.0,0.0,0.0,0.0,0.0,0.57,25.9,0.119,Genova,44.4056,8.9463
2026-06-22T03:00,23.0,73,17.8,24.9,0.0,0.0,0.0,0.0,0.0,1,1021.9,1020.6,24,0,0,24,5.8,22,17.6,0.0,0.0,0.0,0.0,0.0,0.01,0.76,25.2,0.119,Genova,44.4056,8.9463
2026-06-22T04:00,23.0,71,17.5,24.6,0.0,0.0,0.0,0.0,0.0,0,1021.7,1020.4,3,0,1,2,7.7,16,19.8,0.0,0.0,0.0,0.0,0.0,0.02,0.82,24.7,0.12,Genova,44.4056,8.9463
2026-06-22T05:00,23.0,70,17.2,24.0,0.0,0.0,0.0,0.0,0.0,1,1021.9,1020.6,46,0,2,45,10.0,15,22.7,0.0,0.0,0.0,0.0,0.0,0.04,0.85,24.4,0.12,Genova,44.4056,8.9463
2026-06-22T06:00,23.1,69,17.1,23.9,0.0,0.0,0.0,0.0,0.0,0,1022.2,1020.9,19,0,2,17,11.9,11,25.2,2.0,0.0,2.0,0.0,0.0,0.05,0.87,24.1,0.12,Genova,44.4056,8.9463
2026-06-22T07:00,24.8,69,18.7,26.3,0.0,0.0,0.0,0.0,0.0,1,1022.2,1020.9,34,0,2,34,11.7,5,26.3,65.0,28.0,37.0,232.8,3600.0,0.09,0.98,24.2,0.12,Genova,44.4056,8.9463
2026-06-22T08:00,27.4,65,20.2,30.1,0.0,0.0,0.0,0.0,0.0,0,1022.3,1021.0,2,0,2,0,8.8,12,23.8,206.0,128.0,78.0,442.0,3600.0,0.17,1.29,24.6,0.12,Genova,44.4056,8.9463
2026-06-22T09:00,29.2,64,21.8,33.7,0.0,0.0,0.0,0.0,0.0,0,1022.7,1021.4,7,0,5,3,2.1,255,17.6,375.0,275.0,100.0,600.2,3600.0,0.26,1.44,26.0,0.119,Genova,44.4056,8.9463
2026-06-22T10:00,30.1,63,22.2,34.5,0.0,0.0,0.0,0.0,0.0,0,1022.5,1021.2,10,0,5,5,3.8,221,16.2,552.0,443.0,109.0,720.9,3600.0,0.41,1.59,27.5,0.119,Genova,44.4056,8.9463
2026-06-22T11:00,31.5,56,21.6,36.7,0.0,0.0,0.0,0.0,0.0,1,1022.3,1021.0,38,0,2,37,3.1,277,16.9,698.0,579.0,119.0,774.1,3600.0,0.52,2.05,29.1,0.118,Genova,44.4056,8.9463
2026-06-22T12:00,32.3,50,20.6,36.9,0.0,0.0,0.0,0.0,0.0,0,1022.1,1020.8,19,0,0,19,4.4,322,16.9,712.0,541.0,171.0,636.9,3600.0,0.55,2.42,30.4,0.117,Genova,44.4056,8.9463
2026-06-22T13:00,32.4,49,20.2,37.1,0.1,0.1,0.0,0.0,0.0,51,1022.1,1020.8,97,1,6,97,3.5,24,18.7,749.0,554.0,195.0,607.5,3600.0,0.58,2.49,31.5,0.117,Genova,44.4056,8.9463
2026-06-22T14:00,33.5,48,20.9,37.5,0.1,0.1,0.0,0.0,0.0,51,1021.6,1020.3,73,0,5,72,4.8,124,20.2,610.0,362.0,248.0,388.7,3600.0,0.5,2.7,32.4,0.116,Genova,44.4056,8.9463
2026-06-22T15:00,32.7,54,22.1,37.5,0.1,0.1,0.0,0.0,0.0,51,1021.1,1019.8,61,0,4,59,6.1,240,19.8,676.0,420.0,256.0,463.4,3600.0,0.54,2.28,32.9,0.116,Genova,44.4056,8.9463
2026-06-22T16:00,32.4,57,22.7,37.7,0.1,0.1,0.0,0.0,0.0,51,1020.9,1019.6,98,0,13,98,0.6,236,22.7,571.0,343.0,228.0,409.1,3600.0,0.44,2.1,32.9,0.116,Genova,44.4056,8.9463
2026-06-22T17:00,32.6,53,21.8,36.8,0.0,0.0,0.0,0.0,0.0,3,1020.3,1019.0,87,0,3,87,3.6,123,14.4,512.0,255.0,257.0,348.2,3600.0,0.41,2.3,32.9,0.115,Genova,44.4056,8.9463
2026-06-22T18:00,32.3,54,21.9,36.6,0.0,0.0,0.0,0.0,0.0,3,1020.1,1018.8,91,0,5,91,3.6,160,15.1,468.0,282.0,186.0,473.6,3600.0,0.36,2.22,32.8,0.115,Genova,44.4056,8.9463
2026-06-22T19:00,31.1,64,23.4,36.4,0.0,0.0,0.0,0.0,0.0,3,1020.1,1018.8,98,0,14,98,3.0,194,14.0,312.0,173.0,139.0,395.9,3600.0,0.24,1.63,32.3,0.115,Genova,44.4056,8.9463
2026-06-22T20:00,29.2,79,25.2,35.8,0.0,0.0,0.0,0.0,0.0,3,1019.3,1018.0,80,0,3,80,1.9,34,11.2,145.0,42.0,103.0,156.9,2908.34,0.1,0.84,31.4,0.114,Genova,44.4056,8.9463
2026-06-22T21:00,27.5,86,24.9,33.5,0.0,0.0,0.0,0.0,0.0,2,1019.7,1018.4,76,0,0,76,4.2,50,9.4,42.0,7.0,35.0,66.0,320.98,0.03,0.52,30.2,0.115,Genova,44.4056,8.9463
2026-06-22T22:00,25.9,82,22.6,30.2,0.0,0.0,0.0,0.0,0.0,2,1020.1,1018.8,76,0,0,76,6.9,31,16.9,0.0,0.0,0.0,0.0,0.0,0.03,0.6,29.0,0.115,Genova,44.4056,8.9463
2026-06-22T23:00,25.2,76,20.7,28.7,0.0,0.0,0.0,0.0,0.0,3,1020.2,1018.9,98,0,0,98,4.8,27,17.3,0.0,0.0,0.0,0.0,0.0,0.01,0.76,27.9,0.115,Genova,44.4056,8.9463
2026-06-23T00:00,24.5,74,19.6,27.3,0.0,0.0,0.0,0.0,0.0,2,1019.9,1018.6,78,0,0,78,5.8,14,16.9,0.0,0.0,0.0,0.0,0.0,0.01,0.8,27.0,0.115,Genova,44.4056,8.9463
2026-06-23T01:00,23.6,73,18.4,25.6,0.0,0.0,0.0,0.0,0.0,1,1019.4,1018.1,46,0,0,46,7.2,22,19.8,0.0,0.0,0.0,0.0,0.0,0.02,0.8,26.3,0.115,Genova,44.4056,8.9463
2026-06-23T02:00,24.4,73,19.2,25.9,0.0,0.0,0.0,0.0,0.0,2,1019.4,1018.1,57,0,17,54,13.1,353,20.5,0.0,0.0,0.0,0.0,0.0,0.04,0.83,26.8,0.112,Genova,44.4056,8.9463
2026-06-23T03:00,23.9,74,19.0,24.2,0.2,0.2,0.0,0.0,0.0,51,1020.3,1019.0,100,1,1,100,21.1,15,47.5,0.0,0.0,0.0,0.0,0.0,0.07,0.77,26.3,0.114,Genova,44.4056,8.9463
2026-06-23T04:00,24.9,69,18.8,24.8,0.0,0.0,0.0,0.0,0.0,3,1019.3,1018.0,100,0,0,100,22.9,18,49.7,0.0,0.0,0.0,0.0,0.0,0.09,0.99,25.8,0.114,Genova,44.4056,8.9463
2026-06-23T05:00,25.8,65,18.7,26.4,0.0,0.0,0.0,0.0,0.0,3,1018.9,1017.6,89,0,0,89,18.1,7,48.6,0.0,0.0,0.0,0.0,0.0,0.09,1.16,25.7,0.114,Genova,44.4056,8.9463
2026-06-23T06:00,25.6,62,17.9,26.0,0.0,0.0,0.0,0.0,0.0,3,1018.6,1017.3,91,0,0,91,16.4,9,38.5,2.0,0.0,2.0,0.0,0.0,0.09,1.23,25.5,0.114,Genova,44.4056,8.9463
2026-06-23T07:00,24.8,72,19.3,25.6,0.0,0.0,0.0,0.0,0.0,2,1019.4,1018.1,60,2,0,59,18.7,353,42.5,66.0,26.0,40.0,217.5,3600.0,0.1,0.88,25.5,0.114,Genova,44.4056,8.9463
2026-06-23T08:00,26.4,74,21.4,29.0,0.0,0.0,0.0,0.0,0.0,1,1019.4,1018.1,38,0,0,38,13.2,358,42.8,213.0,136.0,77.0,470.8,3600.0,0.17,0.89,26.0,0.107,Genova,44.4056,8.9463
2026-06-23T09:00,28.5,69,22.2,31.9,0.0,0.0,0.0,0.0,0.0,0,1019.2,1017.9,13,0,0,13,11.4,357,31.7,384.0,288.0,96.0,629.5,3600.0,0.29,1.22,27.0,0.107,Genova,44.4056,8.9463
2026-06-23T10:00,31.0,55,20.9,34.7,0.0,0.0,0.0,0.0,0.0,0,1019.2,1017.9,2,0,0,2,4.6,9,26.6,555.0,448.0,107.0,729.8,3600.0,0.42,2.02,28.5,0.107,Genova,44.4056,8.9463
2026-06-23T11:00,32.4,46,19.3,36.0,0.0,0.0,0.0,0.0,0.0,2,1019.2,1017.9,57,0,4,56,5.5,136,19.4,694.0,576.0,118.0,770.6,3600.0,0.54,2.61,30.1,0.107,Genova,44.4056,8.9463
2026-06-23T12:00,32.2,44,18.5,35.0,0.0,0.0,0.0,0.0,0.0,0,1019.4,1018.1,13,0,2,13,8.7,158,26.6,699.0,505.0,194.0,594.8,3600.0,0.57,2.68,31.3,0.107,Genova,44.4056,8.9463
2026-06-23T13:00,32.5,42,18.1,35.9,0.0,0.0,0.0,0.0,0.0,1,1019.2,1017.9,32,0,4,30,7.9,168,27.4,820.0,632.0,188.0,693.2,3600.0,0.65,2.82,32.4,0.106,Genova,44.4056,8.9463
2026-06-23T14:00,33.6,39,17.7,37.3,0.0,0.0,0.0,0.0,0.0,2,1018.4,1017.2,54,0,5,52,6.9,200,25.9,862.0,702.0,160.0,753.8,3600.0,0.69,3.18,32.8,0.131,Genova,44.4056,8.9463
2026-06-23T15:00,32.9,42,18.2,36.6,0.0,0.0,0.0,0.0,0.0,3,1018.0,1016.8,89,0,5,88,6.9,173,23.8,828.0,618.0,210.0,681.8,3600.0,0.65,2.92,33.2,0.13,Genova,44.4056,8.9463
2026-06-23T16:00,32.3,43,18.3,35.0,0.0,0.0,0.0,0.0,0.0,2,1017.5,1016.2,64,0,2,63,5.5,193,22.3,633.0,358.0,275.0,426.9,3600.0,0.51,2.73,33.1,0.128,Genova,44.4056,8.9463
2026-06-23T17:00,32.1,43,17.9,35.0,0.0,0.0,0.0,0.0,0.0,1,1017.3,1016.0,40,0,2,38,4.4,201,18.4,649.0,488.0,161.0,665.9,3600.0,0.5,2.73,33.1,0.127,Genova,44.4056,8.9463
2026-06-23T18:00,31.7,42,17.4,34.1,0.0,0.0,0.0,0.0,0.0,1,1017.2,1015.9,31,0,4,28,1.3,180,16.9,511.0,378.0,133.0,634.3,3600.0,0.37,2.68,32.8,0.126,Genova,44.4056,8.9463
2026-06-23T19:00,30.7,50,18.9,33.8,0.0,0.0,0.0,0.0,0.0,2,1017.0,1015.7,63,0,2,63,1.1,72,10.1,331.0,218.0,113.0,498.3,3600.0,0.23,2.22,32.1,0.125,Genova,44.4056,8.9463
2026-06-23T20:00,29.5,69,23.1,34.6,0.0,0.0,0.0,0.0,0.0,3,1016.1,1014.8,84,0,4,84,2.4,63,9.4,162.0,78.0,84.0,290.9,3600.0,0.12,1.29,31.4,0.127,Genova,44.4056,8.9463
2026-06-23T21:00,28.0,68,21.4,32.1,0.0,0.0,0.0,0.0,0.0,3,1016.2,1014.9,88,0,7,87,3.1,45,8.3,42.0,9.0,33.0,84.7,914.41,0.04,1.22,30.1,0.127,Genova,44.4056,8.9463
2026-06-23T22:00,27.1,62,19.1,29.9,0.0,0.0,0.0,0.0,0.0,2,1016.6,1015.3,67,0,2,66,4.1,41,11.2,0.0,0.0,0.0,0.0,0.0,0.04,1.37,29.0,0.127,Genova,44.4056,8.9463
2026-06-23T23:00,26.5,54,16.6,28.2,0.0,0.0,0.0,0.0,0.0,1,1016.7,1015.4,25,0,0,25,4.4,35,12.6,0.0,0.0,0.0,0.0,0.0,0.02,1.58,28.0,0.127,Genova,44.4056,8.9463
2026-06-24T00:00,25.6,54,15.7,26.8,0.0,0.0,0.0,0.0,0.0,3,1016.5,1015.2,87,0,0,87,5.1,27,15.1,0.0,0.0,0.0,0.0,0.0,0.03,1.51,27.3,0.127,Genova,44.4056,8.9463
2026-06-24T01:00,25.4,53,15.1,26.4,0.0,0.0,0.0,0.0,0.0,1,1016.7,1015.4,36,0,0,36,5.1,27,16.2,0.0,0.0,0.0,0.0,0.0,0.03,1.53,26.6,0.127,Genova,44.4056,8.9463
2026-06-24T02:00,25.3,52,14.7,26.5,0.0,0.0,0.0,0.0,0.0,0,1016.3,1015.0,3,0,0,3,2.7,28,15.5,0.0,0.0,0.0,0.0,0.0,0.01,1.56,26.5,0.118,Genova,44.4056,8.9463
2026-06-24T03:00,26.4,46,14.0,27.0,0.0,0.0,0.0,0.0,0.0,1,1016.4,1015.1,44,0,13,34,4.2,20,13.0,0.0,0.0,0.0,0.0,0.0,0.03,1.84,26.1,0.118,Genova,44.4056,8.9463
2026-06-24T04:00,26.3,45,13.5,26.8,0.0,0.0,0.0,0.0,0.0,1,1016.1,1014.8,27,0,5,24,4.4,30,13.0,0.0,0.0,0.0,0.0,0.0,0.03,1.88,25.8,0.118,Genova,44.4056,8.9463
2026-06-24T05:00,26.1,45,13.3,26.6,0.0,0.0,0.0,0.0,0.0,0,1016.2,1014.9,1,0,1,0,3.5,28,13.0,0.0,0.0,0.0,0.0,0.0,0.02,1.85,25.6,0.118,Genova,44.4056,8.9463
2026-06-24T06:00,25.8,46,13.4,26.1,0.0,0.0,0.0,0.0,0.0,0,1016.3,1015.0,0,0,0,0,5.1,23,14.0,2.0,0.0,2.0,0.0,0.0,0.04,1.78,25.4,0.118,Genova,44.4056,8.9463
2026-06-24T07:00,25.1,58,16.2,25.9,0.0,0.0,0.0,0.0,0.0,2,1016.4,1015.1,77,0,5,76,8.9,19,18.4,66.0,31.0,35.0,261.1,3600.0,0.09,1.34,25.3,0.118,Genova,44.4056,8.9463
2026-06-24T08:00,27.4,73,22.2,31.2,0.3,0.3,0.0,0.0,0.0,51,1016.5,1015.2,60,0,31,42,7.8,64,48.2,135.0,66.0,69.0,229.1,3600.0,0.12,0.97,26.0,0.129,Genova,44.4056,8.9463
2026-06-24T09:00,23.0,86,20.5,24.5,1.6,1.6,0.0,0.0,0.0,61,1020.0,1018.7,91,4,9,91,17.6,28,42.5,279.0,146.0,133.0,319.7,3600.0,0.17,0.39,26.0,0.142,Genova,44.4056,8.9463
2026-06-24T10:00,23.7,91,22.1,27.3,0.3,0.3,0.0,0.0,0.0,51,1018.0,1016.7,21,0,0,21,9.2,349,34.9,128.0,30.0,98.0,48.9,0.0,0.1,0.26,25.4,0.145,Genova,44.4056,8.9463
2026-06-24T11:00,29.5,59,20.7,34.3,0.0,0.0,0.0,0.0,0.0,0,1017.9,1016.6,0,0,0,0,2.4,103,20.5,699.0,544.0,155.0,728.4,3600.0,0.51,1.67,27.2,0.144,Genova,44.4056,8.9463
2026-06-24T12:00,29.4,60,20.8,34.7,0.0,0.0,0.0,0.0,0.0,2,1018.5,1017.2,58,0,0,57,4.6,193,19.8,825.0,699.0,126.0,823.7,3600.0,0.6,1.64,28.7,0.143,Genova,44.4056,8.9463
2026-06-24T13:00,30.7,55,20.8,36.5,0.0,0.0,0.0,0.0,0.0,2,1017.8,1016.5,66,0,2,66,2.5,201,18.0,830.0,652.0,178.0,715.3,3600.0,0.62,1.97,30.0,0.141,Genova,44.4056,8.9463
2026-06-24T14:00,27.8,79,23.9,33.4,0.1,0.1,0.0,0.0,0.0,51,1017.9,1016.6,97,0,2,97,9.2,31,34.9,720.0,422.0,298.0,453.2,3600.0,0.5,0.77,30.2,0.119,Genova,44.4056,8.9463
2026-06-24T15:00,30.3,63,22.5,34.7,0.6,0.6,0.0,0.0,0.0,53,1017.6,1016.3,91,0,0,91,5.1,324,20.9,502.0,199.0,303.0,219.5,3600.0,0.4,1.59,30.6,0.124,Genova,44.4056,8.9463
2026-06-24T16:00,29.4,65,22.2,32.3,0.2,0.2,0.0,0.0,0.0,51,1017.7,1016.4,91,2,3,91,14.6,16,34.6,473.0,149.0,324.0,177.6,3528.54,0.38,1.42,30.4,0.125,Genova,44.4056,8.9463
2026-06-24T17:00,29.7,66,22.6,33.4,0.1,0.1,0.0,0.0,0.0,51,1017.3,1016.0,93,0,0,93,10.5,13,34.2,377.0,122.0,255.0,166.4,3192.45,0.31,1.43,30.2,0.125,Genova,44.4056,8.9463
2026-06-24T18:00,30.4,58,21.3,33.8,0.0,0.0,0.0,0.0,0.0,3,1017.0,1015.7,80,0,0,80,7.7,25,25.9,390.0,147.0,243.0,246.5,3600.0,0.32,1.81,30.2,0.124,Genova,44.4056,8.9463
2026-06-24T19:00,30.0,65,22.6,34.7,0.0,0.0,0.0,0.0,0.0,1,1017.0,1015.7,38,0,0,38,3.5,332,19.4,295.0,149.0,146.0,340.3,3600.0,0.22,1.5,30.1,0.124,Genova,44.4056,8.9463
2026-06-24T20:00,29.2,77,24.7,35.4,0.0,0.0,0.0,0.0,0.0,3,1016.2,1014.9,96,0,2,96,2.3,360,10.1,181.0,94.0,87.0,350.1,3600.0,0.13,0.95,29.7,0.109,Genova,44.4056,8.9463
2026-06-24T21:00,27.5,82,24.3,32.9,0.0,0.0,0.0,0.0,0.0,1,1016.2,1014.9,41,0,2,39,6.2,36,11.9,41.0,7.0,34.0,65.8,303.48,0.04,0.64,28.9,0.109,Genova,44.4056,8.9463
2026-06-24T22:00,26.0,86,23.5,30.7,0.0,0.0,0.0,0.0,0.0,0,1016.5,1015.2,14,0,2,13,7.2,28,16.6,0.0,0.0,0.0,0.0,0.0,0.03,0.48,28.1,0.109,Genova,44.4056,8.9463
2026-06-24T23:00,24.5,88,22.4,28.9,0.0,0.0,0.0,0.0,0.0,2,1016.8,1015.5,75,0,1,74,5.3,24,16.9,0.0,0.0,0.0,0.0,0.0,0.0,0.37,27.3,0.109,Genova,44.4056,8.9463
2026-06-25T00:00,24.2,84,21.3,28.1,0.0,0.0,0.0,0.0,0.0,3,1017.3,1016.0,93,0,0,93,4.0,30,15.8,0.0,0.0,0.0,0.0,0.0,0.0,0.48,26.5,0.109,Genova,44.4056,8.9463
2026-06-25T01:00,25.0,76,20.4,28.7,0.0,0.0,0.0,0.0,0.0,2,1017.6,1016.3,59,0,0,59,3.0,33,14.0,0.0,0.0,0.0,0.0,0.0,0.0,0.77,26.1,0.109,Genova,44.4056,8.9463
2026-06-25T02:00,23.0,83,20.0,25.5,0.0,0.0,0.0,0.0,0.0,0,1016.6,1015.3,1,0,0,1,9.5,21,11.2,0.0,0.0,0.0,0.0,0.0,0.01,0.48,25.6,0.107,Genova,44.4056,8.9463
2026-06-25T03:00,23.7,81,20.3,25.9,0.0,0.0,0.0,0.0,0.0,0,1016.6,1015.3,0,0,0,0,12.3,11,25.2,0.0,0.0,0.0,0.0,0.0,0.02,0.56,25.2,0.107,Genova,44.4056,8.9463
2026-06-25T04:00,24.1,80,20.5,26.1,0.0,0.0,0.0,0.0,0.0,0,1016.5,1015.2,16,0,2,15,14.2,13,28.4,0.0,0.0,0.0,0.0,0.0,0.03,0.6,25.0,0.107,Genova,44.4056,8.9463
2026-06-25T05:00,24.2,80,20.5,26.2,0.0,0.0,0.0,0.0,0.0,2,1016.4,1015.1,79,0,0,79,14.4,8,29.2,0.0,0.0,0.0,0.0,0.0,0.03,0.61,24.8,0.107,Genova,44.4056,8.9463
2026-06-25T06:00,24.0,81,20.5,26.0,0.0,0.0,0.0,0.0,0.0,2,1016.6,1015.3,53,0,1,53,14.4,9,29.2,2.0,0.0,2.0,0.0,0.0,0.03,0.57,24.7,0.107,Genova,44.4056,8.9463
2026-06-25T07:00,25.1,79,21.2,27.5,0.0,0.0,0.0,0.0,0.0,1,1016.9,1015.6,27,0,1,26,14.1,4,29.2,62.0,20.0,42.0,169.7,3292.0,0.07,0.66,24.8,0.107,Genova,44.4056,8.9463
2026-06-25T08:00,26.8,76,22.2,30.1,0.0,0.0,0.0,0.0,0.0,0,1016.9,1015.6,2,0,2,0,12.1,360,28.4,208.0,133.0,75.0,463.2,3600.0,0.16,0.86,25.5,0.109,Genova,44.4056,8.9463
2026-06-25T09:00,29.5,67,22.8,33.6,0.0,0.0,0.0,0.0,0.0,0,1017.1,1015.8,2,0,2,0,9.0,355,27.4,384.0,293.0,91.0,642.7,3600.0,0.29,1.35,26.7,0.109,Genova,44.4056,8.9463
2026-06-25T10:00,31.4,59,22.3,36.3,0.0,0.0,0.0,0.0,0.0,0,1017.3,1016.0,3,0,3,0,1.0,239,22.3,552.0,446.0,106.0,728.2,3600.0,0.4,1.89,28.4,0.108,Genova,44.4056,8.9463
2026-06-25T11:00,31.7,57,22.2,37.0,0.0,0.0,0.0,0.0,0.0,2,1017.6,1016.3,56,0,9,53,5.1,162,19.8,700.0,583.0,117.0,781.3,3600.0,0.53,2.0,30.1,0.108,Genova,44.4056,8.9463
2026-06-25T12:00,31.6,60,23.0,37.4,0.0,0.0,0.0,0.0,0.0,1,1017.9,1016.6,45,0,3,44,6.6,167,23.0,760.0,600.0,160.0,707.4,3600.0,0.58,1.84,31.4,0.108,Genova,44.4056,8.9463
2026-06-25T13:00,31.7,60,23.1,37.7,0.0,0.0,0.0,0.0,0.0,3,1018.0,1016.7,87,0,2,87,6.1,148,24.1,783.0,571.0,212.0,626.7,3600.0,0.6,1.85,32.3,0.107,Genova,44.4056,8.9463
2026-06-25T14:00,33.6,49,21.3,37.9,0.0,0.0,0.0,0.0,0.0,2,1017.6,1016.4,66,1,6,64,3.4,148,22.0,595.0,235.0,360.0,252.4,3600.0,0.48,2.68,32.9,0.107,Genova,44.4056,8.9463
2026-06-25T15:00,32.4,55,22.3,37.6,0.1,0.1,0.0,0.0,0.0,51,1017.2,1015.9,46,0,2,45,4.8,167,19.4,674.0,362.0,312.0,399.4,3600.0,0.53,2.18,33.4,0.108,Genova,44.4056,8.9463
2026-06-25T16:00,32.4,53,21.7,37.3,0.0,0.0,0.0,0.0,0.0,1,1017.5,1016.2,33,0,4,31,2.7,110,19.4,642.0,428.0,214.0,510.1,3600.0,0.5,2.26,33.7,0.107,Genova,44.4056,8.9463
2026-06-25T17:00,32.2,56,22.2,36.8,0.0,0.0,0.0,0.0,0.0,3,1017.1,1015.8,85,0,2,85,5.1,172,20.5,594.0,398.0,196.0,542.7,3600.0,0.47,2.13,33.9,0.107,Genova,44.4056,8.9463
2026-06-25T18:00,31.7,58,22.4,36.5,0.0,0.0,0.0,0.0,0.0,3,1017.2,1015.9,95,0,3,95,2.1,218,18.7,356.0,152.0,204.0,254.8,3600.0,0.28,1.96,33.4,0.107,Genova,44.4056,8.9463
2026-06-25T19:00,30.5,67,23.6,35.6,0.0,0.0,0.0,0.0,0.0,1,1017.0,1015.7,38,0,0,38,4.5,223,14.8,192.0,33.0,159.0,75.3,459.11,0.17,1.45,32.6,0.107,Genova,44.4056,8.9463
2026-06-25T20:00,31.1,59,22.1,35.4,0.0,0.0,0.0,0.0,0.0,0,1016.4,1015.1,19,0,0,19,4.3,178,14.0,184.0,109.0,75.0,405.4,3600.0,0.15,1.86,31.7,0.107,Genova,44.4056,8.9463
2026-06-25T21:00,28.7,70,22.7,33.6,0.0,0.0,0.0,0.0,0.0,0,1016.4,1015.1,3,0,0,3,3.0,147,11.5,55.0,25.0,30.0,234.5,3600.0,0.04,1.18,30.5,0.107,Genova,44.4056,8.9463
2026-06-25T22:00,27.7,73,22.4,32.6,0.0,0.0,0.0,0.0,0.0,0,1017.1,1015.8,0,0,0,0,1.5,76,7.2,0.0,0.0,0.0,0.0,0.0,0.02,1.01,29.1,0.107,Genova,44.4056,8.9463
2026-06-25T23:00,26.6,75,21.7,30.7,0.0,0.0,0.0,0.0,0.0,0,1017.7,1016.4,6,0,2,5,4.7,28,11.2,0.0,0.0,0.0,0.0,0.0,0.01,0.89,28.1,0.107,Genova,44.4056,8.9463
2026-06-26T00:00,27.0,59,18.2,27.7,0.0,0.0,0.0,0.0,0.0,2,1018.5,1017.2,63,0,18,55,16.3,33,35.6,0.0,0.0,0.0,0.0,0.0,0.1,1.48,27.5,0.107,Genova,44.4056,8.9463
2026-06-26T01:00,25.1,65,18.0,26.1,0.0,0.0,0.0,0.0,0.0,0,1017.5,1016.2,2,0,0,2,13.1,19,34.6,0.0,0.0,0.0,0.0,0.0,0.06,1.13,27.0,0.107,Genova,44.4056,8.9463
2026-06-26T02:00,26.1,55,16.3,27.6,0.0,0.0,0.0,0.0,0.0,0,1017.3,1016.0,2,0,2,0,4.9,24,28.8,0.0,0.0,0.0,0.0,0.0,0.03,1.53,26.5,0.107,Genova,44.4056,8.9463
2026-06-26T03:00,25.2,59,16.6,25.9,0.0,0.0,0.0,0.0,0.0,2,1017.6,1016.3,56,0,5,53,11.3,20,23.0,0.0,0.0,0.0,0.0,0.0,0.07,1.32,26.1,0.107,Genova,44.4056,8.9463
2026-06-26T04:00,24.7,62,16.9,25.4,0.0,0.0,0.0,0.0,0.0,0,1017.3,1016.0,14,0,0,14,11.9,15,25.2,0.0,0.0,0.0,0.0,0.0,0.06,1.19,25.8,0.107,Genova,44.4056,8.9463
2026-06-26T05:00,24.4,64,17.2,24.8,0.0,0.0,0.0,0.0,0.0,0,1017.4,1016.1,0,0,0,0,14.6,14,31.0,0.0,0.0,0.0,0.0,0.0,0.07,1.09,25.5,0.107,Genova,44.4056,8.9463
2026-06-26T06:00,23.9,66,17.2,24.1,0.0,0.0,0.0,0.0,0.0,0,1017.6,1016.3,0,0,0,0,16.1,6,31.7,1.0,0.0,1.0,0.0,0.0,0.09,1.01,25.3,0.107,Genova,44.4056,8.9463
2026-06-26T07:00,24.7,68,18.4,25.5,0.0,0.0,0.0,0.0,0.0,0,1018.0,1016.7,0,0,0,0,15.7,3,32.8,68.0,33.0,35.0,282.4,3600.0,0.1,1.0,25.2,0.107,Genova,44.4056,8.9463
2026-06-26T08:00,27.0,67,20.5,29.7,0.0,0.0,0.0,0.0,0.0,1,1018.4,1017.1,20,0,0,20,9.4,7,31.3,213.0,143.0,70.0,499.6,3600.0,0.17,1.16,26.6,0.101,Genova,44.4056,8.9463
2026-06-26T09:00,29.3,63,21.7,33.4,0.0,0.0,0.0,0.0,0.0,0,1018.7,1017.4,0,0,0,0,4.6,18,22.0,382.0,290.0,92.0,637.4,3600.0,0.28,1.49,27.8,0.101,Genova,44.4056,8.9463
2026-06-26T10:00,31.1,56,21.3,35.1,0.0,0.0,0.0,0.0,0.0,0,1018.8,1017.5,0,0,0,0,3.7,157,16.2,551.0,446.0,105.0,729.2,3600.0,0.41,1.97,29.4,0.101,Genova,44.4056,8.9463
2026-06-26T11:00,31.6,52,20.5,35.4,0.0,0.0,0.0,0.0,0.0,0,1019.1,1017.8,6,5,3,0,8.0,164,25.6,701.0,586.0,115.0,786.0,3600.0,0.54,2.23,30.9,0.101,Genova,44.4056,8.9463
2026-06-26T12:00,32.0,47,19.4,35.9,0.0,0.0,0.0,0.0,0.0,1,1019.4,1018.1,20,1,8,13,7.6,166,26.3,805.0,675.0,130.0,796.3,3600.0,0.62,2.5,32.3,0.101,Genova,44.4056,8.9463
2026-06-26T13:00,32.1,45,18.7,35.7,0.0,0.0,0.0,0.0,0.0,1,1019.4,1018.1,34,1,19,19,6.9,166,25.6,771.0,589.0,182.0,646.7,3600.0,0.61,2.63,33.2,0.101,Genova,44.4056,8.9463
2026-06-26T14:00,33.7,45,20.0,38.2,0.0,0.0,0.0,0.0,0.0,1,1019.0,1017.8,26,0,5,23,7.2,176,25.2,825.0,657.0,168.0,705.8,3600.0,0.66,2.9,33.6,0.113,Genova,44.4056,8.9463
2026-06-26T15:00,32.8,48,20.4,37.0,0.0,0.0,0.0,0.0,0.0,2,1018.6,1017.3,63,0,2,63,7.3,173,24.5,749.0,566.0,183.0,624.4,3600.0,0.6,2.57,34.0,0.112,Genova,44.4056,8.9463
2026-06-26T16:00,32.8,45,19.4,36.6,0.0,0.0,0.0,0.0,0.0,2,1019.0,1017.7,52,0,2,50,7.6,172,24.8,768.0,599.0,169.0,713.8,3600.0,0.61,2.73,34.3,0.111,Genova,44.4056,8.9463
2026-06-26T17:00,32.5,43,18.4,35.2,0.0,0.0,0.0,0.0,0.0,1,1018.6,1017.3,38,0,2,37,6.2,168,24.1,625.0,472.0,153.0,643.4,3600.0,0.5,2.78,34.2,0.11,Genova,44.4056,8.9463
2026-06-26T18:00,32.1,44,18.3,34.3,0.0,0.0,0.0,0.0,0.0,1,1018.3,1017.0,39,0,4,37,5.3,192,20.9,538.0,430.0,108.0,720.4,3600.0,0.42,2.67,34.0,0.11,Genova,44.4056,8.9463
2026-06-26T19:00,31.4,45,18.0,34.2,0.0,0.0,0.0,0.0,0.0,0,1018.5,1017.2,14,0,2,13,1.0,225,18.4,360.0,260.0,100.0,592.9,3600.0,0.25,2.53,33.3,0.109,Genova,44.4056,8.9463
2026-06-26T20:00,30.0,65,22.7,34.9,0.0,0.0,0.0,0.0,0.0,0,1018.0,1016.7,10,0,2,8,3.0,76,10.1,194.0,126.0,68.0,468.2,3600.0,0.14,1.49,32.4,0.116,Genova,44.4056,8.9463
2026-06-26T21:00,28.4,72,22.8,33.4,0.0,0.0,0.0,0.0,0.0,1,1018.0,1016.7,21,0,5,16,2.3,45,7.6,53.0,24.0,29.0,224.9,3600.0,0.04,1.1,31.1,0.116,Genova,44.4056,8.9463
2026-06-26T22:00,27.3,69,21.1,31.3,0.0,0.0,0.0,0.0,0.0,1,1018.5,1017.2,34,0,7,29,2.7,37,7.6,0.0,0.0,0.0,0.0,0.0,0.03,1.13,29.7,0.116,Genova,44.4056,8.9463
2026-06-26T23:00,26.5,65,19.3,29.3,0.0,0.0,0.0,0.0,0.0,0,1019.0,1017.7,12,0,4,8,4.6,26,13.0,0.0,0.0,0.0,0.0,0.0,0.02,1.21,28.7,0.116,Genova,44.4056,8.9463
2026-06-27T00:00,25.9,61,17.7,27.9,0.0,0.0,0.0,0.0,0.0,2,1019.1,1017.8,63,0,3,62,5.4,26,15.5,0.0,0.0,0.0,0.0,0.0,0.02,1.32,27.9,0.116,Genova,44.4056,8.9463
2026-06-27T01:00,25.1,65,18.0,27.0,0.0,0.0,0.0,0.0,0.0,0,1019.2,1017.9,13,0,2,11,7.2,22,18.4,0.0,0.0,0.0,0.0,0.0,0.03,1.12,27.2,0.116,Genova,44.4056,8.9463
2026-06-27T02:00,24.8,60,16.6,26.4,0.0,0.0,0.0,0.0,0.0,3,1019.0,1017.7,95,0,0,95,5.1,27,19.1,0.0,0.0,0.0,0.0,0.0,0.02,1.24,27.4,0.107,Genova,44.4056,8.9463
2026-06-27T03:00,24.3,65,17.2,25.6,0.0,0.0,0.0,0.0,0.0,3,1018.9,1017.6,98,0,0,98,8.5,17,21.2,0.0,0.0,0.0,0.0,0.0,0.04,1.07,26.8,0.107,Genova,44.4056,8.9463
2026-06-27T04:00,24.8,63,17.3,25.4,0.0,0.0,0.0,0.0,0.0,3,1018.8,1017.5,96,0,0,96,13.3,13,27.0,0.0,0.0,0.0,0.0,0.0,0.07,1.15,26.3,0.107,Genova,44.4056,8.9463
2026-06-27T05:00,25.1,63,17.7,25.5,0.0,0.0,0.0,0.0,0.0,3,1018.6,1017.3,100,0,0,100,16.2,10,32.0,0.0,0.0,0.0,0.0,0.0,0.08,1.17,26.1,0.107,Genova,44.4056,8.9463
2026-06-27T06:00,25.3,64,17.9,25.7,0.0,0.0,0.0,0.0,0.0,3,1018.9,1017.6,98,0,0,98,17.4,10,34.9,1.0,0.0,1.0,0.0,0.0,0.1,1.17,25.9,0.107,Genova,44.4056,8.9463
2026-06-27T07:00,26.0,64,18.6,26.5,0.0,0.0,0.0,0.0,0.0,3,1019.4,1018.1,98,0,0,98,18.9,2,38.5,53.0,9.0,44.0,77.7,530.63,0.13,1.22,26.0,0.107,Genova,44.4056,8.9463
2026-06-27T08:00,27.7,66,20.7,30.0,0.0,0.0,0.0,0.0,0.0,1,1019.7,1018.4,26,0,5,22,13.4,5,39.2,179.0,73.0,106.0,255.9,3600.0,0.17,1.27,26.5,0.113,Genova,44.4056,8.9463
2026-06-27T09:00,30.4,61,22.0,34.7,0.0,0.0,0.0,0.0,0.0,0,1020.1,1018.8,3,0,0,2,4.6,9,27.7,380.0,285.0,95.0,627.7,3600.0,0.28,1.7,27.7,0.112,Genova,44.4056,8.9463
2026-06-27T10:00,31.5,56,21.7,35.6,0.0,0.0,0.0,0.0,0.0,0,1020.4,1019.1,1,0,1,1,4.8,167,17.6,549.0,444.0,105.0,726.9,3600.0,0.42,2.03,29.3,0.112,Genova,44.4056,8.9463
2026-06-27T11:00,32.0,52,21.0,36.0,0.0,0.0,0.0,0.0,0.0,0,1020.7,1019.4,6,0,5,1,8.1,168,24.8,698.0,582.0,116.0,781.3,3600.0,0.54,2.26,30.7,0.111,Genova,44.4056,8.9463
2026-06-27T12:00,32.2,48,20.0,36.3,0.0,0.0,0.0,0.0,0.0,1,1020.9,1019.6,30,0,6,26,8.6,172,26.6,795.0,660.0,135.0,779.2,3600.0,0.62,2.48,31.9,0.11,Genova,44.4056,8.9463
2026-06-27T13:00,32.4,46,19.4,36.4,0.0,0.0,0.0,0.0,0.0,1,1021.0,1019.7,47,2,13,39,7.8,173,26.6,813.0,618.0,195.0,678.8,3600.0,0.64,2.61,32.9,0.11,Genova,44.4056,8.9463
2026-06-27T14:00,34.1,39,18.2,37.6,0.0,0.0,0.0,0.0,0.0,2,1020.5,1019.3,52,1,4,51,6.9,171,25.2,812.0,580.0,232.0,623.2,3600.0,0.66,3.25,33.6,0.117,Genova,44.4056,8.9463
2026-06-27T15:00,33.1,41,18.1,36.0,0.0,0.0,0.0,0.0,0.0,3,1020.1,1018.8,91,0,4,91,7.2,184,24.5,714.0,473.0,241.0,521.9,3600.0,0.58,2.98,33.9,0.116,Genova,44.4056,8.9463
2026-06-27T16:00,32.9,43,18.6,35.8,0.0,0.0,0.0,0.0,0.0,3,1020.0,1018.7,80,0,2,80,6.7,178,24.1,665.0,418.0,247.0,498.1,3600.0,0.54,2.85,34.0,0.115,Genova,44.4056,8.9463
2026-06-27T17:00,32.5,45,19.1,35.3,0.0,0.0,0.0,0.0,0.0,3,1019.7,1018.4,97,0,1,97,6.7,185,22.3,602.0,396.0,206.0,539.7,3600.0,0.49,2.68,34.0,0.114,Genova,44.4056,8.9463
2026-06-27T18:00,32.2,46,19.0,34.8,0.0,0.0,0.0,0.0,0.0,3,1019.5,1018.2,95,0,2,95,5.0,180,21.2,492.0,322.0,170.0,539.3,3600.0,0.39,2.62,33.7,0.114,Genova,44.4056,8.9463
2026-06-27T19:00,31.5,49,19.5,34.7,0.0,0.0,0.0,0.0,0.0,3,1019.4,1018.1,88,0,2,88,2.7,180,16.9,326.0,197.0,129.0,449.1,3600.0,0.24,2.34,33.1,0.113,Genova,44.4056,8.9463
2026-06-27T20:00,30.6,64,23.0,35.5,0.0,0.0,0.0,0.0,0.0,3,1019.1,1017.8,92,0,3,92,4.1,131,10.4,169.0,76.0,93.0,282.3,3600.0,0.14,1.59,32.2,0.116,Genova,44.4056,8.9463
2026-06-27T21:00,29.4,69,23.2,34.8,0.0,0.0,0.0,0.0,0.0,2,1019.2,1017.9,73,0,2,73,0.9,143,9.0,50.0,15.0,35.0,140.5,2684.49,0.03,1.25,31.1,0.116,Genova,44.4056,8.9463
2026-06-27T22:00,28.1,70,22.0,32.7,0.0,0.0,0.0,0.0,0.0,3,1019.6,1018.3,80,0,1,80,2.7,48,5.8,0.0,0.0,0.0,0.0,0.0,0.03,1.16,29.8,0.116,Genova,44.4056,8.9463
2026-06-27T23:00,27.3,66,20.5,31.1,0.0,0.0,0.0,0.0,0.0,0,1020.0,1018.7,19,0,1,18,2.5,30,7.9,0.0,0.0,0.0,0.0,0.0,0.0,1.22,28.7,0.116,Genova,44.4056,8.9463
2026-06-28T00:00,26.7,59,18.1,28.9,0.0,0.0,0.0,0.0,0.0,1,1020.0,1018.7,30,0,0,30,5.2,25,13.0,0.0,0.0,0.0,0.0,0.0,0.02,1.43,27.9,0.116,Genova,44.4056,8.9463
2026-06-28T01:00,26.3,56,16.9,27.9,0.0,0.0,0.0,0.0,0.0,0,1019.9,1018.6,12,0,0,11,5.4,26,15.1,0.0,0.0,0.0,0.0,0.0,0.03,1.49,27.4,0.115,Genova,44.4056,8.9463
2026-06-28T02:00,26.3,52,15.8,27.6,0.0,0.0,0.0,0.0,0.0,0,1019.4,1018.1,1,0,0,1,5.1,32,15.5,0.0,0.0,0.0,0.0,0.0,0.03,1.63,27.5,0.107,Genova,44.4056,8.9463
2026-06-28T03:00,26.1,52,15.5,27.1,0.0,0.0,0.0,0.0,0.0,0,1019.0,1017.7,13,0,0,13,5.4,26,15.8,0.0,0.0,0.0,0.0,0.0,0.03,1.61,27.1,0.107,Genova,44.4056,8.9463
2026-06-28T04:00,26.0,52,15.3,27.3,0.0,0.0,0.0,0.0,0.0,0,1018.8,1017.5,12,0,0,12,3.5,24,15.8,0.0,0.0,0.0,0.0,0.0,0.02,1.63,26.7,0.107,Genova,44.4056,8.9463
2026-06-28T05:00,26.0,51,15.0,26.9,0.0,0.0,0.0,0.0,0.0,1,1018.9,1017.6,28,0,16,14,4.8,22,14.4,0.0,0.0,0.0,0.0,0.0,0.03,1.65,26.4,0.107,Genova,44.4056,8.9463
2026-06-28T06:00,25.1,54,15.1,26.3,0.0,0.0,0.0,0.0,0.0,0,1019.0,1017.7,3,0,0,3,3.3,22,16.2,1.0,0.0,1.0,0.0,0.0,0.03,1.47,26.1,0.107,Genova,44.4056,8.9463
2026-06-28T07:00,26.2,58,17.2,28.2,0.0,0.0,0.0,0.0,0.0,0,1019.4,1018.1,10,0,4,6,3.6,33,12.2,67.0,33.0,34.0,287.6,3600.0,0.05,1.44,26.1,0.107,Genova,44.4056,8.9463
2026-06-28T08:00,28.5,64,20.9,32.7,0.0,0.0,0.0,0.0,0.0,1,1019.7,1018.4,39,0,0,39,0.6,34,11.2,211.0,141.0,70.0,496.2,3600.0,0.13,1.41,26.7,0.107,Genova,44.4056,8.9463
2026-06-28T09:00,30.3,50,18.8,33.3,0.0,0.0,0.0,0.0,0.0,0,1019.9,1018.6,18,0,0,18,1.4,130,10.4,381.0,287.0,94.0,633.5,3600.0,0.26,2.14,28.0,0.107,Genova,44.4056,8.9463
2026-06-28T10:00,31.6,45,18.3,34.0,0.0,0.0,0.0,0.0,0.0,1,1020.1,1018.8,34,0,0,34,4.1,182,16.6,550.0,442.0,108.0,724.6,3600.0,0.42,2.55,29.6,0.107,Genova,44.4056,8.9463
2026-06-28T11:00,32.2,43,18.1,35.1,0.0,0.0,0.0,0.0,0.0,1,1020.1,1018.8,38,0,0,38,6.4,191,22.3,697.0,575.0,122.0,772.7,3600.0,0.54,2.73,31.0,0.106,Genova,44.4056,8.9463
2026-06-28T12:00,32.7,41,17.7,36.2,0.0,0.0,0.0,0.0,0.0,0,1020.1,1018.8,19,0,0,19,6.6,202,23.8,815.0,687.0,128.0,811.6,3600.0,0.64,2.92,32.4,0.106,Genova,44.4056,8.9463
2026-06-28T13:00,33.4,38,17.0,36.9,0.0,0.0,0.0,0.0,0.0,0,1019.8,1018.6,2,0,0,2,7.3,200,25.6,893.0,772.0,121.0,848.3,3600.0,0.71,3.19,33.6,0.105,Genova,44.4056,8.9463
2026-06-28T14:00,33.2,40,17.8,37.0,0.0,0.0,0.0,0.0,0.0,1,1019.4,1018.2,25,0,0,25,8.4,203,27.4,922.0,795.0,127.0,854.5,3600.0,0.73,3.05,34.6,0.105,Genova,44.4056,8.9463
2026-06-28T15:00,32.9,41,17.9,36.5,0.0,0.0,0.0,0.0,0.0,1,1019.3,1018.0,43,0,0,43,7.5,207,27.4,849.0,677.0,172.0,747.1,3600.0,0.67,2.96,35.1,0.105,Genova,44.4056,8.9463
2026-06-28T16:00,32.7,41,17.7,35.7,0.0,0.0,0.0,0.0,0.0,2,1018.8,1017.5,53,0,0,53,6.5,193,25.2,736.0,534.0,202.0,636.4,3600.0,0.58,2.92,35.3,0.104,Genova,44.4056,8.9463
2026-06-28T17:00,32.2,45,18.9,35.3,0.0,0.0,0.0,0.0,0.0,1,1018.8,1017.5,44,0,1,43,5.4,184,22.7,636.0,447.0,189.0,609.2,3600.0,0.5,2.63,35.2,0.104,Genova,44.4056,8.9463
2026-06-28T18:00,31.7,51,20.4,35.0,0.0,0.0,0.0,0.0,0.0,3,1018.9,1017.6,96,0,27,95,4.6,129,20.2,461.0,303.0,158.0,507.4,3600.0,0.36,2.27,34.8,0.104,Genova,44.4056,8.9463
2026-06-28T19:00,30.9,57,21.3,35.1,0.0,0.0,0.0,0.0,0.0,3,1018.5,1017.2,95,0,0,95,2.3,241,16.2,214.0,71.0,143.0,161.8,3054.51,0.17,1.92,33.8,0.104,Genova,44.4056,8.9463
2026-06-28T20:00,28.2,68,21.9,31.9,0.0,0.0,0.0,0.0,0.0,3,1019.0,1017.7,97,1,9,96,7.7,9,10.4,159.0,63.0,96.0,233.9,3600.0,0.14,1.21,32.4,0.112,Genova,44.4056,8.9463
2026-06-28T21:00,27.5,70,21.6,30.6,0.0,0.0,0.0,0.0,0.0,3,1017.7,1016.4,97,0,0,97,10.8,21,20.9,28.0,1.0,27.0,9.4,0.0,0.08,1.09,31.0,0.112,Genova,44.4056,8.9463
2026-06-28T22:00,27.1,64,19.7,28.7,0.0,0.0,0.0,0.0,0.0,3,1018.5,1017.2,97,0,0,97,14.5,17,30.6,0.0,0.0,0.0,0.0,0.0,0.1,1.3,29.7,0.112,Genova,44.4056,8.9463
2026-06-28T23:00,26.8,61,18.7,28.2,0.0,0.0,0.0,0.0,0.0,3,1018.5,1017.2,85,0,0,85,12.6,9,30.2,0.0,0.0,0.0,0.0,0.0,0.07,1.38,28.9,0.112,Genova,44.4056,8.9463
2026-06-29T00:00,26.2,62,18.2,27.5,0.0,0.0,0.0,0.0,0.0,3,1018.8,1017.5,98,0,0,98,11.5,22,25.6,0.0,0.0,0.0,0.0,0.0,0.06,1.3,28.1,0.112,Genova,44.4056,8.9463
2026-06-29T01:00,25.4,63,17.9,26.9,0.0,0.0,0.0,0.0,0.0,3,1018.7,1017.4,100,0,0,100,9.4,23,23.4,0.0,0.0,0.0,0.0,0.0,0.05,1.19,27.6,0.112,Genova,44.4056,8.9463
2026-06-29T02:00,25.6,73,20.5,27.9,0.0,0.0,0.0,0.0,0.0,3,1018.2,1016.9,80,0,0,80,12.9,20,21.2,0.0,0.0,0.0,0.0,0.0,0.04,0.87,27.8,0.101,Genova,44.4056,8.9463
2026-06-29T03:00,27.0,64,19.5,28.5,0.0,0.0,0.0,0.0,0.0,3,1018.4,1017.1,99,0,11,99,14.4,15,34.6,0.0,0.0,0.0,0.0,0.0,0.08,1.3,27.5,0.101,Genova,44.4056,8.9463
2026-06-29T04:00,26.2,64,18.9,27.9,0.0,0.0,0.0,0.0,0.0,3,1017.3,1016.0,97,0,2,97,10.8,11,30.2,0.0,0.0,0.0,0.0,0.0,0.06,1.23,27.3,0.101,Genova,44.4056,8.9463
2026-06-29T05:00,24.9,69,18.9,27.2,0.0,0.0,0.0,0.0,0.0,3,1017.0,1015.7,95,0,1,95,6.8,17,22.7,0.0,0.0,0.0,0.0,0.0,0.02,0.96,26.9,0.101,Genova,44.4056,8.9463
2026-06-29T06:00,24.9,66,18.2,26.3,0.0,0.0,0.0,0.0,0.0,3,1017.1,1015.8,95,0,0,95,11.3,18,23.0,1.0,0.0,1.0,0.0,0.0,0.06,1.07,26.5,0.101,Genova,44.4056,8.9463
2026-06-29T07:00,26.2,65,19.0,27.4,0.0,0.0,0.0,0.0,0.0,3,1017.2,1015.9,91,0,0,91,14.6,13,29.9,54.0,13.0,41.0,114.4,1632.7,0.11,1.2,26.5,0.101,Genova,44.4056,8.9463
2026-06-29T08:00,28.1,65,21.0,30.7,0.0,0.0,0.0,0.0,0.0,0,1017.6,1016.3,13,0,0,13,12.5,353,29.2,179.0,79.0,100.0,279.1,3600.0,0.17,1.32,26.9,0.104,Genova,44.4056,8.9463
2026-06-29T09:00,30.5,60,21.8,34.2,0.0,0.0,0.0,0.0,0.0,2,1017.8,1016.5,52,0,0,52,7.8,347,26.6,379.0,287.0,92.0,634.9,3600.0,0.3,1.76,28.1,0.104,Genova,44.4056,8.9463
2026-06-29T10:00,32.4,54,21.8,36.4,0.0,0.0,0.0,0.0,0.0,0,1017.6,1016.3,19,0,1,18,5.6,320,21.2,531.0,408.0,123.0,669.9,3600.0,0.42,2.26,29.7,0.104,Genova,44.4056,8.9463
2026-06-29T11:00,32.9,51,21.5,38.2,0.0,0.0,0.0,0.0,0.0,2,1017.9,1016.7,62,4,3,59,2.2,265,19.1,691.0,568.0,123.0,764.1,3600.0,0.53,2.44,31.4,0.104,Genova,44.4056,8.9463
2026-06-29T12:00,33.2,51,21.6,38.6,0.0,0.0,0.0,0.0,0.0,3,1017.9,1016.7,91,0,2,91,1.5,166,16.9,692.0,479.0,213.0,566.3,3600.0,0.53,2.52,32.7,0.103,Genova,44.4056,8.9463
2026-06-29T13:00,33.0,54,22.4,38.9,0.0,0.0,0.0,0.0,0.0,3,1018.0,1016.8,92,0,3,92,4.2,155,20.5,763.0,489.0,274.0,537.6,3600.0,0.6,2.33,33.9,0.103,Genova,44.4056,8.9463
2026-06-29T14:00,30.9,70,24.8,36.5,0.0,0.0,0.0,0.0,0.0,3,1018.1,1016.8,99,0,0,99,9.6,171,23.8,623.0,278.0,345.0,298.9,3600.0,0.48,1.33,34.6,0.102,Genova,44.4056,8.9463
2026-06-29T15:00,30.3,67,23.5,35.5,0.0,0.0,0.0,0.0,0.0,3,1018.3,1017.0,99,0,5,99,4.0,231,32.8,517.0,156.0,361.0,172.2,3365.47,0.4,1.43,34.3,0.102,Genova,44.4056,8.9463
2026-06-29T16:00,32.0,57,22.4,35.5,0.0,0.0,0.0,0.0,0.0,3,1018.2,1016.9,99,0,0,99,10.7,340,25.9,463.0,124.0,339.0,147.8,2633.59,0.4,2.04,34.1,0.102,Genova,44.4056,8.9463
2026-06-29T17:00,31.4,57,21.8,34.5,0.0,0.0,0.0,0.0,0.0,3,1017.8,1016.5,99,0,0,99,12.2,8,30.2,283.0,33.0,250.0,45.0,0.0,0.29,1.99,33.4,0.102,Genova,44.4056,8.9463
2026-06-29T18:00,31.3,57,21.7,35.0,0.0,0.0,0.0,0.0,0.0,3,1017.4,1016.1,98,0,11,98,7.0,3,27.7,256.0,35.0,221.0,58.6,0.0,0.24,1.98,33.0,0.102,Genova,44.4056,8.9463
2026-06-29T19:00,31.5,53,20.9,34.7,0.0,0.0,0.0,0.0,0.0,3,1017.3,1016.0,98,0,10,98,7.5,10,17.6,225.0,59.0,166.0,134.5,2234.01,0.22,2.16,32.6,0.103,Genova,44.4056,8.9463
2026-06-29T20:00,31.9,56,22.1,36.2,0.0,0.0,0.0,0.0,0.0,3,1016.6,1015.3,97,0,18,96,4.2,18,17.3,140.0,40.0,100.0,148.6,2656.86,0.13,2.06,31.3,0.103,Genova,44.4056,8.9463
2026-06-29T21:00,29.7,59,20.9,32.6,0.0,0.0,0.0,0.0,0.0,3,1016.8,1015.5,95,0,9,95,9.7,15,19.4,38.0,6.0,32.0,56.2,0.0,0.1,1.69,30.6,0.103,Genova,44.4056,8.9463
2026-06-29T22:00,28.7,60,20.2,31.3,0.0,0.0,0.0,0.0,0.0,3,1017.6,1016.3,98,0,2,98,9.2,20,21.6,0.0,0.0,0.0,0.0,0.0,0.08,1.57,29.9,0.103,Genova,44.4056,8.9463
2026-06-29T23:00,27.9,59,19.2,29.7,0.0,0.0,0.0,0.0,0.0,3,1018.1,1016.8,98,0,39,98,11.3,14,23.4,0.0,0.0,0.0,0.0,0.0,0.07,1.53,29.2,0.103,Genova,44.4056,8.9463
2026-06-30T00:00,28.0,56,18.3,29.0,0.0,0.0,0.0,0.0,0.0,3,1018.3,1017.0,99,0,36,98,14.1,16,30.2,0.0,0.0,0.0,0.0,0.0,0.1,1.67,28.8,0.103,Genova,44.4056,8.9463
2026-06-30T01:00,27.1,58,18.0,28.0,0.0,0.0,0.0,0.0,0.0,3,1018.3,1017.0,95,0,51,93,13.8,9,30.2,0.0,0.0,0.0,0.0,0.0,0.09,1.52,28.3,0.103,Genova,44.4056,8.9463
2026-06-30T02:00,26.4,62,18.6,27.9,0.0,0.0,0.0,0.0,0.0,3,1018.5,1017.2,100,0,95,99,11.5,14,32.4,0.0,0.0,0.0,0.0,0.0,0.06,1.3,28.2,0.099,Genova,44.4056,8.9463
2026-06-30T03:00,26.0,64,18.5,27.5,0.0,0.0,0.0,0.0,0.0,3,1018.7,1017.4,99,0,67,99,10.8,4,24.5,0.0,0.0,0.0,0.0,0.0,0.06,1.22,27.8,0.099,Genova,44.4056,8.9463
2026-06-30T04:00,25.2,65,18.1,26.3,0.0,0.0,0.0,0.0,0.0,3,1018.1,1016.8,98,0,6,98,12.6,5,25.9,0.0,0.0,0.0,0.0,0.0,0.06,1.13,27.3,0.099,Genova,44.4056,8.9463
2026-06-30T05:00,24.5,66,17.8,25.5,0.0,0.0,0.0,0.0,0.0,2,1017.8,1016.5,53,0,6,52,12.2,8,24.8,0.0,0.0,0.0,0.0,0.0,0.05,1.04,26.8,0.099,Genova,44.4056,8.9463
2026-06-30T06:00,24.3,64,17.2,25.1,0.0,0.0,0.0,0.0,0.0,1,1017.9,1016.6,25,0,25,0,11.8,9,25.6,1.0,0.0,1.0,0.0,0.0,0.07,1.08,26.4,0.099,Genova,44.4056,8.9463
2026-06-30T07:00,24.9,66,18.0,25.8,0.0,0.0,0.0,0.0,0.0,2,1018.4,1017.1,70,0,65,17,13.2,11,26.6,56.0,22.0,34.0,194.7,3600.0,0.09,1.08,26.2,0.099,Genova,44.4056,8.9463
2026-06-30T08:00,26.5,58,17.5,27.0,0.0,0.0,0.0,0.0,0.0,2,1017.9,1016.6,58,0,54,9,14.5,349,26.6,164.0,85.0,79.0,301.5,3600.0,0.18,1.46,26.5,0.112,Genova,44.4056,8.9463
2026-06-30T09:00,27.5,57,18.3,28.8,0.0,0.0,0.0,0.0,0.0,3,1018.6,1017.3,94,0,93,2,12.2,352,34.2,335.0,215.0,120.0,476.7,3600.0,0.28,1.58,27.1,0.112,Genova,44.4056,8.9463
2026-06-30T10:00,28.1,59,19.3,30.6,0.0,0.0,0.0,0.0,0.0,1,1019.1,1017.8,21,0,20,2,6.9,9,29.9,286.0,107.0,179.0,176.0,3478.76,0.24,1.57,27.7,0.111,Genova,44.4056,8.9463
2026-06-30T11:00,30.0,50,18.3,32.3,0.0,0.0,0.0,0.0,0.0,1,1018.8,1017.5,38,0,38,0,5.2,346,19.8,505.0,315.0,190.0,424.2,3600.0,0.4,2.13,28.9,0.111,Genova,44.4056,8.9463
2026-06-30T12:00,32.0,42,17.4,35.6,0.0,0.0,0.0,0.0,0.0,1,1018.5,1017.2,44,0,43,1,1.0,248,18.0,719.0,512.0,207.0,605.8,3600.0,0.54,2.76,30.5,0.11,Genova,44.4056,8.9463
2026-06-30T13:00,31.9,45,18.5,35.4,0.0,0.0,0.0,0.0,0.0,0,1018.4,1017.1,18,1,16,2,6.4,198,22.3,760.0,542.0,218.0,596.2,3600.0,0.6,2.6,31.8,0.11,Genova,44.4056,8.9463
2026-06-30T14:00,31.6,54,21.1,35.4,0.0,0.0,0.0,0.0,0.0,1,1018.3,1017.0,45,0,17,35,7.9,180,25.6,645.0,396.0,249.0,425.9,3600.0,0.52,2.13,32.0,0.111,Genova,44.4056,8.9463
2026-06-30T15:00,31.0,49,19.1,34.5,0.0,0.0,0.0,0.0,0.0,2,1018.4,1017.1,70,0,5,69,7.3,128,27.4,737.0,510.0,227.0,563.1,3600.0,0.57,2.28,32.5,0.111,Genova,44.4056,8.9463
2026-06-30T16:00,30.6,51,19.5,33.2,0.0,0.0,0.0,0.0,0.0,2,1017.7,1016.4,67,0,1,67,6.7,164,23.8,539.0,281.0,258.0,335.0,3600.0,0.43,2.13,32.5,0.11,Genova,44.4056,8.9463
2026-06-30T17:00,30.3,54,20.1,33.4,0.0,0.0,0.0,0.0,0.0,1,1017.7,1016.4,29,0,0,29,5.6,163,23.4,546.0,316.0,230.0,430.7,3600.0,0.42,1.97,32.5,0.11,Genova,44.4056,8.9463
2026-06-30T18:00,30.4,54,20.2,34.1,0.0,0.0,0.0,0.0,0.0,2,1017.2,1015.9,52,0,2,52,1.5,194,18.7,483.0,321.0,162.0,537.6,3600.0,0.35,1.97,32.5,0.11,Genova,44.4056,8.9463
2026-06-30T19:00,29.8,59,20.9,33.8,0.0,0.0,0.0,0.0,0.0,0,1016.7,1015.4,9,0,1,8,2.0,225,12.2,342.0,225.0,117.0,512.9,3600.0,0.24,1.72,32.1,0.109,Genova,44.4056,8.9463
2026-06-30T20:00,29.6,65,22.4,34.3,0.0,0.0,0.0,0.0,0.0,0,1016.0,1014.7,2,0,1,2,2.7,293,10.8,190.0,120.0,70.0,445.9,3600.0,0.13,1.43,31.4,0.109,Genova,44.4056,8.9463
2026-06-30T21:00,27.8,71,22.0,32.3,0.0,0.0,0.0,0.0,0.0,0,1016.1,1014.8,1,0,0,1,2.7,274,7.6,54.0,25.0,29.0,234.3,3600.0,0.04,1.09,30.3,0.109,Genova,44.4056,8.9463
2026-06-30T22:00,26.7,72,21.2,31.0,0.0,0.0,0.0,0.0,0.0,0,1016.8,1015.5,15,0,1,15,1.3,16,5.4,0.0,0.0,0.0,0.0,0.0,0.02,0.98,29.1,0.11,Genova,44.4056,8.9463
2026-06-30T23:00,25.8,73,20.7,29.4,0.0,0.0,0.0,0.0,0.0,1,1017.0,1015.7,25,0,2,23,4.2,40,10.8,0.0,0.0,0.0,0.0,0.0,0.01,0.88,28.1,0.11,Genova,44.4056,8.9463
2026-07-01T00:00,24.9,72,19.5,27.9,0.0,0.0,0.0,0.0,0.0,0,1016.9,1015.6,6,0,1,5,4.2,25,13.0,0.0,0.0,0.0,0.0,0.0,0.01,0.89,27.4,0.11,Genova,44.4056,8.9463
2026-07-01T01:00,24.4,70,18.5,27.1,0.0,0.0,0.0,0.0,0.0,0,1016.8,1015.5,8,0,2,6,2.6,25,13.0,0.0,0.0,0.0,0.0,0.0,0.0,0.92,26.7,0.11,Genova,44.4056,8.9463
2026-07-01T02:00,24.2,68,17.9,26.6,0.0,0.0,0.0,0.0,0.0,2,1016.4,1015.1,50,0,0,50,3.0,38,10.8,0.0,0.0,0.0,0.0,0.0,0.0,0.97,25.7,0.106,Genova,44.4056,8.9463
2026-07-01T03:00,24.4,63,16.8,26.2,0.0,0.0,0.0,0.0,0.0,0,1015.7,1014.4,3,0,0,3,3.9,28,10.8,0.0,0.0,0.0,0.0,0.0,0.01,1.14,25.3,0.106,Genova,44.4056,8.9463
2026-07-01T04:00,24.1,63,16.6,25.9,0.0,0.0,0.0,0.0,0.0,0,1015.3,1014.0,1,0,0,1,3.8,25,11.2,0.0,0.0,0.0,0.0,0.0,0.01,1.12,25.0,0.106,Genova,44.4056,8.9463
2026-07-01T05:00,24.0,63,16.5,25.7,0.0,0.0,0.0,0.0,0.0,0,1015.0,1013.7,3,0,0,3,4.2,20,11.5,0.0,0.0,0.0,0.0,0.0,0.01,1.11,24.7,0.106,Genova,44.4056,8.9463
2026-07-01T06:00,23.7,63,16.3,25.4,0.0,0.0,0.0,0.0,0.0,0,1014.7,1013.4,13,0,0,13,3.5,24,11.5,1.0,0.0,1.0,0.0,0.0,0.02,1.08,24.4,0.106,Genova,44.4056,8.9463
2026-07-01T07:00,24.9,65,17.9,27.4,0.0,0.0,0.0,0.0,0.0,1,1014.3,1013.0,36,0,0,36,3.0,25,11.2,63.0,30.0,33.0,266.9,3600.0,0.04,1.1,24.5,0.106,Genova,44.4056,8.9463
2026-07-01T08:00,26.9,67,20.1,30.7,0.0,0.0,0.0,0.0,0.0,0,1014.6,1013.3,4,0,0,4,0.9,11,8.6,208.0,139.0,69.0,495.2,3600.0,0.13,1.18,24.9,0.102,Genova,44.4056,8.9463
2026-07-01T09:00,28.4,53,17.8,30.5,0.0,0.0,0.0,0.0,0.0,0,1014.4,1013.1,2,0,0,2,4.5,173,15.8,379.0,289.0,90.0,642.4,3600.0,0.27,1.82,26.3,0.103,Genova,44.4056,8.9463
2026-07-01T10:00,28.7,55,18.9,30.8,0.0,0.0,0.0,0.0,0.0,0,1014.1,1012.8,1,0,0,1,8.5,176,25.6,548.0,443.0,105.0,729.7,3600.0,0.41,1.75,27.7,0.103,Genova,44.4056,8.9463
2026-07-01T11:00,29.0,59,20.3,32.5,0.0,0.0,0.0,0.0,0.0,0,1014.0,1012.7,7,0,7,0,9.5,182,28.8,697.0,581.0,116.0,783.3,3600.0,0.51,1.63,29.1,0.103,Genova,44.4056,8.9463
2026-07-01T12:00,29.3,63,21.6,33.8,0.0,0.0,0.0,0.0,0.0,0,1013.6,1012.3,15,0,14,1,11.3,187,33.1,798.0,654.0,144.0,774.4,3600.0,0.58,1.5,30.3,0.103,Genova,44.4056,8.9463
2026-07-01T13:00,28.9,63,21.1,33.6,0.2,0.2,0.0,0.0,0.0,51,1013.4,1012.1,40,12,10,25,10.3,184,33.8,866.0,717.0,149.0,789.2,3600.0,0.62,1.49,31.4,0.104,Genova,44.4056,8.9463
2026-07-01T14:00,29.3,68,22.9,34.7,0.1,0.1,0.0,0.0,0.0,51,1012.6,1011.3,77,8,7,73,7.7,201,31.3,743.0,519.0,224.0,558.5,3600.0,0.54,1.28,30.7,0.133,Genova,44.4056,8.9463
2026-07-01T15:00,28.8,68,22.3,33.4,0.2,0.2,0.0,0.0,0.0,51,1012.0,1010.7,56,18,7,44,6.8,220,25.2,647.0,381.0,266.0,420.8,3600.0,0.48,1.26,30.9,0.134,Genova,44.4056,8.9463
2026-07-01T16:00,24.7,88,22.5,27.5,1.5,1.5,0.0,0.0,0.0,61,1013.0,1011.7,98,23,38,96,15.9,355,37.8,545.0,317.0,228.0,378.0,3600.0,0.33,0.39,30.4,0.146,Genova,44.4056,8.9463
2026-07-01T17:00,23.5,93,22.4,27.1,2.7,2.7,0.0,0.0,0.0,63,1012.2,1010.9,100,0,100,99,10.7,13,38.9,120.0,0.0,120.0,0.0,0.0,0.09,0.19,28.0,0.174,Genova,44.4056,8.9463
2026-07-01T18:00,23.3,95,22.5,27.4,1.9,1.9,0.0,0.0,0.0,61,1012.2,1010.9,100,0,95,100,7.0,339,25.9,22.0,0.0,22.0,0.0,0.0,0.03,0.14,26.4,0.198,Genova,44.4056,8.9463
2026-07-01T19:00,23.8,94,22.8,27.6,0.0,0.0,0.0,0.0,0.0,1,1011.5,1010.2,24,0,0,24,11.2,350,25.6,140.0,74.0,66.0,168.8,3262.74,0.09,0.17,25.8,0.198,Genova,44.4056,8.9463
2026-07-01T20:00,21.9,85,19.3,23.5,0.0,0.0,0.0,0.0,0.0,1,1011.5,1010.2,32,0,1,32,13.0,2,40.3,128.0,51.0,77.0,189.7,3600.0,0.09,0.39,25.0,0.197,Genova,44.4056,8.9463
2026-07-01T21:00,21.2,83,18.2,21.9,0.0,0.0,0.0,0.0,0.0,1,1011.9,1010.6,20,0,0,20,15.8,358,37.8,54.0,22.0,32.0,206.4,3600.0,0.05,0.43,24.0,0.197,Genova,44.4056,8.9463
2026-07-01T22:00,21.2,87,18.9,22.0,0.0,0.0,0.0,0.0,0.0,0,1012.5,1011.2,2,0,0,2,17.1,360,40.3,0.0,0.0,0.0,0.0,0.0,0.04,0.33,23.4,0.197,Genova,44.4056,8.9463
2026-07-01T23:00,21.0,79,17.3,21.1,0.0,0.0,0.0,0.0,0.0,0,1012.9,1011.6,2,0,1,1,17.2,7,41.8,0.0,0.0,0.0,0.0,0.0,0.04,0.52,23.0,0.196,Genova,44.4056,8.9463
2026-07-02T00:00,21.0,66,14.4,20.0,0.0,0.0,0.0,0.0,0.0,0,1012.7,1011.4,11,0,11,0,17.1,2,39.6,0.0,0.0,0.0,0.0,0.0,0.07,0.85,22.6,0.196,Genova,44.4056,8.9463
2026-07-02T01:00,22.7,52,12.4,20.3,0.0,0.0,0.0,0.0,0.0,2,1012.8,1011.5,78,0,76,13,21.4,0,49.0,0.0,0.0,0.0,0.0,0.0,0.13,1.32,22.5,0.195,Genova,44.4056,8.9463
2026-07-02T02:00,21.3,58,12.8,19.2,0.0,0.0,0.0,0.0,0.0,1,1012.9,1011.6,30,1,25,7,20.7,2,52.9,0.0,0.0,0.0,0.0,0.0,0.1,1.06,23.4,0.149,Genova,44.4056,8.9463
2026-07-02T03:00,22.3,54,12.6,20.0,0.0,0.0,0.0,0.0,0.0,3,1012.4,1011.1,100,0,100,0,21.1,360,49.3,0.0,0.0,0.0,0.0,0.0,0.12,1.24,23.1,0.149,Genova,44.4056,8.9463
2026-07-02T04:00,23.2,52,12.9,20.6,0.0,0.0,0.0,0.0,0.0,0,1012.3,1011.0,9,0,9,0,24.2,9,54.7,0.0,0.0,0.0,0.0,0.0,0.15,1.35,23.2,0.149,Genova,44.4056,8.9463
2026-07-02T05:00,22.5,57,13.4,20.0,0.0,0.0,0.0,0.0,0.0,1,1012.6,1011.3,30,0,30,0,24.6,5,56.2,0.0,0.0,0.0,0.0,0.0,0.13,1.18,23.1,0.148,Genova,44.4056,8.9463
2026-07-02T06:00,22.0,58,13.4,19.6,0.0,0.0,0.0,0.0,0.0,0,1012.8,1011.5,16,4,13,0,24.0,357,55.4,1.0,0.0,1.0,0.0,0.0,0.13,1.11,23.0,0.148,Genova,44.4056,8.9463
2026-07-02T07:00,22.5,58,13.7,20.2,0.0,0.0,0.0,0.0,0.0,0,1013.3,1012.0,17,0,16,2,24.0,358,56.2,58.0,25.0,33.0,223.6,3600.0,0.15,1.16,22.9,0.147,Genova,44.4056,8.9463
2026-07-02T08:00,23.8,58,15.1,23.1,0.0,0.0,0.0,0.0,0.0,1,1013.7,1012.4,27,0,20,9,16.4,9,55.1,198.0,129.0,69.0,461.7,3600.0,0.19,1.23,23.9,0.147,Genova,44.4056,8.9463
2026-07-02T09:00,25.5,56,16.2,25.3,0.0,0.0,0.0,0.0,0.0,1,1013.9,1012.6,23,0,16,8,15.8,343,38.9,352.0,246.0,106.0,548.3,3600.0,0.29,1.42,24.5,0.146,Genova,44.4056,8.9463
2026-07-02T10:00,26.9,46,14.2,25.4,0.0,0.0,0.0,0.0,0.0,2,1014.2,1012.9,70,0,69,2,19.7,352,47.5,457.0,298.0,159.0,491.7,3600.0,0.4,1.93,25.4,0.145,Genova,44.4056,8.9463
2026-07-02T11:00,27.7,38,12.0,25.3,0.0,0.0,0.0,0.0,0.0,2,1015.0,1013.7,68,0,68,0,20.2,3,47.9,419.0,287.0,132.0,387.4,3600.0,0.43,2.31,25.9,0.144,Genova,44.4056,8.9463
2026-07-02T12:00,28.5,38,12.6,26.5,0.0,0.0,0.0,0.0,0.0,1,1015.2,1013.9,33,0,33,0,18.8,9,46.8,454.0,252.0,202.0,298.7,3600.0,0.45,2.42,26.6,0.143,Genova,44.4056,8.9463
2026-07-02T13:00,30.0,36,13.2,29.6,0.0,0.0,0.0,0.0,0.0,3,1015.3,1014.0,80,0,80,0,17.6,13,44.3,767.0,558.0,209.0,614.6,3600.0,0.64,2.73,27.8,0.141,Genova,44.4056,8.9463
2026-07-02T14:00,30.8,36,13.8,30.1,0.0,0.0,0.0,0.0,0.0,1,1014.9,1013.6,34,0,34,0,16.7,17,42.1,652.0,365.0,287.0,393.0,3600.0,0.58,2.87,29.0,0.138,Genova,44.4056,8.9463
2026-07-02T15:00,31.3,35,14.1,32.0,0.0,0.0,0.0,0.0,0.0,1,1015.0,1013.7,32,0,32,0,14.3,27,39.6,819.0,609.0,210.0,672.8,3600.0,0.67,2.95,29.8,0.136,Genova,44.4056,8.9463
2026-07-02T16:00,31.4,36,14.5,32.1,0.0,0.0,0.0,0.0,0.0,0,1015.0,1013.7,16,0,16,0,12.7,32,35.6,757.0,584.0,173.0,696.5,3600.0,0.62,2.94,30.4,0.134,Genova,44.4056,8.9463
2026-07-02T17:00,31.3,37,14.7,31.9,0.0,0.0,0.0,0.0,0.0,0,1014.9,1013.6,11,0,11,0,11.1,34,31.7,670.0,535.0,135.0,729.6,3600.0,0.55,2.9,30.8,0.133,Genova,44.4056,8.9463
2026-07-02T18:00,31.0,38,15.2,31.3,0.0,0.0,0.0,0.0,0.0,0,1014.8,1013.5,6,0,6,0,9.4,30,27.7,535.0,424.0,111.0,710.5,3600.0,0.44,2.76,30.7,0.131,Genova,44.4056,8.9463
2026-07-02T19:00,30.1,46,17.4,31.8,0.0,0.0,0.0,0.0,0.0,0,1014.7,1013.4,15,0,15,0,6.2,41,23.0,364.0,269.0,95.0,613.8,3600.0,0.29,2.29,30.4,0.13,Genova,44.4056,8.9463
2026-07-02T20:00,28.7,54,18.4,30.7,0.0,0.0,0.0,0.0,0.0,0,1014.4,1013.1,0,0,0,0,7.4,45,14.4,188.0,118.0,70.0,439.5,3600.0,0.17,1.82,30.1,0.104,Genova,44.4056,8.9463
2026-07-02T21:00,26.7,55,16.9,28.6,0.0,0.0,0.0,0.0,0.0,0,1014.8,1013.5,0,0,0,0,3.9,22,16.2,57.0,28.0,29.0,263.1,3600.0,0.05,1.59,28.9,0.104,Genova,44.4056,8.9463
2026-07-02T22:00,24.4,59,15.9,25.4,0.0,0.0,0.0,0.0,0.0,0,1015.5,1014.2,1,0,1,0,7.1,19,17.3,0.0,0.0,0.0,0.0,0.0,0.06,1.24,27.7,0.104,Genova,44.4056,8.9463
2026-07-02T23:00,22.6,66,16.0,23.7,0.0,0.0,0.0,0.0,0.0,0,1016.1,1014.8,0,0,0,0,6.9,23,18.7,0.0,0.0,0.0,0.0,0.0,0.02,0.93,26.6,0.104,Genova,44.4056,8.9463
2026-07-03T00:00,21.4,71,16.0,22.0,0.0,0.0,0.0,0.0,0.0,0,1016.5,1015.2,0,0,0,0,10.0,21,23.4,0.0,0.0,0.0,0.0,0.0,0.03,0.74,25.6,0.104,Genova,44.4056,8.9463
2026-07-03T01:00,21.2,68,15.0,20.9,0.0,0.0,0.0,0.0,0.0,0,1016.7,1015.4,0,0,0,0,13.8,17,28.4,0.0,0.0,0.0,0.0,0.0,0.05,0.81,24.8,0.104,Genova,44.4056,8.9463
2026-07-03T02:00,21.8,58,13.2,20.6,0.0,0.0,0.0,0.0,0.0,0,1016.5,1015.2,0,0,0,0,15.0,19,33.1,0.0,0.0,0.0,0.0,0.0,0.08,1.09,24.7,0.127,Genova,44.4056,8.9463
2026-07-03T03:00,22.5,52,12.2,20.8,0.0,0.0,0.0,0.0,0.0,0,1016.2,1014.9,0,0,0,0,16.2,19,33.8,0.0,0.0,0.0,0.0,0.0,0.1,1.3,24.3,0.127,Genova,44.4056,8.9463
2026-07-03T04:00,22.2,52,12.0,20.3,0.0,0.0,0.0,0.0,0.0,0,1016.3,1015.0,0,0,0,0,17.6,13,35.6,0.0,0.0,0.0,0.0,0.0,0.11,1.28,24.0,0.126,Genova,44.4056,8.9463
2026-07-03T05:00,22.1,53,12.1,20.0,0.0,0.0,0.0,0.0,0.0,0,1016.6,1015.3,0,0,0,0,18.7,12,37.4,0.0,0.0,0.0,0.0,0.0,0.11,1.25,23.7,0.126,Genova,44.4056,8.9463
2026-07-03T06:00,22.0,54,12.3,20.0,0.0,0.0,0.0,0.0,0.0,0,1016.8,1015.5,0,0,0,0,18.7,11,37.4,1.0,0.0,1.0,0.0,0.0,0.11,1.21,23.4,0.126,Genova,44.4056,8.9463
2026-07-03T07:00,23.0,55,13.5,21.3,0.0,0.0,0.0,0.0,0.0,0,1017.3,1016.0,1,0,1,0,19.3,12,39.2,63.0,31.0,32.0,279.0,3600.0,0.14,1.25,23.5,0.126,Genova,44.4056,8.9463
2026-07-03T08:00,25.0,54,15.2,24.5,0.0,0.0,0.0,0.0,0.0,0,1017.9,1016.6,0,0,0,0,15.6,12,38.9,210.0,142.0,68.0,510.7,3600.0,0.2,1.45,23.9,0.128,Genova,44.4056,8.9463
2026-07-03T09:00,27.7,53,17.3,28.8,0.0,0.0,0.0,0.0,0.0,0,1018.3,1017.0,5,0,0,5,10.6,358,31.3,384.0,295.0,89.0,659.3,3600.0,0.3,1.75,25.1,0.128,Genova,44.4056,8.9463
2026-07-03T10:00,29.4,46,16.5,30.6,0.0,0.0,0.0,0.0,0.0,0,1018.6,1017.3,0,0,0,0,7.4,347,24.5,554.0,451.0,103.0,745.5,3600.0,0.42,2.22,26.6,0.127,Genova,44.4056,8.9463
2026-07-03T11:00,30.7,40,15.5,32.8,0.0,0.0,0.0,0.0,0.0,0,1018.9,1017.6,4,0,4,0,4.6,309,20.2,704.0,590.0,114.0,797.4,3600.0,0.52,2.65,28.2,0.126,Genova,44.4056,8.9463
2026-07-03T12:00,30.9,40,15.8,33.4,0.0,0.0,0.0,0.0,0.0,1,1019.0,1017.7,45,0,45,0,7.1,243,23.0,798.0,663.0,135.0,786.5,3600.0,0.61,2.68,29.6,0.125,Genova,44.4056,8.9463
2026-07-03T13:00,30.2,44,16.5,32.1,0.1,0.1,0.0,0.0,0.0,51,1019.3,1018.0,34,1,34,0,8.0,239,26.6,684.0,426.0,258.0,469.5,3600.0,0.54,2.42,30.3,0.124,Genova,44.4056,8.9463
2026-07-03T14:00,31.2,43,17.1,34.0,0.2,0.2,0.0,0.0,0.0,51,1018.8,1017.5,46,0,46,0,6.9,225,24.8,772.0,555.0,217.0,597.8,3600.0,0.6,2.58,31.3,0.135,Genova,44.4056,8.9463
2026-07-03T15:00,31.0,45,17.6,34.5,0.1,0.1,0.0,0.0,0.0,51,1018.6,1017.3,24,1,23,0,5.0,232,22.7,794.0,590.0,204.0,652.1,3600.0,0.6,2.47,31.8,0.134,Genova,44.4056,8.9463
2026-07-03T16:00,31.2,45,18.0,34.2,0.1,0.1,0.0,0.0,0.0,51,1018.2,1016.9,24,1,2,22,6.1,242,20.2,703.0,520.0,183.0,620.4,3600.0,0.55,2.49,32.1,0.133,Genova,44.4056,8.9463
2026-07-03T17:00,31.6,44,17.9,34.3,0.0,0.0,0.0,0.0,0.0,1,1017.8,1016.5,27,0,1,27,7.4,241,22.7,690.0,560.0,130.0,764.0,3600.0,0.54,2.6,32.3,0.132,Genova,44.4056,8.9463
2026-07-03T18:00,30.8,46,17.8,32.3,0.0,0.0,0.0,0.0,0.0,0,1017.7,1016.4,0,0,0,0,8.7,227,23.8,544.0,440.0,104.0,737.7,3600.0,0.43,2.39,32.1,0.13,Genova,44.4056,8.9463
2026-07-03T19:00,28.9,51,17.9,30.3,0.0,0.0,0.0,0.0,0.0,0,1017.9,1016.6,1,0,1,1,9.6,208,27.0,373.0,285.0,88.0,650.8,3600.0,0.3,1.93,31.4,0.129,Genova,44.4056,8.9463
2026-07-03T20:00,28.4,63,20.8,31.7,0.0,0.0,0.0,0.0,0.0,0,1018.0,1016.7,4,0,1,3,6.3,182,22.7,199.0,132.0,67.0,492.4,3600.0,0.15,1.41,30.7,0.124,Genova,44.4056,8.9463
2026-07-03T21:00,26.3,63,18.7,28.8,0.0,0.0,0.0,0.0,0.0,0,1018.4,1017.1,0,0,0,0,4.8,103,13.7,55.0,26.0,29.0,244.8,3600.0,0.05,1.27,29.4,0.123,Genova,44.4056,8.9463
2026-07-03T22:00,25.4,57,16.4,26.8,0.0,0.0,0.0,0.0,0.0,0,1019.0,1017.7,1,0,1,0,5.3,66,11.2,0.0,0.0,0.0,0.0,0.0,0.06,1.39,28.2,0.123,Genova,44.4056,8.9463
2026-07-03T23:00,25.1,52,14.5,26.0,0.0,0.0,0.0,0.0,0.0,0,1019.5,1018.2,1,0,1,0,4.1,45,11.9,0.0,0.0,0.0,0.0,0.0,0.02,1.54,27.2,0.123,Genova,44.4056,8.9463
2026-07-04T00:00,25.0,49,13.5,25.6,0.0,0.0,0.0,0.0,0.0,0,1019.8,1018.5,0,0,0,0,4.0,36,11.9,0.0,0.0,0.0,0.0,0.0,0.02,1.62,26.5,0.123,Genova,44.4056,8.9463
2026-07-04T01:00,24.5,49,13.1,24.7,0.0,0.0,0.0,0.0,0.0,0,1019.9,1018.6,0,0,0,0,5.3,28,14.4,0.0,0.0,0.0,0.0,0.0,0.03,1.57,25.9,0.123,Genova,44.4056,8.9463
2026-07-04T02:00,23.2,53,13.2,23.7,0.0,0.0,0.0,0.0,0.0,0,1019.8,1018.5,0,0,0,0,3.6,33,14.8,0.0,0.0,0.0,0.0,0.0,0.01,1.33,24.7,0.134,Genova,44.4056,8.9463
2026-07-04T03:00,24.2,49,12.9,24.6,0.0,0.0,0.0,0.0,0.0,0,1019.6,1018.3,0,0,0,0,3.6,30,12.2,0.0,0.0,0.0,0.0,0.0,0.02,1.52,24.4,0.134,Genova,44.4056,8.9463
2026-07-04T04:00,23.9,50,12.8,24.0,0.0,0.0,0.0,0.0,0.0,0,1019.6,1018.3,0,0,0,0,5.3,28,14.4,0.0,0.0,0.0,0.0,0.0,0.03,1.48,24.2,0.134,Genova,44.4056,8.9463
2026-07-04T05:00,22.6,55,13.2,22.8,0.0,0.0,0.0,0.0,0.0,0,1019.6,1018.3,0,0,0,0,6.0,25,16.9,0.0,0.0,0.0,0.0,0.0,0.03,1.23,23.9,0.134,Genova,44.4056,8.9463
2026-07-04T06:00,22.1,58,13.5,22.4,0.0,0.0,0.0,0.0,0.0,0,1019.8,1018.5,0,0,0,0,5.0,21,17.3,1.0,0.0,1.0,0.0,0.0,0.02,1.11,23.6,0.134,Genova,44.4056,8.9463
2026-07-04T07:00,23.6,60,15.4,25.1,0.0,0.0,0.0,0.0,0.0,0,1020.3,1019.0,0,0,0,0,2.1,20,16.2,62.0,30.0,32.0,271.7,3600.0,0.03,1.16,23.7,0.133,Genova,44.4056,8.9463
2026-07-04T08:00,25.8,63,18.3,28.6,0.0,0.0,0.0,0.0,0.0,0,1020.8,1019.5,0,0,0,0,1.8,24,9.4,207.0,140.0,67.0,506.1,3600.0,0.13,1.21,24.4,0.143,Genova,44.4056,8.9463
2026-07-04T09:00,27.5,55,17.6,29.9,0.0,0.0,0.0,0.0,0.0,0,1021.1,1019.8,0,0,0,0,2.2,194,10.8,380.0,291.0,89.0,652.3,3600.0,0.26,1.65,25.6,0.142,Genova,44.4056,8.9463
2026-07-04T10:00,28.6,52,17.7,30.8,0.0,0.0,0.0,0.0,0.0,0,1021.2,1019.9,0,0,0,0,3.5,189,14.4,550.0,446.0,104.0,738.7,3600.0,0.39,1.88,26.9,0.141,Genova,44.4056,8.9463
2026-07-04T11:00,29.4,49,17.5,32.1,0.0,0.0,0.0,0.0,0.0,0,1021.3,1020.0,8,0,8,0,5.9,192,19.8,698.0,583.0,115.0,789.1,3600.0,0.51,2.11,28.2,0.139,Genova,44.4056,8.9463
2026-07-04T12:00,29.9,46,17.0,32.6,0.0,0.0,0.0,0.0,0.0,0,1021.5,1020.2,7,0,7,0,7.3,187,23.4,769.0,634.0,135.0,752.8,3600.0,0.58,2.29,29.2,0.138,Genova,44.4056,8.9463
2026-07-04T13:00,30.2,44,16.7,32.9,0.0,0.0,0.0,0.0,0.0,0,1021.5,1020.2,8,0,8,0,8.1,177,25.6,821.0,670.0,151.0,739.0,3600.0,0.62,2.39,30.1,0.136,Genova,44.4056,8.9463
2026-07-04T14:00,31.3,37,15.0,33.7,0.0,0.0,0.0,0.0,0.0,0,1021.2,1019.9,9,0,9,0,7.5,200,26.3,844.0,695.0,149.0,749.1,3600.0,0.66,2.87,31.5,0.136,Genova,44.4056,8.9463
2026-07-04T15:00,30.7,39,15.2,32.8,0.0,0.0,0.0,0.0,0.0,0,1020.9,1019.6,13,0,13,0,7.6,202,24.5,800.0,655.0,145.0,724.3,3600.0,0.62,2.68,31.9,0.135,Genova,44.4056,8.9463
2026-07-04T16:00,30.4,41,15.5,32.4,0.0,0.0,0.0,0.0,0.0,0,1020.7,1019.4,3,0,3,0,7.7,198,24.1,763.0,619.0,144.0,738.9,3600.0,0.59,2.57,32.1,0.133,Genova,44.4056,8.9463
2026-07-04T17:00,29.7,44,16.3,31.6,0.0,0.0,0.0,0.0,0.0,0,1020.5,1019.2,5,0,5,0,6.3,198,23.8,656.0,541.0,115.0,738.4,3600.0,0.49,2.33,32.0,0.131,Genova,44.4056,8.9463
2026-07-04T18:00,29.4,48,17.2,31.4,0.0,0.0,0.0,0.0,0.0,0,1020.0,1018.7,3,0,3,0,3.5,201,20.2,525.0,420.0,105.0,704.6,3600.0,0.38,2.14,31.7,0.13,Genova,44.4056,8.9463
2026-07-04T19:00,28.9,55,19.0,31.6,0.0,0.0,0.0,0.0,0.0,0,1019.6,1018.3,1,0,1,0,4.6,193,14.4,370.0,283.0,87.0,646.9,3600.0,0.27,1.78,31.2,0.13,Genova,44.4056,8.9463
2026-07-04T20:00,28.2,71,22.5,32.7,0.0,0.0,0.0,0.0,0.0,0,1019.1,1017.8,2,0,2,0,5.2,166,14.4,198.0,133.0,65.0,497.1,3600.0,0.14,1.1,30.5,0.126,Genova,44.4056,8.9463
2026-07-04T21:00,26.4,78,22.3,31.0,0.0,0.0,0.0,0.0,0.0,0,1019.2,1017.9,1,0,1,0,3.0,115,11.5,55.0,27.0,28.0,254.8,3600.0,0.03,0.75,29.3,0.125,Genova,44.4056,8.9463
2026-07-04T22:00,25.4,75,20.6,29.0,0.0,0.0,0.0,0.0,0.0,0,1019.5,1018.2,0,0,0,0,3.5,78,6.5,0.0,0.0,0.0,0.0,0.0,0.03,0.81,28.0,0.126,Genova,44.4056,8.9463
2026-07-04T23:00,25.1,64,17.7,27.4,0.0,0.0,0.0,0.0,0.0,0,1019.9,1018.6,0,0,0,0,3.1,54,7.6,0.0,0.0,0.0,0.0,0.0,0.0,1.15,26.9,0.125,Genova,44.4056,8.9463
2026-07-05T00:00,24.6,56,15.3,25.9,0.0,0.0,0.0,0.0,0.0,0,1020.0,1018.7,0,0,0,0,3.3,41,8.3,0.0,0.0,0.0,0.0,0.0,0.01,1.36,26.0,0.125,Genova,44.4056,8.9463
2026-07-05T01:00,23.8,55,14.2,24.7,0.0,0.0,0.0,0.0,0.0,0,1020.0,1018.7,0,0,0,0,3.3,29,10.4,0.0,0.0,0.0,0.0,0.0,0.01,1.34,25.3,0.125,Genova,44.4056,8.9463
2026-07-05T02:00,22.9,57,14.0,23.6,0.0,0.0,0.0,0.0,0.0,0,1019.9,1018.6,0,0,0,0,3.9,28,13.7,0.0,0.0,0.0,0.0,0.0,0.01,1.19,24.8,0.131,Genova,44.4056,8.9463
2026-07-05T03:00,22.7,57,13.7,23.1,0.0,0.0,0.0,0.0,0.0,0,1019.6,1018.3,0,0,0,0,5.3,18,15.1,0.0,0.0,0.0,0.0,0.0,0.02,1.18,24.4,0.131,Genova,44.4056,8.9463
2026-07-05T04:00,21.7,60,13.7,22.0,0.0,0.0,0.0,0.0,0.0,0,1019.3,1018.0,0,0,0,0,6.4,18,17.6,0.0,0.0,0.0,0.0,0.0,0.03,1.03,24.1,0.13,Genova,44.4056,8.9463
2026-07-05T05:00,21.3,62,13.7,21.7,0.0,0.0,0.0,0.0,0.0,0,1019.0,1017.7,0,0,0,0,5.4,21,18.0,0.0,0.0,0.0,0.0,0.0,0.02,0.97,23.7,0.13,Genova,44.4056,8.9463
2026-07-05T06:00,21.3,62,13.7,22.0,0.0,0.0,0.0,0.0,0.0,0,1018.9,1017.6,0,0,0,0,3.6,18,16.9,1.0,0.0,1.0,0.0,0.0,0.0,0.97,23.4,0.13,Genova,44.4056,8.9463
2026-07-05T07:00,21.6,71,16.1,23.1,0.0,0.0,0.0,0.0,0.0,0,1019.2,1017.9,0,0,0,0,4.4,12,14.8,62.0,31.0,31.0,282.6,3600.0,0.04,0.76,23.4,0.13,Genova,44.4056,8.9463
2026-07-05T08:00,24.4,76,20.0,27.8,0.0,0.0,0.0,0.0,0.0,0,1019.3,1018.0,0,0,0,0,3.4,6,14.8,209.0,142.0,67.0,516.2,3600.0,0.13,0.73,24.0,0.144,Genova,44.4056,8.9463
2026-07-05T09:00,28.0,56,18.3,30.8,0.0,0.0,0.0,0.0,0.0,0,1019.4,1018.1,0,0,0,0,1.6,276,10.8,385.0,299.0,86.0,672.3,3600.0,0.26,1.67,25.4,0.144,Genova,44.4056,8.9463
2026-07-05T10:00,29.2,51,18.1,31.6,0.0,0.0,0.0,0.0,0.0,0,1019.5,1018.2,0,0,0,0,3.6,207,14.8,557.0,457.0,100.0,758.4,3600.0,0.4,1.97,26.8,0.142,Genova,44.4056,8.9463
2026-07-05T11:00,29.6,55,19.5,33.2,0.0,0.0,0.0,0.0,0.0,0,1019.5,1018.2,0,0,0,0,6.6,201,22.0,709.0,599.0,110.0,811.9,3600.0,0.52,1.88,28.2,0.141,Genova,44.4056,8.9463
2026-07-05T12:00,29.5,58,20.4,33.9,0.0,0.0,0.0,0.0,0.0,0,1019.5,1018.2,0,0,0,0,8.6,190,26.6,829.0,713.0,116.0,847.6,3600.0,0.6,1.72,29.4,0.139,Genova,44.4056,8.9463
2026-07-05T13:00,29.4,60,20.7,34.2,0.0,0.0,0.0,0.0,0.0,0,1019.4,1018.1,0,0,0,0,9.7,178,28.4,888.0,761.0,127.0,840.1,3600.0,0.64,1.66,30.4,0.137,Genova,44.4056,8.9463
2026-07-05T14:00,30.5,54,20.1,35.1,0.0,0.0,0.0,0.0,0.0,0,1018.9,1017.6,14,1,13,0,9.1,166,29.2,893.0,752.0,141.0,811.1,3600.0,0.67,2.01,31.3,0.138,Genova,44.4056,8.9463
2026-07-05T15:00,29.7,58,20.4,34.3,0.0,0.0,0.0,0.0,0.0,0,1018.7,1017.4,15,0,14,1,8.7,163,27.7,856.0,703.0,153.0,777.8,3600.0,0.63,1.76,31.8,0.136,Genova,44.4056,8.9463
2026-07-05T16:00,29.5,64,22.1,34.6,0.0,0.0,0.0,0.0,0.0,0,1018.2,1016.9,10,0,8,2,8.4,160,25.9,775.0,632.0,143.0,754.8,3600.0,0.56,1.46,32.0,0.135,Genova,44.4056,8.9463
2026-07-05T17:00,28.8,71,23.1,33.6,0.0,0.0,0.0,0.0,0.0,0,1018.1,1016.8,2,0,2,0,10.5,164,30.6,678.0,566.0,112.0,773.0,3600.0,0.48,1.14,31.9,0.134,Genova,44.4056,8.9463
2026-07-05T18:00,28.1,67,21.4,31.5,0.0,0.0,0.0,0.0,0.0,0,1017.7,1016.4,1,0,1,0,8.4,155,28.8,530.0,421.0,109.0,706.7,3600.0,0.38,1.26,31.5,0.133,Genova,44.4056,8.9463
2026-07-05T19:00,27.7,62,19.6,30.4,0.0,0.0,0.0,0.0,0.0,0,1017.4,1016.1,1,0,1,0,6.2,139,23.0,371.0,285.0,86.0,652.2,3600.0,0.27,1.42,30.8,0.132,Genova,44.4056,8.9463
2026-07-05T20:00,26.6,66,19.8,29.4,0.0,0.0,0.0,0.0,0.0,0,1016.9,1015.6,0,0,0,0,6.4,126,17.3,201.0,136.0,65.0,509.4,3600.0,0.15,1.17,30.2,0.13,Genova,44.4056,8.9463
2026-07-05T21:00,25.1,71,19.5,28.1,0.0,0.0,0.0,0.0,0.0,0,1016.7,1015.4,3,0,1,2,4.0,95,13.0,56.0,28.0,28.0,265.0,3600.0,0.04,0.93,28.9,0.13,Genova,44.4056,8.9463
2026-07-05T22:00,24.4,66,17.7,26.5,0.0,0.0,0.0,0.0,0.0,2,1017.2,1015.9,55,0,0,55,4.3,75,9.0,0.0,0.0,0.0,0.0,0.0,0.04,1.02,27.5,0.13,Genova,44.4056,8.9463
2026-07-05T23:00,24.2,56,15.0,25.3,0.0,0.0,0.0,0.0,0.0,2,1017.6,1016.3,52,0,2,52,3.8,59,9.0,0.0,0.0,0.0,0.0,0.0,0.01,1.32,26.5,0.13,Genova,44.4056,8.9463
2026-07-06T00:00,23.7,52,13.3,24.2,0.0,0.0,0.0,0.0,0.0,1,1017.5,1016.2,23,0,0,23,3.6,41,9.4,0.0,0.0,0.0,0.0,0.0,0.02,1.41,25.6,0.129,Genova,44.4056,8.9463
2026-07-06T01:00,23.4,53,13.2,24.0,0.0,0.0,0.0,0.0,0.0,0,1017.3,1016.0,15,0,0,15,3.0,38,9.4,0.0,0.0,0.0,0.0,0.0,0.01,1.35,24.9,0.129,Genova,44.4056,8.9463
2026-07-06T02:00,22.3,64,15.1,23.6,0.0,0.0,0.0,0.0,0.0,0,1017.2,1015.9,2,0,2,0,2.8,35,8.6,0.0,0.0,0.0,0.0,0.0,0.0,0.97,24.5,0.153,Genova,44.4056,8.9463
2026-07-06T03:00,22.6,61,14.8,23.9,0.0,0.0,0.0,0.0,0.0,0,1016.7,1015.4,2,0,0,2,2.2,35,9.4,0.0,0.0,0.0,0.0,0.0,0.0,1.07,24.0,0.153,Genova,44.4056,8.9463
2026-07-06T04:00,22.7,58,14.0,23.6,0.0,0.0,0.0,0.0,0.0,0,1016.5,1015.2,18,0,0,18,2.2,24,6.8,0.0,0.0,0.0,0.0,0.0,0.0,1.16,23.5,0.153,Genova,44.4056,8.9463
2026-07-06T05:00,22.2,58,13.5,23.1,0.0,0.0,0.0,0.0,0.0,1,1016.6,1015.3,20,0,0,20,1.9,34,7.2,0.0,0.0,0.0,0.0,0.0,0.0,1.13,23.0,0.153,Genova,44.4056,8.9463
2026-07-06T06:00,21.4,59,13.2,21.9,0.0,0.0,0.0,0.0,0.0,0,1016.9,1015.6,8,0,1,7,3.5,21,11.2,1.0,0.0,1.0,0.0,0.0,0.0,1.04,22.7,0.153,Genova,44.4056,8.9463
2026-07-06T07:00,21.7,65,14.9,22.4,0.0,0.0,0.0,0.0,0.0,1,1016.9,1015.6,37,0,0,37,6.2,15,15.8,59.0,29.0,30.0,266.3,3600.0,0.05,0.91,22.8,0.153,Genova,44.4056,8.9463
2026-07-06T08:00,24.3,71,18.8,26.6,0.0,0.0,0.0,0.0,0.0,2,1017.0,1015.7,66,0,0,66,6.5,355,16.2,200.0,125.0,75.0,457.0,3600.0,0.14,0.88,23.4,0.167,Genova,44.4056,8.9463
2026-07-06T09:00,27.1,61,18.9,30.0,0.0,0.0,0.0,0.0,0.0,2,1017.4,1016.1,53,0,0,53,2.8,235,14.0,366.0,254.0,112.0,573.0,3600.0,0.25,1.41,24.7,0.166,Genova,44.4056,8.9463
2026-07-06T10:00,27.7,59,19.0,30.3,0.0,0.0,0.0,0.0,0.0,1,1017.7,1016.4,31,0,0,31,5.3,208,18.0,540.0,409.0,131.0,680.2,3600.0,0.38,1.52,26.1,0.164,Genova,44.4056,8.9463
2026-07-06T11:00,28.4,63,20.7,32.7,0.0,0.0,0.0,0.0,0.0,1,1017.8,1016.5,48,0,0,48,5.9,207,20.5,702.0,576.0,126.0,781.9,3600.0,0.5,1.44,27.4,0.163,Genova,44.4056,8.9463
2026-07-06T12:00,29.1,66,22.1,34.6,0.0,0.0,0.0,0.0,0.0,2,1017.6,1016.3,51,0,0,51,7.3,210,24.5,822.0,696.0,126.0,828.3,3600.0,0.59,1.37,28.7,0.16,Genova,44.4056,8.9463
2026-07-06T13:00,29.6,67,22.8,35.9,0.0,0.0,0.0,0.0,0.0,2,1017.5,1016.2,55,0,3,54,7.8,206,26.3,896.0,767.0,129.0,847.5,3600.0,0.65,1.37,29.8,0.158,Genova,44.4056,8.9463
2026-07-06T14:00,30.8,58,21.7,36.4,0.0,0.0,0.0,0.0,0.0,1,1017.0,1015.7,29,0,0,29,8.4,215,28.4,902.0,742.0,160.0,800.8,3600.0,0.67,1.86,30.8,0.141,Genova,44.4056,8.9463
2026-07-06T15:00,29.4,62,21.3,33.7,0.0,0.0,0.0,0.0,0.0,1,1016.8,1015.5,42,0,1,41,10.5,193,30.6,779.0,611.0,168.0,676.4,3600.0,0.57,1.56,31.3,0.139,Genova,44.4056,8.9463
2026-07-06T16:00,28.9,61,20.6,33.0,0.0,0.0,0.0,0.0,0.0,1,1016.9,1015.6,41,0,0,41,9.2,181,30.6,766.0,617.0,149.0,737.3,3600.0,0.56,1.55,31.4,0.138,Genova,44.4056,8.9463
2026-07-06T17:00,28.7,56,19.2,32.0,0.0,0.0,0.0,0.0,0.0,1,1016.8,1015.5,45,0,0,45,7.0,177,26.3,684.0,563.0,121.0,769.4,3600.0,0.5,1.71,31.4,0.137,Genova,44.4056,8.9463
2026-07-06T18:00,28.3,56,18.6,30.8,0.0,0.0,0.0,0.0,0.0,1,1016.7,1015.4,43,0,0,42,4.1,157,21.2,533.0,420.0,113.0,705.6,3600.0,0.38,1.7,31.1,0.135,Genova,44.4056,8.9463
2026-07-06T19:00,28.1,58,19.2,31.1,0.0,0.0,0.0,0.0,0.0,0,1016.4,1015.1,16,0,1,15,3.0,115,14.8,367.0,274.0,93.0,627.8,3600.0,0.25,1.59,30.6,0.135,Genova,44.4056,8.9463
2026-07-06T20:00,27.6,74,22.4,32.3,0.0,0.0,0.0,0.0,0.0,1,1016.1,1014.8,21,0,5,16,3.1,103,10.8,197.0,131.0,66.0,491.9,3600.0,0.13,0.97,29.8,0.135,Genova,44.4056,8.9463
2026-07-06T21:00,26.3,80,22.6,31.5,0.0,0.0,0.0,0.0,0.0,1,1016.4,1015.1,27,0,5,26,0.4,63,6.1,52.0,24.0,28.0,227.9,3600.0,0.02,0.69,28.7,0.135,Genova,44.4056,8.9463
2026-07-06T22:00,25.4,80,21.8,30.1,0.0,0.0,0.0,0.0,0.0,1,1016.9,1015.6,27,0,1,26,0.5,45,2.2,0.0,0.0,0.0,0.0,0.0,0.01,0.64,27.5,0.135,Genova,44.4056,8.9463
2026-07-06T23:00,24.8,78,20.7,28.8,0.0,0.0,0.0,0.0,0.0,0,1017.4,1016.1,12,0,2,10,1.4,50,3.6,0.0,0.0,0.0,0.0,0.0,0.0,0.68,26.4,0.135,Genova,44.4056,8.9463
2026-07-07T00:00,24.1,70,18.4,26.7,0.0,0.0,0.0,0.0,0.0,1,1017.7,1016.4,27,0,0,27,3.1,36,8.6,0.0,0.0,0.0,0.0,0.0,0.0,0.88,25.6,0.135,Genova,44.4056,8.9463
2026-07-07T01:00,23.4,64,16.2,24.9,0.0,0.0,0.0,0.0,0.0,1,1017.8,1016.5,36,0,0,36,4.1,29,11.9,0.0,0.0,0.0,0.0,0.0,0.01,1.03,25.0,0.135,Genova,44.4056,8.9463
2026-07-07T02:00,23.5,60,15.3,24.6,0.0,0.0,0.0,0.0,0.0,0,1017.8,1016.5,6,0,2,5,4.9,36,11.9,0.0,0.0,0.0,0.0,0.0,0.02,1.16,24.6,0.134,Genova,44.4056,8.9463
2026-07-07T03:00,23.3,60,15.2,24.5,0.0,0.0,0.0,0.0,0.0,0,1017.7,1016.4,2,0,1,1,3.9,24,11.9,0.0,0.0,0.0,0.0,0.0,0.01,1.14,24.2,0.133,Genova,44.4056,8.9463
2026-07-07T04:00,23.2,61,15.2,24.7,0.0,0.0,0.0,0.0,0.0,0,1017.6,1016.3,2,0,1,1,2.1,31,11.2,0.0,0.0,0.0,0.0,0.0,0.0,1.12,23.8,0.133,Genova,44.4056,8.9463
2026-07-07T05:00,23.7,59,15.1,25.1,0.0,0.0,0.0,0.0,0.0,0,1017.8,1016.5,1,0,0,1,2.1,52,7.2,0.0,0.0,0.0,0.0,0.0,0.0,1.22,23.3,0.133,Genova,44.4056,8.9463
2026-07-07T06:00,23.7,57,14.7,24.9,0.0,0.0,0.0,0.0,0.0,0,1018.0,1016.7,1,0,0,1,2.7,53,5.8,0.0,0.0,0.0,0.0,0.0,0.04,1.26,22.9,0.134,Genova,44.4056,8.9463
2026-07-07T07:00,24.8,59,16.4,26.7,0.0,0.0,0.0,0.0,0.0,0,1018.4,1017.1,1,1,0,0,1.9,49,5.8,58.0,28.0,30.0,259.0,3600.0,0.03,1.27,23.1,0.134,Genova,44.4056,8.9463
2026-07-07T08:00,25.4,61,17.3,27.7,0.0,0.0,0.0,0.0,0.0,0,1018.7,1017.4,0,0,0,0,1.9,34,8.6,200.0,132.0,68.0,485.6,3600.0,0.12,1.28,23.6,0.137,Genova,44.4056,8.9463
2026-07-07T09:00,26.5,61,18.2,29.2,0.0,0.0,0.0,0.0,0.0,0,1019.0,1017.7,0,0,0,0,1.9,163,10.8,378.0,291.0,87.0,658.7,3600.0,0.25,1.36,24.9,0.136,Genova,44.4056,8.9463
2026-07-07T10:00,27.4,59,18.8,30.2,0.0,0.0,0.0,0.0,0.0,0,1019.1,1017.8,0,0,0,0,3.4,155,15.1,551.0,450.0,101.0,750.1,3600.0,0.38,1.48,26.3,0.135,Genova,44.4056,8.9463
2026-07-07T11:00,28.2,60,19.6,32.0,0.0,0.0,0.0,0.0,0.0,0,1019.1,1017.8,7,0,0,7,5.4,176,20.2,702.0,590.0,112.0,802.2,3600.0,0.5,1.54,27.7,0.134,Genova,44.4056,8.9463
2026-07-07T12:00,28.5,65,21.2,33.5,0.0,0.0,0.0,0.0,0.0,0,1019.1,1017.8,1,0,0,1,7.4,187,24.5,816.0,698.0,118.0,831.7,3600.0,0.58,1.37,28.9,0.133,Genova,44.4056,8.9463
2026-07-07T13:00,28.6,71,22.7,34.4,0.0,0.0,0.0,0.0,0.0,1,1019.1,1017.8,34,0,2,34,9.8,194,29.5,891.0,765.0,126.0,846.0,3600.0,0.62,1.14,29.9,0.132,Genova,44.4056,8.9463
2026-07-07T14:00,29.4,60,21.0,34.0,0.0,0.0,0.0,0.0,0.0,1,1018.6,1017.3,45,0,0,45,11.7,185,32.4,903.0,763.0,140.0,824.1,3600.0,0.65,1.62,31.0,0.157,Genova,44.4056,8.9463
2026-07-07T15:00,28.7,60,20.0,33.0,0.0,0.0,0.0,0.0,0.0,1,1018.4,1017.1,41,0,2,40,9.8,172,33.5,884.0,739.0,145.0,818.7,3600.0,0.63,1.59,31.2,0.155,Genova,44.4056,8.9463
2026-07-07T16:00,28.7,52,17.9,31.6,0.0,0.0,0.0,0.0,0.0,0,1017.8,1016.5,11,0,3,8,8.6,151,28.4,773.0,605.0,168.0,723.4,3600.0,0.57,1.88,31.2,0.153,Genova,44.4056,8.9463
2026-07-07T17:00,28.3,52,17.5,30.2,0.0,0.0,0.0,0.0,0.0,0,1017.6,1016.3,16,0,3,13,10.4,160,28.4,691.0,575.0,116.0,786.3,3600.0,0.51,1.84,31.1,0.151,Genova,44.4056,8.9463
2026-07-07T18:00,27.6,55,17.8,29.1,0.0,0.0,0.0,0.0,0.0,0,1017.2,1015.9,15,0,0,15,8.5,153,28.4,549.0,450.0,99.0,756.7,3600.0,0.4,1.65,30.6,0.149,Genova,44.4056,8.9463
2026-07-07T19:00,27.0,59,18.4,28.9,0.0,0.0,0.0,0.0,0.0,1,1016.7,1015.4,37,0,0,37,8.1,152,24.1,376.0,289.0,87.0,663.1,3600.0,0.27,1.45,29.9,0.148,Genova,44.4056,8.9463
2026-07-07T20:00,25.8,73,20.5,28.9,0.0,0.0,0.0,0.0,0.0,2,1016.5,1015.2,78,0,0,78,6.3,127,21.2,197.0,125.0,72.0,470.7,3600.0,0.14,0.91,29.5,0.153,Genova,44.4056,8.9463
2026-07-07T21:00,24.6,76,20.0,27.7,0.0,0.0,0.0,0.0,0.0,3,1016.4,1015.1,87,0,0,87,4.8,115,13.7,44.0,10.0,34.0,95.3,1342.83,0.04,0.75,28.2,0.153,Genova,44.4056,8.9463
2026-07-07T22:00,24.0,75,19.4,26.9,0.0,0.0,0.0,0.0,0.0,2,1016.6,1015.3,67,0,0,67,4.4,125,10.8,0.0,0.0,0.0,0.0,0.0,0.03,0.74,27.1,0.153,Genova,44.4056,8.9463
2026-07-07T23:00,23.7,78,19.6,26.7,0.0,0.0,0.0,0.0,0.0,2,1016.9,1015.6,74,1,0,74,4.4,125,9.7,0.0,0.0,0.0,0.0,0.0,0.0,0.65,26.2,0.153,Genova,44.4056,8.9463
2026-07-08T00:00,23.5,80,19.8,26.7,0.0,0.0,0.0,0.0,0.0,3,1016.8,1015.5,82,9,0,80,3.3,119,9.7,0.0,0.0,0.0,0.0,0.0,0.0,0.59,25.4,0.153,Genova,44.4056,8.9463
2026-07-08T01:00,23.3,80,19.6,26.5,0.0,0.0,0.0,0.0,0.0,3,1016.7,1015.4,95,10,0,95,2.7,113,7.6,0.0,0.0,0.0,0.0,0.0,0.0,0.57,24.8,0.153,Genova,44.4056,8.9463
2026-07-08T02:00,22.7,82,19.5,25.8,0.0,0.0,0.0,0.0,0.0,2,1016.3,1015.0,77,17,0,72,3.9,112,6.1,0.0,0.0,0.0,0.0,0.0,0.0,0.49,24.7,0.159,Genova,44.4056,8.9463
2026-07-08T03:00,22.8,82,19.5,25.9,0.0,0.0,0.0,0.0,0.0,1,1015.8,1014.5,47,5,0,44,3.2,117,8.3,0.0,0.0,0.0,0.0,0.0,0.0,0.5,24.3,0.159,Genova,44.4056,8.9463
2026-07-08T04:00,21.9,84,19.1,24.9,0.0,0.0,0.0,0.0,0.0,1,1015.6,1014.3,45,11,0,39,2.8,79,6.5,0.0,0.0,0.0,0.0,0.0,0.0,0.42,23.7,0.159,Genova,44.4056,8.9463
2026-07-08T05:00,21.6,84,18.8,24.5,0.0,0.0,0.0,0.0,0.0,1,1015.1,1013.8,23,5,0,20,2.5,69,6.1,0.0,0.0,0.0,0.0,0.0,0.0,0.41,23.2,0.159,Genova,44.4056,8.9463
2026-07-08T06:00,21.2,85,18.6,24.0,0.0,0.0,0.0,0.0,0.0,1,1015.0,1013.7,30,14,0,20,2.6,65,6.5,0.0,0.0,0.0,0.0,0.0,0.02,0.37,22.8,0.159,Genova,44.4056,8.9463
2026-07-08T07:00,22.6,85,20.0,26.0,0.0,0.0,0.0,0.0,0.0,1,1015.1,1013.8,34,20,4,16,3.2,71,7.2,56.0,25.0,31.0,233.1,3600.0,0.03,0.4,23.0,0.159,Genova,44.4056,8.9463
2026-07-08T08:00,23.9,86,21.4,27.5,0.0,0.0,0.0,0.0,0.0,3,1015.1,1013.8,83,80,2,17,6.2,139,11.5,196.0,124.0,72.0,459.0,3600.0,0.12,0.42,23.3,0.175,Genova,44.4056,8.9463
2026-07-08T09:00,24.8,83,21.8,28.6,0.0,0.0,0.0,0.0,0.0,1,1015.0,1013.7,42,34,0,13,6.4,151,18.7,364.0,266.0,98.0,604.3,3600.0,0.23,0.52,24.4,0.174,Genova,44.4056,8.9463
2026-07-08T10:00,25.9,78,21.7,29.6,0.0,0.0,0.0,0.0,0.0,1,1014.8,1013.5,24,15,0,11,7.2,161,22.3,534.0,415.0,119.0,693.4,3600.0,0.35,0.75,25.6,0.173,Genova,44.4056,8.9463
2026-07-08T11:00,26.3,78,22.3,31.0,0.0,0.0,0.0,0.0,0.0,1,1014.8,1013.5,28,12,0,18,7.7,171,24.1,672.0,515.0,157.0,701.4,3600.0,0.45,0.74,26.8,0.171,Genova,44.4056,8.9463
2026-07-08T12:00,26.9,75,22.1,32.1,0.0,0.0,0.0,0.0,0.0,1,1014.6,1013.3,34,5,0,31,9.0,179,27.0,803.0,658.0,145.0,785.0,3600.0,0.54,0.89,27.9,0.169,Genova,44.4056,8.9463
2026-07-08T13:00,27.1,73,21.9,32.5,0.0,0.0,0.0,0.0,0.0,1,1014.5,1013.2,46,2,0,45,9.8,187,29.5,877.0,726.0,151.0,803.7,3600.0,0.59,0.96,28.8,0.167,Genova,44.4056,8.9463
2026-07-08T14:00,28.3,66,21.3,33.5,0.0,0.0,0.0,0.0,0.0,1,1014.0,1012.7,23,0,0,23,9.2,182,29.2,892.0,736.0,156.0,795.6,3600.0,0.63,1.3,29.7,0.187,Genova,44.4056,8.9463
2026-07-08T15:00,27.6,68,21.3,32.7,0.0,0.0,0.0,0.0,0.0,1,1013.4,1012.1,40,0,1,39,9.4,180,28.8,886.0,754.0,132.0,835.9,3600.0,0.61,1.17,30.0,0.184,Genova,44.4056,8.9463
2026-07-08T16:00,27.3,71,21.6,32.3,0.0,0.0,0.0,0.0,0.0,2,1013.0,1011.7,50,0,0,50,9.0,182,28.1,819.0,703.0,116.0,841.2,3600.0,0.56,1.06,30.2,0.181,Genova,44.4056,8.9463
2026-07-08T17:00,27.0,71,21.3,31.3,0.0,0.0,0.0,0.0,0.0,2,1012.8,1011.5,72,0,0,72,7.6,180,26.6,694.0,572.0,122.0,782.8,3600.0,0.48,1.03,30.1,0.179,Genova,44.4056,8.9463
2026-07-08T18:00,26.7,73,21.4,30.3,0.0,0.0,0.0,0.0,0.0,2,1012.3,1011.0,77,0,1,77,6.1,183,22.3,537.0,419.0,118.0,705.4,3600.0,0.37,0.95,29.7,0.177,Genova,44.4056,8.9463
2026-07-08T19:00,26.1,74,21.2,29.9,0.0,0.0,0.0,0.0,0.0,2,1011.9,1010.6,54,0,1,54,5.0,167,19.1,360.0,251.0,109.0,576.9,3600.0,0.24,0.86,29.2,0.177,Genova,44.4056,8.9463
2026-07-08T20:00,25.6,81,22.0,29.9,0.0,0.0,0.0,0.0,0.0,2,1011.9,1010.6,67,0,1,66,4.6,126,15.1,188.0,106.0,82.0,400.5,3600.0,0.12,0.64,28.6,0.176,Genova,44.4056,8.9463
2026-07-08T21:00,24.3,87,22.0,28.7,0.0,0.0,0.0,0.0,0.0,2,1011.7,1010.4,73,0,1,72,3.1,126,10.8,51.0,18.0,33.0,172.2,3600.0,0.03,0.39,27.5,0.176,Genova,44.4056,8.9463
2026-07-08T22:00,23.5,89,21.5,27.8,0.0,0.0,0.0,0.0,0.0,2,1012.1,1010.8,70,0,1,70,2.8,108,6.1,0.0,0.0,0.0,0.0,0.0,0.02,0.33,26.4,0.176,Genova,44.4056,8.9463
2026-07-08T23:00,23.2,86,20.8,27.2,0.0,0.0,0.0,0.0,0.0,2,1012.3,1011.0,60,0,0,60,2.0,63,7.6,0.0,0.0,0.0,0.0,0.0,0.0,0.39,25.5,0.176,Genova,44.4056,8.9463
2026-07-09T00:00,23.7,77,19.5,26.9,0.0,0.0,0.0,0.0,0.0,1,1012.5,1011.2,47,0,0,46,2.5,60,6.1,0.0,0.0,0.0,0.0,0.0,0.0,0.66,24.7,0.176,Genova,44.4056,8.9463
2026-07-09T01:00,23.0,70,17.2,25.1,0.0,0.0,0.0,0.0,0.0,0,1012.1,1010.8,16,0,0,16,2.8,27,8.3,0.0,0.0,0.0,0.0,0.0,0.0,0.84,24.1,0.177,Genova,44.4056,8.9463
2026-07-09T02:00,22.8,70,17.0,24.7,0.0,0.0,0.0,0.0,0.0,0,1011.9,1010.6,4,0,0,4,3.7,55,9.4,0.0,0.0,0.0,0.0,0.0,0.0,0.83,23.9,0.165,Genova,44.4056,8.9463
2026-07-09T03:00,22.5,67,16.0,24.2,0.0,0.0,0.0,0.0,0.0,0,1011.7,1010.4,0,0,0,0,2.4,27,8.6,0.0,0.0,0.0,0.0,0.0,0.0,0.91,23.4,0.165,Genova,44.4056,8.9463
2026-07-09T04:00,22.1,63,14.8,23.3,0.0,0.0,0.0,0.0,0.0,0,1011.4,1010.1,0,0,0,0,2.6,25,9.4,0.0,0.0,0.0,0.0,0.0,0.0,0.97,23.0,0.165,Genova,44.4056,8.9463
2026-07-09T05:00,21.5,61,13.6,22.1,0.0,0.0,0.0,0.0,0.0,0,1011.4,1010.1,0,0,0,0,3.7,14,11.5,0.0,0.0,0.0,0.0,0.0,0.01,1.0,22.7,0.165,Genova,44.4056,8.9463
2026-07-09T06:00,20.7,63,13.5,21.0,0.0,0.0,0.0,0.0,0.0,0,1011.3,1010.0,0,0,0,0,5.1,18,15.1,0.0,0.0,0.0,0.0,0.0,0.04,0.89,22.5,0.165,Genova,44.4056,8.9463
2026-07-09T07:00,21.2,72,15.9,22.2,0.0,0.0,0.0,0.0,0.0,0,1011.5,1010.2,0,0,0,0,6.8,18,17.3,56.0,28.0,28.0,263.2,3600.0,0.05,0.71,22.5,0.165,Genova,44.4056,8.9463
2026-07-09T08:00,24.5,70,18.6,26.2,0.0,0.0,0.0,0.0,0.0,0,1011.4,1010.1,1,1,0,0,9.9,5,18.0,201.0,136.0,65.0,506.8,3600.0,0.15,0.93,23.1,0.165,Genova,44.4056,8.9463
2026-07-09T09:00,26.9,70,21.0,30.8,0.0,0.0,0.0,0.0,0.0,0,1011.6,1010.3,0,0,0,0,3.6,311,20.9,377.0,292.0,85.0,665.8,3600.0,0.26,1.07,24.4,0.164,Genova,44.4056,8.9463
2026-07-09T10:00,28.4,67,21.6,32.4,0.0,0.0,0.0,0.0,0.0,0,1011.7,1010.4,0,0,0,0,4.8,259,16.2,548.0,450.0,98.0,753.7,3600.0,0.39,1.29,26.0,0.163,Genova,44.4056,8.9463
2026-07-09T11:00,29.4,64,21.8,34.5,0.0,0.0,0.0,0.0,0.0,0,1011.8,1010.5,0,0,0,0,4.0,249,17.6,698.0,590.0,108.0,804.9,3600.0,0.51,1.48,27.5,0.161,Genova,44.4056,8.9463
2026-07-09T12:00,30.1,62,22.0,36.1,0.0,0.0,0.0,0.0,0.0,0,1011.7,1010.4,0,0,0,0,3.9,223,17.6,814.0,698.0,116.0,833.8,3600.0,0.6,1.61,28.8,0.159,Genova,44.4056,8.9463
2026-07-09T13:00,29.9,66,22.8,36.3,0.0,0.0,0.0,0.0,0.0,0,1011.6,1010.3,4,3,0,0,6.6,196,23.0,872.0,741.0,131.0,821.1,3600.0,0.64,1.44,29.9,0.157,Genova,44.4056,8.9463
2026-07-09T14:00,31.2,64,23.7,38.3,0.0,0.0,0.0,0.0,0.0,0,1011.2,1010.0,9,1,6,2,6.6,193,28.8,891.0,756.0,135.0,817.9,3600.0,0.67,1.61,30.6,0.155,Genova,44.4056,8.9463
2026-07-09T15:00,30.2,67,23.5,36.1,0.0,0.0,0.0,0.0,0.0,0,1011.0,1009.7,2,0,2,1,10.3,184,29.5,831.0,673.0,158.0,746.7,3600.0,0.61,1.41,31.2,0.153,Genova,44.4056,8.9463
2026-07-09T16:00,29.9,59,21.0,34.3,0.0,0.0,0.0,0.0,0.0,0,1010.9,1009.6,2,0,2,1,9.5,169,29.9,794.0,668.0,126.0,799.9,3600.0,0.59,1.74,31.4,0.151,Genova,44.4056,8.9463
2026-07-09T17:00,29.8,54,19.5,33.3,0.0,0.0,0.0,0.0,0.0,0,1010.9,1009.6,1,0,0,1,6.1,166,26.3,680.0,564.0,116.0,772.6,3600.0,0.5,1.94,31.4,0.149,Genova,44.4056,8.9463
2026-07-09T18:00,29.5,55,19.6,32.5,0.0,0.0,0.0,0.0,0.0,0,1010.7,1009.4,0,0,0,0,4.2,175,19.1,536.0,436.0,100.0,734.8,3600.0,0.39,1.83,31.2,0.148,Genova,44.4056,8.9463
2026-07-09T19:00,29.1,59,20.3,32.9,0.0,0.0,0.0,0.0,0.0,0,1010.4,1009.1,0,0,0,0,1.7,198,14.8,370.0,287.0,83.0,660.8,3600.0,0.25,1.65,30.7,0.147,Genova,44.4056,8.9463
2026-07-09T20:00,28.2,81,24.7,34.7,0.0,0.0,0.0,0.0,0.0,0,1010.3,1009.0,5,0,0,5,0.8,315,8.6,194.0,129.0,65.0,489.1,3600.0,0.13,0.71,30.3,0.147,Genova,44.4056,8.9463
2026-07-09T21:00,26.8,87,24.5,33.0,0.0,0.0,0.0,0.0,0.0,0,1010.4,1009.1,9,0,0,9,1.3,360,4.3,52.0,25.0,27.0,240.2,3600.0,0.03,0.46,29.2,0.147,Genova,44.4056,8.9463
2026-07-09T22:00,25.6,86,23.1,30.5,0.0,0.0,0.0,0.0,0.0,0,1010.8,1009.5,7,0,1,6,3.9,24,10.1,0.0,0.0,0.0,0.0,0.0,0.02,0.46,28.1,0.147,Genova,44.4056,8.9463
2026-07-09T23:00,24.9,77,20.6,28.5,0.0,0.0,0.0,0.0,0.0,0,1011.3,1010.0,11,0,1,10,3.6,30,12.2,0.0,0.0,0.0,0.0,0.0,0.0,0.72,27.2,0.147,Genova,44.4056,8.9463
2026-07-10T00:00,24.8,68,18.4,27.3,0.0,0.0,0.0,0.0,0.0,0,1011.7,1010.4,14,0,1,13,4.1,34,13.0,0.0,0.0,0.0,0.0,0.0,0.01,1.01,26.6,0.147,Genova,44.4056,8.9463
2026-07-10T01:00,24.2,66,17.5,26.1,0.0,0.0,0.0,0.0,0.0,0,1011.8,1010.5,10,0,1,9,5.9,31,16.2,0.0,0.0,0.0,0.0,0.0,0.02,1.02,26.0,0.147,Genova,44.4056,8.9463
2026-07-10T02:00,24.0,67,17.4,26.0,0.0,0.0,0.0,0.0,0.0,0,1012.0,1010.7,1,0,0,1,4.1,41,16.2,0.0,0.0,0.0,0.0,0.0,0.01,0.99,25.5,0.15,Genova,44.4056,8.9463
2026-07-10T03:00,24.6,62,16.9,26.6,0.0,0.0,0.0,0.0,0.0,0,1012.0,1010.7,0,0,0,0,2.9,43,11.2,0.0,0.0,0.0,0.0,0.0,0.0,1.17,25.0,0.15,Genova,44.4056,8.9463
2026-07-10T04:00,24.5,62,16.8,26.6,0.0,0.0,0.0,0.0,0.0,0,1012.1,1010.8,0,0,0,0,1.8,37,7.6,0.0,0.0,0.0,0.0,0.0,0.0,1.17,24.5,0.15,Genova,44.4056,8.9463
2026-07-10T05:00,24.2,63,16.6,26.2,0.0,0.0,0.0,0.0,0.0,0,1012.2,1010.9,2,0,2,0,2.3,29,6.1,0.0,0.0,0.0,0.0,0.0,0.0,1.12,24.1,0.15,Genova,44.4056,8.9463
2026-07-10T06:00,23.7,66,16.9,25.6,0.0,0.0,0.0,0.0,0.0,0,1012.6,1011.3,3,0,3,0,3.6,27,9.7,0.0,0.0,0.0,0.0,0.0,0.04,1.01,23.8,0.15,Genova,44.4056,8.9463
2026-07-10T07:00,24.2,71,18.7,26.9,0.0,0.0,0.0,0.0,0.0,0,1013.0,1011.7,2,0,2,0,3.5,24,11.2,53.0,25.0,28.0,237.1,3600.0,0.04,0.86,24.0,0.15,Genova,44.4056,8.9463
2026-07-10T08:00,25.7,79,21.8,30.3,0.0,0.0,0.0,0.0,0.0,0,1013.2,1011.9,0,0,0,0,1.5,14,10.8,193.0,126.0,67.0,472.8,3600.0,0.12,0.68,24.7,0.156,Genova,44.4056,8.9463
2026-07-10T09:00,27.3,68,20.8,30.8,0.0,0.0,0.0,0.0,0.0,0,1013.8,1012.5,1,0,1,0,5.2,176,15.8,365.0,277.0,88.0,634.1,3600.0,0.26,1.17,25.8,0.155,Genova,44.4056,8.9463
2026-07-10T10:00,27.8,72,22.3,32.0,0.0,0.0,0.0,0.0,0.0,0,1014.0,1012.7,2,0,2,0,6.0,187,19.1,533.0,429.0,104.0,720.4,3600.0,0.37,1.03,27.0,0.154,Genova,44.4056,8.9463
2026-07-10T11:00,28.4,72,22.9,33.5,0.0,0.0,0.0,0.0,0.0,0,1014.3,1013.0,1,0,1,0,7.2,192,22.7,681.0,565.0,116.0,772.2,3600.0,0.48,1.07,28.2,0.152,Genova,44.4056,8.9463
2026-07-10T12:00,29.0,68,22.6,34.6,0.0,0.0,0.0,0.0,0.0,0,1014.5,1013.2,1,0,1,0,7.7,189,24.5,794.0,667.0,127.0,797.8,3600.0,0.57,1.26,29.2,0.151,Genova,44.4056,8.9463
2026-07-10T13:00,29.3,70,23.4,35.4,0.0,0.0,0.0,0.0,0.0,0,1014.5,1013.2,2,1,2,0,9.3,196,27.7,849.0,702.0,147.0,778.8,3600.0,0.61,1.21,30.2,0.149,Genova,44.4056,8.9463
2026-07-10T14:00,29.7,69,23.4,36.2,0.0,0.0,0.0,0.0,0.0,1,1014.5,1013.2,34,26,7,8,7.8,202,30.2,874.0,724.0,150.0,784.0,3600.0,0.63,1.29,31.9,0.144,Genova,44.4056,8.9463
2026-07-10T15:00,30.4,64,22.7,36.6,0.0,0.0,0.0,0.0,0.0,0,1014.1,1012.8,2,0,1,2,6.3,165,22.7,851.0,708.0,143.0,786.2,3600.0,0.63,1.58,32.3,0.143,Genova,44.4056,8.9463
2026-07-10T16:00,30.0,67,23.3,35.4,0.0,0.0,0.0,0.0,0.0,0,1013.5,1012.2,3,0,1,2,10.3,187,29.5,772.0,641.0,131.0,768.2,3600.0,0.56,1.39,32.5,0.141,Genova,44.4056,8.9463
2026-07-10T17:00,29.5,70,23.5,35.0,0.0,0.0,0.0,0.0,0.0,2,1014.4,1013.1,59,1,58,0,8.5,198,29.5,704.0,594.0,110.0,814.5,3600.0,0.51,1.23,32.5,0.14,Genova,44.4056,8.9463
2026-07-10T18:00,28.9,72,23.3,33.9,0.0,0.0,0.0,0.0,0.0,0,1014.0,1012.7,4,0,3,1,4.8,149,25.9,470.0,338.0,132.0,570.4,3600.0,0.34,1.13,32.0,0.139,Genova,44.4056,8.9463
2026-07-10T19:00,28.6,75,23.7,33.8,0.0,0.0,0.0,0.0,0.0,0,1014.1,1012.8,2,0,1,1,5.1,176,17.6,357.0,266.0,91.0,613.7,3600.0,0.25,0.98,31.5,0.138,Genova,44.4056,8.9463
2026-07-10T20:00,28.0,79,24.1,33.2,0.0,0.0,0.0,0.0,0.0,0,1013.8,1012.5,15,0,0,15,6.0,175,17.3,190.0,123.0,67.0,468.2,3600.0,0.13,0.78,30.6,0.137,Genova,44.4056,8.9463
2026-07-10T21:00,26.5,87,24.3,32.0,0.0,0.0,0.0,0.0,0.0,2,1014.3,1013.0,73,0,0,73,5.1,172,15.8,46.0,19.0,27.0,183.5,3600.0,0.03,0.43,29.6,0.137,Genova,44.4056,8.9463
2026-07-10T22:00,25.9,90,24.1,31.8,0.0,0.0,0.0,0.0,0.0,3,1014.9,1013.6,97,0,2,96,1.8,79,11.5,0.0,0.0,0.0,0.0,0.0,0.01,0.34,28.5,0.137,Genova,44.4056,8.9463
2026-07-10T23:00,25.3,93,24.0,31.0,0.0,0.0,0.0,0.0,0.0,3,1015.0,1013.7,98,0,0,98,2.5,356,5.8,0.0,0.0,0.0,0.0,0.0,0.0,0.23,27.7,0.138,Genova,44.4056,8.9463
2026-07-11T00:00,24.4,95,23.6,29.6,0.0,0.0,0.0,0.0,0.0,3,1015.7,1014.4,98,27,1,98,4.2,5,9.7,0.0,0.0,0.0,0.0,0.0,0.0,0.15,27.1,0.138,Genova,44.4056,8.9463
2026-07-11T01:00,24.0,93,22.8,29.0,0.0,0.0,0.0,0.0,0.0,3,1015.7,1014.4,99,70,15,98,2.4,9,11.5,0.0,0.0,0.0,0.0,0.0,0.0,0.2,26.6,0.138,Genova,44.4056,8.9463
2026-07-11T02:00,24.4,88,22.2,29.2,0.0,0.0,0.0,0.0,0.0,3,1015.3,1014.0,95,0,0,95,1.1,18,8.6,0.0,0.0,0.0,0.0,0.0,0.0,0.38,26.2,0.134,Genova,44.4056,8.9463
2026-07-11T03:00,24.2,86,21.8,28.7,0.0,0.0,0.0,0.0,0.0,0,1014.9,1013.6,16,0,0,16,2.1,70,6.8,0.0,0.0,0.0,0.0,0.0,0.0,0.42,25.7,0.134,Genova,44.4056,8.9463
2026-07-11T04:00,23.6,85,21.0,27.7,0.0,0.0,0.0,0.0,0.0,0,1015.1,1013.8,6,0,0,6,2.2,5,7.6,0.0,0.0,0.0,0.0,0.0,0.0,0.43,25.1,0.135,Genova,44.4056,8.9463
2026-07-11T05:00,22.7,86,20.2,25.6,0.0,0.0,0.0,0.0,0.0,1,1015.4,1014.1,20,0,2,19,7.2,14,15.5,0.0,0.0,0.0,0.0,0.0,0.0,0.39,24.7,0.135,Genova,44.4056,8.9463
2026-07-11T06:00,21.9,84,19.1,24.8,0.0,0.0,0.0,0.0,0.0,0,1015.4,1014.1,16,3,13,0,3.0,17,15.5,0.0,0.0,0.0,0.0,0.0,0.02,0.42,24.4,0.135,Genova,44.4056,8.9463
2026-07-11T07:00,23.3,80,19.8,27.0,0.0,0.0,0.0,0.0,0.0,0,1015.5,1014.2,2,2,0,0,0.7,14,10.8,51.0,24.0,27.0,229.6,3600.0,0.02,0.56,24.3,0.135,Genova,44.4056,8.9463
2026-07-11T08:00,25.8,73,20.5,29.7,0.0,0.0,0.0,0.0,0.0,0,1016.0,1014.7,2,0,0,1,1.5,54,9.4,194.0,128.0,66.0,483.8,3600.0,0.12,0.9,25.1,0.135,Genova,44.4056,8.9463
2026-07-11T09:00,26.5,76,21.9,30.3,0.0,0.0,0.0,0.0,0.0,0,1016.2,1014.9,14,7,6,2,6.8,169,20.9,358.0,267.0,91.0,613.6,3600.0,0.24,0.83,26.1,0.134,Genova,44.4056,8.9463
2026-07-11T10:00,27.1,72,21.7,30.7,0.0,0.0,0.0,0.0,0.0,1,1016.3,1015.0,29,2,27,3,7.7,164,24.1,508.0,385.0,123.0,648.2,3600.0,0.35,0.99,27.1,0.134,Genova,44.4056,8.9463
2026-07-11T11:00,27.9,69,21.7,32.1,0.0,0.0,0.0,0.0,0.0,0,1016.4,1015.1,9,1,9,0,8.0,171,25.2,665.0,528.0,137.0,723.0,3600.0,0.47,1.16,28.2,0.133,Genova,44.4056,8.9463
2026-07-11T12:00,28.4,70,22.4,33.5,0.0,0.0,0.0,0.0,0.0,0,1016.5,1015.2,2,2,0,0,9.6,177,28.8,779.0,635.0,144.0,760.6,3600.0,0.55,1.15,29.3,0.132,Genova,44.4056,8.9463
2026-07-11T13:00,28.5,72,23.0,34.3,0.0,0.0,0.0,0.0,0.0,1,1016.4,1015.1,27,27,0,0,10.1,180,30.6,864.0,721.0,143.0,800.7,3600.0,0.6,1.09,30.2,0.131,Genova,44.4056,8.9463
2026-07-11T14:00,29.7,68,23.1,34.8,0.0,0.0,0.0,0.0,0.0,0,1015.8,1014.5,6,6,0,0,14.0,181,35.3,844.0,634.0,210.0,687.2,3600.0,0.6,1.35,31.4,0.129,Genova,44.4056,8.9463
2026-07-11T15:00,28.6,69,22.3,33.6,0.0,0.0,0.0,0.0,0.0,1,1016.3,1015.0,29,1,0,28,11.0,199,38.5,824.0,656.0,168.0,729.1,3600.0,0.58,1.22,31.7,0.128,Genova,44.4056,8.9463
2026-07-11T16:00,29.1,59,20.4,33.7,0.0,0.0,0.0,0.0,0.0,2,1016.1,1014.8,66,1,1,66,3.8,175,31.3,710.0,516.0,194.0,619.0,3600.0,0.52,1.63,31.9,0.127,Genova,44.4056,8.9463
2026-07-11T17:00,29.2,63,21.4,32.8,0.0,0.0,0.0,0.0,0.0,2,1015.7,1014.4,79,2,0,78,8.3,158,24.5,585.0,412.0,173.0,565.5,3600.0,0.44,1.51,31.9,0.126,Genova,44.4056,8.9463
2026-07-11T18:00,28.9,67,22.1,33.0,0.0,0.0,0.0,0.0,0.0,2,1015.7,1014.4,69,1,0,68,5.9,225,24.5,437.0,244.0,193.0,412.4,3600.0,0.33,1.32,31.5,0.126,Genova,44.4056,8.9463
2026-07-11T19:00,28.6,71,22.8,33.4,0.0,0.0,0.0,0.0,0.0,3,1015.3,1014.0,89,0,1,89,4.2,133,18.0,298.0,161.0,137.0,372.3,3600.0,0.22,1.15,31.1,0.125,Genova,44.4056,8.9463
2026-07-11T20:00,27.5,75,22.6,32.3,0.0,0.0,0.0,0.0,0.0,3,1015.7,1014.4,95,0,0,95,3.1,220,18.4,144.0,47.0,97.0,179.7,3589.58,0.1,0.93,30.3,0.125,Genova,44.4056,8.9463
2026-07-11T21:00,26.2,81,22.6,30.8,0.0,0.0,0.0,0.0,0.0,3,1015.6,1014.3,80,0,0,80,4.6,189,10.8,37.0,4.0,33.0,38.8,0.0,0.03,0.66,29.3,0.125,Genova,44.4056,8.9463
2026-07-11T22:00,25.3,86,22.8,30.4,0.0,0.0,0.0,0.0,0.0,2,1016.3,1015.0,70,0,0,70,1.8,135,10.4,0.0,0.0,0.0,0.0,0.0,0.01,0.45,28.2,0.125,Genova,44.4056,8.9463
2026-07-11T23:00,24.5,88,22.5,29.5,0.0,0.0,0.0,0.0,0.0,0,1016.6,1015.3,0,0,0,0,1.3,45,5.0,0.0,0.0,0.0,0.0,0.0,0.0,0.36,27.1,0.125,Genova,44.4056,8.9463
2026-07-12T00:00,23.9,89,21.9,28.5,0.0,0.0,0.0,0.0,0.0,0,1016.6,1015.3,0,0,0,0,1.5,36,5.4,0.0,0.0,0.0,0.0,0.0,0.0,0.33,26.3,0.126,Genova,44.4056,8.9463
2026-07-12T01:00,23.4,87,21.2,27.4,0.0,0.0,0.0,0.0,0.0,1,1016.6,1015.3,34,0,0,34,3.1,28,7.9,0.0,0.0,0.0,0.0,0.0,0.0,0.36,25.6,0.126,Genova,44.4056,8.9463
2026-07-12T02:00,22.2,75,17.5,24.5,0.0,0.0,0.0,0.0,0.0,3,1015.6,1014.3,90,0,0,90,2.2,24,8.6,0.0,0.0,0.0,0.0,0.0,0.0,0.67,25.1,0.129,Genova,44.4056,8.9463
2026-07-12T03:00,22.7,66,16.1,24.1,0.0,0.0,0.0,0.0,0.0,2,1015.6,1014.3,70,0,0,70,4.6,21,13.7,0.0,0.0,0.0,0.0,0.0,0.01,0.93,24.7,0.129,Genova,44.4056,8.9463
2026-07-12T04:00,22.9,64,15.8,24.4,0.0,0.0,0.0,0.0,0.0,3,1015.8,1014.5,84,0,0,84,3.1,13,13.0,0.0,0.0,0.0,0.0,0.0,0.0,0.99,24.3,0.129,Genova,44.4056,8.9463
2026-07-12T05:00,22.8,65,15.9,24.2,0.0,0.0,0.0,0.0,0.0,2,1016.1,1014.8,55,1,0,55,4.1,13,11.5,0.0,0.0,0.0,0.0,0.0,0.01,0.96,24.1,0.129,Genova,44.4056,8.9463
2026-07-12T06:00,22.2,68,16.0,23.6,0.0,0.0,0.0,0.0,0.0,2,1016.4,1015.1,65,0,0,65,4.6,18,12.6,0.0,0.0,0.0,0.0,0.0,0.04,0.86,23.8,0.129,Genova,44.4056,8.9463
2026-07-12T07:00,22.2,74,17.3,23.8,0.0,0.0,0.0,0.0,0.0,3,1016.4,1015.1,82,0,0,82,6.9,17,16.2,49.0,19.0,30.0,183.5,3600.0,0.04,0.71,23.8,0.129,Genova,44.4056,8.9463
2026-07-12T08:00,24.8,77,20.6,28.6,0.0,0.0,0.0,0.0,0.0,3,1016.7,1015.4,89,0,0,89,2.2,14,16.2,180.0,98.0,82.0,373.2,3600.0,0.11,0.71,24.2,0.132,Genova,44.4056,8.9463
2026-07-12T09:00,26.9,73,21.7,31.3,0.0,0.0,0.0,0.0,0.0,0,1016.8,1015.5,14,0,0,14,2.1,308,10.4,350.0,240.0,110.0,553.8,3600.0,0.24,0.95,25.4,0.132,Genova,44.4056,8.9463
2026-07-12T10:00,28.3,64,20.9,32.1,0.0,0.0,0.0,0.0,0.0,0,1016.8,1015.5,7,0,0,7,4.0,262,15.5,533.0,424.0,109.0,715.7,3600.0,0.38,1.38,26.8,0.131,Genova,44.4056,8.9463
2026-07-12T11:00,29.2,60,20.7,33.2,0.0,0.0,0.0,0.0,0.0,0,1016.9,1015.6,16,0,0,16,6.9,237,22.3,688.0,573.0,115.0,786.1,3600.0,0.5,1.6,28.2,0.13,Genova,44.4056,8.9463
2026-07-12T12:00,29.7,64,22.2,35.2,0.0,0.0,0.0,0.0,0.0,0,1017.0,1015.7,8,2,1,5,7.1,218,24.1,794.0,669.0,125.0,802.5,3600.0,0.58,1.48,29.5,0.129,Genova,44.4056,8.9463
2026-07-12T13:00,29.7,68,23.1,35.5,0.0,0.0,0.0,0.0,0.0,0,1017.0,1015.7,7,0,4,2,8.4,208,27.0,803.0,649.0,154.0,721.6,3600.0,0.59,1.35,30.5,0.128,Genova,44.4056,8.9463
2026-07-12T14:00,31.2,59,22.3,36.9,0.0,0.0,0.0,0.0,0.0,0,1016.5,1015.2,7,0,2,5,7.8,214,27.7,839.0,681.0,158.0,738.9,3600.0,0.63,1.84,31.7,0.136,Genova,44.4056,8.9463
2026-07-12T15:00,30.8,55,20.9,35.4,0.0,0.0,0.0,0.0,0.0,1,1016.2,1014.9,24,0,14,12,9.3,193,28.1,836.0,680.0,156.0,756.4,3600.0,0.63,1.98,32.2,0.135,Genova,44.4056,8.9463
2026-07-12T16:00,30.2,52,19.2,33.6,0.0,0.0,0.0,0.0,0.0,1,1016.2,1014.9,23,0,8,16,8.3,184,28.1,731.0,575.0,156.0,690.5,3600.0,0.56,2.07,32.3,0.133,Genova,44.4056,8.9463
2026-07-12T17:00,30.0,49,18.0,32.5,0.0,0.0,0.0,0.0,0.0,0,1016.2,1014.9,13,0,2,11,6.7,177,24.5,645.0,509.0,136.0,699.5,3600.0,0.49,2.18,32.2,0.132,Genova,44.4056,8.9463
2026-07-12T18:00,29.3,51,18.2,31.6,0.0,0.0,0.0,0.0,0.0,0,1016.1,1014.8,11,0,0,11,4.9,176,20.5,518.0,416.0,102.0,704.2,3600.0,0.38,1.98,31.9,0.131,Genova,44.4056,8.9463
2026-07-12T19:00,28.7,55,18.7,31.6,0.0,0.0,0.0,0.0,0.0,0,1016.1,1014.8,16,0,0,16,2.2,156,16.2,352.0,259.0,93.0,600.4,3600.0,0.24,1.77,31.3,0.13,Genova,44.4056,8.9463
2026-07-12T20:00,28.2,67,21.5,32.3,0.0,0.0,0.0,0.0,0.0,1,1016.0,1014.7,39,0,0,39,3.1,126,10.1,189.0,119.0,70.0,457.0,3600.0,0.13,1.26,31.0,0.121,Genova,44.4056,8.9463
2026-07-12T21:00,26.5,78,22.3,31.4,0.0,0.0,0.0,0.0,0.0,1,1016.0,1014.7,20,0,1,19,0.9,53,7.6,49.0,21.0,28.0,205.0,3600.0,0.02,0.76,29.7,0.121,Genova,44.4056,8.9463
2026-07-12T22:00,25.1,78,21.1,28.8,0.0,0.0,0.0,0.0,0.0,0,1016.4,1015.1,7,0,1,7,5.1,36,11.5,0.0,0.0,0.0,0.0,0.0,0.03,0.69,28.4,0.121,Genova,44.4056,8.9463
2026-07-12T23:00,24.6,68,18.2,27.0,0.0,0.0,0.0,0.0,0.0,0,1016.8,1015.5,16,0,1,16,4.4,35,13.0,0.0,0.0,0.0,0.0,0.0,0.01,1.0,27.5,0.121,Genova,44.4056,8.9463
2026-07-13T00:00,24.4,60,16.1,26.0,0.0,0.0,0.0,0.0,0.0,0,1017.1,1015.8,17,0,0,17,3.6,30,12.6,0.0,0.0,0.0,0.0,0.0,0.01,1.23,26.7,0.121,Genova,44.4056,8.9463
2026-07-13T01:00,24.4,57,15.4,25.6,0.0,0.0,0.0,0.0,0.0,2,1017.2,1015.9,52,0,0,52,4.3,28,13.3,0.0,0.0,0.0,0.0,0.0,0.02,1.31,26.1,0.121,Genova,44.4056,8.9463
2026-07-13T02:00,23.1,60,14.8,24.1,0.0,0.0,0.0,0.0,0.0,0,1017.0,1015.7,11,0,0,11,3.6,30,13.7,0.0,0.0,0.0,0.0,0.0,0.01,1.14,26.0,0.125,Genova,44.4056,8.9463
2026-07-13T03:00,24.1,52,13.6,24.7,0.0,0.0,0.0,0.0,0.0,1,1016.8,1015.5,46,0,0,46,3.8,25,13.0,0.0,0.0,0.0,0.0,0.0,0.02,1.44,25.5,0.124,Genova,44.4056,8.9463
2026-07-13T04:00,23.3,54,13.6,23.7,0.0,0.0,0.0,0.0,0.0,1,1016.6,1015.3,32,0,0,32,5.4,21,15.5,0.0,0.0,0.0,0.0,0.0,0.03,1.3,25.1,0.124,Genova,44.4056,8.9463
2026-07-13T05:00,22.5,58,13.8,23.1,0.0,0.0,0.0,0.0,0.0,1,1016.7,1015.4,27,0,0,27,4.2,18,16.2,0.0,0.0,0.0,0.0,0.0,0.01,1.15,24.7,0.124,Genova,44.4056,8.9463
2026-07-13T06:00,22.7,55,13.1,22.8,0.0,0.0,0.0,0.0,0.0,0,1017.2,1015.9,13,0,0,13,6.1,23,16.9,0.0,0.0,0.0,0.0,0.0,0.06,1.25,24.4,0.124,Genova,44.4056,8.9463
2026-07-13T07:00,23.0,59,14.6,23.6,0.0,0.0,0.0,0.0,0.0,0,1017.5,1016.2,9,0,0,9,6.7,20,17.6,50.0,24.0,26.0,234.0,3600.0,0.06,1.15,24.3,0.124,Genova,44.4056,8.9463
2026-07-13T08:00,25.2,69,19.0,27.2,0.0,0.0,0.0,0.0,0.0,2,1017.4,1016.1,54,0,0,54,8.9,13,19.1,193.0,128.0,65.0,491.2,3600.0,0.14,1.01,24.7,0.124,Genova,44.4056,8.9463
2026-07-13T09:00,28.8,53,18.3,31.1,0.0,0.0,0.0,0.0,0.0,2,1018.0,1016.7,66,0,1,66,5.1,324,19.1,361.0,267.0,94.0,618.7,3600.0,0.27,1.86,26.0,0.124,Genova,44.4056,8.9463
2026-07-13T10:00,29.7,52,18.7,32.6,0.0,0.0,0.0,0.0,0.0,2,1018.3,1017.0,73,0,0,73,1.7,311,14.8,516.0,381.0,135.0,644.9,3600.0,0.37,2.01,27.6,0.123,Genova,44.4056,8.9463
2026-07-13T11:00,30.6,49,18.5,34.2,0.0,0.0,0.0,0.0,0.0,2,1018.5,1017.2,75,0,0,75,1.6,186,13.3,656.0,492.0,164.0,676.3,3600.0,0.48,2.25,29.1,0.122,Genova,44.4056,8.9463
2026-07-13T12:00,31.4,47,18.6,35.3,0.0,0.0,0.0,0.0,0.0,2,1018.5,1017.2,70,0,2,70,4.9,176,18.7,775.0,590.0,185.0,708.8,3600.0,0.59,2.44,30.5,0.121,Genova,44.4056,8.9463
2026-07-13T13:00,31.6,49,19.5,35.9,0.0,0.0,0.0,0.0,0.0,2,1018.2,1016.9,59,0,10,59,8.4,173,25.9,878.0,742.0,136.0,826.0,3600.0,0.67,2.39,31.7,0.12,Genova,44.4056,8.9463
2026-07-13T14:00,32.4,46,19.2,36.7,0.0,0.0,0.0,0.0,0.0,3,1018.5,1017.2,96,0,17,96,8.5,187,27.7,901.0,751.0,150.0,815.7,3600.0,0.7,2.63,33.0,0.128,Genova,44.4056,8.9463
2026-07-13T15:00,31.6,46,18.6,35.1,0.0,0.0,0.0,0.0,0.0,3,1018.0,1016.7,85,0,0,85,6.6,169,25.9,770.0,472.0,298.0,525.6,3600.0,0.6,2.5,33.2,0.126,Genova,44.4056,8.9463
2026-07-13T16:00,31.6,48,19.1,34.9,0.0,0.0,0.0,0.0,0.0,2,1017.6,1016.3,76,0,0,76,6.3,180,22.0,689.0,446.0,243.0,536.1,3600.0,0.54,2.43,33.3,0.125,Genova,44.4056,8.9463
2026-07-13T17:00,31.3,52,20.2,34.6,0.0,0.0,0.0,0.0,0.0,3,1017.3,1016.0,80,0,8,79,6.9,173,20.9,603.0,399.0,204.0,549.0,3600.0,0.47,2.21,33.2,0.124,Genova,44.4056,8.9463
2026-07-13T18:00,30.1,57,20.8,33.3,0.0,0.0,0.0,0.0,0.0,3,1017.4,1016.1,91,0,5,90,7.5,191,27.4,452.0,287.0,165.0,486.6,3600.0,0.36,1.82,32.7,0.123,Genova,44.4056,8.9463
2026-07-13T19:00,29.1,60,20.6,32.7,0.0,0.0,0.0,0.0,0.0,3,1017.0,1015.7,95,0,3,95,3.9,167,20.9,257.0,86.0,171.0,199.9,3600.0,0.2,1.59,31.9,0.123,Genova,44.4056,8.9463
2026-07-13T20:00,28.6,70,22.7,33.3,0.0,0.0,0.0,0.0,0.0,1,1016.6,1015.3,20,0,13,8,3.5,195,12.2,117.0,24.0,93.0,92.6,978.7,0.1,1.15,31.2,0.125,Genova,44.4056,8.9463
2026-07-13T21:00,27.0,80,23.2,32.3,0.0,0.0,0.0,0.0,0.0,3,1016.7,1015.4,91,0,83,88,2.4,197,11.9,45.0,16.0,29.0,157.2,3600.0,0.03,0.73,30.1,0.125,Genova,44.4056,8.9463
2026-07-13T22:00,26.8,81,23.3,32.2,0.0,0.0,0.0,0.0,0.0,3,1017.3,1016.0,99,0,97,98,1.9,112,7.9,0.0,0.0,0.0,0.0,0.0,0.02,0.67,29.1,0.125,Genova,44.4056,8.9463
2026-07-13T23:00,26.6,83,23.4,31.9,0.0,0.0,0.0,0.0,0.0,2,1017.5,1016.2,69,0,27,64,2.3,135,8.6,0.0,0.0,0.0,0.0,0.0,0.0,0.6,28.3,0.125,Genova,44.4056,8.9463
2026-07-14T00:00,25.9,83,22.8,31.0,0.0,0.0,0.0,0.0,0.0,1,1017.5,1016.2,31,0,2,31,1.8,66,7.9,0.0,0.0,0.0,0.0,0.0,0.0,0.57,27.5,0.125,Genova,44.4056,8.9463
2026-07-14T01:00,25.2,77,21.0,29.1,0.0,0.0,0.0,0.0,0.0,1,1017.5,1016.2,38,0,0,38,3.5,78,9.4,0.0,0.0,0.0,0.0,0.0,0.0,0.73,26.7,0.125,Genova,44.4056,8.9463
2026-07-14T02:00,24.6,62,16.9,26.3,0.0,0.0,0.0,0.0,0.0,2,1017.4,1016.1,74,0,0,74,5.0,49,9.7,0.0,0.0,0.0,0.0,0.0,0.02,1.17,25.8,0.116,Genova,44.4056,8.9463
2026-07-14T03:00,24.5,60,16.1,25.9,0.0,0.0,0.0,0.0,0.0,0,1016.7,1015.4,0,0,0,0,4.6,48,13.0,0.0,0.0,0.0,0.0,0.0,0.02,1.24,25.2,0.116,Genova,44.4056,8.9463
2026-07-14T04:00,24.1,59,15.7,25.7,0.0,0.0,0.0,0.0,0.0,0,1016.4,1015.1,8,0,0,8,2.7,28,11.5,0.0,0.0,0.0,0.0,0.0,0.0,1.22,24.7,0.116,Genova,44.4056,8.9463
2026-07-14T05:00,24.1,58,15.3,25.6,0.0,0.0,0.0,0.0,0.0,1,1016.5,1015.2,21,0,0,21,1.9,49,8.3,0.0,0.0,0.0,0.0,0.0,0.0,1.27,24.1,0.116,Genova,44.4056,8.9463
2026-07-14T06:00,24.1,57,15.1,25.2,0.0,0.0,0.0,0.0,0.0,0,1016.6,1015.3,6,0,3,5,4.0,95,11.2,0.0,0.0,0.0,0.0,0.0,0.05,1.29,23.7,0.116,Genova,44.4056,8.9463
2026-07-14T07:00,25.3,61,17.2,27.2,0.0,0.0,0.0,0.0,0.0,0,1017.1,1015.8,9,0,0,9,4.2,110,11.9,49.0,24.0,25.0,236.3,3600.0,0.04,1.27,23.8,0.116,Genova,44.4056,8.9463
2026-07-14T08:00,26.7,57,17.4,28.3,0.0,0.0,0.0,0.0,0.0,1,1017.3,1016.0,32,0,0,32,7.2,108,15.5,187.0,123.0,64.0,475.7,3600.0,0.15,1.52,24.4,0.116,Genova,44.4056,8.9463
2026-07-14T09:00,27.7,58,18.6,29.5,0.0,0.0,0.0,0.0,0.0,1,1017.5,1016.2,20,0,0,20,9.4,135,24.8,362.0,271.0,91.0,630.7,3600.0,0.28,1.57,25.7,0.116,Genova,44.4056,8.9463
2026-07-14T10:00,28.4,61,20.1,30.9,0.0,0.0,0.0,0.0,0.0,1,1017.7,1016.4,31,0,0,31,9.8,142,27.4,525.0,414.0,111.0,702.8,3600.0,0.39,1.51,27.1,0.115,Genova,44.4056,8.9463
2026-07-14T11:00,28.9,65,21.8,32.5,0.0,0.0,0.0,0.0,0.0,0,1017.7,1016.4,6,1,0,5,11.7,155,31.7,640.0,487.0,153.0,670.8,3600.0,0.47,1.38,28.5,0.115,Genova,44.4056,8.9463
2026-07-14T12:00,29.2,69,22.9,33.6,0.0,0.0,0.0,0.0,0.0,0,1017.6,1016.3,10,4,0,7,13.5,157,36.4,724.0,540.0,184.0,649.7,3600.0,0.52,1.25,29.6,0.115,Genova,44.4056,8.9463
2026-07-14T13:00,29.5,68,23.1,34.6,0.0,0.0,0.0,0.0,0.0,0,1017.5,1016.2,12,4,0,9,13.4,162,37.4,828.0,639.0,189.0,712.3,3600.0,0.59,1.31,30.7,0.114,Genova,44.4056,8.9463
2026-07-14T14:00,31.0,64,23.3,36.7,0.0,0.0,0.0,0.0,0.0,1,1016.9,1015.6,24,0,0,24,12.6,182,36.4,883.0,731.0,152.0,794.9,3600.0,0.65,1.62,32.2,0.112,Genova,44.4056,8.9463
2026-07-14T15:00,30.1,63,22.3,35.3,0.0,0.0,0.0,0.0,0.0,1,1016.5,1015.2,43,0,2,41,11.0,186,36.0,863.0,722.0,141.0,804.8,3600.0,0.63,1.57,32.8,0.111,Genova,44.4056,8.9463
2026-07-14T16:00,29.8,62,21.7,34.5,0.0,0.0,0.0,0.0,0.0,1,1016.1,1014.8,26,0,2,24,9.4,182,32.0,769.0,633.0,136.0,761.8,3600.0,0.57,1.61,33.1,0.111,Genova,44.4056,8.9463
2026-07-14T17:00,29.5,64,22.0,33.3,0.0,0.0,0.0,0.0,0.0,1,1016.1,1014.8,20,0,0,20,10.6,195,29.9,637.0,487.0,150.0,671.0,3600.0,0.47,1.48,33.0,0.11,Genova,44.4056,8.9463
2026-07-14T18:00,28.6,69,22.4,32.1,0.0,0.0,0.0,0.0,0.0,0,1016.4,1015.1,7,0,1,7,11.1,192,31.0,521.0,410.0,111.0,696.5,3600.0,0.38,1.2,32.6,0.11,Genova,44.4056,8.9463
2026-07-14T19:00,27.8,72,22.4,31.8,0.0,0.0,0.0,0.0,0.0,1,1016.1,1014.8,20,2,1,18,8.0,188,29.5,354.0,264.0,90.0,615.3,3600.0,0.25,1.03,31.9,0.11,Genova,44.4056,8.9463
2026-07-14T20:00,27.5,79,23.6,31.9,0.0,0.0,0.0,0.0,0.0,1,1015.4,1014.1,20,8,0,13,9.8,172,22.7,174.0,104.0,70.0,403.5,3600.0,0.13,0.77,31.2,0.106,Genova,44.4056,8.9463
2026-07-14T21:00,26.4,84,23.4,31.2,0.0,0.0,0.0,0.0,0.0,0,1015.5,1014.2,13,5,0,9,6.3,162,23.8,47.0,21.0,26.0,207.7,3600.0,0.04,0.55,30.2,0.106,Genova,44.4056,8.9463
2026-07-14T22:00,25.6,87,23.2,30.9,0.0,0.0,0.0,0.0,0.0,0,1016.4,1015.1,5,0,0,5,1.8,90,13.0,0.0,0.0,0.0,0.0,0.0,0.01,0.44,28.9,0.106,Genova,44.4056,8.9463
2026-07-14T23:00,25.1,87,22.8,30.0,0.0,0.0,0.0,0.0,0.0,0,1016.6,1015.3,3,0,0,3,3.1,77,7.9,0.0,0.0,0.0,0.0,0.0,0.0,0.4,27.9,0.106,Genova,44.4056,8.9463
2026-07-15T00:00,25.0,85,22.3,30.0,0.0,0.0,0.0,0.0,0.0,0,1016.9,1015.6,1,0,0,1,1.1,72,8.3,0.0,0.0,0.0,0.0,0.0,0.0,0.48,27.1,0.106,Genova,44.4056,8.9463
2026-07-15T01:00,25.0,81,21.5,29.4,0.0,0.0,0.0,0.0,0.0,0,1017.0,1015.7,1,0,0,1,1.5,54,4.7,0.0,0.0,0.0,0.0,0.0,0.0,0.59,26.4,0.106,Genova,44.4056,8.9463
2026-07-15T02:00,24.6,77,20.4,28.2,0.0,0.0,0.0,0.0,0.0,0,1017.1,1015.8,2,0,0,2,2.9,68,5.8,0.0,0.0,0.0,0.0,0.0,0.0,0.7,25.8,0.102,Genova,44.4056,8.9463
2026-07-15T03:00,24.7,75,20.0,28.3,0.0,0.0,0.0,0.0,0.0,0,1016.8,1015.5,9,0,0,9,1.7,108,7.2,0.0,0.0,0.0,0.0,0.0,0.0,0.76,25.3,0.103,Genova,44.4056,8.9463
2026-07-15T04:00,24.3,77,20.0,27.9,0.0,0.0,0.0,0.0,0.0,0,1016.9,1015.6,16,0,1,15,1.5,60,5.8,0.0,0.0,0.0,0.0,0.0,0.0,0.7,24.9,0.103,Genova,44.4056,8.9463
2026-07-15T05:00,23.7,77,19.5,26.8,0.0,0.0,0.0,0.0,0.0,0,1016.9,1015.6,6,0,0,5,3.2,38,7.2,0.0,0.0,0.0,0.0,0.0,0.0,0.66,24.5,0.103,Genova,44.4056,8.9463
2026-07-15T06:00,22.9,80,19.2,25.9,0.0,0.0,0.0,0.0,0.0,0,1016.7,1015.4,0,0,0,0,3.1,31,10.1,0.0,0.0,0.0,0.0,0.0,0.02,0.57,24.3,0.103,Genova,44.4056,8.9463
2026-07-15T07:00,23.9,79,20.0,27.5,0.0,0.0,0.0,0.0,0.0,0,1017.3,1016.0,1,0,0,1,1.7,13,9.4,46.0,21.0,25.0,208.9,3600.0,0.02,0.63,24.4,0.103,Genova,44.4056,8.9463
2026-07-15T08:00,26.0,76,21.4,29.8,0.0,0.0,0.0,0.0,0.0,0,1017.2,1015.9,8,0,0,8,5.3,18,12.2,183.0,118.0,65.0,460.1,3600.0,0.12,0.82,24.9,0.107,Genova,44.4056,8.9463
2026-07-15T09:00,27.6,69,21.3,31.3,0.0,0.0,0.0,0.0,0.0,0,1017.6,1016.3,2,0,0,2,5.6,222,17.6,358.0,271.0,87.0,633.5,3600.0,0.25,1.16,26.2,0.107,Genova,44.4056,8.9463
2026-07-15T10:00,27.9,68,21.5,31.5,0.0,0.0,0.0,0.0,0.0,0,1017.8,1016.5,1,0,0,1,7.5,195,23.0,529.0,429.0,100.0,730.3,3600.0,0.37,1.19,27.7,0.107,Genova,44.4056,8.9463
2026-07-15T11:00,28.7,67,21.8,33.0,0.0,0.0,0.0,0.0,0.0,0,1017.9,1016.6,9,0,0,9,8.5,185,26.6,681.0,568.0,113.0,783.9,3600.0,0.49,1.31,29.0,0.107,Genova,44.4056,8.9463
2026-07-15T12:00,29.2,67,22.6,34.6,0.0,0.0,0.0,0.0,0.0,0,1017.7,1016.4,5,1,2,4,9.0,185,28.4,794.0,673.0,121.0,811.1,3600.0,0.57,1.32,30.3,0.106,Genova,44.4056,8.9463
2026-07-15T13:00,29.7,67,23.0,35.5,0.0,0.0,0.0,0.0,0.0,0,1017.3,1016.0,12,0,2,10,10.8,181,32.8,871.0,745.0,126.0,831.5,3600.0,0.63,1.36,31.5,0.106,Genova,44.4056,8.9463
2026-07-15T14:00,30.5,67,23.7,36.5,0.0,0.0,0.0,0.0,0.0,1,1017.1,1015.8,41,0,2,41,11.6,176,35.6,861.0,690.0,171.0,751.2,3600.0,0.63,1.44,33.0,0.12,Genova,44.4056,8.9463
2026-07-15T15:00,29.3,75,24.3,35.4,0.0,0.0,0.0,0.0,0.0,2,1017.1,1015.8,63,11,3,57,11.7,183,34.9,830.0,637.0,193.0,710.9,3600.0,0.58,1.03,33.1,0.119,Genova,44.4056,8.9463
2026-07-15T16:00,29.1,75,24.2,34.8,0.0,0.0,0.0,0.0,0.0,3,1017.0,1015.7,94,10,12,91,9.6,189,33.8,699.0,478.0,221.0,575.9,3600.0,0.5,1.02,33.0,0.118,Genova,44.4056,8.9463
2026-07-15T17:00,29.2,74,24.0,34.1,0.0,0.0,0.0,0.0,0.0,1,1016.3,1015.0,28,2,1,26,8.6,178,29.5,563.0,314.0,249.0,433.3,3600.0,0.41,1.07,32.8,0.118,Genova,44.4056,8.9463
2026-07-15T18:00,28.9,76,24.2,34.2,0.0,0.0,0.0,0.0,0.0,1,1016.6,1015.3,46,2,2,44,6.3,193,25.9,446.0,282.0,164.0,480.0,3600.0,0.32,0.95,32.4,0.117,Genova,44.4056,8.9463
2026-07-15T19:00,28.0,80,24.3,33.1,0.0,0.0,0.0,0.0,0.0,3,1016.9,1015.6,80,3,13,77,7.5,233,22.3,312.0,192.0,120.0,448.9,3600.0,0.22,0.74,31.8,0.117,Genova,44.4056,8.9463
2026-07-15T20:00,28.4,66,21.5,32.2,0.0,0.0,0.0,0.0,0.0,3,1016.9,1015.6,98,2,27,97,5.8,219,20.9,110.0,35.0,75.0,136.6,2297.62,0.11,1.29,30.4,0.127,Genova,44.4056,8.9463
2026-07-15T21:00,26.5,76,22.0,30.9,0.1,0.1,0.0,0.0,0.0,51,1015.8,1014.5,78,0,1,78,3.9,143,14.4,27.0,4.0,23.0,39.9,0.0,0.03,0.83,29.4,0.127,Genova,44.4056,8.9463
2026-07-15T22:00,25.4,82,22.1,29.5,0.0,0.0,0.0,0.0,0.0,0,1016.9,1015.6,5,0,0,5,6.2,206,13.3,0.0,0.0,0.0,0.0,0.0,0.03,0.58,28.3,0.127,Genova,44.4056,8.9463
2026-07-15T23:00,24.9,85,22.3,29.6,0.0,0.0,0.0,0.0,0.0,0,1017.7,1016.4,15,0,1,15,2.5,249,13.3,0.0,0.0,0.0,0.0,0.0,0.0,0.46,27.4,0.127,Genova,44.4056,8.9463
2026-07-16T00:00,24.4,87,22.1,29.2,0.0,0.0,0.0,0.0,0.0,0,1017.9,1016.6,7,2,0,6,1.1,18,6.5,0.0,0.0,0.0,0.0,0.0,0.0,0.4,26.6,0.127,Genova,44.4056,8.9463
2026-07-16T01:00,23.8,91,22.3,28.0,0.0,0.0,0.0,0.0,0.0,0,1018.1,1016.8,13,11,2,1,5.6,22,11.5,0.0,0.0,0.0,0.0,0.0,0.0,0.26,26.1,0.127,Genova,44.4056,8.9463
2026-07-16T02:00,22.8,90,21.0,26.0,0.0,0.0,0.0,0.0,0.0,1,1018.3,1017.0,32,26,5,3,7.7,3,16.9,0.0,0.0,0.0,0.0,0.0,0.0,0.28,26.1,0.113,Genova,44.4056,8.9463
2026-07-16T03:00,23.3,87,21.0,26.2,0.0,0.0,0.0,0.0,0.0,0,1017.6,1016.3,7,1,0,6,9.9,22,22.7,0.0,0.0,0.0,0.0,0.0,0.01,0.37,25.7,0.113,Genova,44.4056,8.9463
2026-07-16T04:00,22.7,87,20.4,25.9,0.0,0.0,0.0,0.0,0.0,0,1017.2,1015.9,17,0,0,17,6.3,15,19.4,0.0,0.0,0.0,0.0,0.0,0.0,0.36,25.3,0.113,Genova,44.4056,8.9463
2026-07-16T05:00,22.6,87,20.4,25.2,0.0,0.0,0.0,0.0,0.0,0,1017.2,1015.9,7,5,0,2,9.9,9,19.8,0.0,0.0,0.0,0.0,0.0,0.01,0.34,24.9,0.113,Genova,44.4056,8.9463
2026-07-16T06:00,22.3,89,20.4,25.0,0.0,0.0,0.0,0.0,0.0,0,1017.2,1015.9,13,13,0,0,9.2,1,21.6,0.0,0.0,0.0,0.0,0.0,0.0,0.29,24.7,0.114,Genova,44.4056,8.9463
2026-07-16T07:00,23.2,85,20.6,26.5,0.0,0.0,0.0,0.0,0.0,0,1017.4,1016.1,5,5,0,0,6.4,8,18.7,44.0,19.0,25.0,191.0,3600.0,0.03,0.42,24.6,0.114,Genova,44.4056,8.9463
2026-07-16T08:00,25.3,78,21.1,29.3,0.0,0.0,0.0,0.0,0.0,0,1017.7,1016.4,2,2,0,0,2.9,338,15.1,180.0,113.0,67.0,444.3,3600.0,0.11,0.72,24.8,0.127,Genova,44.4056,8.9463
2026-07-16T09:00,27.0,67,20.4,30.8,0.0,0.0,0.0,0.0,0.0,0,1018.1,1016.8,0,0,0,0,1.9,248,11.9,360.0,273.0,87.0,641.1,3600.0,0.24,1.17,26.0,0.126,Genova,44.4056,8.9463
2026-07-16T10:00,28.0,65,20.7,31.2,0.0,0.0,0.0,0.0,0.0,0,1018.5,1017.2,0,0,0,0,6.9,211,21.2,533.0,431.0,102.0,735.9,3600.0,0.38,1.34,27.3,0.126,Genova,44.4056,8.9463
2026-07-16T11:00,28.4,65,21.2,32.8,0.0,0.0,0.0,0.0,0.0,0,1018.7,1017.4,1,0,1,0,6.6,193,25.9,686.0,575.0,111.0,795.3,3600.0,0.49,1.35,28.6,0.125,Genova,44.4056,8.9463
2026-07-16T12:00,28.9,66,21.8,33.7,0.0,0.0,0.0,0.0,0.0,0,1019.2,1017.9,12,2,4,5,10.0,201,29.9,801.0,681.0,120.0,822.0,3600.0,0.57,1.37,29.8,0.124,Genova,44.4056,8.9463
2026-07-16T13:00,29.5,64,22.1,35.3,0.0,0.0,0.0,0.0,0.0,2,1018.5,1017.2,51,4,3,48,6.2,188,29.9,828.0,654.0,174.0,730.9,3600.0,0.6,1.46,30.8,0.123,Genova,44.4056,8.9463
2026-07-16T14:00,31.2,64,23.6,37.4,0.0,0.0,0.0,0.0,0.0,1,1018.2,1016.9,48,2,2,45,10.3,181,25.9,887.0,740.0,147.0,806.6,3600.0,0.66,1.63,32.3,0.131,Genova,44.4056,8.9463
2026-07-16T15:00,29.6,73,24.2,35.7,0.0,0.0,0.0,0.0,0.0,3,1018.2,1016.9,88,3,78,83,11.6,196,34.6,837.0,664.0,173.0,741.9,3600.0,0.59,1.12,32.6,0.129,Genova,44.4056,8.9463
2026-07-16T16:00,28.9,76,24.3,34.1,0.0,0.0,0.0,0.0,0.0,3,1018.7,1017.4,95,5,30,93,8.0,226,32.4,570.0,304.0,266.0,366.8,3600.0,0.42,0.95,32.3,0.128,Genova,44.4056,8.9463
2026-07-16T17:00,28.5,79,24.4,34.3,0.1,0.1,0.0,0.0,0.0,51,1017.8,1016.5,87,2,1,86,3.5,195,24.1,312.0,100.0,212.0,138.2,2346.01,0.24,0.82,31.7,0.129,Genova,44.4056,8.9463
2026-07-16T18:00,28.7,77,24.3,33.9,0.0,0.0,0.0,0.0,0.0,3,1017.3,1016.0,84,0,21,81,7.3,203,21.2,438.0,258.0,180.0,440.0,3600.0,0.32,0.89,31.5,0.128,Genova,44.4056,8.9463
2026-07-16T19:00,27.8,81,24.2,33.5,0.0,0.0,0.0,0.0,0.0,3,1017.3,1016.0,97,0,27,97,3.5,195,21.2,241.0,130.0,111.0,304.9,3600.0,0.18,0.73,30.8,0.128,Genova,44.4056,8.9463
2026-07-16T20:00,27.7,85,24.9,33.5,0.0,0.0,0.0,0.0,0.0,3,1016.5,1015.2,88,0,71,79,5.7,215,13.7,80.0,10.0,70.0,39.3,0.0,0.07,0.56,30.2,0.125,Genova,44.4056,8.9463
2026-07-16T21:00,26.2,93,24.9,32.6,0.0,0.0,0.0,0.0,0.0,2,1016.1,1014.8,77,3,16,76,2.1,38,19.8,23.0,3.0,20.0,30.1,0.0,0.02,0.25,29.3,0.125,Genova,44.4056,8.9463
2026-07-16T22:00,25.7,95,24.8,32.0,0.0,0.0,0.0,0.0,0.0,0,1016.3,1015.0,19,1,5,16,2.2,166,7.2,0.0,0.0,0.0,0.0,0.0,0.0,0.16,28.3,0.125,Genova,44.4056,8.9463
2026-07-16T23:00,25.3,96,24.6,31.5,0.0,0.0,0.0,0.0,0.0,0,1016.4,1015.1,15,5,2,9,1.9,131,9.0,0.0,0.0,0.0,0.0,0.0,0.0,0.12,27.5,0.125,Genova,44.4056,8.9463
2026-07-17T00:00,24.9,98,24.5,30.9,0.0,0.0,0.0,0.0,0.0,0,1016.5,1015.2,13,6,4,2,2.7,188,7.9,0.0,0.0,0.0,0.0,0.0,0.0,0.06,26.7,0.125,Genova,44.4056,8.9463
2026-07-17T01:00,24.9,98,24.5,31.2,0.0,0.0,0.0,0.0,0.0,0,1015.9,1014.6,7,5,2,1,0.8,225,8.3,0.0,0.0,0.0,0.0,0.0,0.0,0.06,26.1,0.126,Genova,44.4056,8.9463
2026-07-17T02:00,24.9,93,23.7,30.4,0.0,0.0,0.0,0.0,0.0,2,1014.9,1013.6,61,3,0,60,2.6,168,6.1,0.0,0.0,0.0,0.0,0.0,0.0,0.21,26.1,0.115,Genova,44.4056,8.9463
2026-07-17T03:00,24.5,92,23.0,29.4,0.0,0.0,0.0,0.0,0.0,2,1014.4,1013.1,64,1,0,64,4.1,15,9.0,0.0,0.0,0.0,0.0,0.0,0.0,0.26,25.6,0.115,Genova,44.4056,8.9463
2026-07-17T04:00,24.0,92,22.7,28.3,0.0,0.0,0.0,0.0,0.0,1,1015.1,1013.8,35,5,21,13,7.3,349,15.1,0.0,0.0,0.0,0.0,0.0,0.0,0.23,25.3,0.115,Genova,44.4056,8.9463
2026-07-17T05:00,23.5,92,22.1,26.2,0.0,0.0,0.0,0.0,0.0,3,1015.9,1014.6,93,54,8,84,15.8,352,29.9,0.0,0.0,0.0,0.0,0.0,0.01,0.24,25.2,0.115,Genova,44.4056,8.9463
2026-07-17T06:00,22.9,90,21.3,25.0,0.0,0.0,0.0,0.0,0.0,2,1015.5,1014.2,67,65,5,2,16.6,342,37.1,0.0,0.0,0.0,0.0,0.0,0.01,0.27,24.9,0.115,Genova,44.4056,8.9463
2026-07-17T07:00,22.6,90,21.0,24.4,0.0,0.0,0.0,0.0,0.0,2,1015.5,1014.2,79,77,0,10,17.7,351,40.3,38.0,16.0,22.0,162.6,3547.01,0.04,0.26,24.8,0.115,Genova,44.4056,8.9463
2026-07-17T08:00,24.5,80,20.8,26.7,0.0,0.0,0.0,0.0,0.0,1,1014.1,1012.8,20,19,3,0,14.0,1,37.8,162.0,86.0,76.0,341.1,3600.0,0.12,0.61,25.5,0.122,Genova,44.4056,8.9463
2026-07-17T09:00,28.1,70,22.0,31.7,0.0,0.0,0.0,0.0,0.0,0,1014.0,1012.7,2,2,0,1,8.9,353,29.2,331.0,228.0,103.0,537.9,3600.0,0.25,1.15,26.5,0.121,Genova,44.4056,8.9463
2026-07-17T10:00,30.0,59,21.2,33.8,0.0,0.0,0.0,0.0,0.0,0,1014.1,1012.8,5,5,0,0,4.5,310,21.2,499.0,383.0,116.0,655.9,3600.0,0.37,1.72,28.0,0.121,Genova,44.4056,8.9463
2026-07-17T11:00,30.4,60,21.7,35.3,0.0,0.0,0.0,0.0,0.0,0,1013.8,1012.5,9,9,0,0,3.4,267,17.6,661.0,535.0,126.0,741.6,3600.0,0.49,1.74,29.5,0.12,Genova,44.4056,8.9463
2026-07-17T12:00,30.8,60,22.1,36.0,0.0,0.0,0.0,0.0,0.0,1,1013.8,1012.5,26,26,0,0,7.1,196,23.8,756.0,600.0,156.0,725.5,3600.0,0.57,1.79,30.8,0.119,Genova,44.4056,8.9463
2026-07-17T13:00,30.9,62,22.7,36.2,0.0,0.0,0.0,0.0,0.0,0,1013.6,1012.3,7,6,1,1,11.0,199,31.3,824.0,656.0,168.0,734.2,3600.0,0.62,1.72,31.9,0.118,Genova,44.4056,8.9463
2026-07-17T14:00,30.9,66,23.7,36.8,0.0,0.0,0.0,0.0,0.0,0,1013.6,1012.3,5,2,1,2,10.5,183,33.5,810.0,592.0,218.0,646.1,3600.0,0.61,1.54,32.1,0.143,Genova,44.4056,8.9463
2026-07-17T15:00,30.1,72,24.4,36.8,0.0,0.0,0.0,0.0,0.0,0,1013.1,1011.8,5,2,2,2,9.5,180,30.6,849.0,719.0,130.0,804.4,3600.0,0.61,1.21,32.6,0.141,Genova,44.4056,8.9463
2026-07-17T16:00,30.1,72,24.6,36.5,0.0,0.0,0.0,0.0,0.0,1,1012.9,1011.6,43,24,9,18,9.1,188,28.8,780.0,644.0,136.0,778.0,3600.0,0.56,1.17,32.8,0.139,Genova,44.4056,8.9463
2026-07-17T17:00,29.6,77,25.1,35.3,0.0,0.0,0.0,0.0,0.0,1,1012.6,1011.3,40,17,3,25,10.1,184,28.4,624.0,459.0,165.0,635.4,3600.0,0.45,0.97,32.6,0.138,Genova,44.4056,8.9463
2026-07-17T18:00,28.9,78,24.7,33.9,0.0,0.0,0.0,0.0,0.0,0,1012.3,1011.0,8,5,1,3,10.4,180,31.3,489.0,361.0,128.0,617.1,3600.0,0.35,0.86,32.2,0.137,Genova,44.4056,8.9463
2026-07-17T19:00,28.1,78,23.8,32.7,0.0,0.0,0.0,0.0,0.0,1,1011.9,1010.6,20,3,1,16,9.5,179,28.4,324.0,218.0,106.0,513.1,3600.0,0.23,0.85,31.5,0.136,Genova,44.4056,8.9463
2026-07-17T20:00,27.8,79,23.8,32.5,0.0,0.0,0.0,0.0,0.0,0,1011.8,1010.5,17,2,4,13,8.8,180,25.2,171.0,99.0,72.0,391.3,3600.0,0.13,0.79,31.1,0.139,Genova,44.4056,8.9463
2026-07-17T21:00,26.5,86,23.9,32.0,0.0,0.0,0.0,0.0,0.0,0,1011.8,1010.5,8,3,2,4,4.2,175,21.2,41.0,17.0,24.0,172.1,3555.9,0.03,0.5,30.0,0.139,Genova,44.4056,8.9463
2026-07-17T22:00,26.2,88,24.1,31.5,0.0,0.0,0.0,0.0,0.0,0,1012.6,1011.3,6,5,2,1,5.4,182,11.9,0.0,0.0,0.0,0.0,0.0,0.0,0.4,29.0,0.139,Genova,44.4056,8.9463
2026-07-17T23:00,25.9,91,24.4,31.7,0.0,0.0,0.0,0.0,0.0,1,1013.1,1011.8,31,30,2,1,3.6,183,13.3,0.0,0.0,0.0,0.0,0.0,0.0,0.28,28.3,0.139,Genova,44.4056,8.9463
2026-07-18T00:00,25.4,94,24.4,31.5,0.0,0.0,0.0,0.0,0.0,1,1013.2,1011.9,38,38,1,1,1.7,162,9.0,0.0,0.0,0.0,0.0,0.0,0.0,0.19,27.7,0.139,Genova,44.4056,8.9463
2026-07-18T01:00,25.2,95,24.3,31.1,0.0,0.0,0.0,0.0,0.0,1,1013.2,1011.9,26,25,1,0,2.1,105,5.4,0.0,0.0,0.0,0.0,0.0,0.0,0.17,27.2,0.139,Genova,44.4056,8.9463
2026-07-18T02:00,25.6,94,24.6,31.5,0.0,0.0,0.0,0.0,0.0,3,1013.0,1011.7,100,100,0,0,4.0,117,7.2,0.0,0.0,0.0,0.0,0.0,0.0,0.18,27.3,0.154,Genova,44.4056,8.9463
2026-07-18T03:00,25.7,97,25.1,31.8,0.2,0.2,0.0,0.0,0.0,51,1012.7,1011.4,89,89,0,0,4.4,148,10.1,0.0,0.0,0.0,0.0,0.0,0.0,0.11,27.1,0.156,Genova,44.4056,8.9463
2026-07-18T04:00,25.8,97,25.4,32.2,0.2,0.2,0.0,0.0,0.0,51,1012.6,1011.3,100,100,0,0,4.1,151,10.1,0.0,0.0,0.0,0.0,0.0,0.0,0.09,27.0,0.157,Genova,44.4056,8.9463
2026-07-18T05:00,25.8,98,25.4,32.1,0.2,0.2,0.0,0.0,0.0,51,1012.6,1011.3,97,97,0,0,4.4,150,10.8,0.0,0.0,0.0,0.0,0.0,0.0,0.08,26.9,0.159,Genova,44.4056,8.9463
2026-07-18T06:00,25.7,98,25.4,32.0,0.1,0.1,0.0,0.0,0.0,51,1012.5,1011.2,98,98,2,0,4.6,144,10.1,0.0,0.0,0.0,0.0,0.0,0.0,0.06,26.7,0.16,Genova,44.4056,8.9463
2026-07-18T07:00,25.8,96,25.2,31.9,0.1,0.1,0.0,0.0,0.0,51,1012.7,1011.4,99,99,0,0,4.7,157,11.9,15.0,0.0,15.0,0.0,0.0,0.02,0.12,26.7,0.161,Genova,44.4056,8.9463
2026-07-18T08:00,26.3,93,25.2,32.6,0.1,0.1,0.0,0.0,0.0,51,1012.8,1011.5,97,97,0,0,4.1,142,13.7,84.0,11.0,73.0,44.0,0.0,0.06,0.23,27.0,0.175,Genova,44.4056,8.9463
2026-07-18T09:00,26.9,89,24.9,32.5,0.1,0.1,0.0,0.0,0.0,51,1013.0,1011.7,100,100,0,0,7.6,180,20.5,315.0,207.0,108.0,490.7,3600.0,0.21,0.4,27.4,0.176,Genova,44.4056,8.9463
2026-07-18T10:00,27.4,86,24.8,32.6,0.2,0.2,0.0,0.0,0.0,51,1013.3,1012.0,39,39,0,0,9.3,172,25.6,392.0,206.0,186.0,353.9,3600.0,0.27,0.52,27.9,0.176,Genova,44.4056,8.9463
2026-07-18T11:00,28.6,78,24.3,33.5,0.1,0.1,0.0,0.0,0.0,51,1013.2,1011.9,48,48,0,0,9.1,170,26.3,536.0,289.0,247.0,401.5,3600.0,0.38,0.87,28.7,0.176,Genova,44.4056,8.9463
2026-07-18T12:00,29.8,70,23.8,35.4,0.0,0.0,0.0,0.0,0.0,1,1013.0,1011.7,28,27,1,1,9.5,178,27.4,734.0,527.0,207.0,638.3,3600.0,0.53,1.24,29.7,0.173,Genova,44.4056,8.9463
2026-07-18T13:00,30.2,69,24.0,36.4,0.0,0.0,0.0,0.0,0.0,1,1012.8,1011.5,36,30,3,6,11.0,174,31.7,842.0,667.0,175.0,747.6,3600.0,0.61,1.31,30.7,0.171,Genova,44.4056,8.9463
2026-07-18T14:00,30.4,73,25.1,36.8,0.0,0.0,0.0,0.0,0.0,1,1012.5,1011.2,30,27,5,0,13.9,166,38.2,861.0,687.0,174.0,750.7,3600.0,0.61,1.17,31.7,0.182,Genova,44.4056,8.9463
2026-07-18T15:00,29.9,75,25.1,36.5,0.0,0.0,0.0,0.0,0.0,1,1012.2,1010.9,30,27,2,3,11.0,156,37.8,790.0,584.0,206.0,654.2,3600.0,0.56,1.04,32.0,0.179,Genova,44.4056,8.9463
2026-07-18T16:00,29.5,76,24.9,35.3,0.0,0.0,0.0,0.0,0.0,1,1012.0,1010.7,35,16,1,22,13.1,159,35.3,735.0,563.0,172.0,681.1,3600.0,0.52,0.97,32.1,0.177,Genova,44.4056,8.9463
2026-07-18T17:00,29.1,78,24.9,33.9,0.0,0.0,0.0,0.0,0.0,0,1011.7,1010.4,18,17,1,0,14.6,150,37.1,608.0,440.0,168.0,610.2,3600.0,0.42,0.89,31.9,0.175,Genova,44.4056,8.9463
2026-07-18T18:00,28.3,81,24.7,32.5,0.0,0.0,0.0,0.0,0.0,1,1011.3,1010.0,32,31,1,0,15.7,152,40.7,484.0,343.0,141.0,587.7,3600.0,0.33,0.74,31.5,0.174,Genova,44.4056,8.9463
2026-07-18T19:00,27.9,79,24.0,32.1,0.1,0.1,0.0,0.0,0.0,51,1011.1,1009.8,44,42,3,0,13.3,145,39.2,318.0,211.0,107.0,498.4,3600.0,0.23,0.77,30.9,0.173,Genova,44.4056,8.9463
2026-07-18T20:00,27.7,86,25.1,32.9,0.1,0.1,0.0,0.0,0.0,51,1010.9,1009.6,23,19,4,1,11.0,138,32.0,157.0,82.0,75.0,326.4,3600.0,0.12,0.53,30.3,0.183,Genova,44.4056,8.9463
2026-07-18T21:00,26.9,89,25.0,32.1,0.0,0.0,0.0,0.0,0.0,1,1010.7,1009.4,33,23,11,3,11.0,130,25.9,36.0,14.0,22.0,143.0,3290.7,0.04,0.38,29.6,0.183,Genova,44.4056,8.9463
2026-07-18T22:00,26.6,90,24.9,31.7,0.0,0.0,0.0,0.0,0.0,1,1011.2,1009.9,32,22,5,8,11.1,126,25.2,0.0,0.0,0.0,0.0,0.0,0.01,0.34,28.9,0.183,Genova,44.4056,8.9463
2026-07-18T23:00,26.1,91,24.5,31.3,0.0,0.0,0.0,0.0,0.0,1,1011.5,1010.2,38,34,3,3,7.8,124,24.8,0.0,0.0,0.0,0.0,0.0,0.0,0.31,28.3,0.183,Genova,44.4056,8.9463
2026-07-19T00:00,25.8,90,24.0,30.5,0.0,0.0,0.0,0.0,0.0,1,1011.8,1010.5,35,33,2,2,9.6,110,21.2,0.0,0.0,0.0,0.0,0.0,0.0,0.34,27.8,0.183,Genova,44.4056,8.9463
2026-07-19T01:00,25.3,88,23.2,29.8,0.0,0.0,0.0,0.0,0.0,1,1011.5,1010.2,27,10,0,20,7.4,90,20.9,0.0,0.0,0.0,0.0,0.0,0.0,0.39,27.3,0.183,Genova,44.4056,8.9463
2026-07-19T02:00,25.4,90,23.5,30.5,0.0,0.0,0.0,0.0,0.0,0,1011.3,1010.0,6,0,2,5,4.5,95,16.2,0.0,0.0,0.0,0.0,0.0,0.0,0.34,27.3,0.173,Genova,44.4056,8.9463
2026-07-19T03:00,25.0,88,22.9,29.5,0.0,0.0,0.0,0.0,0.0,0,1010.8,1009.5,12,2,1,9,6.1,118,13.0,0.0,0.0,0.0,0.0,0.0,0.0,0.37,26.7,0.173,Genova,44.4056,8.9463
2026-07-19T04:00,24.8,87,22.5,29.2,0.0,0.0,0.0,0.0,0.0,0,1010.7,1009.4,17,1,0,16,5.7,81,15.1,0.0,0.0,0.0,0.0,0.0,0.0,0.41,26.3,0.173,Genova,44.4056,8.9463
2026-07-19T05:00,24.0,88,22.0,28.5,0.0,0.0,0.0,0.0,0.0,0,1010.7,1009.4,7,1,0,5,2.9,30,12.6,0.0,0.0,0.0,0.0,0.0,0.0,0.35,25.9,0.173,Genova,44.4056,8.9463
2026-07-19T06:00,22.7,92,21.2,26.3,0.0,0.0,0.0,0.0,0.0,1,1010.8,1009.5,29,5,1,25,5.9,360,13.3,0.0,0.0,0.0,0.0,0.0,0.0,0.23,25.5,0.173,Genova,44.4056,8.9463
2026-07-19T07:00,23.5,89,21.6,27.2,0.0,0.0,0.0,0.0,0.0,2,1011.1,1009.8,65,42,0,40,7.4,347,16.6,39.0,16.0,23.0,166.2,3436.24,0.03,0.32,25.3,0.173,Genova,44.4056,8.9463
2026-07-19T08:00,26.5,85,23.7,31.8,0.0,0.0,0.0,0.0,0.0,1,1011.7,1010.4,41,1,0,41,4.4,305,18.7,167.0,90.0,77.0,363.3,3600.0,0.11,0.52,25.8,0.172,Genova,44.4056,8.9463
2026-07-19T09:00,27.6,75,22.7,32.1,0.0,0.0,0.0,0.0,0.0,1,1011.9,1010.6,45,4,0,43,5.5,281,16.2,347.0,244.0,103.0,581.2,3600.0,0.24,0.93,26.8,0.172,Genova,44.4056,8.9463
2026-07-19T10:00,28.5,68,22.1,32.6,0.0,0.0,0.0,0.0,0.0,1,1012.1,1010.8,46,16,5,34,6.0,279,19.1,523.0,414.0,109.0,713.4,3600.0,0.37,1.23,27.9,0.17,Genova,44.4056,8.9463
2026-07-19T11:00,28.9,66,22.0,33.0,0.1,0.1,0.0,0.0,0.0,51,1012.6,1011.3,41,27,8,14,7.2,282,21.6,591.0,407.0,184.0,566.7,3600.0,0.43,1.34,28.8,0.169,Genova,44.4056,8.9463
2026-07-19T12:00,29.7,62,21.8,34.6,0.0,0.0,0.0,0.0,0.0,0,1012.6,1011.3,12,7,4,2,6.6,291,22.3,720.0,522.0,198.0,633.4,3600.0,0.53,1.57,29.8,0.167,Genova,44.4056,8.9463
2026-07-19T13:00,30.8,56,21.1,36.2,0.0,0.0,0.0,0.0,0.0,1,1012.3,1011.0,20,5,3,12,6.7,256,22.0,862.0,712.0,150.0,799.2,3600.0,0.65,1.94,30.9,0.165,Genova,44.4056,8.9463
2026-07-19T14:00,32.2,52,21.0,37.9,0.0,0.0,0.0,0.0,0.0,0,1011.6,1010.4,19,4,4,14,4.8,217,23.0,865.0,719.0,146.0,786.8,3600.0,0.66,2.33,31.7,0.176,Genova,44.4056,8.9463
2026-07-19T15:00,30.6,69,24.2,36.7,0.0,0.0,0.0,0.0,0.0,1,1011.7,1010.4,32,2,20,16,11.9,202,32.8,843.0,687.0,156.0,770.6,3600.0,0.61,1.37,32.1,0.173,Genova,44.4056,8.9463
2026-07-19T16:00,30.0,72,24.4,36.4,0.0,0.0,0.0,0.0,0.0,1,1011.9,1010.6,24,1,24,0,8.2,206,32.8,753.0,604.0,149.0,731.9,3600.0,0.55,1.19,32.3,0.171,Genova,44.4056,8.9463
2026-07-19T17:00,29.6,73,24.4,35.5,0.0,0.0,0.0,0.0,0.0,1,1012.0,1010.7,23,0,23,1,6.1,183,25.2,617.0,476.0,141.0,661.3,3600.0,0.45,1.1,32.2,0.169,Genova,44.4056,8.9463
2026-07-19T18:00,29.3,80,25.4,35.5,0.0,0.0,0.0,0.0,0.0,1,1011.8,1010.5,29,0,19,13,5.3,190,20.2,472.0,361.0,111.0,620.2,3600.0,0.34,0.83,31.9,0.167,Genova,44.4056,8.9463
2026-07-19T19:00,28.6,84,25.6,34.7,0.0,0.0,0.0,0.0,0.0,2,1011.8,1010.5,57,13,3,49,7.4,180,21.6,322.0,228.0,94.0,540.7,3600.0,0.23,0.64,31.3,0.167,Genova,44.4056,8.9463
2026-07-19T20:00,28.4,86,25.9,35.0,0.0,0.0,0.0,0.0,0.0,2,1011.6,1010.3,59,0,9,55,5.2,158,20.9,160.0,87.0,73.0,348.9,3600.0,0.11,0.54,31.3,0.167,Genova,44.4056,8.9463
2026-07-19T21:00,27.3,91,25.8,33.6,0.0,0.0,0.0,0.0,0.0,1,1011.8,1010.5,41,30,2,13,6.7,142,17.3,35.0,12.0,23.0,123.7,2585.21,0.03,0.32,30.3,0.167,Genova,44.4056,8.9463
2026-07-19T22:00,26.1,96,25.4,32.4,0.0,0.0,0.0,0.0,0.0,2,1012.7,1011.4,52,23,0,37,4.7,122,15.1,0.0,0.0,0.0,0.0,0.0,0.0,0.13,29.2,0.167,Genova,44.4056,8.9463
2026-07-19T23:00,25.9,97,25.4,32.2,0.0,0.0,0.0,0.0,0.0,2,1013.2,1011.9,53,39,1,22,4.7,148,12.6,0.0,0.0,0.0,0.0,0.0,0.0,0.11,28.5,0.167,Genova,44.4056,8.9463
2026-07-20T00:00,25.8,97,25.3,32.1,0.0,0.0,0.0,0.0,0.0,2,1013.5,1012.2,77,40,1,60,3.9,112,11.2,0.0,0.0,0.0,0.0,0.0,0.0,0.1,27.9,0.167,Genova,44.4056,8.9463
2026-07-20T01:00,25.3,97,24.9,31.3,0.0,0.0,0.0,0.0,0.0,2,1013.3,1012.0,55,18,0,45,4.3,107,9.4,0.0,0.0,0.0,0.0,0.0,0.0,0.09,27.4,0.167,Genova,44.4056,8.9463
2026-07-20T02:00,25.1,96,24.4,30.9,0.0,0.0,0.0,0.0,0.0,2,1013.1,1011.8,56,37,2,30,4.0,98,9.7,0.0,0.0,0.0,0.0,0.0,0.0,0.13,27.0,0.16,Genova,44.4056,8.9463
2026-07-20T03:00,24.8,95,24.0,29.9,0.0,0.0,0.0,0.0,0.0,1,1012.9,1011.6,41,34,1,10,6.7,38,13.0,0.0,0.0,0.0,0.0,0.0,0.0,0.15,26.7,0.16,Genova,44.4056,8.9463
2026-07-20T04:00,24.5,92,23.2,29.2,0.0,0.0,0.0,0.0,0.0,2,1012.4,1011.1,62,10,0,57,6.3,20,15.5,0.0,0.0,0.0,0.0,0.0,0.0,0.24,26.5,0.16,Genova,44.4056,8.9463
2026-07-20T05:00,23.5,94,22.5,28.2,0.0,0.0,0.0,0.0,0.0,1,1012.9,1011.6,49,49,0,0,3.8,357,13.0,0.0,0.0,0.0,0.0,0.0,0.0,0.17,26.1,0.16,Genova,44.4056,8.9463
2026-07-20T06:00,22.5,92,21.2,26.2,0.0,0.0,0.0,0.0,0.0,3,1013.1,1011.8,80,80,0,0,5.9,11,14.8,0.0,0.0,0.0,0.0,0.0,0.0,0.21,25.7,0.16,Genova,44.4056,8.9463
2026-07-20T07:00,23.4,89,21.4,26.7,0.0,0.0,0.0,0.0,0.0,2,1013.7,1012.4,76,73,1,9,8.6,359,18.4,36.0,13.0,23.0,136.6,2983.32,0.03,0.33,25.5,0.16,Genova,44.4056,8.9463
2026-07-20T08:00,26.2,86,23.7,31.3,0.0,0.0,0.0,0.0,0.0,0,1013.4,1012.1,9,9,0,0,6.1,360,18.0,139.0,62.0,77.0,252.6,3600.0,0.1,0.47,25.9,0.16,Genova,44.4056,8.9463
2026-07-20T09:00,28.2,73,22.9,33.1,0.0,0.0,0.0,0.0,0.0,0,1013.6,1012.3,14,5,0,9,3.6,261,13.7,334.0,232.0,102.0,555.3,3600.0,0.23,1.03,27.0,0.159,Genova,44.4056,8.9463
2026-07-20T10:00,28.9,71,23.0,33.5,0.0,0.0,0.0,0.0,0.0,0,1013.6,1012.3,16,5,1,11,6.2,229,19.8,511.0,402.0,109.0,694.9,3600.0,0.37,1.17,28.1,0.158,Genova,44.4056,8.9463
2026-07-20T11:00,29.4,69,23.2,34.6,0.0,0.0,0.0,0.0,0.0,1,1014.0,1012.7,45,15,10,30,6.4,216,22.3,643.0,508.0,135.0,708.9,3600.0,0.47,1.27,29.2,0.157,Genova,44.4056,8.9463
2026-07-20T12:00,29.2,68,22.7,34.1,0.9,0.9,0.0,0.0,0.0,53,1014.5,1013.2,39,21,19,7,7.8,217,25.6,680.0,491.0,189.0,596.8,3600.0,0.5,1.29,29.9,0.163,Genova,44.4056,8.9463
2026-07-20T13:00,28.8,73,23.6,35.1,1.1,1.1,0.0,0.0,0.0,55,1014.5,1013.2,52,30,18,23,6.4,230,24.8,776.0,559.0,217.0,628.4,3600.0,0.56,1.06,30.5,0.171,Genova,44.4056,8.9463
2026-07-20T14:00,31.3,63,23.3,36.9,0.2,0.2,0.0,0.0,0.0,51,1013.8,1012.5,38,1,5,36,6.7,171,22.7,705.0,498.0,207.0,545.7,3600.0,0.54,1.71,32.1,0.175,Genova,44.4056,8.9463
2026-07-20T15:00,30.1,69,23.7,36.3,0.0,0.0,0.0,0.0,0.0,1,1014.2,1012.9,46,15,5,34,7.2,217,25.6,767.0,579.0,188.0,650.4,3600.0,0.57,1.34,32.4,0.173,Genova,44.4056,8.9463
2026-07-20T16:00,30.1,73,24.8,36.4,0.0,0.0,0.0,0.0,0.0,1,1013.9,1012.6,44,0,16,34,8.0,208,24.1,690.0,500.0,190.0,606.8,3600.0,0.51,1.14,32.4,0.171,Genova,44.4056,8.9463
2026-07-20T17:00,30.0,74,24.8,36.5,0.0,0.0,0.0,0.0,0.0,1,1013.8,1012.5,36,0,7,33,2.9,210,24.5,594.0,428.0,166.0,595.8,3600.0,0.44,1.12,32.4,0.169,Genova,44.4056,8.9463
2026-07-20T18:00,29.7,72,24.1,34.8,0.0,0.0,0.0,0.0,0.0,1,1013.8,1012.5,30,7,9,17,6.6,215,19.4,412.0,265.0,147.0,456.5,3600.0,0.31,1.17,32.0,0.168,Genova,44.4056,8.9463
2026-07-20T19:00,29.0,73,23.8,34.3,0.0,0.0,0.0,0.0,0.0,0,1013.7,1012.4,5,2,2,2,4.8,211,20.5,308.0,208.0,100.0,495.3,3600.0,0.23,1.07,31.5,0.167,Genova,44.4056,8.9463
2026-07-20T20:00,28.7,84,25.7,34.8,0.0,0.0,0.0,0.0,0.0,1,1013.0,1011.7,27,0,23,5,7.0,180,14.8,165.0,99.0,66.0,400.1,3600.0,0.12,0.63,31.4,0.166,Genova,44.4056,8.9463
2026-07-20T21:00,27.2,90,25.4,33.7,0.0,0.0,0.0,0.0,0.0,1,1013.2,1011.9,23,0,15,9,3.3,186,16.9,37.0,15.0,22.0,156.2,3411.2,0.02,0.37,30.4,0.166,Genova,44.4056,8.9463
2026-07-20T22:00,26.5,92,25.2,33.0,0.0,0.0,0.0,0.0,0.0,0,1014.0,1012.7,7,0,2,5,2.3,141,8.6,0.0,0.0,0.0,0.0,0.0,0.0,0.27,29.3,0.166,Genova,44.4056,8.9463
2026-07-20T23:00,26.1,93,24.9,32.3,0.0,0.0,0.0,0.0,0.0,1,1014.7,1013.4,33,0,0,33,3.2,142,7.9,0.0,0.0,0.0,0.0,0.0,0.0,0.22,28.5,0.166,Genova,44.4056,8.9463
2026-07-21T00:00,25.8,94,24.8,31.8,0.0,0.0,0.0,0.0,0.0,3,1014.7,1013.4,91,5,0,91,3.8,109,8.6,0.0,0.0,0.0,0.0,0.0,0.0,0.19,27.8,0.167,Genova,44.4056,8.9463
2026-07-21T01:00,25.6,94,24.6,31.8,0.0,0.0,0.0,0.0,0.0,3,1014.5,1013.2,82,5,0,81,2.2,81,8.3,0.0,0.0,0.0,0.0,0.0,0.0,0.19,27.4,0.167,Genova,44.4056,8.9463
2026-07-21T02:00,24.3,96,23.6,29.7,0.0,0.0,0.0,0.0,0.0,2,1014.3,1013.0,76,45,14,55,2.4,17,4.0,0.0,0.0,0.0,0.0,0.0,0.0,0.12,26.7,0.166,Genova,44.4056,8.9463
2026-07-21T03:00,21.8,97,21.2,25.1,4.7,4.7,0.0,0.0,0.0,63,1015.2,1013.9,85,59,3,63,8.1,59,25.2,0.0,0.0,0.0,0.0,0.0,0.0,0.09,25.8,0.223,Genova,44.4056,8.9463
2026-07-21T04:00,22.4,95,21.5,26.0,0.0,0.0,0.0,0.0,0.0,3,1013.6,1012.3,88,2,9,88,6.9,20,19.1,0.0,0.0,0.0,0.0,0.0,0.0,0.14,25.0,0.224,Genova,44.4056,8.9463
2026-07-21T05:00,22.6,95,21.8,26.7,0.0,0.0,0.0,0.0,0.0,2,1013.9,1012.6,66,9,53,20,5.3,348,13.7,0.0,0.0,0.0,0.0,0.0,0.0,0.13,24.6,0.224,Genova,44.4056,8.9463
2026-07-21T06:00,23.0,92,21.5,27.2,0.0,0.0,0.0,0.0,0.0,2,1014.2,1012.9,63,11,1,58,3.0,14,12.2,0.0,0.0,0.0,0.0,0.0,0.0,0.24,24.5,0.224,Genova,44.4056,8.9463
2026-07-21T07:00,23.7,93,22.5,27.8,0.0,0.0,0.0,0.0,0.0,1,1014.4,1013.1,26,14,2,13,7.2,6,13.7,30.0,8.0,22.0,85.1,1208.27,0.02,0.2,24.5,0.224,Genova,44.4056,8.9463
2026-07-21T08:00,23.5,92,22.2,27.5,0.0,0.0,0.0,0.0,0.0,2,1015.1,1013.8,66,38,5,41,7.0,21,20.2,113.0,50.0,63.0,205.6,3600.0,0.07,0.22,25.1,0.222,Genova,44.4056,8.9463
2026-07-21T09:00,26.5,84,23.5,32.1,0.0,0.0,0.0,0.0,0.0,3,1015.0,1013.7,100,100,19,72,1.0,158,13.3,308.0,190.0,118.0,457.0,3600.0,0.21,0.56,26.1,0.222,Genova,44.4056,8.9463
2026-07-21T10:00,27.1,81,23.6,32.6,0.0,0.0,0.0,0.0,0.0,3,1014.6,1013.3,100,99,2,55,2.4,261,11.9,323.0,148.0,175.0,256.7,3600.0,0.23,0.66,27.0,0.221,Genova,44.4056,8.9463
2026-07-21T11:00,28.0,77,23.5,33.0,0.0,0.0,0.0,0.0,0.0,3,1014.6,1013.3,82,5,3,81,5.3,298,17.3,446.0,230.0,216.0,321.7,3600.0,0.33,0.89,27.8,0.219,Genova,44.4056,8.9463
2026-07-21T12:00,29.4,70,23.3,35.0,0.0,0.0,0.0,0.0,0.0,2,1014.4,1013.1,55,9,2,50,7.0,293,22.3,716.0,497.0,219.0,605.2,3600.0,0.52,1.24,29.0,0.217,Genova,44.4056,8.9463
2026-07-21T13:00,29.9,64,22.4,35.3,0.0,0.0,0.0,0.0,0.0,1,1014.0,1012.7,41,5,9,34,6.5,283,22.3,747.0,528.0,219.0,594.5,3600.0,0.56,1.51,29.9,0.214,Genova,44.4056,8.9463
2026-07-21T14:00,30.7,64,23.1,37.1,0.0,0.0,0.0,0.0,0.0,1,1013.1,1011.8,41,0,4,39,3.4,198,22.7,770.0,528.0,242.0,579.4,3600.0,0.58,1.59,31.1,0.166,Genova,44.4056,8.9463
2026-07-21T15:00,29.6,71,23.8,35.5,0.1,0.1,0.0,0.0,0.0,51,1013.3,1012.0,46,13,4,37,8.6,211,28.1,752.0,528.0,224.0,594.0,3600.0,0.55,1.2,31.6,0.165,Genova,44.4056,8.9463
2026-07-21T16:00,28.8,74,23.7,33.9,0.1,0.1,0.0,0.0,0.0,51,1013.5,1012.2,53,16,9,41,5.5,234,25.9,534.0,267.0,267.0,324.6,3600.0,0.4,1.04,31.4,0.165,Genova,44.4056,8.9463
2026-07-21T17:00,29.4,71,23.7,35.1,0.2,0.2,0.0,0.0,0.0,51,1012.7,1011.4,23,1,4,20,1.3,196,18.7,524.0,345.0,179.0,481.3,3600.0,0.39,1.17,31.5,0.165,Genova,44.4056,8.9463
2026-07-21T18:00,28.2,72,22.6,32.3,0.0,0.0,0.0,0.0,0.0,1,1012.9,1011.6,34,16,14,18,7.6,271,19.8,460.0,326.0,134.0,563.1,3600.0,0.33,1.08,31.3,0.164,Genova,44.4056,8.9463
2026-07-21T19:00,27.3,72,21.8,30.8,0.2,0.2,0.0,0.0,0.0,51,1013.0,1011.7,84,0,15,82,8.3,327,26.6,272.0,166.0,106.0,397.0,3600.0,0.21,1.01,30.5,0.165,Genova,44.4056,8.9463
2026-07-21T20:00,25.8,68,19.4,28.3,0.5,0.5,0.0,0.0,0.0,53,1012.3,1011.0,16,2,12,5,7.4,23,27.4,136.0,66.0,70.0,269.0,3600.0,0.12,1.07,29.8,0.163,Genova,44.4056,8.9463
2026-07-21T21:00,23.5,77,19.3,25.4,0.5,0.5,0.0,0.0,0.0,53,1013.4,1012.1,95,4,12,95,11.3,343,31.0,37.0,16.0,21.0,168.4,3358.85,0.05,0.66,28.6,0.167,Genova,44.4056,8.9463
2026-07-21T22:00,23.2,82,20.0,25.8,0.1,0.1,0.0,0.0,0.0,51,1013.3,1012.0,41,0,3,40,8.3,14,26.6,0.0,0.0,0.0,0.0,0.0,0.01,0.5,27.3,0.168,Genova,44.4056,8.9463
2026-07-21T23:00,22.3,83,19.3,24.3,0.0,0.0,0.0,0.0,0.0,0,1013.7,1012.4,15,0,1,14,10.0,14,22.3,0.0,0.0,0.0,0.0,0.0,0.01,0.45,26.3,0.168,Genova,44.4056,8.9463
