time,temperature_2m,relative_humidity_2m,dew_point_2m,apparent_temperature,precipitation,rain,showers,snowfall,snow_depth,weather_code,pressure_msl,surface_pressure,cloud_cover,cloud_cover_low,cloud_cover_mid,cloud_cover_high,wind_speed_10m,wind_direction_10m,wind_gusts_10m,shortwave_radiation,direct_radiation,diffuse_radiation,direct_normal_irradiance,sunshine_duration,et0_fao_evapotranspiration,vapour_pressure_deficit,soil_temperature_0_to_7cm,soil_moisture_0_to_7cm,city,lat,lon
2026-01-01T00:00,3.2,58,-4.3,-1.1,0.0,0.0,0.0,0.0,0.0,0,1021.1,1018.7,0,0,0,0,11.0,26,27.0,0.0,0.0,0.0,0.0,0.0,0.03,0.32,4.4,0.268,Napoli,40.8518,14.2681
2026-01-01T01:00,2.9,58,-4.7,-1.8,0.0,0.0,0.0,0.0,0.0,0,1021.0,1018.6,0,0,0,0,12.7,21,27.0,0.0,0.0,0.0,0.0,0.0,0.03,0.32,3.9,0.268,Napoli,40.8518,14.2681
2026-01-01T02:00,3.2,52,-5.8,-1.8,0.0,0.0,0.0,0.0,0.0,0,1020.6,1018.2,0,0,0,0,15.0,40,27.0,0.0,0.0,0.0,0.0,0.0,0.05,0.37,5.5,0.271,Napoli,40.8518,14.2681
2026-01-01T03:00,3.1,54,-5.4,-1.7,0.0,0.0,0.0,0.0,0.0,0,1020.9,1018.5,0,0,0,0,13.4,40,32.8,0.0,0.0,0.0,0.0,0.0,0.04,0.35,4.7,0.271,Napoli,40.8518,14.2681
2026-01-01T04:00,2.7,56,-5.3,-1.9,0.0,0.0,0.0,0.0,0.0,0,1021.1,1018.7,0,0,0,0,12.0,32,29.2,0.0,0.0,0.0,0.0,0.0,0.03,0.33,4.0,0.271,Napoli,40.8518,14.2681
2026-01-01T05:00,2.3,57,-5.4,-2.0,0.0,0.0,0.0,0.0,0.0,0,1020.9,1018.5,0,0,0,0,9.8,28,25.6,0.0,0.0,0.0,0.0,0.0,0.03,0.31,3.5,0.271,Napoli,40.8518,14.2681
2026-01-01T06:00,1.6,60,-5.4,-2.4,0.0,0.0,0.0,0.0,0.0,0,1021.0,1018.6,0,0,0,0,8.3,33,20.9,0.0,0.0,0.0,0.0,0.0,0.02,0.28,2.9,0.271,Napoli,40.8518,14.2681
2026-01-01T07:00,0.7,64,-5.5,-3.4,0.0,0.0,0.0,0.0,0.0,0,1021.2,1018.8,0,0,0,0,8.4,37,17.6,0.0,0.0,0.0,0.0,0.0,0.01,0.23,2.4,0.272,Napoli,40.8518,14.2681
2026-01-01T08:00,-0.4,66,-6.0,-4.6,0.0,0.0,0.0,0.0,0.0,0,1020.8,1018.4,0,0,0,0,9.1,32,16.9,0.0,0.0,0.0,0.0,0.0,0.01,0.2,3.1,0.27,Napoli,40.8518,14.2681
2026-01-01T09:00,-0.6,69,-5.6,-4.6,0.0,0.0,0.0,0.0,0.0,0,1021.3,1018.9,0,0,0,0,8.5,28,18.0,10.0,4.0,6.0,73.7,625.04,0.01,0.18,2.4,0.27,Napoli,40.8518,14.2681
2026-01-01T10:00,0.8,71,-4.0,-3.0,0.0,0.0,0.0,0.0,0.0,0,1021.8,1019.4,0,0,0,0,7.4,22,16.9,120.0,78.0,42.0,517.4,3600.0,0.03,0.19,2.5,0.27,Napoli,40.8518,14.2681
2026-01-01T11:00,3.1,65,-2.9,-0.2,0.0,0.0,0.0,0.0,0.0,0,1022.3,1019.9,0,0,0,0,5.1,36,15.1,264.0,201.0,63.0,711.4,3600.0,0.08,0.27,3.5,0.27,Napoli,40.8518,14.2681
2026-01-01T12:00,5.5,55,-2.8,2.3,0.0,0.0,0.0,0.0,0.0,0,1022.4,1020.0,0,0,0,0,4.5,53,14.4,377.0,304.0,73.0,804.9,3600.0,0.14,0.4,4.9,0.27,Napoli,40.8518,14.2681
2026-01-01T13:00,7.4,50,-2.5,4.3,0.0,0.0,0.0,0.0,0.0,0,1021.6,1019.2,1,1,0,0,4.5,76,15.1,439.0,362.0,77.0,842.4,3600.0,0.18,0.52,6.3,0.268,Napoli,40.8518,14.2681
2026-01-01T14:00,8.8,47,-1.9,5.7,0.0,0.0,0.0,0.0,0.0,0,1020.8,1018.5,0,0,0,0,4.3,105,15.8,441.0,361.0,80.0,829.7,3600.0,0.19,0.6,8.5,0.259,Napoli,40.8518,14.2681
2026-01-01T15:00,9.7,55,1.0,6.7,0.0,0.0,0.0,0.0,0.0,0,1020.3,1018.0,2,2,1,0,6.6,163,17.6,386.0,312.0,74.0,793.0,3600.0,0.17,0.55,9.1,0.258,Napoli,40.8518,14.2681
2026-01-01T16:00,10.0,64,3.6,6.9,0.0,0.0,0.0,0.0,0.0,1,1020.0,1017.7,34,34,2,0,11.2,180,26.6,272.0,198.0,74.0,643.7,3600.0,0.12,0.44,9.2,0.257,Napoli,40.8518,14.2681
2026-01-01T17:00,9.7,66,3.7,6.4,0.0,0.0,0.0,0.0,0.0,1,1020.0,1017.7,30,30,2,0,12.1,176,27.4,136.0,84.0,52.0,458.1,3600.0,0.07,0.41,8.9,0.257,Napoli,40.8518,14.2681
2026-01-01T18:00,9.1,65,2.9,5.5,0.0,0.0,0.0,0.0,0.0,0,1019.9,1017.6,10,5,5,0,13.2,168,28.1,20.0,8.0,12.0,110.4,1683.6,0.04,0.41,8.2,0.257,Napoli,40.8518,14.2681
2026-01-01T19:00,9.1,66,3.1,5.8,0.0,0.0,0.0,0.0,0.0,1,1020.0,1017.7,29,3,29,0,11.1,160,27.7,0.0,0.0,0.0,0.0,0.0,0.03,0.39,7.6,0.257,Napoli,40.8518,14.2681
2026-01-01T20:00,9.8,68,4.1,7.0,0.0,0.0,0.0,0.0,0.0,3,1019.8,1017.5,88,30,84,0,9.9,170,23.0,0.0,0.0,0.0,0.0,0.0,0.02,0.39,9.5,0.234,Napoli,40.8518,14.2681
2026-01-01T21:00,10.1,68,4.4,7.0,0.0,0.0,0.0,0.0,0.0,3,1019.4,1017.1,100,18,100,0,11.4,168,24.5,0.0,0.0,0.0,0.0,0.0,0.03,0.4,8.9,0.234,Napoli,40.8518,14.2681
2026-01-01T22:00,10.6,67,4.8,7.4,0.0,0.0,0.0,0.0,0.0,3,1019.2,1016.9,100,59,100,9,13.3,178,27.7,0.0,0.0,0.0,0.0,0.0,0.03,0.42,8.7,0.235,Napoli,40.8518,14.2681
2026-01-01T23:00,11.2,64,4.7,7.5,0.0,0.0,0.0,0.0,0.0,3,1018.7,1016.4,100,85,88,93,15.9,176,33.8,0.0,0.0,0.0,0.0,0.0,0.05,0.47,8.6,0.235,Napoli,40.8518,14.2681
2026-01-02T00:00,11.5,65,5.1,7.4,0.0,0.0,0.0,0.0,0.0,3,1018.2,1015.9,100,100,100,32,19.3,179,41.0,0.0,0.0,0.0,0.0,0.0,0.06,0.47,8.7,0.235,Napoli,40.8518,14.2681
2026-01-02T01:00,11.8,70,6.5,7.5,0.0,0.0,0.0,0.0,0.0,3,1017.4,1015.1,99,87,82,91,23.6,176,51.5,0.0,0.0,0.0,0.0,0.0,0.06,0.42,8.9,0.235,Napoli,40.8518,14.2681
2026-01-02T02:00,9.9,88,8.0,6.3,1.1,1.1,0.0,0.0,0.0,55,1016.3,1014.0,100,100,37,76,21.3,160,54.0,0.0,0.0,0.0,0.0,0.0,0.01,0.15,9.9,0.249,Napoli,40.8518,14.2681
2026-01-02T03:00,10.4,90,8.8,7.1,0.4,0.4,0.0,0.0,0.0,51,1015.8,1013.5,88,77,32,37,19.8,168,45.0,0.0,0.0,0.0,0.0,0.0,0.01,0.12,9.6,0.254,Napoli,40.8518,14.2681
2026-01-02T04:00,11.2,90,9.6,8.9,1.9,1.9,0.0,0.0,0.0,61,1014.8,1012.5,77,63,30,19,14.8,186,43.9,0.0,0.0,0.0,0.0,0.0,0.0,0.13,9.5,0.28,Napoli,40.8518,14.2681
2026-01-02T05:00,12.4,77,8.5,8.4,1.2,1.2,0.0,0.0,0.0,55,1013.7,1011.4,55,21,46,4,24.4,239,49.3,0.0,0.0,0.0,0.0,0.0,0.04,0.33,9.6,0.298,Napoli,40.8518,14.2681
2026-01-02T06:00,13.3,64,6.7,8.9,0.2,0.2,0.0,0.0,0.0,51,1013.5,1011.2,92,8,34,88,24.6,245,54.4,0.0,0.0,0.0,0.0,0.0,0.07,0.55,9.7,0.299,Napoli,40.8518,14.2681
2026-01-02T07:00,13.3,68,7.4,9.3,0.0,0.0,0.0,0.0,0.0,3,1013.3,1011.0,99,11,16,99,22.6,243,55.1,0.0,0.0,0.0,0.0,0.0,0.06,0.49,9.8,0.299,Napoli,40.8518,14.2681
2026-01-02T08:00,13.8,62,6.6,9.2,0.1,0.1,0.0,0.0,0.0,51,1012.9,1010.6,77,5,18,71,25.5,239,51.8,0.0,0.0,0.0,0.0,0.0,0.09,0.61,11.4,0.283,Napoli,40.8518,14.2681
2026-01-02T09:00,12.9,64,6.2,8.7,0.2,0.2,0.0,0.0,0.0,51,1013.0,1010.7,63,23,51,8,21.7,248,56.2,7.0,1.0,6.0,18.4,0.0,0.07,0.54,10.9,0.284,Napoli,40.8518,14.2681
2026-01-02T10:00,13.8,68,7.9,10.4,0.1,0.1,0.0,0.0,0.0,51,1013.3,1011.0,48,13,41,0,19.7,246,46.1,91.0,49.0,42.0,324.9,3600.0,0.09,0.51,10.9,0.284,Napoli,40.8518,14.2681
2026-01-02T11:00,14.2,61,6.8,10.6,0.0,0.0,0.0,0.0,0.0,1,1013.5,1011.2,27,9,23,0,18.7,250,46.1,174.0,98.0,76.0,346.4,3600.0,0.14,0.63,11.3,0.283,Napoli,40.8518,14.2681
2026-01-02T12:00,14.6,58,6.5,10.4,0.2,0.2,0.0,0.0,0.0,51,1013.6,1011.3,25,8,23,0,22.4,246,51.1,291.0,195.0,96.0,515.2,3600.0,0.19,0.69,11.8,0.283,Napoli,40.8518,14.2681
2026-01-02T13:00,15.1,52,5.4,10.5,0.1,0.1,0.0,0.0,0.0,51,1012.2,1009.9,20,15,13,0,23.7,248,54.4,345.0,237.0,108.0,550.1,3600.0,0.23,0.81,12.3,0.281,Napoli,40.8518,14.2681
2026-01-02T14:00,14.6,61,7.1,11.3,0.0,0.0,0.0,0.0,0.0,1,1011.3,1009.0,38,23,35,0,17.3,255,55.1,347.0,243.0,104.0,556.6,3600.0,0.2,0.65,13.2,0.274,Napoli,40.8518,14.2681
2026-01-02T15:00,14.7,57,6.3,10.5,0.1,0.1,0.0,0.0,0.0,51,1010.4,1008.1,49,38,34,0,22.2,236,51.1,275.0,166.0,109.0,420.0,3600.0,0.19,0.72,13.2,0.272,Napoli,40.8518,14.2681
2026-01-02T16:00,14.3,62,7.2,10.6,0.0,0.0,0.0,0.0,0.0,2,1010.2,1007.9,56,17,54,0,20.4,229,50.4,193.0,110.0,83.0,355.3,3600.0,0.14,0.61,12.9,0.271,Napoli,40.8518,14.2681
2026-01-02T17:00,13.8,64,7.2,10.2,0.0,0.0,0.0,0.0,0.0,1,1010.1,1007.8,39,15,33,0,19.8,230,47.2,108.0,54.0,54.0,291.0,3600.0,0.1,0.57,12.6,0.27,Napoli,40.8518,14.2681
2026-01-02T18:00,13.1,68,7.3,9.8,0.0,0.0,0.0,0.0,0.0,2,1010.1,1007.8,59,18,57,0,17.8,234,45.4,17.0,6.0,11.0,81.5,930.69,0.06,0.49,12.0,0.27,Napoli,40.8518,14.2681
2026-01-02T19:00,13.1,66,6.9,9.7,0.1,0.1,0.0,0.0,0.0,51,1009.9,1007.6,84,30,71,34,17.5,236,39.6,0.0,0.0,0.0,0.0,0.0,0.05,0.51,11.6,0.271,Napoli,40.8518,14.2681
2026-01-02T20:00,13.4,69,7.8,10.1,0.1,0.1,0.0,0.0,0.0,51,1009.3,1007.0,50,18,37,5,18.5,237,38.2,0.0,0.0,0.0,0.0,0.0,0.05,0.48,13.0,0.267,Napoli,40.8518,14.2681
2026-01-02T21:00,13.5,70,8.1,10.4,0.1,0.1,0.0,0.0,0.0,51,1009.1,1006.8,48,27,17,20,17.6,237,39.6,0.0,0.0,0.0,0.0,0.0,0.05,0.46,12.3,0.267,Napoli,40.8518,14.2681
2026-01-02T22:00,13.6,71,8.3,10.5,0.0,0.0,0.0,0.0,0.0,1,1008.6,1006.3,41,14,27,11,18.1,236,38.2,0.0,0.0,0.0,0.0,0.0,0.05,0.46,11.9,0.266,Napoli,40.8518,14.2681
2026-01-02T23:00,13.5,71,8.4,10.2,0.0,0.0,0.0,0.0,0.0,1,1008.5,1006.2,34,15,16,12,19.6,238,41.8,0.0,0.0,0.0,0.0,0.0,0.05,0.44,11.6,0.266,Napoli,40.8518,14.2681
2026-01-03T00:00,13.8,69,8.2,10.5,0.0,0.0,0.0,0.0,0.0,2,1008.3,1006.0,51,21,27,27,19.3,237,43.6,0.0,0.0,0.0,0.0,0.0,0.05,0.49,11.5,0.265,Napoli,40.8518,14.2681
2026-01-03T01:00,14.1,66,7.9,10.7,0.0,0.0,0.0,0.0,0.0,1,1007.7,1005.4,43,13,30,9,19.4,241,42.5,0.0,0.0,0.0,0.0,0.0,0.06,0.54,11.5,0.265,Napoli,40.8518,14.2681
2026-01-03T02:00,14.6,60,7.0,10.5,0.0,0.0,0.0,0.0,0.0,3,1007.1,1004.8,99,63,96,54,23.1,229,44.3,0.0,0.0,0.0,0.0,0.0,0.09,0.66,13.3,0.267,Napoli,40.8518,14.2681
2026-01-03T03:00,15.1,59,7.2,10.9,0.0,0.0,0.0,0.0,0.0,3,1006.8,1004.5,97,31,94,39,23.3,231,51.1,0.0,0.0,0.0,0.0,0.0,0.09,0.7,12.9,0.266,Napoli,40.8518,14.2681
2026-01-03T04:00,14.4,75,10.0,11.2,0.0,0.0,0.0,0.0,0.0,3,1006.9,1004.6,100,9,100,61,21.8,223,53.3,0.0,0.0,0.0,0.0,0.0,0.05,0.41,12.7,0.265,Napoli,40.8518,14.2681
2026-01-03T05:00,14.7,70,9.3,11.9,0.0,0.0,0.0,0.0,0.0,3,1006.2,1003.9,100,13,100,36,17.8,249,47.5,0.0,0.0,0.0,0.0,0.0,0.05,0.5,12.6,0.265,Napoli,40.8518,14.2681
2026-01-03T06:00,14.5,73,9.7,11.7,0.2,0.2,0.0,0.0,0.0,51,1006.0,1003.7,100,9,100,35,18.4,259,41.0,0.0,0.0,0.0,0.0,0.0,0.04,0.44,12.4,0.266,Napoli,40.8518,14.2681
2026-01-03T07:00,14.6,72,9.7,12.1,0.0,0.0,0.0,0.0,0.0,3,1006.1,1003.8,100,20,100,28,16.4,261,40.3,0.0,0.0,0.0,0.0,0.0,0.04,0.46,12.4,0.266,Napoli,40.8518,14.2681
2026-01-03T08:00,15.0,69,9.4,11.9,0.0,0.0,0.0,0.0,0.0,3,1006.4,1004.1,91,49,84,10,20.1,238,39.2,0.0,0.0,0.0,0.0,0.0,0.06,0.53,13.9,0.266,Napoli,40.8518,14.2681
2026-01-03T09:00,14.9,73,10.2,11.8,0.0,0.0,0.0,0.0,0.0,3,1006.6,1004.3,100,67,100,12,21.2,235,46.1,6.0,1.0,5.0,18.4,0.0,0.06,0.45,13.5,0.265,Napoli,40.8518,14.2681
2026-01-03T10:00,15.0,80,11.5,12.3,0.2,0.2,0.0,0.0,0.0,51,1007.0,1004.7,75,61,38,30,21.8,228,48.2,51.0,17.0,34.0,112.6,1577.53,0.07,0.35,13.3,0.267,Napoli,40.8518,14.2681
2026-01-03T11:00,16.0,81,12.6,13.5,0.0,0.0,0.0,0.0,0.0,2,1007.3,1005.0,54,14,10,45,22.6,229,52.9,161.0,83.0,78.0,292.8,3600.0,0.1,0.35,13.7,0.266,Napoli,40.8518,14.2681
2026-01-03T12:00,16.1,79,12.4,13.6,0.0,0.0,0.0,0.0,0.0,1,1008.2,1005.9,43,17,21,16,21.7,241,52.6,264.0,165.0,99.0,435.0,3600.0,0.14,0.39,14.2,0.265,Napoli,40.8518,14.2681
2026-01-03T13:00,15.2,81,12.0,13.2,0.1,0.1,0.0,0.0,0.0,51,1007.8,1005.5,95,72,65,53,17.8,254,50.8,313.0,216.0,97.0,499.9,3600.0,0.15,0.33,14.7,0.265,Napoli,40.8518,14.2681
2026-01-03T14:00,14.7,85,12.2,12.6,1.6,1.6,0.0,0.0,0.0,61,1007.4,1005.1,100,100,95,100,18.6,257,41.4,212.0,86.0,126.0,196.3,3600.0,0.11,0.25,15.2,0.269,Napoli,40.8518,14.2681
2026-01-03T15:00,14.4,88,12.5,12.9,0.3,0.3,0.0,0.0,0.0,51,1007.2,1004.9,100,100,69,100,15.2,263,43.2,100.0,1.0,99.0,2.5,0.0,0.07,0.19,14.7,0.272,Napoli,40.8518,14.2681
2026-01-03T16:00,14.5,88,12.5,13.1,0.2,0.2,0.0,0.0,0.0,51,1007.1,1004.8,100,100,47,100,14.9,255,36.7,122.0,17.0,105.0,54.5,0.0,0.07,0.21,14.5,0.273,Napoli,40.8518,14.2681
2026-01-03T17:00,14.5,87,12.4,13.6,0.2,0.2,0.0,0.0,0.0,51,1007.1,1004.8,99,72,53,96,11.5,247,34.6,62.0,2.0,60.0,10.6,0.0,0.05,0.21,14.3,0.276,Napoli,40.8518,14.2681
2026-01-03T18:00,14.5,87,12.4,13.8,0.1,0.1,0.0,0.0,0.0,51,1007.3,1005.0,95,64,14,87,9.9,241,29.2,12.0,2.0,10.0,26.7,0.0,0.02,0.21,13.9,0.277,Napoli,40.8518,14.2681
2026-01-03T19:00,14.5,87,12.4,12.9,0.1,0.1,0.0,0.0,0.0,51,1007.4,1005.1,53,16,6,44,15.7,231,33.8,0.0,0.0,0.0,0.0,0.0,0.01,0.22,13.5,0.278,Napoli,40.8518,14.2681
2026-01-03T20:00,14.8,84,12.1,12.7,0.0,0.0,0.0,0.0,0.0,1,1007.2,1004.9,38,36,2,1,18.6,219,39.2,0.0,0.0,0.0,0.0,0.0,0.02,0.27,15.0,0.267,Napoli,40.8518,14.2681
2026-01-03T21:00,15.1,85,12.5,12.7,0.0,0.0,0.0,0.0,0.0,1,1007.1,1004.8,41,31,11,2,21.5,225,45.7,0.0,0.0,0.0,0.0,0.0,0.02,0.26,14.4,0.266,Napoli,40.8518,14.2681
2026-01-03T22:00,15.1,85,12.6,12.8,0.0,0.0,0.0,0.0,0.0,1,1007.1,1004.8,22,22,1,0,21.1,220,46.1,0.0,0.0,0.0,0.0,0.0,0.02,0.26,14.1,0.267,Napoli,40.8518,14.2681
2026-01-03T23:00,15.0,88,13.0,12.9,0.0,0.0,0.0,0.0,0.0,1,1007.4,1005.1,25,22,3,1,21.1,217,46.1,0.0,0.0,0.0,0.0,0.0,0.02,0.21,13.8,0.267,Napoli,40.8518,14.2681
2026-01-04T00:00,15.0,88,13.1,12.7,0.0,0.0,0.0,0.0,0.0,2,1007.6,1005.3,53,23,24,19,22.3,218,48.2,0.0,0.0,0.0,0.0,0.0,0.02,0.2,13.7,0.267,Napoli,40.8518,14.2681
2026-01-04T01:00,15.1,88,13.1,12.9,0.0,0.0,0.0,0.0,0.0,3,1007.4,1005.1,80,18,71,14,21.1,218,48.2,0.0,0.0,0.0,0.0,0.0,0.02,0.21,13.6,0.267,Napoli,40.8518,14.2681
2026-01-04T02:00,15.1,85,12.5,12.9,0.0,0.0,0.0,0.0,0.0,3,1007.3,1005.0,99,0,96,87,20.0,206,45.7,0.0,0.0,0.0,0.0,0.0,0.02,0.26,15.1,0.281,Napoli,40.8518,14.2681
2026-01-04T03:00,15.2,83,12.4,12.9,0.0,0.0,0.0,0.0,0.0,2,1007.3,1005.0,77,6,59,45,20.5,204,45.4,0.0,0.0,0.0,0.0,0.0,0.03,0.29,14.6,0.281,Napoli,40.8518,14.2681
2026-01-04T04:00,14.9,85,12.4,12.7,0.0,0.0,0.0,0.0,0.0,2,1007.2,1004.9,68,17,20,57,19.8,199,45.4,0.0,0.0,0.0,0.0,0.0,0.02,0.26,14.1,0.281,Napoli,40.8518,14.2681
2026-01-04T05:00,14.8,84,12.2,12.5,0.0,0.0,0.0,0.0,0.0,3,1006.7,1004.4,99,14,92,90,20.2,200,43.9,0.0,0.0,0.0,0.0,0.0,0.02,0.27,13.8,0.281,Napoli,40.8518,14.2681
2026-01-04T06:00,15.0,80,11.7,12.4,0.0,0.0,0.0,0.0,0.0,3,1006.6,1004.3,99,20,64,98,21.0,209,45.4,0.0,0.0,0.0,0.0,0.0,0.03,0.33,13.6,0.28,Napoli,40.8518,14.2681
2026-01-04T07:00,14.7,84,12.0,12.3,1.3,1.3,0.0,0.0,0.0,61,1006.4,1004.1,100,13,100,100,20.3,215,46.8,0.0,0.0,0.0,0.0,0.0,0.02,0.26,13.4,0.295,Napoli,40.8518,14.2681
2026-01-04T08:00,14.7,86,12.4,11.9,0.2,0.2,0.0,0.0,0.0,51,1006.2,1003.9,100,46,85,100,23.7,203,43.2,0.0,0.0,0.0,0.0,0.0,0.02,0.23,15.2,0.3,Napoli,40.8518,14.2681
2026-01-04T09:00,14.5,89,12.6,12.3,0.3,0.3,0.0,0.0,0.0,51,1006.4,1004.1,100,37,95,100,20.2,193,50.4,4.0,0.0,4.0,0.0,0.0,0.03,0.19,14.6,0.303,Napoli,40.8518,14.2681
2026-01-04T10:00,14.8,87,12.7,13.0,0.1,0.1,0.0,0.0,0.0,51,1006.7,1004.4,99,34,90,92,17.8,192,43.6,44.0,2.0,42.0,13.2,0.0,0.04,0.21,14.3,0.303,Napoli,40.8518,14.2681
2026-01-04T11:00,15.1,85,12.6,13.3,0.0,0.0,0.0,0.0,0.0,3,1007.0,1004.7,100,20,98,100,17.5,181,40.7,88.0,10.0,78.0,35.2,0.0,0.07,0.26,14.3,0.303,Napoli,40.8518,14.2681
2026-01-04T12:00,14.7,86,12.3,12.2,1.7,1.7,0.0,0.0,0.0,61,1007.2,1004.9,100,24,38,100,22.1,196,50.8,229.0,61.0,168.0,160.4,3011.46,0.11,0.24,14.6,0.322,Napoli,40.8518,14.2681
2026-01-04T13:00,15.5,85,13.1,13.6,0.0,0.0,0.0,0.0,0.0,3,1006.3,1004.0,100,16,99,100,19.9,190,50.4,255.0,97.0,158.0,223.8,3600.0,0.13,0.26,14.9,0.321,Napoli,40.8518,14.2681
2026-01-04T14:00,16.2,79,12.6,13.8,0.0,0.0,0.0,0.0,0.0,3,1005.6,1003.3,100,1,100,100,21.7,185,48.6,216.0,33.0,183.0,75.0,450.39,0.13,0.38,16.6,0.286,Napoli,40.8518,14.2681
2026-01-04T15:00,15.7,83,12.7,13.3,0.4,0.4,0.0,0.0,0.0,51,1004.9,1002.6,100,34,100,100,21.7,191,50.0,96.0,1.0,95.0,2.5,0.0,0.08,0.31,16.0,0.289,Napoli,40.8518,14.2681
2026-01-04T16:00,15.3,85,12.8,13.2,0.3,0.3,0.0,0.0,0.0,51,1004.6,1002.3,100,53,98,99,20.2,188,46.1,63.0,1.0,62.0,3.2,0.0,0.06,0.26,15.5,0.292,Napoli,40.8518,14.2681
2026-01-04T17:00,14.2,91,12.7,12.0,2.3,2.3,0.0,0.0,0.0,61,1004.9,1002.6,100,77,99,98,20.8,196,48.2,29.0,0.0,29.0,0.0,0.0,0.04,0.15,14.8,0.319,Napoli,40.8518,14.2681
2026-01-04T18:00,14.3,92,13.0,12.6,1.3,1.3,0.0,0.0,0.0,61,1005.1,1002.8,100,100,98,98,18.0,199,44.6,5.0,0.0,5.0,0.0,0.0,0.03,0.13,14.3,0.336,Napoli,40.8518,14.2681
2026-01-04T19:00,14.1,90,12.5,12.0,2.4,2.4,0.0,0.0,0.0,61,1005.6,1003.3,100,100,99,99,19.4,208,40.0,0.0,0.0,0.0,0.0,0.0,0.01,0.16,14.0,0.368,Napoli,40.8518,14.2681
2026-01-04T20:00,14.5,92,13.2,13.3,1.2,1.2,0.0,0.0,0.0,55,1005.5,1003.2,100,44,86,99,15.1,183,42.1,0.0,0.0,0.0,0.0,0.0,0.0,0.13,15.9,0.366,Napoli,40.8518,14.2681
2026-01-04T21:00,14.6,93,13.4,13.5,0.7,0.7,0.0,0.0,0.0,53,1005.6,1003.3,100,23,86,100,15.0,190,34.9,0.0,0.0,0.0,0.0,0.0,0.0,0.12,15.2,0.373,Napoli,40.8518,14.2681
2026-01-04T22:00,14.4,93,13.2,13.3,0.8,0.8,0.0,0.0,0.0,53,1005.8,1003.5,100,43,84,99,14.3,165,34.2,0.0,0.0,0.0,0.0,0.0,0.0,0.12,14.6,0.38,Napoli,40.8518,14.2681
2026-01-04T23:00,14.4,92,13.1,12.5,0.8,0.8,0.0,0.0,0.0,53,1005.9,1003.6,100,45,98,100,19.5,177,42.8,0.0,0.0,0.0,0.0,0.0,0.01,0.14,14.2,0.386,Napoli,40.8518,14.2681
2026-01-05T00:00,14.4,92,13.1,12.7,0.9,0.9,0.0,0.0,0.0,53,1006.3,1004.0,100,48,100,100,18.4,189,42.5,0.0,0.0,0.0,0.0,0.0,0.0,0.13,14.0,0.393,Napoli,40.8518,14.2681
2026-01-05T01:00,13.7,93,12.6,12.0,3.4,3.4,0.0,0.0,0.0,63,1006.6,1004.3,100,38,100,100,16.8,201,40.3,0.0,0.0,0.0,0.0,0.0,0.0,0.1,13.8,0.429,Napoli,40.8518,14.2681
2026-01-05T02:00,14.0,91,12.6,12.5,0.9,0.9,0.0,0.0,0.0,53,1005.6,1003.3,100,37,100,100,15.5,162,36.7,0.0,0.0,0.0,0.0,0.0,0.0,0.14,15.2,0.362,Napoli,40.8518,14.2681
2026-01-05T03:00,15.3,84,12.6,12.7,2.1,2.1,0.0,0.0,0.0,61,1005.5,1003.2,100,13,100,100,23.3,189,46.8,0.0,0.0,0.0,0.0,0.0,0.03,0.28,14.7,0.385,Napoli,40.8518,14.2681
2026-01-05T04:00,15.5,76,11.3,11.7,0.4,0.4,0.0,0.0,0.0,51,1005.6,1003.3,100,9,100,100,28.3,192,59.0,0.0,0.0,0.0,0.0,0.0,0.06,0.42,14.3,0.385,Napoli,40.8518,14.2681
2026-01-05T05:00,15.1,81,12.0,12.3,1.2,1.2,0.0,0.0,0.0,55,1005.2,1002.9,100,1,100,100,23.6,173,60.8,0.0,0.0,0.0,0.0,0.0,0.03,0.32,14.1,0.393,Napoli,40.8518,14.2681
2026-01-05T06:00,12.9,92,11.6,11.0,2.0,2.0,0.0,0.0,0.0,61,1005.4,1003.1,100,6,100,100,16.4,175,58.0,0.0,0.0,0.0,0.0,0.0,0.0,0.12,13.5,0.411,Napoli,40.8518,14.2681
2026-01-05T07:00,12.1,94,11.1,9.9,1.4,1.4,0.0,0.0,0.0,61,1005.7,1003.4,100,45,100,100,17.1,205,42.1,0.0,0.0,0.0,0.0,0.0,0.0,0.09,13.1,0.417,Napoli,40.8518,14.2681
2026-01-05T08:00,12.6,95,11.8,11.8,1.3,1.3,0.0,0.0,0.0,61,1004.7,1002.4,100,10,100,100,8.8,123,37.1,0.0,0.0,0.0,0.0,0.0,0.0,0.07,14.3,0.413,Napoli,40.8518,14.2681
2026-01-05T09:00,13.1,92,11.7,11.4,0.2,0.2,0.0,0.0,0.0,51,1004.6,1002.3,100,14,100,100,14.8,129,31.0,3.0,0.0,3.0,0.0,0.0,0.02,0.13,13.7,0.405,Napoli,40.8518,14.2681
2026-01-05T10:00,13.3,89,11.6,12.1,0.3,0.3,0.0,0.0,0.0,51,1004.8,1002.5,100,30,100,84,11.5,124,31.0,23.0,0.0,23.0,0.0,0.0,0.03,0.17,13.4,0.401,Napoli,40.8518,14.2681
2026-01-05T11:00,13.6,91,12.1,13.4,0.0,0.0,0.0,0.0,0.0,3,1005.1,1002.8,100,71,94,100,5.8,112,23.8,61.0,6.0,55.0,21.1,0.0,0.04,0.15,13.4,0.395,Napoli,40.8518,14.2681
2026-01-05T12:00,14.3,87,12.2,14.5,0.0,0.0,0.0,0.0,0.0,3,1005.2,1002.9,100,29,100,84,3.4,93,15.1,162.0,12.0,150.0,31.5,0.0,0.09,0.21,13.9,0.389,Napoli,40.8518,14.2681
2026-01-05T13:00,14.2,86,11.9,14.0,0.9,0.9,0.0,0.0,0.0,53,1004.5,1002.2,98,46,79,82,5.1,82,15.1,192.0,22.0,170.0,50.6,0.0,0.1,0.23,14.3,0.394,Napoli,40.8518,14.2681
2026-01-05T14:00,14.7,86,12.4,13.8,0.0,0.0,0.0,0.0,0.0,3,1002.5,1000.2,98,2,88,84,11.1,7,15.8,219.0,65.0,154.0,147.1,2613.91,0.11,0.24,15.5,0.391,Napoli,40.8518,14.2681
2026-01-05T15:00,15.0,81,11.8,15.0,0.1,0.1,0.0,0.0,0.0,51,1002.1,999.8,87,71,8,50,3.8,59,24.5,248.0,100.0,148.0,249.1,3600.0,0.13,0.33,15.5,0.386,Napoli,40.8518,14.2681
2026-01-05T16:00,15.1,82,12.1,14.4,0.0,0.0,0.0,0.0,0.0,1,1002.1,999.8,29,10,19,3,9.4,86,23.4,189.0,87.0,102.0,274.9,3600.0,0.1,0.3,15.5,0.382,Napoli,40.8518,14.2681
2026-01-05T17:00,14.3,85,11.8,14.1,0.0,0.0,0.0,0.0,0.0,2,1002.8,1000.5,61,38,35,6,4.9,24,23.4,131.0,70.0,61.0,362.8,3600.0,0.06,0.25,15.1,0.378,Napoli,40.8518,14.2681
2026-01-05T18:00,13.4,91,11.9,13.3,0.0,0.0,0.0,0.0,0.0,2,1003.0,1000.7,72,55,19,27,4.4,12,9.7,19.0,6.0,13.0,77.3,843.68,0.01,0.14,14.4,0.375,Napoli,40.8518,14.2681
2026-01-05T19:00,12.6,92,11.4,12.9,0.0,0.0,0.0,0.0,0.0,2,1003.1,1000.8,63,27,16,43,1.2,39,9.4,0.0,0.0,0.0,0.0,0.0,0.0,0.11,13.7,0.373,Napoli,40.8518,14.2681
2026-01-05T20:00,12.5,92,11.2,12.0,0.0,0.0,0.0,0.0,0.0,1,1003.0,1000.7,23,9,16,4,5.8,30,4.3,0.0,0.0,0.0,0.0,0.0,0.0,0.12,15.1,0.353,Napoli,40.8518,14.2681
2026-01-05T21:00,11.9,93,10.8,11.7,0.0,0.0,0.0,0.0,0.0,1,1003.0,1000.7,21,8,18,2,2.7,32,11.5,0.0,0.0,0.0,0.0,0.0,0.0,0.1,14.0,0.352,Napoli,40.8518,14.2681
2026-01-05T22:00,11.3,94,10.3,10.9,0.0,0.0,0.0,0.0,0.0,2,1003.3,1001.0,54,16,40,9,3.5,9,6.1,0.0,0.0,0.0,0.0,0.0,0.0,0.09,13.2,0.351,Napoli,40.8518,14.2681
2026-01-05T23:00,11.3,95,10.5,10.8,0.2,0.2,0.0,0.0,0.0,51,1003.7,1001.4,53,34,21,17,4.2,43,8.6,0.0,0.0,0.0,0.0,0.0,0.0,0.07,12.7,0.353,Napoli,40.8518,14.2681
2026-01-06T00:00,11.3,93,10.1,10.6,0.0,0.0,0.0,0.0,0.0,2,1003.8,1001.5,78,9,22,70,4.7,83,11.5,0.0,0.0,0.0,0.0,0.0,0.0,0.1,12.2,0.352,Napoli,40.8518,14.2681
2026-01-06T01:00,10.3,94,9.3,9.5,0.0,0.0,0.0,0.0,0.0,1,1003.9,1001.6,49,14,16,30,4.1,77,10.1,0.0,0.0,0.0,0.0,0.0,0.0,0.08,11.7,0.351,Napoli,40.8518,14.2681
2026-01-06T02:00,11.1,93,9.9,10.3,0.0,0.0,0.0,0.0,0.0,3,1004.0,1001.7,94,16,52,88,5.3,18,10.8,0.0,0.0,0.0,0.0,0.0,0.0,0.1,12.2,0.365,Napoli,40.8518,14.2681
2026-01-06T03:00,10.5,94,9.6,10.1,3.5,3.5,0.0,0.0,0.0,63,1003.9,1001.6,99,81,70,93,2.3,4,12.2,0.0,0.0,0.0,0.0,0.0,0.0,0.07,11.8,0.408,Napoli,40.8518,14.2681
2026-01-06T04:00,10.6,94,9.6,9.7,3.9,3.9,0.0,0.0,0.0,63,1003.9,1001.6,100,100,73,91,5.1,100,11.5,0.0,0.0,0.0,0.0,0.0,0.0,0.08,11.6,0.422,Napoli,40.8518,14.2681
2026-01-06T05:00,11.0,93,9.9,9.5,5.4,5.4,0.0,0.0,0.0,63,1003.6,1001.3,100,98,41,89,9.9,112,20.2,0.0,0.0,0.0,0.0,0.0,0.0,0.09,11.5,0.43,Napoli,40.8518,14.2681
2026-01-06T06:00,11.3,95,10.6,9.7,0.7,0.7,0.0,0.0,0.0,53,1003.4,1001.1,98,59,65,86,12.1,136,24.1,0.0,0.0,0.0,0.0,0.0,0.0,0.06,11.4,0.424,Napoli,40.8518,14.2681
2026-01-06T07:00,11.9,96,11.2,10.2,0.5,0.5,0.0,0.0,0.0,53,1003.5,1001.2,100,100,60,97,13.8,151,27.4,0.0,0.0,0.0,0.0,0.0,0.0,0.06,11.6,0.419,Napoli,40.8518,14.2681
2026-01-06T08:00,13.1,93,12.0,11.5,0.2,0.2,0.0,0.0,0.0,51,1003.2,1000.9,99,16,75,99,14.6,164,42.1,0.0,0.0,0.0,0.0,0.0,0.0,0.1,12.7,0.404,Napoli,40.8518,14.2681
2026-01-06T09:00,12.8,93,11.6,11.4,0.2,0.2,0.0,0.0,0.0,51,1003.8,1001.5,99,57,77,98,12.4,171,31.0,4.0,0.0,4.0,0.0,0.0,0.01,0.11,12.6,0.403,Napoli,40.8518,14.2681
2026-01-06T10:00,12.8,91,11.4,12.1,0.6,0.6,0.0,0.0,0.0,53,1003.3,1001.0,98,51,22,97,7.6,109,27.7,27.0,3.0,24.0,19.7,0.0,0.03,0.13,12.4,0.406,Napoli,40.8518,14.2681
2026-01-06T11:00,13.1,91,11.6,12.3,2.8,2.8,0.0,0.0,0.0,63,1003.3,1001.0,100,19,96,100,8.6,98,21.2,135.0,32.0,103.0,112.0,1559.97,0.07,0.14,12.7,0.438,Napoli,40.8518,14.2681
2026-01-06T12:00,13.1,92,11.9,12.3,2.2,2.2,0.0,0.0,0.0,61,1002.8,1000.5,100,87,77,99,8.9,115,21.6,113.0,7.0,106.0,18.3,0.0,0.06,0.11,12.8,0.424,Napoli,40.8518,14.2681
2026-01-06T13:00,13.6,91,12.2,11.9,1.2,1.2,0.0,0.0,0.0,55,1001.9,999.6,100,82,62,98,16.6,140,36.7,130.0,8.0,122.0,18.3,0.0,0.07,0.14,12.9,0.427,Napoli,40.8518,14.2681
2026-01-06T14:00,13.7,92,12.4,11.3,0.3,0.3,0.0,0.0,0.0,51,1001.0,998.7,100,98,51,100,21.6,150,61.2,151.0,19.0,132.0,42.8,0.0,0.07,0.13,12.9,0.405,Napoli,40.8518,14.2681
2026-01-06T15:00,14.1,88,12.1,11.0,2.2,2.2,0.0,0.0,0.0,61,1000.5,998.2,100,92,86,100,25.6,166,58.7,102.0,6.0,96.0,14.9,0.0,0.07,0.2,13.1,0.424,Napoli,40.8518,14.2681
2026-01-06T16:00,13.7,91,12.3,11.5,2.4,2.4,0.0,0.0,0.0,61,1000.3,998.0,100,100,98,98,19.7,174,59.8,86.0,0.0,86.0,0.0,0.0,0.05,0.14,13.1,0.432,Napoli,40.8518,14.2681
2026-01-06T17:00,13.8,88,11.9,11.5,0.5,0.5,0.0,0.0,0.0,53,1000.1,997.8,100,100,98,98,19.0,195,46.4,30.0,0.0,30.0,0.0,0.0,0.04,0.18,13.0,0.422,Napoli,40.8518,14.2681
2026-01-06T18:00,13.5,90,11.9,10.9,2.5,2.5,0.0,0.0,0.0,63,999.7,997.4,100,95,100,5,21.4,200,49.0,3.0,0.0,3.0,0.0,0.0,0.03,0.15,12.8,0.43,Napoli,40.8518,14.2681
2026-01-06T19:00,13.4,91,12.0,11.6,1.8,1.8,0.0,0.0,0.0,61,999.7,997.4,77,45,73,0,16.8,222,47.9,0.0,0.0,0.0,0.0,0.0,0.0,0.13,12.7,0.43,Napoli,40.8518,14.2681
2026-01-06T20:00,13.4,90,11.8,11.1,0.0,0.0,0.0,0.0,0.0,3,1000.7,998.4,80,30,46,53,19.7,242,33.5,0.0,0.0,0.0,0.0,0.0,0.01,0.16,14.1,0.409,Napoli,40.8518,14.2681
2026-01-06T21:00,13.2,88,11.2,10.5,0.0,0.0,0.0,0.0,0.0,3,1002.0,999.7,99,20,15,98,20.8,266,51.1,0.0,0.0,0.0,0.0,0.0,0.01,0.19,13.6,0.404,Napoli,40.8518,14.2681
2026-01-06T22:00,12.4,86,10.2,10.1,0.0,0.0,0.0,0.0,0.0,3,1003.1,1000.8,96,38,16,94,15.9,252,44.6,0.0,0.0,0.0,0.0,0.0,0.01,0.19,12.9,0.4,Napoli,40.8518,14.2681
2026-01-06T23:00,11.9,84,9.3,9.5,0.0,0.0,0.0,0.0,0.0,3,1004.1,1001.8,100,67,0,99,14.6,250,34.9,0.0,0.0,0.0,0.0,0.0,0.01,0.22,12.4,0.397,Napoli,40.8518,14.2681
2026-01-07T00:00,11.9,82,8.8,9.7,0.0,0.0,0.0,0.0,0.0,3,1004.8,1002.5,100,100,7,1,12.4,251,32.0,0.0,0.0,0.0,0.0,0.0,0.01,0.26,12.1,0.394,Napoli,40.8518,14.2681
2026-01-07T01:00,11.8,79,8.3,9.7,0.0,0.0,0.0,0.0,0.0,3,1005.4,1003.1,91,35,5,87,10.8,255,28.4,0.0,0.0,0.0,0.0,0.0,0.01,0.29,11.9,0.391,Napoli,40.8518,14.2681
2026-01-07T02:00,11.7,82,8.6,10.0,0.0,0.0,0.0,0.0,0.0,3,1005.4,1003.1,99,49,98,90,9.0,239,24.1,0.0,0.0,0.0,0.0,0.0,0.01,0.25,12.5,0.402,Napoli,40.8518,14.2681
2026-01-07T03:00,11.4,82,8.5,9.8,0.0,0.0,0.0,0.0,0.0,3,1005.6,1003.3,100,39,100,98,8.1,241,20.5,0.0,0.0,0.0,0.0,0.0,0.0,0.24,12.1,0.401,Napoli,40.8518,14.2681
2026-01-07T04:00,11.2,83,8.4,9.7,0.0,0.0,0.0,0.0,0.0,3,1005.7,1003.4,98,28,98,34,7.1,240,18.4,0.0,0.0,0.0,0.0,0.0,0.0,0.23,11.7,0.4,Napoli,40.8518,14.2681
2026-01-07T05:00,10.7,82,7.8,9.2,0.0,0.0,0.0,0.0,0.0,3,1005.5,1003.2,100,16,100,49,6.4,254,15.8,0.0,0.0,0.0,0.0,0.0,0.0,0.23,11.3,0.398,Napoli,40.8518,14.2681
2026-01-07T06:00,10.2,84,7.6,8.7,0.0,0.0,0.0,0.0,0.0,3,1005.3,1003.0,100,22,100,100,5.9,258,14.0,0.0,0.0,0.0,0.0,0.0,0.0,0.2,10.8,0.397,Napoli,40.8518,14.2681
2026-01-07T07:00,9.8,88,7.9,8.1,0.5,0.5,0.0,0.0,0.0,53,1005.9,1003.6,100,98,100,100,7.9,253,16.6,0.0,0.0,0.0,0.0,0.0,0.0,0.15,10.6,0.402,Napoli,40.8518,14.2681
2026-01-07T08:00,9.4,94,8.5,8.8,0.2,0.2,0.0,0.0,0.0,51,1006.0,1003.7,100,75,100,99,1.7,212,16.6,0.0,0.0,0.0,0.0,0.0,0.0,0.07,10.6,0.399,Napoli,40.8518,14.2681
2026-01-07T09:00,9.5,93,8.5,8.8,0.2,0.2,0.0,0.0,0.0,51,1006.2,1003.9,100,73,88,100,1.9,343,5.0,2.0,0.0,2.0,0.0,0.0,0.01,0.08,10.5,0.4,Napoli,40.8518,14.2681
2026-01-07T10:00,9.9,91,8.6,8.9,0.0,0.0,0.0,0.0,0.0,3,1006.6,1004.3,97,16,95,42,4.5,40,10.1,55.0,3.0,52.0,19.6,0.0,0.03,0.11,10.6,0.399,Napoli,40.8518,14.2681
2026-01-07T11:00,10.2,89,8.4,9.0,0.3,0.3,0.0,0.0,0.0,51,1006.8,1004.5,95,18,91,27,5.0,60,15.1,102.0,14.0,88.0,48.8,0.0,0.05,0.14,10.7,0.401,Napoli,40.8518,14.2681
2026-01-07T12:00,10.5,87,8.5,9.4,0.3,0.3,0.0,0.0,0.0,51,1006.3,1004.0,100,7,91,100,4.8,75,20.5,205.0,58.0,147.0,151.0,2730.16,0.09,0.16,11.1,0.403,Napoli,40.8518,14.2681
2026-01-07T13:00,11.1,83,8.4,10.3,0.0,0.0,0.0,0.0,0.0,3,1005.6,1003.3,100,12,100,100,2.8,117,18.4,266.0,91.0,175.0,207.6,3600.0,0.13,0.22,11.8,0.401,Napoli,40.8518,14.2681
2026-01-07T14:00,9.9,84,7.4,8.2,0.1,0.1,0.0,0.0,0.0,51,1005.7,1003.4,100,38,89,100,7.3,322,17.6,219.0,23.0,196.0,51.6,0.0,0.1,0.19,11.5,0.396,Napoli,40.8518,14.2681
2026-01-07T15:00,10.4,83,7.7,9.1,0.1,0.1,0.0,0.0,0.0,51,1005.1,1002.8,100,17,68,100,4.7,313,19.4,178.0,22.0,156.0,54.2,0.0,0.09,0.21,11.6,0.396,Napoli,40.8518,14.2681
2026-01-07T16:00,10.3,76,6.3,8.4,0.4,0.4,0.0,0.0,0.0,51,1004.8,1002.5,80,31,70,22,6.3,305,18.4,140.0,19.0,121.0,59.1,0.0,0.08,0.3,11.6,0.398,Napoli,40.8518,14.2681
2026-01-07T17:00,9.0,84,6.4,6.6,1.5,1.5,0.0,0.0,0.0,61,1005.0,1002.7,100,98,100,41,10.1,292,21.6,76.0,19.0,57.0,95.8,1073.01,0.04,0.19,10.9,0.413,Napoli,40.8518,14.2681
2026-01-07T18:00,8.3,90,6.8,6.0,1.9,1.9,0.0,0.0,0.0,61,1005.3,1003.0,100,62,100,98,9.8,284,24.8,5.0,0.0,5.0,0.0,0.0,0.02,0.11,10.2,0.43,Napoli,40.8518,14.2681
2026-01-07T19:00,8.0,85,5.6,4.8,1.7,1.7,0.0,0.0,0.0,61,1005.7,1003.4,82,66,48,0,14.5,287,27.4,0.0,0.0,0.0,0.0,0.0,0.01,0.16,9.8,0.439,Napoli,40.8518,14.2681
2026-01-07T20:00,7.4,90,5.9,5.0,1.0,1.0,0.0,0.0,0.0,55,1006.2,1003.9,32,23,15,0,9.0,300,34.9,0.0,0.0,0.0,0.0,0.0,0.0,0.1,9.5,0.426,Napoli,40.8518,14.2681
2026-01-07T21:00,6.4,93,5.4,4.2,0.0,0.0,0.0,0.0,0.0,1,1006.6,1004.3,45,15,36,0,7.4,276,21.6,0.0,0.0,0.0,0.0,0.0,0.0,0.07,8.9,0.42,Napoli,40.8518,14.2681
2026-01-07T22:00,6.1,92,4.8,3.3,0.0,0.0,0.0,0.0,0.0,2,1007.0,1004.7,58,21,47,0,10.3,283,26.3,0.0,0.0,0.0,0.0,0.0,0.0,0.08,8.4,0.416,Napoli,40.8518,14.2681
2026-01-07T23:00,6.7,84,4.1,3.4,0.0,0.0,0.0,0.0,0.0,0,1006.9,1004.6,17,9,12,0,12.6,281,26.3,0.0,0.0,0.0,0.0,0.0,0.01,0.16,8.0,0.413,Napoli,40.8518,14.2681
2026-01-08T00:00,6.0,87,4.0,2.1,0.0,0.0,0.0,0.0,0.0,1,1007.6,1005.3,24,23,4,0,16.9,310,38.2,0.0,0.0,0.0,0.0,0.0,0.01,0.12,7.7,0.41,Napoli,40.8518,14.2681
2026-01-08T01:00,4.2,96,3.6,1.3,0.0,0.0,0.0,0.0,0.0,0,1008.5,1006.1,16,16,1,0,9.7,341,35.6,0.0,0.0,0.0,0.0,0.0,0.0,0.03,7.2,0.408,Napoli,40.8518,14.2681
2026-01-08T02:00,5.0,87,3.1,1.8,0.0,0.0,0.0,0.0,0.0,0,1009.0,1006.6,8,7,5,0,11.1,318,22.0,0.0,0.0,0.0,0.0,0.0,0.0,0.11,8.2,0.413,Napoli,40.8518,14.2681
2026-01-08T03:00,5.4,79,2.1,1.5,0.0,0.0,0.0,0.0,0.0,0,1009.7,1007.3,3,3,0,0,14.4,319,32.4,0.0,0.0,0.0,0.0,0.0,0.01,0.19,7.5,0.411,Napoli,40.8518,14.2681
2026-01-08T04:00,5.3,76,1.5,1.4,0.0,0.0,0.0,0.0,0.0,0,1010.4,1008.0,1,1,0,0,13.9,312,32.4,0.0,0.0,0.0,0.0,0.0,0.02,0.21,7.0,0.408,Napoli,40.8518,14.2681
2026-01-08T05:00,4.7,77,1.0,1.1,0.0,0.0,0.0,0.0,0.0,0,1010.6,1008.2,2,2,0,0,10.9,322,32.8,0.0,0.0,0.0,0.0,0.0,0.01,0.19,6.5,0.406,Napoli,40.8518,14.2681
2026-01-08T06:00,3.1,89,1.4,0.2,0.0,0.0,0.0,0.0,0.0,1,1011.0,1008.6,22,22,0,0,6.5,8,25.2,0.0,0.0,0.0,0.0,0.0,0.0,0.09,5.9,0.405,Napoli,40.8518,14.2681
2026-01-08T07:00,2.2,92,1.1,-0.5,0.0,0.0,0.0,0.0,0.0,1,1011.7,1009.3,39,39,0,0,5.3,24,16.6,0.0,0.0,0.0,0.0,0.0,0.0,0.05,5.4,0.404,Napoli,40.8518,14.2681
2026-01-08T08:00,2.0,89,0.4,-0.8,0.0,0.0,0.0,0.0,0.0,2,1012.4,1010.0,55,55,0,0,4.4,348,14.4,0.0,0.0,0.0,0.0,0.0,0.0,0.08,5.8,0.403,Napoli,40.8518,14.2681
2026-01-08T09:00,1.9,89,0.3,-1.1,0.0,0.0,0.0,0.0,0.0,2,1012.8,1010.4,70,70,0,0,6.2,22,14.0,9.0,3.0,6.0,54.2,243.54,0.0,0.08,5.1,0.401,Napoli,40.8518,14.2681
2026-01-08T10:00,3.5,90,2.0,0.8,0.0,0.0,0.0,0.0,0.0,2,1013.4,1011.0,73,73,0,0,5.8,51,15.5,109.0,61.0,48.0,397.2,3600.0,0.03,0.08,5.4,0.4,Napoli,40.8518,14.2681
2026-01-08T11:00,5.2,83,2.6,3.0,0.0,0.0,0.0,0.0,0.0,0,1014.4,1012.0,5,5,0,0,3.0,57,14.8,235.0,144.0,91.0,500.3,3600.0,0.08,0.15,6.3,0.399,Napoli,40.8518,14.2681
2026-01-08T12:00,6.7,70,1.6,4.5,0.0,0.0,0.0,0.0,0.0,0,1015.1,1012.7,0,0,0,0,1.9,41,12.2,366.0,275.0,91.0,713.2,3600.0,0.14,0.3,7.6,0.396,Napoli,40.8518,14.2681
2026-01-08T13:00,7.7,59,0.3,5.0,0.0,0.0,0.0,0.0,0.0,0,1015.6,1013.3,0,0,0,0,4.1,347,15.8,441.0,362.0,79.0,822.3,3600.0,0.18,0.43,8.7,0.394,Napoli,40.8518,14.2681
2026-01-08T14:00,8.4,54,-0.3,5.4,0.0,0.0,0.0,0.0,0.0,0,1015.5,1013.2,1,1,0,0,5.6,318,17.6,452.0,374.0,78.0,834.7,3600.0,0.19,0.5,9.7,0.39,Napoli,40.8518,14.2681
2026-01-08T15:00,8.9,54,0.0,5.5,0.0,0.0,0.0,0.0,0.0,0,1015.5,1013.2,0,0,0,0,8.7,302,24.5,400.0,324.0,76.0,793.0,3600.0,0.17,0.53,10.1,0.387,Napoli,40.8518,14.2681
2026-01-08T16:00,9.1,60,1.7,6.3,0.0,0.0,0.0,0.0,0.0,0,1015.6,1013.3,0,0,0,0,6.3,297,24.8,300.0,232.0,68.0,715.2,3600.0,0.13,0.46,10.0,0.385,Napoli,40.8518,14.2681
2026-01-08T17:00,8.9,66,2.8,6.4,0.0,0.0,0.0,0.0,0.0,1,1015.9,1013.6,39,0,1,38,5.1,312,18.7,163.0,112.0,51.0,556.5,3600.0,0.07,0.39,9.6,0.384,Napoli,40.8518,14.2681
2026-01-08T18:00,7.3,75,3.1,5.0,0.0,0.0,0.0,0.0,0.0,1,1016.4,1014.1,48,0,0,48,5.1,318,14.8,31.0,16.0,15.0,195.1,2832.33,0.01,0.26,8.6,0.384,Napoli,40.8518,14.2681
2026-01-08T19:00,6.7,78,3.2,4.5,0.0,0.0,0.0,0.0,0.0,2,1016.7,1014.3,55,1,48,13,4.2,313,14.4,0.0,0.0,0.0,0.0,0.0,0.0,0.21,7.7,0.383,Napoli,40.8518,14.2681
2026-01-08T20:00,6.7,76,2.7,5.0,0.0,0.0,0.0,0.0,0.0,3,1016.7,1014.3,99,1,99,3,0.3,45,13.0,0.0,0.0,0.0,0.0,0.0,0.0,0.24,7.6,0.38,Napoli,40.8518,14.2681
2026-01-08T21:00,7.5,77,3.6,5.6,0.0,0.0,0.0,0.0,0.0,3,1017.1,1014.8,96,95,95,0,2.7,228,8.6,0.0,0.0,0.0,0.0,0.0,0.0,0.24,7.3,0.38,Napoli,40.8518,14.2681
2026-01-08T22:00,8.4,74,4.1,6.3,0.0,0.0,0.0,0.0,0.0,3,1017.2,1014.9,100,100,2,0,4.6,228,11.9,0.0,0.0,0.0,0.0,0.0,0.0,0.28,7.2,0.38,Napoli,40.8518,14.2681
2026-01-08T23:00,9.4,72,4.6,7.0,0.0,0.0,0.0,0.0,0.0,3,1017.2,1014.9,100,100,73,0,7.4,225,16.2,0.0,0.0,0.0,0.0,0.0,0.01,0.33,7.4,0.379,Napoli,40.8518,14.2681
2026-01-09T00:00,9.9,73,5.2,7.5,0.0,0.0,0.0,0.0,0.0,3,1016.9,1014.6,100,100,100,1,8.1,197,17.6,0.0,0.0,0.0,0.0,0.0,0.01,0.33,7.7,0.379,Napoli,40.8518,14.2681
2026-01-09T01:00,10.1,79,6.5,8.4,0.0,0.0,0.0,0.0,0.0,3,1016.4,1014.1,100,100,100,91,4.9,208,17.3,0.0,0.0,0.0,0.0,0.0,0.0,0.26,7.9,0.378,Napoli,40.8518,14.2681
2026-01-09T02:00,9.8,89,8.1,8.4,0.0,0.0,0.0,0.0,0.0,3,1015.9,1013.6,100,100,100,74,6.0,190,14.4,0.0,0.0,0.0,0.0,0.0,0.0,0.13,8.9,0.382,Napoli,40.8518,14.2681
2026-01-09T03:00,9.7,94,8.9,8.4,0.5,0.5,0.0,0.0,0.0,53,1015.4,1013.1,100,98,97,93,6.8,153,17.3,0.0,0.0,0.0,0.0,0.0,0.0,0.07,9.0,0.388,Napoli,40.8518,14.2681
2026-01-09T04:00,9.0,98,8.6,7.4,0.7,0.7,0.0,0.0,0.0,53,1015.1,1012.8,100,100,100,91,8.3,132,13.3,0.0,0.0,0.0,0.0,0.0,0.0,0.03,9.0,0.397,Napoli,40.8518,14.2681
2026-01-09T05:00,9.3,94,8.5,7.4,0.2,0.2,0.0,0.0,0.0,51,1013.6,1011.3,65,44,54,3,10.5,127,20.9,0.0,0.0,0.0,0.0,0.0,0.0,0.07,8.9,0.398,Napoli,40.8518,14.2681
2026-01-09T06:00,9.2,92,8.0,8.5,2.5,2.5,0.0,0.0,0.0,63,1013.5,1011.2,59,42,22,20,1.2,297,18.0,0.0,0.0,0.0,0.0,0.0,0.0,0.09,8.7,0.429,Napoli,40.8518,14.2681
2026-01-09T07:00,9.0,93,8.0,7.7,0.0,0.0,0.0,0.0,0.0,2,1013.1,1010.8,52,13,19,38,4.9,298,15.5,0.0,0.0,0.0,0.0,0.0,0.0,0.08,8.4,0.421,Napoli,40.8518,14.2681
2026-01-09T08:00,10.7,93,9.6,9.1,0.0,0.0,0.0,0.0,0.0,3,1013.2,1010.9,97,36,35,95,10.1,271,15.8,0.0,0.0,0.0,0.0,0.0,0.0,0.09,8.7,0.404,Napoli,40.8518,14.2681
2026-01-09T09:00,11.1,90,9.5,9.3,0.0,0.0,0.0,0.0,0.0,3,1012.7,1010.4,95,33,40,89,11.1,257,23.0,6.0,1.0,5.0,18.0,0.0,0.01,0.13,9.0,0.403,Napoli,40.8518,14.2681
2026-01-09T10:00,12.4,90,10.9,10.7,0.0,0.0,0.0,0.0,0.0,2,1012.3,1010.0,74,41,4,55,13.8,250,27.4,92.0,37.0,55.0,239.6,3600.0,0.04,0.14,9.6,0.401,Napoli,40.8518,14.2681
2026-01-09T11:00,14.1,85,11.6,12.6,0.0,0.0,0.0,0.0,0.0,2,1012.1,1009.8,66,21,18,48,13.3,249,29.5,215.0,121.0,94.0,418.6,3600.0,0.1,0.24,10.6,0.399,Napoli,40.8518,14.2681
2026-01-09T12:00,15.0,75,10.7,12.6,0.0,0.0,0.0,0.0,0.0,3,1011.9,1009.6,86,11,46,71,18.0,259,45.0,303.0,211.0,92.0,545.0,3600.0,0.16,0.42,11.6,0.397,Napoli,40.8518,14.2681
2026-01-09T13:00,15.1,70,9.6,12.2,0.2,0.2,0.0,0.0,0.0,51,1010.5,1008.2,85,46,66,30,19.4,254,44.6,312.0,164.0,148.0,370.8,3600.0,0.18,0.52,12.3,0.396,Napoli,40.8518,14.2681
2026-01-09T14:00,16.1,65,9.5,12.1,0.5,0.5,0.0,0.0,0.0,53,1009.3,1007.0,52,6,26,30,26.4,231,53.3,330.0,214.0,116.0,475.1,3600.0,0.2,0.64,12.5,0.386,Napoli,40.8518,14.2681
2026-01-09T15:00,15.9,65,9.4,11.9,0.2,0.2,0.0,0.0,0.0,51,1008.2,1005.9,80,15,42,64,26.3,235,64.1,303.0,190.0,113.0,462.1,3600.0,0.19,0.63,13.0,0.385,Napoli,40.8518,14.2681
2026-01-09T16:00,15.2,70,9.8,11.3,0.0,0.0,0.0,0.0,0.0,3,1007.7,1005.4,81,13,19,76,26.0,238,63.0,131.0,16.0,115.0,48.9,0.0,0.12,0.51,13.0,0.383,Napoli,40.8518,14.2681
2026-01-09T17:00,14.3,75,10.0,10.5,0.4,0.4,0.0,0.0,0.0,51,1007.6,1005.3,86,37,45,61,26.2,260,58.7,119.0,51.0,68.0,249.7,3600.0,0.09,0.4,12.9,0.386,Napoli,40.8518,14.2681
2026-01-09T18:00,14.0,77,10.1,10.4,0.0,0.0,0.0,0.0,0.0,3,1007.2,1004.9,95,30,23,91,24.9,267,57.2,24.0,8.0,16.0,95.7,1431.44,0.06,0.36,12.5,0.385,Napoli,40.8518,14.2681
2026-01-09T19:00,13.9,74,9.4,10.3,0.0,0.0,0.0,0.0,0.0,1,1007.1,1004.8,33,24,0,11,23.4,282,55.1,0.0,0.0,0.0,0.0,0.0,0.05,0.41,12.2,0.384,Napoli,40.8518,14.2681
2026-01-09T20:00,14.5,69,9.0,10.8,0.0,0.0,0.0,0.0,0.0,0,1006.8,1004.5,19,9,7,10,23.2,268,53.3,0.0,0.0,0.0,0.0,0.0,0.06,0.51,13.8,0.383,Napoli,40.8518,14.2681
2026-01-09T21:00,13.9,72,8.8,10.2,0.0,0.0,0.0,0.0,0.0,1,1006.9,1004.6,22,0,22,0,23.0,269,56.5,0.0,0.0,0.0,0.0,0.0,0.06,0.45,13.1,0.381,Napoli,40.8518,14.2681
2026-01-09T22:00,14.3,63,7.4,9.7,0.0,0.0,0.0,0.0,0.0,1,1006.6,1004.3,39,1,39,0,26.7,267,59.8,0.0,0.0,0.0,0.0,0.0,0.09,0.6,12.5,0.38,Napoli,40.8518,14.2681
2026-01-09T23:00,12.1,71,7.0,8.1,0.1,0.1,0.0,0.0,0.0,51,1007.3,1005.0,68,30,61,10,22.2,285,62.3,0.0,0.0,0.0,0.0,0.0,0.05,0.41,12.0,0.379,Napoli,40.8518,14.2681
2026-01-10T00:00,12.0,73,7.3,7.8,0.0,0.0,0.0,0.0,0.0,3,1006.9,1004.6,88,34,85,16,23.8,285,52.6,0.0,0.0,0.0,0.0,0.0,0.05,0.38,11.6,0.378,Napoli,40.8518,14.2681
2026-01-10T01:00,10.8,86,8.5,7.8,1.1,1.1,0.0,0.0,0.0,55,1006.4,1004.1,72,48,42,22,17.3,274,54.7,0.0,0.0,0.0,0.0,0.0,0.01,0.18,11.2,0.389,Napoli,40.8518,14.2681
2026-01-10T02:00,11.4,75,7.2,7.7,1.2,1.2,0.0,0.0,0.0,55,1005.3,1003.0,99,42,98,68,19.8,253,42.1,0.0,0.0,0.0,0.0,0.0,0.04,0.33,13.0,0.398,Napoli,40.8518,14.2681
2026-01-10T03:00,10.4,83,7.7,7.7,1.8,1.8,0.0,0.0,0.0,61,1004.4,1002.1,79,29,68,34,13.9,273,51.8,0.0,0.0,0.0,0.0,0.0,0.01,0.21,11.8,0.417,Napoli,40.8518,14.2681
2026-01-10T04:00,9.6,89,7.9,6.6,0.9,0.9,0.0,0.0,0.0,53,1003.4,1001.1,76,24,45,59,16.8,273,36.7,0.0,0.0,0.0,0.0,0.0,0.01,0.13,11.1,0.422,Napoli,40.8518,14.2681
2026-01-10T05:00,8.9,90,7.4,6.9,1.2,1.2,0.0,0.0,0.0,55,1002.0,999.7,100,100,76,61,9.1,285,44.6,0.0,0.0,0.0,0.0,0.0,0.0,0.11,10.4,0.426,Napoli,40.8518,14.2681
2026-01-10T06:00,8.5,88,6.7,3.8,2.5,2.5,0.0,0.0,0.0,63,1001.9,999.6,98,96,33,24,26.5,284,57.2,0.0,0.0,0.0,0.0,0.0,0.01,0.13,10.0,0.429,Napoli,40.8518,14.2681
2026-01-10T07:00,8.4,88,6.6,4.5,0.2,0.2,0.0,0.0,0.0,51,1001.3,999.0,100,100,73,78,20.1,276,60.8,0.0,0.0,0.0,0.0,0.0,0.01,0.13,9.5,0.424,Napoli,40.8518,14.2681
2026-01-10T08:00,10.8,66,4.8,5.6,0.5,0.5,0.0,0.0,0.0,53,1000.2,997.9,90,7,66,84,27.2,267,65.5,0.0,0.0,0.0,0.0,0.0,0.07,0.44,11.7,0.405,Napoli,40.8518,14.2681
2026-01-10T09:00,10.5,69,5.2,4.2,5.2,5.2,0.0,0.0,0.0,63,999.8,997.5,100,7,98,98,35.4,278,70.9,6.0,0.0,6.0,0.0,0.0,0.08,0.39,10.8,0.429,Napoli,40.8518,14.2681
2026-01-10T10:00,9.2,77,5.3,4.7,0.4,0.4,0.0,0.0,0.0,51,999.9,997.6,99,7,87,98,22.9,272,82.8,48.0,5.0,43.0,32.2,0.0,0.06,0.27,10.2,0.425,Napoli,40.8518,14.2681
2026-01-10T11:00,9.5,73,4.9,4.2,0.6,0.6,0.0,0.0,0.0,53,999.9,997.6,100,19,78,100,27.7,276,64.4,141.0,23.0,118.0,79.2,576.41,0.09,0.32,10.1,0.425,Napoli,40.8518,14.2681
2026-01-10T12:00,8.9,73,4.2,3.3,0.5,0.5,0.0,0.0,0.0,53,1000.1,997.8,99,51,58,98,28.9,283,69.5,195.0,37.0,158.0,95.1,1054.22,0.1,0.31,10.1,0.424,Napoli,40.8518,14.2681
2026-01-10T13:00,9.4,72,4.7,3.9,0.2,0.2,0.0,0.0,0.0,51,999.6,997.3,98,34,55,98,29.3,278,67.3,246.0,83.0,163.0,186.8,3600.0,0.12,0.33,10.3,0.42,Napoli,40.8518,14.2681
2026-01-10T14:00,8.8,75,4.7,2.3,0.0,0.0,0.0,0.0,0.0,3,999.9,997.6,100,24,48,100,35.3,286,72.4,274.0,102.0,172.0,225.2,3600.0,0.12,0.28,10.5,0.405,Napoli,40.8518,14.2681
2026-01-10T15:00,9.4,71,4.3,3.0,0.0,0.0,0.0,0.0,0.0,3,999.5,997.2,100,30,73,100,34.4,291,85.0,213.0,47.0,166.0,113.6,1606.53,0.12,0.34,10.4,0.403,Napoli,40.8518,14.2681
2026-01-10T16:00,9.9,64,3.5,4.2,0.0,0.0,0.0,0.0,0.0,3,999.7,997.4,95,1,64,93,28.2,301,83.2,159.0,31.0,128.0,93.9,1016.92,0.12,0.43,10.3,0.4,Napoli,40.8518,14.2681
2026-01-10T17:00,9.6,66,3.5,4.0,0.0,0.0,0.0,0.0,0.0,3,1000.5,998.2,99,3,7,99,27.4,293,63.4,109.0,20.0,89.0,96.5,1094.8,0.1,0.41,10.0,0.398,Napoli,40.8518,14.2681
2026-01-10T18:00,9.2,70,4.0,4.1,0.0,0.0,0.0,0.0,0.0,3,1000.8,998.5,88,2,5,88,25.2,293,61.9,24.0,7.0,17.0,82.2,1035.66,0.06,0.35,9.6,0.396,Napoli,40.8518,14.2681
2026-01-10T19:00,8.6,71,3.7,4.5,0.0,0.0,0.0,0.0,0.0,0,1001.5,999.2,3,0,0,2,17.4,317,56.2,0.0,0.0,0.0,0.0,0.0,0.03,0.32,9.1,0.394,Napoli,40.8518,14.2681
2026-01-10T20:00,7.4,80,4.1,4.9,0.0,0.0,0.0,0.0,0.0,0,1002.8,1000.5,5,0,2,3,7.6,4,37.8,0.0,0.0,0.0,0.0,0.0,0.0,0.21,10.1,0.394,Napoli,40.8518,14.2681
2026-01-10T21:00,6.3,86,4.2,4.4,0.0,0.0,0.0,0.0,0.0,0,1003.5,1001.2,0,0,0,0,3.5,24,16.9,0.0,0.0,0.0,0.0,0.0,0.0,0.13,9.0,0.393,Napoli,40.8518,14.2681
2026-01-10T22:00,5.9,88,4.0,3.4,0.0,0.0,0.0,0.0,0.0,0,1004.4,1002.1,1,0,1,0,6.7,2,15.1,0.0,0.0,0.0,0.0,0.0,0.0,0.12,8.1,0.392,Napoli,40.8518,14.2681
2026-01-10T23:00,5.2,89,3.6,2.5,0.0,0.0,0.0,0.0,0.0,0,1005.4,1003.1,2,1,2,0,7.9,4,18.7,0.0,0.0,0.0,0.0,0.0,0.0,0.09,7.4,0.392,Napoli,40.8518,14.2681
2026-01-11T00:00,4.7,88,3.0,2.3,0.0,0.0,0.0,0.0,0.0,0,1006.3,1004.0,0,0,0,0,5.6,356,18.0,0.0,0.0,0.0,0.0,0.0,0.0,0.1,6.9,0.391,Napoli,40.8518,14.2681
2026-01-11T01:00,4.3,89,2.6,1.8,0.0,0.0,0.0,0.0,0.0,0,1006.9,1004.5,17,17,0,0,4.9,343,14.0,0.0,0.0,0.0,0.0,0.0,0.0,0.09,6.3,0.39,Napoli,40.8518,14.2681
2026-01-11T02:00,4.0,91,2.6,1.6,0.0,0.0,0.0,0.0,0.0,0,1007.3,1004.9,2,2,2,0,4.4,32,13.0,0.0,0.0,0.0,0.0,0.0,0.0,0.07,8.5,0.39,Napoli,40.8518,14.2681
2026-01-11T03:00,4.4,88,2.7,2.4,0.0,0.0,0.0,0.0,0.0,0,1008.1,1005.7,0,0,0,0,2.3,356,10.8,0.0,0.0,0.0,0.0,0.0,0.0,0.1,7.4,0.389,Napoli,40.8518,14.2681
2026-01-11T04:00,4.2,87,2.1,1.8,0.0,0.0,0.0,0.0,0.0,1,1008.8,1006.4,35,32,0,5,4.0,10,11.5,0.0,0.0,0.0,0.0,0.0,0.0,0.11,6.6,0.389,Napoli,40.8518,14.2681
2026-01-11T05:00,3.8,86,1.6,1.2,0.0,0.0,0.0,0.0,0.0,1,1008.9,1006.5,48,48,0,0,5.1,27,13.0,0.0,0.0,0.0,0.0,0.0,0.0,0.12,5.9,0.388,Napoli,40.8518,14.2681
2026-01-11T06:00,3.2,86,1.2,0.6,0.0,0.0,0.0,0.0,0.0,3,1009.5,1007.1,84,27,2,77,4.8,34,13.3,0.0,0.0,0.0,0.0,0.0,0.0,0.1,5.4,0.388,Napoli,40.8518,14.2681
2026-01-11T07:00,2.9,86,0.8,-0.1,0.0,0.0,0.0,0.0,0.0,3,1010.4,1008.0,99,39,25,98,6.3,39,14.8,0.0,0.0,0.0,0.0,0.0,0.0,0.1,5.0,0.387,Napoli,40.8518,14.2681
2026-01-11T08:00,1.6,95,0.9,-1.3,0.0,0.0,0.0,0.0,0.0,3,1011.4,1009.0,91,30,32,84,6.6,16,15.8,0.0,0.0,0.0,0.0,0.0,0.0,0.04,7.0,0.387,Napoli,40.8518,14.2681
2026-01-11T09:00,2.4,94,1.5,-0.5,0.0,0.0,0.0,0.0,0.0,3,1012.2,1009.8,95,40,73,88,6.5,13,15.1,7.0,0.0,7.0,0.0,0.0,0.0,0.05,6.2,0.386,Napoli,40.8518,14.2681
2026-01-11T10:00,4.5,83,1.9,1.7,0.0,0.0,0.0,0.0,0.0,0,1013.1,1010.7,2,2,0,0,6.1,23,16.6,91.0,26.0,65.0,166.2,3184.97,0.03,0.14,6.2,0.385,Napoli,40.8518,14.2681
2026-01-11T11:00,7.7,80,4.4,5.2,0.0,0.0,0.0,0.0,0.0,0,1014.1,1011.8,0,0,0,0,7.3,48,18.4,259.0,190.0,69.0,651.1,3600.0,0.09,0.21,7.2,0.384,Napoli,40.8518,14.2681
2026-01-11T12:00,10.1,59,2.5,7.0,0.0,0.0,0.0,0.0,0.0,0,1015.3,1013.0,1,1,0,0,9.3,63,23.8,375.0,301.0,74.0,770.4,3600.0,0.17,0.5,8.5,0.383,Napoli,40.8518,14.2681
2026-01-11T13:00,10.5,49,0.4,6.9,0.0,0.0,0.0,0.0,0.0,0,1015.3,1013.0,0,0,0,0,10.5,39,28.1,442.0,362.0,80.0,810.7,3600.0,0.21,0.64,9.5,0.38,Napoli,40.8518,14.2681
2026-01-11T14:00,10.5,48,0.0,6.3,0.0,0.0,0.0,0.0,0.0,0,1015.3,1013.0,5,0,5,0,14.5,53,30.2,452.0,370.0,82.0,812.5,3600.0,0.22,0.66,10.1,0.376,Napoli,40.8518,14.2681
2026-01-11T15:00,10.4,49,0.0,6.3,0.0,0.0,0.0,0.0,0.0,0,1015.5,1013.2,15,2,15,0,13.5,53,35.3,400.0,318.0,82.0,763.1,3600.0,0.19,0.65,10.3,0.374,Napoli,40.8518,14.2681
2026-01-11T16:00,10.0,49,-0.2,6.0,0.0,0.0,0.0,0.0,0.0,0,1016.1,1013.8,15,0,15,0,12.9,58,33.5,298.0,222.0,76.0,666.3,3600.0,0.15,0.63,10.2,0.372,Napoli,40.8518,14.2681
2026-01-11T17:00,9.0,55,0.5,5.2,0.0,0.0,0.0,0.0,0.0,0,1017.1,1014.8,9,2,9,0,12.2,64,31.3,164.0,109.0,55.0,518.1,3600.0,0.09,0.51,9.7,0.37,Napoli,40.8518,14.2681
2026-01-11T18:00,7.2,60,-0.1,2.8,0.0,0.0,0.0,0.0,0.0,0,1018.3,1015.9,2,0,2,0,15.4,66,32.8,36.0,19.0,17.0,218.8,3023.51,0.05,0.41,8.7,0.369,Napoli,40.8518,14.2681
2026-01-11T19:00,6.1,63,-0.5,1.5,0.0,0.0,0.0,0.0,0.0,0,1019.4,1017.0,6,1,5,0,16.4,64,36.7,0.0,0.0,0.0,0.0,0.0,0.04,0.35,7.7,0.368,Napoli,40.8518,14.2681
2026-01-11T20:00,6.0,64,-0.4,1.4,0.0,0.0,0.0,0.0,0.0,1,1020.1,1017.7,34,0,34,0,16.1,66,37.4,0.0,0.0,0.0,0.0,0.0,0.04,0.34,8.8,0.368,Napoli,40.8518,14.2681
2026-01-11T21:00,5.6,63,-0.8,1.2,0.0,0.0,0.0,0.0,0.0,0,1021.2,1018.8,19,6,19,0,14.9,60,36.4,0.0,0.0,0.0,0.0,0.0,0.04,0.33,7.8,0.367,Napoli,40.8518,14.2681
2026-01-11T22:00,5.1,61,-1.8,0.4,0.0,0.0,0.0,0.0,0.0,0,1021.9,1019.5,0,0,0,0,15.3,62,33.1,0.0,0.0,0.0,0.0,0.0,0.04,0.34,7.0,0.366,Napoli,40.8518,14.2681
2026-01-11T23:00,4.5,62,-2.3,-0.3,0.0,0.0,0.0,0.0,0.0,0,1022.5,1020.1,0,0,0,0,16.2,66,35.3,0.0,0.0,0.0,0.0,0.0,0.04,0.32,6.2,0.366,Napoli,40.8518,14.2681
2026-01-12T00:00,4.1,63,-2.3,-1.0,0.0,0.0,0.0,0.0,0.0,0,1023.3,1020.9,2,2,0,0,18.0,63,39.2,0.0,0.0,0.0,0.0,0.0,0.04,0.3,5.6,0.365,Napoli,40.8518,14.2681
2026-01-12T01:00,3.9,63,-2.6,-1.5,0.0,0.0,0.0,0.0,0.0,0,1024.0,1021.6,2,2,0,0,19.2,62,42.5,0.0,0.0,0.0,0.0,0.0,0.04,0.3,5.2,0.365,Napoli,40.8518,14.2681
2026-01-12T02:00,3.8,52,-5.1,-2.2,0.0,0.0,0.0,0.0,0.0,0,1023.8,1021.4,0,0,0,0,21.7,53,42.1,0.0,0.0,0.0,0.0,0.0,0.06,0.38,6.3,0.364,Napoli,40.8518,14.2681
2026-01-12T03:00,3.5,51,-5.6,-2.1,0.0,0.0,0.0,0.0,0.0,0,1024.3,1021.9,0,0,0,0,18.7,54,47.2,0.0,0.0,0.0,0.0,0.0,0.06,0.38,5.4,0.363,Napoli,40.8518,14.2681
2026-01-12T04:00,3.0,53,-5.8,-2.0,0.0,0.0,0.0,0.0,0.0,0,1024.7,1022.3,0,0,0,0,14.4,58,41.0,0.0,0.0,0.0,0.0,0.0,0.04,0.36,4.8,0.363,Napoli,40.8518,14.2681
2026-01-12T05:00,2.7,54,-5.7,-1.7,0.0,0.0,0.0,0.0,0.0,0,1024.8,1022.4,0,0,0,0,10.4,58,32.0,0.0,0.0,0.0,0.0,0.0,0.03,0.34,4.2,0.362,Napoli,40.8518,14.2681
2026-01-12T06:00,2.4,57,-5.4,-1.6,0.0,0.0,0.0,0.0,0.0,0,1025.0,1022.6,0,0,0,0,8.0,46,23.8,0.0,0.0,0.0,0.0,0.0,0.02,0.31,3.6,0.362,Napoli,40.8518,14.2681
2026-01-12T07:00,2.4,57,-5.4,-1.4,0.0,0.0,0.0,0.0,0.0,0,1025.6,1023.2,0,0,0,0,6.7,38,19.1,0.0,0.0,0.0,0.0,0.0,0.02,0.31,3.2,0.362,Napoli,40.8518,14.2681
2026-01-12T08:00,1.9,60,-5.1,-1.7,0.0,0.0,0.0,0.0,0.0,0,1025.9,1023.5,0,0,0,0,5.4,37,15.8,0.0,0.0,0.0,0.0,0.0,0.01,0.28,4.6,0.362,Napoli,40.8518,14.2681
2026-01-12T09:00,2.1,62,-4.5,-1.5,0.0,0.0,0.0,0.0,0.0,1,1026.6,1024.2,42,0,0,42,6.0,21,14.4,11.0,5.0,6.0,87.5,911.36,0.01,0.27,3.9,0.361,Napoli,40.8518,14.2681
2026-01-12T10:00,3.1,64,-3.1,-0.5,0.0,0.0,0.0,0.0,0.0,3,1027.0,1024.6,100,0,0,100,7.1,21,15.8,123.0,80.0,43.0,507.5,3600.0,0.04,0.27,4.0,0.361,Napoli,40.8518,14.2681
2026-01-12T11:00,4.3,62,-2.4,1.0,0.0,0.0,0.0,0.0,0.0,3,1027.9,1025.5,100,0,0,100,6.0,25,16.6,252.0,162.0,90.0,552.3,3600.0,0.09,0.32,4.8,0.36,Napoli,40.8518,14.2681
2026-01-12T12:00,6.0,57,-1.9,3.1,0.0,0.0,0.0,0.0,0.0,3,1028.3,1025.9,100,0,0,100,3.4,25,16.6,360.0,244.0,116.0,621.4,3600.0,0.14,0.4,6.0,0.359,Napoli,40.8518,14.2681
2026-01-12T13:00,7.5,52,-1.7,4.9,0.0,0.0,0.0,0.0,0.0,2,1027.8,1025.4,72,0,0,72,1.3,344,13.3,420.0,288.0,132.0,641.7,3600.0,0.17,0.49,7.3,0.357,Napoli,40.8518,14.2681
2026-01-12T14:00,8.4,51,-1.3,5.8,0.0,0.0,0.0,0.0,0.0,2,1027.2,1024.8,60,0,0,60,2.3,321,11.9,456.0,364.0,92.0,794.7,3600.0,0.19,0.54,9.0,0.353,Napoli,40.8518,14.2681
2026-01-12T15:00,8.9,54,0.1,6.6,0.0,0.0,0.0,0.0,0.0,3,1026.7,1024.3,100,0,2,100,1.4,270,12.6,413.0,334.0,79.0,795.9,3600.0,0.17,0.53,9.7,0.351,Napoli,40.8518,14.2681
2026-01-12T16:00,8.9,55,0.5,6.5,0.0,0.0,0.0,0.0,0.0,3,1026.4,1024.0,98,0,9,98,2.3,184,10.1,281.0,167.0,114.0,496.6,3600.0,0.12,0.51,9.7,0.35,Napoli,40.8518,14.2681
2026-01-12T17:00,8.5,67,2.7,6.5,0.0,0.0,0.0,0.0,0.0,1,1026.5,1024.1,33,0,1,32,1.6,174,8.6,144.0,56.0,88.0,262.2,3600.0,0.05,0.37,9.2,0.35,Napoli,40.8518,14.2681
2026-01-12T18:00,7.0,68,1.5,5.0,0.0,0.0,0.0,0.0,0.0,0,1026.7,1024.3,0,0,0,0,0.3,45,4.3,38.0,19.0,19.0,214.6,3089.63,0.0,0.32,8.1,0.35,Napoli,40.8518,14.2681
2026-01-12T19:00,5.9,72,1.3,3.9,0.0,0.0,0.0,0.0,0.0,0,1027.0,1024.6,0,0,0,0,0.8,45,4.3,0.0,0.0,0.0,0.0,0.0,0.0,0.26,6.9,0.351,Napoli,40.8518,14.2681
2026-01-12T20:00,5.5,73,1.0,3.2,0.0,0.0,0.0,0.0,0.0,0,1027.0,1024.6,0,0,0,0,1.8,53,5.8,0.0,0.0,0.0,0.0,0.0,0.0,0.24,5.9,0.351,Napoli,40.8518,14.2681
2026-01-12T21:00,5.1,72,0.6,3.0,0.0,0.0,0.0,0.0,0.0,1,1027.3,1024.9,29,0,0,29,0.7,76,5.8,0.0,0.0,0.0,0.0,0.0,0.0,0.24,5.1,0.352,Napoli,40.8518,14.2681
2026-01-12T22:00,4.5,76,0.7,2.1,0.0,0.0,0.0,0.0,0.0,2,1027.1,1024.7,62,0,0,62,2.7,110,6.1,0.0,0.0,0.0,0.0,0.0,0.0,0.2,4.5,0.352,Napoli,40.8518,14.2681
2026-01-12T23:00,4.6,79,1.3,2.3,0.0,0.0,0.0,0.0,0.0,0,1026.9,1024.5,3,0,0,3,2.4,126,7.2,0.0,0.0,0.0,0.0,0.0,0.0,0.18,4.1,0.352,Napoli,40.8518,14.2681
2026-01-13T00:00,4.8,80,1.7,2.9,0.0,0.0,0.0,0.0,0.0,0,1027.1,1024.7,2,1,0,0,0.5,270,6.8,0.0,0.0,0.0,0.0,0.0,0.0,0.17,3.7,0.352,Napoli,40.8518,14.2681
2026-01-13T01:00,4.4,81,1.4,2.3,0.0,0.0,0.0,0.0,0.0,1,1027.1,1024.7,27,2,0,27,1.2,309,6.5,0.0,0.0,0.0,0.0,0.0,0.0,0.16,3.4,0.353,Napoli,40.8518,14.2681
2026-01-13T02:00,3.8,82,1.0,1.4,0.0,0.0,0.0,0.0,0.0,0,1026.6,1024.2,11,5,2,6,3.0,343,6.1,0.0,0.0,0.0,0.0,0.0,0.0,0.15,4.7,0.353,Napoli,40.8518,14.2681
2026-01-13T03:00,4.3,81,1.3,1.8,0.0,0.0,0.0,0.0,0.0,2,1026.8,1024.4,66,60,35,11,3.5,12,9.0,0.0,0.0,0.0,0.0,0.0,0.0,0.16,4.4,0.353,Napoli,40.8518,14.2681
2026-01-13T04:00,4.2,84,1.8,1.9,0.0,0.0,0.0,0.0,0.0,3,1026.9,1024.5,92,7,34,88,3.5,24,9.4,0.0,0.0,0.0,0.0,0.0,0.0,0.13,4.3,0.353,Napoli,40.8518,14.2681
2026-01-13T05:00,4.2,87,2.2,1.9,0.0,0.0,0.0,0.0,0.0,3,1026.4,1024.0,80,4,6,78,3.3,45,7.9,0.0,0.0,0.0,0.0,0.0,0.0,0.11,4.3,0.353,Napoli,40.8518,14.2681
2026-01-13T06:00,3.7,90,2.1,1.3,0.0,0.0,0.0,0.0,0.0,3,1026.2,1023.8,97,11,1,96,3.6,63,5.8,0.0,0.0,0.0,0.0,0.0,0.0,0.08,4.3,0.353,Napoli,40.8518,14.2681
2026-01-13T07:00,3.6,90,2.1,1.3,0.0,0.0,0.0,0.0,0.0,2,1026.3,1023.9,74,9,1,71,3.0,76,6.1,0.0,0.0,0.0,0.0,0.0,0.0,0.08,4.1,0.353,Napoli,40.8518,14.2681
2026-01-13T08:00,3.8,91,2.5,1.3,0.0,0.0,0.0,0.0,0.0,3,1026.2,1023.8,99,27,4,99,5.6,88,7.2,0.0,0.0,0.0,0.0,0.0,0.0,0.07,5.8,0.353,Napoli,40.8518,14.2681
2026-01-13T09:00,5.7,90,4.3,3.6,0.0,0.0,0.0,0.0,0.0,3,1026.3,1023.9,99,58,5,98,5.2,90,11.2,8.0,2.0,6.0,34.6,0.0,0.0,0.09,5.7,0.354,Napoli,40.8518,14.2681
2026-01-13T10:00,7.5,90,6.0,5.7,0.0,0.0,0.0,0.0,0.0,3,1026.6,1024.2,92,62,2,79,4.9,96,11.5,75.0,17.0,58.0,107.0,1408.94,0.03,0.1,6.2,0.353,Napoli,40.8518,14.2681
2026-01-13T11:00,9.8,87,7.7,8.7,0.0,0.0,0.0,0.0,0.0,3,1027.0,1024.6,95,59,1,88,3.2,137,11.9,176.0,60.0,116.0,203.4,3600.0,0.08,0.16,7.2,0.353,Napoli,40.8518,14.2681
2026-01-13T12:00,12.0,80,8.7,11.0,0.0,0.0,0.0,0.0,0.0,2,1027.0,1024.7,73,38,0,57,4.3,180,13.3,322.0,194.0,128.0,491.5,3600.0,0.15,0.28,8.8,0.352,Napoli,40.8518,14.2681
2026-01-13T13:00,13.1,65,6.8,11.2,0.0,0.0,0.0,0.0,0.0,2,1026.6,1024.3,75,27,0,66,7.5,172,19.4,341.0,170.0,171.0,376.7,3600.0,0.17,0.52,9.9,0.351,Napoli,40.8518,14.2681
2026-01-13T14:00,13.3,63,6.3,10.7,0.0,0.0,0.0,0.0,0.0,3,1025.9,1023.6,95,45,0,91,11.7,184,25.2,356.0,197.0,159.0,427.6,3600.0,0.19,0.57,10.3,0.351,Napoli,40.8518,14.2681
2026-01-13T15:00,13.2,65,6.8,10.7,0.0,0.0,0.0,0.0,0.0,2,1025.5,1023.2,71,63,0,22,11.4,174,28.4,349.0,217.0,132.0,513.5,3600.0,0.18,0.52,10.9,0.349,Napoli,40.8518,14.2681
2026-01-13T16:00,12.9,67,6.9,10.5,0.0,0.0,0.0,0.0,0.0,3,1025.4,1023.1,100,100,0,2,10.6,180,28.1,200.0,87.0,113.0,256.3,3600.0,0.12,0.49,11.0,0.348,Napoli,40.8518,14.2681
2026-01-13T17:00,12.5,69,7.0,10.6,0.0,0.0,0.0,0.0,0.0,3,1025.5,1023.2,94,93,0,6,7.8,206,23.8,107.0,28.0,79.0,129.1,2073.64,0.07,0.45,10.8,0.347,Napoli,40.8518,14.2681
2026-01-13T18:00,11.4,72,6.5,9.5,0.0,0.0,0.0,0.0,0.0,3,1025.5,1023.2,87,87,0,0,6.6,225,16.9,32.0,12.0,20.0,132.9,2710.35,0.03,0.38,10.2,0.347,Napoli,40.8518,14.2681
2026-01-13T19:00,10.2,77,6.3,8.5,0.0,0.0,0.0,0.0,0.0,1,1025.8,1023.5,30,29,0,1,4.8,225,14.8,0.0,0.0,0.0,0.0,0.0,0.0,0.29,9.3,0.347,Napoli,40.8518,14.2681
2026-01-13T20:00,9.9,75,5.7,8.2,0.0,0.0,0.0,0.0,0.0,0,1025.8,1023.5,19,1,0,18,3.7,209,10.4,0.0,0.0,0.0,0.0,0.0,0.0,0.3,8.7,0.344,Napoli,40.8518,14.2681
2026-01-13T21:00,9.5,75,5.2,7.8,0.0,0.0,0.0,0.0,0.0,0,1025.8,1023.4,8,6,0,1,3.0,155,7.6,0.0,0.0,0.0,0.0,0.0,0.0,0.3,7.8,0.344,Napoli,40.8518,14.2681
2026-01-13T22:00,9.0,78,5.4,7.1,0.0,0.0,0.0,0.0,0.0,0,1025.9,1023.5,9,9,0,0,4.6,116,9.4,0.0,0.0,0.0,0.0,0.0,0.0,0.25,7.2,0.344,Napoli,40.8518,14.2681
2026-01-13T23:00,7.9,84,5.4,6.1,0.0,0.0,0.0,0.0,0.0,0,1026.0,1023.6,8,8,0,0,4.7,106,10.8,0.0,0.0,0.0,0.0,0.0,0.0,0.17,6.8,0.344,Napoli,40.8518,14.2681
2026-01-14T00:00,8.3,83,5.6,7.0,0.0,0.0,0.0,0.0,0.0,2,1026.3,1023.9,52,52,0,0,0.8,117,9.0,0.0,0.0,0.0,0.0,0.0,0.0,0.18,6.5,0.345,Napoli,40.8518,14.2681
2026-01-14T01:00,8.2,85,5.8,7.1,0.0,0.0,0.0,0.0,0.0,1,1026.3,1023.9,47,47,0,0,0.2,360,4.0,0.0,0.0,0.0,0.0,0.0,0.0,0.17,6.3,0.345,Napoli,40.8518,14.2681
2026-01-14T02:00,7.6,84,5.2,5.8,0.0,0.0,0.0,0.0,0.0,3,1026.1,1023.7,94,86,0,54,4.1,92,3.2,0.0,0.0,0.0,0.0,0.0,0.0,0.16,7.5,0.346,Napoli,40.8518,14.2681
2026-01-14T03:00,8.4,85,6.0,6.5,0.0,0.0,0.0,0.0,0.0,3,1025.8,1023.4,95,49,0,91,6.0,95,11.5,0.0,0.0,0.0,0.0,0.0,0.0,0.16,7.3,0.347,Napoli,40.8518,14.2681
2026-01-14T04:00,8.7,87,6.7,6.8,0.0,0.0,0.0,0.0,0.0,3,1025.7,1023.3,100,100,0,8,6.8,115,13.7,0.0,0.0,0.0,0.0,0.0,0.0,0.14,7.2,0.347,Napoli,40.8518,14.2681
2026-01-14T05:00,8.6,88,6.7,6.9,0.0,0.0,0.0,0.0,0.0,3,1025.4,1023.0,96,96,0,0,5.7,125,13.7,0.0,0.0,0.0,0.0,0.0,0.0,0.14,7.1,0.347,Napoli,40.8518,14.2681
2026-01-14T06:00,8.5,88,6.6,6.9,0.0,0.0,0.0,0.0,0.0,3,1025.2,1022.8,82,82,0,0,4.9,129,11.9,0.0,0.0,0.0,0.0,0.0,0.0,0.13,7.0,0.347,Napoli,40.8518,14.2681
2026-01-14T07:00,7.9,89,6.2,6.2,0.0,0.0,0.0,0.0,0.0,2,1025.1,1022.7,65,65,0,0,4.7,130,10.4,0.0,0.0,0.0,0.0,0.0,0.0,0.12,6.7,0.347,Napoli,40.8518,14.2681
2026-01-14T08:00,9.0,88,7.1,7.6,0.0,0.0,0.0,0.0,0.0,3,1025.2,1022.8,100,100,0,0,4.6,144,10.1,0.0,0.0,0.0,0.0,0.0,0.0,0.14,8.0,0.347,Napoli,40.8518,14.2681
2026-01-14T09:00,9.2,86,7.0,7.8,0.0,0.0,0.0,0.0,0.0,3,1025.4,1023.0,93,93,1,0,4.1,119,10.1,8.0,2.0,6.0,34.2,0.0,0.0,0.16,7.7,0.348,Napoli,40.8518,14.2681
2026-01-14T10:00,10.5,82,7.6,9.2,0.0,0.0,0.0,0.0,0.0,2,1025.7,1023.4,52,52,1,0,4.4,109,9.4,102.0,49.0,53.0,305.6,3600.0,0.04,0.23,8.2,0.348,Napoli,40.8518,14.2681
2026-01-14T11:00,11.7,81,8.5,10.8,0.0,0.0,0.0,0.0,0.0,2,1026.2,1023.9,51,51,1,0,3.3,135,10.4,226.0,142.0,84.0,478.5,3600.0,0.1,0.27,9.3,0.347,Napoli,40.8518,14.2681
2026-01-14T12:00,13.0,79,9.4,12.2,0.0,0.0,0.0,0.0,0.0,2,1026.4,1024.1,69,69,1,0,4.6,171,13.7,315.0,196.0,119.0,493.9,3600.0,0.15,0.32,10.5,0.346,Napoli,40.8518,14.2681
2026-01-14T13:00,13.7,74,9.2,12.3,0.0,0.0,0.0,0.0,0.0,3,1026.0,1023.7,94,94,0,0,7.6,195,20.2,345.0,206.0,139.0,454.0,3600.0,0.17,0.4,11.5,0.345,Napoli,40.8518,14.2681
2026-01-14T14:00,14.1,66,7.8,12.1,0.0,0.0,0.0,0.0,0.0,2,1025.1,1022.8,67,67,0,0,9.3,195,25.2,376.0,229.0,147.0,494.0,3600.0,0.19,0.55,11.6,0.351,Napoli,40.8518,14.2681
2026-01-14T15:00,13.9,68,8.1,12.0,0.0,0.0,0.0,0.0,0.0,1,1024.8,1022.5,39,39,0,0,9.0,193,23.8,337.0,193.0,144.0,453.4,3600.0,0.17,0.5,12.2,0.349,Napoli,40.8518,14.2681
2026-01-14T16:00,13.6,70,8.2,11.8,0.0,0.0,0.0,0.0,0.0,0,1024.5,1022.2,0,0,0,0,8.8,182,23.0,264.0,142.0,122.0,414.4,3600.0,0.14,0.47,12.4,0.347,Napoli,40.8518,14.2681
2026-01-14T17:00,13.1,74,8.5,11.6,0.0,0.0,0.0,0.0,0.0,0,1024.3,1022.0,0,0,0,0,7.6,183,21.2,171.0,111.0,60.0,504.1,3600.0,0.08,0.39,12.1,0.346,Napoli,40.8518,14.2681
2026-01-14T18:00,11.8,80,8.4,10.4,0.0,0.0,0.0,0.0,0.0,0,1024.2,1021.9,1,1,0,0,6.3,187,16.2,40.0,21.0,19.0,228.2,3224.67,0.02,0.28,11.3,0.346,Napoli,40.8518,14.2681
2026-01-14T19:00,10.7,83,8.0,9.5,0.0,0.0,0.0,0.0,0.0,0,1024.4,1022.1,6,6,0,0,4.5,182,13.3,0.0,0.0,0.0,0.0,0.0,0.0,0.22,10.4,0.346,Napoli,40.8518,14.2681
2026-01-14T20:00,10.4,86,8.1,9.6,0.0,0.0,0.0,0.0,0.0,0,1024.4,1022.1,19,19,0,0,1.5,135,9.4,0.0,0.0,0.0,0.0,0.0,0.0,0.18,10.1,0.346,Napoli,40.8518,14.2681
2026-01-14T21:00,9.8,88,7.9,8.9,0.0,0.0,0.0,0.0,0.0,1,1024.6,1022.3,25,25,0,0,1.9,119,4.7,0.0,0.0,0.0,0.0,0.0,0.0,0.14,9.2,0.347,Napoli,40.8518,14.2681
2026-01-14T22:00,9.0,90,7.5,8.0,0.0,0.0,0.0,0.0,0.0,3,1024.7,1022.3,95,95,0,0,2.2,95,4.7,0.0,0.0,0.0,0.0,0.0,0.0,0.11,8.5,0.347,Napoli,40.8518,14.2681
2026-01-14T23:00,8.0,92,6.7,6.8,0.0,0.0,0.0,0.0,0.0,3,1024.8,1022.4,95,95,0,0,2.4,73,4.7,0.0,0.0,0.0,0.0,0.0,0.0,0.09,7.9,0.347,Napoli,40.8518,14.2681
2026-01-15T00:00,7.2,91,5.9,5.6,0.0,0.0,0.0,0.0,0.0,2,1024.9,1022.5,66,66,0,0,3.9,56,7.6,0.0,0.0,0.0,0.0,0.0,0.0,0.09,7.4,0.347,Napoli,40.8518,14.2681
2026-01-15T01:00,7.0,91,5.7,5.2,0.0,0.0,0.0,0.0,0.0,1,1024.7,1022.3,34,34,0,0,4.6,48,9.0,0.0,0.0,0.0,0.0,0.0,0.0,0.09,7.1,0.347,Napoli,40.8518,14.2681
2026-01-15T02:00,6.7,90,5.2,4.8,0.0,0.0,0.0,0.0,0.0,0,1024.5,1022.1,1,1,0,0,4.6,48,9.7,0.0,0.0,0.0,0.0,0.0,0.0,0.09,8.5,0.348,Napoli,40.8518,14.2681
2026-01-15T03:00,6.9,90,5.4,5.0,0.0,0.0,0.0,0.0,0.0,0,1024.4,1022.0,1,1,0,0,4.6,59,9.0,0.0,0.0,0.0,0.0,0.0,0.0,0.1,7.8,0.348,Napoli,40.8518,14.2681
2026-01-15T04:00,6.7,90,5.1,4.8,0.0,0.0,0.0,0.0,0.0,0,1024.3,1021.9,0,0,0,0,4.1,67,8.3,0.0,0.0,0.0,0.0,0.0,0.0,0.1,7.2,0.348,Napoli,40.8518,14.2681
2026-01-15T05:00,6.4,89,4.7,4.4,0.0,0.0,0.0,0.0,0.0,0,1023.9,1021.5,0,0,0,0,4.4,78,7.6,0.0,0.0,0.0,0.0,0.0,0.0,0.1,6.7,0.348,Napoli,40.8518,14.2681
2026-01-15T06:00,6.5,87,4.5,4.8,0.0,0.0,0.0,0.0,0.0,0,1023.7,1021.3,2,2,0,0,2.3,67,7.2,0.0,0.0,0.0,0.0,0.0,0.0,0.13,6.2,0.348,Napoli,40.8518,14.2681
2026-01-15T07:00,5.8,88,4.0,3.8,0.0,0.0,0.0,0.0,0.0,3,1023.6,1021.2,97,4,0,97,3.7,51,6.5,0.0,0.0,0.0,0.0,0.0,0.0,0.11,5.8,0.348,Napoli,40.8518,14.2681
2026-01-15T08:00,6.3,89,4.6,4.5,0.0,0.0,0.0,0.0,0.0,3,1023.4,1021.0,100,9,0,100,2.9,79,6.8,0.0,0.0,0.0,0.0,0.0,0.0,0.1,7.0,0.344,Napoli,40.8518,14.2681
2026-01-15T09:00,6.7,88,4.9,5.0,0.0,0.0,0.0,0.0,0.0,3,1023.5,1021.1,98,19,0,98,3.4,74,6.1,10.0,3.0,7.0,50.7,165.45,0.0,0.12,6.6,0.344,Napoli,40.8518,14.2681
2026-01-15T10:00,8.1,85,5.8,6.6,0.0,0.0,0.0,0.0,0.0,3,1023.8,1021.4,100,10,0,100,3.1,45,7.9,102.0,37.0,65.0,228.6,3600.0,0.03,0.16,7.2,0.344,Napoli,40.8518,14.2681
2026-01-15T11:00,9.9,84,7.4,8.7,0.0,0.0,0.0,0.0,0.0,3,1024.2,1021.9,80,16,0,77,3.1,13,11.2,241.0,152.0,89.0,509.0,3600.0,0.1,0.19,8.3,0.343,Napoli,40.8518,14.2681
2026-01-15T12:00,11.7,80,8.5,11.1,0.0,0.0,0.0,0.0,0.0,3,1024.3,1022.0,100,6,0,100,1.5,21,11.2,355.0,248.0,107.0,621.4,3600.0,0.16,0.27,9.8,0.342,Napoli,40.8518,14.2681
2026-01-15T13:00,13.2,79,9.5,12.9,0.0,0.0,0.0,0.0,0.0,3,1024.1,1021.8,99,2,0,99,1.0,202,10.1,418.0,306.0,112.0,670.6,3600.0,0.21,0.33,11.3,0.341,Napoli,40.8518,14.2681
2026-01-15T14:00,14.2,69,8.7,13.4,0.0,0.0,0.0,0.0,0.0,3,1023.4,1021.1,100,8,0,100,3.0,194,12.2,433.0,315.0,118.0,675.3,3600.0,0.22,0.49,12.6,0.343,Napoli,40.8518,14.2681
2026-01-15T15:00,14.5,68,8.7,13.6,0.0,0.0,0.0,0.0,0.0,3,1022.8,1020.5,100,7,0,100,3.1,211,11.9,359.0,213.0,146.0,496.7,3600.0,0.18,0.52,13.2,0.341,Napoli,40.8518,14.2681
2026-01-15T16:00,14.4,69,8.7,13.5,0.0,0.0,0.0,0.0,0.0,3,1022.4,1020.1,100,0,0,100,3.4,198,11.2,292.0,188.0,104.0,543.4,3600.0,0.14,0.51,13.3,0.34,Napoli,40.8518,14.2681
2026-01-15T17:00,13.5,78,9.7,12.8,0.0,0.0,0.0,0.0,0.0,3,1022.2,1019.9,99,2,0,99,4.0,185,10.1,169.0,96.0,73.0,429.4,3600.0,0.07,0.35,12.9,0.339,Napoli,40.8518,14.2681
2026-01-15T18:00,11.3,85,8.9,10.4,0.0,0.0,0.0,0.0,0.0,3,1022.2,1019.9,99,0,0,99,3.8,185,8.6,40.0,14.0,26.0,149.2,3293.33,0.01,0.2,11.8,0.339,Napoli,40.8518,14.2681
2026-01-15T19:00,10.3,87,8.1,9.2,0.0,0.0,0.0,0.0,0.0,3,1022.4,1020.1,100,0,0,100,3.9,196,8.6,0.0,0.0,0.0,0.0,0.0,0.0,0.17,10.7,0.339,Napoli,40.8518,14.2681
2026-01-15T20:00,10.6,87,8.4,10.0,0.0,0.0,0.0,0.0,0.0,3,1022.5,1020.2,100,0,0,100,0.7,194,7.6,0.0,0.0,0.0,0.0,0.0,0.0,0.17,10.1,0.339,Napoli,40.8518,14.2681
2026-01-15T21:00,9.7,89,8.1,9.1,0.0,0.0,0.0,0.0,0.0,1,1022.9,1020.6,30,0,0,30,0.8,27,2.9,0.0,0.0,0.0,0.0,0.0,0.0,0.13,9.2,0.339,Napoli,40.8518,14.2681
2026-01-15T22:00,8.3,92,7.0,6.9,0.0,0.0,0.0,0.0,0.0,2,1023.1,1020.7,52,0,0,52,3.9,43,7.6,0.0,0.0,0.0,0.0,0.0,0.0,0.09,8.5,0.34,Napoli,40.8518,14.2681
2026-01-15T23:00,7.8,91,6.4,6.1,0.0,0.0,0.0,0.0,0.0,3,1022.9,1020.5,100,1,0,100,4.9,57,9.7,0.0,0.0,0.0,0.0,0.0,0.0,0.1,8.0,0.34,Napoli,40.8518,14.2681
2026-01-16T00:00,7.5,90,6.0,5.8,0.0,0.0,0.0,0.0,0.0,2,1022.6,1020.2,57,0,0,57,4.6,64,9.7,0.0,0.0,0.0,0.0,0.0,0.0,0.1,7.6,0.34,Napoli,40.8518,14.2681
2026-01-16T01:00,6.9,90,5.4,5.1,0.0,0.0,0.0,0.0,0.0,1,1022.1,1019.7,48,0,0,48,4.3,48,8.6,0.0,0.0,0.0,0.0,0.0,0.0,0.1,7.1,0.34,Napoli,40.8518,14.2681
2026-01-16T02:00,6.9,87,4.9,5.0,0.0,0.0,0.0,0.0,0.0,3,1021.5,1019.1,86,0,0,86,4.8,42,9.4,0.0,0.0,0.0,0.0,0.0,0.0,0.13,7.8,0.341,Napoli,40.8518,14.2681
2026-01-16T03:00,6.7,88,4.8,4.7,0.0,0.0,0.0,0.0,0.0,0,1021.5,1019.1,14,0,0,14,5.2,25,10.4,0.0,0.0,0.0,0.0,0.0,0.0,0.12,7.2,0.341,Napoli,40.8518,14.2681
2026-01-16T04:00,6.3,89,4.6,4.0,0.0,0.0,0.0,0.0,0.0,0,1021.5,1019.1,7,0,0,7,6.1,32,13.0,0.0,0.0,0.0,0.0,0.0,0.0,0.11,6.8,0.341,Napoli,40.8518,14.2681
2026-01-16T05:00,5.5,91,4.1,3.4,0.0,0.0,0.0,0.0,0.0,0,1021.3,1018.9,0,0,0,0,4.3,22,12.6,0.0,0.0,0.0,0.0,0.0,0.0,0.08,6.4,0.341,Napoli,40.8518,14.2681
2026-01-16T06:00,5.0,92,3.8,2.7,0.0,0.0,0.0,0.0,0.0,0,1021.2,1018.8,0,0,0,0,6.0,25,11.9,0.0,0.0,0.0,0.0,0.0,0.0,0.07,6.0,0.341,Napoli,40.8518,14.2681
2026-01-16T07:00,4.6,92,3.5,2.1,0.0,0.0,0.0,0.0,0.0,0,1021.2,1018.8,2,0,0,2,6.5,24,12.6,0.0,0.0,0.0,0.0,0.0,0.0,0.07,5.8,0.341,Napoli,40.8518,14.2681
2026-01-16T08:00,4.6,91,3.3,2.1,0.0,0.0,0.0,0.0,0.0,3,1021.2,1018.8,98,0,0,98,6.7,31,15.1,0.0,0.0,0.0,0.0,0.0,0.0,0.08,6.6,0.341,Napoli,40.8518,14.2681
2026-01-16T09:00,5.1,90,3.6,2.4,0.0,0.0,0.0,0.0,0.0,3,1020.9,1018.5,99,0,0,99,7.6,25,14.8,10.0,2.0,8.0,33.4,0.0,0.0,0.08,6.2,0.341,Napoli,40.8518,14.2681
2026-01-16T10:00,6.8,89,5.1,4.4,0.0,0.0,0.0,0.0,0.0,3,1020.8,1018.4,99,0,0,99,7.5,33,16.9,110.0,51.0,59.0,312.1,3600.0,0.03,0.11,6.6,0.341,Napoli,40.8518,14.2681
2026-01-16T11:00,9.0,88,7.1,7.5,0.0,0.0,0.0,0.0,0.0,3,1020.9,1018.6,98,0,0,98,5.2,31,16.6,243.0,147.0,96.0,489.0,3600.0,0.09,0.14,7.7,0.341,Napoli,40.8518,14.2681
2026-01-16T12:00,11.5,79,8.1,10.3,0.0,0.0,0.0,0.0,0.0,3,1020.7,1018.4,100,0,5,100,4.4,35,14.0,341.0,210.0,131.0,523.1,3600.0,0.15,0.28,9.2,0.34,Napoli,40.8518,14.2681
2026-01-16T13:00,13.9,69,8.3,12.6,0.0,0.0,0.0,0.0,0.0,3,1019.7,1017.4,100,0,0,100,5.1,39,15.8,422.0,300.0,122.0,653.6,3600.0,0.21,0.49,10.7,0.338,Napoli,40.8518,14.2681
2026-01-16T14:00,15.1,59,7.1,13.0,0.0,0.0,0.0,0.0,0.0,3,1019.0,1016.7,99,0,4,99,9.2,62,16.9,438.0,319.0,119.0,679.5,3600.0,0.23,0.71,11.5,0.336,Napoli,40.8518,14.2681
2026-01-16T15:00,15.5,52,5.7,12.9,0.0,0.0,0.0,0.0,0.0,3,1018.1,1015.8,98,0,4,98,10.8,60,27.0,418.0,338.0,80.0,782.3,3600.0,0.23,0.85,12.3,0.334,Napoli,40.8518,14.2681
2026-01-16T16:00,15.2,56,6.5,12.6,0.0,0.0,0.0,0.0,0.0,3,1018.0,1015.7,100,0,0,100,11.5,56,27.7,316.0,240.0,76.0,686.9,3600.0,0.18,0.76,12.6,0.332,Napoli,40.8518,14.2681
2026-01-16T17:00,14.4,62,7.2,12.3,0.0,0.0,0.0,0.0,0.0,3,1018.4,1016.1,80,0,21,76,9.4,55,27.0,173.0,102.0,71.0,449.3,3600.0,0.1,0.62,12.3,0.33,Napoli,40.8518,14.2681
2026-01-16T18:00,12.6,68,6.8,10.7,0.0,0.0,0.0,0.0,0.0,1,1018.8,1016.5,45,0,45,0,7.2,55,21.2,44.0,22.0,22.0,230.1,3362.57,0.03,0.47,11.5,0.33,Napoli,40.8518,14.2681
2026-01-16T19:00,11.7,68,5.9,9.0,0.0,0.0,0.0,0.0,0.0,2,1018.7,1016.4,52,0,1,52,11.5,42,24.5,0.0,0.0,0.0,0.0,0.0,0.03,0.45,10.6,0.33,Napoli,40.8518,14.2681
2026-01-16T20:00,11.2,70,5.9,8.3,0.0,0.0,0.0,0.0,0.0,3,1018.7,1016.4,95,0,2,95,13.1,42,25.6,0.0,0.0,0.0,0.0,0.0,0.03,0.4,13.7,0.33,Napoli,40.8518,14.2681
2026-01-16T21:00,11.0,72,6.2,7.9,0.0,0.0,0.0,0.0,0.0,1,1018.5,1016.2,47,0,0,47,15.0,40,32.8,0.0,0.0,0.0,0.0,0.0,0.03,0.37,12.2,0.329,Napoli,40.8518,14.2681
2026-01-16T22:00,10.3,75,6.0,7.4,0.0,0.0,0.0,0.0,0.0,3,1018.5,1016.2,80,0,0,80,13.0,42,32.8,0.0,0.0,0.0,0.0,0.0,0.02,0.32,11.1,0.329,Napoli,40.8518,14.2681
2026-01-16T23:00,10.0,75,5.8,7.3,0.0,0.0,0.0,0.0,0.0,2,1018.7,1016.4,68,0,0,68,11.1,42,28.4,0.0,0.0,0.0,0.0,0.0,0.02,0.3,10.3,0.329,Napoli,40.8518,14.2681
2026-01-17T00:00,9.5,77,5.7,6.8,0.0,0.0,0.0,0.0,0.0,0,1018.9,1016.6,16,0,0,16,11.2,40,24.1,0.0,0.0,0.0,0.0,0.0,0.01,0.27,9.6,0.329,Napoli,40.8518,14.2681
2026-01-17T01:00,9.2,78,5.6,6.3,0.0,0.0,0.0,0.0,0.0,0,1018.9,1016.6,18,0,0,18,12.3,35,26.3,0.0,0.0,0.0,0.0,0.0,0.02,0.25,9.1,0.329,Napoli,40.8518,14.2681
2026-01-17T02:00,8.9,78,5.2,5.8,0.0,0.0,0.0,0.0,0.0,0,1019.0,1016.7,1,0,0,1,12.7,43,26.6,0.0,0.0,0.0,0.0,0.0,0.02,0.25,11.7,0.33,Napoli,40.8518,14.2681
2026-01-17T03:00,8.8,80,5.6,5.8,0.0,0.0,0.0,0.0,0.0,0,1019.0,1016.7,15,1,0,15,12.8,39,27.7,0.0,0.0,0.0,0.0,0.0,0.01,0.22,10.6,0.329,Napoli,40.8518,14.2681
2026-01-17T04:00,8.4,83,5.6,5.7,0.0,0.0,0.0,0.0,0.0,0,1018.9,1016.6,1,0,0,1,11.4,41,27.0,0.0,0.0,0.0,0.0,0.0,0.01,0.19,9.7,0.329,Napoli,40.8518,14.2681
2026-01-17T05:00,8.3,83,5.6,5.5,0.0,0.0,0.0,0.0,0.0,0,1018.6,1016.3,0,0,0,0,11.4,38,24.1,0.0,0.0,0.0,0.0,0.0,0.01,0.18,9.1,0.329,Napoli,40.8518,14.2681
2026-01-17T06:00,8.2,83,5.5,5.3,0.0,0.0,0.0,0.0,0.0,0,1018.4,1016.1,3,3,0,0,12.1,40,25.9,0.0,0.0,0.0,0.0,0.0,0.01,0.18,8.6,0.329,Napoli,40.8518,14.2681
2026-01-17T07:00,8.1,84,5.6,5.3,0.0,0.0,0.0,0.0,0.0,0,1018.4,1016.1,10,10,0,0,11.7,43,25.9,0.0,0.0,0.0,0.0,0.0,0.01,0.17,8.2,0.329,Napoli,40.8518,14.2681
2026-01-17T08:00,8.6,82,5.7,5.6,0.0,0.0,0.0,0.0,0.0,0,1018.5,1016.2,16,16,0,0,13.2,44,25.6,0.0,0.0,0.0,0.0,0.0,0.01,0.2,9.5,0.33,Napoli,40.8518,14.2681
2026-01-17T09:00,8.9,82,6.0,6.0,0.0,0.0,0.0,0.0,0.0,0,1018.5,1016.2,10,10,0,0,12.4,51,29.2,11.0,4.0,7.0,65.9,482.09,0.02,0.2,9.0,0.33,Napoli,40.8518,14.2681
2026-01-17T10:00,10.1,79,6.7,7.3,0.0,0.0,0.0,0.0,0.0,0,1018.6,1016.3,9,9,0,0,13.3,60,31.0,121.0,77.0,44.0,466.3,3600.0,0.05,0.25,9.2,0.329,Napoli,40.8518,14.2681
2026-01-17T11:00,11.8,76,7.8,9.4,0.0,0.0,0.0,0.0,0.0,0,1018.9,1016.6,8,8,0,0,12.6,63,33.5,265.0,198.0,67.0,654.2,3600.0,0.12,0.33,10.0,0.328,Napoli,40.8518,14.2681
2026-01-17T12:00,13.1,73,8.4,10.7,0.0,0.0,0.0,0.0,0.0,0,1018.9,1016.6,6,6,0,0,13.2,58,32.8,376.0,296.0,80.0,732.9,3600.0,0.17,0.4,11.1,0.327,Napoli,40.8518,14.2681
2026-01-17T13:00,14.0,71,8.9,11.7,0.0,0.0,0.0,0.0,0.0,0,1018.6,1016.3,2,2,0,0,13.1,63,32.8,440.0,354.0,86.0,766.6,3600.0,0.21,0.46,12.1,0.324,Napoli,40.8518,14.2681
2026-01-17T14:00,15.1,69,9.5,13.0,0.0,0.0,0.0,0.0,0.0,0,1018.0,1015.7,3,3,0,0,13.5,67,32.8,456.0,370.0,86.0,783.0,3600.0,0.23,0.53,13.8,0.311,Napoli,40.8518,14.2681
2026-01-17T15:00,15.4,66,9.2,13.3,0.0,0.0,0.0,0.0,0.0,0,1017.6,1015.3,17,2,0,15,12.6,64,33.1,413.0,332.0,81.0,762.6,3600.0,0.21,0.59,14.1,0.309,Napoli,40.8518,14.2681
2026-01-17T16:00,15.3,65,8.7,13.1,0.0,0.0,0.0,0.0,0.0,0,1017.8,1015.5,12,3,0,9,12.4,56,31.3,316.0,242.0,74.0,685.9,3600.0,0.17,0.61,14.1,0.307,Napoli,40.8518,14.2681
2026-01-17T17:00,14.5,69,8.8,12.3,0.0,0.0,0.0,0.0,0.0,0,1018.0,1015.7,2,2,0,0,12.7,51,30.2,183.0,127.0,56.0,551.0,3600.0,0.11,0.52,13.7,0.306,Napoli,40.8518,14.2681
2026-01-17T18:00,13.0,74,8.5,10.8,0.0,0.0,0.0,0.0,0.0,0,1018.2,1015.9,6,6,0,0,12.7,51,28.8,47.0,25.0,22.0,256.5,3432.25,0.04,0.39,12.9,0.306,Napoli,40.8518,14.2681
2026-01-17T19:00,12.1,78,8.4,9.7,0.0,0.0,0.0,0.0,0.0,1,1018.3,1016.0,21,21,0,0,12.9,51,27.7,0.0,0.0,0.0,0.0,0.0,0.02,0.31,12.0,0.306,Napoli,40.8518,14.2681
2026-01-17T20:00,12.1,79,8.6,9.7,0.0,0.0,0.0,0.0,0.0,1,1018.7,1016.4,28,20,15,0,13.6,53,30.2,0.0,0.0,0.0,0.0,0.0,0.02,0.29,14.2,0.287,Napoli,40.8518,14.2681
2026-01-17T21:00,12.0,81,8.8,9.7,0.0,0.0,0.0,0.0,0.0,1,1019.2,1016.9,39,22,27,0,13.2,58,29.9,0.0,0.0,0.0,0.0,0.0,0.02,0.27,13.1,0.287,Napoli,40.8518,14.2681
2026-01-17T22:00,11.9,81,8.8,9.6,0.0,0.0,0.0,0.0,0.0,0,1019.6,1017.3,15,8,11,0,13.0,64,28.8,0.0,0.0,0.0,0.0,0.0,0.01,0.26,12.2,0.287,Napoli,40.8518,14.2681
2026-01-17T23:00,11.5,83,8.7,9.4,0.0,0.0,0.0,0.0,0.0,0,1019.9,1017.6,13,6,7,0,12.3,58,28.1,0.0,0.0,0.0,0.0,0.0,0.01,0.24,11.6,0.288,Napoli,40.8518,14.2681
2026-01-18T00:00,11.3,83,8.5,9.2,0.0,0.0,0.0,0.0,0.0,1,1020.1,1017.8,36,5,34,0,11.2,55,26.3,0.0,0.0,0.0,0.0,0.0,0.01,0.22,11.1,0.289,Napoli,40.8518,14.2681
2026-01-18T01:00,10.9,85,8.4,9.0,0.0,0.0,0.0,0.0,0.0,2,1020.3,1018.0,71,2,71,0,10.2,54,23.8,0.0,0.0,0.0,0.0,0.0,0.0,0.2,10.6,0.289,Napoli,40.8518,14.2681
2026-01-18T02:00,11.0,83,8.2,8.9,0.0,0.0,0.0,0.0,0.0,1,1020.1,1017.8,28,15,26,0,11.4,55,22.3,0.0,0.0,0.0,0.0,0.0,0.01,0.23,13.4,0.297,Napoli,40.8518,14.2681
2026-01-18T03:00,11.1,83,8.3,9.1,0.0,0.0,0.0,0.0,0.0,0,1019.9,1017.6,2,0,2,1,10.6,56,24.5,0.0,0.0,0.0,0.0,0.0,0.01,0.22,12.3,0.297,Napoli,40.8518,14.2681
2026-01-18T04:00,10.5,85,8.1,8.4,0.0,0.0,0.0,0.0,0.0,2,1019.8,1017.5,51,0,0,51,10.9,50,23.0,0.0,0.0,0.0,0.0,0.0,0.0,0.19,11.4,0.297,Napoli,40.8518,14.2681
2026-01-18T05:00,10.0,86,7.7,7.6,0.0,0.0,0.0,0.0,0.0,0,1019.5,1017.2,2,1,0,1,12.1,43,25.6,0.0,0.0,0.0,0.0,0.0,0.01,0.18,10.7,0.298,Napoli,40.8518,14.2681
2026-01-18T06:00,9.8,85,7.4,7.4,0.0,0.0,0.0,0.0,0.0,0,1019.4,1017.1,9,0,9,0,11.6,44,25.9,0.0,0.0,0.0,0.0,0.0,0.01,0.18,10.2,0.298,Napoli,40.8518,14.2681
2026-01-18T07:00,9.8,84,7.1,7.2,0.0,0.0,0.0,0.0,0.0,1,1019.5,1017.2,48,6,44,2,12.1,48,26.3,0.0,0.0,0.0,0.0,0.0,0.01,0.2,9.8,0.299,Napoli,40.8518,14.2681
2026-01-18T08:00,10.1,82,7.2,7.6,0.0,0.0,0.0,0.0,0.0,3,1020.0,1017.7,100,5,100,5,12.1,47,26.3,0.0,0.0,0.0,0.0,0.0,0.01,0.22,11.9,0.291,Napoli,40.8518,14.2681
2026-01-18T09:00,10.8,80,7.6,8.3,0.0,0.0,0.0,0.0,0.0,3,1020.4,1018.1,100,8,100,97,13.0,46,27.7,5.0,0.0,5.0,0.0,0.0,0.03,0.26,11.3,0.291,Napoli,40.8518,14.2681
2026-01-18T10:00,11.3,78,7.6,8.6,0.0,0.0,0.0,0.0,0.0,3,1020.7,1018.4,100,2,88,98,13.9,52,32.0,56.0,15.0,41.0,89.8,895.36,0.05,0.29,11.2,0.291,Napoli,40.8518,14.2681
2026-01-18T11:00,12.3,75,7.9,10.0,0.0,0.0,0.0,0.0,0.0,1,1021.1,1018.8,34,3,32,1,11.8,56,32.4,191.0,97.0,94.0,318.2,3600.0,0.1,0.36,11.5,0.291,Napoli,40.8518,14.2681
2026-01-18T12:00,13.3,72,8.4,11.3,0.0,0.0,0.0,0.0,0.0,2,1021.3,1019.0,73,3,72,0,10.7,55,27.7,319.0,182.0,137.0,447.8,3600.0,0.16,0.43,12.3,0.289,Napoli,40.8518,14.2681
2026-01-18T13:00,14.0,70,8.7,12.1,0.0,0.0,0.0,0.0,0.0,3,1020.7,1018.4,100,2,100,100,10.9,57,27.4,281.0,98.0,183.0,210.9,3600.0,0.16,0.48,12.9,0.288,Napoli,40.8518,14.2681
2026-01-18T14:00,15.1,66,8.9,12.8,0.0,0.0,0.0,0.0,0.0,3,1019.9,1017.6,100,11,15,100,13.5,67,27.4,158.0,0.0,158.0,0.0,0.0,0.13,0.58,13.4,0.298,Napoli,40.8518,14.2681
2026-01-18T15:00,15.3,64,8.6,12.8,0.0,0.0,0.0,0.0,0.0,3,1019.0,1016.7,100,2,12,100,14.5,63,36.0,375.0,245.0,130.0,558.4,3600.0,0.2,0.62,13.9,0.296,Napoli,40.8518,14.2681
2026-01-18T16:00,15.0,65,8.5,12.6,0.0,0.0,0.0,0.0,0.0,3,1018.8,1016.5,100,15,35,100,13.4,64,34.9,258.0,125.0,133.0,350.8,3600.0,0.15,0.59,13.9,0.295,Napoli,40.8518,14.2681
2026-01-18T17:00,13.9,69,8.4,11.6,0.0,0.0,0.0,0.0,0.0,3,1018.8,1016.5,100,20,40,100,12.7,59,31.7,132.0,39.0,93.0,166.7,3199.96,0.09,0.49,13.5,0.294,Napoli,40.8518,14.2681
2026-01-18T18:00,13.1,71,7.9,10.4,0.0,0.0,0.0,0.0,0.0,3,1018.7,1016.4,100,20,21,100,14.5,58,31.0,33.0,5.0,28.0,50.3,17.99,0.06,0.44,12.9,0.294,Napoli,40.8518,14.2681
2026-01-18T19:00,12.4,73,7.7,9.6,0.0,0.0,0.0,0.0,0.0,3,1018.8,1016.5,100,17,29,100,15.2,63,33.8,0.0,0.0,0.0,0.0,0.0,0.03,0.39,12.3,0.293,Napoli,40.8518,14.2681
2026-01-18T20:00,12.1,77,8.2,9.3,0.0,0.0,0.0,0.0,0.0,3,1019.0,1016.7,100,9,100,100,15.6,53,33.8,0.0,0.0,0.0,0.0,0.0,0.03,0.33,13.2,0.28,Napoli,40.8518,14.2681
2026-01-18T21:00,12.0,78,8.2,9.4,0.0,0.0,0.0,0.0,0.0,3,1019.2,1016.9,100,11,100,100,13.9,54,33.8,0.0,0.0,0.0,0.0,0.0,0.02,0.31,12.5,0.28,Napoli,40.8518,14.2681
2026-01-18T22:00,11.9,79,8.4,9.6,0.1,0.1,0.0,0.0,0.0,51,1019.4,1017.1,100,9,100,100,12.6,66,31.0,0.0,0.0,0.0,0.0,0.0,0.02,0.29,12.0,0.281,Napoli,40.8518,14.2681
2026-01-18T23:00,11.4,82,8.5,9.2,0.3,0.3,0.0,0.0,0.0,51,1019.7,1017.4,100,1,93,100,12.7,58,28.8,0.0,0.0,0.0,0.0,0.0,0.01,0.24,11.6,0.285,Napoli,40.8518,14.2681
2026-01-19T00:00,11.2,81,8.1,8.4,0.0,0.0,0.0,0.0,0.0,3,1019.7,1017.4,100,47,71,100,15.6,59,33.5,0.0,0.0,0.0,0.0,0.0,0.02,0.25,11.2,0.285,Napoli,40.8518,14.2681
2026-01-19T01:00,11.1,79,7.6,8.1,0.0,0.0,0.0,0.0,0.0,3,1019.5,1017.2,100,11,36,100,16.1,61,36.0,0.0,0.0,0.0,0.0,0.0,0.02,0.27,11.0,0.286,Napoli,40.8518,14.2681
2026-01-19T02:00,10.7,85,8.3,8.0,0.0,0.0,0.0,0.0,0.0,3,1019.5,1017.2,100,29,82,100,15.5,64,35.3,0.0,0.0,0.0,0.0,0.0,0.01,0.2,12.3,0.3,Napoli,40.8518,14.2681
2026-01-19T03:00,10.8,86,8.5,8.1,2.5,2.5,0.0,0.0,0.0,63,1019.5,1017.2,100,100,100,100,15.6,49,33.5,0.0,0.0,0.0,0.0,0.0,0.01,0.18,11.6,0.332,Napoli,40.8518,14.2681
2026-01-19T04:00,10.8,85,8.4,8.0,0.0,0.0,0.0,0.0,0.0,3,1019.4,1017.1,100,88,98,100,15.7,49,33.1,0.0,0.0,0.0,0.0,0.0,0.01,0.19,11.1,0.332,Napoli,40.8518,14.2681
2026-01-19T05:00,10.6,82,7.7,7.8,0.0,0.0,0.0,0.0,0.0,3,1018.9,1016.6,100,5,80,100,15.1,58,33.8,0.0,0.0,0.0,0.0,0.0,0.02,0.23,10.8,0.332,Napoli,40.8518,14.2681
2026-01-19T06:00,10.4,80,7.1,7.3,0.0,0.0,0.0,0.0,0.0,3,1018.5,1016.2,100,11,87,100,15.7,58,33.8,0.0,0.0,0.0,0.0,0.0,0.02,0.25,10.5,0.332,Napoli,40.8518,14.2681
2026-01-19T07:00,10.2,78,6.6,7.0,0.0,0.0,0.0,0.0,0.0,3,1018.6,1016.3,100,20,100,100,15.4,57,34.6,0.0,0.0,0.0,0.0,0.0,0.02,0.27,10.3,0.331,Napoli,40.8518,14.2681
2026-01-19T08:00,10.5,79,7.0,7.5,0.0,0.0,0.0,0.0,0.0,3,1019.2,1016.9,100,98,100,100,15.2,63,33.5,0.0,0.0,0.0,0.0,0.0,0.02,0.27,11.0,0.326,Napoli,40.8518,14.2681
2026-01-19T09:00,10.5,80,7.1,7.4,0.0,0.0,0.0,0.0,0.0,3,1019.0,1016.7,100,100,100,100,15.8,58,35.3,3.0,0.0,3.0,0.0,0.0,0.04,0.26,10.7,0.326,Napoli,40.8518,14.2681
2026-01-19T10:00,10.2,81,7.0,7.2,0.3,0.3,0.0,0.0,0.0,51,1019.3,1017.0,100,47,100,100,15.3,49,35.3,30.0,0.0,30.0,0.0,0.0,0.05,0.24,10.6,0.328,Napoli,40.8518,14.2681
2026-01-19T11:00,10.2,81,7.0,7.4,0.3,0.3,0.0,0.0,0.0,51,1019.9,1017.6,100,81,100,100,14.3,47,34.2,69.0,0.0,69.0,0.0,0.0,0.06,0.24,10.5,0.331,Napoli,40.8518,14.2681
2026-01-19T12:00,10.1,82,7.2,7.3,0.8,0.8,0.0,0.0,0.0,53,1019.9,1017.6,100,85,100,100,14.2,50,32.0,70.0,0.0,70.0,0.0,0.0,0.06,0.22,10.4,0.339,Napoli,40.8518,14.2681
2026-01-19T13:00,9.6,92,8.3,7.0,1.3,1.3,0.0,0.0,0.0,61,1019.6,1017.3,100,60,100,100,14.1,53,31.3,77.0,0.0,77.0,0.0,0.0,0.05,0.1,10.3,0.354,Napoli,40.8518,14.2681
2026-01-19T14:00,10.7,82,7.7,7.2,1.1,1.1,0.0,0.0,0.0,55,1019.2,1016.9,100,25,100,100,19.3,55,34.6,80.0,0.0,80.0,0.0,0.0,0.07,0.24,11.2,0.31,Napoli,40.8518,14.2681
2026-01-19T15:00,11.1,78,7.5,7.9,0.1,0.1,0.0,0.0,0.0,51,1018.9,1016.6,100,15,100,100,17.2,56,43.6,105.0,0.0,105.0,0.0,0.0,0.08,0.28,11.2,0.31,Napoli,40.8518,14.2681
2026-01-19T16:00,11.1,76,7.0,7.5,0.1,0.1,0.0,0.0,0.0,51,1018.6,1016.3,100,16,100,100,18.7,55,42.1,88.0,1.0,87.0,2.8,0.0,0.08,0.32,11.1,0.31,Napoli,40.8518,14.2681
2026-01-19T17:00,10.7,77,6.8,7.2,0.1,0.1,0.0,0.0,0.0,51,1018.4,1016.1,100,16,94,100,18.7,55,42.1,73.0,0.0,73.0,0.0,0.0,0.07,0.3,10.9,0.311,Napoli,40.8518,14.2681
2026-01-19T18:00,10.1,78,6.5,6.5,0.0,0.0,0.0,0.0,0.0,3,1018.4,1016.1,100,8,99,99,18.4,54,42.5,27.0,3.0,24.0,29.6,0.0,0.05,0.27,10.5,0.311,Napoli,40.8518,14.2681
2026-01-19T19:00,9.9,79,6.4,6.5,0.1,0.1,0.0,0.0,0.0,51,1018.7,1016.4,100,16,100,99,17.3,54,41.0,0.0,0.0,0.0,0.0,0.0,0.02,0.26,10.2,0.311,Napoli,40.8518,14.2681
2026-01-19T20:00,10.2,80,6.9,6.9,0.2,0.2,0.0,0.0,0.0,51,1019.0,1016.7,100,10,100,98,17.5,50,38.9,0.0,0.0,0.0,0.0,0.0,0.02,0.25,12.0,0.309,Napoli,40.8518,14.2681
2026-01-19T21:00,10.3,80,6.9,7.0,0.1,0.1,0.0,0.0,0.0,51,1019.3,1017.0,100,8,100,100,16.9,46,38.5,0.0,0.0,0.0,0.0,0.0,0.02,0.25,11.3,0.31,Napoli,40.8518,14.2681
2026-01-19T22:00,10.1,79,6.6,6.9,0.0,0.0,0.0,0.0,0.0,3,1019.5,1017.2,100,9,100,100,15.7,49,37.4,0.0,0.0,0.0,0.0,0.0,0.02,0.26,10.8,0.31,Napoli,40.8518,14.2681
2026-01-19T23:00,10.1,77,6.2,7.0,0.0,0.0,0.0,0.0,0.0,3,1019.8,1017.5,100,12,100,74,14.5,53,34.9,0.0,0.0,0.0,0.0,0.0,0.02,0.29,10.4,0.309,Napoli,40.8518,14.2681
2026-01-20T00:00,9.9,76,5.9,6.7,0.0,0.0,0.0,0.0,0.0,3,1019.9,1017.6,100,13,100,98,15.0,52,33.5,0.0,0.0,0.0,0.0,0.0,0.02,0.29,10.1,0.308,Napoli,40.8518,14.2681
2026-01-20T01:00,9.7,75,5.5,6.4,0.0,0.0,0.0,0.0,0.0,3,1019.9,1017.6,100,9,100,100,14.8,51,33.8,0.0,0.0,0.0,0.0,0.0,0.02,0.3,9.9,0.308,Napoli,40.8518,14.2681
2026-01-20T02:00,10.2,73,5.6,7.1,0.0,0.0,0.0,0.0,0.0,3,1019.8,1017.5,100,18,100,99,13.8,54,34.2,0.0,0.0,0.0,0.0,0.0,0.03,0.33,11.8,0.309,Napoli,40.8518,14.2681
2026-01-20T03:00,10.1,74,5.6,6.9,0.0,0.0,0.0,0.0,0.0,3,1019.6,1017.3,100,9,100,100,14.7,50,33.5,0.0,0.0,0.0,0.0,0.0,0.03,0.33,11.1,0.308,Napoli,40.8518,14.2681
2026-01-20T04:00,10.0,73,5.4,6.6,0.0,0.0,0.0,0.0,0.0,3,1019.6,1017.3,99,3,91,94,15.6,57,35.3,0.0,0.0,0.0,0.0,0.0,0.03,0.33,10.6,0.307,Napoli,40.8518,14.2681
2026-01-20T05:00,9.6,74,5.2,6.2,0.0,0.0,0.0,0.0,0.0,3,1019.6,1017.3,100,3,100,60,14.6,56,35.3,0.0,0.0,0.0,0.0,0.0,0.03,0.31,10.0,0.307,Napoli,40.8518,14.2681
2026-01-20T06:00,9.8,73,5.3,6.1,0.0,0.0,0.0,0.0,0.0,3,1018.9,1016.6,100,2,97,100,17.7,52,39.6,0.0,0.0,0.0,0.0,0.0,0.03,0.32,9.8,0.306,Napoli,40.8518,14.2681
2026-01-20T07:00,9.7,72,4.9,5.7,0.0,0.0,0.0,0.0,0.0,3,1018.3,1016.0,95,0,23,94,18.3,46,41.8,0.0,0.0,0.0,0.0,0.0,0.04,0.33,9.5,0.306,Napoli,40.8518,14.2681
2026-01-20T08:00,9.7,71,4.6,5.8,0.0,0.0,0.0,0.0,0.0,3,1018.6,1016.3,100,0,96,100,17.2,52,41.4,0.0,0.0,0.0,0.0,0.0,0.04,0.35,11.7,0.305,Napoli,40.8518,14.2681
2026-01-20T09:00,9.5,66,3.5,5.3,0.0,0.0,0.0,0.0,0.0,3,1018.3,1016.0,100,0,40,100,18.2,60,41.4,7.0,0.0,7.0,0.0,0.0,0.06,0.41,10.8,0.304,Napoli,40.8518,14.2681
2026-01-20T10:00,9.8,62,2.8,5.4,0.0,0.0,0.0,0.0,0.0,3,1018.0,1015.7,100,1,9,100,18.6,58,43.6,103.0,44.0,59.0,257.5,3600.0,0.09,0.46,10.4,0.303,Napoli,40.8518,14.2681
2026-01-20T11:00,10.5,60,3.2,6.3,0.0,0.0,0.0,0.0,0.0,3,1018.1,1015.8,99,3,13,99,18.1,62,43.6,228.0,112.0,116.0,361.9,3600.0,0.13,0.5,10.5,0.302,Napoli,40.8518,14.2681
2026-01-20T12:00,11.2,57,2.9,6.5,0.0,0.0,0.0,0.0,0.0,3,1017.8,1015.5,100,2,17,100,20.8,61,50.0,342.0,200.0,142.0,485.7,3600.0,0.18,0.57,10.9,0.3,Napoli,40.8518,14.2681
2026-01-20T13:00,11.6,52,2.1,6.7,0.0,0.0,0.0,0.0,0.0,3,1017.1,1014.8,100,2,23,100,20.9,59,50.0,365.0,174.0,191.0,369.7,3600.0,0.2,0.65,11.4,0.297,Napoli,40.8518,14.2681
2026-01-20T14:00,11.0,56,2.5,6.1,0.0,0.0,0.0,0.0,0.0,3,1016.7,1014.4,100,2,100,100,21.5,55,50.8,376.0,179.0,197.0,371.2,3600.0,0.19,0.58,11.1,0.291,Napoli,40.8518,14.2681
2026-01-20T15:00,10.8,55,2.1,6.4,0.0,0.0,0.0,0.0,0.0,3,1016.1,1013.8,100,1,100,100,17.5,60,49.0,116.0,3.0,113.0,6.7,0.0,0.12,0.58,10.8,0.29,Napoli,40.8518,14.2681
2026-01-20T16:00,10.5,54,1.6,6.1,0.0,0.0,0.0,0.0,0.0,3,1015.5,1013.2,100,0,100,100,17.6,64,41.4,74.0,0.0,74.0,0.0,0.0,0.11,0.58,10.5,0.288,Napoli,40.8518,14.2681
2026-01-20T17:00,10.1,54,1.2,5.5,0.0,0.0,0.0,0.0,0.0,3,1015.4,1013.1,100,4,100,100,18.1,66,41.8,36.0,0.0,36.0,0.0,0.0,0.1,0.57,10.1,0.287,Napoli,40.8518,14.2681
2026-01-20T18:00,9.7,56,1.2,5.2,0.0,0.0,0.0,0.0,0.0,3,1015.0,1012.7,100,0,100,100,17.4,66,41.8,11.0,0.0,11.0,0.0,0.0,0.08,0.53,9.7,0.286,Napoli,40.8518,14.2681
2026-01-20T19:00,9.4,57,1.3,5.1,0.0,0.0,0.0,0.0,0.0,3,1014.7,1012.4,100,1,100,100,16.3,64,39.6,0.0,0.0,0.0,0.0,0.0,0.07,0.51,9.3,0.285,Napoli,40.8518,14.2681
2026-01-20T20:00,9.0,61,2.0,4.9,0.7,0.7,0.0,0.0,0.0,53,1015.0,1012.7,100,0,100,100,15.9,62,37.8,0.0,0.0,0.0,0.0,0.0,0.05,0.44,10.2,0.282,Napoli,40.8518,14.2681
2026-01-20T21:00,8.2,68,2.6,4.0,0.2,0.2,0.0,0.0,0.0,51,1014.7,1012.4,100,0,100,99,17.5,63,40.0,0.0,0.0,0.0,0.0,0.0,0.04,0.35,9.5,0.284,Napoli,40.8518,14.2681
2026-01-20T22:00,7.9,69,2.6,3.5,0.0,0.0,0.0,0.0,0.0,3,1014.4,1012.1,100,0,100,100,17.9,60,41.4,0.0,0.0,0.0,0.0,0.0,0.04,0.33,9.0,0.283,Napoli,40.8518,14.2681
2026-01-20T23:00,7.3,72,2.7,2.8,0.2,0.2,0.0,0.0,0.0,51,1013.7,1011.4,100,3,100,100,19.2,55,43.6,0.0,0.0,0.0,0.0,0.0,0.03,0.28,8.6,0.285,Napoli,40.8518,14.2681
2026-01-21T00:00,7.0,75,2.8,2.3,0.1,0.1,0.0,0.0,0.0,51,1013.1,1010.8,100,5,100,100,20.6,48,47.5,0.0,0.0,0.0,0.0,0.0,0.03,0.25,8.2,0.285,Napoli,40.8518,14.2681
2026-01-21T01:00,6.6,76,2.7,2.1,0.1,0.1,0.0,0.0,0.0,51,1012.3,1010.0,100,14,100,100,19.3,54,47.5,0.0,0.0,0.0,0.0,0.0,0.03,0.23,7.9,0.285,Napoli,40.8518,14.2681
2026-01-21T02:00,6.5,76,2.5,1.5,0.2,0.2,0.0,0.0,0.0,51,1011.2,1008.9,100,30,98,100,22.2,51,49.3,0.0,0.0,0.0,0.0,0.0,0.03,0.23,9.3,0.272,Napoli,40.8518,14.2681
2026-01-21T03:00,6.7,72,2.1,1.4,0.0,0.0,0.0,0.0,0.0,3,1010.0,1007.7,100,20,100,98,23.7,47,52.6,0.0,0.0,0.0,0.0,0.0,0.04,0.27,8.6,0.272,Napoli,40.8518,14.2681
2026-01-21T04:00,6.7,71,1.8,1.3,0.0,0.0,0.0,0.0,0.0,3,1009.1,1006.8,100,31,100,99,24.2,46,54.0,0.0,0.0,0.0,0.0,0.0,0.04,0.28,8.2,0.271,Napoli,40.8518,14.2681
2026-01-21T05:00,6.9,71,2.1,1.7,0.2,0.2,0.0,0.0,0.0,51,1008.1,1005.8,100,32,100,96,22.8,53,54.4,0.0,0.0,0.0,0.0,0.0,0.04,0.28,7.9,0.273,Napoli,40.8518,14.2681
2026-01-21T06:00,7.0,71,2.0,1.9,0.1,0.1,0.0,0.0,0.0,51,1007.3,1005.0,100,47,100,36,22.0,46,51.5,0.0,0.0,0.0,0.0,0.0,0.04,0.29,7.7,0.273,Napoli,40.8518,14.2681
2026-01-21T07:00,7.1,70,2.0,2.2,0.0,0.0,0.0,0.0,0.0,3,1006.9,1004.6,100,24,100,41,20.7,55,50.4,0.0,0.0,0.0,0.0,0.0,0.04,0.3,7.6,0.273,Napoli,40.8518,14.2681
2026-01-21T08:00,5.6,78,2.1,0.3,0.1,0.1,0.0,0.0,0.0,51,1006.8,1004.5,94,13,5,92,23.8,47,47.9,0.0,0.0,0.0,0.0,0.0,0.03,0.2,8.2,0.273,Napoli,40.8518,14.2681
2026-01-21T09:00,5.9,75,1.8,0.7,0.0,0.0,0.0,0.0,0.0,3,1006.3,1004.0,100,50,63,99,23.2,39,54.4,9.0,1.0,8.0,15.5,0.0,0.04,0.23,7.6,0.273,Napoli,40.8518,14.2681
2026-01-21T10:00,6.4,73,1.9,1.7,0.0,0.0,0.0,0.0,0.0,3,1006.5,1004.2,100,67,98,88,19.5,51,52.6,47.0,0.0,47.0,0.0,0.0,0.06,0.26,7.5,0.272,Napoli,40.8518,14.2681
2026-01-21T11:00,7.1,72,2.4,2.9,0.0,0.0,0.0,0.0,0.0,3,1006.6,1004.3,100,95,97,5,17.1,36,43.2,135.0,16.0,119.0,51.3,0.0,0.08,0.29,7.7,0.271,Napoli,40.8518,14.2681
2026-01-21T12:00,7.7,72,3.0,3.8,0.0,0.0,0.0,0.0,0.0,3,1006.4,1004.1,100,64,83,95,15.5,42,42.5,119.0,1.0,118.0,2.4,0.0,0.08,0.29,8.0,0.27,Napoli,40.8518,14.2681
2026-01-21T13:00,8.6,71,3.6,4.8,0.0,0.0,0.0,0.0,0.0,3,1005.2,1002.9,100,61,100,52,15.7,36,38.9,222.0,24.0,198.0,50.7,0.0,0.11,0.33,8.6,0.269,Napoli,40.8518,14.2681
2026-01-21T14:00,8.9,72,4.1,5.2,0.0,0.0,0.0,0.0,0.0,3,1004.1,1001.8,100,23,97,99,15.7,38,40.0,338.0,152.0,186.0,313.0,3600.0,0.14,0.32,9.9,0.268,Napoli,40.8518,14.2681
2026-01-21T15:00,9.7,70,4.5,6.2,0.0,0.0,0.0,0.0,0.0,3,1003.0,1000.7,100,28,38,99,14.9,53,39.2,140.0,14.0,126.0,31.2,0.0,0.1,0.36,9.8,0.267,Napoli,40.8518,14.2681
2026-01-21T16:00,10.1,69,4.6,6.5,0.0,0.0,0.0,0.0,0.0,3,1002.4,1000.1,98,28,22,95,15.8,63,38.9,258.0,122.0,136.0,332.4,3600.0,0.13,0.39,10.2,0.266,Napoli,40.8518,14.2681
2026-01-21T17:00,9.4,72,4.6,6.2,0.0,0.0,0.0,0.0,0.0,3,1002.1,999.8,91,23,38,83,12.7,60,38.2,160.0,72.0,88.0,294.2,3600.0,0.08,0.33,10.0,0.265,Napoli,40.8518,14.2681
2026-01-21T18:00,8.6,75,4.5,5.3,0.0,0.0,0.0,0.0,0.0,3,1001.9,999.6,89,15,55,72,13.3,55,33.1,52.0,23.0,29.0,219.1,3600.0,0.04,0.28,9.4,0.265,Napoli,40.8518,14.2681
2026-01-21T19:00,8.7,76,4.6,5.5,0.0,0.0,0.0,0.0,0.0,3,1001.7,999.4,98,22,52,94,12.6,54,30.2,0.0,0.0,0.0,0.0,0.0,0.04,0.27,9.0,0.264,Napoli,40.8518,14.2681
2026-01-21T20:00,8.5,76,4.5,4.9,0.0,0.0,0.0,0.0,0.0,3,1001.8,999.5,95,9,48,90,15.5,58,28.8,0.0,0.0,0.0,0.0,0.0,0.02,0.26,10.0,0.263,Napoli,40.8518,14.2681
2026-01-21T21:00,8.5,76,4.6,5.1,0.0,0.0,0.0,0.0,0.0,3,1001.4,999.1,100,8,100,100,14.2,60,34.9,0.0,0.0,0.0,0.0,0.0,0.02,0.26,9.2,0.262,Napoli,40.8518,14.2681
2026-01-21T22:00,9.2,76,5.1,6.1,0.0,0.0,0.0,0.0,0.0,3,1001.0,998.7,100,7,100,99,12.7,58,31.7,0.0,0.0,0.0,0.0,0.0,0.02,0.28,9.0,0.262,Napoli,40.8518,14.2681
2026-01-21T23:00,9.3,76,5.3,6.7,0.0,0.0,0.0,0.0,0.0,3,1000.9,998.6,100,12,100,97,9.8,40,29.2,0.0,0.0,0.0,0.0,0.0,0.01,0.28,8.8,0.262,Napoli,40.8518,14.2681
2026-01-22T00:00,9.1,77,5.3,6.5,0.0,0.0,0.0,0.0,0.0,3,1000.8,998.5,100,27,100,88,9.5,22,23.0,0.0,0.0,0.0,0.0,0.0,0.01,0.26,8.7,0.262,Napoli,40.8518,14.2681
2026-01-22T01:00,9.1,78,5.5,6.6,0.0,0.0,0.0,0.0,0.0,3,1000.7,998.4,100,73,100,33,9.2,23,21.2,0.0,0.0,0.0,0.0,0.0,0.01,0.25,8.6,0.262,Napoli,40.8518,14.2681
2026-01-22T02:00,9.0,78,5.4,6.2,0.0,0.0,0.0,0.0,0.0,3,999.9,997.6,98,2,95,55,11.5,46,20.9,0.0,0.0,0.0,0.0,0.0,0.01,0.25,9.2,0.262,Napoli,40.8518,14.2681
2026-01-22T03:00,8.9,80,5.7,6.5,0.0,0.0,0.0,0.0,0.0,3,999.6,997.3,82,2,79,10,8.8,59,24.5,0.0,0.0,0.0,0.0,0.0,0.01,0.23,8.9,0.262,Napoli,40.8518,14.2681
2026-01-22T04:00,8.5,83,5.7,6.4,0.0,0.0,0.0,0.0,0.0,3,999.5,997.2,100,99,99,9,6.9,43,18.7,0.0,0.0,0.0,0.0,0.0,0.0,0.19,8.5,0.262,Napoli,40.8518,14.2681
2026-01-22T05:00,8.6,83,5.8,6.8,0.0,0.0,0.0,0.0,0.0,3,999.3,997.0,100,100,100,0,5.4,34,14.4,0.0,0.0,0.0,0.0,0.0,0.0,0.2,8.4,0.262,Napoli,40.8518,14.2681
2026-01-22T06:00,8.6,83,5.9,6.6,0.0,0.0,0.0,0.0,0.0,3,999.1,996.8,100,100,100,41,6.5,32,13.7,0.0,0.0,0.0,0.0,0.0,0.0,0.18,8.4,0.262,Napoli,40.8518,14.2681
2026-01-22T07:00,8.4,84,5.9,6.4,0.0,0.0,0.0,0.0,0.0,3,999.2,996.9,100,100,98,45,6.4,38,14.0,0.0,0.0,0.0,0.0,0.0,0.0,0.17,8.3,0.262,Napoli,40.8518,14.2681
2026-01-22T08:00,8.0,87,5.9,6.2,0.0,0.0,0.0,0.0,0.0,3,999.1,996.8,99,53,40,98,5.1,32,13.7,0.0,0.0,0.0,0.0,0.0,0.0,0.14,8.9,0.264,Napoli,40.8518,14.2681
2026-01-22T09:00,8.0,87,5.9,6.2,0.0,0.0,0.0,0.0,0.0,1,999.5,997.2,23,10,1,14,4.7,16,10.8,12.0,2.0,10.0,30.5,0.0,0.0,0.14,8.4,0.264,Napoli,40.8518,14.2681
2026-01-22T10:00,9.0,83,6.3,7.2,0.0,0.0,0.0,0.0,0.0,1,999.7,997.4,30,18,14,1,5.6,17,13.3,116.0,60.0,56.0,342.3,3600.0,0.04,0.19,8.7,0.264,Napoli,40.8518,14.2681
2026-01-22T11:00,10.2,80,6.9,8.7,0.0,0.0,0.0,0.0,0.0,1,999.9,997.6,32,11,30,0,4.7,43,14.4,229.0,129.0,100.0,410.1,3600.0,0.1,0.25,9.5,0.263,Napoli,40.8518,14.2681
2026-01-22T12:00,11.5,76,7.4,10.4,0.0,0.0,0.0,0.0,0.0,3,1000.1,997.8,94,42,94,0,2.8,35,14.4,322.0,189.0,133.0,452.7,3600.0,0.15,0.33,10.6,0.262,Napoli,40.8518,14.2681
2026-01-22T13:00,12.3,73,7.7,11.5,0.0,0.0,0.0,0.0,0.0,2,999.9,997.6,60,27,58,0,1.1,99,11.9,333.0,158.0,175.0,331.3,3600.0,0.17,0.38,11.7,0.261,Napoli,40.8518,14.2681
2026-01-22T14:00,12.5,73,7.7,11.4,0.0,0.0,0.0,0.0,0.0,1,999.5,997.2,24,19,9,0,3.7,145,10.1,340.0,188.0,152.0,384.5,3600.0,0.17,0.4,13.0,0.255,Napoli,40.8518,14.2681
2026-01-22T15:00,12.8,73,8.1,11.9,0.0,0.0,0.0,0.0,0.0,1,999.2,996.9,31,25,9,6,2.5,201,13.7,378.0,274.0,104.0,605.2,3600.0,0.18,0.4,13.5,0.253,Napoli,40.8518,14.2681
2026-01-22T16:00,12.9,72,8.0,11.8,0.0,0.0,0.0,0.0,0.0,1,999.3,997.0,32,30,13,1,3.9,223,12.6,335.0,246.0,89.0,663.7,3600.0,0.16,0.42,13.7,0.252,Napoli,40.8518,14.2681
2026-01-22T17:00,12.7,73,8.0,11.6,0.0,0.0,0.0,0.0,0.0,1,999.4,997.1,41,13,5,30,3.5,235,12.6,190.0,114.0,76.0,458.9,3600.0,0.08,0.39,13.3,0.252,Napoli,40.8518,14.2681
2026-01-22T18:00,11.1,84,8.5,10.3,0.0,0.0,0.0,0.0,0.0,2,999.7,997.4,74,7,11,70,2.6,231,8.6,59.0,30.0,29.0,280.7,3600.0,0.02,0.22,12.4,0.252,Napoli,40.8518,14.2681
2026-01-22T19:00,10.0,85,7.6,8.9,0.0,0.0,0.0,0.0,0.0,2,1000.4,998.1,52,16,12,39,3.3,279,6.8,0.0,0.0,0.0,0.0,0.0,0.02,0.18,11.1,0.252,Napoli,40.8518,14.2681
2026-01-22T20:00,9.7,84,7.2,8.5,0.0,0.0,0.0,0.0,0.0,1,1000.6,998.3,34,13,20,16,3.0,346,7.6,0.0,0.0,0.0,0.0,0.0,0.0,0.19,12.7,0.24,Napoli,40.8518,14.2681
2026-01-22T21:00,9.8,86,7.5,8.6,0.0,0.0,0.0,0.0,0.0,2,1000.8,998.5,52,22,31,18,3.2,19,8.3,0.0,0.0,0.0,0.0,0.0,0.0,0.17,11.5,0.24,Napoli,40.8518,14.2681
2026-01-22T22:00,9.5,86,7.2,8.6,0.0,0.0,0.0,0.0,0.0,1,1001.1,998.8,48,45,8,4,1.1,81,6.5,0.0,0.0,0.0,0.0,0.0,0.0,0.17,10.5,0.24,Napoli,40.8518,14.2681
2026-01-22T23:00,9.3,87,7.2,8.4,0.0,0.0,0.0,0.0,0.0,3,1001.2,998.9,96,95,16,0,0.9,79,2.5,0.0,0.0,0.0,0.0,0.0,0.0,0.15,9.8,0.241,Napoli,40.8518,14.2681
2026-01-23T00:00,8.8,89,7.1,7.6,0.0,0.0,0.0,0.0,0.0,3,1001.3,999.0,87,86,28,0,3.0,57,5.8,0.0,0.0,0.0,0.0,0.0,0.0,0.12,9.3,0.241,Napoli,40.8518,14.2681
2026-01-23T01:00,8.6,89,6.9,7.2,0.0,0.0,0.0,0.0,0.0,0,1001.2,998.9,19,18,9,0,4.2,47,9.0,0.0,0.0,0.0,0.0,0.0,0.0,0.13,8.9,0.241,Napoli,40.8518,14.2681
2026-01-23T02:00,8.4,92,7.1,7.1,0.0,0.0,0.0,0.0,0.0,3,1001.3,999.0,100,100,15,10,3.2,56,9.0,0.0,0.0,0.0,0.0,0.0,0.0,0.09,10.2,0.244,Napoli,40.8518,14.2681
2026-01-23T03:00,9.0,91,7.6,7.7,0.0,0.0,0.0,0.0,0.0,3,1001.4,999.1,100,100,11,71,4.0,90,8.3,0.0,0.0,0.0,0.0,0.0,0.0,0.1,9.7,0.245,Napoli,40.8518,14.2681
2026-01-23T04:00,8.9,92,7.7,7.8,0.1,0.1,0.0,0.0,0.0,51,1001.5,999.2,100,100,12,100,3.5,81,8.6,0.0,0.0,0.0,0.0,0.0,0.0,0.09,9.4,0.246,Napoli,40.8518,14.2681
2026-01-23T05:00,8.8,93,7.7,7.6,0.0,0.0,0.0,0.0,0.0,3,1001.5,999.2,100,100,8,100,3.9,56,8.3,0.0,0.0,0.0,0.0,0.0,0.0,0.08,9.2,0.247,Napoli,40.8518,14.2681
2026-01-23T06:00,8.5,95,7.7,7.3,0.1,0.1,0.0,0.0,0.0,51,1001.6,999.3,100,100,9,99,3.7,67,8.3,0.0,0.0,0.0,0.0,0.0,0.0,0.06,9.1,0.248,Napoli,40.8518,14.2681
2026-01-23T07:00,8.0,96,7.4,6.4,0.0,0.0,0.0,0.0,0.0,3,1001.8,999.5,100,99,20,100,5.9,45,11.2,0.0,0.0,0.0,0.0,0.0,0.0,0.04,9.0,0.248,Napoli,40.8518,14.2681
2026-01-23T08:00,7.3,95,6.6,5.7,0.0,0.0,0.0,0.0,0.0,3,1002.1,999.8,100,23,15,100,4.8,20,12.6,0.0,0.0,0.0,0.0,0.0,0.0,0.05,9.3,0.248,Napoli,40.8518,14.2681
2026-01-23T09:00,7.2,95,6.5,5.5,0.0,0.0,0.0,0.0,0.0,3,1002.6,1000.3,100,52,10,100,5.6,33,11.5,11.0,1.0,10.0,15.0,0.0,0.0,0.05,8.9,0.249,Napoli,40.8518,14.2681
2026-01-23T10:00,8.0,94,7.0,6.4,0.0,0.0,0.0,0.0,0.0,3,1002.9,1000.6,81,35,5,71,5.3,45,13.7,109.0,46.0,63.0,258.9,3600.0,0.04,0.07,9.0,0.249,Napoli,40.8518,14.2681
2026-01-23T11:00,9.5,90,7.9,8.3,0.0,0.0,0.0,0.0,0.0,1,1003.4,1001.1,34,17,8,20,4.0,51,13.7,242.0,137.0,105.0,431.8,3600.0,0.1,0.12,9.8,0.248,Napoli,40.8518,14.2681
2026-01-23T12:00,11.7,83,8.8,10.9,0.0,0.0,0.0,0.0,0.0,0,1003.9,1001.6,16,15,5,0,3.3,68,13.7,366.0,267.0,99.0,635.0,3600.0,0.17,0.24,11.0,0.247,Napoli,40.8518,14.2681
2026-01-23T13:00,13.0,77,9.0,12.3,0.0,0.0,0.0,0.0,0.0,0,1003.4,1001.1,9,6,3,2,3.0,115,13.3,454.0,357.0,97.0,743.4,3600.0,0.22,0.35,12.4,0.246,Napoli,40.8518,14.2681
2026-01-23T14:00,13.8,70,8.4,12.5,0.0,0.0,0.0,0.0,0.0,0,1003.1,1000.8,3,2,1,0,5.5,139,17.3,476.0,382.0,94.0,775.6,3600.0,0.23,0.47,13.2,0.247,Napoli,40.8518,14.2681
2026-01-23T15:00,13.8,62,6.8,12.0,0.0,0.0,0.0,0.0,0.0,0,1002.9,1000.6,6,6,0,0,6.3,165,18.4,427.0,334.0,93.0,731.8,3600.0,0.21,0.59,13.8,0.245,Napoli,40.8518,14.2681
2026-01-23T16:00,13.6,63,6.6,11.7,0.0,0.0,0.0,0.0,0.0,0,1003.0,1000.7,5,5,0,0,6.7,180,18.4,333.0,247.0,86.0,659.7,3600.0,0.17,0.58,13.9,0.243,Napoli,40.8518,14.2681
2026-01-23T17:00,13.0,65,6.6,11.1,0.0,0.0,0.0,0.0,0.0,0,1003.5,1001.2,7,7,0,0,7.0,201,17.6,202.0,136.0,66.0,539.4,3600.0,0.1,0.52,13.4,0.242,Napoli,40.8518,14.2681
2026-01-23T18:00,11.8,73,7.1,10.1,0.0,0.0,0.0,0.0,0.0,0,1003.9,1001.6,5,5,0,0,5.8,210,15.8,61.0,34.0,27.0,312.4,3600.0,0.03,0.37,12.5,0.242,Napoli,40.8518,14.2681
2026-01-23T19:00,10.8,80,7.4,9.4,0.0,0.0,0.0,0.0,0.0,1,1004.7,1002.4,35,8,0,30,4.2,216,12.6,0.0,0.0,0.0,0.0,0.0,0.02,0.26,11.4,0.242,Napoli,40.8518,14.2681
2026-01-23T20:00,11.3,78,7.6,10.5,0.0,0.0,0.0,0.0,0.0,3,1004.7,1002.4,88,44,31,78,1.3,180,9.0,0.0,0.0,0.0,0.0,0.0,0.0,0.3,11.3,0.24,Napoli,40.8518,14.2681
2026-01-23T21:00,11.5,79,8.0,10.8,0.0,0.0,0.0,0.0,0.0,3,1004.8,1002.5,100,45,9,100,1.1,171,4.0,0.0,0.0,0.0,0.0,0.0,0.0,0.29,10.8,0.24,Napoli,40.8518,14.2681
2026-01-23T22:00,10.8,81,7.6,9.8,0.0,0.0,0.0,0.0,0.0,3,1004.9,1002.6,100,29,14,100,2.3,141,5.0,0.0,0.0,0.0,0.0,0.0,0.0,0.25,10.1,0.24,Napoli,40.8518,14.2681
2026-01-23T23:00,10.6,83,7.7,9.4,0.0,0.0,0.0,0.0,0.0,3,1004.9,1002.6,100,48,27,100,3.9,164,9.0,0.0,0.0,0.0,0.0,0.0,0.0,0.22,9.7,0.241,Napoli,40.8518,14.2681
2026-01-24T00:00,11.2,82,8.3,9.9,0.1,0.1,0.0,0.0,0.0,51,1005.5,1003.2,93,66,63,50,5.7,191,13.7,0.0,0.0,0.0,0.0,0.0,0.0,0.24,9.6,0.242,Napoli,40.8518,14.2681
2026-01-24T01:00,11.3,83,8.4,9.4,0.1,0.1,0.0,0.0,0.0,51,1005.4,1003.1,100,24,86,100,9.5,171,18.4,0.0,0.0,0.0,0.0,0.0,0.01,0.23,9.5,0.244,Napoli,40.8518,14.2681
2026-01-24T02:00,12.1,80,8.8,9.9,0.1,0.1,0.0,0.0,0.0,51,1005.3,1003.0,100,30,100,100,12.6,156,28.8,0.0,0.0,0.0,0.0,0.0,0.02,0.28,9.9,0.248,Napoli,40.8518,14.2681
2026-01-24T03:00,11.5,85,9.0,9.0,0.2,0.2,0.0,0.0,0.0,51,1005.1,1002.8,100,85,100,100,14.8,157,31.3,0.0,0.0,0.0,0.0,0.0,0.01,0.21,10.1,0.25,Napoli,40.8518,14.2681
2026-01-24T04:00,11.5,88,9.5,8.8,0.6,0.6,0.0,0.0,0.0,53,1004.9,1002.6,100,100,100,100,17.6,153,37.8,0.0,0.0,0.0,0.0,0.0,0.01,0.17,10.2,0.256,Napoli,40.8518,14.2681
2026-01-24T05:00,11.2,93,10.1,8.4,1.6,1.6,0.0,0.0,0.0,61,1004.4,1002.1,100,100,100,91,18.8,148,40.0,0.0,0.0,0.0,0.0,0.0,0.0,0.09,10.4,0.276,Napoli,40.8518,14.2681
2026-01-24T06:00,11.2,96,10.6,9.3,0.6,0.6,0.0,0.0,0.0,53,1004.3,1002.0,100,34,100,64,14.1,186,39.2,0.0,0.0,0.0,0.0,0.0,0.0,0.05,10.5,0.284,Napoli,40.8518,14.2681
2026-01-24T07:00,11.9,86,9.7,9.7,0.6,0.6,0.0,0.0,0.0,53,1004.3,1002.0,100,99,100,100,14.9,189,38.2,0.0,0.0,0.0,0.0,0.0,0.01,0.19,10.5,0.292,Napoli,40.8518,14.2681
2026-01-24T08:00,11.7,85,9.3,9.0,0.5,0.5,0.0,0.0,0.0,53,1004.0,1001.7,100,50,100,100,16.9,188,37.1,0.0,0.0,0.0,0.0,0.0,0.01,0.21,10.7,0.296,Napoli,40.8518,14.2681
2026-01-24T09:00,12.0,92,10.7,9.1,1.6,1.6,0.0,0.0,0.0,61,1004.1,1001.8,100,100,100,98,21.1,188,42.8,4.0,0.0,4.0,0.0,0.0,0.02,0.11,10.8,0.316,Napoli,40.8518,14.2681
2026-01-24T10:00,12.5,90,10.9,8.9,2.8,2.8,0.0,0.0,0.0,63,1004.2,1001.9,100,100,100,59,26.1,192,56.2,12.0,0.0,12.0,0.0,0.0,0.04,0.14,11.0,0.353,Napoli,40.8518,14.2681
2026-01-24T11:00,12.1,91,10.7,8.4,6.1,6.1,0.0,0.0,0.0,63,1004.9,1002.6,100,58,47,100,26.9,190,59.4,46.0,0.0,46.0,0.0,0.0,0.04,0.13,11.1,0.431,Napoli,40.8518,14.2681
2026-01-24T12:00,13.5,86,11.2,10.7,2.3,2.3,0.0,0.0,0.0,61,1005.4,1003.1,98,46,79,88,21.9,215,54.4,179.0,41.0,138.0,96.8,1103.53,0.09,0.22,11.6,0.414,Napoli,40.8518,14.2681
2026-01-24T13:00,13.2,88,11.3,11.4,1.7,1.7,0.0,0.0,0.0,61,1005.4,1003.1,100,34,45,99,14.8,220,47.9,189.0,25.0,164.0,51.7,0.0,0.09,0.18,12.0,0.417,Napoli,40.8518,14.2681
2026-01-24T14:00,14.2,77,10.3,11.5,0.1,0.1,0.0,0.0,0.0,51,1005.2,1002.9,100,27,45,100,19.4,211,34.6,303.0,124.0,179.0,249.9,3600.0,0.15,0.37,13.5,0.413,Napoli,40.8518,14.2681
2026-01-24T15:00,15.5,68,9.6,12.8,0.1,0.1,0.0,0.0,0.0,51,1004.9,1002.6,88,4,18,86,17.7,208,45.0,322.0,177.0,145.0,384.7,3600.0,0.18,0.56,13.9,0.402,Napoli,40.8518,14.2681
2026-01-24T16:00,14.8,72,9.9,12.4,0.1,0.1,0.0,0.0,0.0,51,1005.4,1003.1,98,7,13,97,15.7,200,42.8,304.0,188.0,116.0,497.1,3600.0,0.16,0.46,14.0,0.396,Napoli,40.8518,14.2681
2026-01-24T17:00,14.5,75,10.2,12.4,0.1,0.1,0.0,0.0,0.0,51,1005.4,1003.1,100,9,9,100,14.9,188,36.4,188.0,98.0,90.0,383.0,3600.0,0.1,0.41,13.8,0.39,Napoli,40.8518,14.2681
2026-01-24T18:00,13.9,77,10.0,11.7,0.0,0.0,0.0,0.0,0.0,3,1005.6,1003.3,100,19,100,99,14.9,192,33.1,51.0,15.0,36.0,135.3,2632.11,0.05,0.36,13.2,0.385,Napoli,40.8518,14.2681
2026-01-24T19:00,13.4,82,10.4,11.2,0.1,0.1,0.0,0.0,0.0,51,1006.1,1003.8,99,23,71,98,15.8,194,36.4,0.0,0.0,0.0,0.0,0.0,0.04,0.28,12.7,0.383,Napoli,40.8518,14.2681
2026-01-24T20:00,12.2,91,10.7,10.7,0.2,0.2,0.0,0.0,0.0,51,1006.5,1004.2,100,100,37,100,11.2,191,34.2,0.0,0.0,0.0,0.0,0.0,0.0,0.13,13.3,0.379,Napoli,40.8518,14.2681
2026-01-24T21:00,13.0,90,11.3,12.5,0.1,0.1,0.0,0.0,0.0,51,1006.1,1003.8,98,58,47,93,5.6,149,26.3,0.0,0.0,0.0,0.0,0.0,0.0,0.15,12.8,0.377,Napoli,40.8518,14.2681
2026-01-24T22:00,12.2,92,10.9,11.1,0.2,0.2,0.0,0.0,0.0,51,1006.3,1004.0,100,77,100,100,9.1,171,22.7,0.0,0.0,0.0,0.0,0.0,0.0,0.11,12.3,0.376,Napoli,40.8518,14.2681
2026-01-24T23:00,12.3,92,11.0,11.5,0.5,0.5,0.0,0.0,0.0,53,1005.7,1003.4,100,41,100,100,7.0,184,22.3,0.0,0.0,0.0,0.0,0.0,0.0,0.12,12.1,0.38,Napoli,40.8518,14.2681
2026-01-25T00:00,12.0,93,11.0,10.8,0.9,0.9,0.0,0.0,0.0,53,1005.6,1003.3,100,52,100,100,10.0,166,21.2,0.0,0.0,0.0,0.0,0.0,0.0,0.09,11.9,0.389,Napoli,40.8518,14.2681
2026-01-25T01:00,11.6,96,11.0,10.9,2.4,2.4,0.0,0.0,0.0,61,1004.8,1002.5,100,45,100,100,6.5,136,23.4,0.0,0.0,0.0,0.0,0.0,0.0,0.05,11.7,0.415,Napoli,40.8518,14.2681
2026-01-25T02:00,11.7,91,10.3,11.4,1.4,1.4,0.0,0.0,0.0,61,1004.5,1002.2,100,100,91,42,2.2,114,28.8,0.0,0.0,0.0,0.0,0.0,0.0,0.12,11.9,0.413,Napoli,40.8518,14.2681
2026-01-25T03:00,11.1,96,10.6,10.2,2.4,2.4,0.0,0.0,0.0,61,1003.4,1001.1,100,23,100,25,7.7,21,27.7,0.0,0.0,0.0,0.0,0.0,0.0,0.05,11.7,0.426,Napoli,40.8518,14.2681
2026-01-25T04:00,10.5,95,9.8,9.7,1.4,1.4,0.0,0.0,0.0,61,1002.1,999.8,100,88,99,59,5.1,84,29.5,0.0,0.0,0.0,0.0,0.0,0.0,0.06,11.3,0.426,Napoli,40.8518,14.2681
2026-01-25T05:00,13.6,86,11.2,8.9,0.2,0.2,0.0,0.0,0.0,51,1000.4,998.1,99,16,98,33,34.3,152,68.4,0.0,0.0,0.0,0.0,0.0,0.03,0.22,11.4,0.415,Napoli,40.8518,14.2681
2026-01-25T06:00,13.0,85,10.6,8.5,2.5,2.5,0.0,0.0,0.0,63,999.9,997.6,70,20,59,20,32.5,157,76.7,0.0,0.0,0.0,0.0,0.0,0.03,0.22,11.6,0.436,Napoli,40.8518,14.2681
2026-01-25T07:00,12.9,89,11.0,8.5,0.1,0.1,0.0,0.0,0.0,51,1000.3,998.0,100,38,93,98,32.3,177,82.1,0.0,0.0,0.0,0.0,0.0,0.02,0.17,11.7,0.418,Napoli,40.8518,14.2681
2026-01-25T08:00,11.2,89,9.4,8.9,0.0,0.0,0.0,0.0,0.0,3,1000.8,998.5,96,20,94,45,14.6,237,73.4,0.0,0.0,0.0,0.0,0.0,0.0,0.15,13.5,0.402,Napoli,40.8518,14.2681
2026-01-25T09:00,11.2,88,9.3,9.1,1.3,1.3,0.0,0.0,0.0,61,1001.1,998.8,100,33,100,34,12.9,230,32.0,7.0,1.0,6.0,14.4,0.0,0.02,0.16,12.5,0.413,Napoli,40.8518,14.2681
2026-01-25T10:00,11.0,87,8.9,7.9,0.7,0.7,0.0,0.0,0.0,53,1001.7,999.4,100,100,100,2,18.9,232,40.7,18.0,0.0,18.0,0.0,0.0,0.04,0.18,11.9,0.414,Napoli,40.8518,14.2681
2026-01-25T11:00,10.4,89,8.7,7.6,0.7,0.7,0.0,0.0,0.0,53,1002.1,999.8,98,84,95,15,16.8,293,41.4,48.0,0.0,48.0,0.0,0.0,0.04,0.14,11.4,0.414,Napoli,40.8518,14.2681
2026-01-25T12:00,11.2,78,7.4,8.3,0.1,0.1,0.0,0.0,0.0,51,1002.4,1000.1,93,10,92,6,14.6,289,36.7,202.0,81.0,121.0,189.7,3600.0,0.11,0.3,11.5,0.408,Napoli,40.8518,14.2681
2026-01-25T13:00,12.0,68,6.2,9.0,0.0,0.0,0.0,0.0,0.0,3,1002.4,1000.1,100,0,100,91,13.4,281,35.6,286.0,97.0,189.0,199.1,3600.0,0.15,0.45,12.0,0.402,Napoli,40.8518,14.2681
2026-01-25T14:00,10.8,80,7.5,9.3,0.0,0.0,0.0,0.0,0.0,3,1003.3,1001.0,100,10,100,100,5.8,274,33.5,241.0,26.0,215.0,52.0,0.0,0.12,0.26,12.0,0.405,Napoli,40.8518,14.2681
2026-01-25T15:00,11.4,76,7.3,10.1,0.0,0.0,0.0,0.0,0.0,3,1002.6,1000.3,100,16,14,100,3.8,251,20.2,216.0,20.0,196.0,43.1,0.0,0.11,0.33,12.3,0.4,Napoli,40.8518,14.2681
2026-01-25T16:00,11.7,72,6.8,10.1,0.0,0.0,0.0,0.0,0.0,3,1002.0,999.7,100,36,41,100,5.2,155,18.7,258.0,109.0,149.0,285.2,3600.0,0.13,0.39,12.6,0.396,Napoli,40.8518,14.2681
2026-01-25T17:00,11.5,71,6.4,9.2,0.0,0.0,0.0,0.0,0.0,3,1001.8,999.5,82,15,26,76,9.1,153,21.6,132.0,19.0,113.0,73.1,394.33,0.08,0.39,12.4,0.392,Napoli,40.8518,14.2681
2026-01-25T18:00,11.2,72,6.2,8.6,0.0,0.0,0.0,0.0,0.0,2,1001.8,999.5,69,34,60,3,11.1,172,23.8,53.0,17.0,36.0,150.6,3044.94,0.05,0.38,11.8,0.389,Napoli,40.8518,14.2681
2026-01-25T19:00,10.2,78,6.5,7.6,0.0,0.0,0.0,0.0,0.0,2,1001.8,999.5,52,38,40,0,11.6,192,35.6,0.0,0.0,0.0,0.0,0.0,0.04,0.28,11.1,0.387,Napoli,40.8518,14.2681
2026-01-25T20:00,11.3,78,7.6,8.0,0.2,0.2,0.0,0.0,0.0,51,1001.0,998.7,40,9,34,10,17.9,174,32.8,0.0,0.0,0.0,0.0,0.0,0.03,0.29,12.4,0.385,Napoli,40.8518,14.2681
2026-01-25T21:00,10.8,76,6.8,7.0,0.1,0.1,0.0,0.0,0.0,51,1001.5,999.2,89,65,69,47,19.8,215,42.8,0.0,0.0,0.0,0.0,0.0,0.03,0.31,11.6,0.385,Napoli,40.8518,14.2681
2026-01-25T22:00,10.0,84,7.4,8.0,0.9,0.9,0.0,0.0,0.0,53,1001.3,999.0,33,9,25,7,8.9,193,45.4,0.0,0.0,0.0,0.0,0.0,0.0,0.19,10.9,0.392,Napoli,40.8518,14.2681
2026-01-25T23:00,9.5,91,8.0,7.1,1.2,1.2,0.0,0.0,0.0,55,1001.3,999.0,73,20,39,54,12.7,247,31.7,0.0,0.0,0.0,0.0,0.0,0.0,0.11,10.4,0.404,Napoli,40.8518,14.2681
2026-01-26T00:00,9.3,86,7.1,7.6,0.2,0.2,0.0,0.0,0.0,51,1001.0,998.7,60,30,21,36,6.2,258,25.9,0.0,0.0,0.0,0.0,0.0,0.0,0.16,10.1,0.402,Napoli,40.8518,14.2681
2026-01-26T01:00,8.2,93,7.1,7.1,0.0,0.0,0.0,0.0,0.0,0,1000.8,998.5,18,16,2,1,2.4,333,18.7,0.0,0.0,0.0,0.0,0.0,0.0,0.08,9.7,0.399,Napoli,40.8518,14.2681
2026-01-26T02:00,8.8,86,6.6,6.8,0.0,0.0,0.0,0.0,0.0,0,1000.3,998.0,18,15,6,0,7.7,288,10.1,0.0,0.0,0.0,0.0,0.0,0.0,0.16,10.0,0.406,Napoli,40.8518,14.2681
2026-01-26T03:00,8.6,88,6.8,6.8,0.0,0.0,0.0,0.0,0.0,1,999.7,997.4,22,16,13,0,6.8,307,18.7,0.0,0.0,0.0,0.0,0.0,0.0,0.13,9.5,0.403,Napoli,40.8518,14.2681
2026-01-26T04:00,7.6,91,6.2,6.3,0.0,0.0,0.0,0.0,0.0,1,999.3,997.0,47,47,4,0,1.7,342,16.2,0.0,0.0,0.0,0.0,0.0,0.0,0.09,8.9,0.4,Napoli,40.8518,14.2681
2026-01-26T05:00,7.4,91,5.9,6.0,0.0,0.0,0.0,0.0,0.0,2,998.9,996.6,59,52,16,0,2.1,20,7.9,0.0,0.0,0.0,0.0,0.0,0.0,0.1,8.5,0.397,Napoli,40.8518,14.2681
2026-01-26T06:00,6.9,92,5.7,5.4,0.0,0.0,0.0,0.0,0.0,1,998.9,996.6,47,41,19,0,3.0,52,6.1,0.0,0.0,0.0,0.0,0.0,0.0,0.08,8.1,0.395,Napoli,40.8518,14.2681
2026-01-26T07:00,7.0,91,5.6,5.4,0.0,0.0,0.0,0.0,0.0,2,999.0,996.7,65,44,49,0,3.3,135,5.4,0.0,0.0,0.0,0.0,0.0,0.0,0.09,7.7,0.393,Napoli,40.8518,14.2681
2026-01-26T08:00,8.3,92,7.1,6.6,0.0,0.0,0.0,0.0,0.0,1,999.0,996.7,39,22,27,0,6.5,150,10.1,0.0,0.0,0.0,0.0,0.0,0.0,0.09,8.6,0.391,Napoli,40.8518,14.2681
2026-01-26T09:00,8.9,88,7.1,7.4,0.0,0.0,0.0,0.0,0.0,2,999.4,997.1,76,34,34,48,5.4,165,13.0,15.0,5.0,10.0,70.8,616.75,0.0,0.13,8.4,0.39,Napoli,40.8518,14.2681
2026-01-26T10:00,10.3,87,8.3,8.7,0.0,0.0,0.0,0.0,0.0,2,999.8,997.5,78,17,25,66,8.0,142,16.9,92.0,41.0,51.0,221.0,3600.0,0.04,0.16,9.0,0.389,Napoli,40.8518,14.2681
2026-01-26T11:00,11.5,82,8.5,10.2,0.0,0.0,0.0,0.0,0.0,3,999.8,997.5,100,6,31,100,5.9,157,17.3,244.0,136.0,108.0,417.0,3600.0,0.11,0.25,10.0,0.387,Napoli,40.8518,14.2681
2026-01-26T12:00,12.2,75,7.9,10.9,0.1,0.1,0.0,0.0,0.0,51,999.6,997.3,100,19,16,100,4.8,155,16.6,340.0,203.0,137.0,471.8,3600.0,0.16,0.35,11.1,0.385,Napoli,40.8518,14.2681
2026-01-26T13:00,12.7,72,7.7,11.6,0.1,0.1,0.0,0.0,0.0,51,999.4,997.1,100,33,30,99,3.2,153,16.2,405.0,264.0,141.0,537.9,3600.0,0.2,0.41,12.2,0.383,Napoli,40.8518,14.2681
2026-01-26T14:00,10.6,79,7.1,8.5,0.4,0.4,0.0,0.0,0.0,51,999.2,996.9,100,18,98,100,9.2,164,19.1,369.0,176.0,193.0,349.4,3600.0,0.16,0.27,11.4,0.407,Napoli,40.8518,14.2681
2026-01-26T15:00,11.3,78,7.6,10.0,0.8,0.8,0.0,0.0,0.0,53,998.8,996.5,100,11,90,100,4.1,128,21.2,144.0,0.0,144.0,0.0,0.0,0.08,0.29,11.2,0.412,Napoli,40.8518,14.2681
2026-01-26T16:00,10.4,83,7.7,8.9,2.1,2.1,0.0,0.0,0.0,61,999.2,996.9,100,34,93,98,5.7,108,14.0,112.0,9.0,103.0,23.3,0.0,0.07,0.21,11.0,0.43,Napoli,40.8518,14.2681
2026-01-26T17:00,10.2,89,8.5,8.9,0.4,0.4,0.0,0.0,0.0,51,999.4,997.1,100,0,100,34,5.9,31,13.0,57.0,0.0,57.0,0.0,0.0,0.04,0.13,10.7,0.423,Napoli,40.8518,14.2681
2026-01-26T18:00,9.4,95,8.6,7.7,0.4,0.4,0.0,0.0,0.0,51,999.8,997.5,100,7,100,100,9.0,26,18.4,31.0,3.0,28.0,26.1,0.0,0.02,0.06,10.3,0.42,Napoli,40.8518,14.2681
2026-01-26T19:00,9.1,94,8.2,7.4,0.1,0.1,0.0,0.0,0.0,51,1000.7,998.4,100,5,100,80,7.9,30,18.0,0.0,0.0,0.0,0.0,0.0,0.01,0.06,9.9,0.415,Napoli,40.8518,14.2681
2026-01-26T20:00,9.0,95,8.3,7.4,0.3,0.3,0.0,0.0,0.0,51,1001.3,999.0,95,21,91,36,8.0,5,20.2,0.0,0.0,0.0,0.0,0.0,0.0,0.05,10.9,0.402,Napoli,40.8518,14.2681
2026-01-26T21:00,9.1,90,7.5,6.7,0.1,0.1,0.0,0.0,0.0,51,1001.9,999.6,46,20,33,13,11.6,12,24.5,0.0,0.0,0.0,0.0,0.0,0.0,0.12,10.2,0.401,Napoli,40.8518,14.2681
2026-01-26T22:00,9.2,85,6.9,6.4,0.0,0.0,0.0,0.0,0.0,1,1002.9,1000.6,38,5,30,10,13.9,42,29.2,0.0,0.0,0.0,0.0,0.0,0.01,0.17,9.6,0.399,Napoli,40.8518,14.2681
2026-01-26T23:00,8.7,84,6.1,5.6,0.0,0.0,0.0,0.0,0.0,1,1003.3,1001.0,36,1,9,29,14.0,45,31.0,0.0,0.0,0.0,0.0,0.0,0.01,0.18,9.1,0.397,Napoli,40.8518,14.2681
2026-01-27T00:00,8.4,83,5.6,5.6,0.0,0.0,0.0,0.0,0.0,1,1004.2,1001.9,35,0,30,6,11.2,32,30.6,0.0,0.0,0.0,0.0,0.0,0.01,0.19,8.7,0.396,Napoli,40.8518,14.2681
2026-01-27T01:00,7.9,83,5.2,5.2,0.0,0.0,0.0,0.0,0.0,0,1004.9,1002.6,15,0,11,5,10.6,15,24.1,0.0,0.0,0.0,0.0,0.0,0.01,0.18,8.3,0.394,Napoli,40.8518,14.2681
2026-01-27T02:00,8.0,80,4.8,5.0,0.0,0.0,0.0,0.0,0.0,0,1005.4,1003.1,8,0,8,0,11.4,24,22.0,0.0,0.0,0.0,0.0,0.0,0.01,0.21,10.2,0.382,Napoli,40.8518,14.2681
2026-01-27T03:00,8.0,80,4.7,5.3,0.0,0.0,0.0,0.0,0.0,0,1006.0,1003.7,1,0,1,0,9.4,18,24.1,0.0,0.0,0.0,0.0,0.0,0.01,0.21,9.4,0.381,Napoli,40.8518,14.2681
2026-01-27T04:00,7.4,82,4.5,4.8,0.0,0.0,0.0,0.0,0.0,0,1006.6,1004.3,0,0,0,0,8.1,17,19.8,0.0,0.0,0.0,0.0,0.0,0.0,0.18,8.7,0.38,Napoli,40.8518,14.2681
2026-01-27T05:00,6.6,84,4.2,4.5,0.0,0.0,0.0,0.0,0.0,0,1006.2,1003.9,0,0,0,0,4.9,33,16.9,0.0,0.0,0.0,0.0,0.0,0.0,0.15,8.0,0.379,Napoli,40.8518,14.2681
2026-01-27T06:00,6.0,87,4.0,3.9,0.0,0.0,0.0,0.0,0.0,0,1006.7,1004.4,0,0,0,0,4.5,2,10.8,0.0,0.0,0.0,0.0,0.0,0.0,0.12,7.4,0.379,Napoli,40.8518,14.2681
2026-01-27T07:00,5.3,89,3.6,3.2,0.0,0.0,0.0,0.0,0.0,0,1007.1,1004.8,0,0,0,0,3.8,357,11.2,0.0,0.0,0.0,0.0,0.0,0.0,0.1,6.9,0.378,Napoli,40.8518,14.2681
2026-01-27T08:00,4.5,90,3.1,2.4,0.0,0.0,0.0,0.0,0.0,0,1007.3,1004.9,0,0,0,0,3.7,29,9.4,0.0,0.0,0.0,0.0,0.0,0.0,0.08,7.4,0.376,Napoli,40.8518,14.2681
2026-01-27T09:00,4.9,90,3.5,2.7,0.0,0.0,0.0,0.0,0.0,0,1007.9,1005.6,0,0,0,0,4.7,47,9.4,18.0,7.0,11.0,97.1,1267.24,0.0,0.08,7.0,0.375,Napoli,40.8518,14.2681
2026-01-27T10:00,6.2,92,5.0,4.6,0.0,0.0,0.0,0.0,0.0,0,1008.5,1006.2,14,0,0,14,2.8,63,11.2,129.0,63.0,66.0,334.5,3600.0,0.04,0.08,7.5,0.375,Napoli,40.8518,14.2681
2026-01-27T11:00,8.8,83,6.2,7.7,0.0,0.0,0.0,0.0,0.0,0,1009.2,1006.9,9,0,0,9,1.0,59,10.4,270.0,161.0,109.0,488.9,3600.0,0.11,0.19,8.6,0.374,Napoli,40.8518,14.2681
2026-01-27T12:00,11.1,75,6.8,10.0,0.0,0.0,0.0,0.0,0.0,0,1009.4,1007.1,0,0,0,0,1.8,191,10.4,422.0,342.0,80.0,788.5,3600.0,0.19,0.34,10.2,0.372,Napoli,40.8518,14.2681
2026-01-27T13:00,12.2,69,6.7,10.5,0.0,0.0,0.0,0.0,0.0,0,1009.0,1006.7,2,0,0,2,5.7,229,18.4,496.0,412.0,84.0,833.1,3600.0,0.23,0.44,11.5,0.369,Napoli,40.8518,14.2681
2026-01-27T14:00,13.1,65,6.8,11.0,0.0,0.0,0.0,0.0,0.0,1,1008.9,1006.6,29,0,0,29,8.5,242,22.7,514.0,429.0,85.0,845.2,3600.0,0.24,0.52,13.2,0.369,Napoli,40.8518,14.2681
2026-01-27T15:00,13.2,60,5.5,10.6,0.0,0.0,0.0,0.0,0.0,1,1008.6,1006.3,43,0,0,43,9.9,248,25.6,471.0,390.0,81.0,826.3,3600.0,0.23,0.61,13.5,0.366,Napoli,40.8518,14.2681
2026-01-27T16:00,13.0,62,5.9,10.6,0.0,0.0,0.0,0.0,0.0,2,1008.9,1006.6,79,11,0,76,9.1,253,26.6,375.0,301.0,74.0,771.5,3600.0,0.18,0.56,13.3,0.364,Napoli,40.8518,14.2681
2026-01-27T17:00,12.8,67,6.7,11.2,0.0,0.0,0.0,0.0,0.0,1,1009.0,1006.7,38,28,0,14,4.9,262,22.3,222.0,150.0,72.0,560.4,3600.0,0.1,0.49,12.9,0.362,Napoli,40.8518,14.2681
2026-01-27T18:00,11.7,79,8.1,10.8,0.0,0.0,0.0,0.0,0.0,1,1009.2,1006.9,48,48,0,0,2.7,290,12.2,65.0,27.0,38.0,230.8,3600.0,0.02,0.29,12.2,0.362,Napoli,40.8518,14.2681
2026-01-27T19:00,11.1,80,7.8,9.9,0.0,0.0,0.0,0.0,0.0,2,1009.4,1007.1,62,59,7,5,4.1,283,9.7,1.0,0.0,1.0,0.0,0.0,0.0,0.26,11.2,0.362,Napoli,40.8518,14.2681
2026-01-27T20:00,10.8,86,8.5,10.0,0.0,0.0,0.0,0.0,0.0,2,1009.4,1007.1,77,52,17,43,2.6,258,10.4,0.0,0.0,0.0,0.0,0.0,0.0,0.18,11.7,0.352,Napoli,40.8518,14.2681
2026-01-27T21:00,10.6,85,8.2,9.1,0.0,0.0,0.0,0.0,0.0,3,1009.2,1006.9,99,37,1,99,6.4,243,13.7,0.0,0.0,0.0,0.0,0.0,0.0,0.19,10.9,0.352,Napoli,40.8518,14.2681
2026-01-27T22:00,10.7,84,8.1,8.9,0.0,0.0,0.0,0.0,0.0,3,1008.8,1006.5,100,19,23,100,8.8,215,17.6,0.0,0.0,0.0,0.0,0.0,0.0,0.21,10.4,0.353,Napoli,40.8518,14.2681
2026-01-27T23:00,11.3,77,7.5,8.8,0.0,0.0,0.0,0.0,0.0,3,1008.9,1006.6,100,9,41,100,12.5,207,24.8,0.0,0.0,0.0,0.0,0.0,0.02,0.3,10.1,0.353,Napoli,40.8518,14.2681
2026-01-28T00:00,11.5,73,6.8,8.6,0.0,0.0,0.0,0.0,0.0,3,1008.7,1006.4,100,8,42,100,13.9,204,28.8,0.0,0.0,0.0,0.0,0.0,0.03,0.36,10.0,0.352,Napoli,40.8518,14.2681
2026-01-28T01:00,11.9,69,6.4,8.6,0.0,0.0,0.0,0.0,0.0,3,1008.1,1005.8,100,28,100,99,16.1,196,33.1,0.0,0.0,0.0,0.0,0.0,0.04,0.43,10.0,0.352,Napoli,40.8518,14.2681
2026-01-28T02:00,12.2,69,6.7,8.9,0.0,0.0,0.0,0.0,0.0,3,1007.4,1005.1,100,100,99,100,17.0,190,37.8,0.0,0.0,0.0,0.0,0.0,0.04,0.44,11.3,0.353,Napoli,40.8518,14.2681
2026-01-28T03:00,12.5,73,7.7,9.2,0.1,0.1,0.0,0.0,0.0,51,1006.7,1004.4,100,100,87,17,18.7,181,41.4,0.0,0.0,0.0,0.0,0.0,0.04,0.4,11.1,0.353,Napoli,40.8518,14.2681
2026-01-28T04:00,12.9,72,7.9,9.3,0.1,0.1,0.0,0.0,0.0,51,1005.6,1003.3,100,100,100,2,21.1,176,45.0,0.0,0.0,0.0,0.0,0.0,0.05,0.42,11.1,0.353,Napoli,40.8518,14.2681
2026-01-28T05:00,12.5,76,8.3,8.5,0.9,0.9,0.0,0.0,0.0,53,1004.6,1002.3,100,100,100,5,24.3,170,51.5,0.0,0.0,0.0,0.0,0.0,0.05,0.35,11.0,0.362,Napoli,40.8518,14.2681
2026-01-28T06:00,12.1,82,9.1,8.2,1.3,1.3,0.0,0.0,0.0,61,1003.6,1001.3,100,100,100,0,24.8,167,51.5,0.0,0.0,0.0,0.0,0.0,0.03,0.26,10.8,0.376,Napoli,40.8518,14.2681
2026-01-28T07:00,12.2,86,9.9,7.9,1.3,1.3,0.0,0.0,0.0,61,1002.4,1000.1,100,100,100,98,28.7,164,60.5,0.0,0.0,0.0,0.0,0.0,0.02,0.2,10.8,0.39,Napoli,40.8518,14.2681
2026-01-28T08:00,12.1,90,10.5,8.2,0.9,0.9,0.0,0.0,0.0,53,1001.6,999.3,100,100,100,100,27.8,163,65.5,0.0,0.0,0.0,0.0,0.0,0.01,0.14,11.7,0.405,Napoli,40.8518,14.2681
2026-01-28T09:00,12.1,91,10.8,7.3,4.1,4.1,0.0,0.0,0.0,63,1000.7,998.4,100,100,100,100,34.3,157,70.2,3.0,0.0,3.0,0.0,0.0,0.03,0.12,11.5,0.433,Napoli,40.8518,14.2681
2026-01-28T10:00,12.0,93,10.9,7.2,3.2,3.2,0.0,0.0,0.0,63,1000.3,998.0,100,100,100,100,34.7,162,73.1,8.0,0.0,8.0,0.0,0.0,0.03,0.09,11.3,0.435,Napoli,40.8518,14.2681
2026-01-28T11:00,12.6,91,11.1,7.6,4.8,4.8,0.0,0.0,0.0,63,999.2,996.9,100,98,100,100,36.9,175,78.1,24.0,0.0,24.0,0.0,0.0,0.04,0.14,11.4,0.437,Napoli,40.8518,14.2681
2026-01-28T12:00,13.2,92,11.9,9.7,2.5,2.5,0.0,0.0,0.0,63,998.2,995.9,100,43,91,100,27.5,212,76.0,30.0,0.0,30.0,0.0,0.0,0.04,0.12,11.6,0.439,Napoli,40.8518,14.2681
2026-01-28T13:00,13.4,91,11.9,10.2,2.0,2.0,0.0,0.0,0.0,61,997.4,995.1,94,24,78,89,25.7,226,57.6,94.0,0.0,94.0,0.0,0.0,0.06,0.14,11.9,0.428,Napoli,40.8518,14.2681
2026-01-28T14:00,13.5,87,11.5,10.8,1.9,1.9,0.0,0.0,0.0,61,996.9,994.6,51,9,9,43,21.7,251,72.4,294.0,125.0,169.0,244.3,3600.0,0.13,0.19,11.7,0.426,Napoli,40.8518,14.2681
2026-01-28T15:00,13.1,81,9.8,10.2,1.4,1.4,0.0,0.0,0.0,61,996.3,994.0,51,24,12,32,19.1,244,54.7,360.0,214.0,146.0,449.5,3600.0,0.16,0.29,12.3,0.426,Napoli,40.8518,14.2681
2026-01-28T16:00,13.6,69,8.0,9.7,0.3,0.3,0.0,0.0,0.0,51,996.6,994.3,22,12,14,2,22.6,237,55.1,301.0,195.0,106.0,494.6,3600.0,0.16,0.48,12.5,0.423,Napoli,40.8518,14.2681
2026-01-28T17:00,13.7,59,6.0,8.6,0.1,0.1,0.0,0.0,0.0,51,996.7,994.4,37,5,36,0,27.8,252,61.6,179.0,94.0,85.0,346.0,3600.0,0.15,0.64,12.5,0.419,Napoli,40.8518,14.2681
2026-01-28T18:00,13.5,58,5.4,8.9,0.0,0.0,0.0,0.0,0.0,1,996.8,994.5,41,8,38,0,23.4,254,61.2,71.0,36.0,35.0,302.3,3600.0,0.11,0.65,12.1,0.415,Napoli,40.8518,14.2681
2026-01-28T19:00,12.5,61,5.2,8.5,0.1,0.1,0.0,0.0,0.0,51,997.8,995.5,35,7,21,16,19.1,259,51.5,1.0,0.0,1.0,0.0,0.0,0.07,0.56,11.6,0.413,Napoli,40.8518,14.2681
2026-01-28T20:00,12.8,64,6.2,8.6,0.0,0.0,0.0,0.0,0.0,2,997.7,995.4,72,1,12,68,21.9,247,42.1,0.0,0.0,0.0,0.0,0.0,0.07,0.53,13.9,0.41,Napoli,40.8518,14.2681
2026-01-28T21:00,13.1,61,5.8,9.1,0.0,0.0,0.0,0.0,0.0,3,997.5,995.2,100,2,23,100,19.7,238,50.0,0.0,0.0,0.0,0.0,0.0,0.07,0.58,12.8,0.407,Napoli,40.8518,14.2681
2026-01-28T22:00,13.0,62,6.0,9.6,0.0,0.0,0.0,0.0,0.0,3,997.4,995.1,100,6,40,100,15.8,222,43.2,0.0,0.0,0.0,0.0,0.0,0.05,0.56,12.2,0.405,Napoli,40.8518,14.2681
2026-01-28T23:00,12.7,63,5.8,9.2,0.0,0.0,0.0,0.0,0.0,3,997.1,994.8,92,6,63,86,16.5,226,37.1,0.0,0.0,0.0,0.0,0.0,0.06,0.55,11.7,0.403,Napoli,40.8518,14.2681
2026-01-29T00:00,12.6,65,6.2,9.3,0.0,0.0,0.0,0.0,0.0,3,996.3,994.0,100,11,100,100,15.6,234,36.0,0.0,0.0,0.0,0.0,0.0,0.05,0.51,11.3,0.401,Napoli,40.8518,14.2681
2026-01-29T01:00,12.4,67,6.5,9.0,0.0,0.0,0.0,0.0,0.0,3,995.2,992.9,100,5,65,100,16.9,239,39.6,0.0,0.0,0.0,0.0,0.0,0.05,0.48,11.1,0.4,Napoli,40.8518,14.2681
2026-01-29T02:00,12.2,71,7.1,9.9,0.0,0.0,0.0,0.0,0.0,3,994.4,992.1,100,5,73,100,10.9,219,36.4,0.0,0.0,0.0,0.0,0.0,0.02,0.42,11.4,0.403,Napoli,40.8518,14.2681
2026-01-29T03:00,11.6,76,7.6,8.9,0.4,0.4,0.0,0.0,0.0,51,994.4,992.1,100,55,100,100,14.0,209,29.9,0.0,0.0,0.0,0.0,0.0,0.02,0.32,11.2,0.405,Napoli,40.8518,14.2681
2026-01-29T04:00,10.5,90,9.0,9.2,1.4,1.4,0.0,0.0,0.0,61,994.1,991.8,100,96,100,100,6.9,213,29.2,0.0,0.0,0.0,0.0,0.0,0.0,0.12,10.9,0.419,Napoli,40.8518,14.2681
2026-01-29T05:00,10.6,92,9.4,9.6,2.0,2.0,0.0,0.0,0.0,61,993.7,991.4,100,100,100,98,5.1,212,14.4,0.0,0.0,0.0,0.0,0.0,0.0,0.1,10.7,0.433,Napoli,40.8518,14.2681
2026-01-29T06:00,10.3,92,9.1,9.7,2.2,2.2,0.0,0.0,0.0,61,993.4,991.1,100,97,100,100,2.2,24,10.8,0.0,0.0,0.0,0.0,0.0,0.0,0.1,10.5,0.427,Napoli,40.8518,14.2681
2026-01-29T07:00,9.7,95,8.9,8.2,2.9,2.9,0.0,0.0,0.0,63,993.7,991.4,100,50,100,100,7.7,28,15.5,0.0,0.0,0.0,0.0,0.0,0.0,0.06,10.3,0.424,Napoli,40.8518,14.2681
2026-01-29T08:00,9.3,95,8.6,7.3,2.5,2.5,0.0,0.0,0.0,63,994.4,992.1,100,100,100,100,11.2,10,17.3,0.0,0.0,0.0,0.0,0.0,0.0,0.06,10.3,0.418,Napoli,40.8518,14.2681
2026-01-29T09:00,9.3,96,8.6,8.0,1.1,1.1,0.0,0.0,0.0,55,995.2,992.9,100,94,100,100,6.4,344,22.7,3.0,0.0,3.0,0.0,0.0,0.01,0.05,10.1,0.422,Napoli,40.8518,14.2681
2026-01-29T10:00,9.6,95,8.9,8.2,0.6,0.6,0.0,0.0,0.0,53,995.6,993.3,100,62,100,26,7.2,333,15.5,29.0,0.0,29.0,0.0,0.0,0.02,0.06,10.0,0.421,Napoli,40.8518,14.2681
2026-01-29T11:00,10.7,85,8.4,9.3,0.2,0.2,0.0,0.0,0.0,51,996.4,994.1,100,25,100,0,6.7,333,18.0,136.0,8.0,128.0,23.8,0.0,0.07,0.19,10.4,0.419,Napoli,40.8518,14.2681
2026-01-29T12:00,11.1,79,7.7,9.5,0.0,0.0,0.0,0.0,0.0,3,996.8,994.5,100,13,99,77,7.0,337,19.8,172.0,35.0,137.0,79.4,581.1,0.09,0.27,10.8,0.416,Napoli,40.8518,14.2681
2026-01-29T13:00,11.9,72,7.1,10.3,0.0,0.0,0.0,0.0,0.0,0,996.9,994.6,13,11,9,0,6.1,304,19.4,274.0,56.0,218.0,111.5,1544.93,0.14,0.38,11.6,0.412,Napoli,40.8518,14.2681
2026-01-29T14:00,12.0,73,7.3,10.4,0.1,0.1,0.0,0.0,0.0,51,996.8,994.5,51,30,32,1,5.6,310,38.9,475.0,363.0,112.0,704.0,3600.0,0.22,0.38,12.3,0.412,Napoli,40.8518,14.2681
2026-01-29T15:00,11.9,75,7.7,9.2,0.4,0.4,0.0,0.0,0.0,51,997.0,994.7,64,36,43,8,14.4,279,37.8,376.0,243.0,133.0,506.0,3600.0,0.17,0.35,12.8,0.412,Napoli,40.8518,14.2681
2026-01-29T16:00,12.5,76,8.3,10.2,0.3,0.3,0.0,0.0,0.0,51,997.3,995.0,23,16,13,0,12.4,280,42.8,268.0,139.0,129.0,348.9,3600.0,0.13,0.35,12.7,0.411,Napoli,40.8518,14.2681
2026-01-29T17:00,12.8,64,6.2,8.9,0.0,0.0,0.0,0.0,0.0,1,997.4,995.1,34,20,29,0,20.0,283,45.4,198.0,124.0,74.0,449.6,3600.0,0.13,0.53,12.5,0.409,Napoli,40.8518,14.2681
2026-01-29T18:00,12.4,63,5.5,8.4,0.0,0.0,0.0,0.0,0.0,0,997.7,995.4,9,7,6,0,19.8,278,48.2,62.0,30.0,32.0,247.5,3600.0,0.09,0.54,12.0,0.406,Napoli,40.8518,14.2681
2026-01-29T19:00,11.8,64,5.3,8.3,0.0,0.0,0.0,0.0,0.0,0,998.2,995.9,6,2,5,0,15.4,281,43.9,1.0,0.0,1.0,0.0,0.0,0.06,0.49,11.3,0.404,Napoli,40.8518,14.2681
2026-01-29T20:00,11.4,66,5.3,8.2,0.0,0.0,0.0,0.0,0.0,0,998.7,996.4,9,6,5,0,14.2,283,34.9,0.0,0.0,0.0,0.0,0.0,0.04,0.46,10.7,0.402,Napoli,40.8518,14.2681
2026-01-29T21:00,11.4,68,5.6,8.1,0.0,0.0,0.0,0.0,0.0,0,999.4,997.1,6,2,6,0,14.7,285,33.5,0.0,0.0,0.0,0.0,0.0,0.04,0.44,10.4,0.401,Napoli,40.8518,14.2681
2026-01-29T22:00,10.9,71,5.7,8.2,0.0,0.0,0.0,0.0,0.0,0,999.7,997.4,4,0,2,2,10.9,286,32.8,0.0,0.0,0.0,0.0,0.0,0.02,0.38,10.0,0.399,Napoli,40.8518,14.2681
2026-01-29T23:00,10.7,72,5.9,8.2,0.0,0.0,0.0,0.0,0.0,1,1000.4,998.1,28,5,5,23,9.7,273,24.5,0.0,0.0,0.0,0.0,0.0,0.02,0.36,9.6,0.398,Napoli,40.8518,14.2681
2026-01-30T00:00,10.7,73,6.0,8.3,0.0,0.0,0.0,0.0,0.0,1,1000.6,998.3,28,6,4,23,9.0,273,22.0,0.0,0.0,0.0,0.0,0.0,0.02,0.35,9.3,0.397,Napoli,40.8518,14.2681
2026-01-30T01:00,10.3,75,6.1,8.1,0.0,0.0,0.0,0.0,0.0,0,1001.0,998.7,2,1,1,0,8.2,289,21.6,0.0,0.0,0.0,0.0,0.0,0.01,0.31,9.1,0.396,Napoli,40.8518,14.2681
2026-01-30T02:00,8.3,80,5.1,6.8,0.0,0.0,0.0,0.0,0.0,0,1000.4,998.1,2,2,0,0,1.8,354,19.1,0.0,0.0,0.0,0.0,0.0,0.0,0.22,9.6,0.393,Napoli,40.8518,14.2681
2026-01-30T03:00,7.9,82,5.0,6.6,0.0,0.0,0.0,0.0,0.0,0,1000.8,998.5,5,5,2,0,0.0,270,6.8,0.0,0.0,0.0,0.0,0.0,0.0,0.19,8.8,0.393,Napoli,40.8518,14.2681
2026-01-30T04:00,7.7,82,4.8,6.3,0.0,0.0,0.0,0.0,0.0,0,1001.2,998.9,8,2,8,0,0.6,34,5.4,0.0,0.0,0.0,0.0,0.0,0.0,0.19,8.2,0.392,Napoli,40.8518,14.2681
2026-01-30T05:00,6.9,84,4.4,5.4,0.0,0.0,0.0,0.0,0.0,0,1001.0,998.7,3,3,1,0,0.9,11,5.8,0.0,0.0,0.0,0.0,0.0,0.0,0.16,7.6,0.392,Napoli,40.8518,14.2681
2026-01-30T06:00,6.1,87,4.0,4.4,0.0,0.0,0.0,0.0,0.0,0,1000.9,998.6,15,9,14,0,1.7,32,5.4,0.0,0.0,0.0,0.0,0.0,0.0,0.13,7.2,0.391,Napoli,40.8518,14.2681
2026-01-30T07:00,5.7,88,3.8,3.7,0.0,0.0,0.0,0.0,0.0,1,1001.0,998.7,33,20,27,0,3.1,36,7.2,0.0,0.0,0.0,0.0,0.0,0.0,0.11,6.8,0.391,Napoli,40.8518,14.2681
2026-01-30T08:00,5.6,88,3.8,3.8,0.0,0.0,0.0,0.0,0.0,1,1001.3,999.0,30,24,22,0,2.1,38,7.9,0.0,0.0,0.0,0.0,0.0,0.0,0.11,6.4,0.39,Napoli,40.8518,14.2681
2026-01-30T09:00,5.9,89,4.3,3.9,0.0,0.0,0.0,0.0,0.0,1,1001.6,999.3,21,19,9,1,4.0,30,7.9,19.0,7.0,12.0,91.3,1167.29,0.0,0.1,6.4,0.39,Napoli,40.8518,14.2681
2026-01-30T10:00,8.0,89,6.2,6.3,0.0,0.0,0.0,0.0,0.0,1,1001.6,999.3,39,21,10,20,4.4,58,11.5,136.0,70.0,66.0,354.3,3600.0,0.05,0.12,7.4,0.389,Napoli,40.8518,14.2681
2026-01-30T11:00,10.4,85,8.0,9.4,0.0,0.0,0.0,0.0,0.0,1,1001.7,999.4,36,27,21,5,3.0,73,11.5,275.0,167.0,108.0,492.0,3600.0,0.12,0.18,8.9,0.388,Napoli,40.8518,14.2681
2026-01-30T12:00,12.2,81,9.1,11.4,0.0,0.0,0.0,0.0,0.0,1,1001.5,999.2,45,39,25,0,3.9,137,16.2,370.0,253.0,117.0,568.9,3600.0,0.17,0.27,10.4,0.386,Napoli,40.8518,14.2681
2026-01-30T13:00,13.2,74,8.7,11.7,0.0,0.0,0.0,0.0,0.0,1,1001.0,998.7,23,15,14,1,8.1,179,23.8,419.0,285.0,134.0,563.0,3600.0,0.2,0.4,11.7,0.385,Napoli,40.8518,14.2681
2026-01-30T14:00,13.5,70,8.2,11.9,0.0,0.0,0.0,0.0,0.0,2,1000.6,998.3,57,42,38,15,7.9,191,26.3,461.0,353.0,108.0,679.1,3600.0,0.22,0.46,12.9,0.387,Napoli,40.8518,14.2681
2026-01-30T15:00,12.6,72,7.7,10.5,5.5,5.5,0.0,0.0,0.0,63,1000.2,997.9,71,42,57,30,9.6,201,24.8,371.0,238.0,133.0,491.3,3600.0,0.18,0.4,12.9,0.437,Napoli,40.8518,14.2681
2026-01-30T16:00,11.5,79,8.1,9.8,2.9,2.9,0.0,0.0,0.0,63,1000.7,998.4,90,59,49,66,8.2,194,24.5,204.0,89.0,115.0,221.1,3600.0,0.1,0.28,12.3,0.426,Napoli,40.8518,14.2681
2026-01-30T17:00,11.1,81,8.0,9.6,0.2,0.2,0.0,0.0,0.0,51,1000.9,998.6,85,66,59,34,6.2,206,19.8,114.0,32.0,82.0,114.3,1629.76,0.06,0.24,11.8,0.422,Napoli,40.8518,14.2681
2026-01-30T18:00,10.6,89,8.9,9.5,0.5,0.5,0.0,0.0,0.0,53,1001.1,998.8,76,66,30,4,5.6,202,14.8,40.0,9.0,31.0,72.2,365.91,0.02,0.14,11.3,0.42,Napoli,40.8518,14.2681
2026-01-30T19:00,9.2,93,8.1,8.5,0.0,0.0,0.0,0.0,0.0,1,1001.4,999.1,48,23,14,28,0.8,153,11.2,1.0,0.0,1.0,0.0,0.0,0.0,0.08,10.5,0.416,Napoli,40.8518,14.2681
2026-01-30T20:00,9.6,92,8.3,8.6,0.8,0.8,0.0,0.0,0.0,53,1001.8,999.5,66,30,12,47,3.7,219,3.2,0.0,0.0,0.0,0.0,0.0,0.0,0.1,11.4,0.409,Napoli,40.8518,14.2681
2026-01-30T21:00,9.4,93,8.3,8.4,0.4,0.4,0.0,0.0,0.0,51,1001.8,999.5,48,20,12,31,3.6,311,7.9,0.0,0.0,0.0,0.0,0.0,0.0,0.08,10.5,0.412,Napoli,40.8518,14.2681
2026-01-30T22:00,8.9,95,8.2,7.8,0.0,0.0,0.0,0.0,0.0,3,1002.0,999.7,94,50,13,86,4.4,21,8.3,0.0,0.0,0.0,0.0,0.0,0.0,0.06,9.9,0.41,Napoli,40.8518,14.2681
2026-01-30T23:00,8.5,96,8.0,6.9,0.4,0.4,0.0,0.0,0.0,51,1002.6,1000.3,100,80,86,100,7.3,46,13.0,0.0,0.0,0.0,0.0,0.0,0.0,0.04,9.6,0.414,Napoli,40.8518,14.2681
2026-01-31T00:00,8.8,96,8.1,7.3,0.1,0.1,0.0,0.0,0.0,51,1002.5,1000.2,98,38,18,97,6.4,79,17.3,0.0,0.0,0.0,0.0,0.0,0.0,0.05,9.4,0.413,Napoli,40.8518,14.2681
2026-01-31T01:00,8.2,94,7.4,7.0,0.0,0.0,0.0,0.0,0.0,3,1002.2,999.9,98,20,2,97,3.5,66,13.0,0.0,0.0,0.0,0.0,0.0,0.0,0.06,9.0,0.411,Napoli,40.8518,14.2681
2026-01-31T02:00,9.1,90,7.5,7.4,0.0,0.0,0.0,0.0,0.0,3,1002.4,1000.1,87,31,16,78,6.7,124,6.1,0.0,0.0,0.0,0.0,0.0,0.0,0.12,9.8,0.403,Napoli,40.8518,14.2681
2026-01-31T03:00,8.9,91,7.5,7.4,0.0,0.0,0.0,0.0,0.0,3,1001.9,999.6,100,18,23,100,6.2,111,13.3,0.0,0.0,0.0,0.0,0.0,0.0,0.1,9.4,0.402,Napoli,40.8518,14.2681
2026-01-31T04:00,8.5,92,7.3,6.7,0.0,0.0,0.0,0.0,0.0,1,1001.3,999.0,35,29,2,8,6.9,115,13.7,0.0,0.0,0.0,0.0,0.0,0.0,0.09,9.0,0.401,Napoli,40.8518,14.2681
2026-01-31T05:00,7.8,94,6.9,6.0,0.0,0.0,0.0,0.0,0.0,1,1001.2,998.9,28,22,4,5,6.4,117,14.0,0.0,0.0,0.0,0.0,0.0,0.0,0.06,8.6,0.4,Napoli,40.8518,14.2681
2026-01-31T06:00,7.8,95,7.1,6.0,0.0,0.0,0.0,0.0,0.0,2,1001.3,999.0,64,35,19,38,6.7,110,15.5,0.0,0.0,0.0,0.0,0.0,0.0,0.05,8.5,0.4,Napoli,40.8518,14.2681
2026-01-31T07:00,7.8,93,6.7,6.0,0.6,0.6,0.0,0.0,0.0,53,1001.1,998.8,72,60,28,5,6.3,114,15.1,0.0,0.0,0.0,0.0,0.0,0.0,0.07,8.3,0.407,Napoli,40.8518,14.2681
2026-01-31T08:00,7.1,91,5.8,5.0,0.4,0.4,0.0,0.0,0.0,51,1001.1,998.8,43,23,25,0,7.0,67,15.1,0.0,0.0,0.0,0.0,0.0,0.0,0.09,8.9,0.424,Napoli,40.8518,14.2681
2026-01-31T09:00,7.4,94,6.4,5.3,0.0,0.0,0.0,0.0,0.0,1,1001.0,998.7,39,34,5,3,7.7,72,15.1,18.0,6.0,12.0,76.6,795.83,0.0,0.06,8.5,0.415,Napoli,40.8518,14.2681
2026-01-31T10:00,8.8,93,7.7,7.1,0.0,0.0,0.0,0.0,0.0,3,1001.1,998.8,100,25,4,99,7.0,67,17.3,108.0,41.0,67.0,204.1,3600.0,0.04,0.08,8.8,0.413,Napoli,40.8518,14.2681
2026-01-31T11:00,9.9,91,8.5,8.6,0.1,0.1,0.0,0.0,0.0,51,1001.3,999.0,100,45,43,100,6.0,100,17.3,175.0,53.0,122.0,154.5,2835.14,0.08,0.11,9.4,0.411,Napoli,40.8518,14.2681
2026-01-31T12:00,11.1,87,9.0,9.9,0.5,0.5,0.0,0.0,0.0,53,1001.2,998.9,100,54,50,100,6.5,95,17.6,239.0,67.0,172.0,149.4,2680.8,0.11,0.17,10.2,0.414,Napoli,40.8518,14.2681
2026-01-31T13:00,12.0,82,9.0,10.6,0.0,0.0,0.0,0.0,0.0,3,1000.6,998.3,100,35,20,100,7.9,106,21.6,290.0,107.0,183.0,209.7,3600.0,0.14,0.26,11.0,0.411,Napoli,40.8518,14.2681
2026-01-31T14:00,13.1,77,9.2,12.2,0.0,0.0,0.0,0.0,0.0,3,999.8,997.5,100,4,30,100,4.2,95,21.6,365.0,176.0,189.0,335.9,3600.0,0.18,0.34,12.3,0.396,Napoli,40.8518,14.2681
2026-01-31T15:00,13.6,73,8.9,12.7,0.0,0.0,0.0,0.0,0.0,3,998.8,996.5,100,7,17,100,3.6,96,13.7,350.0,167.0,183.0,341.7,3600.0,0.18,0.42,13.0,0.394,Napoli,40.8518,14.2681
2026-01-31T16:00,13.3,69,7.7,11.8,0.1,0.1,0.0,0.0,0.0,51,998.6,996.3,100,17,73,100,5.6,165,15.8,276.0,126.0,150.0,309.7,3600.0,0.14,0.47,13.2,0.392,Napoli,40.8518,14.2681
2026-01-31T17:00,12.8,73,8.1,12.1,0.0,0.0,0.0,0.0,0.0,3,998.5,996.2,100,13,24,100,1.3,254,15.8,120.0,27.0,93.0,95.0,1051.43,0.06,0.4,12.7,0.391,Napoli,40.8518,14.2681
2026-01-31T18:00,11.8,82,8.8,11.0,0.0,0.0,0.0,0.0,0.0,3,998.5,996.2,100,9,19,100,3.0,343,7.6,63.0,13.0,50.0,101.0,1231.41,0.03,0.25,12.1,0.39,Napoli,40.8518,14.2681
2026-01-31T19:00,11.2,78,7.6,9.0,0.0,0.0,0.0,0.0,0.0,3,998.7,996.4,100,9,8,100,10.5,29,22.7,2.0,0.0,2.0,0.0,0.0,0.02,0.29,11.2,0.39,Napoli,40.8518,14.2681
2026-01-31T20:00,11.0,75,6.8,7.5,0.0,0.0,0.0,0.0,0.0,3,998.6,996.3,100,16,5,100,18.6,45,34.6,0.0,0.0,0.0,0.0,0.0,0.03,0.33,13.0,0.389,Napoli,40.8518,14.2681
2026-01-31T21:00,10.9,75,6.6,7.1,0.0,0.0,0.0,0.0,0.0,3,998.8,996.5,100,25,4,100,19.9,41,46.4,0.0,0.0,0.0,0.0,0.0,0.04,0.33,11.9,0.388,Napoli,40.8518,14.2681
2026-01-31T22:00,10.9,75,6.6,7.4,0.0,0.0,0.0,0.0,0.0,3,999.3,997.0,100,29,5,100,17.6,43,45.7,0.0,0.0,0.0,0.0,0.0,0.03,0.33,11.1,0.387,Napoli,40.8518,14.2681
2026-01-31T23:00,10.9,73,6.2,7.2,0.0,0.0,0.0,0.0,0.0,3,999.6,997.3,100,18,28,100,18.7,40,42.8,0.0,0.0,0.0,0.0,0.0,0.04,0.35,10.6,0.386,Napoli,40.8518,14.2681
2026-02-01T00:00,10.4,73,5.9,6.3,0.0,0.0,0.0,0.0,0.0,3,999.9,997.6,100,13,7,100,20.8,34,47.5,0.0,0.0,0.0,0.0,0.0,0.04,0.34,10.3,0.385,Napoli,40.8518,14.2681
2026-02-01T01:00,9.6,77,5.8,5.9,0.0,0.0,0.0,0.0,0.0,3,1000.2,997.9,100,28,1,100,18.2,30,47.5,0.0,0.0,0.0,0.0,0.0,0.03,0.28,9.9,0.384,Napoli,40.8518,14.2681
2026-02-01T02:00,10.2,75,6.0,6.7,0.0,0.0,0.0,0.0,0.0,3,1000.7,998.4,100,20,95,100,17.3,46,42.1,0.0,0.0,0.0,0.0,0.0,0.03,0.31,11.5,0.382,Napoli,40.8518,14.2681
2026-02-01T03:00,10.3,75,6.0,7.0,0.0,0.0,0.0,0.0,0.0,3,1000.6,998.3,98,9,49,97,15.6,31,40.3,0.0,0.0,0.0,0.0,0.0,0.03,0.32,10.9,0.381,Napoli,40.8518,14.2681
2026-02-01T04:00,9.4,79,5.9,6.7,0.0,0.0,0.0,0.0,0.0,3,1000.7,998.4,100,3,1,100,11.6,4,37.1,0.0,0.0,0.0,0.0,0.0,0.01,0.25,10.2,0.38,Napoli,40.8518,14.2681
2026-02-01T05:00,8.7,79,5.3,5.9,0.0,0.0,0.0,0.0,0.0,3,1000.8,998.5,100,11,0,100,10.8,356,27.4,0.0,0.0,0.0,0.0,0.0,0.01,0.23,9.5,0.38,Napoli,40.8518,14.2681
2026-02-01T06:00,8.3,78,4.8,5.6,0.0,0.0,0.0,0.0,0.0,3,1001.1,998.8,100,5,0,100,9.9,351,26.3,0.0,0.0,0.0,0.0,0.0,0.01,0.24,9.0,0.38,Napoli,40.8518,14.2681
2026-02-01T07:00,8.2,78,4.5,5.7,0.0,0.0,0.0,0.0,0.0,3,1001.6,999.3,100,8,1,100,8.0,344,23.8,0.0,0.0,0.0,0.0,0.0,0.01,0.25,8.5,0.379,Napoli,40.8518,14.2681
2026-02-01T08:00,8.4,76,4.5,5.9,0.0,0.0,0.0,0.0,0.0,3,1002.6,1000.3,100,4,4,100,8.0,354,22.0,0.0,0.0,0.0,0.0,0.0,0.01,0.26,9.9,0.379,Napoli,40.8518,14.2681
2026-02-01T09:00,8.8,78,5.1,6.2,0.0,0.0,0.0,0.0,0.0,3,1003.0,1000.7,98,1,5,98,9.6,356,21.2,24.0,8.0,16.0,100.0,1431.72,0.02,0.25,9.3,0.379,Napoli,40.8518,14.2681
2026-02-01T10:00,10.3,77,6.5,8.0,0.0,0.0,0.0,0.0,0.0,0,1003.6,1001.3,16,1,1,16,9.2,20,22.0,158.0,102.0,56.0,499.5,3600.0,0.07,0.28,9.6,0.378,Napoli,40.8518,14.2681
2026-02-01T11:00,11.7,69,6.2,9.5,0.0,0.0,0.0,0.0,0.0,0,1004.2,1001.9,12,0,0,12,8.2,40,22.0,317.0,245.0,72.0,706.7,3600.0,0.14,0.42,10.5,0.376,Napoli,40.8518,14.2681
2026-02-01T12:00,12.7,62,5.6,10.1,0.0,0.0,0.0,0.0,0.0,1,1004.4,1002.1,27,0,0,27,9.8,44,26.3,440.0,357.0,83.0,788.9,3600.0,0.21,0.55,11.6,0.374,Napoli,40.8518,14.2681
2026-02-01T13:00,13.3,56,4.6,10.4,0.0,0.0,0.0,0.0,0.0,3,1004.2,1001.9,80,0,1,80,10.8,38,28.8,512.0,421.0,91.0,818.4,3600.0,0.25,0.68,12.5,0.371,Napoli,40.8518,14.2681
2026-02-01T14:00,14.3,53,4.8,11.9,0.0,0.0,0.0,0.0,0.0,1,1003.4,1001.1,30,2,13,20,7.8,38,28.8,525.0,426.0,99.0,806.4,3600.0,0.27,0.77,13.1,0.366,Napoli,40.8518,14.2681
2026-02-01T15:00,14.4,52,4.5,12.1,0.0,0.0,0.0,0.0,0.0,1,1003.0,1000.7,20,2,9,10,6.2,12,21.6,455.0,357.0,98.0,724.1,3600.0,0.24,0.79,13.7,0.363,Napoli,40.8518,14.2681
2026-02-01T16:00,14.3,50,4.0,12.2,0.0,0.0,0.0,0.0,0.0,2,1003.1,1000.8,79,1,13,76,4.9,356,18.4,366.0,278.0,88.0,676.1,3600.0,0.19,0.82,13.8,0.361,Napoli,40.8518,14.2681
2026-02-01T17:00,14.0,54,4.9,12.2,0.0,0.0,0.0,0.0,0.0,2,1003.4,1001.1,69,5,25,59,3.3,338,14.0,217.0,135.0,82.0,468.3,3600.0,0.11,0.73,13.5,0.36,Napoli,40.8518,14.2681
2026-02-01T18:00,12.2,68,6.5,10.8,0.0,0.0,0.0,0.0,0.0,3,1003.9,1001.6,95,28,42,90,3.7,23,8.3,82.0,42.0,40.0,316.6,3600.0,0.04,0.46,12.7,0.36,Napoli,40.8518,14.2681
2026-02-01T19:00,10.9,71,5.8,8.8,0.0,0.0,0.0,0.0,0.0,3,1004.8,1002.5,100,34,36,100,7.0,55,15.1,2.0,0.0,2.0,0.0,0.0,0.02,0.38,11.6,0.36,Napoli,40.8518,14.2681
2026-02-01T20:00,10.0,71,5.1,7.6,0.0,0.0,0.0,0.0,0.0,3,1005.0,1002.7,100,12,43,100,7.9,70,17.3,0.0,0.0,0.0,0.0,0.0,0.01,0.35,12.5,0.341,Napoli,40.8518,14.2681
2026-02-01T21:00,9.9,74,5.5,8.1,0.0,0.0,0.0,0.0,0.0,3,1005.3,1003.0,100,13,27,100,4.4,32,16.6,0.0,0.0,0.0,0.0,0.0,0.0,0.32,11.5,0.342,Napoli,40.8518,14.2681
2026-02-01T22:00,9.3,76,5.4,7.5,0.0,0.0,0.0,0.0,0.0,3,1005.7,1003.4,100,16,34,100,4.6,36,10.8,0.0,0.0,0.0,0.0,0.0,0.0,0.28,10.5,0.343,Napoli,40.8518,14.2681
2026-02-01T23:00,8.9,77,5.2,6.8,0.0,0.0,0.0,0.0,0.0,3,1006.4,1004.1,100,38,44,100,6.2,38,13.3,0.0,0.0,0.0,0.0,0.0,0.0,0.26,9.9,0.343,Napoli,40.8518,14.2681
2026-02-02T00:00,8.1,79,4.7,6.0,0.0,0.0,0.0,0.0,0.0,1,1006.9,1004.6,42,37,11,5,5.5,41,13.7,0.0,0.0,0.0,0.0,0.0,0.0,0.23,9.2,0.344,Napoli,40.8518,14.2681
2026-02-02T01:00,7.4,81,4.4,5.3,0.0,0.0,0.0,0.0,0.0,1,1006.9,1004.6,23,21,8,0,5.0,44,11.9,0.0,0.0,0.0,0.0,0.0,0.0,0.19,8.6,0.345,Napoli,40.8518,14.2681
2026-02-02T02:00,7.1,81,4.1,4.9,0.0,0.0,0.0,0.0,0.0,1,1006.7,1004.4,30,21,19,0,5.4,48,10.8,0.0,0.0,0.0,0.0,0.0,0.0,0.19,10.0,0.358,Napoli,40.8518,14.2681
2026-02-02T03:00,7.0,84,4.4,5.1,0.0,0.0,0.0,0.0,0.0,2,1007.1,1004.8,52,38,30,0,3.2,16,12.2,0.0,0.0,0.0,0.0,0.0,0.0,0.16,9.2,0.358,Napoli,40.8518,14.2681
2026-02-02T04:00,6.8,84,4.3,5.3,0.0,0.0,0.0,0.0,0.0,1,1007.1,1004.8,22,16,13,0,0.9,53,6.8,0.0,0.0,0.0,0.0,0.0,0.0,0.15,8.6,0.358,Napoli,40.8518,14.2681
2026-02-02T05:00,6.2,86,4.1,4.4,0.0,0.0,0.0,0.0,0.0,0,1006.8,1004.5,4,4,1,0,2.4,63,5.0,0.0,0.0,0.0,0.0,0.0,0.0,0.13,8.0,0.359,Napoli,40.8518,14.2681
2026-02-02T06:00,5.6,88,3.7,3.8,0.0,0.0,0.0,0.0,0.0,0,1006.8,1004.5,3,3,0,0,2.0,27,5.4,0.0,0.0,0.0,0.0,0.0,0.0,0.11,7.3,0.359,Napoli,40.8518,14.2681
2026-02-02T07:00,5.3,87,3.3,3.3,0.0,0.0,0.0,0.0,0.0,0,1007.0,1004.7,3,3,0,0,2.9,22,7.2,0.0,0.0,0.0,0.0,0.0,0.0,0.12,6.8,0.359,Napoli,40.8518,14.2681
2026-02-02T08:00,4.9,87,2.9,2.9,0.0,0.0,0.0,0.0,0.0,0,1007.5,1005.2,3,3,0,0,2.3,18,7.6,0.0,0.0,0.0,0.0,0.0,0.0,0.11,8.6,0.36,Napoli,40.8518,14.2681
2026-02-02T09:00,5.7,90,4.1,3.8,0.0,0.0,0.0,0.0,0.0,0,1008.2,1005.9,1,1,0,0,3.3,6,9.0,22.0,6.0,16.0,73.4,725.04,0.0,0.09,8.1,0.36,Napoli,40.8518,14.2681
2026-02-02T10:00,7.5,89,5.8,5.9,0.0,0.0,0.0,0.0,0.0,0,1008.6,1006.3,1,1,0,0,3.3,9,11.2,138.0,63.0,75.0,303.4,3600.0,0.05,0.11,8.5,0.359,Napoli,40.8518,14.2681
2026-02-02T11:00,10.1,79,6.7,9.2,0.0,0.0,0.0,0.0,0.0,0,1009.3,1007.0,2,2,0,0,0.2,270,10.8,310.0,217.0,93.0,619.2,3600.0,0.13,0.25,9.7,0.359,Napoli,40.8518,14.2681
2026-02-02T12:00,11.6,73,6.9,10.0,0.0,0.0,0.0,0.0,0.0,0,1009.9,1007.6,0,0,0,0,5.1,231,16.2,447.0,363.0,84.0,795.2,3600.0,0.2,0.37,11.0,0.357,Napoli,40.8518,14.2681
2026-02-02T13:00,12.2,63,5.4,9.8,0.0,0.0,0.0,0.0,0.0,0,1010.2,1007.9,0,0,0,0,8.7,228,23.8,522.0,434.0,88.0,836.8,3600.0,0.24,0.53,12.1,0.355,Napoli,40.8518,14.2681
2026-02-02T14:00,13.2,55,4.3,10.5,0.0,0.0,0.0,0.0,0.0,0,1009.4,1007.1,0,0,0,0,9.1,219,24.5,544.0,458.0,86.0,860.0,3600.0,0.27,0.68,13.6,0.344,Napoli,40.8518,14.2681
2026-02-02T15:00,13.4,53,4.0,10.7,0.0,0.0,0.0,0.0,0.0,0,1009.3,1007.0,0,0,0,0,8.6,233,24.5,501.0,418.0,83.0,840.4,3600.0,0.25,0.72,13.9,0.342,Napoli,40.8518,14.2681
2026-02-02T16:00,13.4,57,5.0,11.0,0.0,0.0,0.0,0.0,0.0,0,1009.7,1007.4,16,16,0,0,7.5,230,23.4,401.0,324.0,77.0,779.7,3600.0,0.2,0.66,13.8,0.34,Napoli,40.8518,14.2681
2026-02-02T17:00,12.9,63,6.0,10.9,0.0,0.0,0.0,0.0,0.0,1,1009.7,1007.4,24,24,0,0,6.3,195,19.8,251.0,180.0,71.0,615.4,3600.0,0.12,0.55,13.4,0.339,Napoli,40.8518,14.2681
2026-02-02T18:00,11.7,74,7.3,10.3,0.0,0.0,0.0,0.0,0.0,0,1010.0,1007.7,13,9,1,4,4.6,149,15.5,95.0,53.0,42.0,387.7,3600.0,0.04,0.36,12.5,0.339,Napoli,40.8518,14.2681
2026-02-02T19:00,11.2,77,7.3,9.4,0.0,0.0,0.0,0.0,0.0,3,1010.2,1007.9,95,1,39,93,7.3,149,14.8,3.0,1.0,2.0,19.1,0.0,0.01,0.31,11.5,0.339,Napoli,40.8518,14.2681
2026-02-02T20:00,11.4,74,6.9,9.4,0.0,0.0,0.0,0.0,0.0,3,1010.5,1008.2,100,25,6,100,8.0,162,22.3,0.0,0.0,0.0,0.0,0.0,0.01,0.35,11.2,0.332,Napoli,40.8518,14.2681
2026-02-02T21:00,11.9,77,7.9,9.8,0.0,0.0,0.0,0.0,0.0,3,1010.8,1008.5,95,2,6,95,10.2,188,21.2,0.0,0.0,0.0,0.0,0.0,0.01,0.32,10.9,0.333,Napoli,40.8518,14.2681
2026-02-02T22:00,11.9,78,8.2,9.8,0.0,0.0,0.0,0.0,0.0,3,1011.2,1008.9,84,28,10,76,11.0,195,22.7,0.0,0.0,0.0,0.0,0.0,0.02,0.31,10.5,0.333,Napoli,40.8518,14.2681
2026-02-02T23:00,12.1,78,8.3,10.0,0.0,0.0,0.0,0.0,0.0,3,1011.3,1009.0,100,38,100,34,11.2,176,25.2,0.0,0.0,0.0,0.0,0.0,0.02,0.31,10.4,0.334,Napoli,40.8518,14.2681
2026-02-03T00:00,12.1,79,8.5,10.2,0.0,0.0,0.0,0.0,0.0,2,1011.7,1009.4,65,36,17,35,10.3,169,23.8,0.0,0.0,0.0,0.0,0.0,0.01,0.3,10.3,0.335,Napoli,40.8518,14.2681
2026-02-03T01:00,11.7,79,8.1,9.9,0.0,0.0,0.0,0.0,0.0,3,1011.6,1009.3,100,100,71,18,8.8,165,22.0,0.0,0.0,0.0,0.0,0.0,0.01,0.29,10.1,0.335,Napoli,40.8518,14.2681
2026-02-03T02:00,12.1,75,7.8,10.0,0.0,0.0,0.0,0.0,0.0,3,1011.5,1009.2,100,100,52,100,10.5,161,27.4,0.0,0.0,0.0,0.0,0.0,0.02,0.36,11.0,0.339,Napoli,40.8518,14.2681
2026-02-03T03:00,12.2,80,8.8,10.0,0.0,0.0,0.0,0.0,0.0,3,1011.4,1009.1,100,78,41,98,12.7,157,27.7,0.0,0.0,0.0,0.0,0.0,0.02,0.29,10.9,0.339,Napoli,40.8518,14.2681
2026-02-03T04:00,12.1,79,8.6,9.8,0.0,0.0,0.0,0.0,0.0,1,1011.2,1008.9,45,41,2,4,12.8,158,28.4,0.0,0.0,0.0,0.0,0.0,0.02,0.29,10.8,0.34,Napoli,40.8518,14.2681
2026-02-03T05:00,11.7,80,8.4,9.5,0.0,0.0,0.0,0.0,0.0,3,1011.1,1008.8,93,87,12,37,11.7,151,27.4,0.0,0.0,0.0,0.0,0.0,0.01,0.27,10.6,0.34,Napoli,40.8518,14.2681
2026-02-03T06:00,11.3,83,8.6,9.4,0.0,0.0,0.0,0.0,0.0,3,1011.0,1008.7,95,66,14,86,10.3,133,24.8,0.0,0.0,0.0,0.0,0.0,0.01,0.23,10.4,0.34,Napoli,40.8518,14.2681
2026-02-03T07:00,10.3,89,8.5,8.6,0.0,0.0,0.0,0.0,0.0,3,1010.7,1008.4,100,14,90,100,9.2,113,22.0,0.0,0.0,0.0,0.0,0.0,0.0,0.14,10.1,0.341,Napoli,40.8518,14.2681
2026-02-03T08:00,9.8,89,8.0,8.4,0.0,0.0,0.0,0.0,0.0,3,1010.9,1008.6,90,4,48,87,6.3,97,19.4,0.0,0.0,0.0,0.0,0.0,0.0,0.14,10.8,0.341,Napoli,40.8518,14.2681
2026-02-03T09:00,9.8,88,7.9,8.4,0.0,0.0,0.0,0.0,0.0,2,1011.0,1008.7,72,0,14,68,5.2,70,14.0,22.0,6.0,16.0,71.9,688.57,0.01,0.14,10.3,0.341,Napoli,40.8518,14.2681
2026-02-03T10:00,11.2,87,9.0,10.1,0.0,0.0,0.0,0.0,0.0,2,1011.1,1008.8,58,0,7,55,5.1,82,13.7,151.0,82.0,69.0,388.2,3600.0,0.06,0.18,10.7,0.341,Napoli,40.8518,14.2681
2026-02-03T11:00,13.5,78,9.7,12.5,0.0,0.0,0.0,0.0,0.0,3,1011.3,1009.0,98,0,20,97,6.1,124,18.0,303.0,217.0,86.0,612.5,3600.0,0.14,0.34,11.7,0.341,Napoli,40.8518,14.2681
2026-02-03T12:00,15.0,68,9.3,12.9,0.0,0.0,0.0,0.0,0.0,3,1011.5,1009.2,92,1,26,91,13.1,144,32.0,399.0,283.0,116.0,614.4,3600.0,0.21,0.54,12.9,0.339,Napoli,40.8518,14.2681
2026-02-03T13:00,15.7,64,8.8,12.7,0.0,0.0,0.0,0.0,0.0,3,1011.2,1008.9,95,9,29,92,18.0,149,42.5,479.0,357.0,122.0,682.8,3600.0,0.25,0.65,13.8,0.337,Napoli,40.8518,14.2681
2026-02-03T14:00,16.0,63,8.9,13.3,0.0,0.0,0.0,0.0,0.0,2,1010.5,1008.2,76,9,44,53,16.5,158,45.4,464.0,307.0,157.0,571.7,3600.0,0.25,0.68,15.4,0.341,Napoli,40.8518,14.2681
2026-02-03T15:00,15.5,69,9.9,13.0,0.0,0.0,0.0,0.0,0.0,2,1010.0,1007.7,74,13,47,48,17.2,157,40.7,452.0,317.0,135.0,631.7,3600.0,0.23,0.55,15.5,0.338,Napoli,40.8518,14.2681
2026-02-03T16:00,15.1,79,11.6,13.0,3.2,3.2,0.0,0.0,0.0,63,1009.8,1007.5,98,14,93,70,17.6,151,41.0,320.0,190.0,130.0,452.5,3600.0,0.16,0.35,15.0,0.375,Napoli,40.8518,14.2681
2026-02-03T17:00,14.8,80,11.3,12.7,0.3,0.3,0.0,0.0,0.0,51,1009.4,1007.1,99,29,77,96,16.8,148,39.6,212.0,107.0,105.0,360.6,3600.0,0.11,0.34,14.6,0.377,Napoli,40.8518,14.2681
2026-02-03T18:00,14.4,81,11.2,12.3,0.0,0.0,0.0,0.0,0.0,3,1009.0,1006.7,100,100,89,99,17.0,150,38.9,63.0,8.0,55.0,56.8,0.0,0.06,0.31,14.1,0.376,Napoli,40.8518,14.2681
2026-02-03T19:00,14.5,85,11.9,12.1,0.1,0.1,0.0,0.0,0.0,51,1009.1,1006.8,100,100,45,100,20.3,162,43.9,2.0,0.0,2.0,0.0,0.0,0.04,0.25,13.7,0.376,Napoli,40.8518,14.2681
2026-02-03T20:00,14.9,86,12.5,13.1,0.1,0.1,0.0,0.0,0.0,51,1009.1,1006.8,100,98,6,100,18.0,166,45.7,0.0,0.0,0.0,0.0,0.0,0.02,0.24,14.7,0.375,Napoli,40.8518,14.2681
2026-02-03T21:00,14.7,90,13.1,13.0,0.1,0.1,0.0,0.0,0.0,51,1009.0,1006.7,100,37,47,100,18.5,167,41.0,0.0,0.0,0.0,0.0,0.0,0.01,0.17,14.2,0.375,Napoli,40.8518,14.2681
2026-02-03T22:00,14.3,92,13.0,12.5,0.1,0.1,0.0,0.0,0.0,51,1008.9,1006.6,100,51,96,100,18.7,172,40.7,0.0,0.0,0.0,0.0,0.0,0.0,0.13,13.9,0.375,Napoli,40.8518,14.2681
2026-02-03T23:00,14.3,91,12.8,12.4,0.2,0.2,0.0,0.0,0.0,51,1008.9,1006.6,100,63,98,100,18.7,172,40.7,0.0,0.0,0.0,0.0,0.0,0.01,0.15,13.6,0.377,Napoli,40.8518,14.2681
2026-02-04T00:00,14.1,92,12.7,12.3,0.2,0.2,0.0,0.0,0.0,51,1008.4,1006.1,100,27,100,100,17.9,174,42.5,0.0,0.0,0.0,0.0,0.0,0.0,0.14,13.5,0.379,Napoli,40.8518,14.2681
2026-02-04T01:00,14.2,90,12.7,12.8,0.3,0.3,0.0,0.0,0.0,51,1007.7,1005.4,100,27,100,100,15.0,161,37.4,0.0,0.0,0.0,0.0,0.0,0.0,0.16,13.3,0.382,Napoli,40.8518,14.2681
2026-02-04T02:00,13.6,90,12.0,12.8,0.1,0.1,0.0,0.0,0.0,51,1006.8,1004.5,98,0,41,98,9.6,118,32.0,0.0,0.0,0.0,0.0,0.0,0.0,0.16,14.7,0.364,Napoli,40.8518,14.2681
2026-02-04T03:00,13.0,91,11.6,12.6,0.0,0.0,0.0,0.0,0.0,3,1005.6,1003.3,100,0,77,100,6.3,75,19.4,0.0,0.0,0.0,0.0,0.0,0.0,0.13,13.8,0.364,Napoli,40.8518,14.2681
2026-02-04T04:00,12.3,91,10.9,11.7,0.0,0.0,0.0,0.0,0.0,3,1004.4,1002.1,100,0,44,100,5.7,62,15.1,0.0,0.0,0.0,0.0,0.0,0.0,0.12,13.1,0.364,Napoli,40.8518,14.2681
2026-02-04T05:00,11.8,90,10.3,10.8,0.0,0.0,0.0,0.0,0.0,3,1003.4,1001.1,100,0,100,99,7.3,30,15.1,0.0,0.0,0.0,0.0,0.0,0.0,0.14,12.5,0.364,Napoli,40.8518,14.2681
2026-02-04T06:00,12.1,87,10.0,11.2,0.0,0.0,0.0,0.0,0.0,3,1002.3,1000.0,100,0,97,100,6.3,59,17.3,0.0,0.0,0.0,0.0,0.0,0.0,0.18,12.1,0.363,Napoli,40.8518,14.2681
2026-02-04T07:00,12.3,84,9.7,11.4,0.0,0.0,0.0,0.0,0.0,3,1001.1,998.8,100,0,68,100,5.4,98,21.2,0.0,0.0,0.0,0.0,0.0,0.0,0.22,11.8,0.363,Napoli,40.8518,14.2681
2026-02-04T08:00,14.1,70,8.7,11.6,0.0,0.0,0.0,0.0,0.0,3,1000.2,997.9,100,0,100,100,14.7,131,23.8,0.0,0.0,0.0,0.0,0.0,0.04,0.48,14.0,0.345,Napoli,40.8518,14.2681
2026-02-04T09:00,14.8,66,8.4,12.5,0.0,0.0,0.0,0.0,0.0,3,999.7,997.4,100,0,98,100,12.3,140,33.1,18.0,3.0,15.0,35.2,0.0,0.06,0.58,13.5,0.344,Napoli,40.8518,14.2681
2026-02-04T10:00,14.9,67,8.8,12.9,0.0,0.0,0.0,0.0,0.0,3,998.9,996.7,100,0,80,100,11.1,129,28.4,64.0,11.0,53.0,51.2,0.0,0.08,0.56,13.3,0.344,Napoli,40.8518,14.2681
2026-02-04T11:00,15.5,64,8.6,13.1,0.0,0.0,0.0,0.0,0.0,3,997.9,995.7,100,20,36,100,13.5,128,31.3,166.0,13.0,153.0,36.3,0.0,0.13,0.64,13.6,0.343,Napoli,40.8518,14.2681
2026-02-04T12:00,14.9,68,9.0,11.1,0.2,0.2,0.0,0.0,0.0,51,996.7,994.5,100,42,99,100,24.3,129,53.3,197.0,22.0,175.0,47.3,0.0,0.15,0.55,13.8,0.344,Napoli,40.8518,14.2681
2026-02-04T13:00,14.4,85,11.9,11.8,1.9,1.9,0.0,0.0,0.0,61,995.1,992.9,100,14,100,100,21.5,125,55.8,200.0,13.0,187.0,24.7,0.0,0.11,0.25,13.8,0.364,Napoli,40.8518,14.2681
2026-02-04T14:00,13.3,96,12.6,10.5,2.2,2.2,0.0,0.0,0.0,61,994.6,992.3,100,88,65,100,24.7,143,54.7,222.0,22.0,200.0,40.6,0.0,0.08,0.07,13.8,0.376,Napoli,40.8518,14.2681
2026-02-04T15:00,12.9,93,11.8,9.1,5.1,5.1,0.0,0.0,0.0,63,993.7,991.4,100,96,100,100,29.9,155,60.1,117.0,1.0,116.0,2.0,0.0,0.06,0.11,13.4,0.439,Napoli,40.8518,14.2681
2026-02-04T16:00,12.5,88,10.7,10.3,3.2,3.2,0.0,0.0,0.0,63,992.9,990.6,100,96,100,100,16.3,185,59.8,24.0,0.0,24.0,0.0,0.0,0.04,0.17,12.9,0.434,Napoli,40.8518,14.2681
2026-02-04T17:00,12.3,94,11.3,10.9,0.4,0.4,0.0,0.0,0.0,51,992.9,990.6,100,35,95,100,11.7,191,32.0,45.0,0.0,45.0,0.0,0.0,0.03,0.09,12.6,0.425,Napoli,40.8518,14.2681
2026-02-04T18:00,11.7,87,9.6,9.7,5.5,5.5,0.0,0.0,0.0,63,992.8,990.5,100,64,87,100,12.9,205,31.0,31.0,0.0,31.0,0.0,0.0,0.04,0.18,12.3,0.426,Napoli,40.8518,14.2681
2026-02-04T19:00,10.9,92,9.6,8.6,0.5,0.5,0.0,0.0,0.0,53,991.8,989.5,100,91,62,100,14.7,217,31.3,3.0,0.0,3.0,0.0,0.0,0.01,0.1,11.8,0.42,Napoli,40.8518,14.2681
2026-02-04T20:00,11.4,91,10.0,8.5,0.2,0.2,0.0,0.0,0.0,51,991.9,989.6,99,66,41,96,20.0,232,30.2,0.0,0.0,0.0,0.0,0.0,0.01,0.12,12.2,0.409,Napoli,40.8518,14.2681
2026-02-04T21:00,11.1,91,9.6,8.1,1.4,1.4,0.0,0.0,0.0,61,992.6,990.3,98,39,72,88,19.8,245,45.0,0.0,0.0,0.0,0.0,0.0,0.01,0.12,11.8,0.415,Napoli,40.8518,14.2681
2026-02-04T22:00,10.8,91,9.4,8.0,0.3,0.3,0.0,0.0,0.0,51,993.8,991.5,99,88,59,82,17.5,248,46.8,0.0,0.0,0.0,0.0,0.0,0.0,0.12,11.4,0.413,Napoli,40.8518,14.2681
2026-02-04T23:00,10.4,91,9.0,8.2,0.4,0.4,0.0,0.0,0.0,51,994.2,991.9,99,40,91,96,12.6,251,40.3,0.0,0.0,0.0,0.0,0.0,0.0,0.11,11.2,0.411,Napoli,40.8518,14.2681
2026-02-05T00:00,10.5,93,9.4,9.5,0.3,0.3,0.0,0.0,0.0,51,994.0,991.7,100,100,2,45,6.1,267,28.8,0.0,0.0,0.0,0.0,0.0,0.0,0.09,10.9,0.409,Napoli,40.8518,14.2681
2026-02-05T01:00,10.6,93,9.5,8.8,2.6,2.6,0.0,0.0,0.0,63,994.2,991.9,91,34,44,79,11.7,259,27.4,0.0,0.0,0.0,0.0,0.0,0.0,0.09,10.9,0.409,Napoli,40.8518,14.2681
2026-02-05T02:00,11.2,85,8.8,8.0,1.3,1.3,0.0,0.0,0.0,61,994.5,992.2,100,30,48,100,19.1,261,28.4,0.0,0.0,0.0,0.0,0.0,0.02,0.2,12.3,0.401,Napoli,40.8518,14.2681
2026-02-05T03:00,11.1,86,8.8,8.9,0.2,0.2,0.0,0.0,0.0,51,994.4,992.1,100,31,77,99,12.3,266,40.0,0.0,0.0,0.0,0.0,0.0,0.01,0.18,11.6,0.402,Napoli,40.8518,14.2681
2026-02-05T04:00,10.3,91,8.8,8.1,0.5,0.5,0.0,0.0,0.0,53,994.9,992.6,100,52,95,91,12.6,251,27.7,0.0,0.0,0.0,0.0,0.0,0.0,0.12,11.2,0.406,Napoli,40.8518,14.2681
2026-02-05T05:00,10.5,90,8.9,9.2,0.4,0.4,0.0,0.0,0.0,51,994.8,992.5,100,0,100,42,6.3,265,26.6,0.0,0.0,0.0,0.0,0.0,0.0,0.13,10.9,0.408,Napoli,40.8518,14.2681
2026-02-05T06:00,10.2,93,9.1,9.0,0.8,0.8,0.0,0.0,0.0,53,994.8,992.5,100,47,100,53,6.6,227,14.0,0.0,0.0,0.0,0.0,0.0,0.0,0.09,10.7,0.407,Napoli,40.8518,14.2681
2026-02-05T07:00,10.7,92,9.4,9.7,0.5,0.5,0.0,0.0,0.0,53,994.9,992.6,87,31,81,23,5.4,255,14.4,0.0,0.0,0.0,0.0,0.0,0.0,0.1,10.6,0.407,Napoli,40.8518,14.2681
2026-02-05T08:00,10.2,92,9.0,9.6,0.1,0.1,0.0,0.0,0.0,51,995.2,992.9,99,13,98,0,2.0,180,11.5,0.0,0.0,0.0,0.0,0.0,0.0,0.1,10.2,0.407,Napoli,40.8518,14.2681
2026-02-05T09:00,10.6,90,9.1,10.0,0.0,0.0,0.0,0.0,0.0,3,995.7,993.4,99,27,98,0,2.2,189,5.8,15.0,1.0,14.0,11.5,0.0,0.01,0.12,10.2,0.405,Napoli,40.8518,14.2681
2026-02-05T10:00,11.7,90,10.2,11.0,0.0,0.0,0.0,0.0,0.0,1,996.2,993.9,45,20,32,0,5.0,229,11.5,94.0,14.0,80.0,64.1,121.97,0.05,0.13,10.7,0.403,Napoli,40.8518,14.2681
2026-02-05T11:00,12.6,83,9.8,11.3,0.0,0.0,0.0,0.0,0.0,1,996.6,994.3,27,17,25,0,8.1,233,26.6,259.0,157.0,102.0,433.5,3600.0,0.12,0.24,11.5,0.402,Napoli,40.8518,14.2681
2026-02-05T12:00,13.3,76,9.3,11.7,0.1,0.1,0.0,0.0,0.0,51,997.3,995.0,27,23,20,0,9.6,249,25.2,368.0,247.0,121.0,526.8,3600.0,0.18,0.36,12.5,0.4,Napoli,40.8518,14.2681
2026-02-05T13:00,13.7,74,9.1,11.9,0.0,0.0,0.0,0.0,0.0,0,997.8,995.5,15,5,11,0,10.6,266,31.0,444.0,320.0,124.0,602.0,3600.0,0.21,0.42,13.4,0.397,Napoli,40.8518,14.2681
2026-02-05T14:00,14.6,66,8.3,12.5,0.0,0.0,0.0,0.0,0.0,0,997.7,995.5,16,5,14,0,11.2,226,32.8,501.0,381.0,120.0,698.0,3600.0,0.25,0.57,14.9,0.389,Napoli,40.8518,14.2681
2026-02-05T15:00,14.5,65,8.0,12.5,0.0,0.0,0.0,0.0,0.0,0,997.5,995.3,5,5,4,0,10.3,237,29.2,471.0,364.0,107.0,712.7,3600.0,0.24,0.58,15.1,0.386,Napoli,40.8518,14.2681
2026-02-05T16:00,14.3,67,8.2,12.5,0.0,0.0,0.0,0.0,0.0,0,998.0,995.7,3,3,0,0,9.0,239,26.6,397.0,308.0,89.0,718.4,3600.0,0.2,0.54,15.1,0.383,Napoli,40.8518,14.2681
2026-02-05T17:00,13.8,69,8.3,11.9,0.0,0.0,0.0,0.0,0.0,0,998.7,996.4,12,0,0,12,9.8,238,23.4,265.0,195.0,70.0,638.7,3600.0,0.13,0.48,14.7,0.381,Napoli,40.8518,14.2681
2026-02-05T18:00,12.9,78,9.3,11.6,0.0,0.0,0.0,0.0,0.0,3,999.4,997.1,100,5,0,100,7.9,259,24.1,105.0,63.0,42.0,423.0,3600.0,0.05,0.32,13.9,0.38,Napoli,40.8518,14.2681
2026-02-05T19:00,12.0,84,9.4,11.1,0.0,0.0,0.0,0.0,0.0,3,999.5,997.2,100,8,0,100,4.4,251,17.6,5.0,0.0,5.0,0.0,0.0,0.0,0.22,12.9,0.38,Napoli,40.8518,14.2681
2026-02-05T20:00,11.7,84,9.1,10.7,0.0,0.0,0.0,0.0,0.0,3,1000.0,997.7,100,21,5,100,4.6,211,10.1,0.0,0.0,0.0,0.0,0.0,0.0,0.22,13.1,0.38,Napoli,40.8518,14.2681
2026-02-05T21:00,11.8,84,9.1,11.0,0.0,0.0,0.0,0.0,0.0,3,999.5,997.2,100,10,9,100,3.6,174,10.4,0.0,0.0,0.0,0.0,0.0,0.0,0.23,12.3,0.379,Napoli,40.8518,14.2681
2026-02-05T22:00,12.3,80,8.9,10.6,0.0,0.0,0.0,0.0,0.0,3,1000.4,998.1,97,48,71,91,9.7,219,19.1,0.0,0.0,0.0,0.0,0.0,0.01,0.29,11.9,0.379,Napoli,40.8518,14.2681
2026-02-05T23:00,12.7,78,8.9,10.4,0.0,0.0,0.0,0.0,0.0,3,1000.1,997.8,100,27,100,54,13.2,208,27.7,0.0,0.0,0.0,0.0,0.0,0.02,0.32,11.7,0.379,Napoli,40.8518,14.2681
2026-02-06T00:00,12.7,78,9.0,10.2,0.1,0.1,0.0,0.0,0.0,51,999.6,997.3,100,0,100,25,15.1,195,33.8,0.0,0.0,0.0,0.0,0.0,0.02,0.32,11.7,0.379,Napoli,40.8518,14.2681
2026-02-06T01:00,12.3,84,9.6,9.7,0.8,0.8,0.0,0.0,0.0,53,998.9,996.6,100,7,100,90,17.2,164,36.4,0.0,0.0,0.0,0.0,0.0,0.02,0.24,11.6,0.387,Napoli,40.8518,14.2681
2026-02-06T02:00,12.4,86,10.0,9.5,0.3,0.3,0.0,0.0,0.0,51,997.7,995.4,100,100,100,98,19.6,169,41.4,0.0,0.0,0.0,0.0,0.0,0.02,0.21,12.4,0.407,Napoli,40.8518,14.2681
2026-02-06T03:00,12.5,90,10.9,8.9,1.9,1.9,0.0,0.0,0.0,61,996.3,994.0,100,100,100,55,26.3,170,55.4,0.0,0.0,0.0,0.0,0.0,0.01,0.15,12.1,0.412,Napoli,40.8518,14.2681
2026-02-06T04:00,12.8,93,11.7,8.4,2.3,2.3,0.0,0.0,0.0,61,994.4,992.1,88,32,57,63,33.2,167,71.6,0.0,0.0,0.0,0.0,0.0,0.01,0.1,12.1,0.41,Napoli,40.8518,14.2681
2026-02-06T05:00,12.8,92,11.5,8.2,3.0,3.0,0.0,0.0,0.0,63,992.6,990.3,100,100,23,46,34.2,170,78.1,0.0,0.0,0.0,0.0,0.0,0.01,0.12,12.0,0.409,Napoli,40.8518,14.2681
2026-02-06T06:00,13.9,96,13.3,11.0,6.8,6.8,0.0,0.0,0.0,63,992.0,989.8,100,100,67,45,27.1,223,79.6,0.0,0.0,0.0,0.0,0.0,0.0,0.06,12.2,0.407,Napoli,40.8518,14.2681
2026-02-06T07:00,14.1,92,12.8,10.9,0.9,0.9,0.0,0.0,0.0,53,992.7,990.5,100,100,13,45,27.9,259,66.6,0.0,0.0,0.0,0.0,0.0,0.01,0.13,12.6,0.406,Napoli,40.8518,14.2681
2026-02-06T08:00,14.1,88,12.1,11.8,0.0,0.0,0.0,0.0,0.0,0,993.1,990.9,12,6,10,2,20.1,254,59.8,0.0,0.0,0.0,0.0,0.0,0.01,0.19,15.4,0.396,Napoli,40.8518,14.2681
2026-02-06T09:00,14.7,85,12.2,12.5,0.1,0.1,0.0,0.0,0.0,51,994.0,991.8,9,2,6,1,20.0,262,50.8,23.0,10.0,13.0,112.3,1899.46,0.04,0.25,14.5,0.396,Napoli,40.8518,14.2681
2026-02-06T10:00,15.3,79,11.7,12.8,0.7,0.7,0.0,0.0,0.0,53,994.4,992.2,17,11,13,1,21.0,257,50.8,144.0,84.0,60.0,377.9,3600.0,0.09,0.36,14.3,0.401,Napoli,40.8518,14.2681
2026-02-06T11:00,14.2,76,10.1,10.4,1.9,1.9,0.0,0.0,0.0,61,995.8,993.6,63,39,41,20,26.3,277,64.8,277.0,175.0,102.0,477.9,3600.0,0.14,0.38,14.4,0.405,Napoli,40.8518,14.2681
2026-02-06T12:00,15.8,74,11.1,12.7,3.1,3.1,0.0,0.0,0.0,63,996.1,993.9,12,11,2,0,23.9,276,59.4,360.0,238.0,122.0,503.0,3600.0,0.19,0.47,14.5,0.404,Napoli,40.8518,14.2681
2026-02-06T13:00,16.2,64,9.4,11.2,0.2,0.2,0.0,0.0,0.0,51,996.5,994.3,18,14,13,0,33.1,278,76.0,453.0,327.0,126.0,610.1,3600.0,0.25,0.67,15.0,0.401,Napoli,40.8518,14.2681
2026-02-06T14:00,15.5,79,11.9,13.6,0.7,0.7,0.0,0.0,0.0,53,996.3,994.1,37,22,21,5,16.9,272,78.1,499.0,387.0,112.0,703.2,3600.0,0.23,0.36,16.2,0.39,Napoli,40.8518,14.2681
2026-02-06T15:00,16.0,69,10.4,12.1,0.2,0.2,0.0,0.0,0.0,51,996.6,994.4,24,5,21,0,27.4,277,69.1,356.0,239.0,117.0,463.9,3600.0,0.2,0.56,16.0,0.389,Napoli,40.8518,14.2681
2026-02-06T16:00,16.4,67,10.4,12.5,0.0,0.0,0.0,0.0,0.0,0,997.0,994.8,16,2,14,0,27.5,269,76.7,353.0,254.0,99.0,586.4,3600.0,0.2,0.61,15.9,0.386,Napoli,40.8518,14.2681
2026-02-06T17:00,15.9,70,10.4,11.8,0.1,0.1,0.0,0.0,0.0,51,997.8,995.6,23,10,22,0,28.9,274,67.7,241.0,165.0,76.0,533.0,3600.0,0.15,0.54,15.6,0.384,Napoli,40.8518,14.2681
2026-02-06T18:00,15.0,73,10.1,11.4,0.1,0.1,0.0,0.0,0.0,51,998.6,996.4,15,15,0,0,24.9,275,64.8,101.0,56.0,45.0,365.9,3600.0,0.09,0.46,15.0,0.383,Napoli,40.8518,14.2681
2026-02-06T19:00,14.4,75,10.1,11.1,0.0,0.0,0.0,0.0,0.0,1,999.6,997.3,39,39,0,0,23.0,277,56.2,5.0,1.0,4.0,19.1,0.0,0.06,0.41,14.3,0.382,Napoli,40.8518,14.2681
2026-02-06T20:00,14.7,75,10.3,11.7,0.0,0.0,0.0,0.0,0.0,0,1000.2,997.9,19,18,1,0,21.1,268,51.8,0.0,0.0,0.0,0.0,0.0,0.05,0.42,15.4,0.368,Napoli,40.8518,14.2681
2026-02-06T21:00,14.5,78,10.6,11.9,0.0,0.0,0.0,0.0,0.0,0,1001.0,998.7,5,5,0,0,19.1,266,47.2,0.0,0.0,0.0,0.0,0.0,0.04,0.37,14.6,0.367,Napoli,40.8518,14.2681
2026-02-06T22:00,14.0,80,10.7,11.9,0.0,0.0,0.0,0.0,0.0,0,1001.6,999.3,1,1,1,0,15.8,271,43.2,0.0,0.0,0.0,0.0,0.0,0.02,0.32,14.0,0.367,Napoli,40.8518,14.2681
2026-02-06T23:00,13.7,84,11.1,12.0,0.0,0.0,0.0,0.0,0.0,0,1002.4,1000.1,13,12,2,0,13.5,266,36.4,0.0,0.0,0.0,0.0,0.0,0.01,0.25,13.4,0.367,Napoli,40.8518,14.2681
2026-02-07T00:00,13.4,87,11.3,12.2,0.0,0.0,0.0,0.0,0.0,0,1003.2,1000.9,1,0,0,0,10.7,261,30.2,0.0,0.0,0.0,0.0,0.0,0.0,0.2,13.0,0.368,Napoli,40.8518,14.2681
2026-02-07T01:00,13.3,88,11.4,11.8,0.0,0.0,0.0,0.0,0.0,0,1004.0,1001.7,8,8,0,0,13.2,263,27.7,0.0,0.0,0.0,0.0,0.0,0.0,0.18,12.7,0.368,Napoli,40.8518,14.2681
2026-02-07T02:00,13.3,85,10.8,10.6,0.2,0.2,0.0,0.0,0.0,51,1004.3,1002.0,15,15,2,0,19.7,265,38.5,0.0,0.0,0.0,0.0,0.0,0.02,0.23,14.4,0.376,Napoli,40.8518,14.2681
2026-02-07T03:00,13.5,79,10.0,10.9,0.0,0.0,0.0,0.0,0.0,1,1005.0,1002.7,20,20,2,0,17.7,261,42.1,0.0,0.0,0.0,0.0,0.0,0.03,0.32,13.6,0.376,Napoli,40.8518,14.2681
2026-02-07T04:00,13.5,78,9.8,10.8,0.0,0.0,0.0,0.0,0.0,1,1005.5,1003.2,30,30,2,0,18.3,264,40.3,0.0,0.0,0.0,0.0,0.0,0.03,0.34,13.2,0.375,Napoli,40.8518,14.2681
2026-02-07T05:00,13.2,81,10.0,10.6,0.1,0.1,0.0,0.0,0.0,51,1006.0,1003.7,28,19,14,0,17.4,265,40.7,0.0,0.0,0.0,0.0,0.0,0.02,0.29,12.9,0.376,Napoli,40.8518,14.2681
2026-02-07T06:00,12.9,82,9.8,10.7,0.1,0.1,0.0,0.0,0.0,51,1006.4,1004.1,30,23,13,0,14.2,267,37.4,0.0,0.0,0.0,0.0,0.0,0.02,0.27,12.6,0.376,Napoli,40.8518,14.2681
2026-02-07T07:00,12.7,82,9.7,10.9,0.0,0.0,0.0,0.0,0.0,1,1006.8,1004.5,27,27,0,0,11.5,274,30.6,0.0,0.0,0.0,0.0,0.0,0.01,0.27,12.2,0.376,Napoli,40.8518,14.2681
2026-02-07T08:00,12.2,84,9.5,11.0,0.0,0.0,0.0,0.0,0.0,1,1007.2,1004.9,35,32,5,0,6.9,264,24.8,0.0,0.0,0.0,0.0,0.0,0.0,0.23,12.5,0.374,Napoli,40.8518,14.2681
2026-02-07T09:00,12.4,86,10.2,12.1,0.0,0.0,0.0,0.0,0.0,1,1007.3,1005.0,32,23,5,6,2.7,262,15.5,31.0,13.0,18.0,142.9,2847.73,0.01,0.2,12.2,0.374,Napoli,40.8518,14.2681
2026-02-07T10:00,14.0,78,10.2,13.5,0.0,0.0,0.0,0.0,0.0,3,1007.5,1005.2,88,9,4,87,3.7,219,10.1,166.0,98.0,68.0,433.4,3600.0,0.08,0.35,12.8,0.374,Napoli,40.8518,14.2681
2026-02-07T11:00,14.8,69,9.2,12.8,0.2,0.2,0.0,0.0,0.0,51,1008.3,1006.0,41,13,30,14,12.1,215,28.8,301.0,187.0,114.0,505.1,3600.0,0.16,0.52,13.5,0.374,Napoli,40.8518,14.2681
2026-02-07T12:00,15.2,64,8.4,12.8,0.1,0.1,0.0,0.0,0.0,51,1008.5,1006.2,25,5,19,14,13.0,197,33.5,378.0,267.0,111.0,559.2,3600.0,0.21,0.62,14.2,0.372,Napoli,40.8518,14.2681
2026-02-07T13:00,15.6,63,8.6,13.5,0.0,0.0,0.0,0.0,0.0,2,1007.7,1005.4,66,4,12,63,12.1,174,32.0,494.0,385.0,109.0,712.4,3600.0,0.26,0.66,15.0,0.369,Napoli,40.8518,14.2681
2026-02-07T14:00,15.3,76,11.1,13.0,0.0,0.0,0.0,0.0,0.0,3,1007.0,1004.7,93,16,24,90,17.9,175,37.1,532.0,408.0,124.0,735.4,3600.0,0.24,0.41,16.3,0.36,Napoli,40.8518,14.2681
2026-02-07T15:00,14.9,77,10.9,12.7,0.2,0.2,0.0,0.0,0.0,51,1006.4,1004.1,100,35,34,100,17.0,185,47.2,389.0,211.0,178.0,406.0,3600.0,0.19,0.38,16.1,0.361,Napoli,40.8518,14.2681
2026-02-07T16:00,14.2,79,10.6,12.1,0.2,0.2,0.0,0.0,0.0,51,1006.0,1003.7,100,20,25,100,15.6,188,42.8,245.0,114.0,131.0,260.5,3600.0,0.13,0.35,15.6,0.361,Napoli,40.8518,14.2681
2026-02-07T17:00,13.9,77,10.0,11.9,0.2,0.2,0.0,0.0,0.0,51,1005.7,1003.4,100,27,51,100,13.8,204,39.6,178.0,41.0,137.0,130.6,2118.57,0.1,0.36,15.1,0.363,Napoli,40.8518,14.2681
2026-02-07T18:00,13.1,87,11.0,11.9,0.1,0.1,0.0,0.0,0.0,51,1005.8,1003.5,100,55,51,100,9.6,230,32.8,65.0,9.0,56.0,57.3,0.0,0.04,0.19,14.5,0.363,Napoli,40.8518,14.2681
2026-02-07T19:00,12.1,93,11.0,11.2,2.7,2.7,0.0,0.0,0.0,63,1006.0,1003.7,100,80,38,100,8.1,282,23.0,3.0,0.0,3.0,0.0,0.0,0.01,0.1,13.8,0.397,Napoli,40.8518,14.2681
2026-02-07T20:00,11.6,95,10.8,10.1,1.7,1.7,0.0,0.0,0.0,61,1007.0,1004.7,100,87,93,96,11.8,298,23.8,0.0,0.0,0.0,0.0,0.0,0.0,0.07,14.8,0.381,Napoli,40.8518,14.2681
2026-02-07T21:00,11.8,93,10.8,10.1,0.0,0.0,0.0,0.0,0.0,3,1006.9,1004.6,100,25,79,100,13.5,293,29.5,0.0,0.0,0.0,0.0,0.0,0.0,0.09,13.8,0.382,Napoli,40.8518,14.2681
2026-02-07T22:00,11.8,92,10.6,10.2,0.0,0.0,0.0,0.0,0.0,3,1007.4,1005.1,98,28,83,96,11.6,296,30.6,0.0,0.0,0.0,0.0,0.0,0.0,0.11,13.1,0.382,Napoli,40.8518,14.2681
2026-02-07T23:00,11.7,91,10.3,10.0,0.0,0.0,0.0,0.0,0.0,3,1007.7,1005.4,90,7,6,88,12.1,293,27.7,0.0,0.0,0.0,0.0,0.0,0.0,0.13,12.6,0.381,Napoli,40.8518,14.2681
2026-02-08T00:00,11.3,90,9.7,9.8,0.0,0.0,0.0,0.0,0.0,0,1007.9,1005.6,5,3,0,1,10.1,290,27.4,0.0,0.0,0.0,0.0,0.0,0.0,0.14,12.1,0.381,Napoli,40.8518,14.2681
2026-02-08T01:00,11.1,89,9.4,9.3,0.0,0.0,0.0,0.0,0.0,1,1008.0,1005.7,23,8,6,12,11.5,279,25.2,0.0,0.0,0.0,0.0,0.0,0.0,0.15,11.7,0.38,Napoli,40.8518,14.2681
2026-02-08T02:00,11.1,90,9.5,9.8,0.0,0.0,0.0,0.0,0.0,1,1007.8,1005.5,40,12,23,22,8.2,248,27.0,0.0,0.0,0.0,0.0,0.0,0.0,0.14,11.1,0.359,Napoli,40.8518,14.2681
2026-02-08T03:00,11.0,88,9.0,8.8,0.0,0.0,0.0,0.0,0.0,2,1007.8,1005.5,55,30,30,23,12.7,235,23.8,0.0,0.0,0.0,0.0,0.0,0.0,0.16,10.9,0.36,Napoli,40.8518,14.2681
2026-02-08T04:00,10.8,91,9.4,8.6,0.1,0.1,0.0,0.0,0.0,51,1008.2,1005.9,78,42,30,57,14.3,256,32.8,0.0,0.0,0.0,0.0,0.0,0.0,0.12,10.9,0.361,Napoli,40.8518,14.2681
2026-02-08T05:00,10.7,90,9.2,8.5,0.0,0.0,0.0,0.0,0.0,1,1008.3,1006.0,46,27,27,14,13.6,278,31.7,0.0,0.0,0.0,0.0,0.0,0.0,0.12,10.8,0.362,Napoli,40.8518,14.2681
2026-02-08T06:00,10.4,91,9.1,8.2,0.1,0.1,0.0,0.0,0.0,51,1008.7,1006.4,57,26,48,13,13.5,291,30.6,0.0,0.0,0.0,0.0,0.0,0.0,0.11,10.7,0.363,Napoli,40.8518,14.2681
2026-02-08T07:00,10.6,88,8.7,8.8,0.0,0.0,0.0,0.0,0.0,2,1008.8,1006.5,55,45,20,0,10.1,289,29.2,0.0,0.0,0.0,0.0,0.0,0.0,0.15,10.6,0.363,Napoli,40.8518,14.2681
2026-02-08T08:00,10.8,90,9.3,9.2,0.1,0.1,0.0,0.0,0.0,51,1008.7,1006.4,19,13,15,0,9.4,269,22.0,0.0,0.0,0.0,0.0,0.0,0.0,0.13,10.8,0.366,Napoli,40.8518,14.2681
2026-02-08T09:00,11.3,89,9.5,10.1,0.0,0.0,0.0,0.0,0.0,1,1008.9,1006.6,23,13,16,0,7.0,280,20.2,31.0,13.0,18.0,139.8,2802.54,0.01,0.15,10.8,0.367,Napoli,40.8518,14.2681
2026-02-08T10:00,12.4,87,10.3,11.5,0.0,0.0,0.0,0.0,0.0,1,1009.2,1006.9,20,16,10,4,6.6,286,17.3,161.0,94.0,67.0,408.6,3600.0,0.07,0.19,11.4,0.367,Napoli,40.8518,14.2681
2026-02-08T11:00,13.4,79,9.8,12.2,0.1,0.1,0.0,0.0,0.0,51,1009.3,1007.0,97,20,13,95,7.6,285,21.2,321.0,232.0,89.0,619.7,3600.0,0.15,0.33,12.3,0.366,Napoli,40.8518,14.2681
2026-02-08T12:00,14.2,72,9.2,12.5,0.1,0.1,0.0,0.0,0.0,51,1009.7,1007.4,88,15,29,81,10.0,255,25.6,462.0,365.0,97.0,757.6,3600.0,0.22,0.45,13.5,0.366,Napoli,40.8518,14.2681
2026-02-08T13:00,14.3,68,8.5,12.2,0.2,0.2,0.0,0.0,0.0,51,1009.6,1007.3,100,27,34,100,11.6,257,29.2,448.0,309.0,139.0,567.1,3600.0,0.23,0.52,14.1,0.366,Napoli,40.8518,14.2681
2026-02-08T14:00,14.0,68,8.1,11.5,0.6,0.6,0.0,0.0,0.0,53,1009.3,1007.0,100,17,80,100,13.4,228,33.8,395.0,162.0,233.0,289.6,3600.0,0.21,0.52,14.7,0.385,Napoli,40.8518,14.2681
2026-02-08T15:00,13.9,65,7.3,10.9,0.6,0.6,0.0,0.0,0.0,53,1009.0,1006.7,100,26,100,100,15.4,224,37.1,332.0,108.0,224.0,206.0,3600.0,0.19,0.56,14.6,0.388,Napoli,40.8518,14.2681
2026-02-08T16:00,13.6,66,7.3,11.0,0.2,0.2,0.0,0.0,0.0,51,1008.8,1006.5,100,20,100,100,12.6,226,36.0,142.0,8.0,134.0,18.1,0.0,0.11,0.53,14.0,0.388,Napoli,40.8518,14.2681
2026-02-08T17:00,12.9,68,7.2,10.5,0.0,0.0,0.0,0.0,0.0,3,1009.0,1006.7,100,12,100,100,11.7,224,28.8,95.0,2.0,93.0,6.3,0.0,0.09,0.47,13.5,0.386,Napoli,40.8518,14.2681
2026-02-08T18:00,12.4,72,7.5,10.6,0.0,0.0,0.0,0.0,0.0,3,1008.7,1006.4,100,1,100,79,7.7,213,25.6,37.0,0.0,37.0,0.0,0.0,0.05,0.41,12.9,0.385,Napoli,40.8518,14.2681
2026-02-08T19:00,11.8,78,8.0,10.7,0.0,0.0,0.0,0.0,0.0,3,1008.3,1006.0,99,0,81,97,3.8,191,16.6,4.0,0.0,4.0,0.0,0.0,0.01,0.31,12.3,0.384,Napoli,40.8518,14.2681
2026-02-08T20:00,12.2,69,6.7,10.3,0.0,0.0,0.0,0.0,0.0,3,1008.4,1006.1,100,18,100,98,7.6,194,13.3,0.0,0.0,0.0,0.0,0.0,0.02,0.44,13.8,0.372,Napoli,40.8518,14.2681
2026-02-08T21:00,11.9,78,8.1,10.0,0.0,0.0,0.0,0.0,0.0,3,1008.1,1005.8,100,97,100,100,10.0,186,21.6,0.0,0.0,0.0,0.0,0.0,0.01,0.31,13.1,0.372,Napoli,40.8518,14.2681
2026-02-08T22:00,11.9,79,8.3,9.9,0.2,0.2,0.0,0.0,0.0,51,1007.8,1005.5,100,86,100,100,10.5,174,24.5,0.0,0.0,0.0,0.0,0.0,0.01,0.29,12.5,0.373,Napoli,40.8518,14.2681
2026-02-08T23:00,11.4,83,8.7,9.1,0.3,0.3,0.0,0.0,0.0,51,1007.6,1005.3,100,99,100,100,13.0,174,27.7,0.0,0.0,0.0,0.0,0.0,0.01,0.22,12.1,0.375,Napoli,40.8518,14.2681
2026-02-09T00:00,11.5,85,9.2,9.7,0.3,0.3,0.0,0.0,0.0,51,1007.2,1004.9,100,100,100,99,11.2,183,28.1,0.0,0.0,0.0,0.0,0.0,0.0,0.2,11.8,0.378,Napoli,40.8518,14.2681
2026-02-09T01:00,11.1,90,9.5,9.0,1.1,1.1,0.0,0.0,0.0,55,1007.0,1004.7,100,84,100,100,13.0,178,26.6,0.0,0.0,0.0,0.0,0.0,0.0,0.13,11.6,0.39,Napoli,40.8518,14.2681
2026-02-09T02:00,10.7,94,9.8,9.5,1.2,1.2,0.0,0.0,0.0,55,1006.6,1004.3,100,99,100,100,7.6,155,28.1,0.0,0.0,0.0,0.0,0.0,0.0,0.07,11.1,0.424,Napoli,40.8518,14.2681
2026-02-09T03:00,10.5,95,9.8,9.8,2.7,2.7,0.0,0.0,0.0,63,1005.8,1003.5,100,100,100,99,4.6,81,18.4,0.0,0.0,0.0,0.0,0.0,0.0,0.06,11.0,0.42,Napoli,40.8518,14.2681
2026-02-09T04:00,10.2,95,9.4,8.7,1.3,1.3,0.0,0.0,0.0,61,1005.0,1002.7,100,100,100,100,9.2,113,19.4,0.0,0.0,0.0,0.0,0.0,0.0,0.06,10.8,0.415,Napoli,40.8518,14.2681
2026-02-09T05:00,9.9,97,9.5,8.6,0.9,0.9,0.0,0.0,0.0,53,1004.5,1002.2,100,100,100,100,8.1,95,20.9,0.0,0.0,0.0,0.0,0.0,0.0,0.03,10.7,0.412,Napoli,40.8518,14.2681
2026-02-09T06:00,9.7,96,9.1,8.3,1.5,1.5,0.0,0.0,0.0,61,1004.2,1001.9,100,100,100,98,7.7,53,16.9,0.0,0.0,0.0,0.0,0.0,0.0,0.05,10.6,0.409,Napoli,40.8518,14.2681
2026-02-09T07:00,9.5,95,8.8,8.4,2.8,2.8,0.0,0.0,0.0,63,1004.1,1001.8,100,100,100,98,5.6,65,16.6,0.0,0.0,0.0,0.0,0.0,0.0,0.06,10.4,0.407,Napoli,40.8518,14.2681
2026-02-09T08:00,9.8,97,9.4,8.5,2.5,2.5,0.0,0.0,0.0,63,1004.3,1002.0,100,100,99,100,7.5,98,16.2,0.0,0.0,0.0,0.0,0.0,0.0,0.03,10.3,0.406,Napoli,40.8518,14.2681
2026-02-09T09:00,9.9,96,9.3,8.6,0.6,0.6,0.0,0.0,0.0,53,1004.3,1002.0,100,7,89,100,7.5,66,15.5,11.0,0.0,11.0,0.0,0.0,0.01,0.05,10.3,0.405,Napoli,40.8518,14.2681
2026-02-09T10:00,10.7,92,9.5,9.6,0.0,0.0,0.0,0.0,0.0,3,1004.4,1002.1,100,7,34,100,6.3,53,18.0,106.0,22.0,84.0,94.0,1020.57,0.05,0.1,10.6,0.403,Napoli,40.8518,14.2681
2026-02-09T11:00,11.8,83,9.0,10.9,0.0,0.0,0.0,0.0,0.0,2,1004.7,1002.4,77,14,52,45,4.4,78,15.1,276.0,151.0,125.0,398.8,3600.0,0.13,0.24,11.4,0.401,Napoli,40.8518,14.2681
2026-02-09T12:00,12.9,73,8.2,12.0,0.0,0.0,0.0,0.0,0.0,1,1004.8,1002.5,41,13,36,1,2.7,94,14.8,434.0,300.0,134.0,617.1,3600.0,0.21,0.4,12.6,0.398,Napoli,40.8518,14.2681
2026-02-09T13:00,13.4,69,7.9,12.3,0.0,0.0,0.0,0.0,0.0,3,1004.9,1002.6,87,45,57,53,3.3,131,14.4,482.0,313.0,169.0,569.7,3600.0,0.24,0.47,13.8,0.395,Napoli,40.8518,14.2681
2026-02-09T14:00,13.4,67,7.5,11.7,0.0,0.0,0.0,0.0,0.0,3,1004.3,1002.0,100,88,94,100,7.5,33,14.4,468.0,316.0,152.0,560.4,3600.0,0.23,0.5,13.2,0.397,Napoli,40.8518,14.2681
2026-02-09T15:00,14.0,64,7.4,12.4,0.0,0.0,0.0,0.0,0.0,3,1003.9,1001.6,98,21,35,98,6.2,22,20.9,289.0,80.0,209.0,151.3,2738.35,0.17,0.57,13.7,0.394,Napoli,40.8518,14.2681
2026-02-09T16:00,14.2,63,7.3,12.8,0.0,0.0,0.0,0.0,0.0,3,1004.0,1001.7,99,10,34,98,4.8,53,17.6,300.0,156.0,144.0,349.4,3600.0,0.16,0.6,14.0,0.391,Napoli,40.8518,14.2681
2026-02-09T17:00,14.1,64,7.4,12.9,0.0,0.0,0.0,0.0,0.0,3,1004.0,1001.7,100,6,19,100,3.2,128,14.4,225.0,128.0,97.0,396.9,3600.0,0.11,0.57,14.0,0.389,Napoli,40.8518,14.2681
2026-02-09T18:00,12.8,78,9.0,12.1,0.0,0.0,0.0,0.0,0.0,2,1004.7,1002.4,70,23,0,62,3.0,237,9.4,106.0,55.0,51.0,332.7,3600.0,0.04,0.33,13.4,0.388,Napoli,40.8518,14.2681
2026-02-09T19:00,11.4,82,8.4,10.3,0.0,0.0,0.0,0.0,0.0,1,1005.3,1003.0,40,34,13,9,4.6,279,10.4,8.0,2.0,6.0,34.6,0.0,0.0,0.24,12.4,0.387,Napoli,40.8518,14.2681
2026-02-09T20:00,11.0,90,9.4,10.5,0.0,0.0,0.0,0.0,0.0,2,1005.7,1003.4,65,31,63,2,2.1,290,10.1,0.0,0.0,0.0,0.0,0.0,0.0,0.13,13.1,0.387,Napoli,40.8518,14.2681
2026-02-09T21:00,11.0,88,9.1,10.2,0.0,0.0,0.0,0.0,0.0,2,1006.1,1003.8,63,20,58,10,3.7,299,7.6,0.0,0.0,0.0,0.0,0.0,0.0,0.15,12.1,0.386,Napoli,40.8518,14.2681
2026-02-09T22:00,10.8,88,8.9,9.8,0.0,0.0,0.0,0.0,0.0,2,1006.7,1004.4,55,13,34,21,4.5,323,9.7,0.0,0.0,0.0,0.0,0.0,0.0,0.15,11.5,0.386,Napoli,40.8518,14.2681
2026-02-09T23:00,10.0,91,8.7,9.2,0.0,0.0,0.0,0.0,0.0,1,1006.9,1004.6,41,13,30,2,3.1,347,9.4,0.0,0.0,0.0,0.0,0.0,0.0,0.11,10.9,0.385,Napoli,40.8518,14.2681
2026-02-10T00:00,9.1,93,8.1,8.2,0.0,0.0,0.0,0.0,0.0,1,1006.9,1004.6,37,9,30,0,2.5,4,6.8,0.0,0.0,0.0,0.0,0.0,0.0,0.08,10.3,0.385,Napoli,40.8518,14.2681
2026-02-10T01:00,8.8,93,7.7,8.1,0.0,0.0,0.0,0.0,0.0,1,1007.0,1004.7,20,8,13,0,0.8,315,5.0,0.0,0.0,0.0,0.0,0.0,0.0,0.08,9.7,0.385,Napoli,40.8518,14.2681
2026-02-10T02:00,9.6,91,8.2,8.7,0.0,0.0,0.0,0.0,0.0,1,1007.1,1004.8,36,16,20,3,2.9,202,3.2,0.0,0.0,0.0,0.0,0.0,0.0,0.1,11.8,0.382,Napoli,40.8518,14.2681
2026-02-10T03:00,10.0,92,8.7,9.5,0.0,0.0,0.0,0.0,0.0,1,1007.1,1004.8,25,24,0,0,0.6,252,6.5,0.0,0.0,0.0,0.0,0.0,0.0,0.1,11.0,0.382,Napoli,40.8518,14.2681
2026-02-10T04:00,9.2,94,8.3,8.5,0.0,0.0,0.0,0.0,0.0,1,1007.1,1004.8,28,27,3,0,1.5,97,2.9,0.0,0.0,0.0,0.0,0.0,0.0,0.06,10.2,0.382,Napoli,40.8518,14.2681
2026-02-10T05:00,8.6,91,7.2,7.7,0.1,0.1,0.0,0.0,0.0,51,1007.0,1004.7,41,32,15,0,1.5,7,3.2,0.0,0.0,0.0,0.0,0.0,0.0,0.1,9.7,0.382,Napoli,40.8518,14.2681
2026-02-10T06:00,8.3,88,6.3,7.2,0.2,0.2,0.0,0.0,0.0,51,1007.3,1005.0,48,31,27,9,0.9,79,4.3,0.0,0.0,0.0,0.0,0.0,0.0,0.14,9.2,0.384,Napoli,40.8518,14.2681
2026-02-10T07:00,8.5,86,6.4,6.9,0.0,0.0,0.0,0.0,0.0,1,1007.2,1004.9,28,13,17,0,4.9,82,9.4,0.0,0.0,0.0,0.0,0.0,0.0,0.15,8.9,0.384,Napoli,40.8518,14.2681
2026-02-10T08:00,8.4,93,7.4,7.1,0.0,0.0,0.0,0.0,0.0,1,1007.1,1004.8,46,41,23,0,3.7,133,10.1,0.0,0.0,0.0,0.0,0.0,0.0,0.07,9.5,0.384,Napoli,40.8518,14.2681
2026-02-10T09:00,10.0,89,8.4,8.9,0.0,0.0,0.0,0.0,0.0,1,1007.5,1005.2,45,38,26,2,4.9,152,9.0,34.0,14.0,20.0,144.3,3038.9,0.01,0.13,9.4,0.383,Napoli,40.8518,14.2681
2026-02-10T10:00,11.8,87,9.6,10.8,0.0,0.0,0.0,0.0,0.0,2,1007.8,1005.5,58,16,31,39,6.1,166,14.8,161.0,94.0,67.0,394.9,3600.0,0.07,0.18,10.2,0.383,Napoli,40.8518,14.2681
2026-02-10T11:00,12.6,82,9.6,11.0,0.0,0.0,0.0,0.0,0.0,1,1007.8,1005.5,34,23,18,1,9.7,177,24.1,296.0,192.0,104.0,501.5,3600.0,0.13,0.26,11.2,0.382,Napoli,40.8518,14.2681
2026-02-10T12:00,13.0,75,8.6,10.8,2.6,2.6,0.0,0.0,0.0,63,1008.1,1005.8,57,30,47,0,12.3,191,29.2,371.0,249.0,122.0,507.6,3600.0,0.18,0.38,12.0,0.409,Napoli,40.8518,14.2681
2026-02-10T13:00,11.7,87,9.7,10.2,3.3,3.3,0.0,0.0,0.0,63,1008.5,1006.2,86,77,46,0,10.0,187,31.3,261.0,74.0,187.0,133.6,2207.89,0.12,0.18,12.0,0.407,Napoli,40.8518,14.2681
2026-02-10T14:00,12.5,84,9.9,11.1,0.1,0.1,0.0,0.0,0.0,51,1007.6,1005.3,100,87,24,100,9.4,187,28.4,409.0,218.0,191.0,383.5,3600.0,0.19,0.23,13.3,0.397,Napoli,40.8518,14.2681
2026-02-10T15:00,12.9,81,9.6,11.5,0.1,0.1,0.0,0.0,0.0,51,1006.9,1004.6,100,52,29,100,8.3,202,26.6,377.0,213.0,164.0,399.3,3600.0,0.18,0.29,13.6,0.395,Napoli,40.8518,14.2681
2026-02-10T16:00,12.1,81,8.8,10.3,2.2,2.2,0.0,0.0,0.0,61,1006.6,1004.3,100,36,47,100,9.9,207,25.9,231.0,74.0,157.0,164.1,3123.33,0.12,0.27,13.3,0.406,Napoli,40.8518,14.2681
2026-02-10T17:00,12.3,82,9.3,11.2,0.0,0.0,0.0,0.0,0.0,3,1006.8,1004.5,100,21,11,100,6.1,212,23.0,184.0,43.0,141.0,131.6,2147.85,0.09,0.26,13.0,0.403,Napoli,40.8518,14.2681
2026-02-10T18:00,11.8,85,9.3,10.7,0.0,0.0,0.0,0.0,0.0,3,1006.6,1004.3,100,16,2,100,6.2,206,18.0,76.0,14.0,62.0,82.7,679.74,0.04,0.21,12.5,0.401,Napoli,40.8518,14.2681
2026-02-10T19:00,10.8,89,9.1,10.1,0.0,0.0,0.0,0.0,0.0,1,1006.8,1004.5,37,21,18,6,2.9,191,12.6,7.0,0.0,7.0,0.0,0.0,0.0,0.14,11.7,0.399,Napoli,40.8518,14.2681
2026-02-10T20:00,10.4,93,9.3,9.6,0.0,0.0,0.0,0.0,0.0,2,1007.2,1004.9,59,16,28,38,3.6,177,6.1,0.0,0.0,0.0,0.0,0.0,0.0,0.09,12.1,0.387,Napoli,40.8518,14.2681
2026-02-10T21:00,10.1,92,8.9,9.2,0.0,0.0,0.0,0.0,0.0,3,1007.2,1004.9,99,18,23,99,4.1,178,9.0,0.0,0.0,0.0,0.0,0.0,0.0,0.1,11.3,0.387,Napoli,40.8518,14.2681
2026-02-10T22:00,10.4,90,8.8,9.4,0.1,0.1,0.0,0.0,0.0,51,1007.2,1004.9,73,16,45,48,5.0,193,11.9,0.0,0.0,0.0,0.0,0.0,0.0,0.13,10.7,0.387,Napoli,40.8518,14.2681
2026-02-10T23:00,10.5,87,8.5,9.1,0.3,0.3,0.0,0.0,0.0,51,1007.2,1004.9,66,52,45,0,6.6,213,14.8,0.0,0.0,0.0,0.0,0.0,0.0,0.16,10.4,0.389,Napoli,40.8518,14.2681
2026-02-11T00:00,10.0,92,8.8,8.9,0.2,0.2,0.0,0.0,0.0,51,1007.0,1004.7,95,73,62,61,5.3,225,13.3,0.0,0.0,0.0,0.0,0.0,0.0,0.1,10.1,0.391,Napoli,40.8518,14.2681
2026-02-11T01:00,10.1,93,9.0,9.2,0.1,0.1,0.0,0.0,0.0,51,1006.8,1004.5,98,87,77,48,4.5,230,11.9,0.0,0.0,0.0,0.0,0.0,0.0,0.09,10.0,0.392,Napoli,40.8518,14.2681
2026-02-11T02:00,10.3,89,8.6,9.2,0.1,0.1,0.0,0.0,0.0,51,1005.9,1003.6,100,31,100,46,4.9,178,10.4,0.0,0.0,0.0,0.0,0.0,0.0,0.14,10.3,0.384,Napoli,40.8518,14.2681
2026-02-11T03:00,10.6,91,9.2,9.2,0.1,0.1,0.0,0.0,0.0,51,1005.6,1003.3,100,41,100,97,8.0,200,17.6,0.0,0.0,0.0,0.0,0.0,0.0,0.11,10.2,0.384,Napoli,40.8518,14.2681
2026-02-11T04:00,10.6,92,9.4,9.3,0.1,0.1,0.0,0.0,0.0,51,1004.8,1002.5,100,88,28,100,7.7,192,16.2,0.0,0.0,0.0,0.0,0.0,0.0,0.1,10.2,0.385,Napoli,40.8518,14.2681
2026-02-11T05:00,10.3,94,9.3,8.4,0.1,0.1,0.0,0.0,0.0,51,1004.2,1001.9,100,38,100,100,11.1,200,20.9,0.0,0.0,0.0,0.0,0.0,0.0,0.08,10.1,0.386,Napoli,40.8518,14.2681
2026-02-11T06:00,11.0,90,9.5,9.4,0.1,0.1,0.0,0.0,0.0,51,1003.6,1001.3,100,26,100,100,9.7,195,23.8,0.0,0.0,0.0,0.0,0.0,0.0,0.13,10.2,0.386,Napoli,40.8518,14.2681
2026-02-11T07:00,11.1,91,9.7,9.0,0.3,0.3,0.0,0.0,0.0,51,1002.8,1000.5,100,19,100,100,13.6,197,26.3,0.0,0.0,0.0,0.0,0.0,0.0,0.12,10.3,0.388,Napoli,40.8518,14.2681
2026-02-11T08:00,11.2,92,10.0,9.7,0.2,0.2,0.0,0.0,0.0,51,1002.0,999.7,100,72,100,100,10.0,174,28.1,0.0,0.0,0.0,0.0,0.0,0.0,0.1,10.9,0.388,Napoli,40.8518,14.2681
2026-02-11T09:00,11.3,92,10.1,9.2,1.3,1.3,0.0,0.0,0.0,61,1001.5,999.2,100,100,100,98,14.4,171,29.9,9.0,0.0,9.0,0.0,0.0,0.02,0.1,10.9,0.403,Napoli,40.8518,14.2681
2026-02-11T10:00,11.4,91,10.0,9.2,1.2,1.2,0.0,0.0,0.0,55,1000.5,998.2,100,99,100,100,15.0,156,33.8,24.0,0.0,24.0,0.0,0.0,0.03,0.12,10.8,0.403,Napoli,40.8518,14.2681
2026-02-11T11:00,11.8,93,10.7,9.6,1.3,1.3,0.0,0.0,0.0,61,999.7,997.4,100,91,100,100,16.0,139,33.1,53.0,0.0,53.0,0.0,0.0,0.04,0.1,11.0,0.402,Napoli,40.8518,14.2681
2026-02-11T12:00,11.6,96,11.1,10.3,3.2,3.2,0.0,0.0,0.0,63,999.2,996.9,100,100,100,99,11.5,122,34.6,61.0,0.0,61.0,0.0,0.0,0.04,0.05,11.1,0.401,Napoli,40.8518,14.2681
2026-02-11T13:00,12.0,97,11.5,11.3,4.4,4.4,0.0,0.0,0.0,63,998.4,996.1,100,100,98,100,7.5,107,26.3,79.0,2.0,77.0,3.6,0.0,0.05,0.05,11.3,0.4,Napoli,40.8518,14.2681
2026-02-11T14:00,12.8,89,11.0,12.6,1.4,1.4,0.0,0.0,0.0,61,997.9,995.6,100,100,100,100,3.8,315,22.3,157.0,5.0,152.0,8.7,0.0,0.09,0.17,11.8,0.406,Napoli,40.8518,14.2681
2026-02-11T15:00,12.2,96,11.6,11.6,2.5,2.5,0.0,0.0,0.0,63,997.7,995.4,100,100,100,100,7.6,353,25.2,61.0,0.0,61.0,0.0,0.0,0.04,0.06,11.8,0.398,Napoli,40.8518,14.2681
2026-02-11T16:00,12.3,95,11.5,11.6,0.9,0.9,0.0,0.0,0.0,53,997.8,995.5,100,100,95,100,7.6,326,18.0,70.0,0.0,70.0,0.0,0.0,0.05,0.07,11.8,0.398,Napoli,40.8518,14.2681
2026-02-11T17:00,12.5,91,11.0,12.0,0.0,0.0,0.0,0.0,0.0,3,998.0,995.7,100,6,69,100,5.2,358,19.8,103.0,3.0,100.0,9.1,0.0,0.06,0.14,12.0,0.397,Napoli,40.8518,14.2681
2026-02-11T18:00,12.0,95,11.3,12.3,0.0,0.0,0.0,0.0,0.0,2,998.4,996.1,78,3,1,77,0.5,360,14.8,79.0,11.0,68.0,63.4,102.76,0.03,0.06,11.9,0.396,Napoli,40.8518,14.2681
2026-02-11T19:00,10.4,96,9.8,9.8,0.0,0.0,0.0,0.0,0.0,0,998.8,996.5,16,0,11,5,4.1,195,10.4,9.0,2.0,7.0,32.3,0.0,0.0,0.05,11.2,0.394,Napoli,40.8518,14.2681
2026-02-11T20:00,10.7,95,9.9,10.2,0.0,0.0,0.0,0.0,0.0,2,999.7,997.4,65,21,29,50,3.6,229,15.1,0.0,0.0,0.0,0.0,0.0,0.0,0.07,12.9,0.373,Napoli,40.8518,14.2681
2026-02-11T21:00,11.2,95,10.4,10.7,0.0,0.0,0.0,0.0,0.0,1,999.7,997.4,27,20,8,7,4.2,263,11.2,0.0,0.0,0.0,0.0,0.0,0.0,0.07,12.1,0.373,Napoli,40.8518,14.2681
2026-02-11T22:00,10.6,96,10.0,10.2,0.0,0.0,0.0,0.0,0.0,1,999.8,997.5,32,30,1,2,3.2,317,11.5,0.0,0.0,0.0,0.0,0.0,0.0,0.05,11.4,0.374,Napoli,40.8518,14.2681
2026-02-11T23:00,10.3,96,9.7,10.1,0.0,0.0,0.0,0.0,0.0,1,999.8,997.5,38,34,1,4,1.2,297,9.7,0.0,0.0,0.0,0.0,0.0,0.0,0.05,10.9,0.374,Napoli,40.8518,14.2681
2026-02-12T00:00,9.8,98,9.5,9.1,0.0,0.0,0.0,0.0,0.0,1,999.8,997.5,40,25,0,20,4.2,216,10.8,0.0,0.0,0.0,0.0,0.0,0.0,0.02,10.3,0.374,Napoli,40.8518,14.2681
2026-02-12T01:00,10.5,96,9.9,9.8,0.0,0.0,0.0,0.0,0.0,1,999.8,997.5,34,23,0,13,4.5,254,11.9,0.0,0.0,0.0,0.0,0.0,0.0,0.05,10.0,0.374,Napoli,40.8518,14.2681
2026-02-12T02:00,10.0,100,10.0,9.4,0.0,0.0,0.0,0.0,0.0,3,999.5,997.2,95,91,0,33,4.1,195,11.5,0.0,0.0,0.0,0.0,0.0,0.0,0.0,10.0,0.392,Napoli,40.8518,14.2681
2026-02-12T03:00,9.9,100,9.8,9.3,0.0,0.0,0.0,0.0,0.0,3,998.9,996.6,100,88,1,100,3.8,197,9.7,0.0,0.0,0.0,0.0,0.0,0.0,0.0,9.7,0.391,Napoli,40.8518,14.2681
2026-02-12T04:00,11.3,96,10.7,10.6,0.0,0.0,0.0,0.0,0.0,3,998.2,995.9,100,48,13,100,6.1,230,13.0,0.0,0.0,0.0,0.0,0.0,0.0,0.05,9.7,0.39,Napoli,40.8518,14.2681
2026-02-12T05:00,11.4,95,10.7,10.6,0.0,0.0,0.0,0.0,0.0,3,996.5,994.2,100,9,5,100,7.2,233,15.1,0.0,0.0,0.0,0.0,0.0,0.0,0.07,10.0,0.39,Napoli,40.8518,14.2681
2026-02-12T06:00,11.9,94,11.0,10.4,0.0,0.0,0.0,0.0,0.0,3,995.6,993.3,100,9,34,100,12.6,245,25.2,0.0,0.0,0.0,0.0,0.0,0.0,0.08,10.3,0.389,Napoli,40.8518,14.2681
2026-02-12T07:00,12.4,90,10.8,10.5,1.3,1.3,0.0,0.0,0.0,61,994.5,992.2,100,2,84,100,14.4,246,33.8,0.0,0.0,0.0,0.0,0.0,0.0,0.14,10.7,0.398,Napoli,40.8518,14.2681
2026-02-12T08:00,11.9,88,10.1,10.1,0.8,0.8,0.0,0.0,0.0,53,993.5,991.2,100,91,100,100,12.8,214,29.2,0.0,0.0,0.0,0.0,0.0,0.0,0.16,11.4,0.394,Napoli,40.8518,14.2681
2026-02-12T09:00,12.5,85,10.0,9.6,0.3,0.3,0.0,0.0,0.0,51,992.6,990.3,100,48,100,95,19.9,198,39.6,8.0,0.0,8.0,0.0,0.0,0.04,0.22,11.3,0.397,Napoli,40.8518,14.2681
2026-02-12T10:00,13.0,82,10.0,9.7,0.8,0.8,0.0,0.0,0.0,53,991.4,989.2,100,66,100,100,22.7,203,47.5,44.0,0.0,44.0,0.0,0.0,0.06,0.26,11.3,0.397,Napoli,40.8518,14.2681
2026-02-12T11:00,12.8,89,10.9,10.2,3.7,3.7,0.0,0.0,0.0,63,989.8,987.6,100,100,100,99,19.1,201,50.0,47.0,0.0,47.0,0.0,0.0,0.05,0.17,11.4,0.396,Napoli,40.8518,14.2681
2026-02-12T12:00,12.6,93,11.5,8.7,3.3,3.3,0.0,0.0,0.0,63,987.8,985.6,100,98,100,100,29.6,185,59.4,67.0,0.0,67.0,0.0,0.0,0.04,0.1,11.6,0.396,Napoli,40.8518,14.2681
2026-02-12T13:00,13.6,86,11.3,10.1,0.8,0.8,0.0,0.0,0.0,53,986.6,984.4,98,27,16,98,26.7,268,59.4,72.0,0.0,72.0,0.0,0.0,0.07,0.22,11.8,0.396,Napoli,40.8518,14.2681
2026-02-12T14:00,13.0,84,10.3,10.0,1.1,1.1,0.0,0.0,0.0,55,987.2,985.0,100,31,100,100,21.2,284,63.4,362.0,129.0,233.0,223.3,3600.0,0.15,0.24,12.3,0.396,Napoli,40.8518,14.2681
2026-02-12T15:00,13.6,80,10.3,10.8,0.3,0.3,0.0,0.0,0.0,51,986.5,984.3,100,5,43,100,19.8,280,48.6,176.0,15.0,161.0,27.6,0.0,0.11,0.31,12.5,0.395,Napoli,40.8518,14.2681
2026-02-12T16:00,13.9,76,9.7,11.5,0.7,0.7,0.0,0.0,0.0,53,986.2,984.0,84,0,13,80,15.3,269,46.8,261.0,73.0,188.0,158.8,2962.6,0.14,0.38,12.7,0.394,Napoli,40.8518,14.2681
2026-02-12T17:00,13.7,76,9.5,11.8,0.0,0.0,0.0,0.0,0.0,3,986.1,983.9,83,3,14,80,11.6,276,36.7,243.0,147.0,96.0,438.4,3600.0,0.12,0.38,13.0,0.392,Napoli,40.8518,14.2681
2026-02-12T18:00,13.0,80,9.6,10.9,0.0,0.0,0.0,0.0,0.0,2,986.5,984.3,75,0,2,75,13.6,281,30.6,118.0,60.0,58.0,338.0,3600.0,0.06,0.3,12.7,0.39,Napoli,40.8518,14.2681
2026-02-12T19:00,12.4,82,9.5,9.9,0.0,0.0,0.0,0.0,0.0,2,987.3,985.1,72,1,3,71,16.0,293,37.8,11.0,3.0,8.0,47.0,89.78,0.02,0.25,12.1,0.389,Napoli,40.8518,14.2681
2026-02-12T20:00,12.7,73,7.9,8.7,0.0,0.0,0.0,0.0,0.0,3,988.8,986.6,100,2,100,100,23.0,290,44.6,0.0,0.0,0.0,0.0,0.0,0.05,0.4,13.5,0.388,Napoli,40.8518,14.2681
2026-02-12T21:00,12.6,80,9.3,10.1,0.6,0.6,0.0,0.0,0.0,53,988.9,986.7,100,9,72,100,15.6,284,51.8,0.0,0.0,0.0,0.0,0.0,0.02,0.29,12.7,0.393,Napoli,40.8518,14.2681
2026-02-12T22:00,13.0,75,8.7,9.2,0.0,0.0,0.0,0.0,0.0,3,989.3,987.1,100,18,70,100,23.5,289,51.1,0.0,0.0,0.0,0.0,0.0,0.05,0.37,12.2,0.391,Napoli,40.8518,14.2681
2026-02-12T23:00,12.6,80,9.2,9.4,0.0,0.0,0.0,0.0,0.0,3,989.5,987.3,100,0,38,100,19.9,297,54.0,0.0,0.0,0.0,0.0,0.0,0.03,0.29,12.0,0.39,Napoli,40.8518,14.2681
2026-02-13T00:00,12.0,81,8.9,10.0,0.0,0.0,0.0,0.0,0.0,3,990.0,987.7,100,1,7,100,11.5,312,44.3,0.0,0.0,0.0,0.0,0.0,0.01,0.26,11.6,0.389,Napoli,40.8518,14.2681
2026-02-13T01:00,11.7,82,8.8,10.2,0.0,0.0,0.0,0.0,0.0,3,990.3,988.0,98,0,0,98,7.7,311,27.0,0.0,0.0,0.0,0.0,0.0,0.0,0.24,11.2,0.388,Napoli,40.8518,14.2681
2026-02-13T02:00,12.9,75,8.6,9.0,0.0,0.0,0.0,0.0,0.0,0,990.9,988.7,1,0,1,1,23.7,294,22.0,0.0,0.0,0.0,0.0,0.0,0.05,0.37,12.9,0.381,Napoli,40.8518,14.2681
2026-02-13T03:00,12.8,75,8.5,9.2,0.0,0.0,0.0,0.0,0.0,0,991.0,988.8,0,0,0,0,22.2,294,52.9,0.0,0.0,0.0,0.0,0.0,0.04,0.37,12.3,0.379,Napoli,40.8518,14.2681
2026-02-13T04:00,12.3,78,8.7,9.4,0.0,0.0,0.0,0.0,0.0,0,991.3,989.0,0,0,0,0,17.8,297,49.3,0.0,0.0,0.0,0.0,0.0,0.03,0.31,11.8,0.379,Napoli,40.8518,14.2681
2026-02-13T05:00,11.8,80,8.4,9.4,0.0,0.0,0.0,0.0,0.0,0,991.6,989.3,0,0,0,0,13.8,297,40.0,0.0,0.0,0.0,0.0,0.0,0.02,0.28,11.4,0.378,Napoli,40.8518,14.2681
2026-02-13T06:00,11.7,82,8.7,8.8,0.0,0.0,0.0,0.0,0.0,0,992.1,989.8,1,1,0,0,17.3,300,40.0,0.0,0.0,0.0,0.0,0.0,0.02,0.25,11.0,0.378,Napoli,40.8518,14.2681
2026-02-13T07:00,11.4,81,8.2,9.0,0.0,0.0,0.0,0.0,0.0,0,992.4,990.1,2,1,0,2,13.2,310,41.8,0.0,0.0,0.0,0.0,0.0,0.01,0.26,10.7,0.377,Napoli,40.8518,14.2681
2026-02-13T08:00,10.1,87,8.0,8.0,0.0,0.0,0.0,0.0,0.0,0,992.8,990.5,2,1,0,1,10.7,315,32.8,0.0,0.0,0.0,0.0,0.0,0.0,0.16,11.6,0.377,Napoli,40.8518,14.2681
2026-02-13T09:00,9.9,90,8.4,8.3,0.0,0.0,0.0,0.0,0.0,0,993.4,991.1,1,1,0,0,8.3,321,25.9,46.0,22.0,24.0,212.9,3317.89,0.01,0.12,11.1,0.376,Napoli,40.8518,14.2681
2026-02-13T10:00,11.4,86,9.2,10.3,0.0,0.0,0.0,0.0,0.0,0,994.3,992.0,0,0,0,0,5.9,325,20.2,193.0,120.0,73.0,479.0,3600.0,0.08,0.18,11.6,0.375,Napoli,40.8518,14.2681
2026-02-13T11:00,12.7,80,9.3,11.4,0.0,0.0,0.0,0.0,0.0,0,995.4,993.1,0,0,0,0,7.3,337,21.6,361.0,276.0,85.0,697.0,3600.0,0.16,0.29,12.5,0.374,Napoli,40.8518,14.2681
2026-02-13T12:00,13.8,74,9.3,12.8,0.0,0.0,0.0,0.0,0.0,0,996.0,993.7,0,0,0,0,5.7,347,21.6,492.0,401.0,91.0,795.4,3600.0,0.24,0.41,13.6,0.371,Napoli,40.8518,14.2681
2026-02-13T13:00,14.7,69,9.1,14.0,0.0,0.0,0.0,0.0,0.0,0,996.3,994.1,0,0,0,0,3.4,317,19.4,565.0,467.0,98.0,822.5,3600.0,0.29,0.51,14.8,0.368,Napoli,40.8518,14.2681
2026-02-13T14:00,15.6,69,9.9,14.4,0.0,0.0,0.0,0.0,0.0,0,996.5,994.3,0,0,0,0,8.9,277,18.0,581.0,480.0,101.0,824.1,3600.0,0.29,0.55,15.9,0.36,Napoli,40.8518,14.2681
2026-02-13T15:00,15.8,67,9.7,13.5,0.0,0.0,0.0,0.0,0.0,0,996.6,994.4,19,0,6,13,14.8,293,36.7,547.0,454.0,93.0,829.8,3600.0,0.27,0.59,16.2,0.357,Napoli,40.8518,14.2681
2026-02-13T16:00,15.7,67,9.7,13.6,0.0,0.0,0.0,0.0,0.0,0,996.6,994.4,10,3,9,1,13.8,299,37.4,426.0,334.0,92.0,719.3,3600.0,0.22,0.58,16.1,0.355,Napoli,40.8518,14.2681
2026-02-13T17:00,15.1,75,10.8,13.4,0.0,0.0,0.0,0.0,0.0,0,996.9,994.7,11,2,2,8,13.1,293,33.5,285.0,207.0,78.0,609.4,3600.0,0.14,0.42,15.6,0.353,Napoli,40.8518,14.2681
2026-02-13T18:00,14.2,83,11.4,13.2,0.0,0.0,0.0,0.0,0.0,3,997.5,995.2,96,0,1,96,9.9,282,31.0,136.0,85.0,51.0,468.0,3600.0,0.06,0.28,14.9,0.353,Napoli,40.8518,14.2681
2026-02-13T19:00,12.9,88,10.9,12.5,0.0,0.0,0.0,0.0,0.0,3,998.3,996.0,100,0,1,100,4.4,258,22.7,12.0,3.0,9.0,45.5,50.87,0.0,0.18,13.8,0.353,Napoli,40.8518,14.2681
2026-02-13T20:00,12.7,89,10.9,12.4,0.0,0.0,0.0,0.0,0.0,3,998.3,996.0,98,0,0,98,3.6,153,10.8,0.0,0.0,0.0,0.0,0.0,0.0,0.16,13.8,0.341,Napoli,40.8518,14.2681
2026-02-13T21:00,13.0,89,11.2,12.1,0.0,0.0,0.0,0.0,0.0,3,998.9,996.6,80,0,1,80,8.8,192,17.6,0.0,0.0,0.0,0.0,0.0,0.0,0.17,12.9,0.342,Napoli,40.8518,14.2681
2026-02-13T22:00,13.0,88,11.0,12.0,0.0,0.0,0.0,0.0,0.0,3,999.1,996.8,100,12,73,100,9.0,210,21.6,0.0,0.0,0.0,0.0,0.0,0.0,0.18,12.4,0.343,Napoli,40.8518,14.2681
2026-02-13T23:00,12.9,88,11.0,11.8,0.0,0.0,0.0,0.0,0.0,3,999.2,996.9,99,24,19,99,9.3,208,19.8,0.0,0.0,0.0,0.0,0.0,0.0,0.18,12.2,0.344,Napoli,40.8518,14.2681
2026-02-14T00:00,12.7,89,11.0,11.6,0.0,0.0,0.0,0.0,0.0,3,998.8,996.5,99,34,2,99,9.2,186,19.4,0.0,0.0,0.0,0.0,0.0,0.0,0.16,12.0,0.344,Napoli,40.8518,14.2681
2026-02-14T01:00,12.7,88,10.8,10.4,0.1,0.1,0.0,0.0,0.0,51,999.5,997.2,100,21,4,100,17.1,195,34.6,0.0,0.0,0.0,0.0,0.0,0.01,0.17,11.8,0.346,Napoli,40.8518,14.2681
2026-02-14T02:00,13.0,82,10.0,10.1,0.1,0.1,0.0,0.0,0.0,51,999.6,997.3,100,21,11,100,19.9,175,42.8,0.0,0.0,0.0,0.0,0.0,0.03,0.27,12.7,0.355,Napoli,40.8518,14.2681
2026-02-14T03:00,13.1,79,9.5,10.0,0.2,0.2,0.0,0.0,0.0,51,999.1,996.8,100,17,49,99,20.0,162,44.3,0.0,0.0,0.0,0.0,0.0,0.03,0.32,12.4,0.357,Napoli,40.8518,14.2681
2026-02-14T04:00,12.6,76,8.4,8.9,0.6,0.6,0.0,0.0,0.0,53,998.2,995.9,100,0,91,100,22.2,169,47.9,0.0,0.0,0.0,0.0,0.0,0.04,0.36,12.1,0.364,Napoli,40.8518,14.2681
2026-02-14T05:00,11.8,84,9.2,8.9,3.5,3.5,0.0,0.0,0.0,63,997.2,994.9,100,55,100,100,18.6,160,49.0,0.0,0.0,0.0,0.0,0.0,0.02,0.22,11.8,0.407,Napoli,40.8518,14.2681
2026-02-14T06:00,11.7,91,10.3,8.7,0.7,0.7,0.0,0.0,0.0,53,996.9,994.6,100,100,38,26,21.3,169,47.5,0.0,0.0,0.0,0.0,0.0,0.01,0.13,11.6,0.411,Napoli,40.8518,14.2681
2026-02-14T07:00,11.8,87,9.8,7.9,1.4,1.4,0.0,0.0,0.0,61,996.9,994.6,72,23,16,60,26.7,177,54.7,0.0,0.0,0.0,0.0,0.0,0.02,0.18,11.5,0.413,Napoli,40.8518,14.2681
2026-02-14T08:00,12.3,87,10.3,8.4,2.7,2.7,0.0,0.0,0.0,63,996.8,994.5,67,34,11,46,27.2,179,56.2,0.0,0.0,0.0,0.0,0.0,0.02,0.18,12.5,0.409,Napoli,40.8518,14.2681
2026-02-14T09:00,12.5,88,10.6,9.5,0.0,0.0,0.0,0.0,0.0,3,996.6,994.3,100,8,45,99,21.2,163,57.6,40.0,12.0,28.0,113.7,2197.52,0.03,0.17,12.3,0.406,Napoli,40.8518,14.2681
2026-02-14T10:00,13.4,81,10.1,10.0,0.0,0.0,0.0,0.0,0.0,3,996.3,994.0,86,21,27,78,23.3,162,50.4,92.0,4.0,88.0,15.7,0.0,0.07,0.3,12.4,0.402,Napoli,40.8518,14.2681
2026-02-14T11:00,14.0,78,10.2,11.0,0.1,0.1,0.0,0.0,0.0,51,996.7,994.4,99,52,41,98,21.1,163,55.4,237.0,85.0,152.0,212.2,3600.0,0.13,0.35,12.9,0.4,Napoli,40.8518,14.2681
2026-02-14T12:00,12.8,84,10.2,9.6,3.5,3.5,0.0,0.0,0.0,63,997.7,995.4,100,63,32,99,22.4,176,57.2,221.0,51.0,170.0,100.2,1206.64,0.11,0.23,13.0,0.403,Napoli,40.8518,14.2681
2026-02-14T13:00,13.1,83,10.3,10.0,3.9,3.9,0.0,0.0,0.0,63,997.2,994.9,100,46,33,100,21.6,172,56.2,345.0,109.0,236.0,190.4,3600.0,0.15,0.25,13.3,0.401,Napoli,40.8518,14.2681
2026-02-14T14:00,13.5,81,10.3,10.4,0.1,0.1,0.0,0.0,0.0,51,996.6,994.3,100,41,11,100,21.7,175,48.2,277.0,56.0,221.0,95.4,1061.14,0.14,0.29,14.8,0.4,Napoli,40.8518,14.2681
2026-02-14T15:00,13.8,78,10.1,10.9,0.0,0.0,0.0,0.0,0.0,3,996.1,993.8,100,55,91,100,19.6,188,51.5,318.0,61.0,257.0,110.5,1516.27,0.16,0.34,14.8,0.397,Napoli,40.8518,14.2681
2026-02-14T16:00,14.1,69,8.5,11.2,0.3,0.3,0.0,0.0,0.0,51,995.8,993.6,100,27,87,100,17.3,192,45.0,196.0,33.0,163.0,70.4,311.4,0.14,0.5,14.5,0.396,Napoli,40.8518,14.2681
2026-02-14T17:00,12.2,88,10.3,9.9,1.1,1.1,0.0,0.0,0.0,55,996.0,993.7,100,70,99,100,16.6,181,39.2,110.0,3.0,107.0,8.7,0.0,0.06,0.17,13.8,0.398,Napoli,40.8518,14.2681
2026-02-14T18:00,11.5,89,9.7,9.3,0.4,0.4,0.0,0.0,0.0,51,996.1,993.8,100,41,100,100,14.6,176,35.6,55.0,5.0,50.0,26.9,0.0,0.04,0.15,13.1,0.398,Napoli,40.8518,14.2681
2026-02-14T19:00,11.6,90,10.0,9.6,1.3,1.3,0.0,0.0,0.0,61,996.2,993.9,100,40,100,100,13.5,177,32.0,5.0,0.0,5.0,0.0,0.0,0.02,0.13,12.5,0.397,Napoli,40.8518,14.2681
2026-02-14T20:00,11.7,89,9.9,9.2,0.5,0.5,0.0,0.0,0.0,53,996.0,993.7,100,26,89,100,16.9,158,35.6,0.0,0.0,0.0,0.0,0.0,0.01,0.15,13.0,0.396,Napoli,40.8518,14.2681
2026-02-14T21:00,11.6,89,9.9,9.4,1.2,1.2,0.0,0.0,0.0,55,996.3,994.0,100,41,98,90,15.1,149,37.8,0.0,0.0,0.0,0.0,0.0,0.0,0.15,12.4,0.396,Napoli,40.8518,14.2681
2026-02-14T22:00,11.2,91,9.8,9.3,0.5,0.5,0.0,0.0,0.0,53,996.6,994.3,100,75,99,73,12.4,150,30.6,0.0,0.0,0.0,0.0,0.0,0.0,0.12,12.0,0.395,Napoli,40.8518,14.2681
2026-02-14T23:00,10.9,90,9.4,9.3,0.3,0.3,0.0,0.0,0.0,51,996.9,994.6,100,88,100,66,9.8,144,25.9,0.0,0.0,0.0,0.0,0.0,0.0,0.12,11.7,0.395,Napoli,40.8518,14.2681
2026-02-15T00:00,10.4,94,9.4,9.1,1.7,1.7,0.0,0.0,0.0,61,996.9,994.6,100,96,100,90,7.7,141,20.2,0.0,0.0,0.0,0.0,0.0,0.0,0.08,11.3,0.394,Napoli,40.8518,14.2681
2026-02-15T01:00,10.2,95,9.5,8.8,0.6,0.6,0.0,0.0,0.0,53,997.2,994.9,100,100,94,67,8.7,159,22.7,0.0,0.0,0.0,0.0,0.0,0.0,0.06,11.1,0.394,Napoli,40.8518,14.2681
2026-02-15T02:00,10.1,93,9.0,8.1,0.4,0.4,0.0,0.0,0.0,51,996.9,994.6,100,100,100,92,11.4,97,17.3,0.0,0.0,0.0,0.0,0.0,0.0,0.09,10.8,0.399,Napoli,40.8518,14.2681
2026-02-15T03:00,9.9,94,9.0,8.5,0.7,0.7,0.0,0.0,0.0,53,996.8,994.5,95,44,87,46,8.0,59,23.8,0.0,0.0,0.0,0.0,0.0,0.0,0.07,10.7,0.393,Napoli,40.8518,14.2681
2026-02-15T04:00,9.2,94,8.2,7.6,0.0,0.0,0.0,0.0,0.0,3,996.6,994.3,99,34,7,99,7.3,59,18.7,0.0,0.0,0.0,0.0,0.0,0.0,0.07,10.3,0.393,Napoli,40.8518,14.2681
2026-02-15T05:00,9.2,93,8.2,7.9,0.0,0.0,0.0,0.0,0.0,3,996.8,994.5,100,99,35,60,5.2,88,15.5,0.0,0.0,0.0,0.0,0.0,0.0,0.08,10.1,0.392,Napoli,40.8518,14.2681
2026-02-15T06:00,9.0,93,8.0,7.9,0.2,0.2,0.0,0.0,0.0,51,997.3,995.0,97,77,67,80,3.2,109,11.5,0.0,0.0,0.0,0.0,0.0,0.0,0.08,9.9,0.392,Napoli,40.8518,14.2681
2026-02-15T07:00,9.1,96,8.5,8.1,0.1,0.1,0.0,0.0,0.0,51,997.8,995.5,100,100,72,98,4.0,82,9.0,0.0,0.0,0.0,0.0,0.0,0.0,0.05,9.8,0.392,Napoli,40.8518,14.2681
2026-02-15T08:00,9.3,91,7.9,7.6,0.1,0.1,0.0,0.0,0.0,51,999.1,996.8,100,100,90,92,7.9,16,11.9,0.0,0.0,0.0,0.0,0.0,0.0,0.11,10.3,0.394,Napoli,40.8518,14.2681
2026-02-15T09:00,9.7,92,8.4,8.2,0.2,0.2,0.0,0.0,0.0,51,999.9,997.6,94,18,70,78,6.7,20,15.1,15.0,0.0,15.0,0.0,0.0,0.02,0.1,10.2,0.392,Napoli,40.8518,14.2681
2026-02-15T10:00,10.3,89,8.6,9.0,0.0,0.0,0.0,0.0,0.0,3,1000.8,998.5,100,1,95,98,6.3,355,16.6,95.0,10.0,85.0,38.6,0.0,0.05,0.14,10.4,0.391,Napoli,40.8518,14.2681
2026-02-15T11:00,11.5,83,8.8,10.3,0.0,0.0,0.0,0.0,0.0,3,1001.5,999.2,100,0,26,100,6.0,25,16.9,259.0,87.0,172.0,214.7,3600.0,0.12,0.22,11.2,0.39,Napoli,40.8518,14.2681
2026-02-15T12:00,12.6,78,8.8,11.7,0.0,0.0,0.0,0.0,0.0,3,1002.4,1000.1,100,2,20,100,3.7,35,17.3,383.0,183.0,200.0,356.3,3600.0,0.19,0.32,12.3,0.388,Napoli,40.8518,14.2681
2026-02-15T13:00,13.6,72,8.7,12.8,0.0,0.0,0.0,0.0,0.0,3,1002.8,1000.5,98,15,33,98,2.9,300,14.8,456.0,243.0,213.0,420.9,3600.0,0.23,0.43,13.5,0.385,Napoli,40.8518,14.2681
2026-02-15T14:00,14.6,64,7.8,13.0,0.0,0.0,0.0,0.0,0.0,1,1003.1,1000.8,45,0,13,38,6.6,292,18.4,490.0,315.0,175.0,532.1,3600.0,0.26,0.61,14.2,0.383,Napoli,40.8518,14.2681
2026-02-15T15:00,14.8,64,8.0,13.9,0.0,0.0,0.0,0.0,0.0,1,1003.1,1000.8,30,7,30,1,2.4,279,19.4,493.0,351.0,142.0,630.7,3600.0,0.26,0.61,15.0,0.38,Napoli,40.8518,14.2681
2026-02-15T16:00,14.8,64,8.1,13.9,0.0,0.0,0.0,0.0,0.0,2,1003.2,1000.9,50,0,49,2,2.4,216,11.9,322.0,165.0,157.0,348.5,3600.0,0.17,0.6,15.1,0.377,Napoli,40.8518,14.2681
2026-02-15T17:00,14.5,66,8.3,13.5,0.0,0.0,0.0,0.0,0.0,1,1003.9,1001.6,45,30,27,1,3.5,261,10.4,273.0,168.0,105.0,482.2,3600.0,0.14,0.55,15.0,0.375,Napoli,40.8518,14.2681
2026-02-15T18:00,13.1,77,9.1,11.7,0.0,0.0,0.0,0.0,0.0,2,1005.0,1002.7,71,33,58,11,7.5,312,15.8,109.0,55.0,54.0,289.7,3600.0,0.06,0.35,14.3,0.375,Napoli,40.8518,14.2681
2026-02-15T19:00,10.5,92,9.2,9.0,1.0,1.0,0.0,0.0,0.0,55,1006.0,1003.7,66,17,59,0,9.1,8,23.4,11.0,2.0,9.0,28.5,0.0,0.01,0.11,13.2,0.385,Napoli,40.8518,14.2681
2026-02-15T20:00,11.0,81,7.8,8.1,0.0,0.0,0.0,0.0,0.0,1,1006.6,1004.3,45,16,38,0,15.8,67,17.6,0.0,0.0,0.0,0.0,0.0,0.02,0.25,13.6,0.38,Napoli,40.8518,14.2681
2026-02-15T21:00,10.2,75,5.9,7.7,0.0,0.0,0.0,0.0,0.0,2,1007.6,1005.3,61,28,47,0,10.4,79,33.1,0.0,0.0,0.0,0.0,0.0,0.02,0.32,12.3,0.38,Napoli,40.8518,14.2681
2026-02-15T22:00,9.8,73,5.1,7.1,0.0,0.0,0.0,0.0,0.0,0,1007.4,1005.1,10,6,5,0,10.1,87,23.4,0.0,0.0,0.0,0.0,0.0,0.02,0.33,11.3,0.38,Napoli,40.8518,14.2681
2026-02-15T23:00,9.2,74,4.8,7.2,0.0,0.0,0.0,0.0,0.0,3,1008.2,1005.9,100,100,98,0,5.2,22,22.0,0.0,0.0,0.0,0.0,0.0,0.0,0.3,10.5,0.379,Napoli,40.8518,14.2681
2026-02-16T00:00,9.7,72,4.9,7.4,0.0,0.0,0.0,0.0,0.0,3,1009.0,1006.7,100,100,100,0,6.7,9,15.8,0.0,0.0,0.0,0.0,0.0,0.01,0.34,10.3,0.378,Napoli,40.8518,14.2681
2026-02-16T01:00,9.8,73,5.3,8.0,0.0,0.0,0.0,0.0,0.0,2,1009.3,1007.0,52,51,23,0,4.6,36,14.8,0.0,0.0,0.0,0.0,0.0,0.0,0.32,10.2,0.377,Napoli,40.8518,14.2681
2026-02-16T02:00,9.7,71,4.7,8.0,0.0,0.0,0.0,0.0,0.0,2,1009.6,1007.3,53,33,46,0,2.8,325,10.4,0.0,0.0,0.0,0.0,0.0,0.0,0.35,12.0,0.371,Napoli,40.8518,14.2681
2026-02-16T03:00,9.7,76,5.7,7.9,0.0,0.0,0.0,0.0,0.0,2,1009.3,1007.0,58,49,17,0,5.2,16,10.8,0.0,0.0,0.0,0.0,0.0,0.0,0.29,11.3,0.37,Napoli,40.8518,14.2681
2026-02-16T04:00,8.4,81,5.4,6.9,0.0,0.0,0.0,0.0,0.0,1,1008.6,1006.3,28,22,7,7,2.3,29,11.2,0.0,0.0,0.0,0.0,0.0,0.0,0.21,10.4,0.37,Napoli,40.8518,14.2681
2026-02-16T05:00,8.1,82,5.3,6.7,0.0,0.0,0.0,0.0,0.0,1,1008.4,1006.1,34,9,0,27,1.8,11,5.4,0.0,0.0,0.0,0.0,0.0,0.0,0.19,9.7,0.37,Napoli,40.8518,14.2681
2026-02-16T06:00,8.1,80,4.8,6.6,0.0,0.0,0.0,0.0,0.0,3,1008.5,1006.2,98,10,1,98,0.9,259,5.0,0.0,0.0,0.0,0.0,0.0,0.0,0.22,9.1,0.37,Napoli,40.8518,14.2681
2026-02-16T07:00,8.2,82,5.2,6.5,0.0,0.0,0.0,0.0,0.0,3,1008.8,1006.5,100,2,2,100,3.3,248,8.3,0.0,0.0,0.0,0.0,0.0,0.0,0.2,8.6,0.37,Napoli,40.8518,14.2681
2026-02-16T08:00,8.4,80,5.1,7.1,0.0,0.0,0.0,0.0,0.0,3,1008.7,1006.4,100,36,87,100,0.4,360,9.7,0.0,0.0,0.0,0.0,0.0,0.0,0.22,9.1,0.37,Napoli,40.8518,14.2681
2026-02-16T09:00,9.9,81,6.9,9.0,0.0,0.0,0.0,0.0,0.0,3,1009.1,1006.8,99,20,48,99,0.4,27,6.1,30.0,3.0,27.0,27.2,0.0,0.01,0.23,9.3,0.37,Napoli,40.8518,14.2681
2026-02-16T10:00,11.5,81,8.4,10.2,0.0,0.0,0.0,0.0,0.0,3,1008.7,1006.4,100,5,1,100,5.4,172,11.2,124.0,25.0,99.0,94.7,1041.56,0.06,0.25,10.0,0.37,Napoli,40.8518,14.2681
2026-02-16T11:00,13.0,75,8.6,11.6,0.0,0.0,0.0,0.0,0.0,3,1008.6,1006.3,100,74,14,100,6.4,162,17.6,308.0,137.0,171.0,334.2,3600.0,0.15,0.38,11.3,0.368,Napoli,40.8518,14.2681
2026-02-16T12:00,13.5,72,8.6,11.6,0.0,0.0,0.0,0.0,0.0,3,1008.3,1006.0,100,76,0,100,10.2,187,24.5,270.0,64.0,206.0,123.4,1903.19,0.15,0.43,12.1,0.367,Napoli,40.8518,14.2681
2026-02-16T13:00,13.7,74,9.1,11.1,0.0,0.0,0.0,0.0,0.0,3,1007.3,1005.0,100,100,0,98,16.3,174,38.2,333.0,62.0,271.0,106.5,1394.67,0.17,0.42,12.8,0.365,Napoli,40.8518,14.2681
2026-02-16T14:00,13.2,85,10.7,11.8,0.0,0.0,0.0,0.0,0.0,3,1006.9,1004.6,100,100,13,100,10.9,189,42.5,345.0,93.0,252.0,155.8,2874.79,0.16,0.23,13.5,0.375,Napoli,40.8518,14.2681
2026-02-16T15:00,14.4,79,10.9,12.7,0.3,0.3,0.0,0.0,0.0,51,1006.2,1003.9,94,44,20,87,13.3,252,32.0,362.0,148.0,214.0,263.7,3600.0,0.18,0.34,14.1,0.375,Napoli,40.8518,14.2681
2026-02-16T16:00,14.2,78,10.4,12.2,0.1,0.1,0.0,0.0,0.0,51,1005.5,1003.2,90,48,13,80,13.9,243,33.5,258.0,85.0,173.0,177.8,3534.38,0.14,0.36,14.2,0.374,Napoli,40.8518,14.2681
2026-02-16T17:00,13.4,82,10.4,10.4,0.2,0.2,0.0,0.0,0.0,51,1005.0,1002.7,100,95,15,98,21.5,258,48.6,187.0,85.0,102.0,241.0,3600.0,0.1,0.28,13.9,0.375,Napoli,40.8518,14.2681
2026-02-16T18:00,13.9,79,10.3,11.1,0.1,0.1,0.0,0.0,0.0,51,1004.1,1001.8,96,50,27,91,19.7,254,50.0,75.0,14.0,61.0,72.2,365.07,0.07,0.33,13.5,0.375,Napoli,40.8518,14.2681
2026-02-16T19:00,13.8,80,10.4,10.7,0.0,0.0,0.0,0.0,0.0,3,1002.9,1000.6,94,55,66,71,22.4,247,51.5,9.0,1.0,8.0,13.9,0.0,0.05,0.32,13.1,0.375,Napoli,40.8518,14.2681
2026-02-16T20:00,13.2,89,11.4,9.9,1.0,1.0,0.0,0.0,0.0,55,1002.5,1000.2,100,73,92,100,25.4,253,61.2,0.0,0.0,0.0,0.0,0.0,0.01,0.16,14.3,0.382,Napoli,40.8518,14.2681
2026-02-16T21:00,13.6,78,9.8,8.7,0.1,0.1,0.0,0.0,0.0,51,1002.2,999.9,100,24,77,100,33.4,277,73.1,0.0,0.0,0.0,0.0,0.0,0.05,0.35,13.5,0.382,Napoli,40.8518,14.2681
2026-02-16T22:00,13.7,76,9.4,9.4,0.1,0.1,0.0,0.0,0.0,51,1000.9,998.6,97,15,84,95,28.2,265,73.8,0.0,0.0,0.0,0.0,0.0,0.05,0.38,13.2,0.381,Napoli,40.8518,14.2681
2026-02-16T23:00,13.2,82,10.2,8.6,3.8,3.8,0.0,0.0,0.0,63,1000.4,998.1,100,91,96,94,32.0,271,74.5,0.0,0.0,0.0,0.0,0.0,0.04,0.27,12.8,0.408,Napoli,40.8518,14.2681
2026-02-17T00:00,11.8,88,9.8,7.9,3.4,3.4,0.0,0.0,0.0,63,999.6,997.3,48,8,35,14,26.2,274,78.8,0.0,0.0,0.0,0.0,0.0,0.02,0.17,12.3,0.406,Napoli,40.8518,14.2681
2026-02-17T01:00,12.1,84,9.5,8.9,0.0,0.0,0.0,0.0,0.0,0,998.8,996.5,14,2,5,9,20.9,285,58.7,0.0,0.0,0.0,0.0,0.0,0.02,0.22,11.9,0.403,Napoli,40.8518,14.2681
2026-02-17T02:00,11.9,84,9.3,9.4,0.0,0.0,0.0,0.0,0.0,1,998.1,995.8,48,0,42,27,15.7,283,57.6,0.0,0.0,0.0,0.0,0.0,0.01,0.22,14.2,0.39,Napoli,40.8518,14.2681
2026-02-17T03:00,13.1,68,7.4,9.4,0.0,0.0,0.0,0.0,0.0,3,996.4,994.1,92,5,91,48,20.4,297,46.4,0.0,0.0,0.0,0.0,0.0,0.06,0.48,13.2,0.388,Napoli,40.8518,14.2681
2026-02-17T04:00,11.8,77,7.8,6.7,0.0,0.0,0.0,0.0,0.0,3,996.5,994.2,97,3,95,93,30.6,269,67.7,0.0,0.0,0.0,0.0,0.0,0.05,0.32,12.5,0.386,Napoli,40.8518,14.2681
2026-02-17T05:00,11.2,76,7.2,6.9,0.0,0.0,0.0,0.0,0.0,3,996.2,993.9,98,4,82,90,24.0,286,67.7,0.0,0.0,0.0,0.0,0.0,0.04,0.31,11.9,0.385,Napoli,40.8518,14.2681
2026-02-17T06:00,10.0,84,7.4,5.7,0.2,0.2,0.0,0.0,0.0,51,996.5,994.2,87,16,79,79,24.7,309,62.3,0.0,0.0,0.0,0.0,0.0,0.02,0.2,11.4,0.386,Napoli,40.8518,14.2681
2026-02-17T07:00,9.0,89,7.3,7.0,0.0,0.0,0.0,0.0,0.0,0,997.3,995.0,12,2,6,5,8.9,353,52.9,0.0,0.0,0.0,0.0,0.0,0.0,0.12,10.9,0.385,Napoli,40.8518,14.2681
2026-02-17T08:00,7.2,89,5.5,4.5,0.0,0.0,0.0,0.0,0.0,1,998.5,996.2,30,2,16,27,10.5,16,21.2,0.0,0.0,0.0,0.0,0.0,0.02,0.11,12.0,0.378,Napoli,40.8518,14.2681
2026-02-17T09:00,8.0,87,6.0,6.0,0.0,0.0,0.0,0.0,0.0,0,999.5,997.2,1,0,1,0,6.9,343,24.8,59.0,29.0,30.0,257.7,3600.0,0.02,0.14,11.1,0.378,Napoli,40.8518,14.2681
2026-02-17T10:00,9.7,82,6.9,8.3,0.0,0.0,0.0,0.0,0.0,0,1000.2,997.9,2,0,2,0,4.2,12,18.7,222.0,149.0,73.0,554.8,3600.0,0.09,0.21,11.4,0.376,Napoli,40.8518,14.2681
2026-02-17T11:00,11.3,77,7.4,9.6,0.0,0.0,0.0,0.0,0.0,1,1001.3,999.0,27,1,26,5,6.7,3,20.9,388.0,303.0,85.0,730.6,3600.0,0.17,0.31,12.2,0.375,Napoli,40.8518,14.2681
2026-02-17T12:00,12.9,66,6.7,10.6,0.0,0.0,0.0,0.0,0.0,2,1002.4,1000.1,66,7,64,2,9.3,341,27.0,498.0,387.0,111.0,739.5,3600.0,0.24,0.51,13.2,0.372,Napoli,40.8518,14.2681
2026-02-17T13:00,13.8,53,4.4,10.4,0.0,0.0,0.0,0.0,0.0,0,1003.4,1001.1,7,4,1,2,13.9,329,43.9,552.0,418.0,134.0,711.9,3600.0,0.28,0.74,13.9,0.369,Napoli,40.8518,14.2681
2026-02-17T14:00,14.9,41,1.8,12.4,0.0,0.0,0.0,0.0,0.0,2,1004.0,1001.7,69,2,23,63,6.8,310,45.4,611.0,506.0,105.0,841.0,3600.0,0.33,1.0,15.2,0.356,Napoli,40.8518,14.2681
2026-02-17T15:00,15.4,41,2.2,12.7,0.0,0.0,0.0,0.0,0.0,1,1004.2,1001.9,29,0,23,9,5.9,288,25.2,517.0,352.0,165.0,621.9,3600.0,0.29,1.03,15.6,0.353,Napoli,40.8518,14.2681
2026-02-17T16:00,15.2,41,1.9,12.1,0.0,0.0,0.0,0.0,0.0,2,1004.8,1002.5,53,0,52,2,8.7,312,25.6,437.0,310.0,127.0,642.3,3600.0,0.25,1.02,15.6,0.35,Napoli,40.8518,14.2681
2026-02-17T17:00,13.9,48,3.2,11.0,0.1,0.1,0.0,0.0,0.0,51,1006.1,1003.8,20,0,20,1,8.9,6,26.6,272.0,159.0,113.0,445.2,3600.0,0.16,0.82,15.0,0.349,Napoli,40.8518,14.2681
2026-02-17T18:00,12.7,70,7.5,11.7,0.0,0.0,0.0,0.0,0.0,0,1006.7,1004.4,5,0,5,0,2.3,135,20.2,141.0,81.0,60.0,408.8,3600.0,0.06,0.44,14.2,0.349,Napoli,40.8518,14.2681
2026-02-17T19:00,11.0,70,5.8,9.1,0.0,0.0,0.0,0.0,0.0,0,1007.4,1005.1,5,0,5,0,5.5,283,15.1,17.0,7.0,10.0,94.3,1169.86,0.01,0.39,12.8,0.349,Napoli,40.8518,14.2681
2026-02-17T20:00,12.0,51,2.1,8.6,0.0,0.0,0.0,0.0,0.0,0,1008.6,1006.3,17,0,17,0,10.8,323,28.8,0.0,0.0,0.0,0.0,0.0,0.05,0.69,13.5,0.341,Napoli,40.8518,14.2681
2026-02-17T21:00,11.7,53,2.4,8.4,0.0,0.0,0.0,0.0,0.0,0,1009.6,1007.3,1,0,1,0,10.2,328,27.0,0.0,0.0,0.0,0.0,0.0,0.05,0.65,12.3,0.341,Napoli,40.8518,14.2681
2026-02-17T22:00,9.6,65,3.3,7.5,0.0,0.0,0.0,0.0,0.0,0,1010.5,1008.2,2,0,2,0,3.7,346,23.4,0.0,0.0,0.0,0.0,0.0,0.0,0.42,11.1,0.341,Napoli,40.8518,14.2681
2026-02-17T23:00,9.1,64,2.5,7.2,0.0,0.0,0.0,0.0,0.0,0,1011.3,1009.0,0,0,0,0,0.9,360,10.1,0.0,0.0,0.0,0.0,0.0,0.0,0.42,10.1,0.341,Napoli,40.8518,14.2681
2026-02-18T00:00,7.9,69,2.6,5.9,0.0,0.0,0.0,0.0,0.0,0,1011.9,1009.6,0,0,0,0,1.9,29,6.5,0.0,0.0,0.0,0.0,0.0,0.0,0.33,9.2,0.342,Napoli,40.8518,14.2681
2026-02-18T01:00,7.0,74,2.6,4.9,0.0,0.0,0.0,0.0,0.0,0,1012.4,1010.1,0,0,0,0,2.4,48,6.8,0.0,0.0,0.0,0.0,0.0,0.0,0.26,8.4,0.343,Napoli,40.8518,14.2681
2026-02-18T02:00,6.0,85,3.6,4.1,0.0,0.0,0.0,0.0,0.0,0,1013.1,1010.7,0,0,0,0,2.2,35,7.6,0.0,0.0,0.0,0.0,0.0,0.0,0.14,8.8,0.354,Napoli,40.8518,14.2681
2026-02-18T03:00,5.9,83,3.3,4.2,0.0,0.0,0.0,0.0,0.0,0,1013.3,1010.9,0,0,0,0,1.0,22,7.6,0.0,0.0,0.0,0.0,0.0,0.0,0.16,8.0,0.354,Napoli,40.8518,14.2681
2026-02-18T04:00,5.8,81,2.9,4.1,0.0,0.0,0.0,0.0,0.0,0,1013.4,1011.0,0,0,0,0,0.6,326,5.8,0.0,0.0,0.0,0.0,0.0,0.0,0.17,7.2,0.355,Napoli,40.8518,14.2681
2026-02-18T05:00,5.3,83,2.6,3.4,0.0,0.0,0.0,0.0,0.0,0,1013.6,1011.2,0,0,0,0,0.9,11,4.7,0.0,0.0,0.0,0.0,0.0,0.0,0.15,6.6,0.355,Napoli,40.8518,14.2681
2026-02-18T06:00,4.6,84,2.1,2.3,0.0,0.0,0.0,0.0,0.0,0,1013.9,1011.5,0,0,0,0,3.3,45,7.6,0.0,0.0,0.0,0.0,0.0,0.0,0.14,6.1,0.355,Napoli,40.8518,14.2681
2026-02-18T07:00,4.2,83,1.6,1.8,0.0,0.0,0.0,0.0,0.0,0,1014.6,1012.2,2,0,0,2,3.3,45,7.9,0.0,0.0,0.0,0.0,0.0,0.0,0.14,5.7,0.355,Napoli,40.8518,14.2681
2026-02-18T08:00,4.1,83,1.4,1.8,0.0,0.0,0.0,0.0,0.0,0,1015.0,1012.6,12,9,0,2,2.6,39,7.2,0.0,0.0,0.0,0.0,0.0,0.01,0.14,5.0,0.355,Napoli,40.8518,14.2681
2026-02-18T09:00,5.3,81,2.3,3.0,0.0,0.0,0.0,0.0,0.0,1,1015.6,1013.2,22,17,0,5,3.8,45,8.6,58.0,24.0,34.0,208.8,3600.0,0.02,0.17,5.6,0.356,Napoli,40.8518,14.2681
2026-02-18T10:00,7.9,80,4.7,6.4,0.0,0.0,0.0,0.0,0.0,1,1016.1,1013.8,30,23,0,9,1.7,58,9.0,211.0,128.0,83.0,468.4,3600.0,0.08,0.21,6.8,0.355,Napoli,40.8518,14.2681
2026-02-18T11:00,10.8,81,7.7,9.9,0.0,0.0,0.0,0.0,0.0,1,1016.4,1014.1,34,27,0,9,1.9,197,10.4,376.0,264.0,112.0,629.2,3600.0,0.17,0.24,8.8,0.354,Napoli,40.8518,14.2681
2026-02-18T12:00,12.7,67,6.7,10.9,0.0,0.0,0.0,0.0,0.0,1,1017.1,1014.8,20,2,0,18,6.2,213,18.4,518.0,406.0,112.0,768.5,3600.0,0.25,0.49,10.7,0.353,Napoli,40.8518,14.2681
2026-02-18T13:00,13.6,55,4.7,11.6,0.0,0.0,0.0,0.0,0.0,3,1017.2,1014.9,88,0,0,88,7.3,218,21.6,605.0,502.0,103.0,847.8,3600.0,0.3,0.7,12.2,0.35,Napoli,40.8518,14.2681
2026-02-18T14:00,14.5,56,6.0,12.6,0.0,0.0,0.0,0.0,0.0,1,1016.5,1014.2,41,13,1,31,8.9,216,22.7,612.0,497.0,115.0,819.3,3600.0,0.31,0.72,13.9,0.344,Napoli,40.8518,14.2681
2026-02-18T15:00,14.7,58,6.5,12.2,0.0,0.0,0.0,0.0,0.0,3,1016.2,1013.9,99,88,18,92,10.7,222,27.4,532.0,404.0,128.0,707.7,3600.0,0.28,0.7,14.4,0.341,Napoli,40.8518,14.2681
2026-02-18T16:00,14.1,65,7.6,11.9,0.3,0.3,0.0,0.0,0.0,51,1015.9,1013.6,49,23,38,6,11.0,203,28.8,388.0,244.0,144.0,500.8,3600.0,0.2,0.57,14.3,0.342,Napoli,40.8518,14.2681
2026-02-18T17:00,13.9,65,7.3,11.6,0.8,0.8,0.0,0.0,0.0,53,1016.0,1013.7,52,45,39,0,10.6,210,27.4,288.0,188.0,100.0,520.0,3600.0,0.15,0.56,13.9,0.35,Napoli,40.8518,14.2681
2026-02-18T18:00,12.6,75,8.3,10.3,0.1,0.1,0.0,0.0,0.0,51,1016.3,1014.0,36,20,23,0,12.5,258,27.0,133.0,72.0,61.0,355.9,3600.0,0.07,0.36,13.2,0.35,Napoli,40.8518,14.2681
2026-02-18T19:00,11.6,81,8.5,9.8,0.0,0.0,0.0,0.0,0.0,1,1016.5,1014.2,23,6,22,0,8.9,262,28.1,16.0,5.0,11.0,65.5,492.86,0.02,0.26,12.3,0.35,Napoli,40.8518,14.2681
2026-02-18T20:00,11.3,81,8.1,10.0,0.0,0.0,0.0,0.0,0.0,0,1016.6,1014.3,9,6,9,0,5.1,212,19.1,0.0,0.0,0.0,0.0,0.0,0.0,0.25,12.9,0.336,Napoli,40.8518,14.2681
2026-02-18T21:00,11.6,75,7.4,9.8,0.0,0.0,0.0,0.0,0.0,1,1016.7,1014.4,34,26,10,0,7.6,208,16.2,0.0,0.0,0.0,0.0,0.0,0.01,0.34,11.8,0.337,Napoli,40.8518,14.2681
2026-02-18T22:00,12.2,72,7.3,9.8,0.0,0.0,0.0,0.0,0.0,2,1016.7,1014.4,72,69,26,0,11.6,215,23.8,0.0,0.0,0.0,0.0,0.0,0.03,0.4,11.3,0.337,Napoli,40.8518,14.2681
2026-02-18T23:00,12.7,66,6.6,9.9,0.0,0.0,0.0,0.0,0.0,3,1016.8,1014.5,100,100,75,0,13.1,212,28.4,0.0,0.0,0.0,0.0,0.0,0.04,0.5,11.1,0.337,Napoli,40.8518,14.2681
2026-02-19T00:00,13.0,67,7.0,9.9,0.0,0.0,0.0,0.0,0.0,3,1016.8,1014.5,100,100,100,0,15.5,211,32.8,0.0,0.0,0.0,0.0,0.0,0.05,0.49,11.1,0.336,Napoli,40.8518,14.2681
2026-02-19T01:00,12.7,72,7.8,10.0,0.0,0.0,0.0,0.0,0.0,3,1016.7,1014.4,98,92,98,2,14.8,212,34.2,0.0,0.0,0.0,0.0,0.0,0.03,0.41,11.1,0.336,Napoli,40.8518,14.2681
2026-02-19T02:00,12.4,77,8.4,9.8,0.0,0.0,0.0,0.0,0.0,2,1016.5,1014.2,64,23,61,0,14.8,203,31.7,0.0,0.0,0.0,0.0,0.0,0.03,0.33,12.2,0.339,Napoli,40.8518,14.2681
2026-02-19T03:00,12.7,77,8.9,10.2,0.0,0.0,0.0,0.0,0.0,1,1016.1,1013.8,33,7,32,0,15.2,190,32.4,0.0,0.0,0.0,0.0,0.0,0.03,0.33,11.8,0.339,Napoli,40.8518,14.2681
2026-02-19T04:00,12.7,80,9.3,10.2,0.0,0.0,0.0,0.0,0.0,1,1015.4,1013.1,35,11,34,0,15.7,185,33.1,0.0,0.0,0.0,0.0,0.0,0.02,0.3,11.5,0.339,Napoli,40.8518,14.2681
2026-02-19T05:00,12.7,80,9.3,9.7,0.0,0.0,0.0,0.0,0.0,3,1014.5,1012.2,100,27,100,0,18.9,188,40.7,0.0,0.0,0.0,0.0,0.0,0.03,0.29,11.3,0.34,Napoli,40.8518,14.2681
2026-02-19T06:00,13.2,77,9.3,10.1,0.1,0.1,0.0,0.0,0.0,51,1014.1,1011.8,94,30,67,75,20.2,189,43.2,0.0,0.0,0.0,0.0,0.0,0.04,0.35,11.4,0.34,Napoli,40.8518,14.2681
2026-02-19T07:00,13.2,75,8.9,10.0,0.4,0.4,0.0,0.0,0.0,51,1013.6,1011.3,100,80,83,100,20.1,186,43.9,0.0,0.0,0.0,0.0,0.0,0.04,0.38,11.4,0.345,Napoli,40.8518,14.2681
2026-02-19T08:00,13.2,81,10.0,9.7,0.1,0.1,0.0,0.0,0.0,51,1013.0,1010.7,100,38,100,2,24.0,185,52.9,0.0,0.0,0.0,0.0,0.0,0.05,0.28,13.2,0.331,Napoli,40.8518,14.2681
2026-02-19T09:00,13.6,80,10.2,9.9,0.1,0.1,0.0,0.0,0.0,51,1012.6,1010.3,90,22,86,16,25.5,175,57.2,28.0,3.0,25.0,25.6,0.0,0.06,0.32,12.9,0.331,Napoli,40.8518,14.2681
2026-02-19T10:00,13.9,79,10.3,10.5,0.0,0.0,0.0,0.0,0.0,2,1011.8,1009.5,76,6,42,58,24.2,161,56.5,155.0,57.0,98.0,205.0,3600.0,0.1,0.34,13.0,0.331,Napoli,40.8518,14.2681
2026-02-19T11:00,14.4,77,10.5,10.2,0.0,0.0,0.0,0.0,0.0,2,1011.4,1009.1,61,25,17,38,30.0,166,68.8,347.0,208.0,139.0,490.0,3600.0,0.16,0.38,13.5,0.33,Napoli,40.8518,14.2681
2026-02-19T12:00,14.5,78,10.6,9.9,0.1,0.1,0.0,0.0,0.0,51,1011.1,1008.8,97,47,2,94,32.3,166,74.5,462.0,306.0,156.0,573.8,3600.0,0.2,0.37,14.0,0.329,Napoli,40.8518,14.2681
2026-02-19T13:00,14.8,77,10.8,10.3,0.0,0.0,0.0,0.0,0.0,3,1010.4,1008.1,97,26,16,95,32.1,164,75.2,537.0,374.0,163.0,626.4,3600.0,0.22,0.39,14.5,0.327,Napoli,40.8518,14.2681
2026-02-19T14:00,14.8,77,10.8,10.5,0.0,0.0,0.0,0.0,0.0,2,1009.0,1006.7,77,27,50,38,31.0,160,74.5,545.0,365.0,180.0,596.9,3600.0,0.23,0.39,15.0,0.331,Napoli,40.8518,14.2681
2026-02-19T15:00,14.7,76,10.6,10.6,0.0,0.0,0.0,0.0,0.0,2,1007.7,1005.4,74,53,42,4,29.0,154,71.3,414.0,209.0,205.0,363.1,3600.0,0.19,0.4,15.0,0.329,Napoli,40.8518,14.2681
2026-02-19T16:00,14.6,79,11.0,10.2,0.1,0.1,0.0,0.0,0.0,51,1006.1,1003.8,95,52,17,88,31.5,157,72.7,342.0,176.0,166.0,357.8,3600.0,0.16,0.35,15.0,0.329,Napoli,40.8518,14.2681
2026-02-19T17:00,13.6,89,11.9,9.4,2.1,2.1,0.0,0.0,0.0,61,1005.0,1002.7,89,81,38,19,32.3,173,71.3,267.0,160.0,107.0,437.2,3600.0,0.1,0.16,14.7,0.354,Napoli,40.8518,14.2681
2026-02-19T18:00,14.0,84,11.4,9.5,1.4,1.4,0.0,0.0,0.0,61,1003.8,1001.5,69,41,48,24,33.5,208,70.6,98.0,38.0,60.0,184.1,3600.0,0.07,0.25,14.2,0.369,Napoli,40.8518,14.2681
2026-02-19T19:00,12.7,89,10.9,8.5,1.6,1.6,0.0,0.0,0.0,61,1003.5,1001.2,100,100,95,27,30.7,236,76.0,11.0,1.0,10.0,12.8,0.0,0.03,0.16,13.5,0.386,Napoli,40.8518,14.2681
2026-02-19T20:00,12.3,91,10.9,8.5,1.5,1.5,0.0,0.0,0.0,61,1003.4,1001.1,100,90,100,0,28.2,235,62.6,0.0,0.0,0.0,0.0,0.0,0.01,0.13,13.9,0.412,Napoli,40.8518,14.2681
2026-02-19T21:00,11.3,85,8.8,6.8,1.3,1.3,0.0,0.0,0.0,61,1005.2,1002.9,100,98,100,1,28.1,274,72.4,0.0,0.0,0.0,0.0,0.0,0.03,0.2,12.9,0.419,Napoli,40.8518,14.2681
2026-02-19T22:00,11.0,85,8.5,7.6,0.6,0.6,0.0,0.0,0.0,53,1006.3,1004.0,96,34,95,6,19.9,265,59.8,0.0,0.0,0.0,0.0,0.0,0.02,0.2,12.2,0.418,Napoli,40.8518,14.2681
2026-02-19T23:00,11.8,70,6.5,8.1,0.1,0.1,0.0,0.0,0.0,51,1006.6,1004.3,99,40,99,23,19.4,254,46.4,0.0,0.0,0.0,0.0,0.0,0.05,0.42,11.8,0.413,Napoli,40.8518,14.2681
2026-02-20T00:00,10.3,82,7.4,6.9,1.4,1.4,0.0,0.0,0.0,61,1006.6,1004.3,57,40,22,20,18.5,257,53.3,0.0,0.0,0.0,0.0,0.0,0.02,0.23,11.2,0.42,Napoli,40.8518,14.2681
2026-02-20T01:00,9.4,91,8.0,6.9,1.5,1.5,0.0,0.0,0.0,61,1006.5,1004.2,96,52,60,91,13.2,239,40.7,0.0,0.0,0.0,0.0,0.0,0.0,0.11,10.7,0.415,Napoli,40.8518,14.2681
2026-02-20T02:00,11.0,80,7.8,8.7,0.5,0.5,0.0,0.0,0.0,53,1005.9,1003.6,50,20,13,37,12.0,279,27.0,0.0,0.0,0.0,0.0,0.0,0.01,0.26,11.6,0.391,Napoli,40.8518,14.2681
2026-02-20T03:00,9.9,88,8.0,8.2,0.0,0.0,0.0,0.0,0.0,1,1006.1,1003.8,40,21,2,23,7.8,307,25.9,0.0,0.0,0.0,0.0,0.0,0.0,0.15,11.0,0.39,Napoli,40.8518,14.2681
2026-02-20T04:00,9.5,90,8.0,7.9,0.0,0.0,0.0,0.0,0.0,0,1006.3,1004.0,12,2,2,9,6.7,297,18.0,0.0,0.0,0.0,0.0,0.0,0.0,0.11,10.5,0.388,Napoli,40.8518,14.2681
2026-02-20T05:00,9.5,90,7.9,7.4,0.0,0.0,0.0,0.0,0.0,0,1006.7,1004.4,1,0,0,0,10.1,286,22.3,0.0,0.0,0.0,0.0,0.0,0.0,0.12,10.1,0.387,Napoli,40.8518,14.2681
2026-02-20T06:00,9.4,89,7.7,7.5,0.0,0.0,0.0,0.0,0.0,1,1006.9,1004.6,35,22,9,15,8.3,269,22.7,0.0,0.0,0.0,0.0,0.0,0.0,0.13,9.7,0.386,Napoli,40.8518,14.2681
2026-02-20T07:00,9.3,88,7.4,7.8,0.0,0.0,0.0,0.0,0.0,2,1007.0,1004.7,79,15,1,76,5.9,281,18.0,0.0,0.0,0.0,0.0,0.0,0.0,0.14,9.5,0.385,Napoli,40.8518,14.2681
2026-02-20T08:00,10.2,85,7.8,8.5,0.0,0.0,0.0,0.0,0.0,3,1007.2,1004.9,85,8,15,82,7.7,198,13.7,0.0,0.0,0.0,0.0,0.0,0.02,0.19,9.8,0.38,Napoli,40.8518,14.2681
2026-02-20T09:00,11.4,83,8.7,10.0,0.0,0.0,0.0,0.0,0.0,3,1007.6,1005.3,99,9,20,99,7.3,203,17.6,56.0,18.0,38.0,150.2,3167.08,0.03,0.23,10.0,0.379,Napoli,40.8518,14.2681
2026-02-20T10:00,12.4,77,8.5,11.0,0.1,0.1,0.0,0.0,0.0,51,1008.3,1006.0,100,20,28,100,7.0,201,17.6,190.0,74.0,116.0,261.5,3600.0,0.09,0.33,10.8,0.379,Napoli,40.8518,14.2681
2026-02-20T11:00,12.8,71,7.7,10.9,0.2,0.2,0.0,0.0,0.0,51,1009.1,1006.8,100,30,13,100,8.6,191,21.6,298.0,112.0,186.0,260.8,3600.0,0.15,0.43,11.7,0.379,Napoli,40.8518,14.2681
2026-02-20T12:00,13.0,71,7.9,10.8,0.0,0.0,0.0,0.0,0.0,3,1009.8,1007.5,94,41,1,88,10.8,170,27.4,386.0,167.0,219.0,310.2,3600.0,0.19,0.43,12.5,0.377,Napoli,40.8518,14.2681
2026-02-20T13:00,13.4,72,8.5,11.4,0.1,0.1,0.0,0.0,0.0,51,1010.1,1007.8,84,25,12,78,10.4,157,28.4,543.0,368.0,175.0,611.2,3600.0,0.26,0.42,13.6,0.375,Napoli,40.8518,14.2681
2026-02-20T14:00,12.9,73,8.1,11.3,0.1,0.1,0.0,0.0,0.0,51,1010.1,1007.8,100,19,15,100,8.6,168,27.7,589.0,455.0,134.0,738.1,3600.0,0.27,0.4,14.0,0.374,Napoli,40.8518,14.2681
2026-02-20T15:00,13.1,70,7.8,11.3,0.0,0.0,0.0,0.0,0.0,3,1010.0,1007.7,98,13,6,98,8.2,166,24.5,447.0,231.0,216.0,398.0,3600.0,0.22,0.45,14.4,0.372,Napoli,40.8518,14.2681
2026-02-20T16:00,13.1,71,7.9,11.6,0.0,0.0,0.0,0.0,0.0,2,1010.3,1008.0,58,19,11,45,5.9,191,22.7,422.0,287.0,135.0,578.1,3600.0,0.21,0.44,14.6,0.369,Napoli,40.8518,14.2681
2026-02-20T17:00,13.0,70,7.7,11.6,0.0,0.0,0.0,0.0,0.0,1,1011.1,1008.8,34,15,7,20,5.3,225,17.6,285.0,184.0,101.0,496.8,3600.0,0.14,0.45,14.4,0.367,Napoli,40.8518,14.2681
2026-02-20T18:00,12.6,75,8.2,11.7,0.3,0.3,0.0,0.0,0.0,51,1011.9,1009.6,80,29,16,70,2.4,228,15.5,141.0,79.0,62.0,375.1,3600.0,0.06,0.37,13.8,0.369,Napoli,40.8518,14.2681
2026-02-20T19:00,10.4,84,7.8,9.3,0.7,0.7,0.0,0.0,0.0,53,1012.6,1010.3,66,27,25,46,3.3,22,5.8,18.0,6.0,12.0,74.6,730.05,0.01,0.2,12.8,0.377,Napoli,40.8518,14.2681
2026-02-20T20:00,10.5,88,8.6,9.4,2.0,2.0,0.0,0.0,0.0,61,1014.2,1011.9,43,9,19,25,5.1,96,16.6,0.0,0.0,0.0,0.0,0.0,0.0,0.15,13.2,0.369,Napoli,40.8518,14.2681
2026-02-20T21:00,9.7,91,8.3,8.6,0.0,0.0,0.0,0.0,0.0,3,1014.5,1012.2,99,13,22,99,4.0,95,10.8,0.0,0.0,0.0,0.0,0.0,0.0,0.1,12.2,0.369,Napoli,40.8518,14.2681
2026-02-20T22:00,9.5,91,8.1,8.4,0.0,0.0,0.0,0.0,0.0,3,1014.7,1012.4,100,12,100,100,4.0,90,9.0,0.0,0.0,0.0,0.0,0.0,0.0,0.11,11.4,0.369,Napoli,40.8518,14.2681
2026-02-20T23:00,9.4,92,8.1,8.5,0.0,0.0,0.0,0.0,0.0,3,1015.4,1013.1,94,30,92,0,2.7,42,10.1,0.0,0.0,0.0,0.0,0.0,0.0,0.1,10.9,0.369,Napoli,40.8518,14.2681
2026-02-21T00:00,9.0,92,7.7,7.3,0.6,0.6,0.0,0.0,0.0,53,1015.7,1013.4,45,30,30,0,7.1,24,14.0,0.0,0.0,0.0,0.0,0.0,0.0,0.09,10.4,0.375,Napoli,40.8518,14.2681
2026-02-21T01:00,8.5,87,6.4,6.3,0.0,0.0,0.0,0.0,0.0,2,1016.3,1014.0,53,5,51,0,8.9,52,19.1,0.0,0.0,0.0,0.0,0.0,0.0,0.15,9.8,0.375,Napoli,40.8518,14.2681
2026-02-21T02:00,8.7,85,6.2,5.8,0.0,0.0,0.0,0.0,0.0,1,1016.9,1014.6,45,34,29,0,13.3,55,20.2,0.0,0.0,0.0,0.0,0.0,0.01,0.17,12.2,0.386,Napoli,40.8518,14.2681
2026-02-21T03:00,9.0,80,5.8,6.3,0.0,0.0,0.0,0.0,0.0,3,1017.3,1015.0,100,100,31,0,11.2,64,28.8,0.0,0.0,0.0,0.0,0.0,0.01,0.23,11.1,0.385,Napoli,40.8518,14.2681
2026-02-21T04:00,8.9,79,5.4,6.3,0.0,0.0,0.0,0.0,0.0,0,1017.3,1015.0,16,1,16,0,10.0,62,24.5,0.0,0.0,0.0,0.0,0.0,0.01,0.24,10.4,0.384,Napoli,40.8518,14.2681
2026-02-21T05:00,8.8,77,5.0,5.9,0.0,0.0,0.0,0.0,0.0,1,1017.7,1015.4,27,23,5,0,10.9,54,25.2,0.0,0.0,0.0,0.0,0.0,0.01,0.26,9.9,0.383,Napoli,40.8518,14.2681
2026-02-21T06:00,8.5,77,4.8,5.6,0.0,0.0,0.0,0.0,0.0,1,1018.0,1015.7,20,19,1,0,11.1,53,26.6,0.0,0.0,0.0,0.0,0.0,0.01,0.25,9.4,0.383,Napoli,40.8518,14.2681
2026-02-21T07:00,8.2,77,4.4,5.3,0.0,0.0,0.0,0.0,0.0,0,1018.5,1016.2,5,5,0,0,10.1,49,25.6,0.0,0.0,0.0,0.0,0.0,0.01,0.25,9.0,0.382,Napoli,40.8518,14.2681
2026-02-21T08:00,8.3,70,3.1,4.7,0.0,0.0,0.0,0.0,0.0,0,1019.3,1017.0,7,6,1,0,13.7,56,24.1,0.0,0.0,0.0,0.0,0.0,0.05,0.33,10.0,0.368,Napoli,40.8518,14.2681
2026-02-21T09:00,9.1,69,3.6,6.0,0.0,0.0,0.0,0.0,0.0,1,1020.2,1017.9,23,3,2,18,10.4,44,31.7,72.0,37.0,35.0,302.4,3600.0,0.05,0.36,9.6,0.368,Napoli,40.8518,14.2681
2026-02-21T10:00,10.4,65,4.2,7.6,0.0,0.0,0.0,0.0,0.0,2,1020.9,1018.6,54,2,9,48,9.4,23,29.2,240.0,167.0,73.0,580.2,3600.0,0.11,0.44,10.1,0.366,Napoli,40.8518,14.2681
2026-02-21T11:00,11.5,64,5.0,8.5,0.0,0.0,0.0,0.0,0.0,3,1021.2,1018.9,99,2,1,99,11.9,30,31.3,400.0,301.0,99.0,692.8,3600.0,0.18,0.48,11.0,0.364,Napoli,40.8518,14.2681
2026-02-21T12:00,12.5,62,5.4,9.7,0.0,0.0,0.0,0.0,0.0,3,1021.4,1019.1,99,1,0,99,11.6,35,31.7,491.0,320.0,171.0,588.9,3600.0,0.24,0.55,12.1,0.362,Napoli,40.8518,14.2681
2026-02-21T13:00,13.2,60,5.5,10.4,0.0,0.0,0.0,0.0,0.0,3,1021.5,1019.2,100,0,0,100,11.3,14,31.0,548.0,339.0,209.0,558.3,3600.0,0.27,0.61,13.0,0.359,Napoli,40.8518,14.2681
2026-02-21T14:00,13.9,56,5.2,11.4,0.0,0.0,0.0,0.0,0.0,2,1020.9,1018.6,60,0,0,60,10.4,349,30.2,584.0,404.0,180.0,650.1,3600.0,0.3,0.71,14.1,0.36,Napoli,40.8518,14.2681
2026-02-21T15:00,14.2,54,5.1,11.7,0.0,0.0,0.0,0.0,0.0,0,1020.4,1018.1,13,7,12,0,8.8,337,27.4,552.0,405.0,147.0,692.0,3600.0,0.28,0.74,14.6,0.357,Napoli,40.8518,14.2681
2026-02-21T16:00,14.0,57,5.5,11.1,0.0,0.0,0.0,0.0,0.0,2,1020.7,1018.4,70,70,5,0,11.8,304,29.5,454.0,339.0,115.0,676.5,3600.0,0.24,0.69,14.7,0.354,Napoli,40.8518,14.2681
2026-02-21T17:00,13.1,67,7.2,10.2,0.0,0.0,0.0,0.0,0.0,2,1020.9,1018.6,77,1,1,76,14.7,294,35.6,295.0,196.0,99.0,523.0,3600.0,0.15,0.49,14.3,0.353,Napoli,40.8518,14.2681
2026-02-21T18:00,12.3,73,7.7,9.8,0.0,0.0,0.0,0.0,0.0,1,1021.0,1018.7,48,0,1,48,12.7,295,34.9,152.0,83.0,69.0,386.5,3600.0,0.08,0.38,13.5,0.352,Napoli,40.8518,14.2681
2026-02-21T19:00,11.2,79,7.6,9.3,0.0,0.0,0.0,0.0,0.0,1,1021.4,1019.1,37,1,33,31,9.1,295,28.1,22.0,8.0,14.0,97.0,1321.79,0.02,0.29,12.5,0.352,Napoli,40.8518,14.2681
2026-02-21T20:00,10.9,79,7.4,9.5,0.0,0.0,0.0,0.0,0.0,0,1022.0,1019.7,2,2,0,0,5.0,319,19.8,0.0,0.0,0.0,0.0,0.0,0.0,0.28,12.9,0.343,Napoli,40.8518,14.2681
2026-02-21T21:00,10.0,84,7.3,8.9,0.0,0.0,0.0,0.0,0.0,0,1022.3,1020.0,0,0,0,0,2.8,11,11.9,0.0,0.0,0.0,0.0,0.0,0.0,0.2,11.7,0.343,Napoli,40.8518,14.2681
2026-02-21T22:00,9.5,83,6.8,8.3,0.0,0.0,0.0,0.0,0.0,0,1022.5,1020.2,0,0,0,0,2.2,66,7.6,0.0,0.0,0.0,0.0,0.0,0.0,0.2,10.7,0.344,Napoli,40.8518,14.2681
2026-02-21T23:00,9.0,82,6.2,7.5,0.0,0.0,0.0,0.0,0.0,0,1023.1,1020.7,0,0,0,0,3.8,85,8.3,0.0,0.0,0.0,0.0,0.0,0.0,0.2,9.9,0.345,Napoli,40.8518,14.2681
2026-02-22T00:00,8.2,83,5.5,6.5,0.0,0.0,0.0,0.0,0.0,0,1023.7,1021.3,0,0,0,0,3.7,61,9.7,0.0,0.0,0.0,0.0,0.0,0.0,0.18,9.3,0.345,Napoli,40.8518,14.2681
2026-02-22T01:00,7.3,83,4.7,5.5,0.0,0.0,0.0,0.0,0.0,0,1023.9,1021.5,0,0,0,0,3.7,51,10.4,0.0,0.0,0.0,0.0,0.0,0.0,0.17,8.7,0.346,Napoli,40.8518,14.2681
2026-02-22T02:00,6.9,84,4.3,5.0,0.0,0.0,0.0,0.0,0.0,0,1024.0,1021.6,0,0,0,0,3.0,52,10.4,0.0,0.0,0.0,0.0,0.0,0.0,0.16,10.1,0.355,Napoli,40.8518,14.2681
2026-02-22T03:00,6.7,84,4.2,5.0,0.0,0.0,0.0,0.0,0.0,0,1023.8,1021.4,0,0,0,0,2.4,48,8.6,0.0,0.0,0.0,0.0,0.0,0.0,0.16,9.1,0.355,Napoli,40.8518,14.2681
2026-02-22T04:00,6.2,86,4.1,4.3,0.0,0.0,0.0,0.0,0.0,0,1023.8,1021.4,0,0,0,0,2.7,4,8.3,0.0,0.0,0.0,0.0,0.0,0.0,0.13,8.3,0.355,Napoli,40.8518,14.2681
2026-02-22T05:00,5.7,87,3.6,3.6,0.0,0.0,0.0,0.0,0.0,0,1023.8,1021.4,0,0,0,0,4.0,360,10.4,0.0,0.0,0.0,0.0,0.0,0.0,0.12,7.7,0.356,Napoli,40.8518,14.2681
2026-02-22T06:00,5.4,86,3.2,3.1,0.0,0.0,0.0,0.0,0.0,0,1024.0,1021.6,0,0,0,0,5.0,13,11.9,0.0,0.0,0.0,0.0,0.0,0.0,0.13,7.2,0.356,Napoli,40.8518,14.2681
2026-02-22T07:00,5.1,85,2.9,2.6,0.0,0.0,0.0,0.0,0.0,0,1024.3,1021.9,0,0,0,0,6.2,17,14.0,0.0,0.0,0.0,0.0,0.0,0.0,0.13,6.8,0.356,Napoli,40.8518,14.2681
2026-02-22T08:00,5.3,81,2.3,2.6,0.0,0.0,0.0,0.0,0.0,0,1024.9,1022.5,0,0,0,0,6.5,2,14.8,1.0,0.0,1.0,0.0,0.0,0.0,0.17,7.7,0.356,Napoli,40.8518,14.2681
2026-02-22T09:00,7.3,75,3.1,4.6,0.0,0.0,0.0,0.0,0.0,0,1025.5,1023.1,0,0,0,0,7.4,360,16.2,78.0,43.0,35.0,344.3,3600.0,0.03,0.26,7.7,0.356,Napoli,40.8518,14.2681
2026-02-22T10:00,9.6,71,4.7,7.3,0.0,0.0,0.0,0.0,0.0,0,1026.3,1023.9,0,0,0,0,6.9,7,17.6,250.0,178.0,72.0,608.0,3600.0,0.1,0.34,8.6,0.355,Napoli,40.8518,14.2681
2026-02-22T11:00,12.2,65,5.8,10.5,0.0,0.0,0.0,0.0,0.0,0,1026.8,1024.5,0,0,0,0,4.4,7,18.0,417.0,328.0,89.0,746.3,3600.0,0.19,0.5,10.2,0.354,Napoli,40.8518,14.2681
2026-02-22T12:00,14.4,53,4.8,12.7,0.0,0.0,0.0,0.0,0.0,0,1027.0,1024.7,0,0,0,0,2.9,338,15.5,546.0,447.0,99.0,815.0,3600.0,0.28,0.78,12.0,0.352,Napoli,40.8518,14.2681
2026-02-22T13:00,15.6,49,4.9,14.3,0.0,0.0,0.0,0.0,0.0,0,1026.8,1024.5,0,0,0,0,3.2,289,14.0,622.0,518.0,104.0,846.1,3600.0,0.33,0.91,13.7,0.348,Napoli,40.8518,14.2681
2026-02-22T14:00,16.6,50,6.1,15.4,0.0,0.0,0.0,0.0,0.0,0,1026.2,1023.9,0,0,0,0,5.4,270,19.1,638.0,532.0,106.0,849.3,3600.0,0.35,0.95,15.2,0.326,Napoli,40.8518,14.2681
2026-02-22T15:00,16.6,52,6.7,14.6,0.0,0.0,0.0,0.0,0.0,0,1025.8,1023.5,0,0,0,0,9.2,273,24.1,591.0,488.0,103.0,827.0,3600.0,0.32,0.9,15.8,0.323,Napoli,40.8518,14.2681
2026-02-22T16:00,15.7,53,6.1,13.0,0.0,0.0,0.0,0.0,0.0,0,1025.4,1023.1,0,0,0,0,11.5,281,28.8,489.0,393.0,96.0,777.1,3600.0,0.27,0.85,15.7,0.321,Napoli,40.8518,14.2681
2026-02-22T17:00,14.7,55,5.7,12.2,0.0,0.0,0.0,0.0,0.0,0,1025.4,1023.1,0,0,0,0,10.1,292,28.8,342.0,258.0,84.0,680.5,3600.0,0.19,0.76,15.2,0.319,Napoli,40.8518,14.2681
2026-02-22T18:00,13.5,63,6.6,11.5,0.0,0.0,0.0,0.0,0.0,0,1025.4,1023.1,0,0,0,0,8.1,299,23.8,169.0,109.0,60.0,498.0,3600.0,0.09,0.57,14.3,0.319,Napoli,40.8518,14.2681
2026-02-22T19:00,11.6,74,7.1,10.0,0.0,0.0,0.0,0.0,0.0,0,1025.6,1023.3,0,0,0,0,5.3,308,18.0,25.0,10.0,15.0,118.2,1911.22,0.01,0.36,12.9,0.319,Napoli,40.8518,14.2681
2026-02-22T20:00,10.9,80,7.6,9.6,0.0,0.0,0.0,0.0,0.0,0,1026.0,1023.7,0,0,0,0,4.4,305,12.6,0.0,0.0,0.0,0.0,0.0,0.0,0.26,13.1,0.302,Napoli,40.8518,14.2681
2026-02-22T21:00,10.6,82,7.6,9.5,0.0,0.0,0.0,0.0,0.0,0,1026.1,1023.8,0,0,0,0,2.7,337,9.4,0.0,0.0,0.0,0.0,0.0,0.0,0.23,11.8,0.304,Napoli,40.8518,14.2681
2026-02-22T22:00,10.4,82,7.4,9.6,0.0,0.0,0.0,0.0,0.0,0,1026.0,1023.7,0,0,0,0,0.5,45,6.8,0.0,0.0,0.0,0.0,0.0,0.0,0.23,10.8,0.305,Napoli,40.8518,14.2681
2026-02-22T23:00,9.7,83,7.0,8.8,0.0,0.0,0.0,0.0,0.0,0,1026.0,1023.6,0,0,0,0,0.6,56,3.2,0.0,0.0,0.0,0.0,0.0,0.0,0.21,9.9,0.307,Napoli,40.8518,14.2681
2026-02-23T00:00,9.2,84,6.6,8.2,0.0,0.0,0.0,0.0,0.0,0,1025.7,1023.3,0,0,0,0,0.5,90,3.6,0.0,0.0,0.0,0.0,0.0,0.0,0.19,9.2,0.308,Napoli,40.8518,14.2681
2026-02-23T01:00,8.8,85,6.5,7.8,0.0,0.0,0.0,0.0,0.0,0,1025.5,1023.1,0,0,0,0,0.8,135,4.0,0.0,0.0,0.0,0.0,0.0,0.0,0.17,8.6,0.31,Napoli,40.8518,14.2681
2026-02-23T02:00,8.6,86,6.4,7.5,0.0,0.0,0.0,0.0,0.0,0,1025.0,1022.6,0,0,0,0,1.1,162,5.4,0.0,0.0,0.0,0.0,0.0,0.0,0.16,7.5,0.325,Napoli,40.8518,14.2681
2026-02-23T03:00,8.2,88,6.4,7.0,0.0,0.0,0.0,0.0,0.0,0,1024.6,1022.2,0,0,0,0,1.7,122,4.3,0.0,0.0,0.0,0.0,0.0,0.0,0.13,7.2,0.326,Napoli,40.8518,14.2681
2026-02-23T04:00,7.9,89,6.2,6.6,0.0,0.0,0.0,0.0,0.0,0,1024.0,1021.6,1,0,0,1,2.3,129,5.4,0.0,0.0,0.0,0.0,0.0,0.0,0.12,6.9,0.327,Napoli,40.8518,14.2681
2026-02-23T05:00,7.8,91,6.5,6.5,0.0,0.0,0.0,0.0,0.0,0,1023.5,1021.1,5,2,0,2,2.7,143,6.1,0.0,0.0,0.0,0.0,0.0,0.0,0.09,6.6,0.328,Napoli,40.8518,14.2681
2026-02-23T06:00,7.9,96,7.3,6.6,0.0,0.0,0.0,0.0,0.0,0,1023.3,1020.9,19,8,0,13,3.5,168,7.9,0.0,0.0,0.0,0.0,0.0,0.0,0.04,6.5,0.328,Napoli,40.8518,14.2681
2026-02-23T07:00,7.8,100,7.8,6.8,0.0,0.0,0.0,0.0,0.0,1,1022.9,1020.5,27,13,0,16,3.2,183,8.3,0.0,0.0,0.0,0.0,0.0,0.0,0.0,6.3,0.329,Napoli,40.8518,14.2681
2026-02-23T08:00,8.1,100,8.1,7.3,0.0,0.0,0.0,0.0,0.0,3,1022.9,1020.5,98,97,0,34,2.3,184,7.9,1.0,0.0,1.0,0.0,0.0,0.0,0.0,5.8,0.33,Napoli,40.8518,14.2681
2026-02-23T09:00,10.0,99,9.8,9.4,0.0,0.0,0.0,0.0,0.0,3,1023.3,1021.0,95,90,0,48,3.5,201,7.9,73.0,32.0,41.0,251.1,3600.0,0.02,0.01,6.6,0.331,Napoli,40.8518,14.2681
2026-02-23T10:00,12.2,94,11.2,11.8,0.0,0.0,0.0,0.0,0.0,3,1023.2,1020.9,80,60,0,48,4.7,196,13.0,229.0,137.0,92.0,460.1,3600.0,0.09,0.09,8.4,0.331,Napoli,40.8518,14.2681
2026-02-23T11:00,13.8,82,10.7,12.6,0.0,0.0,0.0,0.0,0.0,2,1023.0,1020.7,72,34,0,57,9.2,183,22.7,378.0,252.0,126.0,566.8,3600.0,0.17,0.29,10.3,0.331,Napoli,40.8518,14.2681
2026-02-23T12:00,14.1,77,10.1,12.1,0.0,0.0,0.0,0.0,0.0,3,1022.9,1020.6,98,43,0,96,13.9,176,33.8,437.0,242.0,195.0,437.1,3600.0,0.21,0.37,11.7,0.329,Napoli,40.8518,14.2681
2026-02-23T13:00,14.1,79,10.4,12.0,0.0,0.0,0.0,0.0,0.0,3,1023.0,1020.7,99,63,0,98,15.0,169,36.7,418.0,187.0,231.0,302.9,3600.0,0.2,0.34,12.7,0.328,Napoli,40.8518,14.2681
2026-02-23T14:00,14.5,78,10.7,12.4,0.0,0.0,0.0,0.0,0.0,3,1022.1,1019.8,100,79,0,99,15.4,161,37.8,449.0,235.0,214.0,372.2,3600.0,0.22,0.36,14.1,0.323,Napoli,40.8518,14.2681
2026-02-23T15:00,14.6,77,10.5,12.4,0.0,0.0,0.0,0.0,0.0,3,1021.4,1019.1,100,99,0,100,15.8,157,37.8,444.0,241.0,203.0,405.1,3600.0,0.21,0.39,14.5,0.322,Napoli,40.8518,14.2681
2026-02-23T16:00,14.4,80,10.9,12.2,0.0,0.0,0.0,0.0,0.0,3,1021.0,1018.7,100,98,0,100,16.6,159,38.5,291.0,114.0,177.0,223.4,3600.0,0.15,0.33,14.3,0.321,Napoli,40.8518,14.2681
2026-02-23T17:00,14.4,81,11.1,12.7,0.0,0.0,0.0,0.0,0.0,3,1020.6,1018.3,100,98,0,100,14.1,177,38.2,212.0,68.0,144.0,177.3,3519.42,0.11,0.32,14.1,0.32,Napoli,40.8518,14.2681
2026-02-23T18:00,13.8,84,11.2,13.1,0.0,0.0,0.0,0.0,0.0,3,1020.6,1018.3,100,77,0,98,7.5,215,32.0,91.0,19.0,72.0,85.2,755.99,0.05,0.25,13.7,0.32,Napoli,40.8518,14.2681
2026-02-23T19:00,12.8,88,10.9,12.3,0.0,0.0,0.0,0.0,0.0,2,1020.8,1018.5,60,55,0,11,5.1,264,15.8,19.0,2.0,17.0,23.1,0.0,0.01,0.17,13.0,0.321,Napoli,40.8518,14.2681
2026-02-23T20:00,11.9,90,10.4,11.7,0.0,0.0,0.0,0.0,0.0,1,1021.1,1018.8,39,39,0,0,2.2,261,11.2,0.0,0.0,0.0,0.0,0.0,0.0,0.14,13.8,0.302,Napoli,40.8518,14.2681
2026-02-23T21:00,12.2,90,10.6,11.7,0.0,0.0,0.0,0.0,0.0,3,1021.2,1018.9,100,100,0,0,4.3,285,9.4,0.0,0.0,0.0,0.0,0.0,0.0,0.14,12.8,0.304,Napoli,40.8518,14.2681
2026-02-23T22:00,12.0,93,10.8,11.8,0.0,0.0,0.0,0.0,0.0,0,1020.7,1018.4,9,9,0,0,2.9,270,10.1,0.0,0.0,0.0,0.0,0.0,0.0,0.1,12.3,0.305,Napoli,40.8518,14.2681
2026-02-23T23:00,11.4,93,10.3,11.0,0.0,0.0,0.0,0.0,0.0,1,1020.7,1018.4,23,23,0,0,2.9,259,6.1,0.0,0.0,0.0,0.0,0.0,0.0,0.09,11.6,0.306,Napoli,40.8518,14.2681
2026-02-24T00:00,10.7,93,9.6,10.1,0.0,0.0,0.0,0.0,0.0,0,1020.7,1018.4,15,15,0,0,2.9,259,6.1,0.0,0.0,0.0,0.0,0.0,0.0,0.09,10.8,0.307,Napoli,40.8518,14.2681
2026-02-24T01:00,10.3,94,9.4,9.9,0.0,0.0,0.0,0.0,0.0,0,1020.9,1018.6,17,17,0,0,1.5,353,6.1,0.0,0.0,0.0,0.0,0.0,0.0,0.08,10.2,0.308,Napoli,40.8518,14.2681
2026-02-24T02:00,9.7,96,9.0,9.1,0.0,0.0,0.0,0.0,0.0,2,1020.6,1018.3,52,52,0,0,1.8,354,4.0,0.0,0.0,0.0,0.0,0.0,0.0,0.05,10.5,0.325,Napoli,40.8518,14.2681
2026-02-24T03:00,9.7,94,8.8,9.3,0.0,0.0,0.0,0.0,0.0,3,1020.1,1017.8,100,100,0,0,0.0,270,4.3,0.0,0.0,0.0,0.0,0.0,0.0,0.07,10.1,0.325,Napoli,40.8518,14.2681
2026-02-24T04:00,9.5,95,8.7,9.1,0.0,0.0,0.0,0.0,0.0,3,1019.5,1017.2,97,97,0,0,0.7,270,2.9,0.0,0.0,0.0,0.0,0.0,0.0,0.06,9.7,0.326,Napoli,40.8518,14.2681
2026-02-24T05:00,9.0,96,8.5,8.3,0.0,0.0,0.0,0.0,0.0,3,1019.2,1016.9,98,98,0,0,2.3,293,5.8,0.0,0.0,0.0,0.0,0.0,0.0,0.04,9.4,0.327,Napoli,40.8518,14.2681
2026-02-24T06:00,9.1,94,8.1,7.8,0.0,0.0,0.0,0.0,0.0,3,1019.7,1017.4,100,100,0,0,5.5,316,11.9,0.0,0.0,0.0,0.0,0.0,0.0,0.07,9.3,0.327,Napoli,40.8518,14.2681
2026-02-24T07:00,8.7,97,8.2,7.5,0.0,0.0,0.0,0.0,0.0,3,1019.9,1017.6,100,100,0,0,4.6,329,12.2,0.0,0.0,0.0,0.0,0.0,0.0,0.04,9.2,0.328,Napoli,40.8518,14.2681
2026-02-24T08:00,8.3,98,8.0,7.2,0.0,0.0,0.0,0.0,0.0,3,1019.9,1017.6,100,100,0,0,3.6,342,11.5,1.0,0.0,1.0,0.0,0.0,0.0,0.02,8.7,0.328,Napoli,40.8518,14.2681
2026-02-24T09:00,8.9,98,8.5,8.0,0.0,0.0,0.0,0.0,0.0,3,1020.2,1017.9,100,100,0,0,2.9,4,10.4,53.0,9.0,44.0,69.2,309.72,0.02,0.03,9.1,0.329,Napoli,40.8518,14.2681
2026-02-24T10:00,9.9,99,9.7,9.5,0.0,0.0,0.0,0.0,0.0,3,1020.3,1018.0,100,99,0,7,1.9,29,10.8,158.0,27.0,131.0,89.2,874.95,0.07,0.01,10.0,0.329,Napoli,40.8518,14.2681
2026-02-24T11:00,11.6,92,10.3,11.5,0.0,0.0,0.0,0.0,0.0,2,1020.3,1018.0,59,59,0,0,0.9,11,10.1,300.0,115.0,185.0,255.7,3600.0,0.15,0.11,11.3,0.328,Napoli,40.8518,14.2681
2026-02-24T12:00,13.4,83,10.6,13.5,0.0,0.0,0.0,0.0,0.0,0,1020.3,1018.0,10,10,0,0,0.8,297,10.8,468.0,276.0,192.0,494.0,3600.0,0.24,0.26,12.9,0.327,Napoli,40.8518,14.2681
2026-02-24T13:00,14.6,75,10.2,14.5,0.0,0.0,0.0,0.0,0.0,1,1020.2,1017.9,28,28,0,0,2.4,234,13.0,583.0,432.0,151.0,694.1,3600.0,0.3,0.41,14.5,0.325,Napoli,40.8518,14.2681
2026-02-24T14:00,15.2,73,10.4,14.6,0.0,0.0,0.0,0.0,0.0,3,1019.4,1017.1,99,99,0,0,6.9,219,19.4,590.0,422.0,168.0,663.2,3600.0,0.3,0.47,15.9,0.322,Napoli,40.8518,14.2681
2026-02-24T15:00,15.4,71,10.1,14.2,0.1,0.1,0.0,0.0,0.0,51,1019.2,1016.9,95,95,0,0,8.0,226,22.3,481.0,268.0,213.0,446.9,3600.0,0.25,0.51,16.2,0.321,Napoli,40.8518,14.2681
2026-02-24T16:00,15.2,73,10.4,14.2,0.1,0.1,0.0,0.0,0.0,51,1019.0,1016.7,83,83,0,0,7.7,216,22.3,428.0,281.0,147.0,545.7,3600.0,0.22,0.47,16.3,0.32,Napoli,40.8518,14.2681
2026-02-24T17:00,14.7,77,10.7,13.6,0.0,0.0,0.0,0.0,0.0,1,1018.7,1016.4,36,36,0,0,8.9,194,22.7,299.0,187.0,112.0,482.1,3600.0,0.15,0.38,15.9,0.319,Napoli,40.8518,14.2681
2026-02-24T18:00,13.9,81,10.8,13.1,0.0,0.0,0.0,0.0,0.0,2,1018.8,1016.5,56,56,0,0,7.4,184,22.7,150.0,76.0,74.0,334.6,3600.0,0.07,0.3,15.2,0.318,Napoli,40.8518,14.2681
2026-02-24T19:00,13.1,86,10.8,12.7,0.0,0.0,0.0,0.0,0.0,0,1019.5,1017.2,5,5,0,0,4.7,184,15.8,23.0,6.0,17.0,67.6,571.53,0.01,0.21,14.2,0.319,Napoli,40.8518,14.2681
2026-02-24T20:00,12.7,89,10.9,12.3,0.0,0.0,0.0,0.0,0.0,2,1019.9,1017.6,66,66,0,0,4.0,175,10.1,0.0,0.0,0.0,0.0,0.0,0.0,0.16,14.9,0.319,Napoli,40.8518,14.2681
2026-02-24T21:00,12.9,88,10.9,12.8,0.0,0.0,0.0,0.0,0.0,1,1020.3,1018.0,30,30,0,0,2.3,203,7.9,0.0,0.0,0.0,0.0,0.0,0.0,0.18,13.9,0.32,Napoli,40.8518,14.2681
2026-02-24T22:00,12.7,87,10.5,12.7,0.0,0.0,0.0,0.0,0.0,1,1020.5,1018.2,20,20,0,0,0.9,191,4.7,0.0,0.0,0.0,0.0,0.0,0.0,0.19,13.0,0.32,Napoli,40.8518,14.2681
2026-02-24T23:00,12.0,89,10.2,12.0,0.0,0.0,0.0,0.0,0.0,0,1020.9,1018.6,14,14,0,0,0.4,90,2.2,0.0,0.0,0.0,0.0,0.0,0.0,0.15,12.2,0.321,Napoli,40.8518,14.2681
2026-02-25T00:00,11.0,92,9.8,10.8,0.0,0.0,0.0,0.0,0.0,0,1020.9,1018.6,6,6,0,0,1.0,68,2.5,0.0,0.0,0.0,0.0,0.0,0.0,0.1,11.4,0.321,Napoli,40.8518,14.2681
2026-02-25T01:00,10.0,95,9.2,9.3,0.0,0.0,0.0,0.0,0.0,0,1021.4,1019.1,17,17,0,0,3.1,62,5.8,0.0,0.0,0.0,0.0,0.0,0.0,0.06,10.7,0.322,Napoli,40.8518,14.2681
2026-02-25T02:00,10.1,90,8.5,9.0,0.0,0.0,0.0,0.0,0.0,0,1021.7,1019.4,0,0,0,0,4.3,57,8.3,0.0,0.0,0.0,0.0,0.0,0.0,0.12,13.0,0.301,Napoli,40.8518,14.2681
2026-02-25T03:00,10.3,91,9.0,9.4,0.0,0.0,0.0,0.0,0.0,0,1021.7,1019.4,0,0,0,0,4.1,49,10.4,0.0,0.0,0.0,0.0,0.0,0.0,0.11,12.1,0.302,Napoli,40.8518,14.2681
2026-02-25T04:00,9.6,94,8.7,8.7,0.0,0.0,0.0,0.0,0.0,0,1021.6,1019.3,0,0,0,0,3.4,32,9.0,0.0,0.0,0.0,0.0,0.0,0.0,0.07,11.3,0.303,Napoli,40.8518,14.2681
2026-02-25T05:00,9.0,96,8.3,8.0,0.0,0.0,0.0,0.0,0.0,0,1021.6,1019.3,7,6,0,0,3.6,20,8.6,0.0,0.0,0.0,0.0,0.0,0.0,0.05,10.7,0.304,Napoli,40.8518,14.2681
2026-02-25T06:00,8.5,96,7.9,7.1,0.0,0.0,0.0,0.0,0.0,1,1021.9,1019.5,46,46,0,0,5.5,27,11.5,0.0,0.0,0.0,0.0,0.0,0.0,0.04,10.1,0.305,Napoli,40.8518,14.2681
2026-02-25T07:00,8.1,97,7.7,6.7,0.0,0.0,0.0,0.0,0.0,2,1022.3,1019.9,69,69,0,0,5.1,27,12.6,0.0,0.0,0.0,0.0,0.0,0.0,0.03,9.7,0.305,Napoli,40.8518,14.2681
2026-02-25T08:00,7.7,97,7.3,6.4,0.0,0.0,0.0,0.0,0.0,2,1022.7,1020.3,78,78,0,0,4.1,29,11.5,1.0,0.0,1.0,0.0,0.0,0.0,0.03,10.4,0.294,Napoli,40.8518,14.2681
2026-02-25T09:00,9.0,95,8.3,7.5,0.0,0.0,0.0,0.0,0.0,0,1023.4,1021.0,12,12,0,0,7.3,36,18.4,82.0,40.0,42.0,301.0,3600.0,0.02,0.05,10.3,0.295,Napoli,40.8518,14.2681
2026-02-25T10:00,11.6,91,10.2,10.5,0.0,0.0,0.0,0.0,0.0,0,1023.8,1021.5,1,1,0,0,7.8,40,19.4,251.0,171.0,80.0,555.4,3600.0,0.1,0.12,11.1,0.295,Napoli,40.8518,14.2681
2026-02-25T11:00,15.0,73,10.1,14.0,0.0,0.0,0.0,0.0,0.0,0,1023.8,1021.5,0,0,0,0,7.1,63,19.8,419.0,326.0,93.0,716.7,3600.0,0.21,0.46,12.7,0.294,Napoli,40.8518,14.2681
2026-02-25T12:00,16.5,62,9.1,15.3,0.0,0.0,0.0,0.0,0.0,0,1024.1,1021.8,0,0,0,0,6.1,102,21.2,548.0,445.0,103.0,789.2,3600.0,0.29,0.72,14.3,0.292,Napoli,40.8518,14.2681
2026-02-25T13:00,16.7,64,9.8,16.3,0.0,0.0,0.0,0.0,0.0,0,1024.4,1022.1,0,0,0,0,5.4,165,18.7,624.0,517.0,107.0,824.0,3600.0,0.34,0.68,15.7,0.29,Napoli,40.8518,14.2681
2026-02-25T14:00,16.9,72,11.8,16.9,0.0,0.0,0.0,0.0,0.0,0,1023.6,1021.3,0,0,0,0,7.0,183,21.6,640.0,532.0,108.0,829.6,3600.0,0.34,0.54,16.6,0.297,Napoli,40.8518,14.2681
2026-02-25T15:00,16.7,74,12.1,16.2,0.0,0.0,0.0,0.0,0.0,0,1023.4,1021.1,1,1,0,0,9.0,196,23.8,584.0,465.0,119.0,769.2,3600.0,0.3,0.49,17.2,0.294,Napoli,40.8518,14.2681
2026-02-25T16:00,16.1,76,11.9,15.4,0.0,0.0,0.0,0.0,0.0,0,1023.4,1021.1,2,2,0,0,8.8,195,23.8,485.0,377.0,108.0,725.7,3600.0,0.25,0.44,17.3,0.292,Napoli,40.8518,14.2681
2026-02-25T17:00,15.7,79,12.0,15.3,0.0,0.0,0.0,0.0,0.0,0,1023.5,1021.2,0,0,0,0,6.3,195,22.0,348.0,263.0,85.0,670.5,3600.0,0.17,0.38,17.0,0.291,Napoli,40.8518,14.2681
2026-02-25T18:00,15.1,84,12.5,15.2,0.0,0.0,0.0,0.0,0.0,0,1023.8,1021.5,0,0,0,0,4.3,197,16.2,175.0,113.0,62.0,488.7,3600.0,0.08,0.27,16.3,0.291,Napoli,40.8518,14.2681
2026-02-25T19:00,13.3,92,11.9,13.5,0.0,0.0,0.0,0.0,0.0,0,1024.2,1021.9,0,0,0,0,2.4,207,9.4,29.0,13.0,16.0,143.2,2696.24,0.0,0.13,15.0,0.292,Napoli,40.8518,14.2681
2026-02-25T20:00,13.5,88,11.6,13.9,0.0,0.0,0.0,0.0,0.0,0,1024.7,1022.4,0,0,0,0,0.4,297,5.0,0.0,0.0,0.0,0.0,0.0,0.0,0.18,14.5,0.293,Napoli,40.8518,14.2681
2026-02-25T21:00,12.5,92,11.2,12.5,0.0,0.0,0.0,0.0,0.0,0,1025.0,1022.7,0,0,0,0,2.1,20,4.7,0.0,0.0,0.0,0.0,0.0,0.0,0.12,13.4,0.294,Napoli,40.8518,14.2681
2026-02-25T22:00,11.9,92,10.6,11.7,0.0,0.0,0.0,0.0,0.0,0,1025.1,1022.8,0,0,0,0,2.6,16,5.4,0.0,0.0,0.0,0.0,0.0,0.0,0.12,12.5,0.295,Napoli,40.8518,14.2681
2026-02-25T23:00,11.8,91,10.3,11.7,0.0,0.0,0.0,0.0,0.0,0,1025.5,1023.2,0,0,0,0,1.3,45,5.4,0.0,0.0,0.0,0.0,0.0,0.0,0.13,11.7,0.296,Napoli,40.8518,14.2681
2026-02-26T00:00,11.4,91,10.0,11.4,0.0,0.0,0.0,0.0,0.0,0,1025.6,1023.3,0,0,0,0,0.2,360,3.6,0.0,0.0,0.0,0.0,0.0,0.0,0.12,11.0,0.296,Napoli,40.8518,14.2681
2026-02-26T01:00,10.9,94,9.9,10.7,0.0,0.0,0.0,0.0,0.0,0,1026.0,1023.7,0,0,0,0,1.0,225,2.5,0.0,0.0,0.0,0.0,0.0,0.0,0.08,10.4,0.297,Napoli,40.8518,14.2681
2026-02-26T02:00,9.9,94,9.0,9.6,0.0,0.0,0.0,0.0,0.0,0,1025.9,1023.6,0,0,0,0,0.3,315,3.2,0.0,0.0,0.0,0.0,0.0,0.0,0.08,9.6,0.3,Napoli,40.8518,14.2681
2026-02-26T03:00,9.1,96,8.5,8.6,0.0,0.0,0.0,0.0,0.0,0,1026.1,1023.7,8,8,0,0,0.6,18,2.5,0.0,0.0,0.0,0.0,0.0,0.0,0.05,9.2,0.3,Napoli,40.8518,14.2681
2026-02-26T04:00,8.4,96,7.8,7.6,0.0,0.0,0.0,0.0,0.0,1,1026.0,1023.6,28,28,0,0,1.4,40,3.6,0.0,0.0,0.0,0.0,0.0,0.0,0.04,8.9,0.301,Napoli,40.8518,14.2681
2026-02-26T05:00,7.8,96,7.1,6.7,0.0,0.0,0.0,0.0,0.0,1,1026.0,1023.6,34,34,0,0,1.9,34,4.0,0.0,0.0,0.0,0.0,0.0,0.0,0.05,8.6,0.302,Napoli,40.8518,14.2681
2026-02-26T06:00,7.3,95,6.5,6.0,0.0,0.0,0.0,0.0,0.0,1,1026.2,1023.8,43,43,0,0,2.6,34,5.8,0.0,0.0,0.0,0.0,0.0,0.0,0.05,8.3,0.302,Napoli,40.8518,14.2681
2026-02-26T07:00,6.9,94,6.0,5.5,0.0,0.0,0.0,0.0,0.0,1,1026.6,1024.2,48,48,0,0,2.7,42,5.4,0.0,0.0,0.0,0.0,0.0,0.0,0.06,8.0,0.303,Napoli,40.8518,14.2681
2026-02-26T08:00,7.2,91,5.7,5.8,0.0,0.0,0.0,0.0,0.0,1,1026.8,1024.4,25,25,0,0,2.2,42,6.5,2.0,0.0,2.0,0.0,0.0,0.0,0.1,8.2,0.3,Napoli,40.8518,14.2681
2026-02-26T09:00,9.1,88,7.1,7.7,0.0,0.0,0.0,0.0,0.0,0,1027.3,1024.9,13,13,0,0,4.1,45,9.0,89.0,48.0,41.0,348.1,3600.0,0.03,0.14,8.6,0.3,Napoli,40.8518,14.2681
2026-02-26T10:00,11.4,87,9.2,10.7,0.0,0.0,0.0,0.0,0.0,0,1027.7,1025.4,0,0,0,0,2.7,58,10.4,260.0,184.0,76.0,588.0,3600.0,0.11,0.18,9.9,0.3,Napoli,40.8518,14.2681
2026-02-26T11:00,13.9,80,10.4,13.7,0.0,0.0,0.0,0.0,0.0,0,1027.8,1025.5,0,0,0,0,1.7,108,10.8,425.0,331.0,94.0,719.6,3600.0,0.21,0.32,11.7,0.299,Napoli,40.8518,14.2681
2026-02-26T12:00,15.6,76,11.3,15.5,0.0,0.0,0.0,0.0,0.0,0,1028.0,1025.7,0,0,0,0,3.1,183,13.3,552.0,449.0,103.0,789.1,3600.0,0.29,0.43,13.7,0.298,Napoli,40.8518,14.2681
2026-02-26T13:00,16.4,75,12.0,16.8,0.0,0.0,0.0,0.0,0.0,0,1027.8,1025.5,0,0,0,0,4.9,204,17.3,628.0,519.0,109.0,820.5,3600.0,0.33,0.47,15.3,0.295,Napoli,40.8518,14.2681
2026-02-26T14:00,16.7,79,13.0,17.1,0.0,0.0,0.0,0.0,0.0,0,1027.2,1024.9,0,0,0,0,7.5,197,19.1,645.0,535.0,110.0,827.8,3600.0,0.33,0.4,16.8,0.289,Napoli,40.8518,14.2681
2026-02-26T15:00,16.8,79,13.1,17.0,0.0,0.0,0.0,0.0,0.0,0,1026.9,1024.6,0,0,0,0,7.1,199,22.0,601.0,494.0,107.0,810.8,3600.0,0.31,0.4,17.5,0.286,Napoli,40.8518,14.2681
2026-02-26T16:00,16.7,79,13.1,16.7,0.0,0.0,0.0,0.0,0.0,0,1026.7,1024.4,0,0,0,0,6.5,204,20.9,500.0,401.0,99.0,765.1,3600.0,0.26,0.39,17.7,0.284,Napoli,40.8518,14.2681
2026-02-26T17:00,16.3,79,12.7,16.2,0.0,0.0,0.0,0.0,0.0,0,1026.6,1024.3,0,0,0,0,6.4,218,19.1,353.0,267.0,86.0,673.3,3600.0,0.18,0.39,17.4,0.283,Napoli,40.8518,14.2681
2026-02-26T18:00,15.3,83,12.5,15.3,0.0,0.0,0.0,0.0,0.0,0,1026.7,1024.4,0,0,0,0,5.3,232,17.3,180.0,117.0,63.0,497.2,3600.0,0.08,0.29,16.6,0.283,Napoli,40.8518,14.2681
2026-02-26T19:00,13.2,91,11.7,13.3,0.0,0.0,0.0,0.0,0.0,0,1026.9,1024.6,0,0,0,0,2.5,262,11.2,32.0,14.0,18.0,150.9,2766.84,0.0,0.14,15.3,0.284,Napoli,40.8518,14.2681
2026-02-26T20:00,13.4,85,10.8,13.3,0.0,0.0,0.0,0.0,0.0,0,1027.0,1024.7,0,0,0,0,2.0,275,5.8,0.0,0.0,0.0,0.0,0.0,0.0,0.24,14.8,0.285,Napoli,40.8518,14.2681
2026-02-26T21:00,12.9,86,10.6,12.9,0.0,0.0,0.0,0.0,0.0,0,1027.3,1025.0,0,0,0,0,1.5,291,5.0,0.0,0.0,0.0,0.0,0.0,0.0,0.21,13.6,0.285,Napoli,40.8518,14.2681
2026-02-26T22:00,12.6,86,10.3,12.6,0.0,0.0,0.0,0.0,0.0,0,1027.5,1025.2,0,0,0,0,0.7,284,4.0,0.0,0.0,0.0,0.0,0.0,0.0,0.21,12.5,0.286,Napoli,40.8518,14.2681
2026-02-26T23:00,12.3,87,10.2,12.3,0.0,0.0,0.0,0.0,0.0,0,1027.7,1025.4,0,0,0,0,0.5,315,2.5,0.0,0.0,0.0,0.0,0.0,0.0,0.19,11.7,0.287,Napoli,40.8518,14.2681
2026-02-27T00:00,11.9,88,10.0,11.8,0.0,0.0,0.0,0.0,0.0,0,1027.6,1025.3,0,0,0,0,0.4,243,2.2,0.0,0.0,0.0,0.0,0.0,0.0,0.16,10.9,0.288,Napoli,40.8518,14.2681
2026-02-27T01:00,11.4,91,9.9,11.3,0.0,0.0,0.0,0.0,0.0,0,1027.6,1025.3,0,0,0,0,0.5,225,2.2,0.0,0.0,0.0,0.0,0.0,0.0,0.12,10.3,0.288,Napoli,40.8518,14.2681
2026-02-27T02:00,10.1,99,10.0,10.0,0.0,0.0,0.0,0.0,0.0,3,1027.7,1025.3,100,100,0,0,0.6,124,2.2,0.0,0.0,0.0,0.0,0.0,0.0,0.01,10.6,0.283,Napoli,40.8518,14.2681
2026-02-27T03:00,9.9,99,9.8,9.6,0.0,0.0,0.0,0.0,0.0,3,1027.5,1025.1,98,98,0,0,1.5,120,3.2,0.0,0.0,0.0,0.0,0.0,0.0,0.01,10.3,0.283,Napoli,40.8518,14.2681
2026-02-27T04:00,9.6,99,9.5,9.1,0.0,0.0,0.0,0.0,0.0,3,1027.2,1024.8,100,100,0,0,2.3,122,4.7,0.0,0.0,0.0,0.0,0.0,0.0,0.01,10.0,0.284,Napoli,40.8518,14.2681
2026-02-27T05:00,10.1,96,9.4,9.5,0.0,0.0,0.0,0.0,0.0,3,1027.2,1024.8,98,98,0,0,3.1,118,6.5,0.0,0.0,0.0,0.0,0.0,0.0,0.05,9.9,0.285,Napoli,40.8518,14.2681
2026-02-27T06:00,10.1,92,8.9,9.3,0.0,0.0,0.0,0.0,0.0,3,1027.1,1024.7,100,100,0,0,3.8,107,7.9,0.0,0.0,0.0,0.0,0.0,0.0,0.1,9.9,0.286,Napoli,40.8518,14.2681
2026-02-27T07:00,10.3,92,9.1,9.4,0.0,0.0,0.0,0.0,0.0,3,1027.4,1025.1,100,100,0,0,4.7,97,10.8,0.0,0.0,0.0,0.0,0.0,0.0,0.1,10.1,0.286,Napoli,40.8518,14.2681
2026-02-27T08:00,10.2,93,9.0,9.2,0.0,0.0,0.0,0.0,0.0,3,1027.5,1025.1,100,100,0,0,4.9,82,12.2,1.0,0.0,1.0,0.0,0.0,0.01,0.09,11.2,0.278,Napoli,40.8518,14.2681
2026-02-27T09:00,10.9,96,10.3,10.3,0.0,0.0,0.0,0.0,0.0,3,1027.7,1025.4,100,100,0,0,5.1,84,13.3,38.0,0.0,38.0,0.0,0.0,0.02,0.05,11.3,0.279,Napoli,40.8518,14.2681
2026-02-27T10:00,11.4,99,11.2,11.1,0.0,0.0,0.0,0.0,0.0,3,1027.9,1025.6,100,100,0,0,4.6,79,13.3,104.0,0.0,104.0,0.0,0.0,0.05,0.01,11.7,0.279,Napoli,40.8518,14.2681
2026-02-27T11:00,12.5,95,11.8,12.4,0.0,0.0,0.0,0.0,0.0,3,1027.9,1025.6,100,100,0,0,3.8,73,14.0,232.0,64.0,168.0,137.6,2327.76,0.11,0.07,12.6,0.28,Napoli,40.8518,14.2681
2026-02-27T12:00,13.8,88,11.8,14.1,0.1,0.1,0.0,0.0,0.0,51,1027.8,1025.5,100,100,0,0,1.7,139,13.7,317.0,57.0,260.0,99.3,1178.43,0.17,0.19,13.6,0.281,Napoli,40.8518,14.2681
2026-02-27T13:00,15.2,78,11.4,14.9,0.1,0.1,0.0,0.0,0.0,51,1027.4,1025.1,98,98,0,0,5.0,199,16.6,469.0,212.0,257.0,332.5,3600.0,0.25,0.38,14.9,0.281,Napoli,40.8518,14.2681
2026-02-27T14:00,15.4,75,11.1,14.9,0.1,0.1,0.0,0.0,0.0,51,1027.0,1024.7,100,100,0,0,5.3,225,20.5,536.0,309.0,227.0,474.5,3600.0,0.28,0.43,15.5,0.284,Napoli,40.8518,14.2681
2026-02-27T15:00,15.6,74,11.0,15.0,0.0,0.0,0.0,0.0,0.0,3,1026.4,1024.1,100,100,0,0,6.4,225,19.4,507.0,310.0,197.0,504.9,3600.0,0.27,0.46,16.2,0.282,Napoli,40.8518,14.2681
2026-02-27T16:00,15.4,75,11.0,14.8,0.0,0.0,0.0,0.0,0.0,3,1026.0,1023.7,100,100,0,0,6.6,233,19.8,436.0,272.0,164.0,514.5,3600.0,0.23,0.44,16.5,0.281,Napoli,40.8518,14.2681
2026-02-27T17:00,14.9,77,10.9,14.2,0.0,0.0,0.0,0.0,0.0,3,1025.6,1023.3,98,98,0,0,6.4,243,19.4,316.0,178.0,138.0,444.1,3600.0,0.16,0.39,16.3,0.28,Napoli,40.8518,14.2681
2026-02-27T18:00,14.3,77,10.3,13.5,0.0,0.0,0.0,0.0,0.0,1,1025.2,1022.9,37,37,0,0,5.8,266,17.6,169.0,90.0,79.0,375.9,3600.0,0.08,0.37,15.6,0.28,Napoli,40.8518,14.2681
2026-02-27T19:00,12.8,86,10.5,12.3,0.0,0.0,0.0,0.0,0.0,0,1025.1,1022.8,1,1,0,0,4.3,298,13.0,33.0,13.0,20.0,137.1,2642.11,0.01,0.2,14.5,0.28,Napoli,40.8518,14.2681
2026-02-27T20:00,12.2,88,10.2,11.4,0.0,0.0,0.0,0.0,0.0,0,1025.3,1023.0,3,3,0,0,5.6,318,9.7,0.0,0.0,0.0,0.0,0.0,0.0,0.18,15.4,0.281,Napoli,40.8518,14.2681
2026-02-27T21:00,11.9,90,10.2,11.2,0.0,0.0,0.0,0.0,0.0,0,1025.4,1023.1,3,3,0,0,5.0,325,13.0,0.0,0.0,0.0,0.0,0.0,0.0,0.14,14.1,0.281,Napoli,40.8518,14.2681
2026-02-27T22:00,11.2,92,10.0,10.7,0.0,0.0,0.0,0.0,0.0,0,1025.5,1023.2,16,16,0,0,3.4,335,10.8,0.0,0.0,0.0,0.0,0.0,0.0,0.11,13.0,0.282,Napoli,40.8518,14.2681
2026-02-27T23:00,10.7,94,9.7,10.2,0.0,0.0,0.0,0.0,0.0,1,1025.6,1023.3,27,27,0,0,2.7,356,7.6,0.0,0.0,0.0,0.0,0.0,0.0,0.08,12.2,0.282,Napoli,40.8518,14.2681
2026-02-28T00:00,10.2,95,9.4,9.6,0.0,0.0,0.0,0.0,0.0,1,1025.4,1023.1,35,35,0,0,2.7,37,5.8,0.0,0.0,0.0,0.0,0.0,0.0,0.06,11.5,0.283,Napoli,40.8518,14.2681
2026-02-28T01:00,9.8,97,9.3,9.2,0.0,0.0,0.0,0.0,0.0,1,1025.5,1023.2,38,38,0,0,2.7,67,5.8,0.0,0.0,0.0,0.0,0.0,0.0,0.04,11.1,0.284,Napoli,40.8518,14.2681
2026-02-28T02:00,10.7,97,10.2,10.4,0.0,0.0,0.0,0.0,0.0,0,1025.3,1023.0,18,18,0,0,2.2,85,5.8,0.0,0.0,0.0,0.0,0.0,0.0,0.04,14.3,0.285,Napoli,40.8518,14.2681
2026-02-28T03:00,11.4,95,10.7,11.2,0.0,0.0,0.0,0.0,0.0,0,1025.0,1022.7,18,18,0,0,2.9,86,7.9,0.0,0.0,0.0,0.0,0.0,0.0,0.06,13.6,0.286,Napoli,40.8518,14.2681
2026-02-28T04:00,10.9,98,10.5,10.5,0.0,0.0,0.0,0.0,0.0,1,1024.6,1022.3,42,42,0,0,3.3,49,7.2,0.0,0.0,0.0,0.0,0.0,0.0,0.03,12.9,0.286,Napoli,40.8518,14.2681
2026-02-28T05:00,10.2,95,9.5,9.5,0.0,0.0,0.0,0.0,0.0,3,1024.6,1022.3,97,97,0,0,4.2,47,10.4,0.0,0.0,0.0,0.0,0.0,0.0,0.06,12.2,0.287,Napoli,40.8518,14.2681
2026-02-28T06:00,9.9,93,8.9,8.9,0.0,0.0,0.0,0.0,0.0,3,1024.9,1022.6,100,100,0,0,4.6,45,11.5,0.0,0.0,0.0,0.0,0.0,0.0,0.08,11.6,0.287,Napoli,40.8518,14.2681
2026-02-28T07:00,9.5,95,8.8,8.5,0.0,0.0,0.0,0.0,0.0,3,1025.0,1022.6,100,100,0,0,4.5,47,11.9,0.0,0.0,0.0,0.0,0.0,0.0,0.05,11.3,0.288,Napoli,40.8518,14.2681
2026-02-28T08:00,9.2,99,9.1,8.1,0.0,0.0,0.0,0.0,0.0,3,1024.9,1022.5,100,100,0,0,5.9,31,12.6,2.0,0.0,2.0,0.0,0.0,0.0,0.01,14.0,0.289,Napoli,40.8518,14.2681
2026-02-28T09:00,9.6,99,9.5,8.5,0.0,0.0,0.0,0.0,0.0,3,1025.2,1022.8,100,100,0,0,6.3,39,16.6,68.0,14.0,54.0,94.7,1040.3,0.02,0.01,13.2,0.289,Napoli,40.8518,14.2681
2026-02-28T10:00,11.1,92,9.9,10.2,0.0,0.0,0.0,0.0,0.0,2,1025.3,1023.0,62,62,0,0,5.6,33,16.9,207.0,81.0,126.0,250.7,3600.0,0.09,0.1,13.2,0.288,Napoli,40.8518,14.2681
2026-02-28T11:00,13.0,84,10.3,12.4,0.0,0.0,0.0,0.0,0.0,2,1025.4,1023.1,54,54,0,0,4.3,28,16.6,388.0,237.0,151.0,503.9,3600.0,0.18,0.24,14.1,0.287,Napoli,40.8518,14.2681
2026-02-28T12:00,14.4,77,10.5,14.3,0.0,0.0,0.0,0.0,0.0,3,1025.4,1023.1,100,100,0,0,1.8,6,15.8,533.0,377.0,156.0,650.8,3600.0,0.28,0.38,15.3,0.286,Napoli,40.8518,14.2681
2026-02-28T13:00,15.2,73,10.4,14.8,0.0,0.0,0.0,0.0,0.0,3,1024.9,1022.6,100,100,0,0,3.4,212,14.0,546.0,342.0,204.0,532.2,3600.0,0.29,0.46,16.4,0.284,Napoli,40.8518,14.2681
2026-02-28T14:00,15.4,69,9.7,14.6,0.0,0.0,0.0,0.0,0.0,3,1024.7,1022.4,98,98,0,0,4.4,189,20.5,547.0,321.0,226.0,489.3,3600.0,0.29,0.54,16.7,0.283,Napoli,40.8518,14.2681
2026-02-28T15:00,15.5,71,10.2,14.4,0.0,0.0,0.0,0.0,0.0,3,1024.3,1022.0,100,100,0,0,7.8,203,22.0,548.0,363.0,185.0,586.7,3600.0,0.28,0.52,17.2,0.281,Napoli,40.8518,14.2681
2026-02-28T16:00,15.0,77,10.9,13.9,0.0,0.0,0.0,0.0,0.0,3,1024.0,1021.7,93,93,0,0,9.1,214,24.5,449.0,280.0,169.0,525.2,3600.0,0.22,0.4,17.1,0.279,Napoli,40.8518,14.2681
2026-02-28T17:00,14.3,80,11.0,13.2,0.0,0.0,0.0,0.0,0.0,0,1023.8,1021.5,2,2,0,0,9.8,230,25.2,342.0,229.0,113.0,565.2,3600.0,0.16,0.32,16.7,0.277,Napoli,40.8518,14.2681
2026-02-28T18:00,13.6,83,10.7,12.8,0.0,0.0,0.0,0.0,0.0,0,1023.8,1021.5,4,4,0,0,7.2,215,24.5,190.0,124.0,66.0,509.4,3600.0,0.08,0.27,15.9,0.277,Napoli,40.8518,14.2681
2026-02-28T19:00,12.3,90,10.6,12.0,0.0,0.0,0.0,0.0,0.0,0,1023.7,1021.4,2,2,0,0,3.1,220,16.9,36.0,16.0,20.0,165.2,2906.77,0.01,0.15,14.7,0.277,Napoli,40.8518,14.2681
2026-02-28T20:00,12.1,86,9.8,12.0,0.0,0.0,0.0,0.0,0.0,0,1024.0,1021.7,10,10,0,0,0.6,252,6.8,0.0,0.0,0.0,0.0,0.0,0.0,0.2,14.1,0.255,Napoli,40.8518,14.2681
2026-02-28T21:00,11.7,87,9.5,11.5,0.0,0.0,0.0,0.0,0.0,0,1024.1,1021.8,13,13,0,0,0.2,360,2.5,0.0,0.0,0.0,0.0,0.0,0.0,0.18,13.0,0.256,Napoli,40.8518,14.2681
2026-02-28T22:00,10.8,90,9.3,10.4,0.0,0.0,0.0,0.0,0.0,0,1024.3,1022.0,13,13,0,0,1.9,29,4.0,0.0,0.0,0.0,0.0,0.0,0.0,0.12,12.1,0.256,Napoli,40.8518,14.2681
2026-02-28T23:00,10.2,93,9.0,9.6,0.0,0.0,0.0,0.0,0.0,0,1024.5,1022.2,5,5,0,0,2.2,24,5.0,0.0,0.0,0.0,0.0,0.0,0.0,0.09,11.4,0.257,Napoli,40.8518,14.2681
2026-03-01T00:00,9.7,93,8.7,9.2,0.0,0.0,0.0,0.0,0.0,1,1024.6,1022.3,34,13,0,25,1.2,27,4.7,0.0,0.0,0.0,0.0,0.0,0.0,0.08,10.7,0.258,Napoli,40.8518,14.2681
2026-03-01T01:00,8.9,96,8.3,8.2,0.0,0.0,0.0,0.0,0.0,2,1024.5,1022.1,75,32,0,63,1.4,23,3.2,0.0,0.0,0.0,0.0,0.0,0.0,0.04,10.3,0.259,Napoli,40.8518,14.2681
2026-03-01T02:00,8.8,96,8.3,7.8,0.0,0.0,0.0,0.0,0.0,3,1024.6,1022.2,100,26,0,99,4.0,51,6.5,0.0,0.0,0.0,0.0,0.0,0.0,0.04,11.5,0.271,Napoli,40.8518,14.2681
2026-03-01T03:00,8.9,97,8.5,7.9,0.0,0.0,0.0,0.0,0.0,3,1024.5,1022.1,94,45,0,89,4.4,69,9.7,0.0,0.0,0.0,0.0,0.0,0.0,0.03,11.0,0.271,Napoli,40.8518,14.2681
2026-03-01T04:00,8.4,99,8.2,7.5,0.0,0.0,0.0,0.0,0.0,3,1024.4,1022.0,100,100,0,2,2.7,86,8.6,0.0,0.0,0.0,0.0,0.0,0.0,0.01,10.5,0.272,Napoli,40.8518,14.2681
2026-03-01T05:00,8.2,99,8.1,7.4,0.0,0.0,0.0,0.0,0.0,3,1024.6,1022.2,100,100,0,0,1.9,61,5.4,0.0,0.0,0.0,0.0,0.0,0.0,0.01,10.1,0.273,Napoli,40.8518,14.2681
2026-03-01T06:00,8.0,98,7.7,6.9,0.0,0.0,0.0,0.0,0.0,3,1024.8,1022.4,100,100,0,0,3.2,52,7.6,0.0,0.0,0.0,0.0,0.0,0.0,0.02,9.9,0.273,Napoli,40.8518,14.2681
2026-03-01T07:00,7.8,99,7.7,6.5,0.0,0.0,0.0,0.0,0.0,3,1025.1,1022.7,100,100,0,0,4.6,51,10.4,0.0,0.0,0.0,0.0,0.0,0.0,0.01,9.7,0.274,Napoli,40.8518,14.2681
2026-03-01T08:00,8.0,97,7.5,6.8,0.0,0.0,0.0,0.0,0.0,3,1025.3,1022.9,100,100,0,0,3.6,57,11.9,3.0,0.0,3.0,0.0,0.0,0.0,0.03,12.0,0.27,Napoli,40.8518,14.2681
2026-03-01T09:00,9.0,98,8.8,8.2,0.0,0.0,0.0,0.0,0.0,3,1025.9,1023.5,100,100,0,0,3.1,54,10.4,62.0,5.0,57.0,32.7,0.0,0.02,0.02,11.7,0.27,Napoli,40.8518,14.2681
2026-03-01T10:00,10.6,95,9.8,10.1,0.0,0.0,0.0,0.0,0.0,2,1026.4,1024.1,64,64,0,0,2.9,86,12.2,197.0,65.0,132.0,198.0,3600.0,0.09,0.07,12.2,0.27,Napoli,40.8518,14.2681
2026-03-01T11:00,12.7,87,10.7,12.6,0.0,0.0,0.0,0.0,0.0,1,1026.7,1024.4,31,31,0,0,2.4,99,12.6,363.0,174.0,189.0,366.0,3600.0,0.18,0.19,13.3,0.27,Napoli,40.8518,14.2681
2026-03-01T12:00,14.3,76,10.1,13.4,0.0,0.0,0.0,0.0,0.0,0,1026.7,1024.4,14,14,0,0,6.3,162,19.4,505.0,316.0,189.0,540.8,3600.0,0.25,0.4,14.5,0.268,Napoli,40.8518,14.2681
2026-03-01T13:00,14.7,71,9.4,13.4,0.0,0.0,0.0,0.0,0.0,1,1026.4,1024.1,20,20,0,0,8.6,170,24.8,573.0,404.0,169.0,623.8,3600.0,0.29,0.49,15.5,0.265,Napoli,40.8518,14.2681
2026-03-01T14:00,15.2,64,8.5,14.1,0.0,0.0,0.0,0.0,0.0,3,1026.2,1023.9,93,16,0,91,7.9,163,28.1,625.0,479.0,146.0,724.7,3600.0,0.32,0.61,16.1,0.267,Napoli,40.8518,14.2681
2026-03-01T15:00,14.9,69,9.2,13.6,0.0,0.0,0.0,0.0,0.0,1,1025.7,1023.4,43,31,0,16,8.3,166,24.1,578.0,410.0,168.0,657.6,3600.0,0.29,0.53,16.6,0.264,Napoli,40.8518,14.2681
2026-03-01T16:00,14.5,76,10.3,13.2,0.0,0.0,0.0,0.0,0.0,0,1025.7,1023.4,15,15,0,0,8.8,175,24.5,466.0,321.0,145.0,597.1,3600.0,0.23,0.4,16.7,0.262,Napoli,40.8518,14.2681
2026-03-01T17:00,14.1,81,10.9,13.0,0.0,0.0,0.0,0.0,0.0,1,1025.7,1023.4,32,20,0,14,9.2,183,24.1,342.0,231.0,111.0,564.3,3600.0,0.16,0.3,16.4,0.261,Napoli,40.8518,14.2681
2026-03-01T18:00,13.7,84,11.0,12.9,0.0,0.0,0.0,0.0,0.0,3,1025.9,1023.6,95,34,0,93,7.9,191,23.8,170.0,94.0,76.0,379.8,3600.0,0.08,0.26,15.6,0.26,Napoli,40.8518,14.2681
2026-03-01T19:00,12.6,90,11.1,12.4,0.0,0.0,0.0,0.0,0.0,2,1025.7,1023.4,50,41,0,15,3.4,164,18.7,34.0,10.0,24.0,101.1,1625.37,0.01,0.14,14.5,0.261,Napoli,40.8518,14.2681
2026-03-01T20:00,12.3,90,10.7,12.4,0.0,0.0,0.0,0.0,0.0,3,1025.6,1023.3,99,34,0,99,0.4,63,7.9,0.0,0.0,0.0,0.0,0.0,0.0,0.14,14.2,0.235,Napoli,40.8518,14.2681
2026-03-01T21:00,12.0,92,10.7,12.1,0.1,0.1,0.0,0.0,0.0,51,1025.8,1023.5,91,40,0,86,0.6,326,2.5,0.0,0.0,0.0,0.0,0.0,0.0,0.12,13.3,0.238,Napoli,40.8518,14.2681
2026-03-01T22:00,11.5,93,10.4,11.4,0.1,0.1,0.0,0.0,0.0,51,1026.2,1023.9,38,38,0,0,1.6,333,3.2,0.0,0.0,0.0,0.0,0.0,0.0,0.1,12.5,0.24,Napoli,40.8518,14.2681
2026-03-01T23:00,11.0,94,10.0,10.8,0.0,0.0,0.0,0.0,0.0,2,1026.4,1024.1,59,59,0,0,1.7,342,2.9,0.0,0.0,0.0,0.0,0.0,0.0,0.08,11.8,0.241,Napoli,40.8518,14.2681
2026-03-02T00:00,10.5,94,9.6,10.1,0.0,0.0,0.0,0.0,0.0,1,1026.7,1024.4,37,37,0,0,1.9,311,4.7,0.0,0.0,0.0,0.0,0.0,0.0,0.07,11.1,0.242,Napoli,40.8518,14.2681
2026-03-02T01:00,10.1,96,9.4,9.8,0.0,0.0,0.0,0.0,0.0,2,1026.5,1024.2,67,25,0,56,0.6,56,4.3,0.0,0.0,0.0,0.0,0.0,0.0,0.05,10.6,0.243,Napoli,40.8518,14.2681
2026-03-02T02:00,10.2,90,8.7,9.5,0.0,0.0,0.0,0.0,0.0,3,1026.1,1023.8,97,39,0,95,2.0,175,2.2,0.0,0.0,0.0,0.0,0.0,0.0,0.12,11.4,0.252,Napoli,40.8518,14.2681
2026-03-02T03:00,10.4,89,8.6,9.6,0.0,0.0,0.0,0.0,0.0,3,1026.1,1023.8,100,9,0,100,2.4,171,5.8,0.0,0.0,0.0,0.0,0.0,0.0,0.14,10.9,0.253,Napoli,40.8518,14.2681
2026-03-02T04:00,9.8,90,8.2,9.0,0.0,0.0,0.0,0.0,0.0,3,1025.9,1023.5,100,23,0,100,2.5,172,5.8,0.0,0.0,0.0,0.0,0.0,0.0,0.12,10.3,0.254,Napoli,40.8518,14.2681
2026-03-02T05:00,9.8,91,8.3,9.0,0.0,0.0,0.0,0.0,0.0,3,1025.9,1023.5,100,24,0,100,2.2,194,6.1,0.0,0.0,0.0,0.0,0.0,0.0,0.11,10.0,0.255,Napoli,40.8518,14.2681
2026-03-02T06:00,9.3,93,8.2,8.5,0.0,0.0,0.0,0.0,0.0,3,1026.2,1023.8,100,31,2,100,2.6,245,6.1,0.0,0.0,0.0,0.0,0.0,0.0,0.08,9.7,0.255,Napoli,40.8518,14.2681
2026-03-02T07:00,9.3,93,8.2,8.6,0.0,0.0,0.0,0.0,0.0,3,1026.6,1024.2,100,35,11,100,1.8,294,6.8,0.0,0.0,0.0,0.0,0.0,0.0,0.09,9.6,0.256,Napoli,40.8518,14.2681
2026-03-02T08:00,9.4,92,8.1,8.4,0.0,0.0,0.0,0.0,0.0,3,1026.4,1024.0,100,31,100,100,3.3,68,5.0,3.0,0.0,3.0,0.0,0.0,0.0,0.1,9.1,0.258,Napoli,40.8518,14.2681
2026-03-02T09:00,10.3,91,8.9,9.3,0.0,0.0,0.0,0.0,0.0,3,1026.6,1024.3,100,41,80,100,4.5,76,9.7,61.0,3.0,58.0,19.0,0.0,0.03,0.11,9.6,0.258,Napoli,40.8518,14.2681
2026-03-02T10:00,12.3,88,10.3,11.7,0.0,0.0,0.0,0.0,0.0,3,1026.7,1024.4,93,17,10,91,4.5,106,13.3,235.0,110.0,125.0,330.0,3600.0,0.1,0.17,10.9,0.258,Napoli,40.8518,14.2681
2026-03-02T11:00,13.9,75,9.5,12.9,0.0,0.0,0.0,0.0,0.0,3,1026.9,1024.6,95,67,2,85,5.8,164,16.6,424.0,293.0,131.0,609.7,3600.0,0.21,0.4,12.5,0.257,Napoli,40.8518,14.2681
2026-03-02T12:00,14.6,68,8.8,12.9,0.0,0.0,0.0,0.0,0.0,3,1027.1,1024.8,98,97,0,23,8.9,187,24.1,514.0,353.0,161.0,598.9,3600.0,0.26,0.52,13.8,0.256,Napoli,40.8518,14.2681
2026-03-02T13:00,14.8,72,9.8,13.4,0.1,0.1,0.0,0.0,0.0,51,1027.1,1024.8,100,100,0,93,11.1,188,29.2,590.0,408.0,182.0,625.1,3600.0,0.29,0.48,14.9,0.254,Napoli,40.8518,14.2681
2026-03-02T14:00,14.9,72,9.8,13.6,0.0,0.0,0.0,0.0,0.0,3,1026.7,1024.4,100,84,6,100,8.2,188,30.2,547.0,342.0,205.0,513.6,3600.0,0.28,0.48,15.7,0.26,Napoli,40.8518,14.2681
2026-03-02T15:00,14.7,74,10.2,13.4,0.0,0.0,0.0,0.0,0.0,3,1026.2,1023.9,100,72,39,100,9.7,183,26.3,511.0,324.0,187.0,515.8,3600.0,0.26,0.43,16.1,0.258,Napoli,40.8518,14.2681
2026-03-02T16:00,14.7,75,10.3,13.5,0.0,0.0,0.0,0.0,0.0,3,1025.8,1023.5,99,48,91,90,8.3,191,25.9,422.0,202.0,220.0,372.6,3600.0,0.21,0.42,16.2,0.256,Napoli,40.8518,14.2681
2026-03-02T17:00,14.4,77,10.3,13.3,0.0,0.0,0.0,0.0,0.0,3,1025.7,1023.4,98,37,93,46,7.6,195,22.0,307.0,149.0,158.0,360.2,3600.0,0.15,0.38,15.9,0.255,Napoli,40.8518,14.2681
2026-03-02T18:00,13.8,80,10.4,13.0,0.0,0.0,0.0,0.0,0.0,3,1025.7,1023.4,100,14,99,88,6.0,207,19.4,142.0,47.0,95.0,186.9,3600.0,0.07,0.31,15.2,0.254,Napoli,40.8518,14.2681
2026-03-02T19:00,12.9,87,10.9,12.8,0.0,0.0,0.0,0.0,0.0,3,1025.7,1023.4,100,0,100,67,2.7,228,13.7,27.0,3.0,24.0,29.7,0.0,0.01,0.19,14.3,0.255,Napoli,40.8518,14.2681
2026-03-02T20:00,12.7,88,10.8,12.7,0.0,0.0,0.0,0.0,0.0,3,1026.0,1023.7,100,0,100,0,1.3,254,6.5,0.0,0.0,0.0,0.0,0.0,0.0,0.17,14.7,0.236,Napoli,40.8518,14.2681
2026-03-02T21:00,12.3,90,10.7,12.1,0.0,0.0,0.0,0.0,0.0,1,1026.0,1023.7,46,0,41,13,2.7,337,6.1,0.0,0.0,0.0,0.0,0.0,0.0,0.15,13.7,0.237,Napoli,40.8518,14.2681
2026-03-02T22:00,11.2,92,9.9,10.7,0.0,0.0,0.0,0.0,0.0,3,1026.3,1024.0,100,0,100,100,2.7,356,6.5,0.0,0.0,0.0,0.0,0.0,0.0,0.11,12.7,0.238,Napoli,40.8518,14.2681
2026-03-02T23:00,10.9,91,9.5,10.3,0.0,0.0,0.0,0.0,0.0,0,1026.5,1024.2,8,0,7,0,2.6,25,5.8,0.0,0.0,0.0,0.0,0.0,0.0,0.11,12.1,0.238,Napoli,40.8518,14.2681
2026-03-03T00:00,10.1,91,8.7,9.3,0.0,0.0,0.0,0.0,0.0,0,1026.5,1024.2,6,0,6,0,3.3,9,6.8,0.0,0.0,0.0,0.0,0.0,0.0,0.12,11.3,0.239,Napoli,40.8518,14.2681
2026-03-03T01:00,9.8,89,8.0,8.8,0.0,0.0,0.0,0.0,0.0,1,1026.4,1024.0,27,0,27,0,2.7,8,7.2,0.0,0.0,0.0,0.0,0.0,0.0,0.13,10.6,0.24,Napoli,40.8518,14.2681
2026-03-03T02:00,9.7,88,7.8,8.8,0.0,0.0,0.0,0.0,0.0,1,1026.3,1023.9,29,0,29,0,2.4,13,5.8,0.0,0.0,0.0,0.0,0.0,0.0,0.15,10.3,0.243,Napoli,40.8518,14.2681
2026-03-03T03:00,9.1,89,7.5,8.0,0.0,0.0,0.0,0.0,0.0,0,1026.3,1023.9,2,0,2,0,3.0,14,6.8,0.0,0.0,0.0,0.0,0.0,0.0,0.12,9.8,0.244,Napoli,40.8518,14.2681
2026-03-03T04:00,8.5,91,7.0,7.3,0.0,0.0,0.0,0.0,0.0,0,1026.2,1023.8,5,0,5,0,2.6,34,6.8,0.0,0.0,0.0,0.0,0.0,0.0,0.1,9.3,0.244,Napoli,40.8518,14.2681
2026-03-03T05:00,7.8,92,6.7,6.5,0.0,0.0,0.0,0.0,0.0,0,1026.1,1023.7,19,0,19,0,3.2,34,6.5,0.0,0.0,0.0,0.0,0.0,0.0,0.08,8.8,0.245,Napoli,40.8518,14.2681
2026-03-03T06:00,7.4,93,6.4,5.9,0.0,0.0,0.0,0.0,0.0,0,1026.5,1024.1,18,0,18,0,3.4,32,6.8,0.0,0.0,0.0,0.0,0.0,0.0,0.07,8.5,0.246,Napoli,40.8518,14.2681
2026-03-03T07:00,7.0,94,6.1,5.5,0.0,0.0,0.0,0.0,0.0,0,1026.7,1024.3,13,13,0,0,3.2,19,7.2,0.0,0.0,0.0,0.0,0.0,0.0,0.06,8.1,0.247,Napoli,40.8518,14.2681
2026-03-03T08:00,7.0,93,6.0,5.5,0.0,0.0,0.0,0.0,0.0,0,1026.8,1024.4,0,0,0,0,2.7,20,6.5,5.0,1.0,4.0,18.6,0.0,0.0,0.07,8.9,0.244,Napoli,40.8518,14.2681
2026-03-03T09:00,9.0,91,7.6,7.6,0.0,0.0,0.0,0.0,0.0,0,1026.9,1024.5,0,0,0,0,5.0,38,11.9,108.0,58.0,50.0,355.9,3600.0,0.03,0.11,9.3,0.244,Napoli,40.8518,14.2681
2026-03-03T10:00,11.5,85,9.1,10.7,0.0,0.0,0.0,0.0,0.0,0,1027.1,1024.8,0,0,0,0,3.6,63,13.0,283.0,200.0,83.0,590.9,3600.0,0.12,0.2,10.5,0.244,Napoli,40.8518,14.2681
2026-03-03T11:00,13.8,77,9.9,13.4,0.0,0.0,0.0,0.0,0.0,0,1027.3,1025.0,0,0,0,0,2.5,90,13.0,450.0,351.0,99.0,722.7,3600.0,0.22,0.36,12.3,0.243,Napoli,40.8518,14.2681
2026-03-03T12:00,15.4,69,9.8,15.1,0.0,0.0,0.0,0.0,0.0,0,1027.5,1025.2,0,0,0,0,2.6,146,13.3,579.0,469.0,110.0,788.9,3600.0,0.31,0.53,14.1,0.241,Napoli,40.8518,14.2681
2026-03-03T13:00,16.1,64,9.3,15.9,0.0,0.0,0.0,0.0,0.0,0,1027.3,1025.0,0,0,0,0,4.7,180,16.6,654.0,540.0,114.0,821.1,3600.0,0.35,0.66,15.7,0.239,Napoli,40.8518,14.2681
2026-03-03T14:00,16.5,65,10.0,16.6,0.0,0.0,0.0,0.0,0.0,0,1026.7,1024.4,0,0,0,0,4.9,190,20.9,672.0,558.0,114.0,832.0,3600.0,0.36,0.65,15.9,0.234,Napoli,40.8518,14.2681
2026-03-03T15:00,16.6,69,10.9,16.4,0.0,0.0,0.0,0.0,0.0,0,1025.8,1023.5,0,0,0,0,6.6,193,19.8,627.0,517.0,110.0,817.1,3600.0,0.33,0.59,16.9,0.232,Napoli,40.8518,14.2681
2026-03-03T16:00,16.0,74,11.3,15.0,0.0,0.0,0.0,0.0,0.0,0,1025.3,1023.0,0,0,0,0,8.8,197,23.0,526.0,424.0,102.0,775.8,3600.0,0.27,0.48,17.2,0.229,Napoli,40.8518,14.2681
2026-03-03T17:00,15.0,77,11.1,14.1,0.0,0.0,0.0,0.0,0.0,0,1025.1,1022.8,2,0,0,2,8.2,195,23.0,376.0,287.0,89.0,686.9,3600.0,0.18,0.39,16.9,0.228,Napoli,40.8518,14.2681
2026-03-03T18:00,14.0,84,11.4,13.3,0.0,0.0,0.0,0.0,0.0,0,1025.4,1023.1,0,0,0,0,7.5,195,20.5,198.0,131.0,67.0,512.8,3600.0,0.09,0.26,16.2,0.228,Napoli,40.8518,14.2681
2026-03-03T19:00,12.7,92,11.4,12.7,0.0,0.0,0.0,0.0,0.0,1,1025.8,1023.5,26,2,0,25,2.4,163,17.3,41.0,18.0,23.0,175.0,3113.3,0.01,0.12,14.9,0.229,Napoli,40.8518,14.2681
2026-03-03T20:00,12.3,93,11.2,12.3,0.0,0.0,0.0,0.0,0.0,2,1026.1,1023.8,79,1,0,79,2.8,75,5.4,0.0,0.0,0.0,0.0,0.0,0.0,0.1,14.6,0.227,Napoli,40.8518,14.2681
2026-03-03T21:00,11.6,95,10.9,11.4,0.0,0.0,0.0,0.0,0.0,1,1026.6,1024.3,27,4,5,20,3.1,87,6.5,0.0,0.0,0.0,0.0,0.0,0.0,0.06,13.5,0.227,Napoli,40.8518,14.2681
2026-03-03T22:00,11.2,95,10.5,11.1,0.0,0.0,0.0,0.0,0.0,0,1026.9,1024.6,5,1,4,0,1.9,56,6.5,0.0,0.0,0.0,0.0,0.0,0.0,0.06,12.6,0.228,Napoli,40.8518,14.2681
2026-03-03T23:00,10.7,95,10.0,10.2,0.0,0.0,0.0,0.0,0.0,0,1027.0,1024.7,0,0,0,0,2.9,86,6.1,0.0,0.0,0.0,0.0,0.0,0.0,0.06,11.8,0.229,Napoli,40.8518,14.2681
2026-03-04T00:00,10.3,95,9.5,9.7,0.0,0.0,0.0,0.0,0.0,0,1026.8,1024.5,0,0,0,0,3.5,81,7.6,0.0,0.0,0.0,0.0,0.0,0.0,0.07,11.2,0.23,Napoli,40.8518,14.2681
2026-03-04T01:00,10.1,94,9.2,9.3,0.0,0.0,0.0,0.0,0.0,3,1026.7,1024.4,100,8,9,100,3.5,51,7.9,0.0,0.0,0.0,0.0,0.0,0.0,0.07,10.7,0.23,Napoli,40.8518,14.2681
2026-03-04T02:00,10.1,92,8.9,9.1,0.0,0.0,0.0,0.0,0.0,3,1026.5,1024.2,100,0,17,100,4.5,53,10.8,0.0,0.0,0.0,0.0,0.0,0.0,0.1,12.2,0.21,Napoli,40.8518,14.2681
2026-03-04T03:00,10.2,91,8.7,9.3,0.0,0.0,0.0,0.0,0.0,3,1026.4,1024.1,84,0,15,81,3.8,41,9.0,0.0,0.0,0.0,0.0,0.0,0.0,0.12,11.5,0.211,Napoli,40.8518,14.2681
2026-03-04T04:00,9.7,91,8.3,8.3,0.0,0.0,0.0,0.0,0.0,2,1026.1,1023.7,67,0,2,66,6.3,31,12.2,0.0,0.0,0.0,0.0,0.0,0.0,0.1,10.9,0.212,Napoli,40.8518,14.2681
2026-03-04T05:00,9.2,92,8.0,7.8,0.0,0.0,0.0,0.0,0.0,3,1025.9,1023.5,85,2,24,80,5.8,39,12.6,0.0,0.0,0.0,0.0,0.0,0.0,0.09,10.4,0.213,Napoli,40.8518,14.2681
2026-03-04T06:00,8.9,92,7.7,7.5,0.0,0.0,0.0,0.0,0.0,3,1025.7,1023.3,100,5,77,100,5.6,40,11.5,0.0,0.0,0.0,0.0,0.0,0.0,0.09,10.0,0.214,Napoli,40.8518,14.2681
2026-03-04T07:00,8.7,93,7.6,7.9,0.0,0.0,0.0,0.0,0.0,3,1025.9,1023.5,100,5,38,100,1.1,351,11.5,0.0,0.0,0.0,0.0,0.0,0.0,0.08,9.7,0.215,Napoli,40.8518,14.2681
2026-03-04T08:00,9.2,91,7.8,7.7,0.0,0.0,0.0,0.0,0.0,1,1026.1,1023.7,47,4,20,30,5.6,40,10.8,5.0,0.0,5.0,0.0,0.0,0.0,0.11,11.0,0.206,Napoli,40.8518,14.2681
2026-03-04T09:00,10.7,90,9.0,9.6,0.0,0.0,0.0,0.0,0.0,3,1026.5,1024.2,100,2,60,99,5.6,42,13.3,109.0,53.0,56.0,315.4,3600.0,0.04,0.13,11.1,0.207,Napoli,40.8518,14.2681
2026-03-04T10:00,12.6,86,10.2,11.8,0.0,0.0,0.0,0.0,0.0,3,1026.7,1024.4,98,1,21,97,5.4,60,14.8,232.0,105.0,127.0,305.5,3600.0,0.11,0.21,11.8,0.207,Napoli,40.8518,14.2681
2026-03-04T11:00,14.9,77,10.9,14.8,0.0,0.0,0.0,0.0,0.0,3,1027.1,1024.8,99,0,20,99,2.2,138,14.8,426.0,278.0,148.0,566.4,3600.0,0.22,0.39,13.4,0.207,Napoli,40.8518,14.2681
2026-03-04T12:00,16.0,72,10.9,15.3,0.0,0.0,0.0,0.0,0.0,3,1027.6,1025.3,100,0,35,100,6.4,191,19.1,495.0,268.0,227.0,446.9,3600.0,0.26,0.51,14.9,0.205,Napoli,40.8518,14.2681
2026-03-04T13:00,16.3,73,11.6,15.7,0.0,0.0,0.0,0.0,0.0,3,1027.2,1024.9,100,0,51,100,8.1,176,23.0,568.0,330.0,238.0,498.0,3600.0,0.3,0.49,16.1,0.204,Napoli,40.8518,14.2681
2026-03-04T14:00,17.1,71,11.9,16.7,0.0,0.0,0.0,0.0,0.0,3,1026.5,1024.2,100,0,11,100,6.6,201,23.0,547.0,268.0,279.0,396.8,3600.0,0.3,0.56,16.9,0.21,Napoli,40.8518,14.2681
2026-03-04T15:00,16.9,72,11.9,16.7,0.0,0.0,0.0,0.0,0.0,2,1026.1,1023.8,66,0,37,46,7.2,192,21.2,590.0,412.0,178.0,646.4,3600.0,0.32,0.53,17.7,0.208,Napoli,40.8518,14.2681
2026-03-04T16:00,16.4,72,11.3,15.5,0.0,0.0,0.0,0.0,0.0,3,1025.7,1023.4,98,0,90,87,8.3,178,22.3,497.0,348.0,149.0,631.7,3600.0,0.26,0.52,17.9,0.206,Napoli,40.8518,14.2681
2026-03-04T17:00,15.3,73,10.5,14.3,0.0,0.0,0.0,0.0,0.0,3,1025.5,1023.2,100,0,100,14,7.9,179,22.7,250.0,84.0,166.0,199.1,3600.0,0.14,0.47,17.3,0.205,Napoli,40.8518,14.2681
2026-03-04T18:00,14.5,76,10.3,13.7,0.0,0.0,0.0,0.0,0.0,3,1025.3,1023.0,97,0,96,32,6.3,182,19.1,109.0,18.0,91.0,69.4,281.61,0.07,0.4,16.4,0.205,Napoli,40.8518,14.2681
2026-03-04T19:00,13.8,81,10.6,13.0,0.0,0.0,0.0,0.0,0.0,3,1025.6,1023.3,100,0,100,100,6.3,178,13.3,21.0,1.0,20.0,9.5,0.0,0.03,0.29,15.4,0.205,Napoli,40.8518,14.2681
2026-03-04T20:00,13.6,83,10.7,13.4,0.0,0.0,0.0,0.0,0.0,3,1025.1,1022.8,90,0,89,59,2.4,193,13.3,0.0,0.0,0.0,0.0,0.0,0.0,0.27,15.5,0.206,Napoli,40.8518,14.2681
2026-03-04T21:00,13.6,83,10.8,13.3,0.0,0.0,0.0,0.0,0.0,0,1025.8,1023.5,14,0,14,0,3.7,256,7.6,0.0,0.0,0.0,0.0,0.0,0.0,0.27,14.5,0.207,Napoli,40.8518,14.2681
2026-03-04T22:00,12.7,87,10.6,12.6,0.0,0.0,0.0,0.0,0.0,0,1026.1,1023.8,6,2,4,0,1.7,229,7.9,0.0,0.0,0.0,0.0,0.0,0.0,0.19,13.6,0.208,Napoli,40.8518,14.2681
2026-03-04T23:00,12.2,88,10.2,12.0,0.0,0.0,0.0,0.0,0.0,1,1026.1,1023.8,30,0,30,0,1.3,34,3.6,0.0,0.0,0.0,0.0,0.0,0.0,0.17,12.7,0.208,Napoli,40.8518,14.2681
2026-03-05T00:00,11.6,90,10.0,11.0,0.0,0.0,0.0,0.0,0.0,1,1026.1,1023.8,40,0,28,16,3.9,24,8.3,0.0,0.0,0.0,0.0,0.0,0.0,0.14,12.1,0.209,Napoli,40.8518,14.2681
2026-03-05T01:00,11.0,91,9.6,10.2,0.0,0.0,0.0,0.0,0.0,1,1025.6,1023.3,41,0,6,38,4.5,34,9.7,0.0,0.0,0.0,0.0,0.0,0.0,0.11,11.5,0.21,Napoli,40.8518,14.2681
2026-03-05T02:00,11.4,89,9.7,10.3,0.0,0.0,0.0,0.0,0.0,3,1025.0,1022.7,85,0,13,84,7.0,35,10.1,0.0,0.0,0.0,0.0,0.0,0.0,0.15,11.7,0.208,Napoli,40.8518,14.2681
2026-03-05T03:00,10.8,90,9.2,9.9,0.0,0.0,0.0,0.0,0.0,0,1024.7,1022.4,7,0,7,0,5.0,46,14.8,0.0,0.0,0.0,0.0,0.0,0.0,0.14,11.3,0.208,Napoli,40.8518,14.2681
2026-03-05T04:00,10.3,91,8.8,9.0,0.0,0.0,0.0,0.0,0.0,0,1024.3,1022.0,7,0,0,6,6.1,43,12.2,0.0,0.0,0.0,0.0,0.0,0.0,0.12,10.8,0.209,Napoli,40.8518,14.2681
2026-03-05T05:00,9.7,93,8.6,8.3,0.0,0.0,0.0,0.0,0.0,1,1024.1,1021.8,23,2,0,20,6.8,48,13.7,0.0,0.0,0.0,0.0,0.0,0.0,0.09,10.4,0.21,Napoli,40.8518,14.2681
2026-03-05T06:00,9.3,94,8.4,7.9,0.0,0.0,0.0,0.0,0.0,3,1024.2,1021.8,99,17,1,99,6.2,49,13.7,0.0,0.0,0.0,0.0,0.0,0.0,0.07,10.1,0.211,Napoli,40.8518,14.2681
2026-03-05T07:00,9.0,95,8.3,7.4,0.0,0.0,0.0,0.0,0.0,3,1024.2,1021.8,100,31,8,100,7.8,46,15.5,0.0,0.0,0.0,0.0,0.0,0.0,0.05,9.8,0.212,Napoli,40.8518,14.2681
2026-03-05T08:00,9.9,92,8.6,8.4,0.0,0.0,0.0,0.0,0.0,3,1024.4,1022.1,99,13,23,99,7.2,53,15.5,7.0,1.0,6.0,17.0,0.0,0.0,0.1,10.7,0.211,Napoli,40.8518,14.2681
2026-03-05T09:00,11.3,90,9.8,10.1,0.0,0.0,0.0,0.0,0.0,3,1024.5,1022.2,100,3,0,100,8.1,51,16.9,103.0,41.0,62.0,236.7,3600.0,0.04,0.13,10.9,0.211,Napoli,40.8518,14.2681
2026-03-05T10:00,13.2,85,10.7,12.6,0.0,0.0,0.0,0.0,0.0,3,1024.8,1022.5,100,0,0,100,5.6,57,17.6,271.0,153.0,118.0,438.6,3600.0,0.12,0.23,11.9,0.211,Napoli,40.8518,14.2681
2026-03-05T11:00,15.1,78,11.3,14.7,0.0,0.0,0.0,0.0,0.0,3,1024.8,1022.5,100,0,0,100,5.2,68,16.6,410.0,233.0,177.0,469.7,3600.0,0.21,0.38,13.4,0.211,Napoli,40.8518,14.2681
2026-03-05T12:00,16.9,66,10.5,16.1,0.0,0.0,0.0,0.0,0.0,3,1024.5,1022.2,100,0,0,100,6.5,76,20.5,547.0,373.0,174.0,616.8,3600.0,0.3,0.65,15.0,0.209,Napoli,40.8518,14.2681
2026-03-05T13:00,18.0,61,10.5,17.6,0.0,0.0,0.0,0.0,0.0,2,1024.2,1021.9,54,0,0,54,6.1,92,20.9,609.0,406.0,203.0,608.1,3600.0,0.35,0.8,16.5,0.207,Napoli,40.8518,14.2681
2026-03-05T14:00,18.9,56,10.0,18.7,0.0,0.0,0.0,0.0,0.0,3,1023.5,1021.2,86,0,0,86,6.4,98,20.9,676.0,554.0,122.0,814.3,3600.0,0.39,0.95,17.4,0.2,Napoli,40.8518,14.2681
2026-03-05T15:00,19.4,53,9.4,18.8,0.0,0.0,0.0,0.0,0.0,3,1022.4,1020.1,99,0,0,99,6.3,85,20.9,633.0,521.0,112.0,811.5,3600.0,0.37,1.07,18.5,0.197,Napoli,40.8518,14.2681
2026-03-05T16:00,19.1,61,11.4,19.0,0.0,0.0,0.0,0.0,0.0,3,1021.8,1019.5,100,0,0,100,3.4,162,20.5,532.0,427.0,105.0,768.9,3600.0,0.31,0.86,19.1,0.195,Napoli,40.8518,14.2681
2026-03-05T17:00,18.1,75,13.5,18.8,0.0,0.0,0.0,0.0,0.0,3,1021.2,1018.9,100,0,0,100,2.7,184,12.6,370.0,257.0,113.0,603.0,3600.0,0.2,0.53,19.0,0.193,Napoli,40.8518,14.2681
2026-03-05T18:00,16.6,86,14.3,17.4,0.0,0.0,0.0,0.0,0.0,3,1021.1,1018.8,97,1,0,97,3.7,166,11.5,196.0,114.0,82.0,432.9,3600.0,0.09,0.26,18.3,0.193,Napoli,40.8518,14.2681
2026-03-05T19:00,15.0,85,12.6,14.6,0.0,0.0,0.0,0.0,0.0,3,1020.9,1018.6,100,0,0,100,7.9,86,19.1,42.0,12.0,30.0,112.4,2089.78,0.02,0.25,17.0,0.194,Napoli,40.8518,14.2681
2026-03-05T20:00,15.2,66,9.0,13.3,0.0,0.0,0.0,0.0,0.0,3,1021.3,1019.0,100,0,0,100,11.1,61,21.2,0.0,0.0,0.0,0.0,0.0,0.04,0.58,16.8,0.184,Napoli,40.8518,14.2681
2026-03-05T21:00,14.0,74,9.5,13.1,0.0,0.0,0.0,0.0,0.0,3,1022.4,1020.1,88,0,0,88,4.6,77,25.6,0.0,0.0,0.0,0.0,0.0,0.0,0.41,15.5,0.184,Napoli,40.8518,14.2681
2026-03-05T22:00,13.4,75,9.0,12.2,0.0,0.0,0.0,0.0,0.0,3,1022.2,1019.9,99,0,0,99,6.4,52,14.8,0.0,0.0,0.0,0.0,0.0,0.01,0.39,14.3,0.185,Napoli,40.8518,14.2681
2026-03-05T23:00,12.6,79,9.1,11.6,0.0,0.0,0.0,0.0,0.0,3,1022.1,1019.8,96,1,0,96,5.1,36,16.9,0.0,0.0,0.0,0.0,0.0,0.0,0.31,13.5,0.186,Napoli,40.8518,14.2681
2026-03-06T00:00,12.0,82,9.0,10.9,0.0,0.0,0.0,0.0,0.0,3,1022.3,1020.0,91,2,0,91,5.4,40,13.0,0.0,0.0,0.0,0.0,0.0,0.0,0.25,12.7,0.187,Napoli,40.8518,14.2681
2026-03-06T01:00,11.6,84,9.0,10.4,0.0,0.0,0.0,0.0,0.0,3,1022.4,1020.1,97,2,0,96,6.4,45,13.7,0.0,0.0,0.0,0.0,0.0,0.0,0.21,12.1,0.187,Napoli,40.8518,14.2681
2026-03-06T02:00,11.5,85,9.0,10.1,0.0,0.0,0.0,0.0,0.0,3,1022.0,1019.7,100,0,0,100,7.4,43,18.7,0.0,0.0,0.0,0.0,0.0,0.0,0.21,13.9,0.18,Napoli,40.8518,14.2681
2026-03-06T03:00,11.5,85,9.1,10.0,0.0,0.0,0.0,0.0,0.0,3,1021.9,1019.6,94,0,0,94,8.3,44,17.3,0.0,0.0,0.0,0.0,0.0,0.0,0.2,13.0,0.181,Napoli,40.8518,14.2681
2026-03-06T04:00,11.0,87,8.8,9.3,0.0,0.0,0.0,0.0,0.0,3,1021.5,1019.2,89,0,0,89,9.0,47,19.8,0.0,0.0,0.0,0.0,0.0,0.0,0.18,12.3,0.181,Napoli,40.8518,14.2681
2026-03-06T05:00,10.7,87,8.6,9.2,0.0,0.0,0.0,0.0,0.0,3,1021.5,1019.2,99,2,0,99,7.8,52,19.8,0.0,0.0,0.0,0.0,0.0,0.0,0.17,11.7,0.182,Napoli,40.8518,14.2681
2026-03-06T06:00,10.6,86,8.4,9.1,0.0,0.0,0.0,0.0,0.0,3,1021.8,1019.5,100,2,0,100,7.6,54,17.3,0.0,0.0,0.0,0.0,0.0,0.0,0.18,11.2,0.183,Napoli,40.8518,14.2681
2026-03-06T07:00,10.5,87,8.4,8.8,0.0,0.0,0.0,0.0,0.0,3,1021.9,1019.6,84,2,0,84,8.5,55,17.6,0.0,0.0,0.0,0.0,0.0,0.0,0.17,10.9,0.184,Napoli,40.8518,14.2681
2026-03-06T08:00,10.7,85,8.4,8.6,0.0,0.0,0.0,0.0,0.0,3,1021.6,1019.3,100,1,0,100,11.3,53,23.8,8.0,2.0,6.0,32.5,0.0,0.01,0.19,12.7,0.184,Napoli,40.8518,14.2681
2026-03-06T09:00,12.0,81,8.8,10.0,0.0,0.0,0.0,0.0,0.0,3,1021.6,1019.3,100,1,0,100,11.2,52,26.6,113.0,49.0,64.0,274.6,3600.0,0.06,0.27,12.5,0.184,Napoli,40.8518,14.2681
2026-03-06T10:00,13.1,78,9.3,11.2,0.0,0.0,0.0,0.0,0.0,3,1021.7,1019.4,100,0,0,100,11.4,51,28.4,244.0,102.0,142.0,288.0,3600.0,0.12,0.34,13.0,0.184,Napoli,40.8518,14.2681
2026-03-06T11:00,14.5,72,9.5,12.7,0.0,0.0,0.0,0.0,0.0,3,1021.9,1019.6,100,1,0,100,11.4,55,30.6,400.0,204.0,196.0,406.9,3600.0,0.2,0.47,14.0,0.183,Napoli,40.8518,14.2681
2026-03-06T12:00,15.8,67,9.7,14.5,0.0,0.0,0.0,0.0,0.0,3,1022.3,1020.0,100,1,0,100,8.3,70,29.5,508.0,270.0,238.0,442.7,3600.0,0.27,0.6,15.2,0.182,Napoli,40.8518,14.2681
2026-03-06T13:00,17.1,61,9.4,16.1,0.0,0.0,0.0,0.0,0.0,3,1022.2,1019.9,100,0,0,100,7.8,82,23.8,612.0,399.0,213.0,593.2,3600.0,0.34,0.76,16.6,0.179,Napoli,40.8518,14.2681
2026-03-06T14:00,17.7,56,8.9,16.6,0.0,0.0,0.0,0.0,0.0,3,1022.2,1019.9,100,0,0,100,5.4,88,23.4,529.0,239.0,290.0,348.8,3600.0,0.31,0.89,17.8,0.173,Napoli,40.8518,14.2681
2026-03-06T15:00,17.7,54,8.3,16.4,0.0,0.0,0.0,0.0,0.0,3,1021.5,1019.2,100,4,10,100,5.3,57,16.6,365.0,75.0,290.0,116.0,1679.53,0.23,0.92,17.9,0.172,Napoli,40.8518,14.2681
2026-03-06T16:00,17.9,52,7.8,16.1,0.0,0.0,0.0,0.0,0.0,3,1020.9,1018.6,100,1,5,100,7.9,49,20.5,318.0,58.0,260.0,103.6,1308.71,0.22,0.99,17.9,0.17,Napoli,40.8518,14.2681
2026-03-06T17:00,17.7,52,7.8,15.5,0.0,0.0,0.0,0.0,0.0,3,1020.6,1018.3,100,11,28,100,10.7,53,25.9,293.0,125.0,168.0,290.5,3600.0,0.2,0.96,17.7,0.169,Napoli,40.8518,14.2681
2026-03-06T18:00,17.0,58,8.7,15.4,0.0,0.0,0.0,0.0,0.0,3,1020.8,1018.5,100,8,46,100,8.7,50,25.9,164.0,61.0,103.0,228.2,3600.0,0.12,0.81,17.0,0.168,Napoli,40.8518,14.2681
2026-03-06T19:00,15.1,73,10.2,14.6,0.0,0.0,0.0,0.0,0.0,3,1021.0,1018.7,100,9,91,100,3.8,87,19.8,30.0,2.0,28.0,18.4,0.0,0.03,0.47,16.0,0.169,Napoli,40.8518,14.2681
2026-03-06T20:00,15.0,64,8.3,12.8,0.0,0.0,0.0,0.0,0.0,2,1021.5,1019.2,73,1,68,52,12.0,45,9.4,0.0,0.0,0.0,0.0,0.0,0.04,0.6,15.7,0.16,Napoli,40.8518,14.2681
2026-03-06T21:00,14.2,68,8.3,12.5,0.0,0.0,0.0,0.0,0.0,3,1022.1,1019.8,96,6,25,94,8.0,72,26.3,0.0,0.0,0.0,0.0,0.0,0.02,0.52,14.7,0.16,Napoli,40.8518,14.2681
2026-03-06T22:00,13.0,75,8.6,11.9,0.0,0.0,0.0,0.0,0.0,3,1022.6,1020.3,96,0,52,91,4.5,67,18.7,0.0,0.0,0.0,0.0,0.0,0.0,0.38,13.8,0.161,Napoli,40.8518,14.2681
2026-03-06T23:00,12.4,78,8.6,11.3,0.0,0.0,0.0,0.0,0.0,3,1023.0,1020.7,100,3,62,100,4.9,36,10.8,0.0,0.0,0.0,0.0,0.0,0.0,0.32,13.1,0.161,Napoli,40.8518,14.2681
2026-03-07T00:00,12.0,81,8.7,10.6,0.0,0.0,0.0,0.0,0.0,3,1023.2,1020.9,100,13,87,100,6.9,30,14.4,0.0,0.0,0.0,0.0,0.0,0.0,0.27,12.5,0.162,Napoli,40.8518,14.2681
2026-03-07T01:00,11.6,83,8.8,10.1,0.0,0.0,0.0,0.0,0.0,3,1023.3,1021.0,100,12,55,100,8.0,36,16.9,0.0,0.0,0.0,0.0,0.0,0.0,0.23,12.1,0.163,Napoli,40.8518,14.2681
2026-03-07T02:00,11.8,84,9.2,10.5,0.0,0.0,0.0,0.0,0.0,3,1023.6,1021.3,100,0,68,100,7.4,41,16.9,0.0,0.0,0.0,0.0,0.0,0.0,0.22,13.8,0.155,Napoli,40.8518,14.2681
2026-03-07T03:00,11.8,85,9.3,10.4,0.0,0.0,0.0,0.0,0.0,3,1023.7,1021.4,100,0,96,100,7.8,38,16.9,0.0,0.0,0.0,0.0,0.0,0.0,0.21,13.1,0.156,Napoli,40.8518,14.2681
2026-03-07T04:00,11.5,85,9.1,10.1,0.0,0.0,0.0,0.0,0.0,3,1023.4,1021.1,100,0,96,100,8.2,40,17.6,0.0,0.0,0.0,0.0,0.0,0.0,0.21,12.6,0.156,Napoli,40.8518,14.2681
2026-03-07T05:00,11.2,85,8.9,9.8,0.0,0.0,0.0,0.0,0.0,3,1023.5,1021.2,100,0,87,100,7.3,46,17.6,0.0,0.0,0.0,0.0,0.0,0.0,0.19,12.2,0.157,Napoli,40.8518,14.2681
2026-03-07T06:00,11.0,86,8.7,9.6,0.0,0.0,0.0,0.0,0.0,3,1023.8,1021.5,100,0,75,100,7.5,48,16.2,0.0,0.0,0.0,0.0,0.0,0.0,0.19,11.8,0.158,Napoli,40.8518,14.2681
2026-03-07T07:00,10.8,87,8.6,9.2,0.0,0.0,0.0,0.0,0.0,3,1024.1,1021.8,98,0,93,77,7.8,48,16.2,0.0,0.0,0.0,0.0,0.0,0.0,0.17,11.4,0.159,Napoli,40.8518,14.2681
2026-03-07T08:00,11.0,85,8.6,9.3,0.0,0.0,0.0,0.0,0.0,3,1024.3,1022.0,97,1,94,68,8.9,50,16.6,7.0,0.0,7.0,0.0,0.0,0.02,0.2,12.7,0.154,Napoli,40.8518,14.2681
2026-03-07T09:00,12.1,81,8.9,10.5,0.0,0.0,0.0,0.0,0.0,3,1024.6,1022.3,100,1,43,100,8.6,53,22.0,95.0,19.0,76.0,103.4,1302.16,0.05,0.27,12.6,0.154,Napoli,40.8518,14.2681
2026-03-07T10:00,13.5,77,9.5,12.3,0.0,0.0,0.0,0.0,0.0,1,1024.8,1022.5,46,0,38,13,6.7,54,20.9,263.0,140.0,123.0,389.5,3600.0,0.13,0.36,13.3,0.154,Napoli,40.8518,14.2681
2026-03-07T11:00,15.0,72,9.9,14.1,0.0,0.0,0.0,0.0,0.0,2,1024.8,1022.5,72,0,38,55,5.8,68,18.7,414.0,272.0,142.0,536.9,3600.0,0.21,0.48,14.6,0.154,Napoli,40.8518,14.2681
2026-03-07T12:00,16.2,66,9.9,15.4,0.0,0.0,0.0,0.0,0.0,3,1025.1,1022.8,100,0,89,100,4.6,103,18.7,527.0,365.0,162.0,593.4,3600.0,0.29,0.62,16.0,0.152,Napoli,40.8518,14.2681
2026-03-07T13:00,16.7,64,9.8,16.0,0.0,0.0,0.0,0.0,0.0,3,1024.9,1022.6,100,0,95,100,4.4,142,16.9,508.0,251.0,257.0,370.4,3600.0,0.29,0.69,17.1,0.151,Napoli,40.8518,14.2681
2026-03-07T14:00,17.7,58,9.2,16.4,0.0,0.0,0.0,0.0,0.0,2,1024.5,1022.2,71,0,12,67,7.0,192,18.0,509.0,199.0,310.0,288.4,3600.0,0.3,0.86,17.8,0.153,Napoli,40.8518,14.2681
2026-03-07T15:00,16.3,64,9.5,14.5,0.0,0.0,0.0,0.0,0.0,3,1024.3,1022.0,81,4,24,74,12.7,192,32.8,592.0,453.0,139.0,695.6,3600.0,0.31,0.67,18.4,0.151,Napoli,40.8518,14.2681
2026-03-07T16:00,15.8,70,10.2,14.8,0.0,0.0,0.0,0.0,0.0,3,1024.4,1022.1,98,2,22,98,7.1,190,32.8,430.0,259.0,171.0,459.1,3600.0,0.23,0.54,18.3,0.149,Napoli,40.8518,14.2681
2026-03-07T17:00,15.6,74,11.1,15.3,0.0,0.0,0.0,0.0,0.0,3,1024.2,1021.9,99,9,54,98,4.5,180,19.8,258.0,116.0,142.0,267.0,3600.0,0.14,0.46,17.9,0.149,Napoli,40.8518,14.2681
2026-03-07T18:00,15.1,79,11.6,15.0,0.0,0.0,0.0,0.0,0.0,3,1024.2,1021.9,95,2,20,94,3.9,152,13.3,157.0,55.0,102.0,202.8,3600.0,0.08,0.35,17.2,0.149,Napoli,40.8518,14.2681
2026-03-07T19:00,14.0,88,12.0,14.1,0.0,0.0,0.0,0.0,0.0,3,1024.7,1022.4,90,13,6,88,3.6,110,10.8,43.0,16.0,27.0,144.5,3247.6,0.02,0.2,16.1,0.15,Napoli,40.8518,14.2681
2026-03-07T20:00,13.8,86,11.5,13.7,0.0,0.0,0.0,0.0,0.0,1,1024.5,1022.2,26,0,21,5,3.4,84,8.3,0.0,0.0,0.0,0.0,0.0,0.0,0.23,16.3,0.138,Napoli,40.8518,14.2681
2026-03-07T21:00,13.5,85,11.0,13.2,0.0,0.0,0.0,0.0,0.0,1,1024.8,1022.5,31,0,31,0,3.9,68,8.6,0.0,0.0,0.0,0.0,0.0,0.0,0.23,15.0,0.139,Napoli,40.8518,14.2681
2026-03-07T22:00,12.5,88,10.5,12.1,0.0,0.0,0.0,0.0,0.0,0,1025.0,1022.7,19,1,18,0,3.5,39,9.7,0.0,0.0,0.0,0.0,0.0,0.0,0.18,14.0,0.14,Napoli,40.8518,14.2681
2026-03-07T23:00,12.3,88,10.4,12.0,0.0,0.0,0.0,0.0,0.0,1,1025.2,1022.9,45,0,45,0,3.1,10,7.9,0.0,0.0,0.0,0.0,0.0,0.0,0.17,13.4,0.141,Napoli,40.8518,14.2681
2026-03-08T00:00,11.8,90,10.2,11.4,0.0,0.0,0.0,0.0,0.0,2,1025.3,1023.0,71,0,71,0,3.1,21,7.6,0.0,0.0,0.0,0.0,0.0,0.0,0.14,12.9,0.142,Napoli,40.8518,14.2681
2026-03-08T01:00,11.5,91,10.1,10.9,0.0,0.0,0.0,0.0,0.0,2,1025.1,1022.8,62,0,62,0,4.0,27,8.6,0.0,0.0,0.0,0.0,0.0,0.0,0.12,12.5,0.143,Napoli,40.8518,14.2681
2026-03-08T02:00,11.9,86,9.7,11.1,0.0,0.0,0.0,0.0,0.0,1,1025.1,1022.8,25,0,25,0,4.8,25,8.6,0.0,0.0,0.0,0.0,0.0,0.0,0.19,14.7,0.146,Napoli,40.8518,14.2681
2026-03-08T03:00,11.5,87,9.4,10.9,0.0,0.0,0.0,0.0,0.0,1,1025.0,1022.7,21,0,20,0,3.2,34,10.8,0.0,0.0,0.0,0.0,0.0,0.0,0.18,13.6,0.147,Napoli,40.8518,14.2681
2026-03-08T04:00,11.0,88,9.0,10.2,0.0,0.0,0.0,0.0,0.0,0,1024.6,1022.3,12,3,9,0,3.4,43,7.6,0.0,0.0,0.0,0.0,0.0,0.0,0.16,12.6,0.147,Napoli,40.8518,14.2681
2026-03-08T05:00,10.3,90,8.7,9.4,0.0,0.0,0.0,0.0,0.0,0,1024.6,1022.3,14,8,9,0,3.3,49,7.6,0.0,0.0,0.0,0.0,0.0,0.0,0.13,11.8,0.148,Napoli,40.8518,14.2681
2026-03-08T06:00,10.1,90,8.6,9.1,0.0,0.0,0.0,0.0,0.0,0,1024.6,1022.3,11,0,11,0,4.2,43,8.6,0.0,0.0,0.0,0.0,0.0,0.0,0.12,11.3,0.149,Napoli,40.8518,14.2681
2026-03-08T07:00,9.7,91,8.3,8.5,0.0,0.0,0.0,0.0,0.0,0,1024.5,1022.2,17,0,17,0,5.0,41,10.4,0.0,0.0,0.0,0.0,0.0,0.0,0.1,10.8,0.15,Napoli,40.8518,14.2681
2026-03-08T08:00,9.9,91,8.5,8.7,0.0,0.0,0.0,0.0,0.0,0,1024.6,1022.3,9,0,9,0,5.5,46,10.4,11.0,3.0,8.0,44.8,48.12,0.0,0.11,12.9,0.15,Napoli,40.8518,14.2681
2026-03-08T09:00,11.7,87,9.6,10.8,0.0,0.0,0.0,0.0,0.0,0,1024.9,1022.6,12,1,12,0,5.3,57,15.1,127.0,69.0,58.0,364.9,3600.0,0.05,0.18,12.9,0.151,Napoli,40.8518,14.2681
2026-03-08T10:00,13.6,82,10.6,13.2,0.0,0.0,0.0,0.0,0.0,0,1025.2,1022.9,10,0,9,0,3.9,66,14.0,303.0,213.0,90.0,583.9,3600.0,0.14,0.27,13.7,0.151,Napoli,40.8518,14.2681
2026-03-08T11:00,15.5,73,10.7,15.3,0.0,0.0,0.0,0.0,0.0,0,1025.5,1023.2,16,0,16,0,2.7,98,14.0,462.0,348.0,114.0,679.8,3600.0,0.24,0.47,15.2,0.15,Napoli,40.8518,14.2681
2026-03-08T12:00,16.7,65,10.0,16.4,0.0,0.0,0.0,0.0,0.0,0,1025.6,1023.3,3,1,2,1,3.4,186,16.6,590.0,459.0,131.0,739.9,3600.0,0.32,0.67,16.8,0.149,Napoli,40.8518,14.2681
2026-03-08T13:00,17.2,63,10.2,17.1,0.0,0.0,0.0,0.0,0.0,0,1025.4,1023.1,2,2,0,1,6.3,200,22.7,685.0,567.0,118.0,830.5,3600.0,0.37,0.72,18.2,0.147,Napoli,40.8518,14.2681
2026-03-08T14:00,17.5,62,10.1,17.7,0.0,0.0,0.0,0.0,0.0,3,1024.5,1022.2,95,94,2,2,4.7,220,24.8,695.0,559.0,136.0,804.5,3600.0,0.39,0.76,19.4,0.134,Napoli,40.8518,14.2681
2026-03-08T15:00,16.0,69,10.3,15.4,0.9,0.9,0.0,0.0,0.0,53,1024.9,1022.6,65,29,20,43,4.8,335,18.4,523.0,351.0,172.0,535.2,3600.0,0.29,0.56,19.7,0.142,Napoli,40.8518,14.2681
2026-03-08T16:00,15.9,67,9.7,15.5,0.0,0.0,0.0,0.0,0.0,2,1024.4,1022.1,75,2,21,69,2.2,275,18.7,337.0,141.0,196.0,248.0,3600.0,0.19,0.6,19.1,0.142,Napoli,40.8518,14.2681
2026-03-08T17:00,16.3,63,9.2,15.0,0.0,0.0,0.0,0.0,0.0,1,1024.2,1021.9,38,8,0,34,7.6,54,21.2,352.0,222.0,130.0,506.2,3600.0,0.2,0.69,18.8,0.141,Napoli,40.8518,14.2681
2026-03-08T18:00,15.6,67,9.4,14.2,0.0,0.0,0.0,0.0,0.0,0,1024.1,1021.8,17,0,0,17,7.9,51,21.6,200.0,116.0,84.0,421.6,3600.0,0.11,0.59,17.9,0.14,Napoli,40.8518,14.2681
2026-03-08T19:00,14.3,76,10.2,13.5,0.0,0.0,0.0,0.0,0.0,0,1024.3,1022.0,8,2,0,6,5.6,29,19.8,51.0,23.0,28.0,204.1,3451.64,0.03,0.38,16.6,0.141,Napoli,40.8518,14.2681
2026-03-08T20:00,13.8,79,10.2,12.4,0.0,0.0,0.0,0.0,0.0,0,1024.5,1022.2,2,1,0,1,10.4,23,14.4,0.0,0.0,0.0,0.0,0.0,0.01,0.33,16.8,0.131,Napoli,40.8518,14.2681
2026-03-08T21:00,13.6,76,9.4,11.6,0.0,0.0,0.0,0.0,0.0,0,1024.6,1022.3,0,0,0,0,12.6,42,28.8,0.0,0.0,0.0,0.0,0.0,0.02,0.37,15.5,0.132,Napoli,40.8518,14.2681
2026-03-08T22:00,12.8,77,8.9,10.8,0.0,0.0,0.0,0.0,0.0,0,1024.7,1022.4,0,0,0,0,11.7,38,28.4,0.0,0.0,0.0,0.0,0.0,0.02,0.33,14.5,0.132,Napoli,40.8518,14.2681
2026-03-08T23:00,12.2,79,8.7,10.5,0.0,0.0,0.0,0.0,0.0,0,1024.7,1022.4,0,0,0,0,9.5,36,25.6,0.0,0.0,0.0,0.0,0.0,0.01,0.3,13.7,0.133,Napoli,40.8518,14.2681
2026-03-09T00:00,11.9,80,8.6,10.2,0.0,0.0,0.0,0.0,0.0,0,1024.7,1022.4,0,0,0,0,9.0,30,20.9,0.0,0.0,0.0,0.0,0.0,0.01,0.28,13.0,0.134,Napoli,40.8518,14.2681
2026-03-09T01:00,11.6,82,8.5,9.9,0.0,0.0,0.0,0.0,0.0,0,1024.6,1022.3,0,0,0,0,8.4,25,19.4,0.0,0.0,0.0,0.0,0.0,0.0,0.25,12.4,0.134,Napoli,40.8518,14.2681
2026-03-09T02:00,11.7,82,8.7,10.1,0.0,0.0,0.0,0.0,0.0,0,1024.6,1022.3,9,8,0,2,8.4,31,18.0,0.0,0.0,0.0,0.0,0.0,0.0,0.25,13.9,0.189,Napoli,40.8518,14.2681
2026-03-09T03:00,11.6,83,8.8,9.9,0.0,0.0,0.0,0.0,0.0,0,1024.7,1022.4,13,13,5,0,9.2,26,19.8,0.0,0.0,0.0,0.0,0.0,0.0,0.23,13.0,0.189,Napoli,40.8518,14.2681
2026-03-09T04:00,11.1,85,8.7,9.6,0.0,0.0,0.0,0.0,0.0,0,1024.2,1021.9,10,10,6,0,8.2,40,20.5,0.0,0.0,0.0,0.0,0.0,0.0,0.2,12.4,0.189,Napoli,40.8518,14.2681
2026-03-09T05:00,10.5,87,8.5,9.1,0.0,0.0,0.0,0.0,0.0,0,1024.0,1021.7,5,3,0,2,6.7,34,17.6,0.0,0.0,0.0,0.0,0.0,0.0,0.16,11.8,0.19,Napoli,40.8518,14.2681
2026-03-09T06:00,9.9,90,8.3,8.2,0.0,0.0,0.0,0.0,0.0,0,1024.0,1021.7,7,7,0,0,8.1,25,16.6,0.0,0.0,0.0,0.0,0.0,0.0,0.12,11.3,0.19,Napoli,40.8518,14.2681
2026-03-09T07:00,9.4,92,8.1,7.7,0.0,0.0,0.0,0.0,0.0,0,1024.1,1021.8,9,9,0,0,7.8,37,16.9,0.0,0.0,0.0,0.0,0.0,0.0,0.1,10.8,0.191,Napoli,40.8518,14.2681
2026-03-09T08:00,9.4,91,8.0,7.6,0.0,0.0,0.0,0.0,0.0,0,1024.3,1022.0,5,5,0,0,8.5,44,16.2,12.0,3.0,9.0,43.1,0.0,0.0,0.11,11.7,0.191,Napoli,40.8518,14.2681
2026-03-09T09:00,11.2,84,8.5,9.7,0.0,0.0,0.0,0.0,0.0,0,1024.5,1022.2,9,9,0,0,7.5,48,19.8,133.0,73.0,60.0,375.4,3600.0,0.05,0.22,11.9,0.191,Napoli,40.8518,14.2681
2026-03-09T10:00,12.7,80,9.3,11.6,0.1,0.1,0.0,0.0,0.0,51,1024.7,1022.4,44,31,20,0,6.1,47,18.4,310.0,216.0,94.0,583.5,3600.0,0.14,0.3,12.8,0.192,Napoli,40.8518,14.2681
2026-03-09T11:00,13.7,77,9.8,13.1,0.7,0.7,0.0,0.0,0.0,53,1025.0,1022.7,54,18,52,2,3.4,93,17.3,398.0,265.0,133.0,512.4,3600.0,0.2,0.36,13.8,0.199,Napoli,40.8518,14.2681
2026-03-09T12:00,15.4,68,9.6,14.9,0.0,0.0,0.0,0.0,0.0,1,1024.8,1022.5,37,1,25,15,2.8,117,15.5,539.0,366.0,173.0,585.1,3600.0,0.29,0.55,15.3,0.198,Napoli,40.8518,14.2681
2026-03-09T13:00,16.6,64,9.7,16.9,0.0,0.0,0.0,0.0,0.0,1,1024.6,1022.3,31,2,1,29,2.8,162,14.4,669.0,525.0,144.0,763.4,3600.0,0.37,0.68,16.9,0.195,Napoli,40.8518,14.2681
2026-03-09T14:00,17.6,55,8.5,17.1,0.0,0.0,0.0,0.0,0.0,1,1023.5,1021.2,29,5,10,18,6.7,200,19.8,699.0,568.0,131.0,811.8,3600.0,0.39,0.9,18.8,0.189,Napoli,40.8518,14.2681
2026-03-09T15:00,17.7,57,9.1,16.7,0.0,0.0,0.0,0.0,0.0,1,1023.0,1020.7,27,16,8,8,7.4,206,21.6,618.0,476.0,142.0,720.7,3600.0,0.35,0.87,19.2,0.186,Napoli,40.8518,14.2681
2026-03-09T16:00,16.2,66,9.9,15.4,0.3,0.3,0.0,0.0,0.0,51,1023.0,1020.7,63,32,25,38,5.3,215,22.0,509.0,375.0,134.0,654.7,3600.0,0.27,0.62,19.1,0.187,Napoli,40.8518,14.2681
2026-03-09T17:00,15.3,74,10.8,15.4,0.8,0.8,0.0,0.0,0.0,53,1022.9,1020.6,77,23,45,67,1.1,162,15.8,312.0,194.0,118.0,438.2,3600.0,0.17,0.45,18.3,0.195,Napoli,40.8518,14.2681
2026-03-09T18:00,15.3,74,10.7,15.0,0.0,0.0,0.0,0.0,0.0,2,1022.9,1020.6,79,4,22,77,3.8,115,10.4,186.0,95.0,91.0,340.4,3600.0,0.1,0.46,17.5,0.195,Napoli,40.8518,14.2681
2026-03-09T19:00,14.1,82,11.1,13.8,0.0,0.0,0.0,0.0,0.0,3,1023.2,1020.9,100,1,62,100,3.7,79,12.2,45.0,15.0,30.0,130.9,2860.93,0.02,0.29,16.4,0.195,Napoli,40.8518,14.2681
2026-03-09T20:00,13.7,80,10.3,12.9,0.0,0.0,0.0,0.0,0.0,1,1023.4,1021.1,48,2,16,39,6.1,47,14.0,0.0,0.0,0.0,0.0,0.0,0.0,0.31,16.3,0.195,Napoli,40.8518,14.2681
2026-03-09T21:00,12.8,81,9.7,12.3,0.0,0.0,0.0,0.0,0.0,0,1023.9,1021.6,2,0,2,0,3.0,57,13.3,0.0,0.0,0.0,0.0,0.0,0.0,0.27,15.0,0.195,Napoli,40.8518,14.2681
2026-03-09T22:00,12.0,82,9.0,11.2,0.0,0.0,0.0,0.0,0.0,0,1024.2,1021.9,10,0,10,0,3.8,31,7.9,0.0,0.0,0.0,0.0,0.0,0.0,0.26,13.9,0.196,Napoli,40.8518,14.2681
2026-03-09T23:00,11.4,83,8.6,10.4,0.0,0.0,0.0,0.0,0.0,0,1024.4,1022.1,0,0,0,0,4.1,38,9.4,0.0,0.0,0.0,0.0,0.0,0.0,0.23,13.0,0.196,Napoli,40.8518,14.2681
2026-03-10T00:00,10.5,87,8.5,9.6,0.0,0.0,0.0,0.0,0.0,0,1024.4,1022.1,0,0,0,0,3.8,31,9.0,0.0,0.0,0.0,0.0,0.0,0.0,0.16,12.3,0.197,Napoli,40.8518,14.2681
2026-03-10T01:00,9.9,90,8.4,8.9,0.0,0.0,0.0,0.0,0.0,0,1024.4,1022.1,6,5,2,0,3.7,29,8.3,0.0,0.0,0.0,0.0,0.0,0.0,0.12,11.7,0.197,Napoli,40.8518,14.2681
2026-03-10T02:00,9.8,89,8.0,8.7,0.0,0.0,0.0,0.0,0.0,0,1024.0,1021.7,12,12,0,0,4.0,58,7.6,0.0,0.0,0.0,0.0,0.0,0.0,0.14,12.5,0.182,Napoli,40.8518,14.2681
2026-03-10T03:00,10.1,87,8.1,9.0,0.0,0.0,0.0,0.0,0.0,0,1023.9,1021.6,5,5,0,0,4.0,63,8.6,0.0,0.0,0.0,0.0,0.0,0.0,0.16,11.8,0.182,Napoli,40.8518,14.2681
2026-03-10T04:00,9.6,89,7.9,8.5,0.0,0.0,0.0,0.0,0.0,0,1023.5,1021.2,5,5,0,0,3.7,61,8.6,0.0,0.0,0.0,0.0,0.0,0.0,0.13,11.2,0.183,Napoli,40.8518,14.2681
2026-03-10T05:00,9.3,90,7.7,8.1,0.0,0.0,0.0,0.0,0.0,0,1023.5,1021.2,5,5,0,0,3.8,49,7.9,0.0,0.0,0.0,0.0,0.0,0.0,0.12,10.6,0.183,Napoli,40.8518,14.2681
2026-03-10T06:00,9.0,90,7.5,7.8,0.0,0.0,0.0,0.0,0.0,0,1023.6,1021.2,8,6,2,0,3.8,31,8.3,0.0,0.0,0.0,0.0,0.0,0.0,0.11,10.2,0.184,Napoli,40.8518,14.2681
2026-03-10T07:00,8.6,92,7.3,7.2,0.0,0.0,0.0,0.0,0.0,0,1023.7,1021.3,7,5,3,0,4.6,36,9.4,0.0,0.0,0.0,0.0,0.0,0.0,0.09,9.8,0.184,Napoli,40.8518,14.2681
2026-03-10T08:00,8.7,91,7.2,7.2,0.0,0.0,0.0,0.0,0.0,0,1023.8,1021.4,2,2,0,0,5.0,41,9.4,13.0,4.0,9.0,55.3,254.59,0.0,0.11,9.7,0.185,Napoli,40.8518,14.2681
2026-03-10T09:00,10.3,86,8.1,9.1,0.0,0.0,0.0,0.0,0.0,0,1024.1,1021.8,5,5,0,0,4.1,49,11.5,138.0,78.0,60.0,390.2,3600.0,0.05,0.17,10.3,0.185,Napoli,40.8518,14.2681
2026-03-10T10:00,12.6,83,9.8,12.1,0.0,0.0,0.0,0.0,0.0,0,1024.1,1021.8,1,1,0,0,2.9,60,12.2,318.0,225.0,93.0,599.0,3600.0,0.15,0.25,11.7,0.185,Napoli,40.8518,14.2681
2026-03-10T11:00,15.0,72,10.0,14.7,0.0,0.0,0.0,0.0,0.0,0,1024.3,1022.0,2,1,1,0,2.0,100,12.2,487.0,379.0,108.0,725.3,3600.0,0.25,0.48,13.6,0.183,Napoli,40.8518,14.2681
2026-03-10T12:00,16.3,64,9.4,16.2,0.0,0.0,0.0,0.0,0.0,0,1024.4,1022.1,3,2,0,1,2.7,180,15.5,613.0,496.0,117.0,786.4,3600.0,0.33,0.67,15.6,0.181,Napoli,40.8518,14.2681
2026-03-10T13:00,17.0,62,9.5,17.0,0.0,0.0,0.0,0.0,0.0,0,1024.1,1021.8,5,3,1,2,4.7,184,18.7,685.0,561.0,124.0,809.8,3600.0,0.38,0.74,17.1,0.178,Napoli,40.8518,14.2681
2026-03-10T14:00,15.8,73,11.0,15.7,0.0,0.0,0.0,0.0,0.0,2,1023.3,1021.0,50,26,25,27,9.0,196,22.3,700.0,569.0,131.0,807.7,3600.0,0.35,0.49,18.3,0.174,Napoli,40.8518,14.2681
2026-03-10T15:00,16.8,64,10.0,16.3,0.1,0.1,0.0,0.0,0.0,51,1022.6,1020.3,52,22,20,33,4.0,234,23.8,570.0,393.0,177.0,591.0,3600.0,0.32,0.69,18.7,0.173,Napoli,40.8518,14.2681
2026-03-10T16:00,16.8,66,10.3,16.4,0.0,0.0,0.0,0.0,0.0,1,1022.4,1020.1,27,19,11,6,2.9,180,15.5,483.0,336.0,147.0,582.2,3600.0,0.27,0.65,18.9,0.171,Napoli,40.8518,14.2681
2026-03-10T17:00,16.4,70,11.0,16.0,0.0,0.0,0.0,0.0,0.0,1,1022.5,1020.2,42,22,8,23,5.0,193,15.5,368.0,247.0,121.0,552.8,3600.0,0.2,0.56,18.7,0.17,Napoli,40.8518,14.2681
2026-03-10T18:00,15.0,80,11.7,14.8,1.1,1.1,0.0,0.0,0.0,55,1022.6,1020.3,55,34,32,27,4.8,211,16.2,193.0,104.0,89.0,367.6,3600.0,0.1,0.33,17.6,0.182,Napoli,40.8518,14.2681
2026-03-10T19:00,14.0,89,12.3,14.3,0.0,0.0,0.0,0.0,0.0,2,1023.1,1020.8,52,20,15,36,2.9,281,12.6,48.0,18.0,30.0,154.4,3585.28,0.02,0.17,16.3,0.182,Napoli,40.8518,14.2681
2026-03-10T20:00,13.3,90,11.6,12.8,0.2,0.2,0.0,0.0,0.0,51,1023.7,1021.4,85,21,43,70,6.8,32,8.6,0.0,0.0,0.0,0.0,0.0,0.0,0.16,16.2,0.179,Napoli,40.8518,14.2681
2026-03-10T21:00,12.8,89,11.1,12.2,0.0,0.0,0.0,0.0,0.0,2,1024.0,1021.7,73,6,43,53,6.0,9,16.2,0.0,0.0,0.0,0.0,0.0,0.0,0.16,15.1,0.179,Napoli,40.8518,14.2681
2026-03-10T22:00,12.3,90,10.6,11.9,0.0,0.0,0.0,0.0,0.0,1,1024.5,1022.2,30,6,23,4,3.7,43,12.2,0.0,0.0,0.0,0.0,0.0,0.0,0.15,14.1,0.179,Napoli,40.8518,14.2681
2026-03-10T23:00,12.0,90,10.4,11.6,0.0,0.0,0.0,0.0,0.0,1,1024.9,1022.6,25,5,20,0,3.5,55,8.3,0.0,0.0,0.0,0.0,0.0,0.0,0.14,13.4,0.18,Napoli,40.8518,14.2681
2026-03-11T00:00,11.7,91,10.2,11.1,0.0,0.0,0.0,0.0,0.0,1,1024.9,1022.6,20,2,19,0,4.4,52,9.0,0.0,0.0,0.0,0.0,0.0,0.0,0.13,12.7,0.18,Napoli,40.8518,14.2681
2026-03-11T01:00,10.8,93,9.6,10.2,0.0,0.0,0.0,0.0,0.0,0,1024.7,1022.4,7,0,7,0,3.1,59,9.0,0.0,0.0,0.0,0.0,0.0,0.0,0.1,12.0,0.18,Napoli,40.8518,14.2681
2026-03-11T02:00,10.8,93,9.8,10.4,0.0,0.0,0.0,0.0,0.0,0,1024.7,1022.4,16,2,16,0,2.5,60,5.8,0.0,0.0,0.0,0.0,0.0,0.0,0.09,11.0,0.194,Napoli,40.8518,14.2681
2026-03-11T03:00,10.2,94,9.2,9.5,0.0,0.0,0.0,0.0,0.0,0,1024.5,1022.2,1,0,1,0,3.1,87,5.8,0.0,0.0,0.0,0.0,0.0,0.0,0.08,10.5,0.195,Napoli,40.8518,14.2681
2026-03-11T04:00,10.0,93,8.9,9.5,0.0,0.0,0.0,0.0,0.0,0,1024.3,1022.0,2,0,1,1,1.3,90,5.8,0.0,0.0,0.0,0.0,0.0,0.0,0.09,10.1,0.195,Napoli,40.8518,14.2681
2026-03-11T05:00,9.7,92,8.5,9.2,0.0,0.0,0.0,0.0,0.0,2,1024.5,1022.2,76,8,1,74,0.5,45,2.9,0.0,0.0,0.0,0.0,0.0,0.0,0.09,9.6,0.195,Napoli,40.8518,14.2681
2026-03-11T06:00,8.9,93,7.8,8.2,0.0,0.0,0.0,0.0,0.0,3,1024.7,1022.3,100,23,0,100,0.4,27,1.1,0.0,0.0,0.0,0.0,0.0,0.0,0.08,9.3,0.196,Napoli,40.8518,14.2681
2026-03-11T07:00,8.1,93,7.0,7.1,0.0,0.0,0.0,0.0,0.0,3,1024.8,1022.4,83,38,0,72,1.3,34,2.2,0.0,0.0,0.0,0.0,0.0,0.0,0.08,8.9,0.196,Napoli,40.8518,14.2681
2026-03-11T08:00,8.5,92,7.3,7.3,0.0,0.0,0.0,0.0,0.0,1,1024.8,1022.4,35,34,0,2,3.1,54,5.4,14.0,2.0,12.0,26.6,0.0,0.0,0.09,8.2,0.197,Napoli,40.8518,14.2681
2026-03-11T09:00,10.1,94,9.1,9.2,0.0,0.0,0.0,0.0,0.0,3,1025.2,1022.9,92,28,0,89,4.3,85,10.8,125.0,46.0,79.0,224.0,3600.0,0.05,0.08,9.2,0.197,Napoli,40.8518,14.2681
2026-03-11T10:00,12.5,93,11.5,12.5,0.0,0.0,0.0,0.0,0.0,3,1025.5,1023.2,100,5,0,100,2.8,101,11.5,285.0,154.0,131.0,404.2,3600.0,0.13,0.1,10.9,0.197,Napoli,40.8518,14.2681
2026-03-11T11:00,14.5,85,12.1,14.8,0.0,0.0,0.0,0.0,0.0,3,1025.7,1023.4,98,5,0,98,2.5,172,12.2,435.0,248.0,187.0,469.8,3600.0,0.22,0.24,13.0,0.196,Napoli,40.8518,14.2681
2026-03-11T12:00,15.5,79,11.9,15.2,0.1,0.1,0.0,0.0,0.0,51,1025.8,1023.5,98,26,2,98,5.8,194,19.4,547.0,324.0,223.0,509.5,3600.0,0.28,0.37,14.8,0.195,Napoli,40.8518,14.2681
2026-03-11T13:00,16.0,79,12.5,16.3,0.1,0.1,0.0,0.0,0.0,51,1025.4,1023.1,99,32,2,99,7.5,200,22.7,646.0,461.0,185.0,660.7,3600.0,0.33,0.37,16.3,0.194,Napoli,40.8518,14.2681
2026-03-11T14:00,16.9,73,11.9,16.6,0.1,0.1,0.0,0.0,0.0,51,1024.4,1022.1,98,52,4,95,8.9,214,24.8,636.0,410.0,226.0,578.1,3600.0,0.34,0.53,17.8,0.193,Napoli,40.8518,14.2681
2026-03-11T15:00,16.6,76,12.4,16.6,0.1,0.1,0.0,0.0,0.0,51,1023.7,1021.4,100,7,2,100,7.2,176,25.6,596.0,432.0,164.0,645.2,3600.0,0.32,0.45,18.3,0.191,Napoli,40.8518,14.2681
2026-03-11T16:00,15.9,81,12.5,15.7,0.2,0.2,0.0,0.0,0.0,51,1023.6,1021.3,94,42,9,88,6.7,200,21.6,467.0,299.0,168.0,514.3,3600.0,0.24,0.35,18.5,0.191,Napoli,40.8518,14.2681
2026-03-11T17:00,15.3,80,11.9,15.5,0.2,0.2,0.0,0.0,0.0,51,1023.6,1021.3,100,66,2,100,2.7,222,19.8,297.0,144.0,153.0,319.4,3600.0,0.16,0.35,18.0,0.193,Napoli,40.8518,14.2681
2026-03-11T18:00,15.1,79,11.5,14.9,0.1,0.1,0.0,0.0,0.0,51,1023.9,1021.6,99,6,5,99,4.2,295,13.0,184.0,76.0,108.0,265.0,3600.0,0.09,0.35,17.3,0.193,Napoli,40.8518,14.2681
2026-03-11T19:00,13.6,89,11.8,13.9,0.3,0.3,0.0,0.0,0.0,51,1024.1,1021.8,89,7,12,87,1.7,13,12.6,45.0,11.0,34.0,92.8,1486.59,0.02,0.17,16.1,0.196,Napoli,40.8518,14.2681
2026-03-11T20:00,12.6,92,11.4,12.9,0.0,0.0,0.0,0.0,0.0,3,1024.4,1022.1,98,0,7,98,1.0,68,4.0,0.0,0.0,0.0,0.0,0.0,0.01,0.12,16.5,0.197,Napoli,40.8518,14.2681
2026-03-11T21:00,12.6,93,11.5,12.7,0.0,0.0,0.0,0.0,0.0,3,1024.4,1022.1,96,0,9,95,2.4,117,4.3,0.0,0.0,0.0,0.0,0.0,0.0,0.1,15.2,0.197,Napoli,40.8518,14.2681
2026-03-11T22:00,12.2,94,11.2,12.1,0.0,0.0,0.0,0.0,0.0,3,1024.4,1022.1,81,0,1,81,2.8,117,5.8,0.0,0.0,0.0,0.0,0.0,0.0,0.09,14.2,0.198,Napoli,40.8518,14.2681
2026-03-11T23:00,11.6,93,10.6,11.5,0.0,0.0,0.0,0.0,0.0,2,1024.5,1022.2,70,0,0,70,1.6,117,5.4,0.0,0.0,0.0,0.0,0.0,0.0,0.09,13.2,0.198,Napoli,40.8518,14.2681
2026-03-12T00:00,11.2,94,10.3,11.0,0.0,0.0,0.0,0.0,0.0,0,1024.5,1022.2,5,0,0,5,2.0,190,4.7,0.0,0.0,0.0,0.0,0.0,0.0,0.08,12.3,0.198,Napoli,40.8518,14.2681
2026-03-12T01:00,10.9,94,10.0,10.5,0.0,0.0,0.0,0.0,0.0,0,1024.3,1022.0,0,0,0,0,2.9,210,7.2,0.0,0.0,0.0,0.0,0.0,0.0,0.08,11.6,0.198,Napoli,40.8518,14.2681
2026-03-12T02:00,11.5,94,10.6,11.1,0.0,0.0,0.0,0.0,0.0,0,1024.0,1021.7,9,7,0,2,4.2,239,6.5,0.0,0.0,0.0,0.0,0.0,0.0,0.08,11.4,0.19,Napoli,40.8518,14.2681
2026-03-12T03:00,11.2,93,10.1,10.9,0.0,0.0,0.0,0.0,0.0,0,1023.7,1021.4,5,5,0,1,1.9,236,8.6,0.0,0.0,0.0,0.0,0.0,0.0,0.09,11.0,0.191,Napoli,40.8518,14.2681
2026-03-12T04:00,10.5,94,9.6,10.2,0.0,0.0,0.0,0.0,0.0,3,1023.3,1021.0,85,15,0,83,1.5,291,5.4,0.0,0.0,0.0,0.0,0.0,0.0,0.07,10.5,0.191,Napoli,40.8518,14.2681
2026-03-12T05:00,10.1,96,9.5,9.9,0.0,0.0,0.0,0.0,0.0,1,1023.0,1020.7,31,9,0,23,0.4,360,4.7,0.0,0.0,0.0,0.0,0.0,0.0,0.05,10.2,0.191,Napoli,40.8518,14.2681
2026-03-12T06:00,9.3,97,8.9,9.0,0.0,0.0,0.0,0.0,0.0,0,1022.8,1020.5,18,18,0,0,0.4,27,2.9,0.0,0.0,0.0,0.0,0.0,0.0,0.03,9.9,0.192,Napoli,40.8518,14.2681
2026-03-12T07:00,9.0,99,8.8,8.6,0.0,0.0,0.0,0.0,0.0,3,1022.8,1020.4,100,99,0,75,0.6,18,2.9,0.0,0.0,0.0,0.0,0.0,0.0,0.01,9.6,0.192,Napoli,40.8518,14.2681
2026-03-12T08:00,9.8,97,9.4,9.3,0.0,0.0,0.0,0.0,0.0,3,1023.0,1020.7,99,97,1,73,2.0,95,3.6,13.0,1.0,12.0,12.8,0.0,0.0,0.03,9.9,0.192,Napoli,40.8518,14.2681
2026-03-12T09:00,11.1,98,10.8,10.8,0.0,0.0,0.0,0.0,0.0,3,1023.1,1020.8,99,95,2,88,3.9,143,10.4,117.0,38.0,79.0,180.2,3600.0,0.04,0.03,10.6,0.193,Napoli,40.8518,14.2681
2026-03-12T10:00,13.2,90,11.7,12.8,0.0,0.0,0.0,0.0,0.0,3,1023.5,1021.2,87,32,2,80,6.1,175,16.6,276.0,146.0,130.0,377.8,3600.0,0.12,0.15,12.0,0.193,Napoli,40.8518,14.2681
2026-03-12T11:00,14.7,78,11.0,13.6,0.2,0.2,0.0,0.0,0.0,51,1023.7,1021.4,100,35,2,100,9.3,202,24.5,431.0,253.0,178.0,474.4,3600.0,0.21,0.36,13.4,0.194,Napoli,40.8518,14.2681
2026-03-12T12:00,15.3,75,10.9,14.2,0.1,0.1,0.0,0.0,0.0,51,1023.7,1021.4,59,36,10,35,9.5,202,26.3,518.0,302.0,216.0,471.0,3600.0,0.26,0.43,14.8,0.192,Napoli,40.8518,14.2681
2026-03-12T13:00,15.7,74,11.0,15.1,0.1,0.1,0.0,0.0,0.0,51,1023.4,1021.1,48,38,15,11,9.8,193,28.8,641.0,481.0,160.0,684.4,3600.0,0.32,0.47,16.1,0.191,Napoli,40.8518,14.2681
2026-03-12T14:00,15.7,75,11.2,14.8,0.1,0.1,0.0,0.0,0.0,51,1022.6,1020.3,98,95,16,47,11.6,187,28.8,628.0,435.0,193.0,609.2,3600.0,0.31,0.45,17.2,0.192,Napoli,40.8518,14.2681
2026-03-12T15:00,14.4,82,11.4,13.9,4.2,4.2,0.0,0.0,0.0,63,1022.2,1019.9,86,26,76,72,6.0,153,29.9,548.0,337.0,211.0,499.9,3600.0,0.28,0.3,17.0,0.246,Napoli,40.8518,14.2681
2026-03-12T16:00,14.8,81,11.7,14.6,0.1,0.1,0.0,0.0,0.0,51,1021.7,1019.4,74,33,62,37,4.6,171,19.8,423.0,226.0,197.0,385.9,3600.0,0.22,0.31,17.2,0.244,Napoli,40.8518,14.2681
2026-03-12T17:00,15.0,78,11.1,14.5,0.1,0.1,0.0,0.0,0.0,51,1021.2,1018.9,33,9,7,23,5.4,184,17.6,269.0,125.0,144.0,274.8,3600.0,0.15,0.38,16.9,0.243,Napoli,40.8518,14.2681
2026-03-12T18:00,13.9,79,10.4,13.3,2.6,2.6,0.0,0.0,0.0,63,1021.0,1018.7,51,9,37,38,4.7,180,17.3,199.0,112.0,87.0,385.4,3600.0,0.1,0.33,16.1,0.275,Napoli,40.8518,14.2681
2026-03-12T19:00,12.2,92,11.0,12.0,0.0,0.0,0.0,0.0,0.0,0,1021.0,1018.7,13,3,4,9,3.1,130,11.5,58.0,26.0,32.0,216.0,3600.0,0.02,0.11,15.0,0.275,Napoli,40.8518,14.2681
2026-03-12T20:00,11.5,90,10.0,11.2,0.0,0.0,0.0,0.0,0.0,1,1021.4,1019.1,35,22,23,2,2.1,121,7.6,0.0,0.0,0.0,0.0,0.0,0.01,0.13,15.1,0.264,Napoli,40.8518,14.2681
2026-03-12T21:00,10.9,92,9.6,10.4,0.0,0.0,0.0,0.0,0.0,1,1021.4,1019.1,41,25,25,0,2.7,143,5.8,0.0,0.0,0.0,0.0,0.0,0.0,0.11,13.9,0.264,Napoli,40.8518,14.2681
2026-03-12T22:00,10.8,91,9.4,10.4,0.1,0.1,0.0,0.0,0.0,51,1021.3,1019.0,42,14,38,0,1.5,201,7.6,0.0,0.0,0.0,0.0,0.0,0.0,0.12,13.1,0.265,Napoli,40.8518,14.2681
2026-03-12T23:00,10.4,91,9.0,9.6,0.0,0.0,0.0,0.0,0.0,1,1021.1,1018.8,26,2,21,11,3.8,87,7.6,0.0,0.0,0.0,0.0,0.0,0.0,0.12,12.3,0.265,Napoli,40.8518,14.2681
2026-03-13T00:00,10.3,90,8.6,9.6,0.0,0.0,0.0,0.0,0.0,0,1020.8,1018.5,9,2,8,1,2.0,90,7.9,0.0,0.0,0.0,0.0,0.0,0.0,0.13,11.7,0.265,Napoli,40.8518,14.2681
2026-03-13T01:00,9.8,91,8.3,9.1,0.0,0.0,0.0,0.0,0.0,0,1020.5,1018.2,2,1,2,0,1.4,67,5.0,0.0,0.0,0.0,0.0,0.0,0.0,0.11,11.0,0.265,Napoli,40.8518,14.2681
2026-03-13T02:00,10.1,94,9.2,9.0,0.0,0.0,0.0,0.0,0.0,0,1020.2,1017.9,4,4,1,0,6.1,56,7.6,0.0,0.0,0.0,0.0,0.0,0.0,0.07,11.9,0.184,Napoli,40.8518,14.2681
2026-03-13T03:00,10.1,94,9.2,9.1,0.0,0.0,0.0,0.0,0.0,0,1019.8,1017.5,12,5,4,5,5.2,65,12.6,0.0,0.0,0.0,0.0,0.0,0.0,0.07,11.3,0.184,Napoli,40.8518,14.2681
2026-03-13T04:00,9.1,91,7.8,7.9,0.6,0.6,0.0,0.0,0.0,53,1019.3,1017.0,95,91,47,9,4.0,85,10.4,0.0,0.0,0.0,0.0,0.0,0.0,0.1,10.8,0.192,Napoli,40.8518,14.2681
2026-03-13T05:00,9.3,92,8.1,8.2,0.6,0.6,0.0,0.0,0.0,53,1018.7,1016.4,58,25,43,16,4.0,58,8.6,0.0,0.0,0.0,0.0,0.0,0.0,0.1,10.5,0.2,Napoli,40.8518,14.2681
2026-03-13T06:00,9.1,93,8.0,7.9,0.0,0.0,0.0,0.0,0.0,1,1018.4,1016.1,39,32,10,2,4.9,73,10.1,0.0,0.0,0.0,0.0,0.0,0.0,0.09,10.2,0.2,Napoli,40.8518,14.2681
2026-03-13T07:00,8.7,93,7.6,7.4,0.0,0.0,0.0,0.0,0.0,1,1018.0,1015.7,45,38,12,3,4.3,66,10.8,0.0,0.0,0.0,0.0,0.0,0.0,0.08,10.0,0.201,Napoli,40.8518,14.2681
2026-03-13T08:00,8.9,94,8.0,7.4,0.0,0.0,0.0,0.0,0.0,2,1018.4,1016.1,62,60,5,0,6.6,17,9.0,16.0,4.0,12.0,49.6,103.05,0.0,0.07,10.8,0.199,Napoli,40.8518,14.2681
2026-03-13T09:00,10.4,94,9.5,9.4,0.0,0.0,0.0,0.0,0.0,3,1018.6,1016.3,82,82,3,1,6.3,18,15.1,139.0,65.0,74.0,300.5,3600.0,0.05,0.07,10.9,0.2,Napoli,40.8518,14.2681
2026-03-13T10:00,12.0,92,10.8,11.5,0.0,0.0,0.0,0.0,0.0,0,1018.7,1016.4,19,14,7,0,4.8,37,15.8,302.0,199.0,103.0,507.7,3600.0,0.13,0.11,11.9,0.2,Napoli,40.8518,14.2681
2026-03-13T11:00,14.3,79,10.7,13.9,0.0,0.0,0.0,0.0,0.0,0,1018.4,1016.1,11,9,1,2,4.0,60,16.2,488.0,362.0,126.0,672.1,3600.0,0.24,0.34,13.5,0.199,Napoli,40.8518,14.2681
2026-03-13T12:00,14.9,70,9.5,14.0,0.4,0.4,0.0,0.0,0.0,51,1018.5,1016.2,33,14,23,7,7.8,195,24.5,610.0,478.0,132.0,739.6,3600.0,0.31,0.51,15.2,0.201,Napoli,40.8518,14.2681
2026-03-13T13:00,15.1,73,10.3,14.5,0.4,0.4,0.0,0.0,0.0,51,1017.9,1015.6,22,1,14,18,7.8,157,27.0,637.0,479.0,158.0,676.8,3600.0,0.32,0.46,16.1,0.202,Napoli,40.8518,14.2681
2026-03-13T14:00,16.4,57,7.9,15.0,0.5,0.5,0.0,0.0,0.0,53,1016.7,1014.4,30,11,23,2,9.8,173,29.5,652.0,481.0,171.0,669.2,3600.0,0.35,0.79,18.1,0.173,Napoli,40.8518,14.2681
2026-03-13T15:00,15.4,64,8.6,13.7,1.7,1.7,0.0,0.0,0.0,61,1016.5,1014.2,64,38,44,3,11.7,190,30.6,617.0,459.0,158.0,676.4,3600.0,0.32,0.63,18.1,0.19,Napoli,40.8518,14.2681
2026-03-13T16:00,15.1,72,10.1,14.1,0.6,0.6,0.0,0.0,0.0,53,1016.1,1013.8,34,15,22,4,6.8,163,29.9,506.0,374.0,132.0,634.0,3600.0,0.26,0.48,17.7,0.195,Napoli,40.8518,14.2681
2026-03-13T17:00,14.7,72,9.7,13.5,0.2,0.2,0.0,0.0,0.0,51,1015.7,1013.4,36,15,23,5,7.4,151,21.2,363.0,241.0,122.0,525.2,3600.0,0.19,0.47,17.4,0.195,Napoli,40.8518,14.2681
2026-03-13T18:00,14.0,76,9.9,13.1,0.0,0.0,0.0,0.0,0.0,0,1015.3,1013.0,13,0,13,3,5.7,169,19.8,209.0,130.0,79.0,441.5,3600.0,0.1,0.38,16.6,0.194,Napoli,40.8518,14.2681
2026-03-13T19:00,12.8,86,10.5,12.6,0.0,0.0,0.0,0.0,0.0,0,1015.1,1012.8,13,2,12,0,2.3,162,14.4,61.0,28.0,33.0,229.0,3600.0,0.02,0.21,15.4,0.194,Napoli,40.8518,14.2681
2026-03-13T20:00,12.5,85,10.1,12.1,0.0,0.0,0.0,0.0,0.0,0,1015.4,1013.1,2,0,2,0,2.9,60,5.0,0.0,0.0,0.0,0.0,0.0,0.02,0.21,15.2,0.189,Napoli,40.8518,14.2681
2026-03-13T21:00,12.1,85,9.6,11.7,0.0,0.0,0.0,0.0,0.0,0,1015.3,1013.0,2,0,2,0,1.4,67,6.8,0.0,0.0,0.0,0.0,0.0,0.0,0.22,14.0,0.189,Napoli,40.8518,14.2681
2026-03-13T22:00,11.7,84,9.1,11.4,0.0,0.0,0.0,0.0,0.0,0,1015.0,1012.7,0,0,0,0,0.7,360,4.3,0.0,0.0,0.0,0.0,0.0,0.0,0.22,12.9,0.189,Napoli,40.8518,14.2681
2026-03-13T23:00,11.0,85,8.7,10.4,0.0,0.0,0.0,0.0,0.0,0,1015.0,1012.7,0,0,0,0,1.7,13,4.3,0.0,0.0,0.0,0.0,0.0,0.0,0.19,12.0,0.189,Napoli,40.8518,14.2681
2026-03-14T00:00,10.6,86,8.3,10.0,0.0,0.0,0.0,0.0,0.0,0,1014.7,1012.4,2,2,2,0,0.5,45,4.0,0.0,0.0,0.0,0.0,0.0,0.0,0.18,11.2,0.19,Napoli,40.8518,14.2681
2026-03-14T01:00,10.1,87,8.0,9.5,0.0,0.0,0.0,0.0,0.0,0,1014.2,1011.9,0,0,0,0,0.7,90,3.6,0.0,0.0,0.0,0.0,0.0,0.0,0.16,10.5,0.19,Napoli,40.8518,14.2681
2026-03-14T02:00,10.0,87,7.9,9.2,0.0,0.0,0.0,0.0,0.0,0,1013.9,1011.6,0,0,0,0,1.5,76,3.6,0.0,0.0,0.0,0.0,0.0,0.0,0.16,10.8,0.167,Napoli,40.8518,14.2681
2026-03-14T03:00,9.1,89,7.4,8.1,0.0,0.0,0.0,0.0,0.0,0,1013.7,1011.4,2,2,0,0,2.3,23,4.0,0.0,0.0,0.0,0.0,0.0,0.0,0.13,10.1,0.168,Napoli,40.8518,14.2681
2026-03-14T04:00,8.4,89,6.7,6.9,0.0,0.0,0.0,0.0,0.0,0,1013.0,1010.7,16,14,3,0,4.2,25,8.3,0.0,0.0,0.0,0.0,0.0,0.0,0.12,9.6,0.168,Napoli,40.8518,14.2681
2026-03-14T05:00,7.8,88,6.0,6.2,0.0,0.0,0.0,0.0,0.0,0,1012.4,1010.1,17,17,2,0,4.0,39,8.3,0.0,0.0,0.0,0.0,0.0,0.0,0.13,9.2,0.169,Napoli,40.8518,14.2681
2026-03-14T06:00,7.5,88,5.7,5.8,0.0,0.0,0.0,0.0,0.0,0,1012.1,1009.8,17,13,6,0,4.0,51,7.9,0.0,0.0,0.0,0.0,0.0,0.0,0.12,8.8,0.169,Napoli,40.8518,14.2681
2026-03-14T07:00,7.3,88,5.4,5.6,0.0,0.0,0.0,0.0,0.0,0,1011.9,1009.6,19,9,13,0,3.7,61,7.2,0.0,0.0,0.0,0.0,0.0,0.0,0.13,8.5,0.169,Napoli,40.8518,14.2681
2026-03-14T08:00,8.1,86,5.9,6.6,0.0,0.0,0.0,0.0,0.0,0,1011.5,1009.2,15,2,15,0,3.2,63,8.3,19.0,5.0,14.0,59.9,357.37,0.0,0.15,8.1,0.17,Napoli,40.8518,14.2681
2026-03-14T09:00,10.5,79,7.1,9.4,0.0,0.0,0.0,0.0,0.0,1,1011.3,1009.0,34,9,32,0,2.7,110,8.6,147.0,81.0,66.0,365.2,3600.0,0.06,0.26,9.1,0.17,Napoli,40.8518,14.2681
2026-03-14T10:00,12.7,80,9.3,11.7,0.0,0.0,0.0,0.0,0.0,1,1011.3,1009.0,38,22,27,0,5.2,160,14.4,300.0,189.0,111.0,475.6,3600.0,0.14,0.3,10.8,0.169,Napoli,40.8518,14.2681
2026-03-14T11:00,13.6,75,9.2,11.9,0.2,0.2,0.0,0.0,0.0,51,1010.9,1008.6,38,13,37,0,9.6,175,27.4,415.0,256.0,159.0,470.6,3600.0,0.2,0.39,12.3,0.171,Napoli,40.8518,14.2681
2026-03-14T12:00,14.3,73,9.5,12.7,0.0,0.0,0.0,0.0,0.0,0,1010.5,1008.2,6,0,6,0,10.8,179,31.3,567.0,403.0,164.0,618.6,3600.0,0.28,0.45,13.9,0.169,Napoli,40.8518,14.2681
2026-03-14T13:00,14.5,71,9.3,12.9,0.1,0.1,0.0,0.0,0.0,51,1009.8,1007.5,32,16,16,6,13.5,178,34.9,668.0,505.0,163.0,708.6,3600.0,0.32,0.48,15.3,0.167,Napoli,40.8518,14.2681
2026-03-14T14:00,14.9,70,9.4,12.7,0.2,0.2,0.0,0.0,0.0,51,1008.8,1006.5,27,2,27,0,16.7,179,38.9,631.0,470.0,161.0,649.7,3600.0,0.3,0.51,16.2,0.165,Napoli,40.8518,14.2681
2026-03-14T15:00,14.8,69,9.3,12.3,0.0,0.0,0.0,0.0,0.0,2,1007.8,1005.5,79,11,30,67,17.8,178,43.9,616.0,461.0,155.0,674.9,3600.0,0.29,0.52,16.7,0.163,Napoli,40.8518,14.2681
2026-03-14T16:00,14.5,69,8.9,11.7,0.0,0.0,0.0,0.0,0.0,3,1007.3,1005.0,100,9,22,100,17.1,182,44.6,522.0,371.0,151.0,624.4,3600.0,0.25,0.51,16.8,0.161,Napoli,40.8518,14.2681
2026-03-14T17:00,14.1,70,8.8,11.4,0.0,0.0,0.0,0.0,0.0,3,1006.8,1004.5,100,10,8,100,16.0,189,41.8,372.0,238.0,134.0,514.2,3600.0,0.19,0.48,16.5,0.159,Napoli,40.8518,14.2681
2026-03-14T18:00,13.5,74,8.9,11.4,0.0,0.0,0.0,0.0,0.0,3,1006.5,1004.2,100,14,9,100,12.0,187,38.5,179.0,67.0,112.0,224.6,3600.0,0.1,0.4,15.7,0.159,Napoli,40.8518,14.2681
2026-03-14T19:00,12.7,78,9.0,11.0,0.0,0.0,0.0,0.0,0.0,3,1006.1,1003.8,98,10,2,98,9.9,179,28.1,52.0,10.0,42.0,80.5,892.18,0.04,0.32,14.7,0.158,Napoli,40.8518,14.2681
2026-03-14T20:00,12.2,81,9.0,10.7,0.0,0.0,0.0,0.0,0.0,3,1006.0,1003.7,88,19,13,84,8.2,165,22.0,0.0,0.0,0.0,0.0,0.0,0.03,0.28,14.6,0.158,Napoli,40.8518,14.2681
2026-03-14T21:00,12.2,80,8.9,10.4,0.0,0.0,0.0,0.0,0.0,2,1005.8,1003.5,67,23,26,53,10.6,162,22.3,0.0,0.0,0.0,0.0,0.0,0.01,0.28,13.6,0.159,Napoli,40.8518,14.2681
2026-03-14T22:00,12.1,81,8.8,10.2,0.1,0.1,0.0,0.0,0.0,51,1005.6,1003.3,44,30,34,2,10.3,164,22.7,0.0,0.0,0.0,0.0,0.0,0.01,0.27,12.9,0.159,Napoli,40.8518,14.2681
2026-03-14T23:00,11.8,82,8.8,9.9,0.1,0.1,0.0,0.0,0.0,51,1005.4,1003.1,34,20,24,0,11.0,165,23.4,0.0,0.0,0.0,0.0,0.0,0.01,0.26,12.3,0.16,Napoli,40.8518,14.2681
2026-03-15T00:00,11.8,80,8.5,9.7,0.2,0.2,0.0,0.0,0.0,51,1005.3,1003.0,23,16,16,0,11.7,175,24.8,0.0,0.0,0.0,0.0,0.0,0.01,0.28,11.9,0.163,Napoli,40.8518,14.2681
2026-03-15T01:00,11.9,77,8.0,9.6,0.0,0.0,0.0,0.0,0.0,0,1004.8,1002.5,13,12,9,0,11.8,172,25.9,0.0,0.0,0.0,0.0,0.0,0.02,0.32,11.5,0.163,Napoli,40.8518,14.2681
2026-03-15T02:00,12.1,76,7.9,9.5,0.0,0.0,0.0,0.0,0.0,2,1004.2,1001.9,79,78,20,0,13.9,156,25.2,0.0,0.0,0.0,0.0,0.0,0.03,0.35,12.1,0.17,Napoli,40.8518,14.2681
2026-03-15T03:00,12.1,76,8.0,9.6,0.0,0.0,0.0,0.0,0.0,3,1003.7,1001.4,96,95,20,7,13.6,156,30.2,0.0,0.0,0.0,0.0,0.0,0.02,0.34,11.8,0.17,Napoli,40.8518,14.2681
2026-03-15T04:00,11.7,81,8.5,9.8,0.1,0.1,0.0,0.0,0.0,51,1002.9,1000.6,70,13,35,51,10.0,141,29.2,0.0,0.0,0.0,0.0,0.0,0.01,0.26,11.6,0.17,Napoli,40.8518,14.2681
2026-03-15T05:00,10.9,87,8.8,9.3,0.1,0.1,0.0,0.0,0.0,51,1002.5,1000.2,100,21,48,100,8.5,128,21.2,0.0,0.0,0.0,0.0,0.0,0.0,0.17,11.2,0.172,Napoli,40.8518,14.2681
2026-03-15T06:00,10.2,91,8.8,8.8,0.2,0.2,0.0,0.0,0.0,51,1002.3,1000.0,100,52,45,100,7.6,117,18.7,0.0,0.0,0.0,0.0,0.0,0.0,0.12,10.8,0.174,Napoli,40.8518,14.2681
2026-03-15T07:00,10.1,92,8.9,8.7,0.1,0.1,0.0,0.0,0.0,51,1002.2,999.9,100,46,48,100,7.2,93,16.9,0.0,0.0,0.0,0.0,0.0,0.0,0.1,10.7,0.175,Napoli,40.8518,14.2681
2026-03-15T08:00,10.6,85,8.2,9.0,0.1,0.1,0.0,0.0,0.0,51,1001.8,999.5,100,16,20,100,7.3,59,15.5,14.0,1.0,13.0,11.6,0.0,0.02,0.19,11.7,0.177,Napoli,40.8518,14.2681
2026-03-15T09:00,11.9,84,9.3,10.6,0.0,0.0,0.0,0.0,0.0,3,1002.0,999.7,100,6,18,100,7.7,65,17.6,114.0,20.0,94.0,88.0,839.4,0.06,0.22,11.9,0.177,Napoli,40.8518,14.2681
2026-03-15T10:00,13.6,76,9.4,12.5,0.0,0.0,0.0,0.0,0.0,3,1002.3,1000.0,100,6,9,100,6.5,62,18.4,261.0,90.0,171.0,223.4,3600.0,0.13,0.38,12.8,0.176,Napoli,40.8518,14.2681
2026-03-15T11:00,15.1,64,8.4,13.4,0.0,0.0,0.0,0.0,0.0,3,1002.5,1000.2,100,2,1,100,8.6,74,24.1,413.0,183.0,230.0,333.2,3600.0,0.22,0.61,14.0,0.174,Napoli,40.8518,14.2681
2026-03-15T12:00,16.3,57,7.7,14.4,0.0,0.0,0.0,0.0,0.0,3,1002.4,1000.2,100,2,4,100,8.9,108,25.2,552.0,307.0,245.0,467.5,3600.0,0.31,0.8,15.4,0.172,Napoli,40.8518,14.2681
2026-03-15T13:00,17.0,52,6.9,15.2,0.1,0.1,0.0,0.0,0.0,51,1002.3,1000.1,100,1,6,100,10.0,150,35.3,634.0,366.0,268.0,510.0,3600.0,0.36,0.94,16.6,0.17,Napoli,40.8518,14.2681
2026-03-15T14:00,17.5,49,6.6,16.1,0.0,0.0,0.0,0.0,0.0,3,1002.1,999.9,100,6,12,100,8.5,174,34.9,663.0,422.0,241.0,579.6,3600.0,0.38,1.03,17.7,0.162,Napoli,40.8518,14.2681
2026-03-15T15:00,16.7,57,8.3,14.9,0.0,0.0,0.0,0.0,0.0,3,1002.0,999.8,100,2,18,100,12.3,177,31.7,624.0,410.0,214.0,596.4,3600.0,0.34,0.81,18.3,0.159,Napoli,40.8518,14.2681
2026-03-15T16:00,16.5,57,8.1,14.0,0.0,0.0,0.0,0.0,0.0,3,1002.0,999.8,100,1,12,100,13.9,176,33.8,496.0,290.0,206.0,484.7,3600.0,0.28,0.8,18.2,0.157,Napoli,40.8518,14.2681
2026-03-15T17:00,15.9,55,6.8,13.0,0.0,0.0,0.0,0.0,0.0,3,1002.1,999.9,100,4,20,100,13.9,167,35.3,353.0,168.0,185.0,359.9,3600.0,0.22,0.82,17.8,0.155,Napoli,40.8518,14.2681
2026-03-15T18:00,15.5,56,6.6,13.1,0.2,0.2,0.0,0.0,0.0,51,1002.7,1000.4,100,5,36,100,9.9,147,32.4,144.0,22.0,122.0,72.8,385.32,0.12,0.78,16.8,0.156,Napoli,40.8518,14.2681
2026-03-15T19:00,14.7,61,7.4,13.2,0.0,0.0,0.0,0.0,0.0,3,1003.2,1000.9,100,8,24,100,5.3,80,22.0,52.0,8.0,44.0,63.5,285.49,0.05,0.65,15.7,0.156,Napoli,40.8518,14.2681
2026-03-15T20:00,14.0,69,8.5,12.0,0.0,0.0,0.0,0.0,0.0,3,1003.7,1001.4,100,0,11,100,10.9,31,22.3,0.0,0.0,0.0,0.0,0.0,0.05,0.49,16.6,0.155,Napoli,40.8518,14.2681
2026-03-15T21:00,13.8,70,8.5,11.5,0.0,0.0,0.0,0.0,0.0,3,1004.2,1001.9,100,0,5,100,12.9,39,27.4,0.0,0.0,0.0,0.0,0.0,0.03,0.47,15.3,0.155,Napoli,40.8518,14.2681
2026-03-15T22:00,13.5,72,8.6,10.6,0.0,0.0,0.0,0.0,0.0,3,1004.5,1002.2,97,0,0,97,16.9,36,36.0,0.0,0.0,0.0,0.0,0.0,0.04,0.43,14.3,0.155,Napoli,40.8518,14.2681
2026-03-15T23:00,12.9,75,8.5,10.1,0.0,0.0,0.0,0.0,0.0,0,1005.0,1002.7,13,0,13,0,16.3,32,38.2,0.0,0.0,0.0,0.0,0.0,0.03,0.37,13.6,0.155,Napoli,40.8518,14.2681
2026-03-16T00:00,12.4,77,8.4,9.5,0.0,0.0,0.0,0.0,0.0,1,1005.2,1002.9,41,2,3,40,16.9,44,38.9,0.0,0.0,0.0,0.0,0.0,0.03,0.34,13.0,0.155,Napoli,40.8518,14.2681
2026-03-16T01:00,12.0,78,8.4,9.1,0.0,0.0,0.0,0.0,0.0,3,1005.2,1002.9,86,9,53,73,16.7,46,38.2,0.0,0.0,0.0,0.0,0.0,0.03,0.3,12.5,0.155,Napoli,40.8518,14.2681
2026-03-16T02:00,12.8,78,9.1,10.1,0.0,0.0,0.0,0.0,0.0,3,1005.3,1003.0,100,2,33,100,17.2,62,38.2,0.0,0.0,0.0,0.0,0.0,0.03,0.33,14.8,0.152,Napoli,40.8518,14.2681
2026-03-16T03:00,13.4,76,9.2,10.5,0.0,0.0,0.0,0.0,0.0,3,1004.9,1002.6,100,1,63,100,17.9,51,39.6,0.0,0.0,0.0,0.0,0.0,0.04,0.37,14.1,0.152,Napoli,40.8518,14.2681
2026-03-16T04:00,13.0,75,8.8,10.3,0.0,0.0,0.0,0.0,0.0,3,1005.1,1002.8,100,9,85,99,16.3,62,41.0,0.0,0.0,0.0,0.0,0.0,0.03,0.37,13.5,0.152,Napoli,40.8518,14.2681
2026-03-16T05:00,12.6,77,8.7,10.5,0.0,0.0,0.0,0.0,0.0,3,1005.8,1003.5,100,21,73,100,11.4,74,37.1,0.0,0.0,0.0,0.0,0.0,0.02,0.33,13.0,0.152,Napoli,40.8518,14.2681
2026-03-16T06:00,12.1,80,8.8,10.3,0.0,0.0,0.0,0.0,0.0,3,1006.6,1004.3,100,13,100,100,10.4,69,26.6,0.0,0.0,0.0,0.0,0.0,0.01,0.28,12.7,0.152,Napoli,40.8518,14.2681
2026-03-16T07:00,11.9,82,8.9,9.8,0.4,0.4,0.0,0.0,0.0,51,1007.0,1004.7,100,20,96,100,11.9,63,26.6,0.0,0.0,0.0,0.0,0.0,0.01,0.25,12.3,0.156,Napoli,40.8518,14.2681
2026-03-16T08:00,12.0,84,9.5,10.4,0.1,0.1,0.0,0.0,0.0,51,1007.6,1005.3,100,87,99,100,10.2,49,28.8,11.0,0.0,11.0,0.0,0.0,0.03,0.22,12.6,0.159,Napoli,40.8518,14.2681
2026-03-16T09:00,13.0,81,9.8,11.1,0.0,0.0,0.0,0.0,0.0,3,1008.3,1006.0,100,9,47,100,12.3,46,27.4,67.0,4.0,63.0,17.2,0.0,0.06,0.29,12.7,0.159,Napoli,40.8518,14.2681
2026-03-16T10:00,14.2,74,9.6,12.0,0.0,0.0,0.0,0.0,0.0,3,1009.0,1006.7,100,0,4,100,14.3,54,33.8,210.0,31.0,179.0,75.9,478.01,0.13,0.42,13.3,0.158,Napoli,40.8518,14.2681
2026-03-16T11:00,15.8,66,9.5,13.4,0.0,0.0,0.0,0.0,0.0,3,1009.4,1007.1,100,3,0,100,15.4,55,38.9,481.0,296.0,185.0,533.8,3600.0,0.25,0.61,14.6,0.156,Napoli,40.8518,14.2681
2026-03-16T12:00,17.0,59,9.0,14.7,0.0,0.0,0.0,0.0,0.0,3,1009.6,1007.3,100,5,2,100,16.2,51,40.7,625.0,444.0,181.0,671.0,3600.0,0.34,0.79,16.1,0.154,Napoli,40.8518,14.2681
2026-03-16T13:00,17.7,55,8.5,15.4,0.0,0.0,0.0,0.0,0.0,3,1009.3,1007.1,100,10,12,99,16.1,55,41.4,638.0,411.0,227.0,568.9,3600.0,0.36,0.92,17.2,0.152,Napoli,40.8518,14.2681
2026-03-16T14:00,17.9,53,8.1,15.0,0.0,0.0,0.0,0.0,0.0,3,1009.3,1007.1,100,4,16,100,18.8,61,45.0,618.0,352.0,266.0,480.4,3600.0,0.36,0.96,17.9,0.144,Napoli,40.8518,14.2681
2026-03-16T15:00,18.1,52,8.0,15.0,0.0,0.0,0.0,0.0,0.0,3,1009.1,1006.9,100,14,13,100,19.0,70,47.2,592.0,370.0,222.0,534.8,3600.0,0.35,1.0,18.4,0.142,Napoli,40.8518,14.2681
2026-03-16T16:00,17.4,55,8.2,14.4,0.0,0.0,0.0,0.0,0.0,3,1009.4,1007.1,100,11,19,100,17.0,66,46.8,437.0,214.0,223.0,355.2,3600.0,0.28,0.9,18.4,0.14,Napoli,40.8518,14.2681
2026-03-16T17:00,17.4,53,7.8,14.5,0.0,0.0,0.0,0.0,0.0,3,1009.6,1007.3,100,1,14,100,15.6,61,41.4,350.0,165.0,185.0,350.5,3600.0,0.23,0.93,18.2,0.138,Napoli,40.8518,14.2681
2026-03-16T18:00,16.6,57,8.0,13.7,0.0,0.0,0.0,0.0,0.0,3,1009.9,1007.6,95,2,13,94,15.7,53,38.5,192.0,68.0,124.0,222.4,3600.0,0.15,0.81,17.6,0.137,Napoli,40.8518,14.2681
2026-03-16T19:00,15.0,66,8.6,12.3,0.0,0.0,0.0,0.0,0.0,1,1010.2,1007.9,40,5,27,13,15.9,57,37.1,62.0,25.0,37.0,195.4,3600.0,0.08,0.59,16.6,0.136,Napoli,40.8518,14.2681
2026-03-16T20:00,14.5,69,8.8,11.7,0.0,0.0,0.0,0.0,0.0,2,1011.1,1008.8,66,6,34,47,16.6,58,37.4,0.0,0.0,0.0,0.0,0.0,0.07,0.51,16.9,0.135,Napoli,40.8518,14.2681
2026-03-16T21:00,14.1,71,8.9,11.3,0.0,0.0,0.0,0.0,0.0,3,1011.4,1009.1,100,9,7,99,16.6,54,39.2,0.0,0.0,0.0,0.0,0.0,0.04,0.46,15.8,0.134,Napoli,40.8518,14.2681
2026-03-16T22:00,13.5,74,8.9,10.9,0.0,0.0,0.0,0.0,0.0,3,1011.5,1009.2,84,7,3,83,16.0,50,38.2,0.0,0.0,0.0,0.0,0.0,0.04,0.41,14.9,0.134,Napoli,40.8518,14.2681
2026-03-16T23:00,13.3,75,8.9,10.7,0.0,0.0,0.0,0.0,0.0,2,1011.9,1009.6,65,2,63,3,15.8,38,36.4,0.0,0.0,0.0,0.0,0.0,0.03,0.38,14.1,0.134,Napoli,40.8518,14.2681
2026-03-17T00:00,13.1,76,8.9,10.7,0.0,0.0,0.0,0.0,0.0,2,1012.3,1010.0,78,1,78,0,14.7,41,35.6,0.0,0.0,0.0,0.0,0.0,0.03,0.37,13.6,0.134,Napoli,40.8518,14.2681
2026-03-17T01:00,12.8,77,8.8,10.5,0.0,0.0,0.0,0.0,0.0,3,1012.0,1009.7,88,13,84,35,13.9,47,33.1,0.0,0.0,0.0,0.0,0.0,0.02,0.35,13.2,0.134,Napoli,40.8518,14.2681
2026-03-17T02:00,13.2,79,9.6,10.7,0.0,0.0,0.0,0.0,0.0,3,1011.8,1009.5,100,3,95,100,16.6,53,31.3,0.0,0.0,0.0,0.0,0.0,0.03,0.32,15.2,0.139,Napoli,40.8518,14.2681
2026-03-17T03:00,12.8,83,9.9,10.4,1.3,1.3,0.0,0.0,0.0,61,1011.6,1009.3,100,4,100,100,16.6,43,36.4,0.0,0.0,0.0,0.0,0.0,0.02,0.26,14.3,0.153,Napoli,40.8518,14.2681
2026-03-17T04:00,12.3,86,10.0,9.7,0.4,0.4,0.0,0.0,0.0,51,1011.1,1008.8,100,1,98,98,17.8,28,37.4,0.0,0.0,0.0,0.0,0.0,0.01,0.21,13.6,0.158,Napoli,40.8518,14.2681
2026-03-17T05:00,11.9,87,9.8,9.9,0.6,0.6,0.0,0.0,0.0,53,1011.4,1009.1,100,81,91,97,13.7,46,37.8,0.0,0.0,0.0,0.0,0.0,0.01,0.18,13.0,0.165,Napoli,40.8518,14.2681
2026-03-17T06:00,11.8,87,9.7,9.6,0.1,0.1,0.0,0.0,0.0,51,1011.6,1009.3,100,1,99,100,14.3,45,29.5,0.0,0.0,0.0,0.0,0.0,0.01,0.18,12.7,0.166,Napoli,40.8518,14.2681
2026-03-17T07:00,11.6,87,9.5,9.4,1.2,1.2,0.0,0.0,0.0,55,1011.5,1009.2,100,0,100,100,13.7,51,32.0,0.0,0.0,0.0,0.0,0.0,0.01,0.18,12.3,0.18,Napoli,40.8518,14.2681
2026-03-17T08:00,11.4,85,9.1,8.6,1.9,1.9,0.0,0.0,0.0,61,1012.2,1009.9,100,48,100,100,17.3,48,29.2,6.0,0.0,6.0,0.0,0.0,0.04,0.2,12.6,0.244,Napoli,40.8518,14.2681
2026-03-17T09:00,11.2,91,9.9,8.7,1.2,1.2,0.0,0.0,0.0,55,1012.7,1010.4,100,30,100,100,16.6,54,39.6,22.0,0.0,22.0,0.0,0.0,0.03,0.11,12.2,0.258,Napoli,40.8518,14.2681
2026-03-17T10:00,11.5,91,10.0,9.3,2.8,2.8,0.0,0.0,0.0,63,1013.5,1011.2,100,6,100,100,15.1,57,35.6,50.0,0.0,50.0,0.0,0.0,0.04,0.13,12.0,0.295,Napoli,40.8518,14.2681
2026-03-17T11:00,11.4,92,10.1,9.4,2.1,2.1,0.0,0.0,0.0,61,1013.6,1011.3,100,0,91,100,14.3,85,33.1,72.0,5.0,67.0,8.9,0.0,0.05,0.11,12.0,0.322,Napoli,40.8518,14.2681
2026-03-17T12:00,13.5,73,8.8,11.2,0.2,0.2,0.0,0.0,0.0,51,1013.5,1011.2,74,1,52,52,13.7,69,34.6,406.0,142.0,264.0,213.0,3600.0,0.2,0.41,12.9,0.323,Napoli,40.8518,14.2681
2026-03-17T13:00,15.0,63,8.0,13.2,0.0,0.0,0.0,0.0,0.0,1,1013.0,1010.7,31,30,1,1,13.7,73,36.4,695.0,500.0,195.0,687.4,3600.0,0.34,0.63,14.6,0.318,Napoli,40.8518,14.2681
2026-03-17T14:00,15.9,57,7.3,14.0,0.0,0.0,0.0,0.0,0.0,1,1012.3,1010.0,23,10,16,0,14.7,70,39.2,723.0,571.0,152.0,774.4,3600.0,0.37,0.78,16.1,0.243,Napoli,40.8518,14.2681
2026-03-17T15:00,15.8,56,7.0,13.2,0.0,0.0,0.0,0.0,0.0,0,1011.8,1009.5,11,8,9,0,16.5,70,42.1,667.0,523.0,144.0,751.3,3600.0,0.35,0.79,16.8,0.239,Napoli,40.8518,14.2681
2026-03-17T16:00,15.7,56,6.9,12.6,0.0,0.0,0.0,0.0,0.0,2,1011.2,1008.9,52,9,50,3,15.1,62,41.8,533.0,408.0,125.0,672.7,3600.0,0.29,0.79,17.0,0.235,Napoli,40.8518,14.2681
2026-03-17T17:00,15.2,53,5.6,11.4,0.0,0.0,0.0,0.0,0.0,2,1010.9,1008.6,59,2,52,27,18.4,71,43.2,376.0,253.0,123.0,533.0,3600.0,0.23,0.82,16.6,0.232,Napoli,40.8518,14.2681
2026-03-17T18:00,13.7,58,5.7,10.6,0.1,0.1,0.0,0.0,0.0,51,1011.3,1009.0,100,10,100,12,13.8,43,43.9,162.0,66.0,96.0,213.3,3600.0,0.13,0.65,15.7,0.23,Napoli,40.8518,14.2681
2026-03-17T19:00,12.2,73,7.5,10.5,0.4,0.4,0.0,0.0,0.0,51,1011.9,1009.6,84,0,84,0,7.1,24,32.0,28.0,3.0,25.0,23.1,0.0,0.04,0.39,14.6,0.234,Napoli,40.8518,14.2681
2026-03-17T20:00,11.2,90,9.6,10.2,0.2,0.2,0.0,0.0,0.0,51,1012.3,1010.0,99,19,99,42,6.0,321,24.1,0.0,0.0,0.0,0.0,0.0,0.02,0.13,14.3,0.231,Napoli,40.8518,14.2681
2026-03-17T21:00,11.1,95,10.3,10.8,0.8,0.8,0.0,0.0,0.0,53,1012.3,1010.0,100,1,100,0,2.8,315,14.0,0.0,0.0,0.0,0.0,0.0,0.0,0.07,13.4,0.242,Napoli,40.8518,14.2681
2026-03-17T22:00,10.8,95,10.0,10.0,0.5,0.5,0.0,0.0,0.0,53,1012.4,1010.1,100,13,100,0,5.6,358,12.2,0.0,0.0,0.0,0.0,0.0,0.0,0.07,12.8,0.249,Napoli,40.8518,14.2681
2026-03-17T23:00,10.3,93,9.3,9.1,0.1,0.1,0.0,0.0,0.0,51,1012.2,1009.9,28,17,16,2,6.9,67,14.4,0.0,0.0,0.0,0.0,0.0,0.0,0.09,12.3,0.25,Napoli,40.8518,14.2681
2026-03-18T00:00,9.1,83,6.4,6.8,0.0,0.0,0.0,0.0,0.0,1,1011.9,1009.6,22,20,8,0,9.3,71,20.5,0.0,0.0,0.0,0.0,0.0,0.0,0.19,11.4,0.25,Napoli,40.8518,14.2681
2026-03-18T01:00,8.3,76,4.3,5.5,0.0,0.0,0.0,0.0,0.0,0,1011.7,1009.4,16,3,13,0,9.9,61,21.6,0.0,0.0,0.0,0.0,0.0,0.01,0.27,10.6,0.25,Napoli,40.8518,14.2681
2026-03-18T02:00,8.3,71,3.4,5.8,0.0,0.0,0.0,0.0,0.0,1,1011.5,1009.2,31,0,31,0,6.4,79,22.0,0.0,0.0,0.0,0.0,0.0,0.01,0.31,11.3,0.235,Napoli,40.8518,14.2681
2026-03-18T03:00,7.6,72,3.0,5.2,0.2,0.2,0.0,0.0,0.0,51,1010.9,1008.6,38,5,37,0,5.1,23,18.7,0.0,0.0,0.0,0.0,0.0,0.0,0.29,10.4,0.237,Napoli,40.8518,14.2681
2026-03-18T04:00,7.0,80,3.7,5.0,0.0,0.0,0.0,0.0,0.0,0,1010.0,1007.7,1,0,1,0,3.2,344,11.9,0.0,0.0,0.0,0.0,0.0,0.0,0.2,9.6,0.237,Napoli,40.8518,14.2681
2026-03-18T05:00,6.0,85,3.6,4.1,0.0,0.0,0.0,0.0,0.0,0,1009.4,1007.1,0,0,0,0,2.1,31,8.3,0.0,0.0,0.0,0.0,0.0,0.0,0.14,8.7,0.237,Napoli,40.8518,14.2681
2026-03-18T06:00,5.7,86,3.6,3.7,0.0,0.0,0.0,0.0,0.0,0,1009.2,1006.9,0,0,0,0,2.8,45,7.2,0.0,0.0,0.0,0.0,0.0,0.0,0.12,8.1,0.237,Napoli,40.8518,14.2681
2026-03-18T07:00,5.2,88,3.4,3.0,0.0,0.0,0.0,0.0,0.0,0,1009.2,1006.8,14,0,13,1,4.4,52,10.1,0.0,0.0,0.0,0.0,0.0,0.0,0.1,7.5,0.237,Napoli,40.8518,14.2681
2026-03-18T08:00,5.8,85,3.5,3.3,0.0,0.0,0.0,0.0,0.0,0,1008.9,1006.6,2,0,2,0,7.0,77,10.1,30.0,10.0,20.0,105.8,1676.78,0.01,0.14,8.6,0.237,Napoli,40.8518,14.2681
2026-03-18T09:00,8.1,80,4.8,6.3,0.0,0.0,0.0,0.0,0.0,0,1009.2,1006.9,15,0,15,0,3.1,69,13.7,184.0,115.0,69.0,471.7,3600.0,0.07,0.22,9.1,0.236,Napoli,40.8518,14.2681
2026-03-18T10:00,10.0,64,3.6,7.9,0.0,0.0,0.0,0.0,0.0,1,1009.6,1007.3,46,0,45,15,4.1,61,14.8,368.0,259.0,109.0,618.1,3600.0,0.16,0.44,10.3,0.235,Napoli,40.8518,14.2681
2026-03-18T11:00,10.8,55,2.2,8.2,0.0,0.0,0.0,0.0,0.0,3,1009.8,1007.5,100,0,100,2,5.9,38,19.1,417.0,245.0,172.0,433.6,3600.0,0.2,0.58,11.5,0.233,Napoli,40.8518,14.2681
2026-03-18T12:00,11.2,50,1.1,8.0,0.0,0.0,0.0,0.0,0.0,3,1010.0,1007.7,96,0,96,0,8.6,8,25.2,528.0,254.0,274.0,378.1,3600.0,0.26,0.66,12.6,0.23,Napoli,40.8518,14.2681
2026-03-18T13:00,11.7,48,1.1,9.1,0.0,0.0,0.0,0.0,0.0,1,1009.6,1007.3,32,1,32,0,6.5,357,25.6,601.0,319.0,282.0,435.7,3600.0,0.3,0.72,13.6,0.227,Napoli,40.8518,14.2681
2026-03-18T14:00,12.3,52,2.7,10.3,0.0,0.0,0.0,0.0,0.0,3,1009.2,1006.9,98,4,98,0,7.8,7,24.1,694.0,529.0,165.0,713.0,3600.0,0.34,0.69,14.8,0.218,Napoli,40.8518,14.2681
2026-03-18T15:00,11.4,59,3.6,8.6,0.4,0.4,0.0,0.0,0.0,51,1009.0,1006.7,97,22,96,51,9.0,46,25.6,497.0,240.0,257.0,342.6,3600.0,0.25,0.56,15.0,0.22,Napoli,40.8518,14.2681
2026-03-18T16:00,9.6,71,4.6,6.7,0.7,0.7,0.0,0.0,0.0,53,1009.4,1007.1,93,16,92,27,10.9,78,31.0,379.0,138.0,241.0,226.0,3600.0,0.17,0.35,14.3,0.226,Napoli,40.8518,14.2681
2026-03-18T17:00,9.6,69,4.1,7.8,0.3,0.3,0.0,0.0,0.0,51,1009.4,1007.1,71,10,70,9,2.7,332,27.0,205.0,55.0,150.0,114.9,1648.27,0.11,0.38,13.5,0.228,Napoli,40.8518,14.2681
2026-03-18T18:00,9.7,70,4.5,7.1,0.0,0.0,0.0,0.0,0.0,2,1009.6,1007.3,76,18,72,35,8.5,13,20.5,73.0,5.0,68.0,16.0,0.0,0.06,0.36,12.7,0.228,Napoli,40.8518,14.2681
2026-03-18T19:00,9.2,76,5.3,6.7,0.0,0.0,0.0,0.0,0.0,3,1010.0,1007.7,91,16,90,59,9.0,35,20.9,51.0,12.0,39.0,91.2,1058.81,0.04,0.28,11.8,0.227,Napoli,40.8518,14.2681
2026-03-18T20:00,8.0,82,5.2,5.7,0.0,0.0,0.0,0.0,0.0,3,1010.8,1008.5,100,4,100,46,7.8,19,21.2,1.0,0.0,1.0,0.0,0.0,0.0,0.19,11.7,0.223,Napoli,40.8518,14.2681
2026-03-18T21:00,8.1,81,5.0,5.6,0.1,0.1,0.0,0.0,0.0,51,1011.3,1009.0,7,2,5,0,8.7,30,19.4,0.0,0.0,0.0,0.0,0.0,0.0,0.21,10.8,0.223,Napoli,40.8518,14.2681
2026-03-18T22:00,7.3,79,4.0,4.3,0.0,0.0,0.0,0.0,0.0,0,1011.6,1009.3,0,0,0,0,10.5,37,24.1,0.0,0.0,0.0,0.0,0.0,0.01,0.21,9.9,0.223,Napoli,40.8518,14.2681
2026-03-18T23:00,6.9,79,3.5,3.6,0.0,0.0,0.0,0.0,0.0,0,1011.8,1009.5,2,2,0,0,12.5,51,28.4,0.0,0.0,0.0,0.0,0.0,0.01,0.21,9.1,0.223,Napoli,40.8518,14.2681
2026-03-19T00:00,6.9,77,3.2,3.6,0.0,0.0,0.0,0.0,0.0,0,1012.1,1009.8,4,3,0,1,11.2,46,28.8,0.0,0.0,0.0,0.0,0.0,0.01,0.23,8.6,0.223,Napoli,40.8518,14.2681
2026-03-19T01:00,6.7,78,3.1,3.4,0.0,0.0,0.0,0.0,0.0,0,1012.2,1009.9,2,2,0,0,11.5,44,25.9,0.0,0.0,0.0,0.0,0.0,0.01,0.22,8.1,0.223,Napoli,40.8518,14.2681
2026-03-19T02:00,7.5,76,3.6,4.0,0.0,0.0,0.0,0.0,0.0,3,1012.1,1009.8,100,2,100,100,13.6,59,27.4,0.0,0.0,0.0,0.0,0.0,0.02,0.25,9.2,0.234,Napoli,40.8518,14.2681
2026-03-19T03:00,7.7,76,3.7,4.5,0.0,0.0,0.0,0.0,0.0,3,1011.9,1009.6,100,1,100,99,11.7,59,31.3,0.0,0.0,0.0,0.0,0.0,0.02,0.25,8.8,0.233,Napoli,40.8518,14.2681
2026-03-19T04:00,7.9,76,4.0,5.3,0.0,0.0,0.0,0.0,0.0,3,1011.4,1009.1,100,0,100,94,8.4,62,27.7,0.0,0.0,0.0,0.0,0.0,0.01,0.25,8.5,0.233,Napoli,40.8518,14.2681
2026-03-19T05:00,7.7,79,4.3,5.0,0.1,0.1,0.0,0.0,0.0,51,1011.2,1008.9,95,0,94,70,8.9,56,20.5,0.0,0.0,0.0,0.0,0.0,0.01,0.22,8.3,0.234,Napoli,40.8518,14.2681
2026-03-19T06:00,6.7,86,4.5,3.9,2.2,2.2,0.0,0.0,0.0,61,1011.8,1009.5,100,100,100,92,10.3,11,25.6,0.0,0.0,0.0,0.0,0.0,0.0,0.14,8.0,0.261,Napoli,40.8518,14.2681
2026-03-19T07:00,6.4,90,4.8,3.5,1.1,1.1,0.0,0.0,0.0,55,1012.1,1009.8,100,100,100,75,10.8,332,21.6,0.0,0.0,0.0,0.0,0.0,0.0,0.1,7.8,0.275,Napoli,40.8518,14.2681
2026-03-19T08:00,6.2,89,4.6,3.7,0.0,0.0,0.0,0.0,0.0,1,1011.6,1009.3,46,14,45,0,8.5,359,21.2,9.0,0.0,9.0,0.0,0.0,0.02,0.1,8.7,0.269,Napoli,40.8518,14.2681
2026-03-19T09:00,8.0,85,5.6,5.8,0.2,0.2,0.0,0.0,0.0,51,1012.0,1009.7,59,21,24,38,7.1,19,19.1,158.0,75.0,83.0,300.9,3600.0,0.06,0.16,8.8,0.271,Napoli,40.8518,14.2681
2026-03-19T10:00,9.6,77,5.7,7.4,0.1,0.1,0.0,0.0,0.0,51,1012.2,1009.9,7,5,1,2,7.6,5,21.6,333.0,205.0,128.0,483.1,3600.0,0.14,0.28,9.6,0.271,Napoli,40.8518,14.2681
2026-03-19T11:00,11.3,68,5.7,8.9,0.0,0.0,0.0,0.0,0.0,1,1012.1,1009.8,41,39,14,0,9.3,352,25.9,487.0,346.0,141.0,606.8,3600.0,0.22,0.43,11.0,0.268,Napoli,40.8518,14.2681
2026-03-19T12:00,12.9,63,6.0,10.3,0.0,0.0,0.0,0.0,0.0,2,1012.1,1009.8,68,52,64,0,13.0,1,34.6,612.0,441.0,171.0,651.6,3600.0,0.29,0.55,12.4,0.265,Napoli,40.8518,14.2681
2026-03-19T13:00,13.3,64,6.7,10.7,0.0,0.0,0.0,0.0,0.0,1,1012.0,1009.7,29,23,23,0,14.5,25,37.8,623.0,409.0,214.0,555.0,3600.0,0.3,0.55,13.5,0.262,Napoli,40.8518,14.2681
2026-03-19T14:00,14.1,59,6.2,11.5,0.0,0.0,0.0,0.0,0.0,0,1011.4,1009.1,7,2,1,5,15.1,62,47.2,665.0,475.0,190.0,636.4,3600.0,0.33,0.66,14.6,0.226,Napoli,40.8518,14.2681
2026-03-19T15:00,15.2,55,6.3,13.2,0.1,0.1,0.0,0.0,0.0,51,1011.6,1009.3,39,13,22,15,12.3,34,38.2,691.0,553.0,138.0,784.8,3600.0,0.36,0.77,15.5,0.223,Napoli,40.8518,14.2681
2026-03-19T16:00,14.7,58,6.5,12.5,0.1,0.1,0.0,0.0,0.0,51,1011.6,1009.3,53,26,42,2,8.7,6,32.4,485.0,330.0,155.0,536.9,3600.0,0.26,0.7,15.6,0.221,Napoli,40.8518,14.2681
2026-03-19T17:00,14.7,57,6.3,13.0,0.0,0.0,0.0,0.0,0.0,1,1011.5,1009.2,30,13,28,0,5.2,25,27.0,331.0,209.0,122.0,433.3,3600.0,0.18,0.72,15.5,0.219,Napoli,40.8518,14.2681
2026-03-19T18:00,14.4,59,6.4,12.8,0.0,0.0,0.0,0.0,0.0,1,1011.5,1009.2,23,9,19,0,4.4,58,15.8,217.0,132.0,85.0,416.6,3600.0,0.12,0.68,15.0,0.218,Napoli,40.8518,14.2681
2026-03-19T19:00,12.6,76,8.4,11.8,0.1,0.1,0.0,0.0,0.0,51,1012.2,1009.9,37,27,27,0,2.0,135,11.9,70.0,31.0,39.0,232.3,3600.0,0.03,0.35,14.1,0.219,Napoli,40.8518,14.2681
2026-03-19T20:00,12.2,68,6.6,10.0,0.0,0.0,0.0,0.0,0.0,1,1012.5,1010.2,30,11,28,0,9.3,262,7.9,1.0,0.0,1.0,0.0,0.0,0.03,0.45,14.0,0.219,Napoli,40.8518,14.2681
2026-03-19T21:00,11.8,72,7.0,9.9,0.0,0.0,0.0,0.0,0.0,1,1012.7,1010.4,26,8,21,0,7.9,300,20.2,0.0,0.0,0.0,0.0,0.0,0.01,0.38,12.9,0.218,Napoli,40.8518,14.2681
2026-03-19T22:00,10.5,78,6.9,9.1,0.0,0.0,0.0,0.0,0.0,1,1012.9,1010.6,20,8,13,0,3.8,335,18.0,0.0,0.0,0.0,0.0,0.0,0.0,0.28,11.9,0.218,Napoli,40.8518,14.2681
2026-03-19T23:00,9.4,82,6.4,8.1,0.0,0.0,0.0,0.0,0.0,0,1013.1,1010.8,2,0,1,0,2.4,42,9.0,0.0,0.0,0.0,0.0,0.0,0.0,0.22,10.9,0.218,Napoli,40.8518,14.2681
2026-03-20T00:00,8.6,83,5.9,7.1,0.0,0.0,0.0,0.0,0.0,0,1013.1,1010.8,0,0,0,0,3.1,77,8.3,0.0,0.0,0.0,0.0,0.0,0.0,0.19,10.0,0.218,Napoli,40.8518,14.2681
2026-03-20T01:00,8.2,84,5.6,6.4,0.0,0.0,0.0,0.0,0.0,0,1013.2,1010.9,0,0,0,0,4.3,42,11.5,0.0,0.0,0.0,0.0,0.0,0.0,0.18,9.3,0.218,Napoli,40.8518,14.2681
2026-03-20T02:00,7.7,76,3.7,5.5,0.0,0.0,0.0,0.0,0.0,0,1013.1,1010.8,0,0,0,0,4.5,50,12.2,0.0,0.0,0.0,0.0,0.0,0.0,0.25,11.6,0.214,Napoli,40.8518,14.2681
2026-03-20T03:00,7.3,78,3.8,5.3,0.0,0.0,0.0,0.0,0.0,0,1013.0,1010.7,12,0,12,0,3.8,17,10.4,0.0,0.0,0.0,0.0,0.0,0.0,0.22,10.5,0.214,Napoli,40.8518,14.2681
2026-03-20T04:00,6.9,83,4.2,4.9,0.0,0.0,0.0,0.0,0.0,1,1012.7,1010.4,21,0,21,0,3.9,37,9.0,0.0,0.0,0.0,0.0,0.0,0.0,0.17,9.5,0.214,Napoli,40.8518,14.2681
2026-03-20T05:00,7.2,81,4.1,4.9,0.0,0.0,0.0,0.0,0.0,0,1012.3,1010.0,18,0,18,0,6.0,39,13.3,0.0,0.0,0.0,0.0,0.0,0.0,0.2,8.8,0.214,Napoli,40.8518,14.2681
2026-03-20T06:00,6.9,79,3.5,4.3,0.0,0.0,0.0,0.0,0.0,0,1012.4,1010.1,12,0,12,0,6.9,31,16.2,0.0,0.0,0.0,0.0,0.0,0.0,0.21,8.1,0.214,Napoli,40.8518,14.2681
2026-03-20T07:00,7.4,73,3.0,4.5,0.0,0.0,0.0,0.0,0.0,0,1012.6,1010.3,5,0,5,0,8.6,30,19.8,0.0,0.0,0.0,0.0,0.0,0.01,0.27,7.7,0.214,Napoli,40.8518,14.2681
2026-03-20T08:00,9.5,65,3.2,6.3,0.0,0.0,0.0,0.0,0.0,0,1012.6,1010.3,0,0,0,0,11.3,57,22.0,35.0,14.0,21.0,139.9,2793.02,0.04,0.42,9.6,0.214,Napoli,40.8518,14.2681
2026-03-20T09:00,11.2,61,4.0,8.1,0.0,0.0,0.0,0.0,0.0,0,1012.6,1010.3,0,0,0,0,11.6,60,27.4,195.0,123.0,72.0,483.1,3600.0,0.11,0.52,10.0,0.213,Napoli,40.8518,14.2681
2026-03-20T10:00,12.6,53,3.3,9.2,0.0,0.0,0.0,0.0,0.0,0,1012.8,1010.5,0,0,0,0,12.4,60,31.3,385.0,286.0,99.0,665.6,3600.0,0.2,0.69,11.0,0.211,Napoli,40.8518,14.2681
2026-03-20T11:00,13.6,48,2.9,9.7,0.0,0.0,0.0,0.0,0.0,0,1012.9,1010.6,0,0,0,0,15.3,50,38.5,557.0,444.0,113.0,771.7,3600.0,0.29,0.8,12.3,0.208,Napoli,40.8518,14.2681
2026-03-20T12:00,14.3,46,3.0,11.3,0.0,0.0,0.0,0.0,0.0,0,1013.0,1010.7,5,0,4,0,14.2,51,39.2,687.0,568.0,119.0,833.2,3600.0,0.35,0.87,13.6,0.205,Napoli,40.8518,14.2681
2026-03-20T13:00,14.9,44,2.6,12.6,0.0,0.0,0.0,0.0,0.0,1,1012.8,1010.5,21,0,21,0,10.9,39,37.1,721.0,584.0,137.0,787.5,3600.0,0.38,0.96,14.8,0.202,Napoli,40.8518,14.2681
2026-03-20T14:00,15.6,39,1.8,13.0,0.1,0.1,0.0,0.0,0.0,51,1012.1,1009.8,50,1,50,0,9.9,46,29.9,675.0,510.0,165.0,679.2,3600.0,0.38,1.07,15.7,0.197,Napoli,40.8518,14.2681
2026-03-20T15:00,15.7,39,1.8,13.0,0.0,0.0,0.0,0.0,0.0,2,1011.6,1009.3,54,2,53,0,8.1,18,26.6,608.0,406.0,202.0,572.7,3600.0,0.35,1.09,16.3,0.193,Napoli,40.8518,14.2681
2026-03-20T16:00,15.2,41,2.0,12.0,0.0,0.0,0.0,0.0,0.0,3,1011.2,1008.9,84,5,84,0,9.5,29,25.2,402.0,202.0,200.0,326.6,3600.0,0.25,1.02,16.2,0.191,Napoli,40.8518,14.2681
2026-03-20T17:00,14.6,40,1.3,10.9,0.0,0.0,0.0,0.0,0.0,3,1010.9,1008.6,99,14,99,0,12.0,54,32.0,311.0,153.0,158.0,314.7,3600.0,0.21,0.99,15.7,0.188,Napoli,40.8518,14.2681
2026-03-20T18:00,13.9,47,2.6,10.8,0.0,0.0,0.0,0.0,0.0,3,1011.2,1008.9,81,12,81,0,9.1,54,31.7,143.0,38.0,105.0,118.6,1756.93,0.12,0.85,14.8,0.186,Napoli,40.8518,14.2681
2026-03-20T19:00,12.2,53,2.9,8.8,0.0,0.0,0.0,0.0,0.0,3,1011.8,1009.5,100,19,100,0,11.7,70,26.3,60.0,19.0,41.0,140.5,2483.36,0.08,0.66,13.8,0.185,Napoli,40.8518,14.2681
2026-03-20T20:00,11.5,61,4.4,9.0,0.0,0.0,0.0,0.0,0.0,3,1012.2,1009.9,100,9,100,0,7.9,70,29.5,1.0,0.0,1.0,0.0,0.0,0.04,0.52,13.7,0.184,Napoli,40.8518,14.2681
2026-03-20T21:00,10.9,57,2.8,8.0,0.0,0.0,0.0,0.0,0.0,3,1012.8,1010.5,98,2,98,0,8.4,71,20.2,0.0,0.0,0.0,0.0,0.0,0.03,0.56,12.7,0.183,Napoli,40.8518,14.2681
2026-03-20T22:00,10.3,63,3.5,8.2,0.0,0.0,0.0,0.0,0.0,1,1012.8,1010.5,23,4,20,0,3.3,54,19.8,0.0,0.0,0.0,0.0,0.0,0.0,0.47,11.8,0.182,Napoli,40.8518,14.2681
2026-03-20T23:00,8.7,69,3.2,6.7,0.0,0.0,0.0,0.0,0.0,0,1012.8,1010.5,2,1,1,0,2.5,21,10.4,0.0,0.0,0.0,0.0,0.0,0.0,0.35,10.6,0.183,Napoli,40.8518,14.2681
2026-03-21T00:00,7.9,72,3.2,5.7,0.0,0.0,0.0,0.0,0.0,0,1012.9,1010.6,0,0,0,0,4.0,330,9.0,0.0,0.0,0.0,0.0,0.0,0.0,0.3,9.6,0.183,Napoli,40.8518,14.2681
2026-03-21T01:00,7.3,72,2.7,4.9,0.0,0.0,0.0,0.0,0.0,0,1012.7,1010.4,0,0,0,0,4.7,342,11.2,0.0,0.0,0.0,0.0,0.0,0.0,0.28,8.8,0.183,Napoli,40.8518,14.2681
2026-03-21T02:00,7.0,70,2.0,4.7,0.0,0.0,0.0,0.0,0.0,0,1012.4,1010.1,1,1,0,0,3.1,360,12.2,0.0,0.0,0.0,0.0,0.0,0.0,0.3,9.4,0.185,Napoli,40.8518,14.2681
2026-03-21T03:00,6.9,72,2.2,4.4,0.0,0.0,0.0,0.0,0.0,0,1012.3,1010.0,1,0,1,0,4.6,9,10.8,0.0,0.0,0.0,0.0,0.0,0.0,0.28,8.6,0.185,Napoli,40.8518,14.2681
2026-03-21T04:00,6.4,74,2.0,3.8,0.0,0.0,0.0,0.0,0.0,0,1012.1,1009.8,1,1,0,0,4.8,15,11.5,0.0,0.0,0.0,0.0,0.0,0.0,0.25,7.8,0.185,Napoli,40.8518,14.2681
2026-03-21T05:00,5.9,74,1.6,3.3,0.0,0.0,0.0,0.0,0.0,0,1011.7,1009.4,6,0,6,0,4.8,29,11.9,0.0,0.0,0.0,0.0,0.0,0.0,0.25,7.3,0.185,Napoli,40.8518,14.2681
2026-03-21T06:00,5.7,74,1.3,3.1,0.0,0.0,0.0,0.0,0.0,0,1011.5,1009.1,11,0,11,0,4.3,28,11.2,0.0,0.0,0.0,0.0,0.0,0.0,0.24,6.8,0.185,Napoli,40.8518,14.2681
2026-03-21T07:00,5.3,75,1.2,2.7,0.0,0.0,0.0,0.0,0.0,0,1011.7,1009.3,13,0,13,0,4.8,29,11.2,0.0,0.0,0.0,0.0,0.0,0.0,0.22,6.4,0.185,Napoli,40.8518,14.2681
2026-03-21T08:00,6.8,78,3.1,4.7,0.0,0.0,0.0,0.0,0.0,0,1011.6,1009.3,15,0,15,0,3.1,80,14.4,38.0,15.0,23.0,145.9,3033.48,0.01,0.22,8.0,0.185,Napoli,40.8518,14.2681
2026-03-21T09:00,9.0,73,4.5,6.9,0.0,0.0,0.0,0.0,0.0,0,1011.8,1009.5,5,0,2,3,4.6,42,13.0,189.0,107.0,82.0,411.5,3600.0,0.08,0.3,8.7,0.185,Napoli,40.8518,14.2681
2026-03-21T10:00,11.3,63,4.5,9.7,0.0,0.0,0.0,0.0,0.0,0,1012.0,1009.7,9,0,0,9,1.8,66,13.7,393.0,290.0,103.0,666.8,3600.0,0.18,0.5,10.3,0.184,Napoli,40.8518,14.2681
2026-03-21T11:00,13.1,47,2.1,11.1,0.0,0.0,0.0,0.0,0.0,0,1012.0,1009.7,9,0,0,9,1.3,74,11.5,558.0,436.0,122.0,751.2,3600.0,0.28,0.79,12.2,0.182,Napoli,40.8518,14.2681
2026-03-21T12:00,13.8,44,1.6,11.9,0.0,0.0,0.0,0.0,0.0,1,1012.0,1009.7,20,1,20,0,4.7,18,17.6,654.0,516.0,138.0,751.5,3600.0,0.34,0.89,13.8,0.179,Napoli,40.8518,14.2681
2026-03-21T13:00,14.3,40,1.0,11.9,0.0,0.0,0.0,0.0,0.0,2,1011.6,1009.3,57,2,55,3,5.9,38,20.2,613.0,385.0,228.0,515.9,3600.0,0.34,0.98,15.0,0.176,Napoli,40.8518,14.2681
2026-03-21T14:00,14.4,37,-0.1,11.8,0.0,0.0,0.0,0.0,0.0,1,1011.2,1008.9,45,2,44,2,3.1,21,19.8,554.0,301.0,253.0,398.6,3600.0,0.31,1.03,15.6,0.172,Napoli,40.8518,14.2681
2026-03-21T15:00,14.9,37,0.3,12.3,0.0,0.0,0.0,0.0,0.0,2,1010.7,1008.4,79,0,79,0,2.9,22,13.7,494.0,226.0,268.0,317.0,3600.0,0.28,1.06,16.2,0.169,Napoli,40.8518,14.2681
2026-03-21T16:00,14.7,38,0.6,12.2,0.0,0.0,0.0,0.0,0.0,3,1010.3,1008.0,100,0,100,0,2.7,37,13.3,356.0,100.0,256.0,160.6,3019.26,0.21,1.03,16.1,0.167,Napoli,40.8518,14.2681
2026-03-21T17:00,14.5,39,0.8,11.8,0.0,0.0,0.0,0.0,0.0,3,1010.5,1008.2,100,2,100,0,4.5,61,13.7,288.0,84.0,204.0,171.5,3344.44,0.18,1.0,15.9,0.165,Napoli,40.8518,14.2681
2026-03-21T18:00,13.5,47,2.3,11.0,0.0,0.0,0.0,0.0,0.0,3,1010.8,1008.5,100,13,99,95,5.1,48,14.0,102.0,5.0,97.0,15.4,0.0,0.09,0.83,14.9,0.164,Napoli,40.8518,14.2681
2026-03-21T19:00,12.6,56,4.1,10.5,0.0,0.0,0.0,0.0,0.0,3,1011.2,1008.9,100,17,93,100,4.9,28,13.3,44.0,9.0,35.0,65.7,176.28,0.05,0.64,14.0,0.163,Napoli,40.8518,14.2681
2026-03-21T20:00,12.0,57,3.7,9.4,0.0,0.0,0.0,0.0,0.0,3,1011.4,1009.1,100,0,78,100,7.3,81,12.2,1.0,0.0,1.0,0.0,0.0,0.04,0.61,13.9,0.161,Napoli,40.8518,14.2681
2026-03-21T21:00,11.5,58,3.6,9.3,0.0,0.0,0.0,0.0,0.0,3,1011.8,1009.5,100,1,74,100,4.7,86,16.6,0.0,0.0,0.0,0.0,0.0,0.01,0.56,12.9,0.16,Napoli,40.8518,14.2681
2026-03-21T22:00,10.9,62,3.8,8.8,0.0,0.0,0.0,0.0,0.0,3,1011.9,1009.6,100,6,37,100,4.3,62,11.9,0.0,0.0,0.0,0.0,0.0,0.01,0.5,12.0,0.16,Napoli,40.8518,14.2681
2026-03-21T23:00,10.2,61,3.0,7.6,0.0,0.0,0.0,0.0,0.0,3,1012.2,1009.9,98,14,77,92,6.6,47,14.8,0.0,0.0,0.0,0.0,0.0,0.02,0.49,11.2,0.16,Napoli,40.8518,14.2681
2026-03-22T00:00,9.8,60,2.4,7.0,0.0,0.0,0.0,0.0,0.0,3,1012.4,1010.1,85,1,40,76,7.5,40,17.3,0.0,0.0,0.0,0.0,0.0,0.02,0.49,10.6,0.16,Napoli,40.8518,14.2681
2026-03-22T01:00,8.9,64,2.4,6.4,0.0,0.0,0.0,0.0,0.0,1,1012.6,1010.3,40,13,11,30,5.5,44,16.9,0.0,0.0,0.0,0.0,0.0,0.01,0.41,9.9,0.16,Napoli,40.8518,14.2681
2026-03-22T02:00,8.2,67,2.5,5.7,0.0,0.0,0.0,0.0,0.0,1,1012.0,1009.7,30,0,30,0,5.0,55,12.6,0.0,0.0,0.0,0.0,0.0,0.01,0.36,11.7,0.151,Napoli,40.8518,14.2681
2026-03-22T03:00,8.5,65,2.4,6.1,0.0,0.0,0.0,0.0,0.0,1,1011.7,1009.4,21,0,21,0,4.8,56,11.9,0.0,0.0,0.0,0.0,0.0,0.01,0.38,10.5,0.151,Napoli,40.8518,14.2681
2026-03-22T04:00,7.6,70,2.5,5.3,0.0,0.0,0.0,0.0,0.0,1,1011.5,1009.2,22,0,22,0,4.2,50,10.8,0.0,0.0,0.0,0.0,0.0,0.0,0.31,9.5,0.151,Napoli,40.8518,14.2681
2026-03-22T05:00,7.2,71,2.2,4.6,0.0,0.0,0.0,0.0,0.0,0,1011.5,1009.2,10,0,10,0,5.2,41,10.8,0.0,0.0,0.0,0.0,0.0,0.0,0.3,8.7,0.151,Napoli,40.8518,14.2681
2026-03-22T06:00,6.3,76,2.3,3.9,0.0,0.0,0.0,0.0,0.0,1,1011.7,1009.4,25,2,16,9,4.0,39,11.2,0.0,0.0,0.0,0.0,0.0,0.0,0.23,8.0,0.151,Napoli,40.8518,14.2681
2026-03-22T07:00,6.2,77,2.5,4.1,0.0,0.0,0.0,0.0,0.0,3,1012.0,1009.7,85,1,73,43,2.7,53,8.3,0.0,0.0,0.0,0.0,0.0,0.0,0.22,7.5,0.152,Napoli,40.8518,14.2681
2026-03-22T08:00,7.9,70,2.8,5.6,0.0,0.0,0.0,0.0,0.0,0,1011.9,1009.6,10,0,4,6,3.7,55,10.8,34.0,10.0,24.0,94.8,1476.52,0.02,0.32,9.5,0.148,Napoli,40.8518,14.2681
2026-03-22T09:00,10.2,65,3.8,7.9,0.0,0.0,0.0,0.0,0.0,2,1012.0,1009.7,69,0,64,12,5.4,53,14.8,196.0,115.0,81.0,433.4,3600.0,0.09,0.44,10.0,0.148,Napoli,40.8518,14.2681
2026-03-22T10:00,12.1,57,3.8,9.9,0.0,0.0,0.0,0.0,0.0,3,1012.3,1010.0,98,3,94,76,4.7,97,15.8,341.0,212.0,129.0,481.7,3600.0,0.17,0.61,11.2,0.147,Napoli,40.8518,14.2681
2026-03-22T11:00,13.0,56,4.3,11.0,0.0,0.0,0.0,0.0,0.0,3,1012.3,1010.0,94,9,82,64,4.1,151,17.3,443.0,205.0,238.0,350.2,3600.0,0.23,0.66,12.6,0.146,Napoli,40.8518,14.2681
2026-03-22T12:00,12.8,57,4.5,9.8,0.1,0.1,0.0,0.0,0.0,51,1012.5,1010.2,93,32,82,56,11.4,184,29.2,459.0,182.0,277.0,263.2,3600.0,0.24,0.64,13.6,0.145,Napoli,40.8518,14.2681
2026-03-22T13:00,13.0,63,6.1,10.7,0.4,0.4,0.0,0.0,0.0,51,1012.6,1010.3,91,7,73,66,11.3,173,33.1,617.0,310.0,307.0,412.9,3600.0,0.3,0.55,14.6,0.147,Napoli,40.8518,14.2681
2026-03-22T14:00,13.7,54,4.7,10.8,0.0,0.0,0.0,0.0,0.0,3,1012.3,1010.0,96,10,79,85,10.9,173,30.2,529.0,231.0,298.0,304.1,3600.0,0.28,0.72,14.7,0.143,Napoli,40.8518,14.2681
2026-03-22T15:00,14.5,52,4.7,11.2,0.0,0.0,0.0,0.0,0.0,3,1011.8,1009.5,100,5,97,99,13.2,185,33.1,544.0,253.0,291.0,352.8,3600.0,0.3,0.79,15.4,0.141,Napoli,40.8518,14.2681
2026-03-22T16:00,13.7,51,3.9,10.5,0.2,0.2,0.0,0.0,0.0,51,1011.7,1009.4,100,21,84,100,11.9,190,37.1,387.0,107.0,280.0,170.8,3324.68,0.23,0.76,15.3,0.142,Napoli,40.8518,14.2681
2026-03-22T17:00,13.5,54,4.3,11.2,0.0,0.0,0.0,0.0,0.0,3,1011.6,1009.3,100,8,44,100,6.2,134,28.8,284.0,69.0,215.0,139.8,2394.04,0.17,0.72,15.1,0.141,Napoli,40.8518,14.2681
2026-03-22T18:00,13.0,57,4.6,11.0,0.0,0.0,0.0,0.0,0.0,3,1011.5,1009.2,100,13,72,100,5.0,109,17.6,146.0,23.0,123.0,70.2,305.54,0.1,0.65,14.5,0.14,Napoli,40.8518,14.2681
2026-03-22T19:00,11.8,67,6.0,9.8,0.0,0.0,0.0,0.0,0.0,3,1011.7,1009.4,91,5,89,64,6.8,68,15.1,69.0,13.0,56.0,92.8,982.75,0.05,0.45,13.6,0.139,Napoli,40.8518,14.2681
2026-03-22T20:00,11.1,72,6.3,9.1,0.0,0.0,0.0,0.0,0.0,3,1011.8,1009.5,98,1,97,40,6.7,46,15.8,2.0,0.0,2.0,0.0,0.0,0.01,0.37,13.4,0.133,Napoli,40.8518,14.2681
2026-03-22T21:00,10.6,78,7.0,9.2,0.0,0.0,0.0,0.0,0.0,3,1012.2,1009.9,100,3,100,20,4.2,43,14.8,0.0,0.0,0.0,0.0,0.0,0.0,0.28,12.4,0.134,Napoli,40.8518,14.2681
2026-03-22T22:00,10.7,79,7.2,9.1,0.0,0.0,0.0,0.0,0.0,3,1012.4,1010.1,99,5,99,0,6.1,47,13.3,0.0,0.0,0.0,0.0,0.0,0.0,0.27,11.7,0.134,Napoli,40.8518,14.2681
2026-03-22T23:00,10.2,83,7.4,9.0,0.0,0.0,0.0,0.0,0.0,3,1012.6,1010.3,98,2,98,0,3.3,45,13.7,0.0,0.0,0.0,0.0,0.0,0.0,0.21,11.1,0.134,Napoli,40.8518,14.2681
2026-03-23T00:00,9.6,84,7.1,8.4,0.1,0.1,0.0,0.0,0.0,51,1012.9,1010.6,73,3,73,0,3.1,24,7.9,0.0,0.0,0.0,0.0,0.0,0.0,0.19,10.6,0.135,Napoli,40.8518,14.2681
2026-03-23T01:00,9.4,81,6.3,7.4,0.0,0.0,0.0,0.0,0.0,2,1012.7,1010.4,50,7,50,0,6.7,5,15.1,0.0,0.0,0.0,0.0,0.0,0.0,0.22,10.1,0.135,Napoli,40.8518,14.2681
2026-03-23T02:00,9.9,80,6.7,8.5,1.0,1.0,0.0,0.0,0.0,55,1012.3,1010.0,100,10,100,0,3.7,11,19.4,0.0,0.0,0.0,0.0,0.0,0.0,0.24,12.1,0.148,Napoli,40.8518,14.2681
2026-03-23T03:00,10.0,80,6.7,9.0,0.0,0.0,0.0,0.0,0.0,3,1012.2,1009.9,93,17,92,5,0.9,281,8.6,0.0,0.0,0.0,0.0,0.0,0.0,0.25,11.5,0.148,Napoli,40.8518,14.2681
2026-03-23T04:00,9.6,86,7.3,8.2,0.3,0.3,0.0,0.0,0.0,51,1012.2,1009.9,96,1,95,24,4.6,259,11.5,0.0,0.0,0.0,0.0,0.0,0.0,0.17,10.9,0.152,Napoli,40.8518,14.2681
2026-03-23T05:00,9.0,88,7.1,7.8,1.2,1.2,0.0,0.0,0.0,55,1012.2,1009.9,78,2,78,0,2.7,340,9.0,0.0,0.0,0.0,0.0,0.0,0.0,0.14,10.4,0.167,Napoli,40.8518,14.2681
2026-03-23T06:00,8.3,95,7.5,7.1,1.3,1.3,0.0,0.0,0.0,61,1012.5,1010.2,100,9,100,2,3.8,17,7.9,0.0,0.0,0.0,0.0,0.0,0.0,0.05,9.9,0.185,Napoli,40.8518,14.2681
2026-03-23T07:00,8.8,92,7.5,6.9,0.7,0.7,0.0,0.0,0.0,53,1012.5,1010.2,94,2,94,0,8.1,61,14.8,0.0,0.0,0.0,0.0,0.0,0.0,0.09,9.7,0.195,Napoli,40.8518,14.2681
2026-03-23T08:00,8.7,89,7.0,6.8,0.7,0.7,0.0,0.0,0.0,53,1012.5,1010.2,9,7,7,2,7.7,62,16.9,23.0,4.0,19.0,37.0,0.0,0.02,0.13,10.9,0.198,Napoli,40.8518,14.2681
2026-03-23T09:00,10.8,85,8.3,9.4,0.0,0.0,0.0,0.0,0.0,1,1012.5,1010.2,23,12,15,1,6.1,66,16.9,195.0,111.0,84.0,410.2,3600.0,0.08,0.2,11.0,0.198,Napoli,40.8518,14.2681
2026-03-23T10:00,12.7,68,7.0,10.9,0.0,0.0,0.0,0.0,0.0,3,1012.7,1010.4,81,10,2,78,6.7,81,19.4,393.0,277.0,116.0,622.1,3600.0,0.19,0.47,12.1,0.196,Napoli,40.8518,14.2681
2026-03-23T11:00,14.0,57,5.6,12.1,0.0,0.0,0.0,0.0,0.0,3,1013.1,1010.8,99,4,27,99,5.2,119,19.8,538.0,378.0,160.0,640.2,3600.0,0.28,0.68,13.5,0.194,Napoli,40.8518,14.2681
2026-03-23T12:00,14.5,54,5.4,12.8,0.0,0.0,0.0,0.0,0.0,3,1013.3,1011.0,98,15,23,98,7.1,146,22.3,624.0,442.0,182.0,634.9,3600.0,0.33,0.75,14.8,0.191,Napoli,40.8518,14.2681
2026-03-23T13:00,14.6,53,5.2,12.7,0.0,0.0,0.0,0.0,0.0,3,1013.3,1011.0,95,4,20,94,8.0,162,24.8,626.0,343.0,283.0,454.1,3600.0,0.33,0.77,15.8,0.188,Napoli,40.8518,14.2681
2026-03-23T14:00,15.1,49,4.4,12.0,0.0,0.0,0.0,0.0,0.0,2,1012.8,1010.5,59,12,27,38,12.9,168,29.9,566.0,239.0,327.0,312.9,3600.0,0.32,0.88,17.1,0.137,Napoli,40.8518,14.2681
2026-03-23T15:00,14.7,51,4.6,12.6,0.0,0.0,0.0,0.0,0.0,2,1012.9,1010.6,52,15,34,27,8.1,119,33.5,609.0,400.0,209.0,554.7,3600.0,0.33,0.82,17.5,0.135,Napoli,40.8518,14.2681
2026-03-23T16:00,14.5,52,4.7,12.5,0.0,0.0,0.0,0.0,0.0,2,1012.7,1010.4,65,16,36,41,5.0,90,24.8,491.0,342.0,149.0,542.7,3600.0,0.27,0.8,17.5,0.133,Napoli,40.8518,14.2681
2026-03-23T17:00,13.9,53,4.5,11.5,0.1,0.1,0.0,0.0,0.0,51,1012.9,1010.6,72,30,55,29,6.7,31,19.8,366.0,230.0,136.0,462.6,3600.0,0.2,0.74,17.2,0.133,Napoli,40.8518,14.2681
2026-03-23T18:00,13.2,61,5.9,10.6,0.1,0.1,0.0,0.0,0.0,51,1013.3,1011.0,71,18,20,56,11.0,34,26.6,230.0,124.0,106.0,374.3,3600.0,0.13,0.59,16.3,0.132,Napoli,40.8518,14.2681
2026-03-23T19:00,12.0,68,6.2,9.7,0.2,0.2,0.0,0.0,0.0,51,1013.8,1011.5,57,6,35,30,8.7,27,28.4,81.0,34.0,47.0,236.7,3600.0,0.06,0.45,14.9,0.135,Napoli,40.8518,14.2681
2026-03-23T20:00,11.7,70,6.4,8.9,0.0,0.0,0.0,0.0,0.0,2,1014.2,1011.9,60,20,18,48,12.7,33,25.6,2.0,0.0,2.0,0.0,0.0,0.04,0.42,15.0,0.13,Napoli,40.8518,14.2681
2026-03-23T21:00,11.0,72,6.2,8.6,0.0,0.0,0.0,0.0,0.0,1,1015.0,1012.7,47,11,17,34,9.9,27,28.1,0.0,0.0,0.0,0.0,0.0,0.02,0.36,13.7,0.13,Napoli,40.8518,14.2681
2026-03-23T22:00,10.4,74,6.0,7.6,0.0,0.0,0.0,0.0,0.0,1,1015.6,1013.3,46,0,5,44,12.1,41,27.4,0.0,0.0,0.0,0.0,0.0,0.02,0.33,12.6,0.129,Napoli,40.8518,14.2681
2026-03-23T23:00,10.0,73,5.4,7.1,0.0,0.0,0.0,0.0,0.0,2,1015.9,1013.6,55,2,2,52,11.7,61,28.8,0.0,0.0,0.0,0.0,0.0,0.02,0.33,11.8,0.129,Napoli,40.8518,14.2681
2026-03-24T00:00,9.5,73,4.9,6.7,0.0,0.0,0.0,0.0,0.0,1,1015.9,1013.6,48,2,3,45,10.6,58,26.6,0.0,0.0,0.0,0.0,0.0,0.02,0.32,11.0,0.129,Napoli,40.8518,14.2681
2026-03-24T01:00,9.2,74,4.8,6.5,0.0,0.0,0.0,0.0,0.0,0,1015.9,1013.6,15,2,13,2,9.3,49,24.5,0.0,0.0,0.0,0.0,0.0,0.01,0.3,10.4,0.129,Napoli,40.8518,14.2681
2026-03-24T02:00,8.8,76,4.8,6.0,0.0,0.0,0.0,0.0,0.0,1,1016.1,1013.8,27,0,20,9,10.8,47,21.6,0.0,0.0,0.0,0.0,0.0,0.01,0.28,11.5,0.182,Napoli,40.8518,14.2681
2026-03-24T03:00,9.2,75,5.0,6.3,0.0,0.0,0.0,0.0,0.0,1,1016.0,1013.7,26,0,20,8,11.3,54,25.9,0.0,0.0,0.0,0.0,0.0,0.02,0.29,10.7,0.182,Napoli,40.8518,14.2681
2026-03-24T04:00,8.8,78,5.2,6.1,0.0,0.0,0.0,0.0,0.0,2,1015.8,1013.5,69,0,59,27,9.8,43,26.3,0.0,0.0,0.0,0.0,0.0,0.01,0.24,10.1,0.182,Napoli,40.8518,14.2681
2026-03-24T05:00,8.4,81,5.4,5.9,0.1,0.1,0.0,0.0,0.0,51,1015.7,1013.4,55,0,34,30,9.0,23,22.7,0.0,0.0,0.0,0.0,0.0,0.0,0.21,9.6,0.183,Napoli,40.8518,14.2681
2026-03-24T06:00,8.3,81,5.3,5.8,0.0,0.0,0.0,0.0,0.0,2,1015.8,1013.5,55,0,44,19,8.9,19,21.2,0.0,0.0,0.0,0.0,0.0,0.0,0.2,9.1,0.183,Napoli,40.8518,14.2681
2026-03-24T07:00,8.1,81,5.1,5.8,0.0,0.0,0.0,0.0,0.0,0,1015.9,1013.6,7,0,4,4,7.6,15,20.5,0.0,0.0,0.0,0.0,0.0,0.0,0.2,8.7,0.184,Napoli,40.8518,14.2681
2026-03-24T08:00,9.4,75,5.1,6.7,0.0,0.0,0.0,0.0,0.0,0,1016.2,1013.9,0,0,0,0,10.2,51,18.7,45.0,17.0,28.0,153.4,3326.92,0.03,0.3,9.8,0.184,Napoli,40.8518,14.2681
2026-03-24T09:00,11.2,67,5.3,8.7,0.0,0.0,0.0,0.0,0.0,0,1016.5,1014.2,0,0,0,0,9.3,44,30.2,215.0,139.0,76.0,503.9,3600.0,0.1,0.44,10.3,0.183,Napoli,40.8518,14.2681
2026-03-24T10:00,12.8,62,5.8,10.5,0.0,0.0,0.0,0.0,0.0,0,1016.8,1014.5,0,0,0,0,8.3,24,24.8,405.0,303.0,102.0,672.7,3600.0,0.2,0.55,11.6,0.181,Napoli,40.8518,14.2681
2026-03-24T11:00,14.2,56,5.6,11.9,0.0,0.0,0.0,0.0,0.0,0,1017.2,1014.9,0,0,0,0,9.3,8,27.0,576.0,462.0,114.0,776.0,3600.0,0.29,0.71,13.1,0.179,Napoli,40.8518,14.2681
2026-03-24T12:00,15.3,53,5.9,13.8,0.0,0.0,0.0,0.0,0.0,0,1017.5,1015.2,4,3,1,1,9.0,359,35.6,701.0,574.0,127.0,819.0,3600.0,0.37,0.81,14.8,0.176,Napoli,40.8518,14.2681
2026-03-24T13:00,16.2,52,6.5,15.3,0.0,0.0,0.0,0.0,0.0,0,1017.2,1014.9,19,13,8,0,8.5,355,35.6,765.0,630.0,135.0,829.2,3600.0,0.41,0.88,16.3,0.173,Napoli,40.8518,14.2681
2026-03-24T14:00,16.9,44,4.7,15.1,0.0,0.0,0.0,0.0,0.0,1,1016.7,1014.4,32,4,31,5,10.6,35,31.0,745.0,594.0,151.0,773.4,3600.0,0.42,1.07,17.3,0.169,Napoli,40.8518,14.2681
2026-03-24T15:00,16.8,44,4.4,14.1,0.1,0.1,0.0,0.0,0.0,51,1016.2,1013.9,33,8,32,0,12.1,353,32.4,641.0,480.0,161.0,661.9,3600.0,0.37,1.07,17.8,0.166,Napoli,40.8518,14.2681
2026-03-24T16:00,16.5,48,5.3,13.6,0.0,0.0,0.0,0.0,0.0,1,1015.9,1013.6,26,8,24,0,11.4,344,33.1,501.0,340.0,161.0,536.3,3600.0,0.3,0.98,17.7,0.164,Napoli,40.8518,14.2681
2026-03-24T17:00,15.9,51,5.8,13.0,0.1,0.1,0.0,0.0,0.0,51,1016.1,1013.8,15,1,15,0,12.2,340,33.8,424.0,297.0,127.0,593.0,3600.0,0.25,0.88,17.4,0.162,Napoli,40.8518,14.2681
2026-03-24T18:00,14.9,55,5.9,12.3,0.0,0.0,0.0,0.0,0.0,0,1016.3,1014.0,2,0,2,0,11.0,325,31.0,242.0,148.0,94.0,442.0,3600.0,0.15,0.77,16.6,0.16,Napoli,40.8518,14.2681
2026-03-24T19:00,13.5,64,6.9,11.2,0.0,0.0,0.0,0.0,0.0,0,1016.6,1014.3,4,3,2,0,10.1,311,26.6,91.0,45.0,46.0,305.8,3600.0,0.07,0.55,15.4,0.159,Napoli,40.8518,14.2681
2026-03-24T20:00,12.9,72,8.0,11.1,0.0,0.0,0.0,0.0,0.0,0,1016.5,1014.2,5,0,5,0,8.7,302,22.3,2.0,0.0,2.0,0.0,0.0,0.03,0.42,15.2,0.156,Napoli,40.8518,14.2681
2026-03-24T21:00,12.4,77,8.4,11.2,0.0,0.0,0.0,0.0,0.0,0,1017.2,1014.9,0,0,0,0,5.3,308,18.4,0.0,0.0,0.0,0.0,0.0,0.0,0.33,13.9,0.156,Napoli,40.8518,14.2681
2026-03-24T22:00,11.0,83,8.2,10.1,0.0,0.0,0.0,0.0,0.0,0,1017.7,1015.4,0,0,0,0,2.4,27,12.2,0.0,0.0,0.0,0.0,0.0,0.0,0.22,12.7,0.157,Napoli,40.8518,14.2681
2026-03-24T23:00,10.6,81,7.5,9.4,0.0,0.0,0.0,0.0,0.0,0,1017.8,1015.5,0,0,0,0,3.6,90,8.6,0.0,0.0,0.0,0.0,0.0,0.0,0.24,11.7,0.157,Napoli,40.8518,14.2681
2026-03-25T00:00,10.8,71,5.8,9.2,0.0,0.0,0.0,0.0,0.0,0,1017.9,1015.6,0,0,0,0,3.5,75,9.4,0.0,0.0,0.0,0.0,0.0,0.0,0.37,10.8,0.157,Napoli,40.8518,14.2681
2026-03-25T01:00,9.6,73,4.9,8.0,0.0,0.0,0.0,0.0,0.0,0,1018.0,1015.7,0,0,0,0,2.3,18,8.3,0.0,0.0,0.0,0.0,0.0,0.0,0.33,10.0,0.157,Napoli,40.8518,14.2681
2026-03-25T02:00,8.0,79,4.6,6.2,0.0,0.0,0.0,0.0,0.0,0,1017.8,1015.5,0,0,0,0,3.3,6,9.0,0.0,0.0,0.0,0.0,0.0,0.0,0.23,11.1,0.156,Napoli,40.8518,14.2681
2026-03-25T03:00,7.8,80,4.7,6.0,0.0,0.0,0.0,0.0,0.0,0,1017.4,1015.1,0,0,0,0,3.6,18,8.6,0.0,0.0,0.0,0.0,0.0,0.0,0.21,10.1,0.156,Napoli,40.8518,14.2681
2026-03-25T04:00,7.1,83,4.4,5.2,0.0,0.0,0.0,0.0,0.0,0,1017.1,1014.7,0,0,0,0,3.2,360,7.9,0.0,0.0,0.0,0.0,0.0,0.0,0.17,9.3,0.156,Napoli,40.8518,14.2681
2026-03-25T05:00,6.5,84,4.0,4.5,0.0,0.0,0.0,0.0,0.0,0,1016.6,1014.2,0,0,0,0,3.6,9,8.3,0.0,0.0,0.0,0.0,0.0,0.0,0.15,8.6,0.157,Napoli,40.8518,14.2681
2026-03-25T06:00,6.1,83,3.5,4.0,0.0,0.0,0.0,0.0,0.0,0,1016.3,1013.9,0,0,0,0,3.5,28,7.9,0.0,0.0,0.0,0.0,0.0,0.0,0.16,7.9,0.157,Napoli,40.8518,14.2681
2026-03-25T07:00,5.7,84,3.2,3.6,0.0,0.0,0.0,0.0,0.0,0,1016.2,1013.8,0,0,0,0,3.0,14,6.8,0.0,0.0,0.0,0.0,0.0,0.0,0.14,7.3,0.157,Napoli,40.8518,14.2681
2026-03-25T08:00,7.1,77,3.3,4.9,0.0,0.0,0.0,0.0,0.0,0,1016.1,1013.7,0,0,0,0,4.0,30,8.3,52.0,23.0,29.0,202.6,3425.37,0.02,0.23,7.3,0.157,Napoli,40.8518,14.2681
2026-03-25T09:00,9.7,73,5.0,8.0,0.0,0.0,0.0,0.0,0.0,0,1016.0,1013.7,0,0,0,0,3.1,62,10.8,222.0,145.0,77.0,515.7,3600.0,0.09,0.33,8.5,0.157,Napoli,40.8518,14.2681
2026-03-25T10:00,12.8,66,6.6,11.7,0.0,0.0,0.0,0.0,0.0,0,1016.1,1013.8,3,0,0,3,1.5,76,11.2,414.0,312.0,102.0,684.9,3600.0,0.2,0.5,10.5,0.156,Napoli,40.8518,14.2681
2026-03-25T11:00,15.0,56,6.4,14.0,0.0,0.0,0.0,0.0,0.0,0,1015.7,1013.4,19,0,0,19,1.8,225,11.9,583.0,465.0,118.0,774.6,3600.0,0.31,0.74,12.9,0.154,Napoli,40.8518,14.2681
2026-03-25T12:00,16.1,50,5.8,15.4,0.0,0.0,0.0,0.0,0.0,3,1015.4,1013.1,95,0,0,95,4.4,232,17.3,707.0,576.0,131.0,816.3,3600.0,0.39,0.91,15.0,0.151,Napoli,40.8518,14.2681
2026-03-25T13:00,16.6,49,5.7,16.0,0.0,0.0,0.0,0.0,0.0,1,1014.6,1012.3,34,0,0,34,6.4,218,20.9,769.0,615.0,154.0,804.7,3600.0,0.42,0.97,16.7,0.148,Napoli,40.8518,14.2681
2026-03-25T14:00,17.3,46,5.6,15.8,0.0,0.0,0.0,0.0,0.0,1,1013.4,1011.1,32,0,0,31,11.2,220,28.4,783.0,640.0,143.0,828.7,3600.0,0.44,1.06,17.8,0.144,Napoli,40.8518,14.2681
2026-03-25T15:00,17.0,50,6.4,15.5,0.0,0.0,0.0,0.0,0.0,0,1012.7,1010.4,2,2,0,0,11.6,219,32.8,749.0,625.0,124.0,857.2,3600.0,0.41,0.97,18.6,0.141,Napoli,40.8518,14.2681
2026-03-25T16:00,16.5,55,7.5,14.5,0.0,0.0,0.0,0.0,0.0,0,1012.1,1009.8,2,2,0,0,12.2,233,32.4,630.0,513.0,117.0,804.3,3600.0,0.34,0.84,18.8,0.138,Napoli,40.8518,14.2681
2026-03-25T17:00,15.8,54,6.5,12.9,0.0,0.0,0.0,0.0,0.0,0,1011.6,1009.3,0,0,0,0,13.5,265,33.8,461.0,350.0,111.0,693.8,3600.0,0.26,0.83,18.4,0.136,Napoli,40.8518,14.2681
2026-03-25T18:00,15.0,67,9.0,12.6,0.0,0.0,0.0,0.0,0.0,0,1010.9,1008.6,0,0,0,0,14.8,267,35.6,280.0,192.0,88.0,567.5,3600.0,0.15,0.56,17.5,0.135,Napoli,40.8518,14.2681
2026-03-25T19:00,14.0,78,10.3,11.6,0.0,0.0,0.0,0.0,0.0,0,1010.4,1008.1,2,2,1,0,17.1,266,38.5,98.0,49.0,49.0,325.3,3600.0,0.06,0.35,16.2,0.134,Napoli,40.8518,14.2681
2026-03-25T20:00,13.8,73,9.0,11.0,0.0,0.0,0.0,0.0,0.0,1,1009.8,1007.5,20,13,16,0,17.2,255,39.2,3.0,0.0,3.0,0.0,0.0,0.05,0.43,16.1,0.13,Napoli,40.8518,14.2681
2026-03-25T21:00,13.5,72,8.5,10.8,0.0,0.0,0.0,0.0,0.0,0,1009.6,1007.3,6,6,3,0,15.6,254,38.2,0.0,0.0,0.0,0.0,0.0,0.04,0.43,14.9,0.129,Napoli,40.8518,14.2681
2026-03-25T22:00,13.2,70,7.8,10.5,0.0,0.0,0.0,0.0,0.0,0,1008.9,1006.6,0,0,0,0,13.9,253,34.6,0.0,0.0,0.0,0.0,0.0,0.04,0.46,14.0,0.129,Napoli,40.8518,14.2681
2026-03-25T23:00,13.1,69,7.4,10.2,0.0,0.0,0.0,0.0,0.0,0,1008.4,1006.1,12,9,0,2,15.2,247,33.8,0.0,0.0,0.0,0.0,0.0,0.04,0.47,13.3,0.129,Napoli,40.8518,14.2681
2026-03-26T00:00,13.3,58,5.1,9.6,0.0,0.0,0.0,0.0,0.0,1,1007.8,1005.5,22,21,5,0,16.6,236,36.7,0.0,0.0,0.0,0.0,0.0,0.07,0.65,12.8,0.128,Napoli,40.8518,14.2681
2026-03-26T01:00,13.3,65,6.9,9.7,0.0,0.0,0.0,0.0,0.0,3,1007.0,1004.7,93,92,84,0,18.6,224,41.0,0.0,0.0,0.0,0.0,0.0,0.06,0.53,12.4,0.128,Napoli,40.8518,14.2681
2026-03-26T02:00,13.9,73,9.1,10.6,0.0,0.0,0.0,0.0,0.0,1,1005.5,1003.2,28,4,25,0,20.8,210,45.0,0.0,0.0,0.0,0.0,0.0,0.05,0.43,13.3,0.132,Napoli,40.8518,14.2681
2026-03-26T03:00,13.8,69,8.3,10.0,0.0,0.0,0.0,0.0,0.0,1,1004.3,1002.0,45,17,40,0,23.3,217,52.6,0.0,0.0,0.0,0.0,0.0,0.06,0.48,13.1,0.132,Napoli,40.8518,14.2681
2026-03-26T04:00,14.1,69,8.5,10.2,0.0,0.0,0.0,0.0,0.0,2,1002.8,1000.5,69,22,61,0,24.0,231,53.3,0.0,0.0,0.0,0.0,0.0,0.06,0.5,12.9,0.132,Napoli,40.8518,14.2681
2026-03-26T05:00,14.0,67,7.9,9.1,0.0,0.0,0.0,0.0,0.0,1,1001.9,999.6,48,18,41,0,29.2,229,63.7,0.0,0.0,0.0,0.0,0.0,0.08,0.53,12.8,0.132,Napoli,40.8518,14.2681
2026-03-26T06:00,13.9,66,7.6,9.1,0.0,0.0,0.0,0.0,0.0,1,1000.8,998.5,43,32,41,1,28.9,246,65.5,0.0,0.0,0.0,0.0,0.0,0.08,0.54,12.8,0.131,Napoli,40.8518,14.2681
2026-03-26T07:00,13.3,65,6.8,7.7,0.0,0.0,0.0,0.0,0.0,3,1000.5,998.2,84,27,83,0,32.7,257,72.4,0.0,0.0,0.0,0.0,0.0,0.09,0.54,12.7,0.131,Napoli,40.8518,14.2681
2026-03-26T08:00,13.2,60,5.6,7.6,0.0,0.0,0.0,0.0,0.0,1,1000.2,997.9,37,17,23,0,30.7,255,72.4,38.0,12.0,26.0,103.3,1889.48,0.11,0.61,13.0,0.13,Napoli,40.8518,14.2681
2026-03-26T09:00,13.2,50,3.0,6.6,0.0,0.0,0.0,0.0,0.0,0,999.4,997.1,1,0,1,0,34.1,252,81.4,198.0,120.0,78.0,418.9,3600.0,0.18,0.76,13.1,0.129,Napoli,40.8518,14.2681
2026-03-26T10:00,13.5,47,2.4,6.1,0.0,0.0,0.0,0.0,0.0,1,998.9,996.6,37,27,26,0,38.2,250,88.2,408.0,296.0,112.0,642.5,3600.0,0.26,0.82,13.6,0.128,Napoli,40.8518,14.2681
2026-03-26T11:00,13.2,45,1.5,5.3,0.0,0.0,0.0,0.0,0.0,2,998.6,996.3,51,12,44,0,40.7,244,95.8,527.0,383.0,144.0,632.8,3600.0,0.29,0.83,14.1,0.126,Napoli,40.8518,14.2681
2026-03-26T12:00,12.4,49,2.1,5.1,0.1,0.1,0.0,0.0,0.0,51,998.4,996.1,63,16,56,0,39.1,248,98.3,605.0,412.0,193.0,580.0,3600.0,0.29,0.73,14.4,0.126,Napoli,40.8518,14.2681
2026-03-26T13:00,11.0,61,3.8,4.2,2.6,2.6,0.0,0.0,0.0,63,997.9,995.6,37,5,33,0,38.2,250,100.8,614.0,403.0,211.0,524.3,3600.0,0.25,0.51,14.5,0.156,Napoli,40.8518,14.2681
2026-03-26T14:00,12.3,45,0.9,5.6,0.1,0.1,0.0,0.0,0.0,51,997.1,994.8,59,16,55,0,36.4,242,94.0,689.0,462.0,227.0,595.0,3600.0,0.33,0.78,14.3,0.14,Napoli,40.8518,14.2681
2026-03-26T15:00,10.7,51,0.9,3.9,0.3,0.3,0.0,0.0,0.0,51,996.3,994.0,78,47,73,0,34.7,246,89.3,633.0,425.0,208.0,579.7,3600.0,0.28,0.63,14.4,0.141,Napoli,40.8518,14.2681
2026-03-26T16:00,10.2,59,2.5,5.2,0.1,0.1,0.0,0.0,0.0,51,995.4,993.1,95,79,57,67,22.7,248,80.3,429.0,243.0,186.0,378.8,3600.0,0.21,0.52,14.1,0.141,Napoli,40.8518,14.2681
2026-03-26T17:00,9.4,71,4.4,5.2,0.6,0.6,0.0,0.0,0.0,53,995.0,992.7,98,27,95,95,19.5,279,55.4,226.0,59.0,167.0,116.1,1683.71,0.12,0.35,13.3,0.147,Napoli,40.8518,14.2681
2026-03-26T18:00,9.9,71,4.9,6.2,0.0,0.0,0.0,0.0,0.0,3,994.5,992.2,93,79,64,60,16.6,270,46.4,168.0,49.0,119.0,143.4,2500.51,0.1,0.35,12.7,0.147,Napoli,40.8518,14.2681
2026-03-26T19:00,9.5,74,5.1,5.8,0.5,0.5,0.0,0.0,0.0,53,994.3,992.0,20,11,7,4,17.1,272,46.8,77.0,21.0,56.0,136.3,2288.09,0.06,0.31,11.9,0.152,Napoli,40.8518,14.2681
2026-03-26T20:00,9.4,72,4.6,6.2,0.0,0.0,0.0,0.0,0.0,1,994.2,991.9,45,27,16,23,13.1,261,38.2,3.0,0.0,3.0,0.0,0.0,0.03,0.33,11.2,0.161,Napoli,40.8518,14.2681
2026-03-26T21:00,8.7,73,4.1,5.1,0.0,0.0,0.0,0.0,0.0,3,994.8,992.5,89,74,65,12,14.9,261,31.0,0.0,0.0,0.0,0.0,0.0,0.03,0.31,10.6,0.161,Napoli,40.8518,14.2681
2026-03-26T22:00,8.1,79,4.6,5.4,1.5,1.5,0.0,0.0,0.0,61,995.0,992.7,50,7,8,41,9.1,284,32.0,0.0,0.0,0.0,0.0,0.0,0.01,0.23,9.8,0.179,Napoli,40.8518,14.2681
2026-03-26T23:00,7.6,78,4.0,5.1,0.0,0.0,0.0,0.0,0.0,1,995.1,992.8,39,0,1,38,7.7,282,20.2,0.0,0.0,0.0,0.0,0.0,0.0,0.23,9.2,0.179,Napoli,40.8518,14.2681
2026-03-27T00:00,6.5,83,3.9,4.9,0.0,0.0,0.0,0.0,0.0,0,995.3,993.0,9,9,3,0,0.9,281,16.6,0.0,0.0,0.0,0.0,0.0,0.0,0.16,8.5,0.179,Napoli,40.8518,14.2681
2026-03-27T01:00,6.4,85,4.1,4.2,0.0,0.0,0.0,0.0,0.0,0,995.3,993.0,19,19,2,0,5.6,63,10.1,0.0,0.0,0.0,0.0,0.0,0.0,0.14,7.9,0.18,Napoli,40.8518,14.2681
2026-03-27T02:00,6.1,88,4.3,4.1,0.0,0.0,0.0,0.0,0.0,0,995.4,993.1,8,1,5,2,4.6,77,22.0,0.0,0.0,0.0,0.0,0.0,0.0,0.11,8.4,0.201,Napoli,40.8518,14.2681
2026-03-27T03:00,5.4,89,3.7,3.2,0.0,0.0,0.0,0.0,0.0,3,995.6,993.3,83,4,36,74,4.9,28,11.2,0.0,0.0,0.0,0.0,0.0,0.0,0.1,7.8,0.201,Napoli,40.8518,14.2681
2026-03-27T04:00,5.2,91,3.9,2.8,0.0,0.0,0.0,0.0,0.0,3,995.8,993.5,90,16,65,83,6.6,22,13.7,0.0,0.0,0.0,0.0,0.0,0.0,0.08,7.4,0.201,Napoli,40.8518,14.2681
2026-03-27T05:00,5.3,90,3.9,2.5,0.0,0.0,0.0,0.0,0.0,3,996.4,994.1,94,27,84,62,9.2,2,22.0,0.0,0.0,0.0,0.0,0.0,0.0,0.09,7.1,0.201,Napoli,40.8518,14.2681
2026-03-27T06:00,5.0,89,3.4,2.7,0.0,0.0,0.0,0.0,0.0,3,996.8,994.5,99,23,70,99,5.5,23,19.4,0.0,0.0,0.0,0.0,0.0,0.0,0.09,6.8,0.201,Napoli,40.8518,14.2681
2026-03-27T07:00,5.1,89,3.5,2.8,0.0,0.0,0.0,0.0,0.0,2,997.5,995.2,67,10,2,63,5.0,347,14.4,0.0,0.0,0.0,0.0,0.0,0.01,0.09,6.6,0.201,Napoli,40.8518,14.2681
2026-03-27T08:00,5.8,83,3.2,2.7,0.0,0.0,0.0,0.0,0.0,1,998.2,995.9,27,23,25,0,10.1,350,12.6,55.0,23.0,32.0,193.4,3600.0,0.02,0.16,6.9,0.202,Napoli,40.8518,14.2681
2026-03-27T09:00,8.0,78,4.4,5.6,0.0,0.0,0.0,0.0,0.0,0,999.0,996.7,16,6,10,4,6.9,25,21.2,220.0,131.0,89.0,449.0,3600.0,0.09,0.24,7.7,0.202,Napoli,40.8518,14.2681
2026-03-27T10:00,9.9,67,4.0,7.6,0.0,0.0,0.0,0.0,0.0,1,999.6,997.3,23,1,23,0,5.8,30,20.9,428.0,319.0,109.0,684.8,3600.0,0.19,0.41,9.2,0.201,Napoli,40.8518,14.2681
2026-03-27T11:00,11.8,60,4.2,9.8,0.0,0.0,0.0,0.0,0.0,2,999.9,997.6,58,2,57,0,5.5,71,19.1,583.0,457.0,126.0,749.0,3600.0,0.28,0.56,11.1,0.199,Napoli,40.8518,14.2681
2026-03-27T12:00,12.9,47,2.0,10.4,0.1,0.1,0.0,0.0,0.0,51,1000.4,998.1,18,3,17,1,8.7,21,28.4,658.0,467.0,191.0,653.2,3600.0,0.33,0.78,12.8,0.197,Napoli,40.8518,14.2681
2026-03-27T13:00,13.7,43,1.4,11.0,0.0,0.0,0.0,0.0,0.0,1,1000.4,998.1,20,2,17,0,12.5,353,34.6,733.0,559.0,174.0,723.1,3600.0,0.38,0.89,14.2,0.193,Napoli,40.8518,14.2681
2026-03-27T14:00,14.0,38,0.0,12.7,0.0,0.0,0.0,0.0,0.0,1,1000.9,998.6,38,3,37,2,2.8,243,37.4,737.0,568.0,169.0,727.6,3600.0,0.39,0.98,15.1,0.191,Napoli,40.8518,14.2681
2026-03-27T15:00,13.9,40,0.4,11.0,0.0,0.0,0.0,0.0,0.0,2,1001.2,998.9,70,3,52,48,8.1,332,23.8,607.0,422.0,185.0,572.6,3600.0,0.33,0.96,15.8,0.188,Napoli,40.8518,14.2681
2026-03-27T16:00,12.6,47,1.5,9.2,0.0,0.0,0.0,0.0,0.0,0,1001.8,999.5,14,5,11,2,10.3,31,28.8,520.0,313.0,207.0,485.1,3600.0,0.27,0.78,15.7,0.185,Napoli,40.8518,14.2681
2026-03-27T17:00,12.5,45,0.9,9.1,0.1,0.1,0.0,0.0,0.0,51,1002.3,1000.0,81,47,79,0,9.7,45,29.5,408.0,276.0,132.0,539.4,3600.0,0.22,0.8,15.2,0.184,Napoli,40.8518,14.2681
2026-03-27T18:00,11.8,53,2.5,9.2,0.0,0.0,0.0,0.0,0.0,3,1002.8,1000.5,89,4,89,0,5.4,60,25.9,155.0,65.0,90.0,188.2,3600.0,0.1,0.65,14.2,0.182,Napoli,40.8518,14.2681
2026-03-27T19:00,11.2,61,4.0,8.9,0.0,0.0,0.0,0.0,0.0,3,1003.3,1001.0,93,2,23,91,5.4,76,13.7,64.0,19.0,45.0,120.6,1817.71,0.05,0.51,13.2,0.182,Napoli,40.8518,14.2681
2026-03-27T20:00,10.1,70,4.9,8.0,0.0,0.0,0.0,0.0,0.0,3,1004.3,1002.0,100,13,24,100,5.5,337,12.6,4.0,0.0,4.0,0.0,0.0,0.01,0.37,12.6,0.181,Napoli,40.8518,14.2681
2026-03-27T21:00,9.6,71,4.6,7.2,0.0,0.0,0.0,0.0,0.0,3,1005.1,1002.8,100,34,30,100,7.2,342,16.6,0.0,0.0,0.0,0.0,0.0,0.01,0.34,11.5,0.181,Napoli,40.8518,14.2681
2026-03-27T22:00,9.1,73,4.5,6.9,0.0,0.0,0.0,0.0,0.0,3,1006.0,1003.7,98,20,94,95,6.0,7,16.6,0.0,0.0,0.0,0.0,0.0,0.01,0.32,10.7,0.18,Napoli,40.8518,14.2681
2026-03-27T23:00,9.1,73,4.4,7.1,0.0,0.0,0.0,0.0,0.0,3,1006.6,1004.3,100,1,99,97,4.1,2,14.0,0.0,0.0,0.0,0.0,0.0,0.0,0.32,10.1,0.18,Napoli,40.8518,14.2681
2026-03-28T00:00,8.4,77,4.6,6.4,0.3,0.3,0.0,0.0,0.0,51,1006.9,1004.6,100,16,100,13,4.6,79,15.5,0.0,0.0,0.0,0.0,0.0,0.0,0.25,9.6,0.184,Napoli,40.8518,14.2681
2026-03-28T01:00,8.1,80,4.8,6.2,0.1,0.1,0.0,0.0,0.0,51,1007.2,1004.9,99,21,98,4,4.3,75,13.0,0.0,0.0,0.0,0.0,0.0,0.0,0.22,9.3,0.184,Napoli,40.8518,14.2681
2026-03-28T02:00,7.4,81,4.3,5.1,0.0,0.0,0.0,0.0,0.0,3,1007.4,1005.1,100,5,38,100,5.8,356,12.2,0.0,0.0,0.0,0.0,0.0,0.0,0.2,9.9,0.181,Napoli,40.8518,14.2681
2026-03-28T03:00,7.6,80,4.4,5.2,0.0,0.0,0.0,0.0,0.0,3,1007.3,1005.0,98,97,95,30,7.5,33,19.1,0.0,0.0,0.0,0.0,0.0,0.0,0.21,9.3,0.181,Napoli,40.8518,14.2681
2026-03-28T04:00,7.6,80,4.3,5.0,0.0,0.0,0.0,0.0,0.0,3,1007.0,1004.7,100,100,100,12,8.0,28,18.4,0.0,0.0,0.0,0.0,0.0,0.0,0.21,9.0,0.181,Napoli,40.8518,14.2681
2026-03-28T05:00,7.5,80,4.2,5.1,0.0,0.0,0.0,0.0,0.0,3,1007.2,1004.9,98,96,98,3,6.5,2,18.0,0.0,0.0,0.0,0.0,0.0,0.0,0.21,8.7,0.182,Napoli,40.8518,14.2681
2026-03-28T06:00,7.8,77,4.0,5.0,0.0,0.0,0.0,0.0,0.0,3,1007.5,1005.2,100,45,100,5,9.0,13,23.0,0.0,0.0,0.0,0.0,0.0,0.01,0.24,8.5,0.182,Napoli,40.8518,14.2681
2026-03-28T07:00,8.2,74,3.8,5.0,0.0,0.0,0.0,0.0,0.0,2,1007.7,1005.4,79,34,47,44,11.5,35,25.9,0.0,0.0,0.0,0.0,0.0,0.04,0.28,8.4,0.181,Napoli,40.8518,14.2681
2026-03-28T08:00,9.1,69,3.8,6.6,0.0,0.0,0.0,0.0,0.0,3,1008.0,1005.7,97,6,81,93,6.7,16,27.4,50.0,14.0,36.0,115.1,2188.61,0.03,0.35,9.1,0.181,Napoli,40.8518,14.2681
2026-03-28T09:00,10.5,63,3.8,8.3,0.0,0.0,0.0,0.0,0.0,3,1008.6,1006.3,84,19,84,0,5.0,360,16.2,181.0,68.0,113.0,228.9,3600.0,0.09,0.46,9.7,0.181,Napoli,40.8518,14.2681
2026-03-28T10:00,11.4,59,3.7,8.9,0.0,0.0,0.0,0.0,0.0,3,1009.0,1006.7,98,10,97,2,6.5,347,19.4,306.0,134.0,172.0,284.5,3600.0,0.16,0.55,10.7,0.18,Napoli,40.8518,14.2681
2026-03-28T11:00,12.3,57,3.9,9.5,0.0,0.0,0.0,0.0,0.0,2,1009.2,1006.9,61,7,56,29,9.6,4,25.2,402.0,158.0,244.0,256.9,3600.0,0.21,0.62,11.9,0.178,Napoli,40.8518,14.2681
2026-03-28T12:00,13.8,48,2.8,10.5,0.1,0.1,0.0,0.0,0.0,51,1009.2,1006.9,67,26,59,2,14.3,6,36.0,649.0,451.0,198.0,626.7,3600.0,0.33,0.83,13.3,0.177,Napoli,40.8518,14.2681
2026-03-28T13:00,14.2,45,2.4,10.5,0.2,0.2,0.0,0.0,0.0,51,1008.9,1006.6,88,5,61,66,14.1,355,36.7,569.0,332.0,237.0,427.0,3600.0,0.32,0.89,14.1,0.176,Napoli,40.8518,14.2681
2026-03-28T14:00,14.8,41,1.8,11.3,0.0,0.0,0.0,0.0,0.0,3,1008.5,1006.2,85,5,82,14,11.8,326,39.6,562.0,328.0,234.0,418.0,3600.0,0.33,0.98,14.5,0.171,Napoli,40.8518,14.2681
2026-03-28T15:00,14.7,42,1.9,11.0,0.0,0.0,0.0,0.0,0.0,3,1008.0,1005.7,100,5,100,6,12.4,304,31.3,520.0,274.0,246.0,369.8,3600.0,0.31,0.97,15.0,0.168,Napoli,40.8518,14.2681
2026-03-28T16:00,14.3,46,2.9,10.6,0.0,0.0,0.0,0.0,0.0,3,1007.8,1005.5,100,11,100,2,13.8,290,34.9,443.0,221.0,222.0,340.6,3600.0,0.26,0.87,15.2,0.165,Napoli,40.8518,14.2681
2026-03-28T17:00,14.0,49,3.4,10.7,0.0,0.0,0.0,0.0,0.0,1,1007.6,1005.3,45,6,43,3,12.1,297,34.6,350.0,175.0,175.0,339.7,3600.0,0.21,0.81,15.0,0.163,Napoli,40.8518,14.2681
2026-03-28T18:00,13.7,52,3.9,10.9,0.0,0.0,0.0,0.0,0.0,3,1007.5,1005.2,80,3,80,1,9.0,300,29.5,233.0,120.0,113.0,344.1,3600.0,0.14,0.76,14.5,0.162,Napoli,40.8518,14.2681
2026-03-28T19:00,12.7,60,5.3,10.7,0.0,0.0,0.0,0.0,0.0,0,1007.7,1005.4,16,8,10,6,5.9,290,21.2,81.0,24.0,57.0,149.1,2672.23,0.06,0.58,13.7,0.161,Napoli,40.8518,14.2681
2026-03-28T20:00,11.9,69,6.3,10.4,0.0,0.0,0.0,0.0,0.0,0,1008.1,1005.8,5,0,5,1,3.2,326,13.7,4.0,0.0,4.0,0.0,0.0,0.01,0.44,12.8,0.16,Napoli,40.8518,14.2681
2026-03-28T21:00,11.1,69,5.7,9.4,0.0,0.0,0.0,0.0,0.0,0,1008.6,1006.3,18,9,10,2,4.2,78,8.3,0.0,0.0,0.0,0.0,0.0,0.0,0.41,11.8,0.16,Napoli,40.8518,14.2681
2026-03-28T22:00,10.8,63,4.1,8.3,0.0,0.0,0.0,0.0,0.0,0,1008.7,1006.4,2,0,2,0,7.5,80,16.2,0.0,0.0,0.0,0.0,0.0,0.02,0.48,10.9,0.16,Napoli,40.8518,14.2681
2026-03-28T23:00,10.2,62,3.3,7.4,0.0,0.0,0.0,0.0,0.0,0,1008.7,1006.4,0,0,0,0,8.7,72,18.7,0.0,0.0,0.0,0.0,0.0,0.03,0.47,10.2,0.16,Napoli,40.8518,14.2681
2026-03-29T00:00,9.8,63,3.1,6.7,0.0,0.0,0.0,0.0,0.0,0,1008.8,1006.5,0,0,0,0,10.2,64,21.2,0.0,0.0,0.0,0.0,0.0,0.03,0.45,9.6,0.16,Napoli,40.8518,14.2681
2026-03-29T01:00,9.4,65,3.1,6.1,0.0,0.0,0.0,0.0,0.0,0,1008.5,1006.2,0,0,0,0,11.1,68,24.5,0.0,0.0,0.0,0.0,0.0,0.03,0.42,9.2,0.159,Napoli,40.8518,14.2681
2026-03-29T02:00,8.6,69,3.1,6.0,0.0,0.0,0.0,0.0,0.0,0,1008.7,1006.4,0,0,0,0,6.3,83,23.0,0.0,0.0,0.0,0.0,0.0,0.01,0.35,10.1,0.158,Napoli,40.8518,14.2681
2026-03-29T03:00,8.2,71,3.2,5.7,0.0,0.0,0.0,0.0,0.0,0,1008.5,1006.2,4,2,4,0,6.1,62,14.4,0.0,0.0,0.0,0.0,0.0,0.01,0.32,9.3,0.158,Napoli,40.8518,14.2681
2026-03-29T04:00,7.3,74,3.1,4.5,0.0,0.0,0.0,0.0,0.0,0,1008.5,1006.2,0,0,0,0,8.1,61,16.9,0.0,0.0,0.0,0.0,0.0,0.01,0.26,8.7,0.158,Napoli,40.8518,14.2681
2026-03-29T05:00,6.8,76,2.9,4.2,0.0,0.0,0.0,0.0,0.0,0,1008.4,1006.1,0,0,0,0,6.3,59,17.3,0.0,0.0,0.0,0.0,0.0,0.0,0.24,8.1,0.159,Napoli,40.8518,14.2681
2026-03-29T06:00,6.3,77,2.6,3.9,0.0,0.0,0.0,0.0,0.0,0,1008.6,1006.3,4,2,0,2,4.7,47,14.4,0.0,0.0,0.0,0.0,0.0,0.0,0.21,7.5,0.159,Napoli,40.8518,14.2681
2026-03-29T07:00,5.8,79,2.4,3.3,0.0,0.0,0.0,0.0,0.0,0,1009.0,1006.7,5,2,0,2,4.9,24,11.2,0.0,0.0,0.0,0.0,0.0,0.02,0.2,7.0,0.159,Napoli,40.8518,14.2681
2026-03-29T08:00,7.5,71,2.5,4.6,0.0,0.0,0.0,0.0,0.0,1,1008.9,1006.6,40,0,0,40,8.0,48,16.9,66.0,30.0,36.0,241.3,3600.0,0.03,0.31,7.8,0.159,Napoli,40.8518,14.2681
2026-03-29T09:00,9.9,69,4.5,7.5,0.0,0.0,0.0,0.0,0.0,3,1009.3,1007.0,100,0,0,100,7.0,55,17.3,241.0,157.0,84.0,519.2,3600.0,0.1,0.38,8.8,0.159,Napoli,40.8518,14.2681
2026-03-29T10:00,12.5,57,4.2,10.3,0.0,0.0,0.0,0.0,0.0,3,1010.1,1007.8,100,0,0,100,4.9,82,17.3,413.0,278.0,135.0,583.9,3600.0,0.2,0.62,10.5,0.158,Napoli,40.8518,14.2681
2026-03-29T11:00,14.4,48,3.6,11.8,0.0,0.0,0.0,0.0,0.0,3,1010.5,1008.2,100,0,0,100,7.2,96,21.6,543.0,338.0,205.0,545.2,3600.0,0.29,0.84,12.3,0.156,Napoli,40.8518,14.2681
2026-03-29T12:00,15.6,44,3.3,13.4,0.0,0.0,0.0,0.0,0.0,3,1010.8,1008.5,100,0,0,100,6.3,90,21.6,604.0,311.0,293.0,429.4,3600.0,0.34,0.99,14.1,0.153,Napoli,40.8518,14.2681
2026-03-29T13:00,16.6,41,3.2,14.7,0.0,0.0,0.0,0.0,0.0,3,1010.7,1008.4,100,4,50,100,6.2,46,21.2,649.0,327.0,322.0,418.3,3600.0,0.38,1.12,15.6,0.15,Napoli,40.8518,14.2681
2026-03-29T14:00,16.9,42,4.0,15.0,0.0,0.0,0.0,0.0,0.0,3,1010.8,1008.5,100,7,83,100,7.3,113,25.6,656.0,340.0,316.0,431.0,3600.0,0.38,1.11,16.9,0.148,Napoli,40.8518,14.2681
2026-03-29T15:00,16.9,41,3.7,15.3,0.0,0.0,0.0,0.0,0.0,3,1010.9,1008.6,100,0,100,99,0.6,214,22.3,479.0,156.0,323.0,209.5,3600.0,0.28,1.13,17.5,0.145,Napoli,40.8518,14.2681
2026-03-29T16:00,16.5,44,4.2,14.6,0.0,0.0,0.0,0.0,0.0,3,1011.3,1009.0,100,0,100,100,3.2,267,13.0,355.0,67.0,288.0,102.7,1280.2,0.22,1.05,17.5,0.143,Napoli,40.8518,14.2681
2026-03-29T17:00,16.3,45,4.5,14.4,0.0,0.0,0.0,0.0,0.0,3,1011.6,1009.3,100,28,98,99,3.6,311,13.0,294.0,85.0,209.0,163.9,3116.5,0.18,1.01,17.2,0.142,Napoli,40.8518,14.2681
2026-03-29T18:00,15.5,49,4.9,12.9,0.0,0.0,0.0,0.0,0.0,3,1012.2,1009.9,100,53,76,100,8.9,34,22.7,191.0,48.0,143.0,136.3,2289.05,0.14,0.89,16.6,0.141,Napoli,40.8518,14.2681
2026-03-29T19:00,14.0,53,4.5,10.8,0.0,0.0,0.0,0.0,0.0,3,1012.9,1010.6,100,16,20,100,12.4,59,30.2,56.0,8.0,48.0,48.7,0.0,0.09,0.75,15.5,0.14,Napoli,40.8518,14.2681
2026-03-29T20:00,13.3,56,4.7,10.2,0.0,0.0,0.0,0.0,0.0,3,1013.9,1011.6,100,2,33,100,11.8,71,30.6,4.0,0.0,4.0,0.0,0.0,0.06,0.67,15.3,0.138,Napoli,40.8518,14.2681
2026-03-29T21:00,13.0,56,4.5,9.4,0.0,0.0,0.0,0.0,0.0,3,1014.8,1012.5,100,5,2,100,15.3,72,34.2,0.0,0.0,0.0,0.0,0.0,0.06,0.65,14.1,0.138,Napoli,40.8518,14.2681
2026-03-29T22:00,12.2,58,4.1,8.5,0.0,0.0,0.0,0.0,0.0,3,1015.4,1013.1,100,5,4,100,15.5,63,39.2,0.0,0.0,0.0,0.0,0.0,0.06,0.6,13.2,0.137,Napoli,40.8518,14.2681
2026-03-29T23:00,11.6,60,4.1,8.1,0.0,0.0,0.0,0.0,0.0,3,1015.7,1013.4,100,2,23,100,14.3,63,36.4,0.0,0.0,0.0,0.0,0.0,0.05,0.55,12.4,0.137,Napoli,40.8518,14.2681
2026-03-30T00:00,11.4,61,4.1,8.1,0.0,0.0,0.0,0.0,0.0,3,1015.7,1013.4,100,1,70,100,13.0,59,32.8,0.0,0.0,0.0,0.0,0.0,0.05,0.53,11.7,0.137,Napoli,40.8518,14.2681
2026-03-30T01:00,11.1,62,4.2,7.9,0.0,0.0,0.0,0.0,0.0,3,1015.7,1013.4,100,0,64,100,12.1,55,29.5,0.0,0.0,0.0,0.0,0.0,0.04,0.5,11.2,0.136,Napoli,40.8518,14.2681
2026-03-30T02:00,10.9,62,4.0,7.5,0.0,0.0,0.0,0.0,0.0,3,1016.0,1013.7,100,2,58,100,13.6,59,28.1,0.0,0.0,0.0,0.0,0.0,0.04,0.49,11.6,0.131,Napoli,40.8518,14.2681
2026-03-30T03:00,11.0,62,3.9,7.7,0.0,0.0,0.0,0.0,0.0,3,1015.9,1013.6,100,5,95,100,12.7,52,31.7,0.0,0.0,0.0,0.0,0.0,0.04,0.5,11.1,0.131,Napoli,40.8518,14.2681
2026-03-30T04:00,10.7,63,4.0,7.4,0.0,0.0,0.0,0.0,0.0,3,1015.7,1013.4,100,7,15,100,12.6,49,29.9,0.0,0.0,0.0,0.0,0.0,0.04,0.48,10.7,0.131,Napoli,40.8518,14.2681
2026-03-30T05:00,10.3,66,4.3,7.3,0.0,0.0,0.0,0.0,0.0,3,1015.7,1013.4,99,2,41,99,11.1,43,28.4,0.0,0.0,0.0,0.0,0.0,0.03,0.42,10.3,0.13,Napoli,40.8518,14.2681
2026-03-30T06:00,9.7,69,4.4,7.0,0.0,0.0,0.0,0.0,0.0,2,1015.7,1013.4,63,1,11,57,9.2,39,23.8,0.0,0.0,0.0,0.0,0.0,0.02,0.37,9.9,0.13,Napoli,40.8518,14.2681
2026-03-30T07:00,9.3,71,4.2,6.5,0.0,0.0,0.0,0.0,0.0,1,1015.9,1013.6,27,0,27,5,9.6,40,20.2,0.0,0.0,0.0,0.0,0.0,0.04,0.34,9.4,0.131,Napoli,40.8518,14.2681
2026-03-30T08:00,10.5,65,4.3,7.5,0.0,0.0,0.0,0.0,0.0,2,1016.1,1013.8,63,1,59,9,11.4,61,20.5,68.0,29.0,39.0,228.3,3600.0,0.06,0.44,10.1,0.13,Napoli,40.8518,14.2681
2026-03-30T09:00,11.8,60,4.4,9.0,0.0,0.0,0.0,0.0,0.0,3,1015.8,1013.5,88,1,0,88,9.9,71,28.4,235.0,139.0,96.0,451.8,3600.0,0.12,0.55,10.8,0.13,Napoli,40.8518,14.2681
2026-03-30T10:00,13.0,59,5.1,10.8,0.0,0.0,0.0,0.0,0.0,1,1015.7,1013.4,34,0,0,34,6.2,60,25.2,418.0,288.0,130.0,598.5,3600.0,0.21,0.62,12.2,0.129,Napoli,40.8518,14.2681
2026-03-30T11:00,14.3,56,5.6,12.9,0.0,0.0,0.0,0.0,0.0,0,1015.3,1013.0,1,0,0,1,3.7,61,19.8,590.0,452.0,138.0,723.4,3600.0,0.31,0.72,14.1,0.127,Napoli,40.8518,14.2681
2026-03-30T12:00,15.6,52,5.8,15.3,0.0,0.0,0.0,0.0,0.0,0,1015.2,1012.9,5,0,5,0,2.7,266,16.2,722.0,587.0,135.0,805.4,3600.0,0.39,0.85,16.1,0.125,Napoli,40.8518,14.2681
2026-03-30T13:00,16.4,48,5.2,15.3,0.0,0.0,0.0,0.0,0.0,0,1014.5,1012.2,13,9,3,0,8.7,249,25.6,784.0,632.0,152.0,804.0,3600.0,0.43,0.97,17.7,0.122,Napoli,40.8518,14.2681
2026-03-30T14:00,16.2,47,4.9,14.4,0.0,0.0,0.0,0.0,0.0,1,1013.4,1011.1,34,8,24,7,13.4,253,37.1,797.0,649.0,148.0,818.6,3600.0,0.43,0.98,18.6,0.119,Napoli,40.8518,14.2681
2026-03-30T15:00,15.8,52,5.9,13.7,0.0,0.0,0.0,0.0,0.0,2,1012.3,1010.0,73,2,28,63,14.1,274,37.8,744.0,597.0,147.0,797.6,3600.0,0.39,0.86,19.1,0.116,Napoli,40.8518,14.2681
2026-03-30T16:00,15.4,54,6.2,12.5,0.0,0.0,0.0,0.0,0.0,3,1011.6,1009.3,100,9,42,100,15.8,269,40.0,625.0,470.0,155.0,716.3,3600.0,0.33,0.8,19.1,0.115,Napoli,40.8518,14.2681
2026-03-30T17:00,14.5,59,6.6,11.2,0.0,0.0,0.0,0.0,0.0,3,1010.9,1008.6,100,20,63,100,16.1,265,41.0,391.0,173.0,218.0,331.3,3600.0,0.22,0.67,18.3,0.114,Napoli,40.8518,14.2681
2026-03-30T18:00,14.1,61,6.7,10.9,0.1,0.1,0.0,0.0,0.0,51,1010.2,1007.9,100,34,88,100,15.7,266,39.2,206.0,52.0,154.0,146.2,2587.48,0.14,0.62,17.2,0.114,Napoli,40.8518,14.2681
2026-03-30T19:00,12.9,71,7.8,10.3,0.9,0.9,0.0,0.0,0.0,53,1009.6,1007.3,100,50,91,100,14.0,262,37.4,57.0,3.0,54.0,17.9,0.0,0.07,0.43,15.9,0.124,Napoli,40.8518,14.2681
2026-03-30T20:00,11.8,79,8.4,9.7,0.4,0.4,0.0,0.0,0.0,51,1009.2,1006.9,100,52,98,100,11.4,252,29.5,3.0,0.0,3.0,0.0,0.0,0.03,0.29,15.6,0.126,Napoli,40.8518,14.2681
2026-03-30T21:00,10.6,90,9.0,10.1,7.1,7.1,0.0,0.0,0.0,63,1009.6,1007.3,100,44,100,100,1.3,344,24.5,0.0,0.0,0.0,0.0,0.0,0.0,0.13,14.1,0.223,Napoli,40.8518,14.2681
2026-03-30T22:00,10.2,93,9.1,9.5,0.4,0.4,0.0,0.0,0.0,51,1009.5,1007.2,100,98,100,100,3.1,306,10.4,0.0,0.0,0.0,0.0,0.0,0.0,0.09,13.1,0.228,Napoli,40.8518,14.2681
2026-03-30T23:00,10.0,90,8.4,8.9,0.7,0.7,0.0,0.0,0.0,53,1008.7,1006.4,100,18,98,96,4.5,263,12.2,0.0,0.0,0.0,0.0,0.0,0.0,0.12,12.3,0.237,Napoli,40.8518,14.2681
2026-03-31T00:00,9.7,90,8.2,8.5,2.3,2.3,0.0,0.0,0.0,61,1008.3,1006.0,99,30,98,77,4.8,211,12.2,0.0,0.0,0.0,0.0,0.0,0.0,0.12,11.7,0.268,Napoli,40.8518,14.2681
2026-03-31T01:00,9.5,95,8.7,8.4,0.7,0.7,0.0,0.0,0.0,53,1007.3,1005.0,100,98,97,100,5.4,76,11.5,0.0,0.0,0.0,0.0,0.0,0.0,0.06,11.2,0.277,Napoli,40.8518,14.2681
2026-03-31T02:00,9.1,90,7.6,6.3,0.7,0.7,0.0,0.0,0.0,53,1006.1,1003.8,100,3,99,98,14.8,74,13.7,0.0,0.0,0.0,0.0,0.0,0.0,0.11,9.0,0.232,Napoli,40.8518,14.2681
2026-03-31T03:00,7.7,88,5.9,4.4,0.1,0.1,0.0,0.0,0.0,51,1005.5,1003.2,100,21,98,99,15.7,63,32.8,0.0,0.0,0.0,0.0,0.0,0.01,0.13,9.0,0.234,Napoli,40.8518,14.2681
2026-03-31T04:00,6.9,85,4.5,3.2,0.0,0.0,0.0,0.0,0.0,3,1004.8,1002.5,100,90,100,100,15.8,58,34.2,0.0,0.0,0.0,0.0,0.0,0.01,0.15,8.8,0.234,Napoli,40.8518,14.2681
2026-03-31T05:00,6.8,84,4.3,3.0,0.2,0.2,0.0,0.0,0.0,51,1004.2,1001.9,100,100,100,98,16.3,68,36.0,0.0,0.0,0.0,0.0,0.0,0.01,0.16,8.6,0.236,Napoli,40.8518,14.2681
2026-03-31T06:00,6.9,83,4.3,3.4,0.6,0.6,0.0,0.0,0.0,53,1003.6,1001.3,100,98,100,100,14.6,64,35.3,0.0,0.0,0.0,0.0,0.0,0.01,0.17,8.4,0.242,Napoli,40.8518,14.2681
2026-03-31T07:00,7.0,84,4.5,3.5,0.8,0.8,0.0,0.0,0.0,53,1003.4,1001.1,100,63,100,100,15.3,75,35.6,0.0,0.0,0.0,0.0,0.0,0.03,0.16,8.2,0.251,Napoli,40.8518,14.2681
2026-03-31T08:00,7.0,86,4.9,3.6,2.1,2.1,0.0,0.0,0.0,61,1003.1,1000.8,100,29,100,100,14.7,75,34.9,22.0,0.0,22.0,0.0,0.0,0.03,0.14,9.1,0.272,Napoli,40.8518,14.2681
2026-03-31T09:00,7.8,84,5.2,4.2,1.0,1.0,0.0,0.0,0.0,55,1003.0,1000.7,100,14,100,100,16.0,82,36.4,32.0,0.0,32.0,0.0,0.0,0.04,0.17,8.7,0.283,Napoli,40.8518,14.2681
2026-03-31T10:00,8.7,82,5.8,5.7,0.6,0.6,0.0,0.0,0.0,53,1003.4,1001.1,100,23,100,98,13.7,72,37.4,124.0,2.0,122.0,4.1,0.0,0.07,0.2,8.9,0.289,Napoli,40.8518,14.2681
2026-03-31T11:00,8.9,83,6.1,5.7,0.7,0.7,0.0,0.0,0.0,53,1003.1,1000.8,100,25,99,98,14.6,72,34.6,89.0,0.0,89.0,0.0,0.0,0.06,0.19,9.1,0.297,Napoli,40.8518,14.2681
2026-03-31T12:00,9.7,81,6.6,6.6,0.5,0.5,0.0,0.0,0.0,53,1002.9,1000.6,100,47,100,97,15.6,60,37.4,155.0,3.0,152.0,4.1,0.0,0.09,0.23,9.5,0.302,Napoli,40.8518,14.2681
2026-03-31T13:00,10.3,77,6.4,7.3,0.3,0.3,0.0,0.0,0.0,51,1002.8,1000.5,100,38,100,100,14.3,37,36.4,196.0,9.0,187.0,11.4,0.0,0.11,0.29,10.0,0.303,Napoli,40.8518,14.2681
2026-03-31T14:00,10.7,77,6.7,7.4,0.4,0.4,0.0,0.0,0.0,51,1003.0,1000.7,100,40,100,100,16.3,49,37.8,122.0,2.0,120.0,2.5,0.0,0.09,0.3,10.0,0.324,Napoli,40.8518,14.2681
2026-03-31T15:00,9.9,77,6.1,6.5,0.5,0.5,0.0,0.0,0.0,53,1002.6,1000.3,100,28,100,98,16.7,43,39.2,139.0,0.0,139.0,0.0,0.0,0.09,0.28,10.2,0.328,Napoli,40.8518,14.2681
2026-03-31T16:00,10.1,72,5.3,6.1,0.2,0.2,0.0,0.0,0.0,51,1002.0,999.7,100,20,100,69,19.2,50,47.5,302.0,40.0,262.0,60.6,18.98,0.15,0.34,10.7,0.327,Napoli,40.8518,14.2681
2026-03-31T17:00,9.6,74,5.2,5.8,0.3,0.3,0.0,0.0,0.0,51,1001.7,999.4,100,16,100,77,17.7,53,48.2,216.0,22.0,194.0,41.9,0.0,0.11,0.31,10.7,0.327,Napoli,40.8518,14.2681
2026-03-31T18:00,9.3,77,5.4,5.9,0.1,0.1,0.0,0.0,0.0,51,1001.4,999.1,99,2,98,51,14.9,44,44.3,164.0,25.0,139.0,69.7,289.55,0.09,0.27,10.6,0.326,Napoli,40.8518,14.2681
2026-03-31T19:00,8.8,78,5.2,5.5,0.0,0.0,0.0,0.0,0.0,3,1001.3,999.0,100,9,100,100,14.6,33,38.2,77.0,18.0,59.0,105.1,1354.12,0.05,0.25,10.2,0.325,Napoli,40.8518,14.2681
2026-03-31T20:00,9.3,83,6.5,6.6,0.0,0.0,0.0,0.0,0.0,3,1001.9,999.6,100,93,98,100,12.8,40,38.5,3.0,0.0,3.0,0.0,0.0,0.03,0.2,10.8,0.316,Napoli,40.8518,14.2681
2026-03-31T21:00,9.3,78,5.6,5.6,0.1,0.1,0.0,0.0,0.0,51,1002.1,999.8,100,43,96,100,17.5,40,43.2,0.0,0.0,0.0,0.0,0.0,0.03,0.26,10.3,0.315,Napoli,40.8518,14.2681
2026-03-31T22:00,8.7,76,4.7,4.6,0.1,0.1,0.0,0.0,0.0,51,1002.0,999.7,100,19,83,100,19.2,40,45.4,0.0,0.0,0.0,0.0,0.0,0.03,0.27,9.8,0.315,Napoli,40.8518,14.2681
2026-03-31T23:00,8.8,75,4.7,4.5,0.2,0.2,0.0,0.0,0.0,51,1002.0,999.7,100,67,98,99,20.1,43,47.5,0.0,0.0,0.0,0.0,0.0,0.03,0.28,9.4,0.315,Napoli,40.8518,14.2681
2026-04-01T00:00,8.2,77,4.4,3.7,0.3,0.3,0.0,0.0,0.0,51,1001.9,999.6,100,61,88,96,21.6,33,50.4,0.0,0.0,0.0,0.0,0.0,0.03,0.25,9.1,0.317,Napoli,40.8518,14.2681
2026-04-01T01:00,8.7,75,4.5,4.3,0.2,0.2,0.0,0.0,0.0,51,1001.2,998.9,100,38,85,99,21.0,30,51.5,0.0,0.0,0.0,0.0,0.0,0.03,0.28,8.9,0.317,Napoli,40.8518,14.2681
2026-04-01T02:00,9.3,77,5.6,5.8,1.4,1.4,0.0,0.0,0.0,61,1001.8,999.5,100,17,98,100,16.2,27,56.2,0.0,0.0,0.0,0.0,0.0,0.02,0.27,10.3,0.405,Napoli,40.8518,14.2681
2026-04-01T03:00,9.3,80,6.1,5.8,0.3,0.3,0.0,0.0,0.0,51,1001.2,998.9,100,30,98,100,16.7,33,41.8,0.0,0.0,0.0,0.0,0.0,0.02,0.23,9.8,0.398,Napoli,40.8518,14.2681
2026-04-01T04:00,8.9,81,5.7,4.9,0.5,0.5,0.0,0.0,0.0,53,1000.7,998.4,100,21,99,100,19.8,39,46.4,0.0,0.0,0.0,0.0,0.0,0.02,0.22,9.4,0.395,Napoli,40.8518,14.2681
2026-04-01T05:00,8.2,86,6.0,4.7,1.6,1.6,0.0,0.0,0.0,61,999.8,997.5,100,77,100,100,17.1,27,51.8,0.0,0.0,0.0,0.0,0.0,0.01,0.16,9.0,0.404,Napoli,40.8518,14.2681
2026-04-01T06:00,8.2,85,5.9,4.5,1.7,1.7,0.0,0.0,0.0,61,998.9,996.6,100,34,95,100,18.5,25,44.6,0.0,0.0,0.0,0.0,0.0,0.01,0.16,8.7,0.413,Napoli,40.8518,14.2681
2026-04-01T07:00,8.3,83,5.6,4.1,0.5,0.5,0.0,0.0,0.0,53,999.0,996.7,100,85,100,100,20.7,37,46.4,0.0,0.0,0.0,0.0,0.0,0.03,0.18,8.4,0.407,Napoli,40.8518,14.2681
2026-04-01T08:00,8.9,84,6.3,5.1,0.5,0.5,0.0,0.0,0.0,53,999.7,997.4,100,68,99,95,19.6,44,61.2,18.0,0.0,18.0,0.0,0.0,0.04,0.18,9.5,0.399,Napoli,40.8518,14.2681
2026-04-01T09:00,8.3,89,6.5,3.9,2.6,2.6,0.0,0.0,0.0,63,999.9,997.6,100,88,100,100,23.5,42,53.3,58.0,1.0,57.0,3.1,0.0,0.04,0.12,9.1,0.42,Napoli,40.8518,14.2681
2026-04-01T10:00,7.6,89,5.9,2.9,3.8,3.8,0.0,0.0,0.0,63,1000.3,998.0,100,76,100,100,25.0,43,58.7,49.0,0.0,49.0,0.0,0.0,0.04,0.11,8.7,0.433,Napoli,40.8518,14.2681
2026-04-01T11:00,9.0,82,6.1,5.0,1.0,1.0,0.0,0.0,0.0,55,999.6,997.3,91,84,8,45,20.6,33,55.1,205.0,38.0,167.0,59.9,0.0,0.1,0.21,8.8,0.418,Napoli,40.8518,14.2681
2026-04-01T12:00,11.7,72,6.8,8.0,0.0,0.0,0.0,0.0,0.0,3,999.0,996.7,98,18,20,98,19.4,23,54.7,549.0,253.0,296.0,342.9,3600.0,0.23,0.39,10.3,0.405,Napoli,40.8518,14.2681
2026-04-01T13:00,13.9,66,7.6,11.1,0.0,0.0,0.0,0.0,0.0,3,998.5,996.2,93,12,22,92,19.4,31,50.8,678.0,371.0,307.0,466.9,3600.0,0.31,0.54,12.0,0.395,Napoli,40.8518,14.2681
2026-04-01T14:00,12.7,67,6.7,9.4,0.1,0.1,0.0,0.0,0.0,51,998.9,996.6,97,30,92,89,23.3,29,59.4,752.0,521.0,231.0,650.6,3600.0,0.31,0.49,12.7,0.389,Napoli,40.8518,14.2681
2026-04-01T15:00,12.3,67,6.5,8.2,0.4,0.4,0.0,0.0,0.0,51,998.9,996.6,87,35,68,54,22.0,37,56.2,459.0,146.0,313.0,193.1,3600.0,0.22,0.47,12.9,0.387,Napoli,40.8518,14.2681
2026-04-01T16:00,12.2,63,5.4,7.7,0.2,0.2,0.0,0.0,0.0,51,998.4,996.1,85,30,55,57,22.7,41,55.1,473.0,278.0,195.0,419.2,3600.0,0.23,0.53,13.0,0.383,Napoli,40.8518,14.2681
2026-04-01T17:00,11.3,65,5.0,6.9,0.0,0.0,0.0,0.0,0.0,2,998.4,996.1,62,26,31,28,21.6,41,55.4,347.0,151.0,196.0,285.5,3600.0,0.17,0.47,12.7,0.377,Napoli,40.8518,14.2681
2026-04-01T18:00,10.7,68,5.0,7.0,0.0,0.0,0.0,0.0,0.0,2,998.5,996.2,75,40,30,42,16.5,39,51.8,214.0,90.0,124.0,248.4,3600.0,0.12,0.41,12.2,0.373,Napoli,40.8518,14.2681
2026-04-01T19:00,10.4,70,5.2,6.9,0.0,0.0,0.0,0.0,0.0,3,998.2,995.9,98,30,98,87,15.6,33,40.7,86.0,29.0,57.0,166.1,3183.56,0.07,0.38,11.6,0.37,Napoli,40.8518,14.2681
2026-04-01T20:00,10.7,76,6.6,7.5,0.0,0.0,0.0,0.0,0.0,1,998.3,996.0,48,3,23,30,15.5,28,36.7,5.0,1.0,4.0,17.2,0.0,0.04,0.31,12.4,0.367,Napoli,40.8518,14.2681
2026-04-01T21:00,10.2,75,6.0,7.1,0.0,0.0,0.0,0.0,0.0,1,998.4,996.1,34,5,23,12,14.3,25,35.6,0.0,0.0,0.0,0.0,0.0,0.02,0.31,11.4,0.365,Napoli,40.8518,14.2681
2026-04-01T22:00,9.8,76,5.8,6.5,0.0,0.0,0.0,0.0,0.0,0,998.5,996.2,13,12,3,0,15.6,31,36.4,0.0,0.0,0.0,0.0,0.0,0.02,0.29,10.6,0.363,Napoli,40.8518,14.2681
2026-04-01T23:00,9.8,75,5.6,6.4,0.0,0.0,0.0,0.0,0.0,1,998.3,996.0,24,20,7,0,15.6,35,37.4,0.0,0.0,0.0,0.0,0.0,0.03,0.3,10.1,0.361,Napoli,40.8518,14.2681
2026-04-02T00:00,9.2,78,5.5,6.3,0.0,0.0,0.0,0.0,0.0,3,998.1,995.8,100,34,100,100,12.0,16,37.1,0.0,0.0,0.0,0.0,0.0,0.02,0.26,9.6,0.36,Napoli,40.8518,14.2681
2026-04-02T01:00,8.8,82,5.8,6.1,0.0,0.0,0.0,0.0,0.0,3,997.5,995.2,100,22,100,99,11.3,353,28.4,0.0,0.0,0.0,0.0,0.0,0.01,0.21,9.4,0.358,Napoli,40.8518,14.2681
2026-04-02T02:00,10.4,83,7.7,8.9,0.3,0.3,0.0,0.0,0.0,51,997.3,995.0,100,26,100,81,5.6,6,27.4,0.0,0.0,0.0,0.0,0.0,0.0,0.21,11.6,0.344,Napoli,40.8518,14.2681
2026-04-02T03:00,10.1,85,7.8,8.5,0.3,0.3,0.0,0.0,0.0,51,996.8,994.5,100,20,100,100,7.2,347,18.7,0.0,0.0,0.0,0.0,0.0,0.0,0.18,11.0,0.346,Napoli,40.8518,14.2681
2026-04-02T04:00,9.8,86,7.6,7.8,0.4,0.4,0.0,0.0,0.0,51,996.3,994.0,100,18,100,100,8.8,348,22.3,0.0,0.0,0.0,0.0,0.0,0.0,0.16,10.5,0.35,Napoli,40.8518,14.2681
2026-04-02T05:00,9.6,89,7.8,7.3,0.7,0.7,0.0,0.0,0.0,53,996.3,994.0,100,19,100,100,11.1,346,25.6,0.0,0.0,0.0,0.0,0.0,0.0,0.14,10.1,0.358,Napoli,40.8518,14.2681
2026-04-02T06:00,9.2,93,8.1,6.8,0.7,0.7,0.0,0.0,0.0,53,995.8,993.5,100,13,100,100,13.3,347,29.2,0.0,0.0,0.0,0.0,0.0,0.0,0.09,9.8,0.365,Napoli,40.8518,14.2681
2026-04-02T07:00,9.0,90,7.5,6.3,0.3,0.3,0.0,0.0,0.0,51,995.7,993.4,100,19,100,100,14.1,345,31.3,0.0,0.0,0.0,0.0,0.0,0.02,0.11,9.6,0.368,Napoli,40.8518,14.2681
2026-04-02T08:00,10.5,86,8.2,8.5,0.2,0.2,0.0,0.0,0.0,51,996.5,994.2,100,13,100,100,10.1,43,31.0,18.0,0.0,18.0,0.0,0.0,0.03,0.18,11.1,0.354,Napoli,40.8518,14.2681
2026-04-02T09:00,10.8,87,8.8,9.3,0.2,0.2,0.0,0.0,0.0,51,996.4,994.1,100,28,98,100,8.3,358,23.8,62.0,2.0,60.0,6.2,0.0,0.05,0.17,10.9,0.355,Napoli,40.8518,14.2681
2026-04-02T10:00,11.8,82,8.9,10.5,0.1,0.1,0.0,0.0,0.0,51,996.5,994.2,100,20,100,100,7.0,356,23.4,236.0,50.0,186.0,100.8,1222.71,0.12,0.24,11.5,0.354,Napoli,40.8518,14.2681
2026-04-02T11:00,12.3,73,7.6,10.6,0.1,0.1,0.0,0.0,0.0,51,996.8,994.5,100,11,100,100,7.6,15,24.1,296.0,72.0,224.0,112.7,1579.71,0.16,0.39,12.1,0.352,Napoli,40.8518,14.2681
2026-04-02T12:00,12.3,72,7.4,10.4,0.1,0.1,0.0,0.0,0.0,51,997.1,994.8,100,19,100,100,8.5,1,24.5,269.0,23.0,246.0,31.0,0.0,0.15,0.4,12.5,0.351,Napoli,40.8518,14.2681
2026-04-02T13:00,13.3,67,7.3,10.9,0.1,0.1,0.0,0.0,0.0,51,997.0,994.7,100,17,95,100,11.5,14,32.0,523.0,170.0,353.0,212.8,3600.0,0.26,0.5,13.4,0.348,Napoli,40.8518,14.2681
2026-04-02T14:00,13.0,70,7.7,11.6,0.0,0.0,0.0,0.0,0.0,3,997.1,994.8,100,36,100,98,5.0,38,34.2,441.0,131.0,310.0,162.8,3084.24,0.23,0.44,12.8,0.352,Napoli,40.8518,14.2681
2026-04-02T15:00,13.3,73,8.5,12.3,0.3,0.3,0.0,0.0,0.0,51,996.6,994.3,100,20,92,100,4.0,352,21.2,216.0,0.0,216.0,0.0,0.0,0.13,0.42,13.1,0.353,Napoli,40.8518,14.2681
2026-04-02T16:00,13.8,70,8.5,12.5,0.0,0.0,0.0,0.0,0.0,3,996.6,994.3,100,13,99,100,5.7,11,26.6,328.0,69.0,259.0,103.5,1304.82,0.18,0.47,13.7,0.351,Napoli,40.8518,14.2681
2026-04-02T17:00,13.2,68,7.5,11.7,0.0,0.0,0.0,0.0,0.0,3,996.9,994.6,100,9,98,100,5.8,356,18.0,129.0,0.0,129.0,0.0,0.0,0.09,0.48,13.3,0.349,Napoli,40.8518,14.2681
2026-04-02T18:00,12.6,72,7.6,10.9,0.0,0.0,0.0,0.0,0.0,3,997.4,995.1,100,10,98,100,7.0,360,18.0,91.0,0.0,91.0,0.0,0.0,0.07,0.41,12.9,0.348,Napoli,40.8518,14.2681
2026-04-02T19:00,11.7,79,8.2,10.0,0.0,0.0,0.0,0.0,0.0,3,998.1,995.8,100,20,100,100,8.5,353,19.8,49.0,0.0,49.0,0.0,0.0,0.05,0.29,12.4,0.347,Napoli,40.8518,14.2681
2026-04-02T20:00,12.0,72,7.2,11.1,0.0,0.0,0.0,0.0,0.0,3,998.9,996.6,100,14,93,100,0.9,191,20.5,4.0,0.0,4.0,0.0,0.0,0.01,0.39,12.8,0.333,Napoli,40.8518,14.2681
2026-04-02T21:00,11.6,75,7.3,10.8,0.0,0.0,0.0,0.0,0.0,3,1000.0,997.7,100,27,95,100,0.4,153,4.0,0.0,0.0,0.0,0.0,0.0,0.0,0.35,12.2,0.332,Napoli,40.8518,14.2681
2026-04-02T22:00,10.9,78,7.2,9.7,0.0,0.0,0.0,0.0,0.0,3,1000.5,998.2,100,27,100,46,3.1,7,7.9,0.0,0.0,0.0,0.0,0.0,0.0,0.29,11.6,0.332,Napoli,40.8518,14.2681
2026-04-02T23:00,10.7,78,7.1,9.4,0.0,0.0,0.0,0.0,0.0,3,1001.2,998.9,100,16,100,18,3.8,11,9.7,0.0,0.0,0.0,0.0,0.0,0.0,0.28,11.1,0.332,Napoli,40.8518,14.2681
2026-04-03T00:00,10.4,78,6.8,8.8,0.0,0.0,0.0,0.0,0.0,3,1001.9,999.6,100,10,100,45,5.3,350,13.7,0.0,0.0,0.0,0.0,0.0,0.0,0.28,10.7,0.331,Napoli,40.8518,14.2681
2026-04-03T01:00,10.0,80,6.6,8.3,0.0,0.0,0.0,0.0,0.0,3,1002.3,1000.0,100,3,98,100,5.5,347,14.0,0.0,0.0,0.0,0.0,0.0,0.0,0.25,10.4,0.331,Napoli,40.8518,14.2681
2026-04-03T02:00,9.7,86,7.4,8.2,0.0,0.0,0.0,0.0,0.0,3,1002.4,1000.1,100,30,99,100,5.1,39,15.5,0.0,0.0,0.0,0.0,0.0,0.0,0.17,11.5,0.328,Napoli,40.8518,14.2681
2026-04-03T03:00,9.8,88,7.9,8.8,0.1,0.1,0.0,0.0,0.0,51,1002.4,1000.1,100,4,98,98,2.6,344,11.9,0.0,0.0,0.0,0.0,0.0,0.0,0.15,11.0,0.328,Napoli,40.8518,14.2681
2026-04-03T04:00,9.7,88,7.7,8.7,0.0,0.0,0.0,0.0,0.0,3,1002.6,1000.3,100,73,100,91,2.7,352,8.6,0.0,0.0,0.0,0.0,0.0,0.0,0.15,10.5,0.328,Napoli,40.8518,14.2681
2026-04-03T05:00,10.0,86,7.7,8.5,0.1,0.1,0.0,0.0,0.0,51,1003.2,1000.9,100,100,100,48,6.2,322,11.9,0.0,0.0,0.0,0.0,0.0,0.0,0.17,10.3,0.328,Napoli,40.8518,14.2681
2026-04-03T06:00,9.9,88,8.0,8.3,0.3,0.3,0.0,0.0,0.0,51,1003.6,1001.3,100,62,100,86,7.1,336,18.7,0.0,0.0,0.0,0.0,0.0,0.0,0.14,10.2,0.331,Napoli,40.8518,14.2681
2026-04-03T07:00,9.7,89,8.1,8.4,0.0,0.0,0.0,0.0,0.0,3,1004.1,1001.8,100,23,100,80,5.6,345,16.9,0.0,0.0,0.0,0.0,0.0,0.02,0.13,10.0,0.331,Napoli,40.8518,14.2681
2026-04-03T08:00,10.6,87,8.6,9.4,0.0,0.0,0.0,0.0,0.0,3,1004.7,1002.4,100,12,100,98,5.8,248,16.2,21.0,0.0,21.0,0.0,0.0,0.03,0.16,11.1,0.327,Napoli,40.8518,14.2681
2026-04-03T09:00,11.9,87,9.8,10.8,0.0,0.0,0.0,0.0,0.0,3,1005.7,1003.4,100,100,100,96,6.9,315,16.6,82.0,7.0,75.0,21.3,0.0,0.05,0.18,11.2,0.328,Napoli,40.8518,14.2681
2026-04-03T10:00,11.4,87,9.3,10.0,0.2,0.2,0.0,0.0,0.0,51,1006.8,1004.5,100,16,100,16,7.8,351,23.4,104.0,1.0,103.0,2.0,0.0,0.06,0.17,11.3,0.33,Napoli,40.8518,14.2681
2026-04-03T11:00,12.8,78,9.2,11.2,0.1,0.1,0.0,0.0,0.0,51,1007.4,1005.1,100,4,100,13,9.3,345,25.2,368.0,99.0,269.0,153.8,2813.38,0.18,0.32,12.3,0.33,Napoli,40.8518,14.2681
2026-04-03T12:00,13.2,75,8.8,11.7,0.0,0.0,0.0,0.0,0.0,3,1008.1,1005.8,84,10,84,1,7.8,353,25.6,301.0,19.0,282.0,25.4,0.0,0.17,0.38,12.9,0.328,Napoli,40.8518,14.2681
2026-04-03T13:00,14.7,67,8.7,13.1,0.0,0.0,0.0,0.0,0.0,1,1008.3,1006.0,42,18,33,0,8.3,5,24.8,538.0,227.0,311.0,282.8,3600.0,0.29,0.55,14.2,0.325,Napoli,40.8518,14.2681
2026-04-03T14:00,16.2,54,6.9,15.4,0.0,0.0,0.0,0.0,0.0,3,1008.7,1006.4,92,34,60,77,5.6,353,32.0,673.0,446.0,227.0,551.7,3600.0,0.38,0.85,15.7,0.318,Napoli,40.8518,14.2681
2026-04-03T15:00,16.1,59,8.1,14.9,0.2,0.2,0.0,0.0,0.0,51,1009.0,1006.7,99,31,99,8,4.1,347,22.7,499.0,283.0,216.0,370.8,3600.0,0.29,0.75,16.2,0.316,Napoli,40.8518,14.2681
2026-04-03T16:00,15.8,61,8.2,15.1,0.0,0.0,0.0,0.0,0.0,3,1009.0,1006.7,95,8,95,1,1.4,230,19.8,256.0,46.0,210.0,68.6,259.27,0.16,0.71,16.0,0.314,Napoli,40.8518,14.2681
2026-04-03T17:00,15.9,60,8.1,15.1,0.0,0.0,0.0,0.0,0.0,1,1009.3,1007.0,26,12,18,2,2.0,243,16.2,249.0,63.0,186.0,117.6,1728.49,0.15,0.73,15.9,0.313,Napoli,40.8518,14.2681
2026-04-03T18:00,15.8,61,8.4,14.8,0.0,0.0,0.0,0.0,0.0,1,1009.8,1007.5,40,28,20,0,3.2,270,8.6,264.0,150.0,114.0,406.6,3600.0,0.14,0.69,15.8,0.311,Napoli,40.8518,14.2681
2026-04-03T19:00,14.6,77,10.7,14.1,0.0,0.0,0.0,0.0,0.0,1,1010.3,1008.0,25,22,7,0,4.5,236,9.7,104.0,44.0,60.0,242.7,3600.0,0.05,0.37,15.0,0.311,Napoli,40.8518,14.2681
2026-04-03T20:00,12.8,77,8.9,11.8,0.0,0.0,0.0,0.0,0.0,0,1011.7,1009.4,19,10,16,0,4.5,310,9.0,7.0,1.0,6.0,16.3,0.0,0.01,0.34,14.6,0.305,Napoli,40.8518,14.2681
2026-04-03T21:00,12.3,81,9.0,11.4,0.0,0.0,0.0,0.0,0.0,1,1012.7,1010.4,32,4,10,22,3.9,294,11.2,0.0,0.0,0.0,0.0,0.0,0.0,0.28,13.4,0.305,Napoli,40.8518,14.2681
2026-04-03T22:00,11.0,87,8.8,10.1,0.0,0.0,0.0,0.0,0.0,1,1013.4,1011.1,27,5,22,0,3.4,74,8.6,0.0,0.0,0.0,0.0,0.0,0.0,0.18,12.3,0.306,Napoli,40.8518,14.2681
2026-04-03T23:00,10.9,83,8.1,9.6,0.0,0.0,0.0,0.0,0.0,0,1013.7,1011.4,12,0,12,0,5.1,94,12.6,0.0,0.0,0.0,0.0,0.0,0.0,0.22,11.6,0.306,Napoli,40.8518,14.2681
2026-04-04T00:00,10.6,77,6.8,9.1,0.0,0.0,0.0,0.0,0.0,1,1014.5,1012.2,35,0,34,2,4.0,32,11.9,0.0,0.0,0.0,0.0,0.0,0.0,0.29,10.8,0.306,Napoli,40.8518,14.2681
2026-04-04T01:00,10.3,77,6.4,8.7,0.0,0.0,0.0,0.0,0.0,2,1015.1,1012.8,62,0,39,38,4.7,18,11.2,0.0,0.0,0.0,0.0,0.0,0.0,0.29,10.3,0.306,Napoli,40.8518,14.2681
2026-04-04T02:00,10.1,78,6.3,8.4,0.0,0.0,0.0,0.0,0.0,0,1015.1,1012.8,12,0,11,1,4.9,6,12.2,0.0,0.0,0.0,0.0,0.0,0.0,0.28,11.9,0.302,Napoli,40.8518,14.2681
2026-04-04T03:00,9.5,80,6.3,7.9,0.0,0.0,0.0,0.0,0.0,0,1015.3,1013.0,17,0,0,17,4.8,27,10.8,0.0,0.0,0.0,0.0,0.0,0.0,0.24,11.0,0.302,Napoli,40.8518,14.2681
2026-04-04T04:00,8.6,83,6.0,7.0,0.0,0.0,0.0,0.0,0.0,0,1015.4,1013.1,8,0,0,8,3.9,16,10.8,0.0,0.0,0.0,0.0,0.0,0.0,0.19,10.2,0.302,Napoli,40.8518,14.2681
2026-04-04T05:00,8.1,85,5.7,6.3,0.0,0.0,0.0,0.0,0.0,0,1015.4,1013.1,0,0,0,0,4.8,25,10.8,0.0,0.0,0.0,0.0,0.0,0.0,0.16,9.5,0.302,Napoli,40.8518,14.2681
2026-04-04T06:00,7.7,85,5.3,5.6,0.0,0.0,0.0,0.0,0.0,0,1016.0,1013.7,0,0,0,0,6.3,13,13.7,0.0,0.0,0.0,0.0,0.0,0.0,0.16,9.0,0.302,Napoli,40.8518,14.2681
2026-04-04T07:00,7.6,82,4.8,5.4,0.0,0.0,0.0,0.0,0.0,0,1016.6,1014.3,0,0,0,0,6.5,14,15.5,2.0,0.0,2.0,0.0,0.0,0.01,0.19,8.6,0.302,Napoli,40.8518,14.2681
2026-04-04T08:00,9.0,80,5.8,7.2,0.0,0.0,0.0,0.0,0.0,0,1017.4,1015.1,0,0,0,0,4.8,42,15.1,87.0,41.0,46.0,286.7,3600.0,0.03,0.23,11.0,0.301,Napoli,40.8518,14.2681
2026-04-04T09:00,12.1,78,8.4,11.0,0.0,0.0,0.0,0.0,0.0,0,1018.1,1015.8,0,0,0,0,4.3,48,13.7,268.0,178.0,90.0,533.4,3600.0,0.12,0.31,11.7,0.3,Napoli,40.8518,14.2681
2026-04-04T10:00,15.1,67,9.0,14.6,0.0,0.0,0.0,0.0,0.0,0,1018.6,1016.3,0,0,0,0,1.5,14,13.7,462.0,348.0,114.0,687.7,3600.0,0.24,0.57,13.2,0.298,Napoli,40.8518,14.2681
2026-04-04T11:00,16.7,50,6.3,15.8,0.0,0.0,0.0,0.0,0.0,0,1019.2,1016.9,0,0,0,0,3.0,335,14.0,632.0,504.0,128.0,777.3,3600.0,0.35,0.94,14.9,0.295,Napoli,40.8518,14.2681
2026-04-04T12:00,17.8,45,5.9,17.1,0.0,0.0,0.0,0.0,0.0,0,1019.7,1017.4,0,0,0,0,6.5,341,21.2,759.0,622.0,137.0,828.2,3600.0,0.43,1.11,16.4,0.291,Napoli,40.8518,14.2681
2026-04-04T13:00,18.6,40,4.8,17.6,0.0,0.0,0.0,0.0,0.0,0,1019.6,1017.3,0,0,0,0,9.2,357,26.6,826.0,685.0,141.0,849.0,3600.0,0.48,1.29,17.5,0.285,Napoli,40.8518,14.2681
2026-04-04T14:00,19.8,37,4.7,19.3,0.0,0.0,0.0,0.0,0.0,0,1018.8,1016.5,0,0,0,0,6.7,341,27.7,832.0,690.0,142.0,849.5,3600.0,0.5,1.46,18.0,0.278,Napoli,40.8518,14.2681
2026-04-04T15:00,19.6,38,4.8,18.3,0.0,0.0,0.0,0.0,0.0,0,1018.7,1016.4,0,0,0,0,9.4,308,24.8,777.0,639.0,138.0,833.4,3600.0,0.47,1.42,18.8,0.272,Napoli,40.8518,14.2681
2026-04-04T16:00,18.7,48,7.4,16.9,0.0,0.0,0.0,0.0,0.0,0,1018.5,1016.2,0,0,0,0,11.8,295,29.9,658.0,527.0,131.0,782.4,3600.0,0.39,1.12,18.8,0.268,Napoli,40.8518,14.2681
2026-04-04T17:00,17.6,56,8.6,15.2,0.0,0.0,0.0,0.0,0.0,0,1018.5,1016.2,0,0,0,0,13.9,289,33.1,503.0,386.0,117.0,716.2,3600.0,0.29,0.89,18.4,0.264,Napoli,40.8518,14.2681
2026-04-04T18:00,16.2,63,9.2,14.0,0.0,0.0,0.0,0.0,0.0,0,1018.8,1016.5,1,1,0,0,13.3,295,33.5,313.0,216.0,97.0,580.4,3600.0,0.18,0.67,17.5,0.262,Napoli,40.8518,14.2681
2026-04-04T19:00,14.8,65,8.3,13.0,0.0,0.0,0.0,0.0,0.0,0,1019.3,1017.0,0,0,0,0,8.8,313,29.9,123.0,63.0,60.0,341.3,3600.0,0.08,0.58,16.3,0.261,Napoli,40.8518,14.2681
2026-04-04T20:00,13.8,78,10.0,13.2,0.0,0.0,0.0,0.0,0.0,1,1019.9,1017.6,33,16,32,0,4.0,32,19.8,9.0,2.0,7.0,31.6,0.0,0.0,0.35,16.4,0.26,Napoli,40.8518,14.2681
2026-04-04T21:00,14.1,71,9.0,13.5,0.0,0.0,0.0,0.0,0.0,0,1020.5,1018.2,1,1,0,0,2.3,39,9.4,0.0,0.0,0.0,0.0,0.0,0.0,0.46,15.0,0.26,Napoli,40.8518,14.2681
2026-04-04T22:00,13.8,63,6.9,12.3,0.0,0.0,0.0,0.0,0.0,0,1020.9,1018.6,0,0,0,0,5.1,73,11.2,0.0,0.0,0.0,0.0,0.0,0.01,0.59,13.8,0.261,Napoli,40.8518,14.2681
2026-04-04T23:00,12.8,64,6.1,10.8,0.0,0.0,0.0,0.0,0.0,0,1021.5,1019.2,0,0,0,0,6.3,75,15.1,0.0,0.0,0.0,0.0,0.0,0.02,0.54,12.8,0.261,Napoli,40.8518,14.2681
2026-04-05T00:00,11.7,63,4.9,9.3,0.0,0.0,0.0,0.0,0.0,0,1022.1,1019.8,0,0,0,0,7.7,54,17.6,0.0,0.0,0.0,0.0,0.0,0.02,0.51,12.0,0.261,Napoli,40.8518,14.2681
2026-04-05T01:00,11.6,58,3.5,8.6,0.0,0.0,0.0,0.0,0.0,0,1022.4,1020.1,0,0,0,0,9.4,59,21.2,0.0,0.0,0.0,0.0,0.0,0.04,0.58,11.3,0.261,Napoli,40.8518,14.2681
2026-04-05T02:00,10.3,64,3.8,7.9,0.0,0.0,0.0,0.0,0.0,0,1022.3,1020.0,0,0,0,0,6.4,65,22.7,0.0,0.0,0.0,0.0,0.0,0.01,0.45,12.6,0.263,Napoli,40.8518,14.2681
2026-04-05T03:00,9.7,67,3.9,7.1,0.0,0.0,0.0,0.0,0.0,0,1022.3,1020.0,0,0,0,0,7.8,44,18.4,0.0,0.0,0.0,0.0,0.0,0.02,0.39,11.5,0.263,Napoli,40.8518,14.2681
2026-04-05T04:00,8.9,71,3.9,6.4,0.0,0.0,0.0,0.0,0.0,0,1022.3,1020.0,0,0,0,0,6.9,39,18.4,0.0,0.0,0.0,0.0,0.0,0.01,0.33,10.6,0.263,Napoli,40.8518,14.2681
2026-04-05T05:00,8.1,75,3.9,5.8,0.0,0.0,0.0,0.0,0.0,0,1022.6,1020.2,0,0,0,0,6.0,21,16.2,0.0,0.0,0.0,0.0,0.0,0.0,0.28,9.8,0.263,Napoli,40.8518,14.2681
2026-04-05T06:00,7.6,76,3.5,5.2,0.0,0.0,0.0,0.0,0.0,0,1022.9,1020.5,0,0,0,0,5.9,18,13.7,0.0,0.0,0.0,0.0,0.0,0.0,0.26,9.2,0.264,Napoli,40.8518,14.2681
2026-04-05T07:00,7.3,76,3.3,4.9,0.0,0.0,0.0,0.0,0.0,0,1023.2,1020.8,0,0,0,0,5.2,25,13.3,3.0,0.0,3.0,0.0,0.0,0.0,0.25,8.7,0.264,Napoli,40.8518,14.2681
2026-04-05T08:00,9.0,71,4.1,6.8,0.0,0.0,0.0,0.0,0.0,0,1023.7,1021.3,0,0,0,0,5.3,12,13.7,94.0,45.0,49.0,303.5,3600.0,0.04,0.33,10.3,0.264,Napoli,40.8518,14.2681
2026-04-05T09:00,11.8,71,6.7,10.4,0.0,0.0,0.0,0.0,0.0,0,1024.1,1021.8,0,0,0,0,3.9,37,12.6,278.0,187.0,91.0,552.0,3600.0,0.12,0.41,11.1,0.263,Napoli,40.8518,14.2681
2026-04-05T10:00,14.7,68,9.0,14.0,0.0,0.0,0.0,0.0,0.0,0,1024.6,1022.3,0,0,0,0,2.9,47,13.7,469.0,355.0,114.0,694.9,3600.0,0.24,0.53,12.8,0.262,Napoli,40.8518,14.2681
2026-04-05T11:00,17.2,56,8.2,17.1,0.0,0.0,0.0,0.0,0.0,0,1024.9,1022.6,0,0,0,0,0.9,90,13.0,633.0,504.0,129.0,771.9,3600.0,0.35,0.87,14.9,0.259,Napoli,40.8518,14.2681
2026-04-05T12:00,18.6,49,7.8,19.0,0.0,0.0,0.0,0.0,0.0,0,1025.3,1023.0,0,0,0,0,2.1,200,11.9,753.0,615.0,138.0,814.3,3600.0,0.44,1.08,16.8,0.255,Napoli,40.8518,14.2681
2026-04-05T13:00,19.1,52,9.0,19.7,0.0,0.0,0.0,0.0,0.0,0,1025.3,1023.0,0,0,0,0,5.2,209,17.6,818.0,675.0,143.0,832.5,3600.0,0.48,1.06,18.3,0.25,Napoli,40.8518,14.2681
2026-04-05T14:00,19.7,52,9.4,19.8,0.0,0.0,0.0,0.0,0.0,0,1024.7,1022.4,0,0,0,0,8.7,248,22.7,823.0,680.0,143.0,833.4,3600.0,0.49,1.11,19.2,0.246,Napoli,40.8518,14.2681
2026-04-05T15:00,19.9,48,8.5,19.1,0.0,0.0,0.0,0.0,0.0,0,1024.4,1022.1,0,0,0,0,10.7,258,28.1,766.0,626.0,140.0,812.7,3600.0,0.46,1.21,19.7,0.241,Napoli,40.8518,14.2681
2026-04-05T16:00,19.5,42,6.2,17.5,0.0,0.0,0.0,0.0,0.0,0,1024.1,1021.8,1,0,1,0,11.0,267,28.4,653.0,521.0,132.0,769.7,3600.0,0.4,1.31,19.7,0.237,Napoli,40.8518,14.2681
2026-04-05T17:00,18.6,44,5.9,15.8,0.0,0.0,0.0,0.0,0.0,0,1024.0,1021.7,0,0,0,0,11.9,285,28.8,483.0,355.0,128.0,654.8,3600.0,0.31,1.21,19.2,0.233,Napoli,40.8518,14.2681
2026-04-05T18:00,16.8,52,6.8,14.3,0.0,0.0,0.0,0.0,0.0,0,1024.2,1021.9,11,0,1,11,11.5,295,29.5,307.0,210.0,97.0,559.4,3600.0,0.2,0.93,18.3,0.231,Napoli,40.8518,14.2681
2026-04-05T19:00,15.0,62,7.7,13.4,0.0,0.0,0.0,0.0,0.0,1,1024.4,1022.1,46,0,0,46,6.7,316,26.3,124.0,64.0,60.0,340.6,3600.0,0.08,0.65,16.9,0.23,Napoli,40.8518,14.2681
2026-04-05T20:00,13.8,72,8.8,12.8,0.0,0.0,0.0,0.0,0.0,3,1024.6,1022.3,91,0,0,91,4.6,301,16.2,9.0,2.0,7.0,30.8,0.0,0.01,0.44,16.4,0.231,Napoli,40.8518,14.2681
2026-04-05T21:00,13.5,72,8.6,12.7,0.0,0.0,0.0,0.0,0.0,2,1025.3,1023.0,52,0,0,52,2.5,315,10.4,0.0,0.0,0.0,0.0,0.0,0.0,0.43,15.0,0.231,Napoli,40.8518,14.2681
2026-04-05T22:00,13.1,73,8.3,12.2,0.0,0.0,0.0,0.0,0.0,0,1025.2,1022.9,8,0,0,8,2.9,300,7.2,0.0,0.0,0.0,0.0,0.0,0.0,0.41,13.8,0.232,Napoli,40.8518,14.2681
2026-04-05T23:00,12.7,72,7.8,11.7,0.0,0.0,0.0,0.0,0.0,0,1025.3,1023.0,0,0,0,0,2.7,270,7.2,0.0,0.0,0.0,0.0,0.0,0.0,0.41,12.9,0.232,Napoli,40.8518,14.2681
2026-04-06T00:00,12.3,73,7.6,11.2,0.0,0.0,0.0,0.0,0.0,0,1025.4,1023.1,0,0,0,0,2.6,254,7.2,0.0,0.0,0.0,0.0,0.0,0.0,0.39,12.1,0.233,Napoli,40.8518,14.2681
2026-04-06T01:00,11.9,76,7.9,10.9,0.0,0.0,0.0,0.0,0.0,0,1025.6,1023.3,0,0,0,0,3.2,232,7.6,0.0,0.0,0.0,0.0,0.0,0.0,0.33,11.4,0.234,Napoli,40.8518,14.2681
2026-04-06T02:00,11.6,83,8.9,10.6,0.0,0.0,0.0,0.0,0.0,0,1025.1,1022.8,0,0,0,0,4.6,171,8.3,0.0,0.0,0.0,0.0,0.0,0.0,0.23,9.8,0.235,Napoli,40.8518,14.2681
2026-04-06T03:00,12.2,82,9.1,11.0,0.0,0.0,0.0,0.0,0.0,0,1025.1,1022.8,0,0,0,0,6.1,180,12.2,0.0,0.0,0.0,0.0,0.0,0.0,0.26,9.8,0.236,Napoli,40.8518,14.2681
2026-04-06T04:00,12.6,82,9.6,11.4,0.0,0.0,0.0,0.0,0.0,0,1025.1,1022.8,0,0,0,0,7.6,180,15.1,0.0,0.0,0.0,0.0,0.0,0.0,0.26,10.0,0.236,Napoli,40.8518,14.2681
2026-04-06T05:00,12.6,84,10.0,11.4,0.0,0.0,0.0,0.0,0.0,0,1025.1,1022.8,0,0,0,0,8.1,167,16.6,0.0,0.0,0.0,0.0,0.0,0.0,0.24,10.2,0.237,Napoli,40.8518,14.2681
2026-04-06T06:00,12.5,86,10.2,11.3,0.0,0.0,0.0,0.0,0.0,0,1025.3,1023.0,0,0,0,0,8.5,155,17.3,0.0,0.0,0.0,0.0,0.0,0.0,0.2,10.3,0.238,Napoli,40.8518,14.2681
2026-04-06T07:00,12.2,88,10.3,11.1,0.0,0.0,0.0,0.0,0.0,0,1025.5,1023.2,0,0,0,0,8.4,149,17.3,3.0,0.0,3.0,0.0,0.0,0.01,0.17,10.5,0.238,Napoli,40.8518,14.2681
2026-04-06T08:00,12.4,90,10.8,11.4,0.0,0.0,0.0,0.0,0.0,0,1025.9,1023.6,0,0,0,0,8.5,153,18.0,94.0,44.0,50.0,286.6,3600.0,0.04,0.14,9.7,0.239,Napoli,40.8518,14.2681
2026-04-06T09:00,13.9,85,11.4,13.2,0.0,0.0,0.0,0.0,0.0,0,1026.2,1023.9,3,3,0,0,7.6,158,18.7,274.0,182.0,92.0,529.4,3600.0,0.12,0.24,11.2,0.239,Napoli,40.8518,14.2681
2026-04-06T10:00,15.1,78,11.2,14.1,0.0,0.0,0.0,0.0,0.0,0,1026.4,1024.1,4,4,0,0,8.7,159,23.4,458.0,333.0,125.0,645.8,3600.0,0.22,0.38,12.9,0.238,Napoli,40.8518,14.2681
2026-04-06T11:00,15.9,74,11.2,15.3,0.0,0.0,0.0,0.0,0.0,0,1026.6,1024.3,1,1,0,0,9.0,168,25.2,623.0,483.0,140.0,734.7,3600.0,0.32,0.47,14.7,0.236,Napoli,40.8518,14.2681
2026-04-06T12:00,16.4,72,11.2,16.4,0.0,0.0,0.0,0.0,0.0,0,1026.6,1024.3,2,2,0,0,9.9,178,27.7,743.0,588.0,155.0,774.2,3600.0,0.38,0.53,16.3,0.232,Napoli,40.8518,14.2681
2026-04-06T13:00,16.5,71,11.2,16.8,0.0,0.0,0.0,0.0,0.0,0,1026.6,1024.3,2,2,0,0,10.5,183,29.2,811.0,653.0,158.0,801.5,3600.0,0.41,0.55,17.5,0.229,Napoli,40.8518,14.2681
2026-04-06T14:00,17.2,70,11.6,17.7,0.0,0.0,0.0,0.0,0.0,0,1025.8,1023.5,4,0,0,4,10.3,186,30.2,821.0,667.0,154.0,813.8,3600.0,0.43,0.59,18.5,0.223,Napoli,40.8518,14.2681
2026-04-06T15:00,17.1,73,12.2,17.5,0.0,0.0,0.0,0.0,0.0,1,1025.3,1023.0,38,0,0,38,10.6,179,28.8,773.0,632.0,141.0,816.8,3600.0,0.4,0.53,19.1,0.219,Napoli,40.8518,14.2681
2026-04-06T16:00,16.8,76,12.6,16.8,0.0,0.0,0.0,0.0,0.0,0,1024.7,1022.4,10,0,1,10,9.9,177,28.8,661.0,527.0,134.0,774.8,3600.0,0.34,0.45,19.3,0.217,Napoli,40.8518,14.2681
2026-04-06T17:00,16.4,80,12.9,15.9,0.0,0.0,0.0,0.0,0.0,1,1024.3,1022.0,20,0,4,16,9.0,174,26.6,494.0,375.0,119.0,687.6,3600.0,0.25,0.37,19.1,0.215,Napoli,40.8518,14.2681
2026-04-06T18:00,15.8,83,12.9,15.5,0.0,0.0,0.0,0.0,0.0,1,1024.3,1022.0,23,0,3,20,8.0,164,23.4,308.0,207.0,101.0,546.7,3600.0,0.15,0.31,18.4,0.214,Napoli,40.8518,14.2681
2026-04-06T19:00,14.8,89,13.0,14.7,0.0,0.0,0.0,0.0,0.0,0,1024.3,1022.0,5,0,5,0,6.7,149,19.4,124.0,63.0,61.0,329.6,3600.0,0.05,0.18,17.3,0.214,Napoli,40.8518,14.2681
2026-04-06T20:00,14.3,92,12.9,14.2,0.0,0.0,0.0,0.0,0.0,0,1024.3,1022.0,2,0,2,0,6.9,160,13.7,10.0,2.0,8.0,30.1,0.0,0.0,0.14,16.9,0.208,Napoli,40.8518,14.2681
2026-04-06T21:00,14.0,93,12.9,14.1,0.0,0.0,0.0,0.0,0.0,0,1024.7,1022.4,2,0,2,1,5.6,165,13.7,0.0,0.0,0.0,0.0,0.0,0.0,0.11,15.7,0.209,Napoli,40.8518,14.2681
2026-04-06T22:00,13.8,94,12.8,13.8,0.0,0.0,0.0,0.0,0.0,0,1025.1,1022.8,1,0,1,0,6.0,164,12.2,0.0,0.0,0.0,0.0,0.0,0.0,0.09,14.8,0.209,Napoli,40.8518,14.2681
2026-04-06T23:00,13.6,94,12.6,13.4,0.0,0.0,0.0,0.0,0.0,0,1025.3,1023.0,1,0,1,0,6.6,171,13.3,0.0,0.0,0.0,0.0,0.0,0.0,0.09,14.1,0.21,Napoli,40.8518,14.2681
2026-04-07T00:00,13.4,94,12.5,13.2,0.0,0.0,0.0,0.0,0.0,0,1025.5,1023.2,1,0,1,0,6.6,171,14.4,0.0,0.0,0.0,0.0,0.0,0.0,0.09,13.5,0.211,Napoli,40.8518,14.2681
2026-04-07T01:00,13.2,94,12.3,12.9,0.0,0.0,0.0,0.0,0.0,0,1025.7,1023.4,0,0,0,0,6.7,164,14.0,0.0,0.0,0.0,0.0,0.0,0.0,0.09,13.1,0.211,Napoli,40.8518,14.2681
2026-04-07T02:00,12.8,97,12.3,12.2,0.0,0.0,0.0,0.0,0.0,1,1025.4,1023.1,34,34,0,0,8.4,165,14.4,0.0,0.0,0.0,0.0,0.0,0.0,0.04,13.8,0.219,Napoli,40.8518,14.2681
2026-04-07T03:00,12.4,99,12.2,11.9,0.0,0.0,0.0,0.0,0.0,3,1025.2,1022.9,95,95,0,0,7.7,150,17.6,0.0,0.0,0.0,0.0,0.0,0.0,0.01,13.4,0.22,Napoli,40.8518,14.2681
2026-04-07T04:00,11.9,99,11.8,11.3,0.0,0.0,0.0,0.0,0.0,3,1025.1,1022.8,98,98,0,0,7.5,136,16.2,0.0,0.0,0.0,0.0,0.0,0.0,0.01,13.0,0.221,Napoli,40.8518,14.2681
2026-04-07T05:00,11.4,98,11.2,10.8,0.0,0.0,0.0,0.0,0.0,3,1025.2,1022.9,99,99,0,0,6.6,125,15.5,0.0,0.0,0.0,0.0,0.0,0.0,0.02,12.7,0.221,Napoli,40.8518,14.2681
2026-04-07T06:00,11.2,97,10.8,10.5,0.0,0.0,0.0,0.0,0.0,3,1025.3,1023.0,99,99,0,0,6.1,114,14.4,0.0,0.0,0.0,0.0,0.0,0.0,0.03,12.4,0.222,Napoli,40.8518,14.2681
2026-04-07T07:00,10.9,97,10.4,10.0,0.0,0.0,0.0,0.0,0.0,3,1025.5,1023.2,99,99,0,0,6.5,96,13.7,3.0,0.0,3.0,0.0,0.0,0.0,0.04,12.1,0.223,Napoli,40.8518,14.2681
2026-04-07T08:00,11.4,97,10.9,10.6,0.0,0.0,0.0,0.0,0.0,3,1025.8,1023.5,98,98,0,0,6.8,101,15.5,66.0,8.0,58.0,50.4,0.0,0.03,0.04,12.7,0.224,Napoli,40.8518,14.2681
2026-04-07T09:00,12.6,93,11.6,12.1,0.0,0.0,0.0,0.0,0.0,3,1025.7,1023.4,94,94,0,0,6.9,107,19.1,225.0,91.0,134.0,260.9,3600.0,0.1,0.1,13.2,0.225,Napoli,40.8518,14.2681
2026-04-07T10:00,14.4,85,11.9,14.0,0.0,0.0,0.0,0.0,0.0,3,1026.0,1023.7,89,89,0,0,6.6,133,19.4,433.0,260.0,173.0,499.6,3600.0,0.21,0.24,14.3,0.224,Napoli,40.8518,14.2681
2026-04-07T11:00,16.0,77,11.9,16.0,0.0,0.0,0.0,0.0,0.0,2,1025.9,1023.6,68,68,0,0,5.9,169,19.8,605.0,437.0,168.0,660.3,3600.0,0.32,0.42,15.9,0.222,Napoli,40.8518,14.2681
2026-04-07T12:00,16.8,74,12.1,17.1,0.0,0.0,0.0,0.0,0.0,1,1025.9,1023.6,22,22,0,0,8.4,190,24.8,714.0,499.0,215.0,653.5,3600.0,0.38,0.5,17.4,0.219,Napoli,40.8518,14.2681
2026-04-07T13:00,16.6,75,12.1,16.9,0.0,0.0,0.0,0.0,0.0,0,1025.7,1023.4,4,4,0,0,11.9,183,32.0,805.0,632.0,173.0,772.0,3600.0,0.4,0.48,18.5,0.215,Napoli,40.8518,14.2681
2026-04-07T14:00,16.8,76,12.5,17.3,0.0,0.0,0.0,0.0,0.0,0,1025.0,1022.7,0,0,0,0,12.2,181,33.5,823.0,668.0,155.0,811.4,3600.0,0.41,0.46,19.2,0.21,Napoli,40.8518,14.2681
2026-04-07T15:00,16.7,79,13.0,17.2,0.0,0.0,0.0,0.0,0.0,0,1024.5,1022.2,0,0,0,0,11.9,179,32.8,772.0,626.0,146.0,805.6,3600.0,0.38,0.4,19.6,0.207,Napoli,40.8518,14.2681
2026-04-07T16:00,16.5,81,13.3,16.6,0.0,0.0,0.0,0.0,0.0,0,1024.0,1021.7,0,0,0,0,11.0,176,32.0,666.0,533.0,133.0,779.9,3600.0,0.33,0.35,19.7,0.205,Napoli,40.8518,14.2681
2026-04-07T17:00,16.3,83,13.5,15.9,0.0,0.0,0.0,0.0,0.0,0,1023.5,1021.2,0,0,0,0,10.1,177,29.5,507.0,388.0,119.0,707.3,3600.0,0.25,0.31,19.4,0.203,Napoli,40.8518,14.2681
2026-04-07T18:00,15.8,86,13.4,15.6,0.0,0.0,0.0,0.0,0.0,0,1023.4,1021.1,0,0,0,0,8.5,180,26.3,319.0,220.0,99.0,576.2,3600.0,0.15,0.25,18.8,0.202,Napoli,40.8518,14.2681
2026-04-07T19:00,15.0,91,13.5,15.2,0.0,0.0,0.0,0.0,0.0,0,1023.4,1021.1,0,0,0,0,6.0,175,21.2,130.0,68.0,62.0,349.7,3600.0,0.05,0.16,17.7,0.202,Napoli,40.8518,14.2681
2026-04-07T20:00,13.9,95,13.1,14.3,0.0,0.0,0.0,0.0,0.0,0,1023.2,1020.9,0,0,0,0,3.5,159,12.6,11.0,2.0,9.0,29.4,0.0,0.0,0.08,17.1,0.198,Napoli,40.8518,14.2681
2026-04-07T21:00,13.3,97,12.8,13.7,0.0,0.0,0.0,0.0,0.0,0,1023.5,1021.2,0,0,0,0,3.1,152,6.8,0.0,0.0,0.0,0.0,0.0,0.0,0.05,15.8,0.198,Napoli,40.8518,14.2681
2026-04-07T22:00,12.7,97,12.3,13.0,0.0,0.0,0.0,0.0,0.0,0,1023.4,1021.1,0,0,0,0,3.2,142,6.1,0.0,0.0,0.0,0.0,0.0,0.0,0.04,14.6,0.199,Napoli,40.8518,14.2681
2026-04-07T23:00,12.3,97,11.9,12.4,0.0,0.0,0.0,0.0,0.0,0,1023.2,1020.9,0,0,0,0,3.5,152,6.5,0.0,0.0,0.0,0.0,0.0,0.0,0.04,13.7,0.199,Napoli,40.8518,14.2681
2026-04-08T00:00,12.2,96,11.5,12.0,0.0,0.0,0.0,0.0,0.0,0,1023.3,1021.0,0,0,0,0,4.1,157,7.9,0.0,0.0,0.0,0.0,0.0,0.0,0.06,13.0,0.2,Napoli,40.8518,14.2681
2026-04-08T01:00,12.1,95,11.3,11.8,0.0,0.0,0.0,0.0,0.0,0,1023.2,1020.9,0,0,0,0,4.6,169,9.4,0.0,0.0,0.0,0.0,0.0,0.0,0.07,12.5,0.201,Napoli,40.8518,14.2681
2026-04-08T02:00,11.6,96,11.0,11.2,0.0,0.0,0.0,0.0,0.0,0,1023.1,1020.8,0,0,0,0,4.5,182,9.4,0.0,0.0,0.0,0.0,0.0,0.0,0.06,12.9,0.205,Napoli,40.8518,14.2681
2026-04-08T03:00,11.5,97,11.0,11.2,0.0,0.0,0.0,0.0,0.0,0,1022.8,1020.5,5,5,0,0,3.5,168,9.0,0.0,0.0,0.0,0.0,0.0,0.0,0.04,12.3,0.205,Napoli,40.8518,14.2681
2026-04-08T04:00,11.1,98,10.8,11.0,0.0,0.0,0.0,0.0,0.0,0,1022.5,1020.2,5,5,0,0,2.4,153,7.2,0.0,0.0,0.0,0.0,0.0,0.0,0.03,11.9,0.206,Napoli,40.8518,14.2681
2026-04-08T05:00,10.7,98,10.4,10.5,0.0,0.0,0.0,0.0,0.0,0,1022.2,1019.9,5,5,0,0,2.2,114,5.8,0.0,0.0,0.0,0.0,0.0,0.0,0.03,11.4,0.206,Napoli,40.8518,14.2681
2026-04-08T06:00,10.2,97,9.8,9.8,0.0,0.0,0.0,0.0,0.0,1,1022.0,1019.7,20,20,0,0,2.6,78,5.4,0.0,0.0,0.0,0.0,0.0,0.0,0.03,11.1,0.207,Napoli,40.8518,14.2681
2026-04-08T07:00,10.1,96,9.4,9.4,0.0,0.0,0.0,0.0,0.0,1,1022.1,1019.8,45,45,0,0,3.1,80,5.8,4.0,0.0,4.0,0.0,0.0,0.0,0.05,10.9,0.208,Napoli,40.8518,14.2681
2026-04-08T08:00,11.5,93,10.4,11.0,0.0,0.0,0.0,0.0,0.0,1,1022.5,1020.2,41,41,0,0,4.0,126,9.4,83.0,30.0,53.0,183.2,3600.0,0.03,0.1,11.4,0.208,Napoli,40.8518,14.2681
2026-04-08T09:00,13.4,89,11.6,13.3,0.0,0.0,0.0,0.0,0.0,1,1022.6,1020.3,40,40,0,0,3.6,123,11.9,251.0,136.0,115.0,384.6,3600.0,0.12,0.18,12.5,0.208,Napoli,40.8518,14.2681
2026-04-08T10:00,15.1,83,12.2,15.2,0.0,0.0,0.0,0.0,0.0,2,1022.6,1020.3,58,58,0,0,3.8,161,14.8,446.0,293.0,153.0,558.1,3600.0,0.23,0.29,14.1,0.207,Napoli,40.8518,14.2681
2026-04-08T11:00,16.4,73,11.5,16.5,0.0,0.0,0.0,0.0,0.0,1,1022.5,1020.2,29,29,0,0,4.0,185,16.2,588.0,395.0,193.0,592.9,3600.0,0.32,0.51,15.9,0.205,Napoli,40.8518,14.2681
2026-04-08T12:00,17.2,73,12.3,18.0,0.0,0.0,0.0,0.0,0.0,0,1022.3,1020.0,14,14,0,0,6.8,192,21.2,740.0,570.0,170.0,742.5,3600.0,0.4,0.53,17.5,0.202,Napoli,40.8518,14.2681
2026-04-08T13:00,17.4,74,12.8,18.4,0.0,0.0,0.0,0.0,0.0,0,1021.9,1019.6,9,9,0,0,9.4,198,27.0,802.0,617.0,185.0,750.3,3600.0,0.42,0.51,18.8,0.199,Napoli,40.8518,14.2681
2026-04-08T14:00,17.9,72,12.9,18.9,0.0,0.0,0.0,0.0,0.0,0,1021.3,1019.0,1,1,0,0,10.2,198,28.1,824.0,667.0,157.0,806.8,3600.0,0.44,0.57,19.7,0.197,Napoli,40.8518,14.2681
2026-04-08T15:00,18.0,72,13.0,18.9,0.0,0.0,0.0,0.0,0.0,0,1020.8,1018.5,1,1,0,0,9.1,198,28.4,776.0,632.0,144.0,809.8,3600.0,0.42,0.57,20.3,0.194,Napoli,40.8518,14.2681
2026-04-08T16:00,18.0,73,13.0,18.3,0.0,0.0,0.0,0.0,0.0,0,1020.2,1017.9,2,0,2,0,8.4,196,25.9,663.0,529.0,134.0,770.4,3600.0,0.36,0.56,20.5,0.191,Napoli,40.8518,14.2681
2026-04-08T17:00,17.5,77,13.5,17.3,0.0,0.0,0.0,0.0,0.0,0,1019.7,1017.4,4,0,0,3,8.6,196,24.1,503.0,381.0,122.0,690.6,3600.0,0.26,0.45,20.3,0.189,Napoli,40.8518,14.2681
2026-04-08T18:00,16.8,82,13.6,17.0,0.0,0.0,0.0,0.0,0.0,0,1019.8,1017.5,0,0,0,0,6.4,198,23.0,314.0,215.0,99.0,558.5,3600.0,0.16,0.35,19.5,0.188,Napoli,40.8518,14.2681
2026-04-08T19:00,15.8,86,13.4,16.4,0.0,0.0,0.0,0.0,0.0,0,1019.9,1017.6,6,0,0,6,3.4,186,16.9,131.0,68.0,63.0,344.0,3600.0,0.06,0.26,18.4,0.188,Napoli,40.8518,14.2681
2026-04-08T20:00,14.8,89,13.0,15.5,0.0,0.0,0.0,0.0,0.0,0,1019.6,1017.3,2,0,0,2,1.7,193,7.9,12.0,2.0,10.0,28.7,0.0,0.0,0.19,17.7,0.181,Napoli,40.8518,14.2681
2026-04-08T21:00,14.0,91,12.6,14.4,0.0,0.0,0.0,0.0,0.0,0,1020.0,1017.7,0,0,0,0,2.7,172,6.1,0.0,0.0,0.0,0.0,0.0,0.0,0.14,16.3,0.181,Napoli,40.8518,14.2681
2026-04-08T22:00,13.3,93,12.2,13.5,0.0,0.0,0.0,0.0,0.0,0,1020.0,1017.7,0,0,0,0,3.4,164,6.5,0.0,0.0,0.0,0.0,0.0,0.0,0.11,15.1,0.182,Napoli,40.8518,14.2681
2026-04-08T23:00,12.8,94,11.9,13.0,0.0,0.0,0.0,0.0,0.0,0,1019.8,1017.5,0,0,0,0,2.8,153,6.8,0.0,0.0,0.0,0.0,0.0,0.0,0.09,14.2,0.182,Napoli,40.8518,14.2681
2026-04-09T00:00,12.6,95,11.8,12.8,0.0,0.0,0.0,0.0,0.0,0,1019.9,1017.6,0,0,0,0,2.1,149,5.4,0.0,0.0,0.0,0.0,0.0,0.0,0.08,13.4,0.183,Napoli,40.8518,14.2681
2026-04-09T01:00,12.4,95,11.6,12.5,0.0,0.0,0.0,0.0,0.0,0,1019.6,1017.3,0,0,0,0,2.1,149,5.0,0.0,0.0,0.0,0.0,0.0,0.0,0.07,12.6,0.184,Napoli,40.8518,14.2681
2026-04-09T02:00,12.3,95,11.4,12.1,0.0,0.0,0.0,0.0,0.0,0,1019.4,1017.1,0,0,0,0,4.3,197,6.1,0.0,0.0,0.0,0.0,0.0,0.0,0.08,12.1,0.191,Napoli,40.8518,14.2681
2026-04-09T03:00,12.0,94,11.0,11.8,0.0,0.0,0.0,0.0,0.0,0,1019.0,1016.7,0,0,0,0,3.1,211,8.3,0.0,0.0,0.0,0.0,0.0,0.0,0.09,11.6,0.192,Napoli,40.8518,14.2681
2026-04-09T04:00,11.9,94,11.0,12.0,0.0,0.0,0.0,0.0,0.0,0,1018.9,1016.6,0,0,0,0,1.3,180,6.5,0.0,0.0,0.0,0.0,0.0,0.0,0.08,11.2,0.192,Napoli,40.8518,14.2681
2026-04-09T05:00,11.6,95,10.8,11.5,0.0,0.0,0.0,0.0,0.0,0,1018.5,1016.2,0,0,0,0,2.2,156,4.3,0.0,0.0,0.0,0.0,0.0,0.0,0.07,10.8,0.193,Napoli,40.8518,14.2681
2026-04-09T06:00,11.2,96,10.6,11.0,0.0,0.0,0.0,0.0,0.0,0,1018.3,1016.0,3,3,0,0,2.4,132,5.4,0.0,0.0,0.0,0.0,0.0,0.0,0.05,10.4,0.194,Napoli,40.8518,14.2681
2026-04-09T07:00,10.8,96,10.3,10.4,0.0,0.0,0.0,0.0,0.0,0,1018.5,1016.2,13,13,0,0,3.5,111,6.1,5.0,1.0,4.0,18.2,0.0,0.0,0.05,10.2,0.194,Napoli,40.8518,14.2681
2026-04-09T08:00,13.0,92,11.6,12.7,0.0,0.0,0.0,0.0,0.0,1,1018.7,1016.4,21,21,0,0,5.2,115,11.5,104.0,49.0,55.0,290.3,3600.0,0.04,0.13,10.8,0.195,Napoli,40.8518,14.2681
2026-04-09T09:00,14.8,87,12.6,14.8,0.0,0.0,0.0,0.0,0.0,0,1018.7,1016.4,11,11,0,0,5.5,134,15.5,283.0,185.0,98.0,516.1,3600.0,0.13,0.22,12.3,0.195,Napoli,40.8518,14.2681
2026-04-09T10:00,16.0,81,12.8,15.9,0.0,0.0,0.0,0.0,0.0,0,1018.7,1016.4,5,5,0,0,6.7,161,19.8,470.0,344.0,126.0,649.6,3600.0,0.24,0.34,14.2,0.194,Napoli,40.8518,14.2681
2026-04-09T11:00,16.7,79,13.0,16.9,0.0,0.0,0.0,0.0,0.0,0,1018.8,1016.5,6,6,0,0,8.3,182,23.8,629.0,482.0,147.0,718.9,3600.0,0.32,0.41,16.0,0.192,Napoli,40.8518,14.2681
2026-04-09T12:00,17.1,77,13.1,18.0,0.0,0.0,0.0,0.0,0.0,0,1018.8,1016.5,2,2,0,0,9.1,188,26.3,753.0,603.0,150.0,781.5,3600.0,0.39,0.44,17.6,0.189,Napoli,40.8518,14.2681
2026-04-09T13:00,17.6,75,13.1,18.8,0.0,0.0,0.0,0.0,0.0,0,1018.3,1016.0,2,2,0,0,9.7,190,27.4,823.0,675.0,148.0,817.1,3600.0,0.43,0.51,18.9,0.186,Napoli,40.8518,14.2681
2026-04-09T14:00,18.0,77,13.9,19.1,0.0,0.0,0.0,0.0,0.0,0,1017.9,1015.6,0,0,0,0,11.7,182,29.2,830.0,683.0,147.0,822.7,3600.0,0.43,0.47,19.9,0.184,Napoli,40.8518,14.2681
2026-04-09T15:00,17.8,80,14.4,18.7,0.0,0.0,0.0,0.0,0.0,0,1017.5,1015.2,18,17,2,0,11.9,181,32.4,770.0,627.0,143.0,800.0,3600.0,0.39,0.4,20.4,0.181,Napoli,40.8518,14.2681
2026-04-09T16:00,17.7,81,14.3,18.1,0.0,0.0,0.0,0.0,0.0,0,1017.1,1014.8,10,5,5,0,10.8,180,32.0,652.0,514.0,138.0,745.2,3600.0,0.33,0.39,20.5,0.179,Napoli,40.8518,14.2681
2026-04-09T17:00,17.4,81,14.2,17.5,0.0,0.0,0.0,0.0,0.0,0,1016.8,1014.5,14,6,9,1,9.0,185,28.8,488.0,363.0,125.0,654.2,3600.0,0.25,0.37,20.3,0.177,Napoli,40.8518,14.2681
2026-04-09T18:00,16.9,82,13.9,16.9,0.0,0.0,0.0,0.0,0.0,0,1016.5,1014.2,8,7,1,0,8.1,186,24.1,311.0,209.0,102.0,538.5,3600.0,0.16,0.34,19.6,0.176,Napoli,40.8518,14.2681
2026-04-09T19:00,16.0,87,13.8,16.2,0.0,0.0,0.0,0.0,0.0,0,1016.6,1014.3,1,1,0,0,6.7,186,20.9,133.0,69.0,64.0,343.5,3600.0,0.06,0.23,18.5,0.176,Napoli,40.8518,14.2681
2026-04-09T20:00,14.9,94,14.0,15.3,0.0,0.0,0.0,0.0,0.0,0,1016.4,1014.1,0,0,0,0,6.0,170,14.0,12.0,3.0,9.0,42.0,0.0,0.0,0.1,18.0,0.172,Napoli,40.8518,14.2681
2026-04-09T21:00,14.6,94,13.7,15.0,0.0,0.0,0.0,0.0,0.0,0,1016.7,1014.4,0,0,0,0,5.2,168,12.6,0.0,0.0,0.0,0.0,0.0,0.0,0.09,16.7,0.172,Napoli,40.8518,14.2681
2026-04-09T22:00,14.3,95,13.5,14.6,0.0,0.0,0.0,0.0,0.0,0,1017.0,1014.7,0,0,0,0,5.7,162,11.2,0.0,0.0,0.0,0.0,0.0,0.0,0.09,15.7,0.173,Napoli,40.8518,14.2681
2026-04-09T23:00,14.1,95,13.3,14.1,0.0,0.0,0.0,0.0,0.0,0,1017.0,1014.7,0,0,0,0,7.2,168,14.0,0.0,0.0,0.0,0.0,0.0,0.0,0.09,15.0,0.174,Napoli,40.8518,14.2681
2026-04-10T00:00,14.0,96,13.3,13.8,0.0,0.0,0.0,0.0,0.0,0,1017.1,1014.8,0,0,0,0,8.3,174,16.6,0.0,0.0,0.0,0.0,0.0,0.0,0.07,14.5,0.174,Napoli,40.8518,14.2681
2026-04-10T01:00,13.7,96,13.1,13.6,0.0,0.0,0.0,0.0,0.0,0,1017.3,1015.0,2,2,0,0,7.8,167,17.3,0.0,0.0,0.0,0.0,0.0,0.0,0.06,14.1,0.175,Napoli,40.8518,14.2681
2026-04-10T02:00,13.4,97,12.9,13.1,0.0,0.0,0.0,0.0,0.0,0,1017.2,1014.9,16,16,0,0,8.0,160,15.8,0.0,0.0,0.0,0.0,0.0,0.0,0.05,14.8,0.179,Napoli,40.8518,14.2681
2026-04-10T03:00,13.2,98,12.9,12.9,0.0,0.0,0.0,0.0,0.0,3,1016.9,1014.6,84,84,0,0,7.9,156,16.9,0.0,0.0,0.0,0.0,0.0,0.0,0.03,14.3,0.179,Napoli,40.8518,14.2681
2026-04-10T04:00,13.1,96,12.6,12.9,0.0,0.0,0.0,0.0,0.0,2,1016.6,1014.3,66,66,0,0,7.2,143,16.2,0.0,0.0,0.0,0.0,0.0,0.0,0.05,14.0,0.18,Napoli,40.8518,14.2681
2026-04-10T05:00,12.9,95,12.2,12.5,0.0,0.0,0.0,0.0,0.0,2,1016.2,1013.9,56,56,0,0,7.1,137,14.4,0.0,0.0,0.0,0.0,0.0,0.0,0.07,13.7,0.18,Napoli,40.8518,14.2681
2026-04-10T06:00,12.7,95,12.0,12.4,0.0,0.0,0.0,0.0,0.0,2,1016.1,1013.8,59,59,0,0,6.5,124,14.0,0.0,0.0,0.0,0.0,0.0,0.0,0.07,13.4,0.181,Napoli,40.8518,14.2681
2026-04-10T07:00,12.4,95,11.6,12.0,0.0,0.0,0.0,0.0,0.0,2,1016.2,1013.9,66,66,0,0,5.4,88,12.6,5.0,0.0,5.0,0.0,0.0,0.0,0.07,13.2,0.182,Napoli,40.8518,14.2681
2026-04-10T08:00,12.6,95,11.8,12.4,0.0,0.0,0.0,0.0,0.0,3,1016.4,1014.1,80,80,0,0,4.9,82,14.0,94.0,32.0,62.0,184.2,3600.0,0.04,0.08,13.6,0.181,Napoli,40.8518,14.2681
2026-04-10T09:00,14.0,89,12.2,14.0,0.0,0.0,0.0,0.0,0.0,1,1016.9,1014.6,48,48,0,0,4.7,108,14.4,256.0,127.0,129.0,349.7,3600.0,0.12,0.18,14.3,0.181,Napoli,40.8518,14.2681
2026-04-10T10:00,15.7,79,12.2,15.4,0.0,0.0,0.0,0.0,0.0,2,1017.4,1015.1,53,53,0,0,6.8,151,19.8,461.0,310.0,151.0,580.5,3600.0,0.23,0.37,15.6,0.18,Napoli,40.8518,14.2681
2026-04-10T11:00,16.9,73,12.0,16.6,0.0,0.0,0.0,0.0,0.0,1,1017.5,1015.2,45,45,0,0,8.4,170,24.8,598.0,410.0,188.0,607.7,3600.0,0.32,0.53,17.0,0.178,Napoli,40.8518,14.2681
2026-04-10T12:00,17.4,73,12.5,17.6,0.0,0.0,0.0,0.0,0.0,0,1017.4,1015.1,9,9,0,1,10.5,172,29.2,725.0,529.0,196.0,682.1,3600.0,0.38,0.54,18.4,0.176,Napoli,40.8518,14.2681
2026-04-10T13:00,17.7,72,12.5,18.2,0.0,0.0,0.0,0.0,0.0,0,1017.1,1014.8,0,0,0,0,11.9,178,32.0,826.0,664.0,162.0,800.3,3600.0,0.43,0.57,19.5,0.172,Napoli,40.8518,14.2681
2026-04-10T14:00,18.2,71,12.7,19.0,0.0,0.0,0.0,0.0,0.0,0,1016.8,1014.5,0,0,0,0,11.4,183,32.4,837.0,688.0,149.0,825.3,3600.0,0.45,0.61,20.4,0.169,Napoli,40.8518,14.2681
2026-04-10T15:00,18.1,70,12.6,18.5,0.0,0.0,0.0,0.0,0.0,0,1016.3,1014.0,0,0,0,0,11.7,178,32.0,781.0,636.0,145.0,808.2,3600.0,0.41,0.61,21.0,0.166,Napoli,40.8518,14.2681
2026-04-10T16:00,17.9,70,12.3,17.6,0.0,0.0,0.0,0.0,0.0,0,1016.0,1013.7,0,0,0,0,11.5,177,31.3,672.0,538.0,134.0,776.4,3600.0,0.36,0.62,21.1,0.163,Napoli,40.8518,14.2681
2026-04-10T17:00,17.4,74,12.8,16.5,0.0,0.0,0.0,0.0,0.0,0,1015.6,1013.3,14,0,0,14,11.5,176,30.2,511.0,390.0,121.0,699.0,3600.0,0.27,0.51,20.8,0.161,Napoli,40.8518,14.2681
2026-04-10T18:00,16.7,79,13.0,15.9,0.0,0.0,0.0,0.0,0.0,3,1015.4,1013.1,100,0,0,100,11.7,181,29.2,324.0,223.0,101.0,570.1,3600.0,0.17,0.41,20.0,0.16,Napoli,40.8518,14.2681
2026-04-10T19:00,15.9,84,13.1,15.5,0.0,0.0,0.0,0.0,0.0,3,1015.3,1013.0,100,0,0,100,9.2,181,27.7,128.0,54.0,74.0,264.6,3600.0,0.07,0.29,18.8,0.16,Napoli,40.8518,14.2681
2026-04-10T20:00,15.5,87,13.3,15.3,0.0,0.0,0.0,0.0,0.0,3,1015.5,1013.2,99,0,0,99,8.5,181,19.8,13.0,2.0,11.0,27.4,0.0,0.01,0.23,18.4,0.157,Napoli,40.8518,14.2681
2026-04-10T21:00,15.4,88,13.4,15.5,0.0,0.0,0.0,0.0,0.0,3,1016.1,1013.8,100,0,0,100,7.0,170,17.6,0.0,0.0,0.0,0.0,0.0,0.0,0.22,17.2,0.157,Napoli,40.8518,14.2681
2026-04-10T22:00,15.1,89,13.3,15.3,0.0,0.0,0.0,0.0,0.0,3,1016.3,1014.0,97,0,0,97,5.7,171,14.8,0.0,0.0,0.0,0.0,0.0,0.0,0.19,16.3,0.158,Napoli,40.8518,14.2681
2026-04-10T23:00,14.5,90,12.9,14.8,0.0,0.0,0.0,0.0,0.0,3,1016.4,1014.1,88,0,0,88,4.0,170,12.2,0.0,0.0,0.0,0.0,0.0,0.0,0.16,15.4,0.158,Napoli,40.8518,14.2681
2026-04-11T00:00,14.1,91,12.6,14.2,0.0,0.0,0.0,0.0,0.0,3,1016.4,1014.1,83,0,0,83,4.3,156,9.7,0.0,0.0,0.0,0.0,0.0,0.0,0.14,14.6,0.159,Napoli,40.8518,14.2681
2026-04-11T01:00,13.5,92,12.2,13.6,0.0,0.0,0.0,0.0,0.0,0,1016.4,1014.1,15,0,0,15,4.1,131,10.1,0.0,0.0,0.0,0.0,0.0,0.0,0.13,14.0,0.159,Napoli,40.8518,14.2681
2026-04-11T02:00,12.4,92,11.2,12.1,0.0,0.0,0.0,0.0,0.0,1,1016.0,1013.7,21,0,0,21,4.1,88,8.6,0.0,0.0,0.0,0.0,0.0,0.0,0.11,13.3,0.162,Napoli,40.8518,14.2681
2026-04-11T03:00,11.7,91,10.3,11.2,0.0,0.0,0.0,0.0,0.0,0,1015.3,1013.0,1,0,0,1,4.0,87,8.6,0.0,0.0,0.0,0.0,0.0,0.0,0.13,12.7,0.163,Napoli,40.8518,14.2681
2026-04-11T04:00,11.3,89,9.5,10.9,0.0,0.0,0.0,0.0,0.0,0,1015.0,1012.7,0,0,0,0,2.0,63,7.6,0.0,0.0,0.0,0.0,0.0,0.0,0.15,12.1,0.164,Napoli,40.8518,14.2681
2026-04-11T05:00,10.6,89,8.8,9.6,0.0,0.0,0.0,0.0,0.0,0,1015.0,1012.7,0,0,0,0,4.1,34,6.8,0.0,0.0,0.0,0.0,0.0,0.0,0.15,11.5,0.164,Napoli,40.8518,14.2681
2026-04-11T06:00,10.3,88,8.4,9.1,0.0,0.0,0.0,0.0,0.0,0,1015.1,1012.8,12,0,0,12,5.0,30,10.4,0.0,0.0,0.0,0.0,0.0,0.0,0.15,11.1,0.165,Napoli,40.8518,14.2681
2026-04-11T07:00,10.3,86,8.0,9.0,0.0,0.0,0.0,0.0,0.0,0,1015.3,1013.0,0,0,0,0,5.3,35,9.7,7.0,1.0,6.0,16.7,0.0,0.0,0.18,10.8,0.165,Napoli,40.8518,14.2681
2026-04-11T08:00,11.9,82,8.9,10.9,0.0,0.0,0.0,0.0,0.0,0,1015.4,1013.1,0,0,0,0,4.8,25,12.6,114.0,56.0,58.0,313.5,3600.0,0.05,0.26,10.5,0.167,Napoli,40.8518,14.2681
2026-04-11T09:00,14.6,75,10.2,14.1,0.0,0.0,0.0,0.0,0.0,0,1015.5,1013.2,0,0,0,0,3.6,41,11.2,298.0,202.0,96.0,549.2,3600.0,0.15,0.42,12.1,0.166,Napoli,40.8518,14.2681
2026-04-11T10:00,16.9,62,9.5,16.2,0.0,0.0,0.0,0.0,0.0,0,1015.6,1013.3,12,0,0,12,3.6,53,14.0,488.0,369.0,119.0,685.4,3600.0,0.27,0.74,14.2,0.165,Napoli,40.8518,14.2681
2026-04-11T11:00,18.5,55,9.3,18.7,0.0,0.0,0.0,0.0,0.0,0,1015.7,1013.4,0,0,0,0,2.2,81,14.0,651.0,518.0,133.0,763.2,3600.0,0.38,0.96,16.4,0.163,Napoli,40.8518,14.2681
2026-04-11T12:00,19.9,50,9.3,20.9,0.0,0.0,0.0,0.0,0.0,0,1015.7,1013.5,0,0,0,0,2.3,162,14.0,771.0,629.0,142.0,807.1,3600.0,0.47,1.16,18.6,0.159,Napoli,40.8518,14.2681
2026-04-11T13:00,20.5,50,9.8,21.3,0.0,0.0,0.0,0.0,0.0,0,1015.2,1013.0,0,0,0,0,5.8,187,19.8,836.0,690.0,146.0,828.0,3600.0,0.51,1.2,20.3,0.156,Napoli,40.8518,14.2681
2026-04-11T14:00,20.6,54,11.0,21.1,0.0,0.0,0.0,0.0,0.0,0,1014.7,1012.5,0,0,0,0,10.0,193,28.1,841.0,695.0,146.0,830.4,3600.0,0.5,1.11,21.4,0.155,Napoli,40.8518,14.2681
2026-04-11T15:00,19.9,56,10.9,19.6,0.0,0.0,0.0,0.0,0.0,0,1014.4,1012.2,0,0,0,0,12.2,188,31.7,785.0,644.0,141.0,815.1,3600.0,0.46,1.02,21.9,0.151,Napoli,40.8518,14.2681
2026-04-11T16:00,19.1,64,12.1,18.8,0.0,0.0,0.0,0.0,0.0,0,1014.0,1011.8,0,0,0,0,11.6,184,31.7,674.0,541.0,133.0,777.3,3600.0,0.38,0.8,21.9,0.149,Napoli,40.8518,14.2681
2026-04-11T17:00,18.4,71,13.0,17.7,0.0,0.0,0.0,0.0,0.0,0,1013.8,1011.5,0,0,0,0,11.4,184,29.5,516.0,396.0,120.0,706.0,3600.0,0.28,0.62,21.6,0.147,Napoli,40.8518,14.2681
2026-04-11T18:00,17.6,76,13.3,17.3,0.0,0.0,0.0,0.0,0.0,0,1013.9,1011.6,1,0,1,0,9.0,186,28.4,328.0,228.0,100.0,578.3,3600.0,0.18,0.49,20.8,0.146,Napoli,40.8518,14.2681
2026-04-11T19:00,16.8,81,13.5,17.1,0.0,0.0,0.0,0.0,0.0,0,1013.8,1011.5,0,0,0,0,5.0,193,21.6,140.0,75.0,65.0,361.8,3600.0,0.07,0.36,19.6,0.146,Napoli,40.8518,14.2681
2026-04-11T20:00,15.9,87,13.7,16.8,0.0,0.0,0.0,0.0,0.0,0,1013.7,1011.4,0,0,0,0,1.9,139,11.5,15.0,3.0,12.0,40.2,0.0,0.0,0.23,18.4,0.141,Napoli,40.8518,14.2681
2026-04-11T21:00,15.2,87,13.0,15.6,0.0,0.0,0.0,0.0,0.0,0,1014.1,1011.8,7,0,0,7,3.0,123,7.2,0.0,0.0,0.0,0.0,0.0,0.0,0.23,17.1,0.141,Napoli,40.8518,14.2681
2026-04-11T22:00,14.9,84,12.2,15.2,0.0,0.0,0.0,0.0,0.0,1,1013.9,1011.6,43,0,0,43,2.3,72,7.2,0.0,0.0,0.0,0.0,0.0,0.0,0.27,15.9,0.142,Napoli,40.8518,14.2681
2026-04-11T23:00,14.8,82,11.8,15.2,0.0,0.0,0.0,0.0,0.0,3,1014.0,1011.7,100,0,0,100,0.4,360,6.1,0.0,0.0,0.0,0.0,0.0,0.0,0.3,15.0,0.143,Napoli,40.8518,14.2681
2026-04-12T00:00,14.3,84,11.5,14.3,0.0,0.0,0.0,0.0,0.0,2,1014.9,1012.6,73,0,0,73,2.8,230,6.5,0.0,0.0,0.0,0.0,0.0,0.0,0.27,14.2,0.143,Napoli,40.8518,14.2681
2026-04-12T01:00,13.9,85,11.4,13.7,0.0,0.0,0.0,0.0,0.0,0,1015.3,1013.0,0,0,0,0,4.1,182,9.7,0.0,0.0,0.0,0.0,0.0,0.0,0.24,13.5,0.144,Napoli,40.8518,14.2681
2026-04-12T02:00,12.9,90,11.4,12.8,0.0,0.0,0.0,0.0,0.0,0,1014.9,1012.6,19,0,0,19,3.8,98,11.5,0.0,0.0,0.0,0.0,0.0,0.0,0.14,11.7,0.151,Napoli,40.8518,14.2681
2026-04-12T03:00,12.5,88,10.6,11.8,0.0,0.0,0.0,0.0,0.0,3,1014.0,1011.7,89,0,0,89,6.0,63,13.0,0.0,0.0,0.0,0.0,0.0,0.0,0.17,11.5,0.152,Napoli,40.8518,14.2681
2026-04-12T04:00,11.5,88,9.5,10.7,0.0,0.0,0.0,0.0,0.0,3,1013.2,1010.9,99,0,0,99,4.5,43,13.0,0.0,0.0,0.0,0.0,0.0,0.0,0.17,11.3,0.152,Napoli,40.8518,14.2681
2026-04-12T05:00,10.8,87,8.6,10.0,0.0,0.0,0.0,0.0,0.0,3,1012.9,1010.6,89,0,0,89,2.5,21,10.1,0.0,0.0,0.0,0.0,0.0,0.0,0.17,10.9,0.153,Napoli,40.8518,14.2681
2026-04-12T06:00,10.5,86,8.2,9.4,0.0,0.0,0.0,0.0,0.0,0,1012.6,1010.3,13,0,0,13,4.1,29,8.3,0.0,0.0,0.0,0.0,0.0,0.0,0.18,10.6,0.154,Napoli,40.8518,14.2681
2026-04-12T07:00,10.3,84,7.7,9.1,0.0,0.0,0.0,0.0,0.0,3,1012.4,1010.1,98,0,0,98,4.1,38,9.7,8.0,1.0,7.0,16.0,0.0,0.0,0.2,10.3,0.154,Napoli,40.8518,14.2681
2026-04-12T08:00,12.2,78,8.4,11.1,0.0,0.0,0.0,0.0,0.0,3,1013.0,1010.7,98,0,0,98,4.3,33,10.8,110.0,38.0,72.0,207.2,3600.0,0.05,0.31,9.8,0.157,Napoli,40.8518,14.2681
2026-04-12T09:00,14.6,73,9.8,13.8,0.0,0.0,0.0,0.0,0.0,2,1013.0,1010.7,52,0,0,52,5.1,51,13.7,286.0,159.0,127.0,427.0,3600.0,0.14,0.45,11.5,0.157,Napoli,40.8518,14.2681
2026-04-12T10:00,18.2,65,11.5,17.8,0.0,0.0,0.0,0.0,0.0,3,1013.0,1010.7,99,0,0,99,5.7,55,17.3,500.0,368.0,132.0,678.1,3600.0,0.28,0.73,14.0,0.156,Napoli,40.8518,14.2681
2026-04-12T11:00,20.3,55,11.1,19.9,0.0,0.0,0.0,0.0,0.0,3,1013.1,1010.9,100,0,0,100,4.8,59,16.6,505.0,218.0,287.0,319.3,3600.0,0.32,1.06,16.0,0.154,Napoli,40.8518,14.2681
2026-04-12T12:00,22.3,44,9.6,22.2,0.0,0.0,0.0,0.0,0.0,3,1012.7,1010.5,89,0,0,89,3.8,98,15.8,634.0,308.0,326.0,393.3,3600.0,0.41,1.5,18.2,0.152,Napoli,40.8518,14.2681
2026-04-12T13:00,23.5,38,8.2,23.8,0.0,0.0,0.0,0.0,0.0,3,1012.0,1009.8,100,0,0,100,5.3,152,19.1,807.0,590.0,217.0,705.1,3600.0,0.53,1.8,20.3,0.148,Napoli,40.8518,14.2681
2026-04-12T14:00,23.3,36,7.5,23.0,0.0,0.0,0.0,0.0,0.0,3,1011.2,1009.0,100,0,0,100,4.1,124,21.2,704.0,351.0,353.0,417.7,3600.0,0.47,1.82,21.6,0.149,Napoli,40.8518,14.2681
2026-04-12T15:00,23.4,39,8.8,23.0,0.0,0.0,0.0,0.0,0.0,3,1010.5,1008.3,100,0,1,100,2.7,143,15.1,599.0,245.0,354.0,308.9,3600.0,0.4,1.74,22.3,0.146,Napoli,40.8518,14.2681
2026-04-12T16:00,23.1,46,11.0,23.2,0.0,0.0,0.0,0.0,0.0,3,1009.9,1007.7,100,0,39,100,1.5,159,12.6,499.0,176.0,323.0,251.8,3600.0,0.33,1.52,22.7,0.144,Napoli,40.8518,14.2681
2026-04-12T17:00,22.7,54,12.9,23.1,0.0,0.0,0.0,0.0,0.0,3,1009.2,1007.0,100,0,77,100,3.5,55,11.2,309.0,51.0,258.0,90.4,913.03,0.22,1.27,22.4,0.142,Napoli,40.8518,14.2681
2026-04-12T18:00,21.6,60,13.4,22.1,0.0,0.0,0.0,0.0,0.0,3,1008.5,1006.3,100,0,21,100,4.1,61,13.0,110.0,2.0,108.0,5.0,0.0,0.1,1.04,21.4,0.142,Napoli,40.8518,14.2681
2026-04-12T19:00,21.0,56,11.9,20.6,0.0,0.0,0.0,0.0,0.0,3,1007.5,1005.3,100,0,5,99,6.2,52,15.1,93.0,8.0,85.0,38.0,0.0,0.09,1.09,20.4,0.142,Napoli,40.8518,14.2681
2026-04-12T20:00,20.0,62,12.6,19.6,0.0,0.0,0.0,0.0,0.0,3,1007.4,1005.2,100,0,79,100,8.4,43,16.6,12.0,0.0,12.0,0.0,0.0,0.05,0.88,19.7,0.141,Napoli,40.8518,14.2681
2026-04-12T21:00,19.2,73,14.3,19.2,0.0,0.0,0.0,0.0,0.0,3,1007.5,1005.3,100,0,3,100,10.0,49,22.3,0.0,0.0,0.0,0.0,0.0,0.03,0.59,18.7,0.141,Napoli,40.8518,14.2681
2026-04-12T22:00,18.7,76,14.3,18.3,0.0,0.0,0.0,0.0,0.0,3,1007.1,1004.9,98,0,52,98,12.4,50,33.8,0.0,0.0,0.0,0.0,0.0,0.03,0.52,18.1,0.141,Napoli,40.8518,14.2681
2026-04-12T23:00,17.8,77,13.7,17.3,0.0,0.0,0.0,0.0,0.0,3,1006.7,1004.5,100,0,100,96,11.8,54,28.1,0.0,0.0,0.0,0.0,0.0,0.02,0.47,17.4,0.142,Napoli,40.8518,14.2681
2026-04-13T00:00,17.3,77,13.2,16.6,0.0,0.0,0.0,0.0,0.0,3,1006.6,1004.4,100,0,100,100,11.5,48,26.3,0.0,0.0,0.0,0.0,0.0,0.02,0.45,17.0,0.142,Napoli,40.8518,14.2681
2026-04-13T01:00,16.8,76,12.6,16.4,0.0,0.0,0.0,0.0,0.0,1,1006.4,1004.2,38,0,18,31,8.1,58,24.8,0.0,0.0,0.0,0.0,0.0,0.01,0.45,16.5,0.142,Napoli,40.8518,14.2681
2026-04-13T02:00,15.9,77,11.8,15.0,0.0,0.0,0.0,0.0,0.0,3,1005.6,1003.3,91,0,88,38,9.8,60,20.9,0.0,0.0,0.0,0.0,0.0,0.02,0.42,18.7,0.144,Napoli,40.8518,14.2681
2026-04-13T03:00,16.2,79,12.7,16.5,0.0,0.0,0.0,0.0,0.0,3,1005.3,1003.0,87,0,40,77,3.5,111,21.6,0.0,0.0,0.0,0.0,0.0,0.0,0.38,17.7,0.144,Napoli,40.8518,14.2681
2026-04-13T04:00,14.9,84,12.2,15.2,0.0,0.0,0.0,0.0,0.0,1,1004.7,1002.4,36,0,0,36,2.6,78,13.0,0.0,0.0,0.0,0.0,0.0,0.0,0.27,16.4,0.145,Napoli,40.8518,14.2681
2026-04-13T05:00,14.8,84,12.0,14.7,0.0,0.0,0.0,0.0,0.0,1,1004.5,1002.2,21,0,0,21,4.5,67,13.3,0.0,0.0,0.0,0.0,0.0,0.0,0.28,15.5,0.145,Napoli,40.8518,14.2681
2026-04-13T06:00,13.8,85,11.3,13.3,0.0,0.0,0.0,0.0,0.0,1,1004.3,1002.0,31,0,20,14,5.9,43,14.8,0.0,0.0,0.0,0.0,0.0,0.0,0.24,14.8,0.146,Napoli,40.8518,14.2681
2026-04-13T07:00,12.9,86,10.6,12.3,0.0,0.0,0.0,0.0,0.0,1,1004.5,1002.2,20,0,17,2,5.7,37,14.8,9.0,1.0,8.0,15.4,0.0,0.01,0.21,14.2,0.146,Napoli,40.8518,14.2681
2026-04-13T08:00,15.9,77,11.9,15.2,0.0,0.0,0.0,0.0,0.0,1,1004.7,1002.4,45,0,4,43,8.7,132,19.1,113.0,47.0,66.0,249.8,3600.0,0.07,0.41,16.4,0.144,Napoli,40.8518,14.2681
2026-04-13T09:00,17.9,67,11.7,16.4,0.0,0.0,0.0,0.0,0.0,0,1004.6,1002.4,5,0,5,0,13.2,133,31.7,300.0,197.0,103.0,522.7,3600.0,0.18,0.67,17.0,0.144,Napoli,40.8518,14.2681
2026-04-13T10:00,19.3,57,10.5,16.4,0.0,0.0,0.0,0.0,0.0,0,1004.6,1002.4,0,0,0,0,20.6,142,48.6,488.0,364.0,124.0,665.5,3600.0,0.3,0.96,18.0,0.142,Napoli,40.8518,14.2681
2026-04-13T11:00,19.8,54,10.3,16.7,0.0,0.0,0.0,0.0,0.0,0,1004.5,1002.3,0,0,0,0,25.4,147,60.8,652.0,517.0,135.0,752.9,3600.0,0.39,1.06,19.1,0.139,Napoli,40.8518,14.2681
2026-04-13T12:00,19.9,57,11.2,17.0,0.0,0.0,0.0,0.0,0.0,0,1004.5,1002.3,7,1,6,0,28.9,153,68.4,769.0,626.0,143.0,795.7,3600.0,0.43,1.0,20.0,0.136,Napoli,40.8518,14.2681
2026-04-13T13:00,20.2,58,11.8,18.1,0.0,0.0,0.0,0.0,0.0,1,1004.2,1002.0,23,0,23,0,26.3,149,69.1,821.0,660.0,161.0,785.5,3600.0,0.46,0.98,20.9,0.134,Napoli,40.8518,14.2681
2026-04-13T14:00,19.7,59,11.5,17.3,0.0,0.0,0.0,0.0,0.0,0,1004.3,1002.1,2,0,2,0,27.0,149,63.0,803.0,614.0,189.0,728.0,3600.0,0.44,0.94,21.6,0.137,Napoli,40.8518,14.2681
2026-04-13T15:00,19.2,65,12.4,17.0,0.5,0.5,0.0,0.0,0.0,53,1004.2,1002.0,97,0,97,0,24.1,153,63.4,678.0,469.0,209.0,589.0,3600.0,0.37,0.79,21.7,0.14,Napoli,40.8518,14.2681
2026-04-13T16:00,18.2,77,14.1,17.0,4.2,4.2,0.0,0.0,0.0,63,1004.2,1002.0,9,0,9,0,17.1,155,56.5,408.0,166.0,242.0,236.5,3600.0,0.23,0.48,20.5,0.194,Napoli,40.8518,14.2681
2026-04-13T17:00,18.5,74,13.7,16.7,0.0,0.0,0.0,0.0,0.0,0,1003.9,1001.7,0,0,0,0,20.1,160,48.6,445.0,300.0,145.0,529.2,3600.0,0.24,0.56,20.3,0.191,Napoli,40.8518,14.2681
2026-04-13T18:00,17.9,78,14.1,16.7,0.0,0.0,0.0,0.0,0.0,0,1004.0,1001.8,9,9,0,0,17.3,167,47.2,327.0,222.0,105.0,554.5,3600.0,0.17,0.44,19.8,0.19,Napoli,40.8518,14.2681
2026-04-13T19:00,16.8,85,14.4,16.3,0.0,0.0,0.0,0.0,0.0,1,1004.3,1002.1,29,29,1,0,13.4,165,40.7,139.0,70.0,69.0,327.7,3600.0,0.07,0.28,18.9,0.189,Napoli,40.8518,14.2681
2026-04-13T20:00,15.2,92,13.9,14.8,0.1,0.1,0.0,0.0,0.0,51,1004.8,1002.5,95,85,66,19,11.3,172,35.3,14.0,3.0,11.0,38.6,0.0,0.01,0.13,18.8,0.184,Napoli,40.8518,14.2681
2026-04-13T21:00,16.1,91,14.7,16.4,0.0,0.0,0.0,0.0,0.0,2,1005.4,1003.1,52,33,25,21,8.1,162,23.8,0.0,0.0,0.0,0.0,0.0,0.0,0.16,17.7,0.185,Napoli,40.8518,14.2681
2026-04-13T22:00,15.6,90,14.0,16.2,0.6,0.6,0.0,0.0,0.0,53,1006.0,1003.7,70,30,52,13,5.0,150,18.0,0.0,0.0,0.0,0.0,0.0,0.0,0.18,16.9,0.192,Napoli,40.8518,14.2681
2026-04-13T23:00,15.2,91,13.7,14.8,0.2,0.2,0.0,0.0,0.0,51,1006.6,1004.3,100,100,4,3,10.4,132,20.9,0.0,0.0,0.0,0.0,0.0,0.0,0.15,16.3,0.195,Napoli,40.8518,14.2681
2026-04-14T00:00,14.9,95,14.1,14.4,0.4,0.4,0.0,0.0,0.0,51,1007.2,1004.9,100,100,29,28,12.2,149,25.6,0.0,0.0,0.0,0.0,0.0,0.0,0.08,15.8,0.199,Napoli,40.8518,14.2681
2026-04-14T01:00,15.2,93,14.1,14.6,0.0,0.0,0.0,0.0,0.0,2,1007.3,1005.0,52,32,36,19,12.7,151,25.6,0.0,0.0,0.0,0.0,0.0,0.0,0.11,15.5,0.2,Napoli,40.8518,14.2681
2026-04-14T02:00,15.6,90,14.0,15.0,0.3,0.3,0.0,0.0,0.0,51,1007.6,1005.3,59,28,31,40,13.1,157,32.8,0.0,0.0,0.0,0.0,0.0,0.0,0.18,17.2,0.133,Napoli,40.8518,14.2681
2026-04-14T03:00,15.6,90,14.0,14.5,0.2,0.2,0.0,0.0,0.0,51,1007.4,1005.1,52,38,12,19,16.4,167,34.6,0.0,0.0,0.0,0.0,0.0,0.01,0.17,16.5,0.135,Napoli,40.8518,14.2681
2026-04-14T04:00,15.7,89,13.9,14.4,0.0,0.0,0.0,0.0,0.0,1,1007.8,1005.5,44,31,10,9,17.8,168,38.2,0.0,0.0,0.0,0.0,0.0,0.01,0.2,16.1,0.136,Napoli,40.8518,14.2681
2026-04-14T05:00,15.7,90,14.1,14.2,0.1,0.1,0.0,0.0,0.0,51,1007.9,1005.6,88,15,13,84,18.9,166,40.7,0.0,0.0,0.0,0.0,0.0,0.01,0.17,15.8,0.138,Napoli,40.8518,14.2681
2026-04-14T06:00,15.4,91,13.9,13.8,0.3,0.3,0.0,0.0,0.0,51,1008.1,1005.8,88,15,9,85,19.4,163,41.4,0.0,0.0,0.0,0.0,0.0,0.01,0.16,15.6,0.142,Napoli,40.8518,14.2681
2026-04-14T07:00,15.3,91,13.8,13.8,0.1,0.1,0.0,0.0,0.0,51,1008.5,1006.2,51,33,30,3,18.5,159,41.0,9.0,1.0,8.0,14.9,0.0,0.02,0.16,15.4,0.143,Napoli,40.8518,14.2681
2026-04-14T08:00,16.0,85,13.5,14.5,0.2,0.2,0.0,0.0,0.0,51,1009.2,1006.9,82,69,34,16,17.2,162,39.6,81.0,29.0,52.0,150.4,2710.83,0.06,0.27,16.2,0.145,Napoli,40.8518,14.2681
2026-04-14T09:00,16.5,82,13.5,15.2,0.2,0.2,0.0,0.0,0.0,51,1009.4,1007.1,57,41,15,14,16.5,155,38.5,210.0,86.0,124.0,225.5,3600.0,0.12,0.33,16.5,0.146,Napoli,40.8518,14.2681
2026-04-14T10:00,17.5,77,13.4,16.1,0.1,0.1,0.0,0.0,0.0,51,1009.9,1007.6,59,31,4,40,16.6,158,40.3,423.0,258.0,165.0,468.1,3600.0,0.22,0.46,17.4,0.147,Napoli,40.8518,14.2681
2026-04-14T11:00,17.8,76,13.5,16.2,0.1,0.1,0.0,0.0,0.0,51,1010.6,1008.3,20,19,5,0,18.5,165,44.6,529.0,315.0,214.0,456.1,3600.0,0.27,0.49,18.3,0.146,Napoli,40.8518,14.2681
2026-04-14T12:00,18.2,73,13.2,17.0,0.1,0.1,0.0,0.0,0.0,51,1011.0,1008.8,13,12,5,0,20.1,168,48.6,698.0,503.0,195.0,636.4,3600.0,0.35,0.57,19.4,0.145,Napoli,40.8518,14.2681
2026-04-14T13:00,18.4,73,13.5,17.7,0.0,0.0,0.0,0.0,0.0,3,1011.1,1008.9,88,3,2,88,19.8,172,50.0,783.0,594.0,189.0,704.1,3600.0,0.39,0.56,20.3,0.143,Napoli,40.8518,14.2681
2026-04-14T14:00,18.4,73,13.4,18.8,0.0,0.0,0.0,0.0,0.0,3,1011.3,1009.1,81,2,1,81,13.2,185,48.6,793.0,582.0,211.0,687.4,3600.0,0.42,0.57,21.0,0.149,Napoli,40.8518,14.2681
2026-04-14T15:00,18.5,72,13.4,18.9,0.0,0.0,0.0,0.0,0.0,0,1011.0,1008.8,8,2,0,6,12.5,195,34.6,756.0,575.0,181.0,719.3,3600.0,0.4,0.59,21.7,0.146,Napoli,40.8518,14.2681
2026-04-14T16:00,18.8,71,13.5,19.7,0.0,0.0,0.0,0.0,0.0,1,1010.3,1008.1,35,1,0,34,6.4,191,33.1,661.0,515.0,146.0,730.6,3600.0,0.37,0.63,22.0,0.144,Napoli,40.8518,14.2681
2026-04-14T17:00,19.4,70,13.7,20.1,0.0,0.0,0.0,0.0,0.0,3,1009.5,1007.3,95,0,0,95,3.2,153,19.8,493.0,354.0,139.0,621.2,3600.0,0.29,0.68,22.1,0.142,Napoli,40.8518,14.2681
2026-04-14T18:00,18.9,73,14.1,19.5,0.0,0.0,0.0,0.0,0.0,2,1009.6,1007.4,59,0,0,59,5.0,180,14.8,304.0,171.0,133.0,423.9,3600.0,0.17,0.58,21.6,0.141,Napoli,40.8518,14.2681
2026-04-14T19:00,17.7,81,14.3,18.1,0.0,0.0,0.0,0.0,0.0,2,1009.9,1007.6,59,0,0,59,6.3,215,15.5,135.0,58.0,77.0,267.5,3600.0,0.07,0.39,20.5,0.14,Napoli,40.8518,14.2681
2026-04-14T20:00,17.6,84,15.0,18.5,0.0,0.0,0.0,0.0,0.0,3,1009.6,1007.3,98,0,0,98,5.1,297,13.3,16.0,3.0,13.0,37.8,0.0,0.01,0.31,19.8,0.134,Napoli,40.8518,14.2681
2026-04-14T21:00,17.0,83,14.1,16.9,0.0,0.0,0.0,0.0,0.0,3,1009.9,1007.6,100,0,0,100,9.2,318,19.1,0.0,0.0,0.0,0.0,0.0,0.01,0.32,18.7,0.134,Napoli,40.8518,14.2681
2026-04-14T22:00,16.6,82,13.5,16.2,0.0,0.0,0.0,0.0,0.0,3,1010.4,1008.1,100,0,0,100,10.6,326,22.0,0.0,0.0,0.0,0.0,0.0,0.01,0.35,17.8,0.135,Napoli,40.8518,14.2681
2026-04-14T23:00,17.1,78,13.2,16.6,0.0,0.0,0.0,0.0,0.0,3,1010.1,1007.8,100,0,12,100,10.0,351,24.1,0.0,0.0,0.0,0.0,0.0,0.02,0.43,17.2,0.135,Napoli,40.8518,14.2681
2026-04-15T00:00,17.7,73,12.7,16.7,0.0,0.0,0.0,0.0,0.0,3,1010.5,1008.2,100,3,95,99,12.4,51,28.4,0.0,0.0,0.0,0.0,0.0,0.03,0.55,16.8,0.135,Napoli,40.8518,14.2681
2026-04-15T01:00,15.1,95,14.3,15.0,5.5,5.5,0.0,0.0,0.0,63,1011.9,1009.6,100,16,98,98,10.1,137,43.9,0.0,0.0,0.0,0.0,0.0,0.0,0.08,16.4,0.207,Napoli,40.8518,14.2681
2026-04-15T02:00,14.1,92,12.7,13.6,4.4,4.4,0.0,0.0,0.0,63,1012.0,1009.7,66,13,59,11,9.2,23,20.5,0.0,0.0,0.0,0.0,0.0,0.0,0.14,17.0,0.205,Napoli,40.8518,14.2681
2026-04-15T03:00,14.7,89,12.9,13.3,0.5,0.5,0.0,0.0,0.0,53,1011.2,1008.9,38,6,33,2,16.1,40,34.2,0.0,0.0,0.0,0.0,0.0,0.01,0.19,16.1,0.212,Napoli,40.8518,14.2681
2026-04-15T04:00,14.9,88,13.0,13.6,0.2,0.2,0.0,0.0,0.0,51,1011.0,1008.7,98,21,45,95,15.5,36,34.9,0.0,0.0,0.0,0.0,0.0,0.01,0.2,15.6,0.214,Napoli,40.8518,14.2681
2026-04-15T05:00,15.3,86,13.0,14.4,0.0,0.0,0.0,0.0,0.0,1,1010.6,1008.3,23,2,2,20,12.7,51,33.1,0.0,0.0,0.0,0.0,0.0,0.01,0.25,15.3,0.214,Napoli,40.8518,14.2681
2026-04-15T06:00,15.0,86,12.6,14.1,0.0,0.0,0.0,0.0,0.0,3,1010.6,1008.3,97,11,14,96,11.4,53,28.4,0.0,0.0,0.0,0.0,0.0,0.01,0.24,15.0,0.214,Napoli,40.8518,14.2681
2026-04-15T07:00,15.3,83,12.5,14.0,0.0,0.0,0.0,0.0,0.0,3,1010.7,1008.4,95,5,3,95,14.6,60,31.3,10.0,1.0,9.0,14.4,0.0,0.03,0.29,14.8,0.214,Napoli,40.8518,14.2681
2026-04-15T08:00,16.5,78,12.6,15.0,0.0,0.0,0.0,0.0,0.0,2,1011.3,1009.0,55,6,1,52,15.9,62,34.9,89.0,23.0,66.0,116.4,1692.62,0.08,0.41,16.2,0.211,Napoli,40.8518,14.2681
2026-04-15T09:00,17.9,73,13.1,16.5,0.0,0.0,0.0,0.0,0.0,1,1011.4,1009.1,37,2,2,35,16.5,51,39.2,305.0,198.0,107.0,513.2,3600.0,0.17,0.55,16.8,0.209,Napoli,40.8518,14.2681
2026-04-15T10:00,19.3,69,13.5,18.0,0.0,0.0,0.0,0.0,0.0,2,1011.8,1009.6,59,4,0,58,16.6,60,40.7,483.0,341.0,142.0,614.1,3600.0,0.27,0.68,17.8,0.207,Napoli,40.8518,14.2681
2026-04-15T11:00,20.5,64,13.3,19.4,0.0,0.0,0.0,0.0,0.0,1,1011.8,1009.6,21,2,0,20,17.9,60,44.6,640.0,475.0,165.0,683.9,3600.0,0.37,0.88,19.1,0.203,Napoli,40.8518,14.2681
2026-04-15T12:00,21.6,59,13.3,21.4,0.0,0.0,0.0,0.0,0.0,1,1011.8,1009.6,26,7,0,20,16.3,59,44.3,760.0,603.0,157.0,759.5,3600.0,0.46,1.05,20.3,0.198,Napoli,40.8518,14.2681
2026-04-15T13:00,22.6,53,12.6,22.5,0.0,0.0,0.0,0.0,0.0,1,1011.5,1009.3,23,2,2,21,16.6,64,42.1,838.0,680.0,158.0,802.9,3600.0,0.52,1.28,21.5,0.193,Napoli,40.8518,14.2681
2026-04-15T14:00,22.6,45,10.2,21.1,0.0,0.0,0.0,0.0,0.0,1,1012.0,1009.8,43,3,29,17,19.6,77,42.1,830.0,662.0,168.0,779.0,3600.0,0.54,1.49,21.7,0.258,Napoli,40.8518,14.2681
2026-04-15T15:00,22.9,44,9.9,21.7,0.0,0.0,0.0,0.0,0.0,0,1011.6,1009.4,18,0,9,9,14.5,55,45.7,716.0,518.0,198.0,645.6,3600.0,0.49,1.57,22.0,0.251,Napoli,40.8518,14.2681
2026-04-15T16:00,22.8,48,11.3,22.0,0.0,0.0,0.0,0.0,0.0,1,1011.4,1009.2,21,2,14,8,12.0,37,35.6,641.0,484.0,157.0,683.8,3600.0,0.43,1.44,22.3,0.246,Napoli,40.8518,14.2681
2026-04-15T17:00,21.3,57,12.4,20.0,0.4,0.4,0.0,0.0,0.0,51,1011.6,1009.4,84,30,39,72,13.7,60,33.5,480.0,333.0,147.0,581.4,3600.0,0.31,1.09,22.0,0.246,Napoli,40.8518,14.2681
2026-04-15T18:00,20.8,61,13.0,19.3,0.0,0.0,0.0,0.0,0.0,1,1012.4,1010.2,31,2,11,23,16.7,49,36.7,277.0,143.0,134.0,351.9,3600.0,0.21,0.96,21.3,0.243,Napoli,40.8518,14.2681
2026-04-15T19:00,18.8,68,12.8,17.2,0.0,0.0,0.0,0.0,0.0,2,1012.3,1010.1,50,0,11,45,16.8,52,43.9,135.0,62.0,73.0,281.9,3600.0,0.12,0.7,20.2,0.241,Napoli,40.8518,14.2681
2026-04-15T20:00,18.0,71,12.6,16.3,0.0,0.0,0.0,0.0,0.0,2,1013.0,1010.7,79,8,0,77,16.9,59,36.4,17.0,4.0,13.0,49.4,95.76,0.06,0.6,20.1,0.226,Napoli,40.8518,14.2681
2026-04-15T21:00,17.4,74,12.6,15.9,0.0,0.0,0.0,0.0,0.0,1,1013.4,1011.1,23,13,0,11,15.7,45,37.8,0.0,0.0,0.0,0.0,0.0,0.04,0.52,18.8,0.225,Napoli,40.8518,14.2681
2026-04-15T22:00,16.9,76,12.6,15.5,0.0,0.0,0.0,0.0,0.0,1,1013.9,1011.6,26,13,1,13,14.5,45,36.7,0.0,0.0,0.0,0.0,0.0,0.03,0.47,17.9,0.224,Napoli,40.8518,14.2681
2026-04-15T23:00,16.6,77,12.5,15.5,0.0,0.0,0.0,0.0,0.0,1,1014.1,1011.8,32,6,2,26,13.0,45,33.5,0.0,0.0,0.0,0.0,0.0,0.03,0.44,17.2,0.224,Napoli,40.8518,14.2681
2026-04-16T00:00,16.1,79,12.4,15.1,0.0,0.0,0.0,0.0,0.0,0,1014.6,1012.3,4,3,0,2,11.8,46,29.5,0.0,0.0,0.0,0.0,0.0,0.02,0.39,16.6,0.223,Napoli,40.8518,14.2681
2026-04-16T01:00,15.5,80,12.2,14.7,0.0,0.0,0.0,0.0,0.0,0,1014.8,1012.5,8,3,2,4,10.2,51,27.0,0.0,0.0,0.0,0.0,0.0,0.01,0.34,16.0,0.223,Napoli,40.8518,14.2681
2026-04-16T02:00,16.0,78,12.2,14.8,0.0,0.0,0.0,0.0,0.0,0,1014.7,1012.4,14,3,5,5,12.6,46,23.0,0.0,0.0,0.0,0.0,0.0,0.02,0.4,17.9,0.238,Napoli,40.8518,14.2681
2026-04-16T03:00,15.9,78,12.1,14.6,0.0,0.0,0.0,0.0,0.0,3,1014.3,1012.0,100,1,22,100,13.0,42,30.2,0.0,0.0,0.0,0.0,0.0,0.02,0.4,17.1,0.238,Napoli,40.8518,14.2681
2026-04-16T04:00,15.8,77,11.8,14.4,0.0,0.0,0.0,0.0,0.0,3,1014.4,1012.1,100,0,55,100,13.3,36,30.6,0.0,0.0,0.0,0.0,0.0,0.03,0.41,16.4,0.237,Napoli,40.8518,14.2681
2026-04-16T05:00,15.7,77,11.7,14.2,0.0,0.0,0.0,0.0,0.0,1,1014.3,1012.0,40,0,38,3,13.7,35,31.3,0.0,0.0,0.0,0.0,0.0,0.03,0.41,16.0,0.236,Napoli,40.8518,14.2681
2026-04-16T06:00,15.4,78,11.6,13.9,0.0,0.0,0.0,0.0,0.0,1,1014.4,1012.1,43,1,43,0,13.7,38,31.7,0.0,0.0,0.0,0.0,0.0,0.02,0.39,15.5,0.236,Napoli,40.8518,14.2681
2026-04-16T07:00,15.5,77,11.6,13.8,0.0,0.0,0.0,0.0,0.0,3,1015.0,1012.7,84,0,44,71,14.9,38,33.8,11.0,2.0,9.0,27.8,0.0,0.04,0.4,15.3,0.236,Napoli,40.8518,14.2681
2026-04-16T08:00,16.7,73,11.9,14.7,0.0,0.0,0.0,0.0,0.0,3,1015.4,1013.1,85,4,42,73,17.1,51,36.7,118.0,43.0,75.0,212.6,3600.0,0.09,0.51,16.7,0.235,Napoli,40.8518,14.2681
2026-04-16T09:00,17.8,71,12.5,16.5,0.0,0.0,0.0,0.0,0.0,1,1015.5,1013.2,48,2,45,4,13.9,49,42.8,275.0,151.0,124.0,387.0,3600.0,0.17,0.58,17.1,0.233,Napoli,40.8518,14.2681
2026-04-16T10:00,18.8,69,13.0,17.9,0.0,0.0,0.0,0.0,0.0,2,1015.9,1013.6,66,1,51,30,12.6,52,35.3,437.0,279.0,158.0,498.7,3600.0,0.25,0.67,18.0,0.23,Napoli,40.8518,14.2681
2026-04-16T11:00,19.7,64,12.6,18.8,0.1,0.1,0.0,0.0,0.0,51,1016.1,1013.9,66,1,26,54,12.6,62,34.2,580.0,381.0,199.0,545.6,3600.0,0.34,0.84,19.1,0.227,Napoli,40.8518,14.2681
2026-04-16T12:00,20.4,63,13.1,20.4,0.2,0.2,0.0,0.0,0.0,51,1016.1,1013.9,41,1,13,31,12.5,57,33.1,702.0,494.0,208.0,619.4,3600.0,0.42,0.89,20.2,0.226,Napoli,40.8518,14.2681
2026-04-16T13:00,21.6,58,13.0,22.0,0.0,0.0,0.0,0.0,0.0,3,1015.8,1013.6,84,5,34,76,11.6,62,36.0,772.0,544.0,228.0,639.8,3600.0,0.47,1.08,21.3,0.221,Napoli,40.8518,14.2681
2026-04-16T14:00,21.8,51,11.3,20.6,0.0,0.0,0.0,0.0,0.0,3,1015.8,1013.6,100,41,92,100,15.2,63,33.8,664.0,396.0,268.0,464.3,3600.0,0.44,1.27,21.9,0.22,Napoli,40.8518,14.2681
2026-04-16T15:00,20.7,59,12.4,19.4,0.0,0.0,0.0,0.0,0.0,3,1015.7,1013.5,80,2,66,40,13.9,65,37.1,345.0,71.0,274.0,88.2,844.99,0.26,0.99,21.4,0.216,Napoli,40.8518,14.2681
2026-04-16T16:00,20.7,61,13.0,20.5,0.0,0.0,0.0,0.0,0.0,3,1015.6,1013.4,100,13,100,5,7.8,85,34.9,424.0,156.0,268.0,219.5,3600.0,0.28,0.94,21.3,0.213,Napoli,40.8518,14.2681
2026-04-16T17:00,21.0,60,13.0,21.2,0.0,0.0,0.0,0.0,0.0,3,1015.3,1013.1,84,11,82,2,5.1,39,23.4,251.0,45.0,206.0,78.2,545.06,0.18,0.99,21.1,0.211,Napoli,40.8518,14.2681
2026-04-16T18:00,20.5,63,13.2,20.1,0.6,0.6,0.0,0.0,0.0,53,1015.5,1013.3,53,17,35,25,9.8,354,28.1,258.0,104.0,154.0,254.1,3600.0,0.18,0.89,20.9,0.216,Napoli,40.8518,14.2681
2026-04-16T19:00,19.0,76,14.6,18.9,0.0,0.0,0.0,0.0,0.0,1,1015.5,1013.2,38,5,34,5,10.7,335,26.3,96.0,29.0,67.0,130.0,2100.4,0.08,0.53,19.9,0.215,Napoli,40.8518,14.2681
2026-04-16T20:00,19.0,69,13.3,18.9,0.0,0.0,0.0,0.0,0.0,1,1015.5,1013.2,23,2,21,2,7.7,33,23.4,17.0,4.0,13.0,48.5,66.18,0.04,0.67,19.9,0.208,Napoli,40.8518,14.2681
2026-04-16T21:00,18.6,70,13.0,18.4,0.0,0.0,0.0,0.0,0.0,1,1016.0,1013.7,23,1,23,0,7.7,41,19.1,0.0,0.0,0.0,0.0,0.0,0.02,0.64,18.8,0.207,Napoli,40.8518,14.2681
2026-04-16T22:00,18.1,71,12.7,17.5,0.0,0.0,0.0,0.0,0.0,1,1016.4,1014.1,23,2,18,7,9.6,43,22.3,0.0,0.0,0.0,0.0,0.0,0.03,0.61,18.0,0.207,Napoli,40.8518,14.2681
2026-04-16T23:00,17.7,70,12.2,17.0,0.0,0.0,0.0,0.0,0.0,1,1016.4,1014.1,30,0,2,29,9.3,40,23.0,0.0,0.0,0.0,0.0,0.0,0.03,0.6,17.3,0.206,Napoli,40.8518,14.2681
2026-04-17T00:00,17.3,70,11.7,16.5,0.0,0.0,0.0,0.0,0.0,0,1016.4,1014.1,0,0,0,0,8.5,36,22.0,0.0,0.0,0.0,0.0,0.0,0.02,0.6,16.7,0.206,Napoli,40.8518,14.2681
2026-04-17T01:00,16.8,71,11.4,16.1,0.0,0.0,0.0,0.0,0.0,0,1016.5,1014.2,0,0,0,0,7.4,32,20.2,0.0,0.0,0.0,0.0,0.0,0.02,0.56,16.1,0.205,Napoli,40.8518,14.2681
2026-04-17T02:00,16.2,72,11.2,15.3,0.0,0.0,0.0,0.0,0.0,0,1016.1,1013.8,0,0,0,0,8.7,38,18.0,0.0,0.0,0.0,0.0,0.0,0.02,0.51,17.7,0.201,Napoli,40.8518,14.2681
2026-04-17T03:00,16.0,73,11.3,15.2,0.0,0.0,0.0,0.0,0.0,0,1016.0,1013.7,0,0,0,0,8.4,28,20.9,0.0,0.0,0.0,0.0,0.0,0.02,0.48,16.8,0.201,Napoli,40.8518,14.2681
2026-04-17T04:00,15.6,75,11.1,14.6,0.0,0.0,0.0,0.0,0.0,0,1015.9,1013.6,0,0,0,0,9.0,15,20.9,0.0,0.0,0.0,0.0,0.0,0.02,0.45,16.1,0.2,Napoli,40.8518,14.2681
2026-04-17T05:00,15.1,76,11.0,14.0,0.0,0.0,0.0,0.0,0.0,0,1015.6,1013.3,0,0,0,0,9.4,7,21.6,0.0,0.0,0.0,0.0,0.0,0.02,0.41,15.5,0.2,Napoli,40.8518,14.2681
2026-04-17T06:00,14.6,78,10.9,13.4,0.0,0.0,0.0,0.0,0.0,0,1015.5,1013.2,0,0,0,0,9.5,360,21.2,0.0,0.0,0.0,0.0,0.0,0.01,0.36,15.0,0.2,Napoli,40.8518,14.2681
2026-04-17T07:00,14.2,81,10.9,13.2,0.0,0.0,0.0,0.0,0.0,0,1015.8,1013.5,0,0,0,0,8.6,1,20.5,14.0,3.0,11.0,40.5,0.0,0.02,0.31,14.6,0.199,Napoli,40.8518,14.2681
2026-04-17T08:00,15.9,75,11.5,15.0,0.0,0.0,0.0,0.0,0.0,0,1015.7,1013.4,0,0,0,0,8.9,9,18.4,132.0,66.0,66.0,319.1,3600.0,0.08,0.45,15.9,0.198,Napoli,40.8518,14.2681
2026-04-17T09:00,18.1,70,12.6,18.1,0.0,0.0,0.0,0.0,0.0,0,1015.9,1013.6,3,0,0,3,5.5,27,19.1,315.0,212.0,103.0,537.3,3600.0,0.18,0.62,16.8,0.197,Napoli,40.8518,14.2681
2026-04-17T10:00,20.1,61,12.4,20.4,0.0,0.0,0.0,0.0,0.0,0,1016.0,1013.8,3,0,0,3,3.1,31,16.2,499.0,373.0,126.0,662.0,3600.0,0.3,0.92,18.3,0.194,Napoli,40.8518,14.2681
2026-04-17T11:00,21.6,55,12.3,22.7,0.0,0.0,0.0,0.0,0.0,0,1015.9,1013.7,3,0,1,2,1.7,49,14.4,656.0,514.0,142.0,732.1,3600.0,0.41,1.15,20.1,0.191,Napoli,40.8518,14.2681
2026-04-17T12:00,22.9,53,12.7,24.8,0.0,0.0,0.0,0.0,0.0,0,1015.6,1013.4,2,1,1,1,2.8,297,15.1,773.0,624.0,149.0,779.0,3600.0,0.5,1.32,21.9,0.186,Napoli,40.8518,14.2681
2026-04-17T13:00,23.9,50,12.9,26.1,0.0,0.0,0.0,0.0,0.0,0,1015.0,1012.8,11,3,10,1,3.4,286,24.8,835.0,680.0,155.0,796.7,3600.0,0.55,1.47,23.4,0.18,Napoli,40.8518,14.2681
2026-04-17T14:00,24.9,46,12.6,26.5,0.0,0.0,0.0,0.0,0.0,1,1014.5,1012.3,34,13,21,5,6.2,80,22.7,828.0,673.0,155.0,786.3,3600.0,0.56,1.69,24.3,0.174,Napoli,40.8518,14.2681
2026-04-17T15:00,25.0,44,11.9,25.9,0.0,0.0,0.0,0.0,0.0,1,1014.2,1012.0,42,13,40,3,3.5,12,21.2,682.0,495.0,187.0,612.5,3600.0,0.46,1.77,25.0,0.17,Napoli,40.8518,14.2681
2026-04-17T16:00,24.4,45,11.5,24.1,0.0,0.0,0.0,0.0,0.0,1,1013.7,1011.5,33,7,25,5,4.8,315,18.7,539.0,344.0,195.0,482.1,3600.0,0.37,1.69,25.0,0.166,Napoli,40.8518,14.2681
2026-04-17T17:00,23.9,48,12.3,23.7,0.0,0.0,0.0,0.0,0.0,1,1013.4,1011.2,35,7,27,9,5.7,311,19.1,441.0,287.0,154.0,496.1,3600.0,0.31,1.53,24.7,0.162,Napoli,40.8518,14.2681
2026-04-17T18:00,23.0,53,13.0,23.0,0.0,0.0,0.0,0.0,0.0,1,1013.5,1011.3,23,1,16,9,6.4,322,18.4,297.0,186.0,111.0,451.1,3600.0,0.21,1.32,23.9,0.16,Napoli,40.8518,14.2681
2026-04-17T19:00,21.7,63,14.3,22.3,0.0,0.0,0.0,0.0,0.0,0,1013.8,1011.6,16,1,15,1,5.1,333,15.8,131.0,60.0,71.0,265.3,3600.0,0.09,0.96,22.7,0.158,Napoli,40.8518,14.2681
2026-04-17T20:00,20.6,67,14.4,21.4,0.0,0.0,0.0,0.0,0.0,1,1014.1,1011.9,31,0,31,0,4.4,12,11.9,18.0,4.0,14.0,47.6,36.64,0.03,0.79,21.9,0.151,Napoli,40.8518,14.2681
2026-04-17T21:00,20.7,58,12.1,20.3,0.0,0.0,0.0,0.0,0.0,0,1014.7,1012.5,16,0,16,0,7.1,52,15.1,0.0,0.0,0.0,0.0,0.0,0.03,1.03,20.5,0.15,Napoli,40.8518,14.2681
2026-04-17T22:00,20.1,58,11.5,19.1,0.0,0.0,0.0,0.0,0.0,0,1015.2,1013.0,17,0,17,0,10.0,76,23.0,0.0,0.0,0.0,0.0,0.0,0.05,1.0,19.5,0.149,Napoli,40.8518,14.2681
2026-04-17T23:00,18.5,64,11.6,18.0,0.0,0.0,0.0,0.0,0.0,1,1015.3,1013.0,28,0,28,0,6.9,75,22.7,0.0,0.0,0.0,0.0,0.0,0.02,0.77,18.6,0.149,Napoli,40.8518,14.2681
2026-04-18T00:00,17.8,65,11.2,17.2,0.0,0.0,0.0,0.0,0.0,1,1015.4,1013.1,33,0,33,0,6.5,56,16.6,0.0,0.0,0.0,0.0,0.0,0.02,0.71,17.7,0.148,Napoli,40.8518,14.2681
2026-04-18T01:00,17.4,63,10.3,16.4,0.0,0.0,0.0,0.0,0.0,1,1015.4,1013.1,38,1,38,0,7.5,44,17.6,0.0,0.0,0.0,0.0,0.0,0.03,0.73,17.1,0.148,Napoli,40.8518,14.2681
2026-04-18T02:00,16.8,65,10.2,15.9,0.0,0.0,0.0,0.0,0.0,0,1015.2,1012.9,13,0,13,0,6.2,41,17.6,0.0,0.0,0.0,0.0,0.0,0.02,0.67,18.8,0.156,Napoli,40.8518,14.2681
2026-04-18T03:00,16.1,70,10.5,15.4,0.0,0.0,0.0,0.0,0.0,0,1014.8,1012.5,5,0,0,5,5.6,15,15.5,0.0,0.0,0.0,0.0,0.0,0.01,0.55,17.7,0.155,Napoli,40.8518,14.2681
2026-04-18T04:00,14.9,76,10.6,14.2,0.0,0.0,0.0,0.0,0.0,0,1014.8,1012.5,19,0,0,19,5.6,17,13.3,0.0,0.0,0.0,0.0,0.0,0.0,0.41,16.7,0.155,Napoli,40.8518,14.2681
2026-04-18T05:00,14.1,77,10.1,13.3,0.0,0.0,0.0,0.0,0.0,1,1014.7,1012.4,41,0,0,41,5.6,7,13.3,0.0,0.0,0.0,0.0,0.0,0.0,0.37,15.8,0.155,Napoli,40.8518,14.2681
2026-04-18T06:00,13.6,76,9.5,12.6,0.0,0.0,0.0,0.0,0.0,1,1014.7,1012.4,31,0,1,30,6.2,8,14.4,0.0,0.0,0.0,0.0,0.0,0.0,0.37,15.0,0.155,Napoli,40.8518,14.2681
2026-04-18T07:00,13.8,74,9.1,12.4,0.0,0.0,0.0,0.0,0.0,1,1015.0,1012.7,38,0,1,38,7.6,25,16.6,16.0,4.0,12.0,52.3,178.43,0.02,0.42,14.4,0.154,Napoli,40.8518,14.2681
2026-04-18T08:00,16.1,66,9.6,14.5,0.0,0.0,0.0,0.0,0.0,0,1015.3,1013.0,3,0,0,3,9.7,47,20.2,143.0,75.0,68.0,354.8,3600.0,0.09,0.63,16.2,0.152,Napoli,40.8518,14.2681
2026-04-18T09:00,19.0,55,9.6,17.5,0.0,0.0,0.0,0.0,0.0,0,1015.5,1013.2,0,0,0,0,9.2,55,23.4,331.0,229.0,102.0,574.1,3600.0,0.21,1.0,17.2,0.15,Napoli,40.8518,14.2681
2026-04-18T10:00,20.8,47,9.1,19.4,0.0,0.0,0.0,0.0,0.0,0,1015.9,1013.7,0,0,0,0,8.3,60,24.5,518.0,394.0,124.0,694.3,3600.0,0.33,1.3,18.6,0.147,Napoli,40.8518,14.2681
2026-04-18T11:00,22.3,39,7.6,20.9,0.0,0.0,0.0,0.0,0.0,0,1016.1,1013.9,2,2,0,0,10.7,53,28.8,678.0,539.0,139.0,763.6,3600.0,0.45,1.65,20.3,0.144,Napoli,40.8518,14.2681
2026-04-18T12:00,23.0,38,7.8,21.8,0.0,0.0,0.0,0.0,0.0,0,1016.2,1014.0,0,0,0,0,13.2,46,35.6,792.0,644.0,148.0,800.5,3600.0,0.53,1.75,21.7,0.139,Napoli,40.8518,14.2681
2026-04-18T13:00,23.7,35,7.5,22.8,0.0,0.0,0.0,0.0,0.0,0,1015.8,1013.6,0,0,0,0,12.9,41,36.0,854.0,700.0,154.0,817.1,3600.0,0.58,1.89,23.1,0.134,Napoli,40.8518,14.2681
2026-04-18T14:00,24.4,32,6.4,23.2,0.0,0.0,0.0,0.0,0.0,0,1015.4,1013.2,0,0,0,0,13.4,61,34.9,856.0,703.0,153.0,818.5,3600.0,0.59,2.09,23.9,0.124,Napoli,40.8518,14.2681
2026-04-18T15:00,24.9,31,6.5,24.0,0.0,0.0,0.0,0.0,0.0,0,1015.0,1012.8,0,0,0,0,9.6,64,34.6,803.0,656.0,147.0,808.8,3600.0,0.56,2.17,24.8,0.119,Napoli,40.8518,14.2681
2026-04-18T16:00,25.1,30,6.2,23.6,0.0,0.0,0.0,0.0,0.0,0,1014.5,1012.3,4,0,4,0,9.1,65,28.1,690.0,551.0,139.0,769.1,3600.0,0.49,2.24,25.3,0.115,Napoli,40.8518,14.2681
2026-04-18T17:00,24.2,31,5.9,22.0,0.0,0.0,0.0,0.0,0.0,1,1014.5,1012.3,28,0,28,0,7.7,344,26.3,503.0,366.0,137.0,629.5,3600.0,0.36,2.09,25.3,0.112,Napoli,40.8518,14.2681
2026-04-18T18:00,22.4,41,8.6,21.0,0.0,0.0,0.0,0.0,0.0,0,1014.9,1012.7,13,0,13,0,6.9,307,23.0,329.0,207.0,122.0,498.5,3600.0,0.23,1.59,24.5,0.11,Napoli,40.8518,14.2681
2026-04-18T19:00,21.0,54,11.3,21.0,0.0,0.0,0.0,0.0,0.0,0,1015.2,1013.0,2,0,2,0,2.2,336,18.4,149.0,75.0,74.0,327.1,3600.0,0.09,1.14,23.2,0.109,Napoli,40.8518,14.2681
2026-04-18T20:00,20.7,45,8.4,20.1,0.0,0.0,0.0,0.0,0.0,0,1015.5,1013.3,1,0,1,0,1.0,158,6.1,22.0,6.0,16.0,70.1,629.0,0.0,1.34,22.4,0.102,Napoli,40.8518,14.2681
2026-04-18T21:00,19.7,45,7.5,18.4,0.0,0.0,0.0,0.0,0.0,0,1016.0,1013.8,0,0,0,0,4.2,83,10.1,0.0,0.0,0.0,0.0,0.0,0.02,1.26,20.9,0.102,Napoli,40.8518,14.2681
2026-04-18T22:00,19.0,42,5.8,17.0,0.0,0.0,0.0,0.0,0.0,0,1016.6,1014.3,2,0,2,0,6.1,78,16.6,0.0,0.0,0.0,0.0,0.0,0.04,1.27,19.5,0.101,Napoli,40.8518,14.2681
2026-04-18T23:00,17.0,55,7.8,15.8,0.0,0.0,0.0,0.0,0.0,0,1016.7,1014.4,1,0,1,0,4.2,78,15.1,0.0,0.0,0.0,0.0,0.0,0.02,0.88,18.2,0.101,Napoli,40.8518,14.2681
2026-04-19T00:00,16.6,51,6.3,14.9,0.0,0.0,0.0,0.0,0.0,0,1016.8,1014.5,0,0,0,0,5.1,80,12.6,0.0,0.0,0.0,0.0,0.0,0.02,0.93,17.1,0.101,Napoli,40.8518,14.2681
2026-04-19T01:00,15.7,54,6.5,14.2,0.0,0.0,0.0,0.0,0.0,0,1016.8,1014.5,2,0,2,0,4.5,61,12.6,0.0,0.0,0.0,0.0,0.0,0.02,0.82,16.1,0.1,Napoli,40.8518,14.2681
2026-04-19T02:00,16.3,42,3.5,13.4,0.0,0.0,0.0,0.0,0.0,0,1016.5,1014.2,0,0,0,0,9.0,64,11.5,0.0,0.0,0.0,0.0,0.0,0.06,1.07,17.0,0.095,Napoli,40.8518,14.2681
2026-04-19T03:00,15.5,45,3.7,12.9,0.0,0.0,0.0,0.0,0.0,0,1016.3,1014.0,0,0,0,0,7.5,55,20.5,0.0,0.0,0.0,0.0,0.0,0.05,0.96,16.1,0.094,Napoli,40.8518,14.2681
2026-04-19T04:00,13.8,54,4.7,11.8,0.0,0.0,0.0,0.0,0.0,0,1016.2,1013.9,1,0,0,1,4.7,62,18.0,0.0,0.0,0.0,0.0,0.0,0.02,0.72,15.2,0.094,Napoli,40.8518,14.2681
2026-04-19T05:00,12.5,63,5.6,10.9,0.0,0.0,0.0,0.0,0.0,0,1016.3,1014.0,1,0,0,1,3.1,59,12.2,0.0,0.0,0.0,0.0,0.0,0.0,0.54,14.2,0.094,Napoli,40.8518,14.2681
2026-04-19T06:00,11.8,64,5.3,10.2,0.0,0.0,0.0,0.0,0.0,0,1016.3,1014.0,0,0,0,0,3.1,36,8.6,0.0,0.0,0.0,0.0,0.0,0.0,0.49,13.4,0.094,Napoli,40.8518,14.2681
2026-04-19T07:00,12.0,63,5.3,10.3,0.0,0.0,0.0,0.0,0.0,0,1016.5,1014.2,0,0,0,0,3.7,51,8.3,17.0,4.0,13.0,50.8,135.61,0.01,0.51,12.9,0.094,Napoli,40.8518,14.2681
2026-04-19T08:00,14.4,57,6.0,12.7,0.0,0.0,0.0,0.0,0.0,0,1016.9,1014.6,0,0,0,0,4.6,111,11.9,147.0,79.0,68.0,365.9,3600.0,0.08,0.71,13.7,0.093,Napoli,40.8518,14.2681
2026-04-19T09:00,17.2,51,6.9,15.9,0.0,0.0,0.0,0.0,0.0,0,1017.3,1015.0,0,0,0,0,3.1,144,12.2,337.0,234.0,103.0,580.5,3600.0,0.18,0.96,15.3,0.092,Napoli,40.8518,14.2681
2026-04-19T10:00,19.1,47,7.5,17.3,0.0,0.0,0.0,0.0,0.0,0,1017.3,1015.0,0,0,0,0,7.2,176,20.9,526.0,402.0,124.0,703.5,3600.0,0.32,1.17,17.6,0.091,Napoli,40.8518,14.2681
2026-04-19T11:00,19.8,50,9.0,19.0,0.0,0.0,0.0,0.0,0.0,0,1017.5,1015.2,19,0,0,19,9.3,188,27.0,687.0,549.0,138.0,773.8,3600.0,0.41,1.17,19.8,0.09,Napoli,40.8518,14.2681
2026-04-19T12:00,20.0,57,11.3,20.2,0.0,0.0,0.0,0.0,0.0,0,1017.9,1015.6,18,0,0,18,10.8,191,30.6,801.0,652.0,149.0,807.1,3600.0,0.47,1.0,21.8,0.089,Napoli,40.8518,14.2681
2026-04-19T13:00,20.3,57,11.5,20.7,0.0,0.0,0.0,0.0,0.0,0,1017.8,1015.6,0,0,0,0,11.9,190,33.1,862.0,708.0,154.0,823.4,3600.0,0.5,1.02,23.5,0.087,Napoli,40.8518,14.2681
2026-04-19T14:00,20.4,58,12.0,20.8,0.0,0.0,0.0,0.0,0.0,0,1017.4,1015.2,0,0,0,0,13.2,185,34.6,864.0,712.0,152.0,826.1,3600.0,0.5,1.0,24.8,0.088,Napoli,40.8518,14.2681
2026-04-19T15:00,20.2,63,13.0,20.7,0.0,0.0,0.0,0.0,0.0,0,1017.0,1014.8,0,0,0,0,12.9,188,35.3,810.0,665.0,145.0,817.1,3600.0,0.46,0.87,25.5,0.087,Napoli,40.8518,14.2681
2026-04-19T16:00,19.7,65,13.1,19.5,0.0,0.0,0.0,0.0,0.0,0,1016.5,1014.3,5,5,0,0,13.1,189,34.9,693.0,550.0,143.0,764.8,3600.0,0.39,0.79,25.6,0.086,Napoli,40.8518,14.2681
2026-04-19T17:00,18.9,71,13.4,18.2,0.0,0.0,0.0,0.0,0.0,0,1016.2,1013.9,3,2,1,0,12.1,180,34.6,534.0,401.0,133.0,686.4,3600.0,0.3,0.64,25.1,0.085,Napoli,40.8518,14.2681
2026-04-19T18:00,18.3,78,14.5,18.5,0.0,0.0,0.0,0.0,0.0,0,1016.3,1014.0,5,1,0,3,8.9,173,31.3,347.0,239.0,108.0,571.6,3600.0,0.19,0.46,24.2,0.085,Napoli,40.8518,14.2681
2026-04-19T19:00,17.5,83,14.6,17.9,0.0,0.0,0.0,0.0,0.0,0,1016.1,1013.8,3,0,0,3,7.6,168,23.4,159.0,87.0,72.0,374.5,3600.0,0.08,0.34,22.8,0.085,Napoli,40.8518,14.2681
2026-04-19T20:00,16.8,88,14.8,17.5,0.0,0.0,0.0,0.0,0.0,0,1016.3,1014.0,2,0,0,2,5.5,171,18.7,23.0,6.0,17.0,68.8,600.59,0.01,0.22,21.5,0.083,Napoli,40.8518,14.2681
2026-04-19T21:00,16.2,94,15.2,17.3,0.0,0.0,0.0,0.0,0.0,0,1016.5,1014.2,1,0,0,1,4.2,185,11.2,0.0,0.0,0.0,0.0,0.0,0.0,0.12,20.0,0.083,Napoli,40.8518,14.2681
2026-04-19T22:00,15.6,95,14.8,16.7,0.0,0.0,0.0,0.0,0.0,1,1016.9,1014.6,35,0,0,35,3.1,180,9.0,0.0,0.0,0.0,0.0,0.0,0.0,0.09,18.6,0.083,Napoli,40.8518,14.2681
2026-04-19T23:00,15.2,93,14.1,16.0,0.0,0.0,0.0,0.0,0.0,3,1017.1,1014.8,82,0,0,82,3.8,177,8.3,0.0,0.0,0.0,0.0,0.0,0.0,0.12,17.5,0.083,Napoli,40.8518,14.2681
2026-04-20T00:00,15.4,90,13.8,16.1,0.0,0.0,0.0,0.0,0.0,2,1017.2,1014.9,54,0,0,54,3.8,161,8.3,0.0,0.0,0.0,0.0,0.0,0.0,0.18,16.7,0.083,Napoli,40.8518,14.2681
2026-04-20T01:00,15.6,89,13.8,16.0,0.0,0.0,0.0,0.0,0.0,2,1017.2,1014.9,73,1,0,73,5.7,167,11.9,0.0,0.0,0.0,0.0,0.0,0.0,0.19,16.1,0.083,Napoli,40.8518,14.2681
2026-04-20T02:00,15.2,89,13.4,15.4,0.0,0.0,0.0,0.0,0.0,3,1017.0,1014.7,94,2,21,94,5.4,178,16.2,0.0,0.0,0.0,0.0,0.0,0.0,0.19,15.2,0.085,Napoli,40.8518,14.2681
2026-04-20T03:00,14.9,93,13.7,14.9,0.0,0.0,0.0,0.0,0.0,3,1016.8,1014.5,100,21,27,99,8.1,174,16.2,0.0,0.0,0.0,0.0,0.0,0.0,0.13,14.9,0.085,Napoli,40.8518,14.2681
2026-04-20T04:00,14.8,94,13.9,14.8,0.0,0.0,0.0,0.0,0.0,3,1016.6,1014.3,95,29,2,94,8.7,166,18.4,0.0,0.0,0.0,0.0,0.0,0.0,0.1,14.8,0.085,Napoli,40.8518,14.2681
2026-04-20T05:00,14.6,96,14.0,14.6,0.0,0.0,0.0,0.0,0.0,3,1016.1,1013.8,100,37,5,99,8.9,148,18.0,0.0,0.0,0.0,0.0,0.0,0.0,0.07,14.8,0.085,Napoli,40.8518,14.2681
2026-04-20T06:00,14.6,95,13.8,14.8,0.0,0.0,0.0,0.0,0.0,3,1015.8,1013.5,100,52,23,100,6.7,146,18.4,0.0,0.0,0.0,0.0,0.0,0.0,0.08,14.8,0.085,Napoli,40.8518,14.2681
2026-04-20T07:00,14.5,94,13.6,14.5,0.0,0.0,0.0,0.0,0.0,3,1016.1,1013.8,100,45,24,100,7.5,138,14.8,12.0,0.0,12.0,0.0,0.0,0.01,0.1,14.9,0.086,Napoli,40.8518,14.2681
2026-04-20T08:00,15.7,90,14.0,15.7,0.0,0.0,0.0,0.0,0.0,1,1015.9,1013.6,38,27,13,2,8.3,146,20.2,99.0,9.0,90.0,40.8,0.0,0.05,0.18,15.0,0.088,Napoli,40.8518,14.2681
2026-04-20T09:00,17.4,79,13.6,17.1,0.0,0.0,0.0,0.0,0.0,1,1016.0,1013.7,36,34,4,0,9.9,158,25.6,314.0,184.0,130.0,451.8,3600.0,0.17,0.42,16.4,0.088,Napoli,40.8518,14.2681
2026-04-20T10:00,18.5,72,13.4,17.9,0.0,0.0,0.0,0.0,0.0,1,1016.3,1014.0,42,37,2,6,10.8,175,29.2,497.0,341.0,156.0,592.7,3600.0,0.27,0.59,18.2,0.087,Napoli,40.8518,14.2681
2026-04-20T11:00,18.8,72,13.7,18.7,0.0,0.0,0.0,0.0,0.0,1,1016.4,1014.1,36,34,2,1,12.2,181,33.8,638.0,454.0,184.0,636.7,3600.0,0.35,0.61,20.1,0.087,Napoli,40.8518,14.2681
2026-04-20T12:00,18.9,72,13.7,19.2,0.0,0.0,0.0,0.0,0.0,1,1016.3,1014.0,40,32,12,1,13.7,181,36.7,744.0,545.0,199.0,671.9,3600.0,0.4,0.62,21.7,0.086,Napoli,40.8518,14.2681
2026-04-20T13:00,19.2,70,13.7,19.6,0.0,0.0,0.0,0.0,0.0,1,1015.8,1013.5,45,30,23,0,14.5,173,38.5,801.0,590.0,211.0,683.7,3600.0,0.43,0.66,23.1,0.085,Napoli,40.8518,14.2681
2026-04-20T14:00,19.3,69,13.5,19.5,0.0,0.0,0.0,0.0,0.0,0,1015.5,1013.2,5,2,2,0,16.0,172,40.7,816.0,608.0,208.0,703.1,3600.0,0.44,0.7,23.7,0.089,Napoli,40.8518,14.2681
2026-04-20T15:00,19.2,70,13.7,19.3,0.0,0.0,0.0,0.0,0.0,0,1015.0,1012.7,3,3,0,0,15.8,179,42.1,790.0,631.0,159.0,772.6,3600.0,0.42,0.66,24.4,0.088,Napoli,40.8518,14.2681
2026-04-20T16:00,18.9,72,13.7,18.7,0.0,0.0,0.0,0.0,0.0,0,1014.6,1012.3,1,0,0,1,13.8,174,41.0,679.0,533.0,146.0,738.3,3600.0,0.36,0.61,24.6,0.087,Napoli,40.8518,14.2681
2026-04-20T17:00,18.6,77,14.4,18.0,0.0,0.0,0.0,0.0,0.0,0,1014.4,1012.1,6,0,6,0,13.5,171,36.4,527.0,397.0,130.0,676.4,3600.0,0.28,0.5,24.3,0.086,Napoli,40.8518,14.2681
2026-04-20T18:00,17.9,81,14.5,17.4,0.0,0.0,0.0,0.0,0.0,0,1014.2,1011.9,12,0,2,10,13.4,172,34.6,337.0,224.0,113.0,532.1,3600.0,0.18,0.4,23.5,0.086,Napoli,40.8518,14.2681
2026-04-20T19:00,17.0,85,14.4,16.6,0.0,0.0,0.0,0.0,0.0,0,1013.9,1011.6,13,0,0,13,12.9,174,33.1,159.0,86.0,73.0,365.3,3600.0,0.08,0.3,22.1,0.086,Napoli,40.8518,14.2681
2026-04-20T20:00,16.9,90,15.2,16.8,0.0,0.0,0.0,0.0,0.0,0,1013.9,1011.6,17,0,0,17,12.4,180,29.5,24.0,6.0,18.0,67.6,572.28,0.02,0.19,21.0,0.083,Napoli,40.8518,14.2681
2026-04-20T21:00,16.6,91,15.2,16.7,0.0,0.0,0.0,0.0,0.0,1,1014.1,1011.8,30,0,0,30,11.2,174,25.9,0.0,0.0,0.0,0.0,0.0,0.0,0.16,19.7,0.083,Napoli,40.8518,14.2681
2026-04-20T22:00,16.4,93,15.2,16.6,0.0,0.0,0.0,0.0,0.0,0,1014.3,1012.0,4,0,0,4,10.1,174,23.8,0.0,0.0,0.0,0.0,0.0,0.0,0.14,18.7,0.083,Napoli,40.8518,14.2681
2026-04-20T23:00,16.2,93,15.1,16.3,0.0,0.0,0.0,0.0,0.0,0,1014.3,1012.0,19,0,0,19,10.5,174,22.3,0.0,0.0,0.0,0.0,0.0,0.0,0.12,17.9,0.083,Napoli,40.8518,14.2681
2026-04-21T00:00,16.0,93,14.8,16.0,0.0,0.0,0.0,0.0,0.0,0,1014.4,1012.1,0,0,0,0,10.7,173,23.0,0.0,0.0,0.0,0.0,0.0,0.0,0.13,17.2,0.083,Napoli,40.8518,14.2681
2026-04-21T01:00,15.9,93,14.7,15.9,0.0,0.0,0.0,0.0,0.0,1,1014.7,1012.4,22,0,18,5,10.2,173,23.0,0.0,0.0,0.0,0.0,0.0,0.0,0.13,16.7,0.084,Napoli,40.8518,14.2681
2026-04-21T02:00,15.5,94,14.6,15.8,0.0,0.0,0.0,0.0,0.0,0,1014.2,1011.9,4,0,4,0,8.5,168,21.6,0.0,0.0,0.0,0.0,0.0,0.0,0.1,15.8,0.086,Napoli,40.8518,14.2681
2026-04-21T03:00,15.2,96,14.5,15.4,0.0,0.0,0.0,0.0,0.0,0,1013.9,1011.6,15,0,13,2,8.9,171,19.8,0.0,0.0,0.0,0.0,0.0,0.0,0.08,15.6,0.086,Napoli,40.8518,14.2681
2026-04-21T04:00,14.8,96,14.2,15.3,0.0,0.0,0.0,0.0,0.0,1,1013.7,1011.4,36,2,3,33,5.9,160,18.7,0.0,0.0,0.0,0.0,0.0,0.0,0.06,15.3,0.086,Napoli,40.8518,14.2681
2026-04-21T05:00,14.1,96,13.6,14.5,0.0,0.0,0.0,0.0,0.0,3,1013.3,1011.0,84,11,19,78,5.1,141,13.0,0.0,0.0,0.0,0.0,0.0,0.0,0.06,15.0,0.086,Napoli,40.8518,14.2681
2026-04-21T06:00,14.0,97,13.5,14.3,0.0,0.0,0.0,0.0,0.0,2,1013.2,1010.9,64,21,27,38,5.4,140,13.3,0.0,0.0,0.0,0.0,0.0,0.0,0.05,14.7,0.087,Napoli,40.8518,14.2681
2026-04-21T07:00,14.1,97,13.6,14.4,0.0,0.0,0.0,0.0,0.0,2,1013.2,1010.9,63,21,24,38,5.7,139,11.2,17.0,3.0,14.0,36.1,0.0,0.0,0.05,14.6,0.087,Napoli,40.8518,14.2681
2026-04-21T08:00,15.9,93,14.9,16.6,0.0,0.0,0.0,0.0,0.0,1,1013.1,1010.8,44,19,31,0,6.4,164,13.7,122.0,43.0,79.0,191.3,3600.0,0.06,0.12,15.2,0.087,Napoli,40.8518,14.2681
2026-04-21T09:00,17.4,80,14.0,17.4,0.2,0.2,0.0,0.0,0.0,51,1012.9,1010.6,68,36,50,0,8.4,170,22.3,310.0,184.0,126.0,447.2,3600.0,0.16,0.39,16.4,0.089,Napoli,40.8518,14.2681
2026-04-21T10:00,18.4,73,13.5,18.1,0.2,0.2,0.0,0.0,0.0,51,1013.0,1010.7,43,30,19,0,9.9,181,27.4,454.0,277.0,177.0,478.3,3600.0,0.26,0.57,18.1,0.091,Napoli,40.8518,14.2681
2026-04-21T11:00,19.1,70,13.4,18.9,0.0,0.0,0.0,0.0,0.0,2,1012.9,1010.7,55,49,12,0,11.0,186,31.0,606.0,422.0,184.0,588.9,3600.0,0.34,0.67,19.9,0.09,Napoli,40.8518,14.2681
2026-04-21T12:00,19.6,67,13.4,19.9,0.0,0.0,0.0,0.0,0.0,1,1012.9,1010.7,46,41,9,0,11.7,184,32.8,721.0,511.0,210.0,627.4,3600.0,0.41,0.74,21.6,0.089,Napoli,40.8518,14.2681
2026-04-21T13:00,19.8,69,13.9,20.5,0.0,0.0,0.0,0.0,0.0,1,1012.4,1010.2,30,30,2,0,13.1,180,36.4,803.0,597.0,206.0,689.4,3600.0,0.45,0.72,23.1,0.088,Napoli,40.8518,14.2681
2026-04-21T14:00,20.3,62,12.7,20.8,0.0,0.0,0.0,0.0,0.0,1,1012.4,1010.2,23,23,0,0,12.6,185,37.4,820.0,620.0,200.0,714.6,3600.0,0.47,0.91,24.5,0.082,Napoli,40.8518,14.2681
2026-04-21T15:00,20.3,63,12.9,20.7,0.0,0.0,0.0,0.0,0.0,0,1011.8,1009.6,16,16,0,0,12.3,183,36.0,782.0,616.0,166.0,751.8,3600.0,0.45,0.89,25.4,0.082,Napoli,40.8518,14.2681
2026-04-21T16:00,20.0,65,13.3,20.0,0.0,0.0,0.0,0.0,0.0,0,1011.1,1008.9,9,9,0,0,11.9,183,34.9,682.0,536.0,146.0,739.7,3600.0,0.39,0.82,25.8,0.081,Napoli,40.8518,14.2681
2026-04-21T17:00,19.8,66,13.3,19.2,0.0,0.0,0.0,0.0,0.0,1,1010.8,1008.6,37,29,2,10,10.6,183,33.1,528.0,397.0,131.0,673.2,3600.0,0.31,0.78,25.5,0.081,Napoli,40.8518,14.2681
2026-04-21T18:00,19.3,69,13.5,19.1,0.0,0.0,0.0,0.0,0.0,2,1010.8,1008.6,70,56,7,23,8.6,181,29.5,340.0,225.0,115.0,530.8,3600.0,0.2,0.68,24.8,0.081,Napoli,40.8518,14.2681
2026-04-21T19:00,18.2,78,14.3,18.3,0.0,0.0,0.0,0.0,0.0,1,1010.7,1008.5,37,35,0,2,8.7,172,24.5,156.0,79.0,77.0,331.3,3600.0,0.09,0.46,23.5,0.081,Napoli,40.8518,14.2681
2026-04-21T20:00,17.7,82,14.6,18.5,0.0,0.0,0.0,0.0,0.0,0,1011.2,1008.9,3,1,1,2,4.5,180,22.3,24.0,6.0,18.0,66.5,544.06,0.02,0.37,22.3,0.076,Napoli,40.8518,14.2681
2026-04-21T21:00,17.0,88,15.1,18.4,0.0,0.0,0.0,0.0,0.0,0,1011.6,1009.3,1,0,0,1,2.0,175,9.7,0.0,0.0,0.0,0.0,0.0,0.0,0.23,20.8,0.076,Napoli,40.8518,14.2681
2026-04-21T22:00,16.5,92,15.2,18.1,0.0,0.0,0.0,0.0,0.0,0,1011.9,1009.6,1,1,0,0,0.4,63,4.7,0.0,0.0,0.0,0.0,0.0,0.0,0.15,19.5,0.077,Napoli,40.8518,14.2681
2026-04-21T23:00,16.0,92,14.6,17.1,0.0,0.0,0.0,0.0,0.0,0,1012.2,1009.9,5,5,0,0,2.6,25,6.5,0.0,0.0,0.0,0.0,0.0,0.0,0.15,18.4,0.077,Napoli,40.8518,14.2681
2026-04-22T00:00,16.0,87,13.9,16.6,0.0,0.0,0.0,0.0,0.0,1,1012.5,1010.2,28,27,1,0,4.1,23,9.7,0.0,0.0,0.0,0.0,0.0,0.0,0.23,17.5,0.077,Napoli,40.8518,14.2681
2026-04-22T01:00,16.0,75,11.5,15.3,0.0,0.0,0.0,0.0,0.0,0,1012.6,1010.3,0,0,0,0,7.6,43,16.6,0.0,0.0,0.0,0.0,0.0,0.01,0.46,16.9,0.077,Napoli,40.8518,14.2681
2026-04-22T02:00,15.3,71,10.0,13.7,0.0,0.0,0.0,0.0,0.0,0,1012.6,1010.3,1,1,0,0,10.7,59,17.6,0.0,0.0,0.0,0.0,0.0,0.03,0.51,16.1,0.077,Napoli,40.8518,14.2681
2026-04-22T03:00,14.8,71,9.6,13.2,0.0,0.0,0.0,0.0,0.0,0,1012.6,1010.3,8,1,7,0,9.8,49,23.8,0.0,0.0,0.0,0.0,0.0,0.02,0.49,15.6,0.077,Napoli,40.8518,14.2681
2026-04-22T04:00,14.3,71,9.2,12.7,0.0,0.0,0.0,0.0,0.0,0,1012.5,1010.2,18,0,18,0,9.8,43,22.3,0.0,0.0,0.0,0.0,0.0,0.02,0.47,15.2,0.077,Napoli,40.8518,14.2681
2026-04-22T05:00,14.0,72,9.0,12.4,0.0,0.0,0.0,0.0,0.0,2,1012.4,1010.1,62,0,62,0,8.9,42,22.0,0.0,0.0,0.0,0.0,0.0,0.02,0.45,14.9,0.077,Napoli,40.8518,14.2681
2026-04-22T06:00,13.8,71,8.7,12.0,0.0,0.0,0.0,0.0,0.0,2,1012.6,1010.3,63,0,60,6,10.3,44,22.3,0.0,0.0,0.0,0.0,0.0,0.02,0.45,14.6,0.077,Napoli,40.8518,14.2681
2026-04-22T07:00,14.2,68,8.5,12.1,0.0,0.0,0.0,0.0,0.0,1,1013.1,1010.8,29,0,24,6,11.3,53,24.5,18.0,4.0,14.0,46.9,9.46,0.05,0.51,14.5,0.077,Napoli,40.8518,14.2681
2026-04-22T08:00,15.4,61,7.8,12.8,0.0,0.0,0.0,0.0,0.0,1,1013.5,1011.2,34,0,24,12,13.7,63,25.9,137.0,62.0,75.0,270.6,3600.0,0.11,0.69,15.9,0.08,Napoli,40.8518,14.2681
2026-04-22T09:00,17.0,55,8.0,14.5,0.0,0.0,0.0,0.0,0.0,1,1013.6,1011.3,23,1,23,1,13.5,60,34.9,312.0,189.0,123.0,454.9,3600.0,0.2,0.86,16.9,0.08,Napoli,40.8518,14.2681
2026-04-22T10:00,18.6,50,8.0,16.3,0.0,0.0,0.0,0.0,0.0,2,1013.6,1011.3,50,0,50,0,12.0,64,34.2,463.0,301.0,162.0,516.3,3600.0,0.29,1.07,18.5,0.079,Napoli,40.8518,14.2681
2026-04-22T11:00,19.7,47,8.0,17.9,0.2,0.2,0.0,0.0,0.0,51,1013.9,1011.7,45,1,45,1,8.9,63,32.4,561.0,373.0,188.0,518.0,3600.0,0.36,1.23,20.3,0.081,Napoli,40.8518,14.2681
2026-04-22T12:00,19.9,52,9.7,18.9,1.4,1.4,0.0,0.0,0.0,61,1014.2,1012.0,49,9,48,2,7.7,51,26.3,589.0,329.0,260.0,402.4,3600.0,0.37,1.12,21.5,0.097,Napoli,40.8518,14.2681
2026-04-22T13:00,20.4,49,9.4,19.6,0.2,0.2,0.0,0.0,0.0,51,1014.0,1011.8,52,5,52,0,10.5,51,31.0,709.0,441.0,268.0,507.6,3600.0,0.44,1.21,22.9,0.097,Napoli,40.8518,14.2681
2026-04-22T14:00,18.2,48,7.0,14.9,0.0,0.0,0.0,0.0,0.0,3,1014.8,1012.5,100,100,100,0,21.4,46,35.6,666.0,366.0,300.0,420.5,3600.0,0.4,1.09,24.4,0.094,Napoli,40.8518,14.2681
2026-04-22T15:00,17.4,50,6.9,13.1,0.0,0.0,0.0,0.0,0.0,3,1015.0,1012.7,100,100,100,0,23.8,47,56.5,422.0,97.0,325.0,118.0,1739.79,0.3,0.99,23.5,0.092,Napoli,40.8518,14.2681
2026-04-22T16:00,17.0,50,6.4,13.1,0.0,0.0,0.0,0.0,0.0,3,1014.7,1012.4,84,80,74,0,20.8,55,57.6,336.0,57.0,279.0,78.4,551.32,0.26,0.98,22.5,0.091,Napoli,40.8518,14.2681
2026-04-22T17:00,17.3,48,6.3,13.5,0.0,0.0,0.0,0.0,0.0,1,1014.6,1012.3,49,1,48,3,19.7,53,50.8,338.0,87.0,251.0,146.9,2605.95,0.26,1.02,21.8,0.091,Napoli,40.8518,14.2681
2026-04-22T18:00,16.8,46,5.2,12.6,0.0,0.0,0.0,0.0,0.0,3,1014.8,1012.5,100,2,100,20,20.5,54,49.7,287.0,154.0,133.0,360.9,3600.0,0.23,1.03,21.1,0.09,Napoli,40.8518,14.2681
2026-04-22T19:00,16.0,42,3.2,11.7,0.0,0.0,0.0,0.0,0.0,3,1015.2,1012.9,88,2,87,23,18.4,58,49.7,101.0,23.0,78.0,95.3,1057.71,0.16,1.05,19.9,0.089,Napoli,40.8518,14.2681
2026-04-22T20:00,15.2,46,3.7,11.1,0.0,0.0,0.0,0.0,0.0,3,1015.7,1013.4,100,1,100,45,18.0,56,43.9,16.0,3.0,13.0,32.7,0.0,0.12,0.93,19.1,0.088,Napoli,40.8518,14.2681
2026-04-22T21:00,14.9,49,4.1,10.9,0.0,0.0,0.0,0.0,0.0,3,1016.0,1013.7,100,0,100,34,17.3,57,41.4,0.0,0.0,0.0,0.0,0.0,0.09,0.87,18.0,0.088,Napoli,40.8518,14.2681
2026-04-22T22:00,14.5,49,4.0,10.6,0.0,0.0,0.0,0.0,0.0,3,1016.4,1014.1,100,1,100,100,16.6,51,40.3,0.0,0.0,0.0,0.0,0.0,0.09,0.84,17.2,0.088,Napoli,40.8518,14.2681
2026-04-22T23:00,14.2,51,4.2,10.1,0.0,0.0,0.0,0.0,0.0,3,1016.9,1014.6,100,2,100,93,18.3,54,42.1,0.0,0.0,0.0,0.0,0.0,0.09,0.8,16.5,0.087,Napoli,40.8518,14.2681
2026-04-23T00:00,13.9,51,3.8,9.6,0.0,0.0,0.0,0.0,0.0,2,1017.5,1015.2,75,1,39,60,19.0,52,43.6,0.0,0.0,0.0,0.0,0.0,0.09,0.78,15.9,0.087,Napoli,40.8518,14.2681
2026-04-23T01:00,13.2,50,3.0,9.0,0.0,0.0,0.0,0.0,0.0,2,1018.1,1015.8,59,2,0,59,17.8,46,43.6,0.0,0.0,0.0,0.0,0.0,0.09,0.76,15.2,0.087,Napoli,40.8518,14.2681
2026-04-23T02:00,12.7,50,2.6,8.4,0.0,0.0,0.0,0.0,0.0,1,1017.9,1015.6,20,2,7,13,18.0,48,41.0,0.0,0.0,0.0,0.0,0.0,0.08,0.73,15.8,0.08,Napoli,40.8518,14.2681
2026-04-23T03:00,12.6,51,2.7,8.4,0.0,0.0,0.0,0.0,0.0,1,1018.1,1015.8,30,1,1,30,16.7,42,41.8,0.0,0.0,0.0,0.0,0.0,0.08,0.71,15.0,0.08,Napoli,40.8518,14.2681
2026-04-23T04:00,12.1,53,2.8,8.3,0.0,0.0,0.0,0.0,0.0,3,1018.2,1015.9,98,0,0,98,14.4,37,38.2,0.0,0.0,0.0,0.0,0.0,0.06,0.66,14.3,0.08,Napoli,40.8518,14.2681
2026-04-23T05:00,11.7,54,2.8,7.9,0.0,0.0,0.0,0.0,0.0,2,1018.2,1015.9,66,1,0,66,14.4,41,33.1,0.0,0.0,0.0,0.0,0.0,0.06,0.63,13.7,0.08,Napoli,40.8518,14.2681
2026-04-23T06:00,11.5,55,2.8,7.7,0.0,0.0,0.0,0.0,0.0,0,1018.2,1015.9,1,1,0,0,14.5,44,33.1,0.0,0.0,0.0,0.0,0.0,0.06,0.61,13.1,0.08,Napoli,40.8518,14.2681
2026-04-23T07:00,11.7,55,2.8,7.7,0.0,0.0,0.0,0.0,0.0,0,1018.8,1016.5,2,2,0,0,15.7,45,35.3,24.0,7.0,17.0,80.0,908.9,0.07,0.62,12.8,0.08,Napoli,40.8518,14.2681
2026-04-23T08:00,13.3,51,3.3,9.7,0.0,0.0,0.0,0.0,0.0,0,1019.1,1016.8,0,0,0,0,13.8,53,43.2,166.0,93.0,73.0,398.4,3600.0,0.13,0.76,14.2,0.076,Napoli,40.8518,14.2681
2026-04-23T09:00,14.8,40,1.4,10.6,0.0,0.0,0.0,0.0,0.0,0,1019.4,1017.1,0,0,0,0,15.3,41,38.9,361.0,254.0,107.0,605.5,3600.0,0.23,1.0,15.3,0.076,Napoli,40.8518,14.2681
2026-04-23T10:00,15.9,37,1.2,11.6,0.0,0.0,0.0,0.0,0.0,0,1019.7,1017.4,2,2,0,0,16.2,35,42.5,554.0,426.0,128.0,726.2,3600.0,0.33,1.13,16.9,0.076,Napoli,40.8518,14.2681
2026-04-23T11:00,17.0,35,1.3,13.4,0.0,0.0,0.0,0.0,0.0,0,1019.7,1017.4,5,4,1,0,16.7,36,43.9,701.0,548.0,153.0,757.4,3600.0,0.41,1.27,18.6,0.076,Napoli,40.8518,14.2681
2026-04-23T12:00,18.4,29,0.1,15.1,0.0,0.0,0.0,0.0,0.0,0,1019.4,1017.1,9,7,6,0,17.6,40,46.4,815.0,654.0,161.0,796.8,3600.0,0.5,1.5,20.4,0.076,Napoli,40.8518,14.2681
2026-04-23T13:00,19.1,26,-0.7,15.7,0.0,0.0,0.0,0.0,0.0,0,1018.9,1016.6,6,2,6,0,19.2,42,50.0,876.0,709.0,167.0,813.3,3600.0,0.54,1.62,22.1,0.076,Napoli,40.8518,14.2681
2026-04-23T14:00,19.5,25,-1.1,16.6,0.0,0.0,0.0,0.0,0.0,0,1018.6,1016.3,9,4,8,0,16.2,45,50.8,884.0,718.0,166.0,822.3,3600.0,0.55,1.7,23.0,0.073,Napoli,40.8518,14.2681
2026-04-23T15:00,20.2,22,-2.0,17.2,0.0,0.0,0.0,0.0,0.0,0,1017.9,1015.7,7,0,7,0,14.2,38,43.2,826.0,669.0,157.0,811.2,3600.0,0.53,1.83,24.3,0.073,Napoli,40.8518,14.2681
2026-04-23T16:00,19.9,22,-2.4,15.7,0.0,0.0,0.0,0.0,0.0,0,1017.4,1015.1,1,0,1,0,17.3,43,44.6,707.0,555.0,152.0,760.4,3600.0,0.48,1.81,24.8,0.073,Napoli,40.8518,14.2681
2026-04-23T17:00,19.6,21,-3.2,14.5,0.0,0.0,0.0,0.0,0.0,0,1017.2,1014.9,0,0,0,0,17.3,47,45.7,538.0,386.0,152.0,648.7,3600.0,0.4,1.8,24.4,0.073,Napoli,40.8518,14.2681
2026-04-23T18:00,19.2,20,-4.0,14.7,0.0,0.0,0.0,0.0,0.0,0,1017.1,1014.8,0,0,0,0,12.8,55,43.2,363.0,243.0,120.0,565.8,3600.0,0.29,1.77,23.8,0.073,Napoli,40.8518,14.2681
2026-04-23T19:00,18.0,24,-3.1,14.1,0.0,0.0,0.0,0.0,0.0,0,1017.2,1014.9,0,0,0,0,9.2,55,33.5,176.0,101.0,75.0,413.2,3600.0,0.16,1.58,22.5,0.073,Napoli,40.8518,14.2681
2026-04-23T20:00,16.9,24,-4.0,13.5,0.0,0.0,0.0,0.0,0.0,0,1017.6,1015.3,0,0,0,0,4.8,25,23.8,29.0,9.0,20.0,96.5,1429.03,0.05,1.47,21.3,0.069,Napoli,40.8518,14.2681
2026-04-23T21:00,15.8,27,-3.0,11.9,0.0,0.0,0.0,0.0,0.0,0,1018.3,1016.0,0,0,0,0,9.3,74,20.9,0.0,0.0,0.0,0.0,0.0,0.08,1.31,19.6,0.069,Napoli,40.8518,14.2681
2026-04-23T22:00,14.7,34,-1.0,11.1,0.0,0.0,0.0,0.0,0.0,0,1018.7,1016.4,0,0,0,0,9.0,78,21.6,0.0,0.0,0.0,0.0,0.0,0.07,1.1,18.2,0.069,Napoli,40.8518,14.2681
2026-04-23T23:00,14.2,37,-0.5,10.4,0.0,0.0,0.0,0.0,0.0,0,1019.0,1016.7,0,0,0,0,10.6,76,22.7,0.0,0.0,0.0,0.0,0.0,0.08,1.02,17.0,0.069,Napoli,40.8518,14.2681
2026-04-24T00:00,13.5,38,-0.6,9.9,0.0,0.0,0.0,0.0,0.0,0,1018.9,1016.6,0,0,0,0,9.4,78,23.0,0.0,0.0,0.0,0.0,0.0,0.06,0.96,16.0,0.069,Napoli,40.8518,14.2681
2026-04-24T01:00,13.1,39,-0.7,9.8,0.0,0.0,0.0,0.0,0.0,0,1019.0,1016.7,0,0,0,0,7.1,66,20.5,0.0,0.0,0.0,0.0,0.0,0.05,0.92,15.0,0.069,Napoli,40.8518,14.2681
2026-04-24T02:00,11.3,48,0.5,8.3,0.0,0.0,0.0,0.0,0.0,0,1018.9,1016.6,0,0,0,0,6.0,51,16.6,0.0,0.0,0.0,0.0,0.0,0.03,0.7,14.2,0.067,Napoli,40.8518,14.2681
2026-04-24T03:00,10.7,50,0.8,8.0,0.0,0.0,0.0,0.0,0.0,0,1018.6,1016.3,0,0,0,0,4.8,42,13.7,0.0,0.0,0.0,0.0,0.0,0.02,0.64,13.3,0.067,Napoli,40.8518,14.2681
2026-04-24T04:00,9.7,54,1.0,7.0,0.0,0.0,0.0,0.0,0.0,0,1018.6,1016.3,0,0,0,0,5.2,31,11.9,0.0,0.0,0.0,0.0,0.0,0.02,0.55,12.4,0.067,Napoli,40.8518,14.2681
2026-04-24T05:00,9.0,57,0.9,6.2,0.0,0.0,0.0,0.0,0.0,0,1018.6,1016.3,0,0,0,0,5.3,12,12.2,0.0,0.0,0.0,0.0,0.0,0.02,0.5,11.7,0.067,Napoli,40.8518,14.2681
2026-04-24T06:00,8.6,58,0.7,5.7,0.0,0.0,0.0,0.0,0.0,0,1018.9,1016.6,0,0,0,0,5.6,7,12.6,0.0,0.0,0.0,0.0,0.0,0.02,0.47,11.0,0.068,Napoli,40.8518,14.2681
2026-04-24T07:00,9.0,54,0.3,5.9,0.0,0.0,0.0,0.0,0.0,0,1019.2,1016.9,0,0,0,0,6.7,14,14.4,26.0,8.0,18.0,89.2,1184.12,0.03,0.53,10.7,0.068,Napoli,40.8518,14.2681
2026-04-24T08:00,11.3,47,0.2,8.3,0.0,0.0,0.0,0.0,0.0,0,1019.2,1016.9,0,0,0,0,6.0,10,15.8,169.0,95.0,74.0,399.8,3600.0,0.09,0.71,11.2,0.07,Napoli,40.8518,14.2681
2026-04-24T09:00,14.7,36,-0.4,11.8,0.0,0.0,0.0,0.0,0.0,0,1019.4,1017.1,0,0,0,0,4.9,4,16.9,363.0,256.0,107.0,604.6,3600.0,0.2,1.08,13.2,0.07,Napoli,40.8518,14.2681
2026-04-24T10:00,17.5,27,-1.9,14.5,0.0,0.0,0.0,0.0,0.0,0,1019.4,1017.1,0,0,0,0,3.7,346,17.3,553.0,426.0,127.0,721.7,3600.0,0.31,1.46,15.9,0.07,Napoli,40.8518,14.2681
2026-04-24T11:00,19.2,23,-2.2,17.1,0.0,0.0,0.0,0.0,0.0,0,1019.2,1016.9,0,0,0,0,4.3,298,19.1,715.0,574.0,141.0,789.8,3600.0,0.43,1.7,19.0,0.07,Napoli,40.8518,14.2681
2026-04-24T12:00,20.7,23,-1.5,19.3,0.0,0.0,0.0,0.0,0.0,0,1019.0,1016.8,0,0,0,0,5.2,301,21.6,832.0,683.0,149.0,829.1,3600.0,0.52,1.89,21.9,0.07,Napoli,40.8518,14.2681
2026-04-24T13:00,21.9,22,-1.0,20.7,0.0,0.0,0.0,0.0,0.0,0,1018.3,1016.1,0,0,0,0,6.9,293,25.2,892.0,739.0,153.0,845.0,3600.0,0.57,2.06,24.4,0.07,Napoli,40.8518,14.2681
2026-04-24T14:00,21.6,23,-0.7,19.2,0.0,0.0,0.0,0.0,0.0,0,1017.8,1015.6,0,0,0,0,13.6,263,31.7,890.0,737.0,153.0,841.5,3600.0,0.59,2.0,26.0,0.074,Napoli,40.8518,14.2681
2026-04-24T15:00,21.4,27,1.4,18.3,0.0,0.0,0.0,0.0,0.0,0,1017.3,1015.1,1,0,0,1,17.8,269,46.4,830.0,682.0,148.0,824.4,3600.0,0.55,1.87,26.5,0.074,Napoli,40.8518,14.2681
2026-04-24T16:00,20.8,32,3.3,17.0,0.0,0.0,0.0,0.0,0.0,0,1016.8,1014.6,10,0,0,10,20.2,273,50.8,708.0,562.0,146.0,767.3,3600.0,0.48,1.68,26.4,0.074,Napoli,40.8518,14.2681
2026-04-24T17:00,19.6,37,4.5,15.3,0.0,0.0,0.0,0.0,0.0,0,1016.6,1014.3,7,0,0,7,20.1,279,51.1,551.0,422.0,129.0,706.1,3600.0,0.38,1.44,25.6,0.074,Napoli,40.8518,14.2681
2026-04-24T18:00,18.8,39,4.5,14.8,0.0,0.0,0.0,0.0,0.0,1,1016.6,1014.3,27,0,0,27,18.0,291,49.0,364.0,255.0,109.0,589.9,3600.0,0.28,1.32,24.5,0.074,Napoli,40.8518,14.2681
2026-04-24T19:00,18.1,42,4.9,14.7,0.0,0.0,0.0,0.0,0.0,0,1016.4,1014.1,3,0,0,3,14.9,298,42.8,171.0,91.0,80.0,367.8,3600.0,0.17,1.21,23.1,0.075,Napoli,40.8518,14.2681
2026-04-24T20:00,17.5,46,5.8,14.9,0.0,0.0,0.0,0.0,0.0,0,1016.5,1014.2,0,0,0,0,10.1,290,35.3,30.0,9.0,21.0,95.0,1402.91,0.08,1.07,21.5,0.062,Napoli,40.8518,14.2681
2026-04-24T21:00,16.7,50,6.2,14.6,0.0,0.0,0.0,0.0,0.0,0,1017.1,1014.8,0,0,0,0,7.6,289,22.3,0.0,0.0,0.0,0.0,0.0,0.04,0.96,20.0,0.062,Napoli,40.8518,14.2681
2026-04-24T22:00,16.0,58,7.7,14.7,0.0,0.0,0.0,0.0,0.0,0,1017.4,1015.1,0,0,0,0,4.9,276,18.0,0.0,0.0,0.0,0.0,0.0,0.02,0.77,18.7,0.062,Napoli,40.8518,14.2681
2026-04-24T23:00,15.1,66,8.7,14.1,0.0,0.0,0.0,0.0,0.0,0,1017.5,1015.2,0,0,0,0,4.0,270,12.6,0.0,0.0,0.0,0.0,0.0,0.0,0.59,17.5,0.062,Napoli,40.8518,14.2681
2026-04-25T00:00,14.6,68,8.8,13.9,0.0,0.0,0.0,0.0,0.0,0,1017.4,1015.1,0,0,0,0,2.3,274,9.7,0.0,0.0,0.0,0.0,0.0,0.0,0.53,16.3,0.062,Napoli,40.8518,14.2681
2026-04-25T01:00,14.3,70,8.8,13.8,0.0,0.0,0.0,0.0,0.0,0,1017.2,1014.9,0,0,0,0,0.7,284,6.1,0.0,0.0,0.0,0.0,0.0,0.0,0.5,15.3,0.062,Napoli,40.8518,14.2681
2026-04-25T02:00,13.3,71,8.2,12.6,0.0,0.0,0.0,0.0,0.0,0,1016.8,1014.5,0,0,0,0,1.3,45,3.2,0.0,0.0,0.0,0.0,0.0,0.0,0.43,13.5,0.067,Napoli,40.8518,14.2681
2026-04-25T03:00,12.7,71,7.5,11.9,0.0,0.0,0.0,0.0,0.0,0,1016.6,1014.3,0,0,0,0,0.4,360,4.3,0.0,0.0,0.0,0.0,0.0,0.0,0.43,12.8,0.067,Napoli,40.8518,14.2681
2026-04-25T04:00,11.9,71,6.8,11.0,0.0,0.0,0.0,0.0,0.0,0,1016.7,1014.4,0,0,0,0,0.5,360,3.2,0.0,0.0,0.0,0.0,0.0,0.0,0.4,12.2,0.067,Napoli,40.8518,14.2681
2026-04-25T05:00,10.9,71,5.9,9.7,0.0,0.0,0.0,0.0,0.0,0,1016.9,1014.6,0,0,0,0,1.5,14,4.0,0.0,0.0,0.0,0.0,0.0,0.0,0.38,11.6,0.067,Napoli,40.8518,14.2681
2026-04-25T06:00,10.1,72,5.3,8.7,0.0,0.0,0.0,0.0,0.0,0,1017.1,1014.8,0,0,0,0,2.0,27,4.3,0.0,0.0,0.0,0.0,0.0,0.0,0.35,11.1,0.067,Napoli,40.8518,14.2681
2026-04-25T07:00,11.0,66,4.8,9.3,0.0,0.0,0.0,0.0,0.0,0,1017.5,1015.2,0,0,0,0,2.8,40,6.1,27.0,8.0,19.0,87.2,1146.45,0.01,0.45,10.9,0.067,Napoli,40.8518,14.2681
2026-04-25T08:00,14.0,55,5.0,12.2,0.0,0.0,0.0,0.0,0.0,0,1017.7,1015.4,0,0,0,0,3.5,66,10.8,169.0,95.0,74.0,393.0,3600.0,0.09,0.72,10.8,0.073,Napoli,40.8518,14.2681
2026-04-25T09:00,16.7,57,8.2,15.7,0.0,0.0,0.0,0.0,0.0,0,1018.0,1015.7,0,0,0,0,3.6,147,13.7,360.0,253.0,107.0,592.2,3600.0,0.19,0.82,13.3,0.073,Napoli,40.8518,14.2681
2026-04-25T10:00,18.1,64,11.1,17.1,0.0,0.0,0.0,0.0,0.0,0,1018.1,1015.8,0,0,0,0,8.5,179,24.1,548.0,421.0,127.0,709.0,3600.0,0.31,0.75,16.2,0.073,Napoli,40.8518,14.2681
2026-04-25T11:00,18.6,60,10.7,18.1,0.0,0.0,0.0,0.0,0.0,0,1018.2,1015.9,0,0,0,0,10.8,183,30.2,708.0,567.0,141.0,776.7,3600.0,0.4,0.86,18.8,0.073,Napoli,40.8518,14.2681
2026-04-25T12:00,19.1,56,10.0,19.0,0.0,0.0,0.0,0.0,0.0,0,1018.1,1015.8,0,0,0,0,11.2,186,32.0,823.0,674.0,149.0,815.2,3600.0,0.47,0.98,21.2,0.073,Napoli,40.8518,14.2681
2026-04-25T13:00,19.6,54,9.9,19.7,0.0,0.0,0.0,0.0,0.0,0,1017.6,1015.3,0,0,0,0,11.9,184,33.8,884.0,731.0,153.0,833.2,3600.0,0.51,1.06,23.3,0.073,Napoli,40.8518,14.2681
2026-04-25T14:00,20.3,59,12.1,20.9,0.0,0.0,0.0,0.0,0.0,0,1017.2,1015.0,0,0,0,0,12.5,184,34.9,883.0,730.0,153.0,831.1,3600.0,0.51,0.96,24.7,0.082,Napoli,40.8518,14.2681
2026-04-25T15:00,20.9,58,12.3,21.4,0.0,0.0,0.0,0.0,0.0,0,1016.8,1014.6,0,0,0,0,11.5,203,34.6,822.0,673.0,149.0,811.0,3600.0,0.49,1.03,25.7,0.081,Napoli,40.8518,14.2681
2026-04-25T16:00,20.9,54,11.2,20.5,0.0,0.0,0.0,0.0,0.0,0,1016.5,1014.3,0,0,0,0,11.5,228,32.8,710.0,569.0,141.0,774.2,3600.0,0.43,1.14,26.2,0.08,Napoli,40.8518,14.2681
2026-04-25T17:00,20.5,53,10.6,19.1,0.0,0.0,0.0,0.0,0.0,0,1016.3,1014.1,0,0,0,0,10.4,240,32.0,555.0,427.0,128.0,711.3,3600.0,0.34,1.13,26.0,0.08,Napoli,40.8518,14.2681
2026-04-25T18:00,19.6,56,10.7,18.5,0.0,0.0,0.0,0.0,0.0,0,1016.4,1014.1,0,0,0,0,8.6,244,28.8,369.0,262.0,107.0,602.3,3600.0,0.23,1.0,25.2,0.08,Napoli,40.8518,14.2681
2026-04-25T19:00,18.4,64,11.4,17.7,0.0,0.0,0.0,0.0,0.0,0,1016.4,1014.1,0,0,0,0,7.3,237,23.8,178.0,102.0,76.0,407.4,3600.0,0.11,0.77,23.8,0.08,Napoli,40.8518,14.2681
2026-04-25T20:00,17.3,68,11.4,17.0,0.0,0.0,0.0,0.0,0.0,0,1016.5,1014.2,0,0,0,0,5.0,226,19.1,32.0,10.0,22.0,103.9,1691.82,0.03,0.62,22.2,0.07,Napoli,40.8518,14.2681
2026-04-25T21:00,16.4,72,11.4,16.2,0.0,0.0,0.0,0.0,0.0,0,1017.1,1014.8,0,0,0,0,4.1,229,10.8,0.0,0.0,0.0,0.0,0.0,0.0,0.52,20.5,0.071,Napoli,40.8518,14.2681
2026-04-25T22:00,15.6,77,11.6,15.6,0.0,0.0,0.0,0.0,0.0,0,1017.6,1015.3,0,0,0,0,3.7,223,9.0,0.0,0.0,0.0,0.0,0.0,0.0,0.41,19.0,0.071,Napoli,40.8518,14.2681
2026-04-25T23:00,14.9,82,11.9,14.9,0.0,0.0,0.0,0.0,0.0,0,1017.8,1015.5,0,0,0,0,3.8,199,8.3,0.0,0.0,0.0,0.0,0.0,0.0,0.3,17.8,0.071,Napoli,40.8518,14.2681
2026-04-26T00:00,14.4,87,12.2,14.5,0.0,0.0,0.0,0.0,0.0,0,1018.0,1015.7,0,0,0,0,4.0,183,8.3,0.0,0.0,0.0,0.0,0.0,0.0,0.21,16.7,0.071,Napoli,40.8518,14.2681
2026-04-26T01:00,14.1,88,12.2,14.2,0.0,0.0,0.0,0.0,0.0,0,1018.1,1015.8,0,0,0,0,4.0,180,8.6,0.0,0.0,0.0,0.0,0.0,0.0,0.19,15.8,0.071,Napoli,40.8518,14.2681
2026-04-26T02:00,14.4,88,12.4,14.3,0.0,0.0,0.0,0.0,0.0,0,1017.8,1015.5,0,0,0,0,5.4,195,10.1,0.0,0.0,0.0,0.0,0.0,0.0,0.2,15.3,0.073,Napoli,40.8518,14.2681
2026-04-26T03:00,14.0,88,12.1,14.0,0.0,0.0,0.0,0.0,0.0,0,1017.6,1015.3,0,0,0,0,4.5,196,11.5,0.0,0.0,0.0,0.0,0.0,0.0,0.19,14.7,0.073,Napoli,40.8518,14.2681
2026-04-26T04:00,13.9,88,12.0,13.8,0.0,0.0,0.0,0.0,0.0,0,1017.5,1015.2,0,0,0,0,4.9,180,10.1,0.0,0.0,0.0,0.0,0.0,0.0,0.19,14.2,0.073,Napoli,40.8518,14.2681
2026-04-26T05:00,13.9,89,12.2,13.8,0.0,0.0,0.0,0.0,0.0,0,1017.5,1015.2,0,0,0,0,5.0,167,10.8,0.0,0.0,0.0,0.0,0.0,0.0,0.17,13.9,0.073,Napoli,40.8518,14.2681
2026-04-26T06:00,14.0,90,12.4,13.7,0.0,0.0,0.0,0.0,0.0,0,1017.6,1015.3,10,10,0,0,6.5,156,13.3,0.0,0.0,0.0,0.0,0.0,0.0,0.16,13.7,0.073,Napoli,40.8518,14.2681
2026-04-26T07:00,14.2,91,12.7,13.9,0.0,0.0,0.0,0.0,0.0,1,1018.1,1015.8,24,24,0,0,7.5,147,15.1,27.0,7.0,20.0,74.7,794.19,0.01,0.15,13.7,0.073,Napoli,40.8518,14.2681
2026-04-26T08:00,15.8,83,13.0,15.7,0.0,0.0,0.0,0.0,0.0,1,1018.5,1016.2,20,20,0,0,7.2,158,18.7,156.0,75.0,81.0,305.1,3600.0,0.08,0.3,14.2,0.077,Napoli,40.8518,14.2681
2026-04-26T09:00,17.2,72,12.2,16.5,0.0,0.0,0.0,0.0,0.0,2,1018.9,1016.6,52,52,0,0,9.2,174,24.5,337.0,216.0,121.0,501.2,3600.0,0.19,0.55,15.9,0.077,Napoli,40.8518,14.2681
2026-04-26T10:00,18.4,66,12.0,17.7,0.0,0.0,0.0,0.0,0.0,0,1019.1,1016.8,18,18,0,0,9.0,179,26.3,529.0,380.0,149.0,636.3,3600.0,0.3,0.71,18.1,0.077,Napoli,40.8518,14.2681
2026-04-26T11:00,19.1,63,12.0,19.2,0.0,0.0,0.0,0.0,0.0,0,1019.4,1017.1,11,11,0,0,9.4,187,28.4,700.0,545.0,155.0,743.3,3600.0,0.4,0.81,20.4,0.077,Napoli,40.8518,14.2681
2026-04-26T12:00,19.8,60,11.9,20.5,0.0,0.0,0.0,0.0,0.0,0,1019.8,1017.5,5,5,0,0,9.8,186,29.9,818.0,659.0,159.0,794.3,3600.0,0.47,0.92,22.6,0.077,Napoli,40.8518,14.2681
2026-04-26T13:00,20.3,59,11.9,21.3,0.0,0.0,0.0,0.0,0.0,0,1019.5,1017.2,0,0,0,0,10.5,188,31.7,882.0,724.0,158.0,822.7,3600.0,0.52,0.99,24.5,0.076,Napoli,40.8518,14.2681
2026-04-26T14:00,20.5,59,12.1,21.6,0.0,0.0,0.0,0.0,0.0,0,1019.1,1016.8,0,0,0,0,10.1,191,31.7,889.0,737.0,152.0,836.6,3600.0,0.52,0.99,25.7,0.09,Napoli,40.8518,14.2681
2026-04-26T15:00,20.6,58,11.9,21.3,0.0,0.0,0.0,0.0,0.0,0,1018.9,1016.7,0,0,0,0,10.1,199,30.2,831.0,683.0,148.0,820.6,3600.0,0.49,1.03,26.3,0.088,Napoli,40.8518,14.2681
2026-04-26T16:00,20.6,54,11.1,20.5,0.0,0.0,0.0,0.0,0.0,0,1018.6,1016.4,0,0,0,0,9.6,227,29.9,722.0,582.0,140.0,789.2,3600.0,0.44,1.11,26.6,0.087,Napoli,40.8518,14.2681
2026-04-26T17:00,20.2,55,10.9,19.0,0.0,0.0,0.0,0.0,0.0,0,1018.5,1016.2,0,0,0,0,10.4,262,29.2,566.0,439.0,127.0,728.2,3600.0,0.34,1.06,26.2,0.086,Napoli,40.8518,14.2681
2026-04-26T18:00,19.4,56,10.4,18.0,0.0,0.0,0.0,0.0,0.0,0,1018.7,1016.4,0,0,0,0,10.1,274,29.5,377.0,269.0,108.0,614.6,3600.0,0.24,0.98,25.2,0.085,Napoli,40.8518,14.2681
2026-04-26T19:00,18.2,61,10.7,17.2,0.0,0.0,0.0,0.0,0.0,0,1018.8,1016.5,0,0,0,0,8.2,284,27.0,183.0,106.0,77.0,418.5,3600.0,0.12,0.81,23.7,0.085,Napoli,40.8518,14.2681
2026-04-26T20:00,17.3,68,11.3,17.0,0.0,0.0,0.0,0.0,0.0,0,1018.8,1016.5,0,0,0,0,4.5,277,20.5,33.0,11.0,22.0,112.6,1982.14,0.03,0.64,22.2,0.074,Napoli,40.8518,14.2681
2026-04-26T21:00,16.5,74,11.7,16.6,0.0,0.0,0.0,0.0,0.0,0,1019.4,1017.1,0,0,0,0,2.7,262,10.4,0.0,0.0,0.0,0.0,0.0,0.0,0.5,20.6,0.074,Napoli,40.8518,14.2681
2026-04-26T22:00,15.7,79,12.0,16.1,0.0,0.0,0.0,0.0,0.0,0,1019.8,1017.5,0,0,0,0,1.5,225,7.2,0.0,0.0,0.0,0.0,0.0,0.0,0.38,19.1,0.074,Napoli,40.8518,14.2681
2026-04-26T23:00,15.2,83,12.2,15.7,0.0,0.0,0.0,0.0,0.0,0,1020.0,1017.7,0,0,0,0,1.1,189,4.7,0.0,0.0,0.0,0.0,0.0,0.0,0.3,17.8,0.074,Napoli,40.8518,14.2681
2026-04-27T00:00,14.7,86,12.4,15.2,0.0,0.0,0.0,0.0,0.0,0,1020.1,1017.8,0,0,0,0,1.3,188,3.2,0.0,0.0,0.0,0.0,0.0,0.0,0.24,16.7,0.075,Napoli,40.8518,14.2681
2026-04-27T01:00,14.2,89,12.4,14.6,0.0,0.0,0.0,0.0,0.0,0,1019.8,1017.5,0,0,0,0,2.1,211,4.3,0.0,0.0,0.0,0.0,0.0,0.0,0.18,15.8,0.075,Napoli,40.8518,14.2681
2026-04-27T02:00,13.9,93,12.8,14.4,0.0,0.0,0.0,0.0,0.0,0,1019.7,1017.4,0,0,0,0,2.1,211,6.8,0.0,0.0,0.0,0.0,0.0,0.0,0.11,14.7,0.081,Napoli,40.8518,14.2681
2026-04-27T03:00,13.5,94,12.6,13.9,0.0,0.0,0.0,0.0,0.0,0,1019.5,1017.2,5,5,0,0,2.2,204,4.7,0.0,0.0,0.0,0.0,0.0,0.0,0.09,14.1,0.081,Napoli,40.8518,14.2681
2026-04-27T04:00,13.4,95,12.6,14.0,0.0,0.0,0.0,0.0,0.0,0,1019.5,1017.2,17,17,0,0,1.3,188,4.7,0.0,0.0,0.0,0.0,0.0,0.0,0.07,13.5,0.081,Napoli,40.8518,14.2681
2026-04-27T05:00,13.3,96,12.6,13.9,0.0,0.0,0.0,0.0,0.0,1,1019.4,1017.1,29,29,0,0,1.1,180,3.2,0.0,0.0,0.0,0.0,0.0,0.0,0.06,13.1,0.081,Napoli,40.8518,14.2681
2026-04-27T06:00,13.2,96,12.7,13.9,0.0,0.0,0.0,0.0,0.0,2,1019.5,1017.2,79,79,0,0,1.0,158,3.2,0.0,0.0,0.0,0.0,0.0,0.0,0.05,12.7,0.081,Napoli,40.8518,14.2681
2026-04-27T07:00,13.9,97,13.4,14.7,0.0,0.0,0.0,0.0,0.0,3,1019.9,1017.6,94,94,0,0,1.4,130,2.9,27.0,6.0,21.0,62.7,441.41,0.01,0.05,12.9,0.081,Napoli,40.8518,14.2681
2026-04-27T08:00,15.3,94,14.3,16.5,0.0,0.0,0.0,0.0,0.0,1,1020.2,1017.9,38,38,0,0,1.3,164,10.8,146.0,61.0,85.0,244.2,3600.0,0.07,0.11,13.2,0.087,Napoli,40.8518,14.2681
2026-04-27T09:00,17.0,81,13.7,17.8,0.0,0.0,0.0,0.0,0.0,2,1020.2,1017.9,55,55,0,0,2.3,184,11.9,320.0,176.0,144.0,404.9,3600.0,0.17,0.37,15.3,0.087,Napoli,40.8518,14.2681
2026-04-27T10:00,18.5,71,13.1,18.9,0.0,0.0,0.0,0.0,0.0,1,1020.3,1018.0,38,38,0,0,3.5,192,15.5,507.0,333.0,174.0,554.4,3600.0,0.29,0.62,17.7,0.087,Napoli,40.8518,14.2681
2026-04-27T11:00,19.7,67,13.5,20.9,0.0,0.0,0.0,0.0,0.0,0,1020.1,1017.8,15,15,0,0,5.6,195,20.2,688.0,523.0,165.0,710.3,3600.0,0.4,0.75,20.2,0.086,Napoli,40.8518,14.2681
2026-04-27T12:00,20.4,67,14.0,22.1,0.0,0.0,0.0,0.0,0.0,0,1019.7,1017.4,6,6,0,0,8.3,202,25.9,817.0,659.0,158.0,791.6,3600.0,0.48,0.8,22.5,0.085,Napoli,40.8518,14.2681
2026-04-27T13:00,21.0,64,13.9,22.7,0.0,0.0,0.0,0.0,0.0,0,1019.2,1017.0,2,2,0,0,9.8,206,29.5,882.0,728.0,154.0,824.7,3600.0,0.52,0.89,24.4,0.084,Napoli,40.8518,14.2681
2026-04-27T14:00,21.3,60,13.2,22.5,0.0,0.0,0.0,0.0,0.0,0,1018.7,1016.5,0,0,0,0,11.4,217,31.3,887.0,736.0,151.0,833.1,3600.0,0.53,1.01,25.2,0.099,Napoli,40.8518,14.2681
2026-04-27T15:00,21.5,53,11.6,22.0,0.0,0.0,0.0,0.0,0.0,0,1018.2,1016.0,1,1,0,0,10.2,222,32.4,820.0,667.0,153.0,799.1,3600.0,0.5,1.2,26.0,0.097,Napoli,40.8518,14.2681
2026-04-27T16:00,21.4,48,10.0,21.0,0.0,0.0,0.0,0.0,0.0,0,1017.7,1015.5,1,1,0,0,9.3,238,29.9,718.0,575.0,143.0,777.2,3600.0,0.45,1.32,26.3,0.095,Napoli,40.8518,14.2681
2026-04-27T17:00,20.9,47,9.2,19.5,0.0,0.0,0.0,0.0,0.0,0,1017.5,1015.3,1,0,1,0,8.5,265,27.4,561.0,431.0,130.0,712.0,3600.0,0.35,1.3,26.0,0.093,Napoli,40.8518,14.2681
2026-04-27T18:00,19.8,56,10.7,18.7,0.0,0.0,0.0,0.0,0.0,0,1017.5,1015.2,2,0,2,0,8.5,272,25.2,374.0,265.0,109.0,601.7,3600.0,0.23,1.02,25.1,0.092,Napoli,40.8518,14.2681
2026-04-27T19:00,18.5,66,12.1,18.0,0.0,0.0,0.0,0.0,0.0,0,1017.2,1014.9,2,0,2,0,7.5,285,23.4,182.0,104.0,78.0,405.9,3600.0,0.11,0.72,23.6,0.091,Napoli,40.8518,14.2681
2026-04-27T20:00,17.6,73,12.8,17.6,0.0,0.0,0.0,0.0,0.0,0,1017.1,1014.8,0,0,0,0,5.9,301,18.7,34.0,11.0,23.0,110.9,1957.76,0.03,0.53,22.3,0.078,Napoli,40.8518,14.2681
2026-04-27T21:00,16.9,78,13.0,17.2,0.0,0.0,0.0,0.0,0.0,0,1017.5,1015.2,0,0,0,0,4.1,299,13.0,0.0,0.0,0.0,0.0,0.0,0.0,0.43,20.6,0.078,Napoli,40.8518,14.2681
2026-04-27T22:00,16.0,81,12.8,16.6,0.0,0.0,0.0,0.0,0.0,0,1017.8,1015.5,1,0,0,1,2.1,290,9.7,0.0,0.0,0.0,0.0,0.0,0.0,0.34,19.2,0.078,Napoli,40.8518,14.2681
2026-04-27T23:00,15.4,83,12.5,15.7,0.0,0.0,0.0,0.0,0.0,0,1017.7,1015.4,0,0,0,0,2.9,259,6.1,0.0,0.0,0.0,0.0,0.0,0.0,0.31,17.9,0.078,Napoli,40.8518,14.2681
2026-04-28T00:00,14.9,86,12.6,15.2,0.0,0.0,0.0,0.0,0.0,0,1017.7,1015.4,0,0,0,0,3.7,235,7.9,0.0,0.0,0.0,0.0,0.0,0.0,0.24,16.9,0.078,Napoli,40.8518,14.2681
2026-04-28T01:00,14.7,87,12.5,15.1,0.0,0.0,0.0,0.0,0.0,0,1017.8,1015.5,0,0,0,0,2.0,243,7.6,0.0,0.0,0.0,0.0,0.0,0.0,0.22,15.9,0.079,Napoli,40.8518,14.2681
2026-04-28T02:00,14.1,90,12.6,14.6,0.0,0.0,0.0,0.0,0.0,0,1017.7,1015.4,0,0,0,0,1.9,209,5.4,0.0,0.0,0.0,0.0,0.0,0.0,0.15,15.1,0.083,Napoli,40.8518,14.2681
2026-04-28T03:00,13.7,93,12.5,14.3,0.0,0.0,0.0,0.0,0.0,0,1017.3,1015.0,0,0,0,0,0.7,166,4.7,0.0,0.0,0.0,0.0,0.0,0.0,0.11,14.4,0.083,Napoli,40.8518,14.2681
2026-04-28T04:00,13.1,95,12.4,13.8,0.0,0.0,0.0,0.0,0.0,0,1017.1,1014.8,0,0,0,0,0.6,108,2.5,0.0,0.0,0.0,0.0,0.0,0.0,0.07,13.7,0.083,Napoli,40.8518,14.2681
2026-04-28T05:00,12.6,96,12.1,13.1,0.0,0.0,0.0,0.0,0.0,0,1016.9,1014.6,0,0,0,0,0.9,79,1.8,0.0,0.0,0.0,0.0,0.0,0.0,0.05,13.1,0.083,Napoli,40.8518,14.2681
2026-04-28T06:00,11.9,98,11.6,12.2,0.0,0.0,0.0,0.0,0.0,0,1016.6,1014.3,0,0,0,0,1.1,72,2.5,0.0,0.0,0.0,0.0,0.0,0.0,0.03,12.6,0.083,Napoli,40.8518,14.2681
2026-04-28T07:00,12.2,99,12.0,12.6,0.0,0.0,0.0,0.0,0.0,0,1016.8,1014.5,4,4,0,0,0.9,37,2.5,32.0,10.0,22.0,102.4,1670.51,0.0,0.01,12.5,0.083,Napoli,40.8518,14.2681
2026-04-28T08:00,13.8,92,12.6,14.5,0.0,0.0,0.0,0.0,0.0,0,1017.1,1014.8,2,2,0,0,0.9,349,6.8,173.0,86.0,87.0,339.1,3600.0,0.08,0.12,12.9,0.085,Napoli,40.8518,14.2681
2026-04-28T09:00,16.6,81,13.3,17.4,0.0,0.0,0.0,0.0,0.0,0,1017.1,1014.8,1,1,0,0,1.7,131,11.2,364.0,241.0,123.0,549.9,3600.0,0.19,0.36,15.1,0.085,Napoli,40.8518,14.2681
2026-04-28T10:00,18.7,67,12.3,18.8,0.0,0.0,0.0,0.0,0.0,0,1017.0,1014.7,0,0,0,0,4.2,173,16.6,563.0,434.0,129.0,718.7,3600.0,0.32,0.72,17.6,0.085,Napoli,40.8518,14.2681
2026-04-28T11:00,20.1,62,12.5,20.9,0.0,0.0,0.0,0.0,0.0,0,1017.1,1014.9,0,0,0,0,6.9,186,22.7,725.0,586.0,139.0,792.6,3600.0,0.43,0.9,20.3,0.084,Napoli,40.8518,14.2681
2026-04-28T12:00,20.8,60,12.7,22.1,0.0,0.0,0.0,0.0,0.0,0,1017.0,1014.8,3,3,0,0,8.5,192,26.6,842.0,695.0,147.0,832.1,3600.0,0.5,0.99,22.6,0.083,Napoli,40.8518,14.2681
2026-04-28T13:00,21.3,55,12.0,22.5,0.0,0.0,0.0,0.0,0.0,0,1016.7,1014.5,5,5,0,0,9.9,192,29.2,901.0,743.0,158.0,839.3,3600.0,0.54,1.13,24.6,0.082,Napoli,40.8518,14.2681
2026-04-28T14:00,21.7,53,11.8,22.6,0.0,0.0,0.0,0.0,0.0,0,1016.5,1014.3,0,0,0,0,11.1,194,31.7,902.0,743.0,159.0,838.7,3600.0,0.55,1.2,25.9,0.092,Napoli,40.8518,14.2681
2026-04-28T15:00,21.7,58,13.1,22.8,0.0,0.0,0.0,0.0,0.0,0,1016.3,1014.1,0,0,0,0,10.7,193,31.7,841.0,691.0,150.0,825.5,3600.0,0.51,1.09,26.6,0.091,Napoli,40.8518,14.2681
2026-04-28T16:00,21.7,57,12.9,22.3,0.0,0.0,0.0,0.0,0.0,0,1015.7,1013.5,0,0,0,0,9.2,197,30.2,730.0,588.0,142.0,792.2,3600.0,0.45,1.11,26.9,0.089,Napoli,40.8518,14.2681
2026-04-28T17:00,21.6,54,11.9,21.2,0.0,0.0,0.0,0.0,0.0,0,1015.4,1013.2,0,0,0,0,7.3,213,27.0,573.0,445.0,128.0,732.1,3600.0,0.36,1.18,26.7,0.088,Napoli,40.8518,14.2681
2026-04-28T18:00,21.0,50,10.0,20.1,0.0,0.0,0.0,0.0,0.0,0,1015.4,1013.2,0,0,0,0,5.9,239,22.7,387.0,277.0,110.0,625.2,3600.0,0.24,1.25,26.0,0.087,Napoli,40.8518,14.2681
2026-04-28T19:00,19.8,51,9.4,18.9,0.0,0.0,0.0,0.0,0.0,0,1015.3,1013.1,0,0,0,0,4.9,266,18.4,192.0,113.0,79.0,436.2,3600.0,0.12,1.12,24.5,0.086,Napoli,40.8518,14.2681
2026-04-28T20:00,17.9,67,11.8,17.9,0.0,0.0,0.0,0.0,0.0,0,1015.2,1012.9,0,0,0,0,3.5,298,13.3,38.0,13.0,25.0,129.2,2567.03,0.02,0.67,22.9,0.08,Napoli,40.8518,14.2681
2026-04-28T21:00,16.9,74,12.1,17.1,0.0,0.0,0.0,0.0,0.0,0,1015.7,1013.4,0,0,0,0,2.5,300,7.6,0.0,0.0,0.0,0.0,0.0,0.0,0.51,21.0,0.08,Napoli,40.8518,14.2681
2026-04-28T22:00,16.1,76,11.8,16.2,0.0,0.0,0.0,0.0,0.0,0,1016.1,1013.8,0,0,0,0,2.8,325,6.8,0.0,0.0,0.0,0.0,0.0,0.0,0.45,19.4,0.08,Napoli,40.8518,14.2681
2026-04-28T23:00,15.3,80,11.9,15.4,0.0,0.0,0.0,0.0,0.0,0,1016.0,1013.7,0,0,0,0,2.9,356,6.8,0.0,0.0,0.0,0.0,0.0,0.0,0.34,18.0,0.08,Napoli,40.8518,14.2681
2026-04-29T00:00,14.9,80,11.4,15.1,0.0,0.0,0.0,0.0,0.0,0,1016.1,1013.8,0,0,0,0,1.2,27,5.8,0.0,0.0,0.0,0.0,0.0,0.0,0.35,16.8,0.08,Napoli,40.8518,14.2681
2026-04-29T01:00,14.7,77,10.8,14.8,0.0,0.0,0.0,0.0,0.0,0,1016.4,1014.1,0,0,0,0,0.6,162,2.5,0.0,0.0,0.0,0.0,0.0,0.0,0.38,15.7,0.081,Napoli,40.8518,14.2681
2026-04-29T02:00,13.8,73,9.0,13.5,0.0,0.0,0.0,0.0,0.0,0,1016.1,1013.8,0,0,0,0,0.6,342,2.9,0.0,0.0,0.0,0.0,0.0,0.0,0.43,13.1,0.106,Napoli,40.8518,14.2681
2026-04-29T03:00,12.1,79,8.5,11.3,0.0,0.0,0.0,0.0,0.0,0,1016.0,1013.7,0,0,0,0,3.0,17,5.4,0.0,0.0,0.0,0.0,0.0,0.0,0.3,12.6,0.106,Napoli,40.8518,14.2681
2026-04-29T04:00,11.5,82,8.5,10.4,0.0,0.0,0.0,0.0,0.0,0,1015.9,1013.6,0,0,0,0,4.2,36,7.9,0.0,0.0,0.0,0.0,0.0,0.0,0.24,12.1,0.106,Napoli,40.8518,14.2681
2026-04-29T05:00,11.3,82,8.4,10.2,0.0,0.0,0.0,0.0,0.0,0,1015.7,1013.4,0,0,0,0,4.5,50,8.3,0.0,0.0,0.0,0.0,0.0,0.0,0.24,11.7,0.106,Napoli,40.8518,14.2681
2026-04-29T06:00,11.2,81,8.0,10.0,0.0,0.0,0.0,0.0,0.0,0,1015.4,1013.1,0,0,0,0,4.6,45,9.0,0.0,0.0,0.0,0.0,0.0,0.0,0.26,11.4,0.106,Napoli,40.8518,14.2681
2026-04-29T07:00,12.3,78,8.5,11.5,0.0,0.0,0.0,0.0,0.0,0,1015.8,1013.5,0,0,0,0,2.6,25,8.3,36.0,12.0,24.0,120.5,2271.18,0.01,0.32,11.4,0.107,Napoli,40.8518,14.2681
2026-04-29T08:00,14.8,70,9.3,14.1,0.0,0.0,0.0,0.0,0.0,0,1016.2,1013.9,0,0,0,0,3.1,69,7.9,189.0,111.0,78.0,431.2,3600.0,0.09,0.51,11.5,0.135,Napoli,40.8518,14.2681
2026-04-29T09:00,17.6,65,11.0,17.5,0.0,0.0,0.0,0.0,0.0,0,1016.2,1013.9,0,0,0,0,2.5,111,10.4,383.0,274.0,109.0,620.3,3600.0,0.21,0.7,13.8,0.135,Napoli,40.8518,14.2681
2026-04-29T10:00,20.0,53,10.1,19.8,0.0,0.0,0.0,0.0,0.0,0,1016.5,1014.3,0,0,0,0,2.7,148,12.6,569.0,441.0,128.0,726.4,3600.0,0.34,1.1,16.5,0.133,Napoli,40.8518,14.2681
2026-04-29T11:00,21.6,45,9.1,21.8,0.0,0.0,0.0,0.0,0.0,0,1016.4,1014.2,0,0,0,0,4.1,182,15.8,724.0,583.0,141.0,785.5,3600.0,0.45,1.42,19.0,0.13,Napoli,40.8518,14.2681
2026-04-29T12:00,22.3,44,9.4,22.5,0.0,0.0,0.0,0.0,0.0,0,1016.6,1014.4,0,0,0,0,8.8,195,24.8,835.0,685.0,150.0,817.5,3600.0,0.53,1.52,21.2,0.126,Napoli,40.8518,14.2681
2026-04-29T13:00,22.1,44,9.4,22.1,0.0,0.0,0.0,0.0,0.0,0,1016.5,1014.3,0,0,0,0,12.3,195,32.4,893.0,739.0,154.0,832.4,3600.0,0.56,1.48,22.8,0.122,Napoli,40.8518,14.2681
2026-04-29T14:00,22.5,38,7.5,21.9,0.0,0.0,0.0,0.0,0.0,0,1016.3,1014.1,0,0,0,0,12.8,191,33.8,896.0,744.0,152.0,837.6,3600.0,0.58,1.69,25.2,0.083,Napoli,40.8518,14.2681
2026-04-29T15:00,23.0,41,9.0,22.7,0.0,0.0,0.0,0.0,0.0,0,1015.8,1013.6,5,0,5,0,10.9,187,33.1,830.0,674.0,156.0,802.9,3600.0,0.54,1.67,26.5,0.083,Napoli,40.8518,14.2681
2026-04-29T16:00,22.8,46,10.5,22.5,0.0,0.0,0.0,0.0,0.0,0,1015.3,1013.1,4,0,4,0,9.7,192,30.6,721.0,579.0,142.0,777.6,3600.0,0.47,1.51,27.1,0.082,Napoli,40.8518,14.2681
2026-04-29T17:00,22.3,47,10.6,21.1,0.0,0.0,0.0,0.0,0.0,0,1014.9,1012.7,16,0,16,0,9.5,202,27.7,558.0,425.0,133.0,696.4,3600.0,0.37,1.42,27.0,0.081,Napoli,40.8518,14.2681
2026-04-29T18:00,21.6,50,10.9,20.6,0.0,0.0,0.0,0.0,0.0,1,1014.9,1012.7,20,0,20,0,8.4,211,26.3,361.0,243.0,118.0,545.3,3600.0,0.25,1.28,26.3,0.081,Napoli,40.8518,14.2681
2026-04-29T19:00,20.7,53,10.6,19.9,0.0,0.0,0.0,0.0,0.0,1,1015.0,1012.8,36,0,36,0,6.3,250,22.0,169.0,84.0,85.0,320.7,3600.0,0.12,1.16,25.0,0.081,Napoli,40.8518,14.2681
2026-04-29T20:00,19.9,51,9.4,18.8,0.0,0.0,0.0,0.0,0.0,2,1015.0,1012.8,70,0,70,0,6.2,300,16.2,33.0,11.0,22.0,107.8,1909.51,0.06,1.14,23.6,0.089,Napoli,40.8518,14.2681
2026-04-29T21:00,18.3,48,7.3,17.0,0.1,0.1,0.0,0.0,0.0,51,1015.6,1013.3,64,0,63,5,4.1,322,14.8,0.0,0.0,0.0,0.0,0.0,0.02,1.08,21.9,0.09,Napoli,40.8518,14.2681
2026-04-29T22:00,17.7,57,9.1,17.0,0.0,0.0,0.0,0.0,0.0,1,1016.0,1013.7,30,0,27,5,2.7,340,10.8,0.0,0.0,0.0,0.0,0.0,0.0,0.86,20.5,0.09,Napoli,40.8518,14.2681
2026-04-29T23:00,17.4,53,7.6,16.2,0.0,0.0,0.0,0.0,0.0,1,1016.1,1013.8,49,0,48,6,3.7,35,8.3,0.0,0.0,0.0,0.0,0.0,0.01,0.94,19.2,0.09,Napoli,40.8518,14.2681
2026-04-30T00:00,16.8,54,7.6,15.6,0.0,0.0,0.0,0.0,0.0,3,1016.4,1014.1,90,0,78,75,3.8,357,12.2,0.0,0.0,0.0,0.0,0.0,0.01,0.87,18.2,0.09,Napoli,40.8518,14.2681
2026-04-30T01:00,16.9,53,7.2,15.6,0.5,0.5,0.0,0.0,0.0,53,1017.2,1014.9,99,0,90,98,3.6,288,11.5,0.0,0.0,0.0,0.0,0.0,0.01,0.91,17.7,0.095,Napoli,40.8518,14.2681
2026-04-30T02:00,16.7,80,13.2,17.3,4.3,4.3,0.0,0.0,0.0,63,1015.8,1013.5,100,0,100,100,2.7,53,20.9,0.0,0.0,0.0,0.0,0.0,0.0,0.38,17.7,0.106,Napoli,40.8518,14.2681
2026-04-30T03:00,16.7,78,12.8,17.1,0.0,0.0,0.0,0.0,0.0,3,1016.1,1013.8,100,0,100,100,2.7,62,7.9,0.0,0.0,0.0,0.0,0.0,0.0,0.42,17.4,0.106,Napoli,40.8518,14.2681
2026-04-30T04:00,16.7,80,13.2,17.6,0.0,0.0,0.0,0.0,0.0,3,1016.1,1013.8,100,0,100,100,0.9,270,6.1,0.0,0.0,0.0,0.0,0.0,0.0,0.39,17.1,0.106,Napoli,40.8518,14.2681
2026-04-30T05:00,16.1,81,12.8,16.7,0.0,0.0,0.0,0.0,0.0,3,1016.0,1013.7,100,0,100,100,1.8,11,4.0,0.0,0.0,0.0,0.0,0.0,0.0,0.36,16.8,0.106,Napoli,40.8518,14.2681
2026-04-30T06:00,15.7,83,12.8,16.5,0.0,0.0,0.0,0.0,0.0,3,1016.1,1013.8,100,0,100,100,0.7,270,8.6,0.0,0.0,0.0,0.0,0.0,0.0,0.31,16.4,0.106,Napoli,40.8518,14.2681
2026-04-30T07:00,16.0,87,13.7,16.9,0.3,0.3,0.0,0.0,0.0,51,1016.3,1014.0,100,0,100,100,1.4,157,7.9,8.0,0.0,8.0,0.0,0.0,0.02,0.24,16.4,0.11,Napoli,40.8518,14.2681
2026-04-30T08:00,15.1,84,12.5,14.8,0.7,0.7,0.0,0.0,0.0,53,1017.0,1014.7,100,1,100,92,7.6,54,12.2,39.0,0.0,39.0,0.0,0.0,0.04,0.27,16.1,0.13,Napoli,40.8518,14.2681
2026-04-30T09:00,16.2,82,13.0,16.3,0.0,0.0,0.0,0.0,0.0,3,1017.0,1014.7,100,2,100,60,5.4,50,18.0,104.0,7.0,97.0,15.7,0.0,0.08,0.34,16.3,0.13,Napoli,40.8518,14.2681
2026-04-30T10:00,17.4,77,13.3,17.0,0.0,0.0,0.0,0.0,0.0,3,1017.4,1015.1,100,0,100,0,10.2,53,24.5,155.0,5.0,150.0,8.2,0.0,0.12,0.46,16.8,0.13,Napoli,40.8518,14.2681
2026-04-30T11:00,18.5,64,11.5,16.8,0.0,0.0,0.0,0.0,0.0,3,1017.7,1015.4,87,1,87,0,14.8,61,37.4,328.0,86.0,242.0,115.4,1662.89,0.23,0.78,17.9,0.129,Napoli,40.8518,14.2681
2026-04-30T12:00,19.9,56,10.9,18.0,0.0,0.0,0.0,0.0,0.0,3,1018.0,1015.7,100,9,100,0,14.8,47,39.2,546.0,191.0,355.0,227.2,3600.0,0.35,1.01,19.3,0.126,Napoli,40.8518,14.2681
2026-04-30T13:00,19.6,55,10.4,17.2,0.0,0.0,0.0,0.0,0.0,2,1017.9,1015.6,70,2,69,0,16.9,50,42.1,386.0,87.0,299.0,97.7,1132.04,0.29,1.01,19.9,0.124,Napoli,40.8518,14.2681
2026-04-30T14:00,21.5,44,8.7,19.0,0.0,0.0,0.0,0.0,0.0,1,1017.5,1015.3,27,2,25,1,19.6,60,45.7,702.0,439.0,263.0,493.0,3600.0,0.47,1.44,21.5,0.116,Napoli,40.8518,14.2681
2026-04-30T15:00,21.3,44,8.5,19.2,0.0,0.0,0.0,0.0,0.0,1,1017.2,1015.0,30,1,23,9,18.9,61,49.0,771.0,584.0,187.0,693.8,3600.0,0.49,1.43,22.5,0.113,Napoli,40.8518,14.2681
2026-04-30T16:00,21.0,43,8.0,18.3,0.0,0.0,0.0,0.0,0.0,1,1017.1,1014.9,34,2,28,9,19.2,62,48.6,674.0,486.0,188.0,650.7,3600.0,0.44,1.41,23.0,0.11,Napoli,40.8518,14.2681
2026-04-30T17:00,20.3,44,7.6,16.5,0.0,0.0,0.0,0.0,0.0,0,1017.4,1015.2,17,5,15,0,21.5,67,51.8,528.0,369.0,159.0,602.2,3600.0,0.37,1.33,22.9,0.108,Napoli,40.8518,14.2681
2026-04-30T18:00,18.5,46,6.8,14.5,0.0,0.0,0.0,0.0,0.0,1,1017.7,1015.4,48,2,46,3,22.2,67,53.6,327.0,187.0,140.0,417.2,3600.0,0.26,1.14,22.0,0.106,Napoli,40.8518,14.2681
2026-04-30T19:00,17.5,46,5.7,13.3,0.0,0.0,0.0,0.0,0.0,2,1018.0,1015.7,52,1,49,4,21.3,63,52.6,166.0,80.0,86.0,302.2,3600.0,0.19,1.08,20.9,0.105,Napoli,40.8518,14.2681
2026-04-30T20:00,16.1,49,5.3,11.7,0.0,0.0,0.0,0.0,0.0,1,1018.9,1016.6,45,1,16,39,22.3,55,51.5,33.0,9.0,24.0,87.0,1249.65,0.13,0.94,19.8,0.103,Napoli,40.8518,14.2681
2026-04-30T21:00,15.4,48,4.5,10.8,0.0,0.0,0.0,0.0,0.0,0,1019.3,1017.0,12,0,3,9,21.8,55,51.1,0.0,0.0,0.0,0.0,0.0,0.11,0.9,18.5,0.102,Napoli,40.8518,14.2681
2026-04-30T22:00,14.6,49,3.9,9.9,0.0,0.0,0.0,0.0,0.0,1,1019.6,1017.3,24,1,1,23,21.6,56,50.4,0.0,0.0,0.0,0.0,0.0,0.11,0.85,17.4,0.102,Napoli,40.8518,14.2681
2026-04-30T23:00,14.2,48,3.5,9.7,0.0,0.0,0.0,0.0,0.0,1,1019.9,1017.6,43,1,15,33,20.4,53,50.4,0.0,0.0,0.0,0.0,0.0,0.1,0.84,16.4,0.101,Napoli,40.8518,14.2681
2026-05-01T00:00,14.1,46,2.5,9.7,0.0,0.0,0.0,0.0,0.0,1,1020.1,1017.8,24,3,13,11,18.6,45,48.2,0.0,0.0,0.0,0.0,0.0,0.1,0.88,15.7,0.1,Napoli,40.8518,14.2681
2026-05-01T01:00,14.1,45,2.4,9.7,0.0,0.0,0.0,0.0,0.0,0,1020.4,1018.1,6,2,5,0,18.3,41,43.9,0.0,0.0,0.0,0.0,0.0,0.1,0.88,15.2,0.1,Napoli,40.8518,14.2681
2026-05-01T02:00,13.3,50,3.0,8.9,0.0,0.0,0.0,0.0,0.0,0,1020.2,1017.9,2,2,1,0,18.6,44,42.8,0.0,0.0,0.0,0.0,0.0,0.09,0.77,15.7,0.092,Napoli,40.8518,14.2681
2026-05-01T03:00,13.2,51,3.2,8.9,0.0,0.0,0.0,0.0,0.0,0,1020.2,1017.9,2,1,2,0,18.3,46,43.6,0.0,0.0,0.0,0.0,0.0,0.09,0.74,15.0,0.092,Napoli,40.8518,14.2681
2026-05-01T04:00,12.9,52,3.4,8.7,0.0,0.0,0.0,0.0,0.0,0,1020.3,1018.0,2,2,0,0,18.2,51,43.6,0.0,0.0,0.0,0.0,0.0,0.08,0.71,14.4,0.091,Napoli,40.8518,14.2681
2026-05-01T05:00,12.6,54,3.6,8.5,0.0,0.0,0.0,0.0,0.0,0,1020.4,1018.1,2,2,0,0,17.7,49,42.5,0.0,0.0,0.0,0.0,0.0,0.08,0.67,13.9,0.091,Napoli,40.8518,14.2681
2026-05-01T06:00,12.3,55,3.6,8.1,0.0,0.0,0.0,0.0,0.0,0,1020.3,1018.0,2,2,0,0,18.3,46,42.8,0.0,0.0,0.0,0.0,0.0,0.07,0.64,13.5,0.091,Napoli,40.8518,14.2681
2026-05-01T07:00,12.6,54,3.7,8.5,0.0,0.0,0.0,0.0,0.0,0,1020.7,1018.4,2,2,0,0,18.1,41,42.5,40.0,14.0,26.0,135.6,2845.85,0.09,0.67,13.3,0.091,Napoli,40.8518,14.2681
2026-05-01T08:00,14.0,51,3.9,9.7,0.0,0.0,0.0,0.0,0.0,0,1020.9,1018.6,4,4,0,0,19.2,44,45.7,193.0,112.0,81.0,423.2,3600.0,0.15,0.79,14.9,0.078,Napoli,40.8518,14.2681
2026-05-01T09:00,15.3,45,3.5,10.5,0.0,0.0,0.0,0.0,0.0,0,1021.1,1018.8,3,3,0,0,22.4,44,54.7,384.0,270.0,114.0,602.2,3600.0,0.25,0.95,15.8,0.078,Napoli,40.8518,14.2681
2026-05-01T10:00,16.6,39,2.7,11.8,0.0,0.0,0.0,0.0,0.0,0,1021.2,1018.9,4,3,1,0,21.5,46,54.7,567.0,429.0,138.0,699.6,3600.0,0.35,1.14,17.2,0.078,Napoli,40.8518,14.2681
2026-05-01T11:00,17.7,32,0.6,13.3,0.0,0.0,0.0,0.0,0.0,0,1021.5,1019.2,2,1,2,0,21.5,48,54.0,721.0,569.0,152.0,760.9,3600.0,0.44,1.38,18.8,0.078,Napoli,40.8518,14.2681
2026-05-01T12:00,18.6,26,-1.1,14.7,0.0,0.0,0.0,0.0,0.0,0,1021.8,1019.5,1,0,1,0,20.6,45,54.7,843.0,685.0,158.0,812.5,3600.0,0.52,1.57,20.5,0.078,Napoli,40.8518,14.2681
2026-05-01T13:00,19.4,23,-2.0,16.1,0.0,0.0,0.0,0.0,0.0,0,1021.5,1019.2,1,1,1,0,18.6,46,52.9,911.0,754.0,157.0,844.8,3600.0,0.57,1.73,22.1,0.078,Napoli,40.8518,14.2681
2026-05-01T14:00,20.1,23,-1.7,17.2,0.0,0.0,0.0,0.0,0.0,0,1021.1,1018.8,4,0,4,0,16.3,49,51.5,910.0,753.0,157.0,843.4,3600.0,0.58,1.81,23.2,0.072,Napoli,40.8518,14.2681
2026-05-01T15:00,19.9,22,-2.7,15.6,0.0,0.0,0.0,0.0,0.0,0,1020.9,1018.6,1,0,1,0,20.9,47,52.2,807.0,618.0,189.0,732.3,3600.0,0.54,1.81,24.0,0.072,Napoli,40.8518,14.2681
2026-05-01T16:00,20.2,20,-3.7,15.7,0.0,0.0,0.0,0.0,0.0,0,1020.4,1018.1,0,0,0,0,18.7,45,52.6,723.0,560.0,163.0,747.5,3600.0,0.5,1.9,24.4,0.072,Napoli,40.8518,14.2681
2026-05-01T17:00,19.7,22,-2.9,14.5,0.0,0.0,0.0,0.0,0.0,0,1020.2,1017.9,0,0,0,0,19.6,54,48.6,581.0,451.0,130.0,733.2,3600.0,0.43,1.8,24.3,0.072,Napoli,40.8518,14.2681
2026-05-01T18:00,18.1,25,-2.3,12.5,0.0,0.0,0.0,0.0,0.0,0,1020.6,1018.3,0,0,0,0,21.4,56,51.8,394.0,283.0,111.0,627.8,3600.0,0.33,1.56,23.3,0.072,Napoli,40.8518,14.2681
2026-05-01T19:00,16.6,25,-3.3,11.1,0.0,0.0,0.0,0.0,0.0,0,1021.0,1018.7,0,0,0,0,20.3,53,51.8,199.0,119.0,80.0,444.8,3600.0,0.23,1.41,21.8,0.073,Napoli,40.8518,14.2681
2026-05-01T20:00,16.2,26,-3.6,11.5,0.0,0.0,0.0,0.0,0.0,0,1021.4,1019.1,0,0,0,0,14.2,64,48.2,43.0,16.0,27.0,152.6,3286.38,0.14,1.37,20.7,0.064,Napoli,40.8518,14.2681
2026-05-01T21:00,15.2,30,-2.2,10.9,0.0,0.0,0.0,0.0,0.0,0,1022.1,1019.8,0,0,0,0,12.5,67,32.0,0.0,0.0,0.0,0.0,0.0,0.1,1.2,19.1,0.064,Napoli,40.8518,14.2681
2026-05-01T22:00,14.3,33,-1.8,10.1,0.0,0.0,0.0,0.0,0.0,0,1022.9,1020.6,0,0,0,0,12.3,69,28.4,0.0,0.0,0.0,0.0,0.0,0.09,1.09,17.7,0.065,Napoli,40.8518,14.2681
2026-05-01T23:00,13.8,34,-1.7,10.0,0.0,0.0,0.0,0.0,0.0,0,1023.3,1021.0,0,0,0,0,10.0,69,27.7,0.0,0.0,0.0,0.0,0.0,0.07,1.04,16.6,0.065,Napoli,40.8518,14.2681
2026-05-02T00:00,13.3,36,-1.5,10.2,0.0,0.0,0.0,0.0,0.0,0,1023.4,1021.1,0,0,0,0,5.1,67,23.8,0.0,0.0,0.0,0.0,0.0,0.03,0.98,15.5,0.065,Napoli,40.8518,14.2681
2026-05-02T01:00,12.4,39,-1.4,9.6,0.0,0.0,0.0,0.0,0.0,0,1023.6,1021.3,0,0,0,0,3.1,28,13.3,0.0,0.0,0.0,0.0,0.0,0.01,0.89,14.4,0.065,Napoli,40.8518,14.2681
2026-05-02T02:00,11.2,41,-1.6,8.0,0.0,0.0,0.0,0.0,0.0,0,1023.3,1021.0,0,0,0,0,6.0,49,11.5,0.0,0.0,0.0,0.0,0.0,0.03,0.79,14.7,0.053,Napoli,40.8518,14.2681
2026-05-02T03:00,10.5,43,-1.7,7.6,0.0,0.0,0.0,0.0,0.0,0,1023.1,1020.8,0,0,0,0,3.8,25,13.7,0.0,0.0,0.0,0.0,0.0,0.02,0.73,13.7,0.054,Napoli,40.8518,14.2681
2026-05-02T04:00,10.2,44,-1.5,7.2,0.0,0.0,0.0,0.0,0.0,0,1023.0,1020.7,2,1,2,0,3.9,16,11.2,0.0,0.0,0.0,0.0,0.0,0.02,0.69,12.8,0.054,Napoli,40.8518,14.2681
2026-05-02T05:00,10.3,44,-1.6,7.1,0.0,0.0,0.0,0.0,0.0,0,1023.0,1020.7,2,0,2,0,5.7,336,13.7,0.0,0.0,0.0,0.0,0.0,0.03,0.71,12.1,0.054,Napoli,40.8518,14.2681
2026-05-02T06:00,10.3,42,-2.0,6.6,0.0,0.0,0.0,0.0,0.0,0,1023.2,1020.9,0,0,0,0,8.8,345,20.2,0.0,0.0,0.0,0.0,0.0,0.05,0.72,11.6,0.054,Napoli,40.8518,14.2681
2026-05-02T07:00,10.7,44,-1.1,7.0,0.0,0.0,0.0,0.0,0.0,0,1023.8,1021.5,0,0,0,0,9.6,5,22.3,41.0,14.0,27.0,133.4,2817.47,0.06,0.72,11.4,0.054,Napoli,40.8518,14.2681
2026-05-02T08:00,12.8,43,0.6,9.4,0.0,0.0,0.0,0.0,0.0,0,1023.8,1021.5,0,0,0,0,9.1,32,24.8,194.0,113.0,81.0,421.5,3600.0,0.13,0.84,13.8,0.058,Napoli,40.8518,14.2681
2026-05-02T09:00,15.9,40,2.3,12.9,0.0,0.0,0.0,0.0,0.0,0,1023.8,1021.5,0,0,0,0,8.4,23,25.2,387.0,275.0,112.0,609.0,3600.0,0.23,1.09,15.4,0.058,Napoli,40.8518,14.2681
2026-05-02T10:00,18.1,34,1.9,14.2,0.0,0.0,0.0,0.0,0.0,0,1023.6,1021.3,8,7,7,0,14.9,30,38.2,577.0,447.0,130.0,725.6,3600.0,0.37,1.37,17.6,0.058,Napoli,40.8518,14.2681
2026-05-02T11:00,19.4,30,1.4,15.7,0.0,0.0,0.0,0.0,0.0,1,1023.3,1021.0,27,2,27,0,18.3,29,47.2,718.0,562.0,156.0,748.9,3600.0,0.47,1.58,19.6,0.058,Napoli,40.8518,14.2681
2026-05-02T12:00,21.6,22,-0.8,18.0,0.0,0.0,0.0,0.0,0.0,1,1022.9,1020.7,46,0,46,0,18.1,33,47.2,814.0,632.0,182.0,747.5,3600.0,0.56,2.0,21.7,0.058,Napoli,40.8518,14.2681
2026-05-02T13:00,22.2,22,-0.7,18.7,0.0,0.0,0.0,0.0,0.0,1,1022.5,1020.3,30,0,30,0,18.9,36,50.8,860.0,631.0,229.0,705.2,3600.0,0.6,2.09,23.6,0.059,Napoli,40.8518,14.2681
2026-05-02T14:00,22.6,20,-1.6,18.8,0.0,0.0,0.0,0.0,0.0,2,1022.1,1019.9,74,0,74,0,18.6,46,52.9,798.0,556.0,242.0,621.2,3600.0,0.58,2.2,24.6,0.07,Napoli,40.8518,14.2681
2026-05-02T15:00,22.6,20,-1.4,20.1,0.0,0.0,0.0,0.0,0.0,2,1021.7,1019.5,59,0,59,0,8.8,17,45.4,747.0,495.0,252.0,585.1,3600.0,0.51,2.18,25.8,0.07,Napoli,40.8518,14.2681
2026-05-02T16:00,22.4,21,-1.2,19.8,0.0,0.0,0.0,0.0,0.0,1,1021.2,1019.0,48,0,48,0,6.0,311,28.1,656.0,440.0,216.0,585.6,3600.0,0.44,2.14,26.8,0.07,Napoli,40.8518,14.2681
2026-05-02T17:00,21.4,27,1.5,17.9,0.0,0.0,0.0,0.0,0.0,1,1020.9,1018.7,41,0,41,0,11.4,285,31.3,534.0,369.0,165.0,597.6,3600.0,0.38,1.87,26.8,0.07,Napoli,40.8518,14.2681
2026-05-02T18:00,19.5,41,5.9,16.1,0.0,0.0,0.0,0.0,0.0,1,1020.9,1018.6,29,0,29,0,15.8,287,40.3,369.0,248.0,121.0,547.0,3600.0,0.28,1.33,25.6,0.07,Napoli,40.8518,14.2681
2026-05-02T19:00,18.2,47,6.7,15.6,0.0,0.0,0.0,0.0,0.0,0,1021.3,1019.0,0,0,0,0,11.7,302,40.0,192.0,110.0,82.0,407.0,3600.0,0.16,1.11,24.0,0.07,Napoli,40.8518,14.2681
2026-05-02T20:00,17.9,48,6.7,15.8,0.0,0.0,0.0,0.0,0.0,0,1021.5,1019.2,0,0,0,0,8.4,305,28.4,43.0,15.0,28.0,141.2,3115.77,0.07,1.07,22.6,0.062,Napoli,40.8518,14.2681
2026-05-02T21:00,17.1,56,8.4,15.6,0.0,0.0,0.0,0.0,0.0,0,1022.0,1019.7,1,0,1,0,7.6,308,18.4,0.0,0.0,0.0,0.0,0.0,0.04,0.85,20.9,0.062,Napoli,40.8518,14.2681
2026-05-02T22:00,16.5,63,9.3,15.4,0.0,0.0,0.0,0.0,0.0,0,1022.5,1020.2,0,0,0,0,5.7,319,16.6,0.0,0.0,0.0,0.0,0.0,0.02,0.7,19.5,0.062,Napoli,40.8518,14.2681
2026-05-02T23:00,16.0,67,9.8,15.3,0.0,0.0,0.0,0.0,0.0,0,1022.4,1020.1,0,0,0,0,4.1,326,13.7,0.0,0.0,0.0,0.0,0.0,0.01,0.6,18.2,0.063,Napoli,40.8518,14.2681
2026-05-03T00:00,15.0,74,10.4,14.6,0.0,0.0,0.0,0.0,0.0,0,1022.5,1020.2,0,0,0,0,2.9,313,10.1,0.0,0.0,0.0,0.0,0.0,0.0,0.44,17.1,0.063,Napoli,40.8518,14.2681
2026-05-03T01:00,14.7,78,10.8,14.4,0.0,0.0,0.0,0.0,0.0,0,1022.4,1020.1,0,0,0,0,3.6,300,8.6,0.0,0.0,0.0,0.0,0.0,0.0,0.37,16.1,0.063,Napoli,40.8518,14.2681
2026-05-03T02:00,13.3,87,11.1,13.4,0.0,0.0,0.0,0.0,0.0,0,1021.9,1019.6,0,0,0,0,1.1,360,9.0,0.0,0.0,0.0,0.0,0.0,0.0,0.21,14.4,0.069,Napoli,40.8518,14.2681
2026-05-03T03:00,12.7,82,9.7,12.3,0.0,0.0,0.0,0.0,0.0,0,1021.2,1018.9,0,0,0,0,1.5,69,3.6,0.0,0.0,0.0,0.0,0.0,0.0,0.26,13.6,0.07,Napoli,40.8518,14.2681
2026-05-03T04:00,12.0,78,8.3,11.0,0.0,0.0,0.0,0.0,0.0,0,1020.9,1018.6,0,0,0,0,3.2,90,6.1,0.0,0.0,0.0,0.0,0.0,0.0,0.31,12.9,0.07,Napoli,40.8518,14.2681
2026-05-03T05:00,11.5,72,6.6,10.3,0.0,0.0,0.0,0.0,0.0,0,1020.6,1018.3,0,0,0,0,2.0,63,6.1,0.0,0.0,0.0,0.0,0.0,0.0,0.39,12.3,0.07,Napoli,40.8518,14.2681
2026-05-03T06:00,10.8,66,4.8,9.3,0.0,0.0,0.0,0.0,0.0,0,1020.7,1018.4,1,0,0,1,1.3,16,4.3,0.0,0.0,0.0,0.0,0.0,0.0,0.44,11.7,0.07,Napoli,40.8518,14.2681
2026-05-03T07:00,11.6,57,3.3,9.6,0.0,0.0,0.0,0.0,0.0,0,1021.1,1018.8,5,0,0,5,2.3,360,5.8,43.0,15.0,28.0,140.6,3109.4,0.02,0.59,11.6,0.07,Napoli,40.8518,14.2681
2026-05-03T08:00,13.7,49,3.3,11.9,0.0,0.0,0.0,0.0,0.0,0,1021.3,1019.0,0,0,0,0,1.8,349,10.8,196.0,115.0,81.0,423.6,3600.0,0.09,0.79,11.8,0.083,Napoli,40.8518,14.2681
2026-05-03T09:00,16.9,43,4.4,15.2,0.0,0.0,0.0,0.0,0.0,0,1021.5,1019.2,1,0,0,1,2.2,355,11.9,389.0,278.0,111.0,611.4,3600.0,0.21,1.09,14.1,0.083,Napoli,40.8518,14.2681
2026-05-03T10:00,19.1,37,4.2,17.6,0.0,0.0,0.0,0.0,0.0,0,1021.2,1018.9,0,0,0,0,2.1,340,14.4,576.0,445.0,131.0,719.0,3600.0,0.33,1.39,17.0,0.083,Napoli,40.8518,14.2681
2026-05-03T11:00,20.7,33,3.9,20.1,0.0,0.0,0.0,0.0,0.0,0,1020.9,1018.6,0,0,0,0,2.7,233,15.8,735.0,591.0,144.0,784.9,3600.0,0.45,1.63,20.0,0.082,Napoli,40.8518,14.2681
2026-05-03T12:00,21.5,33,4.6,20.7,0.0,0.0,0.0,0.0,0.0,0,1020.9,1018.7,0,0,0,0,8.4,236,26.6,848.0,697.0,151.0,822.1,3600.0,0.54,1.71,22.6,0.081,Napoli,40.8518,14.2681
2026-05-03T13:00,21.6,34,5.2,20.7,0.0,0.0,0.0,0.0,0.0,0,1020.3,1018.1,0,0,0,0,11.8,246,33.8,907.0,752.0,155.0,838.4,3600.0,0.58,1.7,24.6,0.08,Napoli,40.8518,14.2681
2026-05-03T14:00,21.8,35,5.5,20.9,0.0,0.0,0.0,0.0,0.0,0,1020.2,1018.0,8,0,2,6,12.0,258,37.4,909.0,755.0,154.0,841.6,3600.0,0.58,1.7,26.3,0.084,Napoli,40.8518,14.2681
2026-05-03T15:00,21.7,37,6.6,20.3,0.0,0.0,0.0,0.0,0.0,0,1019.9,1017.7,2,0,2,1,14.3,258,38.5,846.0,694.0,152.0,818.2,3600.0,0.54,1.62,26.9,0.083,Napoli,40.8518,14.2681
2026-05-03T16:00,21.0,45,8.6,19.0,0.0,0.0,0.0,0.0,0.0,3,1019.7,1017.5,89,0,2,89,16.7,262,43.2,725.0,573.0,152.0,760.4,3600.0,0.46,1.37,26.8,0.082,Napoli,40.8518,14.2681
2026-05-03T17:00,19.9,55,10.7,17.8,0.0,0.0,0.0,0.0,0.0,3,1019.5,1017.2,90,0,1,89,15.9,266,43.2,552.0,399.0,153.0,643.8,3600.0,0.34,1.04,26.1,0.082,Napoli,40.8518,14.2681
2026-05-03T18:00,19.3,56,10.3,17.1,0.0,0.0,0.0,0.0,0.0,2,1019.2,1016.9,71,0,3,70,15.6,278,40.3,376.0,247.0,129.0,541.8,3600.0,0.25,0.98,25.0,0.082,Napoli,40.8518,14.2681
2026-05-03T19:00,18.5,58,10.1,16.9,0.0,0.0,0.0,0.0,0.0,3,1018.8,1016.5,98,0,0,98,10.9,287,38.9,192.0,103.0,89.0,377.2,3600.0,0.14,0.89,23.6,0.081,Napoli,40.8518,14.2681
2026-05-03T20:00,18.0,62,10.6,17.1,0.0,0.0,0.0,0.0,0.0,3,1018.7,1016.4,99,0,0,99,6.8,273,26.3,42.0,10.0,32.0,92.9,1495.13,0.05,0.78,22.2,0.071,Napoli,40.8518,14.2681
2026-05-03T21:00,17.0,71,11.8,16.5,0.0,0.0,0.0,0.0,0.0,0,1019.4,1017.1,17,0,0,17,7.4,263,16.2,0.0,0.0,0.0,0.0,0.0,0.02,0.56,20.7,0.071,Napoli,40.8518,14.2681
2026-05-03T22:00,16.3,77,12.3,15.9,0.0,0.0,0.0,0.0,0.0,0,1020.1,1017.8,14,0,0,14,7.4,266,17.6,0.0,0.0,0.0,0.0,0.0,0.01,0.42,19.4,0.071,Napoli,40.8518,14.2681
2026-05-03T23:00,15.8,80,12.4,15.9,0.0,0.0,0.0,0.0,0.0,1,1020.2,1017.9,22,0,0,22,4.7,277,17.3,0.0,0.0,0.0,0.0,0.0,0.0,0.36,18.3,0.071,Napoli,40.8518,14.2681
2026-05-04T00:00,15.0,85,12.5,15.3,0.0,0.0,0.0,0.0,0.0,3,1020.4,1018.1,90,0,0,90,3.1,273,11.9,0.0,0.0,0.0,0.0,0.0,0.0,0.26,17.2,0.072,Napoli,40.8518,14.2681
2026-05-04T01:00,14.8,86,12.5,15.1,0.0,0.0,0.0,0.0,0.0,1,1020.4,1018.1,43,0,0,43,2.7,247,7.9,0.0,0.0,0.0,0.0,0.0,0.0,0.23,16.4,0.072,Napoli,40.8518,14.2681
2026-05-04T02:00,14.3,88,12.4,14.7,0.0,0.0,0.0,0.0,0.0,0,1020.2,1017.9,2,1,0,1,2.2,222,7.9,0.0,0.0,0.0,0.0,0.0,0.0,0.19,16.2,0.072,Napoli,40.8518,14.2681
2026-05-04T03:00,14.0,89,12.3,14.4,0.0,0.0,0.0,0.0,0.0,0,1020.0,1017.7,1,1,0,0,2.1,200,6.1,0.0,0.0,0.0,0.0,0.0,0.0,0.17,15.4,0.073,Napoli,40.8518,14.2681
2026-05-04T04:00,13.7,91,12.2,14.1,0.0,0.0,0.0,0.0,0.0,1,1020.0,1017.7,23,1,0,23,1.8,174,5.0,0.0,0.0,0.0,0.0,0.0,0.0,0.15,14.6,0.073,Napoli,40.8518,14.2681
2026-05-04T05:00,13.3,92,12.0,13.5,0.0,0.0,0.0,0.0,0.0,2,1019.9,1017.6,56,2,0,55,2.3,162,5.0,0.0,0.0,0.0,0.0,0.0,0.0,0.12,14.0,0.073,Napoli,40.8518,14.2681
2026-05-04T06:00,12.9,93,11.8,13.2,0.0,0.0,0.0,0.0,0.0,3,1020.0,1017.7,91,1,0,91,1.6,180,4.7,0.0,0.0,0.0,0.0,0.0,0.0,0.11,13.4,0.073,Napoli,40.8518,14.2681
2026-05-04T07:00,13.9,93,12.7,14.4,0.0,0.0,0.0,0.0,0.0,3,1020.4,1018.1,100,4,0,100,2.2,194,4.7,43.0,12.0,31.0,110.8,2122.19,0.01,0.11,13.3,0.073,Napoli,40.8518,14.2681
2026-05-04T08:00,15.5,85,13.1,16.0,0.0,0.0,0.0,0.0,0.0,3,1020.7,1018.4,100,5,0,100,2.9,191,9.0,181.0,76.0,105.0,276.6,3600.0,0.09,0.26,15.8,0.068,Napoli,40.8518,14.2681
2026-05-04T09:00,17.2,74,12.5,17.3,0.0,0.0,0.0,0.0,0.0,3,1020.9,1018.6,100,6,0,100,4.9,197,16.6,327.0,147.0,180.0,321.2,3600.0,0.18,0.52,17.3,0.068,Napoli,40.8518,14.2681
2026-05-04T10:00,18.2,64,11.3,17.8,0.0,0.0,0.0,0.0,0.0,3,1021.2,1018.9,100,2,0,100,5.2,192,18.4,447.0,174.0,273.0,279.9,3600.0,0.26,0.75,19.0,0.068,Napoli,40.8518,14.2681
2026-05-04T11:00,19.3,59,11.0,19.0,0.0,0.0,0.0,0.0,0.0,3,1021.2,1018.9,100,0,0,100,7.9,201,24.8,644.0,370.0,274.0,489.7,3600.0,0.38,0.93,21.2,0.069,Napoli,40.8518,14.2681
2026-05-04T12:00,20.1,54,10.6,20.4,0.0,0.0,0.0,0.0,0.0,3,1021.2,1018.9,89,0,19,88,8.7,197,27.4,777.0,527.0,250.0,619.9,3600.0,0.47,1.08,23.2,0.069,Napoli,40.8518,14.2681
2026-05-04T13:00,20.7,54,11.0,21.3,0.0,0.0,0.0,0.0,0.0,3,1020.4,1018.1,93,0,88,65,10.1,191,29.9,872.0,667.0,205.0,741.8,3600.0,0.52,1.13,25.1,0.069,Napoli,40.8518,14.2681
2026-05-04T14:00,20.9,52,10.8,21.2,0.0,0.0,0.0,0.0,0.0,3,1020.0,1017.8,100,0,98,82,11.5,203,33.1,854.0,623.0,231.0,692.8,3600.0,0.52,1.18,26.3,0.076,Napoli,40.8518,14.2681
2026-05-04T15:00,20.8,53,10.8,20.5,0.0,0.0,0.0,0.0,0.0,3,1019.9,1017.7,100,0,100,100,11.5,203,34.2,757.0,464.0,293.0,545.7,3600.0,0.46,1.15,26.9,0.076,Napoli,40.8518,14.2681
2026-05-04T16:00,19.6,59,11.3,18.5,0.0,0.0,0.0,0.0,0.0,3,1019.2,1016.9,100,0,100,98,10.1,192,32.8,423.0,114.0,309.0,150.8,2725.27,0.28,0.94,26.3,0.077,Napoli,40.8518,14.2681
2026-05-04T17:00,19.1,61,11.4,18.1,0.0,0.0,0.0,0.0,0.0,3,1018.8,1016.5,100,0,100,6,9.2,200,28.1,257.0,46.0,211.0,73.9,418.38,0.19,0.86,25.3,0.077,Napoli,40.8518,14.2681
2026-05-04T18:00,18.6,61,11.0,17.7,0.0,0.0,0.0,0.0,0.0,3,1018.8,1016.5,100,0,98,100,8.5,238,24.5,131.0,15.0,116.0,32.7,0.0,0.12,0.83,24.0,0.077,Napoli,40.8518,14.2681
2026-05-04T19:00,18.6,56,9.7,17.4,0.0,0.0,0.0,0.0,0.0,3,1018.6,1016.3,100,0,5,100,7.3,263,22.0,85.0,3.0,82.0,10.9,0.0,0.1,0.93,22.9,0.077,Napoli,40.8518,14.2681
2026-05-04T20:00,18.1,56,9.2,17.0,0.0,0.0,0.0,0.0,0.0,3,1018.7,1016.4,100,0,97,100,5.5,289,19.1,41.0,8.0,33.0,73.4,829.79,0.05,0.91,21.8,0.07,Napoli,40.8518,14.2681
2026-05-04T21:00,17.8,59,9.7,17.0,0.0,0.0,0.0,0.0,0.0,3,1018.9,1016.6,100,0,100,100,4.2,324,12.6,0.0,0.0,0.0,0.0,0.0,0.01,0.83,20.7,0.07,Napoli,40.8518,14.2681
2026-05-04T22:00,17.5,63,10.3,17.1,0.0,0.0,0.0,0.0,0.0,3,1019.2,1016.9,100,0,1,100,3.1,329,10.1,0.0,0.0,0.0,0.0,0.0,0.0,0.74,19.9,0.071,Napoli,40.8518,14.2681
2026-05-04T23:00,16.3,69,10.7,16.1,0.0,0.0,0.0,0.0,0.0,3,1019.3,1017.0,100,0,5,100,2.2,351,6.5,0.0,0.0,0.0,0.0,0.0,0.0,0.57,18.8,0.071,Napoli,40.8518,14.2681
2026-05-05T00:00,15.7,75,11.2,15.8,0.0,0.0,0.0,0.0,0.0,3,1019.1,1016.8,100,0,75,100,2.0,5,5.4,0.0,0.0,0.0,0.0,0.0,0.0,0.45,17.8,0.071,Napoli,40.8518,14.2681
2026-05-05T01:00,15.6,77,11.5,15.7,0.0,0.0,0.0,0.0,0.0,3,1019.2,1016.9,100,0,90,99,2.2,305,5.0,0.0,0.0,0.0,0.0,0.0,0.0,0.41,17.1,0.071,Napoli,40.8518,14.2681
2026-05-05T02:00,14.5,77,10.6,14.2,0.0,0.0,0.0,0.0,0.0,3,1018.5,1016.2,99,0,84,99,3.0,38,5.4,0.0,0.0,0.0,0.0,0.0,0.0,0.38,15.2,0.075,Napoli,40.8518,14.2681
2026-05-05T03:00,14.5,76,10.4,14.2,0.0,0.0,0.0,0.0,0.0,3,1018.2,1015.9,93,0,45,91,2.7,48,6.1,0.0,0.0,0.0,0.0,0.0,0.0,0.39,14.9,0.076,Napoli,40.8518,14.2681
2026-05-05T04:00,13.9,78,10.2,13.6,0.0,0.0,0.0,0.0,0.0,3,1017.9,1015.6,100,0,98,100,2.0,85,4.3,0.0,0.0,0.0,0.0,0.0,0.0,0.34,14.4,0.076,Napoli,40.8518,14.2681
2026-05-05T05:00,14.3,76,10.1,14.1,0.0,0.0,0.0,0.0,0.0,3,1017.6,1015.3,100,0,91,99,1.8,135,4.7,0.0,0.0,0.0,0.0,0.0,0.0,0.39,14.2,0.076,Napoli,40.8518,14.2681
2026-05-05T06:00,14.5,77,10.4,14.5,0.9,0.9,0.0,0.0,0.0,53,1017.8,1015.5,100,1,100,100,0.9,270,4.3,0.0,0.0,0.0,0.0,0.0,0.0,0.38,14.2,0.086,Napoli,40.8518,14.2681
2026-05-05T07:00,14.5,83,11.7,14.7,0.5,0.5,0.0,0.0,0.0,53,1018.2,1015.9,100,4,81,100,1.9,139,4.3,10.0,0.0,10.0,0.0,0.0,0.02,0.28,14.4,0.092,Napoli,40.8518,14.2681
2026-05-05T08:00,16.0,73,11.3,16.3,0.1,0.1,0.0,0.0,0.0,51,1017.8,1015.5,98,10,21,98,0.3,315,12.2,126.0,15.0,111.0,53.9,0.0,0.07,0.48,14.9,0.101,Napoli,40.8518,14.2681
2026-05-05T09:00,17.2,70,11.6,17.4,0.0,0.0,0.0,0.0,0.0,3,1017.9,1015.6,99,5,38,99,1.7,212,10.4,312.0,128.0,184.0,277.9,3600.0,0.17,0.59,16.5,0.101,Napoli,40.8518,14.2681
2026-05-05T10:00,17.8,67,11.7,17.7,0.3,0.3,0.0,0.0,0.0,51,1018.1,1015.8,100,12,88,100,3.6,177,14.0,368.0,151.0,217.0,241.9,3600.0,0.22,0.66,17.9,0.103,Napoli,40.8518,14.2681
2026-05-05T11:00,18.5,65,11.8,18.2,0.0,0.0,0.0,0.0,0.0,3,1018.0,1015.7,100,0,16,100,6.0,175,19.4,464.0,163.0,301.0,215.0,3600.0,0.28,0.75,19.4,0.102,Napoli,40.8518,14.2681
2026-05-05T12:00,18.4,63,11.1,17.3,0.0,0.0,0.0,0.0,0.0,3,1018.3,1016.0,100,26,46,100,9.4,188,27.0,478.0,99.0,379.0,116.1,1684.19,0.3,0.79,20.4,0.101,Napoli,40.8518,14.2681
2026-05-05T13:00,18.7,58,10.2,17.3,0.0,0.0,0.0,0.0,0.0,3,1018.2,1015.9,100,30,52,100,9.9,178,28.4,530.0,122.0,408.0,135.4,2260.84,0.33,0.91,21.3,0.099,Napoli,40.8518,14.2681
2026-05-05T14:00,20.0,49,8.9,18.7,0.0,0.0,0.0,0.0,0.0,3,1017.7,1015.4,100,2,100,97,6.8,132,28.1,500.0,119.0,381.0,132.0,2161.12,0.34,1.2,20.6,0.118,Napoli,40.8518,14.2681
2026-05-05T15:00,19.8,49,8.9,18.7,0.0,0.0,0.0,0.0,0.0,3,1017.4,1015.1,100,11,99,100,5.2,153,19.4,406.0,74.0,332.0,86.8,804.58,0.28,1.17,21.1,0.116,Napoli,40.8518,14.2681
2026-05-05T16:00,19.6,50,8.9,18.1,0.0,0.0,0.0,0.0,0.0,3,1017.1,1014.8,100,7,98,99,8.2,172,22.3,409.0,93.0,316.0,122.7,1881.25,0.28,1.14,21.5,0.114,Napoli,40.8518,14.2681
2026-05-05T17:00,18.5,59,10.3,17.2,0.4,0.4,0.0,0.0,0.0,51,1016.8,1014.5,100,0,89,100,9.4,173,25.2,387.0,128.0,259.0,205.0,3600.0,0.25,0.88,21.5,0.116,Napoli,40.8518,14.2681
2026-05-05T18:00,18.0,61,10.4,16.6,0.0,0.0,0.0,0.0,0.0,3,1016.5,1014.2,91,6,22,88,9.9,170,25.9,273.0,112.0,161.0,243.0,3600.0,0.18,0.8,21.1,0.115,Napoli,40.8518,14.2681
2026-05-05T19:00,17.1,68,11.1,16.3,0.0,0.0,0.0,0.0,0.0,3,1016.2,1013.9,85,9,11,83,7.8,171,24.1,171.0,71.0,100.0,254.9,3600.0,0.11,0.63,20.3,0.114,Napoli,40.8518,14.2681
2026-05-05T20:00,16.5,72,11.5,16.2,0.0,0.0,0.0,0.0,0.0,3,1016.3,1014.0,100,2,98,100,5.1,162,18.7,44.0,14.0,30.0,126.9,2732.09,0.03,0.52,19.2,0.109,Napoli,40.8518,14.2681
2026-05-05T21:00,16.2,76,12.0,16.3,0.0,0.0,0.0,0.0,0.0,3,1016.3,1014.0,100,2,98,100,3.1,170,10.4,0.0,0.0,0.0,0.0,0.0,0.0,0.44,18.4,0.108,Napoli,40.8518,14.2681
2026-05-05T22:00,16.0,81,12.8,16.7,0.0,0.0,0.0,0.0,0.0,3,1016.7,1014.4,99,16,16,99,1.0,112,7.2,0.0,0.0,0.0,0.0,0.0,0.0,0.34,17.7,0.108,Napoli,40.8518,14.2681
2026-05-05T23:00,15.3,81,12.1,15.5,0.0,0.0,0.0,0.0,0.0,3,1016.5,1014.2,98,13,22,97,2.5,94,5.4,0.0,0.0,0.0,0.0,0.0,0.0,0.32,16.9,0.108,Napoli,40.8518,14.2681
2026-05-06T00:00,15.3,81,12.0,15.7,0.0,0.0,0.0,0.0,0.0,3,1016.3,1014.0,98,13,83,85,0.9,37,5.4,0.0,0.0,0.0,0.0,0.0,0.0,0.34,16.4,0.108,Napoli,40.8518,14.2681
2026-05-06T01:00,15.4,80,12.0,15.9,0.0,0.0,0.0,0.0,0.0,3,1016.2,1013.9,100,7,46,100,0.8,45,3.2,0.0,0.0,0.0,0.0,0.0,0.0,0.35,16.0,0.108,Napoli,40.8518,14.2681
2026-05-06T02:00,15.0,82,11.9,15.2,0.0,0.0,0.0,0.0,0.0,3,1015.3,1013.0,100,0,68,100,2.8,50,3.2,0.0,0.0,0.0,0.0,0.0,0.0,0.31,16.1,0.103,Napoli,40.8518,14.2681
2026-05-06T03:00,15.3,80,11.8,15.2,0.0,0.0,0.0,0.0,0.0,3,1015.0,1012.7,100,2,37,100,4.2,59,8.6,0.0,0.0,0.0,0.0,0.0,0.0,0.35,15.8,0.103,Napoli,40.8518,14.2681
2026-05-06T04:00,14.7,84,12.0,14.8,0.0,0.0,0.0,0.0,0.0,3,1014.9,1012.6,98,0,38,98,3.2,47,7.9,0.0,0.0,0.0,0.0,0.0,0.0,0.26,15.4,0.103,Napoli,40.8518,14.2681
2026-05-06T05:00,14.4,85,11.9,14.5,0.0,0.0,0.0,0.0,0.0,3,1014.8,1012.5,100,0,94,99,2.9,43,5.4,0.0,0.0,0.0,0.0,0.0,0.0,0.25,14.9,0.103,Napoli,40.8518,14.2681
2026-05-06T06:00,14.5,84,11.9,14.8,0.0,0.0,0.0,0.0,0.0,3,1014.4,1012.1,100,2,84,99,2.2,81,5.4,0.0,0.0,0.0,0.0,0.0,0.0,0.26,14.7,0.103,Napoli,40.8518,14.2681
2026-05-06T07:00,15.6,79,11.9,15.9,0.0,0.0,0.0,0.0,0.0,3,1014.9,1012.6,100,7,100,77,1.7,72,5.0,37.0,7.0,30.0,62.7,459.38,0.02,0.38,14.8,0.104,Napoli,40.8518,14.2681
2026-05-06T08:00,16.4,77,12.4,16.9,0.4,0.4,0.0,0.0,0.0,51,1015.4,1013.1,100,11,100,88,1.4,130,9.0,143.0,48.0,95.0,170.7,3320.22,0.08,0.43,14.9,0.114,Napoli,40.8518,14.2681
2026-05-06T09:00,16.5,80,13.0,17.0,0.2,0.2,0.0,0.0,0.0,51,1015.3,1013.0,100,14,100,81,3.1,118,10.1,100.0,2.0,98.0,4.3,0.0,0.07,0.37,15.5,0.117,Napoli,40.8518,14.2681
2026-05-06T10:00,17.2,78,13.3,17.2,0.2,0.2,0.0,0.0,0.0,51,1015.0,1012.7,100,0,100,97,6.7,109,17.6,214.0,31.0,183.0,49.4,0.0,0.14,0.43,16.5,0.119,Napoli,40.8518,14.2681
2026-05-06T11:00,17.5,76,13.3,17.8,0.0,0.0,0.0,0.0,0.0,3,1014.8,1012.5,100,0,100,100,4.8,103,18.4,191.0,0.0,191.0,0.0,0.0,0.13,0.48,17.1,0.119,Napoli,40.8518,14.2681
2026-05-06T12:00,18.9,72,13.7,19.4,0.0,0.0,0.0,0.0,0.0,3,1015.2,1012.9,100,0,100,99,4.3,178,15.5,407.0,95.0,312.0,111.2,1534.81,0.26,0.61,18.7,0.117,Napoli,40.8518,14.2681
2026-05-06T13:00,19.4,71,14.0,19.6,0.0,0.0,0.0,0.0,0.0,3,1014.9,1012.7,100,0,0,100,7.3,191,22.3,459.0,71.0,388.0,78.6,557.86,0.29,0.66,19.9,0.116,Napoli,40.8518,14.2681
2026-05-06T14:00,21.4,57,12.5,22.3,0.0,0.0,0.0,0.0,0.0,3,1014.4,1012.2,99,0,15,98,10.3,185,27.0,843.0,604.0,239.0,668.7,3600.0,0.51,1.09,22.8,0.115,Napoli,40.8518,14.2681
2026-05-06T15:00,21.3,55,11.9,21.6,0.0,0.0,0.0,0.0,0.0,3,1014.2,1012.0,100,0,3,100,10.8,183,30.2,795.0,607.0,188.0,710.5,3600.0,0.49,1.14,23.9,0.112,Napoli,40.8518,14.2681
2026-05-06T16:00,20.5,58,11.9,20.0,0.0,0.0,0.0,0.0,0.0,3,1014.2,1012.0,100,0,0,100,10.7,188,30.6,637.0,370.0,267.0,486.8,3600.0,0.39,1.02,24.2,0.109,Napoli,40.8518,14.2681
2026-05-06T17:00,20.0,61,12.3,19.3,0.0,0.0,0.0,0.0,0.0,3,1014.2,1012.0,100,0,13,100,9.8,187,29.2,471.0,210.0,261.0,335.1,3600.0,0.29,0.91,23.9,0.107,Napoli,40.8518,14.2681
2026-05-06T18:00,19.4,67,13.2,19.2,0.0,0.0,0.0,0.0,0.0,3,1014.2,1012.0,100,0,71,100,8.0,211,26.3,226.0,34.0,192.0,73.4,401.49,0.16,0.73,23.0,0.106,Napoli,40.8518,14.2681
2026-05-06T19:00,18.8,73,13.9,19.3,0.0,0.0,0.0,0.0,0.0,3,1013.7,1011.4,100,0,98,100,5.3,225,20.5,83.0,1.0,82.0,3.6,0.0,0.07,0.58,21.9,0.105,Napoli,40.8518,14.2681
2026-05-06T20:00,18.1,78,14.3,18.2,0.0,0.0,0.0,0.0,0.0,3,1014.4,1012.1,100,3,100,100,8.5,184,13.3,17.0,0.0,17.0,0.0,0.0,0.04,0.45,21.0,0.098,Napoli,40.8518,14.2681
2026-05-06T21:00,17.7,82,14.6,18.0,0.5,0.5,0.0,0.0,0.0,53,1014.8,1012.5,100,0,100,100,8.1,180,18.4,0.0,0.0,0.0,0.0,0.0,0.01,0.36,20.0,0.104,Napoli,40.8518,14.2681
2026-05-06T22:00,17.1,84,14.4,17.3,0.4,0.4,0.0,0.0,0.0,51,1015.2,1012.9,100,0,100,100,8.5,182,18.0,0.0,0.0,0.0,0.0,0.0,0.0,0.31,19.1,0.108,Napoli,40.8518,14.2681
2026-05-06T23:00,16.6,78,12.7,16.8,0.1,0.1,0.0,0.0,0.0,51,1015.2,1012.9,100,0,52,100,4.7,203,20.2,0.0,0.0,0.0,0.0,0.0,0.0,0.43,18.3,0.109,Napoli,40.8518,14.2681
2026-05-07T00:00,16.2,77,12.2,15.8,0.0,0.0,0.0,0.0,0.0,3,1015.0,1012.7,100,0,41,99,6.8,191,12.6,0.0,0.0,0.0,0.0,0.0,0.01,0.42,17.6,0.109,Napoli,40.8518,14.2681
2026-05-07T01:00,15.4,78,11.6,14.9,0.8,0.8,0.0,0.0,0.0,53,1015.3,1013.0,100,0,30,100,6.8,191,23.0,0.0,0.0,0.0,0.0,0.0,0.01,0.38,16.9,0.118,Napoli,40.8518,14.2681
2026-05-07T02:00,16.1,88,14.2,16.7,1.4,1.4,0.0,0.0,0.0,61,1014.2,1011.9,100,0,98,100,5.1,107,14.4,0.0,0.0,0.0,0.0,0.0,0.0,0.22,16.6,0.116,Napoli,40.8518,14.2681
2026-05-07T03:00,15.5,92,14.2,15.7,0.5,0.5,0.0,0.0,0.0,53,1013.8,1011.5,100,0,100,100,8.2,144,17.3,0.0,0.0,0.0,0.0,0.0,0.0,0.15,16.3,0.122,Napoli,40.8518,14.2681
2026-05-07T04:00,15.1,93,13.9,15.7,0.5,0.5,0.0,0.0,0.0,53,1013.6,1011.3,100,0,100,99,4.5,119,19.1,0.0,0.0,0.0,0.0,0.0,0.0,0.12,16.0,0.128,Napoli,40.8518,14.2681
2026-05-07T05:00,14.8,94,13.9,14.9,0.2,0.2,0.0,0.0,0.0,51,1013.7,1011.4,100,0,100,100,7.6,8,14.8,0.0,0.0,0.0,0.0,0.0,0.0,0.09,15.7,0.131,Napoli,40.8518,14.2681
2026-05-07T06:00,14.3,94,13.4,13.9,0.0,0.0,0.0,0.0,0.0,3,1013.9,1011.6,100,0,81,99,10.1,358,18.7,0.0,0.0,0.0,0.0,0.0,0.02,0.09,15.5,0.131,Napoli,40.8518,14.2681
2026-05-07T07:00,14.8,90,13.2,14.4,0.0,0.0,0.0,0.0,0.0,3,1014.0,1011.7,100,0,24,100,9.6,16,18.7,30.0,2.0,28.0,17.7,0.0,0.03,0.17,15.3,0.131,Napoli,40.8518,14.2681
2026-05-07T08:00,16.8,85,14.3,16.9,0.0,0.0,0.0,0.0,0.0,0,1014.0,1011.7,12,0,1,11,8.6,36,19.8,173.0,59.0,114.0,207.5,3600.0,0.09,0.29,15.8,0.133,Napoli,40.8518,14.2681
2026-05-07T09:00,19.3,70,13.7,19.5,0.0,0.0,0.0,0.0,0.0,0,1013.9,1011.7,0,0,0,0,6.5,42,19.1,387.0,275.0,112.0,589.6,3600.0,0.22,0.67,17.3,0.132,Napoli,40.8518,14.2681
2026-05-07T10:00,21.1,60,12.9,21.5,0.0,0.0,0.0,0.0,0.0,2,1013.9,1011.7,55,0,16,47,3.8,45,18.7,568.0,438.0,130.0,695.8,3600.0,0.35,1.01,19.3,0.13,Napoli,40.8518,14.2681
2026-05-07T11:00,22.2,53,12.2,23.6,0.0,0.0,0.0,0.0,0.0,3,1013.8,1011.6,100,0,0,100,2.7,62,15.5,709.0,529.0,180.0,693.6,3600.0,0.45,1.26,21.4,0.127,Napoli,40.8518,14.2681
2026-05-07T12:00,23.4,49,12.2,25.7,0.0,0.0,0.0,0.0,0.0,3,1013.8,1011.6,98,0,2,98,0.9,217,14.8,812.0,611.0,201.0,713.2,3600.0,0.53,1.45,23.5,0.123,Napoli,40.8518,14.2681
2026-05-07T13:00,24.2,46,11.9,26.4,0.0,0.0,0.0,0.0,0.0,3,1013.3,1011.1,100,0,0,100,3.0,218,15.8,870.0,675.0,195.0,745.5,3600.0,0.58,1.63,25.2,0.118,Napoli,40.8518,14.2681
2026-05-07T14:00,24.8,44,11.6,26.4,0.0,0.0,0.0,0.0,0.0,3,1012.8,1010.6,100,0,80,100,3.9,233,19.4,817.0,530.0,287.0,585.5,3600.0,0.55,1.76,25.9,0.127,Napoli,40.8518,14.2681
2026-05-07T15:00,24.1,46,11.8,23.8,0.0,0.0,0.0,0.0,0.0,3,1012.3,1010.1,100,0,99,80,5.3,262,17.3,509.0,134.0,375.0,156.5,2894.31,0.37,1.61,25.9,0.124,Napoli,40.8518,14.2681
2026-05-07T16:00,24.5,43,11.2,24.3,0.0,0.0,0.0,0.0,0.0,3,1011.7,1009.5,92,0,31,88,4.1,270,16.9,448.0,144.0,304.0,189.0,3600.0,0.32,1.74,25.8,0.121,Napoli,40.8518,14.2681
2026-05-07T17:00,24.8,42,10.8,24.2,0.1,0.1,0.0,0.0,0.0,51,1011.1,1008.9,97,0,29,96,5.6,303,16.6,461.0,242.0,219.0,384.8,3600.0,0.33,1.83,25.8,0.119,Napoli,40.8518,14.2681
2026-05-07T18:00,23.4,50,12.4,23.2,0.0,0.0,0.0,0.0,0.0,3,1010.7,1008.5,100,0,3,100,6.1,236,16.2,311.0,139.0,172.0,298.4,3600.0,0.23,1.43,25.2,0.116,Napoli,40.8518,14.2681
2026-05-07T19:00,21.7,61,13.9,22.0,0.0,0.0,0.0,0.0,0.0,3,1010.7,1008.5,100,0,14,100,6.5,264,16.6,170.0,53.0,117.0,186.7,3600.0,0.13,1.01,24.1,0.115,Napoli,40.8518,14.2681
2026-05-07T20:00,21.1,65,14.2,21.2,0.0,0.0,0.0,0.0,0.0,3,1010.5,1008.3,100,0,5,100,7.9,303,15.1,32.0,0.0,32.0,0.0,0.0,0.06,0.88,22.9,0.109,Napoli,40.8518,14.2681
2026-05-07T21:00,20.9,63,13.7,20.3,0.0,0.0,0.0,0.0,0.0,3,1010.7,1008.5,100,0,48,100,12.1,6,24.8,0.0,0.0,0.0,0.0,0.0,0.08,0.91,21.8,0.108,Napoli,40.8518,14.2681
2026-05-07T22:00,20.6,67,14.3,19.7,0.0,0.0,0.0,0.0,0.0,3,1010.8,1008.6,100,0,87,100,16.0,33,35.6,0.0,0.0,0.0,0.0,0.0,0.06,0.8,21.0,0.108,Napoli,40.8518,14.2681
2026-05-07T23:00,19.9,69,14.1,19.0,0.0,0.0,0.0,0.0,0.0,3,1010.3,1008.1,100,0,91,100,14.7,35,36.0,0.0,0.0,0.0,0.0,0.0,0.05,0.71,20.4,0.107,Napoli,40.8518,14.2681
2026-05-08T00:00,19.5,70,14.0,19.2,0.0,0.0,0.0,0.0,0.0,3,1010.2,1008.0,100,0,100,100,10.9,34,32.8,0.0,0.0,0.0,0.0,0.0,0.03,0.67,19.8,0.107,Napoli,40.8518,14.2681
2026-05-08T01:00,19.3,71,13.9,19.2,0.0,0.0,0.0,0.0,0.0,3,1010.7,1008.5,100,0,100,100,9.2,48,25.2,0.0,0.0,0.0,0.0,0.0,0.03,0.66,19.4,0.106,Napoli,40.8518,14.2681
2026-05-08T02:00,19.2,64,12.2,18.2,0.0,0.0,0.0,0.0,0.0,3,1010.2,1008.0,100,0,100,100,10.8,52,23.4,0.0,0.0,0.0,0.0,0.0,0.04,0.8,20.6,0.096,Napoli,40.8518,14.2681
2026-05-08T03:00,18.8,63,11.6,17.5,0.0,0.0,0.0,0.0,0.0,3,1009.9,1007.7,100,2,98,100,12.2,57,27.0,0.0,0.0,0.0,0.0,0.0,0.05,0.8,20.0,0.095,Napoli,40.8518,14.2681
2026-05-08T04:00,18.2,62,10.7,16.6,0.0,0.0,0.0,0.0,0.0,3,1010.0,1007.8,98,11,59,96,12.5,65,29.2,0.0,0.0,0.0,0.0,0.0,0.05,0.8,19.4,0.095,Napoli,40.8518,14.2681
2026-05-08T05:00,17.6,60,9.7,15.9,0.0,0.0,0.0,0.0,0.0,3,1010.3,1008.0,100,16,99,100,10.4,53,27.4,0.0,0.0,0.0,0.0,0.0,0.05,0.81,18.8,0.094,Napoli,40.8518,14.2681
2026-05-08T06:00,17.1,60,9.2,15.3,0.0,0.0,0.0,0.0,0.0,3,1010.6,1008.3,94,20,63,81,10.7,55,23.8,0.0,0.0,0.0,0.0,0.0,0.07,0.79,18.3,0.094,Napoli,40.8518,14.2681
2026-05-08T07:00,17.0,61,9.4,15.4,0.0,0.0,0.0,0.0,0.0,3,1011.1,1008.8,100,30,94,100,9.5,53,24.1,41.0,6.0,35.0,52.3,16.14,0.07,0.76,17.9,0.094,Napoli,40.8518,14.2681
2026-05-08T08:00,17.9,58,9.4,16.4,0.0,0.0,0.0,0.0,0.0,3,1011.2,1008.9,100,29,99,100,9.0,44,24.5,148.0,41.0,107.0,142.7,2480.13,0.12,0.87,19.0,0.092,Napoli,40.8518,14.2681
2026-05-08T09:00,17.8,61,10.1,16.4,0.0,0.0,0.0,0.0,0.0,3,1011.4,1009.1,100,13,97,100,9.7,109,24.8,118.0,5.0,113.0,10.7,0.0,0.12,0.8,19.0,0.092,Napoli,40.8518,14.2681
2026-05-08T10:00,17.7,64,10.7,17.1,0.5,0.5,0.0,0.0,0.0,53,1011.9,1009.6,100,26,100,85,5.4,124,24.5,210.0,38.0,172.0,60.1,3.74,0.15,0.74,19.4,0.097,Napoli,40.8518,14.2681
2026-05-08T11:00,18.2,71,12.9,18.3,1.0,1.0,0.0,0.0,0.0,55,1012.3,1010.0,100,41,100,95,5.6,119,18.4,328.0,129.0,199.0,168.6,3259.23,0.21,0.6,20.0,0.108,Napoli,40.8518,14.2681
2026-05-08T12:00,19.5,63,12.2,19.3,0.3,0.3,0.0,0.0,0.0,51,1012.0,1009.8,100,14,100,23,6.0,115,19.4,319.0,33.0,286.0,38.4,0.0,0.22,0.85,20.5,0.111,Napoli,40.8518,14.2681
2026-05-08T13:00,21.7,53,11.6,22.2,0.0,0.0,0.0,0.0,0.0,2,1011.6,1009.4,68,31,59,0,3.1,170,20.2,631.0,265.0,366.0,292.1,3600.0,0.41,1.23,22.3,0.109,Napoli,40.8518,14.2681
2026-05-08T14:00,22.2,47,10.5,21.3,0.0,0.0,0.0,0.0,0.0,3,1012.0,1009.8,100,9,100,0,13.2,58,23.8,716.0,434.0,282.0,478.4,3600.0,0.48,1.41,26.5,0.09,Napoli,40.8518,14.2681
2026-05-08T15:00,22.5,46,10.4,20.9,0.0,0.0,0.0,0.0,0.0,2,1012.1,1009.9,53,9,52,0,13.0,56,36.4,587.0,253.0,334.0,294.8,3600.0,0.42,1.47,26.8,0.088,Napoli,40.8518,14.2681
2026-05-08T16:00,22.6,45,10.0,21.8,0.0,0.0,0.0,0.0,0.0,2,1012.1,1009.9,64,60,11,0,8.7,95,36.4,630.0,431.0,199.0,564.0,3600.0,0.42,1.51,27.2,0.087,Napoli,40.8518,14.2681
2026-05-08T17:00,21.5,53,11.5,20.8,0.0,0.0,0.0,0.0,0.0,1,1012.2,1010.0,30,20,26,0,8.3,164,28.1,452.0,265.0,187.0,419.9,3600.0,0.3,1.21,27.1,0.085,Napoli,40.8518,14.2681
2026-05-08T18:00,20.2,66,13.8,20.5,0.2,0.2,0.0,0.0,0.0,51,1012.6,1010.4,96,23,95,0,6.0,201,24.5,330.0,179.0,151.0,382.3,3600.0,0.2,0.79,26.2,0.087,Napoli,40.8518,14.2681
2026-05-08T19:00,19.4,72,14.3,20.4,0.0,0.0,0.0,0.0,0.0,2,1012.8,1010.6,52,10,45,6,2.8,198,18.7,158.0,73.0,85.0,254.7,3600.0,0.09,0.63,25.0,0.086,Napoli,40.8518,14.2681
2026-05-08T20:00,19.1,57,10.3,17.2,0.1,0.1,0.0,0.0,0.0,51,1013.7,1011.5,99,2,43,98,13.6,50,10.8,48.0,16.0,32.0,139.9,3060.55,0.09,0.96,23.4,0.085,Napoli,40.8518,14.2681
2026-05-08T21:00,18.2,59,10.0,16.6,0.0,0.0,0.0,0.0,0.0,3,1014.6,1012.3,100,1,73,99,11.1,50,30.2,0.0,0.0,0.0,0.0,0.0,0.08,0.86,21.9,0.084,Napoli,40.8518,14.2681
2026-05-08T22:00,17.8,58,9.5,16.3,0.0,0.0,0.0,0.0,0.0,3,1015.3,1013.0,100,0,100,99,9.4,36,25.2,0.0,0.0,0.0,0.0,0.0,0.04,0.85,20.8,0.084,Napoli,40.8518,14.2681
2026-05-08T23:00,17.4,59,9.3,15.9,0.0,0.0,0.0,0.0,0.0,3,1015.4,1013.1,100,0,79,100,8.8,31,21.6,0.0,0.0,0.0,0.0,0.0,0.04,0.82,20.0,0.084,Napoli,40.8518,14.2681
2026-05-09T00:00,16.9,61,9.3,15.5,0.0,0.0,0.0,0.0,0.0,0,1015.7,1013.4,15,0,8,7,8.2,32,20.9,0.0,0.0,0.0,0.0,0.0,0.03,0.75,19.2,0.084,Napoli,40.8518,14.2681
2026-05-09T01:00,16.2,65,9.6,15.2,0.0,0.0,0.0,0.0,0.0,2,1015.7,1013.4,63,0,3,61,5.9,38,19.8,0.0,0.0,0.0,0.0,0.0,0.02,0.64,18.3,0.084,Napoli,40.8518,14.2681
2026-05-09T02:00,15.1,69,9.5,13.9,0.0,0.0,0.0,0.0,0.0,0,1015.7,1013.4,9,2,7,0,7.6,54,13.3,0.0,0.0,0.0,0.0,0.0,0.02,0.53,17.5,0.089,Napoli,40.8518,14.2681
2026-05-09T03:00,14.8,72,9.8,14.1,0.0,0.0,0.0,0.0,0.0,0,1015.8,1013.5,17,0,17,0,4.1,56,15.8,0.0,0.0,0.0,0.0,0.0,0.0,0.47,16.8,0.089,Napoli,40.8518,14.2681
2026-05-09T04:00,14.7,72,9.7,14.0,0.0,0.0,0.0,0.0,0.0,1,1016.0,1013.7,20,5,17,0,4.5,40,9.4,0.0,0.0,0.0,0.0,0.0,0.0,0.47,16.2,0.089,Napoli,40.8518,14.2681
2026-05-09T05:00,14.5,73,9.7,13.8,0.0,0.0,0.0,0.0,0.0,0,1016.2,1013.9,5,5,0,0,4.3,68,9.4,0.0,0.0,0.0,0.0,0.0,0.0,0.45,15.8,0.089,Napoli,40.8518,14.2681
2026-05-09T06:00,14.0,81,10.7,13.8,0.0,0.0,0.0,0.0,0.0,0,1016.5,1014.2,5,5,0,0,2.7,62,9.4,0.0,0.0,0.0,0.0,0.0,0.02,0.31,15.4,0.089,Napoli,40.8518,14.2681
2026-05-09T07:00,15.0,74,10.5,15.0,0.0,0.0,0.0,0.0,0.0,0,1017.2,1014.9,6,5,2,0,1.1,351,4.7,47.0,14.0,33.0,120.6,2303.84,0.02,0.44,15.5,0.089,Napoli,40.8518,14.2681
2026-05-09T08:00,16.6,69,10.9,16.2,0.0,0.0,0.0,0.0,0.0,0,1017.5,1015.2,1,1,0,0,4.3,48,12.2,194.0,105.0,89.0,361.7,3600.0,0.11,0.59,15.8,0.096,Napoli,40.8518,14.2681
2026-05-09T09:00,18.6,63,11.5,18.4,0.0,0.0,0.0,0.0,0.0,0,1017.1,1014.8,0,0,0,0,4.7,58,16.2,390.0,274.0,116.0,580.7,3600.0,0.22,0.79,17.6,0.095,Napoli,40.8518,14.2681
2026-05-09T10:00,20.6,55,11.2,20.4,0.0,0.0,0.0,0.0,0.0,0,1017.0,1014.8,0,0,0,0,4.2,78,18.7,575.0,442.0,133.0,696.7,3600.0,0.35,1.09,19.8,0.094,Napoli,40.8518,14.2681
2026-05-09T11:00,22.1,46,10.1,22.7,0.0,0.0,0.0,0.0,0.0,0,1016.9,1014.7,2,0,0,2,4.3,165,17.6,732.0,587.0,145.0,765.2,3600.0,0.46,1.43,22.3,0.092,Napoli,40.8518,14.2681
2026-05-09T12:00,22.7,47,10.9,23.6,0.0,0.0,0.0,0.0,0.0,0,1016.9,1014.7,5,0,0,5,7.8,195,24.5,843.0,691.0,152.0,802.7,3600.0,0.54,1.46,24.5,0.09,Napoli,40.8518,14.2681
2026-05-09T13:00,22.6,52,12.2,23.2,0.0,0.0,0.0,0.0,0.0,0,1016.8,1014.6,8,0,0,8,13.6,203,36.0,902.0,747.0,155.0,821.6,3600.0,0.56,1.32,26.1,0.088,Napoli,40.8518,14.2681
2026-05-09T14:00,22.0,51,11.5,22.0,0.0,0.0,0.0,0.0,0.0,2,1017.0,1014.8,63,0,0,63,15.8,199,38.9,905.0,755.0,150.0,830.6,3600.0,0.55,1.28,27.2,0.088,Napoli,40.8518,14.2681
2026-05-09T15:00,21.8,57,13.0,22.2,0.0,0.0,0.0,0.0,0.0,1,1016.7,1014.5,20,0,0,20,13.3,193,40.3,823.0,640.0,183.0,744.0,3600.0,0.5,1.11,27.7,0.087,Napoli,40.8518,14.2681
2026-05-09T16:00,22.6,54,12.8,23.1,0.0,0.0,0.0,0.0,0.0,3,1016.1,1013.9,98,0,0,98,10.1,215,35.6,731.0,589.0,142.0,768.8,3600.0,0.47,1.26,28.0,0.085,Napoli,40.8518,14.2681
2026-05-09T17:00,22.3,51,11.8,21.8,0.0,0.0,0.0,0.0,0.0,3,1015.5,1013.3,100,0,0,100,7.3,189,28.8,559.0,393.0,166.0,620.6,3600.0,0.36,1.3,27.9,0.084,Napoli,40.8518,14.2681
2026-05-09T18:00,20.9,61,13.0,20.3,0.0,0.0,0.0,0.0,0.0,3,1015.7,1013.5,100,0,2,100,10.3,179,26.6,333.0,151.0,182.0,320.9,3600.0,0.23,0.97,26.9,0.084,Napoli,40.8518,14.2681
2026-05-09T19:00,19.4,72,14.3,19.3,0.0,0.0,0.0,0.0,0.0,3,1016.1,1013.8,100,0,10,100,10.0,193,27.4,164.0,40.0,124.0,138.3,2348.08,0.11,0.62,25.4,0.083,Napoli,40.8518,14.2681
2026-05-09T20:00,18.8,78,14.8,19.3,0.0,0.0,0.0,0.0,0.0,3,1015.7,1013.4,100,0,79,100,7.2,153,24.1,42.0,6.0,36.0,51.8,0.0,0.04,0.49,23.9,0.079,Napoli,40.8518,14.2681
2026-05-09T21:00,18.4,76,14.2,18.9,0.0,0.0,0.0,0.0,0.0,3,1016.3,1014.0,100,0,14,100,6.1,156,16.6,0.0,0.0,0.0,0.0,0.0,0.03,0.5,22.5,0.079,Napoli,40.8518,14.2681
2026-05-09T22:00,18.5,73,13.5,18.8,0.0,0.0,0.0,0.0,0.0,3,1016.1,1013.8,100,0,100,100,5.3,80,14.0,0.0,0.0,0.0,0.0,0.0,0.01,0.58,21.5,0.079,Napoli,40.8518,14.2681
2026-05-09T23:00,18.7,65,12.1,18.3,0.0,0.0,0.0,0.0,0.0,3,1014.9,1012.6,99,0,12,99,7.1,49,17.6,0.0,0.0,0.0,0.0,0.0,0.02,0.74,20.6,0.079,Napoli,40.8518,14.2681
2026-05-10T00:00,18.5,62,11.2,18.2,0.0,0.0,0.0,0.0,0.0,3,1015.0,1012.7,84,0,2,84,4.4,30,16.2,0.0,0.0,0.0,0.0,0.0,0.01,0.8,19.9,0.079,Napoli,40.8518,14.2681
2026-05-10T01:00,17.8,66,11.4,18.2,0.1,0.1,0.0,0.0,0.0,51,1015.9,1013.6,100,0,36,100,0.2,270,10.1,0.0,0.0,0.0,0.0,0.0,0.0,0.69,19.0,0.08,Napoli,40.8518,14.2681
2026-05-10T02:00,18.0,68,12.1,17.3,0.2,0.2,0.0,0.0,0.0,51,1015.5,1013.2,100,0,10,100,9.1,263,11.2,0.0,0.0,0.0,0.0,0.0,0.03,0.65,19.7,0.095,Napoli,40.8518,14.2681
2026-05-10T03:00,17.3,80,13.9,17.3,0.0,0.0,0.0,0.0,0.0,3,1016.3,1014.0,100,0,63,100,8.6,259,20.9,0.0,0.0,0.0,0.0,0.0,0.01,0.39,19.0,0.095,Napoli,40.8518,14.2681
2026-05-10T04:00,17.2,85,14.7,17.4,0.3,0.3,0.0,0.0,0.0,51,1015.6,1013.3,100,0,65,100,8.7,103,18.0,0.0,0.0,0.0,0.0,0.0,0.0,0.29,18.5,0.099,Napoli,40.8518,14.2681
2026-05-10T05:00,16.9,87,14.8,17.8,0.0,0.0,0.0,0.0,0.0,3,1015.5,1013.2,100,0,38,100,4.7,67,19.8,0.0,0.0,0.0,0.0,0.0,0.0,0.25,18.1,0.099,Napoli,40.8518,14.2681
2026-05-10T06:00,16.2,87,14.1,16.4,0.0,0.0,0.0,0.0,0.0,1,1015.1,1012.8,41,0,35,9,7.8,22,14.8,0.0,0.0,0.0,0.0,0.0,0.02,0.24,17.6,0.099,Napoli,40.8518,14.2681
2026-05-10T07:00,16.8,81,13.5,17.4,0.0,0.0,0.0,0.0,0.0,1,1015.3,1013.0,42,0,27,22,3.4,72,15.5,48.0,14.0,34.0,119.1,2181.2,0.03,0.37,17.4,0.099,Napoli,40.8518,14.2681
2026-05-10T08:00,18.6,75,14.1,19.7,0.0,0.0,0.0,0.0,0.0,2,1015.1,1012.8,74,0,72,7,1.6,276,13.0,185.0,89.0,96.0,303.5,3600.0,0.1,0.53,17.9,0.11,Napoli,40.8518,14.2681
2026-05-10T09:00,19.1,73,14.3,19.9,0.1,0.1,0.0,0.0,0.0,51,1014.6,1012.3,100,2,100,0,3.8,82,11.5,193.0,60.0,133.0,126.5,1994.17,0.13,0.59,18.7,0.111,Napoli,40.8518,14.2681
2026-05-10T10:00,20.6,67,14.3,21.1,0.0,0.0,0.0,0.0,0.0,3,1014.3,1012.1,98,3,98,0,6.0,129,19.1,384.0,171.0,213.0,268.5,3600.0,0.25,0.8,20.2,0.109,Napoli,40.8518,14.2681
2026-05-10T11:00,21.8,60,13.8,22.2,0.0,0.0,0.0,0.0,0.0,3,1014.3,1012.1,100,0,100,0,5.5,161,19.1,497.0,174.0,323.0,226.2,3600.0,0.33,1.03,21.9,0.107,Napoli,40.8518,14.2681
2026-05-10T12:00,21.8,59,13.4,21.3,0.0,0.0,0.0,0.0,0.0,3,1014.2,1012.0,98,0,98,0,11.2,184,29.9,537.0,174.0,363.0,201.7,3600.0,0.36,1.07,23.2,0.105,Napoli,40.8518,14.2681
2026-05-10T13:00,21.3,62,13.8,20.2,0.3,0.3,0.0,0.0,0.0,51,1013.9,1011.7,36,6,35,0,18.8,176,44.6,629.0,261.0,368.0,286.5,3600.0,0.39,0.96,24.0,0.107,Napoli,40.8518,14.2681
2026-05-10T14:00,21.1,62,13.7,20.7,0.0,0.0,0.0,0.0,0.0,0,1013.6,1011.4,14,0,14,0,19.3,168,52.9,806.0,562.0,244.0,617.0,3600.0,0.47,0.94,23.6,0.116,Napoli,40.8518,14.2681
2026-05-10T15:00,20.9,71,15.4,21.0,0.0,0.0,0.0,0.0,0.0,0,1013.5,1011.3,16,15,13,0,19.8,168,49.3,789.0,589.0,200.0,683.2,3600.0,0.43,0.72,24.3,0.114,Napoli,40.8518,14.2681
2026-05-10T16:00,20.5,77,16.3,20.0,0.2,0.2,0.0,0.0,0.0,51,1013.2,1011.0,95,95,0,0,22.5,181,54.0,696.0,523.0,173.0,680.9,3600.0,0.36,0.56,24.5,0.114,Napoli,40.8518,14.2681
2026-05-10T17:00,19.5,84,16.8,19.0,0.4,0.4,0.0,0.0,0.0,51,1013.1,1010.9,37,37,0,0,19.9,193,53.3,365.0,138.0,227.0,217.2,3600.0,0.2,0.36,23.7,0.117,Napoli,40.8518,14.2681
2026-05-10T18:00,19.1,85,16.6,18.9,0.2,0.2,0.0,0.0,0.0,51,1013.0,1010.8,41,40,0,2,17.5,199,46.8,288.0,126.0,162.0,266.4,3600.0,0.16,0.32,23.0,0.119,Napoli,40.8518,14.2681
2026-05-10T19:00,18.5,87,16.3,18.5,0.3,0.3,0.0,0.0,0.0,51,1012.8,1010.5,45,43,0,4,14.8,202,41.4,138.0,45.0,93.0,154.2,2824.51,0.08,0.28,22.0,0.122,Napoli,40.8518,14.2681
2026-05-10T20:00,17.9,93,16.7,17.8,0.2,0.2,0.0,0.0,0.0,51,1013.1,1010.8,100,100,10,62,16.6,193,35.3,38.0,8.0,30.0,68.4,494.64,0.03,0.15,21.4,0.116,Napoli,40.8518,14.2681
2026-05-10T21:00,17.6,96,16.9,17.7,0.2,0.2,0.0,0.0,0.0,51,1013.2,1010.9,45,34,0,16,15.3,205,35.3,0.0,0.0,0.0,0.0,0.0,0.02,0.09,20.4,0.119,Napoli,40.8518,14.2681
2026-05-10T22:00,17.5,96,16.9,18.0,0.1,0.1,0.0,0.0,0.0,51,1013.6,1011.3,23,23,0,0,13.4,209,31.7,0.0,0.0,0.0,0.0,0.0,0.0,0.08,19.5,0.12,Napoli,40.8518,14.2681
2026-05-10T23:00,17.4,94,16.5,17.8,0.1,0.1,0.0,0.0,0.0,51,1013.6,1011.3,26,26,0,0,12.9,217,27.4,0.0,0.0,0.0,0.0,0.0,0.0,0.11,18.9,0.12,Napoli,40.8518,14.2681
2026-05-11T00:00,17.2,93,16.0,17.8,0.2,0.2,0.0,0.0,0.0,51,1013.6,1011.3,52,43,12,15,9.9,218,25.9,0.0,0.0,0.0,0.0,0.0,0.0,0.14,18.4,0.123,Napoli,40.8518,14.2681
2026-05-11T01:00,17.4,88,15.4,17.9,0.4,0.4,0.0,0.0,0.0,51,1013.7,1011.4,100,100,59,0,8.6,216,23.0,0.0,0.0,0.0,0.0,0.0,0.0,0.24,18.1,0.127,Napoli,40.8518,14.2681
2026-05-11T02:00,17.3,94,16.4,17.7,0.1,0.1,0.0,0.0,0.0,51,1013.4,1011.1,27,21,6,0,12.6,184,22.0,0.0,0.0,0.0,0.0,0.0,0.0,0.12,19.6,0.118,Napoli,40.8518,14.2681
2026-05-11T03:00,17.3,94,16.4,17.5,0.2,0.2,0.0,0.0,0.0,51,1013.1,1010.8,35,32,13,0,14.1,193,29.9,0.0,0.0,0.0,0.0,0.0,0.0,0.11,19.0,0.12,Napoli,40.8518,14.2681
2026-05-11T04:00,17.2,94,16.2,17.2,0.4,0.4,0.0,0.0,0.0,51,1013.1,1010.8,96,95,33,3,14.6,212,32.8,0.0,0.0,0.0,0.0,0.0,0.0,0.12,18.5,0.125,Napoli,40.8518,14.2681
2026-05-11T05:00,17.2,95,16.3,17.7,0.2,0.2,0.0,0.0,0.0,51,1013.0,1010.7,99,38,4,99,11.2,230,29.2,0.0,0.0,0.0,0.0,0.0,0.0,0.1,18.2,0.127,Napoli,40.8518,14.2681
2026-05-11T06:00,17.0,93,15.9,17.3,0.3,0.3,0.0,0.0,0.0,51,1013.4,1011.1,100,34,19,100,11.8,246,24.5,0.0,0.0,0.0,0.0,0.0,0.02,0.13,17.9,0.131,Napoli,40.8518,14.2681
2026-05-11T07:00,17.4,92,16.1,17.7,0.1,0.1,0.0,0.0,0.0,51,1013.8,1011.5,100,38,6,100,12.3,239,25.2,31.0,0.0,31.0,0.0,0.0,0.03,0.15,17.8,0.132,Napoli,40.8518,14.2681
2026-05-11T08:00,17.5,92,16.1,17.5,0.1,0.1,0.0,0.0,0.0,51,1014.1,1011.8,100,39,33,100,14.5,223,33.8,114.0,9.0,105.0,30.4,0.0,0.07,0.17,19.0,0.137,Napoli,40.8518,14.2681
2026-05-11T09:00,18.8,83,15.9,18.6,0.1,0.1,0.0,0.0,0.0,51,1014.4,1012.1,99,24,7,99,15.3,229,36.7,279.0,122.0,157.0,255.8,3600.0,0.16,0.36,19.4,0.138,Napoli,40.8518,14.2681
2026-05-11T10:00,19.7,75,15.2,19.1,0.1,0.1,0.0,0.0,0.0,51,1014.5,1012.3,100,20,9,100,15.8,228,38.9,426.0,231.0,195.0,361.5,3600.0,0.25,0.57,20.2,0.137,Napoli,40.8518,14.2681
2026-05-11T11:00,20.5,70,14.8,20.4,0.1,0.1,0.0,0.0,0.0,51,1014.7,1012.5,98,25,3,98,14.9,232,39.2,646.0,413.0,233.0,535.5,3600.0,0.37,0.72,21.4,0.136,Napoli,40.8518,14.2681
2026-05-11T12:00,20.7,66,14.1,20.4,0.0,0.0,0.0,0.0,0.0,1,1015.0,1012.8,24,5,1,20,14.5,233,38.2,640.0,324.0,316.0,374.7,3600.0,0.39,0.83,22.4,0.133,Napoli,40.8518,14.2681
2026-05-11T13:00,21.6,58,13.0,22.4,0.0,0.0,0.0,0.0,0.0,0,1014.7,1012.5,7,0,0,7,12.9,234,38.2,881.0,714.0,167.0,782.1,3600.0,0.53,1.08,23.7,0.129,Napoli,40.8518,14.2681
2026-05-11T14:00,21.7,57,12.8,22.4,0.0,0.0,0.0,0.0,0.0,0,1014.6,1012.4,0,0,0,0,13.9,226,35.3,907.0,750.0,157.0,821.8,3600.0,0.54,1.11,24.5,0.12,Napoli,40.8518,14.2681
2026-05-11T15:00,21.7,57,12.7,22.3,0.0,0.0,0.0,0.0,0.0,0,1014.1,1011.9,0,0,0,0,12.4,219,36.7,851.0,700.0,151.0,810.3,3600.0,0.52,1.12,25.3,0.116,Napoli,40.8518,14.2681
2026-05-11T16:00,21.4,56,12.4,21.3,0.0,0.0,0.0,0.0,0.0,0,1013.6,1011.4,0,0,0,0,12.8,204,34.2,741.0,599.0,142.0,777.9,3600.0,0.45,1.11,25.6,0.113,Napoli,40.8518,14.2681
2026-05-11T17:00,20.8,59,12.4,20.0,0.0,0.0,0.0,0.0,0.0,0,1013.1,1010.9,1,0,1,1,11.7,193,34.2,586.0,455.0,131.0,713.7,3600.0,0.36,1.01,25.4,0.111,Napoli,40.8518,14.2681
2026-05-11T18:00,19.8,68,13.8,19.3,0.0,0.0,0.0,0.0,0.0,0,1012.9,1010.7,0,0,0,0,11.8,187,31.3,403.0,290.0,113.0,610.1,3600.0,0.24,0.74,24.7,0.109,Napoli,40.8518,14.2681
2026-05-11T19:00,18.6,81,15.2,18.8,0.0,0.0,0.0,0.0,0.0,0,1012.8,1010.5,0,0,0,0,10.5,176,29.9,213.0,128.0,85.0,434.6,3600.0,0.12,0.42,23.5,0.108,Napoli,40.8518,14.2681
2026-05-11T20:00,18.5,92,17.1,19.1,0.0,0.0,0.0,0.0,0.0,0,1012.6,1010.3,16,16,0,0,12.8,181,27.7,56.0,21.0,35.0,177.5,3600.0,0.03,0.18,22.7,0.097,Napoli,40.8518,14.2681
2026-05-11T21:00,18.1,96,17.5,18.7,0.0,0.0,0.0,0.0,0.0,1,1012.5,1010.2,48,48,0,0,13.9,184,30.2,0.0,0.0,0.0,0.0,0.0,0.01,0.08,21.4,0.097,Napoli,40.8518,14.2681
2026-05-11T22:00,17.9,94,16.9,18.2,0.0,0.0,0.0,0.0,0.0,0,1012.8,1010.5,2,2,0,0,14.1,182,31.0,0.0,0.0,0.0,0.0,0.0,0.0,0.12,20.4,0.097,Napoli,40.8518,14.2681
2026-05-11T23:00,17.7,94,16.6,17.8,0.0,0.0,0.0,0.0,0.0,0,1012.7,1010.4,0,0,0,0,14.8,177,31.7,0.0,0.0,0.0,0.0,0.0,0.0,0.13,19.6,0.097,Napoli,40.8518,14.2681
2026-05-12T00:00,17.4,94,16.4,17.3,0.0,0.0,0.0,0.0,0.0,0,1012.9,1010.6,6,0,6,0,15.8,178,34.2,0.0,0.0,0.0,0.0,0.0,0.0,0.12,19.0,0.097,Napoli,40.8518,14.2681
2026-05-12T01:00,17.4,93,16.2,17.1,0.0,0.0,0.0,0.0,0.0,0,1012.8,1010.5,15,0,15,0,16.2,177,35.6,0.0,0.0,0.0,0.0,0.0,0.0,0.15,18.5,0.097,Napoli,40.8518,14.2681
2026-05-12T02:00,17.4,91,16.0,17.2,0.0,0.0,0.0,0.0,0.0,0,1012.2,1009.9,13,1,13,0,15.2,175,34.9,0.0,0.0,0.0,0.0,0.0,0.0,0.17,18.8,0.104,Napoli,40.8518,14.2681
2026-05-12T03:00,17.4,90,15.8,17.1,0.0,0.0,0.0,0.0,0.0,0,1011.5,1009.2,0,0,0,0,15.8,173,34.2,0.0,0.0,0.0,0.0,0.0,0.01,0.19,18.3,0.104,Napoli,40.8518,14.2681
2026-05-12T04:00,17.3,91,15.8,17.0,0.0,0.0,0.0,0.0,0.0,0,1011.1,1008.8,5,5,3,0,14.9,178,34.2,0.0,0.0,0.0,0.0,0.0,0.0,0.18,17.9,0.104,Napoli,40.8518,14.2681
2026-05-12T05:00,17.1,93,16.0,16.7,0.0,0.0,0.0,0.0,0.0,1,1010.8,1008.5,25,25,0,0,16.7,180,35.6,0.0,0.0,0.0,0.0,0.0,0.0,0.14,17.7,0.104,Napoli,40.8518,14.2681
2026-05-12T06:00,17.0,91,15.5,16.7,0.0,0.0,0.0,0.0,0.0,0,1010.9,1008.6,2,2,0,0,14.8,198,37.1,0.0,0.0,0.0,0.0,0.0,0.03,0.18,17.5,0.104,Napoli,40.8518,14.2681
2026-05-12T07:00,17.6,89,15.8,17.9,0.0,0.0,0.0,0.0,0.0,0,1011.0,1008.7,0,0,0,0,11.0,230,30.6,52.0,17.0,35.0,141.3,2771.69,0.03,0.21,17.5,0.104,Napoli,40.8518,14.2681
2026-05-12T08:00,19.6,72,14.4,19.3,0.0,0.0,0.0,0.0,0.0,0,1010.9,1008.7,2,2,0,0,11.8,249,33.8,211.0,119.0,92.0,398.4,3600.0,0.14,0.64,19.3,0.117,Napoli,40.8518,14.2681
2026-05-12T09:00,20.3,49,9.2,17.8,0.0,0.0,0.0,0.0,0.0,0,1010.8,1008.6,0,0,0,0,15.9,258,39.2,433.0,328.0,105.0,684.2,3600.0,0.3,1.22,20.3,0.115,Napoli,40.8518,14.2681
2026-05-12T10:00,20.5,54,10.8,18.4,0.0,0.0,0.0,0.0,0.0,0,1011.0,1008.8,0,0,0,0,18.0,254,44.6,617.0,503.0,114.0,784.4,3600.0,0.38,1.11,21.5,0.112,Napoli,40.8518,14.2681
2026-05-12T11:00,20.6,59,12.3,19.8,0.0,0.0,0.0,0.0,0.0,0,1011.0,1008.8,11,11,0,0,17.7,253,45.4,768.0,643.0,125.0,831.5,3600.0,0.44,0.99,22.9,0.11,Napoli,40.8518,14.2681
2026-05-12T12:00,20.9,59,12.5,20.3,0.0,0.0,0.0,0.0,0.0,0,1011.0,1008.8,5,5,0,0,19.6,252,49.7,863.0,711.0,152.0,820.5,3600.0,0.49,1.02,24.1,0.107,Napoli,40.8518,14.2681
2026-05-12T13:00,21.4,57,12.5,21.0,0.0,0.0,0.0,0.0,0.0,0,1011.1,1008.9,8,8,0,0,20.5,262,52.6,916.0,762.0,154.0,833.1,3600.0,0.53,1.1,25.2,0.104,Napoli,40.8518,14.2681
2026-05-12T14:00,22.0,50,11.1,21.2,0.0,0.0,0.0,0.0,0.0,0,1010.4,1008.2,0,0,0,0,19.8,253,51.8,908.0,754.0,154.0,824.6,3600.0,0.55,1.31,26.1,0.105,Napoli,40.8518,14.2681
2026-05-12T15:00,21.8,51,11.2,20.4,0.0,0.0,0.0,0.0,0.0,0,1010.2,1008.0,0,0,0,0,22.4,255,55.8,869.0,736.0,133.0,850.2,3600.0,0.53,1.29,26.6,0.103,Napoli,40.8518,14.2681
2026-05-12T16:00,21.7,51,11.2,19.6,0.0,0.0,0.0,0.0,0.0,0,1009.9,1007.7,0,0,0,0,23.1,257,56.9,740.0,598.0,142.0,774.6,3600.0,0.46,1.27,26.6,0.1,Napoli,40.8518,14.2681
2026-05-12T17:00,21.5,51,11.0,19.0,0.0,0.0,0.0,0.0,0.0,0,1010.0,1007.8,0,0,0,0,20.9,255,56.5,607.0,491.0,116.0,767.6,3600.0,0.4,1.26,26.3,0.098,Napoli,40.8518,14.2681
2026-05-12T18:00,21.0,53,11.1,18.6,0.0,0.0,0.0,0.0,0.0,0,1010.1,1007.9,0,0,0,0,18.7,252,51.5,427.0,328.0,99.0,686.7,3600.0,0.3,1.17,25.7,0.097,Napoli,40.8518,14.2681
2026-05-12T19:00,20.4,58,11.8,18.4,0.0,0.0,0.0,0.0,0.0,0,1010.4,1008.2,0,0,0,0,17.7,255,46.1,230.0,152.0,78.0,511.6,3600.0,0.19,1.01,24.6,0.095,Napoli,40.8518,14.2681
2026-05-12T20:00,19.9,61,12.1,18.3,0.0,0.0,0.0,0.0,0.0,0,1010.8,1008.6,0,0,0,0,15.4,253,42.8,63.0,28.0,35.0,234.1,3600.0,0.1,0.92,23.5,0.088,Napoli,40.8518,14.2681
2026-05-12T21:00,19.2,66,12.6,18.5,0.0,0.0,0.0,0.0,0.0,0,1011.0,1008.8,1,0,1,0,10.7,241,35.6,0.0,0.0,0.0,0.0,0.0,0.07,0.77,22.3,0.088,Napoli,40.8518,14.2681
2026-05-12T22:00,18.5,71,13.3,18.4,0.0,0.0,0.0,0.0,0.0,0,1011.1,1008.9,2,2,1,0,7.8,230,25.2,0.0,0.0,0.0,0.0,0.0,0.02,0.61,21.2,0.088,Napoli,40.8518,14.2681
2026-05-12T23:00,18.0,78,14.2,18.2,0.0,0.0,0.0,0.0,0.0,0,1010.9,1008.6,6,6,3,0,7.9,221,19.1,0.0,0.0,0.0,0.0,0.0,0.01,0.44,20.3,0.088,Napoli,40.8518,14.2681
2026-05-13T00:00,17.8,83,14.9,18.1,0.0,0.0,0.0,0.0,0.0,0,1010.6,1008.3,1,0,0,1,8.5,215,19.4,0.0,0.0,0.0,0.0,0.0,0.01,0.34,19.6,0.088,Napoli,40.8518,14.2681
2026-05-13T01:00,17.8,80,14.4,17.7,0.0,0.0,0.0,0.0,0.0,0,1010.1,1007.8,10,1,3,8,10.0,231,23.0,0.0,0.0,0.0,0.0,0.0,0.01,0.4,19.0,0.088,Napoli,40.8518,14.2681
2026-05-13T02:00,18.3,72,13.1,17.1,0.0,0.0,0.0,0.0,0.0,1,1010.0,1007.8,20,7,4,13,14.5,251,33.5,0.0,0.0,0.0,0.0,0.0,0.04,0.59,18.9,0.09,Napoli,40.8518,14.2681
2026-05-13T03:00,17.8,67,11.6,16.6,0.0,0.0,0.0,0.0,0.0,1,1009.0,1006.8,33,0,27,13,10.8,265,34.9,0.0,0.0,0.0,0.0,0.0,0.04,0.67,18.5,0.089,Napoli,40.8518,14.2681
2026-05-13T04:00,17.4,71,12.1,15.9,0.0,0.0,0.0,0.0,0.0,3,1008.9,1006.6,80,44,63,31,14.9,251,37.1,0.0,0.0,0.0,0.0,0.0,0.04,0.58,18.2,0.089,Napoli,40.8518,14.2681
2026-05-13T05:00,17.1,76,12.9,16.4,0.0,0.0,0.0,0.0,0.0,3,1008.6,1006.3,83,34,52,69,10.5,257,36.7,0.0,0.0,0.0,0.0,0.0,0.02,0.46,18.0,0.089,Napoli,40.8518,14.2681
2026-05-13T06:00,16.9,79,13.1,16.2,0.0,0.0,0.0,0.0,0.0,2,1008.8,1006.5,73,67,5,13,11.4,255,24.8,0.0,0.0,0.0,0.0,0.0,0.04,0.41,17.8,0.089,Napoli,40.8518,14.2681
2026-05-13T07:00,17.5,75,12.9,16.2,0.2,0.2,0.0,0.0,0.0,51,1009.2,1006.9,48,30,28,4,14.6,269,32.8,53.0,17.0,36.0,139.8,2655.75,0.06,0.51,17.9,0.091,Napoli,40.8518,14.2681
2026-05-13T08:00,18.6,69,12.8,17.7,0.3,0.3,0.0,0.0,0.0,51,1009.2,1007.0,95,33,20,91,12.5,254,40.0,206.0,120.0,86.0,398.2,3600.0,0.14,0.66,18.9,0.095,Napoli,40.8518,14.2681
2026-05-13T09:00,19.1,65,12.4,18.0,0.1,0.1,0.0,0.0,0.0,51,1009.1,1006.9,51,32,20,15,12.6,246,34.2,309.0,131.0,178.0,271.9,3600.0,0.2,0.77,19.9,0.096,Napoli,40.8518,14.2681
2026-05-13T10:00,19.7,64,12.6,18.6,0.0,0.0,0.0,0.0,0.0,2,1008.9,1006.7,55,7,48,9,12.7,230,41.0,552.0,398.0,154.0,618.6,3600.0,0.33,0.83,21.5,0.095,Napoli,40.8518,14.2681
2026-05-13T11:00,19.2,65,12.6,18.0,0.4,0.4,0.0,0.0,0.0,51,1008.8,1006.6,45,4,33,15,13.8,222,43.2,520.0,284.0,236.0,366.3,3600.0,0.31,0.77,22.3,0.099,Napoli,40.8518,14.2681
2026-05-13T12:00,19.5,63,12.2,19.1,0.3,0.3,0.0,0.0,0.0,51,1008.8,1006.6,34,18,13,13,14.3,230,47.5,736.0,517.0,219.0,595.4,3600.0,0.42,0.85,23.5,0.1,Napoli,40.8518,14.2681
2026-05-13T13:00,16.2,86,13.8,15.9,5.6,5.6,0.0,0.0,0.0,63,1009.2,1006.9,91,52,34,77,13.1,257,44.6,628.0,348.0,280.0,379.8,3600.0,0.31,0.26,23.3,0.171,Napoli,40.8518,14.2681
2026-05-13T14:00,19.2,64,12.2,18.2,1.6,1.6,0.0,0.0,0.0,61,1008.6,1006.4,33,1,3,30,11.6,275,36.0,545.0,250.0,295.0,272.9,3600.0,0.34,0.81,23.5,0.171,Napoli,40.8518,14.2681
2026-05-13T15:00,20.7,56,11.6,21.5,0.0,0.0,0.0,0.0,0.0,2,1007.6,1005.4,62,0,5,60,8.6,272,35.3,819.0,638.0,181.0,735.5,3600.0,0.49,1.07,24.4,0.166,Napoli,40.8518,14.2681
2026-05-13T16:00,16.3,77,12.3,15.1,1.7,1.7,0.0,0.0,0.0,61,1007.7,1005.4,89,53,72,19,17.4,276,47.5,680.0,471.0,209.0,608.6,3600.0,0.32,0.42,24.0,0.181,Napoli,40.8518,14.2681
2026-05-13T17:00,17.5,68,11.6,15.9,0.6,0.6,0.0,0.0,0.0,53,1007.3,1005.1,38,19,16,9,14.0,303,42.1,484.0,320.0,164.0,498.7,3600.0,0.27,0.63,23.1,0.185,Napoli,40.8518,14.2681
2026-05-13T18:00,17.4,74,12.8,17.2,0.1,0.1,0.0,0.0,0.0,51,1007.3,1005.1,31,1,22,12,7.1,315,39.6,362.0,236.0,126.0,491.7,3600.0,0.2,0.51,22.5,0.184,Napoli,40.8518,14.2681
2026-05-13T19:00,16.1,78,12.4,15.2,0.5,0.5,0.0,0.0,0.0,53,1007.4,1005.1,60,13,16,45,10.9,279,31.0,198.0,106.0,92.0,353.8,3600.0,0.11,0.39,21.5,0.188,Napoli,40.8518,14.2681
2026-05-13T20:00,15.9,86,13.6,16.7,0.0,0.0,0.0,0.0,0.0,2,1007.3,1005.0,56,4,9,50,2.4,333,26.6,54.0,17.0,37.0,140.6,2708.35,0.02,0.24,20.5,0.183,Napoli,40.8518,14.2681
2026-05-13T21:00,15.7,89,13.9,16.3,0.0,0.0,0.0,0.0,0.0,0,1007.3,1005.0,9,7,5,1,3.9,283,11.2,0.0,0.0,0.0,0.0,0.0,0.02,0.19,19.4,0.183,Napoli,40.8518,14.2681
2026-05-13T22:00,15.6,81,12.4,15.2,0.0,0.0,0.0,0.0,0.0,0,1007.8,1005.5,12,5,7,1,7.9,287,18.0,0.0,0.0,0.0,0.0,0.0,0.01,0.33,18.5,0.182,Napoli,40.8518,14.2681
2026-05-13T23:00,15.5,77,11.5,14.7,0.0,0.0,0.0,0.0,0.0,0,1007.9,1005.6,6,2,5,0,8.3,290,19.1,0.0,0.0,0.0,0.0,0.0,0.01,0.4,17.7,0.182,Napoli,40.8518,14.2681
2026-05-14T00:00,15.3,77,11.3,14.7,0.0,0.0,0.0,0.0,0.0,0,1007.9,1005.6,10,6,4,0,7.1,286,18.7,0.0,0.0,0.0,0.0,0.0,0.01,0.4,17.1,0.182,Napoli,40.8518,14.2681
2026-05-14T01:00,15.2,79,11.7,15.2,0.0,0.0,0.0,0.0,0.0,0,1007.8,1005.5,14,12,5,0,3.6,276,16.2,0.0,0.0,0.0,0.0,0.0,0.0,0.36,16.7,0.182,Napoli,40.8518,14.2681
2026-05-14T02:00,14.5,86,12.1,14.8,0.0,0.0,0.0,0.0,0.0,0,1007.4,1005.1,7,6,1,0,1.8,37,9.7,0.0,0.0,0.0,0.0,0.0,0.0,0.24,16.1,0.217,Napoli,40.8518,14.2681
2026-05-14T03:00,13.9,88,11.9,13.9,0.0,0.0,0.0,0.0,0.0,0,1007.0,1004.7,4,4,1,0,3.7,79,6.8,0.0,0.0,0.0,0.0,0.0,0.0,0.19,15.7,0.217,Napoli,40.8518,14.2681
2026-05-14T04:00,13.6,90,12.0,13.8,0.0,0.0,0.0,0.0,0.0,0,1007.2,1004.9,13,13,0,0,2.5,90,6.8,0.0,0.0,0.0,0.0,0.0,0.0,0.16,15.4,0.217,Napoli,40.8518,14.2681
2026-05-14T05:00,13.3,91,11.8,13.6,0.0,0.0,0.0,0.0,0.0,1,1007.2,1004.9,27,27,0,0,1.4,50,4.0,0.0,0.0,0.0,0.0,0.0,0.0,0.14,15.0,0.216,Napoli,40.8518,14.2681
2026-05-14T06:00,13.0,92,11.7,13.2,0.0,0.0,0.0,0.0,0.0,1,1007.5,1005.2,29,29,0,0,2.4,42,4.7,1.0,0.0,1.0,0.0,0.0,0.0,0.12,14.8,0.216,Napoli,40.8518,14.2681
2026-05-14T07:00,14.0,88,12.0,14.1,0.0,0.0,0.0,0.0,0.0,1,1007.9,1005.6,33,33,0,0,3.9,13,9.7,62.0,22.0,40.0,179.0,3600.0,0.02,0.2,15.1,0.216,Napoli,40.8518,14.2681
2026-05-14T08:00,16.2,83,13.3,17.1,0.0,0.0,0.0,0.0,0.0,2,1007.9,1005.6,61,24,0,48,0.9,53,12.2,220.0,130.0,90.0,427.8,3600.0,0.11,0.31,16.0,0.225,Napoli,40.8518,14.2681
2026-05-14T09:00,17.9,73,13.1,18.0,0.1,0.1,0.0,0.0,0.0,51,1008.0,1005.8,55,7,7,51,5.9,218,16.2,403.0,271.0,132.0,559.9,3600.0,0.22,0.55,17.6,0.225,Napoli,40.8518,14.2681
2026-05-14T10:00,18.7,63,11.5,17.6,0.1,0.1,0.0,0.0,0.0,51,1008.2,1006.0,55,16,7,44,11.9,229,30.6,586.0,445.0,141.0,689.5,3600.0,0.33,0.8,19.0,0.222,Napoli,40.8518,14.2681
2026-05-14T11:00,17.7,71,12.3,17.2,0.4,0.4,0.0,0.0,0.0,51,1008.3,1006.1,88,41,46,68,12.8,222,33.5,676.0,462.0,214.0,594.5,3600.0,0.36,0.59,20.2,0.222,Napoli,40.8518,14.2681
2026-05-14T12:00,18.4,69,12.6,17.8,0.9,0.9,0.0,0.0,0.0,53,1008.5,1006.3,66,29,56,5,13.7,243,35.6,668.0,388.0,280.0,446.0,3600.0,0.37,0.65,20.7,0.229,Napoli,40.8518,14.2681
2026-05-14T13:00,16.8,84,14.0,16.1,5.0,5.0,0.0,0.0,0.0,63,1008.3,1006.0,98,85,83,28,19.1,259,46.4,722.0,415.0,307.0,452.1,3600.0,0.33,0.31,20.8,0.288,Napoli,40.8518,14.2681
2026-05-14T14:00,19.6,56,10.7,17.5,0.3,0.3,0.0,0.0,0.0,51,1007.5,1005.3,18,10,14,0,22.0,259,53.3,757.0,511.0,246.0,556.8,3600.0,0.44,0.99,21.4,0.304,Napoli,40.8518,14.2681
2026-05-14T15:00,19.5,54,10.1,17.4,0.1,0.1,0.0,0.0,0.0,51,1007.0,1004.8,16,11,10,0,22.0,257,53.3,780.0,605.0,175.0,696.1,3600.0,0.45,1.03,21.8,0.298,Napoli,40.8518,14.2681
2026-05-14T16:00,18.9,56,10.0,16.5,0.1,0.1,0.0,0.0,0.0,51,1006.7,1004.5,38,11,32,0,22.3,259,54.0,729.0,583.0,146.0,751.6,3600.0,0.41,0.95,21.8,0.292,Napoli,40.8518,14.2681
2026-05-14T17:00,18.4,59,10.3,15.3,0.2,0.2,0.0,0.0,0.0,51,1006.5,1004.3,25,11,18,0,21.3,261,54.0,548.0,400.0,148.0,621.4,3600.0,0.32,0.86,21.5,0.288,Napoli,40.8518,14.2681
2026-05-14T18:00,18.1,60,10.3,15.2,0.1,0.1,0.0,0.0,0.0,51,1006.5,1004.3,34,10,27,0,20.3,257,51.1,393.0,277.0,116.0,574.5,3600.0,0.25,0.82,20.9,0.284,Napoli,40.8518,14.2681
2026-05-14T19:00,17.9,60,10.0,14.9,0.1,0.1,0.0,0.0,0.0,51,1006.3,1004.1,16,9,11,0,20.4,261,48.6,208.0,119.0,89.0,393.8,3600.0,0.17,0.82,20.1,0.282,Napoli,40.8518,14.2681
2026-05-14T20:00,17.5,59,9.4,14.6,0.0,0.0,0.0,0.0,0.0,0,1006.3,1004.1,12,3,9,0,18.5,254,45.7,63.0,26.0,37.0,212.9,3600.0,0.11,0.82,19.3,0.27,Napoli,40.8518,14.2681
2026-05-14T21:00,17.2,62,9.8,14.7,0.0,0.0,0.0,0.0,0.0,0,1006.7,1004.5,7,2,6,0,16.3,257,40.7,1.0,0.0,1.0,0.0,0.0,0.06,0.75,18.4,0.268,Napoli,40.8518,14.2681
2026-05-14T22:00,16.4,74,11.7,15.2,0.0,0.0,0.0,0.0,0.0,1,1007.0,1004.7,36,13,9,20,11.3,248,35.3,0.0,0.0,0.0,0.0,0.0,0.03,0.48,17.7,0.267,Napoli,40.8518,14.2681
2026-05-14T23:00,16.0,81,12.7,15.4,0.1,0.1,0.0,0.0,0.0,51,1006.7,1004.4,34,8,23,7,9.2,254,24.8,0.0,0.0,0.0,0.0,0.0,0.01,0.35,17.2,0.267,Napoli,40.8518,14.2681
2026-05-15T00:00,16.2,81,12.9,15.6,0.1,0.1,0.0,0.0,0.0,51,1006.4,1004.1,12,3,8,1,9.9,238,21.6,0.0,0.0,0.0,0.0,0.0,0.01,0.35,16.9,0.268,Napoli,40.8518,14.2681
2026-05-15T01:00,16.2,84,13.4,15.8,0.0,0.0,0.0,0.0,0.0,0,1006.1,1003.8,7,2,2,3,10.2,212,22.3,0.0,0.0,0.0,0.0,0.0,0.01,0.3,16.6,0.267,Napoli,40.8518,14.2681
2026-05-15T02:00,13.9,94,12.9,13.9,0.0,0.0,0.0,0.0,0.0,2,1005.7,1003.4,63,1,22,60,6.1,157,32.0,0.0,0.0,0.0,0.0,0.0,0.0,0.1,16.9,0.273,Napoli,40.8518,14.2681
2026-05-15T03:00,15.3,90,13.6,14.5,0.2,0.2,0.0,0.0,0.0,51,1004.7,1002.4,30,12,5,17,13.5,178,29.9,0.0,0.0,0.0,0.0,0.0,0.0,0.18,16.4,0.276,Napoli,40.8518,14.2681
2026-05-15T04:00,15.9,90,14.2,14.0,1.3,1.3,0.0,0.0,0.0,61,1004.3,1002.0,28,7,2,21,21.8,203,44.6,0.0,0.0,0.0,0.0,0.0,0.01,0.18,16.2,0.293,Napoli,40.8518,14.2681
2026-05-15T05:00,14.9,92,13.7,12.8,0.9,0.9,0.0,0.0,0.0,53,1004.3,1002.0,63,14,30,39,22.7,214,54.4,0.0,0.0,0.0,0.0,0.0,0.01,0.13,16.2,0.303,Napoli,40.8518,14.2681
2026-05-15T06:00,14.9,94,13.9,13.9,1.7,1.7,0.0,0.0,0.0,61,1004.7,1002.4,63,62,5,2,15.4,228,46.4,0.0,0.0,0.0,0.0,0.0,0.02,0.1,16.0,0.324,Napoli,40.8518,14.2681
2026-05-15T07:00,16.2,90,14.6,15.0,0.3,0.3,0.0,0.0,0.0,51,1004.7,1002.4,49,43,9,7,19.0,228,41.0,55.0,16.0,39.0,128.9,2200.12,0.04,0.18,16.2,0.325,Napoli,40.8518,14.2681
2026-05-15T08:00,18.7,71,13.4,17.2,0.9,0.9,0.0,0.0,0.0,53,1004.6,1002.4,48,15,38,5,17.0,221,41.4,167.0,75.0,92.0,244.8,3600.0,0.13,0.62,17.6,0.339,Napoli,40.8518,14.2681
2026-05-15T09:00,18.9,74,14.2,18.2,0.1,0.1,0.0,0.0,0.0,51,1005.0,1002.8,27,7,4,19,13.9,220,37.8,329.0,206.0,123.0,423.7,3600.0,0.2,0.57,18.4,0.335,Napoli,40.8518,14.2681
2026-05-15T10:00,19.4,73,14.4,18.3,0.2,0.2,0.0,0.0,0.0,51,1005.1,1002.9,34,8,13,23,17.0,216,42.1,541.0,380.0,161.0,587.0,3600.0,0.3,0.61,19.4,0.331,Napoli,40.8518,14.2681
2026-05-15T11:00,19.6,73,14.6,18.5,0.1,0.1,0.0,0.0,0.0,51,1005.3,1003.1,36,16,21,5,21.0,214,52.2,642.0,449.0,193.0,576.5,3600.0,0.34,0.61,20.3,0.326,Napoli,40.8518,14.2681
2026-05-15T12:00,19.6,76,15.3,19.6,0.7,0.7,0.0,0.0,0.0,53,1005.6,1003.4,45,23,15,20,19.7,207,55.4,775.0,577.0,198.0,661.9,3600.0,0.4,0.54,21.1,0.327,Napoli,40.8518,14.2681
2026-05-15T13:00,18.8,77,14.8,19.0,1.4,1.4,0.0,0.0,0.0,61,1005.6,1003.4,47,28,23,11,19.4,200,54.4,836.0,610.0,226.0,663.4,3600.0,0.41,0.49,21.8,0.335,Napoli,40.8518,14.2681
2026-05-15T14:00,19.7,70,14.0,20.5,0.4,0.4,0.0,0.0,0.0,51,1005.4,1003.2,9,0,2,6,10.9,168,51.5,747.0,485.0,262.0,527.6,3600.0,0.43,0.69,22.1,0.254,Napoli,40.8518,14.2681
2026-05-15T15:00,19.9,74,15.2,21.2,0.6,0.6,0.0,0.0,0.0,53,1005.0,1002.8,22,9,16,3,12.2,181,37.8,793.0,625.0,168.0,717.7,3600.0,0.44,0.6,22.9,0.255,Napoli,40.8518,14.2681
2026-05-15T16:00,20.4,77,16.2,20.7,0.1,0.1,0.0,0.0,0.0,51,1004.6,1002.4,4,2,2,1,18.0,168,44.6,708.0,543.0,165.0,698.4,3600.0,0.38,0.55,23.3,0.25,Napoli,40.8518,14.2681
2026-05-15T17:00,20.5,76,16.2,20.4,0.0,0.0,0.0,0.0,0.0,0,1004.4,1002.2,14,5,6,4,16.7,188,44.6,592.0,463.0,129.0,717.1,3600.0,0.32,0.57,23.3,0.247,Napoli,40.8518,14.2681
2026-05-15T18:00,20.5,65,13.6,19.3,0.0,0.0,0.0,0.0,0.0,1,1004.3,1002.1,24,0,17,9,15.8,209,41.4,410.0,299.0,111.0,617.3,3600.0,0.26,0.85,22.9,0.243,Napoli,40.8518,14.2681
2026-05-15T19:00,19.9,62,12.4,19.0,0.0,0.0,0.0,0.0,0.0,0,1003.9,1001.7,2,0,2,0,11.4,209,36.4,211.0,127.0,84.0,416.9,3600.0,0.15,0.88,22.0,0.24,Napoli,40.8518,14.2681
2026-05-15T20:00,17.5,74,12.9,16.4,0.0,0.0,0.0,0.0,0.0,3,1004.1,1001.9,91,11,55,78,14.1,193,27.0,68.0,30.0,38.0,243.2,3600.0,0.06,0.51,21.0,0.213,Napoli,40.8518,14.2681
2026-05-15T21:00,16.3,90,14.7,15.3,1.4,1.4,0.0,0.0,0.0,61,1004.6,1002.4,89,14,70,81,17.1,249,34.6,0.0,0.0,0.0,0.0,0.0,0.03,0.19,19.8,0.228,Napoli,40.8518,14.2681
2026-05-15T22:00,14.7,91,13.3,13.0,1.1,1.1,0.0,0.0,0.0,55,1004.9,1002.6,64,26,52,1,18.7,200,43.9,0.0,0.0,0.0,0.0,0.0,0.01,0.14,18.6,0.241,Napoli,40.8518,14.2681
2026-05-15T23:00,14.9,93,13.8,14.0,0.5,0.5,0.0,0.0,0.0,53,1004.9,1002.6,10,2,9,1,13.9,181,40.0,0.0,0.0,0.0,0.0,0.0,0.0,0.12,17.7,0.247,Napoli,40.8518,14.2681
2026-05-16T00:00,15.6,91,14.2,14.6,0.1,0.1,0.0,0.0,0.0,51,1004.4,1002.1,56,8,54,0,15.7,197,29.9,0.0,0.0,0.0,0.0,0.0,0.0,0.15,17.2,0.248,Napoli,40.8518,14.2681
2026-05-16T01:00,15.7,91,14.1,14.5,0.3,0.3,0.0,0.0,0.0,51,1004.2,1001.9,16,7,9,1,17.1,181,41.0,0.0,0.0,0.0,0.0,0.0,0.01,0.17,16.9,0.251,Napoli,40.8518,14.2681
2026-05-16T02:00,15.9,89,14.1,15.9,0.0,0.0,0.0,0.0,0.0,2,1002.8,1000.6,62,21,21,49,9.1,256,38.2,0.0,0.0,0.0,0.0,0.0,0.0,0.19,17.8,0.21,Napoli,40.8518,14.2681
2026-05-16T03:00,15.3,93,14.2,15.9,0.8,0.8,0.0,0.0,0.0,53,1002.0,999.7,81,79,9,5,4.8,255,22.7,0.0,0.0,0.0,0.0,0.0,0.0,0.11,17.4,0.22,Napoli,40.8518,14.2681
2026-05-16T04:00,15.6,92,14.4,14.5,0.3,0.3,0.0,0.0,0.0,51,1001.6,999.4,100,100,9,9,17.5,228,37.8,0.0,0.0,0.0,0.0,0.0,0.0,0.14,17.1,0.223,Napoli,40.8518,14.2681
2026-05-16T05:00,14.6,96,13.9,13.2,1.4,1.4,0.0,0.0,0.0,61,1001.4,999.1,100,100,30,20,17.9,257,45.7,0.0,0.0,0.0,0.0,0.0,0.0,0.07,16.8,0.24,Napoli,40.8518,14.2681
2026-05-16T06:00,14.3,96,13.6,14.1,0.2,0.2,0.0,0.0,0.0,51,1001.5,999.2,72,6,65,59,9.3,285,43.6,1.0,0.0,1.0,0.0,0.0,0.0,0.07,16.5,0.242,Napoli,40.8518,14.2681
2026-05-16T07:00,14.6,93,13.5,14.6,0.4,0.4,0.0,0.0,0.0,51,1001.7,999.4,100,38,100,52,7.3,261,23.0,45.0,9.0,36.0,71.8,401.79,0.02,0.11,16.3,0.247,Napoli,40.8518,14.2681
2026-05-16T08:00,13.7,88,11.8,9.8,3.8,3.8,0.0,0.0,0.0,63,1002.2,999.9,100,82,100,41,30.5,288,43.2,74.0,8.0,66.0,25.9,0.0,0.06,0.18,16.0,0.308,Napoli,40.8518,14.2681
2026-05-16T09:00,13.4,84,10.8,10.0,1.4,1.4,0.0,0.0,0.0,61,1003.2,1000.9,100,16,100,11,25.0,295,63.7,76.0,0.0,76.0,0.0,0.0,0.07,0.25,15.6,0.324,Napoli,40.8518,14.2681
2026-05-16T10:00,15.2,65,8.6,12.0,0.1,0.1,0.0,0.0,0.0,51,1003.7,1001.4,26,11,24,0,19.1,278,55.8,142.0,5.0,137.0,7.7,0.0,0.14,0.61,15.7,0.322,Napoli,40.8518,14.2681
2026-05-16T11:00,17.4,48,6.3,12.4,0.1,0.1,0.0,0.0,0.0,51,1003.9,1001.7,16,9,10,0,29.9,272,69.1,643.0,454.0,189.0,581.6,3600.0,0.38,1.03,17.0,0.317,Napoli,40.8518,14.2681
2026-05-16T12:00,17.6,45,5.4,13.2,0.0,0.0,0.0,0.0,0.0,0,1004.4,1002.2,7,0,7,0,29.8,266,72.4,811.0,634.0,177.0,726.0,3600.0,0.45,1.11,18.1,0.309,Napoli,40.8518,14.2681
2026-05-16T13:00,17.8,46,6.0,14.1,0.0,0.0,0.0,0.0,0.0,1,1004.8,1002.6,25,2,23,0,29.4,266,72.0,929.0,784.0,145.0,851.2,3600.0,0.49,1.11,19.1,0.301,Napoli,40.8518,14.2681
2026-05-16T14:00,18.2,46,6.3,14.2,0.1,0.1,0.0,0.0,0.0,51,1005.2,1003.0,31,11,27,0,29.9,259,69.5,857.0,673.0,184.0,730.9,3600.0,0.47,1.13,19.8,0.336,Napoli,40.8518,14.2681
2026-05-16T15:00,18.0,50,7.3,14.6,0.0,0.0,0.0,0.0,0.0,0,1005.4,1003.2,4,1,3,0,24.9,265,69.5,752.0,565.0,187.0,647.6,3600.0,0.43,1.04,20.0,0.327,Napoli,40.8518,14.2681
2026-05-16T16:00,18.4,46,6.6,14.7,0.0,0.0,0.0,0.0,0.0,1,1005.8,1003.6,29,28,18,0,25.5,275,60.8,748.0,599.0,149.0,768.7,3600.0,0.43,1.14,20.3,0.319,Napoli,40.8518,14.2681
2026-05-16T17:00,18.0,48,6.8,13.6,0.0,0.0,0.0,0.0,0.0,2,1006.1,1003.9,58,58,0,0,25.4,274,62.6,584.0,442.0,142.0,682.5,3600.0,0.36,1.08,20.2,0.312,Napoli,40.8518,14.2681
2026-05-16T18:00,17.5,50,7.0,13.4,0.0,0.0,0.0,0.0,0.0,1,1006.7,1004.5,23,14,17,0,22.9,273,60.5,421.0,310.0,111.0,637.1,3600.0,0.28,1.0,19.7,0.306,Napoli,40.8518,14.2681
2026-05-16T19:00,17.0,56,8.0,13.6,0.0,0.0,0.0,0.0,0.0,0,1006.8,1004.6,10,5,7,0,19.3,278,53.6,228.0,147.0,81.0,478.7,3600.0,0.18,0.86,18.9,0.302,Napoli,40.8518,14.2681
2026-05-16T20:00,16.4,57,7.9,13.5,0.0,0.0,0.0,0.0,0.0,0,1007.7,1005.4,13,5,11,0,15.5,285,43.2,69.0,31.0,38.0,248.8,3600.0,0.1,0.8,18.2,0.296,Napoli,40.8518,14.2681
2026-05-16T21:00,15.7,61,8.2,13.4,0.0,0.0,0.0,0.0,0.0,0,1008.5,1006.2,11,2,10,0,12.2,284,33.8,1.0,0.0,1.0,0.0,0.0,0.05,0.69,17.2,0.294,Napoli,40.8518,14.2681
2026-05-16T22:00,15.1,65,8.6,13.2,0.0,0.0,0.0,0.0,0.0,0,1009.3,1007.0,2,1,2,0,10.0,287,27.0,0.0,0.0,0.0,0.0,0.0,0.03,0.6,16.5,0.292,Napoli,40.8518,14.2681
2026-05-16T23:00,14.5,68,8.8,13.0,0.0,0.0,0.0,0.0,0.0,0,1009.9,1007.6,1,0,1,0,8.1,287,22.3,0.0,0.0,0.0,0.0,0.0,0.02,0.52,15.8,0.291,Napoli,40.8518,14.2681
2026-05-17T00:00,14.2,69,8.6,12.7,0.0,0.0,0.0,0.0,0.0,0,1010.4,1008.1,0,0,0,0,7.6,298,18.7,0.0,0.0,0.0,0.0,0.0,0.02,0.5,15.2,0.29,Napoli,40.8518,14.2681
2026-05-17T01:00,14.0,69,8.5,12.5,0.0,0.0,0.0,0.0,0.0,0,1010.8,1008.5,0,0,0,0,7.3,301,18.0,0.0,0.0,0.0,0.0,0.0,0.02,0.49,14.7,0.288,Napoli,40.8518,14.2681
2026-05-17T02:00,14.2,75,9.8,12.9,0.0,0.0,0.0,0.0,0.0,0,1010.6,1008.3,0,0,0,0,8.4,313,17.6,0.0,0.0,0.0,0.0,0.0,0.01,0.4,14.5,0.29,Napoli,40.8518,14.2681
2026-05-17T03:00,13.1,80,9.8,12.5,0.0,0.0,0.0,0.0,0.0,0,1010.5,1008.2,0,0,0,0,4.0,333,19.4,0.0,0.0,0.0,0.0,0.0,0.0,0.3,14.2,0.29,Napoli,40.8518,14.2681
2026-05-17T04:00,12.5,82,9.5,12.2,0.0,0.0,0.0,0.0,0.0,0,1010.7,1008.4,0,0,0,0,1.3,8,10.4,0.0,0.0,0.0,0.0,0.0,0.0,0.26,13.7,0.289,Napoli,40.8518,14.2681
2026-05-17T05:00,12.0,82,9.1,11.2,0.0,0.0,0.0,0.0,0.0,0,1010.6,1008.3,0,0,0,0,3.7,35,8.3,0.0,0.0,0.0,0.0,0.0,0.0,0.25,13.3,0.288,Napoli,40.8518,14.2681
2026-05-17T06:00,11.5,83,8.7,10.6,0.0,0.0,0.0,0.0,0.0,0,1011.4,1009.1,0,0,0,0,3.5,35,9.0,1.0,0.0,1.0,0.0,0.0,0.0,0.23,13.0,0.287,Napoli,40.8518,14.2681
2026-05-17T07:00,12.6,81,9.4,11.4,0.0,0.0,0.0,0.0,0.0,0,1012.1,1009.8,16,1,1,15,6.8,48,13.7,75.0,34.0,41.0,268.9,3600.0,0.03,0.28,13.2,0.287,Napoli,40.8518,14.2681
2026-05-17T08:00,14.9,76,10.7,14.0,0.0,0.0,0.0,0.0,0.0,3,1012.4,1010.1,98,0,0,98,7.3,59,15.5,243.0,158.0,85.0,508.1,3600.0,0.12,0.4,14.3,0.289,Napoli,40.8518,14.2681
2026-05-17T09:00,16.4,68,10.5,15.7,0.0,0.0,0.0,0.0,0.0,3,1012.7,1010.4,98,0,0,98,5.7,81,18.4,350.0,145.0,205.0,295.7,3600.0,0.19,0.6,15.6,0.286,Napoli,40.8518,14.2681
2026-05-17T10:00,17.8,56,8.8,16.7,0.0,0.0,0.0,0.0,0.0,3,1013.3,1011.0,99,0,0,99,7.0,111,21.6,586.0,403.0,183.0,619.0,3600.0,0.33,0.91,17.2,0.282,Napoli,40.8518,14.2681
2026-05-17T11:00,18.6,50,8.0,18.2,0.0,0.0,0.0,0.0,0.0,2,1014.3,1012.0,77,9,41,59,6.9,141,22.0,748.0,565.0,183.0,722.3,3600.0,0.43,1.07,18.8,0.277,Napoli,40.8518,14.2681
2026-05-17T12:00,18.5,53,8.7,18.9,0.1,0.1,0.0,0.0,0.0,51,1014.5,1012.2,68,15,37,45,7.4,181,23.4,849.0,683.0,166.0,780.8,3600.0,0.49,1.01,20.2,0.271,Napoli,40.8518,14.2681
2026-05-17T13:00,18.7,55,9.6,19.7,0.1,0.1,0.0,0.0,0.0,51,1014.5,1012.2,88,2,6,87,3.8,205,23.0,811.0,619.0,192.0,671.0,3600.0,0.48,0.97,21.2,0.266,Napoli,40.8518,14.2681
2026-05-17T14:00,19.8,50,8.9,19.3,0.0,0.0,0.0,0.0,0.0,3,1013.8,1011.6,91,4,79,57,12.1,198,20.5,831.0,591.0,240.0,640.8,3600.0,0.5,1.16,22.9,0.254,Napoli,40.8518,14.2681
2026-05-17T15:00,19.2,50,8.5,17.6,0.0,0.0,0.0,0.0,0.0,2,1014.2,1012.0,71,5,71,1,14.1,211,36.7,704.0,386.0,318.0,441.7,3600.0,0.43,1.12,22.8,0.247,Napoli,40.8518,14.2681
2026-05-17T16:00,19.3,51,8.8,17.5,0.0,0.0,0.0,0.0,0.0,0,1014.0,1011.8,5,1,5,0,9.4,235,35.6,537.0,308.0,229.0,394.4,3600.0,0.34,1.1,22.3,0.242,Napoli,40.8518,14.2681
2026-05-17T17:00,19.5,51,9.2,18.0,0.0,0.0,0.0,0.0,0.0,0,1014.1,1011.9,4,0,4,0,10.3,248,26.3,588.0,457.0,131.0,703.6,3600.0,0.36,1.1,22.3,0.237,Napoli,40.8518,14.2681
2026-05-17T18:00,18.9,55,9.6,17.3,0.0,0.0,0.0,0.0,0.0,1,1014.3,1012.0,34,1,4,30,10.0,262,27.0,424.0,320.0,104.0,654.8,3600.0,0.26,0.99,21.7,0.233,Napoli,40.8518,14.2681
2026-05-17T19:00,18.1,58,9.8,16.7,0.0,0.0,0.0,0.0,0.0,1,1014.2,1011.9,27,0,2,27,9.4,277,25.2,236.0,153.0,83.0,494.4,3600.0,0.15,0.87,20.8,0.23,Napoli,40.8518,14.2681
2026-05-17T20:00,17.8,65,11.2,17.0,0.0,0.0,0.0,0.0,0.0,0,1014.5,1012.2,9,0,9,0,7.6,266,21.2,73.0,31.0,42.0,246.5,3600.0,0.06,0.71,20.0,0.229,Napoli,40.8518,14.2681
2026-05-17T21:00,16.6,75,12.1,16.5,0.0,0.0,0.0,0.0,0.0,0,1015.1,1012.8,9,0,9,0,5.4,285,16.2,1.0,0.0,1.0,0.0,0.0,0.02,0.48,18.8,0.228,Napoli,40.8518,14.2681
2026-05-17T22:00,15.9,79,12.4,16.2,0.0,0.0,0.0,0.0,0.0,0,1015.7,1013.4,6,0,6,0,3.2,304,12.2,0.0,0.0,0.0,0.0,0.0,0.0,0.37,17.9,0.228,Napoli,40.8518,14.2681
2026-05-17T23:00,15.7,79,12.1,16.0,0.0,0.0,0.0,0.0,0.0,0,1016.0,1013.7,5,0,5,0,1.9,311,7.2,0.0,0.0,0.0,0.0,0.0,0.0,0.37,17.2,0.228,Napoli,40.8518,14.2681
2026-05-18T00:00,15.4,78,11.7,15.8,0.0,0.0,0.0,0.0,0.0,0,1016.2,1013.9,8,3,5,0,0.9,307,4.3,0.0,0.0,0.0,0.0,0.0,0.0,0.38,16.5,0.228,Napoli,40.8518,14.2681
2026-05-18T01:00,15.3,78,11.4,15.6,0.0,0.0,0.0,0.0,0.0,0,1016.3,1014.0,9,5,8,0,0.7,256,2.9,0.0,0.0,0.0,0.0,0.0,0.0,0.39,15.9,0.228,Napoli,40.8518,14.2681
2026-05-18T02:00,14.8,80,11.3,14.8,0.0,0.0,0.0,0.0,0.0,1,1016.1,1013.8,29,27,8,1,2.2,185,3.6,0.0,0.0,0.0,0.0,0.0,0.0,0.34,15.3,0.216,Napoli,40.8518,14.2681
2026-05-18T03:00,14.8,79,11.3,15.0,0.0,0.0,0.0,0.0,0.0,1,1015.8,1013.5,23,22,2,1,1.5,201,4.7,0.0,0.0,0.0,0.0,0.0,0.0,0.35,14.9,0.216,Napoli,40.8518,14.2681
2026-05-18T04:00,14.4,81,11.1,14.6,0.0,0.0,0.0,0.0,0.0,0,1015.8,1013.5,2,1,1,0,0.9,191,3.6,0.0,0.0,0.0,0.0,0.0,0.0,0.32,14.4,0.216,Napoli,40.8518,14.2681
2026-05-18T05:00,14.0,82,11.0,14.1,0.0,0.0,0.0,0.0,0.0,0,1015.7,1013.4,1,0,1,0,1.2,219,3.6,0.0,0.0,0.0,0.0,0.0,0.0,0.29,14.1,0.216,Napoli,40.8518,14.2681
2026-05-18T06:00,13.6,84,10.9,13.6,0.0,0.0,0.0,0.0,0.0,0,1015.9,1013.6,5,0,1,4,2.0,260,5.0,1.0,0.0,1.0,0.0,0.0,0.0,0.25,13.7,0.216,Napoli,40.8518,14.2681
2026-05-18T07:00,14.9,84,12.2,15.1,0.0,0.0,0.0,0.0,0.0,0,1016.2,1013.9,9,7,2,0,2.7,278,5.8,75.0,33.0,42.0,258.6,3600.0,0.03,0.27,14.1,0.215,Napoli,40.8518,14.2681
2026-05-18T08:00,16.8,77,12.6,17.5,0.0,0.0,0.0,0.0,0.0,1,1016.3,1014.0,39,9,19,18,0.5,270,11.2,236.0,149.0,87.0,475.8,3600.0,0.12,0.45,15.3,0.22,Napoli,40.8518,14.2681
2026-05-18T09:00,18.2,65,11.4,18.0,0.0,0.0,0.0,0.0,0.0,1,1016.6,1014.3,41,5,13,30,4.2,205,14.0,415.0,290.0,125.0,589.1,3600.0,0.23,0.74,17.0,0.219,Napoli,40.8518,14.2681
2026-05-18T10:00,18.8,61,11.1,18.2,0.0,0.0,0.0,0.0,0.0,1,1016.8,1014.5,36,7,13,22,7.4,212,22.0,591.0,444.0,147.0,680.2,3600.0,0.34,0.85,18.6,0.215,Napoli,40.8518,14.2681
2026-05-18T11:00,19.1,59,10.9,19.0,0.0,0.0,0.0,0.0,0.0,1,1016.9,1014.6,38,6,16,21,8.7,222,25.2,706.0,534.0,172.0,681.4,3600.0,0.41,0.9,20.0,0.211,Napoli,40.8518,14.2681
2026-05-18T12:00,19.5,58,11.0,19.9,0.0,0.0,0.0,0.0,0.0,1,1017.1,1014.8,29,2,5,24,9.0,232,25.9,794.0,598.0,196.0,682.5,3600.0,0.47,0.95,21.2,0.206,Napoli,40.8518,14.2681
2026-05-18T13:00,19.8,55,10.5,20.0,0.0,0.0,0.0,0.0,0.0,1,1017.0,1014.7,42,0,1,41,10.4,247,28.8,827.0,621.0,206.0,672.1,3600.0,0.49,1.04,22.2,0.2,Napoli,40.8518,14.2681
2026-05-18T14:00,20.8,48,9.3,21.0,0.0,0.0,0.0,0.0,0.0,2,1016.4,1014.2,62,1,2,61,9.3,243,33.8,849.0,664.0,185.0,718.8,3600.0,0.52,1.28,23.4,0.189,Napoli,40.8518,14.2681
2026-05-18T15:00,20.5,47,9.0,19.8,0.0,0.0,0.0,0.0,0.0,3,1016.4,1014.2,97,1,2,97,12.3,255,32.0,797.0,609.0,188.0,695.6,3600.0,0.49,1.27,23.8,0.183,Napoli,40.8518,14.2681
2026-05-18T16:00,19.9,52,9.6,18.2,0.0,0.0,0.0,0.0,0.0,3,1016.4,1014.2,98,1,0,98,15.7,267,38.5,681.0,408.0,273.0,521.3,3600.0,0.41,1.12,23.6,0.178,Napoli,40.8518,14.2681
2026-05-18T17:00,19.0,54,9.6,16.4,0.0,0.0,0.0,0.0,0.0,3,1016.6,1014.3,100,1,0,100,17.1,271,41.4,525.0,287.0,238.0,440.6,3600.0,0.33,1.0,23.0,0.174,Napoli,40.8518,14.2681
2026-05-18T18:00,18.5,57,9.7,16.0,0.0,0.0,0.0,0.0,0.0,3,1016.7,1014.4,98,1,0,98,16.2,274,41.4,365.0,165.0,200.0,336.2,3600.0,0.24,0.92,22.2,0.171,Napoli,40.8518,14.2681
2026-05-18T19:00,17.7,61,10.2,15.7,0.0,0.0,0.0,0.0,0.0,3,1016.7,1014.4,100,0,0,100,13.7,283,38.5,185.0,52.0,133.0,166.8,3203.49,0.14,0.78,21.1,0.169,Napoli,40.8518,14.2681
2026-05-18T20:00,17.2,65,10.5,15.7,0.0,0.0,0.0,0.0,0.0,3,1016.6,1014.3,86,2,3,86,11.5,284,31.7,61.0,10.0,51.0,78.8,570.5,0.07,0.7,20.1,0.163,Napoli,40.8518,14.2681
2026-05-18T21:00,16.2,68,10.2,15.1,0.0,0.0,0.0,0.0,0.0,2,1016.8,1014.5,61,1,2,60,8.4,285,25.2,1.0,0.0,1.0,0.0,0.0,0.04,0.6,18.9,0.162,Napoli,40.8518,14.2681
2026-05-18T22:00,15.5,71,10.2,14.8,0.0,0.0,0.0,0.0,0.0,1,1017.5,1015.2,47,0,1,46,4.9,274,18.0,0.0,0.0,0.0,0.0,0.0,0.01,0.51,17.9,0.161,Napoli,40.8518,14.2681
2026-05-18T23:00,15.1,71,9.9,14.4,0.0,0.0,0.0,0.0,0.0,3,1017.7,1015.4,80,0,0,80,4.7,254,11.2,0.0,0.0,0.0,0.0,0.0,0.0,0.5,17.0,0.161,Napoli,40.8518,14.2681
2026-05-19T00:00,14.7,74,10.1,14.2,0.0,0.0,0.0,0.0,0.0,2,1017.7,1015.4,73,0,0,73,3.8,251,10.4,0.0,0.0,0.0,0.0,0.0,0.0,0.44,16.3,0.161,Napoli,40.8518,14.2681
2026-05-19T01:00,14.4,75,10.1,14.0,0.0,0.0,0.0,0.0,0.0,3,1017.6,1015.3,92,3,0,91,3.2,254,8.6,0.0,0.0,0.0,0.0,0.0,0.0,0.4,15.6,0.161,Napoli,40.8518,14.2681
2026-05-19T02:00,14.5,78,10.8,14.4,0.0,0.0,0.0,0.0,0.0,3,1017.1,1014.8,98,5,4,98,2.4,234,6.8,0.0,0.0,0.0,0.0,0.0,0.0,0.36,15.1,0.171,Napoli,40.8518,14.2681
2026-05-19T03:00,14.4,77,10.5,14.1,0.0,0.0,0.0,0.0,0.0,3,1016.7,1014.4,98,17,9,98,2.9,223,6.5,0.0,0.0,0.0,0.0,0.0,0.0,0.37,14.8,0.171,Napoli,40.8518,14.2681
2026-05-19T04:00,14.4,78,10.6,14.1,0.0,0.0,0.0,0.0,0.0,3,1016.4,1014.1,99,27,33,98,3.1,211,7.6,0.0,0.0,0.0,0.0,0.0,0.0,0.36,14.6,0.171,Napoli,40.8518,14.2681
2026-05-19T05:00,14.0,82,10.9,13.9,0.0,0.0,0.0,0.0,0.0,3,1016.4,1014.1,99,43,20,98,2.3,238,7.6,0.0,0.0,0.0,0.0,0.0,0.0,0.29,14.4,0.171,Napoli,40.8518,14.2681
2026-05-19T06:00,13.8,84,11.2,14.0,0.0,0.0,0.0,0.0,0.0,3,1016.4,1014.1,99,41,9,98,0.4,297,6.1,1.0,0.0,1.0,0.0,0.0,0.0,0.25,14.3,0.171,Napoli,40.8518,14.2681
2026-05-19T07:00,14.7,80,11.4,14.8,0.0,0.0,0.0,0.0,0.0,3,1016.6,1014.3,96,47,6,91,2.3,39,5.0,53.0,5.0,48.0,38.5,0.0,0.03,0.33,14.7,0.171,Napoli,40.8518,14.2681
2026-05-19T08:00,16.2,75,11.9,16.5,0.0,0.0,0.0,0.0,0.0,1,1016.9,1014.6,25,9,10,9,2.0,45,10.8,207.0,90.0,117.0,285.5,3600.0,0.11,0.45,15.6,0.187,Napoli,40.8518,14.2681
2026-05-19T09:00,17.5,67,11.4,17.6,0.2,0.2,0.0,0.0,0.0,51,1017.1,1014.8,29,5,27,2,2.2,81,11.9,424.0,302.0,122.0,611.2,3600.0,0.23,0.66,17.2,0.188,Napoli,40.8518,14.2681
2026-05-19T10:00,18.2,61,10.5,18.2,0.3,0.3,0.0,0.0,0.0,51,1017.5,1015.2,30,10,23,0,2.5,82,13.7,587.0,450.0,137.0,687.6,3600.0,0.34,0.82,18.9,0.188,Napoli,40.8518,14.2681
2026-05-19T11:00,19.2,55,9.9,20.1,0.1,0.1,0.0,0.0,0.0,51,1017.9,1015.6,27,13,17,0,1.4,113,14.0,718.0,549.0,169.0,699.2,3600.0,0.43,1.0,20.5,0.185,Napoli,40.8518,14.2681
2026-05-19T12:00,20.0,51,9.5,21.5,0.1,0.1,0.0,0.0,0.0,51,1018.1,1015.8,28,5,25,2,0.6,214,13.0,801.0,616.0,185.0,701.9,3600.0,0.49,1.15,22.1,0.18,Napoli,40.8518,14.2681
2026-05-19T13:00,20.3,50,9.4,21.5,0.0,0.0,0.0,0.0,0.0,1,1018.0,1015.8,24,5,20,2,4.3,248,16.9,850.0,673.0,177.0,727.3,3600.0,0.52,1.2,23.3,0.176,Napoli,40.8518,14.2681
2026-05-19T14:00,21.5,45,8.9,21.3,0.0,0.0,0.0,0.0,0.0,1,1017.8,1015.6,32,2,25,9,9.5,259,25.6,820.0,643.0,177.0,695.1,3600.0,0.52,1.42,24.4,0.164,Napoli,40.8518,14.2681
2026-05-19T15:00,20.9,48,9.5,19.5,0.2,0.2,0.0,0.0,0.0,51,1017.9,1015.7,39,8,16,23,14.0,278,35.3,685.0,470.0,215.0,535.9,3600.0,0.44,1.28,24.4,0.161,Napoli,40.8518,14.2681
2026-05-19T16:00,21.0,49,9.8,19.4,0.1,0.1,0.0,0.0,0.0,51,1018.2,1016.0,21,6,11,9,15.1,288,38.2,683.0,492.0,191.0,627.4,3600.0,0.43,1.27,24.3,0.158,Napoli,40.8518,14.2681
2026-05-19T17:00,20.3,54,10.8,18.2,0.1,0.1,0.0,0.0,0.0,51,1018.4,1016.2,39,10,21,20,15.8,291,40.0,509.0,364.0,145.0,557.3,3600.0,0.33,1.08,23.8,0.156,Napoli,40.8518,14.2681
2026-05-19T18:00,19.8,64,12.8,18.6,0.0,0.0,0.0,0.0,0.0,0,1018.4,1016.1,16,1,11,9,14.0,292,38.5,380.0,255.0,125.0,517.4,3600.0,0.24,0.82,23.2,0.154,Napoli,40.8518,14.2681
2026-05-19T19:00,18.9,71,13.5,18.0,0.0,0.0,0.0,0.0,0.0,1,1018.5,1016.2,20,0,16,5,13.4,297,34.9,224.0,140.0,84.0,445.7,3600.0,0.14,0.63,22.3,0.152,Napoli,40.8518,14.2681
2026-05-19T20:00,18.4,76,14.1,18.1,0.0,0.0,0.0,0.0,0.0,1,1018.6,1016.3,20,2,5,16,10.9,292,31.7,71.0,31.0,40.0,240.1,3600.0,0.06,0.51,21.3,0.14,Napoli,40.8518,14.2681
2026-05-19T21:00,17.7,77,13.7,17.5,0.0,0.0,0.0,0.0,0.0,0,1019.1,1016.8,13,0,2,12,9.3,292,24.5,1.0,0.0,1.0,0.0,0.0,0.03,0.46,20.2,0.14,Napoli,40.8518,14.2681
2026-05-19T22:00,17.4,79,13.7,17.0,0.0,0.0,0.0,0.0,0.0,1,1019.9,1017.6,33,0,2,31,10.5,290,23.8,0.0,0.0,0.0,0.0,0.0,0.02,0.42,19.3,0.139,Napoli,40.8518,14.2681
2026-05-19T23:00,17.1,81,13.8,16.7,0.0,0.0,0.0,0.0,0.0,1,1020.3,1018.0,21,0,2,20,11.2,288,25.6,0.0,0.0,0.0,0.0,0.0,0.01,0.37,18.7,0.139,Napoli,40.8518,14.2681
2026-05-20T00:00,16.8,82,13.8,16.8,0.0,0.0,0.0,0.0,0.0,0,1020.6,1018.3,18,0,4,15,8.2,284,24.5,0.0,0.0,0.0,0.0,0.0,0.01,0.33,18.1,0.139,Napoli,40.8518,14.2681
2026-05-20T01:00,16.0,86,13.7,16.6,0.0,0.0,0.0,0.0,0.0,1,1020.4,1018.1,42,0,2,41,3.9,294,17.6,0.0,0.0,0.0,0.0,0.0,0.0,0.25,17.5,0.139,Napoli,40.8518,14.2681
2026-05-20T02:00,15.5,86,13.1,16.5,0.0,0.0,0.0,0.0,0.0,1,1020.1,1017.8,44,0,2,42,0.2,180,9.0,0.0,0.0,0.0,0.0,0.0,0.0,0.25,16.7,0.136,Napoli,40.8518,14.2681
2026-05-20T03:00,15.1,88,13.0,16.0,0.0,0.0,0.0,0.0,0.0,0,1020.0,1017.7,10,0,1,9,0.3,315,1.4,0.0,0.0,0.0,0.0,0.0,0.0,0.21,16.2,0.136,Napoli,40.8518,14.2681
2026-05-20T04:00,14.4,89,12.7,15.0,0.0,0.0,0.0,0.0,0.0,0,1020.1,1017.8,7,0,0,7,1.6,6,3.6,0.0,0.0,0.0,0.0,0.0,0.0,0.18,15.7,0.136,Napoli,40.8518,14.2681
2026-05-20T05:00,13.8,90,12.2,14.1,0.0,0.0,0.0,0.0,0.0,0,1020.1,1017.8,14,0,0,14,3.0,14,6.5,0.0,0.0,0.0,0.0,0.0,0.0,0.16,15.3,0.137,Napoli,40.8518,14.2681
2026-05-20T06:00,13.4,90,11.8,13.5,0.0,0.0,0.0,0.0,0.0,0,1020.5,1018.2,5,0,0,5,3.4,25,7.2,2.0,0.0,2.0,0.0,0.0,0.0,0.15,14.9,0.137,Napoli,40.8518,14.2681
2026-05-20T07:00,14.7,86,12.3,14.7,0.0,0.0,0.0,0.0,0.0,0,1021.2,1018.9,0,0,0,0,5.0,49,10.8,77.0,35.0,42.0,264.8,3600.0,0.03,0.24,15.2,0.136,Napoli,40.8518,14.2681
2026-05-20T08:00,16.9,79,13.3,17.6,0.0,0.0,0.0,0.0,0.0,0,1021.4,1019.1,0,0,0,0,2.3,45,11.2,241.0,158.0,83.0,498.1,3600.0,0.12,0.4,16.2,0.14,Napoli,40.8518,14.2681
2026-05-20T09:00,18.9,74,14.1,19.8,0.0,0.0,0.0,0.0,0.0,0,1021.6,1019.3,0,0,0,0,2.2,125,11.9,431.0,324.0,107.0,653.4,3600.0,0.24,0.57,18.1,0.138,Napoli,40.8518,14.2681
2026-05-20T10:00,20.2,67,13.9,21.3,0.0,0.0,0.0,0.0,0.0,0,1021.7,1019.4,1,0,1,0,3.1,173,14.4,610.0,488.0,122.0,743.9,3600.0,0.36,0.78,20.2,0.136,Napoli,40.8518,14.2681
2026-05-20T11:00,20.9,66,14.2,22.7,0.0,0.0,0.0,0.0,0.0,0,1021.8,1019.5,10,2,8,0,5.1,190,20.2,752.0,612.0,140.0,778.0,3600.0,0.46,0.85,22.1,0.133,Napoli,40.8518,14.2681
2026-05-20T12:00,21.2,68,15.1,23.5,0.0,0.0,0.0,0.0,0.0,1,1021.7,1019.4,21,5,16,0,7.5,195,23.8,829.0,667.0,162.0,758.9,3600.0,0.5,0.79,23.8,0.129,Napoli,40.8518,14.2681
2026-05-20T13:00,21.3,69,15.4,23.5,0.1,0.1,0.0,0.0,0.0,51,1021.3,1019.1,38,15,27,0,8.5,209,25.6,819.0,628.0,191.0,677.7,3600.0,0.49,0.79,24.9,0.126,Napoli,40.8518,14.2681
2026-05-20T14:00,22.2,56,12.9,23.1,0.1,0.1,0.0,0.0,0.0,51,1021.0,1018.8,29,6,27,0,8.4,189,28.8,772.0,589.0,183.0,635.8,3600.0,0.49,1.19,25.8,0.131,Napoli,40.8518,14.2681
2026-05-20T15:00,22.1,54,12.4,22.6,0.1,0.1,0.0,0.0,0.0,51,1020.8,1018.6,35,18,27,0,7.9,219,24.1,706.0,504.0,202.0,573.8,3600.0,0.46,1.22,26.1,0.128,Napoli,40.8518,14.2681
2026-05-20T16:00,22.0,56,12.7,21.8,0.2,0.2,0.0,0.0,0.0,51,1020.7,1018.5,36,5,35,0,8.1,257,23.8,584.0,397.0,187.0,505.2,3600.0,0.38,1.17,26.0,0.127,Napoli,40.8518,14.2681
2026-05-20T17:00,21.8,56,12.7,21.2,0.0,0.0,0.0,0.0,0.0,1,1020.7,1018.5,45,9,45,0,9.2,270,25.2,492.0,332.0,160.0,506.9,3600.0,0.33,1.14,25.7,0.124,Napoli,40.8518,14.2681
2026-05-20T18:00,20.9,59,12.6,20.3,0.0,0.0,0.0,0.0,0.0,3,1020.8,1018.5,88,0,73,57,9.0,290,24.8,334.0,192.0,142.0,388.0,3600.0,0.23,1.01,25.0,0.122,Napoli,40.8518,14.2681
2026-05-20T19:00,19.7,63,12.5,19.3,0.0,0.0,0.0,0.0,0.0,3,1020.9,1018.6,100,0,100,84,8.2,324,23.4,136.0,35.0,101.0,110.6,1519.35,0.12,0.85,23.8,0.121,Napoli,40.8518,14.2681
2026-05-20T20:00,19.8,64,12.7,19.7,0.0,0.0,0.0,0.0,0.0,3,1021.0,1018.7,98,5,84,92,6.2,316,20.2,38.0,6.0,32.0,45.6,0.0,0.06,0.83,22.6,0.119,Napoli,40.8518,14.2681
2026-05-20T21:00,18.8,71,13.4,19.2,0.0,0.0,0.0,0.0,0.0,3,1021.2,1018.9,91,0,6,91,4.6,318,14.0,1.0,0.0,1.0,0.0,0.0,0.03,0.64,21.4,0.119,Napoli,40.8518,14.2681
2026-05-20T22:00,18.1,75,13.6,18.7,0.0,0.0,0.0,0.0,0.0,3,1021.5,1019.2,97,0,3,96,3.8,357,10.4,0.0,0.0,0.0,0.0,0.0,0.0,0.52,20.3,0.119,Napoli,40.8518,14.2681
2026-05-20T23:00,18.0,76,13.7,18.5,0.0,0.0,0.0,0.0,0.0,2,1021.7,1019.4,73,0,0,73,4.6,18,10.4,0.0,0.0,0.0,0.0,0.0,0.0,0.49,19.5,0.119,Napoli,40.8518,14.2681
2026-05-21T00:00,17.5,79,13.8,18.1,0.0,0.0,0.0,0.0,0.0,1,1021.8,1019.5,26,0,0,26,3.8,3,10.4,0.0,0.0,0.0,0.0,0.0,0.0,0.42,18.7,0.119,Napoli,40.8518,14.2681
2026-05-21T01:00,16.5,83,13.7,17.1,0.0,0.0,0.0,0.0,0.0,0,1021.5,1019.2,10,0,0,10,3.6,354,9.4,0.0,0.0,0.0,0.0,0.0,0.0,0.31,18.0,0.119,Napoli,40.8518,14.2681
2026-05-21T02:00,15.6,86,13.3,16.0,0.0,0.0,0.0,0.0,0.0,2,1021.4,1019.1,50,0,0,50,4.5,355,9.4,0.0,0.0,0.0,0.0,0.0,0.0,0.25,17.2,0.129,Napoli,40.8518,14.2681
2026-05-21T03:00,14.7,90,13.0,15.1,0.0,0.0,0.0,0.0,0.0,2,1021.2,1018.9,59,0,0,59,3.7,14,9.7,0.0,0.0,0.0,0.0,0.0,0.0,0.17,16.6,0.129,Napoli,40.8518,14.2681
2026-05-21T04:00,14.0,92,12.7,14.3,0.0,0.0,0.0,0.0,0.0,1,1021.2,1018.9,37,0,0,37,3.9,28,8.6,0.0,0.0,0.0,0.0,0.0,0.0,0.13,16.1,0.129,Napoli,40.8518,14.2681
2026-05-21T05:00,13.5,92,12.2,13.6,0.0,0.0,0.0,0.0,0.0,0,1021.2,1018.9,2,0,0,2,3.9,13,8.6,0.0,0.0,0.0,0.0,0.0,0.0,0.13,15.7,0.129,Napoli,40.8518,14.2681
2026-05-21T06:00,13.2,91,11.8,13.1,0.0,0.0,0.0,0.0,0.0,0,1021.6,1019.3,0,0,0,0,4.5,5,9.7,2.0,0.0,2.0,0.0,0.0,0.0,0.13,15.2,0.129,Napoli,40.8518,14.2681
2026-05-21T07:00,14.3,87,12.1,14.0,0.0,0.0,0.0,0.0,0.0,0,1021.8,1019.5,0,0,0,0,6.5,358,14.4,80.0,37.0,43.0,275.5,3600.0,0.03,0.22,15.4,0.129,Napoli,40.8518,14.2681
2026-05-21T08:00,17.1,78,13.3,17.7,0.0,0.0,0.0,0.0,0.0,0,1021.9,1019.6,0,0,0,0,3.3,351,14.8,249.0,167.0,82.0,523.3,3600.0,0.13,0.43,16.5,0.134,Napoli,40.8518,14.2681
2026-05-21T09:00,19.8,67,13.5,20.5,0.0,0.0,0.0,0.0,0.0,0,1022.1,1019.8,0,0,0,0,2.7,337,13.3,439.0,335.0,104.0,673.3,3600.0,0.25,0.75,18.4,0.133,Napoli,40.8518,14.2681
2026-05-21T10:00,21.8,55,12.4,22.3,0.0,0.0,0.0,0.0,0.0,0,1022.1,1019.9,0,0,0,0,4.6,321,17.6,619.0,500.0,119.0,760.5,3600.0,0.38,1.16,20.6,0.13,Napoli,40.8518,14.2681
2026-05-21T11:00,23.6,45,11.1,24.5,0.0,0.0,0.0,0.0,0.0,0,1021.9,1019.7,3,1,2,0,5.9,337,20.9,771.0,642.0,129.0,814.8,3600.0,0.5,1.59,22.7,0.127,Napoli,40.8518,14.2681
2026-05-21T12:00,25.1,36,9.0,25.1,0.0,0.0,0.0,0.0,0.0,1,1021.8,1019.6,21,0,21,0,9.4,2,28.1,831.0,668.0,163.0,758.9,3600.0,0.58,2.03,24.5,0.122,Napoli,40.8518,14.2681
2026-05-21T13:00,25.5,34,8.6,24.9,0.0,0.0,0.0,0.0,0.0,1,1021.5,1019.3,20,1,19,0,13.0,5,40.3,869.0,699.0,170.0,753.4,3600.0,0.62,2.14,25.9,0.118,Napoli,40.8518,14.2681
2026-05-21T14:00,26.1,35,9.3,26.7,0.0,0.0,0.0,0.0,0.0,1,1021.0,1018.8,23,0,13,12,7.2,332,40.3,859.0,699.0,160.0,753.5,3600.0,0.6,2.2,26.8,0.113,Napoli,40.8518,14.2681
2026-05-21T15:00,26.1,37,10.3,26.4,0.1,0.1,0.0,0.0,0.0,51,1020.6,1018.4,31,4,20,15,7.4,328,25.6,772.0,581.0,191.0,660.4,3600.0,0.55,2.13,27.7,0.11,Napoli,40.8518,14.2681
2026-05-21T16:00,25.5,36,9.3,24.4,0.2,0.2,0.0,0.0,0.0,51,1020.6,1018.4,18,2,12,9,11.0,358,31.3,665.0,484.0,181.0,614.7,3600.0,0.49,2.1,28.0,0.108,Napoli,40.8518,14.2681
2026-05-21T17:00,25.5,35,8.9,23.9,0.1,0.1,0.0,0.0,0.0,51,1020.4,1018.2,7,0,6,2,9.4,360,31.0,563.0,421.0,142.0,641.1,3600.0,0.42,2.11,27.9,0.106,Napoli,40.8518,14.2681
2026-05-21T18:00,25.1,36,8.9,23.4,0.0,0.0,0.0,0.0,0.0,0,1020.3,1018.1,4,2,2,0,9.4,17,27.4,418.0,308.0,110.0,620.0,3600.0,0.32,2.04,27.4,0.104,Napoli,40.8518,14.2681
2026-05-21T19:00,24.2,38,9.0,22.4,0.0,0.0,0.0,0.0,0.0,0,1020.2,1018.0,1,0,1,0,10.1,39,26.3,243.0,162.0,81.0,508.6,3600.0,0.22,1.88,26.4,0.102,Napoli,40.8518,14.2681
2026-05-21T20:00,22.5,51,12.0,22.5,0.0,0.0,0.0,0.0,0.0,0,1020.6,1018.4,3,0,3,0,4.3,358,25.2,80.0,38.0,42.0,283.5,3600.0,0.06,1.32,25.1,0.08,Napoli,40.8518,14.2681
2026-05-21T21:00,21.3,54,11.6,21.2,0.0,0.0,0.0,0.0,0.0,0,1021.0,1018.8,4,0,4,0,3.6,20,10.8,2.0,0.0,2.0,0.0,0.0,0.02,1.17,23.7,0.08,Napoli,40.8518,14.2681
2026-05-21T22:00,20.2,59,11.9,20.1,0.0,0.0,0.0,0.0,0.0,0,1021.6,1019.3,0,0,0,0,4.1,38,10.8,0.0,0.0,0.0,0.0,0.0,0.01,0.97,22.5,0.08,Napoli,40.8518,14.2681
2026-05-21T23:00,19.4,57,10.6,18.8,0.0,0.0,0.0,0.0,0.0,0,1021.8,1019.5,0,0,0,0,5.7,41,14.8,0.0,0.0,0.0,0.0,0.0,0.03,0.97,21.5,0.08,Napoli,40.8518,14.2681
2026-05-22T00:00,18.3,61,10.7,18.0,0.0,0.0,0.0,0.0,0.0,0,1021.9,1019.6,0,0,0,0,3.4,354,14.0,0.0,0.0,0.0,0.0,0.0,0.01,0.81,20.5,0.08,Napoli,40.8518,14.2681
2026-05-22T01:00,17.4,67,11.1,16.9,0.0,0.0,0.0,0.0,0.0,0,1022.0,1019.7,0,0,0,0,5.5,347,13.0,0.0,0.0,0.0,0.0,0.0,0.01,0.67,19.6,0.08,Napoli,40.8518,14.2681
2026-05-22T02:00,16.5,69,10.9,16.7,0.0,0.0,0.0,0.0,0.0,0,1021.7,1019.4,0,0,0,0,0.8,333,13.0,0.0,0.0,0.0,0.0,0.0,0.0,0.57,19.1,0.071,Napoli,40.8518,14.2681
2026-05-22T03:00,15.8,70,10.3,15.4,0.0,0.0,0.0,0.0,0.0,0,1021.6,1019.3,0,0,0,0,3.3,338,7.9,0.0,0.0,0.0,0.0,0.0,0.0,0.54,18.4,0.071,Napoli,40.8518,14.2681
2026-05-22T04:00,15.1,73,10.2,14.3,0.0,0.0,0.0,0.0,0.0,0,1021.6,1019.3,0,0,0,0,5.7,28,12.6,0.0,0.0,0.0,0.0,0.0,0.01,0.47,17.7,0.071,Napoli,40.8518,14.2681
2026-05-22T05:00,14.4,75,10.0,13.6,0.0,0.0,0.0,0.0,0.0,0,1021.8,1019.5,0,0,0,0,5.3,12,12.6,0.0,0.0,0.0,0.0,0.0,0.0,0.41,17.1,0.072,Napoli,40.8518,14.2681
2026-05-22T06:00,14.0,75,9.6,12.8,0.0,0.0,0.0,0.0,0.0,0,1022.2,1019.9,0,0,0,0,7.3,351,14.8,2.0,0.0,2.0,0.0,0.0,0.02,0.41,16.6,0.072,Napoli,40.8518,14.2681
2026-05-22T07:00,15.3,67,9.3,13.9,0.0,0.0,0.0,0.0,0.0,0,1022.4,1020.1,0,0,0,0,8.1,354,18.0,82.0,39.0,43.0,286.0,3600.0,0.06,0.57,16.8,0.072,Napoli,40.8518,14.2681
2026-05-22T08:00,18.6,57,9.9,17.7,0.0,0.0,0.0,0.0,0.0,0,1022.8,1020.5,0,0,0,0,6.0,351,18.7,251.0,169.0,82.0,526.6,3600.0,0.15,0.92,18.4,0.065,Napoli,40.8518,14.2681
2026-05-22T09:00,21.6,44,8.9,20.6,0.0,0.0,0.0,0.0,0.0,0,1022.9,1020.7,0,0,0,0,4.5,355,17.3,441.0,336.0,105.0,673.2,3600.0,0.28,1.44,20.6,0.065,Napoli,40.8518,14.2681
2026-05-22T10:00,24.0,38,8.9,23.4,0.0,0.0,0.0,0.0,0.0,0,1022.9,1020.7,0,0,0,0,5.1,27,20.2,622.0,503.0,119.0,763.4,3600.0,0.41,1.84,23.4,0.065,Napoli,40.8518,14.2681
2026-05-22T11:00,25.9,32,7.9,25.4,0.0,0.0,0.0,0.0,0.0,0,1022.8,1020.6,2,1,2,0,8.6,41,27.4,774.0,646.0,128.0,818.5,3600.0,0.55,2.27,26.3,0.066,Napoli,40.8518,14.2681
2026-05-22T12:00,26.9,29,7.5,26.4,0.0,0.0,0.0,0.0,0.0,0,1022.6,1020.4,10,0,10,0,10.4,32,31.7,846.0,700.0,146.0,794.2,3600.0,0.62,2.5,28.7,0.066,Napoli,40.8518,14.2681
2026-05-22T13:00,27.5,28,7.3,27.0,0.0,0.0,0.0,0.0,0.0,1,1022.3,1020.1,24,0,24,0,11.2,33,33.5,890.0,738.0,152.0,794.4,3600.0,0.66,2.64,30.7,0.066,Napoli,40.8518,14.2681
2026-05-22T14:00,28.4,25,6.3,28.1,0.0,0.0,0.0,0.0,0.0,1,1021.6,1019.4,23,0,23,0,7.6,5,33.5,835.0,649.0,186.0,698.7,3600.0,0.62,2.91,32.1,0.075,Napoli,40.8518,14.2681
2026-05-22T15:00,28.3,25,6.3,27.9,0.0,0.0,0.0,0.0,0.0,1,1021.2,1019.0,39,0,39,0,7.4,360,27.4,809.0,647.0,162.0,734.3,3600.0,0.6,2.89,33.4,0.075,Napoli,40.8518,14.2681
2026-05-22T16:00,28.5,23,5.2,26.5,0.0,0.0,0.0,0.0,0.0,2,1021.0,1018.8,73,0,73,0,10.4,342,31.0,684.0,516.0,168.0,654.1,3600.0,0.55,3.0,33.9,0.075,Napoli,40.8518,14.2681
2026-05-22T17:00,27.0,27,6.6,24.6,0.0,0.0,0.0,0.0,0.0,0,1021.1,1018.9,5,0,5,0,10.7,343,32.8,481.0,292.0,189.0,443.5,3600.0,0.41,2.59,33.3,0.075,Napoli,40.8518,14.2681
2026-05-22T18:00,26.2,30,7.1,24.0,0.0,0.0,0.0,0.0,0.0,0,1021.3,1019.1,1,0,1,0,9.4,343,30.2,432.0,325.0,107.0,651.7,3600.0,0.34,2.39,32.5,0.075,Napoli,40.8518,14.2681
2026-05-22T19:00,24.8,33,7.6,23.1,0.0,0.0,0.0,0.0,0.0,0,1021.2,1019.0,0,0,0,0,7.3,340,26.6,249.0,167.0,82.0,520.8,3600.0,0.2,2.09,31.1,0.075,Napoli,40.8518,14.2681
2026-05-22T20:00,24.4,33,6.9,23.1,0.0,0.0,0.0,0.0,0.0,0,1021.3,1019.1,0,0,0,0,3.1,100,19.8,82.0,39.0,43.0,285.9,3600.0,0.06,2.05,29.5,0.063,Napoli,40.8518,14.2681
2026-05-22T21:00,23.0,37,7.4,21.8,0.0,0.0,0.0,0.0,0.0,0,1021.5,1019.3,0,0,0,0,3.2,106,9.4,2.0,0.0,2.0,0.0,0.0,0.03,1.77,27.6,0.063,Napoli,40.8518,14.2681
2026-05-22T22:00,22.4,37,7.1,20.8,0.0,0.0,0.0,0.0,0.0,0,1022.0,1019.8,0,0,0,0,5.5,81,13.0,0.0,0.0,0.0,0.0,0.0,0.05,1.7,26.0,0.063,Napoli,40.8518,14.2681
2026-05-22T23:00,21.7,38,6.7,19.8,0.0,0.0,0.0,0.0,0.0,0,1022.3,1020.1,0,0,0,0,7.5,66,17.3,0.0,0.0,0.0,0.0,0.0,0.07,1.61,24.7,0.063,Napoli,40.8518,14.2681
2026-05-23T00:00,20.9,40,6.7,18.9,0.0,0.0,0.0,0.0,0.0,0,1022.3,1020.0,0,0,0,0,8.2,57,18.4,0.0,0.0,0.0,0.0,0.0,0.07,1.49,23.6,0.063,Napoli,40.8518,14.2681
2026-05-23T01:00,20.1,42,6.7,18.3,0.0,0.0,0.0,0.0,0.0,0,1022.2,1019.9,0,0,0,0,6.2,33,18.0,0.0,0.0,0.0,0.0,0.0,0.05,1.36,22.6,0.063,Napoli,40.8518,14.2681
2026-05-23T02:00,18.7,46,6.9,17.4,0.0,0.0,0.0,0.0,0.0,0,1021.7,1019.4,0,0,0,0,3.3,29,14.0,0.0,0.0,0.0,0.0,0.0,0.01,1.17,21.7,0.063,Napoli,40.8518,14.2681
2026-05-23T03:00,17.6,50,7.2,16.4,0.0,0.0,0.0,0.0,0.0,0,1021.4,1019.1,0,0,0,0,2.6,34,7.9,0.0,0.0,0.0,0.0,0.0,0.01,0.99,20.7,0.063,Napoli,40.8518,14.2681
2026-05-23T04:00,16.6,55,7.4,15.4,0.0,0.0,0.0,0.0,0.0,0,1021.3,1019.0,0,0,0,0,3.5,15,8.6,0.0,0.0,0.0,0.0,0.0,0.01,0.86,19.9,0.063,Napoli,40.8518,14.2681
2026-05-23T05:00,16.1,57,7.7,14.9,0.0,0.0,0.0,0.0,0.0,0,1021.5,1019.2,0,0,0,0,4.1,15,9.7,0.0,0.0,0.0,0.0,0.0,0.01,0.78,19.1,0.063,Napoli,40.8518,14.2681
2026-05-23T06:00,15.9,59,7.8,14.5,0.0,0.0,0.0,0.0,0.0,0,1021.8,1019.5,2,0,0,2,5.0,13,11.5,2.0,0.0,2.0,0.0,0.0,0.03,0.75,18.5,0.063,Napoli,40.8518,14.2681
2026-05-23T07:00,17.4,53,7.6,15.7,0.0,0.0,0.0,0.0,0.0,0,1022.2,1019.9,4,0,0,4,7.1,21,16.9,84.0,40.0,44.0,289.3,3600.0,0.07,0.94,18.6,0.063,Napoli,40.8518,14.2681
2026-05-23T08:00,21.0,45,8.5,19.2,0.0,0.0,0.0,0.0,0.0,0,1022.2,1019.9,7,0,0,7,9.3,40,19.8,253.0,170.0,83.0,527.0,3600.0,0.19,1.38,19.8,0.063,Napoli,40.8518,14.2681
2026-05-23T09:00,23.5,39,8.6,21.6,0.0,0.0,0.0,0.0,0.0,1,1022.1,1019.9,20,0,0,20,10.0,41,28.8,443.0,338.0,105.0,675.2,3600.0,0.32,1.77,21.9,0.064,Napoli,40.8518,14.2681
2026-05-23T10:00,25.2,33,7.9,23.7,0.0,0.0,0.0,0.0,0.0,1,1021.9,1019.7,30,0,0,30,9.5,25,28.8,620.0,499.0,121.0,755.9,3600.0,0.45,2.14,24.4,0.064,Napoli,40.8518,14.2681
2026-05-23T11:00,26.7,31,8.0,25.6,0.0,0.0,0.0,0.0,0.0,2,1021.9,1019.7,63,0,0,63,11.8,33,34.6,769.0,635.0,134.0,803.4,3600.0,0.57,2.42,27.0,0.064,Napoli,40.8518,14.2681
2026-05-23T12:00,27.9,30,8.6,27.6,0.0,0.0,0.0,0.0,0.0,1,1021.7,1019.5,38,0,0,38,11.7,43,35.3,870.0,713.0,157.0,807.9,3600.0,0.65,2.64,29.4,0.064,Napoli,40.8518,14.2681
2026-05-23T13:00,28.9,28,8.5,29.1,0.0,0.0,0.0,0.0,0.0,0,1021.4,1019.2,7,0,1,6,10.2,37,34.9,926.0,772.0,154.0,830.0,3600.0,0.69,2.86,31.6,0.064,Napoli,40.8518,14.2681
2026-05-23T14:00,29.9,24,7.4,29.5,0.0,0.0,0.0,0.0,0.0,0,1021.1,1018.9,9,0,0,9,11.7,47,32.0,917.0,773.0,144.0,831.1,3600.0,0.71,3.18,33.9,0.07,Napoli,40.8518,14.2681
2026-05-23T15:00,30.1,22,6.1,29.9,0.0,0.0,0.0,0.0,0.0,1,1020.9,1018.7,45,0,45,0,6.6,16,33.1,830.0,648.0,182.0,734.4,3600.0,0.63,3.33,35.1,0.07,Napoli,40.8518,14.2681
2026-05-23T16:00,29.1,24,6.5,27.6,0.0,0.0,0.0,0.0,0.0,3,1020.8,1018.6,80,0,74,23,8.5,312,27.0,650.0,457.0,193.0,578.3,3600.0,0.52,3.06,35.5,0.07,Napoli,40.8518,14.2681
2026-05-23T17:00,27.7,29,7.9,25.1,0.0,0.0,0.0,0.0,0.0,2,1020.8,1018.6,77,0,66,32,14.0,306,38.2,508.0,310.0,198.0,469.6,3600.0,0.45,2.65,34.8,0.07,Napoli,40.8518,14.2681
2026-05-23T18:00,26.3,32,8.5,23.6,0.0,0.0,0.0,0.0,0.0,2,1020.8,1018.6,56,0,39,29,15.9,308,41.0,336.0,201.0,135.0,401.5,3600.0,0.35,2.32,33.4,0.07,Napoli,40.8518,14.2681
2026-05-23T19:00,25.7,34,8.8,23.6,0.0,0.0,0.0,0.0,0.0,0,1020.8,1018.6,18,0,0,18,12.0,323,40.3,226.0,140.0,86.0,433.7,3600.0,0.24,2.17,31.8,0.07,Napoli,40.8518,14.2681
2026-05-23T20:00,25.7,33,8.3,23.5,0.0,0.0,0.0,0.0,0.0,1,1021.0,1018.8,26,0,0,26,11.7,47,29.9,82.0,38.0,44.0,273.8,3600.0,0.16,2.21,30.4,0.063,Napoli,40.8518,14.2681
2026-05-23T21:00,24.4,36,8.3,21.5,0.0,0.0,0.0,0.0,0.0,0,1021.3,1019.1,5,0,0,5,16.6,63,38.9,3.0,0.0,3.0,0.0,0.0,0.16,1.97,28.7,0.063,Napoli,40.8518,14.2681
2026-05-23T22:00,23.1,38,8.0,20.5,0.0,0.0,0.0,0.0,0.0,0,1022.0,1019.8,0,0,0,0,13.9,66,39.6,0.0,0.0,0.0,0.0,0.0,0.13,1.75,27.2,0.063,Napoli,40.8518,14.2681
2026-05-23T23:00,22.6,38,7.5,20.1,0.0,0.0,0.0,0.0,0.0,0,1022.2,1020.0,0,0,0,0,12.3,68,32.4,0.0,0.0,0.0,0.0,0.0,0.11,1.7,26.0,0.063,Napoli,40.8518,14.2681
2026-05-24T00:00,22.2,38,7.2,20.0,0.0,0.0,0.0,0.0,0.0,0,1022.5,1020.3,5,0,0,5,9.5,58,29.2,0.0,0.0,0.0,0.0,0.0,0.09,1.65,24.9,0.063,Napoli,40.8518,14.2681
2026-05-24T01:00,21.7,39,7.1,19.8,0.0,0.0,0.0,0.0,0.0,3,1022.6,1020.4,80,0,0,80,7.7,33,23.0,0.0,0.0,0.0,0.0,0.0,0.07,1.58,24.0,0.064,Napoli,40.8518,14.2681
2026-05-24T02:00,21.1,43,7.9,19.3,0.0,0.0,0.0,0.0,0.0,1,1022.1,1019.8,23,0,0,23,8.0,34,19.4,0.0,0.0,0.0,0.0,0.0,0.06,1.43,23.4,0.076,Napoli,40.8518,14.2681
2026-05-24T03:00,20.3,46,8.2,18.8,0.0,0.0,0.0,0.0,0.0,0,1022.1,1019.8,17,0,0,17,6.8,22,18.0,0.0,0.0,0.0,0.0,0.0,0.05,1.3,22.6,0.076,Napoli,40.8518,14.2681
2026-05-24T04:00,19.4,49,8.5,18.2,0.0,0.0,0.0,0.0,0.0,0,1022.2,1019.9,13,0,0,13,5.4,2,15.1,0.0,0.0,0.0,0.0,0.0,0.03,1.14,21.8,0.076,Napoli,40.8518,14.2681
2026-05-24T05:00,18.6,53,8.8,17.5,0.0,0.0,0.0,0.0,0.0,0,1022.3,1020.0,15,0,0,15,5.3,352,13.0,0.0,0.0,0.0,0.0,0.0,0.03,1.01,21.1,0.076,Napoli,40.8518,14.2681
2026-05-24T06:00,18.0,55,8.9,16.8,0.0,0.0,0.0,0.0,0.0,1,1022.6,1020.3,31,0,0,31,6.0,9,13.7,3.0,0.0,3.0,0.0,0.0,0.03,0.93,20.5,0.076,Napoli,40.8518,14.2681
2026-05-24T07:00,19.1,52,8.9,17.8,0.0,0.0,0.0,0.0,0.0,0,1023.1,1020.8,2,0,0,2,6.3,20,16.6,82.0,37.0,45.0,264.1,3600.0,0.07,1.06,20.6,0.077,Napoli,40.8518,14.2681
2026-05-24T08:00,22.5,44,9.6,21.1,0.0,0.0,0.0,0.0,0.0,0,1023.1,1020.9,0,0,0,0,8.3,34,17.3,251.0,169.0,82.0,521.3,3600.0,0.19,1.52,21.8,0.077,Napoli,40.8518,14.2681
2026-05-24T09:00,24.6,40,10.0,23.0,0.0,0.0,0.0,0.0,0.0,0,1023.4,1021.2,0,0,0,0,11.1,50,30.6,440.0,336.0,104.0,669.3,3600.0,0.33,1.87,23.7,0.077,Napoli,40.8518,14.2681
2026-05-24T10:00,26.4,35,9.9,25.0,0.0,0.0,0.0,0.0,0.0,0,1023.5,1021.3,0,0,0,0,11.7,45,33.1,618.0,499.0,119.0,754.4,3600.0,0.47,2.22,26.0,0.077,Napoli,40.8518,14.2681
2026-05-24T11:00,27.8,33,10.0,27.1,0.0,0.0,0.0,0.0,0.0,0,1023.7,1021.5,2,0,0,2,13.2,47,36.7,768.0,638.0,130.0,806.0,3600.0,0.59,2.51,28.3,0.077,Napoli,40.8518,14.2681
2026-05-24T12:00,29.2,30,9.7,29.2,0.0,0.0,0.0,0.0,0.0,0,1023.7,1021.5,2,0,0,2,12.1,53,37.1,874.0,738.0,136.0,835.2,3600.0,0.67,2.85,30.6,0.076,Napoli,40.8518,14.2681
2026-05-24T13:00,30.1,26,8.8,30.7,0.0,0.0,0.0,0.0,0.0,1,1023.4,1021.2,39,0,33,9,9.1,56,34.9,933.0,797.0,136.0,855.9,3600.0,0.71,3.14,32.8,0.076,Napoli,40.8518,14.2681
2026-05-24T14:00,30.2,23,6.8,30.9,0.0,0.0,0.0,0.0,0.0,2,1022.9,1020.7,55,0,53,3,2.4,171,30.2,833.0,639.0,194.0,686.2,3600.0,0.6,3.29,35.1,0.078,Napoli,40.8518,14.2681
2026-05-24T15:00,30.0,25,7.6,29.5,0.0,0.0,0.0,0.0,0.0,2,1022.7,1020.5,77,0,77,5,6.5,262,22.0,730.0,486.0,244.0,550.0,3600.0,0.57,3.2,36.0,0.077,Napoli,40.8518,14.2681
2026-05-24T16:00,29.2,28,9.1,27.5,0.0,0.0,0.0,0.0,0.0,1,1022.5,1020.3,45,0,40,9,13.1,261,34.9,633.0,382.0,251.0,482.5,3600.0,0.54,2.9,36.0,0.077,Napoli,40.8518,14.2681
2026-05-24T17:00,28.2,31,9.3,25.3,0.0,0.0,0.0,0.0,0.0,1,1022.4,1020.2,23,0,23,0,18.0,273,45.7,552.0,393.0,159.0,593.9,3600.0,0.5,2.64,35.2,0.077,Napoli,40.8518,14.2681
2026-05-24T18:00,27.1,34,9.9,24.6,0.0,0.0,0.0,0.0,0.0,0,1022.5,1020.3,17,0,16,2,17.1,285,46.1,409.0,294.0,115.0,585.1,3600.0,0.39,2.37,34.0,0.076,Napoli,40.8518,14.2681
2026-05-24T19:00,26.5,36,10.2,24.7,0.0,0.0,0.0,0.0,0.0,1,1022.7,1020.5,30,0,8,24,12.6,301,41.8,231.0,148.0,83.0,455.5,3600.0,0.25,2.21,32.5,0.076,Napoli,40.8518,14.2681
2026-05-24T20:00,26.8,33,9.3,25.6,0.0,0.0,0.0,0.0,0.0,1,1022.9,1020.7,48,0,0,48,6.4,22,30.2,77.0,29.0,48.0,205.5,3600.0,0.11,2.35,30.9,0.07,Napoli,40.8518,14.2681
2026-05-24T21:00,26.1,34,8.9,24.0,0.0,0.0,0.0,0.0,0.0,2,1023.4,1021.2,55,0,0,55,12.2,66,28.4,3.0,0.0,3.0,0.0,0.0,0.13,2.24,29.4,0.07,Napoli,40.8518,14.2681
2026-05-24T22:00,25.4,34,8.4,23.5,0.0,0.0,0.0,0.0,0.0,0,1024.2,1022.0,2,0,0,2,9.7,79,29.5,0.0,0.0,0.0,0.0,0.0,0.1,2.15,28.1,0.07,Napoli,40.8518,14.2681
2026-05-24T23:00,24.1,36,8.3,22.4,0.0,0.0,0.0,0.0,0.0,0,1024.7,1022.5,0,0,0,0,8.5,52,23.4,0.0,0.0,0.0,0.0,0.0,0.08,1.91,26.9,0.07,Napoli,40.8518,14.2681
2026-05-25T00:00,23.2,39,8.4,21.4,0.0,0.0,0.0,0.0,0.0,0,1025.0,1022.8,9,0,1,9,9.1,49,22.7,0.0,0.0,0.0,0.0,0.0,0.08,1.74,25.9,0.07,Napoli,40.8518,14.2681
2026-05-25T01:00,22.7,40,8.3,20.8,0.0,0.0,0.0,0.0,0.0,1,1025.2,1023.0,38,0,1,37,9.4,54,23.4,0.0,0.0,0.0,0.0,0.0,0.08,1.66,24.9,0.07,Napoli,40.8518,14.2681
2026-05-25T02:00,22.0,42,8.6,20.6,0.0,0.0,0.0,0.0,0.0,1,1024.7,1022.4,33,0,0,33,6.8,72,22.7,0.0,0.0,0.0,0.0,0.0,0.05,1.52,24.4,0.076,Napoli,40.8518,14.2681
2026-05-25T03:00,21.1,45,8.8,20.0,0.0,0.0,0.0,0.0,0.0,2,1024.6,1022.3,61,0,0,61,5.0,52,16.9,0.0,0.0,0.0,0.0,0.0,0.03,1.37,23.5,0.076,Napoli,40.8518,14.2681
2026-05-25T04:00,20.0,49,9.0,19.1,0.0,0.0,0.0,0.0,0.0,1,1024.7,1022.4,36,0,0,36,4.5,29,13.3,0.0,0.0,0.0,0.0,0.0,0.02,1.19,22.7,0.076,Napoli,40.8518,14.2681
2026-05-25T05:00,18.9,53,9.2,17.9,0.0,0.0,0.0,0.0,0.0,0,1024.8,1022.5,0,0,0,0,5.1,18,12.6,0.0,0.0,0.0,0.0,0.0,0.02,1.02,21.9,0.076,Napoli,40.8518,14.2681
2026-05-25T06:00,18.2,58,9.7,17.3,0.0,0.0,0.0,0.0,0.0,0,1025.4,1023.1,0,0,0,0,5.6,21,13.3,3.0,0.0,3.0,0.0,0.0,0.03,0.88,21.3,0.076,Napoli,40.8518,14.2681
2026-05-25T07:00,19.1,56,10.0,18.4,0.0,0.0,0.0,0.0,0.0,0,1025.7,1023.4,0,0,0,0,4.9,17,14.0,85.0,41.0,44.0,289.1,3600.0,0.06,0.98,21.3,0.076,Napoli,40.8518,14.2681
2026-05-25T08:00,22.0,49,10.8,21.6,0.0,0.0,0.0,0.0,0.0,0,1025.9,1023.6,0,0,0,0,4.5,23,13.7,253.0,171.0,82.0,525.0,3600.0,0.16,1.35,22.5,0.076,Napoli,40.8518,14.2681
2026-05-25T09:00,25.1,37,9.5,24.2,0.0,0.0,0.0,0.0,0.0,0,1026.3,1024.1,0,0,0,0,5.1,86,19.1,441.0,336.0,105.0,667.6,3600.0,0.3,1.99,24.6,0.076,Napoli,40.8518,14.2681
2026-05-25T10:00,26.6,36,10.1,26.3,0.0,0.0,0.0,0.0,0.0,0,1026.4,1024.2,0,0,0,0,4.7,106,20.9,619.0,500.0,119.0,754.6,3600.0,0.43,2.24,27.1,0.076,Napoli,40.8518,14.2681
2026-05-25T11:00,27.9,34,10.4,29.3,0.0,0.0,0.0,0.0,0.0,0,1026.5,1024.3,3,0,3,0,1.3,180,19.8,768.0,639.0,129.0,806.2,3600.0,0.52,2.5,29.9,0.076,Napoli,40.8518,14.2681
2026-05-25T12:00,28.8,31,10.0,30.9,0.0,0.0,0.0,0.0,0.0,1,1026.4,1024.2,38,0,38,1,0.9,233,16.9,874.0,738.0,136.0,834.3,3600.0,0.61,2.73,32.6,0.076,Napoli,40.8518,14.2681
2026-05-25T13:00,29.6,28,9.3,30.6,0.0,0.0,0.0,0.0,0.0,1,1025.8,1023.6,38,0,38,1,3.3,234,17.6,817.0,655.0,162.0,702.6,3600.0,0.6,2.96,34.6,0.076,Napoli,40.8518,14.2681
2026-05-25T14:00,31.5,23,8.0,31.9,0.0,0.0,0.0,0.0,0.0,1,1025.2,1023.0,26,0,26,0,5.6,6,26.6,831.0,631.0,200.0,676.8,3600.0,0.64,3.54,36.6,0.082,Napoli,40.8518,14.2681
2026-05-25T15:00,31.4,22,7.2,31.2,0.0,0.0,0.0,0.0,0.0,0,1024.8,1022.6,15,0,15,0,6.9,6,27.0,802.0,620.0,182.0,700.6,3600.0,0.63,3.58,37.4,0.08,Napoli,40.8518,14.2681
2026-05-25T16:00,31.3,22,7.1,30.4,0.0,0.0,0.0,0.0,0.0,0,1024.6,1022.4,1,0,1,0,7.9,39,29.2,733.0,587.0,146.0,740.1,3600.0,0.58,3.55,37.8,0.079,Napoli,40.8518,14.2681
2026-05-25T17:00,30.9,22,7.0,29.3,0.0,0.0,0.0,0.0,0.0,0,1024.6,1022.4,2,0,2,0,7.5,44,29.2,606.0,480.0,126.0,723.6,3600.0,0.48,3.46,37.6,0.078,Napoli,40.8518,14.2681
2026-05-25T18:00,30.2,24,7.1,28.3,0.0,0.0,0.0,0.0,0.0,1,1024.5,1022.3,22,0,3,20,8.0,14,27.0,445.0,342.0,103.0,678.1,3600.0,0.37,3.28,36.8,0.077,Napoli,40.8518,14.2681
2026-05-25T19:00,29.4,25,7.1,27.2,0.0,0.0,0.0,0.0,0.0,0,1024.6,1022.4,10,0,0,10,10.1,10,27.4,253.0,170.0,83.0,519.8,3600.0,0.27,3.09,35.4,0.077,Napoli,40.8518,14.2681
2026-05-25T20:00,28.9,26,7.3,26.4,0.0,0.0,0.0,0.0,0.0,0,1024.4,1022.2,0,0,0,0,12.2,34,27.7,87.0,43.0,44.0,299.8,3600.0,0.19,2.95,33.5,0.076,Napoli,40.8518,14.2681
2026-05-25T21:00,27.5,30,8.4,25.4,0.0,0.0,0.0,0.0,0.0,0,1024.8,1022.6,0,0,0,0,11.5,31,30.6,3.0,0.0,3.0,0.0,0.0,0.14,2.57,31.7,0.076,Napoli,40.8518,14.2681
2026-05-25T22:00,26.2,32,8.4,24.1,0.0,0.0,0.0,0.0,0.0,0,1025.6,1023.4,0,0,0,0,11.5,35,28.8,0.0,0.0,0.0,0.0,0.0,0.13,2.3,30.1,0.076,Napoli,40.8518,14.2681
2026-05-25T23:00,25.4,34,8.5,23.6,0.0,0.0,0.0,0.0,0.0,0,1026.0,1023.8,6,0,0,6,9.6,41,27.7,0.0,0.0,0.0,0.0,0.0,0.1,2.13,28.7,0.076,Napoli,40.8518,14.2681
2026-05-26T00:00,24.8,35,8.5,23.3,0.0,0.0,0.0,0.0,0.0,0,1026.2,1024.0,13,0,0,13,7.5,37,22.7,0.0,0.0,0.0,0.0,0.0,0.07,2.01,27.5,0.076,Napoli,40.8518,14.2681
2026-05-26T01:00,23.8,37,8.4,22.4,0.0,0.0,0.0,0.0,0.0,0,1026.0,1023.8,3,0,0,3,6.7,20,18.4,0.0,0.0,0.0,0.0,0.0,0.06,1.85,26.5,0.076,Napoli,40.8518,14.2681
2026-05-26T02:00,23.1,39,8.3,21.7,0.0,0.0,0.0,0.0,0.0,1,1025.4,1023.2,20,0,0,20,6.2,46,16.2,0.0,0.0,0.0,0.0,0.0,0.05,1.72,25.4,0.076,Napoli,40.8518,14.2681
2026-05-26T03:00,21.8,43,8.6,20.7,0.0,0.0,0.0,0.0,0.0,1,1025.2,1022.9,24,0,0,24,4.5,47,16.2,0.0,0.0,0.0,0.0,0.0,0.03,1.49,24.4,0.076,Napoli,40.8518,14.2681
2026-05-26T04:00,20.5,48,9.1,19.8,0.0,0.0,0.0,0.0,0.0,1,1025.1,1022.8,22,0,0,22,3.2,27,13.3,0.0,0.0,0.0,0.0,0.0,0.01,1.26,23.4,0.076,Napoli,40.8518,14.2681
2026-05-26T05:00,19.6,51,9.1,18.9,0.0,0.0,0.0,0.0,0.0,1,1025.0,1022.7,30,0,0,30,3.4,360,10.4,0.0,0.0,0.0,0.0,0.0,0.01,1.13,22.6,0.076,Napoli,40.8518,14.2681
2026-05-26T06:00,19.0,54,9.6,18.2,0.0,0.0,0.0,0.0,0.0,1,1025.3,1023.0,46,0,0,46,4.7,4,11.2,3.0,0.0,3.0,0.0,0.0,0.03,1.0,21.9,0.076,Napoli,40.8518,14.2681
2026-05-26T07:00,20.1,51,9.5,19.3,0.0,0.0,0.0,0.0,0.0,1,1025.5,1023.2,48,0,0,48,4.6,26,13.0,86.0,39.0,47.0,271.8,3600.0,0.06,1.16,22.0,0.076,Napoli,40.8518,14.2681
2026-05-26T08:00,22.6,45,9.9,22.3,0.0,0.0,0.0,0.0,0.0,1,1025.7,1023.5,40,0,0,40,2.2,114,13.3,250.0,160.0,90.0,489.1,3600.0,0.15,1.52,23.1,0.076,Napoli,40.8518,14.2681
2026-05-26T09:00,25.1,38,9.9,24.8,0.0,0.0,0.0,0.0,0.0,1,1025.7,1023.5,34,0,0,34,1.3,106,12.6,431.0,314.0,117.0,622.3,3600.0,0.27,1.96,25.2,0.076,Napoli,40.8518,14.2681
2026-05-26T10:00,27.3,33,9.7,27.4,0.0,0.0,0.0,0.0,0.0,2,1025.6,1023.4,51,0,0,51,1.3,164,13.7,613.0,488.0,125.0,735.3,3600.0,0.41,2.41,27.9,0.076,Napoli,40.8518,14.2681
2026-05-26T11:00,28.5,33,10.6,29.7,0.0,0.0,0.0,0.0,0.0,2,1025.5,1023.3,50,0,0,50,2.5,188,16.2,759.0,620.0,139.0,781.2,3600.0,0.53,2.61,30.7,0.076,Napoli,40.8518,14.2681
2026-05-26T12:00,29.4,32,11.0,31.1,0.0,0.0,0.0,0.0,0.0,1,1025.2,1023.0,40,1,0,39,4.2,220,19.8,866.0,718.0,148.0,810.8,3600.0,0.63,2.79,33.4,0.076,Napoli,40.8518,14.2681
2026-05-26T13:00,30.4,29,10.5,31.4,0.0,0.0,0.0,0.0,0.0,1,1024.7,1022.5,45,0,17,33,7.6,248,25.6,891.0,737.0,154.0,789.7,3600.0,0.68,3.06,35.4,0.076,Napoli,40.8518,14.2681
2026-05-26T14:00,31.4,26,9.8,31.4,0.0,0.0,0.0,0.0,0.0,2,1023.8,1021.6,52,0,29,32,11.7,247,32.8,867.0,695.0,172.0,744.6,3600.0,0.7,3.38,36.6,0.076,Napoli,40.8518,14.2681
2026-05-26T15:00,30.7,26,9.2,29.4,0.0,0.0,0.0,0.0,0.0,2,1023.3,1021.1,50,0,29,30,14.9,262,40.0,762.0,567.0,195.0,639.8,3600.0,0.65,3.25,37.1,0.075,Napoli,40.8518,14.2681
2026-05-26T16:00,30.0,28,9.5,28.7,0.0,0.0,0.0,0.0,0.0,1,1023.2,1021.0,29,0,22,9,11.7,266,39.6,643.0,455.0,188.0,572.6,3600.0,0.54,3.06,37.0,0.075,Napoli,40.8518,14.2681
2026-05-26T17:00,29.4,29,9.6,27.9,0.0,0.0,0.0,0.0,0.0,0,1022.9,1020.7,11,0,8,4,11.0,265,33.1,584.0,440.0,144.0,661.7,3600.0,0.48,2.9,36.8,0.076,Napoli,40.8518,14.2681
2026-05-26T18:00,28.5,31,9.6,26.7,0.0,0.0,0.0,0.0,0.0,0,1022.8,1020.6,5,0,4,1,11.2,280,31.7,416.0,293.0,123.0,578.8,3600.0,0.37,2.69,35.9,0.076,Napoli,40.8518,14.2681
2026-05-26T19:00,27.5,37,11.5,26.4,0.0,0.0,0.0,0.0,0.0,0,1022.3,1020.1,2,0,2,0,10.5,290,30.2,250.0,168.0,82.0,510.5,3600.0,0.24,2.31,34.4,0.076,Napoli,40.8518,14.2681
2026-05-26T20:00,27.3,38,11.8,27.1,0.0,0.0,0.0,0.0,0.0,0,1021.7,1019.5,1,0,1,0,4.9,266,27.0,87.0,42.0,45.0,288.3,3600.0,0.09,2.23,32.7,0.076,Napoli,40.8518,14.2681
2026-05-26T21:00,25.7,45,13.0,26.1,0.0,0.0,0.0,0.0,0.0,0,1021.8,1019.6,0,0,0,0,3.1,260,10.4,3.0,0.0,3.0,0.0,0.0,0.03,1.79,31.0,0.076,Napoli,40.8518,14.2681
2026-05-26T22:00,24.9,50,13.7,25.7,0.0,0.0,0.0,0.0,0.0,0,1022.3,1020.1,0,0,0,0,2.8,255,7.2,0.0,0.0,0.0,0.0,0.0,0.01,1.58,29.4,0.076,Napoli,40.8518,14.2681
2026-05-26T23:00,24.3,54,14.4,25.4,0.0,0.0,0.0,0.0,0.0,0,1022.2,1020.0,2,0,2,0,2.3,241,6.5,0.0,0.0,0.0,0.0,0.0,0.0,1.4,28.1,0.076,Napoli,40.8518,14.2681
2026-05-27T00:00,23.5,57,14.5,24.3,0.0,0.0,0.0,0.0,0.0,0,1022.2,1020.0,5,0,5,0,4.0,188,7.9,0.0,0.0,0.0,0.0,0.0,0.02,1.24,27.0,0.076,Napoli,40.8518,14.2681
2026-05-27T01:00,22.5,64,15.4,23.2,0.0,0.0,0.0,0.0,0.0,0,1022.0,1019.8,2,0,2,0,7.8,187,15.8,0.0,0.0,0.0,0.0,0.0,0.03,0.98,26.1,0.076,Napoli,40.8518,14.2681
2026-05-27T02:00,22.6,64,15.4,24.2,0.0,0.0,0.0,0.0,0.0,0,1021.3,1019.1,0,0,0,0,1.3,188,15.8,0.0,0.0,0.0,0.0,0.0,0.0,0.99,24.9,0.076,Napoli,40.8518,14.2681
2026-05-27T03:00,22.3,66,15.6,23.0,0.0,0.0,0.0,0.0,0.0,0,1021.0,1018.8,1,0,1,0,7.6,165,16.2,0.0,0.0,0.0,0.0,0.0,0.03,0.91,24.3,0.076,Napoli,40.8518,14.2681
2026-05-27T04:00,21.8,72,16.6,23.0,0.0,0.0,0.0,0.0,0.0,0,1020.7,1018.5,0,0,0,0,7.0,181,16.9,0.0,0.0,0.0,0.0,0.0,0.02,0.72,23.7,0.076,Napoli,40.8518,14.2681
2026-05-27T05:00,21.4,75,16.7,22.9,0.0,0.0,0.0,0.0,0.0,0,1020.5,1018.3,0,0,0,0,5.6,176,16.2,0.0,0.0,0.0,0.0,0.0,0.01,0.65,23.2,0.076,Napoli,40.8518,14.2681
2026-05-27T06:00,21.2,76,16.9,22.9,0.0,0.0,0.0,0.0,0.0,0,1020.6,1018.4,0,0,0,0,4.9,178,13.3,3.0,0.0,3.0,0.0,0.0,0.02,0.59,22.7,0.076,Napoli,40.8518,14.2681
2026-05-27T07:00,22.0,74,17.1,23.7,0.0,0.0,0.0,0.0,0.0,0,1020.8,1018.6,0,0,0,0,5.6,180,14.4,87.0,42.0,45.0,289.6,3600.0,0.06,0.69,22.9,0.076,Napoli,40.8518,14.2681
2026-05-27T08:00,23.0,67,16.5,24.6,0.0,0.0,0.0,0.0,0.0,0,1020.8,1018.6,0,0,0,0,4.0,180,18.7,253.0,171.0,82.0,520.6,3600.0,0.16,0.92,23.7,0.076,Napoli,40.8518,14.2681
2026-05-27T09:00,24.1,62,16.4,25.3,0.0,0.0,0.0,0.0,0.0,0,1020.8,1018.6,0,0,0,0,7.0,183,20.9,441.0,337.0,104.0,666.4,3600.0,0.29,1.14,25.6,0.076,Napoli,40.8518,14.2681
2026-05-27T10:00,24.7,62,17.0,26.1,0.0,0.0,0.0,0.0,0.0,0,1020.8,1018.6,0,0,0,0,9.6,188,27.4,618.0,499.0,119.0,750.7,3600.0,0.41,1.18,27.6,0.076,Napoli,40.8518,14.2681
2026-05-27T11:00,25.1,62,17.2,27.3,0.0,0.0,0.0,0.0,0.0,0,1020.8,1018.6,7,7,0,0,10.3,193,29.9,766.0,638.0,128.0,803.0,3600.0,0.5,1.22,29.7,0.076,Napoli,40.8518,14.2681
2026-05-27T12:00,25.5,59,16.9,28.1,0.0,0.0,0.0,0.0,0.0,1,1020.7,1018.5,20,20,0,0,11.1,196,32.0,870.0,725.0,145.0,817.8,3600.0,0.58,1.33,31.6,0.076,Napoli,40.8518,14.2681
2026-05-27T13:00,25.8,59,17.2,28.7,0.0,0.0,0.0,0.0,0.0,0,1020.3,1018.1,16,15,2,1,11.1,192,32.0,898.0,695.0,203.0,744.0,3600.0,0.6,1.37,33.2,0.076,Napoli,40.8518,14.2681
2026-05-27T14:00,27.4,54,17.3,30.2,0.0,0.0,0.0,0.0,0.0,1,1019.4,1017.2,27,23,3,2,11.2,196,32.0,878.0,631.0,247.0,675.2,3600.0,0.62,1.67,34.9,0.085,Napoli,40.8518,14.2681
2026-05-27T15:00,26.8,60,18.4,30.0,0.0,0.0,0.0,0.0,0.0,1,1018.7,1016.5,30,18,5,9,10.0,206,30.6,814.0,590.0,224.0,664.9,3600.0,0.56,1.41,35.4,0.083,Napoli,40.8518,14.2681
2026-05-27T16:00,26.6,61,18.4,29.1,0.0,0.0,0.0,0.0,0.0,1,1018.2,1016.0,33,18,9,11,9.8,208,28.8,702.0,467.0,235.0,586.7,3600.0,0.49,1.37,35.4,0.082,Napoli,40.8518,14.2681
2026-05-27T17:00,26.3,56,16.7,27.2,0.0,0.0,0.0,0.0,0.0,0,1017.8,1015.6,19,8,8,5,9.3,230,28.4,540.0,356.0,184.0,534.1,3600.0,0.39,1.51,34.9,0.081,Napoli,40.8518,14.2681
2026-05-27T18:00,26.1,53,15.7,26.9,0.0,0.0,0.0,0.0,0.0,0,1017.5,1015.3,13,2,5,5,7.6,251,27.4,416.0,288.0,128.0,566.9,3600.0,0.3,1.6,34.0,0.08,Napoli,40.8518,14.2681
2026-05-27T19:00,25.1,57,15.9,26.2,0.0,0.0,0.0,0.0,0.0,0,1017.3,1015.1,13,2,5,6,5.9,239,23.0,245.0,157.0,88.0,474.1,3600.0,0.18,1.37,32.7,0.08,Napoli,40.8518,14.2681
2026-05-27T20:00,24.1,65,17.1,25.5,0.0,0.0,0.0,0.0,0.0,0,1017.0,1014.8,11,4,8,0,7.1,240,18.4,85.0,40.0,45.0,270.4,3600.0,0.08,1.04,31.2,0.083,Napoli,40.8518,14.2681
2026-05-27T21:00,23.0,73,17.9,25.1,0.0,0.0,0.0,0.0,0.0,0,1017.2,1015.0,7,4,3,0,5.3,232,17.3,4.0,0.0,4.0,0.0,0.0,0.02,0.76,29.3,0.083,Napoli,40.8518,14.2681
2026-05-27T22:00,22.5,77,18.3,24.9,0.0,0.0,0.0,0.0,0.0,0,1017.7,1015.5,4,3,1,0,3.7,219,12.6,0.0,0.0,0.0,0.0,0.0,0.0,0.62,27.7,0.083,Napoli,40.8518,14.2681
2026-05-27T23:00,21.9,81,18.4,24.5,0.0,0.0,0.0,0.0,0.0,0,1017.8,1015.6,4,4,0,0,3.5,208,8.6,0.0,0.0,0.0,0.0,0.0,0.0,0.51,26.4,0.083,Napoli,40.8518,14.2681
2026-05-28T00:00,21.4,84,18.5,24.1,0.0,0.0,0.0,0.0,0.0,0,1017.8,1015.6,4,4,0,0,2.5,201,7.9,0.0,0.0,0.0,0.0,0.0,0.0,0.41,25.3,0.083,Napoli,40.8518,14.2681
2026-05-28T01:00,21.0,86,18.5,23.8,0.0,0.0,0.0,0.0,0.0,0,1017.6,1015.4,4,4,0,0,2.0,170,6.1,0.0,0.0,0.0,0.0,0.0,0.0,0.36,24.4,0.083,Napoli,40.8518,14.2681
2026-05-28T02:00,20.6,85,18.0,22.8,0.0,0.0,0.0,0.0,0.0,0,1017.2,1015.0,9,5,0,4,4.2,170,7.6,0.0,0.0,0.0,0.0,0.0,0.0,0.36,24.2,0.078,Napoli,40.8518,14.2681
2026-05-28T03:00,20.3,87,18.0,22.3,0.0,0.0,0.0,0.0,0.0,0,1016.6,1014.4,5,3,0,2,6.1,168,13.0,0.0,0.0,0.0,0.0,0.0,0.0,0.31,23.4,0.078,Napoli,40.8518,14.2681
2026-05-28T04:00,20.2,90,18.5,22.4,0.0,0.0,0.0,0.0,0.0,0,1016.4,1014.2,9,3,4,2,6.0,173,14.4,0.0,0.0,0.0,0.0,0.0,0.0,0.23,22.9,0.078,Napoli,40.8518,14.2681
2026-05-28T05:00,20.2,93,18.9,22.7,0.0,0.0,0.0,0.0,0.0,0,1016.6,1014.4,6,3,2,0,5.3,168,13.3,0.0,0.0,0.0,0.0,0.0,0.0,0.18,22.5,0.078,Napoli,40.8518,14.2681
2026-05-28T06:00,20.1,93,18.9,22.6,0.0,0.0,0.0,0.0,0.0,0,1016.8,1014.6,7,7,0,0,5.4,150,13.0,3.0,0.0,3.0,0.0,0.0,0.0,0.16,22.2,0.078,Napoli,40.8518,14.2681
2026-05-28T07:00,20.8,87,18.6,23.1,0.0,0.0,0.0,0.0,0.0,0,1017.1,1014.9,11,11,0,0,6.0,153,15.8,83.0,36.0,47.0,245.7,3600.0,0.05,0.31,22.4,0.078,Napoli,40.8518,14.2681
2026-05-28T08:00,22.0,81,18.6,24.3,0.0,0.0,0.0,0.0,0.0,0,1017.4,1015.2,13,4,10,0,6.2,150,19.1,240.0,150.0,90.0,454.9,3600.0,0.14,0.51,23.4,0.078,Napoli,40.8518,14.2681
2026-05-28T09:00,23.2,74,18.4,25.4,0.0,0.0,0.0,0.0,0.0,0,1017.5,1015.3,9,2,5,2,5.9,162,19.8,421.0,299.0,122.0,590.0,3600.0,0.26,0.73,25.1,0.078,Napoli,40.8518,14.2681
2026-05-28T10:00,24.2,70,18.3,26.2,0.0,0.0,0.0,0.0,0.0,0,1017.5,1015.3,2,1,0,1,8.6,172,25.9,596.0,461.0,135.0,692.6,3600.0,0.38,0.91,27.2,0.078,Napoli,40.8518,14.2681
2026-05-28T11:00,24.5,70,18.6,27.2,0.0,0.0,0.0,0.0,0.0,1,1017.4,1015.2,29,19,12,1,11.0,185,30.6,753.0,617.0,136.0,775.7,3600.0,0.48,0.93,29.2,0.077,Napoli,40.8518,14.2681
2026-05-28T12:00,24.8,68,18.4,27.9,0.0,0.0,0.0,0.0,0.0,1,1017.5,1015.3,39,7,16,23,11.4,185,33.8,852.0,688.0,164.0,775.4,3600.0,0.54,1.01,31.0,0.077,Napoli,40.8518,14.2681
2026-05-28T13:00,25.3,65,18.3,28.8,0.0,0.0,0.0,0.0,0.0,2,1017.4,1015.2,50,13,2,42,10.5,177,32.8,886.0,685.0,201.0,732.5,3600.0,0.58,1.12,32.5,0.077,Napoli,40.8518,14.2681
2026-05-28T14:00,24.3,76,19.8,27.1,0.0,0.0,0.0,0.0,0.0,3,1017.4,1015.2,92,11,1,91,14.2,198,30.6,761.0,528.0,233.0,564.4,3600.0,0.47,0.73,31.8,0.095,Napoli,40.8518,14.2681
2026-05-28T15:00,25.2,70,19.2,27.7,0.2,0.2,0.0,0.0,0.0,51,1017.1,1014.9,100,0,0,100,6.4,202,34.6,527.0,211.0,316.0,237.5,3600.0,0.37,0.97,31.6,0.095,Napoli,40.8518,14.2681
2026-05-28T16:00,24.5,71,19.0,26.1,0.2,0.2,0.0,0.0,0.0,51,1016.7,1014.5,97,10,1,97,11.5,163,27.7,348.0,53.0,295.0,66.5,194.24,0.26,0.87,30.8,0.097,Napoli,40.8518,14.2681
2026-05-28T17:00,25.5,68,19.1,27.5,0.0,0.0,0.0,0.0,0.0,3,1017.0,1014.8,91,2,5,91,9.7,260,28.8,521.0,286.0,235.0,428.1,3600.0,0.36,1.05,30.9,0.095,Napoli,40.8518,14.2681
2026-05-28T18:00,25.6,69,19.5,27.8,0.0,0.0,0.0,0.0,0.0,3,1016.7,1014.5,91,2,1,91,9.1,263,27.7,405.0,253.0,152.0,496.2,3600.0,0.28,1.01,30.7,0.094,Napoli,40.8518,14.2681
2026-05-28T19:00,25.5,70,19.6,28.7,0.0,0.0,0.0,0.0,0.0,3,1016.5,1014.3,88,1,1,88,3.5,242,24.8,207.0,85.0,122.0,255.1,3600.0,0.14,0.98,29.8,0.093,Napoli,40.8518,14.2681
2026-05-28T20:00,24.3,68,18.1,26.8,0.0,0.0,0.0,0.0,0.0,3,1016.5,1014.3,97,0,0,97,3.3,9,10.8,74.0,16.0,58.0,106.6,1396.63,0.05,0.96,28.0,0.101,Napoli,40.8518,14.2681
2026-05-28T21:00,24.1,75,19.4,27.4,0.0,0.0,0.0,0.0,0.0,3,1016.5,1014.3,91,0,13,91,1.7,32,9.0,2.0,0.0,2.0,0.0,0.0,0.01,0.76,26.8,0.101,Napoli,40.8518,14.2681
2026-05-28T22:00,23.4,76,19.0,26.3,0.0,0.0,0.0,0.0,0.0,3,1016.9,1014.7,87,0,5,86,2.7,266,6.1,0.0,0.0,0.0,0.0,0.0,0.0,0.68,25.9,0.101,Napoli,40.8518,14.2681
2026-05-28T23:00,22.2,81,18.7,24.3,0.0,0.0,0.0,0.0,0.0,1,1017.6,1015.4,27,0,19,23,7.2,292,15.1,0.0,0.0,0.0,0.0,0.0,0.01,0.51,25.0,0.101,Napoli,40.8518,14.2681
2026-05-29T00:00,21.3,83,18.3,23.5,0.0,0.0,0.0,0.0,0.0,0,1018.0,1015.8,2,0,1,0,5.3,305,16.2,0.0,0.0,0.0,0.0,0.0,0.0,0.43,24.2,0.1,Napoli,40.8518,14.2681
2026-05-29T01:00,20.7,88,18.7,23.3,0.0,0.0,0.0,0.0,0.0,0,1018.1,1015.9,1,1,0,0,4.0,309,12.2,0.0,0.0,0.0,0.0,0.0,0.0,0.29,23.4,0.1,Napoli,40.8518,14.2681
2026-05-29T02:00,20.8,91,19.3,23.9,0.0,0.0,0.0,0.0,0.0,0,1018.0,1015.8,1,1,0,0,2.4,163,8.6,0.0,0.0,0.0,0.0,0.0,0.0,0.22,23.1,0.1,Napoli,40.8518,14.2681
2026-05-29T03:00,20.4,94,19.3,23.6,0.0,0.0,0.0,0.0,0.0,0,1017.8,1015.6,2,2,0,0,2.2,175,6.1,0.0,0.0,0.0,0.0,0.0,0.0,0.15,22.6,0.1,Napoli,40.8518,14.2681
2026-05-29T04:00,20.2,94,19.2,23.3,0.0,0.0,0.0,0.0,0.0,0,1017.8,1015.6,2,2,0,0,2.6,141,6.5,0.0,0.0,0.0,0.0,0.0,0.0,0.14,22.0,0.1,Napoli,40.8518,14.2681
2026-05-29T05:00,20.0,95,19.1,23.1,0.0,0.0,0.0,0.0,0.0,0,1018.1,1015.8,3,3,0,0,1.5,76,7.6,0.0,0.0,0.0,0.0,0.0,0.0,0.13,21.6,0.1,Napoli,40.8518,14.2681
2026-05-29T06:00,19.8,95,19.0,22.8,0.0,0.0,0.0,0.0,0.0,0,1018.5,1016.2,11,3,2,6,1.9,34,7.2,4.0,0.0,4.0,0.0,0.0,0.0,0.1,21.2,0.1,Napoli,40.8518,14.2681
2026-05-29T07:00,20.9,90,19.2,23.8,0.0,0.0,0.0,0.0,0.0,0,1018.8,1016.6,9,1,2,5,3.9,47,13.0,86.0,39.0,47.0,263.7,3600.0,0.04,0.25,21.5,0.1,Napoli,40.8518,14.2681
2026-05-29T08:00,23.5,73,18.4,25.4,0.0,0.0,0.0,0.0,0.0,0,1019.1,1016.9,10,0,2,9,8.2,41,14.8,249.0,162.0,87.0,489.6,3600.0,0.16,0.79,22.3,0.105,Napoli,40.8518,14.2681
2026-05-29T09:00,25.9,44,12.8,24.6,0.0,0.0,0.0,0.0,0.0,2,1019.4,1017.2,74,0,0,74,14.7,64,37.1,439.0,333.0,106.0,655.8,3600.0,0.36,1.86,23.8,0.104,Napoli,40.8518,14.2681
2026-05-29T10:00,27.2,36,10.9,25.9,0.0,0.0,0.0,0.0,0.0,0,1019.8,1017.6,18,0,0,18,13.2,64,36.4,619.0,493.0,126.0,739.7,3600.0,0.48,2.3,25.6,0.101,Napoli,40.8518,14.2681
2026-05-29T11:00,28.6,32,10.4,28.3,0.0,0.0,0.0,0.0,0.0,0,1019.9,1017.7,15,0,0,15,11.4,69,34.9,774.0,646.0,128.0,811.3,3600.0,0.59,2.64,27.6,0.097,Napoli,40.8518,14.2681
2026-05-29T12:00,29.9,29,9.7,30.3,0.0,0.0,0.0,0.0,0.0,2,1020.0,1017.8,52,0,0,52,9.7,74,32.0,881.0,747.0,134.0,841.1,3600.0,0.67,3.02,29.7,0.094,Napoli,40.8518,14.2681
2026-05-29T13:00,30.9,26,8.9,31.6,0.0,0.0,0.0,0.0,0.0,2,1019.7,1017.5,58,0,0,58,8.1,66,29.5,928.0,770.0,158.0,822.7,3600.0,0.71,3.32,31.7,0.09,Napoli,40.8518,14.2681
2026-05-29T14:00,32.1,21,6.8,31.1,0.0,0.0,0.0,0.0,0.0,3,1019.2,1017.0,85,0,9,84,14.9,56,28.4,931.0,784.0,147.0,837.2,3600.0,0.78,3.78,34.5,0.078,Napoli,40.8518,14.2681
2026-05-29T15:00,32.3,21,7.1,31.0,0.0,0.0,0.0,0.0,0.0,3,1019.0,1016.8,95,0,5,94,12.2,56,39.6,788.0,591.0,197.0,664.3,3600.0,0.67,3.82,35.4,0.077,Napoli,40.8518,14.2681
2026-05-29T16:00,31.5,22,7.5,30.9,0.0,0.0,0.0,0.0,0.0,3,1018.8,1016.6,93,0,9,92,5.6,63,34.2,690.0,464.0,226.0,581.0,3600.0,0.54,3.57,36.2,0.077,Napoli,40.8518,14.2681
2026-05-29T17:00,30.8,24,7.7,29.4,0.0,0.0,0.0,0.0,0.0,3,1018.6,1016.4,99,0,16,99,5.0,358,22.7,506.0,299.0,207.0,446.5,3600.0,0.4,3.38,36.3,0.077,Napoli,40.8518,14.2681
2026-05-29T18:00,30.5,24,7.8,28.4,0.0,0.0,0.0,0.0,0.0,3,1018.4,1016.2,99,0,3,99,10.1,4,27.4,349.0,171.0,178.0,334.3,3600.0,0.35,3.3,35.5,0.076,Napoli,40.8518,14.2681
2026-05-29T19:00,29.7,26,8.1,27.6,0.0,0.0,0.0,0.0,0.0,3,1018.2,1016.0,96,0,5,95,11.3,8,29.5,214.0,81.0,133.0,241.7,3600.0,0.27,3.09,34.2,0.076,Napoli,40.8518,14.2681
2026-05-29T20:00,29.0,26,7.6,26.6,0.0,0.0,0.0,0.0,0.0,3,1018.4,1016.2,83,0,9,80,11.5,40,28.8,71.0,12.0,59.0,78.8,563.34,0.19,2.95,32.7,0.075,Napoli,40.8518,14.2681
2026-05-29T21:00,28.0,27,7.1,25.8,0.0,0.0,0.0,0.0,0.0,2,1018.8,1016.6,66,0,6,65,10.0,54,28.4,4.0,0.0,4.0,0.0,0.0,0.13,2.77,31.1,0.075,Napoli,40.8518,14.2681
2026-05-29T22:00,27.1,27,6.4,24.8,0.0,0.0,0.0,0.0,0.0,2,1019.2,1017.0,79,0,2,78,9.4,61,25.6,0.0,0.0,0.0,0.0,0.0,0.12,2.61,29.8,0.075,Napoli,40.8518,14.2681
2026-05-29T23:00,26.0,28,6.0,23.7,0.0,0.0,0.0,0.0,0.0,2,1019.3,1017.1,62,0,1,62,9.1,68,23.8,0.0,0.0,0.0,0.0,0.0,0.11,2.43,28.6,0.076,Napoli,40.8518,14.2681
2026-05-30T00:00,24.8,30,5.9,22.6,0.0,0.0,0.0,0.0,0.0,2,1019.3,1017.1,59,0,1,59,7.8,67,22.0,0.0,0.0,0.0,0.0,0.0,0.09,2.19,27.4,0.076,Napoli,40.8518,14.2681
2026-05-30T01:00,23.8,31,5.6,21.8,0.0,0.0,0.0,0.0,0.0,0,1019.1,1016.9,3,0,1,2,6.0,51,18.0,0.0,0.0,0.0,0.0,0.0,0.06,2.04,26.3,0.076,Napoli,40.8518,14.2681
2026-05-30T02:00,23.0,36,7.3,20.9,0.0,0.0,0.0,0.0,0.0,0,1018.7,1016.5,4,0,0,4,9.3,65,15.1,0.0,0.0,0.0,0.0,0.0,0.09,1.78,25.6,0.076,Napoli,40.8518,14.2681
2026-05-30T03:00,22.7,35,6.6,20.5,0.0,0.0,0.0,0.0,0.0,0,1018.2,1016.0,1,0,0,1,8.6,53,22.3,0.0,0.0,0.0,0.0,0.0,0.08,1.78,24.8,0.076,Napoli,40.8518,14.2681
2026-05-30T04:00,22.2,36,6.4,20.1,0.0,0.0,0.0,0.0,0.0,0,1018.3,1016.1,3,0,0,3,7.9,35,20.5,0.0,0.0,0.0,0.0,0.0,0.07,1.71,24.0,0.076,Napoli,40.8518,14.2681
2026-05-30T05:00,21.4,37,6.2,19.4,0.0,0.0,0.0,0.0,0.0,0,1018.5,1016.3,0,0,0,0,6.9,31,18.7,0.0,0.0,0.0,0.0,0.0,0.06,1.59,23.3,0.076,Napoli,40.8518,14.2681
2026-05-30T06:00,20.6,40,6.5,18.8,0.0,0.0,0.0,0.0,0.0,0,1018.9,1016.7,0,0,0,0,6.3,31,16.6,4.0,0.0,4.0,0.0,0.0,0.05,1.46,22.6,0.076,Napoli,40.8518,14.2681
2026-05-30T07:00,21.6,39,7.0,19.9,0.0,0.0,0.0,0.0,0.0,0,1019.3,1017.1,0,0,0,0,6.0,44,15.5,91.0,45.0,46.0,301.7,3600.0,0.09,1.57,22.7,0.076,Napoli,40.8518,14.2681
2026-05-30T08:00,24.1,32,6.2,22.2,0.0,0.0,0.0,0.0,0.0,0,1019.2,1017.0,0,0,0,0,6.5,85,15.1,261.0,179.0,82.0,539.2,3600.0,0.2,2.05,23.9,0.076,Napoli,40.8518,14.2681
2026-05-30T09:00,25.7,29,6.3,23.7,0.0,0.0,0.0,0.0,0.0,0,1019.3,1017.1,0,0,0,0,6.7,109,21.6,451.0,348.0,103.0,684.1,3600.0,0.33,2.34,25.8,0.076,Napoli,40.8518,14.2681
2026-05-30T10:00,26.9,28,6.7,25.7,0.0,0.0,0.0,0.0,0.0,0,1019.3,1017.1,0,0,0,0,5.6,147,21.6,632.0,515.0,117.0,771.7,3600.0,0.45,2.56,28.2,0.076,Napoli,40.8518,14.2681
2026-05-30T11:00,27.6,28,7.3,27.5,0.0,0.0,0.0,0.0,0.0,0,1019.1,1016.9,0,0,0,0,5.8,187,20.9,783.0,657.0,126.0,824.4,3600.0,0.56,2.66,30.6,0.076,Napoli,40.8518,14.2681
2026-05-30T12:00,27.9,30,8.9,28.1,0.0,0.0,0.0,0.0,0.0,0,1019.0,1016.8,0,0,0,0,10.2,211,29.9,892.0,760.0,132.0,855.0,3600.0,0.65,2.62,32.8,0.076,Napoli,40.8518,14.2681
2026-05-30T13:00,28.1,30,8.8,28.0,0.0,0.0,0.0,0.0,0.0,0,1018.7,1016.5,0,0,0,0,13.1,216,36.4,951.0,817.0,134.0,872.1,3600.0,0.71,2.66,34.5,0.076,Napoli,40.8518,14.2681
2026-05-30T14:00,28.4,32,10.2,28.7,0.0,0.0,0.0,0.0,0.0,0,1018.0,1015.8,0,0,0,0,13.4,208,38.2,954.0,819.0,135.0,873.7,3600.0,0.71,2.62,35.9,0.081,Napoli,40.8518,14.2681
2026-05-30T15:00,27.8,36,11.2,28.0,0.0,0.0,0.0,0.0,0.0,0,1017.5,1015.3,0,0,0,0,14.1,211,38.9,902.0,772.0,130.0,866.7,3600.0,0.67,2.41,36.1,0.08,Napoli,40.8518,14.2681
2026-05-30T16:00,28.0,32,10.0,27.3,0.0,0.0,0.0,0.0,0.0,0,1017.3,1015.1,2,0,2,0,13.9,228,39.2,785.0,660.0,125.0,825.1,3600.0,0.6,2.55,36.0,0.079,Napoli,40.8518,14.2681
2026-05-30T17:00,28.2,28,7.8,26.4,0.0,0.0,0.0,0.0,0.0,0,1017.1,1014.9,4,0,4,0,11.7,256,37.4,632.0,514.0,118.0,765.8,3600.0,0.5,2.77,35.6,0.078,Napoli,40.8518,14.2681
2026-05-30T18:00,27.5,27,6.8,25.0,0.0,0.0,0.0,0.0,0.0,0,1017.0,1014.8,3,0,3,0,11.6,275,32.8,449.0,344.0,105.0,670.2,3600.0,0.38,2.69,34.7,0.078,Napoli,40.8518,14.2681
2026-05-30T19:00,26.1,32,7.9,24.0,0.0,0.0,0.0,0.0,0.0,0,1016.9,1014.7,1,0,1,0,10.8,285,31.3,264.0,181.0,83.0,537.0,3600.0,0.25,2.32,33.2,0.077,Napoli,40.8518,14.2681
2026-05-30T20:00,25.5,29,6.1,23.5,0.0,0.0,0.0,0.0,0.0,0,1017.0,1014.8,0,0,0,0,6.9,284,27.7,97.0,50.0,47.0,323.7,3600.0,0.12,2.33,31.7,0.068,Napoli,40.8518,14.2681
2026-05-30T21:00,24.6,31,6.2,23.0,0.0,0.0,0.0,0.0,0.0,0,1017.2,1015.0,0,0,0,0,4.5,293,16.2,5.0,1.0,4.0,19.1,0.0,0.05,2.14,29.8,0.068,Napoli,40.8518,14.2681
2026-05-30T22:00,24.1,32,6.5,22.7,0.0,0.0,0.0,0.0,0.0,0,1017.4,1015.2,0,0,0,0,3.0,303,10.4,0.0,0.0,0.0,0.0,0.0,0.02,2.02,28.2,0.068,Napoli,40.8518,14.2681
2026-05-30T23:00,23.7,33,6.6,22.3,0.0,0.0,0.0,0.0,0.0,0,1017.4,1015.2,0,0,0,0,3.0,308,7.6,0.0,0.0,0.0,0.0,0.0,0.02,1.95,26.9,0.068,Napoli,40.8518,14.2681
2026-05-31T00:00,23.2,35,7.1,21.8,0.0,0.0,0.0,0.0,0.0,0,1017.5,1015.3,0,0,0,0,4.1,319,10.4,0.0,0.0,0.0,0.0,0.0,0.03,1.84,25.8,0.068,Napoli,40.8518,14.2681
2026-05-31T01:00,22.5,40,8.3,21.4,0.0,0.0,0.0,0.0,0.0,0,1017.5,1015.3,0,0,0,0,4.1,322,10.8,0.0,0.0,0.0,0.0,0.0,0.03,1.62,24.8,0.068,Napoli,40.8518,14.2681
2026-05-31T02:00,21.3,56,12.2,21.6,0.0,0.0,0.0,0.0,0.0,0,1017.0,1014.8,2,0,0,2,2.3,328,9.4,0.0,0.0,0.0,0.0,0.0,0.0,1.11,23.6,0.076,Napoli,40.8518,14.2681
2026-05-31T03:00,20.8,57,11.9,21.3,0.0,0.0,0.0,0.0,0.0,0,1016.7,1014.5,1,0,0,1,0.6,288,5.4,0.0,0.0,0.0,0.0,0.0,0.0,1.06,22.8,0.076,Napoli,40.8518,14.2681
2026-05-31T04:00,20.4,63,13.1,21.3,0.0,0.0,0.0,0.0,0.0,0,1016.4,1014.2,5,0,0,5,0.2,270,2.2,0.0,0.0,0.0,0.0,0.0,0.0,0.89,22.0,0.076,Napoli,40.8518,14.2681
2026-05-31T05:00,20.0,64,12.9,20.8,0.0,0.0,0.0,0.0,0.0,0,1016.4,1014.2,7,0,0,7,0.8,117,1.8,0.0,0.0,0.0,0.0,0.0,0.0,0.85,21.4,0.076,Napoli,40.8518,14.2681
2026-05-31T06:00,19.9,69,14.0,20.7,0.0,0.0,0.0,0.0,0.0,0,1016.6,1014.4,7,0,0,7,3.0,147,5.0,4.0,0.0,4.0,0.0,0.0,0.01,0.72,20.8,0.076,Napoli,40.8518,14.2681
2026-05-31T07:00,21.4,74,16.7,22.8,0.0,0.0,0.0,0.0,0.0,1,1017.0,1014.8,31,0,0,31,6.1,168,13.3,92.0,45.0,47.0,299.3,3600.0,0.06,0.65,21.2,0.076,Napoli,40.8518,14.2681
2026-05-31T08:00,22.5,71,17.0,24.0,0.0,0.0,0.0,0.0,0.0,0,1017.2,1015.0,4,0,0,4,6.9,173,22.3,258.0,173.0,85.0,519.5,3600.0,0.16,0.79,22.1,0.076,Napoli,40.8518,14.2681
2026-05-31T09:00,23.4,63,16.1,24.0,0.0,0.0,0.0,0.0,0.0,0,1017.3,1015.1,0,0,0,0,10.3,179,27.4,447.0,343.0,104.0,673.1,3600.0,0.29,1.05,24.0,0.076,Napoli,40.8518,14.2681
2026-05-31T10:00,23.8,62,16.1,24.7,0.0,0.0,0.0,0.0,0.0,0,1017.4,1015.2,0,0,0,0,11.0,186,30.6,624.0,506.0,118.0,757.4,3600.0,0.4,1.12,26.1,0.076,Napoli,40.8518,14.2681
2026-05-31T11:00,24.1,64,16.9,26.1,0.0,0.0,0.0,0.0,0.0,0,1017.5,1015.3,5,0,0,5,11.3,188,32.0,772.0,644.0,128.0,807.3,3600.0,0.49,1.08,28.3,0.076,Napoli,40.8518,14.2681
2026-05-31T12:00,24.7,64,17.5,27.5,0.0,0.0,0.0,0.0,0.0,1,1017.6,1015.4,36,0,0,36,11.6,186,33.1,877.0,742.0,135.0,834.1,3600.0,0.56,1.11,30.2,0.076,Napoli,40.8518,14.2681
2026-05-31T13:00,25.3,67,18.6,28.8,0.0,0.0,0.0,0.0,0.0,1,1017.3,1015.1,30,0,4,28,11.9,186,33.8,922.0,777.0,145.0,828.8,3600.0,0.59,1.07,32.0,0.076,Napoli,40.8518,14.2681
2026-05-31T14:00,26.0,64,18.7,29.3,0.0,0.0,0.0,0.0,0.0,2,1016.8,1014.6,70,1,3,69,13.3,182,33.8,933.0,795.0,138.0,847.3,3600.0,0.61,1.19,33.6,0.076,Napoli,40.8518,14.2681
2026-05-31T15:00,25.7,66,18.8,28.7,0.0,0.0,0.0,0.0,0.0,1,1016.8,1014.6,42,6,8,34,12.5,187,37.4,843.0,685.0,158.0,768.2,3600.0,0.55,1.12,34.3,0.076,Napoli,40.8518,14.2681
2026-05-31T16:00,26.0,60,17.6,28.1,0.0,0.0,0.0,0.0,0.0,1,1016.2,1014.0,45,7,4,40,10.9,204,34.9,729.0,558.0,171.0,696.5,3600.0,0.5,1.36,34.5,0.076,Napoli,40.8518,14.2681
2026-05-31T17:00,26.4,50,15.3,26.8,0.0,0.0,0.0,0.0,0.0,2,1016.2,1014.0,56,1,2,55,10.1,243,31.7,574.0,403.0,171.0,599.1,3600.0,0.42,1.71,34.3,0.076,Napoli,40.8518,14.2681
2026-05-31T18:00,25.7,52,15.0,25.8,0.0,0.0,0.0,0.0,0.0,1,1016.0,1013.8,26,0,1,26,10.1,267,29.9,419.0,272.0,147.0,528.2,3600.0,0.31,1.59,33.5,0.076,Napoli,40.8518,14.2681
2026-05-31T19:00,24.6,58,15.7,25.1,0.0,0.0,0.0,0.0,0.0,0,1015.8,1013.6,18,0,0,18,9.4,266,27.7,250.0,154.0,96.0,454.3,3600.0,0.19,1.3,32.2,0.076,Napoli,40.8518,14.2681
2026-05-31T20:00,23.9,61,16.0,24.7,0.0,0.0,0.0,0.0,0.0,0,1015.7,1013.5,4,0,0,4,8.8,271,25.6,93.0,44.0,49.0,281.1,3600.0,0.1,1.15,30.7,0.076,Napoli,40.8518,14.2681
2026-05-31T21:00,23.0,68,16.8,24.5,0.0,0.0,0.0,0.0,0.0,0,1015.9,1013.7,0,0,0,0,5.8,274,20.9,5.0,1.0,4.0,19.1,0.0,0.03,0.89,28.9,0.076,Napoli,40.8518,14.2681
2026-05-31T22:00,22.5,73,17.4,24.6,0.0,0.0,0.0,0.0,0.0,0,1016.5,1014.3,0,0,0,0,3.5,261,14.4,0.0,0.0,0.0,0.0,0.0,0.0,0.74,27.5,0.076,Napoli,40.8518,14.2681
2026-05-31T23:00,22.0,77,17.8,24.3,0.0,0.0,0.0,0.0,0.0,0,1016.6,1014.4,0,0,0,0,3.3,229,9.0,0.0,0.0,0.0,0.0,0.0,0.0,0.61,26.3,0.076,Napoli,40.8518,14.2681
2026-06-01T00:00,21.6,80,18.1,23.9,0.0,0.0,0.0,0.0,0.0,0,1016.6,1014.4,1,0,1,0,4.3,225,10.8,0.0,0.0,0.0,0.0,0.0,0.0,0.5,25.3,0.076,Napoli,40.8518,14.2681
2026-06-01T01:00,21.2,84,18.3,23.7,0.0,0.0,0.0,0.0,0.0,0,1016.4,1014.2,0,0,0,0,3.5,215,10.8,0.0,0.0,0.0,0.0,0.0,0.0,0.41,24.4,0.076,Napoli,40.8518,14.2681
2026-06-01T02:00,20.6,89,18.7,23.2,0.0,0.0,0.0,0.0,0.0,0,1015.7,1013.5,0,0,0,0,4.0,216,9.0,0.0,0.0,0.0,0.0,0.0,0.0,0.28,23.6,0.072,Napoli,40.8518,14.2681
2026-06-01T03:00,20.4,91,18.9,23.0,0.0,0.0,0.0,0.0,0.0,0,1015.4,1013.2,0,0,0,0,4.7,220,10.4,0.0,0.0,0.0,0.0,0.0,0.0,0.21,22.9,0.072,Napoli,40.8518,14.2681
2026-06-01T04:00,20.2,93,19.1,22.9,0.0,0.0,0.0,0.0,0.0,0,1015.4,1013.2,0,0,0,0,5.0,224,12.2,0.0,0.0,0.0,0.0,0.0,0.0,0.16,22.4,0.072,Napoli,40.8518,14.2681
2026-06-01T05:00,19.9,95,19.0,22.7,0.0,0.0,0.0,0.0,0.0,0,1015.4,1013.2,2,2,0,0,3.1,211,11.5,0.0,0.0,0.0,0.0,0.0,0.0,0.13,21.9,0.072,Napoli,40.8518,14.2681
2026-06-01T06:00,19.9,95,19.0,22.8,0.0,0.0,0.0,0.0,0.0,0,1015.6,1013.4,5,5,0,0,2.8,195,7.9,4.0,0.0,4.0,0.0,0.0,0.0,0.13,21.4,0.072,Napoli,40.8518,14.2681
2026-06-01T07:00,21.1,86,18.7,23.7,0.0,0.0,0.0,0.0,0.0,0,1015.8,1013.6,7,7,0,0,4.1,203,11.5,89.0,41.0,48.0,270.7,3600.0,0.05,0.34,21.7,0.073,Napoli,40.8518,14.2681
2026-06-01T08:00,22.4,74,17.6,24.4,0.0,0.0,0.0,0.0,0.0,0,1015.8,1013.6,3,3,0,0,4.4,201,15.1,254.0,166.0,88.0,497.1,3600.0,0.15,0.69,23.0,0.083,Napoli,40.8518,14.2681
2026-06-01T09:00,23.4,69,17.4,24.8,0.0,0.0,0.0,0.0,0.0,0,1015.8,1013.6,11,11,0,0,7.9,201,23.0,442.0,331.0,111.0,648.6,3600.0,0.28,0.89,24.7,0.082,Napoli,40.8518,14.2681
2026-06-01T10:00,23.9,69,17.9,25.5,0.0,0.0,0.0,0.0,0.0,1,1016.0,1013.8,20,20,0,0,10.8,198,30.2,616.0,483.0,133.0,722.2,3600.0,0.39,0.92,26.5,0.082,Napoli,40.8518,14.2681
2026-06-01T11:00,24.4,65,17.4,26.4,0.0,0.0,0.0,0.0,0.0,2,1016.2,1014.0,56,55,0,3,12.2,188,33.1,758.0,608.0,150.0,761.6,3600.0,0.49,1.08,28.3,0.081,Napoli,40.8518,14.2681
2026-06-01T12:00,24.5,67,18.0,27.0,0.0,0.0,0.0,0.0,0.0,2,1016.2,1014.0,59,48,0,19,13.7,182,36.7,852.0,677.0,175.0,760.5,3600.0,0.54,1.02,29.9,0.08,Napoli,40.8518,14.2681
2026-06-01T13:00,24.6,69,18.6,27.6,0.0,0.0,0.0,0.0,0.0,2,1016.3,1014.1,58,52,0,13,14.2,181,38.5,910.0,721.0,189.0,768.4,3600.0,0.56,0.95,31.3,0.08,Napoli,40.8518,14.2681
2026-06-01T14:00,25.0,70,19.1,28.1,0.0,0.0,0.0,0.0,0.0,0,1015.9,1013.7,18,18,0,0,14.8,179,38.5,905.0,729.0,176.0,776.3,3600.0,0.56,0.95,32.4,0.083,Napoli,40.8518,14.2681
2026-06-01T15:00,24.9,70,19.0,27.7,0.0,0.0,0.0,0.0,0.0,0,1015.7,1013.5,13,6,0,6,14.6,184,40.0,846.0,677.0,169.0,758.3,3600.0,0.53,0.94,32.9,0.082,Napoli,40.8518,14.2681
2026-06-01T16:00,25.0,69,19.0,27.5,0.0,0.0,0.0,0.0,0.0,1,1015.4,1013.2,34,25,0,11,13.3,193,39.2,747.0,599.0,148.0,746.6,3600.0,0.48,0.98,33.0,0.081,Napoli,40.8518,14.2681
2026-06-01T17:00,25.1,68,18.7,26.8,0.0,0.0,0.0,0.0,0.0,1,1015.3,1013.1,34,24,0,13,12.0,196,36.4,604.0,460.0,144.0,682.4,3600.0,0.4,1.02,32.9,0.08,Napoli,40.8518,14.2681
2026-06-01T18:00,24.7,70,18.8,26.4,0.0,0.0,0.0,0.0,0.0,1,1015.1,1012.9,20,10,0,10,10.9,197,32.8,430.0,305.0,125.0,590.4,3600.0,0.29,0.95,32.2,0.08,Napoli,40.8518,14.2681
2026-06-01T19:00,24.0,74,19.0,26.0,0.0,0.0,0.0,0.0,0.0,1,1014.9,1012.7,23,3,0,21,9.2,182,29.2,262.0,174.0,88.0,510.6,3600.0,0.17,0.78,31.0,0.079,Napoli,40.8518,14.2681
2026-06-01T20:00,22.9,80,19.3,25.1,0.0,0.0,0.0,0.0,0.0,1,1014.7,1012.5,46,2,0,45,8.9,166,24.5,96.0,47.0,49.0,296.5,3600.0,0.07,0.55,29.4,0.079,Napoli,40.8518,14.2681
2026-06-01T21:00,22.2,82,19.0,24.4,0.0,0.0,0.0,0.0,0.0,2,1014.8,1012.6,53,0,0,53,8.0,171,20.5,5.0,1.0,4.0,19.1,0.0,0.02,0.48,27.8,0.079,Napoli,40.8518,14.2681
2026-06-01T22:00,22.1,82,18.9,24.5,0.0,0.0,0.0,0.0,0.0,2,1015.5,1013.3,77,0,0,77,6.1,175,18.4,0.0,0.0,0.0,0.0,0.0,0.0,0.47,26.5,0.079,Napoli,40.8518,14.2681
2026-06-01T23:00,21.9,84,19.1,24.6,0.0,0.0,0.0,0.0,0.0,1,1015.9,1013.7,25,0,0,25,4.7,182,13.3,0.0,0.0,0.0,0.0,0.0,0.0,0.42,25.4,0.079,Napoli,40.8518,14.2681
2026-06-02T00:00,21.6,87,19.3,24.4,0.0,0.0,0.0,0.0,0.0,0,1016.0,1013.8,13,2,0,10,4.5,157,10.8,0.0,0.0,0.0,0.0,0.0,0.0,0.35,24.6,0.079,Napoli,40.8518,14.2681
2026-06-02T01:00,21.5,88,19.5,24.2,0.0,0.0,0.0,0.0,0.0,1,1015.8,1013.6,28,11,0,20,6.3,165,14.0,0.0,0.0,0.0,0.0,0.0,0.0,0.3,23.9,0.079,Napoli,40.8518,14.2681
2026-06-02T02:00,21.4,86,19.1,24.0,0.0,0.0,0.0,0.0,0.0,2,1015.3,1013.1,72,11,0,68,5.8,164,15.5,0.0,0.0,0.0,0.0,0.0,0.0,0.34,23.5,0.079,Napoli,40.8518,14.2681
2026-06-02T03:00,21.2,87,18.9,23.5,0.0,0.0,0.0,0.0,0.0,2,1015.0,1012.8,64,6,0,62,6.8,155,15.5,0.0,0.0,0.0,0.0,0.0,0.0,0.33,23.0,0.079,Napoli,40.8518,14.2681
2026-06-02T04:00,21.0,88,19.0,23.4,0.0,0.0,0.0,0.0,0.0,2,1015.0,1012.8,50,14,2,41,6.5,146,15.8,0.0,0.0,0.0,0.0,0.0,0.0,0.29,22.7,0.079,Napoli,40.8518,14.2681
2026-06-02T05:00,20.6,90,19.0,22.9,0.0,0.0,0.0,0.0,0.0,1,1014.9,1012.7,38,30,2,11,6.9,139,15.1,0.0,0.0,0.0,0.0,0.0,0.0,0.24,22.3,0.079,Napoli,40.8518,14.2681
2026-06-02T06:00,20.6,90,18.9,22.8,0.0,0.0,0.0,0.0,0.0,1,1015.0,1012.8,48,36,0,19,7.1,133,16.9,4.0,0.0,4.0,0.0,0.0,0.01,0.24,22.1,0.079,Napoli,40.8518,14.2681
2026-06-02T07:00,21.0,86,18.6,23.2,0.0,0.0,0.0,0.0,0.0,1,1015.3,1013.1,40,40,1,0,6.7,124,18.0,81.0,29.0,52.0,190.2,3600.0,0.05,0.34,22.4,0.079,Napoli,40.8518,14.2681
2026-06-02T08:00,22.0,80,18.3,24.0,0.0,0.0,0.0,0.0,0.0,1,1015.2,1013.0,34,16,0,22,6.4,108,19.4,216.0,112.0,104.0,334.6,3600.0,0.13,0.54,23.5,0.079,Napoli,40.8518,14.2681
2026-06-02T09:00,23.5,71,18.0,25.2,0.0,0.0,0.0,0.0,0.0,2,1015.3,1013.1,61,17,1,53,8.5,134,24.8,418.0,289.0,129.0,565.5,3600.0,0.27,0.83,25.1,0.079,Napoli,40.8518,14.2681
2026-06-02T10:00,24.4,67,17.9,25.5,0.0,0.0,0.0,0.0,0.0,2,1015.2,1013.0,77,20,2,71,12.6,160,33.8,572.0,398.0,174.0,594.6,3600.0,0.37,1.0,26.9,0.079,Napoli,40.8518,14.2681
2026-06-02T11:00,24.8,65,17.8,26.1,0.0,0.0,0.0,0.0,0.0,3,1015.6,1013.4,91,10,2,89,15.3,171,40.0,697.0,500.0,197.0,625.9,3600.0,0.45,1.09,28.5,0.079,Napoli,40.8518,14.2681
2026-06-02T12:00,24.8,67,18.2,26.4,0.0,0.0,0.0,0.0,0.0,3,1015.7,1013.5,93,11,18,91,18.3,175,46.4,806.0,595.0,211.0,667.9,3600.0,0.51,1.04,30.0,0.078,Napoli,40.8518,14.2681
2026-06-02T13:00,24.6,68,18.4,26.1,0.0,0.0,0.0,0.0,0.0,2,1015.5,1013.3,78,31,8,66,19.7,166,50.0,813.0,575.0,238.0,612.4,3600.0,0.5,0.98,30.9,0.078,Napoli,40.8518,14.2681
2026-06-02T14:00,25.3,65,18.3,27.2,0.0,0.0,0.0,0.0,0.0,2,1015.1,1012.9,71,3,1,70,18.9,171,54.0,869.0,649.0,220.0,690.5,3600.0,0.55,1.12,32.4,0.078,Napoli,40.8518,14.2681
2026-06-02T15:00,24.8,66,18.0,26.3,0.0,0.0,0.0,0.0,0.0,3,1014.8,1012.6,93,20,3,91,19.5,175,49.7,833.0,623.0,210.0,697.1,3600.0,0.52,1.07,32.8,0.078,Napoli,40.8518,14.2681
2026-06-02T16:00,24.5,68,18.1,25.6,0.0,0.0,0.0,0.0,0.0,3,1014.3,1012.1,100,4,2,100,18.6,177,49.3,716.0,499.0,217.0,621.0,3600.0,0.45,1.0,32.7,0.077,Napoli,40.8518,14.2681
2026-06-02T17:00,23.9,70,18.0,24.2,0.0,0.0,0.0,0.0,0.0,3,1014.0,1011.8,100,2,1,100,18.0,176,47.5,529.0,283.0,246.0,419.0,3600.0,0.34,0.9,32.1,0.077,Napoli,40.8518,14.2681
2026-06-02T18:00,23.4,71,18.0,23.8,0.0,0.0,0.0,0.0,0.0,3,1013.8,1011.6,100,6,0,99,16.7,179,45.4,359.0,136.0,223.0,262.4,3600.0,0.25,0.82,31.1,0.077,Napoli,40.8518,14.2681
2026-06-02T19:00,23.1,71,17.7,23.7,0.0,0.0,0.0,0.0,0.0,3,1013.6,1011.4,100,47,0,100,14.6,180,41.4,198.0,51.0,147.0,148.9,2665.99,0.16,0.81,29.8,0.077,Napoli,40.8518,14.2681
2026-06-02T20:00,22.9,74,18.0,23.9,0.0,0.0,0.0,0.0,0.0,3,1013.2,1011.0,95,8,0,94,13.3,170,35.6,63.0,3.0,60.0,18.7,0.0,0.08,0.73,28.7,0.084,Napoli,40.8518,14.2681
2026-06-02T21:00,22.4,77,18.2,23.7,0.0,0.0,0.0,0.0,0.0,2,1013.0,1010.8,73,4,1,72,11.3,171,31.0,5.0,0.0,5.0,0.0,0.0,0.04,0.63,27.3,0.084,Napoli,40.8518,14.2681
2026-06-02T22:00,22.4,78,18.3,24.0,0.0,0.0,0.0,0.0,0.0,1,1013.5,1011.3,24,14,0,13,9.6,160,25.9,0.0,0.0,0.0,0.0,0.0,0.02,0.6,26.2,0.084,Napoli,40.8518,14.2681
2026-06-02T23:00,22.2,79,18.4,24.0,0.0,0.0,0.0,0.0,0.0,1,1013.7,1011.5,26,25,0,2,8.4,160,22.0,0.0,0.0,0.0,0.0,0.0,0.01,0.57,25.3,0.084,Napoli,40.8518,14.2681
2026-06-03T00:00,22.1,81,18.6,23.9,0.0,0.0,0.0,0.0,0.0,1,1013.4,1011.2,23,19,0,5,8.9,156,20.2,0.0,0.0,0.0,0.0,0.0,0.01,0.51,24.6,0.084,Napoli,40.8518,14.2681
2026-06-03T01:00,21.9,82,18.7,23.8,0.0,0.0,0.0,0.0,0.0,2,1013.1,1010.9,67,31,0,52,9.1,158,20.2,0.0,0.0,0.0,0.0,0.0,0.01,0.47,24.1,0.084,Napoli,40.8518,14.2681
2026-06-03T02:00,22.0,83,18.9,23.8,0.0,0.0,0.0,0.0,0.0,3,1012.2,1010.0,92,61,0,80,10.6,138,23.4,0.0,0.0,0.0,0.0,0.0,0.02,0.46,24.0,0.081,Napoli,40.8518,14.2681
2026-06-03T03:00,22.1,83,19.1,23.8,0.0,0.0,0.0,0.0,0.0,3,1011.5,1009.3,95,19,1,94,11.5,141,27.4,0.0,0.0,0.0,0.0,0.0,0.02,0.44,23.7,0.081,Napoli,40.8518,14.2681
2026-06-03T04:00,21.7,88,19.7,24.1,0.0,0.0,0.0,0.0,0.0,2,1011.3,1009.1,54,16,30,22,9.0,151,27.0,0.0,0.0,0.0,0.0,0.0,0.0,0.31,23.4,0.081,Napoli,40.8518,14.2681
2026-06-03T05:00,21.3,92,20.0,23.7,0.2,0.2,0.0,0.0,0.0,51,1011.0,1008.8,74,15,20,63,10.1,196,20.5,0.0,0.0,0.0,0.0,0.0,0.0,0.19,23.1,0.083,Napoli,40.8518,14.2681
2026-06-03T06:00,21.6,88,19.5,23.3,0.0,0.0,0.0,0.0,0.0,2,1011.1,1008.9,60,10,25,41,12.8,215,28.8,4.0,0.0,4.0,0.0,0.0,0.02,0.32,22.8,0.083,Napoli,40.8518,14.2681
2026-06-03T07:00,22.3,80,18.7,23.7,0.0,0.0,0.0,0.0,0.0,3,1011.3,1009.1,96,25,52,90,11.7,216,28.1,67.0,20.0,47.0,130.4,2111.21,0.07,0.53,23.0,0.083,Napoli,40.8518,14.2681
2026-06-03T08:00,23.6,75,18.9,24.5,0.0,0.0,0.0,0.0,0.0,1,1010.7,1008.5,42,8,36,9,16.6,183,31.0,160.0,36.0,124.0,107.3,1418.91,0.14,0.74,24.0,0.083,Napoli,40.8518,14.2681
2026-06-03T09:00,23.8,73,18.7,24.5,0.1,0.1,0.0,0.0,0.0,51,1010.6,1008.4,49,24,34,2,17.5,175,42.5,375.0,232.0,143.0,453.4,3600.0,0.25,0.8,25.1,0.084,Napoli,40.8518,14.2681
2026-06-03T10:00,22.1,81,18.8,22.8,1.4,1.4,0.0,0.0,0.0,61,1010.7,1008.5,73,36,25,47,17.5,177,43.2,532.0,357.0,175.0,532.9,3600.0,0.3,0.5,26.2,0.1,Napoli,40.8518,14.2681
2026-06-03T11:00,22.7,80,19.1,24.1,1.9,1.9,0.0,0.0,0.0,61,1011.3,1009.1,98,58,27,94,13.8,186,41.8,552.0,290.0,262.0,362.8,3600.0,0.33,0.54,26.4,0.121,Napoli,40.8518,14.2681
2026-06-03T12:00,19.8,90,18.2,20.9,3.7,3.7,0.0,0.0,0.0,63,1011.9,1009.7,100,46,7,99,12.4,197,41.4,327.0,58.0,269.0,65.1,151.97,0.19,0.22,25.3,0.166,Napoli,40.8518,14.2681
2026-06-03T13:00,21.7,81,18.3,23.4,0.2,0.2,0.0,0.0,0.0,51,1010.9,1008.7,14,9,5,0,14.4,176,39.2,705.0,379.0,326.0,403.4,3600.0,0.4,0.49,25.9,0.165,Napoli,40.8518,14.2681
2026-06-03T14:00,26.0,65,18.9,29.0,0.0,0.0,0.0,0.0,0.0,2,1009.8,1007.6,56,23,29,34,9.4,180,47.5,735.0,450.0,285.0,478.4,3600.0,0.5,1.17,27.1,0.107,Napoli,40.8518,14.2681
2026-06-03T15:00,24.8,65,17.8,27.8,0.0,0.0,0.0,0.0,0.0,0,1010.1,1007.9,16,8,4,5,3.1,80,25.2,662.0,445.0,217.0,497.4,3600.0,0.45,1.09,28.5,0.104,Napoli,40.8518,14.2681
2026-06-03T16:00,25.6,52,15.0,26.8,0.0,0.0,0.0,0.0,0.0,0,1009.7,1007.5,13,9,0,4,11.2,242,29.9,753.0,604.0,149.0,750.6,3600.0,0.52,1.58,29.8,0.101,Napoli,40.8518,14.2681
2026-06-03T17:00,24.8,51,13.9,23.9,0.0,0.0,0.0,0.0,0.0,0,1009.5,1007.3,2,0,0,2,17.4,257,43.6,621.0,491.0,130.0,725.5,3600.0,0.44,1.54,29.8,0.099,Napoli,40.8518,14.2681
2026-06-03T18:00,23.8,59,15.4,23.3,0.0,0.0,0.0,0.0,0.0,0,1009.3,1007.1,4,0,0,4,15.5,260,43.2,458.0,349.0,109.0,671.4,3600.0,0.32,1.2,29.2,0.097,Napoli,40.8518,14.2681
2026-06-03T19:00,22.9,65,16.0,23.1,0.0,0.0,0.0,0.0,0.0,2,1009.4,1007.2,51,49,0,4,12.4,270,38.2,268.0,182.0,86.0,528.6,3600.0,0.19,0.97,28.2,0.096,Napoli,40.8518,14.2681
2026-06-03T20:00,22.6,68,16.4,23.2,0.0,0.0,0.0,0.0,0.0,1,1009.7,1007.5,33,30,4,0,11.3,260,31.0,93.0,43.0,50.0,264.8,3600.0,0.09,0.88,26.9,0.063,Napoli,40.8518,14.2681
2026-06-03T21:00,22.3,73,17.2,23.3,0.0,0.0,0.0,0.0,0.0,2,1010.2,1008.0,64,13,2,59,10.3,259,27.0,6.0,1.0,5.0,18.7,0.0,0.04,0.73,25.8,0.064,Napoli,40.8518,14.2681
2026-06-03T22:00,21.9,76,17.4,23.0,0.0,0.0,0.0,0.0,0.0,3,1010.8,1008.6,88,2,1,88,10.2,257,25.2,0.0,0.0,0.0,0.0,0.0,0.03,0.64,24.9,0.064,Napoli,40.8518,14.2681
2026-06-03T23:00,21.4,79,17.6,22.9,0.0,0.0,0.0,0.0,0.0,3,1011.1,1008.9,80,0,1,80,8.1,252,23.0,0.0,0.0,0.0,0.0,0.0,0.01,0.54,24.1,0.064,Napoli,40.8518,14.2681
2026-06-04T00:00,21.1,82,17.9,22.7,0.0,0.0,0.0,0.0,0.0,3,1011.4,1009.2,91,1,3,91,8.5,252,18.7,0.0,0.0,0.0,0.0,0.0,0.01,0.45,23.5,0.064,Napoli,40.8518,14.2681
2026-06-04T01:00,20.0,87,17.8,22.4,0.2,0.2,0.0,0.0,0.0,51,1011.6,1009.4,84,34,16,75,3.2,304,19.1,0.0,0.0,0.0,0.0,0.0,0.0,0.3,22.9,0.067,Napoli,40.8518,14.2681
2026-06-04T02:00,17.7,97,17.2,18.7,0.1,0.1,0.0,0.0,0.0,51,1011.7,1009.4,42,27,21,1,10.4,110,7.9,0.0,0.0,0.0,0.0,0.0,0.0,0.06,22.5,0.062,Napoli,40.8518,14.2681
2026-06-04T03:00,17.6,94,16.7,18.7,0.8,0.8,0.0,0.0,0.0,53,1011.7,1009.4,23,14,10,0,8.0,134,24.5,0.0,0.0,0.0,0.0,0.0,0.0,0.11,21.5,0.073,Napoli,40.8518,14.2681
2026-06-04T04:00,17.8,93,16.6,19.2,0.6,0.6,0.0,0.0,0.0,53,1011.4,1009.1,38,23,20,0,6.2,126,17.6,0.0,0.0,0.0,0.0,0.0,0.0,0.14,20.6,0.08,Napoli,40.8518,14.2681
2026-06-04T05:00,17.9,94,17.0,19.7,0.1,0.1,0.0,0.0,0.0,51,1011.5,1009.2,45,13,5,33,4.2,115,11.5,0.0,0.0,0.0,0.0,0.0,0.0,0.11,20.1,0.082,Napoli,40.8518,14.2681
2026-06-04T06:00,18.0,94,17.1,20.0,0.0,0.0,0.0,0.0,0.0,2,1012.1,1009.8,71,6,1,69,3.1,80,7.9,5.0,0.0,5.0,0.0,0.0,0.0,0.11,19.8,0.082,Napoli,40.8518,14.2681
2026-06-04T07:00,18.7,92,17.3,20.5,0.0,0.0,0.0,0.0,0.0,2,1012.5,1010.3,50,20,1,37,5.6,75,13.3,82.0,27.0,55.0,175.0,3451.19,0.04,0.18,19.9,0.082,Napoli,40.8518,14.2681
2026-06-04T08:00,21.0,80,17.5,22.9,0.0,0.0,0.0,0.0,0.0,2,1012.8,1010.6,72,2,0,71,5.5,144,18.0,241.0,139.0,102.0,413.4,3600.0,0.14,0.49,21.0,0.079,Napoli,40.8518,14.2681
2026-06-04T09:00,22.5,70,16.9,23.9,0.0,0.0,0.0,0.0,0.0,2,1013.1,1010.9,73,9,0,70,6.9,166,21.2,421.0,278.0,143.0,542.7,3600.0,0.26,0.81,22.9,0.079,Napoli,40.8518,14.2681
2026-06-04T10:00,23.4,66,16.8,24.5,0.0,0.0,0.0,0.0,0.0,1,1013.3,1011.1,41,32,6,13,9.6,174,27.0,578.0,396.0,182.0,590.7,3600.0,0.37,0.96,25.0,0.079,Napoli,40.8518,14.2681
2026-06-04T11:00,24.0,64,16.9,25.7,0.1,0.1,0.0,0.0,0.0,51,1013.5,1011.3,52,38,16,10,10.4,178,29.5,697.0,517.0,180.0,646.3,3600.0,0.45,1.06,27.0,0.08,Napoli,40.8518,14.2681
2026-06-04T12:00,24.8,61,16.9,27.2,0.3,0.3,0.0,0.0,0.0,51,1013.7,1011.5,46,27,27,1,10.0,189,29.9,806.0,610.0,196.0,683.9,3600.0,0.53,1.2,28.9,0.083,Napoli,40.8518,14.2681
2026-06-04T13:00,25.5,57,16.4,28.0,0.5,0.5,0.0,0.0,0.0,53,1013.6,1011.4,41,20,30,1,9.8,210,29.9,842.0,629.0,213.0,669.0,3600.0,0.57,1.4,30.4,0.087,Napoli,40.8518,14.2681
2026-06-04T14:00,26.1,56,16.7,28.8,0.3,0.3,0.0,0.0,0.0,51,1013.0,1010.8,49,27,19,21,10.2,214,31.3,863.0,666.0,197.0,707.4,3600.0,0.59,1.48,30.9,0.108,Napoli,40.8518,14.2681
2026-06-04T15:00,26.0,59,17.4,28.7,0.2,0.2,0.0,0.0,0.0,51,1012.9,1010.7,28,16,14,9,10.4,225,29.9,835.0,662.0,173.0,739.2,3600.0,0.56,1.36,31.5,0.106,Napoli,40.8518,14.2681
2026-06-04T16:00,25.8,62,18.0,28.5,0.0,0.0,0.0,0.0,0.0,1,1012.7,1010.5,22,11,5,11,9.8,224,29.9,768.0,630.0,138.0,781.9,3600.0,0.51,1.25,31.7,0.103,Napoli,40.8518,14.2681
2026-06-04T17:00,25.4,63,17.8,27.2,0.0,0.0,0.0,0.0,0.0,1,1012.6,1010.4,27,2,2,25,9.9,213,28.4,627.0,503.0,124.0,741.8,3600.0,0.42,1.2,31.5,0.101,Napoli,40.8518,14.2681
2026-06-04T18:00,24.8,64,17.4,26.0,0.0,0.0,0.0,0.0,0.0,2,1012.1,1009.9,53,0,1,53,9.3,217,27.4,458.0,355.0,103.0,681.0,3600.0,0.31,1.13,30.8,0.098,Napoli,40.8518,14.2681
2026-06-04T19:00,24.0,65,17.1,25.2,0.0,0.0,0.0,0.0,0.0,2,1012.0,1009.8,64,0,0,64,9.0,237,25.2,270.0,182.0,88.0,526.0,3600.0,0.19,1.04,29.6,0.097,Napoli,40.8518,14.2681
2026-06-04T20:00,23.5,67,17.1,24.8,0.0,0.0,0.0,0.0,0.0,2,1012.1,1009.9,61,0,0,61,7.5,226,23.4,100.0,45.0,55.0,274.0,3600.0,0.08,0.94,28.4,0.073,Napoli,40.8518,14.2681
2026-06-04T21:00,22.6,70,16.9,24.1,0.0,0.0,0.0,0.0,0.0,2,1012.4,1010.2,63,0,0,63,5.7,238,17.3,7.0,1.0,6.0,18.4,0.0,0.02,0.81,27.0,0.073,Napoli,40.8518,14.2681
2026-06-04T22:00,21.9,74,17.0,23.9,0.0,0.0,0.0,0.0,0.0,1,1012.8,1010.6,38,0,0,38,3.1,270,12.2,0.0,0.0,0.0,0.0,0.0,0.0,0.69,25.7,0.073,Napoli,40.8518,14.2681
2026-06-04T23:00,21.2,78,17.3,23.5,0.0,0.0,0.0,0.0,0.0,2,1012.8,1010.6,59,0,0,59,1.9,304,7.2,0.0,0.0,0.0,0.0,0.0,0.0,0.54,24.6,0.073,Napoli,40.8518,14.2681
2026-06-05T00:00,20.7,82,17.6,23.2,0.0,0.0,0.0,0.0,0.0,1,1012.7,1010.5,40,0,0,40,1.3,352,4.7,0.0,0.0,0.0,0.0,0.0,0.0,0.44,23.6,0.073,Napoli,40.8518,14.2681
2026-06-05T01:00,20.1,86,17.7,22.5,0.0,0.0,0.0,0.0,0.0,2,1012.5,1010.3,60,0,0,60,2.3,39,4.0,0.0,0.0,0.0,0.0,0.0,0.0,0.33,22.7,0.073,Napoli,40.8518,14.2681
2026-06-05T02:00,19.3,90,17.5,21.5,0.0,0.0,0.0,0.0,0.0,2,1012.1,1009.9,51,0,0,51,2.9,47,5.8,0.0,0.0,0.0,0.0,0.0,0.0,0.23,21.9,0.079,Napoli,40.8518,14.2681
2026-06-05T03:00,18.8,91,17.3,21.3,0.0,0.0,0.0,0.0,0.0,1,1012.2,1010.0,38,0,0,38,0.4,333,6.5,0.0,0.0,0.0,0.0,0.0,0.0,0.19,21.1,0.079,Napoli,40.8518,14.2681
2026-06-05T04:00,18.3,94,17.3,20.4,0.0,0.0,0.0,0.0,0.0,0,1012.3,1010.0,0,0,0,0,2.9,227,6.5,0.0,0.0,0.0,0.0,0.0,0.0,0.13,20.6,0.079,Napoli,40.8518,14.2681
2026-06-05T05:00,18.3,95,17.4,20.2,0.0,0.0,0.0,0.0,0.0,0,1012.4,1010.1,8,8,0,0,4.5,217,10.1,0.0,0.0,0.0,0.0,0.0,0.0,0.11,20.2,0.079,Napoli,40.8518,14.2681
2026-06-05T06:00,18.3,95,17.5,20.3,0.0,0.0,0.0,0.0,0.0,1,1012.7,1010.4,22,22,0,0,4.8,217,10.4,5.0,0.0,5.0,0.0,0.0,0.0,0.11,20.0,0.079,Napoli,40.8518,14.2681
2026-06-05T07:00,19.8,87,17.7,21.9,0.0,0.0,0.0,0.0,0.0,1,1013.1,1010.9,45,45,0,0,4.3,246,11.9,82.0,31.0,51.0,200.0,3600.0,0.04,0.29,20.4,0.079,Napoli,40.8518,14.2681
2026-06-05T08:00,20.9,82,17.6,23.4,0.0,0.0,0.0,0.0,0.0,1,1013.1,1010.9,41,41,0,0,1.3,304,13.0,214.0,106.0,108.0,314.7,3600.0,0.12,0.45,21.6,0.091,Napoli,40.8518,14.2681
2026-06-05T09:00,22.5,72,17.1,24.8,0.0,0.0,0.0,0.0,0.0,0,1013.4,1011.2,18,18,0,0,1.0,248,11.9,396.0,233.0,163.0,454.4,3600.0,0.25,0.77,23.4,0.09,Napoli,40.8518,14.2681
2026-06-05T10:00,23.6,64,16.5,25.5,0.0,0.0,0.0,0.0,0.0,0,1013.6,1011.4,13,13,0,0,5.1,186,18.7,616.0,473.0,143.0,705.1,3600.0,0.4,1.04,25.5,0.089,Napoli,40.8518,14.2681
2026-06-05T11:00,24.1,61,16.0,25.9,0.0,0.0,0.0,0.0,0.0,0,1013.7,1011.5,5,5,0,0,10.3,179,29.2,773.0,634.0,139.0,792.2,3600.0,0.5,1.18,27.5,0.087,Napoli,40.8518,14.2681
2026-06-05T12:00,24.2,58,15.5,25.9,0.0,0.0,0.0,0.0,0.0,0,1014.0,1011.8,2,2,0,0,13.5,185,37.1,887.0,748.0,139.0,838.2,3600.0,0.56,1.26,29.1,0.086,Napoli,40.8518,14.2681
2026-06-05T13:00,24.3,59,15.7,26.2,0.0,0.0,0.0,0.0,0.0,0,1014.1,1011.9,1,1,0,0,14.3,185,38.9,943.0,803.0,140.0,853.6,3600.0,0.6,1.25,30.4,0.084,Napoli,40.8518,14.2681
2026-06-05T14:00,25.2,57,16.0,27.4,0.0,0.0,0.0,0.0,0.0,2,1013.9,1011.7,50,0,0,50,13.5,194,39.2,939.0,802.0,137.0,851.3,3600.0,0.61,1.38,30.6,0.094,Napoli,40.8518,14.2681
2026-06-05T15:00,25.1,62,17.3,27.6,0.0,0.0,0.0,0.0,0.0,2,1013.6,1011.4,70,0,5,69,13.2,197,36.7,875.0,728.0,147.0,812.1,3600.0,0.57,1.21,31.4,0.092,Napoli,40.8518,14.2681
2026-06-05T16:00,25.1,62,17.3,27.1,0.0,0.0,0.0,0.0,0.0,1,1013.7,1011.5,32,1,0,32,11.9,211,36.0,763.0,604.0,159.0,748.6,3600.0,0.5,1.22,31.7,0.09,Napoli,40.8518,14.2681
2026-06-05T17:00,25.1,60,16.9,26.5,0.0,0.0,0.0,0.0,0.0,1,1013.8,1011.6,27,0,0,27,10.1,221,33.5,625.0,505.0,120.0,743.4,3600.0,0.42,1.26,31.6,0.088,Napoli,40.8518,14.2681
2026-06-05T18:00,24.7,58,15.9,25.4,0.0,0.0,0.0,0.0,0.0,2,1013.7,1011.5,52,0,4,51,9.2,247,28.8,445.0,331.0,114.0,633.2,3600.0,0.31,1.3,31.1,0.087,Napoli,40.8518,14.2681
2026-06-05T19:00,24.0,57,15.1,24.6,0.0,0.0,0.0,0.0,0.0,3,1013.7,1011.5,85,0,34,84,7.2,276,26.3,241.0,137.0,104.0,394.1,3600.0,0.18,1.27,30.0,0.086,Napoli,40.8518,14.2681
2026-06-05T20:00,23.7,62,15.9,24.9,0.0,0.0,0.0,0.0,0.0,2,1013.8,1011.6,55,0,29,41,5.9,297,19.8,69.0,24.0,45.0,144.6,2536.95,0.08,1.12,28.7,0.08,Napoli,40.8518,14.2681
2026-06-05T21:00,22.9,67,16.4,24.0,0.0,0.0,0.0,0.0,0.0,0,1014.3,1012.1,1,0,1,0,7.2,305,18.0,6.0,1.0,5.0,18.1,0.0,0.04,0.93,27.3,0.08,Napoli,40.8518,14.2681
2026-06-05T22:00,22.2,73,17.1,23.7,0.0,0.0,0.0,0.0,0.0,0,1015.1,1012.9,0,0,0,0,7.1,313,16.6,0.0,0.0,0.0,0.0,0.0,0.02,0.73,26.1,0.08,Napoli,40.8518,14.2681
2026-06-05T23:00,21.7,76,17.3,23.4,0.0,0.0,0.0,0.0,0.0,0,1015.3,1013.1,0,0,0,0,5.6,312,15.8,0.0,0.0,0.0,0.0,0.0,0.01,0.61,25.1,0.08,Napoli,40.8518,14.2681
2026-06-06T00:00,21.2,78,17.3,23.4,0.0,0.0,0.0,0.0,0.0,0,1015.3,1013.1,8,0,0,8,2.9,317,12.6,0.0,0.0,0.0,0.0,0.0,0.0,0.54,24.1,0.08,Napoli,40.8518,14.2681
2026-06-06T01:00,20.8,81,17.5,23.2,0.0,0.0,0.0,0.0,0.0,0,1015.1,1012.9,10,0,0,10,1.8,360,7.6,0.0,0.0,0.0,0.0,0.0,0.0,0.46,23.3,0.08,Napoli,40.8518,14.2681
2026-06-06T02:00,20.2,83,17.2,22.6,0.0,0.0,0.0,0.0,0.0,0,1014.9,1012.7,3,0,0,3,1.1,288,4.7,0.0,0.0,0.0,0.0,0.0,0.0,0.41,22.5,0.085,Napoli,40.8518,14.2681
2026-06-06T03:00,20.1,82,17.0,22.1,0.0,0.0,0.0,0.0,0.0,0,1015.0,1012.8,0,0,0,0,2.5,266,5.8,0.0,0.0,0.0,0.0,0.0,0.0,0.41,21.8,0.085,Napoli,40.8518,14.2681
2026-06-06T04:00,19.9,84,17.0,21.8,0.0,0.0,0.0,0.0,0.0,1,1015.1,1012.9,34,0,0,34,3.8,281,9.0,0.0,0.0,0.0,0.0,0.0,0.0,0.38,21.3,0.085,Napoli,40.8518,14.2681
2026-06-06T05:00,19.6,87,17.3,21.7,0.0,0.0,0.0,0.0,0.0,0,1015.3,1013.1,7,0,4,2,3.0,303,9.0,0.0,0.0,0.0,0.0,0.0,0.0,0.31,20.8,0.085,Napoli,40.8518,14.2681
2026-06-06T06:00,19.5,89,17.6,21.7,0.0,0.0,0.0,0.0,0.0,2,1015.9,1013.6,77,2,16,71,3.6,300,8.6,5.0,1.0,4.0,19.1,0.0,0.0,0.25,20.5,0.085,Napoli,40.8518,14.2681
2026-06-06T07:00,20.8,86,18.3,23.4,0.0,0.0,0.0,0.0,0.0,2,1016.2,1014.0,77,0,2,76,3.0,295,9.4,90.0,38.0,52.0,244.1,3600.0,0.05,0.35,20.9,0.085,Napoli,40.8518,14.2681
2026-06-06T08:00,22.1,78,18.1,24.7,0.0,0.0,0.0,0.0,0.0,2,1016.2,1014.0,78,0,1,78,1.8,156,10.1,240.0,140.0,100.0,415.0,3600.0,0.14,0.57,22.2,0.102,Napoli,40.8518,14.2681
2026-06-06T09:00,23.3,74,18.5,25.8,0.0,0.0,0.0,0.0,0.0,1,1016.4,1014.2,26,0,0,26,4.0,183,15.1,413.0,269.0,144.0,524.2,3600.0,0.26,0.74,23.8,0.101,Napoli,40.8518,14.2681
2026-06-06T10:00,24.6,69,18.6,27.3,0.0,0.0,0.0,0.0,0.0,0,1016.2,1014.0,11,0,0,11,5.5,191,19.1,612.0,485.0,127.0,722.6,3600.0,0.4,0.94,25.8,0.099,Napoli,40.8518,14.2681
2026-06-06T11:00,25.5,67,18.9,28.9,0.0,0.0,0.0,0.0,0.0,2,1016.2,1014.0,76,0,1,75,7.9,200,24.1,760.0,626.0,134.0,781.8,3600.0,0.5,1.08,27.8,0.096,Napoli,40.8518,14.2681
2026-06-06T12:00,25.8,65,18.7,29.1,0.0,0.0,0.0,0.0,0.0,1,1016.5,1014.3,45,2,0,45,10.9,207,30.6,848.0,665.0,183.0,744.9,3600.0,0.56,1.17,29.5,0.094,Napoli,40.8518,14.2681
2026-06-06T13:00,26.3,60,17.9,29.5,0.0,0.0,0.0,0.0,0.0,0,1016.6,1014.4,9,2,0,8,11.8,205,33.5,921.0,772.0,149.0,820.2,3600.0,0.62,1.37,31.0,0.091,Napoli,40.8518,14.2681
2026-06-06T14:00,27.3,54,17.1,30.1,0.0,0.0,0.0,0.0,0.0,0,1016.7,1014.5,1,0,1,0,11.9,219,34.2,927.0,785.0,142.0,832.6,3600.0,0.64,1.67,32.1,0.09,Napoli,40.8518,14.2681
2026-06-06T15:00,27.5,48,15.5,29.7,0.0,0.0,0.0,0.0,0.0,1,1016.5,1014.3,34,0,0,34,10.4,228,33.5,875.0,741.0,134.0,825.8,3600.0,0.62,1.91,33.1,0.087,Napoli,40.8518,14.2681
2026-06-06T16:00,27.6,43,13.7,28.3,0.0,0.0,0.0,0.0,0.0,1,1016.6,1014.4,38,0,0,38,11.6,246,32.8,772.0,639.0,133.0,791.0,3600.0,0.57,2.11,33.6,0.085,Napoli,40.8518,14.2681
2026-06-06T17:00,26.7,45,13.8,26.1,0.0,0.0,0.0,0.0,0.0,1,1016.7,1014.5,32,0,0,32,14.8,261,38.2,620.0,483.0,137.0,709.7,3600.0,0.47,1.93,33.3,0.084,Napoli,40.8518,14.2681
2026-06-06T18:00,25.6,53,15.3,25.1,0.0,0.0,0.0,0.0,0.0,0,1016.8,1014.6,7,0,0,7,15.4,275,40.0,454.0,346.0,108.0,660.1,3600.0,0.35,1.55,32.4,0.083,Napoli,40.8518,14.2681
2026-06-06T19:00,24.4,61,16.3,24.6,0.0,0.0,0.0,0.0,0.0,0,1016.9,1014.7,2,0,0,2,13.6,290,38.5,272.0,188.0,84.0,538.4,3600.0,0.22,1.2,31.1,0.082,Napoli,40.8518,14.2681
2026-06-06T20:00,23.3,65,16.3,23.5,0.0,0.0,0.0,0.0,0.0,1,1017.3,1015.1,32,0,0,32,13.1,297,33.5,104.0,53.0,51.0,316.0,3600.0,0.11,1.0,29.6,0.087,Napoli,40.8518,14.2681
2026-06-06T21:00,22.2,72,16.9,23.1,0.0,0.0,0.0,0.0,0.0,0,1017.7,1015.5,13,0,0,13,9.9,297,30.2,7.0,1.0,6.0,17.8,0.0,0.04,0.75,27.8,0.087,Napoli,40.8518,14.2681
2026-06-06T22:00,21.8,75,17.1,23.1,0.0,0.0,0.0,0.0,0.0,1,1018.3,1016.1,38,0,0,38,8.0,298,23.0,0.0,0.0,0.0,0.0,0.0,0.02,0.66,26.3,0.086,Napoli,40.8518,14.2681
2026-06-06T23:00,21.5,76,17.0,22.9,0.0,0.0,0.0,0.0,0.0,1,1018.9,1016.7,37,0,0,37,6.8,302,18.0,0.0,0.0,0.0,0.0,0.0,0.01,0.62,25.2,0.086,Napoli,40.8518,14.2681
2026-06-07T00:00,21.0,77,16.7,22.6,0.0,0.0,0.0,0.0,0.0,0,1019.1,1016.9,0,0,0,0,4.7,317,15.5,0.0,0.0,0.0,0.0,0.0,0.0,0.58,24.2,0.086,Napoli,40.8518,14.2681
2026-06-07T01:00,20.3,81,17.0,22.4,0.0,0.0,0.0,0.0,0.0,0,1019.1,1016.8,0,0,0,0,2.7,290,10.8,0.0,0.0,0.0,0.0,0.0,0.0,0.44,23.3,0.086,Napoli,40.8518,14.2681
2026-06-07T02:00,20.4,83,17.5,22.7,0.0,0.0,0.0,0.0,0.0,0,1018.9,1016.7,1,0,0,1,2.6,254,7.2,0.0,0.0,0.0,0.0,0.0,0.0,0.4,22.6,0.082,Napoli,40.8518,14.2681
2026-06-07T03:00,20.3,85,17.6,22.6,0.0,0.0,0.0,0.0,0.0,0,1018.9,1016.6,0,0,0,0,2.9,223,6.5,0.0,0.0,0.0,0.0,0.0,0.0,0.36,21.9,0.082,Napoli,40.8518,14.2681
2026-06-07T04:00,20.0,88,17.9,22.5,0.0,0.0,0.0,0.0,0.0,0,1018.8,1016.5,0,0,0,0,2.7,217,6.5,0.0,0.0,0.0,0.0,0.0,0.0,0.29,21.4,0.082,Napoli,40.8518,14.2681
2026-06-07T05:00,19.8,89,18.0,22.5,0.0,0.0,0.0,0.0,0.0,0,1019.0,1016.7,0,0,0,0,1.0,211,5.4,0.0,0.0,0.0,0.0,0.0,0.0,0.24,20.9,0.082,Napoli,40.8518,14.2681
2026-06-07T06:00,19.5,91,18.0,22.1,0.0,0.0,0.0,0.0,0.0,0,1019.3,1017.0,0,0,0,0,1.5,104,3.2,5.0,1.0,4.0,19.1,0.0,0.0,0.2,20.4,0.082,Napoli,40.8518,14.2681
2026-06-07T07:00,20.8,84,18.0,23.2,0.0,0.0,0.0,0.0,0.0,0,1019.7,1017.5,13,0,0,13,3.2,109,9.4,96.0,47.0,49.0,300.7,3600.0,0.05,0.39,20.9,0.082,Napoli,40.8518,14.2681
2026-06-07T08:00,22.3,75,17.7,24.6,0.0,0.0,0.0,0.0,0.0,0,1019.9,1017.7,5,0,0,5,2.9,101,11.2,264.0,179.0,85.0,529.9,3600.0,0.16,0.67,22.2,0.088,Napoli,40.8518,14.2681
2026-06-07T09:00,23.8,66,17.1,26.0,0.0,0.0,0.0,0.0,0.0,0,1020.1,1017.9,1,0,0,1,2.0,135,13.0,451.0,344.0,107.0,669.9,3600.0,0.28,1.0,24.1,0.087,Napoli,40.8518,14.2681
2026-06-07T10:00,25.2,59,16.6,27.5,0.0,0.0,0.0,0.0,0.0,0,1020.3,1018.1,0,0,0,0,3.8,180,16.6,629.0,509.0,120.0,758.0,3600.0,0.42,1.32,26.4,0.086,Napoli,40.8518,14.2681
2026-06-07T11:00,26.1,58,17.1,28.8,0.0,0.0,0.0,0.0,0.0,0,1020.5,1018.3,0,0,0,0,7.6,188,24.1,778.0,649.0,129.0,810.2,3600.0,0.53,1.42,28.7,0.085,Napoli,40.8518,14.2681
2026-06-07T12:00,26.5,59,17.9,29.8,0.0,0.0,0.0,0.0,0.0,0,1020.7,1018.5,0,0,0,0,10.2,194,29.5,886.0,752.0,134.0,842.0,3600.0,0.6,1.42,30.7,0.083,Napoli,40.8518,14.2681
2026-06-07T13:00,27.1,57,17.9,30.4,0.0,0.0,0.0,0.0,0.0,0,1020.6,1018.4,1,1,0,0,11.4,203,32.4,938.0,804.0,134.0,853.8,3600.0,0.64,1.53,32.3,0.082,Napoli,40.8518,14.2681
2026-06-07T14:00,27.8,53,17.3,30.9,0.0,0.0,0.0,0.0,0.0,0,1020.3,1018.1,5,0,0,5,11.6,208,36.7,939.0,795.0,144.0,842.7,3600.0,0.66,1.75,33.7,0.086,Napoli,40.8518,14.2681
2026-06-07T15:00,27.5,53,16.9,29.9,0.0,0.0,0.0,0.0,0.0,0,1020.0,1017.8,0,0,0,0,12.6,217,34.9,892.0,752.0,140.0,837.4,3600.0,0.62,1.74,34.4,0.084,Napoli,40.8518,14.2681
2026-06-07T16:00,27.2,51,16.1,29.1,0.0,0.0,0.0,0.0,0.0,0,1019.9,1017.7,7,0,0,7,10.5,219,34.9,787.0,657.0,130.0,812.3,3600.0,0.56,1.78,34.6,0.083,Napoli,40.8518,14.2681
2026-06-07T17:00,27.0,49,15.3,28.1,0.0,0.0,0.0,0.0,0.0,0,1020.0,1017.8,16,0,0,16,8.2,241,30.2,642.0,526.0,116.0,771.6,3600.0,0.46,1.82,34.4,0.082,Napoli,40.8518,14.2681
2026-06-07T18:00,26.3,50,15.1,26.6,0.0,0.0,0.0,0.0,0.0,1,1019.9,1017.7,30,0,0,30,9.9,268,27.0,468.0,363.0,105.0,690.8,3600.0,0.34,1.71,33.7,0.081,Napoli,40.8518,14.2681
2026-06-07T19:00,25.1,55,15.4,25.4,0.0,0.0,0.0,0.0,0.0,0,1019.5,1017.3,2,0,0,2,10.3,276,27.4,280.0,195.0,85.0,556.0,3600.0,0.22,1.43,32.3,0.08,Napoli,40.8518,14.2681
2026-06-07T20:00,24.3,58,15.5,24.7,0.0,0.0,0.0,0.0,0.0,3,1019.5,1017.3,98,0,0,98,10.1,286,26.6,108.0,57.0,51.0,336.6,3600.0,0.11,1.28,30.6,0.072,Napoli,40.8518,14.2681
2026-06-07T21:00,23.4,61,15.4,24.1,0.0,0.0,0.0,0.0,0.0,3,1019.5,1017.3,95,0,0,95,7.7,300,23.8,7.0,1.0,6.0,17.6,0.0,0.05,1.12,28.9,0.072,Napoli,40.8518,14.2681
2026-06-07T22:00,22.9,61,15.1,24.0,0.0,0.0,0.0,0.0,0.0,2,1019.8,1017.6,77,0,0,77,3.9,298,17.3,0.0,0.0,0.0,0.0,0.0,0.01,1.08,27.5,0.072,Napoli,40.8518,14.2681
2026-06-07T23:00,22.4,65,15.4,24.0,0.0,0.0,0.0,0.0,0.0,1,1019.9,1017.7,25,0,0,25,1.5,240,9.0,0.0,0.0,0.0,0.0,0.0,0.0,0.95,26.2,0.072,Napoli,40.8518,14.2681
2026-06-08T00:00,21.8,69,15.9,23.5,0.0,0.0,0.0,0.0,0.0,1,1019.9,1017.7,41,0,0,41,2.1,232,4.7,0.0,0.0,0.0,0.0,0.0,0.0,0.81,25.2,0.072,Napoli,40.8518,14.2681
2026-06-08T01:00,21.4,73,16.3,23.4,0.0,0.0,0.0,0.0,0.0,2,1020.0,1017.8,69,0,0,69,1.1,252,4.7,0.0,0.0,0.0,0.0,0.0,0.0,0.7,24.2,0.072,Napoli,40.8518,14.2681
2026-06-08T02:00,20.7,77,16.5,22.7,0.0,0.0,0.0,0.0,0.0,0,1019.7,1017.5,16,0,0,16,1.0,301,2.5,0.0,0.0,0.0,0.0,0.0,0.0,0.56,23.5,0.087,Napoli,40.8518,14.2681
2026-06-08T03:00,20.3,78,16.3,22.4,0.0,0.0,0.0,0.0,0.0,0,1019.6,1017.3,2,0,0,2,0.4,207,2.5,0.0,0.0,0.0,0.0,0.0,0.0,0.53,22.7,0.087,Napoli,40.8518,14.2681
2026-06-08T04:00,20.1,82,16.8,22.0,0.0,0.0,0.0,0.0,0.0,0,1019.4,1017.1,19,0,0,19,2.9,176,6.5,0.0,0.0,0.0,0.0,0.0,0.0,0.43,22.1,0.087,Napoli,40.8518,14.2681
2026-06-08T05:00,20.0,84,17.2,22.3,0.0,0.0,0.0,0.0,0.0,3,1019.2,1016.9,80,0,0,80,2.1,165,6.8,0.0,0.0,0.0,0.0,0.0,0.0,0.38,21.5,0.087,Napoli,40.8518,14.2681
2026-06-08T06:00,20.1,84,17.4,22.5,0.0,0.0,0.0,0.0,0.0,3,1019.3,1017.0,100,0,0,100,1.4,113,4.7,5.0,1.0,4.0,19.1,0.0,0.0,0.37,21.1,0.087,Napoli,40.8518,14.2681
2026-06-08T07:00,21.4,78,17.4,23.6,0.0,0.0,0.0,0.0,0.0,1,1019.3,1017.1,30,0,0,30,3.0,115,7.9,82.0,19.0,63.0,121.2,1835.45,0.05,0.56,21.5,0.087,Napoli,40.8518,14.2681
2026-06-08T08:00,22.8,73,17.7,25.1,0.0,0.0,0.0,0.0,0.0,0,1019.3,1017.1,1,0,0,1,2.9,158,13.3,259.0,169.0,90.0,499.7,3600.0,0.16,0.75,22.8,0.099,Napoli,40.8518,14.2681
2026-06-08T09:00,23.8,70,18.0,26.0,0.0,0.0,0.0,0.0,0.0,0,1019.4,1017.2,0,0,0,0,4.5,180,16.2,450.0,349.0,101.0,679.2,3600.0,0.29,0.89,24.5,0.098,Napoli,40.8518,14.2681
2026-06-08T10:00,24.7,66,18.0,26.9,0.0,0.0,0.0,0.0,0.0,0,1019.5,1017.3,0,0,0,0,7.7,189,23.4,625.0,508.0,117.0,756.2,3600.0,0.41,1.05,26.4,0.096,Napoli,40.8518,14.2681
2026-06-08T11:00,25.4,63,17.9,28.3,0.0,0.0,0.0,0.0,0.0,0,1019.6,1017.4,0,0,0,0,9.0,195,26.6,772.0,644.0,128.0,803.7,3600.0,0.51,1.19,28.2,0.094,Napoli,40.8518,14.2681
2026-06-08T12:00,26.2,58,17.2,29.1,0.0,0.0,0.0,0.0,0.0,0,1019.5,1017.3,2,0,2,0,10.2,198,29.5,878.0,744.0,134.0,832.7,3600.0,0.59,1.44,30.0,0.091,Napoli,40.8518,14.2681
2026-06-08T13:00,26.4,57,17.2,29.3,0.0,0.0,0.0,0.0,0.0,0,1019.1,1016.9,7,0,7,0,11.7,198,32.8,926.0,786.0,140.0,834.3,3600.0,0.63,1.49,31.5,0.089,Napoli,40.8518,14.2681
2026-06-08T14:00,27.7,54,17.6,30.5,0.0,0.0,0.0,0.0,0.0,0,1018.5,1016.3,8,1,6,1,13.1,213,33.5,921.0,774.0,147.0,820.0,3600.0,0.64,1.7,33.2,0.09,Napoli,40.8518,14.2681
2026-06-08T15:00,27.4,56,17.8,30.4,0.0,0.0,0.0,0.0,0.0,0,1018.3,1016.1,12,0,8,5,11.2,208,35.6,870.0,727.0,143.0,808.9,3600.0,0.61,1.62,33.8,0.088,Napoli,40.8518,14.2681
2026-06-08T16:00,27.3,56,17.6,29.8,0.0,0.0,0.0,0.0,0.0,1,1017.9,1015.7,21,0,4,17,9.8,211,31.7,760.0,606.0,154.0,748.4,3600.0,0.53,1.61,34.1,0.086,Napoli,40.8518,14.2681
2026-06-08T17:00,27.1,55,17.3,28.6,0.0,0.0,0.0,0.0,0.0,0,1017.4,1015.2,12,0,3,9,10.1,221,28.8,627.0,498.0,129.0,729.3,3600.0,0.45,1.61,33.9,0.084,Napoli,40.8518,14.2681
2026-06-08T18:00,26.4,54,16.4,27.3,0.0,0.0,0.0,0.0,0.0,0,1017.1,1014.9,9,0,3,5,8.8,250,28.4,448.0,333.0,115.0,632.2,3600.0,0.33,1.58,33.2,0.083,Napoli,40.8518,14.2681
2026-06-08T19:00,25.8,56,16.3,27.1,0.0,0.0,0.0,0.0,0.0,0,1016.9,1014.7,3,0,2,2,6.2,260,24.8,270.0,181.0,89.0,514.0,3600.0,0.2,1.47,32.0,0.083,Napoli,40.8518,14.2681
2026-06-08T20:00,25.0,63,17.4,26.7,0.0,0.0,0.0,0.0,0.0,0,1016.7,1014.5,2,0,2,0,6.1,251,17.6,106.0,56.0,50.0,327.7,3600.0,0.09,1.17,30.6,0.082,Napoli,40.8518,14.2681
2026-06-08T21:00,23.8,71,18.3,26.1,0.0,0.0,0.0,0.0,0.0,0,1016.9,1014.7,2,0,2,0,5.1,231,14.4,8.0,1.0,7.0,17.3,0.0,0.02,0.85,28.9,0.081,Napoli,40.8518,14.2681
2026-06-08T22:00,23.2,76,18.7,25.8,0.0,0.0,0.0,0.0,0.0,0,1017.3,1015.1,1,0,1,0,4.3,228,11.5,0.0,0.0,0.0,0.0,0.0,0.0,0.69,27.5,0.081,Napoli,40.8518,14.2681
2026-06-08T23:00,22.7,80,19.0,25.4,0.0,0.0,0.0,0.0,0.0,0,1017.5,1015.3,1,0,1,0,4.3,222,10.4,0.0,0.0,0.0,0.0,0.0,0.0,0.56,26.4,0.081,Napoli,40.8518,14.2681
2026-06-09T00:00,22.3,84,19.4,25.3,0.0,0.0,0.0,0.0,0.0,0,1017.4,1015.2,1,0,1,0,3.7,209,9.7,0.0,0.0,0.0,0.0,0.0,0.0,0.44,25.4,0.081,Napoli,40.8518,14.2681
2026-06-09T01:00,21.9,88,19.8,25.0,0.0,0.0,0.0,0.0,0.0,0,1017.4,1015.2,1,0,0,0,3.9,202,8.6,0.0,0.0,0.0,0.0,0.0,0.0,0.32,24.6,0.081,Napoli,40.8518,14.2681
2026-06-09T02:00,21.3,89,19.5,24.5,0.0,0.0,0.0,0.0,0.0,0,1016.8,1014.6,0,0,0,0,3.0,232,8.6,0.0,0.0,0.0,0.0,0.0,0.0,0.27,24.1,0.086,Napoli,40.8518,14.2681
2026-06-09T03:00,21.0,91,19.5,24.2,0.0,0.0,0.0,0.0,0.0,0,1016.5,1014.3,1,0,0,1,2.4,222,6.8,0.0,0.0,0.0,0.0,0.0,0.0,0.23,23.4,0.086,Napoli,40.8518,14.2681
2026-06-09T04:00,20.8,92,19.4,24.0,0.0,0.0,0.0,0.0,0.0,0,1016.1,1013.9,0,0,0,0,2.3,209,5.4,0.0,0.0,0.0,0.0,0.0,0.0,0.2,22.8,0.086,Napoli,40.8518,14.2681
2026-06-09T05:00,20.6,92,19.2,23.6,0.0,0.0,0.0,0.0,0.0,0,1016.0,1013.8,0,0,0,0,3.0,213,6.1,0.0,0.0,0.0,0.0,0.0,0.0,0.2,22.2,0.086,Napoli,40.8518,14.2681
2026-06-09T06:00,20.6,91,19.1,23.6,0.0,0.0,0.0,0.0,0.0,0,1016.2,1014.0,0,0,0,0,3.2,223,7.2,5.0,1.0,4.0,19.1,0.0,0.0,0.22,21.8,0.086,Napoli,40.8518,14.2681
2026-06-09T07:00,21.8,84,19.0,24.7,0.0,0.0,0.0,0.0,0.0,0,1016.4,1014.2,0,0,0,0,3.6,225,10.4,96.0,47.0,49.0,298.9,3600.0,0.05,0.41,22.2,0.086,Napoli,40.8518,14.2681
2026-06-09T08:00,22.9,77,18.7,25.6,0.0,0.0,0.0,0.0,0.0,0,1016.4,1014.2,0,0,0,0,3.3,216,14.0,263.0,178.0,85.0,525.9,3600.0,0.16,0.64,23.6,0.096,Napoli,40.8518,14.2681
2026-06-09T09:00,24.0,71,18.4,26.4,0.0,0.0,0.0,0.0,0.0,0,1016.4,1014.2,0,0,0,0,4.7,198,16.9,449.0,341.0,108.0,663.4,3600.0,0.29,0.87,25.2,0.094,Napoli,40.8518,14.2681
2026-06-09T10:00,25.0,67,18.5,27.4,0.0,0.0,0.0,0.0,0.0,0,1016.3,1014.1,0,0,0,0,7.5,195,23.0,628.0,507.0,121.0,754.5,3600.0,0.41,1.04,27.0,0.093,Napoli,40.8518,14.2681
2026-06-09T11:00,25.6,65,18.6,28.7,0.0,0.0,0.0,0.0,0.0,0,1016.2,1014.0,0,0,0,0,9.6,196,28.4,780.0,650.0,130.0,811.0,3600.0,0.52,1.15,28.8,0.091,Napoli,40.8518,14.2681
2026-06-09T12:00,26.1,64,18.6,29.6,0.0,0.0,0.0,0.0,0.0,0,1016.1,1013.9,1,0,0,0,11.1,196,31.7,890.0,758.0,132.0,848.1,3600.0,0.59,1.23,30.5,0.089,Napoli,40.8518,14.2681
2026-06-09T13:00,26.6,60,18.3,30.2,0.0,0.0,0.0,0.0,0.0,0,1015.8,1013.6,2,0,2,0,11.4,201,32.8,944.0,807.0,137.0,856.2,3600.0,0.63,1.38,32.0,0.087,Napoli,40.8518,14.2681
2026-06-09T14:00,27.6,54,17.6,30.7,0.0,0.0,0.0,0.0,0.0,0,1015.3,1013.1,3,1,2,0,12.4,213,34.2,954.0,820.0,134.0,868.2,3600.0,0.66,1.69,33.4,0.085,Napoli,40.8518,14.2681
2026-06-09T15:00,27.8,50,16.3,30.0,0.0,0.0,0.0,0.0,0.0,0,1015.0,1012.8,4,0,4,0,12.7,234,35.6,899.0,767.0,132.0,852.7,3600.0,0.64,1.88,34.2,0.083,Napoli,40.8518,14.2681
2026-06-09T16:00,27.2,48,15.4,28.2,0.0,0.0,0.0,0.0,0.0,0,1015.1,1012.9,5,0,5,0,14.1,263,38.2,786.0,656.0,130.0,809.3,3600.0,0.56,1.86,34.4,0.082,Napoli,40.8518,14.2681
2026-06-09T17:00,26.5,51,15.5,26.9,0.0,0.0,0.0,0.0,0.0,0,1015.1,1012.9,5,0,3,2,13.0,274,38.9,638.0,519.0,119.0,758.9,3600.0,0.46,1.71,34.0,0.081,Napoli,40.8518,14.2681
2026-06-09T18:00,25.8,54,15.9,26.0,0.0,0.0,0.0,0.0,0.0,0,1014.8,1012.6,8,0,3,5,12.1,273,34.9,464.0,358.0,106.0,678.1,3600.0,0.34,1.51,33.2,0.081,Napoli,40.8518,14.2681
2026-06-09T19:00,24.9,60,16.6,25.5,0.0,0.0,0.0,0.0,0.0,0,1014.8,1012.6,11,0,5,6,11.1,277,32.0,276.0,190.0,86.0,537.5,3600.0,0.21,1.25,31.8,0.08,Napoli,40.8518,14.2681
2026-06-09T20:00,24.4,65,17.3,25.4,0.0,0.0,0.0,0.0,0.0,0,1014.7,1012.5,7,0,4,4,10.4,278,28.1,107.0,56.0,51.0,324.9,3600.0,0.11,1.08,30.7,0.08,Napoli,40.8518,14.2681
2026-06-09T21:00,23.5,70,17.7,25.2,0.0,0.0,0.0,0.0,0.0,0,1014.8,1012.6,6,0,3,3,7.2,283,24.1,8.0,2.0,6.0,34.3,0.0,0.03,0.86,28.9,0.08,Napoli,40.8518,14.2681
2026-06-09T22:00,22.9,74,18.0,25.1,0.0,0.0,0.0,0.0,0.0,0,1015.1,1012.9,6,0,2,5,4.6,288,16.9,0.0,0.0,0.0,0.0,0.0,0.01,0.73,27.5,0.08,Napoli,40.8518,14.2681
2026-06-09T23:00,22.4,78,18.3,25.2,0.0,0.0,0.0,0.0,0.0,0,1015.2,1013.0,3,0,2,2,1.9,311,10.1,0.0,0.0,0.0,0.0,0.0,0.0,0.61,26.3,0.08,Napoli,40.8518,14.2681
2026-06-10T00:00,22.1,80,18.4,24.9,0.0,0.0,0.0,0.0,0.0,0,1015.2,1013.0,2,0,2,0,1.5,306,5.4,0.0,0.0,0.0,0.0,0.0,0.0,0.54,25.3,0.08,Napoli,40.8518,14.2681
2026-06-10T01:00,21.7,81,18.3,24.4,0.0,0.0,0.0,0.0,0.0,0,1015.2,1013.0,2,0,2,0,2.1,308,5.0,0.0,0.0,0.0,0.0,0.0,0.0,0.5,24.4,0.08,Napoli,40.8518,14.2681
2026-06-10T02:00,21.2,81,17.7,23.8,0.0,0.0,0.0,0.0,0.0,0,1014.7,1012.5,1,0,1,0,0.9,323,5.0,0.0,0.0,0.0,0.0,0.0,0.0,0.48,23.5,0.08,Napoli,40.8518,14.2681
2026-06-10T03:00,20.9,80,17.4,23.4,0.0,0.0,0.0,0.0,0.0,0,1014.6,1012.4,0,0,0,0,0.5,360,2.5,0.0,0.0,0.0,0.0,0.0,0.0,0.49,22.8,0.08,Napoli,40.8518,14.2681
2026-06-10T04:00,20.6,82,17.3,23.0,0.0,0.0,0.0,0.0,0.0,0,1014.4,1012.2,0,0,0,0,0.7,360,2.5,0.0,0.0,0.0,0.0,0.0,0.0,0.44,22.2,0.08,Napoli,40.8518,14.2681
2026-06-10T05:00,20.1,83,17.2,22.5,0.0,0.0,0.0,0.0,0.0,0,1014.5,1012.3,0,0,0,0,1.1,9,2.9,0.0,0.0,0.0,0.0,0.0,0.0,0.39,21.6,0.08,Napoli,40.8518,14.2681
2026-06-10T06:00,19.8,85,17.3,22.1,0.0,0.0,0.0,0.0,0.0,0,1014.7,1012.5,0,0,0,0,2.2,35,4.7,6.0,1.0,5.0,19.1,0.0,0.0,0.34,21.2,0.08,Napoli,40.8518,14.2681
2026-06-10T07:00,21.4,76,16.9,23.3,0.0,0.0,0.0,0.0,0.0,0,1014.7,1012.5,0,0,0,0,3.6,53,10.1,96.0,47.0,49.0,298.3,3600.0,0.05,0.62,21.7,0.08,Napoli,40.8518,14.2681
2026-06-10T08:00,22.8,69,16.9,24.8,0.0,0.0,0.0,0.0,0.0,0,1014.8,1012.6,0,0,0,0,2.5,90,11.5,264.0,182.0,82.0,537.3,3600.0,0.16,0.86,23.0,0.08,Napoli,40.8518,14.2681
2026-06-10T09:00,24.5,58,15.6,25.8,0.0,0.0,0.0,0.0,0.0,0,1015.0,1012.8,0,0,0,0,3.5,168,15.1,451.0,349.0,102.0,678.7,3600.0,0.29,1.29,25.0,0.08,Napoli,40.8518,14.2681
2026-06-10T10:00,25.8,52,15.2,27.0,0.0,0.0,0.0,0.0,0.0,0,1015.0,1012.8,0,0,0,0,6.2,190,21.2,627.0,511.0,116.0,760.3,3600.0,0.43,1.59,27.3,0.079,Napoli,40.8518,14.2681
2026-06-10T11:00,26.3,55,16.6,28.6,0.0,0.0,0.0,0.0,0.0,0,1015.0,1012.8,1,1,0,0,9.1,195,27.7,774.0,649.0,125.0,809.6,3600.0,0.53,1.54,29.6,0.079,Napoli,40.8518,14.2681
2026-06-10T12:00,26.4,58,17.5,29.2,0.0,0.0,0.0,0.0,0.0,0,1015.0,1012.8,8,0,0,8,11.7,191,33.1,880.0,747.0,133.0,835.6,3600.0,0.59,1.43,31.5,0.078,Napoli,40.8518,14.2681
2026-06-10T13:00,26.5,61,18.2,29.7,0.0,0.0,0.0,0.0,0.0,3,1014.9,1012.7,88,2,0,88,12.6,190,35.6,935.0,797.0,138.0,845.3,3600.0,0.62,1.36,33.1,0.077,Napoli,40.8518,14.2681
2026-06-10T14:00,27.8,54,17.6,30.6,0.0,0.0,0.0,0.0,0.0,3,1014.4,1012.2,82,0,0,82,12.8,196,36.0,914.0,720.0,194.0,761.9,3600.0,0.64,1.72,34.4,0.077,Napoli,40.8518,14.2681
2026-06-10T15:00,27.7,51,16.8,30.0,0.0,0.0,0.0,0.0,0.0,2,1014.3,1012.1,59,0,0,59,12.3,212,36.0,862.0,672.0,190.0,746.6,3600.0,0.61,1.8,35.3,0.077,Napoli,40.8518,14.2681
2026-06-10T16:00,27.8,49,16.2,29.7,0.0,0.0,0.0,0.0,0.0,1,1014.4,1012.2,39,0,0,39,10.3,224,34.9,780.0,640.0,140.0,788.8,3600.0,0.56,1.9,35.7,0.076,Napoli,40.8518,14.2681
2026-06-10T17:00,27.6,48,15.7,28.7,0.0,0.0,0.0,0.0,0.0,0,1013.9,1011.7,10,0,0,10,9.0,210,30.6,638.0,520.0,118.0,759.3,3600.0,0.46,1.9,35.6,0.076,Napoli,40.8518,14.2681
2026-06-10T18:00,27.1,50,15.7,27.8,0.0,0.0,0.0,0.0,0.0,0,1013.6,1011.4,6,0,0,6,8.4,200,27.0,467.0,364.0,103.0,688.0,3600.0,0.34,1.8,34.9,0.076,Napoli,40.8518,14.2681
2026-06-10T19:00,26.2,53,15.9,26.9,0.0,0.0,0.0,0.0,0.0,0,1013.7,1011.5,2,0,0,2,8.9,220,24.5,282.0,199.0,83.0,560.9,3600.0,0.22,1.6,33.6,0.076,Napoli,40.8518,14.2681
2026-06-10T20:00,25.0,57,15.9,25.8,0.0,0.0,0.0,0.0,0.0,0,1014.6,1012.4,5,0,0,4,8.4,250,25.9,110.0,59.0,51.0,339.6,3600.0,0.11,1.37,31.8,0.076,Napoli,40.8518,14.2681
2026-06-10T21:00,24.2,60,15.9,25.4,0.0,0.0,0.0,0.0,0.0,0,1014.7,1012.5,1,0,0,1,4.9,260,21.2,9.0,2.0,7.0,33.9,0.0,0.03,1.21,30.0,0.076,Napoli,40.8518,14.2681
2026-06-10T22:00,23.7,63,16.2,25.3,0.0,0.0,0.0,0.0,0.0,0,1015.0,1012.8,2,0,0,4,3.4,267,13.0,0.0,0.0,0.0,0.0,0.0,0.01,1.09,28.5,0.076,Napoli,40.8518,14.2681
2026-06-10T23:00,23.3,67,16.9,25.5,0.0,0.0,0.0,0.0,0.0,1,1014.9,1012.7,38,0,0,44,1.3,270,9.0,0.0,0.0,0.0,0.0,0.0,0.0,0.93,27.2,0.076,Napoli,40.8518,14.2681
2026-06-11T00:00,22.9,69,16.8,25.1,0.0,0.0,0.0,0.0,0.0,0,1014.9,1012.7,0,0,0,5,1.6,264,6.5,0.0,0.0,0.0,0.0,0.0,0.0,0.88,26.1,0.076,Napoli,40.8518,14.2681
2026-06-11T01:00,22.6,72,17.2,24.6,0.0,0.0,0.0,0.0,0.0,0,1015.0,1012.8,0,0,0,0,3.8,251,9.4,0.0,0.0,0.0,0.0,0.0,0.0,0.77,25.2,0.076,Napoli,40.8518,14.2681
2026-06-11T02:00,21.9,80,18.2,24.5,0.0,0.0,0.0,0.0,0.0,0,1014.5,1012.3,6,0,0,6,2.4,234,9.7,0.0,0.0,0.0,0.0,0.0,0.0,0.54,24.4,0.076,Napoli,40.8518,14.2681
2026-06-11T03:00,21.4,84,18.5,24.2,0.0,0.0,0.0,0.0,0.0,0,1014.1,1011.9,2,0,0,2,2.1,195,6.5,0.0,0.0,0.0,0.0,0.0,0.0,0.42,23.7,0.077,Napoli,40.8518,14.2681
2026-06-11T04:00,21.3,85,18.6,24.2,0.0,0.0,0.0,0.0,0.0,1,1013.8,1011.6,38,0,0,38,2.0,170,5.4,0.0,0.0,0.0,0.0,0.0,0.0,0.39,23.0,0.077,Napoli,40.8518,14.2681
2026-06-11T05:00,21.2,85,18.6,24.2,0.0,0.0,0.0,0.0,0.0,2,1013.9,1011.7,70,0,2,69,1.6,180,5.4,0.0,0.0,0.0,0.0,0.0,0.0,0.37,22.5,0.077,Napoli,40.8518,14.2681
2026-06-11T06:00,21.1,86,18.7,24.0,0.0,0.0,0.0,0.0,0.0,2,1014.1,1011.9,70,0,2,69,2.5,201,5.8,5.0,0.0,5.0,0.0,0.0,0.0,0.35,22.0,0.077,Napoli,40.8518,14.2681
2026-06-11T07:00,22.6,80,18.9,25.3,0.0,0.0,0.0,0.0,0.0,1,1014.5,1012.3,27,0,1,27,3.9,233,10.8,91.0,39.0,52.0,247.1,3600.0,0.05,0.55,22.5,0.077,Napoli,40.8518,14.2681
2026-06-11T08:00,24.1,68,17.9,26.0,0.0,0.0,0.0,0.0,0.0,0,1014.7,1012.5,16,0,5,13,5.8,206,18.7,258.0,172.0,86.0,507.6,3600.0,0.17,0.95,23.8,0.077,Napoli,40.8518,14.2681
2026-06-11T09:00,24.9,65,17.9,26.5,0.0,0.0,0.0,0.0,0.0,0,1014.6,1012.4,15,0,3,13,8.4,199,24.5,438.0,331.0,107.0,643.6,3600.0,0.3,1.1,25.7,0.077,Napoli,40.8518,14.2681
2026-06-11T10:00,25.4,66,18.7,27.4,0.0,0.0,0.0,0.0,0.0,0,1014.9,1012.7,7,0,3,4,10.2,201,29.2,605.0,480.0,125.0,714.1,3600.0,0.4,1.09,27.7,0.077,Napoli,40.8518,14.2681
2026-06-11T11:00,26.1,62,18.3,28.8,0.0,0.0,0.0,0.0,0.0,1,1015.0,1012.8,49,0,0,49,10.6,208,31.7,752.0,616.0,136.0,768.3,3600.0,0.51,1.28,29.7,0.077,Napoli,40.8518,14.2681
2026-06-11T12:00,26.7,57,17.4,29.3,0.0,0.0,0.0,0.0,0.0,0,1015.1,1012.9,10,2,0,8,12.1,224,34.6,849.0,691.0,158.0,772.8,3600.0,0.58,1.52,31.7,0.076,Napoli,40.8518,14.2681
2026-06-11T13:00,27.3,45,14.5,29.1,0.0,0.0,0.0,0.0,0.0,0,1014.7,1012.5,2,0,0,2,12.2,245,36.4,924.0,774.0,150.0,820.6,3600.0,0.65,1.98,33.3,0.076,Napoli,40.8518,14.2681
2026-06-11T14:00,27.7,41,13.2,28.6,0.0,0.0,0.0,0.0,0.0,2,1014.6,1012.4,70,0,28,59,14.1,254,38.5,929.0,794.0,135.0,839.9,3600.0,0.67,2.19,34.4,0.083,Napoli,40.8518,14.2681
2026-06-11T15:00,26.7,44,13.4,26.9,0.0,0.0,0.0,0.0,0.0,3,1014.6,1012.4,99,0,41,98,14.6,268,39.2,796.0,585.0,211.0,649.5,3600.0,0.58,1.96,34.5,0.082,Napoli,40.8518,14.2681
2026-06-11T16:00,25.8,47,13.6,24.8,0.0,0.0,0.0,0.0,0.0,3,1014.7,1012.5,100,0,23,100,16.6,274,42.1,611.0,294.0,317.0,362.0,3600.0,0.47,1.76,33.9,0.081,Napoli,40.8518,14.2681
2026-06-11T17:00,24.5,51,13.7,23.3,0.0,0.0,0.0,0.0,0.0,3,1014.8,1012.6,99,0,12,99,16.2,279,42.8,410.0,120.0,290.0,175.0,3449.55,0.34,1.5,32.7,0.081,Napoli,40.8518,14.2681
2026-06-11T18:00,23.4,54,13.5,22.6,0.0,0.0,0.0,0.0,0.0,3,1014.7,1012.5,95,0,5,95,12.7,288,40.3,252.0,36.0,216.0,67.9,237.06,0.23,1.32,31.2,0.08,Napoli,40.8518,14.2681
2026-06-11T19:00,22.7,57,13.8,22.3,0.0,0.0,0.0,0.0,0.0,0,1014.7,1012.5,0,0,0,0,11.4,299,32.0,204.0,69.0,135.0,193.8,3600.0,0.18,1.18,29.9,0.08,Napoli,40.8518,14.2681
2026-06-11T20:00,22.0,62,14.5,22.1,0.0,0.0,0.0,0.0,0.0,0,1014.7,1012.5,1,0,0,1,9.1,308,29.2,110.0,55.0,55.0,314.2,3600.0,0.1,1.0,28.8,0.07,Napoli,40.8518,14.2681
2026-06-11T21:00,21.2,67,14.8,21.8,0.0,0.0,0.0,0.0,0.0,0,1015.3,1013.1,1,0,0,1,6.7,297,21.6,9.0,2.0,7.0,33.5,0.0,0.03,0.84,27.2,0.071,Napoli,40.8518,14.2681
2026-06-11T22:00,20.8,70,15.1,22.0,0.0,0.0,0.0,0.0,0.0,0,1016.1,1013.9,0,0,0,0,3.4,295,15.8,0.0,0.0,0.0,0.0,0.0,0.0,0.73,25.8,0.071,Napoli,40.8518,14.2681
2026-06-11T23:00,20.4,71,14.9,21.4,0.0,0.0,0.0,0.0,0.0,0,1016.4,1014.2,3,1,0,3,4.0,8,9.7,0.0,0.0,0.0,0.0,0.0,0.0,0.7,24.7,0.071,Napoli,40.8518,14.2681
2026-06-12T00:00,20.0,71,14.7,21.0,0.0,0.0,0.0,0.0,0.0,1,1016.5,1014.3,20,1,0,20,3.8,3,10.8,0.0,0.0,0.0,0.0,0.0,0.0,0.67,23.8,0.071,Napoli,40.8518,14.2681
2026-06-12T01:00,19.7,72,14.6,20.7,0.0,0.0,0.0,0.0,0.0,3,1016.4,1014.2,85,0,1,85,3.5,325,11.2,0.0,0.0,0.0,0.0,0.0,0.0,0.64,23.0,0.071,Napoli,40.8518,14.2681
2026-06-12T02:00,20.0,68,13.9,20.4,0.0,0.0,0.0,0.0,0.0,1,1016.1,1013.9,33,0,0,33,5.6,25,13.0,0.0,0.0,0.0,0.0,0.0,0.01,0.74,22.6,0.082,Napoli,40.8518,14.2681
2026-06-12T03:00,20.3,67,14.0,20.2,0.0,0.0,0.0,0.0,0.0,1,1016.1,1013.9,38,0,0,37,9.7,43,21.6,0.0,0.0,0.0,0.0,0.0,0.04,0.79,22.1,0.082,Napoli,40.8518,14.2681
2026-06-12T04:00,19.7,71,14.2,19.6,0.0,0.0,0.0,0.0,0.0,2,1016.3,1014.1,63,0,0,63,9.8,23,22.0,0.0,0.0,0.0,0.0,0.0,0.03,0.68,21.7,0.082,Napoli,40.8518,14.2681
2026-06-12T05:00,19.5,72,14.3,19.6,0.0,0.0,0.0,0.0,0.0,2,1016.8,1014.5,77,0,0,77,8.7,27,20.9,0.0,0.0,0.0,0.0,0.0,0.02,0.63,21.3,0.082,Napoli,40.8518,14.2681
2026-06-12T06:00,19.7,71,14.4,19.6,0.0,0.0,0.0,0.0,0.0,3,1017.3,1015.0,91,1,0,91,10.3,49,21.6,6.0,0.0,6.0,0.0,0.0,0.04,0.65,21.0,0.082,Napoli,40.8518,14.2681
2026-06-12T07:00,20.9,64,13.8,20.3,0.0,0.0,0.0,0.0,0.0,3,1018.0,1015.8,83,2,0,82,12.4,56,30.6,88.0,29.0,59.0,183.5,3600.0,0.1,0.9,21.3,0.082,Napoli,40.8518,14.2681
2026-06-12T08:00,22.7,56,13.6,22.0,0.0,0.0,0.0,0.0,0.0,3,1018.3,1016.1,95,0,0,95,12.2,63,33.8,241.0,130.0,111.0,383.5,3600.0,0.19,1.2,22.7,0.081,Napoli,40.8518,14.2681
2026-06-12T09:00,24.0,48,12.2,23.0,0.0,0.0,0.0,0.0,0.0,3,1018.6,1016.4,86,0,0,86,11.2,55,30.6,410.0,247.0,163.0,480.2,3600.0,0.31,1.56,24.2,0.081,Napoli,40.8518,14.2681
2026-06-12T10:00,25.7,40,11.0,24.7,0.0,0.0,0.0,0.0,0.0,2,1018.9,1016.7,65,0,0,65,10.9,56,31.0,611.0,454.0,157.0,675.4,3600.0,0.45,1.98,26.3,0.08,Napoli,40.8518,14.2681
2026-06-12T11:00,27.2,30,8.3,26.2,0.0,0.0,0.0,0.0,0.0,3,1019.1,1016.9,81,0,0,81,11.4,52,32.8,763.0,590.0,173.0,735.8,3600.0,0.57,2.51,28.5,0.079,Napoli,40.8518,14.2681
2026-06-12T12:00,28.3,25,6.2,27.6,0.0,0.0,0.0,0.0,0.0,2,1019.0,1016.8,77,0,0,77,10.6,47,33.5,876.0,696.0,180.0,778.2,3600.0,0.66,2.89,30.7,0.079,Napoli,40.8518,14.2681
2026-06-12T13:00,29.2,22,5.3,29.1,0.0,0.0,0.0,0.0,0.0,2,1019.1,1016.9,74,0,0,74,7.9,45,32.0,931.0,738.0,193.0,782.3,3600.0,0.69,3.15,32.8,0.078,Napoli,40.8518,14.2681
2026-06-12T14:00,29.8,21,5.0,29.9,0.0,0.0,0.0,0.0,0.0,2,1018.6,1016.4,65,0,0,65,6.9,41,27.4,926.0,720.0,206.0,761.3,3600.0,0.69,3.33,34.6,0.077,Napoli,40.8518,14.2681
2026-06-12T15:00,30.1,20,4.6,30.0,0.0,0.0,0.0,0.0,0.0,2,1018.2,1016.0,54,0,0,54,6.0,41,24.5,892.0,730.0,162.0,810.0,3600.0,0.66,3.42,36.1,0.077,Napoli,40.8518,14.2681
2026-06-12T16:00,30.1,20,4.7,29.7,0.0,0.0,0.0,0.0,0.0,1,1018.2,1016.0,29,0,1,28,4.3,358,24.5,789.0,647.0,142.0,795.9,3600.0,0.57,3.4,37.0,0.076,Napoli,40.8518,14.2681
2026-06-12T17:00,29.0,24,6.6,27.2,0.0,0.0,0.0,0.0,0.0,2,1018.4,1016.2,70,0,0,70,9.8,301,28.4,644.0,517.0,127.0,752.9,3600.0,0.51,3.02,36.9,0.076,Napoli,40.8518,14.2681
2026-06-12T18:00,27.3,34,10.1,25.5,0.0,0.0,0.0,0.0,0.0,2,1018.5,1016.3,58,0,0,58,12.7,297,34.6,462.0,344.0,118.0,647.6,3600.0,0.39,2.4,35.8,0.076,Napoli,40.8518,14.2681
2026-06-12T19:00,26.0,43,12.4,24.9,0.0,0.0,0.0,0.0,0.0,1,1018.9,1016.7,43,0,0,43,12.1,302,34.2,281.0,191.0,90.0,534.8,3600.0,0.25,1.92,34.1,0.076,Napoli,40.8518,14.2681
2026-06-12T20:00,26.1,25,4.6,23.6,0.0,0.0,0.0,0.0,0.0,0,1019.3,1017.1,15,0,0,15,8.0,16,31.7,112.0,58.0,54.0,329.0,3600.0,0.15,2.53,32.3,0.076,Napoli,40.8518,14.2681
2026-06-12T21:00,25.0,24,3.1,22.5,0.0,0.0,0.0,0.0,0.0,0,1019.6,1017.4,3,0,0,3,6.5,44,19.8,9.0,2.0,7.0,33.2,0.0,0.08,2.4,30.5,0.076,Napoli,40.8518,14.2681
2026-06-12T22:00,24.3,26,3.3,21.5,0.0,0.0,0.0,0.0,0.0,0,1020.4,1018.2,1,0,0,1,8.3,77,18.7,0.0,0.0,0.0,0.0,0.0,0.1,2.26,28.8,0.076,Napoli,40.8518,14.2681
2026-06-12T23:00,23.3,27,3.4,20.4,0.0,0.0,0.0,0.0,0.0,0,1020.7,1018.5,1,0,0,1,9.2,79,23.8,0.0,0.0,0.0,0.0,0.0,0.1,2.08,27.5,0.076,Napoli,40.8518,14.2681
2026-06-13T00:00,22.4,30,4.1,20.0,0.0,0.0,0.0,0.0,0.0,0,1020.7,1018.5,0,0,0,0,6.9,70,20.9,0.0,0.0,0.0,0.0,0.0,0.07,1.89,26.3,0.076,Napoli,40.8518,14.2681
2026-06-13T01:00,21.9,32,4.5,19.6,0.0,0.0,0.0,0.0,0.0,0,1020.5,1018.3,0,0,0,0,6.2,57,15.5,0.0,0.0,0.0,0.0,0.0,0.06,1.78,25.2,0.076,Napoli,40.8518,14.2681
2026-06-13T02:00,21.3,31,3.3,18.4,0.0,0.0,0.0,0.0,0.0,0,1020.0,1017.8,0,0,0,0,8.8,59,15.5,0.0,0.0,0.0,0.0,0.0,0.09,1.75,24.4,0.076,Napoli,40.8518,14.2681
2026-06-13T03:00,20.9,31,3.2,18.1,0.0,0.0,0.0,0.0,0.0,0,1019.8,1017.6,0,0,0,0,8.4,55,20.2,0.0,0.0,0.0,0.0,0.0,0.08,1.71,23.6,0.076,Napoli,40.8518,14.2681
2026-06-13T04:00,20.5,32,3.2,17.8,0.0,0.0,0.0,0.0,0.0,0,1019.7,1017.4,0,0,0,0,7.9,49,19.1,0.0,0.0,0.0,0.0,0.0,0.08,1.65,22.9,0.076,Napoli,40.8518,14.2681
2026-06-13T05:00,20.1,33,3.2,17.4,0.0,0.0,0.0,0.0,0.0,0,1019.8,1017.5,0,0,0,0,7.0,42,17.6,0.0,0.0,0.0,0.0,0.0,0.06,1.58,22.3,0.076,Napoli,40.8518,14.2681
2026-06-13T06:00,19.6,34,3.4,16.9,0.0,0.0,0.0,0.0,0.0,0,1020.1,1017.8,0,0,0,0,7.5,27,16.6,6.0,1.0,5.0,19.1,0.0,0.07,1.49,21.7,0.076,Napoli,40.8518,14.2681
2026-06-13T07:00,20.6,34,4.1,18.2,0.0,0.0,0.0,0.0,0.0,0,1020.3,1018.0,0,0,0,0,6.7,24,16.6,99.0,51.0,48.0,322.7,3600.0,0.1,1.6,21.9,0.076,Napoli,40.8518,14.2681
2026-06-13T08:00,23.3,30,4.6,21.1,0.0,0.0,0.0,0.0,0.0,0,1020.4,1018.2,0,0,0,0,6.1,60,17.6,268.0,187.0,81.0,551.7,3600.0,0.2,2.01,23.2,0.076,Napoli,40.8518,14.2681
2026-06-13T09:00,25.1,28,5.6,23.1,0.0,0.0,0.0,0.0,0.0,0,1020.4,1018.2,0,0,0,0,6.5,77,22.0,454.0,353.0,101.0,686.4,3600.0,0.33,2.28,25.2,0.076,Napoli,40.8518,14.2681
2026-06-13T10:00,26.9,26,6.1,25.8,0.0,0.0,0.0,0.0,0.0,0,1020.5,1018.3,0,0,0,0,4.5,88,22.0,631.0,516.0,115.0,767.7,3600.0,0.44,2.61,27.7,0.076,Napoli,40.8518,14.2681
2026-06-13T11:00,28.2,25,6.1,28.6,0.0,0.0,0.0,0.0,0.0,0,1020.3,1018.1,0,0,0,0,1.2,207,19.8,781.0,656.0,125.0,818.1,3600.0,0.53,2.88,30.5,0.076,Napoli,40.8518,14.2681
2026-06-13T12:00,28.9,25,7.1,29.3,0.0,0.0,0.0,0.0,0.0,0,1020.1,1017.9,0,0,0,0,6.2,234,23.0,888.0,758.0,130.0,847.5,3600.0,0.65,2.98,33.1,0.076,Napoli,40.8518,14.2681
2026-06-13T13:00,29.6,25,7.5,29.6,0.0,0.0,0.0,0.0,0.0,0,1020.0,1017.8,0,0,0,0,10.4,247,31.3,945.0,812.0,133.0,860.5,3600.0,0.72,3.1,35.0,0.076,Napoli,40.8518,14.2681
2026-06-13T14:00,30.4,23,7.1,29.7,0.0,0.0,0.0,0.0,0.0,0,1019.4,1017.2,1,0,1,0,14.3,264,38.2,948.0,814.0,134.0,860.3,3600.0,0.75,3.33,36.4,0.075,Napoli,40.8518,14.2681
2026-06-13T15:00,29.6,24,7.1,28.2,0.0,0.0,0.0,0.0,0.0,0,1019.1,1016.9,2,0,2,0,16.7,271,44.3,892.0,761.0,131.0,843.9,3600.0,0.72,3.14,36.9,0.075,Napoli,40.8518,14.2681
2026-06-13T16:00,29.2,26,7.6,27.5,0.0,0.0,0.0,0.0,0.0,0,1018.7,1016.5,5,0,5,0,15.5,275,43.9,787.0,662.0,125.0,813.7,3600.0,0.64,3.0,36.9,0.075,Napoli,40.8518,14.2681
2026-06-13T17:00,28.1,31,9.6,25.7,0.0,0.0,0.0,0.0,0.0,0,1018.6,1016.4,5,0,3,2,17.4,281,43.9,616.0,487.0,129.0,708.3,3600.0,0.52,2.6,36.3,0.075,Napoli,40.8518,14.2681
2026-06-13T18:00,26.7,39,11.6,24.9,0.0,0.0,0.0,0.0,0.0,0,1018.5,1016.3,2,0,2,0,15.8,277,45.4,454.0,347.0,107.0,652.0,3600.0,0.39,2.14,35.0,0.075,Napoli,40.8518,14.2681
2026-06-13T19:00,25.7,47,13.6,25.2,0.0,0.0,0.0,0.0,0.0,0,1018.9,1016.7,2,0,2,0,11.7,290,39.2,279.0,195.0,84.0,544.3,3600.0,0.24,1.74,33.5,0.075,Napoli,40.8518,14.2681
2026-06-13T20:00,25.4,49,13.8,25.0,0.0,0.0,0.0,0.0,0.0,0,1018.5,1016.3,1,0,1,0,10.9,299,29.5,109.0,57.0,52.0,321.2,3600.0,0.14,1.66,32.3,0.076,Napoli,40.8518,14.2681
2026-06-13T21:00,24.3,56,15.0,25.1,0.0,0.0,0.0,0.0,0.0,0,1018.6,1016.4,0,0,0,0,5.6,295,25.6,10.0,2.0,8.0,32.8,0.0,0.04,1.33,30.4,0.076,Napoli,40.8518,14.2681
2026-06-13T22:00,23.8,62,16.1,25.4,0.0,0.0,0.0,0.0,0.0,0,1019.1,1016.9,0,0,0,0,3.3,292,13.3,0.0,0.0,0.0,0.0,0.0,0.01,1.11,28.8,0.076,Napoli,40.8518,14.2681
2026-06-13T23:00,23.3,68,17.0,25.4,0.0,0.0,0.0,0.0,0.0,0,1019.1,1016.9,0,0,0,0,2.5,274,8.6,0.0,0.0,0.0,0.0,0.0,0.0,0.92,27.5,0.076,Napoli,40.8518,14.2681
2026-06-14T00:00,22.9,72,17.7,25.4,0.0,0.0,0.0,0.0,0.0,0,1019.1,1016.9,0,0,0,0,1.6,270,6.5,0.0,0.0,0.0,0.0,0.0,0.0,0.77,26.4,0.076,Napoli,40.8518,14.2681
2026-06-14T01:00,22.6,75,17.8,25.1,0.0,0.0,0.0,0.0,0.0,0,1018.8,1016.6,0,0,0,0,1.8,204,4.7,0.0,0.0,0.0,0.0,0.0,0.0,0.7,25.4,0.076,Napoli,40.8518,14.2681
2026-06-14T02:00,21.8,78,17.8,24.1,0.0,0.0,0.0,0.0,0.0,0,1018.4,1016.2,0,0,0,0,3.3,216,6.1,0.0,0.0,0.0,0.0,0.0,0.0,0.57,24.1,0.076,Napoli,40.8518,14.2681
2026-06-14T03:00,21.5,82,18.3,24.0,0.0,0.0,0.0,0.0,0.0,0,1018.0,1015.8,0,0,0,0,3.9,214,8.3,0.0,0.0,0.0,0.0,0.0,0.0,0.46,23.4,0.076,Napoli,40.8518,14.2681
2026-06-14T04:00,21.6,84,18.8,23.9,0.0,0.0,0.0,0.0,0.0,0,1017.6,1015.4,0,0,0,0,6.3,198,13.0,0.0,0.0,0.0,0.0,0.0,0.0,0.41,22.9,0.076,Napoli,40.8518,14.2681
2026-06-14T05:00,21.5,84,18.8,23.7,0.0,0.0,0.0,0.0,0.0,0,1017.5,1015.3,0,0,0,0,7.3,191,15.8,0.0,0.0,0.0,0.0,0.0,0.0,0.4,22.6,0.076,Napoli,40.8518,14.2681
2026-06-14T06:00,21.7,81,18.3,23.6,0.0,0.0,0.0,0.0,0.0,0,1017.6,1015.4,0,0,0,0,8.0,185,17.3,6.0,1.0,5.0,19.1,0.0,0.02,0.5,22.3,0.076,Napoli,40.8518,14.2681
2026-06-14T07:00,22.7,75,17.9,24.1,0.0,0.0,0.0,0.0,0.0,0,1017.9,1015.7,0,0,0,0,9.6,184,22.7,98.0,49.0,49.0,310.1,3600.0,0.08,0.7,22.8,0.076,Napoli,40.8518,14.2681
2026-06-14T08:00,23.6,72,18.3,25.0,0.0,0.0,0.0,0.0,0.0,0,1017.9,1015.7,8,0,0,8,11.0,182,28.4,264.0,181.0,83.0,534.2,3600.0,0.18,0.81,23.9,0.076,Napoli,40.8518,14.2681
2026-06-14T09:00,24.2,71,18.5,25.4,0.0,0.0,0.0,0.0,0.0,1,1018.0,1015.8,49,0,0,49,12.6,178,32.8,449.0,344.0,105.0,669.1,3600.0,0.29,0.89,25.5,0.076,Napoli,40.8518,14.2681
2026-06-14T10:00,24.5,70,18.6,26.0,0.0,0.0,0.0,0.0,0.0,1,1017.9,1015.7,42,0,0,42,13.7,178,36.0,619.0,487.0,132.0,724.7,3600.0,0.39,0.92,27.3,0.076,Napoli,40.8518,14.2681
2026-06-14T11:00,24.9,68,18.7,27.0,0.0,0.0,0.0,0.0,0.0,1,1018.0,1015.8,31,0,0,31,14.9,178,39.6,767.0,627.0,140.0,782.0,3600.0,0.48,0.99,29.1,0.076,Napoli,40.8518,14.2681
2026-06-14T12:00,25.3,68,19.0,28.0,0.0,0.0,0.0,0.0,0.0,2,1017.8,1015.6,55,1,0,55,16.1,176,42.5,876.0,727.0,149.0,812.8,3600.0,0.55,1.02,30.8,0.076,Napoli,40.8518,14.2681
2026-06-14T13:00,25.8,66,18.9,28.7,0.0,0.0,0.0,0.0,0.0,2,1017.6,1015.4,77,0,0,77,16.2,179,43.2,931.0,771.0,160.0,816.9,3600.0,0.59,1.14,32.3,0.076,Napoli,40.8518,14.2681
2026-06-14T14:00,26.5,60,18.0,29.2,0.0,0.0,0.0,0.0,0.0,2,1017.2,1015.0,59,0,0,59,14.8,186,43.2,936.0,780.0,156.0,824.1,3600.0,0.62,1.39,33.6,0.076,Napoli,40.8518,14.2681
2026-06-14T15:00,26.4,58,17.6,28.7,0.0,0.0,0.0,0.0,0.0,1,1016.9,1014.7,36,0,0,36,14.7,191,40.7,886.0,735.0,151.0,814.6,3600.0,0.59,1.43,34.4,0.076,Napoli,40.8518,14.2681
2026-06-14T16:00,26.5,56,17.1,28.3,0.0,0.0,0.0,0.0,0.0,2,1016.3,1014.1,52,0,0,52,13.5,194,40.0,788.0,651.0,137.0,799.5,3600.0,0.54,1.51,34.8,0.076,Napoli,40.8518,14.2681
2026-06-14T17:00,26.4,55,16.5,27.3,0.0,0.0,0.0,0.0,0.0,2,1015.7,1013.5,52,0,0,52,12.1,192,37.1,644.0,518.0,126.0,752.5,3600.0,0.45,1.56,34.6,0.076,Napoli,40.8518,14.2681
2026-06-14T18:00,25.7,56,16.4,26.2,0.0,0.0,0.0,0.0,0.0,1,1015.2,1013.0,24,0,0,24,11.6,184,33.5,474.0,363.0,111.0,680.8,3600.0,0.34,1.44,33.9,0.076,Napoli,40.8518,14.2681
2026-06-14T19:00,24.8,61,16.7,25.7,0.0,0.0,0.0,0.0,0.0,0,1014.8,1012.6,11,0,0,11,9.9,185,31.0,290.0,204.0,86.0,567.7,3600.0,0.21,1.24,32.6,0.076,Napoli,40.8518,14.2681
2026-06-14T20:00,24.3,63,16.9,25.5,0.0,0.0,0.0,0.0,0.0,0,1014.5,1012.3,3,0,0,3,8.1,184,25.9,116.0,63.0,53.0,352.7,3600.0,0.1,1.12,31.3,0.076,Napoli,40.8518,14.2681
2026-06-14T21:00,23.8,65,16.9,25.2,0.0,0.0,0.0,0.0,0.0,0,1014.6,1012.4,0,0,0,0,6.5,193,19.4,10.0,2.0,8.0,32.5,0.0,0.03,1.02,29.5,0.076,Napoli,40.8518,14.2681
2026-06-14T22:00,23.4,67,16.9,25.0,0.0,0.0,0.0,0.0,0.0,0,1014.9,1012.7,16,0,0,16,5.5,191,15.5,0.0,0.0,0.0,0.0,0.0,0.02,0.95,28.0,0.076,Napoli,40.8518,14.2681
2026-06-14T23:00,22.9,69,16.9,24.7,0.0,0.0,0.0,0.0,0.0,1,1015.0,1012.8,39,0,0,39,4.4,192,12.6,0.0,0.0,0.0,0.0,0.0,0.01,0.87,26.8,0.076,Napoli,40.8518,14.2681
2026-06-15T00:00,22.5,71,16.9,24.4,0.0,0.0,0.0,0.0,0.0,0,1014.9,1012.7,9,0,0,9,3.6,186,10.1,0.0,0.0,0.0,0.0,0.0,0.0,0.8,25.7,0.076,Napoli,40.8518,14.2681
2026-06-15T01:00,22.1,73,17.0,24.1,0.0,0.0,0.0,0.0,0.0,1,1014.8,1012.6,22,0,0,22,3.5,192,8.6,0.0,0.0,0.0,0.0,0.0,0.0,0.72,24.7,0.076,Napoli,40.8518,14.2681
2026-06-15T02:00,21.7,75,17.1,23.3,0.0,0.0,0.0,0.0,0.0,0,1014.5,1012.3,7,0,0,7,5.5,193,10.1,0.0,0.0,0.0,0.0,0.0,0.01,0.64,23.4,0.076,Napoli,40.8518,14.2681
2026-06-15T03:00,21.4,77,17.3,23.2,0.0,0.0,0.0,0.0,0.0,0,1014.2,1012.0,9,0,0,9,5.6,201,13.0,0.0,0.0,0.0,0.0,0.0,0.01,0.58,22.9,0.076,Napoli,40.8518,14.2681
2026-06-15T04:00,20.9,81,17.5,23.1,0.0,0.0,0.0,0.0,0.0,1,1013.4,1011.2,25,1,0,24,3.5,168,12.2,0.0,0.0,0.0,0.0,0.0,0.0,0.47,22.4,0.076,Napoli,40.8518,14.2681
2026-06-15T05:00,20.6,83,17.7,23.0,0.0,0.0,0.0,0.0,0.0,1,1013.3,1011.1,28,5,0,23,2.7,152,7.6,0.0,0.0,0.0,0.0,0.0,0.0,0.4,21.8,0.076,Napoli,40.8518,14.2681
2026-06-15T06:00,20.6,85,17.9,23.0,0.0,0.0,0.0,0.0,0.0,0,1013.4,1011.2,10,9,0,1,2.8,140,5.8,6.0,1.0,5.0,19.1,0.0,0.0,0.37,21.4,0.076,Napoli,40.8518,14.2681
2026-06-15T07:00,22.2,78,18.2,24.4,0.0,0.0,0.0,0.0,0.0,3,1013.7,1011.5,91,16,0,90,4.8,160,11.5,97.0,48.0,49.0,304.0,3600.0,0.06,0.58,21.9,0.076,Napoli,40.8518,14.2681
2026-06-15T08:00,23.4,72,18.0,25.3,0.0,0.0,0.0,0.0,0.0,3,1013.7,1011.5,98,22,0,97,6.8,168,21.6,229.0,110.0,119.0,324.8,3600.0,0.15,0.81,22.8,0.076,Napoli,40.8518,14.2681
2026-06-15T09:00,24.1,69,18.0,25.6,0.0,0.0,0.0,0.0,0.0,3,1013.6,1011.4,82,12,0,80,9.4,167,25.9,388.0,203.0,185.0,395.0,3600.0,0.26,0.94,24.6,0.076,Napoli,40.8518,14.2681
2026-06-15T10:00,24.7,67,18.2,26.2,0.0,0.0,0.0,0.0,0.0,2,1013.5,1011.3,74,5,0,73,11.5,171,31.7,588.0,405.0,183.0,602.8,3600.0,0.39,1.02,26.6,0.076,Napoli,40.8518,14.2681
2026-06-15T11:00,25.2,64,17.8,27.1,0.0,0.0,0.0,0.0,0.0,3,1013.7,1011.5,96,1,0,96,13.3,182,36.4,750.0,570.0,180.0,711.1,3600.0,0.49,1.16,28.7,0.076,Napoli,40.8518,14.2681
2026-06-15T12:00,25.3,65,18.3,27.7,0.0,0.0,0.0,0.0,0.0,3,1013.9,1011.7,98,0,79,95,14.8,181,40.0,833.0,596.0,237.0,666.3,3600.0,0.54,1.12,30.4,0.076,Napoli,40.8518,14.2681
2026-06-15T13:00,25.1,71,19.4,27.5,0.0,0.0,0.0,0.0,0.0,3,1014.0,1011.8,100,1,33,100,14.4,181,40.0,740.0,365.0,375.0,386.7,3600.0,0.48,0.93,31.4,0.076,Napoli,40.8518,14.2681
2026-06-15T14:00,25.5,67,18.9,27.7,0.0,0.0,0.0,0.0,0.0,3,1013.9,1011.7,100,4,34,99,11.5,180,38.9,659.0,280.0,379.0,295.7,3600.0,0.45,1.07,32.4,0.076,Napoli,40.8518,14.2681
2026-06-15T15:00,25.2,70,19.4,26.9,0.0,0.0,0.0,0.0,0.0,3,1014.0,1011.8,100,15,100,98,12.1,181,34.2,537.0,173.0,364.0,191.6,3600.0,0.37,0.95,32.6,0.076,Napoli,40.8518,14.2681
2026-06-15T16:00,24.6,73,19.5,26.5,0.0,0.0,0.0,0.0,0.0,3,1014.1,1011.9,100,22,96,100,11.4,195,33.1,290.0,20.0,270.0,24.5,0.0,0.22,0.82,31.7,0.076,Napoli,40.8518,14.2681
2026-06-15T17:00,25.0,70,19.1,27.2,0.0,0.0,0.0,0.0,0.0,3,1014.0,1011.8,100,1,80,99,8.3,185,30.2,262.0,33.0,229.0,47.9,0.0,0.21,0.96,31.2,0.076,Napoli,40.8518,14.2681
2026-06-15T18:00,24.8,71,19.2,27.0,0.0,0.0,0.0,0.0,0.0,3,1013.9,1011.7,100,13,87,100,8.4,190,23.8,199.0,23.0,176.0,43.1,0.0,0.17,0.91,30.5,0.076,Napoli,40.8518,14.2681
2026-06-15T19:00,24.1,76,19.5,26.6,0.0,0.0,0.0,0.0,0.0,3,1013.4,1011.2,100,6,16,100,7.4,177,23.4,76.0,0.0,76.0,0.0,0.0,0.09,0.73,29.4,0.076,Napoli,40.8518,14.2681
2026-06-15T20:00,24.1,74,19.2,27.1,0.0,0.0,0.0,0.0,0.0,3,1013.0,1010.8,97,0,63,91,2.9,86,19.4,67.0,4.0,63.0,22.3,0.0,0.05,0.78,28.7,0.076,Napoli,40.8518,14.2681
2026-06-15T21:00,23.6,75,19.0,26.4,0.0,0.0,0.0,0.0,0.0,2,1013.2,1011.0,62,0,14,55,4.2,227,9.4,8.0,1.0,7.0,16.1,0.0,0.02,0.72,27.5,0.076,Napoli,40.8518,14.2681
2026-06-15T22:00,23.2,78,19.2,26.3,0.0,0.0,0.0,0.0,0.0,0,1013.7,1011.5,9,0,7,2,2.6,236,11.5,0.0,0.0,0.0,0.0,0.0,0.0,0.62,26.5,0.076,Napoli,40.8518,14.2681
2026-06-15T23:00,22.6,80,19.0,25.5,0.0,0.0,0.0,0.0,0.0,2,1014.1,1011.9,57,0,34,49,3.2,317,7.2,0.0,0.0,0.0,0.0,0.0,0.0,0.55,25.5,0.076,Napoli,40.8518,14.2681
2026-06-16T00:00,22.4,79,18.5,25.0,0.0,0.0,0.0,0.0,0.0,3,1014.6,1012.4,98,0,90,98,3.6,300,10.1,0.0,0.0,0.0,0.0,0.0,0.0,0.58,24.9,0.076,Napoli,40.8518,14.2681
2026-06-16T01:00,22.3,78,18.3,24.9,0.0,0.0,0.0,0.0,0.0,3,1014.6,1012.4,100,0,84,100,2.5,274,8.3,0.0,0.0,0.0,0.0,0.0,0.0,0.59,24.4,0.076,Napoli,40.8518,14.2681
2026-06-16T02:00,22.5,83,19.5,25.4,0.0,0.0,0.0,0.0,0.0,3,1014.6,1012.4,95,10,93,77,4.4,282,6.5,0.0,0.0,0.0,0.0,0.0,0.0,0.45,24.1,0.079,Napoli,40.8518,14.2681
2026-06-16T03:00,21.8,85,19.2,24.9,0.0,0.0,0.0,0.0,0.0,3,1014.6,1012.4,80,1,30,77,2.4,318,10.1,0.0,0.0,0.0,0.0,0.0,0.0,0.39,23.6,0.079,Napoli,40.8518,14.2681
2026-06-16T04:00,21.1,89,19.2,24.1,0.0,0.0,0.0,0.0,0.0,3,1014.7,1012.5,94,0,0,94,3.0,346,6.8,0.0,0.0,0.0,0.0,0.0,0.0,0.28,22.9,0.079,Napoli,40.8518,14.2681
2026-06-16T05:00,20.8,90,19.0,23.5,0.0,0.0,0.0,0.0,0.0,2,1014.8,1012.6,74,0,0,74,4.0,5,9.0,0.0,0.0,0.0,0.0,0.0,0.0,0.25,22.4,0.079,Napoli,40.8518,14.2681
2026-06-16T06:00,20.7,90,19.0,23.5,0.0,0.0,0.0,0.0,0.0,0,1015.0,1012.8,4,0,0,4,3.2,34,9.0,6.0,0.0,6.0,0.0,0.0,0.0,0.24,22.0,0.079,Napoli,40.8518,14.2681
2026-06-16T07:00,22.2,83,19.1,25.1,0.0,0.0,0.0,0.0,0.0,0,1015.3,1013.1,3,0,0,3,3.7,55,10.1,96.0,48.0,48.0,304.4,3600.0,0.05,0.47,22.4,0.079,Napoli,40.8518,14.2681
2026-06-16T08:00,24.4,70,18.5,27.1,0.0,0.0,0.0,0.0,0.0,0,1015.3,1013.1,0,0,0,0,2.7,113,12.6,263.0,181.0,82.0,534.9,3600.0,0.16,0.92,23.6,0.084,Napoli,40.8518,14.2681
2026-06-16T09:00,25.6,61,17.6,27.9,0.0,0.0,0.0,0.0,0.0,0,1015.7,1013.5,0,0,0,0,2.7,148,14.0,448.0,345.0,103.0,671.7,3600.0,0.29,1.28,25.6,0.083,Napoli,40.8518,14.2681
2026-06-16T10:00,26.7,57,17.5,29.2,0.0,0.0,0.0,0.0,0.0,0,1015.9,1013.7,0,0,0,0,4.0,177,16.9,623.0,506.0,117.0,753.4,3600.0,0.43,1.49,27.9,0.082,Napoli,40.8518,14.2681
2026-06-16T11:00,27.5,56,17.9,30.7,0.0,0.0,0.0,0.0,0.0,0,1016.1,1013.9,2,0,0,2,6.6,193,22.3,769.0,642.0,127.0,801.0,3600.0,0.54,1.62,30.1,0.081,Napoli,40.8518,14.2681
2026-06-16T12:00,28.1,55,18.3,31.5,0.0,0.0,0.0,0.0,0.0,0,1016.4,1014.2,5,0,4,2,10.2,203,29.5,876.0,743.0,133.0,830.7,3600.0,0.62,1.7,32.2,0.08,Napoli,40.8518,14.2681
2026-06-16T13:00,28.5,54,18.4,32.0,0.0,0.0,0.0,0.0,0.0,0,1016.4,1014.2,9,0,9,0,11.2,217,32.4,920.0,770.0,150.0,815.6,3600.0,0.65,1.77,33.8,0.079,Napoli,40.8518,14.2681
2026-06-16T14:00,28.9,55,19.1,32.4,0.0,0.0,0.0,0.0,0.0,1,1016.2,1014.0,27,2,20,8,13.1,223,33.5,915.0,768.0,147.0,810.9,3600.0,0.66,1.77,35.2,0.09,Napoli,40.8518,14.2681
2026-06-16T15:00,28.6,56,19.0,31.9,0.0,0.0,0.0,0.0,0.0,1,1016.0,1013.8,44,0,4,42,11.2,237,35.3,826.0,668.0,158.0,739.6,3600.0,0.6,1.72,35.4,0.087,Napoli,40.8518,14.2681
2026-06-16T16:00,28.3,56,18.7,30.4,0.0,0.0,0.0,0.0,0.0,1,1016.4,1014.2,28,0,2,27,12.2,262,34.6,686.0,503.0,183.0,616.8,3600.0,0.51,1.69,35.3,0.085,Napoli,40.8518,14.2681
2026-06-16T17:00,27.7,59,19.0,29.6,0.0,0.0,0.0,0.0,0.0,1,1016.4,1014.2,43,0,2,42,12.3,282,33.8,605.0,460.0,145.0,666.7,3600.0,0.44,1.52,34.9,0.084,Napoli,40.8518,14.2681
2026-06-16T18:00,27.1,62,19.2,28.9,0.0,0.0,0.0,0.0,0.0,1,1016.4,1014.2,48,0,2,48,11.3,288,33.8,452.0,325.0,127.0,607.4,3600.0,0.33,1.35,34.0,0.083,Napoli,40.8518,14.2681
2026-06-16T19:00,26.2,67,19.6,28.5,0.0,0.0,0.0,0.0,0.0,3,1016.7,1014.5,86,0,2,86,9.5,289,30.2,249.0,144.0,105.0,398.5,3600.0,0.19,1.12,32.7,0.083,Napoli,40.8518,14.2681
2026-06-16T20:00,25.8,69,19.6,28.4,0.0,0.0,0.0,0.0,0.0,3,1017.0,1014.8,87,0,14,84,6.9,287,24.5,90.0,26.0,64.0,143.8,2515.13,0.09,1.04,31.0,0.091,Napoli,40.8518,14.2681
2026-06-16T21:00,24.6,77,20.3,27.6,0.0,0.0,0.0,0.0,0.0,1,1017.2,1015.0,46,0,1,46,6.7,297,16.2,9.0,1.0,8.0,16.0,0.0,0.03,0.7,29.4,0.09,Napoli,40.8518,14.2681
2026-06-16T22:00,23.8,82,20.6,27.2,0.0,0.0,0.0,0.0,0.0,1,1017.7,1015.5,27,0,1,27,5.0,305,15.1,0.0,0.0,0.0,0.0,0.0,0.0,0.52,28.0,0.09,Napoli,40.8518,14.2681
2026-06-16T23:00,23.3,86,20.7,26.9,0.0,0.0,0.0,0.0,0.0,2,1018.0,1015.8,56,0,0,56,4.1,311,11.2,0.0,0.0,0.0,0.0,0.0,0.0,0.41,26.9,0.09,Napoli,40.8518,14.2681
2026-06-17T00:00,22.9,88,20.8,26.8,0.0,0.0,0.0,0.0,0.0,0,1018.3,1016.1,0,0,0,0,2.7,318,8.6,0.0,0.0,0.0,0.0,0.0,0.0,0.34,25.9,0.09,Napoli,40.8518,14.2681
2026-06-17T01:00,22.5,89,20.7,26.0,0.0,0.0,0.0,0.0,0.0,0,1018.4,1016.2,8,0,0,8,4.5,313,9.7,0.0,0.0,0.0,0.0,0.0,0.0,0.29,25.1,0.09,Napoli,40.8518,14.2681
2026-06-17T02:00,22.0,90,20.3,25.2,0.0,0.0,0.0,0.0,0.0,0,1018.1,1015.9,8,0,0,8,5.4,310,11.2,0.0,0.0,0.0,0.0,0.0,0.0,0.26,24.7,0.08,Napoli,40.8518,14.2681
2026-06-17T03:00,21.7,92,20.3,25.3,0.0,0.0,0.0,0.0,0.0,1,1018.0,1015.8,49,0,0,49,2.8,310,11.5,0.0,0.0,0.0,0.0,0.0,0.0,0.21,24.0,0.08,Napoli,40.8518,14.2681
2026-06-17T04:00,21.4,94,20.3,25.1,0.0,0.0,0.0,0.0,0.0,1,1018.0,1015.8,41,1,0,41,1.7,328,6.8,0.0,0.0,0.0,0.0,0.0,0.0,0.16,23.5,0.08,Napoli,40.8518,14.2681
2026-06-17T05:00,21.1,95,20.2,24.9,0.0,0.0,0.0,0.0,0.0,0,1018.0,1015.8,7,2,0,5,0.8,333,4.3,0.0,0.0,0.0,0.0,0.0,0.0,0.13,22.9,0.081,Napoli,40.8518,14.2681
2026-06-17T06:00,20.7,98,20.3,24.3,0.0,0.0,0.0,0.0,0.0,0,1018.3,1016.1,18,18,0,0,2.2,351,5.4,5.0,1.0,4.0,19.1,0.0,0.0,0.06,22.5,0.081,Napoli,40.8518,14.2681
2026-06-17T07:00,21.7,91,20.3,25.5,0.0,0.0,0.0,0.0,0.0,0,1018.6,1016.4,2,2,0,0,1.3,326,7.9,92.0,43.0,49.0,273.3,3600.0,0.04,0.22,22.9,0.081,Napoli,40.8518,14.2681
2026-06-17T08:00,23.8,75,19.0,26.8,0.0,0.0,0.0,0.0,0.0,0,1018.8,1016.6,0,0,0,0,2.0,350,10.8,251.0,162.0,89.0,479.3,3600.0,0.15,0.74,23.7,0.086,Napoli,40.8518,14.2681
2026-06-17T09:00,26.2,61,18.0,28.8,0.0,0.0,0.0,0.0,0.0,0,1018.8,1016.6,0,0,0,0,1.5,324,12.2,437.0,329.0,108.0,641.0,3600.0,0.29,1.33,25.7,0.085,Napoli,40.8518,14.2681
2026-06-17T10:00,28.2,51,17.2,30.7,0.0,0.0,0.0,0.0,0.0,0,1018.9,1016.7,0,0,0,0,2.6,258,15.1,610.0,486.0,124.0,724.0,3600.0,0.43,1.86,28.1,0.084,Napoli,40.8518,14.2681
2026-06-17T11:00,29.2,49,17.3,32.2,0.0,0.0,0.0,0.0,0.0,0,1018.8,1016.6,13,1,2,11,5.6,239,20.2,749.0,602.0,147.0,751.3,3600.0,0.55,2.07,30.6,0.083,Napoli,40.8518,14.2681
2026-06-17T12:00,29.6,51,18.4,32.9,0.0,0.0,0.0,0.0,0.0,0,1018.9,1016.7,10,2,5,5,9.5,241,28.1,839.0,666.0,173.0,744.7,3600.0,0.62,2.02,32.7,0.081,Napoli,40.8518,14.2681
2026-06-17T13:00,29.6,51,18.6,32.9,0.0,0.0,0.0,0.0,0.0,2,1018.9,1016.7,52,0,15,46,11.4,257,33.5,865.0,684.0,181.0,724.5,3600.0,0.64,2.01,34.2,0.08,Napoli,40.8518,14.2681
2026-06-17T14:00,30.5,45,17.4,32.8,0.2,0.2,0.0,0.0,0.0,51,1018.8,1016.6,62,0,32,45,11.7,266,33.8,795.0,576.0,219.0,608.0,3600.0,0.62,2.39,35.1,0.083,Napoli,40.8518,14.2681
2026-06-17T15:00,30.4,45,17.2,32.5,0.1,0.1,0.0,0.0,0.0,51,1018.7,1016.5,41,0,12,34,11.7,269,32.4,779.0,595.0,184.0,658.4,3600.0,0.61,2.37,35.7,0.082,Napoli,40.8518,14.2681
2026-06-17T16:00,29.0,56,19.3,30.8,0.1,0.1,0.0,0.0,0.0,51,1018.8,1016.6,55,0,2,54,14.9,278,39.2,642.0,421.0,221.0,515.8,3600.0,0.49,1.76,35.6,0.081,Napoli,40.8518,14.2681
2026-06-17T17:00,28.9,53,18.3,30.1,0.0,0.0,0.0,0.0,0.0,1,1018.9,1016.7,27,0,2,26,12.8,290,38.9,563.0,381.0,182.0,551.6,3600.0,0.44,1.87,35.1,0.081,Napoli,40.8518,14.2681
2026-06-17T18:00,28.3,53,17.8,29.3,0.0,0.0,0.0,0.0,0.0,0,1018.5,1016.3,7,0,5,2,11.7,293,33.8,439.0,313.0,126.0,584.0,3600.0,0.35,1.8,34.5,0.08,Napoli,40.8518,14.2681
2026-06-17T19:00,27.6,55,17.8,29.1,0.0,0.0,0.0,0.0,0.0,0,1018.6,1016.4,5,0,2,4,8.7,284,30.2,276.0,187.0,89.0,516.1,3600.0,0.22,1.65,33.4,0.08,Napoli,40.8518,14.2681
2026-06-17T20:00,26.8,57,17.7,28.5,0.0,0.0,0.0,0.0,0.0,0,1018.5,1016.3,5,0,5,1,7.2,276,23.0,113.0,60.0,53.0,330.2,3600.0,0.11,1.5,31.5,0.079,Napoli,40.8518,14.2681
2026-06-17T21:00,25.5,69,19.5,28.1,0.0,0.0,0.0,0.0,0.0,0,1018.4,1016.2,1,0,0,1,6.7,275,17.3,10.0,2.0,8.0,31.7,0.0,0.04,1.0,30.0,0.079,Napoli,40.8518,14.2681
2026-06-17T22:00,24.8,77,20.4,27.8,0.0,0.0,0.0,0.0,0.0,0,1019.0,1016.8,3,0,1,2,7.0,288,15.1,0.0,0.0,0.0,0.0,0.0,0.01,0.72,28.7,0.079,Napoli,40.8518,14.2681
2026-06-17T23:00,24.2,79,20.4,27.5,0.0,0.0,0.0,0.0,0.0,0,1019.1,1016.9,3,0,0,2,4.9,287,15.5,0.0,0.0,0.0,0.0,0.0,0.0,0.63,27.6,0.079,Napoli,40.8518,14.2681
2026-06-18T00:00,23.6,83,20.6,27.5,0.0,0.0,0.0,0.0,0.0,0,1019.4,1017.2,2,0,0,2,2.1,322,10.4,0.0,0.0,0.0,0.0,0.0,0.0,0.49,26.6,0.079,Napoli,40.8518,14.2681
2026-06-18T01:00,23.4,85,20.6,27.2,0.0,0.0,0.0,0.0,0.0,0,1019.4,1017.2,0,0,0,0,2.2,305,5.4,0.0,0.0,0.0,0.0,0.0,0.0,0.44,25.7,0.079,Napoli,40.8518,14.2681
2026-06-18T02:00,22.8,86,20.4,26.7,0.0,0.0,0.0,0.0,0.0,0,1019.3,1017.1,2,0,2,0,1.3,34,5.4,0.0,0.0,0.0,0.0,0.0,0.0,0.39,24.5,0.08,Napoli,40.8518,14.2681
2026-06-18T03:00,22.6,84,19.8,25.9,0.0,0.0,0.0,0.0,0.0,0,1019.1,1016.9,3,0,3,0,2.7,82,6.5,0.0,0.0,0.0,0.0,0.0,0.0,0.42,23.9,0.08,Napoli,40.8518,14.2681
2026-06-18T04:00,22.2,83,19.3,25.3,0.0,0.0,0.0,0.0,0.0,0,1019.1,1016.9,3,0,3,0,2.6,78,6.8,0.0,0.0,0.0,0.0,0.0,0.0,0.44,23.3,0.08,Napoli,40.8518,14.2681
2026-06-18T05:00,21.6,84,18.8,24.5,0.0,0.0,0.0,0.0,0.0,0,1019.1,1016.9,0,0,0,0,2.6,51,6.5,0.0,0.0,0.0,0.0,0.0,0.0,0.41,22.8,0.08,Napoli,40.8518,14.2681
2026-06-18T06:00,21.2,84,18.4,23.9,0.0,0.0,0.0,0.0,0.0,0,1019.2,1017.0,0,0,0,0,2.6,34,6.5,6.0,1.0,5.0,19.1,0.0,0.0,0.41,22.3,0.08,Napoli,40.8518,14.2681
2026-06-18T07:00,22.5,75,17.8,24.9,0.0,0.0,0.0,0.0,0.0,0,1019.4,1017.2,0,0,0,0,2.4,42,8.3,96.0,49.0,47.0,312.2,3600.0,0.05,0.68,22.6,0.08,Napoli,40.8518,14.2681
2026-06-18T08:00,24.3,65,17.3,26.7,0.0,0.0,0.0,0.0,0.0,0,1019.8,1017.6,0,0,0,0,0.6,56,9.7,263.0,182.0,81.0,539.2,3600.0,0.15,1.06,23.5,0.08,Napoli,40.8518,14.2681
2026-06-18T09:00,26.9,55,17.2,29.4,0.0,0.0,0.0,0.0,0.0,0,1019.9,1017.7,0,0,0,0,0.7,180,10.8,448.0,348.0,100.0,678.6,3600.0,0.29,1.58,25.8,0.08,Napoli,40.8518,14.2681
2026-06-18T10:00,28.8,48,16.7,31.3,0.0,0.0,0.0,0.0,0.0,0,1020.0,1017.8,0,0,0,0,2.1,200,14.0,623.0,509.0,114.0,758.7,3600.0,0.44,2.05,28.5,0.079,Napoli,40.8518,14.2681
2026-06-18T11:00,30.0,43,16.1,33.0,0.0,0.0,0.0,0.0,0.0,0,1019.9,1017.7,0,0,0,0,3.6,210,17.3,770.0,647.0,123.0,807.8,3600.0,0.56,2.42,31.2,0.078,Napoli,40.8518,14.2681
2026-06-18T12:00,30.9,41,16.3,34.3,0.0,0.0,0.0,0.0,0.0,0,1019.6,1017.4,3,1,2,0,5.8,216,21.6,878.0,749.0,129.0,837.7,3600.0,0.66,2.61,33.8,0.077,Napoli,40.8518,14.2681
2026-06-18T13:00,31.7,41,16.9,34.8,0.0,0.0,0.0,0.0,0.0,0,1019.3,1017.1,1,0,1,0,9.6,237,29.2,917.0,779.0,138.0,825.1,3600.0,0.71,2.76,35.8,0.077,Napoli,40.8518,14.2681
2026-06-18T14:00,32.5,37,15.8,34.5,0.0,0.0,0.0,0.0,0.0,0,1018.8,1016.6,13,0,12,0,13.2,242,34.6,913.0,773.0,140.0,815.8,3600.0,0.74,3.1,37.5,0.076,Napoli,40.8518,14.2681
2026-06-18T15:00,32.6,31,13.5,33.2,0.0,0.0,0.0,0.0,0.0,1,1018.4,1016.2,28,0,20,10,11.8,244,36.4,777.0,602.0,175.0,665.9,3600.0,0.65,3.36,38.1,0.076,Napoli,40.8518,14.2681
2026-06-18T16:00,32.6,29,12.5,32.8,0.0,0.0,0.0,0.0,0.0,1,1018.1,1015.9,22,0,17,6,10.9,254,33.8,726.0,569.0,157.0,696.7,3600.0,0.61,3.47,38.5,0.077,Napoli,40.8518,14.2681
2026-06-18T17:00,32.0,32,13.2,31.5,0.0,0.0,0.0,0.0,0.0,0,1018.0,1015.8,9,0,5,4,11.4,277,32.4,582.0,443.0,139.0,640.7,3600.0,0.51,3.24,38.3,0.077,Napoli,40.8518,14.2681
2026-06-18T18:00,30.3,40,15.1,30.0,0.0,0.0,0.0,0.0,0.0,0,1018.1,1015.9,5,0,4,2,13.5,289,34.9,453.0,342.0,111.0,637.2,3600.0,0.41,2.6,37.4,0.077,Napoli,40.8518,14.2681
2026-06-18T19:00,28.7,48,16.6,29.0,0.0,0.0,0.0,0.0,0.0,0,1017.8,1015.6,4,0,0,4,13.6,290,36.0,278.0,193.0,85.0,531.4,3600.0,0.27,2.05,35.8,0.076,Napoli,40.8518,14.2681
2026-06-18T20:00,28.0,48,16.0,28.5,0.0,0.0,0.0,0.0,0.0,0,1017.6,1015.4,1,0,0,1,10.3,292,33.1,116.0,63.0,53.0,344.9,3600.0,0.15,1.96,34.5,0.076,Napoli,40.8518,14.2681
2026-06-18T21:00,27.0,53,16.5,28.2,0.0,0.0,0.0,0.0,0.0,0,1017.9,1015.7,1,0,1,0,7.0,305,23.0,11.0,2.0,9.0,31.5,0.0,0.06,1.69,32.5,0.076,Napoli,40.8518,14.2681
2026-06-18T22:00,26.4,56,17.0,28.3,0.0,0.0,0.0,0.0,0.0,0,1018.3,1016.1,1,0,0,0,3.8,319,15.5,0.0,0.0,0.0,0.0,0.0,0.02,1.5,30.9,0.076,Napoli,40.8518,14.2681
2026-06-18T23:00,26.0,60,17.6,28.4,0.0,0.0,0.0,0.0,0.0,0,1018.4,1016.2,1,0,0,1,2.4,312,9.7,0.0,0.0,0.0,0.0,0.0,0.0,1.36,29.5,0.076,Napoli,40.8518,14.2681
2026-06-19T00:00,25.8,62,17.8,28.2,0.0,0.0,0.0,0.0,0.0,0,1018.3,1016.1,0,0,0,0,2.7,332,8.3,0.0,0.0,0.0,0.0,0.0,0.0,1.27,28.3,0.076,Napoli,40.8518,14.2681
2026-06-19T01:00,25.5,61,17.4,27.6,0.0,0.0,0.0,0.0,0.0,0,1018.1,1015.9,7,0,0,7,3.6,9,10.4,0.0,0.0,0.0,0.0,0.0,0.01,1.27,27.3,0.076,Napoli,40.8518,14.2681
2026-06-19T02:00,24.2,68,18.0,26.7,0.0,0.0,0.0,0.0,0.0,0,1017.8,1015.6,0,0,0,0,2.5,30,11.9,0.0,0.0,0.0,0.0,0.0,0.0,0.96,26.3,0.076,Napoli,40.8518,14.2681
2026-06-19T03:00,23.8,64,16.6,25.7,0.0,0.0,0.0,0.0,0.0,0,1017.4,1015.2,0,0,0,0,3.1,40,9.4,0.0,0.0,0.0,0.0,0.0,0.0,1.06,25.5,0.076,Napoli,40.8518,14.2681
2026-06-19T04:00,23.1,63,15.6,24.4,0.0,0.0,0.0,0.0,0.0,0,1017.3,1015.1,0,0,0,0,3.5,35,9.7,0.0,0.0,0.0,0.0,0.0,0.01,1.05,24.9,0.076,Napoli,40.8518,14.2681
2026-06-19T05:00,22.5,63,15.1,23.8,0.0,0.0,0.0,0.0,0.0,0,1017.5,1015.3,13,0,0,13,2.6,34,9.7,0.0,0.0,0.0,0.0,0.0,0.0,1.01,24.2,0.076,Napoli,40.8518,14.2681
2026-06-19T06:00,22.6,65,15.7,24.4,0.0,0.0,0.0,0.0,0.0,1,1018.0,1015.8,38,0,0,38,0.7,76,7.2,5.0,1.0,4.0,19.1,0.0,0.0,0.96,23.7,0.076,Napoli,40.8518,14.2681
2026-06-19T07:00,24.2,59,15.7,25.6,0.0,0.0,0.0,0.0,0.0,1,1018.3,1016.1,31,0,0,31,3.7,191,8.3,94.0,45.0,49.0,287.6,3600.0,0.07,1.24,24.0,0.076,Napoli,40.8518,14.2681
2026-06-19T08:00,25.8,63,18.2,28.2,0.0,0.0,0.0,0.0,0.0,0,1018.7,1016.5,16,0,0,16,3.9,204,15.1,251.0,159.0,92.0,471.8,3600.0,0.17,1.22,25.2,0.076,Napoli,40.8518,14.2681
2026-06-19T09:00,27.5,61,19.2,30.2,0.0,0.0,0.0,0.0,0.0,0,1018.9,1016.7,5,0,0,5,4.8,209,16.9,440.0,337.0,103.0,657.8,3600.0,0.31,1.44,27.3,0.076,Napoli,40.8518,14.2681
2026-06-19T10:00,28.8,56,19.0,31.6,0.0,0.0,0.0,0.0,0.0,0,1018.9,1016.7,4,0,0,4,6.3,200,21.2,614.0,499.0,115.0,744.3,3600.0,0.44,1.75,29.8,0.076,Napoli,40.8518,14.2681
2026-06-19T11:00,29.7,53,19.1,33.2,0.0,0.0,0.0,0.0,0.0,0,1019.0,1016.8,2,0,0,2,8.1,197,25.2,762.0,638.0,124.0,796.9,3600.0,0.56,1.95,32.2,0.076,Napoli,40.8518,14.2681
2026-06-19T12:00,30.3,53,19.6,34.3,0.0,0.0,0.0,0.0,0.0,0,1018.9,1016.7,9,1,7,1,9.7,204,28.8,865.0,735.0,130.0,822.2,3600.0,0.64,2.03,34.5,0.076,Napoli,40.8518,14.2681
2026-06-19T13:00,30.9,51,19.7,34.8,0.0,0.0,0.0,0.0,0.0,0,1018.6,1016.4,12,8,4,1,11.3,214,32.0,890.0,741.0,149.0,784.9,3600.0,0.67,2.16,36.3,0.076,Napoli,40.8518,14.2681
2026-06-19T14:00,30.2,57,20.6,34.1,0.0,0.0,0.0,0.0,0.0,1,1018.4,1016.2,43,23,9,18,13.5,211,34.6,867.0,683.0,184.0,720.7,3600.0,0.64,1.87,37.6,0.076,Napoli,40.8518,14.2681
2026-06-19T15:00,30.9,53,20.4,35.0,0.1,0.1,0.0,0.0,0.0,51,1018.1,1015.9,42,4,14,31,10.1,200,36.0,819.0,628.0,191.0,694.4,3600.0,0.62,2.08,38.4,0.076,Napoli,40.8518,14.2681
2026-06-19T16:00,30.9,53,20.2,34.2,0.1,0.1,0.0,0.0,0.0,51,1017.8,1015.6,34,6,8,24,10.1,207,30.2,699.0,517.0,182.0,632.7,3600.0,0.54,2.11,38.6,0.077,Napoli,40.8518,14.2681
2026-06-19T17:00,31.0,46,17.9,32.6,0.0,0.0,0.0,0.0,0.0,0,1017.6,1015.4,6,1,5,2,10.3,223,29.9,587.0,436.0,151.0,630.0,3600.0,0.48,2.44,38.4,0.077,Napoli,40.8518,14.2681
2026-06-19T18:00,30.7,40,15.5,30.9,0.0,0.0,0.0,0.0,0.0,0,1017.4,1015.2,5,0,5,0,10.9,263,30.2,447.0,340.0,107.0,632.6,3600.0,0.39,2.65,37.6,0.077,Napoli,40.8518,14.2681
2026-06-19T19:00,29.5,42,15.4,29.8,0.0,0.0,0.0,0.0,0.0,0,1017.5,1015.3,9,0,9,0,10.1,290,30.6,273.0,188.0,85.0,516.5,3600.0,0.26,2.37,36.3,0.076,Napoli,40.8518,14.2681
2026-06-19T20:00,29.1,41,14.4,29.5,0.0,0.0,0.0,0.0,0.0,0,1017.2,1015.0,5,0,5,0,7.1,297,26.3,111.0,59.0,52.0,321.5,3600.0,0.13,2.39,35.1,0.076,Napoli,40.8518,14.2681
2026-06-19T21:00,28.0,45,15.1,29.1,0.0,0.0,0.0,0.0,0.0,0,1017.4,1015.2,2,0,2,0,4.0,306,16.6,11.0,2.0,9.0,31.3,0.0,0.04,2.06,33.2,0.076,Napoli,40.8518,14.2681
2026-06-19T22:00,27.4,50,16.0,28.9,0.0,0.0,0.0,0.0,0.0,0,1018.0,1015.8,2,0,2,0,3.1,277,9.7,0.0,0.0,0.0,0.0,0.0,0.02,1.83,31.6,0.076,Napoli,40.8518,14.2681
2026-06-19T23:00,26.8,53,16.6,28.7,0.0,0.0,0.0,0.0,0.0,0,1018.3,1016.1,2,0,0,2,2.8,281,7.6,0.0,0.0,0.0,0.0,0.0,0.01,1.64,30.3,0.076,Napoli,40.8518,14.2681
2026-06-20T00:00,26.5,57,17.4,28.8,0.0,0.0,0.0,0.0,0.0,0,1018.4,1016.2,2,0,0,2,1.7,302,7.2,0.0,0.0,0.0,0.0,0.0,0.0,1.47,29.1,0.076,Napoli,40.8518,14.2681
2026-06-20T01:00,26.3,57,17.0,28.4,0.0,0.0,0.0,0.0,0.0,0,1018.4,1016.2,0,0,0,0,2.2,24,6.1,0.0,0.0,0.0,0.0,0.0,0.0,1.48,28.1,0.076,Napoli,40.8518,14.2681
2026-06-20T02:00,25.3,61,17.2,27.4,0.0,0.0,0.0,0.0,0.0,0,1018.1,1015.9,0,0,0,0,2.9,47,9.0,0.0,0.0,0.0,0.0,0.0,0.01,1.27,27.2,0.076,Napoli,40.8518,14.2681
2026-06-20T03:00,25.2,56,15.8,26.6,0.0,0.0,0.0,0.0,0.0,0,1017.9,1015.7,0,0,0,0,4.0,60,10.8,0.0,0.0,0.0,0.0,0.0,0.02,1.4,26.5,0.076,Napoli,40.8518,14.2681
2026-06-20T04:00,24.4,57,15.3,25.7,0.0,0.0,0.0,0.0,0.0,0,1018.1,1015.9,0,0,0,0,2.8,63,10.8,0.0,0.0,0.0,0.0,0.0,0.01,1.31,25.8,0.076,Napoli,40.8518,14.2681
2026-06-20T05:00,23.6,60,15.3,25.0,0.0,0.0,0.0,0.0,0.0,0,1018.2,1016.0,0,0,0,0,2.3,58,8.6,0.0,0.0,0.0,0.0,0.0,0.0,1.17,25.1,0.076,Napoli,40.8518,14.2681
2026-06-20T06:00,23.2,60,15.1,24.5,0.0,0.0,0.0,0.0,0.0,0,1018.7,1016.5,0,0,0,0,2.8,79,7.6,5.0,1.0,4.0,19.1,0.0,0.01,1.13,24.5,0.076,Napoli,40.8518,14.2681
2026-06-20T07:00,24.5,58,15.6,25.8,0.0,0.0,0.0,0.0,0.0,0,1019.2,1017.0,0,0,0,0,3.6,150,9.7,96.0,49.0,47.0,314.3,3600.0,0.07,1.29,24.8,0.076,Napoli,40.8518,14.2681
2026-06-20T08:00,26.3,53,16.1,27.8,0.0,0.0,0.0,0.0,0.0,0,1019.5,1017.3,0,0,0,0,3.8,180,13.0,262.0,182.0,80.0,540.9,3600.0,0.18,1.6,26.2,0.076,Napoli,40.8518,14.2681
2026-06-20T09:00,27.8,55,17.8,29.8,0.0,0.0,0.0,0.0,0.0,0,1020.0,1017.8,0,0,0,0,5.6,201,18.4,446.0,346.0,100.0,676.1,3600.0,0.32,1.69,28.2,0.076,Napoli,40.8518,14.2681
2026-06-20T10:00,28.6,56,19.0,31.1,0.0,0.0,0.0,0.0,0.0,0,1020.3,1018.1,0,0,0,0,8.2,195,24.5,620.0,507.0,113.0,756.7,3600.0,0.45,1.71,30.5,0.076,Napoli,40.8518,14.2681
2026-06-20T11:00,29.2,54,18.9,32.3,0.0,0.0,0.0,0.0,0.0,0,1020.5,1018.3,0,0,0,0,9.4,193,28.1,767.0,643.0,124.0,803.5,3600.0,0.56,1.86,32.6,0.076,Napoli,40.8518,14.2681
2026-06-20T12:00,29.8,50,18.4,33.1,0.0,0.0,0.0,0.0,0.0,0,1020.7,1018.5,0,0,0,0,10.5,192,30.6,874.0,745.0,129.0,833.6,3600.0,0.65,2.07,34.7,0.076,Napoli,40.8518,14.2681
2026-06-20T13:00,30.1,50,18.5,33.6,0.0,0.0,0.0,0.0,0.0,0,1020.6,1018.4,5,1,4,1,11.9,190,33.5,931.0,799.0,132.0,846.3,3600.0,0.69,2.14,36.5,0.076,Napoli,40.8518,14.2681
2026-06-20T14:00,30.3,52,19.3,33.7,0.0,0.0,0.0,0.0,0.0,0,1020.1,1017.9,14,0,14,0,14.0,192,34.9,908.0,764.0,144.0,806.1,3600.0,0.68,2.08,37.9,0.076,Napoli,40.8518,14.2681
2026-06-20T15:00,30.2,56,20.3,33.9,0.0,0.0,0.0,0.0,0.0,0,1020.0,1017.8,8,2,5,0,13.6,195,38.2,868.0,723.0,145.0,799.2,3600.0,0.64,1.9,38.6,0.076,Napoli,40.8518,14.2681
2026-06-20T16:00,30.7,51,19.5,33.7,0.0,0.0,0.0,0.0,0.0,0,1019.9,1017.7,12,2,7,3,12.0,199,36.7,763.0,627.0,136.0,766.8,3600.0,0.59,2.16,38.9,0.075,Napoli,40.8518,14.2681
2026-06-20T17:00,30.8,48,18.4,32.8,0.0,0.0,0.0,0.0,0.0,0,1020.2,1018.0,5,1,4,1,10.2,222,33.1,631.0,509.0,122.0,734.9,3600.0,0.5,2.32,38.7,0.075,Napoli,40.8518,14.2681
2026-06-20T18:00,29.6,53,19.0,32.0,0.0,0.0,0.0,0.0,0.0,0,1020.4,1018.2,5,0,2,2,6.7,214,29.5,458.0,354.0,104.0,657.8,3600.0,0.35,1.96,38.0,0.075,Napoli,40.8518,14.2681
2026-06-20T19:00,28.7,57,19.4,31.6,0.0,0.0,0.0,0.0,0.0,0,1020.4,1018.2,3,0,2,1,4.1,209,21.6,279.0,196.0,83.0,537.3,3600.0,0.2,1.69,36.9,0.075,Napoli,40.8518,14.2681
2026-06-20T20:00,28.0,62,20.1,31.5,0.0,0.0,0.0,0.0,0.0,0,1020.2,1018.0,3,0,2,1,2.7,217,15.5,115.0,62.0,53.0,336.5,3600.0,0.08,1.42,35.5,0.076,Napoli,40.8518,14.2681
2026-06-20T21:00,27.1,66,20.2,30.7,0.0,0.0,0.0,0.0,0.0,0,1020.5,1018.3,2,0,1,0,2.1,200,9.4,11.0,3.0,8.0,46.7,63.19,0.01,1.23,33.7,0.076,Napoli,40.8518,14.2681
2026-06-20T22:00,26.6,71,20.9,30.5,0.0,0.0,0.0,0.0,0.0,0,1021.4,1019.2,0,0,0,0,2.6,164,6.8,0.0,0.0,0.0,0.0,0.0,0.0,1.01,32.1,0.076,Napoli,40.8518,14.2681
2026-06-20T23:00,25.9,80,22.1,30.1,0.0,0.0,0.0,0.0,0.0,0,1021.9,1019.7,0,0,0,0,4.5,157,9.4,0.0,0.0,0.0,0.0,0.0,0.0,0.68,30.8,0.076,Napoli,40.8518,14.2681
2026-06-21T00:00,25.3,86,22.7,30.0,0.0,0.0,0.0,0.0,0.0,0,1022.2,1020.0,0,0,0,0,3.6,183,9.4,0.0,0.0,0.0,0.0,0.0,0.0,0.46,29.6,0.076,Napoli,40.8518,14.2681
2026-06-21T01:00,24.9,89,22.9,29.7,0.0,0.0,0.0,0.0,0.0,0,1022.0,1019.8,0,0,0,0,4.3,208,8.6,0.0,0.0,0.0,0.0,0.0,0.0,0.35,28.6,0.076,Napoli,40.8518,14.2681
2026-06-21T02:00,25.0,76,20.5,28.9,0.0,0.0,0.0,0.0,0.0,0,1021.6,1019.4,0,0,0,0,0.7,284,9.0,0.0,0.0,0.0,0.0,0.0,0.0,0.75,27.4,0.076,Napoli,40.8518,14.2681
2026-06-21T03:00,24.8,75,20.2,28.6,0.0,0.0,0.0,0.0,0.0,0,1021.4,1019.2,0,0,0,0,0.7,194,2.5,0.0,0.0,0.0,0.0,0.0,0.0,0.77,26.6,0.076,Napoli,40.8518,14.2681
2026-06-21T04:00,24.4,80,20.8,28.5,0.0,0.0,0.0,0.0,0.0,0,1021.4,1019.2,0,0,0,0,1.2,153,2.5,0.0,0.0,0.0,0.0,0.0,0.0,0.6,26.0,0.076,Napoli,40.8518,14.2681
2026-06-21T05:00,24.0,86,21.5,28.2,0.0,0.0,0.0,0.0,0.0,0,1021.8,1019.6,0,0,0,0,2.9,176,5.4,0.0,0.0,0.0,0.0,0.0,0.0,0.41,25.4,0.076,Napoli,40.8518,14.2681
2026-06-21T06:00,23.9,92,22.5,28.6,0.0,0.0,0.0,0.0,0.0,0,1022.2,1020.0,0,0,0,0,3.2,199,7.2,5.0,1.0,4.0,19.1,0.0,0.0,0.24,24.9,0.076,Napoli,40.8518,14.2681
2026-06-21T07:00,25.0,87,22.7,29.8,0.0,0.0,0.0,0.0,0.0,0,1022.4,1020.2,0,0,0,0,3.3,193,9.7,93.0,47.0,46.0,302.7,3600.0,0.05,0.4,25.3,0.076,Napoli,40.8518,14.2681
2026-06-21T08:00,26.2,74,21.3,30.1,0.0,0.0,0.0,0.0,0.0,0,1022.5,1020.3,0,0,0,0,4.0,153,14.8,258.0,177.0,81.0,527.1,3600.0,0.17,0.88,26.5,0.076,Napoli,40.8518,14.2681
2026-06-21T09:00,27.6,64,20.3,30.9,0.0,0.0,0.0,0.0,0.0,0,1022.6,1020.4,0,0,0,0,4.5,175,16.9,441.0,340.0,101.0,665.1,3600.0,0.31,1.32,28.4,0.076,Napoli,40.8518,14.2681
2026-06-21T10:00,28.6,61,20.5,32.2,0.0,0.0,0.0,0.0,0.0,0,1022.7,1020.5,0,0,0,0,6.3,183,21.2,615.0,500.0,115.0,746.9,3600.0,0.44,1.51,30.7,0.076,Napoli,40.8518,14.2681
2026-06-21T11:00,29.5,59,20.6,33.7,0.0,0.0,0.0,0.0,0.0,0,1022.8,1020.6,0,0,0,0,8.2,189,25.9,764.0,639.0,125.0,798.9,3600.0,0.56,1.68,33.0,0.076,Napoli,40.8518,14.2681
2026-06-21T12:00,29.8,58,20.5,34.1,0.0,0.0,0.0,0.0,0.0,0,1022.7,1020.5,7,7,0,0,11.1,187,31.3,873.0,744.0,129.0,832.7,3600.0,0.64,1.77,35.1,0.076,Napoli,40.8518,14.2681
2026-06-21T13:00,29.8,57,20.3,34.1,0.0,0.0,0.0,0.0,0.0,1,1022.3,1020.1,29,22,9,0,12.4,190,34.6,927.0,776.0,151.0,822.1,3600.0,0.67,1.81,36.7,0.076,Napoli,40.8518,14.2681
2026-06-21T14:00,30.2,54,19.9,33.8,0.0,0.0,0.0,0.0,0.0,1,1022.2,1020.0,28,18,11,2,13.4,187,34.6,882.0,666.0,216.0,702.6,3600.0,0.66,1.98,38.2,0.076,Napoli,40.8518,14.2681
2026-06-21T15:00,30.1,57,20.7,33.9,0.0,0.0,0.0,0.0,0.0,0,1021.7,1019.5,17,9,8,3,13.6,191,36.0,837.0,643.0,194.0,710.6,3600.0,0.62,1.83,38.8,0.076,Napoli,40.8518,14.2681
2026-06-21T16:00,30.7,50,19.0,33.6,0.0,0.0,0.0,0.0,0.0,0,1021.8,1019.6,5,5,0,0,11.6,195,36.0,771.0,629.0,142.0,768.9,3600.0,0.59,2.22,39.1,0.076,Napoli,40.8518,14.2681
2026-06-21T17:00,30.6,49,18.6,32.7,0.0,0.0,0.0,0.0,0.0,0,1021.5,1019.3,2,1,0,0,10.3,196,32.4,639.0,522.0,117.0,753.0,3600.0,0.5,2.24,39.0,0.075,Napoli,40.8518,14.2681
2026-06-21T18:00,30.0,52,19.0,32.3,0.0,0.0,0.0,0.0,0.0,0,1021.4,1019.2,0,0,0,0,6.7,199,28.8,468.0,365.0,103.0,677.4,3600.0,0.36,2.04,38.3,0.075,Napoli,40.8518,14.2681
2026-06-21T19:00,29.3,55,19.5,32.0,0.0,0.0,0.0,0.0,0.0,0,1021.5,1019.3,1,0,1,0,5.7,229,21.2,287.0,203.0,84.0,555.4,3600.0,0.22,1.82,37.1,0.075,Napoli,40.8518,14.2681
2026-06-21T20:00,28.6,60,20.1,31.9,0.0,0.0,0.0,0.0,0.0,0,1021.5,1019.3,0,0,0,0,3.6,198,18.7,117.0,64.0,53.0,346.0,3600.0,0.09,1.55,35.7,0.076,Napoli,40.8518,14.2681
2026-06-21T21:00,27.5,68,21.0,31.3,0.0,0.0,0.0,0.0,0.0,0,1021.6,1019.4,1,0,1,0,4.0,180,11.2,11.0,3.0,8.0,46.5,56.12,0.02,1.19,33.9,0.076,Napoli,40.8518,14.2681
2026-06-21T22:00,26.6,75,21.8,30.7,0.0,0.0,0.0,0.0,0.0,0,1021.9,1019.7,1,0,1,0,4.9,170,11.5,0.0,0.0,0.0,0.0,0.0,0.01,0.88,32.2,0.076,Napoli,40.8518,14.2681
2026-06-21T23:00,26.0,78,22.0,30.3,0.0,0.0,0.0,0.0,0.0,0,1022.2,1020.0,1,0,1,0,4.0,207,11.2,0.0,0.0,0.0,0.0,0.0,0.0,0.73,30.9,0.076,Napoli,40.8518,14.2681
2026-06-22T00:00,25.7,80,22.0,30.2,0.0,0.0,0.0,0.0,0.0,0,1022.2,1020.0,8,0,8,0,2.8,191,8.6,0.0,0.0,0.0,0.0,0.0,0.0,0.65,29.8,0.076,Napoli,40.8518,14.2681
2026-06-22T01:00,25.4,81,21.9,29.6,0.0,0.0,0.0,0.0,0.0,1,1021.8,1019.6,38,0,38,0,4.3,165,8.6,0.0,0.0,0.0,0.0,0.0,0.0,0.62,28.9,0.076,Napoli,40.8518,14.2681
2026-06-22T02:00,25.0,81,21.6,29.6,0.0,0.0,0.0,0.0,0.0,0,1021.2,1019.0,5,0,5,0,0.6,198,10.1,0.0,0.0,0.0,0.0,0.0,0.0,0.6,28.1,0.092,Napoli,40.8518,14.2681
2026-06-22T03:00,24.7,83,21.5,29.0,0.0,0.0,0.0,0.0,0.0,0,1020.8,1018.6,2,0,2,0,1.9,221,4.3,0.0,0.0,0.0,0.0,0.0,0.0,0.54,27.3,0.092,Napoli,40.8518,14.2681
2026-06-22T04:00,24.3,86,21.9,28.8,0.0,0.0,0.0,0.0,0.0,0,1020.5,1018.3,6,0,6,0,2.3,225,5.4,0.0,0.0,0.0,0.0,0.0,0.0,0.42,26.6,0.092,Napoli,40.8518,14.2681
2026-06-22T05:00,24.1,88,22.1,29.0,0.0,0.0,0.0,0.0,0.0,0,1020.7,1018.5,8,0,8,0,0.5,225,4.7,0.0,0.0,0.0,0.0,0.0,0.0,0.35,26.0,0.092,Napoli,40.8518,14.2681
2026-06-22T06:00,24.1,88,22.1,28.8,0.0,0.0,0.0,0.0,0.0,0,1020.6,1018.4,8,0,8,0,1.5,83,3.2,5.0,1.0,4.0,19.1,0.0,0.0,0.35,25.6,0.092,Napoli,40.8518,14.2681
2026-06-22T07:00,25.4,79,21.5,29.6,0.0,0.0,0.0,0.0,0.0,0,1020.5,1018.3,3,0,3,0,3.1,103,9.0,90.0,43.0,47.0,278.2,3600.0,0.06,0.68,25.9,0.092,Napoli,40.8518,14.2681
2026-06-22T08:00,26.7,71,21.0,30.5,0.0,0.0,0.0,0.0,0.0,0,1020.5,1018.3,1,0,1,0,3.7,101,12.6,251.0,170.0,81.0,507.3,3600.0,0.17,1.01,26.8,0.107,Napoli,40.8518,14.2681
2026-06-22T09:00,27.9,66,20.9,31.8,0.0,0.0,0.0,0.0,0.0,0,1020.3,1018.1,2,0,2,0,2.8,153,13.0,431.0,328.0,103.0,642.5,3600.0,0.3,1.29,28.2,0.105,Napoli,40.8518,14.2681
2026-06-22T10:00,28.8,66,21.7,33.0,0.0,0.0,0.0,0.0,0.0,0,1020.0,1017.8,2,0,2,0,5.8,178,18.7,598.0,479.0,119.0,716.1,3600.0,0.43,1.36,30.0,0.103,Napoli,40.8518,14.2681
2026-06-22T11:00,29.0,69,22.7,34.1,0.0,0.0,0.0,0.0,0.0,0,1020.0,1017.8,8,6,2,0,9.2,187,26.3,737.0,606.0,131.0,758.1,3600.0,0.52,1.25,31.6,0.1,Napoli,40.8518,14.2681
2026-06-22T12:00,29.2,67,22.6,34.7,0.0,0.0,0.0,0.0,0.0,0,1019.8,1017.6,18,14,5,1,10.3,191,29.2,849.0,703.0,146.0,787.1,3600.0,0.6,1.32,33.2,0.096,Napoli,40.8518,14.2681
2026-06-22T13:00,29.8,66,22.7,35.4,0.0,0.0,0.0,0.0,0.0,1,1019.6,1017.4,28,26,3,2,8.1,198,29.2,810.0,611.0,199.0,647.4,3600.0,0.59,1.43,34.4,0.094,Napoli,40.8518,14.2681
2026-06-22T14:00,31.3,56,21.4,36.3,0.2,0.2,0.0,0.0,0.0,51,1018.9,1016.7,3,2,2,1,8.3,176,30.2,834.0,633.0,201.0,667.8,3600.0,0.63,2.03,37.6,0.087,Napoli,40.8518,14.2681
2026-06-22T15:00,30.5,60,21.7,35.1,0.3,0.3,0.0,0.0,0.0,51,1018.9,1016.7,7,0,6,1,8.6,188,31.3,740.0,554.0,186.0,612.0,3600.0,0.56,1.76,37.7,0.088,Napoli,40.8518,14.2681
2026-06-22T16:00,31.4,53,20.6,35.5,0.3,0.3,0.0,0.0,0.0,51,1018.3,1016.1,0,0,0,0,6.6,209,24.8,701.0,547.0,154.0,668.3,3600.0,0.54,2.17,38.0,0.089,Napoli,40.8518,14.2681
2026-06-22T17:00,31.0,51,19.6,33.9,0.2,0.2,0.0,0.0,0.0,51,1018.7,1016.5,2,0,2,0,5.9,329,24.8,567.0,419.0,148.0,604.0,3600.0,0.44,2.21,37.6,0.089,Napoli,40.8518,14.2681
2026-06-22T18:00,31.0,49,18.9,33.3,0.1,0.1,0.0,0.0,0.0,51,1018.0,1015.8,0,0,0,0,6.4,278,20.9,413.0,280.0,133.0,519.1,3600.0,0.33,2.3,36.8,0.088,Napoli,40.8518,14.2681
2026-06-22T19:00,30.6,48,18.3,33.0,0.0,0.0,0.0,0.0,0.0,0,1017.9,1015.7,2,0,0,2,4.3,294,19.4,275.0,182.0,93.0,497.1,3600.0,0.21,2.29,35.7,0.087,Napoli,40.8518,14.2681
2026-06-22T20:00,29.8,52,18.8,32.2,0.0,0.0,0.0,0.0,0.0,0,1017.8,1015.6,1,0,0,1,5.8,296,14.0,115.0,61.0,54.0,328.7,3600.0,0.11,2.03,33.1,0.086,Napoli,40.8518,14.2681
2026-06-22T21:00,28.4,61,20.1,31.5,0.0,0.0,0.0,0.0,0.0,0,1017.8,1015.6,0,0,0,0,5.5,316,13.0,11.0,2.0,9.0,30.8,0.0,0.04,1.52,31.6,0.085,Napoli,40.8518,14.2681
2026-06-22T22:00,27.8,64,20.3,31.3,0.0,0.0,0.0,0.0,0.0,0,1018.3,1016.1,0,0,0,0,3.5,351,12.2,0.0,0.0,0.0,0.0,0.0,0.01,1.36,30.4,0.085,Napoli,40.8518,14.2681
2026-06-22T23:00,27.3,65,20.2,30.7,0.0,0.0,0.0,0.0,0.0,0,1018.3,1016.1,0,0,0,0,3.1,347,9.0,0.0,0.0,0.0,0.0,0.0,0.01,1.26,29.3,0.085,Napoli,40.8518,14.2681
2026-06-23T00:00,26.5,68,20.0,29.9,0.0,0.0,0.0,0.0,0.0,0,1018.3,1016.1,0,0,0,0,3.5,351,9.0,0.0,0.0,0.0,0.0,0.0,0.01,1.12,28.4,0.085,Napoli,40.8518,14.2681
2026-06-23T01:00,25.8,71,20.0,29.1,0.0,0.0,0.0,0.0,0.0,0,1017.9,1015.7,0,0,0,0,3.2,357,8.6,0.0,0.0,0.0,0.0,0.0,0.0,0.97,27.6,0.084,Napoli,40.8518,14.2681
2026-06-23T02:00,25.3,69,19.1,27.8,0.0,0.0,0.0,0.0,0.0,0,1017.4,1015.2,0,0,0,0,5.5,36,7.9,0.0,0.0,0.0,0.0,0.0,0.02,1.01,27.3,0.088,Napoli,40.8518,14.2681
2026-06-23T03:00,24.7,69,18.6,27.0,0.0,0.0,0.0,0.0,0.0,0,1016.9,1014.7,1,0,1,0,5.8,34,14.0,0.0,0.0,0.0,0.0,0.0,0.02,0.98,26.6,0.088,Napoli,40.8518,14.2681
2026-06-23T04:00,24.1,70,18.4,26.4,0.0,0.0,0.0,0.0,0.0,0,1016.7,1014.5,1,0,1,0,5.3,45,14.0,0.0,0.0,0.0,0.0,0.0,0.01,0.89,25.9,0.088,Napoli,40.8518,14.2681
2026-06-23T05:00,23.4,73,18.4,25.9,0.0,0.0,0.0,0.0,0.0,0,1016.8,1014.6,1,0,1,0,4.2,31,13.3,0.0,0.0,0.0,0.0,0.0,0.0,0.77,25.3,0.088,Napoli,40.8518,14.2681
2026-06-23T06:00,23.0,77,18.7,25.8,0.0,0.0,0.0,0.0,0.0,0,1016.9,1014.7,0,0,0,0,2.7,23,11.2,5.0,1.0,4.0,19.1,0.0,0.01,0.65,24.7,0.088,Napoli,40.8518,14.2681
2026-06-23T07:00,24.1,72,18.8,26.9,0.0,0.0,0.0,0.0,0.0,0,1016.8,1014.6,0,0,0,0,2.6,25,8.6,92.0,46.0,46.0,299.1,3600.0,0.05,0.83,24.9,0.087,Napoli,40.8518,14.2681
2026-06-23T08:00,25.9,66,19.2,29.0,0.0,0.0,0.0,0.0,0.0,0,1016.9,1014.7,0,0,0,0,2.6,25,11.5,254.0,175.0,79.0,523.5,3600.0,0.16,1.12,26.0,0.096,Napoli,40.8518,14.2681
2026-06-23T09:00,28.4,57,19.2,31.4,0.0,0.0,0.0,0.0,0.0,0,1017.0,1014.8,0,0,0,0,2.4,48,13.0,437.0,337.0,100.0,661.1,3600.0,0.3,1.64,27.6,0.094,Napoli,40.8518,14.2681
2026-06-23T10:00,30.5,46,17.6,33.4,0.0,0.0,0.0,0.0,0.0,0,1016.8,1014.6,0,0,0,0,1.9,131,13.3,611.0,498.0,113.0,745.2,3600.0,0.44,2.35,29.8,0.092,Napoli,40.8518,14.2681
2026-06-23T11:00,31.6,42,17.1,34.9,0.0,0.0,0.0,0.0,0.0,0,1016.8,1014.6,0,0,0,0,3.7,169,16.6,761.0,639.0,122.0,799.9,3600.0,0.57,2.7,32.1,0.089,Napoli,40.8518,14.2681
2026-06-23T12:00,32.1,42,17.6,35.9,0.0,0.0,0.0,0.0,0.0,0,1016.6,1014.4,3,0,2,2,5.4,195,24.1,853.0,719.0,134.0,805.3,3600.0,0.65,2.77,34.2,0.086,Napoli,40.8518,14.2681
2026-06-23T13:00,32.5,42,18.0,36.2,0.0,0.0,0.0,0.0,0.0,0,1016.3,1014.1,9,1,8,2,8.8,219,29.9,896.0,757.0,139.0,802.2,3600.0,0.7,2.83,36.0,0.084,Napoli,40.8518,14.2681
2026-06-23T14:00,31.2,41,16.5,33.6,0.2,0.2,0.0,0.0,0.0,51,1016.8,1014.6,89,0,69,68,10.7,125,32.4,858.0,697.0,161.0,735.3,3600.0,0.67,2.65,39.2,0.077,Napoli,40.8518,14.2681
2026-06-23T15:00,31.7,41,17.0,33.7,0.4,0.4,0.0,0.0,0.0,51,1015.6,1013.4,61,0,0,61,5.6,173,29.9,604.0,385.0,219.0,425.3,3600.0,0.49,2.74,38.9,0.082,Napoli,40.8518,14.2681
2026-06-23T16:00,32.9,36,15.8,34.9,0.0,0.0,0.0,0.0,0.0,2,1015.3,1013.1,63,0,22,53,5.8,219,20.9,704.0,506.0,198.0,618.0,3600.0,0.56,3.2,39.2,0.081,Napoli,40.8518,14.2681
2026-06-23T17:00,32.9,35,15.6,34.1,0.0,0.0,0.0,0.0,0.0,2,1015.2,1013.0,66,0,11,61,5.9,270,22.0,582.0,419.0,163.0,603.6,3600.0,0.47,3.24,39.0,0.08,Napoli,40.8518,14.2681
2026-06-23T18:00,32.3,37,15.6,33.5,0.0,0.0,0.0,0.0,0.0,1,1014.7,1012.5,30,0,17,16,4.7,254,20.2,384.0,225.0,159.0,416.7,3600.0,0.31,3.05,38.3,0.079,Napoli,40.8518,14.2681
2026-06-23T19:00,31.0,43,17.0,32.7,0.1,0.1,0.0,0.0,0.0,51,1015.0,1012.8,30,0,11,22,5.1,228,16.6,235.0,138.0,97.0,376.4,3600.0,0.2,2.56,37.1,0.079,Napoli,40.8518,14.2681
2026-06-23T20:00,28.2,61,20.0,30.8,0.0,0.0,0.0,0.0,0.0,2,1015.2,1013.0,59,0,0,59,8.2,203,15.1,106.0,50.0,56.0,268.6,3600.0,0.11,1.49,35.6,0.078,Napoli,40.8518,14.2681
2026-06-23T21:00,27.2,67,20.5,30.3,0.0,0.0,0.0,0.0,0.0,1,1015.4,1013.2,33,0,0,33,6.4,191,18.4,11.0,2.0,9.0,30.7,0.0,0.04,1.19,33.6,0.078,Napoli,40.8518,14.2681
2026-06-23T22:00,26.7,72,21.2,30.3,0.0,0.0,0.0,0.0,0.0,1,1015.9,1013.7,34,0,3,32,5.3,162,14.8,0.0,0.0,0.0,0.0,0.0,0.01,0.98,32.1,0.078,Napoli,40.8518,14.2681
2026-06-23T23:00,26.4,76,21.7,30.3,0.0,0.0,0.0,0.0,0.0,1,1016.1,1013.9,27,0,6,22,5.6,163,11.2,0.0,0.0,0.0,0.0,0.0,0.01,0.84,30.8,0.078,Napoli,40.8518,14.2681
2026-06-24T00:00,26.1,79,22.2,30.5,0.0,0.0,0.0,0.0,0.0,0,1015.8,1013.6,5,0,2,2,3.8,169,11.2,0.0,0.0,0.0,0.0,0.0,0.0,0.7,29.7,0.078,Napoli,40.8518,14.2681
2026-06-24T01:00,25.7,82,22.4,30.6,0.0,0.0,0.0,0.0,0.0,0,1015.9,1013.7,2,0,0,1,1.7,103,6.8,0.0,0.0,0.0,0.0,0.0,0.0,0.6,28.8,0.078,Napoli,40.8518,14.2681
2026-06-24T02:00,24.9,85,22.2,29.8,0.0,0.0,0.0,0.0,0.0,0,1015.5,1013.3,2,0,0,2,1.0,315,5.8,0.0,0.0,0.0,0.0,0.0,0.0,0.48,27.5,0.088,Napoli,40.8518,14.2681
2026-06-24T03:00,24.8,84,22.0,29.7,0.0,0.0,0.0,0.0,0.0,0,1015.0,1012.8,0,0,0,0,0.3,45,3.2,0.0,0.0,0.0,0.0,0.0,0.0,0.49,26.7,0.088,Napoli,40.8518,14.2681
2026-06-24T04:00,24.5,86,21.9,29.2,0.0,0.0,0.0,0.0,0.0,0,1014.9,1012.7,3,0,3,0,0.9,37,2.9,0.0,0.0,0.0,0.0,0.0,0.0,0.44,26.1,0.088,Napoli,40.8518,14.2681
2026-06-24T05:00,23.8,87,21.5,28.0,0.0,0.0,0.0,0.0,0.0,0,1015.0,1012.8,3,0,3,0,3.3,41,7.2,0.0,0.0,0.0,0.0,0.0,0.0,0.38,25.5,0.088,Napoli,40.8518,14.2681
2026-06-24T06:00,23.4,86,20.9,26.9,0.0,0.0,0.0,0.0,0.0,0,1015.2,1013.0,2,0,2,0,5.4,40,10.8,5.0,1.0,4.0,19.1,0.0,0.01,0.41,25.1,0.088,Napoli,40.8518,14.2681
2026-06-24T07:00,24.3,79,20.5,27.9,0.0,0.0,0.0,0.0,0.0,0,1015.5,1013.3,1,0,1,0,3.1,40,11.5,90.0,44.0,46.0,287.7,3600.0,0.05,0.63,25.2,0.088,Napoli,40.8518,14.2681
2026-06-24T08:00,26.4,72,20.8,30.4,0.0,0.0,0.0,0.0,0.0,0,1015.6,1013.4,0,0,0,0,1.8,84,9.7,245.0,162.0,83.0,485.8,3600.0,0.16,0.98,26.2,0.091,Napoli,40.8518,14.2681
2026-06-24T09:00,28.5,62,20.6,32.4,0.0,0.0,0.0,0.0,0.0,0,1015.6,1013.4,0,0,0,0,1.5,126,11.9,436.0,334.0,102.0,656.2,3600.0,0.3,1.46,28.0,0.09,Napoli,40.8518,14.2681
2026-06-24T10:00,30.2,53,19.5,33.9,0.0,0.0,0.0,0.0,0.0,0,1015.7,1013.5,1,0,1,0,2.2,194,13.3,614.0,501.0,113.0,750.5,3600.0,0.44,2.03,30.2,0.088,Napoli,40.8518,14.2681
2026-06-24T11:00,31.0,50,19.3,35.0,0.0,0.0,0.0,0.0,0.0,0,1015.6,1013.4,5,0,5,0,5.4,206,19.4,757.0,634.0,123.0,794.1,3600.0,0.57,2.26,32.5,0.086,Napoli,40.8518,14.2681
2026-06-24T12:00,31.4,51,20.0,35.8,0.0,0.0,0.0,0.0,0.0,0,1015.6,1013.4,13,0,13,0,8.1,212,25.6,853.0,718.0,135.0,804.5,3600.0,0.65,2.25,34.5,0.084,Napoli,40.8518,14.2681
2026-06-24T13:00,31.7,50,20.1,35.8,0.0,0.0,0.0,0.0,0.0,0,1015.2,1013.0,13,0,13,1,11.0,221,31.0,867.0,689.0,178.0,730.3,3600.0,0.67,2.33,36.0,0.082,Napoli,40.8518,14.2681
2026-06-24T14:00,34.5,30,14.5,36.2,0.0,0.0,0.0,0.0,0.0,1,1014.3,1012.2,22,0,20,2,11.2,267,34.6,888.0,729.0,159.0,769.1,3600.0,0.75,3.82,37.3,0.084,Napoli,40.8518,14.2681
2026-06-24T15:00,33.2,36,16.2,34.1,0.3,0.3,0.0,0.0,0.0,51,1014.0,1011.9,29,0,28,2,16.1,274,40.3,771.0,588.0,183.0,649.4,3600.0,0.67,3.25,37.8,0.085,Napoli,40.8518,14.2681
2026-06-24T16:00,33.0,37,16.3,33.6,0.1,0.1,0.0,0.0,0.0,51,1014.3,1012.2,45,0,32,21,15.5,288,42.1,687.0,524.0,163.0,639.8,3600.0,0.61,3.18,37.7,0.085,Napoli,40.8518,14.2681
2026-06-24T17:00,32.8,37,16.4,32.9,0.0,0.0,0.0,0.0,0.0,1,1014.0,1011.9,34,0,9,28,14.7,281,39.6,543.0,370.0,173.0,532.7,3600.0,0.51,3.11,37.3,0.084,Napoli,40.8518,14.2681
2026-06-24T18:00,32.2,41,17.3,32.9,0.0,0.0,0.0,0.0,0.0,2,1013.9,1011.7,72,0,31,59,12.5,291,37.4,361.0,232.0,129.0,429.3,3600.0,0.37,2.84,36.4,0.083,Napoli,40.8518,14.2681
2026-06-24T19:00,32.5,34,14.7,32.8,0.0,0.0,0.0,0.0,0.0,2,1014.2,1012.0,52,0,17,43,7.9,309,31.0,247.0,144.0,103.0,392.2,3600.0,0.25,3.2,35.5,0.082,Napoli,40.8518,14.2681
2026-06-24T20:00,31.9,37,15.6,33.2,0.0,0.0,0.0,0.0,0.0,1,1013.7,1011.5,41,0,8,36,3.7,14,19.8,101.0,40.0,61.0,214.4,3600.0,0.1,2.95,34.5,0.092,Napoli,40.8518,14.2681
2026-06-24T21:00,30.2,50,18.7,33.2,0.0,0.0,0.0,0.0,0.0,0,1014.1,1011.9,19,0,5,14,1.7,162,9.4,11.0,2.0,9.0,30.6,0.0,0.01,2.14,32.8,0.092,Napoli,40.8518,14.2681
2026-06-24T22:00,28.4,60,19.8,31.9,0.0,0.0,0.0,0.0,0.0,1,1015.0,1012.8,27,0,8,20,1.5,187,5.8,0.0,0.0,0.0,0.0,0.0,0.0,1.56,31.3,0.092,Napoli,40.8518,14.2681
2026-06-24T23:00,27.3,68,20.8,31.1,0.0,0.0,0.0,0.0,0.0,0,1015.4,1013.2,18,0,3,16,3.0,147,8.3,0.0,0.0,0.0,0.0,0.0,0.0,1.17,30.0,0.091,Napoli,40.8518,14.2681
2026-06-25T00:00,26.3,78,22.1,30.8,0.0,0.0,0.0,0.0,0.0,0,1015.5,1013.3,16,0,1,16,3.6,131,10.4,0.0,0.0,0.0,0.0,0.0,0.0,0.76,28.9,0.091,Napoli,40.8518,14.2681
2026-06-25T01:00,25.5,84,22.5,30.3,0.0,0.0,0.0,0.0,0.0,1,1015.6,1013.4,34,0,0,34,2.8,105,9.4,0.0,0.0,0.0,0.0,0.0,0.0,0.54,28.0,0.091,Napoli,40.8518,14.2681
2026-06-25T02:00,25.2,56,15.7,26.4,0.0,0.0,0.0,0.0,0.0,0,1015.4,1013.2,2,0,0,2,4.6,77,7.9,0.0,0.0,0.0,0.0,0.0,0.02,1.41,27.5,0.081,Napoli,40.8518,14.2681
2026-06-25T03:00,24.8,55,15.0,25.6,0.0,0.0,0.0,0.0,0.0,0,1015.1,1012.9,2,0,0,2,5.6,69,15.1,0.0,0.0,0.0,0.0,0.0,0.03,1.42,26.6,0.081,Napoli,40.8518,14.2681
2026-06-25T04:00,24.0,57,14.9,25.0,0.0,0.0,0.0,0.0,0.0,0,1014.9,1012.7,5,0,2,3,4.5,53,14.4,0.0,0.0,0.0,0.0,0.0,0.02,1.29,25.9,0.081,Napoli,40.8518,14.2681
2026-06-25T05:00,23.3,60,15.0,24.3,0.0,0.0,0.0,0.0,0.0,0,1014.9,1012.7,1,0,1,0,4.0,39,12.2,0.0,0.0,0.0,0.0,0.0,0.01,1.15,25.3,0.08,Napoli,40.8518,14.2681
2026-06-25T06:00,22.8,62,15.2,24.0,0.0,0.0,0.0,0.0,0.0,0,1015.1,1012.9,1,0,1,0,3.2,16,10.8,5.0,1.0,4.0,19.1,0.0,0.01,1.05,24.7,0.08,Napoli,40.8518,14.2681
2026-06-25T07:00,23.7,60,15.5,25.1,0.0,0.0,0.0,0.0,0.0,0,1015.5,1013.3,0,0,0,0,2.4,9,9.0,92.0,47.0,45.0,309.2,3600.0,0.05,1.17,24.9,0.08,Napoli,40.8518,14.2681
2026-06-25T08:00,26.3,51,15.5,27.3,0.0,0.0,0.0,0.0,0.0,0,1015.6,1013.4,0,0,0,0,6.0,49,10.4,256.0,177.0,79.0,532.2,3600.0,0.19,1.67,26.1,0.08,Napoli,40.8518,14.2681
2026-06-25T09:00,29.1,43,15.1,30.0,0.0,0.0,0.0,0.0,0.0,0,1015.8,1013.6,0,0,0,0,4.7,90,17.3,441.0,342.0,99.0,673.0,3600.0,0.32,2.31,28.1,0.079,Napoli,40.8518,14.2681
2026-06-25T10:00,30.4,38,14.3,31.3,0.0,0.0,0.0,0.0,0.0,0,1016.0,1013.8,0,0,0,0,6.0,141,20.9,614.0,502.0,112.0,752.8,3600.0,0.46,2.7,30.6,0.079,Napoli,40.8518,14.2681
2026-06-25T11:00,30.5,41,15.7,32.3,0.0,0.0,0.0,0.0,0.0,0,1016.1,1013.9,0,0,0,0,9.0,179,26.6,760.0,638.0,122.0,799.7,3600.0,0.58,2.57,33.0,0.078,Napoli,40.8518,14.2681
2026-06-25T12:00,30.1,45,17.0,32.5,0.0,0.0,0.0,0.0,0.0,0,1016.2,1014.0,1,0,1,0,12.5,184,33.8,866.0,737.0,129.0,826.2,3600.0,0.66,2.33,35.0,0.077,Napoli,40.8518,14.2681
2026-06-25T13:00,30.2,47,17.6,32.9,0.0,0.0,0.0,0.0,0.0,0,1015.9,1013.7,2,0,2,1,13.6,186,36.4,906.0,756.0,150.0,801.5,3600.0,0.68,2.28,36.5,0.077,Napoli,40.8518,14.2681
2026-06-25T14:00,30.0,61,21.6,34.4,0.0,0.0,0.0,0.0,0.0,2,1015.9,1013.7,73,0,5,73,11.5,176,36.7,790.0,586.0,204.0,618.2,3600.0,0.59,1.66,38.1,0.077,Napoli,40.8518,14.2681
2026-06-25T15:00,29.4,65,22.2,34.1,0.2,0.2,0.0,0.0,0.0,51,1015.9,1013.7,24,5,6,17,9.4,172,33.1,736.0,506.0,230.0,558.8,3600.0,0.54,1.42,38.3,0.08,Napoli,40.8518,14.2681
2026-06-25T16:00,29.8,62,21.7,34.0,0.2,0.2,0.0,0.0,0.0,51,1015.7,1013.5,10,0,3,8,8.4,170,28.1,671.0,477.0,194.0,582.2,3600.0,0.5,1.59,38.3,0.082,Napoli,40.8518,14.2681
2026-06-25T17:00,29.7,60,21.2,33.4,0.2,0.2,0.0,0.0,0.0,51,1015.8,1013.6,32,0,5,29,7.0,162,25.9,589.0,424.0,165.0,610.2,3600.0,0.44,1.65,38.1,0.083,Napoli,40.8518,14.2681
2026-06-25T18:00,27.7,59,19.1,31.0,0.8,0.8,0.0,0.0,0.0,53,1016.4,1014.2,88,6,10,85,1.0,112,28.4,383.0,250.0,133.0,462.3,3600.0,0.26,1.51,36.7,0.091,Napoli,40.8518,14.2681
2026-06-25T19:00,28.0,59,19.1,31.0,0.2,0.2,0.0,0.0,0.0,51,1015.9,1013.7,40,0,0,40,2.3,209,13.0,226.0,102.0,124.0,277.5,3600.0,0.16,1.56,35.1,0.092,Napoli,40.8518,14.2681
2026-06-25T20:00,26.3,66,19.5,29.1,0.0,0.0,0.0,0.0,0.0,3,1016.8,1014.6,100,1,10,100,4.8,160,13.3,108.0,48.0,60.0,256.8,3600.0,0.09,1.15,33.0,0.092,Napoli,40.8518,14.2681
2026-06-25T21:00,26.0,68,19.7,29.1,0.1,0.1,0.0,0.0,0.0,51,1016.3,1014.1,98,0,12,98,3.8,155,10.8,6.0,0.0,6.0,0.0,0.0,0.03,1.07,31.3,0.094,Napoli,40.8518,14.2681
2026-06-25T22:00,25.8,72,20.5,29.7,0.0,0.0,0.0,0.0,0.0,3,1016.8,1014.6,98,0,0,98,1.1,81,10.1,0.0,0.0,0.0,0.0,0.0,0.0,0.92,30.0,0.093,Napoli,40.8518,14.2681
2026-06-25T23:00,25.4,76,20.9,29.4,0.0,0.0,0.0,0.0,0.0,2,1016.9,1014.7,77,0,0,77,2.0,90,7.2,0.0,0.0,0.0,0.0,0.0,0.0,0.78,28.9,0.093,Napoli,40.8518,14.2681
2026-06-26T00:00,25.4,76,20.9,29.6,0.0,0.0,0.0,0.0,0.0,0,1017.1,1014.9,1,0,0,1,0.2,270,5.0,0.0,0.0,0.0,0.0,0.0,0.0,0.77,28.0,0.093,Napoli,40.8518,14.2681
2026-06-26T01:00,25.0,77,20.7,29.0,0.0,0.0,0.0,0.0,0.0,0,1016.9,1014.7,2,0,0,2,1.0,329,4.0,0.0,0.0,0.0,0.0,0.0,0.0,0.72,27.2,0.093,Napoli,40.8518,14.2681
2026-06-26T02:00,24.5,86,22.1,29.3,0.0,0.0,0.0,0.0,0.0,1,1016.5,1014.3,44,0,1,43,1.3,34,4.7,0.0,0.0,0.0,0.0,0.0,0.0,0.42,27.5,0.093,Napoli,40.8518,14.2681
2026-06-26T03:00,24.6,84,21.7,29.3,0.0,0.0,0.0,0.0,0.0,0,1016.2,1014.0,3,0,1,2,0.2,360,4.3,0.0,0.0,0.0,0.0,0.0,0.0,0.51,26.7,0.093,Napoli,40.8518,14.2681
2026-06-26T04:00,24.4,84,21.4,28.9,0.0,0.0,0.0,0.0,0.0,0,1016.2,1014.0,1,0,1,0,0.3,315,2.5,0.0,0.0,0.0,0.0,0.0,0.0,0.5,26.1,0.093,Napoli,40.8518,14.2681
2026-06-26T05:00,23.8,86,21.3,28.1,0.0,0.0,0.0,0.0,0.0,0,1016.5,1014.3,0,0,0,0,1.4,360,4.0,0.0,0.0,0.0,0.0,0.0,0.0,0.41,25.5,0.093,Napoli,40.8518,14.2681
2026-06-26T06:00,23.5,87,21.2,27.7,0.0,0.0,0.0,0.0,0.0,0,1016.7,1014.5,0,0,0,0,2.1,340,5.4,4.0,1.0,3.0,19.1,0.0,0.0,0.39,25.0,0.093,Napoli,40.8518,14.2681
2026-06-26T07:00,24.4,81,20.9,28.2,0.0,0.0,0.0,0.0,0.0,0,1017.2,1015.0,0,0,0,0,3.3,331,9.7,90.0,45.0,45.0,297.9,3600.0,0.05,0.59,25.2,0.093,Napoli,40.8518,14.2681
2026-06-26T08:00,25.5,71,19.8,28.6,0.0,0.0,0.0,0.0,0.0,0,1017.4,1015.2,0,0,0,0,4.2,350,13.0,252.0,172.0,80.0,518.6,3600.0,0.17,0.95,26.4,0.1,Napoli,40.8518,14.2681
2026-06-26T09:00,27.8,58,18.9,30.8,0.0,0.0,0.0,0.0,0.0,0,1017.4,1015.2,0,0,0,0,2.2,14,13.3,434.0,334.0,100.0,658.4,3600.0,0.3,1.56,27.9,0.099,Napoli,40.8518,14.2681
2026-06-26T10:00,29.5,51,18.3,32.7,0.0,0.0,0.0,0.0,0.0,0,1017.4,1015.2,0,0,0,0,1.7,139,13.0,609.0,495.0,114.0,743.1,3600.0,0.43,2.03,29.9,0.096,Napoli,40.8518,14.2681
2026-06-26T11:00,30.9,45,17.6,34.6,0.0,0.0,0.0,0.0,0.0,0,1017.5,1015.3,2,0,2,0,2.8,198,14.8,758.0,635.0,123.0,796.5,3600.0,0.56,2.45,32.0,0.093,Napoli,40.8518,14.2681
2026-06-26T12:00,31.7,43,17.6,35.5,0.0,0.0,0.0,0.0,0.0,0,1017.4,1015.2,6,0,6,0,5.4,214,19.4,856.0,725.0,131.0,813.1,3600.0,0.65,2.67,34.0,0.089,Napoli,40.8518,14.2681
2026-06-26T13:00,32.1,42,17.7,35.7,0.0,0.0,0.0,0.0,0.0,1,1017.2,1015.0,23,0,22,1,8.2,230,24.5,885.0,738.0,147.0,782.6,3600.0,0.69,2.76,35.7,0.086,Napoli,40.8518,14.2681
2026-06-26T14:00,32.2,44,18.5,35.2,0.1,0.1,0.0,0.0,0.0,51,1016.6,1014.4,24,0,23,2,13.0,211,31.3,885.0,735.0,150.0,775.5,3600.0,0.7,2.67,37.6,0.085,Napoli,40.8518,14.2681
2026-06-26T15:00,31.3,47,18.5,34.1,0.0,0.0,0.0,0.0,0.0,1,1016.5,1014.3,40,0,27,18,11.7,198,36.0,797.0,632.0,165.0,697.8,3600.0,0.63,2.44,38.0,0.083,Napoli,40.8518,14.2681
2026-06-26T16:00,31.2,50,19.5,34.2,0.0,0.0,0.0,0.0,0.0,1,1016.6,1014.4,40,0,9,34,9.4,203,32.0,684.0,508.0,176.0,619.9,3600.0,0.54,2.28,38.2,0.081,Napoli,40.8518,14.2681
2026-06-26T17:00,31.6,47,18.8,33.5,0.0,0.0,0.0,0.0,0.0,2,1016.6,1014.4,51,0,11,45,9.9,243,28.1,562.0,408.0,154.0,586.9,3600.0,0.46,2.48,38.0,0.08,Napoli,40.8518,14.2681
2026-06-26T18:00,31.1,45,17.7,32.2,0.0,0.0,0.0,0.0,0.0,1,1016.6,1014.4,36,0,13,27,11.4,266,29.9,418.0,268.0,150.0,495.3,3600.0,0.37,2.5,37.3,0.079,Napoli,40.8518,14.2681
2026-06-26T19:00,30.4,45,17.0,31.4,0.0,0.0,0.0,0.0,0.0,1,1016.7,1014.5,41,0,3,38,10.1,273,29.9,260.0,169.0,91.0,459.4,3600.0,0.26,2.4,36.1,0.079,Napoli,40.8518,14.2681
2026-06-26T20:00,30.5,47,18.0,32.0,0.0,0.0,0.0,0.0,0.0,0,1016.4,1014.2,17,0,7,12,9.6,273,25.6,109.0,52.0,57.0,277.7,3600.0,0.15,2.31,34.9,0.079,Napoli,40.8518,14.2681
2026-06-26T21:00,29.2,56,19.6,31.8,0.0,0.0,0.0,0.0,0.0,0,1016.8,1014.6,8,0,3,5,6.4,281,20.9,11.0,3.0,8.0,45.7,34.04,0.06,1.77,33.4,0.078,Napoli,40.8518,14.2681
2026-06-26T22:00,28.3,64,21.0,32.0,0.0,0.0,0.0,0.0,0.0,0,1017.3,1015.1,4,0,4,0,4.7,268,14.4,0.0,0.0,0.0,0.0,0.0,0.02,1.37,32.0,0.078,Napoli,40.8518,14.2681
2026-06-26T23:00,27.6,72,22.0,32.0,0.0,0.0,0.0,0.0,0.0,0,1017.6,1015.4,5,0,5,0,3.1,273,10.1,0.0,0.0,0.0,0.0,0.0,0.0,1.04,30.9,0.078,Napoli,40.8518,14.2681
2026-06-27T00:00,27.2,77,22.8,32.2,0.0,0.0,0.0,0.0,0.0,0,1017.7,1015.5,3,0,3,0,1.8,281,6.8,0.0,0.0,0.0,0.0,0.0,0.0,0.83,29.9,0.078,Napoli,40.8518,14.2681
2026-06-27T01:00,27.0,79,23.1,32.4,0.0,0.0,0.0,0.0,0.0,0,1017.7,1015.5,1,0,1,0,0.4,243,4.3,0.0,0.0,0.0,0.0,0.0,0.0,0.74,29.1,0.078,Napoli,40.8518,14.2681
2026-06-27T02:00,26.1,79,22.1,31.0,0.0,0.0,0.0,0.0,0.0,0,1017.5,1015.3,0,0,0,0,0.2,270,2.2,0.0,0.0,0.0,0.0,0.0,0.0,0.72,27.9,0.078,Napoli,40.8518,14.2681
2026-06-27T03:00,25.8,78,21.7,30.3,0.0,0.0,0.0,0.0,0.0,0,1017.3,1015.1,0,0,0,0,0.9,349,3.2,0.0,0.0,0.0,0.0,0.0,0.0,0.72,27.2,0.079,Napoli,40.8518,14.2681
2026-06-27T04:00,25.3,77,21.1,29.5,0.0,0.0,0.0,0.0,0.0,0,1017.4,1015.2,0,0,0,0,1.5,76,4.0,0.0,0.0,0.0,0.0,0.0,0.0,0.73,26.6,0.079,Napoli,40.8518,14.2681
2026-06-27T05:00,24.7,76,20.1,28.2,0.0,0.0,0.0,0.0,0.0,0,1017.5,1015.3,0,0,0,0,2.6,39,6.5,0.0,0.0,0.0,0.0,0.0,0.0,0.76,26.0,0.079,Napoli,40.8518,14.2681
2026-06-27T06:00,24.4,73,19.2,27.3,0.0,0.0,0.0,0.0,0.0,0,1017.8,1015.6,0,0,0,0,3.3,22,8.3,4.0,1.0,3.0,19.1,0.0,0.01,0.83,25.6,0.079,Napoli,40.8518,14.2681
2026-06-27T07:00,25.5,64,18.2,27.9,0.0,0.0,0.0,0.0,0.0,0,1018.3,1016.1,0,0,0,0,4.4,12,12.2,90.0,46.0,44.0,306.6,3600.0,0.07,1.17,25.8,0.079,Napoli,40.8518,14.2681
2026-06-27T08:00,27.7,54,17.5,29.7,0.0,0.0,0.0,0.0,0.0,0,1018.5,1016.3,0,0,0,0,4.4,30,13.7,254.0,176.0,78.0,532.3,3600.0,0.18,1.71,27.1,0.078,Napoli,40.8518,14.2681
2026-06-27T09:00,30.7,43,16.6,32.4,0.0,0.0,0.0,0.0,0.0,0,1018.7,1016.5,0,0,0,0,3.8,95,15.8,437.0,340.0,97.0,671.4,3600.0,0.32,2.52,29.2,0.078,Napoli,40.8518,14.2681
2026-06-27T10:00,32.4,37,15.8,34.2,0.0,0.0,0.0,0.0,0.0,0,1018.7,1016.5,0,0,0,0,4.1,139,18.4,612.0,502.0,110.0,754.5,3600.0,0.46,3.07,31.9,0.077,Napoli,40.8518,14.2681
2026-06-27T11:00,33.3,36,16.4,36.1,0.0,0.0,0.0,0.0,0.0,0,1018.8,1016.6,0,0,0,0,4.7,180,19.1,759.0,639.0,120.0,802.2,3600.0,0.59,3.26,34.6,0.077,Napoli,40.8518,14.2681
2026-06-27T12:00,33.5,41,18.5,36.8,0.0,0.0,0.0,0.0,0.0,0,1018.8,1016.6,13,0,11,2,10.0,203,29.2,847.0,714.0,133.0,801.2,3600.0,0.68,3.03,36.9,0.076,Napoli,40.8518,14.2681
2026-06-27T13:00,33.6,41,18.5,36.6,0.0,0.0,0.0,0.0,0.0,1,1018.7,1016.5,27,0,15,14,12.5,221,34.2,864.0,707.0,157.0,750.0,3600.0,0.71,3.08,38.5,0.076,Napoli,40.8518,14.2681
2026-06-27T14:00,34.7,36,17.3,37.2,0.0,0.0,0.0,0.0,0.0,1,1018.1,1016.0,37,0,10,30,12.0,227,35.3,853.0,687.0,166.0,725.0,3600.0,0.72,3.56,40.1,0.073,Napoli,40.8518,14.2681
2026-06-27T15:00,34.7,35,17.1,36.8,0.0,0.0,0.0,0.0,0.0,3,1017.9,1015.8,81,0,20,77,11.1,236,34.6,773.0,584.0,189.0,644.8,3600.0,0.67,3.58,40.9,0.073,Napoli,40.8518,14.2681
2026-06-27T16:00,34.5,33,15.9,34.9,0.0,0.0,0.0,0.0,0.0,2,1017.9,1015.8,73,0,6,71,12.6,266,33.8,600.0,381.0,219.0,464.9,3600.0,0.56,3.66,40.8,0.073,Napoli,40.8518,14.2681
2026-06-27T17:00,34.2,32,15.0,33.8,0.0,0.0,0.0,0.0,0.0,2,1018.0,1015.9,59,0,8,55,13.9,289,36.0,494.0,300.0,194.0,431.4,3600.0,0.5,3.67,40.3,0.073,Napoli,40.8518,14.2681
2026-06-27T18:00,33.8,34,15.6,34.0,0.0,0.0,0.0,0.0,0.0,2,1017.8,1015.7,70,0,4,68,11.3,290,36.0,412.0,253.0,159.0,467.3,3600.0,0.41,3.49,39.6,0.073,Napoli,40.8518,14.2681
2026-06-27T19:00,32.8,38,16.5,33.6,0.0,0.0,0.0,0.0,0.0,1,1017.6,1015.4,49,0,3,48,10.0,287,29.9,237.0,122.0,115.0,331.4,3600.0,0.27,3.08,38.4,0.073,Napoli,40.8518,14.2681
2026-06-27T20:00,31.8,43,17.7,33.2,0.0,0.0,0.0,0.0,0.0,1,1017.7,1015.5,20,0,2,17,9.2,290,27.4,112.0,53.0,59.0,282.8,3600.0,0.16,2.66,36.8,0.068,Napoli,40.8518,14.2681
2026-06-27T21:00,30.3,51,19.1,32.5,0.0,0.0,0.0,0.0,0.0,0,1017.7,1015.5,2,0,1,1,7.9,290,22.0,12.0,3.0,9.0,45.6,32.47,0.07,2.09,35.2,0.068,Napoli,40.8518,14.2681
2026-06-27T22:00,29.5,56,19.8,32.7,0.0,0.0,0.0,0.0,0.0,0,1018.1,1015.9,2,0,1,1,4.0,291,17.6,0.0,0.0,0.0,0.0,0.0,0.02,1.81,33.7,0.068,Napoli,40.8518,14.2681
2026-06-27T23:00,28.9,60,20.4,32.7,0.0,0.0,0.0,0.0,0.0,0,1018.7,1016.5,2,0,1,0,1.4,230,9.4,0.0,0.0,0.0,0.0,0.0,0.0,1.59,32.4,0.068,Napoli,40.8518,14.2681
2026-06-28T00:00,28.4,63,20.7,32.1,0.0,0.0,0.0,0.0,0.0,0,1018.5,1016.3,1,0,1,0,3.5,246,7.6,0.0,0.0,0.0,0.0,0.0,0.01,1.43,31.3,0.068,Napoli,40.8518,14.2681
2026-06-28T01:00,27.8,68,21.4,31.9,0.0,0.0,0.0,0.0,0.0,0,1018.4,1016.2,1,0,1,0,3.2,236,8.6,0.0,0.0,0.0,0.0,0.0,0.01,1.2,30.4,0.068,Napoli,40.8518,14.2681
2026-06-28T02:00,27.1,68,20.6,30.8,0.0,0.0,0.0,0.0,0.0,0,1018.1,1015.9,0,0,0,0,3.1,3,6.8,0.0,0.0,0.0,0.0,0.0,0.0,1.15,29.3,0.076,Napoli,40.8518,14.2681
2026-06-28T03:00,26.9,63,19.3,29.8,0.0,0.0,0.0,0.0,0.0,0,1017.9,1015.7,0,0,0,0,3.7,23,9.0,0.0,0.0,0.0,0.0,0.0,0.01,1.3,28.5,0.076,Napoli,40.8518,14.2681
2026-06-28T04:00,26.2,63,18.6,28.8,0.0,0.0,0.0,0.0,0.0,0,1017.6,1015.4,0,0,0,0,3.7,39,9.7,0.0,0.0,0.0,0.0,0.0,0.01,1.26,27.9,0.076,Napoli,40.8518,14.2681
2026-06-28T05:00,25.7,62,17.9,28.0,0.0,0.0,0.0,0.0,0.0,0,1017.7,1015.5,0,0,0,0,3.3,77,8.6,0.0,0.0,0.0,0.0,0.0,0.01,1.24,27.2,0.076,Napoli,40.8518,14.2681
2026-06-28T06:00,25.3,64,18.0,27.8,0.0,0.0,0.0,0.0,0.0,0,1017.9,1015.7,0,0,0,0,2.9,68,7.9,4.0,1.0,3.0,19.1,0.0,0.01,1.16,26.7,0.076,Napoli,40.8518,14.2681
2026-06-28T07:00,26.6,58,17.7,28.9,0.0,0.0,0.0,0.0,0.0,0,1018.1,1015.9,0,0,0,0,2.5,69,8.3,90.0,46.0,44.0,308.9,3600.0,0.06,1.45,27.0,0.076,Napoli,40.8518,14.2681
2026-06-28T08:00,28.7,52,17.8,31.3,0.0,0.0,0.0,0.0,0.0,0,1018.2,1016.0,0,0,0,0,1.3,106,9.7,254.0,176.0,78.0,533.9,3600.0,0.16,1.89,28.3,0.076,Napoli,40.8518,14.2681
2026-06-28T09:00,30.8,45,17.3,33.1,0.0,0.0,0.0,0.0,0.0,0,1018.5,1016.3,0,0,0,0,1.7,162,12.2,437.0,339.0,98.0,670.6,3600.0,0.31,2.45,30.5,0.076,Napoli,40.8518,14.2681
2026-06-28T10:00,31.8,43,17.7,34.3,0.0,0.0,0.0,0.0,0.0,0,1018.7,1016.5,0,0,0,0,4.3,182,17.6,611.0,500.0,111.0,752.4,3600.0,0.46,2.68,33.0,0.076,Napoli,40.8518,14.2681
2026-06-28T11:00,32.3,46,19.1,35.9,0.0,0.0,0.0,0.0,0.0,0,1018.6,1016.4,2,2,0,0,7.1,189,23.4,758.0,637.0,121.0,800.4,3600.0,0.59,2.62,35.4,0.076,Napoli,40.8518,14.2681
2026-06-28T12:00,32.7,48,20.4,37.2,0.0,0.0,0.0,0.0,0.0,0,1018.4,1016.2,13,2,1,10,9.6,194,28.8,866.0,737.0,129.0,827.5,3600.0,0.68,2.55,37.6,0.075,Napoli,40.8518,14.2681
2026-06-28T13:00,33.0,49,20.9,37.8,0.0,0.0,0.0,0.0,0.0,1,1018.1,1015.9,29,0,13,18,10.7,202,31.3,905.0,762.0,143.0,808.6,3600.0,0.71,2.57,39.4,0.075,Napoli,40.8518,14.2681
2026-06-28T14:00,33.5,46,20.4,37.6,0.0,0.0,0.0,0.0,0.0,1,1017.6,1015.4,36,0,13,27,11.2,217,32.4,845.0,676.0,169.0,713.5,3600.0,0.69,2.78,40.5,0.075,Napoli,40.8518,14.2681
2026-06-28T15:00,34.5,38,18.3,37.2,0.0,0.0,0.0,0.0,0.0,1,1017.1,1015.0,42,0,5,39,12.1,233,34.6,816.0,634.0,182.0,700.1,3600.0,0.69,3.36,41.3,0.075,Napoli,40.8518,14.2681
2026-06-28T16:00,34.5,35,16.9,36.0,0.0,0.0,0.0,0.0,0.0,1,1016.7,1014.6,33,0,5,30,12.2,250,34.9,717.0,545.0,172.0,664.9,3600.0,0.63,3.53,41.6,0.075,Napoli,40.8518,14.2681
2026-06-28T17:00,33.8,37,17.1,34.7,0.0,0.0,0.0,0.0,0.0,0,1016.5,1014.4,19,0,3,16,12.5,263,35.6,606.0,456.0,150.0,655.6,3600.0,0.54,3.3,41.2,0.075,Napoli,40.8518,14.2681
2026-06-28T18:00,33.2,39,17.3,34.0,0.0,0.0,0.0,0.0,0.0,0,1016.2,1014.0,10,0,2,9,11.7,285,34.2,455.0,336.0,119.0,620.5,3600.0,0.42,3.1,40.4,0.075,Napoli,40.8518,14.2681
2026-06-28T19:00,32.2,42,17.8,33.6,0.0,0.0,0.0,0.0,0.0,0,1016.0,1013.8,13,0,1,12,9.5,297,32.4,286.0,201.0,85.0,545.8,3600.0,0.28,2.76,39.1,0.075,Napoli,40.8518,14.2681
2026-06-28T20:00,31.6,44,17.8,33.5,0.0,0.0,0.0,0.0,0.0,0,1016.2,1014.0,12,0,4,9,5.8,292,25.6,120.0,66.0,54.0,352.0,3600.0,0.13,2.6,38.1,0.075,Napoli,40.8518,14.2681
2026-06-28T21:00,30.3,50,18.8,33.1,0.0,0.0,0.0,0.0,0.0,0,1016.5,1014.3,8,0,1,7,2.7,238,14.4,12.0,3.0,9.0,45.6,31.95,0.02,2.14,36.2,0.075,Napoli,40.8518,14.2681
2026-06-28T22:00,29.7,54,19.3,32.6,0.0,0.0,0.0,0.0,0.0,0,1016.8,1014.6,2,0,1,2,3.8,251,9.0,0.0,0.0,0.0,0.0,0.0,0.02,1.93,34.6,0.075,Napoli,40.8518,14.2681
2026-06-28T23:00,29.2,57,19.7,32.4,0.0,0.0,0.0,0.0,0.0,0,1016.9,1014.7,4,0,1,3,2.9,240,9.7,0.0,0.0,0.0,0.0,0.0,0.01,1.75,33.2,0.075,Napoli,40.8518,14.2681
2026-06-29T00:00,28.5,60,19.9,32.0,0.0,0.0,0.0,0.0,0.0,0,1016.8,1014.6,2,0,1,2,2.3,198,7.2,0.0,0.0,0.0,0.0,0.0,0.0,1.57,32.0,0.075,Napoli,40.8518,14.2681
2026-06-29T01:00,27.9,63,20.3,31.6,0.0,0.0,0.0,0.0,0.0,0,1016.5,1014.3,1,0,0,1,1.9,202,5.0,0.0,0.0,0.0,0.0,0.0,0.0,1.38,31.0,0.075,Napoli,40.8518,14.2681
2026-06-29T02:00,27.1,66,20.3,30.7,0.0,0.0,0.0,0.0,0.0,0,1016.2,1014.0,2,0,1,2,2.1,142,7.2,0.0,0.0,0.0,0.0,0.0,0.0,1.2,30.0,0.076,Napoli,40.8518,14.2681
2026-06-29T03:00,26.9,69,20.7,30.7,0.0,0.0,0.0,0.0,0.0,0,1015.8,1013.6,2,0,1,2,2.3,176,7.6,0.0,0.0,0.0,0.0,0.0,0.0,1.11,29.2,0.076,Napoli,40.8518,14.2681
2026-06-29T04:00,26.5,74,21.4,30.8,0.0,0.0,0.0,0.0,0.0,0,1015.7,1013.5,0,0,0,0,2.2,194,5.8,0.0,0.0,0.0,0.0,0.0,0.0,0.91,28.5,0.076,Napoli,40.8518,14.2681
2026-06-29T05:00,26.3,77,21.9,31.1,0.0,0.0,0.0,0.0,0.0,0,1015.7,1013.5,1,0,1,0,0.7,180,5.0,0.0,0.0,0.0,0.0,0.0,0.0,0.79,27.9,0.076,Napoli,40.8518,14.2681
2026-06-29T06:00,26.3,79,22.4,31.3,0.0,0.0,0.0,0.0,0.0,0,1016.1,1013.9,13,0,13,0,0.4,63,2.5,4.0,0.0,4.0,0.0,0.0,0.0,0.71,27.3,0.076,Napoli,40.8518,14.2681
2026-06-29T07:00,27.5,71,21.8,31.7,0.0,0.0,0.0,0.0,0.0,1,1016.3,1014.1,26,0,25,2,3.8,87,10.1,86.0,42.0,44.0,284.2,3600.0,0.06,1.06,27.7,0.076,Napoli,40.8518,14.2681
2026-06-29T08:00,28.9,56,19.2,31.9,0.0,0.0,0.0,0.0,0.0,0,1016.3,1014.1,5,0,5,0,3.5,81,13.0,218.0,127.0,91.0,386.5,3600.0,0.16,1.76,28.7,0.076,Napoli,40.8518,14.2681
2026-06-29T09:00,31.1,44,17.5,33.4,0.0,0.0,0.0,0.0,0.0,0,1016.4,1014.2,5,0,5,0,2.9,86,14.8,424.0,320.0,104.0,634.3,3600.0,0.31,2.52,30.7,0.076,Napoli,40.8518,14.2681
2026-06-29T10:00,33.0,38,16.9,35.3,0.0,0.0,0.0,0.0,0.0,0,1016.2,1014.0,9,0,9,0,2.6,146,15.5,603.0,488.0,115.0,735.3,3600.0,0.45,3.1,33.3,0.076,Napoli,40.8518,14.2681
2026-06-29T11:00,33.9,38,17.5,37.0,0.0,0.0,0.0,0.0,0.0,0,1016.2,1014.1,6,0,6,0,4.7,184,19.1,723.0,573.0,150.0,720.6,3600.0,0.57,3.3,35.9,0.076,Napoli,40.8518,14.2681
2026-06-29T12:00,33.9,44,19.9,38.1,0.0,0.0,0.0,0.0,0.0,1,1016.0,1013.9,30,0,27,5,8.8,208,27.0,841.0,692.0,149.0,777.4,3600.0,0.68,2.95,38.2,0.075,Napoli,40.8518,14.2681
2026-06-29T13:00,33.6,48,21.0,37.9,0.0,0.0,0.0,0.0,0.0,1,1015.6,1013.5,26,0,16,13,12.4,220,34.6,864.0,705.0,159.0,748.4,3600.0,0.7,2.72,39.8,0.075,Napoli,40.8518,14.2681
2026-06-29T14:00,33.4,48,21.0,37.6,0.0,0.0,0.0,0.0,0.0,2,1015.0,1012.9,51,0,33,27,13.9,205,38.2,899.0,733.0,166.0,773.8,3600.0,0.72,2.65,41.2,0.075,Napoli,40.8518,14.2681
2026-06-29T15:00,33.6,48,21.0,38.4,0.0,0.0,0.0,0.0,0.0,3,1015.4,1013.3,81,0,12,80,6.7,177,35.3,775.0,570.0,205.0,629.5,3600.0,0.62,2.71,41.8,0.075,Napoli,40.8518,14.2681
2026-06-29T16:00,33.4,52,22.2,36.7,0.0,0.0,0.0,0.0,0.0,1,1015.0,1012.9,32,0,5,28,11.2,235,31.3,530.0,291.0,239.0,355.0,3600.0,0.47,2.45,41.5,0.075,Napoli,40.8518,14.2681
2026-06-29T17:00,33.8,43,19.3,35.1,0.0,0.0,0.0,0.0,0.0,1,1015.0,1012.9,34,0,2,32,14.7,295,39.2,551.0,379.0,172.0,544.9,3600.0,0.51,3.01,41.0,0.075,Napoli,40.8518,14.2681
2026-06-29T18:00,34.1,35,16.5,35.2,0.0,0.0,0.0,0.0,0.0,0,1014.9,1012.8,14,0,3,12,7.7,270,37.8,371.0,211.0,160.0,389.6,3600.0,0.35,3.46,40.2,0.075,Napoli,40.8518,14.2681
2026-06-29T19:00,32.9,39,17.0,34.1,0.0,0.0,0.0,0.0,0.0,1,1015.0,1012.9,20,0,1,20,8.8,268,24.1,283.0,193.0,90.0,524.0,3600.0,0.28,3.06,39.2,0.075,Napoli,40.8518,14.2681
2026-06-29T20:00,29.3,54,19.1,31.6,0.0,0.0,0.0,0.0,0.0,2,1016.0,1013.8,75,0,0,75,7.5,145,23.4,116.0,61.0,55.0,325.3,3600.0,0.12,1.85,36.6,0.075,Napoli,40.8518,14.2681
2026-06-29T21:00,28.3,62,20.3,31.3,0.1,0.1,0.0,0.0,0.0,51,1016.0,1013.8,32,0,7,27,6.5,177,18.7,7.0,1.0,6.0,15.2,0.0,0.06,1.45,34.8,0.077,Napoli,40.8518,14.2681
2026-06-29T22:00,27.1,76,22.4,30.8,0.0,0.0,0.0,0.0,0.0,0,1016.3,1014.1,12,0,0,11,9.6,174,26.6,0.0,0.0,0.0,0.0,0.0,0.03,0.88,33.2,0.077,Napoli,40.8518,14.2681
2026-06-29T23:00,26.7,79,22.8,31.6,0.0,0.0,0.0,0.0,0.0,0,1016.5,1014.3,13,0,0,13,3.5,215,20.5,0.0,0.0,0.0,0.0,0.0,0.0,0.73,31.9,0.077,Napoli,40.8518,14.2681
2026-06-30T00:00,26.7,76,22.1,30.8,0.0,0.0,0.0,0.0,0.0,0,1016.7,1014.5,5,0,0,5,5.3,332,12.2,0.0,0.0,0.0,0.0,0.0,0.01,0.84,30.8,0.077,Napoli,40.8518,14.2681
2026-06-30T01:00,26.5,73,21.2,30.2,0.0,0.0,0.0,0.0,0.0,0,1016.5,1014.3,1,0,0,1,5.5,333,13.0,0.0,0.0,0.0,0.0,0.0,0.01,0.94,29.9,0.077,Napoli,40.8518,14.2681
2026-06-30T02:00,25.2,88,23.1,30.4,0.0,0.0,0.0,0.0,0.0,0,1015.7,1013.5,4,0,4,0,2.2,9,14.8,0.0,0.0,0.0,0.0,0.0,0.0,0.38,28.3,0.104,Napoli,40.8518,14.2681
2026-06-30T03:00,25.4,84,22.5,30.2,0.0,0.0,0.0,0.0,0.0,0,1015.5,1013.3,1,0,1,0,2.2,360,5.4,0.0,0.0,0.0,0.0,0.0,0.0,0.52,27.6,0.104,Napoli,40.8518,14.2681
2026-06-30T04:00,25.3,81,21.9,29.6,0.0,0.0,0.0,0.0,0.0,0,1015.5,1013.3,0,0,0,0,3.6,360,9.0,0.0,0.0,0.0,0.0,0.0,0.0,0.6,26.9,0.104,Napoli,40.8518,14.2681
2026-06-30T05:00,24.9,79,21.0,28.7,0.0,0.0,0.0,0.0,0.0,0,1015.4,1013.2,0,0,0,0,3.7,349,9.7,0.0,0.0,0.0,0.0,0.0,0.0,0.66,26.4,0.103,Napoli,40.8518,14.2681
2026-06-30T06:00,24.7,77,20.3,28.1,0.0,0.0,0.0,0.0,0.0,0,1015.6,1013.4,0,0,0,0,4.1,315,9.7,4.0,0.0,4.0,0.0,0.0,0.01,0.73,25.9,0.103,Napoli,40.8518,14.2681
2026-06-30T07:00,25.2,74,20.2,28.2,0.0,0.0,0.0,0.0,0.0,0,1015.9,1013.7,0,0,0,0,6.5,293,14.0,88.0,45.0,43.0,306.9,3600.0,0.07,0.84,26.0,0.103,Napoli,40.8518,14.2681
2026-06-30T08:00,26.9,64,19.4,29.8,0.0,0.0,0.0,0.0,0.0,0,1016.1,1013.9,0,0,0,0,4.5,254,16.6,252.0,175.0,77.0,534.5,3600.0,0.17,1.28,26.4,0.102,Napoli,40.8518,14.2681
2026-06-30T09:00,28.5,56,19.0,31.5,0.0,0.0,0.0,0.0,0.0,0,1016.6,1014.4,0,0,0,0,2.2,204,13.3,439.0,343.0,96.0,681.2,3600.0,0.3,1.69,28.0,0.1,Napoli,40.8518,14.2681
2026-06-30T10:00,30.3,51,18.9,33.5,0.0,0.0,0.0,0.0,0.0,0,1016.5,1014.3,5,0,5,0,2.9,180,14.4,605.0,492.0,113.0,742.3,3600.0,0.44,2.12,30.0,0.097,Napoli,40.8518,14.2681
2026-06-30T11:00,31.8,46,18.8,35.4,0.0,0.0,0.0,0.0,0.0,0,1016.4,1014.2,1,0,0,0,5.9,192,19.4,747.0,620.0,127.0,780.4,3600.0,0.57,2.54,32.2,0.094,Napoli,40.8518,14.2681
2026-06-30T12:00,32.1,49,20.0,36.5,0.0,0.0,0.0,0.0,0.0,0,1016.4,1014.2,19,0,1,18,8.6,190,25.6,864.0,736.0,128.0,827.4,3600.0,0.67,2.45,34.1,0.09,Napoli,40.8518,14.2681
2026-06-30T13:00,32.9,46,19.6,37.8,0.0,0.0,0.0,0.0,0.0,3,1016.5,1014.3,80,0,4,80,5.4,174,25.9,874.0,695.0,179.0,738.1,3600.0,0.68,2.72,35.8,0.087,Napoli,40.8518,14.2681
2026-06-30T14:00,32.9,43,18.7,35.3,0.0,0.0,0.0,0.0,0.0,1,1016.1,1013.9,44,0,12,40,13.5,166,27.7,763.0,509.0,254.0,537.5,3600.0,0.64,2.85,37.5,0.085,Napoli,40.8518,14.2681
2026-06-30T15:00,34.4,34,16.2,38.0,0.0,0.0,0.0,0.0,0.0,2,1015.3,1013.2,77,0,2,77,1.0,211,32.8,790.0,609.0,181.0,672.6,3600.0,0.6,3.58,38.5,0.083,Napoli,40.8518,14.2681
2026-06-30T16:00,34.4,30,14.5,35.2,0.0,0.0,0.0,0.0,0.0,2,1015.1,1013.0,58,0,0,58,5.1,107,18.7,567.0,352.0,215.0,429.4,3600.0,0.48,3.78,38.8,0.081,Napoli,40.8518,14.2681
2026-06-30T17:00,34.7,30,14.4,35.2,0.0,0.0,0.0,0.0,0.0,2,1014.9,1012.8,52,0,1,51,6.3,257,19.8,553.0,378.0,175.0,543.4,3600.0,0.47,3.88,39.1,0.08,Napoli,40.8518,14.2681
2026-06-30T18:00,33.5,35,16.1,34.0,0.0,0.0,0.0,0.0,0.0,0,1014.7,1012.6,16,0,0,15,10.9,297,30.6,438.0,302.0,136.0,557.6,3600.0,0.41,3.35,38.5,0.079,Napoli,40.8518,14.2681
2026-06-30T19:00,33.0,36,16.0,33.7,0.0,0.0,0.0,0.0,0.0,1,1014.8,1012.7,21,0,2,20,8.9,310,28.4,285.0,199.0,86.0,540.3,3600.0,0.28,3.21,37.6,0.078,Napoli,40.8518,14.2681
2026-06-30T20:00,31.6,42,17.2,33.2,0.0,0.0,0.0,0.0,0.0,0,1014.6,1012.4,9,0,6,2,6.0,307,23.4,116.0,62.0,54.0,330.9,3600.0,0.13,2.69,35.7,0.078,Napoli,40.8518,14.2681
2026-06-30T21:00,30.3,49,18.3,33.0,0.0,0.0,0.0,0.0,0.0,0,1014.9,1012.7,7,0,5,2,1.7,288,14.4,12.0,3.0,9.0,45.7,34.15,0.01,2.2,34.1,0.078,Napoli,40.8518,14.2681
2026-06-30T22:00,29.7,50,18.1,32.2,0.0,0.0,0.0,0.0,0.0,0,1015.1,1012.9,2,0,0,1,3.2,273,8.6,0.0,0.0,0.0,0.0,0.0,0.02,2.1,32.7,0.078,Napoli,40.8518,14.2681
2026-06-30T23:00,28.7,55,18.8,31.3,0.0,0.0,0.0,0.0,0.0,0,1014.9,1012.7,1,0,1,0,4.5,304,11.2,0.0,0.0,0.0,0.0,0.0,0.03,1.77,31.5,0.078,Napoli,40.8518,14.2681
2026-07-01T00:00,27.9,65,20.7,31.8,0.0,0.0,0.0,0.0,0.0,0,1015.2,1013.0,1,0,1,0,1.5,346,11.9,0.0,0.0,0.0,0.0,0.0,0.0,1.31,30.4,0.077,Napoli,40.8518,14.2681
2026-07-01T01:00,27.7,61,19.6,31.0,0.0,0.0,0.0,0.0,0.0,2,1015.4,1013.2,51,0,8,46,2.4,126,5.8,0.0,0.0,0.0,0.0,0.0,0.0,1.43,29.4,0.077,Napoli,40.8518,14.2681
2026-07-01T02:00,26.2,78,22.0,30.7,0.0,0.0,0.0,0.0,0.0,0,1014.4,1012.2,13,0,1,13,2.4,343,13.3,0.0,0.0,0.0,0.0,0.0,0.0,0.75,28.5,0.078,Napoli,40.8518,14.2681
2026-07-01T03:00,25.9,74,21.0,29.6,0.0,0.0,0.0,0.0,0.0,0,1014.0,1011.8,1,0,1,0,4.1,15,10.1,0.0,0.0,0.0,0.0,0.0,0.0,0.85,27.7,0.078,Napoli,40.8518,14.2681
2026-07-01T04:00,25.3,72,20.0,28.7,0.0,0.0,0.0,0.0,0.0,0,1013.4,1011.2,2,0,2,0,2.8,40,10.1,0.0,0.0,0.0,0.0,0.0,0.0,0.89,27.0,0.078,Napoli,40.8518,14.2681
2026-07-01T05:00,24.9,71,19.3,28.1,0.0,0.0,0.0,0.0,0.0,0,1013.2,1011.0,0,0,0,0,2.0,355,8.3,0.0,0.0,0.0,0.0,0.0,0.0,0.92,26.3,0.078,Napoli,40.8518,14.2681
2026-07-01T06:00,24.5,70,18.7,27.5,0.0,0.0,0.0,0.0,0.0,0,1013.2,1011.0,0,0,0,0,1.8,315,6.5,4.0,0.0,4.0,0.0,0.0,0.0,0.92,25.8,0.078,Napoli,40.8518,14.2681
2026-07-01T07:00,25.7,65,18.6,28.1,0.0,0.0,0.0,0.0,0.0,2,1013.2,1011.0,59,0,0,59,5.2,284,11.9,86.0,44.0,42.0,302.6,3600.0,0.07,1.15,26.1,0.078,Napoli,40.8518,14.2681
2026-07-01T08:00,27.0,55,17.2,28.8,0.0,0.0,0.0,0.0,0.0,3,1013.4,1011.2,96,0,0,96,4.9,358,14.4,236.0,143.0,93.0,438.3,3600.0,0.17,1.6,26.8,0.078,Napoli,40.8518,14.2681
2026-07-01T09:00,29.2,49,17.3,31.2,0.0,0.0,0.0,0.0,0.0,3,1013.2,1011.0,98,0,0,98,3.3,36,15.1,388.0,226.0,162.0,449.8,3600.0,0.28,2.07,28.7,0.078,Napoli,40.8518,14.2681
2026-07-01T10:00,30.8,45,17.3,32.9,0.0,0.0,0.0,0.0,0.0,3,1012.9,1010.7,99,0,0,99,3.2,117,15.8,515.0,279.0,236.0,421.5,3600.0,0.39,2.45,30.9,0.077,Napoli,40.8518,14.2681
2026-07-01T11:00,31.7,44,17.8,34.3,0.0,0.0,0.0,0.0,0.0,3,1012.6,1010.4,95,0,0,95,5.0,161,18.4,644.0,369.0,275.0,464.9,3600.0,0.5,2.63,33.2,0.077,Napoli,40.8518,14.2681
2026-07-01T12:00,31.6,49,19.6,35.0,0.0,0.0,0.0,0.0,0.0,3,1012.6,1010.4,94,0,0,94,10.2,188,28.8,781.0,491.0,290.0,552.3,3600.0,0.61,2.36,35.3,0.076,Napoli,40.8518,14.2681
2026-07-01T13:00,31.7,51,20.3,35.7,0.0,0.0,0.0,0.0,0.0,3,1012.4,1010.2,90,0,5,90,11.0,204,32.0,846.0,564.0,282.0,599.3,3600.0,0.66,2.28,37.0,0.076,Napoli,40.8518,14.2681
2026-07-01T14:00,31.9,52,20.8,35.6,0.0,0.0,0.0,0.0,0.0,1,1011.8,1009.6,21,0,2,20,13.8,194,32.8,816.0,528.0,288.0,557.7,3600.0,0.64,2.27,38.1,0.076,Napoli,40.8518,14.2681
2026-07-01T15:00,31.6,55,21.6,36.2,0.0,0.0,0.0,0.0,0.0,2,1011.2,1009.0,54,0,2,53,11.5,181,36.0,842.0,678.0,164.0,749.0,3600.0,0.64,2.08,39.1,0.076,Napoli,40.8518,14.2681
2026-07-01T16:00,31.1,62,23.0,35.7,0.0,0.0,0.0,0.0,0.0,1,1011.0,1008.8,48,0,4,46,12.6,183,33.8,724.0,525.0,199.0,640.6,3600.0,0.55,1.71,39.4,0.076,Napoli,40.8518,14.2681
2026-07-01T17:00,31.0,63,23.0,35.2,0.0,0.0,0.0,0.0,0.0,2,1011.2,1009.0,55,0,5,55,10.9,209,34.6,606.0,462.0,144.0,664.3,3600.0,0.46,1.67,39.2,0.076,Napoli,40.8518,14.2681
2026-07-01T18:00,31.1,52,20.0,33.3,0.0,0.0,0.0,0.0,0.0,1,1010.9,1008.7,38,0,5,34,11.2,246,31.3,427.0,300.0,127.0,554.0,3600.0,0.37,2.19,38.4,0.076,Napoli,40.8518,14.2681
2026-07-01T19:00,30.5,52,19.4,32.4,0.0,0.0,0.0,0.0,0.0,1,1011.1,1008.9,34,0,5,30,10.7,256,30.2,278.0,184.0,94.0,499.8,3600.0,0.26,2.1,37.2,0.076,Napoli,40.8518,14.2681
2026-07-01T20:00,29.7,53,19.2,31.7,0.0,0.0,0.0,0.0,0.0,1,1010.4,1008.2,38,0,2,36,9.8,253,28.4,115.0,57.0,58.0,304.5,3600.0,0.14,1.95,35.9,0.076,Napoli,40.8518,14.2681
2026-07-01T21:00,28.6,63,20.8,31.6,0.0,0.0,0.0,0.0,0.0,1,1010.6,1008.4,34,0,5,30,8.1,239,24.5,12.0,3.0,9.0,45.8,36.84,0.06,1.45,34.1,0.076,Napoli,40.8518,14.2681
2026-07-01T22:00,27.8,70,21.8,31.6,0.0,0.0,0.0,0.0,0.0,1,1011.2,1009.0,31,0,5,27,7.2,238,20.5,0.0,0.0,0.0,0.0,0.0,0.03,1.12,32.6,0.076,Napoli,40.8518,14.2681
2026-07-01T23:00,27.2,75,22.3,31.3,0.0,0.0,0.0,0.0,0.0,0,1011.2,1009.0,13,0,3,10,6.2,216,18.0,0.0,0.0,0.0,0.0,0.0,0.02,0.91,31.3,0.076,Napoli,40.8518,14.2681
2026-07-02T00:00,26.7,80,22.9,31.0,0.0,0.0,0.0,0.0,0.0,0,1011.3,1009.1,1,0,1,0,7.5,201,16.6,0.0,0.0,0.0,0.0,0.0,0.01,0.71,30.3,0.076,Napoli,40.8518,14.2681
2026-07-02T01:00,26.3,84,23.3,30.7,0.0,0.0,0.0,0.0,0.0,0,1011.1,1008.9,0,0,0,0,8.7,193,19.1,0.0,0.0,0.0,0.0,0.0,0.01,0.56,29.4,0.076,Napoli,40.8518,14.2681
2026-07-02T02:00,26.1,80,22.3,29.9,0.0,0.0,0.0,0.0,0.0,0,1010.3,1008.1,0,0,0,0,8.6,192,18.7,0.0,0.0,0.0,0.0,0.0,0.02,0.69,29.0,0.076,Napoli,40.8518,14.2681
2026-07-02T03:00,26.2,79,22.2,30.2,0.0,0.0,0.0,0.0,0.0,0,1010.3,1008.1,0,0,0,0,7.2,192,18.4,0.0,0.0,0.0,0.0,0.0,0.01,0.73,28.4,0.076,Napoli,40.8518,14.2681
2026-07-02T04:00,26.2,79,22.2,30.2,0.0,0.0,0.0,0.0,0.0,0,1010.1,1007.9,0,0,0,0,6.5,178,15.1,0.0,0.0,0.0,0.0,0.0,0.01,0.72,27.9,0.076,Napoli,40.8518,14.2681
2026-07-02T05:00,25.8,82,22.5,30.5,0.0,0.0,0.0,0.0,0.0,1,1010.0,1007.8,25,21,1,5,3.5,165,13.3,0.0,0.0,0.0,0.0,0.0,0.0,0.6,27.5,0.076,Napoli,40.8518,14.2681
2026-07-02T06:00,25.5,84,22.5,30.0,0.1,0.1,0.0,0.0,0.0,51,1010.4,1008.2,34,32,2,2,4.2,110,9.4,3.0,0.0,3.0,0.0,0.0,0.01,0.54,27.2,0.077,Napoli,40.8518,14.2681
2026-07-02T07:00,23.9,88,21.7,27.6,2.1,2.1,0.0,0.0,0.0,61,1010.5,1008.3,99,92,11,86,7.2,145,19.8,70.0,27.0,43.0,187.4,3600.0,0.05,0.37,27.1,0.102,Napoli,40.8518,14.2681
2026-07-02T08:00,21.7,95,20.8,25.7,6.9,6.9,0.0,0.0,0.0,63,1011.5,1009.3,97,5,0,97,1.7,347,27.0,120.0,27.0,93.0,83.1,691.77,0.08,0.14,26.8,0.177,Napoli,40.8518,14.2681
2026-07-02T09:00,23.9,85,21.3,27.6,0.1,0.1,0.0,0.0,0.0,51,1011.3,1009.1,80,1,2,79,5.3,24,18.4,321.0,140.0,181.0,279.2,3600.0,0.21,0.43,26.9,0.177,Napoli,40.8518,14.2681
2026-07-02T10:00,25.8,76,21.4,29.5,0.0,0.0,0.0,0.0,0.0,3,1011.8,1009.6,88,0,2,88,6.1,230,16.6,507.0,297.0,210.0,449.4,3600.0,0.34,0.78,28.1,0.174,Napoli,40.8518,14.2681
2026-07-02T11:00,24.6,80,21.0,28.6,0.1,0.1,0.0,0.0,0.0,51,1011.6,1009.4,70,7,2,66,2.2,275,41.0,325.0,169.0,156.0,213.1,3600.0,0.23,0.6,28.1,0.173,Napoli,40.8518,14.2681
2026-07-02T12:00,26.2,76,21.6,30.8,0.4,0.4,0.0,0.0,0.0,51,1012.4,1010.2,63,54,5,15,5.3,213,18.4,661.0,429.0,232.0,482.9,3600.0,0.46,0.83,29.3,0.174,Napoli,40.8518,14.2681
2026-07-02T13:00,27.5,72,21.9,33.5,0.0,0.0,0.0,0.0,0.0,3,1011.7,1009.5,91,9,1,91,5.6,187,20.2,881.0,684.0,197.0,727.1,3600.0,0.61,1.04,30.8,0.168,Napoli,40.8518,14.2681
2026-07-02T14:00,28.2,66,21.4,33.3,0.0,0.0,0.0,0.0,0.0,3,1011.2,1009.0,89,12,5,87,3.5,105,20.5,716.0,356.0,360.0,376.2,3600.0,0.52,1.28,30.3,0.113,Napoli,40.8518,14.2681
2026-07-02T15:00,28.6,65,21.5,33.1,0.2,0.2,0.0,0.0,0.0,51,1010.9,1008.7,70,26,9,57,7.6,115,24.8,729.0,447.0,282.0,493.9,3600.0,0.53,1.35,31.7,0.111,Napoli,40.8518,14.2681
2026-07-02T16:00,24.1,86,21.6,28.0,3.2,3.2,0.0,0.0,0.0,63,1011.8,1009.6,93,2,9,92,4.8,151,29.9,549.0,257.0,292.0,313.6,3600.0,0.36,0.42,31.1,0.147,Napoli,40.8518,14.2681
2026-07-02T17:00,25.6,78,21.4,29.6,0.1,0.1,0.0,0.0,0.0,51,1011.5,1009.3,91,1,4,91,3.6,200,17.6,359.0,134.0,225.0,192.7,3600.0,0.25,0.72,30.5,0.147,Napoli,40.8518,14.2681
2026-07-02T18:00,25.2,80,21.6,28.9,0.1,0.1,0.0,0.0,0.0,51,1011.2,1009.0,86,0,2,85,6.1,194,21.2,275.0,83.0,192.0,153.3,2798.95,0.19,0.62,29.9,0.146,Napoli,40.8518,14.2681
2026-07-02T19:00,25.7,81,22.2,30.5,0.0,0.0,0.0,0.0,0.0,1,1011.2,1009.0,25,0,1,24,1.3,172,16.2,218.0,85.0,133.0,231.0,3600.0,0.14,0.63,29.5,0.145,Napoli,40.8518,14.2681
2026-07-02T20:00,26.5,65,19.5,27.5,0.0,0.0,0.0,0.0,0.0,0,1011.3,1009.1,16,5,4,9,17.2,70,11.5,113.0,57.0,56.0,305.0,3600.0,0.15,1.19,29.1,0.144,Napoli,40.8518,14.2681
2026-07-02T21:00,25.8,67,19.1,27.1,0.0,0.0,0.0,0.0,0.0,0,1011.4,1009.2,8,2,4,3,14.7,61,40.0,11.0,3.0,8.0,45.9,40.39,0.08,1.11,28.0,0.143,Napoli,40.8518,14.2681
2026-07-02T22:00,25.4,67,18.8,26.3,0.0,0.0,0.0,0.0,0.0,1,1012.0,1009.8,20,1,2,18,16.0,71,36.4,0.0,0.0,0.0,0.0,0.0,0.07,1.07,27.0,0.141,Napoli,40.8518,14.2681
2026-07-02T23:00,24.8,68,18.5,26.1,0.0,0.0,0.0,0.0,0.0,2,1012.7,1010.5,59,1,0,59,12.6,62,35.6,0.0,0.0,0.0,0.0,0.0,0.06,1.01,26.2,0.14,Napoli,40.8518,14.2681
2026-07-03T00:00,24.6,68,18.2,25.2,0.0,0.0,0.0,0.0,0.0,2,1013.0,1010.8,56,2,2,54,16.0,63,35.3,0.0,0.0,0.0,0.0,0.0,0.07,1.0,25.7,0.139,Napoli,40.8518,14.2681
2026-07-03T01:00,24.5,68,18.2,25.5,0.0,0.0,0.0,0.0,0.0,1,1012.9,1010.7,34,1,0,33,13.0,73,34.6,0.0,0.0,0.0,0.0,0.0,0.06,0.98,25.2,0.138,Napoli,40.8518,14.2681
2026-07-03T02:00,24.0,72,18.6,25.4,0.0,0.0,0.0,0.0,0.0,3,1012.7,1010.5,93,0,1,93,11.5,73,29.5,0.0,0.0,0.0,0.0,0.0,0.04,0.84,25.1,0.087,Napoli,40.8518,14.2681
2026-07-03T03:00,24.5,63,17.1,25.1,0.1,0.1,0.0,0.0,0.0,51,1012.2,1010.0,67,0,1,67,12.8,62,29.9,0.0,0.0,0.0,0.0,0.0,0.07,1.12,24.9,0.087,Napoli,40.8518,14.2681
2026-07-03T04:00,24.6,60,16.5,25.0,0.0,0.0,0.0,0.0,0.0,1,1012.0,1009.8,39,0,21,23,13.0,65,29.9,0.0,0.0,0.0,0.0,0.0,0.07,1.22,24.7,0.087,Napoli,40.8518,14.2681
2026-07-03T05:00,24.8,61,16.8,25.3,0.0,0.0,0.0,0.0,0.0,1,1012.6,1010.4,33,0,8,27,12.5,65,31.0,0.0,0.0,0.0,0.0,0.0,0.07,1.21,24.6,0.087,Napoli,40.8518,14.2681
2026-07-03T06:00,24.5,64,17.2,25.4,0.0,0.0,0.0,0.0,0.0,1,1012.9,1010.7,28,0,16,15,11.0,56,29.2,3.0,0.0,3.0,0.0,0.0,0.06,1.11,24.4,0.087,Napoli,40.8518,14.2681
2026-07-03T07:00,25.3,62,17.5,26.4,0.0,0.0,0.0,0.0,0.0,0,1013.4,1011.2,6,0,0,6,10.5,49,28.1,70.0,27.0,43.0,189.2,3600.0,0.1,1.22,24.7,0.086,Napoli,40.8518,14.2681
2026-07-03T08:00,27.2,53,16.9,27.7,0.0,0.0,0.0,0.0,0.0,2,1013.8,1011.6,53,0,3,52,13.1,75,27.7,243.0,164.0,79.0,506.5,3600.0,0.23,1.68,25.8,0.07,Napoli,40.8518,14.2681
2026-07-03T09:00,28.6,47,16.1,28.7,0.0,0.0,0.0,0.0,0.0,2,1014.1,1011.9,51,1,16,41,13.5,74,37.1,390.0,256.0,134.0,511.8,3600.0,0.34,2.07,27.5,0.07,Napoli,40.8518,14.2681
2026-07-03T10:00,29.9,44,16.2,29.9,0.0,0.0,0.0,0.0,0.0,1,1014.2,1012.0,48,5,21,34,14.7,75,40.3,554.0,395.0,159.0,598.5,3600.0,0.47,2.37,29.5,0.07,Napoli,40.8518,14.2681
2026-07-03T11:00,31.1,41,16.2,31.9,0.0,0.0,0.0,0.0,0.0,1,1014.3,1012.1,46,2,5,42,14.8,87,42.8,710.0,545.0,165.0,688.0,3600.0,0.59,2.68,31.8,0.07,Napoli,40.8518,14.2681
2026-07-03T12:00,32.4,37,15.9,33.9,0.0,0.0,0.0,0.0,0.0,2,1014.4,1012.2,74,11,5,70,13.3,92,42.8,824.0,662.0,162.0,745.8,3600.0,0.68,3.06,34.1,0.07,Napoli,40.8518,14.2681
2026-07-03T13:00,33.5,34,15.4,35.2,0.0,0.0,0.0,0.0,0.0,2,1014.2,1012.1,75,9,10,72,12.1,87,40.3,844.0,624.0,220.0,663.7,3600.0,0.71,3.43,36.2,0.07,Napoli,40.8518,14.2681
2026-07-03T14:00,33.4,34,15.4,36.2,0.0,0.0,0.0,0.0,0.0,2,1013.9,1011.8,77,5,21,70,6.1,118,37.1,854.0,661.0,193.0,698.7,3600.0,0.67,3.38,36.1,0.075,Napoli,40.8518,14.2681
2026-07-03T15:00,33.2,33,15.0,34.9,0.0,0.0,0.0,0.0,0.0,3,1014.0,1011.9,80,5,38,68,10.4,51,34.2,823.0,614.0,209.0,678.7,3600.0,0.68,3.39,38.2,0.075,Napoli,40.8518,14.2681
2026-07-03T16:00,33.7,32,14.7,35.2,0.0,0.0,0.0,0.0,0.0,2,1014.1,1012.0,56,2,18,46,4.8,34,34.9,653.0,454.0,199.0,554.2,3600.0,0.52,3.54,38.8,0.076,Napoli,40.8518,14.2681
2026-07-03T17:00,32.9,34,14.8,33.4,0.0,0.0,0.0,0.0,0.0,2,1013.9,1011.8,66,8,5,61,7.5,318,26.6,521.0,347.0,174.0,499.1,3600.0,0.45,3.32,38.9,0.076,Napoli,40.8518,14.2681
2026-07-03T18:00,32.8,34,14.7,33.1,0.0,0.0,0.0,0.0,0.0,2,1013.9,1011.8,55,4,22,43,8.1,325,26.6,434.0,318.0,116.0,587.6,3600.0,0.38,3.29,38.5,0.075,Napoli,40.8518,14.2681
2026-07-03T19:00,31.6,36,14.9,31.5,0.0,0.0,0.0,0.0,0.0,2,1014.2,1012.0,51,5,24,35,12.1,333,30.6,258.0,157.0,101.0,427.0,3600.0,0.29,2.95,37.3,0.075,Napoli,40.8518,14.2681
2026-07-03T20:00,31.2,32,12.5,29.8,0.0,0.0,0.0,0.0,0.0,0,1014.7,1012.5,15,1,5,11,14.5,53,34.6,108.0,52.0,56.0,278.8,3600.0,0.23,3.1,35.9,0.072,Napoli,40.8518,14.2681
2026-07-03T21:00,29.9,34,12.3,29.0,0.0,0.0,0.0,0.0,0.0,0,1015.1,1012.9,3,0,3,1,11.2,49,34.9,11.0,3.0,8.0,46.0,44.84,0.14,2.79,34.2,0.072,Napoli,40.8518,14.2681
2026-07-03T22:00,29.3,35,12.1,28.3,0.0,0.0,0.0,0.0,0.0,0,1015.8,1013.6,1,0,1,0,11.5,58,28.4,0.0,0.0,0.0,0.0,0.0,0.13,2.67,32.7,0.072,Napoli,40.8518,14.2681
2026-07-03T23:00,28.6,35,11.6,27.8,0.0,0.0,0.0,0.0,0.0,0,1016.3,1014.1,1,0,1,0,8.7,58,27.7,0.0,0.0,0.0,0.0,0.0,0.1,2.54,31.4,0.072,Napoli,40.8518,14.2681
2026-07-04T00:00,27.9,36,11.4,27.1,0.0,0.0,0.0,0.0,0.0,0,1017.0,1014.8,7,0,7,0,8.7,58,21.6,0.0,0.0,0.0,0.0,0.0,0.09,2.41,30.3,0.072,Napoli,40.8518,14.2681
2026-07-04T01:00,27.2,38,11.5,26.2,0.0,0.0,0.0,0.0,0.0,0,1017.1,1014.9,11,0,11,0,9.4,52,22.0,0.0,0.0,0.0,0.0,0.0,0.1,2.24,29.4,0.072,Napoli,40.8518,14.2681
2026-07-04T02:00,24.9,46,12.4,25.2,0.0,0.0,0.0,0.0,0.0,0,1017.0,1014.8,13,0,13,0,3.1,10,21.2,0.0,0.0,0.0,0.0,0.0,0.02,1.71,26.9,0.053,Napoli,40.8518,14.2681
2026-07-04T03:00,24.6,47,12.5,25.1,0.0,0.0,0.0,0.0,0.0,0,1016.8,1014.6,15,0,15,0,2.0,355,7.9,0.0,0.0,0.0,0.0,0.0,0.0,1.65,26.2,0.054,Napoli,40.8518,14.2681
2026-07-04T04:00,24.1,47,12.2,24.2,0.0,0.0,0.0,0.0,0.0,0,1016.8,1014.6,9,0,9,0,3.4,6,7.9,0.0,0.0,0.0,0.0,0.0,0.02,1.57,25.4,0.054,Napoli,40.8518,14.2681
2026-07-04T05:00,23.3,50,12.3,23.5,0.0,0.0,0.0,0.0,0.0,0,1016.9,1014.7,12,0,12,0,3.4,25,9.4,0.0,0.0,0.0,0.0,0.0,0.02,1.43,24.8,0.054,Napoli,40.8518,14.2681
2026-07-04T06:00,22.9,52,12.6,23.1,0.0,0.0,0.0,0.0,0.0,0,1017.1,1014.9,6,0,6,0,4.1,38,9.4,3.0,0.0,3.0,0.0,0.0,0.03,1.34,24.3,0.054,Napoli,40.8518,14.2681
2026-07-04T07:00,24.0,50,12.8,23.9,0.0,0.0,0.0,0.0,0.0,0,1017.4,1015.2,1,0,1,0,6.4,36,16.6,83.0,39.0,44.0,276.2,3600.0,0.09,1.5,24.5,0.054,Napoli,40.8518,14.2681
2026-07-04T08:00,27.0,43,13.2,26.8,0.0,0.0,0.0,0.0,0.0,0,1017.6,1015.4,2,0,2,0,7.8,46,20.9,253.0,176.0,77.0,545.9,3600.0,0.21,2.04,25.9,0.034,Napoli,40.8518,14.2681
2026-07-04T09:00,29.2,38,13.4,28.6,0.0,0.0,0.0,0.0,0.0,0,1017.9,1015.7,0,0,0,0,11.0,52,30.2,432.0,326.0,106.0,653.3,3600.0,0.37,2.51,27.8,0.034,Napoli,40.8518,14.2681
2026-07-04T10:00,30.6,33,12.3,30.1,0.0,0.0,0.0,0.0,0.0,0,1018.0,1015.8,0,0,0,0,11.0,38,32.0,617.0,512.0,105.0,777.1,3600.0,0.51,2.96,30.2,0.034,Napoli,40.8518,14.2681
2026-07-04T11:00,31.9,29,11.6,31.6,0.0,0.0,0.0,0.0,0.0,0,1018.1,1015.9,0,0,0,0,13.2,40,36.7,761.0,643.0,118.0,812.7,3600.0,0.64,3.35,32.6,0.034,Napoli,40.8518,14.2681
2026-07-04T12:00,33.2,24,9.9,32.9,0.0,0.0,0.0,0.0,0.0,0,1018.1,1015.9,0,0,0,0,13.7,38,39.2,873.0,750.0,123.0,845.6,3600.0,0.74,3.85,34.9,0.034,Napoli,40.8518,14.2681
2026-07-04T13:00,34.1,20,7.9,33.6,0.0,0.0,0.0,0.0,0.0,0,1017.8,1015.7,0,0,0,0,13.8,36,39.6,933.0,806.0,127.0,857.8,3600.0,0.8,4.28,37.0,0.034,Napoli,40.8518,14.2681
2026-07-04T14:00,35.0,18,7.0,34.1,0.0,0.0,0.0,0.0,0.0,0,1017.4,1015.3,0,0,0,0,14.9,35,42.5,944.0,817.0,127.0,864.0,3600.0,0.83,4.61,38.0,0.065,Napoli,40.8518,14.2681
2026-07-04T15:00,34.9,17,6.1,33.4,0.0,0.0,0.0,0.0,0.0,0,1017.1,1015.0,2,0,2,0,16.0,43,42.5,901.0,778.0,123.0,860.2,3600.0,0.81,4.64,39.1,0.065,Napoli,40.8518,14.2681
2026-07-04T16:00,34.8,17,6.4,32.7,0.0,0.0,0.0,0.0,0.0,0,1016.8,1014.7,4,0,4,0,16.7,49,43.6,797.0,673.0,124.0,821.8,3600.0,0.74,4.6,39.5,0.065,Napoli,40.8518,14.2681
2026-07-04T17:00,34.6,19,7.3,32.5,0.0,0.0,0.0,0.0,0.0,1,1016.7,1014.6,41,0,41,0,12.2,38,43.6,632.0,505.0,127.0,726.6,3600.0,0.58,4.46,39.4,0.065,Napoli,40.8518,14.2681
2026-07-04T18:00,33.2,23,9.4,31.6,0.0,0.0,0.0,0.0,0.0,0,1016.5,1014.3,9,0,9,0,9.8,336,33.8,449.0,323.0,126.0,597.1,3600.0,0.42,3.91,39.0,0.065,Napoli,40.8518,14.2681
2026-07-04T19:00,31.8,29,11.5,30.7,0.0,0.0,0.0,0.0,0.0,0,1016.5,1014.3,0,0,0,0,9.9,318,27.7,289.0,202.0,87.0,549.8,3600.0,0.3,3.34,37.8,0.065,Napoli,40.8518,14.2681
2026-07-04T20:00,31.4,17,3.8,28.6,0.0,0.0,0.0,0.0,0.0,0,1016.9,1014.7,1,0,1,0,8.4,11,26.6,120.0,68.0,52.0,365.5,3600.0,0.18,3.78,36.3,0.054,Napoli,40.8518,14.2681
2026-07-04T21:00,29.8,20,4.2,27.9,0.0,0.0,0.0,0.0,0.0,0,1017.4,1015.2,0,0,0,0,3.6,33,20.9,12.0,3.0,9.0,46.2,50.15,0.05,3.37,34.3,0.054,Napoli,40.8518,14.2681
2026-07-04T22:00,28.8,23,5.7,27.5,0.0,0.0,0.0,0.0,0.0,0,1017.8,1015.6,0,0,0,0,1.0,68,10.4,0.0,0.0,0.0,0.0,0.0,0.0,3.04,32.5,0.054,Napoli,40.8518,14.2681
2026-07-04T23:00,27.8,24,5.2,26.3,0.0,0.0,0.0,0.0,0.0,0,1018.1,1015.9,0,0,0,0,1.8,79,5.8,0.0,0.0,0.0,0.0,0.0,0.01,2.85,30.9,0.054,Napoli,40.8518,14.2681
2026-07-05T00:00,27.0,23,4.4,25.1,0.0,0.0,0.0,0.0,0.0,0,1018.3,1016.1,0,0,0,0,3.3,77,9.0,0.0,0.0,0.0,0.0,0.0,0.04,2.72,29.4,0.054,Napoli,40.8518,14.2681
2026-07-05T01:00,26.0,24,4.1,23.9,0.0,0.0,0.0,0.0,0.0,0,1018.0,1015.8,0,0,0,0,4.6,64,11.5,0.0,0.0,0.0,0.0,0.0,0.05,2.54,28.2,0.054,Napoli,40.8518,14.2681
2026-07-05T02:00,24.0,35,7.4,23.0,0.0,0.0,0.0,0.0,0.0,0,1018.3,1016.1,0,0,0,0,1.8,45,14.8,0.0,0.0,0.0,0.0,0.0,0.01,1.95,27.7,0.056,Napoli,40.8518,14.2681
2026-07-05T03:00,23.2,36,7.4,22.2,0.0,0.0,0.0,0.0,0.0,0,1017.9,1015.7,0,0,0,0,1.9,17,6.8,0.0,0.0,0.0,0.0,0.0,0.01,1.82,26.4,0.056,Napoli,40.8518,14.2681
2026-07-05T04:00,22.3,38,7.2,21.0,0.0,0.0,0.0,0.0,0.0,0,1017.8,1015.6,0,0,0,0,3.2,360,8.6,0.0,0.0,0.0,0.0,0.0,0.02,1.67,25.3,0.056,Napoli,40.8518,14.2681
2026-07-05T05:00,21.4,40,7.4,20.0,0.0,0.0,0.0,0.0,0.0,0,1017.8,1015.6,0,0,0,0,5.2,31,11.9,0.0,0.0,0.0,0.0,0.0,0.04,1.52,24.3,0.056,Napoli,40.8518,14.2681
2026-07-05T06:00,20.9,43,7.9,19.6,0.0,0.0,0.0,0.0,0.0,0,1018.0,1015.8,0,0,0,0,5.1,32,14.0,3.0,0.0,3.0,0.0,0.0,0.04,1.41,23.6,0.056,Napoli,40.8518,14.2681
2026-07-05T07:00,22.8,39,8.0,21.1,0.0,0.0,0.0,0.0,0.0,0,1018.2,1016.0,0,0,0,0,7.7,33,18.7,87.0,46.0,41.0,329.3,3600.0,0.1,1.69,23.6,0.056,Napoli,40.8518,14.2681
2026-07-05T08:00,25.8,32,7.7,23.7,0.0,0.0,0.0,0.0,0.0,0,1018.3,1016.1,0,0,0,0,9.7,43,22.0,256.0,180.0,76.0,560.8,3600.0,0.23,2.26,24.8,0.056,Napoli,40.8518,14.2681
2026-07-05T09:00,27.6,29,8.1,25.9,0.0,0.0,0.0,0.0,0.0,0,1018.5,1016.3,0,0,0,0,8.0,36,26.6,444.0,348.0,96.0,699.2,3600.0,0.35,2.6,26.8,0.056,Napoli,40.8518,14.2681
2026-07-05T10:00,29.4,24,6.4,27.9,0.0,0.0,0.0,0.0,0.0,0,1018.4,1016.2,0,0,0,0,6.5,360,24.1,623.0,514.0,109.0,781.5,3600.0,0.47,3.13,29.3,0.056,Napoli,40.8518,14.2681
2026-07-05T11:00,30.9,23,7.4,29.8,0.0,0.0,0.0,0.0,0.0,0,1018.4,1016.2,0,0,0,0,11.7,5,33.8,775.0,657.0,118.0,831.4,3600.0,0.63,3.44,31.9,0.056,Napoli,40.8518,14.2681
2026-07-05T12:00,32.4,22,8.0,31.4,0.0,0.0,0.0,0.0,0.0,0,1018.2,1016.0,0,0,0,0,15.0,21,41.0,886.0,763.0,123.0,861.0,3600.0,0.75,3.78,34.2,0.056,Napoli,40.8518,14.2681
2026-07-05T13:00,33.8,19,6.8,32.8,0.0,0.0,0.0,0.0,0.0,0,1017.6,1015.5,0,0,0,0,15.5,25,42.5,949.0,822.0,127.0,875.4,3600.0,0.82,4.26,36.3,0.056,Napoli,40.8518,14.2681
2026-07-05T14:00,35.2,16,5.9,34.4,0.0,0.0,0.0,0.0,0.0,0,1017.0,1014.9,0,0,0,0,13.5,38,42.1,956.0,829.0,127.0,877.1,3600.0,0.83,4.74,38.1,0.064,Napoli,40.8518,14.2681
2026-07-05T15:00,35.2,16,5.2,34.5,0.0,0.0,0.0,0.0,0.0,0,1016.6,1014.5,1,0,1,0,10.3,35,37.4,906.0,782.0,124.0,865.0,3600.0,0.76,4.79,39.6,0.064,Napoli,40.8518,14.2681
2026-07-05T16:00,34.8,17,5.8,34.0,0.0,0.0,0.0,0.0,0.0,0,1016.3,1014.2,1,0,1,0,8.1,342,32.4,799.0,678.0,121.0,828.2,3600.0,0.66,4.62,40.5,0.064,Napoli,40.8518,14.2681
2026-07-05T17:00,32.9,25,10.6,31.6,0.0,0.0,0.0,0.0,0.0,0,1016.2,1014.0,6,0,3,3,13.8,297,36.0,653.0,541.0,112.0,778.8,3600.0,0.59,3.73,40.4,0.064,Napoli,40.8518,14.2681
2026-07-05T18:00,31.1,34,13.5,29.4,0.0,0.0,0.0,0.0,0.0,0,1016.1,1013.9,2,0,2,0,19.2,295,47.2,476.0,376.0,100.0,695.5,3600.0,0.48,2.96,39.2,0.064,Napoli,40.8518,14.2681
2026-07-05T19:00,29.7,39,14.1,28.3,0.0,0.0,0.0,0.0,0.0,0,1016.3,1014.1,1,0,1,1,18.8,296,48.6,296.0,214.0,82.0,583.2,3600.0,0.34,2.56,37.4,0.064,Napoli,40.8518,14.2681
2026-07-05T20:00,28.4,44,15.2,27.6,0.0,0.0,0.0,0.0,0.0,0,1016.1,1013.9,0,0,0,0,17.2,298,44.6,121.0,69.0,52.0,371.9,3600.0,0.21,2.15,35.6,0.06,Napoli,40.8518,14.2681
2026-07-05T21:00,27.5,47,15.4,27.3,0.0,0.0,0.0,0.0,0.0,0,1016.3,1014.1,0,0,0,0,13.5,306,40.0,12.0,3.0,9.0,46.4,56.32,0.12,1.93,33.5,0.06,Napoli,40.8518,14.2681
2026-07-05T22:00,27.1,50,15.7,27.4,0.0,0.0,0.0,0.0,0.0,0,1017.0,1014.8,1,0,1,0,11.1,314,31.0,0.0,0.0,0.0,0.0,0.0,0.09,1.79,31.9,0.061,Napoli,40.8518,14.2681
2026-07-05T23:00,26.5,55,16.8,27.4,0.0,0.0,0.0,0.0,0.0,0,1017.2,1015.0,1,0,1,0,10.0,311,25.2,0.0,0.0,0.0,0.0,0.0,0.07,1.55,30.6,0.061,Napoli,40.8518,14.2681
2026-07-06T00:00,26.1,60,17.7,27.6,0.0,0.0,0.0,0.0,0.0,0,1017.3,1015.1,0,0,0,0,8.4,298,22.0,0.0,0.0,0.0,0.0,0.0,0.05,1.35,29.5,0.061,Napoli,40.8518,14.2681
2026-07-06T01:00,25.8,63,18.3,27.7,0.0,0.0,0.0,0.0,0.0,0,1017.1,1014.9,0,0,0,0,7.3,298,18.7,0.0,0.0,0.0,0.0,0.0,0.04,1.22,28.5,0.061,Napoli,40.8518,14.2681
2026-07-06T02:00,24.4,69,18.2,26.9,0.0,0.0,0.0,0.0,0.0,0,1016.7,1014.5,0,0,0,0,3.1,315,16.2,0.0,0.0,0.0,0.0,0.0,0.0,0.96,27.3,0.057,Napoli,40.8518,14.2681
2026-07-06T03:00,24.1,69,18.2,26.7,0.0,0.0,0.0,0.0,0.0,0,1016.4,1014.2,0,0,0,0,2.8,320,7.9,0.0,0.0,0.0,0.0,0.0,0.0,0.92,26.5,0.057,Napoli,40.8518,14.2681
2026-07-06T04:00,23.5,71,17.9,26.0,0.0,0.0,0.0,0.0,0.0,0,1016.2,1014.0,0,0,0,0,2.1,340,6.8,0.0,0.0,0.0,0.0,0.0,0.0,0.85,25.8,0.057,Napoli,40.8518,14.2681
2026-07-06T05:00,23.1,70,17.3,25.4,0.0,0.0,0.0,0.0,0.0,0,1016.2,1014.0,0,0,0,0,2.0,5,5.0,0.0,0.0,0.0,0.0,0.0,0.0,0.86,25.0,0.057,Napoli,40.8518,14.2681
2026-07-06T06:00,22.9,64,15.7,24.4,0.0,0.0,0.0,0.0,0.0,0,1016.5,1014.3,1,0,1,0,2.8,15,6.1,3.0,0.0,3.0,0.0,0.0,0.01,1.0,24.4,0.057,Napoli,40.8518,14.2681
2026-07-06T07:00,24.3,51,13.7,25.0,0.0,0.0,0.0,0.0,0.0,0,1016.6,1014.4,0,0,0,0,3.5,21,9.0,81.0,41.0,40.0,297.0,3600.0,0.06,1.48,24.7,0.057,Napoli,40.8518,14.2681
2026-07-06T08:00,25.9,55,16.2,27.9,0.0,0.0,0.0,0.0,0.0,0,1016.6,1014.4,5,0,5,0,1.1,189,11.2,243.0,167.0,76.0,522.7,3600.0,0.15,1.51,25.6,0.057,Napoli,40.8518,14.2681
2026-07-06T09:00,27.6,53,17.2,30.0,0.0,0.0,0.0,0.0,0.0,0,1017.1,1014.9,2,0,2,0,1.1,180,11.9,416.0,317.0,99.0,638.7,3600.0,0.28,1.74,27.8,0.057,Napoli,40.8518,14.2681
2026-07-06T10:00,28.9,49,17.3,31.0,0.0,0.0,0.0,0.0,0.0,1,1017.3,1015.1,25,0,25,0,5.0,139,18.7,586.0,470.0,116.0,715.8,3600.0,0.43,2.01,30.3,0.057,Napoli,40.8518,14.2681
2026-07-06T11:00,28.9,59,20.2,32.2,0.0,0.0,0.0,0.0,0.0,0,1017.4,1015.2,8,0,8,0,10.4,166,29.2,707.0,565.0,142.0,715.8,3600.0,0.52,1.62,32.4,0.057,Napoli,40.8518,14.2681
2026-07-06T12:00,28.8,62,20.8,32.7,0.0,0.0,0.0,0.0,0.0,0,1017.6,1015.4,18,0,17,1,12.8,185,34.9,823.0,678.0,145.0,765.8,3600.0,0.59,1.51,34.2,0.057,Napoli,40.8518,14.2681
2026-07-06T13:00,28.6,60,20.1,32.4,0.0,0.0,0.0,0.0,0.0,1,1017.7,1015.5,41,2,28,19,12.1,185,36.7,852.0,687.0,165.0,732.1,3600.0,0.61,1.56,35.7,0.057,Napoli,40.8518,14.2681
2026-07-06T14:00,29.9,57,20.5,33.5,0.1,0.1,0.0,0.0,0.0,51,1017.1,1014.9,41,0,18,30,13.9,177,33.5,821.0,638.0,183.0,675.4,3600.0,0.61,1.81,37.3,0.058,Napoli,40.8518,14.2681
2026-07-06T15:00,30.6,52,19.6,34.5,0.0,0.0,0.0,0.0,0.0,2,1017.0,1014.8,78,6,16,73,9.1,187,37.1,813.0,640.0,173.0,708.2,3600.0,0.62,2.12,38.2,0.058,Napoli,40.8518,14.2681
2026-07-06T16:00,31.0,46,18.0,33.4,0.0,0.0,0.0,0.0,0.0,3,1016.9,1014.7,98,7,7,98,8.4,200,28.1,667.0,440.0,227.0,537.7,3600.0,0.53,2.43,38.6,0.058,Napoli,40.8518,14.2681
2026-07-06T17:00,30.4,47,17.7,31.9,0.0,0.0,0.0,0.0,0.0,3,1017.1,1014.9,98,0,2,98,8.4,227,26.6,458.0,189.0,269.0,272.2,3600.0,0.38,2.32,38.2,0.058,Napoli,40.8518,14.2681
2026-07-06T18:00,30.4,42,16.2,31.9,0.0,0.0,0.0,0.0,0.0,2,1016.8,1014.6,55,0,1,55,4.5,241,25.6,360.0,140.0,220.0,259.1,3600.0,0.29,2.5,37.6,0.058,Napoli,40.8518,14.2681
2026-07-06T19:00,29.8,46,16.8,31.0,0.0,0.0,0.0,0.0,0.0,0,1016.5,1014.3,5,0,5,2,7.9,253,22.3,253.0,140.0,113.0,382.0,3600.0,0.23,2.28,36.6,0.058,Napoli,40.8518,14.2681
2026-07-06T20:00,28.2,53,17.7,30.0,0.0,0.0,0.0,0.0,0.0,0,1016.6,1014.4,7,0,5,2,6.7,278,22.7,113.0,61.0,52.0,329.9,3600.0,0.12,1.81,34.2,0.058,Napoli,40.8518,14.2681
2026-07-06T21:00,27.4,54,17.4,29.0,0.0,0.0,0.0,0.0,0.0,0,1016.8,1014.6,7,0,5,2,7.0,291,17.6,11.0,3.0,8.0,46.6,63.41,0.06,1.66,32.6,0.058,Napoli,40.8518,14.2681
2026-07-06T22:00,27.0,55,17.1,28.6,0.0,0.0,0.0,0.0,0.0,0,1017.3,1015.1,6,0,5,1,5.7,323,16.6,0.0,0.0,0.0,0.0,0.0,0.04,1.61,31.2,0.058,Napoli,40.8518,14.2681
2026-07-06T23:00,26.5,56,17.2,28.8,0.0,0.0,0.0,0.0,0.0,0,1017.3,1015.1,8,0,8,0,1.5,339,14.0,0.0,0.0,0.0,0.0,0.0,0.0,1.51,30.0,0.058,Napoli,40.8518,14.2681
2026-07-07T00:00,26.4,57,17.3,28.9,0.0,0.0,0.0,0.0,0.0,0,1017.4,1015.2,2,0,2,0,0.4,153,4.7,0.0,0.0,0.0,0.0,0.0,0.0,1.46,28.9,0.058,Napoli,40.8518,14.2681
2026-07-07T01:00,25.8,62,17.9,28.3,0.0,0.0,0.0,0.0,0.0,0,1017.6,1015.4,0,0,0,0,2.3,198,5.0,0.0,0.0,0.0,0.0,0.0,0.0,1.26,28.0,0.058,Napoli,40.8518,14.2681
2026-07-07T02:00,24.8,77,20.4,28.7,0.0,0.0,0.0,0.0,0.0,0,1017.3,1015.1,0,0,0,0,1.0,149,7.6,0.0,0.0,0.0,0.0,0.0,0.0,0.72,26.7,0.059,Napoli,40.8518,14.2681
2026-07-07T03:00,24.4,78,20.3,28.4,0.0,0.0,0.0,0.0,0.0,0,1017.2,1015.0,0,0,0,0,0.4,360,2.9,0.0,0.0,0.0,0.0,0.0,0.0,0.67,26.0,0.059,Napoli,40.8518,14.2681
2026-07-07T04:00,24.0,78,19.9,27.7,0.0,0.0,0.0,0.0,0.0,0,1017.2,1015.0,0,0,0,0,0.8,27,1.8,0.0,0.0,0.0,0.0,0.0,0.0,0.66,25.4,0.059,Napoli,40.8518,14.2681
2026-07-07T05:00,23.6,78,19.6,27.0,0.0,0.0,0.0,0.0,0.0,0,1017.3,1015.1,0,0,0,0,1.6,63,3.6,0.0,0.0,0.0,0.0,0.0,0.0,0.64,24.8,0.059,Napoli,40.8518,14.2681
2026-07-07T06:00,23.4,79,19.5,26.5,0.0,0.0,0.0,0.0,0.0,0,1017.8,1015.6,0,0,0,0,3.1,69,6.1,2.0,0.0,2.0,0.0,0.0,0.01,0.61,24.3,0.059,Napoli,40.8518,14.2681
2026-07-07T07:00,24.9,72,19.5,27.9,0.0,0.0,0.0,0.0,0.0,0,1018.1,1015.9,1,1,0,0,4.4,97,10.8,78.0,38.0,40.0,278.7,3600.0,0.06,0.88,24.7,0.059,Napoli,40.8518,14.2681
2026-07-07T08:00,25.9,70,20.0,29.1,0.0,0.0,0.0,0.0,0.0,0,1018.3,1016.1,0,0,0,0,4.2,115,15.8,237.0,159.0,78.0,500.1,3600.0,0.16,1.01,25.6,0.059,Napoli,40.8518,14.2681
2026-07-07T09:00,27.3,66,20.3,30.6,0.0,0.0,0.0,0.0,0.0,0,1018.5,1016.3,1,1,0,0,4.3,152,16.9,418.0,316.0,102.0,638.5,3600.0,0.29,1.24,27.6,0.059,Napoli,40.8518,14.2681
2026-07-07T10:00,28.3,61,20.2,31.5,0.0,0.0,0.0,0.0,0.0,0,1018.5,1016.3,4,2,0,2,6.8,177,22.7,591.0,474.0,117.0,723.3,3600.0,0.42,1.49,29.9,0.059,Napoli,40.8518,14.2681
2026-07-07T11:00,28.6,62,20.6,32.3,0.0,0.0,0.0,0.0,0.0,0,1018.6,1016.4,15,13,1,3,10.3,187,31.7,737.0,610.0,127.0,773.9,3600.0,0.53,1.49,32.2,0.059,Napoli,40.8518,14.2681
2026-07-07T12:00,28.7,63,20.9,32.6,0.1,0.1,0.0,0.0,0.0,51,1018.6,1016.4,6,3,2,2,12.7,187,34.9,822.0,671.0,151.0,758.6,3600.0,0.58,1.47,34.0,0.06,Napoli,40.8518,14.2681
2026-07-07T13:00,28.9,62,20.8,32.9,0.0,0.0,0.0,0.0,0.0,1,1018.4,1016.2,27,2,22,6,14.2,187,38.5,898.0,756.0,142.0,806.2,3600.0,0.63,1.51,35.5,0.06,Napoli,40.8518,14.2681
2026-07-07T14:00,29.9,57,20.6,33.6,0.0,0.0,0.0,0.0,0.0,1,1017.8,1015.6,40,0,39,2,13.7,193,38.9,823.0,641.0,182.0,679.0,3600.0,0.61,1.79,37.5,0.061,Napoli,40.8518,14.2681
2026-07-07T15:00,29.5,59,20.7,32.8,0.0,0.0,0.0,0.0,0.0,2,1017.6,1015.4,63,2,53,20,13.5,192,39.6,743.0,558.0,185.0,617.8,3600.0,0.55,1.67,37.8,0.061,Napoli,40.8518,14.2681
2026-07-07T16:00,29.6,53,19.1,31.7,0.1,0.1,0.0,0.0,0.0,51,1017.6,1015.4,60,15,36,34,13.0,185,36.7,655.0,464.0,191.0,567.3,3600.0,0.51,1.94,37.7,0.062,Napoli,40.8518,14.2681
2026-07-07T17:00,29.1,57,19.8,31.2,0.2,0.2,0.0,0.0,0.0,51,1017.3,1015.1,42,2,8,37,11.3,197,35.6,531.0,379.0,152.0,546.2,3600.0,0.41,1.72,37.2,0.065,Napoli,40.8518,14.2681
2026-07-07T18:00,29.0,55,19.1,31.0,0.1,0.1,0.0,0.0,0.0,51,1017.1,1014.9,10,0,2,9,9.1,202,31.0,416.0,277.0,139.0,513.2,3600.0,0.33,1.78,36.5,0.066,Napoli,40.8518,14.2681
2026-07-07T19:00,28.6,56,18.9,30.9,0.0,0.0,0.0,0.0,0.0,1,1016.8,1014.6,43,1,2,41,6.4,205,25.6,249.0,155.0,94.0,423.6,3600.0,0.2,1.72,35.4,0.067,Napoli,40.8518,14.2681
2026-07-07T20:00,28.3,56,18.7,30.8,0.0,0.0,0.0,0.0,0.0,2,1016.6,1014.4,50,3,0,48,5.2,239,18.7,106.0,48.0,58.0,260.6,3600.0,0.1,1.69,34.2,0.067,Napoli,40.8518,14.2681
2026-07-07T21:00,27.8,58,18.7,30.3,0.0,0.0,0.0,0.0,0.0,0,1016.7,1014.5,13,5,2,7,4.2,280,14.0,10.0,2.0,8.0,31.2,0.0,0.03,1.58,32.6,0.067,Napoli,40.8518,14.2681
2026-07-07T22:00,27.4,61,19.2,30.5,0.0,0.0,0.0,0.0,0.0,0,1016.9,1014.7,2,0,2,0,2.2,312,10.4,0.0,0.0,0.0,0.0,0.0,0.0,1.41,31.3,0.067,Napoli,40.8518,14.2681
2026-07-07T23:00,26.9,64,19.4,30.2,0.0,0.0,0.0,0.0,0.0,0,1016.9,1014.7,1,0,1,0,1.3,315,5.4,0.0,0.0,0.0,0.0,0.0,0.0,1.28,30.2,0.067,Napoli,40.8518,14.2681
2026-07-08T00:00,26.5,66,19.6,29.9,0.0,0.0,0.0,0.0,0.0,0,1016.8,1014.6,1,0,1,0,1.1,279,4.0,0.0,0.0,0.0,0.0,0.0,0.0,1.18,29.3,0.067,Napoli,40.8518,14.2681
2026-07-08T01:00,26.1,67,19.6,29.4,0.0,0.0,0.0,0.0,0.0,0,1016.8,1014.6,0,0,0,0,1.8,276,4.7,0.0,0.0,0.0,0.0,0.0,0.0,1.1,28.4,0.067,Napoli,40.8518,14.2681
2026-07-08T02:00,25.0,81,21.6,29.3,0.0,0.0,0.0,0.0,0.0,0,1016.1,1013.9,1,0,1,0,2.3,209,5.8,0.0,0.0,0.0,0.0,0.0,0.0,0.59,27.2,0.08,Napoli,40.8518,14.2681
2026-07-08T03:00,24.9,81,21.4,29.1,0.0,0.0,0.0,0.0,0.0,0,1015.6,1013.4,1,0,1,1,2.1,211,5.8,0.0,0.0,0.0,0.0,0.0,0.0,0.59,26.6,0.08,Napoli,40.8518,14.2681
2026-07-08T04:00,24.7,81,21.2,28.8,0.0,0.0,0.0,0.0,0.0,0,1015.5,1013.3,1,0,0,1,2.4,216,5.8,0.0,0.0,0.0,0.0,0.0,0.0,0.59,26.0,0.08,Napoli,40.8518,14.2681
2026-07-08T05:00,24.5,82,21.2,28.5,0.0,0.0,0.0,0.0,0.0,0,1015.3,1013.1,6,5,0,1,2.9,240,6.5,0.0,0.0,0.0,0.0,0.0,0.0,0.56,25.5,0.08,Napoli,40.8518,14.2681
2026-07-08T06:00,24.2,84,21.3,28.3,0.0,0.0,0.0,0.0,0.0,0,1015.5,1013.3,11,11,0,0,2.2,270,6.5,2.0,0.0,2.0,0.0,0.0,0.0,0.49,25.1,0.08,Napoli,40.8518,14.2681
2026-07-08T07:00,25.2,78,21.1,29.3,0.0,0.0,0.0,0.0,0.0,0,1015.5,1013.3,16,16,0,0,2.3,252,7.2,74.0,33.0,41.0,245.2,3600.0,0.04,0.7,25.4,0.08,Napoli,40.8518,14.2681
2026-07-08T08:00,26.3,72,21.0,30.0,0.0,0.0,0.0,0.0,0.0,1,1015.4,1013.2,20,20,0,0,4.5,220,13.3,230.0,149.0,81.0,471.1,3600.0,0.16,0.94,25.7,0.095,Napoli,40.8518,14.2681
2026-07-08T09:00,27.1,68,20.7,30.2,0.0,0.0,0.0,0.0,0.0,0,1015.4,1013.2,9,9,0,0,7.2,219,20.9,407.0,296.0,111.0,599.8,3600.0,0.29,1.13,27.2,0.093,Napoli,40.8518,14.2681
2026-07-08T10:00,27.9,64,20.4,30.8,0.0,0.0,0.0,0.0,0.0,1,1015.3,1013.1,25,25,0,0,9.0,213,25.6,575.0,439.0,136.0,671.1,3600.0,0.41,1.36,28.9,0.092,Napoli,40.8518,14.2681
2026-07-08T11:00,28.6,60,20.1,32.0,0.0,0.0,0.0,0.0,0.0,1,1015.2,1013.0,41,37,5,0,10.0,206,28.4,715.0,558.0,157.0,708.8,3600.0,0.52,1.57,30.7,0.09,Napoli,40.8518,14.2681
2026-07-08T12:00,28.8,60,20.3,32.8,0.0,0.0,0.0,0.0,0.0,0,1015.0,1012.8,12,11,1,0,11.3,197,32.0,837.0,689.0,148.0,779.7,3600.0,0.6,1.58,32.4,0.087,Napoli,40.8518,14.2681
2026-07-08T13:00,28.9,62,21.0,33.3,0.0,0.0,0.0,0.0,0.0,0,1014.6,1012.4,12,9,3,0,12.4,194,34.9,896.0,748.0,148.0,798.3,3600.0,0.63,1.49,33.9,0.085,Napoli,40.8518,14.2681
2026-07-08T14:00,28.9,64,21.4,33.3,0.0,0.0,0.0,0.0,0.0,0,1014.0,1011.8,9,6,3,0,14.6,190,36.7,913.0,779.0,134.0,825.7,3600.0,0.64,1.43,35.9,0.09,Napoli,40.8518,14.2681
2026-07-08T15:00,28.5,66,21.5,32.8,0.0,0.0,0.0,0.0,0.0,0,1013.6,1011.4,13,9,5,0,13.8,193,38.9,860.0,724.0,136.0,802.0,3600.0,0.59,1.32,36.1,0.088,Napoli,40.8518,14.2681
2026-07-08T16:00,28.6,64,21.0,32.1,0.0,0.0,0.0,0.0,0.0,1,1013.2,1011.0,25,3,13,11,13.4,200,38.2,755.0,620.0,135.0,758.5,3600.0,0.54,1.42,36.1,0.086,Napoli,40.8518,14.2681
2026-07-08T17:00,28.5,61,20.3,31.0,0.0,0.0,0.0,0.0,0.0,2,1012.9,1010.7,66,0,1,66,12.3,209,36.4,593.0,456.0,137.0,657.6,3600.0,0.44,1.51,35.7,0.084,Napoli,40.8518,14.2681
2026-07-08T18:00,28.4,60,20.0,30.7,0.0,0.0,0.0,0.0,0.0,2,1012.4,1010.2,72,0,4,70,10.4,225,32.8,447.0,323.0,124.0,599.0,3600.0,0.34,1.53,35.0,0.083,Napoli,40.8518,14.2681
2026-07-08T19:00,27.9,61,19.6,30.2,0.0,0.0,0.0,0.0,0.0,3,1012.3,1010.1,88,0,1,88,8.7,236,28.1,261.0,152.0,109.0,416.1,3600.0,0.21,1.47,33.9,0.083,Napoli,40.8518,14.2681
2026-07-08T20:00,27.1,66,20.3,30.1,0.0,0.0,0.0,0.0,0.0,1,1012.0,1009.8,41,0,2,40,6.7,214,23.0,107.0,42.0,65.0,229.0,3600.0,0.1,1.21,32.6,0.081,Napoli,40.8518,14.2681
2026-07-08T21:00,26.4,69,20.3,29.7,0.0,0.0,0.0,0.0,0.0,1,1012.0,1009.8,41,0,2,41,4.8,211,16.6,11.0,2.0,9.0,31.4,0.0,0.02,1.07,31.0,0.081,Napoli,40.8518,14.2681
2026-07-08T22:00,26.0,71,20.3,29.5,0.0,0.0,0.0,0.0,0.0,0,1012.2,1010.0,8,0,1,6,3.3,209,11.5,0.0,0.0,0.0,0.0,0.0,0.0,0.97,29.7,0.081,Napoli,40.8518,14.2681
2026-07-08T23:00,25.5,75,20.6,29.3,0.0,0.0,0.0,0.0,0.0,0,1012.4,1010.2,1,0,1,0,2.2,222,7.9,0.0,0.0,0.0,0.0,0.0,0.0,0.83,28.5,0.081,Napoli,40.8518,14.2681
2026-07-09T00:00,25.1,76,20.5,28.9,0.0,0.0,0.0,0.0,0.0,0,1012.3,1010.1,1,0,1,0,1.9,229,5.4,0.0,0.0,0.0,0.0,0.0,0.0,0.78,27.6,0.081,Napoli,40.8518,14.2681
2026-07-09T01:00,25.0,77,20.8,29.2,0.0,0.0,0.0,0.0,0.0,0,1012.2,1010.0,4,0,2,2,0.2,270,4.7,0.0,0.0,0.0,0.0,0.0,0.0,0.72,26.7,0.081,Napoli,40.8518,14.2681
2026-07-09T02:00,24.3,76,19.7,27.9,0.0,0.0,0.0,0.0,0.0,0,1011.6,1009.4,9,0,0,9,0.7,76,1.8,0.0,0.0,0.0,0.0,0.0,0.0,0.74,26.4,0.077,Napoli,40.8518,14.2681
2026-07-09T03:00,24.0,78,19.9,27.6,0.0,0.0,0.0,0.0,0.0,1,1011.1,1008.9,25,0,0,25,1.5,104,4.0,0.0,0.0,0.0,0.0,0.0,0.0,0.66,25.8,0.077,Napoli,40.8518,14.2681
2026-07-09T04:00,23.5,81,20.1,27.2,0.0,0.0,0.0,0.0,0.0,0,1011.0,1008.8,8,0,0,8,0.9,53,3.6,0.0,0.0,0.0,0.0,0.0,0.0,0.54,25.2,0.077,Napoli,40.8518,14.2681
2026-07-09T05:00,22.8,85,20.2,26.4,0.0,0.0,0.0,0.0,0.0,0,1010.9,1008.7,1,1,0,0,2.3,51,5.0,0.0,0.0,0.0,0.0,0.0,0.0,0.41,24.7,0.077,Napoli,40.8518,14.2681
2026-07-09T06:00,22.4,88,20.3,25.7,0.0,0.0,0.0,0.0,0.0,0,1011.0,1008.8,2,2,0,0,4.1,52,8.3,2.0,0.0,2.0,0.0,0.0,0.0,0.33,24.3,0.077,Napoli,40.8518,14.2681
2026-07-09T07:00,23.2,83,20.2,26.3,0.0,0.0,0.0,0.0,0.0,0,1011.1,1008.9,2,2,1,0,5.9,45,14.0,73.0,33.0,40.0,248.5,3600.0,0.05,0.48,24.5,0.077,Napoli,40.8518,14.2681
2026-07-09T08:00,24.8,77,20.5,28.2,0.0,0.0,0.0,0.0,0.0,0,1011.0,1008.8,3,1,0,2,4.5,67,15.5,229.0,148.0,81.0,470.4,3600.0,0.15,0.72,25.4,0.077,Napoli,40.8518,14.2681
2026-07-09T09:00,26.5,69,20.4,30.2,0.0,0.0,0.0,0.0,0.0,0,1011.1,1008.9,5,0,2,4,2.3,94,15.1,407.0,301.0,106.0,611.8,3600.0,0.27,1.07,27.4,0.077,Napoli,40.8518,14.2681
2026-07-09T10:00,28.2,60,19.7,31.7,0.0,0.0,0.0,0.0,0.0,0,1011.0,1008.8,3,1,2,1,2.0,170,14.8,570.0,431.0,139.0,660.2,3600.0,0.4,1.52,29.8,0.076,Napoli,40.8518,14.2681
2026-07-09T11:00,29.5,54,19.3,33.4,0.0,0.0,0.0,0.0,0.0,0,1010.9,1008.7,4,1,2,1,4.9,204,20.2,725.0,590.0,135.0,750.6,3600.0,0.53,1.88,32.3,0.076,Napoli,40.8518,14.2681
2026-07-09T12:00,30.2,55,20.1,34.8,0.0,0.0,0.0,0.0,0.0,0,1010.9,1008.7,13,0,9,4,7.4,209,24.8,839.0,703.0,136.0,796.4,3600.0,0.62,1.95,34.7,0.076,Napoli,40.8518,14.2681
2026-07-09T13:00,30.7,55,20.7,35.4,0.0,0.0,0.0,0.0,0.0,0,1010.7,1008.5,5,0,2,4,9.5,217,29.5,875.0,728.0,147.0,777.6,3600.0,0.65,1.98,36.5,0.076,Napoli,40.8518,14.2681
2026-07-09T14:00,31.0,57,21.4,35.6,0.0,0.0,0.0,0.0,0.0,1,1010.1,1007.9,28,0,28,0,11.8,208,32.4,865.0,707.0,158.0,749.8,3600.0,0.65,1.94,37.9,0.076,Napoli,40.8518,14.2681
2026-07-09T15:00,30.3,58,21.2,34.2,0.1,0.1,0.0,0.0,0.0,51,1010.3,1008.1,55,0,54,5,9.4,211,33.8,690.0,493.0,197.0,546.5,3600.0,0.53,1.81,38.3,0.077,Napoli,40.8518,14.2681
2026-07-09T16:00,30.9,54,20.6,34.3,0.2,0.2,0.0,0.0,0.0,51,1010.1,1007.9,16,0,9,8,9.1,219,28.4,647.0,465.0,182.0,569.2,3600.0,0.51,2.03,38.3,0.079,Napoli,40.8518,14.2681
2026-07-09T17:00,30.6,55,20.5,33.8,0.0,0.0,0.0,0.0,0.0,1,1010.3,1008.1,28,0,27,2,8.4,223,28.1,599.0,463.0,136.0,668.2,3600.0,0.46,1.98,38.2,0.078,Napoli,40.8518,14.2681
2026-07-09T18:00,29.9,58,20.7,33.4,0.1,0.1,0.0,0.0,0.0,51,1010.2,1008.0,43,0,32,16,4.6,206,25.6,423.0,309.0,114.0,573.7,3600.0,0.32,1.78,37.5,0.079,Napoli,40.8518,14.2681
2026-07-09T19:00,29.4,58,20.4,32.9,0.0,0.0,0.0,0.0,0.0,1,1010.2,1008.0,30,0,9,23,4.1,241,16.9,249.0,160.0,89.0,438.9,3600.0,0.19,1.7,36.4,0.079,Napoli,40.8518,14.2681
2026-07-09T20:00,29.9,50,18.2,32.0,0.0,0.0,0.0,0.0,0.0,1,1010.1,1007.9,23,0,16,9,5.6,33,18.4,100.0,48.0,52.0,263.0,3600.0,0.11,2.12,34.7,0.078,Napoli,40.8518,14.2681
2026-07-09T21:00,29.0,51,17.8,30.8,0.0,0.0,0.0,0.0,0.0,1,1010.4,1008.2,33,0,8,27,7.2,360,18.7,9.0,2.0,7.0,31.7,0.0,0.07,1.97,33.2,0.078,Napoli,40.8518,14.2681
2026-07-09T22:00,28.3,54,18.0,29.9,0.0,0.0,0.0,0.0,0.0,0,1011.0,1008.8,18,0,7,12,8.3,11,22.0,0.0,0.0,0.0,0.0,0.0,0.06,1.78,31.8,0.078,Napoli,40.8518,14.2681
2026-07-09T23:00,27.9,54,17.8,29.3,0.0,0.0,0.0,0.0,0.0,0,1011.5,1009.3,13,0,8,5,8.9,34,21.6,0.0,0.0,0.0,0.0,0.0,0.06,1.72,30.7,0.078,Napoli,40.8518,14.2681
2026-07-10T00:00,27.6,50,16.3,28.6,0.0,0.0,0.0,0.0,0.0,1,1011.7,1009.5,20,0,19,0,7.4,58,21.6,0.0,0.0,0.0,0.0,0.0,0.06,1.83,29.7,0.078,Napoli,40.8518,14.2681
2026-07-10T01:00,27.0,49,15.4,27.9,0.0,0.0,0.0,0.0,0.0,1,1011.9,1009.7,23,0,23,2,6.2,44,17.6,0.0,0.0,0.0,0.0,0.0,0.05,1.82,28.9,0.078,Napoli,40.8518,14.2681
2026-07-10T02:00,26.0,41,11.6,25.0,0.0,0.0,0.0,0.0,0.0,1,1012.1,1009.9,26,0,26,0,10.1,43,16.9,0.0,0.0,0.0,0.0,0.0,0.1,1.99,28.4,0.078,Napoli,40.8518,14.2681
2026-07-10T03:00,25.8,42,11.7,24.8,0.0,0.0,0.0,0.0,0.0,1,1011.7,1009.5,41,0,41,0,10.1,40,23.0,0.0,0.0,0.0,0.0,0.0,0.09,1.94,27.8,0.078,Napoli,40.8518,14.2681
2026-07-10T04:00,25.4,43,11.8,24.3,0.0,0.0,0.0,0.0,0.0,0,1011.8,1009.6,19,2,19,0,10.9,40,23.8,0.0,0.0,0.0,0.0,0.0,0.1,1.85,27.2,0.077,Napoli,40.8518,14.2681
2026-07-10T05:00,24.8,45,12.0,23.9,0.0,0.0,0.0,0.0,0.0,0,1011.9,1009.7,17,2,17,0,10.3,41,23.8,0.0,0.0,0.0,0.0,0.0,0.09,1.73,26.7,0.077,Napoli,40.8518,14.2681
2026-07-10T06:00,24.2,47,12.1,23.5,0.0,0.0,0.0,0.0,0.0,0,1012.3,1010.1,2,0,2,0,9.6,43,22.3,2.0,0.0,2.0,0.0,0.0,0.08,1.61,26.1,0.077,Napoli,40.8518,14.2681
2026-07-10T07:00,24.7,47,12.6,24.0,0.0,0.0,0.0,0.0,0.0,0,1012.7,1010.5,0,0,0,0,10.1,43,21.6,77.0,39.0,38.0,298.0,3600.0,0.12,1.65,26.0,0.077,Napoli,40.8518,14.2681
2026-07-10T08:00,26.2,43,12.6,25.7,0.0,0.0,0.0,0.0,0.0,0,1013.0,1010.8,0,0,0,0,8.8,47,21.6,240.0,166.0,74.0,530.5,3600.0,0.21,1.95,27.0,0.077,Napoli,40.8518,14.2681
2026-07-10T09:00,28.6,36,12.3,28.1,0.0,0.0,0.0,0.0,0.0,0,1013.3,1011.1,0,0,0,0,8.3,66,23.4,426.0,333.0,93.0,679.0,3600.0,0.34,2.49,28.7,0.077,Napoli,40.8518,14.2681
2026-07-10T10:00,30.6,30,11.2,30.4,0.0,0.0,0.0,0.0,0.0,0,1013.7,1011.5,0,0,0,0,5.7,101,23.4,604.0,498.0,106.0,764.4,3600.0,0.46,3.05,31.0,0.077,Napoli,40.8518,14.2681
2026-07-10T11:00,32.0,25,9.5,32.4,0.0,0.0,0.0,0.0,0.0,0,1014.0,1011.8,0,0,0,0,5.2,155,20.5,755.0,640.0,115.0,815.3,3600.0,0.57,3.57,33.6,0.076,Napoli,40.8518,14.2681
2026-07-10T12:00,32.7,24,9.6,33.5,0.0,0.0,0.0,0.0,0.0,0,1014.2,1012.1,0,0,0,0,7.0,181,24.1,866.0,745.0,121.0,844.9,3600.0,0.68,3.75,36.1,0.076,Napoli,40.8518,14.2681
2026-07-10T13:00,32.7,27,11.2,33.5,0.0,0.0,0.0,0.0,0.0,0,1014.2,1012.1,0,0,0,0,11.3,190,32.0,928.0,804.0,124.0,859.5,3600.0,0.75,3.61,38.1,0.076,Napoli,40.8518,14.2681
2026-07-10T14:00,32.4,31,13.2,33.1,0.0,0.0,0.0,0.0,0.0,0,1014.1,1011.9,0,0,0,0,16.0,199,40.7,936.0,812.0,124.0,861.8,3600.0,0.77,3.35,39.6,0.076,Napoli,40.8518,14.2681
2026-07-10T15:00,32.0,37,15.7,33.5,0.0,0.0,0.0,0.0,0.0,0,1014.1,1011.9,1,0,1,0,15.2,206,42.1,891.0,773.0,118.0,857.4,3600.0,0.72,2.98,40.2,0.075,Napoli,40.8518,14.2681
2026-07-10T16:00,32.0,38,16.1,33.2,0.0,0.0,0.0,0.0,0.0,0,1013.8,1011.6,2,0,2,0,14.2,206,40.0,787.0,669.0,118.0,819.5,3600.0,0.65,2.92,40.4,0.075,Napoli,40.8518,14.2681
2026-07-10T17:00,31.6,40,16.2,32.2,0.0,0.0,0.0,0.0,0.0,0,1013.7,1011.5,2,0,2,0,13.7,207,38.2,643.0,533.0,110.0,769.8,3600.0,0.54,2.81,40.0,0.075,Napoli,40.8518,14.2681
2026-07-10T18:00,31.2,43,17.1,32.2,0.0,0.0,0.0,0.0,0.0,0,1013.8,1011.6,2,0,2,0,10.2,206,35.6,471.0,372.0,99.0,691.5,3600.0,0.4,2.58,39.2,0.075,Napoli,40.8518,14.2681
2026-07-10T19:00,30.6,47,17.9,32.3,0.0,0.0,0.0,0.0,0.0,0,1014.0,1011.8,2,0,2,0,7.1,225,27.7,287.0,207.0,80.0,569.1,3600.0,0.24,2.33,38.0,0.075,Napoli,40.8518,14.2681
2026-07-10T20:00,29.6,53,19.1,32.1,0.0,0.0,0.0,0.0,0.0,0,1014.2,1012.0,2,0,2,0,6.1,210,20.2,115.0,65.0,50.0,358.0,3600.0,0.11,1.93,36.6,0.075,Napoli,40.8518,14.2681
2026-07-10T21:00,28.7,55,18.9,31.5,0.0,0.0,0.0,0.0,0.0,0,1014.7,1012.5,2,0,2,0,3.8,262,14.8,10.0,3.0,7.0,47.9,100.61,0.03,1.75,34.7,0.075,Napoli,40.8518,14.2681
2026-07-10T22:00,28.1,60,19.5,31.1,0.0,0.0,0.0,0.0,0.0,0,1015.2,1013.0,1,0,1,0,3.6,315,10.8,0.0,0.0,0.0,0.0,0.0,0.01,1.52,33.1,0.075,Napoli,40.8518,14.2681
2026-07-10T23:00,27.6,63,19.8,31.1,0.0,0.0,0.0,0.0,0.0,0,1015.3,1013.1,0,0,0,0,1.7,342,8.6,0.0,0.0,0.0,0.0,0.0,0.0,1.37,31.8,0.075,Napoli,40.8518,14.2681
2026-07-11T00:00,27.2,64,19.9,30.7,0.0,0.0,0.0,0.0,0.0,0,1015.6,1013.4,1,0,0,0,1.8,354,4.7,0.0,0.0,0.0,0.0,0.0,0.0,1.28,30.6,0.075,Napoli,40.8518,14.2681
2026-07-11T01:00,26.9,66,19.9,30.5,0.0,0.0,0.0,0.0,0.0,0,1015.7,1013.5,2,0,0,2,1.3,16,4.7,0.0,0.0,0.0,0.0,0.0,0.0,1.22,29.5,0.075,Napoli,40.8518,14.2681
2026-07-11T02:00,25.8,63,18.3,28.6,0.0,0.0,0.0,0.0,0.0,0,1015.6,1013.4,0,0,0,0,1.9,41,3.6,0.0,0.0,0.0,0.0,0.0,0.0,1.22,28.1,0.075,Napoli,40.8518,14.2681
2026-07-11T03:00,25.5,64,18.2,28.1,0.0,0.0,0.0,0.0,0.0,0,1015.4,1013.2,0,0,0,0,2.7,58,5.8,0.0,0.0,0.0,0.0,0.0,0.0,1.17,27.4,0.076,Napoli,40.8518,14.2681
2026-07-11T04:00,25.1,66,18.2,27.6,0.0,0.0,0.0,0.0,0.0,0,1015.5,1013.3,0,0,0,0,2.8,75,6.1,0.0,0.0,0.0,0.0,0.0,0.0,1.09,26.7,0.076,Napoli,40.8518,14.2681
2026-07-11T05:00,24.8,66,18.1,27.3,0.0,0.0,0.0,0.0,0.0,0,1015.6,1013.4,0,0,0,0,3.0,107,6.8,0.0,0.0,0.0,0.0,0.0,0.0,1.06,26.1,0.076,Napoli,40.8518,14.2681
2026-07-11T06:00,24.8,67,18.3,27.6,0.0,0.0,0.0,0.0,0.0,0,1015.8,1013.6,0,0,0,0,1.5,126,6.8,2.0,0.0,2.0,0.0,0.0,0.0,1.03,25.6,0.076,Napoli,40.8518,14.2681
2026-07-11T07:00,26.2,62,18.4,29.0,0.0,0.0,0.0,0.0,0.0,0,1016.3,1014.1,0,0,0,0,1.2,231,4.0,74.0,37.0,37.0,286.9,3600.0,0.04,1.28,25.9,0.076,Napoli,40.8518,14.2681
2026-07-11T08:00,27.2,58,18.2,30.0,0.0,0.0,0.0,0.0,0.0,0,1016.5,1014.3,0,0,0,0,1.0,202,10.8,234.0,160.0,74.0,514.3,3600.0,0.14,1.51,26.9,0.076,Napoli,40.8518,14.2681
2026-07-11T09:00,29.2,49,17.5,31.2,0.0,0.0,0.0,0.0,0.0,0,1016.8,1014.6,0,0,0,0,4.5,187,16.6,418.0,323.0,95.0,660.7,3600.0,0.3,2.05,29.0,0.076,Napoli,40.8518,14.2681
2026-07-11T10:00,30.3,41,15.5,31.3,0.0,0.0,0.0,0.0,0.0,0,1016.9,1014.7,0,0,0,0,7.9,184,24.1,593.0,485.0,108.0,746.1,3600.0,0.46,2.56,31.3,0.076,Napoli,40.8518,14.2681
2026-07-11T11:00,30.7,40,15.6,32.2,0.0,0.0,0.0,0.0,0.0,0,1017.1,1014.9,0,0,0,0,10.5,185,30.2,743.0,624.0,119.0,796.2,3600.0,0.58,2.65,33.6,0.075,Napoli,40.8518,14.2681
2026-07-11T12:00,31.1,40,15.8,33.1,0.0,0.0,0.0,0.0,0.0,0,1017.1,1014.9,0,0,0,0,11.5,184,33.1,853.0,729.0,124.0,827.6,3600.0,0.67,2.73,35.7,0.075,Napoli,40.8518,14.2681
2026-07-11T13:00,31.3,41,16.4,33.6,0.0,0.0,0.0,0.0,0.0,0,1016.9,1014.7,0,0,0,0,12.7,187,35.6,916.0,789.0,127.0,844.2,3600.0,0.71,2.69,37.4,0.075,Napoli,40.8518,14.2681
2026-07-11T14:00,32.0,39,16.2,34.2,0.0,0.0,0.0,0.0,0.0,0,1016.5,1014.3,0,0,0,0,13.5,182,37.8,923.0,795.0,128.0,844.4,3600.0,0.73,2.91,39.1,0.075,Napoli,40.8518,14.2681
2026-07-11T15:00,31.6,40,16.5,33.8,0.0,0.0,0.0,0.0,0.0,0,1016.2,1014.0,0,0,0,0,13.0,183,36.7,883.0,762.0,121.0,845.8,3600.0,0.7,2.77,39.9,0.075,Napoli,40.8518,14.2681
2026-07-11T16:00,31.3,43,17.3,33.1,0.0,0.0,0.0,0.0,0.0,0,1016.1,1013.9,0,0,0,0,14.0,192,37.1,782.0,664.0,118.0,814.0,3600.0,0.62,2.6,40.2,0.075,Napoli,40.8518,14.2681
2026-07-11T17:00,30.7,49,18.8,32.6,0.0,0.0,0.0,0.0,0.0,0,1016.2,1014.0,0,0,0,0,12.8,189,37.1,640.0,529.0,111.0,764.8,3600.0,0.51,2.25,39.8,0.075,Napoli,40.8518,14.2681
2026-07-11T18:00,30.4,52,19.3,32.6,0.0,0.0,0.0,0.0,0.0,0,1016.1,1013.9,0,0,0,0,8.3,184,33.8,469.0,370.0,99.0,688.7,3600.0,0.37,2.09,39.0,0.075,Napoli,40.8518,14.2681
2026-07-11T19:00,29.7,56,19.9,32.3,0.0,0.0,0.0,0.0,0.0,0,1015.9,1013.7,0,0,0,0,8.0,186,24.1,287.0,206.0,81.0,567.7,3600.0,0.24,1.84,37.7,0.075,Napoli,40.8518,14.2681
2026-07-11T20:00,29.0,61,20.8,32.0,0.0,0.0,0.0,0.0,0.0,0,1015.7,1013.5,0,0,0,0,8.3,182,22.0,115.0,65.0,50.0,360.1,3600.0,0.12,1.54,36.4,0.075,Napoli,40.8518,14.2681
2026-07-11T21:00,28.1,65,20.9,31.6,0.0,0.0,0.0,0.0,0.0,0,1015.6,1013.4,0,0,0,0,5.8,173,19.8,10.0,2.0,8.0,32.2,0.0,0.04,1.33,34.5,0.075,Napoli,40.8518,14.2681
2026-07-11T22:00,27.6,68,21.0,31.2,0.0,0.0,0.0,0.0,0.0,0,1016.0,1013.8,0,0,0,0,5.0,154,14.0,0.0,0.0,0.0,0.0,0.0,0.02,1.2,32.8,0.075,Napoli,40.8518,14.2681
2026-07-11T23:00,27.1,71,21.5,31.2,0.0,0.0,0.0,0.0,0.0,0,1016.2,1014.0,0,0,0,0,3.6,200,11.9,0.0,0.0,0.0,0.0,0.0,0.01,1.03,31.5,0.075,Napoli,40.8518,14.2681
2026-07-12T00:00,26.8,74,21.8,31.2,0.0,0.0,0.0,0.0,0.0,0,1016.6,1014.4,0,0,0,0,2.3,238,10.1,0.0,0.0,0.0,0.0,0.0,0.0,0.9,30.3,0.075,Napoli,40.8518,14.2681
2026-07-12T01:00,26.5,76,21.9,31.3,0.0,0.0,0.0,0.0,0.0,1,1016.8,1014.6,32,0,0,32,0.4,63,6.5,0.0,0.0,0.0,0.0,0.0,0.0,0.82,29.3,0.075,Napoli,40.8518,14.2681
2026-07-12T02:00,25.2,80,21.5,29.3,0.0,0.0,0.0,0.0,0.0,0,1015.6,1013.4,0,0,0,0,2.9,112,4.0,0.0,0.0,0.0,0.0,0.0,0.0,0.64,27.8,0.075,Napoli,40.8518,14.2681
2026-07-12T03:00,24.8,83,21.7,29.2,0.0,0.0,0.0,0.0,0.0,0,1015.5,1013.3,0,0,0,0,2.3,180,6.1,0.0,0.0,0.0,0.0,0.0,0.0,0.54,27.0,0.075,Napoli,40.8518,14.2681
2026-07-12T04:00,24.7,84,21.9,29.3,0.0,0.0,0.0,0.0,0.0,0,1015.2,1013.0,17,0,0,17,1.2,117,6.1,0.0,0.0,0.0,0.0,0.0,0.0,0.48,26.3,0.075,Napoli,40.8518,14.2681
2026-07-12T05:00,24.2,84,21.3,28.5,0.0,0.0,0.0,0.0,0.0,0,1015.3,1013.1,7,0,0,7,1.4,50,4.0,0.0,0.0,0.0,0.0,0.0,0.0,0.49,25.7,0.076,Napoli,40.8518,14.2681
2026-07-12T06:00,23.7,83,20.6,27.5,0.0,0.0,0.0,0.0,0.0,0,1015.5,1013.3,19,0,1,19,2.6,51,3.6,2.0,0.0,2.0,0.0,0.0,0.0,0.5,25.2,0.076,Napoli,40.8518,14.2681
2026-07-12T07:00,24.9,68,18.6,27.0,0.0,0.0,0.0,0.0,0.0,1,1014.9,1012.7,34,0,9,30,7.2,76,18.0,73.0,35.0,38.0,275.7,3600.0,0.07,1.01,25.3,0.076,Napoli,40.8518,14.2681
2026-07-12T08:00,26.6,59,17.9,29.1,0.0,0.0,0.0,0.0,0.0,1,1015.2,1013.0,35,0,20,28,2.3,113,14.8,221.0,139.0,82.0,449.4,3600.0,0.14,1.42,26.1,0.076,Napoli,40.8518,14.2681
2026-07-12T09:00,28.9,46,16.2,30.4,0.0,0.0,0.0,0.0,0.0,0,1015.2,1013.0,0,0,0,0,3.7,79,15.1,376.0,254.0,122.0,521.3,3600.0,0.27,2.13,28.1,0.076,Napoli,40.8518,14.2681
2026-07-12T10:00,31.3,36,14.5,32.1,0.0,0.0,0.0,0.0,0.0,0,1015.1,1012.9,2,0,0,2,6.3,88,22.3,600.0,493.0,107.0,760.0,3600.0,0.46,2.92,30.8,0.076,Napoli,40.8518,14.2681
2026-07-12T11:00,32.4,34,14.4,34.3,0.0,0.0,0.0,0.0,0.0,0,1014.9,1012.7,0,0,0,0,5.1,144,22.7,750.0,633.0,117.0,808.9,3600.0,0.57,3.22,33.6,0.075,Napoli,40.8518,14.2681
2026-07-12T12:00,32.9,33,14.7,35.7,0.0,0.0,0.0,0.0,0.0,1,1014.9,1012.8,20,0,0,20,5.1,188,21.2,860.0,738.0,122.0,838.8,3600.0,0.66,3.33,36.3,0.075,Napoli,40.8518,14.2681
2026-07-12T13:00,33.0,38,16.7,35.8,0.0,0.0,0.0,0.0,0.0,2,1014.6,1012.5,63,0,0,63,11.3,209,31.7,921.0,794.0,127.0,850.3,3600.0,0.74,3.13,38.4,0.075,Napoli,40.8518,14.2681
2026-07-12T14:00,33.3,39,17.3,35.4,0.0,0.0,0.0,0.0,0.0,0,1014.3,1012.2,1,0,0,1,15.9,218,42.8,920.0,780.0,140.0,829.1,3600.0,0.76,3.13,39.4,0.075,Napoli,40.8518,14.2681
2026-07-12T15:00,33.2,35,15.9,34.8,0.0,0.0,0.0,0.0,0.0,0,1013.9,1011.8,9,0,3,9,14.8,224,43.2,881.0,754.0,127.0,837.5,3600.0,0.73,3.27,40.2,0.075,Napoli,40.8518,14.2681
2026-07-12T16:00,33.4,34,15.3,34.4,0.0,0.0,0.0,0.0,0.0,0,1013.9,1011.8,19,0,3,16,13.7,237,39.6,780.0,657.0,123.0,806.1,3600.0,0.66,3.41,40.5,0.075,Napoli,40.8518,14.2681
2026-07-12T17:00,33.0,34,14.9,33.2,0.0,0.0,0.0,0.0,0.0,0,1014.2,1012.1,2,0,2,1,13.0,264,37.1,633.0,514.0,119.0,743.9,3600.0,0.56,3.34,40.3,0.075,Napoli,40.8518,14.2681
2026-07-12T18:00,32.0,37,15.3,31.6,0.0,0.0,0.0,0.0,0.0,1,1014.0,1011.8,25,0,1,24,14.2,286,37.4,463.0,357.0,106.0,665.5,3600.0,0.44,3.0,39.4,0.075,Napoli,40.8518,14.2681
2026-07-12T19:00,30.7,44,16.9,31.2,0.0,0.0,0.0,0.0,0.0,0,1014.3,1012.1,5,0,2,2,12.8,298,36.4,271.0,181.0,90.0,500.1,3600.0,0.28,2.48,37.9,0.075,Napoli,40.8518,14.2681
2026-07-12T20:00,29.8,52,18.9,31.3,0.0,0.0,0.0,0.0,0.0,0,1014.5,1012.3,12,0,2,10,12.2,315,32.0,112.0,62.0,50.0,345.7,3600.0,0.16,2.01,36.5,0.075,Napoli,40.8518,14.2681
2026-07-12T21:00,28.9,55,18.8,30.9,0.0,0.0,0.0,0.0,0.0,0,1014.7,1012.5,13,0,3,9,8.6,309,28.4,9.0,2.0,7.0,32.5,0.0,0.07,1.8,34.7,0.075,Napoli,40.8518,14.2681
2026-07-12T22:00,28.4,58,19.4,31.1,0.0,0.0,0.0,0.0,0.0,0,1015.3,1013.1,9,0,2,9,6.0,323,19.8,0.0,0.0,0.0,0.0,0.0,0.04,1.62,33.2,0.075,Napoli,40.8518,14.2681
2026-07-12T23:00,28.4,59,19.5,31.1,0.0,0.0,0.0,0.0,0.0,0,1015.6,1013.4,5,0,1,4,6.0,3,14.0,0.0,0.0,0.0,0.0,0.0,0.04,1.6,31.9,0.075,Napoli,40.8518,14.2681
2026-07-13T00:00,28.9,48,17.0,29.8,0.0,0.0,0.0,0.0,0.0,0,1015.7,1013.5,1,0,1,0,10.6,47,23.8,0.0,0.0,0.0,0.0,0.0,0.09,2.05,31.0,0.075,Napoli,40.8518,14.2681
2026-07-13T01:00,28.2,48,16.3,28.8,0.0,0.0,0.0,0.0,0.0,0,1015.8,1013.6,2,0,0,2,10.8,53,27.0,0.0,0.0,0.0,0.0,0.0,0.09,1.98,30.3,0.075,Napoli,40.8518,14.2681
2026-07-13T02:00,26.8,50,15.5,27.2,0.0,0.0,0.0,0.0,0.0,0,1015.4,1013.2,0,0,0,0,10.3,47,25.6,0.0,0.0,0.0,0.0,0.0,0.08,1.76,29.9,0.075,Napoli,40.8518,14.2681
2026-07-13T03:00,26.6,50,15.4,26.9,0.0,0.0,0.0,0.0,0.0,0,1015.3,1013.1,0,0,0,0,9.9,42,24.5,0.0,0.0,0.0,0.0,0.0,0.08,1.74,29.2,0.075,Napoli,40.8518,14.2681
2026-07-13T04:00,26.1,51,15.3,26.4,0.0,0.0,0.0,0.0,0.0,0,1015.4,1013.2,0,0,0,0,10.1,43,24.1,0.0,0.0,0.0,0.0,0.0,0.08,1.65,28.4,0.075,Napoli,40.8518,14.2681
2026-07-13T05:00,25.8,51,14.9,25.7,0.0,0.0,0.0,0.0,0.0,0,1015.7,1013.5,0,0,0,0,11.9,51,28.4,0.0,0.0,0.0,0.0,0.0,0.09,1.63,27.8,0.075,Napoli,40.8518,14.2681
2026-07-13T06:00,25.7,49,14.3,25.1,0.0,0.0,0.0,0.0,0.0,0,1016.1,1013.9,0,0,0,0,13.0,52,31.3,1.0,0.0,1.0,0.0,0.0,0.11,1.67,27.3,0.075,Napoli,40.8518,14.2681
2026-07-13T07:00,26.4,46,14.0,26.0,0.0,0.0,0.0,0.0,0.0,0,1016.4,1014.2,2,0,0,2,11.6,48,31.3,75.0,38.0,37.0,304.2,3600.0,0.13,1.84,27.3,0.075,Napoli,40.8518,14.2681
2026-07-13T08:00,27.9,41,13.4,26.9,0.0,0.0,0.0,0.0,0.0,0,1016.8,1014.6,0,0,0,0,14.5,55,31.0,238.0,165.0,73.0,536.7,3600.0,0.26,2.22,28.4,0.075,Napoli,40.8518,14.2681
2026-07-13T09:00,29.6,35,12.7,28.4,0.0,0.0,0.0,0.0,0.0,0,1017.1,1014.9,0,0,0,0,13.5,54,37.1,426.0,333.0,93.0,685.8,3600.0,0.39,2.67,29.9,0.075,Napoli,40.8518,14.2681
2026-07-13T10:00,31.5,30,11.8,30.4,0.0,0.0,0.0,0.0,0.0,0,1017.3,1015.1,0,0,0,0,13.0,49,36.0,604.0,498.0,106.0,769.4,3600.0,0.53,3.24,31.9,0.075,Napoli,40.8518,14.2681
2026-07-13T11:00,33.1,27,11.5,32.9,0.0,0.0,0.0,0.0,0.0,0,1017.3,1015.1,0,0,0,0,12.2,45,36.4,756.0,641.0,115.0,820.4,3600.0,0.64,3.69,34.2,0.075,Napoli,40.8518,14.2681
2026-07-13T12:00,34.5,24,11.1,35.2,0.0,0.0,0.0,0.0,0.0,0,1017.2,1015.1,2,0,0,2,9.8,47,35.3,869.0,749.0,120.0,852.4,3600.0,0.72,4.13,36.6,0.075,Napoli,40.8518,14.2681
2026-07-13T13:00,35.5,22,10.2,37.1,0.0,0.0,0.0,0.0,0.0,0,1016.9,1014.8,1,0,0,1,5.8,39,31.7,931.0,807.0,124.0,865.1,3600.0,0.74,4.52,39.1,0.075,Napoli,40.8518,14.2681
2026-07-13T14:00,36.6,20,10.1,38.1,0.0,0.0,0.0,0.0,0.0,0,1016.4,1014.3,10,0,0,10,6.3,53,25.2,939.0,815.0,124.0,867.1,3600.0,0.76,4.91,41.6,0.075,Napoli,40.8518,14.2681
2026-07-13T15:00,36.5,20,10.3,37.6,0.0,0.0,0.0,0.0,0.0,1,1016.1,1014.0,32,0,1,31,6.7,267,23.0,880.0,742.0,138.0,824.9,3600.0,0.72,4.86,43.2,0.075,Napoli,40.8518,14.2681
2026-07-13T16:00,34.6,31,15.0,34.9,0.0,0.0,0.0,0.0,0.0,0,1016.1,1014.0,8,0,0,7,17.3,280,44.3,769.0,632.0,137.0,776.1,3600.0,0.7,3.79,43.1,0.075,Napoli,40.8518,14.2681
2026-07-13T17:00,32.5,42,17.8,32.3,0.0,0.0,0.0,0.0,0.0,0,1016.3,1014.1,7,0,2,5,22.8,290,55.4,618.0,480.0,138.0,695.5,3600.0,0.58,2.85,41.9,0.075,Napoli,40.8518,14.2681
2026-07-13T18:00,31.8,41,16.8,31.0,0.0,0.0,0.0,0.0,0.0,0,1016.2,1014.0,9,0,2,7,21.4,300,55.8,456.0,349.0,107.0,651.7,3600.0,0.47,2.77,40.3,0.075,Napoli,40.8518,14.2681
2026-07-13T19:00,31.1,43,17.0,30.9,0.0,0.0,0.0,0.0,0.0,0,1016.0,1013.8,2,0,2,0,18.2,300,51.1,280.0,197.0,83.0,545.9,3600.0,0.33,2.58,38.5,0.075,Napoli,40.8518,14.2681
2026-07-13T20:00,30.1,46,17.2,30.9,0.0,0.0,0.0,0.0,0.0,0,1016.6,1014.4,0,0,0,0,11.7,307,43.2,113.0,63.0,50.0,353.7,3600.0,0.17,2.3,36.7,0.075,Napoli,40.8518,14.2681
2026-07-13T21:00,29.0,54,18.8,31.0,0.0,0.0,0.0,0.0,0.0,0,1016.9,1014.7,0,0,0,0,8.2,302,27.7,9.0,2.0,7.0,32.8,0.0,0.07,1.82,34.8,0.075,Napoli,40.8518,14.2681
2026-07-13T22:00,28.4,61,20.1,31.5,0.0,0.0,0.0,0.0,0.0,0,1017.4,1015.2,0,0,0,0,5.7,302,19.4,0.0,0.0,0.0,0.0,0.0,0.03,1.52,33.3,0.075,Napoli,40.8518,14.2681
2026-07-13T23:00,27.9,66,20.9,31.8,0.0,0.0,0.0,0.0,0.0,0,1017.5,1015.3,0,0,0,0,2.6,304,14.0,0.0,0.0,0.0,0.0,0.0,0.0,1.29,32.1,0.075,Napoli,40.8518,14.2681
2026-07-14T00:00,27.5,69,21.3,31.7,0.0,0.0,0.0,0.0,0.0,0,1017.5,1015.3,0,0,0,0,1.8,270,7.6,0.0,0.0,0.0,0.0,0.0,0.0,1.13,31.1,0.075,Napoli,40.8518,14.2681
2026-07-14T01:00,27.1,73,21.9,31.4,0.0,0.0,0.0,0.0,0.0,0,1017.3,1015.1,0,0,0,0,3.5,249,7.9,0.0,0.0,0.0,0.0,0.0,0.0,0.95,30.2,0.075,Napoli,40.8518,14.2681
2026-07-14T02:00,26.4,78,22.3,31.0,0.0,0.0,0.0,0.0,0.0,0,1017.1,1014.9,0,0,0,0,3.6,307,8.3,0.0,0.0,0.0,0.0,0.0,0.0,0.75,29.2,0.075,Napoli,40.8518,14.2681
2026-07-14T03:00,26.0,82,22.7,31.1,0.0,0.0,0.0,0.0,0.0,0,1016.8,1014.6,3,0,2,2,1.6,297,8.6,0.0,0.0,0.0,0.0,0.0,0.0,0.6,28.5,0.075,Napoli,40.8518,14.2681
2026-07-14T04:00,25.7,85,22.9,30.8,0.0,0.0,0.0,0.0,0.0,0,1016.9,1014.7,0,0,0,0,2.1,285,4.7,0.0,0.0,0.0,0.0,0.0,0.0,0.51,27.8,0.075,Napoli,40.8518,14.2681
2026-07-14T05:00,25.2,88,23.0,30.4,0.0,0.0,0.0,0.0,0.0,0,1017.0,1014.8,0,0,0,0,2.1,301,6.8,0.0,0.0,0.0,0.0,0.0,0.0,0.4,27.2,0.075,Napoli,40.8518,14.2681
2026-07-14T06:00,24.8,83,21.7,29.1,0.0,0.0,0.0,0.0,0.0,0,1017.0,1014.8,3,0,0,3,3.0,52,6.5,1.0,0.0,1.0,0.0,0.0,0.01,0.54,26.7,0.075,Napoli,40.8518,14.2681
2026-07-14T07:00,26.4,70,20.5,30.3,0.0,0.0,0.0,0.0,0.0,0,1017.5,1015.3,1,0,0,1,1.2,297,6.5,70.0,34.0,36.0,274.8,3600.0,0.04,1.03,26.8,0.075,Napoli,40.8518,14.2681
2026-07-14T08:00,27.9,62,20.0,31.2,0.0,0.0,0.0,0.0,0.0,0,1017.7,1015.5,0,0,0,0,3.5,219,11.9,229.0,155.0,74.0,507.3,3600.0,0.16,1.41,27.6,0.075,Napoli,40.8518,14.2681
2026-07-14T09:00,29.6,61,21.2,33.3,0.0,0.0,0.0,0.0,0.0,0,1018.0,1015.8,0,0,0,0,5.1,219,18.0,412.0,317.0,95.0,655.1,3600.0,0.3,1.63,29.6,0.075,Napoli,40.8518,14.2681
2026-07-14T10:00,30.9,58,21.6,35.0,0.0,0.0,0.0,0.0,0.0,0,1018.4,1016.2,0,0,0,0,5.6,213,20.2,588.0,481.0,107.0,744.9,3600.0,0.44,1.89,32.0,0.075,Napoli,40.8518,14.2681
2026-07-14T11:00,31.5,59,22.7,36.8,0.0,0.0,0.0,0.0,0.0,0,1018.4,1016.2,1,0,0,0,7.6,194,24.1,737.0,620.0,117.0,794.8,3600.0,0.56,1.87,34.5,0.075,Napoli,40.8518,14.2681
2026-07-14T12:00,31.7,62,23.6,37.5,0.0,0.0,0.0,0.0,0.0,0,1018.5,1016.3,8,2,2,3,11.7,205,33.1,848.0,723.0,125.0,823.8,3600.0,0.64,1.75,36.6,0.075,Napoli,40.8518,14.2681
2026-07-14T13:00,32.8,53,22.0,38.1,0.0,0.0,0.0,0.0,0.0,0,1018.8,1016.6,5,2,0,2,11.1,220,34.2,911.0,779.0,132.0,835.9,3600.0,0.71,2.32,38.4,0.075,Napoli,40.8518,14.2681
2026-07-14T14:00,32.8,56,22.8,38.3,0.0,0.0,0.0,0.0,0.0,1,1018.3,1016.1,27,21,0,7,13.0,202,35.3,926.0,797.0,129.0,848.7,3600.0,0.71,2.19,39.9,0.075,Napoli,40.8518,14.2681
2026-07-14T15:00,33.0,49,20.7,37.0,0.0,0.0,0.0,0.0,0.0,0,1018.0,1015.8,3,3,0,1,13.3,212,37.4,875.0,733.0,142.0,815.6,3600.0,0.7,2.57,40.7,0.075,Napoli,40.8518,14.2681
2026-07-14T16:00,33.2,42,18.5,35.7,0.0,0.0,0.0,0.0,0.0,0,1017.6,1015.4,2,1,1,2,12.9,219,36.7,784.0,662.0,122.0,813.7,3600.0,0.65,2.94,41.0,0.075,Napoli,40.8518,14.2681
2026-07-14T17:00,32.6,44,18.7,34.5,0.0,0.0,0.0,0.0,0.0,0,1017.3,1015.1,1,0,0,1,12.0,215,35.3,645.0,536.0,109.0,777.6,3600.0,0.54,2.75,40.8,0.075,Napoli,40.8518,14.2681
2026-07-14T18:00,31.5,48,19.2,33.4,0.0,0.0,0.0,0.0,0.0,0,1017.0,1014.8,0,0,0,0,11.0,206,32.8,473.0,377.0,96.0,705.3,3600.0,0.4,2.4,39.9,0.075,Napoli,40.8518,14.2681
2026-07-14T19:00,30.6,51,19.3,32.9,0.0,0.0,0.0,0.0,0.0,0,1016.9,1014.7,0,0,0,0,8.1,211,29.9,288.0,209.0,79.0,581.0,3600.0,0.25,2.14,38.5,0.075,Napoli,40.8518,14.2681
2026-07-14T20:00,29.6,59,20.6,32.6,0.0,0.0,0.0,0.0,0.0,0,1017.0,1014.8,0,0,0,0,7.4,202,22.7,114.0,65.0,49.0,367.6,3600.0,0.12,1.71,37.1,0.075,Napoli,40.8518,14.2681
2026-07-14T21:00,28.5,67,21.9,32.4,0.0,0.0,0.0,0.0,0.0,0,1017.0,1014.8,0,0,0,0,6.0,196,18.0,9.0,2.0,7.0,33.2,0.0,0.03,1.26,35.1,0.075,Napoli,40.8518,14.2681
2026-07-14T22:00,27.9,74,22.8,32.6,0.0,0.0,0.0,0.0,0.0,0,1017.5,1015.3,1,0,0,1,4.0,172,14.0,0.0,0.0,0.0,0.0,0.0,0.01,0.98,33.5,0.075,Napoli,40.8518,14.2681
2026-07-14T23:00,27.4,78,23.3,32.5,0.0,0.0,0.0,0.0,0.0,0,1017.9,1015.7,0,0,0,0,3.7,166,9.4,0.0,0.0,0.0,0.0,0.0,0.0,0.79,32.1,0.075,Napoli,40.8518,14.2681
2026-07-15T00:00,26.9,83,23.8,32.3,0.0,0.0,0.0,0.0,0.0,0,1018.0,1015.8,0,0,0,0,3.5,165,9.0,0.0,0.0,0.0,0.0,0.0,0.0,0.59,30.9,0.075,Napoli,40.8518,14.2681
2026-07-15T01:00,26.5,84,23.6,31.9,0.0,0.0,0.0,0.0,0.0,0,1017.8,1015.6,0,0,0,0,3.0,163,7.9,0.0,0.0,0.0,0.0,0.0,0.0,0.54,29.8,0.075,Napoli,40.8518,14.2681
2026-07-15T02:00,25.4,85,22.7,30.2,0.0,0.0,0.0,0.0,0.0,0,1017.6,1015.4,0,0,0,0,3.1,152,6.8,0.0,0.0,0.0,0.0,0.0,0.0,0.48,28.4,0.075,Napoli,40.8518,14.2681
2026-07-15T03:00,25.2,83,22.2,29.7,0.0,0.0,0.0,0.0,0.0,0,1017.1,1014.9,0,0,0,0,3.9,152,8.3,0.0,0.0,0.0,0.0,0.0,0.0,0.53,27.6,0.075,Napoli,40.8518,14.2681
2026-07-15T04:00,25.0,83,22.0,29.3,0.0,0.0,0.0,0.0,0.0,0,1016.7,1014.5,0,0,0,0,3.7,157,9.4,0.0,0.0,0.0,0.0,0.0,0.0,0.52,27.0,0.075,Napoli,40.8518,14.2681
2026-07-15T05:00,24.6,84,21.7,28.9,0.0,0.0,0.0,0.0,0.0,0,1016.3,1014.1,0,0,0,0,3.0,147,8.3,0.0,0.0,0.0,0.0,0.0,0.0,0.5,26.3,0.075,Napoli,40.8518,14.2681
2026-07-15T06:00,24.5,84,21.6,28.9,0.0,0.0,0.0,0.0,0.0,0,1016.6,1014.4,0,0,0,0,1.8,143,6.5,1.0,0.0,1.0,0.0,0.0,0.0,0.49,25.8,0.076,Napoli,40.8518,14.2681
2026-07-15T07:00,25.6,78,21.4,29.8,0.0,0.0,0.0,0.0,0.0,0,1016.9,1014.7,0,0,0,0,2.5,111,5.8,70.0,35.0,35.0,285.1,3600.0,0.04,0.72,25.9,0.076,Napoli,40.8518,14.2681
2026-07-15T08:00,26.7,66,19.9,29.8,0.0,0.0,0.0,0.0,0.0,0,1016.9,1014.7,0,0,0,0,4.7,92,13.3,231.0,158.0,73.0,520.4,3600.0,0.16,1.18,26.7,0.076,Napoli,40.8518,14.2681
2026-07-15T09:00,28.4,60,19.8,31.5,0.0,0.0,0.0,0.0,0.0,0,1016.7,1014.5,0,0,0,0,4.3,123,16.9,417.0,323.0,94.0,669.9,3600.0,0.29,1.55,28.6,0.076,Napoli,40.8518,14.2681
2026-07-15T10:00,30.1,50,18.7,33.0,0.0,0.0,0.0,0.0,0.0,0,1016.8,1014.6,0,0,0,0,4.1,165,17.6,598.0,491.0,107.0,762.1,3600.0,0.44,2.11,31.1,0.076,Napoli,40.8518,14.2681
2026-07-15T11:00,31.1,49,19.0,34.5,0.0,0.0,0.0,0.0,0.0,0,1016.9,1014.7,0,0,0,0,7.8,187,24.8,752.0,636.0,116.0,816.7,3600.0,0.57,2.31,33.7,0.076,Napoli,40.8518,14.2681
2026-07-15T12:00,31.3,51,20.0,35.2,0.0,0.0,0.0,0.0,0.0,0,1017.1,1014.9,0,0,0,0,11.2,199,32.0,864.0,742.0,122.0,846.5,3600.0,0.66,2.23,35.8,0.075,Napoli,40.8518,14.2681
2026-07-15T13:00,31.5,53,20.7,36.0,0.0,0.0,0.0,0.0,0.0,0,1017.1,1014.9,0,0,0,0,12.1,200,34.9,925.0,800.0,125.0,859.4,3600.0,0.7,2.17,37.6,0.075,Napoli,40.8518,14.2681
2026-07-15T14:00,32.1,52,21.1,36.6,0.0,0.0,0.0,0.0,0.0,0,1016.9,1014.7,0,0,0,0,13.0,200,34.9,932.0,807.0,125.0,860.1,3600.0,0.71,2.27,39.3,0.075,Napoli,40.8518,14.2681
2026-07-15T15:00,32.0,54,21.5,36.6,0.0,0.0,0.0,0.0,0.0,0,1016.6,1014.4,0,0,0,0,12.6,200,36.0,887.0,763.0,124.0,849.8,3600.0,0.68,2.2,40.1,0.075,Napoli,40.8518,14.2681
2026-07-15T16:00,32.2,52,21.0,36.2,0.0,0.0,0.0,0.0,0.0,0,1016.3,1014.1,0,0,0,0,11.4,204,35.3,788.0,670.0,118.0,824.4,3600.0,0.62,2.31,40.5,0.075,Napoli,40.8518,14.2681
2026-07-15T17:00,32.1,51,20.6,35.3,0.0,0.0,0.0,0.0,0.0,0,1016.1,1013.9,1,0,0,1,10.0,213,32.4,647.0,537.0,110.0,780.1,3600.0,0.51,2.36,40.4,0.075,Napoli,40.8518,14.2681
2026-07-15T18:00,31.7,51,20.4,34.5,0.0,0.0,0.0,0.0,0.0,0,1015.6,1013.4,2,0,0,2,8.4,228,29.5,474.0,376.0,98.0,704.8,3600.0,0.38,2.26,39.7,0.075,Napoli,40.8518,14.2681
2026-07-15T19:00,30.7,54,20.4,33.4,0.0,0.0,0.0,0.0,0.0,0,1015.8,1013.6,0,0,0,0,9.3,257,25.6,287.0,207.0,80.0,577.4,3600.0,0.25,2.01,38.4,0.075,Napoli,40.8518,14.2681
2026-07-15T20:00,29.7,57,20.4,32.5,0.0,0.0,0.0,0.0,0.0,0,1016.0,1013.8,0,0,0,0,8.3,281,25.2,113.0,64.0,49.0,364.9,3600.0,0.12,1.78,36.9,0.075,Napoli,40.8518,14.2681
2026-07-15T21:00,28.8,63,21.1,32.2,0.0,0.0,0.0,0.0,0.0,0,1016.4,1014.2,0,0,0,0,6.4,302,20.5,9.0,2.0,7.0,33.6,0.0,0.04,1.45,34.9,0.075,Napoli,40.8518,14.2681
2026-07-15T22:00,28.1,68,21.7,32.5,0.0,0.0,0.0,0.0,0.0,0,1016.8,1014.6,0,0,0,0,2.3,288,15.1,0.0,0.0,0.0,0.0,0.0,0.0,1.19,33.3,0.075,Napoli,40.8518,14.2681
2026-07-15T23:00,27.5,72,22.0,32.1,0.0,0.0,0.0,0.0,0.0,0,1017.3,1015.1,0,0,0,0,2.0,275,6.5,0.0,0.0,0.0,0.0,0.0,0.0,1.04,31.9,0.075,Napoli,40.8518,14.2681
2026-07-16T00:00,27.1,74,22.1,31.8,0.0,0.0,0.0,0.0,0.0,0,1017.4,1015.2,0,0,0,0,1.3,286,5.8,0.0,0.0,0.0,0.0,0.0,0.0,0.92,30.7,0.075,Napoli,40.8518,14.2681
2026-07-16T01:00,26.8,77,22.4,31.1,0.0,0.0,0.0,0.0,0.0,0,1017.7,1015.5,0,0,0,0,5.1,278,11.5,0.0,0.0,0.0,0.0,0.0,0.01,0.81,29.7,0.075,Napoli,40.8518,14.2681
2026-07-16T02:00,25.7,86,23.2,31.0,0.0,0.0,0.0,0.0,0.0,0,1017.7,1015.5,0,0,0,0,1.8,323,11.9,0.0,0.0,0.0,0.0,0.0,0.0,0.46,28.7,0.075,Napoli,40.8518,14.2681
2026-07-16T03:00,25.6,86,23.1,31.0,0.0,0.0,0.0,0.0,0.0,0,1017.2,1015.0,0,0,0,0,0.6,108,4.7,0.0,0.0,0.0,0.0,0.0,0.0,0.46,28.0,0.076,Napoli,40.8518,14.2681
2026-07-16T04:00,25.3,87,23.1,30.4,0.0,0.0,0.0,0.0,0.0,0,1016.8,1014.6,0,0,0,0,2.9,133,6.1,0.0,0.0,0.0,0.0,0.0,0.0,0.41,27.4,0.076,Napoli,40.8518,14.2681
2026-07-16T05:00,25.2,89,23.2,30.4,0.0,0.0,0.0,0.0,0.0,0,1016.5,1014.3,0,0,0,0,2.8,169,6.5,0.0,0.0,0.0,0.0,0.0,0.0,0.35,26.9,0.076,Napoli,40.8518,14.2681
2026-07-16T06:00,25.1,91,23.6,30.4,0.0,0.0,0.0,0.0,0.0,0,1016.6,1014.4,0,0,0,0,3.0,256,7.9,1.0,0.0,1.0,0.0,0.0,0.0,0.27,26.4,0.076,Napoli,40.8518,14.2681
2026-07-16T07:00,25.9,89,24.0,31.6,0.0,0.0,0.0,0.0,0.0,0,1016.8,1014.6,1,1,0,0,2.6,309,9.0,67.0,32.0,35.0,262.7,3600.0,0.04,0.36,26.6,0.076,Napoli,40.8518,14.2681
2026-07-16T08:00,27.1,83,24.0,33.1,0.0,0.0,0.0,0.0,0.0,0,1016.7,1014.5,2,2,0,0,0.9,53,10.4,222.0,147.0,75.0,487.3,3600.0,0.14,0.6,27.7,0.076,Napoli,40.8518,14.2681
2026-07-16T09:00,28.9,74,23.9,34.5,0.0,0.0,0.0,0.0,0.0,1,1016.8,1014.6,21,21,0,0,2.5,150,13.7,405.0,304.0,101.0,632.8,3600.0,0.28,1.01,29.7,0.076,Napoli,40.8518,14.2681
2026-07-16T10:00,30.1,69,23.8,35.4,0.0,0.0,0.0,0.0,0.0,0,1017.1,1014.9,11,11,0,0,5.6,182,19.8,577.0,455.0,122.0,707.9,3600.0,0.42,1.33,32.0,0.076,Napoli,40.8518,14.2681
2026-07-16T11:00,31.0,64,23.5,36.7,0.0,0.0,0.0,0.0,0.0,1,1017.5,1015.3,47,47,0,0,7.9,197,25.2,721.0,580.0,141.0,746.1,3600.0,0.54,1.6,34.3,0.076,Napoli,40.8518,14.2681
2026-07-16T12:00,31.5,65,24.0,37.7,0.0,0.0,0.0,0.0,0.0,0,1017.6,1015.4,18,18,0,0,9.9,195,29.5,838.0,698.0,140.0,797.4,3600.0,0.62,1.63,36.4,0.076,Napoli,40.8518,14.2681
2026-07-16T13:00,31.8,66,24.6,38.5,0.0,0.0,0.0,0.0,0.0,1,1017.4,1015.2,20,20,0,0,12.1,205,34.9,902.0,764.0,138.0,821.6,3600.0,0.67,1.61,38.1,0.075,Napoli,40.8518,14.2681
2026-07-16T14:00,32.6,61,24.1,38.7,0.0,0.0,0.0,0.0,0.0,0,1017.2,1015.0,4,4,1,0,13.4,207,35.3,908.0,756.0,152.0,806.6,3600.0,0.69,1.91,39.7,0.075,Napoli,40.8518,14.2681
2026-07-16T15:00,32.8,58,23.5,38.4,0.0,0.0,0.0,0.0,0.0,0,1016.9,1014.7,7,2,5,0,12.7,215,37.1,865.0,737.0,128.0,821.6,3600.0,0.67,2.09,40.5,0.075,Napoli,40.8518,14.2681
2026-07-16T16:00,32.8,57,23.1,37.9,0.0,0.0,0.0,0.0,0.0,0,1016.9,1014.7,8,1,7,0,11.3,223,35.6,762.0,641.0,121.0,789.6,3600.0,0.6,2.15,40.9,0.075,Napoli,40.8518,14.2681
2026-07-16T17:00,32.4,58,23.1,36.7,0.0,0.0,0.0,0.0,0.0,0,1016.8,1014.6,2,0,2,0,10.8,232,32.8,613.0,498.0,115.0,724.5,3600.0,0.49,2.03,40.7,0.075,Napoli,40.8518,14.2681
2026-07-16T18:00,31.9,58,22.5,35.7,0.0,0.0,0.0,0.0,0.0,0,1016.4,1014.2,1,0,1,0,8.8,242,30.6,461.0,364.0,97.0,683.7,3600.0,0.37,2.0,40.0,0.075,Napoli,40.8518,14.2681
2026-07-16T19:00,31.3,58,22.0,35.0,0.0,0.0,0.0,0.0,0.0,0,1016.3,1014.1,0,0,0,0,7.7,246,25.6,278.0,199.0,79.0,557.1,3600.0,0.23,1.92,38.7,0.075,Napoli,40.8518,14.2681
2026-07-16T20:00,30.4,64,22.9,34.7,0.0,0.0,0.0,0.0,0.0,0,1016.0,1013.8,0,0,0,0,7.3,245,21.6,109.0,61.0,48.0,350.8,3600.0,0.11,1.54,37.3,0.075,Napoli,40.8518,14.2681
2026-07-16T21:00,29.4,69,23.1,34.1,0.0,0.0,0.0,0.0,0.0,0,1015.9,1013.7,0,0,0,0,5.5,247,18.7,8.0,2.0,6.0,34.0,0.0,0.03,1.28,35.5,0.075,Napoli,40.8518,14.2681
2026-07-16T22:00,28.9,72,23.4,33.9,0.0,0.0,0.0,0.0,0.0,0,1016.6,1014.4,0,0,0,0,4.5,272,13.7,0.0,0.0,0.0,0.0,0.0,0.01,1.09,34.0,0.075,Napoli,40.8518,14.2681
2026-07-16T23:00,28.4,76,23.8,33.8,0.0,0.0,0.0,0.0,0.0,0,1016.9,1014.7,0,0,0,0,3.6,279,11.2,0.0,0.0,0.0,0.0,0.0,0.0,0.91,32.8,0.075,Napoli,40.8518,14.2681
2026-07-17T00:00,28.0,79,24.1,33.3,0.0,0.0,0.0,0.0,0.0,0,1017.2,1015.0,0,0,0,0,5.4,307,12.2,0.0,0.0,0.0,0.0,0.0,0.01,0.78,31.7,0.075,Napoli,40.8518,14.2681
2026-07-17T01:00,27.6,82,24.3,33.6,0.0,0.0,0.0,0.0,0.0,0,1016.8,1014.6,0,0,0,0,1.3,344,12.6,0.0,0.0,0.0,0.0,0.0,0.0,0.64,30.8,0.075,Napoli,40.8518,14.2681
2026-07-17T02:00,26.8,83,23.7,32.3,0.0,0.0,0.0,0.0,0.0,0,1016.2,1014.0,0,0,0,0,2.3,356,7.6,0.0,0.0,0.0,0.0,0.0,0.0,0.6,30.0,0.075,Napoli,40.8518,14.2681
2026-07-17T03:00,26.6,85,23.8,32.3,0.0,0.0,0.0,0.0,0.0,0,1016.0,1013.8,0,0,0,0,1.4,310,6.8,0.0,0.0,0.0,0.0,0.0,0.0,0.52,29.3,0.076,Napoli,40.8518,14.2681
2026-07-17T04:00,26.3,86,23.8,32.0,0.0,0.0,0.0,0.0,0.0,0,1015.9,1013.7,0,0,0,0,1.5,210,4.0,0.0,0.0,0.0,0.0,0.0,0.0,0.48,28.7,0.076,Napoli,40.8518,14.2681
2026-07-17T05:00,26.0,90,24.3,31.3,0.0,0.0,0.0,0.0,0.0,0,1015.6,1013.4,0,0,0,0,5.9,200,11.5,0.0,0.0,0.0,0.0,0.0,0.0,0.32,28.2,0.076,Napoli,40.8518,14.2681
2026-07-17T06:00,25.9,95,24.9,31.6,0.0,0.0,0.0,0.0,0.0,0,1015.3,1013.1,2,2,0,0,6.3,182,13.3,1.0,0.0,1.0,0.0,0.0,0.0,0.18,27.8,0.076,Napoli,40.8518,14.2681
2026-07-17T07:00,26.8,89,24.8,32.7,0.0,0.0,0.0,0.0,0.0,1,1015.5,1013.3,20,20,0,0,4.7,157,13.7,63.0,27.0,36.0,223.5,3600.0,0.04,0.39,27.9,0.076,Napoli,40.8518,14.2681
2026-07-17T08:00,28.1,80,24.3,33.8,0.0,0.0,0.0,0.0,0.0,0,1015.4,1013.2,6,6,0,0,3.9,158,14.8,217.0,140.0,77.0,467.2,3600.0,0.15,0.75,29.5,0.076,Napoli,40.8518,14.2681
2026-07-17T09:00,29.4,74,24.3,34.7,0.0,0.0,0.0,0.0,0.0,0,1015.4,1013.2,3,3,0,0,6.5,186,20.5,400.0,300.0,100.0,626.8,3600.0,0.29,1.06,31.1,0.076,Napoli,40.8518,14.2681
2026-07-17T10:00,30.3,71,24.4,35.5,0.0,0.0,0.0,0.0,0.0,0,1015.5,1013.3,1,1,0,0,8.7,198,25.9,577.0,464.0,113.0,723.7,3600.0,0.42,1.27,33.1,0.076,Napoli,40.8518,14.2681
2026-07-17T11:00,31.1,68,24.4,37.1,0.0,0.0,0.0,0.0,0.0,0,1015.6,1013.4,0,0,0,0,9.7,202,29.2,727.0,606.0,121.0,780.9,3600.0,0.54,1.46,35.1,0.076,Napoli,40.8518,14.2681
2026-07-17T12:00,31.9,64,24.3,38.3,0.0,0.0,0.0,0.0,0.0,0,1015.3,1013.1,3,3,0,0,9.9,189,29.9,838.0,712.0,126.0,814.5,3600.0,0.63,1.69,37.1,0.075,Napoli,40.8518,14.2681
2026-07-17T13:00,32.2,63,24.3,38.8,0.0,0.0,0.0,0.0,0.0,0,1015.0,1012.8,16,16,0,0,11.5,190,33.1,902.0,774.0,128.0,833.3,3600.0,0.68,1.78,38.9,0.075,Napoli,40.8518,14.2681
2026-07-17T14:00,32.7,62,24.4,39.0,0.0,0.0,0.0,0.0,0.0,0,1014.3,1012.1,13,11,2,0,13.3,193,34.9,903.0,742.0,161.0,792.5,3600.0,0.69,1.88,40.0,0.075,Napoli,40.8518,14.2681
2026-07-17T15:00,32.1,64,24.5,38.2,0.0,0.0,0.0,0.0,0.0,0,1013.9,1011.7,9,9,0,0,13.3,189,37.1,862.0,722.0,140.0,805.8,3600.0,0.65,1.72,40.8,0.075,Napoli,40.8518,14.2681
2026-07-17T16:00,31.4,67,24.7,37.2,0.0,0.0,0.0,0.0,0.0,0,1013.6,1011.4,10,10,0,0,13.2,177,36.4,769.0,639.0,130.0,788.1,3600.0,0.57,1.49,41.0,0.075,Napoli,40.8518,14.2681
2026-07-17T17:00,30.8,69,24.5,35.9,0.0,0.0,0.0,0.0,0.0,0,1013.7,1011.5,9,9,0,0,11.9,178,35.6,632.0,517.0,115.0,753.3,3600.0,0.47,1.37,40.6,0.075,Napoli,40.8518,14.2681
2026-07-17T18:00,30.5,70,24.4,35.3,0.0,0.0,0.0,0.0,0.0,0,1013.5,1011.3,2,2,0,0,10.3,183,32.4,460.0,359.0,101.0,675.9,3600.0,0.35,1.31,39.7,0.075,Napoli,40.8518,14.2681
2026-07-17T19:00,29.7,73,24.3,34.5,0.0,0.0,0.0,0.0,0.0,0,1013.1,1010.9,2,2,0,0,9.4,180,28.4,279.0,200.0,79.0,562.1,3600.0,0.22,1.13,38.3,0.075,Napoli,40.8518,14.2681
2026-07-17T20:00,29.5,73,24.2,34.7,0.0,0.0,0.0,0.0,0.0,0,1012.7,1010.5,0,0,0,0,6.8,180,24.8,109.0,61.0,48.0,354.1,3600.0,0.09,1.09,36.7,0.075,Napoli,40.8518,14.2681
2026-07-17T21:00,28.8,77,24.4,34.4,0.0,0.0,0.0,0.0,0.0,0,1012.7,1010.5,0,0,0,0,5.2,184,16.9,8.0,2.0,6.0,34.5,0.0,0.02,0.91,34.9,0.075,Napoli,40.8518,14.2681
2026-07-17T22:00,28.5,79,24.5,34.4,0.0,0.0,0.0,0.0,0.0,0,1013.2,1011.0,0,0,0,0,3.1,170,13.0,0.0,0.0,0.0,0.0,0.0,0.0,0.81,33.5,0.075,Napoli,40.8518,14.2681
2026-07-17T23:00,28.1,82,24.6,34.2,0.0,0.0,0.0,0.0,0.0,0,1013.4,1011.2,0,0,0,0,2.5,176,7.6,0.0,0.0,0.0,0.0,0.0,0.0,0.7,32.2,0.075,Napoli,40.8518,14.2681
2026-07-18T00:00,27.6,85,24.9,33.9,0.0,0.0,0.0,0.0,0.0,0,1013.5,1011.3,0,0,0,0,2.5,184,6.5,0.0,0.0,0.0,0.0,0.0,0.0,0.55,31.2,0.075,Napoli,40.8518,14.2681
2026-07-18T01:00,27.2,88,25.0,33.4,0.0,0.0,0.0,0.0,0.0,0,1013.5,1011.3,0,0,0,0,3.4,183,8.3,0.0,0.0,0.0,0.0,0.0,0.0,0.44,30.3,0.075,Napoli,40.8518,14.2681
2026-07-18T02:00,26.7,89,24.7,32.7,0.0,0.0,0.0,0.0,0.0,0,1013.0,1010.8,0,0,0,0,2.9,176,8.3,0.0,0.0,0.0,0.0,0.0,0.0,0.39,29.7,0.076,Napoli,40.8518,14.2681
2026-07-18T03:00,26.9,85,24.2,32.5,0.0,0.0,0.0,0.0,0.0,0,1012.5,1010.3,0,0,0,0,4.1,180,9.7,0.0,0.0,0.0,0.0,0.0,0.0,0.52,29.0,0.076,Napoli,40.8518,14.2681
2026-07-18T04:00,26.8,84,23.8,32.2,0.0,0.0,0.0,0.0,0.0,0,1012.5,1010.3,0,0,0,0,3.8,183,9.7,0.0,0.0,0.0,0.0,0.0,0.0,0.58,28.4,0.076,Napoli,40.8518,14.2681
2026-07-18T05:00,26.3,86,23.8,31.9,0.0,0.0,0.0,0.0,0.0,0,1012.2,1010.0,0,0,0,0,2.6,146,9.0,0.0,0.0,0.0,0.0,0.0,0.0,0.47,27.9,0.076,Napoli,40.8518,14.2681
2026-07-18T06:00,25.9,88,23.8,31.6,0.0,0.0,0.0,0.0,0.0,0,1012.4,1010.2,0,0,0,0,1.3,98,6.1,1.0,0.0,1.0,0.0,0.0,0.0,0.38,27.3,0.076,Napoli,40.8518,14.2681
2026-07-18T07:00,26.8,83,23.7,32.2,0.0,0.0,0.0,0.0,0.0,0,1012.4,1010.2,0,0,0,0,3.4,93,7.9,65.0,31.0,34.0,258.7,3600.0,0.04,0.59,27.5,0.076,Napoli,40.8518,14.2681
2026-07-18T08:00,28.2,77,23.7,33.6,0.0,0.0,0.0,0.0,0.0,0,1012.6,1010.4,0,0,0,0,2.7,127,13.0,223.0,151.0,72.0,507.3,3600.0,0.15,0.89,28.2,0.076,Napoli,40.8518,14.2681
2026-07-18T09:00,29.5,70,23.5,34.8,0.0,0.0,0.0,0.0,0.0,0,1012.5,1010.3,0,0,0,0,3.4,162,15.1,408.0,315.0,93.0,660.6,3600.0,0.29,1.23,30.2,0.076,Napoli,40.8518,14.2681
2026-07-18T10:00,31.0,63,23.2,36.1,0.0,0.0,0.0,0.0,0.0,0,1012.5,1010.3,0,0,0,0,5.1,197,19.1,588.0,481.0,107.0,752.1,3600.0,0.44,1.64,32.6,0.076,Napoli,40.8518,14.2681
2026-07-18T11:00,31.6,63,23.7,37.2,0.0,0.0,0.0,0.0,0.0,0,1012.5,1010.3,0,0,0,0,9.2,197,27.0,741.0,625.0,116.0,806.8,3600.0,0.56,1.71,34.9,0.076,Napoli,40.8518,14.2681
2026-07-18T12:00,31.8,61,23.3,37.3,0.0,0.0,0.0,0.0,0.0,0,1012.8,1010.6,0,0,0,0,12.2,206,34.2,851.0,729.0,122.0,835.0,3600.0,0.64,1.85,36.9,0.075,Napoli,40.8518,14.2681
2026-07-18T13:00,32.4,58,23.1,38.1,0.0,0.0,0.0,0.0,0.0,0,1012.8,1010.7,2,2,0,0,12.7,205,36.0,912.0,787.0,125.0,848.2,3600.0,0.7,2.04,38.6,0.075,Napoli,40.8518,14.2681
2026-07-18T14:00,33.3,55,23.0,38.8,0.0,0.0,0.0,0.0,0.0,0,1012.6,1010.5,0,0,0,0,13.4,219,36.0,920.0,793.0,127.0,847.8,3600.0,0.72,2.31,40.0,0.075,Napoli,40.8518,14.2681
2026-07-18T15:00,33.3,54,22.9,38.7,0.0,0.0,0.0,0.0,0.0,0,1012.2,1010.1,0,0,0,0,12.2,217,37.4,873.0,751.0,122.0,839.0,3600.0,0.69,2.33,40.9,0.075,Napoli,40.8518,14.2681
2026-07-18T16:00,33.1,55,22.8,37.8,0.0,0.0,0.0,0.0,0.0,0,1012.0,1009.9,1,0,1,0,12.3,207,35.3,774.0,656.0,118.0,810.1,3600.0,0.61,2.28,41.3,0.075,Napoli,40.8518,14.2681
2026-07-18T17:00,32.8,55,22.6,36.9,0.0,0.0,0.0,0.0,0.0,0,1012.2,1010.1,1,0,1,0,11.2,213,34.6,636.0,527.0,109.0,769.1,3600.0,0.51,2.22,41.1,0.075,Napoli,40.8518,14.2681
2026-07-18T18:00,32.1,57,22.6,35.9,0.0,0.0,0.0,0.0,0.0,0,1012.0,1009.9,0,0,0,0,9.2,219,31.7,462.0,366.0,96.0,690.7,3600.0,0.37,2.03,40.3,0.075,Napoli,40.8518,14.2681
2026-07-18T19:00,31.3,60,22.6,35.5,0.0,0.0,0.0,0.0,0.0,0,1012.2,1010.0,0,0,0,0,6.4,232,26.3,279.0,201.0,78.0,567.2,3600.0,0.23,1.82,39.1,0.075,Napoli,40.8518,14.2681
2026-07-18T20:00,30.4,64,22.8,34.8,0.0,0.0,0.0,0.0,0.0,0,1011.7,1009.5,1,0,0,1,6.7,216,20.2,107.0,60.0,47.0,351.7,3600.0,0.1,1.57,37.7,0.075,Napoli,40.8518,14.2681
2026-07-18T21:00,29.5,69,23.2,34.3,0.0,0.0,0.0,0.0,0.0,0,1011.8,1009.6,0,0,0,0,5.3,192,17.3,8.0,2.0,6.0,35.0,0.0,0.03,1.28,35.8,0.075,Napoli,40.8518,14.2681
2026-07-18T22:00,28.9,72,23.4,33.8,0.0,0.0,0.0,0.0,0.0,0,1012.1,1009.9,0,0,0,0,5.3,168,13.3,0.0,0.0,0.0,0.0,0.0,0.02,1.09,34.2,0.075,Napoli,40.8518,14.2681
2026-07-18T23:00,28.4,75,23.5,33.4,0.0,0.0,0.0,0.0,0.0,0,1012.1,1009.9,0,0,0,0,5.0,167,12.2,0.0,0.0,0.0,0.0,0.0,0.01,0.97,32.8,0.075,Napoli,40.8518,14.2681
2026-07-19T00:00,28.1,76,23.6,33.2,0.0,0.0,0.0,0.0,0.0,0,1012.6,1010.4,0,0,0,0,4.9,178,12.2,0.0,0.0,0.0,0.0,0.0,0.01,0.9,31.7,0.075,Napoli,40.8518,14.2681
2026-07-19T01:00,27.8,79,23.8,33.1,0.0,0.0,0.0,0.0,0.0,0,1012.7,1010.5,0,0,0,0,4.4,187,11.9,0.0,0.0,0.0,0.0,0.0,0.0,0.79,30.8,0.075,Napoli,40.8518,14.2681
2026-07-19T02:00,27.3,87,24.9,33.2,0.0,0.0,0.0,0.0,0.0,0,1012.2,1010.0,0,0,0,0,5.5,197,11.5,0.0,0.0,0.0,0.0,0.0,0.0,0.48,30.0,0.09,Napoli,40.8518,14.2681
2026-07-19T03:00,27.1,89,25.1,33.2,0.0,0.0,0.0,0.0,0.0,0,1012.4,1010.2,0,0,0,0,4.4,218,13.0,0.0,0.0,0.0,0.0,0.0,0.0,0.39,29.3,0.09,Napoli,40.8518,14.2681
2026-07-19T04:00,26.7,91,25.1,33.0,0.0,0.0,0.0,0.0,0.0,0,1012.6,1010.4,0,0,0,0,2.8,215,10.4,0.0,0.0,0.0,0.0,0.0,0.0,0.31,28.7,0.09,Napoli,40.8518,14.2681
2026-07-19T05:00,26.6,91,25.0,32.9,0.0,0.0,0.0,0.0,0.0,0,1012.7,1010.5,0,0,0,0,2.4,144,7.6,0.0,0.0,0.0,0.0,0.0,0.0,0.31,28.2,0.09,Napoli,40.8518,14.2681
2026-07-19T06:00,26.3,91,24.7,32.4,0.0,0.0,0.0,0.0,0.0,0,1012.6,1010.4,0,0,0,0,3.2,109,6.5,0.0,0.0,0.0,0.0,0.0,0.01,0.31,27.8,0.09,Napoli,40.8518,14.2681
2026-07-19T07:00,27.3,85,24.5,32.9,0.0,0.0,0.0,0.0,0.0,0,1012.6,1010.4,0,0,0,0,5.3,123,12.2,63.0,30.0,33.0,252.5,3600.0,0.04,0.55,27.9,0.09,Napoli,40.8518,14.2681
2026-07-19T08:00,28.1,79,24.1,33.1,0.0,0.0,0.0,0.0,0.0,0,1012.5,1010.3,0,0,0,0,7.3,149,18.0,220.0,148.0,72.0,500.6,3600.0,0.16,0.8,28.5,0.11,Napoli,40.8518,14.2681
2026-07-19T09:00,28.9,73,23.6,33.5,0.0,0.0,0.0,0.0,0.0,0,1012.5,1010.3,0,0,0,0,8.0,157,22.7,404.0,310.0,94.0,652.5,3600.0,0.29,1.07,29.7,0.108,Napoli,40.8518,14.2681
2026-07-19T10:00,29.7,67,23.0,34.0,0.0,0.0,0.0,0.0,0.0,0,1012.5,1010.3,0,0,0,0,9.3,172,25.9,581.0,475.0,106.0,744.5,3600.0,0.43,1.36,31.1,0.105,Napoli,40.8518,14.2681
2026-07-19T11:00,30.1,66,23.1,34.9,0.0,0.0,0.0,0.0,0.0,0,1012.9,1010.7,0,0,0,0,12.3,186,32.8,733.0,617.0,116.0,797.9,3600.0,0.53,1.44,32.7,0.102,Napoli,40.8518,14.2681
2026-07-19T12:00,30.2,67,23.4,35.5,0.0,0.0,0.0,0.0,0.0,0,1013.8,1011.6,1,0,1,0,13.5,196,36.4,844.0,722.0,122.0,828.2,3600.0,0.6,1.4,34.0,0.099,Napoli,40.8518,14.2681
2026-07-19T13:00,30.3,71,24.4,36.5,0.0,0.0,0.0,0.0,0.0,0,1013.5,1011.3,0,0,0,0,13.5,182,38.2,903.0,775.0,128.0,836.3,3600.0,0.64,1.26,35.3,0.095,Napoli,40.8518,14.2681
2026-07-19T14:00,32.1,59,23.1,37.5,0.0,0.0,0.0,0.0,0.0,0,1013.2,1011.0,0,0,0,0,14.2,189,40.0,913.0,785.0,128.0,840.2,3600.0,0.69,1.96,39.3,0.075,Napoli,40.8518,14.2681
2026-07-19T15:00,32.0,62,23.7,37.6,0.0,0.0,0.0,0.0,0.0,0,1013.1,1010.9,0,0,0,0,14.1,186,41.0,867.0,744.0,123.0,832.2,3600.0,0.65,1.82,40.2,0.075,Napoli,40.8518,14.2681
2026-07-19T16:00,32.3,59,23.3,37.5,0.0,0.0,0.0,0.0,0.0,0,1013.4,1011.2,0,0,0,0,11.6,188,38.5,770.0,653.0,117.0,807.5,3600.0,0.6,1.98,40.6,0.075,Napoli,40.8518,14.2681
2026-07-19T17:00,32.3,59,23.2,37.0,0.0,0.0,0.0,0.0,0.0,0,1013.4,1011.2,0,0,0,0,9.2,184,33.5,627.0,517.0,110.0,755.9,3600.0,0.49,1.99,40.6,0.075,Napoli,40.8518,14.2681
2026-07-19T18:00,31.6,65,24.1,36.1,0.0,0.0,0.0,0.0,0.0,0,1012.7,1010.5,0,0,0,0,11.0,176,29.5,459.0,362.0,97.0,685.0,3600.0,0.37,1.64,40.0,0.075,Napoli,40.8518,14.2681
2026-07-19T19:00,30.4,71,24.5,35.7,0.0,0.0,0.0,0.0,0.0,0,1012.9,1010.7,0,0,0,0,7.9,177,30.2,277.0,198.0,79.0,561.2,3600.0,0.22,1.27,38.6,0.075,Napoli,40.8518,14.2681
2026-07-19T20:00,29.8,73,24.6,35.2,0.0,0.0,0.0,0.0,0.0,0,1012.6,1010.4,0,0,0,0,7.0,190,21.2,106.0,58.0,48.0,343.6,3600.0,0.09,1.11,36.9,0.075,Napoli,40.8518,14.2681
2026-07-19T21:00,29.0,78,24.8,34.8,0.0,0.0,0.0,0.0,0.0,0,1012.9,1010.7,2,0,0,2,4.8,193,17.3,7.0,1.0,6.0,17.8,0.0,0.02,0.87,35.1,0.075,Napoli,40.8518,14.2681
2026-07-19T22:00,28.5,81,25.0,34.7,0.0,0.0,0.0,0.0,0.0,0,1013.3,1011.1,0,0,0,0,3.5,168,12.2,0.0,0.0,0.0,0.0,0.0,0.0,0.72,33.6,0.075,Napoli,40.8518,14.2681
2026-07-19T23:00,28.0,85,25.2,34.3,0.0,0.0,0.0,0.0,0.0,0,1013.4,1011.2,0,0,0,0,3.6,160,9.7,0.0,0.0,0.0,0.0,0.0,0.0,0.58,32.4,0.075,Napoli,40.8518,14.2681
2026-07-20T00:00,27.7,86,25.2,34.1,0.0,0.0,0.0,0.0,0.0,0,1013.8,1011.6,0,0,0,0,2.4,193,8.3,0.0,0.0,0.0,0.0,0.0,0.0,0.51,31.3,0.075,Napoli,40.8518,14.2681
2026-07-20T01:00,27.4,87,25.1,33.9,0.0,0.0,0.0,0.0,0.0,0,1014.0,1011.8,0,0,0,0,1.5,225,6.1,0.0,0.0,0.0,0.0,0.0,0.0,0.46,30.4,0.075,Napoli,40.8518,14.2681
2026-07-20T02:00,26.6,89,24.7,32.7,0.0,0.0,0.0,0.0,0.0,0,1013.6,1011.4,0,0,0,0,2.2,175,5.0,0.0,0.0,0.0,0.0,0.0,0.0,0.37,29.5,0.091,Napoli,40.8518,14.2681
2026-07-20T03:00,26.4,90,24.5,32.5,0.0,0.0,0.0,0.0,0.0,0,1013.5,1011.3,0,0,0,0,2.1,149,5.4,0.0,0.0,0.0,0.0,0.0,0.0,0.36,28.7,0.091,Napoli,40.8518,14.2681
2026-07-20T04:00,26.1,90,24.3,31.9,0.0,0.0,0.0,0.0,0.0,0,1013.3,1011.1,0,0,0,0,2.8,135,5.4,0.0,0.0,0.0,0.0,0.0,0.0,0.33,28.1,0.091,Napoli,40.8518,14.2681
2026-07-20T05:00,25.9,91,24.2,31.7,0.0,0.0,0.0,0.0,0.0,0,1013.3,1011.1,0,0,0,0,2.5,159,6.1,0.0,0.0,0.0,0.0,0.0,0.0,0.31,27.5,0.091,Napoli,40.8518,14.2681
2026-07-20T06:00,25.7,90,24.0,31.3,0.0,0.0,0.0,0.0,0.0,0,1013.3,1011.1,1,0,1,0,3.1,140,6.1,0.0,0.0,0.0,0.0,0.0,0.01,0.32,27.0,0.091,Napoli,40.8518,14.2681
2026-07-20T07:00,26.8,85,24.1,32.2,0.0,0.0,0.0,0.0,0.0,0,1013.4,1011.2,15,1,14,0,5.2,136,11.2,61.0,29.0,32.0,246.2,3600.0,0.04,0.53,27.2,0.091,Napoli,40.8518,14.2681
2026-07-20T08:00,27.6,83,24.5,33.2,0.0,0.0,0.0,0.0,0.0,0,1013.4,1011.2,4,3,1,0,5.3,162,16.6,202.0,112.0,90.0,381.5,3600.0,0.14,0.63,27.7,0.113,Napoli,40.8518,14.2681
2026-07-20T09:00,29.1,74,24.0,34.3,0.0,0.0,0.0,0.0,0.0,0,1013.8,1011.6,14,1,10,3,6.2,197,20.5,397.0,298.0,99.0,629.7,3600.0,0.29,1.05,29.0,0.112,Napoli,40.8518,14.2681
2026-07-20T10:00,30.3,67,23.5,35.3,0.0,0.0,0.0,0.0,0.0,0,1014.2,1012.0,3,3,0,0,5.9,191,19.1,574.0,460.0,114.0,722.8,3600.0,0.42,1.41,30.7,0.109,Napoli,40.8518,14.2681
2026-07-20T11:00,30.9,64,23.4,36.4,0.0,0.0,0.0,0.0,0.0,0,1014.5,1012.3,1,1,0,0,8.3,179,24.8,725.0,601.0,124.0,778.6,3600.0,0.54,1.6,32.4,0.105,Napoli,40.8518,14.2681
2026-07-20T12:00,31.4,61,23.1,37.1,0.0,0.0,0.0,0.0,0.0,0,1014.8,1012.6,4,0,0,3,10.2,189,28.8,841.0,716.0,125.0,822.5,3600.0,0.63,1.78,34.0,0.101,Napoli,40.8518,14.2681
2026-07-20T13:00,31.4,61,23.0,37.1,0.0,0.0,0.0,0.0,0.0,0,1014.3,1012.1,0,0,0,0,12.2,178,33.1,905.0,779.0,126.0,841.7,3600.0,0.67,1.79,35.4,0.097,Napoli,40.8518,14.2681
2026-07-20T14:00,33.4,46,20.3,37.4,0.0,0.0,0.0,0.0,0.0,0,1013.8,1011.7,0,0,0,0,13.3,182,33.5,918.0,792.0,126.0,848.7,3600.0,0.74,2.77,40.2,0.075,Napoli,40.8518,14.2681
2026-07-20T15:00,32.6,54,22.0,37.1,0.0,0.0,0.0,0.0,0.0,0,1013.8,1011.7,0,0,0,0,14.3,186,38.9,874.0,749.0,125.0,838.8,3600.0,0.68,2.28,41.1,0.075,Napoli,40.8518,14.2681
2026-07-20T16:00,32.6,58,23.4,37.9,0.0,0.0,0.0,0.0,0.0,0,1014.1,1011.9,1,0,0,1,11.1,188,38.9,778.0,661.0,117.0,818.6,3600.0,0.6,2.04,41.3,0.075,Napoli,40.8518,14.2681
2026-07-20T17:00,33.0,58,23.5,38.1,0.0,0.0,0.0,0.0,0.0,0,1014.5,1012.4,1,0,1,1,7.8,171,31.7,636.0,528.0,108.0,773.4,3600.0,0.5,2.12,41.3,0.075,Napoli,40.8518,14.2681
2026-07-20T18:00,32.1,62,23.8,36.4,0.0,0.0,0.0,0.0,0.0,0,1014.3,1012.1,0,0,0,0,11.0,201,30.2,455.0,356.0,99.0,675.5,3600.0,0.37,1.83,40.6,0.075,Napoli,40.8518,14.2681
2026-07-20T19:00,31.2,64,23.7,35.9,0.0,0.0,0.0,0.0,0.0,0,1013.9,1011.7,2,0,0,2,7.6,176,29.5,275.0,198.0,77.0,563.9,3600.0,0.22,1.61,39.2,0.075,Napoli,40.8518,14.2681
2026-07-20T20:00,30.9,64,23.3,35.9,0.0,0.0,0.0,0.0,0.0,0,1013.8,1011.6,2,0,0,1,4.8,211,20.9,105.0,58.0,47.0,347.5,3600.0,0.09,1.61,37.4,0.075,Napoli,40.8518,14.2681
2026-07-20T21:00,29.9,70,23.8,35.3,0.0,0.0,0.0,0.0,0.0,0,1013.9,1011.7,1,0,0,1,3.6,183,11.9,7.0,1.0,6.0,18.1,0.0,0.02,1.26,35.7,0.075,Napoli,40.8518,14.2681
2026-07-20T22:00,29.2,75,24.3,35.0,0.0,0.0,0.0,0.0,0.0,0,1014.4,1012.2,0,0,0,0,3.4,155,9.4,0.0,0.0,0.0,0.0,0.0,0.0,1.01,34.1,0.075,Napoli,40.8518,14.2681
2026-07-20T23:00,28.7,81,25.1,35.0,0.0,0.0,0.0,0.0,0.0,0,1014.9,1012.7,0,0,0,0,2.9,202,9.0,0.0,0.0,0.0,0.0,0.0,0.0,0.75,32.8,0.075,Napoli,40.8518,14.2681
2026-07-21T00:00,28.3,83,25.1,34.9,0.0,0.0,0.0,0.0,0.0,0,1015.1,1012.9,0,0,0,0,1.5,225,6.8,0.0,0.0,0.0,0.0,0.0,0.0,0.66,31.7,0.075,Napoli,40.8518,14.2681
2026-07-21T01:00,28.0,83,24.9,34.3,0.0,0.0,0.0,0.0,0.0,0,1015.2,1013.0,0,0,0,0,2.1,218,6.1,0.0,0.0,0.0,0.0,0.0,0.0,0.64,30.8,0.075,Napoli,40.8518,14.2681
2026-07-21T02:00,27.0,85,24.4,33.3,0.0,0.0,0.0,0.0,0.0,0,1014.8,1012.6,0,0,0,0,0.2,270,6.1,0.0,0.0,0.0,0.0,0.0,0.0,0.52,29.9,0.075,Napoli,40.8518,14.2681
2026-07-21T03:00,26.8,84,23.8,32.7,0.0,0.0,0.0,0.0,0.0,0,1014.6,1012.4,0,0,0,0,0.4,360,3.6,0.0,0.0,0.0,0.0,0.0,0.0,0.57,29.1,0.075,Napoli,40.8518,14.2681
2026-07-21T04:00,26.4,86,23.8,32.1,0.0,0.0,0.0,0.0,0.0,0,1014.5,1012.3,0,0,0,0,1.5,69,4.0,0.0,0.0,0.0,0.0,0.0,0.0,0.49,28.4,0.075,Napoli,40.8518,14.2681
2026-07-21T05:00,26.1,88,23.9,31.6,0.0,0.0,0.0,0.0,0.0,0,1014.2,1012.0,3,0,0,3,3.1,111,5.8,0.0,0.0,0.0,0.0,0.0,0.0,0.41,27.8,0.075,Napoli,40.8518,14.2681
2026-07-21T06:00,25.9,89,24.0,31.7,0.0,0.0,0.0,0.0,0.0,0,1014.6,1012.4,0,0,0,0,2.2,145,5.4,0.0,0.0,0.0,0.0,0.0,0.01,0.36,27.3,0.076,Napoli,40.8518,14.2681
2026-07-21T07:00,27.2,85,24.5,33.1,0.0,0.0,0.0,0.0,0.0,0,1014.8,1012.6,0,0,0,0,3.3,144,9.7,60.0,28.0,32.0,239.8,3600.0,0.04,0.54,27.4,0.076,Napoli,40.8518,14.2681
2026-07-21T08:00,28.5,79,24.5,34.3,0.0,0.0,0.0,0.0,0.0,0,1015.0,1012.8,0,0,0,0,3.6,183,14.0,214.0,143.0,71.0,490.5,3600.0,0.15,0.81,28.3,0.076,Napoli,40.8518,14.2681
2026-07-21T09:00,30.0,66,22.9,34.2,0.0,0.0,0.0,0.0,0.0,0,1014.9,1012.7,0,0,0,0,8.4,187,23.8,397.0,304.0,93.0,644.9,3600.0,0.3,1.46,30.2,0.076,Napoli,40.8518,14.2681
2026-07-21T10:00,30.9,60,22.2,34.6,0.0,0.0,0.0,0.0,0.0,0,1015.4,1013.2,0,0,0,0,9.7,207,28.1,574.0,468.0,106.0,737.3,3600.0,0.44,1.8,32.3,0.076,Napoli,40.8518,14.2681
2026-07-21T11:00,31.5,59,22.6,36.2,0.0,0.0,0.0,0.0,0.0,0,1015.5,1013.3,0,0,0,0,10.4,198,30.6,725.0,610.0,115.0,791.7,3600.0,0.55,1.89,34.5,0.075,Napoli,40.8518,14.2681
2026-07-21T12:00,31.9,60,23.2,37.4,0.0,0.0,0.0,0.0,0.0,0,1015.3,1013.1,0,0,0,0,11.5,184,32.0,835.0,711.0,124.0,817.9,3600.0,0.63,1.87,36.6,0.075,Napoli,40.8518,14.2681
2026-07-21T13:00,31.4,64,23.8,37.1,0.0,0.0,0.0,0.0,0.0,0,1014.5,1012.3,0,0,0,0,14.4,181,38.2,899.0,773.0,126.0,836.3,3600.0,0.66,1.63,38.2,0.075,Napoli,40.8518,14.2681
2026-07-21T14:00,33.3,50,21.5,37.6,0.0,0.0,0.0,0.0,0.0,0,1013.9,1011.8,2,0,2,2,14.9,192,38.2,912.0,786.0,126.0,843.3,3600.0,0.73,2.54,39.8,0.075,Napoli,40.8518,14.2681
2026-07-21T15:00,32.3,62,24.0,37.8,0.0,0.0,0.0,0.0,0.0,0,1013.7,1011.5,8,0,7,1,15.5,183,41.8,867.0,745.0,122.0,835.4,3600.0,0.66,1.84,40.7,0.075,Napoli,40.8518,14.2681
2026-07-21T16:00,32.1,65,24.6,37.4,0.0,0.0,0.0,0.0,0.0,0,1013.1,1010.9,0,0,0,0,15.7,183,43.6,770.0,652.0,118.0,808.7,3600.0,0.59,1.69,40.8,0.075,Napoli,40.8518,14.2681
2026-07-21T17:00,31.8,62,23.5,36.0,0.0,0.0,0.0,0.0,0.0,0,1013.1,1010.9,1,0,0,1,13.7,190,42.1,631.0,523.0,108.0,767.6,3600.0,0.49,1.79,40.4,0.075,Napoli,40.8518,14.2681
2026-07-21T18:00,31.4,65,24.0,35.6,0.0,0.0,0.0,0.0,0.0,0,1013.3,1011.1,0,0,0,0,12.4,188,36.4,458.0,362.0,96.0,688.9,3600.0,0.37,1.6,39.7,0.075,Napoli,40.8518,14.2681
2026-07-21T19:00,31.0,67,24.1,36.0,0.0,0.0,0.0,0.0,0.0,0,1013.8,1011.6,9,0,2,7,7.9,184,33.1,273.0,194.0,79.0,555.3,3600.0,0.22,1.5,38.4,0.075,Napoli,40.8518,14.2681
2026-07-21T20:00,31.3,66,24.1,36.2,0.0,0.0,0.0,0.0,0.0,0,1012.8,1010.6,5,0,2,5,8.7,201,21.6,100.0,52.0,48.0,315.3,3600.0,0.11,1.57,36.9,0.075,Napoli,40.8518,14.2681
2026-07-21T21:00,30.0,74,24.8,35.2,0.0,0.0,0.0,0.0,0.0,0,1012.2,1010.0,4,0,3,1,9.4,169,21.2,6.0,1.0,5.0,18.4,0.0,0.05,1.1,35.3,0.075,Napoli,40.8518,14.2681
2026-07-21T22:00,29.3,81,25.6,35.4,0.0,0.0,0.0,0.0,0.0,0,1012.6,1010.4,0,0,0,0,6.9,163,22.3,0.0,0.0,0.0,0.0,0.0,0.01,0.78,33.9,0.075,Napoli,40.8518,14.2681
2026-07-21T23:00,29.0,83,25.9,35.8,0.0,0.0,0.0,0.0,0.0,0,1013.3,1011.1,0,0,0,0,3.4,212,15.1,0.0,0.0,0.0,0.0,0.0,0.0,0.66,32.7,0.075,Napoli,40.8518,14.2681
2026-07-22T00:00,28.6,86,26.1,35.7,0.0,0.0,0.0,0.0,0.0,0,1013.4,1011.2,0,0,0,0,2.9,176,10.8,0.0,0.0,0.0,0.0,0.0,0.0,0.53,31.8,0.075,Napoli,40.8518,14.2681
2026-07-22T01:00,28.3,88,26.0,35.0,0.0,0.0,0.0,0.0,0.0,0,1013.1,1010.9,1,0,0,1,4.4,142,8.3,0.0,0.0,0.0,0.0,0.0,0.0,0.47,31.0,0.075,Napoli,40.8518,14.2681
2026-07-22T02:00,27.8,85,25.1,34.0,0.0,0.0,0.0,0.0,0.0,0,1011.8,1009.6,9,0,7,2,4.1,90,14.0,0.0,0.0,0.0,0.0,0.0,0.0,0.56,30.4,0.075,Napoli,40.8518,14.2681
2026-07-22T03:00,27.6,84,24.7,33.3,0.0,0.0,0.0,0.0,0.0,0,1011.9,1009.7,9,0,7,2,5.5,71,10.1,0.0,0.0,0.0,0.0,0.0,0.0,0.58,29.7,0.075,Napoli,40.8518,14.2681
2026-07-22T04:00,26.0,64,18.6,26.2,0.0,0.0,0.0,0.0,0.0,0,1012.9,1010.7,11,11,0,0,20.3,50,47.2,0.0,0.0,0.0,0.0,0.0,0.1,1.21,29.2,0.076,Napoli,40.8518,14.2681
2026-07-22T05:00,25.1,65,18.1,25.8,0.0,0.0,0.0,0.0,0.0,0,1012.5,1010.3,2,2,0,0,15.4,56,47.2,0.0,0.0,0.0,0.0,0.0,0.08,1.11,28.5,0.076,Napoli,40.8518,14.2681
2026-07-22T06:00,24.7,63,17.1,25.4,0.0,0.0,0.0,0.0,0.0,0,1012.4,1010.2,0,0,0,0,12.1,50,36.0,0.0,0.0,0.0,0.0,0.0,0.09,1.16,27.8,0.076,Napoli,40.8518,14.2681
2026-07-22T07:00,25.3,61,17.1,26.0,0.0,0.0,0.0,0.0,0.0,0,1012.4,1010.2,0,0,0,0,12.0,28,28.8,57.0,27.0,30.0,233.3,3600.0,0.1,1.27,27.6,0.076,Napoli,40.8518,14.2681
2026-07-22T08:00,26.5,55,16.6,26.7,0.0,0.0,0.0,0.0,0.0,0,1012.7,1010.5,0,0,0,0,13.8,49,32.0,214.0,144.0,70.0,497.5,3600.0,0.21,1.56,28.5,0.076,Napoli,40.8518,14.2681
2026-07-22T09:00,28.4,52,17.6,29.7,0.0,0.0,0.0,0.0,0.0,0,1012.8,1010.6,0,0,0,0,9.8,52,32.8,398.0,306.0,92.0,651.7,3600.0,0.31,1.85,29.9,0.076,Napoli,40.8518,14.2681
2026-07-22T10:00,30.7,46,17.7,32.5,0.0,0.0,0.0,0.0,0.0,0,1012.8,1010.6,0,0,0,0,7.4,58,27.0,579.0,473.0,106.0,747.1,3600.0,0.45,2.38,32.0,0.075,Napoli,40.8518,14.2681
2026-07-22T11:00,32.7,39,17.0,35.7,0.0,0.0,0.0,0.0,0.0,0,1013.2,1011.1,0,0,0,0,4.0,111,24.1,734.0,618.0,116.0,803.6,3600.0,0.56,2.99,34.7,0.075,Napoli,40.8518,14.2681
2026-07-22T12:00,33.5,38,17.2,37.2,0.0,0.0,0.0,0.0,0.0,0,1013.4,1011.3,3,0,3,0,5.1,197,20.2,846.0,724.0,122.0,834.2,3600.0,0.66,3.22,37.4,0.075,Napoli,40.8518,14.2681
2026-07-22T13:00,34.3,35,16.7,37.4,0.0,0.0,0.0,0.0,0.0,0,1013.1,1011.0,10,0,9,0,8.7,212,27.0,903.0,775.0,128.0,839.5,3600.0,0.73,3.51,39.5,0.075,Napoli,40.8518,14.2681
2026-07-22T14:00,35.6,25,12.9,36.4,0.0,0.0,0.0,0.0,0.0,0,1012.9,1010.8,0,0,0,0,13.4,35,30.2,893.0,756.0,137.0,812.2,3600.0,0.78,4.33,41.7,0.075,Napoli,40.8518,14.2681
2026-07-22T15:00,35.9,25,12.6,36.8,0.0,0.0,0.0,0.0,0.0,0,1012.7,1010.6,1,0,1,0,12.1,38,37.1,881.0,761.0,120.0,854.5,3600.0,0.76,4.45,42.6,0.075,Napoli,40.8518,14.2681
2026-07-22T16:00,36.2,25,12.8,37.0,0.0,0.0,0.0,0.0,0.0,0,1012.6,1010.5,4,0,4,0,9.5,32,35.3,782.0,664.0,118.0,824.9,3600.0,0.67,4.53,43.0,0.075,Napoli,40.8518,14.2681
2026-07-22T17:00,35.2,26,12.8,35.7,0.0,0.0,0.0,0.0,0.0,0,1012.8,1010.7,7,0,6,1,5.5,341,30.2,623.0,510.0,113.0,750.1,3600.0,0.5,4.19,43.0,0.075,Napoli,40.8518,14.2681
2026-07-22T18:00,33.7,31,14.2,33.9,0.0,0.0,0.0,0.0,0.0,0,1012.9,1010.8,0,0,0,0,7.9,300,23.4,446.0,346.0,100.0,660.5,3600.0,0.39,3.62,42.1,0.075,Napoli,40.8518,14.2681
2026-07-22T19:00,32.7,32,14.0,32.6,0.0,0.0,0.0,0.0,0.0,0,1013.1,1011.0,1,0,0,1,9.7,326,27.4,268.0,187.0,81.0,538.1,3600.0,0.28,3.35,40.5,0.075,Napoli,40.8518,14.2681
2026-07-22T20:00,31.5,33,13.1,30.9,0.0,0.0,0.0,0.0,0.0,0,1013.5,1011.3,2,0,0,2,10.4,21,26.6,101.0,54.0,47.0,331.6,3600.0,0.18,3.11,38.5,0.075,Napoli,40.8518,14.2681
2026-07-22T21:00,30.1,35,12.8,29.6,0.0,0.0,0.0,0.0,0.0,0,1014.0,1011.8,1,0,1,0,9.4,43,27.0,6.0,1.0,5.0,18.8,0.0,0.11,2.78,36.4,0.075,Napoli,40.8518,14.2681
2026-07-22T22:00,29.0,36,12.6,28.4,0.0,0.0,0.0,0.0,0.0,0,1014.6,1012.4,15,0,15,0,9.0,59,23.0,0.0,0.0,0.0,0.0,0.0,0.1,2.54,34.7,0.075,Napoli,40.8518,14.2681
2026-07-22T23:00,28.0,38,12.3,27.4,0.0,0.0,0.0,0.0,0.0,0,1014.6,1012.4,1,0,1,0,9.0,43,22.3,0.0,0.0,0.0,0.0,0.0,0.1,2.35,33.2,0.075,Napoli,40.8518,14.2681
2026-07-23T00:00,27.2,39,12.0,26.3,0.0,0.0,0.0,0.0,0.0,0,1014.6,1012.4,1,0,1,0,10.1,40,24.1,0.0,0.0,0.0,0.0,0.0,0.1,2.2,31.9,0.075,Napoli,40.8518,14.2681
2026-07-23T01:00,26.4,39,11.5,25.5,0.0,0.0,0.0,0.0,0.0,0,1014.7,1012.5,1,1,0,0,9.4,32,23.8,0.0,0.0,0.0,0.0,0.0,0.09,2.08,30.8,0.075,Napoli,40.8518,14.2681
2026-07-23T02:00,26.0,39,11.1,24.9,0.0,0.0,0.0,0.0,0.0,0,1014.4,1012.2,1,1,0,0,9.1,30,21.2,0.0,0.0,0.0,0.0,0.0,0.09,2.03,29.8,0.075,Napoli,40.8518,14.2681
2026-07-23T03:00,25.5,40,10.8,24.5,0.0,0.0,0.0,0.0,0.0,0,1014.1,1011.9,0,0,0,0,8.2,32,19.8,0.0,0.0,0.0,0.0,0.0,0.08,1.96,29.0,0.075,Napoli,40.8518,14.2681
2026-07-23T04:00,24.9,40,10.5,24.0,0.0,0.0,0.0,0.0,0.0,0,1013.9,1011.7,0,0,0,0,7.3,38,18.0,0.0,0.0,0.0,0.0,0.0,0.07,1.88,28.2,0.075,Napoli,40.8518,14.2681
2026-07-23T05:00,24.4,41,10.3,23.3,0.0,0.0,0.0,0.0,0.0,0,1013.6,1011.4,0,0,0,0,7.9,41,16.6,0.0,0.0,0.0,0.0,0.0,0.07,1.81,27.5,0.075,Napoli,40.8518,14.2681
2026-07-23T06:00,24.0,41,9.9,22.8,0.0,0.0,0.0,0.0,0.0,0,1013.7,1011.5,0,0,0,0,7.9,49,17.3,0.0,0.0,0.0,0.0,0.0,0.1,1.76,26.9,0.075,Napoli,40.8518,14.2681
2026-07-23T07:00,24.6,39,9.9,23.5,0.0,0.0,0.0,0.0,0.0,0,1014.0,1011.8,0,0,0,0,7.3,42,16.9,58.0,28.0,30.0,244.2,3600.0,0.09,1.87,26.7,0.075,Napoli,40.8518,14.2681
2026-07-23T08:00,26.3,35,9.8,25.2,0.0,0.0,0.0,0.0,0.0,0,1014.2,1012.0,0,0,0,0,7.0,58,19.1,216.0,145.0,71.0,504.7,3600.0,0.19,2.21,27.6,0.075,Napoli,40.8518,14.2681
2026-07-23T09:00,28.3,32,9.9,27.3,0.0,0.0,0.0,0.0,0.0,0,1014.0,1011.8,0,0,0,0,6.0,85,19.8,401.0,309.0,92.0,660.8,3600.0,0.3,2.62,29.2,0.075,Napoli,40.8518,14.2681
2026-07-23T10:00,29.6,36,13.1,30.0,0.0,0.0,0.0,0.0,0.0,0,1013.8,1011.6,1,0,0,1,5.1,138,19.4,581.0,474.0,107.0,750.7,3600.0,0.43,2.64,31.5,0.075,Napoli,40.8518,14.2681
2026-07-23T11:00,30.5,38,14.8,32.1,0.0,0.0,0.0,0.0,0.0,0,1013.8,1011.6,1,0,0,1,7.6,175,24.8,735.0,618.0,117.0,805.2,3600.0,0.56,2.69,33.9,0.075,Napoli,40.8518,14.2681
2026-07-23T12:00,30.8,43,16.7,33.1,0.0,0.0,0.0,0.0,0.0,0,1013.5,1011.3,0,0,0,0,11.9,190,33.5,848.0,725.0,123.0,836.6,3600.0,0.65,2.55,36.0,0.075,Napoli,40.8518,14.2681
2026-07-23T13:00,30.6,46,17.8,33.0,0.0,0.0,0.0,0.0,0.0,0,1013.2,1011.0,2,0,2,0,15.5,200,41.8,907.0,779.0,128.0,845.0,3600.0,0.69,2.35,37.4,0.075,Napoli,40.8518,14.2681
2026-07-23T14:00,30.7,49,18.7,33.6,0.0,0.0,0.0,0.0,0.0,0,1012.5,1010.3,2,0,2,0,15.1,198,42.1,911.0,780.0,131.0,839.1,3600.0,0.69,2.27,38.5,0.075,Napoli,40.8518,14.2681
2026-07-23T15:00,30.9,51,19.5,34.0,0.0,0.0,0.0,0.0,0.0,0,1012.1,1009.9,14,5,11,0,14.7,206,41.4,846.0,716.0,130.0,805.2,3600.0,0.65,2.2,39.1,0.075,Napoli,40.8518,14.2681
2026-07-23T16:00,31.0,51,19.7,33.9,0.0,0.0,0.0,0.0,0.0,0,1011.6,1009.4,14,9,7,1,13.1,213,40.0,761.0,635.0,126.0,790.2,3600.0,0.59,2.19,39.4,0.075,Napoli,40.8518,14.2681
2026-07-23T17:00,30.6,53,19.8,33.0,0.0,0.0,0.0,0.0,0.0,0,1011.1,1008.9,16,9,7,1,12.1,210,36.7,618.0,502.0,116.0,740.0,3600.0,0.49,2.08,39.2,0.075,Napoli,40.8518,14.2681
2026-07-23T18:00,30.1,55,20.1,32.4,0.0,0.0,0.0,0.0,0.0,1,1010.7,1008.5,21,18,7,0,10.7,213,33.8,447.0,346.0,101.0,662.7,3600.0,0.36,1.92,38.4,0.075,Napoli,40.8518,14.2681
2026-07-23T19:00,29.3,60,20.8,32.1,0.0,0.0,0.0,0.0,0.0,0,1010.5,1008.3,17,17,1,0,10.1,231,29.5,263.0,181.0,82.0,523.8,3600.0,0.22,1.62,37.1,0.075,Napoli,40.8518,14.2681
2026-07-23T20:00,28.3,65,21.1,31.3,0.0,0.0,0.0,0.0,0.0,0,1010.4,1008.2,8,7,1,0,9.5,245,27.4,97.0,51.0,46.0,317.5,3600.0,0.11,1.34,35.4,0.075,Napoli,40.8518,14.2681
2026-07-23T21:00,27.6,70,21.7,31.0,0.0,0.0,0.0,0.0,0.0,1,1010.5,1008.3,21,21,0,0,8.8,251,23.8,5.0,1.0,4.0,19.1,0.0,0.05,1.1,33.7,0.075,Napoli,40.8518,14.2681
2026-07-23T22:00,27.6,70,21.5,31.0,0.0,0.0,0.0,0.0,0.0,1,1010.7,1008.5,41,41,0,0,8.1,249,21.2,0.0,0.0,0.0,0.0,0.0,0.03,1.12,32.3,0.075,Napoli,40.8518,14.2681
2026-07-23T23:00,27.2,73,21.9,31.1,0.0,0.0,0.0,0.0,0.0,1,1010.4,1008.2,27,27,0,0,6.3,246,19.1,0.0,0.0,0.0,0.0,0.0,0.02,0.98,31.2,0.075,Napoli,40.8518,14.2681
