date,lat,lon,temp_mean_c,temp_max_c,temp_min_c,precipitation_mm,wind_speed_10m_ms,wind_dir_10m_deg,shortwave_kwh_m2_day,relative_humidity_pct,surface_pressure_kpa
2015-01-01,37.5,10.0,12.1,13.46,9.03,3.04,10.27,4.6,1.4455,68.83,102.57
2015-01-02,37.5,10.0,12.99,13.41,12.45,0.03,5.98,352.1,2.0683,66.62,103.14
2015-01-03,37.5,10.0,15.14,15.83,13.51,0.0,10.91,289.2,2.5603,77.58,103.18
2015-01-04,37.5,10.0,15.74,16.11,15.26,0.02,13.63,298.0,2.2068,80.33,102.54
2015-01-05,37.5,10.0,15.02,15.37,13.97,0.08,5.95,351.5,2.8615,73.49,102.74
2015-01-06,37.5,10.0,13.57,14.19,12.45,0.02,3.48,266.8,2.9405,70.15,102.63
2015-01-07,37.5,10.0,14.64,15.06,13.95,0.04,3.17,284.2,1.7203,68.99,102.91
2015-01-08,37.5,10.0,14.63,15.21,13.84,0.04,4.43,306.5,2.1144,72.2,103.44
2015-01-09,37.5,10.0,15.11,15.67,14.48,0.02,9.86,299.6,2.0914,73.77,103.69
2015-01-10,37.5,10.0,15.76,15.97,15.43,0.0,12.42,292.6,2.6501,83.58,102.94
2015-01-11,37.5,10.0,15.68,16.02,14.79,0.04,10.98,287.7,2.9318,84.09,102.38
2015-01-12,37.5,10.0,14.58,15.19,13.87,0.0,7.23,314.2,2.8982,78.16,103.08
2015-01-13,37.5,10.0,14.35,16.66,12.18,0.0,4.37,183.1,3.155,70.8,102.86
2015-01-14,37.5,10.0,15.44,16.07,15.04,0.03,5.68,285.1,2.9102,81.27,102.44
2015-01-15,37.5,10.0,15.23,16.07,14.54,0.05,4.54,222.7,2.9642,80.15,102.3
2015-01-16,37.5,10.0,16.35,18.11,14.34,0.41,4.8,208.6,2.8836,78.63,101.73
2015-01-17,37.5,10.0,14.92,15.52,13.63,0.38,5.86,301.1,2.7192,77.38,101.8
2015-01-18,37.5,10.0,13.32,13.8,13.01,6.36,6.1,331.0,1.5125,76.21,101.54
2015-01-19,37.5,10.0,13.57,14.93,12.57,0.01,5.3,187.6,1.8737,65.45,101.08
2015-01-20,37.5,10.0,13.25,14.35,12.32,1.64,5.04,236.9,2.9462,65.08,100.74
2015-01-21,37.5,10.0,13.7,14.43,13.09,3.28,4.19,243.3,2.7017,70.33,101.04
2015-01-22,37.5,10.0,12.85,14.0,11.89,1.32,4.92,258.1,2.5546,70.69,100.59
2015-01-23,37.5,10.0,12.98,13.63,12.2,8.58,11.47,303.1,2.2224,78.57,100.52
2015-01-24,37.5,10.0,13.37,13.91,12.78,10.13,12.68,306.9,2.1535,77.46,101.01
2015-01-25,37.5,10.0,12.29,13.08,11.58,4.09,6.49,306.5,1.9087,70.62,101.05
2015-01-26,37.5,10.0,12.28,12.56,11.81,21.06,7.09,351.4,2.1082,83.14,101.32
2015-01-27,37.5,10.0,12.9,14.26,12.13,4.81,10.19,315.2,2.1626,73.71,101.65
2015-01-28,37.5,10.0,12.81,13.52,12.54,2.1,10.03,335.3,2.2027,64.39,101.36
2015-01-29,37.5,10.0,13.31,14.15,12.44,0.57,9.09,285.9,1.813,73.35,101.07
2015-01-30,37.5,10.0,14.17,15.82,12.81,8.08,10.94,260.4,0.9581,84.43,99.62
2015-01-31,37.5,10.0,14.77,15.85,13.81,15.28,11.63,264.9,1.2713,85.61,99.0
2015-02-01,37.5,10.0,12.33,13.5,11.23,6.95,12.67,285.1,1.7474,72.97,99.98
2015-02-02,37.5,10.0,11.74,12.13,10.77,2.75,10.87,288.2,2.5121,65.98,100.87
2015-02-03,37.5,10.0,12.83,14.6,11.04,3.28,10.1,246.0,3.1174,71.8,100.47
2015-02-04,37.5,10.0,14.07,16.6,11.61,1.86,8.13,212.3,3.2863,72.42,100.03
2015-02-05,37.5,10.0,11.33,12.73,10.55,5.32,11.68,257.0,2.2366,73.69,100.06
2015-02-06,37.5,10.0,11.57,12.19,10.6,1.63,13.82,268.7,2.214,66.62,100.72
2015-02-07,37.5,10.0,11.47,11.94,11.0,1.27,9.51,269.3,2.7545,71.53,101.57
2015-02-08,37.5,10.0,12.23,12.51,11.92,5.78,11.51,293.9,2.3069,73.43,101.44
2015-02-09,37.5,10.0,11.03,12.24,10.11,3.34,12.06,358.5,2.4538,66.58,101.84
2015-02-10,37.5,10.0,12.75,13.39,11.66,0.0,7.47,327.2,3.8263,71.76,102.36
2015-02-11,37.5,10.0,13.0,13.23,12.87,0.0,3.05,323.4,3.9653,78.29,102.27
2015-02-12,37.5,10.0,12.86,13.26,12.42,0.01,4.89,96.0,3.8078,81.97,102.03
2015-02-13,37.5,10.0,13.21,14.3,12.36,0.08,3.12,136.3,2.0549,76.38,101.96
2015-02-14,37.5,10.0,13.03,14.15,12.63,0.37,4.65,287.3,3.2834,81.54,101.68
2015-02-15,37.5,10.0,13.63,14.19,13.0,1.71,5.59,234.5,2.207,78.53,101.26
2015-02-16,37.5,10.0,12.79,13.73,11.19,10.2,6.95,257.2,1.0618,79.53,101.0
2015-02-17,37.5,10.0,12.07,13.08,10.91,17.95,4.49,96.4,1.663,79.72,101.37
2015-02-18,37.5,10.0,12.93,13.44,12.51,9.5,5.51,90.3,1.6306,80.33,102.12
2015-02-19,37.5,10.0,13.55,13.91,13.28,2.12,7.09,111.7,3.0324,78.84,102.75
2015-02-20,37.5,10.0,13.37,13.94,12.97,0.08,6.09,136.3,2.6549,72.03,102.38
2015-02-21,37.5,10.0,13.54,14.59,12.26,10.81,6.56,166.6,2.1466,83.04,100.73
2015-02-22,37.5,10.0,12.55,13.22,12.2,11.53,9.33,303.6,1.686,82.82,99.63
2015-02-23,37.5,10.0,13.25,14.32,12.53,2.88,12.58,310.6,3.7999,76.2,100.7
2015-02-24,37.5,10.0,13.19,14.55,11.75,2.99,14.36,286.3,2.9645,78.95,100.75
2015-02-25,37.5,10.0,12.22,13.82,10.8,22.49,14.75,303.8,1.9106,76.77,100.39
2015-02-26,37.5,10.0,13.09,13.47,12.81,10.39,8.57,357.3,3.7373,79.11,100.8
2015-02-27,37.5,10.0,13.1,13.57,11.77,2.17,6.6,305.7,3.9876,75.63,101.14
2015-02-28,37.5,10.0,11.89,12.27,11.56,2.26,5.57,311.5,2.3162,77.99,101.6
2015-03-01,37.5,10.0,12.8,13.31,11.69,0.71,7.54,302.3,3.8369,75.69,102.1
2015-03-02,37.5,10.0,14.34,15.13,13.35,0.0,7.36,269.5,4.284,83.07,102.28
2015-03-03,37.5,10.0,14.83,15.12,14.49,0.0,5.59,280.5,4.8122,91.27,102.46
2015-03-04,37.5,10.0,15.3,17.99,13.7,0.51,4.69,253.7,4.7707,84.09,102.01
2015-03-05,37.5,10.0,11.7,12.4,10.94,3.08,17.41,304.0,2.562,69.67,101.36
2015-03-06,37.5,10.0,12.18,12.58,11.7,1.12,13.63,343.5,2.4494,66.22,101.99
2015-03-07,37.5,10.0,11.9,12.54,11.58,0.82,11.0,353.2,1.885,66.04,102.21
2015-03-08,37.5,10.0,11.81,12.32,11.22,10.9,8.39,20.2,1.9961,75.8,101.85
2015-03-09,37.5,10.0,12.18,12.69,11.34,5.62,6.3,358.6,2.5116,75.25,102.1
2015-03-10,37.5,10.0,12.46,13.1,11.95,0.09,5.27,321.2,4.619,75.87,102.44
2015-03-11,37.5,10.0,13.4,13.97,12.71,0.1,7.75,296.4,4.7844,78.91,102.31
2015-03-12,37.5,10.0,13.65,14.27,12.66,0.23,6.59,325.4,4.1976,81.84,101.78
2015-03-13,37.5,10.0,13.05,13.43,12.73,0.0,4.15,333.9,5.2846,66.79,101.98
2015-03-14,37.5,10.0,13.33,14.4,12.35,1.44,5.34,144.6,5.0059,73.91,101.88
2015-03-15,37.5,10.0,12.97,14.34,11.9,7.0,5.81,175.3,1.4268,86.04,101.72
2015-03-16,37.5,10.0,13.88,14.38,13.12,3.17,5.64,192.2,0.943,90.27,101.56
2015-03-17,37.5,10.0,13.47,13.83,13.07,0.03,6.05,300.3,4.9212,74.99,101.94
2015-03-18,37.5,10.0,13.56,13.9,13.29,0.01,3.51,79.1,4.9735,79.38,101.99
2015-03-19,37.5,10.0,13.69,14.84,12.35,0.01,8.04,127.5,5.4034,82.15,101.82
2015-03-20,37.5,10.0,14.39,15.35,13.75,0.13,10.99,130.1,4.89,83.19,101.68
2015-03-21,37.5,10.0,14.02,14.31,13.81,0.42,11.56,133.2,2.0525,85.54,101.31
2015-03-22,37.5,10.0,14.11,14.99,13.05,0.44,7.36,220.6,4.9387,90.48,100.7
2015-03-23,37.5,10.0,14.34,14.95,13.55,0.09,5.13,123.2,5.7331,88.33,101.17
2015-03-24,37.5,10.0,14.54,15.24,14.0,25.94,9.64,134.3,2.2006,91.51,100.17
2015-03-25,37.5,10.0,14.72,15.94,13.2,0.32,7.46,248.4,5.0383,81.05,99.77
2015-03-26,37.5,10.0,14.04,14.84,13.29,4.88,8.34,320.2,2.3681,83.23,100.45
2015-03-27,37.5,10.0,13.69,14.34,13.33,0.19,15.39,305.3,4.3745,74.99,101.02
2015-03-28,37.5,10.0,14.32,14.75,13.8,0.03,10.73,310.5,5.7914,84.89,101.39
2015-03-29,37.5,10.0,14.3,14.65,13.76,0.07,10.98,298.5,5.8205,83.45,101.7
2015-03-30,37.5,10.0,15.19,15.44,14.86,0.0,12.51,291.2,4.8317,86.05,101.65
2015-03-31,37.5,10.0,15.26,15.58,15.0,0.0,12.3,293.3,6.1346,87.01,101.91
2015-04-01,37.5,10.0,14.6,15.17,13.78,0.0,13.11,297.5,6.4022,78.97,101.97
2015-04-02,37.5,10.0,13.85,14.04,13.63,0.02,12.3,296.2,3.5434,75.19,101.99
2015-04-03,37.5,10.0,14.23,14.57,13.86,0.01,10.05,298.2,5.4377,80.0,101.74
2015-04-04,37.5,10.0,14.06,14.95,13.48,0.02,4.68,287.0,5.3465,81.84,101.23
2015-04-05,37.5,10.0,14.54,14.93,14.02,0.13,9.09,293.7,5.6311,76.62,100.95
2015-04-06,37.5,10.0,13.48,13.93,12.91,0.35,6.98,345.8,6.4896,71.51,101.65
2015-04-07,37.5,10.0,12.87,13.25,12.17,0.01,9.15,15.9,6.361,61.64,102.37
2015-04-08,37.5,10.0,13.01,13.23,12.4,0.03,7.61,354.9,6.3377,64.85,102.8
2015-04-09,37.5,10.0,13.77,14.08,13.29,0.0,3.71,0.7,6.8534,68.64,102.83
2015-04-10,37.5,10.0,14.7,16.55,12.99,0.0,7.24,144.0,7.0022,72.74,102.7
2015-04-11,37.5,10.0,14.64,17.13,11.86,0.0,6.11,147.1,6.5251,79.15,102.37
2015-04-12,37.5,10.0,14.59,15.72,13.23,0.0,5.78,114.7,6.1877,85.23,102.52
2015-04-13,37.5,10.0,14.56,14.98,14.15,0.01,3.3,63.9,6.5321,83.44,102.79
2015-04-14,37.5,10.0,14.52,15.44,13.25,0.0,2.06,113.4,6.9758,77.75,102.7
2015-04-15,37.5,10.0,15.8,17.24,14.29,0.0,5.09,133.7,7.1136,75.69,102.29
2015-04-16,37.5,10.0,16.44,18.61,14.21,0.0,5.8,137.0,6.7344,81.89,101.83
2015-04-17,37.5,10.0,16.6,17.75,15.69,0.01,5.15,264.1,5.8651,86.27,101.72
2015-04-18,37.5,10.0,15.91,16.38,15.58,0.61,4.11,70.1,6.137,88.81,101.48
2015-04-19,37.5,10.0,15.98,16.26,15.7,0.06,3.57,315.1,5.6021,93.18,101.36
2015-04-20,37.5,10.0,16.15,16.47,15.78,0.1,4.25,292.7,6.4334,91.78,101.81
2015-04-21,37.5,10.0,16.15,16.53,15.78,0.01,4.65,348.7,6.7178,79.39,102.25
2015-04-22,37.5,10.0,16.36,16.98,15.51,0.0,5.13,110.5,5.4326,77.29,102.32
2015-04-23,37.5,10.0,17.25,19.06,15.68,0.0,4.44,155.4,6.0919,82.42,101.69
2015-04-24,37.5,10.0,16.75,17.22,16.43,0.11,3.84,298.1,6.2369,88.19,101.59
2015-04-25,37.5,10.0,16.55,17.04,16.03,0.05,3.54,116.0,6.5633,82.0,101.62
2015-04-26,37.5,10.0,17.72,19.88,16.09,0.08,6.89,150.8,5.4521,81.43,101.19
2015-04-27,37.5,10.0,17.08,17.59,16.74,4.73,6.73,262.1,3.6173,86.76,100.93
2015-04-28,37.5,10.0,16.96,17.51,16.07,0.19,10.36,278.3,7.1957,80.41,101.44
2015-04-29,37.5,10.0,16.14,16.82,15.49,0.0,4.54,315.2,7.3488,70.62,101.94
2015-04-30,37.5,10.0,16.33,16.79,15.8,0.0,3.28,314.8,7.5638,74.65,102.12
2015-05-01,37.5,10.0,18.11,19.51,16.13,0.0,3.24,160.3,7.5854,72.99,101.83
2015-05-02,37.5,10.0,18.8,19.43,18.14,0.0,3.7,272.9,6.7901,80.35,101.51
2015-05-03,37.5,10.0,20.38,22.53,18.66,0.0,4.31,149.2,7.3423,72.16,101.29
2015-05-04,37.5,10.0,21.16,23.79,19.56,0.0,5.47,147.8,6.7565,75.94,101.15
2015-05-05,37.5,10.0,20.67,21.41,20.09,0.0,4.05,201.9,6.9139,79.3,101.18
2015-05-06,37.5,10.0,19.45,20.05,19.1,0.01,3.77,284.4,6.2316,92.62,101.41
2015-05-07,37.5,10.0,19.17,19.51,18.92,0.0,5.67,301.3,7.0726,89.35,101.74
2015-05-08,37.5,10.0,19.16,20.32,18.19,0.03,4.16,67.3,7.3682,87.32,101.61
2015-05-09,37.5,10.0,19.0,19.37,18.57,0.0,9.72,301.9,7.4551,87.81,101.9
2015-05-10,37.5,10.0,18.58,18.87,18.23,0.0,8.51,304.6,7.613,90.31,102.17
2015-05-11,37.5,10.0,18.65,19.16,17.98,0.0,3.58,350.5,7.6572,83.98,102.34
2015-05-12,37.5,10.0,18.97,19.58,18.1,0.01,2.45,48.4,7.3406,83.69,102.32
2015-05-13,37.5,10.0,19.47,20.36,18.23,0.02,1.48,218.6,7.9829,75.9,102.33
2015-05-14,37.5,10.0,22.15,24.98,19.88,0.0,3.44,224.2,6.7478,59.51,101.62
2015-05-15,37.5,10.0,20.35,22.54,18.0,0.09,8.94,276.7,5.8958,70.11,101.06
2015-05-16,37.5,10.0,17.31,18.05,16.73,4.62,6.76,297.0,5.5411,75.67,101.59
2015-05-17,37.5,10.0,17.62,18.5,16.11,3.22,7.35,331.0,4.4882,81.88,101.26
2015-05-18,37.5,10.0,18.82,18.97,18.52,0.15,7.4,306.5,7.4712,93.26,101.21
2015-05-19,37.5,10.0,20.09,22.18,18.76,0.0,3.84,204.5,7.8401,77.49,100.97
2015-05-20,37.5,10.0,19.3,19.84,18.12,0.39,6.06,304.5,6.4471,85.14,101.14
2015-05-21,37.5,10.0,17.37,17.85,16.71,0.4,9.86,321.5,1.7976,69.81,101.77
2015-05-22,37.5,10.0,17.49,17.82,16.63,0.06,11.67,300.6,7.3966,68.38,101.69
2015-05-23,37.5,10.0,17.8,18.32,16.89,0.01,8.14,284.5,7.619,72.78,101.57
2015-05-24,37.5,10.0,18.01,18.3,17.8,0.04,6.49,291.1,7.301,76.53,101.52
2015-05-25,37.5,10.0,17.77,18.26,17.22,0.25,3.0,341.2,6.564,77.61,101.37
2015-05-26,37.5,10.0,17.95,18.65,17.14,7.02,8.48,293.0,3.2088,84.04,101.2
2015-05-27,37.5,10.0,18.33,18.7,17.79,0.91,9.97,295.6,7.2986,80.17,101.43
2015-05-28,37.5,10.0,18.21,18.56,17.71,0.02,6.7,307.3,7.8142,84.11,101.84
2015-05-29,37.5,10.0,19.64,21.02,18.02,0.0,5.89,126.6,8.1564,71.54,101.59
2015-05-30,37.5,10.0,19.2,19.45,18.97,0.09,3.9,87.6,4.4136,90.83,101.52
2015-05-31,37.5,10.0,19.01,19.49,18.62,0.03,3.01,344.1,7.1822,85.22,101.74
2015-06-01,37.5,10.0,19.55,20.09,18.58,0.0,2.92,80.6,8.1082,75.69,101.79
2015-06-02,37.5,10.0,19.37,19.73,18.91,0.0,2.43,56.1,7.9426,78.9,101.99
2015-06-03,37.5,10.0,20.04,20.65,19.42,0.0,2.38,68.6,8.0921,78.7,102.15
2015-06-04,37.5,10.0,20.89,21.19,20.59,0.03,3.24,51.2,8.2483,83.79,102.03
2015-06-05,37.5,10.0,21.13,21.67,20.61,0.05,2.89,20.6,8.0714,83.46,101.89
2015-06-06,37.5,10.0,21.3,21.74,21.02,2.86,2.74,331.0,6.7402,89.26,101.92
2015-06-07,37.5,10.0,21.73,22.62,20.48,0.07,3.22,101.8,7.6145,80.8,101.94
2015-06-08,37.5,10.0,22.49,23.13,21.86,0.02,3.55,112.6,7.8955,77.96,101.58
2015-06-09,37.5,10.0,22.45,22.87,21.47,0.0,3.86,95.5,7.9344,81.88,101.37
2015-06-10,37.5,10.0,22.79,23.6,21.98,0.0,7.21,110.3,7.805,84.51,101.44
2015-06-11,37.5,10.0,23.06,24.04,22.03,0.01,7.55,117.6,7.3294,83.33,101.33
2015-06-12,37.5,10.0,23.13,23.99,22.18,0.0,9.58,131.6,5.0815,79.94,101.13
2015-06-13,37.5,10.0,22.17,23.36,21.12,0.48,4.73,125.8,7.2449,85.22,101.03
2015-06-14,37.5,10.0,21.43,21.66,21.22,0.05,3.94,310.3,7.8079,83.76,101.34
2015-06-15,37.5,10.0,21.42,21.6,21.08,0.01,4.21,344.6,7.5648,82.56,101.59
2015-06-16,37.5,10.0,21.61,21.68,21.49,0.14,5.24,332.5,7.2814,81.68,101.7
2015-06-17,37.5,10.0,21.67,21.88,21.35,0.19,9.35,294.3,8.0918,79.88,101.62
2015-06-18,37.5,10.0,21.68,21.99,21.31,0.02,8.52,298.6,8.0918,82.02,101.63
2015-06-19,37.5,10.0,21.85,22.22,21.44,0.08,9.15,289.6,7.681,79.72,101.48
2015-06-20,37.5,10.0,21.82,22.21,21.3,0.05,10.45,291.5,8.1619,79.37,101.4
2015-06-21,37.5,10.0,21.64,21.96,21.37,0.3,8.34,302.6,8.0162,81.08,101.6
2015-06-22,37.5,10.0,21.82,22.65,21.4,0.0,4.09,52.3,8.0818,82.49,101.75
2015-06-23,37.5,10.0,23.26,24.96,21.26,0.0,3.86,164.7,7.9915,74.61,101.21
2015-06-24,37.5,10.0,22.87,23.67,22.13,0.1,5.16,303.4,6.875,85.37,101.44
2015-06-25,37.5,10.0,22.46,22.8,21.92,0.25,4.62,18.0,6.835,92.35,101.78
2015-06-26,37.5,10.0,22.32,22.7,21.98,0.07,5.55,311.1,8.0947,86.93,101.89
2015-06-27,37.5,10.0,22.99,23.33,22.75,0.0,6.69,299.9,7.7777,81.52,101.82
2015-06-28,37.5,10.0,23.29,23.94,22.59,0.0,6.9,294.0,7.8074,87.34,101.66
2015-06-29,37.5,10.0,23.22,23.71,22.74,0.01,3.73,339.1,7.925,88.11,101.82
2015-06-30,37.5,10.0,23.65,24.1,23.09,0.0,3.64,92.5,7.9723,76.02,101.86
2015-07-01,37.5,10.0,24.28,24.89,23.27,0.0,5.84,105.8,8.053,76.33,101.85
2015-07-02,37.5,10.0,24.44,25.02,23.72,0.0,6.04,101.0,8.029,80.01,102.0
2015-07-03,37.5,10.0,24.53,25.19,23.71,0.0,4.28,95.0,8.0503,76.19,102.19
2015-07-04,37.5,10.0,24.44,24.92,23.88,0.01,2.62,43.9,7.5002,84.55,102.07
2015-07-05,37.5,10.0,24.8,25.36,24.32,0.0,2.43,72.1,7.7544,84.73,101.89
2015-07-06,37.5,10.0,26.09,28.24,24.85,0.0,2.63,141.4,7.5178,66.65,101.85
2015-07-07,37.5,10.0,26.43,28.36,25.37,0.0,2.26,107.3,7.859,68.85,101.62
2015-07-08,37.5,10.0,26.35,27.2,25.74,0.0,3.7,268.1,7.4614,74.51,101.24
2015-07-09,37.5,10.0,25.38,25.89,24.42,0.0,10.39,294.7,7.2869,77.03,101.19
2015-07-10,37.5,10.0,24.63,25.07,24.31,0.04,6.9,307.2,7.5456,80.25,101.45
2015-07-11,37.5,10.0,24.04,24.29,23.71,0.0,2.08,313.5,7.5823,83.08,101.75
2015-07-12,37.5,10.0,24.73,25.14,24.16,0.01,5.05,293.0,7.6094,86.0,101.69
2015-07-13,37.5,10.0,25.31,25.53,24.97,0.0,7.83,295.4,7.7412,81.98,101.55
2015-07-14,37.5,10.0,25.22,25.37,25.05,0.0,7.9,304.3,7.7412,80.27,101.52
2015-07-15,37.5,10.0,24.2,24.96,23.64,0.03,4.0,315.7,7.643,84.38,101.57
2015-07-16,37.5,10.0,26.44,27.74,24.82,0.0,5.42,122.1,7.4779,75.25,101.56
2015-07-17,37.5,10.0,26.56,27.71,25.61,0.0,5.47,121.7,7.3286,77.54,101.65
2015-07-18,37.5,10.0,26.79,27.67,25.3,0.0,4.6,111.4,7.393,73.82,101.6
2015-07-19,37.5,10.0,27.07,29.59,25.75,0.01,2.98,89.4,7.5468,75.2,101.39
2015-07-20,37.5,10.0,25.54,26.11,25.19,0.52,4.31,299.2,7.2218,87.79,101.32
2015-07-21,37.5,10.0,26.4,26.58,26.08,1.22,2.81,309.7,7.4395,83.35,101.38
2015-07-22,37.5,10.0,26.43,26.65,26.1,1.14,3.3,309.9,7.38,81.91,101.36
2015-07-23,37.5,10.0,26.95,27.17,26.72,4.42,6.75,300.3,7.4837,80.92,101.15
2015-07-24,37.5,10.0,26.65,26.82,26.46,1.2,6.61,309.2,7.6157,76.78,101.07
2015-07-25,37.5,10.0,26.46,26.74,26.17,0.04,4.76,302.6,7.5473,80.01,101.19
2015-07-26,37.5,10.0,26.57,26.76,26.28,0.0,6.13,300.5,7.5463,78.09,101.31
2015-07-27,37.5,10.0,26.09,26.56,25.85,0.0,5.59,307.6,7.7585,77.9,101.2
2015-07-28,37.5,10.0,26.65,26.83,26.51,0.0,7.22,307.1,7.4126,78.77,101.17
2015-07-29,37.5,10.0,26.91,27.32,26.65,0.0,4.92,318.5,7.5252,75.84,101.13
2015-07-30,37.5,10.0,27.97,29.46,26.97,0.03,3.38,119.9,7.4117,74.18,100.91
2015-07-31,37.5,10.0,27.54,28.71,26.73,0.56,4.3,298.6,6.8258,80.0,100.94
2015-08-01,37.5,10.0,27.63,28.47,27.12,0.2,4.38,83.7,6.6425,81.87,101.17
2015-08-02,37.5,10.0,27.34,28.46,26.63,4.98,5.06,294.7,6.1066,87.12,101.3
2015-08-03,37.5,10.0,26.6,27.43,25.66,0.94,4.07,328.8,7.1172,84.54,101.49
2015-08-04,37.5,10.0,26.54,26.83,26.03,0.0,3.31,339.7,7.475,74.81,101.44
2015-08-05,37.5,10.0,27.06,27.88,26.65,0.0,2.42,19.6,7.2235,69.18,101.39
2015-08-06,37.5,10.0,27.28,27.46,27.04,0.0,2.72,20.8,7.2691,72.98,101.36
2015-08-07,37.5,10.0,27.2,27.53,26.82,0.02,3.03,349.1,6.7682,77.65,101.31
2015-08-08,37.5,10.0,27.23,27.79,26.56,0.12,2.43,3.9,6.318,78.35,101.45
2015-08-09,37.5,10.0,27.16,27.83,26.69,0.74,3.9,284.0,6.2078,80.11,101.52
2015-08-10,37.5,10.0,26.84,27.48,26.11,0.72,5.63,300.7,6.1296,75.65,101.38
2015-08-11,37.5,10.0,26.35,26.76,25.66,2.31,8.24,300.4,6.4003,73.52,101.24
2015-08-12,37.5,10.0,26.81,27.3,26.26,3.36,6.63,319.9,6.6581,77.02,101.48
2015-08-13,37.5,10.0,26.7,27.02,26.27,0.17,3.71,332.9,6.803,78.21,101.43
2015-08-14,37.5,10.0,26.73,27.72,25.86,0.12,4.01,275.9,5.1036,80.14,101.22
2015-08-15,37.5,10.0,26.1,27.21,25.43,0.61,4.51,287.3,6.0103,79.45,101.13
2015-08-16,37.5,10.0,25.37,26.08,24.87,2.32,5.27,298.6,4.8859,72.96,101.25
2015-08-17,37.5,10.0,24.84,25.32,24.51,0.0,3.23,339.9,7.1734,63.89,101.35
2015-08-18,37.5,10.0,26.38,27.74,25.33,3.42,5.85,119.4,6.5573,78.37,101.15
2015-08-19,37.5,10.0,25.99,26.34,25.76,5.77,6.28,286.4,6.2597,80.0,101.42
2015-08-20,37.5,10.0,25.38,25.83,24.87,0.0,7.39,313.1,7.0308,67.65,101.9
2015-08-21,37.5,10.0,24.79,25.39,24.39,0.0,5.15,329.4,6.9811,70.73,101.95
2015-08-22,37.5,10.0,24.78,25.45,24.29,0.0,3.6,110.8,7.0217,71.77,101.64
2015-08-23,37.5,10.0,26.89,28.38,25.37,0.26,6.57,139.3,6.5534,77.46,101.18
2015-08-24,37.5,10.0,26.18,27.17,25.29,0.24,4.21,176.2,6.4308,82.64,101.27
2015-08-25,37.5,10.0,25.67,26.12,25.4,0.76,3.84,312.2,5.9602,82.03,101.68
2015-08-26,37.5,10.0,25.86,26.64,25.46,0.0,3.8,18.1,6.365,73.83,101.59
2015-08-27,37.5,10.0,25.88,26.54,25.16,0.06,5.76,86.4,6.527,82.74,101.53
2015-08-28,37.5,10.0,26.91,27.88,26.27,0.93,6.62,110.2,6.1841,81.39,101.66
2015-08-29,37.5,10.0,27.18,28.3,26.05,0.07,6.94,124.8,6.2549,75.9,101.83
2015-08-30,37.5,10.0,27.2,28.62,25.9,0.0,6.67,130.4,6.5724,72.75,101.87
2015-08-31,37.5,10.0,27.49,28.76,26.05,0.0,5.65,132.1,6.395,66.16,101.6
2015-09-01,37.5,10.0,27.27,28.98,25.41,0.0,4.74,140.1,6.3619,69.28,101.34
2015-09-02,37.5,10.0,26.36,27.13,25.91,0.99,3.07,251.4,5.4857,76.19,101.37
2015-09-03,37.5,10.0,26.52,28.33,25.09,0.2,2.96,127.0,5.4763,74.84,101.31
2015-09-04,37.5,10.0,28.9,32.86,26.13,0.37,2.48,175.0,4.8199,66.03,101.15
2015-09-05,37.5,10.0,26.12,27.13,25.5,6.09,6.54,297.2,4.5048,81.89,101.47
2015-09-06,37.5,10.0,24.89,25.46,24.57,0.0,5.78,330.1,4.1808,68.53,101.73
2015-09-07,37.5,10.0,24.42,24.83,24.19,0.0,6.21,311.0,5.5298,70.7,101.74
2015-09-08,37.5,10.0,24.07,24.53,23.6,36.19,2.85,347.4,3.0322,65.56,101.5
2015-09-09,37.5,10.0,23.22,24.26,22.35,38.26,5.24,330.2,4.3702,79.06,101.15
2015-09-10,37.5,10.0,24.13,24.41,23.66,0.77,4.6,327.3,5.7811,67.5,101.5
2015-09-11,37.5,10.0,25.21,26.82,23.55,0.2,5.02,136.0,5.8301,70.71,101.72
2015-09-12,37.5,10.0,26.34,28.58,24.3,0.17,7.27,149.0,5.9386,77.43,101.68
2015-09-13,37.5,10.0,26.72,28.61,25.07,0.66,4.99,176.0,5.1994,76.08,101.46
2015-09-14,37.5,10.0,26.39,28.29,24.91,0.15,5.0,214.8,5.2526,77.96,101.32
2015-09-15,37.5,10.0,27.17,30.09,25.1,0.29,4.27,173.8,4.1988,75.81,101.22
2015-09-16,37.5,10.0,28.2,31.92,25.13,0.0,7.09,169.2,5.7142,66.07,101.01
2015-09-17,37.5,10.0,27.5,31.24,25.76,0.1,5.37,177.9,5.2848,75.59,101.07
2015-09-18,37.5,10.0,25.08,25.95,24.32,0.16,2.11,329.5,5.2879,85.36,101.51
2015-09-19,37.5,10.0,24.91,25.29,24.44,0.28,4.55,302.7,4.2782,77.65,101.73
2015-09-20,37.5,10.0,23.7,24.46,23.2,0.13,11.57,309.8,5.1682,69.23,101.68
2015-09-21,37.5,10.0,23.31,23.59,22.81,0.03,8.92,311.8,5.8272,73.34,101.51
2015-09-22,37.5,10.0,23.46,24.0,22.96,0.06,6.48,301.3,5.4271,74.81,101.27
2015-09-23,37.5,10.0,24.13,25.38,22.73,1.21,4.24,295.8,5.6057,67.39,101.08
2015-09-24,37.5,10.0,22.23,22.7,21.9,0.13,10.01,306.9,5.3105,68.07,101.39
2015-09-25,37.5,10.0,22.2,22.67,21.73,0.28,6.47,309.3,4.3754,69.69,101.46
2015-09-26,37.5,10.0,22.02,22.58,21.51,0.28,3.53,305.1,4.7134,72.1,101.44
2015-09-27,37.5,10.0,22.01,22.26,21.71,6.39,3.15,324.8,4.4026,74.18,101.64
2015-09-28,37.5,10.0,21.13,22.22,20.7,10.77,2.61,12.4,4.1611,77.23,101.86
2015-09-29,37.5,10.0,21.45,22.71,20.58,1.45,2.95,106.1,5.3006,76.64,101.8
2015-09-30,37.5,10.0,23.82,25.26,22.84,13.76,6.75,139.8,4.5799,79.92,101.67
2015-10-01,37.5,10.0,23.12,24.23,22.33,13.12,7.39,236.2,4.4993,75.53,101.56
2015-10-02,37.5,10.0,21.7,22.17,21.07,0.77,5.84,288.8,5.034,71.48,101.96
2015-10-03,37.5,10.0,22.91,24.76,21.39,0.0,5.91,149.7,5.0309,69.55,102.1
2015-10-04,37.5,10.0,24.09,27.58,22.14,0.12,4.11,196.7,4.1326,73.59,102.01
2015-10-05,37.5,10.0,23.61,23.98,23.26,0.0,6.15,273.2,4.3992,86.27,101.83
2015-10-06,37.5,10.0,24.12,24.88,23.64,6.0,5.11,256.9,3.1226,81.91,101.4
2015-10-07,37.5,10.0,23.28,23.85,22.61,0.21,7.31,292.4,4.5679,82.19,101.42
2015-10-08,37.5,10.0,22.03,22.51,21.54,10.83,3.07,344.8,2.0863,71.0,101.5
2015-10-09,37.5,10.0,22.72,23.35,21.99,6.47,6.13,118.2,0.7814,78.78,101.01
2015-10-10,37.5,10.0,21.57,22.02,21.12,2.92,12.16,277.9,3.4481,76.59,100.5
2015-10-11,37.5,10.0,21.92,22.42,21.53,0.04,6.42,300.7,4.4568,69.41,101.05
2015-10-12,37.5,10.0,22.74,24.13,21.29,0.0,3.82,149.0,4.4582,68.66,101.31
2015-10-13,37.5,10.0,23.24,25.36,21.63,0.12,3.89,193.1,4.2823,73.91,101.22
2015-10-14,37.5,10.0,22.26,23.23,21.3,1.35,4.6,248.9,3.1934,81.91,100.89
2015-10-15,37.5,10.0,20.7,21.96,20.23,1.32,4.67,318.9,3.223,79.11,101.32
2015-10-16,37.5,10.0,20.83,21.1,20.49,0.0,2.51,320.7,4.4174,65.86,101.66
2015-10-17,37.5,10.0,22.6,23.91,21.12,0.0,4.5,153.3,4.3166,72.69,101.6
2015-10-18,37.5,10.0,23.35,25.74,21.71,0.03,5.14,180.9,3.8398,75.46,101.33
2015-10-19,37.5,10.0,23.18,25.4,21.68,0.08,4.0,177.0,4.1942,75.67,101.06
2015-10-20,37.5,10.0,22.14,23.69,21.54,2.61,3.38,351.8,3.5455,86.62,100.94
2015-10-21,37.5,10.0,21.38,23.08,20.65,13.86,6.48,306.1,1.8559,85.49,100.64
2015-10-22,37.5,10.0,19.72,20.56,19.1,7.74,10.22,320.8,1.6025,75.87,101.08
2015-10-23,37.5,10.0,19.47,19.89,19.08,0.28,9.62,337.9,2.4166,68.62,101.57
2015-10-24,37.5,10.0,19.34,19.66,19.13,0.0,3.51,9.5,4.02,68.82,101.92
2015-10-25,37.5,10.0,20.19,21.31,19.05,0.0,4.69,137.0,2.2572,70.24,102.03
2015-10-26,37.5,10.0,20.9,22.66,19.38,7.19,4.48,160.8,3.0326,75.18,101.69
2015-10-27,37.5,10.0,21.67,22.26,21.1,1.35,2.29,208.7,3.4421,70.54,101.62
2015-10-28,37.5,10.0,21.88,23.69,20.61,0.76,2.52,218.9,3.6262,73.94,101.68
2015-10-29,37.5,10.0,20.74,21.49,19.97,3.98,7.31,291.1,2.8138,75.46,101.71
2015-10-30,37.5,10.0,19.57,19.88,19.12,0.86,6.88,342.7,3.6494,73.73,101.73
2015-10-31,37.5,10.0,19.64,20.77,18.48,11.59,7.86,16.9,2.1031,80.2,101.61
2015-11-01,37.5,10.0,20.12,20.74,19.49,5.11,7.85,43.2,2.335,81.24,101.93
2015-11-02,37.5,10.0,20.34,20.8,19.79,0.05,4.82,93.7,3.467,80.96,102.35
2015-11-03,37.5,10.0,20.26,21.11,19.52,0.28,6.96,162.4,3.1042,82.33,102.44
2015-11-04,37.5,10.0,20.23,21.12,18.83,1.92,4.57,231.4,2.6854,85.81,102.11
2015-11-05,37.5,10.0,20.24,20.64,20.01,0.06,6.06,308.4,2.8277,83.87,102.09
2015-11-06,37.5,10.0,19.5,19.98,18.5,0.06,4.79,333.7,3.2974,81.41,102.36
2015-11-07,37.5,10.0,18.74,19.15,18.38,0.16,4.37,2.7,3.1387,84.46,102.61
2015-11-08,37.5,10.0,18.85,19.49,18.14,0.06,3.39,341.9,3.3934,80.51,102.95
2015-11-09,37.5,10.0,19.39,19.79,19.02,0.0,4.61,305.7,3.4673,77.95,102.99
2015-11-10,37.5,10.0,19.17,20.09,18.52,0.18,5.86,318.6,2.7744,82.4,102.66
2015-11-11,37.5,10.0,19.18,20.25,18.11,0.1,4.1,327.1,2.7842,81.67,102.44
2015-11-12,37.5,10.0,18.44,18.88,17.96,0.01,1.97,44.3,2.119,77.49,102.49
2015-11-13,37.5,10.0,18.76,19.14,18.49,0.0,2.14,42.6,2.6491,73.12,102.72
2015-11-14,37.5,10.0,19.12,19.51,18.47,0.0,5.28,313.2,3.1944,73.85,102.65
2015-11-15,37.5,10.0,19.14,19.4,18.9,0.02,7.95,309.9,2.1511,75.14,102.2
2015-11-16,37.5,10.0,19.52,19.77,19.14,0.01,6.85,305.2,2.3702,78.54,101.95
2015-11-17,37.5,10.0,19.06,19.43,18.9,0.37,6.07,312.1,2.3602,77.34,102.12
2015-11-18,37.5,10.0,19.21,19.42,18.98,0.38,6.82,311.5,2.9201,76.46,102.3
2015-11-19,37.5,10.0,19.56,19.77,19.0,0.53,8.09,308.3,2.49,75.72,102.35
2015-11-20,37.5,10.0,19.19,19.57,18.78,0.27,11.49,302.7,2.6594,81.4,102.2
2015-11-21,37.5,10.0,18.92,21.03,16.53,1.1,11.19,269.0,2.5846,76.88,100.69
2015-11-22,37.5,10.0,16.13,16.54,15.37,0.1,7.5,307.7,2.0467,62.18,100.83
2015-11-23,37.5,10.0,15.42,16.32,14.83,1.14,3.1,255.2,2.3062,66.67,101.42
2015-11-24,37.5,10.0,14.44,15.05,13.77,21.57,5.32,331.9,0.3593,81.98,101.58
2015-11-25,37.5,10.0,16.01,16.81,15.07,13.59,12.24,299.3,2.3642,72.11,101.2
2015-11-26,37.5,10.0,15.22,16.05,14.33,12.77,14.34,305.0,1.9294,71.15,100.13
2015-11-27,37.5,10.0,14.95,16.03,14.1,1.15,11.0,314.8,1.7947,66.75,100.71
2015-11-28,37.5,10.0,16.23,16.9,15.34,0.66,10.51,297.1,2.0856,72.79,101.73
2015-11-29,37.5,10.0,15.95,16.86,15.66,0.09,11.11,310.9,2.5805,72.52,102.67
2015-11-30,37.5,10.0,16.41,16.82,16.09,0.1,10.83,311.3,2.2524,73.99,103.13
2015-12-01,37.5,10.0,16.62,17.16,16.0,0.02,9.33,299.2,2.8054,79.95,102.99
2015-12-02,37.5,10.0,15.64,16.28,14.95,0.02,4.41,321.3,2.7391,78.37,102.98
2015-12-03,37.5,10.0,15.6,16.4,14.52,0.0,3.47,111.1,2.5006,76.68,103.01
2015-12-04,37.5,10.0,16.27,16.76,15.75,0.01,3.04,117.0,2.118,75.96,103.17
2015-12-05,37.5,10.0,15.88,16.51,15.37,0.04,1.5,151.9,2.0762,72.18,103.3
2015-12-06,37.5,10.0,17.15,18.24,16.33,0.48,6.32,145.0,1.8142,83.72,103.18
2015-12-07,37.5,10.0,16.84,18.65,15.01,0.08,5.08,179.2,2.7096,78.24,103.14
2015-12-08,37.5,10.0,15.96,16.81,14.9,0.0,3.18,247.7,2.7185,77.43,103.17
2015-12-09,37.5,10.0,16.03,16.35,15.84,0.01,4.96,306.9,2.484,81.42,103.22
2015-12-10,37.5,10.0,15.53,16.23,14.98,0.35,7.18,316.5,2.1528,79.43,103.11
2015-12-11,37.5,10.0,15.63,16.13,15.09,0.0,5.18,333.8,2.6995,71.19,103.22
2015-12-12,37.5,10.0,14.63,15.7,13.74,0.0,2.93,208.6,2.8534,64.7,102.91
2015-12-13,37.5,10.0,14.77,15.44,13.63,0.0,3.51,197.8,2.6441,60.51,102.38
2015-12-14,37.5,10.0,15.46,15.78,14.89,2.56,3.69,284.4,2.0542,75.34,102.3
2015-12-15,37.5,10.0,15.95,16.19,15.62,0.45,4.33,316.1,2.5603,79.35,102.75
2015-12-16,37.5,10.0,16.47,16.9,16.01,1.58,4.71,309.8,1.5662,83.16,102.88
2015-12-17,37.5,10.0,15.73,15.95,15.17,0.08,2.77,39.4,2.43,76.36,102.89
2015-12-18,37.5,10.0,14.83,15.31,14.24,0.01,1.04,12.2,2.6693,71.34,102.92
2015-12-19,37.5,10.0,15.48,16.46,14.27,0.0,3.45,154.0,2.7113,69.63,102.7
2015-12-20,37.5,10.0,15.84,16.31,15.48,0.03,4.78,75.3,2.3676,78.99,102.58
2015-12-21,37.5,10.0,15.81,16.36,15.29,0.21,4.01,105.2,2.2536,79.97,103.09
2015-12-22,37.5,10.0,16.29,16.48,15.83,0.02,2.81,115.8,2.5176,76.6,103.49
2015-12-23,37.5,10.0,16.23,17.99,14.91,0.08,5.89,161.5,2.7017,79.29,103.22
2015-12-24,37.5,10.0,15.93,16.74,15.4,0.0,2.69,179.8,2.5632,73.93,103.1
2015-12-25,37.5,10.0,16.39,16.95,15.47,0.0,4.43,145.3,2.0268,67.73,103.14
2015-12-26,37.5,10.0,15.62,16.05,14.86,0.0,3.18,145.7,2.4655,62.86,103.12
2015-12-27,37.5,10.0,15.47,15.9,15.05,0.2,3.54,13.1,1.9596,75.7,103.18
2015-12-28,37.5,10.0,15.11,15.71,14.62,0.18,2.46,116.9,2.4898,77.29,103.13
2015-12-29,37.5,10.0,15.27,16.39,13.84,0.18,3.69,248.8,2.634,77.48,102.91
2015-12-30,37.5,10.0,15.35,16.19,13.77,8.43,2.87,323.1,2.3347,75.65,102.56
2015-12-31,37.5,10.0,14.27,14.64,13.69,0.37,1.15,347.8,2.3165,78.31,102.5
2016-01-01,37.5,10.0,15.29,16.12,14.66,1.74,2.64,250.4,1.3999,83.19,102.46
2016-01-02,37.5,10.0,16.0,17.14,14.59,0.79,6.06,237.2,2.7125,80.84,101.96
2016-01-03,37.5,10.0,16.17,17.01,15.74,1.99,8.86,281.1,2.327,75.91,101.5
2016-01-04,37.5,10.0,17.0,17.9,16.09,1.38,10.01,259.4,1.2602,89.42,100.72
2016-01-05,37.5,10.0,17.22,17.82,16.77,0.52,7.88,249.4,2.3899,85.3,100.4
2016-01-06,37.5,10.0,15.19,16.69,14.08,2.47,11.89,285.8,1.0994,75.36,100.72
2016-01-07,37.5,10.0,15.77,16.55,14.9,1.98,12.84,282.2,1.3781,76.61,101.28
2016-01-08,37.5,10.0,16.83,17.4,16.25,0.03,8.06,259.9,2.9167,83.13,101.46
2016-01-09,37.5,10.0,17.13,18.47,15.35,0.0,4.67,222.3,2.1782,72.23,101.28
2016-01-10,37.5,10.0,16.67,17.11,15.86,0.0,8.02,254.8,2.8315,84.24,101.49
2016-01-11,37.5,10.0,15.87,17.69,13.14,0.0,7.09,236.8,2.9666,77.29,101.45
2016-01-12,37.5,10.0,16.35,16.94,15.49,0.62,9.83,285.3,2.311,78.53,101.66
2016-01-13,37.5,10.0,14.88,15.44,14.27,0.02,8.51,303.6,2.6086,71.28,102.35
2016-01-14,37.5,10.0,14.98,16.58,13.76,0.0,3.78,226.7,2.8685,65.49,102.07
2016-01-15,37.5,10.0,14.47,16.16,11.92,12.97,8.08,303.7,0.9842,80.13,101.45
2016-01-16,37.5,10.0,11.95,13.84,10.32,2.51,14.6,317.4,1.8334,65.25,101.11
2016-01-17,37.5,10.0,12.19,12.82,11.6,1.74,12.73,327.1,2.2212,61.74,101.67
2016-01-18,37.5,10.0,12.72,13.51,12.22,0.31,6.17,301.2,2.382,68.78,101.8
2016-01-19,37.5,10.0,13.87,14.87,12.89,11.29,9.58,294.2,2.4132,75.44,101.31
2016-01-20,37.5,10.0,12.88,13.91,11.73,0.03,3.32,285.7,2.7322,66.74,101.93
2016-01-21,37.5,10.0,13.43,14.55,12.28,0.01,2.78,249.7,3.0185,66.21,102.06
2016-01-22,37.5,10.0,14.33,14.72,13.86,0.11,3.68,338.1,3.1932,71.57,102.76
2016-01-23,37.5,10.0,14.09,14.33,13.75,0.79,4.94,318.7,2.9153,71.99,103.23
2016-01-24,37.5,10.0,14.0,14.91,13.31,2.33,5.98,7.5,3.1162,79.91,103.34
2016-01-25,37.5,10.0,13.61,14.68,12.61,0.01,3.19,139.2,3.3535,68.08,103.43
2016-01-26,37.5,10.0,13.96,14.36,13.3,0.0,3.72,132.0,3.4817,70.63,103.21
2016-01-27,37.5,10.0,14.26,14.43,14.02,0.0,2.9,117.0,3.2297,73.33,103.05
2016-01-28,37.5,10.0,14.78,15.66,13.94,0.0,4.53,123.3,3.18,78.84,102.92
2016-01-29,37.5,10.0,14.58,14.97,14.21,0.02,3.67,111.6,2.9597,81.88,103.09
2016-01-30,37.5,10.0,14.44,16.13,13.08,0.02,4.68,166.3,3.0324,75.47,102.96
2016-01-31,37.5,10.0,14.89,15.67,14.15,0.02,8.73,286.6,2.8296,83.04,102.75
2016-02-01,37.5,10.0,15.73,15.98,15.4,0.28,10.29,295.6,1.7702,82.59,102.71
2016-02-02,37.5,10.0,15.16,15.46,15.0,0.05,4.34,306.8,3.3401,81.14,102.79
2016-02-03,37.5,10.0,14.61,15.13,13.86,0.01,5.46,283.3,3.479,82.16,102.31
2016-02-04,37.5,10.0,13.71,14.8,12.83,0.0,12.48,318.8,3.6226,66.2,102.62
2016-02-05,37.5,10.0,14.13,14.8,12.78,0.33,8.16,304.6,2.8164,75.81,102.79
2016-02-06,37.5,10.0,14.81,16.4,13.47,0.01,6.77,166.1,3.6958,70.95,102.68
2016-02-07,37.5,10.0,14.3,17.89,11.74,5.35,7.53,222.7,2.8634,75.87,101.76
2016-02-08,37.5,10.0,14.49,15.39,13.37,0.81,10.86,305.2,3.6115,71.09,102.12
2016-02-09,37.5,10.0,15.26,16.26,14.18,0.0,5.88,247.2,3.6226,75.88,102.07
2016-02-10,37.5,10.0,15.2,16.2,14.64,0.61,9.73,263.4,1.5204,85.12,101.25
2016-02-11,37.5,10.0,15.91,16.42,15.31,1.27,8.45,251.7,1.9966,89.82,101.2
2016-02-12,37.5,10.0,16.18,16.52,15.67,3.8,9.26,255.1,3.2057,86.9,101.08
2016-02-13,37.5,10.0,16.26,16.61,15.57,0.89,9.63,257.2,2.1931,90.33,100.67
2016-02-14,37.5,10.0,15.81,16.94,15.33,32.02,6.97,238.6,2.173,88.45,100.23
2016-02-15,37.5,10.0,15.14,16.19,14.27,3.73,6.45,226.1,4.1076,71.82,100.3
2016-02-16,37.5,10.0,14.4,14.94,13.34,0.24,4.76,272.5,3.2508,76.09,101.39
2016-02-17,37.5,10.0,13.64,14.68,12.94,0.44,9.62,295.2,3.0624,78.31,101.89
2016-02-18,37.5,10.0,13.72,14.2,13.04,0.28,9.17,300.2,3.5921,73.61,101.87
2016-02-19,37.5,10.0,14.05,14.37,13.52,0.05,5.15,280.7,4.2893,75.34,102.3
2016-02-20,37.5,10.0,13.9,14.08,13.54,0.0,7.0,316.7,4.5326,66.64,102.89
2016-02-21,37.5,10.0,14.19,14.86,13.5,0.0,4.58,287.2,4.5394,69.02,102.88
2016-02-22,37.5,10.0,15.57,16.67,14.38,0.0,4.55,162.1,3.1284,74.21,102.09
2016-02-23,37.5,10.0,15.12,15.56,14.7,0.17,9.21,290.3,1.3058,86.11,101.7
2016-02-24,37.5,10.0,15.1,15.42,14.64,0.27,9.44,296.2,4.5065,78.57,101.85
2016-02-25,37.5,10.0,14.66,15.91,13.31,0.37,8.24,250.6,4.4107,78.13,101.34
2016-02-26,37.5,10.0,15.11,15.47,14.81,0.17,6.6,284.2,4.5379,73.36,101.3
2016-02-27,37.5,10.0,14.59,17.06,12.77,0.01,8.11,171.2,2.1802,71.78,100.33
2016-02-28,37.5,10.0,13.22,14.45,12.06,3.13,7.53,267.6,2.5075,80.7,99.85
2016-02-29,37.5,10.0,13.23,14.09,12.08,3.02,9.85,251.6,4.085,74.13,100.79
2016-03-01,37.5,10.0,12.98,13.42,12.45,3.37,12.63,290.4,2.4228,76.67,101.51
2016-03-02,37.5,10.0,14.35,15.19,12.85,0.13,11.28,298.0,2.9419,75.02,101.58
2016-03-03,37.5,10.0,13.85,14.83,13.2,0.48,12.9,297.3,4.5938,71.75,101.01
2016-03-04,37.5,10.0,14.01,14.39,13.22,0.02,9.14,297.3,4.6973,69.25,101.14
2016-03-05,37.5,10.0,14.11,16.32,11.96,3.04,8.12,210.1,4.5972,78.26,100.67
2016-03-06,37.5,10.0,12.71,13.49,12.23,2.85,7.05,282.7,4.3308,75.81,100.62
2016-03-07,37.5,10.0,12.73,13.33,12.27,0.14,7.21,287.5,4.7162,68.2,100.84
2016-03-08,37.5,10.0,13.02,13.83,12.25,0.85,4.82,313.5,4.7695,69.79,100.96
2016-03-09,37.5,10.0,11.99,12.26,11.66,2.53,11.29,298.7,4.0466,69.6,100.99
2016-03-10,37.5,10.0,12.42,13.27,11.44,4.56,4.45,228.3,2.6878,73.47,100.3
2016-03-11,37.5,10.0,12.17,12.53,11.51,16.19,4.35,31.3,1.8374,79.87,100.39
2016-03-12,37.5,10.0,13.04,13.84,12.13,10.65,8.73,351.1,1.6872,80.37,101.01
2016-03-13,37.5,10.0,14.12,14.63,13.74,1.18,8.31,323.7,4.0603,75.99,101.26
2016-03-14,37.5,10.0,13.84,14.15,13.4,0.16,5.4,303.6,4.7998,74.25,101.74
2016-03-15,37.5,10.0,13.37,13.51,13.1,0.0,1.6,328.7,5.4254,69.48,101.8
2016-03-16,37.5,10.0,13.22,13.67,12.68,2.73,3.25,250.6,3.3386,74.86,101.54
2016-03-17,37.5,10.0,13.47,13.9,12.92,0.94,3.8,271.8,5.1862,76.34,101.79
2016-03-18,37.5,10.0,13.43,13.87,12.75,1.37,5.75,290.7,5.2385,78.21,101.77
2016-03-19,37.5,10.0,14.23,15.77,12.79,0.01,5.59,134.3,5.4835,78.25,101.7
2016-03-20,37.5,10.0,16.13,20.96,13.17,0.03,6.18,153.2,4.8254,77.7,101.34
2016-03-21,37.5,10.0,14.26,15.14,13.15,0.46,4.68,212.2,4.823,87.11,100.73
2016-03-22,37.5,10.0,15.43,18.81,14.18,2.6,6.49,240.6,3.8585,85.6,99.46
2016-03-23,37.5,10.0,14.76,15.25,14.22,7.23,14.81,284.5,2.9246,78.17,99.54
2016-03-24,37.5,10.0,14.5,14.88,13.63,0.6,8.02,299.8,4.3704,69.77,100.69
2016-03-25,37.5,10.0,14.38,14.59,13.86,0.04,8.37,319.4,6.0538,70.63,101.86
2016-03-26,37.5,10.0,14.96,15.58,14.5,0.08,7.99,293.2,4.6994,79.38,101.96
2016-03-27,37.5,10.0,15.19,16.18,14.11,0.0,2.81,266.1,6.1406,78.06,101.92
2016-03-28,37.5,10.0,15.59,15.89,15.04,0.03,6.24,267.5,6.1841,85.78,101.85
2016-03-29,37.5,10.0,16.03,16.52,15.53,0.0,4.59,251.4,6.1759,82.49,101.94
2016-03-30,37.5,10.0,18.56,24.12,15.09,0.01,3.9,157.6,6.0545,72.92,101.8
2016-03-31,37.5,10.0,18.44,20.88,16.32,0.0,7.48,168.7,5.0364,66.51,101.39
2016-04-01,37.5,10.0,16.82,18.24,15.58,0.32,6.0,147.1,2.9381,83.79,100.99
2016-04-02,37.5,10.0,15.93,16.35,15.48,0.73,5.97,100.8,1.7465,91.73,100.93
2016-04-03,37.5,10.0,15.74,16.11,15.48,0.13,3.52,17.1,5.7593,90.66,101.58
2016-04-04,37.5,10.0,17.35,20.81,15.27,0.0,6.65,157.5,5.7101,73.72,101.25
2016-04-05,37.5,10.0,16.44,17.64,15.38,0.02,8.46,134.0,5.5699,87.61,100.65
2016-04-06,37.5,10.0,16.23,16.72,15.95,0.05,6.8,85.1,2.7053,89.39,100.55
2016-04-07,37.5,10.0,16.56,16.99,16.21,2.91,7.26,17.4,0.9072,90.94,100.29
2016-04-08,37.5,10.0,15.55,16.04,15.11,0.01,10.38,297.6,5.8622,75.15,100.65
2016-04-09,37.5,10.0,14.46,15.24,12.75,15.74,9.55,296.8,5.8097,73.16,100.92
2016-04-10,37.5,10.0,15.16,15.48,14.87,0.0,6.1,293.3,6.8741,67.4,101.3
2016-04-11,37.5,10.0,15.93,17.71,13.82,0.0,4.17,145.9,6.0485,77.99,101.42
2016-04-12,37.5,10.0,18.31,20.39,16.31,0.0,3.72,188.3,6.2352,68.86,101.29
2016-04-13,37.5,10.0,16.74,18.25,16.25,0.01,7.66,259.5,5.7468,82.86,101.2
2016-04-14,37.5,10.0,16.32,16.63,16.05,0.0,7.34,295.6,6.6686,85.55,101.56
2016-04-15,37.5,10.0,16.74,18.33,15.13,0.0,5.23,141.9,7.0325,76.57,101.51
2016-04-16,37.5,10.0,17.57,19.0,16.26,0.0,4.62,170.4,6.5023,81.02,101.4
2016-04-17,37.5,10.0,17.39,19.79,15.91,0.0,3.86,149.6,5.9256,86.18,101.42
2016-04-18,37.5,10.0,16.67,16.94,16.29,0.35,4.96,322.7,5.2171,94.02,101.48
2016-04-19,37.5,10.0,16.71,16.88,16.56,0.0,5.38,3.5,6.8414,80.41,101.68
2016-04-20,37.5,10.0,16.68,16.95,16.32,0.0,5.65,74.6,7.1326,82.87,101.81
2016-04-21,37.5,10.0,17.39,18.49,16.72,0.82,4.67,139.7,3.4774,85.85,102.07
2016-04-22,37.5,10.0,16.44,17.06,16.07,0.02,1.55,290.9,4.3001,81.88,101.88
2016-04-23,37.5,10.0,16.68,16.95,16.37,0.0,6.13,286.0,6.289,83.34,101.37
2016-04-24,37.5,10.0,16.61,17.26,15.67,0.01,9.42,288.2,6.5213,80.6,101.0
2016-04-25,37.5,10.0,15.03,15.7,14.27,0.0,12.42,300.0,7.3817,68.78,101.27
2016-04-26,37.5,10.0,15.21,16.27,14.45,0.0,4.6,325.0,7.4006,70.54,101.44
2016-04-27,37.5,10.0,16.35,16.75,15.92,0.0,3.68,64.2,6.035,84.25,101.23
2016-04-28,37.5,10.0,17.0,17.66,16.47,7.42,3.54,153.2,2.8402,90.32,101.05
2016-04-29,37.5,10.0,16.6,17.04,16.02,0.04,3.78,338.6,6.7099,90.5,101.52
2016-04-30,37.5,10.0,16.73,17.71,15.94,6.0,5.12,66.1,5.5618,84.59,101.48
2016-05-01,37.5,10.0,15.27,15.86,13.75,0.75,10.25,307.7,7.0526,75.79,101.56
2016-05-02,37.5,10.0,15.09,16.15,13.37,2.03,12.84,294.4,6.6816,74.35,101.4
2016-05-03,37.5,10.0,16.39,16.79,15.81,0.09,11.7,296.5,7.5794,80.49,101.73
2016-05-04,37.5,10.0,16.38,16.75,15.93,0.0,8.43,296.5,7.8072,78.46,101.76
2016-05-05,37.5,10.0,16.51,17.24,15.35,0.0,4.49,92.7,7.7196,77.46,101.61
2016-05-06,37.5,10.0,17.51,18.51,16.73,0.03,7.4,109.3,6.2506,83.47,101.28
2016-05-07,37.5,10.0,16.72,17.03,16.26,21.87,9.23,126.4,1.7256,88.14,100.9
2016-05-08,37.5,10.0,17.31,18.16,16.73,0.8,6.51,123.1,7.0205,83.18,101.17
2016-05-09,37.5,10.0,18.58,20.42,17.12,0.0,9.49,139.3,5.0431,83.71,101.25
2016-05-10,37.5,10.0,18.82,21.07,16.95,0.01,8.14,145.1,4.9649,86.15,100.94
2016-05-11,37.5,10.0,17.98,18.9,16.72,11.92,7.04,271.3,5.0345,90.81,100.56
2016-05-12,37.5,10.0,17.45,18.17,16.6,4.65,7.88,286.2,7.427,84.81,100.83
2016-05-13,37.5,10.0,17.44,18.35,16.88,1.69,7.96,264.5,6.054,80.27,101.05
2016-05-14,37.5,10.0,17.61,18.17,17.04,0.65,8.3,269.9,7.699,84.62,101.27
2016-05-15,37.5,10.0,17.77,18.4,17.17,0.4,8.17,275.0,7.8706,87.98,101.71
2016-05-16,37.5,10.0,17.6,18.01,17.21,0.01,6.47,290.0,7.9394,80.86,101.97
2016-05-17,37.5,10.0,17.65,17.96,17.36,0.0,4.89,309.5,7.895,72.15,101.88
2016-05-18,37.5,10.0,18.44,19.2,17.7,1.65,3.68,159.1,5.9933,80.18,101.54
2016-05-19,37.5,10.0,18.07,18.43,17.93,0.0,5.48,315.2,6.4459,82.62,101.43
2016-05-20,37.5,10.0,18.01,18.46,17.66,0.0,9.95,309.9,7.9522,75.66,101.6
2016-05-21,37.5,10.0,17.95,18.19,17.63,0.0,6.53,307.1,8.0594,79.8,101.95
2016-05-22,37.5,10.0,19.24,20.61,17.41,0.0,5.07,132.2,8.3618,71.76,101.68
2016-05-23,37.5,10.0,18.61,19.73,17.44,0.04,7.9,302.5,7.3486,78.2,101.83
2016-05-24,37.5,10.0,17.4,18.0,16.74,0.0,3.81,331.8,8.0251,63.55,101.7
2016-05-25,37.5,10.0,18.81,19.76,17.81,0.0,6.74,120.7,7.465,79.87,101.3
2016-05-26,37.5,10.0,20.23,22.37,18.81,0.0,6.63,126.2,7.0349,81.93,101.23
2016-05-27,37.5,10.0,19.99,21.35,18.94,0.04,3.64,216.9,5.5526,87.97,101.29
2016-05-28,37.5,10.0,19.09,19.84,18.8,0.07,4.43,299.3,5.5946,93.2,101.41
2016-05-29,37.5,10.0,19.41,20.01,18.95,0.31,7.27,283.1,6.4145,88.78,101.43
2016-05-30,37.5,10.0,19.09,19.67,18.61,0.0,4.86,300.5,8.2716,80.06,101.68
2016-05-31,37.5,10.0,18.98,20.14,17.8,0.64,3.04,329.7,4.9853,72.85,101.72
2016-06-01,37.5,10.0,19.17,19.58,18.15,5.38,4.81,310.5,5.8709,78.72,101.74
2016-06-02,37.5,10.0,19.57,19.83,19.31,0.0,3.52,325.1,8.322,72.9,101.58
2016-06-03,37.5,10.0,19.93,20.66,18.65,0.0,3.53,92.1,7.8559,79.63,101.25
2016-06-04,37.5,10.0,20.04,20.86,19.28,0.06,3.22,85.9,3.9278,85.71,101.31
2016-06-05,37.5,10.0,20.13,20.54,19.02,8.68,2.81,59.7,4.3846,85.35,101.55
2016-06-06,37.5,10.0,20.91,21.38,20.45,0.02,2.79,341.6,7.967,84.31,101.78
2016-06-07,37.5,10.0,20.98,21.86,20.22,0.0,1.88,35.6,8.034,83.96,101.94
2016-06-08,37.5,10.0,21.39,21.9,20.59,0.01,4.24,295.3,7.9068,85.15,101.85
2016-06-09,37.5,10.0,21.79,22.25,21.22,0.0,4.2,287.5,7.2422,80.13,101.29
2016-06-10,37.5,10.0,21.42,21.71,21.24,0.0,5.3,312.1,8.0136,84.06,101.1
2016-06-11,37.5,10.0,22.4,24.1,20.63,0.49,5.39,146.2,7.4107,79.73,101.17
2016-06-12,37.5,10.0,22.05,22.64,21.69,0.27,7.07,279.7,6.0809,87.78,101.22
2016-06-13,37.5,10.0,21.9,22.24,21.57,0.0,7.96,297.2,7.7911,83.9,100.97
2016-06-14,37.5,10.0,22.27,22.82,21.8,0.01,4.38,310.9,7.7846,82.03,100.82
2016-06-15,37.5,10.0,22.97,25.19,21.81,0.01,5.27,101.4,8.0155,80.73,100.52
2016-06-16,37.5,10.0,22.63,23.26,22.03,0.13,5.95,282.5,6.2405,89.96,100.51
2016-06-17,37.5,10.0,21.94,22.16,21.53,0.0,5.57,340.6,7.313,83.69,101.56
2016-06-18,37.5,10.0,21.2,21.8,19.02,31.87,5.04,348.6,7.6248,81.8,101.77
2016-06-19,37.5,10.0,21.12,21.8,20.09,1.59,10.0,301.8,7.4714,74.38,101.8
2016-06-20,37.5,10.0,20.9,21.08,20.53,1.68,7.81,303.3,7.7482,77.33,101.89
2016-06-21,37.5,10.0,20.59,20.74,20.36,1.53,3.81,336.2,7.8965,80.01,102.12
2016-06-22,37.5,10.0,20.98,21.31,20.62,0.02,3.58,341.4,7.6507,77.63,102.04
2016-06-23,37.5,10.0,22.03,22.32,21.41,0.0,4.44,321.5,7.7402,81.05,101.89
2016-06-24,37.5,10.0,22.66,22.97,22.23,0.12,6.22,303.9,7.4722,91.03,101.56
2016-06-25,37.5,10.0,23.05,23.52,22.68,0.71,5.98,297.5,7.8326,87.6,101.34
2016-06-26,37.5,10.0,23.28,23.96,22.68,0.06,4.21,287.5,7.5816,86.13,101.44
2016-06-27,37.5,10.0,23.24,23.53,22.92,0.05,7.04,301.1,6.415,82.64,101.76
2016-06-28,37.5,10.0,22.61,22.9,22.24,0.0,6.17,311.6,8.2126,77.09,101.76
2016-06-29,37.5,10.0,23.03,23.68,22.32,0.01,4.39,104.3,7.6344,78.51,101.54
2016-06-30,37.5,10.0,24.51,26.16,23.27,0.03,7.12,123.9,7.2178,77.72,101.26
2016-07-01,37.5,10.0,23.23,23.53,22.83,0.23,4.31,78.8,7.0946,91.15,101.53
2016-07-02,37.5,10.0,23.43,23.73,23.1,0.48,3.59,6.2,7.5878,88.13,101.59
2016-07-03,37.5,10.0,24.14,24.41,23.65,0.31,6.92,296.9,7.6358,86.71,101.67
2016-07-04,37.5,10.0,23.94,24.36,23.71,0.01,4.88,334.6,8.1802,82.07,101.58
2016-07-05,37.5,10.0,24.11,24.89,23.7,0.02,3.24,95.8,6.8184,86.14,101.43
2016-07-06,37.5,10.0,24.24,24.52,23.74,0.07,6.19,288.8,7.5634,89.53,101.48
2016-07-07,37.5,10.0,24.15,24.49,23.7,0.0,5.8,311.2,8.1564,83.38,101.66
2016-07-08,37.5,10.0,24.06,24.71,23.24,0.03,1.91,317.8,7.7304,78.23,101.94
2016-07-09,37.5,10.0,24.94,25.39,24.61,0.0,2.92,106.7,6.942,68.62,101.7
2016-07-10,37.5,10.0,25.56,26.16,24.83,0.0,5.35,95.4,6.0979,84.41,101.29
2016-07-11,37.5,10.0,25.87,26.4,25.1,0.03,5.22,104.9,7.566,86.1,101.16
2016-07-12,37.5,10.0,25.38,26.2,24.85,0.1,3.26,86.6,7.4849,91.59,101.13
2016-07-13,37.5,10.0,25.09,25.48,24.72,0.01,5.42,295.4,7.4916,85.97,101.27
2016-07-14,37.5,10.0,23.64,24.64,22.76,0.0,10.96,317.4,7.7045,67.53,101.66
2016-07-15,37.5,10.0,22.7,22.93,22.19,0.02,12.58,301.3,7.6999,68.01,101.66
2016-07-16,37.5,10.0,22.72,23.03,22.5,0.01,5.91,317.7,8.0352,68.69,101.9
2016-07-17,37.5,10.0,22.93,23.53,22.0,0.0,4.21,96.1,8.135,62.65,102.03
2016-07-18,37.5,10.0,23.5,23.79,23.11,0.0,4.95,94.3,8.2229,66.28,102.0
2016-07-19,37.5,10.0,23.88,24.53,23.18,0.0,3.07,67.7,8.0974,71.89,101.85
2016-07-20,37.5,10.0,24.4,25.29,23.57,0.0,2.82,355.9,8.0885,76.08,101.74
2016-07-21,37.5,10.0,25.13,26.31,23.51,0.0,3.24,120.9,7.998,73.45,101.62
2016-07-22,37.5,10.0,27.24,29.37,25.02,0.0,7.41,152.4,6.9516,63.19,101.3
2016-07-23,37.5,10.0,24.72,26.14,23.26,0.46,5.86,248.0,5.575,81.5,101.4
2016-07-24,37.5,10.0,24.23,24.57,23.86,0.29,6.61,293.8,6.9216,81.98,101.58
2016-07-25,37.5,10.0,24.14,24.47,23.77,0.01,8.53,291.9,7.4686,82.66,101.56
2016-07-26,37.5,10.0,24.22,24.56,23.84,0.0,7.69,297.4,7.2758,86.01,101.63
2016-07-27,37.5,10.0,24.76,25.24,24.44,0.0,7.07,296.3,7.5814,83.4,101.59
2016-07-28,37.5,10.0,24.76,24.95,24.51,0.02,6.46,296.4,7.6606,83.09,101.56
2016-07-29,37.5,10.0,24.62,24.91,24.44,0.0,5.4,316.2,7.5103,81.85,101.54
2016-07-30,37.5,10.0,24.54,25.12,23.65,0.0,2.07,37.7,7.5641,75.02,101.56
2016-07-31,37.5,10.0,25.88,26.73,24.86,0.0,2.73,136.1,7.374,75.71,101.46
2016-08-01,37.5,10.0,25.82,26.08,25.61,0.45,6.7,296.1,6.342,86.48,101.5
2016-08-02,37.5,10.0,25.3,25.78,25.04,0.0,7.93,308.8,7.5763,74.89,101.66
2016-08-03,37.5,10.0,24.44,24.94,24.03,0.0,5.77,313.3,7.548,79.33,101.58
2016-08-04,37.5,10.0,25.11,25.59,24.32,0.0,3.48,354.3,7.4611,78.02,101.42
2016-08-05,37.5,10.0,25.81,26.58,25.18,0.0,3.98,300.3,7.3601,77.53,101.33
2016-08-06,37.5,10.0,24.56,25.26,24.08,0.0,10.2,305.5,7.0922,75.05,101.66
2016-08-07,37.5,10.0,24.88,25.23,24.48,0.01,7.71,323.9,7.0303,75.75,101.78
2016-08-08,37.5,10.0,24.76,25.01,24.49,0.01,5.77,306.7,7.0834,79.28,101.83
2016-08-09,37.5,10.0,24.73,25.14,24.35,0.0,5.37,295.2,7.2545,77.71,101.63
2016-08-10,37.5,10.0,24.52,25.14,24.09,0.29,5.23,297.8,6.8131,75.5,101.43
2016-08-11,37.5,10.0,24.15,24.66,23.48,0.0,9.09,301.2,5.633,68.72,101.77
2016-08-12,37.5,10.0,23.35,24.31,22.56,0.04,6.14,323.3,6.7668,75.73,102.09
2016-08-13,37.5,10.0,23.86,24.12,23.33,0.0,4.93,3.1,7.2898,68.98,102.16
2016-08-14,37.5,10.0,23.41,23.67,23.11,0.0,3.7,71.4,7.2422,73.84,102.07
2016-08-15,37.5,10.0,24.68,25.69,23.61,0.0,5.59,118.5,7.1784,77.12,101.83
2016-08-16,37.5,10.0,24.94,25.84,24.43,0.0,5.76,102.7,7.1446,82.97,101.57
2016-08-17,37.5,10.0,24.79,25.73,23.8,0.38,3.3,10.6,5.8332,81.45,101.27
2016-08-18,37.5,10.0,24.85,25.33,24.12,0.0,4.02,301.8,6.9391,76.39,101.21
2016-08-19,37.5,10.0,26.31,28.41,24.84,0.0,3.61,147.1,6.7757,68.91,101.22
2016-08-20,37.5,10.0,26.31,26.78,25.25,0.0,3.92,110.8,6.8626,76.64,101.3
2016-08-21,37.5,10.0,25.76,26.54,25.18,0.21,5.53,304.0,6.5076,86.69,101.51
2016-08-22,37.5,10.0,24.56,25.18,23.97,0.0,8.98,314.3,7.0046,70.15,101.85
2016-08-23,37.5,10.0,24.77,25.29,24.27,0.14,7.05,338.9,6.1385,77.85,101.82
2016-08-24,37.5,10.0,24.55,24.9,24.31,0.05,5.3,355.6,6.6235,76.4,101.73
2016-08-25,37.5,10.0,24.78,25.07,24.4,0.01,4.46,25.5,6.4824,78.11,101.58
2016-08-26,37.5,10.0,24.74,25.07,24.46,0.0,3.09,60.0,6.6499,78.08,101.65
2016-08-27,37.5,10.0,25.21,26.02,24.55,0.0,4.86,106.2,6.5678,82.47,101.79
2016-08-28,37.5,10.0,25.47,26.3,24.91,0.01,3.68,93.1,6.1529,87.92,101.85
2016-08-29,37.5,10.0,25.17,25.54,24.69,0.03,1.76,43.2,6.3948,76.36,101.75
2016-08-30,37.5,10.0,25.76,26.24,25.16,0.23,2.92,75.3,5.8428,81.92,101.53
2016-08-31,37.5,10.0,25.04,25.43,24.83,1.34,3.26,304.1,5.0309,83.41,101.65
2016-09-01,37.5,10.0,24.87,25.09,24.6,0.27,4.35,320.2,6.2405,82.04,101.87
2016-09-02,37.5,10.0,25.17,25.34,24.93,2.84,4.69,314.7,6.2532,80.71,101.89
2016-09-03,37.5,10.0,25.44,25.82,25.11,3.35,5.56,303.0,6.1106,82.49,101.84
2016-09-04,37.5,10.0,25.22,25.43,24.92,0.29,5.7,296.6,6.2818,82.48,101.86
2016-09-05,37.5,10.0,26.07,26.75,25.43,0.01,8.23,283.5,4.1978,82.56,101.58
2016-09-06,37.5,10.0,25.64,25.95,25.06,6.81,6.4,339.9,5.8565,75.85,101.26
2016-09-07,37.5,10.0,23.82,25.31,22.48,13.98,4.7,350.4,4.284,72.27,101.27
2016-09-08,37.5,10.0,24.78,25.27,24.02,1.86,6.19,318.7,4.8475,72.25,101.18
2016-09-09,37.5,10.0,24.92,25.4,24.42,1.57,6.46,311.3,6.0098,77.31,101.32
2016-09-10,37.5,10.0,24.67,25.03,24.4,0.95,5.17,298.9,5.7646,81.18,101.33
2016-09-11,37.5,10.0,24.89,25.29,24.39,2.12,4.46,298.7,5.3688,78.98,101.46
2016-09-12,37.5,10.0,24.78,25.18,24.38,0.93,3.63,326.9,5.1029,81.49,101.57
2016-09-13,37.5,10.0,24.92,25.58,24.3,0.36,5.24,102.3,5.705,79.54,101.37
2016-09-14,37.5,10.0,24.82,25.22,24.53,11.67,4.31,97.8,4.4832,87.15,101.33
2016-09-15,37.5,10.0,25.91,27.61,24.66,6.45,5.2,134.4,3.625,79.23,101.45
2016-09-16,37.5,10.0,25.04,25.79,24.62,1.62,6.86,271.9,4.0579,83.32,101.56
2016-09-17,37.5,10.0,24.43,25.05,23.82,0.0,4.75,316.7,5.5906,65.4,101.71
2016-09-18,37.5,10.0,24.05,24.94,23.26,0.27,6.15,290.3,2.903,70.96,101.47
2016-09-19,37.5,10.0,23.33,23.51,23.05,1.24,10.59,297.2,4.5648,73.8,101.41
2016-09-20,37.5,10.0,23.81,24.19,23.41,0.28,7.24,312.4,3.8582,70.83,101.42
2016-09-21,37.5,10.0,23.75,24.34,22.83,0.23,6.01,297.7,5.2812,70.87,101.58
2016-09-22,37.5,10.0,23.52,23.94,22.99,0.27,3.9,310.0,5.2541,74.85,101.88
2016-09-23,37.5,10.0,23.78,24.31,22.92,0.35,2.83,102.0,3.5009,66.37,102.17
2016-09-24,37.5,10.0,23.36,24.16,22.56,1.89,3.58,96.3,5.2361,74.34,102.08
2016-09-25,37.5,10.0,22.77,23.46,22.47,15.85,4.59,70.4,3.3281,78.95,101.76
2016-09-26,37.5,10.0,22.49,23.28,22.0,12.82,3.3,333.6,3.5249,74.25,101.84
2016-09-27,37.5,10.0,22.4,22.91,21.91,4.79,2.22,352.6,5.0808,71.55,102.03
2016-09-28,37.5,10.0,23.02,23.35,22.41,2.73,3.46,76.7,3.5285,70.87,102.4
2016-09-29,37.5,10.0,22.95,23.71,21.69,0.17,3.77,90.6,3.6314,72.49,102.51
2016-09-30,37.5,10.0,23.57,24.79,22.65,6.51,5.61,115.3,4.212,81.88,101.94
2016-10-01,37.5,10.0,24.9,27.43,23.6,5.61,4.66,159.1,2.575,81.87,101.43
2016-10-02,37.5,10.0,23.98,24.59,23.56,0.76,2.69,303.9,4.4734,76.74,101.59
2016-10-03,37.5,10.0,23.64,23.89,23.26,0.05,2.0,24.3,4.5072,80.17,101.94
2016-10-04,37.5,10.0,23.67,24.02,23.22,0.0,2.59,329.6,4.818,77.27,101.84
2016-10-05,37.5,10.0,22.76,23.64,21.6,0.0,2.95,2.7,3.8909,74.67,101.68
2016-10-06,37.5,10.0,22.9,23.76,21.79,1.01,2.73,139.2,4.4506,75.62,101.28
2016-10-07,37.5,10.0,23.46,23.66,23.19,0.63,5.43,321.4,4.6937,71.19,101.35
2016-10-08,37.5,10.0,23.21,23.89,22.55,0.0,2.87,87.2,4.7714,64.94,101.68
2016-10-09,37.5,10.0,23.1,23.83,22.38,0.53,3.39,214.2,2.1235,75.14,101.69
2016-10-10,37.5,10.0,21.74,22.39,21.27,2.2,3.67,299.1,3.1687,74.32,101.52
2016-10-11,37.5,10.0,22.03,22.84,21.54,0.31,6.52,296.3,3.6358,72.52,101.23
2016-10-12,37.5,10.0,22.06,23.08,21.18,0.5,5.8,99.0,4.3723,74.7,101.19
2016-10-13,37.5,10.0,24.3,26.39,22.69,0.5,10.5,148.8,3.857,80.34,100.64
2016-10-14,37.5,10.0,23.98,25.34,22.88,0.21,7.52,199.0,2.0573,76.16,100.62
2016-10-15,37.5,10.0,22.75,22.85,22.59,0.0,5.06,319.3,4.2708,73.48,101.56
2016-10-16,37.5,10.0,22.09,22.45,21.94,0.0,3.32,22.7,4.3118,75.47,102.02
2016-10-17,37.5,10.0,21.74,22.26,21.3,0.0,3.17,90.2,4.512,76.94,102.23
2016-10-18,37.5,10.0,22.1,23.56,21.28,0.1,3.28,109.3,3.9866,77.81,102.08
2016-10-19,37.5,10.0,21.84,22.0,21.68,0.06,4.71,325.5,3.7315,71.88,101.92
2016-10-20,37.5,10.0,22.02,23.7,20.55,4.5,2.35,277.8,3.0257,70.42,101.43
2016-10-21,37.5,10.0,21.36,21.98,20.73,3.66,5.29,269.7,1.5816,81.02,101.26
2016-10-22,37.5,10.0,21.75,22.93,20.71,4.62,4.35,88.5,3.7058,73.24,101.39
2016-10-23,37.5,10.0,23.55,26.09,21.58,3.82,6.37,159.5,3.6581,82.33,101.28
2016-10-24,37.5,10.0,24.28,27.88,22.21,0.09,6.92,160.2,3.654,77.12,101.57
2016-10-25,37.5,10.0,24.35,27.01,22.72,0.01,5.65,166.8,3.7634,73.81,102.0
2016-10-26,37.5,10.0,23.23,23.83,22.89,0.13,4.78,267.8,3.3626,85.76,101.93
2016-10-27,37.5,10.0,22.62,23.23,21.86,1.93,9.04,326.2,3.4646,79.57,101.9
2016-10-28,37.5,10.0,21.4,22.01,20.58,2.08,8.49,5.4,2.4494,70.0,102.29
2016-10-29,37.5,10.0,20.15,20.7,19.48,0.08,5.94,9.8,3.1627,68.15,102.26
2016-10-30,37.5,10.0,19.77,20.65,19.26,0.03,3.44,354.6,3.4478,68.55,102.07
2016-10-31,37.5,10.0,21.02,21.57,20.63,0.0,4.4,31.4,3.5234,67.19,102.17
2016-11-01,37.5,10.0,20.69,20.87,20.49,0.0,3.97,73.4,3.5297,66.15,102.36
2016-11-02,37.5,10.0,20.76,22.26,19.03,0.0,3.71,176.7,3.8218,66.64,101.99
2016-11-03,37.5,10.0,21.24,21.55,20.74,0.43,5.87,284.2,3.4054,77.87,101.76
2016-11-04,37.5,10.0,20.96,21.59,20.29,0.0,2.3,198.1,3.6086,74.67,101.99
2016-11-05,37.5,10.0,22.15,24.77,19.65,0.0,5.63,189.9,3.2875,68.93,101.52
2016-11-06,37.5,10.0,21.6,22.95,19.88,1.84,5.94,247.5,2.659,71.18,100.91
2016-11-07,37.5,10.0,19.19,20.64,16.57,30.1,5.36,310.4,0.9,80.77,100.74
2016-11-08,37.5,10.0,17.58,18.36,16.21,5.56,7.77,298.2,2.0402,76.77,100.67
2016-11-09,37.5,10.0,18.34,19.77,16.68,5.52,13.13,299.3,2.1108,68.96,101.47
2016-11-10,37.5,10.0,19.27,19.79,18.88,0.21,7.75,299.5,3.0053,69.08,101.89
2016-11-11,37.5,10.0,19.87,20.51,19.04,0.5,6.84,273.7,2.2126,66.28,101.96
2016-11-12,37.5,10.0,18.76,19.94,18.32,0.87,9.27,303.4,3.2844,69.8,101.99
2016-11-13,37.5,10.0,18.97,19.99,17.76,0.24,2.8,247.2,2.5963,66.46,102.16
2016-11-14,37.5,10.0,19.06,19.93,18.0,1.23,4.03,283.4,1.6615,68.72,101.91
2016-11-15,37.5,10.0,19.77,20.22,19.2,7.38,6.1,83.4,1.291,78.02,102.0
2016-11-16,37.5,10.0,20.27,21.84,19.0,2.4,10.16,123.2,1.8835,80.77,101.82
2016-11-17,37.5,10.0,19.34,20.85,17.99,9.7,6.12,158.3,0.8827,80.6,101.67
2016-11-18,37.5,10.0,19.18,20.24,17.93,4.94,6.31,154.9,1.4117,77.71,101.51
2016-11-19,37.5,10.0,18.67,19.45,18.13,2.23,2.55,208.4,2.5978,76.5,101.42
2016-11-20,37.5,10.0,18.36,19.06,18.08,1.11,1.87,59.0,2.0822,75.33,101.51
2016-11-21,37.5,10.0,19.21,20.63,17.96,0.1,5.85,152.3,2.9165,77.23,101.47
2016-11-22,37.5,10.0,19.58,21.5,18.06,0.0,7.09,160.4,3.0761,66.9,101.38
2016-11-23,37.5,10.0,19.65,21.97,17.47,0.01,10.83,157.2,2.7197,74.44,101.5
2016-11-24,37.5,10.0,20.09,21.97,17.63,9.63,9.33,163.1,0.6449,80.93,101.17
2016-11-25,37.5,10.0,17.72,17.98,17.29,0.1,4.95,310.1,2.8994,73.7,101.5
2016-11-26,37.5,10.0,17.77,17.91,17.59,0.0,2.07,80.4,2.9306,61.5,101.54
2016-11-27,37.5,10.0,17.83,18.49,17.04,0.0,3.09,154.8,2.8598,59.25,101.11
2016-11-28,37.5,10.0,18.33,19.08,17.42,4.67,1.91,67.4,2.6162,58.63,100.88
2016-11-29,37.5,10.0,17.28,18.44,16.51,11.23,6.18,14.2,1.8245,71.27,101.7
2016-11-30,37.5,10.0,15.85,16.53,15.4,0.58,5.01,24.4,2.5421,63.84,102.87
2016-12-01,37.5,10.0,15.77,16.2,15.26,0.0,2.78,293.3,2.8718,57.71,102.71
2016-12-02,37.5,10.0,16.46,17.09,15.94,0.0,2.8,236.6,2.9854,58.24,102.0
2016-12-03,37.5,10.0,16.6,17.03,15.72,0.1,4.18,162.4,2.1358,67.12,101.66
2016-12-04,37.5,10.0,17.9,19.19,16.98,0.0,6.85,139.0,2.8236,71.99,101.78
2016-12-05,37.5,10.0,16.96,18.04,15.92,4.6,9.35,168.1,0.919,77.08,102.04
2016-12-06,37.5,10.0,18.22,19.57,16.89,0.4,4.0,188.8,2.2834,73.33,102.03
2016-12-07,37.5,10.0,17.15,18.72,16.39,11.73,4.8,81.4,1.5271,85.0,102.33
2016-12-08,37.5,10.0,17.8,18.39,16.76,12.5,8.6,96.9,1.0846,82.83,102.97
2016-12-09,37.5,10.0,18.0,18.6,17.63,0.37,4.17,72.6,2.5877,75.67,103.08
2016-12-10,37.5,10.0,17.01,17.62,16.64,0.0,2.43,2.2,2.7101,69.38,102.88
2016-12-11,37.5,10.0,16.63,17.3,16.01,0.01,3.52,295.9,2.4394,72.02,102.38
2016-12-12,37.5,10.0,17.55,18.06,16.76,1.52,7.88,292.0,1.3042,75.54,101.99
2016-12-13,37.5,10.0,16.94,17.47,16.51,0.62,2.84,16.8,1.7333,68.0,102.42
2016-12-14,37.5,10.0,16.93,17.93,15.92,0.58,4.12,143.3,1.5797,72.21,102.43
2016-12-15,37.5,10.0,16.31,16.85,15.93,2.96,4.75,80.8,1.6243,74.26,102.12
2016-12-16,37.5,10.0,16.92,17.32,16.47,11.84,9.11,91.8,1.6668,76.13,101.99
2016-12-17,37.5,10.0,16.6,17.23,15.86,0.76,10.27,74.4,1.5379,71.18,102.58
2016-12-18,37.5,10.0,16.39,16.59,16.04,5.74,10.45,102.5,1.2962,79.52,102.76
2016-12-19,37.5,10.0,17.27,17.84,16.59,8.45,12.69,143.8,0.9233,82.73,101.56
2016-12-20,37.5,10.0,15.97,17.38,14.5,13.15,7.37,200.2,2.3261,72.37,101.13
2016-12-21,37.5,10.0,15.65,16.13,15.21,7.37,3.51,227.5,1.9843,79.33,101.79
2016-12-22,37.5,10.0,16.16,16.9,15.41,2.89,3.23,60.7,1.3663,77.48,102.61
2016-12-23,37.5,10.0,16.8,16.93,16.66,0.04,6.52,336.3,2.6026,74.65,103.0
2016-12-24,37.5,10.0,16.23,16.74,15.56,0.22,8.45,322.1,2.3182,79.84,103.09
2016-12-25,37.5,10.0,16.71,17.14,16.15,1.22,10.61,307.4,1.5701,75.81,102.78
2016-12-26,37.5,10.0,15.85,16.4,15.63,0.13,4.05,321.6,2.5114,75.81,102.93
2016-12-27,37.5,10.0,16.08,16.37,15.79,0.33,5.11,305.3,2.2351,77.71,102.93
2016-12-28,37.5,10.0,16.13,16.6,15.38,0.19,5.74,29.2,2.6705,73.56,103.16
2016-12-29,37.5,10.0,15.32,16.36,13.81,0.23,8.71,10.0,1.9961,70.34,103.02
2016-12-30,37.5,10.0,13.4,13.69,13.12,0.04,5.95,20.1,1.4429,63.84,103.15
2016-12-31,37.5,10.0,13.12,13.42,12.46,0.03,4.63,28.4,1.9951,64.54,102.99
2017-01-01,37.5,10.0,13.56,14.14,12.55,0.03,2.96,279.4,2.0621,60.44,102.62
2017-01-02,37.5,10.0,14.2,14.58,13.72,0.01,3.44,229.5,2.7811,62.43,102.43
2017-01-03,37.5,10.0,15.62,16.71,13.37,0.29,8.09,272.5,1.9889,69.86,102.07
2017-01-04,37.5,10.0,15.04,15.95,14.47,0.16,10.47,299.7,2.4538,70.55,101.83
2017-01-05,37.5,10.0,14.38,15.61,12.76,1.76,14.57,309.2,1.8324,68.52,101.3
2017-01-06,37.5,10.0,11.47,13.01,10.5,0.07,11.92,359.8,1.7357,63.46,102.3
2017-01-07,37.5,10.0,11.42,11.89,10.98,1.05,7.14,4.1,1.6692,70.91,102.73
2017-01-08,37.5,10.0,12.88,14.4,11.46,5.22,4.49,315.9,1.7988,72.1,102.16
2017-01-09,37.5,10.0,12.86,13.73,12.46,4.25,7.54,19.0,2.161,68.92,101.85
2017-01-10,37.5,10.0,13.34,13.87,12.82,18.03,8.08,291.8,1.2833,75.66,101.06
2017-01-11,37.5,10.0,13.18,14.18,12.23,10.21,6.67,41.0,1.5785,74.22,101.29
2017-01-12,37.5,10.0,13.41,14.08,12.29,0.93,5.78,279.0,2.2409,75.13,102.34
2017-01-13,37.5,10.0,13.96,15.35,13.38,2.28,8.93,274.6,2.4612,73.23,101.54
2017-01-14,37.5,10.0,12.8,13.62,12.0,1.18,9.89,309.7,2.053,65.72,101.49
2017-01-15,37.5,10.0,11.41,11.97,10.97,14.63,12.89,287.3,1.6512,69.73,101.14
2017-01-16,37.5,10.0,11.3,12.21,10.05,9.26,9.28,309.1,1.9325,72.61,100.8
2017-01-17,37.5,10.0,10.38,10.91,9.58,5.33,9.52,298.2,2.034,73.04,100.28
2017-01-18,37.5,10.0,12.31,12.94,10.9,6.71,7.7,316.1,1.9361,73.05,100.83
2017-01-19,37.5,10.0,12.45,13.23,11.8,0.17,3.14,15.2,2.9472,67.64,101.92
2017-01-20,37.5,10.0,14.09,15.42,13.0,0.85,9.96,110.6,2.5738,74.84,101.9
2017-01-21,37.5,10.0,14.96,15.77,12.85,1.79,13.45,139.0,2.0928,69.27,101.09
2017-01-22,37.5,10.0,13.46,14.89,12.17,0.0,8.55,159.5,2.9534,64.9,101.29
2017-01-23,37.5,10.0,13.29,14.11,12.03,0.23,3.76,185.5,3.0324,59.87,101.07
2017-01-24,37.5,10.0,12.32,13.3,11.53,3.92,3.11,325.0,2.203,73.82,101.2
2017-01-25,37.5,10.0,13.37,14.01,13.11,2.68,6.45,319.1,2.0342,76.82,101.75
2017-01-26,37.5,10.0,13.82,14.68,13.33,0.04,4.55,188.3,3.367,64.18,102.28
2017-01-27,37.5,10.0,13.58,15.83,12.06,0.0,7.07,178.4,2.2358,66.69,102.16
2017-01-28,37.5,10.0,12.3,13.22,11.44,2.5,6.3,187.8,2.1257,72.58,101.69
2017-01-29,37.5,10.0,12.91,13.91,11.69,1.24,3.1,355.9,2.6832,74.59,102.08
2017-01-30,37.5,10.0,13.59,13.89,13.17,0.75,3.58,295.5,3.125,77.0,102.44
2017-01-31,37.5,10.0,13.67,15.72,11.76,0.02,4.96,178.3,3.5359,76.71,102.22
2017-02-01,37.5,10.0,13.98,16.18,11.88,0.0,4.97,188.7,3.1164,77.73,102.07
2017-02-02,37.5,10.0,14.11,15.6,12.05,0.0,3.95,195.6,3.0341,73.81,102.01
2017-02-03,37.5,10.0,14.99,15.87,13.86,0.0,4.55,247.5,3.2753,77.47,102.07
2017-02-04,37.5,10.0,15.03,16.04,13.96,0.0,7.41,239.4,1.8727,79.93,102.01
2017-02-05,37.5,10.0,15.03,16.5,13.29,8.59,8.63,246.8,2.9136,76.79,101.42
2017-02-06,37.5,10.0,13.19,14.17,12.16,10.28,17.03,291.1,1.8715,71.07,100.83
2017-02-07,37.5,10.0,14.17,14.39,13.88,0.24,11.95,304.1,2.5687,78.23,101.31
2017-02-08,37.5,10.0,14.19,15.71,11.81,6.22,7.39,260.4,1.9399,78.99,101.23
2017-02-09,37.5,10.0,12.41,13.33,11.59,16.88,6.48,287.6,2.4826,79.35,100.76
2017-02-10,37.5,10.0,13.09,13.76,12.09,1.65,4.39,346.9,3.5059,78.23,101.5
2017-02-11,37.5,10.0,13.91,15.1,12.99,0.0,6.82,138.8,3.9024,77.02,101.84
2017-02-12,37.5,10.0,14.24,16.12,12.66,0.0,10.23,151.3,3.8366,79.13,101.98
2017-02-13,37.5,10.0,14.96,16.19,14.25,0.01,10.53,135.5,3.5527,84.75,102.03
2017-02-14,37.5,10.0,14.8,15.53,14.32,0.02,7.82,133.1,3.1325,89.18,102.42
2017-02-15,37.5,10.0,14.48,14.75,13.97,0.06,5.64,120.7,3.8398,77.37,103.21
2017-02-16,37.5,10.0,13.55,13.88,13.35,0.0,3.33,112.9,3.877,74.23,103.2
2017-02-17,37.5,10.0,13.08,14.06,12.17,0.0,3.95,143.7,2.952,77.59,102.67
2017-02-18,37.5,10.0,13.03,13.48,12.63,0.09,3.11,327.0,3.8069,81.45,102.13
2017-02-19,37.5,10.0,14.09,14.74,13.59,0.05,4.86,2.8,4.3366,68.83,102.23
2017-02-20,37.5,10.0,13.6,14.0,13.22,0.0,3.2,334.8,4.5962,69.3,102.36
2017-02-21,37.5,10.0,13.63,13.97,13.27,0.0,2.83,304.3,4.597,67.77,102.35
2017-02-22,37.5,10.0,13.49,13.76,13.1,0.0,3.19,279.1,4.1887,73.73,102.19
2017-02-23,37.5,10.0,14.38,15.84,13.2,0.0,3.94,152.6,3.7603,78.39,101.86
2017-02-24,37.5,10.0,15.21,16.87,14.27,0.1,6.05,202.0,1.4009,87.17,101.05
2017-02-25,37.5,10.0,13.95,14.62,13.33,0.29,8.82,293.8,3.4958,74.41,101.35
2017-02-26,37.5,10.0,14.06,14.7,13.35,0.72,4.16,336.3,4.0838,81.27,101.7
2017-02-27,37.5,10.0,14.2,14.43,13.98,0.32,4.39,316.6,4.4268,78.58,101.85
2017-02-28,37.5,10.0,14.28,15.75,12.7,0.0,5.4,228.1,4.6728,81.92,101.56
2017-03-01,37.5,10.0,14.71,14.95,14.4,0.07,7.88,297.2,4.6337,77.01,101.87
2017-03-02,37.5,10.0,14.31,14.95,13.42,0.0,2.23,308.1,4.8965,73.46,102.04
2017-03-03,37.5,10.0,15.27,17.09,14.34,0.0,5.01,133.4,4.9678,78.08,101.51
2017-03-04,37.5,10.0,14.99,15.7,13.89,0.41,5.59,226.0,4.1544,72.08,101.31
2017-03-05,37.5,10.0,14.73,15.24,14.29,0.47,6.5,283.8,3.5419,78.44,101.63
2017-03-06,37.5,10.0,15.09,15.63,14.39,0.01,8.62,280.0,4.0877,78.87,101.84
2017-03-07,37.5,10.0,14.37,15.69,13.59,0.41,16.48,305.7,3.2448,68.99,101.32
2017-03-08,37.5,10.0,14.42,15.06,13.78,0.04,12.84,323.8,5.052,70.01,101.75
2017-03-09,37.5,10.0,14.56,14.95,14.01,0.07,10.21,312.8,4.8986,80.51,102.0
2017-03-10,37.5,10.0,14.99,15.43,14.74,0.11,9.41,300.7,4.3157,88.62,101.51
2017-03-11,37.5,10.0,14.67,15.03,14.13,0.09,6.27,345.5,5.4365,79.8,101.76
2017-03-12,37.5,10.0,14.7,16.14,13.39,0.0,3.72,144.8,5.6232,61.74,101.51
2017-03-13,37.5,10.0,15.05,15.47,14.07,0.15,5.48,112.8,4.597,85.83,101.46
2017-03-14,37.5,10.0,14.79,15.23,14.31,0.0,6.02,69.0,5.2846,76.83,102.41
2017-03-15,37.5,10.0,14.2,14.29,14.04,0.01,5.44,59.1,5.5308,71.26,102.37
2017-03-16,37.5,10.0,14.21,14.44,14.0,0.02,6.41,51.7,5.3009,66.86,102.21
2017-03-17,37.5,10.0,14.36,14.83,13.99,0.0,3.7,317.8,5.6942,67.2,102.31
2017-03-18,37.5,10.0,14.72,15.43,13.6,0.0,5.2,275.9,5.9182,70.09,102.05
2017-03-19,37.5,10.0,15.15,15.85,14.56,0.0,5.35,274.8,6.0499,78.23,101.78
2017-03-20,37.5,10.0,15.07,15.82,14.33,0.0,2.62,89.9,5.9503,76.68,101.33
2017-03-21,37.5,10.0,15.14,15.38,14.85,0.55,5.67,319.9,4.9392,90.69,101.12
2017-03-22,37.5,10.0,15.45,15.69,15.14,0.12,4.65,285.8,4.8324,83.53,101.51
2017-03-23,37.5,10.0,16.07,18.85,13.7,0.01,6.74,153.1,5.4336,80.4,101.53
2017-03-24,37.5,10.0,15.67,17.08,14.26,0.0,9.47,140.3,5.7823,85.55,101.6
2017-03-25,37.5,10.0,14.69,15.37,14.09,0.62,5.91,272.4,1.8569,86.2,101.97
2017-03-26,37.5,10.0,14.29,14.41,14.15,0.0,2.78,40.8,5.862,68.71,102.03
2017-03-27,37.5,10.0,14.41,14.68,14.11,0.0,3.51,51.2,6.2978,75.9,102.0
2017-03-28,37.5,10.0,14.51,14.96,14.08,0.16,4.14,7.0,4.5442,68.92,102.25
2017-03-29,37.5,10.0,14.61,15.14,14.03,0.09,4.2,323.3,6.0646,70.85,102.4
2017-03-30,37.5,10.0,15.25,15.65,14.8,0.0,5.8,308.0,6.2208,79.97,102.56
2017-03-31,37.5,10.0,15.94,17.62,14.06,0.0,4.33,144.6,6.371,73.32,102.32
2017-04-01,37.5,10.0,15.83,17.76,15.01,8.41,4.16,237.0,5.9095,83.16,101.5
2017-04-02,37.5,10.0,14.73,15.37,13.98,5.0,9.61,289.3,5.6333,78.88,101.42
2017-04-03,37.5,10.0,15.26,15.84,14.57,6.47,8.78,295.8,4.3212,80.42,101.37
2017-04-04,37.5,10.0,15.8,16.03,15.64,3.25,7.56,303.5,6.2494,89.32,101.66
2017-04-05,37.5,10.0,15.96,16.33,15.53,0.11,6.95,298.6,6.1471,84.36,101.77
2017-04-06,37.5,10.0,15.31,15.92,14.14,7.49,2.23,46.8,4.7801,79.2,101.58
2017-04-07,37.5,10.0,14.76,15.85,13.49,13.44,3.42,60.2,4.5439,82.54,101.72
2017-04-08,37.5,10.0,15.77,16.09,15.44,0.5,4.84,62.7,5.2044,87.68,102.0
2017-04-09,37.5,10.0,15.58,15.78,15.22,0.07,3.57,42.8,3.0679,85.94,102.22
2017-04-10,37.5,10.0,15.57,15.92,15.33,0.04,2.92,355.3,5.9126,86.52,102.22
2017-04-11,37.5,10.0,15.91,16.37,15.22,0.01,5.92,283.0,6.4051,85.8,101.98
2017-04-12,37.5,10.0,16.24,16.6,15.94,0.72,7.77,302.7,6.3581,87.37,101.87
2017-04-13,37.5,10.0,16.26,16.6,15.77,0.02,6.35,295.0,6.7934,82.69,101.72
2017-04-14,37.5,10.0,16.86,17.46,16.28,0.0,4.12,276.4,7.0606,84.17,101.64
2017-04-15,37.5,10.0,17.03,17.35,16.63,0.02,4.58,283.6,6.847,85.24,101.64
2017-04-16,37.5,10.0,16.52,17.02,15.91,0.11,9.56,296.4,6.1255,83.92,101.64
2017-04-17,37.5,10.0,16.59,17.05,15.96,0.0,10.46,292.8,6.7783,80.37,101.66
2017-04-18,37.5,10.0,16.77,17.3,16.28,0.0,6.9,291.8,7.1172,80.35,101.43
2017-04-19,37.5,10.0,15.64,16.45,14.72,0.0,6.93,349.5,6.721,67.18,101.61
2017-04-20,37.5,10.0,15.1,15.38,14.66,0.0,5.28,46.9,6.4829,56.33,102.13
2017-04-21,37.5,10.0,14.64,15.28,14.32,0.01,6.3,30.8,6.7954,61.42,102.59
2017-04-22,37.5,10.0,14.65,15.23,14.18,0.0,3.16,357.9,7.415,58.17,102.57
2017-04-23,37.5,10.0,15.67,16.86,13.82,0.0,3.85,145.4,7.4854,65.8,101.97
2017-04-24,37.5,10.0,16.41,18.41,14.16,0.0,7.1,142.2,6.9598,76.7,101.68
2017-04-25,37.5,10.0,16.98,18.87,15.44,0.0,7.97,139.4,7.1023,84.55,101.33
2017-04-26,37.5,10.0,18.54,22.43,16.07,0.0,7.7,156.2,6.811,78.57,100.97
2017-04-27,37.5,10.0,18.73,21.21,17.39,1.06,6.56,172.9,4.7767,75.98,100.98
2017-04-28,37.5,10.0,16.25,17.21,15.58,0.93,6.53,345.8,5.2066,76.64,101.22
2017-04-29,37.5,10.0,15.05,15.72,13.79,5.43,5.95,342.2,6.6014,73.28,101.41
2017-04-30,37.5,10.0,15.47,15.76,15.01,0.0,1.59,337.5,7.3085,63.84,101.5
2017-05-01,37.5,10.0,17.2,18.08,15.99,0.0,5.14,290.2,7.4602,81.41,101.66
2017-05-02,37.5,10.0,15.89,16.53,15.6,0.0,5.23,335.7,7.517,68.05,101.99
2017-05-03,37.5,10.0,16.7,17.54,15.85,0.0,3.85,98.2,7.3711,65.12,101.82
2017-05-04,37.5,10.0,17.71,18.82,16.83,0.01,5.0,98.9,7.3238,87.48,101.48
2017-05-05,37.5,10.0,18.31,18.8,17.69,0.26,3.33,87.8,6.9456,91.91,101.3
2017-05-06,37.5,10.0,18.17,19.01,17.49,0.16,6.82,267.8,6.5153,92.11,101.47
2017-05-07,37.5,10.0,17.56,17.98,17.14,0.0,8.46,309.5,7.309,79.81,101.69
2017-05-08,37.5,10.0,17.63,17.97,17.26,0.0,11.36,299.7,7.8216,76.9,101.44
2017-05-09,37.5,10.0,17.61,18.18,16.88,0.0,6.28,306.6,7.7801,77.65,101.2
2017-05-10,37.5,10.0,19.52,22.22,17.06,0.0,6.14,162.2,5.5848,77.44,100.68
2017-05-11,37.5,10.0,19.15,22.46,17.87,0.07,6.11,199.1,4.7726,86.13,100.37
2017-05-12,37.5,10.0,18.4,18.98,18.0,0.0,4.63,299.2,6.3588,87.2,100.97
2017-05-13,37.5,10.0,18.45,18.81,18.12,0.0,3.92,310.3,7.0178,83.61,101.74
2017-05-14,37.5,10.0,18.63,18.98,18.17,0.0,4.65,322.5,6.9358,90.31,102.17
2017-05-15,37.5,10.0,18.9,19.17,18.64,0.02,5.0,317.0,7.1657,90.12,102.39
2017-05-16,37.5,10.0,18.88,19.19,18.62,0.02,5.58,333.1,7.7074,88.87,102.29
2017-05-17,37.5,10.0,19.04,19.33,18.55,0.0,3.9,23.6,7.686,82.15,101.98
2017-05-18,37.5,10.0,19.83,21.18,18.51,0.0,6.56,121.9,6.8554,77.63,101.42
2017-05-19,37.5,10.0,19.23,19.67,18.68,0.02,8.16,269.5,7.3594,89.27,101.54
2017-05-20,37.5,10.0,18.62,18.99,18.22,0.0,8.2,312.7,7.8132,71.31,102.11
2017-05-21,37.5,10.0,18.69,19.29,17.66,0.0,8.2,314.4,8.0971,72.31,102.0
2017-05-22,37.5,10.0,18.81,19.16,18.3,0.0,3.87,45.6,7.4789,76.58,101.79
2017-05-23,37.5,10.0,19.45,20.23,18.56,0.0,4.48,102.6,7.5854,83.1,101.74
2017-05-24,37.5,10.0,19.66,20.29,18.85,0.0,2.54,81.3,7.6682,80.24,101.82
2017-05-25,37.5,10.0,20.03,20.88,19.21,0.0,2.41,15.4,8.0316,73.5,101.5
2017-05-26,37.5,10.0,19.95,20.44,19.22,0.0,4.65,55.5,7.4323,85.69,101.48
2017-05-27,37.5,10.0,19.96,20.13,19.75,0.0,5.52,90.5,8.0002,73.92,101.77
2017-05-28,37.5,10.0,20.0,20.28,19.73,0.0,4.71,73.2,8.0808,76.58,101.87
2017-05-29,37.5,10.0,21.14,22.42,19.77,0.0,5.28,123.6,7.7695,74.46,101.6
2017-05-30,37.5,10.0,21.27,22.59,19.37,0.0,6.85,141.5,8.0815,74.73,101.66
2017-05-31,37.5,10.0,20.92,21.98,19.74,0.0,6.25,136.5,7.9879,80.46,101.91
2017-06-01,37.5,10.0,21.34,22.48,19.96,0.0,6.1,130.1,7.9003,79.89,101.85
2017-06-02,37.5,10.0,21.98,23.88,20.19,6.18,5.1,158.8,5.0954,77.08,101.73
2017-06-03,37.5,10.0,21.03,21.7,20.42,0.01,3.93,89.4,8.1924,89.82,101.5
2017-06-04,37.5,10.0,21.39,21.8,20.79,2.09,2.55,89.1,7.6438,81.53,101.42
2017-06-05,37.5,10.0,21.21,21.75,19.58,27.11,4.61,58.2,4.0735,82.46,101.09
2017-06-06,37.5,10.0,20.86,21.75,19.63,3.34,6.56,290.4,6.822,82.93,101.23
2017-06-07,37.5,10.0,21.58,22.13,21.04,0.0,9.49,308.8,8.0791,75.76,101.74
2017-06-08,37.5,10.0,20.63,20.9,20.53,0.0,5.24,341.8,7.9987,72.46,101.8
2017-06-09,37.5,10.0,21.85,23.34,20.56,0.01,6.29,107.3,8.1091,82.99,101.42
2017-06-10,37.5,10.0,20.64,21.55,19.58,0.11,3.4,60.4,8.0186,91.74,101.65
2017-06-11,37.5,10.0,21.42,21.98,20.28,0.0,2.92,28.2,8.16,81.36,101.61
2017-06-12,37.5,10.0,22.19,22.51,21.83,0.01,2.56,63.8,8.0234,82.38,101.6
2017-06-13,37.5,10.0,23.56,25.0,21.81,0.0,4.47,139.8,8.2682,70.77,101.49
2017-06-14,37.5,10.0,23.88,25.73,21.72,0.0,5.71,136.2,7.945,72.26,101.35
2017-06-15,37.5,10.0,23.2,23.99,22.29,0.0,4.05,100.9,8.4041,83.25,101.47
2017-06-16,37.5,10.0,23.22,23.57,22.52,0.0,4.0,298.4,7.6546,91.2,101.56
2017-06-17,37.5,10.0,23.61,23.91,23.29,0.0,7.2,290.3,7.9918,89.19,101.36
2017-06-18,37.5,10.0,23.57,23.88,23.15,0.01,5.34,10.6,7.7779,88.04,101.4
2017-06-19,37.5,10.0,23.21,23.71,22.6,0.0,4.64,75.6,8.2668,74.74,101.89
2017-06-20,37.5,10.0,23.52,24.33,22.44,0.0,4.74,113.0,8.1679,71.35,101.88
2017-06-21,37.5,10.0,24.19,25.82,22.74,0.0,5.67,125.3,7.8854,77.79,101.47
2017-06-22,37.5,10.0,23.97,24.9,23.32,0.0,5.27,100.0,7.7335,81.73,101.64
2017-06-23,37.5,10.0,24.2,24.64,23.74,0.0,2.11,1.2,8.0844,74.89,101.93
2017-06-24,37.5,10.0,24.24,24.64,23.64,0.0,4.02,300.3,8.0278,84.57,101.78
2017-06-25,37.5,10.0,25.06,25.69,24.0,0.0,3.3,272.8,7.8842,79.15,101.49
2017-06-26,37.5,10.0,26.57,28.59,25.6,0.0,4.15,148.2,7.5542,68.02,101.14
2017-06-27,37.5,10.0,26.6,28.8,25.51,0.05,3.44,270.2,7.2199,75.14,101.02
2017-06-28,37.5,10.0,26.24,29.0,24.83,1.65,4.52,273.3,5.25,76.5,100.82
2017-06-29,37.5,10.0,24.99,25.7,24.4,0.0,4.29,305.2,7.8749,75.51,101.0
2017-06-30,37.5,10.0,24.31,24.91,23.92,0.15,5.76,328.8,6.2222,80.24,101.16
2017-07-01,37.5,10.0,23.63,24.34,23.07,0.0,7.64,340.3,7.7383,70.88,101.52
2017-07-02,37.5,10.0,23.28,23.83,22.96,0.2,10.34,314.9,8.1686,71.98,101.78
2017-07-03,37.5,10.0,23.19,23.47,22.81,0.08,7.44,314.0,8.1194,76.21,101.91
2017-07-04,37.5,10.0,23.58,24.34,23.08,0.0,3.88,19.4,8.1014,76.11,101.92
2017-07-05,37.5,10.0,24.37,25.11,23.31,0.0,5.63,109.9,8.2373,74.89,101.83
2017-07-06,37.5,10.0,24.87,25.64,23.64,0.0,6.07,113.3,8.2414,75.58,101.84
2017-07-07,37.5,10.0,25.27,26.76,24.08,0.0,5.45,109.3,8.0856,72.53,101.76
2017-07-08,37.5,10.0,25.66,27.1,24.35,0.0,5.1,119.2,8.0088,73.83,101.53
2017-07-09,37.5,10.0,27.06,29.36,24.9,0.0,4.41,149.2,7.8948,63.0,101.31
2017-07-10,37.5,10.0,26.27,27.88,24.87,0.0,2.88,136.9,7.7501,72.32,101.31
2017-07-11,37.5,10.0,28.57,33.38,25.16,0.0,4.17,154.9,7.2401,58.84,101.31
2017-07-12,37.5,10.0,26.21,27.94,25.39,0.0,5.1,290.9,7.1249,82.7,101.45
2017-07-13,37.5,10.0,25.75,26.27,25.15,0.0,7.72,297.5,7.8912,88.31,101.43
2017-07-14,37.5,10.0,25.4,25.65,25.14,0.0,9.03,302.8,7.8134,79.8,101.35
2017-07-15,37.5,10.0,25.11,25.39,24.79,0.0,9.57,303.2,8.0863,78.21,101.28
2017-07-16,37.5,10.0,25.06,25.4,24.72,0.02,7.57,327.4,7.4916,84.36,101.45
2017-07-17,37.5,10.0,24.94,25.42,24.48,0.0,4.61,19.1,7.8113,72.2,101.75
2017-07-18,37.5,10.0,24.33,24.92,23.71,0.0,5.22,105.4,7.9375,70.78,101.82
2017-07-19,37.5,10.0,25.5,26.8,24.6,0.0,7.8,120.8,7.415,76.17,101.51
2017-07-20,37.5,10.0,25.69,26.96,24.65,0.0,7.32,124.1,7.4501,81.56,101.17
2017-07-21,37.5,10.0,26.14,28.25,24.88,0.17,4.05,147.1,6.9739,80.56,101.1
2017-07-22,37.5,10.0,26.07,27.34,25.0,0.01,2.95,159.1,6.6216,82.24,101.29
2017-07-23,37.5,10.0,25.67,27.35,24.7,0.31,3.74,323.1,6.4966,87.37,101.53
2017-07-24,37.5,10.0,26.62,29.09,25.7,0.27,8.36,292.0,6.1704,78.42,101.21
2017-07-25,37.5,10.0,25.21,25.52,24.86,0.0,10.46,304.2,7.6423,71.06,101.15
2017-07-26,37.5,10.0,24.75,25.08,24.48,0.0,10.14,304.6,7.2718,70.61,101.17
2017-07-27,37.5,10.0,24.76,25.07,24.26,0.0,9.07,303.7,7.5199,72.89,101.37
2017-07-28,37.5,10.0,24.87,25.36,24.36,0.0,4.14,318.7,7.7674,76.69,101.57
2017-07-29,37.5,10.0,26.12,28.45,24.8,0.0,3.68,124.4,7.6421,70.85,101.56
2017-07-30,37.5,10.0,27.4,28.87,25.77,0.0,5.75,131.0,7.4374,68.56,101.38
2017-07-31,37.5,10.0,27.27,28.83,25.49,0.0,7.74,126.3,7.4659,74.27,101.33
2017-08-01,37.5,10.0,27.69,29.1,25.84,0.0,6.82,129.4,7.4683,71.82,101.51
2017-08-02,37.5,10.0,27.48,28.13,26.47,0.0,3.6,118.8,7.123,66.71,101.75
2017-08-03,37.5,10.0,27.65,28.12,27.32,0.0,3.12,117.3,7.0229,66.7,101.6
2017-08-04,37.5,10.0,28.29,29.77,27.46,0.0,2.65,113.6,7.237,63.1,101.33
2017-08-05,37.5,10.0,27.38,27.98,26.37,0.02,2.95,289.2,6.4627,80.63,101.22
2017-08-06,37.5,10.0,26.68,27.03,26.32,0.03,4.18,293.0,6.6269,91.72,101.25
2017-08-07,37.5,10.0,27.13,27.66,26.65,0.09,3.16,355.2,6.8995,90.79,101.28
2017-08-08,37.5,10.0,28.56,30.98,26.43,0.03,3.6,124.3,6.655,80.08,101.17
2017-08-09,37.5,10.0,28.2,29.47,27.32,0.09,3.62,221.7,6.9053,80.65,101.17
2017-08-10,37.5,10.0,26.92,27.81,26.03,0.96,6.48,299.5,6.2316,82.76,101.39
2017-08-11,37.5,10.0,25.38,25.89,24.87,0.0,8.16,329.4,6.9953,63.76,101.83
2017-08-12,37.5,10.0,24.43,24.91,24.01,0.0,8.46,321.0,7.0572,66.88,101.89
2017-08-13,37.5,10.0,23.9,24.32,23.43,0.0,4.81,345.6,7.0858,70.9,101.8
2017-08-14,37.5,10.0,25.13,25.56,24.48,0.0,5.55,95.8,6.9012,72.71,101.78
2017-08-15,37.5,10.0,25.83,26.35,25.6,0.0,5.83,99.0,5.5742,77.37,101.84
2017-08-16,37.5,10.0,25.62,26.09,25.02,0.0,4.53,92.1,6.899,77.74,101.71
2017-08-17,37.5,10.0,26.21,26.83,25.42,0.0,2.71,67.8,6.8388,74.67,101.61
2017-08-18,37.5,10.0,26.39,27.8,25.12,0.11,2.81,103.6,6.7826,74.32,101.58
2017-08-19,37.5,10.0,26.85,28.61,25.7,0.03,3.29,124.9,6.8518,77.67,101.44
2017-08-20,37.5,10.0,26.24,26.62,25.6,0.02,8.3,301.1,6.474,73.8,101.56
2017-08-21,37.5,10.0,24.54,25.37,24.05,0.0,6.92,316.9,6.751,76.15,101.59
2017-08-22,37.5,10.0,24.89,25.09,24.7,0.0,4.41,344.7,6.9271,75.21,101.69
2017-08-23,37.5,10.0,25.31,25.9,24.8,0.0,4.1,32.4,6.7438,74.15,101.71
2017-08-24,37.5,10.0,25.45,26.33,24.57,0.0,4.92,112.9,6.4541,76.68,101.83
2017-08-25,37.5,10.0,26.54,28.1,25.01,0.1,6.86,133.6,6.4608,76.54,101.82
2017-08-26,37.5,10.0,26.64,28.21,25.35,0.0,5.97,125.3,6.7507,71.88,101.68
2017-08-27,37.5,10.0,26.44,27.24,25.44,0.0,4.36,114.8,6.5839,69.27,101.55
2017-08-28,37.5,10.0,26.84,27.29,26.15,0.0,2.82,103.5,6.6442,64.95,101.43
2017-08-29,37.5,10.0,26.48,27.43,25.66,0.0,2.76,329.2,6.2393,76.15,101.32
2017-08-30,37.5,10.0,26.18,26.72,25.66,0.05,3.73,95.4,6.2822,84.8,101.36
2017-08-31,37.5,10.0,27.66,29.68,25.67,0.19,6.22,150.1,5.9335,76.38,101.41
2017-09-01,37.5,10.0,26.77,27.04,26.57,0.68,4.2,132.9,5.7972,81.17,101.4
2017-09-02,37.5,10.0,25.67,26.58,24.22,0.34,8.96,313.8,5.4228,73.65,101.44
2017-09-03,37.5,10.0,24.53,24.78,24.14,0.0,7.99,312.3,6.0394,66.8,101.61
2017-09-04,37.5,10.0,24.9,25.34,24.25,0.0,3.41,87.5,6.252,64.74,101.63
2017-09-05,37.5,10.0,24.82,25.43,24.07,0.0,2.19,75.7,6.1104,69.92,102.01
2017-09-06,37.5,10.0,24.77,25.15,24.24,0.0,1.59,315.4,6.2952,68.55,101.9
2017-09-07,37.5,10.0,24.95,25.22,24.7,0.39,3.96,300.2,5.2536,76.75,101.46
2017-09-08,37.5,10.0,24.35,25.13,23.97,0.21,6.31,316.6,5.3472,69.78,101.33
2017-09-09,37.5,10.0,25.19,26.92,23.42,0.0,4.34,150.2,5.5289,70.01,100.87
2017-09-10,37.5,10.0,24.52,27.06,21.33,10.06,8.89,252.3,1.7926,73.43,100.38
2017-09-11,37.5,10.0,24.08,25.53,22.16,0.39,12.52,288.5,5.4658,67.71,100.97
2017-09-12,37.5,10.0,25.3,27.09,24.37,0.01,4.36,251.4,6.0331,73.88,101.43
2017-09-13,37.5,10.0,23.78,24.57,23.39,0.01,6.4,334.2,5.8651,70.1,102.07
2017-09-14,37.5,10.0,23.61,24.66,22.84,0.0,2.84,349.9,5.7187,69.1,101.71
2017-09-15,37.5,10.0,24.25,25.48,23.41,0.02,4.09,79.3,5.6969,77.61,101.17
2017-09-16,37.5,10.0,24.78,26.36,24.18,0.25,3.45,319.9,4.6697,83.48,101.02
2017-09-17,37.5,10.0,23.83,24.63,23.32,0.04,6.06,335.9,5.7082,68.15,101.66
2017-09-18,37.5,10.0,23.49,24.01,22.76,0.0,3.0,41.0,5.653,60.12,101.62
2017-09-19,37.5,10.0,23.05,23.93,22.32,1.93,8.95,309.5,5.448,70.76,101.63
2017-09-20,37.5,10.0,22.15,22.28,21.95,0.13,9.78,310.3,5.1482,66.82,101.87
2017-09-21,37.5,10.0,21.41,21.86,21.15,0.0,4.31,349.8,5.7746,64.2,101.96
2017-09-22,37.5,10.0,23.5,25.13,21.94,0.04,6.84,122.8,5.3153,73.51,101.82
2017-09-23,37.5,10.0,24.29,25.78,23.25,0.58,5.52,176.9,4.081,78.51,101.77
2017-09-24,37.5,10.0,23.47,24.1,23.1,1.5,4.84,299.9,5.0542,80.93,101.72
2017-09-25,37.5,10.0,22.91,23.24,22.38,0.03,5.28,316.9,5.1612,79.58,101.82
2017-09-26,37.5,10.0,22.71,23.2,21.96,0.46,2.28,342.5,3.9384,72.69,101.76
2017-09-27,37.5,10.0,22.28,23.03,21.83,0.49,3.77,359.1,5.1293,74.69,101.96
2017-09-28,37.5,10.0,22.51,23.12,22.02,0.14,4.96,1.6,4.7952,72.85,102.24
2017-09-29,37.5,10.0,22.25,22.53,21.91,0.02,4.21,8.3,4.9622,71.96,102.08
2017-09-30,37.5,10.0,22.04,22.44,21.38,0.0,4.27,336.7,4.8864,74.43,101.87
2017-10-01,37.5,10.0,22.17,22.76,21.26,0.14,1.81,115.3,4.3522,67.8,101.87
2017-10-02,37.5,10.0,21.35,22.13,20.8,7.55,1.77,65.0,1.7573,69.87,101.94
2017-10-03,37.5,10.0,21.7,22.18,20.98,5.17,3.8,79.5,4.1467,79.17,101.9
2017-10-04,37.5,10.0,22.76,23.17,22.03,11.09,7.08,32.1,2.795,82.04,102.04
2017-10-05,37.5,10.0,22.46,22.92,22.28,1.58,6.09,355.3,3.4944,82.21,101.93
2017-10-06,37.5,10.0,22.65,23.45,21.77,0.22,10.86,295.4,4.8559,77.18,101.4
2017-10-07,37.5,10.0,21.68,22.54,20.33,0.06,8.74,344.3,4.8079,64.96,101.72
2017-10-08,37.5,10.0,20.92,21.7,20.13,0.0,2.54,283.5,5.004,57.52,102.01
2017-10-09,37.5,10.0,21.91,22.47,21.4,0.01,5.36,290.1,4.5478,70.12,101.84
2017-10-10,37.5,10.0,21.81,22.01,21.64,0.0,6.32,299.7,4.759,72.38,102.0
2017-10-11,37.5,10.0,21.3,21.85,20.95,0.1,3.26,341.3,4.3788,77.93,102.27
2017-10-12,37.5,10.0,21.17,21.45,20.73,0.0,1.73,339.0,4.655,72.96,102.55
2017-10-13,37.5,10.0,21.04,21.46,20.64,0.01,3.04,311.4,4.6519,77.66,102.59
2017-10-14,37.5,10.0,20.98,21.2,20.66,0.04,3.36,44.3,4.3142,76.76,102.62
2017-10-15,37.5,10.0,21.3,21.48,21.03,0.01,3.24,73.1,4.5197,73.28,102.7
2017-10-16,37.5,10.0,21.74,22.93,20.68,0.0,3.88,118.9,4.4923,71.13,102.59
2017-10-17,37.5,10.0,22.31,23.78,21.05,0.0,5.03,140.2,4.6008,69.3,102.28
2017-10-18,37.5,10.0,22.04,23.78,20.08,0.01,5.6,150.9,4.4686,73.09,101.77
2017-10-19,37.5,10.0,22.57,24.45,20.78,0.06,7.1,147.4,4.2874,73.32,101.35
2017-10-20,37.5,10.0,22.05,22.39,21.61,4.3,3.86,129.2,0.8575,81.04,101.5
2017-10-21,37.5,10.0,21.13,21.66,20.49,0.81,2.4,347.2,3.7505,82.23,102.01
2017-10-22,37.5,10.0,21.53,22.28,21.04,0.87,7.75,292.1,3.1507,80.8,102.0
2017-10-23,37.5,10.0,20.13,21.18,19.73,0.05,12.81,313.8,3.0542,69.32,101.81
2017-10-24,37.5,10.0,20.36,21.24,19.48,0.03,8.91,335.3,4.2545,65.84,101.86
2017-10-25,37.5,10.0,21.21,21.42,20.85,0.0,8.49,349.9,3.6648,61.85,102.19
2017-10-26,37.5,10.0,20.45,20.82,20.09,0.0,3.84,347.1,4.1282,65.75,102.62
2017-10-27,37.5,10.0,20.84,21.69,20.23,0.01,7.74,286.8,3.7759,76.01,102.13
2017-10-28,37.5,10.0,20.93,21.47,20.29,1.0,7.95,329.2,3.1798,74.59,101.73
2017-10-29,37.5,10.0,20.58,21.24,19.83,0.1,10.73,290.9,3.815,71.96,101.69
2017-10-30,37.5,10.0,20.69,21.25,19.82,0.02,9.52,290.6,3.4639,74.85,101.45
2017-10-31,37.5,10.0,20.01,20.52,19.65,0.07,3.81,294.1,3.6134,71.38,101.87
2017-11-01,37.5,10.0,19.8,20.02,19.58,0.76,2.16,284.6,2.2678,74.71,102.09
2017-11-02,37.5,10.0,20.03,21.09,18.94,0.12,4.32,134.7,3.6156,77.29,102.11
2017-11-03,37.5,10.0,20.22,20.97,19.42,0.0,3.17,132.1,3.6996,71.95,101.57
2017-11-04,37.5,10.0,20.99,21.81,20.3,0.03,5.92,122.2,3.3847,81.48,101.45
2017-11-05,37.5,10.0,20.83,21.42,20.17,1.54,6.13,249.8,2.7442,82.52,101.33
2017-11-06,37.5,10.0,17.65,19.87,15.5,6.23,9.45,297.9,1.1782,73.21,101.15
2017-11-07,37.5,10.0,17.07,17.57,16.74,4.24,12.07,274.9,2.0582,70.0,101.3
2017-11-08,37.5,10.0,18.47,18.98,17.69,0.24,6.89,288.6,2.5286,66.5,101.88
2017-11-09,37.5,10.0,19.08,20.12,18.28,0.16,3.79,211.5,3.3907,63.01,101.7
2017-11-10,37.5,10.0,17.74,18.45,17.44,0.05,7.24,324.5,1.7134,72.39,101.62
2017-11-11,37.5,10.0,17.78,17.98,17.6,0.09,7.51,339.9,2.9798,76.47,101.39
2017-11-12,37.5,10.0,18.35,19.23,17.6,0.7,9.18,313.2,2.9779,75.65,101.29
2017-11-13,37.5,10.0,17.58,19.81,15.26,1.37,10.75,293.2,1.3183,70.31,100.54
2017-11-14,37.5,10.0,15.06,15.66,14.63,7.65,8.35,319.4,1.5583,73.78,100.46
2017-11-15,37.5,10.0,16.27,17.42,15.66,10.92,10.21,330.7,0.7488,78.57,100.87
2017-11-16,37.5,10.0,16.81,17.61,15.82,1.0,6.55,338.5,2.6549,73.27,101.44
2017-11-17,37.5,10.0,17.43,17.61,17.17,0.02,8.59,315.9,2.3364,73.27,101.54
2017-11-18,37.5,10.0,17.06,17.32,16.79,0.04,6.87,306.2,2.5625,74.71,101.61
2017-11-19,37.5,10.0,17.02,17.76,16.54,0.09,8.7,297.6,2.3189,75.14,101.75
2017-11-20,37.5,10.0,17.32,17.67,17.05,0.01,8.42,307.1,2.6873,71.86,102.1
2017-11-21,37.5,10.0,17.75,18.21,17.09,0.0,5.42,287.5,3.0307,71.41,102.16
2017-11-22,37.5,10.0,16.98,18.92,15.59,0.0,4.45,163.0,3.1572,69.03,101.95
2017-11-23,37.5,10.0,16.79,18.07,14.8,0.0,3.76,199.2,2.3688,69.42,101.85
2017-11-24,37.5,10.0,17.4,17.74,17.13,0.0,3.52,274.2,2.7938,74.63,102.14
2017-11-25,37.5,10.0,18.12,20.04,16.3,0.0,4.49,218.7,2.6006,64.63,101.94
2017-11-26,37.5,10.0,16.62,18.53,14.51,1.28,11.13,308.2,1.4194,71.86,102.06
2017-11-27,37.5,10.0,14.96,15.63,14.54,0.23,10.02,315.5,1.7458,67.31,102.36
2017-11-28,37.5,10.0,15.52,16.31,14.86,0.01,4.67,269.0,2.4502,64.19,101.99
2017-11-29,37.5,10.0,17.65,20.56,15.8,0.01,6.03,216.0,2.2567,68.66,100.79
2017-11-30,37.5,10.0,15.26,17.22,12.79,13.87,6.79,322.8,1.2439,78.5,100.75
2017-12-01,37.5,10.0,14.18,14.5,12.81,3.24,5.94,315.5,1.8725,66.03,101.11
2017-12-02,37.5,10.0,13.09,14.29,12.41,5.26,10.34,257.4,1.0884,74.13,100.94
2017-12-03,37.5,10.0,13.58,14.55,12.75,5.19,9.26,265.2,2.0758,72.94,101.78
2017-12-04,37.5,10.0,14.09,14.66,13.23,0.82,10.71,312.5,2.1317,69.34,102.68
2017-12-05,37.5,10.0,14.38,14.57,14.13,0.19,5.08,335.0,2.6654,69.32,103.35
2017-12-06,37.5,10.0,14.73,14.89,14.44,0.01,1.78,63.1,2.7542,59.9,103.47
2017-12-07,37.5,10.0,14.39,14.96,13.78,0.0,2.44,175.4,2.6098,62.85,103.23
2017-12-08,37.5,10.0,15.49,16.12,14.42,0.0,4.75,238.6,2.8138,63.56,102.55
2017-12-09,37.5,10.0,14.75,15.89,13.57,2.62,9.58,292.4,2.0376,72.59,101.92
2017-12-10,37.5,10.0,14.38,16.09,13.45,0.02,6.43,235.9,2.2644,69.0,101.91
2017-12-11,37.5,10.0,15.1,18.85,12.35,0.0,8.97,186.7,2.2531,76.38,100.91
2017-12-12,37.5,10.0,15.92,18.11,14.03,0.0,5.56,207.6,2.508,69.89,101.33
2017-12-13,37.5,10.0,15.48,16.46,14.78,1.24,7.85,289.1,1.4738,79.11,102.22
2017-12-14,37.5,10.0,15.32,16.06,14.59,0.0,7.55,257.9,2.6078,69.19,102.08
2017-12-15,37.5,10.0,16.02,17.53,14.24,0.42,7.45,245.1,2.6878,70.68,101.08
2017-12-16,37.5,10.0,14.67,16.43,13.63,7.86,7.12,314.8,0.743,73.67,101.09
2017-12-17,37.5,10.0,13.48,13.94,13.0,0.73,11.28,302.8,1.8708,69.68,101.94
2017-12-18,37.5,10.0,12.98,13.65,11.74,0.52,5.79,320.0,2.2512,67.52,102.31
2017-12-19,37.5,10.0,13.27,14.15,12.08,0.33,4.65,111.2,1.5451,66.48,102.53
2017-12-20,37.5,10.0,13.53,13.76,13.25,0.25,4.63,32.8,2.0417,63.42,102.6
2017-12-21,37.5,10.0,12.9,13.56,12.08,5.19,9.16,30.7,1.3085,72.94,102.59
2017-12-22,37.5,10.0,14.41,15.54,13.27,0.04,9.94,338.3,2.1564,69.48,102.6
2017-12-23,37.5,10.0,15.65,16.03,15.31,0.01,7.13,2.7,2.4792,67.55,102.81
2017-12-24,37.5,10.0,15.08,15.43,14.62,0.01,4.83,311.2,2.5966,75.61,103.13
2017-12-25,37.5,10.0,14.69,15.56,13.95,0.01,3.93,212.0,2.3779,70.41,102.78
2017-12-26,37.5,10.0,15.13,15.45,14.56,0.27,5.67,249.7,2.6354,71.25,102.03
2017-12-27,37.5,10.0,14.75,16.3,13.39,11.31,10.35,243.0,1.0548,74.76,100.68
2017-12-28,37.5,10.0,14.18,14.68,13.55,1.21,11.24,293.3,1.4412,68.11,100.58
2017-12-29,37.5,10.0,13.9,14.41,13.08,0.68,12.07,310.2,2.3174,69.71,101.48
2017-12-30,37.5,10.0,15.88,16.54,13.88,0.11,11.39,290.6,1.9174,84.57,102.22
2017-12-31,37.5,10.0,16.06,16.49,15.61,0.07,5.57,280.0,2.8291,83.26,102.36
2018-01-01,37.5,10.0,15.42,16.54,14.79,0.27,11.06,283.4,2.1979,76.31,102.26
2018-01-02,37.5,10.0,15.18,15.79,14.51,0.24,14.59,301.9,2.7708,71.01,102.12
2018-01-03,37.5,10.0,15.84,16.1,15.52,0.22,11.54,287.4,2.2006,87.0,102.21
2018-01-04,37.5,10.0,16.03,16.4,15.71,0.21,11.59,279.0,2.0698,90.96,101.88
2018-01-05,37.5,10.0,16.04,16.52,15.6,0.13,6.09,266.5,2.6064,87.53,101.49
2018-01-06,37.5,10.0,15.46,18.8,12.68,0.0,6.5,168.6,2.574,76.4,100.9
2018-01-07,37.5,10.0,14.9,16.68,12.85,0.0,10.17,151.5,1.4688,81.51,100.91
2018-01-08,37.5,10.0,15.88,16.9,15.18,0.02,7.55,164.8,1.3522,80.61,101.29
2018-01-09,37.5,10.0,14.9,15.09,14.76,0.15,4.68,348.3,0.7531,74.18,101.95
2018-01-10,37.5,10.0,14.82,15.16,14.67,0.04,5.39,291.6,2.7055,69.47,101.87
2018-01-11,37.5,10.0,14.51,15.36,13.47,5.82,11.12,264.9,0.8842,75.04,101.22
2018-01-12,37.5,10.0,13.59,14.45,12.62,20.47,11.03,314.6,1.4695,80.26,101.12
2018-01-13,37.5,10.0,13.95,14.35,13.6,2.76,7.45,309.0,1.8058,75.48,101.98
2018-01-14,37.5,10.0,13.86,14.8,12.94,0.21,4.28,225.7,2.9741,69.18,101.96
2018-01-15,37.5,10.0,15.06,15.64,14.55,0.24,3.24,251.0,2.7401,67.01,102.27
2018-01-16,37.5,10.0,14.78,15.37,14.23,0.22,9.01,270.6,2.2464,78.31,102.4
2018-01-17,37.5,10.0,15.02,16.07,14.13,0.05,11.46,292.1,2.125,76.32,101.87
2018-01-18,37.5,10.0,13.71,14.12,13.2,0.0,6.86,315.3,3.1932,70.14,102.3
2018-01-19,37.5,10.0,13.96,14.45,13.36,0.0,3.11,321.1,2.4953,70.5,101.66
2018-01-20,37.5,10.0,14.52,14.77,14.23,0.01,10.57,327.2,3.1747,72.59,101.66
2018-01-21,37.5,10.0,15.62,16.55,14.35,0.02,14.41,296.0,2.6731,79.35,101.42
2018-01-22,37.5,10.0,15.62,15.97,15.28,0.03,13.42,303.7,3.091,84.02,101.83
2018-01-23,37.5,10.0,15.17,15.68,14.49,0.01,10.43,304.8,2.573,83.05,102.17
2018-01-24,37.5,10.0,14.31,14.72,13.86,0.02,2.76,29.6,2.8939,79.3,102.81
2018-01-25,37.5,10.0,14.75,16.71,13.13,0.0,7.15,151.2,3.3209,77.48,102.47
2018-01-26,37.5,10.0,13.6,15.58,11.26,0.01,5.0,187.0,3.2297,82.22,101.85
2018-01-27,37.5,10.0,15.23,16.57,14.45,0.24,4.7,123.5,3.1476,80.6,102.28
2018-01-28,37.5,10.0,15.18,15.77,14.69,0.04,5.01,114.0,1.9742,76.28,103.2
2018-01-29,37.5,10.0,14.8,15.21,14.52,0.08,1.74,111.4,1.9414,67.37,103.31
2018-01-30,37.5,10.0,13.98,14.53,13.04,0.0,2.64,163.0,3.319,69.53,103.01
2018-01-31,37.5,10.0,14.23,14.91,13.51,0.0,2.97,137.8,3.2659,69.5,102.48
2018-02-01,37.5,10.0,13.87,16.07,11.9,5.03,5.65,196.9,1.74,75.82,101.31
2018-02-02,37.5,10.0,15.45,18.12,12.75,0.2,7.67,210.5,2.6846,78.27,100.46
2018-02-03,37.5,10.0,12.99,14.95,12.01,0.85,10.07,282.6,2.5058,72.08,100.94
2018-02-04,37.5,10.0,12.69,13.38,12.1,0.06,4.98,251.2,3.6569,64.02,101.56
2018-02-05,37.5,10.0,13.25,15.09,11.88,0.82,7.47,158.3,1.921,76.32,101.36
2018-02-06,37.5,10.0,13.39,15.81,11.51,0.49,5.8,207.9,3.259,67.99,100.6
2018-02-07,37.5,10.0,12.79,13.61,11.76,4.31,10.52,268.3,2.033,77.35,100.83
2018-02-08,37.5,10.0,12.97,13.48,12.4,0.21,4.01,295.6,3.4435,65.11,101.71
2018-02-09,37.5,10.0,12.22,12.98,11.56,3.44,3.99,308.4,2.8022,72.55,101.35
2018-02-10,37.5,10.0,12.38,12.53,12.01,1.81,8.34,320.1,3.2911,75.0,100.92
2018-02-11,37.5,10.0,12.43,13.03,12.15,1.71,9.85,303.7,3.0946,73.62,101.39
2018-02-12,37.5,10.0,14.06,14.76,13.04,5.47,9.14,274.0,2.7684,80.78,101.41
2018-02-13,37.5,10.0,12.05,13.53,10.41,6.65,10.69,303.7,3.1354,71.85,101.51
2018-02-14,37.5,10.0,12.57,13.06,11.44,9.25,10.06,293.8,1.3517,73.88,101.57
2018-02-15,37.5,10.0,12.81,13.32,12.33,0.15,7.37,328.9,3.1356,72.39,102.22
2018-02-16,37.5,10.0,13.73,13.9,13.38,0.2,3.23,354.8,2.0484,78.7,102.47
2018-02-17,37.5,10.0,13.98,15.06,13.16,0.08,5.66,144.7,2.2159,84.52,102.0
2018-02-18,37.5,10.0,13.94,14.48,13.24,6.65,6.0,319.3,2.0213,83.43,101.58
2018-02-19,37.5,10.0,13.29,13.94,12.78,0.56,8.3,301.3,3.0074,75.31,101.36
2018-02-20,37.5,10.0,12.79,13.62,11.55,11.89,7.99,292.3,2.4811,74.86,100.79
2018-02-21,37.5,10.0,12.02,12.63,10.19,8.38,4.94,310.2,3.8268,73.57,100.25
2018-02-22,37.5,10.0,11.5,12.45,9.59,6.42,6.09,279.3,2.689,79.07,100.05
2018-02-23,37.5,10.0,12.26,12.74,11.88,5.27,8.96,295.9,2.8378,75.97,100.16
2018-02-24,37.5,10.0,12.59,13.02,11.12,2.93,4.94,286.1,4.2233,69.21,100.7
2018-02-25,37.5,10.0,12.53,13.51,10.93,2.56,8.86,299.0,3.5438,74.56,100.67
2018-02-26,37.5,10.0,12.88,13.84,11.9,3.38,8.65,303.3,2.8867,73.62,100.52
2018-02-27,37.5,10.0,12.24,12.4,12.04,0.3,4.66,308.8,4.1806,67.39,100.57
2018-02-28,37.5,10.0,13.67,16.14,11.17,2.03,4.84,133.1,4.1868,74.13,100.82
2018-03-01,37.5,10.0,15.6,18.39,13.21,0.0,7.41,193.1,2.0268,72.82,99.99
2018-03-02,37.5,10.0,15.45,16.42,14.58,0.0,6.89,268.9,4.0558,84.22,100.48
2018-03-03,37.5,10.0,15.0,16.4,13.77,0.04,5.75,246.6,2.6107,83.95,100.51
2018-03-04,37.5,10.0,14.92,16.81,13.98,2.94,8.3,221.7,4.0476,83.79,99.87
2018-03-05,37.5,10.0,14.8,15.81,14.15,7.82,8.37,275.9,4.2833,84.23,99.79
2018-03-06,37.5,10.0,14.78,15.26,14.25,2.11,10.89,264.7,4.6793,76.72,100.07
2018-03-07,37.5,10.0,13.97,15.04,12.45,2.29,8.66,269.2,3.2078,78.28,100.77
2018-03-08,37.5,10.0,14.12,15.33,13.4,6.24,5.4,223.0,3.6168,74.87,101.42
2018-03-09,37.5,10.0,15.15,15.47,14.63,0.47,5.08,276.0,3.1342,88.84,101.63
2018-03-10,37.5,10.0,15.71,17.31,14.13,0.01,5.11,160.4,5.1727,84.69,101.45
2018-03-11,37.5,10.0,15.57,16.79,14.75,0.19,5.05,239.2,4.097,81.91,101.08
2018-03-12,37.5,10.0,15.12,15.81,13.99,0.27,10.5,269.1,4.908,78.12,101.36
2018-03-13,37.5,10.0,14.82,15.32,14.3,0.1,8.32,274.1,5.4118,81.39,101.67
2018-03-14,37.5,10.0,14.73,15.17,14.42,0.03,4.88,267.4,4.8605,83.82,101.5
2018-03-15,37.5,10.0,15.27,16.78,13.94,0.0,5.04,178.6,2.7283,83.79,100.77
2018-03-16,37.5,10.0,14.64,15.19,13.94,0.82,3.84,22.6,4.3198,92.49,100.47
2018-03-17,37.5,10.0,14.17,15.03,13.23,1.02,10.24,291.3,3.5182,79.52,100.19
2018-03-18,37.5,10.0,13.87,15.05,12.88,3.37,8.66,256.8,3.2328,75.02,100.19
2018-03-19,37.5,10.0,14.29,14.87,13.7,0.53,9.63,280.1,5.7708,68.38,100.67
2018-03-20,37.5,10.0,13.43,14.42,12.38,1.91,12.01,250.1,3.2448,69.37,100.48
2018-03-21,37.5,10.0,12.54,13.3,11.32,2.0,9.64,281.0,1.6723,73.44,100.93
2018-03-22,37.5,10.0,11.34,12.43,10.45,10.68,9.36,311.2,1.9466,77.36,100.6
2018-03-23,37.5,10.0,12.6,13.01,12.05,4.64,13.21,301.1,3.2136,72.39,100.48
2018-03-24,37.5,10.0,13.45,14.84,12.68,8.67,5.96,265.3,4.8084,72.46,100.09
2018-03-25,37.5,10.0,12.01,13.02,10.87,2.62,4.9,287.5,5.0561,75.37,99.9
2018-03-26,37.5,10.0,13.61,14.3,11.88,0.47,8.3,311.0,5.5546,73.16,101.07
2018-03-27,37.5,10.0,14.12,14.26,13.92,3.01,11.75,308.2,5.6261,74.7,101.69
2018-03-28,37.5,10.0,14.6,15.17,13.55,1.28,8.62,285.1,5.4727,85.07,101.68
2018-03-29,37.5,10.0,16.23,18.87,14.27,0.0,3.18,226.8,6.174,70.61,101.21
2018-03-30,37.5,10.0,15.91,17.93,14.51,0.0,4.69,250.0,5.1005,77.37,100.93
2018-03-31,37.5,10.0,14.94,15.76,14.48,0.01,10.61,279.8,5.6417,77.67,100.92
2018-04-01,37.5,10.0,14.66,15.03,14.25,0.0,8.98,295.5,6.2059,68.19,101.7
2018-04-02,37.5,10.0,15.39,18.17,13.64,0.0,6.6,138.6,6.629,71.04,101.54
2018-04-03,37.5,10.0,15.71,19.19,13.24,0.15,7.37,154.0,4.0044,81.77,101.37
2018-04-04,37.5,10.0,15.0,15.59,14.51,0.46,4.98,136.9,4.0409,89.89,101.51
2018-04-05,37.5,10.0,15.26,15.61,14.76,0.1,8.31,284.9,6.5921,89.93,101.8
2018-04-06,37.5,10.0,14.79,15.07,14.46,0.02,4.88,70.4,6.923,86.12,101.79
2018-04-07,37.5,10.0,15.53,17.33,14.41,0.01,8.81,127.7,6.5707,78.39,101.34
2018-04-08,37.5,10.0,15.34,16.8,13.9,9.0,9.04,142.4,5.3964,83.29,100.76
2018-04-09,37.5,10.0,14.76,15.38,13.99,0.01,5.44,266.6,6.8263,80.19,101.28
2018-04-10,37.5,10.0,15.13,16.88,13.78,0.0,5.72,132.9,3.1279,82.39,101.05
2018-04-11,37.5,10.0,15.54,16.83,14.85,2.06,4.46,104.4,5.6196,89.09,100.33
2018-04-12,37.5,10.0,14.86,16.33,13.58,4.25,3.72,291.4,4.919,74.26,100.84
2018-04-13,37.5,10.0,15.3,15.97,14.95,0.0,6.06,107.6,6.041,81.67,101.16
2018-04-14,37.5,10.0,15.79,16.9,15.03,0.09,8.04,92.3,1.7767,86.98,100.53
2018-04-15,37.5,10.0,15.31,15.62,14.92,1.23,5.34,286.1,3.9514,94.51,100.57
2018-04-16,37.5,10.0,15.72,16.23,15.32,0.05,8.29,283.7,6.7061,88.48,101.53
2018-04-17,37.5,10.0,15.35,15.6,15.09,14.69,6.55,295.1,4.4254,91.08,102.0
2018-04-18,37.5,10.0,15.09,15.2,14.97,0.69,4.3,328.1,4.6373,94.05,102.2
2018-04-19,37.5,10.0,15.49,15.84,15.0,0.44,2.87,40.3,6.4133,89.7,102.27
2018-04-20,37.5,10.0,15.97,16.46,15.56,0.24,2.21,12.1,6.2885,92.46,102.07
2018-04-21,37.5,10.0,16.32,17.62,15.47,0.05,2.57,79.7,6.6478,87.2,101.93
2018-04-22,37.5,10.0,16.59,17.11,15.96,0.21,3.86,100.0,6.7898,91.65,101.78
2018-04-23,37.5,10.0,17.03,17.81,16.23,0.08,4.74,108.7,7.122,88.56,101.83
2018-04-24,37.5,10.0,18.04,19.85,16.56,0.03,6.22,124.8,6.552,78.38,101.7
2018-04-25,37.5,10.0,18.24,20.08,16.94,0.04,7.04,132.6,6.6974,75.99,101.43
2018-04-26,37.5,10.0,17.2,17.44,16.93,0.2,6.01,97.3,4.0123,91.93,101.11
2018-04-27,37.5,10.0,16.96,17.28,16.52,0.27,5.2,33.4,5.2042,93.77,100.93
2018-04-28,37.5,10.0,16.84,17.15,16.58,0.4,4.64,309.3,6.0142,93.45,101.1
2018-04-29,37.5,10.0,16.82,17.17,16.47,0.05,5.61,300.1,6.749,90.68,101.22
2018-04-30,37.5,10.0,16.45,16.78,16.02,0.0,5.13,321.1,5.4487,74.53,101.58
2018-05-01,37.5,10.0,17.0,17.64,16.43,2.04,4.74,75.9,3.4759,87.8,100.76
2018-05-02,37.5,10.0,16.2,17.23,14.84,43.82,10.85,318.4,2.3458,91.26,99.82
2018-05-03,37.5,10.0,15.83,16.19,15.42,17.49,15.26,291.1,2.6143,83.09,100.14
2018-05-04,37.5,10.0,16.15,16.63,15.46,6.01,12.22,257.3,4.0135,82.12,100.72
2018-05-05,37.5,10.0,16.41,17.3,15.32,0.64,4.92,237.5,6.1632,82.64,101.23
2018-05-06,37.5,10.0,16.07,16.44,15.76,3.28,2.33,272.3,6.8306,86.65,101.54
2018-05-07,37.5,10.0,16.15,16.51,15.78,0.05,2.0,2.6,7.439,85.32,101.46
2018-05-08,37.5,10.0,16.48,16.74,16.2,0.06,2.71,315.6,7.2686,87.14,100.97
2018-05-09,37.5,10.0,16.65,16.83,16.44,1.5,7.61,293.1,5.7362,91.4,100.86
2018-05-10,37.5,10.0,16.92,17.15,16.67,1.05,6.71,294.4,7.4261,92.71,101.26
2018-05-11,37.5,10.0,17.01,17.21,16.7,0.45,5.53,298.3,6.8561,89.92,101.75
2018-05-12,37.5,10.0,18.06,19.69,17.12,0.92,2.41,307.2,7.121,80.31,101.59
2018-05-13,37.5,10.0,17.68,19.42,16.06,0.19,6.37,277.0,7.1626,87.7,101.33
2018-05-14,37.5,10.0,15.85,16.16,15.49,0.0,5.51,318.1,7.9354,68.65,101.76
2018-05-15,37.5,10.0,16.54,17.23,16.06,0.02,4.82,293.6,7.529,69.11,101.65
2018-05-16,37.5,10.0,16.36,16.77,16.03,0.0,2.61,337.0,6.6161,73.24,101.62
2018-05-17,37.5,10.0,16.63,17.23,16.11,4.14,2.86,55.2,6.126,77.41,101.44
2018-05-18,37.5,10.0,16.85,17.31,16.55,1.0,4.26,31.4,5.6856,85.33,101.37
2018-05-19,37.5,10.0,17.13,17.39,16.88,1.74,4.03,14.5,7.2038,86.58,101.38
2018-05-20,37.5,10.0,17.31,18.15,16.68,0.71,3.71,12.5,6.2957,88.38,101.24
2018-05-21,37.5,10.0,18.65,20.08,17.63,9.09,1.92,76.2,5.3568,88.17,101.17
2018-05-22,37.5,10.0,17.87,18.36,17.25,13.37,3.52,294.5,2.1274,85.57,101.44
2018-05-23,37.5,10.0,18.6,18.83,18.4,0.04,5.77,294.8,7.7328,86.73,101.81
2018-05-24,37.5,10.0,18.62,19.07,18.0,0.01,3.66,79.1,8.0695,83.13,101.77
2018-05-25,37.5,10.0,19.27,19.49,19.01,0.0,5.75,96.0,8.0846,85.3,101.56
2018-05-26,37.5,10.0,19.54,19.96,18.86,0.0,5.45,103.9,8.0494,89.0,101.62
2018-05-27,37.5,10.0,21.52,24.36,19.49,0.0,6.84,143.4,6.174,76.78,101.41
2018-05-28,37.5,10.0,20.3,21.54,19.5,0.8,4.26,110.1,7.3162,87.35,101.46
2018-05-29,37.5,10.0,19.94,20.73,19.46,0.04,6.0,97.1,7.2454,89.64,101.1
2018-05-30,37.5,10.0,19.42,19.59,19.28,0.2,4.87,294.1,5.8226,93.98,101.42
2018-05-31,37.5,10.0,19.57,19.94,19.27,0.06,4.24,334.2,6.756,89.49,101.71
2018-06-01,37.5,10.0,19.94,20.44,19.52,0.05,3.52,46.3,5.8133,93.83,101.81
2018-06-02,37.5,10.0,20.85,21.79,19.84,0.07,3.33,90.2,6.6295,90.44,101.62
2018-06-03,37.5,10.0,21.48,22.58,20.41,0.09,4.75,126.6,7.511,83.5,101.35
2018-06-04,37.5,10.0,20.58,20.9,20.34,0.13,6.16,308.7,6.1709,84.19,101.33
2018-06-05,37.5,10.0,20.4,20.69,20.09,0.04,4.0,327.3,8.0717,84.53,101.26
2018-06-06,37.5,10.0,20.83,21.13,20.58,0.01,4.28,12.6,6.0737,85.99,101.39
2018-06-07,37.5,10.0,20.63,21.12,19.55,1.33,5.8,8.7,6.797,94.23,101.33
2018-06-08,37.5,10.0,20.56,21.15,19.71,0.01,7.1,293.2,7.9538,82.67,101.54
2018-06-09,37.5,10.0,21.05,21.91,20.16,0.0,4.24,110.5,8.3599,77.63,101.55
2018-06-10,37.5,10.0,22.01,22.76,21.1,0.0,6.3,115.1,7.296,82.59,101.19
2018-06-11,37.5,10.0,21.08,22.2,20.41,0.15,5.47,289.4,7.6226,88.85,101.07
2018-06-12,37.5,10.0,21.33,21.65,20.86,0.05,6.31,303.1,7.8002,87.49,101.21
2018-06-13,37.5,10.0,21.4,21.79,20.81,0.17,8.3,286.3,7.6092,84.04,101.09
2018-06-14,37.5,10.0,21.28,21.71,20.56,0.23,11.8,291.5,7.1578,75.85,100.95
2018-06-15,37.5,10.0,20.87,21.4,20.3,1.0,9.41,298.8,7.7983,82.36,101.13
2018-06-16,37.5,10.0,20.94,21.3,20.56,0.16,7.84,296.6,7.9462,85.05,101.34
2018-06-17,37.5,10.0,21.21,21.63,20.93,0.19,7.88,295.0,7.6102,86.52,101.53
2018-06-18,37.5,10.0,21.04,21.27,20.8,0.02,9.69,298.9,7.1153,84.08,101.54
2018-06-19,37.5,10.0,21.09,21.44,20.61,5.69,6.8,305.4,7.5838,91.0,101.59
2018-06-20,37.5,10.0,21.37,21.51,21.21,1.43,3.51,337.6,7.5463,92.41,101.74
2018-06-21,37.5,10.0,21.8,22.6,20.81,0.01,2.63,86.0,7.7064,85.9,101.64
2018-06-22,37.5,10.0,22.65,23.22,21.85,0.0,2.99,288.7,7.8991,85.06,101.49
2018-06-23,37.5,10.0,22.55,22.98,22.01,0.16,6.38,291.0,7.9255,85.13,101.53
2018-06-24,37.5,10.0,22.19,22.6,21.75,4.91,3.3,327.1,7.5674,88.26,101.46
2018-06-25,37.5,10.0,22.63,23.16,21.96,1.4,3.62,355.1,7.951,80.44,101.38
2018-06-26,37.5,10.0,22.65,23.11,22.06,0.27,6.18,336.1,7.9034,77.2,101.5
2018-06-27,37.5,10.0,22.73,22.88,22.43,0.01,6.42,321.5,8.0542,75.05,101.48
2018-06-28,37.5,10.0,22.96,23.23,22.6,0.0,3.19,312.4,8.2495,72.28,101.23
2018-06-29,37.5,10.0,22.43,22.99,21.96,0.03,4.36,73.0,7.2142,83.79,101.05
2018-06-30,37.5,10.0,22.79,23.19,22.32,0.0,7.19,99.2,7.187,83.42,101.0
2018-07-01,37.5,10.0,23.65,26.16,22.7,0.31,3.64,129.1,7.223,86.72,101.05
2018-07-02,37.5,10.0,22.87,23.2,22.39,0.45,2.61,303.5,6.7073,92.43,101.39
2018-07-03,37.5,10.0,22.72,23.08,22.26,0.16,4.0,311.7,7.4114,91.12,101.57
2018-07-04,37.5,10.0,22.7,23.58,22.27,0.09,3.43,99.9,7.116,91.4,101.54
2018-07-05,37.5,10.0,23.34,23.82,22.74,0.01,5.81,275.6,6.2791,91.02,101.44
2018-07-06,37.5,10.0,23.34,23.81,23.01,0.02,7.96,296.4,7.8007,89.25,101.73
2018-07-07,37.5,10.0,23.12,23.53,22.82,0.0,5.46,312.8,7.5929,83.55,101.79
2018-07-08,37.5,10.0,23.0,23.24,22.76,0.17,3.17,3.1,7.411,91.55,101.56
2018-07-09,37.5,10.0,23.61,24.29,22.7,0.03,3.76,318.8,7.8809,87.0,101.5
2018-07-10,37.5,10.0,24.72,25.35,24.03,0.08,6.13,297.4,7.6138,85.13,101.47
2018-07-11,37.5,10.0,25.11,25.8,24.46,0.0,4.09,312.3,7.5972,77.84,101.4
2018-07-12,37.5,10.0,26.12,27.56,24.4,0.0,5.13,128.3,7.5794,78.61,101.35
2018-07-13,37.5,10.0,25.78,27.06,25.27,0.02,4.29,104.8,6.9026,88.55,101.4
2018-07-14,37.5,10.0,25.35,25.96,24.68,0.05,5.99,267.2,6.8234,93.33,101.46
2018-07-15,37.5,10.0,24.8,25.05,24.53,0.42,5.02,301.2,7.4078,87.77,101.51
2018-07-16,37.5,10.0,25.79,28.57,24.48,0.01,5.61,241.7,6.713,83.72,101.37
2018-07-17,37.5,10.0,25.45,25.75,25.28,0.01,9.09,297.1,7.9651,79.0,101.52
2018-07-18,37.5,10.0,24.56,25.17,24.05,0.0,4.83,25.5,7.7851,82.37,101.48
2018-07-19,37.5,10.0,25.31,26.34,24.64,0.25,4.79,91.7,7.259,87.66,101.29
2018-07-20,37.5,10.0,25.26,26.54,24.47,0.02,3.2,95.5,7.1153,82.02,101.37
2018-07-21,37.5,10.0,26.71,27.65,25.73,0.02,5.79,236.1,6.6422,79.01,101.12
2018-07-22,37.5,10.0,25.6,26.32,25.24,0.94,4.06,325.9,6.6086,74.52,101.26
2018-07-23,37.5,10.0,25.65,26.53,25.39,0.34,8.52,308.8,7.6978,74.88,101.31
2018-07-24,37.5,10.0,25.2,25.38,24.95,0.0,6.46,317.5,7.6543,78.5,101.31
2018-07-25,37.5,10.0,25.58,26.02,25.05,0.0,4.93,309.6,7.5389,81.23,101.29
2018-07-26,37.5,10.0,25.88,26.63,25.31,0.01,3.39,316.2,7.2768,82.52,101.19
2018-07-27,37.5,10.0,25.98,26.81,25.2,0.01,3.12,74.3,7.7016,78.21,101.22
2018-07-28,37.5,10.0,26.93,27.67,26.18,0.0,3.05,105.2,7.7165,67.85,101.24
2018-07-29,37.5,10.0,27.38,28.23,26.55,0.0,1.75,37.3,7.6164,64.63,101.31
2018-07-30,37.5,10.0,26.21,26.78,25.59,0.03,3.95,318.5,7.3872,79.51,101.32
2018-07-31,37.5,10.0,26.35,26.72,25.88,0.22,4.32,318.7,7.1976,81.23,101.37
2018-08-01,37.5,10.0,26.55,26.82,26.19,0.43,3.15,320.1,6.9425,83.26,101.42
2018-08-02,37.5,10.0,26.9,27.87,25.95,0.31,2.7,330.6,6.9,81.03,101.47
2018-08-03,37.5,10.0,27.11,27.89,26.41,0.66,2.89,324.2,6.4987,78.93,101.38
2018-08-04,37.5,10.0,26.9,27.43,25.46,4.65,3.83,308.1,5.4967,79.65,101.28
2018-08-05,37.5,10.0,26.08,26.59,25.12,2.13,1.66,22.4,6.9,76.49,101.3
2018-08-06,37.5,10.0,26.54,26.95,25.89,2.57,2.18,63.9,5.6582,74.46,101.45
2018-08-07,37.5,10.0,25.88,26.82,25.3,8.87,3.86,121.1,2.0779,78.92,101.38
2018-08-08,37.5,10.0,26.52,27.33,25.55,3.97,5.02,118.5,5.3453,76.03,101.37
2018-08-09,37.5,10.0,27.28,27.7,27.06,0.04,5.26,99.9,6.7195,74.45,101.53
2018-08-10,37.5,10.0,26.94,27.23,26.57,0.06,3.84,83.3,6.7289,78.56,101.88
2018-08-11,37.5,10.0,26.66,26.95,26.36,0.19,2.22,342.3,6.5626,75.66,101.89
2018-08-12,37.5,10.0,27.15,27.46,26.71,0.66,3.58,310.3,6.6871,78.15,101.63
2018-08-13,37.5,10.0,27.92,29.11,26.52,0.99,4.04,141.7,6.042,75.92,101.28
2018-08-14,37.5,10.0,27.24,27.78,26.91,3.67,4.42,280.1,6.7788,79.86,101.28
2018-08-15,37.5,10.0,27.09,27.69,26.67,1.43,7.89,302.3,6.5513,71.93,101.36
2018-08-16,37.5,10.0,26.44,26.87,25.67,1.6,3.21,327.5,6.9454,74.1,101.37
2018-08-17,37.5,10.0,25.79,26.19,25.52,0.86,2.67,309.5,6.7884,76.15,101.45
2018-08-18,37.5,10.0,25.92,26.3,25.51,2.11,2.71,299.1,6.2515,72.61,101.56
2018-08-19,37.5,10.0,25.17,25.94,24.21,4.95,4.59,295.7,6.4886,78.45,101.56
2018-08-20,37.5,10.0,25.59,26.44,24.74,8.8,5.25,330.3,6.2782,76.81,101.3
2018-08-21,37.5,10.0,25.71,26.62,24.63,9.66,4.49,340.7,1.9702,77.04,101.28
2018-08-22,37.5,10.0,25.3,25.93,24.64,4.44,3.33,347.7,5.9501,78.11,101.41
2018-08-23,37.5,10.0,25.19,25.63,24.33,4.92,4.61,310.0,5.5668,80.05,101.34
2018-08-24,37.5,10.0,25.87,26.79,24.85,7.36,8.26,300.6,4.8082,82.18,101.26
2018-08-25,37.5,10.0,26.39,26.64,26.1,0.29,8.15,305.0,5.9138,73.32,101.27
2018-08-26,37.5,10.0,25.51,26.03,24.88,0.02,7.08,306.9,6.1447,72.89,101.35
2018-08-27,37.5,10.0,24.46,24.85,24.22,0.0,6.69,322.0,6.6662,69.84,101.48
2018-08-28,37.5,10.0,24.7,25.09,24.04,0.0,3.56,336.6,6.7082,69.94,101.63
2018-08-29,37.5,10.0,24.31,24.63,23.99,0.0,1.84,19.6,6.6206,68.15,101.59
2018-08-30,37.5,10.0,24.79,25.59,23.99,0.04,1.97,303.0,6.4462,74.72,101.62
2018-08-31,37.5,10.0,25.75,26.41,25.1,0.19,3.45,282.3,6.0859,75.26,101.65
2018-09-01,37.5,10.0,26.0,26.4,25.56,0.02,3.34,321.3,6.2422,72.01,101.65
2018-09-02,37.5,10.0,25.41,26.48,24.57,0.0,2.58,9.5,5.9014,67.23,101.64
2018-09-03,37.5,10.0,25.62,25.94,25.25,0.0,3.66,74.6,5.803,67.27,101.44
2018-09-04,37.5,10.0,26.36,27.15,25.73,0.24,5.51,119.4,5.6376,76.48,101.33
2018-09-05,37.5,10.0,26.21,26.82,25.78,0.2,2.58,154.5,6.0182,83.5,101.26
2018-09-06,37.5,10.0,25.58,26.01,25.33,0.35,2.7,310.7,5.0222,87.9,101.17
2018-09-07,37.5,10.0,25.67,26.03,24.82,8.4,6.2,309.2,3.5906,79.34,101.46
2018-09-08,37.5,10.0,25.63,25.95,25.43,0.0,4.21,32.9,5.1996,72.85,101.77
2018-09-09,37.5,10.0,26.17,26.61,25.84,0.12,5.38,101.5,4.6344,76.15,101.84
2018-09-10,37.5,10.0,26.36,26.8,26.13,0.15,5.48,84.7,3.8098,81.85,101.89
2018-09-11,37.5,10.0,25.86,26.52,25.18,0.01,4.68,74.4,5.598,81.93,102.17
2018-09-12,37.5,10.0,25.39,25.54,25.18,0.02,3.79,63.1,5.6455,76.29,102.1
2018-09-13,37.5,10.0,25.55,25.88,25.2,1.6,3.07,281.3,2.2512,76.68,101.65
2018-09-14,37.5,10.0,25.14,25.56,24.89,0.4,5.36,315.8,5.5253,79.66,101.63
2018-09-15,37.5,10.0,25.36,25.82,25.1,0.0,2.93,345.6,5.79,77.46,101.94
2018-09-16,37.5,10.0,25.46,26.11,24.68,0.05,4.0,121.6,4.4753,78.08,102.01
2018-09-17,37.5,10.0,26.12,26.63,25.74,2.77,3.24,78.7,3.8441,83.87,101.87
2018-09-18,37.5,10.0,26.42,26.9,25.46,9.37,3.32,168.0,3.4558,84.42,101.75
2018-09-19,37.5,10.0,25.56,26.21,24.87,3.52,5.21,252.7,4.9793,80.12,101.66
2018-09-20,37.5,10.0,24.54,25.33,24.32,20.68,6.39,276.7,2.7989,86.44,101.54
2018-09-21,37.5,10.0,25.48,25.81,25.14,20.56,9.33,286.4,3.8318,81.29,101.31
2018-09-22,37.5,10.0,25.56,25.92,25.29,3.4,9.02,320.0,3.4277,81.06,101.7
2018-09-23,37.5,10.0,25.1,25.43,24.62,0.15,5.95,310.8,5.3354,76.11,101.92
2018-09-24,37.5,10.0,25.59,26.19,24.97,0.49,9.61,303.4,4.9296,79.83,101.78
2018-09-25,37.5,10.0,24.49,25.2,24.13,1.25,7.45,324.1,4.9769,76.6,102.01
2018-09-26,37.5,10.0,23.56,24.78,22.28,2.91,9.7,46.2,4.5379,69.96,102.52
2018-09-27,37.5,10.0,22.32,22.5,22.14,0.01,6.23,30.9,5.0314,65.15,102.47
2018-09-28,37.5,10.0,22.92,23.35,22.35,0.01,5.36,339.9,5.2426,65.4,101.65
2018-09-29,37.5,10.0,23.42,23.81,23.04,0.04,5.62,307.6,5.0642,75.91,101.53
2018-09-30,37.5,10.0,22.76,23.27,21.95,0.04,2.06,307.3,5.1708,77.6,101.66
2018-10-01,37.5,10.0,23.61,24.33,22.65,1.62,6.47,299.2,5.1353,76.25,101.36
2018-10-02,37.5,10.0,21.7,22.55,20.76,8.19,5.73,303.6,3.1649,65.83,101.24
2018-10-03,37.5,10.0,20.49,21.73,19.58,18.09,5.06,17.1,1.014,77.27,101.28
2018-10-04,37.5,10.0,21.35,22.56,20.11,15.96,5.64,133.1,3.8796,75.32,101.35
2018-10-05,37.5,10.0,21.67,22.84,20.5,4.22,5.19,271.4,2.8267,73.96,101.57
2018-10-06,37.5,10.0,22.45,23.26,21.79,0.19,3.8,256.1,4.8811,77.54,101.66
2018-10-07,37.5,10.0,22.56,22.81,22.24,0.02,2.43,113.2,4.7302,75.73,101.46
2018-10-08,37.5,10.0,23.17,23.88,22.44,3.23,5.24,114.2,4.7501,81.42,101.48
2018-10-09,37.5,10.0,24.21,25.41,23.18,6.9,6.66,138.0,2.5157,80.53,101.55
2018-10-10,37.5,10.0,24.0,25.16,23.41,11.7,8.6,144.5,3.6883,80.45,101.59
2018-10-11,37.5,10.0,24.41,26.68,23.12,6.92,6.13,163.6,2.8692,77.55,101.57
2018-10-12,37.5,10.0,22.65,23.52,21.86,2.88,4.26,350.6,4.247,85.57,101.93
2018-10-13,37.5,10.0,22.08,22.84,21.66,9.82,5.27,51.9,3.0302,83.47,101.8
2018-10-14,37.5,10.0,22.47,22.98,22.12,3.5,6.12,100.1,4.2427,73.34,101.41
2018-10-15,37.5,10.0,22.36,22.98,21.91,7.55,3.88,120.2,3.9967,74.47,101.24
2018-10-16,37.5,10.0,23.16,24.15,22.3,13.6,2.61,130.7,3.439,77.16,101.35
2018-10-17,37.5,10.0,22.82,23.29,22.35,26.82,6.34,113.9,2.3539,86.42,101.08
2018-10-18,37.5,10.0,22.83,23.35,22.53,9.97,8.23,109.1,1.524,82.76,100.53
2018-10-19,37.5,10.0,22.28,22.53,21.91,0.31,2.24,34.0,3.7181,75.4,101.27
2018-10-20,37.5,10.0,22.53,22.95,21.94,0.03,2.49,69.0,3.7061,79.59,101.9
2018-10-21,37.5,10.0,21.95,22.13,21.65,1.38,2.49,314.3,3.9007,81.88,101.75
2018-10-22,37.5,10.0,20.97,21.97,20.09,3.21,7.25,340.0,2.3354,73.85,101.46
2018-10-23,37.5,10.0,20.52,20.96,19.85,2.26,9.99,342.4,2.6695,73.93,101.73
2018-10-24,37.5,10.0,20.99,21.37,20.43,0.02,8.2,316.9,3.8261,72.96,101.68
2018-10-25,37.5,10.0,21.42,21.89,20.99,0.03,6.68,295.4,3.9631,78.45,101.81
2018-10-26,37.5,10.0,21.69,24.12,19.91,0.0,4.69,199.3,4.1014,70.76,101.63
2018-10-27,37.5,10.0,21.24,24.19,18.32,0.0,8.59,194.2,4.0298,71.82,100.86
2018-10-28,37.5,10.0,21.79,23.75,20.29,0.33,9.74,183.2,3.6115,73.71,100.23
2018-10-29,37.5,10.0,20.26,22.16,17.98,0.15,12.88,214.3,2.1607,66.36,100.07
2018-10-30,37.5,10.0,18.3,19.77,16.94,0.03,7.47,219.6,3.9026,59.05,101.41
2018-10-31,37.5,10.0,19.97,22.39,18.1,0.22,8.16,162.3,2.7353,70.14,101.39
2018-11-01,37.5,10.0,20.11,21.76,18.35,7.74,7.52,171.5,2.3354,80.93,101.41
2018-11-02,37.5,10.0,19.64,20.84,18.74,3.85,5.47,260.9,1.8271,82.1,101.47
2018-11-03,37.5,10.0,17.97,19.21,16.75,49.83,5.23,304.8,0.9806,81.03,101.24
2018-11-04,37.5,10.0,18.22,19.36,17.28,29.55,10.4,221.3,1.3594,80.99,100.98
2018-11-05,37.5,10.0,19.54,21.28,18.27,0.09,6.37,192.1,3.7142,67.84,101.23
2018-11-06,37.5,10.0,18.44,20.15,17.02,1.39,6.38,270.6,2.9335,78.55,101.44
2018-11-07,37.5,10.0,18.89,19.39,18.51,0.04,3.91,206.4,3.4687,70.47,101.88
2018-11-08,37.5,10.0,18.73,19.36,18.14,0.0,3.19,193.6,3.4961,72.83,102.07
2018-11-09,37.5,10.0,18.79,20.15,17.57,1.9,6.06,215.2,3.5165,75.87,101.6
2018-11-10,37.5,10.0,17.15,18.58,15.26,6.18,6.69,298.8,1.5485,75.8,101.54
2018-11-11,37.5,10.0,18.6,18.84,18.2,0.08,4.47,343.8,3.2158,78.91,101.95
2018-11-12,37.5,10.0,19.58,20.5,18.9,0.13,5.1,135.9,3.2196,84.26,102.33
2018-11-13,37.5,10.0,19.9,20.54,19.41,1.24,5.08,138.9,2.6911,86.3,102.54
2018-11-14,37.5,10.0,19.43,20.01,18.96,0.04,5.29,130.0,3.1217,80.02,102.45
2018-11-15,37.5,10.0,18.54,18.98,18.21,0.45,4.34,115.4,2.611,78.33,102.02
2018-11-16,37.5,10.0,18.62,19.03,18.19,1.53,3.8,44.8,2.4862,75.21,101.66
2018-11-17,37.5,10.0,18.26,19.12,17.63,1.21,6.43,63.5,2.3107,69.07,101.32
2018-11-18,37.5,10.0,17.37,18.2,16.37,1.48,3.41,82.3,1.8662,70.75,101.03
2018-11-19,37.5,10.0,18.62,20.25,17.74,2.21,6.13,199.2,1.8758,75.15,100.25
2018-11-20,37.5,10.0,17.91,18.36,17.36,0.73,8.31,250.4,2.796,75.51,100.51
2018-11-21,37.5,10.0,18.4,19.36,16.87,0.07,6.6,253.8,2.9628,73.48,101.6
2018-11-22,37.5,10.0,18.61,20.19,17.0,0.0,4.06,192.3,2.9026,68.63,101.95
2018-11-23,37.5,10.0,18.06,20.57,15.67,0.0,6.12,179.9,3.1104,73.19,101.76
2018-11-24,37.5,10.0,18.01,18.92,16.83,1.03,4.94,191.2,1.5379,77.6,101.43
2018-11-25,37.5,10.0,17.53,18.05,17.06,2.28,9.51,275.2,1.9183,77.88,100.98
2018-11-26,37.5,10.0,17.48,19.31,16.02,3.19,11.38,257.2,1.3973,76.96,100.74
2018-11-27,37.5,10.0,15.77,16.29,15.38,1.02,16.19,300.0,1.915,69.22,101.13
2018-11-28,37.5,10.0,16.48,16.89,16.08,0.11,12.2,316.3,2.4854,69.06,101.77
2018-11-29,37.5,10.0,15.86,16.59,15.29,0.01,5.21,342.0,2.3335,67.88,102.16
2018-11-30,37.5,10.0,16.29,17.97,15.04,0.42,5.14,178.5,2.6129,70.79,101.72
2018-12-01,37.5,10.0,16.36,16.69,16.1,14.71,10.44,301.0,2.016,80.08,101.35
2018-12-02,37.5,10.0,16.38,16.59,15.97,1.42,9.08,320.2,1.867,80.31,101.92
2018-12-03,37.5,10.0,16.99,17.59,16.22,0.02,7.49,289.6,2.3705,78.32,101.99
2018-12-04,37.5,10.0,17.4,17.76,16.98,0.02,10.41,300.9,2.8219,85.86,101.94
2018-12-05,37.5,10.0,16.62,17.47,16.04,0.0,6.21,322.9,2.8548,80.49,102.38
2018-12-06,37.5,10.0,16.83,17.38,16.15,0.07,5.79,294.6,2.3254,81.97,102.2
2018-12-07,37.5,10.0,16.54,16.82,16.27,0.97,6.56,329.1,2.2061,83.0,102.14
2018-12-08,37.5,10.0,16.61,17.16,15.87,0.63,10.41,307.6,2.208,73.78,102.19
2018-12-09,37.5,10.0,16.47,17.27,15.82,0.19,12.71,301.8,2.3294,76.49,102.25
2018-12-10,37.5,10.0,15.57,16.76,15.16,0.01,14.29,309.7,2.3501,72.14,102.13
2018-12-11,37.5,10.0,15.57,16.11,14.92,0.06,9.66,305.2,2.1437,72.44,102.0
2018-12-12,37.5,10.0,15.92,16.41,15.36,2.62,6.54,274.1,1.2715,80.33,101.81
2018-12-13,37.5,10.0,16.66,17.17,16.11,1.67,5.68,243.0,1.549,76.44,101.21
2018-12-14,37.5,10.0,15.02,16.37,13.92,31.49,5.23,312.7,0.7042,82.59,100.59
2018-12-15,37.5,10.0,14.86,15.06,14.63,5.73,11.71,327.2,2.046,72.06,101.68
2018-12-16,37.5,10.0,16.45,17.06,15.09,0.25,7.13,278.0,1.4441,75.99,102.04
2018-12-17,37.5,10.0,16.33,17.68,15.07,0.25,12.78,299.6,2.4785,73.43,102.05
2018-12-18,37.5,10.0,14.86,15.1,14.41,0.03,6.76,325.0,2.6988,73.31,102.66
2018-12-19,37.5,10.0,14.79,16.36,13.46,0.0,4.39,168.5,2.7677,66.2,102.34
2018-12-20,37.5,10.0,16.41,16.76,16.14,3.2,5.31,279.2,1.955,78.43,102.35
2018-12-21,37.5,10.0,16.03,16.49,15.72,0.0,3.98,325.7,2.7269,69.26,102.95
2018-12-22,37.5,10.0,15.98,16.49,15.41,0.0,7.97,293.5,2.4979,73.4,102.98
2018-12-23,37.5,10.0,16.56,16.74,16.2,0.01,8.64,294.0,2.0791,86.35,102.83
2018-12-24,37.5,10.0,16.7,16.93,16.34,0.0,9.6,281.7,2.7139,82.73,102.42
2018-12-25,37.5,10.0,16.12,16.73,15.19,0.32,8.17,352.6,1.8295,76.12,102.41
2018-12-26,37.5,10.0,14.94,15.34,14.39,0.0,3.35,41.8,2.7211,60.75,102.97
2018-12-27,37.5,10.0,14.07,14.41,13.44,0.0,2.17,137.2,2.8229,61.5,102.77
2018-12-28,37.5,10.0,14.12,14.49,13.62,0.0,2.0,129.5,2.6604,63.74,102.58
2018-12-29,37.5,10.0,14.77,15.24,14.42,0.0,1.29,320.1,2.6371,61.85,102.61
2018-12-30,37.5,10.0,14.84,15.22,14.15,0.24,5.53,305.4,2.4014,78.23,102.48
2018-12-31,37.5,10.0,15.41,15.81,15.13,0.08,6.97,345.7,2.0743,71.15,102.46
2019-01-01,37.5,10.0,15.26,15.66,15.02,0.01,8.4,348.1,2.4029,66.48,102.53
2019-01-02,37.5,10.0,15.15,15.78,14.66,0.53,11.9,309.0,1.0483,75.05,101.88
2019-01-03,37.5,10.0,13.04,14.67,12.24,0.0,10.06,4.2,2.1053,59.83,102.38
2019-01-04,37.5,10.0,11.75,12.51,11.06,0.78,6.33,10.0,1.5113,64.05,102.68
2019-01-05,37.5,10.0,12.65,14.32,11.15,1.67,8.16,324.3,2.6846,65.9,102.57
2019-01-06,37.5,10.0,14.5,14.79,13.92,0.45,7.5,303.4,1.3613,73.16,102.09
2019-01-07,37.5,10.0,14.29,14.56,14.14,0.25,3.36,345.1,2.8222,67.72,102.42
2019-01-08,37.5,10.0,14.13,14.37,13.91,1.55,7.54,279.0,1.4894,73.37,102.22
2019-01-09,37.5,10.0,13.57,14.62,12.45,1.32,15.66,294.4,1.6337,69.57,100.91
2019-01-10,37.5,10.0,12.24,12.64,11.44,3.08,8.5,310.2,2.0292,66.0,100.95
2019-01-11,37.5,10.0,11.6,12.3,10.99,0.94,7.38,352.5,1.4909,66.21,101.55
2019-01-12,37.5,10.0,12.31,13.25,11.68,0.14,9.8,333.8,2.3438,66.75,102.03
2019-01-13,37.5,10.0,13.79,14.7,13.23,1.07,13.77,302.9,1.2401,75.98,101.76
2019-01-14,37.5,10.0,14.95,15.55,14.33,0.11,15.91,303.1,1.6123,73.25,101.11
2019-01-15,37.5,10.0,13.82,14.19,13.09,0.0,6.83,310.8,2.9328,77.85,101.82
2019-01-16,37.5,10.0,13.81,15.81,12.7,0.0,5.91,169.9,2.9436,71.82,102.12
2019-01-17,37.5,10.0,13.16,14.5,11.61,0.01,5.25,212.3,2.9887,69.42,101.69
2019-01-18,37.5,10.0,14.03,14.44,13.21,1.99,4.48,275.6,2.7154,70.23,101.5
2019-01-19,37.5,10.0,13.41,14.05,13.06,2.88,4.32,289.7,2.3902,69.84,101.45
2019-01-20,37.5,10.0,13.79,14.76,13.21,0.84,5.62,228.0,2.9014,71.48,101.18
2019-01-21,37.5,10.0,13.86,15.17,12.99,4.26,7.9,250.5,1.9094,80.96,100.69
2019-01-22,37.5,10.0,12.79,13.35,11.65,1.6,9.76,292.2,2.0911,74.16,100.94
2019-01-23,37.5,10.0,12.08,13.09,10.49,15.03,7.92,251.9,2.1158,79.07,99.87
2019-01-24,37.5,10.0,11.18,12.57,9.28,19.48,14.15,301.7,1.2588,75.09,98.73
2019-01-25,37.5,10.0,12.64,12.93,12.03,8.49,12.99,325.7,1.7321,73.41,100.03
2019-01-26,37.5,10.0,12.98,13.69,12.39,0.35,10.44,324.7,2.5238,67.83,101.06
2019-01-27,37.5,10.0,14.4,15.91,13.37,0.28,7.46,276.5,3.173,76.2,100.98
2019-01-28,37.5,10.0,13.48,15.0,12.58,7.68,10.25,290.2,1.878,71.16,100.52
2019-01-29,37.5,10.0,12.45,13.05,11.78,0.8,12.27,310.7,2.6232,67.65,100.58
2019-01-30,37.5,10.0,13.01,13.53,11.77,7.63,9.07,285.9,2.784,73.15,100.62
2019-01-31,37.5,10.0,14.21,15.75,12.97,0.12,6.95,236.7,2.5058,70.75,100.84
2019-02-01,37.5,10.0,15.1,17.34,12.79,0.01,7.21,201.2,2.9124,77.89,100.46
2019-02-02,37.5,10.0,14.08,15.0,13.18,1.57,7.52,258.6,1.1566,76.74,100.15
2019-02-03,37.5,10.0,12.24,13.21,11.51,10.59,9.15,290.2,2.299,75.76,100.81
2019-02-04,37.5,10.0,12.72,14.42,11.69,9.28,9.1,350.6,1.943,75.59,101.26
2019-02-05,37.5,10.0,13.84,14.47,13.48,2.24,13.15,345.8,1.5691,73.68,101.7
2019-02-06,37.5,10.0,13.6,14.12,13.21,0.01,10.32,321.6,3.3696,74.19,101.93
2019-02-07,37.5,10.0,13.49,13.68,13.36,0.01,6.22,318.1,3.5186,75.27,102.02
2019-02-08,37.5,10.0,13.98,14.49,13.58,0.05,7.95,306.6,3.4068,79.51,102.06
2019-02-09,37.5,10.0,13.62,13.95,13.23,0.01,4.64,323.3,3.66,76.16,102.35
2019-02-10,37.5,10.0,14.37,16.54,12.41,0.0,4.75,213.9,3.9737,74.14,102.18
2019-02-11,37.5,10.0,14.18,14.87,12.63,0.39,10.47,301.1,2.3947,74.28,102.04
2019-02-12,37.5,10.0,13.64,14.12,12.48,0.08,9.28,336.3,3.6818,63.22,102.46
2019-02-13,37.5,10.0,13.75,13.94,13.55,0.01,7.1,342.0,4.0541,65.67,103.09
2019-02-14,37.5,10.0,13.56,14.21,13.2,0.0,4.59,6.5,4.2259,65.6,103.24
2019-02-15,37.5,10.0,13.75,14.32,13.26,0.0,5.19,327.3,4.2828,70.41,102.85
2019-02-16,37.5,10.0,13.48,14.04,13.09,0.02,4.86,70.1,4.0606,66.28,102.91
2019-02-17,37.5,10.0,12.79,13.57,11.8,0.0,4.79,139.2,3.841,67.13,102.86
2019-02-18,37.5,10.0,13.14,15.32,11.13,0.0,6.7,152.2,4.1926,71.99,102.33
2019-02-19,37.5,10.0,13.35,15.66,11.11,0.0,6.55,157.4,4.441,72.88,102.07
2019-02-20,37.5,10.0,13.38,14.25,12.34,0.0,4.89,128.8,4.3291,76.5,102.28
2019-02-21,37.5,10.0,13.49,13.83,13.27,0.0,2.36,19.6,4.2938,72.01,102.76
2019-02-22,37.5,10.0,13.43,14.15,12.92,0.26,7.95,315.9,3.3314,75.64,102.56
2019-02-23,37.5,10.0,13.06,15.04,10.94,0.45,11.54,8.5,2.9462,67.95,102.16
2019-02-24,37.5,10.0,11.87,12.31,11.25,0.19,9.93,21.5,2.6345,67.46,102.46
2019-02-25,37.5,10.0,12.57,13.19,11.89,0.77,7.42,356.4,3.4046,66.53,102.61
2019-02-26,37.5,10.0,12.18,12.85,10.79,2.57,7.54,71.8,3.3818,75.67,102.5
2019-02-27,37.5,10.0,13.28,13.8,12.33,0.0,8.46,310.7,4.4873,76.68,102.52
2019-02-28,37.5,10.0,13.82,13.9,13.66,0.01,7.93,301.4,4.1592,85.09,102.37
2019-03-01,37.5,10.0,14.19,14.7,13.41,0.04,10.79,289.6,4.5593,82.98,101.93
2019-03-02,37.5,10.0,14.03,14.41,13.85,0.0,10.98,298.5,4.621,79.44,101.86
2019-03-03,37.5,10.0,14.48,14.75,14.06,0.04,9.84,303.2,4.4105,79.48,102.11
2019-03-04,37.5,10.0,14.97,16.31,13.86,0.01,4.12,253.5,5.0976,76.45,101.99
2019-03-05,37.5,10.0,15.19,15.72,14.54,0.0,4.04,267.4,4.9193,82.93,101.83
2019-03-06,37.5,10.0,15.85,17.64,14.01,0.0,4.93,168.5,5.0628,74.64,101.68
2019-03-07,37.5,10.0,15.21,16.09,14.05,0.0,4.35,239.2,4.4998,80.9,101.57
2019-03-08,37.5,10.0,14.74,15.16,14.23,0.02,2.95,344.8,4.8158,92.85,101.9
2019-03-09,37.5,10.0,14.75,15.07,14.54,0.0,5.64,319.8,5.153,80.22,102.68
2019-03-10,37.5,10.0,14.98,15.29,14.5,0.0,6.58,299.5,5.3232,80.15,102.69
2019-03-11,37.5,10.0,14.78,15.15,13.91,0.0,11.37,305.0,4.8425,77.28,102.28
2019-03-12,37.5,10.0,13.77,14.4,13.2,0.0,10.71,322.5,5.5582,60.92,102.47
2019-03-13,37.5,10.0,13.66,14.72,12.99,0.46,4.26,305.8,5.5433,72.95,101.98
2019-03-14,37.5,10.0,13.57,13.93,13.26,0.06,13.4,310.4,5.4734,70.76,102.03
2019-03-15,37.5,10.0,14.61,14.87,13.7,0.05,12.81,301.5,4.2226,77.92,102.04
2019-03-16,37.5,10.0,14.87,15.28,14.5,0.03,8.41,291.8,5.4002,83.48,102.11
2019-03-17,37.5,10.0,14.71,15.31,13.73,0.0,2.92,186.4,5.911,78.13,101.64
2019-03-18,37.5,10.0,14.68,15.18,13.85,0.09,8.16,302.8,4.673,78.36,101.57
2019-03-19,37.5,10.0,13.63,13.81,13.29,0.06,7.46,323.7,4.8698,69.17,101.8
2019-03-20,37.5,10.0,13.8,14.36,13.43,17.65,7.82,23.9,1.3318,81.72,101.79
2019-03-21,37.5,10.0,14.66,15.14,14.08,20.11,11.47,64.0,1.5994,87.46,101.59
2019-03-22,37.5,10.0,13.87,14.67,12.98,5.97,5.94,79.6,1.5442,85.4,101.99
2019-03-23,37.5,10.0,14.85,15.0,14.71,0.21,4.13,15.6,5.4473,90.95,102.15
2019-03-24,37.5,10.0,14.63,14.88,14.06,0.07,2.91,298.1,5.7682,90.91,102.26
2019-03-25,37.5,10.0,14.69,15.51,13.87,0.01,4.91,271.4,6.133,82.58,101.8
2019-03-26,37.5,10.0,14.7,15.11,13.75,0.01,10.25,279.9,5.8742,73.55,101.4
2019-03-27,37.5,10.0,13.78,14.48,12.55,3.9,9.0,315.7,4.4779,79.1,101.63
2019-03-28,37.5,10.0,14.24,14.9,13.39,1.29,7.26,7.0,5.0537,73.15,102.2
2019-03-29,37.5,10.0,14.1,14.37,13.92,0.2,4.46,355.6,6.072,72.02,102.6
2019-03-30,37.5,10.0,14.24,14.72,13.56,0.0,3.81,113.1,6.4195,63.41,102.45
2019-03-31,37.5,10.0,14.56,15.44,13.55,0.0,7.03,121.3,6.1142,71.25,101.7
2019-04-01,37.5,10.0,14.72,15.22,14.16,0.01,4.26,142.2,2.8786,80.41,101.3
2019-04-02,37.5,10.0,15.1,16.04,14.13,0.0,2.93,219.9,6.0859,74.37,101.61
2019-04-03,37.5,10.0,15.71,18.32,12.93,0.35,4.65,184.8,4.5014,80.82,100.93
2019-04-04,37.5,10.0,15.58,16.75,14.63,7.63,7.7,208.7,3.2083,85.12,100.22
2019-04-05,37.5,10.0,13.55,14.5,12.69,0.1,4.72,351.1,5.1254,63.45,100.48
2019-04-06,37.5,10.0,13.92,15.0,13.15,3.88,3.63,278.9,6.2304,67.09,100.76
2019-04-07,37.5,10.0,13.9,15.53,13.18,7.2,8.08,260.5,5.1516,77.02,100.84
2019-04-08,37.5,10.0,14.55,15.05,13.56,1.54,9.52,299.4,6.4958,73.82,101.26
2019-04-09,37.5,10.0,15.34,15.94,14.51,1.11,6.33,264.5,6.1382,85.86,101.19
2019-04-10,37.5,10.0,15.29,16.01,14.81,0.34,7.69,265.8,6.1241,77.56,101.06
2019-04-11,37.5,10.0,14.83,15.31,14.17,3.7,9.04,271.6,6.1003,77.82,101.03
2019-04-12,37.5,10.0,14.27,14.78,13.66,7.26,9.82,283.8,3.2438,82.35,101.17
2019-04-13,37.5,10.0,14.65,15.1,14.02,1.66,9.29,292.5,5.6513,79.31,101.39
2019-04-14,37.5,10.0,15.26,15.96,14.52,0.02,8.4,285.7,6.1037,77.91,101.46
2019-04-15,37.5,10.0,14.48,15.28,14.08,0.01,7.29,331.0,6.7606,75.04,101.63
2019-04-16,37.5,10.0,15.13,16.24,14.25,0.0,6.14,120.9,6.4951,77.64,101.75
2019-04-17,37.5,10.0,15.15,15.51,14.87,0.06,4.82,98.4,5.743,90.16,101.85
2019-04-18,37.5,10.0,15.6,16.75,14.9,0.0,8.69,116.3,6.3598,85.96,101.78
2019-04-19,37.5,10.0,15.66,16.48,15.13,0.0,10.06,123.6,5.7475,86.77,102.06
2019-04-20,37.5,10.0,15.44,15.74,15.08,0.0,11.19,114.1,3.804,85.97,101.77
2019-04-21,37.5,10.0,15.8,16.42,15.36,0.03,13.16,118.5,2.6498,85.11,100.79
2019-04-22,37.5,10.0,16.86,20.31,15.29,0.04,6.63,148.0,4.3505,84.37,99.79
2019-04-23,37.5,10.0,16.24,17.41,15.1,0.01,3.91,133.5,6.8347,83.24,100.53
2019-04-24,37.5,10.0,16.09,16.66,15.68,0.19,4.2,250.5,6.0612,93.03,101.26
2019-04-25,37.5,10.0,15.85,16.46,15.33,0.21,1.89,118.4,5.5106,93.65,101.6
2019-04-26,37.5,10.0,16.33,16.91,15.89,0.04,4.68,296.9,6.1498,90.81,101.92
2019-04-27,37.5,10.0,15.85,16.18,15.41,0.0,8.8,314.3,7.631,78.31,102.26
2019-04-28,37.5,10.0,15.97,16.46,15.42,0.01,8.52,307.8,7.3538,79.71,102.07
2019-04-29,37.5,10.0,15.66,16.14,15.24,0.0,7.99,298.5,7.3678,73.05,101.7
2019-04-30,37.5,10.0,14.87,15.2,14.41,0.0,4.45,322.6,7.4126,72.25,101.64
2019-05-01,37.5,10.0,15.42,15.72,14.91,0.0,3.65,311.2,7.5055,74.34,101.61
2019-05-02,37.5,10.0,15.92,16.98,14.75,0.0,5.13,129.8,7.4431,77.05,101.5
2019-05-03,37.5,10.0,16.33,17.2,15.68,9.14,6.39,134.6,2.4286,90.33,100.85
2019-05-04,37.5,10.0,15.99,16.28,15.66,3.49,9.36,314.4,5.071,83.93,100.52
2019-05-05,37.5,10.0,15.74,16.76,14.32,0.46,11.47,291.6,5.9383,70.88,101.12
2019-05-06,37.5,10.0,14.99,15.52,14.4,0.0,12.31,296.6,7.0846,65.3,101.71
2019-05-07,37.5,10.0,14.15,14.66,13.83,0.0,4.35,327.4,7.525,67.73,102.08
2019-05-08,37.5,10.0,17.4,20.77,14.74,0.0,6.31,150.7,7.403,75.99,101.54
2019-05-09,37.5,10.0,17.76,18.57,16.86,0.49,6.24,266.6,6.1915,85.02,101.17
2019-05-10,37.5,10.0,17.41,17.99,16.71,0.01,3.08,281.8,7.5463,86.99,101.47
2019-05-11,37.5,10.0,17.55,18.16,16.65,0.11,2.53,301.4,5.7182,89.1,101.58
2019-05-12,37.5,10.0,16.73,17.45,15.81,0.01,12.39,297.0,7.7928,77.44,101.52
2019-05-13,37.5,10.0,16.28,16.83,15.23,4.82,9.45,314.3,4.5463,79.13,101.17
2019-05-14,37.5,10.0,16.13,16.59,15.34,3.96,5.88,321.5,6.6727,81.39,101.35
2019-05-15,37.5,10.0,16.77,17.38,16.04,0.36,5.74,288.9,7.1654,79.19,101.11
2019-05-16,37.5,10.0,15.36,15.82,14.62,0.13,7.3,330.0,6.3348,74.14,101.14
2019-05-17,37.5,10.0,17.76,21.32,15.47,0.06,6.09,157.0,7.1321,77.78,100.66
2019-05-18,37.5,10.0,17.37,17.66,16.95,0.03,5.72,280.8,6.6682,81.48,100.76
2019-05-19,37.5,10.0,17.04,17.6,16.5,0.1,4.38,279.2,6.0648,76.9,100.97
2019-05-20,37.5,10.0,17.15,17.68,16.43,0.6,5.78,270.9,7.7465,75.93,101.35
2019-05-21,37.5,10.0,17.94,20.4,15.96,0.0,3.22,203.2,7.5689,73.37,101.57
2019-05-22,37.5,10.0,17.93,18.63,17.06,0.02,2.54,314.2,6.971,71.71,101.71
2019-05-23,37.5,10.0,18.28,18.86,17.8,0.0,3.62,297.5,7.9927,72.35,101.81
2019-05-24,37.5,10.0,19.17,21.2,17.47,0.25,4.84,154.4,7.5466,74.74,101.32
2019-05-25,37.5,10.0,18.43,18.82,17.93,21.66,6.03,151.1,3.0067,90.5,100.94
2019-05-26,37.5,10.0,17.53,18.12,16.94,28.22,6.12,291.7,2.9033,90.39,100.48
2019-05-27,37.5,10.0,17.48,17.85,16.76,7.01,11.68,279.5,3.2494,88.23,100.59
2019-05-28,37.5,10.0,17.94,18.37,17.51,0.01,6.72,280.5,7.8878,87.78,101.26
2019-05-29,37.5,10.0,17.68,17.92,17.4,0.09,6.33,302.9,6.7495,80.3,101.69
2019-05-30,37.5,10.0,17.61,17.97,17.21,0.0,7.81,292.7,8.0208,80.3,102.1
2019-05-31,37.5,10.0,17.68,18.15,17.29,0.06,4.49,318.6,7.9195,84.72,102.2
2019-06-01,37.5,10.0,18.06,18.36,17.67,0.06,4.41,328.4,8.2562,84.07,102.07
2019-06-02,37.5,10.0,18.64,19.24,17.76,0.0,3.81,303.0,8.1463,81.43,101.93
2019-06-03,37.5,10.0,20.13,22.87,18.31,0.0,3.07,211.0,8.2198,74.4,101.78
2019-06-04,37.5,10.0,20.54,21.91,19.18,0.0,5.4,133.9,8.0467,71.9,101.39
2019-06-05,37.5,10.0,20.75,23.85,18.96,0.0,4.39,141.8,7.8247,80.98,100.98
2019-06-06,37.5,10.0,19.87,20.64,19.51,0.15,3.89,264.5,4.4882,91.4,101.46
2019-06-07,37.5,10.0,22.73,26.85,19.39,0.0,6.52,160.0,7.5866,71.4,101.46
2019-06-08,37.5,10.0,23.21,27.15,20.22,0.0,4.12,169.0,6.5506,72.72,101.8
2019-06-09,37.5,10.0,23.97,27.07,21.87,0.0,6.92,172.0,7.8742,61.78,101.53
2019-06-10,37.5,10.0,20.5,22.8,19.64,0.02,3.88,278.4,6.1922,85.19,101.17
2019-06-11,37.5,10.0,19.61,20.39,19.19,0.9,4.04,352.3,4.843,93.45,100.9
2019-06-12,37.5,10.0,19.79,20.25,19.25,0.04,5.72,309.9,6.9778,89.41,101.18
2019-06-13,37.5,10.0,20.49,21.21,19.88,0.0,5.14,95.8,7.6536,91.17,101.39
2019-06-14,37.5,10.0,22.66,25.65,20.62,0.01,6.29,157.4,3.1973,79.66,101.35
2019-06-15,37.5,10.0,20.56,20.79,20.35,0.02,4.85,308.3,7.0507,91.72,101.62
2019-06-16,37.5,10.0,20.59,20.87,20.42,0.04,5.34,309.4,7.9265,93.74,101.56
2019-06-17,37.5,10.0,20.83,21.1,20.62,0.03,4.47,322.1,7.0788,89.1,101.44
2019-06-18,37.5,10.0,20.56,20.85,19.79,0.0,4.02,317.7,8.2272,84.62,101.53
2019-06-19,37.5,10.0,21.68,22.33,20.26,0.0,3.81,105.0,7.9303,78.95,101.38
2019-06-20,37.5,10.0,23.89,26.68,21.82,0.01,4.26,142.0,6.7637,77.06,101.24
2019-06-21,37.5,10.0,24.32,29.22,22.92,0.37,3.25,135.9,6.3874,76.2,101.23
2019-06-22,37.5,10.0,22.94,23.34,22.49,0.01,3.4,303.2,7.314,89.02,101.33
2019-06-23,37.5,10.0,22.87,23.72,22.14,0.04,4.2,60.1,6.7322,88.42,101.36
2019-06-24,37.5,10.0,23.0,23.29,22.74,0.29,5.83,74.3,7.3934,92.87,101.47
2019-06-25,37.5,10.0,23.04,23.38,22.72,0.0,4.89,84.3,7.1921,89.51,101.74
2019-06-26,37.5,10.0,23.52,24.09,22.93,0.0,3.72,67.9,8.0496,87.3,101.87
2019-06-27,37.5,10.0,24.09,24.46,23.67,0.11,3.42,12.5,7.6183,89.48,101.73
2019-06-28,37.5,10.0,24.08,24.54,23.47,0.01,4.3,304.2,7.9082,89.22,101.47
2019-06-29,37.5,10.0,24.25,24.56,23.65,0.21,4.19,321.0,7.6027,93.71,101.39
2019-06-30,37.5,10.0,24.29,24.72,24.12,0.02,3.51,72.8,8.1953,89.82,101.65
2019-07-01,37.5,10.0,24.82,25.88,23.57,0.0,5.0,120.1,8.2049,80.55,101.65
2019-07-02,37.5,10.0,24.57,25.41,23.51,0.0,4.73,116.3,8.0846,84.42,101.39
2019-07-03,37.5,10.0,25.07,26.13,23.85,0.0,4.71,120.1,7.9387,80.58,101.32
2019-07-04,37.5,10.0,27.05,30.18,24.5,0.0,4.7,141.1,7.3224,67.0,101.29
2019-07-05,37.5,10.0,24.57,25.26,24.06,9.79,2.95,329.6,7.3718,93.16,101.5
2019-07-06,37.5,10.0,24.95,25.67,24.0,1.66,1.69,104.5,7.4729,85.22,101.42
2019-07-07,37.5,10.0,26.33,27.63,25.35,0.02,3.56,280.8,6.9403,85.5,101.3
2019-07-08,37.5,10.0,27.64,28.43,26.91,0.1,2.81,268.0,6.4193,74.7,101.29
2019-07-09,37.5,10.0,27.05,28.82,25.34,0.08,3.8,255.8,7.1047,76.86,101.11
2019-07-10,37.5,10.0,25.62,25.86,25.26,0.17,7.34,297.2,7.0183,82.77,101.15
2019-07-11,37.5,10.0,24.55,25.28,24.0,0.01,4.51,317.5,7.9764,78.29,101.32
2019-07-12,37.5,10.0,25.51,25.99,24.67,0.0,6.54,294.5,8.0002,80.64,101.39
2019-07-13,37.5,10.0,25.94,26.41,25.32,0.0,5.23,292.7,7.626,82.01,101.23
2019-07-14,37.5,10.0,24.98,25.74,24.47,0.01,3.38,344.4,7.3229,78.24,100.91
2019-07-15,37.5,10.0,25.64,25.93,25.38,0.99,9.05,301.6,7.5684,77.02,100.77
2019-07-16,37.5,10.0,24.77,25.37,24.4,0.81,9.12,314.4,7.1167,73.51,101.15
2019-07-17,37.5,10.0,24.34,24.77,24.13,0.0,3.96,318.8,7.8749,74.62,101.35
2019-07-18,37.5,10.0,25.01,25.37,24.62,0.09,3.81,298.2,7.7095,73.14,101.27
2019-07-19,37.5,10.0,24.69,25.2,24.27,0.11,4.25,314.0,7.4314,81.73,101.55
2019-07-20,37.5,10.0,25.92,27.09,24.54,0.0,6.15,115.1,7.7203,76.43,101.62
2019-07-21,37.5,10.0,25.77,26.67,25.27,0.0,6.44,100.3,7.7825,78.67,101.84
2019-07-22,37.5,10.0,25.92,26.15,25.56,0.0,3.6,80.4,7.6416,72.88,101.96
2019-07-23,37.5,10.0,25.8,26.18,25.31,0.0,2.47,68.9,7.6495,72.12,101.7
2019-07-24,37.5,10.0,26.02,26.36,25.45,0.0,3.27,75.6,7.5811,78.03,101.47
2019-07-25,37.5,10.0,26.28,26.87,25.43,0.14,4.53,100.3,7.465,85.54,101.41
2019-07-26,37.5,10.0,27.93,31.26,25.71,0.04,5.15,140.7,7.5139,71.73,100.98
2019-07-27,37.5,10.0,25.94,26.57,25.38,0.28,3.85,260.5,6.1037,82.69,100.58
2019-07-28,37.5,10.0,25.74,26.21,25.38,0.02,7.68,291.7,7.4254,81.76,100.73
2019-07-29,37.5,10.0,25.13,25.43,24.96,0.0,5.38,309.6,7.7227,72.14,101.13
2019-07-30,37.5,10.0,24.84,25.31,24.2,0.0,3.8,335.8,7.6138,79.59,101.28
2019-07-31,37.5,10.0,25.71,26.76,24.78,0.0,2.68,46.1,7.5444,76.61,101.44
2019-08-01,37.5,10.0,28.12,29.73,26.26,0.0,5.72,133.2,7.3476,69.0,101.28
2019-08-02,37.5,10.0,27.59,28.31,26.65,0.01,3.86,238.9,6.535,78.15,101.07
2019-08-03,37.5,10.0,26.66,27.28,26.16,0.09,4.8,308.6,6.5326,83.85,101.21
2019-08-04,37.5,10.0,26.1,26.64,25.58,0.03,4.47,346.7,7.193,80.71,101.35
2019-08-05,37.5,10.0,26.67,27.59,25.83,0.04,5.56,103.1,6.8354,77.6,101.44
2019-08-06,37.5,10.0,28.14,29.86,26.29,0.02,7.2,137.0,6.7277,73.85,101.26
2019-08-07,37.5,10.0,27.77,29.15,26.91,0.22,2.57,201.9,6.8016,77.0,101.04
2019-08-08,37.5,10.0,26.84,27.62,26.48,0.41,4.87,302.9,5.7252,86.25,101.13
2019-08-09,37.5,10.0,26.43,26.69,26.19,0.12,3.21,351.5,6.9569,87.29,101.36
2019-08-10,37.5,10.0,27.06,27.56,26.38,0.0,2.94,88.1,7.1623,76.93,101.52
2019-08-11,37.5,10.0,27.15,27.49,26.58,0.0,3.65,91.5,7.0565,79.38,101.38
2019-08-12,37.5,10.0,27.55,28.29,26.88,0.02,2.48,89.9,6.9307,77.94,101.16
2019-08-13,37.5,10.0,27.1,27.54,26.75,0.47,7.38,297.4,6.691,84.58,101.22
2019-08-14,37.5,10.0,26.19,26.68,25.88,0.0,9.84,315.1,7.2113,66.22,101.55
2019-08-15,37.5,10.0,25.76,26.35,25.25,0.02,8.1,313.7,7.3171,71.43,101.63
2019-08-16,37.5,10.0,25.96,26.19,25.72,0.0,7.0,310.3,6.923,73.63,101.62
2019-08-17,37.5,10.0,25.04,25.69,24.24,0.0,3.71,330.0,7.1734,74.97,101.6
2019-08-18,37.5,10.0,26.52,27.25,25.51,0.0,6.23,113.3,7.0898,75.3,101.4
2019-08-19,37.5,10.0,26.82,27.56,26.29,0.0,7.39,106.8,6.8306,78.09,101.41
2019-08-20,37.5,10.0,27.06,28.49,25.88,0.0,7.88,123.4,6.6458,76.93,101.5
2019-08-21,37.5,10.0,26.62,27.4,26.03,0.0,6.49,125.0,6.6643,74.68,101.61
2019-08-22,37.5,10.0,26.35,27.38,25.15,0.03,6.24,125.3,6.6415,77.56,101.6
2019-08-23,37.5,10.0,26.0,27.19,25.09,5.65,2.99,214.1,5.9882,81.1,101.67
2019-08-24,37.5,10.0,25.52,25.78,25.28,0.54,2.71,24.3,6.438,84.05,101.6
2019-08-25,37.5,10.0,26.33,27.27,25.88,4.37,3.32,71.4,5.9794,82.65,101.52
2019-08-26,37.5,10.0,26.66,27.33,26.11,3.24,4.98,99.7,5.9705,81.6,101.52
2019-08-27,37.5,10.0,27.39,28.23,26.99,1.13,5.61,106.1,6.1577,83.55,101.42
2019-08-28,37.5,10.0,26.88,28.03,24.68,49.41,2.8,163.4,3.671,81.79,101.39
2019-08-29,37.5,10.0,25.21,25.61,24.71,9.9,2.45,269.4,4.7803,80.46,101.64
2019-08-30,37.5,10.0,25.37,25.77,25.11,1.34,2.44,315.8,5.8882,81.72,101.7
2019-08-31,37.5,10.0,25.27,25.59,24.79,6.36,1.37,17.1,2.94,78.58,101.38
2019-09-01,37.5,10.0,24.5,25.14,24.19,7.31,5.27,309.9,3.8206,84.47,101.06
2019-09-02,37.5,10.0,25.6,26.11,24.39,2.12,6.78,318.7,5.2824,80.48,101.25
2019-09-03,37.5,10.0,25.69,26.03,25.12,0.05,9.08,309.7,6.0725,72.22,101.67
2019-09-04,37.5,10.0,24.95,25.2,24.61,0.46,6.58,303.2,4.7328,81.74,101.5
2019-09-05,37.5,10.0,25.49,25.76,25.19,0.47,6.32,311.1,6.1303,79.45,101.26
2019-09-06,37.5,10.0,24.7,25.18,23.94,0.0,8.77,315.6,6.1471,69.11,101.56
2019-09-07,37.5,10.0,24.14,24.83,23.46,0.0,7.82,302.5,6.2916,66.89,101.75
2019-09-08,37.5,10.0,23.24,25.15,21.09,7.67,4.61,304.4,5.5147,72.78,101.7
2019-09-09,37.5,10.0,23.74,24.11,22.21,0.07,3.02,349.5,5.707,67.25,101.62
2019-09-10,37.5,10.0,24.28,25.54,23.62,35.2,4.34,108.0,5.5402,76.96,101.14
2019-09-11,37.5,10.0,24.64,25.43,23.79,0.97,4.08,91.6,5.6496,81.12,101.5
2019-09-12,37.5,10.0,24.93,25.39,23.71,17.42,5.31,80.4,5.453,79.22,102.32
2019-09-13,37.5,10.0,25.31,25.62,25.05,0.05,5.68,88.7,5.7809,77.79,102.42
2019-09-14,37.5,10.0,25.3,25.69,24.98,0.0,5.7,104.5,5.8603,77.42,102.28
2019-09-15,37.5,10.0,25.12,25.48,24.65,0.01,6.05,113.5,5.459,76.98,102.13
2019-09-16,37.5,10.0,25.29,25.97,24.37,0.48,5.58,120.6,5.2978,80.53,101.7
2019-09-17,37.5,10.0,25.18,25.69,24.49,4.19,3.12,119.7,5.0225,84.48,101.52
2019-09-18,37.5,10.0,25.23,25.95,24.86,0.86,1.72,236.1,4.235,85.52,101.42
2019-09-19,37.5,10.0,24.93,25.15,24.62,0.98,2.93,316.5,4.7402,84.52,101.5
2019-09-20,37.5,10.0,24.66,25.39,23.96,1.84,4.44,90.0,3.7526,83.98,101.68
2019-09-21,37.5,10.0,25.56,26.5,24.96,19.35,7.4,135.4,4.4556,86.69,101.71
2019-09-22,37.5,10.0,25.6,27.83,24.66,14.23,7.42,179.1,3.7579,84.85,101.49
2019-09-23,37.5,10.0,24.61,25.04,23.78,1.58,5.5,278.4,4.7923,85.61,101.58
2019-09-24,37.5,10.0,24.42,24.79,24.21,0.0,6.57,307.7,5.4,70.83,101.62
2019-09-25,37.5,10.0,24.03,24.27,23.72,0.0,4.34,290.1,5.3261,76.81,101.44
2019-09-26,37.5,10.0,24.61,24.9,24.01,0.1,7.28,303.8,4.8137,76.27,101.65
2019-09-27,37.5,10.0,23.61,23.97,23.24,0.04,4.07,335.6,5.3647,76.89,101.83
2019-09-28,37.5,10.0,23.34,23.87,22.96,0.01,2.07,191.0,5.2226,80.65,101.86
2019-09-29,37.5,10.0,23.37,23.55,23.06,0.01,1.93,296.2,5.2694,79.89,101.76
2019-09-30,37.5,10.0,23.89,24.51,23.18,0.0,4.28,296.0,5.1218,80.27,101.59
2019-10-01,37.5,10.0,24.12,24.44,23.76,0.02,3.42,290.5,5.0194,76.81,101.26
2019-10-02,37.5,10.0,24.42,25.21,23.01,3.78,5.69,289.2,4.817,78.23,100.76
2019-10-03,37.5,10.0,22.87,23.82,22.28,0.08,11.34,308.0,4.4347,70.01,101.03
2019-10-04,37.5,10.0,22.91,23.23,22.54,0.06,7.97,308.0,4.6742,72.21,101.44
2019-10-05,37.5,10.0,23.5,24.04,22.89,0.0,6.29,291.7,4.8706,71.47,101.47
2019-10-06,37.5,10.0,23.33,23.65,23.04,0.06,8.56,300.4,4.3181,75.39,101.45
2019-10-07,37.5,10.0,22.24,23.2,20.63,10.47,11.21,316.5,1.7604,74.13,100.82
2019-10-08,37.5,10.0,22.74,23.35,22.27,2.14,8.6,22.4,4.542,67.28,101.46
2019-10-09,37.5,10.0,22.26,22.52,22.03,0.26,4.2,17.5,4.3591,71.95,101.73
2019-10-10,37.5,10.0,22.41,23.12,22.01,0.04,6.45,315.1,4.7345,74.21,101.82
2019-10-11,37.5,10.0,21.45,22.33,20.9,0.0,4.94,336.2,4.7215,70.35,102.16
2019-10-12,37.5,10.0,22.74,24.66,21.33,0.0,5.89,139.1,4.7554,72.01,102.07
2019-10-13,37.5,10.0,23.39,25.45,21.86,0.0,7.85,149.7,3.7534,80.34,101.9
2019-10-14,37.5,10.0,23.45,25.26,21.89,0.14,8.13,146.3,4.3824,82.54,101.65
2019-10-15,37.5,10.0,22.83,23.77,21.29,0.85,8.08,263.5,2.6326,82.75,101.59
2019-10-16,37.5,10.0,21.76,22.29,20.97,0.08,4.19,312.2,4.4057,68.65,101.96
2019-10-17,37.5,10.0,21.78,22.41,20.98,0.0,3.49,127.6,4.2864,75.78,101.87
2019-10-18,37.5,10.0,21.72,22.15,21.31,0.03,2.05,93.6,4.0586,84.8,101.7
2019-10-19,37.5,10.0,23.49,25.55,21.71,0.01,5.39,152.2,4.056,77.17,101.47
2019-10-20,37.5,10.0,23.57,25.81,21.66,0.0,8.66,160.2,4.2684,77.77,101.47
2019-10-21,37.5,10.0,23.41,25.26,21.79,0.03,7.01,151.4,4.1246,83.23,101.75
2019-10-22,37.5,10.0,23.25,24.18,22.76,0.01,9.74,134.7,4.0351,85.63,101.55
2019-10-23,37.5,10.0,23.23,24.34,22.62,0.21,11.89,141.5,2.947,83.6,101.16
2019-10-24,37.5,10.0,21.71,22.59,21.28,9.73,6.72,298.9,1.5223,78.03,101.32
2019-10-25,37.5,10.0,19.71,21.19,18.88,9.99,6.24,295.3,2.8846,75.74,101.53
2019-10-26,37.5,10.0,19.75,20.8,18.72,2.12,2.95,138.6,3.2222,72.33,101.76
2019-10-27,37.5,10.0,20.75,21.07,20.45,0.1,2.93,126.8,2.9786,67.22,101.85
2019-10-28,37.5,10.0,20.81,21.14,20.51,0.44,3.32,349.5,3.1181,77.73,101.67
2019-10-29,37.5,10.0,20.99,21.29,20.63,1.51,3.8,308.7,3.372,80.83,101.69
2019-10-30,37.5,10.0,21.15,21.59,20.8,0.73,4.89,305.1,3.509,80.04,101.92
2019-10-31,37.5,10.0,21.1,21.97,20.47,4.64,6.03,279.4,3.2794,80.32,101.87
2019-11-01,37.5,10.0,20.55,21.29,19.51,8.9,7.55,303.4,2.0186,79.73,101.44
2019-11-02,37.5,10.0,21.68,23.06,20.87,0.96,5.3,251.9,3.5021,72.09,101.17
2019-11-03,37.5,10.0,21.65,23.14,19.77,3.08,8.53,243.5,2.9861,78.04,100.61
2019-11-04,37.5,10.0,21.39,22.28,20.26,0.32,8.59,277.3,3.481,69.35,101.04
2019-11-05,37.5,10.0,20.88,22.31,19.0,3.36,6.64,252.9,3.5923,74.93,100.9
2019-11-06,37.5,10.0,19.48,20.42,18.91,10.76,6.5,282.5,1.2802,71.12,100.93
2019-11-07,37.5,10.0,19.11,19.73,18.59,0.27,6.3,292.6,2.9537,69.79,101.14
2019-11-08,37.5,10.0,18.98,20.33,17.83,7.04,8.22,251.9,2.8243,71.34,100.94
2019-11-09,37.5,10.0,17.78,18.35,17.46,3.41,10.24,278.5,1.8698,69.95,101.22
2019-11-10,37.5,10.0,17.74,19.16,15.1,6.74,7.83,229.6,1.733,68.77,100.93
2019-11-11,37.5,10.0,15.91,16.99,14.87,5.03,6.27,196.5,1.9075,74.74,100.49
2019-11-12,37.5,10.0,17.17,17.64,16.79,22.05,14.17,308.4,0.5138,74.05,99.48
2019-11-13,37.5,10.0,17.95,18.95,16.31,1.04,11.13,275.7,2.6822,69.89,100.61
2019-11-14,37.5,10.0,18.24,19.53,17.14,0.66,8.89,250.1,3.0377,68.12,100.65
2019-11-15,37.5,10.0,17.72,19.61,16.29,4.38,6.63,242.0,2.1612,74.23,100.57
2019-11-16,37.5,10.0,17.04,18.08,15.74,8.49,5.1,330.7,1.0656,80.89,100.5
2019-11-17,37.5,10.0,16.56,17.27,15.53,7.02,10.78,277.9,2.0686,72.45,100.99
2019-11-18,37.5,10.0,16.94,18.68,15.71,0.06,9.14,200.4,3.245,61.82,101.26
2019-11-19,37.5,10.0,15.77,16.99,14.28,9.2,8.25,268.3,2.5231,76.23,101.32
2019-11-20,37.5,10.0,16.7,18.19,15.83,0.23,6.43,223.3,2.9054,65.21,101.55
2019-11-21,37.5,10.0,17.13,18.18,15.83,0.06,5.97,241.8,2.628,66.09,101.27
2019-11-22,37.5,10.0,17.7,19.88,15.9,0.01,6.16,187.9,2.4758,65.0,101.15
2019-11-23,37.5,10.0,15.7,18.46,14.25,12.51,10.51,187.4,1.4923,74.15,100.48
2019-11-24,37.5,10.0,16.81,17.37,16.17,3.63,12.22,277.5,2.0266,74.82,100.42
2019-11-25,37.5,10.0,16.95,17.74,16.38,2.62,13.55,293.7,1.6668,74.85,100.77
2019-11-26,37.5,10.0,17.43,17.63,17.26,0.18,8.1,299.2,2.6352,79.4,101.26
2019-11-27,37.5,10.0,17.56,18.95,16.08,0.0,6.06,240.3,2.9832,80.29,101.27
2019-11-28,37.5,10.0,17.92,18.6,17.45,0.38,9.37,267.3,2.5898,83.02,101.47
2019-11-29,37.5,10.0,17.54,18.37,16.72,0.09,7.25,270.6,2.9981,78.91,101.81
2019-11-30,37.5,10.0,17.3,17.7,17.1,0.06,5.58,314.8,2.9268,73.54,102.06
2019-12-01,37.5,10.0,17.59,19.08,16.3,0.0,8.95,160.5,2.6808,78.61,101.71
2019-12-02,37.5,10.0,17.42,18.76,16.16,0.02,5.52,167.0,2.7101,87.62,101.31
2019-12-03,37.5,10.0,17.59,17.73,17.42,0.8,3.4,90.3,1.9286,92.91,101.22
2019-12-04,37.5,10.0,17.55,18.33,16.27,6.3,9.54,128.4,0.9624,89.81,101.05
2019-12-05,37.5,10.0,16.89,18.24,14.89,0.04,4.05,217.1,2.7178,72.89,101.81
2019-12-06,37.5,10.0,17.03,17.82,16.31,0.0,2.66,195.7,2.1703,67.38,102.22
2019-12-07,37.5,10.0,16.58,17.14,15.94,0.0,2.28,260.1,2.8193,78.75,102.18
2019-12-08,37.5,10.0,16.77,17.23,16.24,3.59,2.94,343.1,1.109,78.97,102.03
2019-12-09,37.5,10.0,15.97,16.55,14.46,12.07,9.27,312.1,1.6418,79.54,101.65
2019-12-10,37.5,10.0,14.77,15.38,14.2,11.76,13.15,321.9,1.2331,73.95,101.2
2019-12-11,37.5,10.0,15.54,15.84,15.17,1.44,10.68,330.2,2.2274,67.0,101.46
2019-12-12,37.5,10.0,15.57,16.17,15.1,6.22,11.41,292.0,2.022,74.69,101.17
2019-12-13,37.5,10.0,16.53,17.81,15.14,4.8,13.2,273.7,0.827,81.68,100.47
2019-12-14,37.5,10.0,17.41,17.94,16.67,0.04,12.77,289.4,2.4163,86.46,101.18
2019-12-15,37.5,10.0,16.55,17.72,15.69,0.0,5.02,203.3,2.3071,82.77,101.8
2019-12-16,37.5,10.0,16.17,19.36,13.62,0.0,7.01,171.2,2.7336,79.46,101.61
2019-12-17,37.5,10.0,16.7,17.44,15.63,0.05,10.48,147.7,1.3831,87.54,101.36
2019-12-18,37.5,10.0,17.06,17.56,16.0,14.37,6.93,135.4,0.5357,86.86,101.2
2019-12-19,37.5,10.0,15.82,16.8,14.69,4.99,7.63,256.0,1.2262,85.72,101.58
2019-12-20,37.5,10.0,15.94,18.19,13.68,0.0,6.23,203.3,2.2982,74.99,101.51
2019-12-21,37.5,10.0,16.74,18.09,14.87,0.29,8.05,230.6,1.2869,80.23,100.94
2019-12-22,37.5,10.0,17.66,18.05,17.2,0.17,14.58,280.1,2.5817,75.28,100.85
2019-12-23,37.5,10.0,16.42,17.85,15.83,0.12,16.02,303.4,2.6539,68.91,101.65
2019-12-24,37.5,10.0,16.16,16.75,15.49,0.07,11.82,307.6,2.0508,74.75,102.32
2019-12-25,37.5,10.0,16.81,17.1,16.41,0.03,10.59,291.9,2.669,84.3,102.12
2019-12-26,37.5,10.0,16.25,16.65,15.46,0.73,8.27,299.6,2.4041,86.03,102.1
2019-12-27,37.5,10.0,15.49,15.75,15.14,0.57,10.18,307.4,1.9867,79.52,102.31
2019-12-28,37.5,10.0,15.4,15.87,14.51,1.7,7.82,355.7,2.3167,73.82,102.47
2019-12-29,37.5,10.0,13.55,14.31,13.15,0.01,8.56,6.8,1.561,64.69,102.81
2019-12-30,37.5,10.0,13.4,13.64,13.04,0.82,8.51,25.0,1.7023,65.94,102.73
2019-12-31,37.5,10.0,13.12,13.41,12.87,0.02,5.49,34.2,2.1617,65.33,102.99
2020-01-01,37.5,10.0,13.6,14.18,13.03,0.0,5.7,333.5,1.9819,69.46,103.03
2020-01-02,37.5,10.0,14.36,14.6,14.06,0.0,5.32,320.3,2.496,75.77,103.12
2020-01-03,37.5,10.0,13.91,14.24,13.56,0.0,4.16,309.4,2.5517,77.1,103.0
2020-01-04,37.5,10.0,14.86,15.68,14.14,0.19,8.71,303.5,1.3445,75.59,102.66
2020-01-05,37.5,10.0,14.65,15.23,14.15,0.14,7.91,335.9,2.3431,76.31,102.56
2020-01-06,37.5,10.0,14.67,15.04,14.27,0.02,5.45,15.0,2.748,62.15,102.76
2020-01-07,37.5,10.0,14.28,14.66,13.86,0.29,6.44,317.9,2.766,74.09,102.7
2020-01-08,37.5,10.0,14.39,15.12,13.58,12.61,5.39,89.5,0.6854,82.09,102.41
2020-01-09,37.5,10.0,13.78,14.17,13.44,1.28,5.26,134.6,1.6174,82.47,102.63
2020-01-10,37.5,10.0,13.61,14.32,12.86,0.09,4.62,156.1,2.3815,79.95,102.42
2020-01-11,37.5,10.0,13.62,14.47,12.93,3.14,4.07,43.8,2.4084,77.12,102.35
2020-01-12,37.5,10.0,13.77,14.15,13.28,1.36,3.39,30.2,2.2325,74.25,102.35
2020-01-13,37.5,10.0,13.75,14.12,13.19,0.39,3.39,12.9,2.7276,70.92,102.41
2020-01-14,37.5,10.0,13.79,14.13,13.32,0.0,2.22,321.1,2.8786,67.4,102.59
2020-01-15,37.5,10.0,13.57,14.05,13.01,0.0,3.81,138.0,2.8375,70.89,102.75
2020-01-16,37.5,10.0,13.25,13.57,12.9,0.03,1.26,139.1,2.4996,66.92,102.92
2020-01-17,37.5,10.0,13.82,15.4,13.09,0.16,3.47,306.0,1.3193,67.89,102.86
2020-01-18,37.5,10.0,14.66,15.37,14.25,0.1,8.15,301.4,2.503,72.93,102.71
2020-01-19,37.5,10.0,14.28,15.79,12.86,0.0,6.8,148.0,3.0593,71.91,102.01
2020-01-20,37.5,10.0,15.07,16.03,13.42,0.39,10.84,133.7,1.7441,78.34,102.28
2020-01-21,37.5,10.0,15.84,16.46,15.42,0.04,13.72,129.2,2.707,80.41,102.73
2020-01-22,37.5,10.0,15.43,16.1,14.87,0.03,10.91,140.0,2.8138,79.12,102.72
2020-01-23,37.5,10.0,15.15,15.93,14.67,0.02,8.68,134.9,2.8771,84.96,102.4
2020-01-24,37.5,10.0,14.96,16.51,13.76,0.01,5.44,163.2,2.5968,83.6,102.24
2020-01-25,37.5,10.0,14.52,15.11,13.85,0.0,2.77,192.2,2.4439,78.12,102.17
2020-01-26,37.5,10.0,14.27,15.25,13.37,0.24,6.56,256.7,2.9285,80.96,101.97
2020-01-27,37.5,10.0,14.37,15.27,13.53,0.17,6.0,280.8,2.946,85.64,102.29
2020-01-28,37.5,10.0,14.62,15.33,13.67,0.01,7.25,261.7,2.3078,81.26,102.2
2020-01-29,37.5,10.0,15.3,15.68,14.83,0.05,8.94,280.4,2.8399,86.42,102.1
2020-01-30,37.5,10.0,15.17,15.66,14.78,0.02,4.6,288.3,2.6551,84.3,102.3
2020-01-31,37.5,10.0,15.03,15.5,14.49,0.01,4.61,253.2,2.8853,85.61,102.17
2020-02-01,37.5,10.0,15.21,15.58,14.93,0.1,6.38,276.0,2.7192,88.67,102.15
2020-02-02,37.5,10.0,15.45,15.69,15.03,0.05,8.02,291.5,3.1949,91.83,102.48
2020-02-03,37.5,10.0,15.78,16.24,15.39,0.01,10.1,279.2,3.0389,92.03,102.4
2020-02-04,37.5,10.0,15.33,15.89,13.73,0.0,11.66,289.1,3.6098,86.91,101.93
2020-02-05,37.5,10.0,14.18,14.9,13.62,0.54,13.0,333.3,3.5784,62.19,101.91
2020-02-06,37.5,10.0,13.17,14.64,12.64,0.0,9.99,1.2,2.5109,58.56,102.51
2020-02-07,37.5,10.0,12.67,13.03,12.43,0.0,3.47,97.1,3.9156,60.02,102.71
2020-02-08,37.5,10.0,13.81,14.88,12.8,0.0,5.28,133.9,3.7786,70.61,102.61
2020-02-09,37.5,10.0,14.29,15.66,13.14,0.0,3.22,189.3,3.673,73.11,103.0
2020-02-10,37.5,10.0,15.14,15.9,14.12,0.02,5.67,270.0,3.5738,82.39,102.99
2020-02-11,37.5,10.0,15.61,16.06,15.03,0.0,8.71,283.9,3.9262,84.33,102.37
2020-02-12,37.5,10.0,15.48,15.65,15.31,0.0,6.16,301.8,3.3689,84.29,102.31
2020-02-13,37.5,10.0,15.47,16.12,14.93,0.0,2.22,35.7,3.3374,77.34,102.2
2020-02-14,37.5,10.0,15.33,15.66,14.92,0.68,9.41,296.6,3.8894,82.1,102.26
2020-02-15,37.5,10.0,14.24,14.97,13.83,0.0,4.54,333.4,4.1918,71.14,102.66
2020-02-16,37.5,10.0,13.5,14.06,12.65,0.0,2.5,112.1,4.3394,68.88,102.87
2020-02-17,37.5,10.0,13.63,15.28,12.2,0.0,4.8,148.4,4.3814,69.65,102.71
2020-02-18,37.5,10.0,14.36,15.26,13.13,0.09,6.85,305.7,3.4942,75.92,102.56
2020-02-19,37.5,10.0,14.03,14.32,13.7,0.0,10.8,309.9,3.6533,73.3,102.53
2020-02-20,37.5,10.0,14.47,15.02,14.06,0.02,7.92,315.0,3.8498,73.97,102.47
2020-02-21,37.5,10.0,14.07,14.62,13.48,0.02,6.42,304.0,4.0315,79.75,102.59
2020-02-22,37.5,10.0,14.28,14.44,13.95,0.21,5.59,337.6,4.1513,77.82,102.93
2020-02-23,37.5,10.0,14.34,14.88,13.83,0.0,4.12,288.3,4.3294,79.63,103.18
2020-02-24,37.5,10.0,14.8,15.45,14.02,0.04,8.47,286.6,4.5828,84.75,102.51
2020-02-25,37.5,10.0,15.36,16.37,14.56,0.0,4.83,268.2,4.8497,79.1,101.71
2020-02-26,37.5,10.0,15.17,15.72,14.35,0.67,8.25,297.0,3.6415,80.04,101.38
2020-02-27,37.5,10.0,14.28,14.89,13.63,0.07,8.15,295.8,4.4033,71.34,101.89
2020-02-28,37.5,10.0,15.08,15.68,14.49,0.0,8.33,286.8,4.8089,82.15,101.97
2020-02-29,37.5,10.0,15.88,19.2,13.92,0.0,4.54,207.5,4.8158,68.9,101.7
2020-03-01,37.5,10.0,15.91,17.28,15.07,0.0,6.36,244.8,4.3776,76.54,101.44
2020-03-02,37.5,10.0,16.02,18.29,14.88,4.49,7.27,235.2,3.2496,83.05,100.95
2020-03-03,37.5,10.0,14.43,15.32,13.17,6.16,10.19,283.8,4.6166,70.91,101.01
2020-03-04,37.5,10.0,14.47,16.59,13.29,3.25,12.62,308.0,4.0946,73.99,101.07
2020-03-05,37.5,10.0,15.47,16.96,14.68,0.07,5.13,274.7,4.9068,79.02,101.3
2020-03-06,37.5,10.0,15.64,16.53,14.08,1.03,8.06,276.4,4.5677,82.1,100.84
2020-03-07,37.5,10.0,13.58,14.61,12.47,8.51,10.35,298.5,3.8498,75.75,101.1
2020-03-08,37.5,10.0,14.3,14.6,13.94,1.94,9.34,315.6,4.4206,71.97,101.88
2020-03-09,37.5,10.0,13.77,14.99,13.08,4.5,8.27,292.6,3.7157,77.96,101.63
2020-03-10,37.5,10.0,14.21,14.86,13.15,2.7,8.53,339.2,4.481,73.47,101.63
2020-03-11,37.5,10.0,14.48,15.17,13.76,0.31,6.12,309.4,4.2672,80.89,102.28
2020-03-12,37.5,10.0,15.17,16.01,14.24,0.0,3.15,205.4,5.3726,76.22,102.27
2020-03-13,37.5,10.0,15.21,16.35,13.96,0.0,3.01,203.6,5.1528,82.64,101.62
2020-03-14,37.5,10.0,15.46,15.68,15.15,0.06,6.35,301.2,4.1215,87.53,101.54
2020-03-15,37.5,10.0,14.73,15.02,14.39,0.01,5.29,353.5,5.1828,83.47,101.84
2020-03-16,37.5,10.0,15.37,16.57,14.66,0.01,7.68,128.8,5.0347,83.72,101.98
2020-03-17,37.5,10.0,15.41,16.12,15.0,0.13,8.34,122.3,2.7962,84.3,102.52
2020-03-18,37.5,10.0,14.83,15.31,14.16,0.02,5.92,113.8,2.6489,78.14,102.47
2020-03-19,37.5,10.0,14.35,15.49,13.51,0.12,5.71,126.8,4.1016,78.49,102.25
2020-03-20,37.5,10.0,15.13,16.24,14.18,0.01,9.17,134.9,4.8763,80.55,101.83
2020-03-21,37.5,10.0,14.83,15.0,14.65,5.68,9.64,96.4,1.5149,86.31,101.08
2020-03-22,37.5,10.0,14.75,15.19,14.27,1.97,5.03,40.7,3.6113,81.46,101.16
2020-03-23,37.5,10.0,15.06,15.33,14.73,0.26,4.49,12.8,5.2366,81.13,101.68
2020-03-24,37.5,10.0,13.53,14.48,12.09,0.5,8.46,54.6,3.433,72.57,101.59
2020-03-25,37.5,10.0,11.46,12.21,10.96,11.54,10.82,22.4,1.847,76.34,100.81
2020-03-26,37.5,10.0,12.15,13.08,11.22,0.5,9.56,302.6,5.4089,66.36,100.72
2020-03-27,37.5,10.0,13.11,13.85,11.98,1.28,7.06,278.1,4.8324,72.41,100.89
2020-03-28,37.5,10.0,13.87,14.19,13.46,0.26,4.95,294.6,6.0552,74.71,101.37
2020-03-29,37.5,10.0,13.17,13.73,12.81,1.44,1.6,289.5,2.9311,74.99,101.37
2020-03-30,37.5,10.0,14.34,15.16,12.99,5.02,5.44,296.9,5.4468,80.38,101.34
2020-03-31,37.5,10.0,15.09,15.94,13.85,2.14,2.73,190.9,5.2039,78.94,101.46
2020-04-01,37.5,10.0,13.93,15.52,11.97,4.33,7.25,50.4,4.3234,77.07,101.49
2020-04-02,37.5,10.0,13.48,14.07,12.72,6.56,5.63,90.2,2.7703,82.51,101.16
2020-04-03,37.5,10.0,13.54,14.23,13.17,5.24,5.02,46.2,1.5763,85.78,101.02
2020-04-04,37.5,10.0,14.3,14.68,13.55,0.35,6.34,329.5,6.3317,76.02,101.71
2020-04-05,37.5,10.0,14.82,15.23,14.41,0.0,4.78,332.5,6.4123,74.5,101.94
2020-04-06,37.5,10.0,15.02,15.56,14.35,0.0,3.01,2.2,5.9921,71.5,102.26
2020-04-07,37.5,10.0,15.2,15.56,14.88,0.01,3.14,37.1,6.3994,81.93,102.51
2020-04-08,37.5,10.0,15.06,15.5,14.54,0.05,2.59,77.2,6.5038,77.17,102.43
2020-04-09,37.5,10.0,15.15,15.67,14.22,0.0,3.4,110.9,6.5863,71.17,102.21
2020-04-10,37.5,10.0,15.92,16.75,15.05,0.01,5.35,110.4,6.4536,78.17,102.15
2020-04-11,37.5,10.0,15.88,16.2,15.52,0.0,3.18,79.1,6.587,71.11,102.19
2020-04-12,37.5,10.0,16.07,16.9,14.91,0.0,4.27,124.9,6.4354,73.36,102.04
2020-04-13,37.5,10.0,16.33,18.03,14.77,0.0,9.64,146.1,5.5361,77.76,101.34
2020-04-14,37.5,10.0,15.91,16.16,15.66,0.0,5.8,269.9,4.4362,92.83,100.89
2020-04-15,37.5,10.0,16.09,16.57,15.75,0.0,6.09,75.3,6.3514,89.45,101.8
2020-04-16,37.5,10.0,16.95,18.64,15.79,0.01,5.09,135.6,5.8006,86.89,101.97
2020-04-17,37.5,10.0,16.76,18.08,15.73,0.1,5.84,127.9,5.5279,92.09,101.69
2020-04-18,37.5,10.0,16.76,17.31,16.36,3.82,4.05,119.4,3.5563,94.22,101.65
2020-04-19,37.5,10.0,17.44,19.05,16.49,1.63,6.25,129.7,4.3246,88.16,101.03
2020-04-20,37.5,10.0,17.2,18.03,16.5,5.21,9.25,151.4,2.5836,89.78,99.84
2020-04-21,37.5,10.0,16.87,17.45,16.29,6.31,11.47,263.4,3.8878,88.24,100.32
2020-04-22,37.5,10.0,16.26,16.65,15.61,16.55,4.4,183.6,4.475,83.06,101.07
2020-04-23,37.5,10.0,16.28,16.55,15.7,1.64,4.53,311.4,7.103,83.99,101.57
2020-04-24,37.5,10.0,16.11,16.62,15.59,0.09,2.97,4.9,6.4471,82.52,101.64
2020-04-25,37.5,10.0,17.57,19.36,15.99,0.07,4.72,136.8,5.232,84.84,101.07
2020-04-26,37.5,10.0,17.72,18.27,17.27,0.73,1.58,51.9,5.7718,89.13,101.03
2020-04-27,37.5,10.0,17.31,17.77,16.91,0.6,3.66,264.0,6.3396,88.61,101.46
2020-04-28,37.5,10.0,16.91,17.84,15.95,10.48,5.63,266.4,3.7452,88.67,101.58
2020-04-29,37.5,10.0,16.72,17.78,15.32,17.48,6.2,273.8,6.3082,84.68,101.68
2020-04-30,37.5,10.0,17.68,18.26,16.92,0.0,6.66,272.6,7.1801,83.6,101.72
2020-05-01,37.5,10.0,18.05,18.72,17.41,0.0,7.09,267.9,7.3874,83.69,101.74
2020-05-02,37.5,10.0,17.92,18.65,17.21,0.03,8.22,273.8,6.635,88.56,101.69
2020-05-03,37.5,10.0,18.11,18.58,17.48,0.09,8.49,282.0,7.3613,90.68,101.66
2020-05-04,37.5,10.0,18.29,18.71,17.63,0.0,4.62,338.9,7.7525,89.55,101.79
2020-05-05,37.5,10.0,19.12,20.83,17.29,0.0,5.13,134.4,7.5792,87.28,101.47
2020-05-06,37.5,10.0,19.13,19.68,18.49,0.02,5.46,281.4,6.2047,89.56,101.26
2020-05-07,37.5,10.0,18.53,18.77,18.26,0.01,5.63,31.6,6.6866,91.09,101.76
2020-05-08,37.5,10.0,18.86,20.04,17.89,0.0,8.9,131.2,7.1988,82.9,101.82
2020-05-09,37.5,10.0,19.26,21.21,17.7,0.06,8.0,146.8,5.4622,82.14,101.31
2020-05-10,37.5,10.0,19.33,20.29,18.4,0.19,6.96,138.0,6.9422,87.58,100.83
2020-05-11,37.5,10.0,18.79,19.73,17.59,0.01,5.48,293.4,7.2958,81.56,101.18
2020-05-12,37.5,10.0,20.34,22.87,18.45,0.0,6.47,159.2,7.7309,71.98,101.27
2020-05-13,37.5,10.0,19.46,20.12,18.72,0.1,5.01,139.2,2.8642,85.43,100.85
2020-05-14,37.5,10.0,20.59,25.27,18.88,0.17,6.22,252.5,3.9024,81.03,100.61
2020-05-15,37.5,10.0,19.02,19.36,18.83,0.74,4.58,28.5,4.5742,79.37,101.41
2020-05-16,37.5,10.0,19.78,20.39,19.45,0.05,4.55,80.3,2.9016,88.55,100.93
2020-05-17,37.5,10.0,18.96,19.38,18.57,0.44,5.96,313.7,1.6534,94.01,101.43
2020-05-18,37.5,10.0,18.32,18.57,18.04,0.14,8.59,309.5,5.0426,89.15,101.53
2020-05-19,37.5,10.0,18.58,19.04,18.16,2.98,10.22,268.7,4.3433,85.75,101.38
2020-05-20,37.5,10.0,18.92,19.29,18.58,0.73,8.62,284.0,7.0728,91.24,101.21
2020-05-21,37.5,10.0,19.11,19.61,18.66,0.22,6.74,306.8,7.7052,91.82,101.6
2020-05-22,37.5,10.0,19.42,19.99,18.66,0.04,2.83,347.3,7.9968,81.57,102.29
2020-05-23,37.5,10.0,19.14,20.08,18.19,0.02,2.91,92.2,8.166,80.56,102.58
2020-05-24,37.5,10.0,19.88,21.52,18.4,0.0,3.1,185.1,8.1386,79.63,102.31
2020-05-25,37.5,10.0,19.49,19.84,18.95,0.01,4.81,317.9,7.0066,89.33,102.24
2020-05-26,37.5,10.0,19.44,19.99,18.65,0.03,4.05,15.2,7.8842,86.25,102.3
2020-05-27,37.5,10.0,20.24,20.86,19.43,0.04,4.67,51.1,7.8742,80.42,102.44
2020-05-28,37.5,10.0,19.42,19.67,19.04,0.0,4.79,85.5,8.1074,68.53,102.41
2020-05-29,37.5,10.0,19.97,20.67,18.96,0.01,6.59,113.6,8.0419,79.91,101.66
2020-05-30,37.5,10.0,20.13,20.62,19.72,0.66,4.49,76.2,7.5247,83.95,101.34
2020-05-31,37.5,10.0,19.48,19.72,19.08,0.6,3.38,33.2,7.9171,77.79,101.55
2020-06-01,37.5,10.0,19.95,20.37,19.34,0.0,5.01,94.6,8.0486,73.08,101.56
2020-06-02,37.5,10.0,20.32,20.93,19.55,0.0,2.2,34.0,8.0242,70.74,101.5
2020-06-03,37.5,10.0,20.62,21.39,20.01,0.09,3.53,136.1,7.9596,74.23,101.12
2020-06-04,37.5,10.0,22.19,24.58,20.34,0.52,5.39,178.5,7.7722,78.07,100.53
2020-06-05,37.5,10.0,20.52,21.17,20.16,15.31,10.66,286.0,7.2643,80.51,100.8
2020-06-06,37.5,10.0,20.71,21.07,20.15,0.01,6.26,296.9,7.9958,77.72,101.22
2020-06-07,37.5,10.0,21.18,23.51,20.12,10.27,5.4,170.7,5.424,85.37,100.95
2020-06-08,37.5,10.0,20.78,21.32,20.26,1.03,5.94,277.6,7.8847,86.52,101.01
2020-06-09,37.5,10.0,20.4,20.75,20.14,0.44,7.51,299.6,7.9802,73.93,101.38
2020-06-10,37.5,10.0,19.97,20.26,19.71,0.01,4.39,307.0,8.0172,70.25,101.59
2020-06-11,37.5,10.0,21.1,22.74,19.59,0.0,4.04,139.4,7.524,72.55,101.2
2020-06-12,37.5,10.0,23.03,27.31,20.72,0.3,5.32,133.8,7.9082,78.04,100.95
2020-06-13,37.5,10.0,21.33,21.66,20.57,16.64,5.56,26.1,5.9263,89.92,101.33
2020-06-14,37.5,10.0,21.25,21.69,20.6,0.1,7.23,304.4,8.2723,83.83,101.63
2020-06-15,37.5,10.0,21.47,21.78,21.14,0.0,8.96,296.1,8.197,79.5,101.82
2020-06-16,37.5,10.0,21.35,21.78,20.83,0.0,5.38,292.2,7.955,81.99,101.61
2020-06-17,37.5,10.0,21.52,21.89,21.11,0.0,4.53,281.2,8.1012,83.61,101.48
2020-06-18,37.5,10.0,22.28,23.53,20.6,0.0,3.24,132.6,6.4039,79.21,101.43
2020-06-19,37.5,10.0,21.98,22.21,21.79,0.01,7.29,52.7,6.4373,89.52,101.31
2020-06-20,37.5,10.0,22.1,22.29,21.88,0.0,7.85,310.1,8.2303,81.45,101.8
2020-06-21,37.5,10.0,21.87,22.11,21.6,0.0,9.33,300.6,7.9291,84.83,101.73
2020-06-22,37.5,10.0,21.74,21.95,21.48,0.01,6.87,315.7,7.8847,84.55,101.64
2020-06-23,37.5,10.0,22.21,22.65,21.72,0.01,4.89,313.0,7.8926,84.76,101.76
2020-06-24,37.5,10.0,22.67,23.83,21.33,0.0,4.13,109.0,7.9622,79.25,101.72
2020-06-25,37.5,10.0,23.54,25.11,22.21,0.0,7.36,112.4,7.8286,82.23,101.5
2020-06-26,37.5,10.0,22.88,23.47,22.39,0.43,6.74,93.4,7.4016,92.54,101.28
2020-06-27,37.5,10.0,23.03,24.15,22.62,1.24,3.25,90.6,6.5244,92.41,101.4
2020-06-28,37.5,10.0,22.75,22.86,22.55,1.97,3.8,317.3,7.5173,91.16,101.58
2020-06-29,37.5,10.0,23.55,24.12,22.81,0.1,3.96,307.4,7.8602,84.48,101.53
2020-06-30,37.5,10.0,24.19,24.79,23.53,0.0,3.05,297.1,7.9992,80.06,101.38
2020-07-01,37.5,10.0,25.58,27.26,24.39,0.0,3.64,148.7,7.3037,72.71,101.16
2020-07-02,37.5,10.0,24.12,24.52,23.73,0.11,6.54,287.8,7.1594,88.56,101.17
2020-07-03,37.5,10.0,24.0,24.28,23.81,0.14,6.79,293.0,7.6987,91.13,101.28
2020-07-04,37.5,10.0,23.44,23.89,22.74,0.0,10.29,304.2,8.0443,74.35,101.66
2020-07-05,37.5,10.0,23.07,23.54,22.58,0.0,8.95,301.7,8.0078,82.33,101.59
2020-07-06,37.5,10.0,23.34,23.8,22.8,0.0,8.99,294.5,8.0035,85.56,101.15
2020-07-07,37.5,10.0,23.43,24.01,22.61,0.0,11.11,300.0,8.1202,76.96,101.14
2020-07-08,37.5,10.0,22.15,22.5,21.84,0.05,4.92,311.8,7.9896,85.56,101.52
2020-07-09,37.5,10.0,22.7,23.5,21.87,0.02,2.75,52.5,7.8742,81.24,101.66
2020-07-10,37.5,10.0,24.18,24.78,23.5,0.0,4.11,106.7,7.7172,84.23,101.5
2020-07-11,37.5,10.0,25.16,26.21,23.84,0.0,4.6,123.4,7.6354,78.79,101.44
2020-07-12,37.5,10.0,25.13,25.97,24.09,0.0,2.37,68.2,7.9654,80.64,101.54
2020-07-13,37.5,10.0,24.72,25.32,24.3,0.69,4.45,327.7,7.2528,89.49,101.42
2020-07-14,37.5,10.0,24.49,24.91,24.09,0.89,3.06,339.2,7.4318,80.02,101.32
2020-07-15,37.5,10.0,24.59,24.93,24.28,1.68,3.46,270.4,5.4895,77.82,101.45
2020-07-16,37.5,10.0,24.73,25.2,24.22,0.0,6.6,307.9,7.637,75.18,101.54
2020-07-17,37.5,10.0,23.79,24.37,23.19,0.01,8.03,306.8,7.1143,76.29,101.34
2020-07-18,37.5,10.0,23.79,24.31,23.25,0.01,7.43,301.9,7.6296,77.14,101.32
2020-07-19,37.5,10.0,23.53,23.82,23.27,0.02,3.69,328.4,7.7054,81.82,101.5
2020-07-20,37.5,10.0,24.7,25.49,23.62,0.0,3.63,104.5,7.9618,71.79,101.74
2020-07-21,37.5,10.0,24.88,25.37,24.19,0.0,5.17,103.3,8.0213,71.84,101.88
2020-07-22,37.5,10.0,25.1,25.56,24.32,0.0,3.73,86.2,7.9754,74.4,101.75
2020-07-23,37.5,10.0,25.84,26.26,24.93,0.0,3.76,100.6,7.9366,72.3,101.35
2020-07-24,37.5,10.0,26.13,27.44,25.46,0.15,3.31,285.4,6.2534,74.58,101.17
2020-07-25,37.5,10.0,25.69,26.27,25.13,0.0,5.09,302.5,7.5696,79.23,101.33
2020-07-26,37.5,10.0,26.15,27.54,25.06,0.0,2.9,88.1,7.535,73.55,101.43
2020-07-27,37.5,10.0,26.27,26.73,25.49,0.0,4.38,105.3,7.639,76.71,101.59
2020-07-28,37.5,10.0,26.47,26.83,25.86,0.0,4.34,93.3,7.6776,77.38,101.45
2020-07-29,37.5,10.0,26.7,27.5,26.05,0.0,4.63,95.7,7.4345,80.15,101.46
2020-07-30,37.5,10.0,27.02,27.49,26.29,0.0,4.66,103.4,7.3212,79.59,101.57
2020-07-31,37.5,10.0,27.73,28.34,27.1,0.0,4.42,122.6,7.2312,70.72,101.5
2020-08-01,37.5,10.0,27.72,28.42,26.34,0.03,3.13,257.2,7.285,70.91,101.28
2020-08-02,37.5,10.0,26.96,27.69,26.4,0.11,5.73,284.3,7.1335,85.23,101.09
2020-08-03,37.5,10.0,26.68,26.89,26.36,0.23,5.73,295.7,7.1167,82.72,100.92
2020-08-04,37.5,10.0,26.24,26.67,25.29,0.04,8.37,313.2,6.8189,66.18,101.1
2020-08-05,37.5,10.0,25.45,26.08,24.64,0.0,8.75,308.6,7.3687,65.21,101.18
2020-08-06,37.5,10.0,25.11,25.39,24.77,0.0,5.17,325.1,7.3526,72.91,101.4
2020-08-07,37.5,10.0,25.37,25.77,24.83,0.0,4.2,316.9,7.3841,74.15,101.6
2020-08-08,37.5,10.0,25.85,26.19,25.43,0.01,6.03,307.3,7.1071,80.53,101.6
2020-08-09,37.5,10.0,25.97,26.3,25.61,0.05,5.83,324.0,6.744,82.24,101.39
2020-08-10,37.5,10.0,26.15,26.71,25.39,0.01,2.87,38.7,7.0654,71.94,101.43
2020-08-11,37.5,10.0,26.6,27.52,25.37,0.0,4.71,117.4,7.0843,75.51,101.49
2020-08-12,37.5,10.0,26.93,28.32,25.74,0.0,6.98,115.2,7.0294,79.22,101.43
2020-08-13,37.5,10.0,28.18,30.82,26.2,0.0,4.99,144.7,6.5237,72.08,101.4
2020-08-14,37.5,10.0,27.77,28.61,26.93,0.16,3.42,264.9,6.0511,77.51,101.25
2020-08-15,37.5,10.0,26.71,27.58,25.82,0.12,2.69,47.4,5.3165,81.32,101.21
2020-08-16,37.5,10.0,27.42,28.32,26.73,0.72,4.67,274.2,6.4037,78.7,101.1
2020-08-17,37.5,10.0,26.25,26.82,25.82,0.08,2.64,313.8,6.2306,80.72,101.25
2020-08-18,37.5,10.0,26.2,26.73,25.79,0.0,4.03,311.6,6.8203,78.89,101.22
2020-08-19,37.5,10.0,26.49,27.1,25.96,0.0,3.52,347.7,7.0015,78.56,101.07
2020-08-20,37.5,10.0,27.19,28.17,26.06,0.0,5.68,107.2,6.9118,75.67,101.08
2020-08-21,37.5,10.0,27.76,29.12,26.22,0.0,7.6,124.1,6.0545,78.84,101.31
2020-08-22,37.5,10.0,26.83,27.67,26.33,0.03,5.42,258.5,6.0835,91.35,101.49
2020-08-23,37.5,10.0,26.85,27.31,26.46,0.0,8.58,306.3,6.5911,81.42,101.42
2020-08-24,37.5,10.0,26.18,26.6,25.47,0.0,8.78,312.7,6.9547,69.23,101.34
2020-08-25,37.5,10.0,25.67,26.04,25.24,0.0,6.99,316.2,6.863,70.03,101.5
2020-08-26,37.5,10.0,25.75,26.08,25.43,0.0,3.88,310.3,6.6991,73.34,101.71
2020-08-27,37.5,10.0,25.85,26.1,25.52,0.08,4.83,294.4,6.6857,84.57,101.51
2020-08-28,37.5,10.0,26.79,28.12,25.72,0.04,4.94,161.2,6.7414,76.39,100.87
2020-08-29,37.5,10.0,28.99,32.03,27.13,0.31,6.54,152.2,6.2405,66.24,100.32
2020-08-30,37.5,10.0,26.96,28.14,26.26,0.71,5.72,307.5,5.4221,75.62,100.87
2020-08-31,37.5,10.0,25.26,26.65,23.64,3.33,7.25,341.0,3.8215,77.64,101.29
2020-09-01,37.5,10.0,24.16,24.5,23.9,0.0,4.91,344.0,6.5292,65.25,101.36
2020-09-02,37.5,10.0,24.75,25.11,24.3,0.36,3.45,79.0,3.1181,66.7,101.3
2020-09-03,37.5,10.0,24.45,24.77,24.16,0.06,3.8,330.1,6.1714,69.98,101.95
2020-09-04,37.5,10.0,24.59,24.88,24.39,0.01,3.66,35.6,5.9338,71.19,102.25
2020-09-05,37.5,10.0,24.93,25.45,24.32,3.58,3.37,87.3,4.8953,77.66,101.79
2020-09-06,37.5,10.0,24.69,25.34,24.37,14.18,2.25,37.7,4.8598,83.08,101.38
2020-09-07,37.5,10.0,24.71,24.99,24.17,1.21,3.77,316.8,5.935,76.32,101.42
2020-09-08,37.5,10.0,24.85,25.72,24.26,0.4,2.8,62.2,5.5656,76.51,101.87
2020-09-09,37.5,10.0,26.44,27.41,25.73,1.83,5.02,118.1,5.7254,83.23,101.97
2020-09-10,37.5,10.0,25.92,27.63,24.31,13.57,4.3,194.5,4.0351,83.58,101.4
2020-09-11,37.5,10.0,24.52,24.78,24.02,10.42,5.02,276.2,4.7158,77.91,101.17
2020-09-12,37.5,10.0,24.21,24.92,23.41,11.67,3.62,294.7,4.788,77.0,101.35
2020-09-13,37.5,10.0,24.83,25.21,24.27,5.16,3.5,23.5,4.6601,77.34,101.85
2020-09-14,37.5,10.0,24.81,25.26,24.56,3.34,2.59,349.8,3.6026,77.67,102.01
2020-09-15,37.5,10.0,25.42,26.06,24.85,1.07,3.61,324.1,5.2342,78.47,101.87
2020-09-16,37.5,10.0,25.23,25.81,24.8,0.62,5.54,314.9,5.2061,79.73,101.65
2020-09-17,37.5,10.0,25.43,25.72,25.17,0.09,5.68,306.9,4.9325,78.88,101.57
2020-09-18,37.5,10.0,25.46,26.22,24.68,0.0,3.01,23.2,5.4456,76.7,101.68
2020-09-19,37.5,10.0,25.62,26.2,24.85,0.0,3.62,129.5,4.2648,73.51,101.69
2020-09-20,37.5,10.0,25.32,25.86,24.6,0.85,4.41,263.3,4.4856,81.89,101.53
2020-09-21,37.5,10.0,25.48,26.35,24.78,2.73,2.33,94.4,3.5861,76.9,101.54
2020-09-22,37.5,10.0,24.89,25.53,24.16,0.97,2.44,326.4,4.0476,78.86,101.42
2020-09-23,37.5,10.0,24.89,25.37,24.61,1.94,1.89,313.5,3.2515,73.07,101.36
2020-09-24,37.5,10.0,25.98,27.39,24.74,0.1,3.07,223.8,4.4686,72.62,101.38
2020-09-25,37.5,10.0,25.53,26.97,23.03,0.36,9.36,275.0,4.4885,71.66,100.96
2020-09-26,37.5,10.0,21.98,23.02,21.55,0.25,12.38,299.7,4.3018,64.72,101.01
2020-09-27,37.5,10.0,21.97,24.75,21.19,2.02,10.68,260.0,3.4831,67.96,100.8
2020-09-28,37.5,10.0,22.29,23.07,21.33,0.14,6.54,285.5,4.1789,65.3,101.53
2020-09-29,37.5,10.0,22.78,23.26,22.02,0.0,3.95,276.7,5.2464,71.71,101.82
2020-09-30,37.5,10.0,23.49,24.21,22.7,0.34,3.79,57.2,4.7172,81.03,101.31
2020-10-01,37.5,10.0,21.81,22.67,21.11,0.01,3.66,313.8,4.2014,72.68,101.03
2020-10-02,37.5,10.0,24.09,27.35,21.36,0.02,5.08,169.4,4.8694,70.95,100.35
2020-10-03,37.5,10.0,22.55,24.06,21.58,1.5,8.1,288.4,3.2671,80.17,100.5
2020-10-04,37.5,10.0,22.72,24.27,21.72,0.0,2.98,297.9,4.7328,62.67,101.13
2020-10-05,37.5,10.0,22.74,23.04,22.28,0.08,5.53,302.6,2.2538,70.43,101.36
2020-10-06,37.5,10.0,21.51,22.41,21.14,0.0,6.73,327.3,4.9224,69.55,101.94
2020-10-07,37.5,10.0,22.42,22.89,21.61,0.33,7.56,296.1,3.5534,73.12,101.9
2020-10-08,37.5,10.0,21.45,22.35,20.98,0.16,6.96,328.0,4.6037,70.86,102.15
2020-10-09,37.5,10.0,20.97,21.19,20.6,0.0,2.45,74.5,4.8118,66.21,102.21
2020-10-10,37.5,10.0,21.02,21.44,20.32,0.0,2.17,147.5,4.7422,67.9,101.96
2020-10-11,37.5,10.0,20.79,21.78,19.21,6.24,6.52,306.2,3.1699,77.03,101.53
2020-10-12,37.5,10.0,19.26,19.91,18.82,2.24,11.87,297.8,3.0216,71.14,101.21
2020-10-13,37.5,10.0,20.02,21.35,19.15,0.78,8.63,291.0,3.4666,69.89,101.43
2020-10-14,37.5,10.0,22.01,24.56,20.18,0.06,5.76,205.4,4.445,61.16,101.01
2020-10-15,37.5,10.0,20.23,21.03,19.66,0.93,7.73,292.8,4.0392,71.13,101.17
2020-10-16,37.5,10.0,19.44,19.74,19.08,0.69,5.44,300.2,2.8598,65.73,101.55
2020-10-17,37.5,10.0,19.48,20.15,18.86,0.09,3.5,301.8,3.9216,63.51,101.75
2020-10-18,37.5,10.0,20.15,20.5,19.83,0.05,3.65,305.7,3.66,63.57,101.95
2020-10-19,37.5,10.0,19.69,20.14,19.15,0.0,3.24,62.0,4.285,66.62,102.26
2020-10-20,37.5,10.0,21.05,22.94,19.83,0.0,7.83,136.6,4.2595,74.25,102.2
2020-10-21,37.5,10.0,21.61,24.02,19.29,0.0,8.65,156.7,4.2516,73.77,102.0
2020-10-22,37.5,10.0,21.58,23.69,19.61,0.0,9.04,152.7,4.1722,78.98,102.01
2020-10-23,37.5,10.0,21.35,22.71,19.99,0.03,6.74,219.4,3.8657,86.8,102.0
2020-10-24,37.5,10.0,20.93,21.42,20.04,1.76,7.72,293.7,2.2769,82.29,102.15
2020-10-25,37.5,10.0,20.76,21.04,20.17,0.0,5.27,284.4,3.8134,69.75,101.96
2020-10-26,37.5,10.0,20.83,23.15,18.86,1.18,5.74,236.2,3.9362,69.27,101.35
2020-10-27,37.5,10.0,18.95,19.47,18.53,0.89,8.99,301.9,3.6214,70.56,101.53
2020-10-28,37.5,10.0,19.27,19.85,18.54,0.34,7.35,314.0,3.3586,72.19,101.94
2020-10-29,37.5,10.0,19.96,20.46,19.51,0.01,7.63,308.2,3.5695,76.03,102.37
2020-10-30,37.5,10.0,19.67,19.84,19.47,0.05,7.31,313.4,3.4229,78.61,102.48
2020-10-31,37.5,10.0,19.05,19.52,18.47,0.23,2.74,313.5,3.6886,81.85,102.42
2020-11-01,37.5,10.0,18.78,19.19,18.21,0.03,2.55,286.4,3.685,81.78,102.34
2020-11-02,37.5,10.0,18.59,19.64,17.97,0.03,2.92,321.0,3.5028,81.45,102.39
2020-11-03,37.5,10.0,19.77,20.42,19.42,0.01,4.2,103.9,3.4313,81.14,102.25
2020-11-04,37.5,10.0,20.25,20.99,19.53,0.03,4.47,97.9,2.5183,84.32,102.03
2020-11-05,37.5,10.0,20.2,20.66,19.93,0.17,4.68,82.4,3.0607,87.62,102.37
2020-11-06,37.5,10.0,19.69,20.03,19.37,0.03,4.26,78.8,3.2928,80.02,102.62
2020-11-07,37.5,10.0,19.94,21.18,19.15,0.01,5.24,130.0,3.4666,75.9,102.56
2020-11-08,37.5,10.0,20.24,21.24,19.36,0.02,5.43,131.5,3.2304,80.64,102.39
2020-11-09,37.5,10.0,20.14,21.15,19.6,0.01,5.15,129.8,3.2062,80.91,102.22
2020-11-10,37.5,10.0,20.1,21.04,19.31,0.19,3.58,143.1,3.4126,74.74,102.23
2020-11-11,37.5,10.0,19.49,20.05,19.13,2.12,2.99,275.2,2.8922,84.72,102.35
2020-11-12,37.5,10.0,20.03,21.68,18.5,0.7,3.81,181.8,2.603,78.15,102.38
2020-11-13,37.5,10.0,20.39,22.37,18.64,0.14,4.46,191.4,2.7151,74.58,102.19
2020-11-14,37.5,10.0,20.8,22.58,19.19,0.0,4.66,182.8,3.1817,69.91,102.12
2020-11-15,37.5,10.0,19.84,20.81,18.77,0.23,3.26,258.8,2.4938,79.24,102.05
2020-11-16,37.5,10.0,20.29,20.98,19.84,3.44,6.27,268.3,2.4264,83.36,101.95
2020-11-17,37.5,10.0,19.17,20.09,18.67,0.67,8.88,323.3,2.7638,72.63,101.96
2020-11-18,37.5,10.0,19.37,19.98,18.9,2.9,6.99,6.8,2.7876,80.98,102.33
2020-11-19,37.5,10.0,19.12,19.44,18.45,1.17,6.9,325.7,2.765,82.1,102.43
2020-11-20,37.5,10.0,18.07,19.57,16.63,1.51,13.55,301.5,2.4499,69.66,101.68
2020-11-21,37.5,10.0,17.44,17.93,16.0,9.45,11.2,6.8,1.7774,75.42,101.36
2020-11-22,37.5,10.0,17.59,18.33,16.93,7.48,10.08,32.7,1.5874,76.67,101.97
2020-11-23,37.5,10.0,18.24,19.23,17.34,2.45,6.6,41.8,2.8934,79.46,102.26
2020-11-24,37.5,10.0,17.46,18.03,16.38,1.02,5.5,350.1,2.5618,78.24,102.33
2020-11-25,37.5,10.0,17.53,19.36,16.11,0.08,4.7,152.8,2.6002,74.21,102.06
2020-11-26,37.5,10.0,18.0,19.65,16.56,0.03,7.61,151.3,2.9232,73.03,101.88
2020-11-27,37.5,10.0,18.14,18.93,17.13,2.11,8.97,145.7,1.4587,82.1,101.54
2020-11-28,37.5,10.0,19.13,20.23,16.55,3.68,11.2,158.9,1.4554,70.64,100.41
2020-11-29,37.5,10.0,16.49,18.15,15.21,3.42,6.2,311.1,2.2841,79.02,100.72
2020-11-30,37.5,10.0,17.91,18.43,17.37,0.13,5.28,322.1,2.6976,78.05,101.95
2020-12-01,37.5,10.0,17.53,18.07,16.82,0.22,5.17,286.6,2.7391,74.34,101.77
2020-12-02,37.5,10.0,16.41,17.77,13.63,7.01,5.94,253.9,2.1065,76.76,100.83
2020-12-03,37.5,10.0,15.25,15.96,13.45,8.72,9.36,311.2,1.9039,72.93,100.85
2020-12-04,37.5,10.0,16.1,18.37,14.06,0.03,6.64,210.6,2.8752,65.57,100.46
2020-12-05,37.5,10.0,14.96,18.14,12.62,11.9,9.06,213.0,2.1953,79.28,100.09
2020-12-06,37.5,10.0,14.43,15.79,12.37,13.82,10.2,271.1,1.1758,77.66,100.4
2020-12-07,37.5,10.0,15.66,16.2,14.86,1.67,9.43,252.7,2.1192,71.3,101.02
2020-12-08,37.5,10.0,16.26,17.16,15.3,6.19,11.49,242.8,1.5948,74.11,100.5
2020-12-09,37.5,10.0,14.96,16.04,14.16,5.48,11.65,282.2,1.1724,70.72,100.82
2020-12-10,37.5,10.0,14.98,16.91,13.75,9.59,10.0,255.1,1.2312,74.11,100.88
2020-12-11,37.5,10.0,15.79,16.53,14.96,7.05,9.25,286.4,1.5823,75.77,100.47
2020-12-12,37.5,10.0,15.88,16.52,15.48,7.2,7.57,308.0,1.0882,81.33,100.17
2020-12-13,37.5,10.0,15.56,15.97,15.13,1.96,12.92,316.7,2.0098,72.83,100.98
2020-12-14,37.5,10.0,15.64,16.26,15.3,0.0,4.46,324.4,2.7127,70.11,101.67
2020-12-15,37.5,10.0,16.61,17.44,15.6,0.0,4.93,170.3,2.5675,74.21,101.75
2020-12-16,37.5,10.0,17.05,17.62,16.58,0.0,3.69,201.2,2.401,76.94,102.09
2020-12-17,37.5,10.0,17.06,18.03,16.18,0.01,6.23,142.1,2.0779,82.07,102.16
2020-12-18,37.5,10.0,17.52,17.83,17.34,0.36,5.9,132.1,1.3531,83.33,102.2
2020-12-19,37.5,10.0,17.14,17.59,16.07,6.77,5.54,120.8,1.4743,82.6,102.05
2020-12-20,37.5,10.0,15.38,15.85,14.92,4.15,1.65,7.6,1.8708,83.04,101.98
2020-12-21,37.5,10.0,16.27,16.78,15.75,1.0,4.7,0.5,1.9459,84.39,102.39
2020-12-22,37.5,10.0,15.91,16.16,15.62,0.33,4.87,320.2,2.3736,84.17,102.74
2020-12-23,37.5,10.0,16.05,16.8,15.42,0.03,3.34,239.3,2.5987,74.65,102.64
2020-12-24,37.5,10.0,16.18,16.96,15.35,0.0,5.01,248.0,2.6645,76.52,102.13
2020-12-25,37.5,10.0,15.98,17.06,13.19,4.05,7.62,268.4,2.2646,80.97,101.57
2020-12-26,37.5,10.0,13.26,13.96,12.71,5.41,12.12,299.9,1.6231,72.1,101.23
2020-12-27,37.5,10.0,13.28,13.72,12.81,2.21,10.45,300.4,1.6111,72.93,101.17
2020-12-28,37.5,10.0,14.55,16.91,11.27,0.41,10.64,236.2,2.8291,68.03,100.35
2020-12-29,37.5,10.0,15.24,16.01,13.92,0.57,7.53,247.1,2.3114,75.01,100.56
2020-12-30,37.5,10.0,14.06,15.0,13.06,1.95,9.41,273.7,1.6762,74.87,100.99
2020-12-31,37.5,10.0,14.27,14.47,13.84,0.63,6.75,272.1,1.733,66.75,101.56
2021-01-01,37.5,10.0,13.31,15.88,10.95,0.02,7.51,196.3,2.8361,63.75,101.04
2021-01-02,37.5,10.0,13.13,13.63,12.26,2.54,8.86,242.2,2.6131,71.68,100.92
2021-01-03,37.5,10.0,12.54,13.1,12.05,6.33,8.21,245.4,2.7677,70.87,101.18
2021-01-04,37.5,10.0,12.84,13.51,12.26,4.88,7.79,255.3,2.113,73.46,101.31
2021-01-05,37.5,10.0,13.21,14.36,11.74,0.24,7.32,232.1,2.4118,62.44,101.22
2021-01-06,37.5,10.0,14.33,15.54,13.03,0.48,3.47,255.8,0.9823,59.83,101.26
2021-01-07,37.5,10.0,15.76,18.95,13.79,0.16,5.27,201.4,2.0561,74.64,100.93
2021-01-08,37.5,10.0,15.64,16.3,15.17,0.69,4.19,45.7,1.8005,86.16,100.7
2021-01-09,37.5,10.0,16.94,18.09,15.23,0.03,5.16,156.8,1.6452,84.98,100.52
2021-01-10,37.5,10.0,15.79,17.29,15.07,0.25,5.94,317.2,1.4734,82.88,100.8
2021-01-11,37.5,10.0,14.46,15.33,13.94,2.82,4.62,288.9,2.8133,70.41,101.35
2021-01-12,37.5,10.0,13.22,13.7,12.6,2.84,11.45,306.1,1.3826,74.39,101.74
2021-01-13,37.5,10.0,14.38,14.91,13.62,0.97,14.44,302.4,1.4765,74.55,102.04
2021-01-14,37.5,10.0,14.65,15.07,14.26,0.27,13.8,298.1,2.0863,74.91,101.81
2021-01-15,37.5,10.0,14.36,14.85,13.9,0.68,13.89,304.0,2.6167,72.13,101.57
2021-01-16,37.5,10.0,13.09,13.75,12.69,1.44,9.93,324.8,1.7758,72.82,101.75
2021-01-17,37.5,10.0,14.05,15.17,12.77,0.21,12.18,294.1,1.8386,73.08,102.03
2021-01-18,37.5,10.0,13.37,14.92,13.0,0.09,8.14,322.0,2.706,70.13,102.26
2021-01-19,37.5,10.0,13.09,13.76,12.58,0.06,4.15,263.9,2.9035,68.06,102.72
2021-01-20,37.5,10.0,13.65,16.36,11.24,0.0,5.86,194.9,3.2462,68.79,102.12
2021-01-21,37.5,10.0,13.86,15.26,11.85,0.99,6.69,229.8,1.4258,74.85,101.81
2021-01-22,37.5,10.0,14.94,16.62,12.68,0.32,6.72,217.8,2.1144,78.68,101.35
2021-01-23,37.5,10.0,14.97,15.92,14.3,1.89,11.41,275.1,2.9268,72.08,101.12
2021-01-24,37.5,10.0,14.62,16.8,13.12,1.5,11.54,264.0,1.4045,74.91,100.85
2021-01-25,37.5,10.0,14.86,16.02,13.85,3.61,8.14,262.4,2.0402,77.42,101.2
2021-01-26,37.5,10.0,13.36,14.98,12.32,4.46,11.13,316.7,2.9494,71.21,101.57
2021-01-27,37.5,10.0,14.0,15.13,12.53,1.11,8.93,296.6,1.4894,79.0,101.97
2021-01-28,37.5,10.0,15.33,15.67,14.99,0.13,9.43,295.5,2.1852,89.11,101.92
2021-01-29,37.5,10.0,15.67,16.67,15.06,0.01,8.44,263.6,2.3232,89.28,101.61
2021-01-30,37.5,10.0,15.82,16.58,14.96,0.1,6.95,259.3,3.4075,86.92,101.0
2021-01-31,37.5,10.0,15.22,15.69,14.85,2.36,10.53,280.5,2.7905,76.0,100.33
2021-02-01,37.5,10.0,15.12,15.8,13.51,8.74,9.18,272.6,2.1374,84.39,100.55
2021-02-02,37.5,10.0,15.33,15.71,15.01,0.16,9.07,296.4,3.5849,82.24,101.36
2021-02-03,37.5,10.0,15.84,17.93,14.36,0.04,4.14,206.3,3.6583,82.27,101.78
2021-02-04,37.5,10.0,15.84,17.6,13.94,0.0,4.3,184.5,3.4805,74.54,101.57
2021-02-05,37.5,10.0,15.95,19.03,13.23,0.0,4.52,199.7,3.7118,70.93,101.4
2021-02-06,37.5,10.0,16.87,19.97,13.7,0.0,6.94,184.1,3.408,65.31,100.97
2021-02-07,37.5,10.0,15.61,16.81,14.94,6.94,8.19,249.1,0.6554,76.61,100.38
2021-02-08,37.5,10.0,14.86,15.8,13.91,3.5,9.33,263.5,2.5099,76.91,100.68
2021-02-09,37.5,10.0,15.41,15.8,14.6,0.88,9.23,252.6,3.5976,76.99,101.12
2021-02-10,37.5,10.0,15.31,17.04,13.33,2.31,9.3,248.5,2.3249,77.33,100.98
2021-02-11,37.5,10.0,14.68,14.97,14.24,0.01,10.37,296.4,3.5774,72.18,101.75
2021-02-12,37.5,10.0,14.83,15.39,14.07,0.06,3.59,227.0,3.9478,81.24,101.83
2021-02-13,37.5,10.0,14.72,15.5,13.6,8.18,10.1,309.4,2.4274,81.77,101.65
2021-02-14,37.5,10.0,11.35,13.36,10.81,0.15,10.12,3.4,2.401,68.73,102.8
2021-02-15,37.5,10.0,10.65,10.94,10.25,0.06,6.2,26.9,3.1752,63.37,103.52
2021-02-16,37.5,10.0,11.12,12.88,9.86,0.0,3.03,156.8,4.3812,57.15,103.14
2021-02-17,37.5,10.0,13.23,13.45,12.92,0.0,3.58,286.8,4.3649,62.61,102.46
2021-02-18,37.5,10.0,13.53,14.31,12.64,0.0,4.8,124.5,4.2713,73.51,102.29
2021-02-19,37.5,10.0,14.16,16.04,12.65,0.06,6.92,145.8,4.3651,81.44,102.26
2021-02-20,37.5,10.0,14.1,17.3,11.05,0.01,6.37,150.9,4.3349,78.61,102.13
2021-02-21,37.5,10.0,14.82,16.65,13.36,0.02,9.36,139.1,3.6955,84.33,102.04
2021-02-22,37.5,10.0,14.99,16.08,14.37,0.01,10.58,142.2,3.575,88.19,102.38
2021-02-23,37.5,10.0,14.87,15.34,14.39,0.01,6.47,119.4,4.2336,78.76,103.19
2021-02-24,37.5,10.0,14.28,14.64,14.05,0.0,2.3,70.3,4.625,72.69,103.35
2021-02-25,37.5,10.0,13.97,14.23,13.51,0.02,1.99,67.6,4.0277,80.7,103.02
2021-02-26,37.5,10.0,13.34,13.84,13.05,0.01,1.95,105.1,4.5053,83.62,102.76
2021-02-27,37.5,10.0,13.2,13.96,11.63,0.1,1.75,350.2,4.0862,81.9,102.36
2021-02-28,37.5,10.0,12.98,13.85,11.82,0.11,3.51,82.8,4.0992,81.03,102.45
2021-03-01,37.5,10.0,14.34,15.93,13.05,0.01,6.89,137.9,4.6793,79.88,102.52
2021-03-02,37.5,10.0,14.68,15.55,14.05,0.17,7.8,129.3,4.1777,82.92,102.78
2021-03-03,37.5,10.0,14.35,14.96,13.73,0.12,7.23,124.8,4.7671,79.12,102.88
2021-03-04,37.5,10.0,14.65,15.8,13.83,0.63,6.95,141.9,3.4433,82.16,102.26
2021-03-05,37.5,10.0,13.97,14.75,13.17,0.4,4.1,149.5,2.7811,81.43,101.73
2021-03-06,37.5,10.0,14.61,15.5,13.55,0.11,3.6,154.6,4.3416,80.92,102.1
2021-03-07,37.5,10.0,15.07,16.7,14.06,0.1,8.38,150.4,4.6913,82.23,101.9
2021-03-08,37.5,10.0,14.85,15.9,13.93,0.2,4.97,148.8,4.2869,82.87,101.22
2021-03-09,37.5,10.0,14.5,15.21,13.72,15.25,5.95,252.1,2.4274,87.65,101.23
2021-03-10,37.5,10.0,14.1,14.67,13.71,0.16,9.49,308.0,4.8766,73.57,101.76
2021-03-11,37.5,10.0,13.65,14.22,13.3,0.03,5.6,306.1,5.413,73.98,102.49
2021-03-12,37.5,10.0,14.41,15.72,12.7,0.0,3.68,241.8,5.5514,62.74,102.1
2021-03-13,37.5,10.0,14.66,14.93,14.24,0.68,7.23,296.9,5.315,75.53,101.94
2021-03-14,37.5,10.0,14.17,14.59,13.54,0.81,9.58,304.8,5.5673,75.25,101.85
2021-03-15,37.5,10.0,13.83,14.15,13.54,0.24,12.71,306.7,5.3604,68.4,101.85
2021-03-16,37.5,10.0,14.22,14.84,13.43,1.07,13.3,305.6,5.0374,69.67,101.62
2021-03-17,37.5,10.0,14.12,14.58,13.73,0.95,8.02,300.3,4.2242,70.53,101.74
2021-03-18,37.5,10.0,13.54,13.92,13.21,0.17,8.89,292.9,4.0596,73.92,101.37
2021-03-19,37.5,10.0,12.38,13.5,10.95,11.57,4.55,238.2,1.9898,77.26,100.99
2021-03-20,37.5,10.0,12.78,13.42,11.47,13.18,5.44,73.6,1.3368,84.25,100.7
2021-03-21,37.5,10.0,12.44,13.23,11.14,4.88,9.47,339.3,2.1235,73.41,100.71
2021-03-22,37.5,10.0,12.29,12.85,11.68,0.38,9.18,327.7,4.8938,64.36,100.95
2021-03-23,37.5,10.0,13.47,13.8,12.97,0.15,9.08,350.2,5.1888,62.82,101.92
2021-03-24,37.5,10.0,13.62,14.11,12.77,0.17,4.18,332.7,5.7166,68.12,102.38
2021-03-25,37.5,10.0,13.64,13.82,13.33,0.01,3.83,302.2,6.0487,79.97,102.41
2021-03-26,37.5,10.0,14.37,15.89,12.9,0.0,4.22,168.5,6.1733,75.38,102.54
2021-03-27,37.5,10.0,14.91,18.03,12.18,0.0,3.61,186.7,5.7576,79.32,102.37
2021-03-28,37.5,10.0,14.98,15.47,14.5,0.08,4.09,17.2,4.7278,92.31,102.81
2021-03-29,37.5,10.0,14.63,14.82,14.34,0.11,4.52,91.5,6.1181,87.81,103.08
2021-03-30,37.5,10.0,14.93,15.4,14.33,0.01,3.66,83.0,6.3727,82.98,102.83
2021-03-31,37.5,10.0,15.26,15.6,14.93,0.01,3.02,69.7,6.3526,80.71,102.41
2021-04-01,37.5,10.0,15.94,17.03,14.31,0.0,4.25,139.1,6.2455,77.39,102.04
2021-04-02,37.5,10.0,15.73,16.82,14.34,0.34,4.77,135.8,6.0122,88.62,101.45
2021-04-03,37.5,10.0,15.9,16.16,15.56,0.22,4.24,275.7,5.7698,90.91,101.05
2021-04-04,37.5,10.0,15.58,16.04,14.89,1.21,5.17,303.7,4.8605,87.76,101.05
2021-04-05,37.5,10.0,15.59,16.03,14.94,1.24,4.54,337.8,5.9371,79.3,101.33
2021-04-06,37.5,10.0,15.91,16.3,15.49,0.01,8.71,285.3,6.3348,78.68,101.18
2021-04-07,37.5,10.0,14.36,15.56,13.38,0.01,9.86,309.6,6.2861,68.27,101.6
2021-04-08,37.5,10.0,12.96,13.47,12.45,0.0,5.71,52.8,6.6564,62.19,102.57
2021-04-09,37.5,10.0,14.29,16.42,12.54,0.0,10.24,145.2,6.6797,72.1,102.41
2021-04-10,37.5,10.0,15.45,17.55,13.76,0.0,11.62,152.9,6.1764,76.54,101.91
2021-04-11,37.5,10.0,15.52,17.57,14.03,19.51,9.43,153.1,4.9138,85.39,101.62
2021-04-12,37.5,10.0,15.63,16.46,14.86,15.51,6.27,247.4,2.8718,87.91,101.87
2021-04-13,37.5,10.0,14.51,14.78,13.84,0.0,9.63,305.4,6.9103,68.97,102.2
2021-04-14,37.5,10.0,13.98,14.45,13.42,0.16,4.66,19.6,6.6559,72.31,101.93
2021-04-15,37.5,10.0,13.94,14.37,13.6,123.68,6.89,113.3,1.5269,87.64,101.56
2021-04-16,37.5,10.0,14.56,15.34,13.43,26.12,7.99,72.2,2.4346,86.26,100.97
2021-04-17,37.5,10.0,13.26,14.07,12.94,6.72,4.61,335.1,2.435,85.11,101.21
2021-04-18,37.5,10.0,13.58,14.09,12.73,2.39,8.87,279.4,4.6193,73.42,101.62
2021-04-19,37.5,10.0,14.05,14.63,13.48,0.24,7.78,296.6,5.5438,72.74,101.88
2021-04-20,37.5,10.0,15.26,16.66,13.38,0.0,3.68,153.0,6.7282,72.56,101.62
2021-04-21,37.5,10.0,16.36,18.28,15.01,5.94,5.64,129.4,3.4282,85.22,101.33
2021-04-22,37.5,10.0,16.52,18.39,15.51,0.91,3.55,130.8,3.6209,89.38,101.23
2021-04-23,37.5,10.0,15.93,16.18,15.51,3.66,3.32,35.1,2.8932,90.89,101.62
2021-04-24,37.5,10.0,15.8,16.15,15.39,0.05,4.51,2.7,7.2763,82.22,101.97
2021-04-25,37.5,10.0,16.31,17.63,15.28,0.0,6.45,121.9,7.3982,78.28,101.66
2021-04-26,37.5,10.0,17.48,20.38,15.62,3.92,9.46,159.2,4.7213,82.11,100.79
2021-04-27,37.5,10.0,16.57,16.86,16.2,0.04,4.01,282.8,6.5021,89.96,100.71
2021-04-28,37.5,10.0,17.15,17.88,16.46,0.0,3.51,213.4,6.9749,82.94,100.91
2021-04-29,37.5,10.0,17.2,17.7,16.33,0.02,3.37,115.8,6.9053,91.42,100.92
2021-04-30,37.5,10.0,19.49,24.63,17.16,0.53,3.33,164.6,4.9572,81.37,100.82
2021-05-01,37.5,10.0,18.32,19.64,17.09,2.69,5.59,244.3,2.5265,87.07,101.19
2021-05-02,37.5,10.0,16.25,17.06,15.66,1.17,3.9,327.2,5.8034,83.24,101.82
2021-05-03,37.5,10.0,16.01,17.05,14.58,4.42,3.99,101.0,3.8868,82.15,101.91
2021-05-04,37.5,10.0,18.32,21.12,16.51,1.43,3.8,146.6,4.8372,82.71,101.56
2021-05-05,37.5,10.0,17.27,17.93,16.63,8.0,3.68,325.2,3.4514,90.72,101.45
2021-05-06,37.5,10.0,17.73,18.12,17.4,1.95,2.92,273.8,3.2995,78.64,101.62
2021-05-07,37.5,10.0,17.83,18.23,17.38,3.06,5.23,290.3,7.1556,82.71,101.69
2021-05-08,37.5,10.0,18.12,18.47,17.72,0.0,4.94,297.4,7.7057,82.58,101.89
2021-05-09,37.5,10.0,18.95,21.25,17.12,0.0,6.69,137.7,7.8528,76.89,101.56
2021-05-10,37.5,10.0,19.5,21.73,17.47,0.0,8.63,146.4,7.5454,77.07,101.26
2021-05-11,37.5,10.0,18.24,18.86,17.61,0.07,6.71,282.6,5.7175,86.36,101.47
2021-05-12,37.5,10.0,17.59,17.96,17.09,0.0,7.45,297.5,7.7755,73.39,101.7
2021-05-13,37.5,10.0,18.33,19.17,17.53,0.0,5.38,268.6,7.7054,76.85,101.43
2021-05-14,37.5,10.0,18.63,20.48,17.59,0.13,5.2,276.7,6.8892,81.75,101.29
2021-05-15,37.5,10.0,18.13,18.73,17.55,0.01,5.68,300.4,7.4388,70.2,101.7
2021-05-16,37.5,10.0,19.18,21.05,16.71,0.0,3.73,194.6,8.0417,76.46,101.29
2021-05-17,37.5,10.0,19.43,19.85,19.12,0.0,5.26,302.5,8.0232,85.96,101.4
2021-05-18,37.5,10.0,18.2,18.99,17.76,0.0,4.6,333.9,7.5658,71.89,101.82
2021-05-19,37.5,10.0,18.68,19.03,18.09,0.0,6.29,306.5,6.937,77.68,101.78
2021-05-20,37.5,10.0,18.01,18.32,17.77,0.0,9.59,308.6,7.5151,73.31,102.08
2021-05-21,37.5,10.0,18.86,20.9,17.23,0.0,6.09,135.3,8.0774,70.73,101.95
2021-05-22,37.5,10.0,20.02,22.75,17.33,0.0,6.07,171.2,7.3457,77.6,101.33
2021-05-23,37.5,10.0,19.93,21.75,18.77,0.07,5.29,154.7,6.4661,87.53,101.29
2021-05-24,37.5,10.0,19.16,20.0,18.37,0.0,8.69,260.8,7.0822,86.53,101.62
2021-05-25,37.5,10.0,18.17,18.95,17.51,0.01,6.05,320.8,7.1237,84.11,102.19
2021-05-26,37.5,10.0,19.27,20.11,18.82,0.87,3.51,37.3,5.5738,77.47,101.86
2021-05-27,37.5,10.0,19.21,19.77,18.62,0.23,5.52,88.9,6.2818,85.91,101.53
2021-05-28,37.5,10.0,18.58,19.35,16.86,0.37,5.43,88.4,5.759,83.78,101.63
2021-05-29,37.5,10.0,19.69,20.43,19.2,0.01,2.5,44.7,6.2198,84.66,101.62
2021-05-30,37.5,10.0,19.8,20.07,19.29,0.0,5.92,298.4,7.7388,85.34,101.66
2021-05-31,37.5,10.0,19.42,20.02,18.98,0.01,4.74,327.2,5.5373,90.29,101.59
2021-06-01,37.5,10.0,19.93,21.06,19.21,0.04,5.91,124.6,3.0221,85.56,101.49
2021-06-02,37.5,10.0,20.76,22.08,19.87,1.36,8.4,133.2,4.3181,83.83,101.53
2021-06-03,37.5,10.0,21.23,22.64,20.25,0.01,8.51,125.4,7.6087,83.01,101.9
2021-06-04,37.5,10.0,21.77,24.54,20.23,0.0,7.03,141.3,7.8708,81.19,102.05
2021-06-05,37.5,10.0,21.8,24.24,20.39,3.71,5.76,153.3,6.7102,79.01,102.02
2021-06-06,37.5,10.0,21.21,22.22,20.33,39.28,5.95,184.4,6.798,83.86,101.61
2021-06-07,37.5,10.0,20.69,20.82,20.51,2.74,7.37,304.2,7.885,86.89,101.86
2021-06-08,37.5,10.0,20.98,21.4,20.63,0.0,6.41,301.6,8.1538,83.39,101.86
2021-06-09,37.5,10.0,20.89,21.4,20.34,12.03,7.08,300.8,7.8547,86.46,101.69
2021-06-10,37.5,10.0,21.12,21.66,20.64,2.56,5.24,308.9,7.8504,92.5,101.6
2021-06-11,37.5,10.0,21.32,21.68,21.0,0.03,3.73,305.5,7.8864,85.58,101.58
2021-06-12,37.5,10.0,21.53,22.02,20.72,0.0,2.08,7.1,7.9944,79.42,101.76
2021-06-13,37.5,10.0,22.77,23.37,22.08,0.0,2.66,327.9,8.3066,76.44,101.9
2021-06-14,37.5,10.0,23.29,24.21,22.21,0.0,2.06,99.4,8.2409,71.36,101.64
2021-06-15,37.5,10.0,23.16,23.47,22.81,0.0,3.94,350.1,8.0575,87.28,101.57
2021-06-16,37.5,10.0,23.97,25.58,22.41,0.0,6.72,131.3,8.1907,77.51,101.38
2021-06-17,37.5,10.0,23.87,25.31,22.67,0.1,8.12,135.7,6.6895,80.86,101.38
2021-06-18,37.5,10.0,23.7,25.59,22.56,0.0,5.76,145.1,6.3864,80.26,101.45
2021-06-19,37.5,10.0,24.18,26.24,22.32,0.0,5.29,131.0,6.7361,80.59,101.41
2021-06-20,37.5,10.0,25.35,29.34,23.08,0.02,5.29,172.5,6.1315,72.39,101.13
2021-06-21,37.5,10.0,23.82,28.34,21.95,0.05,5.47,264.3,6.6074,84.36,101.05
2021-06-22,37.5,10.0,22.18,22.55,21.69,0.0,4.61,308.1,6.9749,85.59,101.19
2021-06-23,37.5,10.0,22.58,23.03,22.07,0.01,3.89,290.6,4.8024,86.89,101.43
2021-06-24,37.5,10.0,23.6,25.14,22.63,1.22,3.0,298.4,3.2023,85.24,101.71
2021-06-25,37.5,10.0,23.77,24.18,22.8,0.17,3.95,308.6,3.7118,85.03,101.61
2021-06-26,37.5,10.0,24.13,25.83,23.45,0.03,4.12,29.1,5.0201,82.46,101.39
2021-06-27,37.5,10.0,25.89,30.8,24.16,0.09,2.58,133.7,5.0251,76.26,101.08
2021-06-28,37.5,10.0,23.54,24.33,23.14,0.25,4.34,295.0,6.5659,90.09,101.38
2021-06-29,37.5,10.0,23.84,24.38,23.17,0.1,3.55,290.3,5.4401,89.01,101.33
2021-06-30,37.5,10.0,23.82,24.22,23.09,0.07,3.4,1.3,5.6196,87.78,101.38
2021-07-01,37.5,10.0,24.29,25.09,23.4,0.0,3.88,327.2,7.4503,84.4,101.55
2021-07-02,37.5,10.0,24.91,25.69,24.07,0.0,3.0,319.1,7.6896,85.35,101.5
2021-07-03,37.5,10.0,25.35,26.49,23.77,0.01,3.05,108.6,8.0897,80.81,101.43
2021-07-04,37.5,10.0,25.59,26.18,24.98,0.01,3.98,280.7,7.661,80.65,101.2
2021-07-05,37.5,10.0,24.98,25.38,24.44,0.0,5.98,302.8,7.8055,84.02,101.36
2021-07-06,37.5,10.0,25.59,26.39,24.48,0.0,5.53,123.7,7.7129,76.18,101.17
2021-07-07,37.5,10.0,25.8,26.52,25.02,0.0,4.07,143.9,7.4508,80.57,101.26
2021-07-08,37.5,10.0,25.6,25.96,25.28,0.03,4.18,314.4,6.7447,89.2,101.63
2021-07-09,37.5,10.0,25.35,25.88,24.96,0.01,4.35,320.2,6.9209,83.37,101.8
2021-07-10,37.5,10.0,24.97,25.63,24.57,0.0,4.9,325.1,7.7472,76.24,101.56
2021-07-11,37.5,10.0,25.8,26.47,24.93,0.0,4.71,305.7,7.7719,73.69,101.51
2021-07-12,37.5,10.0,28.2,30.61,26.06,0.0,4.6,163.9,6.8578,62.58,101.13
2021-07-13,37.5,10.0,25.89,27.05,25.02,0.65,6.23,309.7,5.0599,80.51,101.11
2021-07-14,37.5,10.0,24.32,25.01,23.86,0.0,6.51,340.1,7.9219,65.73,101.68
2021-07-15,37.5,10.0,24.46,25.13,23.8,0.0,4.6,332.4,7.8492,69.91,101.67
2021-07-16,37.5,10.0,24.58,25.05,24.28,0.18,8.23,313.8,7.7798,71.35,101.54
2021-07-17,37.5,10.0,24.47,24.98,24.01,0.03,10.71,301.1,7.3913,75.36,101.3
2021-07-18,37.5,10.0,24.16,24.42,23.81,0.0,10.04,302.3,7.4158,81.71,101.0
2021-07-19,37.5,10.0,24.08,24.51,23.61,0.03,7.45,298.5,7.4314,86.4,101.05
2021-07-20,37.5,10.0,24.4,24.62,24.13,0.03,3.87,315.3,7.4921,89.02,101.38
2021-07-21,37.5,10.0,24.68,25.3,24.07,0.01,2.7,348.7,7.7299,84.53,101.72
2021-07-22,37.5,10.0,25.73,26.5,24.63,0.0,2.02,344.7,7.842,68.92,101.73
2021-07-23,37.5,10.0,26.5,28.02,25.33,0.0,3.97,125.4,7.7662,69.24,101.45
2021-07-24,37.5,10.0,27.52,29.11,25.68,0.0,6.18,135.3,7.253,67.47,101.22
2021-07-25,37.5,10.0,28.61,32.2,26.13,0.0,7.79,152.4,6.9514,63.59,100.89
2021-07-26,37.5,10.0,28.52,31.66,26.52,0.01,7.55,154.2,7.2362,66.35,101.01
2021-07-27,37.5,10.0,27.48,29.64,25.57,0.08,6.3,156.0,6.5551,69.78,101.35
2021-07-28,37.5,10.0,28.2,30.77,25.56,0.0,7.98,154.6,7.369,62.15,101.25
2021-07-29,37.5,10.0,27.35,29.03,26.47,0.0,4.37,196.5,6.7858,73.05,101.21
2021-07-30,37.5,10.0,26.52,27.22,25.85,0.19,2.54,351.8,7.0781,81.35,101.16
2021-07-31,37.5,10.0,28.59,29.91,26.86,0.01,2.07,169.3,6.9578,67.55,100.95
2021-08-01,37.5,10.0,27.42,29.2,26.47,0.33,4.77,306.8,6.6782,78.93,101.13
2021-08-02,37.5,10.0,25.94,26.41,25.4,0.0,5.58,22.2,7.0145,73.16,101.4
2021-08-03,37.5,10.0,26.44,27.06,26.05,0.36,6.48,84.9,5.8793,83.85,101.28
2021-08-04,37.5,10.0,26.81,27.65,25.72,0.0,5.86,267.8,6.7702,80.93,101.16
2021-08-05,37.5,10.0,26.18,26.47,25.93,0.0,4.6,321.5,7.1551,67.18,101.38
2021-08-06,37.5,10.0,26.55,27.88,25.53,0.0,3.6,76.8,7.4602,69.63,101.09
2021-08-07,37.5,10.0,28.89,31.86,26.8,0.0,7.54,144.8,7.0889,69.52,100.7
2021-08-08,37.5,10.0,26.93,27.33,26.43,0.03,3.91,112.5,6.4618,87.92,101.18
2021-08-09,37.5,10.0,29.85,36.4,26.88,0.02,4.92,148.1,6.7546,71.67,101.39
2021-08-10,37.5,10.0,31.44,38.51,28.74,0.0,4.56,175.6,6.7056,56.34,101.4
2021-08-11,37.5,10.0,28.48,29.49,26.92,0.0,3.59,321.2,5.7874,84.43,101.48
2021-08-12,37.5,10.0,27.46,27.77,27.2,0.02,3.31,73.9,6.191,88.95,101.61
2021-08-13,37.5,10.0,27.84,28.76,26.87,0.05,3.69,102.8,5.9849,87.81,101.75
2021-08-14,37.5,10.0,27.41,28.19,26.86,0.27,2.93,84.3,6.4699,86.39,101.71
2021-08-15,37.5,10.0,27.95,28.91,27.51,0.07,2.65,87.2,6.8717,75.0,101.56
2021-08-16,37.5,10.0,29.42,32.48,27.36,0.0,2.89,168.4,6.5918,66.71,101.33
2021-08-17,37.5,10.0,27.22,28.87,26.04,0.02,7.71,301.3,6.3559,73.22,101.37
2021-08-18,37.5,10.0,26.04,26.44,25.72,0.0,8.84,306.6,6.721,72.5,101.43
2021-08-19,37.5,10.0,25.75,26.22,25.24,0.0,5.0,316.9,6.8904,71.18,101.37
2021-08-20,37.5,10.0,26.14,27.11,25.85,0.05,3.07,66.2,6.4898,72.72,101.4
2021-08-21,37.5,10.0,25.65,25.97,25.23,0.09,2.45,54.5,6.8455,78.57,101.69
2021-08-22,37.5,10.0,25.93,26.69,25.25,0.11,2.44,70.1,6.8688,79.6,101.78
2021-08-23,37.5,10.0,27.13,28.23,26.11,0.1,2.57,268.9,6.6638,68.79,101.51
2021-08-24,37.5,10.0,27.03,27.62,26.56,0.33,2.88,357.8,6.4231,77.32,101.17
2021-08-25,37.5,10.0,27.2,28.47,26.58,1.03,3.73,58.9,5.8226,75.47,101.08
2021-08-26,37.5,10.0,26.91,27.88,26.56,3.45,5.15,302.0,6.0888,79.18,101.15
2021-08-27,37.5,10.0,26.54,27.03,26.06,0.06,5.07,298.8,6.6984,71.64,101.29
2021-08-28,37.5,10.0,26.88,27.82,26.34,0.59,2.97,286.7,5.8858,70.23,101.13
2021-08-29,37.5,10.0,25.31,26.39,24.62,0.36,5.38,319.2,6.467,71.41,101.17
2021-08-30,37.5,10.0,25.72,25.94,25.13,0.08,2.58,304.7,6.3941,66.44,101.35
2021-08-31,37.5,10.0,26.38,27.06,25.75,2.32,3.56,80.3,6.0094,72.82,101.5
2021-09-01,37.5,10.0,27.12,27.96,26.62,2.07,5.78,98.4,5.9393,77.31,101.62
2021-09-02,37.5,10.0,27.24,28.23,26.57,2.42,6.83,119.9,5.3378,79.91,101.63
2021-09-03,37.5,10.0,27.29,28.8,26.46,3.74,4.75,158.0,5.3842,85.92,101.35
2021-09-04,37.5,10.0,26.57,26.8,26.36,2.77,3.67,309.7,5.4722,83.76,101.3
2021-09-05,37.5,10.0,25.8,26.56,25.4,0.1,4.75,334.0,5.9407,81.03,101.55
2021-09-06,37.5,10.0,25.71,25.97,25.47,0.3,3.75,350.4,6.1411,74.96,101.83
2021-09-07,37.5,10.0,25.87,26.07,25.55,1.22,4.13,9.5,5.8558,71.89,101.9
2021-09-08,37.5,10.0,26.26,27.97,25.13,0.33,5.43,133.8,4.6126,70.28,101.62
2021-09-09,37.5,10.0,26.87,27.64,26.33,2.73,6.87,140.2,4.7983,78.51,101.22
2021-09-10,37.5,10.0,26.33,26.68,25.97,4.86,4.05,277.8,3.7104,81.51,101.36
2021-09-11,37.5,10.0,25.84,26.19,25.41,1.58,8.95,297.0,5.3952,79.82,101.41
2021-09-12,37.5,10.0,24.99,25.5,24.74,0.47,4.07,320.0,5.712,76.26,101.53
2021-09-13,37.5,10.0,24.65,24.94,24.16,0.04,2.51,310.1,5.7787,73.7,101.67
2021-09-14,37.5,10.0,25.4,26.4,24.28,0.0,5.38,124.5,5.7502,74.44,101.72
2021-09-15,37.5,10.0,26.58,27.97,25.52,0.01,7.2,134.8,4.4081,79.6,101.6
2021-09-16,37.5,10.0,26.71,28.07,25.26,0.04,5.89,159.8,4.6087,77.59,101.48
2021-09-17,37.5,10.0,26.44,27.7,25.47,1.13,2.94,235.3,2.8987,80.67,101.29
2021-09-18,37.5,10.0,25.6,26.33,25.13,0.73,2.51,23.1,3.6454,85.81,101.21
2021-09-19,37.5,10.0,25.27,25.53,25.08,0.34,4.8,314.4,5.3998,81.36,101.48
2021-09-20,37.5,10.0,24.17,25.12,23.2,0.06,3.42,1.0,2.5567,68.02,101.7
2021-09-21,37.5,10.0,25.17,25.57,24.35,4.36,4.54,95.4,3.5597,71.42,101.74
2021-09-22,37.5,10.0,25.16,25.81,24.26,1.86,4.11,77.2,4.6896,82.97,101.69
2021-09-23,37.5,10.0,25.3,25.96,24.61,0.28,6.08,111.6,4.6673,84.74,101.68
2021-09-24,37.5,10.0,26.46,27.37,25.48,0.1,7.16,129.1,4.0867,84.55,101.45
2021-09-25,37.5,10.0,26.39,27.97,25.18,0.01,6.64,148.4,4.6186,77.49,101.53
2021-09-26,37.5,10.0,26.27,27.42,25.21,0.06,6.26,144.0,4.0853,84.82,101.66
2021-09-27,37.5,10.0,25.38,26.04,24.91,0.12,7.06,277.3,3.6629,85.9,101.73
2021-09-28,37.5,10.0,24.54,24.82,24.13,0.01,6.0,312.4,5.0748,74.2,101.82
2021-09-29,37.5,10.0,24.49,25.13,23.95,0.01,7.29,302.6,5.2548,77.34,101.95
2021-09-30,37.5,10.0,24.29,24.93,23.68,0.01,7.77,316.3,5.1024,70.04,102.09
2021-10-01,37.5,10.0,23.31,23.6,23.01,0.04,4.22,297.4,4.1081,68.41,101.89
2021-10-02,37.5,10.0,23.21,23.59,22.85,0.19,2.59,193.1,4.6572,66.35,101.64
2021-10-03,37.5,10.0,24.98,27.04,23.24,0.11,7.36,148.9,4.6138,75.82,101.45
2021-10-04,37.5,10.0,25.34,29.22,23.26,0.31,5.59,186.4,4.3049,76.67,101.48
2021-10-05,37.5,10.0,23.2,24.45,22.22,1.44,3.88,342.4,2.0232,77.05,101.85
2021-10-06,37.5,10.0,22.96,23.57,22.34,0.22,7.17,308.5,4.5295,73.28,101.83
2021-10-07,37.5,10.0,21.76,22.17,21.36,0.09,12.44,300.5,4.3154,68.99,101.4
2021-10-08,37.5,10.0,22.4,23.41,21.8,0.4,7.55,313.2,3.8398,65.94,101.4
2021-10-09,37.5,10.0,21.01,21.59,20.58,2.44,2.97,310.3,2.9316,73.33,101.56
2021-10-10,37.5,10.0,20.81,21.49,20.17,2.0,5.09,331.9,2.5145,69.18,101.75
2021-10-11,37.5,10.0,21.24,21.7,20.72,0.2,6.44,314.5,4.4945,66.8,101.85
2021-10-12,37.5,10.0,21.16,21.43,20.82,0.01,5.61,298.3,4.219,69.88,101.55
2021-10-13,37.5,10.0,21.23,21.89,19.69,21.05,8.87,303.6,2.7122,70.84,101.19
2021-10-14,37.5,10.0,20.18,20.74,19.64,15.32,8.4,353.9,4.0766,64.76,101.64
2021-10-15,37.5,10.0,19.71,20.58,18.9,0.03,9.11,325.4,4.0178,63.69,101.75
2021-10-16,37.5,10.0,20.91,21.58,20.54,1.17,4.77,286.6,3.7109,70.33,101.66
2021-10-17,37.5,10.0,20.33,20.62,19.94,8.34,3.46,310.7,4.1789,76.54,101.79
2021-10-18,37.5,10.0,19.97,20.68,19.11,1.19,2.7,9.0,4.0433,70.38,102.22
2021-10-19,37.5,10.0,20.88,21.67,20.06,0.09,4.23,58.9,4.0786,71.54,102.64
2021-10-20,37.5,10.0,21.28,23.22,19.95,0.04,5.56,157.8,4.075,74.08,102.53
2021-10-21,37.5,10.0,21.96,24.63,19.5,0.0,5.82,189.5,4.1453,72.37,101.84
2021-10-22,37.5,10.0,21.94,24.25,19.62,0.24,3.44,196.2,3.63,76.38,101.47
2021-10-23,37.5,10.0,21.86,22.6,21.16,2.61,3.57,112.4,2.2505,86.75,101.53
2021-10-24,37.5,10.0,21.13,21.55,20.74,11.17,7.31,12.4,0.8138,88.75,101.33
2021-10-25,37.5,10.0,21.01,21.45,20.55,7.48,6.87,9.9,2.5349,88.02,101.36
2021-10-26,37.5,10.0,20.22,20.84,19.61,3.05,7.01,345.8,2.5802,84.84,101.73
2021-10-27,37.5,10.0,20.27,21.06,19.24,3.14,4.11,349.6,0.853,77.95,101.84
2021-10-28,37.5,10.0,18.97,19.22,18.7,2.58,2.75,11.9,1.4887,78.91,101.75
2021-10-29,37.5,10.0,19.78,20.33,18.87,0.15,3.04,331.1,3.5141,76.41,101.57
2021-10-30,37.5,10.0,20.58,21.96,19.52,1.76,3.38,158.7,2.0302,71.74,101.58
2021-10-31,37.5,10.0,21.3,22.56,20.3,5.91,6.55,208.0,1.2281,78.87,101.26
2021-11-01,37.5,10.0,21.94,23.05,21.34,2.06,8.72,264.8,2.106,88.65,100.88
2021-11-02,37.5,10.0,21.54,22.38,20.79,0.36,5.01,272.0,3.1586,80.81,101.12
2021-11-03,37.5,10.0,21.46,23.06,19.92,0.6,6.62,205.8,2.8606,81.95,100.58
2021-11-04,37.5,10.0,19.07,20.23,18.69,3.04,4.34,313.0,2.3261,71.48,101.01
2021-11-05,37.5,10.0,18.99,19.88,18.41,0.14,2.57,296.5,1.6762,72.59,101.31
2021-11-06,37.5,10.0,20.52,21.22,19.83,2.88,4.22,53.2,1.3246,78.7,101.2
2021-11-07,37.5,10.0,19.57,21.03,18.06,0.49,5.88,235.1,3.3566,69.58,101.14
2021-11-08,37.5,10.0,18.7,19.73,18.0,1.01,5.82,242.8,3.1102,71.62,101.1
2021-11-09,37.5,10.0,18.86,19.7,18.04,3.36,6.9,162.8,1.0632,74.06,101.26
2021-11-10,37.5,10.0,19.74,21.85,18.01,0.86,6.0,173.2,3.2875,67.03,101.52
2021-11-11,37.5,10.0,18.87,19.34,18.28,1.38,4.19,268.6,3.103,69.46,101.62
2021-11-12,37.5,10.0,19.59,21.31,18.49,0.76,5.15,161.2,3.3818,64.23,101.5
2021-11-13,37.5,10.0,18.91,20.81,16.9,1.18,3.74,197.7,3.319,60.9,101.45
2021-11-14,37.5,10.0,19.04,19.83,18.59,6.97,6.33,247.0,2.9338,75.59,101.26
2021-11-15,37.5,10.0,19.05,20.62,17.5,7.79,4.95,177.4,2.279,72.04,101.13
2021-11-16,37.5,10.0,18.7,19.93,17.75,6.77,2.78,224.9,1.7868,70.89,100.9
2021-11-17,37.5,10.0,17.66,18.19,16.93,2.15,4.86,272.8,2.7962,78.18,101.27
2021-11-18,37.5,10.0,18.69,19.56,17.82,0.39,2.83,284.7,3.0413,73.1,102.04
2021-11-19,37.5,10.0,18.3,18.66,17.89,0.15,3.43,356.1,2.8958,79.62,102.57
2021-11-20,37.5,10.0,17.5,17.76,17.1,0.01,2.73,21.7,3.0206,80.37,102.35
2021-11-21,37.5,10.0,17.91,19.41,17.23,1.02,4.41,204.2,1.3704,74.06,101.42
2021-11-22,37.5,10.0,18.47,19.37,17.78,6.07,7.52,247.3,2.6033,76.74,100.91
2021-11-23,37.5,10.0,18.55,19.07,17.99,0.78,4.95,273.6,2.7055,74.61,101.36
2021-11-24,37.5,10.0,18.5,20.56,17.11,0.74,4.27,191.7,2.9494,70.0,101.41
2021-11-25,37.5,10.0,16.84,17.93,15.83,4.77,5.29,255.8,1.5139,73.24,100.84
2021-11-26,37.5,10.0,17.14,17.69,16.4,1.87,9.73,257.4,2.1602,72.9,100.65
2021-11-27,37.5,10.0,17.01,17.74,16.07,3.47,10.08,246.4,2.172,71.49,100.4
2021-11-28,37.5,10.0,15.33,16.96,13.89,9.89,10.06,266.4,1.3154,74.75,100.27
2021-11-29,37.5,10.0,13.48,14.76,12.69,18.48,14.93,292.1,0.9718,72.09,100.73
2021-11-30,37.5,10.0,15.21,15.81,14.85,0.09,10.15,310.5,2.4454,64.39,102.19
2021-12-01,37.5,10.0,15.82,16.36,15.34,0.18,6.31,260.0,2.557,71.5,102.0
2021-12-02,37.5,10.0,15.94,17.16,14.69,6.14,8.13,248.5,2.5346,73.02,100.67
2021-12-03,37.5,10.0,14.04,15.2,13.08,15.9,10.28,310.6,1.8036,73.92,100.74
2021-12-04,37.5,10.0,15.62,16.18,15.03,0.2,10.42,295.4,1.9046,73.74,101.73
2021-12-05,37.5,10.0,15.91,16.41,15.27,9.92,10.5,260.6,1.0675,78.51,100.97
2021-12-06,37.5,10.0,13.73,14.93,12.79,5.81,15.12,307.3,1.4647,69.8,100.82
2021-12-07,37.5,10.0,15.6,16.8,14.12,0.57,11.74,302.1,2.2334,74.3,101.63
2021-12-08,37.5,10.0,16.02,17.82,13.9,5.71,7.77,241.3,2.7211,79.39,101.09
2021-12-09,37.5,10.0,14.43,15.29,13.66,4.85,11.33,289.8,1.6462,68.44,101.05
2021-12-10,37.5,10.0,15.34,16.48,13.97,14.68,12.23,267.9,0.9578,80.93,100.9
2021-12-11,37.5,10.0,13.98,15.37,13.2,2.28,15.45,306.0,2.1492,69.87,100.89
2021-12-12,37.5,10.0,14.61,15.38,13.84,0.05,8.18,326.7,2.6352,67.78,102.02
2021-12-13,37.5,10.0,15.03,15.32,14.74,0.0,6.41,330.6,2.5946,62.72,102.52
2021-12-14,37.5,10.0,14.73,15.02,14.54,0.0,5.2,313.8,2.6431,75.7,102.43
2021-12-15,37.5,10.0,15.14,15.62,14.62,0.18,2.9,333.1,2.2946,75.92,102.38
2021-12-16,37.5,10.0,15.23,15.61,14.8,1.19,2.21,301.6,1.5427,77.6,102.49
2021-12-17,37.5,10.0,14.47,14.87,13.71,0.01,1.74,127.0,2.5255,71.29,102.73
2021-12-18,37.5,10.0,14.6,15.13,14.2,0.01,3.74,21.1,2.1864,73.75,102.67
2021-12-19,37.5,10.0,14.65,15.41,14.04,0.0,2.0,88.9,2.4278,59.05,102.53
2021-12-20,37.5,10.0,14.07,14.67,13.21,0.01,4.79,287.6,2.3227,74.05,102.11
2021-12-21,37.5,10.0,14.61,15.11,14.07,0.03,3.47,304.1,2.5013,74.71,102.21
2021-12-22,37.5,10.0,14.92,15.5,14.14,0.0,3.26,112.8,2.1821,72.01,102.07
2021-12-23,37.5,10.0,14.97,15.21,14.26,0.06,4.2,131.4,2.0422,81.13,102.19
2021-12-24,37.5,10.0,15.33,17.79,13.5,0.0,6.59,178.1,2.6424,78.18,101.86
2021-12-25,37.5,10.0,15.3,16.9,13.26,0.0,5.35,209.2,1.8132,81.91,101.25
2021-12-26,37.5,10.0,15.76,17.25,14.03,2.0,5.24,244.2,1.3258,85.79,101.12
2021-12-27,37.5,10.0,16.2,16.6,15.73,0.75,8.18,259.3,1.6987,91.07,101.17
2021-12-28,37.5,10.0,16.15,16.42,15.89,0.07,9.07,282.2,2.4019,93.43,101.4
2021-12-29,37.5,10.0,16.27,16.65,15.91,0.01,11.32,284.4,2.5414,89.92,101.63
2021-12-30,37.5,10.0,16.05,16.49,15.64,0.09,9.77,300.3,1.9529,90.27,101.9
2021-12-31,37.5,10.0,15.29,15.64,14.85,0.1,4.26,306.9,1.5898,93.76,102.55
2022-01-01,37.5,10.0,14.56,14.8,14.36,0.06,6.03,295.9,0.8731,91.72,102.73
2022-01-02,37.5,10.0,13.94,14.23,13.64,0.53,4.37,310.3,0.9336,87.03,102.78
2022-01-03,37.5,10.0,14.35,14.82,14.03,0.22,6.4,291.3,1.5118,87.7,102.46
2022-01-04,37.5,10.0,15.22,15.97,14.32,0.0,4.44,237.5,2.7262,77.9,101.74
2022-01-05,37.5,10.0,14.86,16.38,13.14,0.18,9.84,257.4,2.6633,74.25,100.98
2022-01-06,37.5,10.0,13.31,13.81,13.01,2.87,8.27,292.5,1.5986,73.04,101.07
2022-01-07,37.5,10.0,13.36,14.45,12.61,5.19,7.79,311.2,2.4588,76.52,101.33
2022-01-08,37.5,10.0,13.69,14.46,12.64,6.64,13.72,321.6,2.4019,72.05,101.54
2022-01-09,37.5,10.0,14.63,15.56,13.87,2.19,12.79,302.1,1.6397,69.06,101.16
2022-01-10,37.5,10.0,13.7,14.21,12.86,7.54,13.73,325.5,1.4146,70.81,100.54
2022-01-11,37.5,10.0,13.48,14.12,12.76,1.24,10.92,339.4,1.4585,70.13,101.34
2022-01-12,37.5,10.0,12.71,13.88,11.57,6.4,9.78,338.7,2.6129,70.44,101.96
2022-01-13,37.5,10.0,12.93,13.46,12.35,15.56,6.57,54.7,1.6514,75.99,102.71
2022-01-14,37.5,10.0,13.01,13.43,12.42,0.02,5.31,15.6,2.2992,66.44,103.0
2022-01-15,37.5,10.0,13.26,13.56,13.04,0.04,6.84,314.0,2.6935,74.57,102.58
2022-01-16,37.5,10.0,13.13,13.34,12.79,0.03,6.99,305.1,2.2615,77.44,102.7
2022-01-17,37.5,10.0,13.94,14.65,13.08,0.01,8.51,307.1,2.6753,73.16,102.83
2022-01-18,37.5,10.0,13.5,13.74,13.24,0.07,5.71,295.0,2.466,72.45,103.02
2022-01-19,37.5,10.0,13.52,13.91,13.17,0.03,1.48,233.1,2.9964,59.46,102.99
2022-01-20,37.5,10.0,12.97,13.32,12.21,0.04,4.63,273.5,2.5001,67.61,102.48
2022-01-21,37.5,10.0,13.19,13.64,12.56,0.88,7.79,292.7,2.3868,74.17,102.24
2022-01-22,37.5,10.0,12.77,13.34,12.34,1.68,4.43,325.8,2.401,72.9,102.51
2022-01-23,37.5,10.0,12.68,13.1,12.13,0.19,2.47,93.5,3.3158,61.69,102.85
2022-01-24,37.5,10.0,12.88,14.18,11.66,0.13,2.94,54.3,3.3389,65.0,102.74
2022-01-25,37.5,10.0,12.45,13.18,11.86,0.35,3.18,84.0,2.4797,68.25,103.01
2022-01-26,37.5,10.0,12.45,12.88,12.09,0.01,2.43,252.0,2.9923,67.96,103.03
2022-01-27,37.5,10.0,12.41,13.41,11.41,0.0,2.68,261.5,3.2786,68.4,102.84
2022-01-28,37.5,10.0,13.28,14.18,12.46,0.0,5.95,289.8,2.7468,74.07,102.74
2022-01-29,37.5,10.0,13.56,14.46,12.99,0.03,5.99,344.6,3.047,68.9,102.9
2022-01-30,37.5,10.0,14.02,14.51,13.51,0.0,8.04,291.0,3.0427,75.02,102.61
2022-01-31,37.5,10.0,14.04,14.9,13.01,0.04,10.93,279.3,3.6934,80.89,101.66
2022-02-01,37.5,10.0,13.8,14.06,13.39,0.38,13.66,324.2,3.2242,67.98,101.24
2022-02-02,37.5,10.0,13.74,14.26,12.87,0.35,12.02,308.5,2.4096,77.71,101.67
2022-02-03,37.5,10.0,14.42,15.01,13.69,0.0,5.5,274.9,3.6778,79.68,102.26
2022-02-04,37.5,10.0,13.82,15.79,11.44,0.0,6.92,235.1,3.6749,83.92,101.94
2022-02-05,37.5,10.0,14.54,14.73,14.33,0.02,7.69,294.8,3.2282,83.89,102.07
2022-02-06,37.5,10.0,13.97,14.38,13.56,0.0,7.38,299.4,3.163,75.19,102.39
2022-02-07,37.5,10.0,13.99,14.82,13.06,0.03,12.34,298.7,3.419,74.23,102.25
2022-02-08,37.5,10.0,14.25,14.68,13.85,0.01,6.01,31.5,4.0258,59.18,102.89
2022-02-09,37.5,10.0,13.42,13.86,12.99,0.0,3.11,92.4,4.1237,56.1,103.26
2022-02-10,37.5,10.0,13.32,15.61,11.36,0.0,4.73,161.8,4.1582,63.42,102.82
2022-02-11,37.5,10.0,12.93,14.14,11.31,0.0,2.96,249.8,4.0416,79.68,102.3
2022-02-12,37.5,10.0,13.3,13.77,12.54,0.11,4.53,318.8,2.6808,82.06,102.33
2022-02-13,37.5,10.0,12.84,13.89,12.15,0.18,2.68,155.4,3.8582,74.22,102.4
2022-02-14,37.5,10.0,13.98,16.82,11.63,0.0,6.63,173.4,3.5244,75.42,101.85
2022-02-15,37.5,10.0,13.9,14.65,12.71,1.17,7.98,295.7,2.8625,75.63,101.96
2022-02-16,37.5,10.0,14.0,14.74,13.0,2.85,11.42,304.6,3.4085,72.06,102.04
2022-02-17,37.5,10.0,14.8,15.25,13.8,1.87,10.81,309.3,2.9678,83.25,101.86
2022-02-18,37.5,10.0,14.91,15.0,14.76,0.03,7.07,292.4,3.8642,88.67,101.9
2022-02-19,37.5,10.0,14.73,16.82,12.52,0.1,5.09,198.7,2.9758,86.07,101.52
2022-02-20,37.5,10.0,14.24,14.71,13.73,0.11,9.61,302.2,3.5575,79.18,102.12
2022-02-21,37.5,10.0,14.23,15.03,13.59,0.11,11.31,295.9,3.9994,76.33,102.1
2022-02-22,37.5,10.0,14.04,14.37,13.7,0.13,13.51,313.2,4.5295,73.28,101.8
2022-02-23,37.5,10.0,13.84,14.32,13.43,0.0,6.55,323.5,4.6294,77.04,102.41
2022-02-24,37.5,10.0,14.07,15.37,13.29,0.0,4.43,133.4,4.5739,72.06,102.21
2022-02-25,37.5,10.0,13.96,14.58,13.14,0.03,4.88,324.5,4.5571,81.93,101.99
2022-02-26,37.5,10.0,13.56,14.15,12.79,0.75,8.56,324.9,3.4008,70.44,101.93
2022-02-27,37.5,10.0,12.71,12.94,12.45,0.0,6.18,344.2,4.2576,57.04,102.21
2022-02-28,37.5,10.0,12.26,12.92,11.87,0.05,4.26,343.8,2.687,63.81,102.28
2022-03-01,37.5,10.0,12.45,14.1,11.48,0.45,6.89,355.6,3.9185,67.45,102.41
2022-03-02,37.5,10.0,12.5,13.62,11.37,0.43,2.32,339.4,4.7695,58.53,102.36
2022-03-03,37.5,10.0,13.23,14.79,11.51,0.05,3.52,226.2,3.5318,72.73,101.66
2022-03-04,37.5,10.0,13.68,14.05,13.02,0.58,2.39,267.5,3.6168,75.66,101.16
2022-03-05,37.5,10.0,13.09,13.78,12.7,1.21,5.28,337.3,3.5719,73.87,101.09
2022-03-06,37.5,10.0,12.43,12.96,11.72,0.17,2.96,85.2,2.675,70.95,101.37
2022-03-07,37.5,10.0,12.17,12.5,11.73,0.1,3.66,67.7,4.9896,69.53,101.5
2022-03-08,37.5,10.0,12.53,13.19,11.92,0.0,5.44,8.6,5.0122,65.38,101.74
2022-03-09,37.5,10.0,12.16,13.07,11.69,0.02,5.18,346.4,3.7781,66.92,102.23
2022-03-10,37.5,10.0,12.19,12.87,11.42,0.0,3.07,108.8,5.5061,67.24,102.46
2022-03-11,37.5,10.0,13.85,15.19,12.67,0.0,7.87,130.8,4.9898,79.46,102.0
2022-03-12,37.5,10.0,14.24,14.82,13.66,6.01,8.4,150.1,1.5751,84.31,101.7
2022-03-13,37.5,10.0,14.72,16.42,13.39,0.13,6.4,162.3,5.2428,83.57,101.84
2022-03-14,37.5,10.0,14.82,15.87,14.04,0.01,10.11,135.4,4.0169,86.28,102.49
2022-03-15,37.5,10.0,14.82,16.03,14.09,0.03,11.43,141.0,4.3834,82.6,102.85
2022-03-16,37.5,10.0,14.73,15.85,14.01,0.02,10.48,136.3,3.815,84.48,102.13
2022-03-17,37.5,10.0,14.62,15.08,14.09,0.03,11.12,109.8,2.5582,85.42,101.54
2022-03-18,37.5,10.0,14.88,15.08,14.66,0.72,9.54,94.6,2.4586,87.05,101.74
2022-03-19,37.5,10.0,14.6,15.32,13.49,20.76,10.91,108.9,1.7724,86.22,101.99
2022-03-20,37.5,10.0,13.54,13.98,13.16,0.85,9.71,116.8,2.857,76.92,102.65
2022-03-21,37.5,10.0,12.51,13.4,12.13,3.68,5.71,112.1,3.1858,78.63,102.89
2022-03-22,37.5,10.0,12.28,12.89,11.61,0.43,6.68,126.9,4.3735,76.47,102.86
2022-03-23,37.5,10.0,13.32,14.34,12.38,0.0,6.49,133.3,5.6892,70.7,102.71
2022-03-24,37.5,10.0,13.72,15.61,12.35,0.0,8.92,144.9,5.9815,71.26,102.52
2022-03-25,37.5,10.0,14.11,15.78,12.63,0.66,10.11,144.0,3.8578,78.26,102.27
2022-03-26,37.5,10.0,15.08,16.06,14.05,0.1,11.12,122.1,3.2767,83.48,101.77
2022-03-27,37.5,10.0,15.08,15.5,14.62,2.93,3.45,110.9,3.0497,91.25,101.82
2022-03-28,37.5,10.0,14.55,15.27,13.73,0.13,3.66,342.0,5.0357,91.68,102.17
2022-03-29,37.5,10.0,15.33,17.18,13.73,0.0,6.62,143.7,4.7429,84.86,101.31
2022-03-30,37.5,10.0,16.06,17.34,15.35,2.07,5.22,204.2,2.85,86.43,100.14
2022-03-31,37.5,10.0,15.04,15.73,14.2,5.69,7.3,266.4,4.9334,87.1,99.86
2022-04-01,37.5,10.0,14.53,16.44,12.53,2.83,10.3,270.5,5.6306,77.94,100.4
2022-04-02,37.5,10.0,12.72,13.8,12.17,0.15,11.35,276.5,4.6186,66.57,101.22
2022-04-03,37.5,10.0,12.43,13.11,11.72,0.05,4.77,329.1,3.8047,63.28,101.62
2022-04-04,37.5,10.0,14.27,14.86,13.21,0.04,6.89,91.5,3.9266,74.04,101.26
2022-04-05,37.5,10.0,14.39,14.75,14.05,0.04,6.56,91.2,4.8144,82.25,101.1
2022-04-06,37.5,10.0,14.98,16.16,13.93,0.48,9.72,220.5,2.7139,88.21,100.82
2022-04-07,37.5,10.0,14.97,15.68,14.58,0.39,11.5,287.7,6.151,81.37,101.62
2022-04-08,37.5,10.0,15.76,16.86,14.66,0.0,5.87,267.5,6.6857,79.83,101.72
2022-04-09,37.5,10.0,15.78,16.71,14.89,0.0,7.85,276.0,6.1687,78.53,101.36
2022-04-10,37.5,10.0,14.48,14.81,13.9,0.0,7.02,320.5,6.8338,65.98,101.95
2022-04-11,37.5,10.0,14.95,16.83,13.54,0.0,8.9,132.7,6.9202,69.2,101.92
2022-04-12,37.5,10.0,15.53,17.24,14.31,0.01,11.4,141.0,6.2263,79.65,101.5
2022-04-13,37.5,10.0,15.21,15.73,14.56,0.03,10.08,123.2,4.2845,81.74,101.13
2022-04-14,37.5,10.0,15.7,16.32,15.27,0.04,9.8,94.5,3.2786,87.18,101.0
2022-04-15,37.5,10.0,15.65,15.95,15.3,1.07,4.66,67.9,2.4814,91.55,101.36
2022-04-16,37.5,10.0,15.25,15.59,14.96,0.25,6.53,302.0,2.2469,91.3,101.27
2022-04-17,37.5,10.0,15.33,15.64,14.8,1.68,7.85,334.6,5.7715,84.53,101.13
2022-04-18,37.5,10.0,15.05,15.28,14.81,0.0,6.61,333.4,6.8873,64.1,101.49
2022-04-19,37.5,10.0,16.55,19.71,14.39,0.0,4.02,155.6,6.8261,68.36,101.24
2022-04-20,37.5,10.0,16.95,19.91,14.7,0.14,6.17,150.6,3.3144,79.58,100.51
2022-04-21,37.5,10.0,15.4,16.2,14.11,3.0,7.21,278.9,1.8031,85.77,100.01
2022-04-22,37.5,10.0,15.55,16.1,14.43,2.23,9.58,264.5,5.6198,82.52,100.57
2022-04-23,37.5,10.0,17.54,21.86,14.57,0.0,6.94,195.0,6.1334,74.98,100.83
2022-04-24,37.5,10.0,16.42,17.47,15.83,0.0,4.36,281.5,6.2129,81.05,101.26
2022-04-25,37.5,10.0,15.76,16.08,15.3,0.0,3.69,31.3,6.6912,82.89,101.37
2022-04-26,37.5,10.0,16.1,16.79,15.01,0.0,5.06,108.6,6.828,84.46,101.34
2022-04-27,37.5,10.0,16.73,17.89,15.44,1.69,4.21,106.4,6.1697,89.05,101.38
2022-04-28,37.5,10.0,16.54,16.79,16.25,6.89,3.15,29.8,2.345,91.33,101.64
2022-04-29,37.5,10.0,16.32,16.46,16.07,1.06,4.31,347.1,4.0176,88.73,101.9
2022-04-30,37.5,10.0,15.93,16.07,15.68,0.0,3.02,357.4,5.6455,76.4,101.86
2022-05-01,37.5,10.0,16.52,17.2,15.71,0.07,5.71,287.5,7.3498,85.81,101.6
2022-05-02,37.5,10.0,16.27,16.64,15.88,0.33,5.12,325.5,7.4837,79.93,101.4
2022-05-03,37.5,10.0,17.21,18.25,15.75,0.1,5.05,128.9,6.7013,80.94,101.31
2022-05-04,37.5,10.0,17.29,18.53,16.38,0.96,7.54,115.0,5.8634,86.43,101.37
2022-05-05,37.5,10.0,17.76,19.39,16.41,0.43,9.85,135.7,3.5966,85.56,100.71
2022-05-06,37.5,10.0,16.7,17.09,16.33,5.16,12.94,282.4,4.9236,84.32,101.03
2022-05-07,37.5,10.0,16.7,16.94,16.34,14.87,8.82,298.9,4.177,90.82,101.09
2022-05-08,37.5,10.0,16.77,17.04,16.5,6.66,6.66,304.2,5.58,91.76,101.49
2022-05-09,37.5,10.0,16.86,17.37,16.34,6.05,3.51,317.2,5.9623,88.87,101.92
2022-05-10,37.5,10.0,17.09,17.8,16.67,1.32,3.22,358.0,6.7951,87.02,102.06
2022-05-11,37.5,10.0,17.37,17.78,16.93,0.01,2.83,328.9,7.3822,86.32,102.21
2022-05-12,37.5,10.0,17.62,18.46,16.13,0.01,2.77,111.4,7.4522,78.25,102.31
2022-05-13,37.5,10.0,18.56,19.72,17.14,0.0,4.39,121.2,7.8324,77.42,102.06
2022-05-14,37.5,10.0,18.43,19.2,17.07,0.0,3.67,115.5,7.9814,79.64,101.91
2022-05-15,37.5,10.0,18.95,19.61,18.24,0.0,5.13,100.4,7.6032,87.98,101.71
2022-05-16,37.5,10.0,19.35,19.96,18.63,0.06,3.79,88.6,7.632,84.31,101.9
2022-05-17,37.5,10.0,19.63,20.1,19.02,0.0,3.76,112.5,7.3524,79.16,101.82
2022-05-18,37.5,10.0,19.85,20.24,19.19,0.34,2.68,6.4,7.5713,87.17,101.79
2022-05-19,37.5,10.0,20.22,20.63,19.84,0.51,4.07,61.2,7.5118,90.54,102.25
2022-05-20,37.5,10.0,20.67,21.69,19.7,0.05,4.53,118.7,7.9457,80.92,102.53
2022-05-21,37.5,10.0,20.31,22.22,18.28,0.0,4.21,140.7,8.1031,75.57,102.07
2022-05-22,37.5,10.0,20.86,21.74,19.98,0.0,1.88,101.9,7.6704,72.96,101.43
2022-05-23,37.5,10.0,22.81,24.75,21.21,0.0,4.02,152.6,7.6039,66.44,100.93
2022-05-24,37.5,10.0,21.67,22.91,20.58,0.02,2.4,149.8,7.6373,81.15,100.83
2022-05-25,37.5,10.0,21.18,21.81,20.68,3.91,3.4,316.5,5.537,92.05,101.1
2022-05-26,37.5,10.0,20.98,21.31,19.95,0.63,5.49,315.5,4.2511,83.87,101.51
2022-05-27,37.5,10.0,20.24,20.79,19.62,2.99,7.5,280.9,5.4766,85.16,101.26
2022-05-28,37.5,10.0,20.25,20.62,19.91,4.43,7.82,278.7,5.7502,92.48,100.67
2022-05-29,37.5,10.0,21.16,21.8,20.02,0.0,6.49,277.9,8.0575,78.64,100.78
2022-05-30,37.5,10.0,22.63,25.6,21.7,0.0,3.1,221.2,7.3742,72.08,100.95
2022-05-31,37.5,10.0,22.21,22.82,21.27,0.0,2.85,249.7,7.3975,82.52,101.32
2022-06-01,37.5,10.0,22.27,23.66,21.42,0.0,3.42,87.2,7.1393,89.06,101.38
2022-06-02,37.5,10.0,22.57,24.52,21.26,0.54,3.67,117.9,6.9454,83.3,101.44
2022-06-03,37.5,10.0,25.11,28.03,23.44,0.04,5.22,163.3,7.6654,64.29,101.38
2022-06-04,37.5,10.0,25.43,28.43,22.72,0.0,5.66,159.9,7.7335,63.52,101.46
2022-06-05,37.5,10.0,22.57,24.17,21.92,0.04,6.07,276.4,7.423,85.43,101.68
2022-06-06,37.5,10.0,22.33,22.88,21.87,0.0,4.75,291.1,7.4983,83.81,101.67
2022-06-07,37.5,10.0,22.53,23.1,21.95,0.03,5.02,295.3,7.787,88.31,101.37
2022-06-08,37.5,10.0,22.69,23.14,22.28,0.03,4.69,302.2,8.0856,85.65,101.22
2022-06-09,37.5,10.0,21.92,22.34,21.1,0.0,10.19,293.6,6.816,81.52,101.17
2022-06-10,37.5,10.0,21.18,21.71,20.89,0.08,10.11,301.0,8.233,79.84,101.39
2022-06-11,37.5,10.0,21.36,21.6,20.99,0.0,7.5,301.0,8.2361,85.11,101.78
2022-06-12,37.5,10.0,21.91,22.18,21.56,0.0,5.89,312.5,8.2433,84.69,101.82
2022-06-13,37.5,10.0,22.57,23.25,21.7,0.24,5.63,300.4,8.185,84.01,101.61
2022-06-14,37.5,10.0,22.79,23.18,22.49,0.0,3.87,35.0,8.1694,82.12,101.49
2022-06-15,37.5,10.0,23.12,23.81,22.59,0.0,3.47,99.4,8.0587,79.74,101.7
2022-06-16,37.5,10.0,23.94,24.35,23.44,0.0,3.11,117.3,8.0789,78.14,101.66
2022-06-17,37.5,10.0,24.47,25.51,24.01,0.0,2.32,95.6,8.1154,73.17,101.68
2022-06-18,37.5,10.0,23.92,24.43,22.95,0.04,3.76,46.1,7.9231,90.46,101.58
2022-06-19,37.5,10.0,24.03,24.71,23.13,0.01,5.43,101.9,8.1077,83.47,101.38
2022-06-20,37.5,10.0,24.26,25.31,22.84,0.0,6.76,129.2,7.9697,78.95,101.4
2022-06-21,37.5,10.0,25.42,27.47,23.2,0.0,6.72,147.8,7.5881,68.91,101.28
2022-06-22,37.5,10.0,25.08,25.72,24.09,0.0,4.25,172.3,7.489,72.24,101.18
2022-06-23,37.5,10.0,24.77,26.49,23.94,0.0,2.76,79.4,7.7098,80.3,101.34
2022-06-24,37.5,10.0,24.58,25.25,24.02,0.0,2.64,32.5,7.7191,89.43,101.36
2022-06-25,37.5,10.0,25.94,28.8,24.41,0.0,5.74,114.8,7.6862,81.9,101.17
2022-06-26,37.5,10.0,27.36,30.18,25.41,0.0,7.27,144.0,7.7683,68.1,101.04
2022-06-27,37.5,10.0,26.84,29.4,25.59,0.0,4.67,151.7,7.5917,74.52,101.16
2022-06-28,37.5,10.0,25.06,26.71,24.49,0.18,6.26,282.8,7.0474,88.12,101.39
2022-06-29,37.5,10.0,24.66,24.99,24.44,0.0,5.07,7.1,7.6428,80.25,101.29
2022-06-30,37.5,10.0,25.32,26.3,24.61,0.01,5.08,103.3,6.1721,85.18,101.05
2022-07-01,37.5,10.0,26.43,31.47,25.05,0.13,3.85,220.4,6.4762,84.58,101.21
2022-07-02,37.5,10.0,24.89,25.46,24.26,0.12,4.03,358.4,7.2629,90.87,101.62
2022-07-03,37.5,10.0,25.36,25.96,24.73,0.01,3.25,58.3,6.9108,79.8,101.6
2022-07-04,37.5,10.0,25.84,26.43,25.49,0.0,2.3,61.4,7.4458,81.03,101.5
2022-07-05,37.5,10.0,26.32,26.75,25.69,0.0,3.53,289.3,7.2514,83.08,101.55
2022-07-06,37.5,10.0,26.17,26.87,25.54,0.04,4.77,293.0,7.0193,87.25,101.53
2022-07-07,37.5,10.0,26.36,26.72,26.15,0.01,6.22,293.4,7.182,83.12,101.5
2022-07-08,37.5,10.0,25.31,25.94,24.98,0.0,9.07,306.5,8.0232,74.75,101.68
2022-07-09,37.5,10.0,25.5,26.11,24.87,0.01,5.62,335.6,7.9711,76.65,101.78
2022-07-10,37.5,10.0,25.16,25.39,24.94,0.0,4.44,331.8,7.9574,74.02,101.58
2022-07-11,37.5,10.0,25.33,25.62,25.17,0.0,3.77,64.6,8.0669,69.79,101.65
2022-07-12,37.5,10.0,26.16,27.48,24.51,0.0,6.66,128.9,8.0472,72.21,101.79
2022-07-13,37.5,10.0,26.02,27.25,25.29,0.0,5.52,104.6,7.853,78.8,101.83
2022-07-14,37.5,10.0,25.29,25.65,24.83,0.0,3.04,62.7,7.9966,78.49,101.84
2022-07-15,37.5,10.0,25.79,26.51,24.66,0.07,2.2,65.3,7.9445,73.29,101.52
2022-07-16,37.5,10.0,25.95,26.71,24.95,0.0,3.15,105.3,8.0047,71.41,101.56
2022-07-17,37.5,10.0,27.2,28.29,26.12,0.0,3.84,110.9,7.9346,70.92,101.67
2022-07-18,37.5,10.0,27.2,28.35,25.74,0.0,5.08,116.9,7.8391,69.24,101.65
2022-07-19,37.5,10.0,27.51,28.87,25.96,0.01,6.06,118.3,7.7496,74.68,101.52
2022-07-20,37.5,10.0,27.48,29.04,26.0,0.04,6.08,115.8,7.6078,76.07,101.51
2022-07-21,37.5,10.0,27.23,28.68,26.65,0.0,3.12,95.2,7.5298,78.69,101.62
2022-07-22,37.5,10.0,27.36,28.74,26.54,0.01,3.24,105.3,7.7522,75.14,101.61
2022-07-23,37.5,10.0,27.63,28.76,26.28,0.01,3.62,117.3,7.3219,74.66,101.63
2022-07-24,37.5,10.0,28.94,31.15,27.72,0.0,1.89,164.4,7.6289,62.55,101.61
2022-07-25,37.5,10.0,27.85,28.4,27.07,0.01,3.29,299.0,7.2067,76.97,101.42
2022-07-26,37.5,10.0,28.18,29.24,27.0,0.01,4.01,298.4,7.3486,79.96,101.15
2022-07-27,37.5,10.0,27.78,28.16,27.5,0.09,7.07,299.9,7.0385,78.53,101.03
2022-07-28,37.5,10.0,27.27,27.93,26.41,0.02,3.74,331.6,7.4866,82.19,101.15
2022-07-29,37.5,10.0,26.87,28.77,25.67,0.01,3.27,83.8,7.5838,77.71,101.35
2022-07-30,37.5,10.0,27.98,28.72,27.24,0.01,4.45,317.2,7.3572,81.28,101.4
2022-07-31,37.5,10.0,27.79,28.09,27.28,0.01,6.21,316.0,7.5115,75.53,101.46
2022-08-01,37.5,10.0,27.14,27.69,26.6,0.03,2.53,13.0,7.3879,76.73,101.32
2022-08-02,37.5,10.0,27.03,27.48,26.62,0.0,2.7,348.5,7.5065,75.5,101.37
2022-08-03,37.5,10.0,27.78,28.31,27.23,0.02,2.57,49.4,7.5084,71.62,101.35
2022-08-04,37.5,10.0,27.82,28.6,27.12,0.41,4.71,105.0,7.1642,77.05,101.39
2022-08-05,37.5,10.0,29.1,30.29,27.46,0.07,5.07,130.7,7.1434,69.27,101.27
2022-08-06,37.5,10.0,28.24,28.97,27.67,0.93,3.18,329.8,7.009,79.77,101.26
2022-08-07,37.5,10.0,28.38,28.81,27.94,1.57,6.72,301.4,6.87,81.55,101.21
2022-08-08,37.5,10.0,28.5,28.92,27.93,1.64,5.28,304.2,6.9598,83.33,101.3
2022-08-09,37.5,10.0,28.27,28.99,27.92,0.3,3.86,358.0,6.9394,76.04,101.45
2022-08-10,37.5,10.0,27.92,28.34,27.57,3.55,3.84,352.2,6.671,73.84,101.47
2022-08-11,37.5,10.0,27.47,27.84,27.11,2.4,2.93,33.8,6.8676,73.07,101.39
2022-08-12,37.5,10.0,27.65,28.14,27.08,1.02,4.22,304.7,6.8822,71.75,101.34
2022-08-13,37.5,10.0,28.23,28.71,27.64,0.38,3.28,290.4,6.768,71.32,101.17
2022-08-14,37.5,10.0,28.04,28.73,27.33,0.03,3.24,111.2,6.7039,75.54,100.96
2022-08-15,37.5,10.0,29.58,32.04,28.19,0.08,3.94,204.1,5.2092,66.85,100.82
2022-08-16,37.5,10.0,29.74,31.61,28.46,0.15,5.45,197.3,5.4811,66.72,101.04
2022-08-17,37.5,10.0,31.37,36.45,28.29,0.0,7.65,157.8,4.9428,62.46,100.78
2022-08-18,37.5,10.0,28.46,30.15,27.7,0.13,6.88,274.0,4.7851,79.91,100.9
2022-08-19,37.5,10.0,27.31,27.59,27.03,0.0,9.79,309.9,6.7922,68.98,101.44
2022-08-20,37.5,10.0,27.19,27.38,26.9,0.0,9.89,306.4,6.9389,69.81,101.51
2022-08-21,37.5,10.0,26.65,27.22,25.93,0.15,9.11,309.1,6.9014,76.41,101.26
2022-08-22,37.5,10.0,27.0,27.37,26.45,0.34,8.45,305.7,6.5261,72.7,100.95
2022-08-23,37.5,10.0,26.12,26.74,25.74,0.1,7.16,304.5,6.7406,76.72,101.14
2022-08-24,37.5,10.0,26.28,26.6,25.69,0.01,4.58,310.4,6.6391,74.08,101.34
2022-08-25,37.5,10.0,26.06,26.49,25.82,0.34,3.69,325.0,6.7176,76.66,101.34
2022-08-26,37.5,10.0,26.3,26.8,25.77,1.72,4.39,300.5,6.5794,83.03,101.1
2022-08-27,37.5,10.0,26.45,27.4,25.66,1.28,2.54,120.7,6.5489,75.4,101.06
2022-08-28,37.5,10.0,27.07,27.8,26.0,1.09,2.35,343.9,6.3446,75.87,101.22
2022-08-29,37.5,10.0,26.33,26.83,25.41,0.05,2.34,43.2,6.3835,78.1,101.57
2022-08-30,37.5,10.0,27.52,28.48,26.29,0.08,4.29,110.7,6.4596,75.19,101.66
2022-08-31,37.5,10.0,26.73,28.49,24.9,0.66,4.93,185.8,3.5227,74.23,101.48
2022-09-01,37.5,10.0,27.16,27.53,26.49,0.79,5.22,304.4,6.3986,78.8,101.34
2022-09-02,37.5,10.0,27.21,28.15,25.98,0.36,4.48,120.1,5.6311,78.93,101.28
2022-09-03,37.5,10.0,28.19,30.5,27.26,0.64,4.17,210.9,4.7426,77.73,101.31
2022-09-04,37.5,10.0,28.03,29.95,26.31,0.9,3.82,217.3,3.7558,68.57,101.74
2022-09-05,37.5,10.0,27.75,28.5,26.99,0.05,7.34,109.5,5.3424,84.22,101.68
2022-09-06,37.5,10.0,27.24,28.76,26.16,0.44,4.01,169.1,5.3179,86.44,101.68
2022-09-07,37.5,10.0,27.43,28.18,26.86,0.18,2.96,238.2,5.1187,81.52,101.5
2022-09-08,37.5,10.0,28.2,29.26,27.79,0.15,5.13,253.1,5.521,78.79,101.35
2022-09-09,37.5,10.0,27.47,27.86,26.49,0.34,3.26,323.6,5.315,81.36,101.5
2022-09-10,37.5,10.0,26.92,27.38,26.45,0.04,4.61,312.1,6.0922,78.21,101.66
2022-09-11,37.5,10.0,27.04,27.36,26.9,0.01,4.28,327.6,6.1565,68.34,101.56
2022-09-12,37.5,10.0,27.0,27.68,26.54,0.13,3.67,350.2,6.0154,76.96,101.4
2022-09-13,37.5,10.0,27.32,28.24,26.59,0.15,6.56,118.8,5.851,75.8,101.28
2022-09-14,37.5,10.0,28.7,31.34,26.56,0.15,7.88,147.4,5.6131,76.04,101.1
2022-09-15,37.5,10.0,27.78,28.83,27.19,1.36,5.79,199.7,4.7633,84.28,100.97
2022-09-16,37.5,10.0,26.99,27.56,26.26,3.74,3.6,300.1,4.8701,86.81,100.99
2022-09-17,37.5,10.0,26.31,26.95,25.45,2.01,7.33,309.1,5.2908,73.3,101.01
2022-09-18,37.5,10.0,24.76,25.35,24.17,0.0,3.67,7.0,5.7842,61.92,101.39
2022-09-19,37.5,10.0,26.31,27.88,25.54,0.63,4.59,116.5,4.8919,72.55,101.21
2022-09-20,37.5,10.0,26.05,26.4,25.42,0.23,6.57,315.8,5.2274,70.5,101.29
2022-09-21,37.5,10.0,24.72,25.3,24.43,0.01,5.91,321.0,4.6788,72.79,101.5
2022-09-22,37.5,10.0,24.71,25.88,23.34,5.39,2.14,117.3,1.0272,66.17,101.45
2022-09-23,37.5,10.0,23.87,24.37,23.19,1.58,3.85,71.4,4.6066,66.34,101.71
2022-09-24,37.5,10.0,25.17,27.56,23.21,0.0,7.23,164.2,5.5457,64.36,101.59
2022-09-25,37.5,10.0,25.03,26.85,23.09,13.78,6.11,218.6,4.4347,71.14,101.19
2022-09-26,37.5,10.0,24.44,25.67,22.7,3.6,6.22,260.8,3.6127,78.82,100.95
2022-09-27,37.5,10.0,24.03,24.65,23.6,0.36,7.75,291.7,4.5758,70.25,101.04
2022-09-28,37.5,10.0,23.66,24.36,23.23,1.09,7.39,285.3,4.3978,70.7,100.98
2022-09-29,37.5,10.0,24.4,25.29,23.28,0.18,6.19,250.2,5.1754,68.16,100.67
2022-09-30,37.5,10.0,24.54,25.84,23.74,0.2,3.74,304.1,4.4784,72.64,100.82
2022-10-01,37.5,10.0,22.87,23.68,22.21,0.41,8.02,321.9,5.2615,70.35,102.15
2022-10-02,37.5,10.0,23.45,24.01,22.7,0.0,7.13,304.6,5.2344,72.64,102.47
2022-10-03,37.5,10.0,23.73,24.04,23.35,0.0,6.05,306.4,4.9675,78.95,101.87
2022-10-04,37.5,10.0,23.35,23.92,22.9,0.04,3.52,5.3,4.9207,80.73,101.85
2022-10-05,37.5,10.0,23.23,23.96,22.62,0.05,4.07,102.0,4.7686,79.44,102.31
2022-10-06,37.5,10.0,23.98,24.9,23.55,0.13,6.22,115.7,4.793,81.57,102.39
2022-10-07,37.5,10.0,22.92,23.62,22.27,0.01,5.29,109.2,4.9678,78.12,102.2
2022-10-08,37.5,10.0,24.14,25.49,22.97,0.18,4.19,140.9,4.6193,75.55,101.73
2022-10-09,37.5,10.0,23.84,24.78,23.2,0.66,2.48,137.5,1.8665,80.54,101.6
2022-10-10,37.5,10.0,23.54,24.28,22.49,1.24,3.6,134.3,4.2415,76.23,101.66
2022-10-11,37.5,10.0,23.22,23.63,22.78,2.65,4.6,100.0,4.296,84.48,101.73
2022-10-12,37.5,10.0,23.83,25.46,23.07,7.59,6.29,190.7,1.8737,84.26,101.62
2022-10-13,37.5,10.0,23.18,23.72,22.87,2.85,6.97,287.7,3.1855,82.74,101.82
2022-10-14,37.5,10.0,23.49,24.22,22.65,0.36,9.19,309.5,3.7375,75.58,101.9
2022-10-15,37.5,10.0,23.04,23.43,22.74,0.26,5.22,310.1,4.4549,80.74,101.79
2022-10-16,37.5,10.0,23.1,24.42,22.21,0.01,6.67,127.3,4.4129,81.89,101.99
2022-10-17,37.5,10.0,23.61,24.5,23.01,0.12,6.71,124.0,4.3519,82.73,102.44
2022-10-18,37.5,10.0,23.44,24.32,22.29,0.06,4.52,113.7,4.3454,82.7,102.46
2022-10-19,37.5,10.0,22.33,22.86,21.79,0.01,2.29,55.9,4.3745,74.46,102.09
2022-10-20,37.5,10.0,22.13,23.2,20.93,0.02,3.82,120.9,4.2228,74.1,101.93
2022-10-21,37.5,10.0,23.57,25.74,21.79,0.0,7.93,148.3,4.381,73.55,101.87
2022-10-22,37.5,10.0,23.6,25.41,22.03,0.0,6.78,156.4,4.1918,75.16,101.97
2022-10-23,37.5,10.0,23.62,25.5,22.0,0.0,6.43,149.5,4.3589,72.65,102.03
2022-10-24,37.5,10.0,24.06,26.9,22.39,0.02,3.22,188.1,4.1962,66.58,102.02
2022-10-25,37.5,10.0,23.75,24.58,23.07,0.09,2.79,108.1,4.0716,75.87,101.99
2022-10-26,37.5,10.0,23.35,24.71,21.69,0.0,4.25,147.9,4.0502,63.96,102.08
2022-10-27,37.5,10.0,23.71,25.66,21.68,0.0,4.62,147.2,4.0183,62.99,102.34
2022-10-28,37.5,10.0,22.61,23.92,21.38,0.0,3.03,128.6,3.9996,74.0,102.38
2022-10-29,37.5,10.0,22.47,22.92,22.09,0.01,4.18,102.0,3.7735,84.49,102.2
2022-10-30,37.5,10.0,23.12,24.31,22.06,0.0,5.84,130.6,3.8467,73.61,102.06
2022-10-31,37.5,10.0,22.57,22.93,21.85,0.0,5.67,120.6,3.8794,76.13,102.09
2022-11-01,37.5,10.0,22.48,23.58,21.05,0.0,5.04,133.1,3.8522,69.65,102.15
2022-11-02,37.5,10.0,22.17,23.79,20.34,0.0,3.26,154.1,3.6449,64.64,102.22
2022-11-03,37.5,10.0,23.54,25.63,21.97,0.0,5.73,176.1,3.6166,59.35,101.84
2022-11-04,37.5,10.0,22.12,22.93,19.73,16.1,8.19,273.8,2.2382,80.26,101.2
2022-11-05,37.5,10.0,19.61,20.45,18.29,10.15,13.73,306.7,2.5822,68.69,100.99
2022-11-06,37.5,10.0,20.1,20.33,19.86,0.07,8.9,318.7,3.4322,68.54,101.7
2022-11-07,37.5,10.0,20.01,20.2,19.71,0.0,3.09,297.4,3.5453,69.78,102.08
2022-11-08,37.5,10.0,20.92,22.42,19.52,0.0,5.82,137.0,3.6209,69.42,101.86
2022-11-09,37.5,10.0,20.63,21.66,19.35,0.0,3.21,161.4,3.0929,81.49,101.8
2022-11-10,37.5,10.0,20.9,21.5,19.99,0.18,4.38,269.3,2.9714,84.7,102.06
2022-11-11,37.5,10.0,20.5,20.99,19.95,0.04,3.45,97.8,3.174,85.07,102.63
2022-11-12,37.5,10.0,20.73,21.57,19.6,0.41,2.92,35.2,3.2239,71.24,102.43
2022-11-13,37.5,10.0,18.99,19.73,18.06,4.96,2.45,162.7,1.7614,79.3,101.93
2022-11-14,37.5,10.0,19.93,20.58,19.42,0.24,3.45,148.5,3.3043,73.49,101.96
2022-11-15,37.5,10.0,20.73,21.82,19.77,0.38,3.46,197.8,3.1001,75.47,101.62
2022-11-16,37.5,10.0,21.12,22.13,20.42,0.84,7.26,259.7,2.8723,79.59,101.0
2022-11-17,37.5,10.0,20.96,21.75,20.37,1.15,8.64,273.1,2.4074,82.44,100.76
2022-11-18,37.5,10.0,20.98,21.62,20.37,1.6,7.44,263.4,2.9676,84.62,100.78
2022-11-19,37.5,10.0,19.39,20.37,18.29,2.66,9.83,265.1,1.3723,76.83,100.67
2022-11-20,37.5,10.0,17.67,18.2,16.85,8.36,12.73,302.8,2.2735,69.89,101.2
2022-11-21,37.5,10.0,18.83,19.91,18.11,0.11,10.13,268.8,2.6976,67.83,101.55
2022-11-22,37.5,10.0,17.76,18.22,17.32,9.02,14.54,271.3,2.213,67.31,100.71
2022-11-23,37.5,10.0,19.36,20.1,17.79,7.77,12.33,285.3,1.8271,79.55,100.94
2022-11-24,37.5,10.0,19.02,19.62,18.73,0.07,9.45,302.9,3.0691,74.59,101.71
2022-11-25,37.5,10.0,19.06,20.07,18.06,0.87,3.11,259.3,2.5433,73.1,101.89
2022-11-26,37.5,10.0,17.83,19.21,16.89,13.2,13.0,320.4,2.4619,75.86,101.53
2022-11-27,37.5,10.0,17.59,17.87,17.28,0.56,10.43,4.4,2.0009,70.62,101.95
2022-11-28,37.5,10.0,17.2,18.17,16.45,1.21,4.62,163.0,2.1185,64.76,101.49
2022-11-29,37.5,10.0,16.8,17.38,16.2,6.92,6.73,323.0,1.7405,70.66,100.88
2022-11-30,37.5,10.0,16.04,16.81,14.68,2.71,8.48,325.7,2.16,74.58,101.0
2022-12-01,37.5,10.0,16.78,17.34,16.23,2.8,3.75,267.6,1.9675,69.32,101.44
2022-12-02,37.5,10.0,17.23,18.98,15.54,0.0,8.45,180.8,1.6978,62.51,101.26
2022-12-03,37.5,10.0,17.58,18.35,16.71,0.34,5.84,210.3,1.715,70.99,100.91
2022-12-04,37.5,10.0,17.25,18.75,15.26,0.01,3.5,212.2,2.821,64.59,101.52
2022-12-05,37.5,10.0,17.97,19.59,16.68,0.0,4.5,189.5,2.8171,64.21,101.85
2022-12-06,37.5,10.0,18.03,19.62,16.17,0.26,5.86,229.9,1.3764,76.36,101.2
2022-12-07,37.5,10.0,17.73,18.21,17.29,0.37,4.82,297.5,2.6314,85.86,101.21
2022-12-08,37.5,10.0,18.24,19.84,17.04,0.29,4.42,206.1,2.3866,77.01,101.13
2022-12-09,37.5,10.0,18.71,20.27,16.69,4.68,5.57,223.4,1.4702,79.83,100.67
2022-12-10,37.5,10.0,18.47,19.2,17.26,2.95,9.52,262.7,2.0753,82.94,100.29
2022-12-11,37.5,10.0,17.45,18.03,16.55,2.66,8.98,282.2,1.8965,74.98,100.75
2022-12-12,37.5,10.0,17.11,17.45,16.62,2.01,6.76,287.5,1.7882,81.75,100.88
2022-12-13,37.5,10.0,18.81,19.84,16.99,2.28,9.32,257.0,1.9433,86.72,100.81
2022-12-14,37.5,10.0,19.13,20.3,18.28,0.03,8.44,250.4,2.4821,84.12,100.68
2022-12-15,37.5,10.0,18.81,20.89,17.69,0.67,3.75,196.7,2.3558,82.02,100.62
2022-12-16,37.5,10.0,17.85,18.66,16.96,0.3,5.12,286.6,2.0868,84.11,100.91
2022-12-17,37.5,10.0,17.44,18.03,16.83,0.34,4.93,266.1,2.6762,77.82,101.83
2022-12-18,37.5,10.0,16.98,17.43,16.65,0.31,3.63,324.3,2.6789,81.55,102.72
2022-12-19,37.5,10.0,16.23,16.73,15.93,0.01,3.1,62.8,2.5874,81.9,103.11
2022-12-20,37.5,10.0,15.97,16.51,15.18,0.0,3.85,141.1,2.6645,74.93,102.79
2022-12-21,37.5,10.0,16.71,17.78,15.31,0.06,4.52,240.0,2.7631,75.96,102.19
2022-12-22,37.5,10.0,17.3,17.66,16.84,0.18,7.99,299.3,2.2824,85.38,102.14
2022-12-23,37.5,10.0,17.45,17.74,17.07,0.01,9.84,284.8,2.3364,87.61,102.15
2022-12-24,37.5,10.0,17.85,18.46,17.17,0.0,8.27,282.2,2.37,88.85,102.12
2022-12-25,37.5,10.0,18.52,20.21,17.54,0.0,3.92,247.5,2.778,73.7,102.34
2022-12-26,37.5,10.0,17.75,19.11,16.39,0.0,3.1,202.9,2.783,71.85,102.6
2022-12-27,37.5,10.0,17.52,18.05,16.9,0.03,5.33,278.2,2.7523,89.19,102.75
2022-12-28,37.5,10.0,16.69,16.94,16.41,0.03,3.77,280.5,2.8346,83.96,102.65
2022-12-29,37.5,10.0,15.91,17.24,14.25,0.0,3.88,210.9,2.406,75.87,102.35
2022-12-30,37.5,10.0,16.82,17.12,16.56,0.02,4.69,271.0,2.561,81.88,102.59
2022-12-31,37.5,10.0,16.29,17.43,15.12,0.0,3.99,202.3,2.622,72.58,102.92
2023-01-01,37.5,10.0,16.57,18.82,14.48,0.0,5.47,148.7,2.8253,70.65,102.8
2023-01-02,37.5,10.0,16.44,19.22,14.53,0.0,9.14,157.9,2.814,71.53,102.61
2023-01-03,37.5,10.0,15.39,16.3,14.14,0.0,3.93,230.6,2.8044,77.0,102.73
2023-01-04,37.5,10.0,15.73,16.03,15.3,0.05,5.12,300.7,2.225,87.62,102.84
2023-01-05,37.5,10.0,16.11,16.4,15.82,0.64,3.72,312.7,2.4883,79.44,102.62
2023-01-06,37.5,10.0,16.01,16.45,15.58,0.79,5.51,317.3,2.4852,76.09,102.51
2023-01-07,37.5,10.0,16.07,16.41,15.64,0.23,4.02,318.8,2.0585,72.12,102.47
2023-01-08,37.5,10.0,15.88,17.21,14.8,0.0,4.38,225.4,2.9734,66.04,102.17
2023-01-09,37.5,10.0,16.37,17.95,14.74,2.11,8.82,263.6,1.2144,75.36,101.62
2023-01-10,37.5,10.0,15.64,16.86,14.81,0.07,13.86,311.5,2.2709,67.78,102.18
2023-01-11,37.5,10.0,15.5,16.65,14.49,0.01,7.64,309.7,2.6218,75.32,102.34
2023-01-12,37.5,10.0,16.05,16.61,15.61,0.03,10.02,307.8,2.3035,75.83,102.24
2023-01-13,37.5,10.0,15.83,16.78,14.99,0.05,8.6,306.5,2.4137,77.4,102.35
2023-01-14,37.5,10.0,15.91,16.25,15.65,0.01,9.39,312.9,2.6261,75.44,102.35
2023-01-15,37.5,10.0,16.38,17.54,15.51,0.0,5.65,268.4,2.8219,72.21,102.0
2023-01-16,37.5,10.0,16.4,16.75,16.06,1.06,11.04,265.5,2.0407,76.3,101.15
2023-01-17,37.5,10.0,16.47,17.69,14.2,0.64,10.54,242.8,2.1082,76.31,100.25
2023-01-18,37.5,10.0,14.95,17.31,12.83,11.48,10.39,258.4,1.7551,76.67,100.18
2023-01-19,37.5,10.0,12.5,13.2,11.69,13.92,10.81,291.3,1.5101,73.8,101.01
2023-01-20,37.5,10.0,12.72,14.76,11.43,2.73,14.01,277.2,1.7458,72.43,100.84
2023-01-21,37.5,10.0,11.69,12.17,10.85,1.09,12.2,288.2,1.0651,69.47,101.16
2023-01-22,37.5,10.0,11.56,12.05,11.23,3.81,7.27,291.6,1.549,71.18,101.22
2023-01-23,37.5,10.0,12.37,12.84,11.71,4.76,6.93,258.2,2.2114,71.28,101.6
2023-01-24,37.5,10.0,12.47,13.29,11.43,0.07,6.17,174.4,2.4701,56.11,101.92
2023-01-25,37.5,10.0,11.77,12.22,11.19,0.86,2.68,225.0,2.3515,58.84,101.53
2023-01-26,37.5,10.0,11.99,13.19,11.06,4.17,5.96,303.1,1.5698,77.0,100.82
2023-01-27,37.5,10.0,12.87,13.34,12.45,5.61,8.26,306.9,1.8727,74.45,100.86
2023-01-28,37.5,10.0,12.55,12.86,11.94,2.44,5.99,277.9,1.9555,72.06,101.21
2023-01-29,37.5,10.0,12.18,12.48,11.82,6.89,4.56,350.0,1.3543,76.33,101.79
2023-01-30,37.5,10.0,12.88,14.06,12.26,1.42,5.34,325.9,2.9078,75.94,102.26
2023-01-31,37.5,10.0,13.76,14.4,13.37,0.25,9.59,301.3,2.1814,72.7,102.34
2023-02-01,37.5,10.0,13.93,14.53,13.21,0.45,4.46,277.6,2.4504,70.58,102.49
2023-02-02,37.5,10.0,14.14,15.06,13.4,0.44,6.04,299.0,1.2859,71.52,102.42
2023-02-03,37.5,10.0,14.05,14.88,13.01,0.04,2.11,23.0,3.7202,67.61,102.73
2023-02-04,37.5,10.0,14.02,14.69,13.06,0.18,7.8,296.0,3.1267,77.59,102.4
2023-02-05,37.5,10.0,14.5,15.08,13.85,0.28,4.77,47.5,3.6994,68.89,102.57
2023-02-06,37.5,10.0,12.82,13.63,11.86,8.14,7.45,123.5,1.2266,79.01,102.39
2023-02-07,37.5,10.0,12.33,12.56,11.79,12.72,10.41,93.9,0.9166,80.28,102.45
2023-02-08,37.5,10.0,11.12,12.14,10.59,8.84,11.49,78.5,0.9235,83.1,102.34
2023-02-09,37.5,10.0,11.99,12.42,11.52,0.85,8.57,8.4,1.9992,75.69,102.41
2023-02-10,37.5,10.0,12.47,13.19,11.81,4.83,10.61,16.6,1.6018,76.08,102.87
2023-02-11,37.5,10.0,12.11,13.1,10.88,0.11,4.17,354.1,3.587,68.33,103.34
2023-02-12,37.5,10.0,11.89,12.97,11.04,0.01,2.17,7.0,3.5364,58.79,103.27
2023-02-13,37.5,10.0,13.77,14.27,13.01,0.3,4.89,358.5,3.1008,69.9,103.28
2023-02-14,37.5,10.0,13.14,13.78,12.51,0.01,2.3,74.2,4.1378,65.05,103.34
2023-02-15,37.5,10.0,12.81,13.21,12.43,0.0,2.29,121.0,4.3466,67.94,103.03
2023-02-16,37.5,10.0,13.9,14.5,13.02,0.0,4.01,126.5,3.3269,72.4,102.98
2023-02-17,37.5,10.0,13.78,14.15,13.55,0.03,2.06,101.7,3.893,74.51,103.06
2023-02-18,37.5,10.0,13.89,14.87,13.17,0.26,1.89,113.7,4.2101,69.63,103.07
2023-02-19,37.5,10.0,13.95,14.75,13.02,0.0,2.87,159.3,4.3229,72.34,102.68
2023-02-20,37.5,10.0,15.05,15.66,14.24,0.0,2.96,280.0,4.5398,80.72,102.54
2023-02-21,37.5,10.0,14.29,15.91,12.37,0.01,3.75,152.2,4.4616,74.76,102.05
2023-02-22,37.5,10.0,14.65,15.15,14.22,0.03,1.41,97.4,4.0186,88.05,101.61
2023-02-23,37.5,10.0,14.85,15.64,14.09,0.02,3.96,145.5,4.0757,84.97,101.41
2023-02-24,37.5,10.0,16.98,21.38,14.03,0.73,5.81,170.8,3.4332,72.84,100.89
2023-02-25,37.5,10.0,15.01,16.15,14.07,0.28,7.19,241.3,1.1551,75.66,100.14
2023-02-26,37.5,10.0,13.93,14.5,13.45,1.65,9.9,271.0,3.7793,71.18,100.33
2023-02-27,37.5,10.0,14.34,15.9,12.97,0.35,5.52,179.4,4.583,63.58,100.82
2023-02-28,37.5,10.0,12.39,14.93,10.25,8.28,7.12,254.8,2.0827,68.9,101.14
2023-03-01,37.5,10.0,12.85,13.68,11.73,6.19,10.97,254.7,2.6563,76.8,101.0
2023-03-02,37.5,10.0,13.24,14.08,11.64,0.8,5.95,270.3,4.6183,66.95,101.38
2023-03-03,37.5,10.0,12.88,13.63,11.66,8.28,9.21,271.9,2.963,76.65,101.19
2023-03-04,37.5,10.0,13.26,13.52,12.9,1.96,5.59,299.3,3.0876,73.77,101.49
2023-03-05,37.5,10.0,13.29,13.55,12.93,0.7,7.79,292.3,4.2566,76.14,101.74
2023-03-06,37.5,10.0,13.22,14.85,11.74,2.03,7.79,241.5,1.6874,76.19,101.19
2023-03-07,37.5,10.0,14.68,15.26,13.3,0.93,6.38,278.8,4.974,75.09,101.19
2023-03-08,37.5,10.0,15.43,15.79,14.75,0.02,7.07,261.3,5.0909,86.76,101.37
2023-03-09,37.5,10.0,16.17,17.34,15.32,0.29,6.18,246.2,4.5082,79.9,101.39
2023-03-10,37.5,10.0,15.86,16.27,15.22,0.07,9.17,271.1,5.0784,90.88,101.27
2023-03-11,37.5,10.0,15.68,16.27,15.16,0.01,12.17,276.8,4.5842,88.79,101.18
2023-03-12,37.5,10.0,15.84,16.1,15.54,0.0,11.06,288.8,5.4439,89.34,101.51
2023-03-13,37.5,10.0,15.55,16.15,14.92,0.0,5.28,243.8,5.6494,83.02,101.92
2023-03-14,37.5,10.0,15.55,17.26,14.76,0.0,9.73,265.1,4.452,79.24,101.26
2023-03-15,37.5,10.0,14.97,15.46,14.53,0.0,13.39,305.4,5.2999,70.85,101.44
2023-03-16,37.5,10.0,14.49,14.68,14.16,0.0,5.98,351.5,5.5051,71.58,101.79
2023-03-17,37.5,10.0,14.56,15.07,13.92,0.0,6.97,119.7,5.8056,69.28,101.82
2023-03-18,37.5,10.0,14.95,16.66,13.11,0.01,4.67,155.4,5.4338,81.88,101.6
2023-03-19,37.5,10.0,14.92,15.25,14.37,0.1,3.49,143.9,2.8289,82.95,101.86
2023-03-20,37.5,10.0,15.3,16.07,14.35,0.69,3.77,263.0,4.2946,78.08,101.8
2023-03-21,37.5,10.0,14.87,15.24,14.46,0.03,6.17,343.5,5.3558,80.53,101.63
2023-03-22,37.5,10.0,14.94,15.3,14.55,0.06,4.73,320.0,4.6162,84.7,101.65
2023-03-23,37.5,10.0,14.81,15.11,14.47,0.0,3.85,323.1,5.6726,81.81,101.8
2023-03-24,37.5,10.0,15.85,17.2,14.22,0.0,4.4,138.3,6.0353,80.81,101.82
2023-03-25,37.5,10.0,16.46,16.74,16.12,0.03,6.36,290.5,5.8834,86.68,101.96
2023-03-26,37.5,10.0,16.48,17.36,15.56,0.0,4.8,259.9,5.8128,80.15,101.59
2023-03-27,37.5,10.0,15.98,16.6,15.23,0.09,10.31,296.1,6.1858,78.79,101.6
2023-03-28,37.5,10.0,14.82,15.16,14.45,0.0,7.27,313.9,6.2472,70.24,102.36
2023-03-29,37.5,10.0,15.26,17.1,13.41,0.0,4.48,146.8,6.3442,68.37,102.7
2023-03-30,37.5,10.0,16.79,20.39,13.68,0.01,5.44,162.2,6.2047,69.58,102.24
2023-03-31,37.5,10.0,16.87,17.97,15.68,0.0,5.94,258.6,5.0182,80.48,101.73
2023-04-01,37.5,10.0,16.3,16.66,15.79,0.0,6.79,295.4,4.099,84.4,101.46
2023-04-02,37.5,10.0,14.54,15.68,13.45,12.15,8.62,295.8,3.6562,76.13,100.81
2023-04-03,37.5,10.0,15.34,15.96,13.7,6.73,11.36,322.1,4.902,80.34,100.67
2023-04-04,37.5,10.0,15.72,16.2,15.12,1.3,7.21,301.5,5.8942,71.76,101.14
2023-04-05,37.5,10.0,14.42,15.04,13.97,1.6,7.65,296.4,5.8625,70.53,101.55
2023-04-06,37.5,10.0,14.03,14.54,13.64,0.01,4.55,326.9,6.3677,67.53,101.85
2023-04-07,37.5,10.0,14.19,14.8,13.86,0.0,1.83,238.5,6.2635,58.74,101.78
2023-04-08,37.5,10.0,15.2,16.2,14.23,0.0,2.55,260.8,6.427,62.25,101.66
2023-04-09,37.5,10.0,15.03,15.32,14.71,0.02,4.77,323.4,6.6144,75.34,101.96
2023-04-10,37.5,10.0,15.22,15.57,14.88,0.01,4.7,329.1,6.7406,74.44,102.12
2023-04-11,37.5,10.0,16.05,16.71,15.09,0.0,4.31,307.3,6.7205,68.88,102.14
2023-04-12,37.5,10.0,17.05,19.38,15.29,0.0,4.32,233.0,6.6679,72.83,101.27
2023-04-13,37.5,10.0,16.43,17.85,15.18,0.07,8.66,294.3,5.3918,75.06,100.95
2023-04-14,37.5,10.0,16.1,16.83,14.93,0.08,8.43,284.0,6.3528,77.82,101.38
2023-04-15,37.5,10.0,16.1,16.74,15.63,2.54,7.01,280.9,4.6442,84.02,101.22
2023-04-16,37.5,10.0,15.64,16.05,15.1,2.82,11.18,298.7,5.9729,78.54,101.09
2023-04-17,37.5,10.0,15.79,16.48,14.75,0.67,7.32,299.7,6.8635,79.16,101.22
2023-04-18,37.5,10.0,16.03,16.59,15.35,0.0,3.24,290.7,6.4682,73.14,101.38
2023-04-19,37.5,10.0,15.96,16.43,15.45,0.0,5.22,96.5,6.949,80.49,101.36
2023-04-20,37.5,10.0,16.33,16.83,15.85,1.45,5.39,106.8,3.8143,89.42,100.92
2023-04-21,37.5,10.0,16.11,16.55,15.66,0.12,4.71,61.0,6.9053,87.1,101.06
2023-04-22,37.5,10.0,15.94,16.17,15.8,0.0,4.31,81.7,7.224,79.84,101.37
2023-04-23,37.5,10.0,17.1,18.56,15.65,0.01,4.11,170.4,6.6497,79.82,101.42
2023-04-24,37.5,10.0,17.19,17.51,16.71,0.0,3.61,304.1,7.0742,86.05,101.43
2023-04-25,37.5,10.0,17.46,17.98,16.75,0.0,3.84,288.2,5.8051,81.72,101.41
2023-04-26,37.5,10.0,17.81,18.23,17.45,0.05,5.63,298.1,7.145,86.89,101.47
2023-04-27,37.5,10.0,17.65,18.08,17.43,0.0,4.0,330.6,7.2766,83.6,101.71
2023-04-28,37.5,10.0,19.18,20.71,17.82,0.0,4.91,132.4,7.1136,76.29,101.81
2023-04-29,37.5,10.0,20.03,22.81,17.64,0.11,5.39,160.0,6.9667,74.07,101.25
2023-04-30,37.5,10.0,18.61,19.95,17.88,1.63,6.45,292.5,3.7286,89.53,101.03
2023-05-01,37.5,10.0,18.04,18.37,17.74,0.85,8.95,290.6,5.1449,88.59,101.18
2023-05-02,37.5,10.0,17.65,17.83,17.45,3.15,10.52,294.5,6.679,82.12,101.24
2023-05-03,37.5,10.0,17.37,17.66,16.9,0.19,6.96,302.0,7.0442,88.48,101.58
2023-05-04,37.5,10.0,17.48,17.67,17.16,0.12,3.97,326.2,7.3421,88.31,101.92
2023-05-05,37.5,10.0,17.4,17.75,16.93,0.01,3.23,86.5,6.6134,81.16,101.94
2023-05-06,37.5,10.0,18.16,18.9,17.11,0.0,6.72,112.2,7.3944,79.98,101.55
2023-05-07,37.5,10.0,19.31,22.67,17.6,3.27,5.61,134.8,3.8825,84.56,101.3
2023-05-08,37.5,10.0,18.22,18.68,17.55,4.62,5.31,284.1,2.2166,92.12,101.37
2023-05-09,37.5,10.0,17.61,18.18,16.74,0.72,5.44,341.8,5.803,89.24,101.46
2023-05-10,37.5,10.0,18.33,18.91,17.69,0.05,7.22,296.9,6.5635,86.32,101.48
2023-05-11,37.5,10.0,18.29,18.99,17.72,0.05,5.21,300.4,7.5245,72.22,101.55
2023-05-12,37.5,10.0,17.56,19.24,15.37,10.16,5.7,120.9,4.5338,83.74,101.37
2023-05-13,37.5,10.0,18.33,18.89,17.93,25.59,4.21,65.2,3.9953,94.12,100.99
2023-05-14,37.5,10.0,17.79,18.27,17.17,6.11,7.6,304.3,1.6961,80.75,101.26
2023-05-15,37.5,10.0,17.43,18.29,16.35,6.55,9.31,316.1,1.6884,83.64,100.64
2023-05-16,37.5,10.0,18.24,18.92,17.62,1.69,12.25,286.9,7.2514,80.18,100.67
2023-05-17,37.5,10.0,17.86,18.34,17.17,0.01,8.66,285.0,7.3723,74.26,101.24
2023-05-18,37.5,10.0,17.07,17.55,16.65,1.26,3.56,68.5,2.7571,76.47,101.31
2023-05-19,37.5,10.0,17.49,18.13,16.67,5.77,6.34,36.3,2.8253,88.09,100.8
2023-05-20,37.5,10.0,17.96,18.2,17.66,5.75,8.29,323.9,2.2272,91.22,100.14
2023-05-21,37.5,10.0,17.83,18.15,17.41,12.71,8.6,286.9,5.0976,86.41,100.74
2023-05-22,37.5,10.0,18.31,18.66,17.83,2.79,3.84,31.8,7.0538,90.25,101.01
2023-05-23,37.5,10.0,18.7,20.02,17.93,0.05,5.9,113.0,6.9065,87.59,101.05
2023-05-24,37.5,10.0,18.19,18.52,17.86,0.17,5.65,95.5,6.4478,91.73,101.15
2023-05-25,37.5,10.0,18.45,18.78,17.91,1.57,3.52,41.3,6.2246,89.51,101.38
2023-05-26,37.5,10.0,18.97,19.19,18.72,2.15,4.66,327.7,7.386,91.42,101.68
2023-05-27,37.5,10.0,19.81,20.51,19.02,0.01,3.87,301.9,7.6478,86.68,101.62
2023-05-28,37.5,10.0,19.88,20.34,19.31,0.28,2.78,101.5,7.5451,82.15,101.29
2023-05-29,37.5,10.0,19.51,20.27,18.85,7.41,3.5,316.5,3.5707,83.5,101.21
2023-05-30,37.5,10.0,20.22,20.56,19.56,3.0,2.82,269.0,6.7142,82.87,101.24
2023-05-31,37.5,10.0,19.98,20.93,19.28,1.67,3.58,241.4,6.5894,82.91,101.27
2023-06-01,37.5,10.0,20.16,21.45,18.91,3.2,2.76,136.7,6.27,80.66,101.35
2023-06-02,37.5,10.0,20.17,20.64,19.01,0.49,4.02,126.4,6.9394,80.89,101.33
2023-06-03,37.5,10.0,20.8,21.78,19.68,0.2,4.05,137.9,6.1766,81.28,101.39
2023-06-04,37.5,10.0,20.07,20.69,19.19,16.07,5.37,132.2,3.187,88.02,101.45
2023-06-05,37.5,10.0,20.36,20.79,19.38,0.9,5.01,120.0,3.9451,86.21,101.38
2023-06-06,37.5,10.0,20.17,20.5,19.74,0.2,3.72,82.2,6.3494,86.41,101.52
2023-06-07,37.5,10.0,20.63,21.3,19.47,0.0,5.21,124.4,7.3517,84.95,101.48
2023-06-08,37.5,10.0,21.39,22.31,20.43,0.17,4.51,125.9,6.6091,86.98,101.25
2023-06-09,37.5,10.0,21.45,21.75,21.19,4.95,3.78,146.0,4.0918,91.48,101.17
2023-06-10,37.5,10.0,21.46,21.73,21.27,4.54,1.57,333.5,4.6454,91.56,101.23
2023-06-11,37.5,10.0,21.74,21.98,21.4,0.11,6.29,298.5,7.4707,91.27,101.24
2023-06-12,37.5,10.0,22.32,22.91,21.79,0.04,3.92,298.9,8.1612,89.11,101.17
2023-06-13,37.5,10.0,22.69,24.16,21.72,3.54,3.46,189.9,5.7749,82.87,100.9
2023-06-14,37.5,10.0,22.07,22.59,21.46,14.65,3.96,264.3,3.6017,89.26,100.88
2023-06-15,37.5,10.0,22.25,22.58,21.83,1.55,8.03,302.9,7.7765,88.43,101.19
2023-06-16,37.5,10.0,22.28,22.66,21.89,0.29,7.79,296.1,7.5763,88.47,101.49
2023-06-17,37.5,10.0,22.08,22.26,21.79,0.24,4.05,301.2,8.0938,86.04,101.54
2023-06-18,37.5,10.0,23.21,24.78,21.47,0.02,6.93,124.3,8.1686,75.87,101.5
2023-06-19,37.5,10.0,23.99,25.68,22.66,0.0,8.32,131.4,7.0865,76.08,101.4
2023-06-20,37.5,10.0,24.52,26.4,23.09,0.0,8.6,143.3,7.0956,71.96,101.47
2023-06-21,37.5,10.0,24.83,27.74,22.22,0.0,8.12,148.6,6.943,67.32,101.55
2023-06-22,37.5,10.0,24.69,28.62,23.13,0.0,4.9,223.8,7.0848,72.15,101.74
2023-06-23,37.5,10.0,23.37,23.57,23.19,0.01,6.87,291.8,7.3034,92.68,101.83
2023-06-24,37.5,10.0,23.28,23.55,23.14,0.01,6.8,298.6,7.7628,87.02,101.62
2023-06-25,37.5,10.0,23.29,23.7,22.95,0.12,5.6,309.3,7.7261,88.03,101.53
2023-06-26,37.5,10.0,24.11,24.49,23.35,0.0,6.1,298.9,8.0729,87.41,101.58
2023-06-27,37.5,10.0,24.21,24.61,23.76,0.17,5.64,291.5,7.8302,93.35,101.44
2023-06-28,37.5,10.0,24.22,24.85,23.66,0.0,5.56,299.3,6.7361,82.26,101.36
2023-06-29,37.5,10.0,23.56,24.04,23.09,0.01,2.91,316.6,6.4306,85.28,101.34
2023-06-30,37.5,10.0,23.97,24.41,23.38,0.39,3.12,319.3,7.2391,89.71,101.29
2023-07-01,37.5,10.0,24.04,24.52,23.79,0.02,8.56,306.4,7.6464,78.28,101.32
2023-07-02,37.5,10.0,23.97,24.21,23.71,0.0,9.39,299.6,7.8478,81.59,101.46
2023-07-03,37.5,10.0,24.61,25.23,24.17,0.0,6.64,303.9,8.3006,77.02,101.58
2023-07-04,37.5,10.0,24.11,24.35,23.74,0.0,4.5,322.6,7.975,80.44,101.54
2023-07-05,37.5,10.0,24.82,25.9,23.71,0.0,2.75,319.2,8.0033,77.16,101.57
2023-07-06,37.5,10.0,25.64,26.47,24.7,0.0,5.26,116.0,7.7784,78.3,101.4
2023-07-07,37.5,10.0,27.01,29.44,25.37,0.01,6.97,133.3,6.839,74.65,101.33
2023-07-08,37.5,10.0,27.06,29.56,26.06,0.02,3.81,189.6,5.8771,76.22,101.51
2023-07-09,37.5,10.0,25.61,26.48,25.21,0.41,3.49,359.5,6.7723,92.57,101.77
2023-07-10,37.5,10.0,26.01,26.97,25.47,0.11,3.72,93.5,6.9372,87.72,101.86
2023-07-11,37.5,10.0,27.21,28.67,25.54,0.02,4.87,123.4,6.8659,84.28,101.6
2023-07-12,37.5,10.0,29.1,31.87,26.7,0.0,7.16,150.9,7.0181,68.86,101.41
2023-07-13,37.5,10.0,29.1,32.98,26.78,0.02,5.13,172.6,6.9614,67.56,101.41
2023-07-14,37.5,10.0,27.43,27.82,26.81,0.03,3.43,319.8,6.8338,84.63,101.51
2023-07-15,37.5,10.0,28.52,30.63,25.78,0.0,4.78,124.8,7.6253,74.54,101.28
2023-07-16,37.5,10.0,28.3,29.02,27.63,0.03,4.16,313.8,7.4506,79.78,101.35
2023-07-17,37.5,10.0,28.07,28.68,27.48,0.18,2.88,56.9,7.2055,89.01,101.64
2023-07-18,37.5,10.0,28.76,29.72,28.04,0.0,2.26,29.7,7.4796,80.55,101.7
2023-07-19,37.5,10.0,29.85,30.89,28.83,0.02,1.44,7.4,7.373,73.95,101.34
2023-07-20,37.5,10.0,29.24,29.71,28.69,0.0,5.33,290.9,7.4782,83.77,101.1
2023-07-21,37.5,10.0,29.83,32.92,28.48,0.0,2.96,287.9,7.1198,72.55,101.07
2023-07-22,37.5,10.0,29.24,29.95,28.5,0.0,3.92,26.7,7.1568,83.09,101.46
2023-07-23,37.5,10.0,31.64,38.0,28.83,0.0,4.31,118.0,7.4218,70.08,101.45
2023-07-24,37.5,10.0,34.95,40.03,30.31,0.0,4.33,215.5,7.7266,45.1,101.03
2023-07-25,37.5,10.0,30.14,33.14,28.45,0.14,8.8,274.1,5.6645,66.16,100.9
2023-07-26,37.5,10.0,27.0,28.21,26.51,0.0,8.87,320.4,7.5235,68.71,101.45
2023-07-27,37.5,10.0,26.08,26.47,25.81,0.0,6.44,323.1,7.9164,67.97,101.55
2023-07-28,37.5,10.0,27.4,29.84,26.11,0.1,4.51,132.2,6.4099,81.26,101.24
2023-07-29,37.5,10.0,26.95,27.64,26.44,0.59,4.93,81.9,6.0662,90.23,101.19
2023-07-30,37.5,10.0,27.4,28.05,26.59,0.0,3.45,26.6,7.5535,80.18,101.39
2023-07-31,37.5,10.0,27.37,27.63,26.83,0.0,6.47,306.0,7.4938,80.56,101.34
2023-08-01,37.5,10.0,27.03,27.35,26.42,0.0,7.91,309.1,7.4292,75.23,101.12
2023-08-02,37.5,10.0,26.96,27.09,26.8,0.0,3.76,317.5,7.2554,71.26,101.1
2023-08-03,37.5,10.0,27.88,28.53,27.07,0.0,2.9,107.8,7.4381,74.48,100.93
2023-08-04,37.5,10.0,26.47,28.37,25.42,0.47,7.6,315.2,5.9626,77.05,101.05
2023-08-05,37.5,10.0,25.04,25.24,24.75,0.18,13.01,303.2,7.3387,67.58,101.34
2023-08-06,37.5,10.0,25.14,25.44,24.81,0.0,10.79,306.2,7.5214,69.34,101.46
2023-08-07,37.5,10.0,24.29,24.64,24.01,0.0,10.35,304.2,7.62,68.49,101.6
2023-08-08,37.5,10.0,23.24,23.82,22.61,0.0,4.27,320.0,7.7249,68.19,101.7
2023-08-09,37.5,10.0,24.41,25.07,23.4,0.0,3.51,306.5,7.6572,67.2,101.65
2023-08-10,37.5,10.0,24.62,25.03,24.26,0.01,3.42,326.5,7.4306,81.55,101.76
2023-08-11,37.5,10.0,24.99,26.08,24.46,0.0,3.99,95.3,7.0846,77.96,101.82
2023-08-12,37.5,10.0,25.18,25.57,24.74,0.0,3.89,72.6,7.0855,82.72,101.78
2023-08-13,37.5,10.0,25.58,26.0,25.21,0.03,3.44,87.4,7.2828,75.75,101.69
2023-08-14,37.5,10.0,26.13,27.01,25.22,0.0,4.8,111.6,7.4316,71.84,101.61
2023-08-15,37.5,10.0,26.97,28.0,26.07,0.0,5.71,119.6,7.1482,74.05,101.57
2023-08-16,37.5,10.0,26.32,26.93,25.87,0.0,4.82,111.6,7.164,73.72,101.62
2023-08-17,37.5,10.0,26.56,27.63,25.47,0.0,4.99,123.2,7.134,73.94,101.49
2023-08-18,37.5,10.0,27.83,29.98,26.01,0.0,4.35,140.0,6.5347,70.05,101.34
2023-08-19,37.5,10.0,25.81,27.27,25.3,0.1,3.47,331.5,6.6053,88.89,101.4
2023-08-20,37.5,10.0,26.06,26.7,25.45,0.11,5.22,321.7,6.9732,90.33,101.53
2023-08-21,37.5,10.0,26.84,27.18,26.53,0.37,3.89,357.3,6.3348,89.41,101.53
2023-08-22,37.5,10.0,27.07,27.34,26.6,0.95,4.46,351.2,6.1248,90.37,101.45
2023-08-23,37.5,10.0,26.98,27.41,26.24,0.19,3.48,333.7,6.1397,90.97,101.4
2023-08-24,37.5,10.0,27.07,27.96,26.13,0.16,3.03,83.8,6.2028,81.06,101.44
2023-08-25,37.5,10.0,27.65,28.7,26.56,0.02,5.5,112.6,6.2004,79.6,101.34
2023-08-26,37.5,10.0,27.69,28.15,26.81,0.06,3.12,132.4,5.891,80.8,101.14
2023-08-27,37.5,10.0,29.24,34.37,26.86,0.34,4.29,240.7,6.4798,72.55,100.58
2023-08-28,37.5,10.0,25.5,26.92,24.53,0.27,11.05,290.5,5.9083,69.36,101.1
2023-08-29,37.5,10.0,25.47,25.75,25.13,1.92,9.06,284.9,5.1523,68.64,101.04
2023-08-30,37.5,10.0,24.7,25.08,24.36,0.06,3.91,326.4,6.6276,63.7,101.14
2023-08-31,37.5,10.0,24.64,25.07,24.5,0.07,3.3,348.8,6.4517,64.25,101.62
2023-09-01,37.5,10.0,25.21,25.76,24.6,0.0,4.37,110.0,6.641,66.59,101.79
2023-09-02,37.5,10.0,26.35,27.71,25.39,0.01,7.93,125.7,5.8354,73.53,101.6
2023-09-03,37.5,10.0,26.23,26.73,25.57,0.0,6.98,117.4,5.7545,81.28,101.79
2023-09-04,37.5,10.0,25.25,25.66,24.91,0.0,5.95,72.4,6.1548,81.02,101.57
2023-09-05,37.5,10.0,25.42,25.93,24.68,0.0,5.64,19.8,6.1985,69.39,101.35
2023-09-06,37.5,10.0,25.14,25.33,24.72,0.06,6.13,4.4,6.089,75.82,101.44
2023-09-07,37.5,10.0,24.9,25.17,24.68,0.14,6.08,345.2,6.0079,75.43,101.51
2023-09-08,37.5,10.0,24.96,25.18,24.78,0.06,4.58,346.8,5.9693,78.89,101.55
2023-09-09,37.5,10.0,25.05,25.61,24.56,0.01,3.5,345.5,5.8603,76.31,101.6
2023-09-10,37.5,10.0,25.41,25.95,24.93,0.0,3.12,14.4,6.0427,78.34,101.63
2023-09-11,37.5,10.0,25.04,25.79,24.12,0.0,3.37,77.0,5.9306,82.88,101.47
2023-09-12,37.5,10.0,25.53,26.26,24.58,0.0,5.64,115.9,5.9726,78.21,101.45
2023-09-13,37.5,10.0,25.91,26.95,24.82,0.02,4.05,129.2,5.6731,82.94,101.54
2023-09-14,37.5,10.0,26.51,28.8,24.95,0.05,2.8,134.8,5.2848,78.84,101.58
2023-09-15,37.5,10.0,26.76,28.0,25.57,0.01,6.04,134.2,5.4991,75.78,101.44
2023-09-16,37.5,10.0,27.59,30.03,25.83,0.13,6.74,151.5,5.225,73.93,101.4
2023-09-17,37.5,10.0,27.68,30.32,25.66,0.01,7.1,148.2,4.3862,71.4,101.46
2023-09-18,37.5,10.0,26.61,27.8,26.0,0.23,6.47,209.0,4.1933,82.37,101.46
2023-09-19,37.5,10.0,26.15,26.43,25.87,0.2,3.09,63.2,4.5463,86.4,101.49
2023-09-20,37.5,10.0,27.07,29.14,25.7,0.33,3.05,139.2,3.419,79.85,101.31
2023-09-21,37.5,10.0,26.21,28.08,25.2,0.22,4.48,287.6,5.1034,79.15,101.05
2023-09-22,37.5,10.0,25.47,26.1,25.12,0.2,4.07,351.7,4.7736,84.19,100.95
2023-09-23,37.5,10.0,24.72,25.41,23.86,0.78,9.3,313.6,4.914,71.99,101.45
2023-09-24,37.5,10.0,23.91,24.54,23.17,0.0,9.03,319.0,5.2718,65.45,101.88
2023-09-25,37.5,10.0,23.57,24.19,23.1,0.05,6.18,334.9,4.5746,67.77,101.75
2023-09-26,37.5,10.0,23.92,24.49,23.07,0.21,7.04,341.4,4.6459,71.75,101.63
2023-09-27,37.5,10.0,24.31,24.43,24.13,0.12,6.06,331.3,5.0407,75.83,101.65
2023-09-28,37.5,10.0,23.79,24.19,23.45,0.0,6.02,301.9,5.088,77.99,101.79
2023-09-29,37.5,10.0,24.14,24.27,23.95,0.01,4.2,319.6,5.1504,75.83,101.98
2023-09-30,37.5,10.0,23.84,24.17,23.58,0.01,4.11,308.7,4.8199,78.09,102.15
2023-10-01,37.5,10.0,23.69,24.1,23.27,0.0,2.91,329.3,4.9867,80.55,102.17
2023-10-02,37.5,10.0,23.59,24.01,23.29,0.0,2.89,51.9,4.9843,76.43,102.28
2023-10-03,37.5,10.0,23.94,24.23,23.68,0.0,3.09,86.7,5.034,73.47,102.25
2023-10-04,37.5,10.0,24.28,25.67,23.66,0.0,3.25,266.1,5.1235,72.11,102.26
2023-10-05,37.5,10.0,24.23,24.58,24.04,0.0,6.73,306.8,4.9598,74.46,102.28
2023-10-06,37.5,10.0,23.54,23.92,23.03,0.0,3.8,332.7,4.751,76.03,102.3
2023-10-07,37.5,10.0,23.24,23.62,22.67,0.02,2.32,342.3,4.4933,73.28,102.29
2023-10-08,37.5,10.0,23.45,23.64,23.24,0.02,2.96,17.8,4.6123,72.66,102.29
2023-10-09,37.5,10.0,23.26,23.54,22.99,0.01,2.43,5.9,4.5324,76.72,102.34
2023-10-10,37.5,10.0,23.88,24.61,23.2,0.02,1.76,5.0,4.7453,67.61,102.17
2023-10-11,37.5,10.0,24.17,24.56,23.75,0.0,1.85,77.8,4.7813,66.71,102.13
2023-10-12,37.5,10.0,24.08,25.32,22.92,0.0,2.29,139.7,4.7366,71.06,102.09
2023-10-13,37.5,10.0,24.12,24.95,23.17,0.0,2.86,133.8,4.6889,72.25,102.12
2023-10-14,37.5,10.0,25.77,28.12,23.8,0.0,2.35,198.9,4.6538,54.29,101.83
2023-10-15,37.5,10.0,24.69,25.91,24.25,0.37,6.03,267.2,4.3022,76.83,101.54
2023-10-16,37.5,10.0,25.08,27.11,23.92,0.5,3.85,194.3,4.2434,73.44,101.35
2023-10-17,37.5,10.0,24.85,26.29,24.0,0.26,3.91,103.2,3.5602,75.64,101.29
2023-10-18,37.5,10.0,25.55,27.04,23.96,0.0,2.77,210.2,4.2101,61.99,101.07
2023-10-19,37.5,10.0,24.97,26.43,23.13,0.0,4.24,214.1,4.2221,68.76,100.62
2023-10-20,37.5,10.0,25.21,26.84,23.53,0.06,8.77,244.5,2.2538,63.45,100.03
2023-10-21,37.5,10.0,23.09,23.6,22.31,1.89,8.15,279.5,3.9931,69.96,100.75
2023-10-22,37.5,10.0,23.81,25.49,22.75,0.0,6.69,155.4,3.1978,70.34,101.3
2023-10-23,37.5,10.0,24.35,26.36,22.91,0.01,7.21,150.1,3.8395,83.28,101.29
2023-10-24,37.5,10.0,24.01,25.35,22.84,3.13,6.38,258.6,2.5147,81.23,101.45
2023-10-25,37.5,10.0,23.43,24.05,22.9,1.74,7.73,282.6,3.1634,71.43,101.32
2023-10-26,37.5,10.0,23.22,23.91,22.36,0.31,7.61,273.9,3.4073,77.23,101.05
2023-10-27,37.5,10.0,23.42,23.96,22.82,0.68,7.64,265.4,3.4322,81.68,100.9
2023-10-28,37.5,10.0,23.4,24.02,22.85,0.25,5.19,278.8,3.6794,75.97,101.24
2023-10-29,37.5,10.0,24.6,26.77,22.87,0.13,7.97,163.8,3.2815,73.69,101.22
2023-10-30,37.5,10.0,24.79,28.53,23.11,0.08,9.21,185.0,2.3102,73.95,100.92
2023-10-31,37.5,10.0,22.82,23.59,21.88,0.09,6.31,288.9,3.1334,76.38,101.49
2023-11-01,37.5,10.0,22.4,23.8,21.81,0.23,7.16,239.3,1.2151,76.16,101.53
2023-11-02,37.5,10.0,23.08,24.57,21.44,0.28,5.35,226.7,3.443,70.73,100.93
2023-11-03,37.5,10.0,22.09,24.66,20.96,25.15,12.92,273.5,1.932,65.34,100.37
2023-11-04,37.5,10.0,21.11,22.09,19.94,7.07,8.44,271.7,2.809,63.61,100.65
2023-11-05,37.5,10.0,21.9,23.06,20.78,6.18,8.86,261.0,3.558,74.14,100.85
2023-11-06,37.5,10.0,21.46,22.3,21.0,12.38,4.77,197.4,3.2813,73.45,101.58
2023-11-07,37.5,10.0,20.89,21.64,20.21,11.16,4.83,330.7,2.5378,83.61,101.83
2023-11-08,37.5,10.0,19.18,19.82,18.08,2.63,6.16,326.6,3.2407,70.6,102.25
2023-11-09,37.5,10.0,19.84,22.03,18.66,2.54,4.43,230.2,2.459,61.75,101.9
2023-11-10,37.5,10.0,20.67,21.29,20.16,0.39,7.7,272.5,1.8449,71.28,101.44
2023-11-11,37.5,10.0,21.12,21.87,20.27,0.35,8.23,288.1,2.8279,72.17,101.4
2023-11-12,37.5,10.0,21.19,21.68,20.77,0.35,9.51,281.4,2.6244,81.79,101.6
2023-11-13,37.5,10.0,20.83,21.2,20.52,0.01,6.96,287.8,3.3694,81.46,102.24
2023-11-14,37.5,10.0,20.84,21.61,20.34,0.0,5.79,275.0,3.4548,82.97,102.19
2023-11-15,37.5,10.0,20.78,20.95,20.49,0.0,8.13,291.8,3.2575,82.46,102.03
2023-11-16,37.5,10.0,20.15,20.41,19.76,0.0,5.94,313.7,3.3485,75.17,102.18
2023-11-17,37.5,10.0,20.24,20.61,19.68,0.64,7.82,295.7,3.0595,82.06,102.02
2023-11-18,37.5,10.0,19.22,19.84,18.59,0.02,8.24,318.8,2.6875,68.85,102.29
2023-11-19,37.5,10.0,19.18,19.66,18.66,0.07,4.06,302.6,2.8375,75.51,102.33
2023-11-20,37.5,10.0,19.93,20.77,19.12,0.0,2.86,238.2,3.313,72.44,101.7
2023-11-21,37.5,10.0,19.77,20.62,18.07,5.06,8.23,290.4,2.1838,81.73,100.92
2023-11-22,37.5,10.0,17.62,18.25,17.15,1.87,7.21,299.6,2.052,72.81,100.41
2023-11-23,37.5,10.0,18.94,19.93,17.89,26.56,10.24,45.4,2.1432,76.46,100.54
2023-11-24,37.5,10.0,18.08,18.52,17.51,1.19,5.16,286.2,2.5798,73.24,100.63
2023-11-25,37.5,10.0,17.58,18.16,16.68,0.29,14.72,311.0,2.1528,64.25,100.47
2023-11-26,37.5,10.0,16.48,16.84,16.11,0.07,7.6,303.1,2.251,68.44,101.62
2023-11-27,37.5,10.0,17.34,18.88,16.03,0.1,4.76,229.7,2.6004,66.89,101.49
2023-11-28,37.5,10.0,18.72,19.39,18.21,4.35,10.25,279.2,1.8022,78.01,100.73
2023-11-29,37.5,10.0,18.27,19.35,17.13,2.28,5.53,276.3,1.7753,80.84,101.02
2023-11-30,37.5,10.0,19.39,21.81,16.74,0.06,5.7,206.2,2.9664,73.11,101.08
2023-12-01,37.5,10.0,18.93,21.29,16.94,0.0,6.73,211.4,1.4573,68.05,100.73
2023-12-02,37.5,10.0,18.3,19.31,17.69,6.19,9.59,282.5,2.0501,69.52,101.0
2023-12-03,37.5,10.0,16.29,17.5,15.9,7.12,8.72,323.8,2.7163,69.33,101.88
2023-12-04,37.5,10.0,16.72,18.33,15.21,3.65,5.17,202.2,1.6973,65.56,101.97
2023-12-05,37.5,10.0,17.61,18.33,17.0,159.33,9.46,283.8,1.3673,73.65,101.43
2023-12-06,37.5,10.0,15.82,16.93,14.46,180.84,3.89,312.9,1.0294,62.9,101.53
2023-12-07,37.5,10.0,16.22,16.49,15.98,0.43,6.82,318.2,2.1972,71.37,101.99
2023-12-08,37.5,10.0,15.96,16.64,15.3,21.18,7.55,236.4,1.2355,77.19,101.23
2023-12-09,37.5,10.0,17.01,17.52,16.51,4.01,9.0,346.9,1.9994,77.71,101.36
2023-12-10,37.5,10.0,17.73,18.54,16.54,0.08,11.01,303.9,2.7542,76.95,102.01
2023-12-11,37.5,10.0,17.96,18.82,17.22,0.72,5.68,281.7,2.3527,87.12,101.97
2023-12-12,37.5,10.0,18.62,19.38,17.83,0.06,5.87,257.0,2.6894,83.62,101.69
2023-12-13,37.5,10.0,18.92,19.75,18.11,0.03,6.99,253.8,1.9092,80.12,101.13
2023-12-14,37.5,10.0,16.96,18.3,15.59,6.96,10.13,294.8,1.0877,74.83,101.32
2023-12-15,37.5,10.0,16.4,16.87,15.71,7.34,11.69,343.3,1.7594,71.75,102.01
2023-12-16,37.5,10.0,15.8,16.88,15.11,5.71,9.08,20.7,1.6133,67.9,102.66
2023-12-17,37.5,10.0,15.9,16.78,14.66,23.84,8.24,61.1,2.0892,70.64,103.02
2023-12-18,37.5,10.0,16.14,16.75,15.44,610.86,9.59,80.7,1.5211,83.52,102.9
2023-12-19,37.5,10.0,15.72,16.12,15.11,51.71,5.01,41.9,1.8034,79.26,102.43
2023-12-20,37.5,10.0,15.58,16.27,14.78,14.83,8.84,314.1,2.2814,76.05,101.56
2023-12-21,37.5,10.0,16.13,16.82,15.15,34.84,12.84,306.1,1.1921,74.83,101.45
2023-12-22,37.5,10.0,16.39,17.03,15.76,7.09,16.17,300.6,1.77,77.25,101.51
2023-12-23,37.5,10.0,16.03,16.27,15.7,0.0,14.67,301.1,2.093,75.81,101.83
2023-12-24,37.5,10.0,16.34,16.79,16.03,0.0,10.07,296.7,2.6018,79.31,102.16
2023-12-25,37.5,10.0,15.68,16.04,15.31,0.01,6.6,291.4,2.3345,81.15,102.25
2023-12-26,37.5,10.0,15.67,16.06,15.37,0.01,3.93,288.8,1.992,76.17,102.25
2023-12-27,37.5,10.0,16.16,17.22,14.68,0.02,2.68,160.3,1.3193,69.18,102.47
2023-12-28,37.5,10.0,15.85,17.23,15.01,0.0,5.87,150.5,2.4074,75.43,102.57
2023-12-29,37.5,10.0,15.86,16.61,15.11,0.01,3.43,173.4,2.1878,75.9,102.33
2023-12-30,37.5,10.0,15.7,16.43,15.06,0.01,3.58,178.7,1.194,77.61,101.96
2023-12-31,37.5,10.0,16.11,16.52,15.72,0.11,4.31,265.4,2.437,84.38,101.9
2024-01-01,37.5,10.0,16.13,16.89,15.31,1.52,4.78,255.2,2.1458,76.38,101.82
2024-01-02,37.5,10.0,15.36,15.8,14.97,1.25,5.34,292.0,2.7091,76.94,102.09
2024-01-03,37.5,10.0,16.21,17.64,14.81,0.0,6.79,246.6,2.244,78.26,101.84
2024-01-04,37.5,10.0,16.61,17.08,16.09,0.0,6.04,259.2,2.6494,86.76,101.63
2024-01-05,37.5,10.0,16.03,17.49,13.93,0.02,4.02,223.4,2.1163,78.77,100.75
2024-01-06,37.5,10.0,14.36,16.31,13.65,21.75,13.02,282.4,1.1923,78.37,100.06
2024-01-07,37.5,10.0,13.81,14.17,13.48,1.29,14.63,286.4,1.896,68.96,100.74
2024-01-08,37.5,10.0,13.2,13.61,12.8,1.06,14.49,292.6,1.6214,71.22,101.04
2024-01-09,37.5,10.0,13.47,13.76,13.11,0.12,8.74,307.8,2.5795,66.81,101.95
2024-01-10,37.5,10.0,13.59,14.97,12.91,1.15,5.76,186.6,0.7164,69.18,101.99
2024-01-11,37.5,10.0,14.47,14.98,14.02,7.92,7.15,274.7,2.1785,81.76,101.52
2024-01-12,37.5,10.0,15.0,15.65,14.18,4.82,9.42,330.4,2.0057,76.53,101.79
2024-01-13,37.5,10.0,14.39,15.16,13.86,0.03,6.53,316.4,2.8572,72.92,102.42
2024-01-14,37.5,10.0,14.77,15.8,13.61,0.07,5.96,247.5,2.8445,77.09,101.83
2024-01-15,37.5,10.0,16.25,17.03,15.67,0.06,9.27,265.8,2.7958,87.17,101.0
2024-01-16,37.5,10.0,16.53,16.9,16.1,0.11,7.46,261.1,2.6861,89.83,101.3
2024-01-17,37.5,10.0,17.31,19.65,15.33,0.0,6.32,211.9,2.4766,75.71,101.12
2024-01-18,37.5,10.0,17.47,18.01,16.56,0.0,8.4,255.1,3.1138,76.82,101.2
2024-01-19,37.5,10.0,16.56,17.04,15.99,0.0,4.98,227.0,1.7119,81.25,101.14
2024-01-20,37.5,10.0,14.97,16.29,14.3,3.33,7.08,5.1,1.3474,86.55,101.57
2024-01-21,37.5,10.0,13.07,14.2,12.69,0.01,6.76,334.4,2.4482,67.39,102.87
2024-01-22,37.5,10.0,13.28,13.94,12.96,0.04,5.11,320.8,2.2795,67.41,103.28
2024-01-23,37.5,10.0,15.15,15.73,13.97,0.01,10.73,310.2,2.6554,74.8,103.13
2024-01-24,37.5,10.0,15.27,15.7,14.78,0.01,7.91,308.7,3.1236,79.87,103.31
2024-01-25,37.5,10.0,16.16,16.66,15.63,0.01,10.93,289.3,3.4174,88.58,102.86
2024-01-26,37.5,10.0,16.35,16.84,15.97,0.03,8.72,291.1,3.4022,90.47,102.69
2024-01-27,37.5,10.0,15.63,16.1,15.17,0.21,6.2,321.1,1.7342,86.43,102.78
2024-01-28,37.5,10.0,14.89,15.19,14.35,0.01,4.89,86.6,2.8721,78.44,103.16
2024-01-29,37.5,10.0,14.67,15.14,14.27,0.01,5.52,104.4,3.5851,67.94,103.24
2024-01-30,37.5,10.0,13.97,14.37,13.77,0.01,4.3,107.0,3.6514,68.84,103.29
2024-01-31,37.5,10.0,13.68,14.09,13.11,0.0,2.64,117.2,3.6854,67.34,103.32
2024-02-01,37.5,10.0,14.06,14.44,13.6,0.35,5.2,298.1,2.1235,74.07,103.02
2024-02-02,37.5,10.0,14.81,15.23,14.38,3.29,6.03,357.2,2.215,79.11,102.62
2024-02-03,37.5,10.0,14.63,15.09,14.16,0.02,5.63,321.0,3.4181,80.82,103.03
2024-02-04,37.5,10.0,14.84,15.25,14.51,0.0,8.19,290.8,3.5371,82.83,102.99
2024-02-05,37.5,10.0,15.44,15.7,15.15,0.01,5.93,283.7,3.7781,80.83,102.89
2024-02-06,37.5,10.0,15.61,16.47,14.73,0.0,2.18,230.8,3.7541,78.41,102.48
2024-02-07,37.5,10.0,15.55,15.89,15.04,0.15,8.21,277.7,3.4502,79.31,101.93
2024-02-08,37.5,10.0,15.81,16.42,14.99,0.26,6.67,261.9,3.8316,78.64,101.64
2024-02-09,37.5,10.0,15.98,19.08,13.23,0.02,7.68,197.3,2.7511,66.06,100.63
2024-02-10,37.5,10.0,15.71,16.92,14.72,10.0,9.7,223.9,1.0279,75.91,99.78
2024-02-11,37.5,10.0,14.74,15.07,14.12,5.81,11.13,277.9,2.7569,74.78,100.4
2024-02-12,37.5,10.0,15.21,15.64,14.65,2.02,7.74,277.0,3.0326,74.06,101.0
2024-02-13,37.5,10.0,15.12,15.62,14.31,0.27,9.78,313.3,3.5748,78.24,101.76
2024-02-14,37.5,10.0,14.48,15.08,14.22,0.0,6.11,319.8,4.1681,80.32,102.48
2024-02-15,37.5,10.0,14.94,15.97,13.92,0.0,4.87,135.0,4.2991,73.58,102.29
2024-02-16,37.5,10.0,15.41,16.13,14.44,0.26,5.18,150.7,2.1533,82.69,101.8
2024-02-17,37.5,10.0,15.29,15.72,14.88,3.85,2.97,111.0,2.2284,87.19,102.28
2024-02-18,37.5,10.0,15.02,15.35,14.56,0.08,2.93,4.3,4.2012,84.98,103.04
2024-02-19,37.5,10.0,15.24,15.67,14.72,0.38,8.76,290.4,2.6076,84.58,102.61
2024-02-20,37.5,10.0,15.13,15.53,14.51,6.17,7.3,330.4,3.0079,81.08,102.02
2024-02-21,37.5,10.0,15.01,15.73,14.01,1.42,5.87,15.0,4.2168,76.93,102.24
2024-02-22,37.5,10.0,15.06,16.22,13.69,0.0,5.07,197.8,4.4537,70.01,101.88
2024-02-23,37.5,10.0,15.08,16.84,13.3,4.17,7.39,228.6,1.9058,80.08,100.81
2024-02-24,37.5,10.0,14.17,14.82,13.67,0.43,4.76,267.0,3.5808,66.76,101.05
2024-02-25,37.5,10.0,14.08,15.39,13.31,0.56,10.06,300.7,4.339,72.15,101.23
2024-02-26,37.5,10.0,15.58,17.45,13.76,0.29,5.2,198.6,3.1178,75.12,100.78
2024-02-27,37.5,10.0,14.9,15.31,14.47,2.82,5.9,256.8,2.2015,77.55,100.5
2024-02-28,37.5,10.0,13.79,14.5,13.48,8.87,6.24,271.6,3.5057,79.8,100.59
2024-02-29,37.5,10.0,14.15,15.13,13.4,3.95,4.58,149.3,2.8819,75.72,100.52
2024-03-01,37.5,10.0,14.34,15.7,13.37,4.25,8.6,276.3,1.686,80.08,100.87
2024-03-02,37.5,10.0,14.95,15.63,14.38,0.09,6.28,262.7,4.7174,70.82,101.42
2024-03-03,37.5,10.0,14.32,16.43,12.98,4.73,7.67,249.9,3.7826,74.3,100.85
2024-03-04,37.5,10.0,14.28,14.8,13.76,1.46,12.21,284.7,3.871,67.58,101.13
2024-03-05,37.5,10.0,15.21,15.73,14.69,0.0,9.72,303.7,5.1487,71.8,101.75
2024-03-06,37.5,10.0,14.68,14.83,14.46,0.0,5.25,305.8,5.1288,67.71,102.21
2024-03-07,37.5,10.0,14.81,15.4,13.96,0.0,4.0,106.1,5.1526,72.51,101.72
2024-03-08,37.5,10.0,15.27,16.79,14.18,1.42,5.25,237.6,3.0526,85.58,101.19
2024-03-09,37.5,10.0,14.99,16.43,13.78,3.49,5.62,120.6,4.5518,84.04,100.9
2024-03-10,37.5,10.0,14.59,15.78,13.14,7.98,7.39,245.7,1.8286,83.81,100.53
2024-03-11,37.5,10.0,15.11,15.67,13.71,0.75,9.21,265.3,4.1791,78.22,101.16
2024-03-12,37.5,10.0,14.81,15.37,14.36,2.72,10.42,298.5,5.3026,72.22,101.86
2024-03-13,37.5,10.0,14.54,14.91,14.29,0.08,5.31,314.2,4.777,69.93,101.92
2024-03-14,37.5,10.0,14.89,15.58,14.17,0.05,4.34,121.9,5.4998,73.62,101.89
2024-03-15,37.5,10.0,14.33,15.12,13.58,0.08,3.96,251.8,5.0141,87.79,102.01
2024-03-16,37.5,10.0,15.55,16.14,14.62,0.12,6.43,286.2,5.105,88.87,102.17
2024-03-17,37.5,10.0,15.61,15.94,15.29,0.05,5.47,305.0,5.6069,83.76,102.35
2024-03-18,37.5,10.0,15.74,16.95,14.08,0.0,2.61,193.2,5.7413,80.37,101.8
2024-03-19,37.5,10.0,15.88,16.45,15.44,0.11,4.2,304.5,5.095,89.81,101.55
2024-03-20,37.5,10.0,15.81,16.09,15.49,0.12,3.96,109.8,4.7854,90.03,101.92
2024-03-21,37.5,10.0,16.32,17.57,15.46,0.05,6.86,129.6,5.5877,86.98,102.19
2024-03-22,37.5,10.0,15.82,16.21,15.37,0.08,3.17,355.3,4.5314,93.19,101.71
2024-03-23,37.5,10.0,15.45,15.88,15.18,0.11,2.87,304.2,5.7492,86.03,101.8
2024-03-24,37.5,10.0,15.97,16.83,15.09,0.0,4.42,280.5,4.8187,81.66,101.4
2024-03-25,37.5,10.0,16.75,18.96,15.36,0.15,5.74,131.5,2.2579,73.51,100.5
2024-03-26,37.5,10.0,16.32,17.17,15.73,0.19,5.81,199.1,4.3039,87.59,99.73
2024-03-27,37.5,10.0,14.91,16.12,12.97,4.41,11.04,267.9,5.0402,77.7,100.3
2024-03-28,37.5,10.0,16.72,18.88,14.03,0.0,5.38,213.4,5.8682,73.25,101.22
2024-03-29,37.5,10.0,17.9,20.74,15.87,0.0,8.07,168.9,5.8409,63.61,101.03
2024-03-30,37.5,10.0,15.83,17.17,14.72,0.03,5.42,176.6,4.884,88.99,100.38
2024-03-31,37.5,10.0,17.55,20.88,15.37,0.0,4.48,162.4,4.6774,72.26,100.64
2024-04-01,37.5,10.0,16.78,18.52,15.71,0.02,7.68,266.4,5.4478,81.32,101.23
2024-04-02,37.5,10.0,16.54,17.07,15.85,0.0,4.2,296.8,5.6868,87.14,102.03
2024-04-03,37.5,10.0,16.26,17.58,15.07,0.01,3.66,168.0,5.8968,81.98,101.88
2024-04-04,37.5,10.0,16.62,17.06,16.12,0.02,3.43,298.8,6.5549,79.78,102.17
2024-04-05,37.5,10.0,17.07,18.36,15.54,0.0,5.94,130.8,6.7985,76.95,102.28
2024-04-06,37.5,10.0,17.55,19.3,15.5,0.0,6.24,130.5,6.4166,79.74,102.21
2024-04-07,37.5,10.0,17.93,19.59,16.08,0.03,5.53,126.6,6.8038,81.54,101.94
2024-04-08,37.5,10.0,18.45,21.13,16.77,0.09,6.94,132.8,6.2143,78.88,101.46
2024-04-09,37.5,10.0,17.49,18.54,16.4,1.07,9.03,253.6,4.4062,85.89,101.63
2024-04-10,37.5,10.0,15.82,16.27,15.34,0.16,10.67,312.3,6.8126,70.79,102.34
2024-04-11,37.5,10.0,15.48,15.78,15.04,0.35,4.46,307.1,6.373,68.25,102.34
2024-04-12,37.5,10.0,16.1,16.53,15.49,0.81,5.66,18.7,5.6875,83.07,102.49
2024-04-13,37.5,10.0,16.71,17.23,16.18,0.18,3.87,9.0,5.8946,95.1,102.34
2024-04-14,37.5,10.0,16.84,17.42,16.55,0.22,3.5,61.2,4.0644,93.05,102.18
2024-04-15,37.5,10.0,16.96,17.44,16.59,0.03,4.66,73.1,3.3142,88.72,101.5
2024-04-16,37.5,10.0,17.1,17.44,16.45,0.29,6.95,311.0,3.3626,84.14,100.95
2024-04-17,37.5,10.0,16.13,16.6,15.5,0.01,12.08,299.4,6.7903,70.38,101.13
2024-04-18,37.5,10.0,15.87,16.47,15.08,0.01,9.47,303.9,6.9871,70.11,101.3
2024-04-19,37.5,10.0,15.46,16.5,14.3,0.49,10.95,305.0,6.4027,67.38,101.65
2024-04-20,37.5,10.0,15.7,16.53,14.99,0.0,7.21,290.2,7.1323,71.7,101.45
2024-04-21,37.5,10.0,15.29,16.25,14.57,0.0,4.97,354.1,6.6161,69.42,101.32
2024-04-22,37.5,10.0,15.37,15.65,14.86,0.0,5.18,320.9,5.952,69.01,101.23
2024-04-23,37.5,10.0,15.05,15.49,14.32,0.81,7.45,308.9,7.0188,65.56,101.28
2024-04-24,37.5,10.0,14.44,15.47,14.16,2.53,10.11,299.7,3.7354,69.14,101.32
2024-04-25,37.5,10.0,15.36,16.21,14.33,0.11,6.6,305.2,7.1035,67.26,101.24
2024-04-26,37.5,10.0,16.58,17.99,14.57,0.0,4.45,163.3,4.0562,78.14,100.87
2024-04-27,37.5,10.0,16.99,18.45,15.25,0.0,7.58,140.9,7.2398,81.93,101.14
2024-04-28,37.5,10.0,16.69,17.16,16.15,0.01,6.58,116.7,6.793,85.92,101.36
2024-04-29,37.5,10.0,17.12,17.55,16.71,0.01,6.4,110.7,5.7881,86.53,101.36
2024-04-30,37.5,10.0,17.15,17.66,16.54,8.39,6.3,134.7,2.0755,92.75,101.07
2024-05-01,37.5,10.0,17.03,17.81,16.32,3.0,7.32,272.0,7.2559,81.98,101.14
2024-05-02,37.5,10.0,16.95,17.82,15.6,0.47,7.31,263.1,4.8737,80.53,101.57
2024-05-03,37.5,10.0,17.15,17.46,16.86,0.0,5.9,287.1,7.1731,71.51,101.91
2024-05-04,37.5,10.0,17.57,18.36,16.43,0.0,2.71,279.2,7.8386,58.63,101.9
2024-05-05,37.5,10.0,17.74,19.1,16.1,0.0,5.56,129.7,7.7592,71.83,101.67
2024-05-06,37.5,10.0,19.23,22.41,16.73,0.0,4.82,142.9,7.3277,75.85,101.23
2024-05-07,37.5,10.0,18.05,18.69,17.54,2.76,4.35,304.0,4.8511,88.14,101.39
2024-05-08,37.5,10.0,16.98,17.53,16.06,7.96,8.15,319.7,5.6309,81.23,101.44
2024-05-09,37.5,10.0,16.74,17.31,15.63,1.32,7.04,334.5,4.2624,86.89,101.44
2024-05-10,37.5,10.0,17.7,17.97,17.35,0.05,6.13,299.7,6.8578,92.32,101.71
2024-05-11,37.5,10.0,18.21,18.88,17.52,0.0,3.23,340.1,7.6454,85.41,101.73
2024-05-12,37.5,10.0,18.62,19.46,17.47,0.0,5.31,108.7,7.7974,85.29,101.63
2024-05-13,37.5,10.0,18.61,19.1,18.3,0.37,5.89,96.8,6.5594,93.63,101.24
2024-05-14,37.5,10.0,19.49,21.29,18.87,0.11,4.12,150.2,6.6086,91.26,100.65
2024-05-15,37.5,10.0,19.17,20.11,18.43,0.04,3.22,43.9,5.7842,87.3,100.6
2024-05-16,37.5,10.0,18.62,19.18,18.11,0.05,6.03,300.0,6.685,89.34,100.86
2024-05-17,37.5,10.0,19.03,20.06,18.3,0.0,5.15,86.4,6.0091,87.79,101.09
2024-05-18,37.5,10.0,19.5,20.09,19.08,29.99,3.36,89.0,4.7402,94.0,100.98
2024-05-19,37.5,10.0,19.49,19.81,19.25,0.35,4.76,92.3,4.235,94.95,100.9
2024-05-20,37.5,10.0,19.44,19.69,19.24,0.41,5.89,338.7,6.8028,91.54,100.73
2024-05-21,37.5,10.0,19.79,20.05,19.36,0.01,6.48,290.0,7.957,83.74,101.46
2024-05-22,37.5,10.0,19.51,21.19,18.41,0.02,3.63,278.5,7.3289,81.87,101.69
2024-05-23,37.5,10.0,19.23,20.18,18.19,0.01,4.2,78.6,7.7172,83.52,101.7
2024-05-24,37.5,10.0,20.07,20.8,19.3,0.11,4.97,85.2,7.2497,91.56,101.61
2024-05-25,37.5,10.0,20.32,20.8,19.94,0.04,5.47,90.0,6.6912,88.96,101.54
2024-05-26,37.5,10.0,20.1,20.66,19.49,0.1,2.86,68.1,8.0928,81.7,101.84
2024-05-27,37.5,10.0,21.01,21.76,20.08,0.0,5.14,115.2,7.9253,76.56,101.75
2024-05-28,37.5,10.0,21.87,24.1,20.75,0.11,4.44,134.7,7.2137,76.94,101.42
2024-05-29,37.5,10.0,20.57,20.79,20.32,0.01,8.21,300.1,7.0123,84.67,101.46
2024-05-30,37.5,10.0,20.84,21.52,20.29,0.0,4.94,306.2,7.6766,84.12,101.18
2024-05-31,37.5,10.0,21.17,21.64,20.4,0.0,4.33,345.4,7.7446,80.95,101.1
2024-06-01,37.5,10.0,21.0,21.59,20.57,0.0,3.62,6.4,6.1351,75.68,101.36
2024-06-02,37.5,10.0,20.57,20.89,19.92,5.33,4.27,336.5,5.6784,80.39,101.49
2024-06-03,37.5,10.0,20.15,20.71,19.76,0.0,5.08,321.0,7.8562,77.87,101.62
2024-06-04,37.5,10.0,20.48,20.82,20.23,0.01,3.29,357.5,6.5998,79.07,101.46
2024-06-05,37.5,10.0,21.07,21.58,20.37,0.0,3.92,333.9,7.8665,78.88,101.7
2024-06-06,37.5,10.0,21.84,22.29,21.4,0.0,3.72,35.0,8.4307,76.55,101.85
2024-06-07,37.5,10.0,22.02,22.61,21.46,0.0,5.03,97.1,8.4605,77.26,101.78
2024-06-08,37.5,10.0,22.86,24.43,21.51,0.0,6.26,120.1,7.458,77.4,101.26
2024-06-09,37.5,10.0,22.57,23.12,21.9,0.0,5.24,256.3,4.5994,83.91,100.88
2024-06-10,37.5,10.0,22.18,22.59,21.82,0.0,4.44,300.3,7.542,85.69,101.09
2024-06-11,37.5,10.0,22.18,22.44,21.73,0.03,4.98,6.9,7.6154,92.68,101.04
2024-06-12,37.5,10.0,22.08,22.26,21.93,0.0,5.97,313.5,6.8506,83.73,101.41
2024-06-13,37.5,10.0,22.08,22.52,21.69,0.0,8.23,316.7,7.4244,71.04,101.83
2024-06-14,37.5,10.0,21.26,21.8,20.65,0.0,4.9,39.1,8.7494,67.6,101.86
2024-06-15,37.5,10.0,22.65,24.52,21.33,0.03,5.26,193.6,6.3701,82.17,101.22
2024-06-16,37.5,10.0,22.98,23.55,22.49,1.33,3.53,294.2,3.5719,90.39,101.37
2024-06-17,37.5,10.0,23.31,24.1,22.48,0.0,5.56,110.9,8.0215,84.76,101.45
2024-06-18,37.5,10.0,25.18,27.81,22.93,0.0,8.01,136.8,5.8181,71.19,101.3
2024-06-19,37.5,10.0,25.96,29.21,24.02,0.0,5.14,159.4,4.3169,63.63,101.37
2024-06-20,37.5,10.0,25.68,28.49,24.06,0.01,4.69,142.6,6.8045,64.37,101.48
2024-06-21,37.5,10.0,22.8,23.95,22.45,0.2,6.82,294.9,7.3303,86.01,101.67
2024-06-22,37.5,10.0,22.63,23.02,22.34,0.0,8.41,311.2,7.9087,81.76,101.64
2024-06-23,37.5,10.0,22.68,22.99,22.41,0.0,6.91,315.3,6.2004,80.09,101.35
2024-06-24,37.5,10.0,22.34,22.53,22.14,0.01,4.39,310.5,5.9635,72.97,101.2
2024-06-25,37.5,10.0,22.59,22.74,22.38,0.0,4.48,316.4,7.4899,77.24,101.17
2024-06-26,37.5,10.0,22.92,23.26,22.43,0.0,4.45,345.1,8.2951,77.08,101.23
2024-06-27,37.5,10.0,24.06,25.35,23.09,0.0,7.24,108.6,6.5398,79.63,101.21
2024-06-28,37.5,10.0,23.75,24.15,23.27,0.0,6.2,94.5,6.8326,85.7,101.38
2024-06-29,37.5,10.0,24.2,28.63,22.75,0.67,4.37,158.9,6.2304,82.17,101.44
2024-06-30,37.5,10.0,23.97,24.56,23.02,0.03,4.5,53.6,7.0414,85.09,101.38
2024-07-01,37.5,10.0,24.45,26.08,23.53,0.03,7.48,263.1,6.2201,87.07,101.02
2024-07-02,37.5,10.0,23.38,23.76,23.04,0.02,12.01,299.7,7.9908,79.02,101.23
2024-07-03,37.5,10.0,22.86,23.33,22.59,0.06,10.63,303.6,7.1724,76.37,101.13
2024-07-04,37.5,10.0,22.82,23.28,22.38,0.05,10.41,300.8,8.1072,76.81,101.26
2024-07-05,37.5,10.0,22.46,23.89,21.59,0.0,5.27,79.6,8.2356,76.98,101.44
2024-07-06,37.5,10.0,25.25,27.57,23.2,0.0,9.2,142.7,6.7147,75.8,100.87
2024-07-07,37.5,10.0,23.97,24.35,23.49,0.01,3.73,156.2,5.4662,89.8,101.15
2024-07-08,37.5,10.0,23.94,24.44,23.51,0.01,3.92,86.3,6.3696,89.13,101.36
2024-07-09,37.5,10.0,24.5,24.92,23.94,0.01,5.35,73.9,6.5395,91.99,101.38
2024-07-10,37.5,10.0,24.75,25.29,24.26,0.0,3.69,36.0,7.6006,90.44,101.5
2024-07-11,37.5,10.0,25.1,25.99,24.08,0.0,3.75,316.4,7.4875,82.28,101.55
2024-07-12,37.5,10.0,26.2,27.46,24.62,0.0,4.03,118.0,8.069,76.47,101.19
2024-07-13,37.5,10.0,25.5,26.6,24.93,0.0,3.27,261.0,7.7467,80.3,101.04
2024-07-14,37.5,10.0,26.49,28.15,25.66,0.0,3.88,81.1,7.1758,85.96,101.07
2024-07-15,37.5,10.0,25.66,26.52,24.73,0.01,2.94,336.5,7.9836,81.9,101.26
2024-07-16,37.5,10.0,25.59,26.29,24.71,0.0,3.69,308.5,7.9762,82.79,101.36
2024-07-17,37.5,10.0,26.49,26.72,26.15,0.01,3.03,334.0,7.7563,80.2,101.45
2024-07-18,37.5,10.0,26.77,27.3,26.4,0.01,2.33,27.9,7.8804,74.63,101.6
2024-07-19,37.5,10.0,26.71,27.08,26.21,0.03,2.4,350.2,7.5994,74.95,101.51
2024-07-20,37.5,10.0,27.28,27.57,26.98,0.0,4.0,294.0,7.5881,74.51,101.1
2024-07-21,37.5,10.0,29.16,31.21,27.36,0.03,4.72,152.1,7.2194,66.34,100.78
2024-07-22,37.5,10.0,25.56,26.78,24.6,0.03,11.31,300.2,7.6162,79.14,101.28
2024-07-23,37.5,10.0,25.16,25.51,24.6,0.01,9.52,304.0,7.4998,83.1,101.57
2024-07-24,37.5,10.0,24.8,25.3,24.1,0.0,9.01,296.5,7.5799,82.8,101.42
2024-07-25,37.5,10.0,25.12,25.38,24.88,0.0,7.56,304.0,7.7383,82.4,101.08
2024-07-26,37.5,10.0,25.02,25.83,24.56,0.0,4.0,71.5,7.3382,77.92,101.08
2024-07-27,37.5,10.0,26.65,27.78,25.58,0.0,6.37,116.5,7.4851,80.66,101.34
2024-07-28,37.5,10.0,26.3,27.2,25.61,0.0,5.26,107.4,7.3337,84.56,101.64
2024-07-29,37.5,10.0,26.7,27.49,25.98,0.0,2.59,39.1,7.5617,77.35,101.56
2024-07-30,37.5,10.0,26.73,27.42,25.91,0.43,2.85,345.4,7.415,82.82,101.45
2024-07-31,37.5,10.0,27.43,28.02,26.4,0.01,3.41,339.8,7.2826,81.76,101.37
2024-08-01,37.5,10.0,27.93,29.0,26.81,0.09,3.99,118.5,6.9574,78.71,101.16
2024-08-02,37.5,10.0,28.54,29.96,27.64,0.01,2.82,189.9,7.2,69.74,100.85
2024-08-03,37.5,10.0,27.22,28.67,26.53,0.96,7.28,282.5,5.3705,85.97,100.81
2024-08-04,37.5,10.0,26.59,26.93,26.13,0.0,9.32,302.0,6.9053,77.02,101.05
2024-08-05,37.5,10.0,25.95,26.22,25.53,1.08,5.79,308.5,7.1417,84.93,101.1
2024-08-06,37.5,10.0,26.3,26.62,25.86,0.03,3.53,317.3,7.1242,79.38,101.12
2024-08-07,37.5,10.0,26.76,27.31,25.94,0.1,2.61,57.8,6.918,77.2,101.2
2024-08-08,37.5,10.0,26.84,27.42,25.92,0.16,2.13,72.7,7.015,77.33,101.34
2024-08-09,37.5,10.0,27.66,28.73,26.91,0.03,2.3,301.8,6.9074,79.03,101.47
2024-08-10,37.5,10.0,27.35,27.75,27.08,0.09,3.08,352.5,6.6674,87.04,101.6
2024-08-11,37.5,10.0,28.56,29.78,27.31,0.01,5.81,113.3,6.9902,76.79,101.45
2024-08-12,37.5,10.0,28.94,30.4,27.59,0.01,8.26,122.0,6.6994,75.35,101.0
2024-08-13,37.5,10.0,29.2,31.21,27.83,0.1,5.23,140.8,6.7277,74.39,100.83
2024-08-14,37.5,10.0,28.3,29.63,27.38,1.66,4.08,181.5,6.5018,79.35,100.94
2024-08-15,37.5,10.0,28.19,29.34,26.99,0.68,4.61,68.4,4.2746,78.35,101.31
2024-08-16,37.5,10.0,27.77,28.42,27.44,1.5,5.06,275.2,5.5994,82.21,101.44
2024-08-17,37.5,10.0,27.29,28.12,26.78,2.12,4.81,259.8,5.8812,83.19,101.27
2024-08-18,37.5,10.0,27.1,27.53,26.79,1.59,6.83,294.3,5.609,80.04,101.08
2024-08-19,37.5,10.0,27.03,27.58,26.15,0.04,7.56,300.1,6.2256,68.61,100.99
2024-08-20,37.5,10.0,26.24,27.0,25.49,0.23,8.76,299.2,6.5693,77.23,101.15
2024-08-21,37.5,10.0,26.17,26.48,25.74,0.0,8.67,303.9,6.7207,77.53,101.33
2024-08-22,37.5,10.0,25.7,26.07,25.36,0.0,7.17,311.6,6.6679,76.33,101.32
2024-08-23,37.5,10.0,25.64,25.93,25.26,0.12,2.68,345.1,6.3912,77.74,101.43
2024-08-24,37.5,10.0,26.6,27.43,25.73,0.2,4.86,112.2,6.2335,80.15,101.52
2024-08-25,37.5,10.0,26.61,27.18,26.19,0.06,4.91,92.2,6.5086,82.54,101.38
2024-08-26,37.5,10.0,26.29,26.76,25.89,0.32,3.63,335.2,5.8745,82.87,101.27
2024-08-27,37.5,10.0,26.15,26.79,25.77,0.39,5.54,300.1,6.354,78.36,101.29
2024-08-28,37.5,10.0,26.6,27.4,25.82,2.87,2.87,347.6,5.9138,68.81,101.42
2024-08-29,37.5,10.0,26.08,26.45,25.54,0.2,3.25,79.2,6.2808,77.59,101.52
2024-08-30,37.5,10.0,26.46,27.02,25.75,0.2,4.79,94.2,6.1025,80.07,101.48
2024-08-31,37.5,10.0,26.91,27.56,26.62,0.05,4.67,93.7,5.5951,80.01,101.42
2024-09-01,37.5,10.0,27.38,28.19,26.74,0.23,5.46,109.6,6.1502,80.32,101.19
2024-09-02,37.5,10.0,27.75,29.45,27.01,0.55,3.89,146.0,5.6765,79.8,101.08
2024-09-03,37.5,10.0,27.7,29.43,27.02,2.23,3.13,139.2,5.8159,81.65,101.18
2024-09-04,37.5,10.0,27.11,27.52,26.7,3.56,2.57,264.3,5.4718,85.85,101.07
2024-09-05,37.5,10.0,26.68,27.05,26.36,1.21,5.46,265.7,5.1986,79.85,101.06
2024-09-06,37.5,10.0,28.85,33.28,26.19,0.26,3.77,156.8,5.4403,69.99,100.96
2024-09-07,37.5,10.0,28.76,30.62,27.69,0.04,4.62,163.8,5.3851,75.36,101.2
2024-09-08,37.5,10.0,28.54,31.1,26.12,34.96,5.75,198.8,4.8456,77.5,101.03
2024-09-09,37.5,10.0,26.34,26.79,25.56,7.54,10.22,304.8,5.8898,76.66,101.07
2024-09-10,37.5,10.0,25.24,25.5,24.74,0.33,12.63,311.6,6.0926,70.53,101.2
2024-09-11,37.5,10.0,24.75,25.23,24.26,0.06,9.22,301.3,5.8742,73.02,101.23
2024-09-12,37.5,10.0,24.73,25.72,23.88,1.27,7.11,291.8,5.7742,77.05,101.24
2024-09-13,37.5,10.0,23.08,23.99,21.55,0.61,10.59,308.1,4.2842,68.6,101.53
2024-09-14,37.5,10.0,21.83,22.5,21.34,0.02,10.32,303.7,5.1655,68.11,101.8
2024-09-15,37.5,10.0,22.07,22.8,21.37,0.02,8.2,304.3,5.5668,70.68,101.64
2024-09-16,37.5,10.0,23.03,24.33,21.63,0.16,7.97,296.9,5.7022,69.11,101.22
2024-09-17,37.5,10.0,23.25,24.19,22.75,0.76,6.07,283.9,4.8646,70.38,100.94
2024-09-18,37.5,10.0,23.46,24.44,22.91,1.06,2.85,275.2,4.8506,68.29,101.28
2024-09-19,37.5,10.0,22.57,23.07,21.99,0.52,3.41,334.9,4.753,76.07,101.35
2024-09-20,37.5,10.0,23.04,23.66,22.49,0.78,2.96,51.7,5.3222,75.53,101.57
2024-09-21,37.5,10.0,24.47,25.79,23.14,0.86,4.91,134.6,4.4904,79.72,101.63
2024-09-22,37.5,10.0,24.83,26.17,24.0,1.18,3.87,172.3,4.5394,84.39,101.37
2024-09-23,37.5,10.0,24.13,24.6,23.8,5.77,2.99,296.2,2.0062,84.39,101.3
2024-09-24,37.5,10.0,24.28,25.23,23.39,0.58,4.17,230.1,5.2162,75.84,101.48
2024-09-25,37.5,10.0,25.01,26.34,24.33,1.6,2.54,190.0,4.3649,78.64,101.51
2024-09-26,37.5,10.0,25.41,27.98,23.61,0.0,2.83,159.8,5.2166,73.82,101.48
2024-09-27,37.5,10.0,25.24,25.84,24.69,0.01,3.27,280.3,5.0995,82.45,101.26
2024-09-28,37.5,10.0,24.02,24.68,22.64,0.33,8.23,314.5,3.5261,77.17,101.65
2024-09-29,37.5,10.0,22.38,23.08,21.76,0.0,6.78,329.7,5.519,66.71,102.22
2024-09-30,37.5,10.0,22.52,22.95,22.25,0.0,2.93,53.1,5.3986,62.81,102.08
2024-10-01,37.5,10.0,23.87,25.4,22.34,0.0,6.26,134.7,5.2051,73.51,101.52
2024-10-02,37.5,10.0,23.44,24.24,22.52,0.01,5.26,275.1,4.6874,82.85,101.04
2024-10-03,37.5,10.0,23.76,25.79,22.1,1.22,7.52,259.5,3.2424,79.84,100.62
2024-10-04,37.5,10.0,22.58,23.33,21.97,0.24,6.7,302.2,4.7364,66.83,101.24
2024-10-05,37.5,10.0,22.22,22.81,21.6,0.08,3.67,307.6,4.1107,66.04,101.4
2024-10-06,37.5,10.0,22.36,23.39,21.25,0.0,2.87,177.3,4.9354,64.16,101.41
2024-10-07,37.5,10.0,24.48,26.57,22.93,1.01,6.72,151.1,4.4352,74.81,101.31
2024-10-08,37.5,10.0,23.83,26.63,22.63,3.53,6.17,196.6,2.0856,78.72,101.19
2024-10-09,37.5,10.0,23.75,24.37,23.28,0.0,4.93,216.3,4.6723,78.1,101.16
2024-10-10,37.5,10.0,24.33,25.27,23.16,0.09,6.75,278.5,4.1462,81.62,100.86
2024-10-11,37.5,10.0,22.82,23.1,22.65,0.06,4.79,323.9,4.0258,65.33,101.46
2024-10-12,37.5,10.0,22.94,23.43,22.41,0.0,3.52,83.8,4.7004,66.65,101.69
2024-10-13,37.5,10.0,23.68,24.85,22.36,0.0,4.97,136.1,4.3193,81.24,101.74
2024-10-14,37.5,10.0,23.91,24.55,23.37,0.1,5.48,106.7,4.187,91.51,101.76
2024-10-15,37.5,10.0,24.67,26.7,23.35,0.14,6.78,140.5,4.0505,83.55,101.62
2024-10-16,37.5,10.0,24.94,26.95,23.13,0.11,8.46,159.4,2.4158,76.56,101.53
2024-10-17,37.5,10.0,24.53,27.0,22.99,4.75,6.46,166.5,2.5901,83.03,101.49
2024-10-18,37.5,10.0,22.12,23.75,19.85,46.29,6.15,320.4,1.3375,80.17,101.6
2024-10-19,37.5,10.0,21.13,21.47,20.1,2.71,9.1,309.4,2.6705,77.07,101.35
2024-10-20,37.5,10.0,21.62,22.12,21.33,3.33,5.99,311.5,3.7536,75.02,101.79
2024-10-21,37.5,10.0,21.67,21.9,21.47,3.06,2.33,50.3,3.8981,72.68,102.28
2024-10-22,37.5,10.0,21.64,21.91,21.28,11.33,3.58,131.7,1.2638,81.72,102.36
2024-10-23,37.5,10.0,22.34,22.94,21.77,9.98,3.51,141.8,2.8032,87.22,102.44
2024-10-24,37.5,10.0,23.09,24.15,22.41,1.18,6.58,142.2,2.6314,87.12,102.37
2024-10-25,37.5,10.0,22.88,24.18,21.72,0.08,7.61,150.1,3.6156,80.79,102.05
2024-10-26,37.5,10.0,23.0,23.66,22.55,1.6,8.04,148.3,2.8133,79.59,101.73
2024-10-27,37.5,10.0,22.49,23.12,21.75,3.66,5.62,134.2,2.2901,87.74,101.77
2024-10-28,37.5,10.0,22.88,23.28,22.54,0.75,8.47,116.9,3.217,83.65,102.1
2024-10-29,37.5,10.0,22.76,23.34,22.44,0.29,7.36,121.2,3.5028,83.19,102.17
2024-10-30,37.5,10.0,22.63,23.15,22.29,0.11,5.47,125.4,3.0725,86.27,102.09
2024-10-31,37.5,10.0,22.69,23.72,22.01,0.17,6.8,133.9,3.2318,84.53,102.01
2024-11-01,37.5,10.0,22.8,23.54,22.28,0.29,7.62,135.2,3.4814,81.58,102.02
2024-11-02,37.5,10.0,22.52,23.43,21.91,0.01,6.56,128.3,3.577,79.1,102.01
2024-11-03,37.5,10.0,21.66,22.13,21.22,0.0,4.56,112.5,3.5455,80.17,102.31
2024-11-04,37.5,10.0,21.76,22.32,20.96,0.0,5.04,111.9,3.4409,82.09,102.29
2024-11-05,37.5,10.0,21.99,22.28,21.73,0.06,5.19,99.8,3.3538,84.9,102.2
2024-11-06,37.5,10.0,21.68,21.83,21.54,0.61,4.65,96.2,2.9194,84.94,102.28
2024-11-07,37.5,10.0,21.7,22.65,21.1,5.11,5.56,143.4,2.3993,83.36,102.3
2024-11-08,37.5,10.0,21.01,21.95,20.1,1.25,3.8,147.6,3.3228,79.81,102.15
2024-11-09,37.5,10.0,21.02,21.53,20.69,2.06,2.91,198.3,2.8706,78.45,102.05
2024-11-10,37.5,10.0,20.35,21.15,18.46,3.35,3.68,307.9,1.7326,76.75,101.74
2024-11-11,37.5,10.0,19.19,20.01,18.33,3.0,2.65,357.1,1.6853,74.47,101.63
2024-11-12,37.5,10.0,18.73,19.67,18.24,9.41,2.98,287.9,2.3309,77.47,101.35
2024-11-13,37.5,10.0,19.73,20.66,18.79,0.33,3.45,323.2,3.2006,73.76,101.77
2024-11-14,37.5,10.0,20.14,20.36,19.82,1.19,1.69,33.1,3.1447,73.14,101.73
2024-11-15,37.5,10.0,19.35,20.89,18.38,0.89,4.88,3.7,2.6962,72.8,101.95
2024-11-16,37.5,10.0,18.37,18.62,18.06,0.0,2.32,15.2,3.2873,59.93,102.19
2024-11-17,37.5,10.0,19.52,20.86,18.05,0.0,3.17,205.9,3.0451,66.49,101.77
2024-11-18,37.5,10.0,20.3,20.83,19.84,0.12,6.18,293.7,3.0919,79.62,101.65
2024-11-19,37.5,10.0,20.07,20.79,19.47,0.77,4.93,271.1,3.0338,80.66,101.65
2024-11-20,37.5,10.0,20.9,21.65,20.16,1.29,10.13,275.9,2.7893,81.0,101.26
2024-11-21,37.5,10.0,20.71,21.63,19.89,1.18,8.92,279.8,2.257,73.52,101.17
2024-11-22,37.5,10.0,19.79,21.31,18.16,2.77,11.05,288.0,2.0995,74.56,101.19
2024-11-23,37.5,10.0,17.81,18.36,17.45,0.0,6.39,356.8,2.9479,60.55,102.72
2024-11-24,37.5,10.0,18.85,20.5,17.5,0.05,7.98,162.6,3.1262,67.09,103.03
2024-11-25,37.5,10.0,19.29,21.59,17.78,0.32,7.06,186.8,2.9592,70.36,102.51
2024-11-26,37.5,10.0,18.94,20.58,17.52,0.02,4.21,189.4,3.0634,71.01,102.14
2024-11-27,37.5,10.0,19.34,20.13,18.55,0.26,2.81,211.1,2.725,79.72,102.21
2024-11-28,37.5,10.0,19.15,19.44,18.71,0.12,3.54,304.6,2.4929,78.19,102.4
2024-11-29,37.5,10.0,19.38,19.68,18.95,0.47,7.85,295.6,2.2512,75.69,102.36
2024-11-30,37.5,10.0,18.11,19.65,16.85,0.11,8.93,348.0,2.921,68.29,102.36
2024-12-01,37.5,10.0,17.06,18.27,16.56,0.05,7.12,329.2,2.1089,67.7,102.28
2024-12-02,37.5,10.0,17.62,19.05,16.87,1.0,7.04,317.0,2.6131,74.43,102.08
2024-12-03,37.5,10.0,19.01,19.49,18.3,2.54,8.37,301.1,1.3908,77.53,101.78
2024-12-04,37.5,10.0,16.95,18.19,15.98,13.5,4.54,299.9,0.9166,81.13,101.47
2024-12-05,37.5,10.0,16.81,17.56,16.2,1.18,12.15,341.9,1.7227,68.28,101.72
2024-12-06,37.5,10.0,17.46,19.11,15.97,0.58,10.45,320.4,2.2637,70.76,101.96
2024-12-07,37.5,10.0,18.32,18.91,17.79,0.38,11.21,300.7,2.161,73.88,101.46
2024-12-08,37.5,10.0,15.78,18.61,14.49,5.59,13.43,291.2,1.9274,68.95,100.83
2024-12-09,37.5,10.0,15.4,15.88,14.74,7.96,9.5,272.3,2.0256,73.43,101.06
2024-12-10,37.5,10.0,15.85,16.35,15.23,3.54,8.81,258.7,2.2008,73.01,101.57
2024-12-11,37.5,10.0,16.55,17.71,15.66,0.23,4.31,195.4,2.6758,60.92,102.02
2024-12-12,37.5,10.0,18.03,19.02,17.37,4.13,5.94,156.7,1.4582,82.46,101.91
2024-12-13,37.5,10.0,17.4,17.92,16.76,0.08,4.57,263.7,2.3866,81.07,102.15
2024-12-14,37.5,10.0,17.36,17.99,16.9,0.15,5.81,281.4,2.7269,75.33,102.56
2024-12-15,37.5,10.0,15.94,17.06,15.4,1.85,9.51,313.5,1.9366,72.8,102.64
2024-12-16,37.5,10.0,16.3,16.65,16.01,0.27,6.39,2.9,2.4538,68.4,103.43
2024-12-17,37.5,10.0,16.06,16.38,15.68,0.0,4.47,324.5,2.5992,70.58,103.39
2024-12-18,37.5,10.0,15.69,15.95,15.23,0.01,3.49,285.0,2.3878,74.35,102.95
2024-12-19,37.5,10.0,17.08,18.15,15.8,0.49,6.84,265.7,1.9836,75.68,102.07
2024-12-20,37.5,10.0,15.35,17.75,14.04,1.57,14.46,301.8,1.9056,68.55,101.77
2024-12-21,37.5,10.0,14.92,15.54,14.31,1.52,11.07,309.8,1.4798,69.92,102.34
2024-12-22,37.5,10.0,16.28,16.85,15.29,2.65,11.67,298.9,1.56,72.79,102.06
2024-12-23,37.5,10.0,14.51,16.49,13.64,9.65,16.1,309.0,2.171,65.58,101.05
2024-12-24,37.5,10.0,14.33,14.84,13.57,3.0,12.19,341.8,1.7249,62.04,101.39
2024-12-25,37.5,10.0,14.51,15.31,13.52,1.36,10.21,350.8,1.9138,64.58,102.06
2024-12-26,37.5,10.0,14.64,15.11,14.41,2.44,6.65,356.2,1.3882,71.36,102.3
2024-12-27,37.5,10.0,14.98,15.78,14.38,6.72,5.66,23.3,1.4954,75.21,102.62
2024-12-28,37.5,10.0,14.96,15.48,14.68,0.33,6.18,326.8,2.4259,76.23,102.69
2024-12-29,37.5,10.0,15.11,15.39,14.88,0.1,4.82,311.5,2.5291,78.2,102.72
2024-12-30,37.5,10.0,14.9,15.26,14.49,0.17,1.75,248.7,2.7331,73.81,102.91
2024-12-31,37.5,10.0,15.22,15.89,14.41,2.14,4.37,144.1,2.1096,74.54,102.99
2025-01-01,37.5,10.0,15.6,16.06,14.92,0.84,5.44,116.4,2.5099,78.24,102.89
2025-01-02,37.5,10.0,15.65,16.04,15.33,0.31,4.11,89.0,2.568,75.79,102.55
2025-01-03,37.5,10.0,15.45,16.14,14.72,0.19,6.01,285.2,2.5094,78.24,102.2
2025-01-04,37.5,10.0,16.33,16.6,15.69,0.44,7.09,293.8,2.1521,76.56,102.06
2025-01-05,37.5,10.0,16.04,17.72,14.41,0.04,4.93,193.6,2.8277,75.3,101.93
2025-01-06,37.5,10.0,15.38,17.35,13.44,0.0,5.31,209.5,2.0628,71.37,101.29
2025-01-07,37.5,10.0,15.61,16.66,13.89,3.61,9.47,280.6,2.4773,79.38,101.37
2025-01-08,37.5,10.0,15.73,15.99,15.42,0.02,7.36,268.6,2.4773,72.14,102.12
2025-01-09,37.5,10.0,15.82,17.05,14.01,0.38,7.69,253.0,2.2723,75.68,101.85
2025-01-10,37.5,10.0,16.59,16.91,16.34,0.18,8.37,286.2,2.8212,85.08,102.06
2025-01-11,37.5,10.0,16.39,16.86,15.79,2.88,9.28,270.1,2.1305,87.38,101.7
2025-01-12,37.5,10.0,14.35,15.52,13.39,8.49,10.13,327.5,1.1167,77.7,101.24
2025-01-13,37.5,10.0,13.17,13.52,12.76,3.02,8.69,25.7,1.4998,71.96,101.69
2025-01-14,37.5,10.0,13.66,14.24,12.91,8.82,8.88,19.1,1.6538,76.45,102.01
2025-01-15,37.5,10.0,12.93,13.49,12.05,0.53,4.67,322.8,1.9608,69.11,102.1
2025-01-16,37.5,10.0,12.55,13.97,11.77,1.75,3.14,103.4,1.7009,71.75,102.07
2025-01-17,37.5,10.0,14.08,14.48,12.99,33.38,6.93,81.6,0.4222,83.72,101.37
2025-01-18,37.5,10.0,12.54,13.78,11.94,2.07,5.22,181.2,1.2708,80.45,101.2
2025-01-19,37.5,10.0,14.44,14.96,13.84,2.35,6.17,237.7,2.7319,77.27,101.6
2025-01-20,37.5,10.0,14.48,15.57,13.16,1.84,6.01,264.3,2.8622,78.77,101.99
2025-01-21,37.5,10.0,14.76,15.69,13.47,0.0,3.56,211.8,3.1042,63.45,101.9
2025-01-22,37.5,10.0,15.61,17.24,13.89,0.0,4.44,180.5,2.5205,71.92,101.65
2025-01-23,37.5,10.0,16.04,16.96,14.5,0.0,6.59,256.5,2.7833,79.17,101.57
2025-01-24,37.5,10.0,15.83,16.15,15.59,0.08,5.55,287.8,3.2414,90.53,102.11
2025-01-25,37.5,10.0,15.81,16.99,14.27,0.12,4.47,175.7,2.9232,81.78,102.13
2025-01-26,37.5,10.0,16.08,16.62,14.99,0.0,6.14,260.9,2.9894,85.14,102.18
2025-01-27,37.5,10.0,15.68,17.96,13.41,0.0,5.33,199.9,2.0513,74.48,101.96
2025-01-28,37.5,10.0,16.11,17.22,14.9,1.02,7.7,260.7,3.2347,81.56,101.57
2025-01-29,37.5,10.0,14.89,15.62,13.65,6.56,8.47,297.8,3.3014,74.14,101.84
2025-01-30,37.5,10.0,14.79,16.2,13.52,0.0,5.7,167.9,3.1015,73.6,101.89
2025-01-31,37.5,10.0,15.23,16.51,14.0,0.1,3.37,180.3,3.4939,79.76,102.13
2025-02-01,37.5,10.0,14.44,15.63,12.45,22.75,3.19,104.1,1.8588,84.67,101.84
2025-02-02,37.5,10.0,14.11,15.43,13.25,22.99,9.33,275.4,2.1,81.75,101.15
2025-02-03,37.5,10.0,14.2,15.11,13.38,4.48,6.73,258.4,2.5529,81.61,101.57
2025-02-04,37.5,10.0,14.35,14.76,14.05,1.85,3.12,352.4,2.9594,79.85,102.35
2025-02-05,37.5,10.0,14.16,14.37,13.97,0.64,4.32,7.3,3.5779,78.06,102.79
2025-02-06,37.5,10.0,14.22,14.57,13.59,1.13,1.42,38.2,1.7484,72.42,102.66
2025-02-07,37.5,10.0,13.46,14.45,12.98,1.99,1.8,124.3,1.9894,73.62,102.38
2025-02-08,37.5,10.0,13.76,14.9,12.79,1.85,2.2,211.1,2.219,77.91,102.15
2025-02-09,37.5,10.0,14.07,14.59,13.08,2.99,8.56,289.4,2.2906,75.41,102.19
2025-02-10,37.5,10.0,13.97,14.68,13.54,0.46,3.87,14.7,3.0259,81.22,102.42
2025-02-11,37.5,10.0,14.96,16.08,14.17,0.62,7.56,152.1,3.445,83.61,102.31
2025-02-12,37.5,10.0,14.87,16.43,13.48,0.0,5.72,163.7,4.087,79.49,101.91
2025-02-13,37.5,10.0,14.46,15.39,13.09,1.37,3.63,172.8,3.3089,80.96,101.63
2025-02-14,37.5,10.0,15.43,15.78,15.18,1.83,8.37,289.5,3.6487,79.4,101.55
2025-02-15,37.5,10.0,14.68,15.57,13.95,2.36,10.57,302.1,3.7644,74.04,101.3
2025-02-16,37.5,10.0,14.18,14.84,13.97,0.0,3.49,331.3,4.183,69.77,101.44
2025-02-17,37.5,10.0,14.58,15.34,13.79,0.02,3.93,316.5,3.9408,74.13,101.52
2025-02-18,37.5,10.0,15.38,15.83,14.78,0.02,3.21,312.3,4.0553,77.86,101.83
2025-02-19,37.5,10.0,14.77,16.04,13.81,0.0,5.67,145.7,3.9101,80.34,102.14
2025-02-20,37.5,10.0,14.71,16.33,13.18,0.06,5.25,173.0,3.8861,83.74,102.38
2025-02-21,37.5,10.0,15.37,15.94,14.7,0.38,3.41,203.1,3.2849,86.79,102.63
2025-02-22,37.5,10.0,15.0,17.15,13.08,0.01,7.23,160.9,4.4114,82.39,102.48
2025-02-23,37.5,10.0,14.75,16.54,13.16,0.0,8.13,147.4,4.3164,82.12,102.65
2025-02-24,37.5,10.0,14.72,15.98,13.6,0.02,3.41,167.0,4.3978,78.67,102.8
2025-02-25,37.5,10.0,15.42,16.16,14.48,0.02,3.45,251.8,4.2751,82.58,102.32
2025-02-26,37.5,10.0,14.38,15.22,13.65,5.83,9.52,290.4,1.3838,76.96,101.88
2025-02-27,37.5,10.0,14.4,14.71,13.63,0.11,9.2,294.7,4.6553,71.93,102.09
2025-02-28,37.5,10.0,14.8,16.34,13.18,0.76,4.24,157.5,3.9689,77.08,101.78
2025-03-01,37.5,10.0,15.43,18.02,13.35,1.2,5.27,166.3,2.9486,82.3,101.23
2025-03-02,37.5,10.0,15.69,16.13,15.07,0.84,5.71,92.9,1.3104,90.56,101.48
2025-03-03,37.5,10.0,15.5,15.98,15.15,0.08,4.07,80.2,4.4774,90.42,102.15
2025-03-04,37.5,10.0,15.4,16.14,14.88,1.17,6.47,120.5,4.7023,84.67,102.07
2025-03-05,37.5,10.0,15.29,15.9,14.85,0.05,8.12,134.6,4.3987,81.84,102.2
2025-03-06,37.5,10.0,15.01,15.28,14.79,7.5,9.93,129.1,1.5938,83.08,101.97
2025-03-07,37.5,10.0,15.13,15.48,14.91,26.43,7.86,81.8,1.3392,84.82,101.23
2025-03-08,37.5,10.0,15.5,15.74,15.16,1.81,4.42,13.6,4.5014,86.84,101.18
2025-03-09,37.5,10.0,16.26,19.38,13.98,0.02,8.52,160.4,4.3934,83.6,100.74
2025-03-10,37.5,10.0,15.91,16.97,15.3,0.1,3.9,41.5,4.0795,88.43,100.65
2025-03-11,37.5,10.0,16.08,17.29,15.43,0.17,3.56,26.0,5.0534,86.79,100.78
2025-03-12,37.5,10.0,15.71,16.44,15.08,4.97,6.72,248.5,2.629,87.19,100.42
2025-03-13,37.5,10.0,16.66,19.26,14.45,0.28,5.49,201.6,5.0969,75.89,100.43
2025-03-14,37.5,10.0,16.19,17.28,14.83,0.0,3.87,33.9,3.7546,88.35,100.12
2025-03-15,37.5,10.0,15.88,16.39,15.06,0.15,6.34,324.5,4.4887,88.07,100.93
2025-03-16,37.5,10.0,15.2,15.66,14.8,0.01,5.38,283.7,4.9793,68.56,101.97
2025-03-17,37.5,10.0,15.43,17.05,14.28,0.0,4.33,182.9,5.2529,80.3,101.82
2025-03-18,37.5,10.0,16.2,16.66,15.72,0.28,4.56,87.5,5.2193,77.09,101.79
2025-03-19,37.5,10.0,16.2,17.04,15.18,0.43,7.98,127.0,4.6805,84.93,102.48
2025-03-20,37.5,10.0,15.57,17.35,14.52,0.0,10.53,145.6,5.399,82.1,102.7
2025-03-21,37.5,10.0,16.07,18.11,14.65,0.0,10.79,149.3,5.01,85.52,102.07
2025-03-22,37.5,10.0,15.82,16.86,14.87,0.28,4.74,128.8,4.6099,93.51,101.22
2025-03-23,37.5,10.0,15.87,16.11,15.59,1.22,6.25,319.3,5.0035,83.68,101.11
2025-03-24,37.5,10.0,16.17,16.83,15.75,0.48,3.77,324.7,5.4924,77.97,101.41
2025-03-25,37.5,10.0,15.41,15.92,15.25,0.08,6.33,307.1,3.0854,76.43,101.74
2025-03-26,37.5,10.0,15.16,15.74,14.62,3.01,8.21,305.4,5.5817,78.74,101.31
2025-03-27,37.5,10.0,15.7,16.37,14.72,2.86,11.02,300.1,5.5937,76.91,101.04
2025-03-28,37.5,10.0,15.59,16.05,15.24,0.43,11.23,291.5,5.2001,76.42,101.08
2025-03-29,37.5,10.0,14.98,15.36,14.35,0.31,12.17,291.9,4.625,74.56,100.7
2025-03-30,37.5,10.0,14.74,15.85,13.39,4.84,7.67,336.7,5.118,80.18,100.75
2025-03-31,37.5,10.0,15.54,15.94,15.1,0.22,10.05,305.2,4.9819,81.63,101.0
2025-04-01,37.5,10.0,15.42,15.83,14.96,0.06,8.77,341.6,6.2712,69.19,100.79
2025-04-02,37.5,10.0,15.07,15.86,14.5,0.0,4.17,75.9,6.2645,68.42,101.19
2025-04-03,37.5,10.0,15.96,16.55,15.42,0.0,6.07,118.7,6.4522,78.47,101.75
2025-04-04,37.5,10.0,16.03,17.62,14.78,0.01,7.64,126.9,6.1596,84.86,101.44
2025-04-05,37.5,10.0,15.81,16.22,15.3,0.3,3.88,275.8,3.8143,92.89,101.17
2025-04-06,37.5,10.0,16.14,16.57,15.77,1.27,6.18,296.9,6.0725,87.5,101.06
2025-04-07,37.5,10.0,16.1,16.37,15.64,3.07,5.16,53.0,6.4409,78.03,101.57
2025-04-08,37.5,10.0,15.61,16.33,15.12,0.04,4.74,106.2,5.9402,70.55,102.2
2025-04-09,37.5,10.0,16.13,17.35,14.83,0.01,6.41,131.3,6.3641,80.59,102.05
2025-04-10,37.5,10.0,16.38,16.62,16.12,0.04,6.46,91.0,5.7758,85.68,101.86
2025-04-11,37.5,10.0,16.41,17.18,15.78,0.04,5.89,101.4,6.8556,74.7,102.0
2025-04-12,37.5,10.0,16.95,17.95,16.16,3.15,4.7,137.8,4.5475,89.58,101.46
2025-04-13,37.5,10.0,18.14,20.16,16.92,0.01,8.88,156.3,2.7514,84.53,101.09
2025-04-14,37.5,10.0,17.64,20.11,16.73,1.39,5.36,189.5,2.2762,87.77,100.73
2025-04-15,37.5,10.0,17.47,18.43,16.76,0.11,3.35,195.5,6.3739,84.35,100.95
2025-04-16,37.5,10.0,15.59,16.99,12.64,31.89,5.84,274.0,2.1518,89.67,100.78
2025-04-17,37.5,10.0,16.49,17.05,15.87,2.9,10.6,269.8,5.9311,73.24,101.43
2025-04-18,37.5,10.0,16.69,17.29,16.11,0.02,4.87,256.7,7.2298,77.48,101.82
2025-04-19,37.5,10.0,18.41,22.2,15.56,0.02,4.61,151.4,6.6994,75.17,101.15
2025-04-20,37.5,10.0,17.23,18.21,16.48,2.52,3.78,341.0,6.3991,88.19,101.15
2025-04-21,37.5,10.0,15.46,16.42,14.55,15.33,7.79,314.0,2.4986,88.74,101.14
2025-04-22,37.5,10.0,16.55,16.74,16.24,0.41,7.66,299.0,6.9768,81.74,101.71
2025-04-23,37.5,10.0,16.83,17.21,16.42,0.01,8.46,296.2,7.2958,83.15,101.88
2025-04-24,37.5,10.0,17.18,17.9,16.57,0.02,8.59,288.6,7.3668,87.4,101.69
2025-04-25,37.5,10.0,17.02,17.47,16.31,0.0,7.65,295.2,7.4861,80.69,101.44
2025-04-26,37.5,10.0,16.43,16.91,16.23,0.02,4.67,327.1,6.7639,79.73,101.42
2025-04-27,37.5,10.0,16.59,17.02,16.05,1.5,1.83,278.8,5.9654,81.33,101.67
2025-04-28,37.5,10.0,16.4,17.03,15.77,17.83,4.57,198.6,4.6622,82.16,101.89
2025-04-29,37.5,10.0,17.02,17.7,16.25,0.6,3.12,85.6,7.4064,78.35,102.04
2025-04-30,37.5,10.0,17.86,19.08,16.61,0.01,5.34,113.5,7.5691,81.4,101.92
2025-05-01,37.5,10.0,18.37,19.09,17.6,0.0,5.65,107.6,7.8077,83.12,101.88
2025-05-02,37.5,10.0,19.02,20.1,17.93,0.0,6.6,115.9,7.7479,80.08,101.83
2025-05-03,37.5,10.0,19.78,22.35,17.88,6.35,7.07,145.6,6.8232,80.83,101.57
2025-05-04,37.5,10.0,19.3,20.1,18.74,0.01,2.93,186.0,1.8679,85.88,101.18
2025-05-05,37.5,10.0,19.17,19.89,18.38,0.03,3.88,271.1,6.1889,78.61,101.08
2025-05-06,37.5,10.0,18.79,19.48,18.08,0.62,4.52,278.1,6.7968,82.65,101.22
2025-05-07,37.5,10.0,18.39,19.08,17.66,3.46,2.97,295.1,6.4874,85.67,101.44
2025-05-08,37.5,10.0,18.2,19.54,16.69,12.45,3.12,91.9,5.0698,88.32,101.16
2025-05-09,37.5,10.0,18.3,18.79,17.96,0.45,2.5,345.0,6.5258,90.59,101.26
2025-05-10,37.5,10.0,18.73,19.85,17.81,3.02,4.78,103.6,6.8904,87.44,101.54
2025-05-11,37.5,10.0,18.87,19.61,18.54,1.51,5.58,104.1,6.4178,89.32,101.17
2025-05-12,37.5,10.0,18.89,19.55,18.27,4.6,5.76,294.3,7.1974,88.26,101.31
2025-05-13,37.5,10.0,18.97,19.3,18.45,0.04,4.36,23.5,7.23,85.12,101.48
2025-05-14,37.5,10.0,18.73,19.09,18.37,1.91,5.15,89.8,3.0065,88.22,101.29
2025-05-15,37.5,10.0,18.3,18.94,17.13,15.35,8.13,31.7,2.7965,87.72,100.62
2025-05-16,37.5,10.0,18.92,19.48,18.54,2.63,8.18,286.7,6.2573,89.6,101.01
2025-05-17,37.5,10.0,18.95,19.29,18.66,0.99,6.19,284.7,7.3738,82.22,101.63
2025-05-18,37.5,10.0,19.86,21.05,18.57,0.0,4.02,132.4,7.0999,71.98,101.74
2025-05-19,37.5,10.0,19.83,20.23,19.27,0.08,3.7,102.3,7.5055,92.18,101.58
2025-05-20,37.5,10.0,20.18,20.93,19.24,0.19,5.09,272.6,4.0238,89.37,101.56
2025-05-21,37.5,10.0,19.6,20.2,19.12,0.0,6.69,298.8,7.4722,82.06,101.66
2025-05-22,37.5,10.0,19.63,20.58,18.45,0.11,2.81,350.9,5.8063,84.0,101.34
2025-05-23,37.5,10.0,19.43,19.81,19.17,0.02,8.45,304.5,7.1928,72.58,101.26
2025-05-24,37.5,10.0,19.32,19.88,18.9,1.56,6.51,317.7,4.4966,75.4,101.36
2025-05-25,37.5,10.0,19.55,19.96,19.16,0.81,8.73,303.7,7.9963,82.21,101.82
2025-05-26,37.5,10.0,19.7,20.1,19.25,0.01,6.21,295.0,7.7986,81.89,101.98
2025-05-27,37.5,10.0,20.02,20.62,19.49,0.88,6.35,297.3,7.8406,85.59,101.92
2025-05-28,37.5,10.0,19.77,20.07,19.24,0.0,8.04,302.1,7.8346,82.34,102.03
2025-05-29,37.5,10.0,20.28,20.99,19.67,0.04,9.95,288.0,7.5886,88.35,101.83
2025-05-30,37.5,10.0,20.2,20.6,19.72,1.79,3.05,358.7,7.9193,85.59,102.02
2025-05-31,37.5,10.0,20.7,21.19,19.95,0.27,3.29,336.5,8.0645,87.27,102.03
2025-06-01,37.5,10.0,21.29,22.31,19.93,0.18,3.13,128.3,8.2387,80.06,101.99
2025-06-02,37.5,10.0,22.05,24.13,19.85,0.0,7.76,148.5,8.3246,70.63,101.83
2025-06-03,37.5,10.0,21.65,23.46,19.78,0.01,8.78,137.8,8.1934,81.19,101.55
2025-06-04,37.5,10.0,22.11,23.55,20.54,0.37,5.42,131.6,8.0066,84.18,101.47
2025-06-05,37.5,10.0,22.26,22.98,21.47,0.2,2.68,154.2,7.2701,85.7,101.63
2025-06-06,37.5,10.0,24.33,26.64,22.4,0.0,4.58,160.5,7.6229,70.87,101.67
2025-06-07,37.5,10.0,24.61,27.42,23.42,0.0,5.55,204.1,7.7647,68.3,101.54
2025-06-08,37.5,10.0,22.97,23.64,22.49,0.03,3.82,292.3,7.7554,86.52,101.66
2025-06-09,37.5,10.0,22.71,23.14,22.36,0.27,5.52,293.2,8.0326,89.36,101.75
2025-06-10,37.5,10.0,22.56,23.05,21.86,0.03,5.82,304.8,7.5622,82.99,101.74
2025-06-11,37.5,10.0,22.65,23.15,22.17,0.03,2.98,347.0,7.3459,83.35,101.55
2025-06-12,37.5,10.0,22.34,23.2,21.67,0.01,3.04,86.8,7.7986,87.02,101.58
2025-06-13,37.5,10.0,23.91,24.96,22.81,0.0,4.45,107.3,7.8245,78.16,101.79
2025-06-14,37.5,10.0,24.06,24.8,22.99,0.0,2.69,93.8,8.0263,74.22,101.85
2025-06-15,37.5,10.0,24.91,25.59,23.95,0.0,1.82,100.5,7.8494,68.54,101.79
2025-06-16,37.5,10.0,24.75,25.09,24.27,0.05,3.88,286.5,7.6142,79.14,101.69
2025-06-17,37.5,10.0,24.34,24.74,23.91,0.01,6.6,298.6,8.011,86.27,101.67
2025-06-18,37.5,10.0,23.93,24.27,23.61,1.87,5.91,305.9,7.1885,85.46,101.7
2025-06-19,37.5,10.0,23.63,24.16,23.26,5.3,5.08,330.4,6.0881,82.52,101.69
2025-06-20,37.5,10.0,24.47,24.87,24.1,0.82,5.04,317.9,7.4515,85.19,101.74
2025-06-21,37.5,10.0,24.33,24.65,23.68,0.06,3.79,323.0,7.7815,89.01,101.78
2025-06-22,37.5,10.0,24.63,25.57,23.34,0.01,3.21,102.5,7.8763,78.79,101.84
2025-06-23,37.5,10.0,25.16,26.02,23.75,0.0,3.44,103.1,7.9834,81.38,101.76
2025-06-24,37.5,10.0,25.89,26.88,24.76,0.0,2.01,274.8,7.5394,76.57,101.64
2025-06-25,37.5,10.0,26.75,27.55,25.86,0.0,4.17,134.5,8.069,71.73,101.46
2025-06-26,37.5,10.0,26.68,29.51,25.34,0.11,2.74,196.0,7.9505,78.0,101.51
2025-06-27,37.5,10.0,25.69,26.02,25.37,0.28,6.92,288.3,7.5965,91.41,101.79
2025-06-28,37.5,10.0,25.48,25.99,25.09,0.03,8.08,304.7,7.8574,86.53,101.85
2025-06-29,37.5,10.0,25.82,26.09,25.53,0.06,5.84,313.6,7.5036,88.96,101.72
2025-06-30,37.5,10.0,26.04,26.55,25.55,0.35,2.86,46.5,7.9999,79.31,101.53
2025-07-01,37.5,10.0,26.27,26.96,25.34,0.0,2.82,91.2,8.2867,76.03,101.41
2025-07-02,37.5,10.0,26.99,28.07,25.73,0.0,4.15,104.5,7.9841,77.93,101.38
2025-07-03,37.5,10.0,26.67,27.07,26.1,0.49,2.92,70.9,7.6678,83.87,101.64
2025-07-04,37.5,10.0,26.51,27.03,25.94,0.67,2.21,333.8,7.8048,78.15,101.81
2025-07-05,37.5,10.0,26.93,27.5,26.32,1.59,2.21,323.1,7.8497,76.73,101.6
2025-07-06,37.5,10.0,27.5,28.48,26.0,1.91,2.42,357.5,7.6793,76.02,101.28
2025-07-07,37.5,10.0,28.06,28.69,27.22,1.34,2.21,25.3,7.7273,72.67,100.96
2025-07-08,37.5,10.0,27.65,28.25,26.8,0.08,6.73,330.4,7.65,71.28,101.16
2025-07-09,37.5,10.0,26.33,26.68,25.76,0.0,7.51,313.8,8.147,64.89,101.55
2025-07-10,37.5,10.0,25.15,25.68,24.72,0.01,4.87,317.4,7.8432,68.12,101.56
2025-07-11,37.5,10.0,25.46,26.07,24.83,0.0,3.34,89.3,8.1451,63.24,101.44
2025-07-12,37.5,10.0,26.83,28.2,25.27,0.03,7.74,129.4,7.8216,71.15,101.27
2025-07-13,37.5,10.0,27.98,31.26,26.77,0.04,4.72,233.4,7.3385,74.63,101.44
2025-07-14,37.5,10.0,26.28,26.67,25.74,0.14,3.58,9.4,7.0733,81.37,101.79
2025-07-15,37.5,10.0,26.87,27.92,25.98,0.0,2.24,28.8,7.6006,70.19,101.65
2025-07-16,37.5,10.0,26.56,26.81,26.29,3.37,8.36,295.3,7.5706,83.85,101.38
2025-07-17,37.5,10.0,26.48,26.81,26.01,0.63,10.75,294.7,7.7926,80.31,101.21
2025-07-18,37.5,10.0,25.88,26.23,25.61,1.23,5.34,333.6,7.9063,82.21,101.25
2025-07-19,37.5,10.0,27.91,30.09,25.67,0.0,6.45,144.7,7.8619,72.05,101.09
2025-07-20,37.5,10.0,27.44,28.59,26.49,0.0,3.7,227.9,7.6327,74.68,100.93
2025-07-21,37.5,10.0,27.73,28.61,26.69,0.0,4.42,253.0,6.3948,80.03,100.93
2025-07-22,37.5,10.0,27.02,27.39,26.5,0.0,5.69,319.9,7.5929,76.04,101.38
2025-07-23,37.5,10.0,27.84,28.99,26.99,0.12,3.25,28.1,7.3848,74.64,101.19
2025-07-24,37.5,10.0,27.85,28.35,27.18,1.31,4.41,94.4,6.6684,84.96,100.9
2025-07-25,37.5,10.0,27.51,28.08,26.68,696.75,6.49,284.5,6.1406,85.64,100.94
2025-07-26,37.5,10.0,26.05,26.6,25.62,0.05,9.13,311.5,6.7985,71.76,101.41
2025-07-27,37.5,10.0,26.21,26.58,25.47,0.23,10.31,306.7,7.5497,69.01,101.42
2025-07-28,37.5,10.0,25.78,26.25,24.98,5.39,9.75,300.2,7.3692,72.79,101.21
2025-07-29,37.5,10.0,24.82,25.39,24.2,17.27,9.51,297.8,7.7268,71.98,101.32
2025-07-30,37.5,10.0,24.77,25.53,23.91,0.26,7.8,299.6,7.6937,74.54,101.53
2025-07-31,37.5,10.0,24.41,24.8,23.85,0.0,6.78,305.7,7.4887,74.74,101.69
2025-08-01,37.5,10.0,24.5,24.96,24.1,0.0,2.36,334.1,7.607,72.44,101.43
2025-08-02,37.5,10.0,25.05,25.57,24.38,0.17,3.65,306.5,6.6828,75.15,101.29
2025-08-03,37.5,10.0,25.4,25.77,24.81,0.0,5.78,318.7,7.4554,74.28,101.53
2025-08-04,37.5,10.0,24.49,25.01,23.62,0.07,6.26,315.1,7.3915,75.15,101.86
2025-08-05,37.5,10.0,24.45,24.85,24.2,0.0,5.53,315.1,7.327,77.78,101.85
2025-08-06,37.5,10.0,25.03,25.21,24.81,0.04,4.58,299.8,6.9991,83.97,101.79
2025-08-07,37.5,10.0,25.25,25.78,24.83,0.18,3.23,313.1,6.9907,83.0,101.75
2025-08-08,37.5,10.0,25.18,25.74,24.52,0.01,3.24,85.1,6.9847,82.73,101.78
2025-08-09,37.5,10.0,25.97,26.52,25.48,0.01,3.97,91.7,6.8489,82.04,101.77
2025-08-10,37.5,10.0,26.58,27.46,25.96,0.0,2.45,48.0,7.0061,72.32,101.74
2025-08-11,37.5,10.0,26.07,26.47,25.57,0.0,5.5,302.0,6.7798,82.51,101.54
2025-08-12,37.5,10.0,25.98,26.38,25.62,0.03,6.47,295.2,6.319,85.76,101.41
2025-08-13,37.5,10.0,25.99,26.48,25.34,0.26,3.26,291.9,6.594,90.46,101.36
2025-08-14,37.5,10.0,25.76,26.63,24.81,0.12,2.6,302.2,6.6218,81.26,101.49
2025-08-15,37.5,10.0,26.4,27.0,25.92,0.46,4.68,292.8,6.474,82.75,101.57
2025-08-16,37.5,10.0,26.8,27.28,26.47,2.27,4.71,302.5,6.2366,86.68,101.34
2025-08-17,37.5,10.0,26.8,27.24,26.28,1.24,6.64,282.0,6.5136,88.65,101.06
2025-08-18,37.5,10.0,26.41,26.7,26.07,0.39,3.46,302.1,6.2626,82.72,101.18
2025-08-19,37.5,10.0,26.98,28.02,25.59,0.32,4.98,130.0,6.4841,78.54,101.24
2025-08-20,37.5,10.0,27.38,29.01,26.1,1.8,6.32,206.3,5.6222,82.17,100.82
2025-08-21,37.5,10.0,26.44,26.99,26.18,4.63,5.48,295.7,6.0953,83.92,101.01
2025-08-22,37.5,10.0,26.81,27.01,26.63,0.01,5.34,313.9,6.5095,70.88,101.36
2025-08-23,37.5,10.0,26.42,26.76,26.01,0.0,5.92,307.7,6.4812,69.36,101.49
2025-08-24,37.5,10.0,25.82,26.44,25.47,0.0,4.25,334.9,6.5299,70.95,101.62
2025-08-25,37.5,10.0,26.29,26.94,25.85,0.0,4.05,110.0,6.6833,72.21,101.67
2025-08-26,37.5,10.0,27.53,28.64,26.18,0.07,5.19,130.8,3.672,75.53,101.41
2025-08-27,37.5,10.0,27.99,30.27,26.6,0.12,7.35,128.5,6.0269,79.5,101.0
2025-08-28,37.5,10.0,27.04,27.98,26.25,0.73,5.12,182.4,5.3525,87.16,100.8
2025-08-29,37.5,10.0,26.69,27.19,26.3,0.57,4.45,288.9,5.1365,85.12,101.0
2025-08-30,37.5,10.0,26.38,26.66,26.2,0.09,6.98,299.1,6.0458,74.96,101.32
2025-08-31,37.5,10.0,26.41,27.04,25.87,0.0,4.19,85.1,6.5602,66.18,101.39
2025-09-01,37.5,10.0,27.11,29.07,25.88,0.08,4.3,177.5,6.2702,77.21,101.06
2025-09-02,37.5,10.0,26.1,26.43,25.54,1.93,6.14,313.7,4.1266,75.97,101.46
2025-09-03,37.5,10.0,25.23,25.61,24.96,0.0,3.9,346.1,6.4174,67.64,101.67
2025-09-04,37.5,10.0,25.06,25.71,24.13,0.0,4.7,112.8,6.5887,72.36,101.49
2025-09-05,37.5,10.0,25.59,26.02,25.29,0.0,2.48,81.9,6.6437,64.8,101.73
2025-09-06,37.5,10.0,26.19,27.28,25.01,0.03,4.83,119.4,6.0646,71.99,101.79
2025-09-07,37.5,10.0,26.59,27.14,26.09,0.49,4.75,108.5,5.34,75.96,101.64
2025-09-08,37.5,10.0,27.42,28.26,26.65,0.71,2.89,181.3,5.3256,75.61,101.4
2025-09-09,37.5,10.0,27.88,29.3,26.84,0.16,2.47,34.8,5.5207,71.13,101.14
2025-09-10,37.5,10.0,25.44,26.58,24.29,10.63,4.85,293.0,2.8397,85.81,101.25
2025-09-11,37.5,10.0,25.66,26.2,25.34,0.78,6.38,309.5,5.9909,76.99,101.66
2025-09-12,37.5,10.0,25.44,25.85,25.18,0.0,5.8,331.5,6.2242,72.81,101.9
2025-09-13,37.5,10.0,25.39,25.84,24.85,0.0,3.26,98.4,6.187,67.77,101.93
2025-09-14,37.5,10.0,25.53,26.7,24.58,0.0,3.57,136.1,6.0386,71.67,101.8
2025-09-15,37.5,10.0,26.03,26.47,25.56,0.28,2.88,323.2,5.8646,78.15,101.95
2025-09-16,37.5,10.0,26.21,26.76,25.82,1.28,2.11,320.6,6.0588,71.93,101.91
2025-09-17,37.5,10.0,26.14,26.32,25.86,3.8,7.24,311.0,5.7156,78.58,101.93
2025-09-18,37.5,10.0,25.59,25.96,25.21,1.25,4.68,356.1,5.5577,77.3,102.12
2025-09-19,37.5,10.0,25.77,26.06,25.3,0.15,2.93,68.6,5.747,75.23,102.28
2025-09-20,37.5,10.0,26.28,27.29,25.18,0.0,6.27,136.9,5.3779,75.49,102.07
2025-09-21,37.5,10.0,26.11,27.88,24.73,0.05,8.45,144.3,5.5354,75.67,101.54
2025-09-22,37.5,10.0,25.43,26.9,22.48,33.41,5.88,203.0,4.4777,83.52,101.25
2025-09-23,37.5,10.0,24.41,27.18,22.56,8.38,2.73,187.1,4.8281,78.65,101.32
2025-09-24,37.5,10.0,24.29,24.64,23.86,4.33,6.43,307.3,4.7342,75.63,101.57
2025-09-25,37.5,10.0,23.32,24.17,22.95,0.04,4.81,46.2,4.4417,67.18,101.82
2025-09-26,37.5,10.0,24.27,24.52,23.96,11.34,3.67,152.7,2.8656,77.58,101.7
2025-09-27,37.5,10.0,23.85,25.03,23.01,8.99,4.67,300.0,4.2696,77.22,101.66
2025-09-28,37.5,10.0,23.7,24.3,23.44,0.13,4.86,326.8,5.2987,69.42,101.68
2025-09-29,37.5,10.0,23.65,24.02,23.05,0.11,2.82,75.4,5.118,67.39,101.7
2025-09-30,37.5,10.0,24.47,25.6,23.26,26.0,3.77,147.1,2.491,70.34,101.7
2025-10-01,37.5,10.0,24.09,24.77,23.47,66.78,7.92,300.4,4.8122,72.88,101.55
2025-10-02,37.5,10.0,22.72,23.37,21.95,6.73,8.34,345.9,5.0254,66.98,101.68
2025-10-03,37.5,10.0,21.62,22.13,21.15,0.12,7.01,350.8,4.8082,63.44,101.93
2025-10-04,37.5,10.0,22.74,23.63,22.03,0.28,3.89,298.7,4.255,67.37,101.83
2025-10-05,37.5,10.0,23.32,24.45,22.52,1.5,7.22,290.7,4.8391,74.57,101.6
2025-10-06,37.5,10.0,21.98,22.31,21.74,0.61,7.84,320.1,4.6013,66.9,101.95
2025-10-07,37.5,10.0,21.81,22.03,21.66,0.52,3.85,327.1,4.591,68.24,102.15
2025-10-08,37.5,10.0,21.83,22.09,21.53,0.0,2.52,306.1,4.9298,69.72,102.03
2025-10-09,37.5,10.0,22.64,23.62,21.81,0.0,2.33,134.0,4.3214,66.28,101.86
2025-10-10,37.5,10.0,23.19,23.68,22.67,1.33,2.6,59.7,4.5425,79.34,102.03
2025-10-11,37.5,10.0,22.92,23.34,22.71,4.08,5.12,115.7,4.2281,82.52,102.31
2025-10-12,37.5,10.0,22.87,23.67,22.07,2.54,4.15,138.3,3.7003,75.29,102.17
2025-10-13,37.5,10.0,23.18,24.6,21.53,1.41,5.66,138.5,4.4047,79.74,101.79
2025-10-14,37.5,10.0,23.42,25.06,21.32,1.16,6.22,139.0,3.3317,79.21,101.53
2025-10-15,37.5,10.0,23.33,23.77,22.58,7.17,4.28,257.5,3.6919,81.65,101.33
2025-10-16,37.5,10.0,21.87,22.53,21.5,3.98,5.69,329.6,3.9065,79.77,101.34
2025-10-17,37.5,10.0,21.62,22.01,21.35,0.98,2.99,323.9,4.1129,72.51,101.66
2025-10-18,37.5,10.0,20.97,21.92,20.35,5.63,3.31,115.8,1.9217,75.34,101.89
2025-10-19,37.5,10.0,21.75,22.09,21.39,0.76,3.58,63.0,2.9011,64.47,101.87
2025-10-20,37.5,10.0,22.05,23.4,20.73,0.05,3.91,145.8,3.9362,67.54,101.37
2025-10-21,37.5,10.0,22.94,23.86,21.99,0.46,6.41,257.8,3.9113,79.55,101.03
2025-10-22,37.5,10.0,23.19,23.49,22.79,2.63,7.52,266.9,3.4457,84.55,101.12
2025-10-23,37.5,10.0,23.18,23.94,22.48,70.98,9.52,274.1,3.9322,82.5,101.18
2025-10-24,37.5,10.0,22.1,22.32,21.98,1.19,5.19,303.9,4.0601,70.36,101.6
2025-10-25,37.5,10.0,23.16,25.36,21.39,0.0,3.09,189.9,3.9607,73.23,101.39
2025-10-26,37.5,10.0,22.38,23.64,20.98,1.09,5.14,306.7,3.7831,77.07,101.12
2025-10-27,37.5,10.0,20.51,20.78,19.86,1.68,10.88,310.4,3.6562,70.22,101.69
2025-10-28,37.5,10.0,21.4,21.88,20.68,0.11,6.71,305.1,3.4054,69.48,101.85
2025-10-29,37.5,10.0,21.85,24.39,19.88,0.0,6.72,164.2,3.955,69.21,101.63
2025-10-30,37.5,10.0,21.28,22.44,19.73,29.33,4.6,214.1,1.577,80.54,101.33
2025-10-31,37.5,10.0,21.66,22.18,20.93,14.33,8.14,297.2,3.3857,79.53,101.59
2025-11-01,37.5,10.0,20.71,21.07,20.52,0.01,3.22,335.2,3.2726,77.27,101.99
2025-11-02,37.5,10.0,20.95,21.99,19.6,1.38,3.45,236.0,3.8177,75.32,101.81
2025-11-03,37.5,10.0,21.16,21.94,20.37,5.09,8.66,310.6,3.6888,74.15,101.98
2025-11-04,37.5,10.0,19.54,20.23,18.68,0.02,5.13,322.9,3.6437,73.16,102.28
2025-11-05,37.5,10.0,19.21,19.88,18.47,0.04,3.06,99.4,3.7099,72.36,102.1
2025-11-06,37.5,10.0,20.45,21.86,18.79,1.86,5.25,149.0,3.3792,77.04,101.35
2025-11-07,37.5,10.0,20.21,21.06,19.37,3.62,8.03,284.6,2.7334,74.17,101.27
2025-11-08,37.5,10.0,20.02,20.86,18.93,8.5,6.12,259.2,1.5216,69.25,101.13
2025-11-09,37.5,10.0,18.93,20.09,18.05,6.8,6.46,296.1,2.6978,76.93,101.12
2025-11-10,37.5,10.0,19.65,20.15,19.2,0.32,6.63,306.8,3.2635,72.61,101.74
2025-11-11,37.5,10.0,19.45,19.78,19.05,0.0,2.64,251.6,3.2866,67.54,101.98
2025-11-12,37.5,10.0,20.33,22.42,18.46,0.0,6.58,146.6,3.4147,73.43,102.13
2025-11-13,37.5,10.0,20.4,22.9,18.3,0.0,8.7,148.5,3.5011,69.8,102.15
2025-11-14,37.5,10.0,19.7,22.75,16.46,0.0,6.01,180.8,3.2359,69.88,101.82
2025-11-15,37.5,10.0,20.65,21.71,19.3,0.0,4.47,245.4,3.0473,73.84,101.67
2025-11-16,37.5,10.0,20.33,22.03,18.6,0.0,4.46,223.2,2.6436,79.04,101.25
2025-11-17,37.5,10.0,20.45,20.85,19.1,5.71,3.81,293.2,2.4341,79.43,101.28
2025-11-18,37.5,10.0,18.85,19.15,18.4,3.52,6.7,296.4,2.226,79.25,101.23
2025-11-19,37.5,10.0,18.52,18.92,18.07,0.06,7.24,291.6,2.3736,71.33,101.29
2025-11-20,37.5,10.0,18.26,19.48,17.22,2.69,5.85,249.9,2.6263,73.89,101.08
2025-11-21,37.5,10.0,15.96,17.1,13.77,4.51,10.05,292.8,1.5122,74.51,101.15
2025-11-22,37.5,10.0,14.3,15.64,13.45,40.04,14.44,289.1,1.7561,70.36,101.71
2025-11-23,37.5,10.0,16.37,17.15,15.39,1.48,9.13,282.9,1.9517,67.12,102.25
2025-11-24,37.5,10.0,17.04,18.67,15.57,0.05,6.65,222.6,2.1108,60.95,101.63
2025-11-25,37.5,10.0,17.49,19.33,15.35,66.73,10.03,265.6,1.9078,72.66,100.81
2025-11-26,37.5,10.0,15.55,16.78,14.43,75.81,9.48,299.5,1.488,72.6,100.97
2025-11-27,37.5,10.0,15.05,15.78,14.38,3.52,9.06,309.4,1.9913,71.89,101.0
2025-11-28,37.5,10.0,15.48,15.89,14.86,3.85,9.54,328.5,1.9987,73.72,101.32
2025-11-29,37.5,10.0,16.47,17.0,15.87,0.26,7.34,306.1,2.3933,71.68,101.65
2025-11-30,37.5,10.0,17.01,18.28,15.94,0.1,4.07,166.4,2.837,64.57,101.64
2025-12-01,37.5,10.0,16.5,17.18,15.58,0.01,2.86,190.7,2.7506,56.58,101.71
2025-12-02,37.5,10.0,16.31,16.81,16.06,3.6,3.46,277.3,2.352,75.88,101.55
2025-12-03,37.5,10.0,16.77,18.27,15.65,4.26,3.8,228.4,2.6179,67.22,101.13
2025-12-04,37.5,10.0,16.31,16.93,15.83,18.07,11.41,288.7,2.0834,72.18,101.04
2025-12-05,37.5,10.0,15.42,15.79,14.29,86.26,11.5,305.0,1.9051,77.65,100.78
2025-12-06,37.5,10.0,16.36,17.71,15.56,0.07,10.92,310.3,2.5128,74.72,101.69
2025-12-07,37.5,10.0,17.65,17.92,17.46,0.62,9.38,296.3,2.5171,85.22,101.86
2025-12-08,37.5,10.0,17.47,17.8,17.21,0.26,6.74,294.0,2.4427,88.11,102.2
2025-12-09,37.5,10.0,16.54,17.13,15.77,0.04,2.92,136.8,2.4655,83.02,102.38
2025-12-10,37.5,10.0,16.33,16.68,15.66,0.17,4.38,121.2,2.3412,87.89,102.27
2025-12-11,37.5,10.0,16.48,17.17,15.9,0.41,3.44,108.6,2.5476,79.28,102.23
2025-12-12,37.5,10.0,16.44,17.24,15.8,0.13,4.59,118.7,1.8331,79.88,102.07
2025-12-13,37.5,10.0,16.85,17.37,16.53,0.95,3.82,116.3,2.0837,82.11,102.33
2025-12-14,37.5,10.0,16.99,18.13,15.97,0.08,5.06,143.8,2.0498,82.84,102.44
2025-12-15,37.5,10.0,17.56,17.98,16.84,10.75,9.15,148.9,1.1758,85.46,102.01
2025-12-16,37.5,10.0,17.03,18.53,15.63,0.4,6.11,176.5,2.2181,79.29,101.38
2025-12-17,37.5,10.0,16.38,18.25,14.57,0.05,5.78,171.2,2.2032,83.44,101.93
2025-12-18,37.5,10.0,18.05,19.23,17.46,0.12,6.62,135.4,1.8725,89.98,102.32
2025-12-19,37.5,10.0,17.07,17.65,16.28,6.57,7.37,104.7,0.6456,85.23,102.05
2025-12-20,37.5,10.0,15.27,15.92,14.81,3.04,2.64,124.7,1.9709,80.1,101.32
2025-12-21,37.5,10.0,16.05,16.65,15.3,6.56,4.46,233.5,0.996,84.87,100.85
2025-12-22,37.5,10.0,16.67,18.4,15.35,0.69,5.59,217.3,2.0626,73.13,100.76
2025-12-23,37.5,10.0,14.32,15.63,13.38,4.3,8.48,253.3,1.38,75.42,100.82
2025-12-24,37.5,10.0,14.69,16.15,13.31,1.01,6.59,232.2,2.6306,67.7,100.75
2025-12-25,37.5,10.0,15.79,17.23,14.97,1.06,4.69,209.5,2.4778,66.08,101.14
2025-12-26,37.5,10.0,16.1,17.66,14.34,6.06,7.62,138.9,1.5329,74.93,101.39
2025-12-27,37.5,10.0,15.99,16.41,15.7,9.63,5.69,113.2,1.2854,79.36,101.78
2025-12-28,37.5,10.0,15.66,16.08,15.07,1.26,3.2,133.0,2.1473,77.1,101.86
2025-12-29,37.5,10.0,15.7,16.57,14.62,0.01,4.17,170.9,1.577,65.44,101.78
2025-12-30,37.5,10.0,15.63,15.93,15.23,2.1,8.24,291.0,2.1778,76.21,101.51
2025-12-31,37.5,10.0,14.28,15.09,13.65,4.65,4.36,304.6,1.29,78.72,101.59
2026-01-01,37.5,10.0,15.09,15.77,14.18,0.5,5.42,245.0,1.8557,72.37,101.8
2026-01-02,37.5,10.0,14.69,16.23,12.88,0.0,6.11,220.5,2.5445,73.14,101.39
2026-01-03,37.5,10.0,16.06,17.69,14.28,0.0,5.88,230.7,2.346,77.64,100.86
2026-01-04,37.5,10.0,15.75,17.11,14.97,0.1,5.56,210.2,1.3944,73.05,100.47
2026-01-05,37.5,10.0,16.28,17.24,15.34,0.48,4.57,231.1,2.5337,77.81,100.2
2026-01-06,37.5,10.0,14.81,15.68,13.8,22.99,9.25,269.0,2.1576,80.3,100.38
2026-01-07,37.5,10.0,12.88,13.34,12.13,88.93,12.54,306.9,1.3591,70.31,101.22
2026-01-08,37.5,10.0,14.88,15.81,13.48,8.66,13.46,285.9,1.83,70.58,102.18
2026-01-09,37.5,10.0,15.37,16.33,14.21,14.72,11.85,262.1,2.3158,79.28,101.82
2026-01-10,37.5,10.0,14.42,15.93,13.87,32.34,15.06,298.3,2.2942,67.32,101.37
2026-01-11,37.5,10.0,13.61,14.07,12.98,97.65,13.11,310.6,2.1614,66.52,101.93
2026-01-12,37.5,10.0,13.45,14.1,13.24,1.36,3.87,302.2,2.7917,65.33,102.64
2026-01-13,37.5,10.0,13.51,16.2,11.35,0.0,6.14,176.7,3.0305,70.03,102.28
2026-01-14,37.5,10.0,13.19,16.79,10.17,0.32,6.09,182.1,3.0888,78.07,102.03
2026-01-15,37.5,10.0,14.08,16.16,12.15,1.13,5.3,166.8,2.5346,79.19,101.9
2026-01-16,37.5,10.0,15.78,16.44,14.75,20.73,4.33,113.7,1.0334,90.74,101.37
2026-01-17,37.5,10.0,14.72,15.69,13.6,6.99,4.77,164.2,1.6493,83.89,101.33
2026-01-18,37.5,10.0,14.96,16.06,13.65,11.52,7.69,145.2,2.083,80.42,101.32
2026-01-19,37.5,10.0,16.01,16.77,14.67,80.81,9.74,120.3,0.7445,86.09,100.71
2026-01-20,37.5,10.0,14.73,15.7,13.72,179.64,13.03,92.7,0.4418,87.92,100.24
2026-01-21,37.5,10.0,13.87,14.23,13.47,38.42,11.54,16.8,0.6413,82.83,100.09
2026-01-22,37.5,10.0,13.87,15.4,13.04,36.7,6.15,265.9,2.7298,80.53,100.05
2026-01-23,37.5,10.0,14.82,15.3,14.36,11.29,8.58,274.3,2.759,74.33,100.28
2026-01-24,37.5,10.0,14.11,15.18,12.92,96.14,6.53,246.4,1.5526,80.34,100.36
2026-01-25,37.5,10.0,13.62,14.76,12.91,19.18,10.32,268.3,2.5469,75.16,100.49
2026-01-26,37.5,10.0,13.71,14.5,12.91,142.14,13.66,293.2,2.425,75.61,100.31
2026-01-27,37.5,10.0,14.74,16.31,13.56,0.01,7.09,238.2,2.9426,74.04,100.92
2026-01-28,37.5,10.0,15.24,16.7,14.38,63.91,11.0,243.1,2.7859,78.24,100.11
2026-01-29,37.5,10.0,14.53,15.41,13.74,8.19,12.41,285.5,2.9254,78.83,100.22
2026-01-30,37.5,10.0,15.44,16.14,14.53,36.16,9.69,283.1,2.8174,83.12,100.5
2026-01-31,37.5,10.0,13.6,14.35,12.98,35.39,10.41,265.4,1.5965,81.28,99.78
2026-02-01,37.5,10.0,14.28,15.15,13.61,13.99,12.12,309.1,3.0686,77.32,100.86
2026-02-02,37.5,10.0,14.92,16.17,13.51,0.14,6.64,203.1,3.5537,74.24,100.89
2026-02-03,37.5,10.0,15.17,15.94,13.93,0.56,6.22,186.6,1.5545,80.63,100.62
2026-02-04,37.5,10.0,14.55,16.51,13.57,5.95,10.23,257.6,2.5862,79.13,99.78
2026-02-05,37.5,10.0,16.15,17.02,15.39,19.4,7.67,259.8,2.0866,87.69,99.94
2026-02-06,37.5,10.0,16.21,17.58,14.92,0.19,10.25,266.4,3.8803,82.73,100.45
2026-02-07,37.5,10.0,15.08,15.7,14.72,28.83,8.89,257.7,1.134,81.62,101.09
2026-02-08,37.5,10.0,14.16,15.86,12.48,51.09,7.34,237.7,2.155,74.93,100.9
2026-02-09,37.5,10.0,14.55,15.21,13.49,46.16,10.5,283.2,3.1632,78.86,100.74
2026-02-10,37.5,10.0,14.83,15.62,14.2,127.55,6.44,263.5,0.9991,87.57,100.87
2026-02-11,37.5,10.0,15.78,16.37,15.4,3.18,9.71,267.2,3.4817,92.42,100.65
2026-02-12,37.5,10.0,16.2,16.69,15.73,6.02,15.34,282.8,3.2484,78.37,100.19
2026-02-13,37.5,10.0,15.78,16.42,15.35,7.88,8.96,271.6,3.9761,77.1,100.15
2026-02-14,37.5,10.0,14.35,15.11,13.51,146.71,9.16,262.5,3.3439,79.39,99.62
2026-02-15,37.5,10.0,13.76,14.32,13.12,126.24,15.54,301.5,1.7441,74.89,100.81
2026-02-16,37.5,10.0,14.86,15.37,14.07,7.57,12.31,282.5,3.234,83.6,101.41
2026-02-17,37.5,10.0,14.85,15.25,14.62,67.67,13.49,306.0,4.2972,73.25,101.42
2026-02-18,37.5,10.0,14.86,15.57,14.1,0.11,6.0,284.4,4.2653,79.18,101.86
2026-02-19,37.5,10.0,14.44,15.77,13.13,38.03,10.5,260.8,4.0243,81.65,101.28
2026-02-20,37.5,10.0,14.42,14.83,14.04,109.74,14.63,295.8,3.661,71.35,101.82
2026-02-21,37.5,10.0,14.41,14.57,14.22,46.48,11.15,304.7,4.3106,76.86,102.42
2026-02-22,37.5,10.0,14.66,15.22,13.98,15.61,6.64,297.5,4.5206,82.26,102.75
2026-02-23,37.5,10.0,14.74,15.43,13.88,0.48,5.85,278.8,4.6553,82.17,102.45
2026-02-24,37.5,10.0,15.13,15.41,14.72,0.0,5.3,281.4,4.7419,83.09,102.14
2026-02-25,37.5,10.0,14.79,15.41,14.23,0.0,3.07,164.5,4.734,84.65,102.21
2026-02-26,37.5,10.0,14.69,16.02,13.41,0.11,4.28,137.9,4.8082,87.94,102.51
2026-02-27,37.5,10.0,14.32,15.15,13.23,0.1,2.94,137.9,4.4016,85.32,102.41
2026-02-28,37.5,10.0,14.8,16.68,13.17,0.07,4.51,136.5,3.6566,86.32,102.1
2026-03-01,37.5,10.0,14.76,15.68,13.66,0.06,3.57,167.6,3.4754,89.95,102.26
2026-03-02,37.5,10.0,14.88,16.21,13.76,0.02,8.13,147.1,4.6342,88.18,102.21
2026-03-03,37.5,10.0,15.27,16.03,14.84,0.45,9.07,131.8,3.1913,91.26,102.06
2026-03-04,37.5,10.0,15.59,16.52,15.08,0.1,9.49,133.6,4.2617,89.71,102.04
2026-03-05,37.5,10.0,15.27,15.84,14.84,0.72,9.52,123.9,2.149,92.43,101.72
2026-03-06,37.5,10.0,15.73,16.43,15.17,16.38,6.06,124.0,2.5543,92.17,101.51
2026-03-07,37.5,10.0,15.76,16.87,15.11,1.51,5.08,129.9,4.5293,89.48,102.03
2026-03-08,37.5,10.0,15.3,16.02,14.84,0.18,5.28,122.7,4.7177,88.69,102.23
2026-03-09,37.5,10.0,15.23,16.07,14.63,0.93,4.44,120.8,3.8338,89.83,102.15
2026-03-10,37.5,10.0,15.04,15.39,14.64,1.41,4.77,119.8,3.732,87.86,102.16
2026-03-11,37.5,10.0,15.18,15.6,14.86,0.1,4.16,119.6,5.0213,84.71,102.32
2026-03-12,37.5,10.0,15.17,16.1,13.92,5.32,4.93,263.3,4.5096,86.35,102.2
2026-03-13,37.5,10.0,14.15,15.17,13.48,22.87,6.18,297.7,2.7461,80.77,101.74
2026-03-14,37.5,10.0,14.55,15.88,13.69,3.86,4.65,227.5,5.3753,76.44,100.79
2026-03-15,37.5,10.0,13.49,14.53,12.8,20.56,8.8,290.2,2.8944,72.5,100.14
2026-03-16,37.5,10.0,14.35,15.49,12.79,44.55,9.01,347.8,3.1181,79.18,100.6
2026-03-17,37.5,10.0,15.44,15.57,15.25,21.43,8.06,342.7,4.044,85.46,101.1
2026-03-18,37.5,10.0,15.02,15.74,13.85,20.25,6.33,330.0,4.2605,81.63,101.06
2026-03-19,37.5,10.0,13.89,14.27,13.58,0.8,4.55,14.3,5.3537,69.09,101.35
2026-03-20,37.5,10.0,14.2,14.51,13.91,0.69,2.49,2.5,5.4389,65.19,101.27
2026-03-21,37.5,10.0,14.0,14.7,13.39,1.63,3.63,59.4,5.5402,70.46,101.07
2026-03-22,37.5,10.0,14.11,14.69,13.63,2.1,1.85,94.6,5.3978,68.11,101.06
2026-03-23,37.5,10.0,14.43,15.22,13.71,35.76,2.31,19.8,4.1225,68.39,101.32
2026-03-24,37.5,10.0,14.3,15.12,12.88,29.11,5.96,337.1,4.8931,72.9,101.87
2026-03-25,37.5,10.0,14.5,15.08,13.95,0.34,7.42,296.8,5.724,76.36,101.78
2026-03-26,37.5,10.0,13.75,15.1,12.38,3.92,12.75,300.4,2.9035,66.84,100.93
2026-03-27,37.5,10.0,12.64,13.5,12.1,27.78,12.09,304.3,5.0052,69.84,100.83
2026-03-28,37.5,10.0,13.47,13.68,13.18,1.09,9.95,303.5,5.5526,68.77,101.32
2026-03-29,37.5,10.0,13.53,13.85,13.18,69.92,5.4,314.7,3.4733,74.61,101.14
2026-03-30,37.5,10.0,14.43,15.25,13.28,24.38,5.78,309.9,5.4185,72.65,101.46
2026-03-31,37.5,10.0,14.15,14.83,13.09,137.11,13.89,322.7,4.3918,68.14,100.55
2026-04-01,37.5,10.0,12.69,13.32,12.13,104.15,13.81,331.9,1.9831,79.31,100.15
2026-04-02,37.5,10.0,13.71,14.48,12.99,28.08,12.16,317.9,3.6007,77.37,100.27
2026-04-03,37.5,10.0,14.68,15.1,13.97,11.06,9.38,307.5,3.6173,78.43,101.13
2026-04-04,37.5,10.0,14.89,15.17,14.56,1.57,7.98,303.8,6.2186,88.08,101.99
2026-04-05,37.5,10.0,14.58,14.83,14.24,1.38,6.38,294.2,6.606,87.01,102.54
2026-04-06,37.5,10.0,15.11,15.7,14.45,0.0,3.24,274.2,6.6166,81.15,102.61
2026-04-07,37.5,10.0,16.23,17.89,14.52,0.0,4.43,151.5,6.7656,71.82,102.36
2026-04-08,37.5,10.0,15.85,16.77,14.54,0.0,2.08,215.4,6.2746,83.97,102.04
2026-04-09,37.5,10.0,16.63,17.03,16.13,0.01,2.7,288.8,6.2326,86.25,101.85
2026-04-10,37.5,10.0,17.37,18.03,16.64,0.0,3.24,262.3,6.7068,76.07,101.69
2026-04-11,37.5,10.0,17.83,18.77,16.64,0.01,4.02,128.2,6.6511,73.24,101.29
2026-04-12,37.5,10.0,17.23,18.57,16.54,3.42,9.22,122.3,2.315,86.42,100.18
2026-04-13,37.5,10.0,16.25,16.84,15.8,11.96,7.69,251.0,5.5886,89.22,100.28
2026-04-14,37.5,10.0,15.5,15.87,15.05,48.53,8.64,296.9,2.9194,84.22,101.0
2026-04-15,37.5,10.0,15.62,15.92,15.03,168.99,9.58,306.6,2.5766,92.18,101.17
2026-04-16,37.5,10.0,16.15,16.28,15.84,14.75,6.49,332.4,6.0708,94.71,101.59
2026-04-17,37.5,10.0,16.06,16.3,15.76,0.63,5.7,299.1,6.5105,95.28,101.71
2026-04-18,37.5,10.0,16.24,16.47,16.02,0.33,6.87,289.9,6.8662,94.03,101.71
2026-04-19,37.5,10.0,16.5,16.84,16.11,0.34,3.5,288.0,6.6655,87.74,101.77
2026-04-20,37.5,10.0,16.69,17.91,14.99,0.0,3.63,154.2,7.0603,86.15,101.43
2026-04-21,37.5,10.0,17.06,17.88,16.56,2.16,2.45,116.3,6.589,89.36,101.11
2026-04-22,37.5,10.0,16.77,17.11,16.27,4.53,2.68,62.4,4.2955,92.0,101.26
2026-04-23,37.5,10.0,16.76,17.21,16.46,36.3,5.02,45.1,6.4538,86.39,101.69
2026-04-24,37.5,10.0,16.36,16.77,16.03,0.0,5.48,91.6,7.4983,67.05,101.8
2026-04-25,37.5,10.0,16.25,16.85,15.62,0.3,4.13,112.5,7.3906,72.36,101.73
2026-04-26,37.5,10.0,16.71,17.53,15.93,0.0,5.0,111.3,7.417,83.8,101.78
2026-04-27,37.5,10.0,17.44,18.18,16.91,0.01,5.19,109.9,5.6143,87.12,101.7
2026-04-28,37.5,10.0,17.37,18.49,16.34,0.24,6.21,123.2,6.7642,88.77,101.36
2026-04-29,37.5,10.0,17.96,18.93,17.27,0.65,8.18,138.7,6.1092,85.26,101.18
2026-04-30,37.5,10.0,17.67,17.96,17.35,1.94,3.81,24.7,6.6074,96.21,101.43
2026-05-01,37.5,10.0,17.73,17.95,17.51,1.88,5.81,48.4,4.3783,88.26,101.89
2026-05-02,37.5,10.0,17.35,17.71,16.65,0.0,5.61,58.2,6.9516,63.3,102.27
2026-05-03,37.5,10.0,17.24,18.48,16.02,0.0,6.35,128.5,5.3494,73.63,101.88
2026-05-04,37.5,10.0,18.21,20.02,16.65,3.42,4.45,144.3,4.3805,84.77,101.55
2026-05-05,37.5,10.0,18.54,21.53,17.08,12.71,4.76,131.9,4.0795,82.77,101.33
2026-05-06,37.5,10.0,17.54,17.9,17.06,28.53,4.54,93.9,1.1861,90.83,101.1
2026-05-07,37.5,10.0,17.98,18.35,17.47,1.76,4.84,45.6,4.6106,92.63,100.96
2026-05-08,37.5,10.0,18.03,18.52,17.29,8.26,3.24,11.3,6.5162,89.1,101.23
2026-05-09,37.5,10.0,17.91,18.99,16.85,0.08,7.04,123.3,2.7782,86.1,101.33
2026-05-10,37.5,10.0,18.04,18.7,17.56,0.4,7.25,274.0,6.9221,90.06,101.47
2026-05-11,37.5,10.0,19.43,24.21,17.36,1.02,4.58,225.8,6.9946,79.35,101.35
2026-05-12,37.5,10.0,18.29,18.59,17.9,1.72,5.23,283.6,5.6266,89.42,101.41
2026-05-13,37.5,10.0,18.38,18.68,17.9,5.86,8.17,281.6,6.9907,88.33,101.29
2026-05-14,37.5,10.0,18.49,19.09,17.8,1.27,4.67,268.0,7.0836,82.09,101.04
2026-05-15,37.5,10.0,18.84,19.38,17.97,11.59,5.03,236.6,4.7304,85.54,100.48
2026-05-16,37.5,10.0,17.82,18.6,16.83,4.98,9.63,307.2,7.2432,70.93,101.16
2026-05-17,37.5,10.0,17.77,18.48,16.59,0.0,7.18,324.4,7.1702,67.77,101.56
2026-05-18,37.5,10.0,18.05,18.56,17.47,0.0,4.6,325.4,7.02,70.29,101.78
2026-05-19,37.5,10.0,18.42,18.79,17.97,0.01,4.45,302.5,7.1621,77.21,102.12
2026-05-20,37.5,10.0,18.59,19.0,18.0,0.0,3.49,304.9,,78.37,102.3
2026-05-21,37.5,10.0,18.97,19.2,18.64,0.02,4.54,319.3,7.1328,91.45,102.28
2026-05-22,37.5,10.0,19.39,19.72,18.75,0.02,4.14,324.3,7.2014,93.27,102.31
2026-05-23,37.5,10.0,19.64,20.32,19.05,0.01,2.57,329.3,7.2917,87.58,102.29
2026-05-24,37.5,10.0,19.97,20.43,19.44,0.01,2.98,22.2,7.2643,87.79,102.34
2026-05-25,37.5,10.0,20.57,20.87,19.99,0.06,2.99,20.2,7.2456,90.75,102.54
2026-05-26,37.5,10.0,21.19,21.7,20.31,0.26,2.4,16.0,7.1275,84.63,102.47
2026-05-27,37.5,10.0,21.52,22.36,20.4,0.03,2.91,296.9,7.3006,80.49,102.06
2026-05-28,37.5,10.0,21.94,22.67,20.97,0.0,4.16,281.6,7.2917,80.38,101.82
2026-05-29,37.5,10.0,21.82,22.44,21.22,0.03,3.37,290.1,7.1885,87.48,101.84
2026-05-30,37.5,10.0,21.31,21.9,20.58,0.05,1.88,32.5,7.1467,86.37,101.78
2026-05-31,37.5,10.0,21.85,22.52,20.63,2.1,2.11,316.4,7.1952,81.53,101.71
2026-06-01,37.5,10.0,22.48,23.05,21.79,1.24,4.11,278.1,7.5547,83.91,101.6
2026-06-02,37.5,10.0,23.15,24.37,22.0,0.3,2.72,181.8,7.5506,78.84,101.36
2026-06-03,37.5,10.0,23.13,23.88,22.2,0.19,6.36,290.4,7.5062,83.08,101.24
2026-06-04,37.5,10.0,21.58,22.05,21.26,0.0,4.38,333.7,7.7419,72.65,101.32
2026-06-05,37.5,10.0,22.15,22.62,21.6,0.0,1.73,310.9,7.638,72.95,101.29
2026-06-06,37.5,10.0,22.25,22.65,21.86,0.01,2.88,300.8,7.5125,81.09,101.64
2026-06-07,37.5,10.0,22.32,22.76,22.01,0.16,3.39,51.0,7.2048,81.75,102.05
2026-06-08,37.5,10.0,22.92,23.56,22.47,0.18,3.43,87.7,3.6878,78.05,101.8
2026-06-09,37.5,10.0,23.62,24.16,22.83,0.0,4.25,109.1,7.661,83.24,101.43
2026-06-10,37.5,10.0,23.73,24.08,23.34,13.82,4.16,271.0,7.1846,90.2,101.3
2026-06-11,37.5,10.0,22.8,23.32,21.56,0.0,9.45,306.1,7.6222,70.55,101.75
2026-06-12,37.5,10.0,22.06,22.51,21.44,0.0,6.88,306.5,7.6894,76.08,102.05
2026-06-13,37.5,10.0,22.11,22.49,21.69,0.0,3.58,331.9,7.8422,78.6,102.09
2026-06-14,37.5,10.0,23.2,25.31,21.27,0.01,5.59,133.5,7.9433,74.65,101.5
2026-06-15,37.5,10.0,23.39,23.6,23.09,1.68,3.42,273.9,5.671,84.21,101.21
2026-06-16,37.5,10.0,23.01,23.34,22.74,5.2,3.98,283.1,7.6231,84.83,101.61
2026-06-17,37.5,10.0,23.17,23.79,22.6,0.04,3.13,11.3,7.7664,81.24,101.86
2026-06-18,37.5,10.0,23.43,23.91,22.81,0.13,4.45,93.5,7.8715,90.13,101.82
2026-06-19,37.5,10.0,24.01,25.05,22.96,0.08,4.19,103.4,7.8492,88.41,101.69
2026-06-20,37.5,10.0,24.91,25.74,23.53,0.03,4.89,112.8,7.8204,80.83,101.88
2026-06-21,37.5,10.0,24.75,25.45,23.81,0.0,3.04,94.3,7.7438,81.53,102.17
2026-06-22,37.5,10.0,25.16,25.94,24.34,0.01,2.17,53.0,7.632,78.61,101.93
2026-06-23,37.5,10.0,25.19,25.83,24.54,0.11,2.91,107.2,7.6368,81.21,101.56
2026-06-24,37.5,10.0,25.41,26.28,24.06,0.23,3.6,106.3,7.5751,82.92,101.43
2026-06-25,37.5,10.0,25.68,26.16,24.76,0.3,4.09,104.5,7.7251,85.17,101.45
2026-06-26,37.5,10.0,25.79,26.24,24.98,0.45,2.78,84.7,7.7083,87.56,101.64
2026-06-27,37.5,10.0,26.04,26.38,25.42,0.7,2.59,75.0,7.5058,84.27,101.8
2026-06-28,37.5,10.0,26.58,26.95,26.04,0.95,2.09,50.4,7.6152,83.07,101.79
2026-06-29,37.5,10.0,27.03,27.82,25.99,0.67,1.57,354.9,7.6488,80.35,101.62
2026-06-30,37.5,10.0,26.65,27.04,26.14,3.98,5.37,287.6,7.4669,88.99,101.58
2026-07-01,37.5,10.0,26.52,27.21,25.91,0.27,8.08,283.3,7.4976,86.34,101.48
2026-07-02,37.5,10.0,26.61,27.11,25.58,0.26,11.41,282.9,7.5007,71.79,101.34
2026-07-03,37.5,10.0,25.8,26.18,25.22,5.62,8.25,308.5,7.1602,76.75,101.51
2026-07-04,37.5,10.0,25.49,25.74,25.18,0.18,6.81,299.2,7.4808,84.08,101.88
2026-07-05,37.5,10.0,25.22,25.44,24.99,0.1,5.38,309.0,7.615,81.86,101.86
2026-07-06,37.5,10.0,25.34,26.02,24.55,0.0,4.68,286.1,7.7501,81.76,101.78
2026-07-07,37.5,10.0,25.51,26.44,24.78,0.0,3.33,276.1,7.7174,76.9,101.77
2026-07-08,37.5,10.0,25.64,26.56,24.61,0.0,5.98,281.9,7.5955,83.23,101.49
2026-07-09,37.5,10.0,26.16,27.11,25.38,0.0,5.17,289.7,7.6831,81.62,101.06
2026-07-10,37.5,10.0,26.61,28.29,25.45,0.01,4.56,127.7,7.6908,76.87,101.05
2026-07-11,37.5,10.0,27.74,29.77,25.93,0.08,8.65,137.9,7.579,75.58,101.14
2026-07-12,37.5,10.0,26.92,27.91,25.38,0.0,4.19,89.6,7.4426,83.48,101.23
2026-07-13,37.5,10.0,25.86,26.82,24.81,0.1,5.02,89.3,,91.45,101.55
2026-07-14,37.5,10.0,28.78,32.24,26.94,0.0,5.33,153.3,7.5643,69.39,101.54
2026-07-15,37.5,10.0,26.32,27.14,25.13,0.09,3.38,311.4,7.3447,94.19,101.59
2026-07-16,37.5,10.0,27.1,28.22,25.72,0.0,3.23,95.3,7.4059,85.01,101.62
2026-07-17,37.5,10.0,29.48,31.74,27.92,0.0,2.27,189.3,7.565,68.38,101.34
2026-07-18,37.5,10.0,28.03,28.79,27.42,0.0,4.39,296.1,7.4993,85.63,101.27
