2018-07-21,17.9,15.3,21.0,Unnamed: 4,Unnamed: 5,276,7.6,24.1,1013.3,Unnamed: 10
2018-07-22,18.7,13.2,24.3,,,294.0,9.5,27.8,1013.4,
2018-07-23,20.5,14.1,27.4,,,293.0,9.6,29.6,1014.2,
2018-07-24,21.7,15.5,28.3,,,295.0,7.0,25.9,1014.3,
2018-07-25,21.6,16.0,27.3,,,291.0,8.3,25.9,1015.3,
2018-07-26,22.1,15.7,28.9,,,297.0,6.9,25.9,1014.1,
2018-07-27,22.8,16.4,29.4,,,287.0,7.2,27.8,1013.3,
2018-07-28,21.1,16.9,25.5,,,284.0,8.0,25.9,1013.4,
2018-07-29,22.0,14.8,29.5,,,290.0,7.2,25.9,1014.6,
2018-07-30,23.6,16.4,31.2,,,291.0,7.6,27.8,1015.9,
2018-07-31,24.3,17.2,31.5,,,294.0,7.8,27.8,1016.7,
2018-08-01,23.3,18.0,29.4,,,297.0,7.3,25.9,1018.3,
2018-08-02,23.6,16.6,30.8,,,293.0,8.1,29.6,1018.8,
2018-08-03,24.1,17.9,30.5,,,295.0,6.5,25.9,1018.3,
2018-08-04,24.2,18.2,30.6,,,301.0,7.6,27.8,1017.7,
2018-08-05,23.7,17.8,30.3,,,298.0,6.9,25.9,1017.9,
2018-08-06,22.5,17.5,28.3,,,294.0,5.9,22.2,1018.0,
2018-08-07,21.9,17.5,27.4,,,261.0,5.9,22.2,1017.0,
2018-08-08,21.5,17.4,26.9,,,247.0,5.9,22.2,1016.6,
2018-08-09,20.0,16.9,25.0,,,199.0,6.4,24.1,1017.5,
2018-08-10,19.3,14.8,24.5,,,288.0,9.7,29.6,1020.9,
2018-08-11,18.7,12.2,25.3,,,296.0,9.1,29.6,1021.2,
2018-08-12,19.5,13.8,25.6,,,143.0,5.8,22.2,1017.9,
2018-08-13,18.1,15.5,20.6,,,238.0,5.8,18.5,1015.0,
2018-08-14,17.2,13.6,21.3,,,289.0,10.2,29.6,1015.0,
2018-08-15,19.0,11.5,26.6,,,298.0,7.9,27.8,1017.9,
2018-08-16,20.6,14.2,27.5,,,206.0,5.3,24.1,1017.1,
2018-08-17,19.2,15.3,24.2,,,289.0,6.2,22.2,1017.0,
2018-08-18,19.4,14.1,25.4,,,294.0,6.7,24.1,1019.4,
2018-08-19,20.1,14.0,26.5,,,299.0,6.4,24.1,1020.8,
2018-08-20,20.8,14.4,27.0,,,300.0,6.9,25.9,1019.3,
2018-08-21,20.6,14.6,26.7,,,297.0,6.1,22.2,1019.1,
2018-08-22,20.9,15.0,26.9,,,294.0,6.2,25.9,1019.2,
2018-08-23,20.9,15.3,26.8,,,289.0,6.5,25.9,1017.2,
2018-08-24,18.7,15.5,22.5,,,286.0,10.2,29.6,1014.7,
2018-08-25,13.8,11.0,18.4,,,294.0,12.7,33.3,1013.5,
2018-08-26,12.3,6.5,17.5,,,291.0,11.6,31.5,1014.4,
2018-08-27,16.7,8.3,25.6,,,269.0,6.9,25.9,1015.5,
2018-08-28,20.5,13.2,28.8,,,284.0,6.0,27.8,1017.8,
2018-08-29,19.2,14.7,25.1,,,198.0,5.8,22.2,1017.6,
2018-08-30,18.2,13.1,23.7,,,290.0,9.0,27.8,1017.3,
2018-08-31,14.8,11.8,18.0,,,293.0,8.8,25.9,1017.0,
2018-09-01,12.9,8.7,17.3,,,296.0,9.8,25.9,1018.9,
2018-09-02,15.0,9.6,20.2,,,304.0,5.6,20.4,1017.8,
2018-09-03,15.7,11.9,20.3,,,274.0,5.2,20.4,1015.6,
2018-09-04,16.3,10.1,23.3,,,296.0,6.4,24.1,1015.0,
2018-09-05,17.5,11.4,24.5,,,299.0,5.2,22.2,1016.1,
2018-09-06,16.3,12.3,21.1,,,277.0,4.5,18.5,1014.8,
2018-09-07,16.8,12.8,21.9,,,284.0,8.3,25.9,1014.5,
2018-09-08,16.8,10.6,23.7,,,301.0,5.7,22.2,1019.4,
2018-09-09,17.5,11.7,23.5,,,190.0,4.9,20.4,1022.1,
2018-09-10,18.5,13.1,25.0,,,299.0,6.3,24.1,1023.7,
2018-09-11,18.6,11.8,26.5,,,308.0,5.2,22.2,1026.1,
2018-09-12,18.8,13.0,25.0,,,267.0,5.0,20.4,1024.4,
2018-09-13,18.6,13.9,24.3,,,289.0,6.7,22.2,1019.1,
2018-09-14,17.0,13.0,22.1,,,291.0,7.5,22.2,1018.2,
2018-09-15,16.8,11.4,23.0,,,299.0,5.9,22.2,1021.2,
2018-09-16,16.8,12.9,21.5,,,180.0,4.6,18.5,1022.8,
2018-09-17,17.7,13.1,23.2,,,150.0,4.2,20.4,1022.0,
2018-09-18,17.6,12.4,23.5,,,177.0,4.5,18.5,1020.8,
2018-09-19,18.3,12.2,25.3,,,327.0,4.8,22.2,1022.0,
2018-09-20,18.2,11.6,25.2,,,348.0,4.4,20.4,1021.7,
2018-09-21,17.5,11.9,23.5,,,230.0,6.0,22.2,1018.9,
2018-09-22,15.6,11.4,20.3,,,288.0,9.6,25.9,1020.6,
2018-09-23,16.3,10.8,23.0,,,272.0,9.2,25.9,1020.6,
2018-09-24,12.9,8.5,16.5,,,304.0,13.0,37.0,1022.3,
2018-09-25,10.8,6.1,16.6,,,131.0,5.4,20.4,1029.0,
2018-09-26,12.1,7.2,18.5,,,141.0,5.7,18.5,1033.6,
2018-09-27,13.7,6.7,22.6,,,115.0,3.9,16.7,1030.5,
2018-09-28,14.5,8.0,22.3,,,305.0,6.4,25.9,1022.1,
2018-09-29,15.3,9.9,21.5,,,103.0,5.8,24.1,1019.2,
2018-09-30,12.9,8.2,19.1,,,183.0,5.0,18.5,1019.2,
2018-10-01,10.0,8.0,12.1,,,283.0,10.8,31.5,1016.0,
2018-10-02,10.2,4.9,15.9,,,293.0,10.4,29.6,1021.4,
2018-10-03,12.4,8.6,18.6,,,298.0,8.0,27.8,1023.5,
2018-10-04,13.3,7.5,21.0,,,124.0,5.5,22.2,1024.6,
2018-10-05,15.4,10.8,23.5,,,143.0,5.6,24.1,1023.4,
2018-10-06,14.2,11.4,18.7,,,155.0,4.9,16.7,1018.3,
2018-10-07,13.7,10.2,20.1,,,157.0,5.3,24.1,1014.2,
2018-10-08,13.0,8.8,19.0,,,146.0,4.9,18.5,1019.2,
2018-10-09,13.4,8.3,20.6,,,147.0,4.8,16.7,1022.2,
2018-10-10,13.5,10.2,17.7,,,118.0,8.6,31.5,1020.3,
2018-10-11,13.8,11.7,16.1,,,115.0,8.6,29.6,1018.6,
2018-10-12,13.2,9.4,19.5,,,139.0,4.5,14.8,1025.5,
2018-10-13,13.6,8.3,21.6,,,141.0,5.2,20.4,1025.0,
2018-10-14,14.3,10.3,20.9,,,117.0,8.2,31.5,1019.0,
2018-10-15,13.8,10.5,19.7,,,115.0,8.0,31.5,1017.5,
2018-10-16,13.7,10.5,19.4,,,153.0,4.9,18.5,1019.9,
2018-10-17,14.5,11.1,21.1,,,158.0,4.8,20.4,1019.6,
2018-10-18,14.1,10.6,20.9,,,142.0,4.2,14.8,1017.8,
2018-10-19,13.0,8.5,20.2,,,135.0,3.9,13.0,1020.5,
2018-10-20,12.9,9.1,20.1,,,340.0,4.2,16.7,1024.8,
2018-10-21,11.3,6.8,18.7,,,319.0,5.6,22.2,1023.3,
2018-10-22,10.1,6.4,15.2,,,86.0,5.0,20.4,1021.8,
2018-10-23,9.0,4.0,17.4,,,316.0,7.5,25.9,1026.7,
2018-10-24,7.4,4.3,11.7,,,290.0,13.4,35.2,1025.4,
2018-10-25,8.5,1.5,17.0,,,298.0,6.3,18.5,1020.3,
2018-10-26,10.3,6.3,15.8,,,190.0,4.1,16.7,1013.5,
2018-10-27,7.8,5.8,9.8,,,287.0,6.3,20.4,1005.4,
2018-10-28,6.7,4.9,8.3,,,246.0,6.9,22.2,998.3,
2018-10-29,6.2,5.9,6.9,,,234.0,9.3,35.2,993.5,
2018-10-30,5.1,3.8,6.4,,,181.0,8.2,29.6,1000.6,
2018-10-31,7.3,3.0,11.1,,,120.0,12.0,42.6,1016.7,
2018-11-01,8.3,6.7,11.6,,,157.0,7.8,29.6,1015.9,
2018-11-02,7.6,5.8,9.8,,,209.0,4.2,13.0,1021.8,
2018-11-03,9.0,6.6,13.4,,,225.0,5.1,18.5,1023.8,
2018-11-04,9.6,8.0,12.4,,,137.0,5.9,20.4,1018.1,
2018-11-05,10.3,8.5,13.0,,,116.0,8.6,27.8,1012.1,
2018-11-06,9.2,7.7,11.7,,,124.0,10.9,38.9,1011.2,
2018-11-07,8.9,5.9,12.6,,,134.0,6.9,27.8,1014.6,
2018-11-08,9.3,7.7,11.6,,,151.0,5.0,18.5,1020.6,
2018-11-09,9.8,8.0,13.8,,,127.0,5.9,20.4,1017.9,
2018-11-10,9.1,7.0,11.8,,,114.0,7.1,22.2,1014.2,
2018-11-11,9.0,6.4,11.8,,,128.0,6.5,18.5,1016.9,
2018-11-12,9.9,6.9,13.8,,,120.0,7.8,25.9,1022.8,
2018-11-13,8.8,6.3,12.9,,,224.0,4.5,14.8,1028.5,
2018-11-14,7.5,3.3,14.6,,,111.0,3.4,13.0,1029.7,
2018-11-15,7.9,4.6,15.5,,,119.0,3.9,14.8,1026.4,
2018-11-16,7.6,4.7,13.3,,,121.0,6.0,20.4,1024.7,
2018-11-17,6.0,1.8,9.1,,,118.0,7.9,29.6,1025.3,
2018-11-18,2.6,-0.3,8.4,,,132.0,5.1,16.7,1022.7,
2018-11-19,0.9,-0.6,3.3,,,110.0,5.9,24.1,1010.1,
2018-11-20,1.9,-0.1,5.6,,,142.0,6.7,20.4,1007.7,
2018-11-21,2.7,0.1,5.9,,,148.0,4.8,14.8,1014.5,
2018-11-22,3.0,0.0,8.4,,,117.0,3.6,13.0,1020.3,
2018-11-23,3.8,1.6,6.3,,,123.0,7.0,25.9,1020.4,
2018-11-24,4.6,1.3,8.9,,,190.0,4.0,20.4,1016.3,
2018-11-25,2.6,-0.2,7.0,,,166.0,4.6,14.8,1011.7,
2018-11-26,2.7,1.8,4.9,,,287.0,6.9,22.2,1007.1,
2018-11-27,2.2,0.4,4.8,,,284.0,12.1,31.5,1017.7,
2018-11-28,1.4,-1.1,5.9,,,299.0,5.0,20.4,1023.5,
2018-11-29,3.6,0.6,9.1,,,110.0,5.6,18.5,1023.2,
2018-11-30,3.0,1.6,5.7,,,117.0,4.6,13.0,1020.0,
2018-12-01,2.4,0.6,6.6,,,250.0,3.9,13.0,1020.9,
2018-12-02,2.8,1.1,4.9,,,206.0,4.8,14.8,1018.5,
2018-12-03,5.2,4.0,7.5,,,270.0,8.5,22.2,1016.8,
2018-12-04,5.4,2.5,8.6,,,277.0,12.9,38.9,1022.4,
2018-12-05,4.1,1.0,9.2,,,287.0,4.1,14.8,1025.7,
2018-12-06,4.6,2.3,7.3,,,274.0,5.8,20.4,1025.2,
2018-12-07,4.4,1.4,9.6,,,174.0,5.0,24.1,1021.5,
2018-12-08,4.1,3.0,5.2,,,264.0,15.8,44.5,1021.7,
2018-12-09,3.1,2.3,3.8,,,268.0,16.7,44.5,1016.8,
2018-12-10,2.2,1.2,3.0,,,271.0,16.7,46.3,1024.1,
2018-12-11,0.4,-3.9,3.7,,,286.0,10.8,37.0,1024.8,
2018-12-12,-3.4,-5.6,0.9,,,69.0,4.1,13.0,1022.0,
2018-12-13,-3.3,-5.5,-0.1,,,104.0,6.0,18.5,1017.7,
2018-12-14,-3.1,-5.1,0.7,,,51.0,4.5,14.8,1018.5,
2018-12-15,-3.8,-6.7,0.0,,,292.0,5.1,14.8,1022.0,
2018-12-16,0.6,-1.9,3.3,,,209.0,4.7,13.0,1016.7,
2018-12-17,0.7,-1.6,3.1,,,273.0,7.4,25.9,1024.0,
2018-12-18,-0.5,-3.3,4.7,,,100.0,5.6,18.5,1029.0,
2018-12-19,0.8,-0.8,3.4,,,120.0,6.5,18.5,1023.0,
2018-12-20,0.1,-1.6,3.1,,,262.0,4.9,14.8,1024.8,
2018-12-21,0.0,-1.7,2.0,,,248.0,6.7,24.1,1027.3,
2018-12-22,4.2,2.6,6.3,,,271.0,14.1,38.9,1026.6,
2018-12-23,4.6,3.2,6.9,,,274.0,12.2,33.3,1029.0,
2018-12-24,5.1,2.4,6.2,,,287.0,16.6,46.3,1026.6,
2018-12-25,1.3,-1.2,5.1,,,323.0,5.1,18.5,1033.0,
2018-12-26,0.5,-1.9,5.4,,,14.0,3.7,11.1,1031.5,
2018-12-27,0.7,-1.9,5.6,,,69.0,3.5,11.1,1028.4,
2018-12-28,1.7,-0.6,6.1,,,344.0,3.9,14.8,1027.4,
2018-12-29,1.7,-0.2,6.4,,,319.0,5.5,20.4,1031.0,
2018-12-30,1.3,-0.7,5.4,,,290.0,12.2,38.9,1033.6,
2018-12-31,1.9,0.2,6.0,,,304.0,8.0,25.9,1033.3,
2019-01-01,1.6,-0.6,6.4,,,315.0,7.3,35.2,1030.6,
2019-01-02,1.1,-1.8,4.2,,,283.0,18.8,50.0,1030.6,
2019-01-03,-2.4,-4.8,1.2,,,299.0,10.7,35.2,1033.1,
2019-01-04,-2.9,-5.2,1.2,,,310.0,8.2,27.8,1032.5,
2019-01-05,-1.4,-3.5,1.5,,,285.0,14.0,44.5,1031.2,
2019-01-06,0.2,-1.4,3.5,,,289.0,13.3,40.8,1030.5,
2019-01-07,-0.3,-2.4,4.3,,,301.0,7.5,22.2,1030.8,
2019-01-08,0.6,-1.5,3.0,,,280.0,15.6,51.8,1025.8,
2019-01-09,-0.7,-2.7,0.7,,,274.0,17.7,48.2,1017.9,
2019-01-10,-3.0,-5.1,-0.4,,,291.0,9.2,29.6,1021.4,
2019-01-11,-4.4,-7.2,-1.1,,,298.0,7.5,24.1,1026.3,
2019-01-12,-1.4,-4.1,2.4,,,283.0,10.6,33.3,1025.9,
2019-01-13,1.5,-0.4,3.4,,,274.0,18.2,46.3,1019.8,
2019-01-14,3.3,1.2,4.4,,,275.0,19.7,51.8,1014.6,
2019-01-15,0.7,-1.7,4.5,,,290.0,9.7,38.9,1023.0,
2019-01-16,0.3,-2.9,5.2,,,111.0,4.9,16.7,1019.0,
2019-01-17,0.5,-1.2,3.4,,,200.0,6.0,24.1,1015.9,
2019-01-18,-0.8,-3.0,2.4,,,288.0,7.9,29.6,1018.6,
2019-01-19,-1.9,-4.0,2.1,,,122.0,4.2,13.0,1017.6,
2019-01-20,-3.1,-5.7,1.1,,,33.0,3.9,13.0,1016.6,
2019-01-21,-3.3,-5.7,1.0,,,336.0,3.8,13.0,1019.7,
2019-01-22,-3.9,-6.5,0.6,,,320.0,3.8,11.1,1013.5,
2019-01-23,-3.9,-5.7,-0.9,,,256.0,3.9,11.1,999.9,
2019-01-24,-3.2,-5.2,0.2,,,299.0,8.0,24.1,1006.4,
2019-01-25,-4.2,-6.6,-0.5,,,296.0,11.3,33.3,1015.9,
2019-01-26,-1.3,-4.6,3.3,,,277.0,9.6,35.2,1016.8,
2019-01-27,-0.8,-2.2,2.3,,,249.0,6.0,22.2,1002.9,
2019-01-28,-0.6,-2.4,2.0,,,270.0,14.2,37.0,1006.3,
2019-01-29,-1.5,-3.7,2.2,,,237.0,7.2,27.8,1009.9,
2019-01-30,-2.2,-4.9,0.0,,,235.0,7.3,25.9,1004.0,
2019-01-31,-1.9,-4.9,1.7,,,148.0,5.4,20.4,1002.3,
2019-02-01,2.0,0.0,4.3,,,159.0,9.9,33.3,995.5,
2019-02-02,2.2,1.0,5.2,,,226.0,5.1,16.7,996.6,
2019-02-03,1.1,-0.9,2.8,,,284.0,12.2,35.2,1012.0,
2019-02-04,-1.1,-3.9,3.4,,,4.0,4.8,20.4,1027.6,
2019-02-05,-0.8,-3.9,4.6,,,349.0,4.2,14.8,1028.2,
2019-02-06,-0.1,-4.0,5.8,,,63.0,3.7,11.1,1026.9,
2019-02-07,0.2,-3.0,4.1,,,270.0,5.5,20.4,1022.9,
2019-02-08,2.1,-0.6,6.6,,,235.0,6.1,22.2,1022.9,
2019-02-09,2.4,-0.3,6.9,,,238.0,6.9,25.9,1021.6,
2019-02-10,3.2,0.4,8.1,,,168.0,8.9,35.2,1015.4,
2019-02-11,1.8,-0.7,3.7,,,271.0,16.7,46.3,1022.7,
2019-02-12,-0.3,-2.9,4.3,,,290.0,10.6,33.3,1033.9,
2019-02-13,0.5,-4.1,7.0,,,91.0,4.0,13.0,1035.9,
2019-02-14,2.7,-1.7,9.4,,,59.0,3.7,14.8,1036.9,
2019-02-15,4.1,-0.5,11.1,,,46.0,3.8,14.8,1034.2,
2019-02-16,4.7,-0.1,11.8,,,70.0,4.2,14.8,1032.5,
2019-02-17,4.8,0.0,12.1,,,119.0,4.8,16.7,1029.4,
2019-02-18,4.7,0.1,11.8,,,133.0,5.0,18.5,1025.2,
2019-02-19,3.7,-0.7,10.2,,,344.0,4.7,18.5,1024.1,
2019-02-20,3.8,-0.8,10.6,,,328.0,5.0,18.5,1025.9,
2019-02-21,5.0,0.3,11.7,,,314.0,5.6,20.4,1030.1,
2019-02-22,6.0,1.7,12.4,,,302.0,8.8,29.6,1030.9,
2019-02-23,6.4,1.9,13.1,,,114.0,5.8,22.2,1029.7,
2019-02-24,6.6,2.1,13.4,,,115.0,4.9,18.5,1032.2,
2019-02-25,7.1,1.9,14.7,,,118.0,4.7,16.7,1033.3,
2019-02-26,8.0,2.1,16.1,,,325.0,5.2,22.2,1032.7,
2019-02-27,9.1,3.0,17.3,,,325.0,4.6,16.7,1027.5,
2019-02-28,9.0,4.3,15.7,,,285.0,10.0,33.3,1024.0,
2019-03-01,6.3,4.4,9.0,,,273.0,14.3,35.2,1021.4,
2019-03-02,5.4,1.6,10.2,,,281.0,9.7,27.8,1020.7,
2019-03-03,6.6,1.2,13.5,,,251.0,6.1,20.4,1019.7,
2019-03-04,5.0,2.9,8.4,,,222.0,9.9,33.3,1013.1,
2019-03-05,4.9,1.3,10.2,,,271.0,11.3,33.3,1016.8,
2019-03-06,6.5,0.4,11.9,,,115.0,15.1,48.2,1013.8,
2019-03-07,7.0,4.5,9.9,,,222.0,12.0,48.2,1009.3,
2019-03-08,6.1,1.6,10.9,,,275.0,8.2,27.8,1019.6,
2019-03-09,7.6,2.5,11.9,,,283.0,10.6,29.6,1024.8,
2019-03-10,8.0,5.7,11.3,,,282.0,15.4,42.6,1022.1,
2019-03-11,3.0,-0.1,6.7,,,291.0,19.4,50.0,1025.7,
2019-03-12,4.5,-2.1,11.1,,,221.0,8.2,31.5,1024.9,
2019-03-13,3.7,1.7,7.1,,,275.0,14.0,40.8,1018.9,
2019-03-14,2.8,0.7,3.9,,,285.0,15.3,38.9,1020.4,
2019-03-15,6.2,3.4,10.8,,,292.0,19.2,46.3,1018.7,
2019-03-16,9.7,5.7,18.2,,,290.0,11.5,33.3,1018.8,
2019-03-17,9.2,3.9,16.4,,,203.0,9.3,33.3,1012.1,
2019-03-18,4.9,1.9,8.6,,,292.0,15.4,38.9,1020.4,
2019-03-19,3.4,-1.9,9.6,,,319.0,7.2,27.8,1025.4,
2019-03-20,3.9,-2.5,11.3,,,153.0,7.0,25.9,1030.3,
2019-03-21,6.1,-1.0,14.7,,,137.0,9.5,29.6,1031.0,
2019-03-22,8.4,0.4,17.9,,,165.0,6.2,24.1,1030.2,
2019-03-23,10.3,2.5,19.9,,,150.0,5.2,22.2,1026.8,
2019-03-24,11.1,3.7,19.9,,,246.0,7.2,27.8,1023.8,
2019-03-25,9.0,4.8,14.4,,,301.0,15.6,46.3,1020.4,
2019-03-26,6.1,1.7,11.5,,,302.0,11.4,37.0,1025.0,
2019-03-27,5.8,-1.1,13.5,,,144.0,5.8,24.1,1026.1,
2019-03-28,7.2,0.6,14.9,,,166.0,6.9,25.9,1028.6,
2019-03-29,8.4,2.1,16.0,,,135.0,8.2,27.8,1029.8,
2019-03-30,9.2,2.0,17.7,,,155.0,7.0,25.9,1025.5,
2019-03-31,9.7,2.1,18.0,,,172.0,5.5,24.1,1019.6,
2019-04-01,10.0,2.8,17.4,,,121.0,7.1,25.9,1017.1,
2019-04-02,10.2,3.4,15.0,,,115.0,8.9,29.6,1014.7,
2019-04-03,8.9,6.5,11.2,,,135.0,13.7,44.5,1006.2,
2019-04-04,3.4,1.9,6.2,,,261.0,12.3,33.3,1000.2,
2019-04-05,6.0,-0.5,13.3,,,227.0,8.9,24.1,1003.0,
2019-04-06,8.2,3.8,12.4,,,114.0,14.7,46.3,1004.5,
2019-04-07,6.8,4.6,9.0,,,216.0,6.7,24.1,1007.5,
2019-04-08,7.8,2.9,13.7,,,284.0,8.0,25.9,1010.4,
2019-04-09,8.5,2.4,14.9,,,259.0,5.9,22.2,1009.5,
2019-04-10,8.4,3.7,13.4,,,281.0,7.1,25.9,1008.3,
2019-04-11,8.2,4.7,12.1,,,290.0,7.9,25.9,1010.7,
2019-04-12,8.3,5.5,12.6,,,294.0,7.4,24.1,1013.5,
2019-04-13,7.3,2.6,12.7,,,292.0,9.8,33.3,1015.3,
2019-04-14,4.6,1.6,7.7,,,288.0,10.4,25.9,1015.8,
2019-04-15,6.8,0.9,13.4,,,113.0,9.1,27.8,1019.3,
2019-04-16,9.0,4.6,13.8,,,137.0,7.4,24.1,1019.9,
2019-04-17,11.0,4.7,18.4,,,137.0,6.2,24.1,1020.6,
2019-04-18,12.0,5.9,17.9,,,115.0,10.0,33.3,1022.8,
2019-04-19,13.3,8.9,18.9,,,118.0,10.1,31.5,1027.6,
2019-04-20,12.5,5.8,19.6,,,114.0,9.8,37.0,1027.0,
2019-04-21,12.6,6.7,18.5,,,114.0,12.7,42.6,1021.0,
2019-04-22,14.1,8.9,19.4,,,107.0,19.4,57.4,1010.7,
2019-04-23,12.4,9.8,14.9,,,111.0,14.7,38.9,1004.1,
2019-04-24,11.3,9.6,14.1,,,111.0,20.9,63.0,1007.8,
2019-04-25,13.8,9.6,16.9,,,104.0,24.5,77.8,1012.5,
2019-04-26,8.4,5.9,12.4,,,300.0,11.4,53.7,1015.4,
2019-04-27,7.7,5.0,11.1,,,322.0,12.4,35.2,1021.0,
2019-04-28,5.9,4.2,7.2,,,309.0,13.6,35.2,1021.7,
2019-04-29,6.4,2.9,10.5,,,309.0,11.7,35.2,1020.1,
2019-04-30,9.1,3.8,15.3,,,306.0,8.9,25.9,1016.4,
2019-05-01,11.1,5.1,17.4,,,285.0,6.2,20.4,1013.8,
2019-05-02,9.8,6.5,13.1,,,263.0,5.8,22.2,1012.6,
2019-05-03,9.0,6.9,11.0,,,303.0,8.8,22.2,1010.5,
2019-05-04,8.3,5.8,10.5,,,305.0,11.3,35.2,1007.5,
2019-05-05,3.5,1.8,5.9,,,310.0,15.4,37.0,1012.1,
2019-05-06,4.7,0.6,9.6,,,309.0,11.4,27.8,1017.9,
2019-05-07,8.0,1.4,15.0,,,178.0,6.6,25.9,1016.3,
2019-05-08,9.2,7.6,11.2,,,114.0,9.3,35.2,1012.3,
2019-05-09,8.3,5.9,11.1,,,299.0,8.5,29.6,1008.5,
2019-05-10,12.0,7.6,17.4,,,279.0,8.4,25.9,1011.2,
2019-05-11,10.8,8.9,12.8,,,298.0,9.3,35.2,1015.4,
2019-05-12,8.9,6.4,11.8,,,308.0,15.2,42.6,1023.0,
2019-05-13,9.9,5.2,15.5,,,300.0,9.8,31.5,1022.4,
2019-05-14,11.1,5.8,16.5,,,290.0,8.6,35.2,1018.1,
2019-05-15,10.7,7.2,14.5,,,296.0,9.0,31.5,1014.1,
2019-05-16,10.0,4.8,15.3,,,258.0,6.6,25.9,1011.0,
2019-05-17,11.2,8.4,13.9,,,93.0,11.2,44.5,1007.8,
2019-05-18,10.1,7.6,12.5,,,313.0,8.1,25.9,1007.0,
2019-05-19,9.6,8.1,11.6,,,288.0,4.8,20.4,1006.2,
2019-05-20,10.1,8.7,12.0,,,293.0,7.5,24.1,1007.7,
2019-05-21,13.9,8.8,21.0,,,302.0,11.0,64.8,1012.8,
2019-05-22,13.9,9.3,18.1,,,309.0,9.9,35.2,1015.9,
2019-05-23,14.2,8.7,20.0,,,302.0,7.0,24.1,1016.2,
2019-05-24,14.1,9.2,18.6,,,273.0,6.0,22.2,1014.5,
2019-05-25,13.6,10.9,16.4,,,278.0,6.1,20.4,1014.9,
2019-05-26,13.9,10.3,17.2,,,315.0,7.0,25.9,1015.3,
2019-05-27,13.8,10.8,16.7,,,282.0,6.2,24.1,1010.9,
2019-05-28,11.0,8.6,12.3,,,299.0,9.0,29.6,1010.0,
2019-05-29,10.3,7.7,13.2,,,303.0,11.5,31.5,1017.1,
2019-05-30,12.2,6.9,17.6,,,302.0,8.7,27.8,1023.6,
2019-05-31,14.5,7.7,21.1,,,236.0,6.2,25.9,1023.7,
2019-06-01,16.6,9.9,22.7,,,187.0,5.8,24.1,1021.6,
2019-06-02,18.3,11.7,24.0,,,180.0,6.1,24.1,1018.7,
2019-06-03,18.6,12.9,23.8,,,254.0,6.2,24.1,1017.1,
2019-06-04,18.4,12.6,23.8,,,191.0,7.2,31.5,1013.6,
2019-06-05,18.3,13.5,22.3,,,258.0,10.2,42.6,1009.4,
2019-06-06,14.9,13.1,16.6,,,292.0,8.7,31.5,1011.2,
2019-06-07,16.6,11.0,20.5,,,82.0,13.2,59.3,1012.9,
2019-06-08,16.6,12.7,21.7,,,293.0,9.8,31.5,1020.7,
2019-06-09,15.3,12.2,17.6,,,277.0,9.3,29.6,1021.6,
2019-06-10,15.1,13.0,17.1,,,320.0,9.7,35.2,1014.2,
2019-06-11,13.8,12.0,16.1,,,312.0,11.1,40.8,1010.1,
2019-06-12,14.5,11.3,17.5,,,305.0,11.3,40.8,1010.1,
2019-06-13,15.7,10.1,20.7,,,252.0,8.9,40.8,1014.2,
2019-06-14,17.0,11.3,21.0,,,44.0,13.7,55.5,1015.2,
2019-06-15,17.7,13.8,20.8,,,313.0,9.0,38.9,1015.2,
2019-06-16,17.0,12.4,21.5,,,303.0,9.0,33.3,1018.6,
2019-06-17,17.9,11.1,23.1,,,244.0,7.7,33.3,1016.9,
2019-06-18,18.9,14.0,22.8,,,219.0,6.4,27.8,1016.2,
2019-06-19,19.0,13.8,23.6,,,276.0,6.9,31.5,1013.8,
2019-06-20,17.6,14.1,20.2,,,297.0,6.9,25.9,1014.3,
2019-06-21,16.8,12.8,20.8,,,302.0,7.1,27.8,1016.4,
2019-06-22,16.3,14.0,19.0,,,311.0,6.5,22.2,1016.6,
2019-06-23,18.9,11.9,25.8,,,310.0,6.8,31.5,1015.4,
2019-06-24,21.4,14.3,28.3,,,210.0,7.1,29.6,1017.4,
2019-06-25,23.3,16.6,29.9,,,139.0,7.2,25.9,1019.6,
2019-06-26,24.4,17.6,31.3,,,183.0,6.5,25.9,1022.4,
2019-06-27,24.9,16.9,32.5,,,304.0,7.2,29.6,1021.5,
2019-06-28,24.6,16.4,31.0,,,324.0,7.8,33.3,1018.1,
2019-06-29,23.9,18.4,29.1,,,223.0,7.4,31.5,1017.2,
2019-06-30,23.8,17.5,30.8,,,20.0,6.5,27.8,1018.1,
2019-07-01,23.3,18.0,29.2,,,278.0,6.8,25.9,1018.5,
2019-07-02,22.0,17.4,26.4,,,313.0,7.1,27.8,1017.1,
2019-07-03,20.2,16.3,24.3,,,309.0,6.6,25.9,1017.0,
2019-07-04,20.0,14.7,24.9,,,337.0,6.6,27.8,1018.0,
2019-07-05,21.1,14.9,27.2,,,306.0,6.3,29.6,1017.7,
2019-07-06,20.9,14.5,26.0,,,300.0,6.4,29.6,1014.5,
2019-07-07,19.6,15.8,22.6,,,312.0,8.9,37.0,1013.5,
2019-07-08,19.2,13.6,23.8,,,313.0,8.4,40.8,1014.3,
2019-07-09,18.8,13.9,22.7,,,300.0,7.4,29.6,1013.3,
2019-07-10,18.9,14.0,23.6,,,303.0,9.2,35.2,1013.4,
2019-07-11,18.7,13.9,21.9,,,317.0,6.8,27.8,1014.4,
2019-07-12,18.1,13.0,22.9,,,319.0,8.3,35.2,1014.9,
2019-07-13,18.0,14.1,21.3,,,308.0,12.3,42.6,1015.5,
2019-07-14,17.3,11.6,22.3,,,314.0,7.9,35.2,1012.6,
2019-07-15,15.1,13.2,17.1,,,340.0,6.8,20.4,1013.0,
2019-07-16,17.7,11.0,23.9,,,274.0,6.2,33.3,1015.1,
2019-07-17,18.8,13.2,23.6,,,282.0,6.0,25.9,1013.8,
2019-07-18,18.6,13.2,23.7,,,311.0,6.2,27.8,1013.3,
2019-07-19,19.6,13.5,24.2,,,166.0,6.5,25.9,1015.5,
2019-07-20,20.6,14.8,24.7,,,105.0,6.7,25.9,1016.9,
2019-07-21,21.4,16.7,26.4,,,309.0,6.8,25.9,1020.8,
2019-07-22,22.1,16.0,27.8,,,284.0,6.7,29.6,1022.5,
2019-07-23,22.9,16.7,28.7,,,184.0,6.3,27.8,1019.8,
2019-07-24,23.5,17.1,28.9,,,143.0,5.9,25.9,1017.6,
2019-07-25,22.9,17.1,27.9,,,88.0,6.6,29.6,1016.8,
2019-07-26,21.7,17.8,26.8,,,246.0,6.2,25.9,1013.7,
2019-07-27,18.4,16.5,20.4,,,329.0,7.0,25.9,1006.6,
2019-07-28,15.9,14.0,17.3,,,344.0,7.5,33.3,1004.2,
2019-07-29,18.2,12.5,23.8,,,302.0,7.9,33.3,1009.1,
2019-07-30,19.2,14.1,23.8,,,305.0,6.6,27.8,1012.7,
2019-07-31,18.6,15.1,21.8,,,298.0,8.5,33.3,1015.9,
2019-08-01,18.5,12.9,23.6,,,293.0,6.6,27.8,1015.7,
2019-08-02,17.7,15.2,21.6,,,316.0,7.9,35.2,1015.8,
2019-08-03,17.9,12.9,22.5,,,296.0,8.1,31.5,1016.0,
2019-08-04,18.8,12.1,25.3,,,250.0,5.7,25.9,1015.1,
2019-08-05,19.7,14.4,24.9,,,155.0,5.1,18.5,1015.6,
2019-08-06,19.6,16.2,23.8,,,292.0,6.4,18.5,1014.5,
2019-08-07,17.4,15.8,19.3,,,350.0,6.2,18.5,1013.3,
2019-08-08,19.2,14.3,24.7,,,336.0,6.2,25.9,1013.1,
2019-08-09,20.4,14.2,26.0,,,154.0,6.0,24.1,1013.8,
2019-08-10,20.6,18.6,22.4,,,290.0,7.1,22.2,1016.1,
2019-08-11,19.8,15.4,24.4,,,288.0,8.7,37.0,1015.5,
2019-08-12,17.4,14.7,18.8,,,310.0,8.4,24.1,1015.8,
2019-08-13,14.6,12.2,17.2,,,297.0,8.6,33.3,1018.6,
2019-08-14,15.2,9.7,20.3,,,298.0,7.6,29.6,1017.9,
2019-08-15,16.0,11.4,21.1,,,329.0,5.9,27.8,1017.5,
2019-08-16,16.9,11.4,21.9,,,304.0,6.9,25.9,1017.9,
2019-08-17,18.0,12.0,23.1,,,134.0,4.9,20.4,1016.4,
2019-08-18,19.9,14.3,25.6,,,103.0,6.2,29.6,1013.7,
2019-08-19,18.1,16.5,20.6,,,299.0,6.2,22.2,1017.1,
2019-08-20,15.6,13.6,17.2,,,306.0,6.7,24.1,1020.6,
2019-08-21,16.7,11.8,21.7,,,319.0,7.0,31.5,1021.5,
2019-08-22,17.5,14.1,21.0,,,349.0,5.6,25.9,1022.1,
2019-08-23,17.7,13.3,22.2,,,187.0,6.5,27.8,1022.1,
2019-08-24,18.5,14.5,23.1,,,121.0,6.0,25.9,1020.6,
2019-08-25,18.7,13.5,24.3,,,156.0,5.1,22.2,1019.3,
2019-08-26,18.7,13.4,24.2,,,148.0,5.8,25.9,1018.9,
2019-08-27,18.8,14.1,23.3,,,300.0,5.9,25.9,1018.7,
2019-08-28,18.0,15.6,20.7,,,47.0,6.1,27.8,1019.4,
2019-08-29,18.3,13.9,23.1,,,223.0,5.3,24.1,1020.3,
2019-08-30,18.7,13.5,24.0,,,251.0,5.1,24.1,1021.1,
2019-08-31,18.3,14.7,22.8,,,119.0,4.9,20.4,1018.7,
2019-09-01,17.7,13.9,22.2,,,297.0,4.7,25.9,1015.8,
2019-09-02,17.7,14.9,21.5,,,303.0,7.9,29.6,1017.3,
2019-09-03,17.3,12.8,22.1,,,295.0,6.2,29.6,1020.9,
2019-09-04,17.0,11.9,22.6,,,201.0,4.8,22.2,1018.8,
2019-09-05,13.7,11.1,17.1,,,286.0,6.7,31.5,1018.2,
2019-09-06,11.4,9.0,12.9,,,299.0,5.5,22.2,1020.4,
2019-09-07,12.4,9.5,15.0,,,286.0,6.5,24.1,1019.8,
2019-09-08,10.7,8.9,12.0,,,305.0,7.1,29.6,1018.0,
2019-09-09,11.1,6.6,15.7,,,268.0,6.9,29.6,1016.8,
2019-09-10,11.4,9.0,13.8,,,38.0,7.2,31.5,1016.3,
2019-09-11,13.9,9.4,19.1,,,213.0,4.5,22.2,1022.7,
2019-09-12,15.5,10.0,21.6,,,193.0,4.5,24.1,1029.2,
2019-09-13,16.7,11.0,22.8,,,181.0,4.2,22.2,1030.8,
2019-09-14,17.6,12.8,23.4,,,173.0,4.5,24.1,1028.7,
2019-09-15,18.3,14.4,23.8,,,169.0,4.0,20.4,1025.9,
2019-09-16,17.9,13.2,23.5,,,192.0,4.5,20.4,1022.2,
2019-09-17,17.3,12.8,22.3,,,222.0,5.4,22.2,1019.6,
2019-09-18,16.6,12.2,21.5,,,240.0,4.9,22.2,1017.7,
2019-09-19,16.3,13.0,19.4,,,211.0,4.8,25.9,1019.0,
2019-09-20,15.4,12.1,19.7,,,167.0,4.8,25.9,1022.0,
2019-09-21,15.2,10.8,20.1,,,134.0,7.4,35.2,1020.8,
2019-09-22,15.7,12.5,19.5,,,321.0,7.6,29.6,1015.8,
2019-09-23,14.0,11.6,17.0,,,269.0,7.8,37.0,1016.8,
2019-09-24,12.8,8.5,16.9,,,201.0,4.1,16.7,1016.7,
2019-09-25,14.0,11.6,16.7,,,248.0,7.0,27.8,1014.5,
2019-09-26,14.6,11.4,18.3,,,239.0,5.0,20.4,1017.3,
2019-09-27,15.0,11.0,20.1,,,191.0,4.3,20.4,1018.1,
2019-09-28,14.3,11.2,17.8,,,206.0,5.8,24.1,1020.1,
2019-09-29,13.8,8.4,19.9,,,183.0,4.2,20.4,1017.1,
2019-09-30,14.7,12.1,19.3,,,254.0,8.0,29.6,1017.1,
2019-10-01,14.6,9.5,20.3,,,205.0,5.0,25.9,1012.6,
2019-10-02,14.2,12.8,15.5,,,258.0,9.9,37.0,1010.8,
2019-10-03,12.1,9.6,14.8,,,254.0,9.3,40.8,1017.0,
2019-10-04,10.5,6.1,14.6,,,260.0,5.2,25.9,1015.4,
2019-10-05,11.9,9.6,14.6,,,257.0,8.8,33.3,1015.7,
2019-10-06,11.8,7.3,16.1,,,250.0,5.5,24.1,1015.8,
2019-10-07,11.0,8.6,13.5,,,262.0,8.4,29.6,1017.4,
2019-10-08,11.4,6.1,17.6,,,182.0,3.5,16.7,1018.6,
2019-10-09,12.3,10.1,14.9,,,300.0,6.2,29.6,1016.7,
2019-10-10,9.8,7.0,13.6,,,269.0,8.6,31.5,1022.6,
2019-10-11,10.1,5.2,16.1,,,158.0,3.8,24.1,1022.9,
2019-10-12,12.0,7.7,18.9,,,164.0,4.3,27.8,1021.3,
2019-10-13,13.3,8.9,20.0,,,163.0,5.5,24.1,1020.5,
2019-10-14,13.6,10.2,19.1,,,136.0,7.9,37.0,1019.0,
2019-10-15,11.9,9.4,14.6,,,298.0,10.6,35.2,1012.7,
2019-10-16,9.9,7.2,14.6,,,223.0,5.4,29.6,1018.9,
2019-10-17,10.2,5.9,15.3,,,179.0,4.4,24.1,1018.3,
2019-10-18,12.0,9.3,15.2,,,198.0,3.6,18.5,1016.8,
2019-10-19,12.9,10.7,15.7,,,255.0,7.6,31.5,1012.2,
2019-10-20,13.7,10.5,17.1,,,351.0,13.3,57.4,1010.3,
2019-10-21,13.2,12.1,15.0,,,338.0,8.8,35.2,1017.2,
2019-10-22,13.6,11.7,17.3,,,310.0,7.7,29.6,1021.6,
2019-10-23,14.5,9.8,20.2,,,91.0,13.2,57.4,1017.5,
2019-10-24,12.7,11.4,15.4,,,294.0,10.2,48.2,1014.1,
2019-10-25,11.0,8.7,15.3,,,189.0,3.4,14.8,1022.1,
2019-10-26,10.2,6.1,16.8,,,168.0,3.4,18.5,1025.1,
2019-10-27,10.3,5.9,16.5,,,176.0,2.8,14.8,1023.8,
2019-10-28,11.6,8.8,15.2,,,232.0,3.6,14.8,1019.3,
2019-10-29,11.9,10.5,13.9,,,241.0,4.3,18.5,1017.3,
2019-10-30,11.0,8.2,13.3,,,193.0,3.2,13.0,1020.6,
2019-10-31,11.0,8.7,13.5,,,6.0,2.4,11.1,1018.9,
2019-11-01,10.5,8.2,13.3,,,178.0,3.9,18.5,1015.3,
2019-11-02,10.8,8.9,13.2,,,321.0,5.3,20.4,1004.8,
2019-11-03,9.0,6.7,11.4,,,298.0,7.1,33.3,995.2,
2019-11-04,7.5,5.1,9.5,,,260.0,6.7,33.3,1001.2,
2019-11-05,7.0,5.5,9.6,,,217.0,5.2,20.4,1001.4,
2019-11-06,5.0,2.9,6.6,,,233.0,5.5,20.4,1007.3,
2019-11-07,3.6,1.2,6.1,,,285.0,3.7,14.8,1008.4,
2019-11-08,3.4,2.0,6.1,,,198.0,4.1,18.5,1007.6,
2019-11-09,1.4,-1.4,5.0,,,201.0,4.5,20.4,1014.0,
2019-11-10,1.1,-1.7,5.0,,,172.0,3.4,16.7,1014.1,
2019-11-11,1.9,-1.9,5.6,,,181.0,4.6,18.5,1015.4,
2019-11-12,3.3,1.0,5.2,,,258.0,7.9,33.3,1011.1,
2019-11-13,2.0,-0.5,4.6,,,254.0,8.8,37.0,1008.9,
2019-11-14,2.0,-2.5,5.8,,,78.0,13.1,57.4,1003.9,
2019-11-15,4.3,2.7,6.0,,,42.0,8.3,44.5,1000.1,
2019-11-16,3.3,1.7,5.8,,,148.0,5.5,24.1,1009.8,
2019-11-17,2.0,1.4,2.7,,,288.0,4.5,24.1,1009.0,
2019-11-18,2.5,0.9,4.9,,,189.0,3.8,14.8,1013.2,
2019-11-19,3.1,1.6,4.9,,,267.0,3.2,14.8,1017.3,
2019-11-20,4.2,2.5,6.1,,,147.0,3.3,13.0,1015.5,
2019-11-21,5.7,3.5,7.8,,,138.0,4.9,20.4,1011.2,
2019-11-22,6.6,4.7,8.2,,,97.0,10.2,44.5,1007.9,
2019-11-23,7.7,6.1,9.5,,,59.0,17.4,66.7,998.3,
2019-11-24,6.0,4.5,7.4,,,263.0,4.4,25.9,1007.6,
2019-11-25,6.2,5.3,8.1,,,201.0,2.3,13.0,1012.0,
2019-11-26,5.0,3.3,8.0,,,146.0,2.7,11.1,1011.2,
2019-11-27,5.1,3.9,7.0,,,154.0,4.4,18.5,1005.4,
2019-11-28,4.8,3.5,6.9,,,280.0,5.9,24.1,1008.4,
2019-11-29,5.3,3.5,6.8,,,288.0,9.7,37.0,1015.7,
2019-11-30,4.6,2.5,7.1,,,207.0,5.5,33.3,1021.8,
2019-12-01,3.3,1.9,5.1,,,0.0,6.7,25.9,1018.1,
2019-12-02,2.1,0.2,4.4,,,252.0,5.1,27.8,1020.8,
2019-12-03,-0.1,-2.1,2.6,,,137.0,4.4,18.5,1025.3,
2019-12-04,-0.9,-3.2,2.5,,,127.0,5.4,20.4,1023.7,
2019-12-05,-1.4,-3.3,2.1,,,147.0,3.1,13.0,1025.9,
2019-12-06,-1.7,-4.0,1.2,,,164.0,2.0,9.3,1026.0,
2019-12-07,1.2,-1.2,4.7,,,216.0,5.3,24.1,1023.3,
2019-12-08,0.4,-2.6,3.8,,,150.0,2.0,11.1,1020.9,
2019-12-09,2.2,0.3,4.5,,,289.0,9.4,31.5,1015.3,
2019-12-10,2.9,-1.9,5.3,,,283.0,12.0,55.5,1025.7,
2019-12-11,-0.4,-3.5,3.0,,,171.0,2.8,18.5,1018.8,
2019-12-12,0.6,-1.3,2.7,,,285.0,8.7,31.5,1010.1,
2019-12-13,0.4,-1.3,2.6,,,309.0,9.3,42.6,995.5,
2019-12-14,4.1,2.5,6.2,,,299.0,13.8,44.5,1005.9,
2019-12-15,4.2,2.1,7.4,,,167.0,3.6,16.7,1013.1,
2019-12-16,4.2,1.4,7.1,,,104.0,10.2,38.9,1014.6,
2019-12-17,6.5,4.4,8.4,,,96.0,13.1,53.7,1011.9,
2019-12-18,6.3,4.3,7.8,,,126.0,5.5,20.4,1019.9,
2019-12-19,6.6,4.6,7.7,,,112.0,8.7,25.9,1017.9,
2019-12-20,7.1,5.1,8.4,,,101.0,15.0,53.7,1001.5,
2019-12-21,4.1,2.3,6.2,,,262.0,5.3,25.9,998.6,
2019-12-22,3.8,1.4,5.7,,,287.0,11.3,46.3,998.3,
2019-12-23,4.0,1.1,5.4,,,298.0,15.8,51.8,1015.4,
2019-12-24,4.1,2.3,5.4,,,310.0,9.0,35.2,1023.8,
2019-12-25,5.0,3.1,8.2,,,268.0,14.3,42.6,1025.5,
2019-12-26,2.3,-0.4,4.9,,,254.0,5.8,27.8,1026.8,
2019-12-27,3.0,0.6,4.7,,,282.0,9.1,29.6,1029.8,
2019-12-28,0.7,-1.7,3.2,,,171.0,4.1,18.5,1034.2,
2019-12-29,-1.5,-3.7,1.4,,,145.0,2.8,11.1,1035.4,
2019-12-30,-1.6,-3.7,1.4,,,,1.4,9.3,1035.6,
2019-12-31,-0.6,-3.1,2.7,,,148.0,3.1,18.5,1034.7,
2020-01-01,-1.1,-2.8,1.5,,,156.0,2.2,9.3,1034.2,
2020-01-02,-2.1,-4.6,0.6,,,122.0,3.3,14.8,1033.6,
2020-01-03,-0.6,-3.3,3.0,,,232.0,4.3,22.2,1031.6,
2020-01-04,2.4,-0.2,5.4,,,282.0,10.1,33.3,1033.8,
2020-01-05,3.7,0.7,6.8,,,188.0,4.9,38.9,1033.6,
2020-01-06,-0.7,-2.4,1.9,,,158.0,2.1,11.1,1032.3,
2020-01-07,0.0,-1.9,3.1,,,226.0,7.2,31.5,1031.6,
2020-01-08,-0.4,-2.6,2.9,,,,1.8,11.1,1033.5,
2020-01-09,0.3,-2.0,3.8,,,,2.5,13.0,1028.2,
2020-01-10,-0.1,-2.4,2.8,,,219.0,3.4,16.7,1027.3,
2020-01-11,-0.1,-2.2,2.8,,,177.0,2.8,13.0,1033.6,
2020-01-12,-1.8,-4.3,1.8,,,156.0,2.7,16.7,1031.7,
2020-01-13,-1.8,-4.0,1.1,,,138.0,2.8,11.1,1026.4,
2020-01-14,-1.9,-4.6,1.0,,,130.0,3.7,13.0,1023.6,
2020-01-15,-0.8,-2.9,2.8,,,121.0,5.1,22.2,1026.8,
2020-01-16,-1.6,-3.7,2.1,,,148.0,3.2,11.1,1031.8,
2020-01-17,-0.9,-4.1,2.2,,,56.0,3.7,14.8,1028.3,
2020-01-18,3.0,-0.6,5.7,,,293.0,9.3,51.8,1029.6,
2020-01-19,-2.1,-5.0,0.5,,,110.0,4.5,18.5,1032.7,
2020-01-20,-3.6,-6.5,-0.9,,,137.0,5.8,20.4,1041.2,
2020-01-21,-2.2,-5.7,1.3,,,147.0,4.5,18.5,1042.5,
2020-01-22,-1.3,-4.5,2.0,,,152.0,3.5,13.0,1037.2,
2020-01-23,-0.2,-3.7,4.6,,,144.0,4.3,18.5,1031.4,
2020-01-24,-0.2,-2.9,2.5,,,145.0,3.5,13.0,1028.5,
2020-01-25,0.4,-2.5,2.9,,,220.0,2.4,9.3,1025.6,
2020-01-26,0.1,-3.2,2.8,,,186.0,2.2,9.3,1023.8,
2020-01-27,1.9,-2.1,6.3,,,139.0,3.6,13.0,1020.0,
2020-01-28,3.5,1.5,4.7,,,314.0,9.4,50.0,1013.0,
2020-01-29,4.2,3.0,5.1,,,314.0,13.3,46.3,1017.6,
2020-01-30,4.4,1.0,7.4,,,261.0,3.7,29.6,1021.5,
2020-01-31,5.0,3.0,8.5,,,222.0,4.1,16.7,1020.7,
2020-02-01,3.5,-0.5,7.3,,,175.0,3.6,20.4,1020.0,
2020-02-02,7.3,3.8,10.9,,,292.0,10.7,42.6,1024.3,
2020-02-03,9.7,7.6,13.0,,,297.0,16.9,64.8,1026.2,
2020-02-04,7.6,4.6,10.7,,,303.0,20.9,77.8,1020.4,
2020-02-05,3.6,1.2,5.4,,,289.0,14.7,66.7,1031.3,
2020-02-06,0.9,-1.9,4.0,,,158.0,2.6,22.2,1031.3,
2020-02-07,-0.2,-3.3,3.2,,,158.0,2.6,11.1,1028.6,
2020-02-08,0.4,-2.7,4.1,,,146.0,3.3,13.0,1028.1,
2020-02-09,1.1,-2.4,4.4,,,136.0,3.9,16.7,1028.1,
2020-02-10,6.3,2.9,11.5,,,,11.4,57.4,1019.4,
2020-02-11,8.1,6.2,10.6,,,302.0,20.1,64.8,1020.0,
2020-02-12,4.4,1.5,6.5,,,235.0,10.7,38.9,1025.9,
2020-02-13,1.6,-2.5,5.4,,,146.0,4.8,24.1,1020.4,
2020-02-14,3.8,1.9,6.5,,,292.0,11.5,51.8,1023.7,
2020-02-15,3.1,-1.0,8.7,,,152.0,3.3,14.8,1028.1,
2020-02-16,4.0,-0.2,8.3,,,131.0,4.3,18.5,1025.7,
2020-02-17,5.2,0.6,9.7,,,185.0,4.2,22.2,1023.7,
2020-02-18,5.8,2.9,9.1,,,285.0,9.6,33.3,1030.4,
2020-02-19,2.6,0.2,5.9,,,294.0,10.8,37.0,1029.4,
2020-02-20,4.7,1.1,9.4,,,180.0,4.5,29.6,1026.1,
2020-02-21,3.9,1.1,8.7,,,259.0,9.2,29.6,1029.6,
2020-02-22,5.3,0.3,11.3,,,155.0,3.7,14.8,1032.1,
2020-02-23,7.1,1.9,13.5,,,264.0,8.3,29.6,1031.8,
2020-02-24,9.8,6.7,14.8,,,257.0,8.7,29.6,1025.5,
2020-02-25,6.3,1.6,10.6,,,40.0,7.9,31.5,1013.4,
2020-02-26,3.3,0.9,7.3,,,307.0,14.0,53.7,1009.9,
2020-02-27,1.2,-0.3,3.0,,,308.0,7.9,35.2,1012.8,
2020-02-28,2.9,-0.1,7.3,,,296.0,10.8,42.6,1019.5,
2020-02-29,5.4,1.6,10.1,,,114.0,9.4,42.6,1012.4,
2020-03-01,5.3,2.1,9.0,,,254.0,4.8,18.5,1006.7,
2020-03-02,3.4,2.3,5.2,,,307.0,8.3,37.0,999.0,
2020-03-03,3.1,0.6,5.6,,,294.0,13.3,42.6,1006.4,
2020-03-04,2.8,0.0,6.5,,,300.0,8.1,40.8,1015.8,
2020-03-05,4.0,2.6,6.4,,,74.0,6.0,31.5,1007.5,
2020-03-06,2.6,0.3,5.5,,,294.0,9.7,25.9,1004.6,
2020-03-07,2.2,-0.2,5.4,,,300.0,10.4,25.9,1018.9,
2020-03-08,3.6,-2.0,9.5,,,149.0,3.8,14.8,1022.1,
2020-03-09,2.8,1.1,4.4,,,289.0,7.9,25.9,1018.5,
2020-03-10,3.4,0.5,6.2,,,42.0,9.2,37.0,1022.5,
2020-03-11,9.0,5.3,14.6,,,332.0,9.0,27.8,1021.2,
2020-03-12,9.8,4.4,16.2,,,309.0,6.9,24.1,1019.6,
2020-03-13,8.6,5.4,11.4,,,309.0,12.3,33.3,1018.7,
2020-03-14,6.4,2.7,11.1,,,295.0,7.0,25.9,1018.7,
2020-03-15,6.1,2.5,10.5,,,110.0,9.3,37.0,1020.6,
2020-03-16,7.0,2.8,12.3,,,97.0,8.9,35.2,1022.6,
2020-03-17,7.9,0.9,14.9,,,184.0,4.9,20.4,1029.0,
2020-03-18,9.2,2.2,16.7,,,,4.4,24.1,1028.1,
2020-03-19,9.4,2.0,15.7,,,163.0,5.7,20.4,1025.3,
2020-03-20,8.5,2.3,13.5,,,194.0,5.1,25.9,1022.5,
2020-03-21,8.4,1.8,14.4,,,201.0,5.1,22.2,1016.3,
2020-03-22,8.2,5.3,11.6,,,301.0,6.0,29.6,1016.7,
2020-03-23,6.7,3.9,10.4,,,21.0,7.8,37.0,1020.8,
2020-03-24,3.7,0.2,8.8,,,104.0,8.5,46.3,1023.3,
2020-03-25,1.6,-4.2,6.4,,,107.0,8.2,38.9,1020.6,
2020-03-26,2.4,-2.3,4.8,,,324.0,9.9,38.9,1016.3,
2020-03-27,6.3,2.7,10.8,,,305.0,7.5,29.6,1015.3,
2020-03-28,8.3,3.4,13.5,,,207.0,4.5,20.4,1016.2,
2020-03-29,7.3,3.8,10.9,,,296.0,6.7,25.9,1015.0,
2020-03-30,5.6,4.5,7.4,,,302.0,6.7,22.2,1015.1,
2020-03-31,6.7,4.2,10.5,,,306.0,7.4,37.0,1017.3,
2020-04-01,6.0,0.9,11.0,,,142.0,6.9,35.2,1017.4,
2020-04-02,5.8,-1.6,11.5,,,,5.1,27.8,1013.3,
2020-04-03,6.1,0.1,11.7,,,273.0,5.5,20.4,1014.8,
2020-04-04,7.3,0.1,14.3,,,170.0,5.5,22.2,1020.1,
2020-04-05,9.3,1.5,16.5,,,128.0,9.6,44.5,1023.0,
2020-04-06,9.5,1.6,15.8,,,160.0,8.6,31.5,1025.4,
2020-04-07,9.7,1.5,17.0,,,162.0,6.5,27.8,1028.8,
2020-04-08,10.0,1.8,17.1,,,170.0,5.5,24.1,1027.7,
2020-04-09,10.4,2.3,17.9,,,177.0,5.0,20.4,1024.6,
2020-04-10,11.2,2.9,18.9,,,155.0,5.5,22.2,1024.1,
2020-04-11,11.5,3.3,19.2,,,182.0,5.0,20.4,1023.7,
2020-04-12,11.7,4.0,18.7,,,176.0,6.2,25.9,1020.6,
2020-04-13,11.6,5.4,17.4,,,236.0,5.4,24.1,1015.1,
2020-04-14,11.5,6.3,16.9,,,270.0,7.4,31.5,1013.8,
2020-04-15,11.4,6.1,17.8,,,161.0,7.3,33.3,1018.8,
2020-04-16,10.8,3.7,18.4,,,202.0,5.6,20.4,1020.4,
2020-04-17,12.5,5.2,19.9,,,,6.0,31.5,1017.4,
2020-04-18,13.8,7.7,20.4,,,251.0,5.4,20.4,1016.1,
2020-04-19,13.5,8.2,18.7,,,335.0,6.8,27.8,1013.4,
2020-04-20,12.5,10.8,14.5,,,333.0,10.0,38.9,1009.4,
2020-04-21,12.2,9.5,15.0,,,89.0,14.5,48.2,1010.0,
2020-04-22,12.6,7.1,18.7,,,95.0,14.4,50.0,1013.6,
2020-04-23,12.0,4.7,19.5,,,214.0,6.1,22.2,1017.7,
2020-04-24,13.0,7.3,19.6,,,241.0,6.0,22.2,1015.7,
2020-04-25,13.3,7.1,19.1,,,265.0,6.8,24.1,1010.7,
2020-04-26,13.0,9.8,15.9,,,296.0,6.5,22.2,1009.0,
2020-04-27,13.6,9.8,18.4,,,293.0,6.6,25.9,1010.2,
2020-04-28,11.5,9.2,13.2,,,304.0,6.9,22.2,1009.5,
2020-04-29,10.8,7.2,15.3,,,302.0,10.7,25.9,1010.4,
2020-04-30,9.5,7.6,11.9,,,313.0,7.0,24.1,1011.3,
2020-05-01,9.0,6.4,11.4,,,330.0,9.7,25.9,1011.6,
2020-05-02,9.4,7.9,11.6,,,331.0,10.8,31.5,1013.2,
2020-05-03,11.5,8.5,15.4,,,309.0,11.9,40.8,1016.4,
2020-05-04,14.1,7.1,21.5,,,327.0,5.9,22.2,1016.6,
2020-05-05,13.7,9.3,17.9,,,297.0,8.1,25.9,1015.2,
2020-05-06,14.7,12.1,18.0,,,308.0,10.4,29.6,1016.6,
2020-05-07,14.6,7.9,21.3,,,314.0,6.2,35.2,1020.1,
2020-05-08,15.4,8.6,21.4,,,247.0,6.0,31.5,1018.9,
2020-05-09,16.8,10.9,22.4,,,256.0,7.5,35.2,1013.8,
2020-05-10,16.7,13.0,20.7,,,199.0,10.4,50.0,1008.4,
2020-05-11,12.1,9.6,15.0,,,290.0,9.3,33.3,1002.9,
2020-05-12,12.7,8.9,16.3,,,300.0,9.2,37.0,1007.9,
2020-05-13,12.6,10.8,14.1,,,334.0,10.0,48.2,1008.0,
2020-05-14,13.9,10.1,17.9,,,318.0,7.9,38.9,1006.9,
2020-05-15,12.4,10.3,13.9,,,311.0,8.2,35.2,1009.9,
2020-05-16,13.0,9.7,16.3,,,305.0,6.6,33.3,1017.4,
2020-05-17,14.0,10.7,18.2,,,290.0,7.4,31.5,1018.2,
2020-05-18,15.6,10.6,20.9,,,307.0,7.1,35.2,1020.6,
2020-05-19,16.9,11.7,25.4,,,347.0,9.3,40.8,1017.3,
2020-05-20,17.6,11.1,22.9,,,306.0,8.7,37.0,1015.8,
2020-05-21,17.2,10.6,23.2,,,297.0,6.9,31.5,1018.7,
2020-05-22,17.0,10.5,22.9,,,313.0,6.3,27.8,1023.5,
2020-05-23,15.6,12.5,19.8,,,310.0,9.4,37.0,1025.6,
2020-05-24,14.1,9.1,19.1,,,302.0,12.2,38.9,1027.4,
2020-05-25,14.9,8.0,21.0,,,316.0,8.1,37.0,1026.9,
2020-05-26,15.6,8.6,21.3,,,310.0,7.2,33.3,1026.3,
2020-05-27,15.6,9.9,20.7,,,258.0,6.5,31.5,1027.5,
2020-05-28,15.2,8.6,20.8,,,282.0,7.9,38.9,1025.3,
2020-05-29,14.9,10.4,18.2,,,353.0,8.7,42.6,1019.3,
2020-05-30,14.1,9.6,17.8,,,275.0,6.5,35.2,1017.5,
2020-05-31,15.1,10.2,19.4,,,282.0,6.9,35.2,1015.5,
2020-06-01,15.1,8.0,20.5,,,,6.5,33.3,1017.0,
2020-06-02,17.3,10.4,26.8,,,279.0,7.7,37.0,1015.7,
2020-06-03,16.4,11.0,20.2,,,305.0,6.9,35.2,1009.5,
2020-06-04,14.0,10.9,16.2,,,316.0,7.1,29.6,1001.4,
2020-06-05,12.2,9.9,14.9,,,302.0,11.0,40.8,1003.4,
2020-06-06,14.5,10.2,18.6,,,305.0,7.9,33.3,1007.1,
2020-06-07,13.0,11.5,14.8,,,312.0,8.6,37.0,1007.5,
2020-06-08,12.4,10.1,15.6,,,311.0,8.2,35.2,1009.7,
2020-06-09,11.2,10.0,12.2,,,305.0,6.5,29.6,1012.5,
2020-06-10,11.9,9.6,14.5,,,310.0,6.4,31.5,1012.6,
2020-06-11,13.6,9.7,17.8,,,317.0,8.7,44.5,1009.1,
2020-06-12,14.7,11.8,17.8,,,59.0,12.5,51.8,1008.5,
2020-06-13,14.5,12.3,17.3,,,309.0,8.4,37.0,1012.6,
2020-06-14,15.1,11.3,25.7,,,310.0,9.3,40.8,1016.5,
2020-06-15,16.8,12.9,26.0,,,308.0,9.4,37.0,1017.3,
2020-06-16,16.0,13.0,19.1,,,310.0,8.3,38.9,1015.5,
2020-06-17,14.1,12.4,15.9,,,313.0,7.4,33.3,1013.5,
2020-06-18,13.1,8.8,16.4,,,304.0,7.3,35.2,1014.6,
2020-06-19,13.7,9.1,17.4,,,306.0,8.2,37.0,1017.7,
2020-06-20,14.8,9.1,19.3,,,313.0,8.5,38.9,1020.2,
2020-06-21,16.6,11.7,21.6,,,302.0,9.3,38.9,1020.7,
2020-06-22,18.0,12.5,23.4,,,300.0,8.8,40.8,1021.6,
2020-06-23,20.1,12.9,25.9,,,273.0,7.2,33.3,1019.5,
2020-06-24,20.7,14.6,25.3,,,258.0,6.6,33.3,1018.5,
2020-06-25,20.5,15.2,24.1,,,260.0,6.8,35.2,1017.4,
2020-06-26,20.1,15.7,23.8,,,59.0,6.2,33.3,1016.4,
2020-06-27,18.8,15.0,22.3,,,296.0,6.9,31.5,1016.6,
2020-06-28,19.1,14.1,22.9,,,291.0,6.9,31.5,1016.9,
2020-06-29,18.5,15.4,21.3,,,311.0,10.6,40.8,1015.6,
2020-06-30,19.1,11.6,24.7,,,274.0,7.8,37.0,1013.2,
2020-07-01,20.4,16.1,24.2,,,293.0,6.9,31.5,1012.4,
2020-07-02,20.0,14.2,29.4,,,307.0,9.0,37.0,1013.4,
2020-07-03,16.8,14.4,19.0,,,302.0,9.3,40.8,1017.2,
2020-07-04,18.0,11.8,23.1,,,291.0,7.7,33.3,1019.0,
2020-07-05,19.8,11.9,26.4,,,290.0,8.0,33.3,1018.6,
2020-07-06,19.6,14.5,22.7,,,315.0,11.0,48.2,1015.9,
2020-07-07,18.4,11.3,23.3,,,312.0,10.1,40.8,1016.4,
2020-07-08,19.6,13.4,24.9,,,264.0,7.8,37.0,1016.7,
2020-07-09,20.4,13.0,26.4,,,279.0,7.5,31.5,1017.0,
2020-07-10,19.5,13.7,23.9,,,302.0,7.0,31.5,1016.2,
2020-07-11,18.0,15.4,19.9,,,317.0,10.9,40.8,1018.0,
2020-07-12,18.3,11.8,23.5,,,298.0,8.5,37.0,1019.9,
2020-07-13,18.6,15.1,21.5,,,341.0,6.8,33.3,1019.6,
2020-07-14,17.2,13.7,20.6,,,333.0,6.2,35.2,1016.8,
2020-07-15,15.7,12.4,18.0,,,301.0,6.6,27.8,1015.9,
2020-07-16,16.6,12.4,20.0,,,313.0,8.1,33.3,1017.4,
2020-07-17,17.9,14.1,21.3,,,296.0,9.1,40.8,1016.2,
2020-07-18,18.8,13.9,22.4,,,304.0,8.4,38.9,1015.7,
2020-07-19,18.8,11.9,24.1,,,268.0,6.8,35.2,1015.7,
2020-07-20,19.5,12.9,25.2,,,272.0,6.8,33.3,1017.3,
2020-07-21,19.9,13.6,29.3,,,318.0,6.8,29.6,1020.6,
2020-07-22,19.8,16.1,22.8,,,319.0,7.5,31.5,1020.3,
2020-07-23,19.3,12.8,23.8,,,299.0,7.9,33.3,1016.3,
2020-07-24,17.0,14.9,18.4,,,323.0,8.5,37.0,1015.4,
2020-07-25,18.0,12.3,24.1,,,281.0,7.5,31.5,1015.2,
2020-07-26,19.5,14.3,27.2,,,275.0,7.4,29.6,1015.0,
2020-07-27,20.7,13.5,26.9,,,248.0,7.0,29.6,1017.1,
2020-07-28,21.0,16.1,25.2,,,307.0,7.3,31.5,1016.3,
2020-07-29,22.0,17.0,26.8,,,305.0,7.9,29.6,1016.4,
2020-07-30,21.8,16.2,26.5,,,27.0,6.6,27.8,1018.3,
2020-07-31,22.5,16.1,28.7,,,256.0,5.9,25.9,1017.5,
2020-08-01,23.0,15.3,33.9,,,334.0,6.7,33.3,1016.0,
2020-08-02,21.4,18.1,27.2,,,328.0,8.3,35.2,1014.0,
2020-08-03,15.3,12.6,18.4,,,314.0,8.9,42.6,1012.6,
2020-08-04,13.3,10.7,16.8,,,320.0,11.7,55.5,1013.5,
2020-08-05,16.4,9.0,23.7,,,290.0,7.5,37.0,1014.6,
2020-08-06,19.1,11.4,26.2,,,249.0,7.1,37.0,1016.5,
2020-08-07,20.3,13.4,27.1,,,234.0,6.5,33.3,1018.8,
2020-08-08,21.4,15.7,27.4,,,248.0,6.5,31.5,1019.8,
2020-08-09,21.7,15.3,28.1,,,237.0,6.2,27.8,1017.7,
2020-08-10,19.7,15.4,23.7,,,43.0,5.5,24.1,1016.7,
2020-08-11,20.1,15.3,24.7,,,331.0,5.6,27.8,1017.3,
2020-08-12,20.6,15.8,26.5,,,59.0,6.2,33.3,1017.3,
2020-08-13,19.2,16.9,21.8,,,342.0,6.5,24.1,1017.2,
2020-08-14,18.4,16.0,21.8,,,303.0,6.5,31.5,1015.8,
2020-08-15,18.9,13.5,24.8,,,242.0,6.7,31.5,1014.2,
2020-08-16,18.4,15.4,22.0,,,278.0,6.5,31.5,1012.8,
2020-08-17,17.2,15.0,19.4,,,316.0,7.2,29.6,1013.4,
2020-08-18,16.6,12.4,21.0,,,311.0,6.8,31.5,1014.0,
2020-08-19,18.3,12.5,23.9,,,319.0,6.8,29.6,1012.4,
2020-08-20,20.3,15.3,25.8,,,161.0,7.0,31.5,1011.9,
2020-08-21,21.7,17.4,27.0,,,200.0,7.3,29.6,1015.1,
2020-08-22,20.1,17.9,23.3,,,303.0,7.7,35.2,1018.1,
2020-08-23,16.9,13.5,20.0,,,307.0,8.9,42.6,1019.0,
2020-08-24,16.1,12.5,19.7,,,304.0,7.6,33.3,1017.6,
2020-08-25,16.7,10.5,22.8,,,232.0,5.5,27.8,1016.0,
2020-08-26,17.7,12.6,22.8,,,289.0,8.0,35.2,1018.0,
2020-08-27,18.1,12.1,23.5,,,261.0,8.1,38.9,1016.8,
2020-08-28,16.8,14.2,20.0,,,303.0,7.2,33.3,1009.8,
2020-08-29,14.1,13.1,15.1,,,312.0,7.3,25.9,1006.4,
2020-08-30,11.8,9.9,13.5,,,345.0,9.3,50.0,1009.7,
2020-08-31,11.7,8.1,15.3,,,291.0,6.5,35.2,1016.6,
2020-09-01,13.8,9.1,18.2,,,283.0,7.2,38.9,1015.4,
2020-09-02,14.3,10.8,18.1,,,253.0,6.0,33.3,1015.9,
2020-09-03,14.8,10.2,20.2,,,220.0,5.6,33.3,1022.1,
2020-09-04,17.7,11.1,24.2,,,192.0,5.5,27.8,1024.9,
2020-09-05,18.0,13.3,23.0,,,225.0,5.8,29.6,1020.9,
2020-09-06,15.6,12.2,19.2,,,289.0,7.2,35.2,1017.1,
2020-09-07,14.8,11.8,17.5,,,315.0,7.2,35.2,1018.4,
2020-09-08,16.1,10.9,21.7,,,184.0,5.8,31.5,1025.1,
2020-09-09,16.9,12.3,21.8,,,170.0,5.4,27.8,1025.0,
2020-09-10,17.0,13.3,21.1,,,194.0,5.2,29.6,1019.9,
2020-09-11,17.5,14.8,20.5,,,151.0,4.8,25.9,1016.6,
2020-09-12,17.9,13.6,22.4,,,186.0,4.4,24.1,1019.7,
2020-09-13,18.6,13.1,24.2,,,182.0,5.1,27.8,1025.0,
2020-09-14,18.7,14.1,23.8,,,169.0,5.2,27.8,1027.0,
2020-09-15,18.4,13.8,23.4,,,175.0,4.4,24.1,1024.5,
2020-09-16,18.0,14.0,22.9,,,209.0,4.1,22.2,1021.9,
2020-09-17,17.7,12.9,22.4,,,185.0,4.7,27.8,1020.0,
2020-09-18,17.4,12.4,22.5,,,167.0,4.9,27.8,1021.0,
2020-09-19,17.4,14.3,20.0,,,157.0,5.2,25.9,1019.8,
2020-09-20,16.4,14.1,19.1,,,182.0,4.2,20.4,1016.4,
2020-09-21,16.0,13.0,19.3,,,176.0,3.9,22.2,1016.4,
2020-09-22,15.8,13.7,18.2,,,169.0,4.3,22.2,1014.8,
2020-09-23,15.6,13.0,18.5,,,241.0,3.6,14.8,1011.6,
2020-09-24,14.6,12.0,18.0,,,225.0,4.4,20.4,1011.1,
2020-09-25,10.3,7.9,13.6,,,287.0,10.9,37.0,1005.7,
2020-09-26,6.8,5.3,8.4,,,290.0,12.7,33.3,1010.1,
2020-09-27,7.3,3.5,11.4,,,6.0,5.1,22.2,1009.1,
2020-09-28,9.1,5.8,13.3,,,258.0,7.8,33.3,1012.0,
2020-09-29,12.4,9.3,15.7,,,262.0,6.9,31.5,1018.9,
2020-09-30,11.9,6.6,16.4,,,161.0,3.5,16.7,1016.2,
2020-10-01,12.4,8.4,15.8,,,,3.1,14.8,1009.5,
2020-10-02,14.3,11.8,16.1,,,22.0,15.4,68.5,994.1,
2020-10-03,12.6,10.8,13.7,,,0.0,13.5,50.0,992.3,
2020-10-04,10.6,8.6,12.6,,,94.0,7.2,27.8,1002.2,
2020-10-05,10.3,8.7,12.2,,,242.0,4.8,25.9,1010.5,
2020-10-06,10.1,7.5,13.1,,,199.0,5.4,20.4,1015.2,
2020-10-07,10.3,8.5,12.5,,,287.0,10.5,38.9,1019.2,
2020-10-08,10.2,5.7,14.7,,,180.0,4.4,18.5,1025.0,
2020-10-09,10.7,7.1,14.7,,,178.0,3.1,13.0,1024.0,
2020-10-10,8.9,6.8,11.7,,,273.0,6.9,35.2,1023.4,
2020-10-11,8.2,5.7,11.3,,,277.0,10.1,38.9,1021.2,
2020-10-12,6.8,4.9,9.3,,,280.0,9.0,37.0,1020.7,
2020-10-13,6.1,2.5,9.4,,,206.0,4.5,18.5,1014.3,
2020-10-14,7.7,6.0,10.1,,,219.0,3.9,24.1,1010.6,
2020-10-15,6.5,5.5,8.4,,,281.0,5.8,22.2,1011.0,
2020-10-16,7.3,5.2,9.7,,,251.0,5.0,18.5,1015.7,
2020-10-17,6.7,3.8,10.1,,,179.0,4.1,20.4,1018.3,
2020-10-18,5.7,2.5,9.5,,,174.0,3.1,18.5,1022.3,
2020-10-19,6.8,3.4,11.0,,,145.0,4.4,18.5,1024.1,
2020-10-20,9.7,5.0,13.8,,,109.0,8.6,38.9,1021.3,
2020-10-21,11.4,8.0,14.3,,,95.0,10.3,44.5,1018.5,
2020-10-22,11.6,8.5,14.0,,,158.0,6.7,24.1,1021.0,
2020-10-23,11.7,10.2,13.5,,,299.0,6.8,25.9,1018.6,
2020-10-24,9.9,6.1,12.3,,,256.0,4.7,20.4,1020.3,
2020-10-25,9.1,3.9,13.4,,,133.0,6.5,33.3,1014.5,
2020-10-26,7.9,5.8,10.6,,,283.0,8.7,27.8,1008.0,
2020-10-27,6.4,5.3,7.9,,,237.0,6.6,22.2,1015.2,
2020-10-28,7.5,4.2,10.6,,,168.0,3.4,20.4,1019.2,
2020-10-29,8.2,6.4,9.5,,,291.0,9.0,35.2,1025.1,
2020-10-30,9.7,6.3,13.8,,,192.0,5.5,20.4,1027.9,
2020-10-31,8.6,4.6,13.6,,,173.0,2.9,13.0,1026.5,
2020-11-01,8.5,4.4,12.0,,,187.0,3.0,13.0,1025.1,
2020-11-02,11.0,7.5,14.7,,,175.0,1.7,9.3,1023.2,
2020-11-03,10.8,8.7,12.6,,,230.0,3.2,14.8,1024.2,
2020-11-04,9.3,7.9,11.0,,,247.0,3.8,16.7,1025.1,
2020-11-05,8.7,6.6,11.8,,,159.0,3.1,13.0,1031.3,
2020-11-06,7.9,5.5,10.7,,,153.0,3.8,14.8,1031.9,
2020-11-07,7.9,4.2,12.3,,,147.0,4.6,20.4,1029.8,
2020-11-08,8.1,5.6,11.1,,,153.0,3.1,13.0,1027.3,
2020-11-09,7.6,4.8,11.6,,,152.0,2.3,9.3,1026.0,
2020-11-10,6.8,3.5,13.2,,,155.0,2.3,13.0,1027.4,
2020-11-11,5.2,2.4,8.7,,,152.0,3.0,13.0,1027.0,
2020-11-12,5.7,2.8,10.0,,,158.0,2.5,9.3,1025.3,
2020-11-13,5.3,1.6,9.4,,,,1.8,9.3,1025.2,
2020-11-14,5.8,2.8,9.8,,,138.0,3.2,13.0,1024.2,
2020-11-15,6.5,2.7,10.6,,,124.0,4.6,18.5,1020.6,
2020-11-16,7.0,4.9,9.3,,,285.0,7.3,27.8,1022.7,
2020-11-17,5.7,2.4,9.7,,,158.0,2.7,18.5,1029.2,
2020-11-18,4.2,1.3,8.4,,,144.0,1.7,9.3,1030.8,
2020-11-19,4.8,1.2,8.4,,,286.0,8.4,40.8,1029.5,
2020-11-20,5.6,2.1,8.2,,,291.0,12.2,44.5,1032.0,
2020-11-21,0.9,-3.2,4.4,,,132.0,2.8,14.8,1033.1,
2020-11-22,1.0,-3.0,6.1,,,,2.3,9.3,1030.3,
2020-11-23,1.5,-2.3,6.3,,,157.0,3.6,18.5,1028.8,
2020-11-24,1.9,-0.7,6.1,,,131.0,4.3,16.7,1027.2,
2020-11-25,1.2,-2.0,5.4,,,134.0,4.6,16.7,1023.9,
2020-11-26,0.8,-2.0,5.2,,,136.0,3.0,11.1,1025.0,
2020-11-27,0.8,-2.1,5.1,,,136.0,3.1,13.0,1022.8,
2020-11-28,1.1,-1.3,4.6,,,143.0,3.5,11.1,1018.5,
2020-11-29,0.8,-2.4,5.7,,,163.0,2.3,11.1,1018.5,
2020-11-30,-0.8,-3.4,3.2,,,171.0,3.5,14.8,1024.3,
2020-12-01,-0.2,-3.0,3.9,,,303.0,7.8,31.5,1020.0,
2020-12-02,1.4,0.0,3.0,,,303.0,3.8,14.8,1014.8,
2020-12-03,0.8,-1.5,3.5,,,169.0,5.1,18.5,1008.8,
2020-12-04,2.3,0.7,4.5,,,94.0,12.0,42.6,993.3,
2020-12-05,0.9,-0.8,2.5,,,310.0,3.8,14.8,998.9,
2020-12-06,1.6,0.1,3.3,,,294.0,4.4,22.2,1001.2,
2020-12-07,0.7,-0.7,2.0,,,272.0,4.3,14.8,1003.6,
2020-12-08,1.4,0.3,2.7,,,,4.5,16.7,1004.0,
2020-12-09,1.5,0.3,4.6,,,293.0,9.3,35.2,1010.2,
2020-12-10,-0.6,-3.0,4.4,,,170.0,3.8,24.1,1009.1,
2020-12-11,-2.2,-5.1,0.7,,,113.0,5.5,24.1,1006.2,
2020-12-12,0.7,-0.8,2.8,,,296.0,4.2,22.2,1004.0,
2020-12-13,0.2,-1.6,1.9,,,259.0,4.8,27.8,1014.7,
2020-12-14,-0.5,-3.1,1.9,,,132.0,3.1,13.0,1017.3,
2020-12-15,2.6,0.3,5.0,,,97.0,4.8,14.8,1018.1,
2020-12-16,3.9,2.1,6.7,,,115.0,3.6,11.1,1021.6,
2020-12-17,1.5,-0.8,3.3,,,158.0,2.0,9.3,1027.2,
2020-12-18,-0.6,-2.5,1.6,,,,2.1,9.3,1028.6,
2020-12-19,0.7,-1.5,3.5,,,135.0,4.0,11.1,1025.6,
2020-12-20,2.1,0.5,4.4,,,,2.1,9.3,1025.5,
2020-12-21,2.3,0.0,4.6,,,148.0,1.6,9.3,1027.7,
2020-12-22,4.0,0.1,7.0,,,133.0,4.6,20.4,1028.2,
2020-12-23,2.0,-0.5,4.8,,,,1.7,7.4,1023.6,
2020-12-24,4.4,2.7,7.7,,,307.0,8.6,40.8,1018.8,
2020-12-25,4.1,2.1,7.1,,,306.0,15.3,59.3,1019.5,
2020-12-26,0.6,-5.3,3.7,,,281.0,7.7,38.9,1025.5,
2020-12-27,-3.7,-7.6,-0.2,,,111.0,6.8,27.8,1010.3,
2020-12-28,-0.5,-2.1,1.2,,,284.0,6.9,31.5,988.6,
2020-12-29,-1.2,-4.1,0.8,,,278.0,2.7,11.1,996.9,
2020-12-30,-4.1,-5.7,-0.8,,,279.0,4.1,18.5,1009.4,
2020-12-31,-3.9,-6.7,-1.3,,,,2.6,16.7,1012.9,
2021-01-01,-1.3,-2.8,0.8,,,305.0,3.9,11.1,1010.5,
2021-01-02,-0.5,-2.1,1.0,,,297.0,3.4,14.8,1009.9,
2021-01-03,0.4,-0.7,1.7,,,271.0,2.6,13.0,1010.2,
2021-01-04,-0.7,-2.3,0.6,,,265.0,3.8,16.7,1012.6,
2021-01-05,-0.2,-1.4,0.7,,,279.0,3.0,13.0,1012.2,
2021-01-06,-3.2,-7.7,-1.2,,,280.0,4.9,18.5,1015.2,
2021-01-07,-7.8,-10.3,-6.0,,,185.0,3.7,18.5,1018.5,
2021-01-08,-9.0,-10.4,-6.8,,,319.0,4.5,16.7,1019.5,
2021-01-09,-7.9,-10.0,-4.4,,,151.0,4.0,13.0,1019.9,
2021-01-10,-7.1,-8.4,-4.7,,,135.0,3.8,13.0,1020.3,
2021-01-11,-9.2,-12.7,-5.9,,,213.0,4.1,14.8,1022.6,
2021-01-12,-4.5,-9.4,5.9,,,286.0,9.8,38.9,1023.6,
2021-01-13,5.1,2.9,8.3,,,306.0,16.5,55.5,1022.9,
2021-01-14,7.1,5.3,9.5,,,301.0,18.8,83.3,1020.3,
2021-01-15,4.2,-1.1,9.3,,,309.0,6.9,27.8,1019.2,
2021-01-16,-1.8,-3.9,0.9,,,308.0,8.3,29.6,1026.4,
2021-01-17,1.3,-2.1,4.6,,,311.0,13.6,46.3,1023.2,
2021-01-18,1.5,-2.2,4.2,,,262.0,7.9,38.9,1029.8,
2021-01-19,-2.8,-4.9,0.2,,,143.0,2.4,14.8,1026.0,
2021-01-20,-2.3,-5.6,1.8,,,108.0,7.6,27.8,1017.8,
2021-01-21,2.6,0.8,4.6,,,85.0,7.6,27.8,1011.2,
2021-01-22,3.0,1.7,4.8,,,332.0,5.5,25.9,1001.1,
2021-01-23,3.9,1.7,6.2,,,260.0,11.7,53.7,1001.9,
2021-01-24,2.1,-0.2,5.0,,,309.0,8.9,37.0,1005.4,
2021-01-25,0.5,-1.1,3.1,,,299.0,10.7,40.8,1009.3,
2021-01-26,-0.2,-2.5,1.7,,,284.0,9.1,40.8,1024.0,
2021-01-27,-0.1,-2.5,2.1,,,303.0,6.6,33.3,1021.1,
2021-01-28,2.7,0.9,5.6,,,314.0,9.1,33.3,1017.2,
2021-01-29,5.8,4.5,7.9,,,307.0,11.7,40.8,1012.2,
2021-01-30,6.7,5.0,8.3,,,294.0,6.8,35.2,1005.9,
2021-01-31,4.9,2.6,7.0,,,298.0,6.6,27.8,1000.0,
2021-02-01,3.5,2.1,5.0,,,280.0,3.4,16.7,1000.1,
2021-02-02,4.2,2.8,5.7,,,292.0,6.2,27.8,1011.9,
2021-02-03,5.8,4.1,8.0,,,,4.1,20.4,1011.6,
2021-02-04,4.7,2.3,8.0,,,129.0,3.7,20.4,1016.7,
2021-02-05,6.0,2.7,9.8,,,141.0,3.7,11.1,1015.4,
2021-02-06,6.9,4.7,9.6,,,101.0,9.6,44.5,1008.1,
2021-02-07,5.8,4.1,7.2,,,319.0,8.1,29.6,1000.5,
2021-02-08,3.9,1.5,6.8,,,283.0,8.0,33.3,999.2,
2021-02-09,3.4,1.4,6.8,,,221.0,3.7,20.4,1000.5,
2021-02-10,5.2,2.9,10.8,,,283.0,8.4,42.6,1003.1,
2021-02-11,5.8,2.6,8.1,,,258.0,11.0,48.2,1017.1,
2021-02-12,2.8,0.5,4.8,,,71.0,5.1,25.9,1020.4,
2021-02-13,0.1,-3.3,2.5,,,97.0,4.8,22.2,1025.2,
2021-02-14,-3.6,-5.5,-0.5,,,137.0,4.0,20.4,1037.1,
2021-02-15,-1.6,-5.7,2.1,,,136.0,2.6,14.8,1036.3,
2021-02-16,2.8,-0.7,7.0,,,232.0,3.6,16.7,1027.2,
2021-02-17,3.8,1.4,7.6,,,284.0,5.9,29.6,1024.6,
2021-02-18,2.3,-1.5,6.1,,,124.0,4.4,16.7,1021.8,
2021-02-19,4.3,1.5,7.9,,,134.0,3.2,13.0,1022.5,
2021-02-20,5.4,2.2,9.6,,,116.0,6.8,24.1,1023.4,
2021-02-21,5.6,2.0,10.0,,,115.0,10.3,38.9,1023.1,
2021-02-22,6.8,2.6,11.4,,,109.0,12.1,51.8,1026.7,
2021-02-23,6.2,2.3,10.6,,,144.0,2.8,13.0,1036.5,
2021-02-24,6.2,1.6,11.2,,,154.0,3.8,13.0,1038.1,
2021-02-25,6.5,1.7,11.6,,,148.0,3.8,14.8,1034.6,
2021-02-26,6.5,0.9,12.0,,,178.0,4.4,18.5,1032.2,
2021-02-27,6.8,2.9,9.9,,,284.0,6.9,31.5,1028.7,
2021-02-28,7.2,3.7,10.1,,,140.0,6.1,27.8,1030.7,
2021-03-01,4.5,-0.3,9.2,,,162.0,4.4,16.7,1031.6,
2021-03-02,4.4,-1.6,10.0,,,159.0,4.5,18.5,1034.3,
2021-03-03,5.3,-0.4,12.1,,,,2.7,14.8,1032.8,
2021-03-04,5.8,0.5,11.3,,,,4.1,18.5,1023.9,
2021-03-05,5.9,2.9,8.7,,,312.0,7.5,27.8,1020.0,
2021-03-06,4.4,2.4,6.5,,,26.0,5.0,25.9,1025.4,
2021-03-07,5.1,2.2,8.9,,,290.0,3.9,20.4,1024.1,
2021-03-08,4.6,1.3,8.0,,,286.0,5.2,25.9,1017.9,
2021-03-09,4.5,2.3,7.4,,,291.0,5.7,27.8,1017.7,
2021-03-10,4.1,0.2,7.6,,,321.0,6.1,27.8,1021.1,
2021-03-11,7.1,2.0,12.4,,,299.0,4.1,25.9,1016.9,
2021-03-12,5.7,3.4,7.8,,,315.0,11.4,35.2,1017.9,
2021-03-13,5.8,2.1,10.3,,,340.0,11.0,38.9,1016.9,
2021-03-14,3.1,1.1,6.0,,,313.0,13.0,48.2,1017.5,
2021-03-15,2.0,0.3,4.6,,,330.0,12.0,42.6,1020.7,
2021-03-16,3.3,0.5,5.5,,,274.0,16.1,44.5,1025.2,
2021-03-17,3.3,1.7,5.0,,,309.0,12.1,31.5,1022.5,
2021-03-18,2.2,0.5,4.2,,,313.0,9.0,35.2,1021.8,
2021-03-19,1.3,-1.0,3.3,,,296.0,6.2,29.6,1018.1,
2021-03-20,0.8,-1.8,3.7,,,278.0,6.9,31.5,1021.5,
2021-03-21,2.4,-2.0,6.3,,,284.0,10.8,42.6,1019.5,
2021-03-22,3.6,0.5,7.8,,,303.0,10.3,31.5,1018.6,
2021-03-23,5.4,0.7,9.9,,,323.0,6.4,27.8,1022.4,
2021-03-24,6.3,0.6,11.7,,,294.0,6.2,27.8,1024.1,
2021-03-25,7.0,1.3,12.9,,,324.0,5.9,22.2,1023.0,
2021-03-26,7.7,2.2,13.4,,,145.0,5.3,24.1,1023.1,
2021-03-27,8.1,5.1,11.5,,,338.0,8.6,33.3,1025.9,
2021-03-28,7.7,1.8,12.7,,,184.0,4.7,25.9,1030.4,
2021-03-29,9.5,1.7,18.3,,,147.0,5.8,33.3,1033.2,
2021-03-30,11.8,3.9,18.7,,,162.0,5.0,27.8,1032.0,
2021-03-31,12.1,5.0,19.4,,,169.0,5.1,25.9,1026.5,
2021-04-01,12.8,5.7,20.0,,,179.0,5.5,27.8,1021.5,
2021-04-02,13.0,7.2,19.1,,,312.0,8.0,29.6,1017.0,
2021-04-03,10.0,5.2,13.8,,,310.0,10.7,44.5,1013.8,
2021-04-04,9.4,5.7,13.5,,,277.0,7.0,35.2,1016.4,
2021-04-05,8.1,2.9,12.7,,,19.0,10.6,51.8,1013.3,
2021-04-06,3.9,1.1,7.8,,,311.0,21.5,61.1,1012.3,
2021-04-07,1.0,-0.9,3.3,,,319.0,17.0,44.5,1021.7,
2021-04-08,3.1,-3.4,10.9,,,300.0,8.0,25.9,1025.5,
2021-04-09,6.0,-0.7,12.0,,,109.0,8.2,33.3,1022.7,
2021-04-10,10.2,5.5,14.3,,,200.0,12.3,38.9,1018.5,
2021-04-11,10.5,7.2,14.2,,,8.0,8.0,40.8,1014.6,
2021-04-12,6.6,4.7,10.0,,,321.0,7.3,44.5,1021.4,
2021-04-13,4.7,1.2,9.3,,,286.0,19.4,59.3,1026.3,
2021-04-14,5.2,0.2,9.9,,,275.0,16.8,24.1,1024.2,
2021-04-15,4.5,1.3,7.8,,,293.0,14.5,22.2,1022.8,
2021-04-16,4.5,1.5,8.1,,,323.0,11.3,24.1,1021.0,
2021-04-17,5.4,0.5,11.0,,,263.0,16.0,24.1,1019.3,
2021-04-18,6.5,2.7,10.5,,,271.0,15.6,25.9,1018.5,
2021-04-19,7.8,2.6,12.7,,,272.0,17.1,29.6,1018.8,
2021-04-20,9.3,3.7,15.0,,,269.0,16.0,24.1,1016.4,
2021-04-21,9.9,7.3,13.1,,,257.0,10.0,25.9,1017.4,
2021-04-22,10.2,4.3,16.8,,,270.0,17.2,18.5,1019.1,
2021-04-23,13.3,7.3,19.0,,,256.0,10.2,24.1,1021.7,
2021-04-24,13.4,4.8,20.2,,,220.0,5.6,20.4,1022.0,
2021-04-25,14.5,6.4,20.6,,,252.0,6.2,24.1,1018.0,
2021-04-26,13.4,9.0,16.2,,,241.0,7.0,25.9,1012.4,
2021-04-27,13.4,8.9,17.2,,,297.0,7.5,29.6,1005.8,
2021-04-28,12.1,9.3,14.2,,,98.0,8.1,31.5,1006.3,
2021-04-29,10.0,8.6,11.4,,,292.0,6.2,27.8,1008.6,
2021-04-30,10.0,7.2,12.7,,,278.0,7.5,33.3,1010.3,
2021-05-01,8.6,6.4,10.7,,,306.0,9.0,35.2,1010.0,
2021-05-02,7.7,5.0,11.3,,,304.0,18.0,37.0,1015.1,
2021-05-03,8.8,2.7,15.8,,,292.0,8.9,25.9,1021.1,
2021-05-04,9.7,3.6,15.3,,,258.0,6.6,27.8,1016.0,
2021-05-05,9.4,6.9,12.9,,,305.0,15.0,48.2,1012.0,
2021-05-06,7.6,3.4,11.0,,,298.0,10.0,31.5,1014.5,
2021-05-07,8.7,6.1,12.3,,,303.0,17.4,46.3,1015.1,
2021-05-08,11.1,3.1,19.5,,,267.0,6.8,24.1,1017.6,
2021-05-09,14.5,7.6,20.5,,,108.0,15.9,64.8,1014.8,
2021-05-10,13.7,11.6,15.5,,,117.0,21.8,83.3,1012.0,
2021-05-11,10.1,7.7,12.1,,,325.0,13.1,37.0,1010.7,
2021-05-12,10.3,6.2,15.7,,,298.0,14.5,31.5,1013.0,
2021-05-13,10.0,7.1,13.8,,,301.0,13.3,33.3,1010.5,
2021-05-14,8.5,4.2,11.7,,,308.0,10.2,31.5,1011.1,
2021-05-15,8.2,4.7,10.9,,,298.0,7.7,24.1,1013.1,
2021-05-16,9.5,7.2,13.0,,,318.0,7.0,27.8,1009.2,
2021-05-17,8.6,4.9,12.8,,,295.0,15.5,38.9,1013.6,
2021-05-18,9.6,5.2,14.1,,,298.0,13.3,35.2,1017.5,
2021-05-19,8.7,5.8,12.0,,,301.0,16.9,38.9,1019.7,
2021-05-20,10.3,4.8,16.7,,,305.0,12.3,33.3,1022.5,
2021-05-21,11.4,6.1,15.5,,,314.0,6.7,25.9,1016.1,
2021-05-22,11.9,7.7,16.6,,,297.0,10.2,31.5,1011.8,
2021-05-23,11.6,7.3,15.9,,,304.0,11.7,33.3,1016.3,
2021-05-24,10.9,8.3,13.3,,,272.0,8.3,27.8,1015.7,
2021-05-25,9.7,5.9,14.7,,,296.0,14.5,40.8,1021.4,
2021-05-26,11.4,4.9,17.6,,,308.0,7.2,25.9,1019.7,
2021-05-27,14.1,9.8,18.8,,,291.0,11.2,37.0,1017.6,
2021-05-28,14.2,6.3,20.4,,,290.0,7.5,29.6,1018.6,
2021-05-29,15.0,9.5,20.3,,,281.0,9.5,35.2,1018.7,
2021-05-30,15.7,10.1,20.5,,,307.0,8.1,37.0,1018.5,
2021-05-31,16.0,11.9,20.4,,,255.0,6.9,33.3,1017.3,
2021-06-01,15.6,8.7,20.9,,,186.0,7.0,33.3,1016.1,
2021-06-02,15.5,12.3,18.3,,,224.0,7.1,31.5,1017.7,
2021-06-03,15.9,10.8,20.5,,,208.0,6.2,27.8,1022.7,
2021-06-04,16.8,12.5,20.8,,,217.0,6.3,27.8,1023.4,
2021-06-05,14.9,13.4,17.2,,,302.0,8.2,24.1,1022.8,
2021-06-06,15.5,9.9,20.6,,,296.0,8.6,29.6,1019.9,
2021-06-07,15.6,12.6,18.3,,,294.0,6.2,25.9,1019.1,
2021-06-08,15.5,12.8,18.7,,,296.0,5.9,22.2,1020.4,
2021-06-09,15.4,11.1,19.1,,,288.0,5.4,22.2,1021.0,
2021-06-10,16.9,10.6,22.1,,,287.0,7.0,25.9,1019.8,
2021-06-11,17.8,12.1,22.5,,,279.0,7.7,29.6,1018.6,
2021-06-12,18.7,12.5,25.0,,,281.0,9.0,27.8,1020.6,
2021-06-13,20.3,13.4,27.1,,,295.0,9.4,31.5,1020.9,
2021-06-14,21.1,13.7,27.3,,,276.0,8.1,27.8,1017.9,
2021-06-15,21.3,15.6,25.8,,,270.0,6.9,27.8,1017.4,
2021-06-16,20.2,14.8,25.0,,,263.0,6.4,27.8,1016.1,
2021-06-17,20.5,16.3,24.9,,,286.0,7.8,31.5,1015.3,
2021-06-18,20.6,15.4,25.0,,,268.0,7.6,33.3,1015.5,
2021-06-19,20.8,14.5,26.4,,,252.0,7.6,27.8,1015.7,
2021-06-20,19.5,17.2,22.1,,,317.0,9.3,35.2,1011.9,
2021-06-21,18.9,16.0,22.1,,,285.0,8.6,37.0,1008.9,
2021-06-22,17.4,15.2,20.2,,,292.0,7.7,31.5,1011.6,
2021-06-23,16.6,13.6,20.1,,,300.0,7.6,31.5,1016.5,
2021-06-24,15.4,13.2,18.1,,,302.0,7.7,27.8,1018.7,
2021-06-25,15.9,11.1,20.7,,,295.0,8.6,31.5,1018.9,
2021-06-26,16.9,10.3,22.2,,,261.0,6.5,31.5,1016.9,
2021-06-27,17.9,12.1,22.7,,,262.0,6.5,29.6,1016.0,
2021-06-28,18.6,14.8,22.4,,,293.0,8.7,37.0,1015.2,
2021-06-29,16.4,13.8,18.1,,,309.0,8.6,31.5,1014.5,
2021-06-30,14.6,11.1,18.9,,,303.0,10.5,35.2,1015.9,
2021-07-01,15.8,11.3,20.7,,,302.0,10.8,35.2,1017.7,
2021-07-02,17.3,11.2,23.6,,,303.0,9.9,29.6,1017.6,
2021-07-03,16.9,11.9,21.9,,,283.0,6.3,20.4,1017.1,
2021-07-04,15.6,13.4,18.0,,,304.0,7.5,31.5,1015.0,
2021-07-05,17.3,11.2,23.6,,,294.0,7.8,24.1,1014.0,
2021-07-06,17.9,13.4,21.5,,,319.0,8.9,38.9,1012.3,
2021-07-07,17.1,15.6,18.7,,,302.0,7.4,25.9,1015.1,
2021-07-08,15.4,12.7,17.5,,,311.0,8.0,24.1,1019.8,
2021-07-09,16.1,10.6,22.0,,,300.0,9.3,31.5,1021.3,
2021-07-10,17.6,11.2,23.3,,,272.0,6.9,27.8,1017.2,
2021-07-11,18.8,14.0,25.2,,,309.0,8.3,27.8,1015.5,
2021-07-12,18.2,12.4,23.3,,,324.0,9.4,42.6,1011.8,
2021-07-13,14.4,11.8,17.7,,,314.0,8.1,27.8,1011.5,
2021-07-14,13.2,10.7,16.5,,,303.0,7.9,25.9,1015.1,
2021-07-15,13.6,11.7,16.2,,,306.0,8.8,25.9,1017.8,
2021-07-16,14.9,12.3,19.2,,,305.0,8.1,24.1,1017.9,
2021-07-17,17.3,11.2,23.6,,,295.0,8.8,29.6,1017.9,
2021-07-18,19.9,13.9,25.3,,,299.0,7.9,27.8,1014.6,
2021-07-19,20.1,15.5,24.2,,,281.0,6.1,25.9,1014.5,
2021-07-20,20.1,13.9,25.6,,,279.0,7.3,25.9,1015.8,
2021-07-21,19.8,13.3,25.8,,,271.0,6.6,24.1,1018.6,
2021-07-22,20.3,15.2,25.5,,,271.0,6.5,24.1,1019.1,
2021-07-23,21.2,14.2,27.8,,,288.0,6.9,22.2,1015.2,
2021-07-24,19.6,17.5,21.9,,,299.0,7.7,29.6,1012.0,
2021-07-25,18.1,16.3,20.3,,,298.0,6.1,24.1,1011.1,
2021-07-26,17.1,15.0,20.0,,,298.0,5.9,22.2,1013.6,
2021-07-27,17.1,14.2,20.7,,,300.0,6.4,24.1,1016.0,
2021-07-28,17.3,14.9,20.6,,,295.0,6.0,20.4,1015.8,
2021-07-29,18.5,12.5,24.2,,,261.0,6.3,22.2,1015.1,
2021-07-30,18.4,14.9,22.4,,,277.0,6.0,20.4,1013.4,
2021-07-31,17.4,14.8,21.6,,,293.0,7.2,24.1,1011.6,
2021-08-01,14.4,12.1,16.0,,,307.0,9.7,35.2,1011.6,
2021-08-02,14.0,9.9,18.3,,,295.0,7.2,27.8,1015.6,
2021-08-03,14.1,10.6,17.9,,,288.0,7.0,22.2,1016.7,
2021-08-04,13.8,12.6,15.3,,,304.0,6.8,20.4,1015.1,
2021-08-05,14.8,11.8,19.4,,,298.0,8.7,27.8,1012.5,
2021-08-06,16.7,11.8,22.1,,,294.0,7.4,22.2,1010.3,
2021-08-07,16.0,13.8,19.1,,,313.0,8.8,37.0,1008.7,
2021-08-08,15.5,11.8,20.2,,,303.0,9.6,33.3,1014.1,
2021-08-09,15.4,9.1,21.0,,,280.0,7.0,22.2,1019.3,
2021-08-10,17.5,10.9,23.7,,,262.0,6.6,24.1,1019.8,
2021-08-11,19.1,13.0,25.0,,,291.0,6.9,22.2,1020.0,
2021-08-12,20.2,13.3,26.7,,,276.0,5.7,18.5,1021.0,
2021-08-13,21.5,16.0,27.5,,,278.0,6.5,20.4,1022.7,
2021-08-14,21.4,14.9,27.6,,,257.0,5.3,18.5,1021.9,
2021-08-15,21.4,15.8,27.2,,,262.0,6.3,20.4,1017.2,
2021-08-16,18.6,16.2,20.8,,,298.0,10.2,38.9,1015.8,
2021-08-17,16.4,12.2,21.1,,,300.0,11.4,33.3,1018.2,
2021-08-18,16.6,11.8,21.1,,,292.0,7.9,27.8,1017.5,
2021-08-19,17.5,13.2,21.9,,,217.0,5.5,25.9,1015.5,
2021-08-20,18.1,13.0,23.1,,,240.0,5.6,24.1,1016.2,
2021-08-21,18.3,12.4,24.1,,,243.0,4.8,18.5,1019.1,
2021-08-22,17.6,14.5,20.9,,,288.0,7.8,27.8,1020.2,
2021-08-23,16.7,13.5,20.4,,,293.0,9.5,29.6,1019.3,
2021-08-24,15.8,13.5,19.4,,,258.0,5.6,27.8,1017.5,
2021-08-25,16.0,12.4,20.6,,,243.0,5.5,22.2,1016.6,
2021-08-26,16.2,11.3,20.9,,,292.0,8.5,31.5,1014.6,
2021-08-27,15.7,11.8,19.9,,,305.0,10.5,35.2,1013.0,
2021-08-28,14.2,11.1,18.3,,,306.0,9.9,33.3,1015.3,
2021-08-29,13.4,8.8,18.2,,,299.0,8.2,33.3,1016.2,
2021-08-30,14.1,9.7,18.9,,,286.0,6.5,27.8,1015.1,
2021-08-31,14.5,10.8,18.8,,,275.0,6.9,29.6,1018.1,
2021-09-01,15.3,10.2,20.8,,,199.0,5.0,25.9,1021.2,
2021-09-02,16.1,11.6,21.3,,,203.0,5.9,29.6,1022.5,
2021-09-03,15.9,13.0,19.6,,,236.0,5.2,24.1,1020.6,
2021-09-04,15.8,12.6,20.2,,,237.0,4.3,20.4,1017.5,
2021-09-05,16.1,11.2,21.3,,,213.0,4.8,22.2,1019.3,
2021-09-06,16.9,12.7,21.6,,,210.0,4.4,22.2,1022.6,
2021-09-07,16.7,12.0,21.5,,,196.0,4.1,20.4,1023.0,
2021-09-08,17.2,13.7,21.8,,,146.0,5.3,31.5,1018.9,
2021-09-09,15.8,13.4,18.8,,,172.0,4.8,20.4,1018.1,
2021-09-10,15.4,13.6,17.8,,,249.0,4.1,18.5,1018.5,
2021-09-11,15.8,11.7,20.2,,,248.0,4.4,20.4,1019.6,
2021-09-12,16.0,11.1,21.1,,,188.0,4.4,24.1,1018.1,
2021-09-13,16.3,11.3,21.5,,,187.0,4.0,20.4,1018.0,
2021-09-14,16.5,12.7,20.4,,,172.0,4.8,22.2,1018.3,
2021-09-15,16.5,14.5,18.7,,,295.0,4.9,22.2,1017.1,
2021-09-16,15.9,14.4,18.7,,,302.0,4.8,18.5,1017.2,
2021-09-17,16.1,12.8,20.1,,,272.0,5.4,20.4,1015.4,
2021-09-18,15.5,11.9,19.2,,,242.0,4.3,20.4,1014.2,
2021-09-19,12.5,10.0,14.8,,,289.0,7.9,31.5,1015.4,
2021-09-20,10.9,8.4,14.0,,,287.0,5.6,18.5,1018.6,
2021-09-21,12.5,8.9,16.7,,,183.0,3.9,22.2,1023.8,
2021-09-22,12.4,7.2,18.0,,,183.0,4.1,22.2,1025.2,
2021-09-23,13.8,9.0,19.1,,,176.0,3.9,18.5,1022.3,
2021-09-24,13.7,8.6,19.1,,,205.0,4.5,18.5,1021.1,
2021-09-25,14.4,9.0,19.4,,,190.0,5.1,25.9,1019.8,
2021-09-26,15.2,13.4,17.5,,,309.0,4.8,24.1,1020.2,
2021-09-27,13.5,9.9,17.6,,,250.0,4.7,14.8,1021.4,
2021-09-28,13.5,8.8,18.0,,,199.0,5.4,25.9,1022.4,
2021-09-29,13.1,10.3,16.9,,,292.0,7.2,24.1,1023.5,
2021-09-30,10.4,6.2,15.0,,,199.0,5.7,22.2,1026.9,
2021-10-01,11.6,6.9,16.2,,,145.0,4.6,25.9,1023.2,
2021-10-02,13.6,9.6,17.4,,,163.0,5.6,29.6,1017.8,
2021-10-03,15.2,11.4,18.8,,,56.0,16.3,74.1,1011.6,
2021-10-04,13.4,12.3,14.8,,,325.0,8.5,33.3,1015.1,
2021-10-05,11.8,9.8,14.0,,,274.0,4.9,20.4,1014.4,
2021-10-06,8.9,6.7,11.5,,,285.0,10.9,31.5,1022.0,
2021-10-07,8.0,4.7,12.7,,,276.0,8.7,29.6,1024.3,
2021-10-08,8.9,3.8,14.4,,,151.0,3.9,20.4,1022.6,
2021-10-09,10.1,6.1,14.9,,,134.0,4.1,24.1,1022.3,
2021-10-10,8.8,5.7,13.2,,,241.0,5.4,25.9,1023.2,
2021-10-11,7.3,2.3,13.4,,,300.0,6.6,22.2,1023.5,
2021-10-12,7.6,3.2,13.0,,,298.0,8.1,27.8,1021.0,
2021-10-13,7.4,5.0,12.0,,,277.0,7.7,29.6,1022.6,
2021-10-14,6.8,3.1,11.9,,,156.0,3.2,18.5,1025.4,
2021-10-15,7.0,2.4,12.6,,,221.0,4.5,22.2,1021.5,
2021-10-16,7.8,3.6,13.3,,,166.0,3.3,18.5,1019.5,
2021-10-17,7.8,3.9,13.3,,,175.0,2.4,14.8,1021.3,
2021-10-18,8.0,3.8,13.8,,,197.0,3.9,18.5,1025.4,
2021-10-19,9.4,5.2,14.4,,,171.0,2.4,13.0,1028.3,
2021-10-20,10.6,5.8,15.5,,,87.0,5.3,24.1,1022.4,
2021-10-21,10.1,6.4,13.0,,,299.0,6.2,22.2,1015.9,
2021-10-22,6.8,3.6,12.1,,,240.0,5.0,20.4,1020.8,
2021-10-23,5.8,1.7,11.0,,,161.0,4.3,20.4,1024.4,
2021-10-24,6.9,3.1,11.9,,,138.0,5.1,22.2,1026.4,
2021-10-25,6.3,2.1,11.5,,,163.0,3.1,18.5,1024.4,
2021-10-26,6.6,3.5,11.6,,,200.0,4.9,20.4,1024.9,
2021-10-27,6.5,3.1,12.0,,,148.0,3.6,18.5,1026.0,
2021-10-28,7.0,2.7,12.0,,,132.0,5.1,20.4,1023.2,
2021-10-29,7.8,3.6,12.1,,,95.0,9.5,37.0,1017.3,
2021-10-30,8.7,5.1,12.7,,,73.0,14.4,63.0,1013.7,
2021-10-31,9.8,6.6,13.4,,,39.0,7.9,33.3,1013.4,
2021-11-01,8.1,5.5,10.1,,,306.0,5.5,20.4,1007.6,
2021-11-02,5.3,3.0,8.1,,,268.0,6.2,18.5,1007.8,
2021-11-03,4.6,2.3,7.1,,,307.0,6.9,22.2,1003.7,
2021-11-04,3.1,0.5,5.9,,,276.0,7.2,22.2,1011.8,
2021-11-05,0.8,-2.2,5.2,,,171.0,3.6,14.8,1024.5,
2021-11-06,0.0,-3.6,5.2,,,156.0,3.1,13.0,1030.4,
2021-11-07,0.9,-3.9,6.5,,,193.0,2.8,11.1,1025.4,
2021-11-08,2.7,-1.8,7.5,,,195.0,5.1,20.4,1020.2,
2021-11-09,4.5,-0.4,8.3,,,112.0,6.5,24.1,1023.9,
2021-11-10,7.5,4.6,9.8,,,5.0,6.6,22.2,1026.4,
2021-11-11,8.7,5.9,12.3,,,187.0,3.6,11.1,1024.7,
2021-11-12,7.3,4.3,11.9,,,155.0,2.9,11.1,1021.1,
2021-11-13,6.1,3.0,9.6,,,223.0,3.1,14.8,1019.1,
2021-11-14,5.5,4.6,6.7,,,305.0,4.6,18.5,1017.2,
2021-11-15,5.5,3.9,6.7,,,323.0,4.8,16.7,1020.5,
2021-11-16,6.2,4.8,8.9,,,150.0,2.0,7.4,1022.0,
2021-11-17,5.2,2.7,7.3,,,188.0,2.0,9.3,1022.6,
2021-11-18,3.4,1.4,6.5,,,160.0,2.0,9.3,1029.1,
2021-11-19,2.9,-0.2,7.0,,,155.0,2.2,9.3,1032.6,
2021-11-20,2.6,-0.8,7.3,,,150.0,1.9,7.4,1028.5,
2021-11-21,2.9,-1.1,6.8,,,159.0,2.5,11.1,1016.4,
2021-11-22,4.8,3.1,6.8,,,166.0,2.4,11.1,1014.2,
2021-11-23,4.4,2.5,6.8,,,120.0,3.6,14.8,1022.0,
2021-11-24,3.4,0.7,7.0,,,131.0,4.4,14.8,1021.5,
2021-11-25,3.9,2.5,5.4,,,76.0,3.7,16.7,1012.1,
2021-11-26,3.3,1.7,5.4,,,299.0,8.5,31.5,1004.1,
2021-11-27,1.3,-0.7,3.9,,,299.0,6.9,22.2,997.3,
2021-11-28,-0.4,-2.0,1.5,,,300.0,12.1,35.2,1001.4,
2021-11-29,-1.0,-3.0,0.9,,,308.0,14.5,42.6,1011.1,
2021-11-30,-0.4,-4.3,3.4,,,311.0,13.3,44.5,1024.1,
2021-12-01,2.5,-0.2,6.0,,,214.0,4.8,22.2,1013.5,
2021-12-02,1.7,-0.1,3.2,,,312.0,11.5,35.2,1006.9,
2021-12-03,-1.3,-3.3,0.2,,,293.0,7.6,27.8,1016.9,
2021-12-04,0.4,-2.2,2.7,,,292.0,4.2,27.8,1011.1,
2021-12-05,0.7,-1.2,2.2,,,310.0,11.5,33.3,1009.8,
2021-12-06,-1.9,-3.6,-0.2,,,297.0,8.5,25.9,1016.8,
2021-12-07,0.3,-1.9,2.9,,,316.0,8.7,37.0,1015.8,
2021-12-08,0.9,0.1,2.0,,,313.0,5.4,22.2,1006.1,
2021-12-09,-0.3,-2.6,1.1,,,313.0,13.7,46.3,1010.6,
2021-12-10,-2.3,-4.7,-0.4,,,309.0,5.4,33.3,1006.5,
2021-12-11,-0.3,-1.6,1.9,,,308.0,17.0,50.0,1018.1,
2021-12-12,-0.6,-3.1,1.9,,,284.0,7.6,25.9,1028.3,
2021-12-13,-0.1,-2.3,2.7,,,173.0,3.0,13.0,1029.6,
2021-12-14,-0.7,-2.7,1.8,,,173.0,4.1,14.8,1031.6,
2021-12-15,0.0,-1.9,2.8,,,165.0,2.1,13.0,1031.9,
2021-12-16,-0.2,-2.4,2.8,,,164.0,3.9,16.7,1034.0,
2021-12-17,-1.1,-3.2,1.1,,,171.0,3.1,13.0,1036.4,
2021-12-18,-2.1,-4.2,0.6,,,144.0,2.9,11.1,1034.4,
2021-12-19,-2.7,-5.0,-0.4,,,132.0,4.0,14.8,1031.5,
2021-12-20,-2.7,-4.7,0.0,,,159.0,3.9,18.5,1024.6,
2021-12-21,-2.9,-5.3,-0.2,,,132.0,2.5,11.1,1023.8,
2021-12-22,-4.2,-6.3,-1.7,,,153.0,2.2,9.3,1025.4,
2021-12-23,-3.4,-7.2,0.3,,,161.0,2.7,13.0,1023.1,
2021-12-24,-0.4,-3.7,3.1,,,254.0,2.0,11.1,1016.2,
2021-12-25,1.6,0.1,3.8,,,204.0,1.4,9.3,1010.0,
2021-12-26,1.6,0.0,4.6,,,330.0,3.7,16.7,1009.9,
2021-12-27,1.5,-0.5,3.1,,,157.0,1.9,9.3,1009.2,
2021-12-28,2.4,0.3,4.3,,,304.0,4.1,22.2,1011.1,
2021-12-29,5.0,3.6,5.9,,,309.0,12.7,35.2,1016.5,
2021-12-30,6.0,2.8,9.0,,,300.0,10.4,38.9,1025.2,
2021-12-31,2.3,0.0,5.1,,,243.0,4.2,16.7,1030.9,
2022-01-01,1.5,-0.9,4.4,,,203.0,3.8,16.7,1032.3,
2022-01-02,1.5,-1.7,5.2,,,307.0,5.1,20.4,1029.4,
2022-01-03,3.1,0.8,6.8,,,310.0,9.0,29.6,1024.5,
2022-01-04,4.6,2.4,7.9,,,205.0,2.6,11.1,1010.1,
2022-01-05,2.5,-0.4,3.8,,,313.0,15.0,50.0,1010.0,
2022-01-06,-2.8,-4.9,-1.0,,,275.0,7.4,29.6,1020.4,
2022-01-07,-4.2,-7.4,-1.7,,,279.0,5.8,27.8,1024.6,
2022-01-08,-0.9,-3.2,1.7,,,304.0,11.8,40.8,1019.8,
2022-01-09,-0.3,-1.3,0.7,,,309.0,12.1,40.8,1010.8,
2022-01-10,-0.9,-3.2,0.6,,,290.0,8.6,25.9,1018.2,
2022-01-11,-4.6,-6.2,-2.7,,,218.0,3.3,13.0,1028.9,
2022-01-12,-5.7,-8.5,-2.7,,,158.0,3.1,13.0,1034.8,
2022-01-13,-4.8,-8.1,-1.8,,,177.0,2.4,9.3,1038.9,
2022-01-14,-3.2,-6.3,0.0,,,153.0,2.4,13.0,1038.2,
2022-01-15,-2.4,-5.3,0.9,,,150.0,2.4,11.1,1030.5,
2022-01-16,-2.4,-4.9,0.4,,,285.0,7.3,27.8,1030.7,
2022-01-17,-2.2,-4.8,0.9,,,303.0,8.3,25.9,1035.4,
2022-01-18,-2.0,-4.7,0.8,,,150.0,3.1,11.1,1034.2,
2022-01-19,-2.1,-4.7,0.7,,,182.0,2.9,16.7,1033.1,
2022-01-20,-0.5,-2.3,1.8,,,306.0,12.7,38.9,1029.1,
2022-01-21,-2.3,-4.1,0.1,,,252.0,5.8,20.4,1028.8,
2022-01-22,-2.5,-5.4,0.7,,,208.0,6.0,24.1,1032.0,
2022-01-23,-2.4,-4.3,0.2,,,180.0,3.1,11.1,1032.8,
2022-01-24,-2.5,-5.7,1.4,,,184.0,2.6,13.0,1033.4,
2022-01-25,-2.0,-4.6,2.0,,,212.0,4.4,20.4,1035.2,
2022-01-26,-1.8,-4.8,1.6,,,314.0,7.0,24.1,1033.9,
2022-01-27,-1.5,-4.7,2.4,,,282.0,6.3,20.4,1032.3,
2022-01-28,-1.1,-3.8,2.6,,,302.0,12.4,40.8,1034.8,
2022-01-29,0.5,-2.9,4.3,,,307.0,9.8,33.3,1036.0,
2022-01-30,1.7,-1.2,5.9,,,310.0,13.1,40.8,1030.4,
2022-01-31,1.1,-2.3,5.6,,,317.0,18.8,72.2,1021.1,
2022-02-01,2.7,-0.1,6.3,,,315.0,24.4,72.2,1024.5,
2022-02-02,5.5,3.0,8.0,,,312.0,23.6,64.8,1023.4,
2022-02-03,3.8,1.4,8.0,,,277.0,4.6,27.8,1022.5,
2022-02-04,1.6,-1.3,5.0,,,237.0,4.8,22.2,1019.8,
2022-02-05,1.9,-0.7,5.0,,,300.0,10.3,33.3,1024.6,
2022-02-06,1.0,-3.4,5.6,,,320.0,9.9,40.8,1026.4,
2022-02-07,4.4,0.8,7.1,,,310.0,23.9,74.1,1023.0,
2022-02-08,1.0,-2.6,5.6,,,300.0,6.9,25.9,1033.5,
2022-02-09,0.4,-3.9,5.6,,,169.0,3.2,14.8,1033.2,
2022-02-10,0.3,-4.0,5.1,,,263.0,5.9,22.2,1029.0,
2022-02-11,0.9,-1.2,3.5,,,307.0,9.1,37.0,1029.0,
2022-02-12,-1.2,-4.8,2.3,,,122.0,4.2,14.8,1031.9,
2022-02-13,0.3,-3.1,4.2,,,125.0,4.4,18.5,1026.4,
2022-02-14,1.6,-1.0,4.3,,,35.0,6.8,27.8,1016.6,
2022-02-15,2.3,0.1,5.5,,,307.0,12.5,46.3,1019.1,
2022-02-16,2.0,-1.3,5.3,,,302.0,8.9,27.8,1020.6,
2022-02-17,6.2,3.6,10.7,,,305.0,17.5,46.3,1019.1,
2022-02-18,6.2,2.4,11.1,,,296.0,7.1,22.2,1017.0,
2022-02-19,5.3,2.0,8.1,,,301.0,12.7,42.6,1020.1,
2022-02-20,3.1,-0.6,7.8,,,299.0,9.5,31.5,1025.1,
2022-02-21,3.3,2.1,4.9,,,303.0,16.2,48.2,1017.8,
2022-02-22,3.9,1.9,7.3,,,305.0,21.6,59.3,1025.2,
2022-02-23,4.1,1.1,8.8,,,253.0,6.6,24.1,1027.7,
2022-02-24,3.4,-0.7,8.4,,,252.0,5.2,18.5,1024.3,
2022-02-25,2.8,0.7,5.4,,,304.0,15.8,46.3,1025.9,
2022-02-26,0.7,-2.0,5.0,,,179.0,5.6,27.8,1030.7,
2022-02-27,-0.6,-4.9,4.6,,,144.0,5.0,22.2,1029.4,
2022-02-28,0.4,-4.5,5.7,,,257.0,5.6,24.1,1030.3,
2022-03-01,2.4,-1.2,6.6,,,117.0,5.1,24.1,1027.9,
2022-03-02,2.5,-2.4,8.3,,,275.0,4.0,20.4,1024.0,
2022-03-03,3.8,-0.2,9.0,,,254.0,4.6,18.5,1018.2,
2022-03-04,3.8,0.0,7.8,,,290.0,6.5,24.1,1015.9,
2022-03-05,2.4,0.0,5.5,,,304.0,4.2,22.2,1018.1,
2022-03-06,0.9,-1.9,4.5,,,273.0,4.9,24.1,1019.1,
2022-03-07,0.4,-4.2,5.4,,,180.0,4.2,24.1,1019.7,
2022-03-08,0.9,-3.7,5.4,,,125.0,5.2,25.9,1020.5,
2022-03-09,2.5,-3.3,9.0,,,279.0,4.2,18.5,1024.2,
2022-03-10,4.0,-2.4,11.3,,,189.0,5.1,25.9,1024.1,
2022-03-11,4.1,-0.2,8.8,,,112.0,12.6,53.7,1022.8,
2022-03-12,4.8,2.3,7.5,,,113.0,12.7,59.3,1023.1,
2022-03-13,4.9,1.4,8.0,,,112.0,16.0,68.5,1021.2,
2022-03-14,5.9,2.3,10.6,,,275.0,8.9,35.2,1028.5,
2022-03-15,7.7,4.6,11.7,,,123.0,7.3,31.5,1029.6,
2022-03-16,9.8,3.7,16.9,,,142.0,5.1,22.2,1023.3,
2022-03-17,8.5,4.1,13.1,,,205.0,5.6,31.5,1023.8,
2022-03-18,8.1,5.5,11.2,,,288.0,8.5,38.9,1029.8,
2022-03-19,7.6,3.2,12.2,,,205.0,8.3,31.5,1031.4,
2022-03-20,6.6,2.5,10.5,,,135.0,11.3,44.5,1032.5,
2022-03-21,4.7,0.1,10.3,,,177.0,7.9,37.0,1035.0,
2022-03-22,4.4,-1.9,11.1,,,179.0,8.4,37.0,1034.4,
2022-03-23,5.3,-2.6,12.9,,,195.0,7.5,31.5,1032.7,
2022-03-24,6.4,-1.4,14.6,,,185.0,5.2,22.2,1029.8,
2022-03-25,7.0,0.0,14.6,,,181.0,5.1,22.2,1027.1,
2022-03-26,7.1,0.2,14.2,,,162.0,7.4,35.2,1027.2,
2022-03-27,7.6,0.4,15.0,,,166.0,6.7,27.8,1029.4,
2022-03-28,8.5,0.9,16.3,,,191.0,4.8,20.4,1026.7,
2022-03-29,8.5,2.0,14.6,,,228.0,4.9,18.5,1015.3,
2022-03-30,7.7,6.3,9.0,,,291.0,5.9,20.4,1005.2,
2022-03-31,7.0,4.8,9.2,,,321.0,8.1,31.5,997.3,
2022-04-01,2.1,-1.4,4.9,,,298.0,11.8,37.0,999.6,
2022-04-02,-0.4,-1.6,1.2,,,301.0,13.2,29.6,1007.1,
2022-04-03,1.3,-2.5,5.2,,,300.0,7.3,25.9,1016.8,
2022-04-04,3.2,-1.2,8.6,,,257.0,4.9,24.1,1019.1,
2022-04-05,6.4,-0.2,13.8,,,299.0,8.1,24.1,1015.3,
2022-04-06,8.4,2.4,13.9,,,253.0,6.2,27.8,1009.9,
2022-04-07,7.9,5.6,10.5,,,314.0,11.7,31.5,1009.1,
2022-04-08,8.2,4.8,12.0,,,321.0,14.8,35.2,1008.3,
2022-04-09,4.3,1.9,7.0,,,306.0,18.4,48.2,1012.1,
2022-04-10,5.4,0.1,11.5,,,284.0,10.8,31.5,1020.6,
2022-04-11,7.8,0.3,14.3,,,133.0,9.6,40.8,1017.9,
2022-04-12,10.2,3.4,16.7,,,112.0,9.6,42.6,1015.5,
2022-04-13,11.8,5.9,19.3,,,248.0,8.2,33.3,1016.2,
2022-04-14,12.5,5.8,19.7,,,246.0,6.3,25.9,1019.3,
2022-04-15,14.1,7.3,21.9,,,279.0,8.1,33.3,1021.2,
2022-04-16,13.8,8.2,19.1,,,298.0,9.3,35.2,1020.2,
2022-04-17,12.4,6.4,18.0,,,315.0,8.1,35.2,1018.1,
2022-04-18,11.8,5.3,18.8,,,307.0,8.8,37.0,1014.7,
2022-04-19,11.3,5.2,17.7,,,300.0,9.4,31.5,1011.7,
2022-04-20,11.0,5.7,15.0,,,76.0,8.6,42.6,1009.0,
2022-04-21,11.0,7.5,14.5,,,312.0,8.6,44.5,1006.4,
2022-04-22,11.9,6.7,17.0,,,263.0,6.9,25.9,1000.8,
2022-04-23,10.4,8.4,12.1,,,87.0,14.0,64.8,1001.2,
2022-04-24,9.1,6.2,12.1,,,305.0,7.6,35.2,1003.6,
2022-04-25,9.8,6.4,14.1,,,332.0,10.3,35.2,1011.2,
2022-04-26,9.6,6.3,13.8,,,290.0,9.6,35.2,1015.1,
2022-04-27,11.3,4.2,19.0,,,301.0,7.9,31.5,1017.7,
2022-04-28,12.7,6.3,18.6,,,316.0,6.7,27.8,1022.2,
2022-04-29,13.3,5.3,21.0,,,307.0,6.7,31.5,1023.6,
2022-04-30,12.1,9.5,14.8,,,282.0,7.4,29.6,1021.7,
2022-05-01,11.0,4.9,16.8,,,294.0,8.4,31.5,1018.6,
2022-05-02,11.9,5.2,18.2,,,260.0,6.4,29.6,1014.9,
2022-05-03,11.1,7.9,13.3,,,234.0,5.2,22.2,1016.2,
2022-05-04,11.1,6.9,14.8,,,249.0,5.5,24.1,1017.6,
2022-05-05,9.6,8.3,10.8,,,352.0,6.4,24.1,1020.7,
2022-05-06,10.3,7.3,13.4,,,302.0,5.5,22.2,1020.8,
2022-05-07,12.3,7.8,16.6,,,249.0,6.0,29.6,1019.7,
2022-05-08,12.3,9.2,15.2,,,231.0,6.2,35.2,1020.1,
2022-05-09,13.7,8.7,18.4,,,217.0,5.8,25.9,1023.3,
2022-05-10,15.6,8.9,23.0,,,200.0,5.8,22.2,1023.3,
2022-05-11,17.2,9.7,25.1,,,178.0,6.2,24.1,1020.5,
2022-05-12,17.7,10.7,25.0,,,255.0,6.0,20.4,1021.2,
2022-05-13,17.5,12.8,23.3,,,276.0,8.5,31.5,1021.1,
2022-05-14,18.0,11.9,24.3,,,293.0,7.4,29.6,1020.0,
2022-05-15,17.7,12.0,22.6,,,246.0,6.7,31.5,1019.5,
2022-05-16,17.3,12.5,21.9,,,277.0,7.3,29.6,1021.1,
2022-05-17,18.2,10.7,26.7,,,285.0,8.2,29.6,1021.3,
2022-05-18,19.2,12.3,25.3,,,236.0,7.9,38.9,1021.5,
2022-05-19,19.7,15.3,23.9,,,225.0,6.6,31.5,1024.9,
2022-05-20,19.6,12.6,26.3,,,224.0,6.3,29.6,1025.3,
2022-05-21,20.2,14.4,27.5,,,294.0,11.3,35.2,1022.6,
2022-05-22,20.1,13.6,26.4,,,283.0,8.2,25.9,1016.0,
2022-05-23,19.3,15.3,23.4,,,310.0,8.2,38.9,1008.0,
2022-05-24,15.4,13.2,17.6,,,295.0,9.2,33.3,1008.4,
2022-05-25,14.3,11.6,16.7,,,299.0,8.0,27.8,1014.6,
2022-05-26,16.4,11.9,21.3,,,308.0,7.9,33.3,1020.4,
2022-05-27,17.4,12.3,22.9,,,296.0,8.6,38.9,1020.8,
2022-05-28,16.1,12.1,20.7,,,293.0,11.2,44.5,1016.8,
2022-05-29,13.5,9.7,17.1,,,306.0,10.4,37.0,1011.9,
2022-05-30,13.2,9.5,16.5,,,298.0,9.0,29.6,1012.8,
2022-05-31,13.7,9.5,17.5,,,314.0,9.2,29.6,1017.1,
2022-06-01,15.4,10.2,20.3,,,306.0,9.6,37.0,1017.3,
2022-06-02,16.0,10.9,20.4,,,307.0,9.0,31.5,1016.9,
2022-06-14,19.8,11.4,26.1,,,284.0,7.6,29.6,1017.7,
2022-06-15,19.6,14.6,24.2,,,273.0,7.2,24.1,1019.1,
2022-06-16,21.0,14.1,27.7,,,295.0,9.6,27.8,1019.7,
2022-06-17,21.7,13.8,28.5,,,298.0,9.5,31.5,1021.0,
2022-06-18,22.3,15.7,28.1,,,246.0,7.6,29.6,1019.9,
2022-06-19,22.2,16.0,28.0,,,291.0,7.6,35.2,1014.5,
2022-06-20,22.1,16.0,27.9,,,268.0,8.0,27.8,1012.8,
2022-06-21,20.5,14.4,25.3,,,269.0,6.9,22.2,1012.7,
2022-06-22,19.2,16.8,22.0,,,286.0,6.8,25.9,1012.2,
2022-06-23,19.5,14.9,24.5,,,306.0,8.7,38.9,1011.9,
2022-06-24,16.7,14.8,18.9,,,303.0,7.3,29.6,1012.9,
2022-06-25,17.3,10.2,23.1,,,272.0,7.9,31.5,1013.4,
2022-06-26,19.0,15.0,22.5,,,308.0,8.8,37.0,1013.7,
2022-06-27,19.0,15.9,22.0,,,298.0,8.8,33.3,1015.3,
2022-06-28,17.3,15.4,19.2,,,302.0,7.5,29.6,1017.4,
2022-06-29,19.5,13.0,25.5,,,286.0,7.5,27.8,1013.9,
2022-06-30,19.1,15.4,22.9,,,282.0,7.2,27.8,1012.6,
2022-07-01,17.6,15.0,21.2,,,299.0,10.6,33.3,1016.5,
2022-07-02,18.9,10.8,25.5,,,268.0,8.0,33.3,1019.1,
2022-07-03,20.4,13.5,26.7,,,275.0,6.9,22.2,1019.3,
2022-07-04,19.5,16.8,22.9,,,300.0,8.0,25.9,1018.7,
2022-07-05,19.3,14.1,25.1,,,304.0,10.4,33.3,1019.2,
2022-07-06,19.5,14.2,25.0,,,296.0,9.1,29.6,1020.4,
2022-07-07,18.7,13.4,23.5,,,300.0,11.3,37.0,1020.8,
2022-07-08,19.0,12.9,25.2,,,307.0,11.9,37.0,1023.0,
2022-07-09,19.2,11.7,24.7,,,289.0,8.7,31.5,1022.7,
2022-07-10,19.7,12.8,25.7,,,296.0,10.0,33.3,1019.5,
2022-07-11,20.4,13.9,26.1,,,278.0,7.8,31.5,1017.6,
2022-07-12,20.3,14.0,25.6,,,286.0,7.9,29.6,1020.4,
2022-07-13,20.9,14.0,26.9,,,263.0,6.4,24.1,1021.8,
2022-07-14,22.1,16.2,27.9,,,271.0,6.9,22.2,1020.6,
2022-07-15,21.6,14.7,28.0,,,290.0,10.0,31.5,1017.6,
2022-07-16,21.8,14.3,28.7,,,294.0,9.4,31.5,1017.5,
2022-07-17,21.9,14.2,28.3,,,270.0,7.4,27.8,1020.3,
2022-07-18,22.6,14.6,29.7,,,257.0,6.5,25.9,1021.3,
2022-07-19,22.9,16.3,28.6,,,260.0,6.1,25.9,1019.4,
2022-07-20,21.5,17.7,25.3,,,278.0,5.9,24.1,1020.1,
2022-07-21,22.3,16.8,28.3,,,286.0,7.8,27.8,1019.2,
2022-07-22,22.1,15.4,27.9,,,268.0,6.4,24.1,1017.5,
2022-07-23,20.9,17.6,24.6,,,293.0,8.2,25.9,1018.1,
2022-07-24,21.9,14.7,29.2,,,273.0,7.0,27.8,1017.5,
2022-07-25,22.1,16.8,27.7,,,275.0,6.9,24.1,1015.7,
2022-07-26,20.8,16.9,25.4,,,292.0,10.4,35.2,1014.5,
2022-07-27,20.5,16.2,24.5,,,272.0,7.3,29.6,1012.8,
2022-07-28,19.5,15.6,24.3,,,272.0,6.6,27.8,1013.4,
2022-07-29,17.4,15.2,20.1,,,287.0,7.2,24.1,1017.4,
2022-07-30,17.8,12.3,23.7,,,297.0,10.1,31.5,1019.4,
2022-07-31,19.4,12.2,26.3,,,295.0,8.6,27.8,1019.0,
2022-08-01,20.4,13.7,26.8,,,291.0,8.3,27.8,1017.4,
2022-08-02,21.0,14.8,27.5,,,282.0,6.6,25.9,1016.9,
2022-08-03,21.8,15.1,27.9,,,244.0,5.3,20.4,1016.6,
2022-08-04,21.5,16.0,26.6,,,261.0,5.5,20.4,1017.0,
2022-08-05,20.9,16.8,25.2,,,279.0,6.9,24.1,1017.2,
2022-08-06,20.5,15.9,25.5,,,300.0,7.8,27.8,1017.7,
2022-08-07,19.2,16.3,23.1,,,296.0,6.2,27.8,1017.6,
2022-08-08,19.6,13.8,25.8,,,259.0,6.3,27.8,1017.7,
2022-08-09,20.6,14.2,26.7,,,257.0,5.7,24.1,1019.1,
2022-08-10,20.8,16.2,25.5,,,262.0,6.1,25.9,1019.5,
2022-08-11,20.7,15.1,26.2,,,228.0,5.5,20.4,1018.2,
2022-08-12,20.6,14.1,26.6,,,276.0,6.7,27.8,1014.6,
2022-08-13,20.6,15.1,26.2,,,283.0,6.4,25.9,1012.7,
2022-08-14,17.7,13.1,20.9,,,262.0,5.8,24.1,1011.6,
2022-08-15,17.3,14.0,21.0,,,278.0,6.2,20.4,1009.5,
2022-08-16,18.3,12.1,23.9,,,256.0,6.9,25.9,1010.4,
2022-08-17,18.1,16.3,20.5,,,308.0,7.4,31.5,1012.3,
2022-08-18,16.4,14.6,18.7,,,294.0,6.2,22.2,1013.2,
2022-08-19,15.4,13.8,17.8,,,305.0,9.3,29.6,1015.7,
2022-08-20,16.6,12.7,21.6,,,299.0,8.6,29.6,1018.6,
2022-08-21,17.4,11.9,22.8,,,293.0,7.8,27.8,1016.0,
2022-08-22,17.7,12.4,22.9,,,294.0,8.0,25.9,1013.6,
2022-08-23,18.4,11.9,25.4,,,291.0,7.4,24.1,1014.6,
2022-08-24,19.2,13.2,24.5,,,240.0,5.1,22.2,1016.2,
2022-08-25,19.9,14.2,25.3,,,250.0,5.2,22.2,1015.9,
2022-08-26,17.5,15.3,19.7,,,286.0,5.4,18.5,1015.8,
2022-08-27,17.7,14.0,22.2,,,275.0,5.9,24.1,1013.3,
2022-08-28,18.2,13.7,23.3,,,261.0,6.6,25.9,1014.4,
2022-08-29,18.7,13.2,24.2,,,238.0,5.8,22.2,1017.4,
2022-08-30,17.2,14.1,21.3,,,262.0,5.5,20.4,1019.0,
2022-08-31,17.3,14.2,21.4,,,289.0,7.1,27.8,1017.1,
2022-09-01,17.1,13.6,21.4,,,281.0,6.7,25.9,1015.4,
2022-09-02,16.7,13.7,20.9,,,261.0,4.6,22.2,1014.8,
2022-09-03,15.7,13.4,18.8,,,300.0,5.2,24.1,1015.3,
2022-09-04,17.0,12.2,22.2,,,203.0,5.1,24.1,1018.9,
2022-09-05,17.7,13.5,22.6,,,183.0,5.0,24.1,1022.0,
2022-09-06,17.4,13.4,21.9,,,232.0,5.0,25.9,1020.2,
2022-09-07,16.9,14.7,20.0,,,287.0,5.3,22.2,1017.1,
2022-09-08,16.2,14.3,18.9,,,296.0,7.4,24.1,1014.5,
2022-09-09,14.4,11.4,18.4,,,280.0,7.9,25.9,1016.7,
2022-09-10,13.9,10.7,18.6,,,284.0,8.9,29.6,1018.7,
2022-09-11,14.5,9.3,20.5,,,291.0,6.5,25.9,1018.7,
2022-09-12,15.5,9.2,22.0,,,219.0,4.2,20.4,1016.6,
2022-09-13,17.1,11.0,23.2,,,234.0,4.8,18.5,1014.5,
2022-09-14,17.7,16.1,19.6,,,257.0,5.0,20.4,1011.6,
2022-09-15,16.1,14.4,18.7,,,288.0,7.4,24.1,1011.6,
2022-09-16,14.8,11.8,18.8,,,290.0,10.3,33.3,1011.9,
2022-09-17,10.3,8.0,12.6,,,302.0,15.6,44.5,1015.9,
2022-09-18,9.8,4.4,15.4,,,300.0,8.9,29.6,1019.9,
2022-09-19,10.3,5.7,15.6,,,297.0,10.8,33.3,1018.9,
2022-09-20,10.7,5.1,16.5,,,269.0,6.2,29.6,1019.8,
2022-09-21,11.6,6.3,17.0,,,136.0,6.2,31.5,1020.1,
2022-09-22,12.1,7.9,17.0,,,148.0,4.1,22.2,1020.8,
2022-09-23,11.8,6.4,17.0,,,153.0,3.8,20.4,1019.5,
2022-09-24,11.5,10.0,12.6,,,323.0,4.8,24.1,1015.7,
2022-09-25,11.0,9.4,13.2,,,262.0,3.9,18.5,1013.4,
2022-09-26,10.3,7.1,14.2,,,268.0,6.2,20.4,1011.5,
2022-09-27,9.4,7.3,12.6,,,295.0,13.2,35.2,1007.7,
2022-09-28,9.8,7.3,13.0,,,301.0,7.2,29.6,1004.3,
2022-09-29,9.8,8.5,11.8,,,289.0,6.3,20.4,1002.0,
2022-09-30,9.3,7.3,11.4,,,259.0,4.2,18.5,1009.4,
2022-10-01,10.0,6.9,13.5,,,272.0,7.7,35.2,1019.4,
2022-10-02,13.2,9.8,18.7,,,271.0,13.3,40.8,1025.1,
2022-10-03,11.9,7.9,17.4,,,263.0,7.3,29.6,1024.6,
2022-10-04,11.0,6.5,16.4,,,165.0,3.3,16.7,1023.5,
2022-10-05,12.2,6.6,18.1,,,181.0,3.8,18.5,1026.1,
2022-10-06,12.5,7.9,17.1,,,199.0,4.7,20.4,1030.1,
2022-10-07,12.9,8.9,17.8,,,168.0,3.8,20.4,1026.5,
2022-10-08,12.0,9.4,15.6,,,262.0,3.4,16.7,1022.5,
2022-10-09,12.3,10.7,14.0,,,330.0,4.9,24.1,1020.7,
2022-10-10,12.4,10.1,15.6,,,228.0,3.0,16.7,1020.7,
2022-10-11,11.5,7.8,16.2,,,201.0,3.0,16.7,1023.3,
2022-10-12,11.3,8.2,15.3,,,212.0,2.9,14.8,1023.7,
2022-10-13,10.6,6.7,15.3,,,199.0,2.9,13.0,1023.4,
2022-10-14,11.5,8.2,15.3,,,254.0,4.5,13.0,1020.2,
2022-10-15,12.4,10.0,16.7,,,184.0,3.4,11.1,1017.5,
2022-10-16,11.9,7.6,16.3,,,151.0,4.5,22.2,1021.4,
2022-10-17,12.7,8.9,17.1,,,143.0,4.6,18.5,1027.8,
2022-10-18,12.4,8.9,17.6,,,215.0,3.0,13.0,1030.0,
2022-10-19,11.4,6.7,17.3,,,191.0,3.4,16.7,1025.9,
2022-10-20,12.5,7.8,17.1,,,65.0,7.3,33.3,1020.2,
2022-10-21,13.2,12.6,13.9,,,4.0,7.2,25.9,1016.7,
2022-10-22,12.1,9.9,15.0,,,251.0,4.8,18.5,1018.4,
2022-10-23,12.5,8.4,16.8,,,125.0,8.2,35.2,1018.8,
2022-10-24,12.5,10.5,14.9,,,313.0,5.2,20.4,1018.7,
2022-10-25,10.9,7.7,15.1,,,195.0,3.8,11.1,1021.3,
2022-10-26,11.2,8.0,16.0,,,162.0,2.5,11.1,1022.8,
2022-10-27,10.5,6.2,16.2,,,182.0,1.8,7.4,1028.5,
2022-10-28,11.1,7.2,16.7,,,189.0,1.9,7.4,1030.1,
2022-10-29,11.1,7.0,17.1,,,182.0,3.1,14.8,1028.7,
2022-10-30,10.6,6.9,16.4,,,175.0,4.0,20.4,1025.7,
2022-10-31,10.2,6.3,15.4,,,148.0,6.5,31.5,1023.1,
2022-11-01,9.0,6.2,11.7,,,212.0,3.2,13.0,1023.7,
2022-11-02,7.8,5.0,12.0,,,147.0,3.2,13.0,1026.2,
2022-11-03,8.5,5.0,12.4,,,59.0,7.3,33.3,1018.0,
2022-11-04,7.0,4.6,9.5,,,282.0,8.3,24.1,1011.6,
2022-11-05,4.9,2.6,9.1,,,279.0,7.9,27.8,1019.7,
2022-11-06,4.7,0.3,9.6,,,153.0,2.4,11.1,1019.1,
2022-11-07,5.4,2.2,10.0,,,169.0,3.2,13.0,1020.9,
2022-11-08,6.4,2.2,10.9,,,134.0,5.3,18.5,1019.1,
2022-11-09,7.4,5.2,10.0,,,320.0,3.9,13.0,1019.0,
2022-11-10,7.6,4.7,11.9,,,213.0,4.2,14.8,1026.3,
2022-11-11,6.4,2.6,11.4,,,162.0,2.4,7.4,1034.7,
2022-11-12,6.4,2.6,10.6,,,167.0,1.7,9.3,1034.0,
2022-11-13,7.1,3.6,11.2,,,124.0,4.8,24.1,1024.7,
2022-11-14,6.8,5.6,8.3,,,105.0,4.1,18.5,1021.0,
2022-11-15,7.2,5.5,8.9,,,26.0,4.1,14.8,1014.8,
2022-11-16,7.0,4.2,9.9,,,284.0,5.2,20.4,1007.2,
2022-11-17,6.7,4.2,10.3,,,307.0,5.0,18.5,1002.8,
2022-11-18,5.2,2.2,7.4,,,301.0,9.5,33.3,1007.1,
2022-11-19,2.1,0.0,5.1,,,258.0,5.8,18.5,1013.2,
2022-11-20,2.4,0.1,5.7,,,285.0,7.9,22.2,1017.3,
2022-11-21,4.1,1.5,7.8,,,288.0,5.7,22.2,1010.8,
2022-11-22,4.2,2.2,5.9,,,299.0,11.9,48.2,1004.5,
2022-11-23,2.5,-0.6,5.9,,,272.0,6.2,27.8,1008.4,
2022-11-24,3.4,1.2,7.0,,,309.0,7.1,24.1,1018.3,
2022-11-25,3.1,-0.4,6.4,,,252.0,4.7,20.4,1021.9,
2022-11-26,3.0,-0.3,6.7,,,237.0,4.4,16.7,1030.4,
2022-11-27,1.0,-3.2,5.2,,,147.0,1.9,11.1,1028.1,
2022-11-28,2.4,0.0,4.6,,,151.0,2.8,11.1,1019.0,
2022-11-29,2.2,0.5,3.7,,,231.0,2.0,11.1,1018.2,
2022-11-30,0.4,-1.1,1.9,,,186.0,2.4,13.0,1019.9,
2022-12-01,0.1,-2.1,3.3,,,143.0,2.4,13.0,1021.4,
2022-12-02,0.0,-3.4,2.8,,,121.0,3.9,14.8,1019.6,
2022-12-03,2.7,1.1,4.1,,,30.0,6.7,24.1,1015.5,
2022-12-04,4.2,2.7,5.2,,,32.0,6.1,24.1,1013.2,
2022-12-05,2.6,-1.1,3.8,,,345.0,5.9,24.1,1020.2,
2022-12-06,-1.0,-3.5,2.1,,,219.0,3.5,14.8,1020.2,
2022-12-07,-2.2,-4.3,0.9,,,271.0,4.1,16.7,1017.4,
2022-12-08,-3.6,-6.1,-1.0,,,146.0,2.8,9.3,1013.0,
2022-12-09,0.1,-2.9,2.4,,,329.0,3.9,14.8,1004.2,
2022-12-10,1.1,-0.6,3.1,,,310.0,9.9,38.9,1005.1,
2022-12-11,-2.4,-5.5,-0.6,,,290.0,10.2,33.3,1011.5,
2022-12-12,-5.8,-8.0,-3.8,,,206.0,3.7,16.7,1013.0,
2022-12-13,-1.0,-4.5,1.4,,,193.0,5.4,22.2,1008.3,
2022-12-14,1.8,-0.4,4.1,,,257.0,3.1,13.0,1004.0,
2022-12-15,2.0,-0.2,3.5,,,343.0,5.1,24.1,1003.4,
2022-12-16,3.0,1.5,5.1,,,297.0,6.3,25.9,1006.7,
2022-12-17,-1.6,-4.7,1.0,,,213.0,4.3,18.5,1021.6,
2022-12-18,-4.0,-7.0,-1.2,,,141.0,2.8,11.1,1031.0,
2022-12-19,-1.1,-4.9,2.9,,,129.0,2.8,13.0,1031.2,
2022-12-20,1.1,-1.9,4.4,,,117.0,3.6,13.0,1026.3,
2022-12-21,2.8,1.0,4.9,,,12.0,2.9,9.3,1022.1,
2022-12-22,3.4,1.7,5.4,,,313.0,9.8,37.0,1021.6,
2022-12-23,5.1,3.7,6.8,,,301.0,8.0,22.2,1019.6,
2022-12-24,5.5,3.3,7.7,,,303.0,10.0,29.6,1020.3,
2022-12-25,3.3,1.5,6.7,,,127.0,2.3,11.1,1021.8,
2022-12-26,2.9,-0.1,5.8,,,267.0,4.1,22.2,1026.4,
2022-12-27,2.6,-0.3,4.6,,,295.0,6.9,24.1,1031.3,
2022-12-28,-0.5,-3.1,2.7,,,134.0,2.0,9.3,1028.2,
2022-12-29,0.4,-2.8,3.4,,,79.0,2.4,9.3,1022.4,
2022-12-30,2.9,0.6,4.9,,,167.0,1.2,5.5,1021.7,
2022-12-31,4.6,2.9,7.6,,,147.0,2.1,13.0,1026.6,
2023-01-01,4.8,3.0,7.7,,,102.0,4.5,14.8,1029.2,
2023-01-02,5.4,3.6,8.3,,,117.0,4.6,18.5,1028.5,
2023-01-03,4.1,1.7,6.2,,,59.0,2.6,11.1,1031.9,
2023-01-04,2.6,0.0,5.9,,,285.0,5.0,20.4,1034.2,
2023-01-05,4.0,1.8,6.7,,,320.0,8.5,29.6,1030.2,
2023-01-06,1.3,-1.2,4.6,,,144.0,2.4,11.1,1027.1,
2023-01-07,0.9,-2.4,4.8,,,115.0,3.8,14.8,1022.1,
2023-01-08,2.8,0.4,4.4,,,27.0,5.2,24.1,1014.2,
2023-01-09,2.7,1.5,3.7,,,312.0,13.7,46.3,1012.1,
2023-01-10,1.3,-0.1,3.1,,,304.0,14.2,42.6,1025.7,
2023-01-11,1.2,-2.1,4.3,,,336.0,7.4,29.6,1025.6,
2023-01-12,2.0,-0.7,5.4,,,306.0,8.2,25.9,1027.6,
2023-01-13,1.6,-0.6,4.9,,,322.0,9.5,33.3,1024.6,
2023-01-14,1.7,-0.8,5.6,,,204.0,3.4,18.5,1024.7,
2023-01-15,2.2,0.2,4.9,,,301.0,5.4,29.6,1016.4,
2023-01-16,-1.0,-3.2,1.7,,,337.0,4.8,18.5,1003.8,
2023-01-17,-0.9,-2.8,0.8,,,306.0,3.7,13.0,991.4,
2023-01-18,-2.2,-3.3,-0.8,,,304.0,7.4,27.8,998.0,
2023-01-19,-3.7,-6.6,-1.8,,,302.0,10.1,35.2,1011.9,
2023-01-20,-6.9,-9.6,-3.7,,,294.0,9.8,33.3,1018.8,
2023-01-21,-6.9,-9.5,-3.8,,,304.0,9.1,27.8,1023.2,
2023-01-22,-6.2,-8.5,-3.0,,,278.0,4.5,16.7,1024.6,
2023-01-23,-4.9,-8.3,-1.2,,,262.0,4.7,20.4,1026.4,
2023-01-24,-0.1,-2.2,2.9,,,245.0,3.6,14.8,1030.7,
2023-01-25,-1.5,-4.4,2.1,,,182.0,3.6,13.0,1030.6,
2023-01-26,-3.8,-6.3,-0.4,,,180.0,3.9,14.8,1020.8,
2023-01-27,-5.0,-7.8,-1.6,,,177.0,3.5,14.8,1017.7,
2023-01-28,-4.8,-7.3,-1.8,,,149.0,3.0,9.3,1022.1,
2023-01-29,-4.2,-7.4,-0.5,,,153.0,2.7,11.1,1027.8,
2023-01-30,-1.8,-5.8,2.9,,,325.0,11.6,44.5,1027.0,
2023-01-31,-0.6,-4.1,2.8,,,308.0,10.5,29.6,1029.2,
2023-02-01,0.3,-2.4,3.8,,,308.0,11.7,35.2,1029.9,
2023-02-02,0.7,-2.3,4.3,,,293.0,12.7,35.2,1032.1,
2023-02-03,0.2,-2.6,3.7,,,307.0,10.2,33.3,1035.0,
2023-02-04,2.5,-0.7,6.7,,,307.0,13.8,42.6,1033.1,
2023-02-05,1.8,-1.5,5.0,,,319.0,9.6,38.9,1034.6,
2023-02-06,0.5,-2.1,3.2,,,269.0,3.9,24.1,1034.2,
2023-02-07,-0.4,-4.3,2.1,,,114.0,6.2,31.5,1035.0,
2023-02-08,-3.5,-6.2,-0.7,,,141.0,4.2,18.5,1036.4,
2023-02-09,-3.2,-5.5,-0.1,,,136.0,3.3,13.0,1037.9,
2023-02-10,-4.4,-7.9,-0.1,,,165.0,3.5,13.0,1039.8,
2023-02-11,-2.9,-7.4,1.9,,,153.0,2.7,11.1,1038.6,
2023-02-12,-0.7,-5.0,4.3,,,151.0,2.2,13.0,1037.4,
2023-02-13,0.6,-2.9,5.8,,,186.0,3.0,14.8,1039.1,
2023-02-14,0.6,-3.3,6.0,,,162.0,3.1,13.0,1037.7,
2023-02-15,1.0,-2.9,6.5,,,156.0,3.2,13.0,1033.3,
2023-02-16,1.5,-2.4,6.6,,,236.0,4.0,16.7,1032.0,
2023-02-17,2.5,-2.2,7.6,,,279.0,5.9,20.4,1033.7,
2023-02-18,4.4,0.4,9.9,,,273.0,6.1,22.2,1031.5,
2023-02-19,4.6,0.1,10.0,,,293.0,10.0,33.3,1028.9,
2023-02-20,4.9,0.7,10.5,,,215.0,3.8,14.8,1028.4,
2023-02-21,4.6,0.2,10.4,,,173.0,3.4,13.0,1022.6,
2023-02-22,4.5,0.6,8.4,,,166.0,2.7,16.7,1017.8,
2023-02-23,5.8,3.0,9.7,,,156.0,3.3,16.7,1015.6,
2023-02-24,6.1,3.6,9.9,,,182.0,3.8,18.5,1011.7,
2023-02-25,5.3,2.6,9.3,,,292.0,8.2,31.5,1005.7,
2023-02-26,0.6,-0.5,2.6,,,324.0,11.4,35.2,1005.0,
2023-02-27,1.2,-1.2,4.2,,,40.0,8.3,29.6,1014.9,
2023-02-28,1.8,-0.9,5.6,,,234.0,6.5,31.5,1020.7,
2023-03-01,1.8,-2.6,6.3,,,204.0,4.3,22.2,1019.0,
2023-03-02,4.0,1.6,7.6,,,305.0,5.0,22.2,1018.0,
2023-03-03,2.9,-1.0,7.7,,,181.0,3.7,20.4,1019.9,
2023-03-04,2.5,-2.3,8.1,,,244.0,5.1,24.1,1021.0,
2023-03-05,2.9,-1.9,8.4,,,284.0,5.8,25.9,1016.1,
2023-03-06,2.4,-2.3,7.7,,,267.0,5.9,27.8,1009.6,
2023-03-07,2.9,-3.4,8.5,,,287.0,6.2,22.2,1006.7,
2023-03-08,4.3,0.9,7.5,,,304.0,6.1,18.5,1006.3,
2023-03-09,7.1,4.3,11.4,,,299.0,10.1,35.2,1007.4,
2023-03-10,4.8,2.7,7.6,,,308.0,11.1,44.5,1006.8,
2023-03-11,4.8,2.5,7.1,,,300.0,14.1,37.0,1008.7,
2023-03-12,6.6,3.8,11.5,,,307.0,10.6,27.8,1017.2,
2023-03-13,9.0,2.6,15.5,,,145.0,8.9,50.0,1013.6,
2023-03-14,6.4,3.2,9.6,,,299.0,13.3,46.3,1009.1,
2023-03-15,3.2,0.9,6.6,,,287.0,16.3,42.6,1019.2,
2023-03-16,5.6,-1.9,12.1,,,105.0,6.2,31.5,1018.2,
2023-03-17,7.5,1.9,12.6,,,108.0,12.4,48.2,1016.6,
2023-03-18,7.5,1.9,13.3,,,192.0,7.2,31.5,1016.0,
2023-03-19,7.1,4.2,9.6,,,240.0,4.5,22.2,1019.6,
2023-03-20,7.7,3.2,12.8,,,264.0,5.0,25.9,1021.1,
2023-03-21,7.9,1.4,14.4,,,173.0,4.3,20.4,1018.5,
2023-03-22,9.2,2.5,16.1,,,145.0,5.1,25.9,1015.9,
2023-03-23,10.9,5.5,16.1,,,175.0,4.4,20.4,1014.9,
2023-03-24,9.7,7.0,12.6,,,285.0,7.2,27.8,1014.1,
2023-03-25,6.8,4.2,10.5,,,296.0,13.1,31.5,1019.0,
2023-03-26,5.5,3.4,7.9,,,306.0,8.9,27.8,1014.4,
2023-03-27,3.5,1.1,6.2,,,302.0,17.0,44.5,1017.1,
2023-03-28,4.1,-1.3,10.7,,,300.0,10.9,38.9,1026.3,
2023-03-29,9.0,4.6,14.3,,,298.0,9.4,27.8,1023.7,
2023-03-30,10.8,7.0,14.8,,,300.0,5.3,22.2,1019.1,
2023-03-31,8.5,5.6,11.4,,,322.0,7.6,31.5,1013.9,
2023-04-01,6.1,2.8,10.2,,,298.0,13.2,31.5,1012.7,
2023-04-02,6.2,3.3,9.6,,,288.0,11.0,35.2,1014.9,
2023-04-03,6.5,2.7,10.8,,,301.0,9.6,37.0,1018.2,
2023-04-04,5.7,2.2,9.6,,,307.0,7.9,37.0,1016.6,
2023-04-05,4.8,-0.1,10.2,,,308.0,8.6,40.8,1019.2,
2023-04-06,5.6,0.0,11.3,,,298.0,8.7,35.2,1020.8,
2023-04-07,5.3,2.7,8.0,,,303.0,9.3,29.6,1019.2,
2023-04-08,6.9,1.4,13.0,,,298.0,8.5,33.3,1020.1,
2023-04-09,8.8,2.7,15.7,,,315.0,7.0,31.5,1020.6,
2023-04-10,9.5,3.3,16.0,,,273.0,4.8,25.9,1021.6,
2023-04-11,8.8,6.5,12.1,,,300.0,11.1,29.6,1020.2,
2023-04-12,10.0,7.0,14.6,,,287.0,8.3,29.6,1010.4,
2023-04-13,5.4,2.9,7.5,,,299.0,15.8,37.0,1010.5,
2023-04-14,5.6,1.0,11.1,,,292.0,13.8,31.5,1011.7,
2023-04-15,5.9,4.4,7.6,,,300.0,10.3,29.6,1010.7,
2023-04-16,7.0,3.8,11.2,,,293.0,14.3,37.0,1018.7,
2023-04-17,8.9,4.1,13.7,,,290.0,7.6,33.3,1017.9,
2023-04-18,9.6,3.8,15.2,,,211.0,6.2,33.3,1017.0,
2023-04-19,10.2,4.0,16.2,,,262.0,8.2,31.5,1017.4,
2023-04-20,8.6,6.5,10.8,,,299.0,6.8,31.5,1011.4,
2023-04-21,9.2,5.4,13.6,,,299.0,6.9,37.0,1012.0,
2023-04-22,11.6,5.8,17.4,,,201.0,7.2,29.6,1012.7,
2023-04-23,12.3,9.3,16.7,,,263.0,7.6,29.6,1011.8,
2023-04-24,10.1,6.8,14.3,,,295.0,15.4,37.0,1012.5,
2023-04-25,7.7,4.9,11.7,,,289.0,14.4,46.3,1014.7,
2023-04-26,9.5,2.6,17.7,,,299.0,10.1,40.8,1016.1,
2023-04-27,12.1,6.0,19.3,,,274.0,5.9,24.1,1017.1,
2023-04-28,13.8,9.0,19.4,,,284.0,6.9,24.1,1017.5,
2023-04-29,14.1,11.6,18.2,,,298.0,9.3,22.2,1016.2,
2023-04-30,11.5,9.7,13.5,,,269.0,6.4,27.8,1016.2,
2023-05-01,9.2,7.9,10.0,,,306.0,5.8,18.5,1017.9,
2023-05-02,11.4,7.0,17.6,,,297.0,11.8,35.2,1018.5,
2023-05-03,13.6,6.6,21.6,,,321.0,7.3,33.3,1019.8,
2023-05-04,15.1,8.1,22.5,,,247.0,6.1,24.1,1019.3,
2023-05-05,14.8,9.7,19.2,,,228.0,5.4,25.9,1019.6,
2023-05-06,16.0,9.5,22.6,,,271.0,6.5,25.9,1017.2,
2023-05-07,14.3,10.8,17.1,,,291.0,6.1,25.9,1017.9,
2023-05-08,14.7,10.8,19.1,,,296.0,9.3,25.9,1019.9,
2023-05-09,14.2,10.4,18.1,,,283.0,6.5,27.8,1017.4,
2023-05-10,11.2,8.5,13.7,,,299.0,14.3,38.9,1015.1,
2023-05-11,9.9,6.4,13.5,,,301.0,11.9,29.6,1015.0,
2023-05-12,9.6,6.7,12.4,,,306.0,7.7,33.3,1013.3,
2023-05-13,10.5,7.6,13.8,,,309.0,7.1,33.3,1015.5,
2023-05-14,11.4,7.8,15.3,,,285.0,8.8,31.5,1014.7,
2023-05-15,12.1,8.1,17.1,,,295.0,13.0,33.3,1012.7,
2023-05-16,11.0,8.5,13.6,,,301.0,13.7,35.2,1011.7,
2023-05-17,10.5,7.8,13.1,,,289.0,10.4,33.3,1015.3,
2023-05-18,11.2,8.2,14.6,,,260.0,7.3,35.2,1017.8,
2023-05-19,10.4,8.8,11.9,,,312.0,8.0,31.5,1018.6,
2023-05-20,10.4,8.4,12.4,,,306.0,8.6,31.5,1016.8,
2023-05-21,12.5,9.2,15.9,,,304.0,7.8,25.9,1015.1,
2023-05-22,15.0,9.8,20.2,,,227.0,6.8,27.8,1015.4,
2023-05-23,16.1,10.5,20.8,,,251.0,6.8,29.6,1015.5,
2023-05-24,14.8,10.7,18.6,,,268.0,6.2,27.8,1015.7,
2023-05-25,13.3,10.9,16.7,,,328.0,9.0,35.2,1018.1,
2023-05-26,15.9,8.3,23.7,,,238.0,6.8,24.1,1021.2,
2023-05-27,17.1,10.7,22.6,,,244.0,6.2,29.6,1019.3,
2023-05-28,16.4,12.5,20.5,,,278.0,6.1,31.5,1016.3,
2023-05-29,16.0,11.6,20.0,,,267.0,7.2,35.2,1015.6,
2023-05-30,16.0,9.9,21.0,,,220.0,6.7,31.5,1016.7,
2023-05-31,15.5,12.9,18.5,,,340.0,8.6,35.2,1017.3,
2023-06-01,15.8,9.3,21.3,,,228.0,7.1,31.5,1017.3,
2023-06-02,16.3,10.9,20.5,,,249.0,6.5,33.3,1014.9,
2023-06-03,15.9,11.5,19.7,,,278.0,6.4,29.6,1015.4,
2023-06-04,15.1,12.5,17.8,,,301.0,6.3,29.6,1016.9,
2023-06-05,16.0,11.9,20.3,,,278.0,6.5,29.6,1015.7,
2023-06-06,16.7,10.3,22.1,,,275.0,7.2,29.6,1015.5,
2023-06-07,16.7,12.1,21.3,,,268.0,6.4,29.6,1016.3,
2023-06-08,16.9,11.4,21.2,,,266.0,6.2,29.6,1014.6,
2023-06-09,16.6,12.1,21.0,,,280.0,6.2,29.6,1012.6,
2023-06-10,16.7,14.2,19.6,,,291.0,6.5,24.1,1012.9,
2023-06-11,17.4,11.8,22.5,,,290.0,7.0,27.8,1013.2,
2023-06-12,17.9,14.2,22.2,,,284.0,6.6,29.6,1013.1,
2023-06-13,16.7,14.1,19.9,,,319.0,6.9,29.6,1010.2,
2023-06-14,16.8,13.6,20.5,,,286.0,6.9,29.6,1011.2,
2023-06-15,16.3,10.8,21.3,,,290.0,9.0,31.5,1016.2,
2023-06-16,16.9,10.5,22.6,,,299.0,9.9,31.5,1017.9,
2023-06-17,18.0,10.4,24.2,,,292.0,8.0,29.6,1016.4,
2023-06-18,18.1,12.8,22.7,,,256.0,6.0,25.9,1015.6,
2023-06-19,18.9,14.8,22.9,,,262.0,7.0,25.9,1016.0,
2023-06-20,19.6,15.7,23.5,,,314.0,8.5,35.2,1015.1,
2023-06-21,20.1,15.8,24.1,,,274.0,8.4,24.1,1017.5,
2023-06-22,19.3,15.8,21.9,,,297.0,10.9,44.5,1017.0,
2023-06-23,18.8,14.9,24.3,,,310.0,12.7,35.2,1021.5,
2023-06-24,19.7,11.6,26.3,,,286.0,8.5,31.5,1020.2,
2023-06-25,20.7,13.3,27.0,,,279.0,7.8,27.8,1017.4,
2023-06-26,20.9,14.5,26.8,,,295.0,8.8,29.6,1018.5,
2023-06-27,20.1,15.5,24.8,,,303.0,10.4,31.5,1017.8,
2023-06-28,20.0,13.9,25.1,,,304.0,8.9,29.6,1015.3,
2023-06-29,19.0,15.8,22.2,,,313.0,5.5,24.1,1015.6,
2023-06-30,16.2,14.6,18.2,,,311.0,6.3,22.2,1015.0,
2023-07-01,16.3,12.6,20.2,,,301.0,9.3,29.6,1013.6,
2023-07-02,17.8,14.0,22.0,,,299.0,9.8,29.6,1014.1,
2023-07-03,17.8,13.1,22.2,,,295.0,9.4,31.5,1015.4,
2023-07-04,18.0,12.7,22.9,,,285.0,7.8,27.8,1015.8,
2023-07-05,16.7,13.7,19.8,,,290.0,9.0,31.5,1016.9,
2023-07-06,17.1,12.6,22.2,,,297.0,8.1,27.8,1017.4,
2023-07-07,18.0,11.2,24.0,,,227.0,7.1,31.5,1019.4,
2023-07-08,20.3,15.4,26.4,,,285.0,6.6,20.4,1020.1,
2023-07-09,21.1,13.4,27.7,,,260.0,6.1,20.4,1021.5,
2023-07-10,22.3,15.6,28.2,,,265.0,6.8,25.9,1021.7,
2023-07-11,22.5,15.5,29.2,,,273.0,7.0,25.9,1018.1,
2023-07-12,20.4,18.2,23.4,,,318.0,7.4,24.1,1016.0,
2023-07-13,18.7,15.8,23.1,,,303.0,10.2,33.3,1017.6,
2023-07-14,19.7,13.4,25.8,,,268.0,7.4,31.5,1016.7,
2023-07-15,20.9,15.0,25.4,,,126.0,7.7,33.3,1014.3,
2023-07-16,21.4,17.9,24.7,,,283.0,8.0,29.6,1016.0,
2023-07-17,21.6,16.3,26.6,,,288.0,7.0,24.1,1018.6,
2023-07-18,21.2,14.8,27.1,,,291.0,8.3,22.2,1018.8,
2023-07-19,21.4,17.6,25.5,,,298.0,10.2,31.5,1016.3,
2023-07-20,20.1,14.0,25.7,,,300.0,9.4,29.6,1013.5,
2023-07-21,18.2,15.5,21.0,,,295.0,9.6,29.6,1012.2,
2023-07-22,17.8,13.2,22.4,,,296.0,8.6,29.6,1016.2,
2023-07-23,18.8,11.6,24.7,,,264.0,5.5,16.7,1016.1,
2023-07-24,17.9,15.7,19.9,,,301.0,7.2,24.1,1011.8,
2023-07-25,16.0,13.7,19.3,,,307.0,12.1,38.9,1009.5,
2023-07-26,14.6,10.9,19.2,,,303.0,12.4,38.9,1015.7,
2023-07-27,16.7,8.9,23.6,,,278.0,6.9,24.1,1015.0,
2023-07-28,18.4,13.6,23.1,,,273.0,6.0,27.8,1013.8,
2023-07-29,18.4,15.0,22.2,,,296.0,6.7,22.2,1014.9,
2023-07-30,18.5,15.2,22.7,,,305.0,9.8,31.5,1016.6,
2023-07-31,18.2,11.9,25.0,,,295.0,8.0,24.1,1015.5,
2023-08-01,17.3,15.1,20.2,,,308.0,10.8,37.0,1011.2,
2023-08-02,19.0,13.8,25.3,,,287.0,7.8,25.9,1007.7,
2023-08-03,17.8,14.8,21.4,,,300.0,11.3,31.5,1009.0,
2023-08-04,14.1,11.7,17.2,,,301.0,8.9,29.6,1013.1,
2023-08-05,14.7,11.1,20.1,,,304.0,11.9,38.9,1014.5,
2023-08-06,13.4,11.7,17.1,,,305.0,17.1,61.1,1015.8,
2023-08-07,13.1,9.6,17.4,,,303.0,14.2,48.2,1020.6,
2023-08-08,14.8,9.0,20.6,,,292.0,7.2,27.8,1018.7,
2023-08-09,16.8,10.3,22.9,,,289.0,9.0,29.6,1018.5,
2023-08-10,18.9,12.0,25.4,,,295.0,8.1,27.8,1019.2,
2023-08-11,20.6,13.7,27.4,,,273.0,6.6,27.8,1021.0,
2023-08-12,20.4,15.8,25.3,,,257.0,5.5,20.4,1021.2,
2023-08-13,20.2,15.4,25.1,,,226.0,6.5,22.2,1019.5,
2023-08-14,20.5,16.5,24.6,,,291.0,6.7,27.8,1018.1,
2023-08-15,20.4,16.4,24.9,,,270.0,6.2,20.4,1018.4,
2023-08-16,20.2,15.3,25.4,,,262.0,5.4,22.2,1018.7,
2023-08-17,19.4,15.9,23.2,,,270.0,5.2,18.5,1018.6,
2023-08-18,20.5,14.1,27.3,,,231.0,5.5,18.5,1017.3,
2023-08-19,21.5,15.1,27.7,,,266.0,5.8,18.5,1018.2,
2023-08-20,22.3,15.7,29.1,,,268.0,5.7,18.5,1021.1,
2023-08-21,22.8,16.6,29.3,,,262.0,5.7,18.5,1022.0,
2023-08-22,23.1,16.7,29.2,,,266.0,5.9,18.5,1020.4,
2023-08-23,23.7,17.1,30.8,,,274.0,7.0,22.2,1018.6,
2023-08-24,22.6,16.6,28.5,,,260.0,5.5,16.7,1017.7,
2023-08-25,21.1,16.8,25.5,,,270.0,6.3,24.1,1015.4,
2023-08-26,17.8,15.9,19.8,,,291.0,7.0,25.9,1014.1,
2023-08-27,14.8,12.9,16.2,,,311.0,6.9,24.1,1011.8,
2023-08-28,10.3,8.2,13.6,,,311.0,8.3,38.9,1010.6,
2023-08-29,10.7,8.7,13.7,,,304.0,10.0,37.0,1010.9,
2023-08-30,12.3,8.3,16.7,,,291.0,7.4,29.6,1011.2,
2023-08-31,13.5,9.6,18.1,,,295.0,6.7,22.2,1015.6,
2023-09-01,15.7,10.5,21.4,,,245.0,5.7,25.9,1018.1,
2023-09-02,17.1,12.6,22.1,,,216.0,5.5,25.9,1020.4,
2023-09-03,18.0,12.4,24.1,,,243.0,5.0,22.2,1024.0,
2023-09-04,19.1,13.3,24.9,,,208.0,4.6,18.5,1022.8,
2023-09-05,19.5,15.6,24.7,,,207.0,5.4,27.8,1020.0,
2023-09-06,19.9,14.6,25.9,,,187.0,5.5,27.8,1019.6,
2023-09-07,19.0,12.6,25.6,,,190.0,4.5,24.1,1019.9,
2023-09-08,19.4,13.9,25.7,,,190.0,4.2,25.9,1019.7,
2023-09-09,19.3,13.7,25.7,,,188.0,3.7,22.2,1019.2,
2023-09-10,19.6,14.3,25.9,,,190.0,3.9,24.1,1019.5,
2023-09-11,19.5,14.2,25.6,,,203.0,3.9,22.2,1017.2,
2023-09-12,18.1,14.6,22.3,,,224.0,3.8,20.4,1016.4,
2023-09-13,16.2,13.6,18.4,,,308.0,5.1,22.2,1018.6,
2023-09-14,16.1,12.8,20.0,,,287.0,4.8,27.8,1019.9,
2023-09-15,16.9,13.7,20.6,,,157.0,5.4,27.8,1018.2,
2023-09-16,16.9,14.2,20.1,,,164.0,5.9,29.6,1017.2,
2023-09-17,17.8,13.6,22.5,,,161.0,5.5,27.8,1017.5,
2023-09-18,16.8,13.6,18.9,,,314.0,6.8,24.1,1015.1,
2023-09-19,15.6,13.0,19.7,,,279.0,5.8,22.2,1017.8,
2023-09-20,15.1,11.1,19.1,,,194.0,5.8,27.8,1015.4,
2023-09-21,16.6,14.1,19.8,,,351.0,7.9,37.0,1007.1,
2023-09-22,14.0,9.5,16.6,,,300.0,7.5,25.9,1007.2,
2023-09-23,10.6,7.7,13.6,,,294.0,9.2,33.3,1017.4,
2023-09-24,10.8,5.6,16.5,,,183.0,5.1,29.6,1023.1,
2023-09-25,12.0,6.3,18.0,,,174.0,3.6,24.1,1023.1,
2023-09-26,12.8,7.2,18.9,,,166.0,3.7,25.9,1023.5,
2023-09-27,14.0,8.7,20.0,,,170.0,3.6,25.9,1022.3,
2023-09-28,14.9,10.9,19.8,,,170.0,2.7,20.4,1021.4,
2023-09-29,14.4,9.9,19.0,,,219.0,4.0,18.5,1024.4,
2023-09-30,15.0,11.9,19.3,,,246.0,5.5,20.4,1026.1,
2023-10-01,14.1,9.2,19.5,,,178.0,3.7,24.1,1026.5,
2023-10-02,14.5,9.6,20.3,,,169.0,3.4,22.2,1026.7,
2023-10-03,15.0,10.7,20.3,,,239.0,4.9,22.2,1025.3,
2023-10-04,14.3,11.6,17.7,,,252.0,5.6,25.9,1027.4,
2023-10-05,13.1,9.2,17.9,,,184.0,3.4,16.7,1026.9,
2023-10-06,12.2,8.0,17.1,,,178.0,3.9,22.2,1027.4,
2023-10-07,11.6,7.2,16.4,,,203.0,4.8,24.1,1028.5,
2023-10-08,12.8,8.0,18.6,,,176.0,3.5,22.2,1029.5,
2023-10-09,12.8,8.1,18.3,,,187.0,3.8,20.4,1028.8,
2023-10-10,12.9,9.0,18.6,,,206.0,4.0,16.7,1025.9,
2023-10-11,12.3,8.3,17.6,,,175.0,3.4,18.5,1024.7,
2023-10-12,11.8,7.3,17.6,,,204.0,4.1,16.7,1024.4,
2023-10-13,12.3,7.8,17.7,,,166.0,4.4,27.8,1022.3,
2023-10-14,12.4,10.1,15.6,,,282.0,6.0,24.1,1019.5,
2023-10-15,9.5,6.7,11.6,,,307.0,10.5,35.2,1020.0,
2023-10-16,8.9,5.1,13.4,,,140.0,5.4,27.8,1017.7,
2023-10-17,10.1,6.8,13.8,,,171.0,3.7,16.7,1015.6,
2023-10-18,12.1,8.6,16.1,,,136.0,8.1,37.0,1009.8,
2023-10-19,13.5,11.3,16.4,,,331.0,10.1,40.8,999.4,
2023-10-20,12.4,10.3,13.8,,,341.0,12.1,53.7,987.0,
2023-10-21,10.2,7.2,12.5,,,308.0,4.7,16.7,1000.4,
2023-10-22,8.7,5.7,12.3,,,190.0,4.8,22.2,1012.6,
2023-10-23,11.1,7.1,15.2,,,96.0,10.4,51.8,1012.3,
2023-10-24,10.8,7.8,12.1,,,292.0,7.1,24.1,1009.2,
2023-10-25,9.0,5.9,12.4,,,182.0,5.0,20.4,1006.7,
2023-10-26,10.1,8.5,11.9,,,313.0,6.5,22.2,1002.7,
2023-10-27,8.9,6.3,10.5,,,303.0,10.0,27.8,1001.4,
2023-10-28,7.7,5.4,10.8,,,167.0,5.5,22.2,1007.6,
2023-10-29,10.1,5.1,14.4,,,90.0,11.9,50.0,1007.7,
2023-10-30,11.1,8.7,13.4,,,37.0,14.0,50.0,1005.4,
2023-10-31,7.2,4.2,8.7,,,297.0,8.8,29.6,1011.4,
2023-11-01,6.9,3.1,10.9,,,68.0,6.3,35.2,1012.7,
2023-11-02,7.2,5.0,9.5,,,23.0,9.3,35.2,997.8,
2023-11-03,4.8,2.7,6.3,,,259.0,8.3,25.9,994.4,
2023-11-04,5.7,3.1,8.5,,,115.0,9.8,48.2,996.4,
2023-11-05,6.2,3.6,8.7,,,335.0,7.5,31.5,995.8,
2023-11-06,4.9,2.7,8.6,,,172.0,6.4,22.2,1013.4,
2023-11-07,3.8,1.2,7.0,,,253.0,5.1,18.5,1020.7,
2023-11-08,2.5,0.4,5.9,,,144.0,3.9,14.8,1023.4,
2023-11-09,3.2,0.1,6.2,,,46.0,5.5,18.5,1017.2,
2023-11-10,4.0,2.0,6.0,,,315.0,5.5,20.4,1010.6,
2023-11-11,3.1,0.8,5.0,,,309.0,9.1,25.9,1013.9,
2023-11-12,4.0,0.7,6.6,,,318.0,6.5,27.8,1013.6,
2023-11-13,7.4,5.1,10.0,,,310.0,11.1,31.5,1019.9,
2023-11-14,8.9,7.8,10.3,,,311.0,11.1,33.3,1018.3,
2023-11-15,6.7,2.9,8.3,,,296.0,12.0,38.9,1023.4,
2023-11-16,4.3,1.5,6.4,,,36.0,5.0,35.2,1020.3,
2023-11-17,4.6,2.7,5.8,,,302.0,16.1,48.2,1023.1,
2023-11-18,4.6,1.6,7.2,,,303.0,7.3,20.4,1027.1,
2023-11-19,6.7,4.5,9.3,,,299.0,9.7,27.8,1023.3,
2023-11-20,6.1,4.3,9.1,,,297.0,8.6,24.1,1019.6,
2023-11-21,4.7,3.0,6.6,,,302.0,9.6,27.8,1015.4,
2023-11-22,3.6,1.0,5.8,,,298.0,7.7,24.1,1021.0,
2023-11-23,2.9,-0.7,6.3,,,263.0,5.3,20.4,1025.0,
2023-11-24,4.7,1.9,7.7,,,303.0,18.6,59.3,1015.8,
2023-11-25,3.1,0.9,4.9,,,307.0,17.6,51.8,1015.7,
2023-11-26,1.0,-0.5,2.5,,,306.0,10.8,33.3,1019.1,
2023-11-27,1.4,-1.4,4.6,,,132.0,2.4,9.3,1011.0,
2023-11-28,2.7,0.8,4.7,,,307.0,13.4,46.3,1003.7,
2023-11-29,-0.3,-2.5,2.1,,,206.0,6.0,27.8,1010.2,
2023-11-30,2.1,-1.1,3.2,,,71.0,3.3,14.8,1003.2,
2023-12-01,4.1,3.2,5.1,,,341.0,3.6,16.7,998.3,
2023-12-02,3.5,0.4,4.8,,,305.0,19.1,61.1,1005.4,
2023-12-03,-2.1,-4.6,0.9,,,184.0,5.7,33.3,1023.3,
2023-12-04,-1.4,-5.1,1.7,,,107.0,8.3,27.8,1019.0,
2023-12-05,-0.2,-1.6,1.2,,,302.0,5.9,24.1,1016.1,
2023-12-06,-1.3,-3.3,0.7,,,300.0,7.2,20.4,1020.2,
2023-12-07,-1.8,-5.0,1.4,,,127.0,3.4,13.0,1020.6,
2023-12-08,1.1,-1.4,2.6,,,336.0,4.5,22.2,1015.9,
2023-12-09,1.5,-0.9,3.5,,,346.0,4.4,18.5,1017.7,
2023-12-10,4.4,3.1,6.6,,,315.0,12.3,42.6,1018.9,
2023-12-11,4.6,3.7,5.2,,,325.0,5.5,22.2,1016.6,
2023-12-12,5.2,4.6,6.1,,,323.0,6.1,18.5,1013.6,
2023-12-13,4.0,2.2,5.0,,,320.0,8.2,29.6,1006.0,
2023-12-14,2.5,1.5,3.7,,,309.0,12.4,33.3,1017.6,
2023-12-15,1.1,-1.5,2.9,,,298.0,9.1,25.9,1034.7,
2023-12-16,-1.3,-3.5,1.5,,,168.0,3.3,13.0,1040.7,
2023-12-17,-0.9,-3.7,2.0,,,139.0,2.0,7.4,1041.9,
2023-12-18,-0.4,-2.9,2.7,,,151.0,2.0,9.3,1040.0,
2023-12-19,-0.3,-2.8,2.5,,,295.0,3.8,14.8,1032.0,
2023-12-20,1.4,-0.7,3.4,,,313.0,12.8,40.8,1023.6,
2023-12-21,3.8,1.6,6.2,,,307.0,16.7,50.0,1019.4,
2023-12-22,6.8,5.3,8.1,,,312.0,27.9,75.9,1015.8,
2023-12-23,6.5,3.6,8.0,,,303.0,22.6,74.1,1021.2,
2023-12-24,3.3,1.4,5.4,,,298.0,11.5,33.3,1024.2,
2023-12-25,2.9,1.3,5.5,,,305.0,7.3,22.2,1022.7,
2023-12-26,1.4,-0.6,4.4,,,311.0,7.3,25.9,1023.8,
2023-12-27,0.1,-2.4,3.5,,,139.0,2.8,11.1,1026.0,
2023-12-28,0.5,-2.4,3.7,,,125.0,2.3,9.3,1026.4,
2023-12-29,2.3,0.8,5.1,,,329.0,3.4,13.0,1023.9,
2023-12-30,1.4,-0.8,3.8,,,117.0,3.5,13.0,1022.3,
2023-12-31,1.3,-1.2,3.8,,,57.0,6.5,22.2,1015.7,
2024-01-01,0.1,-1.9,2.1,,,315.0,7.5,25.9,1019.0,
2024-01-02,0.5,-2.2,3.1,,,332.0,4.2,13.0,1016.9,
2024-01-03,3.0,1.7,5.4,,,316.0,10.3,33.3,1012.5,
2024-01-04,2.8,-0.4,5.2,,,339.0,10.3,33.3,1014.7,
2024-01-05,0.8,-1.2,2.1,,,25.0,3.5,11.1,1008.7,
2024-01-06,1.8,0.6,3.6,,,302.0,10.6,35.2,1007.8,
2024-01-07,1.9,0.8,3.2,,,302.0,12.5,35.2,1010.7,
2024-01-08,0.8,0.2,1.8,,,307.0,4.9,20.4,1015.3,
2024-01-09,1.5,0.0,3.1,,,83.0,5.1,18.5,1021.2,
2024-01-10,1.3,-0.4,3.3,,,95.0,4.7,13.0,1025.6,
2024-01-11,-0.7,-3.3,1.7,,,118.0,2.8,9.3,1026.6,
2024-01-12,-3.2,-5.2,0.0,,,204.0,3.0,11.1,1027.2,
2024-01-13,-4.0,-7.0,-0.1,,,276.0,5.2,20.4,1026.2,
2024-01-14,-2.2,-6.4,2.2,,,315.0,7.4,25.9,1016.9,
2024-01-15,1.7,0.1,4.9,,,305.0,15.7,48.2,1008.8,
2024-01-16,-0.8,-3.2,1.2,,,309.0,5.8,27.8,1011.3,
2024-01-17,2.6,-0.1,6.4,,,122.0,3.7,18.5,1001.0,
2024-01-18,3.9,3.1,5.4,,,310.0,7.0,29.6,999.3,
2024-01-19,1.1,-3.3,4.1,,,312.0,13.9,46.3,1014.4,
2024-01-20,-3.8,-6.0,-1.3,,,105.0,4.5,14.8,1029.8,
2024-01-21,-4.5,-7.4,0.0,,,195.0,2.9,13.0,1035.5,
2024-01-22,-1.3,-6.3,3.2,,,304.0,5.6,29.6,1031.6,
2024-01-23,4.1,2.4,6.6,,,312.0,13.0,37.0,1034.4,
2024-01-24,5.9,3.5,8.7,,,293.0,13.7,42.6,1035.7,
2024-01-25,5.8,3.3,9.5,,,301.0,12.5,33.3,1033.1,
2024-01-26,4.6,1.4,7.6,,,299.0,12.5,33.3,1032.6,
2024-01-27,3.4,-0.1,6.8,,,260.0,5.4,25.9,1035.0,
2024-01-28,0.9,-2.3,5.2,,,130.0,2.4,9.3,1035.7,
2024-01-29,1.6,-1.5,5.9,,,128.0,2.1,7.4,1035.2,
2024-01-30,1.6,-1.6,6.0,,,136.0,2.1,9.3,1036.0,
2024-01-31,1.8,-1.6,6.2,,,297.0,4.8,16.7,1036.5,
2024-02-01,2.6,-0.3,6.7,,,305.0,9.2,33.3,1034.6,
2024-02-02,3.9,0.9,7.9,,,292.0,7.2,24.1,1034.8,
2024-02-03,4.5,1.1,8.8,,,284.0,7.9,25.9,1033.6,
2024-02-04,4.6,1.9,8.7,,,290.0,9.6,27.8,1032.4,
2024-02-05,4.2,1.0,8.8,,,304.0,8.6,25.9,1029.8,
2024-02-06,3.6,0.3,8.2,,,308.0,6.8,25.9,1024.7,
2024-02-07,3.6,1.0,7.4,,,300.0,8.1,27.8,1018.0,
2024-02-08,5.1,2.4,8.4,,,338.0,6.9,20.4,1009.1,
2024-02-09,7.0,5.7,8.8,,,120.0,10.2,33.3,997.1,
2024-02-10,6.7,4.8,8.9,,,90.0,10.4,37.0,989.0,
2024-02-11,5.1,3.1,8.0,,,307.0,11.0,38.9,998.3,
2024-02-12,3.2,1.3,6.4,,,301.0,6.4,22.2,1008.6,
2024-02-13,2.1,0.0,4.8,,,297.0,5.6,18.5,1021.4,
2024-02-14,2.1,-2.4,7.0,,,300.0,4.7,14.8,1026.7,
2024-02-15,4.0,-0.2,9.5,,,140.0,2.3,9.3,1023.3,
2024-02-16,5.4,2.0,9.9,,,153.0,2.5,9.3,1021.8,
2024-02-17,5.9,2.9,10.4,,,295.0,5.5,22.2,1029.3,
2024-02-18,5.5,1.2,10.1,,,269.0,3.4,20.4,1033.3,
2024-02-19,6.6,4.5,10.2,,,303.0,12.3,37.0,1031.6,
2024-02-20,5.4,2.6,9.2,,,298.0,9.5,27.8,1030.5,
2024-02-21,4.7,0.2,9.6,,,156.0,2.4,11.1,1024.9,
2024-02-22,5.6,3.5,8.2,,,108.0,5.3,24.1,1010.3,
2024-02-23,3.8,1.2,6.0,,,330.0,10.7,33.3,1001.5,
2024-02-24,1.9,-1.0,6.3,,,79.0,4.5,20.4,1006.7,
2024-02-25,2.4,-2.8,7.2,,,127.0,7.7,42.6,1009.0,
2024-02-26,4.2,2.1,5.8,,,99.0,10.5,40.8,1002.6,
2024-02-27,2.8,1.5,4.0,,,309.0,3.6,14.8,1009.6,
2024-02-28,5.0,2.9,8.6,,,299.0,3.7,16.7,1017.5,
2024-02-29,5.9,2.6,10.2,,,129.0,5.0,24.1,1016.3,
2024-03-01,4.9,2.9,5.9,,,310.0,5.1,18.5,1009.8,
2024-03-02,5.5,1.7,9.3,,,103.0,8.5,42.6,1006.4,
2024-03-03,5.6,2.6,7.3,,,85.0,17.4,72.2,1001.3,
2024-03-04,4.9,2.4,9.1,,,290.0,5.6,20.4,1009.8,
2024-03-05,3.5,0.7,6.8,,,292.0,9.4,33.3,1016.7,
2024-03-06,2.2,-0.7,5.0,,,301.0,11.4,35.2,1022.1,
2024-03-07,2.5,-2.5,8.4,,,295.0,4.9,20.4,1019.8,
2024-03-08,3.8,-0.5,7.8,,,113.0,14.3,53.7,1012.3,
2024-03-09,6.6,3.1,9.7,,,113.0,24.5,92.6,1004.3,
2024-03-10,5.1,1.5,7.5,,,98.0,13.9,66.7,997.9,
2024-03-11,4.2,0.9,8.5,,,284.0,5.4,22.2,1008.2,
2024-03-12,3.9,0.9,8.4,,,301.0,10.6,31.5,1019.8,
2024-03-13,7.2,3.4,12.2,,,303.0,8.4,25.9,1019.8,
2024-03-14,8.4,2.8,14.9,,,242.0,3.8,20.4,1016.9,
2024-03-15,9.0,5.1,14.0,,,318.0,7.4,27.8,1017.8,
2024-03-16,8.2,5.4,13.0,,,301.0,11.1,33.3,1023.0,
2024-03-17,8.2,3.1,13.2,,,308.0,6.0,25.9,1023.6,
2024-03-18,8.4,5.9,10.9,,,305.0,9.6,33.3,1019.1,
2024-03-19,9.1,3.7,14.8,,,292.0,5.7,24.1,1017.8,
2024-03-20,9.7,4.9,15.5,,,259.0,5.0,24.1,1020.0,
2024-03-21,9.7,6.0,14.1,,,296.0,10.0,38.9,1024.8,
2024-03-22,10.3,4.7,15.9,,,300.0,6.2,22.2,1021.9,
2024-03-23,7.2,2.9,10.9,,,312.0,13.2,48.2,1016.1,
2024-03-24,3.5,0.8,6.3,,,297.0,14.8,46.3,1015.5,
2024-03-25,5.6,-0.6,11.5,,,354.0,11.3,59.3,1007.6,
2024-03-26,8.0,4.2,10.4,,,113.0,26.2,72.2,997.3,
2024-03-27,4.8,1.5,6.4,,,318.0,10.8,40.8,992.7,
2024-03-28,4.3,1.6,7.3,,,186.0,5.9,18.5,998.3,
2024-03-29,9.1,3.0,13.0,,,118.0,20.1,72.2,1003.5,
2024-03-30,9.5,6.2,12.8,,,117.0,23.5,75.9,1001.1,
2024-03-31,8.9,6.1,10.8,,,119.0,18.5,63.0,999.9,
2024-04-01,7.7,4.3,10.2,,,298.0,13.2,50.0,1002.4,
2024-04-02,7.5,3.6,12.6,,,308.0,9.9,31.5,1015.7,
2024-04-03,7.8,3.6,12.8,,,241.0,5.9,25.9,1016.2,
2024-04-04,12.5,7.4,19.5,,,247.0,8.1,33.3,1018.4,
2024-04-05,13.7,7.5,20.8,,,73.0,4.8,22.2,1020.3,
2024-04-06,15.6,8.0,24.4,,,109.0,5.7,24.1,1021.3,
2024-04-07,17.2,10.0,25.8,,,78.0,6.1,27.8,1020.2,
2024-04-08,18.0,11.2,25.0,,,82.0,9.3,42.6,1015.5,
2024-04-09,12.2,5.7,17.7,,,239.0,11.4,38.9,1016.0,
2024-04-10,8.4,5.6,12.2,,,254.0,19.0,53.7,1025.0,
2024-04-11,13.1,6.2,21.4,,,239.0,8.6,35.2,1029.0,
2024-04-12,15.9,8.3,24.9,,,199.0,6.8,31.5,1030.7,
2024-04-13,18.1,9.8,27.5,,,170.0,6.7,29.6,1028.3,
2024-04-14,19.3,11.9,27.8,,,222.0,8.1,31.5,1024.2,
2024-04-15,17.0,13.4,21.6,,,242.0,14.8,46.3,1015.9,
2024-04-16,12.2,6.8,15.2,,,252.0,26.4,74.1,1011.4,
2024-04-17,8.1,4.6,12.5,,,252.0,19.8,57.4,1012.2,
2024-04-18,6.0,2.9,9.6,,,252.0,16.9,42.6,1014.3,
2024-04-19,6.8,0.6,12.9,,,255.0,12.9,42.6,1020.0,
2024-04-20,8.8,5.2,13.5,,,253.0,21.7,53.7,1015.8,
2024-04-21,6.1,2.1,10.4,,,252.0,16.4,46.3,1018.5,
2024-04-22,3.5,0.9,6.5,,,253.0,14.1,35.2,1017.0,
2024-04-23,5.6,2.3,10.1,,,253.0,14.8,42.6,1012.9,
2024-04-24,6.6,2.4,11.7,,,254.0,18.8,53.7,1011.9,
2024-04-25,8.2,2.7,14.4,,,253.0,14.0,42.6,1009.3,
2024-04-26,9.1,5.3,12.8,,,99.0,6.2,35.2,1009.4,
2024-04-27,10.9,6.7,15.2,,,92.0,9.2,46.3,1012.8,
2024-04-28,11.4,9.1,13.8,,,74.0,9.3,37.0,1016.8,
2024-04-29,14.4,9.0,20.6,,,173.0,8.2,38.9,1020.2,
2024-04-30,16.5,11.0,22.7,,,89.0,10.4,46.3,1017.3,
2024-05-01,13.9,10.4,16.8,,,122.0,9.9,44.5,1011.0,
2024-05-02,10.9,7.4,12.7,,,248.0,8.3,27.8,1006.4,
2024-05-03,11.4,7.7,16.6,,,252.0,16.7,42.6,1013.3,
2024-05-04,13.0,6.8,19.3,,,257.0,8.9,38.9,1015.7,
2024-05-05,15.3,10.9,20.8,,,236.0,7.6,31.5,1014.3,
2024-05-06,13.2,9.5,15.2,,,240.0,6.9,24.1,1011.9,
2024-05-07,10.8,8.0,12.7,,,254.0,9.9,27.8,1014.5,
2024-05-08,13.2,8.5,19.3,,,241.0,11.7,42.6,1018.2,
2024-05-09,15.5,8.7,23.0,,,222.0,7.4,31.5,1020.4,
2024-05-10,17.3,9.7,25.5,,,201.0,7.5,35.2,1018.8,
2024-05-11,18.3,11.1,25.8,,,212.0,7.5,33.3,1018.0,
2024-05-12,18.2,12.5,25.0,,,198.0,7.6,37.0,1016.8,
2024-05-13,16.8,13.6,20.4,,,228.0,6.8,31.5,1014.9,
2024-05-14,15.9,11.7,20.6,,,90.0,7.1,38.9,1009.8,
2024-05-15,13.9,11.0,16.8,,,252.0,9.6,29.6,1007.5,
2024-05-16,12.5,9.2,15.3,,,244.0,9.0,31.5,1007.7,
2024-05-17,13.9,8.1,20.4,,,254.0,11.6,38.9,1009.6,
2024-05-18,14.4,9.2,19.9,,,214.0,7.1,33.3,1012.4,
2024-05-19,15.8,9.6,22.6,,,221.0,8.0,37.0,1011.8,
2024-05-20,16.6,10.9,22.5,,,226.0,6.9,33.3,1010.0,
2024-05-21,16.3,13.1,21.3,,,248.0,14.6,44.5,1007.7,
2024-05-22,15.7,11.2,20.8,,,253.0,15.2,46.3,1011.7,
2024-05-23,13.7,10.5,17.4,,,253.0,12.3,38.9,1016.1,
2024-05-24,13.4,8.6,18.7,,,232.0,8.3,38.9,1018.0,
2024-05-25,15.1,9.6,21.7,,,249.0,9.8,40.8,1017.6,
2024-05-26,17.2,9.7,24.7,,,212.0,9.8,38.9,1017.2,
2024-05-27,16.5,12.7,19.5,,,241.0,7.6,29.6,1018.8,
2024-05-28,17.2,11.4,23.8,,,252.0,17.3,48.2,1017.3,
2024-05-29,16.6,11.2,21.8,,,243.0,11.6,38.9,1015.6,
2024-05-30,15.9,11.8,20.1,,,251.0,16.4,38.9,1009.0,
2024-05-31,12.7,9.7,15.7,,,252.0,19.0,51.8,1010.0,
2024-06-01,15.5,9.5,21.8,,,253.0,15.6,46.3,1013.5,
2024-06-02,15.8,10.7,21.2,,,244.0,10.3,38.9,1015.9,
2024-06-03,17.2,12.4,22.2,,,251.0,16.2,50.0,1014.6,
2024-06-04,18.0,13.3,23.2,,,237.0,10.7,42.6,1013.8,
2024-06-05,19.2,11.7,26.2,,,237.0,9.9,40.8,1014.3,
2024-06-06,20.0,13.0,26.4,,,227.0,11.4,40.8,1016.7,
2024-06-07,21.0,14.8,26.6,,,245.0,14.1,46.3,1017.7,
2024-06-08,20.6,14.8,25.7,,,244.0,9.8,37.0,1014.8,
2024-06-09,19.4,15.5,23.3,,,228.0,7.3,33.3,1008.7,
2024-06-10,19.0,14.4,24.7,,,251.0,19.4,61.1,1006.2,
2024-06-11,17.9,12.7,23.2,,,251.0,20.2,64.8,1009.4,
2024-06-12,16.1,11.1,21.6,,,251.0,18.8,59.3,1012.4,
2024-06-13,17.2,10.1,24.3,,,251.0,17.4,51.8,1014.6,
2024-06-14,16.6,12.4,20.6,,,223.0,7.6,35.2,1015.8,
2024-06-15,16.3,14.1,20.0,,,256.0,13.4,38.9,1012.3,
2024-06-16,18.4,11.3,25.1,,,238.0,11.7,44.5,1010.7,
2024-06-17,20.7,13.0,26.6,,,233.0,7.9,40.8,1013.7,
2024-06-18,21.8,13.9,28.8,,,151.0,7.2,37.0,1015.7,
2024-06-19,22.8,15.6,29.0,,,187.0,8.0,38.9,1014.9,
2024-06-20,20.6,18.3,23.0,,,245.0,7.6,33.3,1019.3,
2024-06-21,18.5,14.8,20.6,,,263.0,10.0,37.0,1017.8,
2024-06-22,16.9,12.6,21.4,,,252.0,16.9,59.3,1015.4,
2024-06-23,15.5,11.4,18.9,,,253.0,11.6,40.8,1014.9,
2024-06-24,19.0,12.3,25.2,,,241.0,7.6,35.2,1014.7,
2024-06-25,20.2,15.3,24.8,,,241.0,7.6,35.2,1013.0,
2024-06-26,20.1,14.4,25.5,,,241.0,9.9,40.8,1012.0,
2024-06-27,22.9,15.7,30.4,,,245.0,16.4,50.0,1011.4,
2024-06-28,24.3,16.6,30.9,,,246.0,15.1,48.2,1015.0,
2024-06-29,22.6,17.8,28.2,,,95.0,10.8,48.2,1015.6,
2024-06-30,20.9,16.7,26.0,,,251.0,15.3,50.0,1011.9,
2024-07-01,20.5,17.1,25.1,,,250.0,19.2,59.3,1012.8,
2024-07-02,19.8,13.9,25.4,,,251.0,21.1,68.5,1012.4,
2024-07-03,17.7,14.0,21.2,,,250.0,16.9,53.7,1010.3,
2024-07-04,19.3,10.8,26.7,,,249.0,18.8,53.7,1010.9,
2024-07-05,21.5,13.8,28.2,,,233.0,9.1,42.6,1012.8,
2024-07-06,19.9,16.2,24.0,,,154.0,6.3,31.5,1011.8,
2024-07-07,19.2,15.4,23.7,,,249.0,12.1,46.3,1011.2,
2024-07-08,21.8,14.9,27.8,,,231.0,11.0,46.3,1013.8,
2024-07-09,23.2,15.6,29.5,,,199.0,7.7,38.9,1016.3,
2024-07-10,23.7,18.5,29.3,,,247.0,12.5,48.2,1016.8,
2024-07-11,24.7,18.4,30.9,,,249.0,14.9,50.0,1015.4,
2024-07-12,20.7,16.3,23.0,,,250.0,12.0,42.6,1013.3,
2024-07-13,19.8,13.8,25.7,,,248.0,14.8,50.0,1011.2,
2024-07-14,21.0,13.1,27.0,,,223.0,12.0,44.5,1012.2,
2024-07-15,22.7,15.7,29.1,,,227.0,7.9,38.9,1013.1,
2024-07-16,23.2,17.7,29.7,,,250.0,17.2,53.7,1013.8,
2024-07-17,22.9,16.4,29.6,,,242.0,15.9,53.7,1015.7,
2024-07-18,24.4,16.4,31.3,,,217.0,11.3,46.3,1017.5,
2024-07-19,24.1,17.4,29.9,,,237.0,13.6,46.3,1017.7,
2024-07-20,24.8,16.5,32.3,,,245.0,14.7,48.2,1011.5,
2024-07-21,21.8,18.4,25.1,,,243.0,8.9,38.9,1009.9,
2024-07-22,22.8,17.5,28.9,,,251.0,17.0,57.4,1013.6,
2024-07-23,23.9,17.1,30.3,,,249.0,18.5,57.4,1016.5,
2024-07-24,23.8,17.1,30.2,,,250.0,20.1,61.1,1015.3,
2024-07-25,23.4,15.5,30.2,,,224.0,12.3,48.2,1012.0,
2024-07-26,24.3,16.7,31.0,,,214.0,10.0,46.3,1011.3,
2024-07-27,25.0,19.2,31.1,,,226.0,9.3,40.8,1014.2,
2024-07-28,25.9,19.5,32.9,,,246.0,17.0,57.4,1017.3,
2024-07-29,26.2,17.8,33.7,,,244.0,14.8,48.2,1018.0,
2024-07-30,26.2,18.2,33.4,,,217.0,11.9,44.5,1016.6,
2024-07-31,26.0,20.1,32.3,,,222.0,12.3,46.3,1015.2,
2024-08-01,24.9,18.7,30.9,,,239.0,16.2,53.7,1012.6,
2024-08-02,24.1,19.5,29.5,,,245.0,16.7,55.5,1010.3,
2024-08-03,24.2,17.2,31.2,,,249.0,19.0,55.5,1009.5,
2024-08-04,23.7,16.8,30.3,,,247.0,16.4,51.8,1011.5,
2024-08-05,24.1,16.4,31.1,,,224.0,12.3,48.2,1011.2,
2024-08-06,24.6,17.2,31.9,,,215.0,12.1,48.2,1010.9,
2024-08-07,23.5,18.2,29.2,,,242.0,13.7,46.3,1012.3,
2024-08-08,23.5,16.3,30.3,,,242.0,16.4,53.7,1013.7,
2024-08-09,24.8,17.6,32.4,,,230.0,15.3,51.8,1015.4,
2024-08-10,25.8,17.2,33.7,,,216.0,12.7,50.0,1017.9,
2024-08-11,26.0,19.2,31.8,,,199.0,7.5,38.9,1018.4,
2024-08-12,25.8,19.1,32.6,,,220.0,10.7,48.2,1015.3,
2024-08-13,24.9,18.0,32.1,,,208.0,9.6,42.6,1012.4,
2024-08-14,22.6,18.0,27.5,,,241.0,9.4,40.8,1013.4,
2024-08-15,22.6,16.3,29.1,,,229.0,9.7,42.6,1016.6,
2024-08-16,22.8,16.0,29.7,,,225.0,10.8,46.3,1017.3,
2024-08-17,21.4,17.6,26.9,,,247.0,11.5,44.5,1014.9,
2024-08-18,18.1,14.8,21.1,,,251.0,15.0,51.8,1010.9,
2024-08-19,20.1,14.8,26.1,,,250.0,16.7,51.8,1011.0,
2024-08-20,21.8,14.8,29.4,,,212.0,10.9,50.0,1011.0,
2024-08-21,22.2,16.2,28.6,,,249.0,18.8,61.1,1013.4,
2024-08-22,22.0,14.7,29.0,,,212.0,9.9,44.5,1013.5,
2024-08-23,22.9,15.2,30.6,,,181.0,10.0,46.3,1013.9,
2024-08-24,23.2,16.4,30.3,,,197.0,7.6,38.9,1016.0,
2024-08-25,22.0,18.1,26.1,,,247.0,15.5,55.5,1016.7,
2024-08-26,21.0,16.0,27.1,,,241.0,12.9,51.8,1016.0,
2024-08-27,21.6,15.0,28.7,,,214.0,7.7,37.0,1017.1,
2024-08-28,22.3,15.9,29.1,,,159.0,7.2,35.2,1017.8,
2024-08-29,22.6,16.8,29.4,,,181.0,9.4,44.5,1016.7,
2024-08-30,22.1,16.5,28.3,,,192.0,9.3,37.0,1017.8,
2024-08-31,22.0,16.1,29.2,,,230.0,9.7,42.6,1018.1,
2024-09-01,21.5,16.5,27.1,,,169.0,7.9,37.0,1018.2,
2024-09-02,20.5,15.1,26.5,,,169.0,8.3,31.5,1019.0,
2024-09-03,21.0,14.5,26.4,,,174.0,8.7,37.0,1019.3,
2024-09-04,19.3,16.2,22.9,,,242.0,6.7,31.5,1016.0,
2024-09-05,16.3,13.3,17.8,,,246.0,7.2,29.6,1010.5,
2024-09-06,17.8,12.6,23.8,,,204.0,6.7,35.2,1011.9,
2024-09-07,19.5,13.7,26.2,,,132.0,6.6,31.5,1014.1,
2024-09-08,17.4,13.7,19.9,,,226.0,6.2,22.2,1013.6,
2024-09-09,16.0,13.2,19.7,,,251.0,17.0,55.5,1010.0,
2024-09-10,16.8,12.2,22.5,,,249.0,17.0,51.8,1012.9,
2024-09-11,14.9,10.7,19.2,,,248.0,13.1,42.6,1012.1,
2024-09-12,12.4,7.4,15.8,,,250.0,21.8,63.0,1010.3,
2024-09-13,9.6,6.3,14.6,,,249.0,19.7,63.0,1017.8,
2024-09-14,11.1,6.7,16.5,,,250.0,19.8,57.4,1023.1,
2024-09-15,13.4,7.3,19.9,,,245.0,14.4,50.0,1017.8,
2024-09-16,12.9,8.0,17.5,,,247.0,16.0,51.8,1016.5,
2024-09-17,14.1,9.8,19.4,,,236.0,8.4,38.9,1015.7,
2024-09-18,13.2,9.3,18.2,,,202.0,6.1,27.8,1019.5,
2024-09-19,14.7,10.2,20.6,,,199.0,6.7,33.3,1018.9,
2024-09-20,14.7,9.2,20.8,,,144.0,5.8,31.5,1020.5,
2024-09-21,15.5,10.9,21.1,,,135.0,5.7,27.8,1021.9,
2024-09-22,15.1,10.5,19.8,,,160.0,5.5,25.9,1019.3,
2024-09-23,13.5,10.0,14.9,,,239.0,6.2,22.2,1014.3,
2024-09-24,12.3,9.0,16.5,,,243.0,9.4,35.2,1012.4,
2024-09-25,13.4,8.3,18.6,,,156.0,4.9,20.4,1013.3,
2024-09-26,15.1,13.0,18.0,,,115.0,6.1,18.5,1008.2,
2024-09-27,13.6,10.2,17.1,,,247.0,13.2,42.6,1008.5,
2024-09-28,11.2,8.0,15.1,,,249.0,17.2,48.2,1017.2,
2024-09-29,10.7,5.7,16.7,,,179.0,5.6,27.8,1025.1,
2024-09-30,13.3,9.8,18.8,,,145.0,6.6,29.6,1021.0,
2024-10-01,12.5,10.0,15.0,,,156.0,4.8,16.7,1016.8,
2024-10-02,13.7,10.5,17.2,,,239.0,12.6,46.3,1008.1,
2024-10-03,10.6,8.2,12.7,,,234.0,9.0,35.2,1007.9,
2024-10-04,9.6,6.8,12.4,,,254.0,12.9,42.6,1011.4,
2024-10-05,9.1,4.7,15.3,,,164.0,5.7,31.5,1014.7,
2024-10-06,9.3,5.5,14.5,,,105.0,4.4,13.0,1013.1,
2024-10-07,12.9,8.2,18.4,,,131.0,5.1,13.0,1011.5,
2024-10-08,13.5,9.9,14.8,,,221.0,7.2,25.9,1008.2,
2024-10-09,13.1,7.5,19.8,,,130.0,5.3,18.5,1004.1,
2024-10-10,13.9,9.8,16.5,,,249.0,15.3,44.5,1002.3,
2024-10-11,10.8,7.6,16.3,,,247.0,10.6,42.6,1014.5,
2024-10-12,10.3,5.2,15.7,,,127.0,4.5,13.0,1018.4,
2024-10-13,13.1,9.7,17.4,,,201.0,9.0,38.9,1019.5,
2024-10-14,11.7,8.0,16.1,,,188.0,5.1,16.7,1021.8,
2024-10-15,14.1,10.1,19.7,,,133.0,4.2,14.8,1019.8,
2024-10-16,15.1,12.8,18.3,,,116.0,5.1,20.4,1017.9,
2024-10-17,15.6,13.2,18.9,,,127.0,5.4,22.2,1017.4,
2024-10-18,14.1,10.8,16.2,,,253.0,6.2,25.9,1015.4,
2024-10-19,12.0,9.2,15.7,,,176.0,4.4,16.7,1019.4,
2024-10-20,13.2,10.3,17.1,,,120.0,4.0,14.8,1024.3,
2024-10-21,14.3,10.0,20.4,,,117.0,4.8,24.1,1029.5,
2024-10-22,13.6,10.2,18.7,,,156.0,4.4,25.9,1030.0,
2024-10-23,13.3,10.5,17.8,,,162.0,5.5,29.6,1030.5,
2024-10-24,12.7,9.8,17.0,,,187.0,4.8,25.9,1027.8,
2024-10-25,13.5,10.6,17.8,,,126.0,4.9,22.2,1023.6,
2024-10-26,13.1,10.5,16.7,,,110.0,5.6,22.2,1020.9,
2024-10-27,13.4,9.9,16.6,,,230.0,5.0,18.5,1022.6,
2024-10-28,11.8,7.8,18.1,,,117.0,3.9,18.5,1028.4,
2024-10-29,11.2,7.1,18.2,,,120.0,4.7,20.4,1028.4,
2024-10-30,9.6,6.9,13.5,,,132.0,2.6,9.3,1027.7,
2024-10-31,7.8,4.3,12.0,,,147.0,1.8,7.4,1028.2,
2024-11-01,7.1,3.8,12.6,,,172.0,2.2,9.3,1027.6,
2024-11-02,6.5,3.6,11.9,,,158.0,3.2,13.0,1026.7,
2024-11-03,6.5,2.2,12.0,,,177.0,2.9,9.3,1029.0,
2024-11-04,6.9,3.2,12.4,,,156.0,2.9,11.1,1028.2,
2024-11-05,6.4,3.0,11.1,,,175.0,1.9,7.4,1027.6,
2024-11-06,7.1,4.6,11.7,,,175.0,2.1,9.3,1029.3,
2024-11-07,6.4,3.4,11.0,,,159.0,3.1,11.1,1030.6,
2024-11-08,5.8,2.4,10.6,,,146.0,3.0,13.0,1028.0,
2024-11-09,5.9,2.5,10.1,,,180.0,2.4,11.1,1027.3,
2024-11-10,5.3,2.6,9.8,,,199.0,2.9,9.3,1026.1,
2024-11-11,4.8,1.7,8.7,,,236.0,4.5,16.7,1026.6,
2024-11-12,4.9,2.2,6.9,,,351.0,5.8,27.8,1024.1,
2024-11-13,2.5,-0.4,5.9,,,228.0,3.4,13.0,1027.4,
2024-11-14,2.5,0.2,6.3,,,149.0,4.0,14.8,1025.1,
2024-11-15,1.7,-1.7,6.5,,,175.0,2.4,9.3,1025.8,
2024-11-16,1.8,-1.6,6.9,,,183.0,2.5,9.3,1024.3,
2024-11-17,2.2,-1.2,6.3,,,284.0,6.6,20.4,1019.3,
2024-11-18,3.9,2.6,5.9,,,302.0,7.2,22.2,1018.0,
2024-11-19,4.3,2.1,6.4,,,298.0,5.3,20.4,1012.9,
2024-11-20,3.8,1.8,5.5,,,310.0,12.1,40.8,1007.2,
2024-11-21,0.5,-1.1,1.7,,,306.0,7.4,25.9,1005.8,
2024-11-22,0.8,-0.9,1.8,,,304.0,11.8,40.8,1009.2,
2024-11-23,-0.4,-2.4,2.8,,,177.0,3.6,24.1,1027.1,
2024-11-24,0.8,-2.8,4.6,,,120.0,4.6,18.5,1028.8,
2024-11-25,4.0,0.4,7.6,,,86.0,7.2,20.4,1023.6,
2024-11-26,5.1,2.3,7.8,,,290.0,3.3,14.8,1023.6,
2024-11-27,2.6,0.3,6.2,,,196.0,2.0,9.3,1025.9,
2024-11-28,3.3,-0.1,6.8,,,303.0,8.5,31.5,1027.0,
2024-11-29,2.5,-1.4,5.9,,,223.0,3.3,16.7,1028.6,
2024-11-30,-0.6,-3.6,3.9,,,163.0,2.2,11.1,1030.2,
2024-12-01,-1.0,-3.9,3.0,,,202.0,2.1,11.1,1028.9,
2024-12-02,1.8,-1.6,4.8,,,295.0,4.0,14.8,1023.7,
2024-12-03,3.6,1.4,5.7,,,315.0,7.7,20.4,1020.5,
2024-12-04,-0.2,-2.1,2.3,,,265.0,5.0,18.5,1025.7,
2024-12-05,-0.5,-3.2,2.3,,,253.0,4.1,18.5,1027.5,
2024-12-06,3.1,1.0,4.7,,,299.0,8.6,40.8,1021.4,
2024-12-07,1.8,0.0,3.9,,,306.0,4.8,24.1,1015.1,
2024-12-08,1.2,0.0,2.2,,,313.0,10.3,35.2,1007.0,
2024-12-09,0.0,-1.6,1.2,,,203.0,3.3,11.1,1013.2,
2024-12-10,-0.2,-1.0,1.1,,,115.0,3.7,13.0,1020.4,
2024-12-11,-1.8,-3.1,0.5,,,134.0,3.1,13.0,1027.9,
2024-12-12,-2.3,-4.1,-0.5,,,124.0,4.8,16.7,1028.9,
2024-12-13,-0.4,-2.0,1.7,,,127.0,4.8,22.2,1025.8,
2024-12-14,0.3,-1.2,1.8,,,304.0,5.2,22.2,1026.6,
2024-12-15,1.1,-0.6,2.9,,,293.0,7.4,25.9,1032.9,
2024-12-16,0.2,-1.9,2.5,,,196.0,2.5,11.1,1039.8,
2024-12-17,1.1,-1.7,4.7,,,256.0,3.6,16.7,1034.9,
2024-12-18,1.9,-1.2,5.2,,,277.0,2.8,13.0,1029.0,
2024-12-19,2.4,1.1,3.8,,,332.0,4.2,31.5,1016.6,
2024-12-20,2.5,-0.5,4.3,,,308.0,15.7,53.7,1022.8,
2024-12-21,-0.8,-2.8,1.7,,,301.0,7.0,22.2,1028.2,
2024-12-22,1.4,0.1,2.0,,,315.0,7.9,31.5,1016.3,
2024-12-23,0.9,-0.5,1.8,,,312.0,14.6,46.3,1017.0,
2024-12-24,1.5,-0.8,3.4,,,310.0,12.8,48.2,1026.7,
2024-12-25,-0.9,-3.1,1.8,,,180.0,2.7,16.7,1032.1,
2024-12-26,-2.2,-4.7,1.5,,,139.0,1.2,5.5,1034.8,
2024-12-27,-2.4,-5.3,1.1,,,143.0,1.3,7.4,1036.1,
2024-12-28,-2.6,-5.9,0.9,,,151.0,1.6,7.4,1034.2,
2024-12-29,-2.1,-4.6,0.8,,,167.0,2.0,11.1,1033.0,
2024-12-30,-2.3,-5.2,1.1,,,173.0,2.0,9.3,1033.9,
2024-12-31,-3.1,-5.9,0.5,,,152.0,2.0,9.3,1035.3,
2025-01-01,-2.8,-5.8,0.5,,,240.0,2.8,11.1,1033.5,
2025-01-02,-0.8,-4.7,3.4,,,263.0,4.1,22.2,1024.6,
2025-01-03,0.8,-2.9,2.4,,,308.0,10.3,35.2,1021.7,
2025-01-04,-3.1,-7.1,-0.3,,,174.0,1.6,9.3,1021.8,
2025-01-05,2.8,-0.2,5.5,,,189.0,2.8,18.5,1012.5,
2025-01-06,4.9,2.9,7.6,,,91.0,9.6,40.8,1005.5,
2025-01-07,3.6,1.0,6.7,,,316.0,7.9,27.8,1011.9,
2025-01-08,2.4,0.7,4.3,,,262.0,2.8,13.0,1012.3,
2025-01-09,3.7,2.5,5.2,,,324.0,4.1,25.9,1011.1,
2025-01-10,2.7,0.8,4.2,,,309.0,8.9,38.9,1018.5,
2025-01-11,2.0,-0.2,3.6,,,306.0,9.2,25.9,1020.6,
2025-01-12,-2.5,-4.7,-0.6,,,283.0,5.5,16.7,1030.5,
2025-01-13,-5.4,-7.9,-1.9,,,153.0,2.4,9.3,1034.9,
2025-01-14,-5.1,-8.3,-1.3,,,137.0,1.5,7.4,1034.4,
2025-01-15,-3.3,-6.8,1.1,,,198.0,4.8,18.5,1029.4,
2025-01-16,-1.8,-3.8,0.9,,,148.0,3.6,13.0,1032.3,
2025-01-17,-2.4,-5.1,0.7,,,142.0,3.1,9.3,1036.3,
2025-01-18,-2.2,-5.8,1.9,,,140.0,4.8,14.8,1031.4,
2025-01-19,1.1,-1.2,3.6,,,138.0,4.0,11.1,1025.0,
2025-01-20,2.4,0.9,4.3,,,155.0,3.0,11.1,1022.5,
2025-01-21,1.0,-0.8,2.5,,,204.0,2.4,9.3,1020.1,
2025-01-22,1.3,-1.5,4.2,,,62.0,4.7,14.8,1015.0,
2025-01-23,2.8,0.1,4.1,,,309.0,5.0,18.5,1014.2,
2025-01-24,0.7,-3.1,5.0,,,261.0,2.8,11.1,1019.1,
2025-01-25,3.9,0.4,8.1,,,102.0,6.5,24.1,1015.6,
2025-01-26,4.2,3.0,6.4,,,307.0,6.2,22.2,1015.2,
2025-01-27,5.2,3.6,7.3,,,15.0,7.3,24.1,1007.7,
2025-01-28,4.8,3.6,7.2,,,312.0,7.9,29.6,1004.1,
2025-01-29,3.0,0.6,6.2,,,283.0,5.8,20.4,1014.4,
2025-01-30,2.8,0.7,5.7,,,169.0,5.2,20.4,1018.2,
2025-01-31,1.4,-0.9,3.4,,,296.0,4.0,16.7,1027.0,
2025-02-01,2.5,0.7,4.8,,,175.0,3.7,14.8,1026.1,
2025-02-02,2.1,-0.5,5.0,,,172.0,2.5,9.3,1024.0,
2025-02-03,-0.6,-4.4,3.5,,,193.0,2.7,9.3,1026.8,
2025-02-04,-1.1,-4.9,3.6,,,167.0,2.8,11.1,1029.1,
2025-02-05,-1.2,-4.8,3.7,,,194.0,3.3,13.0,1035.2,
2025-02-06,-1.2,-4.9,3.1,,,174.0,3.1,13.0,1033.4,
2025-02-07,0.8,-3.2,5.3,,,118.0,7.6,33.3,1026.0,
2025-02-08,3.8,1.8,6.9,,,115.0,9.5,31.5,1024.0,
2025-02-09,3.2,1.3,6.2,,,219.0,3.8,18.5,1027.1,
2025-02-10,3.1,0.4,6.5,,,229.0,2.7,11.1,1025.2,
2025-02-11,4.5,2.7,6.9,,,206.0,2.9,11.1,1022.9,
2025-02-12,4.5,2.8,7.6,,,159.0,2.4,11.1,1020.6,
2025-02-13,3.2,1.6,5.1,,,272.0,2.9,18.5,1019.8,
2025-02-14,2.6,-0.7,5.4,,,311.0,11.9,40.8,1018.6,
2025-02-15,-1.3,-5.4,3.1,,,203.0,2.7,13.0,1020.2,
2025-02-16,-0.3,-4.6,4.6,,,290.0,5.5,22.2,1015.8,
2025-02-17,0.5,-3.2,5.2,,,295.0,4.9,14.8,1017.9,
2025-02-18,0.6,-3.3,5.0,,,270.0,4.0,14.8,1020.2,
2025-02-19,2.3,-0.3,5.3,,,151.0,3.2,11.1,1023.2,
2025-02-20,3.4,0.4,7.7,,,268.0,2.9,13.0,1027.9,
2025-02-21,4.1,-0.1,8.8,,,164.0,4.1,20.4,1026.9,
2025-02-22,5.4,2.5,8.6,,,148.0,5.7,20.4,1024.5,
2025-02-23,5.0,2.7,8.0,,,289.0,3.0,16.7,1030.5,
2025-02-24,4.5,1.1,8.8,,,154.0,2.1,7.4,1028.3,
2025-02-25,3.6,1.9,5.4,,,1.0,3.8,14.8,1020.5,
2025-02-26,3.2,1.0,5.6,,,302.0,10.8,31.5,1022.0,
2025-02-27,2.1,-1.4,5.5,,,300.0,7.6,25.9,1022.0,
2025-02-28,1.6,-1.9,5.1,,,291.0,4.2,20.4,1022.6,
2025-03-01,1.0,-1.8,3.5,,,260.0,5.1,24.1,1024.6,
2025-03-02,2.3,-1.1,6.1,,,170.0,4.9,20.4,1028.5,
2025-03-03,2.9,-2.3,8.1,,,186.0,4.3,18.5,1028.7,
2025-03-04,3.5,-2.1,9.1,,,208.0,4.1,18.5,1026.7,
2025-03-05,4.3,-1.3,9.6,,,166.0,5.1,25.9,1027.6,
2025-03-06,4.4,-0.9,9.1,,,137.0,7.6,33.3,1025.8,
2025-03-07,4.5,-0.5,9.3,,,134.0,5.9,25.9,1022.1,
2025-03-08,5.1,-0.2,10.2,,,147.0,6.5,27.8,1016.0,
2025-03-09,6.2,1.3,9.9,,,108.0,14.4,64.8,1008.4,
2025-03-10,6.4,4.6,8.4,,,320.0,5.9,22.2,1005.1,
2025-03-11,6.6,4.3,9.2,,,268.0,5.7,25.9,1005.1,
2025-03-12,5.1,4.3,6.0,,,305.0,4.6,22.2,1000.1,
2025-03-13,4.1,2.2,6.0,,,327.0,7.6,31.5,997.9,
2025-03-14,2.8,0.8,4.5,,,308.0,6.0,22.2,1002.6,
2025-03-15,3.5,2.2,5.4,,,309.0,7.6,29.6,1007.8,
2025-03-16,3.3,1.4,5.2,,,290.0,6.5,27.8,1015.4,
2025-03-17,3.8,-1.0,9.4,,,163.0,6.6,29.6,1019.7,
2025-03-18,5.1,-0.1,10.8,,,142.0,9.9,42.6,1019.8,
2025-03-19,6.7,1.7,11.5,,,118.0,16.4,53.7,1020.8,
2025-03-20,7.1,3.2,11.6,,,140.0,12.9,48.2,1021.0,
2025-03-21,8.0,2.2,13.6,,,152.0,10.3,57.4,1018.7,
2025-03-22,8.9,6.6,11.7,,,111.0,14.2,51.8,1009.3,
2025-03-23,7.4,5.0,10.4,,,297.0,6.3,27.8,1007.4,
2025-03-24,6.7,4.1,9.5,,,308.0,4.1,24.1,1013.6,
2025-03-25,6.1,1.1,10.1,,,214.0,5.5,24.1,1018.4,
2025-03-26,6.9,3.1,10.7,,,310.0,7.3,27.8,1018.4,
2025-03-27,7.8,3.1,12.9,,,294.0,5.2,24.1,1014.4,
2025-03-28,7.4,2.8,12.5,,,281.0,9.9,37.0,1010.8,
2025-03-29,6.0,4.5,7.8,,,304.0,11.6,33.3,1012.1,
2025-03-30,7.2,3.7,10.9,,,309.0,13.4,37.0,1018.2,
2025-03-31,7.7,4.8,11.0,,,308.0,16.1,40.8,1018.4,
2025-04-01,6.3,2.2,9.7,,,30.0,8.8,46.3,1015.4,
2025-04-02,6.6,4.0,10.4,,,94.0,10.9,46.3,1016.3,
2025-04-03,8.7,3.4,14.9,,,180.0,5.8,22.2,1020.5,
2025-04-04,10.4,3.9,17.3,,,219.0,5.2,25.9,1018.2,
2025-04-05,11.5,5.6,17.6,,,263.0,7.1,29.6,1013.3,
2025-04-06,10.9,5.7,15.5,,,306.0,7.7,31.5,1011.0,
2025-04-07,10.5,5.2,15.5,,,314.0,7.4,35.2,1015.4,
2025-04-08,9.7,3.1,15.6,,,338.0,6.3,27.8,1020.2,
2025-04-09,9.7,5.6,14.9,,,323.0,7.3,27.8,1019.9,
2025-04-10,9.8,3.8,16.3,,,317.0,6.3,22.2,1021.4,
2025-04-11,11.3,4.0,18.0,,,299.0,6.6,22.2,1019.9,
2025-04-12,11.2,4.8,14.7,,,140.0,10.2,42.6,1014.0,
2025-04-13,11.4,9.8,13.8,,,47.0,8.2,29.6,1011.0,
2025-04-14,11.4,9.3,14.1,,,262.0,8.2,35.2,1009.7,
2025-04-15,11.2,9.4,13.1,,,281.0,10.6,40.8,1002.7,
2025-04-16,8.2,6.0,10.7,,,305.0,12.4,33.3,1008.5,
2025-04-17,5.4,4.8,6.1,,,300.0,9.6,25.9,1010.0,
2025-04-18,7.4,4.0,12.1,,,318.0,7.2,20.4,1012.6,
2025-04-19,9.8,5.2,14.7,,,106.0,10.7,38.9,1010.1,
2025-04-20,11.1,8.1,14.7,,,88.0,15.4,40.8,1009.5,
2025-04-21,10.6,6.6,13.9,,,52.0,13.1,38.9,1011.8,
2025-04-22,10.6,3.8,15.1,,,284.0,7.2,38.9,1015.5,
2025-04-23,9.6,6.0,12.9,,,261.0,6.5,27.8,1016.5,
2025-04-24,9.1,6.3,12.6,,,301.0,13.8,33.3,1016.5,
2025-04-25,9.4,6.7,13.1,,,310.0,12.7,33.3,1016.1,
2025-04-26,10.1,3.6,15.5,,,303.0,6.7,31.5,1014.4,
2025-04-27,11.0,8.8,12.6,,,275.0,6.2,27.8,1019.7,
2025-04-28,12.0,7.5,16.6,,,226.0,6.3,31.5,1023.7,
2025-04-29,12.4,6.0,17.8,,,144.0,5.6,29.6,1023.8,
2025-04-30,13.5,7.9,19.6,,,161.0,5.2,24.1,1022.5,
2025-05-01,14.1,6.8,21.0,,,156.0,5.4,20.4,1021.2,
2025-05-02,14.8,7.7,20.1,,,147.0,6.4,24.1,1020.0,
2025-05-03,15.0,12.1,18.3,,,263.0,5.3,20.4,1017.1,
2025-05-04,12.7,11.0,14.9,,,303.0,5.9,24.1,1010.0,
2025-05-05,9.3,7.9,11.6,,,300.0,9.1,24.1,1005.1,
2025-05-06,9.1,7.2,10.9,,,303.0,8.7,31.5,1008.4,
2025-05-07,8.4,7.6,9.6,,,305.0,7.2,29.6,1012.4,
2025-05-08,8.6,5.5,10.8,,,307.0,6.9,29.6,1011.3,
2025-05-09,9.2,7.4,11.6,,,304.0,5.6,25.9,1014.2,
2025-05-10,11.2,6.1,15.7,,,247.0,6.4,29.6,1017.1,
2025-05-11,12.1,7.3,16.2,,,188.0,7.4,33.3,1013.7,
2025-05-12,11.2,9.2,13.0,,,271.0,5.2,24.1,1012.6,
2025-05-13,11.4,7.7,15.3,,,304.0,6.5,27.8,1014.4,
2025-05-14,12.1,7.1,16.4,,,213.0,5.5,27.8,1016.4,
2025-05-15,13.3,6.9,18.2,,,284.0,9.4,33.3,1013.4,
2025-05-16,12.5,8.3,15.9,,,313.0,10.7,38.9,1012.8,
2025-05-17,11.7,6.8,15.8,,,305.0,9.7,31.5,1015.0,
2025-05-18,12.5,7.2,18.2,,,312.0,8.3,25.9,1015.9,
2025-05-19,12.7,6.1,17.4,,,249.0,5.5,24.1,1016.4,
2025-05-20,11.9,10.9,13.2,,,312.0,5.2,14.8,1016.3,
2025-05-21,12.6,10.1,15.1,,,301.0,8.8,25.9,1014.6,
2025-05-22,9.5,8.0,11.9,,,301.0,11.7,33.3,1012.1,
2025-05-23,10.4,7.2,14.5,,,304.0,14.1,35.2,1015.0,
2025-05-24,11.1,6.5,15.5,,,311.0,10.1,31.5,1017.6,
2025-05-25,13.3,9.4,17.9,,,311.0,9.1,24.1,1018.3,
2025-05-26,14.1,11.0,17.8,,,305.0,11.5,31.5,1018.7,
2025-05-27,13.8,11.0,16.7,,,310.0,11.7,29.6,1020.6,
2025-05-28,13.1,9.8,15.7,,,311.0,11.0,37.0,1023.0,
2025-05-29,14.5,10.3,20.1,,,306.0,14.7,37.0,1023.5,
2025-05-30,17.6,10.8,24.3,,,315.0,6.9,25.9,1022.3,
2025-05-31,18.0,11.8,23.2,,,241.0,6.0,22.2,1021.4,
2025-06-01,18.4,13.6,22.6,,,279.0,6.3,20.4,1019.3,
2025-06-02,16.2,14.3,17.9,,,305.0,6.6,22.2,1018.7,
2025-06-03,16.0,12.6,19.3,,,306.0,6.6,25.9,1016.6,
2025-06-04,15.6,13.8,17.5,,,58.0,10.4,40.8,1014.2,
2025-06-05,15.0,12.6,18.1,,,307.0,5.9,20.4,1015.7,
2025-06-06,16.3,11.9,20.7,,,291.0,5.8,20.4,1016.7,
2025-06-07,16.4,14.4,18.9,,,309.0,7.3,27.8,1015.9,
2025-06-08,16.0,12.8,20.0,,,310.0,15.1,48.2,1017.4,
2025-06-09,16.0,9.2,22.7,,,320.0,9.5,33.3,1020.6,
2025-06-10,18.3,12.0,24.7,,,277.0,6.5,25.9,1020.0,
2025-06-11,19.0,11.8,26.3,,,322.0,8.7,35.2,1017.3,
2025-06-12,20.4,13.6,26.8,,,214.0,6.4,29.6,1016.7,
2025-06-13,21.2,16.1,26.3,,,246.0,6.7,31.5,1020.3,
2025-06-14,21.0,15.6,26.4,,,251.0,6.4,22.2,1021.0,
2025-06-15,19.7,16.2,23.1,,,310.0,9.7,35.2,1020.7,
2025-06-16,18.9,14.4,23.5,,,316.0,13.4,42.6,1021.2,
2025-06-17,19.5,14.3,25.6,,,349.0,8.9,42.6,1020.7,
2025-06-18,20.1,13.9,26.8,,,275.0,7.3,40.8,1020.8,
2025-06-19,21.0,14.8,27.4,,,308.0,7.6,29.6,1020.1,
2025-06-20,20.9,15.8,26.6,,,302.0,8.0,35.2,1019.9,
2025-06-21,19.9,14.9,25.3,,,331.0,7.2,33.3,1020.1,
2025-06-22,20.7,14.0,27.9,,,255.0,6.1,27.8,1020.1,
2025-06-23,20.3,15.8,24.6,,,320.0,9.2,31.5,1019.2,
2025-06-24,20.9,15.3,26.7,,,316.0,11.1,31.5,1016.8,
2025-06-25,22.2,14.9,29.2,,,304.0,7.9,31.5,1015.6,
2025-06-26,21.0,19.1,23.6,,,316.0,9.9,33.3,1017.9,
2025-06-27,21.2,15.5,27.0,,,305.0,12.7,35.2,1022.3,
2025-06-28,23.0,16.1,30.0,,,322.0,10.0,33.3,1022.8,
2025-06-29,24.0,17.8,29.8,,,312.0,8.0,33.3,1021.3,
2025-06-30,22.4,19.3,25.8,,,301.0,6.5,24.1,1019.8,
2025-07-01,21.6,16.8,27.2,,,308.0,7.1,31.5,1018.5,
2025-07-02,20.6,16.6,25.2,,,297.0,6.8,24.1,1019.0,
2025-07-03,21.3,16.6,26.3,,,305.0,8.4,29.6,1020.6,
2025-07-04,21.8,17.2,26.7,,,312.0,10.6,35.2,1021.4,
2025-07-05,21.7,16.8,26.6,,,311.0,8.4,33.3,1017.9,
2025-07-06,18.2,14.6,20.9,,,315.0,9.7,31.5,1013.5,
2025-07-07,15.8,13.6,19.4,,,312.0,13.1,42.6,1008.9,
2025-07-08,13.2,11.6,16.2,,,316.0,18.7,55.5,1014.1,
2025-07-09,14.7,8.0,21.3,,,318.0,13.3,40.8,1019.0,
2025-07-10,17.3,10.2,23.8,,,318.0,9.5,38.9,1018.4,
2025-07-11,18.6,12.2,24.6,,,302.0,8.9,38.9,1015.4,
2025-07-12,19.0,13.3,24.8,,,307.0,6.7,29.6,1012.8,
2025-07-13,18.7,15.2,22.5,,,331.0,6.1,29.6,1014.1,
2025-07-14,19.0,15.3,23.8,,,319.0,10.1,31.5,1019.6,
2025-07-15,19.2,15.2,23.7,,,313.0,10.7,35.2,1020.4,
2025-07-16,18.8,14.2,23.5,,,318.0,14.7,42.6,1018.3,
2025-07-17,19.9,16.2,25.0,,,316.0,15.5,40.8,1015.8,
2025-07-18,20.4,13.8,27.3,,,322.0,7.9,33.3,1013.3,
2025-07-19,18.2,15.2,20.4,,,276.0,6.3,27.8,1012.6,
2025-07-20,19.0,15.9,22.8,,,289.0,7.7,33.3,1009.3,
2025-07-21,18.0,16.2,21.1,,,314.0,11.6,35.2,1009.7,
2025-07-22,18.4,13.6,24.1,,,312.0,11.4,33.3,1013.8,
2025-07-23,17.4,12.0,22.4,,,298.0,7.9,29.6,1013.7,
2025-07-24,15.9,14.1,18.3,,,312.0,8.7,33.3,1013.0,
2025-07-25,15.0,12.6,18.6,,,310.0,8.0,35.2,1015.1,
2025-07-26,15.4,12.2,18.7,,,312.0,10.9,33.3,1015.6,
2025-07-27,15.7,12.8,18.8,,,309.0,12.0,38.9,1015.6,
2025-07-28,14.3,12.6,17.1,,,313.0,14.6,38.9,1014.8,
2025-07-29,15.3,10.4,20.3,,,316.0,12.2,35.2,1017.7,
2025-07-30,15.9,12.1,19.9,,,307.0,9.9,33.3,1017.7,
2025-07-31,16.9,11.7,22.4,,,309.0,9.0,31.5,1018.1,
2025-08-01,17.4,13.6,21.2,,,314.0,9.4,29.6,1014.8,
2025-08-02,15.1,13.3,17.4,,,315.0,13.7,40.8,1013.8,
2025-08-03,15.3,10.4,20.3,,,315.0,12.2,38.9,1018.0,
2025-08-04,17.1,11.4,23.1,,,308.0,10.5,31.5,1021.0,
2025-08-05,19.7,13.8,25.2,,,316.0,9.5,33.3,1020.1,
2025-08-06,18.8,14.4,22.9,,,305.0,8.9,38.9,1020.3,
2025-08-07,20.2,15.2,26.3,,,205.0,6.1,27.8,1019.5,
2025-08-08,21.0,14.3,28.3,,,262.0,6.5,25.9,1020.4,
2025-08-09,22.6,16.1,29.6,,,278.0,8.2,27.8,1021.2,
2025-08-10,22.8,16.8,29.4,,,284.0,8.7,29.6,1022.0,
2025-08-11,23.1,17.0,29.9,,,279.0,8.0,37.0,1019.3,
2025-08-12,23.2,17.3,29.9,,,287.0,7.5,27.8,1018.3,
2025-08-13,22.4,16.4,29.4,,,291.0,8.2,35.2,1018.5,
2025-08-14,21.1,16.3,26.6,,,294.0,6.9,24.1,1019.5,
2025-08-15,21.1,15.6,27.5,,,297.0,7.8,27.8,1020.8,
2025-08-16,21.2,15.5,27.5,,,312.0,10.3,33.3,1019.2,
2025-08-17,20.9,15.7,26.3,,,310.0,11.0,35.2,1015.8,
2025-08-18,20.4,15.2,26.5,,,286.0,7.1,31.5,1014.6,
2025-08-19,18.8,14.9,22.9,,,285.0,5.9,24.1,1015.0,
2025-08-20,16.1,14.3,17.4,,,313.0,6.2,27.8,1011.6,
2025-08-21,14.5,13.0,16.8,,,310.0,8.5,29.6,1009.6,
2025-08-22,16.6,12.4,21.5,,,300.0,11.1,33.3,1014.0,
2025-08-23,16.3,12.0,20.5,,,314.0,11.2,40.8,1015.9,
2025-08-24,16.7,11.4,22.0,,,302.0,8.6,37.0,1016.2,
2025-08-25,16.9,11.4,22.7,,,257.0,5.5,24.1,1017.6,
2025-08-26,17.6,11.5,24.4,,,281.0,5.8,22.2,1015.9,
2025-08-27,17.8,16.1,20.6,,,315.0,6.2,27.8,1014.4,
2025-08-28,16.4,14.9,17.4,,,303.0,6.7,25.9,1009.9,
2025-08-29,15.2,12.7,18.5,,,300.0,7.9,27.8,1007.6,
2025-08-30,14.2,10.7,18.7,,,312.0,9.9,31.5,1011.2,
2025-08-31,15.7,9.0,22.5,,,243.0,7.1,31.5,1013.1,
2025-09-01,15.0,13.0,17.0,,,320.0,7.7,31.5,1012.0,
2025-09-02,13.9,11.1,17.7,,,306.0,8.8,29.6,1013.6,
2025-09-03,15.5,9.8,22.4,,,304.0,6.3,24.1,1015.5,
2025-09-04,15.7,12.9,18.7,,,294.0,6.5,33.3,1016.8,
2025-09-05,14.4,11.9,17.6,,,314.0,10.6,35.2,1020.7,
2025-09-06,14.4,7.6,21.9,,,164.0,5.8,27.8,1021.4,
2025-09-07,16.5,10.1,23.8,,,169.0,4.8,24.1,1019.0,
2025-09-08,16.3,13.2,19.6,,,263.0,4.8,20.4,1017.2,
2025-09-09,16.0,14.1,18.6,,,301.0,6.0,24.1,1014.5,
2025-09-10,14.9,12.9,17.5,,,309.0,6.6,24.1,1011.0,
2025-09-11,14.2,11.2,18.5,,,300.0,7.4,22.2,1014.0,
2025-09-12,13.5,9.7,18.0,,,294.0,6.6,25.9,1019.5,
2025-09-13,12.7,9.5,16.2,,,299.0,4.9,18.5,1021.1,
2025-09-14,14.3,10.8,18.4,,,299.0,8.7,24.1,1020.0,
2025-09-15,16.4,12.0,21.0,,,302.0,5.1,16.7,1020.7,
2025-09-16,15.2,11.9,18.4,,,312.0,10.8,35.2,1022.8,
2025-09-17,13.9,8.7,19.0,,,312.0,7.7,24.1,1024.1,
2025-09-18,16.6,10.7,22.9,,,172.0,4.4,18.5,1025.3,
2025-09-19,16.5,9.9,23.5,,,183.0,5.3,25.9,1027.4,
2025-09-20,17.1,11.1,23.0,,,174.0,6.7,31.5,1024.0,
2025-09-21,17.6,14.9,20.6,,,341.0,9.6,42.6,1015.8,
2025-09-22,15.1,13.0,16.6,,,310.0,7.8,33.3,1011.8,
2025-09-23,12.1,9.6,14.3,,,326.0,7.9,40.8,1015.0,
2025-09-24,9.7,7.9,12.2,,,289.0,4.9,22.2,1016.7,
2025-09-25,9.5,6.6,12.4,,,280.0,5.5,24.1,1018.2,
2025-09-26,9.4,7.7,10.7,,,292.0,5.3,24.1,1019.7,
2025-09-27,10.0,7.5,12.4,,,326.0,4.8,24.1,1020.8,
2025-09-28,10.0,4.8,15.3,,,159.0,3.6,20.4,1020.2,
2025-09-29,9.8,5.0,15.1,,,186.0,4.2,18.5,1020.5,
2025-09-30,9.6,4.9,14.3,,,234.0,5.4,20.4,1021.8,
2025-10-01,9.7,5.6,13.9,,,171.0,6.2,25.9,1022.8,
2025-10-02,9.5,4.9,14.5,,,124.0,4.8,25.9,1023.6,
2025-10-03,8.5,3.3,12.6,,,257.0,5.3,20.4,1022.2,
2025-10-04,11.7,7.8,15.8,,,228.0,5.6,35.2,1016.4,
2025-10-05,8.9,5.5,13.2,,,304.0,14.1,38.9,1020.4,
2025-10-06,7.4,3.8,11.5,,,299.0,9.6,31.5,1026.5,
2025-10-07,9.5,4.2,15.5,,,98.0,5.3,18.5,1024.1,
2025-10-08,10.6,5.6,15.7,,,177.0,3.5,13.0,1021.9,
2025-10-09,11.2,7.6,15.7,,,165.0,4.3,24.1,1022.6,
2025-10-10,11.5,8.4,16.2,,,172.0,3.7,20.4,1027.9,
2025-10-11,10.9,6.5,16.6,,,172.0,3.4,14.8,1030.1,
2025-10-12,10.5,5.4,16.1,,,159.0,3.2,14.8,1027.3,
2025-10-13,10.2,5.2,15.5,,,172.0,4.1,22.2,1022.9,
2025-10-14,10.7,7.2,15.2,,,157.0,3.6,18.5,1021.9,
2025-10-15,10.0,5.8,14.3,,,159.0,4.1,22.2,1021.6,
2025-10-16,9.9,6.7,14.2,,,152.0,3.5,16.7,1020.7,
2025-10-17,9.0,5.4,13.6,,,155.0,3.3,16.7,1020.1,
2025-10-18,7.4,2.8,12.8,,,150.0,3.3,14.8,1022.4,
2025-10-19,8.8,3.9,13.5,,,122.0,3.8,18.5,1019.8,
2025-10-20,9.9,6.9,12.8,,,41.0,6.6,29.6,1011.2,
2025-10-21,10.1,7.2,13.1,,,265.0,2.8,11.1,1006.7,
2025-10-22,11.0,9.0,13.3,,,266.0,2.8,9.3,1005.7,
2025-10-23,9.4,5.7,11.0,,,291.0,8.6,38.9,1003.6,
2025-10-24,5.5,3.7,7.3,,,318.0,9.0,31.5,1013.2,
2025-10-25,6.3,3.9,8.9,,,308.0,6.1,24.1,1012.9,
2025-10-26,4.6,2.4,6.3,,,297.0,11.6,31.5,1015.2,
2025-10-27,4.1,1.5,5.8,,,314.0,11.9,44.5,1017.0,
2025-10-28,6.3,3.1,9.9,,,339.0,7.8,29.6,1019.0,
2025-10-29,7.3,0.0,12.4,,,50.0,9.6,42.6,1014.4,
2025-10-30,9.2,6.6,13.3,,,312.0,4.8,24.1,1013.1,
2025-10-31,8.7,4.7,13.0,,,154.0,4.9,20.4,1017.8,
2025-11-01,9.8,6.0,13.1,,,20.0,5.6,20.4,1018.7,
2025-11-02,8.1,5.1,9.8,,,326.0,6.3,24.1,1018.7,
2025-11-03,4.8,1.7,9.1,,,122.0,6.2,18.5,1025.4,
2025-11-04,4.2,-1.3,10.7,,,137.0,3.5,13.0,1026.3,
2025-11-05,4.3,-0.3,10.7,,,146.0,4.6,14.8,1023.4,
2025-11-06,5.5,0.3,10.8,,,101.0,7.2,25.9,1015.4,
2025-11-07,5.2,1.7,8.8,,,182.0,4.2,18.5,1013.4,
2025-11-08,3.8,0.0,8.6,,,174.0,3.4,13.0,1015.3,
2025-11-09,3.7,0.1,8.5,,,171.0,4.6,14.8,1019.4,
2025-11-10,3.4,0.1,8.5,,,165.0,1.8,7.4,1018.0,
2025-11-11,3.8,-0.2,9.2,,,149.0,3.0,9.3,1019.0,
2025-11-12,4.9,0.4,10.9,,,141.0,3.6,13.0,1020.9,
2025-11-13,5.5,1.4,11.2,,,138.0,3.6,13.0,1022.3,
2025-11-14,7.5,2.5,12.4,,,103.0,7.5,29.6,1017.7,
2025-11-15,9.3,7.5,12.1,,,39.0,7.9,27.8,1013.2,
2025-11-16,7.5,5.6,9.9,,,356.0,5.2,18.5,1010.3,
2025-11-17,5.7,3.3,8.1,,,300.0,8.7,35.2,1011.3,
2025-11-18,1.8,-1.3,5.2,,,181.0,4.2,22.2,1018.1,
2025-11-19,0.6,-3.6,4.4,,,183.0,3.0,11.1,1012.8,
2025-11-20,0.8,-1.0,2.0,,,306.0,8.4,27.8,1012.8,
2025-11-21,-0.8,-2.0,0.7,,,294.0,8.3,29.6,1017.2,
2025-11-22,-2.9,-5.9,0.3,,,260.0,6.4,20.4,1024.4,
2025-11-23,-2.6,-7.7,1.5,,,234.0,2.4,11.1,1018.5,
2025-11-24,2.9,0.7,4.4,,,323.0,4.1,13.0,1005.5,
2025-11-25,1.9,0.9,2.8,,,305.0,8.7,27.8,1006.1,
2025-11-26,1.8,0.2,3.6,,,301.0,9.3,27.8,1016.7,
2025-11-27,-0.7,-3.6,2.3,,,218.0,4.4,14.8,1024.1,
2025-11-28,-1.9,-5.7,2.3,,,223.0,3.0,9.3,1023.6,
2025-11-29,0.7,-1.9,4.3,,,261.0,3.0,13.0,1017.7,
2025-11-30,1.6,-1.1,4.2,,,259.0,2.4,11.1,1016.1,
2025-12-01,3.0,1.6,5.0,,,219.0,3.6,13.0,1019.4,
2025-12-02,2.2,0.5,4.8,,,148.0,3.8,13.0,1017.6,
2025-12-03,2.8,0.7,5.0,,,193.0,3.5,11.1,1014.6,
2025-12-04,3.1,1.9,5.2,,,200.0,2.3,9.3,1011.5,
2025-12-05,2.0,-0.9,4.5,,,312.0,5.5,18.5,1012.5,
2025-12-06,1.3,-2.1,5.1,,,297.0,4.3,18.5,1017.0,
2025-12-07,4.2,2.6,6.0,,,316.0,5.9,22.2,1020.0,
2025-12-08,4.5,2.0,7.7,,,252.0,4.5,16.7,1024.0,
2025-12-09,2.1,-0.4,5.7,,,155.0,2.4,9.3,1024.6,
2025-12-10,0.7,-1.8,3.9,,,152.0,2.0,7.4,1026.2,
2025-12-11,1.2,-1.6,4.8,,,189.0,2.0,9.3,1026.9,
2025-12-12,0.5,-1.7,3.9,,,175.0,1.5,7.4,1026.3,
2025-12-13,-0.8,-3.1,2.8,,,156.0,1.9,7.4,1030.5,
2025-12-14,-1.5,-4.0,2.0,,,160.0,2.4,7.4,1029.5,
2025-12-15,0.8,-3.2,5.5,,,127.0,6.5,27.8,1024.1,
2025-12-16,4.0,3.0,5.5,,,116.0,7.9,35.2,1018.5,
2025-12-17,3.7,2.1,6.1,,,161.0,1.1,5.5,1024.0,
2025-12-18,2.1,0.1,4.3,,,144.0,3.3,18.5,1027.4,
2025-12-19,2.7,1.1,4.9,,,127.0,3.2,13.0,1026.5,
2025-12-20,2.9,1.0,5.3,,,118.0,2.8,9.3,1020.2,
2025-12-21,4.5,2.8,6.2,,,89.0,9.9,35.2,1011.0,
2025-12-22,6.2,4.8,9.3,,,69.0,8.7,29.6,1009.1,
2025-12-23,4.6,2.4,6.3,,,121.0,4.0,25.9,1011.3,
2025-12-24,1.8,0.1,3.6,,,116.0,4.9,29.6,1010.8,
2025-12-25,2.9,1.9,4.3,,,133.0,8.7,31.5,1017.5,
2025-12-26,2.4,-1.3,5.0,,,133.0,5.4,20.4,1024.9,
2025-12-27,-1.5,-4.0,1.8,,,145.0,3.9,13.0,1030.4,
2025-12-28,-2.6,-5.5,1.7,,,190.0,3.2,7.4,1026.8,
2025-12-29,-2.9,-5.9,0.7,,,164.0,3.1,11.1,1024.3,
2025-12-30,-3.1,-5.0,0.3,,,288.0,5.7,18.5,1020.7,
2025-12-31,-4.2,-5.8,-1.7,,,132.0,3.1,13.0,1022.7,
2026-01-01,-5.0,-7.8,-1.3,,,228.0,2.3,9.3,1018.2,
2026-01-02,-3.5,-6.7,0.6,,,299.0,9.4,31.5,1010.5,
2026-01-03,-1.9,-4.4,0.5,,,294.0,9.3,33.3,1009.6,
2026-01-04,-5.4,-7.5,-2.5,,,268.0,5.2,20.4,1012.4,
2026-01-05,-7.3,-9.5,-4.6,,,295.0,4.6,18.5,1014.4,
2026-01-06,-6.8,-9.6,-3.7,,,293.0,7.3,25.9,1016.7,
2026-01-07,-6.9,-10.5,-3.6,,,292.0,7.1,20.4,1018.4,
2026-01-08,-1.9,-3.9,0.3,,,308.0,5.6,25.9,1016.2,
2026-01-09,1.0,0.3,1.8,,,312.0,6.4,22.2,1007.5,
2026-01-10,0.4,-1.0,2.6,,,309.0,11.3,35.2,1012.0,
2026-01-11,-0.9,-4.3,1.5,,,258.0,6.9,35.2,1023.8,
2026-01-12,-1.5,-4.9,2.4,,,264.0,1.8,11.1,1023.4,
2026-01-13,-0.4,-2.5,2.8,,,158.0,2.1,11.1,1020.7,
2026-01-14,-0.3,-3.1,3.0,,,137.0,2.8,9.3,1023.0,
2026-01-15,1.3,-1.3,4.2,,,134.0,3.7,16.7,1021.1,
2026-01-16,3.3,1.1,5.9,,,141.0,5.4,18.5,1019.4,
2026-01-17,4.3,3.1,6.1,,,132.0,6.3,18.5,1019.5,
2026-01-18,5.6,3.9,8.7,,,116.0,7.8,25.9,1020.2,
2026-01-19,5.0,3.3,7.9,,,98.0,6.3,22.2,1022.0,
2026-01-20,2.7,-0.3,5.6,,,144.0,4.7,18.5,1022.3,
2026-01-21,-0.4,-2.9,3.2,,,148.0,3.1,13.0,1011.7,
2026-01-22,-1.2,-3.5,1.7,,,43.0,3.6,13.0,1001.1,
2026-01-23,0.5,-2.5,3.6,,,141.0,4.8,22.2,999.1,
2026-01-24,2.7,0.0,5.3,,,171.0,4.0,18.5,1000.9,
2026-01-25,2.1,0.1,4.5,,,229.0,2.2,11.1,1000.1,
2026-01-26,0.5,-2.5,3.9,,,306.0,5.4,22.2,1004.3,
2026-01-27,-0.6,-4.9,4.0,,,94.0,6.7,29.6,1002.9,
2026-01-28,3.3,2.1,4.9,,,339.0,5.7,24.1,993.6,
2026-01-29,2.4,-1.5,5.9,,,313.0,8.1,24.1,999.6,
2026-01-30,-1.3,-3.9,1.8,,,305.0,3.5,14.8,1003.6,
2026-01-31,-0.9,-3.6,2.9,,,150.0,2.3,11.1,1005.1,
2026-02-01,-0.4,-3.3,3.8,,,219.0,3.8,16.7,1011.0,
2026-02-02,1.1,-1.8,3.8,,,154.0,5.1,37.0,1004.7,
2026-02-03,4.0,1.7,5.9,,,89.0,9.6,38.9,1001.0,
2026-02-04,2.0,-0.2,5.0,,,133.0,4.0,13.0,1000.0,
2026-02-05,2.2,-1.5,6.0,,,210.0,4.8,25.9,993.2,
2026-02-06,4.1,2.7,6.3,,,302.0,4.8,22.2,995.8,
2026-02-07,2.2,-0.5,6.0,,,155.0,3.4,16.7,1006.2,
2026-02-08,0.4,-2.8,4.2,,,185.0,3.8,22.2,1008.8,
2026-02-09,1.4,-1.4,5.3,,,173.0,3.5,14.8,1008.8,
2026-02-10,2.0,0.3,3.7,,,226.0,2.8,11.1,1004.2,
2026-02-11,3.6,2.4,4.9,,,281.0,5.9,25.9,998.8,
2026-02-12,3.4,1.7,4.8,,,306.0,7.5,27.8,992.0,
2026-02-13,3.3,0.7,5.8,,,301.0,8.0,27.8,995.3,
2026-02-14,1.7,0.2,3.4,,,303.0,11.4,38.9,1003.2,
2026-02-15,0.0,-3.3,4.3,,,308.0,10.0,29.6,1017.0,
2026-02-16,4.0,3.2,5.1,,,301.0,9.0,35.2,1007.6,
2026-02-17,3.0,1.1,5.5,,,311.0,13.4,42.6,1013.5,
2026-02-18,2.5,-0.6,6.1,,,288.0,5.6,20.4,1014.5,
2026-02-19,3.0,1.8,5.5,,,306.0,7.5,29.6,1004.9,
2026-02-20,4.1,2.0,7.6,,,302.0,13.2,37.0,1019.6,
2026-02-21,3.8,0.6,8.0,,,292.0,10.1,33.3,1030.5,
2026-02-22,4.0,-0.4,9.5,,,298.0,7.2,22.2,1028.9,
2026-02-23,5.1,1.9,9.1,,,305.0,11.1,31.5,1025.3,
2026-02-24,6.6,3.6,11.5,,,271.0,7.1,20.4,1023.0,
2026-02-25,5.6,0.7,11.3,,,156.0,3.2,13.0,1024.0,
2026-02-26,5.3,0.2,11.2,,,163.0,3.1,14.8,1027.2,
2026-02-27,5.1,0.0,10.4,,,164.0,3.1,13.0,1025.5,
2026-02-28,6.1,3.2,10.1,,,292.0,4.8,18.5,1025.2,
2026-03-01,5.2,2.2,8.2,,,242.0,3.9,22.2,1026.1,
2026-03-02,5.9,3.3,9.2,,,114.0,4.7,22.2,1024.6,
2026-03-03,5.5,1.9,10.3,,,163.0,3.5,18.5,1027.0,
2026-03-04,5.0,-0.5,10.7,,,168.0,3.5,18.5,1026.9,
2026-03-05,6.0,1.5,10.7,,,191.0,6.2,29.6,1023.7,
2026-03-06,6.7,2.2,11.7,,,155.0,5.8,24.1,1022.5,
2026-03-07,7.0,2.5,12.0,,,192.0,5.2,24.1,1024.6,
2026-03-08,6.7,2.1,11.6,,,187.0,5.0,25.9,1025.6,
2026-03-09,6.1,1.1,10.7,,,163.0,6.2,29.6,1024.9,
2026-03-10,6.0,4.5,8.0,,,298.0,6.2,25.9,1023.5,
2026-03-11,6.8,3.6,10.7,,,269.0,4.4,18.5,1023.0,
2026-03-12,6.5,3.9,10.0,,,290.0,5.2,22.2,1022.8,
2026-03-13,6.1,1.7,10.2,,,129.0,7.2,31.5,1015.7,
2026-03-14,5.4,3.2,6.8,,,71.0,10.9,33.3,1010.1,
2026-03-15,4.3,1.7,7.8,,,79.0,13.0,42.6,1015.4,
2026-03-16,4.6,0.9,9.2,,,331.0,9.0,27.8,1018.5,
2026-03-17,5.8,1.0,11.2,,,87.0,10.2,35.2,1017.8,
2026-03-18,5.9,2.1,10.2,,,32.0,8.5,31.5,1015.5,
