date,tavg,tmin,tmax,prcp,snow,wdir,wspd,wpgt,pres,tsun
2015-02-17,10.0,6.0,15.0,,,15.0,20.1,,,
2016-05-03,16.0,13.0,20.0,,,8.0,13.8,,1012.4,
2016-05-04,15.0,10.0,20.0,,,19.0,14.1,,,
2016-08-12,19.1,14.0,24.0,,,12.0,17.1,,,
2017-08-04,31.1,20.0,41.0,,,,8.2,,,
2018-07-11,24.8,17.0,31.0,,,,14.4,,1012.5,
2018-07-12,25.1,17.0,31.0,,,,9.7,,,
2018-07-13,25.5,18.0,32.0,,,,7.7,,1017.2,
2018-07-14,26.6,18.0,34.0,,,,7.8,,1016.5,
2018-07-15,27.8,20.0,34.0,,,281.0,9.1,,1013.5,
2018-07-16,25.1,18.0,30.0,,,173.0,11.5,,,
2018-07-17,23.3,18.0,30.0,,,343.0,10.8,,,
2018-07-18,24.9,16.0,33.0,,,,9.1,,1014.6,
2018-07-19,25.9,17.0,33.0,,,,7.5,,,
2018-07-20,26.1,17.0,34.0,,,260.0,7.5,,1014.0,
2018-07-21,24.9,17.0,32.0,,,242.0,8.6,,1012.0,
2018-07-22,25.0,19.0,31.0,,,273.0,10.3,,1011.0,
2018-07-23,23.7,20.0,28.0,,,349.0,12.4,,1011.1,
2018-07-24,24.8,18.0,32.0,,,5.0,12.4,,1012.4,
2018-07-25,24.9,16.0,33.0,,,1.0,12.0,,1012.1,
2018-07-26,23.2,16.0,33.0,,,4.0,8.4,,1012.3,
2018-07-27,24.1,15.0,33.0,,,307.0,8.0,,1012.7,
2018-07-28,25.4,18.0,32.0,,,284.0,9.3,,1012.8,
2018-07-29,26.0,17.0,33.0,,,289.0,6.7,,1013.8,
2018-07-30,28.7,21.0,35.0,,,17.0,12.5,,1013.3,
2018-07-31,28.6,21.0,36.0,,,10.0,14.7,,1014.2,
2018-08-01,28.6,20.0,36.0,,,11.0,12.3,,1014.9,
2018-08-02,28.1,20.0,35.0,,,24.0,11.7,,1015.5,
2018-08-03,27.3,22.0,32.0,,,16.0,14.6,,1014.9,
2018-08-04,26.3,21.0,34.0,,,351.0,12.0,,1014.4,
2018-08-05,27.0,19.0,35.0,,,53.0,7.5,,1014.7,
2018-08-06,26.7,18.0,35.0,,,116.0,8.9,,1015.5,
2018-08-07,26.3,22.0,34.0,,,145.0,8.7,,1015.4,
2018-08-08,23.6,19.0,34.0,,,312.0,8.0,,1015.9,
2018-08-09,24.7,18.0,33.0,,,303.0,7.9,,1016.9,
2018-08-10,26.5,20.0,33.0,,,308.0,8.4,,1019.4,
2018-08-11,25.7,18.0,34.0,,,304.0,7.8,,1018.8,
2018-08-12,25.8,17.0,33.0,,,272.0,8.8,,1016.9,
2018-08-13,24.1,19.0,32.0,,,306.0,8.9,,1014.5,
2018-08-14,21.5,19.0,26.0,,,203.0,6.3,,1013.3,
2018-08-15,23.3,18.0,28.0,,,3.0,15.9,,1013.5,
2018-08-16,24.7,19.0,31.0,,,10.0,16.0,,1014.3,
2018-08-17,24.3,16.0,31.0,,,328.0,7.7,,1014.8,
2018-08-18,23.8,18.0,33.0,,,348.0,9.0,,1016.2,
2018-08-19,23.5,17.0,33.0,,,33.0,9.6,,1016.3,
2018-08-20,24.8,17.0,33.0,,,35.0,11.6,,1014.4,
2018-08-21,25.7,18.0,34.0,,,22.0,12.1,,1014.8,
2018-08-22,21.6,17.0,32.0,,,39.0,8.4,,1015.7,
2018-08-23,21.8,16.0,31.0,,,81.0,7.0,,1014.1,
2018-08-24,23.7,16.0,32.0,,,266.0,7.6,,1010.8,
2018-08-25,23.6,18.0,30.0,,,159.0,9.1,,1008.7,
2018-08-26,20.3,17.0,23.0,,,1.0,14.3,,1008.8,
2018-08-27,18.5,13.0,24.0,,,7.0,13.0,,1014.6,
2018-08-28,21.0,13.0,29.0,,,7.0,15.8,,1016.6,
2018-08-29,22.6,13.0,31.0,,,321.0,8.7,,1016.0,
2018-08-30,23.2,15.0,32.0,,,228.0,9.6,,1015.9,
2018-08-31,23.0,17.0,29.0,,,174.0,10.9,,1015.9,
2018-09-01,23.2,19.0,28.0,,,184.0,14.6,,1014.5,
2018-09-02,19.3,15.0,24.0,,,325.0,8.7,,1015.1,
2018-09-03,19.3,14.0,26.0,,,288.0,8.5,,1014.4,
2018-09-04,19.8,14.0,27.0,,,196.0,6.9,,1014.6,
2018-09-05,21.2,14.0,29.0,,,273.0,7.0,,1015.5,
2018-09-06,22.3,15.0,30.0,,,220.0,7.6,,1012.9,
2018-09-07,21.9,18.0,28.0,,,285.0,7.5,,1012.7,
2018-09-08,21.9,16.0,28.0,,,358.0,7.7,,1017.7,
2018-09-09,22.7,15.0,30.0,,,336.0,8.7,,1020.3,
2018-09-10,22.7,15.0,31.0,,,354.0,9.8,,1021.2,
2018-09-11,22.7,14.0,33.0,,,3.0,8.1,,1023.8,
2018-09-12,23.9,15.0,33.0,,,332.0,8.1,,1022.0,
2018-09-13,21.6,18.0,25.0,,,220.0,6.3,,1016.5,
2018-09-14,23.4,16.0,31.0,,,312.0,7.3,,1015.9,
2018-09-15,22.9,16.0,30.0,,,320.0,6.3,,1019.2,
2018-09-16,23.9,18.0,32.0,,,215.0,7.9,,1021.6,
2018-09-17,22.4,18.0,30.0,,,146.0,7.2,,1021.0,
2018-09-18,21.9,17.0,29.0,,,142.0,7.3,,1019.8,
2018-09-19,21.5,17.0,29.0,,,15.0,8.7,,1019.2,
2018-09-20,22.5,19.0,27.0,,,41.0,12.6,,1017.8,
2018-09-21,22.6,16.0,30.0,,,151.0,7.8,,1015.9,
2018-09-22,23.1,16.0,30.0,,,174.0,6.8,,1017.4,
2018-09-23,22.4,16.0,29.0,,,228.0,10.3,,1019.0,
2018-09-24,21.4,17.0,27.0,,,215.0,14.7,,1017.1,
2018-09-25,17.3,14.0,21.0,,,26.0,23.2,,1026.7,
2018-09-26,15.1,11.0,19.0,,,25.0,26.3,,1032.4,
2018-09-27,15.7,5.0,25.0,,,11.0,17.2,,1027.4,
2018-09-28,18.6,8.0,28.0,,,352.0,13.4,,1016.5,
2018-09-29,19.2,11.0,27.0,,,14.0,18.4,,1015.7,
2018-09-30,18.3,13.0,25.0,,,3.0,15.1,,1016.8,
2018-10-01,14.6,11.0,20.0,,,12.0,9.0,,1009.5,
2018-10-02,15.3,12.0,19.0,,,2.0,17.3,,1013.3,
2018-10-03,16.3,11.0,23.0,,,2.0,17.4,,1018.3,
2018-10-04,19.4,15.0,25.0,,,17.0,22.6,,1021.0,
2018-10-05,18.5,15.0,22.0,,,19.0,22.1,,1019.8,
2018-10-06,15.8,13.0,17.0,,,66.0,6.8,,1016.2,
2018-10-07,16.9,15.0,21.0,,,81.0,5.2,,1014.4,
2018-10-08,16.9,12.0,24.0,,,350.0,9.6,,1018.4,
2018-10-09,17.8,11.0,24.0,,,6.0,11.2,,1020.0,
2018-10-10,18.3,12.0,25.0,,,326.0,8.0,,1020.5,
2018-10-11,17.6,14.0,22.0,,,352.0,7.0,,1020.3,
2018-10-12,19.3,16.0,25.0,,,15.0,16.3,,1023.0,
2018-10-13,17.2,11.0,25.0,,,351.0,10.4,,1022.6,
2018-10-14,16.5,9.0,24.0,,,0.0,8.1,,1018.6,
2018-10-15,16.4,9.0,24.0,,,14.0,9.4,,1016.8,
2018-10-16,18.5,14.0,24.0,,,359.0,9.8,,1017.7,
2018-10-17,19.5,15.0,25.0,,,10.0,11.2,,1016.4,
2018-10-18,19.4,16.0,24.0,,,10.0,16.9,,1014.2,
2018-10-19,18.5,13.0,25.0,,,12.0,11.7,,1016.5,
2018-10-20,17.5,10.0,25.0,,,7.0,14.4,,1020.8,
2018-10-21,14.3,9.0,21.0,,,356.0,14.1,,1018.7,
2018-10-22,12.7,10.0,15.0,,,10.0,20.4,,1017.0,
2018-10-23,14.6,11.0,18.0,,,12.0,18.1,,1019.7,
2018-10-24,11.6,5.0,20.0,,,352.0,6.8,,1014.7,
2018-10-25,15.1,7.0,24.0,,,206.0,8.3,,1016.7,
2018-10-26,17.1,14.0,21.0,,,213.0,7.8,,1015.4,
2018-10-27,19.5,15.0,23.0,,,177.0,17.5,,1007.9,
2018-10-28,17.6,16.0,20.0,,,159.0,16.0,,1003.2,
2018-10-29,18.7,12.0,24.0,,,150.0,20.5,,999.6,
2018-10-30,12.7,10.0,16.0,,,147.0,15.0,,1011.5,
2018-10-31,12.0,7.0,18.0,,,348.0,7.4,,1020.3,
2018-11-01,14.4,12.0,18.0,,,46.0,8.2,,1017.8,
2018-11-02,15.5,14.0,18.0,,,359.0,8.1,,1017.5,
2018-11-03,16.2,12.0,20.0,,,12.0,15.3,,1018.4,
2018-11-04,16.3,14.0,18.0,,,347.0,11.3,,1014.1,
2018-11-05,13.8,11.0,16.0,,,81.0,4.0,,1014.4,
2018-11-06,14.5,11.0,20.0,,,335.0,6.8,,1016.0,
2018-11-07,12.9,10.0,17.0,,,111.0,5.7,,1017.7,
2018-11-08,11.3,7.0,18.0,,,341.0,5.9,,1021.7,
2018-11-09,10.0,6.0,17.0,,,346.0,6.6,,1019.5,
2018-11-10,10.1,6.0,16.0,,,357.0,6.1,,1017.0,
2018-11-11,10.0,5.0,18.0,,,341.0,4.9,,1021.5,
2018-11-12,9.0,6.0,14.0,,,325.0,3.7,,1026.5,
2018-11-13,8.5,6.0,13.0,,,80.0,3.6,,1028.8,
2018-11-14,8.2,7.0,10.0,,,36.0,4.2,,1026.8,
2018-11-15,9.9,4.0,18.0,,,36.0,9.2,,1023.0,
2018-11-16,11.6,7.0,14.0,,,27.0,16.8,,1022.4,
2018-11-17,9.2,5.0,13.0,,,30.0,18.5,,1020.0,
2018-11-18,8.3,4.0,12.0,,,15.0,20.3,,1015.2,
2018-11-19,5.5,1.0,9.0,,,26.0,9.7,,1006.0,
2018-11-20,8.3,7.0,9.0,,,349.0,14.7,,1002.5,
2018-11-21,9.8,8.0,13.0,,,325.0,4.7,,1013.1,
2018-11-22,11.4,9.0,15.0,,,351.0,4.0,,1018.8,
2018-11-23,9.3,7.2,13.0,,,32.0,5.0,,1021.0,
2018-11-24,10.7,7.0,14.0,,,60.0,6.0,,1015.5,
2018-11-25,12.6,11.0,15.0,,,3.0,9.3,,1005.5,
2018-11-26,9.0,6.0,12.0,,,221.0,6.1,,1001.5,
2018-11-27,9.0,7.0,11.0,,,358.0,13.0,,1004.7,
2018-11-28,7.5,5.0,11.0,,,19.0,13.9,,1016.8,
2018-11-29,6.9,3.0,12.0,,,6.0,15.4,,1022.5,
2018-11-30,5.0,1.0,9.0,,,65.0,5.3,,1018.8,
2018-12-01,8.0,5.0,13.0,,,343.0,13.0,,1016.8,
2018-12-02,4.0,0.0,7.0,,,134.0,4.4,,1019.0,
2018-12-03,9.9,7.0,12.0,,,23.0,3.5,,1015.1,
2018-12-04,12.1,9.0,17.0,,,311.0,6.3,,1014.9,
2018-12-05,7.2,2.0,15.0,,,37.0,5.8,,1023.6,
2018-12-06,8.8,6.0,13.0,,,358.0,7.8,,1021.5,
2018-12-07,7.1,3.0,10.0,,,234.0,5.0,,1021.3,
2018-12-08,10.5,3.0,14.0,,,312.0,10.7,,1013.1,
2018-12-09,6.3,1.0,13.0,,,357.0,5.3,,1012.2,
2018-12-10,4.4,1.0,10.0,,,331.0,5.5,,1014.1,
2018-12-11,2.5,-2.0,10.0,,,0.0,7.4,,1017.7,
2018-12-12,1.3,-4.0,7.0,,,28.0,5.9,,1018.6,
2018-12-13,3.3,2.0,5.0,,,3.0,9.2,,1012.7,
2018-12-14,5.0,4.0,6.0,,,2.0,17.5,,1011.0,
2018-12-15,2.9,-1.0,5.0,,,1.0,13.4,,1016.5,
2018-12-16,1.6,-3.0,5.0,,,351.0,8.4,,1018.5,
2018-12-17,4.9,4.0,6.0,,,356.0,17.5,,1015.7,
2018-12-18,5.2,1.0,9.0,,,356.0,16.5,,1025.4,
2018-12-19,1.7,-2.0,6.0,,,90.0,4.1,,1023.8,
2018-12-20,7.0,3.0,11.0,,,34.0,5.3,,1021.7,
2018-12-21,7.2,4.0,11.0,,,150.0,4.7,,1026.9,
2018-12-22,11.5,9.0,13.0,,,197.0,6.1,,1024.0,
2018-12-23,10.9,7.0,14.0,,,277.0,3.7,,1023.7,
2018-12-24,10.3,9.0,13.0,,,315.0,7.2,,1019.3,
2018-12-25,7.4,3.0,12.0,,,7.0,14.0,,1027.1,
2018-12-26,2.5,-2.0,9.0,,,15.0,7.1,,1030.3,
2018-12-27,1.6,-2.0,10.0,,,10.0,5.1,,1027.6,
2018-12-28,2.6,-2.0,6.0,,,20.0,5.4,,1026.2,
2018-12-29,4.3,2.0,6.0,,,1.0,8.5,,1026.4,
2018-12-30,4.0,1.2,10.0,,,293.0,7.6,,1024.5,
2018-12-31,2.9,-2.0,9.0,,,14.0,6.4,,1025.8,
2019-01-01,6.9,1.0,11.0,,,359.0,14.0,,1025.0,
2019-01-02,4.3,1.0,8.0,,,351.0,10.8,,1017.5,
2019-01-03,1.5,-4.0,6.0,,,0.0,14.2,,1024.2,
2019-01-04,-0.4,-4.0,4.0,,,2.0,12.5,,1027.8,
2019-01-05,-0.2,-6.0,5.0,,,7.0,5.1,,1022.8,
2019-01-06,1.5,-4.0,9.0,,,345.0,6.1,,1020.3,
2019-01-07,-0.3,-5.0,8.0,,,78.0,5.4,,1024.6,
2019-01-08,0.5,-5.0,5.0,,,190.0,3.2,,1017.9,
2019-01-09,5.2,2.0,10.0,,,351.0,13.0,,1003.8,
2019-01-10,3.6,-1.0,7.0,,,351.0,14.9,,1008.3,
2019-01-11,2.1,-2.0,7.0,,,351.0,13.9,,1017.3,
2019-01-12,0.2,-5.0,8.0,,,348.0,7.3,,1018.4,
2019-01-13,4.5,-3.0,11.0,,,231.0,4.8,,1012.0,
2019-01-14,6.9,1.0,14.0,,,272.0,5.6,,1004.4,
2019-01-15,2.5,-3.0,12.0,,,286.0,5.9,,1017.4,
2019-01-16,3.7,-4.0,12.0,,,161.0,7.4,,1022.2,
2019-01-17,6.8,0.0,12.0,,,190.0,9.7,,1016.2,
2019-01-18,8.4,3.0,11.0,,,141.0,10.1,,1011.7,
2019-01-19,5.2,1.0,10.0,,,354.0,7.2,,1012.9,
2019-01-20,5.1,3.0,8.0,,,24.0,6.4,,1012.8,
2019-01-21,5.1,4.0,6.0,,,4.0,16.6,,1012.2,
2019-01-22,3.8,2.0,5.0,,,344.0,12.9,,1004.5,
2019-01-23,4.3,2.0,8.0,,,133.0,4.8,,995.8,
2019-01-24,5.6,2.0,8.0,,,5.0,21.4,,993.6,
2019-01-25,4.3,3.0,6.0,,,24.0,18.5,,1001.8,
2019-01-26,3.9,1.0,9.0,,,17.0,8.4,,1009.0,
2019-01-27,4.6,-2.0,11.0,,,173.0,10.0,,1004.2,
2019-01-28,5.8,0.0,9.0,,,89.0,11.1,,995.5,
2019-01-29,2.5,0.0,7.0,,,337.0,8.0,,1003.4,
2019-01-30,1.8,-2.0,6.0,,,80.0,7.0,,999.1,
2019-01-31,4.9,2.0,9.0,,,192.0,8.3,,1002.6,
2019-02-01,11.8,8.0,14.0,,,163.0,13.7,,1000.8,
2019-02-02,10.5,7.0,13.0,,,143.0,12.7,,998.2,
2019-02-03,7.5,6.0,10.0,,,134.0,9.7,,1003.9,
2019-02-04,7.8,5.0,11.0,,,6.0,20.2,,1018.7,
2019-02-05,6.4,4.0,11.0,,,7.0,21.8,,1020.2,
2019-02-06,8.1,5.0,12.0,,,15.0,19.5,,1020.0,
2019-02-07,5.7,-2.0,15.0,,,314.0,7.2,,1018.7,
2019-02-08,5.8,2.0,14.0,,,332.0,8.4,,1018.2,
2019-02-09,5.8,-1.0,13.0,,,228.0,5.8,,1021.5,
2019-02-10,9.8,5.0,13.0,,,179.0,11.1,,1017.6,
2019-02-11,9.0,2.0,12.0,,,162.0,12.5,,1010.6,
2019-02-12,5.1,-2.0,14.0,,,342.0,8.7,,1023.2,
2019-02-13,5.4,0.0,11.0,,,5.0,17.2,,1032.8,
2019-02-14,8.8,0.0,18.0,,,345.0,14.1,,1032.1,
2019-02-15,8.7,2.0,15.0,,,4.0,19.8,,1029.2,
2019-02-16,7.9,1.0,17.0,,,0.0,12.5,,1029.1,
2019-02-17,5.3,-1.0,16.0,,,325.0,7.0,,1028.3,
2019-02-18,5.2,-2.0,14.0,,,315.0,6.0,,1025.4,
2019-02-19,6.0,1.0,10.0,,,310.0,5.3,,1023.4,
2019-02-20,5.7,0.0,13.0,,,343.0,5.7,,1024.3,
2019-02-21,5.7,-1.0,15.0,,,358.0,5.9,,1026.8,
2019-02-22,6.7,0.0,15.0,,,344.0,7.9,,1024.4,
2019-02-23,5.8,4.0,10.0,,,26.0,33.2,,1027.5,
2019-02-24,5.2,3.0,9.0,,,19.0,28.6,,1030.5,
2019-02-25,8.3,2.0,12.0,,,21.0,27.4,,1029.1,
2019-02-26,11.6,6.0,18.0,,,348.0,14.3,,1026.5,
2019-02-27,9.7,3.0,19.0,,,15.0,14.4,,1023.9,
2019-02-28,8.8,-1.0,18.0,,,237.0,7.4,,1021.4,
2019-03-01,9.1,6.0,14.0,,,153.0,5.4,,1013.8,
2019-03-02,9.8,4.0,18.0,,,320.0,8.3,,1014.5,
2019-03-03,8.6,1.0,19.0,,,316.0,5.9,,1018.3,
2019-03-04,9.6,1.0,17.0,,,184.0,12.6,,1015.1,
2019-03-05,11.3,3.0,16.0,,,204.0,9.8,,1014.3,
2019-03-06,9.2,0.0,18.0,,,176.0,8.9,,1018.3,
2019-03-07,13.4,6.0,21.0,,,171.0,12.1,,1014.1,
2019-03-08,12.8,7.0,18.0,,,194.0,9.5,,1019.0,
2019-03-09,9.7,1.0,18.0,,,224.0,7.6,,1024.0,
2019-03-10,9.8,3.0,15.0,,,153.0,9.5,,1021.7,
2019-03-11,11.5,6.0,17.0,,,266.0,12.8,,1014.4,
2019-03-12,8.0,1.0,13.0,,,349.0,17.9,,1020.8,
2019-03-13,5.6,-3.0,15.0,,,127.0,10.4,,1014.9,
2019-03-14,9.0,3.0,15.0,,,301.0,10.2,,1012.6,
2019-03-15,11.0,6.0,17.0,,,178.0,6.2,,1013.5,
2019-03-16,10.4,4.0,16.0,,,178.0,9.2,,1018.1,
2019-03-17,12.6,10.0,16.0,,,210.0,9.5,,1016.1,
2019-03-18,12.0,8.0,16.0,,,172.0,11.3,,1012.9,
2019-03-19,8.1,6.0,11.0,,,11.0,16.6,,1018.8,
2019-03-20,8.9,5.0,13.0,,,19.0,22.9,,1024.9,
2019-03-21,10.9,6.0,17.0,,,12.0,22.8,,1026.3,
2019-03-22,12.8,7.0,19.0,,,5.0,19.8,,1025.8,
2019-03-23,13.3,6.0,21.0,,,10.0,15.7,,1022.6,
2019-03-24,12.7,2.0,23.0,,,248.0,7.3,,1020.5,
2019-03-25,11.8,2.0,21.0,,,198.0,8.9,,1013.6,
2019-03-26,9.0,7.0,12.0,,,24.0,31.0,,1014.9,
2019-03-27,10.0,6.0,14.0,,,25.0,26.6,,1021.2,
2019-03-28,9.4,4.0,13.0,,,21.0,23.9,,1024.5,
2019-03-29,10.3,3.0,16.0,,,11.0,18.8,,1027.0,
2019-03-30,9.8,-1.0,20.0,,,314.0,9.2,,1023.1,
2019-03-31,11.5,2.0,22.0,,,301.0,6.2,,1017.1,
2019-04-01,12.5,3.0,23.0,,,358.0,9.0,,1014.0,
2019-04-02,13.1,5.0,21.0,,,245.0,8.6,,1014.2,
2019-04-03,12.5,7.0,17.0,,,187.0,11.9,,1010.7,
2019-04-04,12.1,6.0,19.0,,,162.0,10.7,,1001.6,
2019-04-05,7.5,4.0,11.0,,,246.0,7.9,,1003.5,
2019-04-06,9.1,1.0,18.0,,,331.0,7.0,,1006.1,
2019-04-07,11.2,6.0,17.0,,,215.0,8.2,,1005.9,
2019-04-08,10.0,4.0,15.0,,,256.0,9.1,,1007.6,
2019-04-09,12.7,9.0,18.0,,,212.0,5.3,,1007.6,
2019-04-10,12.0,7.0,16.0,,,199.0,7.6,,1006.7,
2019-04-11,11.0,9.0,15.0,,,89.0,5.6,,1007.7,
2019-04-12,10.5,4.0,16.0,,,20.0,13.4,,1009.8,
2019-04-13,10.5,7.0,14.0,,,4.0,19.2,,1011.7,
2019-04-14,8.8,3.0,14.0,,,23.0,9.4,,1010.7,
2019-04-15,11.3,9.0,15.0,,,7.0,17.0,,1015.7,
2019-04-16,11.5,4.0,19.0,,,314.0,8.6,,1018.8,
2019-04-17,13.1,8.0,20.0,,,342.0,8.7,,1019.5,
2019-04-18,12.9,5.0,20.0,,,39.0,16.9,,1022.3,
2019-04-19,14.1,8.0,20.0,,,7.0,17.7,,1026.2,
2019-04-20,14.3,5.0,22.0,,,19.0,12.9,,1024.3,
2019-04-21,14.7,8.0,22.0,,,40.0,11.4,,1018.3,
2019-04-22,14.8,11.0,21.0,,,0.0,13.0,,1009.3,
2019-04-23,15.1,12.0,19.0,,,154.0,8.6,,1005.6,
2019-04-24,17.6,12.0,23.0,,,197.0,11.2,,1014.6,
2019-04-25,16.8,8.0,26.0,,,342.0,7.1,,1017.5,
2019-04-26,14.6,10.0,20.0,,,186.0,11.5,,1016.8,
2019-04-27,14.3,9.0,20.0,,,218.0,10.6,,1017.2,
2019-04-28,11.7,6.0,18.0,,,228.0,9.2,,1014.0,
2019-04-29,8.6,4.0,14.0,,,350.0,9.6,,1012.0,
2019-04-30,10.5,4.0,18.0,,,286.0,8.2,,1013.6,
2019-05-01,12.9,9.0,19.0,,,325.0,6.1,,1014.3,
2019-05-02,12.5,5.0,21.0,,,220.0,7.2,,1014.6,
2019-05-03,14.2,8.0,20.0,,,182.0,9.9,,1011.1,
2019-05-04,12.6,9.0,18.0,,,120.0,7.0,,1004.1,
2019-05-05,10.8,7.0,14.0,,,170.0,11.9,,1000.1,
2019-05-06,8.4,5.0,12.0,,,358.0,13.0,,1010.2,
2019-05-07,10.4,2.0,18.0,,,293.0,8.1,,1018.6,
2019-05-08,11.8,5.0,18.0,,,205.0,9.7,,1016.3,
2019-05-09,15.1,11.0,21.0,,,204.0,14.0,,1007.1,
2019-05-10,13.1,6.0,20.0,,,292.0,8.8,,1012.5,
2019-05-11,13.8,6.0,21.0,,,195.0,9.3,,1015.0,
2019-05-12,13.0,10.0,17.0,,,359.0,12.5,,1009.6,
2019-05-13,12.5,11.0,14.0,,,7.0,21.1,,1012.4,
2019-05-14,10.7,7.0,13.0,,,19.0,21.4,,1015.5,
2019-05-15,8.8,2.0,13.0,,,5.0,15.6,,1011.4,
2019-05-16,13.3,6.0,20.0,,,353.0,13.3,,1010.4,
2019-05-17,14.7,7.0,22.0,,,294.0,9.4,,1008.7,
2019-05-18,14.4,12.0,17.0,,,103.0,8.3,,1004.9,
2019-05-19,13.3,12.0,15.0,,,175.0,5.5,,1005.1,
2019-05-20,13.7,11.0,17.0,,,161.0,9.8,,1008.5,
2019-05-21,14.4,12.0,17.0,,,158.0,8.8,,1012.8,
2019-05-22,15.8,11.0,21.0,,,220.0,8.7,,1015.8,
2019-05-23,16.4,12.0,23.0,,,298.0,6.7,,1016.2,
2019-05-24,17.7,12.0,24.0,,,254.0,7.7,,1014.6,
2019-05-25,17.0,12.0,23.0,,,298.0,6.6,,1014.4,
2019-05-26,16.5,14.0,20.0,,,4.0,9.7,,1011.2,
2019-05-27,16.9,15.0,22.0,,,23.0,10.1,,1006.2,
2019-05-28,16.1,13.0,20.0,,,173.0,7.3,,1006.5,
2019-05-29,16.3,13.0,20.0,,,169.0,10.0,,1010.4,
2019-05-30,14.6,11.0,19.0,,,356.0,11.6,,1019.9,
2019-05-31,15.9,10.0,21.0,,,15.0,16.2,,1022.3,
2019-06-01,16.2,9.0,24.0,,,9.0,11.1,,1020.1,
2019-06-02,19.5,11.0,27.0,,,7.0,11.1,,1017.4,
2019-06-03,19.9,13.0,29.0,,,302.0,9.8,,1016.6,
2019-06-04,19.6,12.0,28.0,,,312.0,7.7,,1014.8,
2019-06-05,20.6,12.0,28.0,,,259.0,8.9,,1012.2,
2019-06-06,20.5,13.0,27.0,,,207.0,12.2,,1014.5,
2019-06-07,21.4,12.0,30.0,,,182.0,9.0,,1017.9,
2019-06-08,24.4,15.0,31.0,,,269.0,8.2,,1020.2,
2019-06-09,24.8,16.0,32.0,,,31.0,8.0,,1019.5,
2019-06-10,24.9,17.0,34.0,,,77.0,8.1,,1013.0,
2019-06-11,24.5,17.0,32.0,,,289.0,9.7,,1009.5,
2019-06-12,23.9,17.0,31.0,,,253.0,13.1,,1010.6,
2019-06-13,23.0,13.0,32.0,,,268.0,6.8,,1015.8,
2019-06-14,25.6,16.0,36.0,,,88.0,9.3,,1016.6,
2019-06-15,25.7,20.0,31.0,,,279.0,11.4,,1014.8,
2019-06-16,22.8,15.0,30.0,,,296.0,8.0,,1014.7,
2019-06-17,22.6,15.0,32.0,,,346.0,10.7,,1014.1,
2019-06-18,24.4,17.0,31.0,,,348.0,9.8,,1014.3,
2019-06-19,24.8,17.0,31.0,,,268.0,9.4,,1013.8,
2019-06-20,23.8,15.0,31.0,,,238.0,8.2,,1014.0,
2019-06-21,24.0,15.0,32.0,,,290.0,8.9,,1015.4,
2019-06-22,24.2,18.0,30.0,,,163.0,9.6,,1014.1,
2019-06-23,23.5,16.0,31.0,,,342.0,8.3,,1014.3,
2019-06-24,24.8,18.0,31.0,,,15.0,18.1,,1017.9,
2019-06-25,25.8,19.0,32.0,,,18.0,17.0,,1020.6,
2019-06-26,27.0,19.0,33.0,,,13.0,19.8,,1021.5,
2019-06-27,28.0,19.0,36.0,,,8.0,9.8,,1018.5,
2019-06-28,28.1,19.0,36.0,,,27.0,10.1,,1014.3,
2019-06-29,27.5,22.0,32.0,,,17.0,19.3,,1016.9,
2019-06-30,25.3,15.0,34.0,,,346.0,8.0,,1018.6,
2019-07-01,26.6,17.0,35.0,,,0.0,7.8,,1017.7,
2019-07-02,27.2,18.0,36.0,,,324.0,8.9,,1014.8,
2019-07-03,27.8,19.0,36.0,,,285.0,8.8,,1014.3,
2019-07-04,27.6,21.0,34.0,,,335.0,11.5,,1016.0,
2019-07-05,27.0,19.0,34.0,,,294.0,10.2,,1015.9,
2019-07-06,27.4,18.0,35.0,,,215.0,10.3,,1014.3,
2019-07-07,25.5,18.0,33.0,,,221.0,10.0,,1011.9,
2019-07-08,27.2,22.0,34.0,,,198.0,8.6,,1012.1,
2019-07-09,26.1,21.0,34.0,,,202.0,11.3,,1011.9,
2019-07-10,22.6,18.0,27.0,,,7.0,19.8,,1009.6,
2019-07-11,22.9,15.0,29.0,,,340.0,9.5,,1013.2,
2019-07-12,22.5,18.0,29.0,,,30.0,8.6,,1012.1,
2019-07-13,22.0,18.0,27.0,,,21.0,7.1,,1010.1,
2019-07-14,22.9,16.0,29.0,,,23.0,12.7,,1010.8,
2019-07-15,19.3,17.0,22.0,,,2.0,10.1,,1008.8,
2019-07-16,21.9,16.0,27.0,,,13.0,20.1,,1011.7,
2019-07-17,22.0,13.0,30.0,,,358.0,11.0,,1012.8,
2019-07-18,23.5,15.0,32.0,,,341.0,8.8,,1012.1,
2019-07-19,24.7,17.0,32.0,,,340.0,8.7,,1015.6,
2019-07-20,25.3,17.0,33.0,,,258.0,7.9,,1018.4,
2019-07-21,26.8,18.0,35.0,,,275.0,8.1,,1020.2,
2019-07-22,26.6,17.0,35.0,,,5.0,11.3,,1020.7,
2019-07-23,28.1,20.0,34.0,,,10.0,16.7,,1018.5,
2019-07-24,28.4,20.0,36.0,,,352.0,10.1,,1016.2,
2019-07-25,29.0,19.0,37.0,,,314.0,7.8,,1015.9,
2019-07-26,28.9,21.0,37.0,,,249.0,10.4,,1012.1,
2019-07-27,25.2,19.0,33.0,,,244.0,12.9,,1005.4,
2019-07-28,20.3,18.0,23.0,,,184.0,10.8,,999.6,
2019-07-29,24.0,20.0,30.0,,,210.0,8.4,,1007.1,
2019-07-30,24.3,17.0,32.0,,,294.0,6.8,,1011.6,
2019-07-31,25.2,18.0,32.0,,,248.0,8.4,,1014.0,
2019-08-01,25.5,19.2,33.0,,,296.0,7.6,,1014.8,
2019-08-02,24.8,18.0,32.0,,,264.0,11.8,,1012.1,
2019-08-03,24.2,19.0,29.0,,,10.0,12.2,,1011.6,
2019-08-04,23.6,15.0,31.0,,,356.0,7.9,,1014.2,
2019-08-05,24.8,17.0,32.0,,,317.0,8.6,,1015.8,
2019-08-06,25.0,16.0,33.0,,,253.0,9.6,,1015.8,
2019-08-07,25.3,17.0,33.0,,,214.0,11.8,,1013.0,
2019-08-08,25.4,18.0,32.0,,,58.0,6.2,,1011.8,
2019-08-09,27.3,20.0,35.0,,,353.0,8.0,,1014.1,
2019-08-10,27.5,20.0,36.0,,,330.0,8.0,,1015.6,
2019-08-11,27.8,19.0,37.0,,,303.0,7.8,,1015.2,
2019-08-12,28.0,19.0,37.0,,,345.0,7.9,,1012.9,
2019-08-13,28.1,22.0,34.0,,,289.0,9.6,,1010.8,
2019-08-14,23.5,16.0,30.0,,,328.0,10.4,,1012.3,
2019-08-15,23.3,16.0,30.0,,,347.0,10.5,,1014.7,
2019-08-16,22.7,15.0,29.0,,,0.0,11.9,,1015.0,
2019-08-17,23.3,14.0,31.0,,,336.0,8.2,,1016.5,
2019-08-18,24.9,16.0,33.0,,,295.0,7.7,,1016.3,
2019-08-19,25.5,17.0,34.0,,,329.0,7.0,,1016.7,
2019-08-20,26.5,18.0,36.0,,,320.0,7.9,,1017.0,
2019-08-21,27.0,21.0,36.0,,,316.0,8.8,,1017.0,
2019-08-22,25.1,21.0,32.0,,,353.0,13.0,,1018.4,
2019-08-23,23.3,19.0,31.0,,,355.0,8.8,,1019.2,
2019-08-24,22.2,18.0,29.0,,,341.0,11.2,,1018.5,
2019-08-25,22.9,18.0,31.0,,,16.0,7.6,,1017.3,
2019-08-26,23.0,17.0,31.0,,,358.0,6.3,,1017.3,
2019-08-27,24.7,17.0,33.0,,,357.0,7.4,,1017.5,
2019-08-28,24.3,19.0,32.0,,,344.0,7.8,,1017.3,
2019-08-29,23.6,18.0,32.0,,,330.0,8.8,,1017.6,
2019-08-30,25.1,19.0,33.0,,,348.0,10.1,,1018.1,
2019-08-31,22.5,18.0,31.0,,,0.0,8.8,,1016.0,
2019-09-01,22.0,16.0,31.0,,,356.0,8.4,,1012.9,
2019-09-02,21.5,17.0,30.0,,,342.0,9.1,,1013.3,
2019-09-03,21.4,16.0,27.0,,,15.0,16.9,,1016.7,
2019-09-04,21.2,16.0,26.0,,,4.0,17.6,,1016.4,
2019-09-05,20.5,13.0,30.0,,,327.0,7.7,,1012.2,
2019-09-06,20.8,15.0,28.0,,,198.0,11.3,,1013.2,
2019-09-07,18.9,14.0,24.0,,,36.0,9.4,,1014.7,
2019-09-08,19.5,13.0,26.0,,,150.0,13.8,,1013.4,
2019-09-09,19.8,13.0,26.0,,,245.0,8.4,,1013.5,
2019-09-10,18.9,11.0,27.0,,,353.0,8.7,,1015.3,
2019-09-11,21.4,15.0,28.0,,,6.0,17.0,,1019.1,
2019-09-12,20.2,12.0,28.0,,,5.0,13.0,,1026.0,
2019-09-13,21.6,14.0,29.0,,,7.0,15.2,,1027.6,
2019-09-14,22.0,14.0,30.0,,,6.0,15.9,,1026.0,
2019-09-15,21.9,14.0,30.0,,,359.0,9.7,,1023.7,
2019-09-16,22.1,14.0,30.0,,,309.0,6.9,,1019.4,
2019-09-17,22.3,14.0,31.0,,,234.0,8.1,,1016.5,
2019-09-18,22.7,16.0,29.0,,,310.0,7.0,,1015.8,
2019-09-19,20.5,17.0,26.0,,,0.0,16.1,,1016.8,
2019-09-20,18.3,13.0,23.0,,,13.0,18.4,,1021.8,
2019-09-21,17.2,8.0,26.0,,,341.0,8.8,,1022.0,
2019-09-22,17.3,15.0,20.0,,,345.0,7.6,,1017.6,
2019-09-23,18.5,16.0,24.0,,,152.0,4.1,,1013.2,
2019-09-24,18.3,16.0,23.0,,,304.0,4.8,,1013.3,
2019-09-25,18.0,12.0,25.0,,,143.0,6.9,,1012.0,
2019-09-26,19.4,14.0,26.0,,,319.0,5.9,,1014.5,
2019-09-27,19.2,13.0,26.0,,,315.0,7.1,,1018.1,
2019-09-28,20.0,14.0,26.0,,,185.0,7.3,,1018.8,
2019-09-29,21.0,16.0,26.0,,,224.0,7.4,,1017.3,
2019-09-30,20.7,15.0,26.0,,,208.0,10.8,,1014.3,
2019-10-01,21.2,16.0,27.0,,,153.0,7.6,,1012.8,
2019-10-02,18.0,15.0,24.0,,,206.0,9.3,,1007.1,
2019-10-03,13.5,11.0,15.0,,,356.0,12.4,,1009.1,
2019-10-04,13.2,7.0,20.0,,,329.0,9.4,,1013.0,
2019-10-05,16.0,11.0,22.0,,,349.0,6.6,,1010.1,
2019-10-06,15.8,10.0,23.0,,,335.0,8.3,,1012.0,
2019-10-07,15.8,14.0,20.0,,,11.0,16.5,,1009.2,
2019-10-08,15.7,10.0,23.0,,,341.0,11.7,,1017.4,
2019-10-09,15.4,7.0,24.0,,,246.0,10.2,,1018.4,
2019-10-10,20.0,16.0,24.0,,,198.0,10.2,,1016.6,
2019-10-11,17.7,12.0,24.0,,,324.0,7.6,,1021.6,
2019-10-12,16.3,10.0,23.0,,,312.0,8.5,,1023.5,
2019-10-13,16.3,11.0,23.0,,,327.0,6.0,,1023.8,
2019-10-14,15.8,10.0,23.0,,,359.0,6.7,,1021.8,
2019-10-15,17.1,12.0,23.0,,,148.0,8.1,,1016.4,
2019-10-16,17.2,13.0,21.0,,,263.0,8.2,,1017.3,
2019-10-17,13.9,8.0,22.0,,,352.0,7.1,,1020.1,
2019-10-18,14.2,8.0,22.0,,,320.0,7.0,,1019.1,
2019-10-19,15.5,11.0,22.0,,,302.0,8.1,,1018.0,
2019-10-20,16.7,9.0,24.0,,,160.0,6.5,,1019.6,
2019-10-21,18.7,12.0,27.0,,,38.0,6.6,,1021.8,
2019-10-22,17.5,12.0,26.0,,,325.0,6.8,,1021.4,
2019-10-23,17.3,11.0,26.0,,,333.0,6.5,,1019.1,
2019-10-24,16.0,10.0,23.0,,,337.0,9.2,,1015.8,
2019-10-25,17.6,13.0,23.3,,,3.0,13.3,,1017.2,
2019-10-26,17.4,11.0,26.0,,,328.0,9.4,,1021.7,
2019-10-27,14.7,8.0,23.0,,,340.0,7.6,,1020.9,
2019-10-28,13.4,7.0,21.0,,,333.0,5.5,,1017.4,
2019-10-29,13.4,7.0,21.0,,,255.0,3.9,,1017.1,
2019-10-30,15.3,12.0,19.0,,,1.0,4.3,,1018.9,
2019-10-31,15.2,14.0,18.0,,,353.0,7.0,,1017.4,
2019-11-01,15.1,13.0,18.0,,,6.0,14.6,,1014.9,
2019-11-02,14.9,13.0,19.0,,,184.0,7.1,,1009.0,
2019-11-03,17.0,14.0,21.0,,,162.0,15.8,,998.6,
2019-11-04,15.4,13.0,18.0,,,171.0,11.0,,1002.6,
2019-11-05,17.0,12.0,20.0,,,195.0,18.8,,1001.8,
2019-11-06,12.9,10.0,17.0,,,190.0,9.0,,1005.2,
2019-11-07,10.8,7.0,16.0,,,291.0,4.5,,1008.2,
2019-11-08,10.6,7.0,14.0,,,149.0,10.8,,1005.3,
2019-11-09,10.2,5.0,15.0,,,344.0,8.7,,1008.5,
2019-11-10,10.7,8.0,14.0,,,34.0,8.0,,1009.2,
2019-11-11,11.4,10.0,14.0,,,11.0,7.1,,1010.5,
2019-11-12,12.2,10.0,15.0,,,347.0,14.1,,997.2,
2019-11-13,11.1,9.0,15.0,,,225.0,4.7,,999.6,
2019-11-14,10.9,7.0,15.0,,,359.0,5.8,,1006.7,
2019-11-15,13.1,11.0,17.0,,,180.0,9.2,,1004.4,
2019-11-16,12.0,11.0,14.0,,,19.0,11.5,,1009.3,
2019-11-17,11.1,6.0,15.0,,,171.0,11.2,,1004.4,
2019-11-18,10.5,6.0,14.0,,,153.0,6.0,,1012.7,
2019-11-19,11.0,8.0,14.0,,,20.0,7.6,,1013.6,
2019-11-20,10.1,7.0,14.0,,,249.0,4.8,,1012.8,
2019-11-21,10.3,8.0,14.0,,,43.0,4.6,,1013.0,
2019-11-22,9.9,6.0,15.0,,,27.0,5.5,,1012.7,
2019-11-23,12.3,7.0,17.0,,,44.0,9.3,,1007.5,
2019-11-24,13.2,11.0,16.0,,,4.0,11.6,,1002.8,
2019-11-25,14.3,10.0,18.0,,,3.0,16.4,,1004.7,
2019-11-26,9.4,5.0,14.0,,,350.0,5.6,,1010.0,
2019-11-27,11.3,8.0,15.0,,,175.0,8.0,,1008.2,
2019-11-28,12.3,11.0,16.0,,,189.0,9.1,,1007.3,
2019-11-29,11.2,8.0,15.0,,,245.0,6.1,,1011.2,
2019-11-30,9.0,6.0,15.0,,,317.0,4.8,,1017.5,
2019-12-01,8.3,3.0,13.0,,,314.0,5.4,,1019.5,
2019-12-02,13.3,11.0,15.0,,,170.0,8.9,,1015.1,
2019-12-03,9.5,6.0,11.0,,,4.0,20.5,,1019.6,
2019-12-04,6.7,3.0,10.0,,,6.0,20.2,,1020.4,
2019-12-05,5.4,1.0,9.0,,,18.0,8.1,,1022.5,
2019-12-06,7.9,4.0,12.0,,,2.0,4.8,,1022.9,
2019-12-07,10.0,8.0,14.0,,,313.0,3.9,,1020.1,
2019-12-08,10.7,8.0,14.0,,,228.0,4.4,,1019.8,
2019-12-09,10.7,7.0,14.0,,,175.0,7.1,,1010.3,
2019-12-10,8.2,5.0,12.0,,,1.0,17.7,,1013.0,
2019-12-11,5.3,0.0,9.0,,,5.0,14.6,,1013.7,
2019-12-12,2.0,-1.0,6.0,,,20.0,6.4,,1004.7,
2019-12-13,5.8,1.0,11.0,,,212.0,12.9,,991.5,
2019-12-14,4.3,-1.0,8.0,,,15.0,4.4,,1004.4,
2019-12-15,10.0,5.0,15.0,,,191.0,5.8,,1016.7,
2019-12-16,10.8,7.0,15.0,,,5.0,5.6,,1020.8,
2019-12-17,9.7,5.0,17.0,,,14.0,7.3,,1019.4,
2019-12-18,9.3,6.0,13.0,,,32.0,5.0,,1021.8,
2019-12-19,8.1,6.0,10.0,,,75.0,5.2,,1019.5,
2019-12-20,9.7,6.0,14.0,,,177.0,9.3,,1012.3,
2019-12-21,14.0,11.0,16.0,,,177.0,19.1,,999.2,
2019-12-22,12.7,11.0,16.0,,,201.0,18.9,,992.0,
2019-12-23,9.5,3.0,15.0,,,232.0,7.6,,1004.8,
2019-12-24,4.7,0.0,10.0,,,323.0,5.0,,1017.2,
2019-12-25,7.2,2.0,14.0,,,305.0,4.6,,1015.9,
2019-12-26,3.3,-1.0,9.0,,,58.0,5.7,,1021.0,
2019-12-27,4.7,0.0,12.0,,,318.0,4.1,,1022.0,
2019-12-28,6.3,3.0,9.0,,,4.0,14.9,,1028.4,
2019-12-29,5.5,4.0,7.0,,,19.0,23.6,,1030.8,
2019-12-30,5.0,3.0,7.0,,,27.0,24.8,,1032.3,
2019-12-31,2.2,-3.0,8.0,,,354.0,6.8,,1030.5,
2020-01-01,1.9,-2.0,10.0,,,289.0,3.9,,1029.9,
2020-01-02,2.5,-3.0,11.0,,,339.0,4.7,,1030.6,
2020-01-03,3.3,-1.0,10.0,,,312.0,4.3,,1028.4,
2020-01-04,6.3,2.0,11.0,,,315.0,3.2,,1023.7,
2020-01-05,5.8,1.0,13.0,,,15.0,12.5,,1026.7,
2020-01-06,4.0,1.0,9.0,,,343.0,15.8,,1029.1,
2020-01-07,1.8,-5.0,7.0,,,341.0,6.1,,1025.6,
2020-01-08,7.3,1.0,13.0,,,359.0,18.2,,1028.3,
2020-01-09,1.9,-4.0,10.0,,,334.0,5.0,,1028.5,
2020-01-10,2.2,-4.0,11.0,,,312.0,5.0,,1026.0,
2020-01-11,3.8,-3.0,13.0,,,353.0,10.2,,1025.9,
2020-01-12,6.0,2.0,12.0,,,10.0,14.9,,1026.2,
2020-01-13,2.4,-3.0,10.0,,,2.0,5.1,,1025.9,
2020-01-14,3.7,-3.0,10.0,,,331.0,4.5,,1026.5,
2020-01-15,5.7,0.0,11.0,,,304.0,3.7,,1028.7,
2020-01-16,2.3,-2.0,10.0,,,4.0,4.5,,1029.5,
2020-01-17,1.9,-4.0,7.0,,,252.0,3.5,,1026.5,
2020-01-18,7.3,5.0,10.0,,,352.0,6.8,,1020.7,
2020-01-19,7.4,5.0,10.0,,,1.0,17.1,,1024.4,
2020-01-20,6.9,5.0,9.0,,,5.0,17.6,,1035.3,
2020-01-21,6.3,4.0,11.0,,,1.0,16.6,,1038.0,
2020-01-22,4.2,-1.0,12.0,,,356.0,4.8,,1033.3,
2020-01-23,2.8,-2.0,11.0,,,240.0,4.8,,1028.8,
2020-01-24,4.3,-3.0,12.0,,,334.0,4.4,,1026.3,
2020-01-25,8.2,4.6,13.0,,,65.0,6.0,,1022.7,
2020-01-26,7.5,5.0,11.0,,,249.0,3.8,,1020.2,
2020-01-27,7.7,6.0,11.0,,,267.0,3.2,,1019.8,
2020-01-28,11.1,8.0,14.0,,,187.0,13.7,,1012.9,
2020-01-29,11.0,6.0,14.0,,,230.0,13.6,,1013.1,
2020-01-30,9.0,4.0,14.0,,,264.0,5.1,,1020.0,
2020-01-31,10.8,10.0,12.0,,,152.0,4.7,,1020.9,
2020-02-01,11.6,10.0,14.0,,,181.0,5.7,,1020.2,
2020-02-02,12.9,11.0,15.0,,,181.0,7.1,,1020.9,
2020-02-03,12.4,9.0,17.0,,,281.0,4.6,,1018.7,
2020-02-04,10.2,6.0,16.0,,,277.0,13.1,,1009.4,
2020-02-05,6.0,-2.0,11.0,,,349.0,20.1,,1015.6,
2020-02-06,6.3,1.0,10.0,,,25.0,25.3,,1026.2,
2020-02-07,2.2,-4.0,12.0,,,359.0,6.5,,1027.1,
2020-02-08,3.1,-4.0,14.0,,,354.0,5.2,,1028.3,
2020-02-09,5.8,-2.0,13.0,,,197.0,5.9,,1030.6,
2020-02-10,11.7,9.0,13.0,,,179.0,13.2,,1021.8,
2020-02-11,13.6,10.0,18.0,,,208.0,13.1,,1013.6,
2020-02-12,9.6,3.0,16.0,,,276.0,7.2,,1018.0,
2020-02-13,7.3,-1.0,15.0,,,241.0,10.3,,1020.4,
2020-02-14,11.1,5.0,16.0,,,89.0,10.7,,1017.6,
2020-02-15,7.2,0.0,16.0,,,355.0,10.6,,1026.2,
2020-02-16,6.5,0.0,16.0,,,351.0,6.7,,1028.8,
2020-02-17,7.2,0.0,17.0,,,257.0,6.9,,1027.1,
2020-02-18,9.0,1.0,16.0,,,291.0,5.5,,1023.7,
2020-02-19,7.9,3.0,13.0,,,257.0,5.0,,1020.3,
2020-02-20,6.8,2.0,14.0,,,356.0,11.5,,1023.3,
2020-02-21,5.4,-2.0,15.0,,,49.0,5.2,,1024.5,
2020-02-22,7.6,0.0,17.0,,,21.0,6.5,,1029.9,
2020-02-23,7.1,0.0,15.0,,,253.0,5.8,,1029.0,
2020-02-24,8.6,1.0,17.0,,,327.0,5.3,,1021.8,
2020-02-25,12.7,7.0,16.0,,,182.0,13.2,,1013.1,
2020-02-26,10.5,4.0,15.0,,,226.0,19.9,,1002.5,
2020-02-27,6.4,-2.0,13.0,,,219.0,11.8,,1010.6,
2020-02-28,9.4,2.0,14.0,,,6.0,13.6,,1014.2,
2020-02-29,6.4,-1.0,15.0,,,187.0,8.8,,1017.4,
2020-03-01,11.2,9.0,14.0,,,183.0,10.7,,1008.3,
2020-03-02,11.4,9.0,15.0,,,161.0,16.7,,1002.4,
2020-03-03,9.3,6.0,12.0,,,162.0,12.0,,1000.5,
2020-03-04,6.2,2.0,11.0,,,332.0,8.2,,1009.3,
2020-03-05,6.6,0.0,12.0,,,225.0,9.5,,1009.6,
2020-03-06,11.0,7.0,14.0,,,202.0,12.9,,1000.8,
2020-03-07,8.3,6.0,12.0,,,354.0,12.5,,1009.2,
2020-03-08,8.0,2.0,13.0,,,15.0,12.3,,1018.0,
2020-03-09,6.5,0.0,13.0,,,3.0,7.2,,1013.4,
2020-03-10,8.9,2.0,16.0,,,353.0,8.2,,1016.5,
2020-03-11,9.6,2.0,19.0,,,328.0,6.7,,1020.7,
2020-03-12,9.7,2.0,17.0,,,263.0,7.6,,1022.0,
2020-03-13,10.5,5.0,17.0,,,267.0,6.4,,1017.1,
2020-03-14,11.3,6.0,16.0,,,349.0,9.8,,1015.1,
2020-03-15,10.0,6.0,14.0,,,12.0,21.9,,1020.3,
2020-03-16,9.3,1.0,18.0,,,3.0,9.4,,1024.5,
2020-03-17,10.3,3.0,19.0,,,335.0,9.4,,1028.9,
2020-03-18,10.5,3.0,18.0,,,358.0,15.1,,1025.9,
2020-03-19,11.7,2.0,21.0,,,316.0,6.4,,1024.0,
2020-03-20,11.5,3.0,20.0,,,320.0,7.1,,1021.3,
2020-03-21,12.0,4.0,19.0,,,295.0,6.8,,1014.8,
2020-03-22,11.5,8.0,16.0,,,24.0,21.5,,1014.9,
2020-03-23,4.8,3.0,7.0,,,34.0,31.5,,1023.0,
2020-03-24,2.5,1.0,6.0,,,9.0,17.7,,1021.4,
2020-03-25,3.1,0.0,6.0,,,2.0,15.9,,1014.5,
2020-03-26,6.8,5.0,9.0,,,20.0,28.3,,1007.1,
2020-03-27,10.2,8.0,12.0,,,13.0,24.7,,1010.1,
2020-03-28,11.3,7.0,16.0,,,16.0,13.0,,1013.2,
2020-03-29,10.9,4.0,19.0,,,319.0,6.3,,1012.5,
2020-03-30,10.7,6.0,18.0,,,356.0,10.0,,1012.0,
2020-03-31,7.1,4.0,10.0,,,18.0,22.3,,1017.0,
2020-04-01,5.0,0.0,9.0,,,30.0,19.7,,1017.9,
2020-04-02,6.1,-3.0,14.0,,,344.0,7.5,,1013.6,
2020-04-03,7.3,-1.0,16.0,,,0.0,15.0,,1012.5,
2020-04-04,10.7,3.0,17.0,,,17.0,18.6,,1017.5,
2020-04-05,11.7,4.0,17.0,,,3.0,17.6,,1020.4,
2020-04-06,12.9,5.0,20.0,,,9.0,15.4,,1023.3,
2020-04-07,12.3,4.0,21.0,,,18.0,13.1,,1026.1,
2020-04-08,12.5,3.0,21.0,,,3.0,12.7,,1024.4,
2020-04-09,11.3,0.0,22.0,,,8.0,9.8,,1021.5,
2020-04-10,12.8,3.0,24.0,,,326.0,7.6,,1021.8,
2020-04-11,13.9,4.0,25.0,,,302.0,7.0,,1021.5,
2020-04-12,14.1,5.0,24.0,,,319.0,6.9,,1020.5,
2020-04-13,13.4,6.0,20.0,,,252.0,8.7,,1016.5,
2020-04-14,12.6,8.0,18.0,,,2.0,9.0,,1012.6,
2020-04-15,10.0,4.0,15.0,,,17.0,18.8,,1022.0,
2020-04-16,11.0,1.0,22.0,,,282.0,8.7,,1022.0,
2020-04-17,12.9,4.0,22.0,,,304.0,5.4,,1019.7,
2020-04-18,15.5,7.0,24.0,,,249.0,7.0,,1017.7,
2020-04-19,16.4,10.0,23.0,,,308.0,7.0,,1013.8,
2020-04-20,15.1,13.0,18.0,,,352.0,11.8,,1009.3,
2020-04-21,12.8,12.0,14.0,,,17.0,22.5,,1008.6,
2020-04-22,12.5,11.0,13.0,,,22.0,22.0,,1013.0,
2020-04-23,14.4,10.0,19.0,,,15.0,19.6,,1015.9,
2020-04-24,13.0,4.0,22.0,,,285.0,7.9,,1015.1,
2020-04-25,14.0,5.0,21.0,,,246.0,8.8,,1011.9,
2020-04-26,14.4,6.0,22.0,,,251.0,6.3,,1010.6,
2020-04-27,15.3,7.0,23.0,,,246.0,8.3,,1013.1,
2020-04-28,13.3,8.0,18.0,,,178.0,8.2,,1012.6,
2020-04-29,16.0,12.0,21.0,,,208.0,14.7,,1010.3,
2020-04-30,15.5,11.0,21.0,,,197.0,9.7,,1012.5,
2020-05-01,16.6,13.0,19.0,,,186.0,11.4,,1010.6,
2020-05-02,17.5,14.0,22.0,,,241.0,9.1,,1009.2,
2020-05-03,16.0,11.0,22.0,,,17.0,11.7,,1012.5,
2020-05-04,15.5,7.0,24.0,,,325.0,9.5,,1017.7,
2020-05-05,16.1,9.0,23.0,,,201.0,11.5,,1016.4,
2020-05-06,15.6,10.0,23.0,,,4.0,12.5,,1014.0,
2020-05-07,15.9,10.0,22.0,,,17.0,17.9,,1020.0,
2020-05-08,16.3,5.0,26.0,,,271.0,7.6,,1020.7,
2020-05-09,16.6,8.0,25.0,,,264.0,8.8,,1017.0,
2020-05-10,17.7,11.0,25.0,,,275.0,7.3,,1011.9,
2020-05-11,18.1,14.0,23.0,,,222.0,15.1,,1007.5,
2020-05-12,18.8,16.0,23.0,,,186.0,14.1,,1011.4,
2020-05-13,18.7,11.0,26.0,,,146.0,8.7,,1011.3,
2020-05-14,21.6,16.0,29.0,,,244.0,13.2,,1006.9,
2020-05-15,19.3,15.0,22.0,,,193.0,17.1,,1013.4,
2020-05-16,16.2,13.0,20.0,,,355.0,9.1,,1016.8,
2020-05-17,22.4,16.0,29.0,,,312.0,12.9,,1014.3,
2020-05-18,19.5,16.0,22.0,,,9.0,16.3,,1015.8,
2020-05-19,20.0,16.0,26.0,,,316.0,10.6,,1011.5,
2020-05-20,15.7,14.0,18.0,,,341.0,13.2,,1010.7,
2020-05-21,18.3,12.0,23.0,,,31.0,18.4,,1016.5,
2020-05-22,18.5,9.0,27.0,,,332.0,9.9,,1023.3,
2020-05-23,20.2,11.0,29.0,,,239.0,9.8,,1024.7,
2020-05-24,19.7,13.0,25.0,,,355.0,12.1,,1023.2,
2020-05-25,19.7,12.0,26.0,,,8.0,17.4,,1023.8,
2020-05-26,17.4,11.0,22.0,,,18.0,18.9,,1025.4,
2020-05-27,16.4,11.0,21.0,,,17.0,18.4,,1027.5,
2020-05-28,15.8,7.0,23.0,,,2.0,11.0,,1023.8,
2020-05-29,12.9,11.0,15.0,,,3.0,14.9,,1019.1,
2020-05-30,14.9,11.0,20.0,,,12.0,16.8,,1015.7,
2020-05-31,15.8,9.0,21.0,,,359.0,9.4,,1015.3,
2020-06-01,17.0,10.0,22.0,,,9.0,17.4,,1016.5,
2020-06-02,18.4,10.0,26.0,,,357.0,8.9,,1014.2,
2020-06-03,18.7,12.0,26.0,,,230.0,9.2,,1010.6,
2020-06-04,18.3,13.0,24.0,,,171.0,11.9,,1005.2,
2020-06-05,16.8,14.0,20.0,,,168.0,11.4,,1001.2,
2020-06-06,18.8,13.0,26.0,,,297.0,8.2,,1008.0,
2020-06-07,19.2,12.0,25.0,,,193.0,10.4,,1009.3,
2020-06-08,17.6,15.0,21.8,,,17.0,9.1,,1008.3,
2020-06-09,17.3,12.0,22.0,,,19.0,7.8,,1010.2,
2020-06-10,16.8,14.0,21.0,,,178.0,8.9,,1011.0,
2020-06-11,16.0,13.0,19.0,,,197.0,8.4,,1011.6,
2020-06-12,17.7,11.0,25.0,,,259.0,8.6,,1013.8,
2020-06-13,19.1,12.0,27.0,,,202.0,8.6,,1013.6,
2020-06-14,17.3,15.0,20.0,,,185.0,7.0,,1012.3,
2020-06-15,17.4,15.0,21.0,,,179.0,5.4,,1013.4,
2020-06-16,19.5,15.0,23.0,,,312.0,6.3,,1012.3,
2020-06-17,20.1,14.0,25.0,,,248.0,8.0,,1011.8,
2020-06-18,19.8,12.0,26.0,,,221.0,10.0,,1014.3,
2020-06-19,20.3,13.0,26.0,,,216.0,10.1,,1015.7,
2020-06-20,19.2,11.0,26.0,,,352.0,11.2,,1015.9,
2020-06-21,18.4,11.0,27.0,,,343.0,9.1,,1014.6,
2020-06-22,21.4,14.0,29.0,,,19.0,11.7,,1016.2,
2020-06-23,22.6,14.0,29.0,,,26.0,13.4,,1018.0,
2020-06-24,23.1,14.0,30.0,,,30.0,8.2,,1018.4,
2020-06-25,23.5,16.0,30.0,,,1.0,7.3,,1018.3,
2020-06-26,23.8,16.0,31.0,,,351.0,8.0,,1017.4,
2020-06-27,24.5,16.0,32.0,,,325.0,7.9,,1016.6,
2020-06-28,25.0,16.0,33.0,,,341.0,8.1,,1015.9,
2020-06-29,25.3,17.0,33.0,,,252.0,11.6,,1013.5,
2020-06-30,25.5,17.0,32.0,,,222.0,9.9,,1013.2,
2020-07-01,26.5,20.0,33.0,,,223.0,10.7,,1012.9,
2020-07-02,26.0,19.0,34.0,,,268.0,7.2,,1011.5,
2020-07-03,24.4,18.0,33.0,,,266.0,9.5,,1011.8,
2020-07-04,23.2,17.0,29.0,,,29.0,15.7,,1014.9,
2020-07-05,22.5,14.0,29.0,,,31.0,16.5,,1015.3,
2020-07-06,24.2,15.0,33.0,,,26.0,12.5,,1009.6,
2020-07-07,22.9,18.0,26.0,,,30.0,20.4,,1011.7,
2020-07-08,23.8,16.0,31.0,,,15.0,12.2,,1015.8,
2020-07-09,25.3,16.0,33.0,,,0.0,7.6,,1016.3,
2020-07-10,26.5,19.0,34.0,,,331.0,8.8,,1015.0,
2020-07-11,26.2,17.0,34.0,,,227.0,9.6,,1014.5,
2020-07-12,24.6,21.0,29.0,,,17.0,20.1,,1017.2,
2020-07-13,22.6,18.0,27.0,,,30.0,20.7,,1017.3,
2020-07-14,21.6,14.0,28.0,,,22.0,15.2,,1013.6,
2020-07-15,20.5,13.0,29.0,,,10.0,10.2,,1014.2,
2020-07-16,22.2,15.0,29.0,,,351.0,6.4,,1014.3,
2020-07-17,21.1,17.0,25.0,,,20.0,10.6,,1012.9,
2020-07-18,20.9,16.0,26.0,,,31.0,14.6,,1014.2,
2020-07-19,20.9,12.0,28.0,,,34.0,9.8,,1015.5,
2020-07-20,23.8,14.0,32.0,,,346.0,7.7,,1017.2,
2020-07-21,25.4,17.0,34.0,,,336.0,7.7,,1019.2,
2020-07-22,26.0,16.0,34.0,,,335.0,7.9,,1017.5,
2020-07-23,26.4,18.0,34.0,,,256.0,8.9,,1013.4,
2020-07-24,23.4,18.0,34.0,,,281.0,10.4,,1010.9,
2020-07-25,22.5,16.0,29.0,,,20.0,11.6,,1013.5,
2020-07-26,24.0,14.0,33.0,,,316.0,8.3,,1015.0,
2020-07-27,26.0,17.0,34.0,,,359.0,6.7,,1017.1,
2020-07-28,27.3,19.0,35.0,,,354.0,7.3,,1015.7,
2020-07-29,28.4,20.0,37.0,,,325.0,6.7,,1015.8,
2020-07-30,29.0,20.0,38.0,,,327.0,9.1,,1017.0,
2020-07-31,28.7,19.0,39.0,,,307.0,8.0,,1015.9,
2020-08-01,28.8,19.0,38.0,,,350.0,8.0,,1013.0,
2020-08-02,29.2,20.0,37.0,,,304.0,8.5,,1010.0,
2020-08-03,28.0,24.0,34.0,,,199.0,17.9,,1006.5,
2020-08-04,22.5,16.0,28.0,,,185.0,14.6,,1005.2,
2020-08-05,20.8,15.0,26.0,,,30.0,15.8,,1010.7,
2020-08-06,22.5,16.0,29.0,,,19.0,17.3,,1014.5,
2020-08-07,24.9,18.0,32.0,,,28.0,15.6,,1016.8,
2020-08-08,25.8,19.0,32.0,,,13.0,15.4,,1016.5,
2020-08-09,27.5,20.0,35.0,,,11.0,14.8,,1015.3,
2020-08-10,27.0,18.0,36.0,,,4.0,10.5,,1014.4,
2020-08-11,27.9,19.0,36.0,,,13.0,7.8,,1015.6,
2020-08-12,28.0,19.0,36.0,,,305.0,7.9,,1016.0,
2020-08-13,27.6,20.0,36.0,,,199.0,8.7,,1016.1,
2020-08-14,25.8,19.0,34.0,,,291.0,9.1,,1013.2,
2020-08-15,26.0,18.0,34.0,,,271.0,7.2,,1012.3,
2020-08-16,26.8,18.0,35.0,,,314.0,7.6,,1012.0,
2020-08-17,24.5,17.0,34.0,,,244.0,7.9,,1011.6,
2020-08-18,23.8,18.0,30.0,,,286.0,9.0,,1011.7,
2020-08-19,24.8,17.0,32.0,,,326.0,7.6,,1011.2,
2020-08-20,26.1,17.0,34.0,,,345.0,7.2,,1013.3,
2020-08-21,27.5,18.0,36.0,,,344.0,7.8,,1016.4,
2020-08-22,27.8,19.0,37.0,,,259.0,10.3,,1016.1,
2020-08-23,28.0,19.0,36.0,,,321.0,8.3,,1012.4,
2020-08-24,25.3,19.0,32.0,,,32.0,12.4,,1011.3,
2020-08-25,23.4,17.0,31.0,,,16.0,6.3,,1014.0,
2020-08-26,24.8,18.0,33.0,,,320.0,8.9,,1015.9,
2020-08-27,25.8,17.0,34.0,,,295.0,8.9,,1014.0,
2020-08-28,26.2,20.0,33.0,,,187.0,9.3,,1009.8,
2020-08-29,26.3,18.0,34.0,,,186.0,13.6,,1006.2,
2020-08-30,24.0,21.0,27.0,,,203.0,11.1,,1008.6,
2020-08-31,17.7,14.0,21.0,,,233.0,8.3,,1013.2,
2020-09-01,17.7,13.0,25.0,,,15.0,5.6,,1012.8,
2020-09-02,18.7,14.0,26.0,,,32.0,6.3,,1014.4,
2020-09-03,20.6,14.0,27.0,,,5.0,8.8,,1020.0,
2020-09-04,21.7,14.0,29.0,,,11.0,14.6,,1024.4,
2020-09-05,21.8,14.0,30.0,,,335.0,7.2,,1019.2,
2020-09-06,22.0,15.0,30.0,,,268.0,8.1,,1014.5,
2020-09-07,22.0,15.0,29.0,,,16.0,7.6,,1015.8,
2020-09-08,23.8,18.0,29.0,,,20.0,19.0,,1022.1,
2020-09-09,23.9,17.0,31.0,,,359.0,7.2,,1022.5,
2020-09-10,23.8,19.0,30.0,,,14.0,7.6,,1016.4,
2020-09-11,23.8,17.0,30.0,,,35.0,11.6,,1012.6,
2020-09-12,23.7,16.0,31.0,,,12.0,15.1,,1015.7,
2020-09-13,24.5,18.0,32.0,,,15.0,14.6,,1021.5,
2020-09-14,25.2,19.0,31.0,,,21.0,19.6,,1023.0,
2020-09-15,24.3,18.0,31.0,,,18.0,13.9,,1020.0,
2020-09-16,23.0,16.0,31.0,,,4.0,9.2,,1017.0,
2020-09-17,22.6,16.0,30.0,,,14.0,11.9,,1015.2,
2020-09-18,23.1,18.0,29.0,,,22.0,18.8,,1017.3,
2020-09-19,22.3,17.0,29.0,,,344.0,10.3,,1017.8,
2020-09-20,21.2,16.0,30.0,,,14.0,8.2,,1016.3,
2020-09-21,19.0,17.0,25.0,,,21.0,7.7,,1015.9,
2020-09-22,19.0,16.0,24.0,,,141.0,6.7,,1015.1,
2020-09-23,18.9,15.0,23.0,,,168.0,7.2,,1012.6,
2020-09-24,19.7,15.0,26.0,,,177.0,6.6,,1012.7,
2020-09-25,18.3,12.0,25.0,,,172.0,16.1,,1000.6,
2020-09-26,14.5,10.0,20.0,,,229.0,10.7,,998.6,
2020-09-27,10.5,8.0,12.0,,,0.0,10.6,,1003.1,
2020-09-28,12.8,9.0,19.0,,,199.0,6.3,,1009.0,
2020-09-29,13.2,8.0,20.0,,,7.0,6.7,,1017.2,
2020-09-30,15.8,10.0,22.0,,,324.0,5.8,,1015.4,
2020-10-01,17.4,14.0,22.0,,,211.0,5.4,,1010.2,
2020-10-02,18.4,15.0,22.0,,,178.0,13.4,,1005.5,
2020-10-03,17.3,13.0,22.0,,,182.0,11.1,,1002.3,
2020-10-04,16.5,13.0,20.0,,,181.0,13.5,,1009.1,
2020-10-05,17.0,14.0,22.0,,,182.0,13.2,,1011.2,
2020-10-06,15.0,9.0,21.0,,,231.0,6.8,,1016.5,
2020-10-07,17.3,12.0,22.0,,,224.0,12.8,,1012.7,
2020-10-08,14.6,9.0,22.0,,,350.0,10.0,,1021.2,
2020-10-09,14.0,8.0,23.0,,,342.0,6.9,,1022.6,
2020-10-10,14.7,8.0,22.0,,,188.0,6.1,,1019.1,
2020-10-11,15.9,13.0,18.0,,,159.0,10.3,,1011.1,
2020-10-12,12.6,9.0,17.0,,,18.0,14.4,,1007.8,
2020-10-13,12.4,8.0,18.0,,,329.0,8.2,,1009.0,
2020-10-14,11.9,7.0,18.0,,,130.0,7.8,,1009.3,
2020-10-15,13.4,11.0,17.0,,,174.0,9.8,,1005.4,
2020-10-16,11.9,10.0,15.0,,,132.0,4.7,,1011.8,
2020-10-17,10.5,7.0,17.0,,,353.0,6.2,,1015.3,
2020-10-18,10.4,6.0,18.0,,,339.0,8.0,,1019.6,
2020-10-19,10.4,6.0,18.0,,,359.0,6.3,,1023.5,
2020-10-20,10.9,6.0,19.0,,,355.0,7.4,,1025.0,
2020-10-21,10.9,5.0,20.0,,,357.0,7.4,,1024.8,
2020-10-22,12.3,6.0,21.0,,,32.0,5.5,,1025.0,
2020-10-23,15.0,10.0,20.0,,,273.0,7.6,,1022.0,
2020-10-24,15.5,12.0,18.0,,,191.0,7.7,,1017.5,
2020-10-25,13.2,11.0,16.0,,,186.0,4.9,,1016.8,
2020-10-26,15.5,11.0,19.0,,,166.0,12.6,,1011.1,
2020-10-27,13.5,10.0,18.0,,,241.0,10.0,,1010.4,
2020-10-28,9.1,6.0,15.0,,,354.0,6.2,,1017.5,
2020-10-29,10.6,6.0,16.0,,,357.0,5.1,,1020.4,
2020-10-30,9.9,7.0,14.0,,,349.0,5.2,,1024.1,
2020-10-31,10.5,7.0,14.0,,,3.0,4.1,,1024.8,
2020-11-01,13.5,10.0,18.0,,,64.0,5.3,,1023.4,
2020-11-02,14.3,12.0,17.0,,,243.0,3.4,,1024.2,
2020-11-03,15.2,13.0,18.0,,,278.0,3.0,,1023.6,
2020-11-04,15.8,14.0,18.0,,,314.0,2.8,,1022.5,
2020-11-05,15.0,13.0,17.0,,,10.0,14.8,,1027.1,
2020-11-06,14.2,10.0,18.0,,,18.0,16.6,,1028.9,
2020-11-07,11.8,6.0,19.0,,,287.0,5.4,,1028.5,
2020-11-08,9.7,6.0,16.0,,,350.0,5.9,,1026.6,
2020-11-09,9.4,6.0,16.0,,,3.0,4.1,,1024.1,
2020-11-10,9.1,4.0,17.0,,,332.0,3.0,,1023.9,
2020-11-11,10.0,4.0,17.0,,,341.0,3.6,,1024.0,
2020-11-12,12.5,8.0,17.0,,,343.0,3.3,,1024.4,
2020-11-13,11.4,9.0,16.0,,,320.0,4.5,,1025.1,
2020-11-14,11.4,9.0,14.0,,,346.0,9.4,,1024.1,
2020-11-15,12.4,9.0,18.0,,,46.0,3.7,,1022.0,
2020-11-16,14.3,13.0,16.0,,,145.0,7.4,,1016.6,
2020-11-17,13.2,12.0,15.0,,,13.0,15.3,,1022.4,
2020-11-18,12.9,9.0,19.0,,,10.0,15.6,,1026.9,
2020-11-19,8.9,4.0,16.0,,,359.0,5.5,,1022.9,
2020-11-20,9.8,6.0,12.0,,,25.0,19.8,,1016.4,
2020-11-21,8.1,5.0,10.0,,,31.0,28.3,,1025.8,
2020-11-22,7.3,4.0,12.0,,,28.0,15.9,,1027.7,
2020-11-23,5.4,0.0,12.0,,,357.0,6.6,,1026.7,
2020-11-24,6.6,2.0,13.0,,,353.0,10.5,,1024.0,
2020-11-25,6.7,2.0,14.0,,,350.0,4.1,,1022.9,
2020-11-26,4.1,1.0,7.0,,,15.0,4.8,,1023.6,
2020-11-27,4.7,1.0,11.0,,,33.0,3.0,,1021.3,
2020-11-28,7.7,3.0,12.0,,,28.0,8.2,,1015.0,
2020-11-29,11.1,8.0,14.0,,,23.0,20.8,,1012.8,
2020-11-30,8.8,5.0,13.0,,,12.0,16.9,,1019.3,
2020-12-01,4.7,1.0,7.0,,,351.0,5.4,,1013.8,
2020-12-02,8.9,7.0,12.0,,,115.0,10.4,,1006.9,
2020-12-03,7.4,5.0,11.0,,,3.0,5.4,,1005.3,
2020-12-04,7.0,3.0,12.0,,,176.0,6.1,,1002.3,
2020-12-05,15.0,12.0,18.0,,,166.0,17.9,,1000.5,
2020-12-06,9.4,5.0,14.0,,,155.0,11.2,,999.2,
2020-12-07,6.5,3.0,11.0,,,142.0,7.0,,1005.6,
2020-12-08,7.8,6.0,10.0,,,98.0,9.4,,1000.2,
2020-12-09,8.9,8.0,12.0,,,125.0,7.8,,1000.5,
2020-12-10,7.8,6.0,10.0,,,144.0,5.9,,1004.2,
2020-12-11,3.8,2.0,5.0,,,310.0,3.9,,1004.1,
2020-12-12,5.0,3.0,8.0,,,335.0,6.9,,1000.5,
2020-12-13,6.6,2.0,12.0,,,11.0,11.9,,1008.5,
2020-12-14,4.3,-1.0,12.0,,,15.0,5.5,,1016.9,
2020-12-15,2.3,0.0,8.0,,,44.0,5.4,,1020.0,
2020-12-16,5.4,1.0,12.0,,,49.0,4.3,,1023.3,
2020-12-17,4.3,1.0,10.0,,,351.0,4.3,,1025.6,
2020-12-18,2.8,1.0,5.0,,,308.0,2.4,,1026.8,
2020-12-19,3.8,1.0,11.0,,,326.0,3.2,,1025.8,
2020-12-20,2.3,0.0,5.0,,,259.0,3.0,,1024.1,
2020-12-21,1.1,-1.0,4.0,,,298.0,2.6,,1026.3,
2020-12-22,5.8,2.0,10.0,,,316.0,2.4,,1026.5,
2020-12-23,10.1,8.0,13.0,,,308.0,3.2,,1025.3,
2020-12-24,12.9,12.0,14.0,,,184.0,12.8,,1017.6,
2020-12-25,10.1,6.8,13.0,,,174.0,11.4,,1009.6,
2020-12-26,6.0,5.0,8.0,,,15.0,12.4,,1011.3,
2020-12-27,4.4,0.0,8.0,,,342.0,11.1,,1007.4,
2020-12-28,7.3,2.0,10.0,,,189.0,16.4,,993.0,
2020-12-29,8.1,6.0,11.0,,,171.0,16.4,,1000.8,
2020-12-30,5.5,2.0,9.0,,,149.0,8.0,,1004.6,
2020-12-31,3.7,1.0,6.0,,,277.0,4.5,,1010.8,
2021-01-01,4.1,0.0,7.0,,,159.0,5.3,,1010.0,
2021-01-02,8.1,7.0,10.0,,,147.0,12.9,,1006.0,
2021-01-03,6.3,3.0,8.0,,,177.0,5.4,,1009.3,
2021-01-04,5.2,2.0,8.0,,,120.0,4.6,,1010.0,
2021-01-05,4.5,3.0,7.0,,,100.0,9.7,,1008.1,
2021-01-06,4.9,1.0,7.0,,,153.0,8.8,,1011.4,
2021-01-07,2.4,0.0,4.0,,,328.0,5.3,,1012.9,
2021-01-08,5.1,3.0,8.0,,,11.0,15.2,,1010.5,
2021-01-09,4.9,3.0,7.0,,,19.0,19.2,,1012.6,
2021-01-10,5.0,4.0,6.0,,,12.0,21.0,,1010.9,
2021-01-11,4.1,3.0,5.0,,,20.0,17.8,,1014.0,
2021-01-12,3.8,-1.0,8.0,,,352.0,11.4,,1014.3,
2021-01-13,3.5,-1.0,9.0,,,126.0,4.2,,1014.4,
2021-01-14,5.6,1.0,10.0,,,327.0,6.4,,1011.2,
2021-01-15,6.4,4.0,9.0,,,29.0,19.1,,1012.2,
2021-01-16,2.8,-1.0,7.0,,,24.0,16.2,,1018.6,
2021-01-17,0.2,-3.0,3.0,,,357.0,10.6,,1015.7,
2021-01-18,3.3,-1.0,9.0,,,338.0,8.0,,1022.1,
2021-01-19,1.8,-4.0,9.0,,,46.0,3.9,,1025.7,
2021-01-20,5.9,1.0,13.0,,,113.0,6.5,,1022.3,
2021-01-21,10.1,6.0,14.0,,,170.0,8.4,,1016.0,
2021-01-22,12.5,10.0,14.0,,,179.0,18.6,,1006.3,
2021-01-23,9.7,8.0,12.0,,,198.0,17.1,,999.5,
2021-01-24,7.3,0.0,11.0,,,195.0,12.1,,997.9,
2021-01-25,4.2,-1.0,11.0,,,293.0,10.2,,1002.8,
2021-01-26,2.3,-1.0,9.0,,,337.0,8.4,,1013.8,
2021-01-27,0.9,-3.0,6.0,,,16.0,6.5,,1017.0,
2021-01-28,2.9,-1.0,8.0,,,62.0,4.9,,1015.1,
2021-01-29,8.7,6.0,12.0,,,276.0,5.2,,1007.3,
2021-01-30,10.3,4.0,15.0,,,209.0,8.6,,1003.4,
2021-01-31,9.7,8.0,11.0,,,130.0,9.7,,995.0,
2021-02-01,8.3,6.0,10.0,,,339.0,5.2,,999.6,
2021-02-02,8.9,6.0,14.0,,,32.0,5.7,,1010.6,
2021-02-03,10.0,5.0,14.0,,,228.0,10.5,,1016.4,
2021-02-04,12.9,9.0,17.0,,,210.0,10.4,,1017.7,
2021-02-05,10.2,5.0,17.0,,,348.0,4.0,,1017.0,
2021-02-06,9.5,3.0,19.0,,,38.0,4.7,,1012.0,
2021-02-07,11.7,8.0,17.0,,,147.0,11.2,,1000.4,
2021-02-08,10.5,7.0,13.0,,,188.0,14.2,,998.0,
2021-02-09,11.0,9.0,13.6,,,179.0,13.4,,1001.7,
2021-02-10,11.8,7.0,16.0,,,182.0,15.7,,1001.5,
2021-02-11,9.2,4.0,15.0,,,310.0,7.1,,1010.5,
2021-02-12,5.8,3.0,9.0,,,55.0,9.1,,1018.8,
2021-02-13,1.3,-1.0,3.0,,,32.0,25.2,,1021.6,
2021-02-14,1.4,-1.0,4.0,,,29.0,22.3,,1032.3,
2021-02-15,1.6,-3.0,7.0,,,350.0,8.6,,1036.0,
2021-02-16,1.7,-4.0,6.0,,,10.0,4.6,,1029.4,
2021-02-17,7.7,5.0,11.0,,,6.0,4.4,,1023.2,
2021-02-18,8.6,5.0,13.0,,,7.0,3.5,,1023.8,
2021-02-19,6.5,1.0,12.0,,,7.0,4.9,,1025.7,
2021-02-20,10.3,5.0,16.0,,,33.0,5.1,,1025.8,
2021-02-21,8.0,1.0,17.0,,,330.0,5.3,,1025.8,
2021-02-22,8.8,2.0,18.0,,,11.0,6.1,,1029.6,
2021-02-23,10.3,3.0,20.0,,,0.0,5.3,,1034.1,
2021-02-24,10.8,3.0,20.0,,,0.0,9.9,,1033.4,
2021-02-25,9.8,1.0,21.0,,,2.0,4.7,,1031.2,
2021-02-26,9.7,2.0,20.0,,,5.0,6.2,,1027.3,
2021-02-27,10.1,2.0,20.0,,,356.0,12.0,,1023.1,
2021-02-28,10.4,6.0,14.0,,,18.0,25.5,,1027.4,
2021-03-01,7.6,0.0,16.0,,,5.0,13.3,,1028.1,
2021-03-02,9.0,0.0,19.0,,,33.0,10.6,,1030.9,
2021-03-03,7.4,0.0,17.0,,,7.0,6.4,,1031.0,
2021-03-04,7.4,0.0,16.0,,,267.0,7.9,,1023.9,
2021-03-05,8.2,2.0,14.0,,,357.0,6.4,,1018.5,
2021-03-06,9.1,6.0,12.0,,,22.0,17.0,,1023.6,
2021-03-07,7.0,1.0,12.0,,,42.0,9.1,,1022.2,
2021-03-08,9.6,7.0,13.0,,,49.0,7.6,,1014.7,
2021-03-09,8.3,7.0,9.0,,,27.0,14.9,,1011.4,
2021-03-10,7.2,2.0,13.0,,,32.0,15.9,,1015.8,
2021-03-11,6.9,-2.0,15.0,,,218.0,10.5,,1021.2,
2021-03-12,11.6,11.0,13.0,,,175.0,15.7,,1016.0,
2021-03-13,10.6,3.0,17.0,,,238.0,9.0,,1015.0,
2021-03-14,9.1,4.0,14.0,,,255.0,18.1,,1010.0,
2021-03-15,6.4,-1.0,14.0,,,306.0,8.1,,1010.7,
2021-03-16,6.3,1.0,14.0,,,17.0,11.6,,1012.9,
2021-03-17,4.7,-3.0,14.0,,,26.0,8.4,,1015.3,
2021-03-18,4.1,-4.0,10.0,,,32.0,16.1,,1015.3,
2021-03-19,5.1,-2.0,11.0,,,26.0,16.8,,1013.2,
2021-03-20,6.4,3.0,11.0,,,23.0,22.3,,1013.9,
2021-03-21,5.0,2.0,8.0,,,28.0,26.0,,1010.0,
2021-03-22,7.4,0.0,12.0,,,36.0,24.7,,1010.0,
2021-03-23,6.5,1.0,10.0,,,33.0,24.4,,1019.8,
2021-03-24,6.6,-3.0,16.0,,,343.0,7.9,,1022.1,
2021-03-25,8.7,-1.0,19.0,,,338.0,6.4,,1022.0,
2021-03-26,11.8,4.7,18.0,,,237.0,8.3,,1024.4,
2021-03-27,12.8,9.0,18.0,,,211.0,10.2,,1026.4,
2021-03-28,12.2,4.0,20.0,,,298.0,6.0,,1030.2,
2021-03-29,13.6,6.0,22.0,,,11.0,10.2,,1032.0,
2021-03-30,14.0,4.0,23.0,,,33.0,13.5,,1030.0,
2021-03-31,16.4,8.0,24.0,,,14.0,14.7,,1024.9,
2021-04-01,15.9,6.0,24.0,,,319.0,8.7,,1019.9,
2021-04-02,14.8,5.0,23.0,,,255.0,7.9,,1015.8,
2021-04-03,12.3,5.0,19.0,,,354.0,11.3,,1011.7,
2021-04-04,10.8,7.0,14.0,,,32.0,25.5,,1015.6,
2021-04-05,9.8,1.0,17.0,,,314.0,10.7,,1013.9,
2021-04-06,10.0,4.0,17.0,,,202.0,15.0,,1004.3,
2021-04-07,5.3,0.0,9.0,,,15.0,19.9,,1013.2,
2021-04-08,5.3,-6.0,14.0,,,307.0,10.2,,1025.3,
2021-04-09,8.0,-1.0,17.0,,,271.0,9.6,,1026.9,
2021-04-10,9.5,2.0,15.0,,,244.0,9.3,,1023.2,
2021-04-11,11.8,8.0,14.0,,,209.0,10.2,,1019.4,
2021-04-12,12.6,11.0,15.7,,,176.0,10.4,,1017.2,
2021-04-13,9.4,6.0,13.0,,,359.0,12.1,,1016.8,
2021-04-14,7.9,2.0,13.0,,,28.0,17.1,,1020.4,
2021-04-15,8.2,1.0,13.0,,,19.0,10.6,,1019.0,
2021-04-16,9.8,5.0,14.0,,,32.0,17.3,,1016.2,
2021-04-17,9.5,2.0,14.0,,,28.0,19.4,,1013.0,
2021-04-18,8.9,3.0,15.0,,,2.0,11.0,,1013.7,
2021-04-19,9.9,5.0,15.0,,,8.0,11.5,,1014.0,
2021-04-20,8.7,2.0,17.0,,,15.0,7.8,,1016.1,
2021-04-21,10.3,2.0,19.0,,,286.0,6.4,,1018.3,
2021-04-22,12.7,9.0,17.0,,,29.0,13.8,,1017.4,
2021-04-23,13.7,7.0,19.0,,,30.0,20.5,,1019.6,
2021-04-24,14.8,7.0,21.0,,,31.0,20.3,,1020.0,
2021-04-25,14.0,3.0,24.0,,,307.0,9.7,,1016.9,
2021-04-26,15.0,7.0,22.0,,,346.0,7.1,,1012.8,
2021-04-27,13.0,10.0,15.0,,,7.0,12.2,,1006.5,
2021-04-28,13.7,11.0,17.0,,,356.0,9.1,,1008.0,
2021-04-29,15.8,14.0,19.0,,,188.0,8.7,,1011.5,
2021-04-30,17.7,11.0,24.0,,,182.0,5.3,,1011.5,
2021-05-01,17.0,12.0,23.0,,,261.0,10.4,,1008.9,
2021-05-02,16.3,14.0,20.0,,,210.0,19.4,,1013.3,
2021-05-03,14.7,7.0,20.0,,,274.0,7.3,,1019.5,
2021-05-04,12.8,7.0,17.0,,,216.0,9.4,,1017.9,
2021-05-05,14.5,7.0,20.0,,,195.0,12.5,,1012.6,
2021-05-06,17.0,11.0,23.0,,,210.0,15.3,,1014.0,
2021-05-07,17.5,12.0,22.0,,,206.0,18.4,,1013.1,
2021-05-08,16.7,8.0,24.0,,,17.0,10.0,,1017.2,
2021-05-09,18.7,10.0,27.0,,,305.0,9.6,,1018.1,
2021-05-10,19.8,13.0,27.0,,,270.0,8.5,,1016.7,
2021-05-11,16.9,11.0,25.0,,,152.0,12.9,,1012.8,
2021-05-12,14.6,11.0,20.0,,,229.0,9.2,,1010.4,
2021-05-13,13.9,8.0,21.0,,,210.0,10.2,,1008.0,
2021-05-14,13.4,10.0,18.0,,,209.0,9.1,,1010.7,
2021-05-15,14.0,8.0,20.0,,,291.0,9.2,,1011.6,
2021-05-16,15.5,14.0,17.0,,,163.0,8.8,,1011.2,
2021-05-17,17.2,13.0,22.0,,,239.0,12.1,,1009.3,
2021-05-18,15.1,6.0,23.0,,,246.0,11.1,,1014.5,
2021-05-19,16.4,13.0,20.0,,,271.0,14.9,,1013.0,
2021-05-20,13.6,6.0,21.0,,,347.0,8.3,,1018.0,
2021-05-21,14.9,6.0,24.0,,,223.0,12.1,,1019.8,
2021-05-22,16.7,8.0,24.0,,,220.0,15.4,,1015.5,
2021-05-23,19.4,12.0,26.0,,,206.0,10.8,,1016.5,
2021-05-24,20.7,17.0,27.0,,,265.0,11.9,,1015.2,
2021-05-25,18.2,12.0,24.0,,,245.0,10.9,,1018.9,
2021-05-26,15.5,6.0,25.0,,,327.0,7.9,,1018.2,
2021-05-27,17.6,9.0,26.0,,,275.0,9.3,,1015.9,
2021-05-28,18.8,9.0,27.0,,,13.0,10.6,,1017.3,
2021-05-29,19.5,11.0,28.0,,,348.0,9.1,,1016.0,
2021-05-30,19.2,14.0,23.0,,,31.0,20.6,,1017.1,
2021-05-31,17.2,11.0,22.0,,,27.0,15.5,,1018.0,
2021-06-01,17.8,8.0,26.0,,,341.0,9.0,,1016.8,
2021-06-02,19.1,11.0,27.0,,,338.0,8.4,,1019.0,
2021-06-03,20.5,12.0,29.0,,,308.0,7.9,,1022.5,
2021-06-04,21.3,12.0,29.0,,,284.0,8.8,,1023.5,
2021-06-05,20.3,15.0,26.0,,,292.0,8.2,,1022.1,
2021-06-06,21.8,16.0,26.0,,,212.0,8.8,,1017.7,
2021-06-07,21.3,16.0,26.0,,,8.0,8.8,,1016.4,
2021-06-08,19.3,17.0,25.0,,,13.0,9.1,,1016.5,
2021-06-09,21.0,15.0,28.0,,,357.0,9.4,,1016.0,
2021-06-10,20.9,13.0,28.0,,,20.0,12.9,,1016.4,
2021-06-11,21.0,12.0,28.0,,,29.0,11.1,,1016.2,
2021-06-12,22.1,14.0,29.0,,,18.0,11.7,,1018.0,
2021-06-13,23.7,14.0,31.0,,,308.0,9.4,,1017.8,
2021-06-14,24.5,18.0,31.0,,,20.0,10.6,,1016.5,
2021-06-15,23.7,15.0,30.0,,,16.0,12.0,,1017.1,
2021-06-16,23.1,15.0,31.0,,,21.0,8.3,,1016.3,
2021-06-17,23.5,16.0,32.0,,,350.0,8.2,,1017.2,
2021-06-18,23.9,16.0,31.0,,,250.0,7.7,,1018.3,
2021-06-19,24.6,16.0,31.0,,,298.0,6.8,,1017.5,
2021-06-20,25.0,17.0,34.0,,,270.0,9.6,,1014.3,
2021-06-21,26.2,18.0,33.0,,,228.0,11.2,,1011.3,
2021-06-22,26.8,18.0,35.0,,,218.0,10.4,,1011.9,
2021-06-23,26.4,18.0,35.0,,,295.0,10.4,,1014.4,
2021-06-24,26.6,20.0,32.0,,,217.0,14.1,,1017.1,
2021-06-25,25.0,16.0,31.0,,,239.0,10.7,,1016.0,
2021-06-26,24.6,15.0,33.0,,,337.0,8.2,,1015.5,
2021-06-27,26.1,16.0,34.0,,,319.0,6.7,,1014.8,
2021-06-28,27.4,17.0,36.0,,,294.0,9.8,,1014.3,
2021-06-29,26.8,18.0,33.0,,,233.0,11.9,,1013.4,
2021-06-30,25.1,16.0,33.0,,,242.0,13.1,,1012.8,
2021-07-01,23.5,15.0,30.0,,,262.0,11.0,,1013.8,
2021-07-02,23.8,15.0,31.0,,,305.0,9.8,,1014.4,
2021-07-03,25.2,17.0,33.0,,,288.0,10.1,,1014.7,
2021-07-04,25.3,19.0,30.0,,,239.0,12.6,,1011.8,
2021-07-05,25.8,20.0,32.0,,,295.0,9.2,,1011.8,
2021-07-06,26.6,17.0,35.0,,,329.0,8.5,,1013.6,
2021-07-07,28.2,19.0,37.0,,,265.0,9.3,,1014.6,
2021-07-08,27.8,20.0,37.0,,,152.0,13.8,,1016.8,
2021-07-09,26.9,20.0,32.0,,,283.0,8.8,,1017.1,
2021-07-10,25.3,16.0,33.0,,,352.0,8.7,,1014.5,
2021-07-11,25.1,16.0,32.0,,,288.0,9.6,,1013.6,
2021-07-12,26.0,17.0,35.0,,,216.0,9.4,,1013.9,
2021-07-13,26.3,20.0,32.0,,,249.0,18.1,,1009.3,
2021-07-14,22.7,16.0,28.0,,,233.0,12.5,,1012.9,
2021-07-15,22.2,13.0,30.0,,,259.0,10.5,,1014.2,
2021-07-16,21.2,17.0,27.0,,,24.0,7.9,,1012.8,
2021-07-17,19.4,16.0,23.0,,,336.0,8.1,,1010.3,
2021-07-18,23.9,19.0,29.0,,,14.0,16.2,,1008.3,
2021-07-19,24.9,19.0,30.0,,,32.0,18.7,,1011.0,
2021-07-20,25.9,17.0,34.0,,,359.0,8.4,,1013.9,
2021-07-21,26.3,18.0,35.0,,,345.0,8.8,,1017.1,
2021-07-22,27.2,19.0,35.0,,,309.0,8.7,,1016.8,
2021-07-23,26.8,18.0,35.0,,,303.0,9.7,,1014.7,
2021-07-24,26.9,19.0,36.0,,,214.0,9.8,,1014.1,
2021-07-25,27.8,21.0,34.0,,,203.0,11.7,,1011.8,
2021-07-26,28.6,26.0,32.0,,,192.0,13.9,,1014.3,
2021-07-27,28.0,20.0,36.0,,,203.0,12.1,,1016.7,
2021-07-28,27.8,18.0,36.0,,,201.0,15.4,,1015.4,
2021-07-29,27.2,17.0,35.0,,,299.0,9.6,,1013.9,
2021-07-30,28.9,19.0,37.0,,,305.0,8.5,,1012.5,
2021-07-31,28.4,20.0,37.0,,,200.0,12.2,,1009.8,
2021-08-01,27.3,24.0,32.0,,,207.0,23.3,,1008.8,
2021-08-02,23.5,15.0,30.0,,,267.0,9.1,,1013.8,
2021-08-03,23.2,13.0,31.0,,,284.0,10.0,,1015.6,
2021-08-04,25.0,16.0,34.0,,,265.0,8.4,,1012.9,
2021-08-05,24.9,20.0,29.0,,,270.0,15.7,,1009.8,
2021-08-06,23.6,15.0,32.0,,,233.0,9.4,,1010.3,
2021-08-07,25.8,16.0,34.0,,,210.0,12.4,,1010.7,
2021-08-08,27.4,18.0,35.0,,,246.0,14.3,,1012.7,
2021-08-09,27.7,19.0,35.0,,,229.0,9.5,,1017.6,
2021-08-10,29.0,22.0,37.0,,,269.0,10.0,,1017.3,
2021-08-11,28.4,22.0,37.0,,,350.0,9.3,,1016.0,
2021-08-12,29.0,18.0,39.0,,,343.0,10.8,,1018.1,
2021-08-13,29.5,21.0,38.0,,,31.0,9.9,,1020.0,
2021-08-14,30.0,21.0,39.0,,,294.0,7.3,,1019.2,
2021-08-15,29.9,21.0,39.0,,,293.0,10.5,,1015.9,
2021-08-16,28.0,20.0,35.0,,,263.0,15.7,,1012.5,
2021-08-17,27.9,24.0,34.0,,,267.0,11.8,,1010.5,
2021-08-18,25.6,21.0,31.0,,,13.0,16.2,,1012.5,
2021-08-19,25.2,17.0,33.0,,,5.0,12.7,,1013.3,
2021-08-20,24.3,18.0,33.0,,,337.0,10.0,,1015.0,
2021-08-21,25.2,16.0,34.0,,,314.0,9.3,,1017.7,
2021-08-22,26.2,18.0,34.0,,,306.0,8.5,,1017.5,
2021-08-23,22.9,18.0,31.0,,,354.0,12.9,,1014.8,
2021-08-24,22.9,20.0,28.0,,,16.0,15.5,,1013.7,
2021-08-25,23.0,17.0,29.0,,,21.0,16.4,,1013.2,
2021-08-26,22.8,16.0,30.0,,,298.0,10.9,,1010.6,
2021-08-27,21.2,15.0,29.0,,,8.0,10.6,,1009.7,
2021-08-28,18.3,14.0,22.0,,,6.0,16.0,,1010.4,
2021-08-29,18.6,13.0,25.0,,,17.0,12.0,,1011.8,
2021-08-30,19.5,10.0,28.0,,,359.0,9.1,,1013.6,
2021-08-31,20.5,13.0,28.0,,,357.0,8.4,,1016.3,
2021-09-01,20.7,14.0,28.0,,,5.0,13.0,,1019.6,
2021-09-02,22.0,15.0,29.0,,,13.0,16.4,,1021.3,
2021-09-03,21.9,14.0,29.0,,,1.0,11.7,,1018.4,
2021-09-04,22.1,17.0,29.0,,,358.0,12.6,,1014.9,
2021-09-05,22.4,15.0,29.0,,,9.0,16.6,,1016.6,
2021-09-06,21.9,15.0,29.0,,,22.0,18.2,,1019.8,
2021-09-07,21.6,14.0,29.0,,,12.0,16.2,,1020.5,
2021-09-08,21.4,14.0,29.0,,,1.0,10.3,,1018.4,
2021-09-09,21.0,13.0,29.0,,,347.0,7.6,,1017.0,
2021-09-10,21.3,15.0,30.0,,,352.0,8.8,,1016.5,
2021-09-11,22.7,15.0,30.0,,,15.0,12.9,,1015.8,
2021-09-12,22.0,13.0,30.0,,,11.0,14.5,,1015.2,
2021-09-13,21.5,13.0,31.0,,,12.0,8.0,,1016.3,
2021-09-14,22.2,14.0,31.0,,,335.0,7.8,,1018.1,
2021-09-15,22.5,16.0,30.0,,,312.0,8.1,,1019.2,
2021-09-16,23.3,17.0,29.0,,,224.0,10.0,,1017.6,
2021-09-17,22.3,18.0,26.0,,,163.0,11.4,,1013.2,
2021-09-18,20.9,15.0,28.0,,,226.0,5.0,,1013.7,
2021-09-19,20.2,16.0,27.0,,,171.0,9.1,,1012.6,
2021-09-20,20.0,16.0,25.0,,,245.0,4.7,,1014.3,
2021-09-21,19.1,15.0,25.0,,,7.0,12.7,,1020.6,
2021-09-22,18.5,12.0,24.0,,,18.0,16.6,,1021.4,
2021-09-23,18.1,12.0,25.0,,,10.0,15.8,,1021.4,
2021-09-24,18.8,10.0,28.0,,,302.0,8.3,,1019.9,
2021-09-25,20.6,14.0,28.0,,,347.0,6.4,,1021.1,
2021-09-26,20.7,15.0,27.0,,,18.0,9.9,,1020.5,
2021-09-27,22.0,18.0,28.0,,,285.0,8.4,,1017.2,
2021-09-28,21.3,16.0,28.0,,,5.0,18.1,,1017.9,
2021-09-29,20.0,13.0,29.0,,,339.0,8.2,,1017.8,
2021-09-30,19.5,14.0,27.0,,,13.0,15.2,,1020.5,
2021-10-01,19.7,14.0,26.0,,,9.0,14.2,,1021.3,
2021-10-02,18.1,12.0,25.0,,,17.0,9.0,,1018.9,
2021-10-03,19.2,13.0,27.0,,,253.0,10.1,,1018.5,
2021-10-04,20.5,14.0,28.0,,,134.0,8.9,,1018.5,
2021-10-05,19.1,16.0,23.0,,,193.0,13.5,,1016.7,
2021-10-06,16.3,12.0,19.0,,,164.0,11.9,,1013.4,
2021-10-07,13.0,10.0,16.0,,,349.0,13.5,,1010.0,
2021-10-08,15.1,14.0,17.0,,,13.0,18.4,,1014.8,
2021-10-09,14.5,12.0,17.0,,,17.0,21.0,,1018.6,
2021-10-10,11.5,9.0,14.0,,,9.0,18.6,,1017.6,
2021-10-11,11.1,9.0,14.0,,,20.0,9.5,,1017.0,
2021-10-12,11.6,6.0,18.0,,,12.0,13.7,,1015.4,
2021-10-13,12.3,7.0,18.0,,,16.0,18.5,,1015.5,
2021-10-14,11.2,6.0,15.0,,,13.0,20.6,,1021.0,
2021-10-15,11.7,8.0,17.0,,,356.0,12.9,,1016.6,
2021-10-16,10.8,3.0,18.0,,,15.0,12.1,,1016.0,
2021-10-17,12.0,6.0,19.0,,,16.0,9.0,,1019.3,
2021-10-18,11.8,5.0,20.0,,,351.0,8.9,,1023.8,
2021-10-19,11.7,5.0,21.0,,,350.0,6.6,,1027.8,
2021-10-20,13.0,6.0,21.0,,,268.0,5.4,,1026.5,
2021-10-21,15.6,9.0,21.0,,,194.0,11.2,,1018.5,
2021-10-22,16.2,14.0,18.0,,,13.0,7.0,,1016.3,
2021-10-23,14.9,11.0,20.0,,,5.0,11.5,,1020.4,
2021-10-24,14.8,13.0,18.0,,,29.0,23.6,,1023.1,
2021-10-25,14.0,10.0,19.0,,,16.0,16.3,,1020.2,
2021-10-26,14.2,13.0,17.0,,,3.0,13.3,,1019.5,
2021-10-27,14.0,10.0,18.0,,,22.0,22.3,,1022.3,
2021-10-28,11.8,5.0,20.0,,,16.0,11.5,,1020.5,
2021-10-29,11.3,5.0,18.0,,,356.0,8.2,,1017.4,
2021-10-30,10.9,5.0,19.0,,,16.0,6.7,,1017.8,
2021-10-31,12.4,6.0,18.0,,,11.0,5.6,,1016.2,
2021-11-01,14.6,12.0,17.0,,,108.0,5.7,,1005.8,
2021-11-02,15.0,10.0,19.0,,,203.0,9.9,,1005.8,
2021-11-03,13.3,10.0,17.0,,,95.0,9.5,,1004.2,
2021-11-04,14.0,8.0,17.0,,,197.0,15.3,,1008.3,
2021-11-05,11.3,7.0,16.0,,,18.0,10.0,,1016.1,
2021-11-06,13.1,11.0,16.0,,,23.0,22.2,,1020.0,
2021-11-07,13.8,11.0,19.0,,,9.0,17.2,,1015.8,
2021-11-08,12.9,9.0,16.0,,,23.0,11.7,,1013.1,
2021-11-09,13.8,12.0,16.0,,,32.0,24.8,,1020.0,
2021-11-10,15.5,13.0,20.0,,,13.0,19.2,,1022.9,
2021-11-11,13.6,10.0,17.0,,,7.0,12.9,,1021.1,
2021-11-12,11.3,7.0,16.0,,,65.0,4.9,,1018.3,
2021-11-13,9.5,7.0,12.0,,,0.0,5.3,,1017.8,
2021-11-14,10.9,7.0,15.0,,,348.0,4.3,,1014.0,
2021-11-15,14.3,9.0,20.0,,,3.0,11.0,,1014.9,
2021-11-16,12.1,10.0,14.0,,,12.0,12.7,,1015.7,
2021-11-17,10.3,6.0,16.0,,,38.0,8.6,,1016.6,
2021-11-18,11.6,8.0,16.0,,,12.0,17.5,,1022.9,
2021-11-19,11.8,7.0,18.0,,,355.0,11.9,,1026.7,
2021-11-20,8.3,3.0,17.0,,,2.0,5.6,,1023.0,
2021-11-21,7.6,4.0,12.0,,,55.0,4.8,,1014.8,
2021-11-22,10.7,7.0,14.0,,,31.0,8.0,,1010.4,
2021-11-23,12.4,11.0,13.0,,,27.0,23.7,,1017.4,
2021-11-24,10.2,6.0,15.0,,,14.0,16.8,,1018.4,
2021-11-25,8.8,6.0,12.0,,,46.0,4.9,,1009.0,
2021-11-26,9.8,9.0,12.0,,,189.0,6.6,,998.1,
2021-11-27,10.9,9.0,14.0,,,183.0,14.2,,996.6,
2021-11-28,7.8,5.0,11.0,,,160.0,12.8,,994.9,
2021-11-29,4.3,2.0,6.0,,,17.0,12.5,,999.2,
2021-11-30,2.5,-1.0,8.0,,,171.0,6.3,,1017.8,
2021-12-01,6.8,0.0,12.0,,,191.0,9.6,,1013.8,
2021-12-02,10.4,6.0,13.0,,,180.0,10.0,,1000.5,
2021-12-03,6.7,4.0,12.0,,,15.0,17.7,,1007.1,
2021-12-04,5.3,0.0,11.0,,,50.0,8.3,,1010.7,
2021-12-05,8.7,3.0,12.0,,,213.0,6.5,,1002.5,
2021-12-06,4.9,1.0,9.0,,,8.0,15.8,,1005.5,
2021-12-07,2.6,-2.0,9.0,,,346.0,6.2,,1012.0,
2021-12-08,3.8,-2.0,10.0,,,85.0,6.6,,1005.4,
2021-12-09,5.9,4.0,8.0,,,138.0,8.3,,1001.7,
2021-12-10,4.6,1.0,6.0,,,149.0,7.5,,1001.1,
2021-12-11,6.5,3.0,9.0,,,6.0,16.8,,1002.0,
2021-12-12,5.4,1.0,10.0,,,17.0,14.2,,1019.8,
2021-12-13,2.4,-2.0,9.0,,,340.0,5.3,,1024.8,
2021-12-14,4.6,-2.0,13.0,,,21.0,8.0,,1024.5,
2021-12-15,7.5,2.0,13.0,,,6.0,15.3,,1025.8,
2021-12-16,8.6,5.0,12.0,,,28.0,18.9,,1027.7,
2021-12-17,8.1,4.0,13.0,,,13.0,17.0,,1028.6,
2021-12-18,6.0,-1.0,11.0,,,7.0,16.8,,1029.1,
2021-12-19,2.8,-2.0,10.0,,,353.0,5.1,,1024.3,
2021-12-20,4.0,-2.0,7.0,,,329.0,4.2,,1018.7,
2021-12-21,3.0,-3.0,7.0,,,330.0,4.5,,1021.7,
2021-12-22,6.4,3.0,11.0,,,11.0,8.8,,1022.7,
2021-12-23,3.4,0.0,7.0,,,12.0,4.0,,1022.8,
2021-12-24,11.2,7.0,13.0,,,191.0,13.7,,1016.5,
2021-12-25,12.9,12.0,13.0,,,182.0,18.0,,1009.1,
2021-12-26,11.2,9.0,13.0,,,150.0,6.0,,1007.3,
2021-12-27,10.1,9.0,12.0,,,310.0,3.9,,1008.5,
2021-12-28,10.2,9.0,12.0,,,125.0,7.2,,1008.5,
2021-12-29,10.8,8.0,14.0,,,290.0,4.4,,1010.3,
2021-12-30,7.3,5.0,10.0,,,90.0,6.1,,1018.7,
2021-12-31,4.5,0.0,11.0,,,182.0,3.5,,1025.8,
2022-01-01,4.7,1.0,8.0,,,7.0,3.9,,1027.2,
2022-01-02,7.5,5.0,10.0,,,140.0,6.0,,1027.1,
2022-01-03,10.0,8.0,13.0,,,206.0,5.3,,1021.7,
2022-01-04,11.4,10.0,13.0,,,186.0,12.7,,1014.4,
2022-01-05,12.8,10.0,15.0,,,190.0,16.8,,1003.5,
2022-01-06,7.0,4.0,10.0,,,355.0,15.6,,1009.2,
2022-01-07,6.0,2.0,10.0,,,11.0,19.0,,1015.5,
2022-01-08,2.7,-2.0,8.0,,,357.0,11.2,,1012.6,
2022-01-09,0.5,-3.0,3.0,,,2.0,10.2,,1003.6,
2022-01-10,4.9,2.0,7.0,,,15.0,18.3,,1005.6,
2022-01-11,6.4,4.0,8.0,,,42.0,30.1,,1017.3,
2022-01-12,4.8,1.0,7.0,,,31.0,24.8,,1025.2,
2022-01-13,5.8,0.0,9.0,,,34.0,21.1,,1032.5,
2022-01-14,3.4,-3.0,11.0,,,45.0,8.0,,1029.5,
2022-01-15,2.8,-3.0,11.0,,,34.0,3.5,,1024.4,
2022-01-16,2.1,-3.0,7.0,,,81.0,4.9,,1025.6,
2022-01-17,2.4,0.0,5.0,,,350.0,3.9,,1026.4,
2022-01-18,0.8,-1.0,3.0,,,68.0,3.9,,1030.6,
2022-01-19,0.5,-2.0,5.0,,,244.0,2.9,,1030.0,
2022-01-20,5.5,2.0,9.0,,,55.0,5.5,,1020.4,
2022-01-21,5.0,2.0,8.0,,,15.0,12.9,,1020.6,
2022-01-22,1.9,-4.0,8.0,,,20.0,9.7,,1026.0,
2022-01-23,1.3,-4.0,10.0,,,350.0,5.4,,1028.9,
2022-01-24,3.5,-3.0,10.0,,,36.0,12.1,,1029.6,
2022-01-25,4.5,-1.0,10.0,,,3.0,12.4,,1031.1,
2022-01-26,2.3,-4.0,7.0,,,337.0,3.9,,1028.5,
2022-01-27,4.0,-2.0,9.0,,,341.0,3.2,,1027.2,
2022-01-28,7.3,3.0,13.0,,,295.0,8.6,,1025.4,
2022-01-29,4.2,-1.0,12.0,,,344.0,10.4,,1028.4,
2022-01-30,4.6,-3.0,13.0,,,334.0,5.3,,1021.7,
2022-01-31,3.3,-1.0,7.0,,,346.0,5.0,,1010.8,
2022-02-01,5.8,0.0,12.0,,,18.0,12.2,,1010.4,
2022-02-02,2.6,-4.0,13.0,,,357.0,5.2,,1013.5,
2022-02-03,5.0,-3.0,14.0,,,36.0,5.4,,1021.6,
2022-02-04,8.1,3.0,13.0,,,310.0,7.2,,1018.6,
2022-02-05,9.5,6.0,14.0,,,343.0,6.5,,1018.5,
2022-02-06,6.0,0.0,12.0,,,330.0,6.3,,1021.5,
2022-02-07,8.0,-1.0,12.0,,,302.0,11.9,,1015.7,
2022-02-08,3.9,-2.0,13.0,,,347.0,8.1,,1029.8,
2022-02-09,4.0,-4.0,14.0,,,349.0,6.2,,1032.3,
2022-02-10,4.7,-3.0,15.0,,,11.0,5.2,,1028.3,
2022-02-11,5.9,-3.0,14.0,,,326.0,5.4,,1024.2,
2022-02-12,9.0,5.0,12.0,,,19.0,20.2,,1025.8,
2022-02-13,6.0,2.0,10.0,,,5.0,8.1,,1024.8,
2022-02-14,8.0,6.0,12.0,,,188.0,5.9,,1018.6,
2022-02-15,9.4,8.0,12.0,,,155.0,13.7,,1013.1,
2022-02-16,7.6,2.0,11.0,,,322.0,5.2,,1015.8,
2022-02-17,6.1,0.0,15.0,,,11.0,6.0,,1015.2,
2022-02-18,8.5,2.0,16.0,,,218.0,8.5,,1017.3,
2022-02-19,12.5,8.0,16.0,,,212.0,10.1,,1017.0,
2022-02-20,11.8,8.0,17.0,,,279.0,4.8,,1017.8,
2022-02-21,10.4,6.0,14.0,,,221.0,11.7,,1010.0,
2022-02-22,7.1,2.0,14.0,,,12.0,12.9,,1014.3,
2022-02-23,7.1,-1.0,18.0,,,358.0,10.7,,1023.8,
2022-02-24,7.2,-1.0,17.0,,,343.0,6.2,,1023.0,
2022-02-25,7.2,0.0,14.0,,,13.0,6.0,,1018.2,
2022-02-26,4.8,3.0,7.0,,,17.0,23.2,,1018.8,
2022-02-27,4.8,4.0,6.0,,,9.0,18.4,,1020.8,
2022-02-28,5.9,1.0,10.0,,,32.0,15.5,,1024.0,
2022-03-01,3.1,-1.0,8.0,,,17.0,15.9,,1026.0,
2022-03-02,3.7,-3.0,12.0,,,15.0,9.6,,1022.3,
2022-03-03,4.3,0.0,12.0,,,3.0,4.5,,1016.6,
2022-03-04,3.0,0.0,7.0,,,16.0,9.8,,1012.9,
2022-03-05,4.3,-1.0,8.0,,,11.0,21.1,,1012.6,
2022-03-06,2.2,-3.0,7.0,,,20.0,13.5,,1013.5,
2022-03-07,3.3,-1.0,7.0,,,26.0,15.5,,1015.8,
2022-03-08,3.2,-1.0,6.0,,,19.0,17.7,,1019.3,
2022-03-09,3.9,-2.0,11.0,,,4.0,14.9,,1022.2,
2022-03-10,5.8,-3.0,16.0,,,357.0,8.9,,1023.8,
2022-03-11,5.9,-2.0,13.0,,,50.0,12.0,,1024.1,
2022-03-12,5.0,-1.0,12.0,,,18.0,17.7,,1024.8,
2022-03-13,4.6,-4.0,13.0,,,356.0,7.3,,1024.9,
2022-03-14,7.8,-1.0,17.0,,,14.0,8.3,,1030.3,
2022-03-15,8.4,1.0,17.0,,,338.0,7.3,,1032.9,
2022-03-16,9.0,2.0,17.0,,,330.0,6.8,,1025.6,
2022-03-17,11.2,6.0,17.0,,,32.0,17.3,,1022.8,
2022-03-18,11.2,9.0,13.0,,,45.0,27.4,,1027.1,
2022-03-19,10.7,8.0,14.0,,,45.0,23.3,,1029.3,
2022-03-20,8.3,2.0,14.0,,,35.0,16.2,,1031.7,
2022-03-21,7.6,2.0,13.0,,,28.0,17.3,,1032.8,
2022-03-22,7.0,-3.0,15.0,,,32.0,16.2,,1031.6,
2022-03-23,9.6,-1.0,19.0,,,37.0,16.2,,1028.3,
2022-03-24,9.5,0.0,21.0,,,347.0,6.4,,1026.5,
2022-03-25,9.7,0.0,20.0,,,339.0,6.8,,1025.4,
2022-03-26,11.1,1.0,22.0,,,1.0,8.8,,1025.0,
2022-03-27,13.2,4.0,21.0,,,29.0,11.3,,1024.4,
2022-03-28,13.1,5.0,21.0,,,1.0,11.5,,1022.6,
2022-03-29,10.5,2.0,19.0,,,321.0,7.8,,1015.8,
2022-03-30,9.2,7.0,11.0,,,15.0,6.8,,1004.7,
2022-03-31,12.5,11.0,16.0,,,202.0,11.9,,992.5,
2022-04-01,11.0,9.0,15.0,,,179.0,11.9,,995.3,
2022-04-02,5.3,3.0,8.0,,,174.0,15.8,,1001.4,
2022-04-03,6.9,4.0,12.0,,,92.0,5.7,,1011.9,
2022-04-04,7.3,1.0,14.0,,,335.0,6.9,,1016.3,
2022-04-05,8.2,0.0,17.0,,,319.0,6.5,,1013.1,
2022-04-06,7.5,1.0,15.0,,,347.0,7.3,,1010.5,
2022-04-07,9.8,7.0,14.0,,,201.0,7.9,,1008.1,
2022-04-08,14.0,11.0,18.0,,,215.0,14.3,,1009.6,
2022-04-09,13.9,9.0,17.0,,,202.0,21.5,,1004.8,
2022-04-10,9.0,5.0,14.0,,,19.0,13.9,,1016.0,
2022-04-11,8.8,0.0,18.0,,,277.0,9.7,,1021.8,
2022-04-12,10.4,2.0,20.0,,,22.0,6.2,,1020.1,
2022-04-13,13.2,4.0,22.0,,,6.0,10.4,,1017.1,
2022-04-14,14.5,5.0,24.0,,,18.0,8.6,,1017.0,
2022-04-15,15.1,6.0,24.0,,,7.0,10.9,,1017.2,
2022-04-16,15.3,8.0,23.0,,,25.0,22.5,,1014.5,
2022-04-17,9.9,7.0,12.0,,,30.0,25.2,,1015.5,
2022-04-18,9.6,1.0,16.0,,,36.0,17.6,,1013.6,
2022-04-19,10.2,0.0,19.0,,,236.0,12.1,,1011.7,
2022-04-20,13.4,8.0,18.0,,,4.0,7.2,,1011.3,
2022-04-21,13.2,11.0,16.0,,,17.0,13.3,,1005.1,
2022-04-22,13.4,11.0,17.0,,,221.0,11.5,,1000.1,
2022-04-23,14.8,10.0,20.0,,,227.0,11.1,,1008.4,
2022-04-24,13.8,10.0,18.0,,,188.0,17.9,,1008.1,
2022-04-25,13.7,9.0,20.0,,,207.0,6.3,,1011.8,
2022-04-26,14.4,8.0,21.0,,,215.0,8.5,,1015.1,
2022-04-27,14.1,6.0,22.0,,,355.0,8.8,,1017.3,
2022-04-28,14.3,8.0,19.0,,,22.0,24.4,,1020.3,
2022-04-29,14.7,8.0,20.0,,,20.0,22.1,,1021.0,
2022-04-30,14.6,6.0,23.0,,,352.0,9.4,,1017.8,
2022-05-01,13.6,9.0,19.0,,,9.0,7.7,,1015.1,
2022-05-02,13.5,6.0,21.0,,,18.0,8.5,,1012.8,
2022-05-03,14.2,5.0,22.0,,,357.0,7.8,,1013.6,
2022-05-04,14.9,9.0,22.0,,,310.0,6.9,,1017.5,
2022-05-05,12.8,8.0,17.0,,,0.0,8.8,,1018.1,
2022-05-06,16.0,14.0,18.0,,,37.0,17.0,,1013.8,
2022-05-07,16.1,14.0,18.0,,,41.0,21.2,,1014.7,
2022-05-08,17.1,14.0,21.0,,,42.0,17.4,,1016.5,
2022-05-09,17.8,11.0,23.0,,,37.0,17.5,,1019.8,
2022-05-10,17.2,8.0,26.0,,,350.0,8.3,,1020.6,
2022-05-11,18.5,10.0,27.0,,,317.0,8.2,,1020.9,
2022-05-12,18.2,8.0,27.0,,,315.0,9.2,,1022.7,
2022-05-13,18.2,9.0,27.0,,,306.0,9.5,,1020.7,
2022-05-14,17.7,8.0,27.0,,,322.0,7.8,,1019.1,
2022-05-15,19.5,10.0,28.0,,,296.0,8.6,,1018.5,
2022-05-16,20.4,12.0,28.0,,,276.0,7.0,,1019.7,
2022-05-17,20.3,11.0,29.0,,,334.0,6.7,,1018.5,
2022-05-18,20.7,14.0,27.0,,,32.0,16.6,,1020.2,
2022-05-19,21.0,12.0,28.0,,,15.0,16.1,,1024.6,
2022-05-20,20.1,11.0,29.0,,,302.0,8.9,,1026.6,
2022-05-21,20.5,11.0,29.0,,,305.0,8.7,,1020.7,
2022-05-22,21.1,11.0,29.0,,,328.0,6.9,,1014.5,
2022-05-23,22.5,14.0,30.0,,,236.0,10.0,,1010.6,
2022-05-24,23.1,14.0,30.0,,,235.0,13.9,,1008.6,
2022-05-25,23.1,15.0,31.0,,,233.0,11.1,,1013.1,
2022-05-26,23.3,16.0,32.0,,,6.0,7.7,,1018.2,
2022-05-27,24.3,20.0,33.0,0.0,,7.0,10.4,,1016.0,
2022-05-28,22.0,17.0,32.0,2.2,,27.0,8.2,,1008.1,
2022-05-29,20.6,16.0,27.0,8.6,,351.0,15.8,,1004.2,
2022-05-30,21.8,16.0,27.0,4.8,,241.0,13.1,,1009.1,
2022-05-31,21.7,15.0,29.0,0.2,,288.0,8.8,,1013.4,
2022-06-01,23.7,16.0,31.0,0.0,,308.0,6.5,,1015.5,
2022-06-02,24.9,16.0,34.0,0.0,,283.0,7.7,,1016.6,
2022-06-03,25.0,17.0,34.0,0.0,,328.0,9.2,,1017.7,
2022-06-04,25.9,19.0,34.0,0.0,,289.0,9.3,,1018.2,
2022-06-05,24.7,19.0,31.0,0.0,,222.0,9.9,,1016.8,
2022-06-06,23.8,14.0,31.0,0.0,,320.0,8.6,,1015.7,
2022-06-07,22.9,14.0,31.0,0.0,,293.0,9.1,,1012.0,
2022-06-08,22.3,14.0,29.0,0.3,,316.0,8.5,,1009.5,
2022-06-09,19.5,17.0,24.0,17.4,,359.0,13.6,,1006.8,
2022-06-10,20.8,17.0,24.0,0.0,,14.0,21.1,,1013.1,
2022-06-11,22.4,15.0,28.0,0.0,,24.0,17.3,,1018.0,
2022-06-12,22.1,14.0,29.0,0.0,,25.0,17.0,,1019.4,
2022-06-13,23.8,14.0,33.0,0.0,,8.0,8.6,,1015.7,
2022-06-14,24.8,16.0,32.0,0.0,,27.0,9.9,,1016.2,
2022-06-15,24.1,17.0,34.0,0.0,,7.0,8.8,,1018.2,
2022-06-16,25.0,16.0,33.0,0.0,,336.0,6.6,,1017.7,
2022-06-17,25.0,18.0,32.0,0.0,,348.0,8.0,,1018.1,
2022-06-18,24.6,17.0,30.0,0.0,,30.0,20.0,,1019.5,
2022-06-19,24.2,13.0,32.0,0.0,,95.0,8.3,,1016.3,
2022-06-20,24.8,15.0,34.0,0.0,,249.0,10.9,,1015.2,
2022-06-21,25.3,16.0,34.0,0.0,,211.0,10.7,,1015.1,
2022-06-22,26.3,18.0,34.0,0.0,,225.0,9.4,,1013.4,
2022-06-23,25.1,17.0,31.0,0.0,,194.0,7.3,,1014.7,
2022-06-24,27.5,23.0,34.0,0.0,,223.0,14.7,,1013.3,
2022-06-25,25.4,18.0,32.0,0.2,,250.0,9.7,,1014.4,
2022-06-26,27.6,19.0,36.0,0.0,,10.0,7.9,,1015.2,
2022-06-27,29.0,19.0,39.0,0.0,,194.0,12.5,,1014.7,
2022-06-28,27.3,19.0,34.0,0.3,,351.0,11.3,,1013.9,
2022-06-29,26.5,22.0,32.0,1.7,,268.0,11.1,,1012.6,
2022-06-30,26.0,15.0,35.0,0.0,,324.0,7.9,,1013.0,
2022-07-01,26.4,16.0,36.0,0.0,,290.0,11.0,,1014.0,
2022-07-02,26.9,17.0,35.0,0.0,,19.0,12.6,,1016.8,
2022-07-03,29.1,20.0,37.0,0.0,,347.0,10.6,,1016.5,
2022-07-04,30.2,21.0,38.0,0.0,,326.0,10.7,,1014.8,
2022-07-05,28.8,20.0,36.0,0.0,,320.0,10.6,,1014.3,
2022-07-06,27.6,21.0,35.0,0.0,,12.0,13.1,,1015.1,
2022-07-07,24.8,19.0,33.0,2.1,,0.0,9.7,,1014.9,
2022-07-08,22.5,17.0,27.0,0.0,,26.0,18.4,,1018.3,
2022-07-09,22.3,16.0,27.0,0.0,,24.0,18.8,,1020.1,
2022-07-10,23.3,15.0,31.0,0.0,,16.0,13.5,,1016.3,
2022-07-11,25.0,16.0,34.0,0.1,,320.0,9.4,,1016.8,
2022-07-12,24.3,18.0,29.0,0.1,,267.0,7.5,,1019.6,
2022-07-13,25.7,18.0,32.0,0.0,,23.0,12.4,,1021.1,
2022-07-14,26.1,14.0,36.0,0.0,,301.0,8.3,,1019.2,
2022-07-15,28.2,18.0,37.0,0.0,,306.0,8.7,,1014.8,
2022-07-16,28.6,19.0,36.0,0.0,,245.0,9.1,,1015.7,
2022-07-17,28.6,20.0,38.0,0.0,,17.0,11.2,,1018.2,
2022-07-18,29.1,23.0,36.0,0.0,,20.0,15.9,,1019.3,
2022-07-19,28.5,20.0,35.0,0.0,,17.0,21.1,,1018.4,
2022-07-20,28.3,18.0,37.0,0.0,,4.0,10.2,,1017.8,
2022-07-21,29.3,20.0,38.0,0.0,,327.0,7.7,,1016.6,
2022-07-22,30.3,20.0,39.0,0.0,,303.0,7.8,,1016.1,
2022-07-23,30.2,22.0,39.0,0.0,,257.0,10.2,,1016.5,
2022-07-24,29.8,20.0,38.0,0.0,,285.0,8.3,,1016.4,
2022-07-25,30.3,21.0,37.0,0.0,,276.0,8.7,,1013.8,
2022-07-26,29.3,20.0,36.0,1.6,,231.0,7.8,,1010.8,
2022-07-27,26.2,21.0,35.0,0.8,,145.0,10.9,,1009.8,
2022-07-28,25.3,18.0,34.0,0.0,,12.0,7.8,,1012.2,
2022-07-29,26.4,20.0,35.0,0.0,,346.0,6.4,,1014.2,
2022-07-30,26.6,21.0,34.0,0.0,,355.0,8.8,,1013.9,
2022-07-31,26.7,19.0,33.0,0.0,,23.0,15.7,,1014.8,
2022-08-01,27.4,18.0,36.0,0.0,,13.0,9.3,,1014.4,
2022-08-02,26.7,20.0,36.0,0.0,,8.0,10.3,,1014.8,
2022-08-03,27.5,20.0,35.0,0.0,,24.0,9.9,,1015.1,
2022-08-04,27.7,18.0,37.0,0.0,,2.0,10.2,,1015.0,
2022-08-05,28.8,20.0,37.0,0.0,,308.0,9.6,,1013.9,
2022-08-06,29.3,21.0,37.0,0.0,,13.0,9.8,,1012.9,
2022-08-07,28.8,24.0,34.0,0.2,,23.0,18.6,,1013.1,
2022-08-08,24.7,19.0,34.0,2.6,,2.0,14.6,,1014.8,
2022-08-09,22.7,18.0,29.0,0.8,,38.0,15.0,,1016.8,
2022-08-10,25.1,18.0,32.0,0.0,,23.0,17.7,,1017.2,
2022-08-11,25.1,20.0,31.0,0.0,,25.0,17.7,,1015.6,
2022-08-12,24.0,18.0,30.0,0.2,,20.0,15.5,,1013.4,
2022-08-13,21.6,17.0,26.0,0.6,,16.0,9.7,,1012.9,
2022-08-14,23.4,15.0,32.0,0.0,,320.0,7.4,,1010.7,
2022-08-15,24.0,17.0,31.0,10.9,,218.0,7.9,,1009.5,
2022-08-16,25.6,20.0,34.0,0.0,,194.0,8.0,,1010.8,
2022-08-17,27.5,19.0,35.0,0.0,,359.0,7.8,,1012.8,
2022-08-18,27.5,23.0,33.0,1.1,,332.0,11.6,,1009.5,
2022-08-19,22.1,19.0,28.0,25.3,,49.0,7.2,,1010.0,
2022-08-20,22.9,18.0,30.0,0.0,,356.0,6.6,,1012.3,
2022-08-21,23.4,17.0,30.0,0.0,,3.0,10.3,,1010.9,
2022-08-22,24.2,16.0,31.0,0.0,,358.0,12.1,,1008.8,
2022-08-23,23.3,16.0,30.0,0.0,,21.0,14.3,,1011.7,
2022-08-24,24.3,19.0,29.0,0.0,,19.0,17.3,,1014.3,
2022-08-25,25.0,18.0,31.0,0.0,,17.0,15.8,,1013.2,
2022-08-26,25.0,18.0,33.0,0.0,,344.0,10.5,,1010.8,
2022-08-27,23.8,18.0,31.0,4.2,,260.0,10.4,,1011.2,
2022-08-28,21.9,17.0,30.0,8.8,,336.0,7.2,,1014.6,
2022-08-29,23.7,17.0,31.0,0.0,,355.0,8.8,,1016.7,
2022-08-30,25.0,18.0,32.0,0.0,,329.0,7.1,,1017.1,
2022-08-31,24.0,19.0,30.0,4.2,,68.0,8.1,,1014.1,
2022-09-01,21.3,19.0,24.0,21.9,,37.0,9.1,,1012.1,
2022-09-02,21.9,16.0,29.0,0.0,,349.0,10.6,,1014.2,
2022-09-03,19.6,16.0,23.0,1.1,,22.0,5.7,,1016.2,
2022-09-04,20.7,16.0,28.0,4.6,,11.0,6.4,,1018.8,
2022-09-05,23.4,16.0,31.0,0.0,,349.0,6.2,,1021.3,
2022-09-06,24.6,17.0,33.0,0.0,,321.0,6.7,,1019.3,
2022-09-07,24.4,17.0,32.0,0.0,,143.0,6.3,,1016.5,
2022-09-08,23.2,20.0,28.0,39.4,,148.0,9.9,,1014.0,
2022-09-09,23.5,19.0,29.0,8.6,,222.0,9.4,,1013.8,
2022-09-10,21.4,15.0,28.0,0.2,,317.0,6.8,,1014.6,
2022-09-11,20.5,13.0,28.0,0.0,,6.0,8.8,,1014.8,
2022-09-12,20.9,13.0,29.0,0.0,,356.0,7.3,,1015.3,
2022-09-13,21.7,14.0,30.0,0.0,,290.0,8.1,,1015.0,
2022-09-14,22.7,15.0,29.0,0.0,,270.0,10.8,,1015.0,
2022-09-15,23.9,19.0,27.0,59.3,,211.0,15.8,,1010.8,
2022-09-16,24.2,21.0,29.0,4.9,,212.0,14.4,,1006.8,
2022-09-17,17.3,10.0,24.0,18.6,,355.0,16.0,,1005.8,
2022-09-18,14.2,7.0,23.0,0.0,,9.0,7.8,,1015.1,
2022-09-19,16.2,9.0,24.0,2.1,,23.0,9.7,,1013.8,
2022-09-20,18.3,13.0,24.0,0.0,,13.0,14.4,,1015.0,
2022-09-21,16.2,11.0,22.0,0.0,,16.0,19.2,,1018.5,
2022-09-22,14.7,8.0,21.0,0.0,,26.0,19.2,,1019.4,
2022-09-23,14.6,8.0,23.0,0.0,,6.0,12.8,,1019.3,
2022-09-24,14.5,9.0,22.0,8.1,,344.0,8.6,,1017.5,
2022-09-25,16.9,14.0,21.0,37.4,,18.0,6.5,,1012.0,
2022-09-26,17.3,15.0,21.0,13.0,,214.0,4.4,,1008.0,
2022-09-27,17.8,15.0,22.0,16.9,,219.0,12.7,,1002.8,
2022-09-28,16.3,12.0,21.0,0.0,,187.0,9.1,,1003.3,
2022-09-29,18.4,15.0,21.0,27.3,,175.0,14.5,,1002.1,
2022-09-30,16.8,13.0,21.0,26.6,,165.0,8.1,,1008.5,
2022-10-01,17.5,14.0,21.0,5.6,,246.0,9.0,,1017.2,
2022-10-02,17.8,14.0,23.0,0.0,,178.0,6.0,,1021.5,
2022-10-03,18.2,14.0,24.0,0.0,,15.0,12.0,,1018.4,
2022-10-04,17.2,11.0,24.0,0.0,,9.0,6.0,,1021.4,
2022-10-05,17.6,12.0,25.0,0.0,,343.0,6.8,,1026.0,
2022-10-06,17.7,11.0,26.0,0.0,,0.0,9.0,,1026.9,
2022-10-07,16.7,10.0,24.0,0.0,,28.0,6.8,,1023.7,
2022-10-08,17.6,13.0,25.0,0.0,,339.0,5.5,,1020.0,
2022-10-09,17.5,13.0,23.0,0.2,,328.0,7.1,,1019.6,
2022-10-10,18.7,16.0,23.0,1.6,,354.0,9.0,,1018.9,
2022-10-11,18.7,16.0,23.0,0.0,,18.0,15.7,,1019.5,
2022-10-12,17.2,11.0,23.0,0.8,,349.0,9.2,,1020.8,
2022-10-13,17.8,14.0,22.0,3.0,,17.0,13.4,,1019.0,
2022-10-14,15.1,9.0,23.0,0.0,,357.0,7.4,,1016.8,
2022-10-15,15.5,9.0,23.0,0.0,,339.0,6.7,,1017.2,
2022-10-16,17.7,12.0,24.0,0.0,,341.0,5.7,,1022.8,
2022-10-17,16.9,11.0,25.0,0.0,,349.0,6.2,,1028.0,
2022-10-18,16.8,10.0,25.0,0.0,,356.0,5.9,,1026.8,
2022-10-19,17.3,11.0,25.0,0.0,,6.0,11.6,,1021.2,
2022-10-20,16.7,10.0,26.0,0.0,,342.0,6.6,,1021.1,
2022-10-21,15.6,11.0,22.0,0.0,,14.0,6.5,,1021.8,
2022-10-22,20.2,18.0,23.0,0.2,,197.0,14.9,,1021.8,
2022-10-23,19.3,15.0,24.0,0.0,,141.0,6.2,,1023.8,
2022-10-24,17.5,12.0,23.0,0.0,,185.0,7.5,,1022.6,
2022-10-25,18.2,14.0,23.0,0.0,,235.0,7.8,,1021.2,
2022-10-26,16.3,11.0,24.0,0.0,,354.0,6.2,,1023.3,
2022-10-27,16.5,10.0,25.0,0.0,,353.0,6.5,,1026.6,
2022-10-28,16.5,9.0,26.0,0.0,,0.0,6.6,,1026.5,
2022-10-29,15.5,8.0,25.0,0.0,,341.0,6.2,,1025.4,
2022-10-30,13.8,7.0,24.0,0.0,,8.0,5.0,,1023.1,
2022-10-31,14.1,6.0,24.0,0.0,,349.0,5.5,,1023.2,
2022-11-01,13.8,7.0,23.0,0.0,,335.0,5.2,,1024.0,
2022-11-02,14.3,10.0,22.0,0.0,,345.0,5.4,,1023.5,
2022-11-03,14.1,8.0,20.0,1.2,,119.0,5.8,,1019.6,
2022-11-04,15.9,11.0,18.0,10.4,,198.0,10.2,,1006.1,
2022-11-05,12.5,10.0,15.0,1.4,,12.0,14.8,,1007.9,
2022-11-06,12.6,8.0,16.0,0.0,,24.0,16.8,,1015.7,
2022-11-07,9.3,4.0,17.0,0.0,,4.0,6.1,,1020.9,
2022-11-08,9.7,4.0,18.0,0.0,,10.0,4.9,,1022.0,
2022-11-09,10.1,4.0,18.0,0.0,,2.0,4.8,,1021.3,
2022-11-10,14.1,9.0,19.0,0.6,,356.0,7.6,,1024.2,
2022-11-11,14.3,11.0,18.0,0.0,,10.0,17.5,,1030.5,
2022-11-12,13.0,9.0,17.0,0.0,,8.0,13.6,,1027.0,
2022-11-13,11.9,8.0,16.0,10.7,,15.0,14.4,,1022.0,
2022-11-14,9.4,6.0,12.0,12.6,,40.0,7.7,,1021.2,
2022-11-15,8.8,7.0,11.0,10.6,,334.0,4.5,,1017.3,
2022-11-16,14.5,10.0,19.0,41.6,,187.0,8.2,,1004.6,
2022-11-17,12.9,9.0,19.0,0.0,,173.0,6.0,,1004.1,
2022-11-18,14.5,9.0,19.0,14.4,,249.0,10.7,,1002.0,
2022-11-19,10.1,8.0,12.0,17.4,,9.0,10.5,,1003.6,
2022-11-20,9.2,4.0,13.0,5.4,,359.0,9.9,,1008.8,
2022-11-21,6.9,1.0,12.0,0.7,,25.0,5.7,,1009.3,
2022-11-22,10.6,7.0,13.0,40.9,,207.0,14.1,,991.9,
2022-11-23,8.8,5.0,13.0,8.4,,244.0,3.9,,1004.0,
2022-11-24,9.9,5.0,15.0,1.2,,353.0,5.3,,1013.9,
2022-11-25,7.8,4.0,11.0,0.9,,0.0,6.1,,1018.9,
2022-11-26,12.0,9.0,14.0,1.5,,35.0,18.8,,1019.6,
2022-11-27,9.4,5.0,13.0,0.0,,22.0,16.4,,1023.6,
2022-11-28,5.5,0.0,9.0,0.4,,358.0,7.2,,1017.3,
2022-11-29,8.7,6.0,12.0,0.2,,43.0,13.2,,1012.7,
2022-11-30,8.2,5.0,10.0,0.0,,26.0,23.2,,1013.3,
2022-12-01,6.1,3.0,12.0,0.0,,3.0,13.4,,1015.0,
2022-12-02,6.0,2.0,10.0,0.5,,15.0,3.7,,1016.7,
2022-12-03,8.0,5.0,10.0,4.3,,12.0,6.6,,1014.1,
2022-12-04,10.4,7.0,14.0,12.7,,173.0,8.2,,1014.1,
2022-12-05,12.1,9.0,15.0,23.4,,196.0,8.4,,1018.7,
2022-12-06,11.5,10.0,13.0,21.8,,349.0,7.0,,1014.9,
2022-12-07,10.4,8.0,14.0,14.4,,357.0,3.6,,1011.0,
2022-12-08,11.6,10.0,14.0,5.8,,246.0,7.1,,1010.0,
2022-12-09,14.5,10.0,16.0,12.6,,184.0,14.7,,1003.7,
2022-12-10,13.3,10.0,16.0,58.7,,180.0,8.5,,996.8,
2022-12-11,8.4,3.0,11.0,6.4,,290.0,6.8,,999.5,
2022-12-12,3.1,0.0,6.0,0.2,,9.0,6.2,,1007.7,
2022-12-13,5.5,4.0,7.0,3.7,,347.0,11.6,,1006.5,
2022-12-14,6.5,4.0,8.0,15.3,,359.0,10.0,,1003.5,
2022-12-15,9.3,6.0,15.0,11.5,,298.0,6.3,,1005.8,
2022-12-16,13.6,10.0,15.0,24.3,,182.0,13.2,,1005.5,
2022-12-17,11.5,9.0,15.0,17.9,,289.0,4.6,,1016.2,
2022-12-18,9.4,5.0,13.0,0.0,,1.0,14.1,,1028.9,
2022-12-19,3.1,1.0,5.0,0.0,,27.0,5.3,,1032.8,
2022-12-20,4.2,2.0,7.0,0.0,,208.0,2.9,,1028.7,
2022-12-21,6.7,2.0,13.0,0.0,,243.0,2.6,,1022.4,
2022-12-22,8.2,5.0,11.0,0.5,,4.0,3.7,,1018.2,
2022-12-23,9.0,5.0,12.0,0.4,,76.0,3.7,,1016.6,
2022-12-24,11.2,8.0,14.0,0.0,,10.0,4.4,,1017.8,
2022-12-25,9.8,7.0,13.0,0.0,,171.0,3.2,,1023.7,
2022-12-26,11.9,9.0,15.0,0.0,,177.0,6.0,,1027.0,
2022-12-27,10.6,6.0,15.0,0.0,,104.0,6.2,,1026.5,
2022-12-28,8.5,4.0,14.0,0.0,,2.0,3.7,,1025.6,
2022-12-29,10.8,7.0,15.0,1.3,,193.0,8.4,,1023.8,
2022-12-30,12.2,8.0,15.0,1.8,,184.0,7.7,,1023.1,
2022-12-31,12.8,8.0,16.0,0.0,,38.0,4.0,,1029.5,
2023-01-01,7.5,5.0,10.0,0.0,,344.0,3.1,,1031.5,
2023-01-02,9.1,7.0,12.0,0.0,,161.0,2.9,,1030.2,
2023-01-03,9.2,5.0,12.0,0.0,,344.0,3.2,,1029.6,
2023-01-04,9.5,7.0,12.0,0.0,,262.0,3.6,,1029.1,
2023-01-05,9.0,7.0,11.0,0.0,,154.0,3.5,,1025.3,
2023-01-06,8.9,4.0,13.0,0.0,,7.0,3.7,,1024.6,
2023-01-07,10.1,9.0,12.0,0.0,,0.0,2.5,,1023.4,
2023-01-08,10.7,6.0,13.0,0.4,,183.0,9.7,,1018.0,
2023-01-09,11.0,8.0,13.0,24.8,,177.0,12.3,,1005.4,
2023-01-10,6.5,1.0,13.0,0.6,,333.0,5.6,,1015.0,
2023-01-11,2.7,-1.0,8.0,0.0,,36.0,4.4,,1021.0,
2023-01-12,6.9,3.0,12.0,5.2,,20.0,11.5,,1020.8,
2023-01-13,5.3,2.0,10.0,0.0,,2.0,4.1,,1020.6,
2023-01-14,7.1,2.0,13.0,0.0,,12.0,6.1,,1021.3,
2023-01-15,6.0,0.0,12.0,0.6,,205.0,7.1,,1015.9,
2023-01-16,10.2,8.0,12.0,20.2,,188.0,14.7,,1001.5,
2023-01-17,9.4,8.0,13.0,24.7,,171.0,16.1,,990.5,
2023-01-18,7.7,4.0,12.0,22.2,,201.0,10.5,,994.3,
2023-01-19,5.3,2.0,9.0,10.8,,177.0,10.3,,1001.2,
2023-01-20,4.5,1.0,7.0,0.7,,352.0,11.3,,1004.1,
2023-01-21,3.5,2.0,5.0,1.6,,5.0,15.7,,1005.8,
2023-01-22,3.5,0.0,8.0,1.2,,9.0,8.9,,1011.8,
2023-01-23,2.4,0.0,4.0,19.7,,353.0,11.7,,1014.5,
2023-01-24,1.9,-1.0,8.0,0.0,,66.0,7.8,,1025.2,
2023-01-25,6.5,2.0,10.0,0.1,,27.0,18.2,,1020.2,
2023-01-26,5.3,2.0,7.0,0.0,,30.0,21.4,,1010.5,
2023-01-27,3.7,0.0,7.0,0.0,,12.0,16.7,,1008.7,
2023-01-28,4.5,1.0,7.0,0.0,,13.0,19.4,,1014.5,
2023-01-29,3.9,1.0,7.0,0.0,,18.0,19.3,,1021.3,
2023-01-30,2.8,-4.0,8.0,0.0,,125.0,6.2,,1019.8,
2023-01-31,5.7,0.0,14.0,0.0,,337.0,8.2,,1021.2,
2023-02-01,3.5,-3.0,10.0,0.0,,2.0,3.7,,1023.3,
2023-02-02,5.5,0.0,12.0,0.0,,276.0,4.8,,1023.3,
2023-02-03,4.3,-2.0,11.0,0.0,,317.0,5.0,,1027.1,
2023-02-04,8.6,4.0,15.0,0.0,,351.0,9.0,,1022.3,
2023-02-05,4.2,-1.0,9.0,0.0,,36.0,15.6,,1028.6,
2023-02-06,2.5,-1.0,6.0,0.0,,54.0,17.9,,1030.5,
2023-02-07,2.8,-2.0,7.0,0.0,,43.0,19.4,,1032.3,
2023-02-08,1.6,-4.0,6.0,0.0,,22.0,17.1,,1031.9,
2023-02-09,2.8,0.0,6.0,0.0,,25.0,18.6,,1031.9,
2023-02-10,1.9,-3.0,7.0,0.0,,18.0,21.5,,1033.4,
2023-02-11,2.0,-6.0,12.0,0.0,,342.0,5.1,,1033.8,
2023-02-12,3.7,-5.0,13.0,0.0,,19.0,8.6,,1032.5,
2023-02-13,6.2,-2.0,14.0,0.0,,15.0,10.2,,1034.8,
2023-02-14,4.6,-2.0,15.0,0.0,,18.0,5.8,,1032.8,
2023-02-15,5.1,-3.0,16.0,0.0,,28.0,5.4,,1029.2,
2023-02-16,5.3,-1.0,13.0,0.0,,320.0,7.3,,1030.5,
2023-02-17,8.0,4.0,12.0,0.0,,233.0,4.5,,1031.0,
2023-02-18,8.1,5.0,12.0,0.0,,213.0,3.5,,1029.8,
2023-02-19,9.8,8.0,12.0,0.1,,296.0,4.6,,1025.4,
2023-02-20,10.3,4.0,17.0,0.0,,325.0,4.8,,1025.4,
2023-02-21,9.6,5.0,13.0,0.3,,336.0,3.7,,1022.2,
2023-02-22,10.5,6.0,14.0,0.0,,99.0,4.5,,1017.5,
2023-02-23,9.8,7.0,15.0,0.4,,305.0,5.9,,1015.7,
2023-02-24,8.7,5.0,12.0,0.7,,229.0,3.5,,1013.0,
2023-02-25,11.5,8.0,15.0,1.2,,234.0,6.8,,1002.8,
2023-02-26,8.5,5.0,11.0,27.2,,60.0,14.5,,998.3,
2023-02-27,6.4,5.0,9.0,5.4,,20.0,17.2,,1011.6,
2023-02-28,7.3,5.0,10.0,0.7,,34.0,23.8,,1015.8,
2023-03-01,6.1,3.0,8.0,7.9,,21.0,17.4,,1012.4,
2023-03-02,8.2,2.0,13.0,0.0,,30.0,20.7,,1012.4,
2023-03-03,8.2,5.0,11.0,0.0,,27.0,17.2,,1013.8,
2023-03-04,8.1,3.0,13.0,0.0,,16.0,18.9,,1013.7,
2023-03-05,7.0,-1.0,15.0,0.0,,300.0,9.3,,1012.0,
2023-03-06,9.4,6.0,14.0,4.5,,196.0,10.4,,1008.5,
2023-03-07,10.2,5.0,16.0,0.4,,216.0,11.8,,1006.9,
2023-03-08,12.9,10.0,18.0,4.2,,193.0,15.8,,1008.0,
2023-03-09,15.0,13.0,18.0,1.9,,192.0,16.9,,1008.3,
2023-03-10,13.4,9.0,17.0,18.0,,212.0,15.1,,1003.0,
2023-03-11,10.7,8.0,13.0,2.5,,241.0,5.4,,1002.6,
2023-03-12,12.4,7.0,17.0,0.1,,5.0,12.4,,1011.3,
2023-03-13,11.7,3.0,20.0,0.0,,268.0,12.1,,1017.8,
2023-03-14,11.8,8.0,16.0,15.0,,225.0,13.0,,1006.3,
2023-03-15,8.8,4.0,12.0,1.1,,4.0,13.9,,1008.5,
2023-03-16,6.8,2.0,13.0,0.0,,18.0,17.1,,1019.7,
2023-03-17,8.4,0.0,17.0,0.0,,350.0,8.9,,1019.8,
2023-03-18,9.5,1.0,18.0,0.0,,304.0,7.8,,1018.5,
2023-03-19,11.0,7.0,15.0,1.0,,343.0,4.9,,1019.9,
2023-03-20,11.1,9.0,14.0,12.2,,345.0,6.8,,1018.2,
2023-03-21,12.1,8.0,17.0,0.0,,16.0,13.3,,1016.0,
2023-03-22,11.5,5.0,20.0,0.0,,355.0,5.8,,1015.8,
2023-03-23,12.0,4.0,21.0,0.0,,292.0,5.8,,1016.8,
2023-03-24,11.8,3.0,19.0,0.0,,246.0,10.5,,1017.8,
2023-03-25,14.1,9.0,20.0,0.8,,237.0,13.2,,1015.1,
2023-03-26,11.3,3.0,19.0,2.2,,173.0,13.3,,1011.0,
2023-03-27,11.4,8.0,14.0,8.0,,166.0,12.8,,1006.3,
2023-03-28,8.2,3.0,14.0,0.7,,39.0,10.9,,1022.0,
2023-03-29,7.9,0.0,15.0,0.0,,179.0,11.4,,1026.1,
2023-03-30,12.7,9.0,18.0,0.0,,223.0,11.9,,1023.8,
2023-03-31,13.1,9.0,17.0,0.7,,184.0,12.1,,1014.6,
2023-04-01,14.0,10.0,19.0,2.6,,229.0,12.2,,1007.3,
2023-04-02,10.3,3.0,17.0,0.1,,11.0,11.5,,1007.8,
2023-04-03,10.8,7.0,13.0,0.0,,20.0,24.8,,1009.0,
2023-04-04,7.1,5.0,9.0,0.0,,35.0,23.7,,1011.7,
2023-04-05,6.7,4.0,10.0,0.1,,31.0,18.5,,1014.6,
2023-04-06,6.7,-1.0,14.0,0.0,,20.0,12.6,,1017.0,
2023-04-07,8.2,-1.0,17.0,0.4,,272.0,9.3,,1016.3,
2023-04-08,9.3,7.0,14.0,2.1,,33.0,8.6,,1014.9,
2023-04-09,9.6,5.0,15.0,1.1,,29.0,15.3,,1018.6,
2023-04-10,8.0,1.0,15.0,0.0,,20.0,13.0,,1021.0,
2023-04-11,9.1,0.0,18.0,0.0,,274.0,9.6,,1017.9,
2023-04-12,14.1,9.0,20.0,0.0,,204.0,5.4,,1010.7,
2023-04-13,10.5,6.0,16.0,15.4,,185.0,12.7,,1004.0,
2023-04-14,8.4,4.0,14.0,7.0,,223.0,11.2,,1004.8,
2023-04-15,9.3,2.0,16.0,3.3,,4.0,8.0,,1006.0,
2023-04-16,10.6,8.0,14.0,13.0,,19.0,17.3,,1008.5,
2023-04-17,11.9,9.0,15.0,0.1,,29.0,15.8,,1011.3,
2023-04-18,12.2,9.0,16.0,0.4,,20.0,13.3,,1012.9,
2023-04-19,12.3,7.0,20.0,6.5,,23.0,8.1,,1014.1,
2023-04-20,12.8,7.0,19.0,4.1,,40.0,7.0,,1012.1,
2023-04-21,12.9,6.0,22.0,0.0,,7.0,10.0,,1012.3,
2023-04-22,14.4,5.0,23.0,0.0,,310.0,7.2,,1013.9,
2023-04-23,15.3,8.0,23.0,0.0,,179.0,9.3,,1013.6,
2023-04-24,15.7,12.0,20.0,14.6,,210.0,14.9,,1009.2,
2023-04-25,11.8,5.0,19.0,0.4,,343.0,9.2,,1009.0,
2023-04-26,12.7,5.0,21.0,0.0,,354.0,9.7,,1013.3,
2023-04-27,13.8,5.0,23.0,0.0,,315.0,7.9,,1017.1,
2023-04-28,14.6,5.0,23.0,0.0,,271.0,10.2,,1019.5,
2023-04-29,15.5,11.0,20.0,4.7,,284.0,6.4,,1015.5,
2023-04-30,17.2,13.0,23.0,3.2,,31.0,14.6,,1012.2,
2023-05-01,16.4,14.0,20.0,2.1,,33.0,13.7,,1010.3,
2023-05-02,15.5,11.0,21.0,7.9,,359.0,8.7,,1009.2,
2023-05-03,15.8,12.0,18.0,0.9,,28.0,18.7,,1016.3,
2023-05-04,15.7,8.0,23.0,0.0,,21.0,15.3,,1019.5,
2023-05-05,16.6,8.0,25.0,0.0,,333.0,7.1,,1018.8,
2023-05-06,17.1,9.0,26.0,0.0,,326.0,6.9,,1016.6,
2023-05-07,18.3,9.0,27.0,0.0,,275.0,7.7,,1016.5,
2023-05-08,16.5,11.0,20.0,5.8,,333.0,7.5,,1017.1,
2023-05-09,18.6,13.0,26.0,1.7,,15.0,11.2,,1015.3,
2023-05-10,15.5,14.0,17.0,18.5,,133.0,8.1,,1010.4,
2023-05-11,14.5,12.0,20.0,16.8,,196.0,8.0,,1010.3,
2023-05-12,13.3,10.0,19.0,14.6,,164.0,7.4,,1013.8,
2023-05-13,13.6,8.0,19.0,0.5,,325.0,7.0,,1015.5,
2023-05-14,14.4,12.0,18.0,8.3,,0.0,7.8,,1010.8,
2023-05-15,15.0,11.0,19.0,0.9,,2.0,13.5,,1006.9,
2023-05-16,14.3,12.0,18.0,22.4,,339.0,11.3,,998.2,
2023-05-17,14.6,12.0,17.0,12.3,,355.0,12.2,,1006.6,
2023-05-18,16.2,12.0,21.0,2.0,,34.0,15.1,,1014.9,
2023-05-19,15.5,12.0,18.0,3.8,,7.0,11.9,,1015.1,
2023-05-20,16.0,14.0,19.0,3.8,,31.0,15.7,,1011.1,
2023-05-21,19.7,15.0,24.0,2.1,,27.0,14.8,,1010.2,
2023-05-22,19.8,13.0,26.0,0.8,,4.0,14.2,,1011.6,
2023-05-23,17.8,11.0,27.0,0.3,,270.0,8.2,,1013.7,
2023-05-24,17.9,12.0,25.0,6.3,,322.0,7.3,,1014.0,
2023-05-25,19.4,12.0,28.0,1.1,,13.0,9.9,,1015.8,
2023-05-26,20.9,13.0,28.0,0.0,,22.0,15.7,,1017.3,
2023-05-27,20.4,14.0,26.0,0.0,,22.0,17.6,,1016.4,
2023-05-28,20.6,14.0,27.0,0.0,,34.0,14.6,,1013.3,
2023-05-29,19.8,13.0,27.0,1.5,,21.0,13.0,,1012.8,
2023-05-30,18.6,11.0,27.0,2.0,,20.0,10.9,,1014.0,
2023-05-31,17.5,13.0,25.0,4.5,,5.0,9.4,,1015.3,
2023-06-01,18.8,13.0,25.0,2.5,,22.0,6.8,,1015.1,
2023-06-02,19.1,13.0,27.0,3.8,,338.0,7.1,,1013.5,
2023-06-03,18.5,14.0,27.0,1.4,,327.0,7.9,,1015.3,
2023-06-04,18.2,14.0,25.0,4.6,,328.0,7.3,,1016.9,
2023-06-05,18.3,16.0,22.0,13.0,,95.0,9.0,,1015.6,
2023-06-06,19.0,14.0,24.0,4.3,,270.0,6.4,,1016.0,
2023-06-07,20.7,15.0,27.0,0.7,,301.0,6.8,,1016.0,
2023-06-08,21.0,15.0,28.0,0.4,,292.0,7.1,,1014.0,
2023-06-09,21.3,16.0,27.0,0.5,,267.0,7.4,,1013.4,
2023-06-10,21.2,18.0,26.0,11.5,,294.0,5.8,,1012.3,
2023-06-11,22.0,17.0,27.0,0.1,,12.0,10.0,,1011.3,
2023-06-12,21.7,15.0,27.0,0.7,,25.0,17.5,,1011.1,
2023-06-13,19.3,14.0,26.0,4.8,,354.0,8.3,,1010.2,
2023-06-14,19.3,17.0,24.0,14.3,,8.0,6.1,,1010.4,
2023-06-15,21.0,16.0,25.0,0.0,,27.0,15.8,,1011.6,
2023-06-16,20.2,13.0,26.0,0.0,,19.0,12.2,,1013.6,
2023-06-17,20.8,12.0,28.0,0.0,,10.0,7.7,,1014.8,
2023-06-18,22.4,14.0,30.0,0.0,,302.0,9.0,,1016.8,
2023-06-19,22.6,15.0,30.0,0.0,,314.0,9.0,,1018.2,
2023-06-20,23.5,16.0,31.0,0.0,,329.0,7.9,,1019.0,
2023-06-21,25.1,16.0,34.0,0.0,,27.0,7.8,,1019.5,
2023-06-22,26.8,18.0,36.0,0.0,,204.0,7.6,,1019.0,
2023-06-23,24.6,19.0,31.0,1.1,,289.0,9.1,,1016.0,
2023-06-24,22.7,18.0,27.0,3.4,,21.0,17.0,,1016.1,
2023-06-25,23.0,18.0,28.0,0.0,,31.0,16.2,,1015.8,
2023-06-26,23.3,15.0,30.0,0.0,,17.0,15.2,,1015.3,
2023-06-27,25.0,14.0,33.0,0.0,,320.0,9.7,,1013.8,
2023-06-28,23.8,17.0,31.0,0.0,,19.0,11.0,,1013.0,
2023-06-29,24.8,20.0,29.0,0.0,,27.0,15.6,,1014.9,
2023-06-30,21.0,17.0,29.0,23.0,,24.0,10.3,,1013.1,
2023-07-01,20.0,15.0,26.0,22.5,,166.0,8.3,,1009.2,
2023-07-02,23.7,20.0,29.0,0.1,,299.0,5.4,,1010.9,
2023-07-03,24.8,20.0,30.0,0.0,,226.0,9.3,,1013.1,
2023-07-04,24.1,18.0,31.0,0.4,,266.0,7.2,,1014.5,
2023-07-05,24.6,18.0,30.0,0.0,,251.0,7.7,,1015.1,
2023-07-06,23.7,17.0,32.0,0.9,,311.0,9.4,,1015.8,
2023-07-07,24.3,18.0,30.0,0.0,,21.0,11.6,,1019.6,
2023-07-08,24.9,17.0,32.0,0.1,,3.0,9.7,,1020.1,
2023-07-09,26.6,18.0,34.0,0.0,,29.0,8.8,,1020.3,
2023-07-10,27.9,20.0,35.0,0.0,,359.0,7.1,,1020.2,
2023-07-11,28.0,20.0,36.0,0.0,,304.0,8.2,,1019.0,
2023-07-12,27.0,19.0,34.0,0.0,,231.0,12.3,,1017.3,
2023-07-13,28.2,22.0,32.0,0.3,,222.0,13.7,,1015.3,
2023-07-14,27.7,20.0,34.0,0.0,,283.0,6.2,,1016.3,
2023-07-15,27.8,21.0,35.0,0.0,,295.0,7.4,,1016.5,
2023-07-16,27.8,20.0,36.0,0.0,,285.0,9.5,,1016.8,
2023-07-17,28.4,20.0,37.0,0.0,,274.0,6.7,,1018.3,
2023-07-18,28.6,20.0,37.0,0.0,,323.0,7.3,,1018.0,
2023-07-19,28.3,18.0,38.0,0.0,,257.0,8.0,,1013.5,
2023-07-20,29.1,22.0,36.0,0.0,,267.0,9.4,,1010.4,
2023-07-21,28.0,21.0,35.0,0.4,,234.0,15.4,,1010.4,
2023-07-22,29.1,24.0,35.0,2.2,,232.0,12.0,,1014.2,
2023-07-23,27.8,20.0,35.0,0.0,,216.0,9.1,,1016.7,
2023-07-24,28.8,21.0,37.0,0.0,,253.0,10.3,,1012.1,
2023-07-25,28.0,24.0,34.0,0.4,,280.0,13.4,,1004.9,
2023-07-26,21.5,16.0,29.0,0.9,,356.0,9.3,,1008.6,
2023-07-27,24.0,17.0,31.0,0.0,,331.0,9.5,,1014.2,
2023-07-28,23.5,15.0,30.0,0.3,,228.0,9.7,,1015.0,
2023-07-29,25.8,18.0,32.0,0.0,,256.0,7.7,,1014.8,
2023-07-30,25.8,19.0,32.0,0.0,,305.0,9.3,,1014.2,
2023-07-31,25.3,17.0,33.0,0.0,,350.0,7.1,,1012.3,
2023-08-01,25.5,18.0,32.0,0.0,,241.0,12.3,,1008.2,
2023-08-02,25.8,18.0,32.0,0.0,,272.0,8.8,,1008.3,
2023-08-03,26.1,19.0,33.0,0.0,,221.0,14.0,,1009.7,
2023-08-04,23.2,18.0,29.0,26.2,,219.0,10.5,,1008.5,
2023-08-05,19.6,15.0,24.0,0.5,,282.0,8.1,,1006.3,
2023-08-06,21.4,14.0,28.0,0.0,,260.0,8.9,,1007.6,
2023-08-07,20.5,14.0,28.0,0.0,,2.0,9.0,,1012.1,
2023-08-08,20.8,12.0,29.0,0.0,,12.0,7.8,,1016.8,
2023-08-09,21.5,14.0,29.0,0.0,,2.0,6.9,,1016.5,
2023-08-10,23.0,15.0,31.0,0.0,,18.0,7.7,,1017.9,
2023-08-11,24.4,17.0,31.0,0.0,,17.0,11.6,,1020.6,
2023-08-12,24.6,17.0,32.0,0.0,,17.0,12.5,,1020.0,
2023-08-13,25.6,18.0,34.0,0.0,,18.0,12.5,,1018.0,
2023-08-14,24.1,15.0,33.0,0.0,,10.0,8.4,,1017.4,
2023-08-15,24.8,16.0,33.0,0.0,,18.0,7.0,,1017.1,
2023-08-16,25.9,20.0,33.0,0.2,,356.0,8.8,,1017.1,
2023-08-17,26.5,19.0,34.0,0.0,,356.0,7.8,,1016.0,
2023-08-18,25.9,19.0,34.0,0.0,,10.0,8.1,,1015.9,
2023-08-19,26.6,19.0,35.0,0.0,,16.0,10.5,,1016.3,
2023-08-20,26.8,19.0,33.0,0.0,,29.0,14.6,,1017.8,
2023-08-21,28.1,21.0,35.0,0.0,,23.0,15.7,,1018.5,
2023-08-22,27.9,21.0,35.0,0.0,,15.0,16.6,,1016.7,
2023-08-23,28.0,20.0,37.0,0.0,,20.0,9.0,,1015.5,
2023-08-24,28.4,19.0,37.0,0.0,,7.0,8.7,,1015.7,
2023-08-25,28.5,20.0,37.0,0.0,,3.0,6.9,,1014.6,
2023-08-26,27.4,19.0,36.0,0.0,,323.0,9.5,,1013.3,
2023-08-27,26.5,18.0,35.0,0.0,,350.0,8.7,,1009.1,
2023-08-28,22.5,19.0,27.0,5.5,,170.0,16.8,,1002.8,
2023-08-29,18.0,16.0,22.0,20.3,,152.0,11.0,,1001.6,
2023-08-30,18.7,16.0,22.0,5.6,,169.0,6.3,,1007.1,
2023-08-31,20.2,15.0,26.0,0.6,,200.0,4.9,,1015.0,
2023-09-01,21.5,15.0,28.0,0.0,,3.0,5.4,,1019.2,
2023-09-02,22.4,15.0,31.0,0.0,,333.0,7.6,,1020.2,
2023-09-03,24.3,17.0,32.0,0.0,,8.0,9.9,,1021.4,
2023-09-04,23.5,19.0,27.0,0.0,,30.0,20.8,,1020.6,
2023-09-05,22.3,18.0,26.0,0.0,,31.0,23.5,,1018.5,
2023-09-06,23.3,19.0,28.0,0.0,,31.0,21.3,,1018.3,
2023-09-07,23.7,17.0,29.0,0.0,,26.0,19.6,,1018.0,
2023-09-08,24.0,17.0,30.0,0.0,,18.0,17.5,,1017.4,
2023-09-09,24.1,16.0,31.0,0.0,,12.0,15.7,,1016.8,
2023-09-10,22.7,13.0,32.0,0.0,,355.0,10.5,,1017.6,
2023-09-11,23.7,15.0,33.0,0.0,,328.0,7.9,,1015.8,
2023-09-12,22.5,14.0,31.0,0.0,,337.0,7.0,,1016.2,
2023-09-13,21.3,15.0,27.0,0.0,,356.0,6.1,,1018.3,
2023-09-14,21.9,17.0,29.0,3.0,,321.0,6.1,,1018.2,
2023-09-15,22.2,19.0,28.0,12.0,,13.0,7.5,,1017.7,
2023-09-16,21.3,17.0,28.0,3.4,,350.0,8.3,,1018.7,
2023-09-17,22.6,17.0,30.0,0.0,,347.0,5.9,,1019.5,
2023-09-18,23.3,18.0,29.0,0.0,,290.0,7.7,,1017.5,
2023-09-19,22.2,16.0,30.0,0.0,,296.0,7.7,,1016.0,
2023-09-20,20.1,16.0,25.0,2.1,,356.0,5.7,,1017.0,
2023-09-21,20.0,17.0,25.0,13.9,,179.0,8.4,,1012.2,
2023-09-22,22.1,17.0,29.0,3.1,,190.0,12.2,,1009.6,
2023-09-23,19.2,13.0,24.0,14.5,,167.0,8.8,,1011.8,
2023-09-24,14.9,11.0,20.0,1.1,,19.0,11.9,,1017.9,
2023-09-25,17.4,13.0,22.0,0.1,,5.0,15.8,,1019.2,
2023-09-26,20.9,16.0,26.0,0.0,,24.0,20.6,,1018.6,
2023-09-27,20.8,14.0,28.0,0.0,,27.0,16.3,,1017.5,
2023-09-28,21.6,14.0,28.0,0.0,,14.0,16.4,,1017.7,
2023-09-29,19.4,11.0,29.0,0.0,,7.0,10.7,,1020.3,
2023-09-30,19.3,10.0,29.0,0.0,,357.0,10.7,,1021.6,
2023-10-01,19.8,11.0,30.0,0.0,,6.0,9.8,,1023.3,
2023-10-02,21.4,12.0,32.0,0.0,,351.0,7.8,,1024.4,
2023-10-03,20.6,13.0,30.0,0.0,,331.0,7.0,,1023.5,
2023-10-04,20.0,12.0,29.0,0.0,,334.0,6.6,,1022.8,
2023-10-05,20.0,13.0,27.0,0.0,,302.0,6.9,,1023.0,
2023-10-06,20.5,14.0,28.0,0.0,,9.0,10.6,,1023.5,
2023-10-07,19.8,13.0,28.0,0.0,,337.0,8.1,,1023.7,
2023-10-08,19.6,11.0,30.0,0.0,,342.0,6.6,,1023.7,
2023-10-09,20.9,13.0,31.0,0.0,,314.0,7.0,,1023.5,
2023-10-10,18.8,11.0,27.0,0.0,,310.0,6.8,,1022.2,
2023-10-11,19.7,12.0,28.4,0.0,,247.0,5.5,,1022.3,
2023-10-12,19.5,14.6,28.0,0.0,,247.0,7.8,,1021.7,
2023-10-13,18.3,11.0,27.0,0.0,,332.0,6.0,,1022.2,
2023-10-14,18.8,11.0,26.0,0.0,,239.0,10.8,,1017.6,
2023-10-15,19.7,15.0,25.0,3.7,,218.0,11.1,,1012.3,
2023-10-16,17.0,15.0,20.0,0.2,,20.0,16.8,,1015.5,
2023-10-17,17.2,13.0,22.0,1.3,,15.0,11.2,,1015.5,
2023-10-18,16.5,14.0,19.0,7.5,,18.0,6.5,,1013.7,
2023-10-19,19.5,14.0,26.0,2.6,,176.0,14.3,,1005.7,
2023-10-20,23.0,20.0,27.0,3.6,,192.0,19.1,,998.0,
2023-10-21,18.5,15.0,22.0,15.2,,177.0,10.0,,1004.2,
2023-10-22,16.7,14.0,21.0,2.9,,298.0,4.6,,1013.3,
2023-10-23,15.2,10.0,21.0,0.0,,13.0,6.0,,1017.9,
2023-10-24,17.1,13.0,23.0,10.3,,208.0,12.3,,1011.8,
2023-10-25,17.4,16.0,20.0,9.7,,180.0,13.3,,1008.0,
2023-10-26,18.4,15.0,22.0,1.1,,179.0,12.1,,1005.1,
2023-10-27,20.1,18.0,22.0,4.8,,204.0,22.6,,1000.9,
2023-10-28,17.7,13.0,22.0,0.5,,215.0,10.9,,1009.4,
2023-10-29,16.8,11.0,23.0,2.5,,190.0,8.7,,1015.4,
2023-10-30,20.8,15.0,26.0,1.2,,214.0,12.9,,1010.6,
2023-10-31,17.8,11.0,21.0,6.4,,222.0,17.6,,1009.8,
2023-11-01,11.9,9.0,16.0,3.0,,10.0,5.3,,1014.8,
2023-11-02,15.3,9.0,19.0,4.6,,180.0,15.8,,1003.1,
2023-11-03,13.9,10.0,19.0,29.3,,218.0,16.6,,993.6,
2023-11-04,12.8,9.0,17.0,2.5,,201.0,12.2,,999.4,
2023-11-05,16.7,11.0,20.0,16.9,,219.0,23.4,,999.1,
2023-11-06,14.5,10.0,19.0,1.3,,207.0,9.6,,1013.7,
2023-11-07,13.4,11.0,15.0,11.9,,198.0,6.3,,1017.8,
2023-11-08,10.3,7.0,16.0,0.4,,30.0,6.7,,1021.2,
2023-11-09,10.1,3.0,16.0,0.0,,166.0,6.1,,1018.1,
2023-11-10,12.7,10.0,15.0,11.8,,187.0,9.5,,1007.8,
2023-11-11,10.8,8.0,16.0,0.5,,231.0,7.9,,1008.1,
2023-11-12,8.7,6.0,12.0,0.1,,344.0,5.1,,1011.8,
2023-11-13,11.5,9.0,14.0,0.0,,243.0,3.6,,1018.2,
2023-11-14,15.7,10.0,20.0,0.0,,181.0,8.3,,1017.1,
2023-11-15,16.8,11.0,20.0,3.5,,261.0,9.4,,1015.1,
2023-11-16,10.8,5.0,15.0,0.0,,322.0,6.8,,1018.3,
2023-11-17,13.5,7.0,18.0,0.3,,286.0,11.4,,1013.4,
2023-11-18,8.5,4.0,16.0,0.0,,340.0,7.0,,1022.3,
2023-11-19,8.5,2.0,14.0,0.0,,311.0,4.3,,1021.6,
2023-11-20,14.1,12.0,17.0,0.3,,248.0,5.8,,1015.4,
2023-11-21,14.0,10.0,16.0,31.5,,138.0,10.1,,1005.8,
2023-11-22,11.5,10.0,13.0,13.6,,14.0,21.2,,1009.1,
2023-11-23,11.4,7.0,15.0,0.0,,20.0,21.3,,1016.5,
2023-11-24,8.5,4.0,15.0,0.0,,12.0,5.4,,1005.5,
2023-11-25,6.8,1.0,9.0,0.4,,4.0,18.8,,1002.0,
2023-11-26,1.8,-4.0,11.0,0.0,,345.0,5.3,,1013.5,
2023-11-27,4.4,-1.0,9.0,4.0,,17.0,4.6,,1011.3,
2023-11-28,10.1,6.0,14.0,11.6,,197.0,7.1,,997.1,
2023-11-29,5.8,1.0,12.0,0.0,,19.0,4.3,,1006.5,
2023-11-30,11.8,3.0,17.0,8.7,,189.0,14.0,,1006.3,
2023-12-01,17.7,17.0,20.0,0.1,,188.0,21.8,,1002.8,
2023-12-02,14.2,10.0,17.0,7.4,,215.0,27.0,,1001.5,
2023-12-03,8.1,5.0,12.0,0.0,,3.0,12.6,,1016.6,
2023-12-04,3.8,-1.0,7.0,0.2,,21.0,5.2,,1019.7,
2023-12-05,7.8,4.0,11.0,9.5,,295.0,4.8,,1010.5,
2023-12-06,5.4,4.0,6.0,0.0,,298.0,5.4,,1012.4,
2023-12-07,3.9,3.0,6.0,0.0,,2.0,6.2,,1019.0,
2023-12-08,3.2,1.0,6.0,0.2,,4.0,6.6,,1016.0,
2023-12-09,7.4,4.0,12.0,0.0,,0.0,6.8,,1015.6,
2023-12-10,9.5,5.0,15.0,5.2,,298.0,6.2,,1014.8,
2023-12-11,8.8,3.0,14.0,0.1,,211.0,6.1,,1016.1,
2023-12-12,14.8,13.0,17.0,0.4,,213.0,11.4,,1013.0,
2023-12-13,14.1,10.0,15.0,16.2,,187.0,13.9,,1004.9,
2023-12-14,9.2,7.0,13.0,1.1,,350.0,8.6,,1010.1,
2023-12-15,10.0,8.0,13.0,0.0,,25.0,22.6,,1023.9,
2023-12-16,8.7,8.0,10.0,0.0,,41.0,34.8,,1032.3,
2023-12-17,8.3,4.0,12.0,0.0,,18.0,17.5,,1036.0,
2023-12-18,3.6,-2.0,13.0,0.0,,72.0,3.6,,1032.8,
2023-12-19,3.6,-2.0,12.0,0.0,,328.0,3.4,,1025.4,
2023-12-20,3.4,-2.0,11.0,0.0,,304.0,3.2,,1014.2,
2023-12-21,3.6,-1.0,9.0,0.0,,302.0,3.5,,1011.0,
2023-12-22,8.0,2.0,15.0,0.0,,247.0,5.0,,1006.4,
2023-12-23,5.8,1.0,12.0,0.0,,292.0,3.9,,1012.6,
2023-12-24,7.1,1.0,13.0,0.0,,173.0,3.7,,1018.1,
2023-12-25,9.2,5.0,12.0,0.0,,49.0,3.3,,1020.3,
2023-12-26,8.8,5.0,15.0,0.0,,345.0,4.9,,1021.6,
2023-12-27,9.0,6.0,14.0,0.0,,0.0,3.5,,1026.1,
2023-12-28,9.0,7.0,12.0,0.0,,158.0,4.0,,1028.0,
2023-12-29,10.2,8.0,13.0,0.8,,315.0,4.4,,1024.2,
2023-12-30,10.1,7.0,14.0,0.0,,47.0,4.4,,1021.2,
2023-12-31,10.3,7.0,14.0,5.1,,149.0,6.5,,1017.0,
2024-01-01,10.3,5.0,13.0,0.5,,237.0,7.9,,1014.2,
2024-01-02,6.4,1.0,12.0,0.0,,279.0,5.3,,1016.8,
2024-01-03,12.8,11.0,14.0,1.4,,186.0,14.4,,1012.2,
2024-01-04,11.9,6.0,16.0,0.6,,229.0,7.9,,1012.0,
2024-01-05,8.9,5.0,13.0,4.1,,197.0,5.2,,1008.8,
2024-01-06,11.9,10.0,13.0,8.5,,302.0,8.8,,997.3,
2024-01-07,9.5,9.0,11.0,5.8,,346.0,10.8,,995.5,
2024-01-08,8.8,6.0,10.0,0.0,,31.0,21.4,,1006.5,
2024-01-09,5.5,3.0,8.0,0.0,,23.0,21.6,,1018.6,
2024-01-10,6.0,3.0,9.0,0.0,,6.0,14.1,,1023.3,
2024-01-11,5.8,3.0,10.0,0.0,,17.0,19.1,,1019.9,
2024-01-12,5.4,2.0,10.0,0.0,,19.0,20.9,,1020.8,
2024-01-13,2.9,-1.0,9.0,0.0,,32.0,8.1,,1022.0,
2024-01-14,5.9,2.0,10.0,2.2,,190.0,5.9,,1014.0,
2024-01-15,10.8,9.0,14.0,11.2,,191.0,8.2,,1002.7,
2024-01-16,11.4,6.0,16.0,1.2,,218.0,6.9,,1007.8,
2024-01-17,13.4,11.0,15.0,5.1,,188.0,13.0,,1006.0,
2024-01-18,15.0,13.0,18.0,1.9,,194.0,18.2,,1001.1,
2024-01-19,12.5,6.0,17.0,3.2,,191.0,15.7,,1007.4,
2024-01-20,5.0,3.0,7.0,0.0,,27.0,27.5,,1022.0,
2024-01-21,5.0,1.0,10.0,0.0,,26.0,17.9,,1030.1,
2024-01-22,1.8,-4.0,11.0,0.0,,326.0,4.0,,1031.4,
2024-01-23,6.8,2.0,13.0,0.6,,340.0,6.9,,1028.7,
2024-01-24,3.7,-1.0,9.0,0.0,,356.0,3.9,,1030.9,
2024-01-25,4.2,-1.0,12.0,0.0,,310.0,3.9,,1026.2,
2024-01-26,4.9,1.0,9.0,0.0,,22.0,4.6,,1026.7,
2024-01-27,9.1,6.0,17.0,0.0,,29.0,7.9,,1028.3,
2024-01-28,7.8,2.0,14.0,0.0,,1.0,14.5,,1034.2,
2024-01-29,3.3,-5.0,13.0,0.0,,34.0,4.7,,1034.7,
2024-01-30,2.0,-5.0,13.0,0.0,,3.0,4.1,,1035.0,
2024-01-31,2.9,-3.0,12.0,0.0,,44.0,4.7,,1033.3,
2024-02-01,3.3,-2.0,8.0,0.0,,29.0,4.8,,1028.8,
2024-02-02,5.1,-3.0,17.0,0.0,,359.0,7.9,,1027.6,
2024-02-03,6.3,0.0,16.0,0.0,,13.0,5.5,,1028.4,
2024-02-04,5.9,0.0,13.0,0.0,,38.0,4.2,,1027.1,
2024-02-05,7.0,0.0,12.0,0.0,,274.0,4.5,,1026.7,
2024-02-06,11.4,9.0,15.0,0.3,,219.0,6.8,,1023.5,
2024-02-07,11.2,7.0,15.0,0.5,,168.0,7.9,,1016.0,
2024-02-08,12.1,9.0,16.0,0.2,,205.0,10.4,,1012.1,
2024-02-09,13.3,11.0,16.0,1.6,,198.0,15.8,,1005.8,
2024-02-10,11.5,9.0,15.0,12.2,,131.0,9.8,,995.0,
2024-02-11,10.0,8.0,12.0,8.1,,197.0,10.1,,995.0,
2024-02-12,8.5,5.0,13.0,1.2,,122.0,3.9,,1004.9,
2024-02-13,7.7,2.0,15.0,0.0,,6.0,12.7,,1016.3,
2024-02-14,7.3,0.0,17.0,0.0,,339.0,7.5,,1023.8,
2024-02-15,6.8,0.0,17.0,0.0,,20.0,5.9,,1023.3,
2024-02-16,7.8,2.0,16.0,0.0,,30.0,5.2,,1021.3,
2024-02-17,9.8,3.0,20.0,0.0,,349.0,8.4,,1025.4,
2024-02-18,9.0,1.0,19.0,0.0,,13.0,6.0,,1028.9,
2024-02-19,9.0,4.0,16.0,0.0,,347.0,6.5,,1023.8,
2024-02-20,9.9,5.0,16.0,0.0,,15.0,16.0,,1022.7,
2024-02-21,8.9,3.0,17.0,0.0,,353.0,9.7,,1023.3,
2024-02-22,8.2,1.0,14.0,0.3,,226.0,12.7,,1016.1,
2024-02-23,12.3,7.0,16.0,13.1,,189.0,24.9,,1003.2,
2024-02-24,7.5,2.0,14.0,4.9,,182.0,8.9,,1009.1,
2024-02-25,7.6,2.0,15.0,0.0,,316.0,5.6,,1009.8,
2024-02-26,6.3,1.0,11.0,2.0,,25.0,5.8,,1006.5,
2024-02-27,13.3,10.0,18.0,4.2,,155.0,7.9,,1006.6,
2024-02-28,13.4,10.0,17.0,0.7,,30.0,19.2,,1010.8,
2024-02-29,14.1,11.0,16.0,7.6,,32.0,23.6,,1007.6,
2024-03-01,10.1,9.0,11.0,11.9,,160.0,6.0,,1005.2,
2024-03-02,10.5,9.0,14.0,5.1,,156.0,7.3,,1010.3,
2024-03-03,10.8,5.0,17.0,8.2,,189.0,11.5,,1007.8,
2024-03-04,8.1,7.0,10.0,7.5,,200.0,5.5,,1005.6,
2024-03-05,11.6,7.0,17.0,4.6,,273.0,8.9,,1011.7,
2024-03-06,7.3,2.0,10.0,9.0,,51.0,7.2,,1015.7,
2024-03-07,4.9,1.0,12.0,0.0,,346.0,4.9,,1017.3,
2024-03-08,7.6,0.0,15.0,0.2,,30.0,6.4,,1015.4,
2024-03-09,10.9,9.0,14.0,5.1,,128.0,6.6,,1010.8,
2024-03-10,11.4,9.0,17.0,8.5,,164.0,11.0,,1004.9,
2024-03-11,9.5,8.0,12.0,9.9,,177.0,4.9,,1006.6,
2024-03-12,9.2,4.0,15.0,0.9,,311.0,6.4,,1013.0,
2024-03-13,8.5,3.0,16.0,1.3,,13.0,6.3,,1017.2,
2024-03-14,9.8,3.0,18.0,0.0,,342.0,7.3,,1018.5,
2024-03-15,10.5,4.0,16.0,0.1,,281.0,5.8,,1019.4,
2024-03-16,11.5,9.0,15.0,2.0,,103.0,4.9,,1020.2,
2024-03-17,10.9,6.0,18.0,0.0,,29.0,5.7,,1021.5,
2024-03-18,12.2,10.0,14.0,8.9,,207.0,4.0,,1016.1,
2024-03-19,14.0,10.0,19.0,0.1,,29.0,17.3,,1015.7,
2024-03-20,12.6,5.0,20.0,0.0,,8.0,7.0,,1020.8,
2024-03-21,12.5,5.0,20.0,1.1,,273.0,9.4,,1022.4,
2024-03-22,14.2,10.0,20.0,4.4,,3.0,9.9,,1018.3,
2024-03-23,12.5,6.0,19.0,0.2,,188.0,13.4,,1014.3,
2024-03-24,13.0,6.0,17.0,2.8,,252.0,13.9,,1007.9,
2024-03-25,10.0,2.0,17.0,1.0,,26.0,6.5,,1007.5,
2024-03-26,10.9,8.0,14.0,19.3,,10.0,8.4,,1000.1,
2024-03-27,10.9,5.0,14.0,19.8,,200.0,9.2,,997.0,
2024-03-28,13.6,7.0,17.0,2.2,,192.0,22.9,,1006.3,
2024-03-29,16.8,11.0,22.0,0.2,,207.0,12.8,,1012.8,
2024-03-30,15.5,7.0,23.0,0.7,,143.0,11.2,,1007.6,
2024-03-31,16.9,11.0,21.0,0.0,,188.0,14.0,,1008.0,
2024-04-01,13.8,9.0,20.0,24.8,,212.0,11.4,,1007.5,
2024-04-02,12.2,6.0,19.0,0.2,,248.0,11.7,,1016.0,
2024-04-03,10.5,5.0,17.0,0.6,,195.0,8.4,,1018.3,
2024-04-04,13.5,6.0,20.0,0.0,,284.0,7.9,,1020.8,
2024-04-05,13.6,6.0,22.0,0.0,,329.0,5.6,,1024.0,
2024-04-06,14.3,6.0,23.0,0.0,,335.0,4.7,,1024.5,
2024-04-07,15.1,5.0,25.0,0.0,,310.0,5.2,,1021.5,
2024-04-08,16.7,8.0,26.0,0.0,,340.0,4.2,,1017.7,
2024-04-09,16.4,9.0,23.0,0.0,,175.0,9.3,,1016.3,
2024-04-10,15.3,12.0,19.0,2.8,,215.0,11.8,,1016.8,
2024-04-11,12.9,5.0,20.0,0.0,,15.0,14.0,,1024.7,
2024-04-12,17.8,9.0,26.0,0.0,,23.0,13.8,,1026.3,
2024-04-13,17.9,9.0,28.0,0.0,,20.0,9.8,,1025.8,
2024-04-14,18.3,9.0,27.0,0.0,,332.0,7.7,,1023.8,
2024-04-15,15.7,7.0,24.0,0.0,,169.0,10.4,,1017.1,
2024-04-16,16.6,12.0,22.0,5.0,,211.0,15.3,,1004.4,
2024-04-17,11.7,6.0,17.0,2.8,,1.0,12.6,,1003.9,
2024-04-18,9.3,4.0,16.0,10.9,,27.0,10.2,,1007.2,
2024-04-19,10.6,6.0,16.0,4.4,,23.0,14.8,,1012.6,
2024-04-20,8.3,5.0,13.0,12.1,,25.0,8.4,,1010.0,
2024-04-21,10.8,4.0,16.0,0.2,,20.0,14.5,,1011.8,
2024-04-22,10.6,7.0,14.0,3.9,,182.0,11.3,,1009.7,
2024-04-23,9.2,4.0,13.0,8.4,,181.0,11.4,,1006.7,
2024-04-24,8.8,6.0,14.0,13.4,,177.0,8.3,,1006.4,
2024-04-25,10.8,6.0,17.0,0.7,,324.0,5.7,,1007.5,
2024-04-26,11.5,8.0,16.0,3.5,,128.0,7.1,,1011.6,
2024-04-27,13.4,6.0,21.0,2.3,,26.0,7.6,,1015.5,
2024-04-28,15.6,7.0,24.0,0.0,,353.0,7.3,,1017.9,
2024-04-29,16.9,9.0,24.0,0.0,,2.0,11.6,,1018.7,
2024-04-30,17.9,10.0,26.0,0.4,,12.0,9.1,,1015.8,
2024-05-01,15.4,13.0,18.0,27.0,,122.0,8.7,,1008.8,
2024-05-02,13.9,12.0,18.0,8.5,,177.0,15.2,,1009.7,
2024-05-03,12.1,10.0,15.0,2.4,,164.0,8.0,,1012.3,
2024-05-04,13.5,8.0,19.0,0.1,,234.0,4.7,,1016.1,
2024-05-05,14.6,7.0,22.0,0.0,,273.0,8.4,,1017.0,
2024-05-06,15.6,7.0,23.0,0.0,,178.0,7.5,,1015.3,
2024-05-07,14.8,10.0,18.0,18.3,,274.0,6.4,,1014.0,
2024-05-08,16.0,10.0,22.0,0.0,,14.0,13.2,,1014.8,
2024-05-09,17.7,13.0,22.0,0.1,,23.0,21.1,,1016.0,
2024-05-10,17.4,11.0,23.0,0.0,,23.0,19.4,,1016.9,
2024-05-11,17.0,10.0,24.0,0.0,,17.0,15.8,,1017.6,
2024-05-12,16.8,7.0,26.0,0.0,,313.0,6.5,,1017.6,
2024-05-13,17.2,12.0,25.0,0.9,,332.0,7.8,,1015.5,
2024-05-14,17.6,12.0,25.0,0.2,,6.0,9.7,,1010.5,
2024-05-15,19.3,12.0,27.0,3.8,,9.0,10.1,,1007.8,
2024-05-16,20.3,14.0,27.0,2.3,,155.0,10.4,,1006.1,
2024-05-17,18.4,11.0,25.0,0.4,,217.0,13.8,,1011.9,
2024-05-18,17.4,9.0,26.0,0.0,,32.0,8.5,,1013.2,
2024-05-19,17.2,11.0,23.0,4.1,,15.0,7.7,,1011.7,
2024-05-20,19.4,14.0,26.0,4.8,,349.0,7.9,,1009.4,
2024-05-21,19.1,16.0,22.0,17.2,,268.0,12.6,,1008.4,
2024-05-22,16.8,12.0,23.0,9.4,,160.0,8.0,,1014.2,
2024-05-23,15.5,9.0,22.0,11.8,,279.0,6.9,,1017.8,
2024-05-24,17.6,11.0,25.0,0.0,,273.0,6.0,,1018.7,
2024-05-25,15.9,11.0,24.0,0.4,,344.0,8.4,,1016.8,
2024-05-26,16.8,10.0,25.0,0.0,,342.0,8.4,,1018.0,
2024-05-27,19.4,11.0,26.0,0.0,,6.0,8.1,,1017.4,
2024-05-28,19.7,14.0,26.0,8.0,,4.0,8.3,,1014.8,
2024-05-29,19.5,13.0,26.0,0.5,,9.0,7.0,,1013.5,
2024-05-30,18.7,13.0,23.0,0.6,,189.0,10.1,,1009.1,
2024-05-31,20.2,17.0,24.0,4.2,,191.0,19.2,,1006.3,
2024-06-01,17.8,10.0,25.0,0.0,,219.0,10.3,,1013.8,
2024-06-02,14.8,10.0,21.0,0.9,,1.0,7.0,,1015.8,
2024-06-03,16.5,12.0,22.0,5.3,,285.0,8.4,,1014.5,
2024-06-04,18.5,10.0,25.0,0.0,,290.0,5.9,,1015.3,
2024-06-05,20.8,13.0,28.0,0.0,,316.0,6.4,,1016.3,
2024-06-06,21.1,12.0,29.0,0.0,,310.0,8.3,,1018.5,
2024-06-07,22.2,13.0,31.0,0.0,,316.0,8.8,,1018.3,
2024-06-08,23.0,14.0,32.0,0.0,,318.0,7.8,,1015.1,
2024-06-09,23.7,17.0,30.0,0.9,,311.0,9.3,,1009.2,
2024-06-10,22.5,19.0,26.0,14.8,,188.0,12.1,,1007.4,
2024-06-11,22.2,19.0,26.0,0.7,,202.0,15.8,,1010.8,
2024-06-12,20.8,16.0,26.0,5.1,,172.0,9.2,,1012.5,
2024-06-13,19.3,16.0,23.0,5.8,,209.0,9.2,,1015.4,
2024-06-14,18.5,10.0,26.0,0.0,,324.0,8.2,,1018.2,
2024-06-15,20.6,12.0,29.0,0.0,,204.0,9.1,,1014.2,
2024-06-16,22.0,13.0,28.0,0.0,,278.0,9.2,,1012.9,
2024-06-17,23.1,15.0,30.0,0.0,,321.0,6.7,,1016.6,
2024-06-18,25.1,16.0,33.0,0.0,,284.0,8.0,,1017.9,
2024-06-19,25.2,18.0,31.0,0.0,,348.0,9.8,,1018.0,
2024-06-20,26.5,19.0,34.0,0.0,,5.0,7.3,,1018.7,
2024-06-21,27.8,22.0,34.0,0.0,,345.0,9.2,,1015.5,
2024-06-22,24.0,16.0,30.0,0.0,,264.0,11.2,,1012.9,
2024-06-23,19.4,14.0,25.0,1.1,,28.0,7.1,,1011.1,
2024-06-24,19.5,16.0,24.0,16.1,,356.0,9.9,,1011.4,
2024-06-25,21.2,17.0,28.0,2.6,,229.0,8.0,,1012.5,
2024-06-26,21.2,15.0,28.0,1.4,,345.0,7.4,,1011.7,
2024-06-27,22.2,15.0,29.0,0.0,,305.0,7.9,,1013.5,
2024-06-28,25.0,17.0,34.0,0.0,,4.0,6.9,,1016.5,
2024-06-29,27.4,19.0,36.0,0.0,,355.0,7.2,,1016.7,
2024-06-30,26.8,20.0,33.0,0.0,,266.0,13.9,,1013.2,
2024-07-01,24.3,17.0,31.0,1.6,,190.0,9.4,,1012.1,
2024-07-02,23.8,19.0,29.0,8.6,,36.0,11.9,,1008.1,
2024-07-03,21.3,17.0,29.0,2.7,,11.0,10.2,,1006.9,
2024-07-04,22.5,18.0,28.0,6.5,,16.0,11.3,,1009.6,
2024-07-05,24.3,16.0,32.0,0.0,,281.0,8.7,,1014.9,
2024-07-06,24.7,17.0,32.0,0.0,,212.0,11.2,,1013.6,
2024-07-07,23.5,18.0,30.0,0.0,,26.0,10.4,,1013.1,
2024-07-08,25.8,19.0,34.0,0.0,,358.0,7.3,,1015.2,
2024-07-09,27.4,19.0,34.0,0.0,,0.0,9.2,,1015.7,
2024-07-10,28.2,20.0,36.0,0.0,,4.0,8.2,,1015.5,
2024-07-11,28.3,19.0,36.0,0.0,,330.0,8.7,,1015.3,
2024-07-12,28.0,19.0,37.0,0.0,,283.0,12.1,,1012.7,
2024-07-13,27.4,19.0,36.0,0.0,,248.0,11.8,,1011.0,
2024-07-14,27.9,18.0,36.0,0.2,,289.0,8.5,,1012.7,
2024-07-15,28.4,19.0,37.0,0.0,,333.0,8.3,,1013.2,
2024-07-16,29.5,21.0,37.0,0.0,,265.0,9.6,,1013.1,
2024-07-17,29.2,21.0,37.0,0.0,,265.0,8.6,,1014.8,
2024-07-18,30.1,23.0,37.0,0.0,,214.0,9.4,,1016.1,
2024-07-19,30.0,23.0,37.0,0.0,,323.0,8.1,,1014.7,
2024-07-20,28.4,22.0,36.0,0.9,,333.0,10.0,,1009.8,
2024-07-21,27.8,20.0,36.0,1.4,,285.0,8.5,,1009.8,
2024-07-22,25.5,22.0,31.0,0.5,,13.0,12.1,,1011.4,
2024-07-23,27.3,19.0,35.0,0.1,,26.0,12.5,,1014.0,
2024-07-24,28.0,20.0,35.0,0.0,,16.0,13.6,,1012.0,
2024-07-25,27.6,21.0,34.0,0.0,,34.0,12.2,,1010.5,
2024-07-26,28.3,20.0,36.0,0.0,,342.0,10.3,,1012.3,
2024-07-27,29.5,21.0,37.0,0.0,,301.0,7.9,,1015.6,
2024-07-28,29.7,21.0,38.0,0.0,,329.0,8.4,,1017.5,
2024-07-29,29.5,22.0,36.0,0.0,,22.0,16.0,,1016.2,
2024-07-30,28.9,22.0,35.0,0.0,,18.0,18.6,,1015.8,
2024-07-31,29.1,20.0,38.0,0.0,,5.0,10.4,,1014.0,
2024-08-01,29.7,21.0,38.0,0.0,,291.0,10.1,,1012.0,
2024-08-02,29.4,22.0,37.0,0.0,,216.0,11.0,,1009.4,
2024-08-03,26.2,21.0,34.0,10.1,,28.0,8.9,,1008.8,
2024-08-04,26.4,18.0,35.0,0.0,,33.0,10.3,,1010.5,
2024-08-05,28.4,20.0,36.0,0.0,,20.0,8.7,,1010.9,
2024-08-06,28.9,22.0,37.0,0.3,,314.0,10.5,,1011.1,
2024-08-07,28.7,21.0,36.0,0.0,,308.0,8.5,,1012.0,
2024-08-08,28.9,21.0,37.0,0.0,,312.0,7.7,,1013.2,
2024-08-09,29.7,23.0,37.0,0.0,,45.0,8.8,,1014.9,
2024-08-10,30.5,22.0,38.0,0.0,,19.0,9.1,,1017.8,
2024-08-11,30.6,22.0,39.0,0.0,,31.0,10.9,,1017.6,
2024-08-12,30.5,22.0,39.0,0.0,,351.0,8.1,,1013.2,
2024-08-13,28.4,23.0,38.0,0.0,,329.0,9.0,,1011.3,
2024-08-14,29.3,20.0,37.0,0.0,,231.0,9.0,,1012.1,
2024-08-15,28.8,21.0,37.0,0.0,,330.0,9.5,,1015.3,
2024-08-16,28.3,22.0,35.0,0.3,,314.0,7.1,,1015.9,
2024-08-17,28.0,24.0,34.0,0.0,,198.0,9.7,,1013.3,
2024-08-18,22.4,19.0,29.0,16.2,,60.0,7.2,,1009.7,
2024-08-19,22.0,18.0,30.0,2.6,,355.0,9.5,,1007.4,
2024-08-20,23.2,18.0,29.0,1.9,,338.0,10.0,,1009.8,
2024-08-21,25.5,18.0,33.0,0.0,,7.0,10.0,,1011.2,
2024-08-22,27.0,19.0,35.0,0.0,,342.0,9.3,,1012.4,
2024-08-23,27.4,21.0,35.0,0.5,,304.0,7.5,,1014.7,
2024-08-24,28.7,22.0,36.0,0.0,,232.0,9.7,,1016.7,
2024-08-25,27.5,19.0,36.0,0.0,,321.0,7.3,,1015.0,
2024-08-26,27.0,19.0,36.0,0.0,,17.0,11.1,,1012.6,
2024-08-27,25.6,20.0,34.0,,,8.0,16.8,,1014.2,
2024-08-28,23.6,17.0,34.0,,,22.0,9.1,,1016.2,
2024-08-29,25.3,18.0,36.0,,,8.0,9.1,,1016.0,
2024-08-30,26.7,19.0,35.0,,,23.0,11.8,,1016.2,
2024-08-31,27.5,19.0,35.0,,,22.0,14.8,,1014.9,
2024-09-01,26.9,19.0,35.0,,,356.0,9.8,,1015.0,
2024-09-02,25.5,20.5,33.0,,,264.0,11.3,,1016.0,
2024-09-03,24.0,18.0,33.0,,,353.0,9.0,,1017.2,
2024-09-04,23.5,18.0,33.0,,,5.0,9.6,,1014.2,
2024-09-05,23.0,19.0,30.0,8.2,,73.0,11.3,,1010.1,
2024-09-06,22.6,18.0,30.0,0.6,,331.0,7.4,,1012.9,
2024-09-07,24.3,17.0,33.0,0.0,,11.0,8.0,,1016.1,
2024-09-08,26.3,21.0,33.0,0.6,,113.0,9.3,,1012.6,
2024-09-09,23.7,20.0,28.0,14.3,,242.0,9.5,,1005.1,
2024-09-10,22.1,16.0,29.0,0.0,,16.0,11.7,,1008.6,
2024-09-11,20.5,13.0,29.0,0.4,,226.0,9.5,,1009.4,
2024-09-12,20.6,16.0,24.0,15.2,,181.0,15.0,,1006.2,
2024-09-13,14.9,12.0,18.0,8.4,,349.0,12.1,,1006.4,
2024-09-14,14.1,7.0,22.0,0.0,,343.0,6.4,,1013.3,
2024-09-15,17.3,10.0,24.0,0.0,,343.0,7.1,,1013.2,
2024-09-16,17.9,13.0,24.0,0.0,,14.0,11.6,,1010.9,
2024-09-17,16.1,14.0,19.0,8.5,,20.0,15.5,,1011.8,
2024-09-18,17.8,15.0,22.0,20.7,,355.0,10.3,,1014.4,
2024-09-19,16.4,13.0,21.0,0.2,,13.0,12.2,,1014.4,
2024-09-20,17.9,12.0,24.0,0.1,,32.0,13.6,,1017.2,
2024-09-21,19.0,13.0,26.0,0.0,,19.0,12.4,,1019.8,
2024-09-22,19.3,13.0,25.0,0.1,,329.0,7.5,,1018.0,
2024-09-23,20.5,16.0,25.0,13.4,,179.0,9.3,,1013.1,
2024-09-24,19.6,16.0,24.0,10.3,,221.0,9.0,,1013.0,
2024-09-25,18.8,16.0,24.0,9.3,,8.0,8.0,,1015.6,
2024-09-26,20.9,16.0,25.0,1.7,,195.0,13.3,,1014.5,
2024-09-27,22.7,19.0,27.0,2.5,,201.0,15.4,,1011.5,
2024-09-28,19.2,12.0,23.0,12.1,,279.0,10.2,,1012.8,
2024-09-29,15.2,10.0,21.0,0.0,,18.0,14.6,,1021.7,
2024-09-30,15.0,8.0,23.0,0.0,,323.0,7.2,,1021.3,
2024-10-01,16.9,11.0,23.0,0.5,,260.0,6.4,,1016.8,
2024-10-02,19.1,16.0,23.0,7.1,,199.0,11.7,,1009.9,
2024-10-03,16.8,15.0,20.0,102.0,,170.0,11.2,,1002.4,
2024-10-04,15.9,13.0,20.0,43.7,,181.0,9.5,,1006.5,
2024-10-05,14.8,12.0,18.0,12.1,,346.0,8.6,,1010.9,
2024-10-06,13.1,8.0,20.0,0.0,,284.0,5.2,,1014.0,
2024-10-07,15.1,13.0,18.0,0.0,,2.0,5.5,,1016.9,
2024-10-08,17.1,13.0,21.0,23.5,,121.0,8.3,,1012.2,
2024-10-09,19.3,17.0,23.0,1.6,,181.0,13.2,,1009.9,
2024-10-10,20.0,16.0,24.0,2.9,,188.0,16.9,,1005.2,
2024-10-11,15.0,9.0,22.0,0.2,,326.0,6.3,,1011.8,
2024-10-12,14.5,9.0,22.0,0.0,,347.0,6.2,,1017.9,
2024-10-13,15.9,12.0,21.0,0.0,,310.0,4.3,,1019.9,
2024-10-14,16.4,10.0,23.0,0.0,,314.0,4.8,,1020.9,
2024-10-15,17.0,12.0,24.0,0.0,,352.0,5.8,,1020.3,
2024-10-16,16.6,13.0,19.0,2.4,,357.0,5.4,,1021.1,
2024-10-17,18.6,15.0,24.0,7.0,,50.0,4.4,,1019.8,
2024-10-18,18.9,16.0,23.0,13.5,,245.0,8.3,,1016.9,
2024-10-19,17.6,16.0,21.0,8.8,,2.0,8.1,,1013.8,
2024-10-20,18.9,16.0,24.0,0.0,,37.0,12.7,,1019.9,
2024-10-21,19.5,16.0,24.0,0.0,,14.0,15.1,,1026.9,
2024-10-22,18.9,15.0,24.0,4.0,,347.0,7.7,,1027.3,
2024-10-23,16.9,15.0,18.0,26.3,,2.0,3.4,,1028.0,
2024-10-24,17.9,17.0,20.0,13.0,,21.0,3.4,,1027.2,
2024-10-25,17.2,16.0,20.0,9.1,,60.0,4.4,,1024.4,
2024-10-26,17.7,14.0,22.0,0.9,,334.0,4.2,,1022.3,
2024-10-27,16.8,13.0,22.0,1.9,,332.0,5.1,,1023.3,
2024-10-28,16.4,13.0,22.0,0.0,,10.0,6.9,,1025.7,
2024-10-29,14.9,11.0,21.0,0.0,,0.0,5.6,,1025.2,
2024-10-30,13.8,11.0,19.0,0.0,,3.0,7.1,,1024.1,
2024-10-31,14.9,8.0,23.0,0.0,,29.0,9.1,,1024.4,
2024-11-01,12.9,8.0,21.0,0.0,,8.0,6.4,,1024.6,
2024-11-02,11.7,6.0,20.0,0.0,,351.0,5.5,,1023.3,
2024-11-03,11.7,5.0,21.0,0.0,,17.0,8.2,,1025.2,
2024-11-04,11.1,5.0,19.0,0.0,,10.0,5.9,,1025.3,
2024-11-05,9.8,5.0,17.0,0.0,,353.0,5.7,,1025.0,
2024-11-06,9.4,3.0,17.0,0.0,,44.0,5.6,,1027.0,
2024-11-07,10.1,4.0,19.0,0.0,,7.0,6.6,,1028.5,
2024-11-08,10.7,5.0,19.0,0.0,,7.0,8.2,,1026.5,
2024-11-09,11.3,6.0,19.0,0.0,,28.0,8.8,,1024.2,
2024-11-10,10.0,5.0,18.0,0.0,,35.0,10.0,,1020.6,
2024-11-11,10.5,6.0,16.0,0.0,,15.0,15.2,,1020.8,
2024-11-12,10.3,4.0,15.0,0.0,,38.0,17.0,,1019.4,
2024-11-13,10.3,6.0,15.0,0.0,,10.0,16.1,,1020.4,
2024-11-14,6.5,4.0,9.0,1.9,,358.0,13.8,,1019.5,
2024-11-15,8.4,6.0,13.0,0.0,,14.0,15.3,,1021.3,
2024-11-16,7.6,3.0,15.0,0.0,,336.0,7.1,,1021.5,
2024-11-17,7.4,2.0,12.0,0.0,,313.0,4.0,,1016.5,
2024-11-18,12.0,7.0,17.0,0.6,,279.0,4.2,,1012.6,
2024-11-19,12.7,8.0,17.0,0.3,,195.0,6.9,,1011.3,
2024-11-20,13.5,7.0,17.0,6.5,,217.0,14.7,,1001.3,
2024-11-21,8.1,2.0,14.0,1.4,,235.0,12.1,,1004.8,
2024-11-22,11.8,3.0,16.0,6.4,,277.0,22.7,,1002.6,
2024-11-23,2.5,-2.0,12.0,0.0,,351.0,5.2,,1027.9,
2024-11-24,3.2,-2.0,10.0,0.0,,339.0,4.4,,1034.3,
2024-11-25,5.0,-1.0,10.0,0.0,,44.0,4.3,,1028.8,
2024-11-26,11.8,8.0,18.0,0.1,,151.0,6.2,,1023.2,
2024-11-27,13.8,11.0,18.0,1.8,,140.0,5.0,,1023.0,
2024-11-28,12.5,10.0,17.0,2.5,,195.0,5.8,,1023.1,
2024-11-29,11.5,7.0,15.0,1.9,,21.0,16.5,,1023.0,
2024-11-30,8.1,4.0,10.0,0.0,,4.0,14.7,,1025.4,
2024-12-01,8.6,5.0,11.0,0.0,,0.0,14.9,,1022.0,
2024-12-02,6.6,2.0,14.0,0.0,,21.0,7.5,,1019.5,
2024-12-03,4.0,0.0,8.0,0.0,,64.0,4.8,,1015.8,
2024-12-04,8.2,6.0,11.0,1.6,,6.0,13.6,,1015.8,
2024-12-05,7.6,4.0,11.0,0.0,,27.0,17.8,,1019.8,
2024-12-06,4.4,0.0,8.0,0.0,,357.0,8.2,,1017.0,
2024-12-07,2.5,1.0,5.0,0.0,,62.0,6.4,,1012.4,
2024-12-08,6.6,5.0,8.0,21.9,,123.0,8.4,,997.3,
2024-12-09,6.2,5.0,8.0,0.0,,18.0,7.2,,1006.3,
2024-12-10,7.1,4.0,10.0,,,19.0,9.1,,1014.9,
2024-12-11,5.7,2.0,12.0,,,7.0,11.0,,1022.8,
2024-12-12,5.6,1.0,13.0,,,357.0,10.0,,1027.2,
2024-12-13,6.1,1.0,11.0,,,18.0,9.3,,1025.1,
2024-12-14,8.1,7.0,10.0,2.7,,292.0,4.5,,1021.6,
2024-12-15,7.0,2.0,11.0,0.2,,23.0,9.9,,1024.3,
2024-12-16,2.9,-1.0,10.0,0.0,,31.0,5.0,,1035.4,
2024-12-17,3.8,-1.0,12.0,0.0,,153.0,4.4,,1033.4,
2024-12-18,8.0,6.0,10.0,0.0,,187.0,3.7,,1028.2,
2024-12-19,9.9,8.0,12.0,0.0,,167.0,7.0,,1016.4,
2024-12-20,7.7,4.0,13.0,22.2,,53.0,12.6,,1006.8,
2024-12-21,4.7,0.0,10.0,0.0,,7.0,11.2,,1021.0,
2024-12-22,4.0,-2.0,11.0,6.1,,239.0,9.6,,1012.1,
2024-12-23,5.0,4.0,7.0,10.9,,355.0,16.8,,1001.2,
2024-12-24,6.8,4.0,9.0,0.8,,0.0,18.7,,1013.1,
2024-12-25,8.0,6.0,10.0,0.4,,28.0,24.6,,1023.5,
2024-12-26,8.1,7.0,10.0,0.0,,18.0,22.8,,1027.4,
2024-12-27,8.8,5.0,13.0,0.0,,20.0,21.2,,1028.9,
2024-12-28,6.5,0.0,15.0,0.0,,16.0,10.5,,1026.3,
2024-12-29,3.7,-2.0,12.0,0.0,,40.0,3.8,,1027.0,
2024-12-30,2.8,-2.0,11.0,0.0,,359.0,3.2,,1030.0,
2024-12-31,3.0,-3.0,8.0,0.0,,63.0,2.7,,1032.6,
2025-01-01,6.0,1.0,11.0,0.0,,21.0,4.4,,1031.7,
2025-01-02,5.2,-1.0,11.0,0.0,,209.0,7.9,,1025.0,
2025-01-03,10.1,5.0,12.0,3.4,,196.0,13.9,,1014.8,
2025-01-04,4.3,0.0,12.0,0.0,,6.0,8.5,,1019.0,
2025-01-05,6.3,0.0,12.0,0.0,,228.0,6.7,,1018.8,
2025-01-06,12.3,10.0,14.0,0.2,,204.0,13.0,,1013.5,
2025-01-07,12.5,9.0,16.0,0.7,,206.0,15.6,,1010.6,
2025-01-08,8.9,1.0,14.0,0.1,,178.0,9.5,,1016.9,
2025-01-09,13.0,11.0,16.0,2.5,,190.0,15.6,,1013.3,
2025-01-10,12.0,9.0,15.0,1.8,,259.0,10.8,,1013.2,
2025-01-11,7.8,7.0,10.0,1.4,,7.0,16.2,,1013.9,
2025-01-12,6.6,6.0,8.0,0.0,,37.0,29.6,,1018.3,
2025-01-13,5.1,4.0,6.0,0.2,,34.0,27.4,,1024.1,
2025-01-14,4.9,4.0,6.0,0.0,,36.0,27.7,,1026.9,
2025-01-15,3.2,-2.0,7.0,0.0,,11.0,14.4,,1022.8,
2025-01-16,6.5,4.0,10.0,0.0,,25.0,19.7,,1027.8,
2025-01-17,6.8,4.0,11.0,0.0,,26.0,22.0,,1029.9,
2025-01-18,7.8,6.0,10.0,1.5,,29.0,26.2,,1024.0,
2025-01-19,9.0,6.0,13.0,0.1,,16.0,17.5,,1021.2,
2025-01-20,7.7,5.0,11.0,7.6,,322.0,6.5,,1020.4,
2025-01-21,8.0,6.0,12.0,0.2,,316.0,3.5,,1018.3,
2025-01-22,6.0,3.0,9.0,1.3,,26.0,4.0,,1018.1,
2025-01-23,11.6,8.0,15.0,0.9,,184.0,9.0,,1014.4,
2025-01-24,10.8,5.0,15.0,7.2,,325.0,4.8,,1018.8,
2025-01-25,7.1,2.0,14.0,0.0,,25.0,5.9,,1022.0,
2025-01-26,8.7,4.0,13.0,6.8,,249.0,11.3,,1018.2,
2025-01-27,12.5,8.0,16.0,0.0,,196.0,18.6,,1016.5,
2025-01-28,13.3,7.0,17.0,4.1,,193.0,24.0,,1008.3,
2025-01-29,9.3,4.0,15.0,0.2,,199.0,8.0,,1014.7,
2025-01-30,6.0,2.0,13.0,0.0,,26.0,5.0,,1019.6,
2025-01-31,6.1,2.0,12.0,4.8,,349.0,4.6,,1025.0,
2025-02-01,6.3,2.0,11.0,0.0,,25.0,6.4,,1023.5,
2025-02-02,7.0,1.0,13.0,0.0,,39.0,13.0,,1017.5,
2025-02-03,9.8,5.0,12.0,0.0,,30.0,20.3,,1019.8,
2025-02-04,7.0,3.0,13.0,0.0,,11.0,17.0,,1024.8,
2025-02-05,6.6,0.0,14.0,0.0,,5.0,16.0,,1029.4,
2025-02-06,8.2,4.0,14.0,0.0,,25.0,17.8,,1028.4,
2025-02-07,5.8,-1.0,13.0,0.0,,22.0,8.6,,1027.5,
2025-02-08,6.5,-1.0,13.0,6.9,,35.0,7.7,,1025.9,
2025-02-09,10.0,7.0,16.0,3.2,,7.0,8.4,,1024.7,
2025-02-10,6.8,1.0,13.0,0.0,,15.0,4.7,,1025.1,
2025-02-11,8.7,5.0,13.0,0.0,,5.0,3.5,,1024.6,
2025-02-12,10.0,8.0,14.0,7.0,,55.0,6.1,,1021.7,
2025-02-13,9.5,8.0,13.0,11.3,,70.0,6.9,,1017.7,
2025-02-14,9.1,6.0,14.0,29.9,,124.0,9.7,,1009.9,
2025-02-15,6.4,3.0,8.0,3.3,,15.0,18.9,,1012.8,
2025-02-16,4.9,-1.0,12.0,0.0,,351.0,8.6,,1013.3,
2025-02-17,5.9,3.0,11.0,0.0,,6.0,16.1,,1016.0,
2025-02-18,5.0,0.0,11.0,0.0,,11.0,11.5,,1020.0,
2025-02-19,6.0,4.0,7.0,0.2,,13.0,14.9,,1025.0,
2025-02-20,5.6,3.0,10.0,0.8,,357.0,13.1,,1027.8,
2025-02-21,4.9,1.0,13.0,0.0,,352.0,5.5,,1029.5,
2025-02-22,9.1,2.0,17.0,0.0,,176.0,7.9,,1027.9,
2025-02-23,11.3,7.0,16.0,0.0,,354.0,4.4,,1029.8,
2025-02-24,10.3,9.0,12.0,4.6,,121.0,4.8,,1028.1,
2025-02-25,10.5,9.0,13.0,7.1,,131.0,6.2,,1020.5,
2025-02-26,11.0,10.0,13.0,8.8,,171.0,7.2,,1013.5,
2025-02-27,8.9,5.0,13.0,0.1,,335.0,5.3,,1016.0,
2025-02-28,7.8,2.0,14.0,3.9,,10.0,7.7,,1018.9,
2025-03-01,10.0,6.0,15.0,2.0,,21.0,11.7,,1019.7,
2025-03-02,9.5,7.0,11.0,1.5,,32.0,20.7,,1024.1,
2025-03-03,8.4,4.0,14.0,0.0,,23.0,22.9,,1025.2,
2025-03-04,6.9,-2.0,16.0,0.0,,2.0,10.2,,1024.1,
2025-03-05,7.8,0.0,18.0,0.0,,334.0,7.0,,1025.8,
2025-03-06,9.0,1.0,19.0,0.0,,331.0,7.7,,1025.3,
2025-03-07,9.4,2.0,18.0,0.0,,355.0,8.3,,1019.8,
2025-03-08,10.0,6.0,14.0,0.0,,30.0,6.8,,1015.1,
2025-03-09,12.3,7.0,18.0,0.1,,19.0,5.3,,1011.8,
2025-03-10,13.3,8.0,18.0,10.8,,231.0,11.1,,1007.8,
2025-03-11,12.0,6.0,18.0,1.1,,208.0,7.6,,1007.0,
2025-03-12,12.7,11.0,16.0,19.4,,169.0,12.4,,1001.6,
2025-03-13,12.6,8.0,15.0,8.7,,198.0,18.5,,1001.3,
2025-03-14,13.7,11.0,18.0,,,179.0,17.1,,1002.9,
2025-03-15,13.3,9.0,19.0,,,206.0,11.4,,1008.6,
2025-03-16,9.4,7.0,12.0,,,196.0,9.5,,1015.2,
2025-03-17,8.4,5.0,12.0,,,190.0,5.4,,1017.8,
2025-03-18,6.4,2.0,9.0,,,31.0,24.8,,1019.9,
2025-03-19,5.9,-1.0,14.0,,,354.0,8.5,,1022.1,
2025-03-20,7.5,0.0,16.0,,,22.0,5.9,,1021.4,
2025-03-21,11.3,6.0,17.0,,,17.0,4.4,,1021.9,
2025-03-22,10.0,7.0,11.0,7.8,,5.0,6.6,,1015.4,
2025-03-23,14.0,10.0,19.0,14.7,,226.0,7.2,,1010.0,
2025-03-24,14.2,9.0,19.0,3.6,,109.0,5.8,,1012.5,
2025-03-25,12.9,6.0,19.0,3.4,,330.0,8.7,,1015.6,
2025-03-26,12.2,7.0,17.0,0.2,,13.0,18.7,,1011.4,
2025-03-27,11.5,9.0,13.0,9.0,,1.0,16.3,,1006.1,
2025-03-28,10.6,9.0,12.0,7.9,,344.0,10.2,,1004.2,
2025-03-29,10.9,9.0,14.0,2.9,,8.0,11.1,,1001.8,
2025-03-30,12.7,9.0,17.0,0.0,,21.0,18.2,,1009.3,
2025-03-31,11.4,6.0,16.0,0.3,,24.0,19.1,,1010.3,
2025-04-01,9.9,7.0,11.0,0.4,,23.0,22.8,,1009.9,
2025-04-02,13.4,10.0,17.0,0.0,,33.0,22.0,,1013.5,
2025-04-03,12.8,5.0,19.0,0.0,,27.0,14.8,,1020.0,
2025-04-04,12.3,5.0,19.0,0.0,,13.0,15.7,,1017.8,
2025-04-05,11.9,3.0,20.0,0.0,,328.0,7.4,,1012.0,
2025-04-06,9.9,5.0,18.0,0.0,,31.0,12.9,,1010.3,
2025-04-07,9.0,4.0,15.0,0.0,,25.0,19.9,,1018.3,
2025-04-08,9.1,2.0,16.0,0.0,,31.0,11.7,,1022.7,
2025-04-09,9.7,0.0,17.0,0.3,,258.0,7.9,,1022.0,
2025-04-10,13.0,8.0,19.0,1.1,,5.0,6.7,,1020.6,
2025-04-11,13.1,4.0,22.0,0.0,,309.0,9.5,,1020.0,
2025-04-12,13.3,4.0,22.0,0.0,,281.0,6.8,,1017.2,
2025-04-13,12.5,10.0,16.0,6.0,,356.0,9.0,,1015.5,
2025-04-14,12.8,10.0,15.0,9.6,,352.0,9.0,,1011.0,
2025-04-15,16.5,14.5,19.1,42.4,,172.0,8.2,,1008.3,
2025-04-16,16.8,12.5,21.0,0.7,,24.0,5.2,,1009.0,
2025-04-17,15.6,13.2,17.6,,,150.0,9.3,,1007.4,
2025-04-18,14.2,11.7,17.0,,,165.0,8.3,,1012.8,
2025-04-19,15.1,10.5,19.8,,,205.0,5.1,,1014.8,
2025-04-20,15.2,11.0,19.4,,,203.0,4.1,,1012.6,
2025-04-21,15.4,11.6,19.4,,,65.0,4.8,,1010.3,
2025-04-22,16.7,9.0,23.0,,,249.0,5.3,,1013.4,
2025-04-23,16.4,12.0,22.0,3.7,,214.0,8.6,,1014.1,
2025-04-24,14.3,10.0,20.0,3.2,,354.0,7.4,,1010.7,
2025-04-25,14.3,11.0,20.0,7.8,,94.0,6.5,,1010.8,
2025-04-26,14.0,10.0,18.0,0.4,,11.0,11.9,,1013.3,
2025-04-27,14.6,8.0,20.0,4.2,,14.0,12.8,,1018.0,
2025-04-28,16.0,10.0,22.0,2.2,,27.0,13.3,,1021.5,
2025-04-29,15.3,8.0,24.0,0.0,,24.0,9.1,,1021.5,
2025-04-30,16.7,8.0,26.0,0.0,,8.0,7.7,,1019.8,
2025-05-01,17.3,10.0,26.0,0.0,,9.0,9.8,,1019.5,
2025-05-02,18.3,8.0,27.0,0.0,,318.0,7.7,,1019.8,
2025-05-03,17.3,8.0,25.0,0.0,,230.0,9.7,,1018.6,
2025-05-04,17.2,9.0,23.0,0.0,,209.0,11.0,,1012.3,
2025-05-05,17.7,14.0,22.0,21.7,,195.0,14.6,,1006.5,
2025-05-06,15.5,13.0,19.0,14.9,,152.0,10.2,,1009.5,
2025-05-07,14.5,11.0,19.0,10.2,,182.0,6.8,,1012.3,
2025-05-08,13.9,10.0,19.0,0.5,,192.0,7.0,,1011.6,
2025-05-09,15.4,10.0,21.0,0.3,,242.0,7.3,,1013.5,
2025-05-10,15.9,9.0,23.0,1.3,,359.0,9.2,,1016.9,
2025-05-11,15.5,10.0,23.0,0.9,,337.0,8.1,,1014.3,
2025-05-12,16.2,10.0,24.0,0.2,,324.0,7.9,,1011.5,
2025-05-13,15.0,10.0,21.0,8.6,,9.0,10.3,,1013.9,
2025-05-14,16.3,9.0,23.0,0.0,,6.0,11.9,,1015.3,
2025-05-15,16.8,9.0,25.0,0.0,,342.0,8.5,,1009.2,
2025-05-16,13.6,7.0,18.0,0.3,,24.0,22.4,,1009.8,
2025-05-17,13.0,5.0,20.0,0.0,,332.0,8.9,,1014.9,
2025-05-18,13.9,6.0,20.0,0.7,,167.0,7.1,,1017.8,
2025-05-19,17.8,11.0,24.0,0.0,,231.0,8.8,,1019.0,
2025-05-20,17.1,12.0,22.0,2.5,,323.0,8.5,,1016.1,
2025-05-21,17.0,13.0,22.0,3.8,,165.0,6.5,,1012.3,
2025-05-22,17.5,13.0,22.0,3.8,,199.0,12.1,,1010.4,
2025-05-23,16.1,13.0,21.0,5.2,,105.0,11.8,,1009.8,
2025-05-24,15.3,10.0,20.0,0.0,,20.0,20.0,,1014.3,
2025-05-25,15.5,7.0,23.0,0.0,,3.0,9.9,,1016.6,
2025-05-26,17.6,9.0,24.0,0.2,,252.0,6.5,,1017.0,
2025-05-27,17.3,11.0,25.0,6.5,,335.0,6.3,,1017.7,
2025-05-28,19.1,11.0,26.0,0.0,,246.0,8.2,,1018.1,
2025-05-29,20.7,13.0,27.0,0.4,,22.0,13.4,,1016.7,
2025-05-30,20.4,11.0,29.0,0.0,,21.0,11.0,,1021.0,
2025-05-31,21.8,13.0,30.0,0.0,,7.0,9.8,,1020.4,
2025-06-01,22.8,14.0,31.0,0.0,,245.0,9.1,,1019.3,
2025-06-02,22.2,13.0,30.0,0.0,,207.0,11.0,,1019.9,
2025-06-03,22.3,14.0,29.0,0.0,,243.0,9.7,,1019.3,
2025-06-04,21.8,13.0,30.0,0.0,,310.0,10.8,,1018.5,
2025-06-05,22.0,14.0,29.0,0.0,,235.0,11.5,,1017.9,
2025-06-06,22.1,14.0,29.0,0.0,,237.0,9.5,,1018.9,
2025-06-07,23.8,15.0,31.0,0.0,,221.0,11.5,,1017.0,
2025-06-08,23.5,15.0,31.0,0.0,,253.0,10.7,,1015.4,
2025-06-09,23.3,15.0,31.0,0.0,,9.0,13.2,,1017.5,
2025-06-10,24.5,18.0,31.0,0.0,,324.0,10.3,,1017.3,
2025-06-11,24.8,17.0,32.0,0.0,,330.0,7.3,,1015.6,
2025-06-12,25.7,18.0,34.0,0.0,,321.0,8.0,,1016.6,
2025-06-13,26.5,19.0,34.0,0.0,,21.0,11.5,,1019.1,
2025-06-14,27.0,18.0,35.0,0.0,,353.0,10.0,,1019.0,
2025-06-15,29.0,22.0,36.0,0.2,,324.0,9.2,,1017.7,
2025-06-16,25.7,18.0,34.0,2.8,,289.0,11.6,,1016.5,
2025-06-17,22.0,16.0,27.0,1.3,,22.0,17.6,,1017.3,
2025-06-18,24.6,18.0,31.0,0.0,,23.0,20.5,,1018.8,
2025-06-19,25.9,17.0,34.0,0.0,,6.0,8.4,,1018.5,
2025-06-20,26.4,18.0,33.0,0.0,,20.0,13.6,,1017.6,
2025-06-21,26.1,19.0,33.0,0.0,,26.0,10.3,,1018.5,
2025-06-22,25.3,21.0,33.0,0.0,,331.0,12.1,,1019.7,
2025-06-23,26.1,17.0,34.0,0.0,,262.0,9.0,,1018.1,
2025-06-24,26.7,18.0,34.0,0.0,,255.0,9.4,,1016.3,
2025-06-25,27.3,18.0,35.0,0.0,,242.0,9.0,,1016.6,
2025-06-26,28.0,19.0,36.0,0.0,,246.0,8.8,,1016.2,
2025-06-27,27.8,19.0,36.0,0.0,,359.0,10.2,,1017.8,
2025-06-28,27.8,20.0,34.0,0.0,,13.0,16.5,,1020.3,
2025-06-29,28.0,21.0,34.0,0.0,,12.0,19.3,,1019.0,
2025-06-30,28.8,19.0,37.0,0.0,,30.0,13.7,,1016.5,
2025-07-01,28.5,18.0,37.0,0.0,,2.0,10.2,,1015.1,
2025-07-02,27.3,20.0,36.0,0.5,,6.0,11.3,,1016.3,
2025-07-03,26.2,18.0,37.0,0.0,,311.0,11.0,,1018.3,
2025-07-04,27.5,19.0,36.0,0.0,,0.0,9.5,,1018.5,
2025-07-05,27.7,21.0,36.0,0.0,,305.0,9.0,,1016.0,
2025-07-06,26.8,19.0,34.0,1.4,,188.0,11.0,,1012.6,
2025-07-07,25.0,19.0,32.0,20.7,,201.0,14.4,,1007.1,
2025-07-08,24.9,19.0,31.0,9.5,,232.0,15.9,,1006.2,
2025-07-09,20.1,12.0,26.0,1.4,,27.0,15.6,,1014.9,
2025-07-10,21.3,13.0,28.0,0.0,,24.0,15.9,,1016.7,
2025-07-11,23.3,15.0,30.0,0.0,,312.0,9.0,,1014.8,
2025-07-12,23.9,15.0,31.0,0.0,,218.0,12.0,,1014.9,
2025-07-13,20.0,16.0,24.0,0.3,,353.0,7.5,,1017.3,
2025-07-14,23.0,16.0,31.0,0.6,,290.0,8.2,,1018.2,
2025-07-15,25.9,18.0,34.0,0.0,,6.0,7.5,,1015.9,
2025-07-16,26.8,18.0,35.0,0.0,,325.0,8.8,,1011.6,
2025-07-17,25.6,19.0,32.0,0.0,,17.0,13.4,,1010.3,
2025-07-18,25.8,16.0,34.0,0.0,,273.0,11.0,,1012.7,
2025-07-19,27.5,20.0,35.0,0.0,,213.0,12.3,,1012.9,
2025-07-20,27.9,20.0,34.0,0.3,,213.0,14.1,,1009.8,
2025-07-21,28.6,24.0,35.0,0.0,,197.0,16.6,,1009.4,
2025-07-22,27.2,21.0,33.0,0.9,,266.0,10.3,,1011.6,
2025-07-23,24.9,14.0,33.0,0.0,,296.0,8.6,,1012.7,
2025-07-24,26.2,18.0,34.0,0.0,,246.0,12.8,,1012.0,
2025-07-25,26.5,19.0,36.0,0.0,,7.0,10.5,,1011.7,
2025-07-26,23.3,18.0,31.0,3.7,,289.0,12.5,,1010.4,
2025-07-27,23.1,16.0,30.0,0.5,,152.0,6.1,,1009.8,
2025-07-28,20.0,17.0,25.0,8.3,,15.0,8.5,,1005.9,
2025-07-29,20.6,17.0,25.0,5.3,,22.0,15.5,,1011.5,
2025-07-30,21.5,14.0,29.0,0.0,,20.0,14.3,,1014.7,
2025-07-31,22.5,14.0,31.0,0.0,,338.0,8.4,,1015.3,
2025-08-01,24.0,17.0,32.0,0.0,,268.0,10.5,,1013.3,
2025-08-02,23.0,16.0,30.0,23.5,,186.0,14.5,,1011.0,
2025-08-03,19.8,14.0,26.0,6.5,,3.0,9.7,,1013.6,
2025-08-04,20.8,14.0,27.0,0.0,,31.0,10.5,,1018.1,
2025-08-05,22.8,15.0,30.0,0.0,,20.0,16.5,,1018.3,
2025-08-06,23.7,15.0,31.0,0.0,,16.0,15.3,,1017.8,
2025-08-07,25.7,18.0,34.0,0.0,,12.0,9.0,,1018.8,
2025-08-08,27.0,18.0,36.0,0.0,,353.0,9.2,,1019.5,
2025-08-09,27.4,19.0,36.0,0.0,,10.0,11.4,,1019.0,
2025-08-10,27.8,18.0,37.0,0.0,,14.0,13.2,,1018.0,
2025-08-11,28.7,20.0,36.0,0.3,,19.0,19.6,,1016.2,
2025-08-12,29.1,22.0,37.0,0.4,,29.0,13.2,,1015.2,
2025-08-13,28.3,21.0,37.0,0.0,,43.0,9.3,,1015.3,
2025-08-14,26.8,21.0,35.0,0.6,,44.0,8.5,,1015.8,
2025-08-15,23.7,19.0,34.0,0.2,,14.0,8.6,,1016.5,
2025-08-16,25.6,16.0,35.0,0.0,,12.0,9.0,,1014.0,
2025-08-17,23.9,19.0,35.0,0.0,,15.0,10.8,,1011.4,
2025-08-18,23.3,16.0,32.0,0.0,,31.0,7.9,,1013.6,
2025-08-19,22.0,18.0,31.0,1.1,,349.0,9.0,,1014.5,
2025-08-20,23.9,18.0,30.0,0.0,,174.0,7.4,,1010.5,
2025-08-21,20.8,18.0,26.0,21.7,,139.0,11.9,,1007.2,
2025-08-22,21.2,16.0,28.0,0.3,,140.0,7.5,,1010.9,
2025-08-23,21.8,17.0,30.0,0.9,,323.0,7.5,,1012.8,
2025-08-24,21.5,18.0,28.0,2.0,,23.0,7.6,,1015.5,
2025-08-25,22.6,17.0,29.0,0.0,,288.0,7.2,,1017.2,
2025-08-26,23.2,17.0,30.0,0.0,,88.0,5.9,,1016.0,
2025-08-27,24.2,18.0,31.0,0.5,,48.0,7.0,,1015.5,
2025-08-28,26.2,20.0,32.0,0.0,,184.0,10.7,,1010.3,
2025-08-29,24.3,19.0,29.0,29.6,,185.0,12.5,,1008.0,
2025-08-30,18.7,15.0,22.0,19.0,,207.0,7.7,,1009.5,
2025-08-31,19.6,14.0,27.0,0.0,,322.0,6.7,,1014.0,
2025-09-01,21.6,15.0,28.0,0.0,,70.0,7.5,,1013.5,
2025-09-02,20.3,15.0,26.0,11.3,,125.0,8.9,,1011.7,
2025-09-03,18.9,13.0,26.0,0.1,,76.0,5.7,,1016.1,
2025-09-04,21.5,14.0,30.0,0.0,,356.0,7.0,,1015.4,
2025-09-05,21.7,15.0,29.0,0.0,,323.0,7.2,,1017.0,
2025-09-06,21.8,14.0,30.0,0.0,,346.0,8.7,,1019.3,
2025-09-07,21.5,15.0,29.0,0.0,,351.0,6.1,,1019.0,
2025-09-08,21.9,15.0,29.0,0.0,,309.0,8.3,,1016.2,
2025-09-09,21.0,17.0,27.0,0.1,,10.0,7.2,,1013.8,
2025-09-10,19.5,18.0,23.0,34.4,,170.0,7.5,,1010.5,
2025-09-11,21.2,17.0,27.0,6.9,,196.0,7.7,,1014.4,
2025-09-12,20.7,16.0,26.0,0.0,,41.0,5.3,,1018.4,
2025-09-13,20.9,15.0,27.0,0.0,,307.0,7.0,,1019.8,
2025-09-14,21.0,17.0,26.0,0.0,,279.0,6.4,,1019.0,
2025-09-15,21.5,16.0,28.0,0.0,,302.0,5.8,,1020.2,
2025-09-16,22.9,18.0,28.0,0.1,,219.0,7.0,,1019.0,
2025-09-17,21.2,16.0,28.0,0.0,,353.0,10.4,,1019.2,
2025-09-18,22.0,15.0,29.0,0.0,,11.0,12.5,,1023.9,
2025-09-19,22.1,14.0,32.0,0.0,,359.0,6.8,,1025.6,
2025-09-20,22.0,15.0,31.0,0.0,,340.0,6.7,,1023.5,
2025-09-21,22.0,15.0,29.0,0.0,,270.0,6.8,,1018.0,
2025-09-22,20.8,15.0,26.0,4.1,,164.0,9.7,,1014.7,
2025-09-23,20.5,18.0,25.0,7.9,,0.0,7.5,,1014.2,
2025-09-24,17.8,14.0,21.0,17.6,,169.0,6.2,,1014.1,
2025-09-25,16.2,13.0,20.0,0.1,,3.0,6.4,,1017.4,
2025-09-26,16.5,12.0,22.0,1.4,,138.0,7.3,,1019.7,
2025-09-27,16.8,12.0,23.0,0.2,,327.0,7.7,,1018.7,
2025-09-28,17.1,13.0,21.0,1.3,,20.0,12.7,,1016.0,
2025-09-29,16.5,11.0,23.0,0.0,,6.0,12.0,,1016.8,
2025-09-30,15.8,9.0,24.0,0.0,,321.0,7.0,,1018.4,
2025-10-01,15.3,12.0,19.0,1.3,,20.0,18.2,,1017.3,
2025-10-02,12.8,11.0,15.0,0.0,,32.0,23.7,,1019.9,
2025-10-03,11.6,7.0,17.0,0.0,,14.0,14.6,,1019.6,
2025-10-04,11.8,3.0,21.0,0.0,,202.0,8.1,,1017.4,
2025-10-05,14.7,7.0,20.0,5.2,,10.0,18.1,,1011.9,
2025-10-06,12.1,6.0,21.0,0.0,,4.0,10.4,,1019.1,
2025-10-07,12.2,4.0,22.0,0.0,,339.0,7.4,,1021.4,
2025-10-08,14.5,6.7,23.8,0.0,,41.0,4.5,,1020.4,
2025-10-09,15.7,9.2,23.2,0.0,,248.0,3.1,,1020.1,
2025-10-10,17.3,10.3,25.6,,,60.0,4.1,,1024.9,
2025-10-11,17.5,8.0,25.0,,,30.0,9.3,,1026.4,
2025-10-12,16.7,9.0,24.0,0.0,,234.0,7.7,,1023.9,
2025-10-13,16.2,10.0,24.0,0.0,,344.0,8.8,,1020.6,
2025-10-14,16.1,10.0,23.0,0.0,,1.0,8.3,,1019.9,
2025-10-15,15.8,11.0,22.0,0.0,,19.0,19.7,,1018.5,
2025-10-16,15.3,9.0,21.0,0.0,,27.0,20.9,,1017.2,
2025-10-17,15.0,13.0,18.0,0.1,,15.0,18.2,,1016.6,
2025-10-18,14.7,10.0,21.0,0.0,,10.0,11.5,,1020.0,
2025-10-19,13.0,7.0,21.0,0.0,,351.0,8.4,,1020.2,
2025-10-20,13.3,7.0,20.0,0.0,,278.0,7.4,,1014.5,
2025-10-21,14.2,11.0,16.0,3.6,,149.0,5.3,,1008.8,
2025-10-22,14.7,10.0,19.0,6.0,,139.0,7.1,,1008.9,
2025-10-23,18.5,15.0,21.0,15.1,,199.0,17.9,,1003.4,
2025-10-24,15.0,11.0,19.0,3.4,,216.0,11.5,,1008.8,
2025-10-25,15.0,10.0,20.0,2.3,,184.0,10.8,,1011.1,
2025-10-26,16.3,12.0,21.0,3.5,,251.0,9.3,,1006.4,
2025-10-27,13.0,8.0,19.0,0.1,,230.0,9.6,,1009.7,
2025-10-28,14.4,10.0,21.0,0.0,,314.0,5.3,,1015.8,
2025-10-29,15.6,10.0,21.0,0.5,,184.0,7.9,,1018.3,
2025-10-30,17.3,15.0,21.0,6.6,,177.0,9.3,,1014.8,
2025-10-31,16.9,15.0,21.0,1.1,,355.0,9.2,,1017.3,
2025-11-01,14.5,11.0,20.0,0.0,,19.0,5.6,,1020.3,
2025-11-02,16.2,13.0,20.0,2.0,,204.0,7.7,,1017.1,
2025-11-03,15.5,12.0,20.0,11.3,,38.0,12.9,,1017.4,
2025-11-04,12.5,8.0,18.0,0.0,,13.0,17.5,,1023.9,
2025-11-05,9.2,2.0,18.0,0.0,,26.0,6.0,,1022.0,
2025-11-06,9.0,3.0,18.0,0.0,,359.0,6.8,,1016.0,
2025-11-07,10.5,4.0,16.0,0.0,,353.0,8.0,,1012.0,
2025-11-08,11.4,7.0,17.0,0.0,,9.0,10.5,,1011.4,
2025-11-09,10.9,5.0,18.0,0.0,,19.0,14.2,,1013.8,
2025-11-10,10.1,5.0,17.0,0.0,,340.0,8.3,,1014.8,
2025-11-11,8.5,2.0,17.0,0.0,,20.0,6.3,,1019.4,
2025-11-12,9.0,3.0,18.0,0.0,,349.0,5.5,,1023.4,
2025-11-13,10.2,4.0,17.0,0.0,,350.0,4.4,,1025.3,
2025-11-14,9.0,4.0,16.0,0.0,,144.0,5.0,,1022.7,
2025-11-15,12.6,7.0,18.0,1.4,,151.0,5.3,,1018.0,
2025-11-16,14.2,8.0,19.0,0.0,,148.0,5.7,,1013.3,
2025-11-17,16.3,13.0,19.0,18.9,,188.0,16.3,,1007.9,
2025-11-18,11.2,7.0,14.0,6.9,,13.0,16.5,,1011.2,
2025-11-19,8.3,4.0,14.0,0.0,,2.0,7.9,,1011.3,
2025-11-20,9.8,6.0,13.0,5.7,,195.0,6.2,,1007.0,
2025-11-21,8.2,6.0,11.0,2.8,,326.0,8.0,,1007.1,
2025-11-22,4.3,2.0,6.0,15.2,,7.0,8.1,,1011.8,
2025-11-23,4.1,1.0,8.0,0.0,,9.0,6.7,,1017.8,
2025-11-24,9.3,3.0,13.0,17.9,,153.0,9.5,,1009.5,
2025-11-25,10.2,7.0,14.0,31.9,,148.0,7.5,,1000.5,
2025-11-26,7.0,5.0,10.0,9.5,,11.0,10.3,,1005.6,
2025-11-27,7.3,6.0,8.0,5.0,,15.0,19.0,,1011.7,
2025-11-28,6.7,2.0,10.0,0.6,,22.0,17.1,,1015.0,
2025-11-29,4.2,0.0,13.0,0.0,,339.0,6.8,,1013.8,
2025-11-30,2.6,-2.0,9.0,0.0,,357.0,5.7,,1016.5,
2025-12-01,3.6,0.0,8.0,0.0,,43.0,3.9,,1018.3,
2025-12-02,6.3,3.0,11.0,0.5,,6.0,5.4,,1015.5,
2025-12-03,4.7,2.0,7.0,0.0,,26.0,5.6,,1013.6,
2025-12-04,4.8,3.0,7.0,0.0,,252.0,3.6,,1007.3,
2025-12-05,7.8,4.0,13.0,0.0,,5.0,8.5,,1006.3,
2025-12-06,6.0,2.0,13.0,0.0,,37.0,6.8,,1013.4,
2025-12-07,7.2,4.0,12.0,0.0,,11.0,6.2,,1015.5,
2025-12-08,5.0,2.0,12.0,0.0,,18.0,5.2,,1021.3,
2025-12-09,2.1,-1.0,7.0,0.0,,180.0,3.4,,1025.3,
2025-12-10,2.2,0.0,5.0,0.0,,88.0,3.3,,1025.5,
2025-12-11,2.8,1.0,4.0,0.0,,164.0,3.7,,1024.6,
2025-12-12,3.0,2.0,4.0,0.0,,142.0,4.8,,1023.9,
2025-12-13,2.3,0.0,4.0,0.0,,81.0,3.5,,1026.0,
2025-12-14,1.3,0.0,3.0,0.0,,51.0,3.2,,1027.6,
2025-12-15,3.1,1.0,5.0,0.0,,141.0,3.4,,1025.8,
2025-12-16,6.0,3.0,10.0,3.3,,132.0,4.8,,1018.9,
2025-12-17,10.0,8.0,12.0,10.6,,353.0,5.7,,1021.8,
2025-12-18,10.5,8.0,16.0,2.8,,2.0,4.8,,1027.8,
2025-12-19,9.8,7.0,14.0,0.0,,7.0,5.5,,1025.3,
2025-12-20,7.6,3.0,13.0,0.0,,130.0,4.7,,1017.5,
2025-12-21,8.8,5.8,12.8,0.0,,122.0,3.3,,1014.0,
2025-12-22,7.7,5.2,10.0,0.0,,143.0,3.8,,1011.9,
2025-12-23,9.3,7.0,12.0,12.4,,58.0,8.1,,1008.2,
2025-12-24,9.6,8.0,13.0,2.3,,28.0,5.9,,1005.3,
2025-12-25,8.9,6.0,12.0,2.7,,40.0,10.4,,1015.9,
2025-12-26,8.6,6.0,12.0,0.0,,24.0,21.7,,1022.5,
2025-12-27,6.8,1.0,12.0,0.0,,13.0,17.0,,1023.3,
2025-12-28,1.9,-2.0,9.0,0.0,,33.0,4.6,,1020.3,
2025-12-29,1.5,-4.0,10.0,0.0,,328.0,3.7,,1019.2,
2025-12-30,5.1,0.0,11.0,0.0,,59.0,7.4,,1013.6,
2025-12-31,4.1,-1.0,8.0,0.0,,31.0,16.3,,1017.4,
2026-01-01,-0.3,-5.0,5.0,0.0,,357.0,6.1,,1018.1,
2026-01-02,8.6,4.0,12.0,3.7,,183.0,12.7,,1007.5,
2026-01-03,10.3,5.0,13.0,1.8,,196.0,8.6,,1003.3,
2026-01-04,7.5,5.0,10.0,23.6,,346.0,13.0,,1004.1,
2026-01-05,5.0,5.0,5.0,14.2,,349.0,15.3,,1004.0,
2026-01-06,4.1,2.0,6.0,18.1,,355.0,19.2,,1003.0,
2026-01-07,2.3,-1.0,4.0,0.0,,351.0,16.5,,1008.0,
2026-01-08,-0.5,-4.0,3.0,0.0,,1.0,7.2,,1013.9,
2026-01-09,8.8,3.0,14.0,4.7,,235.0,12.8,,1005.7,
2026-01-10,5.7,0.0,9.0,7.8,,320.0,9.5,,1001.7,
2026-01-11,2.5,-1.0,9.0,0.0,,10.0,12.5,,1016.3,
2026-01-12,1.3,-5.0,8.0,0.0,,294.0,4.1,,1024.9,
2026-01-13,7.7,3.0,12.0,0.0,,222.0,5.7,,1024.3,
2026-01-14,8.7,5.0,13.0,0.0,,28.0,4.5,,1024.0,
2026-01-15,10.6,8.0,14.0,0.5,,56.0,5.5,,1022.0,
2026-01-16,6.9,3.0,13.0,0.0,,349.0,6.8,,1020.2,
2026-01-17,6.5,0.0,15.0,0.0,,46.0,7.8,,1019.1,
2026-01-18,8.0,0.0,15.0,0.0,,43.0,11.9,,1020.3,
2026-01-19,10.4,8.0,12.0,0.0,,46.0,20.5,,1020.0,
2026-01-20,9.8,7.0,12.0,0.0,,42.0,25.1,,1018.0,
2026-01-21,6.7,6.0,8.0,0.0,,17.0,19.6,,1006.6,
2026-01-22,7.4,5.0,13.0,0.0,,356.0,4.8,,999.6,
2026-01-23,6.6,0.0,13.0,6.5,,273.0,5.4,,1001.8,
2026-01-24,10.3,8.0,14.0,5.2,,118.0,6.6,,1001.9,
2026-01-25,8.0,6.0,11.0,17.8,,178.0,9.6,,999.5,
2026-01-26,6.6,2.0,11.0,0.0,,342.0,8.5,,1000.4,
2026-01-27,4.5,-2.0,10.0,0.0,,177.0,6.8,,1006.9,
2026-01-28,9.3,7.0,12.0,14.4,,153.0,12.9,,994.5,
2026-01-29,7.7,6.0,11.0,7.0,,145.0,5.0,,996.0,
2026-01-30,7.8,5.0,12.0,0.2,,307.0,5.1,,1000.5,
2026-01-31,8.2,5.0,13.0,1.7,,22.0,12.2,,1000.9,
2026-02-01,6.3,2.0,11.0,0.0,,21.0,17.3,,1005.5,
2026-02-02,5.2,-2.0,12.0,0.1,,254.0,6.1,,1007.8,
2026-02-03,10.8,9.0,14.0,18.8,,196.0,7.4,,1007.2,
2026-02-04,9.8,9.0,11.0,13.5,,343.0,8.6,,996.0,
2026-02-05,9.9,8.0,12.0,4.8,,170.0,7.0,,995.0,
2026-02-06,10.1,8.0,12.0,6.4,,183.0,9.1,,994.7,
2026-02-07,8.5,5.0,13.0,8.3,,163.0,6.9,,1005.3,
2026-02-08,9.8,8.0,13.0,4.1,,292.0,5.5,,1006.8,
2026-02-09,9.6,8.0,13.0,2.6,,352.0,10.7,,1005.1,
2026-02-10,9.6,6.0,12.7,1.0,,202.0,4.2,,1006.4,
2026-02-11,11.3,9.8,13.3,9.4,,143.0,7.0,,999.6,
2026-02-12,11.1,9.1,13.0,,,163.0,7.2,,990.6,
2026-02-13,10.5,7.2,14.1,,,186.0,4.9,,992.9,
2026-02-14,10.8,9.6,12.4,,,115.0,7.8,,989.5,
2026-02-15,9.2,3.0,12.8,,,13.0,10.1,,1002.1,
2026-02-16,7.0,2.0,12.0,10.1,,207.0,6.4,,1003.3,
2026-02-17,7.9,1.0,15.0,0.8,,326.0,8.2,,1004.6,
2026-02-18,7.7,0.0,15.0,0.0,,164.0,6.9,,1013.5,
2026-02-19,10.5,7.0,15.0,16.1,,172.0,13.9,,1004.8,
2026-02-20,8.4,4.0,13.0,1.1,,345.0,10.5,,1010.3,
2026-02-21,7.8,3.0,14.0,0.0,,26.0,11.3,,1022.0,
2026-02-22,8.6,1.0,17.6,0.0,,353.0,5.7,,1025.5,
2026-02-23,10.1,4.1,16.8,0.0,,199.0,4.2,,1021.7,
2026-02-24,11.7,7.5,17.9,0.0,,203.0,3.2,,1019.7,
2026-02-25,11.8,6.3,19.4,,,194.0,3.0,,1023.7,
2026-02-26,12.2,7.2,19.2,,,222.0,3.5,,1026.4,
2026-02-27,11.7,7.7,17.7,,,193.0,3.9,,1024.9,
2026-02-28,10.9,7.0,16.8,,,343.0,3.7,,1023.3,
2026-03-01,9.6,4.0,15.8,0.0,,87.0,4.7,,1025.0,
2026-03-02,10.2,7.0,14.0,8.5,,156.0,5.1,,1025.8,
2026-03-03,11.5,8.0,17.0,9.9,,332.0,7.0,,1026.3,
2026-03-04,10.3,8.0,15.0,0.0,,359.0,5.9,,1026.1,
2026-03-05,10.8,5.0,18.0,0.0,,16.0,11.0,,1023.7,
2026-03-06,11.3,7.0,17.0,0.0,,9.0,12.0,,1022.0,
2026-03-07,10.9,5.0,17.0,0.4,,322.0,5.6,,1024.5,
2026-03-08,11.5,8.0,17.0,1.5,,319.0,7.3,,1024.8,
2026-03-09,10.7,3.0,18.0,0.4,,334.0,5.0,,1023.9,
2026-03-10,12.1,7.4,18.0,0.1,,200.0,4.6,,1023.9,
2026-03-11,11.8,7.8,16.7,5.5,,190.0,5.3,,1024.4,
2026-03-12,12.0,9.5,15.7,,,142.0,5.4,,1022.2,
2026-03-13,12.3,8.3,17.5,,,216.0,4.6,,1017.5,
2026-03-14,11.5,8.5,15.3,,,180.0,6.1,,1009.4,
2026-03-15,11.8,8.1,15.8,,,67.0,6.4,,1010.3,
2026-03-16,12.1,8.1,16.4,,,63.0,6.4,,1012.7,
2026-03-17,12.5,8.6,16.9,,,45.0,9.0,,1012.8,
2026-03-18,11.6,7.7,15.9,,,79.0,6.4,,1012.7,
