date,tavg,tmin,tmax,prcp,snow,wdir,wspd,wpgt,pres,tsun
2015-01-01,-1.2,-4.4,,1.0,450.0,,,,,
2015-01-02,3.8,-1.0,7.2,0.0,201.0,,,,,
2015-01-03,7.7,5.8,10.2,0.0,89.0,,,,,
2015-01-04,7.0,,11.4,0.3,61.0,,,,,
2015-01-05,1.3,-0.8,3.0,7.1,20.0,,,,,
2015-01-06,2.3,0.2,3.6,0.0,10.0,,9.7,,,
2015-01-07,4.8,1.0,8.4,0.0,10.0,,3.1,,,
2015-01-08,6.4,4.0,10.0,0.0,,,3.6,,,
2015-01-09,6.7,4.8,10.6,0.0,,239.0,14.6,,,
2015-01-10,9.7,5.8,13.6,0.0,,225.0,14.4,,,
2015-01-11,10.1,7.0,13.2,0.0,,239.0,29.2,,,
2015-01-12,5.2,2.6,9.0,2.0,,288.0,9.7,,,
2015-01-13,7.4,4.6,13.2,0.0,,,6.9,,,
2015-01-14,8.7,5.4,12.6,0.0,,233.0,15.2,,,
2015-01-15,7.6,5.6,11.2,0.0,,213.0,8.9,,,
2015-01-16,8.8,5.6,13.2,0.0,,213.0,9.2,,,
2015-01-17,8.9,8.0,9.2,5.1,,192.0,11.5,,,
2015-01-18,6.3,4.0,9.0,35.1,,,5.6,,,
2015-01-19,5.5,3.6,8.4,0.5,,,8.1,,,
2015-01-20,5.6,4.0,7.2,4.1,,153.0,10.4,,,
2015-01-21,5.8,3.8,9.2,0.8,,,5.4,,,
2015-01-22,5.2,3.0,6.2,7.9,,,11.8,,,
2015-01-23,4.0,3.6,4.6,39.9,,17.0,17.4,,,
2015-01-24,2.7,1.0,3.2,22.1,,330.0,19.4,,,
2015-01-25,1.5,0.8,2.4,0.0,,329.0,14.4,,,
2015-01-26,0.9,-0.2,2.4,0.0,,333.0,14.6,,,
2015-01-27,0.0,-2.0,3.8,0.0,,302.0,9.0,,,
2015-01-28,-0.8,-2.0,,0.5,41.0,,,,,
2015-01-29,2.6,-1.0,5.0,0.0,,,14.5,,,
2015-01-30,4.2,-1.0,6.6,6.1,,216.0,34.1,,,
2015-01-31,2.2,-1.6,4.8,4.1,10.0,,10.6,,,
2015-02-01,1.5,-0.2,4.6,18.3,10.0,235.0,24.0,,,
2015-02-02,1.2,-1.0,4.4,1.0,10.0,267.0,9.5,,,
2015-02-03,1.3,0.0,5.6,0.5,10.0,180.0,13.7,,,
2015-02-04,4.2,0.0,7.6,21.1,,130.0,17.4,,,
2015-02-05,6.3,3.0,10.4,0.5,,155.0,14.7,,,
2015-02-06,2.6,1.8,5.0,2.0,,,7.9,,,
2015-02-07,2.8,1.6,5.0,0.0,,148.0,5.7,,,
2015-02-08,1.2,-3.0,5.6,1.5,20.0,290.0,10.9,,,
2015-02-09,-3.6,-5.8,-1.0,4.3,150.0,359.0,44.4,,,
2015-02-10,2.5,-2.4,5.6,0.0,10.0,320.0,18.8,,,
2015-02-11,3.7,2.6,5.2,0.0,,325.0,14.5,,,
2015-02-12,3.4,2.8,4.6,1.5,,,7.0,,,
2015-02-13,3.3,2.0,4.2,0.3,,,3.0,,,
2015-02-14,4.7,2.0,8.0,0.0,,,3.1,,,
2015-02-15,5.0,3.0,7.0,0.0,,164.0,8.6,,,
2015-02-16,5.9,4.0,8.6,0.5,,67.0,11.8,,,
2015-02-17,5.1,0.0,8.0,0.3,,38.0,16.2,,,
2015-02-18,2.1,-0.4,4.2,1.0,,355.0,21.2,,,
2015-02-19,2.8,-0.4,8.2,0.0,,,7.9,,,
2015-02-20,5.5,1.6,10.6,0.0,,,5.0,,,
2015-02-21,4.1,1.6,7.6,0.0,,199.0,10.1,,,
2015-02-22,5.7,3.8,7.8,18.0,,73.0,10.0,,,
2015-02-23,5.9,4.0,8.4,7.1,,20.0,8.7,,,
2015-02-24,5.7,5.0,7.4,0.0,,150.0,9.1,,,
2015-02-25,4.4,4.0,5.2,21.1,,30.0,16.6,,,
2015-02-26,3.9,2.0,6.8,11.9,,16.0,9.6,,,
2015-02-27,3.4,2.6,4.0,,,322.0,9.7,,,
2015-02-28,5.3,2.8,10.2,0.0,,,4.3,,,
2015-03-01,6.2,3.8,11.0,0.0,,,9.1,,,
2015-03-02,7.6,4.0,11.4,0.0,,218.0,23.1,,,
2015-03-03,9.6,8.0,13.4,0.0,,45.0,9.4,,,
2015-03-04,9.3,6.6,14.6,0.0,,,7.7,,,
2015-03-05,1.4,-2.0,7.0,39.9,99.0,291.0,21.0,,,
2015-03-06,-1.3,-2.4,-0.6,25.9,511.0,353.0,36.8,,,
2015-03-07,-0.3,-2.0,1.0,0.0,450.0,351.0,32.2,,,
2015-03-08,0.7,-1.0,2.0,0.8,300.0,355.0,16.3,,,
2015-03-09,2.4,0.6,4.6,0.0,201.0,,6.5,,,
2015-03-10,3.3,1.0,8.0,0.0,51.0,,5.0,,,
2015-03-11,5.4,1.6,10.2,0.0,99.0,,4.6,,,
2015-03-12,1.7,-1.2,6.0,5.3,30.0,342.0,21.1,,,
2015-03-13,3.0,0.6,7.0,0.5,30.0,,7.7,,,
2015-03-14,5.2,2.4,10.4,0.0,30.0,,4.5,,,
2015-03-15,4.6,3.4,6.0,4.1,,,3.3,,,
2015-03-16,6.6,4.8,8.4,0.3,,,3.7,,,
2015-03-17,6.4,6.0,7.2,8.6,,55.0,12.8,,,
2015-03-18,7.1,5.0,10.6,2.0,,,5.5,,,
2015-03-19,7.2,5.0,11.6,0.0,,326.0,8.1,,,
2015-03-20,6.3,3.6,10.2,0.0,,,7.0,,,
2015-03-21,7.2,3.0,12.2,0.0,,96.0,7.8,,,
2015-03-22,5.3,4.0,7.0,1.5,,41.0,5.0,,,
2015-03-23,5.9,3.8,8.0,4.3,,331.0,7.0,,,
2015-03-24,9.3,5.8,14.2,0.0,,,10.8,,,
2015-03-25,9.1,7.8,10.4,16.0,,144.0,22.3,,,
2015-03-26,12.8,9.0,18.4,0.8,,156.0,12.7,,,
2015-03-27,9.5,6.0,14.2,0.0,,335.0,16.3,,,
2015-03-28,6.2,4.0,9.6,1.0,,336.0,28.1,,,
2015-03-29,8.6,3.0,14.4,0.0,,317.0,11.6,,,
2015-03-30,11.5,8.0,16.6,0.0,,230.0,12.5,,,
2015-03-31,13.8,10.0,19.4,0.0,,,14.7,,,
2015-04-01,11.6,8.4,18.0,0.0,,306.0,11.4,,,
2015-04-02,10.7,6.0,16.4,0.0,,236.0,12.6,,,
2015-04-03,7.1,4.6,10.0,0.5,,,12.3,,,
2015-04-04,7.2,4.0,10.4,0.8,,,9.0,,,
2015-04-05,4.8,1.6,8.8,27.9,,264.0,13.8,,,
2015-04-06,1.6,0.0,5.0,0.5,,328.0,24.7,,,
2015-04-07,-0.3,-2.0,1.0,9.9,51.0,332.0,25.4,,,
2015-04-08,3.4,0.2,5.6,0.5,30.0,353.0,28.3,,,
2015-04-09,6.1,3.6,10.0,0.0,,,20.0,,,
2015-04-10,10.4,6.0,17.0,0.0,,,4.9,,,
2015-04-11,10.9,6.6,17.4,0.0,,,6.7,,,
2015-04-12,10.9,6.8,15.6,0.0,,314.0,9.4,,,
2015-04-13,13.3,8.6,19.0,0.0,,,7.7,,,
2015-04-14,14.6,11.6,19.8,0.0,,297.0,9.0,,,
2015-04-15,14.6,10.0,19.2,0.0,,342.0,8.6,,,
2015-04-16,16.8,12.6,21.8,0.0,,,7.6,,,
2015-04-17,15.1,12.6,20.4,0.0,,220.0,10.9,,,
2015-04-18,13.1,9.0,19.2,0.0,,,7.5,,,
2015-04-19,6.0,4.0,8.8,0.0,,355.0,15.5,,,
2015-04-20,8.1,2.8,13.6,4.1,,,5.7,,,
2015-04-21,10.1,6.0,14.0,0.0,,328.0,20.9,,,
2015-04-22,13.5,9.4,19.4,0.0,,,,,,
2015-04-23,14.0,11.6,18.4,0.0,,233.0,13.0,,,
2015-04-24,12.1,10.0,16.6,5.1,,,11.0,,,
2015-04-25,13.4,8.8,18.4,0.0,,,5.9,,,
2015-04-26,14.7,11.0,19.4,0.0,,,4.6,,,
2015-04-27,12.2,9.2,16.8,0.0,,211.0,8.9,,,
2015-04-28,9.7,8.0,13.0,3.3,,,10.4,,,
2015-04-29,9.8,8.0,13.8,3.0,,,4.8,,,
2015-04-30,11.7,9.0,16.2,0.0,,232.0,13.5,,,
2015-05-01,12.2,7.4,16.0,0.0,,228.0,25.9,,,
2015-05-02,15.0,10.8,20.4,0.0,,235.0,23.4,,,
2015-05-03,16.9,11.6,22.0,0.0,,,,,,
2015-05-04,21.3,15.0,28.0,0.0,,,8.1,,,
2015-05-05,24.6,19.6,30.8,0.0,,,8.6,,,
2015-05-06,24.2,21.8,30.0,0.0,,,11.3,,,
2015-05-07,20.7,18.0,26.4,0.0,,323.0,8.8,,,
2015-05-08,20.4,16.8,25.0,0.0,,,4.6,,,
2015-05-09,18.0,14.8,23.0,0.0,,314.0,8.2,,,
2015-05-10,15.5,13.6,18.6,0.0,,323.0,17.5,,,
2015-05-11,15.6,12.8,19.4,0.0,,348.0,17.4,,,
2015-05-12,15.2,10.0,19.8,0.0,,,11.7,,,
2015-05-13,19.3,14.0,25.8,0.0,,249.0,10.3,,,
2015-05-14,19.5,15.0,24.2,0.0,,234.0,22.5,,,
2015-05-15,20.2,17.6,22.6,,,210.0,16.4,,,
2015-05-16,15.6,13.0,18.4,0.0,,161.0,9.0,,,
2015-05-17,15.6,12.0,19.4,0.0,,2.0,13.1,,,
2015-05-18,18.4,13.6,23.4,0.0,,343.0,7.5,,,
2015-05-19,20.0,14.4,24.8,0.0,,,8.0,,,
2015-05-20,18.8,15.8,24.2,0.0,,216.0,10.6,,,
2015-05-21,14.1,11.4,16.4,0.0,,204.0,8.7,,,
2015-05-22,11.7,8.8,16.6,0.0,,,10.4,,,
2015-05-23,11.9,8.6,15.2,0.0,,220.0,12.8,,,
2015-05-24,11.3,8.8,15.4,2.0,,,3.6,,,
2015-05-25,13.2,8.6,18.6,0.3,,,3.3,,,
2015-05-26,12.1,10.8,18.0,7.9,,250.0,5.2,,,
2015-05-27,11.2,9.4,14.0,0.8,,328.0,15.4,,,
2015-05-28,9.7,7.8,13.4,0.5,,322.0,15.4,,,
2015-05-29,14.6,7.8,21.2,0.0,,,7.0,,,
2015-05-30,17.9,13.0,24.8,0.0,,,8.5,,,
2015-05-31,18.1,13.6,23.8,0.0,,,6.4,,,
2015-06-01,20.2,15.6,26.2,0.0,,,6.0,,,
2015-06-02,21.0,17.0,26.2,0.0,,301.0,6.8,,,
2015-06-03,22.2,18.4,26.6,0.0,,305.0,6.7,,,
2015-06-04,22.3,18.8,27.2,0.0,,310.0,9.4,,,
2015-06-05,21.4,17.6,25.2,0.0,,326.0,15.1,,,
2015-06-06,22.4,18.8,27.0,0.0,,318.0,11.0,,,
2015-06-07,21.3,18.8,26.6,0.0,,312.0,10.8,,,
2015-06-08,19.3,,26.0,7.1,,,,,,
2015-06-09,18.7,14.4,25.4,0.0,,,,,,
2015-06-10,19.9,16.6,25.0,2.0,,311.0,6.6,,,
2015-06-11,20.8,16.4,25.4,0.0,,,5.9,,,
2015-06-12,22.4,17.8,28.0,0.0,,,4.8,,,
2015-06-13,23.7,19.6,28.2,0.0,,,6.9,,,
2015-06-14,21.1,18.6,24.4,0.0,,208.0,10.9,,,
2015-06-15,19.2,16.0,22.6,0.0,,226.0,13.9,,,
2015-06-16,20.8,16.0,26.2,0.0,,,7.8,,,
2015-06-17,15.0,12.2,19.2,39.6,,313.0,11.0,,,
2015-06-18,12.8,9.0,16.2,3.0,,319.0,19.2,,,
2015-06-19,16.9,12.0,24.4,0.8,,,3.8,,,
2015-06-20,15.1,12.0,21.2,18.0,,,5.7,,,
2015-06-21,14.6,11.4,18.2,0.5,,323.0,13.9,,,
2015-06-22,18.0,11.4,24.6,0.0,,,6.8,,,
2015-06-23,19.1,15.6,23.2,0.0,,233.0,20.5,,,
2015-06-24,16.8,13.6,21.4,0.0,,332.0,12.1,,,
2015-06-25,15.9,11.8,20.6,0.0,,338.0,10.6,,,
2015-06-26,16.3,12.0,20.4,0.0,,320.0,18.4,,,
2015-06-27,18.4,14.0,22.4,0.0,,328.0,13.4,,,
2015-06-28,20.0,17.0,23.4,,,325.0,12.1,,,
2015-06-29,19.8,15.4,24.0,0.0,,318.0,14.3,,,
2015-06-30,20.6,17.0,24.6,0.0,,316.0,14.6,,,
2015-07-01,21.0,18.0,25.0,0.0,,319.0,14.8,,,
2015-07-02,23.6,19.0,28.2,0.0,,,6.3,,,
2015-07-03,23.9,20.0,28.2,0.0,,330.0,9.8,,,
2015-07-04,23.0,21.0,26.4,0.0,,326.0,16.1,,,
2015-07-05,25.1,20.0,30.4,0.0,,301.0,6.5,,,
2015-07-06,26.4,21.6,32.0,0.0,,,4.0,,,
2015-07-07,28.3,23.0,35.0,0.0,,,3.9,,,
2015-07-08,26.5,21.6,32.2,0.0,,,6.6,,,
2015-07-09,24.5,21.4,30.0,0.0,,295.0,9.6,,,
2015-07-10,20.9,18.6,25.0,0.0,,346.0,13.0,,,
2015-07-11,23.4,18.0,30.0,0.0,,,4.5,,,
2015-07-12,25.4,20.6,31.4,0.0,,,4.5,,,
2015-07-13,25.4,21.0,31.4,0.0,,,7.0,,,
2015-07-14,25.7,21.4,30.6,0.0,,,5.0,,,
2015-07-15,27.1,22.8,32.6,0.0,,,8.4,,,
2015-07-16,28.7,24.6,35.2,0.0,,,4.5,,,
2015-07-17,29.2,25.0,34.4,0.0,,,3.1,,,
2015-07-18,29.9,25.0,36.6,0.0,,,4.1,,,
2015-07-19,29.4,26.0,34.8,0.0,,,5.1,,,
2015-07-20,29.1,23.4,34.6,0.0,,,5.6,,,
2015-07-21,29.1,25.0,34.6,0.0,,,6.1,,,
2015-07-22,28.9,26.0,35.0,0.0,,,5.3,,,
2015-07-23,25.6,22.0,32.4,0.0,,,7.2,,,
2015-07-24,22.9,17.6,31.4,35.1,,,9.6,,,
2015-07-25,23.6,18.6,30.0,0.0,,,7.7,,,
2015-07-26,24.3,20.2,29.6,0.0,,223.0,12.1,,,
2015-07-27,23.8,18.8,29.2,0.0,,228.0,15.8,,,
2015-07-28,24.2,19.6,29.0,0.0,,222.0,13.6,,,
2015-07-29,25.3,19.6,31.4,0.0,,211.0,13.7,,,
2015-07-30,26.3,22.0,32.4,0.0,,226.0,13.9,,,
2015-07-31,23.9,20.8,28.6,0.0,,316.0,11.5,,,
2015-08-01,23.8,17.6,30.8,0.0,,,4.0,,,
2015-08-02,25.2,22.4,29.4,0.0,,,9.4,,,
2015-08-03,22.8,20.0,27.4,0.0,,1.0,6.4,,,
2015-08-04,24.3,19.6,30.0,0.0,,,4.7,,,
2015-08-05,25.4,21.8,30.2,0.0,,,8.0,,,
2015-08-06,25.7,22.0,30.6,0.0,,314.0,8.6,,,
2015-08-07,26.0,22.0,31.0,0.0,,331.0,9.8,,,
2015-08-08,26.6,22.0,31.4,0.0,,,6.1,,,
2015-08-09,25.0,21.8,33.4,,,,5.6,,,
2015-08-10,22.5,20.8,30.0,31.0,,,7.0,,,
2015-08-11,18.6,17.0,21.4,43.4,,,5.8,,,
2015-08-12,21.1,17.0,25.4,0.0,,353.0,14.3,,,
2015-08-13,25.1,20.6,30.0,0.0,,323.0,9.7,,,
2015-08-14,25.4,23.0,31.0,7.9,,,5.8,,,
2015-08-15,22.4,20.0,27.4,0.5,,219.0,8.4,,,
2015-08-16,18.6,17.0,20.0,3.0,,,11.0,,,
2015-08-17,19.7,15.8,25.2,0.0,,246.0,18.3,,,
2015-08-18,20.9,15.8,26.8,0.0,,,8.5,,,
2015-08-19,18.5,13.8,22.6,5.1,,239.0,10.8,,,
2015-08-20,17.7,14.0,22.8,0.0,,,4.8,,,
2015-08-21,17.0,14.6,22.6,11.4,,335.0,5.2,,,
2015-08-22,17.1,13.0,26.4,6.1,,324.0,7.7,,,
2015-08-23,20.2,15.8,25.6,0.0,,,2.3,,,
2015-08-24,22.6,17.8,29.0,0.0,,209.0,6.7,,,
2015-08-25,23.9,20.0,29.6,0.0,,226.0,12.8,,,
2015-08-26,22.6,18.8,27.4,0.0,,,4.8,,,
2015-08-27,23.1,18.0,29.4,0.0,,,4.2,,,
2015-08-28,24.6,20.6,31.4,0.0,,,4.8,,,
2015-08-29,24.9,21.0,30.4,0.0,,,5.1,,,
2015-08-30,25.2,21.0,31.2,0.0,,337.0,5.6,,,
2015-08-31,26.6,22.0,32.2,0.0,,,4.5,,,
2015-09-01,25.9,23.8,31.0,0.0,,,6.9,,,
2015-09-02,24.9,20.0,31.0,0.0,,,10.6,,,
2015-09-03,23.8,19.4,29.6,0.0,,226.0,10.3,,,
2015-09-04,22.3,19.6,27.8,0.5,,215.0,13.8,,,
2015-09-05,21.5,19.0,25.6,0.3,,223.0,13.1,,,
2015-09-06,19.1,17.0,24.0,0.0,,,11.9,,,
2015-09-07,17.6,15.0,23.0,0.0,,,4.0,,,
2015-09-08,15.3,13.0,19.4,0.0,,329.0,10.0,,,
2015-09-09,14.5,12.0,18.2,0.0,,334.0,10.0,,,
2015-09-10,15.4,12.2,19.2,0.0,,342.0,10.7,,,
2015-09-11,16.5,13.0,22.6,7.1,,,3.9,,,
2015-09-12,19.1,,25.2,0.0,,,,,,
2015-09-13,20.6,17.0,27.0,0.0,,,,,,
2015-09-14,21.5,19.0,24.8,0.0,,,,,,
2015-09-15,23.8,19.4,28.2,0.0,,,,,,
2015-09-16,24.6,20.4,29.0,0.0,,218.0,15.9,,,
2015-09-17,26.9,22.8,32.6,0.0,,217.0,15.1,,,
2015-09-18,27.7,23.8,33.0,0.0,,207.0,9.8,,,
2015-09-19,25.2,22.0,30.2,0.0,,,5.1,,,
2015-09-20,17.4,13.6,22.2,20.1,,301.0,13.1,,,
2015-09-21,14.4,12.4,18.6,3.0,,326.0,20.4,,,
2015-09-22,16.2,11.0,23.0,0.0,,,4.5,,,
2015-09-23,17.2,14.0,21.4,0.0,,219.0,11.1,,,
2015-09-24,12.8,10.8,17.6,39.9,,180.0,7.6,,,
2015-09-25,13.4,10.0,18.0,0.0,,310.0,7.2,,,
2015-09-26,12.3,10.8,15.4,0.3,,306.0,9.5,,,
2015-09-27,12.2,11.0,14.4,0.0,,319.0,9.0,,,
2015-09-28,11.8,10.0,14.6,0.8,,323.0,13.5,,,
2015-09-29,10.8,9.0,14.4,0.0,,319.0,14.5,,,
2015-09-30,10.9,8.0,14.8,0.0,,327.0,10.4,,,
2015-10-01,11.4,10.0,12.6,4.1,,,3.2,,,
2015-10-02,14.8,12.0,18.6,1.0,,85.0,8.2,,,
2015-10-03,16.2,13.8,20.2,0.0,,,7.7,,,
2015-10-04,15.9,13.0,20.4,,,,10.5,,,
2015-10-05,16.5,14.8,20.0,1.3,,,11.7,,,
2015-10-06,18.3,14.6,21.4,0.0,,225.0,17.8,,,
2015-10-07,16.2,13.0,21.6,6.1,,248.0,14.8,,,
2015-10-08,15.4,12.0,20.2,0.0,,,1.5,,,
2015-10-09,13.9,12.0,16.6,2.0,,,4.7,,,
2015-10-10,12.6,,13.8,72.9,,,,,,
2015-10-11,10.6,10.0,12.0,45.0,,,5.0,,,
2015-10-12,13.7,9.6,19.0,0.0,,,3.1,,,
2015-10-13,15.5,12.4,19.8,0.0,,204.0,10.2,,,
2015-10-14,16.8,15.0,20.0,27.9,,166.0,21.4,,,
2015-10-15,14.0,11.4,16.0,,,191.0,13.9,,,
2015-10-16,11.9,10.0,15.0,0.0,,230.0,24.1,,,
2015-10-17,12.6,9.8,16.2,0.0,,215.0,6.4,,,
2015-10-18,14.3,11.0,18.4,0.0,,,5.5,,,
2015-10-19,14.0,12.0,16.0,27.9,,,8.7,,,
2015-10-20,9.6,8.0,12.0,2.5,,,2.6,,,
2015-10-21,7.5,6.0,9.2,1.5,,340.0,9.1,,,
2015-10-22,6.8,5.6,7.6,19.1,,,,,,
2015-10-23,7.8,6.2,9.8,0.0,,347.0,35.0,,,
2015-10-24,10.8,8.0,15.0,0.0,,,9.3,,,
2015-10-25,14.4,11.0,20.2,0.0,,,2.1,,,
2015-10-26,13.2,10.0,19.4,0.0,,,1.4,,,
2015-10-27,11.9,9.0,17.2,0.0,,,3.8,,,
2015-10-28,12.6,9.2,15.6,0.0,,,2.6,,,
2015-10-29,11.7,10.0,14.2,9.9,,219.0,6.7,,,
2015-10-30,10.2,9.0,12.2,16.0,,2.0,17.0,,,
2015-10-31,9.4,8.0,11.0,0.5,,18.0,13.6,,,
2015-11-01,9.6,7.0,12.0,0.0,,24.0,11.9,,,
2015-11-02,9.6,7.0,14.0,0.0,,,4.4,,,
2015-11-03,11.9,7.8,18.0,0.0,,,1.1,,,
2015-11-04,14.1,11.6,18.4,0.0,,,2.1,,,
2015-11-05,13.8,11.4,18.6,0.0,,,2.1,,,
2015-11-06,12.9,10.0,17.0,0.0,,,3.3,,,
2015-11-07,12.4,10.0,17.0,0.0,,293.0,9.1,,,
2015-11-08,15.2,12.2,19.4,0.0,,294.0,7.4,,,
2015-11-09,17.2,14.0,23.0,0.0,,,4.4,,,
2015-11-10,13.8,8.0,18.6,0.0,,,2.0,,,
2015-11-11,16.6,12.0,23.2,0.0,,,0.8,,,
2015-11-12,13.8,9.2,19.2,0.0,,,0.5,,,
2015-11-13,12.9,8.8,18.6,0.0,,,1.6,,,
2015-11-14,9.3,7.0,11.2,0.0,,,2.2,,,
2015-11-15,11.4,7.8,15.4,0.0,,,1.9,,,
2015-11-16,13.6,8.2,19.2,0.0,,,1.3,,,
2015-11-17,12.0,8.0,18.0,0.0,,,2.7,,,
2015-11-18,9.4,7.0,14.0,0.0,,,2.3,,,
2015-11-19,10.8,7.8,16.0,0.0,,,4.3,,,
2015-11-20,11.7,8.0,15.0,0.0,,229.0,18.7,,,
2015-11-21,12.1,9.0,14.6,0.5,,222.0,34.2,,,
2015-11-22,6.2,4.0,9.0,0.0,,,20.8,,,
2015-11-23,5.6,3.8,7.8,0.0,,,6.0,,,
2015-11-24,4.3,3.8,5.0,7.9,,302.0,4.3,,,
2015-11-25,4.1,3.8,5.0,2.3,,,6.7,,,
2015-11-26,1.6,0.0,4.0,20.1,10.0,358.0,22.6,,,
2015-11-27,2.2,0.0,4.2,58.9,,328.0,24.7,,,
2015-11-28,3.3,1.0,7.0,0.0,,,4.3,,,
2015-11-29,4.9,1.8,10.0,0.0,,,4.4,,,
2015-11-30,7.3,3.8,12.4,0.0,,224.0,7.7,,,
2015-12-01,9.4,7.0,14.2,0.0,,,11.7,,,
2015-12-02,9.9,6.0,14.6,0.0,,,4.0,,,
2015-12-03,9.2,6.0,13.4,0.0,,,1.7,,,
2015-12-04,7.3,4.4,11.0,0.0,,,0.9,,,
2015-12-05,7.7,6.4,10.2,0.0,,,3.2,,,
2015-12-06,7.6,5.4,12.4,0.0,,,0.7,,,
2015-12-07,8.3,6.0,12.2,0.0,,,2.4,,,
2015-12-08,7.8,4.0,13.2,0.0,,,1.4,,,
2015-12-09,8.4,,12.6,0.0,,,,,,
2015-12-10,4.7,4.0,7.0,1.0,,311.0,13.1,,,
2015-12-11,5.2,3.0,7.4,0.3,,294.0,9.0,,,
2015-12-12,7.3,4.0,11.2,0.0,,,3.9,,,
2015-12-13,5.6,2.8,10.0,0.0,,,3.2,,,
2015-12-14,6.3,4.6,10.2,0.0,,,2.7,,,
2015-12-15,6.6,3.8,11.0,0.0,,,3.0,,,
2015-12-16,6.1,5.0,7.4,0.0,,297.0,12.8,,,
2015-12-17,6.1,4.6,9.0,0.0,,309.0,9.6,,,
2015-12-18,7.8,4.8,12.4,0.0,,,2.3,,,
2015-12-19,7.8,6.0,11.2,0.0,,,2.5,,,
2015-12-20,8.1,5.8,12.6,0.0,,43.0,4.8,,,
2015-12-21,9.6,7.0,15.0,0.0,,,2.8,,,
2015-12-22,9.4,6.8,13.6,0.0,,,3.5,,,
2015-12-23,9.7,7.0,14.4,0.0,,,3.9,,,
2015-12-24,8.1,6.0,11.6,0.0,,,6.4,,,
2015-12-25,8.2,6.0,12.2,0.0,,,3.0,,,
2015-12-26,7.9,6.0,12.6,0.0,,,2.3,,,
2015-12-27,9.4,6.0,14.0,0.0,,,2.7,,,
2015-12-28,11.8,8.6,16.8,0.0,,,1.9,,,
2015-12-29,9.1,5.0,14.2,0.0,,,3.7,,,
2015-12-30,4.9,4.0,7.0,,,325.0,9.5,,,
2015-12-31,2.7,2.0,4.0,0.0,,,6.2,,,
2016-01-01,2.9,0.8,6.2,0.0,,,1.9,,,
2016-01-02,5.6,2.8,9.0,0.0,,,7.1,,,
2016-01-03,6.8,2.0,10.0,2.0,,245.0,12.3,,,
2016-01-04,7.8,3.0,10.0,0.0,,234.0,20.6,,,
2016-01-05,8.4,7.0,10.0,2.0,,181.0,10.7,,,
2016-01-06,7.2,3.8,10.0,0.0,,,19.1,,,
2016-01-07,5.5,2.0,9.0,0.0,,,12.8,,,
2016-01-08,9.4,5.6,12.2,0.0,,221.0,11.9,,,
2016-01-09,11.2,10.0,13.6,0.0,,221.0,13.4,,,
2016-01-10,11.7,10.6,15.0,1.0,,227.0,28.0,,,
2016-01-11,11.1,9.0,13.4,0.0,,255.0,30.1,,,
2016-01-12,8.2,6.0,12.0,0.0,,238.0,37.8,,,
2016-01-13,6.1,4.0,9.2,0.3,,240.0,24.7,,,
2016-01-14,5.7,3.0,9.0,0.0,,190.0,12.7,,,
2016-01-15,6.6,2.0,11.0,4.1,,266.0,13.8,,,
2016-01-16,0.4,,2.4,1.0,,,,,,
2016-01-17,-3.8,-4.2,-3.0,8.9,180.0,315.0,23.8,,,
2016-01-18,-3.8,-5.0,-3.0,17.0,310.0,301.0,18.2,,,
2016-01-19,-2.4,-5.0,0.2,0.0,290.0,,3.9,,,
2016-01-20,0.3,-2.8,3.2,0.0,269.0,,3.4,,,
2016-01-21,2.4,0.8,5.6,0.0,89.0,,5.0,,,
2016-01-22,1.6,0.6,3.4,0.0,61.0,,5.0,,,
2016-01-23,1.7,0.0,4.0,0.0,30.0,,4.0,,,
2016-01-24,3.8,0.0,8.0,0.3,10.0,293.0,9.2,,,
2016-01-25,6.9,4.0,11.2,0.0,10.0,,4.4,,,
2016-01-26,8.0,4.8,13.0,0.0,10.0,,4.9,,,
2016-01-27,6.4,3.0,11.2,0.0,10.0,,3.4,,,
2016-01-28,7.4,5.0,11.4,0.0,,,2.9,,,
2016-01-29,7.6,4.0,12.2,0.0,,,4.1,,,
2016-01-30,7.2,4.4,11.2,0.0,,,7.3,,,
2016-01-31,7.8,6.0,10.6,0.0,,229.0,32.1,,,
2016-02-01,10.4,7.0,17.0,0.0,,,11.5,,,
2016-02-02,10.6,8.0,16.0,0.0,,201.0,9.5,,,
2016-02-03,9.1,7.0,12.0,0.0,,231.0,13.0,,,
2016-02-04,2.1,0.0,8.0,4.6,,297.0,17.4,,,
2016-02-05,2.7,0.0,6.4,0.0,,313.0,12.0,,,
2016-02-06,5.8,1.0,11.2,0.0,,187.0,6.6,,,
2016-02-07,6.2,3.8,8.0,0.0,,207.0,7.6,,,
2016-02-08,8.3,6.0,11.0,0.0,,201.0,7.4,,,
2016-02-09,8.6,7.2,11.0,0.0,,226.0,24.3,,,
2016-02-10,7.3,4.0,11.0,0.5,,233.0,34.1,,,
2016-02-11,3.8,1.0,7.0,3.8,,251.0,6.4,,,
2016-02-12,6.2,3.0,9.2,0.0,,239.0,9.9,,,
2016-02-13,9.1,5.4,12.0,7.1,,237.0,26.3,,,
2016-02-14,10.4,8.0,13.0,1.0,,195.0,21.2,,,
2016-02-15,10.1,9.0,12.6,7.1,,,,,,
2016-02-16,9.8,7.6,13.4,0.0,,21.0,10.8,,,
2016-02-17,10.9,8.0,15.8,0.0,,,11.9,,,
2016-02-18,6.2,,,,,,,,,
2016-02-19,6.6,4.4,15.4,0.0,,241.0,17.1,,,
2016-02-20,5.3,3.6,9.2,0.0,,,15.8,,,
2016-02-21,8.6,3.6,14.6,0.0,,212.0,8.5,,,
2016-02-22,10.8,7.0,15.0,0.0,,207.0,6.5,,,
2016-02-23,12.5,9.0,18.4,0.0,,228.0,13.9,,,
2016-02-24,9.0,6.0,14.6,0.0,,,6.0,,,
2016-02-25,8.3,6.0,11.6,0.0,,217.0,10.1,,,
2016-02-26,5.9,2.8,9.2,7.1,,,7.9,,,
2016-02-27,6.7,4.8,10.0,1.0,,146.0,11.1,,,
2016-02-28,8.6,6.8,12.0,0.0,,97.0,17.9,,,
2016-02-29,6.0,3.6,10.0,7.1,,202.0,17.9,,,
2016-03-01,5.1,3.0,7.6,5.1,,,6.9,,,
2016-03-02,6.5,3.0,11.4,0.0,,286.0,8.4,,,
2016-03-03,4.7,2.6,7.2,1.0,,223.0,28.8,,,
2016-03-04,3.1,1.0,6.8,0.0,,282.0,8.9,,,
2016-03-05,6.5,3.2,9.2,0.0,,211.0,13.0,,,
2016-03-06,7.1,5.0,10.6,3.0,,214.0,13.9,,,
2016-03-07,4.6,3.0,8.2,0.5,,227.0,13.1,,,
2016-03-08,5.8,2.0,10.2,0.0,,,7.7,,,
2016-03-09,4.9,3.0,7.0,1.3,,,6.4,,,
2016-03-10,3.4,2.8,5.6,3.0,,273.0,6.4,,,
2016-03-11,4.3,2.8,6.8,0.8,,,6.5,,,
2016-03-12,4.7,4.0,5.4,7.9,,17.0,26.3,,,
2016-03-13,4.4,4.0,5.0,6.1,,354.0,21.2,,,
2016-03-14,4.7,3.0,7.0,2.0,,332.0,18.1,,,
2016-03-15,3.8,3.0,6.2,0.0,,355.0,4.7,,,
2016-03-16,4.8,2.0,8.6,5.1,,,5.7,,,
2016-03-17,5.0,4.0,6.4,19.1,,29.0,14.6,,,
2016-03-18,4.7,4.0,6.0,11.9,,337.0,11.6,,,
2016-03-19,8.8,4.6,13.6,0.0,,274.0,7.7,,,
2016-03-20,10.4,6.4,15.2,0.0,,225.0,9.1,,,
2016-03-21,13.5,8.4,18.4,0.0,,205.0,8.2,,,
2016-03-22,10.4,8.0,15.4,0.3,,,7.8,,,
2016-03-23,5.9,,8.4,7.1,,,,,,
2016-03-24,3.2,2.4,5.0,8.9,,336.0,17.0,,,
2016-03-25,5.3,2.0,10.4,0.5,,335.0,11.4,,,
2016-03-26,6.3,4.8,9.0,0.0,,318.0,9.0,,,
2016-03-27,9.0,4.4,14.6,0.0,,,7.9,,,
2016-03-28,10.4,7.0,15.2,0.0,,219.0,10.3,,,
2016-03-29,12.9,9.0,17.4,0.0,,229.0,10.0,,,
2016-03-30,13.9,9.0,19.2,0.0,,,10.2,,,
2016-03-31,17.2,12.0,23.2,0.0,,,7.7,,,
2016-04-01,18.6,16.4,22.6,0.0,,,10.1,,,
2016-04-02,12.8,10.0,16.0,0.0,,,6.8,,,
2016-04-03,13.9,8.2,18.4,0.0,,,5.0,,,
2016-04-04,18.2,13.6,24.2,0.0,,,6.0,,,
2016-04-05,18.9,15.8,24.2,0.0,,,6.0,,,
2016-04-06,17.5,14.8,21.8,0.0,,,6.4,,,
2016-04-07,15.9,14.0,21.4,0.0,,,6.0,,,
2016-04-08,13.6,12.0,17.0,0.3,,,9.2,,,
2016-04-09,11.4,7.2,15.0,0.0,,234.0,12.7,,,
2016-04-10,8.9,4.4,14.0,6.1,,277.0,9.4,,,
2016-04-11,13.2,7.8,19.4,0.0,,,6.8,,,
2016-04-12,16.6,11.0,22.4,0.0,,226.0,14.1,,,
2016-04-13,18.2,15.0,22.6,0.0,,215.0,16.5,,,
2016-04-14,15.4,12.0,20.0,0.0,,239.0,19.3,,,
2016-04-15,14.4,7.8,21.2,0.0,,207.0,7.2,,,
2016-04-16,17.1,11.6,23.6,0.0,,214.0,9.7,,,
2016-04-17,18.9,15.0,25.0,0.0,,216.0,15.4,,,
2016-04-18,19.9,17.6,23.0,0.0,,212.0,12.6,,,
2016-04-19,13.7,7.8,19.4,0.0,,,11.5,,,
2016-04-20,9.2,5.0,13.6,0.0,,333.0,18.5,,,
2016-04-21,11.3,6.0,16.8,0.0,,344.0,7.3,,,
2016-04-22,13.4,10.0,18.0,0.0,,228.0,9.7,,,
2016-04-23,10.8,9.0,14.6,3.0,,226.0,16.0,,,
2016-04-24,10.7,8.8,14.0,0.0,,222.0,17.8,,,
2016-04-25,3.4,0.0,9.0,21.1,,305.0,19.6,,,
2016-04-26,6.8,2.0,11.2,0.0,,238.0,15.7,,,
2016-04-27,9.9,7.0,13.4,0.0,,233.0,16.1,,,
2016-04-28,11.8,8.0,16.0,0.0,,,7.2,,,
2016-04-29,10.9,8.8,15.0,0.0,,,6.5,,,
2016-04-30,11.8,7.0,17.6,0.0,,,4.3,,,
2016-05-01,11.1,7.6,16.2,1.0,,172.0,9.7,,,
2016-05-02,7.2,4.6,11.4,6.1,,,8.2,,,
2016-05-03,9.2,7.0,12.4,23.1,,336.0,23.1,,,
2016-05-04,9.2,7.8,12.0,0.0,,312.0,19.6,,,
2016-05-05,8.8,6.4,12.6,0.3,,320.0,14.8,,,
2016-05-06,11.4,6.8,16.2,0.0,,336.0,7.3,,,
2016-05-07,13.5,9.6,17.6,0.0,,,7.1,,,
2016-05-08,13.7,10.0,18.2,0.0,,48.0,9.7,,,
2016-05-09,15.6,11.6,20.4,0.0,,,5.6,,,
2016-05-10,18.1,13.2,24.0,0.0,,,6.1,,,
2016-05-11,17.4,14.0,23.0,1.0,,,5.9,,,
2016-05-12,14.6,11.2,18.0,3.3,,222.0,20.2,,,
2016-05-13,12.8,10.4,16.8,,,232.0,23.6,,,
2016-05-14,11.6,8.0,15.2,11.9,,220.0,12.8,,,
2016-05-15,13.2,10.6,19.0,1.0,,,9.4,,,
2016-05-16,11.5,9.8,16.8,11.9,,,,,,
2016-05-17,9.8,8.8,12.2,15.2,,,1.7,,,
2016-05-18,12.5,7.6,18.0,0.0,,,3.9,,,
2016-05-19,12.9,11.0,16.6,0.0,,231.0,14.4,,,
2016-05-20,9.4,8.0,11.2,9.9,,338.0,13.8,,,
2016-05-21,13.7,9.0,17.2,1.0,,349.0,28.8,,,
2016-05-22,17.6,12.0,23.8,0.0,,,5.2,,,
2016-05-23,15.8,11.0,21.0,0.0,,222.0,16.9,,,
2016-05-24,13.1,9.0,18.2,0.0,,244.0,26.5,,,
2016-05-25,16.3,11.0,22.0,0.0,,,5.2,,,
2016-05-26,18.4,12.6,24.6,0.0,,,5.1,,,
2016-05-27,21.6,16.6,27.0,0.0,,,2.9,,,
2016-05-28,23.4,19.8,28.2,0.0,,,3.0,,,
2016-05-29,20.9,17.0,25.8,0.0,,224.0,8.4,,,
2016-05-30,17.3,15.0,20.6,0.0,,233.0,22.4,,,
2016-05-31,16.9,12.0,21.4,0.0,,245.0,18.2,,,
2016-06-01,14.1,12.0,16.4,3.0,,227.0,9.8,,,
2016-06-02,14.8,11.8,19.4,0.0,,233.0,14.0,,,
2016-06-03,15.4,12.0,21.0,2.0,,233.0,9.3,,,
2016-06-04,16.6,12.8,21.2,3.0,,,6.2,,,
2016-06-05,15.8,13.4,21.6,9.9,,,6.5,,,
2016-06-06,16.8,14.0,22.6,11.9,,,5.8,,,
2016-06-07,17.8,14.0,22.2,0.0,,308.0,7.2,,,
2016-06-08,19.7,15.6,25.8,0.0,,,5.8,,,
2016-06-09,17.2,15.0,21.4,2.0,,,7.8,,,
2016-06-10,17.2,13.8,20.6,3.0,,,3.7,,,
2016-06-11,18.9,14.6,23.2,0.8,,,9.2,,,
2016-06-12,17.5,14.6,21.2,13.0,,230.0,10.9,,,
2016-06-13,16.8,13.2,20.2,2.0,,,4.7,,,
2016-06-14,17.6,14.4,23.4,0.0,,219.0,7.4,,,
2016-06-15,19.1,14.0,24.0,0.0,,225.0,19.7,,,
2016-06-16,24.5,17.2,28.0,0.0,,168.0,19.4,,,
2016-06-17,21.8,18.0,26.0,0.0,,226.0,15.6,,,
2016-06-18,20.2,16.0,25.6,0.0,,,6.2,,,
2016-06-19,15.0,11.0,21.2,16.0,,254.0,9.0,,,
2016-06-20,16.3,11.0,22.0,3.0,,,4.6,,,
2016-06-21,19.0,13.4,25.2,0.0,,,4.1,,,
2016-06-22,20.6,16.0,27.0,0.0,,314.0,7.7,,,
2016-06-23,21.5,18.4,26.2,0.8,,310.0,12.9,,,
2016-06-24,24.0,19.8,28.2,0.0,,322.0,11.8,,,
2016-06-25,24.6,21.0,29.4,2.0,,,5.6,,,
2016-06-26,24.3,21.0,30.6,0.0,,,5.2,,,
2016-06-27,21.9,19.4,25.2,0.0,,242.0,20.2,,,
2016-06-28,19.6,17.4,22.8,0.0,,322.0,11.4,,,
2016-06-29,21.3,16.4,27.6,0.0,,330.0,7.7,,,
2016-06-30,22.1,18.0,28.4,7.1,,216.0,7.6,,,
2016-07-01,22.6,17.2,29.2,14.5,,249.0,6.6,,,
2016-07-02,24.7,20.8,30.0,0.0,,,3.8,,,
2016-07-03,25.5,21.8,30.8,0.0,,,7.0,,,
2016-07-04,22.4,20.0,27.4,0.0,,339.0,5.1,,,
2016-07-05,23.2,19.0,29.6,0.0,,,3.7,,,
2016-07-06,21.6,18.0,28.2,11.9,,,9.0,,,
2016-07-07,23.1,17.6,29.0,0.0,,,5.2,,,
2016-07-08,25.3,20.8,31.0,0.0,,,7.2,,,
2016-07-09,25.6,20.4,30.4,0.0,,,6.1,,,
2016-07-10,25.2,21.8,30.4,0.0,,,5.1,,,
2016-07-11,26.6,22.2,32.6,2.0,,,2.1,,,
2016-07-12,27.2,23.4,32.6,0.0,,,6.3,,,
2016-07-13,26.0,22.8,30.4,0.0,,239.0,13.4,,,
2016-07-14,21.1,18.6,25.4,0.0,,206.0,11.0,,,
2016-07-15,13.9,10.0,19.2,16.0,,,10.9,,,
2016-07-16,11.0,10.0,12.6,26.9,,310.0,20.7,,,
2016-07-17,15.0,10.0,19.8,0.0,,303.0,13.9,,,
2016-07-18,21.2,14.8,26.0,0.0,,321.0,11.6,,,
2016-07-19,22.4,19.8,25.6,0.0,,328.0,13.6,,,
2016-07-20,22.9,18.0,27.4,0.0,,341.0,11.7,,,
2016-07-21,26.1,21.4,31.4,0.0,,,5.0,,,
2016-07-22,25.8,21.6,31.2,0.0,,,7.5,,,
2016-07-23,24.7,20.0,32.6,0.3,,,5.7,,,
2016-07-24,22.6,19.8,27.6,3.0,,,6.5,,,
2016-07-25,20.1,17.0,25.2,29.0,,,6.3,,,
2016-07-26,21.4,16.6,26.4,0.5,,283.0,9.5,,,
2016-07-27,23.4,19.8,29.4,0.0,,,4.1,,,
2016-07-28,20.4,17.0,26.6,31.0,,,4.3,,,
2016-07-29,21.9,17.0,27.4,0.0,,,2.8,,,
2016-07-30,24.3,19.0,30.4,0.0,,,5.1,,,
2016-07-31,25.5,21.0,30.4,0.0,,,6.3,,,
2016-08-01,22.2,16.0,28.4,4.1,,246.0,11.7,,,
2016-08-02,20.2,16.4,24.4,0.0,,324.0,7.9,,,
2016-08-03,21.5,17.6,26.0,0.0,,323.0,8.1,,,
2016-08-04,24.1,19.0,30.4,0.0,,,3.6,,,
2016-08-05,24.0,20.0,28.8,0.0,,225.0,8.4,,,
2016-08-06,18.6,15.0,23.2,15.0,,342.0,10.3,,,
2016-08-07,16.6,14.6,18.6,0.3,,332.0,23.0,,,
2016-08-08,19.1,15.0,23.0,0.0,,333.0,8.8,,,
2016-08-09,22.1,17.0,28.4,0.0,,,3.2,,,
2016-08-10,22.0,20.0,26.0,0.0,,233.0,15.9,,,
2016-08-11,16.9,13.4,23.6,16.0,,,9.1,,,
2016-08-12,14.6,11.4,18.0,0.5,,330.0,15.6,,,
2016-08-13,16.3,12.0,21.0,0.0,,324.0,10.4,,,
2016-08-14,19.3,14.6,26.0,0.0,,,5.0,,,
2016-08-15,22.4,17.0,28.8,0.0,,,4.4,,,
2016-08-16,23.8,19.0,29.6,0.0,,,5.3,,,
2016-08-17,21.3,18.6,26.2,0.0,,219.0,11.4,,,
2016-08-18,20.5,17.4,27.0,0.0,,,5.7,,,
2016-08-19,22.0,17.0,27.2,0.5,,,5.8,,,
2016-08-20,23.2,19.0,28.4,,,,5.3,,,
2016-08-21,24.9,20.4,30.8,0.0,,,7.3,,,
2016-08-22,18.3,14.8,22.0,0.0,,325.0,16.7,,,
2016-08-23,15.9,13.4,18.8,1.0,,345.0,25.8,,,
2016-08-24,18.1,15.0,22.0,0.0,,346.0,22.6,,,
2016-08-25,19.3,15.0,24.2,0.0,,326.0,13.6,,,
2016-08-26,21.4,16.6,27.6,0.0,,,6.3,,,
2016-08-27,23.1,18.8,28.4,0.0,,,3.7,,,
2016-08-28,23.9,20.0,30.0,0.0,,,4.7,,,
2016-08-29,23.8,20.0,28.4,0.0,,,4.4,,,
2016-08-30,22.9,19.0,29.0,0.0,,,3.6,,,
2016-08-31,19.7,15.0,26.0,14.0,,,5.0,,,
2016-09-01,20.3,15.6,25.2,0.0,,,5.6,,,
2016-09-02,20.9,17.6,25.6,0.0,,309.0,8.5,,,
2016-09-03,21.2,17.0,26.2,0.0,,305.0,9.9,,,
2016-09-04,22.9,19.8,28.4,0.0,,,4.0,,,
2016-09-05,19.8,15.4,24.4,0.0,,240.0,13.5,,,
2016-09-06,14.1,12.6,16.6,8.9,,349.0,24.5,,,
2016-09-07,12.9,11.8,14.0,78.0,,286.0,10.1,,,
2016-09-08,14.8,11.8,17.4,0.3,,321.0,16.5,,,
2016-09-09,15.4,14.0,16.6,14.0,,295.0,7.9,,,
2016-09-10,15.8,14.8,17.4,36.1,,,2.8,,,
2016-09-11,16.2,14.8,18.6,7.1,,321.0,8.6,,,
2016-09-12,16.8,14.8,19.8,3.0,,340.0,5.9,,,
2016-09-13,18.5,16.0,23.4,0.3,,,3.3,,,
2016-09-14,19.8,16.6,24.2,0.0,,,1.0,,,
2016-09-15,19.9,17.0,24.6,0.0,,,4.4,,,
2016-09-16,19.2,17.0,24.0,1.0,,,7.6,,,
2016-09-17,18.1,15.8,21.0,7.1,,226.0,11.6,,,
2016-09-18,14.7,12.8,16.6,6.1,,,9.6,,,
2016-09-19,14.1,11.8,18.0,2.3,,,3.2,,,
2016-09-20,16.2,12.8,21.2,0.3,,,7.7,,,
2016-09-21,15.2,12.8,20.0,13.0,,,1.4,,,
2016-09-22,13.4,12.0,16.4,0.0,,325.0,5.1,,,
2016-09-23,14.6,11.0,20.0,0.0,,,2.8,,,
2016-09-24,14.7,12.4,19.0,0.0,,,1.4,,,
2016-09-25,15.1,11.0,20.2,0.0,,,3.2,,,
2016-09-26,14.7,12.0,19.4,0.0,,,5.3,,,
2016-09-27,14.7,11.6,19.4,0.0,,,5.0,,,
2016-09-28,14.8,11.4,19.2,0.0,,,3.7,,,
2016-09-29,16.8,12.4,22.2,0.0,,,1.7,,,
2016-09-30,16.7,13.0,22.8,0.0,,,4.8,,,
2016-10-01,17.2,12.8,22.6,0.0,,,2.5,,,
2016-10-02,16.5,14.2,19.2,14.0,,206.0,10.5,,,
2016-10-03,17.3,14.2,21.6,0.0,,,10.3,,,
2016-10-04,13.9,12.0,17.2,0.0,,,3.1,,,
2016-10-05,11.2,9.0,15.2,2.0,,,6.4,,,
2016-10-06,10.4,7.8,14.4,2.3,,,0.4,,,
2016-10-07,10.5,8.0,15.6,24.9,,,10.4,,,
2016-10-08,12.1,7.6,17.0,0.0,,,5.7,,,
2016-10-09,13.8,11.0,19.0,0.3,,,4.1,,,
2016-10-10,12.6,10.0,18.4,2.0,,,3.6,,,
2016-10-11,9.1,8.0,11.0,2.3,,,3.7,,,
2016-10-12,7.6,4.6,11.6,3.0,,,6.4,,,
2016-10-13,9.6,6.4,15.0,0.0,,,2.7,,,
2016-10-14,17.1,10.8,21.4,0.3,,111.0,12.8,,,
2016-10-15,18.6,16.0,21.6,6.1,,197.0,14.3,,,
2016-10-16,14.7,12.8,18.6,0.0,,,2.7,,,
2016-10-17,15.0,12.0,19.0,0.0,,,2.7,,,
2016-10-18,13.3,12.0,14.6,4.1,,,5.0,,,
2016-10-19,13.3,8.8,18.2,0.0,,,2.3,,,
2016-10-20,13.4,12.0,17.0,0.0,,213.0,8.2,,,
2016-10-21,12.8,11.8,15.0,0.5,,,9.0,,,
2016-10-22,11.9,9.6,15.4,0.3,,,3.4,,,
2016-10-23,13.3,10.0,18.0,0.3,,,2.7,,,
2016-10-24,18.1,14.0,22.4,0.0,,154.0,6.1,,,
2016-10-25,20.8,18.0,26.4,0.0,,216.0,7.1,,,
2016-10-26,17.8,15.0,20.2,1.0,,,5.5,,,
2016-10-27,10.6,8.8,15.0,20.1,,342.0,14.6,,,
2016-10-28,8.2,7.0,10.4,0.0,,349.0,23.0,,,
2016-10-29,9.9,6.4,14.2,0.0,,,8.9,,,
2016-10-30,11.2,9.0,14.6,0.0,,328.0,10.7,,,
2016-10-31,9.2,7.0,11.4,0.0,,335.0,13.7,,,
2016-11-01,10.5,6.0,17.0,0.0,,,4.8,,,
2016-11-02,12.4,9.6,15.6,0.0,,234.0,19.6,,,
2016-11-03,11.9,9.0,15.6,0.0,,,8.8,,,
2016-11-04,11.1,8.0,16.0,0.8,,,4.3,,,
2016-11-05,13.2,10.0,15.4,0.0,,,13.4,,,
2016-11-06,14.9,13.0,17.8,3.0,,214.0,30.1,,,
2016-11-07,11.1,8.0,13.0,9.9,,222.0,15.3,,,
2016-11-08,8.2,7.0,11.2,8.9,,,5.7,,,
2016-11-09,6.1,3.6,10.0,18.0,,,6.3,,,
2016-11-10,7.5,4.4,11.0,0.5,,238.0,13.5,,,
2016-11-11,8.6,6.0,12.0,1.0,,224.0,18.6,,,
2016-11-12,5.7,4.0,8.6,7.1,,258.0,19.9,,,
2016-11-13,6.2,3.8,10.2,0.0,,,4.7,,,
2016-11-14,5.6,5.0,7.2,0.5,,60.0,7.8,,,
2016-11-15,4.4,3.0,5.2,0.8,,5.0,9.6,,,
2016-11-16,6.4,3.4,11.0,0.0,,,4.4,,,
2016-11-17,9.2,5.8,14.6,0.0,,,6.5,,,
2016-11-18,12.7,9.0,16.4,0.0,,,4.8,,,
2016-11-19,12.4,11.6,14.2,1.0,,184.0,9.7,,,
2016-11-20,12.9,10.4,16.8,0.0,,,5.6,,,
2016-11-21,13.1,10.4,16.2,0.0,,172.0,6.9,,,
2016-11-22,13.3,11.0,16.4,0.0,,,6.8,,,
2016-11-23,13.3,,16.2,0.0,,,,,,
2016-11-24,12.6,11.0,15.2,0.0,,,6.4,,,
2016-11-25,10.9,8.0,13.4,17.0,,,12.7,,,
2016-11-26,9.9,8.0,14.2,4.1,,149.0,5.5,,,
2016-11-27,9.4,7.0,13.6,0.0,,,1.1,,,
2016-11-28,6.7,2.0,10.4,0.5,,,8.6,,,
2016-11-29,0.1,-1.0,1.2,2.0,,3.0,27.0,,,
2016-11-30,1.9,-0.6,4.2,0.0,,325.0,18.1,,,
2016-12-01,5.3,1.4,10.0,0.0,,,3.0,,,
2016-12-02,6.7,4.0,11.6,0.0,,230.0,9.9,,,
2016-12-03,7.0,5.0,9.0,0.0,,,2.4,,,
2016-12-04,7.2,6.0,10.0,0.0,,,4.2,,,
2016-12-05,8.0,5.0,12.2,0.0,,,5.1,,,
2016-12-06,7.3,5.8,10.0,0.0,,,1.7,,,
2016-12-07,6.3,5.0,9.0,0.5,,338.0,11.5,,,
2016-12-08,5.8,3.2,10.0,0.0,,,4.5,,,
2016-12-09,9.4,4.8,15.2,0.0,,,0.8,,,
2016-12-10,8.5,4.8,13.4,0.0,,,1.4,,,
2016-12-11,6.9,4.0,11.2,0.0,,,3.9,,,
2016-12-12,6.5,3.8,8.8,1.0,,315.0,17.8,,,
2016-12-13,4.9,3.8,6.6,1.0,,333.0,7.0,,,
2016-12-14,6.3,3.8,10.4,0.0,,,1.0,,,
2016-12-15,5.3,5.0,12.0,2.0,,,5.6,,,
2016-12-16,3.4,2.0,5.0,6.1,,13.0,13.4,,,
2016-12-17,2.7,1.8,5.0,0.8,,6.0,12.0,,,
2016-12-18,3.7,1.8,8.0,0.0,,,1.8,,,
2016-12-19,3.1,0.6,6.2,0.3,,,1.7,,,
2016-12-20,6.1,3.2,8.0,4.3,,,2.6,,,
2016-12-21,7.2,6.0,10.0,1.0,,,7.7,,,
2016-12-22,6.4,5.8,9.0,0.0,,,2.7,,,
2016-12-23,7.1,5.0,11.0,0.0,,306.0,9.6,,,
2016-12-24,11.1,6.0,16.0,0.0,,,4.1,,,
2016-12-25,8.1,5.4,12.0,0.0,,,3.7,,,
2016-12-26,12.7,6.8,18.8,0.0,,,5.4,,,
2016-12-27,9.9,5.0,12.2,0.0,,,7.9,,,
2016-12-28,5.1,1.0,9.6,0.0,,351.0,18.6,,,
2016-12-29,-0.2,-2.0,1.0,1.0,10.0,14.0,29.6,,,
2016-12-30,0.2,-1.6,1.6,0.0,10.0,344.0,20.7,,,
2016-12-31,2.4,0.0,6.0,0.0,,322.0,9.5,,,
2017-01-01,4.8,2.4,9.2,0.0,,,2.3,,,
2017-01-02,5.2,2.0,9.4,0.0,,,7.4,,,
2017-01-03,4.4,1.8,6.4,4.1,,,9.4,,,
2017-01-04,3.1,-0.4,7.4,0.3,,,7.4,,,
2017-01-05,-0.4,-4.0,5.0,11.9,109.0,308.0,20.8,,,
2017-01-06,-7.0,-8.0,-4.0,9.9,300.0,3.0,35.6,,,
2017-01-07,-8.2,-9.0,-8.0,8.9,681.0,344.0,30.3,,,
2017-01-08,-4.4,-8.2,-1.6,1.5,681.0,309.0,11.7,,,
2017-01-09,-3.1,-4.4,-2.0,7.1,960.0,334.0,19.5,,,
2017-01-10,-3.6,-5.0,-2.4,1.3,950.0,,7.5,,,
2017-01-11,-3.9,-5.4,-2.6,0.0,851.0,,4.5,,,
2017-01-12,2.5,-4.6,6.4,0.0,521.0,231.0,14.7,,,
2017-01-13,5.8,1.6,8.6,3.3,300.0,215.0,23.8,,,
2017-01-14,1.3,-1.0,5.0,0.3,150.0,,9.3,,,
2017-01-15,-0.5,-1.2,1.0,5.1,180.0,,4.3,,,
2017-01-16,-1.1,-1.8,-0.4,16.0,300.0,303.0,7.8,,,
2017-01-17,-0.3,-1.4,1.0,7.1,371.0,,9.4,,,
2017-01-18,0.4,,2.2,23.9,351.0,,,,,
2017-01-19,-0.9,-1.6,0.0,15.0,599.0,326.0,23.1,,,
2017-01-20,-0.2,-1.0,0.4,1.5,500.0,,8.2,,,
2017-01-21,1.3,-1.0,2.2,2.5,351.0,,2.9,,,
2017-01-22,2.9,1.8,4.0,2.3,221.0,41.0,5.8,,,
2017-01-23,3.8,2.8,4.4,12.2,99.0,48.0,9.9,,,
2017-01-24,3.6,2.0,4.4,11.7,79.0,15.0,9.5,,,
2017-01-25,1.8,0.0,4.2,0.0,71.0,310.0,4.2,,,
2017-01-26,0.8,-1.4,5.6,0.0,51.0,,1.8,,,
2017-01-27,2.1,-0.6,7.2,0.0,41.0,,3.0,,,
2017-01-28,2.4,1.0,6.2,0.0,41.0,,0.5,,,
2017-01-29,2.3,0.4,5.6,0.0,41.0,,1.4,,,
2017-01-30,5.0,1.6,10.6,0.0,51.0,,0.8,,,
2017-01-31,5.8,3.0,9.2,0.0,41.0,225.0,9.2,,,
2017-02-01,7.4,5.4,10.2,0.3,41.0,219.0,8.6,,,
2017-02-02,8.3,6.8,10.6,0.0,20.0,229.0,9.9,,,
2017-02-03,9.1,7.8,10.6,0.0,20.0,,10.7,,,
2017-02-04,9.9,8.8,11.4,0.0,,232.0,18.2,,,
2017-02-05,9.7,8.8,11.4,1.0,,220.0,12.4,,,
2017-02-06,6.2,4.0,10.0,2.0,,,7.4,,,
2017-02-07,4.0,2.8,7.4,1.0,,,5.6,,,
2017-02-08,3.4,2.6,5.2,0.0,,,1.0,,,
2017-02-09,2.6,1.0,4.0,3.6,,,2.6,,,
2017-02-10,5.8,3.4,8.2,11.9,,,5.9,,,
2017-02-11,6.7,5.0,10.6,0.0,,,2.2,,,
2017-02-12,6.2,5.0,8.4,0.0,,,0.5,,,
2017-02-13,6.7,5.0,10.0,0.0,,,1.4,,,
2017-02-14,4.8,3.0,8.2,0.0,,,3.3,,,
2017-02-15,5.3,0.0,12.4,0.0,,,1.6,,,
2017-02-16,9.7,6.0,15.2,0.0,,,1.1,,,
2017-02-17,7.8,3.6,13.4,0.0,,,5.9,,,
2017-02-18,4.2,1.6,6.6,7.9,,,8.1,,,
2017-02-19,3.5,1.0,7.4,0.0,,,3.9,,,
2017-02-20,4.3,2.0,10.0,0.0,,,2.1,,,
2017-02-21,7.3,2.4,13.4,0.0,,,3.4,,,
2017-02-22,8.2,4.0,14.0,0.0,,,8.8,,,
2017-02-23,9.0,5.0,14.6,0.0,,,6.7,,,
2017-02-24,10.9,7.0,14.4,0.0,,219.0,16.3,,,
2017-02-25,5.9,2.6,11.0,9.9,,303.0,11.1,,,
2017-02-26,5.6,2.6,10.0,2.0,,,2.3,,,
2017-02-27,9.4,4.0,15.4,0.0,,,3.7,,,
2017-02-28,10.1,8.4,12.4,0.0,,230.0,17.5,,,
2017-03-01,9.4,6.0,13.6,0.5,,214.0,20.1,,,
2017-03-02,9.7,5.8,16.0,0.0,,231.0,14.7,,,
2017-03-03,10.4,5.8,15.2,0.0,,,8.9,,,
2017-03-04,10.8,8.6,14.0,0.0,,,17.2,,,
2017-03-05,8.2,6.0,11.0,3.0,,228.0,17.4,,,
2017-03-06,8.2,5.8,12.4,0.0,,228.0,24.0,,,
2017-03-07,3.5,1.4,7.2,16.0,,286.0,28.7,,,
2017-03-08,4.3,1.2,7.4,8.9,,338.0,37.7,,,
2017-03-09,8.1,3.4,13.0,0.0,,313.0,13.5,,,
2017-03-10,8.2,5.0,13.2,0.0,,328.0,18.7,,,
2017-03-11,3.6,2.0,5.4,0.8,,351.0,28.7,,,
2017-03-12,5.7,1.6,12.2,0.0,,,7.6,,,
2017-03-13,5.0,3.0,9.4,0.0,,,9.1,,,
2017-03-14,6.4,1.8,12.0,0.0,,321.0,13.4,,,
2017-03-15,6.2,4.0,9.2,0.0,,338.0,17.1,,,
2017-03-16,8.3,4.4,12.2,0.0,,329.0,12.3,,,
2017-03-17,12.6,7.6,19.0,0.0,,,9.9,,,
2017-03-18,11.9,8.6,16.4,0.0,,235.0,32.5,,,
2017-03-19,11.9,8.0,19.2,0.0,,,9.9,,,
2017-03-20,12.1,8.0,17.4,0.0,,,6.4,,,
2017-03-21,13.0,9.4,18.2,0.0,,,5.8,,,
2017-03-22,13.8,11.0,19.0,0.0,,,7.7,,,
2017-03-23,13.6,8.4,20.0,0.0,,,6.9,,,
2017-03-24,14.1,11.0,19.4,0.0,,,5.4,,,
2017-03-25,14.7,11.0,20.6,0.0,,,5.1,,,
2017-03-26,11.1,8.0,15.4,0.0,,338.0,14.4,,,
2017-03-27,5.1,3.0,8.4,2.0,,338.0,14.0,,,
2017-03-28,7.4,2.8,13.4,0.0,,,8.9,,,
2017-03-29,10.8,6.0,16.2,0.0,,316.0,11.5,,,
2017-03-30,13.8,9.8,18.4,0.0,,332.0,17.2,,,
2017-03-31,15.1,11.8,21.4,0.0,,313.0,9.0,,,
2017-04-01,15.3,12.6,19.6,0.0,,,8.4,,,
2017-04-02,11.2,8.2,14.4,3.0,,129.0,11.4,,,
2017-04-03,7.7,6.8,10.0,10.9,,31.0,18.2,,,
2017-04-04,10.7,6.6,15.4,0.0,,,6.7,,,
2017-04-05,10.8,8.0,15.4,0.0,,,3.7,,,
2017-04-06,9.7,7.4,16.6,8.9,,,3.7,,,
2017-04-07,8.9,5.8,13.0,3.0,,335.0,8.1,,,
2017-04-08,11.8,7.8,16.4,0.0,,342.0,7.7,,,
2017-04-09,13.5,10.0,18.0,0.0,,,5.9,,,
2017-04-10,15.2,10.8,21.2,0.0,,,4.5,,,
2017-04-11,13.8,11.0,20.0,3.0,,,8.2,,,
2017-04-12,13.6,8.8,18.0,0.0,,294.0,6.3,,,
2017-04-13,15.0,12.0,20.4,0.0,,,,,,
2017-04-14,14.4,10.0,20.2,0.0,,228.0,10.9,,,
2017-04-15,14.4,10.0,20.2,0.0,,229.0,9.1,,,
2017-04-16,11.8,10.0,15.2,4.1,,,10.8,,,
2017-04-17,9.4,6.6,13.2,2.0,,352.0,10.9,,,
2017-04-18,10.2,4.4,15.0,0.0,,226.0,11.9,,,
2017-04-19,2.2,1.2,3.0,7.1,,324.0,13.4,,,
2017-04-20,1.8,-0.4,6.0,0.0,,304.0,18.8,,,
2017-04-21,1.7,-0.4,5.2,0.5,,334.0,12.4,,,
2017-04-22,7.3,0.0,15.0,0.0,,280.0,9.4,,,
2017-04-23,11.5,7.0,17.4,0.0,,238.0,9.0,,,
2017-04-24,11.9,,,0.0,,,,,,
2017-04-25,13.5,9.2,20.0,0.0,,,5.3,,,
2017-04-26,14.5,10.0,19.4,0.0,,189.0,8.7,,,
2017-04-27,15.9,14.8,19.0,0.0,,231.0,19.5,,,
2017-04-28,13.6,,16.0,0.5,,,,,,
2017-04-29,9.1,6.6,13.2,0.3,,,9.3,,,
2017-04-30,9.9,5.0,16.0,0.0,,,6.9,,,
2017-05-01,13.4,0.0,20.0,,,,,,,
2017-05-02,12.2,10.0,15.0,,,,4.6,,,
2017-05-03,12.3,10.0,16.0,,,,2.9,,,
2017-05-04,14.5,10.8,20.0,,,221.0,6.1,,,
2017-05-05,14.3,10.0,19.0,,,,7.8,,,
2017-05-06,14.4,10.0,18.0,,,,6.8,,,
2017-05-07,13.8,9.4,19.4,,,221.0,19.2,,,
2017-05-08,11.0,8.0,16.0,,,288.0,6.8,,,
2017-05-09,10.4,8.0,14.8,,,,5.4,,,
2017-05-10,13.4,8.0,20.0,,,,5.5,,,
2017-05-11,18.1,12.6,23.8,,,,8.4,,,
2017-05-12,20.6,18.0,24.4,,,233.0,11.9,,,
2017-05-13,19.2,16.0,25.0,,,,13.2,,,
2017-05-14,18.7,13.0,25.0,,,,4.5,,,
2017-05-15,16.4,14.0,23.0,,,,6.5,,,
2017-05-16,15.2,,19.2,,,,,,,
2017-05-17,16.2,,,,,,,,,
2017-05-18,17.4,12.8,23.0,,,349.0,10.1,,,
2017-05-19,18.2,15.0,22.4,,,221.0,7.8,,,
2017-05-20,14.1,9.0,19.8,,,,10.3,,,
2017-05-21,11.1,8.8,13.6,,,313.0,20.8,,,
2017-05-22,16.4,11.0,22.4,,,331.0,8.7,,,
2017-05-23,16.7,14.6,23.4,,,,5.0,,,
2017-05-24,18.1,14.0,24.0,,,,4.1,,,
2017-05-25,13.1,,,,,,,,,
2017-05-26,12.9,9.8,16.2,,,342.0,19.5,,,
2017-05-27,14.6,10.8,18.2,,,335.0,18.0,,,
2017-05-28,16.1,12.0,20.0,,,339.0,16.4,,,
2017-05-29,18.7,13.8,24.8,,,,3.5,,,
2017-05-30,19.7,15.6,26.4,,,,5.6,,,
2017-05-31,19.4,15.4,25.0,,,,4.4,,,
2017-06-01,20.3,16.0,25.2,,,,3.9,,,
2017-06-02,19.9,16.0,24.6,,,,5.9,,,
2017-06-03,20.2,15.0,26.2,,,,4.5,,,
2017-06-04,21.5,17.0,27.8,,,,7.1,,,
2017-06-05,21.5,16.8,26.6,,,,4.7,,,
2017-06-06,19.7,17.0,23.6,,,221.0,9.5,,,
2017-06-07,19.4,15.0,25.0,,,,6.3,,,
2017-06-08,16.7,14.0,21.2,,,332.0,8.8,,,
2017-06-09,18.8,12.8,26.8,,,,3.7,,,
2017-06-10,21.0,16.6,27.0,,,,3.5,,,
2017-06-11,19.0,16.4,22.2,,,336.0,15.4,,,
2017-06-12,21.5,15.0,28.2,,,,4.5,,,
2017-06-13,24.1,19.0,31.0,,,,4.5,,,
2017-06-14,24.6,19.0,30.6,,,,5.7,,,
2017-06-15,22.0,19.0,27.8,,,,4.5,,,
2017-06-16,22.2,16.0,28.0,,,,2.7,,,
2017-06-17,20.0,15.6,24.2,,,319.0,10.3,,,
2017-06-18,16.3,14.2,19.0,,,11.0,19.1,,,
2017-06-19,18.2,13.6,22.4,,,318.0,11.1,,,
2017-06-20,21.8,17.0,28.0,,,,5.4,,,
2017-06-21,23.4,18.0,28.6,,,,7.3,,,
2017-06-22,23.4,19.4,30.0,,,,6.8,,,
2017-06-23,24.7,20.4,30.4,,,,9.1,,,
2017-06-24,25.1,18.4,31.0,,,,4.7,,,
2017-06-25,24.7,20.0,30.6,,,,10.2,,,
2017-06-26,23.8,19.4,29.4,,,,4.9,,,
2017-06-27,24.3,20.4,29.4,,,,5.7,,,
2017-06-28,22.8,21.0,28.2,,,191.0,22.9,,,
2017-06-29,22.4,19.4,26.8,,,227.0,19.1,,,
2017-06-30,23.0,17.6,31.2,,,,,,,
2017-07-01,20.6,16.4,25.0,0.0,,,6.3,,,
2017-07-02,18.3,15.8,22.2,0.0,,,3.1,,,
2017-07-03,18.7,14.8,24.0,0.0,,319.0,17.8,,,
2017-07-04,20.4,15.0,25.0,0.0,,,8.2,,,
2017-07-05,23.8,18.6,29.0,0.0,,,5.0,,,
2017-07-06,25.5,21.0,31.2,0.0,,,3.9,,,
2017-07-07,26.9,22.0,32.8,0.0,,,5.2,,,
2017-07-08,27.4,22.6,33.4,0.0,,,4.5,,,
2017-07-09,27.7,22.2,33.2,0.0,,,5.0,,,
2017-07-10,26.7,23.0,32.2,0.0,,218.0,11.3,,,
2017-07-11,26.3,21.0,32.0,0.0,,227.0,9.9,,,
2017-07-12,27.4,21.8,33.8,0.0,,,9.6,,,
2017-07-13,26.0,23.0,32.0,0.0,,335.0,7.0,,,
2017-07-14,22.0,17.0,30.2,7.1,,,4.4,,,
2017-07-15,18.7,16.0,23.2,5.1,,308.0,7.4,,,
2017-07-16,16.8,14.8,19.4,0.5,,338.0,23.2,,,
2017-07-17,16.2,13.6,21.6,0.0,,,,,,
2017-07-18,21.1,15.0,27.6,0.0,,,,,,
2017-07-19,23.9,19.0,31.2,0.0,,,,,,
2017-07-20,25.7,19.8,32.0,0.0,,,,,,
2017-07-21,26.7,22.0,32.4,0.0,,,6.3,,,
2017-07-22,26.7,22.8,33.2,0.0,,,6.2,,,
2017-07-23,26.3,20.0,33.0,0.0,,,7.3,,,
2017-07-24,24.0,20.0,29.0,0.0,,206.0,11.1,,,
2017-07-25,19.3,16.0,24.8,0.3,,,10.8,,,
2017-07-26,18.9,15.0,26.6,0.5,,,3.2,,,
2017-07-27,20.7,16.0,26.4,0.0,,,4.4,,,
2017-07-28,22.6,17.4,29.0,0.0,,224.0,9.7,,,
2017-07-29,24.1,18.0,30.0,0.0,,,3.3,,,
2017-07-30,26.1,20.4,32.0,0.0,,,2.5,,,
2017-07-31,27.4,23.0,33.2,0.0,,,3.4,,,
2017-08-01,28.4,23.8,33.2,0.0,,,5.6,,,
2017-08-02,31.6,26.4,37.2,0.0,,,4.9,,,
2017-08-03,32.2,27.8,37.4,0.0,,,4.8,,,
2017-08-04,32.3,28.0,38.2,0.0,,260.0,6.6,,,
2017-08-05,32.2,27.4,38.4,0.0,,,6.0,,,
2017-08-06,30.3,25.0,36.8,0.0,,,11.1,,,
2017-08-07,26.2,22.0,31.0,0.0,,,6.3,,,
2017-08-08,28.5,21.4,36.0,0.0,,,3.8,,,
2017-08-09,30.2,25.0,37.0,0.0,,,6.3,,,
2017-08-10,30.5,25.6,38.2,0.0,,,6.2,,,
2017-08-11,23.7,19.0,28.0,0.0,,230.0,12.9,,,
2017-08-12,16.9,13.0,23.0,7.9,,245.0,22.7,,,
2017-08-13,17.6,13.4,22.0,0.0,,315.0,14.1,,,
2017-08-14,19.9,15.4,25.2,0.0,,311.0,8.0,,,
2017-08-15,22.7,19.0,,,,,,,,
2017-08-16,24.1,19.6,30.2,0.0,,317.0,6.7,,,
2017-08-17,24.6,20.6,29.4,0.0,,,8.6,,,
2017-08-18,26.1,22.0,31.2,0.0,,,3.5,,,
2017-08-19,26.9,22.8,32.8,0.0,,,8.3,,,
2017-08-20,22.6,18.0,31.0,0.0,,,10.6,,,
2017-08-21,17.8,15.0,22.0,0.0,,336.0,16.3,,,
2017-08-22,17.2,13.8,21.4,0.0,,336.0,7.5,,,
2017-08-23,20.3,14.8,26.6,0.0,,,3.9,,,
2017-08-24,24.7,19.0,31.2,0.0,,,3.3,,,
2017-08-25,24.7,19.8,31.8,7.1,,,3.1,,,
2017-08-26,26.2,22.0,32.0,0.0,,,2.2,,,
2017-08-27,27.3,23.4,32.6,0.0,,,2.7,,,
2017-08-28,26.4,22.0,33.0,0.0,,,3.9,,,
2017-08-29,21.4,19.0,26.0,0.0,,,6.6,,,
2017-08-30,22.5,17.0,29.4,0.0,,,2.7,,,
2017-08-31,25.4,21.4,32.8,0.0,,,5.1,,,
2017-09-01,22.8,19.0,28.2,0.0,,,6.5,,,
2017-09-02,17.9,15.0,21.0,20.1,,,9.6,,,
2017-09-03,14.4,10.0,19.8,0.0,,263.0,17.9,,,
2017-09-04,16.0,10.4,22.0,0.0,,,2.8,,,
2017-09-05,18.6,13.8,24.0,0.0,,,2.0,,,
2017-09-06,20.1,15.8,26.0,0.0,,,6.8,,,
2017-09-07,18.2,15.8,22.0,0.0,,,7.1,,,
2017-09-08,18.0,15.4,22.8,0.0,,,6.3,,,
2017-09-09,17.8,13.8,23.0,0.0,,,5.9,,,
2017-09-10,17.9,15.6,23.8,33.0,,,,,,
2017-09-11,15.2,13.8,17.4,39.1,,,15.5,,,
2017-09-12,17.5,14.0,21.6,0.3,,241.0,22.3,,,
2017-09-13,17.7,,24.0,0.0,,,,,,
2017-09-14,17.7,12.4,22.4,0.0,,220.0,8.1,,,
2017-09-15,19.4,14.0,25.0,0.0,,,7.5,,,
2017-09-16,21.0,17.2,24.8,0.0,,203.0,10.4,,,
2017-09-17,18.2,14.4,22.0,2.0,,229.0,12.3,,,
2017-09-18,15.2,11.4,22.0,0.0,,,,,,
2017-09-19,14.1,12.0,17.8,0.8,,,10.0,,,
2017-09-20,10.6,8.4,14.0,0.0,,,9.2,,,
2017-09-21,12.5,8.4,18.2,0.0,,270.0,8.7,,,
2017-09-22,15.2,10.8,21.0,0.0,,,4.3,,,
2017-09-23,15.6,12.4,20.0,0.0,,,4.1,,,
2017-09-24,15.8,11.4,21.4,0.0,,,2.3,,,
2017-09-25,13.1,11.0,18.4,15.0,,,2.7,,,
2017-09-26,13.1,10.0,19.4,0.5,,,4.0,,,
2017-09-27,13.1,10.4,17.8,0.0,,,6.6,,,
2017-09-28,13.4,10.2,18.2,0.0,,309.0,10.6,,,
2017-09-29,12.3,10.0,15.8,0.0,,,7.0,,,
2017-09-30,12.5,9.0,17.4,0.0,,335.0,5.7,,,
2017-10-01,13.8,10.6,20.0,0.5,,,1.8,,,
2017-10-02,13.7,11.4,18.8,0.0,,,2.2,,,
2017-10-03,15.6,11.8,,0.0,,,,,,
2017-10-04,16.9,14.0,22.4,0.0,,,3.7,,,
2017-10-05,17.8,14.0,22.4,0.0,,,10.5,,,
2017-10-06,15.1,7.0,20.2,0.0,,,23.8,,,
2017-10-07,8.2,5.4,11.8,7.1,,322.0,22.8,,,
2017-10-08,11.9,7.2,17.2,0.0,,233.0,9.6,,,
2017-10-09,13.1,10.0,17.4,0.0,,,2.6,,,
2017-10-10,13.8,11.8,18.0,0.8,,,1.8,,,
2017-10-11,13.9,10.8,19.6,0.0,,,2.8,,,
2017-10-12,16.2,12.6,22.0,0.0,,,1.2,,,
2017-10-13,15.2,12.0,21.2,0.0,,,1.3,,,
2017-10-14,15.9,11.6,21.8,0.0,,296.0,4.3,,,
2017-10-15,18.7,14.4,24.0,0.0,,,4.7,,,
2017-10-16,19.1,16.0,25.2,0.0,,,2.5,,,
2017-10-17,18.7,15.6,25.2,0.0,,,1.9,,,
2017-10-18,18.3,15.0,24.2,0.0,,,2.8,,,
2017-10-19,16.6,13.8,22.2,0.0,,,2.2,,,
2017-10-20,13.5,11.0,18.2,0.0,,,2.1,,,
2017-10-21,16.2,10.0,22.2,0.0,,,1.9,,,
2017-10-22,14.4,12.0,17.6,5.1,,231.0,14.8,,,
2017-10-23,7.6,5.0,11.2,3.0,,285.0,18.9,,,
2017-10-24,8.6,4.8,10.8,15.0,,331.0,34.4,,,
2017-10-25,9.7,8.0,11.4,0.0,,330.0,20.3,,,
2017-10-26,13.6,8.8,19.6,0.0,,,3.9,,,
2017-10-27,13.8,11.0,18.2,0.0,,246.0,9.4,,,
2017-10-28,8.8,6.8,11.0,0.5,,335.0,15.3,,,
2017-10-29,10.6,7.8,13.6,0.0,,227.0,22.3,,,
2017-10-30,10.3,8.4,13.2,0.0,,,8.7,,,
2017-10-31,8.7,,,0.0,,,,,,
2017-11-01,8.8,,14.0,0.0,,,,,,
2017-11-02,11.7,8.0,,0.0,,,,,,
2017-11-03,10.4,8.0,13.4,0.0,,,6.5,,,
2017-11-04,11.3,8.0,15.4,,,,4.5,,,
2017-11-05,11.7,9.0,16.2,0.0,,212.0,9.7,,,
2017-11-06,9.2,5.0,12.4,35.3,,,8.7,,,
2017-11-07,6.1,5.0,8.6,20.1,,175.0,9.4,,,
2017-11-08,7.6,4.6,12.0,0.0,,,6.2,,,
2017-11-09,8.8,6.0,13.0,0.0,,,3.5,,,
2017-11-10,8.1,6.8,10.0,0.5,,,1.4,,,
2017-11-11,8.4,6.0,12.4,0.0,,,2.8,,,
2017-11-12,10.3,8.0,14.4,0.0,,224.0,10.7,,,
2017-11-13,7.6,4.8,11.4,4.1,,,15.6,,,
2017-11-14,4.7,3.6,6.0,10.9,,346.0,12.4,,,
2017-11-15,7.4,5.0,9.2,23.9,,32.0,9.3,,,
2017-11-16,5.5,5.0,7.0,16.0,,0.0,26.1,,,
2017-11-17,6.3,5.0,7.2,0.5,,333.0,12.7,,,
2017-11-18,5.9,4.8,8.6,0.0,,312.0,6.2,,,
2017-11-19,6.9,4.0,11.2,0.0,,,2.7,,,
2017-11-20,5.7,3.0,9.8,0.0,,345.0,12.1,,,
2017-11-21,7.9,5.0,13.0,0.0,,,5.5,,,
2017-11-22,9.8,6.8,15.2,0.0,,,5.0,,,
2017-11-23,9.9,7.8,15.0,0.0,,,1.5,,,
2017-11-24,9.6,7.0,14.2,0.0,,,4.3,,,
2017-11-25,11.1,8.4,14.0,0.0,,235.0,11.1,,,
2017-11-26,9.0,4.0,12.0,0.0,,250.0,18.4,,,
2017-11-27,2.0,1.0,4.2,3.3,,323.0,17.0,,,
2017-11-28,3.8,0.4,8.4,0.0,,,7.1,,,
2017-11-29,6.9,3.4,9.0,0.5,,173.0,13.1,,,
2017-11-30,7.3,4.0,11.0,7.1,,,17.7,,,
2017-12-01,4.4,2.8,7.2,0.0,,,2.8,,,
2017-12-02,3.6,2.0,5.2,0.0,,,2.9,,,
2017-12-03,2.9,2.0,5.8,4.1,,,3.6,,,
2017-12-04,1.8,0.0,3.4,0.0,,,3.1,,,
2017-12-05,3.6,0.4,7.2,0.0,,,,,,
2017-12-06,7.4,4.0,12.2,0.0,,,,,,
2017-12-07,6.1,4.0,11.0,0.0,,,4.2,,,
2017-12-08,6.8,4.0,10.0,0.0,,238.0,16.6,,,
2017-12-09,3.1,-1.4,7.0,7.9,970.0,258.0,17.2,,,
2017-12-10,1.4,-2.2,5.0,0.0,,,10.1,,,
2017-12-11,8.5,3.2,12.0,8.9,,184.0,27.5,,,
2017-12-12,10.5,9.6,11.4,0.3,,193.0,14.1,,,
2017-12-13,7.7,5.0,11.0,2.0,,218.0,20.6,,,
2017-12-14,7.1,5.0,9.0,0.3,,228.0,23.7,,,
2017-12-15,9.7,7.0,12.0,5.1,,236.0,23.3,,,
2017-12-16,6.2,4.0,8.2,4.3,,229.0,17.5,,,
2017-12-17,1.9,0.0,4.0,0.0,,296.0,12.1,,,
2017-12-18,-0.4,-1.4,2.4,0.0,,309.0,9.5,,,
2017-12-19,-0.8,-2.2,2.0,1.5,10.0,304.0,5.2,,,
2017-12-20,-0.9,-2.0,1.8,0.0,,324.0,6.6,,,
2017-12-21,-0.2,-2.0,1.2,0.0,,339.0,19.9,,,
2017-12-22,2.9,0.2,5.0,0.0,,349.0,33.0,,,
2017-12-23,5.1,2.4,8.0,0.0,,340.0,23.0,,,
2017-12-24,10.2,4.8,15.4,0.0,,,3.4,,,
2017-12-25,7.7,5.0,12.2,0.0,,,4.3,,,
2017-12-26,6.1,4.0,9.2,0.0,,221.0,9.7,,,
2017-12-27,6.0,4.0,8.0,7.6,,216.0,19.2,,,
2017-12-28,1.5,0.0,6.0,13.0,,227.0,13.5,,,
2017-12-29,1.1,0.0,3.2,0.0,,,8.0,,,
2017-12-30,3.3,0.0,7.2,0.0,,,4.9,,,
2017-12-31,7.1,4.0,12.2,0.0,,220.0,8.4,,,
2018-01-01,7.8,5.0,10.2,1.0,,230.0,22.6,,,
2018-01-02,4.4,2.0,6.6,0.5,,276.0,15.8,,,
2018-01-03,6.4,2.0,10.0,0.0,,242.0,20.5,,,
2018-01-04,8.5,5.4,12.8,0.0,,,7.7,,,
2018-01-05,9.5,7.0,13.2,0.0,,221.0,7.2,,,
2018-01-06,9.8,7.6,13.4,0.0,,,7.0,,,
2018-01-07,11.9,9.0,13.4,0.0,,,8.9,,,
2018-01-08,12.5,11.0,15.6,0.0,,129.0,12.6,,,
2018-01-09,11.9,10.2,13.6,0.0,,149.0,9.7,,,
2018-01-10,6.7,5.0,11.0,3.0,,,3.9,,,
2018-01-11,5.9,3.8,9.8,0.0,,,2.9,,,
2018-01-12,4.3,3.0,6.4,8.9,,21.0,15.4,,,
2018-01-13,3.6,2.8,6.4,2.0,,,8.8,,,
2018-01-14,4.6,2.5,7.6,0.0,,,1.0,,,
2018-01-15,5.6,3.8,9.8,0.0,,,3.7,,,
2018-01-16,7.1,4.0,9.0,0.0,,229.0,29.4,,,
2018-01-17,7.2,1.8,11.4,0.3,,261.0,30.6,,,
2018-01-18,5.1,1.4,8.6,0.0,,254.0,19.1,,,
2018-01-19,7.9,5.6,10.6,0.0,,242.0,22.3,,,
2018-01-20,6.7,5.0,13.2,3.0,,,4.2,,,
2018-01-21,5.8,3.0,12.6,0.5,,282.0,16.0,,,
2018-01-22,4.0,1.0,7.4,0.8,,,7.5,,,
2018-01-23,4.1,,5.4,4.1,,,,,,
2018-01-24,4.7,2.0,9.0,0.0,,,5.9,,,
2018-01-25,7.1,4.0,12.2,0.0,,,2.8,,,
2018-01-26,5.7,1.2,11.0,0.0,,227.0,6.0,,,
2018-01-27,6.6,4.8,11.2,0.0,,,2.9,,,
2018-01-28,6.3,2.0,11.2,0.0,,,2.6,,,
2018-01-29,9.3,5.4,15.2,0.0,,,4.1,,,
2018-01-30,6.5,4.0,12.4,0.0,,,3.3,,,
2018-01-31,5.8,3.0,9.8,0.0,,,12.5,,,
2018-02-01,6.9,5.0,9.6,0.0,,223.0,15.8,,,
2018-02-02,8.3,5.0,11.2,10.9,,,,,,
2018-02-03,5.2,2.0,10.4,17.0,,242.0,26.9,,,
2018-02-04,3.3,0.6,8.2,0.3,,,5.7,,,
2018-02-05,3.2,0.0,7.4,0.0,,,3.3,,,
2018-02-06,3.6,2.0,5.0,12.7,,,2.1,,,
2018-02-07,3.6,1.0,6.0,22.1,,,6.1,,,
2018-02-08,4.1,1.6,8.0,0.8,,,0.8,,,
2018-02-09,3.4,1.0,7.6,0.0,,,3.4,,,
2018-02-10,2.4,0.8,4.0,0.3,,,11.0,,,
2018-02-11,1.8,0.0,5.4,0.0,,,7.2,,,
2018-02-12,4.0,0.2,7.4,0.0,,,2.5,,,
2018-02-13,1.9,-2.0,5.2,0.5,,,4.4,,,
2018-02-14,-1.1,-2.2,0.4,0.3,,,3.4,,,
2018-02-15,-1.3,-3.0,1.4,0.0,,,10.5,,,
2018-02-16,3.6,-2.6,9.8,0.0,,,5.8,,,
2018-02-17,5.6,1.0,10.6,0.0,,,0.3,,,
2018-02-18,5.7,3.6,9.0,0.8,,,1.8,,,
2018-02-19,3.2,2.0,5.0,11.9,,,0.8,,,
2018-02-20,1.4,0.0,3.0,7.1,,,1.2,,,
2018-02-21,-0.5,-1.0,0.0,11.9,10.0,,5.2,,,
2018-02-22,2.2,0.0,4.0,2.0,10.0,,2.5,,,
2018-02-23,4.7,2.8,7.0,16.0,,75.0,12.7,,,
2018-02-24,5.3,3.8,6.4,1.8,,58.0,16.1,,,
2018-02-25,-0.4,-3.2,4.0,0.5,10.0,333.0,13.3,,,
2018-02-26,-5.6,-7.2,-3.8,,99.0,340.0,11.7,,,
2018-02-27,-6.6,-8.0,-1.8,0.0,99.0,,3.7,,,
2018-02-28,-6.0,-10.0,-0.8,0.0,79.0,352.0,5.9,,,
2018-03-01,1.3,-6.0,8.4,1.0,51.0,104.0,8.4,,,
2018-03-02,8.5,4.8,12.2,0.0,,228.0,23.8,,,
2018-03-03,6.4,4.6,9.0,16.0,,219.0,22.9,,,
2018-03-04,6.3,3.6,8.0,2.0,,,7.3,,,
2018-03-05,5.8,5.0,7.0,18.0,,,6.6,,,
2018-03-06,6.1,5.0,7.4,8.9,,217.0,15.5,,,
2018-03-07,6.1,4.0,9.2,1.3,,230.0,15.0,,,
2018-03-08,6.9,3.8,11.4,0.8,,241.0,13.3,,,
2018-03-09,8.2,4.4,13.6,0.0,,158.0,6.3,,,
2018-03-10,9.7,5.6,14.0,0.0,,,7.4,,,
2018-03-11,12.0,8.0,17.8,0.0,,207.0,11.9,,,
2018-03-12,7.9,6.0,11.6,3.0,,226.0,17.8,,,
2018-03-13,7.4,5.8,11.2,0.5,,244.0,17.1,,,
2018-03-14,7.7,3.8,13.6,0.0,,,5.9,,,
2018-03-15,7.6,4.0,11.0,0.0,,,7.4,,,
2018-03-16,10.7,8.6,13.4,0.0,,232.0,12.5,,,
2018-03-17,8.7,5.0,14.2,2.0,,,10.0,,,
2018-03-18,5.4,4.0,7.0,7.9,,224.0,14.5,,,
2018-03-19,4.7,3.0,8.0,1.3,,240.0,14.7,,,
2018-03-20,3.9,2.0,10.0,13.0,,190.0,13.4,,,
2018-03-21,0.4,-1.0,3.4,16.0,20.0,,14.4,,,
2018-03-22,-1.6,-2.2,-0.8,1.0,10.0,337.0,23.2,,,
2018-03-23,-1.1,-2.2,1.2,0.5,,301.0,13.1,,,
2018-03-24,1.8,-1.6,4.8,0.3,,333.0,6.0,,,
2018-03-25,2.1,0.8,3.4,0.5,,28.0,8.3,,,
2018-03-26,4.2,2.0,7.8,1.0,,,3.9,,,
2018-03-27,6.4,2.6,11.2,0.3,,,3.5,,,
2018-03-28,8.8,5.0,15.4,0.0,,236.0,5.8,,,
2018-03-29,10.6,6.0,16.0,0.0,,244.0,12.1,,,
2018-03-30,13.3,8.0,19.0,0.0,,,11.5,,,
2018-03-31,10.3,3.0,15.0,3.0,,212.0,15.3,,,
2018-04-01,7.4,3.0,11.6,3.0,,,10.8,,,
2018-04-02,10.1,6.0,16.2,0.0,,,2.8,,,
2018-04-03,13.2,7.0,20.0,0.0,,,4.5,,,
2018-04-04,14.3,11.8,18.0,0.0,,,,,,
2018-04-05,12.2,8.0,17.0,5.1,,,8.8,,,
2018-04-06,9.9,7.8,13.6,0.0,,,9.7,,,
2018-04-07,11.5,7.0,18.2,0.0,,,4.2,,,
2018-04-08,14.6,9.8,20.8,0.0,,,6.1,,,
2018-04-09,10.8,9.0,12.6,1.5,,,14.1,,,
2018-04-10,12.2,8.4,16.2,0.0,,258.0,15.8,,,
2018-04-11,12.9,10.0,17.4,0.0,,,,,,
2018-04-12,13.9,11.0,19.6,0.3,,,9.7,,,
2018-04-13,13.1,8.6,20.0,0.0,,,3.4,,,
2018-04-14,12.9,10.0,17.4,0.0,,,2.2,,,
2018-04-15,12.8,10.0,17.2,0.0,,,4.9,,,
2018-04-16,13.8,10.2,20.0,7.9,,,4.2,,,
2018-04-17,12.6,11.0,15.6,0.0,,,4.7,,,
2018-04-18,11.9,10.0,14.6,2.8,,,11.2,,,
2018-04-19,14.1,10.6,19.0,0.0,,,6.7,,,
2018-04-20,15.6,11.6,20.2,0.0,,,11.4,,,
2018-04-21,16.6,12.8,20.8,0.0,,,7.8,,,
2018-04-22,17.9,14.0,23.0,0.0,,,1.9,,,
2018-04-23,18.2,12.0,24.4,0.0,,,1.6,,,
2018-04-24,17.6,12.8,24.0,0.0,,,1.3,,,
2018-04-25,18.6,14.0,26.0,0.0,,,2.4,,,
2018-04-26,18.4,13.8,24.0,0.0,,,1.7,,,
2018-04-27,18.8,15.0,24.0,0.0,,,4.6,,,
2018-04-28,17.9,14.0,23.6,4.1,,,5.5,,,
2018-04-29,18.9,14.0,25.4,10.9,,,4.5,,,
2018-04-30,17.6,14.0,23.0,0.0,,,6.5,,,
2018-05-01,14.7,10.0,19.4,0.0,,,1.0,,,
2018-05-02,14.1,11.4,17.4,0.0,,,4.2,,,
2018-05-03,11.8,10.0,14.0,21.1,,77.0,23.9,,,
2018-05-04,12.5,10.0,16.4,6.4,,,4.4,,,
2018-05-05,12.2,10.0,17.6,54.1,,,2.3,,,
2018-05-06,13.7,10.4,18.2,4.1,,,1.4,,,
2018-05-07,15.8,11.6,19.6,3.0,,,5.9,,,
2018-05-08,14.7,12.0,20.2,3.0,,,1.3,,,
2018-05-09,13.8,11.6,17.6,18.5,,,0.2,,,
2018-05-10,15.4,10.8,20.6,0.0,,,2.3,,,
2018-05-11,15.6,12.0,21.6,34.0,,,2.8,,,
2018-05-12,15.6,11.6,19.4,24.9,,,0.6,,,
2018-05-13,15.9,12.0,20.2,0.0,,,2.4,,,
2018-05-14,13.3,9.6,17.2,0.0,,,7.9,,,
2018-05-15,8.8,7.4,12.4,1.0,,,8.4,,,
2018-05-16,10.9,6.8,15.0,0.0,,253.0,7.2,,,
2018-05-17,13.6,9.0,18.6,0.0,,,1.6,,,
2018-05-18,14.2,10.8,19.2,0.0,,,1.7,,,
2018-05-19,15.2,10.4,20.2,0.0,,,2.7,,,
2018-05-20,16.4,12.0,21.2,0.0,,,3.8,,,
2018-05-21,16.8,13.6,22.6,18.0,,,5.3,,,
2018-05-22,17.6,14.6,22.4,0.5,,,3.0,,,
2018-05-23,14.4,12.8,16.8,15.0,,,3.9,,,
2018-05-24,17.4,12.8,22.4,2.0,,,0.7,,,
2018-05-25,18.9,16.0,24.0,0.0,,,2.9,,,
2018-05-26,20.3,16.0,26.0,0.0,,,3.0,,,
2018-05-27,21.1,17.4,25.6,0.0,,,0.5,,,
2018-05-28,20.9,18.0,26.0,23.9,,,2.8,,,
2018-05-29,21.7,19.0,26.4,0.0,,,1.1,,,
2018-05-30,21.1,16.8,26.0,4.1,,,4.0,,,
2018-05-31,21.6,19.0,27.8,7.1,,,4.2,,,
2018-06-01,21.3,17.2,26.2,0.0,,,4.4,,,
2018-06-02,21.8,16.4,27.2,0.0,,,4.4,,,
2018-06-03,22.9,18.6,28.0,0.0,,,1.7,,,
2018-06-04,21.3,19.0,26.8,0.0,,,6.2,,,
2018-06-05,18.7,16.0,24.4,3.0,,,3.0,,,
2018-06-06,19.9,14.4,25.4,0.0,,,1.6,,,
2018-06-07,20.8,16.8,26.4,4.1,,,5.5,,,
2018-06-08,19.4,17.0,24.0,0.0,,,1.6,,,
2018-06-09,18.9,14.4,23.0,0.0,,,9.1,,,
2018-06-10,21.8,15.8,27.4,0.0,,,0.6,,,
2018-06-11,24.1,18.0,30.2,0.0,,,2.5,,,
2018-06-12,22.6,19.0,28.2,0.0,,,8.5,,,
2018-06-13,19.4,16.0,24.0,0.0,,256.0,13.5,,,
2018-06-14,16.6,14.8,19.8,19.1,,,13.7,,,
2018-06-15,15.9,13.6,19.0,9.9,,,15.2,,,
2018-06-16,16.8,13.0,20.4,0.0,,,8.6,,,
2018-06-17,18.2,15.8,23.0,4.1,,,6.9,,,
2018-06-18,18.8,16.0,22.2,0.5,,329.0,11.1,,,
2018-06-19,19.3,16.6,22.2,0.0,,1.0,19.2,,,
2018-06-20,19.8,16.4,24.0,7.9,,,5.5,,,
2018-06-21,20.8,17.2,26.4,25.9,,,4.2,,,
2018-06-22,20.0,16.0,25.0,0.0,,,10.6,,,
2018-06-23,15.2,13.0,18.4,7.9,,357.0,12.8,,,
2018-06-24,15.3,11.4,19.4,0.0,,,9.7,,,
2018-06-25,16.6,13.8,20.8,0.0,,,6.7,,,
2018-06-26,15.5,13.0,18.6,0.0,,357.0,29.2,,,
2018-06-27,15.1,13.6,17.4,0.0,,337.0,18.5,,,
2018-06-28,16.0,12.0,20.0,0.0,,,11.2,,,
2018-06-29,18.3,13.8,22.8,0.5,,,0.5,,,
2018-06-30,21.8,16.8,26.2,0.0,,,4.2,,,
2018-07-01,24.2,19.8,29.2,0.0,,,3.8,,,
2018-07-02,24.1,20.0,29.2,0.0,,,6.2,,,
2018-07-03,22.8,17.0,28.8,0.0,,,5.3,,,
2018-07-04,23.4,18.0,30.0,0.0,,,2.6,,,
2018-07-05,24.8,20.0,30.4,0.0,,,1.4,,,
2018-07-06,22.3,18.0,28.0,0.0,,,2.8,,,
2018-07-07,20.1,17.4,24.2,0.0,,,8.7,,,
2018-07-08,19.9,16.8,24.4,0.0,,,,,,
2018-07-09,20.2,16.4,24.0,0.0,,,,,,
2018-07-10,21.9,17.0,28.4,0.0,,,5.5,,,
2018-07-11,22.6,19.0,26.4,0.0,,229.0,22.9,,,
2018-07-12,23.2,18.4,28.0,0.0,,223.0,19.8,,,
2018-07-13,23.9,18.0,31.0,0.0,,246.0,7.8,,,
2018-07-14,24.9,20.4,30.4,0.0,,,7.7,,,
2018-07-15,25.2,22.8,30.6,0.0,,,6.0,,,
2018-07-16,24.8,22.0,30.4,0.0,,,23.9,,,
2018-07-17,18.8,15.4,22.4,21.1,,351.0,12.3,,,
2018-07-18,22.4,17.4,27.0,0.0,,301.0,11.2,,,
2018-07-19,24.0,20.8,29.2,0.0,,,7.8,,,
2018-07-20,24.9,20.0,30.4,0.0,,253.0,7.9,,,
2018-07-21,25.1,20.0,31.0,0.0,,211.0,13.7,,1012.8,
2018-07-22,23.8,19.0,28.6,0.0,,213.0,9.8,,1010.3,
2018-07-23,18.1,15.8,23.0,22.1,,279.0,13.4,,1010.1,
2018-07-24,19.6,15.8,23.4,0.0,,332.0,22.4,,1010.8,
2018-07-25,21.0,17.0,25.0,0.0,,308.0,16.6,,1011.4,
2018-07-26,21.7,18.0,26.0,0.0,,286.0,12.7,,1011.6,
2018-07-27,20.6,18.0,26.0,16.0,,249.0,4.4,,1012.6,
2018-07-28,22.1,18.0,27.2,2.0,,234.0,7.4,,1012.6,
2018-07-29,23.8,20.0,28.6,0.0,,297.0,7.8,,1013.1,
2018-07-30,24.2,20.8,29.0,0.0,,298.0,11.5,,1013.0,
2018-07-31,24.6,21.0,28.6,0.0,,308.0,12.5,,1013.4,
2018-08-01,24.8,21.0,29.0,0.0,,294.0,13.2,,1014.3,
2018-08-02,24.8,22.2,29.2,0.0,,290.0,13.7,,1015.0,
2018-08-03,21.2,20.0,25.0,0.0,,284.0,10.0,,1014.7,
2018-08-04,21.5,19.4,27.0,8.9,,298.0,8.3,,1014.2,
2018-08-05,23.6,19.0,28.4,0.0,,11.0,8.4,,1014.8,
2018-08-06,23.7,20.4,29.4,0.0,,280.0,5.1,,1015.8,
2018-08-07,25.2,21.4,30.2,0.0,,169.0,6.4,,1015.4,
2018-08-08,23.6,21.0,29.4,1.0,,243.0,6.1,,1015.2,
2018-08-09,25.2,20.8,30.6,0.0,,331.0,3.9,,1016.2,
2018-08-10,24.4,21.8,31.4,1.0,,282.0,6.6,,1018.7,
2018-08-11,25.4,21.6,31.4,0.0,,267.0,7.9,,1018.3,
2018-08-12,25.2,21.4,31.2,0.0,,229.0,4.6,,1017.0,
2018-08-13,24.5,20.8,28.6,0.0,,228.0,16.5,,1014.4,
2018-08-14,20.6,15.0,28.2,10.9,,224.0,9.7,,1012.8,
2018-08-15,17.1,15.0,19.4,3.3,,282.0,8.0,,1013.1,
2018-08-16,18.1,15.0,21.0,5.1,,302.0,9.9,,1013.9,
2018-08-17,20.1,17.6,25.6,6.1,,281.0,4.7,,1014.8,
2018-08-18,21.0,18.0,26.2,0.0,,309.0,6.3,,1016.2,
2018-08-19,21.6,18.4,27.0,0.0,,301.0,7.7,,1016.3,
2018-08-20,21.1,18.8,26.0,0.0,,322.0,11.3,,1014.5,
2018-08-21,21.8,18.8,27.4,0.0,,321.0,10.3,,1014.7,
2018-08-22,20.9,18.0,27.6,10.9,,287.0,7.4,,1015.5,
2018-08-23,19.9,15.4,26.6,14.0,,293.0,8.9,,1014.3,
2018-08-24,21.3,15.2,26.2,1.0,,265.0,5.7,,1011.4,
2018-08-25,21.8,19.0,27.0,0.0,,224.0,8.7,,1009.2,
2018-08-26,18.2,14.4,22.2,0.0,,237.0,14.2,,1007.9,
2018-08-27,14.9,11.4,18.4,0.0,,318.0,19.9,,1012.1,
2018-08-28,17.6,12.8,23.0,0.0,,308.0,13.2,,1016.1,
2018-08-29,21.1,16.8,27.6,0.0,,265.0,7.5,,1016.2,
2018-08-30,21.7,18.6,26.4,0.5,,258.0,5.1,,1015.9,
2018-08-31,21.5,17.2,27.0,0.0,,214.0,10.6,,1016.0,
2018-09-01,19.6,17.0,24.0,2.0,,192.0,12.5,,1015.4,
2018-09-02,18.9,16.4,22.4,0.8,,186.0,9.0,,1015.5,
2018-09-03,18.5,14.6,23.6,0.0,,224.0,9.1,,1014.4,
2018-09-04,18.9,15.0,24.0,0.0,,225.0,5.3,,1014.2,
2018-09-05,19.4,15.4,25.2,0.0,,329.0,4.7,,1015.1,
2018-09-06,20.2,16.6,25.4,0.0,,259.0,5.1,,1013.4,
2018-09-07,18.1,15.0,26.0,20.1,,232.0,9.0,,1012.6,
2018-09-08,18.4,14.0,22.6,3.0,,317.0,5.0,,1017.0,
2018-09-09,19.8,16.0,25.0,0.0,,338.0,4.5,,1020.2,
2018-09-10,20.6,17.6,25.6,0.0,,321.0,4.3,,1021.2,
2018-09-11,20.3,16.8,25.0,0.0,,297.0,12.0,,1023.5,
2018-09-12,21.3,18.0,26.0,0.0,,331.0,9.0,,1022.6,
2018-09-13,21.8,19.0,26.8,0.0,,279.0,3.1,,1016.4,
2018-09-14,20.7,17.0,26.4,0.0,,285.0,4.3,,1015.7,
2018-09-15,21.3,17.6,26.8,,,274.0,6.4,,1018.8,
2018-09-16,20.9,17.9,25.7,,,316.0,4.1,,1021.6,
2018-09-17,21.1,18.5,25.9,,,158.0,4.2,,1020.9,
2018-09-18,19.3,18.0,24.8,,,193.0,3.2,,1019.5,
2018-09-19,18.7,17.0,23.4,14.0,,322.0,4.8,,1019.2,
2018-09-20,18.6,16.2,21.6,45.0,,7.0,4.8,,1018.2,
2018-09-21,18.7,15.8,22.2,32.0,,69.0,3.7,,1016.4,
2018-09-22,21.3,17.6,25.4,0.0,,198.0,4.2,,1017.1,
2018-09-23,21.6,18.2,26.6,0.0,,215.0,7.1,,1018.8,
2018-09-24,18.2,11.8,26.0,0.0,,255.0,18.3,,1016.1,
2018-09-25,11.1,9.6,13.8,0.0,,335.0,20.5,,1025.8,
2018-09-26,8.8,6.8,11.4,0.0,,344.0,31.3,,1030.6,
2018-09-27,10.7,6.8,15.2,0.0,,291.0,18.2,,1027.6,
2018-09-28,14.2,9.8,19.6,0.0,,304.0,13.9,,1017.9,
2018-09-29,14.9,12.4,19.2,0.0,,309.0,18.5,,1015.3,
2018-09-30,13.4,10.0,18.4,,,323.0,10.0,,1017.6,
2018-10-01,14.8,11.4,20.0,,,191.0,13.0,,1011.2,
2018-10-02,13.1,10.8,16.0,,,53.0,10.4,,1011.8,
2018-10-03,12.3,10.0,16.4,,,340.0,15.6,,1018.2,
2018-10-04,12.1,10.8,13.4,,,330.0,10.2,,1021.1,
2018-10-05,12.0,11.4,13.0,,,16.0,8.0,,1021.0,
2018-10-06,14.4,11.6,18.6,,,178.0,11.3,,1017.5,
2018-10-07,15.7,12.0,20.0,,,221.0,5.0,,1014.4,
2018-10-08,14.6,12.8,19.0,,,336.0,5.3,,1017.8,
2018-10-09,14.5,11.8,19.4,,,327.0,4.6,,1020.2,
2018-10-10,15.3,12.4,20.2,,,215.0,7.5,,1021.2,
2018-10-11,15.8,13.0,19.2,,,104.0,5.1,,1020.8,
2018-10-12,14.7,12.4,18.2,,,349.0,9.3,,1022.9,
2018-10-13,14.2,12.0,18.8,,,306.0,7.0,,1023.2,
2018-10-14,14.4,11.4,18.0,,,30.0,7.0,,1019.9,
2018-10-15,13.2,11.8,14.0,,,63.0,9.4,,1017.5,
2018-10-16,14.4,13.0,17.0,,,64.0,8.1,,1018.1,
2018-10-17,15.2,14.0,18.2,,,64.0,6.8,,1017.1,
2018-10-18,14.5,12.8,18.8,,,30.0,8.0,,1014.9,
2018-10-19,13.8,10.0,18.8,,,341.0,4.4,,1016.9,
2018-10-20,14.3,12.4,18.0,,,306.0,10.6,,1020.6,
2018-10-21,11.4,7.6,16.0,,,322.0,11.9,,1019.1,
2018-10-22,7.3,5.0,9.2,,,337.0,19.8,,1014.5,
2018-10-23,8.9,6.0,11.0,,,333.0,26.0,,1017.3,
2018-10-24,14.3,7.6,21.2,,,254.0,5.9,,1014.8,
2018-10-25,13.7,10.4,19.4,,,181.0,10.4,,1017.7,
2018-10-26,14.6,11.8,19.0,,,211.0,10.9,,1016.2,
2018-10-27,15.2,12.8,18.0,,,202.0,23.1,,1011.7,
2018-10-28,14.8,13.6,16.2,,,170.0,31.7,,1007.4,
2018-10-29,14.3,10.0,19.0,,,165.0,35.1,,1004.5,
2018-10-30,9.9,7.0,12.6,,,215.0,24.2,,1012.4,
2018-10-31,11.6,7.6,15.2,,,133.0,9.5,,1021.6,
2018-11-01,13.9,11.8,14.8,,,159.0,18.2,,1020.0,
2018-11-02,12.8,12.0,14.2,,,153.0,11.6,,1019.1,
2018-11-03,13.2,12.0,15.4,,,346.0,9.3,,1019.2,
2018-11-04,12.4,11.8,13.0,,,72.0,12.2,,1015.9,
2018-11-05,12.5,11.6,14.0,,,143.0,16.2,,1015.3,
2018-11-06,14.1,11.8,18.6,,,205.0,6.0,,1016.7,
2018-11-07,12.3,11.0,15.0,,,216.0,9.7,,1017.5,
2018-11-08,12.2,9.6,17.0,,,229.0,4.3,,1021.6,
2018-11-09,12.6,10.4,17.2,,,226.0,2.9,,1019.9,
2018-11-10,12.1,10.0,16.4,,,124.0,5.5,,1017.5,
2018-11-11,13.4,9.8,18.6,,,211.0,2.8,,1020.8,
2018-11-12,14.5,12.0,19.6,,,245.0,2.8,,1026.1,
2018-11-13,14.4,11.4,20.0,,,287.0,2.0,,1027.9,
2018-11-14,12.1,10.0,16.0,,,302.0,8.4,,1026.6,
2018-11-15,9.6,8.0,11.0,,,320.0,7.8,,1023.5,
2018-11-16,7.2,5.0,9.4,,,340.0,15.0,,1021.5,
2018-11-17,5.6,4.0,8.2,,,5.0,12.8,,1020.0,
2018-11-18,3.8,3.0,5.0,,,333.0,16.0,,1015.5,
2018-11-19,4.5,2.8,7.2,,,82.0,5.5,,1008.8,
2018-11-20,10.8,4.0,14.0,,,174.0,16.7,,1003.7,
2018-11-21,9.9,7.6,13.6,,,219.0,10.3,,1012.8,
2018-11-22,10.4,8.7,14.8,,,236.0,7.8,,1019.3,
2018-11-23,10.2,7.0,12.6,,,157.0,4.0,,1022.8,
2018-11-24,11.6,10.0,13.0,,,178.0,16.4,,1018.5,
2018-11-25,10.9,10.0,12.4,,,167.0,18.5,,1007.8,
2018-11-26,9.2,8.0,11.0,,,223.0,27.5,,1002.4,
2018-11-27,5.8,5.0,8.0,,,303.0,16.7,,1002.5,
2018-11-28,3.3,3.0,5.8,,,309.0,23.5,,1013.6,
2018-11-29,4.5,3.0,6.2,,,309.0,13.8,,1022.9,
2018-11-30,5.2,3.0,8.0,,,112.0,3.5,,1021.0,
2018-12-01,5.9,4.0,8.0,,,16.0,3.7,,1018.0,
2018-12-02,7.8,6.0,11.0,,,121.0,5.1,,1019.1,
2018-12-03,9.9,8.0,13.0,,,232.0,16.1,,1016.5,
2018-12-04,11.1,8.0,15.0,,,304.0,11.2,,1014.2,
2018-12-05,8.6,6.8,11.8,,,3.0,12.4,,1023.6,
2018-12-06,8.1,6.0,11.2,,,28.0,5.4,,1022.6,
2018-12-07,8.4,5.8,12.2,,,234.0,11.8,,1022.1,
2018-12-08,8.7,6.0,11.6,,,248.0,27.4,,1013.5,
2018-12-09,8.6,5.8,12.0,,,232.0,24.5,,1012.9,
2018-12-10,7.3,2.6,12.0,,,275.0,15.8,,1012.7,
2018-12-11,3.2,1.0,6.8,,,297.0,6.7,,1017.8,
2018-12-12,2.9,0.8,7.0,,,75.0,4.6,,1019.5,
2018-12-13,3.7,1.8,6.0,,,206.0,3.0,,1013.9,
2018-12-14,3.7,3.0,6.0,,,329.0,4.3,,1010.7,
2018-12-15,0.4,-1.0,3.0,,,307.0,11.8,,1014.3,
2018-12-16,1.7,-1.0,5.4,,,222.0,9.1,,1019.8,
2018-12-17,2.4,1.0,4.0,,,331.0,15.0,,1014.2,
2018-12-18,2.6,1.4,4.2,,,308.0,25.0,,1023.8,
2018-12-19,4.1,1.6,7.0,0.0,,217.0,7.4,,1025.2,
2018-12-20,6.2,3.8,8.2,0.0,,220.0,10.2,,1023.0,
2018-12-21,7.3,5.0,11.2,0.0,,258.0,12.6,,1027.2,
2018-12-22,9.1,7.0,11.2,0.0,,232.0,40.4,,1025.3,
2018-12-23,9.7,7.8,13.0,0.0,,216.0,11.9,,1024.3,
2018-12-24,10.0,5.0,13.4,0.0,,245.0,26.3,,1018.7,
2018-12-25,3.7,2.8,5.0,1.0,,352.0,25.7,,1026.3,
2018-12-26,4.6,1.8,7.4,0.0,,285.0,13.3,,1030.5,
2018-12-27,6.8,5.0,11.0,0.0,,335.0,4.9,,1028.0,
2018-12-28,6.8,5.0,11.4,0.0,,213.0,2.4,,1025.9,
2018-12-29,7.6,5.0,12.0,0.0,,284.0,6.4,,1026.2,
2018-12-30,5.7,3.0,7.4,0.5,,283.0,9.3,,1023.8,
2018-12-31,2.6,1.6,4.2,7.1,,321.0,18.8,,1024.7,
2019-01-01,2.8,2.0,4.0,1.0,,321.0,25.8,,1024.9,
2019-01-02,1.9,-1.0,6.0,1.0,,296.0,13.8,,1017.2,
2019-01-03,-2.9,-4.0,-1.0,11.9,239.0,343.0,35.4,,1021.7,
2019-01-04,-4.8,-5.0,-4.0,7.9,419.0,331.0,26.5,,1026.0,
2019-01-05,-0.8,-4.8,2.2,7.1,320.0,269.0,14.3,,1023.1,
2019-01-06,3.5,1.4,7.4,0.0,249.0,274.0,12.8,,1020.0,
2019-01-07,1.1,0.0,2.2,2.3,180.0,303.0,9.8,,1025.2,
2019-01-08,3.7,1.0,6.0,0.5,79.0,242.0,20.0,,1020.9,
2019-01-09,2.3,0.8,5.0,3.0,41.0,291.0,12.9,,1004.2,
2019-01-10,0.0,-1.0,1.0,,30.0,290.0,17.2,,1005.9,
2019-01-11,-0.6,-1.2,0.4,0.5,20.0,298.0,9.3,,1016.2,
2019-01-12,0.6,-2.0,2.2,0.0,20.0,281.0,12.3,,1018.6,
2019-01-13,4.6,1.8,8.6,0.0,30.0,221.0,11.4,,1013.2,
2019-01-14,5.1,3.8,7.4,1.0,30.0,268.0,20.4,,1004.3,
2019-01-15,1.7,0.0,4.0,4.1,20.0,317.0,13.5,,1016.7,
2019-01-16,4.6,1.6,8.0,0.0,20.0,227.0,21.4,,1023.5,
2019-01-17,5.8,4.0,9.0,0.0,10.0,221.0,17.3,,1019.2,
2019-01-18,6.4,5.0,8.0,0.3,10.0,224.0,13.3,,1013.8,
2019-01-19,4.8,3.0,7.8,0.0,10.0,222.0,5.7,,1014.2,
2019-01-20,3.8,3.0,5.2,0.0,,92.0,7.1,,1014.1,
2019-01-21,4.1,3.0,5.2,7.1,,108.0,5.0,,1012.8,
2019-01-22,2.4,1.0,4.0,26.9,,243.0,11.2,,1005.1,
2019-01-23,2.4,0.8,5.2,0.0,,215.0,6.7,,998.8,
2019-01-24,1.4,0.0,3.0,3.0,,44.0,16.5,,992.6,
2019-01-25,-0.1,-2.0,2.0,13.0,20.0,326.0,33.8,,997.8,
2019-01-26,-0.3,-2.0,2.0,0.3,30.0,311.0,22.5,,1007.7,
2019-01-27,5.8,-0.2,8.0,,,240.0,16.2,,1007.3,
2019-01-28,3.7,2.0,6.0,4.1,,223.0,23.1,,997.9,
2019-01-29,1.7,1.0,2.2,1.0,,319.0,2.2,,1003.2,
2019-01-30,1.8,0.0,4.2,0.3,,217.0,6.5,,1001.7,
2019-01-31,2.8,0.0,6.2,0.0,10.0,220.0,24.5,,1004.0,
2019-02-01,7.9,3.8,9.2,,,182.0,25.2,,1005.6,
2019-02-02,10.0,7.0,12.4,0.0,,187.0,27.2,,1001.2,
2019-02-03,5.9,4.0,8.6,4.6,,174.0,17.0,,1005.0,
2019-02-04,3.9,2.8,5.2,5.1,,318.0,18.2,,1016.5,
2019-02-05,2.6,1.0,5.0,4.1,,328.0,20.1,,1019.5,
2019-02-06,3.2,0.8,6.2,0.0,,316.0,24.5,,1019.3,
2019-02-07,5.3,2.0,11.0,0.0,,270.0,10.4,,1019.8,
2019-02-08,5.1,3.0,8.0,0.0,,244.0,6.6,,1019.1,
2019-02-09,6.2,2.4,11.2,0.0,,224.0,8.6,,1021.8,
2019-02-10,7.1,5.0,9.0,0.0,,206.0,19.6,,1020.9,
2019-02-11,5.6,-2.0,10.0,1.0,,247.0,25.3,,1010.6,
2019-02-12,0.5,-1.4,3.0,16.0,51.0,322.0,18.8,,1021.9,
2019-02-13,1.1,0.0,2.2,0.0,10.0,354.0,33.5,,1031.4,
2019-02-14,4.1,0.8,7.6,0.0,10.0,325.0,22.2,,1032.3,
2019-02-15,4.3,2.0,6.8,0.0,,332.0,25.4,,1029.0,
2019-02-16,4.4,2.0,8.0,0.0,,314.0,11.4,,1030.3,
2019-02-17,8.7,3.8,15.0,0.0,,291.0,5.8,,1029.3,
2019-02-18,8.2,4.0,13.4,0.0,,203.0,3.8,,1026.0,
2019-02-19,6.1,1.0,12.4,0.0,,204.0,4.7,,1023.7,
2019-02-20,6.1,3.0,11.0,0.0,,60.0,4.2,,1024.5,
2019-02-21,6.5,3.0,11.2,0.0,,323.0,4.9,,1027.1,
2019-02-22,6.8,5.0,12.0,0.0,,301.0,14.3,,1023.7,
2019-02-23,-2.1,-5.0,3.4,0.5,,344.0,46.8,,1025.1,
2019-02-24,-1.2,-5.4,1.2,0.0,,333.0,31.6,,1029.0,
2019-02-25,0.4,-1.0,6.0,3.0,,353.0,33.2,,1029.0,
2019-02-26,5.3,-1.2,9.8,0.0,20.0,301.0,17.5,,1027.1,
2019-02-27,7.3,5.0,9.0,0.0,,337.0,27.3,,1023.4,
2019-02-28,9.3,4.4,16.0,0.0,,232.0,11.0,,1021.9,
2019-03-01,8.8,5.8,13.2,0.0,,234.0,14.0,,1014.0,
2019-03-02,6.8,4.0,10.0,14.5,,328.0,12.7,,1013.8,
2019-03-03,9.6,6.6,13.6,0.0,,126.0,5.6,,1018.8,
2019-03-04,9.9,7.8,14.8,0.0,,225.0,27.9,,1017.1,
2019-03-05,9.2,8.0,12.2,0.0,,223.0,19.8,,1014.7,
2019-03-06,9.3,5.0,15.2,0.0,,218.0,9.7,,1019.4,
2019-03-07,12.7,9.0,16.4,0.0,,197.0,17.3,,1016.6,
2019-03-08,12.9,8.8,17.2,0.0,,215.0,13.3,31.5,1018.6,
2019-03-09,10.8,8.0,15.0,0.0,,227.0,14.7,25.9,1023.5,
2019-03-10,9.4,6.0,13.8,0.0,,231.0,34.4,37.0,1022.2,
2019-03-11,8.9,1.0,13.4,0.0,,245.0,30.0,31.5,1013.5,
2019-03-12,2.2,0.4,4.2,4.1,,328.0,42.9,57.4,1017.3,
2019-03-13,4.8,0.8,12.0,0.0,,242.0,11.6,31.5,1016.8,
2019-03-14,4.1,1.8,6.0,3.0,,293.0,17.9,18.5,1011.9,
2019-03-15,9.3,5.0,15.4,0.0,,243.0,13.7,16.7,1013.3,
2019-03-16,10.6,6.8,15.4,0.0,,227.0,13.8,16.7,1017.5,
2019-03-17,10.2,6.0,17.2,0.0,,200.0,10.8,,1016.6,
2019-03-18,9.6,5.8,16.2,0.0,,228.0,15.3,,1013.3,
2019-03-19,6.1,3.8,10.6,1.0,,0.0,8.3,,1017.2,
2019-03-20,3.6,3.0,4.4,1.0,,335.0,18.8,,1023.8,
2019-03-21,5.8,2.0,10.4,0.0,,327.0,17.1,,1027.1,
2019-03-22,8.3,4.6,13.0,0.0,,326.0,13.0,,1027.2,
2019-03-23,10.3,6.8,15.0,0.0,,307.0,13.4,,1024.0,
2019-03-24,13.6,8.8,19.4,0.0,,293.0,9.7,,1022.1,
2019-03-25,12.9,9.2,17.4,0.0,,221.0,20.8,,1015.1,
2019-03-26,5.0,3.0,11.0,0.8,,309.0,18.4,,1014.2,
2019-03-27,3.4,3.0,4.2,4.1,,340.0,22.6,,1020.9,
2019-03-28,4.8,3.0,8.0,0.0,,323.0,26.9,,1023.5,
2019-03-29,6.6,4.0,10.2,0.0,,333.0,21.8,,1026.8,
2019-03-30,8.8,5.0,14.4,0.0,,316.0,9.4,,1024.5,
2019-03-31,12.7,7.4,19.6,0.0,,299.0,6.7,,1018.7,
2019-04-01,13.7,10.0,18.4,0.0,,320.0,6.5,,1015.1,
2019-04-02,13.2,10.6,18.0,0.0,,266.0,7.6,,1015.0,
2019-04-03,9.4,7.0,13.2,0.0,,228.0,13.7,,1012.5,
2019-04-04,8.9,6.8,12.0,0.0,,142.0,17.8,,1006.0,
2019-04-05,8.1,4.0,13.4,5.1,,252.0,15.2,,1003.0,
2019-04-06,10.4,5.6,16.4,0.0,,143.0,7.7,,1006.3,
2019-04-07,9.5,7.0,13.2,0.0,,235.0,9.6,,1006.9,
2019-04-08,7.7,5.6,12.0,1.5,,285.0,7.3,,1007.5,
2019-04-09,8.8,6.0,13.4,1.5,,239.0,7.2,,1007.7,
2019-04-10,8.8,6.0,13.2,0.0,,225.0,12.1,,1007.8,
2019-04-11,7.3,5.0,12.0,21.1,,173.0,7.3,,1008.4,
2019-04-12,6.9,5.0,9.2,5.1,,332.0,5.6,,1010.2,
2019-04-13,6.1,5.0,8.4,2.0,,341.0,7.2,,1012.0,
2019-04-14,6.7,4.0,11.0,7.9,,288.0,4.9,,1011.8,
2019-04-15,5.7,4.0,8.0,7.9,,331.0,19.2,,1014.3,
2019-04-16,9.2,5.8,15.0,7.1,,235.0,8.1,,1019.3,
2019-04-17,10.4,7.6,14.2,0.0,,316.0,8.2,,1019.9,
2019-04-18,10.4,7.0,14.0,0.0,,336.0,14.3,,1022.5,
2019-04-19,10.6,7.8,14.2,0.0,,335.0,11.1,,1026.9,
2019-04-20,12.0,7.8,17.0,0.0,,340.0,10.4,,1025.9,
2019-04-21,11.6,10.4,13.6,0.0,,46.0,9.7,,1021.0,
2019-04-22,10.4,8.6,13.0,4.1,,56.0,5.8,,1012.1,
2019-04-23,12.4,10.0,16.0,3.0,,151.0,14.3,,1007.2,
2019-04-24,16.9,12.8,21.6,0.0,,223.0,13.3,,1014.5,
2019-04-25,19.0,15.4,23.0,0.0,,102.0,12.3,,1018.2,
2019-04-26,17.1,14.0,20.4,0.0,,197.0,12.8,24.1,1016.6,
2019-04-27,13.2,9.8,17.8,0.0,,240.0,17.3,24.1,1016.5,
2019-04-28,10.3,7.8,14.4,0.0,,214.0,12.2,27.8,1014.1,
2019-04-29,6.2,3.0,9.2,15.0,,262.0,8.5,24.1,1011.7,
2019-04-30,7.9,2.8,12.2,1.0,,261.0,7.8,16.7,1013.2,
2019-05-01,9.0,7.0,14.0,6.1,,289.0,6.7,16.7,1014.0,
2019-05-02,11.6,6.8,17.0,0.0,,231.0,8.4,24.1,1014.6,
2019-05-03,11.9,9.0,16.4,0.0,,226.0,15.8,24.1,1011.5,
2019-05-04,9.4,8.8,10.2,11.7,,266.0,4.0,16.7,1004.3,
2019-05-05,8.9,5.4,12.8,0.5,,220.0,22.6,40.8,1000.9,
2019-05-06,4.8,3.0,6.4,4.3,,301.0,15.4,33.3,1008.0,
2019-05-07,7.4,3.8,12.0,0.8,,322.0,9.0,18.5,1018.4,
2019-05-08,11.2,7.0,16.4,0.0,,213.0,10.5,24.1,1017.3,
2019-05-09,11.8,9.8,16.0,0.0,,206.0,19.0,33.3,1008.7,
2019-05-10,13.7,9.0,17.6,0.0,,123.0,5.8,18.5,1011.2,
2019-05-11,14.7,11.0,19.4,0.0,,212.0,10.0,24.1,1015.4,
2019-05-12,9.8,7.0,13.0,9.9,,165.0,9.9,25.9,1009.8,
2019-05-13,8.6,6.8,12.8,6.1,,25.0,9.7,24.1,1010.4,
2019-05-14,5.8,4.6,8.0,24.9,,327.0,26.2,29.6,1013.2,
2019-05-15,5.1,3.0,7.2,1.3,,358.0,9.7,18.5,1012.2,
2019-05-16,7.3,4.8,10.4,3.0,,12.0,12.7,16.7,1011.0,
2019-05-17,12.2,7.4,16.2,0.0,,130.0,7.4,16.7,1010.1,
2019-05-18,12.2,11.0,15.0,0.0,,172.0,12.1,29.6,1006.4,
2019-05-19,11.6,10.0,15.2,0.3,,218.0,13.6,31.5,1005.7,
2019-05-20,10.2,8.0,14.2,0.5,,212.0,20.3,31.5,1009.2,
2019-05-21,12.2,8.8,16.0,0.0,,231.0,23.1,50.0,1012.7,
2019-05-22,13.8,10.0,18.6,2.0,,229.0,20.4,27.8,1015.6,
2019-05-23,12.4,9.6,18.2,37.1,,236.0,7.7,16.7,1016.5,
2019-05-24,14.2,10.0,19.0,7.1,,221.0,6.9,18.5,1014.7,
2019-05-25,15.3,11.6,19.4,1.0,,157.0,8.5,16.7,1014.2,
2019-05-26,11.6,10.8,14.0,36.1,,98.0,10.9,18.5,1012.2,
2019-05-27,11.9,9.8,14.0,15.0,,94.0,9.6,20.4,1007.1,
2019-05-28,13.7,11.0,18.2,5.1,,172.0,9.1,31.5,1006.0,
2019-05-29,13.1,10.8,16.2,0.0,,227.0,17.4,35.2,1010.0,
2019-05-30,11.5,9.0,15.4,18.0,,310.0,7.2,16.7,1018.5,
2019-05-31,10.4,8.8,12.4,0.3,,311.0,11.4,20.4,1021.5,
2019-06-01,11.8,9.8,15.2,2.0,,307.0,17.0,22.2,1019.5,
2019-06-02,14.1,10.6,17.6,11.9,,308.0,12.1,20.4,1016.8,
2019-06-03,17.8,14.0,22.0,0.0,,289.0,11.6,18.5,1015.8,
2019-06-04,19.1,13.6,24.2,0.0,,265.0,7.0,18.5,1014.1,
2019-06-05,18.9,14.0,24.6,0.0,,204.0,6.9,18.5,1012.0,
2019-06-06,19.6,15.8,23.0,0.0,,226.0,14.5,24.1,1014.0,
2019-06-07,23.3,18.0,28.8,0.0,,222.0,11.0,22.2,1017.9,
2019-06-08,25.7,22.0,31.2,0.0,,228.0,15.6,25.9,1019.9,
2019-06-09,26.2,24.0,31.0,0.0,,221.0,7.5,16.7,1019.8,
2019-06-10,27.1,22.8,32.2,0.0,,216.0,6.9,14.8,1013.9,
2019-06-11,26.5,23.0,31.0,0.0,,224.0,12.1,22.2,1010.0,
2019-06-12,26.1,23.2,29.0,0.0,,197.0,13.8,25.9,1010.2,
2019-06-13,24.7,22.0,28.8,0.0,,62.0,9.2,16.7,1014.1,
2019-06-14,26.5,21.0,31.2,0.0,,85.0,7.0,16.7,1016.7,
2019-06-15,26.9,18.4,32.0,0.0,,228.0,9.6,22.2,1014.3,
2019-06-16,25.0,21.0,30.0,0.0,,245.0,6.7,20.4,1013.3,
2019-06-17,22.6,19.0,27.6,0.0,,278.0,7.5,16.7,1013.2,
2019-06-18,21.8,18.0,27.0,0.0,,311.0,5.7,14.8,1013.9,
2019-06-19,22.6,19.0,28.0,0.5,,257.0,4.5,16.7,1013.2,
2019-06-20,23.4,18.0,29.4,0.0,,216.0,6.6,20.4,1013.1,
2019-06-21,25.1,19.8,31.0,0.0,,217.0,6.3,18.5,1014.3,
2019-06-22,24.5,21.0,29.2,0.0,,210.0,14.1,22.2,1014.7,
2019-06-23,22.3,18.0,28.0,0.0,,319.0,7.1,18.5,1013.4,
2019-06-24,20.7,18.8,23.4,0.0,,314.0,14.8,25.9,1016.3,
2019-06-25,21.1,18.0,24.6,0.0,,317.0,18.1,25.9,1018.9,
2019-06-26,22.4,19.0,26.0,0.0,,315.0,16.6,27.8,1020.3,
2019-06-27,24.3,20.8,28.0,0.0,,319.0,17.7,24.1,1017.9,
2019-06-28,25.9,22.6,30.6,0.0,,345.0,11.3,25.9,1014.3,
2019-06-29,21.5,17.8,24.2,0.0,,319.0,18.2,25.9,1016.9,
2019-06-30,23.3,18.0,28.0,0.0,,336.0,9.4,16.7,1018.8,
2019-07-01,26.3,20.8,33.0,0.0,,313.0,6.0,16.7,1017.8,
2019-07-02,27.4,22.6,33.2,0.0,,313.0,5.8,16.7,1014.1,
2019-07-03,27.2,23.0,32.0,0.0,,14.0,6.2,18.5,1013.6,
2019-07-04,24.3,20.0,30.0,0.0,,321.0,10.8,14.8,1015.3,
2019-07-05,24.9,20.0,30.4,,,308.0,3.6,16.7,1015.4,
2019-07-06,26.8,21.0,32.0,0.0,,235.0,11.8,22.2,1013.3,
2019-07-07,26.4,21.8,30.2,0.0,,227.0,20.1,31.5,1010.9,
2019-07-08,25.9,20.8,30.4,0.0,,230.0,18.2,25.9,1010.9,
2019-07-09,23.9,20.0,29.0,0.5,,236.0,19.7,27.8,1011.7,
2019-07-10,18.7,15.0,25.2,21.1,,227.0,9.0,22.2,1008.6,
2019-07-11,17.6,14.0,22.4,0.0,,334.0,7.6,18.5,1012.9,
2019-07-12,19.2,17.0,23.4,2.0,,268.0,5.5,18.5,1012.1,
2019-07-13,18.6,16.6,24.4,17.0,,246.0,13.6,24.1,1009.6,
2019-07-14,17.9,14.6,22.0,0.0,,345.0,13.7,20.4,1010.3,
2019-07-15,17.9,15.4,22.2,0.0,,0.0,6.8,20.4,1008.6,
2019-07-16,16.3,14.0,19.0,3.8,,341.0,23.0,29.6,1010.1,
2019-07-17,19.3,15.0,23.2,0.0,,354.0,9.1,18.5,1012.7,
2019-07-18,21.1,17.0,27.0,0.0,,335.0,4.6,16.7,1011.8,
2019-07-19,20.8,17.8,26.4,0.0,,286.0,6.6,16.7,1015.0,
2019-07-20,23.6,18.4,29.2,0.0,,344.0,1.3,14.8,1017.6,
2019-07-21,25.4,20.6,29.8,0.0,,301.0,4.8,16.7,1019.1,
2019-07-22,25.5,22.0,30.2,0.0,,329.0,6.8,20.4,1019.6,
2019-07-23,23.6,20.8,27.0,0.0,,334.0,14.2,25.9,1017.9,
2019-07-24,24.6,20.8,28.4,0.0,,298.0,11.4,22.2,1016.0,
2019-07-25,26.5,22.0,31.0,0.0,,332.0,7.4,20.4,1015.6,
2019-07-26,27.1,24.0,32.4,0.0,,147.0,8.4,22.2,1012.3,
2019-07-27,24.4,21.8,29.2,0.0,,211.0,15.7,29.6,1006.3,
2019-07-28,19.9,17.0,22.0,,,221.0,27.7,40.8,1000.3,
2019-07-29,21.4,17.0,26.4,0.0,,233.0,15.1,31.5,1005.1,
2019-07-30,22.1,17.8,26.0,0.0,,317.0,4.4,16.7,1009.9,
2019-07-31,25.0,20.0,30.2,0.0,,274.0,2.5,18.5,1012.1,
2019-08-01,25.7,22.0,31.0,0.0,,261.0,5.0,18.5,1013.7,
2019-08-02,24.7,21.0,30.8,0.0,,227.0,9.0,24.1,1012.2,
2019-08-03,21.9,18.8,25.4,0.0,,315.0,6.9,16.7,1010.0,
2019-08-04,21.6,17.6,27.0,0.0,,319.0,4.8,16.7,1013.4,
2019-08-05,21.4,19.0,28.8,,,232.0,3.2,16.7,1015.1,
2019-08-06,25.3,21.3,30.0,,,215.0,6.9,20.4,1015.1,
2019-08-07,26.4,22.4,31.2,,,218.0,9.0,22.2,1013.0,
2019-08-08,27.0,23.2,30.0,,,237.0,6.6,24.1,1011.0,
2019-08-09,25.1,20.8,31.0,0.0,,30.0,5.2,16.7,1013.3,
2019-08-10,27.2,22.8,33.2,0.0,,29.0,2.8,16.7,1014.4,
2019-08-11,28.7,24.8,33.4,0.0,,314.0,5.0,16.7,1014.1,
2019-08-12,29.9,25.0,36.2,0.0,,343.0,3.9,16.7,1011.9,
2019-08-13,28.8,25.0,35.4,0.0,,343.0,4.1,16.7,1010.2,
2019-08-14,22.2,18.4,26.0,0.8,,299.0,6.9,24.1,1010.3,
2019-08-15,19.6,15.0,24.4,0.0,,333.0,9.1,18.5,1013.7,
2019-08-16,21.1,17.6,27.2,0.0,,330.0,5.2,14.8,1014.4,
2019-08-17,21.7,16.8,26.6,0.0,,355.0,5.5,14.8,1016.2,
2019-08-18,24.2,20.0,29.4,0.0,,11.0,6.0,16.7,1015.6,
2019-08-19,25.6,21.0,31.0,0.0,,,4.4,16.7,1015.8,
2019-08-20,26.6,23.0,32.2,0.0,,175.0,4.6,14.8,1016.7,
2019-08-21,27.1,23.0,32.0,0.0,,24.0,4.4,16.7,1016.8,
2019-08-22,25.4,21.0,31.6,0.0,,7.0,7.8,20.4,1017.9,
2019-08-23,20.9,17.8,27.0,13.0,,343.0,8.2,18.5,1018.5,
2019-08-24,19.9,16.0,27.0,40.9,,311.0,7.9,16.7,1017.6,
2019-08-25,20.1,17.0,26.6,15.0,,289.0,8.1,14.8,1016.8,
2019-08-26,21.5,16.8,27.2,1.0,,325.0,4.9,14.8,1016.6,
2019-08-27,23.1,19.0,29.0,0.0,,357.0,5.0,14.8,1016.9,
2019-08-28,23.9,20.8,28.2,0.0,,6.0,6.2,16.7,1016.6,
2019-08-29,21.8,18.0,27.8,0.0,,319.0,6.9,14.8,1017.2,
2019-08-30,21.7,18.4,28.0,24.9,,291.0,6.0,14.8,1017.6,
2019-08-31,21.9,20.0,27.2,3.0,,291.0,6.0,14.8,1015.3,
2019-09-01,20.7,18.0,27.0,4.1,,266.0,7.1,14.8,1012.4,
2019-09-02,19.7,17.8,23.4,1.5,,287.0,3.8,13.0,1012.5,
2019-09-03,17.3,14.8,19.4,0.0,,314.0,12.2,22.2,1015.4,
2019-09-04,16.8,14.0,19.4,0.0,,339.0,14.0,20.4,1016.1,
2019-09-05,19.2,15.0,25.0,0.0,,83.0,3.5,14.8,1012.4,
2019-09-06,19.9,18.0,24.0,0.0,,201.0,10.5,18.5,1012.7,
2019-09-07,19.6,16.6,23.6,0.0,,210.0,6.5,20.4,1014.1,
2019-09-08,18.3,15.4,22.0,0.0,,238.0,11.7,27.8,1014.2,
2019-09-09,17.7,15.0,22.0,0.0,,242.0,13.4,29.6,1013.5,
2019-09-10,17.4,14.0,23.0,0.0,,20.0,6.6,16.7,1015.5,
2019-09-11,18.1,14.0,23.0,0.0,,331.0,8.2,18.5,1018.4,
2019-09-12,18.1,15.0,23.2,0.0,,328.0,9.9,22.2,1024.7,
2019-09-13,18.4,15.0,23.2,0.0,,304.0,15.1,24.1,1027.4,
2019-09-14,18.8,15.8,23.0,0.0,,304.0,11.7,20.4,1026.3,
2019-09-15,20.2,16.0,25.4,0.0,,334.0,3.4,13.0,1024.4,
2019-09-16,20.9,17.6,26.0,0.0,,265.0,2.7,16.7,1019.8,
2019-09-17,21.1,17.8,26.0,0.0,,209.0,8.1,20.4,1016.4,
2019-09-18,20.8,17.2,27.0,4.1,,235.0,5.8,18.5,1015.3,
2019-09-19,16.4,15.0,19.0,8.9,,302.0,6.4,16.7,1015.8,
2019-09-20,13.5,11.6,16.2,2.0,,340.0,12.1,22.2,1021.1,
2019-09-21,14.4,10.0,20.2,0.0,,8.0,8.2,14.8,1023.5,
2019-09-22,16.6,13.4,20.0,1.0,,216.0,7.8,20.4,1019.2,
2019-09-23,19.3,16.0,24.0,8.9,,220.0,13.2,29.6,1012.6,
2019-09-24,16.8,14.0,21.6,0.0,,329.0,3.4,25.9,1011.9,
2019-09-25,17.8,13.8,22.4,0.0,,214.0,9.5,29.6,1011.8,
2019-09-26,18.3,16.0,23.0,0.0,,288.0,10.1,25.9,1013.5,
2019-09-27,19.6,15.0,25.0,0.0,,249.0,6.7,14.8,1018.0,
2019-09-28,19.7,16.8,24.2,0.0,,227.0,7.5,24.1,1018.4,
2019-09-29,19.3,16.0,23.4,0.0,,230.0,12.1,24.1,1017.0,
2019-09-30,19.5,15.4,24.0,0.0,,237.0,15.0,27.8,1014.2,
2019-10-01,18.6,15.0,23.2,0.0,,207.0,8.5,22.2,1013.0,
2019-10-02,16.9,13.6,22.0,,,227.0,18.4,33.3,1006.9,
2019-10-03,12.4,8.8,16.6,22.1,,254.0,15.1,24.1,1006.5,
2019-10-04,10.7,7.8,14.4,0.0,,329.0,14.8,22.2,1011.9,
2019-10-05,13.8,11.0,18.0,0.0,,17.0,5.9,18.5,1010.4,
2019-10-06,13.5,11.8,16.2,0.0,,30.0,6.1,16.7,1012.6,
2019-10-07,10.6,9.6,13.0,14.0,,35.0,15.9,27.8,1009.0,
2019-10-08,11.9,9.0,16.2,0.0,,341.0,13.6,20.4,1017.5,
2019-10-09,15.3,10.8,20.4,0.0,,189.0,10.2,24.1,1019.3,
2019-10-10,17.3,14.8,21.6,0.0,,232.0,11.3,22.2,1016.7,
2019-10-11,14.9,12.0,19.6,0.0,,291.0,5.6,13.0,1021.9,
2019-10-12,16.4,13.8,21.0,0.0,,200.0,4.2,16.7,1024.0,
2019-10-13,16.3,12.8,22.0,0.0,,,2.7,13.0,1024.1,
2019-10-14,16.0,13.0,21.0,0.0,,75.0,3.5,13.0,1022.6,
2019-10-15,15.9,12.4,20.8,,,195.0,6.0,22.2,1018.2,
2019-10-16,15.2,12.6,18.4,3.0,,222.0,10.4,24.1,1016.3,
2019-10-17,14.4,11.0,18.6,0.0,,248.0,5.8,14.8,1019.8,
2019-10-18,15.1,11.8,20.2,0.0,,,2.5,16.7,1019.1,
2019-10-19,15.0,11.4,20.6,0.0,,219.0,5.5,22.2,1018.5,
2019-10-20,16.7,11.0,22.0,0.0,,212.0,10.6,20.4,1020.1,
2019-10-21,19.3,15.6,25.0,0.0,,177.0,6.0,13.0,1022.5,
2019-10-22,18.6,16.4,23.2,0.0,,345.0,4.5,13.0,1022.8,
2019-10-23,18.3,16.0,23.8,0.0,,78.0,5.8,13.0,1021.1,
2019-10-24,17.6,15.0,23.0,0.0,,154.0,6.9,14.8,1016.9,
2019-10-25,14.8,12.4,18.0,0.5,,0.0,5.7,18.5,1017.0,
2019-10-26,14.9,12.0,19.6,0.0,,349.0,5.5,14.8,1022.7,
2019-10-27,16.4,13.6,21.0,0.0,,83.0,3.5,13.0,1022.3,
2019-10-28,17.0,13.6,23.0,0.0,,,3.2,16.7,1018.1,
2019-10-29,15.6,12.8,21.2,0.0,,223.0,4.8,18.5,1017.2,
2019-10-30,14.3,11.4,18.2,0.0,,257.0,3.5,13.0,1018.9,
2019-10-31,13.2,11.8,17.0,14.0,,8.0,3.1,11.1,1018.1,
2019-11-01,10.9,10.7,11.4,7.9,,49.0,4.1,14.8,1016.1,
2019-11-02,12.7,10.0,15.2,,,213.0,9.3,35.2,1010.5,
2019-11-03,13.2,11.0,15.0,54.1,,208.0,23.8,50.0,1002.1,
2019-11-04,12.9,10.8,15.0,5.1,,235.0,33.8,46.3,1002.0,
2019-11-05,14.7,12.8,17.2,6.1,,203.0,30.5,63.0,1004.6,
2019-11-06,11.7,10.0,13.0,7.9,,232.0,13.5,42.6,1005.6,
2019-11-07,10.3,9.0,14.0,,,260.0,7.7,16.7,1008.5,
2019-11-08,10.1,8.0,12.8,3.0,,196.0,12.9,35.2,1008.2,
2019-11-09,8.8,7.0,10.0,,,204.0,7.0,29.6,1009.0,
2019-11-10,8.5,6.0,11.0,3.0,,211.0,4.8,18.5,1009.5,
2019-11-11,10.6,9.0,13.4,0.0,,156.0,7.9,14.8,1011.8,
2019-11-12,10.1,9.0,12.4,17.5,,144.0,12.4,29.6,998.6,
2019-11-13,9.2,7.8,11.8,9.9,,243.0,6.7,31.5,998.7,
2019-11-14,9.2,8.0,11.4,0.0,,183.0,3.6,18.5,1008.3,
2019-11-15,11.3,8.8,13.4,0.0,,172.0,19.9,55.5,1007.7,
2019-11-16,10.9,10.0,13.0,33.0,,141.0,12.0,44.5,1009.7,
2019-11-17,10.4,8.0,14.0,18.0,,148.0,20.1,35.2,1006.6,
2019-11-18,9.2,6.8,12.2,0.0,,185.0,12.1,27.8,1014.4,
2019-11-19,8.8,8.0,10.0,0.0,,175.0,9.2,18.5,1015.5,
2019-11-20,8.7,7.0,11.2,0.0,,230.0,8.9,27.8,1012.7,
2019-11-21,8.3,6.0,11.0,0.0,,220.0,4.7,20.4,1014.6,
2019-11-22,8.5,6.8,11.2,0.0,,189.0,4.9,18.5,1014.0,
2019-11-23,10.4,8.0,13.0,0.0,,156.0,12.4,25.9,1011.2,
2019-11-24,9.6,8.8,11.0,25.9,,123.0,15.9,20.4,1004.2,
2019-11-25,8.8,8.0,9.4,5.8,,49.0,4.9,20.4,1004.3,
2019-11-26,10.4,7.8,14.4,0.0,,298.0,3.3,16.7,1010.1,
2019-11-27,10.7,9.0,13.2,0.0,,261.0,8.4,37.0,1009.9,
2019-11-28,10.7,9.0,12.0,1.0,,251.0,17.4,38.9,1007.9,
2019-11-29,10.5,9.0,11.4,0.0,,256.0,18.9,38.9,1011.3,
2019-11-30,9.7,7.8,12.8,0.0,,31.0,4.5,22.2,1017.1,
2019-12-01,8.9,6.8,13.2,0.0,,142.0,8.0,22.2,1021.2,
2019-12-02,10.4,9.0,13.0,0.0,,232.0,4.6,25.9,1016.6,
2019-12-03,6.8,4.0,10.4,16.0,,339.0,6.1,16.7,1019.2,
2019-12-04,2.7,2.0,4.0,0.0,,1.0,3.3,20.4,1023.6,
2019-12-05,3.8,2.0,6.0,0.0,,32.0,3.7,14.8,1024.9,
2019-12-06,7.3,4.8,10.0,0.5,,198.0,0.8,16.7,1024.0,
2019-12-07,9.6,8.0,12.2,0.0,,237.0,13.0,22.2,1020.5,
2019-12-08,9.7,7.8,13.0,0.0,,,4.2,16.7,1020.8,
2019-12-09,8.9,8.0,11.0,0.0,,253.0,10.7,31.5,1012.1,
2019-12-10,5.2,4.0,7.2,9.9,,328.0,13.0,35.2,1010.6,
2019-12-11,3.0,2.0,5.0,0.5,,348.0,11.3,27.8,1014.4,
2019-12-12,4.2,2.0,7.0,0.0,,202.0,11.2,18.5,1006.4,
2019-12-13,4.9,3.0,8.4,7.1,,212.0,26.3,44.5,996.0,
2019-12-14,7.1,3.8,11.2,3.0,,242.0,20.2,25.9,1001.0,
2019-12-15,10.0,8.0,13.4,0.0,,197.0,14.2,29.6,1017.4,
2019-12-16,11.6,9.0,15.4,0.0,,197.0,9.3,22.2,1022.0,
2019-12-17,12.5,10.0,17.0,0.0,,146.0,8.8,20.4,1022.0,
2019-12-18,10.4,10.0,12.0,0.0,,119.0,8.1,14.8,1022.5,
2019-12-19,8.0,6.0,9.2,21.1,,117.0,10.9,16.7,1020.9,
2019-12-20,8.4,6.0,10.2,6.1,,200.0,17.4,46.3,1015.3,
2019-12-21,11.0,9.4,12.2,2.0,,201.0,35.6,75.9,1002.5,
2019-12-22,9.4,8.0,12.0,3.8,,228.0,43.5,72.2,993.3,
2019-12-23,8.0,7.0,11.0,0.0,,273.0,19.6,38.9,1002.5,
2019-12-24,8.2,6.6,11.6,0.0,,281.0,14.6,24.1,1016.7,
2019-12-25,9.1,7.0,13.4,0.0,,283.0,8.7,22.2,1015.6,
2019-12-26,5.9,4.8,8.0,0.5,,344.0,11.7,20.4,1021.5,
2019-12-27,5.9,4.0,9.2,0.0,,151.0,4.5,11.1,1023.2,
2019-12-28,1.1,-1.0,5.0,1.5,10.0,19.0,30.5,40.8,1027.5,
2019-12-29,-0.4,-2.0,0.2,1.5,10.0,17.0,29.0,42.6,1030.6,
2019-12-30,-0.3,-1.0,1.0,2.0,10.0,19.0,29.6,48.2,1031.7,
2019-12-31,3.6,0.0,7.0,0.0,,313.0,6.3,14.8,1032.2,
2020-01-01,5.6,3.0,8.2,0.0,,329.0,10.7,24.1,1031.2,
2020-01-02,5.3,2.8,9.4,0.0,,327.0,8.5,13.0,1032.5,
2020-01-03,10.0,4.4,13.2,0.0,,257.0,3.6,14.8,1030.1,
2020-01-04,6.7,4.0,10.6,0.0,,267.0,4.3,16.7,1024.9,
2020-01-05,5.0,1.1,7.0,0.0,,5.0,30.6,48.2,1026.3,
2020-01-06,0.9,-0.2,2.4,0.0,,8.0,29.9,37.0,1030.1,
2020-01-07,3.9,-0.6,8.2,0.0,,332.0,6.5,13.0,1027.5,
2020-01-08,4.2,1.8,7.0,0.0,,338.0,8.0,16.7,1029.6,
2020-01-09,8.2,3.0,12.0,0.0,,254.0,3.0,16.7,1030.4,
2020-01-10,7.1,3.0,11.2,0.0,,210.0,4.9,18.5,1027.4,
2020-01-11,6.1,4.6,8.0,,,323.0,7.3,13.0,1027.2,
2020-01-12,5.2,2.6,7.2,0.0,,5.0,9.3,14.8,1027.3,
2020-01-13,6.2,2.8,9.0,,,145.0,4.5,13.0,1027.1,
2020-01-14,7.2,4.0,10.4,0.0,,171.0,4.8,13.0,1027.2,
2020-01-15,6.8,3.0,10.0,0.0,,172.0,3.8,11.1,1029.9,
2020-01-16,6.6,4.0,9.2,0.0,,308.0,6.5,11.1,1031.0,
2020-01-17,7.2,3.6,10.2,0.0,,209.0,4.1,13.0,1028.3,
2020-01-18,6.0,3.4,8.0,0.0,,247.0,12.9,22.2,1023.1,
2020-01-19,3.9,2.6,4.4,0.0,,333.0,10.4,16.7,1024.3,
2020-01-20,3.0,1.8,4.0,0.0,,9.0,12.6,20.4,1036.0,
2020-01-21,3.4,1.8,5.0,0.0,,50.0,4.9,13.0,1040.7,
2020-01-22,5.8,1.8,11.0,0.0,,,3.4,11.1,1035.9,
2020-01-23,8.1,5.5,10.6,0.0,,335.0,6.1,13.0,1031.4,
2020-01-24,7.4,3.0,11.4,0.0,,157.0,3.7,13.0,1029.0,
2020-01-25,9.2,6.0,11.0,0.0,,213.0,8.0,20.4,1024.5,
2020-01-26,7.8,7.0,9.6,0.0,,243.0,3.3,11.1,1021.3,
2020-01-27,8.9,5.4,11.6,0.0,,,7.0,22.2,1020.5,
2020-01-28,8.6,5.4,10.0,0.0,,246.0,22.6,46.3,1015.3,
2020-01-29,9.1,6.8,11.0,0.0,,249.0,24.6,35.2,1012.4,
2020-01-30,9.8,5.6,12.8,0.0,,251.0,7.6,20.4,1020.1,
2020-01-31,9.2,5.6,12.2,0.0,,233.0,12.6,25.9,1021.3,
2020-02-01,10.2,6.8,12.4,0.0,,247.0,11.2,27.8,1021.0,
2020-02-02,11.0,8.0,13.2,0.0,,241.0,12.0,27.8,1020.7,
2020-02-03,11.8,8.0,15.0,0.0,,238.0,14.0,29.6,1019.0,
2020-02-04,10.8,3.0,13.6,0.0,,262.0,27.8,53.7,1009.5,
2020-02-05,0.1,-1.0,1.4,13.0,20.0,349.0,38.5,51.8,1012.9,
2020-02-06,-0.2,-1.0,1.0,0.0,10.0,8.0,36.3,59.3,1025.3,
2020-02-07,4.7,-0.6,8.4,0.0,10.0,319.0,8.1,14.8,1028.4,
2020-02-08,7.9,3.4,10.6,0.0,,150.0,4.1,13.0,1029.6,
2020-02-09,8.1,4.0,12.0,0.0,,221.0,8.0,24.1,1031.9,
2020-02-10,8.6,5.2,10.2,0.0,,244.0,35.7,55.5,1023.3,
2020-02-11,12.6,9.0,16.0,0.0,,247.0,36.7,53.7,1013.6,
2020-02-12,11.2,6.9,14.4,0.0,,201.0,8.2,27.8,1017.1,
2020-02-13,9.0,4.6,12.4,0.0,,221.0,12.4,31.5,1021.7,
2020-02-14,6.8,5.0,8.4,6.1,,293.0,21.5,38.9,1017.3,
2020-02-15,7.2,4.4,9.4,0.0,,357.0,14.7,25.9,1027.1,
2020-02-16,9.8,5.0,13.4,0.0,,359.0,4.2,13.0,1030.3,
2020-02-17,11.6,6.0,16.0,0.0,,227.0,5.1,20.4,1028.4,
2020-02-18,10.2,6.0,14.0,0.0,,202.0,6.3,20.4,1024.4,
2020-02-19,8.8,6.8,11.2,0.5,,244.0,8.2,22.2,1020.1,
2020-02-20,4.1,2.0,6.2,3.3,,347.0,18.7,29.6,1022.7,
2020-02-21,8.9,3.0,13.0,0.0,,313.0,6.0,13.0,1025.5,
2020-02-22,6.2,3.0,9.0,0.0,,13.0,12.0,24.1,1031.1,
2020-02-23,11.8,5.0,15.2,0.0,,227.0,11.1,29.6,1029.6,
2020-02-24,12.9,7.0,17.2,0.0,,201.0,9.9,27.8,1022.2,
2020-02-25,11.3,7.2,14.0,0.0,,240.0,28.5,38.9,1014.5,
2020-02-26,9.8,7.0,11.2,0.0,,241.0,31.3,59.3,1003.6,
2020-02-27,5.7,1.6,9.0,0.3,,262.0,22.6,40.8,1010.3,
2020-02-28,7.4,4.4,9.0,0.0,,318.0,23.9,46.3,1012.7,
2020-02-29,8.6,3.0,12.0,0.0,,224.0,10.5,29.6,1019.7,
2020-03-01,10.1,5.2,11.4,0.0,,235.0,20.4,46.3,1011.2,
2020-03-02,9.8,7.8,11.0,0.0,,222.0,28.0,63.0,1006.4,
2020-03-03,6.4,4.4,8.2,4.1,,228.0,27.3,57.4,1002.0,
2020-03-04,6.2,2.4,9.6,1.0,,336.0,8.4,20.4,1008.1,
2020-03-05,7.8,2.4,11.6,0.3,,265.0,7.3,35.2,1011.0,
2020-03-06,10.3,5.4,12.2,1.5,,241.0,24.2,44.5,1002.0,
2020-03-07,6.6,3.0,10.0,8.9,,295.0,12.3,24.1,1008.4,
2020-03-08,5.3,3.0,7.0,4.3,,350.0,15.9,25.9,1017.1,
2020-03-09,7.4,1.8,11.6,0.0,,355.0,4.4,14.8,1014.5,
2020-03-10,6.9,3.0,9.0,0.0,,353.0,12.2,24.1,1015.9,
2020-03-11,13.1,5.6,17.0,0.0,,239.0,4.1,16.7,1020.4,
2020-03-12,15.4,9.4,19.0,0.0,,242.0,12.5,31.5,1021.6,
2020-03-13,15.0,9.6,19.6,,,224.0,6.6,24.1,1016.9,
2020-03-14,13.8,8.4,16.2,,,,4.7,13.0,1014.9,
2020-03-15,6.9,4.1,8.2,0.0,,2.0,16.2,25.9,1019.4,
2020-03-16,8.4,3.0,11.2,0.0,,38.0,9.0,16.7,1025.9,
2020-03-17,10.3,5.0,13.6,0.0,,21.0,5.2,14.8,1029.8,
2020-03-18,10.6,5.8,13.6,0.0,,345.0,10.0,18.5,1027.5,
2020-03-19,13.4,7.8,16.2,0.0,,37.0,6.8,14.8,1025.2,
2020-03-20,14.6,9.8,17.2,0.0,,175.0,6.4,14.8,1022.4,
2020-03-21,13.2,9.4,15.2,0.0,,148.0,7.8,14.8,1015.9,
2020-03-22,8.7,4.7,11.0,0.0,,340.0,15.4,24.1,1014.8,
2020-03-23,-0.6,-3.3,4.3,0.0,,347.0,24.1,35.2,1021.9,
2020-03-24,-3.3,-4.4,-2.0,6.1,61.0,309.0,15.3,20.4,1020.7,
2020-03-25,-2.1,-4.0,-0.8,7.1,71.0,18.0,11.1,25.9,1015.7,
2020-03-26,2.8,-1.4,5.4,39.1,109.0,42.0,23.9,40.8,1006.5,
2020-03-27,5.3,4.0,7.2,1.0,,41.0,16.8,24.1,1009.8,
2020-03-28,6.7,4.0,9.6,7.1,,16.0,5.8,14.8,1013.7,
2020-03-29,9.8,5.4,13.0,0.0,,,5.4,13.0,1013.3,
2020-03-30,10.6,6.8,14.0,0.0,,322.0,6.6,13.0,1012.4,
2020-03-31,3.2,0.2,7.3,2.0,,319.0,9.8,14.8,1016.5,
2020-04-01,0.0,-2.6,2.0,8.9,51.0,338.0,22.9,31.5,1017.1,
2020-04-02,5.1,-2.6,9.0,0.0,,327.0,5.5,13.0,1015.2,
2020-04-03,6.0,1.4,8.4,0.0,,,7.7,18.5,1013.6,
2020-04-04,7.8,2.0,10.0,0.0,,356.0,22.2,33.3,1016.4,
2020-04-05,8.8,5.8,11.0,0.0,,349.0,25.7,31.5,1019.2,
2020-04-06,10.6,6.4,13.0,0.0,,13.0,10.8,20.4,1023.9,
2020-04-07,12.6,7.8,15.0,0.0,,343.0,9.9,18.5,1027.3,
2020-04-08,12.8,7.0,15.2,0.0,,349.0,8.0,14.8,1026.2,
2020-04-09,13.4,7.4,16.2,0.0,,286.0,7.1,14.8,1023.1,
2020-04-10,15.8,9.8,18.6,0.0,,322.0,7.6,14.8,1022.6,
2020-04-11,16.8,12.0,20.0,0.0,,329.0,10.1,16.7,1022.2,
2020-04-12,17.4,12.6,21.0,0.0,,268.0,5.7,14.8,1021.5,
2020-04-13,16.4,10.4,19.0,0.0,,230.0,8.1,24.1,1017.5,
2020-04-14,9.6,5.2,11.6,6.1,,307.0,14.0,22.2,1012.8,
2020-04-15,5.8,1.0,9.0,5.1,,5.0,16.3,25.9,1022.0,
2020-04-16,13.2,3.0,18.2,0.0,,179.0,5.7,18.5,1024.0,
2020-04-17,16.8,9.0,20.4,0.0,,115.0,6.3,14.8,1020.0,
2020-04-18,17.9,11.6,22.0,0.0,,202.0,6.1,16.7,1017.9,
2020-04-19,18.7,14.2,23.0,0.0,,199.0,7.2,18.5,1014.0,
2020-04-20,11.9,11.0,12.6,16.0,,55.0,6.6,16.7,1009.4,
2020-04-21,10.9,10.0,12.2,8.9,,53.0,9.8,16.7,1008.0,
2020-04-22,9.0,8.6,9.4,29.0,,44.0,12.5,18.5,1012.8,
2020-04-23,8.2,6.4,9.2,8.1,,39.0,8.2,18.5,1016.5,
2020-04-24,13.6,7.6,17.8,0.0,,303.0,5.7,14.8,1016.0,
2020-04-25,15.0,9.8,17.4,0.0,,234.0,9.1,22.2,1012.1,
2020-04-26,14.6,9.0,18.0,0.0,,227.0,6.8,16.7,1010.4,
2020-04-27,15.7,9.4,18.8,0.0,,206.0,5.9,18.5,1013.3,
2020-04-28,13.6,8.8,15.2,0.0,,232.0,15.5,31.5,1013.6,
2020-04-29,13.7,10.4,15.4,0.0,,242.0,22.6,31.5,1010.7,
2020-04-30,14.8,8.0,18.4,0.0,,238.0,13.3,29.6,1012.4,
2020-05-01,14.4,8.8,17.4,0.0,,241.0,25.3,35.2,1011.3,
2020-05-02,14.7,11.8,17.0,2.0,,233.0,17.7,35.2,1008.8,
2020-05-03,14.2,9.3,17.4,0.8,,338.0,12.3,22.2,1011.9,
2020-05-04,13.6,7.2,17.0,0.0,,350.0,9.7,16.7,1018.3,
2020-05-05,17.3,11.8,19.6,0.0,,240.0,19.3,27.8,1016.6,
2020-05-06,15.0,10.0,19.0,0.0,,335.0,14.9,29.6,1014.0,
2020-05-07,11.4,6.2,14.0,0.3,,0.0,15.3,24.1,1020.3,
2020-05-08,17.2,8.6,21.0,0.0,,262.0,6.4,14.8,1021.9,
2020-05-09,18.9,12.4,22.4,0.0,,185.0,6.4,18.5,1017.6,
2020-05-10,17.2,11.6,22.2,0.5,,199.0,7.4,18.5,1013.3,
2020-05-11,17.2,13.9,19.2,0.0,,224.0,19.1,33.3,1008.3,
2020-05-12,16.8,12.0,19.0,0.0,,256.0,21.7,29.6,1011.6,
2020-05-13,20.4,12.0,23.4,0.0,,204.0,16.6,44.5,1012.8,
2020-05-14,23.6,18.2,25.0,0.0,,227.0,17.5,44.5,1008.2,
2020-05-15,20.3,18.3,22.2,0.0,,243.0,23.0,37.0,1011.9,
2020-05-16,20.2,14.4,22.4,0.0,,15.0,8.4,22.2,1016.9,
2020-05-17,19.8,14.0,22.0,0.0,,264.0,13.9,24.1,1015.7,
2020-05-18,18.8,15.4,22.0,0.0,,22.0,11.5,22.2,1016.7,
2020-05-19,16.9,12.8,19.2,0.0,,141.0,11.1,18.5,1012.3,
2020-05-20,13.6,11.6,14.0,1.0,,46.0,9.8,18.5,1008.9,
2020-05-21,12.3,9.0,14.6,5.1,,352.0,24.1,29.6,1013.9,
2020-05-22,15.0,9.4,17.6,0.0,,357.0,14.6,22.2,1022.9,
2020-05-23,22.6,13.8,25.4,0.0,,239.0,9.0,22.2,1024.6,
2020-05-24,19.9,16.0,22.2,0.0,,297.0,13.2,25.9,1023.3,
2020-05-25,16.4,11.4,19.0,0.0,,356.0,12.0,22.2,1024.5,
2020-05-26,13.7,9.8,15.2,0.0,,339.0,18.8,29.6,1024.9,
2020-05-27,11.9,8.0,14.2,3.8,,344.0,25.0,31.5,1026.2,
2020-05-28,14.4,9.8,16.4,0.0,,333.0,15.3,20.4,1023.8,
2020-05-29,13.6,11.0,18.0,7.1,,297.0,7.9,14.8,1019.2,
2020-05-30,10.1,9.0,11.4,21.1,,347.0,4.2,14.8,1016.5,
2020-05-31,13.2,8.8,15.0,0.8,,337.0,9.0,16.7,1015.5,
2020-06-01,13.6,9.4,15.4,11.9,,321.0,13.9,22.2,1016.0,
2020-06-02,16.7,11.0,19.0,0.0,,318.0,8.7,18.5,1014.7,
2020-06-03,17.6,13.0,22.0,7.1,,250.0,8.7,22.2,1010.7,
2020-06-04,17.6,12.4,20.6,0.0,,211.0,15.9,35.2,1007.3,
2020-06-05,14.1,13.0,16.2,25.9,,218.0,19.8,42.6,1002.5,
2020-06-06,18.8,11.8,21.4,0.0,,257.0,7.4,16.7,1006.8,
2020-06-07,18.8,13.4,21.2,0.0,,237.0,16.6,25.9,1009.5,
2020-06-08,16.9,14.0,19.4,6.1,,237.0,13.5,27.8,1008.5,
2020-06-09,17.8,12.8,21.0,0.0,,252.0,14.2,22.2,1009.6,
2020-06-10,15.7,12.0,17.4,0.0,,248.0,20.4,29.6,1011.6,
2020-06-11,15.6,11.8,18.0,0.0,,243.0,18.4,27.8,1011.6,
2020-06-12,18.8,11.0,22.8,0.0,,246.0,6.0,18.5,1013.3,
2020-06-13,22.2,15.2,25.0,0.0,,238.0,13.5,22.2,1013.3,
2020-06-14,19.0,15.6,21.2,0.0,,240.0,20.1,27.8,1012.0,
2020-06-15,17.3,13.8,21.0,14.0,,250.0,6.1,22.2,1012.1,
2020-06-16,16.6,13.4,19.2,25.4,,,5.2,14.8,1012.0,
2020-06-17,18.6,13.8,21.2,0.3,,224.0,15.8,24.1,1011.2,
2020-06-18,19.0,13.8,21.0,0.0,,224.0,19.3,29.6,1013.8,
2020-06-19,20.3,15.4,22.2,0.0,,222.0,11.7,24.1,1015.5,
2020-06-20,20.1,16.4,23.0,0.0,,307.0,7.9,16.7,1014.9,
2020-06-21,18.8,14.0,21.0,0.0,,316.0,13.1,20.4,1014.3,
2020-06-22,16.9,13.8,18.4,0.0,,323.0,23.7,37.0,1014.6,
2020-06-23,20.8,17.8,22.4,0.0,,326.0,22.7,33.3,1016.2,
2020-06-24,21.4,16.3,24.0,0.0,,318.0,11.1,18.5,1018.6,
2020-06-25,24.7,18.0,27.8,0.0,,288.0,5.9,16.7,1018.3,
2020-06-26,25.2,19.6,28.2,0.0,,18.0,4.5,14.8,1017.0,
2020-06-27,26.3,20.0,29.2,0.0,,219.0,5.6,16.7,1015.9,
2020-06-28,26.1,20.4,29.2,0.0,,281.0,4.2,14.8,1015.3,
2020-06-29,26.6,20.8,29.2,0.0,,220.0,12.2,25.9,1012.9,
2020-06-30,27.2,21.0,29.2,0.0,,222.0,10.6,22.2,1012.3,
2020-07-01,27.2,20.0,30.2,0.0,,215.0,8.3,20.4,1011.9,
2020-07-02,26.8,21.2,31.8,0.8,,207.0,6.7,16.7,1010.5,
2020-07-03,25.6,20.8,31.0,0.0,,225.0,7.1,18.5,1010.5,
2020-07-04,18.2,16.2,21.6,7.9,,287.0,10.4,18.5,1013.9,
2020-07-05,20.8,15.8,23.8,0.0,,326.0,17.6,24.1,1013.9,
2020-07-06,24.0,17.0,27.4,0.0,,325.0,8.7,18.5,1009.6,
2020-07-07,19.8,16.4,20.6,0.0,,324.0,16.3,24.1,1010.7,
2020-07-08,21.4,14.0,25.4,0.0,,355.0,6.4,14.8,1016.0,
2020-07-09,25.4,18.8,28.8,0.0,,8.0,7.0,14.8,1016.5,
2020-07-10,27.2,21.0,30.2,0.0,,336.0,6.6,14.8,1015.0,
2020-07-11,27.8,20.8,30.4,0.0,,248.0,8.7,22.2,1013.6,
2020-07-12,22.1,17.7,24.8,0.0,,338.0,12.1,22.2,1016.5,
2020-07-13,19.2,15.0,21.4,0.0,,356.0,12.4,20.4,1017.5,
2020-07-14,20.6,14.4,24.0,0.0,,356.0,7.3,14.8,1013.6,
2020-07-15,21.0,15.0,25.8,0.0,,261.0,5.5,20.4,1013.7,
2020-07-16,21.6,15.4,24.4,0.0,,220.0,6.8,14.8,1013.7,
2020-07-17,18.7,15.0,23.0,31.0,,314.0,6.4,16.7,1012.0,
2020-07-18,16.4,13.8,18.2,0.0,,340.0,9.6,18.5,1013.6,
2020-07-19,18.8,13.0,22.4,0.0,,344.0,6.7,16.7,1014.9,
2020-07-20,23.1,16.4,26.0,0.0,,342.0,7.0,16.7,1016.8,
2020-07-21,25.8,19.4,28.2,0.0,,331.0,8.1,18.5,1018.5,
2020-07-22,28.4,21.8,31.6,0.0,,270.0,5.1,14.8,1016.9,
2020-07-23,27.6,22.2,31.2,0.0,,246.0,6.0,18.5,1012.9,
2020-07-24,26.8,20.0,29.4,0.0,,247.0,14.7,25.9,1010.6,
2020-07-25,21.2,18.6,24.6,0.5,,336.0,10.1,20.4,1011.5,
2020-07-26,24.2,16.8,27.6,0.0,,306.0,9.2,16.7,1014.3,
2020-07-27,27.3,20.6,31.0,0.0,,108.0,6.4,16.7,1016.2,
2020-07-28,28.7,22.4,31.4,0.0,,175.0,6.5,16.7,1015.2,
2020-07-29,30.8,23.0,34.2,0.0,,243.0,5.7,16.7,1014.6,
2020-07-30,30.6,24.8,35.0,0.3,,245.0,4.6,16.7,1015.9,
2020-07-31,31.2,25.2,35.6,2.0,,223.0,6.6,18.5,1015.1,
2020-08-01,28.8,23.8,31.4,0.0,,293.0,8.9,20.4,1012.5,
2020-08-02,28.6,22.0,33.0,3.0,,266.0,9.0,22.2,1010.2,
2020-08-03,28.0,22.8,31.2,0.0,,224.0,15.4,31.5,1006.9,
2020-08-04,21.8,20.0,24.4,0.0,,221.0,19.2,37.0,1005.6,
2020-08-05,18.4,14.0,21.0,0.0,,308.0,14.3,24.1,1008.6,
2020-08-06,18.6,13.8,21.4,20.1,,323.0,18.7,24.1,1012.3,
2020-08-07,20.3,16.6,23.0,0.3,,323.0,20.6,27.8,1014.9,
2020-08-08,21.2,18.0,23.0,0.0,,319.0,17.8,27.8,1014.7,
2020-08-09,24.3,18.8,26.4,0.0,,331.0,17.9,25.9,1014.5,
2020-08-10,24.9,20.0,29.4,0.0,,284.0,9.2,18.5,1014.1,
2020-08-11,27.2,21.2,30.2,0.0,,264.0,7.0,16.7,1015.3,
2020-08-12,26.8,22.0,32.0,0.5,,235.0,5.4,14.8,1015.7,
2020-08-13,28.2,21.2,32.8,0.0,,233.0,7.7,16.7,1015.6,
2020-08-14,28.2,22.8,31.4,0.0,,223.0,9.5,25.9,1013.0,
2020-08-15,25.1,19.6,29.6,9.9,,233.0,7.2,14.8,1011.5,
2020-08-16,26.3,19.4,32.2,4.1,,222.0,6.5,16.7,1011.3,
2020-08-17,26.9,21.4,31.0,0.0,,223.0,8.0,24.1,1010.6,
2020-08-18,24.2,19.8,28.0,0.0,,241.0,10.5,22.2,1010.5,
2020-08-19,24.3,18.4,27.6,0.0,,310.0,6.5,14.8,1010.4,
2020-08-20,26.1,19.0,29.8,0.0,,328.0,6.9,16.7,1012.5,
2020-08-21,28.2,21.4,31.4,0.0,,326.0,6.1,14.8,1015.8,
2020-08-22,29.6,23.4,32.6,0.0,,202.0,7.5,20.4,1015.4,
2020-08-23,28.1,21.4,32.4,0.0,,184.0,9.5,16.7,1012.0,
2020-08-24,24.8,19.4,27.6,0.0,,320.0,5.9,16.7,1010.5,
2020-08-25,22.6,16.6,25.6,0.0,,313.0,8.4,16.7,1012.9,
2020-08-26,26.7,19.2,31.0,0.0,,244.0,7.3,20.4,1015.1,
2020-08-27,26.7,18.8,31.0,0.0,,233.0,9.3,20.4,1013.8,
2020-08-28,26.4,18.4,31.2,0.0,,223.0,8.7,22.2,1009.8,
2020-08-29,27.1,21.0,29.6,0.0,,220.0,14.6,27.8,1007.0,
2020-08-30,27.9,23.6,31.0,0.0,,214.0,17.4,35.2,1009.0,
2020-08-31,22.2,15.6,26.0,6.1,,216.0,15.1,25.9,1011.7,
2020-09-01,19.1,12.8,23.4,0.0,,288.0,8.9,22.2,1011.9,
2020-09-02,20.1,13.6,24.0,0.0,,348.0,5.1,14.8,1013.8,
2020-09-03,18.9,15.4,21.8,0.0,,348.0,6.9,16.7,1019.0,
2020-09-04,19.8,14.8,23.0,0.0,,331.0,10.4,18.5,1024.3,
2020-09-05,23.4,16.2,28.2,0.0,,297.0,5.9,14.8,1020.2,
2020-09-06,24.9,17.4,29.2,0.0,,227.0,6.3,20.4,1014.6,
2020-09-07,22.8,17.4,27.0,0.0,,356.0,7.1,16.7,1014.9,
2020-09-08,21.9,16.0,25.0,0.0,,346.0,8.5,22.2,1021.7,
2020-09-09,23.6,16.4,28.0,0.0,,6.0,6.3,16.7,1023.0,
2020-09-10,25.4,19.6,30.0,0.0,,323.0,6.8,18.5,1016.9,
2020-09-11,23.4,18.6,27.0,0.0,,327.0,8.9,18.5,1012.7,
2020-09-12,22.6,16.8,26.2,0.0,,326.0,9.0,20.4,1015.4,
2020-09-13,23.9,17.8,27.0,0.0,,316.0,12.7,22.2,1020.7,
2020-09-14,23.4,18.8,26.4,0.0,,323.0,14.0,22.2,1023.1,
2020-09-15,23.1,18.6,26.8,0.0,,325.0,9.1,18.5,1020.8,
2020-09-16,22.8,18.0,26.4,0.0,,316.0,6.6,16.7,1017.2,
2020-09-17,21.3,17.8,24.4,0.0,,310.0,9.1,16.7,1014.6,
2020-09-18,21.7,16.8,24.2,0.0,,321.0,14.1,22.2,1016.6,
2020-09-19,21.8,15.8,26.0,0.0,,354.0,7.3,14.8,1018.4,
2020-09-20,23.2,17.0,27.6,0.0,,191.0,5.0,16.7,1016.3,
2020-09-21,20.6,17.4,23.0,0.0,,197.0,5.8,18.5,1015.7,
2020-09-22,19.3,16.0,22.4,0.5,,203.0,8.6,22.2,1014.9,
2020-09-23,18.6,16.0,22.0,2.0,,233.0,15.0,27.8,1012.5,
2020-09-24,20.4,15.0,23.4,0.0,,239.0,19.5,24.1,1013.0,
2020-09-25,16.8,13.1,19.8,29.0,,235.0,26.6,46.3,1004.3,
2020-09-26,10.9,5.8,13.6,0.0,,249.0,27.0,44.5,998.9,
2020-09-27,12.0,8.6,14.4,37.1,,198.0,22.3,48.2,1003.6,
2020-09-28,10.9,9.0,13.4,7.1,,235.0,19.1,48.2,1007.9,
2020-09-29,14.6,9.4,19.0,0.0,,251.0,8.1,20.4,1016.3,
2020-09-30,15.8,10.0,19.0,0.0,,178.0,4.5,13.0,1015.8,
2020-10-01,16.4,10.8,19.0,0.0,,241.0,8.1,24.1,1010.4,
2020-10-02,17.0,11.6,20.6,0.0,,213.0,11.8,31.5,1007.3,
2020-10-03,21.8,16.4,24.2,0.0,,189.0,25.2,40.8,1004.2,
2020-10-04,16.3,12.4,19.4,0.5,,229.0,22.9,44.5,1010.1,
2020-10-05,17.2,13.0,18.6,0.0,,219.0,18.6,35.2,1011.2,
2020-10-06,16.3,12.0,19.6,0.0,,234.0,10.3,24.1,1016.2,
2020-10-07,13.2,11.0,14.4,7.1,,236.0,19.8,35.2,1013.4,
2020-10-08,13.0,9.4,15.0,0.0,,325.0,17.0,27.8,1020.3,
2020-10-09,15.9,10.2,19.0,0.0,,307.0,7.4,14.8,1023.2,
2020-10-10,17.0,12.0,21.0,0.0,,220.0,6.8,22.2,1019.8,
2020-10-11,12.8,11.8,15.0,7.9,,200.0,11.8,33.3,1012.8,
2020-10-12,11.0,8.0,14.6,3.0,,289.0,9.2,27.8,1007.8,
2020-10-13,8.4,6.2,11.4,14.0,,295.0,7.4,14.8,1009.7,
2020-10-14,12.6,6.6,15.0,0.5,,207.0,13.0,33.3,1011.4,
2020-10-15,12.6,9.9,15.0,7.1,,194.0,20.4,44.5,1007.0,
2020-10-16,9.6,7.6,12.8,0.5,,247.0,20.8,38.9,1012.0,
2020-10-17,10.8,7.0,13.6,0.0,,151.0,7.2,22.2,1015.5,
2020-10-18,11.2,7.4,14.4,0.5,,,4.8,11.1,1019.8,
2020-10-19,12.6,7.8,16.0,0.5,,71.0,3.8,11.1,1024.2,
2020-10-20,13.3,9.0,17.0,0.0,,137.0,4.7,11.1,1025.7,
2020-10-21,14.6,9.6,18.0,0.0,,200.0,5.2,18.5,1025.8,
2020-10-22,15.0,8.8,19.4,0.0,,178.0,3.2,14.8,1026.2,
2020-10-23,15.8,8.6,20.4,0.0,,230.0,6.0,20.4,1024.0,
2020-10-24,13.6,8.8,15.2,3.0,,246.0,19.5,29.6,1018.7,
2020-10-25,14.6,10.2,17.4,0.0,,226.0,10.9,27.8,1016.3,
2020-10-26,13.9,10.8,16.0,0.0,,225.0,13.3,35.2,1014.0,
2020-10-27,11.1,10.0,12.6,5.1,,233.0,11.8,33.3,1010.6,
2020-10-28,10.6,8.0,13.6,0.0,,311.0,9.7,18.5,1016.5,
2020-10-29,12.5,8.8,15.0,0.3,,219.0,4.9,18.5,1020.2,
2020-10-30,13.8,9.8,17.8,0.0,,238.0,3.7,11.1,1023.8,
2020-10-31,17.3,12.0,20.6,0.0,,205.0,4.8,14.8,1024.5,
2020-11-01,13.2,9.0,17.2,0.0,,222.0,5.7,18.5,1023.6,
2020-11-02,13.4,9.0,17.4,0.0,,213.0,4.4,14.8,1024.5,
2020-11-03,13.2,9.0,16.4,0.0,,279.0,2.4,14.8,1024.6,
2020-11-04,13.8,10.6,17.4,0.0,,326.0,3.3,11.1,1023.1,
2020-11-05,10.8,9.6,11.6,0.0,,316.0,5.6,13.0,1026.7,
2020-11-06,10.6,9.4,11.4,0.0,,316.0,9.0,14.8,1029.2,
2020-11-07,12.0,8.0,16.0,0.0,,312.0,4.3,11.1,1030.0,
2020-11-08,13.9,8.4,18.0,0.0,,,3.5,13.0,1027.7,
2020-11-09,15.4,10.8,18.4,0.0,,282.0,4.5,13.0,1025.1,
2020-11-10,15.6,12.6,18.4,0.0,,304.0,5.2,14.8,1025.0,
2020-11-11,14.6,9.8,18.2,0.0,,98.0,5.3,11.1,1025.8,
2020-11-12,13.2,10.0,16.8,0.3,,184.0,5.7,14.8,1025.5,
2020-11-13,13.1,9.8,16.0,0.0,,186.0,4.0,13.0,1025.8,
2020-11-14,12.8,9.0,16.4,0.0,,195.0,4.0,13.0,1025.5,
2020-11-15,14.2,11.0,17.8,0.0,,195.0,5.3,14.8,1023.2,
2020-11-16,13.4,11.4,15.4,,,200.0,7.8,24.1,1018.4,
2020-11-17,8.2,8.0,9.0,23.1,,319.0,15.9,24.1,1019.9,
2020-11-18,8.9,7.8,11.0,1.0,,309.0,7.5,16.7,1027.6,
2020-11-19,10.9,6.4,13.6,0.5,,146.0,3.8,13.0,1024.4,
2020-11-20,7.8,5.0,9.2,18.0,,50.0,11.1,31.5,1015.4,
2020-11-21,2.6,1.2,4.7,34.0,,358.0,27.8,44.5,1024.4,
2020-11-22,2.2,0.0,3.6,0.0,,353.0,10.0,25.9,1029.4,
2020-11-23,8.6,2.8,13.4,0.0,,39.0,2.0,13.0,1028.1,
2020-11-24,6.6,5.0,8.0,0.0,,327.0,6.6,11.1,1025.7,
2020-11-25,7.4,5.6,8.4,0.0,,39.0,2.6,11.1,1024.6,
2020-11-26,9.2,5.6,12.4,0.0,,134.0,4.2,9.3,1025.0,
2020-11-27,9.9,6.4,13.4,0.0,,119.0,3.6,11.1,1023.1,
2020-11-28,7.0,6.0,8.4,0.0,,73.0,4.4,13.0,1018.2,
2020-11-29,7.3,6.4,8.2,,,18.0,17.8,22.2,1012.6,
2020-11-30,4.9,4.0,7.0,2.0,,341.0,12.2,16.7,1020.1,
2020-12-01,5.0,2.0,7.4,0.3,,116.0,6.3,18.5,1017.5,
2020-12-02,7.7,4.8,10.0,0.8,,154.0,15.9,35.2,1009.4,
2020-12-03,5.4,4.0,7.8,22.1,,195.0,4.2,25.9,1006.3,
2020-12-04,6.2,3.8,8.0,1.0,,206.0,8.9,37.0,1005.2,
2020-12-05,10.8,7.2,13.0,0.0,,129.0,17.8,37.0,1004.8,
2020-12-06,8.0,5.8,11.2,33.0,,162.0,20.9,35.2,1001.4,
2020-12-07,6.1,3.8,9.0,0.0,,219.0,11.3,27.8,1007.5,
2020-12-08,7.2,4.8,8.4,6.1,,140.0,23.9,48.2,1004.7,
2020-12-09,6.4,5.2,7.0,11.9,,203.0,14.5,38.9,1001.7,
2020-12-10,5.2,3.2,7.4,0.3,,221.0,7.4,25.9,1005.9,
2020-12-11,4.2,3.0,5.0,0.0,,49.0,3.1,13.0,1005.2,
2020-12-12,6.8,3.4,9.0,0.0,,,2.7,11.1,1001.1,
2020-12-13,4.7,3.6,6.0,3.6,,330.0,13.4,20.4,1007.5,
2020-12-14,6.0,3.6,9.2,0.0,,321.0,12.3,18.5,1016.9,
2020-12-15,7.7,4.4,10.2,0.0,,319.0,2.5,13.0,1021.6,
2020-12-16,8.8,5.0,13.4,0.0,,190.0,3.2,14.8,1024.6,
2020-12-17,9.1,5.4,12.2,0.0,,300.0,2.1,11.1,1027.1,
2020-12-18,8.6,5.4,11.4,0.0,,18.0,3.1,11.1,1028.2,
2020-12-19,8.7,5.8,11.0,0.0,,61.0,2.2,11.1,1027.0,
2020-12-20,8.8,7.0,11.0,0.0,,,4.7,11.1,1025.6,
2020-12-21,7.1,5.0,8.0,0.0,,,1.0,11.1,1027.0,
2020-12-22,9.4,6.4,12.6,0.0,,237.0,2.3,16.7,1027.3,
2020-12-23,9.1,5.4,12.0,0.0,,255.0,4.9,20.4,1026.9,
2020-12-24,10.4,8.0,12.4,0.0,,241.0,20.0,40.8,1019.9,
2020-12-25,8.8,5.9,9.6,,,250.0,23.7,38.9,1011.5,
2020-12-26,3.3,1.6,5.8,1.3,,192.0,6.7,20.4,1010.6,
2020-12-27,1.4,0.6,2.2,,,309.0,10.5,27.8,1007.8,
2020-12-28,6.1,2.2,7.6,4.1,,213.0,31.1,79.6,999.5,
2020-12-29,6.7,1.6,8.2,5.8,,230.0,23.9,48.2,1002.6,
2020-12-30,3.9,3.0,5.4,20.1,,242.0,16.5,31.5,1005.2,
2020-12-31,4.0,1.8,6.2,0.0,,242.0,12.3,27.8,1010.5,
2021-01-01,4.2,2.0,7.0,2.0,,188.0,11.2,27.8,1014.1,
2021-01-02,5.3,4.0,7.2,7.4,,168.0,22.2,35.2,1010.0,
2021-01-03,3.8,3.0,6.6,2.8,,221.0,12.8,29.6,1011.2,
2021-01-04,3.9,1.0,6.0,0.0,,241.0,11.8,24.1,1011.6,
2021-01-05,2.1,0.6,4.2,15.0,,194.0,19.9,37.0,1011.6,
2021-01-06,3.2,2.0,4.6,13.0,,235.0,18.0,38.9,1013.1,
2021-01-07,2.0,0.0,7.0,9.9,30.0,326.0,2.5,16.7,1014.7,
2021-01-08,1.4,-0.4,2.4,11.9,,337.0,5.2,14.8,1010.8,
2021-01-09,0.4,0.0,1.2,13.0,10.0,347.0,3.8,22.2,1014.5,
2021-01-10,1.6,-0.2,2.6,41.9,,355.0,6.7,16.7,1012.7,
2021-01-11,0.2,-1.0,1.0,1.5,,344.0,3.5,13.0,1014.5,
2021-01-12,1.4,-0.2,4.2,2.0,,332.0,3.1,13.0,1015.3,
2021-01-13,5.1,1.0,9.0,0.0,,286.0,4.3,22.2,1014.6,
2021-01-14,7.8,1.6,10.0,0.0,,258.0,23.8,35.2,1012.7,
2021-01-15,1.6,0.6,3.2,1.0,,27.0,9.1,24.1,1014.7,
2021-01-16,-1.2,-2.4,0.0,0.3,20.0,9.0,15.5,31.5,1019.0,
2021-01-17,0.4,-2.2,2.4,4.1,71.0,273.0,8.0,20.4,1018.1,
2021-01-18,-0.2,-2.0,1.6,4.1,30.0,336.0,11.9,20.4,1022.7,
2021-01-19,4.3,-1.6,7.0,0.0,20.0,262.0,14.4,25.9,1027.5,
2021-01-20,6.9,4.0,9.8,0.0,,236.0,11.8,25.9,1024.6,
2021-01-21,8.4,6.0,9.0,0.8,,220.0,17.6,33.3,1019.2,
2021-01-22,9.2,7.2,10.6,0.8,,211.0,27.5,64.8,1011.5,
2021-01-23,5.8,5.0,7.8,7.1,,228.0,32.0,59.3,1002.4,
2021-01-24,6.4,5.0,8.0,13.0,,235.0,22.6,50.0,999.5,
2021-01-25,5.4,3.0,7.4,1.0,,257.0,22.6,55.5,1004.2,
2021-01-26,0.2,-1.0,2.0,4.8,10.0,337.0,20.8,33.3,1011.6,
2021-01-27,2.6,-1.6,5.4,0.0,10.0,34.0,5.7,13.0,1018.2,
2021-01-28,5.2,0.8,8.6,0.0,,209.0,5.7,31.5,1016.1,
2021-01-29,9.6,4.4,12.0,0.0,,243.0,26.6,42.6,1008.8,
2021-01-30,10.7,7.0,14.0,0.0,,233.0,12.9,37.0,1004.6,
2021-01-31,8.7,5.7,10.6,0.0,,231.0,15.8,40.8,996.0,
2021-02-01,8.2,4.9,11.8,1.0,,239.0,4.8,18.5,1000.3,
2021-02-02,8.4,5.0,12.0,0.0,,278.0,4.6,14.8,1010.3,
2021-02-03,10.4,6.9,13.2,0.0,,220.0,12.8,33.3,1017.4,
2021-02-04,12.2,8.8,15.4,0.0,,190.0,11.3,33.3,1018.8,
2021-02-05,15.8,10.0,20.0,0.0,,199.0,5.4,16.7,1018.8,
2021-02-06,15.8,12.0,18.4,0.0,,232.0,9.8,27.8,1015.1,
2021-02-07,12.6,8.3,16.6,9.1,,208.0,19.5,44.5,1004.5,
2021-02-08,8.1,7.0,10.0,8.9,,233.0,23.7,42.6,998.8,
2021-02-09,7.7,6.0,9.4,,,239.0,30.7,50.0,1003.6,
2021-02-10,8.5,6.5,9.2,,,229.0,25.8,53.7,1004.6,
2021-02-11,7.9,5.1,12.6,,,266.0,6.8,22.2,1009.3,
2021-02-12,2.3,0.6,4.6,,,60.0,4.0,14.8,1021.7,
2021-02-13,-2.4,-5.1,-1.0,,109.0,21.0,19.7,35.2,1022.3,
2021-02-14,-4.3,-6.2,-2.8,1.0,99.0,13.0,29.8,42.6,1030.6,
2021-02-15,-1.6,-3.6,0.6,0.0,99.0,1.0,21.8,37.0,1036.5,
2021-02-16,3.2,-2.6,7.0,0.0,30.0,264.0,3.6,18.5,1031.6,
2021-02-17,6.1,1.0,11.6,0.0,10.0,269.0,4.5,18.5,1024.7,
2021-02-18,9.0,5.0,11.4,0.0,10.0,,4.5,13.0,1024.6,
2021-02-19,8.0,5.0,14.2,,,215.0,4.3,18.5,1026.5,
2021-02-20,8.7,5.0,14.4,,,120.0,3.7,16.7,1027.1,
2021-02-21,9.4,6.4,14.8,,,,4.6,13.0,1027.6,
2021-02-22,11.4,7.8,14.4,0.0,,114.0,5.2,13.0,1031.0,
2021-02-23,11.4,6.0,16.0,0.0,,328.0,6.0,13.0,1036.0,
2021-02-24,13.1,9.0,17.0,0.0,,332.0,7.7,14.8,1035.3,
2021-02-25,14.9,10.0,19.0,0.0,,43.0,5.3,13.0,1033.2,
2021-02-26,16.2,11.0,19.6,0.0,,138.0,4.4,13.0,1029.2,
2021-02-27,13.6,9.0,17.4,0.0,,325.0,6.9,16.7,1024.6,
2021-02-28,6.8,4.0,9.6,0.0,,5.0,13.6,22.2,1029.1,
2021-03-01,6.6,1.0,11.0,0.0,,349.0,4.3,13.0,1030.3,
2021-03-02,8.3,2.8,12.0,0.0,,9.0,7.2,14.8,1033.2,
2021-03-03,9.8,4.0,14.4,0.0,,,3.7,14.8,1033.1,
2021-03-04,10.4,4.0,14.2,0.0,,240.0,4.8,24.1,1026.1,
2021-03-05,8.9,3.8,13.0,0.0,,235.0,7.6,20.4,1019.5,
2021-03-06,4.8,2.1,7.2,0.0,,,6.4,13.0,1024.4,
2021-03-07,4.9,1.8,8.2,0.0,,,3.8,11.1,1024.8,
2021-03-08,6.6,4.0,9.8,14.7,,102.0,4.5,13.0,1016.6,
2021-03-09,2.4,1.0,5.0,63.0,,330.0,5.2,13.0,1012.5,
2021-03-10,3.6,1.0,6.2,11.9,,328.0,16.2,22.2,1014.7,
2021-03-11,7.6,1.4,12.0,0.0,,283.0,12.5,31.5,1021.9,
2021-03-12,9.1,6.0,11.0,0.0,,233.0,23.8,40.8,1017.1,
2021-03-13,11.4,7.4,14.6,0.0,,239.0,13.5,31.5,1014.9,
2021-03-14,8.8,6.4,11.0,0.0,,252.0,23.6,42.6,1010.1,
2021-03-15,5.1,0.8,8.0,5.1,,328.0,20.5,25.9,1010.1,
2021-03-16,4.8,1.2,8.6,0.0,,321.0,14.1,22.2,1012.8,
2021-03-17,3.2,-1.4,6.6,1.3,20.0,308.0,8.2,16.7,1016.9,
2021-03-18,2.5,-1.4,4.2,0.0,,343.0,9.8,18.5,1016.6,
2021-03-19,2.2,-1.6,4.0,0.0,,350.0,7.5,16.7,1015.0,
2021-03-20,0.0,-2.0,1.2,,20.0,12.0,11.8,24.1,1015.0,
2021-03-21,1.0,-1.0,2.0,0.0,,2.0,28.6,33.3,1010.4,
2021-03-22,1.2,-1.4,2.4,1.0,,346.0,23.7,33.3,1009.2,
2021-03-23,-0.2,-2.2,1.6,2.8,10.0,334.0,29.2,40.8,1018.0,
2021-03-24,4.1,0.0,6.2,0.0,,329.0,17.9,22.2,1022.9,
2021-03-25,8.6,2.0,11.6,0.0,,331.0,10.7,18.5,1022.5,
2021-03-26,13.7,6.8,16.6,0.0,,266.0,8.0,18.5,1025.0,
2021-03-27,12.6,5.6,16.2,0.0,,240.0,9.9,25.9,1026.8,
2021-03-28,14.7,7.8,18.0,0.0,,146.0,6.5,16.7,1030.3,
2021-03-29,13.0,9.0,16.4,0.0,,331.0,7.3,18.5,1032.5,
2021-03-30,13.1,9.0,15.0,0.0,,334.0,15.2,24.1,1030.5,
2021-03-31,14.6,10.0,17.0,0.0,,353.0,13.3,18.5,1025.5,
2021-04-01,17.4,10.0,21.4,0.0,,233.0,5.1,16.7,1020.3,
2021-04-02,16.4,9.8,19.6,0.0,,216.0,7.6,20.4,1015.8,
2021-04-03,13.0,7.5,17.2,1.0,,255.0,18.4,25.9,1011.3,
2021-04-04,6.7,4.0,9.0,4.1,,12.0,18.8,29.6,1015.3,
2021-04-05,8.2,1.6,12.2,0.0,,319.0,8.3,20.4,1014.3,
2021-04-06,9.0,4.8,10.4,0.3,,235.0,28.3,42.6,1004.1,
2021-04-07,0.4,-1.8,3.0,1.5,10.0,330.0,13.7,22.2,1011.2,
2021-04-08,5.0,-2.2,9.0,3.0,10.0,13.0,9.4,18.5,1025.4,
2021-04-09,9.9,3.0,13.0,0.0,,228.0,6.9,20.4,1028.2,
2021-04-10,12.6,4.8,17.6,0.0,,221.0,5.4,20.4,1024.8,
2021-04-11,12.0,8.8,14.0,0.0,,199.0,9.7,24.1,1020.8,
2021-04-12,11.7,9.2,13.2,0.0,,223.0,10.1,27.8,1019.0,
2021-04-13,8.8,6.4,12.0,9.7,,255.0,20.5,27.8,1015.5,
2021-04-14,4.2,1.4,7.0,0.0,,8.0,12.8,18.5,1021.7,
2021-04-15,6.1,2.0,9.2,0.0,,24.0,7.6,14.8,1021.1,
2021-04-16,5.2,2.0,6.2,0.0,,21.0,11.4,24.1,1018.6,
2021-04-17,6.4,3.0,9.2,0.0,,9.0,14.9,22.2,1014.0,
2021-04-18,7.4,3.6,10.6,6.1,,133.0,5.4,16.7,1014.6,
2021-04-19,4.4,1.6,8.0,9.9,,353.0,3.9,13.0,1015.2,
2021-04-20,7.3,3.0,10.2,5.1,,256.0,4.5,14.8,1016.6,
2021-04-21,10.6,3.0,13.2,0.0,,173.0,5.9,16.7,1019.0,
2021-04-22,8.3,6.0,10.0,10.9,,44.0,2.4,14.8,1018.7,
2021-04-23,8.8,6.0,10.4,2.3,,350.0,12.7,24.1,1020.5,
2021-04-24,11.0,6.0,13.2,0.0,,332.0,16.4,22.2,1021.0,
2021-04-25,16.6,8.6,20.0,0.0,,297.0,6.4,18.5,1018.6,
2021-04-26,16.7,10.4,19.2,0.0,,181.0,10.2,24.1,1014.4,
2021-04-27,15.7,12.4,19.4,0.0,,158.0,6.2,20.4,1007.3,
2021-04-28,15.8,9.8,18.0,1.0,,193.0,7.3,20.4,1008.5,
2021-04-29,17.0,10.4,20.4,0.0,,247.0,12.7,24.1,1011.7,
2021-04-30,21.9,15.0,25.0,0.0,,209.0,9.3,20.4,1011.7,
2021-05-01,16.9,14.0,21.0,4.1,,198.0,18.2,38.9,1010.5,
2021-05-02,14.6,12.8,16.6,0.0,,243.0,31.1,38.9,1012.4,
2021-05-03,14.1,9.0,17.2,0.0,,236.0,10.6,27.8,1019.4,
2021-05-04,14.0,7.4,18.0,0.5,,249.0,10.8,22.2,1018.5,
2021-05-05,15.1,9.0,17.6,0.3,,240.0,19.8,35.2,1012.3,
2021-05-06,16.2,10.8,19.2,0.0,,239.0,25.4,33.3,1014.3,
2021-05-07,17.3,12.0,20.4,0.0,,241.0,30.4,37.0,1013.4,
2021-05-08,15.9,11.4,18.2,0.0,,11.0,11.8,27.8,1017.3,
2021-05-09,19.6,11.6,23.0,0.0,,125.0,8.4,18.5,1019.9,
2021-05-10,21.8,14.0,25.0,0.0,,188.0,6.8,20.4,1017.5,
2021-05-11,21.7,15.6,26.0,0.0,,241.0,11.1,29.6,1013.2,
2021-05-12,15.4,10.8,18.4,0.0,,243.0,21.3,35.2,1010.0,
2021-05-13,13.0,9.2,17.0,0.8,,241.0,23.2,37.0,1008.7,
2021-05-14,14.4,8.4,17.0,0.0,,236.0,14.7,29.6,1010.7,
2021-05-15,14.2,7.2,17.0,1.0,,258.0,5.1,20.4,1010.3,
2021-05-16,15.8,12.0,18.4,0.0,,227.0,23.7,33.3,1011.6,
2021-05-17,17.4,11.8,20.0,0.0,,233.0,23.0,37.0,1008.7,
2021-05-18,17.6,9.0,20.6,0.0,,234.0,8.0,27.8,1013.8,
2021-05-19,13.7,10.8,17.0,0.0,,252.0,19.2,37.0,1012.9,
2021-05-20,12.4,7.6,14.6,0.0,,320.0,10.3,24.1,1017.0,
2021-05-21,17.6,9.8,20.6,0.0,,270.0,8.1,22.2,1020.5,
2021-05-22,19.4,12.0,24.0,0.0,,247.0,13.8,33.3,1015.8,
2021-05-23,21.1,15.0,23.4,0.0,,239.0,14.1,29.6,1016.3,
2021-05-24,24.0,17.8,28.0,0.0,,221.0,10.1,31.5,1015.8,
2021-05-25,20.4,14.8,23.0,0.0,,232.0,9.1,29.6,1017.2,
2021-05-26,18.2,12.2,21.4,0.0,,185.0,3.9,14.8,1017.8,
2021-05-27,18.8,11.6,23.0,0.0,,224.0,3.6,22.2,1015.5,
2021-05-28,18.6,12.6,22.0,0.0,,317.0,6.1,16.7,1017.1,
2021-05-29,20.2,14.4,23.0,0.0,,16.0,3.4,14.8,1016.8,
2021-05-30,12.6,10.6,14.6,7.1,,332.0,5.6,16.7,1017.0,
2021-05-31,14.8,9.8,17.4,0.0,,323.0,9.3,20.4,1017.8,
2021-06-01,15.9,9.4,19.0,0.0,,328.0,7.0,18.5,1017.8,
2021-06-02,19.6,12.2,22.6,0.0,,346.0,4.9,14.8,1019.4,
2021-06-03,22.2,15.0,25.2,0.0,,331.0,3.0,16.7,1022.6,
2021-06-04,23.3,17.0,26.0,0.0,,268.0,3.7,14.8,1023.3,
2021-06-05,21.6,18.0,25.0,0.0,,224.0,8.5,22.2,1021.6,
2021-06-06,19.4,17.6,22.0,0.0,,236.0,8.5,22.2,1018.2,
2021-06-07,17.0,12.2,20.0,8.6,,295.0,3.8,14.8,1016.3,
2021-06-08,16.2,13.0,20.4,33.5,,294.0,5.4,18.5,1016.4,
2021-06-09,19.5,13.8,22.0,0.0,,345.0,11.4,25.9,1015.3,
2021-06-10,19.0,16.3,22.6,,,331.0,10.4,24.1,1015.6,
2021-06-11,21.0,16.1,23.0,0.0,,297.0,6.9,18.5,1015.8,
2021-06-12,21.2,15.0,23.4,0.0,,306.0,8.8,24.1,1017.5,
2021-06-13,25.3,17.4,29.0,0.0,,321.0,3.0,14.8,1017.9,
2021-06-14,21.7,16.6,24.2,1.0,,339.0,3.4,22.2,1018.0,
2021-06-15,19.4,12.0,22.4,0.0,,340.0,6.7,24.1,1018.1,
2021-06-16,21.8,15.8,24.6,0.0,,305.0,4.4,14.8,1016.9,
2021-06-17,24.8,16.4,28.0,0.0,,318.0,1.5,16.7,1017.3,
2021-06-18,25.0,18.0,27.4,0.0,,296.0,3.7,14.8,1018.0,
2021-06-19,27.6,19.0,31.2,0.0,,272.0,3.7,16.7,1016.4,
2021-06-20,28.4,20.0,32.6,0.0,,269.0,4.4,16.7,1013.7,
2021-06-21,29.0,24.6,32.4,0.0,,236.0,13.4,29.6,1011.2,
2021-06-22,30.2,23.4,33.4,0.0,,215.0,8.4,24.1,1011.3,
2021-06-23,30.6,23.8,34.6,0.0,,195.0,6.1,18.5,1014.1,
2021-06-24,29.1,26.0,31.4,0.0,,224.0,15.8,29.6,1016.6,
2021-06-25,27.8,23.3,30.2,0.0,,223.0,9.1,31.5,1015.8,
2021-06-26,26.9,20.6,31.0,0.0,,48.0,5.9,18.5,1014.7,
2021-06-27,27.8,20.0,32.0,0.0,,348.0,3.0,16.7,1014.9,
2021-06-28,29.8,21.8,34.0,0.0,,266.0,4.9,18.5,1014.7,
2021-06-29,29.9,21.6,34.2,0.0,,225.0,8.5,25.9,1013.4,
2021-06-30,27.2,22.4,29.6,0.0,,212.0,14.6,31.5,1012.4,
2021-07-01,25.8,19.8,29.0,0.0,,225.0,17.4,31.5,1013.0,
2021-07-02,24.8,18.0,28.0,0.0,,275.0,8.5,20.4,1013.8,
2021-07-03,25.8,18.0,29.0,0.0,,267.0,4.1,14.8,1014.6,
2021-07-04,26.2,20.4,28.6,0.0,,229.0,13.0,29.6,1012.0,
2021-07-05,24.8,19.6,28.6,0.0,,359.0,9.6,22.2,1010.5,
2021-07-06,27.9,19.4,31.8,0.0,,311.0,5.3,16.7,1013.2,
2021-07-07,31.2,22.6,34.6,0.0,,187.0,4.7,16.7,1013.9,
2021-07-08,31.9,24.8,36.0,0.0,,198.0,6.4,18.5,1016.4,
2021-07-09,28.8,24.6,32.6,0.0,,192.0,6.8,20.4,1016.3,
2021-07-10,25.7,17.8,28.6,0.0,,6.0,5.3,16.7,1014.6,
2021-07-11,26.9,19.2,31.4,0.0,,227.0,6.7,18.5,1012.7,
2021-07-12,26.7,19.0,31.6,0.0,,207.0,7.1,14.8,1013.6,
2021-07-13,27.8,22.0,30.4,0.0,,206.0,11.0,33.3,1010.9,
2021-07-14,23.4,20.0,25.4,0.0,,217.0,14.9,33.3,1012.1,
2021-07-15,23.0,14.6,26.2,0.0,,233.0,11.7,25.9,1014.1,
2021-07-16,21.6,16.0,26.6,0.8,,231.0,9.0,20.4,1012.4,
2021-07-17,18.6,15.6,22.2,13.0,,298.0,4.9,18.5,1009.3,
2021-07-18,18.0,14.2,21.0,7.1,,313.0,11.9,25.9,1007.4,
2021-07-19,18.8,17.4,20.0,11.9,,303.0,11.8,27.8,1009.1,
2021-07-20,23.0,16.6,26.0,0.0,,309.0,9.7,22.2,1013.1,
2021-07-21,26.3,20.4,29.0,0.0,,317.0,8.4,18.5,1017.4,
2021-07-22,25.4,20.4,28.0,0.0,,324.0,8.0,22.2,1017.5,
2021-07-23,27.0,21.4,31.2,0.3,,245.0,4.8,16.7,1015.0,
2021-07-24,28.4,21.0,32.2,0.0,,213.0,5.2,16.7,1014.0,
2021-07-25,26.8,22.0,29.6,0.0,,201.0,10.5,27.8,1012.9,
2021-07-26,28.7,24.2,32.0,0.0,,219.0,12.1,27.8,1014.4,
2021-07-27,31.2,25.2,34.6,0.0,,213.0,8.2,22.2,1016.8,
2021-07-28,32.0,25.0,35.0,0.0,,219.0,12.5,25.9,1015.6,
2021-07-29,30.4,26.0,33.4,,,218.0,13.1,29.6,1014.2,
2021-07-30,31.1,21.6,35.0,0.0,,196.0,8.0,18.5,1012.4,
2021-07-31,31.2,23.8,34.8,0.0,,194.0,7.9,29.6,1010.3,
2021-08-01,28.8,24.0,30.6,0.0,,207.0,20.4,40.8,1009.6,
2021-08-02,26.8,20.8,31.0,0.0,,229.0,12.8,31.5,1013.0,
2021-08-03,25.9,19.2,30.0,0.0,,230.0,14.1,33.3,1015.9,
2021-08-04,28.3,20.4,31.2,0.0,,192.0,11.7,29.6,1013.5,
2021-08-05,24.4,19.4,26.4,0.0,,218.0,24.2,40.8,1009.2,
2021-08-06,25.1,17.8,28.2,0.0,,225.0,12.4,25.9,1009.5,
2021-08-07,27.9,19.0,31.0,0.0,,217.0,12.4,25.9,1010.9,
2021-08-08,29.1,19.0,32.2,0.0,,220.0,13.8,33.3,1012.3,
2021-08-09,30.9,23.0,35.4,0.0,,227.0,10.1,25.9,1016.9,
2021-08-10,31.8,24.8,37.2,0.0,,220.0,9.5,22.2,1017.2,
2021-08-11,28.8,23.4,33.2,0.0,,295.0,8.8,20.4,1015.7,
2021-08-12,28.6,22.0,31.4,0.0,,331.0,9.1,25.9,1018.2,
2021-08-13,30.6,24.4,33.4,0.0,,342.0,7.4,18.5,1020.3,
2021-08-14,30.6,24.0,33.0,0.0,,338.0,8.6,24.1,1019.7,
2021-08-15,31.9,25.0,35.4,0.0,,255.0,6.9,18.5,1016.3,
2021-08-16,30.2,25.4,33.0,0.0,,218.0,19.6,31.5,1012.8,
2021-08-17,27.1,21.8,31.2,0.0,,208.0,12.2,25.9,1010.6,
2021-08-18,22.1,18.4,25.0,0.0,,337.0,7.3,20.4,1012.5,
2021-08-19,23.8,17.8,28.2,0.0,,349.0,5.4,18.5,1013.7,
2021-08-20,23.3,17.0,29.4,9.9,,267.0,5.7,14.8,1014.9,
2021-08-21,25.2,17.0,29.0,0.0,,303.0,5.2,22.2,1017.3,
2021-08-22,27.4,20.4,31.4,0.0,,258.0,5.8,14.8,1017.8,
2021-08-23,27.4,21.8,30.0,0.0,,221.0,12.5,27.8,1014.8,
2021-08-24,23.3,18.2,27.0,7.9,,346.0,7.0,18.5,1013.4,
2021-08-25,20.1,16.0,24.4,18.0,,334.0,5.7,20.4,1013.0,
2021-08-26,20.4,15.4,24.4,0.5,,292.0,3.8,14.8,1011.8,
2021-08-27,22.8,17.6,25.4,0.0,,239.0,13.6,29.6,1009.8,
2021-08-28,19.6,15.0,23.0,1.0,,244.0,8.6,22.2,1009.5,
2021-08-29,17.6,13.4,21.0,0.5,,321.0,8.4,18.5,1011.0,
2021-08-30,20.8,14.0,25.6,0.0,,258.0,3.4,13.0,1014.0,
2021-08-31,21.8,16.8,26.0,0.0,,266.0,5.3,14.8,1016.1,
2021-09-01,20.2,14.4,23.6,0.0,,342.0,6.5,18.5,1019.4,
2021-09-02,19.8,14.8,22.0,0.0,,327.0,7.3,22.2,1022.3,
2021-09-03,20.7,15.2,24.0,0.0,,5.0,3.7,13.0,1019.7,
2021-09-04,19.8,15.4,24.0,26.9,,32.0,5.0,16.7,1015.7,
2021-09-05,19.4,14.3,23.0,2.0,,328.0,5.6,20.4,1016.7,
2021-09-06,20.2,15.4,22.6,0.0,,329.0,10.6,25.9,1020.1,
2021-09-07,20.8,15.8,23.6,0.0,,318.0,7.6,18.5,1021.4,
2021-09-08,21.0,16.0,24.2,0.0,,324.0,6.0,16.7,1019.5,
2021-09-09,21.7,15.6,25.4,0.0,,307.0,5.0,14.8,1018.0,
2021-09-10,22.4,16.8,26.2,0.0,,97.0,4.3,14.8,1017.5,
2021-09-11,20.3,16.6,22.6,0.0,,3.0,7.5,24.1,1016.4,
2021-09-12,21.6,15.9,25.4,0.0,,323.0,4.9,16.7,1015.8,
2021-09-13,23.2,18.0,27.6,0.0,,303.0,3.9,14.8,1016.6,
2021-09-14,24.8,17.8,28.6,0.0,,221.0,5.3,14.8,1018.2,
2021-09-15,25.1,18.8,29.6,0.0,,217.0,6.5,22.2,1019.1,
2021-09-16,26.2,20.4,29.4,0.0,,214.0,9.0,27.8,1018.4,
2021-09-17,19.8,14.0,23.2,17.0,,215.0,19.9,35.2,1014.5,
2021-09-18,23.1,17.8,25.4,0.0,,228.0,12.3,25.9,1013.7,
2021-09-19,22.7,17.4,25.4,0.0,,222.0,12.4,31.5,1013.3,
2021-09-20,20.6,16.2,23.6,0.0,,228.0,16.7,33.3,1014.1,
2021-09-21,18.9,14.9,23.2,0.0,,277.0,6.7,14.8,1020.3,
2021-09-22,15.8,12.4,19.0,0.0,,329.0,10.5,22.2,1022.5,
2021-09-23,15.6,11.0,18.2,0.0,,341.0,10.6,24.1,1022.4,
2021-09-24,21.4,12.0,25.4,0.0,,214.0,4.2,16.7,1020.8,
2021-09-25,23.3,16.0,27.0,0.0,,132.0,5.6,14.8,1021.3,
2021-09-26,24.2,18.6,28.4,0.0,,200.0,6.1,20.4,1021.2,
2021-09-27,22.8,18.0,25.2,0.5,,226.0,8.7,24.1,1017.9,
2021-09-28,18.6,16.8,20.4,0.0,,323.0,6.2,20.4,1018.3,
2021-09-29,21.2,16.4,24.0,0.0,,323.0,3.5,13.0,1018.7,
2021-09-30,19.2,16.2,22.2,0.0,,319.0,7.2,18.5,1020.8,
2021-10-01,18.3,13.8,22.0,0.0,,354.0,6.1,14.8,1022.9,
2021-10-02,18.2,13.4,21.0,0.3,,350.0,2.2,14.8,1020.2,
2021-10-03,19.8,15.0,22.4,0.0,,137.0,4.8,20.4,1019.4,
2021-10-04,21.0,15.0,25.0,0.0,,190.0,5.5,22.2,1020.0,
2021-10-05,16.3,13.6,19.2,8.9,,207.0,15.6,37.0,1017.7,
2021-10-06,14.8,12.2,17.0,9.9,,215.0,11.1,29.6,1015.5,
2021-10-07,11.4,8.4,13.4,7.9,,300.0,6.1,22.2,1008.1,
2021-10-08,11.6,9.0,14.0,18.0,,310.0,10.2,25.9,1011.9,
2021-10-09,10.9,8.8,13.4,3.0,,330.0,14.0,22.2,1017.4,
2021-10-10,5.8,5.0,8.4,38.1,,291.0,9.1,24.1,1016.5,
2021-10-11,6.4,4.8,8.0,13.0,,279.0,10.7,25.9,1015.2,
2021-10-12,9.4,6.8,11.4,,,303.0,10.7,18.5,1015.8,
2021-10-13,9.8,7.8,11.6,,,313.0,12.5,25.9,1015.6,
2021-10-14,6.8,4.8,8.2,,,341.0,22.8,40.8,1020.1,
2021-10-15,7.2,4.8,8.2,,,322.0,22.0,33.3,1016.3,
2021-10-16,10.6,6.0,13.6,,,308.0,8.2,13.0,1016.8,
2021-10-17,10.8,8.0,12.0,,,317.0,4.2,13.0,1019.9,
2021-10-18,12.8,9.8,15.6,,,344.0,3.4,13.0,1024.2,
2021-10-19,14.6,9.6,18.2,,,286.0,3.0,11.1,1028.8,
2021-10-20,15.6,10.8,19.6,,,215.0,5.7,24.1,1027.9,
2021-10-21,14.8,10.0,17.2,,,215.0,16.8,40.8,1020.3,
2021-10-22,15.6,14.0,18.4,,,217.0,10.8,33.3,1016.8,
2021-10-23,15.4,12.4,17.8,,,286.0,5.4,18.5,1020.5,
2021-10-24,10.4,9.1,11.4,,,355.0,11.9,29.6,1024.3,
2021-10-25,10.4,7.8,12.0,,,19.0,7.2,25.9,1022.5,
2021-10-26,11.8,10.0,13.0,,,21.0,5.5,16.7,1020.5,
2021-10-27,11.0,9.0,13.4,,,343.0,8.5,18.5,1022.9,
2021-10-28,11.6,7.0,15.0,,,346.0,4.7,16.7,1023.0,
2021-10-29,10.9,7.6,13.0,,,3.0,5.1,18.5,1020.0,
2021-10-30,13.2,7.6,16.8,,,71.0,3.8,14.8,1019.1,
2021-10-31,11.6,10.0,13.4,,,98.0,4.1,14.8,1017.7,
2021-11-01,13.7,10.8,17.0,,,144.0,12.4,38.9,1008.4,
2021-11-02,14.4,11.4,16.4,,,214.0,15.7,37.0,1005.2,
2021-11-03,12.6,11.4,14.0,,,185.0,18.1,46.3,1007.3,
2021-11-04,11.7,10.5,13.2,,,191.0,13.9,50.0,1008.7,
2021-11-05,9.4,8.4,10.2,,,309.0,4.7,14.8,1016.5,
2021-11-06,8.8,8.0,9.7,,,0.0,7.3,18.5,1020.9,
2021-11-07,10.4,8.8,11.2,,,57.0,5.1,16.7,1018.3,
2021-11-08,12.0,9.6,12.4,,,134.0,9.3,16.7,1013.9,
2021-11-09,11.8,10.9,13.0,,,16.0,4.6,16.7,1020.0,
2021-11-10,11.9,10.8,13.7,,,37.0,7.5,20.4,1024.7,
2021-11-11,11.7,11.0,13.0,,,34.0,4.5,14.8,1022.8,
2021-11-12,11.4,10.0,12.4,,,66.0,3.0,13.0,1019.3,
2021-11-13,12.7,10.3,15.0,,,185.0,3.6,16.7,1018.5,
2021-11-14,12.2,9.8,14.0,,,170.0,4.6,16.7,1016.0,
2021-11-15,10.6,9.0,12.4,,,26.0,5.3,14.8,1017.0,
2021-11-16,11.6,9.4,13.0,,,107.0,11.2,14.8,1015.5,
2021-11-17,10.2,9.0,12.6,,,34.0,4.1,13.0,1017.2,
2021-11-18,9.1,8.0,10.0,,,331.0,6.3,14.8,1022.2,
2021-11-19,8.4,7.0,11.0,,,317.0,10.1,16.7,1027.3,
2021-11-20,13.2,7.0,16.0,,,283.0,5.6,14.8,1025.2,
2021-11-21,12.9,10.6,15.6,,,200.0,5.3,22.2,1016.2,
2021-11-22,10.2,8.6,12.0,,,144.0,5.8,13.0,1011.2,
2021-11-23,9.2,7.2,11.0,,,347.0,7.0,16.7,1016.3,
2021-11-24,7.1,6.0,8.0,,,17.0,6.5,13.0,1019.9,
2021-11-25,9.0,6.0,10.4,,,128.0,8.4,18.5,1011.5,
2021-11-26,8.0,7.0,9.2,,,204.0,15.5,40.8,1000.1,
2021-11-27,6.9,6.0,8.0,,,204.0,16.1,38.9,999.1,
2021-11-28,6.1,4.7,8.0,,,225.0,19.1,40.8,997.5,
2021-11-29,1.3,0.0,4.0,,10.0,233.0,11.4,33.3,998.9,
2021-11-30,2.8,-0.8,5.2,,10.0,272.0,14.7,29.6,1016.5,
2021-12-01,7.4,2.4,9.6,,,224.0,17.0,33.3,1017.0,
2021-12-02,8.4,6.6,10.0,,,205.0,19.3,48.2,1004.1,
2021-12-03,4.9,3.6,5.4,,,305.0,12.2,33.3,1005.7,
2021-12-04,5.9,2.0,9.0,,,257.0,14.2,33.3,1012.6,
2021-12-05,7.8,4.7,9.6,,,219.0,24.5,38.9,1004.6,
2021-12-06,2.2,1.0,4.7,,,307.0,15.8,38.9,1004.7,
2021-12-07,2.3,0.2,4.0,,,304.0,15.9,27.8,1011.6,
2021-12-08,5.6,0.8,8.2,,,206.0,13.4,42.6,1010.4,
2021-12-09,3.8,2.5,5.0,,,210.0,15.9,40.8,1003.0,
2021-12-10,3.6,1.0,6.0,,,204.0,12.4,25.9,1004.2,
2021-12-11,2.4,1.6,3.0,,,339.0,13.9,33.3,998.7,
2021-12-12,1.6,1.0,2.0,,,318.0,20.5,27.8,1018.1,
2021-12-13,5.8,1.8,8.2,,,313.0,17.1,25.9,1024.7,
2021-12-14,6.6,2.0,9.2,,,327.0,17.7,24.1,1024.3,
2021-12-15,5.6,5.0,6.6,,,308.0,11.2,20.4,1026.0,
2021-12-16,4.6,4.0,5.0,,,306.0,9.1,18.5,1028.1,
2021-12-17,5.8,4.0,8.0,,,309.0,13.8,24.1,1029.4,
2021-12-18,3.1,2.3,4.1,,,345.0,22.2,42.6,1029.2,
2021-12-19,7.1,1.8,10.2,,,274.0,9.4,24.1,1025.7,
2021-12-20,8.0,5.4,11.4,,,12.0,7.7,22.2,1019.3,
2021-12-21,4.6,3.2,5.6,,,63.0,5.1,11.1,1023.6,
2021-12-22,5.0,2.8,6.2,,,36.0,2.1,11.1,1024.7,
2021-12-23,6.8,3.2,9.6,,,210.0,7.7,22.2,1024.4,
2021-12-24,8.4,6.0,10.4,,,224.0,23.0,33.3,1019.6,
2021-12-25,9.2,8.0,10.0,,,201.0,19.7,31.5,1012.5,
2021-12-26,9.8,8.2,10.4,,,187.0,12.1,38.9,1008.6,
2021-12-27,9.8,7.8,12.4,,,217.0,6.0,20.4,1009.2,
2021-12-28,9.3,7.0,12.0,,,133.0,4.3,20.4,1009.1,
2021-12-29,10.6,7.0,14.0,,,226.0,6.0,22.2,1009.5,
2021-12-30,9.3,6.4,11.2,,,316.0,10.9,24.1,1018.8,
2021-12-31,15.0,6.6,19.2,,,277.0,7.2,20.4,1026.0,
2022-01-01,14.6,12.0,18.0,,,255.0,3.8,20.4,1026.9,
2022-01-02,11.2,4.8,14.2,,,219.0,5.1,22.2,1027.4,
2022-01-03,7.6,3.6,10.4,,,206.0,5.4,24.1,1022.4,
2022-01-04,9.3,5.6,12.0,,,220.0,15.7,37.0,1015.7,
2022-01-05,9.7,7.0,12.4,,,221.0,20.0,48.2,1006.8,
2022-01-06,5.4,3.8,7.0,,,258.0,11.0,48.2,1008.1,
2022-01-07,3.2,1.8,4.0,,,341.0,9.1,14.8,1016.0,
2022-01-08,1.9,0.2,3.0,,,337.0,4.1,14.8,1013.6,
2022-01-09,2.4,-1.8,4.6,,20.0,238.0,8.8,22.2,1005.2,
2022-01-10,0.4,-1.2,1.3,,119.0,335.0,26.0,44.5,1002.7,
2022-01-11,1.6,0.0,2.2,,30.0,334.0,24.6,40.8,1014.7,
2022-01-12,0.2,-1.8,0.8,,,331.0,21.2,29.6,1024.8,
2022-01-13,1.0,-1.0,3.0,,,321.0,17.7,25.9,1033.3,
2022-01-14,4.3,-0.4,7.8,,,293.0,9.5,16.7,1032.2,
2022-01-15,9.7,5.2,12.2,0.0,,302.0,10.5,14.8,1026.2,
2022-01-16,11.1,6.8,14.2,0.0,,209.0,5.8,22.2,1025.8,
2022-01-17,6.4,3.4,10.2,,,270.0,4.4,18.5,1026.5,
2022-01-18,7.1,4.6,9.8,0.0,,332.0,6.2,13.0,1032.0,
2022-01-19,5.1,1.6,8.0,0.0,,236.0,5.8,22.2,1032.4,
2022-01-20,5.9,3.4,8.4,0.0,,229.0,10.2,22.2,1022.7,
2022-01-21,2.6,-0.8,4.4,0.5,,311.0,11.6,25.9,1021.3,
2022-01-22,2.4,-2.0,7.0,0.0,,314.0,8.0,16.7,1026.5,
2022-01-23,3.9,0.0,7.6,0.0,,333.0,9.8,20.4,1029.3,
2022-01-24,0.3,-1.3,1.0,9.9,970.0,357.0,18.9,33.3,1029.9,
2022-01-25,-0.2,-3.0,2.6,0.0,,320.0,9.8,16.7,1032.7,
2022-01-26,5.8,-1.0,10.0,0.0,,167.0,4.8,16.7,1029.9,
2022-01-27,6.7,1.8,11.0,0.0,,178.0,4.4,22.2,1028.1,
2022-01-28,6.3,1.5,10.0,,,305.0,10.3,24.1,1025.9,
2022-01-29,1.3,-1.4,3.4,7.1,20.0,338.0,18.0,27.8,1029.1,
2022-01-30,7.2,1.6,11.2,0.0,41.0,228.0,6.6,20.4,1023.7,
2022-01-31,6.2,2.6,9.0,0.0,,217.0,11.4,33.3,1012.3,
2022-02-01,1.0,-1.0,3.0,7.9,10.0,332.0,27.3,50.0,1007.4,
2022-02-02,5.9,0.2,9.0,0.0,,315.0,14.1,22.2,1013.1,
2022-02-03,5.3,2.0,9.0,0.0,,354.0,8.7,24.1,1022.7,
2022-02-04,7.4,4.4,9.4,0.0,,215.0,10.5,31.5,1020.2,
2022-02-05,8.4,5.4,11.4,0.0,,277.0,5.3,18.5,1018.6,
2022-02-06,8.8,4.9,12.2,0.0,,213.0,6.6,31.5,1022.2,
2022-02-07,6.7,2.6,11.8,2.0,,269.0,29.3,42.6,1014.3,
2022-02-08,3.8,0.2,5.6,0.5,,336.0,20.4,25.9,1029.3,
2022-02-09,11.8,3.8,16.4,0.0,,243.0,5.9,16.7,1033.0,
2022-02-10,11.4,5.8,15.6,0.0,,217.0,4.5,20.4,1029.8,
2022-02-11,11.7,5.0,16.0,0.0,,249.0,4.1,20.4,1025.3,
2022-02-12,6.1,3.5,8.4,0.0,,346.0,8.0,14.8,1026.7,
2022-02-13,6.4,3.0,10.0,0.0,,37.0,4.6,13.0,1026.8,
2022-02-14,8.0,5.0,10.0,0.0,,192.0,8.9,24.1,1020.6,
2022-02-15,6.4,5.4,7.8,7.9,,200.0,16.0,37.0,1015.8,
2022-02-16,6.2,3.0,10.0,0.0,,300.0,5.8,20.4,1016.9,
2022-02-17,9.1,2.4,13.2,0.0,,225.0,10.1,25.9,1015.3,
2022-02-18,11.1,5.0,16.0,0.0,,205.0,9.0,31.5,1017.2,
2022-02-19,13.0,8.0,16.0,0.0,,232.0,16.9,33.3,1017.3,
2022-02-20,10.8,8.0,13.0,0.0,,174.0,8.8,18.5,1018.5,
2022-02-21,8.6,6.8,10.2,0.0,,214.0,23.1,42.6,1011.6,
2022-02-22,5.0,2.0,6.6,10.2,,329.0,28.8,42.6,1011.0,
2022-02-23,7.6,3.0,10.4,0.0,,340.0,22.0,27.8,1023.6,
2022-02-24,10.4,5.0,14.0,0.0,,225.0,7.3,16.7,1025.2,
2022-02-25,9.9,5.2,13.0,0.0,,214.0,6.3,18.5,1019.3,
2022-02-26,0.1,-1.6,5.8,,99.0,292.0,13.8,27.8,1015.9,
2022-02-27,0.0,-1.0,0.2,19.1,180.0,317.0,21.2,29.6,1018.5,
2022-02-28,1.4,0.0,3.6,5.1,201.0,327.0,15.6,18.5,1023.6,
2022-03-01,-2.2,-3.6,-1.0,8.9,351.0,317.0,16.2,25.9,1025.2,
2022-03-02,1.2,-2.0,4.0,0.0,180.0,310.0,9.8,18.5,1023.5,
2022-03-03,5.6,0.0,9.2,0.0,201.0,246.0,4.0,13.0,1018.8,
2022-03-04,5.6,1.4,9.2,0.0,119.0,292.0,4.4,13.0,1013.4,
2022-03-05,-1.0,-1.2,-0.6,7.9,180.0,325.0,14.4,25.9,1012.3,
2022-03-06,1.3,-1.6,3.6,0.3,119.0,323.0,8.9,13.0,1013.9,
2022-03-07,0.6,-1.9,2.6,0.0,99.0,332.0,9.4,18.5,1016.0,
2022-03-08,-2.9,-3.8,-1.8,2.8,119.0,321.0,17.5,29.6,1018.3,
2022-03-09,1.0,-3.4,2.4,0.0,61.0,334.0,20.0,29.6,1021.9,
2022-03-10,5.0,0.0,7.6,0.0,30.0,312.0,13.7,22.2,1024.8,
2022-03-11,2.2,-0.6,4.6,0.0,20.0,327.0,8.5,18.5,1026.4,
2022-03-12,2.8,-1.8,6.0,0.0,,5.0,9.3,22.2,1027.5,
2022-03-13,4.3,-2.0,8.2,0.0,,67.0,5.8,18.5,1027.4,
2022-03-14,7.8,1.4,11.0,0.0,,74.0,4.8,16.7,1032.4,
2022-03-15,11.2,4.8,15.0,0.0,,202.0,3.7,16.7,1034.8,
2022-03-16,12.0,5.2,17.2,0.0,,314.0,5.1,18.5,1027.3,
2022-03-17,8.2,5.8,9.6,0.0,,357.0,7.3,22.2,1025.3,
2022-03-18,6.8,4.6,8.6,0.0,,14.0,11.5,25.9,1028.8,
2022-03-19,5.3,2.6,6.6,3.0,,29.0,14.3,24.1,1031.3,
2022-03-20,3.6,0.5,6.4,1.0,,4.0,8.9,18.5,1033.7,
2022-03-21,4.1,0.0,6.8,0.3,,348.0,14.3,24.1,1034.4,
2022-03-22,6.2,0.8,8.4,0.0,,339.0,15.0,24.1,1033.1,
2022-03-23,10.1,3.2,13.4,0.0,,324.0,10.4,20.4,1029.9,
2022-03-24,13.6,7.4,17.0,0.0,,313.0,7.3,16.7,1027.7,
2022-03-25,15.4,8.6,19.0,0.0,,255.0,5.4,16.7,1026.3,
2022-03-26,14.8,10.0,18.0,0.0,,13.0,6.6,20.4,1026.3,
2022-03-27,11.7,9.0,14.0,0.0,,18.0,9.9,25.9,1027.5,
2022-03-28,7.6,6.4,8.4,0.5,,36.0,5.5,18.5,1025.8,
2022-03-29,12.8,6.0,16.4,0.0,,215.0,4.3,16.7,1017.5,
2022-03-30,9.7,7.8,11.0,0.5,,184.0,11.4,25.9,1007.4,
2022-03-31,10.4,9.4,11.2,1.3,,191.0,15.4,35.2,994.8,
2022-04-01,8.6,6.6,9.6,1.0,,215.0,21.2,35.2,996.8,
2022-04-02,2.6,0.6,5.0,5.1,,216.0,21.5,37.0,1003.9,
2022-04-03,5.4,0.2,9.2,0.0,,259.0,8.1,24.1,1011.8,
2022-04-04,6.3,2.8,9.0,0.3,,88.0,5.1,14.8,1017.8,
2022-04-05,9.7,3.0,13.4,0.0,,17.0,5.4,14.8,1014.2,
2022-04-06,10.2,6.6,14.8,6.1,,162.0,6.7,18.5,1011.3,
2022-04-07,11.3,6.2,14.4,2.0,,222.0,16.8,37.0,1006.2,
2022-04-08,13.6,9.0,15.6,0.0,,241.0,29.2,44.5,1010.4,
2022-04-09,11.6,10.0,14.0,0.0,,231.0,27.9,42.6,1006.8,
2022-04-10,4.3,1.8,6.4,3.3,,293.0,20.2,31.5,1014.1,
2022-04-11,10.6,3.0,14.2,0.0,,230.0,7.4,18.5,1023.3,
2022-04-12,14.3,7.0,17.2,0.0,,124.0,5.9,16.7,1021.1,
2022-04-13,14.2,9.8,17.0,0.0,,49.0,8.0,22.2,1019.0,
2022-04-14,14.3,8.4,17.0,0.0,,27.0,7.7,20.4,1019.8,
2022-04-15,15.2,9.4,18.6,0.0,,10.0,6.5,18.5,1019.3,
2022-04-16,14.6,9.4,17.4,0.0,,329.0,14.4,27.8,1016.0,
2022-04-17,5.9,4.6,8.4,0.0,,334.0,24.9,37.0,1014.3,
2022-04-18,7.2,3.4,9.6,0.0,,329.0,19.3,27.8,1013.3,
2022-04-19,11.6,3.6,14.4,0.0,,240.0,12.9,31.5,1013.3,
2022-04-20,12.3,7.6,15.0,0.0,,72.0,11.1,29.6,1012.3,
2022-04-21,11.2,7.0,12.2,0.5,,80.0,8.1,22.2,1007.4,
2022-04-22,9.3,7.8,11.4,5.1,,187.0,13.5,31.5,1000.9,
2022-04-23,15.2,7.6,18.2,0.0,,230.0,10.7,29.6,1009.3,
2022-04-24,13.6,10.8,16.0,0.0,,212.0,18.8,44.5,1009.1,
2022-04-25,14.4,9.6,17.0,0.0,,219.0,15.7,27.8,1011.8,
2022-04-26,15.2,7.4,19.2,0.0,,194.0,6.0,18.5,1014.9,
2022-04-27,15.9,11.0,19.0,0.0,,333.0,7.6,18.5,1017.1,
2022-04-28,12.1,7.4,14.4,0.0,,345.0,13.0,27.8,1020.7,
2022-04-29,13.1,7.4,15.2,0.0,,326.0,17.5,27.8,1021.2,
2022-04-30,15.6,8.6,19.0,0.0,,337.0,8.0,16.7,1019.1,
2022-05-01,15.2,10.4,18.0,0.0,,216.0,5.2,18.5,1015.7,
2022-05-02,12.6,7.0,17.0,0.5,,337.0,6.5,16.7,1013.6,
2022-05-03,13.4,8.8,17.6,7.9,,285.0,5.1,14.8,1014.4,
2022-05-04,14.3,10.0,17.0,4.1,,212.0,3.3,14.8,1017.9,
2022-05-05,15.1,11.2,17.0,0.0,,59.0,5.3,16.7,1019.2,
2022-05-06,11.2,9.8,13.0,0.3,,35.0,9.7,24.1,1016.1,
2022-05-07,9.8,9.2,10.6,27.9,,30.0,20.3,29.6,1015.5,
2022-05-08,10.6,8.8,12.4,14.0,,30.0,13.9,22.2,1017.3,
2022-05-09,14.6,9.4,18.0,1.0,,11.0,8.5,20.4,1020.7,
2022-05-10,18.0,11.8,20.2,0.0,,322.0,7.1,16.7,1021.4,
2022-05-11,19.6,13.4,22.2,0.0,,244.0,5.7,16.7,1021.2,
2022-05-12,21.2,14.4,23.6,0.0,,268.0,6.1,16.7,1022.3,
2022-05-13,21.6,14.6,24.4,0.0,,220.0,4.8,16.7,1020.5,
2022-05-14,21.2,13.0,24.0,0.0,,220.0,4.7,16.7,1018.6,
2022-05-15,21.7,15.0,25.4,0.0,,211.0,3.8,16.7,1018.8,
2022-05-16,22.1,16.0,25.2,0.0,,234.0,4.3,14.8,1019.7,
2022-05-17,21.2,17.0,24.4,0.0,,268.0,5.2,16.7,1018.5,
2022-05-18,18.3,15.4,20.4,0.5,,322.0,15.1,27.8,1019.7,
2022-05-19,17.9,11.6,20.4,0.0,,0.0,11.6,20.4,1025.8,
2022-05-20,23.6,13.4,26.8,0.0,,297.0,4.3,16.7,1026.9,
2022-05-21,23.4,15.4,26.6,0.0,,198.0,6.4,20.4,1020.6,
2022-05-22,23.3,13.4,27.2,0.0,,233.0,6.2,18.5,1014.1,
2022-05-23,23.7,16.2,26.6,0.0,,230.0,6.3,24.1,1010.5,
2022-05-24,25.2,17.4,28.2,0.0,,230.0,14.2,33.3,1009.1,
2022-05-25,25.0,19.8,27.4,0.0,,221.0,10.2,24.1,1012.5,
2022-05-26,26.6,20.4,29.6,0.0,,211.0,5.4,20.4,1016.5,
2022-05-27,24.3,19.2,26.8,0.0,,330.0,6.2,20.4,1017.4,
2022-05-28,24.6,19.0,27.2,0.0,,16.0,8.4,18.5,1009.3,
2022-05-29,19.2,12.2,24.2,16.0,,259.0,8.3,16.7,1005.2,
2022-05-30,21.9,13.6,25.0,0.0,,226.0,6.2,16.7,1009.7,
2022-05-31,23.3,18.0,26.4,0.0,,231.0,6.6,18.5,1014.1,
2022-06-01,25.4,18.0,28.2,0.0,,81.0,6.3,16.7,1015.4,
2022-06-02,27.7,19.6,30.4,0.0,,221.0,5.5,16.7,1016.9,
2022-06-03,29.2,23.4,31.6,0.0,,205.0,4.5,,1018.0,
2022-06-04,29.9,24.0,34.0,0.0,,256.0,4.0,,1018.1,
2022-06-05,30.6,25.4,33.6,0.0,,231.0,6.4,,1017.2,
2022-06-06,27.9,24.8,30.4,0.0,,279.0,6.5,,1015.0,
2022-06-07,25.9,19.8,29.0,0.0,,237.0,6.9,,1011.9,
2022-06-08,22.8,18.0,26.4,0.0,,137.0,5.1,,1009.9,
2022-06-09,15.7,12.9,18.6,16.5,,227.0,4.7,,1006.2,
2022-06-10,13.8,12.4,15.0,39.9,,335.0,18.5,,1009.7,
2022-06-11,19.0,14.4,20.6,0.0,,342.0,16.4,,1016.7,
2022-06-12,20.4,15.2,22.0,0.0,,338.0,15.4,,1018.8,
2022-06-13,23.1,16.6,26.2,0.0,,309.0,8.2,,1016.6,
2022-06-14,24.9,19.6,27.4,0.0,,316.0,6.7,18.5,1016.4,
2022-06-15,24.6,17.8,28.6,0.0,,317.0,5.4,16.7,1018.4,
2022-06-16,26.3,21.0,28.4,0.0,,251.0,3.9,14.8,1017.8,
2022-06-17,23.2,20.8,25.6,1.0,,280.0,8.2,18.5,1018.3,
2022-06-18,21.2,17.0,22.4,0.0,,335.0,18.8,33.3,1019.7,
2022-06-19,24.4,16.8,27.6,0.0,,1.0,7.1,18.5,1017.1,
2022-06-20,26.4,19.2,29.6,0.0,,253.0,7.7,20.4,1014.8,
2022-06-21,26.8,19.0,30.2,0.0,,221.0,10.3,24.1,1014.4,
2022-06-22,29.4,21.0,32.8,0.0,,229.0,11.1,22.2,1013.1,
2022-06-23,26.8,24.6,29.8,0.0,,240.0,9.5,24.1,1014.2,
2022-06-24,27.4,23.4,30.2,0.0,,220.0,11.3,31.5,1013.5,
2022-06-25,25.2,21.4,28.4,0.0,,236.0,16.6,27.8,1014.3,
2022-06-26,30.0,22.8,33.0,0.0,,191.0,6.7,18.5,1015.1,
2022-06-27,32.6,24.6,36.0,0.0,,219.0,8.6,18.5,1015.1,
2022-06-28,33.8,27.0,37.4,0.0,,218.0,8.2,20.4,1014.0,
2022-06-29,28.8,25.0,32.8,0.0,,217.0,9.9,22.2,1011.8,
2022-06-30,29.4,21.0,33.0,0.0,,154.0,3.7,14.8,1012.3,
2022-07-01,30.2,22.4,33.6,0.0,,205.0,5.9,22.2,1013.8,
2022-07-02,29.6,24.6,31.6,0.0,,324.0,7.6,22.2,1016.2,
2022-07-03,29.7,22.6,33.0,0.0,,336.0,6.4,20.4,1016.6,
2022-07-04,31.6,24.0,34.4,0.0,,17.0,5.2,18.5,1015.1,
2022-07-05,30.6,24.6,33.0,0.0,,223.0,10.2,25.9,1014.1,
2022-07-06,25.9,21.6,29.6,3.0,,297.0,6.6,22.2,1015.6,
2022-07-07,25.7,20.0,30.2,5.1,,263.0,4.7,14.8,1015.2,
2022-07-08,17.2,14.2,19.0,4.6,,311.0,19.7,37.0,1016.0,
2022-07-09,18.9,15.2,21.0,0.5,,331.0,19.1,33.3,1019.0,
2022-07-10,20.4,14.8,22.8,0.0,,331.0,13.3,29.6,1016.8,
2022-07-11,23.4,16.6,27.4,0.0,,3.0,7.3,16.7,1017.7,
2022-07-12,24.0,18.8,28.0,0.0,,336.0,4.1,14.8,1019.7,
2022-07-13,21.2,14.8,23.6,0.3,,328.0,8.5,25.9,1021.7,
2022-07-14,24.4,17.6,27.2,0.0,,315.0,7.4,18.5,1020.4,
2022-07-15,28.3,20.8,31.6,0.0,,244.0,4.9,14.8,1015.2,
2022-07-16,29.7,22.0,32.6,0.0,,241.0,5.1,14.8,1015.5,
2022-07-17,28.7,23.4,31.8,0.0,,319.0,6.1,20.4,1018.2,
2022-07-18,26.1,21.4,30.0,0.0,,322.0,7.4,25.9,1020.1,
2022-07-19,26.9,21.0,29.4,0.0,,319.0,7.5,24.1,1019.1,
2022-07-20,28.8,21.0,32.6,0.0,,339.0,5.8,18.5,1018.7,
2022-07-21,30.4,23.2,34.0,0.0,,302.0,4.9,16.7,1017.1,
2022-07-22,31.1,23.8,34.4,0.0,,295.0,5.1,16.7,1016.2,
2022-07-23,30.3,23.0,34.6,16.0,,234.0,6.6,22.2,1016.2,
2022-07-24,31.0,25.0,34.8,0.0,,218.0,5.9,18.5,1016.0,
2022-07-25,30.8,23.8,34.4,0.0,,247.0,5.6,16.7,1013.9,
2022-07-26,28.9,22.4,33.2,0.0,,226.0,8.5,22.2,1010.9,
2022-07-27,27.2,20.4,32.4,0.0,,301.0,5.8,18.5,1010.1,
2022-07-28,26.4,19.4,29.8,0.0,,359.0,5.5,16.7,1012.0,
2022-07-29,28.7,20.8,32.0,0.0,,226.0,4.5,16.7,1013.9,
2022-07-30,26.4,22.0,31.6,0.5,,262.0,6.5,18.5,1013.8,
2022-07-31,24.3,18.9,26.4,0.0,,331.0,10.3,25.9,1015.0,
2022-08-01,25.5,19.0,28.4,0.0,,323.0,11.6,27.8,1015.3,
2022-08-02,27.8,21.8,30.2,0.0,,340.0,11.2,25.9,1015.1,
2022-08-03,27.4,21.6,31.0,0.0,,346.0,7.4,22.2,1015.6,
2022-08-04,28.8,22.8,32.4,0.0,,358.0,5.1,18.5,1015.4,
2022-08-05,29.8,23.8,33.2,0.0,,256.0,4.0,16.7,1014.2,
2022-08-06,30.4,23.0,33.8,0.0,,298.0,7.4,20.4,1012.7,
2022-08-07,28.4,22.8,30.4,0.0,,333.0,11.3,27.8,1013.3,
2022-08-08,25.6,19.7,31.0,9.9,,317.0,7.4,22.2,1014.6,
2022-08-09,23.4,19.0,27.4,0.0,,315.0,8.8,20.4,1016.6,
2022-08-10,23.9,18.4,26.6,0.8,,330.0,11.5,29.6,1016.9,
2022-08-11,23.3,18.2,26.6,0.0,,321.0,8.3,22.2,1016.1,
2022-08-12,22.8,18.8,27.4,3.0,,297.0,5.0,18.5,1013.9,
2022-08-13,19.9,15.6,24.6,7.9,,277.0,5.3,14.8,1013.0,
2022-08-14,21.0,16.0,24.2,0.0,,298.0,8.9,16.7,1011.1,
2022-08-15,25.8,18.6,29.0,0.0,,237.0,12.5,27.8,1009.7,
2022-08-16,25.6,16.4,29.4,2.0,,227.0,9.3,20.4,1010.9,
2022-08-17,28.0,20.0,32.6,0.0,,202.0,5.0,14.8,1013.1,
2022-08-18,30.3,23.8,33.0,0.0,,195.0,8.8,29.6,1011.5,
2022-08-19,23.8,18.9,26.0,0.5,,216.0,13.3,31.5,1009.7,
2022-08-20,22.4,15.8,25.6,0.0,,325.0,5.2,14.8,1011.6,
2022-08-21,22.8,18.4,25.6,0.0,,299.0,11.1,24.1,1010.9,
2022-08-22,22.1,17.0,24.4,0.0,,320.0,11.7,25.9,1009.6,
2022-08-23,20.3,15.2,22.4,0.0,,309.0,10.6,20.4,1011.4,
2022-08-24,20.6,14.4,24.0,0.0,,338.0,11.4,27.8,1014.0,
2022-08-25,22.4,15.8,25.8,0.0,,316.0,8.1,18.5,1013.6,
2022-08-26,22.1,18.0,27.4,21.1,,273.0,4.6,13.0,1011.4,
2022-08-27,23.8,18.0,28.0,0.0,,236.0,3.6,16.7,1011.5,
2022-08-28,19.7,16.4,26.4,4.1,,237.0,6.8,14.8,1014.3,
2022-08-29,21.2,16.0,25.4,6.1,,275.0,5.7,14.8,1016.6,
2022-08-30,23.3,18.0,26.6,0.0,,310.0,5.2,16.7,1017.3,
2022-08-31,24.6,18.8,28.0,0.0,,228.0,5.7,16.7,1014.8,
2022-09-01,17.4,14.4,22.6,9.9,,253.0,8.3,16.7,1012.2,
2022-09-02,18.8,14.2,22.4,0.0,,358.0,6.4,16.7,1014.0,
2022-09-03,22.0,16.0,25.0,0.0,,224.0,2.6,18.5,1016.3,
2022-09-04,20.6,18.0,22.4,0.5,,262.0,4.4,14.8,1018.8,
2022-09-05,21.4,16.8,25.2,0.0,,354.0,6.2,14.8,1021.8,
2022-09-06,24.4,18.0,28.8,0.0,,208.0,5.4,14.8,1019.8,
2022-09-07,26.6,18.8,30.2,1.0,,215.0,5.2,16.7,1017.2,
2022-09-08,23.7,20.6,25.0,0.0,,240.0,9.3,31.5,1014.6,
2022-09-09,24.4,20.3,27.0,0.5,,226.0,13.5,29.6,1013.5,
2022-09-10,23.2,19.0,25.2,0.0,,235.0,13.5,33.3,1015.2,
2022-09-11,21.6,16.8,25.0,0.0,,305.0,10.3,18.5,1014.6,
2022-09-12,21.2,15.0,24.6,0.0,,349.0,4.6,16.7,1016.1,
2022-09-13,24.2,17.4,28.2,0.0,,255.0,4.6,14.8,1015.5,
2022-09-14,26.0,19.0,29.6,0.0,,213.0,10.7,35.2,1015.2,
2022-09-15,23.1,20.8,27.6,0.0,,234.0,16.0,33.3,1013.4,
2022-09-16,21.2,18.5,24.4,16.0,,212.0,19.3,37.0,1009.1,
2022-09-17,19.7,12.2,23.0,0.0,,246.0,23.8,51.8,1004.5,
2022-09-18,16.6,10.0,20.0,0.0,,280.0,6.9,14.8,1015.1,
2022-09-19,18.9,13.4,22.0,0.0,,259.0,10.8,25.9,1014.5,
2022-09-20,16.3,13.0,20.4,0.0,,9.0,5.4,16.7,1015.9,
2022-09-21,13.5,11.0,15.4,4.1,,344.0,9.9,25.9,1018.9,
2022-09-22,13.3,8.4,16.0,0.0,,348.0,10.5,20.4,1020.4,
2022-09-23,14.0,8.6,17.0,0.0,,344.0,7.2,16.7,1020.8,
2022-09-24,16.6,10.8,20.2,0.0,,214.0,8.3,25.9,1019.8,
2022-09-25,12.8,12.2,14.6,85.1,,188.0,13.5,33.3,1014.4,
2022-09-26,14.8,12.6,15.8,7.1,,193.0,12.8,27.8,1009.2,
2022-09-27,16.6,13.6,18.6,0.3,,222.0,23.5,46.3,1004.2,
2022-09-28,16.3,13.2,19.8,0.5,,233.0,19.3,40.8,1004.1,
2022-09-29,16.3,12.6,19.0,10.9,,213.0,17.4,35.2,1004.6,
2022-09-30,15.7,13.2,18.2,8.9,,173.0,10.6,27.8,1010.1,
2022-10-01,18.2,13.7,20.2,0.5,,214.0,14.9,33.3,1016.7,
2022-10-02,18.2,12.0,21.4,0.0,,249.0,9.7,25.9,1021.7,
2022-10-03,17.6,14.4,19.6,0.0,,306.0,11.3,27.8,1018.7,
2022-10-04,16.4,12.0,19.0,0.0,,345.0,7.3,16.7,1022.6,
2022-10-05,17.4,12.0,21.0,0.0,,309.0,5.4,14.8,1027.5,
2022-10-06,19.1,14.4,22.0,0.0,,310.0,6.0,14.8,1028.4,
2022-10-07,18.9,14.0,22.4,0.0,,314.0,4.2,13.0,1025.5,
2022-10-08,21.0,15.6,24.6,0.0,,236.0,3.1,14.8,1021.2,
2022-10-09,19.6,14.8,22.6,0.0,,3.0,4.4,16.7,1020.8,
2022-10-10,17.6,13.7,18.8,0.3,,37.0,3.8,13.0,1019.8,
2022-10-11,15.9,14.0,18.2,0.3,,322.0,5.5,14.8,1020.6,
2022-10-12,17.3,13.0,20.6,0.3,,352.0,4.3,16.7,1021.9,
2022-10-13,12.4,11.4,13.2,30.0,,9.0,7.2,22.2,1019.9,
2022-10-14,14.7,10.6,18.2,1.0,,321.0,7.2,16.7,1016.8,
2022-10-15,17.2,11.8,20.6,0.3,,243.0,3.1,13.0,1018.1,
2022-10-16,18.6,13.8,22.2,0.0,,292.0,3.5,14.8,1023.5,
2022-10-17,18.4,14.8,21.4,0.0,,332.0,3.9,14.8,1029.4,
2022-10-18,19.2,14.6,22.6,0.0,,326.0,3.2,13.0,1028.4,
2022-10-19,17.3,14.6,20.0,0.0,,298.0,8.4,16.7,1022.6,
2022-10-20,17.2,13.8,20.2,0.0,,317.0,7.3,16.7,1022.6,
2022-10-21,17.6,14.0,20.6,0.0,,219.0,6.9,22.2,1023.2,
2022-10-22,19.2,14.4,21.2,0.0,,221.0,18.4,35.2,1022.8,
2022-10-23,21.6,16.0,25.0,0.0,,209.0,10.1,27.8,1024.5,
2022-10-24,21.2,17.8,24.4,0.0,,231.0,8.5,29.6,1023.6,
2022-10-25,21.6,16.0,24.6,0.0,,232.0,11.4,25.9,1021.9,
2022-10-26,20.9,16.0,25.0,0.0,,252.0,4.0,16.7,1023.4,
2022-10-27,19.6,16.0,23.2,0.0,,351.0,4.9,14.8,1027.6,
2022-10-28,17.9,13.8,21.4,0.0,,317.0,4.1,14.8,1028.5,
2022-10-29,17.4,12.2,20.4,0.0,,310.0,6.2,14.8,1027.0,
2022-10-30,18.7,14.2,21.6,0.0,,306.0,6.2,14.8,1024.7,
2022-10-31,21.4,16.4,25.0,0.0,,281.0,4.0,13.0,1024.1,
2022-11-01,22.2,18.2,25.4,0.0,,226.0,4.1,16.7,1024.6,
2022-11-02,19.2,14.6,23.2,0.0,,234.0,3.6,14.8,1024.8,
2022-11-03,16.0,10.8,19.0,0.0,,230.0,7.0,24.1,1021.2,
2022-11-04,14.1,6.4,16.4,17.0,,221.0,16.2,37.0,1009.6,
2022-11-05,8.2,5.9,9.0,18.0,,291.0,16.5,37.0,1006.1,
2022-11-06,9.2,6.8,11.0,7.1,,322.0,19.5,29.6,1014.1,
2022-11-07,11.8,7.4,15.0,0.0,,334.0,3.2,13.0,1021.3,
2022-11-08,13.4,9.0,16.4,0.0,,134.0,2.3,13.0,1023.1,
2022-11-09,12.9,8.4,16.2,0.0,,213.0,3.4,14.8,1022.2,
2022-11-10,13.2,9.8,16.2,0.0,,283.0,5.3,16.7,1024.4,
2022-11-11,10.8,10.0,12.0,0.0,,322.0,9.9,18.5,1031.1,
2022-11-12,9.3,7.7,11.0,0.8,,330.0,11.8,20.4,1028.3,
2022-11-13,7.4,6.4,9.0,4.1,,349.0,6.0,14.8,1023.9,
2022-11-14,8.8,6.4,10.4,0.8,,162.0,3.5,14.8,1022.4,
2022-11-15,10.9,7.0,13.0,0.5,,217.0,6.0,22.2,1019.0,
2022-11-16,13.8,10.2,16.4,0.0,,225.0,14.3,33.3,1006.6,
2022-11-17,13.4,10.2,15.8,0.0,,225.0,13.1,25.9,1004.6,
2022-11-18,14.1,12.0,16.0,1.8,,220.0,21.9,44.5,1002.6,
2022-11-19,10.9,10.0,12.4,7.9,,194.0,16.8,40.8,1005.3,
2022-11-20,7.8,5.5,9.0,6.1,,325.0,10.8,37.0,1007.5,
2022-11-21,8.6,5.0,11.6,0.0,,236.0,13.6,27.8,1011.3,
2022-11-22,8.6,6.8,11.0,16.0,,201.0,24.3,57.4,996.3,
2022-11-23,8.6,5.0,11.2,0.5,,243.0,16.6,33.3,1002.8,
2022-11-24,9.6,5.0,12.6,0.0,,150.0,4.9,13.0,1014.1,
2022-11-25,10.2,6.8,13.6,0.0,,181.0,3.6,16.7,1020.3,
2022-11-26,4.4,4.0,5.4,54.1,,51.0,15.2,38.9,1020.7,
2022-11-27,6.0,4.2,7.6,1.5,,344.0,19.0,22.2,1024.2,
2022-11-28,5.9,4.0,8.6,0.0,,10.0,4.9,11.1,1019.5,
2022-11-29,5.6,3.8,7.2,0.0,,54.0,6.9,14.8,1014.8,
2022-11-30,4.2,3.4,4.6,0.3,,356.0,16.3,27.8,1013.5,
2022-12-01,4.6,2.8,6.0,0.0,,312.0,5.1,11.1,1016.5,
2022-12-02,6.4,3.8,7.6,0.5,,134.0,5.2,14.8,1018.6,
2022-12-03,9.4,6.8,11.2,1.5,,104.0,7.4,16.7,1016.1,
2022-12-04,10.2,5.8,12.2,4.1,,186.0,9.1,33.3,1015.0,
2022-12-05,10.8,8.0,13.4,0.0,,220.0,8.1,22.2,1020.8,
2022-12-06,11.4,8.6,14.4,0.0,,226.0,8.1,25.9,1017.0,
2022-12-07,11.4,8.4,15.4,0.0,,165.0,3.9,14.8,1013.0,
2022-12-08,9.3,6.8,11.4,3.3,,207.0,9.0,25.9,1011.9,
2022-12-09,12.1,8.4,13.0,1.0,,202.0,18.8,38.9,1007.1,
2022-12-10,11.7,9.6,13.4,7.1,,206.0,16.6,40.8,998.6,
2022-12-11,8.4,5.6,10.6,0.3,,231.0,16.9,38.9,999.8,
2022-12-12,4.2,2.0,7.2,0.0,,136.0,5.9,16.7,1008.3,
2022-12-13,2.7,1.4,5.0,1.0,,11.0,3.4,14.8,1008.3,
2022-12-14,5.7,3.2,8.0,16.0,,277.0,4.9,20.4,1004.9,
2022-12-15,10.8,5.4,12.2,0.0,,208.0,12.9,42.6,1007.8,
2022-12-16,13.0,9.6,14.2,4.1,,208.0,18.9,55.5,1007.0,
2022-12-17,11.2,9.0,13.0,0.8,,229.0,11.6,31.5,1016.3,
2022-12-18,7.1,5.6,7.9,0.0,,324.0,4.6,13.0,1029.8,
2022-12-19,5.0,2.4,8.0,0.0,,327.0,1.9,14.8,1034.7,
2022-12-20,7.4,2.8,11.2,0.0,,185.0,2.7,16.7,1031.2,
2022-12-21,7.8,3.8,11.4,0.0,,240.0,2.7,22.2,1024.5,
2022-12-22,9.4,5.6,12.4,0.0,,243.0,6.9,20.4,1019.5,
2022-12-23,10.6,7.0,14.0,0.0,,210.0,5.1,20.4,1017.2,
2022-12-24,11.4,8.0,14.0,0.0,,211.0,5.0,25.9,1018.2,
2022-12-25,11.8,8.0,14.8,0.0,,196.0,3.8,18.5,1024.5,
2022-12-26,11.9,8.6,14.6,0.0,,214.0,6.9,25.9,1027.9,
2022-12-27,11.8,7.8,14.4,0.0,,231.0,7.5,27.8,1026.8,
2022-12-28,10.2,6.6,13.0,0.0,,249.0,2.9,20.4,1026.7,
2022-12-29,9.8,6.8,12.0,0.0,,218.0,11.0,22.2,1025.6,
2022-12-30,10.1,7.2,12.2,0.0,,235.0,13.6,27.8,1024.7,
2022-12-31,12.8,9.0,15.4,0.0,,182.0,4.6,20.4,1030.2,
2023-01-01,13.2,9.8,16.0,0.0,,202.0,2.3,14.8,1032.9,
2023-01-02,12.2,10.0,15.6,0.0,,219.0,3.5,18.5,1031.9,
2023-01-03,8.2,5.8,10.8,0.0,,356.0,2.9,16.7,1031.2,
2023-01-04,9.8,7.4,12.0,0.0,,285.0,3.2,13.0,1030.4,
2023-01-05,10.3,7.0,13.4,0.0,,223.0,4.5,16.7,1026.4,
2023-01-06,9.6,5.8,12.6,0.0,,167.0,3.2,14.8,1026.1,
2023-01-07,7.6,5.8,10.8,0.0,,137.0,3.5,14.8,1025.3,
2023-01-08,9.6,5.4,12.4,0.0,,213.0,10.1,37.0,1020.8,
2023-01-09,9.2,5.7,10.0,8.4,,220.0,21.1,48.2,1007.8,
2023-01-10,1.6,-0.8,4.0,7.1,,270.0,18.0,29.6,1012.8,
2023-01-11,5.6,3.2,8.0,0.0,,290.0,14.1,18.5,1021.4,
2023-01-12,5.2,3.7,7.2,0.0,,306.0,7.8,14.8,1021.6,
2023-01-13,7.2,3.4,11.2,0.0,,237.0,6.8,24.1,1021.6,
2023-01-14,6.2,4.2,8.2,0.0,,283.0,8.2,16.7,1021.8,
2023-01-15,8.2,4.0,11.8,0.0,,234.0,14.1,31.5,1018.4,
2023-01-16,7.3,6.0,8.6,1.0,,233.0,27.9,48.2,1004.6,
2023-01-17,8.0,5.0,9.6,7.1,,220.0,28.6,53.7,994.3,
2023-01-18,4.8,3.3,6.2,16.0,,192.0,18.9,50.0,996.4,
2023-01-19,3.7,2.0,6.6,3.0,,220.0,16.7,35.2,1002.9,
2023-01-20,0.6,-1.0,2.1,3.0,61.0,29.0,12.2,31.5,1005.0,
2023-01-21,-0.9,-2.0,0.4,13.0,201.0,284.0,14.1,22.2,1004.2,
2023-01-22,0.4,-1.8,2.0,0.0,99.0,29.0,5.5,14.8,1012.6,
2023-01-23,1.4,-0.1,3.0,8.1,119.0,203.0,10.6,27.8,1015.4,
2023-01-24,4.0,0.6,6.8,0.0,99.0,354.0,5.6,13.0,1026.5,
2023-01-25,2.4,1.8,3.2,2.0,51.0,341.0,10.7,18.5,1022.0,
2023-01-26,0.9,0.2,1.9,2.5,30.0,336.0,17.3,29.6,1010.6,
2023-01-27,0.9,0.0,2.0,0.3,20.0,325.0,12.3,18.5,1008.9,
2023-01-28,0.9,0.0,1.6,0.3,10.0,331.0,6.5,14.8,1015.3,
2023-01-29,1.4,0.4,2.0,0.0,,338.0,7.2,16.7,1022.1,
2023-01-30,3.6,-0.6,7.2,0.0,,240.0,4.2,20.4,1021.0,
2023-01-31,4.1,1.0,5.6,0.0,,319.0,13.5,20.4,1021.7,
2023-02-01,6.0,2.0,9.0,0.0,,225.0,13.7,25.9,1024.1,
2023-02-02,7.9,2.8,11.8,0.0,,245.0,3.9,18.5,1023.5,
2023-02-03,9.6,5.0,13.0,0.0,,273.0,10.8,29.6,1026.6,
2023-02-04,7.7,2.1,11.8,0.0,,319.0,17.0,40.8,1022.9,
2023-02-05,-1.7,-2.8,-0.8,0.7,,357.0,29.2,44.5,1030.3,
2023-02-06,-2.9,-3.5,-2.0,0.0,,355.0,22.1,29.6,1031.5,
2023-02-07,-2.4,-4.4,0.0,0.5,10.0,357.0,14.0,16.7,1033.5,
2023-02-08,-1.4,-3.6,0.4,2.0,30.0,13.0,13.0,18.5,1033.7,
2023-02-09,-1.8,-3.2,-1.0,0.3,20.0,9.0,11.8,22.2,1033.6,
2023-02-10,-0.4,-1.9,1.4,0.0,10.0,342.0,10.4,18.5,1034.6,
2023-02-11,3.9,-2.2,8.0,0.0,,315.0,3.7,14.8,1036.1,
2023-02-12,5.8,2.2,7.4,0.0,,320.0,12.6,24.1,1034.0,
2023-02-13,5.2,3.0,8.0,0.0,,339.0,10.5,13.0,1036.3,
2023-02-14,7.2,2.4,11.2,0.0,,289.0,6.3,14.8,1035.1,
2023-02-15,11.4,5.8,14.4,0.0,,298.0,5.9,16.7,1031.6,
2023-02-16,10.2,5.6,14.4,0.0,,240.0,4.4,18.5,1031.2,
2023-02-17,8.7,3.2,12.8,0.0,,148.0,4.5,18.5,1031.3,
2023-02-18,9.4,3.8,13.2,0.0,,215.0,5.1,22.2,1030.3,
2023-02-19,9.8,4.8,13.6,0.0,,224.0,9.1,24.1,1026.0,
2023-02-20,11.4,6.4,15.2,0.0,,187.0,3.1,13.0,1026.7,
2023-02-21,10.4,6.0,14.4,0.0,,204.0,3.7,20.4,1023.2,
2023-02-22,9.3,5.6,12.8,0.0,,144.0,2.7,13.0,1018.8,
2023-02-23,10.2,5.6,13.4,0.0,,121.0,4.6,13.0,1016.6,
2023-02-24,11.9,7.0,15.0,0.0,,200.0,6.3,24.1,1014.0,
2023-02-25,12.2,9.8,13.2,0.0,,209.0,13.5,29.6,1004.7,
2023-02-26,9.1,5.6,11.4,2.0,,210.0,9.9,29.6,998.2,
2023-02-27,5.4,3.0,8.0,7.1,,115.0,6.9,16.7,1011.5,
2023-02-28,3.8,2.2,4.6,9.9,,22.0,5.7,16.7,1017.5,
2023-03-01,7.0,2.4,10.4,7.9,,119.0,6.7,18.5,1012.7,
2023-03-02,4.9,3.8,6.4,5.7,,85.0,6.7,16.7,1014.3,
2023-03-03,6.4,3.4,9.4,1.3,,36.0,5.1,14.8,1014.5,
2023-03-04,4.4,2.6,6.2,7.9,,347.0,13.0,22.2,1014.3,
2023-03-05,8.2,3.0,12.0,0.0,,283.0,4.9,18.5,1013.1,
2023-03-06,7.3,5.0,8.8,0.0,,229.0,16.8,33.3,1010.5,
2023-03-07,8.3,4.4,10.8,0.0,,233.0,18.9,33.3,1008.3,
2023-03-08,10.4,5.8,13.0,0.0,,229.0,15.2,35.2,1009.0,
2023-03-09,11.3,9.0,14.4,0.0,,223.0,17.1,38.9,1009.1,
2023-03-10,10.7,8.0,13.4,1.5,,227.0,23.3,42.6,1003.6,
2023-03-11,13.1,8.4,16.6,0.0,,236.0,16.0,31.5,1001.4,
2023-03-12,8.6,6.7,10.2,0.3,,315.0,8.9,20.4,1011.6,
2023-03-13,14.2,6.8,17.4,0.0,,241.0,8.9,25.9,1019.4,
2023-03-14,11.8,8.6,16.2,0.0,,220.0,13.5,44.5,1008.5,
2023-03-15,6.0,3.3,9.6,0.0,,285.0,17.8,33.3,1006.0,
2023-03-16,4.4,1.0,6.2,0.0,,336.0,23.8,33.3,1019.0,
2023-03-17,7.1,1.0,11.2,0.0,,327.0,9.0,18.5,1022.2,
2023-03-18,13.1,5.0,17.2,0.0,,177.0,3.7,16.7,1019.9,
2023-03-19,12.7,6.4,16.4,0.0,,123.0,3.1,16.7,1020.3,
2023-03-20,9.1,7.0,11.4,0.0,,205.0,4.1,16.7,1018.8,
2023-03-21,7.3,6.0,9.6,5.1,,317.0,7.6,16.7,1016.4,
2023-03-22,13.4,7.0,17.6,0.0,,329.0,4.5,14.8,1016.4,
2023-03-23,15.4,9.6,19.8,0.0,,215.0,3.6,14.8,1016.7,
2023-03-24,15.1,8.8,18.6,0.0,,233.0,9.0,29.6,1017.5,
2023-03-25,15.2,10.8,17.6,0.0,,225.0,21.1,35.2,1014.6,
2023-03-26,13.4,7.6,17.0,0.0,,253.0,14.7,38.9,1012.3,
2023-03-27,7.1,3.8,11.4,2.0,,273.0,13.9,35.2,1005.4,
2023-03-28,4.6,0.0,6.6,0.5,,326.0,14.8,25.9,1021.4,
2023-03-29,8.9,3.2,11.0,0.0,,229.0,17.7,37.0,1027.2,
2023-03-30,12.3,5.0,17.0,0.0,,227.0,13.5,33.3,1024.2,
2023-03-31,12.9,8.8,16.8,0.0,,232.0,18.0,38.9,1015.9,
2023-04-01,13.2,9.4,15.6,0.0,,214.0,18.3,35.2,1007.0,
2023-04-02,9.9,5.4,12.8,0.8,,15.0,9.0,20.4,1008.1,
2023-04-03,5.8,3.6,7.2,0.0,,344.0,27.2,38.9,1007.9,
2023-04-04,2.8,1.2,4.8,0.0,,336.0,18.3,25.9,1011.5,
2023-04-05,1.8,0.0,3.2,0.5,,329.0,8.5,18.5,1015.8,
2023-04-06,4.6,0.4,7.8,0.0,,318.0,9.5,22.2,1017.5,
2023-04-07,9.3,2.8,13.0,0.0,,291.0,4.6,14.8,1017.9,
2023-04-08,4.6,2.6,6.0,7.1,,181.0,6.1,16.7,1016.7,
2023-04-09,5.0,3.0,7.4,4.3,,343.0,8.3,22.2,1018.7,
2023-04-10,4.1,2.8,5.4,3.0,,323.0,15.2,25.9,1021.0,
2023-04-11,11.6,2.8,15.6,0.0,,288.0,9.1,20.4,1018.5,
2023-04-12,13.2,5.8,16.8,0.0,,224.0,6.8,22.2,1011.8,
2023-04-13,12.1,7.8,14.6,0.0,,209.0,15.8,37.0,1005.2,
2023-04-14,6.6,1.8,9.0,0.5,,227.0,22.4,35.2,1005.5,
2023-04-15,6.8,5.0,8.2,4.1,,196.0,12.1,29.6,1008.4,
2023-04-16,6.6,3.8,9.0,4.1,,28.0,11.7,25.9,1006.9,
2023-04-17,5.2,4.4,6.0,29.0,,331.0,15.2,24.1,1010.0,
2023-04-18,7.2,5.0,9.6,8.9,,297.0,4.6,14.8,1012.5,
2023-04-19,9.4,6.0,12.0,2.0,,288.0,3.9,14.8,1015.0,
2023-04-20,12.6,6.8,15.8,0.0,,92.0,5.4,16.7,1013.1,
2023-04-21,11.6,8.0,15.2,0.5,,350.0,6.6,18.5,1013.2,
2023-04-22,13.6,7.4,16.8,0.3,,353.0,6.1,16.7,1014.8,
2023-04-23,16.7,11.4,21.2,0.0,,199.0,6.4,24.1,1014.6,
2023-04-24,13.6,10.2,17.0,1.0,,222.0,19.8,35.2,1010.5,
2023-04-25,14.6,9.0,17.6,0.0,,234.0,13.3,33.3,1008.8,
2023-04-26,12.2,6.6,14.6,0.0,,331.0,10.4,20.4,1013.3,
2023-04-27,16.0,9.6,20.2,0.0,,71.0,5.5,16.7,1018.0,
2023-04-28,18.2,12.0,21.0,0.0,,223.0,8.7,24.1,1019.9,
2023-04-29,17.0,11.6,21.8,0.0,,272.0,6.1,20.4,1016.3,
2023-04-30,11.6,10.8,12.0,0.5,,65.0,4.8,16.7,1014.4,
2023-05-01,9.7,9.0,10.6,15.0,,61.0,13.3,20.4,1012.2,
2023-05-02,12.6,10.0,15.0,5.1,,92.0,6.3,18.5,1009.6,
2023-05-03,10.0,9.2,11.0,7.1,,8.0,12.7,24.1,1015.8,
2023-05-04,12.8,8.6,15.0,0.0,,328.0,10.1,22.2,1019.1,
2023-05-05,17.6,10.4,21.0,0.0,,341.0,4.2,16.7,1019.6,
2023-05-06,19.8,13.6,22.4,0.0,,307.0,5.0,16.7,1016.9,
2023-05-07,20.8,13.6,24.2,0.5,,192.0,4.7,16.7,1017.1,
2023-05-08,15.4,12.4,18.0,2.0,,261.0,3.0,14.8,1017.2,
2023-05-09,13.9,10.8,16.0,3.0,,339.0,3.9,14.8,1016.5,
2023-05-10,13.2,11.8,14.0,5.1,,166.0,5.2,20.4,1012.1,
2023-05-11,15.4,10.8,17.6,0.5,,218.0,12.5,25.9,1010.3,
2023-05-12,13.9,9.8,16.6,0.5,,213.0,11.3,24.1,1013.9,
2023-05-13,10.4,9.0,11.6,10.9,,89.0,5.4,18.5,1016.2,
2023-05-14,15.2,9.4,17.0,2.0,,185.0,9.0,25.9,1010.7,
2023-05-15,10.3,8.9,11.2,23.9,,7.0,11.9,29.6,1008.0,
2023-05-16,12.3,8.6,14.2,9.1,,157.0,13.8,24.1,998.7,
2023-05-17,13.3,10.4,15.2,0.3,,175.0,7.3,24.1,1005.7,
2023-05-18,12.6,10.8,14.6,3.0,,30.0,2.1,14.8,1014.9,
2023-05-19,13.7,10.4,14.6,0.0,,27.0,6.0,18.5,1016.3,
2023-05-20,11.6,10.6,12.2,20.1,,26.0,10.9,27.8,1012.8,
2023-05-21,14.6,10.6,16.6,5.1,,4.0,13.7,24.1,1010.8,
2023-05-22,18.0,11.8,19.6,0.0,,9.0,9.1,18.5,1011.7,
2023-05-23,19.4,14.0,23.0,0.0,,301.0,3.8,14.8,1013.5,
2023-05-24,19.3,14.4,23.0,0.8,,143.0,5.4,16.7,1014.0,
2023-05-25,20.0,15.0,22.6,0.0,,11.0,7.3,20.4,1015.8,
2023-05-26,19.0,13.6,21.2,0.0,,328.0,11.1,24.1,1017.1,
2023-05-27,18.6,14.6,20.0,0.0,,330.0,13.7,24.1,1016.1,
2023-05-28,19.0,13.8,21.4,0.0,,322.0,7.8,18.5,1014.1,
2023-05-29,17.3,14.8,21.2,4.1,,279.0,6.0,14.8,1012.8,
2023-05-30,16.2,13.0,20.0,21.1,,285.0,5.3,14.8,1014.0,
2023-05-31,17.3,11.6,20.4,0.8,,356.0,6.2,18.5,1015.3,
2023-06-01,17.0,12.8,21.2,15.0,,339.0,5.0,18.5,1015.3,
2023-06-02,19.7,13.6,23.0,1.0,,261.0,3.4,14.8,1013.8,
2023-06-03,18.4,14.2,23.2,26.9,,212.0,4.2,14.8,1014.9,
2023-06-04,20.6,15.0,23.4,0.3,,149.0,4.0,16.7,1016.6,
2023-06-05,18.6,15.2,21.4,2.0,,136.0,4.0,20.4,1015.7,
2023-06-06,17.7,13.6,20.8,4.1,,199.0,5.1,16.7,1015.5,
2023-06-07,19.4,14.0,22.6,9.1,,325.0,4.0,14.8,1016.2,
2023-06-08,19.3,15.4,22.2,7.9,,304.0,3.1,14.8,1014.5,
2023-06-09,21.6,15.0,24.6,0.0,,236.0,3.4,16.7,1013.3,
2023-06-10,18.2,16.0,20.2,16.3,,325.0,3.0,13.0,1012.3,
2023-06-11,18.4,13.6,20.4,19.1,,312.0,4.4,16.7,1011.1,
2023-06-12,19.1,15.2,21.2,1.0,,317.0,7.3,18.5,1011.1,
2023-06-13,19.2,15.2,21.6,10.9,,285.0,4.1,16.7,1010.8,
2023-06-14,19.6,15.2,22.0,0.3,,302.0,4.4,16.7,1010.6,
2023-06-15,14.6,14.0,15.4,25.9,,331.0,9.2,25.9,1011.1,
2023-06-16,17.9,13.6,19.8,0.0,,317.0,17.0,31.5,1012.2,
2023-06-17,19.1,15.0,21.6,0.0,,315.0,16.0,29.6,1014.5,
2023-06-18,23.2,16.4,26.0,0.0,,330.0,6.5,14.8,1017.2,
2023-06-19,25.1,19.0,27.8,0.0,,225.0,4.2,13.0,1017.6,
2023-06-20,26.6,18.8,30.0,0.0,,262.0,3.7,14.8,1018.2,
2023-06-21,28.6,21.4,32.4,0.0,,251.0,3.1,16.7,1018.6,
2023-06-22,30.8,25.0,34.4,0.0,,275.0,3.1,14.8,1018.6,
2023-06-23,27.6,24.6,30.4,0.0,,211.0,14.5,31.5,1016.2,
2023-06-24,19.2,15.0,25.0,32.0,,264.0,8.8,20.4,1015.0,
2023-06-25,20.4,15.0,23.0,0.0,,321.0,11.6,29.6,1014.9,
2023-06-26,21.7,16.4,24.0,0.0,,320.0,10.7,25.9,1014.9,
2023-06-27,25.3,18.6,28.6,0.0,,271.0,5.3,14.8,1014.2,
2023-06-28,24.0,19.4,27.4,0.0,,267.0,7.9,18.5,1012.8,
2023-06-29,21.3,16.0,23.6,0.0,,351.0,6.3,18.5,1015.5,
2023-06-30,24.9,18.6,28.0,0.0,,243.0,5.5,20.4,1013.4,
2023-07-01,21.0,16.8,23.0,2.0,,225.0,13.3,33.3,1008.9,
2023-07-02,23.0,15.8,25.6,0.0,,260.0,4.9,18.5,1010.5,
2023-07-03,24.3,18.0,27.4,0.0,,215.0,5.6,22.2,1013.1,
2023-07-04,22.0,16.4,26.8,13.0,,271.0,5.7,14.8,1014.3,
2023-07-05,25.2,16.4,29.0,0.0,,274.0,3.8,13.0,1014.5,
2023-07-06,26.0,19.4,29.4,0.0,,249.0,4.5,14.8,1015.3,
2023-07-07,24.4,18.8,27.4,0.0,,341.0,4.2,18.5,1019.0,
2023-07-08,26.0,18.6,30.0,0.0,,358.0,4.1,16.7,1020.5,
2023-07-09,27.7,21.4,30.2,0.0,,330.0,4.9,20.4,1020.5,
2023-07-10,29.2,23.0,32.2,0.0,,328.0,5.0,20.4,1020.4,
2023-07-11,30.4,24.0,33.2,0.0,,268.0,3.8,14.8,1018.3,
2023-07-12,30.2,24.0,33.0,0.0,,219.0,13.1,27.8,1017.0,
2023-07-13,29.1,24.8,31.4,0.0,,228.0,18.8,35.2,1015.5,
2023-07-14,29.0,22.2,32.0,0.0,,256.0,5.8,20.4,1016.1,
2023-07-15,29.8,21.8,33.0,0.0,,238.0,3.0,14.8,1016.2,
2023-07-16,31.4,23.6,35.0,0.0,,259.0,2.5,14.8,1016.0,
2023-07-17,34.8,26.6,38.0,0.0,,231.0,5.0,16.7,1017.0,
2023-07-18,34.3,27.6,37.2,0.0,,311.0,4.7,18.5,1016.8,
2023-07-19,34.5,28.7,37.2,0.0,,223.0,11.4,25.9,1013.1,
2023-07-20,32.8,20.8,36.2,0.0,,231.0,8.0,24.1,1009.9,
2023-07-21,30.8,25.6,35.0,0.0,,213.0,11.5,33.3,1010.6,
2023-07-22,31.0,24.8,34.2,0.0,,226.0,12.6,31.5,1013.9,
2023-07-23,27.9,24.2,32.5,0.0,,238.0,14.4,31.5,1016.3,
2023-07-24,33.8,26.0,37.4,0.0,,218.0,12.0,33.3,1013.3,
2023-07-25,30.4,27.6,32.8,0.0,,208.0,17.7,38.9,1006.1,
2023-07-26,22.4,18.2,27.0,0.5,,222.0,15.4,31.5,1007.2,
2023-07-27,22.1,16.0,26.4,6.1,,356.0,5.2,14.8,1014.3,
2023-07-28,25.3,17.8,28.4,0.0,,210.0,6.1,22.2,1014.6,
2023-07-29,26.2,18.0,30.4,0.0,,209.0,4.2,14.8,1014.2,
2023-07-30,25.3,21.3,30.4,0.0,,233.0,8.7,25.9,1013.3,
2023-07-31,26.4,20.0,29.2,0.0,,1.0,5.6,18.5,1012.0,
2023-08-01,26.6,20.4,29.6,0.0,,221.0,7.6,29.6,1008.4,
2023-08-02,25.8,18.8,29.4,0.0,,229.0,8.8,25.9,1008.1,
2023-08-03,28.2,19.0,32.0,0.0,,216.0,9.6,27.8,1009.3,
2023-08-04,28.3,21.8,32.0,0.0,,208.0,10.1,31.5,1008.5,
2023-08-05,18.4,15.0,22.6,2.5,,235.0,11.1,24.1,1006.3,
2023-08-06,18.8,15.0,23.4,0.0,,232.0,14.2,31.5,1007.7,
2023-08-07,20.4,15.8,24.4,13.0,,293.0,7.6,20.4,1011.4,
2023-08-08,21.2,14.6,24.6,2.0,,329.0,5.0,16.7,1017.0,
2023-08-09,23.8,16.8,26.4,0.0,,223.0,4.5,13.0,1016.5,
2023-08-10,23.9,18.0,28.0,0.0,,316.0,5.2,16.7,1017.7,
2023-08-11,23.8,18.0,26.2,0.0,,330.0,8.6,24.1,1020.8,
2023-08-12,22.2,16.6,25.0,0.0,,327.0,13.2,29.6,1020.6,
2023-08-13,21.6,17.5,26.7,0.0,,330.0,8.6,22.2,1018.7,
2023-08-14,25.7,18.6,29.8,0.0,,312.0,6.6,18.5,1017.8,
2023-08-15,26.8,20.0,31.4,0.0,,275.0,3.9,13.0,1017.5,
2023-08-16,25.1,19.6,30.0,1.0,,271.0,4.0,16.7,1016.9,
2023-08-17,25.4,20.0,29.2,0.0,,304.0,7.7,20.4,1016.0,
2023-08-18,27.3,21.4,31.0,0.0,,321.0,5.1,16.7,1015.7,
2023-08-19,26.8,21.6,29.4,0.0,,317.0,9.3,24.1,1015.9,
2023-08-20,23.0,20.0,26.3,0.0,,327.0,15.1,31.5,1016.9,
2023-08-21,26.6,20.8,30.0,0.0,,330.0,12.7,29.6,1018.1,
2023-08-22,26.8,21.8,29.2,0.0,,326.0,11.7,27.8,1017.2,
2023-08-23,28.4,21.0,31.8,0.0,,331.0,7.1,24.1,1015.7,
2023-08-24,28.7,23.2,33.4,0.0,,323.0,5.9,18.5,1015.8,
2023-08-25,30.9,24.4,35.2,0.0,,347.0,6.0,18.5,1014.5,
2023-08-26,30.9,24.2,34.0,0.0,,218.0,4.7,18.5,1012.9,
2023-08-27,27.8,24.1,32.3,0.0,,214.0,8.6,24.1,1010.0,
2023-08-28,21.0,16.3,24.2,2.0,,214.0,17.2,42.6,1004.9,
2023-08-29,17.4,13.4,20.0,1.0,,214.0,21.5,40.8,1002.8,
2023-08-30,18.4,13.0,22.6,0.0,,218.0,15.9,33.3,1006.7,
2023-08-31,20.1,13.8,24.0,0.0,,227.0,7.1,20.4,1014.0,
2023-09-01,22.8,14.2,26.6,0.0,,109.0,4.2,14.8,1018.9,
2023-09-02,23.9,17.4,28.0,0.0,,16.0,4.5,14.8,1020.3,
2023-09-03,21.8,18.7,26.3,0.0,,325.0,6.9,20.4,1021.5,
2023-09-04,19.3,16.2,21.6,0.0,,346.0,25.3,38.9,1020.0,
2023-09-05,18.8,14.9,21.2,0.0,,342.0,23.7,35.2,1016.6,
2023-09-06,20.5,15.8,23.0,0.0,,343.0,17.5,29.6,1016.9,
2023-09-07,21.6,16.2,24.2,0.0,,345.0,13.6,25.9,1016.8,
2023-09-08,22.6,17.8,25.0,0.0,,343.0,11.5,24.1,1016.9,
2023-09-09,23.2,17.6,26.0,0.0,,330.0,8.4,18.5,1016.9,
2023-09-10,22.0,18.4,27.0,0.0,,337.0,6.2,16.7,1017.7,
2023-09-11,26.2,19.0,30.2,0.0,,33.0,4.6,14.8,1016.1,
2023-09-12,27.7,21.0,32.2,0.0,,219.0,4.7,14.8,1015.4,
2023-09-13,26.2,18.6,30.0,0.0,,228.0,5.0,16.7,1017.1,
2023-09-14,22.9,17.2,27.8,0.5,,181.0,4.7,14.8,1017.8,
2023-09-15,22.7,17.8,27.4,0.8,,2.0,3.6,,1017.4,
2023-09-16,22.6,18.0,25.4,0.8,,201.0,2.0,,1018.4,
2023-09-17,22.7,18.7,27.9,0.0,,159.0,3.1,,1018.9,
2023-09-18,27.9,21.4,32.0,0.0,,226.0,6.7,,1017.4,
2023-09-19,26.3,23.0,29.4,0.0,,233.0,11.2,,1015.5,
2023-09-20,25.4,19.8,28.2,0.0,,192.0,5.5,,1016.4,
2023-09-21,20.0,16.0,24.2,4.1,,206.0,10.1,,1012.8,
2023-09-22,22.8,19.8,25.2,0.0,,195.0,12.3,,1010.6,
2023-09-23,15.8,14.1,19.6,39.1,,199.0,11.2,,1011.4,
2023-09-24,13.2,11.2,15.1,4.8,,288.0,10.8,,1015.1,
2023-09-25,14.6,11.0,16.2,4.1,,329.0,16.1,,1017.0,
2023-09-26,17.9,13.8,20.4,4.1,,325.0,17.6,,1016.9,
2023-09-27,19.8,15.8,22.6,0.0,,322.0,11.0,,1017.3,
2023-09-28,19.9,16.2,23.2,0.0,,324.0,7.8,,1018.0,
2023-09-29,20.3,16.0,24.0,0.0,,318.0,5.2,,1020.5,
2023-09-30,20.8,16.0,24.6,0.0,,317.0,4.1,,1021.7,
2023-10-01,18.4,16.1,21.9,0.0,,310.0,10.0,,1023.7,
2023-10-02,20.3,15.0,23.4,0.0,,321.0,10.0,,1025.2,
2023-10-03,25.3,18.8,28.6,0.0,,276.0,4.3,,1023.7,
2023-10-04,23.1,17.8,27.2,0.0,,274.0,3.8,,1022.9,
2023-10-05,21.4,16.4,24.8,0.3,,309.0,1.8,,1023.4,
2023-10-06,20.4,15.8,23.4,0.0,,314.0,3.0,,1023.8,
2023-10-07,20.3,15.3,24.0,0.0,,319.0,3.1,,1024.1,
2023-10-08,19.1,16.0,23.1,0.0,,305.0,7.2,,1023.8,
2023-10-09,25.6,20.0,29.0,0.0,,271.0,5.1,,1023.1,
2023-10-10,25.2,20.4,28.4,0.0,,225.0,5.5,,1021.4,
2023-10-11,23.8,18.0,27.0,0.0,,105.0,3.8,,1022.0,
2023-10-12,23.8,17.6,27.6,0.0,,309.0,2.8,,1021.5,
2023-10-13,22.2,15.0,27.0,0.0,,245.0,3.4,,1021.8,
2023-10-14,22.2,15.4,24.6,0.0,,246.0,14.1,,1018.2,
2023-10-15,18.7,16.6,22.3,0.0,,235.0,18.3,,1012.6,
2023-10-16,12.6,10.7,16.7,1.3,,350.0,5.9,,1016.4,
2023-10-17,11.2,8.8,13.0,16.8,,11.0,3.0,,1016.7,
2023-10-18,15.6,10.8,18.6,0.5,,196.0,4.2,,1015.1,
2023-10-19,19.7,15.8,22.2,0.0,,204.0,12.2,,1008.5,
2023-10-20,23.6,18.0,26.0,0.0,,211.0,25.0,,1001.1,
2023-10-21,14.4,13.8,21.2,19.0,,222.0,13.2,,1004.3,
2023-10-22,15.8,13.7,18.9,0.0,,228.0,13.1,,1012.7,
2023-10-23,18.0,14.0,22.4,0.0,,205.0,4.9,,1018.0,
2023-10-24,19.3,15.0,22.0,0.0,,223.0,17.9,,1014.2,
2023-10-25,16.0,14.8,17.4,0.0,,239.0,20.4,,1008.9,
2023-10-26,17.4,13.4,19.8,0.0,,249.0,13.5,,1006.2,
2023-10-27,16.8,14.5,19.6,5.1,,229.0,32.2,,1002.3,
2023-10-28,16.4,13.8,18.6,0.0,,238.0,22.7,,1009.2,
2023-10-29,16.0,13.5,20.3,0.0,,223.0,9.6,,1016.0,
2023-10-30,20.3,14.4,23.2,0.0,,215.0,9.6,,1014.2,
2023-10-31,17.0,13.0,18.6,0.5,,228.0,22.5,,1009.7,
2023-11-01,12.6,11.0,14.6,1.0,,286.0,3.8,,1015.1,
2023-11-02,14.0,10.0,16.0,0.3,,246.0,16.6,,1007.4,
2023-11-03,11.9,9.3,14.0,7.1,,231.0,35.4,,996.4,
2023-11-04,11.2,7.2,13.2,7.1,,239.0,18.5,,1000.3,
2023-11-05,13.7,12.3,15.2,8.7,,224.0,31.7,,1000.9,
2023-11-06,13.9,10.8,16.4,0.0,,245.0,23.8,,1013.6,
2023-11-07,13.2,12.0,14.2,21.1,,224.0,9.6,,1017.5,
2023-11-08,10.3,7.5,13.4,0.5,,263.0,5.3,,1019.8,
2023-11-09,11.4,7.6,15.0,0.0,,217.0,3.7,,1020.0,
2023-11-10,11.8,9.4,13.4,0.0,,229.0,13.1,,1009.0,
2023-11-11,10.3,7.4,12.4,5.1,,244.0,26.2,,1007.5,
2023-11-12,10.1,8.6,12.4,0.0,,244.0,11.0,,1011.2,
2023-11-13,14.1,8.6,17.2,0.0,,250.0,10.3,,1017.6,
2023-11-14,16.9,12.6,19.2,0.0,,240.0,13.6,,1017.3,
2023-11-15,16.9,14.8,19.2,0.0,,249.0,24.5,,1014.3,
2023-11-16,13.2,10.9,16.4,0.5,,246.0,7.1,,1018.8,
2023-11-17,15.2,8.0,16.8,0.5,,251.0,29.9,,1012.2,
2023-11-18,8.7,4.8,11.2,0.8,,357.0,8.9,,1022.1,
2023-11-19,10.2,6.9,14.4,0.0,,230.0,7.8,,1022.2,
2023-11-20,14.0,9.6,15.4,0.0,,248.0,10.5,,1016.1,
2023-11-21,12.8,10.2,14.4,11.9,,219.0,9.6,,1006.5,
2023-11-22,10.0,7.6,14.2,6.1,,320.0,11.4,,1006.3,
2023-11-23,7.4,7.0,8.0,8.9,,3.0,22.0,,1016.7,
2023-11-24,11.2,6.8,14.0,0.5,,253.0,20.8,,1006.6,
2023-11-25,1.2,-1.4,10.4,22.1,20.0,311.0,27.6,,998.7,
2023-11-26,2.8,-0.8,6.9,0.0,,260.0,11.1,,1013.4,
2023-11-27,6.4,2.0,8.0,0.0,10.0,244.0,8.2,,1014.7,
2023-11-28,8.2,6.8,9.0,26.1,,239.0,29.4,,997.2,
2023-11-29,8.8,5.6,11.4,0.0,,270.0,7.2,,1006.4,
2023-11-30,11.4,7.0,14.0,2.3,,223.0,25.6,,1009.4,
2023-12-01,14.6,12.8,16.4,0.0,,220.0,22.4,,1006.1,
2023-12-02,11.8,8.0,15.4,5.0,,227.0,36.7,,1003.3,
2023-12-03,6.5,3.7,8.1,0.1,,285.0,10.0,,1015.2,
2023-12-04,6.9,2.8,9.6,0.0,,220.0,4.7,,1021.6,
2023-12-05,7.8,6.0,9.4,9.3,,188.0,8.5,,1011.9,
2023-12-06,4.8,3.0,7.4,1.0,,246.0,3.6,,1011.4,
2023-12-07,4.4,1.8,6.6,0.0,,309.0,9.0,,1018.3,
2023-12-08,6.3,2.8,9.6,0.0,,177.0,6.0,,1017.7,
2023-12-09,5.8,3.8,7.6,0.6,,284.0,6.0,,1016.6,
2023-12-10,7.3,6.1,9.0,1.3,,272.0,16.7,,1014.2,
2023-12-11,10.2,5.4,13.6,0.0,,241.0,22.1,,1016.7,
2023-12-12,13.8,10.8,16.2,0.0,,232.0,19.1,,1013.1,
2023-12-13,13.8,11.4,16.0,0.0,,231.0,24.7,,1005.4,
2023-12-14,9.2,5.7,11.0,1.8,,278.0,16.1,,1008.5,
2023-12-15,5.7,5.0,7.4,6.7,,352.0,25.0,,1021.4,
2023-12-16,3.3,2.2,4.0,3.7,,356.0,35.5,,1031.0,
2023-12-17,4.0,2.3,6.2,0.0,,347.0,10.0,,1037.7,
2023-12-18,9.6,3.0,13.6,0.0,,308.0,6.8,,1035.7,
2023-12-19,12.6,9.0,16.8,0.0,,255.0,6.2,,1027.7,
2023-12-20,9.8,6.2,12.8,0.0,,235.0,4.1,,1015.4,
2023-12-21,9.6,5.9,12.8,0.0,,261.0,11.3,,1011.1,
2023-12-22,12.2,7.2,15.7,0.0,,232.0,16.7,,1004.7,
2023-12-23,11.4,7.2,14.0,0.0,,230.0,14.3,,1010.6,
2023-12-24,10.4,8.6,13.9,0.0,,234.0,15.1,,1016.5,
2023-12-25,9.6,5.6,13.0,0.0,,219.0,8.5,,1019.9,
2023-12-26,9.8,4.7,13.5,0.0,,255.0,5.5,,1021.5,
2023-12-27,9.8,6.3,12.8,0.0,,169.0,6.3,,1026.6,
2023-12-28,9.2,6.0,12.6,0.0,,212.0,4.9,,1028.9,
2023-12-29,8.3,5.0,11.1,0.0,,236.0,5.6,,1025.2,
2023-12-30,8.8,6.0,11.0,0.0,,258.0,4.3,,1022.0,
2023-12-31,8.8,7.1,11.2,0.0,,206.0,5.7,,1018.6,
2024-01-01,9.3,7.5,10.1,0.5,,235.0,16.3,,1013.9,
2024-01-02,9.0,5.4,11.8,0.0,,236.0,14.9,,1016.8,
2024-01-03,10.4,7.0,12.2,0.0,,246.0,30.5,,1012.4,
2024-01-04,12.3,9.6,14.3,0.0,,235.0,19.8,,1011.0,
2024-01-05,10.1,7.4,12.0,0.0,,209.0,11.7,,1010.5,
2024-01-06,8.9,7.4,10.4,0.5,,179.0,11.7,,998.9,
2024-01-07,6.6,5.4,7.6,8.1,,199.0,5.5,,994.9,
2024-01-08,3.7,2.1,5.4,21.1,,336.0,13.3,,1004.8,
2024-01-09,2.4,1.5,3.6,0.5,,338.0,13.0,,1018.4,
2024-01-10,3.0,1.6,3.7,0.3,,335.0,4.1,,1025.2,
2024-01-11,3.0,2.2,3.0,0.8,,31.0,8.6,,1022.2,
2024-01-12,2.3,0.8,3.8,0.0,,343.0,14.2,,1020.7,
2024-01-13,3.1,-0.9,6.6,1.0,,287.0,9.4,,1022.8,
2024-01-14,5.5,2.9,8.2,0.2,,234.0,12.8,,1015.9,
2024-01-15,8.7,6.4,11.7,0.0,,235.0,20.8,,1003.4,
2024-01-16,9.8,6.4,12.3,0.0,,235.0,12.1,,1008.3,
2024-01-17,11.3,7.5,12.5,0.3,,215.0,18.9,,1008.9,
2024-01-18,13.0,10.3,14.5,0.3,,232.0,30.0,,1002.4,
2024-01-19,11.9,10.4,13.0,0.0,,243.0,28.8,,1006.9,
2024-01-20,-0.2,-0.8,0.1,6.1,,337.0,21.7,,1020.2,
2024-01-21,1.6,-1.1,4.5,0.0,,336.0,18.5,,1030.1,
2024-01-22,6.6,-0.1,10.5,0.0,,248.0,6.0,,1032.8,
2024-01-23,5.4,4.0,6.8,0.0,,298.0,10.2,,1028.8,
2024-01-24,9.8,3.3,14.0,0.0,,251.0,8.4,,1031.0,
2024-01-25,10.7,7.1,14.2,0.0,,229.0,7.4,,1026.3,
2024-01-26,12.8,6.2,15.6,0.0,,209.0,5.1,,1026.5,
2024-01-27,7.3,4.1,10.3,0.0,,331.0,7.7,,1029.1,
2024-01-28,5.1,3.8,7.1,0.0,,343.0,13.5,,1035.4,
2024-01-29,6.0,2.4,9.0,0.0,,328.0,7.6,,1036.3,
2024-01-30,6.8,2.5,10.0,0.0,,340.0,5.9,,1036.6,
2024-01-31,9.3,4.0,13.1,0.0,,241.0,4.0,,1034.8,
2024-02-01,8.3,3.3,11.8,0.0,,249.0,4.5,,1029.4,
2024-02-02,6.6,2.8,9.7,0.0,,331.0,12.6,,1028.5,
2024-02-03,13.0,4.4,17.5,0.0,,256.0,8.7,,1028.6,
2024-02-04,10.6,8.4,14.3,0.0,,230.0,9.2,,1026.1,
2024-02-05,10.2,6.0,14.4,0.0,,217.0,9.8,,1025.8,
2024-02-06,11.2,6.0,15.2,0.0,,245.0,9.3,,1023.7,
2024-02-07,10.2,6.4,13.3,0.0,,234.0,12.7,,1016.6,
2024-02-08,10.8,7.1,13.6,0.0,,239.0,21.7,,1012.2,
2024-02-09,9.8,7.3,11.5,0.0,,225.0,16.8,,1008.2,
2024-02-10,8.8,7.5,11.0,3.0,,170.0,18.8,,998.5,
2024-02-11,7.9,6.5,9.2,5.6,,217.0,17.7,,994.6,
2024-02-12,7.9,4.0,11.5,0.5,,207.0,8.3,,1003.8,
2024-02-13,5.9,4.9,7.3,1.0,,315.0,11.2,,1014.8,
2024-02-14,7.2,3.5,9.8,0.8,,341.0,19.8,,1023.7,
2024-02-15,11.2,6.2,14.0,0.0,,316.0,9.9,,1024.5,
2024-02-16,13.8,9.5,16.1,0.0,,139.0,6.8,,1022.0,
2024-02-17,13.0,8.1,16.0,0.0,,9.0,6.1,,1026.2,
2024-02-18,10.4,7.8,14.7,0.0,,321.0,3.0,,1030.3,
2024-02-19,10.6,5.7,14.4,0.0,,287.0,4.8,,1024.2,
2024-02-20,7.6,5.3,10.0,0.6,,350.0,11.9,,1022.6,
2024-02-21,8.4,3.9,11.6,0.0,,1.0,10.1,,1024.5,
2024-02-22,9.8,6.1,12.9,0.0,,227.0,17.4,,1018.2,
2024-02-23,9.0,7.2,9.8,20.0,,209.0,23.7,,1006.7,
2024-02-24,7.8,5.6,11.2,6.1,,217.0,9.7,,1008.9,
2024-02-25,6.5,5.2,8.3,0.0,,289.0,3.7,,1010.1,
2024-02-26,9.8,4.8,13.0,0.0,,210.0,7.8,,1008.2,
2024-02-27,11.8,7.2,14.3,0.0,,161.0,11.8,,1007.6,
2024-02-28,10.2,8.9,11.6,0.0,,85.0,17.4,,1011.0,
2024-02-29,6.8,4.9,8.6,27.9,,78.0,10.5,,1008.3,
2024-03-01,7.7,5.2,9.6,0.8,,193.0,8.7,,1005.7,
2024-03-02,9.8,5.7,12.5,0.0,,223.0,13.4,,1010.4,
2024-03-03,9.1,6.0,12.5,0.4,,205.0,12.1,,1010.0,
2024-03-04,5.9,3.5,9.6,1.5,,202.0,11.4,,1005.1,
2024-03-05,8.7,3.2,12.3,0.0,,298.0,7.8,,1010.9,
2024-03-06,9.3,5.5,12.4,0.0,,236.0,18.1,,1015.8,
2024-03-07,6.8,3.4,9.6,0.0,,325.0,9.2,,1016.6,
2024-03-08,7.7,3.4,11.8,0.1,,145.0,9.1,,1015.9,
2024-03-09,8.7,7.0,10.6,10.2,,187.0,13.6,,1011.7,
2024-03-10,10.7,8.1,14.0,5.0,,173.0,22.7,,1007.0,
2024-03-11,7.4,5.4,12.1,16.0,,220.0,15.9,,1006.0,
2024-03-12,6.8,5.2,9.3,0.3,,321.0,16.1,,1012.2,
2024-03-13,9.0,5.2,14.0,0.0,,301.0,11.0,,1016.9,
2024-03-14,10.0,6.7,15.6,0.0,,272.0,11.0,,1018.5,
2024-03-15,10.9,6.8,16.6,0.0,,237.0,10.1,,1018.3,
2024-03-16,8.8,6.7,13.1,3.2,,270.0,8.7,,1019.3,
2024-03-17,10.9,7.3,15.6,0.0,,312.0,10.4,,1021.2,
2024-03-18,10.9,9.2,13.8,3.1,,230.0,17.0,,1016.5,
2024-03-19,8.4,7.0,11.2,2.2,,336.0,15.0,,1015.5,
2024-03-20,8.7,4.7,13.2,0.0,,334.0,11.5,,1021.8,
2024-03-21,12.7,8.2,18.6,0.0,,243.0,10.6,,1022.2,
2024-03-22,9.5,7.3,13.4,0.5,,333.0,9.2,,1018.7,
2024-03-23,11.9,8.7,16.7,0.0,,236.0,19.3,,1014.8,
2024-03-24,10.3,6.4,14.5,0.0,,241.0,20.5,,1007.9,
2024-03-25,8.4,4.9,12.6,0.4,,38.0,10.2,,1007.9,
2024-03-26,7.7,6.0,9.0,7.4,,115.0,15.3,,1001.5,
2024-03-27,12.0,6.3,14.6,7.0,,206.0,21.0,,997.7,
2024-03-28,9.8,6.1,13.0,0.2,,225.0,27.3,,1008.6,
2024-03-29,15.0,10.9,19.9,0.0,,226.0,13.6,,1014.1,
2024-03-30,16.4,14.1,19.7,0.0,,176.0,17.8,,1009.7,
2024-03-31,17.0,14.3,21.4,0.0,,189.0,18.1,,1009.2,
2024-04-01,8.3,8.0,21.3,3.9,,191.0,24.4,,1008.7,
2024-04-02,8.3,7.5,13.5,0.1,,238.0,34.0,,1015.7,
2024-04-03,10.6,7.2,15.0,0.0,,232.0,17.4,,1018.2,
2024-04-04,12.7,7.4,17.9,0.0,,224.0,11.6,,1020.0,
2024-04-05,14.3,9.4,19.7,0.0,,164.0,10.0,,1023.5,
2024-04-06,16.2,10.8,21.7,0.0,,215.0,7.1,,1023.8,
2024-04-07,19.7,14.3,24.5,0.0,,314.0,6.9,,1021.4,
2024-04-08,19.9,15.7,26.1,0.0,,84.0,9.2,,1018.3,
2024-04-09,18.4,14.6,23.6,0.0,,226.0,15.4,,1016.0,
2024-04-10,12.9,9.3,16.0,0.0,,222.0,14.5,,1015.9,
2024-04-11,11.7,6.9,15.8,1.3,,319.0,12.2,,1023.8,
2024-04-12,15.6,10.9,21.5,0.0,,332.0,13.8,,1026.7,
2024-04-13,17.6,13.0,23.1,0.0,,348.0,9.8,,1026.0,
2024-04-14,20.2,15.0,26.0,0.0,,142.0,9.1,,1023.8,
2024-04-15,18.8,16.4,23.2,0.0,,241.0,23.4,,1017.2,
2024-04-16,16.4,13.4,19.9,0.0,,226.0,24.3,,1005.5,
2024-04-17,7.6,5.2,12.2,4.1,,310.0,14.2,,1002.3,
2024-04-18,6.5,3.9,11.5,13.0,,30.0,9.7,,1007.6,
2024-04-19,4.9,2.2,8.5,11.9,,359.0,13.7,,1011.7,
2024-04-20,6.9,3.4,11.2,5.3,,241.0,15.3,,1010.1,
2024-04-21,5.7,2.9,9.7,5.8,,345.0,13.5,,1011.8,
2024-04-22,9.2,5.4,13.7,0.0,,155.0,11.3,,1011.6,
2024-04-23,8.6,5.4,13.5,0.0,,244.0,15.3,,1007.6,
2024-04-24,5.9,2.6,10.0,1.1,,230.0,15.8,,1007.4,
2024-04-25,7.3,2.8,11.7,0.9,,238.0,12.8,,1008.6,
2024-04-26,8.6,5.6,12.2,0.0,,245.0,11.0,,1012.1,
2024-04-27,12.8,7.0,17.7,0.0,,149.0,10.6,,1015.8,
2024-04-28,15.3,11.4,20.1,0.0,,70.0,10.5,,1018.8,
2024-04-29,15.8,11.6,20.2,0.0,,44.0,10.1,,1019.8,
2024-04-30,17.2,13.5,21.4,0.0,,60.0,11.3,,1017.5,
2024-05-01,14.2,11.3,16.7,0.8,,155.0,13.9,,1009.8,
2024-05-02,11.1,6.3,17.0,4.3,,226.0,18.5,,1011.0,
2024-05-03,9.4,6.3,13.3,0.0,,248.0,27.6,,1012.2,
2024-05-04,12.2,7.7,17.3,0.0,,315.0,9.5,,1014.8,
2024-05-05,14.6,10.4,19.7,0.0,,242.0,10.0,,1016.7,
2024-05-06,16.1,10.3,22.1,0.0,,228.0,9.6,,1015.1,
2024-05-07,15.8,12.7,20.1,0.0,,219.0,12.0,,1013.5,
2024-05-08,13.6,10.6,17.6,2.3,,352.0,14.6,,1014.7,
2024-05-09,13.4,10.2,16.7,3.0,,345.0,22.3,,1014.8,
2024-05-10,14.2,10.9,17.2,0.0,,341.0,17.1,,1016.0,
2024-05-11,14.9,10.8,18.6,0.0,,342.0,16.9,,1017.2,
2024-05-12,16.3,12.8,21.7,1.0,,6.0,6.6,,1017.8,
2024-05-13,15.9,13.0,21.7,0.7,,264.0,7.4,,1015.6,
2024-05-14,15.8,12.8,21.3,2.3,,13.0,7.9,,1010.6,
2024-05-15,17.4,12.5,22.4,0.0,,83.0,11.2,,1008.7,
2024-05-16,20.2,15.8,26.3,0.0,,171.0,13.2,,1006.3,
2024-05-17,17.7,13.7,21.8,0.0,,238.0,14.7,,1010.8,
2024-05-18,15.6,13.8,19.6,3.0,,22.0,8.1,,1013.6,
2024-05-19,16.7,13.2,21.1,5.2,,193.0,8.3,,1011.8,
2024-05-20,18.2,13.8,23.2,0.0,,59.0,9.5,,1009.6,
2024-05-21,17.1,14.0,20.5,0.0,,225.0,19.9,,1007.9,
2024-05-22,15.0,11.8,19.4,0.2,,245.0,26.0,,1013.7,
2024-05-23,16.5,11.6,22.0,0.0,,228.0,11.5,,1016.8,
2024-05-24,16.8,11.0,22.1,0.0,,138.0,7.8,,1018.2,
2024-05-25,14.7,13.3,17.9,1.4,,341.0,6.2,,1016.3,
2024-05-26,15.8,12.0,20.1,1.1,,348.0,12.2,,1016.9,
2024-05-27,15.6,12.8,18.5,0.0,,307.0,8.4,,1017.7,
2024-05-28,15.6,13.3,20.6,4.3,,251.0,9.7,,1014.9,
2024-05-29,16.3,13.5,20.2,3.4,,15.0,8.7,,1013.6,
2024-05-30,17.3,13.7,21.8,0.2,,233.0,13.6,,1009.4,
2024-05-31,17.1,14.9,20.7,0.0,,233.0,20.1,,1007.0,
2024-06-01,16.7,13.5,20.5,0.0,,225.0,17.4,,1013.1,
2024-06-02,16.3,14.1,21.4,2.0,,78.0,10.6,,1015.4,
2024-06-03,16.9,12.6,21.6,0.0,,304.0,8.6,,1013.5,
2024-06-04,17.7,12.2,22.6,0.0,,135.0,7.6,,1014.5,
2024-06-05,19.1,15.0,23.8,0.0,,8.0,7.8,,1015.4,
2024-06-06,21.7,16.7,26.8,0.0,,314.0,5.7,,1017.1,
2024-06-07,23.0,17.6,28.3,0.0,,241.0,6.3,,1017.2,
2024-06-08,24.6,18.7,29.4,0.0,,218.0,7.5,,1014.3,
2024-06-09,24.1,20.7,26.8,0.0,,210.0,10.4,,1010.3,
2024-06-10,20.8,17.5,24.8,0.0,,232.0,16.8,,1006.7,
2024-06-11,19.6,15.8,23.5,0.0,,232.0,19.6,,1010.0,
2024-06-12,20.7,15.6,26.5,0.0,,223.0,13.3,,1011.6,
2024-06-13,18.3,13.6,22.8,0.0,,239.0,15.8,,1014.2,
2024-06-14,18.6,12.3,24.8,0.0,,269.0,8.0,,1017.0,
2024-06-15,20.6,14.6,27.2,0.0,,230.0,10.2,,1014.2,
2024-06-16,22.0,17.2,28.0,0.0,,235.0,16.8,,1011.7,
2024-06-17,23.1,16.5,28.8,0.0,,199.0,8.7,,1015.3,
2024-06-18,25.3,19.9,30.2,0.0,,142.0,6.5,,1017.3,
2024-06-19,26.7,22.6,31.4,0.0,,214.0,7.9,,1016.7,
2024-06-20,29.7,25.2,34.1,0.0,,2.0,9.1,,1017.9,
2024-06-21,31.0,24.3,35.6,0.0,,255.0,6.9,,1015.3,
2024-06-22,27.7,21.0,30.5,0.0,,226.0,10.1,,1011.1,
2024-06-23,23.0,15.6,24.8,0.7,,186.0,8.8,,1009.9,
2024-06-24,21.3,16.6,25.2,0.0,,149.0,8.7,,1010.4,
2024-06-25,19.7,16.1,23.2,0.2,,181.0,11.2,,1011.5,
2024-06-26,19.9,15.7,26.5,13.0,,350.0,8.2,,1010.8,
2024-06-27,20.7,14.9,26.7,0.0,,238.0,7.2,,1012.1,
2024-06-28,23.7,17.4,29.3,0.0,,332.0,12.2,,1015.2,
2024-06-29,25.9,21.6,30.6,0.0,,351.0,13.4,,1016.6,
2024-06-30,26.7,22.8,31.6,0.0,,234.0,14.8,,1012.4,
2024-07-01,25.1,18.5,31.0,0.0,,204.0,8.5,,1011.5,
2024-07-02,18.9,14.0,23.6,8.9,,356.0,10.2,,1007.3,
2024-07-03,18.1,15.6,22.6,0.0,,312.0,6.8,,1006.7,
2024-07-04,19.1,15.2,23.5,3.8,,4.0,8.5,,1008.5,
2024-07-05,22.4,17.0,26.2,0.0,,201.0,5.8,,1014.4,
2024-07-06,24.0,18.9,28.8,0.0,,212.0,8.4,,1013.2,
2024-07-07,24.0,20.4,28.7,0.0,,221.0,13.1,,1012.4,
2024-07-08,25.2,19.8,30.5,0.4,,331.0,7.7,,1013.9,
2024-07-09,25.8,21.4,31.1,0.0,,341.0,8.4,,1014.8,
2024-07-10,26.9,22.4,32.4,0.0,,6.0,10.1,,1014.6,
2024-07-11,28.1,23.9,34.3,0.0,,231.0,8.8,,1014.2,
2024-07-12,28.4,23.0,34.0,0.0,,221.0,8.7,,1011.9,
2024-07-13,28.5,24.4,33.8,0.0,,241.0,14.2,,1010.0,
2024-07-14,27.9,23.4,34.0,0.0,,100.0,10.8,,1011.6,
2024-07-15,29.1,23.9,33.7,0.0,,187.0,6.6,,1012.3,
2024-07-16,29.2,24.4,33.9,0.1,,224.0,7.4,,1012.0,
2024-07-17,29.3,24.7,34.0,0.0,,242.0,8.1,,1013.5,
2024-07-18,29.0,25.0,34.6,0.0,,319.0,8.2,,1015.5,
2024-07-19,28.0,23.4,32.6,0.4,,317.0,7.0,,1014.4,
2024-07-20,26.3,20.2,32.7,0.6,,252.0,13.2,,1010.0,
2024-07-21,24.7,19.4,33.0,0.0,,232.0,6.0,,1009.4,
2024-07-22,22.9,20.1,27.3,2.4,,296.0,7.6,,1011.1,
2024-07-23,24.4,19.1,30.4,0.0,,344.0,11.7,,1013.3,
2024-07-24,23.2,18.3,30.0,1.7,,308.0,9.1,,1011.7,
2024-07-25,23.4,17.6,28.6,0.3,,348.0,12.6,,1010.6,
2024-07-26,24.2,19.4,30.0,0.0,,3.0,10.9,,1012.3,
2024-07-27,27.4,22.5,32.5,0.0,,10.0,9.6,,1015.0,
2024-07-28,28.0,24.0,34.6,0.0,,1.0,9.4,,1016.8,
2024-07-29,26.8,22.9,32.0,0.0,,346.0,14.3,,1016.1,
2024-07-30,24.6,19.6,28.5,0.0,,345.0,17.9,,1015.9,
2024-07-31,25.4,18.9,30.9,0.0,,321.0,12.0,,1014.6,
2024-08-01,28.8,23.2,34.2,0.0,,245.0,12.5,,1012.1,
2024-08-02,28.4,23.0,34.0,0.0,,241.0,13.9,,1009.0,
2024-08-03,26.1,22.7,34.3,1.3,,283.0,11.4,,1008.0,
2024-08-04,23.0,18.6,29.0,0.8,,332.0,10.4,,1009.9,
2024-08-05,25.0,19.7,29.5,0.0,,337.0,9.1,,1011.0,
2024-08-06,26.9,22.6,32.0,0.1,,296.0,6.5,,1010.8,
2024-08-07,27.0,23.3,33.5,0.0,,220.0,9.2,,1011.5,
2024-08-08,24.0,20.7,31.7,0.0,,301.0,10.4,,1012.9,
2024-08-09,25.8,21.1,31.6,0.0,,339.0,8.9,,1014.7,
2024-08-10,26.4,22.3,31.1,0.0,,333.0,13.4,,1017.8,
2024-08-11,27.0,22.7,31.0,0.0,,334.0,15.1,,1017.7,
2024-08-12,27.8,23.5,33.5,0.0,,25.0,10.8,,1013.9,
2024-08-13,27.0,23.4,33.0,0.4,,253.0,7.4,,1011.1,
2024-08-14,27.9,22.3,32.1,0.0,,202.0,7.1,,1011.3,
2024-08-15,27.9,22.8,34.1,0.0,,347.0,7.7,,1014.5,
2024-08-16,27.6,21.9,33.7,0.0,,306.0,5.3,,1015.6,
2024-08-17,27.4,23.2,32.3,1.3,,241.0,11.6,,1013.1,
2024-08-18,24.5,20.5,28.1,0.0,,228.0,10.7,,1008.6,
2024-08-19,20.8,18.0,27.4,24.9,,296.0,9.1,,1006.5,
2024-08-20,21.3,16.6,27.4,0.9,,34.0,6.8,,1008.6,
2024-08-21,22.1,18.5,25.8,0.0,,1.0,8.1,,1010.5,
2024-08-22,24.5,19.3,30.8,0.0,,347.0,9.1,,1012.2,
2024-08-23,25.5,21.9,31.0,0.0,,334.0,6.5,,1014.2,
2024-08-24,25.4,22.9,31.1,4.1,,67.0,7.9,,1016.2,
2024-08-25,26.1,23.0,32.3,0.0,,325.0,9.8,,1014.1,
2024-08-26,26.7,23.3,31.2,0.0,,324.0,9.3,,1012.2,
2024-08-27,23.7,20.2,28.9,,,338.0,10.5,,1013.9,
2024-08-28,23.6,15.8,28.0,,,336.0,9.6,,1015.8,
2024-08-29,23.1,19.9,28.3,,,297.0,10.6,,1015.4,
2024-08-30,24.4,20.7,28.0,,,314.0,14.9,,1015.0,
2024-08-31,24.6,20.7,28.1,,,327.0,14.3,,1015.2,
2024-09-01,24.7,21.1,28.8,,,316.0,10.4,,1014.8,
2024-09-02,25.1,19.5,28.5,,,275.0,7.7,,1015.3,
2024-09-03,22.2,19.9,27.2,,,313.0,7.2,,1017.4,
2024-09-04,22.4,19.0,27.1,,,78.0,9.4,,1014.1,
2024-09-05,21.8,19.0,26.0,6.1,,203.0,10.3,,1010.6,
2024-09-06,22.0,18.4,27.0,0.0,,217.0,8.4,,1012.2,
2024-09-07,23.4,18.8,30.5,0.0,,40.0,7.2,,1015.7,
2024-09-08,26.1,20.8,31.5,0.0,,177.0,9.2,,1013.6,
2024-09-09,20.3,17.2,24.0,8.9,,212.0,16.9,,1004.2,
2024-09-10,18.5,16.6,22.6,2.0,,323.0,18.2,,1006.8,
2024-09-11,19.9,15.7,25.1,0.0,,247.0,8.0,,1009.5,
2024-09-12,18.9,16.6,21.9,7.6,,217.0,18.4,,1007.1,
2024-09-13,14.1,9.8,17.5,4.0,,241.0,26.1,,1004.1,
2024-09-14,12.8,8.6,17.5,1.0,,299.0,9.9,,1012.0,
2024-09-15,14.4,9.6,18.6,0.0,,282.0,7.4,,1013.2,
2024-09-16,13.7,11.6,17.0,4.3,,358.0,5.2,,1011.9,
2024-09-17,13.1,10.9,16.7,15.2,,42.0,7.2,,1011.2,
2024-09-18,14.8,11.8,20.0,0.3,,352.0,6.0,,1013.7,
2024-09-19,13.9,12.1,17.6,7.9,,1.0,7.1,,1013.4,
2024-09-20,13.7,10.8,17.3,0.5,,339.0,7.7,,1016.7,
2024-09-21,15.2,12.1,18.9,0.0,,347.0,8.2,,1020.2,
2024-09-22,16.6,13.3,21.2,0.3,,4.0,7.3,,1018.7,
2024-09-23,17.8,14.3,22.1,0.0,,196.0,6.2,,1014.0,
2024-09-24,17.7,15.2,22.0,2.0,,228.0,14.2,,1012.2,
2024-09-25,16.7,13.7,20.6,0.7,,224.0,12.5,,1015.6,
2024-09-26,18.6,15.0,22.0,0.0,,222.0,13.0,,1015.7,
2024-09-27,21.0,16.7,23.9,0.0,,240.0,19.7,,1012.1,
2024-09-28,18.7,14.1,21.3,0.3,,232.0,15.9,,1012.0,
2024-09-29,13.2,10.5,15.2,0.0,,324.0,16.5,,1020.3,
2024-09-30,14.2,9.0,20.0,0.0,,312.0,8.8,,1022.0,
2024-10-01,16.7,12.6,21.5,0.0,,231.0,7.4,,1017.6,
2024-10-02,16.4,13.4,21.5,0.0,,227.0,13.0,,1010.9,
2024-10-03,17.4,15.8,19.6,9.1,,188.0,16.5,,1004.3,
2024-10-04,14.2,12.4,18.0,3.0,,230.0,19.2,,1005.8,
2024-10-05,12.9,10.8,17.5,0.0,,232.0,9.7,,1010.8,
2024-10-06,12.9,9.3,18.1,0.0,,281.0,8.5,,1013.3,
2024-10-07,15.4,10.7,20.7,0.0,,223.0,9.6,,1016.8,
2024-10-08,17.0,14.7,21.3,11.5,,202.0,12.8,,1014.3,
2024-10-09,16.7,13.6,21.2,8.9,,230.0,19.7,,1009.8,
2024-10-10,17.3,14.9,19.9,1.0,,216.0,17.6,,1006.4,
2024-10-11,16.1,13.4,20.1,0.0,,252.0,10.8,,1010.0,
2024-10-12,14.9,11.4,20.4,0.0,,304.0,7.9,,1017.6,
2024-10-13,16.1,12.5,21.0,0.0,,222.0,7.9,,1019.4,
2024-10-14,16.7,12.6,22.0,0.0,,239.0,7.6,,1020.6,
2024-10-15,18.0,14.2,23.2,0.0,,52.0,8.7,,1020.5,
2024-10-16,17.5,14.8,21.6,0.0,,91.0,7.5,,1021.7,
2024-10-17,19.9,15.7,24.6,0.0,,173.0,8.0,,1020.1,
2024-10-18,16.8,15.1,18.8,2.5,,176.0,8.2,,1016.7,
2024-10-19,14.8,13.7,15.6,8.9,,86.0,10.7,,1014.1,
2024-10-20,13.8,13.2,14.5,19.5,,56.0,13.7,,1019.7,
2024-10-21,14.6,13.4,15.2,5.6,,52.0,8.7,,1027.4,
2024-10-22,16.0,14.4,18.9,6.8,,26.0,4.7,,1027.9,
2024-10-23,15.4,13.6,18.5,0.2,,69.0,6.1,,1028.0,
2024-10-24,17.8,15.0,20.4,2.0,,200.0,4.9,,1027.0,
2024-10-25,15.8,13.9,18.9,1.2,,79.0,4.9,,1024.9,
2024-10-26,16.9,14.3,21.3,0.0,,138.0,8.7,,1022.9,
2024-10-27,16.2,13.3,20.5,0.0,,200.0,7.2,,1023.0,
2024-10-28,14.9,12.8,19.4,0.1,,10.0,7.1,,1026.0,
2024-10-29,14.4,12.0,19.1,0.0,,350.0,8.2,,1025.5,
2024-10-30,13.6,10.5,18.6,0.5,,336.0,7.6,,1024.0,
2024-10-31,14.0,11.1,18.5,0.0,,315.0,11.5,,1024.4,
2024-11-01,14.3,11.4,19.4,0.0,,320.0,8.0,,1024.6,
2024-11-02,14.8,11.9,19.6,0.0,,304.0,10.8,,1022.3,
2024-11-03,12.8,10.4,17.3,0.0,,342.0,11.2,,1024.8,
2024-11-04,11.8,9.7,16.7,0.0,,9.0,6.0,,1025.4,
2024-11-05,11.2,7.4,15.8,0.0,,55.0,7.2,,1025.3,
2024-11-06,10.2,7.9,13.5,0.3,,44.0,6.3,,1027.2,
2024-11-07,11.3,9.6,14.2,0.0,,65.0,5.9,,1028.9,
2024-11-08,10.9,9.6,13.0,0.0,,65.0,7.3,,1027.1,
2024-11-09,10.8,10.0,12.7,0.0,,14.0,6.0,,1024.7,
2024-11-10,9.8,8.8,12.1,0.0,,8.0,7.2,,1020.6,
2024-11-11,8.6,7.3,12.6,0.0,,13.0,13.6,,1020.7,
2024-11-12,7.1,5.9,9.0,0.0,,28.0,13.1,,1020.0,
2024-11-13,6.4,5.7,7.3,6.8,,344.0,7.6,,1021.2,
2024-11-14,6.7,2.7,8.7,7.7,,329.0,7.0,,1018.0,
2024-11-15,4.8,2.5,6.4,1.0,,314.0,18.0,,1019.4,
2024-11-16,7.0,3.8,12.0,0.0,,291.0,10.5,,1021.5,
2024-11-17,9.1,5.6,14.3,0.0,,239.0,10.7,,1017.1,
2024-11-18,11.0,7.7,14.8,0.0,,239.0,17.9,,1013.5,
2024-11-19,11.3,9.6,13.5,0.0,,236.0,22.5,,1012.4,
2024-11-20,12.2,9.0,14.6,2.2,,243.0,47.3,,1003.4,
2024-11-21,7.5,4.2,10.7,1.9,,272.0,15.8,,1006.3,
2024-11-22,8.8,2.7,13.6,1.3,,254.0,35.7,,1001.4,
2024-11-23,4.2,1.2,7.7,0.2,,336.0,13.1,,1025.9,
2024-11-24,6.9,3.4,12.3,0.0,,274.0,7.5,,1034.3,
2024-11-25,8.8,5.4,12.4,0.0,,252.0,8.9,,1029.8,
2024-11-26,12.3,8.8,15.6,0.0,,238.0,18.6,,1024.1,
2024-11-27,12.1,10.5,15.7,0.0,,235.0,18.1,,1023.6,
2024-11-28,12.2,10.2,15.5,0.0,,230.0,13.5,,1023.5,
2024-11-29,7.9,4.3,10.9,1.0,,323.0,14.4,,1021.7,
2024-11-30,2.2,0.2,4.4,6.0,,326.0,22.4,,1021.9,
2024-12-01,4.6,3.0,6.6,0.2,,320.0,20.0,,1020.1,
2024-12-02,6.5,4.5,9.3,0.0,,306.0,8.5,,1019.5,
2024-12-03,7.7,5.2,11.1,0.0,,156.0,8.1,,1016.3,
2024-12-04,7.0,4.6,10.2,1.5,,353.0,5.6,,1014.9,
2024-12-05,3.6,3.2,4.2,14.6,,344.0,20.1,,1016.1,
2024-12-06,6.3,2.9,10.7,0.3,,299.0,9.9,,1016.9,
2024-12-07,6.2,3.6,9.8,0.0,,335.0,9.8,,1012.9,
2024-12-08,4.9,3.1,6.8,6.2,,195.0,17.7,,998.6,
2024-12-09,5.5,3.0,8.4,0.3,,191.0,8.3,,1006.0,
2024-12-10,5.7,3.6,8.4,2.0,,123.0,6.5,,1014.3,
2024-12-11,5.9,3.8,9.3,1.5,,343.0,5.3,,1021.9,
2024-12-12,4.8,2.5,7.5,,,4.0,5.7,,1027.0,
2024-12-13,5.1,4.2,6.1,,,66.0,8.5,,1026.3,
2024-12-14,8.8,5.6,11.5,5.1,,234.0,21.0,,1021.7,
2024-12-15,5.2,3.8,7.2,0.0,,326.0,11.9,,1023.0,
2024-12-16,7.5,3.4,10.8,0.0,,306.0,12.6,,1033.9,
2024-12-17,12.2,8.4,17.4,0.0,,252.0,11.5,,1032.3,
2024-12-18,7.1,5.6,12.3,0.0,,347.0,5.2,,1028.6,
2024-12-19,7.8,5.0,10.1,0.0,,244.0,11.4,,1019.3,
2024-12-20,6.8,1.7,10.7,11.9,,248.0,27.2,,1005.6,
2024-12-21,2.3,0.7,4.5,5.1,,322.0,17.6,,1018.7,
2024-12-22,4.4,0.4,9.3,0.0,,230.0,19.7,,1015.4,
2024-12-23,2.2,-1.0,7.2,10.3,,278.0,26.9,,996.4,
2024-12-24,-0.1,-1.2,0.1,26.9,,345.0,33.1,,1007.4,
2024-12-25,2.4,-0.2,2.9,7.9,,355.0,34.8,,1019.2,
2024-12-26,3.6,2.5,4.4,0.0,,357.0,25.0,,1024.5,
2024-12-27,4.4,2.9,7.4,0.0,,324.0,17.4,,1028.3,
2024-12-28,6.4,3.4,10.1,0.0,,304.0,14.1,,1026.5,
2024-12-29,8.9,5.9,12.2,0.0,,316.0,10.3,,1027.4,
2024-12-30,11.2,7.9,15.4,0.0,,260.0,7.2,,1030.0,
2024-12-31,9.2,6.6,14.6,0.0,,323.0,4.7,,1032.1,
2025-01-01,8.5,5.3,13.4,0.0,,322.0,4.3,,1031.7,
2025-01-02,7.6,5.3,10.2,0.0,,238.0,14.9,,1026.5,
2025-01-03,7.7,5.1,8.8,1.2,,246.0,29.3,,1016.9,
2025-01-04,4.2,2.1,8.0,6.1,,6.0,8.5,,1019.4,
2025-01-05,7.3,2.4,11.3,0.0,,227.0,16.3,,1020.2,
2025-01-06,9.6,7.1,11.1,0.0,,230.0,14.5,,1015.9,
2025-01-07,9.7,8.0,11.4,5.1,,215.0,14.6,,1012.2,
2025-01-08,8.8,6.7,12.1,0.0,,234.0,18.3,,1017.0,
2025-01-09,8.7,6.6,11.5,0.0,,218.0,16.5,,1016.0,
2025-01-10,9.7,7.4,13.2,0.0,,250.0,23.2,,1013.8,
2025-01-11,5.7,2.2,7.4,7.1,,13.0,7.6,,1014.2,
2025-01-12,1.2,0.3,2.0,7.1,,3.0,28.6,,1014.7,
2025-01-13,-0.4,-1.3,0.5,9.3,,4.0,28.6,,1020.7,
2025-01-14,-0.5,-0.8,0.0,2.3,,353.0,19.3,,1025.0,
2025-01-15,0.2,-0.8,0.8,0.0,,304.0,10.1,,1023.0,
2025-01-16,2.0,0.1,3.1,0.0,,356.0,11.2,,1027.2,
2025-01-17,3.1,2.2,5.1,1.0,,21.0,15.2,,1030.6,
2025-01-18,3.0,2.4,3.6,17.5,,358.0,14.1,,1025.1,
2025-01-19,4.9,3.7,6.9,0.4,,38.0,6.7,,1022.6,
2025-01-20,6.5,4.1,9.1,0.0,,49.0,5.4,,1021.7,
2025-01-21,6.0,4.7,8.0,0.0,,257.0,10.2,,1019.0,
2025-01-22,6.0,4.3,8.1,0.0,,235.0,12.6,,1019.3,
2025-01-23,9.5,7.2,12.4,1.0,,228.0,13.5,,1016.1,
2025-01-24,9.8,8.5,11.9,0.0,,239.0,6.3,,1018.3,
2025-01-25,9.7,8.0,13.3,0.0,,211.0,5.8,,1022.4,
2025-01-26,9.1,7.7,11.3,0.0,,215.0,14.9,,1019.9,
2025-01-27,9.5,7.8,11.6,0.0,,236.0,18.6,,1019.7,
2025-01-28,9.5,6.7,10.6,1.1,,217.0,30.2,,1011.4,
2025-01-29,6.8,5.4,7.8,9.3,,249.0,18.7,,1015.5,
2025-01-30,6.8,4.7,10.1,0.0,,285.0,10.7,,1019.2,
2025-01-31,7.4,5.1,11.1,0.0,,141.0,9.0,,1025.6,
2025-02-01,7.8,6.2,10.4,0.0,,64.0,7.2,,1024.2,
2025-02-02,5.9,5.2,7.3,7.3,,9.0,8.7,,1017.9,
2025-02-03,5.2,4.1,6.0,25.1,,330.0,12.4,,1017.9,
2025-02-04,3.9,2.3,6.2,0.0,,325.0,8.1,,1024.8,
2025-02-05,3.7,1.4,6.9,0.0,,323.0,7.2,,1030.0,
2025-02-06,4.6,2.8,7.3,0.0,,328.0,10.3,,1029.8,
2025-02-07,4.7,3.2,7.4,0.0,,98.0,4.0,,1028.5,
2025-02-08,5.4,3.7,7.0,1.1,,69.0,6.1,,1027.6,
2025-02-09,7.2,4.4,10.9,0.0,,81.0,9.8,,1026.0,
2025-02-10,6.8,3.1,11.5,0.0,,27.0,7.4,,1026.0,
2025-02-11,7.9,4.4,12.9,0.0,,217.0,7.2,,1025.3,
2025-02-12,6.6,5.0,8.8,0.3,,178.0,4.6,,1023.0,
2025-02-13,7.6,5.4,10.5,0.0,,201.0,6.5,,1019.1,
2025-02-14,7.2,6.0,8.4,0.0,,218.0,13.7,,1011.4,
2025-02-15,3.8,2.6,5.7,14.3,,0.0,13.8,,1009.7,
2025-02-16,4.8,2.6,8.4,0.0,,16.0,9.1,,1013.0,
2025-02-17,4.0,2.6,5.2,0.8,,35.0,4.3,,1015.8,
2025-02-18,3.3,1.5,5.6,0.1,,44.0,4.4,,1020.2,
2025-02-19,2.8,1.7,4.5,0.4,,40.0,5.2,,1025.4,
2025-02-20,3.3,1.8,5.4,1.0,,66.0,3.4,,1028.5,
2025-02-21,5.5,2.3,9.5,0.0,,10.0,4.8,,1030.1,
2025-02-22,7.7,4.8,11.7,0.0,,168.0,4.1,,1028.8,
2025-02-23,8.7,6.2,12.3,0.1,,161.0,3.2,,1029.7,
2025-02-24,8.1,6.4,10.5,0.2,,222.0,5.5,,1028.4,
2025-02-25,9.2,6.4,10.9,0.1,,219.0,9.3,,1022.0,
2025-02-26,7.7,6.2,9.7,4.1,,202.0,9.4,,1014.8,
2025-02-27,6.3,3.9,10.3,4.3,,333.0,7.7,,1015.3,
2025-02-28,6.4,4.6,11.9,0.0,,260.0,8.7,,1019.4,
2025-03-01,6.6,4.4,10.2,4.3,,12.0,6.9,,1020.1,
2025-03-02,4.7,3.9,6.5,7.1,,336.0,13.9,,1022.4,
2025-03-03,4.1,1.7,7.7,0.0,,345.0,15.6,,1025.0,
2025-03-04,5.9,2.2,10.6,0.0,,330.0,10.8,,1024.8,
2025-03-05,7.9,4.4,12.7,0.0,,42.0,10.9,,1026.5,
2025-03-06,9.8,6.1,15.0,0.0,,45.0,9.9,,1026.3,
2025-03-07,8.8,6.1,13.4,0.0,,13.0,9.4,,1020.7,
2025-03-08,8.4,5.4,12.5,0.0,,29.0,7.3,,1015.8,
2025-03-09,12.2,7.6,16.4,0.0,,182.0,9.6,,1012.9,
2025-03-10,11.5,9.8,12.7,0.6,,182.0,16.4,,1009.3,
2025-03-11,12.0,8.3,16.2,5.1,,219.0,11.6,,1006.6,
2025-03-12,9.9,8.3,13.5,7.0,,195.0,12.5,,1003.3,
2025-03-13,9.7,8.3,11.1,0.1,,231.0,20.2,,1001.8,
2025-03-14,13.7,8.3,16.2,,,176.0,20.0,,1004.6,
2025-03-15,15.1,10.7,20.4,0.0,,233.0,15.6,,1008.5,
2025-03-16,8.3,5.2,11.6,0.0,,241.0,26.3,,1014.5,
2025-03-17,6.4,3.6,12.0,0.0,,291.0,13.3,,1017.4,
2025-03-18,1.0,-0.5,3.3,0.5,,349.0,18.7,,1018.3,
2025-03-19,2.6,-1.3,7.5,0.0,,352.0,12.1,,1021.1,
2025-03-20,7.5,2.2,13.9,,,92.0,7.0,,1021.6,
2025-03-21,10.8,5.0,16.5,0.0,,173.0,9.8,,1021.6,
2025-03-22,13.3,10.9,16.8,0.0,,186.0,12.6,,1016.4,
2025-03-23,14.1,9.5,18.4,0.0,,208.0,9.8,,1010.3,
2025-03-24,13.6,10.8,19.0,0.0,,247.0,7.6,,1012.1,
2025-03-25,11.4,9.0,15.7,2.0,,192.0,10.3,,1015.8,
2025-03-26,7.8,6.7,10.0,3.3,,341.0,10.6,,1010.9,
2025-03-27,6.2,5.0,7.1,24.4,,250.0,16.0,,1003.8,
2025-03-28,6.8,4.9,10.7,7.9,,349.0,7.6,,1003.2,
2025-03-29,6.1,5.3,6.6,14.0,,54.0,11.4,,1001.2,
2025-03-30,8.0,5.3,11.6,6.1,,354.0,20.4,,1006.3,
2025-03-31,5.9,5.0,7.5,7.1,,341.0,20.2,,1008.2,
2025-04-01,4.6,2.9,6.4,13.0,,358.0,20.5,,1006.5,
2025-04-02,8.4,6.0,11.4,0.5,,340.0,16.5,,1011.2,
2025-04-03,9.9,7.4,14.4,0.0,,336.0,14.3,,1019.1,
2025-04-04,10.2,7.3,14.1,0.0,,333.0,15.1,,1017.7,
2025-04-05,11.4,8.2,17.6,0.0,,305.0,10.2,,1012.4,
2025-04-06,7.6,2.6,16.4,0.5,,301.0,16.8,,1009.5,
2025-04-07,2.8,0.5,6.3,0.0,,7.0,20.4,,1018.4,
2025-04-08,4.2,0.4,8.5,0.0,,341.0,13.6,,1023.5,
2025-04-09,7.7,2.5,13.3,0.0,,285.0,11.9,,1023.1,
2025-04-10,9.2,6.2,13.4,0.0,,324.0,13.8,,1020.5,
2025-04-11,12.8,7.6,18.5,0.0,,269.0,14.7,,1020.3,
2025-04-12,13.2,7.8,19.0,0.0,,207.0,9.5,,1016.9,
2025-04-13,14.4,10.6,19.8,0.0,,203.0,10.1,,1015.9,
2025-04-14,16.1,13.9,19.6,3.0,,172.0,15.3,,1012.9,
2025-04-15,14.2,11.7,15.9,2.0,,173.0,14.0,,1009.7,
2025-04-16,16.1,13.6,19.5,0.0,,137.0,10.3,,1009.4,
2025-04-17,13.1,8.9,15.6,,,176.0,16.9,,1008.4,
2025-04-18,9.6,8.1,12.4,,,224.0,20.4,,1014.0,
2025-04-19,11.3,7.6,16.0,,,222.0,12.1,,1015.2,
2025-04-20,13.0,10.5,16.4,,,166.0,6.9,,1012.8,
2025-04-21,11.6,9.9,13.7,,,335.0,7.8,,1010.3,
2025-04-22,13.7,9.4,18.0,,,1.0,6.1,,1012.7,
2025-04-23,13.7,12.2,16.3,1.2,,242.0,4.4,,1014.2,
2025-04-24,11.9,10.5,13.5,8.6,,223.0,7.1,,1010.8,
2025-04-25,11.7,9.9,14.8,12.0,,229.0,5.1,,1010.7,
2025-04-26,10.5,8.6,12.7,1.2,,323.0,5.5,,1012.0,
2025-04-27,11.5,9.0,14.4,1.3,,352.0,6.2,,1017.1,
2025-04-28,12.4,10.7,14.8,4.6,,25.0,6.0,,1021.4,
2025-04-29,13.6,11.3,16.2,1.5,,334.0,7.2,,1021.2,
2025-04-30,15.5,12.0,19.7,0.0,,327.0,6.9,,1019.8,
2025-05-01,16.4,13.3,20.1,0.0,,317.0,6.9,,1019.1,
2025-05-02,17.8,14.2,22.3,0.0,,329.0,5.9,,1019.7,
2025-05-03,18.5,16.0,21.8,0.0,,227.0,11.3,,1018.6,
2025-05-04,16.7,14.5,19.7,0.0,,233.0,18.3,,1012.5,
2025-05-05,14.8,13.4,16.2,0.2,,226.0,18.5,,1008.2,
2025-05-06,13.9,12.5,16.3,0.0,,221.0,13.8,,1009.6,
2025-05-07,13.8,11.8,16.5,0.8,,229.0,10.0,,1012.0,
2025-05-08,12.6,10.2,15.5,0.0,,229.0,13.7,,1011.1,
2025-05-09,12.5,10.2,15.7,3.7,,98.0,4.6,,1012.8,
2025-05-10,12.6,10.3,15.6,7.9,,356.0,4.9,,1016.8,
2025-05-11,13.0,11.1,15.9,5.4,,174.0,3.8,,1014.9,
2025-05-12,13.4,11.1,16.6,5.6,,121.0,3.6,,1011.2,
2025-05-13,13.1,11.6,15.3,4.3,,311.0,3.9,,1012.9,
2025-05-14,13.0,10.7,16.1,8.1,,25.0,4.3,,1015.4,
2025-05-15,12.9,11.6,14.8,3.0,,101.0,5.2,,1010.2,
2025-05-16,9.2,7.2,11.4,5.7,,351.0,13.6,,1006.7,
2025-05-17,9.8,6.6,13.0,0.0,,309.0,7.1,,1014.2,
2025-05-18,12.9,9.7,16.7,0.8,,220.0,10.8,,1017.9,
2025-05-19,15.7,11.3,20.4,0.0,,209.0,7.9,,1018.8,
2025-05-20,15.8,14.6,20.2,2.8,,181.0,11.4,,1017.2,
2025-05-21,14.8,12.9,16.7,0.0,,230.0,11.8,,1012.3,
2025-05-22,15.2,11.7,19.9,0.0,,233.0,21.3,,1011.3,
2025-05-23,14.3,11.9,18.8,6.1,,222.0,13.5,,1008.9,
2025-05-24,10.9,9.2,14.7,0.0,,352.0,16.5,,1012.6,
2025-05-25,12.1,8.3,15.7,0.0,,334.0,23.4,,1014.9,
2025-05-26,17.4,11.1,22.7,0.0,,253.0,10.6,,1016.8,
2025-05-27,15.2,11.5,20.2,4.7,,279.0,8.6,,1017.1,
2025-05-28,16.1,11.1,21.4,3.0,,351.0,11.8,,1017.4,
2025-05-29,16.1,13.2,19.4,6.1,,331.0,18.2,,1015.5,
2025-05-30,14.9,11.9,17.9,0.0,,347.0,22.9,,1020.1,
2025-05-31,17.6,14.4,21.9,0.0,,337.0,14.9,,1019.9,
2025-06-01,20.8,16.9,25.6,0.0,,234.0,5.5,,1019.7,
2025-06-02,21.6,18.1,25.6,0.0,,225.0,8.5,,1019.8,
2025-06-03,21.8,18.0,26.5,0.0,,223.0,8.2,,1018.7,
2025-06-04,23.3,19.2,27.8,0.0,,194.0,5.4,,1017.7,
2025-06-05,23.1,19.7,27.1,0.0,,224.0,7.6,,1017.0,
2025-06-06,24.3,20.0,28.0,0.0,,229.0,10.5,,1017.9,
2025-06-07,23.1,18.0,28.2,0.0,,234.0,15.1,,1017.0,
2025-06-08,23.1,20.4,28.4,0.0,,239.0,15.0,,1014.5,
2025-06-09,22.6,17.9,28.0,0.0,,340.0,11.7,,1016.2,
2025-06-10,21.9,17.4,28.1,0.0,,18.0,8.5,,1017.5,
2025-06-11,22.1,18.0,28.2,0.0,,345.0,7.6,,1014.9,
2025-06-12,23.4,20.3,28.7,0.0,,331.0,9.7,,1015.8,
2025-06-13,24.1,21.0,28.3,0.0,,340.0,12.3,,1018.0,
2025-06-14,24.4,20.2,29.5,0.0,,334.0,12.0,,1018.7,
2025-06-15,25.6,21.5,30.3,0.0,,321.0,11.4,,1017.5,
2025-06-16,24.9,19.1,32.9,6.1,,243.0,13.7,,1015.8,
2025-06-17,18.9,15.9,25.3,5.1,,17.0,10.8,,1016.3,
2025-06-18,18.1,15.6,23.3,3.0,,351.0,11.6,,1018.0,
2025-06-19,22.3,15.9,27.3,0.0,,343.0,9.5,,1018.2,
2025-06-20,23.6,19.9,28.6,0.0,,329.0,12.9,,1017.0,
2025-06-21,22.2,18.8,26.5,0.0,,344.0,14.6,,1018.2,
2025-06-22,22.7,19.0,26.7,0.0,,346.0,10.0,,1019.4,
2025-06-23,24.6,19.1,30.6,0.0,,265.0,9.3,,1017.9,
2025-06-24,25.3,21.1,31.0,0.0,,234.0,11.9,,1015.7,
2025-06-25,26.0,20.3,31.5,0.0,,270.0,6.7,,1015.4,
2025-06-26,27.3,22.6,32.6,0.0,,242.0,9.6,,1014.9,
2025-06-27,25.7,22.0,32.1,0.0,,325.0,12.6,,1016.4,
2025-06-28,23.2,20.5,26.6,0.0,,345.0,23.3,,1017.9,
2025-06-29,23.3,19.2,27.5,0.0,,354.0,23.0,,1017.6,
2025-06-30,26.4,21.0,30.1,0.0,,337.0,13.9,,1016.0,
2025-07-01,27.7,21.8,31.7,0.0,,335.0,11.1,,1014.8,
2025-07-02,27.2,22.6,32.6,0.0,,349.0,9.9,,1015.5,
2025-07-03,25.2,23.2,33.3,13.0,,317.0,7.8,,1017.1,
2025-07-04,26.5,23.2,33.2,19.1,,354.0,6.8,,1017.7,
2025-07-05,25.7,22.7,32.2,38.1,,30.0,8.6,,1015.7,
2025-07-06,26.1,22.1,30.2,0.0,,224.0,12.7,,1012.6,
2025-07-07,22.8,19.8,25.5,0.3,,226.0,21.3,,1008.3,
2025-07-08,21.5,18.4,24.7,0.0,,234.0,23.9,,1006.2,
2025-07-09,16.6,13.7,20.0,0.0,,358.0,16.9,,1011.6,
2025-07-10,17.3,13.0,21.4,0.0,,348.0,14.6,,1016.1,
2025-07-11,19.2,14.2,23.6,0.0,,347.0,13.8,,1014.8,
2025-07-12,22.4,17.9,27.4,0.0,,229.0,13.5,,1014.4,
2025-07-13,22.0,18.6,28.7,4.1,,206.0,12.0,,1016.5,
2025-07-14,22.8,18.7,27.4,0.0,,337.0,9.7,,1016.5,
2025-07-15,23.4,19.4,27.5,0.0,,330.0,14.9,,1014.9,
2025-07-16,24.8,20.9,31.3,0.0,,325.0,10.2,,1011.3,
2025-07-17,21.9,18.3,29.2,2.0,,272.0,10.8,,1009.8,
2025-07-18,22.2,16.5,28.3,0.0,,20.0,10.3,28.0,1012.5,
2025-07-19,25.6,20.7,30.2,1.8,,238.0,14.3,41.0,1012.6,
2025-07-20,25.3,21.6,30.6,0.0,,229.0,14.7,46.0,1010.1,
2025-07-21,25.7,20.0,31.1,0.0,,236.0,18.5,65.0,1009.2,
2025-07-22,25.5,20.8,31.0,0.0,,236.0,10.8,44.0,1010.2,
2025-07-23,24.7,18.8,30.7,0.0,,234.0,9.3,33.0,1011.8,
2025-07-24,26.9,20.2,33.0,0.0,,234.0,14.8,54.0,1011.0,
2025-07-25,29.2,22.8,34.5,0.0,,229.0,10.3,50.0,1011.2,
2025-07-26,23.3,18.7,27.5,0.0,,222.0,18.2,67.0,1010.0,
2025-07-27,21.0,15.8,27.3,0.0,,269.0,12.5,50.0,1008.8,
2025-07-28,18.1,14.8,21.9,0.5,,242.0,12.7,50.0,1005.4,
2025-07-29,15.6,13.0,17.6,0.0,,319.0,17.2,48.0,1007.2,
2025-07-30,18.1,13.9,23.2,11.2,,329.0,12.5,30.0,1013.6,
2025-07-31,19.9,15.5,26.1,6.1,,335.0,9.8,28.0,1014.6,
2025-08-01,22.2,17.5,27.6,0.0,,260.0,10.3,31.0,1013.4,
2025-08-02,21.6,17.7,26.1,0.0,,236.0,18.5,54.0,1011.2,
2025-08-03,19.7,15.1,25.4,0.0,,250.0,12.9,57.0,1012.0,
2025-08-04,16.9,13.9,20.5,0.0,,320.0,16.0,54.0,1015.6,
2025-08-05,18.7,15.3,23.3,0.0,,329.0,18.2,44.0,1017.1,
2025-08-06,20.7,16.0,26.1,0.0,,335.0,13.7,35.0,1017.3,
2025-08-07,22.2,17.5,28.1,0.0,,326.0,13.1,35.0,1018.4,
2025-08-08,24.5,20.4,29.7,0.0,,336.0,13.2,33.0,1019.1,
2025-08-09,25.6,21.4,31.2,0.0,,354.0,8.9,26.0,1018.7,
2025-08-10,26.3,21.9,33.0,0.0,,315.0,10.8,30.0,1017.7,
2025-08-11,27.1,23.5,32.5,0.0,,334.0,13.9,35.0,1015.4,
2025-08-12,25.7,22.4,30.2,0.0,,321.0,16.7,39.0,1014.5,
2025-08-13,25.7,22.0,32.3,0.0,,317.0,12.4,48.0,1014.8,
2025-08-14,25.1,21.2,30.6,0.0,,297.0,13.5,41.0,1014.9,
2025-08-15,23.5,18.4,32.2,0.3,,263.0,9.6,50.0,1015.6,
2025-08-16,24.3,18.3,29.7,1.5,,317.0,13.0,42.0,1013.7,
2025-08-17,24.2,21.1,29.7,0.8,,312.0,11.4,31.0,1010.8,
2025-08-18,21.4,19.0,27.6,0.0,,304.0,13.0,44.0,1012.6,
2025-08-19,22.5,18.4,28.9,0.0,,286.0,8.8,31.0,1014.0,
2025-08-20,20.2,19.5,28.6,0.0,,226.0,10.8,,1011.0,
2025-08-21,23.3,20.3,26.7,0.0,,212.0,16.4,,1006.4,
2025-08-22,20.7,17.4,24.6,1.3,,229.0,14.4,,1009.5,
2025-08-23,19.4,16.9,22.4,0.4,,256.0,3.9,,1012.3,
2025-08-24,20.1,17.6,24.3,2.2,,210.0,4.0,,1014.6,
2025-08-25,20.1,16.7,24.5,1.2,,54.0,3.4,,1016.7,
2025-08-26,20.7,17.8,25.3,1.7,,187.0,4.1,,1015.7,
2025-08-27,22.6,18.5,27.6,0.0,,153.0,3.6,,1015.5,
2025-08-28,25.1,21.2,30.7,0.0,,175.0,7.3,,1011.7,
2025-08-29,22.6,18.8,25.4,0.6,,209.0,16.6,78.0,1009.0,
2025-08-30,18.4,14.2,21.3,1.0,,236.0,19.0,87.0,1009.0,
2025-08-31,18.9,14.6,23.1,0.0,,153.0,9.3,33.0,1012.6,
2025-09-01,20.9,16.3,26.6,0.0,,220.0,7.3,22.0,1013.4,
2025-09-02,19.7,17.5,22.2,0.6,,213.0,13.3,61.0,1011.7,
2025-09-03,19.4,15.8,24.8,0.1,,283.0,8.9,52.0,1014.4,
2025-09-04,19.8,16.4,24.3,0.0,,321.0,10.2,28.0,1014.7,
2025-09-05,22.3,18.0,27.9,0.0,,255.0,9.0,26.0,1015.5,
2025-09-06,21.6,18.6,26.5,0.4,,276.0,6.3,22.0,1018.6,
2025-09-07,20.9,17.2,26.1,0.0,,344.0,5.7,28.0,1018.3,
2025-09-08,21.5,17.1,27.2,0.1,,213.0,5.8,24.0,1015.7,
2025-09-09,22.1,19.5,26.4,0.0,,207.0,7.9,35.0,1013.3,
2025-09-10,20.1,17.5,22.1,7.9,,210.0,12.7,61.0,1011.4,
2025-09-11,19.2,16.3,23.2,0.0,,242.0,23.8,57.0,1013.5,
2025-09-12,19.6,15.8,24.1,0.0,,241.0,11.4,39.0,1017.3,
2025-09-13,20.1,16.1,25.3,0.0,,254.0,6.4,22.0,1018.9,
2025-09-14,20.6,17.3,24.6,0.5,,249.0,12.5,39.0,1017.7,
2025-09-15,21.0,16.7,25.7,0.0,,243.0,6.4,18.0,1019.5,
2025-09-16,21.3,16.7,26.6,0.0,,238.0,11.6,35.0,1018.4,
2025-09-17,20.1,17.1,24.4,0.0,,329.0,12.6,41.0,1017.8,
2025-09-18,18.2,15.0,22.2,0.0,,353.0,18.4,42.0,1023.1,
2025-09-19,20.8,17.4,25.8,0.0,,329.0,13.1,30.0,1025.3,
2025-09-20,22.2,19.2,27.8,0.0,,317.0,8.3,28.0,1023.6,
2025-09-21,21.9,18.9,26.4,0.0,,234.0,9.6,31.0,1018.4,
2025-09-22,20.6,17.9,24.7,0.0,,232.0,14.8,42.0,1014.5,
2025-09-23,18.1,16.5,20.0,2.0,,223.0,9.3,30.0,1014.5,
2025-09-24,17.1,15.8,19.4,0.6,,226.0,11.7,37.0,1013.4,
2025-09-25,16.3,13.0,20.4,0.0,,244.0,14.3,,1016.4,
2025-09-26,16.0,12.8,20.7,0.3,,300.0,6.2,,1019.2,
2025-09-27,16.5,13.4,21.2,0.0,,29.0,7.5,28.0,1018.2,
2025-09-28,13.9,12.0,17.2,0.3,,339.0,9.9,,1014.9,
2025-09-29,14.3,11.6,18.9,0.0,,338.0,11.3,30.0,1016.1,
2025-09-30,15.4,12.7,19.4,0.1,,347.0,6.1,22.0,1018.4,
2025-10-01,12.8,9.5,18.0,4.6,,15.0,12.5,44.0,1016.2,
2025-10-02,8.0,5.9,10.5,6.1,,342.0,23.6,65.0,1015.5,
2025-10-03,6.3,4.6,8.8,0.4,,327.0,29.5,72.0,1016.0,
2025-10-04,10.5,5.7,16.8,0.0,,263.0,14.3,39.0,1017.3,
2025-10-05,12.4,8.1,17.1,5.2,,248.0,18.2,80.0,1011.7,
2025-10-06,9.1,6.8,12.4,0.0,,324.0,22.8,76.0,1016.0,
2025-10-07,10.1,6.5,14.8,0.1,,350.0,21.8,57.0,1019.4,
2025-10-08,11.7,10.0,14.6,0.6,,316.0,16.2,,1019.1,
2025-10-09,13.7,10.0,18.3,0.0,,326.0,6.2,,1020.0,
2025-10-10,14.6,11.7,19.9,,,326.0,7.4,,1024.4,
2025-10-11,14.3,11.8,18.1,,,325.0,14.3,31.0,1026.2,
2025-10-12,14.0,10.6,18.0,0.0,,321.0,8.8,,1024.9,
2025-10-13,15.0,12.4,19.3,0.0,,339.0,4.2,,1020.9,
2025-10-14,14.4,12.1,18.1,0.0,,78.0,3.4,,1020.0,
2025-10-15,12.0,10.7,14.0,4.0,,39.0,8.0,,1019.0,
2025-10-16,10.0,8.6,10.9,5.3,,6.0,14.1,,1016.9,
2025-10-17,9.8,8.7,10.5,11.7,,317.0,11.9,30.0,1015.5,
2025-10-18,10.9,10.0,12.5,1.6,,0.0,6.4,22.0,1019.8,
2025-10-19,11.4,9.6,14.9,0.0,,28.0,8.3,22.0,1020.5,
2025-10-20,12.6,9.9,16.6,0.0,,223.0,8.8,37.0,1015.4,
2025-10-21,12.4,10.9,14.3,7.2,,208.0,11.7,33.0,1009.7,
2025-10-22,14.9,12.0,19.3,0.0,,240.0,13.7,37.0,1008.8,
2025-10-23,15.2,13.6,17.2,2.8,,222.0,21.0,89.0,1007.0,
2025-10-24,13.8,11.4,16.6,0.0,,244.0,34.3,89.0,1007.4,
2025-10-25,12.8,10.5,16.3,0.7,,228.0,19.4,63.0,1012.3,
2025-10-26,15.2,11.4,18.1,1.8,,251.0,31.4,78.0,1006.6,
2025-10-27,12.3,9.6,16.3,0.0,,250.0,25.4,83.0,1008.7,
2025-10-28,13.3,10.3,16.8,0.0,,271.0,11.3,54.0,1014.9,
2025-10-29,13.8,10.5,18.7,0.0,,294.0,12.0,31.0,1019.1,
2025-10-30,14.4,12.1,17.5,0.4,,269.0,12.8,37.0,1016.0,
2025-10-31,15.3,12.3,20.5,0.4,,352.0,9.8,28.0,1016.9,
2025-11-01,14.8,10.9,18.7,0.0,,32.0,9.8,26.0,1020.2,
2025-11-02,15.5,13.4,19.2,0.0,,286.0,11.4,37.0,1018.1,
2025-11-03,12.1,9.6,14.3,6.2,,350.0,12.4,39.0,1016.3,
2025-11-04,9.5,8.1,12.7,0.0,,326.0,15.6,37.0,1023.0,
2025-11-05,10.1,6.7,15.0,0.0,,344.0,9.0,30.0,1022.4,
2025-11-06,11.6,8.4,15.8,0.0,,50.0,7.8,21.0,1016.6,
2025-11-07,10.1,7.7,13.9,0.6,,25.0,6.6,22.0,1012.3,
2025-11-08,9.3,7.9,12.2,1.4,,21.0,8.3,22.0,1011.5,
2025-11-09,9.2,8.8,10.0,4.8,,23.0,11.8,37.0,1013.4,
2025-11-10,9.7,7.3,13.8,0.1,,350.0,9.7,42.0,1013.6,
2025-11-11,10.3,7.4,14.1,0.0,,292.0,8.6,24.0,1018.5,
2025-11-12,12.2,9.9,16.8,0.0,,305.0,6.8,18.0,1023.0,
2025-11-13,12.2,8.8,17.4,0.0,,295.0,6.6,24.0,1025.1,
2025-11-14,11.6,7.4,17.3,0.0,,297.0,7.2,26.0,1023.0,
2025-11-15,13.4,10.6,17.6,0.0,,254.0,11.1,,1019.0,
2025-11-16,15.0,12.5,18.1,0.0,,292.0,15.1,37.0,1014.9,
2025-11-17,14.1,11.5,16.7,0.0,,294.0,19.5,63.0,1009.4,
2025-11-18,9.7,6.9,11.4,18.2,,348.0,7.6,35.0,1010.9,
2025-11-19,6.9,5.6,8.3,1.5,,8.0,7.0,22.0,1011.7,
2025-11-20,8.9,7.4,10.3,13.2,,347.0,13.0,44.0,1008.9,
2025-11-21,6.8,3.7,8.3,2.2,,313.0,13.3,46.0,1007.4,
2025-11-22,3.8,1.7,7.8,0.4,,339.0,9.5,39.0,1010.5,
2025-11-23,3.1,0.2,7.6,0.0,,304.0,9.3,31.0,1017.4,
2025-11-24,7.0,3.0,10.3,14.8,,333.0,18.3,70.0,1014.4,
2025-11-25,9.5,6.2,11.9,21.9,,324.0,20.5,91.0,1002.2,
2025-11-26,6.3,3.7,9.0,1.1,,323.0,10.8,41.0,1005.6,
2025-11-27,3.4,1.8,6.0,10.4,,312.0,13.3,46.0,1009.5,
2025-11-28,2.8,1.7,3.9,2.4,,321.0,16.7,42.0,1013.6,
2025-11-29,4.6,2.5,8.0,0.0,,315.0,10.5,24.0,1013.6,
2025-11-30,6.8,3.3,11.8,0.0,,311.0,7.1,26.0,1016.2,
2025-12-01,7.8,4.7,12.3,0.0,,297.0,7.2,22.0,1019.1,
2025-12-02,7.0,5.5,8.0,4.5,,154.0,11.7,30.0,1016.6,
2025-12-03,6.4,3.9,10.3,0.0,,348.0,7.3,21.0,1013.6,
2025-12-04,6.5,4.9,9.5,8.8,,276.0,10.8,24.0,1007.1,
2025-12-05,6.8,5.6,9.7,0.1,,26.0,10.4,30.0,1005.9,
2025-12-06,6.7,5.5,10.2,0.0,,316.0,8.3,30.0,1011.6,
2025-12-07,7.1,5.3,11.2,0.0,,324.0,8.3,18.0,1014.7,
2025-12-08,8.5,5.0,13.3,0.0,,330.0,7.0,22.0,1020.9,
2025-12-09,12.5,10.2,18.0,0.0,,285.0,4.8,15.0,1024.9,
2025-12-10,10.8,8.1,16.7,0.0,,345.0,4.8,13.0,1024.7,
2025-12-11,9.7,6.0,14.3,0.0,,25.0,6.3,18.0,1024.0,
2025-12-12,5.9,4.8,6.9,0.0,,37.0,6.3,17.0,1023.4,
2025-12-13,6.1,4.5,7.7,0.0,,350.0,5.9,21.0,1025.6,
2025-12-14,7.9,5.4,12.1,0.0,,222.0,8.5,22.0,1027.0,
2025-12-15,8.2,5.5,11.9,0.0,,114.0,6.6,21.0,1026.3,
2025-12-16,7.8,7.1,8.5,2.5,,142.0,9.9,35.0,1021.1,
2025-12-17,10.8,6.6,14.0,0.6,,325.0,16.3,46.0,1022.3,
2025-12-18,11.4,8.9,14.7,0.0,,279.0,8.3,22.0,1028.5,
2025-12-19,10.7,4.7,15.3,0.0,,333.0,6.7,21.0,1026.1,
2025-12-20,6.8,4.1,8.7,0.3,,343.0,5.9,,1018.6,
2025-12-21,7.1,5.9,8.9,0.0,,71.0,4.9,,1014.3,
2025-12-22,7.1,6.1,8.4,0.1,,61.0,6.6,18.0,1012.9,
2025-12-23,7.7,6.0,10.7,0.5,,101.0,12.7,50.0,1009.7,
2025-12-24,5.0,3.8,5.9,2.2,,153.0,20.5,48.0,1007.5,
2025-12-25,6.4,5.1,9.4,0.4,,80.0,14.1,30.0,1016.1,
2025-12-26,5.8,4.0,7.4,1.7,,16.0,12.3,37.0,1022.2,
2025-12-27,3.8,2.4,6.0,0.2,,337.0,10.5,33.0,1023.9,
2025-12-28,7.0,2.7,12.3,0.0,,320.0,12.6,28.0,1020.8,
2025-12-29,7.1,3.6,11.5,0.0,,283.0,10.9,28.0,1020.3,
2025-12-30,5.3,2.6,8.7,1.1,,342.0,14.3,44.0,1013.6,
2025-12-31,0.2,-2.5,2.4,0.2,,9.0,15.5,44.0,1018.6,
2026-01-01,1.8,-2.0,6.9,0.0,,225.0,12.5,39.0,1020.4,
2026-01-02,7.0,4.2,8.7,0.0,,316.0,30.7,93.0,1010.9,
2026-01-03,9.2,7.3,11.3,0.9,,264.0,30.8,74.0,1005.2,
2026-01-04,8.4,4.7,10.5,24.5,,352.0,12.2,63.0,1005.0,
2026-01-05,7.5,5.0,11.4,13.6,,59.0,9.3,35.0,1004.9,
2026-01-06,4.9,2.4,6.4,22.0,,52.0,12.3,41.0,1003.2,
2026-01-07,0.0,-1.7,1.6,9.0,,346.0,8.0,26.0,1006.1,
2026-01-08,0.0,-3.6,3.5,0.8,,293.0,10.8,59.0,1013.3,
2026-01-09,7.3,4.0,9.8,0.0,,249.0,38.5,87.0,1009.1,
2026-01-10,3.2,1.3,5.9,1.5,,290.0,27.2,74.0,1000.8,
2026-01-11,-0.1,-1.8,1.9,1.4,,331.0,13.3,39.0,1014.8,
2026-01-12,0.6,-3.5,4.8,0.0,,272.0,12.2,,1025.6,
2026-01-13,5.8,2.9,9.1,0.0,,261.0,23.5,52.0,1025.4,
2026-01-14,7.3,5.2,11.5,0.0,,264.0,11.9,33.0,1025.0,
2026-01-15,6.9,4.4,10.5,0.0,,267.0,7.8,18.0,1023.6,
2026-01-16,7.3,5.4,10.2,0.0,,338.0,10.9,22.0,1021.1,
2026-01-17,5.9,4.5,7.6,0.0,,38.0,8.5,22.0,1020.5,
2026-01-18,5.9,5.1,6.8,1.1,,65.0,12.8,31.0,1021.7,
2026-01-19,4.2,3.2,5.2,6.7,,69.0,20.5,42.0,1021.7,
2026-01-20,3.0,1.9,4.1,0.0,,52.0,17.0,41.0,1019.9,
2026-01-21,1.3,-0.1,2.6,3.1,,10.0,10.6,26.0,1008.6,
2026-01-22,4.9,2.8,7.3,0.0,,321.0,7.5,18.0,999.9,
2026-01-23,6.3,3.7,10.2,0.0,,310.0,6.7,26.0,1002.7,
2026-01-24,7.5,5.5,9.8,3.6,,107.0,14.5,48.0,1004.1,
2026-01-25,6.3,3.8,7.5,14.8,,27.0,22.5,67.0,1000.9,
2026-01-26,5.1,2.7,8.2,1.4,,328.0,11.9,61.0,999.6,
2026-01-27,5.5,2.1,10.6,0.0,,300.0,12.3,44.0,1007.1,
2026-01-28,6.3,5.4,8.1,11.1,,272.0,28.2,87.0,998.6,
2026-01-29,5.6,4.2,8.6,5.8,,311.0,12.4,42.0,995.5,
2026-01-30,5.9,3.3,10.4,0.2,,307.0,12.0,33.0,1001.0,
2026-01-31,5.6,3.5,8.5,3.5,,62.0,12.0,42.0,1001.4,
2026-02-01,3.6,2.4,5.4,0.2,,349.0,17.3,44.0,1004.0,
2026-02-02,4.9,1.4,10.4,0.0,,335.0,8.3,31.0,1008.8,
2026-02-03,8.9,6.3,11.9,1.6,,341.0,13.5,57.0,1009.3,
2026-02-04,8.3,6.2,11.0,9.2,,128.0,17.5,44.0,998.2,
2026-02-05,7.9,5.7,11.1,0.0,,309.0,17.0,59.0,995.2,
2026-02-06,9.5,6.4,12.5,1.0,,254.0,28.0,80.0,994.4,
2026-02-07,8.5,6.6,12.1,0.7,,275.0,17.3,55.0,1005.5,
2026-02-08,7.6,5.7,10.9,0.1,,295.0,14.1,55.0,1007.6,
2026-02-09,5.5,4.2,7.7,1.6,,348.0,6.9,15.0,1005.2,
2026-02-10,6.9,4.8,9.7,0.0,,217.0,7.6,,1006.6,
2026-02-11,7.6,6.4,9.2,0.4,,228.0,17.1,,1000.5,
2026-02-12,7.4,6.1,8.5,,,228.0,20.5,,991.6,
2026-02-13,8.1,5.7,11.1,,,239.0,15.1,,992.4,
2026-02-14,7.4,5.9,8.3,,,177.0,15.0,,990.6,
2026-02-15,4.9,3.7,6.3,,,307.0,15.7,54.0,1000.3,
2026-02-16,6.8,3.5,10.7,0.1,,305.0,18.7,72.0,1005.3,
2026-02-17,5.4,3.4,8.2,0.7,,321.0,20.5,65.0,1001.8,
2026-02-18,7.7,4.7,11.7,0.0,,261.0,15.9,,1014.5,
2026-02-19,7.9,4.8,10.9,10.1,,231.0,22.5,,1008.4,
2026-02-20,5.9,2.5,10.8,2.0,,324.0,13.0,48.0,1009.0,
2026-02-21,4.1,2.0,7.4,0.0,,326.0,14.8,42.0,1020.4,
2026-02-22,8.1,3.9,12.5,0.0,,314.0,12.1,,1025.1,
2026-02-23,10.6,7.0,15.5,0.0,,270.0,14.0,50.0,1021.4,
2026-02-24,9.5,6.2,14.3,0.0,,233.0,4.9,,1019.4,
2026-02-25,10.0,6.9,13.9,,,2.0,5.2,,1023.4,
2026-02-26,11.9,9.0,16.5,,,189.0,4.2,,1025.9,
2026-02-27,11.4,6.7,15.9,,,189.0,4.6,,1024.8,
2026-02-28,9.0,5.7,14.9,,,27.0,7.0,30.0,1022.9,
2026-03-01,8.2,6.6,11.5,0.0,,344.0,6.0,24.0,1025.0,
2026-03-02,8.4,5.6,12.8,0.3,,22.0,7.9,28.0,1025.6,
2026-03-03,9.2,6.5,13.8,0.0,,20.0,7.6,28.0,1026.5,
2026-03-04,9.3,7.7,13.3,0.6,,42.0,7.1,,1026.7,
2026-03-05,8.0,6.0,9.8,0.0,,13.0,7.1,18.0,1024.8,
2026-03-06,7.6,6.0,10.0,0.0,,45.0,7.8,24.0,1023.1,
2026-03-07,8.2,5.6,11.9,0.0,,60.0,8.4,24.0,1024.9,
2026-03-08,8.2,6.7,10.4,1.1,,4.0,6.5,21.0,1025.1,
2026-03-09,8.2,6.5,12.1,0.4,,83.0,9.2,,1024.6,
2026-03-10,9.3,6.6,13.1,0.1,,120.0,4.5,,1023.7,
2026-03-11,10.0,7.7,14.0,3.3,,165.0,4.1,,1023.9,
2026-03-12,9.6,7.4,13.2,,,208.0,5.9,,1022.0,
2026-03-13,8.2,6.3,11.0,,,136.0,5.5,,1017.7,
2026-03-14,7.8,6.2,10.2,,,183.0,7.9,,1011.0,
2026-03-15,7.1,5.2,9.4,,,67.0,6.8,,1010.4,
2026-03-16,7.9,5.8,10.6,,,46.0,8.5,,1012.1,
2026-03-17,6.7,4.6,8.7,,,353.0,12.1,,1012.1,
2026-03-18,6.2,4.8,8.3,,,353.0,14.7,,1012.3,
