denominazione,codice_fiscale,p_iva,url_sito_venditore,telefono,nome_offerta,cod_offerta,url_offerta,modalita_attivazione,modalita_pagamento,data_inizio,data_fine,tipo_cliente,tipo_offerta,p_fix_f,p_fix_v,p_vol_f1,p_vol_f2,p_vol_f3,p_vol_bf1,p_vol_bf23,p_vol_mono,alpha,regione,provincia,comune
2G energia srl,03925910618,03925910618,https://www.2genergia.it/,,PLACET VARIABILE LUCE BUSINESS,020237ESVOP10XXPLACETVARIABILELU,https://www.2genergia.it/,Offerta attivabile da qualsiasi canale,Domiciliazione bancaria;Domiciliazione su carta di credito;Bollettino precompilato,07/07/2026,07/08/2026,non domestico,prezzo variabile,,180.000000,,,,,,,0.071500,,,
2G energia srl,03925910618,03925910618,https://www.2genergia.it/,,PLACET FISSA LUCE BUSINESS,020237ESFFP06XXPLACETFISSALUCEBU,https://www.2genergia.it/,Offerta attivabile da qualsiasi canale,Domiciliazione bancaria;Domiciliazione su carta di credito;Bollettino precompilato,07/07/2026,07/08/2026,non domestico,prezzo fisso,180.000000,,1.149500,1.149500,1.149500,,,1.149500,,,,
2G energia srl,03925910618,03925910618,https://www.2genergia.it/,,PLACET FISSA LUCE DOMESTICO,020237ESFFP06XXPLACETFISSALUCEDO,https://www.2genergia.it/,Offerta attivabile da qualsiasi canale,Domiciliazione bancaria;Domiciliazione su carta di credito;Bollettino precompilato,07/07/2026,07/08/2026,domestico,prezzo fisso,180.000000,,,,,1.173700,1.173700,1.173700,,,,
8Energy Srl,07504390480,07504390480,https://www.8energy.it/,,8E PLACET EE FISSO DOMESTICO,044848ESFMP01XX8EPLACETEEFISSO26,https://www.8energy.it/placet/,Offerta attivabile da qualsiasi canale,Domiciliazione bancaria;Domiciliazione postale;Domiciliazione su carta di credito;Bollettino precompilato;Altro,01/06/2026,31/12/2026,domestico,prezzo fisso,156.000000,,,,,0.450000,0.450000,0.450000,,,,
8Energy Srl,07504390480,07504390480,https://www.8energy.it/,,8E PLACET EE VARIABILE DOMESTICO,044848ESVMP01XX8EPLACETEEVARIA26,https://www.8energy.it/placet/,Offerta attivabile da qualsiasi canale,Domiciliazione bancaria;Domiciliazione postale;Domiciliazione su carta di credito;Bollettino precompilato;Altro,01/06/2026,31/12/2026,domestico,prezzo variabile,,156.000000,,,,,,,0.085000,,,
8Energy Srl,07504390480,07504390480,https://www.8energy.it/,,8E PLACET EE VARIABILE ALTRI USI,044848ESVMP01XX8EPLACETEEVARAU26,https://www.8energy.it/placet/,Offerta attivabile da qualsiasi canale,Domiciliazione bancaria;Domiciliazione postale;Domiciliazione su carta di credito;Bollettino precompilato;Altro,01/06/2026,31/12/2026,non domestico,prezzo variabile,,336.000000,,,,,,,0.091000,,,
8Energy Srl,07504390480,07504390480,https://www.8energy.it/,,8E PLACET EE FISSO ALTRI USI,044848ESFMP01XX8EPLACETEEFSSAU26,https://www.8energy.it/placet/,Offerta attivabile da qualsiasi canale,Domiciliazione bancaria;Domiciliazione postale;Domiciliazione su carta di credito;Bollettino precompilato;Altro,01/06/2026,31/12/2026,non domestico,prezzo fisso,336.000000,,0.550000,0.550000,0.550000,,,0.550000,,,,
A.F. ENERGIA SRL,04245030285,04245030285,https://www.afenergia.it/,0495212963,PLACET FISSO ENERGIA ALTRI USI,000657ESFFP01XX00000PLEVAU122508,https://www.afenergia.it/offerta-luce-gas-placet,Offerta attivabile presso punto vendita,Domiciliazione bancaria,05/08/2025,31/07/2026,non domestico,prezzo fisso,340.000000,,0.780590,0.760590,0.740590,,,0.760590,,05,,
A.F. ENERGIA SRL,04245030285,04245030285,https://www.afenergia.it/,0495212963,PLACET FISSO ENERGIA DOMESTICO,000657ESFFP01XX00000PLEVDO122508,https://www.afenergia.it/offerta-luce-gas-placet,Offerta attivabile presso punto vendita,Domiciliazione bancaria,05/08/2025,31/07/2026,domestico,prezzo fisso,240.000000,,,,,0.780590,0.750590,0.760590,,05,,
A.F. ENERGIA SRL,04245030285,04245030285,https://www.afenergia.it/,0495212963,PLACET VARIABILE ENERGIA DOMESTICO,000657ESVFP01XX00000PLEFDO242508,https://www.afenergia.it/offerta-luce-gas-placet,Offerta attivabile presso punto vendita,Domiciliazione bancaria,05/08/2025,31/07/2026,domestico,prezzo variabile,,240.000000,,,,,,,0.055000,05,,
A.F. ENERGIA SRL,04245030285,04245030285,https://www.afenergia.it/,0495212963,PLACET VARIABILE ENERGIA ALTRI USI,000657ESVFP01XX00000PLEFAU242508,https://www.afenergia.it/offerta-luce-gas-placet,Offerta attivabile presso punto vendita,Domiciliazione bancaria,05/08/2025,31/07/2026,non domestico,prezzo variabile,,340.000000,,,,,,,0.065000,05,,
A2A ENERGIA SPA,12883420155,12883420155,https://www.a2a.it/,800199955,A2A PLACET FISSA Luce Domestico,000294ESFFP01XXPlacetFDX20260710,https://casa.a2aenergia.eu/placetfissa,Offerta attivabile solo da web;Offerta attivabile presso punto vendita;Teleselling,Domiciliazione bancaria;Domiciliazione postale;Domiciliazione su carta di credito;Bollettino precompilato,08/07/2026,29/07/2026,domestico,prezzo fisso,144.000000,,,,,0.191000,0.188000,0.189000,,,,
A2A ENERGIA SPA,12883420155,12883420155,https://www.a2a.it/,800199955,A2A PLACET VARIABILE Luce Business,000294ESVFP01XXPlacetVB260732583,https://business.a2aenergia.eu/professionisti/placetvariabile,Offerta attivabile solo da web;Offerta attivabile presso punto vendita;Teleselling,Domiciliazione bancaria;Domiciliazione postale;Domiciliazione su carta di credito;Bollettino precompilato,02/07/2026,29/07/2026,non domestico,prezzo variabile,,192.000000,,,,,,,0.036360,,,
A2A ENERGIA SPA,12883420155,12883420155,https://www.a2a.it/,800199955,A2A PLACET FISSA Luce Business,000294ESFFP01XXPlacetFBX20260710,https://business.a2aenergia.eu/professionisti/placetfissa,Offerta attivabile solo da web;Offerta attivabile presso punto vendita;Teleselling,Domiciliazione bancaria;Domiciliazione postale;Domiciliazione su carta di credito;Bollettino precompilato,08/07/2026,29/07/2026,non domestico,prezzo fisso,192.000000,,0.190000,0.192990,0.184000,,,0.189000,,,,
ABY POWER SRL,01482080452,01482080452,www.abypower.it,,ABY POWER FISSA PLACET DOMESTICA 202606,042641ESFMP01XXTD000006FPD202606,https://www.abypower.it,Offerta attivabile da qualsiasi canale;Offerta attivabile presso punto vendita,Domiciliazione bancaria,01/07/2026,30/09/2026,domestico,prezzo fisso,180.000000,,,,,0.500000,0.500000,0.500000,,,,
ABY POWER SRL,01482080452,01482080452,www.abypower.it,,ABY POWER FISSA PLACET ALTRI USI 202606,042641ESFMP01XXAU000006FPB202606,https://www.abypower.it,Offerta attivabile da qualsiasi canale;Offerta attivabile presso punto vendita,Domiciliazione bancaria,01/07/2026,30/09/2026,non domestico,prezzo fisso,252.000000,,0.800000,0.800000,0.800000,,,0.800000,,,,
ABY POWER SRL,01482080452,01482080452,www.abypower.it,,ABY POWER VARIABILE PLACET ALTRI USI,042641ESVFP01XXAU000006VPB202606,https://www.abypower.it,Offerta attivabile da qualsiasi canale;Offerta attivabile presso punto vendita,Domiciliazione bancaria,01/07/2026,30/09/2026,non domestico,prezzo variabile,,252.000000,,,,,,,0.200000,,,
ABY POWER SRL,01482080452,01482080452,www.abypower.it,,ABY POWER VARIABILE PLACET DOMESTICA 202606,042641ESVOP01XXTD000006VPD202606,https://www.abypower.it,Offerta attivabile da qualsiasi canale;Offerta attivabile presso punto vendita,Domiciliazione bancaria,01/07/2026,30/09/2026,domestico,prezzo variabile,,180.000000,,,,,,,0.100000,,,
ACEA PINEROLESE ENERGIA  S.R.L.,08547890015,08547890015,https://www.aceapinerolese-energia.it/,800808055,ACEA PLACET LUCE INDEX 0226,000694ESVFP01XXPLCTINDEXDOM00001,https://www.aceapinerolese-energia.it/offerte-luce-placet/,Offerta attivabile presso punto vendita,Domiciliazione bancaria;Bollettino precompilato;Altro,01/02/2026,31/01/2027,domestico,prezzo variabile,,120.000000,,,,,,,0.070000,,,015213;015012;015046;015078;015086;015087;015116;015118;015146;015154;015182;108001;108027;108039;108027;108039;108001;090092;090092;090092;002071;002128;002133;002042;002049;006159;005005;005012;005053;005076;005107;003036;001025;001026;001028;001032;001033;001034;001035;001038;001039;001041;001043;001045;001046;001048;001049;001050;001051;001053;001055;001057;001058;001059;001062;001063;001065;001066;001068;001070;001071;001072;001074;001076;003073;003106;003119;001001;001002;001004;001006;001007;001008;001011;001013;001016;001017;001018;001020;001077;001078;001081;001082;001086;001087;001089;001090;001093;001097;001099;001103;001104;001106;001107;001109;001110;001111;001112;001115;001116;001118;001120;001122;001125;001126;001127;001128;001130;001136;001139;001140;001142;001145;001146;001154;001156;001161;001163;001164;001166;001168;001171;001173;001174;001175;001178;001181;001183;001184;001186;001189;001190;001191;001192;001193;001194;001195;001197;001198;001200;001201;001202;001204;001205;001214;001217;001218;001219;001220;001221;001222;001226;001227;001228;001229;001234;001236;001237;001239;001240;001241;001242;001243;001245;001248;001249;001250;001252;001253;001254;001255;001256;001257;001259;001260;001263;001264;001265;001268;001269;001270;001272;001273;001275;001276;001280;001281;001283;001284;001292;001293;001299;001300;001302;001303;001305;001306;001307;001308;001309;001310;001314;001315;001316;096049;096053;096004;103008;004003;004009;004012;004019;004025;004027;004028;004029;004034;004037;004043;004046;004203;004059;004078;004089;004096;004110;004117;004130;004143;004144;004154;004157;004166;004179;004181;004203;004215;004034;008026;008027;008031;008052;008055;008056;008059;009012;009033;011004;011015;011026;001022;001024
ACEA PINEROLESE ENERGIA  S.R.L.,08547890015,08547890015,https://www.aceapinerolese-energia.it/,800808055,ACEA PLACET LUCE INDEX 0226,000694ESVFP01XXPLCTINDEXAU000001,https://www.aceapinerolese-energia.it/offerte-luce-placet/,Offerta attivabile presso punto vendita,Domiciliazione bancaria;Bollettino precompilato;Altro,01/02/2026,31/01/2027,non domestico,prezzo variabile,,240.000000,,,,,,,0.070000,,,001045;001046;001048;001049;001050;001051;001053;001055;001057;001058;001059;001062;001063;001065;001066;001068;001070;001071;001072;001074;001076;001077;001078;001081;001082;001086;001087;001089;001090;001093;001097;001099;001103;001104;001106;001107;001109;001110;001111;001112;001115;001116;001118;001120;001122;001125;001126;001127;001128;001130;001136;001139;001140;001142;001145;001146;001154;001156;001161;001163;001164;001166;001168;001171;001173;001174;001175;001178;001181;001183;001184;001186;001189;001190;001191;001192;001193;001194;001195;001197;001198;001200;001201;001202;001204;001205;001214;001217;001218;001219;001220;001221;001222;001226;001227;001228;001229;001234;001236;001237;001239;001240;001241;001242;001243;001245;001248;001249;001250;001252;001253;001254;001255;001256;001257;001259;001260;001263;001264;001265;001268;001269;001270;001272;001273;001275;001276;001280;001281;001283;001284;001292;001293;001299;001300;001302;001303;001305;001306;001307;001308;001309;001310;001314;001315;001316;096049;096053;096004;103008;004003;004009;004012;004019;004025;004027;004028;004029;004034;004037;004043;004046;004203;004059;004078;004089;004096;004110;004117;004130;004143;004144;004154;004157;004166;004179;004181;004203;004215;004034;008026;008027;008031;008052;008055;008056;008059;009012;009033;011004;011015;011026;015213;015012;015046;015078;015086;015087;015116;015118;015146;015154;015182;108001;108027;108039;108027;108039;108001;090092;090092;090092;002071;002128;002133;002042;002049;006159;005005;005012;005053;005076;005107;003036;003073;003106;003119;001001;001002;001004;001006;001007;001008;001011;001013;001016;001017;001018;001020;001022;001024;001025;001026;001028;001032;001033;001034;001035;001038;001039;001041;001043
ACEA PINEROLESE ENERGIA  S.R.L.,08547890015,08547890015,https://www.aceapinerolese-energia.it/,800808055,ACEA PLACET LUCE FIX AU 0226,000694ESFFP01XXPLCTFIXAU00000001,https://www.aceapinerolese-energia.it/offerte-luce-placet/,Offerta attivabile presso punto vendita,Domiciliazione bancaria;Bollettino precompilato;Altro,01/02/2026,31/01/2027,non domestico,prezzo fisso,240.000000,,0.400000,0.400000,0.400000,,,0.400000,,,,001045;001046;001048;001049;001050;001051;001053;001055;001057;001058;001059;001062;001063;001065;001066;001068;001070;001071;001072;001074;001076;001077;001078;001081;001082;001086;001087;001089;001090;001093;001097;001099;001103;001104;001106;001107;001109;001110;001111;001112;001115;001116;001118;001120;001122;001125;001126;001127;001128;001130;001136;001139;001140;001142;001145;001146;001154;001156;001161;001163;001164;001166;001168;001171;001173;001174;001175;001178;001181;001183;001184;001186;001189;001190;001191;001192;001193;001194;001195;001197;001198;001200;001201;001202;001204;001205;001214;001217;001218;001219;001220;001221;001222;001226;001227;001228;001229;001234;001236;001237;001239;001240;001241;001242;001243;001245;001248;001249;001250;001252;001253;001254;001255;001256;001257;001259;001260;001263;001264;001265;001268;001269;001270;001272;001273;001275;001276;001280;001281;001283;001284;001292;001293;001299;001300;001302;001303;001305;001306;001307;001308;001309;001310;001314;001315;001316;096049;096053;096004;103008;004003;004009;004012;004019;004025;004027;004028;004029;004034;004037;004043;004046;004203;004059;004078;004089;004096;004110;004117;004130;004143;004144;004154;004157;004166;004179;004181;004203;004215;004034;008026;008027;008031;008052;008055;008056;008059;009012;009033;011004;011015;011026;015213;015012;015046;015078;015086;015087;015116;015118;015146;015154;015182;108001;108027;108039;108027;108039;108001;090092;090092;090092;002071;002128;002133;002042;002049;006159;005005;005012;005053;005076;005107;003036;003073;003106;003119;001001;001002;001004;001006;001007;001008;001011;001013;001016;001017;001018;001020;001022;001024;001025;001026;001028;001032;001033;001034;001035;001038;001039;001041;001043
ACEA PINEROLESE ENERGIA  S.R.L.,08547890015,08547890015,https://www.aceapinerolese-energia.it/,800808055,ACEA PLACET LUCE FIX DOM 0226,000694ESFFP01XXPLCTFIXDOM0000001,https://www.aceapinerolese-energia.it/offerte-luce-placet/,Offerta attivabile presso punto vendita,Domiciliazione bancaria;Bollettino precompilato;Altro,01/02/2026,31/01/2027,domestico,prezzo fisso,120.000000,,0.400000,0.400000,0.400000,0.400000,0.400000,0.400000,,,,001055;001057;001058;001059;001062;001063;001065;015213;015012;015046;015078;015086;015087;015116;015118;015146;015154;015182;108001;108027;108039;108027;108039;108001;090092;090092;090092;002071;002128;002133;002042;002049;006159;005005;005012;005053;005076;005107;003036;003073;003106;003119;001001;001002;001004;001006;001007;001008;001011;001013;001016;001017;001018;001020;001022;001024;001025;001026;001028;001032;001033;001034;001035;001038;001039;001041;001043;001045;001046;001048;001049;001050;001051;001053;001066;001068;001070;001071;001072;001074;001076;001077;001078;001081;001082;001086;001087;001089;001090;001093;001097;001099;001103;001104;001106;001107;001109;001110;001111;001112;001115;001116;001118;001120;001122;001125;001126;001127;001128;001130;001136;001139;001140;001142;001145;001146;001154;001156;001161;001163;001164;001166;001168;001171;001173;001174;001175;001178;001181;001183;001184;001186;001189;001190;001191;001192;001193;001194;001195;001197;001198;001200;001201;001202;001204;001205;001214;001217;001218;001219;001220;001221;001222;001226;001227;001228;001229;001234;001236;001237;001239;001240;001241;001242;001243;001245;001248;001249;001250;001252;001253;001254;001255;001256;001257;001259;001260;001263;001264;001265;001268;001269;001270;001272;001273;001275;001276;001280;001281;001283;001284;001292;001293;001299;001300;001302;001303;001305;001306;001307;001308;001309;001310;001314;001315;001316;096049;096053;096004;103008;004003;004009;004012;004019;004025;004027;004028;004029;004034;004037;004043;004046;004203;004059;004078;004089;004096;004110;004117;004130;004143;004144;004154;004157;004166;004179;004181;004203;004215;004034;008026;008027;008031;008052;008055;008056;008059;009012;009033;011004;011015;011026
AECLANUM ENERGIA S.R.L.,02997570649,02997570649,www.aeclanumenergia.com,,AECLANUM ENERGIA PLACET VARIABILE LUCE ALTRI USI,029644ESVFP01XXAEPLACETVARAU02AE,www.aeclanumenergia.com,Offerta attivabile da qualsiasi canale,Domiciliazione bancaria;Domiciliazione postale;Bollettino precompilato,29/09/2025,31/08/2026,non domestico,prezzo variabile,,216.000000,,,,,,,0.044000,,,
AECLANUM ENERGIA S.R.L.,02997570649,02997570649,www.aeclanumenergia.com,,AECLANUM ENERGIA PLACET FISSA LUCE ALTRI USI,029644ESVFP01XXAEPLACETFIXAU02AE,www.aeclanumenergia.com,Offerta attivabile da qualsiasi canale,Domiciliazione bancaria;Domiciliazione postale;Bollettino precompilato,29/09/2025,31/08/2026,non domestico,prezzo fisso,216.000000,,0.319000,0.319000,0.319000,,,0.319000,,,,
AECLANUM ENERGIA S.R.L.,02997570649,02997570649,www.aeclanumenergia.com,,AECLANUM ENERGIA PLACET VARIABILE LUCE DOMESTICO,029644ESVFP01XXAEPLACETVARDOM2AE,www.aeclanumenergia.com,Offerta attivabile da qualsiasi canale,Domiciliazione bancaria;Domiciliazione postale;Bollettino precompilato,29/09/2025,31/08/2026,domestico,prezzo variabile,,144.000000,,,,,,,0.060000,,,
AECLANUM ENERGIA S.R.L.,02997570649,02997570649,www.aeclanumenergia.com,,AECLANUM ENERGIA PLACET FISSA LUCE DOMESTICO,029644ESVFP01XXAEPLACETFIXDOM2AE,www.aeclanumenergia.com,Offerta attivabile da qualsiasi canale,Domiciliazione bancaria;Domiciliazione postale;Bollettino precompilato,29/09/2025,31/08/2026,domestico,prezzo fisso,144.000000,,,,,0.238700,0.238700,0.238700,,,,
AGES TRADE SPA,03750550968,03750550968,https://www.agestrade.com,,AGES_TRADE_PLACET-FIX-ELE ATRI-USI,000029ESFFP01XXELETT0000PLACET02,https://www.agestrade.com/placet-luce/,Offerta attivabile solo da web;Offerta attivabile presso punto vendita,Domiciliazione bancaria;Bollettino precompilato,28/04/2026,31/03/2027,non domestico,prezzo fisso,300.000000,,0.699800,0.717280,0.618820,,,0.800000,,,,
AGES TRADE SPA,03750550968,03750550968,https://www.agestrade.com,,AGES_TRADE_PLACET-FIX-ELE-DOM-CASA,000029ESFFP01XXELETT0000PLACET01,https://www.agestrade.com/placet-luce/,Offerta attivabile solo da web;Offerta attivabile presso punto vendita,Domiciliazione bancaria;Bollettino precompilato,28/04/2026,31/03/2027,domestico,prezzo fisso,120.000000,,,,,0.689210,0.732130,0.800000,,,,
AGES TRADE SPA,03750550968,03750550968,https://www.agestrade.com,,AGES_TRADE_PLACET-VAR-ELE-ATRI-USI,000029ESVFP01XXELETT0000PLACET04,https://www.agestrade.com/placet-luce/,Offerta attivabile solo da web;Offerta attivabile presso punto vendita,Domiciliazione bancaria;Bollettino precompilato,28/04/2026,31/03/2027,non domestico,prezzo variabile,,300.000000,,,,,,,0.100000,,,
AGES TRADE SPA,03750550968,03750550968,https://www.agestrade.com,,AGES_TRADE_PLACET-VAR-ELE-DOM_CASA,000029ESVFP01XXELETT0000PLACET03,https://www.agestrade.com/placet-luce/,Offerta attivabile solo da web;Offerta attivabile presso punto vendita,Domiciliazione bancaria;Bollettino precompilato,28/04/2026,31/03/2027,domestico,prezzo variabile,,200.000000,,,,,,,0.100000,,,
AGESP ENERGIA SRL,02727450120,02727450120,https://agespenergia.it,800003858,AGESP ENERGIA SRL PLACET Fissa Energia Elettrica Altri,000446ESFFP24XXPLACETXIMPRESAFIX,https://agespenergia.it/offerte-energia-elettrica/offerta-placet-energia-elettrica/,Offerta attivabile presso punto vendita,Domiciliazione bancaria;Domiciliazione postale;Bollettino precompilato,15/07/2026,06/08/2026,non domestico,prezzo fisso,300.000000,,0.990000,0.990000,0.990000,,,0.990000,,,,
AGESP ENERGIA SRL,02727450120,02727450120,https://agespenergia.it,800003858,AGESP ENERGIA SRL PLACET Fissa Energia Elettrica Domest,000446ESFFP24XXPLACETDOMESTFIXEE,https://agespenergia.it/offerte-energia-elettrica/offerta-placet-energia-elettrica/,Offerta attivabile presso punto vendita,Domiciliazione bancaria;Domiciliazione postale;Bollettino precompilato,15/07/2026,06/08/2026,domestico,prezzo fisso,200.000000,,,,,0.990000,0.990000,0.990000,,,,
AGESP ENERGIA SRL,02727450120,02727450120,https://agespenergia.it,800003858,AGESP ENERGIA SRL PLACET Variabile Energia Elettrica Do,000446ESVFP24XXPLACETXDOMXVARXEE,https://agespenergia.it/offerte-energia-elettrica/offerta-placet-energia-elettrica/,Offerta attivabile presso punto vendita,Domiciliazione bancaria;Domiciliazione postale;Bollettino precompilato,15/07/2026,06/08/2026,domestico,prezzo variabile,,200.000000,,,,,,,0.990000,,,
AGESP ENERGIA SRL,02727450120,02727450120,https://agespenergia.it,800003858,AGESP ENERGIA SRL PLACET Variabile Energia Elettrica Al,000446ESVFP24XXPLACETXIMPRESAVAR,https://agespenergia.it/offerte-energia-elettrica/offerta-placet-energia-elettrica/,Offerta attivabile presso punto vendita,Domiciliazione bancaria;Domiciliazione postale;Bollettino precompilato,15/07/2026,06/08/2026,non domestico,prezzo variabile,,300.000000,,,,,,,0.990000,,,
AGF ENERGY S.P.A.,08150620725,08150620725,https://agfenergy.it/,,AGF_PLACET_DOM_VAR,027580ESVFP04XXAGFENERGYPLACETDR,www.agfenergy.it/placet/,Agenzia,Domiciliazione bancaria;Domiciliazione postale;Domiciliazione su carta di credito;Bollettino precompilato;Altro,01/02/2026,31/01/2027,domestico,prezzo variabile,,180.000000,,,,,,,0.070000,,,
AGF ENERGY S.P.A.,08150620725,08150620725,https://agfenergy.it/,,AGF_PLACET_ALTRIUSI_VAR,027580ESVFP04XXAGFENERGYPLACETBS,www.agfenergy.it/placet/,Agenzia,Domiciliazione bancaria;Domiciliazione postale;Domiciliazione su carta di credito;Bollettino precompilato;Altro,01/02/2026,31/01/2027,non domestico,prezzo variabile,,180.000000,,,,,,,0.070000,,,
AGF ENERGY S.P.A.,08150620725,08150620725,https://agfenergy.it/,,AGF_PLACET_EE_DOM_FIX,027580ESFMP04XXAGFENERGYPLACETDR,www.agfenergy.it/placet/,Agenzia,Domiciliazione bancaria;Domiciliazione postale;Domiciliazione su carta di credito;Bollettino precompilato;Altro,01/02/2026,31/01/2027,domestico,prezzo fisso,180.000000,,,,,0.605000,0.605000,0.605000,,,,
AGF ENERGY S.P.A.,08150620725,08150620725,https://agfenergy.it/,,AGF_PLACET_EE_ALTRIUSI_FIX,027580ESFMP04XXAGFENERGYPLACETBS,www.agfenergy.it/placet/,Agenzia,Domiciliazione bancaria;Domiciliazione postale;Domiciliazione su carta di credito;Bollettino precompilato;Altro,01/02/2026,31/01/2027,non domestico,prezzo fisso,180.000000,,0.605000,0.605000,0.605000,,,0.605000,,,,
AGROENERGIA S.R.L.,11815230963,11815230963,https://www.agro-energia.it/,,AURICA PLACET FISSO ENERGIA ALTRI USI,036983ESFFP01XXAURIC000010000012,https://auricaenergia.it/offerte-placet/,Offerta attivabile da qualsiasi canale,Domiciliazione bancaria;Domiciliazione postale;Domiciliazione su carta di credito;Bollettino precompilato,01/04/2026,30/09/2026,non domestico,prezzo fisso,238.200000,,0.500000,0.510000,0.510000,,,0.500000,,,,
AGROENERGIA S.R.L.,11815230963,11815230963,https://www.agro-energia.it/,,AURICA PLACET VARIABILE ENERGIA DOMESTICI,036983ESVFP01XXAURIC000010000011,https://auricaenergia.it/offerte-placet/,Offerta attivabile da qualsiasi canale,Domiciliazione bancaria;Domiciliazione postale;Domiciliazione su carta di credito;Bollettino precompilato,01/04/2026,30/09/2026,domestico,prezzo variabile,,118.000000,,,,,,,0.500000,,,
AGROENERGIA S.R.L.,11815230963,11815230963,https://www.agro-energia.it/,,AURICA PLACET FISSA ENERGIA DOMESTICI,036983ESFFP01XXAURIC000010000010,https://auricaenergia.it/offerte-placet/,Offerta attivabile da qualsiasi canale,Domiciliazione bancaria;Domiciliazione postale;Domiciliazione su carta di credito;Bollettino precompilato,01/04/2026,30/09/2026,domestico,prezzo fisso,118.000000,,,,,0.500000,0.510000,0.510000,,,,
AGROENERGIA S.R.L.,11815230963,11815230963,https://www.agro-energia.it/,,AURICA PLACET VARIABILE ENERGIA ALTRI USI,036983ESVFP01XXAURIC000010000013,https://auricaenergia.it/offerte-placet/,Offerta attivabile da qualsiasi canale,Domiciliazione bancaria;Domiciliazione postale;Domiciliazione su carta di credito;Bollettino precompilato,01/04/2026,30/09/2026,non domestico,prezzo variabile,,238.200000,,,,,,,0.500000,,,
AJO' ENERGIA S.R.L.,03839870924,03839870924,www.ajoenergia.it,,AJO PLACET AZIENDA VAR LUCE,030205ESVFP06XXPLACAZIENDVAR0626,https://ajoenergia.it/placet-var-azienda/,Offerta attivabile da qualsiasi canale,Domiciliazione bancaria;Bollettino precompilato,22/06/2026,26/07/2026,non domestico,prezzo variabile,,300.000000,,,,,,,0.069000,,,
AJO' ENERGIA S.R.L.,03839870924,03839870924,www.ajoenergia.it,,AJO PLACET CASA VAR LUCE,030205ESVFP06XXPLACETCASAVAR0626,https://ajoenergia.it/placet-var/,Offerta attivabile da qualsiasi canale,Domiciliazione bancaria;Bollettino precompilato,22/06/2026,26/07/2026,domestico,prezzo variabile,,300.000000,,,,,,,0.069000,,,
AJO' ENERGIA S.R.L.,03839870924,03839870924,www.ajoenergia.it,,AJO PLACET CASA FIX LUCE,030205ESFFP06XXPLACETCASAFIX0626,https://ajoenergia.it/placet-fix/,Offerta attivabile da qualsiasi canale,Domiciliazione bancaria;Bollettino precompilato,22/06/2026,26/07/2026,domestico,prezzo fisso,180.000000,,,,,0.650000,0.650000,0.650000,,,,
AJO' ENERGIA S.R.L.,03839870924,03839870924,www.ajoenergia.it,,AJO PLACET AZIENDA FIX LUCE,030205ESFFP06XXPLACAZIENDFIX0626,https://ajoenergia.it/placet-fix-azienda/,Offerta attivabile da qualsiasi canale,Domiciliazione bancaria;Bollettino precompilato,22/06/2026,26/07/2026,non domestico,prezzo fisso,360.000000,,0.650000,0.650000,0.650000,,,0.650000,,,,
ALLEANZA LUCE&GAS S.p.A. - in breve ALG S.p.A.,03386091205,03386091205,https://www.accendilucegas.it,800208468,ALG PLACET Fissa Luce domestico,023912ESFFP01XXY2607ALGPLACETFXM,https://www.accendilucegas.it/offerta-placet/luce-prezzo-fisso/,Offerta attivabile da qualsiasi canale,Domiciliazione bancaria;Bollettino precompilato;Altro,01/07/2026,31/07/2026,domestico,prezzo fisso,180.000000,,,,,0.234300,0.226600,0.231000,,,,
ALLEANZA LUCE&GAS S.p.A. - in breve ALG S.p.A.,03386091205,03386091205,https://www.accendilucegas.it,800208468,ALG PLACET Variabile Luce domestico,023912ESVFP01XXY2607ALGPLACETVRM,https://www.accendilucegas.it/offerta-placet/luce-prezzo-variabile/,Offerta attivabile da qualsiasi canale,Domiciliazione bancaria;Bollettino precompilato;Altro,01/07/2026,31/07/2026,domestico,prezzo variabile,,180.000000,,,,,,,0.110000,,,
ALPERIA SMART SERVICES SRL,01745520211,01745520211,https://www.alperia.eu,800110055,ALPERIA SMART SERVICES PLACET FISSA LUCE DOMESTICI,000368ESFFP01XX3475070X260401XVE,https://www.alperia.eu/offerta/alperia-placet-luce-fissa?partner=PO,Offerta attivabile da qualsiasi canale,Domiciliazione bancaria;Domiciliazione postale;Bollettino precompilato;Altro,11/07/2026,10/08/2026,domestico,prezzo fisso,180.000000,,,,,0.187000,0.176000,0.187000,,,,
ALPERIA SMART SERVICES SRL,01745520211,01745520211,https://www.alperia.eu,800110055,ALPERIA SMART SERVICES PLACET VARIABILE LUCE DOMESTICI,000368ESVFP01XX3575085X260408XVE,https://www.alperia.eu/offerta/alperia-placet-luce-variabile?partner=PO,Offerta attivabile da qualsiasi canale,Domiciliazione bancaria;Domiciliazione postale;Bollettino precompilato;Altro,11/07/2026,10/08/2026,domestico,prezzo variabile,,180.000000,,,,,,,0.050600,,,
ALPERIA SMART SERVICES SRL,01745520211,01745520211,https://www.alperia.eu,800110055,ALPERIA SMART SERVICES PLACET VARIABILE LUCE ALTRI USI,000368ESVFP01XX3555083X260408XVE,https://www.alperia.eu/offerta/alperia-placet-variabile-luce-altri-usi,Offerta attivabile presso punto vendita,Domiciliazione bancaria;Domiciliazione postale;Bollettino precompilato;Altro,11/07/2026,10/08/2026,non domestico,prezzo variabile,,180.000000,,,,,,,0.050600,,,
ALPERIA SMART SERVICES SRL,01745520211,01745520211,https://www.alperia.eu,800110055,ALPERIA SMART SERVICES PLACET FISSA LUCE ALTRI USI,000368ESFFP01XX3565084X260408XVE,https://www.alperia.eu/offerta/alperia-placet-fissa-luce-altri-usi,Offerta attivabile presso punto vendita,Domiciliazione bancaria;Domiciliazione postale;Bollettino precompilato;Altro,11/07/2026,10/08/2026,non domestico,prezzo fisso,180.000000,,0.184370,0.198670,0.173370,,,0.198670,,,,
ALPHASTAR,02575910415,02575910415,www.alphastar.it,0695556035,ALPHASTAR PLACET Variabile Energia Elettrica Domestico,025280ESVFP02XXPLACETVARIABILEDO,https://www.alphastar.it/it/luce,Agenzia,Domiciliazione bancaria;Domiciliazione postale;Bollettino precompilato;Altro,01/07/2026,30/09/2026,domestico,prezzo variabile,,121.800000,,,,,,,0.080000,,,
ALPHASTAR,02575910415,02575910415,www.alphastar.it,0695556035,ALPHASTAR PLACET Fissa Energia Elettrica Domestico,025280ESFFP02XXXXPLACETXFISSAXDO,https://www.alphastar.it/it/luce,Agenzia,Domiciliazione bancaria;Domiciliazione postale;Bollettino precompilato;Altro,01/07/2026,30/09/2026,domestico,prezzo fisso,121.800000,,,,,0.289000,0.269000,0.279000,,,,
ALPHASTAR,02575910415,02575910415,www.alphastar.it,0695556035,ALPHASTAR PLACET Variabile Energia Elettrica Altri usi,025280ESVFP02XXPLACETVARIABILEAU,https://www.alphastar.it/it/luce,Agenzia,Domiciliazione bancaria;Domiciliazione postale;Bollettino precompilato;Altro,01/07/2026,30/09/2026,non domestico,prezzo variabile,,241.800000,,,,,,,0.080000,,,
ALPHASTAR,02575910415,02575910415,www.alphastar.it,0695556035,ALPHASTAR PLACET Fissa Energia Elettrica Altri usi,025280ESFFP02XXXXPLACETXFISSAXAU,https://www.alphastar.it/it/luce,Agenzia,Domiciliazione bancaria;Domiciliazione postale;Bollettino precompilato;Altro,01/07/2026,30/09/2026,non domestico,prezzo fisso,241.800000,,0.289000,0.279000,0.259000,,,0.279000,,,,
AMBIENS S.R.L.,01108850866,01108850866,https://www.ambiensenergia.it/,,OFFERTA PLACET FISSA LUCE DOMESTICO,028979ESFMP01XX00000000003515115,www.ambiensenergia.it,Offerta attivabile solo da web,Domiciliazione bancaria;Domiciliazione su carta di credito;Bollettino precompilato,27/06/2026,31/12/2027,domestico,prezzo fisso,144.000000,,,,,0.286000,0.286000,0.286000,,,,
AMBIENS S.R.L.,01108850866,01108850866,https://www.ambiensenergia.it/,,OFFERTA PLACET VARIABILE LUCE BUSINESS,028979ESVMP01XX00000000003515118,www.ambiensenergia.it,Offerta attivabile solo da web,Domiciliazione bancaria;Domiciliazione su carta di credito;Bollettino precompilato,27/06/2026,31/12/2027,non domestico,prezzo variabile,,144.000000,,,,,,,0.080000,,,
AMBIENS S.R.L.,01108850866,01108850866,https://www.ambiensenergia.it/,,OFFERTA PLACET VARIABILE LUCE DOMESTICO BIORARIA,028979ESVFP01XX00000000003515120,www.ambiensenergia.it,Offerta attivabile solo da web,Domiciliazione bancaria;Domiciliazione su carta di credito;Bollettino precompilato,27/06/2026,31/12/2027,domestico,prezzo variabile,,144.000000,,,,,,,0.060000,,,
AMBIENS S.R.L.,01108850866,01108850866,https://www.ambiensenergia.it/,,OFFERTA PLACET FISSA LUCE BUSINESS BIORARIA,028979ESFFP01XX00000000003515116,www.ambiensenergia.it,Offerta attivabile solo da web,Domiciliazione bancaria;Domiciliazione su carta di credito;Bollettino precompilato,27/06/2026,31/12/2027,non domestico,prezzo fisso,144.000000,,0.319000,0.297000,0.297000,,,0.319000,,,,
AMG GAS S.R.L.,05044850823,05044850823,https://www.amg.pa.it/public/amg-portal,800773399,AMG PLACET VARIABILE LUCE - P.IVA,001534ESVMP04XXEExPLAxAUxVARxxxx,https://www.amg.pa.it/public/amg-portal/home/offerte-business/offerte-placet-business,Offerta attivabile presso punto vendita,Domiciliazione bancaria,31/03/2026,31/12/2026,non domestico,prezzo variabile,,186.000000,,,,,,,0.050000,03;09;20;01;08;14;16;05;06;15;17;18;02;04;07;19,041;068;069;056;058;059;060,
AMG GAS S.R.L.,05044850823,05044850823,https://www.amg.pa.it/public/amg-portal,800773399,AMG PLACET FISSA LUCE - P.IVA,001534ESVMP04XXEExPLAxAUxFxMxxxx,https://www.amg.pa.it/public/amg-portal/home/offerte-business/offerte-placet-business,Offerta attivabile presso punto vendita,Domiciliazione bancaria,31/03/2026,31/12/2026,non domestico,prezzo fisso,186.000000,,0.460000,0.460000,0.440000,,,0.450000,,03;09;20;01;08;14;16;05;06;15;17;18;02;04;07;19,041;068;069;056;058;059;060,
AMG GAS S.R.L.,05044850823,05044850823,https://www.amg.pa.it/public/amg-portal,800773399,AMG PLACET VARIABILE LUCE - CASA,001534ESVFP06XXEExPLAxVARxLUCExC,https://www.amg.pa.it/public/amg-portal/home/offerte/offerte-luce-casa/offerte-placet-luce-casa,Offerta attivabile da qualsiasi canale,Domiciliazione bancaria;Domiciliazione postale;Bollettino precompilato;Altro,01/04/2026,31/12/2026,domestico,prezzo variabile,,144.000000,,,,,,,0.040000,03;09;20;01;08;14;16;05;06;15;17;18;02;04;07;19,041;068;069;056;058;059;060,
AMG GAS S.R.L.,05044850823,05044850823,https://www.amg.pa.it/public/amg-portal,800773399,AMG PLACET FISSA LUCE - CASA,001534ESFFP06XXEExPLAxFxLUCExCAS,https://www.amg.pa.it/public/amg-portal/home/offerte/offerte-luce-casa/offerte-placet-luce-casa,Offerta attivabile da qualsiasi canale,Domiciliazione bancaria;Domiciliazione postale;Bollettino precompilato;Altro,01/04/2026,31/12/2026,domestico,prezzo fisso,144.000000,,,,,0.400000,0.385000,0.395000,,03;09;20;01;08;14;16;05;06;15;17;18;02;04;07;19,041;068;069;056;058;059;060,
AMGAS s.r.l.,06024230721,06024230721,www.amgasbarisrl.it,0809750111,Amgasrl Placet Fissa Ele Non Domestici Altri Usi,000867ESFFP01XXPLACETFIXNDOM0526,https://www.amgasbarisrl.com/offerte-commerciali/?contratto=4,Offerta attivabile presso punto vendita,Domiciliazione bancaria;Domiciliazione postale;Domiciliazione su carta di credito;Bollettino precompilato;Altro,07/07/2026,30/09/2026,non domestico,prezzo fisso,280.000000,,0.550000,0.550000,0.550000,,,0.550000,,16,,
AMGAS s.r.l.,06024230721,06024230721,www.amgasbarisrl.it,0809750111,Amgasrl Placet Variabile Ele Non Domestici Altri Usi,000867ESVFP01XXPLACETVARNDOM0526,https://www.amgasbarisrl.com/offerte-commerciali/?contratto=4,Offerta attivabile presso punto vendita,Domiciliazione bancaria;Domiciliazione postale;Domiciliazione su carta di credito;Bollettino precompilato;Altro,07/07/2026,30/09/2026,non domestico,prezzo variabile,,280.000000,,,,,,,0.350000,16,,
AMGAS s.r.l.,06024230721,06024230721,www.amgasbarisrl.it,0809750111,Amgasrl Placet Fissa Ele Domestici Casa,000867ESFFP01XXPLACETFIXCASA0526,https://www.amgasbarisrl.com/offerte-commerciali/?contratto=4,Offerta attivabile presso punto vendita,Domiciliazione bancaria;Domiciliazione postale;Domiciliazione su carta di credito;Bollettino precompilato;Altro,07/07/2026,30/09/2026,domestico,prezzo fisso,240.000000,,,,,0.550000,0.550000,0.550000,,16,,
AMGAS s.r.l.,06024230721,06024230721,www.amgasbarisrl.it,0809750111,Amgasrl Placet Variabile Ele Domestici Casa,000867ESVFP01XXPLACETVARCASA0526,https://www.amgasbarisrl.com/offerte-commerciali/?contratto=4,Offerta attivabile presso punto vendita,Domiciliazione bancaria;Domiciliazione postale;Domiciliazione su carta di credito;Bollettino precompilato;Altro,07/07/2026,30/09/2026,domestico,prezzo variabile,,240.000000,,,,,,,0.350000,16,,
APE SRL,03288990710,03288990710,https://www.ape-energia.it/,,APE PLACET FISSA LUCE DOMESTICI,000432ESFFP01XXAPEPLACETL2026V01,https://www.ape-energia.it/offerte-luce-2/,Offerta attivabile da qualsiasi canale,Bollettino precompilato,02/07/2026,31/12/2026,domestico,prezzo fisso,144.000000,,,,,0.727200,0.636300,0.681800,,,,
APE SRL,03288990710,03288990710,https://www.ape-energia.it/,,APE PLACET VARIABILE DOMESTICI,000432ESVMP01XXAPEPLACETV2026V01,https://www.ape-energia.it/offerte-luce-2/,Offerta attivabile da qualsiasi canale,Bollettino precompilato,02/07/2026,31/12/2026,domestico,prezzo variabile,,144.000000,,,,,,,0.054500,,,
APE SRL,03288990710,03288990710,https://www.ape-energia.it/,,APE PLACET VARIABILE NON DOMESTICI,000432ESVMP01XXAPEPLACENV2026V01,https://www.ape-energia.it/offerte-luce-2/,Offerta attivabile da qualsiasi canale,Bollettino precompilato,02/07/2026,31/12/2026,non domestico,prezzo variabile,,192.000000,,,,,,,0.054500,,,
APE SRL,03288990710,03288990710,https://www.ape-energia.it/,,APE PLACET FISSA LUCE NON DOMESTICI,000432ESFFP01XXAPEPLACETN2026V01,https://www.ape-energia.it/offerte-luce-2/,Offerta attivabile da qualsiasi canale,Bollettino precompilato,02/07/2026,31/12/2026,non domestico,prezzo fisso,192.000000,,0.727200,0.681800,0.636300,,,0.681800,,,,
ARIA ENERGIA SRL,04451910246,04451910246,https://www.ariaenergia.com/,,ENERGIA FIX PLACET CASA,041342ESFFP01XX0426EEPLACETFIXCA,https://www.ariaenergia.com/,Offerta attivabile da qualsiasi canale,Domiciliazione bancaria;Domiciliazione postale;Domiciliazione su carta di credito;Altro,15/05/2026,01/04/2027,domestico,prezzo fisso,240.000000,,0.500000,0.500000,0.500000,0.500000,0.500000,0.500000,,,,
ARIA ENERGIA SRL,04451910246,04451910246,https://www.ariaenergia.com/,,ENERGIA FIX PLACET BUSINESS,041342ESFFP01XX0426EEPLACETFIXBU,https://www.ariaenergia.com/,Offerta attivabile da qualsiasi canale,Domiciliazione bancaria;Domiciliazione postale;Domiciliazione su carta di credito;Altro,15/05/2026,01/04/2027,non domestico,prezzo fisso,240.000000,,0.500000,0.500000,0.500000,,,0.500000,,,,
ARIA ENERGIA SRL,04451910246,04451910246,https://www.ariaenergia.com/,,ENERGIA PLACET CASA,041342ESVFP01XX0426EEPLACETVARCA,https://www.ariaenergia.com/,Offerta attivabile da qualsiasi canale,Domiciliazione bancaria;Domiciliazione postale;Domiciliazione su carta di credito;Altro,15/05/2026,01/04/2027,domestico,prezzo variabile,,240.000000,,,,,,,0.050000,,,
ASM SERVIZI ENERGETICI E TECNOLOGICI S.R.L.,01211050297,01211050297,www.asmset.ro.it,800100309,ASMSET Placet Variabile Luce Lavoro,000502ESVFP01XXATPVLI11062603000,https://www.asmset.ro.it/le-altre-offerte-disponibili,Offerta attivabile da qualsiasi canale,Domiciliazione bancaria;Domiciliazione postale;Domiciliazione su carta di credito;Bollettino precompilato;Altro,11/06/2026,28/07/2026,non domestico,prezzo variabile,,144.000000,,,,,,,0.075000,,029;038;027,023020;020061;020029;020061;028097;028098;028102;024085;028002;028004;028006;028008;028010;028011;028012;028029;028037;028043;028049;028107;028055;028061;028062;028070;028107;028107;028083;028084;028087;028088;028094;028107
ASM SERVIZI ENERGETICI E TECNOLOGICI S.R.L.,01211050297,01211050297,www.asmset.ro.it,800100309,ASMSET Placet Fissa Luce Casa,000502ESFFP01XXATPFLC11062602000,https://www.asmset.ro.it/le-altre-offerte-disponibili,Offerta attivabile da qualsiasi canale,Domiciliazione bancaria;Domiciliazione postale;Domiciliazione su carta di credito;Bollettino precompilato;Altro,11/06/2026,28/07/2026,domestico,prezzo fisso,144.000000,,,,,0.300000,0.250000,0.265000,,,029;038;027,020061;020029;020061;028097;028098;028102;028002;028004;028006;028008;028010;028011;028012;028029;028037;028043;028049;028107;028055;028061;028062;028070;028107;028107;028083;028084;028087;028088;028094;028107;024085;023020
ASM SERVIZI ENERGETICI E TECNOLOGICI S.R.L.,01211050297,01211050297,www.asmset.ro.it,800100309,ASMSET Placet Fissa Luce Lavoro,000502ESFFP01XXATPFLI11062603000,https://www.asmset.ro.it/le-altre-offerte-disponibili,Offerta attivabile da qualsiasi canale,Domiciliazione bancaria;Domiciliazione postale;Domiciliazione su carta di credito;Bollettino precompilato;Altro,11/06/2026,28/07/2026,non domestico,prezzo fisso,144.000000,,0.278500,0.268500,0.231000,,,0.254000,,,029;038;027,023020;020061;020029;020061;028097;028098;028102;024085;028002;028004;028006;028008;028010;028011;028012;028029;028037;028043;028049;028107;028055;028061;028062;028070;028107;028107;028083;028084;028087;028088;028094;028107
ASM SERVIZI ENERGETICI E TECNOLOGICI S.R.L.,01211050297,01211050297,www.asmset.ro.it,800100309,ASMSET Placet Variabile Luce Casa,000502ESVFP01XXATPVLC11062602000,https://www.asmset.ro.it/offerta/placet-variabile-luce-casa,Offerta attivabile da qualsiasi canale,Domiciliazione bancaria;Domiciliazione postale;Domiciliazione su carta di credito;Bollettino precompilato;Altro,11/06/2026,28/07/2026,domestico,prezzo variabile,,144.000000,,,,,,,0.070000,,029;038;027,028043;028049;028107;028055;028061;028062;028070;028107;028107;028083;028084;028087;028088;028094;028107;023020;020061;020029;020061;028097;028098;028102;024085;028002;028004;028006;028008;028010;028011;028012;028029;028037
ASPM ENERGIA S.R.L.,01275310199,01275310199,www.aspmenergia.com,,PLACET LUCE BUSINESS Fisso,000901ESFFP01XXPXPFIB038X2607PFI,www.aspmenergia.com/offerta-luce-gas-2/,Offerta attivabile da qualsiasi canale,Domiciliazione bancaria;Bollettino precompilato,11/07/2026,10/08/2026,non domestico,prezzo fisso,280.000000,,0.280000,0.280000,0.280000,,,0.280000,,,,
ASPM ENERGIA S.R.L.,01275310199,01275310199,www.aspmenergia.com,,PLACET LUCE DOMESTICO Variabile,000901ESVFP01XXPXPFID038X2607PUM,www.aspmenergia.com/offerta-luce-gas-2/,Offerta attivabile da qualsiasi canale,Domiciliazione bancaria;Bollettino precompilato,11/07/2026,10/08/2026,domestico,prezzo variabile,,280.000000,,,,,,,0.028000,,,
ASPM ENERGIA S.R.L.,01275310199,01275310199,www.aspmenergia.com,,PLACET LUCE BUSINESS Variabile,000901ESVFP01XXPXPFIB038X2607PUM,www.aspmenergia.com/offerta-luce-gas-2/,Offerta attivabile da qualsiasi canale,Domiciliazione bancaria;Bollettino precompilato,11/07/2026,10/08/2026,non domestico,prezzo variabile,,280.000000,,,,,,,0.028000,,,
ASPM ENERGIA S.R.L.,01275310199,01275310199,www.aspmenergia.com,,PLACET LUCE DOMESTICO Fisso,000901ESFFP01XXPXPFID038X2607PFI,www.aspmenergia.com/offerta-luce-gas-2/,Offerta attivabile da qualsiasi canale,Domiciliazione bancaria;Bollettino precompilato,11/07/2026,10/08/2026,domestico,prezzo fisso,280.000000,,0.280000,0.280000,0.280000,0.280000,0.280000,0.280000,,,,
ASTEA ENERGIA SPA,02078510423,02078510423,https://www.asteaenergia.it/,0734228154,ASTEA ENERGIA SPA ASTEA ENERGIA SPA PLACET FISSA LUCE D,001046ESFMP01XXPLFE1A01251250109,www.asteaenergia.it/luce-gas/,Offerta attivabile solo da web;Offerta attivabile da qualsiasi canale;Offerta attivabile presso punto vendita;Teleselling;Agenzia,Domiciliazione bancaria;Domiciliazione postale;Domiciliazione su carta di credito;Bollettino precompilato;Altro,13/04/2026,31/10/2026,domestico,prezzo fisso,144.000000,,,,,0.550000,0.500000,0.530000,,13;14;16;05;12;15;17;18;11,,
ASTEA ENERGIA SPA,02078510423,02078510423,https://www.asteaenergia.it/,0734228154,ASTEA ENERGIA SPA ASTEA ENERGIA SPA PLACET VARIABILE LU,001046ESVFP01XXPLVE1A01251250109,www.asteaenergia.it/luce-gas/,Offerta attivabile solo da web;Offerta attivabile da qualsiasi canale;Offerta attivabile presso punto vendita;Teleselling;Agenzia,Domiciliazione bancaria;Domiciliazione postale;Domiciliazione su carta di credito;Bollettino precompilato;Altro,13/04/2026,31/10/2026,domestico,prezzo variabile,,144.000000,,,,,,,0.080000,13;14;16;05;12;15;17;18;11,,
ASTEA ENERGIA SPA,02078510423,02078510423,https://www.asteaenergia.it/,0734228154,ASTEA ENERGIA SPA ASTEA ENERGIA SPA PLACET VARIABILE LU,001046ESVFP01XXPLVE0A01251250109,www.asteaenergia.it/luce-gas/,Offerta attivabile solo da web;Offerta attivabile da qualsiasi canale;Offerta attivabile presso punto vendita;Teleselling;Agenzia,Domiciliazione bancaria;Domiciliazione postale;Domiciliazione su carta di credito;Bollettino precompilato;Altro,13/04/2026,31/10/2026,non domestico,prezzo variabile,,180.000000,,,,,,,0.080000,,,
ASTEA ENERGIA SPA,02078510423,02078510423,https://www.asteaenergia.it/,0734228154,ASTEA ENERGIA SPA ASTEA ENERGIA SPA PLACET FISSA LUCE B,001046ESFFP01XXPLFE20A1251250109,www.asteaenergia.it/luce-gas/,Offerta attivabile solo da web;Offerta attivabile da qualsiasi canale;Offerta attivabile presso punto vendita;Teleselling;Agenzia,Domiciliazione bancaria;Domiciliazione postale;Domiciliazione su carta di credito;Bollettino precompilato;Altro,13/04/2026,31/10/2026,non domestico,prezzo fisso,180.000000,,0.550000,0.520000,0.480000,,,0.530000,,,,
ASTI ENERGY S.R.L.,09533760964,09533760964,https://aenergy.it/,,Asti Energy Placet Fissa EE Altri Usi,025389ESFFP01XX000000AEBBFFACP26,https://aenergy.it/,Offerta attivabile presso punto vendita,Domiciliazione bancaria;Domiciliazione postale,02/07/2026,30/09/2026,non domestico,prezzo fisso,204.000000,,0.400000,0.350000,0.320000,,,0.350000,,,,
ASTI ENERGY S.R.L.,09533760964,09533760964,https://aenergy.it/,,Asti Energy Placet Variabile EE Domestico,025389ESVFP01XX000000AECDPFACP26,https://aenergy.it/,Offerta attivabile presso punto vendita,Domiciliazione bancaria;Domiciliazione postale,02/07/2026,30/09/2026,domestico,prezzo variabile,,144.000000,,,,,,,0.162000,,,
ASTI ENERGY S.R.L.,09533760964,09533760964,https://aenergy.it/,,Asti Energy Placet Fissa EE Domestici,025389ESFFP01XX000000AECDFBACP26,https://aenergy.it/,Offerta attivabile presso punto vendita,Domiciliazione bancaria;Domiciliazione postale,02/07/2026,30/09/2026,domestico,prezzo fisso,144.000000,,,,,0.400000,0.350000,0.400000,,,,
ASTI ENERGY S.R.L.,09533760964,09533760964,https://aenergy.it/,,Asti Energy Placet Variabile EE Altri Usi,025389ESVFP01XX000000AEBBPFACP26,https://aenergy.it/,Offerta attivabile presso punto vendita,Domiciliazione bancaria;Domiciliazione postale,02/07/2026,30/09/2026,non domestico,prezzo variabile,,204.000000,,,,,,,0.159000,,,
ATENA TRADING SRL,02064090026,02064090026,www.atenalucegas.it,,ATENA TRADING SRL ATENA PLACET FISSA ENERGIA ELETTRICA,000567ESFFP37XX000AEAUPEAF270112,https://www.atenalucegas.it/imprese/offerte-luce/atena-placet-fissa-energia-elettrica-non-domestica,Offerta attivabile presso punto vendita,Domiciliazione bancaria;Domiciliazione postale,10/07/2026,12/01/2027,non domestico,prezzo fisso,180.000000,,0.433400,0.419100,0.400400,,,0.419100,,,,
ATENA TRADING SRL,02064090026,02064090026,www.atenalucegas.it,,ATENA TRADING SRL ATENA PLACET VARIABILE ENERGIA ELETTR,000567ESFFP36XX000AEAUPEAV271012,https://www.atenalucegas.it/imprese/offerte-luce/atena-placet-variabile-energia-elettrica-non-domest,Offerta attivabile presso punto vendita,Domiciliazione bancaria;Domiciliazione postale,10/07/2026,12/01/2027,non domestico,prezzo variabile,,180.000000,,,,,,,0.097000,,,
ATENA TRADING SRL,02064090026,02064090026,www.atenalucegas.it,,ATENA PLACET FISSA ENERGIA ELETTRICA DOMESTICA,000567ESFFP15XX000AEDOPEDF260331,https://www.atenalucegas.it/Offerte/Casa/Atena-Placet-Luce-Casa-prezzo-fisso.html,Offerta attivabile solo da web,Domiciliazione bancaria;Domiciliazione postale;Bollettino precompilato,13/04/2026,12/10/2026,domestico,prezzo fisso,156.000000,,,,,0.370000,0.355000,0.362000,,,,
ATENA TRADING SRL,02064090026,02064090026,www.atenalucegas.it,,ATENA PLACET VARIABILE ENERGIA ELETTRICA DOMESTICA,000567ESVFP15XX0000AEDOPEV260331,https://www.atenalucegas.it/Offerte/Casa/Atena-Placet-Luce-Casa-prezzo-variabile.html,Offerta attivabile solo da web,Domiciliazione bancaria;Domiciliazione postale;Bollettino precompilato,13/04/2026,12/10/2026,domestico,prezzo variabile,,156.000000,,,,,,,0.091300,,,
ATERNO GAS & POWER S.R.L.,01872450661,01872450661,www.aternogaspower.com,800978406,EG PLACET VARIABILE Energia Elettrica Uso Domestico,020034ESVFP01XXART12153202403RCO,https://www.aternogaspower.com/,Offerta attivabile presso punto vendita,Domiciliazione bancaria,25/02/2026,31/12/2026,domestico,prezzo variabile,,180.000000,,,,,,,0.300000,,,
ATERNO GAS & POWER S.R.L.,01872450661,01872450661,www.aternogaspower.com,800978406,EG PLACET FISSA Energia Elettrica Uso Domestico,020034ESFFP01XXART12153202403RCO,https://www.aternogaspower.com/,Offerta attivabile presso punto vendita,Domiciliazione bancaria,25/02/2026,31/12/2026,domestico,prezzo fisso,180.000000,,,,,0.350000,0.350000,0.350000,,,,
ATERNO GAS & POWER S.R.L.,01872450661,01872450661,www.aternogaspower.com,800978406,EG PLACET FISSA Energia Elettrica Altri Usi,020034ESFFP01XXART12153202404RCO,https://www.aternogaspower.com/,Offerta attivabile presso punto vendita,Domiciliazione bancaria,25/02/2026,31/12/2026,non domestico,prezzo fisso,360.000000,,0.350000,0.350000,0.350000,,,0.350000,,,,
ATERNO GAS & POWER S.R.L.,01872450661,01872450661,www.aternogaspower.com,800978406,EG PLACET VARIABILE Energia Elettrica Altri Usi,020034ESVFP01XXART12153202404RCO,https://www.aternogaspower.com/,Offerta attivabile presso punto vendita,Domiciliazione bancaria,25/02/2026,31/12/2026,non domestico,prezzo variabile,,360.000000,,,,,,,0.300000,,,
ATS Power srl,03747180713,03747180713,http://www.atspower.it/,,ATSPLACETPUNELEDOMESTICI,021729ESVMP01XXATSMONORARIA00001,https://www.atspower.it/documenti/luce/placet/pun/Contratto.pdf,Offerta attivabile da qualsiasi canale,Domiciliazione bancaria;Domiciliazione postale;Bollettino precompilato;Altro,08/07/2025,31/12/2099,domestico,prezzo variabile,,150.000000,0.094170,0.094170,0.094170,0.094170,0.094170,0.094170,0.350000,,,
ATS Power srl,03747180713,03747180713,http://www.atspower.it/,,ATSPLACETFISSOELEDOMESTICI,021729ESFMP01XXATSMONORARIA00001,https://www.atspower.it/documenti/luce/placet/fisso/Contratto.pdf,Offerta attivabile da qualsiasi canale,Domiciliazione bancaria;Domiciliazione postale;Bollettino precompilato;Altro,08/07/2025,31/12/2099,domestico,prezzo fisso,150.000000,,0.250000,0.250000,0.250000,0.250000,0.250000,0.250000,,,,
ATS Power srl,03747180713,03747180713,http://www.atspower.it/,,PLACET FISSA LUCE NON DOMESTICI,021729ESFMP01XXPLACEFISSAEENON01,arera.it/consumatori/valori-trasporto-oneri-generali-nondomestici-ee,Offerta attivabile da qualsiasi canale,Domiciliazione bancaria;Domiciliazione su carta di credito;Bollettino precompilato,09/07/2026,31/12/2099,non domestico,prezzo fisso,300.000000,,0.825000,0.825000,0.825000,,,0.825000,,,,
ATS Power srl,03747180713,03747180713,http://www.atspower.it/,,PLACET VARIABILE LUCE NON DOMESTICI,021729ESVOP01XXPLACEVARIAEENO001,arera.it/consumatori/valori-trasporto-oneri-generali-nondomestici-ee,Offerta attivabile da qualsiasi canale,Domiciliazione bancaria;Domiciliazione su carta di credito;Bollettino precompilato,09/07/2026,31/12/2099,non domestico,prezzo variabile,,300.000000,,,,,,,0.110000,,,
ATTIVA PIU' S.R.L.,15483381008,15483381008,www.attivapiu.it,,Attiva Piu' PLACET fissa Luce altri usi,030383ESFFP01XX00000000PLACET001,www.attivapiu.it/luce-e-gas,Offerta attivabile solo da web;Offerta attivabile presso punto vendita;Agenzia,Domiciliazione bancaria;Domiciliazione postale,03/09/2025,31/07/2026,non domestico,prezzo fisso,240.000000,,0.240000,0.240000,0.240000,,,0.260000,,,,
ATTIVA PIU' S.R.L.,15483381008,15483381008,www.attivapiu.it,,Attiva Piu' PLACET fissa Luce domestico,030383ESFFP01XX00000000PLACET002,www.attivapiu.it/luce-e-gas,Offerta attivabile solo da web;Offerta attivabile presso punto vendita;Agenzia,Domiciliazione bancaria;Domiciliazione postale,03/09/2025,31/07/2026,domestico,prezzo fisso,180.000000,,,,,0.200000,0.200000,0.220000,,,,
ATTIVA PIU' S.R.L.,15483381008,15483381008,www.attivapiu.it,,Attiva Piu' PLACET variabile Luce domestico,030383ESVFP01XX00000000PLACET004,www.attivapiu.it/luce-e-gas,Offerta attivabile solo da web;Offerta attivabile presso punto vendita;Agenzia,Domiciliazione bancaria;Domiciliazione postale,03/09/2025,31/07/2026,domestico,prezzo variabile,,180.000000,,,,,,,0.022000,,,
ATTIVA PIU' S.R.L.,15483381008,15483381008,www.attivapiu.it,,Attiva Piu' PLACET variabile Luce altri usi,030383ESVFP01XX00000000PLACET003,www.attivapiu.it/luce-e-gas,Offerta attivabile solo da web;Offerta attivabile presso punto vendita;Agenzia,Domiciliazione bancaria;Domiciliazione postale,03/09/2025,31/07/2026,non domestico,prezzo variabile,,240.000000,,,,,,,0.022000,,,
AUDAX ENERGÍA,10027190015,10027190015,www.audaxrenewables.it.,,Audax Placet Fissa Cliente Domestico,003332ESFFP01XXEDSFDAXXF26121XNX,www.audaxrenewables.it.,Offerta attivabile da qualsiasi canale,Domiciliazione bancaria,30/03/2026,31/12/2026,domestico,prezzo fisso,216.240000,,0.399870,0.401540,0.401540,0.399870,0.401540,0.373230,,,,
AUDAX ENERGÍA,10027190015,10027190015,www.audaxrenewables.it.,,Audax Placet Variabile Cliente Domestico,003332ESVOP01XXEDSIDAXXO26121SNX,www.audaxrenewables.it.,Offerta attivabile da qualsiasi canale,Domiciliazione bancaria,30/03/2026,31/12/2026,domestico,prezzo variabile,,216.240000,,,,,,,0.050000,,,
AUDAX ENERGÍA,10027190015,10027190015,www.audaxrenewables.it.,,Audax Placet Variabile Cliente Non Domestico,003332ESVOP01XXEBSIDAXAO26121SNX,www.audaxrenewables.it,Offerta attivabile da qualsiasi canale,Domiciliazione bancaria,30/03/2026,31/12/2026,non domestico,prezzo variabile,,282.600000,,,,,,,0.050000,,,
AUDAX ENERGÍA,10027190015,10027190015,www.audaxrenewables.it.,,Audax Placet Variabile Cliente Non Domestico,003332ESFFP01XXEBSFDAXAF26121XNX,www.audaxrenewables.it,Offerta attivabile da qualsiasi canale,Domiciliazione bancaria,30/03/2026,31/12/2026,non domestico,prezzo fisso,282.600000,,0.399870,0.401540,0.401540,0.399870,0.401540,0.373230,,,,
AURORAENERGIA S.R.L.,04624210268,04624210268,http://www.auroralucegas.it,,PLACET PER LA TUA AZIENDA,037128ESVFP01XXPL209670941971600,,Offerta attivabile solo da web,Domiciliazione bancaria;Domiciliazione postale;Bollettino precompilato,30/06/2023,31/12/2050,non domestico,prezzo variabile,,480.000000,,,,,,,0.070000,,,
AURORAENERGIA S.R.L.,04624210268,04624210268,http://www.auroralucegas.it,,PLACET PER LA TUA CASA,037128ESVFP01XXPL209675566181900,,Offerta attivabile solo da web,Domiciliazione bancaria;Domiciliazione postale;Bollettino precompilato,30/06/2023,31/12/2050,domestico,prezzo variabile,,360.000000,,,,,,,0.070000,,,
Abaco Energia S.r.l.,04913370260,04913370260,https://abacoenergia.it,04221833032,Trendy Casa PLACET,027132ESVFP01XXTrendyCasaPLACETY,,Offerta attivabile da qualsiasi canale,Domiciliazione bancaria,08/01/2026,31/12/2026,domestico,prezzo variabile,,192.000000,,,,,,,0.050000,,,
Acea Energia Spa,07305361003,07305361003,www.aceaenergia.it,0657991,Acea Energia PLACET Fissa Luce Domestico,000774ESFFP01XXRT4E4027860000000,https://www.aceaenergia.it/offerte-casa/acea-energia-placet-fissa-luce-domestico#luce,Offerta attivabile solo da web;Offerta attivabile presso punto vendita;Teleselling,Domiciliazione bancaria;Domiciliazione postale;Bollettino precompilato;Altro,04/06/2026,30/09/2026,domestico,prezzo fisso,144.000000,,,,,0.264800,0.263500,0.264000,,,,
Acea Energia Spa,07305361003,07305361003,www.aceaenergia.it,0657991,Acea Energia PLACET Variabile Luce Altri Usi,000774ESVFP01XXRT3E4027970000000,https://www.aceaenergia.it/offerte-business/acea-energia-placet-variabile-luce-altri-usi#luce,Offerta attivabile solo da web;Offerta attivabile presso punto vendita;Teleselling,Domiciliazione bancaria;Domiciliazione postale;Bollettino precompilato;Altro,04/06/2026,30/09/2026,non domestico,prezzo variabile,,216.000000,,,,,,,0.040000,,,
Acea Energia Spa,07305361003,07305361003,www.aceaenergia.it,0657991,Acea Energia PLACET Fissa Luce Altri Usi,000774ESFFP01XXRT3E4027870000000,https://www.aceaenergia.it/offerte-business/acea-energia-placet-fissa-luce-altri-usi#luce,Offerta attivabile solo da web;Offerta attivabile presso punto vendita;Teleselling,Domiciliazione bancaria;Domiciliazione postale;Bollettino precompilato;Altro,04/06/2026,30/09/2026,non domestico,prezzo fisso,216.000000,,0.254100,0.263600,0.243300,,,0.253000,,,,
Acea Energia Spa,07305361003,07305361003,www.aceaenergia.it,0657991,Acea Energia PLACET Variabile Luce Domestico,000774ESVFP01XXRT4E4027850000000,https://www.aceaenergia.it/offerte-casa/acea-energia-placet-variabile-luce-domestico#luce,Offerta attivabile solo da web;Offerta attivabile presso punto vendita;Teleselling,Domiciliazione bancaria;Domiciliazione postale;Bollettino precompilato;Altro,04/06/2026,30/09/2026,domestico,prezzo variabile,,144.000000,,,,,,,0.040000,,,
Acinque Energia S.r.l.,03773040138,03773040138,www.acinque.it,800822034,Acinque PLACET Variabile Energia Elettrica Altri usi,027895ESVFP38XXXXXXXEEAUPLACETVR,https://acinque.it/luce-gas-e-servizi/casa/offerte/offerte-placet.html,Offerta attivabile presso punto vendita,Domiciliazione bancaria;Domiciliazione postale;Bollettino precompilato,15/07/2026,06/08/2026,non domestico,prezzo variabile,,300.000000,,,,,,,0.990000,,012;014;026;027;013;108;030;097;093,
Acinque Energia S.r.l.,03773040138,03773040138,www.acinque.it,800822034,Acinque PLACET Fissa Energia Elettrica Altri usi,027895ESFFP38XXXXXXXEEAUPLACETFX,https://acinque.it/luce-gas-e-servizi/casa/offerte/offerte-placet.html,Offerta attivabile presso punto vendita,Domiciliazione bancaria;Domiciliazione postale;Bollettino precompilato,15/07/2026,06/08/2026,non domestico,prezzo fisso,300.000000,,0.990000,0.990000,0.990000,,,0.990000,,,012;014;026;027;013;108;030;097;093,
Acinque Energia S.r.l.,03773040138,03773040138,www.acinque.it,800822034,Acinque PLACET Fissa Energia Elettrica Domestico,027895ESFFP38XXXXXXXEEDMPLACETFX,https://acinque.it/luce-gas-e-servizi/casa/offerte/offerte-placet.html,Offerta attivabile presso punto vendita,Domiciliazione bancaria;Domiciliazione postale;Bollettino precompilato,15/07/2026,06/08/2026,domestico,prezzo fisso,200.000000,,,,,0.990000,0.990000,0.990000,,,012;014;026;027;013;108;030;097;093,
Acinque Energia S.r.l.,03773040138,03773040138,www.acinque.it,800822034,Acinque PLACET Variabile Energia Elettrica Domestico,027895ESVFP38XXXXXXXEEDMPLACETVR,https://acinque.it/luce-gas-e-servizi/casa/offerte/offerte-placet.html,Offerta attivabile presso punto vendita,Domiciliazione bancaria;Domiciliazione postale;Bollettino precompilato,15/07/2026,06/08/2026,domestico,prezzo variabile,,200.000000,,,,,,,0.990000,,012;014;026;027;013;108;030;097;093,
Alperia BWC Energy Srl,03308610215,03308610215,https://www.alperia.eu,,ALPERIA SMART SERVICES PLACET VARIABILE LUCE DOMESTICO,044179ESVFP01XX3505071X260511XVE,https://www.alperia.eu/offerta/alperia-placet-luce-variabile?partner=PO,Offerta attivabile da qualsiasi canale,Domiciliazione bancaria;Domiciliazione postale;Bollettino precompilato;Altro,11/07/2026,10/08/2026,domestico,prezzo variabile,,180.000000,,,,,,,0.050600,,,
Alperia BWC Energy Srl,03308610215,03308610215,https://www.alperia.eu,,ALPERIA SMART SERVICES PLACET FISSA LUCE ALTRI USI,044179ESFFP01XX3485073X260511XVE,https://www.alperia.eu/offerta/alperia-placet-luce-fissa?partner=PO,Offerta attivabile presso punto vendita,Domiciliazione bancaria;Domiciliazione postale;Bollettino precompilato;Altro,11/07/2026,10/08/2026,non domestico,prezzo fisso,180.000000,,0.184370,0.198670,0.173370,,,0.198670,,,,
Alperia BWC Energy Srl,03308610215,03308610215,https://www.alperia.eu,,ALPERIA SMART SERVICES PLACET VARIABILE LUCE ALTRI USI,044179ESVFP01XX3495072X260511XVE,https://www.alperia.eu/offerta/alperia-placet-luce-variabile?partner=PO,Offerta attivabile presso punto vendita,Domiciliazione bancaria;Domiciliazione postale;Bollettino precompilato;Altro,11/07/2026,10/08/2026,non domestico,prezzo variabile,,180.000000,,,,,,,0.050600,,,
Alperia BWC Energy Srl,03308610215,03308610215,https://www.alperia.eu,,ALPERIA SMART SERVICES PLACET FISSA LUCE DOMESTICO,044179ESFFP01XX3475070X260511XVE,https://www.alperia.eu/offerta/alperia-placet-luce-fissa?partner=PO,Offerta attivabile da qualsiasi canale,Domiciliazione bancaria;Domiciliazione postale;Bollettino precompilato;Altro,11/07/2026,10/08/2026,domestico,prezzo fisso,180.000000,,,,,0.187000,0.176000,0.187000,,,,
Alperia FELIX Energy Srl,03323560213,03323560213,https://www.alperia.eu,,ALPERIA SMART SERVICES PLACET FISSA LUCE DOMESTICO,045427ESFFP01XX3475070X260511XVE,https://www.alperia.eu/offerta/alperia-placet-luce-fissa?partner=PO,Offerta attivabile da qualsiasi canale,Domiciliazione bancaria;Domiciliazione postale;Bollettino precompilato;Altro,11/07/2026,10/08/2026,domestico,prezzo fisso,180.000000,,,,,0.187000,0.176000,0.187000,,,,
Alperia FELIX Energy Srl,03323560213,03323560213,https://www.alperia.eu,,ALPERIA SMART SERVICES PLACET FISSA LUCE ALTRI USI,045427ESFFP01XX3485073X260511XVE,https://www.alperia.eu/offerta/alperia-placet-luce-fissa?partner=PO,Offerta attivabile presso punto vendita,Domiciliazione bancaria;Domiciliazione postale;Bollettino precompilato;Altro,11/07/2026,10/08/2026,non domestico,prezzo fisso,180.000000,,0.184370,0.198670,0.173370,,,0.198670,,,,
Alperia FELIX Energy Srl,03323560213,03323560213,https://www.alperia.eu,,ALPERIA SMART SERVICES PLACET VARIABILE LUCE ALTRI USI,045427ESVFP01XX3495072X260511XVE,https://www.alperia.eu/offerta/alperia-placet-luce-variabile?partner=PO,Offerta attivabile presso punto vendita,Domiciliazione bancaria;Domiciliazione postale;Bollettino precompilato;Altro,11/07/2026,10/08/2026,non domestico,prezzo variabile,,180.000000,,,,,,,0.050600,,,
Alperia FELIX Energy Srl,03323560213,03323560213,https://www.alperia.eu,,ALPERIA SMART SERVICES PLACET VARIABILE LUCE DOMESTICO,045427ESVFP01XX3505071X260511XVE,https://www.alperia.eu/offerta/alperia-placet-luce-variabile?partner=PO,Offerta attivabile da qualsiasi canale,Domiciliazione bancaria;Domiciliazione postale;Bollettino precompilato;Altro,11/07/2026,10/08/2026,domestico,prezzo variabile,,180.000000,,,,,,,0.050600,,,
Amperis Energia S.P.A.,02920280811,02920280811,www.amperis.it,,PLACETFISSABUS,043753ESFFP01XXPFB00000000000000,www.amperis.it,Offerta attivabile da qualsiasi canale,Domiciliazione bancaria;Domiciliazione postale;Domiciliazione su carta di credito;Bollettino precompilato,04/02/2026,31/12/2026,non domestico,prezzo fisso,250.000000,,0.330700,0.330700,0.313800,,,0.325100,,,,
Amperis Energia S.P.A.,02920280811,02920280811,www.amperis.it,,PLACETVARIABILEDOM,043753ESVOP01XXPVD00000000000000,www.amperis.it,Offerta attivabile da qualsiasi canale,Domiciliazione bancaria;Domiciliazione postale;Domiciliazione su carta di credito;Bollettino precompilato,04/02/2026,31/12/2026,domestico,prezzo variabile,,144.000000,,,,,,,0.075000,,,
Amperis Energia S.P.A.,02920280811,02920280811,www.amperis.it,,PLACETFISSADOM,043753ESFFP01XXPFD00000000000000,www.amperis.it,Offerta attivabile da qualsiasi canale,Domiciliazione bancaria;Domiciliazione postale;Domiciliazione su carta di credito;Bollettino precompilato,04/02/2026,31/12/2026,domestico,prezzo fisso,144.000000,,,,,0.205400,0.201100,0.202700,,,,
Amperis Energia S.P.A.,02920280811,02920280811,www.amperis.it,,PLACETVARIABILEBUS,043753ESVOP01XXPVB00000000000000,www.amperis.it,Offerta attivabile da qualsiasi canale,Domiciliazione bancaria;Domiciliazione postale;Domiciliazione su carta di credito;Bollettino precompilato,04/02/2026,31/12/2026,non domestico,prezzo variabile,,250.000000,,,,,,,0.075000,,,
Asec Trade Srl,03973800877,03973800877,www.asectrade.it,,PLACET BUSINESS LUCE FISSA,000328ESFMP01XX00000000000PLBUFI,https://asectrade.it/offerte/,Offerta attivabile da qualsiasi canale,Domiciliazione bancaria,01/04/2026,31/12/2027,non domestico,prezzo fisso,144.000000,,0.276200,0.266200,0.266200,0.276200,0.266200,0.269500,,19,,
Asec Trade Srl,03973800877,03973800877,www.asectrade.it,,PLACET BUSINESS LUCE VARIABILE,000328ESVMP01XX00000000000PLBUVA,https://asectrade.it/offerte/,Offerta attivabile da qualsiasi canale,Domiciliazione bancaria,01/04/2026,31/12/2027,non domestico,prezzo variabile,,144.000000,,,,,,,0.090000,19,,
Asec Trade Srl,03973800877,03973800877,www.asectrade.it,,PLACET CASA LUCE FISSA,000328ESFMP01XX00000000000PLCAFI,https://asectrade.it/offerte/,Offerta attivabile da qualsiasi canale,Domiciliazione bancaria,01/04/2026,31/12/2027,domestico,prezzo fisso,144.000000,,,,,0.276200,0.266200,0.269500,,19,,
Asec Trade Srl,03973800877,03973800877,www.asectrade.it,,PLACET CASA LUCE VARIABILE,000328ESVMP01XX00000000000PLCAVA,https://asectrade.it/offerte/,Offerta attivabile da qualsiasi canale,Domiciliazione bancaria,01/04/2026,31/12/2027,domestico,prezzo variabile,,144.000000,,,,,,,0.090000,,,
Axpo Italia S.p.A.,01141160992,01141160992,https://axpoenergia.com,800 199979,Axpo Placet Power Business Fissa,000099ESFFP07XXAXPOIXFIX89572607,https://axpoenergia.com/business/pmi-e-professionisti/axpo-placet-business,Agenzia;altro,Domiciliazione bancaria;Bollettino precompilato,09/07/2026,05/08/2026,non domestico,prezzo fisso,144.000000,,0.256690,0.267690,0.243650,,,0.255110,,,,
Axpo Italia S.p.A.,01141160992,01141160992,https://axpoenergia.com,800 199979,Axpo Placet Power Business Variabile,000099ESVFP07XXAXPOIXPUM88732607,https://axpoenergia.com/business/pmi-e-professionisti/axpo-placet-business,Agenzia;altro,Domiciliazione bancaria;Bollettino precompilato,09/07/2026,05/08/2026,non domestico,prezzo variabile,,144.000000,,,,,,,0.045000,,,
Azienda Energia e Gas Società Cooperativa,00488490012,00488490012,http://www.aegcoop.it,3290122050,PLACE EE ALTRI USI PFIX,001145ESFFP01XXPLACETEEFAU041226,https://www.aegcoop.it/offerte-e-servizi/per-lazienda/,Offerta attivabile presso punto vendita,Domiciliazione bancaria,01/04/2026,31/12/2026,non domestico,prezzo fisso,200.000000,0.000000,0.320000,0.330000,0.285000,0.000000,0.000000,0.309000,0.000000,,,
Azienda Energia e Gas Società Cooperativa,00488490012,00488490012,http://www.aegcoop.it,3290122050,PLACET EE ALTRI USI PVAR,001145ESVMP01XXPLACETEEVAU041226,https://www.aegcoop.it/offerte-e-servizi/per-lazienda/,Offerta attivabile presso punto vendita,Domiciliazione bancaria,01/04/2026,31/12/2026,non domestico,prezzo variabile,0.000000,200.000000,0.000000,0.000000,0.000000,0.000000,0.000000,0.000000,0.025000,,,
Azienda Energia e Gas Società Cooperativa,00488490012,00488490012,http://www.aegcoop.it,3290122050,PLACET EE DOMESTICO PVAR,001145ESVMP01XXPLACETEEVTD041226,https://www.aegcoop.it/offerte-e-servizi/per-la-casa/placet-luce/,Offerta attivabile presso punto vendita,Domiciliazione bancaria,01/04/2026,31/12/2026,domestico,prezzo variabile,0.000000,190.000000,0.000000,0.000000,0.000000,0.000000,0.000000,0.000000,0.025000,,,
Azienda Energia e Gas Società Cooperativa,00488490012,00488490012,http://www.aegcoop.it,3290122050,PLACET EE DOMESTICO PFIX,001145ESFFP01XXPLACETEEFTD041226,https://www.aegcoop.it/offerte-e-servizi/per-la-casa/placet-luce/,Offerta attivabile presso punto vendita,Domiciliazione bancaria,02/04/2026,31/12/2026,domestico,prezzo fisso,190.000000,0.000000,0.000000,0.000000,0.000000,0.320000,0.299000,0.309000,0.000000,,,
BARI ENERGIA SRL,07383800724,07383800724,www.barienergia.it,0802142927,Bari Energia Placet Variabile Energia Elettrica Dom,013783ESVFP01XX00000000000017283,www.barienergia.it,Offerta attivabile da qualsiasi canale,Domiciliazione bancaria,14/04/2026,31/12/2026,domestico,prezzo variabile,,90.000000,,,,,,,0.060000,,,
BARI ENERGIA SRL,07383800724,07383800724,www.barienergia.it,0802142927,Bari Energia Placet Variabile Energia Elettrica Alt,013783ESVFP01XX00000000000017284,www.barienergia.it,Offerta attivabile da qualsiasi canale,Domiciliazione bancaria,14/04/2026,31/12/2026,non domestico,prezzo variabile,,150.000000,,,,,,,0.060000,,,
BARI ENERGIA SRL,07383800724,07383800724,www.barienergia.it,0802142927,Bari Energia Placet Fissa Energia Elettrica Domesti,013783ESVFP01XX00000000000017285,www.barienergia.it,Offerta attivabile da qualsiasi canale,Domiciliazione bancaria,14/04/2026,31/12/2026,domestico,prezzo fisso,90.000000,,,,,0.400000,0.400000,0.400000,,,,
BARI ENERGIA SRL,07383800724,07383800724,www.barienergia.it,0802142927,Bari Energia Placet Fissa Energia Elettrica Altri u,013783ESFFP01XX00000000000017286,www.barienergia.it,Offerta attivabile da qualsiasi canale,Domiciliazione bancaria,14/04/2026,31/12/2026,non domestico,prezzo fisso,150.000000,,0.400000,0.400000,0.400000,,,0.400000,,,,
BASILICATA ENERGIA SRL,01864080765,01864080765,http://www.basilicataenergia.it,0971485839,Basilicata Energia Placet Variabile Ele Altri Usi,021469ESVFP01XX00000000000017312,http://www.basilicataenergia.it,Offerta attivabile da qualsiasi canale,Domiciliazione bancaria,13/04/2026,31/12/2026,non domestico,prezzo variabile,,150.000000,,,,,,,0.060000,,,
BASILICATA ENERGIA SRL,01864080765,01864080765,http://www.basilicataenergia.it,0971485839,Basilicata Energia Placet Fissa Ele Consumer,021469ESFFP01XX00000000000017311,http://www.basilicataenergia.it,Offerta attivabile da qualsiasi canale,Domiciliazione bancaria,13/04/2026,31/12/2026,domestico,prezzo fisso,90.000000,,,,,0.400000,0.400000,0.400000,,,,
BASILICATA ENERGIA SRL,01864080765,01864080765,http://www.basilicataenergia.it,0971485839,Basilicata Energia Placet Fissa Ele Altri Usi,021469ESFFP01XX00000000000017313,http://www.basilicataenergia.it,Offerta attivabile da qualsiasi canale,Domiciliazione bancaria,13/04/2026,31/12/2026,non domestico,prezzo fisso,150.000000,,0.400000,0.400000,0.400000,,,0.400000,,,,
BASILICATA ENERGIA SRL,01864080765,01864080765,http://www.basilicataenergia.it,0971485839,Basilicata Energia Placet Variabile Ele Consumer,021469ESVFP01XX00000000000017310,http://www.basilicataenergia.it,Offerta attivabile da qualsiasi canale,Domiciliazione bancaria;Bollettino precompilato;Altro,13/04/2026,31/12/2026,domestico,prezzo variabile,,90.000000,,,,,,,0.060000,,,
BEYFIN ENERGY S.R.L.,07388200482,07388200482,https://beyfinenergy.it,,PLACET VARIABILE EN. ELETTRICA - PMI E P.IVA,026658ESVFP01XX0000000PLAVARBUSE,www.devraenergia.it,Offerta attivabile presso punto vendita,Domiciliazione bancaria;Bollettino precompilato,22/05/2026,31/12/2026,non domestico,prezzo variabile,,239.400000,,,,,,,0.099000,,,
BEYFIN ENERGY S.R.L.,07388200482,07388200482,https://beyfinenergy.it,,PLACET FISSA EN. ELETTRICA - PMI E P.IVA,026658ESFFP01XX0000000PLAFIXBUSE,www.devraenergia.it,Offerta attivabile presso punto vendita,Domiciliazione bancaria;Bollettino precompilato,22/05/2026,31/12/2026,non domestico,prezzo fisso,239.400000,,0.490000,0.490000,0.490000,0.490000,0.490000,0.490000,,,,
BEYFIN ENERGY S.R.L.,07388200482,07388200482,https://beyfinenergy.it,,PLACET VARIABILE EN. ELETTRICA - USI DOMESTICI,026658ESVFP01XX0000000PLAVARFAME,www.devraenergia.it,Offerta attivabile presso punto vendita,Domiciliazione bancaria;Bollettino precompilato,22/05/2026,31/12/2026,domestico,prezzo variabile,,239.400000,,,,,,,0.099000,,,
BEYFIN ENERGY S.R.L.,07388200482,07388200482,https://beyfinenergy.it,,PLACET FISSA EN. ELETTRICA - USI DOMESTICI,026658ESFFP01XX0000000PLAFIXFAME,www.devraenergia.it,Offerta attivabile presso punto vendita,Domiciliazione bancaria;Bollettino precompilato,22/05/2026,31/12/2026,domestico,prezzo fisso,239.400000,,0.490000,0.490000,0.490000,0.490000,0.490000,0.490000,,,,
BLUE LUCE E GAS SRL,04476680162,04476680162,www.blueluceegas.it,,PLACET DOM FIX EE,036329ESFFP01XXPLACETDOMFIX2025E,www.blueluceegas.it,Offerta attivabile da qualsiasi canale,Domiciliazione bancaria;Altro,27/11/2025,31/12/2030,domestico,prezzo fisso,192.000000,0.000000,0.000000,0.000000,0.000000,0.270000,0.270000,0.270000,0.000000,,,
BLUE LUCE E GAS SRL,04476680162,04476680162,www.blueluceegas.it,,PLACET AU FIX EE,036329ESFFP01XXPLACETAUFIXEE2025,www.blueluceegas.it,Offerta attivabile da qualsiasi canale,Domiciliazione bancaria;Altro,27/11/2025,31/12/2030,non domestico,prezzo fisso,240.000000,0.000000,0.270000,0.270000,0.270000,0.000000,0.000000,0.270000,0.000000,,,
BLUE LUCE E GAS SRL,04476680162,04476680162,www.blueluceegas.it,,PLACET DOM VAR EE,036329ESVFP01XXPLACETDOMVAREE025,www.blueluceegas.it,Offerta attivabile da qualsiasi canale,Domiciliazione bancaria;Altro,27/11/2025,31/12/2030,domestico,prezzo variabile,0.000000,192.000000,0.000000,0.000000,0.000000,0.000000,0.000000,0.000000,0.040000,,,
BLUE LUCE E GAS SRL,04476680162,04476680162,www.blueluceegas.it,,PLACET AU VAR EE,036329ESVFP01XXPLACETAUVAREE2025,www.blueluceegas.it,Offerta attivabile da qualsiasi canale,Domiciliazione bancaria;Altro,27/11/2025,31/12/2030,non domestico,prezzo variabile,0.000000,240.000000,0.000000,0.000000,0.000000,0.000000,0.000000,0.000000,0.040000,,,
BLUENERGY GROUP S.P.A.,02259960306,02259960306,www.bluenergygroup.it,800087587,Placet Variabile Business,000488ESVFP01XX0000000EVPB00726L,https://www.bluenergygroup.it/offerta/placet-impresa-variabile/,Offerta attivabile presso punto vendita,Domiciliazione bancaria;Domiciliazione postale;Domiciliazione su carta di credito;Bollettino precompilato,13/07/2026,10/09/2026,non domestico,prezzo variabile,,192.000000,,,,,,,0.050000,03;09;01;08;05;06;02;04;10;07,,
BLUENERGY GROUP S.P.A.,02259960306,02259960306,www.bluenergygroup.it,800087587,Placet Fissa Business,000488ESFFP01XX0000000EFPB00726L,https://www.bluenergygroup.it/offerta/placet-impresa-fissa/,Offerta attivabile presso punto vendita,Domiciliazione bancaria;Domiciliazione postale;Domiciliazione su carta di credito;Bollettino precompilato,13/07/2026,10/09/2026,non domestico,prezzo fisso,192.000000,,0.500000,0.500000,0.500000,,,0.500000,,03;09;01;08;05;06;02;04;10;07,,
BLUENERGY GROUP S.P.A.,02259960306,02259960306,www.bluenergygroup.it,800087587,Placet Fissa Casa,000488ESFFP01XX0000000EFPC00726L,https://www.bluenergygroup.it/offerta/placet-casa-fisso/,Offerta attivabile presso punto vendita,Domiciliazione bancaria;Domiciliazione postale;Domiciliazione su carta di credito;Bollettino precompilato,13/07/2026,10/09/2026,domestico,prezzo fisso,156.000000,,,,,0.500000,0.500000,0.500000,,03;09;01;08;05;06;02;04;10;07,,
BLUENERGY GROUP S.P.A.,02259960306,02259960306,www.bluenergygroup.it,800087587,Placet Variabile Casa,000488ESVFP01XX0000000EVPC00726L,https://www.bluenergygroup.it/offerta/placet-casa-variabile/,Offerta attivabile presso punto vendita,Domiciliazione bancaria;Domiciliazione postale;Domiciliazione su carta di credito;Bollettino precompilato,13/07/2026,10/09/2026,domestico,prezzo variabile,,156.000000,,,,,,,0.075000,03;09;01;08;05;06;02;04;10;07,,
Be One Spa,02598510465,02598510465,www.beonespa.it,,Be One PLACET fissa Luce domestico,036844ESFFP01XXPLA00000000000003,www.beonespa.it/offerta-luce-gas/,Offerta attivabile solo da web;Offerta attivabile presso punto vendita;Agenzia,Domiciliazione bancaria;Domiciliazione postale,01/01/2026,31/12/2026,domestico,prezzo fisso,180.000000,,,,,0.265000,0.255000,0.280000,,,,
Be One Spa,02598510465,02598510465,www.beonespa.it,,Be One PLACET variabile Luce domestico,036844ESVFP01XXPLA00000000000003,www.beonespa.it/offerta-luce-gas/,Offerta attivabile solo da web;Offerta attivabile presso punto vendita;Agenzia,Domiciliazione bancaria;Domiciliazione postale,01/01/2026,31/12/2026,domestico,prezzo variabile,,180.000000,,,,,,,0.055000,,,
Be One Spa,02598510465,02598510465,www.beonespa.it,,Be One PLACET fissa Luce altri usi,036844ESFFP01XXPLA00000000000004,www.beonespa.it/offerta-luce-gas/,Offerta attivabile solo da web;Offerta attivabile presso punto vendita;Agenzia,Domiciliazione bancaria;Domiciliazione postale,01/01/2026,31/12/2026,non domestico,prezzo fisso,180.000000,,0.265000,0.260000,0.240000,,,0.280000,,,,
Be One Spa,02598510465,02598510465,www.beonespa.it,,Be One PLACET variabile Luce altri usi,036844ESVFP01XXPLA00000000000004,www.beonespa.it/offerta-luce-gas/,Offerta attivabile solo da web;Offerta attivabile presso punto vendita;Agenzia,Domiciliazione bancaria;Domiciliazione postale,01/01/2026,31/12/2026,non domestico,prezzo variabile,,180.000000,,,,,,,0.055000,,,
Benaco Energia S.p.A.,02323310983,02323310983,https://www.benacoenergia.it/,0365.42971,Placet Energia Elettrica Variabile - NON domestici,000607ESVOP01XX20260601PLACETVAU,https://benacoenergia.it/offerte/placet-variabile-energia-impresa/,Offerta attivabile solo da web,Domiciliazione bancaria;Altro,01/06/2026,31/08/2026,non domestico,prezzo variabile,,180.000000,,,,,,,0.011000,03,022;023,
Benaco Energia S.p.A.,02323310983,02323310983,https://www.benacoenergia.it/,0365.42971,Placet Energia Elettrica Variabile - domestici,000607ESVFP01XX20260601PLACEDOVD,https://benacoenergia.it/offerte/placet-variabile-energia-2/,Offerta attivabile solo da web,Domiciliazione bancaria;Altro,01/06/2026,31/08/2026,domestico,prezzo variabile,,120.000000,,,,,,,0.022000,03,022;023,
Benaco Energia S.p.A.,02323310983,02323310983,https://www.benacoenergia.it/,0365.42971,Placet Energia Elettrica Fissa - domestici,000607ESFMP01XX20260717PLACEDOFX,https://benacoenergia.it/offerte/placet-fisso-energia/,Offerta attivabile solo da web,Domiciliazione bancaria;Altro,20/07/2026,17/08/2026,domestico,prezzo fisso,120.000000,,0.164000,0.164000,0.164000,0.164000,0.164000,0.164000,,03,022;023,
Bioenergie Italiane Srl,03400180273,03400180273,www.bioenit.it,,LuceBìo Placet Variabile,039306ESVFP01XXE1PL2601PUN2XXXXB,www.bioenit.it,Offerta attivabile presso punto vendita,Domiciliazione bancaria,05/01/2026,31/12/2026,domestico,prezzo variabile,,135.000000,,,,,,,0.100000,05,,
Broni Stradella Gas e Luce S.r.l.,01967760180,01967760180,www.bronistradellagaseluce.it,800739757,Broni Stradella Gas Luce PLACET Fissa EE Domestici Casa,000398ESFFP14XXBPDFIPLA260705200,https://www.bronistradellagaseluce.it/offerte-placet/,Offerta attivabile solo da web,Domiciliazione bancaria;Domiciliazione postale;Bollettino precompilato;Altro,09/07/2026,08/10/2026,domestico,prezzo fisso,131.880000,,,,,0.257070,0.255970,0.256300,,,,
Broni Stradella Gas e Luce S.r.l.,01967760180,01967760180,www.bronistradellagaseluce.it,800739757,Broni Stradella Gas Luce PLACET Variabile EE Altri Usi,000398ESVFP08XXBPAPUPLA260706300,https://www.bronistradellagaseluce.it/offerte-placet/,Offerta attivabile solo da web,Domiciliazione bancaria;Domiciliazione postale;Bollettino precompilato;Altro,09/07/2026,08/10/2026,non domestico,prezzo variabile,,183.720000,,,,,,,0.030000,,,
Broni Stradella Gas e Luce S.r.l.,01967760180,01967760180,www.bronistradellagaseluce.it,800739757,Broni Stradella Gas Luce PLACET Fissa EE Altri Usi,000398ESFFP14XXBPAFIPLA260705100,https://www.bronistradellagaseluce.it/offerte-placet/,Offerta attivabile solo da web,Domiciliazione bancaria;Domiciliazione postale;Bollettino precompilato;Altro,09/07/2026,08/10/2026,non domestico,prezzo fisso,183.720000,,0.257130,0.269060,0.244530,,,0.255970,,,,
Broni Stradella Gas e Luce S.r.l.,01967760180,01967760180,www.bronistradellagaseluce.it,800739757,Broni Stradella PLACET Variabile EE Domestici Casa,000398ESVFP08XXBPDPUPLA260706400,https://www.bronistradellagaseluce.it/offerte-placet/,Offerta attivabile solo da web,Domiciliazione bancaria;Domiciliazione postale;Bollettino precompilato;Altro,09/07/2026,08/10/2026,domestico,prezzo variabile,,131.880000,,,,,,,0.030000,,,
ButanGas SpA,00443130588,00894461003,gaseluce.butangas.it,,BUTANGAS-PLACET VAR ENE-DOM,001682ESVFP01XXBUTANGDOM26PLACET,https://gaseluce.butangas.it/azienda/energia-elettrica-aziende/offerta-gas-naturale-azienda/,altro,Domiciliazione bancaria;Domiciliazione postale;Bollettino precompilato;Altro,10/01/2026,31/12/2026,domestico,prezzo variabile,,500.000000,,,,,,,1.000000,,,
ButanGas SpA,00443130588,00894461003,gaseluce.butangas.it,,BUTANGAS-PLACET VAR ENE-AU,001682ESVFP01XXBUTANGMBS26PLACET,https://gaseluce.butangas.it/azienda/energia-elettrica-aziende/offerta-gas-naturale-azienda/,altro,Domiciliazione bancaria;Domiciliazione postale;Bollettino precompilato;Altro,10/01/2026,31/12/2026,non domestico,prezzo variabile,,500.000000,,,,,,,1.000000,,,
CAMPIDONICO ENERGY S.R.L.,13252590016,13252590016,www.campidonicoenergy.it,,PLACET_AUE_0002F,043873ESFFP01XXPLACETAUEE2601FIX,http://www.eredicampidonicospa.it/Venditaenergiaelettrica/Default.aspx,Offerta attivabile presso punto vendita,Domiciliazione bancaria;Altro,27/02/2026,31/12/2026,non domestico,prezzo fisso,180.000000,0.000000,0.294920,0.300000,0.240250,0.000000,0.000000,0.340000,0.000000,,,
CAMPIDONICO ENERGY S.R.L.,13252590016,13252590016,www.campidonicoenergy.it,,PLACET_AUE_0001V,043873ESVFP01XXPLACETAUEL202601V,http://www.eredicampidonicospa.it/Venditaenergiaelettrica/Default.aspx,Offerta attivabile presso punto vendita,Domiciliazione bancaria;Altro,27/02/2026,31/12/2026,non domestico,prezzo variabile,0.000000,176.000000,0.000000,0.000000,0.000000,0.000000,0.000000,0.000000,0.031000,,,
CAMPIDONICO ENERGY S.R.L.,13252590016,13252590016,www.campidonicoenergy.it,,PLACET_DOME_002F,043873ESFFP01XXPLACETDOME2601FIX,http://www.eredicampidonicospa.it/Venditaenergiaelettrica/Default.aspx,Offerta attivabile presso punto vendita,Domiciliazione bancaria;Altro,27/02/2026,31/12/2026,domestico,prezzo fisso,110.000000,0.000000,0.280250,0.290250,0.240250,0.320000,0.340000,0.340000,0.000000,,,
CAMPIDONICO ENERGY S.R.L.,13252590016,13252590016,www.campidonicoenergy.it,,PLACET_DOME_002V,043873ESVFP01XXPLACETDOME2601VAR,http://www.eredicampidonicospa.it/Venditaenergiaelettrica/Default.aspx,Offerta attivabile presso punto vendita,Domiciliazione bancaria;Altro,27/02/2026,31/12/2026,domestico,prezzo variabile,0.000000,110.000000,0.000000,0.000000,0.000000,0.000000,0.000000,0.000000,0.030000,,,
CH 4 ALPS S.R.L.,02581190226,02581190226,https://ch4alps.it,,ALTRI USI PLACET FISSO EE,035426ESFMP01XXALUPLACET01311226,https://ch4alps.it/offerte/15-placet/48-altri-usi-2,Offerta attivabile presso punto vendita,Domiciliazione bancaria,10/03/2026,31/12/2026,non domestico,prezzo fisso,150.000000,,0.600000,0.600000,0.600000,0.600000,0.600000,0.600000,,03;08;05;06;04,,
CH 4 ALPS S.R.L.,02581190226,02581190226,https://ch4alps.it,,DOMESTICO PLACET FISSO EE,035426ESFMP01XXDOMPLACET01311226,https://ch4alps.it/offerte/15-placet/46-uso-domestico-2,Offerta attivabile presso punto vendita,Domiciliazione bancaria,10/03/2026,31/12/2026,domestico,prezzo fisso,150.000000,,0.600000,0.600000,0.600000,0.600000,0.600000,0.600000,,03;08;05;06;04,,
CH 4 ALPS S.R.L.,02581190226,02581190226,https://ch4alps.it,,DOMESTICO PLACET VARIABILE EE,035426ESVFP01XXDOMPLACET01311226,https://ch4alps.it/offerte/15-placet/46-uso-domestico-2,Offerta attivabile presso punto vendita,Domiciliazione bancaria,10/03/2026,31/12/2026,domestico,prezzo variabile,,150.000000,,,,,,,0.100000,03;08;05;06;04,,
CH 4 ALPS S.R.L.,02581190226,02581190226,https://ch4alps.it,,ALTRI USI PLACET VARIABILE EE,035426ESVFP01XXALUPLACET01311226,https://ch4alps.it/offerte/15-placet/48-altri-usi-2,Offerta attivabile presso punto vendita,Domiciliazione bancaria,10/03/2026,31/12/2026,non domestico,prezzo variabile,,150.000000,,,,,,,0.100000,03;08;05;06;04,,
CLICK TO GREEN SRL,12632770967,12632770967,https://clicktogreen.it/,,ClickToGreen PLACET Variabile Energia Elettrica Domesti,041316ESVFP01XX2025PLACETD000000,,Offerta attivabile solo da web,Domiciliazione bancaria,17/10/2025,31/12/2035,domestico,prezzo variabile,,280.000000,,,,1.250000,1.250000,1.250000,0.150000,,,
CLICK TO GREEN SRL,12632770967,12632770967,https://clicktogreen.it/,,ClickToGreen PLACET Variabile Energia Elettrica Altri u,041316ESVFP01XX2025PLACETA000000,,Offerta attivabile solo da web,Domiciliazione bancaria,17/10/2025,31/12/2035,non domestico,prezzo variabile,,280.000000,,,,,,,0.150000,,,
CLICK TO GREEN SRL,12632770967,12632770967,https://clicktogreen.it/,,ClickToGreen PLACET Fissa Energia Elettrica Altri usi,041316ESFFP01XX2025PLACETA000000,,Offerta attivabile solo da web,Domiciliazione bancaria,17/10/2025,31/12/2035,non domestico,prezzo fisso,280.000000,,1.250000,1.250000,1.250000,,,1.250000,,,,
CLICK TO GREEN SRL,12632770967,12632770967,https://clicktogreen.it/,,ClickToGreen PLACET Fissa Energia Elettrica Domestico,041316ESFFP01XX2025PLACETD000000,,Offerta attivabile solo da web,Domiciliazione bancaria,17/10/2025,31/12/2035,domestico,prezzo fisso,280.000000,,,,,1.250000,1.250000,1.250000,,,,
COGESER ENERGIA S.R.L.,05941460965,05941460965,www.cogeserenergia.it,029500161,000971ESFFP01XXPRDEE136010420261,000971ESFFP01XXPRDEE136010420261,https://www.cogeserenergia.it/it/offerte-luce-casa,Offerta attivabile da qualsiasi canale,Domiciliazione bancaria;Bollettino precompilato,20/04/2026,31/12/2026,domestico,prezzo fisso,200.000000,,0.500000,0.500000,0.500000,0.500000,0.500000,0.500000,,03;01;08;05;07,,
COGESER ENERGIA S.R.L.,05941460965,05941460965,www.cogeserenergia.it,029500161,000971ESVFP01XXPRDEE136010420260,000971ESVFP01XXPRDEE136010420260,https://www.cogeserenergia.it/it/offerte-luce-casa,Offerta attivabile da qualsiasi canale,Domiciliazione bancaria;Bollettino precompilato,20/04/2026,31/12/2026,domestico,prezzo variabile,,144.000000,,,,,,,0.025000,03;01;08;05;07,,
COIMEPA SERVIZI S.R.L.,02796290365,02796290365,www.coimepaservizi.it,800039723,COIMEPA PLACET VARIABILE ENERGIA ELETTRICA DOMESTICI,000852ESVFP01XXPLACETVARIABDOMES,www.coimepaservizi.it,Offerta attivabile presso punto vendita,Domiciliazione bancaria;Domiciliazione postale;Bollettino precompilato,14/04/2026,31/12/2099,domestico,prezzo variabile,,120.000000,,,,,,,0.030000,,,
COIMEPA SERVIZI S.R.L.,02796290365,02796290365,www.coimepaservizi.it,800039723,COIMEPA PLACET FISSA ENERGIA ELETTRICA DOMESTICI,000852ESFFP01XXPLACETFISSADOMEST,www.coimepaservizi.it,Offerta attivabile presso punto vendita,Domiciliazione bancaria;Domiciliazione postale;Bollettino precompilato,14/04/2026,31/12/2099,domestico,prezzo fisso,120.000000,,,,,0.602500,0.552500,0.549700,,,,
COIMEPA SERVIZI S.R.L.,02796290365,02796290365,www.coimepaservizi.it,800039723,COIMEPA PLACET FISSA ENERGIA ELETTRICA ALTRI USI,000852ESFFP01XX00PLACETFISSAAUSI,www.coimepaservizi.it,Offerta attivabile presso punto vendita,Domiciliazione bancaria;Domiciliazione postale;Bollettino precompilato,14/04/2026,31/12/2099,non domestico,prezzo fisso,120.000000,,0.613000,0.579000,0.565000,,,0.549700,,,,
COIMEPA SERVIZI S.R.L.,02796290365,02796290365,www.coimepaservizi.it,800039723,COIMEPA PLACET VARIABILE ENERGIA ELETTRICA ALTRI USI,000852ESVFP01XXPLACETVARIABIAUSI,www.coimepaservizi.it,Offerta attivabile presso punto vendita,Domiciliazione bancaria;Domiciliazione postale;Bollettino precompilato,14/04/2026,31/12/2099,non domestico,prezzo variabile,,120.000000,,,,,,,0.030000,,,
CONFINDUSTRIA ENERGIA ADRIATICA SOC. CONS. A R.L.,01495880419,01495880419,https://www.confindustriaenergiaadriatica.it,,CEA placet fissa ele altri usi,001674ESFFP01XX250800PLAEFBUS001,https://confindustriaenergiaadriatica.it/placet,Offerta attivabile presso punto vendita,Domiciliazione bancaria;Domiciliazione postale;Altro,19/01/2026,18/01/2027,non domestico,prezzo fisso,185.000000,,0.265000,0.234000,0.240000,,,0.249000,,,,
CONFINDUSTRIA ENERGIA ADRIATICA SOC. CONS. A R.L.,01495880419,01495880419,https://www.confindustriaenergiaadriatica.it,,CEA placet variabile ele domestici,001674ESVFP01XX250800PLAEVDOM001,https://confindustriaenergiaadriatica.it/placet,Offerta attivabile presso punto vendita,Domiciliazione bancaria;Domiciliazione postale;Altro,19/01/2026,18/01/2027,domestico,prezzo variabile,,154.000000,,,,,,,0.070000,,,
CONFINDUSTRIA ENERGIA ADRIATICA SOC. CONS. A R.L.,01495880419,01495880419,https://www.confindustriaenergiaadriatica.it,,CEA placet fissa ele domestici,001674ESFFP01XX250800PLAEFDOM001,https://confindustriaenergiaadriatica.it/placet,Offerta attivabile presso punto vendita,Domiciliazione bancaria;Domiciliazione postale;Altro,19/01/2026,18/01/2027,domestico,prezzo fisso,185.000000,,,,,0.265000,0.234000,0.249000,,,,
CONFINDUSTRIA ENERGIA ADRIATICA SOC. CONS. A R.L.,01495880419,01495880419,https://www.confindustriaenergiaadriatica.it,,CEA placet variabile ele altri usi,001674ESVFP01XX250800PLAEVBUS001,https://confindustriaenergiaadriatica.it/placet,Offerta attivabile presso punto vendita,Domiciliazione bancaria;Domiciliazione postale;Altro,19/01/2026,18/01/2027,non domestico,prezzo variabile,,154.000000,,,,,,,0.070000,,,
CVA ENERGIE S.R.L.,01032450072,01032450072,https://www.cvaenergie.it,800998944,CVA ENERGIE PLACET VARIABILE ELE CASA,000784ESVFP05XXCVAPLACETVARDOMES,https://www.cvaenergie.it/offerta/placet?offer_type=440&user_type=01&legal_type=,Offerta attivabile da qualsiasi canale,Domiciliazione bancaria;Domiciliazione postale;Bollettino precompilato,01/07/2026,30/06/2027,domestico,prezzo variabile,,160.000000,,,,,,,0.120000,,,
CVA ENERGIE S.R.L.,01032450072,01032450072,https://www.cvaenergie.it,800998944,CVA ENERGIE PLACET FISSA ELE CASA,000784ESFFP05XXCVAPLACETFISSODOM,https://www.cvaenergie.it/offerta/placet?offer_type=440&user_type=01&legal_type=,Offerta attivabile da qualsiasi canale,Domiciliazione bancaria;Domiciliazione postale;Bollettino precompilato,01/07/2026,30/06/2027,domestico,prezzo fisso,160.000000,,,,,0.700000,0.670000,0.660000,,,,
CVA ENERGIE S.R.L.,01032450072,01032450072,https://www.cvaenergie.it,800998944,CVA ENERGIE PLACET FISSA ELE USI DIVERSI,000784ESFFP05XXCVAPLACETFISSOIVA,https://www.cvaenergie.it/offerta/placet-piva?offer_type=445&user_type=02,Offerta attivabile da qualsiasi canale,Domiciliazione bancaria;Domiciliazione postale;Bollettino precompilato,01/07/2026,30/06/2027,non domestico,prezzo fisso,160.000000,,0.700000,0.670000,0.670000,,,0.660000,,,,
CVA ENERGIE S.R.L.,01032450072,01032450072,https://www.cvaenergie.it,800998944,CVA ENERGIE PLACET VARIABILE ELE USI DIVERSI,000784ESVFP05XXCVAPLACETVARIABIL,https://www.cvaenergie.it/offerta/placet-piva?offer_type=445&user_type=02,Offerta attivabile da qualsiasi canale,Domiciliazione bancaria;Domiciliazione postale;Bollettino precompilato,01/07/2026,30/06/2027,non domestico,prezzo variabile,,180.000000,,,,,,,0.150000,,,
Carica Positiva S.r.l. a socio unico,09081200967,09081200967,https://www.caricapositiva.it/,,PLACET Abitazione,040140ESVFP01XX00000000000PLACET,,Offerta attivabile da qualsiasi canale,Domiciliazione bancaria,04/12/2024,28/08/2050,domestico,prezzo variabile,,336.000000,,,,,,,0.070000,,,
Cogeme Energia Srl,03372830988,03372830988,www.cogemeenergia.it,,Offerta Placet Energia Fisso,013982ESFFP00XXEPLACPPF000000098,https://www.cogemeenergia.it,Offerta attivabile solo da web;Offerta attivabile da qualsiasi canale;Offerta attivabile presso punto vendita;Teleselling;Agenzia,Domiciliazione bancaria;Domiciliazione postale;Domiciliazione su carta di credito;Bollettino precompilato,06/05/2026,31/12/2026,domestico,prezzo fisso,180.000000,,,,,0.352000,0.352000,0.352000,,,,
Cogeme Energia Srl,03372830988,03372830988,www.cogemeenergia.it,,Offerta Placet Energia Variabile,013982ESVFP00XXEPLACPPM000000104,https://www.cogemeenergia.it,Offerta attivabile solo da web;Offerta attivabile da qualsiasi canale;Offerta attivabile presso punto vendita;Teleselling;Agenzia,Domiciliazione bancaria;Domiciliazione postale;Domiciliazione su carta di credito;Bollettino precompilato,06/05/2026,31/12/2026,domestico,prezzo variabile,,180.000000,,,,,,,0.008250,,,
Colsam Energie srl,00816410146,00816410146,https://www.colsamenergie.com/,0342212174,COLSAM ENERGIE PLACET FISSA LUCE ALTRI USI,000938ESFFP05XXPLAFIXAUS202604xx,https://www.colsamenergie.com/supporto#offerte-placet-,Offerta attivabile da qualsiasi canale,Domiciliazione bancaria;Domiciliazione postale;Bollettino precompilato;Altro,01/04/2026,31/12/2026,non domestico,prezzo fisso,240.000000,,0.510000,0.510000,0.510000,0.510000,0.510000,0.510000,,,,
Colsam Energie srl,00816410146,00816410146,https://www.colsamenergie.com/,0342212174,COLSAM ENERGIE PLACET VARIABILE LUCE CASA,000938ESVFP05XXPLAVARDOM202604xx,https://www.colsamenergie.com/supporto#offerte-placet-,Offerta attivabile da qualsiasi canale,Domiciliazione bancaria;Domiciliazione postale;Bollettino precompilato;Altro,01/04/2026,31/12/2026,domestico,prezzo variabile,,190.000000,,,,,,,0.160000,,,
Colsam Energie srl,00816410146,00816410146,https://www.colsamenergie.com/,0342212174,COLSAM ENERGIE PLACET VARIABILE LUCE ALTRI USI,000938ESVFP05XXPLAVARAUS202604xx,https://www.colsamenergie.com/supporto#offerte-placet-,Offerta attivabile da qualsiasi canale,Domiciliazione bancaria;Domiciliazione postale;Bollettino precompilato;Altro,01/04/2026,31/12/2026,non domestico,prezzo variabile,,240.000000,,,,,,,0.160000,,,
Colsam Energie srl,00816410146,00816410146,https://www.colsamenergie.com/,0342212174,COLSAM ENERGIE PLACET FISSA LUCE CASA,000938ESFFP05XXPLAFIXDOM202604xx,https://www.colsamenergie.com/supporto#offerte-placet-,Offerta attivabile da qualsiasi canale,Domiciliazione bancaria;Domiciliazione postale;Bollettino precompilato;Altro,01/04/2026,31/12/2026,domestico,prezzo fisso,190.000000,,0.510000,0.510000,0.510000,0.510000,0.510000,0.510000,,,,
Compagnia Energetica Italiana S.p.A.,07824790963,07824790963,www.compagnia-energetica.it,800122721,CASA COMFORT 365 LUCE PLACET FISSA,014850ESFFP01XX00CECCCLF2601PLCT,,Offerta attivabile da qualsiasi canale,Domiciliazione bancaria;Domiciliazione postale;Bollettino precompilato,01/01/2026,31/12/2026,domestico,prezzo fisso,240.000000,,,,,0.300000,0.300000,0.300000,,,,
Compagnia Energetica Italiana S.p.A.,07824790963,07824790963,www.compagnia-energetica.it,800122721,CASA DINAMICA POWER PLACET VARIABILE,014850ESVFP01XX00CECCDLF2601PLCT,,Offerta attivabile da qualsiasi canale,Domiciliazione bancaria;Domiciliazione postale;Bollettino precompilato,01/01/2026,31/12/2026,domestico,prezzo variabile,,240.000000,,,,,,,0.010000,,,
Convenergy Srl,07474890964,07474890964,https://www.convenergy.it,0276280615,PLACET EE Prezzo Fisso AltriUsi,003865ESFMP00XXEEFPLAUSI20260109,https://www.convenergy.it/offerte-placet,Offerta attivabile presso punto vendita,Domiciliazione bancaria,02/07/2026,30/09/2026,non domestico,prezzo fisso,180.000000,,0.200000,0.200000,0.200000,,,0.200000,,,,
Convenergy Srl,07474890964,07474890964,https://www.convenergy.it,0276280615,PLACET EE Prezzo Fisso Domestico,003865ESFMP00XXEEFPLDOME20260109,https://www.convenergy.it/offerte-placet,Offerta attivabile presso punto vendita,Domiciliazione bancaria,02/07/2026,30/09/2026,domestico,prezzo fisso,180.000000,,,,,0.200000,0.200000,0.200000,,,,
Convenergy Srl,07474890964,07474890964,https://www.convenergy.it,0276280615,PLACET EE Prezzo Variabile AltriUsi,003865ESVMP00XXEEVPLAUSI20260109,https://www.convenergy.it/offerte-placet,Offerta attivabile presso punto vendita,Domiciliazione bancaria,02/07/2026,30/09/2026,non domestico,prezzo variabile,,180.000000,,,,,,,0.030000,,,
Convenergy Srl,07474890964,07474890964,https://www.convenergy.it,0276280615,PLACET EE Prezzo Variabile Domestico,003865ESVMP00XXEEVPLDOME20260109,https://www.convenergy.it/offerte-placet,Offerta attivabile presso punto vendita,Domiciliazione bancaria,02/07/2026,30/09/2026,domestico,prezzo variabile,,180.000000,,,,,,,0.025000,,,
DELTA ENERGY SRL,09024090152,09024090152,www.deltagp.it,,DELTAGP - POWER - PLACET - V1_2025 - MULTI-FASCE,041710ESVFP01XXDENER000000000046,www.deltagp.it,Offerta attivabile da qualsiasi canale,Domiciliazione bancaria,07/10/2025,31/10/2030,domestico,prezzo variabile,,144.000000,,,,,,,0.030000,,,
DENCO S.R.L.,02765390212,02765390212,https://denco.energy,0474370503,DENCO PLACET fix luce casa,005784ESFFP01XX000000DPFLCV2026A,,Offerta attivabile solo da web,Domiciliazione bancaria,21/01/2026,31/12/2026,domestico,prezzo fisso,120.000000,,0.800000,0.720000,0.720000,0.800000,0.720000,0.750000,,,,
DENCO S.R.L.,02765390212,02765390212,https://denco.energy,0474370503,DENCO PLACET fix energia business,005784ESFFP01XX000000DPFEBV2026A,,Offerta attivabile solo da web,Domiciliazione bancaria,21/01/2026,31/12/2026,non domestico,prezzo fisso,180.000000,,0.800000,0.720000,0.720000,0.800000,0.720000,0.750000,,,,
DENCO S.R.L.,02765390212,02765390212,https://denco.energy,0474370503,DENCO PLACET index energia business,005784ESVFP01XX000000DPIEBV2025B,,Offerta attivabile solo da web,Domiciliazione bancaria,21/01/2026,31/12/2026,non domestico,prezzo variabile,,180.000000,,,,,,,0.035000,,,
DENCO S.R.L.,02765390212,02765390212,https://denco.energy,0474370503,DENCO PLACET index luce casa,005784ESVFP01XX000000DPILCV2026A,,Offerta attivabile solo da web,Domiciliazione bancaria,21/01/2026,31/12/2026,domestico,prezzo variabile,,120.000000,,,,,,,0.030000,,,
DOLOMITI ENERGIA MERCATO SPA,01812630224,01812630224,https://www.dolomitienergia.it/content/home,0461362330,DOLOMITI ENERGIA PLACET FISSO LUCE AZIENDA MONORARIA,000139ESFFP01XXW77294WB000000000,https://www.dolomitienergia.it/content/dolomiti-energia-placet-fisso-azienda,Offerta attivabile da qualsiasi canale,Domiciliazione bancaria;Domiciliazione postale,17/07/2026,26/08/2026,non domestico,prezzo fisso,150.000000,,0.296200,0.292300,0.234600,,,0.276900,,,,
DOLOMITI ENERGIA MERCATO SPA,01812630224,01812630224,https://www.dolomitienergia.it/content/home,0461362330,DOLOMITI ENERGIA PLACET FISSO LUCE CASA,000139ESFFP01XXW77264WR000000000,https://www.dolomitienergia.it/content/dolomiti-energia-placet-fisso-luce-casa,Offerta attivabile da qualsiasi canale,Domiciliazione bancaria,17/07/2026,26/08/2026,domestico,prezzo fisso,145.320000,,,,,0.280800,0.258500,0.282200,,,,
DOLOMITI ENERGIA MERCATO SPA,01812630224,01812630224,https://www.dolomitienergia.it/content/home,0461362330,DOLOMITI ENERGIA PLACET VARIABILE LUCE CASA,000139ESVFP01XXW77265WR000000000,https://www.dolomitienergia.it/content/dolomiti-energia-placet-variabile-luce-casa,Offerta attivabile da qualsiasi canale,Domiciliazione bancaria,17/07/2026,26/08/2026,domestico,prezzo variabile,,145.320000,,,,,,,0.054600,,,
Deloa Energy,03317680217,03317680217,https://deloaenergy.it,,DELOA ENERGY PLACET Fissa Energia Elettrica Altri usi,044483ESFFP01XX000000000DOMEEP05,https://deloaenergy.it/offerte-casa/deloa-energy-placet-fissa-energia-elettrica-altri-usi/,Offerta attivabile da qualsiasi canale,Domiciliazione bancaria;Domiciliazione postale,01/07/2026,30/09/2026,non domestico,prezzo fisso,216.000000,,0.263200,0.273500,0.226100,,,0.253000,,,,
Deloa Energy,03317680217,03317680217,https://deloaenergy.it,,DELOA ENERGY PLACET Variabile Energia Elettrica Altri u,044483ESVFP01XX000000000DOMEEP06,https://deloaenergy.it/offerte-casa/deloa-energy-placet-variabile-energia-elettrica-altri-usi/,Offerta attivabile da qualsiasi canale,Domiciliazione bancaria;Domiciliazione postale,01/07/2026,30/09/2026,non domestico,prezzo variabile,,216.000000,,,,,,,0.044000,,,
Deloa Energy,03317680217,03317680217,https://deloaenergy.it,,DELOA ENERGY PLACET Variabile Energia Elettrica Domesti,044483ESVFP01XX000000000DOMEEP07,https://deloaenergy.it/offerte-casa/deloa-energy-placet-variabile-energia-elettrica-domestico/,Offerta attivabile da qualsiasi canale,Domiciliazione bancaria;Domiciliazione postale,01/07/2026,30/09/2026,domestico,prezzo variabile,,144.000000,,,,,,,0.044000,,,
Deloa Energy,03317680217,03317680217,https://deloaenergy.it,,DELOA ENERGY PLACET Fissa Energia Elettrica Domestico,044483ESFFP01XX000000000DOMEEP08,https://deloaenergy.it/offerte-casa/deloa-energy-placet-fissa-energia-elettrica-domestico/,Offerta attivabile da qualsiasi canale,Domiciliazione bancaria;Domiciliazione postale,01/07/2026,30/09/2026,domestico,prezzo fisso,144.000000,,,,,0.274300,0.258100,0.264000,,,,
E'-DIENERGIA SRL,05170270283,05170270283,https://www.e-dienergia.it/,,000000PLAEVBUS001,028595ESVFP01XX00000000000023774,https://www.e-dienergia.it/offerte/offerteplacet/,Offerta attivabile solo da web,Domiciliazione bancaria,20/05/2026,31/12/2027,non domestico,prezzo variabile,,360.000000,,,,,,,0.060000,,,
E'-DIENERGIA SRL,05170270283,05170270283,https://www.e-dienergia.it/,,000000PLAEFDOM001,028595ESFFP01XX000000PLAEFDOM001,https://www.e-dienergia.it/offerte/offerteplacet/,Offerta attivabile da qualsiasi canale,Domiciliazione bancaria,21/05/2026,31/12/2027,domestico,prezzo fisso,360.000000,,,,,0.265000,0.255000,0.265000,,,,
E'-DIENERGIA SRL,05170270283,05170270283,https://www.e-dienergia.it/,,000000PLAEFBUS001,028595ESFFP01XX000000PLAEFBUS001,https://www.e-dienergia.it/offerte/offerteplacet/,Offerta attivabile da qualsiasi canale,Domiciliazione bancaria,21/05/2026,31/12/2027,non domestico,prezzo fisso,360.000000,,0.265000,0.260000,0.240000,,,0.265000,,,,
E'-DIENERGIA SRL,05170270283,05170270283,https://www.e-dienergia.it/,,000000PLAEVDOM001,028595ESVFP01XX00000000000023775,https://www.e-dienergia.it/offerte/offerteplacet/,Offerta attivabile da qualsiasi canale,Domiciliazione bancaria,20/05/2026,31/12/2027,domestico,prezzo variabile,,360.000000,,,,,,,0.060000,,,
E.ON Energia S.p.A.,03429130234,03429130234,www.eon-energia.com,800 999 222,E.ON PLACET Fissa Luce Altri Usi BT,000362ESFFP01XXTP36S0M000000C000,https://www.eon-energia.com/luce/partite-iva-e-professionisti/eon-placet-luce.html,Offerta attivabile da qualsiasi canale,Domiciliazione bancaria;Domiciliazione postale;Bollettino precompilato,18/06/2026,22/07/2026,non domestico,prezzo fisso,142.710000,,0.350500,0.350500,0.332800,,,0.344500,,,,
E.ON Energia S.p.A.,03429130234,03429130234,www.eon-energia.com,800 999 222,E.ON PLACET Variabile Luce Altri Usi BT,000362ESVFP01XXPT36S0M000000B000,https://www.eon-energia.com/luce/partite-iva-e-professionisti/eon-placet-luce.html,Offerta attivabile da qualsiasi canale,Domiciliazione bancaria;Domiciliazione postale;Bollettino precompilato,18/06/2026,22/07/2026,non domestico,prezzo variabile,,142.710000,,,,,,,0.037000,,,
E.ON Energia S.p.A.,03429130234,03429130234,www.eon-energia.com,800 999 222,E.ON PLACET Variabile Luce Domestici,000362ESVFP01XXPT26T0D000000C000,https://www.eon-energia.com/informazioni-utili/delibera-arera-di-prima-attuazione-dl-bollette.html,Offerta attivabile da qualsiasi canale,Domiciliazione bancaria;Domiciliazione postale;Bollettino precompilato,10/07/2026,23/07/2026,domestico,prezzo variabile,,120.000000,,,,,,,0.075500,,,
E.ON Energia S.p.A.,03429130234,03429130234,www.eon-energia.com,800 999 222,E.ON PLACET Fissa Luce Domestici,000362ESFFP01XXTP26T0D000000C000,https://www.eon-energia.com/informazioni-utili/delibera-arera-di-prima-attuazione-dl-bollette.html,Offerta attivabile da qualsiasi canale,Domiciliazione bancaria;Domiciliazione postale;Bollettino precompilato,10/07/2026,23/07/2026,domestico,prezzo fisso,120.000000,,,,,0.243000,0.238400,0.240100,,,,
EASY LUCE & GAS SRL,12159010011,12159010011,https://https://www.easy-luce-gas.it/,,Placet EE Variabile Domestici 2F,029837ESVMP01XXPLACETEVARIADOM26,,Offerta attivabile presso punto vendita,Domiciliazione bancaria,28/01/2026,31/12/2026,domestico,prezzo variabile,,220.000000,,,,,,,0.100000,01,,
EASY LUCE & GAS SRL,12159010011,12159010011,https://https://www.easy-luce-gas.it/,,Placet EE Fisso Altri Usi 3F,029837ESFFP01XXPLACETEFIXBUSINES,,Offerta attivabile presso punto vendita,Domiciliazione bancaria,28/01/2026,31/12/2026,non domestico,prezzo fisso,250.000000,,0.860000,0.820000,0.780000,0.810000,0.790000,0.900000,,01,,
EASY LUCE & GAS SRL,12159010011,12159010011,https://https://www.easy-luce-gas.it/,,Placet EE Fisso Domestici 2F,029837ESFFP01XXPLACETE026BIODOMX,,Offerta attivabile presso punto vendita,Domiciliazione bancaria,28/01/2026,31/12/2026,domestico,prezzo fisso,180.000000,,0.820000,0.780000,0.740000,0.740000,0.710000,0.830000,,01,,
EASY LUCE & GAS SRL,12159010011,12159010011,https://https://www.easy-luce-gas.it/,,Placet EE Variabile Altri Usi 3F,029837ESVMP01XXPLACETEBUSINESVAR,,Offerta attivabile presso punto vendita,Domiciliazione bancaria,28/01/2026,31/12/2026,non domestico,prezzo variabile,,260.000000,,,,,,,0.100000,01,,
ECOENERGIA S.R.L.,09118690966,09118690966,http://www.ecoenergia.com,02 80886873,ECO1PLACETVARBTAEE,024490ESVFP01XX00000000000003363,,Offerta attivabile da qualsiasi canale,Domiciliazione bancaria,24/10/2024,31/10/2030,non domestico,prezzo variabile,0.000000,250.000000,0.000000,0.000000,0.000000,0.000000,0.000000,0.000000,0.085000,,,
ECOENERGIA S.R.L.,09118690966,09118690966,http://www.ecoenergia.com,02 80886873,ECO1PLACETFIXEEBTA,024490ESFMP01XX00000000000013364,,Offerta attivabile da qualsiasi canale,Domiciliazione bancaria,24/10/2024,31/10/2030,non domestico,prezzo fisso,250.000000,0.000000,0.550000,0.550000,0.550000,0.000000,0.000000,0.550000,0.000000,,,
ECOENERGIA S.R.L.,09118690966,09118690966,http://www.ecoenergia.com,02 80886873,ECO1PLACETVAREEDOM,024490ESVFP01XX00000000000003362,,Offerta attivabile da qualsiasi canale,Domiciliazione bancaria,24/10/2024,31/10/2030,domestico,prezzo variabile,0.000000,220.000000,0.000000,0.000000,0.000000,0.000000,0.000000,0.000000,0.100000,,,
ECOENERGIA S.R.L.,09118690966,09118690966,http://www.ecoenergia.com,02 80886873,ECO1PLACETFIXEEDOM,024490ESFMP01XX00000000000013361,,Offerta attivabile da qualsiasi canale,Domiciliazione bancaria,24/10/2024,31/10/2030,domestico,prezzo fisso,220.000000,0.000000,0.521500,0.521500,0.521500,0.521500,0.521500,0.521500,0.000000,,,
ECOM S.P.A.,08000190721,08000190721,www.energiacomune.com,,PLACET LUCE,028056ESVMP01XX0000000PLACETLUCE,https://www.energiacomune.com/offerte-luce/placet-luce/,Offerta attivabile solo da web,Domiciliazione bancaria;Domiciliazione postale;Domiciliazione su carta di credito;Bollettino precompilato,04/06/2026,31/12/2026,domestico,prezzo variabile,,336.000000,,,,,,,0.050000,,,
ECOM S.P.A.,08000190721,08000190721,www.energiacomune.com,,PLACET EE ALTRI USI,028056ESVMP03XXPLACET0EE0ALTRI0U,,Offerta attivabile da qualsiasi canale,Domiciliazione bancaria,01/01/2026,31/12/2026,non domestico,prezzo variabile,,600.000000,,,,,,,0.050000,,,
EGERIA ENERGIE S.P.A.,08126440968,08126440968,http://www.egeriaenergie.it/,0236561898,EGERIAPL EBUSINESS VAR,018487ENVFP01XXEGERIAPLACBUS0124,http://www.egeriaenergie.it/,Offerta attivabile presso punto vendita,Domiciliazione bancaria,01/11/2025,31/08/2026,non domestico,prezzo variabile,,165.000000,,,,,,,0.089500,,,
EGERIA ENERGIE S.P.A.,08126440968,08126440968,http://www.egeriaenergie.it/,0236561898,EGERIAPL EDOMESTICO VAR,018487ENVFP01XXEGERIAPLACDOM0124,http://www.egeriaenergie.it/,Offerta attivabile presso punto vendita,Domiciliazione bancaria,01/11/2025,31/08/2026,domestico,prezzo variabile,,144.000000,,,,,,,0.089500,,,
EGOENERGIA SRL,04267940403,04267940403,www.egoenergia.com,,PLACET ENERGIA BUSINESS VARIABILE,025333ESVFP02XXBUSFLEXPLUS240808,www.egoenergia.com:8081,Agenzia,Domiciliazione bancaria,01/07/2025,31/12/2026,non domestico,prezzo variabile,,300.000000,,,,,,,0.060000,,,
EGOENERGIA SRL,04267940403,04267940403,www.egoenergia.com,,PLACET ENERGIA BUSINESS FISSO,025333ESFFP02XXBUSFIXPLUS240808x,www.egoenergia.com:8081,Agenzia,Domiciliazione bancaria,01/07/2025,31/12/2026,non domestico,prezzo fisso,300.000000,,0.465600,0.465600,0.465600,,,0.465600,,,,
EGOENERGIA SRL,04267940403,04267940403,www.egoenergia.com,,PLACET ENERGIA DOMESTICO FISSO,025333ESFFP02XXDOMFIX240808001xx,www.egoenergia.com:8081,Agenzia,Domiciliazione bancaria,01/07/2025,31/12/2026,domestico,prezzo fisso,300.000000,,,,,0.455000,0.448000,0.455000,,,,
EGOENERGIA SRL,04267940403,04267940403,www.egoenergia.com,,PLACET ENERGIA DOMESTICO VARIABILE,025333ESVFP02XXDOMFLEX240808xxxx,www.egoenergia.com:8081,Agenzia,Domiciliazione bancaria,01/07/2025,31/12/2026,domestico,prezzo variabile,,300.000000,,,,,,,0.060000,,,
ELETTRA LUCE E GAS SRL,17185031006,17185031006,http://www.elettraluceegas.srl,,PLACET AU EE FISSA,039464ESFFP02XX00PLACETAUEEFISSA,https://www.elettraluceegas.srl/offerte/offerte-placet/,Offerta attivabile da qualsiasi canale,Domiciliazione bancaria,23/05/2026,31/12/2027,non domestico,prezzo fisso,360.000000,,0.715000,0.715000,0.715000,,,0.715000,,,,
ELETTRA LUCE E GAS SRL,17185031006,17185031006,http://www.elettraluceegas.srl,,PLACET DO EE VARIABILE,039464ESVFP01XX0000PLACETEEVAR26,https://www.elettraluceegas.srl/offerte/offerte-luce/,Offerta attivabile da qualsiasi canale,Domiciliazione bancaria;Domiciliazione su carta di credito;Bollettino precompilato,22/05/2026,31/12/2027,domestico,prezzo variabile,,360.000000,,,,,,,0.060000,,,
ELIT Energia S.r.l.,11655010962,11655010962,WWW.ELITENERGIA.IT,,ELIT PLACET VARIABILE ENERGIA IMPRESA,036868ESVFP12XX000PLACETBSSEEVAR,https://elitenergia.it/offerte/offerta-luce-casa,Offerta attivabile presso punto vendita,Domiciliazione bancaria;Domiciliazione postale,11/06/2026,10/08/2026,non domestico,prezzo variabile,,173.000000,,,,,,,0.039000,,,
ELIT Energia S.r.l.,11655010962,11655010962,WWW.ELITENERGIA.IT,,ELIT PLACET_CASA FISSA ENERGIA,036868ESFFP02XX00CASAPLACETEEFIX,https://elitenergia.it/offerte/offerta-luce-casa,Offerta attivabile presso punto vendita,Domiciliazione bancaria;Domiciliazione postale;Bollettino precompilato,11/06/2026,10/08/2026,domestico,prezzo fisso,144.000000,,,,,0.182000,0.180000,0.181000,,,,
ELIT Energia S.r.l.,11655010962,11655010962,WWW.ELITENERGIA.IT,,ELIT PLACET_CASA VARIABILE ENERGIA,036868ESVFP02XX00CASAPLACETEEVAR,https://elitenergia.it/offerte/offerta-luce-casa,Offerta attivabile presso punto vendita,Domiciliazione bancaria;Domiciliazione postale,11/06/2026,10/08/2026,domestico,prezzo variabile,,144.000000,,,,,,,0.039000,,,
ELIT Energia S.r.l.,11655010962,11655010962,WWW.ELITENERGIA.IT,,ELIT PLACET FISSA ENERGIA IMPRESA,036868ESFFP12XX000PLACETBSSEEFIX,https://elitenergia.it/offerte/offerta-luce-casa,Offerta attivabile presso punto vendita,Domiciliazione bancaria;Domiciliazione postale,11/06/2026,10/08/2026,non domestico,prezzo fisso,173.000000,,0.182000,0.180000,0.180000,,,0.181000,,,,
ELO Energy S.r.l.,05288940280,05288940280,https://eloenergy.it,,PLACET PER LA TUA AZIENDA,035442ESFFP01XXPL239969798384100,,Offerta attivabile solo da web,Domiciliazione bancaria;Domiciliazione postale;Bollettino precompilato,06/07/2023,31/12/2050,non domestico,prezzo fisso,180.000000,,0.400000,0.355000,0.328000,,,0.400000,,,,
ELO Energy S.r.l.,05288940280,05288940280,https://eloenergy.it,,PLACET PER LA TUA AZIENDA,035442ESVFP01XXPL239975087324400,,Offerta attivabile solo da web,Domiciliazione bancaria;Domiciliazione postale;Bollettino precompilato,06/07/2023,31/12/2050,non domestico,prezzo variabile,,180.000000,,,,,,,0.085000,,,
ELO Energy S.r.l.,05288940280,05288940280,https://eloenergy.it,,PLACET PER LA TUA CASA,035442ESFFP01XXPL239980376264700,,Offerta attivabile solo da web,Domiciliazione bancaria;Domiciliazione postale;Bollettino precompilato,06/07/2023,31/12/2050,domestico,prezzo fisso,172.000000,,,,,0.400000,0.350000,0.400000,,,,
ELO Energy S.r.l.,05288940280,05288940280,https://eloenergy.it,,PLACET PER LA TUA CASA,035442ESVFP01XXPL239985665205000,,Offerta attivabile solo da web,Domiciliazione bancaria;Domiciliazione postale;Bollettino precompilato,06/07/2023,31/12/2050,domestico,prezzo variabile,,180.000000,,,,,,,0.085000,,,
EMME2SERVIZI S.R.L.,07000311212,07000311212,www.emme2servizi.it,,M2SERVEEALTRIUSIFISSO,014293ESVFP01XXM2EEBUS0000002026,,Offerta attivabile presso punto vendita,Domiciliazione postale,22/01/2026,31/12/2026,non domestico,prezzo variabile,,168.000000,,,,,,,0.020000,,,
EMME2SERVIZI S.R.L.,07000311212,07000311212,www.emme2servizi.it,,M2SERVEEDOMFISSOCASA,014293ESVFP01XXM2EEDOM0000002026,,Offerta attivabile presso punto vendita,Domiciliazione postale,22/01/2026,31/12/2026,domestico,prezzo variabile,,108.000000,,,,,,,0.020000,,,
ENERCOM,01262680190,01262680190,www.enercomlucegas.it,0373893566,ENERCOM PLACET FISSA LUCE CASA,000732ESFFP04XXPFED2607XXXXXXXXX,https://www.enercom.it/offers/enercom-placet-casa,Offerta attivabile presso punto vendita,Domiciliazione bancaria;Domiciliazione postale;Bollettino precompilato;Altro,01/07/2026,31/07/2026,domestico,prezzo fisso,156.000000,0.000000,0.327270,0.327270,0.309090,0.327270,0.309090,0.318180,0.000000,,,
ENERCOM,01262680190,01262680190,www.enercomlucegas.it,0373893566,ENERCOM PLACET VARIABILE LUCE CASA,000732ESVFP04XXPVED2607XXXXXXXXX,https://www.enercom.it/offers/enercom-placet-casa,Offerta attivabile presso punto vendita,Domiciliazione bancaria;Domiciliazione postale;Domiciliazione su carta di credito;Bollettino precompilato;Altro,01/07/2026,31/07/2026,domestico,prezzo variabile,0.000000,156.000000,0.000000,0.000000,0.000000,0.000000,0.000000,0.000000,0.069000,,,
ENERCOM,01262680190,01262680190,www.enercomlucegas.it,0373893566,ENERCOM PLACET FISSA LUCE BUSINESS,000732ESFFP04XXPFEB2607XXXXXXXXX,https://www.enercom.it/offers/enercom-placet-business,Offerta attivabile presso punto vendita,Domiciliazione bancaria;Domiciliazione postale;Bollettino precompilato;Altro,01/07/2026,31/07/2026,non domestico,prezzo fisso,204.000000,0.000000,0.327270,0.327270,0.309090,0.327270,0.309090,0.318180,0.000000,,,
ENERCOM,01262680190,01262680190,www.enercomlucegas.it,0373893566,ENERCOM PLACET VARIABILE LUCE BUSINESS,000732ESVFP04XXPVEB2607XXXXXXXXX,https://www.enercom.it/offers/enercom-placet-business,Offerta attivabile presso punto vendita,Domiciliazione bancaria;Domiciliazione postale;Bollettino precompilato;Altro,01/07/2026,31/07/2026,non domestico,prezzo variabile,0.000000,204.000000,0.000000,0.000000,0.000000,0.000000,0.000000,0.000000,0.069000,,,
ENERFIN,12398851001,12398851001,https://enerfin.it/,066833706,ENERFIN OFFERTA UNICA DOMESTICI,023251ESVFP99XX00000000000000004,,Offerta attivabile solo da web,Domiciliazione bancaria,01/08/2024,31/12/2099,non domestico,prezzo variabile,,228.000000,,,,,,,0.030000,,,
ENERGENTIUM SOCIETA` BENEFIT S.R.L. A SOCIO UNICO,03124790308,03124790308,www.energentium.it,,Placet Variabile Business,040230ESVFP01XX0000000EVPB00726L,https://www.energentium.it/offerta/placet-impresa-variabile/,Offerta attivabile solo da web;Agenzia,Domiciliazione bancaria;Domiciliazione postale;Bollettino precompilato,13/07/2026,10/09/2026,non domestico,prezzo variabile,,192.000000,,,,,,,0.050000,,,
ENERGENTIUM SOCIETA` BENEFIT S.R.L. A SOCIO UNICO,03124790308,03124790308,www.energentium.it,,Placet Fissa Business,040230ESFFP01XX0000000EFPB00726L,https://www.energentium.it/offerta/placet-impresa-fisso/,Offerta attivabile solo da web,Domiciliazione bancaria;Domiciliazione postale;Bollettino precompilato,13/07/2026,10/09/2026,non domestico,prezzo fisso,192.000000,,0.500000,0.500000,0.500000,,,0.500000,,,,
ENERGENTIUM SOCIETA` BENEFIT S.R.L. A SOCIO UNICO,03124790308,03124790308,www.energentium.it,,Placet Variabile Casa,040230ESVFP01XX0000000EVPC00726L,https://www.energentium.it/offerta/placet-casa-variabile/,Offerta attivabile solo da web;Agenzia,Domiciliazione bancaria;Domiciliazione postale;Bollettino precompilato,13/07/2026,10/09/2026,domestico,prezzo variabile,,156.000000,,,,,,,0.075000,,,
ENERGENTIUM SOCIETA` BENEFIT S.R.L. A SOCIO UNICO,03124790308,03124790308,www.energentium.it,,Placet Fissa Casa,040230ESFFP01XX0000000EFPC00726L,https://www.energentium.it/offerta/placet-casa-fisso/,Offerta attivabile solo da web,Domiciliazione bancaria;Domiciliazione postale;Bollettino precompilato,13/07/2026,10/09/2026,domestico,prezzo fisso,156.000000,,,,,0.500000,0.500000,0.500000,,,,
ENERGETICA SRL,11319110968,11319110968,www.energeticalucegas.it,,PLCT_E_VAR_BUS,035471ESVMP02XX0000PLACETEVARBUS,,Offerta attivabile presso punto vendita,Domiciliazione bancaria;Bollettino precompilato;Altro,22/07/2025,31/12/2099,non domestico,prezzo variabile,,200.000000,,,,,,,0.140000,,,
ENERGETICA SRL,11319110968,11319110968,www.energeticalucegas.it,,PLCT_E_FIX_3F_BUS,035471ESFFP02XX00PLACETEFIX3FBUS,,Offerta attivabile presso punto vendita,Domiciliazione bancaria;Bollettino precompilato;Altro,22/07/2025,31/12/2099,non domestico,prezzo fisso,200.000000,,0.350000,0.330000,0.330000,,,0.340000,,,,
ENERGETICA SRL,11319110968,11319110968,www.energeticalucegas.it,,PLCT_E_FIX_BIO_DOM,035471ESFFP01XX0PLACETEFIXBIODOM,,Offerta attivabile presso punto vendita,Domiciliazione bancaria;Bollettino precompilato;Altro,22/07/2025,31/12/2099,domestico,prezzo fisso,180.000000,,,,,0.340000,0.320000,0.340000,,,,
ENERGETICA SRL,11319110968,11319110968,www.energeticalucegas.it,,PLCT_E_VAR_DOM,035471ESVMP02XX0000PLACETEVARDOM,,Offerta attivabile presso punto vendita,Domiciliazione bancaria;Bollettino precompilato;Altro,22/07/2025,31/12/2099,domestico,prezzo variabile,,180.000000,,,,,,,0.140000,,,
ENERGIA AZZURRA SRL,03734410040,03734410040,www.energiaazzurra.it,0192072020,ENERGIA AZZURRA PLACET Fissa Luce Business,027074ESFFP01XXPLCTXBUSXFIXX2026,https://energiaazzurra.it/,Offerta attivabile da qualsiasi canale,Domiciliazione bancaria;Bollettino precompilato;Altro,08/07/2026,31/12/2026,non domestico,prezzo fisso,186.000000,,0.407000,0.390500,0.352000,,,0.389130,,,,
ENERGIA AZZURRA SRL,03734410040,03734410040,www.energiaazzurra.it,0192072020,ENERGIA AZZURRA PLACET Variabile Luce Business,027074ESVFP01XXPLCTXBUSXVARX2026,https://energiaazzurra.it/,Offerta attivabile da qualsiasi canale,Domiciliazione bancaria;Bollettino precompilato;Altro,08/07/2026,31/12/2026,non domestico,prezzo variabile,,186.000000,,,,,,,0.055000,,,
ENERGIA AZZURRA SRL,03734410040,03734410040,www.energiaazzurra.it,0192072020,ENERGIA AZZURRA PLACET Variabile Luce Domestico,027074ESVFP01XXPLCTXDOMXVARX2026,https://energiaazzurra.it/,Offerta attivabile da qualsiasi canale,Domiciliazione bancaria;Bollettino precompilato;Altro,08/07/2026,31/12/2026,domestico,prezzo variabile,,186.000000,,,,,,,0.044000,,,
ENERGIA AZZURRA SRL,03734410040,03734410040,www.energiaazzurra.it,0192072020,ENERGIA AZZURRA PLACET Fissa Luce Domestico,027074ESFFP01XXPLCTXDOMXFIXX2026,https://energiaazzurra.it/,Offerta attivabile da qualsiasi canale,Domiciliazione bancaria;Bollettino precompilato;Altro,08/07/2026,31/12/2026,domestico,prezzo fisso,186.000000,,,,,0.407000,0.363000,0.377520,,,,
ENERGIA PIU S.R.L.,04211550241,04211550241,https://www.energiapiuattiva.it/,,ENEPLACETFIXDOM26,030231ESVFP01XXENEPLACETFIXDOM26,,Offerta attivabile da qualsiasi canale,Domiciliazione bancaria,25/03/2026,31/12/2027,domestico,prezzo fisso,200.000000,,,,,0.275000,0.275000,0.275000,,,,
ENERGIA PIU S.R.L.,04211550241,04211550241,https://www.energiapiuattiva.it/,,ENEXPLACETVARAU26,030231ESVFP01XXENEXPLACETVARAU26,,Offerta attivabile da qualsiasi canale,Domiciliazione bancaria,25/03/2026,31/12/2027,non domestico,prezzo variabile,,200.000000,,,,,,,0.880000,,,
ENERGIA PIU S.R.L.,04211550241,04211550241,https://www.energiapiuattiva.it/,,ENEPLACETVARDOM26,030231ESVFP01XXENEPLACETVARDOM26,,Offerta attivabile da qualsiasi canale,Domiciliazione bancaria,25/03/2026,31/12/2027,domestico,prezzo variabile,,200.000000,,,,,,,0.880000,,,
ENERGIA PIU S.R.L.,04211550241,04211550241,https://www.energiapiuattiva.it/,,ENEXPLACETFIXAU26,030231ESVFP01XXENEXPLACETFIXAU26,,Offerta attivabile da qualsiasi canale,Domiciliazione bancaria,25/03/2026,31/12/2027,non domestico,prezzo fisso,200.000000,,0.275000,0.275000,0.275000,,,0.275000,,,,
ENERGIA PULITA S.R.L.,10802400969,10802400969,http://www.energiapulita.energy/,,ENERGIA-PULITA_PLACET-FISSA_LUCE_ALTRI-USI,029456ESFFP01XX46838EnergiaXpEPU,https://www.energiapulita.energy/luce,Offerta attivabile solo da web;Offerta attivabile presso punto vendita,Domiciliazione bancaria;Domiciliazione postale;Bollettino precompilato,15/07/2026,14/10/2026,non domestico,prezzo fisso,450.000000,,0.393000,0.373000,0.261300,,,0.330000,,,,
ENERGIA PULITA S.R.L.,10802400969,10802400969,http://www.energiapulita.energy/,,ENERGIA-PULITA_PLACET-VARIABILE_LUCE_ALTRI-USI,029456ESVFP01XX46843EnergiaXpEPU,https://www.energiapulita.energy/luce,Offerta attivabile solo da web;Offerta attivabile presso punto vendita,Domiciliazione bancaria;Domiciliazione postale;Bollettino precompilato,15/07/2026,14/10/2026,non domestico,prezzo variabile,,450.000000,,,,,,,0.066000,,,
ENERGIA PULITA S.R.L.,10802400969,10802400969,http://www.energiapulita.energy/,,ENERGIA-PULITA_PLACET-VARIABILE_LUCE_DOMESTICO,029456ESVFP01XX46765EnergiaXpEPU,https://www.energiapulita.energy/luce,Offerta attivabile solo da web;Offerta attivabile presso punto vendita,Domiciliazione bancaria;Domiciliazione postale;Bollettino precompilato,15/07/2026,14/10/2026,domestico,prezzo variabile,,450.000000,,,,,,,0.055000,,,
ENERGIA PULITA S.R.L.,10802400969,10802400969,http://www.energiapulita.energy/,,ENERGIA-PULITA_PLACET-FISSA_LUCE_DOMESTICO,029456ESFFP01XX46741EnergiaXpEPU,https://www.energiapulita.energy/luce,Offerta attivabile solo da web;Offerta attivabile presso punto vendita,Domiciliazione bancaria;Domiciliazione postale;Bollettino precompilato,15/07/2026,14/10/2026,domestico,prezzo fisso,450.000000,,,,,0.393000,0.300000,0.330000,,,,
ENERGIA SOCIALE S.p.A.,14311741004,14311741004,https://www.energiasociale.it/,,Energia Sociale Placet Variabile Ele BT Altri Usi,026700ESVFP01XXPLACET2024BTAXXXX,,Offerta attivabile da qualsiasi canale,Domiciliazione bancaria;Domiciliazione postale;Bollettino precompilato,19/07/2024,31/01/2034,non domestico,prezzo variabile,,360.000000,,,,,,,0.075000,,,
ENERGIA SOCIALE S.p.A.,14311741004,14311741004,https://www.energiasociale.it/,,Energia Sociale Placet Variabile Ele Domestici Casa,026700ESVFP01XXPLACET2024DOMXXXX,,Offerta attivabile da qualsiasi canale,Domiciliazione bancaria;Domiciliazione postale;Bollettino precompilato,11/01/2024,31/01/2034,domestico,prezzo variabile,,120.000000,,,,,,,0.033000,,,
ENERGIA SOCIALE S.p.A.,14311741004,14311741004,https://www.energiasociale.it/,,Energia Sociale Placet Fissa Ele Domestici,026700ESFFP01XXPLACET2024DOMXXXX,,Offerta attivabile da qualsiasi canale,Domiciliazione bancaria;Domiciliazione postale;Bollettino precompilato,19/07/2024,31/01/2034,domestico,prezzo fisso,240.000000,,0.600000,0.600000,0.500000,0.600000,0.550000,0.500000,,,,
ENERGIA SOCIALE S.p.A.,14311741004,14311741004,https://www.energiasociale.it/,,Energia Sociale Placet Fissa Ele BT Altri Usi,026700ESFFP01XXPLACET2024BTAXXXX,,Offerta attivabile da qualsiasi canale,Domiciliazione bancaria;Domiciliazione postale;Bollettino precompilato,19/07/2024,31/01/2034,non domestico,prezzo fisso,360.000000,,0.600000,0.550000,0.500000,0.600000,0.500000,0.550000,,,,
ENERGIA VERDE ITALIA S.P.A.,05959600650,05959600650,http://energiaverdeitalia.it/,,PLACET PER LA TUA AZIENDA,036156ESFFP01XXPL270500313902800,,Offerta attivabile solo da web,Domiciliazione bancaria;Domiciliazione postale;Bollettino precompilato,07/07/2023,31/12/2050,non domestico,prezzo fisso,150.000000,,0.250000,0.250000,0.250000,,,0.250000,,,,
ENERGIA VERDE ITALIA S.P.A.,05959600650,05959600650,http://energiaverdeitalia.it/,,PLACET PER LA TUA CASA,036156ESFFP01XXPL270512233104100,,Offerta attivabile solo da web,Domiciliazione bancaria;Domiciliazione postale;Bollettino precompilato,07/07/2023,31/12/2050,domestico,prezzo fisso,69.880000,,,,,0.250000,0.250000,0.250000,,,,
ENERGIA VERDE ITALIA S.P.A.,05959600650,05959600650,http://energiaverdeitalia.it/,,PLACET PER LA TUA AZIENDA,036156ESVFP01XXPL270506273503500,,Offerta attivabile solo da web,Domiciliazione bancaria;Domiciliazione postale;Bollettino precompilato,07/07/2023,31/12/2050,non domestico,prezzo variabile,,150.000000,,,,,,,0.020000,,,
ENERGIA.0 SRL,05019770261,05019770261,http://www.energiapuntozero.it/,,PLACET PER LA TUA AZIENDA,029518ESVFP01XXPL227721877890200,,Offerta attivabile solo da web,Domiciliazione bancaria;Domiciliazione postale;Bollettino precompilato,06/07/2023,31/12/2050,non domestico,prezzo variabile,,144.000000,,,,,,,0.035200,,,
ENERGIA.0 SRL,05019770261,05019770261,http://www.energiapuntozero.it/,,PLACET PER LA TUA CASA,029518ESVFP01XXPL227731917430700,,Offerta attivabile solo da web,Domiciliazione bancaria;Domiciliazione postale;Bollettino precompilato,06/07/2023,31/12/2050,domestico,prezzo variabile,,144.000000,,,,,,,0.032200,,,
ENERGICA S.r.l.,02189860063,02189860063,https://www.energicalucegas.it/it/,800845074,ENERGICA PLACET FISSA EE,000552ESFFP02XX23_PLACETFISSA_AU,,Offerta attivabile presso punto vendita,Domiciliazione bancaria;Domiciliazione postale;Bollettino precompilato;Altro,20/09/2023,31/12/2099,non domestico,prezzo fisso,132.000000,,0.650000,0.640000,0.600000,,,0.670000,,,,
ENERGICA S.r.l.,02189860063,02189860063,https://www.energicalucegas.it/it/,800845074,ENERGICA PLACET FISSA EE,000552ESFFP01XX23_PLACETFISSA_D_,,Offerta attivabile presso punto vendita,Domiciliazione bancaria;Domiciliazione postale;Bollettino precompilato;Altro,20/09/2023,31/12/2099,domestico,prezzo fisso,96.000000,,,,,0.650000,0.620000,0.670000,,,,
ENERGICA S.r.l.,02189860063,02189860063,https://www.energicalucegas.it/it/,800845074,ENERGICA PLACET VARIABILE EE,000552ESVFP02XX23_PLACETINDEX_AU,,Offerta attivabile presso punto vendita,Domiciliazione bancaria;Domiciliazione postale;Bollettino precompilato;Altro,20/09/2023,31/12/2099,non domestico,prezzo variabile,,132.000000,,,,,,,0.300000,,,
ENERGICA S.r.l.,02189860063,02189860063,https://www.energicalucegas.it/it/,800845074,ENERGICA PLACET VARIABILE EE,000552ESVFP01XX23_PLACETINDEX_D_,,Offerta attivabile presso punto vendita,Domiciliazione bancaria;Domiciliazione postale;Bollettino precompilato;Altro,20/09/2023,31/12/2099,domestico,prezzo variabile,,96.000000,,,,,,,0.300000,,,
ENERGIE ECOLOGICHE SRL,06720910634,03485071215,https://www.energie-ecologiche.it,,Energie Ecologiche Placet Variabile Ele Altri usi,035625ESVFP01XX250800PLAEVBUS001,https://www.energie-ecologiche.it/placet,Offerta attivabile solo da web;Offerta attivabile presso punto vendita,Domiciliazione bancaria;Bollettino precompilato,01/10/2025,30/09/2026,non domestico,prezzo variabile,,300.000000,,,,,,,0.080000,,,
ENERGIE ECOLOGICHE SRL,06720910634,03485071215,https://www.energie-ecologiche.it,,Energie Ecologiche Placet Fissa Ele Domestici,035625ESFFP01XX250800PLAEFDOM001,https://www.energie-ecologiche.it/placet,Offerta attivabile solo da web;Offerta attivabile presso punto vendita,Domiciliazione bancaria;Bollettino precompilato,01/10/2025,30/09/2026,domestico,prezzo fisso,300.000000,,,,,0.460000,0.430000,0.450000,,,,
ENERGIE ECOLOGICHE SRL,06720910634,03485071215,https://www.energie-ecologiche.it,,Energie Ecologiche Placet Variabile Ele Domestici,035625ESVFP01XX250800PLAEVDOM001,https://www.energie-ecologiche.it/placet,Offerta attivabile solo da web;Offerta attivabile presso punto vendita,Domiciliazione bancaria;Bollettino precompilato,01/10/2025,30/09/2026,domestico,prezzo variabile,,300.000000,,,,,,,0.080000,,,
ENERGIE ECOLOGICHE SRL,06720910634,03485071215,https://www.energie-ecologiche.it,,Energie Ecologiche Placet Fissa Ele Altri usi,035625ESFFP01XX250800PLAEFBUS001,https://www.energie-ecologiche.it/placet,Offerta attivabile solo da web;Offerta attivabile presso punto vendita,Domiciliazione bancaria;Bollettino precompilato,01/10/2025,30/09/2026,non domestico,prezzo fisso,300.000000,,0.470000,0.420000,0.420000,,,0.430000,,,,
ENERGY POWER SOCIETA' A RESPONSABILITA' LIMITATA,07114790483,07114790483,www.energypower.green,,ENERGY POWER SOCIETA' A RESPONSABILITA' LIMITATA PLACET,037084ESVMP02XXPLACETVARIABILEAU,https://energypower.green/it/offerte-business/offerte-luce-business#pills-1-1,Agenzia,Domiciliazione bancaria;Domiciliazione postale;Bollettino precompilato;Altro,01/07/2026,30/09/2026,non domestico,prezzo variabile,,243.800000,,,,,,,0.100000,,,
ENERGY POWER SOCIETA' A RESPONSABILITA' LIMITATA,07114790483,07114790483,www.energypower.green,,ENERGY POWER SOCIETA' A RESPONSABILITA' LIMITATA PLACET,037084ESVMP02XXPLACETVARIABILEDO,https://energypower.green/it/offerte-domestici/offerte-luce-privati#pills-1-1,Agenzia,Domiciliazione bancaria;Domiciliazione postale;Bollettino precompilato;Altro,01/07/2026,30/09/2026,domestico,prezzo variabile,,123.800000,,,,,,,0.100000,,,
ENERGY POWER SOCIETA' A RESPONSABILITA' LIMITATA,07114790483,07114790483,www.energypower.green,,ENERGY POWER SOCIETA' A RESPONSABILITA' LIMITATA PLACET,037084ESFFP02XXXXPLACETXFISSAXAU,https://energypower.green/it/offerte-business/offerte-luce-business#pills-1-0,Agenzia,Domiciliazione bancaria;Domiciliazione postale;Bollettino precompilato;Altro,01/07/2026,30/09/2026,non domestico,prezzo fisso,243.800000,,0.309000,0.299000,0.279000,,,0.299000,,,,
ENERGY POWER SOCIETA' A RESPONSABILITA' LIMITATA,07114790483,07114790483,www.energypower.green,,ENERGY POWER SOCIETA' A RESPONSABILITA' LIMITATA PLACET,037084ESFFP02XXXXPLACETXFISSAXDO,https://energypower.green/it/offerte-domestici/offerte-luce-privati#pills-1-0,Agenzia,Domiciliazione bancaria;Domiciliazione postale;Bollettino precompilato;Altro,01/07/2026,30/09/2026,domestico,prezzo fisso,123.800000,,,,,0.309000,0.289000,0.299000,,,,
ENERGY PROGRESS S.P.A.,02930720780,02930720780,www.energyprogress.it,,Venditore1 EP PLACET FISSO LUCE BUSINESS,002290ESFFP01XXPLACETFISBUS82025,https://www.energyprogress.it/plafilucebus.html,Offerta attivabile da qualsiasi canale,Domiciliazione bancaria;Domiciliazione postale;Bollettino precompilato,14/05/2026,31/08/2027,non domestico,prezzo fisso,216.000000,,0.319000,0.319000,0.319000,,,0.319000,,,,
ENERGY PROGRESS S.P.A.,02930720780,02930720780,www.energyprogress.it,,Venditore1 EP PLACET VARIABILE LUCE BUSINESS,002290ESVFP01XXPLACETVARBUS82025,https://www.energyprogress.it/plavarlucebus.html,Offerta attivabile da qualsiasi canale,Domiciliazione bancaria;Domiciliazione postale;Bollettino precompilato,14/05/2026,31/08/2027,non domestico,prezzo variabile,,216.000000,,,,,,,0.044000,,,
ENERGY PROGRESS S.P.A.,02930720780,02930720780,www.energyprogress.it,,EP PLACET VARIABILE LUCE DOMESTICO,002290ESVFP01XXPLACETVAR21082025,https://www.energyprogress.it/plavarlucedom.html,Offerta attivabile da qualsiasi canale,Domiciliazione bancaria;Domiciliazione postale;Bollettino precompilato,14/05/2026,31/08/2027,domestico,prezzo variabile,,144.000000,,,,,,,0.060000,,,
ENERGY PROGRESS S.P.A.,02930720780,02930720780,www.energyprogress.it,,Venditore1 EP PLACET FISSO LUCE DOMESTICO,002290ESFFP01XXPLACETFISDOM82025,https://www.energyprogress.it/plafilucedom.html,Offerta attivabile da qualsiasi canale,Domiciliazione bancaria;Domiciliazione postale;Bollettino precompilato,14/05/2026,31/08/2027,domestico,prezzo fisso,144.000000,,,,,0.238700,0.238700,0.238700,,,,
ENERGY TECNO SPA,04288670757,04288670757,http://www.energytecno.com,,PLACET PER LA TUA AZIENDA,035565ESVFP01XXPL194645610977200,,Offerta attivabile solo da web,Domiciliazione bancaria;Domiciliazione postale;Bollettino precompilato,07/07/2023,31/12/2050,non domestico,prezzo variabile,,120.000000,,,,,,,0.500000,,,
ENERGY TECNO SPA,04288670757,04288670757,http://www.energytecno.com,,PLACET PER LA TUA CASA,035565ESFFP01XXPL194649899647900,,Offerta attivabile solo da web,Domiciliazione bancaria;Domiciliazione postale;Bollettino precompilato,07/07/2023,31/12/2050,domestico,prezzo fisso,70.000000,,,,,0.700000,0.700000,0.700000,,,,
ENERGY TECNO SPA,04288670757,04288670757,http://www.energytecno.com,,PLACET PER LA TUA CASA,035565ESVFP01XXPL194654188318700,,Offerta attivabile solo da web,Domiciliazione bancaria;Domiciliazione postale;Bollettino precompilato,07/07/2023,31/12/2050,domestico,prezzo variabile,,70.000000,,,,,,,0.500000,,,
ENERGY TECNO SPA,04288670757,04288670757,http://www.energytecno.com,,PLACET PER LA TUA AZIENDA,035565ESFFP01XXPL194641322306400,,Offerta attivabile solo da web,Domiciliazione bancaria;Domiciliazione postale;Bollettino precompilato,07/07/2023,31/12/2050,non domestico,prezzo fisso,120.000000,,0.700000,0.700000,0.700000,,,0.700000,,,,
ENERGY4U SRL,11255490960,11255490960,www.energy4u.it,,PLACET VARIABILE EE ALTRI USI,035289ESVOP01XX020264UEDBALLAVPL,https://energy4u.it/offerta-placet-luce-e-gas/,altro,Domiciliazione bancaria;Altro,29/04/2026,31/12/2050,non domestico,prezzo variabile,,600.000000,,,,,,,0.030000,,,
ENERGY4U SRL,11255490960,11255490960,www.energy4u.it,,PLACET VARIABILE EE DOMESTICO,035289ESVOP01XX020264UEDCALLDVPL,https://energy4u.it/offerta-placet-luce-e-gas/,altro,Domiciliazione bancaria;Altro,29/04/2026,31/12/2050,domestico,prezzo variabile,,600.000000,,,,,,,0.030000,,,
ENERGY4U SRL,11255490960,11255490960,www.energy4u.it,,PLACET FISSO EE DOMESTICO,035289ESFOP01XX020264UEDCALLDFPL,https://energy4u.it/offerta-placet-luce-e-gas/,altro,Domiciliazione bancaria;Altro,04/06/2026,31/12/2026,domestico,prezzo fisso,240.000000,,,,,0.322810,0.317290,0.318980,,,,
ENERGY4U SRL,11255490960,11255490960,www.energy4u.it,,PLACET FISSO EE ALTRI USI,035289ESFOP01XX020264UEDBALLAFPL,https://energy4u.it/offerta-placet-luce-e-gas/,altro,Domiciliazione bancaria;Altro,04/06/2026,31/12/2026,non domestico,prezzo fisso,600.000000,,0.321890,0.330030,0.311230,,,0.318980,,,,
ENERGYE S.R.L.,03946001207,03946001207,www.energye.net,,PLACETENERGIA,037078ESVFP01XX0000PLACETENERGIA,https://www.energye.net/#offerte,Offerta attivabile da qualsiasi canale,Domiciliazione bancaria;Domiciliazione su carta di credito;Bollettino precompilato,02/07/2026,31/08/2026,domestico,prezzo variabile,,216.000000,,,,,,,0.037000,,,
ENERGYUP S.R.L.,03639361207,03639361207,https://www.energy-up.it/,,ENERGYUP PLACET FISSA LUCE CONDOMINI,026789ESFMP40XXZZ90081Z260711E01,https://www.energy-up.it/tariffe-placet.html,Offerta attivabile da qualsiasi canale,Domiciliazione bancaria;Domiciliazione postale;Bollettino precompilato;Altro,11/07/2026,10/08/2026,non domestico,prezzo fisso,144.000000,,0.220000,0.220000,0.220000,,,0.220000,,,,
ENERGYUP S.R.L.,03639361207,03639361207,https://www.energy-up.it/,,ENERGYUP PLACET VARIABILE LUCE CONDOMINI,026789ESVMP40XXZZ90082Z260711E01,https://www.energy-up.it/tariffe-placet.html,Offerta attivabile da qualsiasi canale,Domiciliazione bancaria;Domiciliazione postale;Bollettino precompilato;Altro,11/07/2026,10/08/2026,non domestico,prezzo variabile,,144.000000,,,,,,,0.060000,,,
ENGIE ITALIA S.p.A.,06289781004,06289781004,https://casa.engie.it,800422422,Engie Placet variabile non domestici,001714ESVOP03XXPLVP0000300000000,https://www.engie.it/business-enti/offerte-luce-gas-aziende/partita-iva/placet,altro,Domiciliazione bancaria;Domiciliazione postale;Bollettino precompilato,09/07/2026,05/08/2026,non domestico,prezzo variabile,156.000000,156.000000,,,,,,,0.048700,,,
ENGIE ITALIA S.p.A.,06289781004,06289781004,https://casa.engie.it,800422422,Engie Placet variabile domestici,001714ESVOP03XXPLVD0000300000000,https://www.engie.it/casa/offerte-luce-gas/placet,altro,Domiciliazione bancaria;Domiciliazione postale;Bollettino precompilato,09/07/2026,05/08/2026,domestico,prezzo variabile,132.000000,132.000000,,,,,,,0.039500,,,
ENGIE ITALIA S.p.A.,06289781004,06289781004,https://casa.engie.it,800422422,Engie Placet fissa domestici,001714ESFFP03XXPLFD0000300000000,https://www.engie.it/casa/offerte-luce-gas/placet,altro,Domiciliazione bancaria;Domiciliazione postale;Bollettino precompilato,09/07/2026,05/08/2026,domestico,prezzo fisso,132.000000,132.000000,0.311660,0.306140,0.306140,0.311660,0.306140,0.308010,,,,
ENGIE ITALIA S.p.A.,06289781004,06289781004,https://casa.engie.it,800422422,Engie Placet fissa non domestici,001714ESFFP03XXPLFP0000300000000,https://www.engie.it/business-enti/offerte-luce-gas-aziende/partita-iva/placet,altro,Domiciliazione bancaria;Domiciliazione postale;Bollettino precompilato,09/07/2026,05/08/2026,non domestico,prezzo fisso,156.000000,156.000000,0.429870,0.415000,0.415000,0.429870,0.415000,0.420010,,,,
ENJOY ENERGY SRL,03889990135,03889990135,https://www.enjoyenergy.it,,PLACET Altri Usi Luce Variabile,034939ESVFP01XXBWPLAVXWEW0126W1X,https://www.enjoyenergy.it/offerte-luce-gas/placet/,Offerta attivabile solo da web,Domiciliazione bancaria;Domiciliazione postale;Bollettino precompilato,21/01/2026,15/01/2027,non domestico,prezzo variabile,0.000000,240.000000,0.000000,0.000000,0.000000,0.000000,0.000000,0.000000,0.025000,,,
ENJOY ENERGY SRL,03889990135,03889990135,https://www.enjoyenergy.it,,DWPLAFXWEW0125W1X,034939ESFFP01XXDWPLAFXWEW0126W1X,https://www.enjoyenergy.it/offerte-luce-gas/placet/,Offerta attivabile solo da web,Domiciliazione bancaria;Domiciliazione postale;Bollettino precompilato,21/01/2026,15/01/2027,domestico,prezzo fisso,280.000000,0.000000,0.000000,0.000000,0.000000,0.350000,0.350000,0.350000,0.000000,,,
ENJOY ENERGY SRL,03889990135,03889990135,https://www.enjoyenergy.it,,PLACET Altri Usi Luce Fisso,034939ESFFP01XXBWPLAFXWEW0126W1X,https://www.enjoyenergy.it/offerte-luce-gas/placet/,Offerta attivabile solo da web,Domiciliazione bancaria;Bollettino precompilato,21/01/2026,15/01/2027,non domestico,prezzo fisso,480.000000,0.000000,0.350000,0.350000,0.350000,0.000000,0.000000,0.350000,0.000000,,,
ENJOY ENERGY SRL,03889990135,03889990135,https://www.enjoyenergy.it,,DWPLAVXWEW0124W1X,034939ESVFP01XXDWPLAVXWEW0126W1X,https://www.enjoyenergy.it/offerte-luce-gas/placet/,Offerta attivabile solo da web,Domiciliazione bancaria;Domiciliazione postale;Bollettino precompilato,21/01/2026,15/01/2027,domestico,prezzo variabile,0.000000,180.000000,0.000000,0.000000,0.000000,0.000000,0.000000,0.000000,0.025000,,,
ENTRACO S.R.L.,02031070994,02031070994,www.entraco.it,800821265,ENTRACO PLACET VARIABILE LUCE DOMESTICO,003855ESVFP01XX000000ENCPUNAVA26,www.entraco.it/offerta-commerciale/placet/,Agenzia;altro,Domiciliazione bancaria;Domiciliazione postale;Bollettino precompilato,01/01/2026,31/12/2026,domestico,prezzo variabile,,250.000000,0.148740,0.138740,,,0.138740,0.149000,0.950000,,,
ENTRACO S.R.L.,02031070994,02031070994,www.entraco.it,800821265,ENTRACO PLACET VARIABILE LUCE ALTRI USI,003855ESVFP01XX000000ENBPUNAPB26,www.entraco.it/offerta-commerciale/placet/,Agenzia;altro,Domiciliazione bancaria;Domiciliazione postale;Bollettino precompilato,01/01/2026,31/12/2026,non domestico,prezzo variabile,,250.000000,0.139740,0.127700,0.110440,,,,0.950000,,,
ENTRACO S.R.L.,02031070994,02031070994,www.entraco.it,800821265,ENTRACO PLACET FISSO LUCE DOMESTICO,003855ESFFP01XX000000ENCFIXAFX27,www.entraco.it/offerta-commerciale/placet/,Agenzia,Domiciliazione bancaria;Domiciliazione postale,01/01/2026,31/12/2026,domestico,prezzo fisso,280.000000,,0.800000,0.850000,0.750000,1.800000,0.139220,2.000000,,,,
ENTRACO S.R.L.,02031070994,02031070994,www.entraco.it,800821265,ENTRACO PLACET FISSO LUCE ALTRI USI,003855ESFFP01XXXX000000ENBFIXPLA,www.entraco.it/offerta-commerciale/placet/,Agenzia;altro,Domiciliazione bancaria;Domiciliazione postale;Bollettino precompilato,01/01/2026,31/12/2026,non domestico,prezzo fisso,300.000000,,0.920000,0.850000,0.750000,,,2.000000,,,,
EPLUS,10378510969,10378510969,https://www.e-plusenergia.it/,,Placet Power,028330ESVMP01XXDOPLC112500000000,,Offerta attivabile da qualsiasi canale,Domiciliazione bancaria;Domiciliazione su carta di credito;Bollettino precompilato,14/11/2025,31/12/2026,domestico,prezzo variabile,,120.000000,,,,,,,0.025000,,,
ERMES GAS & POWER SRL,06469960485,06469960485,www.ermespower.it,800 371 800,ERMES GAS & POWER SRL PLACET Variabile Energia Elettric,022112ESVFP01XXPLACETVARIABILEDO,https://www.ermespower.it/offerte/,Agenzia,Domiciliazione bancaria;Domiciliazione postale;Bollettino precompilato;Altro,01/07/2026,30/09/2026,domestico,prezzo variabile,,120.800000,,,,,,,0.050000,,,
ERMES GAS & POWER SRL,06469960485,06469960485,www.ermespower.it,800 371 800,ERMES GAS & POWER SRL PLACET Variabile Energia Elettric,022112ESVFP01XXPLACETVARIABILEAU,https://www.ermespower.it/offerte/,Agenzia,Domiciliazione bancaria;Domiciliazione postale;Bollettino precompilato;Altro,01/07/2026,30/09/2026,non domestico,prezzo variabile,,240.800000,,,,,,,0.050000,,,
ERMES GAS & POWER SRL,06469960485,06469960485,www.ermespower.it,800 371 800,ERMES GAS & POWER SRL PLACET Fissa Energia Elettrica Do,022112ESFFP01XXXXPLACETXFISSAXDO,https://www.ermespower.it/offerte/,Agenzia,Domiciliazione bancaria;Domiciliazione postale;Bollettino precompilato;Altro,01/07/2026,30/09/2026,domestico,prezzo fisso,120.800000,,,,,0.249000,0.249000,0.249000,,,,
ERMES GAS & POWER SRL,06469960485,06469960485,www.ermespower.it,800 371 800,ERMES GAS & POWER SRL PLACET Fissa Energia Elettrica Al,022112ESFFP01XXXXPLACETXFISSAXAU,https://www.ermespower.it/offerte/,Agenzia,Domiciliazione bancaria;Domiciliazione postale;Bollettino precompilato;Altro,01/07/2026,30/09/2026,non domestico,prezzo fisso,240.800000,,0.249000,0.249000,0.249000,,,0.249000,,,,
ETRA ENERGIA S.R.L.,04199060288,04199060288,www.etraenergia.it,800766858,ETRA Placet Variabile Luce Lavoro,001155ESVFP01XXATPVLI11062603000,https://www.etraenergia.it/placet-variabile-luce-impresa,Offerta attivabile da qualsiasi canale,Domiciliazione bancaria;Domiciliazione postale;Domiciliazione su carta di credito;Bollettino precompilato;Altro,11/06/2026,28/07/2026,non domestico,prezzo variabile,,144.000000,,,,,,,0.075000,,024;028,026003;026006;026036;026063;026066;027019;027034
ETRA ENERGIA S.R.L.,04199060288,04199060288,www.etraenergia.it,800766858,ETRA Placet Fissa Luce Casa,001155ESFFP01XXATPFLC11062602000,https://www.etraenergia.it/placet-fissa-luce-casa,Offerta attivabile da qualsiasi canale,Domiciliazione bancaria;Domiciliazione postale;Domiciliazione su carta di credito;Bollettino precompilato;Altro,11/06/2026,28/07/2026,domestico,prezzo fisso,144.000000,,,,,0.300000,0.250000,0.265000,,,024;028,026003;026006;026036;026063;026066;027019;027034
ETRA ENERGIA S.R.L.,04199060288,04199060288,www.etraenergia.it,800766858,ETRA Placet Fissa Luce Lavoro,001155ESFFP01XXATPFLI11062603000,https://www.etraenergia.it/placet-fissa-luce-impresa,Offerta attivabile da qualsiasi canale,Domiciliazione bancaria;Domiciliazione postale;Domiciliazione su carta di credito;Bollettino precompilato;Altro,11/06/2026,28/07/2026,non domestico,prezzo fisso,144.000000,,0.278500,0.268500,0.231000,,,0.254000,,,024;028,026003;026006;026036;026063;026066;027019;027034
ETRA ENERGIA S.R.L.,04199060288,04199060288,www.etraenergia.it,800766858,ETRA Placet Variabile Luce Casa,001155ESVFP01XXATPVLC11062602000,https://www.etraenergia.it/placet-variabile-luce-casa,Offerta attivabile da qualsiasi canale,Domiciliazione bancaria;Domiciliazione postale;Domiciliazione su carta di credito;Bollettino precompilato;Altro,11/06/2026,28/07/2026,domestico,prezzo variabile,,144.000000,,,,,,,0.070000,,024;028,026003;026006;026036;026063;026066;027019;027034
EUREKA GAS&POWER  SRL,07893960729,07893960729,www.eurekagasepower.it,809757207,PLACET PER LA TUA CASA,025398ESFFP01XXPL358362135214400,,Offerta attivabile solo da web,Domiciliazione bancaria;Domiciliazione postale;Bollettino precompilato,07/07/2023,31/12/2050,domestico,prezzo fisso,150.000000,,,,,0.800000,0.750000,0.830000,,,,
EUREKA GAS&POWER  SRL,07893960729,07893960729,www.eurekagasepower.it,809757207,PLACET PER LA TUA AZIENDA,025398ESFFP01XXPL358346347292900,,Offerta attivabile solo da web,Domiciliazione bancaria;Domiciliazione postale;Bollettino precompilato,07/07/2023,31/12/2050,non domestico,prezzo fisso,210.000000,,0.790000,0.800000,0.750000,,,0.770000,,,,
EUREKA GAS&POWER  SRL,07893960729,07893960729,www.eurekagasepower.it,809757207,PLACET PER LA TUA CASA,025398ESVFP01XXPL358370029175100,,Offerta attivabile solo da web,Domiciliazione bancaria;Domiciliazione postale;Bollettino precompilato,07/07/2023,31/12/2050,domestico,prezzo variabile,,150.000000,,,,,,,0.080000,,,
EUREKA GAS&POWER  SRL,07893960729,07893960729,www.eurekagasepower.it,809757207,PLACET PER LA TUA AZIENDA,025398ESVFP01XXPL358354241253600,,Offerta attivabile solo da web,Domiciliazione bancaria;Domiciliazione postale;Bollettino precompilato,07/07/2023,31/12/2050,non domestico,prezzo variabile,,210.000000,,,,,,,0.075000,,,
EVISO S.P.A.,03468380047,03468380047,www.eviso.it,,PLACET EVISO LUCE DOMESTICO VARIABILE,014821ESVFP02XXPLACET00000000004,https://eviso.it/offerte-placet-eviso/,Offerta attivabile presso punto vendita,Domiciliazione bancaria,13/05/2026,31/12/2030,domestico,prezzo variabile,,119.000000,,,,,,,0.055000,,,
EVISO S.P.A.,03468380047,03468380047,www.eviso.it,,PLACET EVISO LUCE BT ALTRI USI FISSA 2022,014821ESFFP02XXPLACET00000000001,https://eviso.it/offerte-placet-eviso/,Offerta attivabile presso punto vendita,Domiciliazione bancaria,18/05/2026,31/12/2030,non domestico,prezzo fisso,220.000000,,0.930000,0.830000,0.830000,,,0.890000,,,,
EVISO S.P.A.,03468380047,03468380047,www.eviso.it,,PLACET EVISO LUCE BT ALTRI USI VARIABILE 2022,014821ESVFP02XXPLACET00000000003,https://eviso.it/offerte-placet-eviso/,Offerta attivabile presso punto vendita,Domiciliazione bancaria,18/05/2026,31/12/2030,non domestico,prezzo variabile,,220.000000,,,,,,,0.065000,,,
EVISO S.P.A.,03468380047,03468380047,www.eviso.it,,PLACET EVISO LUCE DOMESTICO FISSA 2022,014821ESFFP02XXPLACET00000000002,https://eviso.it/offerte-placet-eviso/,Offerta attivabile presso punto vendita,Domiciliazione bancaria,18/05/2026,31/12/2030,domestico,prezzo fisso,119.000000,,,,,0.950000,0.850000,0.910000,,,,
Eco Trade s.r.l.,03469240547,03469240547,www.ecotrade.bio,,202405_ECOPLACET,025348ESVFP26XXEPLACET0000000000,https://www.ecotrade.bio/it/informatives/offerte-placet,Offerta attivabile da qualsiasi canale,Domiciliazione bancaria;Domiciliazione postale;Domiciliazione su carta di credito;Bollettino precompilato,11/07/2026,10/10/2026,domestico,prezzo variabile,,240.000000,,,,,,,0.044000,,,
Ecogreen S.r.l.,03666730548,03666730548,http://www.eco-greenpower.it,,PLACET PER LA TUA CASA,028866ESVFP01XXPL166491567262400,,Offerta attivabile solo da web,Domiciliazione bancaria;Domiciliazione postale;Bollettino precompilato,07/07/2023,31/12/2050,domestico,prezzo variabile,,72.000000,,,,,,,0.008000,,,
Ecogreen S.r.l.,03666730548,03666730548,http://www.eco-greenpower.it,,PLACET PER LA TUA AZIENDA,028866ESVFP01XXPL166484233801300,,Offerta attivabile solo da web,Domiciliazione bancaria;Domiciliazione postale;Bollettino precompilato,07/07/2023,31/12/2050,non domestico,prezzo variabile,,96.000000,,,,,,,0.008000,,,
Ecogreen S.r.l.,03666730548,03666730548,http://www.eco-greenpower.it,,PLACET PER LA TUA CASA,028866ESFFP01XXPL166564901873400,,Offerta attivabile solo da web,Domiciliazione bancaria;Domiciliazione postale;Bollettino precompilato,21/07/2023,31/12/2050,domestico,prezzo fisso,72.000000,,,,,0.770000,0.770000,0.770000,,,,
Ecogreen S.r.l.,03666730548,03666730548,http://www.eco-greenpower.it,,PLACET PER LA TUA AZIENDA,028866ESFFP01XXPL166561235142900,,Offerta attivabile solo da web,Domiciliazione bancaria;Domiciliazione postale;Bollettino precompilato,21/07/2023,31/12/2050,non domestico,prezzo fisso,96.000000,,0.770000,0.770000,0.770000,,,0.770000,,,,
Edison Energia S.p.A.,08526440154,08526440154,www.edisonenergia.it,800141414,Edison Placet Variabile Luce ? Casa,000190ESVFP14XXLEPLVX001X14XXXX5,https://edisonenergia.it/edison/casa/offerte-luce/edison-placet-variabile,Offerta attivabile da qualsiasi canale,Domiciliazione bancaria;Domiciliazione postale;Bollettino precompilato,16/07/2026,29/07/2026,domestico,prezzo variabile,,144.000000,,,,,,,0.040000,,,
Edison Energia S.p.A.,08526440154,08526440154,www.edisonenergia.it,800141414,Edison Placet Variabile Luce ? P.IVA,000190ESVFP12XXLEPLVX002X12XXXX5,https://edisonenergia.it/edison/business/offerte-imprese/luce/edison-placet-variabile,Offerta attivabile da qualsiasi canale,Domiciliazione bancaria;Domiciliazione postale;Bollettino precompilato,16/07/2026,29/07/2026,non domestico,prezzo variabile,,186.000000,,,,,,,0.050000,,,
Edison Energia S.p.A.,08526440154,08526440154,www.edisonenergia.it,800141414,Edison Placet Fissa Luce ? P.IVA,000190ESFFP22XXLEPLFX002X22XXXX5,https://edisonenergia.it/edison/business/offerte-imprese/luce/edison-placet-fissa,Offerta attivabile da qualsiasi canale,Domiciliazione bancaria;Domiciliazione postale;Bollettino precompilato,16/07/2026,29/07/2026,non domestico,prezzo fisso,186.000000,,0.250000,0.250000,0.240000,,,0.260000,,,,
Edison Energia S.p.A.,08526440154,08526440154,www.edisonenergia.it,800141414,Edison Placet Fissa Luce ? Casa,000190ESFFP24XXLEPLFX001X24XXXX5,https://edisonenergia.it/edison/casa/offerte-luce/edison-placet-fissa,Offerta attivabile da qualsiasi canale,Domiciliazione bancaria;Domiciliazione postale;Bollettino precompilato,16/07/2026,29/07/2026,domestico,prezzo fisso,144.000000,,,,,0.205000,0.198000,0.200000,,,,
Egogreen Srl,11484710964,11484710964,www.egogreen.it,,Egogreen PLACET fissa Luce altri usi,036064ESFFP02XXPLA00000000000001,www.egogreen.it/offerta/luce-e-gas-business/,Offerta attivabile solo da web;Offerta attivabile presso punto vendita;Agenzia,Domiciliazione bancaria;Domiciliazione postale,01/10/2025,30/09/2026,non domestico,prezzo fisso,360.000000,,0.295000,0.295000,0.295000,,,0.295000,,,,
Egogreen Srl,11484710964,11484710964,www.egogreen.it,,Egogreen PLACET variabile Luce altri usi,036064ESVFP02XXPLA00000000000001,www.egogreen.it/offerta/offerta-luce-e-gas-business/,Offerta attivabile solo da web;Offerta attivabile presso punto vendita;Agenzia,Domiciliazione bancaria;Domiciliazione postale,01/10/2025,30/09/2026,non domestico,prezzo variabile,,360.000000,,,,,,,0.100000,,,
Egogreen Srl,11484710964,11484710964,www.egogreen.it,,Egogreen PLACET variabile Luce domestico,036064ESVFP02XXPLA00000000000002,www.egogreen.it/offerta/offerta-luce-e-gas-casa/,Offerta attivabile solo da web;Offerta attivabile presso punto vendita;Agenzia,Domiciliazione bancaria;Domiciliazione postale,01/10/2025,30/09/2026,domestico,prezzo variabile,,240.000000,,,,,,,0.100000,,,
Egogreen Srl,11484710964,11484710964,www.egogreen.it,,Egogreen PLACET fissa Luce domestico,036064ESFFP02XXPLA00000000000002,www.egogreen.it/offerta/luce-e-gas-casa/,Offerta attivabile solo da web;Offerta attivabile presso punto vendita;Agenzia,Domiciliazione bancaria;Domiciliazione postale,01/10/2025,30/09/2026,domestico,prezzo fisso,240.000000,,,,,0.295000,0.295000,0.295000,,,,
Enega S.r.L.,06085141213,06085141213,www.enega.it,,Enega Placet Variabile Luce Family,004201ESVFP01XXXPLACETENEGAF0526,https://adesioneweb.enega.it/,Offerta attivabile solo da web,Domiciliazione bancaria;Domiciliazione postale,08/05/2026,20/10/2026,domestico,prezzo variabile,,240.000000,,,,,,,0.077000,,,
Enega S.r.L.,06085141213,06085141213,www.enega.it,,Enega Placet Fissa Luce Business,004201ESFFP01XXXPLACETENEGAB0526,https://adesioneweb.enega.it/,Offerta attivabile solo da web,Domiciliazione bancaria;Domiciliazione postale,08/05/2026,20/10/2026,non domestico,prezzo fisso,240.000000,,0.250000,0.250000,0.250000,,,0.250000,,,,
Enega S.r.L.,06085141213,06085141213,www.enega.it,,Enega Placet Variabile Luce Business,004201ESVFP01XXXPLACETENEGAB0526,https://adesioneweb.enega.it/,Offerta attivabile solo da web,Domiciliazione bancaria;Domiciliazione postale,08/05/2026,20/10/2026,non domestico,prezzo variabile,,240.000000,,,,,,,0.077000,,,
Enega S.r.L.,06085141213,06085141213,www.enega.it,,Enega Placet Fissa Luce Family,004201ESFFP01XXXPLACETENEGAF0526,https://adesioneweb.enega.it/,Offerta attivabile solo da web,Domiciliazione bancaria;Domiciliazione postale,08/05/2026,20/10/2026,domestico,prezzo fisso,240.000000,,,,,0.250000,0.250000,0.250000,,,,
Enegan S.P.A.,06017420487,06017420487,www.enegan.it,800978378,Enegan S.P.A. PLACET Fissa Energia Altri Usi,002521ESFFP05XX0000PLACETFISSAAU,https://www.enegan.it/offerte-luce-azienda/placet,Agenzia,Domiciliazione bancaria;Bollettino precompilato;Altro,01/07/2026,30/09/2026,non domestico,prezzo fisso,238.800000,,0.259000,0.249000,0.229000,,,0.249000,,,,
Enegan S.P.A.,06017420487,06017420487,www.enegan.it,800978378,Enegan S.P.A. PLACET Fissa Energia Domestico,002521ESFFP05XX0000PLACETFISSADO,https://www.enegan.it/offerte-luce-azienda/placet,Agenzia,Domiciliazione bancaria;Bollettino precompilato;Altro,01/07/2026,30/09/2026,domestico,prezzo fisso,118.800000,,,,,0.259000,0.239000,0.249000,,,,
Enegan S.P.A.,06017420487,06017420487,www.enegan.it,800978378,Enegan S.P.A. PLACET variabile Energia domestici,002521ESVMP03XXPLACETVARIABILEDO,https://www.enegan.it/offerte-luce-azienda/placet,Agenzia,Domiciliazione bancaria;Bollettino precompilato;Altro,01/07/2026,30/09/2026,domestico,prezzo variabile,,118.800000,,,,,,,0.050000,,,
Enegan S.P.A.,06017420487,06017420487,www.enegan.it,800978378,Enegan S.P.A. PLACET variabile Energia altri usi,002521ESVMP03XXPLACETVARIABILEAU,https://www.enegan.it/offerte-luce-azienda/placet,Agenzia,Domiciliazione bancaria;Bollettino precompilato;Altro,01/07/2026,30/09/2026,non domestico,prezzo variabile,,238.800000,,,,,,,0.050000,,,
Eneide Luce e Gas,02232620688,02232620688,www.eneideenergia.it,,2 PLACET LUCE BUSINESS FIX,028794ESFFP01XX0000000001LPFB123,www.eneideenergia.it,Offerta attivabile da qualsiasi canale,Domiciliazione postale;Bollettino precompilato;Altro,30/06/2026,30/09/2026,non domestico,prezzo fisso,180.000000,,0.700000,0.600000,0.500000,,,0.650000,,,,
Eneide Luce e Gas,02232620688,02232620688,www.eneideenergia.it,,2 PLACET LUCE DOMESTICO FIX FASCE,028794ESFFP01XX00000001LPFCF1323,www.eneideenergia.it,Offerta attivabile da qualsiasi canale,Domiciliazione postale;Bollettino precompilato;Altro,30/06/2026,30/09/2026,domestico,prezzo fisso,150.000000,,,,,0.550000,0.500000,0.520000,,,,
Eneide Luce e Gas,02232620688,02232620688,www.eneideenergia.it,,2 PLACET LUCE BUSINESS VARIABILE,028794ESVFP01XX0000000000LPVB123,www.eneideenergia.it,Offerta attivabile da qualsiasi canale,Domiciliazione postale;Bollettino precompilato;Altro,30/06/2026,30/09/2026,non domestico,prezzo variabile,,180.000000,,,,,,,0.122000,,,
Eneide Luce e Gas,02232620688,02232620688,www.eneideenergia.it,,2 PLACET LUCE DOMESTICO VARIABILE,028794ESVMP01XX0000000000LPVC323,www.eneideenergia.it,Offerta attivabile da qualsiasi canale,Domiciliazione postale;Bollettino precompilato;Altro,30/06/2026,30/09/2026,domestico,prezzo variabile,,150.000000,,,,,,,0.100000,,,
Enel Energia S.p.A.,06655971007,06655971007,www.enel.it,800900860,Enel Energia PLACET Fissa Luce Consumer,000142ESFFP01XXBusECAn0000116414,www.enel.it,altro,Domiciliazione bancaria;Domiciliazione postale;Domiciliazione su carta di credito;Bollettino precompilato,11/07/2026,30/12/2026,domestico,prezzo fisso,144.000000,,,,,0.211050,0.235050,0.192400,,,,
Enel Energia S.p.A.,06655971007,06655971007,www.enel.it,800900860,Enel Energia PLACET Variabile Luce Consumer,000142ESVFP01XXBusECAn0000116413,www.enel.it,altro,Domiciliazione bancaria;Domiciliazione postale;Domiciliazione su carta di credito;Bollettino precompilato,15/07/2026,30/12/2026,domestico,prezzo variabile,,144.000000,,,,,,,0.050000,,,
Enel Energia S.p.A.,06655971007,06655971007,www.enel.it,800900860,Enel Energia Placet Fissa Luce Business,000142ESFFP01XXBusECAn0000115940,https://www.enel.it/it/offerte/luce/offerte/placet-business-luce-fissa,Offerta attivabile da qualsiasi canale,Domiciliazione bancaria;Domiciliazione postale;Domiciliazione su carta di credito;Bollettino precompilato,26/06/2026,28/07/2026,non domestico,prezzo fisso,144.000000,,0.234100,0.204100,0.204100,,,0.214000,,,,
Enel Energia S.p.A.,06655971007,06655971007,www.enel.it,800900860,Enel Energia Placet Variabile Luce Business,000142ESVFP01XXBusECAn0000115942,https://www.enel.it/it/offerte/luce/offerte/placet-business-luce-variabile,Offerta attivabile da qualsiasi canale,Domiciliazione bancaria;Domiciliazione postale;Domiciliazione su carta di credito;Bollettino precompilato,26/06/2026,28/07/2026,non domestico,prezzo variabile,,144.000000,,,,,,,0.050000,,,
Energetic Gas & Power S.r.l.,14389791006,14389791006,www.energeticgp.it,800 910 415,PLACET Variabile Dom,026814ESVFP01XXPLACET2026EGP0002,www.energeticgp.it,Offerta attivabile da qualsiasi canale,Altro,08/05/2026,31/12/2026,domestico,prezzo variabile,,240.000000,,,,,,,0.055000,,,
Energetic Gas & Power S.r.l.,14389791006,14389791006,www.energeticgp.it,800 910 415,PLACET FISSA Domestico,026814ESFFP01XXPLACET2026EGP0001,www.energeticgp.it,Offerta attivabile da qualsiasi canale,Altro,08/05/2026,31/12/2026,domestico,prezzo fisso,240.000000,,,,,0.300000,0.300000,0.300000,,,,
Energetic Gas & Power S.r.l.,14389791006,14389791006,www.energeticgp.it,800 910 415,Placet Altri usi Variabile,026814ESVFP01XXPLACET2026EGP0006,www.energeticgp.it,Offerta attivabile da qualsiasi canale,Altro,08/05/2026,31/12/2026,non domestico,prezzo variabile,,240.000000,,,,,,,0.050000,,,
Energetic Gas & Power S.r.l.,14389791006,14389791006,www.energeticgp.it,800 910 415,PLACET Altri usi Fissa,026814ESFFP01XXPLACET2026EGP0005,www.energeticgp.it,Offerta attivabile da qualsiasi canale,Altro,08/05/2026,31/12/2026,non domestico,prezzo fisso,240.000000,,0.300000,0.300000,0.300000,,,0.300000,,,,
Energia corrente Srl,03672520404,03672520404,https://www.energiacorrente.it,0547419980,Energia Corrente Placet Fissa 3F Ele Altri Usi,000742ESFFP01XXPLAF3FBUS20261231,https://www.energiacorrente.it,Offerta attivabile da qualsiasi canale,Domiciliazione bancaria;Bollettino precompilato,19/05/2026,31/12/2026,non domestico,prezzo fisso,180.000000,,0.377000,0.377000,0.377000,,,0.377000,,,,
Energia corrente Srl,03672520404,03672520404,https://www.energiacorrente.it,0547419980,Energia Corrente Placet Fissa 3F Ele Domestici,000742ESFFP01XXPLAF3FDOM20261231,https://www.energiacorrente.it,Offerta attivabile da qualsiasi canale,Domiciliazione bancaria;Bollettino precompilato,19/05/2026,31/12/2026,domestico,prezzo fisso,120.000000,,,,,0.374000,0.374000,0.374000,,,,
Energia corrente Srl,03672520404,03672520404,https://www.energiacorrente.it,0547419980,Energia Corrente Placet Variabile Ele Altri Usi,000742ESVOP01XXPLAVARBUS20261231,https://www.energiacorrente.it,Offerta attivabile da qualsiasi canale,Domiciliazione bancaria;Bollettino precompilato,19/05/2026,31/12/2026,non domestico,prezzo variabile,,180.000000,,,,,,,0.055000,,,
Energia corrente Srl,03672520404,03672520404,https://www.energiacorrente.it,0547419980,Energia Corrente Placet Variabile Ele Domestici,000742ESVOP01XXPLAVARDOM20261231,https://www.energiacorrente.it,Offerta attivabile da qualsiasi canale,Domiciliazione bancaria;Bollettino precompilato,19/05/2026,31/12/2026,domestico,prezzo variabile,,120.000000,,,,,,,0.055000,,,
Energy Life Srl,14400121001,14400121001,WWW.ENERGY-LIFE.INFO,,PLACET_DOM_PUN,026828ESVMP01XXPLACELDVARGEN2024,,Offerta attivabile da qualsiasi canale,Domiciliazione bancaria,11/01/2024,31/12/2099,domestico,prezzo variabile,,200.000000,,,,,,,0.800000,,,
Energy Life Srl,14400121001,14400121001,WWW.ENERGY-LIFE.INFO,,PLACET_BUS_PUN,026828ESVMP01XXPLACELBVARGEN2024,,Offerta attivabile da qualsiasi canale,Domiciliazione bancaria,11/01/2024,31/12/2099,non domestico,prezzo variabile,,200.000000,,,,,,,0.800000,,,
Enertoscana Srl,01848760474,01848760474,www.enertoscana.it,,Placet Altri usi Fix,022970ESFFP01XX00000000000003638,,Offerta attivabile da qualsiasi canale,Domiciliazione bancaria,10/08/2024,31/12/2028,non domestico,prezzo fisso,168.000000,,0.400000,0.350000,0.300000,0.400000,0.350000,0.350000,,,,
Enertoscana Srl,01848760474,01848760474,www.enertoscana.it,,Placet Altri usi Var,022970ESVFP01XX00000000000003640,,Offerta attivabile da qualsiasi canale,Domiciliazione bancaria,10/08/2024,31/12/2028,non domestico,prezzo variabile,,168.000000,,,,,,,0.120000,,,
Enertoscana Srl,01848760474,01848760474,www.enertoscana.it,,Placet Domestico Var,022970ESVFP01XX00000000000003639,,Offerta attivabile da qualsiasi canale,Domiciliazione bancaria,10/08/2024,31/12/2028,domestico,prezzo variabile,,168.000000,,,,,,,0.120000,,,
Enertoscana Srl,01848760474,01848760474,www.enertoscana.it,,Placet Domestico Fix,022970ESFFP01XX00000000000003637,,Offerta attivabile da qualsiasi canale,Domiciliazione bancaria,10/08/2024,31/12/2028,domestico,prezzo fisso,168.000000,,0.400000,0.350000,0.300000,0.400000,0.350000,0.350000,,,,
Eni Plenitude S.p.A. Società Benefit,00484960588,12300020158,https://eniplenitude.com/,800900700,Eni Plenitude PLACET variabile luce Altri usi,026160ESVFP44XXLPLVARAUBAS130726,https://eniplenitude.com/offerta/business/gas-e-luce/placetvariabile-luce,Offerta attivabile da qualsiasi canale,Domiciliazione bancaria;Domiciliazione postale;Domiciliazione su carta di credito;Bollettino precompilato,13/07/2026,15/09/2026,non domestico,prezzo variabile,,216.000000,,,,,,,0.040000,,,
Eni Plenitude S.p.A. Società Benefit,00484960588,12300020158,https://eniplenitude.com/,800900700,Eni Plenitude PLACET fissa luce domestico,026160ESFFP51XX0LPLFIXRBAS130726,https://eniplenitude.com/offerta/casa/gas-e-luce/placetfissa-luce,Offerta attivabile da qualsiasi canale,Domiciliazione bancaria;Domiciliazione postale;Domiciliazione su carta di credito;Bollettino precompilato,13/07/2026,15/09/2026,domestico,prezzo fisso,144.000000,,,,,0.267400,0.262000,0.264000,,,,
Eni Plenitude S.p.A. Società Benefit,00484960588,12300020158,https://eniplenitude.com/,800900700,Eni Plenitude PLACET variabile luce domestico,026160ESVFP51XX0LPLVARRBAS130726,https://eniplenitude.com/offerta/casa/gas-e-luce/placetvariabile-luce,Offerta attivabile da qualsiasi canale,Domiciliazione bancaria;Domiciliazione postale;Domiciliazione su carta di credito;Bollettino precompilato,13/07/2026,15/09/2026,domestico,prezzo variabile,,144.000000,,,,,,,0.040000,,,
Eni Plenitude S.p.A. Società Benefit,00484960588,12300020158,https://eniplenitude.com/,800900700,Eni Plenitude PLACET fissa luce Altri usi,026160ESFFP44XXLPLFIXAUBAS130726,https://eniplenitude.com/offerta/business/gas-e-luce/placetfissa-luce,Offerta attivabile da qualsiasi canale,Domiciliazione bancaria;Domiciliazione postale;Domiciliazione su carta di credito;Bollettino precompilato,13/07/2026,15/09/2026,non domestico,prezzo fisso,216.000000,,0.257600,0.272400,0.242900,,,0.253000,,,,
Enna Next Italia s.r.l.,11430260965,11430260965,https://www.ppd-italia.com/chi-siamo,,PPD PLACET ALTRI USI BUSINESS VARIABILE EE,036460ESVFP01XX0000000PLACETEE04,,altro,Domiciliazione bancaria,10/08/2024,31/12/2030,non domestico,prezzo variabile,,250.000000,,,,,,,0.050000,,,
Enna Next Italia s.r.l.,11430260965,11430260965,https://www.ppd-italia.com/chi-siamo,,PPD PLACET DOMESTICI HOME FISSO EE,036460ESFFP01XX0000000PLACETEE01,,altro,Domiciliazione bancaria,10/08/2024,31/12/2030,domestico,prezzo fisso,250.000000,,,,,0.430000,0.380000,0.400000,,,,
Enna Next Italia s.r.l.,11430260965,11430260965,https://www.ppd-italia.com/chi-siamo,,PPD PLACET ALTRI USI BUSINESS FISSO EE,036460ESFFP01XX0000000PLACETEE02,,altro,Domiciliazione bancaria,10/08/2024,31/12/2030,non domestico,prezzo fisso,250.000000,,0.415000,0.400000,0.380000,,,0.400000,,,,
Enna Next Italia s.r.l.,11430260965,11430260965,https://www.ppd-italia.com/chi-siamo,,PPD PLACET DOMESTICI HOME VARIABILE EE,036460ESVFP01XX0000000PLACETEE03,,altro,Domiciliazione bancaria,10/08/2024,31/12/2030,domestico,prezzo variabile,,250.000000,,,,,,,0.050000,,,
Esa S.p.A. Società Benefit,02116360690,02116360690,http://www.esaenergia.it/,,PLACET FISSO LUCE BUSINESS,001785ESFFP01XXPLACETFISSOBUSI26,,Offerta attivabile presso punto vendita,Domiciliazione bancaria;Domiciliazione postale;Altro,27/01/2026,25/12/2026,non domestico,prezzo fisso,180.000000,,0.264000,0.264000,0.264000,,,0.286000,,,,
Esa S.p.A. Società Benefit,02116360690,02116360690,http://www.esaenergia.it/,,PLACET FISSO LUCE CASA,001785ESFFP01XXPLACETFISSOCASA26,,Offerta attivabile presso punto vendita,Domiciliazione bancaria;Domiciliazione postale;Altro,27/01/2026,25/12/2026,domestico,prezzo fisso,180.000000,,,,,0.242000,0.242000,0.264000,,,,
Estenergy SpA,00997630322,00997630322,estenergy.gruppohera.it,800046200,Estenergy Placet Casa Luce Fissa,000265ESFFP01XX000PLACETXECFXV58,https://estenergy.gruppohera.it/casa/offerte-luce-gas/placet-fissa,Offerta attivabile da qualsiasi canale,Domiciliazione bancaria;Domiciliazione postale;Domiciliazione su carta di credito;Bollettino precompilato;Altro,11/06/2026,28/07/2026,domestico,prezzo fisso,144.000000,,,,,0.300000,0.250000,0.265000,,,012;014;026;017;024;025;027;028;031;013;108;016;030;097;093;023,032002;032003;032004;032005;032006
Estenergy SpA,00997630322,00997630322,estenergy.gruppohera.it,800046200,Estenergy Placet Lavoro Luce Variabile,000265ESVFP01XX000PLACETXELVXV58,https://estenergy.gruppohera.it/business/offerte-luce-gas/partite-iva-professionisti/placet-variabil,Offerta attivabile da qualsiasi canale,Domiciliazione bancaria;Domiciliazione postale;Domiciliazione su carta di credito;Bollettino precompilato;Altro,11/06/2026,28/07/2026,non domestico,prezzo variabile,,144.000000,,,,,,,0.075000,,012;014;026;017;024;025;027;028;031;013;108;016;030;097;093;023,032002;032003;032004;032005;032006
Estenergy SpA,00997630322,00997630322,estenergy.gruppohera.it,800046200,Estenergy Placet Lavoro Luce Fissa,000265ESFFP01XX000PLACETXELFXV58,https://estenergy.gruppohera.it/business/offerte-luce-gas/partite-iva-professionisti/placet-fissa-la,Offerta attivabile da qualsiasi canale,Domiciliazione bancaria;Domiciliazione postale;Domiciliazione su carta di credito;Bollettino precompilato;Altro,11/06/2026,28/07/2026,non domestico,prezzo fisso,144.000000,,0.278500,0.268500,0.231000,,,0.254000,,,012;014;026;017;024;025;027;028;031;013;108;016;030;097;093;023,032002;032003;032004;032005;032006
Estenergy SpA,00997630322,00997630322,estenergy.gruppohera.it,800046200,Estenergy Placet Casa Luce Variabile,000265ESVFP01XX000PLACETXECVXV58,https://estenergy.gruppohera.it/casa/offerte-luce-gas/placet-variabile,Offerta attivabile da qualsiasi canale,Domiciliazione bancaria;Domiciliazione postale;Domiciliazione su carta di credito;Bollettino precompilato;Altro,11/06/2026,28/07/2026,domestico,prezzo variabile,,144.000000,,,,,,,0.070000,,012;014;026;017;024;025;027;028;031;013;108;016;030;097;093;023,032002;032003;032004;032005;032006
Estra Energie,01219980529,01219980529,http://www.estra.it,028270,Estra PLACET VARIABILE LUCE CASA,001231ESVFP03XXEP4XX11062609GNPC,https://www.estra.it/placet-variabile-luce-casa/,Offerta attivabile da qualsiasi canale,Domiciliazione bancaria;Domiciliazione postale;Domiciliazione su carta di credito;Bollettino precompilato,11/06/2026,12/08/2026,domestico,prezzo variabile,,120.000000,,,,,,,0.040000,,,
Estra Energie,01219980529,01219980529,http://www.estra.it,028270,Estra ESTRA ENERGIE PLACET VARIABILE LUCE AZIENDA,001231ESVFP03XXEP3XX11062609GNPA,https://www.estra.it/placet-variabile-luce-impresa/,Offerta attivabile da qualsiasi canale,Domiciliazione bancaria;Domiciliazione postale;Domiciliazione su carta di credito;Bollettino precompilato,11/06/2026,12/08/2026,non domestico,prezzo variabile,,150.000000,,,,,,,0.040000,,,
Estra Energie,01219980529,01219980529,http://www.estra.it,028270,Estra PLACET FISSA LUCE AZIENDA,001231ESFFP03XXEP1XX11062603GNPA,https://www.estra.it/placet-fissa-luce-impresa/,Offerta attivabile da qualsiasi canale,Domiciliazione bancaria;Domiciliazione postale;Domiciliazione su carta di credito;Bollettino precompilato,11/06/2026,12/08/2026,non domestico,prezzo fisso,150.000000,,0.717200,0.716100,0.712800,,,0.715550,,,,
Estra Energie,01219980529,01219980529,http://www.estra.it,028270,Estra PLACET FISSA LUCE CASA,001231ESFFP03XXEP2XX11062603GNPC,https://www.estra.it/placet-fissa-luce-casa/,Offerta attivabile da qualsiasi canale,Domiciliazione bancaria;Domiciliazione postale;Domiciliazione su carta di credito;Bollettino precompilato,11/06/2026,12/08/2026,domestico,prezzo fisso,120.000000,,,,,0.718300,0.714450,0.715550,,,,
Etrurialucegas S.p.A.,01772620496,01772620496,https://www.etrurialucegas.it,0556120832,EtruriaLuceGas Placet Fissa Luce Business,020151ESFFP31XXPLCTXEXBUSXFIXXF0,https://www.etrurialucegas.it/offerte/placet-business/placet-luce/business-luce-365-placet,Offerta attivabile da qualsiasi canale,Domiciliazione bancaria;Bollettino precompilato;Altro,11/04/2026,31/12/2099,non domestico,prezzo fisso,180.000000,,0.255000,0.235000,0.235000,,,0.240000,,,,
Etrurialucegas S.p.A.,01772620496,01772620496,https://www.etrurialucegas.it,0556120832,EtruriaLuceGas Placet Variabile Luce Domestici Casa,020151ESVFP31XX000PLCTXEXVARXDOM,https://www.etrurialucegas.it/offerte/placet-casa/luce/casa-luce-index-placet,Offerta attivabile da qualsiasi canale,Domiciliazione bancaria;Bollettino precompilato;Altro,11/04/2026,31/12/2099,domestico,prezzo variabile,,144.000000,,,,,,,0.026400,,,
Etrurialucegas S.p.A.,01772620496,01772620496,https://www.etrurialucegas.it,0556120832,EtruriaLuceGas Placet Fissa Luce Domestici Casa,020151ESFFP31XXPLCTXEXDOMXFIXXF0,https://www.etrurialucegas.it/offerte/placet-casa/luce/casa-luce-365-placet,Offerta attivabile da qualsiasi canale,Domiciliazione bancaria;Bollettino precompilato;Altro,11/04/2026,31/12/2099,domestico,prezzo fisso,144.000000,,,,,0.215000,0.185000,0.195000,,,,
Etrurialucegas S.p.A.,01772620496,01772620496,https://www.etrurialucegas.it,0556120832,EtruriaLuceGas Placet Variabile Luce Business,020151ESVFP31XX000PLCTXEXVARXBUS,https://www.etrurialucegas.it/offerte/placet-business/placet-luce/business-luce-index-placet,Offerta attivabile da qualsiasi canale,Domiciliazione bancaria;Bollettino precompilato;Altro,11/04/2026,31/12/2099,non domestico,prezzo variabile,,180.000000,,,,,,,0.026400,,,
Eurotrentina Energia Srl,01847020227,01847020227,www.eurotrentinaenergia.it,800498077,PLACET LUCE VARIABILE CASA,001028ESVFP02XXPLACETEEVARCASA01,https://eurotrentinaenergia.it/,Offerta attivabile presso punto vendita,Domiciliazione bancaria;Domiciliazione postale;Domiciliazione su carta di credito;Bollettino precompilato,29/01/2026,31/12/2026,domestico,prezzo variabile,0.000000,144.000000,0.000000,0.000000,0.000000,0.000000,0.000000,0.000000,0.030000,04,023,
Eurotrentina Energia Srl,01847020227,01847020227,www.eurotrentinaenergia.it,800498077,PLACET LUCE VARIABILE BUSINESS,001028ESVFP02XX0PLACETEEVARBUS01,https://eurotrentinaenergia.it/,Offerta attivabile presso punto vendita,Domiciliazione bancaria;Domiciliazione postale;Domiciliazione su carta di credito;Bollettino precompilato,29/01/2026,31/12/2026,non domestico,prezzo variabile,0.000000,144.000000,0.000000,0.000000,0.000000,0.000000,0.000000,0.000000,0.030000,04,023,
Exergia S.p.A.,02711220125,02711220125,www.exergia.it,0331782822,Exergia Placet Variabile Luce Domestico,000679ESVFP01XXEXERGIAEE02022026,http://www.exergia.it/offerte/,Offerta attivabile da qualsiasi canale,Domiciliazione bancaria,05/02/2026,31/01/2027,domestico,prezzo variabile,,200.000000,,,,,,,0.900000,,,
Exergia S.p.A.,02711220125,02711220125,www.exergia.it,0331782822,Exergia Placet Fissa Luce Domestico,000679ESFFP01XXEXERGIAEE02022026,http://www.exergia.it/offerte/,Offerta attivabile da qualsiasi canale,Domiciliazione bancaria,05/02/2026,31/01/2027,domestico,prezzo fisso,200.000000,,,,,0.950000,0.930000,0.940000,,,,
Exergia S.p.A.,02711220125,02711220125,www.exergia.it,0331782822,Exergia Placet Variabile Luce Altri Usi,000679ESVOP01XXEXERGIAEE02022026,http://www.exergia.it/offerte/,Offerta attivabile da qualsiasi canale,Domiciliazione bancaria,05/02/2026,31/01/2027,non domestico,prezzo variabile,,180.000000,,,,,,,0.700000,,,
Exergia S.p.A.,02711220125,02711220125,www.exergia.it,0331782822,Exergia Placet Fissa Luce Altri Usi,000679ESFOP01XXEXERGIAEE02022026,http://www.exergia.it/offerte/,Offerta attivabile da qualsiasi canale,Domiciliazione bancaria,05/02/2026,31/01/2027,non domestico,prezzo fisso,180.000000,,0.900000,0.900000,0.900000,,,0.900000,,,,
FENIX SRL,02531710396,02531710396,https://www.fenixenergia.it,054622024,2508 Fenix placet variabile ele domestici,024231ESVFP01XX002508PLAEVDOM001,http://www.fenixenergia.it/placet/,Offerta attivabile presso punto vendita,Domiciliazione bancaria,01/08/2025,31/07/2026,domestico,prezzo variabile,,168.000000,,,,,,,0.075000,,,
FENIX SRL,02531710396,02531710396,https://www.fenixenergia.it,054622024,2508 Fenix placet fissa ele altri usi,024231ESFFP01XX002508PLAEFBUS001,http://www.fenixenergia.it/placet/,Offerta attivabile presso punto vendita,Domiciliazione bancaria,01/08/2025,31/07/2026,non domestico,prezzo fisso,168.000000,,0.259000,0.229000,0.229000,,,0.239000,,,,
FENIX SRL,02531710396,02531710396,https://www.fenixenergia.it,054622024,2508 Fenix placet fissa ele domestici,024231ESFFP01XX002508PLAEFDOM001,http://www.fenixenergia.it/placet/,Offerta attivabile presso punto vendita,Domiciliazione bancaria,01/08/2025,31/07/2026,domestico,prezzo fisso,168.000000,,,,,0.259000,0.229000,0.244000,,,,
FENIX SRL,02531710396,02531710396,https://www.fenixenergia.it,054622024,2508 Fenix placet variabile ele altri usi,024231ESVFP01XX002508PLAEVBUS001,http://www.fenixenergia.it/placet/,Offerta attivabile presso punto vendita,Domiciliazione bancaria,01/08/2025,31/07/2026,non domestico,prezzo variabile,,168.000000,,,,,,,0.075000,,,
FONTE ENERGIA S.R.L.,00559040654,00559040654,www.fonteenergia.com,,PLACET PER LA TUA AZIENDA,028264ESVFP01XXPL254369087976500,,Offerta attivabile solo da web,Domiciliazione bancaria;Domiciliazione postale;Bollettino precompilato,30/09/2023,31/12/2050,non domestico,prezzo variabile,,120.000000,,,,,,,0.100000,,,
FONTE ENERGIA S.R.L.,00559040654,00559040654,www.fonteenergia.com,,PLACET PER LA TUA CASA,028264ESVFP01XXPL254380268789600,,Offerta attivabile solo da web,Domiciliazione bancaria;Domiciliazione postale;Bollettino precompilato,30/09/2023,31/12/2050,domestico,prezzo variabile,,60.000000,,,,,,,0.100000,,,
FONTE ENERGIA S.R.L.,00559040654,00559040654,www.fonteenergia.com,,PLACET PER LA TUA CASA,028264ESFFP01XXPL254637427490400,,Offerta attivabile solo da web,Domiciliazione bancaria;Domiciliazione postale;Bollettino precompilato,09/11/2023,31/12/2050,domestico,prezzo fisso,200.000000,,,,,0.850000,0.850000,0.850000,,,,
FONTE ENERGIA S.R.L.,00559040654,00559040654,www.fonteenergia.com,,PLACET PER LA TUA AZIENDA,028264ESFFP01XXPL254631837083900,,Offerta attivabile solo da web,Domiciliazione bancaria;Domiciliazione postale;Bollettino precompilato,09/11/2023,31/12/2050,non domestico,prezzo fisso,300.000000,,0.850000,0.850000,0.850000,,,0.850000,,,,
FONTEL S.P.A,07281070636,07281070636,www.fontel.it,0810513000,FONTEL PLACET VARIABILE ENE DOMESTICI,000699ESVMP24XXFNTXPLACETXPUNDOM,www.fontel.it/offerte-placet-casa/,Offerta attivabile da qualsiasi canale,Domiciliazione bancaria;Domiciliazione postale;Bollettino precompilato;Altro,11/07/2026,30/09/2026,domestico,prezzo variabile,,144.000000,,,,,,,0.038500,,,
FONTEL S.P.A,07281070636,07281070636,www.fontel.it,0810513000,FONTEL PLACET FISSO ENE DOMESTICI,000699ESFMP24XXFNTXPLACETXFIXDOM,www.fontel.it/offerte-placet-casa/,Offerta attivabile da qualsiasi canale,Domiciliazione bancaria;Domiciliazione postale;Bollettino precompilato;Altro,11/07/2026,30/09/2026,domestico,prezzo fisso,144.000000,,0.196900,0.196900,0.196900,0.196900,0.196900,0.196900,,,,
FONTEL S.P.A,07281070636,07281070636,www.fontel.it,0810513000,FONTEL PLACET VARIABILE ENE BT ALTRI USI,000699ESVMP24XXFNTXPLACETXPUNBUS,www.fontel.it/offerte-placet-impresa/,Offerta attivabile da qualsiasi canale,Domiciliazione bancaria;Domiciliazione postale;Bollettino precompilato;Altro,11/07/2026,30/09/2026,non domestico,prezzo variabile,,178.000000,,,,,,,0.038500,,,
FONTEL S.P.A,07281070636,07281070636,www.fontel.it,0810513000,FONTEL PLACET FISSO ENE BT ALTRI USI,000699ESFMP24XXFNTXPLACETXFIXBUS,www.fontel.it/offerte-placet-impresa/,Offerta attivabile da qualsiasi canale,Domiciliazione bancaria;Domiciliazione postale;Bollettino precompilato;Altro,11/07/2026,30/09/2026,non domestico,prezzo fisso,178.000000,,0.196900,0.196900,0.196900,0.196900,0.196900,0.196900,,,,
FORINI S.P.A.,00148360548,00148360548,https://actonenergia.forini.com/,,PLACET ENERGIA ELETTRICA VARIABILE ALTRI USI 0426,028620ESVFP01XXOLVNDOMPLACET0426,https://actonenergia.forini.com/offerte-placet-power/,Offerta attivabile da qualsiasi canale,Domiciliazione bancaria;Domiciliazione postale,01/04/2026,31/12/2026,non domestico,prezzo variabile,,216.000000,,,,,,,0.099000,,,
FORINI S.P.A.,00148360548,00148360548,https://actonenergia.forini.com/,,PLACET ENERGIA ELETTRICA FISSA ALTRI USI 0426,028620ESFMP01XXOLFNDOMPLACET0426,https://actonenergia.forini.com/offerte-placet-power/,Offerta attivabile da qualsiasi canale,Domiciliazione bancaria;Domiciliazione postale,01/04/2026,31/12/2026,non domestico,prezzo fisso,216.000000,,0.330000,0.330000,0.330000,,,0.330000,,,,
FORINI S.P.A.,00148360548,00148360548,https://actonenergia.forini.com/,,PLACET ENERGIA ELETTRICA FISSA DOMESTICO 0426,028620ESFMP01XXOLFXDOMPLACET0426,https://actonenergia.forini.com/offerte-placet-power/,Offerta attivabile da qualsiasi canale,Domiciliazione bancaria;Domiciliazione postale,01/04/2026,31/12/2026,domestico,prezzo fisso,180.000000,,,,,0.330000,0.330000,0.330000,,,,
FORINI S.P.A.,00148360548,00148360548,https://actonenergia.forini.com/,,PLACET ENERGIA ELETTRICA VARIABILE DOMESTICO 0426,028620ESVFP01XXOLVXDOMPLACET0426,https://actonenergia.forini.com/offerte-placet-power/,Offerta attivabile da qualsiasi canale,Domiciliazione bancaria;Domiciliazione postale,01/04/2026,31/12/2026,domestico,prezzo variabile,,180.000000,,,,,,,0.088000,,,
FREE LUCE& GAS S.P.A.,11788741004,11788741004,https://www.freelucegas.it/,,FREE LUCE E GAS PLACET FISSA ENERGIA ALTRI USI,020982ESFFP01XXFRLGS000000000012,https://www.freelucegas.it/offerte-placet/,Offerta attivabile da qualsiasi canale,Domiciliazione bancaria;Domiciliazione postale;Domiciliazione su carta di credito;Bollettino precompilato,01/04/2026,30/09/2026,non domestico,prezzo fisso,238.200000,,0.500000,0.510000,0.510000,,,0.500000,,,,
FREE LUCE& GAS S.P.A.,11788741004,11788741004,https://www.freelucegas.it/,,FREE LUCE E GAS PLACET FISSA ENERGIA DOMESTICI,020982ESFFP01XXFRLGS000000000010,https://www.freelucegas.it/offerte-placet/,Offerta attivabile da qualsiasi canale,Domiciliazione bancaria;Domiciliazione postale;Domiciliazione su carta di credito;Bollettino precompilato,01/04/2026,30/09/2026,domestico,prezzo fisso,118.000000,,,,,0.500000,0.510000,0.500000,,,,
FREE LUCE& GAS S.P.A.,11788741004,11788741004,https://www.freelucegas.it/,,FREE LUCE E GAS PLACET VARIABILE ENERGIA ALTRI USI,020982ESVFP01XXFRLGS000000000013,https://www.freelucegas.it/offerte-placet/,Offerta attivabile da qualsiasi canale,Domiciliazione bancaria;Domiciliazione postale;Domiciliazione su carta di credito;Bollettino precompilato,01/04/2026,30/09/2026,non domestico,prezzo variabile,,238.200000,,,,,,,0.500000,,,
FREE LUCE& GAS S.P.A.,11788741004,11788741004,https://www.freelucegas.it/,,FREE LUCE E GAS PLACET VARIABILE ENERGIA DOMESTICI,020982ESVFP01XXFRLGS000000000011,https://www.freelucegas.it/offerte-placet/,Offerta attivabile da qualsiasi canale,Domiciliazione bancaria;Domiciliazione postale;Domiciliazione su carta di credito;Bollettino precompilato,01/04/2026,30/09/2026,domestico,prezzo variabile,,118.000000,,,,,,,0.500000,,,
ForGreen S.p.a.,03879040230,03879040230,https://www.forgreen.it/portale-offerte/,0458762600,ForGreen ForGreen PLACET Variabile Energia Elettrica Do,014830ESVFP03XXDOMPUNX261X2301BK,https://www.forgreen.it/portale-offerte/,Offerta attivabile solo da web;Offerta attivabile presso punto vendita,Domiciliazione bancaria;Domiciliazione postale,07/07/2026,30/09/2026,domestico,prezzo variabile,,999.990000,,,,,,,0.100000,,,
ForGreen S.p.a.,03879040230,03879040230,https://www.forgreen.it/portale-offerte/,0458762600,ForGreen ForGreen PLACET Variabile Energia Elettrica Al,014830ESVFP03XXAUSIPUN261X2301BK,https://www.forgreen.it/portale-offerte/,Offerta attivabile solo da web;Offerta attivabile presso punto vendita,Domiciliazione bancaria;Domiciliazione postale,07/07/2026,30/09/2026,non domestico,prezzo variabile,,999.990000,,,,,,,0.100000,,,
ForGreen S.p.a.,03879040230,03879040230,https://www.forgreen.it/portale-offerte/,0458762600,ForGreen ForGreen PLACET Fissa Energia Elettrica Domest,014830ESFFP03XXDOMFIXX261X2301BK,https://www.forgreen.it/portale-offerte/,Offerta attivabile solo da web;Offerta attivabile presso punto vendita,Domiciliazione bancaria;Domiciliazione postale,07/07/2026,30/09/2026,domestico,prezzo fisso,999.990000,,,,,1.000000,1.000000,1.000000,,,,
ForGreen S.p.a.,03879040230,03879040230,https://www.forgreen.it/portale-offerte/,0458762600,ForGreen ForGreen PLACET Fissa Energia Elettrica Altri,014830ESFFP03XXAUSIFIX261X2301BK,https://www.forgreen.it/portale-offerte/,Offerta attivabile solo da web;Offerta attivabile presso punto vendita,Domiciliazione bancaria;Domiciliazione postale,07/07/2026,30/09/2026,non domestico,prezzo fisso,999.990000,,1.000000,1.000000,1.000000,,,1.000000,,,,
Futura Power Srl,03520140785,03520140785,www.futurapower.it,0984983442,FUTURA Placet Variabile Ele BT Altri Usi,026836ESVFP01XX00000000000017555,http://www.futurapower.it/,Offerta attivabile da qualsiasi canale,Domiciliazione bancaria,07/07/2026,31/12/2026,non domestico,prezzo variabile,,96.000000,,,,,,,0.020000,,,
Futura Power Srl,03520140785,03520140785,www.futurapower.it,0984983442,FUTURA Placet Fissa Ele Domestici,026836ESFFP01XX00000000000017556,http://www.futurapower.it/,Offerta attivabile da qualsiasi canale,Domiciliazione bancaria,07/07/2026,31/12/2026,domestico,prezzo fisso,144.000000,,0.150000,0.150000,0.150000,0.150000,0.150000,0.150000,,,,
Futura Power Srl,03520140785,03520140785,www.futurapower.it,0984983442,FUTURA Placet Fissa Ele BT Altri Usi,026836ESFFP01XX00000000000017557,http://www.futurapower.it/,Offerta attivabile da qualsiasi canale,Domiciliazione bancaria,07/07/2026,31/12/2026,non domestico,prezzo fisso,144.000000,,0.150000,0.150000,0.150000,,,0.150000,,,,
Futura Power Srl,03520140785,03520140785,www.futurapower.it,0984983442,FUTURA Placet Variabile Ele Domestici,026836ESVFP01XX00000000000014457,http://www.futurapower.it/,Offerta attivabile da qualsiasi canale,Domiciliazione bancaria;Bollettino precompilato;Altro,07/07/2026,31/12/2026,domestico,prezzo variabile,,96.000000,,,,,,,0.020000,,,
GAN ENERGIA SRL,05574300280,05574300280,https://www.ganenergia.it/,,GAN Energia PLACET fissa Luce domestico,039832ESFFP05XX0PLCTCASAFIX00000,www.ganenergia.it/casa-offerte-luce-gas/luce-flex-casa-fasce/,Offerta attivabile da qualsiasi canale,Domiciliazione bancaria;Bollettino precompilato;Altro,19/05/2026,31/12/2026,domestico,prezzo fisso,156.000000,,,,,0.230000,0.230000,0.230000,,,,
GAN ENERGIA SRL,05574300280,05574300280,https://www.ganenergia.it/,,GAN Energia PLACET variabile Luce domestico,039832ESVFP05XX0PLCTCASA0VAR0000,www.ganenergia.it/casa-offerte-luce-gas/luce-flex-casa/,Offerta attivabile da qualsiasi canale,Domiciliazione bancaria;Bollettino precompilato;Altro,19/05/2026,31/12/2026,domestico,prezzo variabile,,156.000000,,,,,,,0.030000,,,
GAN ENERGIA SRL,05574300280,05574300280,https://www.ganenergia.it/,,GAN Energia PLACET variabile Luce altri usi,039832ESVFP06XX0PLCTBUS00VAR0000,www.ganenergia.it/business-offerte-luce-gas/luce-flex-business-monoraria/,Offerta attivabile da qualsiasi canale,Domiciliazione bancaria;Bollettino precompilato;Altro,19/05/2026,31/12/2026,non domestico,prezzo variabile,,180.000000,,,,,,,0.030000,,,
GAN ENERGIA SRL,05574300280,05574300280,https://www.ganenergia.it/,,GAN Energia PLACET fissa Luce altri usi,039832ESFFP05XX0PLCTBUSIFIX00000,www.ganenergia.it/business-offerte-luce-gas/luce-flex-business-fasce/,Offerta attivabile da qualsiasi canale,Domiciliazione bancaria;Bollettino precompilato;Altro,19/05/2026,31/12/2026,non domestico,prezzo fisso,180.000000,,0.230000,0.230000,0.230000,,,0.230000,,,,
GAZEL SRL,12496540019,12496540019,www.gazelitalia.it,,Gazel PLACET fissa Luce altri usi,036917ESFFP01XX00000000PLACET011,www.gazel.it,Offerta attivabile solo da web;Offerta attivabile presso punto vendita;Agenzia,Domiciliazione bancaria;Domiciliazione postale,01/02/2026,31/01/2027,non domestico,prezzo fisso,360.000000,,0.295000,0.295000,0.295000,,,0.295000,,,,
GAZEL SRL,12496540019,12496540019,www.gazelitalia.it,,Gazel PLACET fissa Luce domestico,036917ESFFP01XX00000000PLACET012,www.gazel.it,Offerta attivabile solo da web;Offerta attivabile presso punto vendita;Agenzia,Domiciliazione bancaria;Domiciliazione postale,01/02/2026,31/01/2027,domestico,prezzo fisso,240.000000,,,,,0.295000,0.295000,0.295000,,,,
GAZEL SRL,12496540019,12496540019,www.gazelitalia.it,,Gazel PLACET variabile Luce altri usi,036917ESVFP01XX00000000PLACET013,www.gazel.it,Offerta attivabile solo da web;Offerta attivabile presso punto vendita;Agenzia,Domiciliazione bancaria;Domiciliazione postale,01/02/2026,31/01/2027,non domestico,prezzo variabile,,360.000000,,,,,,,0.100000,,,
GAZEL SRL,12496540019,12496540019,www.gazelitalia.it,,Gazel PLACET variabile Luce domestico,036917ESVFP01XX00000000PLACET014,www.gazel.it,Offerta attivabile solo da web;Offerta attivabile presso punto vendita;Agenzia,Domiciliazione bancaria;Domiciliazione postale,01/02/2026,31/01/2027,domestico,prezzo variabile,,240.000000,,,,,,,0.100000,,,
GEKO S.p.A.,12245181008,12245181008,https://www.gekospa.it,800969821,E-Solution One Placet,015274ESFFP01XXMICRO0626O567U000,www.gekospa.it,Offerta attivabile da qualsiasi canale,Domiciliazione bancaria;Bollettino precompilato,12/06/2026,31/12/2028,non domestico,prezzo fisso,200.000000,,0.900000,0.900000,0.900000,,,0.900000,,,,
GEKO S.p.A.,12245181008,12245181008,https://www.gekospa.it,800969821,E-Super Mono Placet,015274ESFFP01XXEEDOM0626TUS8N000,https://www.gekospa.it/it/luce-and-gas/,Offerta attivabile da qualsiasi canale,Domiciliazione bancaria;Bollettino precompilato,12/06/2026,31/12/2028,domestico,prezzo fisso,170.000000,,,,,0.900000,0.900000,0.900000,,,,
GEKO S.p.A.,12245181008,12245181008,https://www.gekospa.it,800969821,E-Super Dynamic Placet,015274ESVFP01XXEEDOM0626JOXZI000,https://www.gekospa.it/it/luce-and-gas/,Offerta attivabile da qualsiasi canale,Domiciliazione postale;Bollettino precompilato,12/06/2026,31/12/2028,domestico,prezzo variabile,,170.000000,,,,,,,0.550000,,,
GEKO S.p.A.,12245181008,12245181008,https://www.gekospa.it,800969821,E-Solution Flex Placet,015274ESVFP01XXMICRO0626FTMM2000,www.gekospa.it/tutte-le-offerte/offerte-placet/,Offerta attivabile da qualsiasi canale,Domiciliazione bancaria;Bollettino precompilato,12/06/2026,31/12/2028,non domestico,prezzo variabile,,200.000000,,,,,,,0.550000,,,
GELSIA SRL,05970420963,05970420963,http://www.gelsia.it,03622251,Gelsia Placet Variabile Luce Domestici,002505ESVFP05XX000000EEPLACETVDN,https://www.gelsia.it/PlacetVariabileLuceDomestici1307,Offerta attivabile solo da web;Offerta attivabile presso punto vendita;Teleselling;Agenzia,Domiciliazione bancaria;Domiciliazione postale;Bollettino precompilato,13/07/2026,10/09/2026,domestico,prezzo variabile,,120.000000,,,,,,,0.026000,,,
GELSIA SRL,05970420963,05970420963,http://www.gelsia.it,03622251,Gelsia Placet Fissa Luce Domestici,002505ESFFP05XX000000EEPLACETFDN,https://www.gelsia.it/PlacetFissaLuceDomestici1307,Offerta attivabile solo da web;Offerta attivabile presso punto vendita;Teleselling;Agenzia,Domiciliazione bancaria;Domiciliazione postale;Bollettino precompilato,13/07/2026,10/09/2026,domestico,prezzo fisso,128.000000,,,,,0.246000,0.240000,0.242000,,,,
GELSIA SRL,05970420963,05970420963,http://www.gelsia.it,03622251,Gelsia Placet Variabile Luce PMI,002505ESVFP48XX0000000AUPLACETVR,https://www.gelsia.it/PlacetVariabileLucePmi1307,Offerta attivabile solo da web;Offerta attivabile presso punto vendita;Teleselling;Agenzia,Domiciliazione bancaria;Domiciliazione postale;Bollettino precompilato,13/07/2026,10/09/2026,non domestico,prezzo variabile,,144.000000,,,,,,,0.024000,,,
GELSIA SRL,05970420963,05970420963,http://www.gelsia.it,03622251,Gelsia Placet Fissa Luce PMI,002505ESFFP49XX0000000AUPLACETFX,https://www.gelsia.it/PlacetFissaLucePmi1307,Offerta attivabile solo da web;Offerta attivabile presso punto vendita;Teleselling;Agenzia,Domiciliazione bancaria;Domiciliazione postale;Bollettino precompilato,13/07/2026,10/09/2026,non domestico,prezzo fisso,144.000000,,0.286000,0.276000,0.276000,,,0.286000,,,,
GEOPLIN ITALIA,14180050966,14180050966,www.geoplin.it,,GEOPLIN PLACET FISSA LUCE DOMESTICO,043841ESFFP02XXPLFIXEEEV02052600,www.geoplin.it/it/offerte-placet-gas-e-luce,Offerta attivabile da qualsiasi canale,Domiciliazione bancaria;Domiciliazione postale;Domiciliazione su carta di credito;Bollettino precompilato,02/05/2026,01/05/2027,domestico,prezzo fisso,131.880000,,,,,0.240350,0.239250,0.228000,,,,
GEOPLIN ITALIA,14180050966,14180050966,www.geoplin.it,,GEOPLIN PLACET VARIABILE LUCE DOMESTICO,043841ESVFP02XXPLVAREEEV02052600,www.geoplin.it/it/offerte-placet-gas-e-luce,Offerta attivabile da qualsiasi canale,Domiciliazione bancaria;Domiciliazione postale;Domiciliazione su carta di credito;Bollettino precompilato,02/05/2026,01/05/2027,domestico,prezzo variabile,,131.880000,,,,,,,0.030000,,,
GEOPLIN ITALIA,14180050966,14180050966,www.geoplin.it,,GEOPLIN PLACET VARIABILE LUCE USI DIVERSI,043841ESVFP02XXPLVAREENDEV020526,www.geoplin.it/it/offerte-placet-gas-e-luce,Offerta attivabile da qualsiasi canale,Domiciliazione bancaria;Domiciliazione postale;Domiciliazione su carta di credito;Bollettino precompilato,02/05/2026,01/05/2027,non domestico,prezzo variabile,,183.720000,,,,,,,0.030000,,,
GEOPLIN ITALIA,14180050966,14180050966,www.geoplin.it,,GEOPLIN PLACET FISSA LUCE USI DIVERSI,043841ESFFP02XXPLFIXEENDEV020526,www.geoplin.it/it/offerte-placet-gas-e-luce,Offerta attivabile da qualsiasi canale,Domiciliazione bancaria;Domiciliazione postale;Domiciliazione su carta di credito;Bollettino precompilato,02/05/2026,01/05/2027,non domestico,prezzo fisso,183.720000,,0.218500,0.228000,0.208000,,,0.240350,,,,
GESENU ENERGIA S.R.L.,11276621007,11276621007,www.gesenuenergia.it,,GESENU ENERGIA PLACET VARIABILE LUCE DOMESTICI,004364ESVMP12XX00000000000000140,https://www.gesenuenergia.it/offerte-energia-casa/placet-casa-prezzo-variabile,Offerta attivabile presso punto vendita,Domiciliazione bancaria;Bollettino precompilato,21/07/2026,10/08/2026,domestico,prezzo variabile,,144.000000,,,,,,,0.081800,,,
GESENU ENERGIA S.R.L.,11276621007,11276621007,www.gesenuenergia.it,,GESENU ENERGIA PLACET VARIABILE LUCE BUSINESS,004364ESVMP12XX00000000000000141,https://www.gesenuenergia.it/offerte-energia-impresa/placet-impresa-prezzo-variabile,Offerta attivabile presso punto vendita,Domiciliazione bancaria;Bollettino precompilato,21/07/2026,10/08/2026,non domestico,prezzo variabile,,240.000000,,,,,,,0.081800,,,
GESENU ENERGIA S.R.L.,11276621007,11276621007,www.gesenuenergia.it,,GESENU ENERGIA PLACET FISSA LUCE DOMESTICI,004364ESFMP12XX00000000000000138,https://www.gesenuenergia.it/offerte-energia-casa/placet-casa-prezzo-fisso,Offerta attivabile presso punto vendita,Domiciliazione bancaria;Bollettino precompilato,21/07/2026,10/08/2026,domestico,prezzo fisso,144.000000,,,,,0.409100,0.409100,0.409100,,,,
GESENU ENERGIA S.R.L.,11276621007,11276621007,www.gesenuenergia.it,,GESENU ENERGIA PLACET FISSA LUCE BUSINESS,004364ESFMP12XX00000000000000139,https://www.gesenuenergia.it/offerte-energia-impresa/placet-impresa-prezzo-fisso,Offerta attivabile presso punto vendita,Domiciliazione bancaria;Bollettino precompilato,21/07/2026,10/08/2026,non domestico,prezzo fisso,240.000000,,0.409100,0.409100,0.409100,,,0.409100,,,,
GEST.I.M. GESTIONE IDRICA E METANO SRL,04055830618,04055830618,www.gestimenergia.it,0823972943,Gestim Placet Variabile Luce Altri Usi,026545ESVMP01XXGESTIMPLLUCEVAUSI,,Offerta attivabile presso punto vendita,Domiciliazione bancaria,20/01/2026,31/01/2027,non domestico,prezzo variabile,,999.000000,,,,,,,0.200000,03;13;01;08;14;12;15;10;11,,
GEST.I.M. GESTIONE IDRICA E METANO SRL,04055830618,04055830618,www.gestimenergia.it,0823972943,Gestim Placet Fissa Luce Casa,026545ESFMP01XXGESTIMPLLUCEFCASA,,Offerta attivabile presso punto vendita,Domiciliazione bancaria,20/01/2026,31/01/2027,domestico,prezzo fisso,240.000000,,0.400000,0.400000,0.400000,0.400000,0.400000,0.400000,,03;13;01;08;14;12;15;10;11,,
GEST.I.M. GESTIONE IDRICA E METANO SRL,04055830618,04055830618,www.gestimenergia.it,0823972943,Gestim Placet Fissa Luce Altri Usi,026545ESFMP01XXGESTIMPLLUCEFAUSI,,Offerta attivabile presso punto vendita,Domiciliazione bancaria,20/01/2026,31/01/2027,non domestico,prezzo fisso,999.000000,,0.400000,0.400000,0.400000,0.400000,0.400000,0.400000,,03;13;01;08;14;12;15;11,,
GEST.I.M. GESTIONE IDRICA E METANO SRL,04055830618,04055830618,www.gestimenergia.it,0823972943,Gestim Placet Variabile Luce Casa,026545ESVMP01XXGESTIMPLLUCEVCASA,,Offerta attivabile presso punto vendita,Domiciliazione bancaria,20/01/2026,31/01/2027,domestico,prezzo variabile,,240.000000,,,,,,,0.200000,03;13;01;08;14;12;15;10;11,,
GIGA ENERGIA SRL,01960170494,01960170494,www.gigaenergia.it,,GIGA PLACET VARIABILE EE DOMESTICO,035765ESVFP01XXPLA00000000000028,www.gigaenergia.it/offerte-placet/,Offerta attivabile solo da web;Offerta attivabile presso punto vendita;Agenzia,Domiciliazione bancaria;Domiciliazione postale,08/06/2026,31/12/2026,domestico,prezzo variabile,,300.000000,,,,,,,0.060000,,,
GIGA ENERGIA SRL,01960170494,01960170494,www.gigaenergia.it,,GIGA PLACET VARIABILE EE BUSINESS,035765ESVFP01XXPLA00000000000029,www.gigaenergia.it/offerte-placet/,Offerta attivabile solo da web;Offerta attivabile presso punto vendita;Agenzia,Domiciliazione bancaria;Domiciliazione postale,08/06/2026,31/12/2026,non domestico,prezzo variabile,,300.000000,,,,,,,0.060000,,,
GIGA ENERGIA SRL,01960170494,01960170494,www.gigaenergia.it,,GIGA PLACET FISSA EE BUSINESS,035765ESFFP01XXPLA00000000000031,www.gigaenergia.it/offerte-placet/,Offerta attivabile solo da web;Offerta attivabile presso punto vendita;Agenzia,Domiciliazione bancaria;Domiciliazione postale,08/06/2026,31/12/2026,non domestico,prezzo fisso,300.000000,,0.455000,0.448000,0.448000,,,0.455000,,,,
GIGA ENERGIA SRL,01960170494,01960170494,www.gigaenergia.it,,GIGA PLACET FISSA EE DOMESTICO,035765ESFFP01XXPLA00000000000030,www.gigaenergia.it/offerte-placet/,Offerta attivabile solo da web;Offerta attivabile presso punto vendita;Agenzia,Domiciliazione bancaria;Domiciliazione postale,08/06/2026,31/12/2026,domestico,prezzo fisso,300.000000,,,,,0.455000,0.448000,0.455000,,,,
GOLDENERGY S.P.A.,01655380663,01655380663,www.goldenergy.it,,Goldenergy Placet Variabile Ele Domestica,000487ESVFP01XX00000000000021225,http://www.goldenergy.it/offerte/,Offerta attivabile solo da web,Domiciliazione bancaria;Domiciliazione postale;Bollettino precompilato,01/01/2026,31/12/2026,domestico,prezzo variabile,,300.000000,,,,,,,0.050000,,,
GOLDENERGY S.P.A.,01655380663,01655380663,www.goldenergy.it,,Goldenergy Placet Fissa Ele Business,000487ESFFP01XX00000000000011225,http://www.goldenergy.it/offerte/,Offerta attivabile solo da web,Domiciliazione bancaria;Domiciliazione postale;Bollettino precompilato,01/01/2026,31/12/2026,non domestico,prezzo fisso,300.000000,,0.200000,0.200000,0.200000,0.200000,0.200000,0.200000,,,,
GOLDENERGY S.P.A.,01655380663,01655380663,www.goldenergy.it,,Goldenergy Placet Fissa Ele Domestica,000487ESFFP01XX00000000000021225,http://www.goldenergy.it/offerte/,Offerta attivabile solo da web,Domiciliazione bancaria;Domiciliazione postale;Bollettino precompilato,01/01/2026,31/12/2026,domestico,prezzo fisso,300.000000,,0.200000,0.200000,0.200000,0.200000,0.200000,0.200000,,,,
GOLDENERGY S.P.A.,01655380663,01655380663,www.goldenergy.it,,Goldenergy Placet Variabile Ele Business,000487ESVFP01XX00000000000011225,http://www.goldenergy.it/offerte/,Offerta attivabile solo da web,Domiciliazione bancaria;Domiciliazione postale;Bollettino precompilato,01/01/2026,31/12/2026,non domestico,prezzo variabile,,300.000000,,,,,,,0.050000,,,
GREEN ENERGY SAVING COMPANY SRL,01808540494,01808540494,https://www.greenescoenergia.it/,800508766,LCFPLAB26|LUCE CASA PLACET FIX,024416ESFFP01XX000000LCFPLAB2601,https://www.greenescoenergia.it/wp-content/uploads/2025/12/LCFIXPLA26-Luce-Casa-PLACET-Fix.pdf,Offerta attivabile da qualsiasi canale,Domiciliazione bancaria;Domiciliazione postale;Bollettino precompilato;Altro,15/05/2026,31/12/2026,domestico,prezzo fisso,480.000000,,,,,0.187000,0.181500,0.187000,,,,
GREEN ENERGY SAVING COMPANY SRL,01808540494,01808540494,https://www.greenescoenergia.it/,800508766,LCIPLAB26|LUCE CASA PLACET INDEX,024416ESVFP01XX000000LCIPLAB2601,https://www.greenescoenergia.it/wp-content/uploads/2025/12/LCIPLAB26-Luce-Casa-PLACET-Index.pdf,Offerta attivabile da qualsiasi canale,Domiciliazione bancaria;Domiciliazione postale;Bollettino precompilato;Altro,15/05/2026,31/12/2026,domestico,prezzo variabile,,480.000000,,,,,,,0.250000,,,
GREEN ENERGY SAVING COMPANY SRL,01808540494,01808540494,https://www.greenescoenergia.it/,800508766,LIIPLAF26 - LUCE IMPRESA PLACET INDEX,024416ESVFP01XX00000000LIIPLAF26,,Offerta attivabile da qualsiasi canale,Domiciliazione bancaria;Domiciliazione postale;Bollettino precompilato;Altro,01/01/2026,31/12/2026,non domestico,prezzo variabile,,720.000000,,,,,,,0.250000,,,
GREEN ENERGY SAVING COMPANY SRL,01808540494,01808540494,https://www.greenescoenergia.it/,800508766,LIFIXPLA26 - LUCE IMPRESA PLACET FIX,024416ESFFP01XX0000000LIFIXPLA26,,Offerta attivabile da qualsiasi canale,Domiciliazione bancaria;Domiciliazione postale;Bollettino precompilato;Altro,01/01/2026,31/12/2026,non domestico,prezzo fisso,720.000000,,0.209000,0.206800,0.203500,,,0.209000,,,,
GREENIUS SRL,04362490403,04362490403,www.greenius.it,0547483848,BUSINESS PLACET PREZZO VARIABILE,027184ESVFP01XX2601AUEPUNPLACET1,https://greenius.it/placet/,Offerta attivabile solo da web;Agenzia,Domiciliazione bancaria;Domiciliazione postale;Bollettino precompilato,01/01/2026,31/12/2026,non domestico,prezzo variabile,,240.000000,,,,,,,0.075510,,,
GREENIUS SRL,04362490403,04362490403,www.greenius.it,0547483848,CASA PLACET PREZZO FISSO,027184ESFFP01XX2601DOEFIXPLACET1,https://greenius.it/placet/,Offerta attivabile solo da web;Agenzia,Domiciliazione bancaria;Domiciliazione postale,01/01/2026,31/12/2026,domestico,prezzo fisso,180.000000,,,,5.000000,0.690350,0.688150,0.690350,,,,
GREENIUS SRL,04362490403,04362490403,www.greenius.it,0547483848,CASA PLACET PREZZO VARIABILE,027184ESVFP01XX2601DOEPUNPLACET1,https://greenius.it/placet/,Offerta attivabile solo da web;Agenzia,Domiciliazione bancaria;Domiciliazione postale,01/01/2026,31/12/2026,domestico,prezzo variabile,,180.000000,,,,,,,0.075510,,,
GREENIUS SRL,04362490403,04362490403,www.greenius.it,0547483848,BUSINESS PLACET PREZZO FISSO,027184ESFFP01XX2601AUEFIXPLACET1,https://greenius.it/placet/,Offerta attivabile solo da web;Agenzia,Domiciliazione bancaria;Domiciliazione postale;Bollettino precompilato,01/01/2026,31/12/2026,non domestico,prezzo fisso,240.000000,,0.690350,0.688150,0.690350,,,0.690350,,,,
GRITTI ENERGIA S.R.L.,00691570154,12039890152,https://www.grittienergia.it,0458240060,Gritti Energia GRITTI ENERGIA PLACET VARIABILE IMPRESA,000704ESVMP01XXEMLNLA12I101261MS,,Offerta attivabile da qualsiasi canale,Domiciliazione bancaria;Domiciliazione postale;Bollettino precompilato,20/01/2026,31/12/2026,non domestico,prezzo variabile,,240.000000,,,,,,,0.073000,03;09;01;08;05;06;02;04;10;07;11,,
GRITTI ENERGIA S.R.L.,00691570154,12039890152,https://www.grittienergia.it,0458240060,Gritti Energia GRITTI ENERGIA PLACET FISSO IMPRESA LUCE,000704ESFMP01XXEMXNVA12F101261MS,,Offerta attivabile da qualsiasi canale,Domiciliazione bancaria;Domiciliazione postale;Bollettino precompilato,20/01/2026,31/12/2026,non domestico,prezzo fisso,240.000000,,0.450000,0.420000,0.420000,,,0.430000,,03;09;01;08;05;06;02;04;10;07;11,,
GRITTI ENERGIA S.R.L.,00691570154,12039890152,https://www.grittienergia.it,0458240060,Gritti Energia GRITTI ENERGIA PLACET VARIABILE DOMESTIC,000704ESVMP01XXERLNLA12I101261RS,,Offerta attivabile da qualsiasi canale,Domiciliazione bancaria;Domiciliazione postale;Bollettino precompilato,20/01/2026,31/12/2026,domestico,prezzo variabile,,180.000000,,,,,,,0.085000,03;09;01;08;05;06;02;04;10;07;11,,
GRITTI ENERGIA S.R.L.,00691570154,12039890152,https://www.grittienergia.it,0458240060,Gritti Energia GRITTI ENERGIA PLACET FISSO DOMESTICO LU,000704ESFMP01XXERXNVA12F101261RS,,Offerta attivabile da qualsiasi canale,Domiciliazione bancaria;Domiciliazione postale;Bollettino precompilato,20/01/2026,31/12/2026,domestico,prezzo fisso,180.000000,,,,,0.450000,0.420000,0.430000,,03;09;01;08;05;06;02;04;10;07;11,,
GRUPPO NORD PETROLI S.R.L.,01887400222,01887400222,WWW.GNPLUCEGAS.IT,,GNP_EDV_PLACET Variabile Domestico,035819ESVFP59XXDPUN2PLACETVARX01,www.gnplucegas.it/offerte/luce/domestico/gnp_edv_placet-variabile-domestico,Offerta attivabile presso punto vendita;altro,Domiciliazione bancaria;Altro,11/07/2026,10/08/2026,domestico,prezzo variabile,0.000000,160.000000,0.000000,0.000000,0.000000,0.000000,0.000000,0.000000,0.021000,,,
GRUPPO NORD PETROLI S.R.L.,01887400222,01887400222,WWW.GNPLUCEGAS.IT,,GNP_EAV_PLACET Variabile,035819ESVFP59XXAPUN3PLACETVARX01,www.gnplucegas.it/offerte/luce/non-domestico/gnp_eav_placet-variabile,Offerta attivabile presso punto vendita;altro,Domiciliazione bancaria;Altro,11/07/2026,10/08/2026,non domestico,prezzo variabile,0.000000,180.000000,0.000000,0.000000,0.000000,0.000000,0.000000,0.000000,0.021000,,,
Gaxa S.p.A.,10813630968,10813630968,www.gaxaenergia.it,,Gaxa placet variabile - Casa,030384ESVFP01XXGAXA_PLACET_VARIA,www.gaxaenergia.it,Offerta attivabile presso punto vendita;Agenzia,Altro,05/04/2024,01/04/2030,domestico,prezzo variabile,,180.000000,,,,,,,0.025000,,,
Gaxa S.p.A.,10813630968,10813630968,www.gaxaenergia.it,,Gaxa placet variabile - Impresa,030384ESVFP01XXLUCEPLCPMIVAR0324,www.gaxaenergia.it,Agenzia,Domiciliazione bancaria;Bollettino precompilato,15/04/2024,01/04/2030,non domestico,prezzo variabile,,252.800000,,,,,,,0.055000,20,,
Gaxa S.p.A.,10813630968,10813630968,www.gaxaenergia.it,,Gaxa placet fissa - Impresa,030384ESFFP01XXLUCEPLCPMIFIX0324,www.gaxaenergia.it,Agenzia,Domiciliazione bancaria;Bollettino precompilato,15/04/2024,01/04/2030,non domestico,prezzo fisso,144.000000,,0.650000,0.630000,0.630000,0.650000,0.630000,0.640000,,20,,
Gaxa S.p.A.,10813630968,10813630968,www.gaxaenergia.it,,Gaxa placet fissa - Casa,030384ESFFP01XXGAXA_PLACET_FISSA,www.gaxaenergia.it,Offerta attivabile presso punto vendita;Agenzia,Altro,05/04/2024,01/04/2030,domestico,prezzo fisso,144.000000,,,,,0.650000,0.630000,0.640000,,,,
Global Power Plus S.r.l.,04032290233,04032290233,https://www.globalpowerplus.it/,,PLACET DOMESTICO FISSO,034642ESFFP01XXE199PD4A260500000,https://www.globalpowerplus.it/offerte-placet/,Offerta attivabile da qualsiasi canale,Domiciliazione bancaria;Domiciliazione postale;Domiciliazione su carta di credito;Bollettino precompilato,04/06/2026,31/12/2027,domestico,prezzo fisso,180.000000,0.000000,0.000000,0.000000,0.000000,0.363630,0.318180,0.360000,0.000000,,,
Global Power Plus S.r.l.,04032290233,04032290233,https://www.globalpowerplus.it/,,PLACET NON DOMESTICO FISSO,034642ESFFP01XXE200PM4A260500000,https://www.globalpowerplus.it/offerte-placet/,Offerta attivabile da qualsiasi canale,Domiciliazione bancaria;Domiciliazione postale;Domiciliazione su carta di credito;Bollettino precompilato,03/06/2026,31/12/2027,non domestico,prezzo fisso,240.000000,0.000000,0.450000,0.350000,0.300000,0.000000,0.000000,0.600000,0.000000,,,
Global Power Plus S.r.l.,04032290233,04032290233,https://www.globalpowerplus.it/,,PLACET DOMESTICO VARIABILE,034642ESVMP01XXE197PD2A260500000,https://www.globalpowerplus.it/offerte-placet/,Offerta attivabile da qualsiasi canale,Domiciliazione bancaria;Domiciliazione postale;Domiciliazione su carta di credito;Bollettino precompilato,03/06/2026,31/12/2027,domestico,prezzo variabile,0.000000,180.000000,0.000000,0.000000,0.000000,0.000000,0.000000,0.000000,0.040000,,,
Global Power Plus S.r.l.,04032290233,04032290233,https://www.globalpowerplus.it/,,PLACET NON DOMESTICO VARIABILE,034642ESVMP01XXE198PM2A260500000,https://www.globalpowerplus.it/offerte-placet/,Offerta attivabile da qualsiasi canale,Domiciliazione bancaria;Domiciliazione postale;Domiciliazione su carta di credito;Bollettino precompilato,03/06/2026,31/12/2027,non domestico,prezzo variabile,0.000000,240.000000,0.000000,0.000000,0.000000,0.000000,0.000000,0.000000,0.040000,,,
Gorla Energia Srl,03708400134,03708400134,https://www.gorlaenergia.com,800238229,PLACET EE Prezzo Variabile Domestico,026727ESVFP01XXZGEZPLAZB26PLEDOV,https://www.gorlaenergia.com/offerte,Offerta attivabile presso punto vendita,Domiciliazione bancaria,20/04/2026,30/06/2027,domestico,prezzo variabile,,144.000000,,,,,,,0.015000,,,
Gorla Energia Srl,03708400134,03708400134,https://www.gorlaenergia.com,800238229,PLACET EE Prezzo Fisso Domestico,026727ESFFP01XXZGEZPLAZB26PLEDOF,https://www.gorlaenergia.com/offerte,Offerta attivabile presso punto vendita,Domiciliazione bancaria,20/04/2026,30/06/2027,domestico,prezzo fisso,144.000000,,,,,0.194000,0.194000,0.194000,,,,
Gorla Energia Srl,03708400134,03708400134,https://www.gorlaenergia.com,800238229,PLACET EE Prezzo Variabile AltriUsi,026727ESVFP01XXZGEZPLAZB26PLEAUV,https://www.gorlaenergia.com.it/offerte,Offerta attivabile presso punto vendita,Domiciliazione bancaria,20/04/2026,30/06/2027,non domestico,prezzo variabile,,144.000000,,,,,,,0.015000,,,
Gorla Energia Srl,03708400134,03708400134,https://www.gorlaenergia.com,800238229,PLACET EE Prezzo Fisso AltriUsi,026727ESFFP01XXZGEZPLAZB26PLEAUF,https://www.gorlaenergia.com/offerte,Offerta attivabile presso punto vendita,Domiciliazione bancaria,20/04/2026,30/06/2027,non domestico,prezzo fisso,144.000000,,0.194000,0.194000,0.194000,,,0.194000,,,,
HELIOS S.p.A.,04468130655,04468130655,heliosenergia.it,,001910ESVFP01XXDOM_PUN01_15_POST,001910ESVFP01XXDOM0PUN010150POST,,Offerta attivabile presso punto vendita,Domiciliazione bancaria;Domiciliazione postale;Domiciliazione su carta di credito;Bollettino precompilato,20/02/2026,31/12/2026,domestico,prezzo variabile,,90.000000,,,,,,,0.020000,,,
HELIOS S.p.A.,04468130655,04468130655,heliosenergia.it,,001910ESVFP01XXAUU_PUN01_15_POST,001910ESVFP01XXAUU0PUN010150POST,,Offerta attivabile presso punto vendita,Domiciliazione bancaria;Domiciliazione postale;Domiciliazione su carta di credito;Bollettino precompilato,20/02/2026,31/12/2026,non domestico,prezzo variabile,,144.000000,,,,,,,0.020000,,,
Hera Comm S.p.a.,02221101203,02221101203,heracomm.gruppohera.it,800999500,HeraComm Placet Lavoro Luce Fissa,000415ESFFP01XX000PLACETXELFXV58,https://heracomm.gruppohera.it/business/offerte-luce-gas/partite-iva-professionisti/placet-fissa-lav,Offerta attivabile da qualsiasi canale,Domiciliazione bancaria;Domiciliazione postale;Domiciliazione su carta di credito;Bollettino precompilato;Altro,11/06/2026,28/07/2026,non domestico,prezzo fisso,144.000000,,0.278500,0.268500,0.231000,,,0.254000,,09;13;20;08;14;16;12;15;17;18;02;04;10;11;19,008;005;006;003;019;015;001;098;010;096;018;020;103;004;011,002061;002062;002066;002067;002068;002070;002071;002072;002078;002079;002082;002090;002091;002093;002096;002097;002102;002104;002107;002110;002170;002170;002113;002002;002115;002116;002118;002121;002122;002156;002126;002127;002128;002131;002134;002135;002137;002142;002147;002148;002152;002156;002158;002164;002166;002002;002006;002007;002008;002009;002011;002014;002016;002017;002171;002021;002025;002029;002030;002031;002033;002035;002171;002041;002042;002043;002045;002047;002048;002049;002052;002054;002057;002058;002059;013130;013178;016065;013187;013246;097055;009065;029001;029004;029012;029013;029029;029033;029041;009040;009041;009042;009043;009044;009045;009046;009047;009048;009049;009050;009051;009052;009053;009054;009055;009056;009057;009058;009059;009060;009061;009062;009063;009064;009001;009003;009004;009005;009006;009007;009008;009009;009010;009011;009012;009013;009014;009015;009016;009017;009018;009019;009020;009021;009022;009023;009025;009026;009027;009028;009029;009030;009031;009032;009033;009034;009035;009036;009037;009038;009039;009066;009067;009068;009069;002170;002171
Hera Comm S.p.a.,02221101203,02221101203,heracomm.gruppohera.it,800999500,HeraComm Placet Casa Luce Fissa,000415ESFFP01XX000PLACETXECFXV58,https://heracomm.gruppohera.it/casa/offerte-luce-gas/placet-fissa,Offerta attivabile da qualsiasi canale,Domiciliazione bancaria;Domiciliazione postale;Domiciliazione su carta di credito;Bollettino precompilato;Altro,11/06/2026,28/07/2026,domestico,prezzo fisso,144.000000,,,,,0.300000,0.250000,0.265000,,13;20;01;14;16;12;17;18;02;04;10;07,037;042;047;043;044;019;038;015;034;048;050;051;052;098;033;035;045;046;018;020;100;039;049;109,041070;041068;041070;041068;041070;041001;041002;041071;041005;041006;041007;041008;041010;041013;041014;041015;041016;041017;041018;041021;041022;041025;041027;041028;041029;041030;041044;041034;041036;041038;041043;041044;041045;041047;041049;041051;041054;041057;041058;041071;041061;041064;041066;041067;041068;041069;041070;040003;040005;040007;040008;040009;040011;040012;040013;040014;040015;040016;040018;040019;040022;040028;040031;040032;040033;040036;040041;040043;040045;040049;036006;036007;036008;036010;036011;036012;036013;036014;036015;036016;036017;036018;036019;036020;036023;036024;036025;036026;036027;036029;036030;036031;036032;036033;036034;036035;036036;036038;036040;036041;036042;036043;036045;036046;036047;053001;053002;053003;053004;053005;053006;053007;053008;053009;053010;053011;053013;053014;053015;053016;053017;053018;053019;053020;053021;053022;053023;053024;053025;053026;053027;053028;041069;041069;041069;041070;041071
Hera Comm S.p.a.,02221101203,02221101203,heracomm.gruppohera.it,800999500,HeraComm Placet Lavoro Luce Variabile,000415ESVFP01XX000PLACETXELVXV58,https://heracomm.gruppohera.it/business/offerte-luce-gas/partite-iva-professionisti/placet-variabile,Offerta attivabile da qualsiasi canale,Domiciliazione bancaria;Domiciliazione postale;Domiciliazione su carta di credito;Bollettino precompilato;Altro,11/06/2026,28/07/2026,non domestico,prezzo variabile,,144.000000,,,,,,,0.075000,09;13;20;08;14;16;12;15;17;18;02;04;10;11;19,008;005;006;003;019;015;001;098;010;096;018;020;103;004;011,002061;002062;002066;002067;002068;002070;002071;002072;002078;002079;002082;002090;002091;002093;002096;002097;002102;002104;002107;002110;002170;002170;002113;002002;002115;002116;002118;002121;002122;002156;002126;002127;002128;002131;002134;002135;002137;002142;002147;002148;002152;002156;002158;002164;002166;002002;002006;002007;002008;002009;002011;002014;002016;002017;002171;002021;002025;002029;002030;002031;002033;002035;002171;002041;002042;002043;002045;002047;002048;002049;002052;002054;002057;002058;002059;013130;013178;016065;013187;013246;097055;009065;029001;029004;029012;029013;029029;029033;029041;009040;009041;009042;009043;009044;009045;009046;009047;009048;009049;009050;009051;009052;009053;009054;009055;009056;009057;009058;009059;009060;009061;009062;009063;009064;009001;009003;009004;009005;009006;009007;009008;009009;009010;009011;009012;009013;009014;009015;009016;009017;009018;009019;009020;009021;009022;009023;009025;009026;009027;009028;009029;009030;009031;009032;009033;009034;009035;009036;009037;009038;009039;009066;009067;009068;009069;002170;002171
Hera Comm S.p.a.,02221101203,02221101203,heracomm.gruppohera.it,800999500,HeraComm Placet Casa Luce Variabile,000415ESVFP01XX000PLACETXECVXV58,https://heracomm.gruppohera.it/casa/offerte-luce-gas/placet-variabile,Offerta attivabile da qualsiasi canale,Domiciliazione bancaria;Domiciliazione postale;Domiciliazione su carta di credito;Bollettino precompilato;Altro,11/06/2026,28/07/2026,domestico,prezzo variabile,,144.000000,,,,,,,0.070000,13;20;01;14;16;12;17;18;02;04;10;07,037;042;047;043;044;019;038;015;034;048;050;051;052;098;033;035;045;046;018;020;100;039;049;109,041070;041068;041070;041068;041070;041001;041002;041071;041005;041006;041007;041008;041010;041013;041014;041015;041016;041017;041018;041021;041022;041025;041027;041028;041029;041030;041044;041034;041036;041038;041043;041044;041045;041047;041049;041051;041054;041057;041058;041071;041061;041064;041066;041067;041068;041069;041070;040003;040005;040007;040008;040009;040011;040012;040013;040014;040015;040016;040018;040019;040022;040028;040031;040032;040033;040036;040041;040043;040045;040049;036006;036007;036008;036010;036011;036012;036013;036014;036015;036016;036017;036018;036019;036020;036023;036024;036025;036026;036027;036029;036030;036031;036032;036033;036034;036035;036036;036038;036040;036041;036042;036043;036045;036046;036047;053001;053002;053003;053004;053005;053006;053007;053008;053009;053010;053011;053013;053014;053015;053016;053017;053018;053019;053020;053021;053022;053023;053024;053025;053026;053027;053028;041069;041069;041069;041070;041071
ILLUMIA SpA,02356770988,02356770988,www.illumia.it,800808880,ILLUMIA PLACET FISSA LUCE CASA,000155ESFMP41XXZZ00094Z260711E01,https://www.illumia.it/casa/luce/illumia-placet-energia/?p=prezzoenergia,Offerta attivabile da qualsiasi canale,Domiciliazione bancaria;Domiciliazione postale;Bollettino precompilato;Altro,11/07/2026,10/08/2026,domestico,prezzo fisso,144.000000,,,,,0.220000,0.220000,0.220000,,,,
ILLUMIA SpA,02356770988,02356770988,www.illumia.it,800808880,ILLUMIA PLACET VARIABILE LUCE CASA,000155ESVMP40XXZZ00096Z260711E01,https://www.illumia.it/casa/luce/illumia-placet-energia/?p=prezzoenergia,Offerta attivabile da qualsiasi canale,Domiciliazione bancaria;Domiciliazione postale;Bollettino precompilato;Altro,11/07/2026,10/08/2026,domestico,prezzo variabile,,144.000000,,,,,,,0.060000,,,
ILLUMIA SpA,02356770988,02356770988,www.illumia.it,800808880,ILLUMIA PLACET VARIABILE LUCE BUSINESS,000155ESVMP41XXZZ00095Z260711E01,https://www.illumia.it/business/luce/illumia-placet-energia-business/?p=prezzoenergia,Offerta attivabile da qualsiasi canale,Domiciliazione bancaria;Domiciliazione postale;Bollettino precompilato;Altro,11/07/2026,10/08/2026,non domestico,prezzo variabile,,192.000000,,,,,,,0.050000,,,
ILLUMIA SpA,02356770988,02356770988,www.illumia.it,800808880,ILLUMIA PLACET FISSA LUCE BUSINESS,000155ESVMP41XXZZ00096Z260711E01,https://www.illumia.it/business/luce/illumia-placet-energia-business/?p=prezzoenergia,Offerta attivabile da qualsiasi canale,Domiciliazione bancaria;Domiciliazione postale;Bollettino precompilato;Altro,11/07/2026,10/08/2026,non domestico,prezzo fisso,192.000000,,0.210000,0.210000,0.210000,,,0.210000,,,,
INGI SRL,03555820541,03555820541,https://www.ingienergia.com,,Ingi PLACET Variabile luce domestico,026623ESVFP01XX00000000000032376,https://ingienergia.com/luce-e-gas/offerta-placet-luce-variabile/,Offerta attivabile da qualsiasi canale,Domiciliazione bancaria;Bollettino precompilato;Altro,08/07/2026,31/12/2026,domestico,prezzo variabile,,96.000000,,,,,,,0.009000,,,
INGI SRL,03555820541,03555820541,https://www.ingienergia.com,,Ingi PLACET Variabile luce altri usi,026623ESVFP01XX00000000000032375,https://ingienergia.com/luce-e-gas/offerta-placet-luce-variabile/,Offerta attivabile da qualsiasi canale,Domiciliazione bancaria;Bollettino precompilato;Altro,08/07/2026,31/12/2026,non domestico,prezzo variabile,,144.000000,,,,,,,0.009000,,,
INNOVA POWER SOCIETA' A RESPONSABILITA' LIMITATA,07118470488,07118470488,www.innovapower.it,,INNOVA POWER SOCIETA' A RESPONSABILITA' LIMITATA PLACET,037087ESVMP02XXPLACETVARIABILEAU,https://innovapower.it/offerta-luce/,Agenzia,Domiciliazione bancaria;Domiciliazione postale;Bollettino precompilato;Altro,01/07/2026,30/09/2026,non domestico,prezzo variabile,,244.800000,,,,,,,0.110000,,,
INNOVA POWER SOCIETA' A RESPONSABILITA' LIMITATA,07118470488,07118470488,www.innovapower.it,,INNOVA POWER SOCIETA' A RESPONSABILITA' LIMITATA PLACET,037087ESFFP02XXXXPLACETXFISSAXDO,https://innovapower.it/offerta-luce/,Agenzia,Domiciliazione bancaria;Domiciliazione postale;Bollettino precompilato;Altro,01/07/2026,30/09/2026,domestico,prezzo fisso,124.800000,,,,,0.319000,0.299000,0.309000,,,,
INNOVA POWER SOCIETA' A RESPONSABILITA' LIMITATA,07118470488,07118470488,www.innovapower.it,,INNOVA POWER SOCIETA' A RESPONSABILITA' LIMITATA PLACET,037087ESVMP02XXPLACETVARIABILEDO,https://innovapower.it/offerta-luce/,Agenzia,Domiciliazione bancaria;Domiciliazione postale;Bollettino precompilato;Altro,01/07/2026,30/09/2026,domestico,prezzo variabile,,124.800000,,,,,,,0.110000,,,
INNOVA POWER SOCIETA' A RESPONSABILITA' LIMITATA,07118470488,07118470488,www.innovapower.it,,INNOVA POWER SOCIETA' A RESPONSABILITA' LIMITATA PLACET,037087ESFFP02XXXXPLACETXFISSAXAU,https://innovapower.it/offerta-luce/,Agenzia,Domiciliazione bancaria;Domiciliazione postale;Bollettino precompilato;Altro,01/07/2026,30/09/2026,non domestico,prezzo fisso,244.800000,,0.319000,0.309000,0.289000,,,0.309000,,,,
ITALPOWER ENERGIA S.R.L.,03350980987,03350980987,http://www.italpowerenergia.it,0302054753,PLACET PER LA TUA AZIENDA,B_PLCINDEX_0918,,Offerta attivabile da qualsiasi canale,Domiciliazione bancaria;Domiciliazione postale;Bollettino precompilato,26/09/2018,31/12/2050,non domestico,prezzo variabile,,118.380000,,,,,,,0.010000,,,
ITALY GREEN POWER S.P.A.,14106681001,14106681001,www.italygreenpower.com,,Italy Green Power PLACET fissa Luce domestico,028703ESFFP01XX00000000PLACET012,https://italygreenpower.com/offerte-domestico/,Offerta attivabile solo da web;Offerta attivabile presso punto vendita;Agenzia,Domiciliazione bancaria;Domiciliazione postale;Altro,08/07/2026,30/06/2027,domestico,prezzo fisso,120.000000,,,,,0.145000,0.145000,0.145000,,,,
ITALY GREEN POWER S.P.A.,14106681001,14106681001,www.italygreenpower.com,,Italy Green Power PLACET variabile Luce altri usi,028703ESVFP01XX00000000PLACET013,https://italygreenpower.com/offerte-business/,Offerta attivabile solo da web;Offerta attivabile presso punto vendita;Agenzia,Domiciliazione bancaria;Domiciliazione postale;Altro,08/07/2026,30/06/2027,non domestico,prezzo variabile,,360.000000,,,,,,,0.049000,,,
ITALY GREEN POWER S.P.A.,14106681001,14106681001,www.italygreenpower.com,,Italy Green Power PLACET fissa Luce altri usi,028703ESFFP01XX00000000PLACET011,https://italygreenpower.com/offerte-business/,Offerta attivabile solo da web;Offerta attivabile presso punto vendita;Agenzia,Domiciliazione bancaria;Domiciliazione postale;Altro,08/07/2026,30/06/2027,non domestico,prezzo fisso,360.000000,,0.179000,0.179000,0.179000,,,0.179000,,,,
ITALY GREEN POWER S.P.A.,14106681001,14106681001,www.italygreenpower.com,,Italy Green Power PLACET variabile Luce domestico,028703ESVFP01XX00000000PLACET014,https://italygreenpower.com/offerte-domestico/,Offerta attivabile solo da web;Offerta attivabile presso punto vendita;Agenzia,Domiciliazione bancaria;Domiciliazione postale;Altro,08/07/2026,30/06/2027,domestico,prezzo variabile,,120.000000,,,,,,,0.049000,,,
Idea s.r.l.,07718881217,07718881217,https://www.ideaenergia.it/,800608772,EE IDEA CASA PLACET,022113ESVFP02XX000000EEPLACSMART,,Offerta attivabile da qualsiasi canale,Domiciliazione bancaria;Domiciliazione su carta di credito;Bollettino precompilato,28/08/2024,31/12/2099,domestico,prezzo variabile,,180.000000,,,,,,,0.640000,,,
InEnergy Gas&Power srl,02648550032,02648550032,www.in-energy.it,,INENERGY CASA LUCE DINAMICA PLACET,035832ESVFP01XX000000IECCDLP2607,www.in-energy.it,Offerta attivabile da qualsiasi canale,Domiciliazione bancaria,04/07/2026,31/07/2026,domestico,prezzo variabile,,145.200000,,,,,,,0.020000,,,
InEnergy Gas&Power srl,02648550032,02648550032,www.in-energy.it,,INENERGY BUSINESS LUCE DINAMICA PLACET,035832ESVFP01XX000000IEBTMFP2607,www.in-energy.it,Offerta attivabile da qualsiasi canale,Domiciliazione bancaria,03/07/2026,31/07/2026,non domestico,prezzo variabile,,144.000000,,,,,,,0.040000,,,
Iren Mercato SpA,01178580997,01178580997,www.irenlucegas.it,800969696,IREN PLACET VARIABILE ENERGIA ELETTRICA DOMESTICA,000208ESVFP26XX000IEDOPEDV260331,https://www.irenlucegas.it/casa/offerte-luce/iren-placet-luce-prezzo-variabile,Offerta attivabile solo da web,Domiciliazione bancaria;Domiciliazione postale;Bollettino precompilato,16/04/2026,12/10/2026,domestico,prezzo variabile,,156.000000,,,,,,,0.083000,,,
Iren Mercato SpA,01178580997,01178580997,www.irenlucegas.it,800969696,IREN PLACET FISSA ENERGIA ELETTRICA DOMESTICA,000208ESFFP30XX000IEDOPEDF260331,https://www.irenlucegas.it/casa/offerte-luce/iren-placet-luce-prezzo-fisso,Offerta attivabile solo da web,Domiciliazione bancaria;Domiciliazione postale;Bollettino precompilato,16/04/2026,12/10/2026,domestico,prezzo fisso,156.000000,,,,,0.377000,0.355000,0.362000,,,,
Issima Srl,03755770546,03755770546,www.issimaenergia.it,,ISSIMA PLACET LUCE IMPRESA FISSO,035730ESFFP03XXY2501AUE3FFIXPLCT,https://www.issimaenergia.it/offerta-placet-energia-impresa-fisso/,altro,Domiciliazione bancaria,20/01/2026,31/12/2026,non domestico,prezzo fisso,213.420000,,0.990000,0.980000,0.950000,,,0.970000,,,,
Issima Srl,03755770546,03755770546,www.issimaenergia.it,,ISSIMA PLACET LUCE CASA FISSO,035730ESFFP03XXY2501DOE3FFIXPLCT,https://www.issimaenergia.it/offerta-placet-domestico-fisso/,altro,Domiciliazione bancaria,20/01/2026,31/12/2026,domestico,prezzo fisso,153.420000,,,,,0.990000,0.950000,0.970000,,,,
Issima Srl,03755770546,03755770546,www.issimaenergia.it,,ISSIMA PLACET LUCE IMPRESA VARIABILE,035730ESVFP03XXY2501AUE3FPUNPLCT,https://www.issimaenergia.it/offerta-placet-energia-elettrica-clienti-altri-usi-prezzo-variabile/,altro,Domiciliazione bancaria,20/01/2026,31/12/2026,non domestico,prezzo variabile,,213.420000,,,,,,,0.085000,,,
Issima Srl,03755770546,03755770546,www.issimaenergia.it,,ISSIMA PLACET LUCE CASA VARIABILE,035730ESVFP03XXY2501DOE3FPUNPLCT,https://www.issimaenergia.it/offerta-placet-energia-variabile/,altro,Domiciliazione bancaria,20/01/2026,31/12/2026,domestico,prezzo variabile,,153.420000,,,,,,,0.085000,,,
Italia Gas e Luce S.R.L.,02479770469,02479770469,italiagaseluce.it,800946660,IGL Offerta Placet Variabile Luce Altri Usi,027095ESVMP12XXEEPLACETAZIENDAXX,https://www.italiagaseluce.it/offerte-placet/,Offerta attivabile solo da web;Teleselling;altro,Domiciliazione bancaria;Bollettino precompilato,01/07/2026,11/01/2027,non domestico,prezzo variabile,,160.000000,,,,,,,0.300000,,,
Italia Gas e Luce S.R.L.,02479770469,02479770469,italiagaseluce.it,800946660,IGL Offerta Placet Fissa Luce Casa,027095ESFMP12XXEEIGLPLACETXCASAX,https://www.italiagaseluce.it/offerte-placet/,Offerta attivabile solo da web;Teleselling;altro,Domiciliazione bancaria;Bollettino precompilato,01/07/2026,11/01/2027,domestico,prezzo fisso,160.000000,,0.750000,0.750000,0.750000,0.750000,0.750000,0.750000,,,,
Italia Gas e Luce S.R.L.,02479770469,02479770469,italiagaseluce.it,800946660,IGL Offerta Placet Variabile Luce Casa,027095ESVMP12XXEEIGLPLACETXCASAX,https://www.italiagaseluce.it/offerte-placet/,Offerta attivabile solo da web;Teleselling;altro,Domiciliazione bancaria;Bollettino precompilato,01/07/2026,11/01/2027,domestico,prezzo variabile,,160.000000,,,,,,,0.300000,,,
Italia Gas e Luce S.R.L.,02479770469,02479770469,italiagaseluce.it,800946660,IGL Offerta Placet Fissa Luce Altri Usi,027095ESFMP12XXEEPLACETAZIENDAXX,https://www.italiagaseluce.it/offerte-placet/,Offerta attivabile solo da web;Teleselling;altro,Domiciliazione bancaria;Bollettino precompilato,01/07/2026,11/01/2027,non domestico,prezzo fisso,160.000000,,0.750000,0.750000,0.750000,0.750000,0.750000,0.750000,,,,
Kienergia s.r.l.,01183820578,01183820578,https://www.kienergia.it/,,Placet Domestico Variabile,028542ESVFP01XX00000000008183639,,Offerta attivabile da qualsiasi canale,Domiciliazione bancaria,10/08/2024,31/12/2028,domestico,prezzo variabile,,168.000000,,,,,,,0.120000,,,
Kienergia s.r.l.,01183820578,01183820578,https://www.kienergia.it/,,Placet Altri usi Fisso,028542ESFFP01XX00000000008183638,,Offerta attivabile da qualsiasi canale,Domiciliazione bancaria,10/08/2024,31/12/2028,non domestico,prezzo fisso,168.000000,,0.400000,0.350000,0.300000,0.400000,0.350000,0.350000,,,,
Kienergia s.r.l.,01183820578,01183820578,https://www.kienergia.it/,,Placet Altri usi Variabile,028542ESVFP01XX00000000008183640,,Offerta attivabile da qualsiasi canale,Domiciliazione bancaria,10/08/2024,31/12/2028,non domestico,prezzo variabile,,168.000000,,,,,,,0.120000,,,
Kienergia s.r.l.,01183820578,01183820578,https://www.kienergia.it/,,Placet Domestico Fisso,028542ESFFP01XX00000000008183637,,Offerta attivabile da qualsiasi canale,Domiciliazione bancaria,10/08/2024,31/12/2028,domestico,prezzo fisso,168.000000,,0.400000,0.350000,0.300000,0.400000,0.350000,0.350000,,,,
LENERGIA S.P.A.,10988541008,10988541008,www.lenergia.eu,,PLACET BUSINESS EE FISSA,003007ESFFP01XXPLEEBUSFIX2600000,https://supporto.lenergia.eu/offerta-placet/,altro,Domiciliazione bancaria;Domiciliazione postale;Bollettino precompilato,01/05/2026,31/03/2027,non domestico,prezzo fisso,216.000000,,0.225900,0.235500,0.201400,,,0.220000,,,,
LENERGIA S.P.A.,10988541008,10988541008,www.lenergia.eu,,PLACET BUSINESS EE VARIABILE,003007ESVFP01XXPLEEBUSVAR2600000,https://supporto.lenergia.eu/offerta-placet/,altro,Domiciliazione bancaria;Domiciliazione postale;Bollettino precompilato,01/05/2026,31/03/2027,non domestico,prezzo variabile,,216.000000,,,,,,,0.044000,,,
LENERGIA S.P.A.,10988541008,10988541008,www.lenergia.eu,,PLACET DOMESTICO EE FISSO,003007ESFFP01XXPLEEDOMFIX2600000,https://supporto.lenergia.eu/offerta-placet/,altro,Domiciliazione bancaria;Domiciliazione postale;Bollettino precompilato,01/05/2026,31/03/2027,domestico,prezzo fisso,144.000000,,0.245400,0.234900,0.234900,0.245400,0.234900,0.238700,,,,
LENERGIA S.P.A.,10988541008,10988541008,www.lenergia.eu,,PLACET DOMESTICO EE VARIABILE,003007ESVFP01XXPLEEDOMVAR2600000,https://supporto.lenergia.eu/offerta-placet/,altro,Domiciliazione bancaria;Domiciliazione postale;Bollettino precompilato,01/05/2026,31/03/2027,domestico,prezzo variabile,,144.000000,,,,,,,0.044000,,,
LIFEGATE Energy Srl – Società Benefit,03598070138,03598070138,https://www.energylifegate.it/,0245374850,Lifegate Energy PLACET fissa Luce altri usi,024446ESFFP03XX00000000PLACET001,www.energylifegate.it/imprese,Offerta attivabile solo da web;Offerta attivabile presso punto vendita;Agenzia,Domiciliazione bancaria;Domiciliazione postale,01/05/2026,30/04/2027,non domestico,prezzo fisso,360.000000,,0.295000,0.295000,0.295000,,,0.295000,,,,
LIFEGATE Energy Srl – Società Benefit,03598070138,03598070138,https://www.energylifegate.it/,0245374850,Lifegate Energy PLACET variabile Luce domestico,024446ESVFP03XX00000000PLACET004,www.energylifegate.it/casa/offerta-luce,Offerta attivabile solo da web;Offerta attivabile presso punto vendita;Agenzia,Domiciliazione bancaria;Domiciliazione postale,01/05/2026,30/04/2027,domestico,prezzo variabile,,240.000000,,,,,,,0.100000,,,
LIFEGATE Energy Srl – Società Benefit,03598070138,03598070138,https://www.energylifegate.it/,0245374850,Lifegate Energy PLACET variabile Luce altri usi,024446ESVFP03XX00000000PLACET003,www.energylifegate.it/imprese,Offerta attivabile solo da web;Offerta attivabile presso punto vendita;Agenzia,Domiciliazione bancaria;Domiciliazione postale,01/05/2026,30/04/2027,non domestico,prezzo variabile,,360.000000,,,,,,,0.100000,,,
LIFEGATE Energy Srl – Società Benefit,03598070138,03598070138,https://www.energylifegate.it/,0245374850,Lifegate Energy PLACET fissa Luce domestico,024446ESFFP03XX00000000PLACET002,www.energylifegate.it/casa/offerta-luce,Offerta attivabile solo da web;Offerta attivabile presso punto vendita;Agenzia,Domiciliazione bancaria;Domiciliazione postale,01/05/2026,30/04/2027,domestico,prezzo fisso,240.000000,,,,,0.295000,0.295000,0.295000,,,,
LIO ENERGY SRL,11479500966,11479500966,https://lioenergy.eu/,,LIO ENERGY Placet Variabile Luce Altri usi,036268ESVFP01XX2026BEPLACETAUXXX,,altro,Domiciliazione bancaria;Domiciliazione postale;Bollettino precompilato;Altro,13/01/2026,31/12/2026,non domestico,prezzo variabile,,250.000000,,,,,,,0.030000,,,
LIO ENERGY SRL,11479500966,11479500966,https://lioenergy.eu/,,LIO ENERGY Placet Fisso Luce Domestico,036268ESFFP01XX2026DEPLACETFIXXX,,altro,Domiciliazione bancaria;Domiciliazione postale;Bollettino precompilato;Altro,13/01/2026,31/12/2026,domestico,prezzo fisso,150.000000,,0.198000,0.198000,0.198000,0.198000,0.198000,0.198000,,,,
LIO ENERGY SRL,11479500966,11479500966,https://lioenergy.eu/,,LIO ENERGY Placet Variabile Luce Domestico,036268ESVFP01XX2026DEPLACETDOMXX,,altro,Domiciliazione bancaria;Domiciliazione postale;Bollettino precompilato;Altro,13/01/2026,31/12/2026,domestico,prezzo variabile,,150.000000,,,,,,,0.030000,,,
LIO ENERGY SRL,11479500966,11479500966,https://lioenergy.eu/,,LIO ENERGY Placet Fisso Luce Altri usi,036268ESFFP01XX2026BEPLACETFIXXX,,altro,Domiciliazione bancaria;Domiciliazione postale;Bollettino precompilato;Altro,13/01/2026,31/12/2026,non domestico,prezzo fisso,250.000000,,0.198000,0.198000,0.198000,0.198000,0.198000,0.198000,,,,
LORO F.lli SPA,00145020244,00145020244,https://www.lorolucegas.it/,800295960,LOROlucegas-PlacetFissa-Elettrico-AltriUsi,000516ESFFP01XXD1XEEPLAFixX2607X,https://www.lorolucegas.it/offerta-luce-gas-impresa/placet-impresa/,Offerta attivabile presso punto vendita,Domiciliazione bancaria;Domiciliazione postale;Bollettino precompilato,01/07/2026,30/09/2026,non domestico,prezzo fisso,200.000000,,0.275000,0.275000,0.275000,,,0.275000,,,,
LORO F.lli SPA,00145020244,00145020244,https://www.lorolucegas.it/,800295960,LOROlucegas-PlacetFissa-Elettrico-Domestici,000516ESFFP01XXD1XEEPLDFixX2607X,https://www.lorolucegas.it/offerta-luce-gas-casa/placet-casa/,Offerta attivabile presso punto vendita,Domiciliazione bancaria;Domiciliazione postale;Bollettino precompilato,01/07/2026,30/09/2026,domestico,prezzo fisso,200.000000,,,,,0.275000,0.275000,0.275000,,,,
LORO F.lli SPA,00145020244,00145020244,https://www.lorolucegas.it/,800295960,LOROlucegas-PlacetVariabile-Elettrico-Domestici,000516ESVFP01XXD1XEEPLDVarX2607X,https://www.lorolucegas.it/offerta-luce-gas-casa/placet-casa/,Offerta attivabile presso punto vendita,Domiciliazione bancaria;Domiciliazione postale;Bollettino precompilato,01/07/2026,30/09/2026,domestico,prezzo variabile,,200.000000,,,,,,,0.088000,,,
LORO F.lli SPA,00145020244,00145020244,https://www.lorolucegas.it/,800295960,LOROlucegas-PlacetVariabile-Elettrico-AltriUsi,000516ESVFP01XXD1XEEPLAVarX2607X,https://www.lorolucegas.it/offerta-luce-gas-impresa/placet-impresa/,Offerta attivabile presso punto vendita,Domiciliazione bancaria;Domiciliazione postale;Bollettino precompilato,01/07/2026,30/09/2026,non domestico,prezzo variabile,,200.000000,,,,,,,0.088000,,,
LUPATOTINA GAS E LUCE S.R.L.,03272140231,03272140231,http://www.lupatotinagas.it/home_t1/,0458753215,OFFERTA PLACET FISSO ENERGIA ELETTRICA DOMESTICO,001715ESFFP01XXPLACETFISSADOMEE2,http://www.lupatotinagas.it/offerte_t3,Offerta attivabile da qualsiasi canale,Domiciliazione bancaria;Domiciliazione postale;Domiciliazione su carta di credito;Bollettino precompilato;Altro,22/03/2026,31/12/2099,domestico,prezzo fisso,200.000000,0.000000,0.000000,0.000000,0.000000,0.340000,0.340000,0.340000,0.000000,,,
LUPATOTINA GAS E LUCE S.R.L.,03272140231,03272140231,http://www.lupatotinagas.it/home_t1/,0458753215,OFFERTA PLACET FISSO ENERGIA ELETTRICA ALTRI USI,001715ESFFP01XXPLACETFIXALTRIUS2,http://www.lupatotinagas.it/offerte_t3,Offerta attivabile da qualsiasi canale,Domiciliazione bancaria;Domiciliazione postale;Domiciliazione su carta di credito;Bollettino precompilato;Altro,22/03/2026,31/12/2099,non domestico,prezzo fisso,200.000000,0.000000,0.340000,0.340000,0.340000,0.000000,0.000000,0.340000,0.000000,,,
LUPATOTINA GAS E LUCE S.R.L.,03272140231,03272140231,http://www.lupatotinagas.it/home_t1/,0458753215,OFFERTA PLACET VARIABILE DOMESTICI,001715ESVFP01XXPLACETVARIABDOMEE,http://www.lupatotinagas.it/offerte_t3,Offerta attivabile da qualsiasi canale,Domiciliazione bancaria;Domiciliazione postale;Domiciliazione su carta di credito;Bollettino precompilato;Altro,23/12/2025,31/12/2099,domestico,prezzo variabile,0.000000,200.000000,0.000000,0.000000,0.000000,0.000000,0.000000,0.000000,0.050000,,,
LUPATOTINA GAS E LUCE S.R.L.,03272140231,03272140231,http://www.lupatotinagas.it/home_t1/,0458753215,OFFERTA PLACET VARIABILE DOMESTICI,001715ESVFP01XXPLACETVARIABIAUEE,http://www.lupatotinagas.it/offerte_t3,Offerta attivabile da qualsiasi canale,Domiciliazione bancaria;Domiciliazione postale;Domiciliazione su carta di credito;Bollettino precompilato;Altro,23/12/2025,31/12/2099,non domestico,prezzo variabile,0.000000,200.000000,0.000000,0.000000,0.000000,0.000000,0.000000,0.000000,0.050000,,,
LUX ESCO SRL,01943990380,01943990380,www.luxesco.it,0425460173,PLACET PER LA TUA CASA,D_PLCINDEX_0918,,Offerta attivabile da qualsiasi canale,Domiciliazione bancaria;Domiciliazione postale;Bollettino precompilato,17/10/2018,31/12/2050,domestico,prezzo variabile,,57.580000,,,,,,,0.010000,,,
LUX ESCO SRL,01943990380,01943990380,www.luxesco.it,0425460173,PLACET PER LA TUA AZIENDA,B_PLCINDEX_0918,,Offerta attivabile da qualsiasi canale,Domiciliazione bancaria;Domiciliazione postale;Bollettino precompilato,17/10/2018,31/12/2050,non domestico,prezzo variabile,,118.380000,,,,,,,0.010000,,,
Lene Srl,18014021002,18014021002,www.lene.it,,Luce PLACET Fissa,043981ESFFP03XX0004030000002226A,https://www.lene.it/offerta?offerCode=004,Offerta attivabile solo da web,Domiciliazione bancaria;Bollettino precompilato,29/05/2026,30/09/2026,domestico,prezzo fisso,144.000000,,,,,0.236000,0.236000,0.236000,,,,
Lene Srl,18014021002,18014021002,www.lene.it,,Lene PLACET Luce Variabile,043981ESVFP03XX0005030000002226A,https://www.lene.it/offerta?offerCode=005,Offerta attivabile solo da web,Domiciliazione bancaria;Bollettino precompilato,29/05/2026,30/09/2026,domestico,prezzo variabile,,144.000000,,,,,,,0.055000,,,
Lenergy Power s.r.l.,02380320503,02380320503,https://www.lenergypower.it/,,LenergyPower PLACET FLEX DOM EE,041410ESVFP01XXDPLACETFLEXEE2026,https://www.lenergypower.it/,Offerta attivabile da qualsiasi canale,Domiciliazione bancaria,11/06/2026,30/09/2026,domestico,prezzo variabile,,300.000000,,,,,,,0.301000,,,
Lenergy Power s.r.l.,02380320503,02380320503,https://www.lenergypower.it/,,LenergyPower PLACET FIX DOM EE,041410ESFFP01XXDPLACETFIXXEE2026,https://www.lenergypower.it/,Offerta attivabile da qualsiasi canale,Domiciliazione bancaria,11/06/2026,30/09/2026,domestico,prezzo fisso,300.000000,,,,,0.601000,0.601000,0.601000,,,,
Lenergy Power s.r.l.,02380320503,02380320503,https://www.lenergypower.it/,,LenergyPower PLACET FLEX BUSINESS EE,041410ESVFP01XXBPLACETFLEXEE2026,https://www.lenergypower.it/,Offerta attivabile da qualsiasi canale,Domiciliazione bancaria,11/06/2026,30/09/2026,non domestico,prezzo variabile,,500.040000,,,,,,,0.301000,,,
Lenergy Power s.r.l.,02380320503,02380320503,https://www.lenergypower.it/,,LenergyPower PLACET FIX BUSINESS EE,041410ESFFP01XXBPLACETFIXXEE2026,https://www.lenergypower.it/,Offerta attivabile da qualsiasi canale,Domiciliazione bancaria,11/06/2026,30/09/2026,non domestico,prezzo fisso,500.040000,,0.601000,0.601000,0.601000,,,0.601000,,,,
Libarna Gas e Luce Spa,01760860161,01760860161,www.libarnagas.com,038382116,Libarna Gas PLACET Fissa EE Domestici Casa,000785ESFFP05XXLPDFIPLA260707200,https://www.libarnagas.com/,Offerta attivabile solo da web,Domiciliazione bancaria;Domiciliazione postale;Bollettino precompilato;Altro,09/07/2026,08/10/2026,domestico,prezzo fisso,131.880000,,,,,0.257070,0.255970,0.256300,,,,
Libarna Gas e Luce Spa,01760860161,01760860161,www.libarnagas.com,038382116,Libarna Gas PLACET Fissa EE Altri Usi,000785ESFFP05XXLPAFIPLA260707100,https://www.libarnagas.com/,Offerta attivabile solo da web,Domiciliazione bancaria;Domiciliazione postale;Bollettino precompilato;Altro,09/07/2026,08/10/2026,non domestico,prezzo fisso,183.720000,,0.257130,0.269060,0.244530,,,0.255970,,,,
Libarna Gas e Luce Spa,01760860161,01760860161,www.libarnagas.com,038382116,Libarna Gas PLACET Variabile EE Domestici Casa,000785ESVFP05XXLPDPUPLA260707400,https://www.libarnagas.com/,Offerta attivabile solo da web,Domiciliazione bancaria;Domiciliazione postale;Bollettino precompilato;Altro,09/07/2026,08/10/2026,domestico,prezzo variabile,,131.880000,,,,,,,0.030000,,,
Libarna Gas e Luce Spa,01760860161,01760860161,www.libarnagas.com,038382116,Libarna Gas PLACET Variabile EE Altri Usi,000785ESVFP05XXLPAPUPLA260707300,https://www.libarnagas.com/,Offerta attivabile solo da web,Domiciliazione bancaria;Domiciliazione postale;Bollettino precompilato;Altro,09/07/2026,08/10/2026,non domestico,prezzo variabile,,183.720000,,,,,,,0.030000,,,
Lion Green S.P.A,04569010616,04569010616,http://www.liongreen.it/,,PLACET BUSINESS POWER 2026,039840ESVFP02XX002026PLACETBUSEE,,Offerta attivabile da qualsiasi canale,Domiciliazione bancaria;Domiciliazione su carta di credito;Bollettino precompilato,08/01/2026,31/12/2026,non domestico,prezzo variabile,,360.000000,,,,,,,0.045000,,,
Luce e Gas Italia S.p.A.,07463650965,07463650965,www.luceegasitalia.it,,EBPLACET0124-VAR,005229ESVFP01XXEBPLACETVARBUS000,www.luceegasitalia.it,Offerta attivabile da qualsiasi canale,Domiciliazione bancaria;Domiciliazione postale;Bollettino precompilato,02/07/2026,31/12/2026,non domestico,prezzo variabile,,168.000000,,,,,,,0.015000,,,
Luce e Gas Italia S.p.A.,07463650965,07463650965,www.luceegasitalia.it,,EDPLACET0124-VAR,005229ESVFP01XXEDPLACETVARDOM000,www.luceegasitalia.it,Offerta attivabile da qualsiasi canale,Domiciliazione bancaria;Domiciliazione postale;Bollettino precompilato,02/07/2026,31/12/2026,domestico,prezzo variabile,,168.000000,,,,,,,0.015000,,,
Luce e Gas Italia S.p.A.,07463650965,07463650965,www.luceegasitalia.it,,EDPLACET0124-FIX,005229ESFFP01XXEDPLACETFIXDOM000,www.luceegasitalia.it,Offerta attivabile da qualsiasi canale,Domiciliazione bancaria;Domiciliazione postale;Bollettino precompilato,02/07/2026,31/12/2026,domestico,prezzo fisso,168.000000,,,,,0.250000,0.150000,0.200000,,,,
Luce e Gas Italia S.p.A.,07463650965,07463650965,www.luceegasitalia.it,,EBPLACET0124-FIX,005229ESFFP01XXEBPLACETFIXBUS000,www.luceegasitalia.it,Offerta attivabile da qualsiasi canale,Domiciliazione bancaria;Domiciliazione postale;Bollettino precompilato,02/07/2026,31/12/2026,non domestico,prezzo fisso,168.000000,,0.250000,0.150000,0.150000,,,0.200000,,,,
MARIGLIANO ENERGIA SRL,08924881215,08924881215,https://mariglianoenergia.it/,,Marigliano Energia Srl Placet Var Ele Altri Usi VarL,036866ESVOP01XXMAGMAETUFOLAVOPLV,,Offerta attivabile da qualsiasi canale,Domiciliazione bancaria;Domiciliazione postale;Bollettino precompilato;Altro,02/02/2024,31/12/2050,non domestico,prezzo variabile,,509.190000,,,,,,,0.016750,,,
MARIGLIANO ENERGIA SRL,08924881215,08924881215,https://mariglianoenergia.it/,,Marigliano Energia Srl Placet Fissa Ele Altri Usi FixL,036866ESFOP01XXMAGMAETUFOLAVOPLF,,Offerta attivabile da qualsiasi canale,Domiciliazione bancaria;Domiciliazione postale;Bollettino precompilato;Altro,02/02/2024,31/12/2050,non domestico,prezzo fisso,509.190000,,0.250000,0.220000,0.200000,,,0.220000,,,,
MARIGLIANO ENERGIA SRL,08924881215,08924881215,https://mariglianoenergia.it/,,Marigliano Energia Srl Placet Var Ele Domestici VarC,036866ESVOP01XXMAGMAETUFOCASAPLV,,Offerta attivabile da qualsiasi canale,Domiciliazione bancaria;Domiciliazione postale;Bollettino precompilato;Altro,02/02/2024,01/01/2040,domestico,prezzo variabile,,440.570000,,,,,,,0.016750,,,
MARTELIUS SRL,01806250625,01806250625,https://www.martelius.it,,Martelius PLACET variabile ele domestico,038693ESVFP01XX250800PLAEVDOM001,https://www.martelius.it/placet/,Offerta attivabile solo da web;Offerta attivabile presso punto vendita;Agenzia,Domiciliazione bancaria;Bollettino precompilato,01/10/2025,30/09/2026,domestico,prezzo variabile,,216.000000,,,,,,,0.070000,,,
MARTELIUS SRL,01806250625,01806250625,https://www.martelius.it,,Martelius PLACET fissa ele altri usi,038693ESFFP01XX250800PLAEFBUS001,https://www.martelius.it/placet/,Offerta attivabile solo da web;Offerta attivabile presso punto vendita;Agenzia,Domiciliazione bancaria;Bollettino precompilato,01/10/2025,30/09/2026,non domestico,prezzo fisso,216.000000,,0.740000,0.750000,0.750000,,,0.750000,,,,
MARTELIUS SRL,01806250625,01806250625,https://www.martelius.it,,Martelius PLACET fissa ele domestico,038693ESFFP01XX250800PLAEFDOM001,https://www.martelius.it/placet/,Offerta attivabile solo da web;Offerta attivabile presso punto vendita;Agenzia,Domiciliazione bancaria;Bollettino precompilato,01/10/2025,30/09/2026,domestico,prezzo fisso,216.000000,,,,,0.750000,0.760000,0.750000,,,,
MARTELIUS SRL,01806250625,01806250625,https://www.martelius.it,,Martelius PLACET variabile ele altri usi,038693ESVFP01XX250800PLAEVBUS001,https://www.martelius.it/placet/,Offerta attivabile solo da web;Offerta attivabile presso punto vendita;Agenzia,Domiciliazione bancaria;Bollettino precompilato,01/10/2025,30/09/2026,non domestico,prezzo variabile,,216.000000,,,,,,,0.070000,,,
MEGAWATT LUCE & GAS S.R.L.,09471721218,09471721218,https://megawattlucegas.it/,,PLACET PER LA TUA AZIENDA,035372ESFFP01XXPL429286820763400,,Offerta attivabile solo da web,Domiciliazione bancaria;Domiciliazione postale;Bollettino precompilato,27/06/2023,31/12/2050,non domestico,prezzo fisso,300.000000,,0.816600,0.817800,0.817800,,,0.817400,,,,
MEGAWATT LUCE & GAS S.R.L.,09471721218,09471721218,https://megawattlucegas.it/,,PLACET PER LA TUA CASA,035372ESVFP01XXPL429315235927000,,Offerta attivabile solo da web,Domiciliazione bancaria;Domiciliazione postale;Bollettino precompilato,27/06/2023,31/12/2050,domestico,prezzo variabile,,240.000000,,,,,,,0.020000,,,
MEGAWATT LUCE & GAS S.R.L.,09471721218,09471721218,https://megawattlucegas.it/,,PLACET PER LA TUA AZIENDA,035372ESVFP01XXPL429296292484600,,Offerta attivabile solo da web,Domiciliazione bancaria;Domiciliazione postale;Bollettino precompilato,27/06/2023,31/12/2050,non domestico,prezzo variabile,,300.000000,,,,,,,0.020000,,,
MEGAWATT LUCE & GAS S.R.L.,09471721218,09471721218,https://megawattlucegas.it/,,PLACET PER LA TUA CASA,035372ESFFP01XXPL429305764205800,,Offerta attivabile solo da web,Domiciliazione bancaria;Domiciliazione postale;Bollettino precompilato,27/06/2023,31/12/2050,domestico,prezzo fisso,240.000000,,,,,0.817400,0.816600,0.817800,,,,
METANO NORD S.P.A.,00273990168,00273990168,www.metanonord.it,0350400444,Metano Nord Placet Fissa Ele domestici,000394ESFFP02XX0000000DDNN1PIG26,https://metanonord.com/placet-fissa-luce/,Offerta attivabile presso punto vendita,Domiciliazione bancaria;Domiciliazione postale;Bollettino precompilato,01/07/2026,31/07/2026,domestico,prezzo fisso,144.000000,,,,,0.325800,0.317600,0.320000,,,,
METANO NORD S.P.A.,00273990168,00273990168,www.metanonord.it,0350400444,Metano Nord Placet Fissa Ele non domestici,000394ESFFP02XX0000000DBNN1PLG26,https://metanonord.com/placet-fissa-energia-elettrica-clienti-non-domestici/,Offerta attivabile presso punto vendita,Domiciliazione bancaria;Domiciliazione postale;Bollettino precompilato,01/07/2026,31/07/2026,non domestico,prezzo fisso,216.000000,,0.370800,0.361800,0.343900,,,0.360000,,,,
METANO NORD S.P.A.,00273990168,00273990168,www.metanonord.it,0350400444,Metano Nord Placet Variabile Ele domestici,000394ESVFP01XX0000000DDNN1SIG26,https://metanonord.com/placet-variabile-luce/,Offerta attivabile presso punto vendita,Domiciliazione bancaria;Domiciliazione postale;Bollettino precompilato,01/07/2026,31/07/2026,domestico,prezzo variabile,,144.000000,,,,,,,0.033000,,,
METANO NORD S.P.A.,00273990168,00273990168,www.metanonord.it,0350400444,Metano Nord Placet Variabile Ele non domestici,000394ESVFP01XX0000000DBNN1PTG26,https://metanonord.com/placet-variabile-energia-elettrica-clienti-non-domestici/,Offerta attivabile presso punto vendita,Domiciliazione bancaria;Domiciliazione postale;Bollettino precompilato,01/07/2026,31/07/2026,non domestico,prezzo variabile,,216.000000,,,,,,,0.031900,,,
METANOSUD ENERGIA S.P.A.,02954160616,02954160616,www.metanosudservizi.it,800922988,CONDOMINIO PLACET FISSA ENERGIA,001604ESFFP01XX0226PLCTFCONDEE01,https://metanosudenergia.it/offerte-placet/,Offerta attivabile da qualsiasi canale,Altro,26/03/2026,31/12/2026,non domestico,prezzo fisso,300.000000,,0.600000,0.600000,0.600000,0.600000,0.600000,0.600000,,,,
METANOSUD ENERGIA S.P.A.,02954160616,02954160616,www.metanosudservizi.it,800922988,OFFERTA PLACET VARIABILE ENERGIA,001604ESVFP01XX0226PLCTV2026EE01,https://metanosudenergia.it/offerta/placet-variabile-energia/,Offerta attivabile da qualsiasi canale,Altro,19/03/2026,31/12/2026,domestico,prezzo variabile,,180.000000,,,,,,,0.050000,,,
METANOSUD ENERGIA S.P.A.,02954160616,02954160616,www.metanosudservizi.it,800922988,CONDOMINIO PLACET VARIABILE ENERGIA,001604ESVFP01XX0226PLCTVCONDEE01,https://metanosudenergia.it/offerte-placet/,Offerta attivabile da qualsiasi canale,Altro,26/03/2026,31/12/2026,non domestico,prezzo variabile,,300.000000,,,,,,,0.100000,,,
METANOSUD ENERGIA S.P.A.,02954160616,02954160616,www.metanosudservizi.it,800922988,OFFERTA PLACET FISSO ENERGIA,001604ESFFP01XX0226PLCTF2026EE01,https://metanosudenergia.it/offerte-placet/,Offerta attivabile da qualsiasi canale,Altro,26/03/2026,31/12/2026,domestico,prezzo fisso,180.000000,,0.700000,0.700000,0.700000,0.700000,0.700000,0.700000,,,,
MOOREN S.R.L.,14874331003,14874331003,https://mooren.energy/,,DOMESTICO PLACET EE FISSO 2026 - V.386,028232ESFMP03XX000000DDOMEPLACET,https://mooren.energy/offerta-placet-luce/,Offerta attivabile da qualsiasi canale,Domiciliazione bancaria;Domiciliazione su carta di credito;Bollettino precompilato,20/05/2026,31/12/2026,domestico,prezzo fisso,276.000000,,,,,0.550000,0.550000,0.550000,,,,
MOOREN S.R.L.,14874331003,14874331003,https://mooren.energy/,,BUSINESS PLACET EE VARIABILE 2026 - V. 386,028232ESVOP03XX0000BUSSPLACETVAR,https://mooren.energy/offerta-placet-luce/,Offerta attivabile da qualsiasi canale,Domiciliazione bancaria;Domiciliazione su carta di credito;Bollettino precompilato,20/05/2026,31/12/2026,non domestico,prezzo variabile,,276.000000,,,,,,,0.300000,,,
MOOREN S.R.L.,14874331003,14874331003,https://mooren.energy/,,BUSINESS PLACET EE FISSO 2026 - V. 386,028232ESFMP03XX000BUSSPLACETFISS,https://mooren.energy/offerta-placet-luce/,Offerta attivabile da qualsiasi canale,Domiciliazione bancaria;Domiciliazione su carta di credito;Bollettino precompilato,20/05/2026,31/12/2026,non domestico,prezzo fisso,276.000000,,0.550000,0.550000,0.550000,,,0.550000,,,,
MOOREN S.R.L.,14874331003,14874331003,https://mooren.energy/,,DOMESTICO PLACET EE VARIABILE 2026 - V. 386,028232ESVMP03XX0000DOMEPLACETVAR,https://mooren.energy/offerta-placet-luce/,Offerta attivabile da qualsiasi canale,Domiciliazione bancaria;Domiciliazione su carta di credito;Bollettino precompilato,12/06/2026,31/12/2026,domestico,prezzo variabile,,276.000000,,,,,,,0.300000,,,
Magis Energia S.p.a.,02968430237,02968430237,www.magisenergia.it,800552866,PLACET FISSA ENERGIA ELETTRICA USO DOMESTICO,000592ESFFP02XXDXX0726XPLACETFIX,https://www.magisenergia.it/it/casa/luce/mercato-placet-fissa-luce,Offerta attivabile presso punto vendita;Teleselling,Domiciliazione bancaria;Domiciliazione postale;Domiciliazione su carta di credito;Bollettino precompilato;Altro,21/07/2026,20/10/2026,domestico,prezzo fisso,119.880000,,,,,0.312600,0.293300,0.300000,,,,
Magis Energia S.p.a.,02968430237,02968430237,www.magisenergia.it,800552866,PLACET VARIABILE ENERGIA ELETTRICA USO DOMESTICO,000592ESVFP02XXDXX0726XPLACETVAR,https://www.magisenergia.it/it/casa/luce/mercato-placet-variabile-luce,Offerta attivabile presso punto vendita;Teleselling,Domiciliazione bancaria;Domiciliazione postale;Domiciliazione su carta di credito;Bollettino precompilato;Altro,21/07/2026,20/10/2026,domestico,prezzo variabile,,119.880000,,,,,,,0.055000,,,
Magis Energia S.p.a.,02968430237,02968430237,www.magisenergia.it,800552866,PLACET VARIABILE ENERGIA ELETTRICA USI DIVERSI,000592ESVFP01XXBXX0726XPLACETVAR,https://www.magisenergia.it/it/business/offerte-luce-business/mercato-placet-variabile-luce-b,Offerta attivabile presso punto vendita;Teleselling,Domiciliazione bancaria;Domiciliazione postale;Domiciliazione su carta di credito;Bollettino precompilato;Altro,21/07/2026,20/10/2026,non domestico,prezzo variabile,,181.920000,,,,,,,0.055000,,,
Magis Energia S.p.a.,02968430237,02968430237,www.magisenergia.it,800552866,PLACET FISSA ENERGIA ELETTRICA USI DIVERSI,000592ESFFP01XXBXX0726XPLACETFIX,https://www.magisenergia.it/it/business/offerte-luce-business/mercato-placet-fissa-luce-b,Offerta attivabile presso punto vendita;Teleselling,Domiciliazione bancaria;Domiciliazione postale;Domiciliazione su carta di credito;Bollettino precompilato;Altro,21/07/2026,20/10/2026,non domestico,prezzo fisso,181.920000,,0.342600,0.308400,0.273700,,,0.300000,,,,
Mineral Barium Italia Gas e Luce Srl,12620991005,12620991005,www.mbigaseluce.it,,PLACET_DOM_PUN,024639ESVMP01XXPLACETDPUNGEN2024,,Offerta attivabile da qualsiasi canale,Domiciliazione bancaria,11/01/2024,31/12/2030,domestico,prezzo variabile,,150.000000,,,,,,,0.400000,,,
Mineral Barium Italia Gas e Luce Srl,12620991005,12620991005,www.mbigaseluce.it,,PLACET_BUS_PUN,024639ESVMP01XXPLACETBPUNGEN2024,,Offerta attivabile da qualsiasi canale,Domiciliazione bancaria,11/01/2024,31/12/2099,non domestico,prezzo variabile,,200.000000,,,,,,,0.400000,,,
NEG S.p.A.,07624531211,07624531211,www.negitaly.it,,Neg Placet Fisso EE Altri Usi,025376ESFFP01XX000000000EEAF0125,,Offerta attivabile da qualsiasi canale,Domiciliazione bancaria;Domiciliazione postale,10/12/2025,31/12/2026,non domestico,prezzo fisso,180.000000,,0.440000,0.495000,0.385000,,,0.440000,,,,
NEG S.p.A.,07624531211,07624531211,www.negitaly.it,,Neg Placet Variabile EE Altri Usi,025376ESVFP01XX000000000EEAV0125,,Offerta attivabile da qualsiasi canale,Domiciliazione bancaria;Domiciliazione postale,10/12/2025,31/12/2026,non domestico,prezzo variabile,,180.000000,,,,,,,0.029700,,,
NEG S.p.A.,07624531211,07624531211,www.negitaly.it,,Neg Placet Variabile EE Domestici,025376ESVFP01XX000000000EEDV0125,,Offerta attivabile da qualsiasi canale,Domiciliazione bancaria;Domiciliazione postale,10/12/2025,31/12/2026,domestico,prezzo variabile,,120.000000,,,,,,,0.033000,,,
NEG S.p.A.,07624531211,07624531211,www.negitaly.it,,Neg Placet Fisso EE Domestici,025376ESFFP01XX000000000EEDF0125,,Offerta attivabile da qualsiasi canale,Domiciliazione bancaria;Domiciliazione postale,10/12/2025,31/12/2026,domestico,prezzo fisso,120.000000,,,,,0.550000,0.440000,0.495000,,,,
NEOGAS S.R.L.,08072911210,08072911210,www.neogas.it,0818339439,NEOGAS PLACET FISSO LUCE BT ALTRI USI,024503ESFMP02XXNEOGSPLACETFISAUS,www.neogas.it,Offerta attivabile da qualsiasi canale,Domiciliazione bancaria;Domiciliazione postale;Bollettino precompilato;Altro,12/05/2026,31/12/2050,non domestico,prezzo fisso,145.000000,,0.350000,0.350000,0.350000,0.350000,0.350000,0.350000,,,,
NEOGAS S.R.L.,08072911210,08072911210,www.neogas.it,0818339439,NEOGAS PLACET VARIABILE LUCE BT ALTRI USI,024503ESVMP02XXNEOGSPLACETVARAUS,www.neogas.it,Offerta attivabile da qualsiasi canale,Domiciliazione bancaria;Domiciliazione postale;Bollettino precompilato;Altro,12/05/2026,31/12/2050,non domestico,prezzo variabile,,145.000000,,,,,,,0.065200,,,
NEOGAS S.R.L.,08072911210,08072911210,www.neogas.it,0818339439,NEOGAS PLACET FISSO LUCE DOMESTICI,024503ESFMP02XXNEOGSPLACETFISDOM,www.neogas.it,Offerta attivabile da qualsiasi canale,Domiciliazione bancaria;Domiciliazione postale;Bollettino precompilato;Altro,12/05/2026,31/12/2050,domestico,prezzo fisso,130.000000,,0.350000,0.350000,0.350000,0.350000,0.350000,0.350000,,,,
NEOGAS S.R.L.,08072911210,08072911210,www.neogas.it,0818339439,NEOGAS PLACET VARIABILE LUCE DOMESTICI,024503ESVMP02XXNEOGSPLACETVARDOM,www.neogas.it,Offerta attivabile da qualsiasi canale,Domiciliazione bancaria;Domiciliazione postale;Bollettino precompilato;Altro,12/05/2026,31/12/2050,domestico,prezzo variabile,,130.000000,,,,,,,0.065200,,,
NEXICOM SPA,10555170967,10555170967,www.nexicom.it,,NEX_PLACET_Luce_Variabile,029290ESVFP01XX2026DOMPLACETXXXX,https://nexicom.it/offerte-luce-e-gas/placet-luce/,altro,Domiciliazione bancaria;Domiciliazione postale;Bollettino precompilato;Altro,14/01/2026,31/12/2026,domestico,prezzo variabile,,144.000000,,,,,,,0.065000,,,
NEXTA ENERGIA S.R.L.,16000551008,16000551008,https://nextaenergia.it/,,NEXTA PLACET FISSA ENERGIA ALTRI USI,036309ESFFP01XXNEXTA000000000012,https://nextaenergia.it/offerte-placet/,Offerta attivabile da qualsiasi canale,Domiciliazione bancaria;Domiciliazione postale;Domiciliazione su carta di credito;Bollettino precompilato,01/04/2026,30/09/2026,non domestico,prezzo fisso,238.200000,,0.500000,0.510000,0.510000,,,0.500000,,,,
NEXTA ENERGIA S.R.L.,16000551008,16000551008,https://nextaenergia.it/,,NEXTA PLACET VARIABILE ENERGIA ALTRI USI,036309ESVFP01XXNEXTA000000000013,https://nextaenergia.it/offerte-placet/,Offerta attivabile da qualsiasi canale,Domiciliazione bancaria;Domiciliazione postale;Domiciliazione su carta di credito;Bollettino precompilato,01/04/2026,30/09/2026,non domestico,prezzo variabile,,238.200000,,,,,,,0.500000,,,
NEXTA ENERGIA S.R.L.,16000551008,16000551008,https://nextaenergia.it/,,NEXTA PLACET VARIABILE ENERGIA DOMESTICI,036309ESVFP01XXNEXTA000000000011,https://nextaenergia.it/offerte-placet/,Offerta attivabile da qualsiasi canale,Domiciliazione bancaria;Domiciliazione postale;Domiciliazione su carta di credito;Bollettino precompilato,01/04/2026,30/09/2026,domestico,prezzo variabile,,118.000000,,,,,,,0.500000,,,
NEXTA ENERGIA S.R.L.,16000551008,16000551008,https://nextaenergia.it/,,NEXTA PLACET FISSA ENERGIA DOMESTICI,036309ESFFP01XXNEXTA000000000010,https://nextaenergia.it/offerte-placet/,Offerta attivabile da qualsiasi canale,Domiciliazione bancaria;Domiciliazione postale;Domiciliazione su carta di credito;Bollettino precompilato,01/04/2026,30/09/2026,domestico,prezzo fisso,118.000000,,,,,0.500000,0.510000,0.500000,,,,
NOVA AEG S.P.A.,02616630022,02616630022,www.novaaeg.it,0161271898,NOVAAEG PLACET VARIABILE LUCE NON DOMESTICI,025434ESVMP27XX000000000PLVENDOM,www.enercasacoop.it/offerta-placet/,Offerta attivabile da qualsiasi canale,Domiciliazione bancaria;Domiciliazione postale;Bollettino precompilato;Altro,01/07/2026,31/12/2026,non domestico,prezzo variabile,,120.000000,,,,,,,0.050000,,,
NOVA AEG S.P.A.,02616630022,02616630022,www.novaaeg.it,0161271898,NOVAAEG PLACET FISSA LUCE NON DOMESTICI,025434ESFFP27XX00000000PLAFENDOM,www.enercasacoop.it/offerta-placet/,Offerta attivabile da qualsiasi canale,Domiciliazione bancaria;Domiciliazione postale;Bollettino precompilato;Altro,01/07/2026,31/12/2026,non domestico,prezzo fisso,120.000000,,0.883200,0.850080,0.839040,,,0.938400,,,,
NOVA AEG S.P.A.,02616630022,02616630022,www.novaaeg.it,0161271898,NOVAAEG PLACET FISSA LUCE DOMESTICI,025434ESFFP14XX000000000PLAFEDOM,www.enercasacoop.it/offerta-placet/,Offerta attivabile da qualsiasi canale,Domiciliazione bancaria;Domiciliazione postale;Bollettino precompilato;Altro,01/07/2026,31/12/2026,domestico,prezzo fisso,120.000000,,,,,0.536270,0.500740,0.527590,,,,
NOVA AEG S.P.A.,02616630022,02616630022,www.novaaeg.it,0161271898,NOVAAEG PLACET VARIABILE LUCE DOMESTICI,025434ESVMP14XX000000000PLAVEDOM,www.enercasacoop.it/offerta-placet/,Offerta attivabile da qualsiasi canale,Domiciliazione bancaria;Domiciliazione postale;Bollettino precompilato;Altro,01/07/2026,31/12/2026,domestico,prezzo variabile,,120.000000,,,,,,,0.314410,,,
NOVA S.R.L.,09163140966,09163140966,www.novalucegas.it,800864532,PLACET_BUS_VAR_EE_20,024452ESVFP01XX020PLACETBUSVAREE,,altro,Domiciliazione bancaria,29/01/2026,30/09/2026,non domestico,prezzo variabile,0.000000,145.000000,0.000000,0.000000,0.000000,0.000000,0.000000,0.000000,0.025000,,,
NOVA S.R.L.,09163140966,09163140966,www.novalucegas.it,800864532,PLACET_BUS_FIX_EE_25,024452ESFFP01XX025PLACETBUSFIXEE,,altro,Domiciliazione bancaria;Bollettino precompilato,29/01/2026,30/09/2026,non domestico,prezzo fisso,145.000000,0.000000,0.790000,0.650000,0.600000,0.000000,0.000000,0.670000,0.000000,,,
NOVA S.R.L.,09163140966,09163140966,www.novalucegas.it,800864532,PLACET_DOM_FIX_EE_25,024452ESFFP01XX025PLACETDOMFIXEE,,altro,Domiciliazione bancaria;Bollettino precompilato,29/01/2026,30/09/2026,domestico,prezzo fisso,85.000000,0.000000,0.000000,0.000000,0.000000,0.730000,0.670000,0.680000,0.000000,,,
NOVA S.R.L.,09163140966,09163140966,www.novalucegas.it,800864532,PLACET_DOM_VAR_EE_21,024452ESVFP01XX021PLACETDOMVAREE,,altro,Domiciliazione bancaria;Bollettino precompilato,29/01/2026,30/09/2026,domestico,prezzo variabile,0.000000,145.000000,0.000000,0.000000,0.000000,0.000000,0.000000,0.000000,0.025000,,,
NUOVA CORRENTE SRL,12126890966,12126890966,http://www.nuovacorrente.it,,Nuova Corrente En. PLACET fissa ele altri usi,040069ESFFP01XX00000000000027421,http://www.nuovacorrente.it/placet,Offerta attivabile presso punto vendita;Teleselling;Agenzia,Domiciliazione bancaria;Domiciliazione postale;Domiciliazione su carta di credito;Bollettino precompilato;Altro,01/09/2025,31/08/2026,non domestico,prezzo fisso,280.000000,,0.300000,0.250000,0.250000,,,0.280000,,,,
NUOVA CORRENTE SRL,12126890966,12126890966,http://www.nuovacorrente.it,,Nuova Corrente En. PLACET fissa ele domestico,040069ESFFP01XX00000000000027420,http://www.nuovacorrente.it/placet,Offerta attivabile presso punto vendita;Teleselling;Agenzia,Domiciliazione bancaria;Domiciliazione postale;Domiciliazione su carta di credito;Bollettino precompilato;Altro,01/09/2025,31/08/2026,domestico,prezzo fisso,280.000000,,,,,0.300000,0.250000,0.280000,,,,
NUOVA CORRENTE SRL,12126890966,12126890966,http://www.nuovacorrente.it,,Nuova Corrente En. PLACET variabile ele domestico,040069ESVFP01XX00000000000027423,http://www.nuovacorrente.it/placet,Offerta attivabile presso punto vendita;Teleselling;Agenzia,Domiciliazione bancaria;Domiciliazione postale;Domiciliazione su carta di credito;Bollettino precompilato;Altro,01/09/2025,31/08/2026,domestico,prezzo variabile,,280.000000,,,,,,,0.100000,,,
NUOVA CORRENTE SRL,12126890966,12126890966,http://www.nuovacorrente.it,,Nuova Corrente En. PLACET variabile ele altri usi,040069ESVFP01XX00000000000027424,http://www.nuovacorrente.it/placet,Offerta attivabile presso punto vendita;Teleselling;Agenzia,Domiciliazione bancaria;Domiciliazione postale;Domiciliazione su carta di credito;Bollettino precompilato;Altro,01/09/2025,31/08/2026,non domestico,prezzo variabile,,280.000000,,,,,,,0.100000,,,
NWG ENERGIA S.P.A. SOCIETÀ BENEFIT,02294320979,02294320979,www.nwgenergia.it,,NWG Energia Placet Variabile Energia Elettrica Domestic,020443ESVFP01XXPLACETDOVAR072026,www.nwgenergia.it,altro,Domiciliazione bancaria,21/07/2026,20/08/2026,domestico,prezzo variabile,,160.000000,,,,,,,0.130000,,,
NWG ENERGIA S.P.A. SOCIETÀ BENEFIT,02294320979,02294320979,www.nwgenergia.it,,NWG Energia Placet Variabile Energia Elettrica non dome,020443ESVFP01XXPLACETNDVAR072026,www.nwgenergia.it,altro,Domiciliazione bancaria,21/07/2026,20/08/2026,non domestico,prezzo variabile,,180.000000,,,,,,,0.130000,,,
NWG ENERGIA S.P.A. SOCIETÀ BENEFIT,02294320979,02294320979,www.nwgenergia.it,,NWG Energia Placet Fissa Energia Elettrica Domestico,020443ESFFP01XXPLACETDOFIX072026,www.nwgenergia.it,altro,Domiciliazione bancaria,21/07/2026,20/08/2026,domestico,prezzo fisso,160.000000,,,,,0.265000,0.248000,0.254000,,,,
NWG ENERGIA S.P.A. SOCIETÀ BENEFIT,02294320979,02294320979,www.nwgenergia.it,,NWG Energia Placet Fissa Energia Elettrica non domestic,020443ESFFP01XXPLACETNDFIX072026,www.nwgenergia.it,altro,Domiciliazione bancaria,21/07/2026,20/08/2026,non domestico,prezzo fisso,180.000000,,0.274000,0.261000,0.228000,,,0.254000,,,,
Nets Energia Srl,12357070965,12357070965,http://www.calabriaenergia.it,,PLACETNETSDOMV24,038103ESVMP01XX00000000000000044,https://calabriaenergia.it/offerta-energia-elettrica-uso-domestico-platinum-placet-variabile/,Offerta attivabile da qualsiasi canale,Domiciliazione bancaria,01/09/2024,31/08/2030,domestico,prezzo variabile,,144.000000,,,,,,,0.200000,,,
Nets Energia Srl,12357070965,12357070965,http://www.calabriaenergia.it,,PLACET DOM FIX 2024,038103ESFFP01XX00000000000000044,https://www.calabriaenergia.it/offerta-energia-elettrica-casa-platinum-placet-fisso/,Offerta attivabile da qualsiasi canale,Domiciliazione bancaria,01/09/2024,31/08/2030,domestico,prezzo fisso,144.000000,,,,,0.521500,0.492000,0.521500,,,,
Nets Energia Srl,12357070965,12357070965,http://www.calabriaenergia.it,,PLACETNONDOMVAR24,038103ESVFP01XX00000000000000044,https://www.calabriaenergia.it/offerta-energia-elettrica-casa-platinum-placet-fisso/,Offerta attivabile da qualsiasi canale,Domiciliazione bancaria,01/09/2024,31/08/2030,non domestico,prezzo variabile,,138.000000,,,,,,,0.085000,,,
Nets Energia Srl,12357070965,12357070965,http://www.calabriaenergia.it,,PLACET NONDOM FIX 24,038103ESFFP01XX00000000000000048,https://www.calabriaenergia.it/energia-elettrica-per-aziende-placet-fisso/,Offerta attivabile da qualsiasi canale,Domiciliazione bancaria,01/09/2024,31/08/2030,non domestico,prezzo fisso,144.000000,,0.672730,0.578040,0.456790,,,0.550000,,,,
Newtec s.r.l.,01574460430,01574460430,www.newtec.marche.it,,Offerta Placet Variabile DOM EE,041448ESVFP01XXOFFPLACETVARDOMXX,www.newtec.marche.it,Offerta attivabile da qualsiasi canale,Domiciliazione bancaria,14/04/2026,31/03/2027,domestico,prezzo variabile,,240.000000,,,,,,,0.040000,,,
Newtec s.r.l.,01574460430,01574460430,www.newtec.marche.it,,Offerta Placet Fix DOM EE,041448ESFFP01XXOFFPLACETFIXDOMXX,www.newtec.marche.it,Offerta attivabile da qualsiasi canale,Domiciliazione bancaria,14/04/2026,31/03/2027,domestico,prezzo fisso,240.000000,,,,,0.250000,0.250000,0.250000,,,,
Newtec s.r.l.,01574460430,01574460430,www.newtec.marche.it,,Offerta Placet Variabile Business EE,041448ESVFP01XXOFFPLACETFVARAUXX,www.newtec.marche.it,Offerta attivabile da qualsiasi canale,Domiciliazione bancaria,14/04/2026,31/03/2027,non domestico,prezzo variabile,,240.000000,,,,,,,0.040000,,,
Newtec s.r.l.,01574460430,01574460430,www.newtec.marche.it,,Offerta Placet Fix Business EE,041448ESFFP01XXOFFPLACETFIXAUXXX,www.newtec.marche.it,Offerta attivabile da qualsiasi canale,Domiciliazione bancaria,14/04/2026,31/03/2027,non domestico,prezzo fisso,240.000000,,0.250000,0.250000,0.250000,,,0.250000,,,,
Noi Energetic S.r.l.,05679530872,05679530872,https://www.noienergetic.it/,,Business FIsso Placet,029878ESFFP04XX0BUS2FISSO2PLACET,https://www.arera.it/it/consumatori/placet.htm,Offerta attivabile da qualsiasi canale,Domiciliazione bancaria;Domiciliazione su carta di credito;Bollettino precompilato,18/04/2026,31/12/2050,non domestico,prezzo fisso,144.000000,,0.330000,0.330000,0.330000,,,0.330000,,,,
Noi Energetic S.r.l.,05679530872,05679530872,https://www.noienergetic.it/,,Business Variabile Placet,029878ESVFP02XX000BUS2VAR2PLACET,https://www.arera.it/it/consumatori/placet.htm,Offerta attivabile da qualsiasi canale,Domiciliazione bancaria;Domiciliazione su carta di credito;Bollettino precompilato,21/04/2026,31/12/2050,domestico,prezzo variabile,,144.000000,,,,,,,0.100000,,,
Noi Energetic S.r.l.,05679530872,05679530872,https://www.noienergetic.it/,,Domestico Fisso Placet,029878ESFFP01XX000DOMFISSOPLACET,,Offerta attivabile da qualsiasi canale,Domiciliazione bancaria;Domiciliazione su carta di credito;Bollettino precompilato,17/01/2025,31/12/2050,domestico,prezzo fisso,144.000000,,,,,0.330000,0.330000,0.330000,,,,
Nuovenergie Spa,03757680966,03757680966,www.nuovenergiespa.it,800917796,Nuovenergie spa Placet Fissa EE Domestici Casa,000535ESFFP03XXPLACETFISSODOMEEE,http://www.nuovenergiespa.it/offerte/per_la_tua_casa/,Offerta attivabile presso punto vendita,Domiciliazione bancaria;Domiciliazione postale;Bollettino precompilato,01/01/2026,31/12/2026,domestico,prezzo fisso,250.000000,,,,,0.905000,0.887600,0.865400,,,,
Nuovenergie Spa,03757680966,03757680966,www.nuovenergiespa.it,800917796,Nuovenergie spa Placet Variabile EE Altri Usi,000535ESVFP03XXPLACETVARIAAUSIEE,https://www.nuovenergiespa.it/offerte/luce-placet-variabile/,Offerta attivabile presso punto vendita,Domiciliazione bancaria;Domiciliazione postale;Bollettino precompilato,01/01/2026,31/12/2026,non domestico,prezzo variabile,,960.000000,,,,,,,0.048000,,,
Nuovenergie Spa,03757680966,03757680966,www.nuovenergiespa.it,800917796,Nuovenergie spa Placet Variabile EE Domestici Casa,000535ESVFP03XXPLACETVARIADOMEEE,https://www.nuovenergiespa.it/offerte/luce-placet-variabile/,Offerta attivabile presso punto vendita,Domiciliazione bancaria;Domiciliazione postale;Bollettino precompilato,01/01/2026,31/12/2026,domestico,prezzo variabile,,250.000000,,,,,,,0.048000,,,
Nuovenergie Spa,03757680966,03757680966,www.nuovenergiespa.it,800917796,Nuovenergie spa Placet Fissa EE Altri Usi,000535ESFFP03XXPLACETFISSOAUSIEE,https://www.nuovenergiespa.it/offerte/luce-placet-fix/,Offerta attivabile presso punto vendita,Domiciliazione bancaria;Domiciliazione postale;Bollettino precompilato,01/01/2026,31/12/2026,non domestico,prezzo fisso,960.000000,,0.986800,0.896500,0.741600,,,0.865400,,,,
OCTOPUS ENERGY ITALIA SRL,01771990445,01771990445,www.octopusenergy.it,0736690104,Octopus Energy PLACET Variabile Energia Elettrica Domes,000129ESVFP03XXXXXXXOCTOENPLACET,https://octopusenergy.it/faq/condizioni-economiche,Offerta attivabile da qualsiasi canale,Domiciliazione bancaria,01/02/2026,31/01/2027,domestico,prezzo variabile,,200.000000,,,,,,,0.300000,,,
OCTOPUS ENERGY ITALIA SRL,01771990445,01771990445,www.octopusenergy.it,0736690104,Octopus Energy PLACET Fissa Energia Elettrica Domestico,000129ESFFP03XXXXXXXOCTOENPLACET,https://octopusenergy.it/faq/condizioni-economiche,Offerta attivabile da qualsiasi canale,Domiciliazione bancaria,01/02/2026,31/01/2027,domestico,prezzo fisso,200.000000,,,,,0.300000,0.300000,0.300000,,,,
ONDA PIU' S.R.L.,01787510898,01787510898,www.ondapiu.it,,OndaPi? ONDA PLACET Variabile Luce Altri usi,025990ESVFP01XX0000ANPLAB0526P3A,www.ondapiu.it,Offerta attivabile presso punto vendita,Domiciliazione bancaria;Domiciliazione postale;Bollettino precompilato,24/04/2026,31/12/2026,non domestico,prezzo variabile,,300.000000,,,,,,,0.100000,,,
ONDA PIU' S.R.L.,01787510898,01787510898,www.ondapiu.it,,OndaPi? ONDA PLACET Variabile Energia Elettrica,025990ESVFP01XX0000ANPLAD0526P3A,https://www.ondapiu.it/onda-placet-luce/,Offerta attivabile presso punto vendita,Domiciliazione bancaria;Domiciliazione postale;Bollettino precompilato,24/04/2026,31/12/2026,domestico,prezzo variabile,,144.000000,,,,,,,0.150000,,,
ONDA PIU' S.R.L.,01787510898,01787510898,www.ondapiu.it,,OndaPi? ONDA PLACET Fissa Luce Altri Usi,025990ESFFP01XX0000ANPLAB0526FMA,www.ondapiu.it/info-utili,Offerta attivabile presso punto vendita,Domiciliazione bancaria;Domiciliazione postale;Bollettino precompilato,24/04/2026,31/12/2026,non domestico,prezzo fisso,300.000000,,0.300000,0.300000,0.300000,,,0.300000,,,,
ONDA PIU' S.R.L.,01787510898,01787510898,www.ondapiu.it,,OndaPi? ONDA PLACET Fissa Energia Elettrica Domestico,025990ESFFP01XX0000ANPLAD0526FMA,https://www.ondapiu.it/offerte-luce-casa/,Offerta attivabile presso punto vendita,Domiciliazione bancaria;Domiciliazione postale;Bollettino precompilato,24/04/2026,31/12/2026,domestico,prezzo fisso,144.000000,,,,,0.500000,0.500000,0.500000,,,,
Old New Energy srl,14851931007,14851931007,https://www.oldnewenergy.com,,ONE PLACET variabile ele domestico,028438ESVFP01XX250800PLAEVDOM001,https://www.oldnewenergy.com/offerte-placet/,Offerta attivabile solo da web,Domiciliazione bancaria;Bollettino precompilato,01/10/2025,30/09/2026,domestico,prezzo variabile,,144.000000,,,,,,,0.100000,,,
Old New Energy srl,14851931007,14851931007,https://www.oldnewenergy.com,,ONE PLACET fissa ele altri usi,028438ESFFP01XX250800PLAEFBUS001,https://www.oldnewenergy.com/offerte-placet/,Offerta attivabile solo da web,Domiciliazione bancaria;Bollettino precompilato,01/10/2025,30/09/2026,non domestico,prezzo fisso,144.000000,,0.334000,0.304000,0.304000,,,0.350000,,,,
Old New Energy srl,14851931007,14851931007,https://www.oldnewenergy.com,,ONE PLACET fissa ele domestico,028438ESFFP01XX250800PLAEFDOM001,https://www.oldnewenergy.com/offerte-placet/,Offerta attivabile solo da web,Domiciliazione bancaria;Bollettino precompilato,01/10/2025,30/09/2026,domestico,prezzo fisso,144.000000,,,,,0.334000,0.304000,0.350000,,,,
Old New Energy srl,14851931007,14851931007,https://www.oldnewenergy.com,,ONE PLACET variabile ele altri usi,028438ESVFP01XX250800PLAEVBUS001,https://www.oldnewenergy.com/offerte-placet/,Offerta attivabile solo da web,Domiciliazione bancaria;Bollettino precompilato,01/10/2025,30/09/2026,non domestico,prezzo variabile,,144.000000,,,,,,,0.100000,,,
Olimpia S.r.l.,03589630239,03589630239,www.sinergylucegas.com,800113850,PLACET BUSINESS,025867ESFMP05XX00000EBPLACET2026,https://sinergylucegas.com/offerte/offerta-placet-business-fisso/,Offerta attivabile da qualsiasi canale,Domiciliazione bancaria;Bollettino precompilato,01/01/2026,31/12/2026,non domestico,prezzo fisso,120.000000,,0.770000,0.770000,0.770000,,,0.770000,,,,
Olimpia S.r.l.,03589630239,03589630239,www.sinergylucegas.com,800113850,PLACET BUSINESS,025867ESVFP04XX00EBPLACETPUN2026,https://sinergylucegas.com/offerte/offerta-placet-business-variabile/,Offerta attivabile da qualsiasi canale,Domiciliazione bancaria;Bollettino precompilato,01/01/2026,31/12/2026,non domestico,prezzo variabile,,120.000000,,,,,,,0.030000,,,
Olimpia S.r.l.,03589630239,03589630239,www.sinergylucegas.com,800113850,PLACET DOMESTICO,025867ESFMP05XX00000EDPLACET2026,https://sinergylucegas.com/offerte/offerta-placet-casa-fisso/,Offerta attivabile da qualsiasi canale,Domiciliazione bancaria;Bollettino precompilato,01/05/2026,31/12/2026,domestico,prezzo fisso,120.000000,,,,,0.770000,0.770000,0.770000,,,,
Olimpia S.r.l.,03589630239,03589630239,www.sinergylucegas.com,800113850,PLACET DOMESTICO,025867ESVFP05XX00EDPLACETPUN2026,https://sinergylucegas.com/offerte/offerta-placet-casa-variabile/,Offerta attivabile da qualsiasi canale,Domiciliazione bancaria;Bollettino precompilato,01/05/2026,31/12/2026,domestico,prezzo variabile,,120.000000,,,,,,,0.030000,,,
Omnia Energia SpA,02599020787,02599020787,https://www.omniaenergia.it,,Omnia Placet Luce Flex,000836ESVFP01XX00000PLACETEEFLEX,https://lucegas.omniaenergia.it/luce/casa/omnia-placet-luce-prezzo-variabile/,Offerta attivabile da qualsiasi canale,Domiciliazione bancaria,12/10/2024,31/12/2099,domestico,prezzo variabile,,40.000000,,,,,,,0.990000,,,
One Power Company Srl,11090150969,11090150969,www.onepowercompany.it,,OPC PLACET VARIABILE LUCE,036737ESVFP01XX20241122PLACETVEE,,Offerta attivabile da qualsiasi canale,Altro,01/12/2024,31/12/2026,domestico,prezzo variabile,,144.000000,,,,,,,0.050000,,,
One Power Company Srl,11090150969,11090150969,www.onepowercompany.it,,OPC PLACET FISSA LUCE,036737ESVFP01XX20241122PLACETFEE,,Offerta attivabile da qualsiasi canale,Altro,01/12/2024,31/12/2026,domestico,prezzo fisso,200.000000,,,,,0.300000,0.300000,0.300000,,,,
One Power Company Srl,11090150969,11090150969,www.onepowercompany.it,,OPC PLACET FISSA LUCE IMPRESA,036737ESVFP01XX20241122PLACETFIL,,Offerta attivabile da qualsiasi canale,Altro,01/12/2024,31/12/2026,non domestico,prezzo fisso,200.000000,,0.300000,0.300000,0.300000,,,0.300000,,,,
One Power Company Srl,11090150969,11090150969,www.onepowercompany.it,,OPC PLACET VARIABILE LUCE IMPRESA,036737ESVFP01XX20241122PLACETVLI,,Offerta attivabile da qualsiasi canale,Altro,01/12/2024,31/12/2026,non domestico,prezzo variabile,,144.000000,,,,,,,0.050000,,,
Optima Italia Spa,07469040633,07469040633,https://www.optimaitalia.com/,081288312,Placet Condomini Index,002626ESVOP01XX1692X2464OOOOOOOO,www.optimatalia.com,Offerta attivabile da qualsiasi canale,Domiciliazione bancaria,11/02/2026,31/12/2026,domestico,prezzo variabile,,360.000000,,,,,,,0.110000,,,
Optima Italia Spa,07469040633,07469040633,https://www.optimaitalia.com/,081288312,Placet Business Index,002626ESVOP01XX1685X2460OOOOOOOO,www.optimatalia.com,Offerta attivabile da qualsiasi canale,Domiciliazione bancaria,11/02/2026,31/12/2026,non domestico,prezzo variabile,,360.000000,,,,,,,0.110000,,,
Optima Italia Spa,07469040633,07469040633,https://www.optimaitalia.com/,081288312,Placet Condomini Fix,002626ESFMP01XX1691X2463OOOOOOOO,www.optimatalia.com,Offerta attivabile da qualsiasi canale,Domiciliazione bancaria,11/02/2026,31/12/2026,domestico,prezzo fisso,275.000000,,0.550000,0.550000,0.550000,0.550000,0.550000,0.550000,,,,
Ora Srl,01918730761,01918730761,www.oraenergia.com,,Placet Fissa Ele Domestici,024540ESVFP01XXPUNNBUSINESSS2024,www.oraenergia.com,Offerta attivabile da qualsiasi canale,Altro,10/08/2024,31/12/2026,non domestico,prezzo fisso,0.250000,,0.260000,0.250000,0.240000,0.260000,0.250000,0.250000,0.250000,,,
Ora Srl,01918730761,01918730761,www.oraenergia.com,,Placet Fissa Ele Domestici,024540ESVFP01XXPUNNDOMESTICO2024,www.oraenergia.com,Offerta attivabile da qualsiasi canale,Altro,10/08/2024,31/12/2026,domestico,prezzo fisso,0.250000,,0.260000,0.250000,0.240000,0.260000,0.250000,0.250000,0.250000,,,
Orakom Energia Srl,05265590652,05265590652,https://www.orakomenergia.it/,0828380000,PLACET VARIABILE AZIENDE,022188ESVFP01XX00000PLVARAZIENDE,www.orakomenergia.it,Offerta attivabile presso punto vendita;Agenzia,Domiciliazione bancaria;Altro,24/04/2026,15/04/2027,non domestico,prezzo variabile,0.000000,168.000000,0.000000,0.000000,0.000000,0.000000,0.000000,0.000000,0.280000,,,
Orakom Energia Srl,05265590652,05265590652,https://www.orakomenergia.it/,0828380000,PLACET FISSA AZIENDE,022188ESFFP01XX00000PLFIXAZIENDE,www.orakomenergia.it,Offerta attivabile presso punto vendita;Agenzia,Domiciliazione bancaria;Altro,24/04/2026,15/04/2027,non domestico,prezzo fisso,168.000000,0.000000,0.450000,0.439000,0.439000,0.000000,0.000000,0.469000,0.000000,,,
Orakom Energia Srl,05265590652,05265590652,https://www.orakomenergia.it/,0828380000,PLACET FISSA CASA,022188ESFFP01XX000000000PLFIXDOM,www.orakomenergia.it,Offerta attivabile presso punto vendita;Agenzia,Domiciliazione bancaria;Altro,24/04/2026,15/04/2027,domestico,prezzo fisso,168.000000,0.000000,0.000000,0.000000,0.000000,0.450000,0.439000,0.469000,0.000000,,,
Orakom Energia Srl,05265590652,05265590652,https://www.orakomenergia.it/,0828380000,PLACET VARIABILE CASA,022188ESVFP01XX000000000PLVARDOM,www.orakomenergia.it,Offerta attivabile presso punto vendita;Agenzia,Domiciliazione bancaria;Altro,24/04/2026,15/04/2027,domestico,prezzo variabile,0.000000,168.000000,0.000000,0.000000,0.000000,0.000000,0.000000,0.000000,0.280000,,,
Orangy Srl,15487381004,15487381004,https://www.orangy.it/,,ORANGY PLACET VARIABILE ENERGIA DOMESTICI,030367ESVFP01XXORANG000000000011,https://www.orangy.it/offerte-placet/#1660042865852-fc791052-fd3c,Offerta attivabile da qualsiasi canale,Domiciliazione bancaria;Domiciliazione postale;Domiciliazione su carta di credito;Bollettino precompilato,01/04/2026,30/09/2026,domestico,prezzo variabile,,118.000000,,,,,,,0.510000,,,
Orangy Srl,15487381004,15487381004,https://www.orangy.it/,,ORANGY PLACET FISSA ENERGIA DOMESTICI,030367ESFFP01XXORANG000000000010,https://www.orangy.it/offerte-placet/#1660042865852-fc791052-fd3c,Offerta attivabile da qualsiasi canale,Domiciliazione bancaria;Domiciliazione postale;Domiciliazione su carta di credito;Bollettino precompilato,01/04/2026,30/09/2026,domestico,prezzo fisso,118.000000,,,,,0.510000,0.510000,0.510000,,,,
Orangy Srl,15487381004,15487381004,https://www.orangy.it/,,ORANGY PLACET VARIABILE ENERGIA ALTRI USI,030367ESVFP01XXORANG000000000013,https://www.orangy.it/offerte-placet/#1660042865852-fc791052-fd3c,Offerta attivabile da qualsiasi canale,Domiciliazione bancaria;Domiciliazione postale;Domiciliazione su carta di credito;Bollettino precompilato,01/04/2026,30/09/2026,non domestico,prezzo variabile,,238.200000,,,,,,,0.510000,,,
Orangy Srl,15487381004,15487381004,https://www.orangy.it/,,ORANGY PLACET FISSA ENERGIA ALTRI USI,030367ESFFP01XXORANG000000000012,https://www.orangy.it/offerte-placet/#1660042865852-fc791052-fd3c,Offerta attivabile da qualsiasi canale,Domiciliazione bancaria;Domiciliazione postale;Domiciliazione su carta di credito;Bollettino precompilato,01/04/2026,30/09/2026,non domestico,prezzo fisso,238.200000,,0.510000,0.510000,0.510000,,,0.510000,,,,
PANGEA ENERGY S.R.L.,11464710968,11464710968,https://www.chinaenergy.it,,Pangea PLACET fissa ele domestici,035784ESFFP01XX250800PLAEFDOM001,https://chinaenergy.it/it/offerta-Casa,Offerta attivabile solo da web,Domiciliazione bancaria,01/10/2025,30/09/2026,domestico,prezzo fisso,240.000000,,,,,0.330000,0.300000,0.330000,,,,
PANGEA ENERGY S.R.L.,11464710968,11464710968,https://www.chinaenergy.it,,Pangea PLACET variabile ele altri usi,035784ESVFP01XX250800PLAEVBUS001,https://chinaenergy.it/it/offerta-Business,Offerta attivabile solo da web,Domiciliazione bancaria,01/10/2025,30/09/2026,non domestico,prezzo variabile,,360.000000,,,,,,,0.070000,,,
PANGEA ENERGY S.R.L.,11464710968,11464710968,https://www.chinaenergy.it,,Pangea PLACET variabile ele domestici,035784ESVFP01XX250800PLAEVDOM001,https://chinaenergy.it/it/offerta-Casa,Offerta attivabile solo da web,Domiciliazione bancaria,01/10/2025,30/09/2026,domestico,prezzo variabile,,240.000000,,,,,,,0.060000,,,
PANGEA ENERGY S.R.L.,11464710968,11464710968,https://www.chinaenergy.it,,Pangea PLACET fissa ele altri usi,035784ESFFP01XX250800PLAEFBUS001,https://chinaenergy.it/it/offerta-Business,Offerta attivabile solo da web,Domiciliazione bancaria,01/10/2025,30/09/2026,non domestico,prezzo fisso,360.000000,,0.350000,0.330000,0.320000,,,0.350000,,,,
PASSUELLO FRATELLI SRL,00065030256,00065030256,https://www.passuellofratelli.it/,0435500500,PASSUELLO PALCET VARIABILE ELE DOMESTICO CASA,000203ESVMP02XXPLACETDOMR2026005,https://www.passuellofratelli.it/offerte/,Offerta attivabile presso punto vendita,Domiciliazione bancaria;Domiciliazione postale;Domiciliazione su carta di credito;Altro,16/05/2026,31/12/2026,domestico,prezzo variabile,,100.000000,,,,,,,0.030000,,,
PASSUELLO FRATELLI SRL,00065030256,00065030256,https://www.passuellofratelli.it/,0435500500,PASSUELLO PALCET FISSO DOMESTICO CASA,000203ESFMP02XXPLACETDOM02026005,https://www.passuellofratelli.it/offerte/,Offerta attivabile presso punto vendita,Domiciliazione bancaria;Domiciliazione postale;Bollettino precompilato;Altro,16/05/2026,31/12/2026,domestico,prezzo fisso,100.000000,,0.300000,0.300000,0.300000,0.300000,0.300000,0.300000,,,,
PASSUELLO FRATELLI SRL,00065030256,00065030256,https://www.passuellofratelli.it/,0435500500,PASSUELLO PALCET VARIABILE ELE ALTRI USI,000203ESVMP02XXPLACETPMI02026005,https://www.passuellofratelli.it/offerte/,Offerta attivabile presso punto vendita,Domiciliazione bancaria;Domiciliazione postale;Bollettino precompilato;Altro,16/05/2026,31/12/2026,non domestico,prezzo variabile,,150.000000,,,,,,,0.030000,,,
PASSUELLO FRATELLI SRL,00065030256,00065030256,https://www.passuellofratelli.it/,0435500500,PASSUELLO PALCET FISSO ELE DOMESTICO ALTRI USU,000203ESFMP02XXPLACETPMI02026005,https://www.passuellofratelli.it/offerte/,Offerta attivabile presso punto vendita,Domiciliazione bancaria;Domiciliazione postale;Domiciliazione su carta di credito;Altro,16/05/2026,31/12/2026,non domestico,prezzo fisso,150.000000,,0.300000,0.300000,0.300000,0.300000,0.300000,0.300000,,,,
PEF POWER SPA,02306970514,02306970514,www.pefpower.it,,PEF Power PLACET Variabile Energia Elettrica Domestico,028280ESVFP02XXPLACETVARIABILEDO,https://www.pefpower.it/it/informatives/offerte-placet,Agenzia,Domiciliazione bancaria;Domiciliazione postale;Bollettino precompilato;Altro,01/07/2026,30/09/2026,domestico,prezzo variabile,,122.800000,,,,,,,0.090000,,,
PEF POWER SPA,02306970514,02306970514,www.pefpower.it,,PEF Power PLACET Fissa Energia Elettrica Altri usi,028280ESFFP02XXXXPLACETXFISSAXAU,https://www.pefpower.it/it/informatives/offerte-placet,Agenzia,Domiciliazione bancaria;Domiciliazione postale;Bollettino precompilato;Altro,01/07/2026,30/09/2026,non domestico,prezzo fisso,242.800000,,0.299000,0.289000,0.269000,,,0.289000,,,,
PEF POWER SPA,02306970514,02306970514,www.pefpower.it,,PEF Power PLACET Variabile Energia Elettrica Altri usi,028280ESVFP02XXPLACETVARIABILEAU,https://www.pefpower.it/it/informatives/offerte-placet,Agenzia,Domiciliazione bancaria;Domiciliazione postale;Bollettino precompilato;Altro,01/07/2026,30/09/2026,non domestico,prezzo variabile,,242.800000,,,,,,,0.090000,,,
PEF POWER SPA,02306970514,02306970514,www.pefpower.it,,PEF Power PLACET Fissa Energia Elettrica Domestico,028280ESFFP02XXXXPLACETXFISSAXDO,https://www.pefpower.it/it/informatives/offerte-placet,Agenzia,Domiciliazione bancaria;Domiciliazione postale;Bollettino precompilato;Altro,01/07/2026,30/09/2026,domestico,prezzo fisso,122.800000,,,,,0.299000,0.279000,0.289000,,,,
PENTACOM SRL,07717650019,07717650019,www.pentacom.it,,PLACET PER LA TUA AZIENDA,026676ESFFP01XX_B_PLCP_34617519_,,Offerta attivabile solo da web,Domiciliazione bancaria;Domiciliazione postale;Bollettino precompilato,18/10/2022,31/12/2050,non domestico,prezzo fisso,120.000000,,1.000000,1.000000,1.000000,,,1.000000,,,,
PIEMONTE ENERGY S.P.A.,10580800018,10580800018,http://www.piemonteenergy.it,0141/437364,PE PUN DOMESTICI PLACET,004319ESVFP01XXPEPUNPLDO01012026,,Offerta attivabile presso punto vendita,Domiciliazione bancaria,08/01/2026,31/12/2026,domestico,prezzo variabile,,120.000000,,,,,,,0.050000,,,
PIEMONTE ENERGY S.P.A.,10580800018,10580800018,http://www.piemonteenergy.it,0141/437364,PE FISSO DOMESTICI PLACET,004319ESFFP01XXPEFIXPLDO01012026,,Offerta attivabile presso punto vendita,Domiciliazione bancaria,08/01/2026,31/12/2026,domestico,prezzo fisso,120.000000,,,,,0.175000,0.165000,0.170000,,,,
PIù ENERGIE SRL,04103290617,04103290617,www.piuenergie.it,,Piu Energie PLACET Fissa Energia Elettrica Altri usi,024555ESFFP10XX00000000000PEBF26,https://www.piuenergie.it/,Offerta attivabile da qualsiasi canale,Domiciliazione bancaria;Domiciliazione postale;Domiciliazione su carta di credito;Bollettino precompilato;Altro,06/07/2026,05/10/2026,non domestico,prezzo fisso,180.000000,,1.056000,1.034000,1.034000,,,1.045000,,,,
PIù ENERGIE SRL,04103290617,04103290617,www.piuenergie.it,,Piu Energie PLACET Fissa Energia Elettrica Domestico,024555ESFFP10XX00000000000PEDF26,https://www.piuenergie.it/,Offerta attivabile da qualsiasi canale,Domiciliazione bancaria;Domiciliazione postale;Domiciliazione su carta di credito;Bollettino precompilato;Altro,06/07/2026,05/10/2026,domestico,prezzo fisso,180.000000,,,,,1.078000,1.056000,1.067000,,,,
PIù ENERGIE SRL,04103290617,04103290617,www.piuenergie.it,,Piu Energie PLACET Variabile Energia Elettrica Altri us,024555ESVFP10XX00000000000PEBV26,https://www.piuenergie.it/,Offerta attivabile da qualsiasi canale,Domiciliazione bancaria;Domiciliazione postale;Domiciliazione su carta di credito;Bollettino precompilato;Altro,06/07/2026,05/10/2026,non domestico,prezzo variabile,,180.000000,,,,,,,0.066000,,,
PIù ENERGIE SRL,04103290617,04103290617,www.piuenergie.it,,Piu Energie PLACET Variabile Energia Elettrica Domestic,024555ESVFP10XX00000000000PEDV26,https://www.piuenergie.it/,Offerta attivabile da qualsiasi canale,Domiciliazione bancaria;Domiciliazione postale;Domiciliazione su carta di credito;Bollettino precompilato;Altro,06/07/2026,05/10/2026,domestico,prezzo variabile,,180.000000,,,,,,,0.071500,,,
POSTEPAY,06874351007,06874351007,www.poste.it,,Poste Energia Placet Fissa luce altri usi,036327ESFMP03XX260707AUPENGXXXXX,https://postepay.poste.it/poste-energia-luce-gas/offerte-placet-luce,Offerta attivabile presso punto vendita,Domiciliazione bancaria;Domiciliazione postale;Bollettino precompilato,07/07/2026,08/10/2026,non domestico,prezzo fisso,144.000000,,0.240000,0.210000,0.210000,,,0.220000,,,,
POSTEPAY,06874351007,06874351007,www.poste.it,,Poste Energia Placet Fissa luce domestico,036327ESFMP03XX260707REPENGXXXXX,https://postepay.poste.it/poste-energia-luce-gas/offerte-placet-luce,Offerta attivabile presso punto vendita,Domiciliazione bancaria;Domiciliazione postale;Bollettino precompilato,07/07/2026,08/10/2026,domestico,prezzo fisso,144.000000,,,,,0.240000,0.210000,0.220000,,,,
POSTEPAY,06874351007,06874351007,www.poste.it,,Poste Energia Placet Variabile luce domestico,036327ESVMP03XX260707REPENGXXXXX,https://postepay.poste.it/poste-energia-luce-gas/offerte-placet-luce,Offerta attivabile presso punto vendita,Domiciliazione bancaria;Domiciliazione postale;Bollettino precompilato,07/07/2026,08/10/2026,domestico,prezzo variabile,,144.000000,,,,,,,0.040000,,,
POSTEPAY,06874351007,06874351007,www.poste.it,,Poste Energia Placet Variabile luce altri usi,036327ESVMP03XX260707AUPENGXXXXX,https://postepay.poste.it/poste-energia-luce-gas/offerte-placet-luce,Offerta attivabile presso punto vendita,Domiciliazione bancaria;Domiciliazione postale;Bollettino precompilato,07/07/2026,08/10/2026,non domestico,prezzo variabile,,144.000000,,,,,,,0.040000,,,
POWERGAS S.R.L.,03053750166,03053750166,https://www.powergas.it/,800642660,Placet Variabile Luce Business,000322ESVFP01XX000000000PVLB0526,https://www.powergas.it/offerte/placet-variabile-luce-business/,Offerta attivabile da qualsiasi canale,Bollettino precompilato,14/05/2026,30/09/2026,non domestico,prezzo variabile,,234.000000,,,,,,,0.030000,,,
POWERGAS S.R.L.,03053750166,03053750166,https://www.powergas.it/,800642660,Placet Fissa Luce Business,000322ESFMP01XX00000PE25PFLB0526,https://www.powergas.it/offerte/placet-fissa-luce-business/,Offerta attivabile da qualsiasi canale,Bollettino precompilato,14/05/2026,30/09/2026,non domestico,prezzo fisso,234.000000,,0.250000,0.250000,0.250000,,,0.250000,,,,
POWERGAS S.R.L.,03053750166,03053750166,https://www.powergas.it/,800642660,Placet Variabile Luce Consumer,000322ESVFP01XX00000PVLH01042026,https://www.powergas.it/offerte/placet-variabile-luce-casa,Offerta attivabile da qualsiasi canale,Bollettino precompilato,14/05/2026,30/09/2026,domestico,prezzo variabile,,180.000000,,,,,,,0.020000,,,
POWERGAS S.R.L.,03053750166,03053750166,https://www.powergas.it/,800642660,Placet Fissa Luce Consumer,000322ESFMP01XX0000PE030PFLH2026,https://www.powergas.it/offerte/placet-fissa-luce-casa/,Offerta attivabile da qualsiasi canale,Bollettino precompilato,14/05/2026,30/09/2026,domestico,prezzo fisso,180.000000,,,,,0.380000,0.380000,0.380000,,,,
PRIME ENERGY SRL,08786350721,08786350721,https://primeenergy.it/,,Prime Energy PLACET fissa Luce domestico,042389ESFFP01XX00000000PLACET002,https://primeenergy.it/placet/,Offerta attivabile solo da web;Offerta attivabile presso punto vendita;Agenzia,Domiciliazione bancaria;Domiciliazione postale,17/04/2026,31/07/2027,domestico,prezzo fisso,240.000000,,,,,0.285000,0.285000,0.285000,,,,
PRIME ENERGY SRL,08786350721,08786350721,https://primeenergy.it/,,Prime Energy PLACET fissa Luce altri usi,042389ESFFP01XX00000000PLACET001,https://primeenergy.it/placet/,Offerta attivabile solo da web;Offerta attivabile presso punto vendita;Agenzia,Domiciliazione bancaria;Domiciliazione postale,17/04/2026,31/07/2027,non domestico,prezzo fisso,240.000000,,0.285000,0.285000,0.245000,,,0.285000,,,,
PRIME ENERGY SRL,08786350721,08786350721,https://primeenergy.it/,,Prime Energy PLACET variabile Luce domestico,042389ESVFP01XX00000000PLACET004,https://primeenergy.it/placet/,Offerta attivabile solo da web;Offerta attivabile presso punto vendita;Agenzia,Domiciliazione bancaria;Domiciliazione postale,17/04/2026,31/07/2027,domestico,prezzo variabile,,240.000000,,,,,,,0.125000,,,
PRIME ENERGY SRL,08786350721,08786350721,https://primeenergy.it/,,Prime Energy PLACET variabile Luce altri usi,042389ESVFP01XX00000000PLACET003,https://primeenergy.it/placet/,Offerta attivabile solo da web;Offerta attivabile presso punto vendita;Agenzia,Domiciliazione bancaria;Domiciliazione postale,17/04/2026,31/07/2027,non domestico,prezzo variabile,,240.000000,,,,,,,0.125000,,,
PROENERGY SPA,09080630966,09080630966,https://proenergyspa.it/,,PROENERGY-PLACETVAR_ALTRIUSI_CONDOMINIO,024349ESVFP02XXPLACETEEVARBUS210,https://www.proenergyspa.it/supporto,altro,Domiciliazione bancaria,24/01/2026,31/12/2026,non domestico,prezzo variabile,,180.000000,,,,0.066000,0.066000,,0.930000,,,
PROENERGY SPA,09080630966,09080630966,https://proenergyspa.it/,,PROENERGY-PLACETFISSO_FISSODOMESTICO,024349ESFFP01XXPLACETEEFISSODOM2,https://www.proenergyspa.it/supporto,altro,Domiciliazione bancaria,24/01/2026,31/12/2026,domestico,prezzo fisso,180.000000,,,,,1.078000,1.056000,1.067000,,,,
PROENERGY SPA,09080630966,09080630966,https://proenergyspa.it/,,PROENERGY-PLACETFISSO_FISSOALTRIUSI_CONDOMINIO,024349ESFFP02XXPLACETEEFISSOBUS2,https://www.proenergyspa.it/supporto,altro,Domiciliazione bancaria,24/01/2026,31/12/2026,non domestico,prezzo fisso,180.000000,,1.056000,1.034000,1.034000,,,1.045000,,,,
PROENERGY SPA,09080630966,09080630966,https://proenergyspa.it/,,PROENERGY-PLACETVAR_DOMESTICO_CONDOMINIO,024349ESVFP01XXPLACETEEVARDOM210,https://www.proenergyspa.it/supporto,altro,Domiciliazione bancaria,24/01/2026,31/12/2026,domestico,prezzo variabile,,180.000000,,,,0.071500,0.071500,,0.930000,,,
PULSEE S.R.L.,17484351006,17484351006,https://www.pulsee.it,,Pulsee Placet Power Residenziale Variabile,040505ESVFP07XXPULSEEPUM88812607,https://pulsee.it/offerte-casa-luce-gas-placet,Agenzia;altro,Domiciliazione bancaria;Domiciliazione su carta di credito;Bollettino precompilato,09/07/2026,05/08/2026,domestico,prezzo variabile,,144.000000,,,,,,,0.045000,,,
PULSEE S.R.L.,17484351006,17484351006,https://www.pulsee.it,,Pulsee Placet Power Residenziale Fissa,040505ESFFP07XXPULSEEFIX89582607,https://pulsee.it/offerte-casa-luce-gas-placet/axpo-placet-power-residenziale,Agenzia;altro,Domiciliazione bancaria;Domiciliazione su carta di credito;Bollettino precompilato,09/07/2026,05/08/2026,domestico,prezzo fisso,144.000000,,,,,0.243970,0.241480,0.242390,,,,
PURA ENERGIA srl,01946540471,01946540471,https://www.pura-energia.it/,0572031205,PLACET PER LA TUA AZIENDA,B_PLCFIX_0822,,Offerta attivabile da qualsiasi canale,Domiciliazione bancaria;Domiciliazione postale;Bollettino precompilato,10/08/2022,31/12/2050,non domestico,prezzo fisso,118.380000,,0.750000,0.750000,0.750000,,,0.750000,,,,
PolisEnergia S.r.l.,05050950657,05050950657,https://www.polisenergia.it,0240705685,POLISENERGIA PLACET VARIABILE LUCE CONSUMER,017247ESVFP07XX02604013FAPUNPLC1,https://www.polisenergia.it/offerte-casa-luce,Offerta attivabile da qualsiasi canale,Domiciliazione bancaria,22/04/2026,31/12/2028,domestico,prezzo variabile,,144.000000,,,,,,,0.050000,,,
Power Energia Società Cooperativa,02709221200,02709221200,https://www.powerenergia.eu/,0541419970,PWE PLACET VAR ELE ALTRI USI,001576ESVOP01XXPLACETVAR01072026,https://www.powerenergia.eu/wp-content/uploads/2026/06/CTE-PLACET_VAR_-LUGLIO_26.pdf,Offerta attivabile da qualsiasi canale,Domiciliazione bancaria;Altro,01/07/2026,31/07/2026,non domestico,prezzo variabile,,200.000000,,,,,,,0.022000,,,
Power Energia Società Cooperativa,02709221200,02709221200,https://www.powerenergia.eu/,0541419970,PWE PLACET FIX ELE ALTRI USI,001576ESFFP01XXPLACETFIX01072026,https://www.powerenergia.eu/wp-content/uploads/2026/06/CTE-PLACET_FIX_-LUGLIO_26.pdf,Offerta attivabile da qualsiasi canale,Domiciliazione bancaria;Altro,01/07/2026,31/07/2026,non domestico,prezzo fisso,200.000000,,0.220000,0.231000,0.165000,,,0.198000,,,,
Power Zeta srl,09204371216,09204371216,https://www.powerzeta.it,,PLACET POWERZETA 2026,029263ESVFP01XXPZETAPLACET26CASA,,Offerta attivabile da qualsiasi canale,Bollettino precompilato,08/01/2026,07/01/2027,domestico,prezzo variabile,,144.000000,,,,,,,0.043000,,,
Power Zeta srl,09204371216,09204371216,https://www.powerzeta.it,,PLACET ALTRI USI 2026,029263ESVFP01XXPZETAPLACET26AUSI,,Offerta attivabile da qualsiasi canale,Bollettino precompilato,08/01/2026,06/01/2027,non domestico,prezzo variabile,,240.000000,,,,,,,0.043000,,,
Power.it Srl,04355290166,04355290166,www.poweritlucegas.it,,PLACET PER LA TUA CASA,028704ESFFP01XXPL197634357152700,,Offerta attivabile solo da web,Domiciliazione bancaria;Domiciliazione postale;Bollettino precompilato,06/07/2023,31/12/2050,domestico,prezzo fisso,186.000000,,,,,1.000000,1.000000,1.000000,,,,
Power.it Srl,04355290166,04355290166,www.poweritlucegas.it,,PLACET PER LA TUA AZIENDA,028704ESVFP01XXPL197630001862500,,Offerta attivabile solo da web,Domiciliazione bancaria;Domiciliazione postale;Bollettino precompilato,06/07/2023,31/12/2050,non domestico,prezzo variabile,,246.000000,,,,,,,0.057000,,,
Power.it Srl,04355290166,04355290166,www.poweritlucegas.it,,PLACET PER LA TUA AZIENDA,028704ESFFP01XXPL197625646572400,,Offerta attivabile solo da web,Domiciliazione bancaria;Domiciliazione postale;Bollettino precompilato,06/07/2023,31/12/2050,non domestico,prezzo fisso,246.000000,,1.000000,1.000000,1.000000,,,1.000000,,,,
Power.it Srl,04355290166,04355290166,www.poweritlucegas.it,,PLACET PER LA TUA CASA,028704ESVFP01XXPL197638712442900,,Offerta attivabile solo da web,Domiciliazione bancaria;Domiciliazione postale;Bollettino precompilato,06/07/2023,31/12/2050,domestico,prezzo variabile,,186.000000,,,,,,,0.057000,,,
Primiero Energia S.r.l.,01900420223,01900420223,https://primieroenergia.com/,0439763460,PE Placet fissa domestici,000204ESFFP01XXPRIMIENEPLACETFIX,https://primieroenergia.com/offerta-placet-fissa-domestici/,Offerta attivabile presso punto vendita,Domiciliazione bancaria,21/07/2026,10/08/2026,domestico,prezzo fisso,180.000000,,,,,0.187000,0.176000,0.176000,,03;01;08;05;06;04;07,,
Primiero Energia S.r.l.,01900420223,01900420223,https://primieroenergia.com/,0439763460,PE Placet variabile altri usi,000204ESVFP01XXPRIENEAUPLACETVAR,https://primieroenergia.com/offerta-placet-variabile-altri-usi/,Offerta attivabile presso punto vendita,Domiciliazione bancaria,21/07/2026,10/08/2026,non domestico,prezzo variabile,,180.000000,,,,,,,0.046000,03;01;08;05;06;04;07,,
Primiero Energia S.r.l.,01900420223,01900420223,https://primieroenergia.com/,0439763460,PE Placet variabile domestici,000204ESVFP01XXPRIMIENEPLACETVAR,https://primieroenergia.com/offerta-placet-variabile-domestici/,Offerta attivabile presso punto vendita,Domiciliazione bancaria,21/07/2026,10/08/2026,domestico,prezzo variabile,,180.000000,,,,,,,0.046000,03;01;08;05;06;04;07,,
Primiero Energia S.r.l.,01900420223,01900420223,https://primieroenergia.com/,0439763460,PE Placet fissa altri usi,000204ESFFP01XXPRIENEAUPLACETFIX,https://primieroenergia.com/offerta-placet-fissa-altri-usi/,Offerta attivabile presso punto vendita,Domiciliazione bancaria,21/07/2026,10/08/2026,non domestico,prezzo fisso,180.000000,,0.184370,0.198670,0.173370,,,0.198670,,03;01;08;05;06;04;07,,
Prometeo S.p.A.,02089000422,02089000422,https://www.estraprometeo.it/,02827070,Prometeo PLACET VARIABILE LUCE CASA,000529ESVFP03XXEP4XX11062609GNPC,https://www.estraprometeo.it/offerte-luce/placet-variabile-luce-casa,Offerta attivabile da qualsiasi canale,Domiciliazione bancaria;Domiciliazione postale;Domiciliazione su carta di credito;Bollettino precompilato,11/06/2026,12/08/2026,domestico,prezzo variabile,,120.000000,,,,,,,0.040000,13;14;12;10;11,,
Prometeo S.p.A.,02089000422,02089000422,https://www.estraprometeo.it/,02827070,Prometeo PLACET VARIABILE LUCE AZIENDA,000529ESVFP03XXEP3XX11062609GNPA,https://www.estraprometeo.it/offerte-luce/placet-variabile-luce-impresa,Offerta attivabile da qualsiasi canale,Domiciliazione bancaria;Domiciliazione postale;Domiciliazione su carta di credito;Bollettino precompilato,11/06/2026,12/08/2026,non domestico,prezzo variabile,,150.000000,,,,,,,0.040000,13;14;12;10;11,,
Prometeo S.p.A.,02089000422,02089000422,https://www.estraprometeo.it/,02827070,Prometeo PLACET FISSA LUCE AZIENDA,000529ESFFP03XXEP1XX11062603GNPA,https://www.estraprometeo.it/offerte-luce/placet-fissa-luce-impresa,Offerta attivabile da qualsiasi canale,Domiciliazione bancaria;Domiciliazione postale;Domiciliazione su carta di credito;Bollettino precompilato,11/06/2026,12/08/2026,non domestico,prezzo fisso,150.000000,,0.717200,0.716100,0.712800,,,0.715550,,13;14;12;10;11,,
Prometeo S.p.A.,02089000422,02089000422,https://www.estraprometeo.it/,02827070,Prometeo PLACET FISSA LUCE CASA,000529ESFFP03XXEP2XX11062603GNPC,https://www.estraprometeo.it/offerte-luce/placet-fissa-luce-casa,Offerta attivabile da qualsiasi canale,Domiciliazione bancaria;Domiciliazione postale;Domiciliazione su carta di credito;Bollettino precompilato,11/06/2026,12/08/2026,domestico,prezzo fisso,120.000000,,,,,0.718300,0.714450,0.715550,,13;14;12;10;11,,
QUATERNA S.R.L.,03830370049,03830370049,quaternasrl.it,,PLACET_DIPENDENTI,029587ESVMP10XXXAERXPU02310Xsp16,,altro,Altro,04/10/2024,31/12/2028,domestico,prezzo variabile,,215.000000,,,,,,,0.050000,01,,
REPOWER VENDITA ITALIA SPA,13181080154,13181080154,https://www.repower.com/it/,800903900,Repower Placet Fissa Ele Business,000539ESFFP00XX01234XP17668X0326,https://www.repower.com/it/energia-elettrica/placet-fissa-ee/,Offerta attivabile da qualsiasi canale,Domiciliazione bancaria,11/03/2026,13/10/2026,non domestico,prezzo fisso,180.000000,,0.261900,0.267820,0.244240,,,0.258310,,,,
REPOWER VENDITA ITALIA SPA,13181080154,13181080154,https://www.repower.com/it/,800903900,Repower Placet Variabile Ele Business,000539ESVFP00XX01234XP17669X0326,https://www.repower.com/it/energia-elettrica/placet-variabile-ee/,Offerta attivabile da qualsiasi canale,Domiciliazione bancaria,11/03/2026,13/10/2026,non domestico,prezzo variabile,,180.000000,,,,,,,0.046780,,,
RIENERGIA SRL,09788660968,09788660968,https://www.rienergia.net,,PLACETCASAFISSO,028754ESFFP01XX00RECPFIAFPLA2026,https://crm.rienergia.net/pdf_offerta.php?o=offerta_ee&oc=63,Offerta attivabile da qualsiasi canale,Domiciliazione bancaria,01/01/2026,31/12/2026,domestico,prezzo fisso,120.000000,,,,,0.193000,0.198000,0.205000,,,,
RIENERGIA SRL,09788660968,09788660968,https://www.rienergia.net,,PLACETBUSINESSVARIABILE,028754ESVFP01XX00REBPUNAPLAB2026,https://crm.rienergia.net/pdf_offerta.php?o=offerta_ee&oc=62,Offerta attivabile da qualsiasi canale,Domiciliazione bancaria,01/01/2026,31/12/2026,non domestico,prezzo variabile,,120.000000,,,,,,,0.046000,,,
RIENERGIA SRL,09788660968,09788660968,https://www.rienergia.net,,PLACETBUSINESSFISSO,028754ESFFP01XX00REBPFIAFPLB2026,https://crm.rienergia.net/pdf_offerta.php?o=offerta_ee&oc=62,Offerta attivabile da qualsiasi canale,Domiciliazione bancaria,01/01/2026,31/12/2026,non domestico,prezzo fisso,120.000000,,0.193000,0.203000,0.183000,,,0.195000,,,,
RIENERGIA SRL,09788660968,09788660968,https://www.rienergia.net,,PLACETCASAVARIABILE,028754ESVFP01XX00RECPUNAPLAC2026,https://crm.rienergia.net/pdf_offerta.php?o=offerta_ee&oc=39,Offerta attivabile da qualsiasi canale,Domiciliazione bancaria,01/01/2026,31/12/2026,domestico,prezzo variabile,,120.000000,,,,,,,0.045000,,,
RIVERENERGIA S.R.L.,08959231211,08959231211,https://riverenergia.it/,08119303079,PLACET PER LA TUA AZIENDA,027997ESFFP01XXPL406112991563400,,Offerta attivabile solo da web,Domiciliazione bancaria;Domiciliazione postale;Bollettino precompilato,29/06/2023,31/12/2050,non domestico,prezzo fisso,192.000000,,0.580000,0.550000,0.530000,,,0.550000,,,,
RIVERENERGIA S.R.L.,08959231211,08959231211,https://riverenergia.it/,08119303079,PLACET PER LA TUA CASA,027997ESVFP01XXPL406139869257000,,Offerta attivabile solo da web,Domiciliazione bancaria;Domiciliazione postale;Bollettino precompilato,29/06/2023,31/12/2050,domestico,prezzo variabile,,180.000000,,,,,,,0.065000,,,
RIVERENERGIA S.R.L.,08959231211,08959231211,https://riverenergia.it/,08119303079,PLACET PER LA TUA CASA,027997ESFFP01XXPL406130910025800,,Offerta attivabile solo da web,Domiciliazione bancaria;Domiciliazione postale;Bollettino precompilato,29/06/2023,31/12/2050,domestico,prezzo fisso,180.000000,,,,,0.550000,0.550000,0.550000,,,,
RIVERENERGIA S.R.L.,08959231211,08959231211,https://riverenergia.it/,08119303079,PLACET PER LA TUA AZIENDA,027997ESVFP01XXPL406121950794600,,Offerta attivabile solo da web,Domiciliazione bancaria;Domiciliazione postale;Bollettino precompilato,29/06/2023,31/12/2050,non domestico,prezzo variabile,,192.000000,,,,,,,0.065000,,,
Reale Energia Srl,02452390509,02452390509,www.realeenergia.it,,PLACET POWER BUSV,038257ESVFP01XX000PLACETEEVARBUS,,Offerta attivabile da qualsiasi canale,Domiciliazione bancaria;Domiciliazione su carta di credito;Bollettino precompilato,07/04/2023,24/02/2099,non domestico,prezzo variabile,,240.000000,,,,,,,0.050000,,,
Reale Energia Srl,02452390509,02452390509,www.realeenergia.it,,PLACET POWER BUSF,038257ESFMP01XX000PLACETEEFIXBUS,,Offerta attivabile da qualsiasi canale,Domiciliazione bancaria;Domiciliazione su carta di credito;Bollettino precompilato,08/04/2023,24/02/2099,non domestico,prezzo fisso,240.000000,,0.660000,0.660000,0.660000,,,0.660000,,,,
Reale Energia Srl,02452390509,02452390509,www.realeenergia.it,,PLACET POWER VAR,038257ESVFP01XX000PLACETEEVARDOM,,Offerta attivabile da qualsiasi canale,Domiciliazione bancaria;Domiciliazione su carta di credito;Bollettino precompilato,07/04/2023,24/02/2099,domestico,prezzo variabile,,240.000000,,,,,,,0.050000,,,
Reale Energia Srl,02452390509,02452390509,www.realeenergia.it,,PLACET POWER FIX,038257ESFMP01XX000PLACETEEFIXDOM,,Offerta attivabile da qualsiasi canale,Domiciliazione bancaria;Domiciliazione su carta di credito;Bollettino precompilato,08/04/2023,24/02/2099,domestico,prezzo fisso,240.000000,,,,,0.660000,0.660000,0.660000,,,,
Reset S.r.l.,13097920014,13097920014,https://resetenergia.it/,,Reset placet fissa ele altri usi,041552ESFMP01XX0000PLACETLUCEAUF,,Offerta attivabile solo da web,Domiciliazione bancaria,25/06/2025,25/06/2032,non domestico,prezzo fisso,200.000000,,0.500000,0.500000,0.500000,0.500000,0.500000,0.500000,,,,
Reset S.r.l.,13097920014,13097920014,https://resetenergia.it/,,Reset placet var ele domestici,041552ESVFP02XX000PLACETLUCEDOMV,,Offerta attivabile solo da web,Domiciliazione bancaria,25/06/2025,25/06/2032,domestico,prezzo variabile,,140.000000,,,,,,,0.050000,,,
Reset S.r.l.,13097920014,13097920014,https://resetenergia.it/,,Reset placet fissa ele domestici,041552ESFMP01XX000PLACETLUCEDOMF,,Offerta attivabile solo da web,Domiciliazione bancaria,25/06/2025,25/06/2032,domestico,prezzo fisso,200.000000,,0.500000,0.500000,0.500000,0.500000,0.500000,0.500000,,,,
Reset S.r.l.,13097920014,13097920014,https://resetenergia.it/,,Reset placet var ele altri usi,041552ESVFP01XX0000PLACETLUCEAUV,,Offerta attivabile solo da web,Domiciliazione bancaria,25/06/2025,25/06/2032,non domestico,prezzo variabile,,120.000000,,,,,,,0.037000,,,
Rocket Sharing Company S.p.a.,10781910962,10781910962,http://www.rocketenergy.it,,PLACET PER LA TUA CASA,029554ESFFP01XXPL488851843017000,,Offerta attivabile solo da web,Domiciliazione bancaria;Domiciliazione postale;Bollettino precompilato,30/06/2023,31/12/2050,domestico,prezzo fisso,144.000000,,,,,0.300000,0.300000,0.310000,,,,
Rocket Sharing Company S.p.a.,10781910962,10781910962,http://www.rocketenergy.it,,PLACET PER LA TUA AZIENDA,029554ESVFP01XXPL488841061106100,,Offerta attivabile solo da web,Domiciliazione bancaria;Domiciliazione postale;Bollettino precompilato,30/06/2023,31/12/2050,non domestico,prezzo variabile,,144.000000,,,,,,,0.033000,,,
Rocket Sharing Company S.p.a.,10781910962,10781910962,http://www.rocketenergy.it,,PLACET PER LA TUA AZIENDA,029554ESFFP01XXPL488830279195100,,Offerta attivabile solo da web,Domiciliazione bancaria;Domiciliazione postale;Bollettino precompilato,30/06/2023,31/12/2050,non domestico,prezzo fisso,144.000000,,0.290000,0.290000,0.290000,,,0.300000,,,,
Rocket Sharing Company S.p.a.,10781910962,10781910962,http://www.rocketenergy.it,,PLACET PER LA TUA CASA,029554ESVFP01XXPL488862624928000,,Offerta attivabile solo da web,Domiciliazione bancaria;Domiciliazione postale;Bollettino precompilato,30/06/2023,31/12/2050,domestico,prezzo variabile,,144.000000,,,,,,,0.035000,,,
Romeo Energy S.r.l.,03165080783,03165080783,https://www.romeoenergy.it/,,REFlex Luce Placet Pro,043765ESVFP01XXPLACETELEBUSVAR26,https://www.romeoenergy.it/,Offerta attivabile da qualsiasi canale,Domiciliazione bancaria;Bollettino precompilato;Altro,03/07/2026,31/12/2099,non domestico,prezzo variabile,,240.000000,,,,,,,0.049500,,,
Romeo Energy S.r.l.,03165080783,03165080783,https://www.romeoenergy.it/,,REFlex Luce Placet,043765ESVFP01XXPLACETELEDOMVAR26,https://www.romeoenergy.it,Offerta attivabile da qualsiasi canale,Domiciliazione bancaria;Bollettino precompilato;Altro,03/07/2026,31/12/2099,domestico,prezzo variabile,,180.000000,,,,,,,0.055000,,,
Romeo Energy S.r.l.,03165080783,03165080783,https://www.romeoenergy.it/,,REFix Luce Placet Pro,043765ESFFP01XXPLACETELEBUSFIX26,https://www.romeoenergy.it/,Offerta attivabile da qualsiasi canale,Domiciliazione bancaria;Bollettino precompilato;Altro,03/07/2026,31/12/2099,non domestico,prezzo fisso,240.000000,,0.275000,0.275000,0.275000,,,0.275000,,,,
Romeo Energy S.r.l.,03165080783,03165080783,https://www.romeoenergy.it/,,REFix Luce Placet,043765ESFFP01XXPLACETELEDOMFIX26,https://www.romeoenergy.it/,Offerta attivabile da qualsiasi canale,Domiciliazione bancaria;Bollettino precompilato;Altro,03/07/2026,31/12/2099,domestico,prezzo fisso,330.000000,,,,,0.330000,0.330000,0.330000,,,,
S.E.M.P. SRL,00281510453,00281510453,www.semplice-energia.it,,SempliceNew2026,036873ESVFP01XXDOMSPRE12E5FIX6E5,,Offerta attivabile da qualsiasi canale,Domiciliazione bancaria,08/01/2026,08/01/2027,domestico,prezzo variabile,,78.000000,,,,,,,0.012500,09;07,,
S.E.M.P. SRL,00281510453,00281510453,www.semplice-energia.it,,SempliceNew2026AU,036873ESVFP01XXAUSSPRE12E5FIX10E,,Offerta attivabile da qualsiasi canale,Domiciliazione bancaria,08/01/2026,08/01/2027,non domestico,prezzo variabile,,120.000000,,,,,,,0.012500,09;07,,
SANDER ENERGIA SRL,05955810659,05955810659,http://www.sanderenergia.it,,PLACET PER LA TUA AZIENDA,036315ESFFP01XXPL270101969196300,,Offerta attivabile solo da web,Domiciliazione bancaria;Domiciliazione postale;Bollettino precompilato,05/07/2023,31/12/2050,non domestico,prezzo fisso,144.000000,,0.445100,0.443200,0.443100,,,0.445100,,,,
SANDER ENERGIA SRL,05955810659,05955810659,http://www.sanderenergia.it,,PLACET PER LA TUA AZIENDA,036315ESVFP01XXPL270107925006900,,Offerta attivabile solo da web,Domiciliazione bancaria;Domiciliazione postale;Bollettino precompilato,05/07/2023,31/12/2050,non domestico,prezzo variabile,,144.000000,,,,,,,0.033000,,,
SANDER ENERGIA SRL,05955810659,05955810659,http://www.sanderenergia.it,,PLACET PER LA TUA CASA,036315ESFFP01XXPL270113880817600,,Offerta attivabile solo da web,Domiciliazione bancaria;Domiciliazione postale;Bollettino precompilato,05/07/2023,31/12/2050,domestico,prezzo fisso,144.000000,,,,,0.445100,0.443100,0.445100,,,,
SANDER ENERGIA SRL,05955810659,05955810659,http://www.sanderenergia.it,,PLACET PER LA TUA CASA,036315ESVFP01XXPL270119836628200,,Offerta attivabile solo da web,Domiciliazione bancaria;Domiciliazione postale;Bollettino precompilato,05/07/2023,31/12/2050,domestico,prezzo variabile,,144.000000,,,,,,,0.035000,,,
SEGNOVERDE S.P.A.,01884540467,01884540467,www.segnoverde.it,05831861201,SEGNOVERDE_PLACET-FISSA_LUCE_ALTRI-USI,000453ESFFP01XX47519SegnoverdSEV,https://www.segnoverde.it/luce,Offerta attivabile solo da web;Offerta attivabile presso punto vendita,Domiciliazione bancaria;Domiciliazione postale;Bollettino precompilato,15/07/2026,14/10/2026,non domestico,prezzo fisso,450.000000,,0.392700,0.372900,0.261250,,,0.330000,,,,
SEGNOVERDE S.P.A.,01884540467,01884540467,www.segnoverde.it,05831861201,SEGNOVERDE_PLACET-FISSA_LUCE_DOMESTICO,000453ESFFP01XX47393SegnoverdSEV,https://www.segnoverde.it/luce,Offerta attivabile solo da web;Offerta attivabile presso punto vendita,Domiciliazione bancaria;Domiciliazione postale;Bollettino precompilato,15/07/2026,14/10/2026,domestico,prezzo fisso,450.000000,,,,,0.392700,0.300300,0.330000,,,,
SEGNOVERDE S.P.A.,01884540467,01884540467,www.segnoverde.it,05831861201,SEGNOVERDE_PLACET-VARIABILE_LUCE_ALTRI-USI,000453ESVFP01XX47532SegnoverdSEV,https://www.segnoverde.it/luce,Offerta attivabile solo da web;Offerta attivabile presso punto vendita,Domiciliazione bancaria;Domiciliazione postale;Bollettino precompilato,15/07/2026,14/10/2026,non domestico,prezzo variabile,,450.000000,,,,,,,0.066000,,,
SEGNOVERDE S.P.A.,01884540467,01884540467,www.segnoverde.it,05831861201,SEGNOVERDE_PLACET-VARIABILE_LUCE_DOMESTICO,000453ESVFP01XX47430SegnoverdSEV,https://www.segnoverde.it/luce,Offerta attivabile solo da web;Offerta attivabile presso punto vendita,Domiciliazione bancaria;Domiciliazione postale;Bollettino precompilato,15/07/2026,14/10/2026,domestico,prezzo variabile,,450.000000,,,,,,,0.055000,,,
SEI Energia S.r.l.,01541700769,01541700769,https://seienergia.it/,0971650648,Placet_var_AU26,000758ESVMP01XXPLACETBTA2026VARI,https://seienergia.it/offerte/placet-luce-variabile-impresa/,Offerta attivabile presso punto vendita;Agenzia,Domiciliazione bancaria;Domiciliazione postale;Bollettino precompilato;Altro,01/01/2026,31/12/2026,non domestico,prezzo variabile,,160.000000,,,,,,,0.100000,,,
SEI Energia S.r.l.,01541700769,01541700769,https://seienergia.it/,0971650648,Placet_fix_D_05,000758ESFMP01XXPLACETDOM0426FIXX,https://seienergia.it/offerte/placet-luce-fisso-casa/,Offerta attivabile presso punto vendita;Agenzia,Domiciliazione bancaria;Domiciliazione postale;Bollettino precompilato;Altro,04/05/2026,31/12/2026,domestico,prezzo fisso,120.000000,,0.800000,0.800000,0.800000,0.800000,0.800000,0.800000,,,,
SEI Energia S.r.l.,01541700769,01541700769,https://seienergia.it/,0971650648,Placet_var_D_05,000758ESVMP01XXPLACETDOM0426VARI,https://seienergia.it/offerte/placet-luce-variabile-casa/,Offerta attivabile presso punto vendita;Agenzia,Domiciliazione bancaria;Domiciliazione postale;Bollettino precompilato;Altro,04/05/2026,31/12/2026,domestico,prezzo variabile,,120.000000,,,,,,,0.100000,,,
SEI Energia S.r.l.,01541700769,01541700769,https://seienergia.it/,0971650648,Placet_fix_AU26,000758ESFMP01XXPLACETBTA2026FIXX,https://seienergia.it/offerte/placet-luce-fisso-impresa/,Offerta attivabile presso punto vendita;Agenzia,Domiciliazione bancaria;Domiciliazione postale;Bollettino precompilato;Altro,01/01/2026,31/12/2026,non domestico,prezzo fisso,160.000000,,0.800000,0.800000,0.800000,0.800000,0.800000,0.800000,,,,
SEL S.R.L,02319210213,02319210213,https://selgas.eu/it/,800007645,PLACET FIX,001140ESFMP01XXPLACEFIXDOM2026Q2,https://sel-bz.it/it/placet-casa/,Offerta attivabile da qualsiasi canale,Domiciliazione bancaria;Domiciliazione postale;Domiciliazione su carta di credito;Bollettino precompilato,14/05/2026,31/12/2027,domestico,prezzo fisso,158.000000,,,,,0.245000,0.237700,0.239610,,04,,
SEL S.R.L,02319210213,02319210213,https://selgas.eu/it/,800007645,PLACET FLEX,001140ESVMP01XXPLACETFLEXAUS26Q2,https://sel-bz.it/it/placet-business/,Offerta attivabile da qualsiasi canale,Domiciliazione bancaria;Domiciliazione postale;Domiciliazione su carta di credito;Bollettino precompilato,14/05/2026,31/12/2027,non domestico,prezzo variabile,,298.000000,,,,,,,0.046000,04,,
SEL S.R.L,02319210213,02319210213,https://selgas.eu/it/,800007645,PLACET FLEX,001140ESVMP01XXPLACETFLEXDOM26Q2,https://sel-bz.it/it/placet-casa/,Offerta attivabile da qualsiasi canale,Domiciliazione bancaria;Domiciliazione postale;Domiciliazione su carta di credito;Bollettino precompilato,14/05/2026,31/12/2027,domestico,prezzo variabile,,158.000000,,,,,,,0.046000,04,,
SEL S.R.L,02319210213,02319210213,https://selgas.eu/it/,800007645,PLACET FIX,001140ESFMP01XXPLACETFIXAU2026Q2,https://sel-bz.it/it/placet-business/,Offerta attivabile da qualsiasi canale,Domiciliazione bancaria;Domiciliazione postale;Domiciliazione su carta di credito;Bollettino precompilato,14/05/2026,31/12/2027,non domestico,prezzo fisso,298.000000,,0.245000,0.244200,0.231200,,,0.239610,,04,,
SELLING COMPANY,02374500599,02374500599,https://adattivagaseluce.it,,PLACET PER LA TUA CASA,028159ESVFP01XXPL107704972670000,,Offerta attivabile solo da web,Domiciliazione bancaria;Domiciliazione postale;Bollettino precompilato,06/07/2023,31/12/2050,domestico,prezzo variabile,,90.000000,,,,,,,0.050000,,,
SELLING COMPANY,02374500599,02374500599,https://adattivagaseluce.it,,PLACET PER LA TUA AZIENDA,028159ESFFP01XXPL107697849168200,,Offerta attivabile solo da web,Domiciliazione bancaria;Domiciliazione postale;Bollettino precompilato,06/07/2023,31/12/2050,non domestico,prezzo fisso,100.000000,,1.000000,1.000000,1.000000,,,1.000000,,,,
SELLING COMPANY,02374500599,02374500599,https://adattivagaseluce.it,,PLACET PER LA TUA AZIENDA,028159ESVFP01XXPL107700223668800,,Offerta attivabile solo da web,Domiciliazione bancaria;Domiciliazione postale;Bollettino precompilato,06/07/2023,31/12/2050,non domestico,prezzo variabile,,100.000000,,,,,,,0.050000,,,
SELLING COMPANY,02374500599,02374500599,https://adattivagaseluce.it,,PLACET PER LA TUA CASA,028159ESFFP01XXPL107702598169400,,Offerta attivabile solo da web,Domiciliazione bancaria;Domiciliazione postale;Bollettino precompilato,06/07/2023,31/12/2050,domestico,prezzo fisso,90.000000,,,,,1.000000,1.000000,1.000000,,,,
SEV S.P.A.,03916040656,03916040656,https://www.seviren.it,800012144,SEV PLACET FISSA ENERGIA ELETTRICA NON DOMESTICA,001060ESFFP66XX000SEAUPEAF260806,www.seviren.it/sev-placet-luce-impresa-prezzo-fisso,Offerta attivabile presso punto vendita,Domiciliazione bancaria;Domiciliazione postale;Bollettino precompilato,11/07/2026,06/08/2026,non domestico,prezzo fisso,600.000000,,0.838000,0.819000,0.735000,,,0.800000,,,,
SEV S.P.A.,03916040656,03916040656,https://www.seviren.it,800012144,SEV PLACET VARIABILE ENERGIA ELETTRICA NON DOMESTICA,001060ESVFP66XX000SEAUPEAV260806,www.seviren.it/sev-placet-luce-impresa-prezzo-variabile,Offerta attivabile presso punto vendita,Domiciliazione bancaria;Domiciliazione postale;Bollettino precompilato,11/07/2026,06/08/2026,non domestico,prezzo variabile,,600.000000,,,,,,,0.085000,,,
SEV S.P.A.,03916040656,03916040656,https://www.seviren.it,800012144,SEV PLACET VARIABILE ENERGIA ELETTRICA DOMESTICA,001060ESVFP66XX000SEDOPEDV260806,www.seviren.it/sev-placet-luce-casa-prezzo-variabile,Offerta attivabile presso punto vendita,Domiciliazione bancaria;Domiciliazione postale;Bollettino precompilato,11/07/2026,06/08/2026,domestico,prezzo variabile,,600.000000,,,,,,,0.085000,,,
SEV S.P.A.,03916040656,03916040656,https://www.seviren.it,800012144,SEV PLACET FISSA ENERGIA ELETTRICA DOMESTICA,001060ESFFP66XX000SEDOPEDF260806,www.seviren.it/sev-placet-luce-casa-prezzo-fisso/,Offerta attivabile presso punto vendita,Domiciliazione bancaria;Domiciliazione postale;Bollettino precompilato,11/07/2026,06/08/2026,domestico,prezzo fisso,600.000000,,,,,0.842000,0.779000,0.800000,,,,
SG Energia S.p.A. a Socio Unico,01504440197,01504440197,https://www.sgenergia.it/,0245449800,SG ENERGIA SG ENERGIA PLACET FISSA LUCE Domestici,003167ESFMP01XXPLFE1001251250109,https://www.sgenergia.it/offerta/placet/,Agenzia,Domiciliazione bancaria;Domiciliazione postale;Domiciliazione su carta di credito;Bollettino precompilato;Altro,14/04/2026,31/10/2026,domestico,prezzo fisso,144.000000,,,,,0.550000,0.500000,0.530000,,,,
SG Energia S.p.A. a Socio Unico,01504440197,01504440197,https://www.sgenergia.it/,0245449800,SG ENERGIA SG ENERGIA PLACET VARIABILE LUCE Business BT,003167ESVFP01XXPLVE0001251250109,https://www.sgenergia.it/offerta/placet/,Agenzia,Domiciliazione bancaria;Domiciliazione postale;Domiciliazione su carta di credito;Bollettino precompilato;Altro,14/04/2026,31/10/2026,non domestico,prezzo variabile,,180.000000,,,,,,,0.080000,,,
SG Energia S.p.A. a Socio Unico,01504440197,01504440197,https://www.sgenergia.it/,0245449800,SG ENERGIA SG ENERGIA PLACET FISSA LUCE Business BT,003167ESFFP01XXPLFE2001251250109,https://www.sgenergia.it/offerta/placet/,Agenzia,Domiciliazione bancaria;Domiciliazione postale;Domiciliazione su carta di credito;Bollettino precompilato;Altro,14/04/2026,31/10/2026,non domestico,prezzo fisso,180.000000,,0.550000,0.520000,0.480000,,,0.530000,,,,
SG Energia S.p.A. a Socio Unico,01504440197,01504440197,https://www.sgenergia.it/,0245449800,SG ENERGIA SG ENERGIA PLACET VARIABILE LUCE Domestici,003167ESVFP01XXPLVE1001251250109,https://www.sgenergia.it/offerta/placet/,Agenzia,Domiciliazione bancaria;Domiciliazione postale;Domiciliazione su carta di credito;Bollettino precompilato;Altro,14/04/2026,31/10/2026,domestico,prezzo variabile,,144.000000,,,,,,,0.080000,,,
SGM COMMERCIALE SRL,03747710964,03747710964,www.sgmcommerciale.it,0258100454,Offerta Domestico EE Placet Variabile,000255ESVFP01XXSGM2026000000012B,http://sgmcommerciale.it/,altro,Domiciliazione bancaria,06/07/2026,05/07/2027,domestico,prezzo variabile,,144.000000,,,,,,,0.025000,03,,
SGR Servizi S.p.A.,00338000409,00338000409,http://www.sgrservizi.it,800900147,SGR SGR PLACET FISSA LUCE Business BT,000039ESFFP01XXPLFE2001251250109,https://www.sgrlucegas.com/luce-gas/,Offerta attivabile da qualsiasi canale;Offerta attivabile presso punto vendita;Teleselling;Agenzia,Domiciliazione bancaria;Domiciliazione postale;Domiciliazione su carta di credito;Bollettino precompilato;Altro,13/04/2026,31/10/2026,non domestico,prezzo fisso,180.000000,,0.550000,0.520000,0.480000,,,0.530000,,,,
SGR Servizi S.p.A.,00338000409,00338000409,http://www.sgrservizi.it,800900147,SGR SGR PLACET VARIABILE LUCE Domestici,000039ESVFP01XXPLVE1001251250109,https://www.sgrlucegas.com/luce-gas/,Offerta attivabile da qualsiasi canale,Domiciliazione bancaria;Domiciliazione postale;Domiciliazione su carta di credito;Bollettino precompilato;Altro,13/04/2026,31/10/2026,domestico,prezzo variabile,,144.000000,,,,,,,0.080000,,099,040001;040004;040020;040037;040044;040046;041009;041019;041020;041023;041026;041031;041035;041048;041065;043043
SGR Servizi S.p.A.,00338000409,00338000409,http://www.sgrservizi.it,800900147,SGR SGR PLACET VARIABILE LUCE Business BT,000039ESVFP01XXPLVE0001251250109,https://www.sgrlucegas.com/luce-gas/,Offerta attivabile da qualsiasi canale;Offerta attivabile presso punto vendita;Teleselling;Agenzia,Domiciliazione bancaria;Domiciliazione postale;Domiciliazione su carta di credito;Bollettino precompilato;Altro,13/04/2026,31/10/2026,non domestico,prezzo variabile,,180.000000,,,,,,,0.080000,,,
SGR Servizi S.p.A.,00338000409,00338000409,http://www.sgrservizi.it,800900147,SGR SGR PLACET FISSA LUCE Domestici,000039ESFMP01XXPLFE1001251250109,https://www.sgrlucegas.com/luce-gas/,Offerta attivabile da qualsiasi canale,Domiciliazione bancaria;Domiciliazione postale;Domiciliazione su carta di credito;Bollettino precompilato;Altro,13/04/2026,31/10/2026,domestico,prezzo fisso,144.000000,,,,,0.550000,0.500000,0.530000,,,099,040001;040004;040020;040037;040044;040046;041009;041019;041020;041023;041026;041031;041035;041048;041065;043043
SIMA ENERGIA SPA,01495220475,01495220475,www.simaenergia.it,800185398,SIMA ENERGIA PLACET VARIABILE CASA,000075ESVFP01XX0000020260701LICP,https://www.simaenergia.it/placet_luce_variabile_casa.php,Offerta attivabile presso punto vendita,Domiciliazione bancaria,07/07/2026,31/12/2026,domestico,prezzo variabile,0.000000,144.000000,0.000000,0.000000,0.000000,0.000000,0.000000,0.000000,0.050000,,,
SIMA ENERGIA SPA,01495220475,01495220475,www.simaenergia.it,800185398,SIMA ENERGIA PALCET FISSA CASA,000075ESFFP01XX0000020260701LFCP,https://www.simaenergia.it/placet_luce_fix_casa.php,Offerta attivabile presso punto vendita,Domiciliazione bancaria,07/07/2026,31/12/2026,domestico,prezzo fisso,144.000000,0.000000,0.000000,0.000000,0.000000,0.200000,0.200000,0.200000,0.000000,,,
SIMA ENERGIA SPA,01495220475,01495220475,www.simaenergia.it,800185398,SIMA ENERGIA PALCET FISSA PIVA,000075ESFFP01XX0000020260701LFPP,https://www.simaenergia.it/placet_luce_fix_pmi.php,Offerta attivabile presso punto vendita,Domiciliazione bancaria,07/07/2026,31/12/2026,non domestico,prezzo fisso,180.000000,0.000000,0.200000,0.200000,0.200000,0.000000,0.000000,0.200000,0.000000,,,
SIMA ENERGIA SPA,01495220475,01495220475,www.simaenergia.it,800185398,SIMA ENERGIA PLACET VARIABILE PIVA,000075ESVFP01XX0000020260701LIPP,https://www.simaenergia.it/placet_luce_index_pmi.php,Offerta attivabile presso punto vendita,Domiciliazione bancaria,07/07/2026,31/12/2026,non domestico,prezzo variabile,0.000000,180.000000,0.000000,0.000000,0.000000,0.000000,0.000000,0.000000,0.060000,,,
SIMECOM S.R.L.,01274520194,01274520194,www.simecom.it,800422040,Simecom Placet Fissa Ele Altri_Usi,000224ESFMP01XXEVRPCF26070100000,www.simecom.it/offerta/placet-business/,Offerta attivabile presso punto vendita,Domiciliazione bancaria;Bollettino precompilato,09/07/2026,06/10/2026,non domestico,prezzo fisso,240.000000,,0.164200,0.175200,0.155400,,,0.164000,,,,
SIMECOM S.R.L.,01274520194,01274520194,www.simecom.it,800422040,Simecom Placet Variabile Ele Altri_Usi,000224ESVMP01XXEVRPCV26070100000,www.simecom.it/offerta/placet-business/,Offerta attivabile presso punto vendita,Domiciliazione bancaria;Bollettino precompilato,09/07/2026,06/10/2026,non domestico,prezzo variabile,,240.000000,,,,,,,0.050000,,,
SIMECOM S.R.L.,01274520194,01274520194,www.simecom.it,800422040,Simecom Placet Variabile Ele Casa,000224ESVMP01XXEDRPCV26070100000,www.simecom.it/offerta/placet-casa/,Offerta attivabile presso punto vendita,Domiciliazione bancaria;Bollettino precompilato,09/07/2026,06/10/2026,domestico,prezzo variabile,,240.000000,,,,,,,0.050000,,,
SIMECOM S.R.L.,01274520194,01274520194,www.simecom.it,800422040,Simecom Placet Fissa Ele Casa,000224ESFMP01XXEDRPCF26070100000,www.simecom.it/offerta/placet-casa/,Offerta attivabile presso punto vendita,Domiciliazione bancaria;Bollettino precompilato,09/07/2026,06/10/2026,domestico,prezzo fisso,240.000000,,,,,0.164200,0.163900,0.164000,,,,
SINERGAS S.P.A.,01877220366,01877220366,www.sinergas.it,800038083,PLACET LUCE FISSA DOMESTICI,000753ESFFP07XXP0107PB3359260722,https://www.sinergas.it/offerta/placet/,Offerta attivabile presso punto vendita;Agenzia,Domiciliazione bancaria;Domiciliazione postale;Bollettino precompilato;Altro,22/07/2026,27/07/2026,domestico,prezzo fisso,144.000000,,,,,0.203900,0.202900,0.202900,,,,
SINERGAS S.P.A.,01877220366,01877220366,www.sinergas.it,800038083,PLACET LUCE VARIABILE DOMESTICI,000753ESVFP07XXP0110PB3363260722,https://www.sinergas.it/offerta/placet/,Offerta attivabile presso punto vendita;Agenzia,Domiciliazione bancaria;Domiciliazione postale;Bollettino precompilato;Altro,22/07/2026,27/07/2026,domestico,prezzo variabile,,144.000000,,,,,,,0.027500,,,
SINERGAS S.P.A.,01877220366,01877220366,www.sinergas.it,800038083,PLACET LUCE VARIABILE ALTRI USI,000753ESVFP07XXP0109PB3362260722,https://www.sinergas.it/offerta/placet/,Offerta attivabile presso punto vendita;Agenzia,Domiciliazione bancaria;Domiciliazione postale;Bollettino precompilato;Altro,22/07/2026,27/07/2026,non domestico,prezzo variabile,,198.000000,,,,,,,0.033000,,,
SINERGAS S.P.A.,01877220366,01877220366,www.sinergas.it,800038083,PLACET LUCE FISSA ALTRI USI,000753ESFFP07XXP0105PB3358260722,https://www.sinergas.it/offerta/placet/,Offerta attivabile presso punto vendita;Agenzia,Domiciliazione bancaria;Domiciliazione postale;Bollettino precompilato;Altro,22/07/2026,27/07/2026,non domestico,prezzo fisso,198.000000,,0.203900,0.202900,0.202900,,,0.202900,,,,
SKY ENERGY SRL,10929650967,10929650967,www.sky-energy.it,,SKY ENERGY PLACET VARIABILE EE ALTRI USI AU,029845ESVFP03XX00000000000000004,https://www.sky-energy.it/offertaplacet/,altro,Domiciliazione bancaria,19/05/2026,31/12/2026,non domestico,prezzo variabile,,800.000000,,,,,,,0.900000,,,
SKY ENERGY SRL,10929650967,10929650967,www.sky-energy.it,,SKY ENERGY PLACET VARIABILE EE DOMESTICI CASA,029845ESVFP03XX00000000000000002,https://www.sky-energy.it/offertaplacet/,altro,Domiciliazione bancaria,19/05/2026,31/12/2026,domestico,prezzo variabile,,800.000000,,,,,,,0.900000,,,
SKY ENERGY SRL,10929650967,10929650967,www.sky-energy.it,,SKY ENERGY PLACET FISSA EE DOMESTICI CASA,029845ESFFP03XX00000000000000001,https://www.sky-energy.it/offertaplacet/,altro,Domiciliazione bancaria,19/05/2026,31/12/2026,domestico,prezzo fisso,800.000000,,,,,0.900000,0.900000,0.900000,,,,
SKY ENERGY SRL,10929650967,10929650967,www.sky-energy.it,,SKY ENERGY PLACET FISSA EE ALTRI USI AU,029845ESFFP03XX00000000000000003,https://www.sky-energy.it/offertaplacet/,altro,Domiciliazione bancaria,19/05/2026,31/12/2026,non domestico,prezzo fisso,800.000000,,0.900000,0.900000,0.900000,,,0.900000,,,,
SMG S.r.l.,03761580962,03761580962,www.smg.energy,0293586357,SMG PLACET VARIABILE LUCE BUSINESS,000238ESVFP01XXPLVE0001251250109,www.smg.energy,Offerta attivabile presso punto vendita,Domiciliazione bancaria;Domiciliazione postale;Bollettino precompilato;Altro,18/07/2026,08/10/2026,non domestico,prezzo variabile,,180.000000,,,,,,,0.080000,,,
SMG S.r.l.,03761580962,03761580962,www.smg.energy,0293586357,SMG PLACET FISSO LUCE BUSINESS,000238ESFFP01XXPLFE2001251250109,www.smg.energy,Offerta attivabile presso punto vendita,Domiciliazione bancaria;Domiciliazione postale;Bollettino precompilato;Altro,18/07/2026,08/10/2026,non domestico,prezzo fisso,180.000000,,0.550000,0.520000,0.480000,,,0.530000,,,,
SMG S.r.l.,03761580962,03761580962,www.smg.energy,0293586357,SMG PLACET VARIABILE LUCE DOMESTICO,000238ESVFP01XXPLVE1001251250109,www.smg.energy,Offerta attivabile presso punto vendita,Domiciliazione bancaria;Domiciliazione postale;Bollettino precompilato;Altro,18/07/2026,08/10/2026,domestico,prezzo variabile,,144.000000,,,,,,,0.080000,,,
SMG S.r.l.,03761580962,03761580962,www.smg.energy,0293586357,SMG PLACET FISSO LUCE DOMESTICO,000238ESFFP01XXPLFE1001252250109,www.smg.energy,Offerta attivabile presso punto vendita,Domiciliazione bancaria;Domiciliazione postale;Bollettino precompilato;Altro,18/07/2026,08/10/2026,domestico,prezzo fisso,144.000000,,,,,0.550000,0.500000,0.530000,,,,
SOLDOGAS S.R.L.,01073430777,01073430777,www.soldogas.it,,SOLDOGASPLACETVAREEDOM,000839ESVFP01XXPLACETVARIABILE01,,Offerta attivabile da qualsiasi canale,Domiciliazione bancaria;Domiciliazione postale;Bollettino precompilato;Altro,02/08/2024,31/12/2050,domestico,prezzo variabile,,325.000000,,,,,,,0.250000,,,
SOLGAS S.P.A.,01731410443,01731410443,http://www.solgasonline.it/,800055121,SOLGAS PLACET VARIABILE LUCE Domestici,001346ESVFP01XXPLVE1001251250109,www.solgasonline.it/luce_gas_placet,Offerta attivabile da qualsiasi canale;Offerta attivabile presso punto vendita;Teleselling;Agenzia,Domiciliazione bancaria;Domiciliazione postale;Domiciliazione su carta di credito;Bollettino precompilato;Altro,13/04/2026,31/10/2026,domestico,prezzo variabile,,144.000000,,,,,,,0.080000,,,
SOLGAS S.P.A.,01731410443,01731410443,http://www.solgasonline.it/,800055121,SOLGAS PLACET FISSA LUCE Domestici,001346ESFMP01XXPLFE1001251250109,www.solgasonline.it/luce_gas_placet,Offerta attivabile da qualsiasi canale;Offerta attivabile presso punto vendita;Teleselling;Agenzia,Domiciliazione bancaria;Domiciliazione postale;Domiciliazione su carta di credito;Bollettino precompilato;Altro,13/04/2026,31/10/2026,domestico,prezzo fisso,144.000000,,,,,0.550000,0.500000,0.530000,,,,
SOLGAS S.P.A.,01731410443,01731410443,http://www.solgasonline.it/,800055121,SOLGAS PLACET FISSA LUCE Business BT,001346ESFFP01XXPLFE2001251250109,www.solgasonline.it/luce_gas_placet,Offerta attivabile da qualsiasi canale;Offerta attivabile presso punto vendita;Teleselling;Agenzia,Domiciliazione bancaria;Domiciliazione postale;Domiciliazione su carta di credito;Bollettino precompilato;Altro,13/04/2026,31/10/2026,non domestico,prezzo fisso,180.000000,,0.550000,0.520000,0.480000,,,0.530000,,,,
SOLGAS S.P.A.,01731410443,01731410443,http://www.solgasonline.it/,800055121,SOLGAS PLACET VARIABILE LUCE Business BT,001346ESVFP01XXPLVE0001251250109,www.solgasonline.it/luce_gas_placet,Offerta attivabile da qualsiasi canale;Offerta attivabile presso punto vendita;Teleselling;Agenzia,Domiciliazione bancaria;Domiciliazione postale;Domiciliazione su carta di credito;Bollettino precompilato;Altro,13/04/2026,31/10/2026,non domestico,prezzo variabile,,180.000000,,,,,,,0.080000,,,
SPACE ENERGY SRL,01929010476,01929010476,https://www.space-energy.it,05731716544,Space En. PLACET fissa ele domestico,027129ESFFP01XX250800PLAEFDOM001,https://www.space-energy.it/offerta/placet/,Offerta attivabile presso punto vendita;Agenzia,Domiciliazione bancaria,09/10/2025,30/09/2026,domestico,prezzo fisso,400.000000,,,,,0.600000,0.650000,0.600000,,,,
SPACE ENERGY SRL,01929010476,01929010476,https://www.space-energy.it,05731716544,Space En. PLACET variabile ele altri usi,027129ESVFP01XX250800PLAEVBUS001,https://www.space-energy.it/offerta/placet/,Offerta attivabile presso punto vendita;Agenzia,Domiciliazione bancaria,09/10/2025,30/09/2026,non domestico,prezzo variabile,,400.000000,,,,,,,0.150000,,,
SPACE ENERGY SRL,01929010476,01929010476,https://www.space-energy.it,05731716544,Space En. PLACET fissa ele altri usi,027129ESFFP01XX250800PLAEFBUS001,https://www.space-energy.it/offerta/placet/,Offerta attivabile presso punto vendita;Agenzia,Domiciliazione bancaria,09/10/2025,30/09/2026,non domestico,prezzo fisso,400.000000,,0.650000,0.649000,0.648000,,,0.650000,,,,
SPACE ENERGY SRL,01929010476,01929010476,https://www.space-energy.it,05731716544,Space En. PLACET variabile ele domestico,027129ESVFP01XX250800PLAEVDOM001,https://www.space-energy.it/offerta/placet/,Offerta attivabile presso punto vendita;Agenzia,Domiciliazione bancaria,09/10/2025,30/09/2026,domestico,prezzo variabile,,400.000000,,,,,,,0.150000,,,
SUNITALY ENERGY SRL,02430860441,02430860441,https://www.sunitalyenergy.it,,SUNITALY PLACET FISSO BUSINESS,035699ESVFP01XXPLACETBUSINEF2026,www.sunitalyenergy.it,Offerta attivabile da qualsiasi canale,Domiciliazione bancaria,28/01/2026,31/12/2028,non domestico,prezzo fisso,120.000000,,0.750000,0.750000,0.750000,0.750000,0.750000,0.750000,,,,
SUNITALY ENERGY SRL,02430860441,02430860441,https://www.sunitalyenergy.it,,SUNITALY PLACET VARIABILE BUSINESS,035699ESVFP01XXPLACETBUSINEV2026,www.sunitalyenergy.it,Offerta attivabile da qualsiasi canale,Domiciliazione bancaria,28/01/2026,31/12/2028,non domestico,prezzo variabile,,120.000000,,,,,,,0.030000,,,
SUNITALY ENERGY SRL,02430860441,02430860441,https://www.sunitalyenergy.it,,SUNITALY PLACET VARIABILE DOMESTICO,035699ESVFP01XXPLACEDOMENEVV2026,www.sunitalyenergy.it,Offerta attivabile da qualsiasi canale,Domiciliazione bancaria,28/01/2026,31/12/2028,domestico,prezzo variabile,,120.000000,,,,,,,0.030000,,,
SUNITALY ENERGY SRL,02430860441,02430860441,https://www.sunitalyenergy.it,,SUNITALY PLACET FISSO DOMESTICO,035699ESVFP01XXPLACEDOMENERV2026,www.sunitalyenergy.it,Offerta attivabile da qualsiasi canale,Domiciliazione bancaria,28/01/2026,01/01/2028,domestico,prezzo fisso,120.000000,,0.750000,0.750000,0.750000,0.750000,0.750000,0.750000,,,,
Sebina S.r.l.,03437270162,03437270162,https://sebina.eu/,,PMI PREZZO VARIABILE,000157ESVFP01XXSEBINAAUSV2600000,,altro,Altro,17/02/2026,31/12/2026,non domestico,prezzo variabile,,150.000000,,,,,,,0.050000,03,,
Sebina S.r.l.,03437270162,03437270162,https://sebina.eu/,,DOMESTICO PREZZO VARIABILE,000157ESVFP01XXSEBINADOMV2600000,,altro,Altro,17/02/2026,31/12/2026,domestico,prezzo variabile,,150.000000,,,,,,,0.050000,03,,
Sebina S.r.l.,03437270162,03437270162,https://sebina.eu/,,DOMESTICO PREZZO FISSO,000157ESFFP01XXSEBINAAUSF2600000,,altro,Domiciliazione bancaria,11/12/2025,31/12/2026,non domestico,prezzo fisso,150.000000,,0.250000,0.250000,0.250000,0.250000,0.250000,0.250000,,03,,
Sebina S.r.l.,03437270162,03437270162,https://sebina.eu/,,DOMESTICO PREZZO FISSO,000157ESFFP01XXSEBINADOMF2600000,,altro,Domiciliazione bancaria,10/12/2025,31/12/2026,domestico,prezzo fisso,150.000000,,0.250000,0.250000,0.250000,0.250000,0.250000,0.250000,,03,,
Semplice Gas & Luce S.p.A.,11796930011,11796930011,www.semplicegaseluce.it,,SGL_PLACET_Luce_Variabile,027091ESVFP01XX2026DOMPLACETXXXX,https://semplicegaseluce.it/offerte/placet-luce/,altro,Domiciliazione bancaria;Domiciliazione postale;Bollettino precompilato;Altro,14/01/2026,31/12/2026,domestico,prezzo variabile,,144.000000,,,,,,,0.065000,,,
Sfera Energia SRL,01917670497,01917670497,www.sferaenergia.it,,Sfera Energia PLACET variabile Luce domestico,028720ESVFP01XX00000000PLACET014,https://sferaenergia.it/offerte-domestico/,Offerta attivabile solo da web;Offerta attivabile presso punto vendita;Agenzia,Domiciliazione bancaria;Domiciliazione postale;Altro,08/07/2026,30/06/2027,domestico,prezzo variabile,,120.000000,,,,,,,0.049000,,,
Sfera Energia SRL,01917670497,01917670497,www.sferaenergia.it,,Sfera Energia PLACET fissa Luce altri usi,028720ESFFP01XX00000000PLACET011,https://sferaenergia.it/offerte-business/,Offerta attivabile solo da web;Offerta attivabile presso punto vendita;Agenzia,Domiciliazione bancaria;Domiciliazione postale;Altro,08/07/2026,30/06/2027,non domestico,prezzo fisso,360.000000,,0.179000,0.179000,0.179000,,,0.179000,,,,
Sfera Energia SRL,01917670497,01917670497,www.sferaenergia.it,,Sfera Energia PLACET variabile Luce altri usi,028720ESVFP01XX00000000PLACET013,https://sferaenergia.it/offerte-business/,Offerta attivabile solo da web;Offerta attivabile presso punto vendita;Agenzia,Domiciliazione bancaria;Domiciliazione postale;Altro,08/07/2026,30/06/2027,non domestico,prezzo variabile,,360.000000,,,,,,,0.049000,,,
Sfera Energia SRL,01917670497,01917670497,www.sferaenergia.it,,Sfera Energia PLACET fissa Luce domestico,028720ESFFP01XX00000000PLACET012,https://sferaenergia.it/offerte-domestico/,Offerta attivabile solo da web;Offerta attivabile presso punto vendita;Agenzia,Domiciliazione bancaria;Domiciliazione postale;Altro,08/07/2026,30/06/2027,domestico,prezzo fisso,120.000000,,,,,0.165000,0.165000,0.165000,,,,
Shell Energy Italia Srl,04522681008,04522681008,https://www.shell.it/shell-energy-italia.html,,SHELL Placet Variabile Ele PMI,019705ESVFP01XX20260701A20260930,https://www.shell.it/shell-energy-italia.html,Offerta attivabile da qualsiasi canale,Altro,01/07/2026,30/09/2026,non domestico,prezzo variabile,,200.000000,,,,,,,0.050000,,,
Shell Energy Italia Srl,04522681008,04522681008,https://www.shell.it/shell-energy-italia.html,,SHELL Placet Fissa Ele PMI,019705ESFFP01XX20260701A20260930,https://www.shell.it/shell-energy-italia.html,Offerta attivabile da qualsiasi canale,Altro,01/07/2026,30/09/2026,non domestico,prezzo fisso,200.000000,,0.400000,0.400000,0.400000,0.400000,0.400000,0.400000,,,,
Sienergia srl,02355520640,02355520640,https://www.sienergia.it,,SIENERGIA_PLACET_VAR_EE_DOMESTICI_1,000035ESVOP01XXPLACETVARDOMESTIC,https://www.sienergia.it/casa/,Offerta attivabile da qualsiasi canale,Domiciliazione bancaria;Domiciliazione postale;Bollettino precompilato,12/01/2026,31/12/2026,domestico,prezzo variabile,,120.000000,,,,,,,0.050000,,,
Sienergia srl,02355520640,02355520640,https://www.sienergia.it,,SIENERGIA_PLACET_VAR_EE_ALTRIUSI_1,000035ESVOP01XXPLACETVARALTRIUSI,https://www.sienergia.it/impresa/,Offerta attivabile da qualsiasi canale,Domiciliazione bancaria;Domiciliazione postale;Bollettino precompilato,12/01/2026,31/12/2026,non domestico,prezzo variabile,,120.000000,,,,,,,0.050000,,,
Sienergia srl,02355520640,02355520640,https://www.sienergia.it,,SIENERGIA_PLACET_FIX_E_VAR_EE_DOMESTICI_1,000035ESFOP01XXPLACETFIXDOMESTOD,https://www.sienergia.it/casa/,Offerta attivabile da qualsiasi canale,Domiciliazione bancaria;Domiciliazione postale;Bollettino precompilato,12/01/2026,31/12/2026,domestico,prezzo fisso,120.000000,,0.400000,0.380000,0.360000,0.410000,0.370000,0.400000,,,,
Sienergia srl,02355520640,02355520640,https://www.sienergia.it,,SIENERGIA_PLACET_FIX_E_VAR_EE_ALTRIUSI_1,000035ESFOP01XXPLACETFIXALTRIUSI,https://www.sienergia.it/impresa/,Offerta attivabile da qualsiasi canale,Domiciliazione bancaria;Domiciliazione postale;Bollettino precompilato,12/01/2026,31/12/2026,non domestico,prezzo fisso,120.000000,,0.400000,0.380000,0.360000,0.410000,0.370000,0.400000,,,,
Società Energia Toscana srl,02398470977,02398470977,www.platinume.it,0574020966,PLATINUME PLACET FISSO LUCE DOMESTICO,026837ESFFP03XXPLACETDOMFIXx0526,https://platinume.it/it_it/placet/,Offerta attivabile da qualsiasi canale,Domiciliazione bancaria;Domiciliazione postale;Bollettino precompilato,08/05/2026,31/12/2026,domestico,prezzo fisso,180.000000,,,,,0.520000,0.490000,0.500000,,,,
Società Energia Toscana srl,02398470977,02398470977,www.platinume.it,0574020966,PLATINUME PLACET VARIABILE LUCE ALTRI USI,026837ESVFP03XXPLACETAUVARxx0526,https://platinume.it/it_it/placet/,Offerta attivabile da qualsiasi canale,Domiciliazione bancaria;Domiciliazione postale;Bollettino precompilato,08/05/2026,31/12/2026,non domestico,prezzo variabile,,360.000000,,,,,,,0.090000,,,
Società Energia Toscana srl,02398470977,02398470977,www.platinume.it,0574020966,PLATINUME PLACET FISSO LUCE ALTRI USI,026837ESFFP03XXPLACETAUFIXxx0526,https://platinume.it/it_it/placet/,Offerta attivabile da qualsiasi canale,Domiciliazione bancaria;Domiciliazione postale;Bollettino precompilato,08/05/2026,31/12/2026,non domestico,prezzo fisso,360.000000,,0.520000,0.510000,0.490000,,,0.500000,,,,
Società Energia Toscana srl,02398470977,02398470977,www.platinume.it,0574020966,PLATINUME PLACET VARIABILE LUCE DOMESTICO,026837ESVFP03XXPLACETDOMVARx0526,https://platinume.it/it_it/placet/,Offerta attivabile da qualsiasi canale,Domiciliazione bancaria;Domiciliazione postale;Bollettino precompilato,08/05/2026,31/12/2026,domestico,prezzo variabile,,180.000000,,,,,,,0.090000,,,
Società Nolana per Imprese Elettriche S.p.A.,00277940631,01238661217,www.snie-energy.it/,,SNIE PALCET_C,000548ESFFP01XXSNIESPCEE080826FF,https://www.snie-energy.it/offerte-placet/,Offerta attivabile da qualsiasi canale,Domiciliazione bancaria;Domiciliazione postale;Domiciliazione su carta di credito;Bollettino precompilato;Altro,11/07/2026,10/08/2026,non domestico,prezzo fisso,132.000000,,0.250000,0.230000,0.210000,,,0.230000,,,,
Società Nolana per Imprese Elettriche S.p.A.,00277940631,01238661217,www.snie-energy.it/,,SNIE PLACET_D,000548ESVFP01XXSNIESPDEE080826PS,https://www.snie-energy.it/offerte-placet/,Offerta attivabile da qualsiasi canale,Domiciliazione bancaria;Domiciliazione postale;Domiciliazione su carta di credito;Bollettino precompilato;Altro,11/07/2026,10/08/2026,non domestico,prezzo variabile,,132.000000,,,,,,,0.056900,,,
Società Nolana per Imprese Elettriche S.p.A.,00277940631,01238661217,www.snie-energy.it/,,SNIE PLACET_B,000548ESVFP01XXSNIESPBEE080826PS,https://www.snie-energy.it/offerte-placet/,Offerta attivabile da qualsiasi canale,Domiciliazione bancaria;Domiciliazione postale;Domiciliazione su carta di credito;Bollettino precompilato;Altro,11/07/2026,10/08/2026,domestico,prezzo variabile,,121.200000,,,,,,,0.048500,,,
Società Nolana per Imprese Elettriche S.p.A.,00277940631,01238661217,www.snie-energy.it/,,SNIE PLACET_A,000548ESFFP01XXSNIESPAEE080826FB,https://www.snie-energy.it/offerte-placet/,Offerta attivabile da qualsiasi canale,Domiciliazione bancaria;Domiciliazione postale;Domiciliazione su carta di credito;Bollettino precompilato;Altro,11/07/2026,10/08/2026,domestico,prezzo fisso,121.200000,,,,,0.230000,0.210000,0.220000,,,,
Sorgenia S.p.A.,07756640012,12874490159,www.sorgenia.it,800294333,Sorgenia Placet Variabile Luce Domestico,000390ESVMP01XXES014098010000000,https://www.sorgenia.it/privati/sorgenia-placet-luce-e-gas,Offerta attivabile solo da web,Domiciliazione bancaria;Domiciliazione postale;Domiciliazione su carta di credito;Bollettino precompilato,01/06/2026,31/07/2026,domestico,prezzo variabile,,48.000000,,,,,,,0.061000,,,
Sorgenia S.p.A.,07756640012,12874490159,www.sorgenia.it,800294333,Sorgenia Placet Fissa Luce Domestico,000390ESFMP01XXES014097010000000,https://www.sorgenia.it/privati/sorgenia-placet-luce-e-gas,Offerta attivabile solo da web,Domiciliazione bancaria;Domiciliazione postale;Domiciliazione su carta di credito;Bollettino precompilato,01/06/2026,31/07/2026,domestico,prezzo fisso,48.000000,,0.250000,0.250000,0.250000,0.250000,0.250000,0.250000,,,,
Sorgenia S.p.A.,07756640012,12874490159,www.sorgenia.it,800294333,Sorgenia Placet Variabile Luce Partita Iva,000390ESVMP01XXES014104010000000,https://offertabusiness.sorgenia.it/placet/simulazione.html?tipoCliente=B,Offerta attivabile da qualsiasi canale,Domiciliazione bancaria;Domiciliazione postale;Domiciliazione su carta di credito;Bollettino precompilato,01/06/2026,31/07/2026,non domestico,prezzo variabile,,120.000000,,,,,,,0.060000,,,
Sorgenia S.p.A.,07756640012,12874490159,www.sorgenia.it,800294333,Sorgenia Placet Fissa Luce Partita Iva,000390ESFMP01XXES014103010000000,https://offertabusiness.sorgenia.it/placet/simulazione.html?tipoCliente=B,Offerta attivabile da qualsiasi canale,Domiciliazione bancaria;Domiciliazione postale;Domiciliazione su carta di credito;Bollettino precompilato,01/06/2026,31/07/2026,non domestico,prezzo fisso,120.000000,,0.250000,0.250000,0.250000,0.250000,0.250000,0.250000,,,,
Sorgente Gas e Power S.r.l.,02997860602,02997860602,www.sorgentegasepower.it,,Placet.DOM.PUN,027098ESVMP01XXPLACETDPUNOTT2024,https://www.sorgentegasepower.it/offerte-privati/offerte-gas/offerte-placet,Offerta attivabile solo da web,Domiciliazione bancaria,08/11/2024,01/11/2099,domestico,prezzo variabile,,0.990000,,,,,,,0.350000,,,
Sprint Energy Srl,10549760964,10549760964,www.sprintenergy.it,,PLACET_BUS_FIX_EE_2,028561ESFFP02XX0PLACET0BUS0FIX26,,altro,Domiciliazione bancaria;Bollettino precompilato,01/02/2026,31/01/2027,non domestico,prezzo fisso,190.000000,0.000000,0.750000,0.640000,0.630000,0.000000,0.000000,0.650000,0.000000,,,
Sprint Energy Srl,10549760964,10549760964,www.sprintenergy.it,,PLACET_BUS_VAR_EE_2,028561ESVFP02XX0PLACET0BUS0VAR26,,altro,Domiciliazione bancaria;Bollettino precompilato,01/02/2026,31/01/2027,non domestico,prezzo variabile,0.000000,190.000000,0.000000,0.000000,0.000000,0.000000,0.000000,0.000000,0.200000,,,
Sprint Energy Srl,10549760964,10549760964,www.sprintenergy.it,,PLACET_DOM_VAR_EE_2,028561ESVFP02XX0PLACET0DOM0VAR26,,altro,Domiciliazione bancaria;Bollettino precompilato,01/02/2026,31/01/2027,domestico,prezzo variabile,0.000000,160.000000,0.000000,0.000000,0.000000,0.000000,0.000000,0.000000,0.200000,,,
Sprint Energy Srl,10549760964,10549760964,www.sprintenergy.it,,PLACET_DOM_FIX_EE_2,028561ESFFP02XX0PLACET0DOM0FIX26,,altro,Domiciliazione bancaria;Bollettino precompilato,01/02/2026,31/01/2027,domestico,prezzo fisso,160.000000,0.000000,0.000000,0.000000,0.000000,0.750000,0.630000,0.650000,0.000000,,,
Switch luce & Gas S.r.l.,07569201218,07569201218,https://switchlucegas.it/,,HAPPY SWITCH PLACET LUCE CASA V06,035715ESVFP01XXHSPLCD01012025V06,https://switchlucegas.it,Offerta attivabile da qualsiasi canale,Domiciliazione bancaria;Domiciliazione su carta di credito;Bollettino precompilato,30/04/2026,23/10/2099,domestico,prezzo variabile,,840.000000,,,,,,,0.180000,,,
Switch luce & Gas S.r.l.,07569201218,07569201218,https://switchlucegas.it/,,HAPPY SWITCH PLACET LUCE LAVORO V06,035715ESVFP01XXHSPLLA01012025V06,https://switchlucegas.it,Offerta attivabile da qualsiasi canale,Domiciliazione bancaria;Domiciliazione su carta di credito;Bollettino precompilato,30/04/2026,23/10/2099,non domestico,prezzo variabile,,900.000000,,,,,,,0.180000,,,
TIRRENIA ENERGIA S.R.L.,06029650659,06029650659,www.tirreniaenergia.it,,PLACET PER LA TUA CASA,037080ESFFP01XXPL273414509132300,,Offerta attivabile solo da web,Domiciliazione bancaria;Domiciliazione postale;Bollettino precompilato,30/06/2023,31/12/2050,domestico,prezzo fisso,144.000000,,,,,0.250000,0.250000,0.250000,,,,
TIRRENIA ENERGIA S.R.L.,06029650659,06029650659,www.tirreniaenergia.it,,PLACET PER LA TUA AZIENDA,037080ESFFP01XXPL273408479481600,,Offerta attivabile solo da web,Domiciliazione bancaria;Domiciliazione postale;Bollettino precompilato,30/06/2023,31/12/2050,non domestico,prezzo fisso,144.000000,,0.250000,0.250000,0.250000,,,0.250000,,,,
TOUCH SOCIETA' A RESPONSABILITA' LIMITATA,08654320723,08654320723,http://www.up-energy.it,,Placet Luce Domestico,037622ESVOP02XX00PLACETLUCEDOM26,https://up-energy.it/wp-content/uploads/2026/05/Placet-Luce.pdf,Offerta attivabile da qualsiasi canale,Domiciliazione bancaria;Bollettino precompilato,19/05/2026,31/12/2026,domestico,prezzo variabile,,120.000000,,,,,,,0.020000,,,
TOUCH SOCIETA' A RESPONSABILITA' LIMITATA,08654320723,08654320723,http://www.up-energy.it,,Placet Luce Business,037622ESVOP01XX00PLACETLUCEBIZ26,,Offerta attivabile da qualsiasi canale,Domiciliazione bancaria;Bollettino precompilato,01/01/2026,31/12/2026,non domestico,prezzo variabile,,144.000000,,,,,,,0.030000,,,
Tea Energia s.r.l.,02125710208,02125710208,https://www.teaenergia.it,800473165,Tea Energia PLACET Fissa Luce (Domestico),001227ESFFP03XX00000002026T23037,https://www.teaenergia.it/irj/portal/te/placet-fissa-luce-domestico,Offerta attivabile da qualsiasi canale,Domiciliazione bancaria;Domiciliazione postale;Domiciliazione su carta di credito;Bollettino precompilato;Altro,16/07/2026,14/10/2026,domestico,prezzo fisso,144.000000,,,,,0.199000,0.189000,0.192000,,,,
Tea Energia s.r.l.,02125710208,02125710208,https://www.teaenergia.it,800473165,Tea Energia PLACET Variabile Luce (Domestico),001227ESVFP03XX00000002026T25035,https://www.teaenergia.it/irj/portal/te/placet-variabile-luce-domestico,Offerta attivabile da qualsiasi canale,Domiciliazione bancaria;Domiciliazione postale;Domiciliazione su carta di credito;Bollettino precompilato;Altro,16/07/2026,14/10/2026,domestico,prezzo variabile,,144.000000,,,,,,,0.050000,,,
Tea Energia s.r.l.,02125710208,02125710208,https://www.teaenergia.it,800473165,Tea Energia PLACET Variabile Luce (Non domestico),001227ESVFP03XX00000002026T26035,https://www.teaenergia.it/irj/portal/te/placet-variabile-luce-non-domestico,Offerta attivabile presso punto vendita;altro,Domiciliazione bancaria;Domiciliazione postale;Domiciliazione su carta di credito;Bollettino precompilato;Altro,16/07/2026,14/10/2026,non domestico,prezzo variabile,,144.000000,,,,,,,0.050000,,,
Tea Energia s.r.l.,02125710208,02125710208,https://www.teaenergia.it,800473165,Tea Energia PLACET Fissa Luce (Non domestico),001227ESFFP03XX00000002026T24036,https://www.teaenergia.it/irj/portal/te/placet-fissa-luce-non-domestico,Offerta attivabile presso punto vendita;altro,Domiciliazione bancaria;Domiciliazione postale;Domiciliazione su carta di credito;Bollettino precompilato;Altro,16/07/2026,14/10/2026,non domestico,prezzo fisso,144.000000,,0.190000,0.190000,0.190000,,,0.300000,,,,
Tua Srl,04742230230,04742230230,www.tuasrl.com,,PLACET BUSINESS,035698ESVFP01XX00EBPLACETPUN2026,https://tuasrl.com/offerte-placet/offerta-placet-business/offerta-placet-business-prezzo-variabile/,Offerta attivabile da qualsiasi canale,Domiciliazione bancaria;Domiciliazione su carta di credito;Bollettino precompilato,23/04/2026,31/12/2026,non domestico,prezzo variabile,,120.000000,,,,,,,0.300000,,,
Tua Srl,04742230230,04742230230,www.tuasrl.com,,PLACET DOMESTICO,035698ESVFP04XX01EDPLACETPUN2026,https://tuasrl.com/offerte-placet/offerta-placet-casa/offerta-placet-casa-prezzo-variabile/,Offerta attivabile da qualsiasi canale,Domiciliazione bancaria;Domiciliazione su carta di credito;Bollettino precompilato,23/04/2026,31/12/2026,domestico,prezzo variabile,,120.000000,,,,,,,0.300000,,,
Tua Srl,04742230230,04742230230,www.tuasrl.com,,PLACET DOMESTICO,035698ESFMP04XX00000EDPLACET2026,https://tuasrl.com/offerte-placet/offerta-placet-casa/offerta-placet-casa-prezzo-fisso/,Offerta attivabile da qualsiasi canale,Domiciliazione bancaria;Domiciliazione su carta di credito;Bollettino precompilato,23/04/2026,31/12/2026,domestico,prezzo fisso,120.000000,,,,,0.770000,0.770000,0.770000,,,,
Tua Srl,04742230230,04742230230,www.tuasrl.com,,PLACET BUSINESS,035698ESVFP01XX00000EBPLACET2026,https://tuasrl.com/offerte-placet/offerta-placet-business/offerta-placet-business-prezzo-fisso/,Offerta attivabile da qualsiasi canale,Domiciliazione bancaria;Domiciliazione su carta di credito;Bollettino precompilato,23/04/2026,31/12/2026,non domestico,prezzo fisso,120.000000,,0.770000,0.770000,0.770000,,,0.770000,,,,
UNOENERGY SPA,01368720080,01368720080,https://www.unoenergy.it,800089952,UNOENERGY PLACET Variabile EE Altri Usi,001293ESVFP08XXPAPUPLA2607049000,https://www.unoenergy.it/offerte-placet-luce-e-gas/,Offerta attivabile solo da web,Domiciliazione bancaria;Domiciliazione postale;Bollettino precompilato;Altro,09/07/2026,08/10/2026,non domestico,prezzo variabile,,183.720000,,,,,,,0.030000,,,
UNOENERGY SPA,01368720080,01368720080,https://www.unoenergy.it,800089952,UNOENERGY PLACET Variabile EE Domestici Casa,001293ESVFP02XXPDPUZPLA260705000,https://www.unoenergy.it/offerte-placet-luce-e-gas/,Offerta attivabile solo da web,Domiciliazione bancaria;Domiciliazione postale;Bollettino precompilato;Altro,09/07/2026,08/10/2026,domestico,prezzo variabile,,131.880000,,,,,,,0.030000,,,
UNOENERGY SPA,01368720080,01368720080,https://www.unoenergy.it,800089952,UNOENERGY PLACET Fissa EE Domestici Casa,001293ESFFP02XXPDFIZPLA260701300,https://www.unoenergy.it/offerte-placet-luce-e-gas/,Offerta attivabile solo da web,Domiciliazione bancaria;Domiciliazione postale;Bollettino precompilato;Altro,09/07/2026,08/10/2026,domestico,prezzo fisso,131.880000,,,,,0.257070,0.255970,0.256300,,,,
UNOENERGY SPA,01368720080,01368720080,https://www.unoenergy.it,800089952,UNOENERGY PLACET Fissa EE Altri Usi,001293ESFFP14XXPAFIPLA2607012000,https://www.unoenergy.it/offerte-placet-luce-e-gas/,Offerta attivabile solo da web,Domiciliazione bancaria;Domiciliazione postale;Bollettino precompilato;Altro,09/07/2026,08/10/2026,non domestico,prezzo fisso,183.720000,,0.257130,0.269060,0.244530,,,0.255970,,,,
UTILITA' SPA,13083740152,13083740152,https://www.utilita4U.com,800943939,Utilita' Placet Fissa Ele domestici,000768ESFFP01XXPL00000DDNNG26U90,https://www.utilita4u.com/offerte-luce-gas/luce/placet-luce-fissa/,Offerta attivabile presso punto vendita,Domiciliazione bancaria;Domiciliazione postale;Bollettino precompilato,01/07/2026,31/07/2026,domestico,prezzo fisso,140.000000,,,,,0.381810,0.381370,0.375650,,,,
UTILITA' SPA,13083740152,13083740152,https://www.utilita4U.com,800943939,Utilita' Placet Variabile Ele non domestici,000768ESVFP01XXPL00000ABNNG26U93,https://utilita.com/placet-variabile-energia-elettrica-clienti-non-domestici/,Offerta attivabile presso punto vendita,Domiciliazione bancaria;Domiciliazione postale;Bollettino precompilato,01/07/2026,31/07/2026,non domestico,prezzo variabile,,140.000000,,,,,,,0.014410,,,
UTILITA' SPA,13083740152,13083740152,https://www.utilita4U.com,800943939,Utilita' Placet Fissa Ele non domestici,000768ESFFP01XXPL00000ABNNG26U92,https://utilita.com/placet-fissa-energia-elettrica-clienti-non-domestici/,Offerta attivabile presso punto vendita,Domiciliazione bancaria;Domiciliazione postale;Bollettino precompilato,01/07/2026,31/07/2026,non domestico,prezzo fisso,140.000000,,0.381810,0.381370,0.364760,,,0.375650,,,,
UTILITA' SPA,13083740152,13083740152,https://www.utilita4U.com,800943939,Utilita' Placet Variabile Ele domestici,000768ESVFP01XXPL00000DDNNG26U91,https://www.utilita4u.com/offerte-luce-gas/luce/placet-luce-variabile/,Offerta attivabile presso punto vendita,Domiciliazione bancaria;Domiciliazione postale;Bollettino precompilato,01/07/2026,31/07/2026,domestico,prezzo variabile,,140.000000,,,,,,,0.024200,,,
Uni.Co.G.E. S.r.l.,03237330232,03237330232,www.unicoge.it,,PLACETEEFIXAU0426,000555ESFFP01XXPLACETEEFIXAU0426,https://www.unicoge.it/per-la-tua-impresa/offerte-luce-business-e-condominio/,Offerta attivabile da qualsiasi canale;Offerta attivabile presso punto vendita;Agenzia;altro,Domiciliazione bancaria;Domiciliazione postale;Bollettino precompilato;Altro,22/04/2026,15/08/2026,non domestico,prezzo fisso,480.000000,0.000000,0.330000,0.330000,0.330000,0.000000,0.000000,0.330000,0.000000,,,
Uni.Co.G.E. S.r.l.,03237330232,03237330232,www.unicoge.it,,PLACETEEVARDO0426,000555ESVFP01XXPLACETEEVARDO0426,https://www.unicoge.it/per-la-tua-casa/offerte-energia/,Offerta attivabile da qualsiasi canale;Offerta attivabile presso punto vendita;Agenzia;altro,Domiciliazione bancaria;Domiciliazione postale;Bollettino precompilato;Altro,22/04/2026,15/08/2026,domestico,prezzo variabile,0.000000,240.000000,0.000000,0.000000,0.000000,0.000000,0.000000,0.000000,0.080000,,,
Uni.Co.G.E. S.r.l.,03237330232,03237330232,www.unicoge.it,,PLACETEEFIXDO0426,000555ESFFP01XXPLACETEEFIXDO0426,https://www.unicoge.it/per-la-tua-casa/offerte-energia/,Offerta attivabile da qualsiasi canale;Offerta attivabile presso punto vendita;Agenzia;altro,Domiciliazione bancaria;Domiciliazione postale;Bollettino precompilato;Altro,22/04/2026,15/08/2026,domestico,prezzo fisso,240.000000,0.000000,0.000000,0.000000,0.000000,0.330000,0.330000,0.330000,0.000000,,,
Uni.Co.G.E. S.r.l.,03237330232,03237330232,www.unicoge.it,,PLACETEEVARAU0426,000555ESVFP01XXPLACETEEVARAU0426,https://www.unicoge.it/per-la-tua-impresa/offerte-luce-business-e-condominio/,Offerta attivabile da qualsiasi canale;Offerta attivabile presso punto vendita;Agenzia;altro,Domiciliazione bancaria;Domiciliazione postale;Bollettino precompilato;Altro,22/04/2026,15/08/2026,non domestico,prezzo variabile,0.000000,480.000000,0.000000,0.000000,0.000000,0.000000,0.000000,0.000000,0.080000,,,
Unica Spa,07881061217,07881061217,https://www.unicaspa.it/,800199333,Offerta Placet,022955ESVOP01XX00UNCE19A26070004,https://www.unicaspa.it/casa-offerte-luce-e-gas/,Offerta attivabile solo da web,Domiciliazione bancaria,21/07/2026,30/06/2027,domestico,prezzo variabile,,144.000000,,,,,,,0.040000,,,
Union Gas Metano S.p.A.,03163990611,03163990611,https://www.uniongaseluce.it/,800210760,Union Gas Metano PLACET Variabile Energia Elettrica Alt,001260ESVFP10XX00000000000PEBV26,https://www.uniongaseluce.it/placet,Offerta attivabile da qualsiasi canale,Domiciliazione bancaria;Domiciliazione postale;Domiciliazione su carta di credito;Bollettino precompilato;Altro,06/07/2026,05/10/2026,non domestico,prezzo variabile,,180.000000,,,,,,,0.066000,,,
Union Gas Metano S.p.A.,03163990611,03163990611,https://www.uniongaseluce.it/,800210760,Union Gas Metano PLACET Fissa Energia Elettrica Altri u,001260ESFFP10XX00000000000PEBF26,https://www.uniongaseluce.it/placet,Offerta attivabile da qualsiasi canale,Domiciliazione bancaria;Domiciliazione postale;Domiciliazione su carta di credito;Bollettino precompilato;Altro,06/07/2026,05/10/2026,non domestico,prezzo fisso,180.000000,,1.056000,1.034000,1.034000,,,1.045000,,,,
Union Gas Metano S.p.A.,03163990611,03163990611,https://www.uniongaseluce.it/,800210760,Union Gas Metano PLACET Variabile Energia Elettrica Dom,001260ESVFP10XX00000000000PEDV26,https://www.uniongaseluce.it/placet,Offerta attivabile da qualsiasi canale,Domiciliazione bancaria;Domiciliazione postale;Domiciliazione su carta di credito;Bollettino precompilato;Altro,06/07/2026,05/10/2026,domestico,prezzo variabile,,180.000000,,,,,,,0.071500,,,
Union Gas Metano S.p.A.,03163990611,03163990611,https://www.uniongaseluce.it/,800210760,Union Gas Metano PLACET Fissa Energia Elettrica Domesti,001260ESFFP10XX00000000000PEDF26,https://www.uniongaseluce.it/placet,Offerta attivabile da qualsiasi canale,Domiciliazione bancaria;Domiciliazione postale;Domiciliazione su carta di credito;Bollettino precompilato;Altro,06/07/2026,05/10/2026,domestico,prezzo fisso,180.000000,,,,,1.078000,1.056000,1.067000,,,,
VALCHIAVENNA ENERGIE SRL,09921410966,09921410966,https://valchiavennaenergie.it/,0343666101,ENERGIA ELETTRICA PLACET PREZZO FISSO,026756ESVMP06XXPLACETEE2026FISSO,https://valchiavennaenergie.it/offerte-domestico/,Offerta attivabile solo da web;Offerta attivabile presso punto vendita,Domiciliazione bancaria;Domiciliazione postale;Domiciliazione su carta di credito;Bollettino precompilato,16/06/2026,31/12/2033,domestico,prezzo variabile,,168.000000,,,,,,,0.044000,03;01;07,,
VALCHIAVENNA ENERGIE SRL,09921410966,09921410966,https://valchiavennaenergie.it/,0343666101,PLACET EE CASA 26 FIX,026756ESFMP06XXPLACETEE2026INVER,https://valchiavennaenergie.it/offerte-domestico/,Offerta attivabile solo da web;Offerta attivabile presso punto vendita,Domiciliazione bancaria;Domiciliazione postale;Domiciliazione su carta di credito;Bollettino precompilato,16/06/2026,31/12/2033,domestico,prezzo fisso,168.000000,,0.255000,0.255000,0.255000,0.255000,0.255000,0.255000,,03;01;07,,
VALCHIAVENNA ENERGIE SRL,09921410966,09921410966,https://valchiavennaenergie.it/,0343666101,PL EE FIX B2B 26,026756ESFMP06XXPLACETEEFIXB2B226,https://valchiavennaenergie.it/offerte-domestico/,Offerta attivabile solo da web;Offerta attivabile presso punto vendita,Domiciliazione bancaria;Domiciliazione postale;Domiciliazione su carta di credito;Bollettino precompilato,17/06/2026,31/12/2033,non domestico,prezzo fisso,216.000000,,0.255000,0.255000,0.255000,0.255000,0.255000,0.255000,,03,,
VALCHIAVENNA ENERGIE SRL,09921410966,09921410966,https://valchiavennaenergie.it/,0343666101,PL EE VAR B2B 26,026756ESVMP06XXPLACETEEVARB2B226,https://valchiavennaenergie.it/offerte-domestico/,Offerta attivabile solo da web;Offerta attivabile presso punto vendita,Domiciliazione bancaria;Domiciliazione postale;Domiciliazione su carta di credito;Bollettino precompilato,17/06/2026,31/12/2033,non domestico,prezzo variabile,,216.000000,,,,,,,0.055000,03,,
VALLE CAMONICA SERVIZI VENDITE S.P.A,02349420980,02349420980,www.vcsvendite.it,800432411,PLACET Variabile Luce Domestico,000113ESVFP01XX2026PLACETDOMES12,,Offerta attivabile presso punto vendita,Domiciliazione bancaria;Domiciliazione postale;Bollettino precompilato,01/01/2026,31/12/2026,domestico,prezzo variabile,,150.000000,,,,,,,0.020000,,,
VALLE CAMONICA SERVIZI VENDITE S.P.A,02349420980,02349420980,www.vcsvendite.it,800432411,PLACET Fissa Luce Domestico,000113ESFFP01XX2026PLACET1FIXDOM,,Offerta attivabile presso punto vendita,Domiciliazione bancaria;Domiciliazione postale;Bollettino precompilato,01/01/2026,31/12/2026,domestico,prezzo fisso,150.000000,,,,,0.590000,0.590000,0.590000,,,,
VALLE CAMONICA SERVIZI VENDITE S.P.A,02349420980,02349420980,www.vcsvendite.it,800432411,PLACET Fissa Luce Azienda,000113ESFFP01XX2026PLACET1FIXAZI,,Offerta attivabile presso punto vendita,Domiciliazione bancaria;Domiciliazione postale;Bollettino precompilato,01/01/2026,31/12/2026,non domestico,prezzo fisso,200.000000,,0.590000,0.590000,0.590000,,,0.590000,,,,
VALLE CAMONICA SERVIZI VENDITE S.P.A,02349420980,02349420980,www.vcsvendite.it,800432411,PLACET Variabile Luce Azienda,000113ESVFP01XX2026PLACETAZIEN12,,Offerta attivabile presso punto vendita,Domiciliazione bancaria;Domiciliazione postale;Bollettino precompilato,01/01/2026,31/12/2026,non domestico,prezzo variabile,,200.000000,,,,,,,0.030000,,,
VERONA SERVICE S.R.L.,03064630233,03064630233,www.domestikaenergia.com/,800616850,Placet Business Luce PUN,027274ESVFP05XX0PLACETBIZ2026PUN,https://www.domestikaenergia.com/offerte-placet/business/prezzo-variabile/,Offerta attivabile da qualsiasi canale,Domiciliazione bancaria;Bollettino precompilato,01/01/2026,31/12/2026,non domestico,prezzo variabile,,120.000000,,,,,,,0.030000,,,
VERONA SERVICE S.R.L.,03064630233,03064630233,www.domestikaenergia.com/,800616850,Placet Domestico Luce Fix,027274ESFMP05XX00EDPLACET2026FIX,https://www.domestikaenergia.com/offerte-placet/casa/prezzo-fisso/,Offerta attivabile da qualsiasi canale,Domiciliazione bancaria;Bollettino precompilato,05/05/2026,31/12/2026,domestico,prezzo fisso,120.000000,,,,,0.550000,0.550000,0.550000,,,,
VERONA SERVICE S.R.L.,03064630233,03064630233,www.domestikaenergia.com/,800616850,Placet Domestico Luce PUN,027274ESVFP05XX00EDPLACET2026PUN,https://www.domestikaenergia.com/offerte-placet/casa/prezzo-variabile/,Offerta attivabile da qualsiasi canale,Domiciliazione bancaria;Bollettino precompilato,05/05/2026,31/12/2026,domestico,prezzo variabile,,120.000000,,,,,,,0.030000,,,
VERONA SERVICE S.R.L.,03064630233,03064630233,www.domestikaenergia.com/,800616850,Placet Business Luce Fix,027274ESFMP05XX0PLACETBIZ2026FIX,https://www.domestikaenergia.com/offerte-placet/business/prezzo-fisso/,Offerta attivabile da qualsiasi canale,Domiciliazione bancaria;Bollettino precompilato,01/01/2026,31/12/2026,non domestico,prezzo fisso,120.000000,,0.550000,0.550000,0.550000,,,0.550000,,,,
VISIOLI S.P.A.,02122720200,02122720200,www.gruppovisioli.it,0375833700,Visioli PLACET Variabile Luce Consumer,001146ESVFP01XXPLACETDOMPUNE2050,https://www.gruppovisioli.it/offerte-placet/,Offerta attivabile da qualsiasi canale,Domiciliazione bancaria,10/10/2024,31/12/2050,domestico,prezzo variabile,,288.000000,,,,,,,0.180000,,,
VISIOLI S.P.A.,02122720200,02122720200,www.gruppovisioli.it,0375833700,Visioli PLACET Fissa Luce Consumer,001146ESFFP01XXPLACETDOMFIXE2050,https://www.gruppovisioli.it/offerte-placet/,Offerta attivabile da qualsiasi canale,Domiciliazione bancaria,10/10/2024,31/12/2050,domestico,prezzo fisso,288.000000,,,,,0.552400,0.532400,0.539000,,,,
VISIOLI S.P.A.,02122720200,02122720200,www.gruppovisioli.it,0375833700,Visioli S.p.A. PLACET Fissa Luce Business,001146ESFFP01XXPLACETBUSFIXE2050,https://www.gruppovisioli.it/offerte-placet/,Offerta attivabile da qualsiasi canale,Domiciliazione bancaria,10/10/2024,31/12/2050,non domestico,prezzo fisso,288.000000,,0.552400,0.532400,0.532400,,,0.539000,,,,
VISIOLI S.P.A.,02122720200,02122720200,www.gruppovisioli.it,0375833700,Visioli S.p.A. PLACET Variabile Luce Business,001146ESVFP01XXPLACETBUSPUNE2050,https://www.gruppovisioli.it/offerte-placet/,Offerta attivabile da qualsiasi canale,Domiciliazione bancaria,10/10/2024,31/12/2050,non domestico,prezzo variabile,,288.000000,,,,,,,0.180000,,,
VOLT & GAS ITALIA S.R.L:,01454300524,01454300524,voltgas.it,,PLA_DOM_VAR,033379ESVFP00XXPLADOMVAR00000001,,Offerta attivabile solo da web,Domiciliazione su carta di credito,02/04/2024,31/12/2050,domestico,prezzo variabile,,240.000000,,,,,,,0.200000,,,
VOLT & GAS ITALIA S.R.L:,01454300524,01454300524,voltgas.it,,PLA_BUS_VAR,033379ESVFP00XXPLABUSVAR00000001,,Offerta attivabile solo da web,Domiciliazione su carta di credito,02/04/2024,31/12/2050,non domestico,prezzo variabile,,240.000000,,,,,,,0.200000,,,
VOLT & GAS ITALIA S.R.L:,01454300524,01454300524,voltgas.it,,PLA_BUS_FIX,033379ESFFP00XXPLABUSFIX00000001,,Offerta attivabile solo da web,Domiciliazione su carta di credito,02/04/2024,31/12/2050,non domestico,prezzo fisso,240.000000,,0.320000,0.320000,0.320000,0.320000,0.320000,0.320000,,,,
VOLT & GAS ITALIA S.R.L:,01454300524,01454300524,voltgas.it,,PLA_DOM_FIX,033379ESFFP00XXPLADOMFIX00000001,,Offerta attivabile solo da web,Domiciliazione su carta di credito,02/04/2024,31/12/2050,domestico,prezzo fisso,240.000000,240.000000,0.320000,0.320000,0.320000,0.320000,0.320000,0.320000,0.200000,,,
Veneto Energia S.r.l.,05405530287,05405530287,www.venetoenergia.eu,,PLACETVARLUCECASA,037445ESVFP01XX000PLCVARLUCECASA,www.venetoenergia.eu,Offerta attivabile presso punto vendita,Domiciliazione bancaria;Bollettino precompilato,05/01/2024,05/01/2030,domestico,prezzo variabile,0.000000,240.000000,0.000000,0.000000,0.000000,0.000000,0.000000,0.000000,0.020000,,,
Veneto Energia S.r.l.,05405530287,05405530287,www.venetoenergia.eu,,PLACETVARIABLUCEIMPRESA,037445ESVFP01XX000PLCVARLUCEIMPR,www.venetoenergia.eu,Offerta attivabile presso punto vendita,Domiciliazione bancaria;Bollettino precompilato,14/03/2024,05/01/2030,non domestico,prezzo variabile,0.000000,240.000000,0.000000,0.000000,0.000000,0.000000,0.000000,0.000000,0.020000,,,
Vivigas S.p.A.,13149000153,13149000153,https://www.vivienergia.it/,800151313,VIVIGAS PLACET FISSO ENERGIA ELETTRICA DOMESTICO,000652ESFFP49XXOPLACETEEFD030726,https://www.vivienergia.it/casa/placet-luce,Offerta attivabile presso punto vendita,Domiciliazione bancaria;Domiciliazione postale;Bollettino precompilato;Altro,03/07/2026,06/08/2026,domestico,prezzo fisso,120.000000,,,,,0.189900,0.210400,0.189200,,,,
Vivigas S.p.A.,13149000153,13149000153,https://www.vivienergia.it/,800151313,VIVIGAS PLACET FISSO ENERGIA ELETTRICA ALTRI USI,000652ESFFP49XXOPLACETEEFB030726,https://www.vivienergia.it/business/aziende/placet-luce-business,Offerta attivabile presso punto vendita,Domiciliazione bancaria;Domiciliazione postale;Bollettino precompilato;Altro,03/07/2026,06/08/2026,non domestico,prezzo fisso,180.000000,,0.189900,0.210400,0.177400,,,0.189200,,,,
Vivigas S.p.A.,13149000153,13149000153,https://www.vivienergia.it/,800151313,VIVIGAS PLACET VARIABILE ENERGIA ELETTRICA ALTRI USI,000652ESVFP49XXOPLACETEEVB030726,https://www.vivienergia.it/business/aziende/placet-luce-business,Offerta attivabile presso punto vendita,Domiciliazione bancaria;Domiciliazione postale;Bollettino precompilato;Altro,03/07/2026,06/08/2026,non domestico,prezzo variabile,,150.000000,,,,,,,0.045000,,,
Vivigas S.p.A.,13149000153,13149000153,https://www.vivienergia.it/,800151313,VIVIGAS PLACET VARIABILE ENERGIA ELETTRICA DOMESTICO,000652ESVFP49XXOPLACETEEVD030726,https://www.vivienergia.it/casa/placet-luce,Offerta attivabile presso punto vendita,Domiciliazione bancaria;Domiciliazione postale;Bollettino precompilato;Altro,03/07/2026,06/08/2026,domestico,prezzo variabile,,120.000000,,,,,,,0.045000,,,
Volty S.r.l.,06704420485,06704420485,www.volty.it,05711735006,PLACET VARIABILE EN. ELETTRICA - PMI E P.IVA,026658ESVFP01XX0000000PLAVARBUSE,www.volty.it/offerte-placet/,Offerta attivabile presso punto vendita,Domiciliazione bancaria;Bollettino precompilato,22/05/2026,31/12/2026,non domestico,prezzo variabile,,239.400000,,,,,,,0.099000,,,
Volty S.r.l.,06704420485,06704420485,www.volty.it,05711735006,PLACET FISSA EN. ELETTRICA - USI DOMESTICI,026658ESFFP01XX0000000PLAFIXFAME,www.volty.it/offerte-placet/,Offerta attivabile presso punto vendita,Domiciliazione bancaria;Bollettino precompilato,22/05/2026,31/12/2026,domestico,prezzo fisso,239.400000,,0.490000,0.490000,0.490000,0.490000,0.490000,0.490000,,,,
Volty S.r.l.,06704420485,06704420485,www.volty.it,05711735006,PLACET FISSA EN. ELETTRICA - PMI E P.IVA,026658ESFFP01XX0000000PLAFIXBUSE,www.volty.it/offerte-placet/,Offerta attivabile presso punto vendita,Domiciliazione bancaria;Bollettino precompilato,22/05/2026,31/12/2026,non domestico,prezzo fisso,239.400000,,0.490000,0.490000,0.490000,0.490000,0.490000,0.490000,,,,
Volty S.r.l.,06704420485,06704420485,www.volty.it,05711735006,PLACET VARIABILE EN. ELETTRICA - USI DOMESTICI,026658ESVFP01XX0000000PLAVARFAME,www.volty.it/offerte-placet/,Offerta attivabile presso punto vendita,Domiciliazione bancaria;Bollettino precompilato,22/05/2026,31/12/2026,domestico,prezzo variabile,,239.400000,,,,,,,0.099000,,,
WEEDOO S.P.A.,08961560961,08961560961,www.weedoo.energy,199282292,WEEDOO PLACET FISSA LUCE Domestico,024482ESFFP01XXPLFE1W01252250109,www.weedoo.energy,Offerta attivabile da qualsiasi canale;altro,Domiciliazione bancaria;Domiciliazione postale;Domiciliazione su carta di credito;Bollettino precompilato;Altro,18/07/2026,08/10/2026,domestico,prezzo fisso,144.000000,,,,,0.550000,0.500000,0.530000,,,,
WEEDOO S.P.A.,08961560961,08961560961,www.weedoo.energy,199282292,WEEDOO PLACET VARIABILE LUCE Business,024482ESVFP01XXPLVE0W01251250109,www.weedoo.energy,Offerta attivabile da qualsiasi canale;Offerta attivabile presso punto vendita;Teleselling;Agenzia;altro,Domiciliazione bancaria;Domiciliazione postale;Domiciliazione su carta di credito;Bollettino precompilato;Altro,18/07/2026,08/10/2026,non domestico,prezzo variabile,,180.000000,,,,,,,0.080000,,,
WEEDOO S.P.A.,08961560961,08961560961,www.weedoo.energy,199282292,WEEDOO PLACET VARIABILE LUCE Domestico,024482ESVFP01XXPLVE1W01251250109,www.weedoo.energy,Offerta attivabile da qualsiasi canale;altro,Domiciliazione bancaria;Domiciliazione postale;Domiciliazione su carta di credito;Bollettino precompilato;Altro,18/07/2026,08/10/2026,domestico,prezzo variabile,,144.000000,,,,,,,0.080000,,,
WEEDOO S.P.A.,08961560961,08961560961,www.weedoo.energy,199282292,WEEDOO PLACET FISSA LUCE Business,024482ESFFP01XXPLFE2W01251250109,www.weedoo.energy,Offerta attivabile da qualsiasi canale;Offerta attivabile presso punto vendita;Teleselling;Agenzia;altro,Domiciliazione bancaria;Domiciliazione postale;Domiciliazione su carta di credito;Bollettino precompilato;Altro,18/07/2026,08/10/2026,non domestico,prezzo fisso,180.000000,,0.550000,0.520000,0.480000,,,0.530000,,,,
WIND TRE LUCE E GAS SRL,13482450965,13482450965,https://www.windtrelucegas.it/,,PLACET FISSA CASA LUCE,042411ESFFP02XX00000000000000155,www.windtre.it,altro,Domiciliazione bancaria;Domiciliazione postale;Bollettino precompilato,01/07/2026,10/01/2027,domestico,prezzo fisso,240.000000,,,,,0.330000,0.320000,0.325000,,,,
WIND TRE LUCE E GAS SRL,13482450965,13482450965,https://www.windtrelucegas.it/,,PLACET FISSA ALTRI USI LUCE,042411ESFFP02XX00000000000000156,www.windtre.it,altro,Domiciliazione bancaria;Domiciliazione postale;Bollettino precompilato,01/07/2026,10/01/2027,non domestico,prezzo fisso,360.000000,,0.330000,0.320000,0.320000,,,0.325000,,,,
WIND TRE LUCE E GAS SRL,13482450965,13482450965,https://www.windtrelucegas.it/,,PLACET VARIABILE ALTRI USI LUCE,042411ESVFP01XX00000000000000098,www.windtre.it,altro,Domiciliazione bancaria;Domiciliazione postale;Bollettino precompilato,01/07/2026,10/01/2027,non domestico,prezzo variabile,,360.000000,,,,,,,0.070000,,,
WIND TRE LUCE E GAS SRL,13482450965,13482450965,https://www.windtrelucegas.it/,,PLACET VARIABILE CASA LUCE,042411ESVFP01XX00000000000000096,www.windtre.it,altro,Domiciliazione bancaria;Domiciliazione postale;Bollettino precompilato,01/07/2026,10/01/2027,domestico,prezzo variabile,,240.000000,,,,,,,0.070000,,,
X ENERGY SRL,01888480090,01888480090,www.xenergyx.com,,X ENERGY PLACET Variabile Luce Domestico,039945ESVFP01XXPLCTXDOMXVARX2026,https://xenergyx.com/,Offerta attivabile da qualsiasi canale,Domiciliazione bancaria;Bollettino precompilato;Altro,08/07/2026,31/12/2026,domestico,prezzo variabile,,186.000000,,,,,,,0.044000,,,
X ENERGY SRL,01888480090,01888480090,www.xenergyx.com,,X ENERGY PLACET Fissa Luce Domestico,039945ESFFP01XXPLCTXDOMXFIXX2026,https://xenergyx.com/,Offerta attivabile da qualsiasi canale,Domiciliazione bancaria;Bollettino precompilato;Altro,08/07/2026,31/12/2026,domestico,prezzo fisso,186.000000,,,,,0.407000,0.363000,0.377520,,,,
X ENERGY SRL,01888480090,01888480090,www.xenergyx.com,,X ENERGY PLACET Fissa Luce Business,039945ESFFP01XXPLCTXBUSXFIXX2026,https://xenergyx.com/,Offerta attivabile da qualsiasi canale,Domiciliazione bancaria;Bollettino precompilato;Altro,08/07/2026,31/12/2026,non domestico,prezzo fisso,186.000000,,0.407000,0.390500,0.352000,,,0.389130,,,,
X ENERGY SRL,01888480090,01888480090,www.xenergyx.com,,X ENERGY PLACET Variabile Luce Business,039945ESVFP01XXPLCTXBUSXVARX2026,https://xenergyx.com/,Offerta attivabile da qualsiasi canale,Domiciliazione bancaria;Bollettino precompilato;Altro,08/07/2026,31/12/2026,non domestico,prezzo variabile,,186.000000,,,,,,,0.055000,,,
XL ENERGIA E GAS SRL,03407520547,03407520547,https://xlenergiaegas.com/,3938402448,PLACET CONSUMER VARIABILE,022760ESVFP01XX000000XLCPUNA0007,,Offerta attivabile presso punto vendita,Domiciliazione bancaria;Altro,05/08/2025,31/12/2027,domestico,prezzo variabile,,180.000000,,,,,,,0.030000,,,
XL ENERGIA E GAS SRL,03407520547,03407520547,https://xlenergiaegas.com/,3938402448,PLACET BUSINESS FISSO,022760ESFFP01XX000000XLBFIXA0007,,Offerta attivabile solo da web,Domiciliazione bancaria;Altro,08/08/2025,31/08/2026,non domestico,prezzo fisso,180.000000,,0.355500,0.345500,0.321000,,,0.360000,,,,
XL ENERGIA E GAS SRL,03407520547,03407520547,https://xlenergiaegas.com/,3938402448,PLACET CONSUMER FISSO,022760ESFFP01XX000000XLCFIXA0007,,Offerta attivabile solo da web,Domiciliazione bancaria;Altro,08/08/2025,31/08/2026,domestico,prezzo fisso,180.000000,,,,,0.260000,0.250000,0.260000,,,,
XL ENERGIA E GAS SRL,03407520547,03407520547,https://xlenergiaegas.com/,3938402448,PLACET BUSINESS VARIABILE,022760ESVFP01XX000000XLBPUNA0007,,Offerta attivabile solo da web,Domiciliazione bancaria,08/08/2025,31/12/2026,non domestico,prezzo variabile,,180.000000,,,,,,,0.030000,,,
YADA ENERGIA S.R.L,10879560968,10879560968,https://nen.it,,NeN PLACET variabile luce domestico,029748ESVMP01XX260709LDPLAVAR000,https://nen.it/placet,Offerta attivabile solo da web,Domiciliazione bancaria;Domiciliazione su carta di credito,09/07/2026,05/08/2026,domestico,prezzo variabile,,120.000000,,,,,,,0.250000,,,
YADA ENERGIA S.R.L,10879560968,10879560968,https://nen.it,,NeN PLACET fissa luce business,029748ESFMP01XX260709LPPLAFIX000,https://nen.it/partite-iva/placet,Offerta attivabile solo da web,Domiciliazione bancaria;Domiciliazione su carta di credito,09/07/2026,05/08/2026,non domestico,prezzo fisso,160.000000,,0.910000,0.969000,0.969000,,,0.950000,,,,
YADA ENERGIA S.R.L,10879560968,10879560968,https://nen.it,,NeN PLACET variabile luce business,029748ESVMP01XX260709LPPLAVAR000,https://nen.it/partite-iva/placet,Offerta attivabile solo da web,Domiciliazione bancaria;Domiciliazione su carta di credito,09/07/2026,05/08/2026,non domestico,prezzo variabile,,160.000000,,,,,,,0.250000,,,
YADA ENERGIA S.R.L,10879560968,10879560968,https://nen.it,,NeN PLACET fissa luce domestico,029748ESFMP01XX260709LDPLAFIX000,https://nen.it/placet,Offerta attivabile solo da web,Domiciliazione bancaria;Domiciliazione su carta di credito,09/07/2026,05/08/2026,domestico,prezzo fisso,120.000000,,,,,0.930000,0.880000,0.900000,,,,
YEE S.r.l.,02823470022,02823470022,www.yeegaseluce.it,,YES PLACET FISSA LUCE DOMESTICI,043871ESFFP03XX000000000PLAFEDOM,www.yeegaseluce.it/offerta-placet/,Offerta attivabile da qualsiasi canale,Domiciliazione bancaria;Domiciliazione postale;Altro,01/07/2026,31/12/2026,domestico,prezzo fisso,120.000000,,,,,0.536270,0.500740,0.527590,,,,
YEE S.r.l.,02823470022,02823470022,www.yeegaseluce.it,,YES PLACET VARIABILE LUCE DOMESTICI,043871ESVMP03XX000000000PLAVEDOM,www.yeegaseluce.it/offerta-placet/,Offerta attivabile da qualsiasi canale,Domiciliazione bancaria;Domiciliazione postale;Altro,01/07/2026,31/12/2026,domestico,prezzo variabile,,120.000000,,,,,,,0.314410,,,
YEE S.r.l.,02823470022,02823470022,www.yeegaseluce.it,,YES PLACET FISSA LUCE NON DOMESTICI,043871ESFFP03XX00000000PLAFENDOM,www.yeegaseluce.it/offerta-placet/,Offerta attivabile da qualsiasi canale,Domiciliazione bancaria;Domiciliazione postale;Altro,01/07/2026,31/12/2026,non domestico,prezzo fisso,120.000000,,0.883200,0.850080,0.839040,,,0.938400,,,,
YEE S.r.l.,02823470022,02823470022,www.yeegaseluce.it,,YES PLACET VARIABILE LUCE NON DOMESTICI,043871ESVMP03XX000000000PLVENDOM,www.yeegaseluce.it/offerta-placet/,Offerta attivabile da qualsiasi canale,Domiciliazione bancaria;Domiciliazione postale;Altro,01/07/2026,31/12/2026,non domestico,prezzo variabile,,120.000000,,,,,,,0.050000,,,
Yes Energy Srl,09174140963,09174140963,https://www.yes-energy.it/,0292804900,PLACET PER LA TUA CASA,024296ESFFP01XXPL417294975843000,,Offerta attivabile solo da web,Domiciliazione bancaria;Domiciliazione postale;Bollettino precompilato,17/09/2023,31/12/2050,domestico,prezzo fisso,144.000000,,,,,0.205140,0.180350,0.180350,,,,
Yes Energy Srl,09174140963,09174140963,https://www.yes-energy.it/,0292804900,PLACET PER LA TUA AZIENDA,024296ESFFP01XXPL415882158134700,https://www.yes-energy.it/offerte_placet.php,Offerta attivabile solo da web,Domiciliazione bancaria;Domiciliazione postale;Bollettino precompilato,28/06/2023,31/12/2050,non domestico,prezzo fisso,144.000000,,0.225000,0.210000,0.180000,,,0.215000,,,,
Yes Energy Srl,09174140963,09174140963,https://www.yes-energy.it/,0292804900,PLACET PER LA TUA AZIENDA,024296ESVFP01XXPL415891332275600,https://www.yes-energy.it/offerte_placet.php,Offerta attivabile solo da web,Domiciliazione bancaria;Domiciliazione postale;Bollettino precompilato,28/06/2023,31/12/2050,non domestico,prezzo variabile,,60.000000,,,,,,,0.020000,,,
You and Me srl,03728070123,03728070123,www.youandme.srl,,You and Me PLACET fissa luce Domestici 2F,029827ESVFP02XX0000PLCTEFIX2FDOM,,Offerta attivabile da qualsiasi canale,Domiciliazione bancaria;Bollettino precompilato;Altro,09/08/2024,31/12/2099,domestico,prezzo fisso,240.000000,,,,,0.200000,0.200000,0.200000,,,,
You and Me srl,03728070123,03728070123,www.youandme.srl,,You and Me PLACET variabile luce Domestici 2F,029827ESVFP01XX0000PLCTEVAR2FDOM,,Offerta attivabile da qualsiasi canale,Domiciliazione bancaria;Bollettino precompilato;Altro,09/08/2024,31/12/2099,domestico,prezzo variabile,,240.000000,,,,,,,0.050000,,,
You and Me srl,03728070123,03728070123,www.youandme.srl,,You and Me PLACET fissa luce Altri Usi Trioraria,029827ESFFP01XX00000PLCTEFIX3FAU,,Offerta attivabile da qualsiasi canale,Domiciliazione bancaria;Bollettino precompilato;Altro,09/08/2024,31/12/2099,non domestico,prezzo fisso,240.000000,,0.200000,0.200000,0.200000,,,0.200000,,,,
You and Me srl,03728070123,03728070123,www.youandme.srl,,You and Me PLACET variabile luce Altri Usi 3F,029827ESVFP01XX00000PLCTEVAR3FAU,,Offerta attivabile da qualsiasi canale,Domiciliazione bancaria;Bollettino precompilato;Altro,09/08/2024,31/12/2099,non domestico,prezzo variabile,,240.000000,,,,,,,0.050000,,,
gruppomia,08197210720,08197210720,www.enermia.it,3420692544,DOMFIX,028213ESFFP01XX0000000000DOM0226,https://enermia.it/offerta-placet,Offerta attivabile presso punto vendita,Domiciliazione bancaria,01/02/2026,31/01/2027,domestico,prezzo fisso,180.000000,,,,,0.400000,0.380000,0.300000,,16,,
gruppomia,08197210720,08197210720,www.enermia.it,3420692544,BUSVAR0226,028213ESVFP01XX0000000000BUS0226,https://enermia.it/offerta-placet,Offerta attivabile presso punto vendita,Domiciliazione bancaria,01/02/2026,31/01/2027,non domestico,prezzo variabile,,192.000000,,,,,,,0.100000,16,,
gruppomia,08197210720,08197210720,www.enermia.it,3420692544,DOMVAR,028213ESVFP01XX0000000000DOM0226,https://enermia.it/offerta-placet,Offerta attivabile presso punto vendita,Domiciliazione bancaria,01/02/2026,31/01/2027,domestico,prezzo variabile,,144.000000,,,,,,,0.100000,16,,
gruppomia,08197210720,08197210720,www.enermia.it,3420692544,BUSFIX,028213ESFFP01XX0000000000BUS0226,https://enermia.it/offerta-placet,Offerta attivabile presso punto vendita,Domiciliazione bancaria,01/02/2026,31/01/2027,non domestico,prezzo fisso,192.000000,,0.450000,0.540000,0.300000,0.400000,0.380000,0.300000,,16,,
indi globex srl,04212220711,04212220711,http://www.astracomm.it,,FIXPLACET,041498ESFMP01XX041498ESFMP01XX00,,Offerta attivabile da qualsiasi canale,Domiciliazione bancaria;Domiciliazione su carta di credito;Bollettino precompilato,22/01/2026,31/10/2029,domestico,prezzo fisso,144.000000,,,,,0.286000,0.286000,0.286000,,,,
metamer srl,02030110692,02030110692,www.metamer.it,800128484,PLACET EE A PREZZO VARIABILE USI DIVERSI LIBERO,000670ESVFP53XXELEPLACETVARIADIV,https://www.metamer.it/offerte-placet/,Offerta attivabile presso punto vendita;Agenzia,Domiciliazione bancaria;Domiciliazione postale,22/07/2026,25/08/2026,non domestico,prezzo variabile,,180.000000,,,,,,,0.600000,,,
metamer srl,02030110692,02030110692,www.metamer.it,800128484,PLACET EE A PREZZO FISSO DOMESTICO LIBERO,000670ESFFP53XXELEPLACETFISSADOM,https://www.metamer.it/offerte-placet/,Offerta attivabile presso punto vendita;Agenzia,Domiciliazione bancaria;Domiciliazione postale,22/07/2026,25/08/2026,domestico,prezzo fisso,150.000000,,,,,0.450000,0.450000,0.450000,,,,
metamer srl,02030110692,02030110692,www.metamer.it,800128484,PLACET EE A PREZZO FISSO USI DIVERSI LIBERO,000670ESFFP53XXELEPLACETFISSADIV,https://www.metamer.it/offerte-placet/,Offerta attivabile presso punto vendita;Agenzia,Domiciliazione bancaria;Domiciliazione postale,22/07/2026,25/08/2026,non domestico,prezzo fisso,180.000000,,0.450000,0.450000,0.450000,,,0.450000,,,,
metamer srl,02030110692,02030110692,www.metamer.it,800128484,PLACET EE A PREZZO VARIABILE DOMESTICO LIBERO,000670ESVFP53XXELEPLACETVARIADOM,https://www.metamer.it/offerte-placet/,Offerta attivabile presso punto vendita;Agenzia,Domiciliazione bancaria;Domiciliazione postale,22/07/2026,25/08/2026,domestico,prezzo variabile,,150.000000,,,,,,,0.600000,,,
uBroker S.p.A.,11101970017,11101970017,www.ubroker.it,800950005,ubroker placet variabile ele domestici casa,022667ESVFP04XX000PLACETLUCEDOMV,,altro,Domiciliazione bancaria,15/02/2025,14/02/2032,domestico,prezzo variabile,,140.000000,,,,,,,0.050000,,,
uBroker S.p.A.,11101970017,11101970017,www.ubroker.it,800950005,ubroker placet fissa ele domestici casa,022667ESFMP01XX000PLACETLUCEDOMF,,altro,Domiciliazione bancaria,11/04/2023,31/12/2033,domestico,prezzo fisso,200.000000,,0.500000,0.500000,0.500000,0.500000,0.500000,0.500000,,,,
uBroker S.p.A.,11101970017,11101970017,www.ubroker.it,800950005,ubroker placet variabile ele altriusi business,022667ESVFP01XX0000PLACETLUCEAUV,,altro,Domiciliazione bancaria,11/04/2023,31/12/2033,non domestico,prezzo variabile,,120.000000,,,,,,,0.037000,,,
uBroker S.p.A.,11101970017,11101970017,www.ubroker.it,800950005,ubroker placet fissa ele altriusi,022667ESFMP01XX0000PLACETLUCEAUF,,altro,Domiciliazione bancaria,11/04/2023,31/12/2033,non domestico,prezzo fisso,200.000000,,0.500000,0.500000,0.500000,0.500000,0.500000,0.500000,,,,
