city,date,lat,lon,temp_mean_c,temp_max_c,temp_min_c,precipitation_mm,wind_speed_10m_ms,wind_dir_10m_deg,shortwave_kwh_m2_day,relative_humidity_pct,surface_pressure_kpa
Palermo,2015-01-01,38.1157,13.3615,8.01,10.95,5.37,0.58,8.0,33.5,1.5295,70.87,99.57
Palermo,2015-01-02,38.1157,13.3615,7.85,11.85,5.85,0.0,4.02,10.2,2.3261,71.72,100.27
Palermo,2015-01-03,38.1157,13.3615,10.28,14.29,5.96,0.16,4.65,282.3,2.3659,88.1,100.34
Palermo,2015-01-04,38.1157,13.3615,12.97,15.05,11.56,0.51,7.01,297.3,1.6488,88.51,99.53
Palermo,2015-01-05,38.1157,13.3615,9.94,12.73,6.29,0.16,6.67,20.7,2.0561,68.24,99.91
Palermo,2015-01-06,38.1157,13.3615,9.24,13.56,6.0,0.0,4.1,315.7,2.5164,71.67,99.9
Palermo,2015-01-07,38.1157,13.3615,10.78,14.53,8.73,0.03,1.73,238.3,2.7134,75.65,100.25
Palermo,2015-01-08,38.1157,13.3615,11.16,14.3,8.1,0.01,3.08,286.2,2.1024,78.92,100.69
Palermo,2015-01-09,38.1157,13.3615,10.97,13.28,8.32,0.02,4.43,280.1,2.436,81.97,100.82
Palermo,2015-01-10,38.1157,13.3615,12.56,15.52,10.03,0.01,4.88,289.9,2.4768,90.16,100.03
Palermo,2015-01-11,38.1157,13.3615,13.17,16.71,11.3,0.14,5.56,274.1,2.8433,91.29,99.49
Palermo,2015-01-12,38.1157,13.3615,11.74,14.38,8.8,0.01,4.76,359.1,2.8754,69.49,100.19
Palermo,2015-01-13,38.1157,13.3615,10.78,15.51,7.84,0.0,1.27,251.5,3.0924,56.75,100.33
Palermo,2015-01-14,38.1157,13.3615,11.09,16.6,7.82,0.0,3.38,241.4,2.8154,83.66,99.76
Palermo,2015-01-15,38.1157,13.3615,11.56,16.18,8.53,0.02,2.27,258.0,2.9933,85.54,99.73
Palermo,2015-01-16,38.1157,13.3615,11.08,16.21,6.81,0.1,5.63,169.8,2.7106,90.72,99.38
Palermo,2015-01-17,38.1157,13.3615,13.48,17.25,11.3,0.23,4.05,176.4,2.8865,85.77,99.2
Palermo,2015-01-18,38.1157,13.3615,12.46,15.91,10.61,11.0,4.51,184.8,0.7606,89.8,98.77
Palermo,2015-01-19,38.1157,13.3615,11.16,12.78,10.02,1.1,3.85,217.4,1.4909,84.89,98.57
Palermo,2015-01-20,38.1157,13.3615,10.73,13.18,8.84,0.29,4.04,197.1,1.9848,79.06,98.26
Palermo,2015-01-21,38.1157,13.3615,10.38,14.22,7.56,0.28,4.31,204.6,2.6081,79.16,98.53
Palermo,2015-01-22,38.1157,13.3615,8.82,10.97,7.63,13.31,4.32,205.3,0.6994,91.18,98.05
Palermo,2015-01-23,38.1157,13.3615,9.41,11.11,7.54,16.16,7.97,275.0,1.0632,89.82,97.46
Palermo,2015-01-24,38.1157,13.3615,10.73,12.54,8.85,5.46,5.42,324.8,2.2478,84.37,97.93
Palermo,2015-01-25,38.1157,13.3615,9.49,11.55,8.24,2.25,3.68,270.1,2.4902,81.3,98.3
Palermo,2015-01-26,38.1157,13.3615,9.02,11.56,7.5,1.33,2.67,109.4,2.5478,77.08,98.69
Palermo,2015-01-27,38.1157,13.3615,8.16,10.77,6.82,1.57,3.83,326.7,2.5058,80.86,98.78
Palermo,2015-01-28,38.1157,13.3615,7.69,9.32,6.59,2.36,6.05,333.7,1.9222,74.53,98.36
Palermo,2015-01-29,38.1157,13.3615,9.22,11.59,6.73,1.77,6.22,286.9,2.4974,75.06,98.29
Palermo,2015-01-30,38.1157,13.3615,11.22,12.66,9.69,10.35,10.59,233.3,1.5197,85.24,97.02
Palermo,2015-01-31,38.1157,13.3615,11.47,14.35,8.53,39.8,8.47,234.5,0.613,91.71,96.41
Palermo,2015-02-01,38.1157,13.3615,9.38,10.85,7.41,5.5,9.24,263.6,2.1703,79.92,97.17
Palermo,2015-02-02,38.1157,13.3615,7.99,9.37,7.06,3.35,9.4,273.6,2.5361,72.52,97.99
Palermo,2015-02-03,38.1157,13.3615,9.38,12.58,5.78,2.82,7.95,217.2,2.5342,76.42,97.99
Palermo,2015-02-04,38.1157,13.3615,11.29,15.26,7.99,0.27,8.0,192.3,3.3636,77.1,97.74
Palermo,2015-02-05,38.1157,13.3615,9.43,11.98,7.3,8.21,6.58,228.7,1.4779,84.66,97.43
Palermo,2015-02-06,38.1157,13.3615,8.64,10.59,6.9,7.43,9.62,245.8,2.4614,78.23,97.98
Palermo,2015-02-07,38.1157,13.3615,8.22,10.5,6.53,2.62,6.38,248.3,2.4506,79.32,98.85
Palermo,2015-02-08,38.1157,13.3615,8.55,9.68,7.22,9.28,6.57,280.0,2.4914,85.38,98.53
Palermo,2015-02-09,38.1157,13.3615,5.89,8.36,4.45,6.85,10.95,8.9,2.3959,71.17,98.71
Palermo,2015-02-10,38.1157,13.3615,8.61,11.98,6.14,0.07,6.01,0.3,3.7754,70.75,99.4
Palermo,2015-02-11,38.1157,13.3615,9.82,13.65,7.18,0.0,3.31,12.7,3.7243,75.71,99.55
Palermo,2015-02-12,38.1157,13.3615,9.67,14.13,6.21,0.02,2.78,82.6,3.8568,73.68,99.46
Palermo,2015-02-13,38.1157,13.3615,9.73,12.54,6.87,1.17,2.01,147.5,3.181,76.29,99.47
Palermo,2015-02-14,38.1157,13.3615,9.38,11.56,7.86,1.56,3.53,165.3,2.1643,86.04,99.11
Palermo,2015-02-15,38.1157,13.3615,10.18,11.94,7.84,3.23,4.61,203.4,2.2778,88.48,98.78
Palermo,2015-02-16,38.1157,13.3615,10.94,13.15,8.94,15.27,5.93,171.4,1.6889,86.33,98.55
Palermo,2015-02-17,38.1157,13.3615,10.85,12.93,8.79,16.67,5.46,82.6,2.3074,86.73,98.81
Palermo,2015-02-18,38.1157,13.3615,10.76,12.99,9.37,18.98,7.01,84.9,2.9242,84.56,99.63
Palermo,2015-02-19,38.1157,13.3615,9.72,13.32,6.53,0.37,3.25,67.8,3.7939,73.13,100.21
Palermo,2015-02-20,38.1157,13.3615,8.86,12.92,5.39,0.0,1.53,42.3,4.2466,65.71,99.85
Palermo,2015-02-21,38.1157,13.3615,10.43,12.5,7.52,22.11,7.22,168.4,1.0034,85.45,98.43
Palermo,2015-02-22,38.1157,13.3615,10.84,11.79,9.74,27.46,5.1,216.4,1.8751,90.06,96.94
Palermo,2015-02-23,38.1157,13.3615,10.42,11.91,8.92,8.48,6.1,319.6,2.441,87.67,97.73
Palermo,2015-02-24,38.1157,13.3615,10.05,13.72,7.7,10.1,8.78,262.3,1.8564,82.67,97.83
Palermo,2015-02-25,38.1157,13.3615,8.19,9.06,7.37,15.8,7.9,236.9,3.2206,84.78,97.57
Palermo,2015-02-26,38.1157,13.3615,9.4,11.68,7.55,11.63,4.91,70.7,3.673,86.38,97.82
Palermo,2015-02-27,38.1157,13.3615,9.73,12.78,7.77,1.66,4.59,331.5,2.8572,83.33,98.3
Palermo,2015-02-28,38.1157,13.3615,10.08,13.61,7.94,0.63,2.3,299.0,4.5934,79.62,98.89
Palermo,2015-03-01,38.1157,13.3615,9.5,13.15,7.33,0.28,2.41,291.9,4.577,81.33,99.35
Palermo,2015-03-02,38.1157,13.3615,10.37,14.38,6.18,0.06,5.16,244.5,3.6583,88.32,99.56
Palermo,2015-03-03,38.1157,13.3615,13.24,17.33,10.34,0.08,4.05,270.0,4.7928,85.78,99.71
Palermo,2015-03-04,38.1157,13.3615,13.94,18.26,10.4,0.73,4.4,195.8,3.5551,82.74,99.45
Palermo,2015-03-05,38.1157,13.3615,10.09,13.19,8.22,10.36,10.41,258.3,2.6566,80.96,98.18
Palermo,2015-03-06,38.1157,13.3615,8.48,9.71,7.02,7.19,9.15,353.6,1.1059,81.98,98.72
Palermo,2015-03-07,38.1157,13.3615,8.7,10.47,7.49,0.28,6.94,12.3,3.8256,72.9,99.19
Palermo,2015-03-08,38.1157,13.3615,9.14,12.23,6.93,3.2,4.15,50.9,1.9236,82.8,98.98
Palermo,2015-03-09,38.1157,13.3615,9.6,11.74,7.67,1.37,4.53,38.6,4.6099,85.42,99.25
Palermo,2015-03-10,38.1157,13.3615,10.07,12.53,8.12,0.39,3.27,4.3,4.7374,80.2,99.59
Palermo,2015-03-11,38.1157,13.3615,10.03,13.19,8.02,0.16,3.69,305.6,4.2444,83.57,99.51
Palermo,2015-03-12,38.1157,13.3615,10.39,14.13,7.46,0.21,5.23,333.6,3.9454,82.3,98.97
Palermo,2015-03-13,38.1157,13.3615,9.69,13.38,7.27,0.04,4.16,342.5,5.1497,72.06,99.17
Palermo,2015-03-14,38.1157,13.3615,10.51,14.36,6.85,0.0,2.57,243.6,4.794,75.16,99.38
Palermo,2015-03-15,38.1157,13.3615,11.89,15.97,8.76,0.03,5.95,146.3,3.2674,78.4,99.32
Palermo,2015-03-16,38.1157,13.3615,12.58,15.76,10.21,5.76,10.69,145.6,0.6998,82.25,99.17
Palermo,2015-03-17,38.1157,13.3615,11.6,13.6,8.71,25.76,5.15,210.8,2.0381,88.66,99.17
Palermo,2015-03-18,38.1157,13.3615,11.85,16.37,8.74,0.3,2.5,89.4,5.279,79.17,99.38
Palermo,2015-03-19,38.1157,13.3615,12.63,17.15,8.88,0.09,2.1,135.8,5.1643,80.58,99.42
Palermo,2015-03-20,38.1157,13.3615,13.29,17.43,10.01,0.37,2.7,113.5,5.3009,79.15,99.38
Palermo,2015-03-21,38.1157,13.3615,11.28,15.24,8.7,0.01,5.39,139.5,4.7285,72.39,99.06
Palermo,2015-03-22,38.1157,13.3615,13.3,18.08,9.75,0.57,5.21,179.8,4.2782,85.5,98.22
Palermo,2015-03-23,38.1157,13.3615,12.77,16.26,9.92,0.1,3.89,261.6,5.2891,85.12,98.66
Palermo,2015-03-24,38.1157,13.3615,12.51,15.58,9.45,7.81,7.6,132.6,1.6874,83.92,98.03
Palermo,2015-03-25,38.1157,13.3615,13.9,16.49,11.28,7.94,7.68,191.6,5.1408,84.52,97.37
Palermo,2015-03-26,38.1157,13.3615,13.45,18.4,10.24,4.2,3.26,160.7,3.0595,79.77,97.79
Palermo,2015-03-27,38.1157,13.3615,11.73,13.07,10.74,4.22,6.02,307.6,3.5551,87.41,97.95
Palermo,2015-03-28,38.1157,13.3615,12.22,15.07,9.44,0.75,6.25,348.5,3.1819,85.27,98.32
Palermo,2015-03-29,38.1157,13.3615,12.05,16.03,9.44,0.03,3.77,306.2,6.1841,83.43,98.78
Palermo,2015-03-30,38.1157,13.3615,12.92,15.76,10.49,0.05,7.31,280.8,4.2254,88.5,98.66
Palermo,2015-03-31,38.1157,13.3615,13.42,16.93,10.18,0.02,4.95,276.5,6.0821,88.66,98.95
Palermo,2015-04-01,38.1157,13.3615,12.86,16.18,10.15,0.01,6.25,291.4,6.1687,85.66,98.93
Palermo,2015-04-02,38.1157,13.3615,12.45,16.54,9.75,0.02,3.99,268.2,6.2306,79.7,99.14
Palermo,2015-04-03,38.1157,13.3615,12.61,16.13,9.94,0.07,3.63,322.4,5.9033,77.48,98.91
Palermo,2015-04-04,38.1157,13.3615,12.49,14.94,9.82,0.08,6.1,194.7,4.0085,84.61,98.64
Palermo,2015-04-05,38.1157,13.3615,12.76,15.38,10.78,0.24,7.4,259.8,5.9381,77.79,98.15
Palermo,2015-04-06,38.1157,13.3615,11.12,13.59,8.73,1.44,6.93,315.5,4.6699,77.64,98.7
Palermo,2015-04-07,38.1157,13.3615,9.59,12.25,6.97,1.01,6.21,13.7,6.1565,66.81,99.46
Palermo,2015-04-08,38.1157,13.3615,9.7,12.5,6.99,1.9,6.93,4.0,5.7749,67.46,99.84
Palermo,2015-04-09,38.1157,13.3615,10.5,14.64,7.1,0.02,4.6,21.5,6.6528,66.8,100.05
Palermo,2015-04-10,38.1157,13.3615,12.14,17.28,7.67,0.0,2.04,178.3,6.875,66.39,100.26
Palermo,2015-04-11,38.1157,13.3615,12.15,17.03,7.24,0.0,3.49,187.3,6.5878,78.79,100.08
Palermo,2015-04-12,38.1157,13.3615,13.05,18.12,8.64,0.0,2.28,74.2,6.4176,75.12,100.07
Palermo,2015-04-13,38.1157,13.3615,13.24,17.93,9.45,0.0,2.95,26.6,6.4102,78.7,100.08
Palermo,2015-04-14,38.1157,13.3615,13.69,19.13,9.17,0.0,2.27,346.3,6.7524,74.81,100.02
Palermo,2015-04-15,38.1157,13.3615,15.06,20.35,10.25,0.01,2.17,30.9,6.6648,66.12,99.73
Palermo,2015-04-16,38.1157,13.3615,15.53,21.16,10.48,0.0,2.99,183.8,6.9005,70.51,99.53
Palermo,2015-04-17,38.1157,13.3615,15.89,21.13,12.0,0.0,5.95,186.0,6.2842,67.59,99.23
Palermo,2015-04-18,38.1157,13.3615,16.32,21.19,12.79,0.01,2.55,327.8,6.8179,68.26,98.93
Palermo,2015-04-19,38.1157,13.3615,16.17,22.23,12.95,0.32,2.74,152.7,5.712,77.87,98.77
Palermo,2015-04-20,38.1157,13.3615,14.76,18.89,11.83,0.04,3.33,247.0,6.3658,84.67,99.17
Palermo,2015-04-21,38.1157,13.3615,14.42,18.68,10.87,0.69,3.92,3.3,6.9586,75.82,99.51
Palermo,2015-04-22,38.1157,13.3615,15.17,20.22,10.24,0.0,2.7,33.4,7.3152,69.86,99.75
Palermo,2015-04-23,38.1157,13.3615,15.68,19.86,11.52,1.03,5.36,175.8,6.6168,71.77,99.38
Palermo,2015-04-24,38.1157,13.3615,16.07,20.39,13.31,0.05,4.84,198.0,5.5822,79.96,99.02
Palermo,2015-04-25,38.1157,13.3615,16.33,21.21,12.11,0.05,1.31,1.0,6.4771,76.18,99.06
Palermo,2015-04-26,38.1157,13.3615,16.32,20.33,12.71,0.01,3.7,178.9,6.1114,75.47,98.91
Palermo,2015-04-27,38.1157,13.3615,15.88,20.74,12.93,0.2,5.11,193.9,3.833,77.92,98.36
Palermo,2015-04-28,38.1157,13.3615,15.35,18.47,12.96,0.06,8.92,261.8,7.1539,80.17,98.66
Palermo,2015-04-29,38.1157,13.3615,14.38,18.48,10.88,0.0,4.16,280.8,7.4681,69.49,99.24
Palermo,2015-04-30,38.1157,13.3615,14.44,19.09,10.34,0.0,3.61,286.0,7.5466,74.02,99.44
Palermo,2015-05-01,38.1157,13.3615,16.19,21.15,11.63,0.0,2.11,223.8,7.4974,62.9,99.37
Palermo,2015-05-02,38.1157,13.3615,18.18,22.96,13.74,0.0,4.45,220.6,6.2047,65.91,98.97
Palermo,2015-05-03,38.1157,13.3615,20.87,26.34,15.88,0.0,1.73,223.8,7.4494,56.89,98.94
Palermo,2015-05-04,38.1157,13.3615,22.0,29.38,16.02,0.0,2.65,165.5,7.5271,59.83,98.92
Palermo,2015-05-05,38.1157,13.3615,20.84,26.28,16.4,0.08,5.38,173.8,6.9348,58.72,98.87
Palermo,2015-05-06,38.1157,13.3615,21.51,27.66,16.2,0.08,3.82,208.4,6.9216,63.4,98.87
Palermo,2015-05-07,38.1157,13.3615,18.79,23.22,15.51,0.08,3.36,311.5,6.8465,81.46,99.05
Palermo,2015-05-08,38.1157,13.3615,19.96,26.01,14.85,0.0,1.85,9.5,7.7191,62.11,99.07
Palermo,2015-05-09,38.1157,13.3615,17.81,21.83,14.61,0.08,3.92,320.6,7.657,71.97,99.06
Palermo,2015-05-10,38.1157,13.3615,18.3,22.82,14.59,0.22,3.52,344.9,6.8695,82.09,99.33
Palermo,2015-05-11,38.1157,13.3615,18.65,23.34,14.91,0.03,3.72,11.6,7.7105,73.41,99.67
Palermo,2015-05-12,38.1157,13.3615,18.29,22.53,14.94,0.01,3.36,36.6,7.8595,65.14,99.7
Palermo,2015-05-13,38.1157,13.3615,18.86,24.01,13.7,0.0,2.53,254.4,7.9536,65.45,99.72
Palermo,2015-05-14,38.1157,13.3615,19.8,24.47,15.29,0.0,4.6,221.9,6.5736,59.21,99.17
Palermo,2015-05-15,38.1157,13.3615,21.04,25.36,16.99,0.01,7.7,189.1,5.203,67.36,98.55
Palermo,2015-05-16,38.1157,13.3615,16.39,17.83,14.54,5.92,5.22,2.2,2.0563,82.32,98.87
Palermo,2015-05-17,38.1157,13.3615,15.82,17.45,14.01,49.84,3.69,2.8,2.077,90.0,98.42
Palermo,2015-05-18,38.1157,13.3615,17.44,21.8,12.94,2.3,2.69,4.5,7.2082,77.29,98.46
Palermo,2015-05-19,38.1157,13.3615,19.54,24.0,14.37,0.21,2.64,267.4,7.6123,70.15,98.52
Palermo,2015-05-20,38.1157,13.3615,21.04,27.82,16.05,0.2,3.63,183.5,7.2072,66.71,98.57
Palermo,2015-05-21,38.1157,13.3615,17.45,21.8,12.82,3.09,4.44,345.8,2.4226,83.31,98.91
Palermo,2015-05-22,38.1157,13.3615,15.34,18.87,12.56,0.01,5.91,287.2,7.4498,70.67,98.81
Palermo,2015-05-23,38.1157,13.3615,15.94,19.56,12.7,0.01,5.18,259.7,7.6795,76.19,98.87
Palermo,2015-05-24,38.1157,13.3615,16.16,19.83,13.12,0.07,4.93,270.7,7.4088,78.21,98.84
Palermo,2015-05-25,38.1157,13.3615,17.53,21.83,14.01,0.2,2.19,331.9,7.9003,72.19,98.77
Palermo,2015-05-26,38.1157,13.3615,16.33,18.04,14.86,4.72,2.54,289.1,2.9914,80.75,98.5
Palermo,2015-05-27,38.1157,13.3615,17.69,21.33,14.73,4.94,4.42,306.6,7.5017,78.54,98.62
Palermo,2015-05-28,38.1157,13.3615,16.96,20.61,14.05,0.43,4.33,321.4,7.5898,79.38,99.07
Palermo,2015-05-29,38.1157,13.3615,18.06,22.7,13.84,0.0,2.92,350.5,8.0974,67.16,99.15
Palermo,2015-05-30,38.1157,13.3615,18.7,23.1,14.52,0.0,2.26,85.8,6.0538,66.7,99.06
Palermo,2015-05-31,38.1157,13.3615,19.69,23.98,15.72,0.44,2.39,34.9,7.5526,61.33,99.14
Palermo,2015-06-01,38.1157,13.3615,19.05,23.45,14.68,0.68,3.15,37.4,6.959,69.53,99.18
Palermo,2015-06-02,38.1157,13.3615,20.07,25.08,16.03,0.05,2.62,31.9,7.9301,68.98,99.36
Palermo,2015-06-03,38.1157,13.3615,20.73,25.76,16.42,0.0,3.07,30.8,8.2534,65.13,99.54
Palermo,2015-06-04,38.1157,13.3615,21.94,27.53,16.6,0.0,2.49,45.2,7.7722,65.27,99.43
Palermo,2015-06-05,38.1157,13.3615,21.76,26.56,17.75,0.35,3.28,34.1,7.6282,71.8,99.25
Palermo,2015-06-06,38.1157,13.3615,22.52,26.89,18.46,1.85,2.06,42.3,7.7129,69.96,99.31
Palermo,2015-06-07,38.1157,13.3615,22.68,26.34,19.68,0.7,1.85,2.9,7.5226,67.77,99.38
Palermo,2015-06-08,38.1157,13.3615,22.15,25.17,19.47,1.31,1.63,343.4,7.5026,64.52,99.09
Palermo,2015-06-09,38.1157,13.3615,22.3,25.84,18.74,0.61,2.01,258.5,7.0174,64.82,98.95
Palermo,2015-06-10,38.1157,13.3615,22.85,27.14,19.29,0.01,1.93,51.8,8.0033,64.33,99.09
Palermo,2015-06-11,38.1157,13.3615,23.8,28.86,18.88,0.0,1.41,115.7,8.0662,60.26,99.05
Palermo,2015-06-12,38.1157,13.3615,23.61,28.86,20.08,0.0,3.79,138.5,4.4942,63.54,99.0
Palermo,2015-06-13,38.1157,13.3615,23.86,29.14,19.57,0.0,5.37,145.7,6.6161,61.94,98.73
Palermo,2015-06-14,38.1157,13.3615,22.79,28.28,18.31,0.01,2.91,167.0,7.6471,70.14,98.78
Palermo,2015-06-15,38.1157,13.3615,23.76,28.89,19.49,0.0,2.05,340.4,7.488,66.27,98.95
Palermo,2015-06-16,38.1157,13.3615,23.1,27.73,18.89,0.0,3.87,35.1,7.6212,69.97,98.99
Palermo,2015-06-17,38.1157,13.3615,21.41,24.35,18.82,0.11,5.43,300.5,7.6478,72.96,98.87
Palermo,2015-06-18,38.1157,13.3615,20.76,23.75,18.07,1.52,6.19,320.5,7.0714,74.09,98.82
Palermo,2015-06-19,38.1157,13.3615,21.05,24.86,17.59,0.06,4.3,270.6,8.1118,70.23,98.8
Palermo,2015-06-20,38.1157,13.3615,21.05,24.61,18.03,0.12,5.41,269.8,7.8206,76.1,98.64
Palermo,2015-06-21,38.1157,13.3615,21.38,25.24,18.42,0.19,3.84,341.5,8.0861,76.02,98.89
Palermo,2015-06-22,38.1157,13.3615,22.13,26.7,17.64,0.0,2.43,353.2,8.4641,60.54,99.21
Palermo,2015-06-23,38.1157,13.3615,23.13,28.09,17.97,0.0,4.05,189.5,8.2838,57.54,98.91
Palermo,2015-06-24,38.1157,13.3615,23.11,28.12,19.44,0.04,5.68,218.3,6.6,66.22,98.94
Palermo,2015-06-25,38.1157,13.3615,23.09,27.95,18.93,0.02,3.61,21.3,7.7674,72.87,99.16
Palermo,2015-06-26,38.1157,13.3615,21.88,25.56,18.77,0.01,4.42,344.6,8.207,72.61,99.14
Palermo,2015-06-27,38.1157,13.3615,22.0,26.21,18.02,0.0,4.13,330.3,8.1007,71.77,99.14
Palermo,2015-06-28,38.1157,13.3615,23.15,28.46,18.17,0.01,2.17,328.7,8.1646,63.46,99.05
Palermo,2015-06-29,38.1157,13.3615,23.78,28.71,19.32,0.0,3.08,38.7,7.9154,60.01,99.26
Palermo,2015-06-30,38.1157,13.3615,24.17,29.21,19.4,0.0,2.62,43.0,7.9289,55.8,99.35
Palermo,2015-07-01,38.1157,13.3615,24.84,30.16,19.66,0.0,2.55,48.5,7.7789,59.04,99.39
Palermo,2015-07-02,38.1157,13.3615,25.07,29.89,20.01,0.0,2.42,51.1,8.0774,56.17,99.53
Palermo,2015-07-03,38.1157,13.3615,25.09,29.93,20.94,0.0,3.12,35.9,7.9757,58.77,99.66
Palermo,2015-07-04,38.1157,13.3615,25.78,30.57,21.19,0.0,3.04,44.6,7.5209,57.7,99.49
Palermo,2015-07-05,38.1157,13.3615,26.33,30.72,22.37,0.0,2.05,36.2,7.5718,58.89,99.36
Palermo,2015-07-06,38.1157,13.3615,26.04,31.31,21.88,0.0,2.57,25.7,7.8756,54.53,99.34
Palermo,2015-07-07,38.1157,13.3615,26.64,31.94,22.4,0.0,2.36,34.6,7.2041,61.3,99.1
Palermo,2015-07-08,38.1157,13.3615,27.15,31.87,22.83,0.0,1.8,299.1,7.5672,58.37,98.72
Palermo,2015-07-09,38.1157,13.3615,25.31,29.57,21.59,0.0,5.01,256.9,7.4354,72.05,98.51
Palermo,2015-07-10,38.1157,13.3615,25.85,31.01,21.6,0.55,2.35,342.8,7.1172,70.14,98.76
Palermo,2015-07-11,38.1157,13.3615,26.47,30.82,23.16,0.39,2.12,333.8,7.1477,70.11,99.15
Palermo,2015-07-12,38.1157,13.3615,25.9,30.74,21.64,0.08,2.37,343.2,7.5785,68.78,99.11
Palermo,2015-07-13,38.1157,13.3615,26.99,31.96,22.76,0.03,1.91,285.7,7.765,60.12,98.94
Palermo,2015-07-14,38.1157,13.3615,27.33,32.34,22.9,0.0,2.34,25.0,7.7198,58.98,98.86
Palermo,2015-07-15,38.1157,13.3615,28.38,33.25,23.65,0.0,2.08,43.5,7.5163,60.19,99.0
Palermo,2015-07-16,38.1157,13.3615,29.08,33.89,24.8,0.01,2.58,39.0,7.7143,63.01,99.12
Palermo,2015-07-17,38.1157,13.3615,29.07,34.11,24.75,0.01,2.58,52.5,7.7124,58.64,99.2
Palermo,2015-07-18,38.1157,13.3615,29.12,34.52,24.51,0.0,3.48,40.6,7.7054,55.97,99.12
Palermo,2015-07-19,38.1157,13.3615,29.48,34.87,24.56,0.0,3.3,43.7,7.615,47.79,98.92
Palermo,2015-07-20,38.1157,13.3615,28.63,33.88,24.12,0.0,3.22,31.8,7.8154,50.01,98.75
Palermo,2015-07-21,38.1157,13.3615,28.47,33.68,24.05,0.01,3.39,24.0,7.83,53.32,98.84
Palermo,2015-07-22,38.1157,13.3615,27.79,32.98,23.36,0.25,2.94,10.2,7.2082,60.51,98.78
Palermo,2015-07-23,38.1157,13.3615,27.18,31.59,23.65,2.83,2.98,341.4,7.1023,65.96,98.53
Palermo,2015-07-24,38.1157,13.3615,26.72,31.13,23.25,3.99,2.23,325.5,6.7006,65.16,98.46
Palermo,2015-07-25,38.1157,13.3615,26.61,30.6,23.37,0.02,2.5,337.8,7.0471,67.1,98.6
Palermo,2015-07-26,38.1157,13.3615,27.36,32.23,23.58,0.0,3.78,278.2,7.4119,67.12,98.7
Palermo,2015-07-27,38.1157,13.3615,26.74,31.39,22.86,0.0,3.67,293.9,7.6692,65.71,98.58
Palermo,2015-07-28,38.1157,13.3615,27.35,32.48,23.41,0.0,3.31,298.1,7.6255,63.44,98.53
Palermo,2015-07-29,38.1157,13.3615,28.13,33.81,23.48,0.0,2.7,336.5,7.8499,56.04,98.56
Palermo,2015-07-30,38.1157,13.3615,30.01,35.59,24.06,0.0,2.2,4.8,7.5446,49.52,98.51
Palermo,2015-07-31,38.1157,13.3615,30.19,36.9,25.84,0.02,3.0,249.7,6.8957,53.16,98.48
Palermo,2015-08-01,38.1157,13.3615,29.9,35.95,24.61,0.02,2.32,19.9,7.2336,57.92,98.75
Palermo,2015-08-02,38.1157,13.3615,30.22,35.46,26.0,0.05,4.24,191.6,5.9573,52.4,98.93
Palermo,2015-08-03,38.1157,13.3615,27.94,32.55,24.58,0.11,3.82,332.4,7.207,71.92,98.87
Palermo,2015-08-04,38.1157,13.3615,27.35,31.65,23.74,0.03,3.98,352.9,7.2384,67.72,98.82
Palermo,2015-08-05,38.1157,13.3615,27.8,33.05,23.64,0.08,3.21,2.1,7.2382,62.11,98.85
Palermo,2015-08-06,38.1157,13.3615,28.04,32.74,24.45,0.07,3.6,27.9,6.853,61.37,98.79
Palermo,2015-08-07,38.1157,13.3615,28.13,32.45,24.22,0.67,3.3,30.5,6.7445,63.19,98.74
Palermo,2015-08-08,38.1157,13.3615,28.37,32.53,24.83,1.46,3.15,38.4,6.7015,59.28,98.9
Palermo,2015-08-09,38.1157,13.3615,28.18,32.93,24.09,0.35,1.66,4.9,6.732,56.56,98.99
Palermo,2015-08-10,38.1157,13.3615,27.63,32.28,23.85,2.04,4.13,245.4,6.6458,63.21,98.81
Palermo,2015-08-11,38.1157,13.3615,24.92,28.05,22.22,5.87,4.62,251.2,3.8378,69.92,98.62
Palermo,2015-08-12,38.1157,13.3615,24.1,26.36,21.45,7.15,4.1,358.1,4.9406,76.14,98.74
Palermo,2015-08-13,38.1157,13.3615,26.19,30.0,23.13,1.17,4.2,21.5,6.708,68.3,98.77
Palermo,2015-08-14,38.1157,13.3615,27.45,32.79,23.28,1.91,2.04,319.3,6.1786,60.83,98.68
Palermo,2015-08-15,38.1157,13.3615,25.83,29.55,22.59,0.44,3.83,271.7,6.582,70.07,98.59
Palermo,2015-08-16,38.1157,13.3615,23.77,27.03,21.4,4.81,5.63,243.3,4.7153,74.76,98.67
Palermo,2015-08-17,38.1157,13.3615,23.46,27.78,20.02,0.01,4.2,280.5,7.1393,61.94,98.77
Palermo,2015-08-18,38.1157,13.3615,25.4,30.85,20.04,0.0,1.46,344.1,7.193,51.58,98.81
Palermo,2015-08-19,38.1157,13.3615,24.67,29.08,21.39,1.14,4.08,259.3,6.0689,73.88,98.91
Palermo,2015-08-20,38.1157,13.3615,24.57,28.74,21.4,0.02,3.36,317.6,6.9276,68.93,99.21
Palermo,2015-08-21,38.1157,13.3615,23.99,28.38,20.54,0.01,2.94,340.7,6.8402,64.51,99.31
Palermo,2015-08-22,38.1157,13.3615,24.42,28.84,20.49,0.04,3.02,355.4,6.8791,66.47,99.11
Palermo,2015-08-23,38.1157,13.3615,25.84,30.76,21.42,0.0,1.53,162.2,6.8832,56.63,98.9
Palermo,2015-08-24,38.1157,13.3615,26.19,31.62,21.2,1.6,5.24,182.6,6.1414,64.3,98.95
Palermo,2015-08-25,38.1157,13.3615,25.57,29.52,22.58,9.2,3.98,243.4,6.2011,76.97,99.15
Palermo,2015-08-26,38.1157,13.3615,25.62,31.17,21.49,0.12,3.38,30.1,6.7822,68.45,99.08
Palermo,2015-08-27,38.1157,13.3615,26.68,31.39,22.53,1.19,1.69,117.6,6.6451,63.16,99.05
Palermo,2015-08-28,38.1157,13.3615,26.38,30.6,23.02,9.68,1.97,58.8,6.3936,69.18,99.3
Palermo,2015-08-29,38.1157,13.3615,27.11,32.01,22.88,0.26,2.59,65.5,6.4142,65.61,99.43
Palermo,2015-08-30,38.1157,13.3615,27.22,32.14,23.7,0.07,2.89,50.0,6.3583,62.31,99.42
Palermo,2015-08-31,38.1157,13.3615,27.2,31.85,22.93,0.4,2.04,60.0,6.2076,61.15,99.15
Palermo,2015-09-01,38.1157,13.3615,26.55,31.31,23.04,2.58,1.77,4.7,5.9345,62.24,98.92
Palermo,2015-09-02,38.1157,13.3615,26.02,30.78,21.79,0.12,1.94,285.8,5.9724,55.13,98.9
Palermo,2015-09-03,38.1157,13.3615,26.64,31.22,22.12,0.09,3.11,222.3,5.9431,60.31,98.9
Palermo,2015-09-04,38.1157,13.3615,27.45,32.64,23.15,0.19,3.78,193.8,5.8008,63.11,98.88
Palermo,2015-09-05,38.1157,13.3615,27.17,32.05,23.96,0.47,5.16,221.7,4.9214,65.85,98.93
Palermo,2015-09-06,38.1157,13.3615,25.8,30.5,22.72,0.19,2.87,322.3,5.3546,72.75,99.07
Palermo,2015-09-07,38.1157,13.3615,24.4,28.09,21.55,0.16,2.69,311.8,5.4761,67.53,99.08
Palermo,2015-09-08,38.1157,13.3615,24.44,28.1,20.78,7.82,1.99,16.4,3.9132,69.2,98.9
Palermo,2015-09-09,38.1157,13.3615,21.96,23.37,20.33,40.07,2.61,348.0,0.9434,86.55,98.49
Palermo,2015-09-10,38.1157,13.3615,21.89,25.5,18.76,2.6,5.0,326.8,5.4173,68.03,98.77
Palermo,2015-09-11,38.1157,13.3615,22.27,26.54,18.48,0.0,2.73,298.1,5.7631,60.7,99.35
Palermo,2015-09-12,38.1157,13.3615,23.91,29.05,19.1,0.0,1.71,130.1,5.8553,60.11,99.47
Palermo,2015-09-13,38.1157,13.3615,24.02,28.78,20.24,0.03,4.8,179.4,5.3597,73.83,99.26
Palermo,2015-09-14,38.1157,13.3615,24.55,28.7,21.59,0.22,6.65,184.5,5.5517,78.58,99.04
Palermo,2015-09-15,38.1157,13.3615,24.68,28.56,21.66,0.17,5.27,183.1,5.4406,78.55,98.98
Palermo,2015-09-16,38.1157,13.3615,25.98,31.38,22.44,0.05,5.55,180.6,5.4161,70.42,98.87
Palermo,2015-09-17,38.1157,13.3615,26.77,32.6,22.18,0.0,4.28,182.0,5.4586,59.99,98.85
Palermo,2015-09-18,38.1157,13.3615,26.8,33.27,22.73,0.01,2.55,244.5,5.4406,57.99,99.03
Palermo,2015-09-19,38.1157,13.3615,25.29,30.77,21.35,0.19,2.52,344.7,5.0302,71.75,99.11
Palermo,2015-09-20,38.1157,13.3615,22.36,25.07,20.08,2.01,6.04,303.4,4.1681,71.94,98.83
Palermo,2015-09-21,38.1157,13.3615,22.29,25.96,19.58,0.49,6.54,324.7,5.1686,68.43,98.64
Palermo,2015-09-22,38.1157,13.3615,21.8,25.19,19.14,0.02,4.42,312.9,5.3038,68.3,98.6
Palermo,2015-09-23,38.1157,13.3615,22.16,26.6,19.0,0.15,3.6,253.7,5.5534,68.26,98.54
Palermo,2015-09-24,38.1157,13.3615,20.62,23.53,18.29,2.47,5.89,279.9,4.9548,65.94,98.65
Palermo,2015-09-25,38.1157,13.3615,20.19,23.6,17.3,0.34,3.78,307.4,3.9158,66.2,98.78
Palermo,2015-09-26,38.1157,13.3615,20.17,24.09,17.72,0.72,2.55,320.4,3.739,68.42,98.83
Palermo,2015-09-27,38.1157,13.3615,20.47,24.65,17.48,2.7,1.93,348.9,4.595,69.24,98.99
Palermo,2015-09-28,38.1157,13.3615,20.01,23.79,17.7,4.84,2.73,24.3,4.4671,75.88,99.2
Palermo,2015-09-29,38.1157,13.3615,20.35,24.05,17.63,0.82,2.1,320.1,4.2506,72.02,99.27
Palermo,2015-09-30,38.1157,13.3615,21.47,25.77,18.68,0.75,1.81,204.0,4.7273,67.84,99.33
Palermo,2015-10-01,38.1157,13.3615,21.41,24.9,19.41,6.59,5.82,169.7,2.6369,76.2,99.21
Palermo,2015-10-02,38.1157,13.3615,20.69,24.65,17.93,2.55,3.39,234.2,4.6579,75.98,99.4
Palermo,2015-10-03,38.1157,13.3615,21.1,26.47,17.44,0.0,1.51,31.8,5.0628,65.69,99.65
Palermo,2015-10-04,38.1157,13.3615,21.0,26.05,17.71,0.75,3.07,199.4,2.7336,74.89,99.66
Palermo,2015-10-05,38.1157,13.3615,22.23,26.84,19.62,0.21,4.34,237.1,4.1993,75.52,99.27
Palermo,2015-10-06,38.1157,13.3615,22.84,27.81,19.53,0.01,4.58,233.5,3.7483,75.97,98.88
Palermo,2015-10-07,38.1157,13.3615,21.63,25.06,18.7,0.04,6.49,275.4,4.4136,80.23,98.72
Palermo,2015-10-08,38.1157,13.3615,19.63,23.54,17.46,0.59,3.8,269.2,3.9122,73.95,98.94
Palermo,2015-10-09,38.1157,13.3615,21.91,27.23,17.9,2.24,3.27,125.8,1.4426,69.03,98.61
Palermo,2015-10-10,38.1157,13.3615,20.49,22.01,18.52,22.9,8.67,228.5,3.1459,82.81,97.83
Palermo,2015-10-11,38.1157,13.3615,19.22,22.07,17.18,1.97,6.87,284.4,3.6094,75.22,98.36
Palermo,2015-10-12,38.1157,13.3615,19.68,24.09,15.88,0.02,4.13,210.1,4.4414,78.03,98.98
Palermo,2015-10-13,38.1157,13.3615,21.81,25.75,18.57,1.4,7.16,179.7,4.3603,82.73,98.97
Palermo,2015-10-14,38.1157,13.3615,21.88,23.97,20.11,10.23,8.86,168.4,3.719,86.07,98.57
Palermo,2015-10-15,38.1157,13.3615,21.25,23.73,18.57,33.79,3.93,201.5,3.9156,84.98,98.66
Palermo,2015-10-16,38.1157,13.3615,19.49,23.01,17.26,1.27,2.51,11.1,4.223,74.55,99.06
Palermo,2015-10-17,38.1157,13.3615,19.97,24.0,17.19,0.0,1.19,306.0,4.2797,63.12,99.22
Palermo,2015-10-18,38.1157,13.3615,19.84,23.81,16.91,0.0,4.57,174.9,3.515,76.32,99.07
Palermo,2015-10-19,38.1157,13.3615,20.28,24.88,17.23,0.03,5.18,185.0,4.2235,81.67,98.75
Palermo,2015-10-20,38.1157,13.3615,20.92,24.99,18.16,3.54,3.41,163.0,3.4872,83.75,98.47
Palermo,2015-10-21,38.1157,13.3615,20.6,23.69,18.17,10.99,5.16,198.9,1.4868,86.09,98.0
Palermo,2015-10-22,38.1157,13.3615,17.29,19.23,16.14,2.93,7.45,318.9,1.9644,76.23,98.12
Palermo,2015-10-23,38.1157,13.3615,16.57,18.17,15.75,0.87,6.23,4.6,2.8236,73.39,98.64
Palermo,2015-10-24,38.1157,13.3615,17.03,20.8,14.34,0.0,3.99,34.9,3.8746,69.79,99.2
Palermo,2015-10-25,38.1157,13.3615,17.6,21.49,14.81,0.0,2.04,182.1,3.0245,72.28,99.56
Palermo,2015-10-26,38.1157,13.3615,18.03,21.29,15.75,0.04,3.55,175.6,2.4254,77.49,99.41
Palermo,2015-10-27,38.1157,13.3615,18.84,22.21,16.92,1.57,3.14,176.1,2.7334,79.2,99.23
Palermo,2015-10-28,38.1157,13.3615,19.07,22.97,16.46,0.94,3.18,200.4,3.6024,81.74,99.19
Palermo,2015-10-29,38.1157,13.3615,16.99,19.71,14.9,10.68,4.01,257.3,1.7314,85.26,99.08
Palermo,2015-10-30,38.1157,13.3615,15.46,17.79,13.57,4.22,2.77,5.5,2.7852,77.81,98.99
Palermo,2015-10-31,38.1157,13.3615,15.7,18.86,12.71,16.39,4.16,70.8,2.0633,86.41,98.91
Palermo,2015-11-01,38.1157,13.3615,16.64,19.48,14.71,11.5,4.33,83.5,2.1283,86.64,99.29
Palermo,2015-11-02,38.1157,13.3615,18.23,21.55,16.15,4.2,4.12,95.6,3.263,85.85,99.82
Palermo,2015-11-03,38.1157,13.3615,17.9,21.9,14.65,0.06,1.88,148.3,3.5938,80.79,100.06
Palermo,2015-11-04,38.1157,13.3615,18.32,22.28,15.3,0.09,1.5,151.5,3.4368,80.82,99.66
Palermo,2015-11-05,38.1157,13.3615,17.56,21.2,15.25,0.48,1.84,49.2,2.7384,84.15,99.43
Palermo,2015-11-06,38.1157,13.3615,16.84,20.07,14.8,1.15,2.79,12.4,2.9938,85.64,99.65
Palermo,2015-11-07,38.1157,13.3615,16.7,20.39,14.49,0.32,2.61,21.0,3.3134,82.87,99.89
Palermo,2015-11-08,38.1157,13.3615,16.34,20.95,13.9,0.01,2.46,13.8,3.4589,83.83,100.25
Palermo,2015-11-09,38.1157,13.3615,15.88,20.22,13.46,0.02,2.98,343.5,3.2707,85.1,100.26
Palermo,2015-11-10,38.1157,13.3615,15.55,19.46,13.36,0.05,3.41,3.8,3.0552,87.62,99.93
Palermo,2015-11-11,38.1157,13.3615,16.01,21.07,12.83,0.0,2.41,30.3,2.6345,81.38,99.79
Palermo,2015-11-12,38.1157,13.3615,16.27,21.47,13.0,0.0,2.8,48.0,2.9575,85.48,99.85
Palermo,2015-11-13,38.1157,13.3615,16.85,21.26,14.47,0.0,2.18,40.6,2.7463,87.01,100.08
Palermo,2015-11-14,38.1157,13.3615,15.81,19.42,13.78,0.0,2.61,16.3,2.3093,83.97,99.94
Palermo,2015-11-15,38.1157,13.3615,15.19,18.58,13.47,0.0,2.34,349.4,2.1917,77.69,99.51
Palermo,2015-11-16,38.1157,13.3615,15.17,18.82,12.74,0.0,1.55,358.6,2.3112,76.78,99.32
Palermo,2015-11-17,38.1157,13.3615,15.88,19.54,13.37,0.02,1.36,284.9,2.5068,78.78,99.48
Palermo,2015-11-18,38.1157,13.3615,16.26,19.31,14.37,0.02,1.78,357.3,2.5781,75.35,99.61
Palermo,2015-11-19,38.1157,13.3615,16.19,20.16,13.65,0.0,1.58,19.1,1.8451,71.86,99.68
Palermo,2015-11-20,38.1157,13.3615,15.56,19.11,13.23,0.03,3.32,274.1,2.7641,81.77,99.41
Palermo,2015-11-21,38.1157,13.3615,16.93,19.48,15.08,0.32,9.53,240.9,2.2214,80.64,98.02
Palermo,2015-11-22,38.1157,13.3615,13.13,15.59,10.89,0.36,5.86,281.2,2.1686,67.78,98.12
Palermo,2015-11-23,38.1157,13.3615,12.85,15.77,10.31,0.64,2.59,205.6,1.0906,73.77,98.84
Palermo,2015-11-24,38.1157,13.3615,13.89,18.16,10.89,4.39,2.64,43.8,1.6058,79.92,98.82
Palermo,2015-11-25,38.1157,13.3615,13.32,14.64,12.1,13.04,7.76,308.1,1.8024,81.9,98.19
Palermo,2015-11-26,38.1157,13.3615,11.92,12.85,10.87,15.55,9.9,268.7,1.6795,82.9,97.1
Palermo,2015-11-27,38.1157,13.3615,11.46,12.32,10.7,11.03,7.67,287.3,1.0366,83.64,97.63
Palermo,2015-11-28,38.1157,13.3615,13.02,15.07,11.67,0.91,6.54,285.0,1.3195,75.8,98.87
Palermo,2015-11-29,38.1157,13.3615,13.4,16.33,11.17,0.2,5.01,307.3,2.5135,77.62,99.74
Palermo,2015-11-30,38.1157,13.3615,12.48,14.79,10.19,0.17,4.05,302.0,1.7359,80.45,100.26
Palermo,2015-12-01,38.1157,13.3615,12.44,16.0,10.13,0.01,3.82,283.7,2.436,85.88,100.19
Palermo,2015-12-02,38.1157,13.3615,12.31,16.22,10.31,0.0,1.76,347.0,2.2906,81.65,100.26
Palermo,2015-12-03,38.1157,13.3615,13.0,16.59,9.71,0.0,1.31,127.3,1.8773,77.65,100.39
Palermo,2015-12-04,38.1157,13.3615,13.76,15.83,12.2,0.01,0.95,54.8,1.405,77.67,100.58
Palermo,2015-12-05,38.1157,13.3615,14.52,17.47,13.01,0.03,1.63,38.0,2.3686,76.12,100.68
Palermo,2015-12-06,38.1157,13.3615,14.22,17.71,11.68,0.04,2.05,122.0,2.3426,78.33,100.74
Palermo,2015-12-07,38.1157,13.3615,13.74,17.68,11.39,0.11,2.41,162.6,2.4127,82.17,100.73
Palermo,2015-12-08,38.1157,13.3615,13.95,17.77,10.97,0.08,2.18,189.1,2.5558,86.52,100.62
Palermo,2015-12-09,38.1157,13.3615,12.71,15.6,10.99,0.05,3.17,277.1,2.4614,89.27,100.48
Palermo,2015-12-10,38.1157,13.3615,12.57,15.0,11.24,0.31,3.6,328.5,1.4568,85.1,100.27
Palermo,2015-12-11,38.1157,13.3615,11.64,14.94,8.94,0.01,4.6,343.7,2.1703,77.37,100.35
Palermo,2015-12-12,38.1157,13.3615,10.84,15.0,8.52,0.0,3.08,344.1,2.2385,80.71,100.22
Palermo,2015-12-13,38.1157,13.3615,10.92,15.51,8.53,0.0,2.58,169.3,2.6299,73.01,99.88
Palermo,2015-12-14,38.1157,13.3615,11.95,15.5,8.82,0.01,2.79,202.2,1.987,79.62,99.69
Palermo,2015-12-15,38.1157,13.3615,11.72,14.86,9.99,0.04,1.76,325.0,2.3676,78.16,100.02
Palermo,2015-12-16,38.1157,13.3615,11.17,14.34,9.49,0.18,2.82,347.1,0.9082,86.12,100.18
Palermo,2015-12-17,38.1157,13.3615,11.2,15.01,8.8,0.01,4.17,23.5,2.4082,75.89,100.17
Palermo,2015-12-18,38.1157,13.3615,10.38,14.13,8.11,0.0,1.95,359.2,2.3465,74.76,100.23
Palermo,2015-12-19,38.1157,13.3615,11.17,14.25,9.26,0.3,1.62,297.0,2.2241,84.99,100.1
Palermo,2015-12-20,38.1157,13.3615,11.62,14.53,9.84,0.83,3.16,67.5,2.399,85.89,99.99
Palermo,2015-12-21,38.1157,13.3615,12.58,16.75,9.78,0.15,2.72,73.7,2.5226,81.17,100.49
Palermo,2015-12-22,38.1157,13.3615,11.93,16.02,10.06,0.0,2.47,21.5,2.4288,86.7,100.86
Palermo,2015-12-23,38.1157,13.3615,11.7,15.28,9.6,0.01,1.1,6.3,2.5711,79.48,100.74
Palermo,2015-12-24,38.1157,13.3615,12.13,16.06,9.84,0.09,2.54,192.5,2.5188,83.46,100.66
Palermo,2015-12-25,38.1157,13.3615,11.79,14.32,10.27,0.0,2.11,115.0,1.5718,82.75,100.67
Palermo,2015-12-26,38.1157,13.3615,11.62,14.9,9.54,0.04,1.56,44.5,2.0599,80.6,100.51
Palermo,2015-12-27,38.1157,13.3615,11.74,14.43,10.07,0.1,2.62,56.7,2.0306,82.7,100.47
Palermo,2015-12-28,38.1157,13.3615,11.87,15.31,9.41,0.0,1.87,18.0,2.5243,81.26,100.47
Palermo,2015-12-29,38.1157,13.3615,10.34,14.25,8.38,0.01,2.98,346.5,1.6646,89.47,100.25
Palermo,2015-12-30,38.1157,13.3615,10.57,13.47,8.65,0.39,3.26,347.1,1.573,87.27,99.87
Palermo,2015-12-31,38.1157,13.3615,11.38,14.85,9.55,0.15,2.28,17.5,2.071,75.53,99.77
Palermo,2016-01-01,38.1157,13.3615,10.88,13.98,9.3,0.16,1.55,253.1,1.1959,80.72,99.85
Palermo,2016-01-02,38.1157,13.3615,12.44,16.84,9.26,0.08,5.0,200.6,1.7472,91.7,99.43
Palermo,2016-01-03,38.1157,13.3615,12.88,14.62,11.23,3.58,7.44,268.3,2.3083,81.05,98.74
Palermo,2016-01-04,38.1157,13.3615,13.97,15.75,11.38,3.7,8.79,245.4,0.8746,92.23,98.07
Palermo,2016-01-05,38.1157,13.3615,14.81,17.22,12.44,0.17,7.62,233.6,1.9872,91.16,97.85
Palermo,2016-01-06,38.1157,13.3615,12.47,13.76,10.91,3.93,7.37,269.1,1.6678,84.72,97.91
Palermo,2016-01-07,38.1157,13.3615,12.7,14.02,11.18,1.3,9.56,280.3,2.214,80.94,98.42
Palermo,2016-01-08,38.1157,13.3615,14.1,17.1,11.69,0.34,6.69,249.5,2.3786,92.16,98.82
Palermo,2016-01-09,38.1157,13.3615,13.91,17.72,11.9,0.0,5.42,189.2,2.4742,83.81,98.82
Palermo,2016-01-10,38.1157,13.3615,13.76,17.0,11.46,0.07,6.0,239.8,2.573,88.12,98.86
Palermo,2016-01-11,38.1157,13.3615,13.12,17.25,10.98,0.01,6.87,208.3,2.5339,88.12,98.9
Palermo,2016-01-12,38.1157,13.3615,13.45,16.04,11.8,0.05,7.51,266.3,2.7223,83.87,98.88
Palermo,2016-01-13,38.1157,13.3615,11.33,13.92,8.2,0.0,7.7,296.9,2.3923,70.1,99.49
Palermo,2016-01-14,38.1157,13.3615,10.17,13.55,7.44,0.0,5.08,229.9,2.4031,79.6,99.5
Palermo,2016-01-15,38.1157,13.3615,11.48,14.26,8.65,2.13,7.04,246.8,1.5014,89.9,98.7
Palermo,2016-01-16,38.1157,13.3615,8.21,9.32,6.11,5.44,6.92,295.5,1.7088,78.41,97.96
Palermo,2016-01-17,38.1157,13.3615,7.58,9.16,6.39,3.82,10.75,340.6,1.8502,65.4,98.46
Palermo,2016-01-18,38.1157,13.3615,7.15,9.97,5.41,0.14,5.66,336.8,2.453,55.65,99.09
Palermo,2016-01-19,38.1157,13.3615,9.14,11.28,5.79,6.83,5.6,233.0,0.7109,84.4,98.53
Palermo,2016-01-20,38.1157,13.3615,8.94,10.86,6.97,0.58,4.0,334.4,1.7258,76.38,99.18
Palermo,2016-01-21,38.1157,13.3615,9.44,13.29,6.33,0.16,2.75,231.4,2.8255,76.4,99.44
Palermo,2016-01-22,38.1157,13.3615,9.62,13.04,6.98,0.02,2.26,352.0,2.7214,80.56,100.03
Palermo,2016-01-23,38.1157,13.3615,9.08,12.83,6.34,0.02,2.67,2.2,2.8778,73.82,100.49
Palermo,2016-01-24,38.1157,13.3615,8.94,12.46,7.35,3.98,3.48,37.7,2.8654,81.28,100.58
Palermo,2016-01-25,38.1157,13.3615,9.11,13.35,6.45,0.0,2.25,358.5,3.2602,71.28,100.77
Palermo,2016-01-26,38.1157,13.3615,9.26,13.7,6.72,0.0,2.75,359.9,2.617,79.96,100.57
Palermo,2016-01-27,38.1157,13.3615,10.38,15.82,7.07,0.0,2.22,35.4,2.7876,85.32,100.4
Palermo,2016-01-28,38.1157,13.3615,11.04,15.74,8.41,0.01,1.52,89.4,2.657,83.92,100.37
Palermo,2016-01-29,38.1157,13.3615,11.25,16.61,8.44,0.0,2.29,74.5,1.9798,84.87,100.5
Palermo,2016-01-30,38.1157,13.3615,10.5,14.51,7.43,0.02,2.49,157.7,2.3342,87.44,100.43
Palermo,2016-01-31,38.1157,13.3615,11.5,14.77,8.1,0.03,5.12,265.2,2.1161,86.97,99.98
Palermo,2016-02-01,38.1157,13.3615,13.03,15.55,11.49,0.14,3.46,290.3,3.0761,87.69,99.94
Palermo,2016-02-02,38.1157,13.3615,12.61,17.17,9.58,0.02,2.75,191.7,3.4138,89.73,100.12
Palermo,2016-02-03,38.1157,13.3615,12.44,15.81,10.63,0.09,4.56,242.7,2.7826,87.74,99.61
Palermo,2016-02-04,38.1157,13.3615,10.96,12.2,8.88,0.06,9.31,322.0,3.192,66.48,99.51
Palermo,2016-02-05,38.1157,13.3615,10.05,13.85,7.34,0.0,4.12,335.0,3.6818,68.5,99.99
Palermo,2016-02-06,38.1157,13.3615,10.22,15.37,6.96,0.0,3.42,157.8,3.8489,75.24,100.3
Palermo,2016-02-07,38.1157,13.3615,11.84,14.24,8.94,3.97,8.75,181.4,2.7478,81.61,99.45
Palermo,2016-02-08,38.1157,13.3615,11.02,13.48,9.03,3.57,2.97,275.4,2.2598,85.53,99.32
Palermo,2016-02-09,38.1157,13.3615,10.98,14.02,8.32,0.04,5.64,217.2,2.5102,87.12,99.49
Palermo,2016-02-10,38.1157,13.3615,12.9,15.85,10.32,0.17,8.77,255.9,2.185,83.63,98.51
Palermo,2016-02-11,38.1157,13.3615,13.36,16.33,10.05,2.25,6.57,241.8,1.6334,92.87,98.59
Palermo,2016-02-12,38.1157,13.3615,13.71,15.85,12.49,2.98,7.31,242.3,2.743,91.53,98.46
Palermo,2016-02-13,38.1157,13.3615,14.54,16.64,13.05,2.37,8.75,237.4,3.0106,91.03,98.06
Palermo,2016-02-14,38.1157,13.3615,14.4,16.47,13.37,6.68,6.59,213.0,1.8614,91.67,97.75
Palermo,2016-02-15,38.1157,13.3615,14.23,17.78,11.32,2.53,4.91,200.1,3.8011,82.38,97.85
Palermo,2016-02-16,38.1157,13.3615,14.1,20.46,10.51,0.03,3.15,194.3,3.4798,86.66,98.66
Palermo,2016-02-17,38.1157,13.3615,11.85,15.72,9.1,0.24,3.51,311.5,3.2808,84.45,99.13
Palermo,2016-02-18,38.1157,13.3615,11.25,12.83,9.79,5.16,7.62,314.7,2.9712,82.05,98.91
Palermo,2016-02-19,38.1157,13.3615,11.13,14.2,8.77,0.15,4.54,275.7,4.0704,77.76,99.6
Palermo,2016-02-20,38.1157,13.3615,9.89,13.12,7.53,0.01,6.06,305.5,4.3102,73.94,100.03
Palermo,2016-02-21,38.1157,13.3615,10.63,15.78,6.67,0.0,3.22,286.7,4.4167,78.87,100.16
Palermo,2016-02-22,38.1157,13.3615,13.15,19.33,8.51,0.05,1.72,176.0,3.2827,74.08,99.66
Palermo,2016-02-23,38.1157,13.3615,13.49,17.44,11.34,2.83,5.66,215.4,1.3387,83.94,98.96
Palermo,2016-02-24,38.1157,13.3615,12.07,15.05,9.83,0.48,5.3,299.5,4.2326,85.09,99.0
Palermo,2016-02-25,38.1157,13.3615,12.49,16.93,8.89,0.15,5.73,215.5,4.3397,82.46,98.78
Palermo,2016-02-26,38.1157,13.3615,11.91,15.41,8.95,0.46,4.77,273.6,4.415,81.09,98.62
Palermo,2016-02-27,38.1157,13.3615,12.03,15.42,8.08,0.01,8.1,164.6,2.6592,81.65,98.22
Palermo,2016-02-28,38.1157,13.3615,13.89,19.28,9.49,0.9,9.93,159.5,3.4363,77.29,97.39
Palermo,2016-02-29,38.1157,13.3615,11.28,14.98,8.02,1.48,7.61,222.4,4.6764,69.78,98.24
Palermo,2016-03-01,38.1157,13.3615,11.14,12.98,9.66,6.33,7.53,262.3,2.3822,85.18,98.64
Palermo,2016-03-02,38.1157,13.3615,11.67,13.99,10.52,1.23,5.45,291.5,4.2377,78.74,98.72
Palermo,2016-03-03,38.1157,13.3615,11.48,13.17,10.05,1.24,9.19,282.2,4.3666,72.28,98.03
Palermo,2016-03-04,38.1157,13.3615,10.48,13.41,7.73,0.62,7.97,291.3,4.4434,68.89,98.32
Palermo,2016-03-05,38.1157,13.3615,11.06,15.54,5.56,0.09,7.34,180.0,4.2689,83.96,98.31
Palermo,2016-03-06,38.1157,13.3615,10.96,14.43,8.52,0.57,3.26,284.6,2.5116,81.53,97.93
Palermo,2016-03-07,38.1157,13.3615,9.51,12.65,7.38,0.57,5.37,279.3,4.6721,73.73,98.11
Palermo,2016-03-08,38.1157,13.3615,9.91,12.43,7.16,5.28,4.07,213.5,1.7561,79.67,98.39
Palermo,2016-03-09,38.1157,13.3615,9.09,11.35,7.48,3.74,5.62,267.6,3.4771,74.98,98.15
Palermo,2016-03-10,38.1157,13.3615,9.46,12.0,6.77,3.3,4.94,192.5,1.8389,79.42,97.91
Palermo,2016-03-11,38.1157,13.3615,10.46,13.21,8.51,16.83,4.73,147.2,2.2291,76.56,97.93
Palermo,2016-03-12,38.1157,13.3615,9.83,11.88,7.91,6.4,2.17,310.1,2.1024,78.69,98.05
Palermo,2016-03-13,38.1157,13.3615,11.03,13.64,8.52,3.41,4.52,351.3,4.0397,82.17,98.27
Palermo,2016-03-14,38.1157,13.3615,11.45,14.13,9.34,0.72,3.33,306.5,4.679,79.54,98.96
Palermo,2016-03-15,38.1157,13.3615,10.56,13.53,8.61,0.68,2.7,277.5,4.7448,82.11,99.13
Palermo,2016-03-16,38.1157,13.3615,10.66,14.24,8.14,0.78,2.57,153.4,3.0655,76.45,98.97
Palermo,2016-03-17,38.1157,13.3615,11.23,15.09,8.55,0.09,1.96,321.8,4.0752,75.15,99.14
Palermo,2016-03-18,38.1157,13.3615,10.43,13.66,8.03,0.77,3.76,284.2,5.0916,84.64,99.04
Palermo,2016-03-19,38.1157,13.3615,11.57,14.61,9.34,0.06,2.32,318.7,5.3059,77.29,99.23
Palermo,2016-03-20,38.1157,13.3615,12.99,18.68,7.68,0.0,4.82,162.1,5.2133,72.87,99.17
Palermo,2016-03-21,38.1157,13.3615,15.87,21.11,11.94,0.0,9.45,163.0,4.9634,69.27,98.39
Palermo,2016-03-22,38.1157,13.3615,15.47,21.17,10.47,0.25,6.06,166.7,1.9464,77.39,97.11
Palermo,2016-03-23,38.1157,13.3615,12.58,14.2,11.11,24.9,10.0,262.1,2.155,90.48,96.56
Palermo,2016-03-24,38.1157,13.3615,11.46,14.5,9.3,2.75,6.22,274.5,5.2646,77.63,97.92
Palermo,2016-03-25,38.1157,13.3615,11.09,14.56,8.49,1.94,4.61,352.3,5.8414,71.06,99.0
Palermo,2016-03-26,38.1157,13.3615,11.47,14.47,8.43,1.16,4.39,287.0,3.672,83.31,99.2
Palermo,2016-03-27,38.1157,13.3615,12.71,17.1,9.55,0.0,2.92,272.1,5.9892,75.82,99.31
Palermo,2016-03-28,38.1157,13.3615,12.76,16.98,9.44,0.11,5.21,243.5,5.0971,88.38,99.21
Palermo,2016-03-29,38.1157,13.3615,13.9,18.16,10.05,0.04,4.09,241.8,5.765,78.72,99.36
Palermo,2016-03-30,38.1157,13.3615,15.29,20.79,10.87,0.0,4.27,178.1,6.3408,63.91,99.53
Palermo,2016-03-31,38.1157,13.3615,16.78,22.15,12.41,0.01,7.34,164.1,5.5474,60.2,99.24
Palermo,2016-04-01,38.1157,13.3615,16.92,22.08,13.2,0.0,6.99,154.9,4.1568,62.72,98.79
Palermo,2016-04-02,38.1157,13.3615,15.57,20.35,12.37,0.0,4.96,122.3,2.2553,67.06,98.56
Palermo,2016-04-03,38.1157,13.3615,16.59,22.63,12.03,0.0,1.81,104.8,5.7254,64.6,98.96
Palermo,2016-04-04,38.1157,13.3615,16.3,21.67,11.95,0.0,3.29,182.0,6.143,62.87,98.94
Palermo,2016-04-05,38.1157,13.3615,16.85,23.02,12.4,0.0,3.32,144.9,5.2889,60.31,98.39
Palermo,2016-04-06,38.1157,13.3615,16.61,23.11,11.73,0.0,3.26,112.3,3.9672,58.73,98.14
Palermo,2016-04-07,38.1157,13.3615,15.93,19.6,13.73,1.78,4.42,71.9,1.1534,67.98,97.55
Palermo,2016-04-08,38.1157,13.3615,14.7,18.03,11.18,2.98,6.67,288.2,4.5938,82.87,97.67
Palermo,2016-04-09,38.1157,13.3615,11.94,13.95,10.33,9.0,5.76,272.5,2.4886,80.11,98.15
Palermo,2016-04-10,38.1157,13.3615,12.22,15.56,10.07,1.24,5.97,288.7,6.2645,78.63,98.58
Palermo,2016-04-11,38.1157,13.3615,14.11,19.91,8.59,0.01,2.58,208.3,6.7646,72.64,99.07
Palermo,2016-04-12,38.1157,13.3615,17.11,22.15,12.16,0.0,5.3,180.3,5.9782,59.29,99.0
Palermo,2016-04-13,38.1157,13.3615,18.38,23.6,13.07,0.0,6.39,193.3,4.7378,60.08,98.68
Palermo,2016-04-14,38.1157,13.3615,14.9,19.05,11.19,0.03,3.99,325.6,6.815,78.85,98.81
Palermo,2016-04-15,38.1157,13.3615,15.81,22.44,10.18,0.01,1.21,137.9,7.2914,62.43,99.06
Palermo,2016-04-16,38.1157,13.3615,16.97,22.99,11.89,0.02,4.51,170.7,6.529,68.08,99.09
Palermo,2016-04-17,38.1157,13.3615,19.31,27.15,12.54,0.03,3.82,160.2,6.8407,53.67,99.0
Palermo,2016-04-18,38.1157,13.3615,18.92,27.37,13.62,0.16,3.47,143.6,5.1857,64.08,98.81
Palermo,2016-04-19,38.1157,13.3615,15.66,20.13,12.4,0.07,4.83,3.1,7.1086,73.29,98.94
Palermo,2016-04-20,38.1157,13.3615,16.39,22.17,11.65,0.0,3.86,51.7,7.4542,67.88,99.22
Palermo,2016-04-21,38.1157,13.3615,16.7,21.93,12.67,0.01,2.11,151.7,5.5406,71.94,99.6
Palermo,2016-04-22,38.1157,13.3615,16.03,19.52,13.45,0.0,1.89,236.2,4.9622,69.73,99.3
Palermo,2016-04-23,38.1157,13.3615,15.53,19.68,12.2,0.01,4.67,264.8,5.5714,77.52,98.67
Palermo,2016-04-24,38.1157,13.3615,15.31,18.35,12.61,0.13,8.21,267.2,6.7675,77.54,98.21
Palermo,2016-04-25,38.1157,13.3615,13.05,15.97,9.5,0.05,9.02,296.7,5.8558,66.37,98.34
Palermo,2016-04-26,38.1157,13.3615,13.17,17.86,9.2,0.0,4.01,238.0,7.4035,65.87,98.86
Palermo,2016-04-27,38.1157,13.3615,15.51,20.2,9.94,0.0,3.97,193.3,5.8889,76.58,98.77
Palermo,2016-04-28,38.1157,13.3615,16.73,23.81,12.31,0.98,3.02,147.4,3.378,76.6,98.59
Palermo,2016-04-29,38.1157,13.3615,17.18,21.96,13.19,0.25,3.06,350.4,6.7291,79.32,98.84
Palermo,2016-04-30,38.1157,13.3615,17.05,22.42,13.18,0.16,2.67,163.0,6.7349,75.13,98.97
Palermo,2016-05-01,38.1157,13.3615,14.47,16.95,11.59,7.2,4.01,284.5,5.3585,79.57,98.75
Palermo,2016-05-02,38.1157,13.3615,12.03,13.73,10.05,5.57,7.12,277.4,5.1024,79.16,98.49
Palermo,2016-05-03,38.1157,13.3615,14.89,18.2,12.2,0.66,7.68,302.3,6.5525,80.22,98.72
Palermo,2016-05-04,38.1157,13.3615,15.09,19.57,11.59,0.09,4.6,303.7,7.3702,80.42,98.95
Palermo,2016-05-05,38.1157,13.3615,16.28,21.23,11.38,0.02,2.25,354.9,7.7554,70.59,99.03
Palermo,2016-05-06,38.1157,13.3615,16.66,21.33,12.38,0.03,2.17,145.4,7.5658,70.66,98.92
Palermo,2016-05-07,38.1157,13.3615,15.88,20.97,12.3,9.01,3.24,133.5,5.3009,73.57,98.57
Palermo,2016-05-08,38.1157,13.3615,17.26,22.21,13.29,0.91,2.63,51.6,6.8976,72.11,98.67
Palermo,2016-05-09,38.1157,13.3615,18.53,23.87,14.01,0.01,2.79,164.4,7.2794,68.25,99.03
Palermo,2016-05-10,38.1157,13.3615,18.85,24.28,13.55,0.02,5.54,159.3,6.679,68.89,98.8
Palermo,2016-05-11,38.1157,13.3615,20.44,25.4,16.61,1.29,6.03,182.6,4.9992,71.15,98.06
Palermo,2016-05-12,38.1157,13.3615,16.95,20.09,13.51,5.22,4.95,286.3,5.8644,81.48,98.14
Palermo,2016-05-13,38.1157,13.3615,16.28,20.1,13.01,0.14,6.57,250.9,7.7705,76.65,98.44
Palermo,2016-05-14,38.1157,13.3615,16.39,20.13,13.22,0.25,6.78,249.7,7.6651,77.11,98.6
Palermo,2016-05-15,38.1157,13.3615,17.15,20.71,14.41,0.42,7.98,257.7,7.6162,75.72,98.97
Palermo,2016-05-16,38.1157,13.3615,16.2,20.19,13.06,0.01,5.62,265.5,7.9865,72.88,99.22
Palermo,2016-05-17,38.1157,13.3615,16.46,20.82,12.32,0.0,3.91,281.0,8.1202,68.43,99.18
Palermo,2016-05-18,38.1157,13.3615,17.46,22.71,13.09,2.27,2.99,189.1,7.4093,60.73,99.07
Palermo,2016-05-19,38.1157,13.3615,17.6,22.63,13.96,0.06,3.75,230.5,6.4015,73.77,98.81
Palermo,2016-05-20,38.1157,13.3615,16.35,19.44,13.25,0.08,6.63,320.9,7.3783,72.43,98.69
Palermo,2016-05-21,38.1157,13.3615,17.23,21.54,13.2,0.37,4.84,337.7,7.86,71.58,99.08
Palermo,2016-05-22,38.1157,13.3615,19.28,25.12,13.84,0.21,1.6,249.4,8.1547,64.19,99.24
Palermo,2016-05-23,38.1157,13.3615,18.44,24.14,14.22,0.0,5.37,234.1,7.6802,70.39,99.16
Palermo,2016-05-24,38.1157,13.3615,16.49,20.44,12.54,0.01,4.43,295.1,8.1449,62.97,99.03
Palermo,2016-05-25,38.1157,13.3615,18.9,24.06,13.57,0.05,2.19,309.4,7.8674,51.11,98.93
Palermo,2016-05-26,38.1157,13.3615,21.94,29.14,15.02,0.0,2.03,158.1,7.6543,51.21,98.96
Palermo,2016-05-27,38.1157,13.3615,22.94,30.46,17.2,0.0,4.63,176.6,7.242,51.01,98.96
Palermo,2016-05-28,38.1157,13.3615,22.25,28.18,18.06,0.0,3.27,208.6,5.8807,58.75,98.83
Palermo,2016-05-29,38.1157,13.3615,20.62,25.15,16.59,0.02,3.8,280.7,5.8042,72.58,98.76
Palermo,2016-05-30,38.1157,13.3615,19.29,23.56,15.48,0.0,3.4,315.6,7.753,70.71,99.02
Palermo,2016-05-31,38.1157,13.3615,20.26,26.7,14.91,0.63,2.23,348.4,6.1985,58.97,99.12
Palermo,2016-06-01,38.1157,13.3615,18.71,23.44,15.3,2.59,3.32,288.8,5.7103,73.23,99.09
Palermo,2016-06-02,38.1157,13.3615,19.09,23.94,14.76,0.0,2.76,304.7,7.9846,63.06,99.0
Palermo,2016-06-03,38.1157,13.3615,20.33,25.15,15.3,0.0,1.83,273.6,8.3357,52.46,98.78
Palermo,2016-06-04,38.1157,13.3615,21.11,25.59,16.92,0.0,1.66,341.7,7.5737,53.88,98.8
Palermo,2016-06-05,38.1157,13.3615,20.68,25.55,17.41,4.77,2.33,319.6,5.6573,68.78,99.01
Palermo,2016-06-06,38.1157,13.3615,21.52,26.73,16.44,0.0,3.17,38.4,8.0354,62.65,99.19
Palermo,2016-06-07,38.1157,13.3615,21.62,26.53,17.53,0.0,3.06,5.0,7.8223,59.23,99.35
Palermo,2016-06-08,38.1157,13.3615,20.76,25.74,16.29,0.0,2.68,344.0,7.812,68.68,99.24
Palermo,2016-06-09,38.1157,13.3615,20.8,24.77,17.28,1.25,3.43,249.7,6.4987,70.36,98.72
Palermo,2016-06-10,38.1157,13.3615,20.73,25.14,16.41,0.5,3.45,247.8,7.8446,74.24,98.51
Palermo,2016-06-11,38.1157,13.3615,22.67,27.85,17.74,0.0,2.31,192.3,7.8622,64.49,98.79
Palermo,2016-06-12,38.1157,13.3615,22.21,27.28,19.22,0.45,6.14,214.8,5.4158,75.67,98.62
Palermo,2016-06-13,38.1157,13.3615,21.27,24.21,19.06,0.08,6.12,285.5,6.9144,73.13,98.22
Palermo,2016-06-14,38.1157,13.3615,21.74,25.4,17.97,0.02,5.86,271.2,8.1014,67.87,98.21
Palermo,2016-06-15,38.1157,13.3615,25.06,32.87,17.56,0.0,3.76,185.5,8.251,55.42,98.24
Palermo,2016-06-16,38.1157,13.3615,26.83,32.81,21.2,0.01,8.35,173.5,6.0571,55.44,98.06
Palermo,2016-06-17,38.1157,13.3615,22.68,27.23,19.35,0.0,6.11,24.1,6.8354,73.76,98.89
Palermo,2016-06-18,38.1157,13.3615,22.36,27.14,18.34,0.04,5.14,32.6,7.7254,61.68,99.06
Palermo,2016-06-19,38.1157,13.3615,20.18,24.39,17.21,0.64,4.4,310.0,5.1962,69.33,99.04
Palermo,2016-06-20,38.1157,13.3615,19.89,23.86,16.84,0.55,3.47,318.6,7.7796,67.29,99.19
Palermo,2016-06-21,38.1157,13.3615,21.08,25.91,16.12,0.01,3.71,22.2,7.2835,66.42,99.42
Palermo,2016-06-22,38.1157,13.3615,21.79,26.3,18.03,5.57,3.16,16.4,6.1697,70.49,99.34
Palermo,2016-06-23,38.1157,13.3615,21.89,25.86,18.88,6.63,3.8,8.3,4.4088,74.39,99.17
Palermo,2016-06-24,38.1157,13.3615,23.27,27.75,19.09,5.96,3.64,2.9,6.4058,76.8,98.86
Palermo,2016-06-25,38.1157,13.3615,24.2,28.93,20.37,0.31,2.65,318.2,7.1347,73.76,98.69
Palermo,2016-06-26,38.1157,13.3615,25.74,30.62,20.54,0.03,2.05,299.7,7.8108,55.81,98.88
Palermo,2016-06-27,38.1157,13.3615,25.65,31.09,20.89,0.02,2.46,303.7,6.3641,52.51,99.1
Palermo,2016-06-28,38.1157,13.3615,22.52,25.88,19.17,0.02,4.49,320.1,7.8098,75.17,99.05
Palermo,2016-06-29,38.1157,13.3615,23.87,29.59,18.14,0.0,1.95,16.0,7.6903,62.09,99.03
Palermo,2016-06-30,38.1157,13.3615,25.86,31.55,20.74,0.18,2.22,134.0,7.1914,57.07,99.01
Palermo,2016-07-01,38.1157,13.3615,26.63,32.5,21.64,0.03,1.7,86.3,7.6241,56.99,99.06
Palermo,2016-07-02,38.1157,13.3615,26.14,31.54,21.83,0.0,2.46,26.5,7.6284,61.15,99.0
Palermo,2016-07-03,38.1157,13.3615,26.01,31.5,21.08,0.0,2.58,348.2,7.8979,56.9,99.05
Palermo,2016-07-04,38.1157,13.3615,26.62,31.73,21.63,0.01,2.59,43.9,8.1204,55.82,98.99
Palermo,2016-07-05,38.1157,13.3615,27.03,31.97,22.25,0.0,1.83,272.1,7.8528,54.29,98.96
Palermo,2016-07-06,38.1157,13.3615,26.02,31.03,21.75,0.0,2.47,309.5,7.4117,59.55,98.89
Palermo,2016-07-07,38.1157,13.3615,25.56,30.99,20.61,0.0,3.22,30.4,8.0628,64.18,99.06
Palermo,2016-07-08,38.1157,13.3615,26.39,32.64,21.01,0.0,2.56,25.6,8.0575,62.59,99.37
Palermo,2016-07-09,38.1157,13.3615,27.37,32.99,22.56,0.0,2.3,15.5,7.745,53.6,99.2
Palermo,2016-07-10,38.1157,13.3615,28.02,33.63,23.39,0.01,1.86,122.5,7.369,50.43,98.94
Palermo,2016-07-11,38.1157,13.3615,28.78,34.29,24.56,0.0,1.59,75.4,7.6766,47.86,98.87
Palermo,2016-07-12,38.1157,13.3615,29.4,35.09,24.67,0.0,1.56,134.8,7.5994,47.26,98.72
Palermo,2016-07-13,38.1157,13.3615,28.92,34.33,23.36,0.0,2.23,264.7,7.7777,50.85,98.71
Palermo,2016-07-14,38.1157,13.3615,24.47,27.79,20.96,0.01,5.41,311.5,7.673,62.16,98.84
Palermo,2016-07-15,38.1157,13.3615,22.04,24.12,20.07,0.17,9.0,296.4,6.4886,61.2,98.75
Palermo,2016-07-16,38.1157,13.3615,22.35,25.14,19.88,0.04,7.83,319.5,7.122,59.93,99.08
Palermo,2016-07-17,38.1157,13.3615,22.26,26.35,18.89,0.0,4.64,357.3,8.0251,57.98,99.4
Palermo,2016-07-18,38.1157,13.3615,22.83,27.07,18.62,0.02,4.21,13.3,8.0513,58.4,99.41
Palermo,2016-07-19,38.1157,13.3615,24.69,29.67,20.22,0.0,4.29,5.1,8.0616,58.26,99.22
Palermo,2016-07-20,38.1157,13.3615,25.19,30.48,20.73,0.0,3.71,2.5,7.8823,60.8,99.12
Palermo,2016-07-21,38.1157,13.3615,26.48,32.1,21.09,0.0,2.64,36.3,8.0021,50.65,99.13
Palermo,2016-07-22,38.1157,13.3615,27.72,33.39,22.76,0.0,1.73,68.0,7.722,45.66,99.02
Palermo,2016-07-23,38.1157,13.3615,27.67,33.41,23.32,0.0,2.19,265.2,7.5257,46.4,98.96
Palermo,2016-07-24,38.1157,13.3615,26.07,30.72,22.07,0.25,2.88,296.9,5.4823,59.19,98.96
Palermo,2016-07-25,38.1157,13.3615,23.72,26.81,21.31,1.36,5.77,276.6,6.659,74.71,98.88
Palermo,2016-07-26,38.1157,13.3615,24.3,28.46,20.92,0.12,4.14,338.5,7.2014,70.75,98.96
Palermo,2016-07-27,38.1157,13.3615,25.75,31.01,21.05,0.01,2.22,330.5,7.5461,62.46,98.96
Palermo,2016-07-28,38.1157,13.3615,26.23,31.49,21.88,0.0,2.11,0.6,7.4923,56.78,98.96
Palermo,2016-07-29,38.1157,13.3615,26.98,32.23,22.6,0.01,2.19,27.8,7.5276,54.8,98.93
Palermo,2016-07-30,38.1157,13.3615,26.85,32.65,21.89,0.01,2.96,34.7,7.7179,54.66,98.98
Palermo,2016-07-31,38.1157,13.3615,27.52,33.66,21.79,0.0,2.79,35.4,7.6862,50.3,98.95
Palermo,2016-08-01,38.1157,13.3615,28.01,33.03,23.84,0.03,3.53,300.3,7.3104,50.73,98.9
Palermo,2016-08-02,38.1157,13.3615,26.14,31.34,22.64,0.0,3.74,343.5,7.3291,63.63,98.96
Palermo,2016-08-03,38.1157,13.3615,25.13,29.84,20.91,0.0,3.55,4.9,7.1071,67.52,98.93
Palermo,2016-08-04,38.1157,13.3615,26.27,30.84,22.1,0.0,2.82,7.3,6.9197,64.19,98.86
Palermo,2016-08-05,38.1157,13.3615,27.32,32.28,22.98,0.0,2.27,358.5,7.3836,58.29,98.78
Palermo,2016-08-06,38.1157,13.3615,25.53,29.27,22.49,0.2,4.77,324.4,6.9864,62.53,98.87
Palermo,2016-08-07,38.1157,13.3615,24.43,27.86,21.61,1.18,5.76,358.0,6.7498,66.67,98.95
Palermo,2016-08-08,38.1157,13.3615,25.03,28.71,21.77,0.25,4.27,355.9,7.0757,64.86,99.12
Palermo,2016-08-09,38.1157,13.3615,24.99,29.45,21.06,0.0,3.17,329.7,7.1371,63.98,99.01
Palermo,2016-08-10,38.1157,13.3615,25.82,31.19,21.63,0.01,3.24,267.5,7.368,55.95,98.84
Palermo,2016-08-11,38.1157,13.3615,24.21,27.91,21.36,0.0,5.87,282.4,6.9005,64.32,99.04
Palermo,2016-08-12,38.1157,13.3615,23.8,28.39,20.21,0.02,4.22,345.0,7.1035,63.73,99.34
Palermo,2016-08-13,38.1157,13.3615,23.83,28.03,19.89,0.0,4.37,26.0,7.4342,52.73,99.47
Palermo,2016-08-14,38.1157,13.3615,24.44,28.7,21.05,0.06,1.96,355.6,7.1633,60.22,99.54
Palermo,2016-08-15,38.1157,13.3615,24.7,29.38,21.13,0.0,2.1,350.8,7.3349,57.32,99.4
Palermo,2016-08-16,38.1157,13.3615,24.86,30.38,20.41,0.0,2.23,3.9,7.4383,51.05,99.12
Palermo,2016-08-17,38.1157,13.3615,24.83,29.41,21.35,0.0,2.12,303.9,4.6493,48.66,98.79
Palermo,2016-08-18,38.1157,13.3615,25.05,29.48,21.68,0.12,2.35,323.4,6.8966,55.33,98.64
Palermo,2016-08-19,38.1157,13.3615,26.63,31.31,21.98,0.0,1.89,337.1,6.9751,46.88,98.79
Palermo,2016-08-20,38.1157,13.3615,28.48,33.49,24.02,0.0,1.74,350.7,6.8582,44.64,98.91
Palermo,2016-08-21,38.1157,13.3615,28.41,33.63,23.87,0.01,1.93,308.6,6.7394,47.07,98.98
Palermo,2016-08-22,38.1157,13.3615,25.35,29.94,22.13,0.14,4.1,351.2,6.7265,70.18,99.07
Palermo,2016-08-23,38.1157,13.3615,24.28,27.8,21.95,0.15,6.28,26.6,6.4699,61.09,99.13
Palermo,2016-08-24,38.1157,13.3615,24.6,27.77,22.08,0.15,6.36,20.2,6.3828,64.13,99.0
Palermo,2016-08-25,38.1157,13.3615,25.46,29.75,21.72,0.38,4.3,32.9,6.4584,63.07,98.93
Palermo,2016-08-26,38.1157,13.3615,26.31,30.94,22.28,0.14,3.07,23.3,6.4534,61.47,99.08
Palermo,2016-08-27,38.1157,13.3615,26.49,30.84,22.58,0.03,2.07,34.7,6.2779,60.13,99.32
Palermo,2016-08-28,38.1157,13.3615,26.45,31.49,22.46,0.0,2.27,4.0,6.5158,58.68,99.38
Palermo,2016-08-29,38.1157,13.3615,25.32,30.31,20.95,0.0,2.54,1.6,6.6526,54.89,99.22
Palermo,2016-08-30,38.1157,13.3615,26.62,31.5,22.26,0.0,2.02,24.5,6.3878,49.34,99.09
Palermo,2016-08-31,38.1157,13.3615,26.52,31.04,23.18,0.1,2.42,223.8,5.4374,56.59,99.17
Palermo,2016-09-01,38.1157,13.3615,24.9,29.26,21.72,0.27,3.69,308.1,5.8286,70.11,99.24
Palermo,2016-09-02,38.1157,13.3615,24.5,28.63,21.56,0.02,4.28,355.7,5.5889,70.23,99.24
Palermo,2016-09-03,38.1157,13.3615,24.84,29.63,20.92,0.08,3.23,328.9,5.6971,69.35,99.23
Palermo,2016-09-04,38.1157,13.3615,25.49,30.93,21.42,0.11,2.33,310.3,6.0694,66.21,99.25
Palermo,2016-09-05,38.1157,13.3615,24.75,29.16,20.78,0.12,5.51,246.1,3.8846,75.6,98.91
Palermo,2016-09-06,38.1157,13.3615,24.1,26.73,22.31,0.44,6.11,5.2,6.0866,65.76,98.52
Palermo,2016-09-07,38.1157,13.3615,20.94,22.24,18.95,2.24,2.01,344.5,4.1294,62.13,98.61
Palermo,2016-09-08,38.1157,13.3615,22.03,26.04,18.55,1.57,4.05,347.4,5.3472,66.12,98.51
Palermo,2016-09-09,38.1157,13.3615,23.18,26.94,20.32,2.57,4.3,321.4,3.5542,70.84,98.61
Palermo,2016-09-10,38.1157,13.3615,23.11,26.94,20.03,1.19,2.97,291.1,4.8516,72.04,98.72
Palermo,2016-09-11,38.1157,13.3615,22.95,25.96,21.25,1.53,2.66,300.9,5.2034,75.89,98.86
Palermo,2016-09-12,38.1157,13.3615,23.08,27.43,20.05,0.27,2.07,352.1,5.4338,70.02,99.0
Palermo,2016-09-13,38.1157,13.3615,23.37,27.88,19.78,0.11,2.08,12.8,5.5471,68.45,98.91
Palermo,2016-09-14,38.1157,13.3615,24.25,29.11,20.97,0.13,2.16,242.0,5.7036,65.48,98.88
Palermo,2016-09-15,38.1157,13.3615,24.53,28.87,21.09,0.81,2.64,244.2,4.3603,69.55,99.14
Palermo,2016-09-16,38.1157,13.3615,25.4,30.45,22.02,0.79,4.35,184.7,4.3308,69.4,99.09
Palermo,2016-09-17,38.1157,13.3615,23.43,27.25,20.1,0.08,3.65,296.8,5.6426,64.08,99.09
Palermo,2016-09-18,38.1157,13.3615,22.71,26.67,19.6,0.32,4.03,268.5,4.579,66.04,98.88
Palermo,2016-09-19,38.1157,13.3615,21.53,23.91,19.17,0.69,6.88,281.4,4.5677,68.66,98.67
Palermo,2016-09-20,38.1157,13.3615,22.03,26.02,18.86,0.16,3.24,306.7,4.5518,67.58,98.73
Palermo,2016-09-21,38.1157,13.3615,21.66,24.67,19.39,1.55,4.68,285.3,3.6984,69.32,98.92
Palermo,2016-09-22,38.1157,13.3615,21.68,25.38,18.89,0.05,4.72,291.0,4.4669,64.78,99.27
Palermo,2016-09-23,38.1157,13.3615,21.35,24.95,18.29,0.19,1.6,278.9,4.5206,64.16,99.64
Palermo,2016-09-24,38.1157,13.3615,22.26,26.96,18.54,0.11,1.48,42.4,5.0698,62.35,99.58
Palermo,2016-09-25,38.1157,13.3615,19.79,20.58,18.45,3.54,2.17,113.3,2.2807,76.7,99.21
Palermo,2016-09-26,38.1157,13.3615,20.07,23.51,17.55,0.91,2.57,16.6,4.2077,70.2,99.2
Palermo,2016-09-27,38.1157,13.3615,20.91,24.79,17.77,0.39,2.46,51.0,5.0198,63.43,99.44
Palermo,2016-09-28,38.1157,13.3615,21.46,24.21,19.26,0.41,3.08,77.1,4.4791,60.1,99.85
Palermo,2016-09-29,38.1157,13.3615,21.66,26.41,18.32,0.0,2.39,47.4,4.8142,61.88,99.96
Palermo,2016-09-30,38.1157,13.3615,22.52,27.11,19.26,0.27,1.4,137.9,4.6541,67.8,99.56
Palermo,2016-10-01,38.1157,13.3615,22.57,25.88,20.21,3.91,3.96,170.6,3.4186,81.43,99.14
Palermo,2016-10-02,38.1157,13.3615,22.74,26.79,20.69,2.0,3.63,233.1,4.5101,77.78,99.08
Palermo,2016-10-03,38.1157,13.3615,22.6,27.25,19.98,0.02,1.86,343.3,4.9289,67.19,99.4
Palermo,2016-10-04,38.1157,13.3615,22.29,27.63,18.62,0.01,2.5,341.1,4.8881,61.95,99.27
Palermo,2016-10-05,38.1157,13.3615,20.16,23.96,17.68,0.03,2.78,352.3,4.8218,68.18,99.08
Palermo,2016-10-06,38.1157,13.3615,20.09,24.92,16.45,0.14,2.47,219.4,4.8581,62.74,98.85
Palermo,2016-10-07,38.1157,13.3615,20.65,24.95,17.15,3.0,6.15,268.8,3.757,75.08,98.75
Palermo,2016-10-08,38.1157,13.3615,19.7,24.09,16.36,0.0,2.3,300.0,4.4057,66.62,99.17
Palermo,2016-10-09,38.1157,13.3615,20.42,25.11,16.73,1.93,3.42,227.8,4.0195,74.84,99.2
Palermo,2016-10-10,38.1157,13.3615,19.39,22.06,17.59,3.48,3.34,255.7,3.7608,84.44,98.93
Palermo,2016-10-11,38.1157,13.3615,19.23,22.23,16.66,0.82,6.26,274.4,4.0908,73.55,98.56
Palermo,2016-10-12,38.1157,13.3615,18.87,22.17,16.42,0.55,3.99,314.0,4.529,66.53,98.77
Palermo,2016-10-13,38.1157,13.3615,21.22,26.26,16.6,0.15,8.42,149.1,4.0872,71.17,98.64
Palermo,2016-10-14,38.1157,13.3615,23.19,26.1,21.24,0.27,10.04,152.7,2.6626,72.9,98.44
Palermo,2016-10-15,38.1157,13.3615,21.91,25.99,18.29,0.15,3.41,355.0,3.2112,80.75,98.93
Palermo,2016-10-16,38.1157,13.3615,19.94,24.94,16.67,0.0,3.73,36.9,4.4606,76.14,99.4
Palermo,2016-10-17,38.1157,13.3615,19.89,24.8,16.23,0.06,1.75,7.8,4.0596,73.9,99.67
Palermo,2016-10-18,38.1157,13.3615,20.0,24.02,17.44,0.17,2.64,248.1,3.8126,72.1,99.58
Palermo,2016-10-19,38.1157,13.3615,20.0,24.09,17.22,0.58,1.73,322.9,4.0855,69.51,99.29
Palermo,2016-10-20,38.1157,13.3615,18.56,21.74,15.46,11.52,3.35,239.1,3.2299,77.72,98.94
Palermo,2016-10-21,38.1157,13.3615,18.91,21.38,17.46,4.19,4.28,233.0,1.8874,89.21,98.71
Palermo,2016-10-22,38.1157,13.3615,19.44,23.34,16.62,0.1,3.31,262.5,3.9607,71.66,98.92
Palermo,2016-10-23,38.1157,13.3615,20.82,25.32,18.29,3.93,4.51,167.1,3.059,76.34,99.02
Palermo,2016-10-24,38.1157,13.3615,22.14,29.45,17.16,0.0,4.0,157.0,3.7282,68.84,99.38
Palermo,2016-10-25,38.1157,13.3615,21.71,27.05,18.47,0.03,3.62,173.4,3.7169,75.08,99.71
Palermo,2016-10-26,38.1157,13.3615,21.74,27.41,18.08,0.23,2.25,198.8,2.8618,78.94,99.46
Palermo,2016-10-27,38.1157,13.3615,19.86,21.91,17.79,7.39,4.78,296.5,2.3268,82.14,99.07
Palermo,2016-10-28,38.1157,13.3615,18.15,19.88,16.7,2.3,9.35,24.4,3.5206,70.1,99.41
Palermo,2016-10-29,38.1157,13.3615,17.59,20.83,14.86,0.02,6.09,43.3,3.5244,72.0,99.5
Palermo,2016-10-30,38.1157,13.3615,17.39,21.56,14.75,0.0,3.01,33.0,3.7442,68.01,99.39
Palermo,2016-10-31,38.1157,13.3615,17.23,21.9,14.23,0.0,4.07,56.1,3.5098,66.4,99.54
Palermo,2016-11-01,38.1157,13.3615,16.91,21.12,14.25,0.01,2.18,46.0,3.7478,61.49,99.77
Palermo,2016-11-02,38.1157,13.3615,17.36,21.92,13.95,0.42,2.85,207.5,3.7198,73.32,99.51
Palermo,2016-11-03,38.1157,13.3615,17.72,20.97,15.74,0.65,4.48,241.3,3.0521,83.95,99.16
Palermo,2016-11-04,38.1157,13.3615,17.65,22.35,15.0,0.07,3.19,268.7,3.6437,79.38,99.46
Palermo,2016-11-05,38.1157,13.3615,17.91,22.04,13.89,0.04,6.43,182.4,3.1435,84.85,99.22
Palermo,2016-11-06,38.1157,13.3615,19.55,23.43,17.1,0.16,7.38,192.1,1.6027,81.18,98.52
Palermo,2016-11-07,38.1157,13.3615,18.2,20.68,16.43,2.72,4.91,218.3,1.6805,87.83,98.22
Palermo,2016-11-08,38.1157,13.3615,16.19,18.25,13.31,4.39,6.38,245.7,1.8504,78.38,97.97
Palermo,2016-11-09,38.1157,13.3615,14.04,15.82,12.13,2.94,8.62,288.2,2.1727,69.55,98.62
Palermo,2016-11-10,38.1157,13.3615,15.87,18.57,14.2,0.11,7.81,282.4,2.815,67.53,99.12
Palermo,2016-11-11,38.1157,13.3615,15.73,18.57,13.13,0.92,6.08,254.0,3.1445,74.26,99.32
Palermo,2016-11-12,38.1157,13.3615,14.82,16.64,11.97,6.27,7.22,279.0,2.855,68.1,99.23
Palermo,2016-11-13,38.1157,13.3615,14.48,18.07,12.11,0.06,2.57,261.5,3.0475,65.31,99.61
Palermo,2016-11-14,38.1157,13.3615,14.78,18.02,12.34,6.89,3.85,192.4,2.0755,86.55,99.43
Palermo,2016-11-15,38.1157,13.3615,15.34,17.63,13.75,2.78,3.3,131.3,1.626,86.11,99.62
Palermo,2016-11-16,38.1157,13.3615,16.56,19.89,14.75,3.21,2.99,140.6,2.5342,82.04,99.62
Palermo,2016-11-17,38.1157,13.3615,16.5,18.92,14.93,6.68,3.59,150.8,1.8773,86.41,99.34
Palermo,2016-11-18,38.1157,13.3615,15.73,17.85,14.39,7.16,4.73,164.0,1.9366,88.77,99.19
Palermo,2016-11-19,38.1157,13.3615,15.65,17.71,14.35,8.52,3.46,158.8,1.7489,86.27,98.94
Palermo,2016-11-20,38.1157,13.3615,16.14,19.57,13.57,2.61,1.96,96.4,2.8582,77.69,98.95
Palermo,2016-11-21,38.1157,13.3615,15.93,20.1,13.08,0.33,2.57,143.3,2.9318,75.1,99.04
Palermo,2016-11-22,38.1157,13.3615,16.51,20.63,14.13,0.34,4.02,160.8,2.885,84.67,99.15
Palermo,2016-11-23,38.1157,13.3615,16.51,20.42,13.56,0.22,5.66,161.0,2.7643,86.6,99.37
Palermo,2016-11-24,38.1157,13.3615,17.79,20.62,16.11,16.01,8.82,154.4,1.422,85.22,99.05
Palermo,2016-11-25,38.1157,13.3615,16.38,18.43,12.83,22.75,4.88,233.1,1.2396,86.71,98.78
Palermo,2016-11-26,38.1157,13.3615,14.27,17.83,12.15,0.0,3.63,33.0,2.7919,80.54,98.91
Palermo,2016-11-27,38.1157,13.3615,14.9,18.74,12.89,0.37,1.94,45.0,2.6314,78.52,98.54
Palermo,2016-11-28,38.1157,13.3615,13.63,16.95,11.66,0.3,2.08,302.6,2.1146,77.76,98.35
Palermo,2016-11-29,38.1157,13.3615,12.15,14.81,9.17,1.32,6.37,31.3,2.2397,75.09,98.96
Palermo,2016-11-30,38.1157,13.3615,9.85,12.71,8.07,0.0,6.77,20.0,2.6724,68.84,100.08
Palermo,2016-12-01,38.1157,13.3615,10.74,14.87,8.29,0.0,3.54,319.1,1.9637,71.38,99.96
Palermo,2016-12-02,38.1157,13.3615,11.48,15.33,8.59,0.0,3.77,267.9,2.6892,76.83,99.38
Palermo,2016-12-03,38.1157,13.3615,12.26,14.56,9.73,0.1,2.91,168.0,2.1055,71.84,99.23
Palermo,2016-12-04,38.1157,13.3615,13.51,17.68,10.73,0.04,2.7,128.0,2.7646,73.33,99.43
Palermo,2016-12-05,38.1157,13.3615,13.09,16.37,10.52,1.19,4.2,148.6,2.3458,81.81,99.78
Palermo,2016-12-06,38.1157,13.3615,13.93,15.65,12.86,5.97,4.15,151.2,1.2602,88.84,99.67
Palermo,2016-12-07,38.1157,13.3615,14.39,16.38,13.34,6.77,4.18,97.8,1.187,83.6,99.87
Palermo,2016-12-08,38.1157,13.3615,14.12,17.22,12.38,0.28,3.85,73.7,2.5159,77.99,100.48
Palermo,2016-12-09,38.1157,13.3615,13.8,17.32,11.51,0.05,2.26,34.0,2.4917,84.05,100.47
Palermo,2016-12-10,38.1157,13.3615,12.45,15.96,9.99,0.01,2.67,6.0,2.2927,81.93,100.19
Palermo,2016-12-11,38.1157,13.3615,12.58,15.59,10.44,0.41,2.44,318.5,1.7129,79.9,99.68
Palermo,2016-12-12,38.1157,13.3615,13.68,16.55,12.14,2.06,5.08,295.5,1.7366,82.19,99.24
Palermo,2016-12-13,38.1157,13.3615,12.86,16.28,10.84,0.33,3.88,52.5,2.5483,71.64,99.77
Palermo,2016-12-14,38.1157,13.3615,12.87,15.41,11.34,5.66,1.57,206.8,1.8466,74.67,99.9
Palermo,2016-12-15,38.1157,13.3615,12.34,13.72,11.02,3.55,3.61,82.4,1.8749,85.09,99.55
Palermo,2016-12-16,38.1157,13.3615,12.14,15.72,9.92,0.2,4.94,81.8,2.167,72.98,99.58
Palermo,2016-12-17,38.1157,13.3615,12.11,15.43,9.77,0.18,6.98,77.5,2.0957,77.79,100.06
Palermo,2016-12-18,38.1157,13.3615,10.86,14.54,7.93,0.03,3.17,109.0,2.3455,72.72,100.37
Palermo,2016-12-19,38.1157,13.3615,12.89,15.47,9.62,3.69,9.51,140.7,1.2646,85.66,99.55
Palermo,2016-12-20,38.1157,13.3615,14.44,17.37,11.06,2.55,8.12,168.9,1.4671,81.88,98.91
Palermo,2016-12-21,38.1157,13.3615,12.57,16.16,9.72,1.24,3.28,107.9,2.0232,88.61,99.3
Palermo,2016-12-22,38.1157,13.3615,12.71,16.13,10.22,0.8,3.33,55.1,2.1425,77.43,99.98
Palermo,2016-12-23,38.1157,13.3615,11.45,15.05,9.16,0.04,3.11,0.7,2.183,77.93,100.2
Palermo,2016-12-24,38.1157,13.3615,11.65,15.87,9.53,0.03,2.61,323.9,2.4007,79.31,100.29
Palermo,2016-12-25,38.1157,13.3615,12.27,15.14,10.58,0.22,3.0,298.5,2.1835,86.22,99.98
Palermo,2016-12-26,38.1157,13.3615,12.27,16.08,10.55,0.12,2.47,24.2,2.514,80.36,100.21
Palermo,2016-12-27,38.1157,13.3615,12.22,15.9,9.77,0.27,2.62,310.3,2.2445,85.87,100.19
Palermo,2016-12-28,38.1157,13.3615,11.27,13.94,8.47,0.06,5.96,24.0,2.8219,69.37,100.36
Palermo,2016-12-29,38.1157,13.3615,9.06,11.42,6.48,0.32,9.25,24.1,2.262,63.46,100.18
Palermo,2016-12-30,38.1157,13.3615,7.74,10.69,5.44,0.3,5.31,20.1,1.771,66.61,100.34
Palermo,2016-12-31,38.1157,13.3615,7.54,11.01,5.41,0.35,4.02,27.5,2.1857,69.35,100.2
Palermo,2017-01-01,38.1157,13.3615,8.47,11.8,6.29,0.33,2.21,253.1,2.2728,71.39,99.94
Palermo,2017-01-02,38.1157,13.3615,10.0,13.29,7.89,0.1,3.21,248.7,2.2015,72.95,99.78
Palermo,2017-01-03,38.1157,13.3615,10.39,13.41,7.23,0.21,5.33,238.4,1.5782,81.12,99.41
Palermo,2017-01-04,38.1157,13.3615,11.23,13.33,10.09,0.26,5.85,290.6,2.2778,76.34,98.98
Palermo,2017-01-05,38.1157,13.3615,10.53,13.07,6.99,1.43,8.87,298.7,1.051,76.56,98.22
Palermo,2017-01-06,38.1157,13.3615,5.44,7.08,4.16,3.79,11.15,353.4,1.2398,69.68,99.12
Palermo,2017-01-07,38.1157,13.3615,4.63,6.42,3.57,0.14,9.14,354.7,1.6236,65.96,99.74
Palermo,2017-01-08,38.1157,13.3615,5.26,8.7,2.56,0.91,3.49,8.7,2.0018,72.0,99.49
Palermo,2017-01-09,38.1157,13.3615,6.05,8.48,4.7,0.17,5.66,20.6,1.759,72.54,99.1
Palermo,2017-01-10,38.1157,13.3615,7.97,10.49,5.29,7.34,4.56,261.7,1.409,77.92,98.33
Palermo,2017-01-11,38.1157,13.3615,8.8,11.73,5.96,5.19,4.43,43.3,2.0765,81.98,98.64
Palermo,2017-01-12,38.1157,13.3615,8.79,12.33,5.42,0.7,3.33,249.7,2.0218,76.02,99.63
Palermo,2017-01-13,38.1157,13.3615,11.11,12.6,9.14,2.63,8.17,236.5,1.6008,80.95,98.82
Palermo,2017-01-14,38.1157,13.3615,8.52,11.24,6.35,0.41,6.05,291.9,2.0304,68.61,98.62
Palermo,2017-01-15,38.1157,13.3615,7.75,9.24,6.57,6.33,7.24,246.3,1.8029,78.72,98.32
Palermo,2017-01-16,38.1157,13.3615,7.44,9.36,6.05,6.53,6.61,271.9,1.5895,79.94,97.91
Palermo,2017-01-17,38.1157,13.3615,6.4,7.75,5.58,9.68,6.48,222.3,1.553,83.75,97.52
Palermo,2017-01-18,38.1157,13.3615,7.1,8.87,5.65,7.07,4.22,200.8,1.308,86.75,98.11
Palermo,2017-01-19,38.1157,13.3615,9.06,11.64,7.29,0.41,2.87,248.9,2.8267,76.12,99.28
Palermo,2017-01-20,38.1157,13.3615,9.7,14.28,5.69,0.01,4.79,110.6,3.077,73.32,99.6
Palermo,2017-01-21,38.1157,13.3615,12.22,15.08,10.11,5.72,9.92,127.8,2.376,80.06,99.15
Palermo,2017-01-22,38.1157,13.3615,12.73,14.57,11.72,14.32,7.38,135.5,0.7363,86.0,98.93
Palermo,2017-01-23,38.1157,13.3615,11.33,14.13,8.85,7.51,3.15,221.4,2.4938,70.59,98.57
Palermo,2017-01-24,38.1157,13.3615,9.96,13.65,7.74,0.39,2.1,19.1,2.2181,68.16,98.5
Palermo,2017-01-25,38.1157,13.3615,9.67,11.98,8.21,1.03,1.82,26.1,2.1802,81.44,98.94
Palermo,2017-01-26,38.1157,13.3615,10.23,13.43,7.89,0.21,1.32,311.5,3.0437,76.56,99.66
Palermo,2017-01-27,38.1157,13.3615,10.13,13.65,6.6,0.03,4.44,164.8,2.8865,82.96,99.89
Palermo,2017-01-28,38.1157,13.3615,11.28,13.28,9.82,6.95,5.09,161.7,1.8571,82.23,99.37
Palermo,2017-01-29,38.1157,13.3615,9.98,12.3,8.06,2.01,2.62,57.9,2.9028,84.94,99.38
Palermo,2017-01-30,38.1157,13.3615,9.72,13.37,7.35,0.03,2.42,358.9,3.3276,74.88,99.74
Palermo,2017-01-31,38.1157,13.3615,9.9,13.68,7.49,0.12,3.65,194.5,2.8985,82.06,99.82
Palermo,2017-02-01,38.1157,13.3615,11.63,15.31,8.63,0.0,6.69,184.5,3.4212,84.62,99.77
Palermo,2017-02-02,38.1157,13.3615,12.67,15.46,11.12,0.02,6.83,175.0,2.6323,85.65,99.65
Palermo,2017-02-03,38.1157,13.3615,12.45,16.21,9.59,0.03,5.04,202.6,3.2674,85.58,99.5
Palermo,2017-02-04,38.1157,13.3615,12.34,15.58,9.73,0.03,6.72,222.6,2.9314,88.56,99.4
Palermo,2017-02-05,38.1157,13.3615,13.17,16.28,11.7,2.62,7.47,217.2,2.706,85.91,98.85
Palermo,2017-02-06,38.1157,13.3615,9.73,10.62,8.98,10.26,9.75,258.6,2.3551,84.22,97.89
Palermo,2017-02-07,38.1157,13.3615,10.8,12.86,9.38,5.7,5.49,333.2,3.2124,84.33,98.33
Palermo,2017-02-08,38.1157,13.3615,11.33,14.22,8.81,7.6,3.92,198.6,2.6657,84.58,98.68
Palermo,2017-02-09,38.1157,13.3615,10.12,11.76,9.22,22.63,4.02,182.2,2.0705,85.2,98.22
Palermo,2017-02-10,38.1157,13.3615,10.57,13.56,8.86,1.29,2.7,40.5,3.6329,79.09,98.75
Palermo,2017-02-11,38.1157,13.3615,11.4,15.1,8.92,0.09,1.96,79.0,3.2426,76.54,99.37
Palermo,2017-02-12,38.1157,13.3615,11.34,15.24,8.91,0.05,4.12,162.5,3.7517,80.89,99.75
Palermo,2017-02-13,38.1157,13.3615,12.07,16.02,9.28,0.04,3.92,144.6,3.3934,81.77,99.82
Palermo,2017-02-14,38.1157,13.3615,12.18,15.22,10.19,0.06,3.18,118.0,3.1613,78.51,100.07
Palermo,2017-02-15,38.1157,13.3615,11.35,15.22,8.28,0.02,1.78,36.8,3.9818,71.71,100.6
Palermo,2017-02-16,38.1157,13.3615,10.11,14.75,6.88,0.0,1.84,22.0,4.0589,73.92,100.54
Palermo,2017-02-17,38.1157,13.3615,10.47,14.73,8.07,0.0,1.1,270.5,3.593,73.03,100.09
Palermo,2017-02-18,38.1157,13.3615,10.08,14.22,7.41,0.05,2.55,251.3,2.5459,81.82,99.5
Palermo,2017-02-19,38.1157,13.3615,10.14,13.87,8.08,0.04,3.7,36.5,4.1573,80.2,99.47
Palermo,2017-02-20,38.1157,13.3615,9.61,13.83,6.99,0.0,3.1,343.8,4.3975,68.64,99.62
Palermo,2017-02-21,38.1157,13.3615,9.74,14.11,6.45,0.0,3.06,342.3,4.3699,69.56,99.62
Palermo,2017-02-22,38.1157,13.3615,10.74,14.66,7.63,0.01,2.98,247.5,3.4697,77.83,99.55
Palermo,2017-02-23,38.1157,13.3615,12.24,16.36,8.54,0.0,2.87,244.9,4.2739,80.25,99.35
Palermo,2017-02-24,38.1157,13.3615,13.02,18.38,8.4,0.1,6.29,169.0,2.3023,80.42,98.74
Palermo,2017-02-25,38.1157,13.3615,12.62,15.65,9.47,0.05,4.85,272.5,3.0341,83.56,98.57
Palermo,2017-02-26,38.1157,13.3615,11.89,15.89,9.08,0.14,2.85,7.3,3.7054,83.38,98.93
Palermo,2017-02-27,38.1157,13.3615,13.05,16.34,10.89,0.21,4.12,22.0,4.189,86.47,99.08
Palermo,2017-02-28,38.1157,13.3615,12.83,16.61,10.35,0.07,4.74,208.3,4.1779,86.06,99.0
Palermo,2017-03-01,38.1157,13.3615,11.9,15.31,9.0,0.16,6.24,282.4,4.685,80.38,99.09
Palermo,2017-03-02,38.1157,13.3615,11.92,16.2,8.58,0.01,2.41,271.4,4.9783,73.64,99.4
Palermo,2017-03-03,38.1157,13.3615,12.87,17.55,8.85,0.01,2.74,183.4,5.0182,78.11,99.15
Palermo,2017-03-04,38.1157,13.3615,13.26,16.64,11.09,0.04,6.8,181.5,4.0486,84.87,98.88
Palermo,2017-03-05,38.1157,13.3615,12.97,16.75,10.1,0.69,5.43,221.1,2.7053,85.09,98.96
Palermo,2017-03-06,38.1157,13.3615,12.17,15.77,8.76,0.08,5.83,273.6,4.4842,80.08,99.08
Palermo,2017-03-07,38.1157,13.3615,12.39,13.28,11.26,2.04,12.12,297.3,3.8899,71.14,98.08
Palermo,2017-03-08,38.1157,13.3615,11.89,13.92,10.06,2.87,10.15,344.0,3.929,70.03,98.47
Palermo,2017-03-09,38.1157,13.3615,11.42,15.31,8.71,0.01,4.8,350.0,5.1562,77.26,99.02
Palermo,2017-03-10,38.1157,13.3615,12.29,17.11,8.68,0.05,4.41,321.2,4.5312,85.7,98.66
Palermo,2017-03-11,38.1157,13.3615,11.18,13.94,8.28,0.0,7.22,6.4,5.274,65.39,98.83
Palermo,2017-03-12,38.1157,13.3615,11.5,16.28,8.19,0.0,2.23,308.0,5.4415,62.39,98.92
Palermo,2017-03-13,38.1157,13.3615,11.61,15.25,8.18,1.63,2.61,129.6,2.5483,72.76,99.1
Palermo,2017-03-14,38.1157,13.3615,12.04,17.04,8.72,0.02,2.54,47.2,5.4782,70.55,99.77
Palermo,2017-03-15,38.1157,13.3615,10.82,15.46,7.75,0.1,4.16,40.3,5.1142,68.47,99.69
Palermo,2017-03-16,38.1157,13.3615,10.65,15.06,7.37,0.02,4.75,44.2,5.467,71.1,99.49
Palermo,2017-03-17,38.1157,13.3615,11.46,16.28,8.05,0.0,3.97,334.7,5.7048,77.13,99.55
Palermo,2017-03-18,38.1157,13.3615,11.48,16.79,7.41,0.01,5.11,242.8,5.8147,81.71,99.35
Palermo,2017-03-19,38.1157,13.3615,12.47,17.44,8.78,0.02,4.88,247.0,5.713,82.08,99.11
Palermo,2017-03-20,38.1157,13.3615,13.61,19.1,8.83,0.1,3.05,214.6,5.837,72.69,98.8
Palermo,2017-03-21,38.1157,13.3615,13.21,18.75,8.91,0.27,3.89,43.9,5.7634,78.75,98.4
Palermo,2017-03-22,38.1157,13.3615,13.78,19.12,9.97,0.08,1.83,329.1,5.1062,83.14,98.86
Palermo,2017-03-23,38.1157,13.3615,14.45,19.76,10.14,0.01,2.14,200.1,5.7475,80.04,99.2
Palermo,2017-03-24,38.1157,13.3615,14.42,19.66,10.67,0.01,3.68,156.4,5.2982,79.34,99.36
Palermo,2017-03-25,38.1157,13.3615,14.4,20.53,9.15,0.07,3.42,172.3,5.5363,78.75,99.41
Palermo,2017-03-26,38.1157,13.3615,13.1,17.38,9.12,0.01,3.25,354.8,5.3318,78.02,99.34
Palermo,2017-03-27,38.1157,13.3615,11.84,17.24,7.85,0.05,3.49,348.9,6.0401,78.64,99.27
Palermo,2017-03-28,38.1157,13.3615,11.15,14.66,8.25,0.26,4.5,6.8,5.6374,79.49,99.43
Palermo,2017-03-29,38.1157,13.3615,12.13,16.18,8.89,0.05,4.11,355.3,5.8452,75.0,99.61
Palermo,2017-03-30,38.1157,13.3615,12.86,18.09,9.04,0.01,3.69,334.1,6.1786,78.86,99.78
Palermo,2017-03-31,38.1157,13.3615,14.42,20.22,9.76,0.01,1.72,334.0,5.9585,72.77,99.74
Palermo,2017-04-01,38.1157,13.3615,14.56,20.49,9.56,0.2,5.08,171.9,5.4074,68.04,99.05
Palermo,2017-04-02,38.1157,13.3615,12.2,14.16,11.41,21.1,4.47,252.8,1.4798,85.53,98.63
Palermo,2017-04-03,38.1157,13.3615,12.11,13.43,10.6,15.91,5.62,263.6,3.1944,85.79,98.55
Palermo,2017-04-04,38.1157,13.3615,12.15,15.03,10.3,6.56,4.24,357.9,5.5318,85.93,98.78
Palermo,2017-04-05,38.1157,13.3615,14.02,18.93,10.25,0.13,1.89,298.3,5.8015,77.83,99.04
Palermo,2017-04-06,38.1157,13.3615,14.51,18.72,10.05,0.06,2.34,278.1,6.0494,72.88,98.98
Palermo,2017-04-07,38.1157,13.3615,14.97,18.91,11.16,0.95,2.28,27.1,5.7122,73.13,99.1
Palermo,2017-04-08,38.1157,13.3615,14.53,19.24,10.42,0.01,3.38,57.3,6.5933,75.33,99.41
Palermo,2017-04-09,38.1157,13.3615,14.62,18.77,11.71,0.0,3.35,55.9,4.0262,73.77,99.57
Palermo,2017-04-10,38.1157,13.3615,14.58,19.33,11.25,0.0,1.82,347.9,6.5686,73.11,99.56
Palermo,2017-04-11,38.1157,13.3615,14.73,19.34,10.71,0.01,1.96,307.0,6.5688,73.53,99.29
Palermo,2017-04-12,38.1157,13.3615,15.0,19.81,11.43,0.03,1.76,358.4,6.8074,63.44,99.13
Palermo,2017-04-13,38.1157,13.3615,15.01,19.97,11.12,0.0,2.22,309.6,6.8038,70.43,99.01
Palermo,2017-04-14,38.1157,13.3615,15.37,20.52,10.81,0.02,3.03,247.7,6.8945,75.54,99.02
Palermo,2017-04-15,38.1157,13.3615,16.13,21.25,11.32,0.01,4.11,243.8,6.8894,69.57,98.98
Palermo,2017-04-16,38.1157,13.3615,15.51,19.36,13.08,1.61,4.62,286.8,4.6085,79.79,98.83
Palermo,2017-04-17,38.1157,13.3615,15.13,18.89,12.45,0.01,5.04,273.7,6.8371,82.32,98.83
Palermo,2017-04-18,38.1157,13.3615,15.33,19.76,11.73,0.01,5.93,241.3,6.8911,79.3,98.69
Palermo,2017-04-19,38.1157,13.3615,13.59,17.1,9.81,0.01,6.41,317.4,6.9466,68.68,98.82
Palermo,2017-04-20,38.1157,13.3615,11.85,15.69,8.69,0.0,4.79,12.7,7.2384,57.08,99.42
Palermo,2017-04-21,38.1157,13.3615,10.65,13.89,7.75,0.48,4.69,18.9,6.8945,61.44,99.82
Palermo,2017-04-22,38.1157,13.3615,11.71,16.12,7.44,0.02,4.27,330.8,6.2086,65.34,99.8
Palermo,2017-04-23,38.1157,13.3615,13.27,18.53,8.99,0.0,2.88,235.6,7.4863,64.69,99.5
Palermo,2017-04-24,38.1157,13.3615,13.7,18.91,8.73,0.0,2.27,153.6,6.9634,69.92,99.35
Palermo,2017-04-25,38.1157,13.3615,15.42,21.94,9.6,0.08,3.44,152.1,7.441,72.47,99.0
Palermo,2017-04-26,38.1157,13.3615,17.0,22.75,11.55,0.02,6.7,162.7,7.0937,67.84,98.75
Palermo,2017-04-27,38.1157,13.3615,17.82,22.2,14.5,0.12,6.95,169.2,5.4624,58.21,98.73
Palermo,2017-04-28,38.1157,13.3615,17.86,22.72,14.09,0.05,5.25,181.7,4.8838,64.82,98.56
Palermo,2017-04-29,38.1157,13.3615,14.35,17.65,11.08,0.48,6.23,7.1,5.6057,76.29,98.56
Palermo,2017-04-30,38.1157,13.3615,14.36,18.96,10.32,0.0,3.65,332.3,7.3272,71.55,98.8
Palermo,2017-05-01,38.1157,13.3615,15.78,21.08,10.93,0.02,2.93,276.9,7.6426,70.97,99.03
Palermo,2017-05-02,38.1157,13.3615,15.1,18.94,11.47,0.03,3.94,319.1,7.4724,74.38,99.22
Palermo,2017-05-03,38.1157,13.3615,15.27,20.35,10.92,0.0,2.67,347.3,7.585,64.56,99.25
Palermo,2017-05-04,38.1157,13.3615,17.91,23.23,13.34,0.0,2.34,197.1,7.2953,59.77,99.08
Palermo,2017-05-05,38.1157,13.3615,20.1,26.27,14.17,0.01,2.82,181.8,7.4071,63.82,98.91
Palermo,2017-05-06,38.1157,13.3615,20.47,28.17,15.98,0.07,4.29,205.1,6.0108,66.99,98.9
Palermo,2017-05-07,38.1157,13.3615,17.6,22.38,13.42,0.02,4.43,293.0,7.9483,70.46,98.87
Palermo,2017-05-08,38.1157,13.3615,16.5,20.8,12.75,0.0,5.07,291.0,7.7078,74.55,98.56
Palermo,2017-05-09,38.1157,13.3615,16.61,20.69,13.33,0.01,4.35,291.9,7.5293,72.87,98.49
Palermo,2017-05-10,38.1157,13.3615,18.32,24.47,11.86,0.02,4.18,167.5,7.1064,64.27,98.51
Palermo,2017-05-11,38.1157,13.3615,20.62,26.13,16.59,0.04,6.56,160.6,4.5365,64.42,98.08
Palermo,2017-05-12,38.1157,13.3615,21.81,28.5,16.84,0.01,2.32,245.2,5.8428,67.37,98.31
Palermo,2017-05-13,38.1157,13.3615,19.5,24.06,15.87,0.0,2.92,340.3,6.9161,68.37,99.08
Palermo,2017-05-14,38.1157,13.3615,19.89,26.01,14.99,0.0,3.1,44.6,7.8031,62.86,99.51
Palermo,2017-05-15,38.1157,13.3615,19.18,23.35,15.61,0.0,2.62,5.9,5.9983,66.68,99.72
Palermo,2017-05-16,38.1157,13.3615,18.66,23.21,14.21,0.11,3.6,5.6,7.4638,73.01,99.53
Palermo,2017-05-17,38.1157,13.3615,19.52,24.26,15.21,0.04,3.8,5.6,7.499,72.65,99.3
Palermo,2017-05-18,38.1157,13.3615,20.62,25.54,15.79,0.01,1.94,50.0,7.9382,65.27,98.99
Palermo,2017-05-19,38.1157,13.3615,19.67,24.09,16.3,0.06,6.46,198.8,7.577,69.32,99.06
Palermo,2017-05-20,38.1157,13.3615,18.27,22.22,14.54,0.07,4.97,282.8,7.8672,71.7,99.29
Palermo,2017-05-21,38.1157,13.3615,17.47,20.87,14.17,0.04,6.28,323.8,6.8986,71.33,99.13
Palermo,2017-05-22,38.1157,13.3615,19.37,24.44,14.53,0.01,2.48,357.7,7.7321,68.52,99.17
Palermo,2017-05-23,38.1157,13.3615,20.02,25.21,15.73,0.0,2.37,306.7,7.5905,64.58,99.21
Palermo,2017-05-24,38.1157,13.3615,19.66,24.56,15.54,0.01,2.83,23.6,7.8478,64.68,99.21
Palermo,2017-05-25,38.1157,13.3615,20.93,26.02,16.55,0.01,1.64,330.9,7.4047,55.9,98.93
Palermo,2017-05-26,38.1157,13.3615,19.69,24.02,15.9,0.11,4.41,37.5,8.0726,61.69,98.93
Palermo,2017-05-27,38.1157,13.3615,19.31,23.88,15.11,0.0,3.68,19.8,8.1082,63.59,99.18
Palermo,2017-05-28,38.1157,13.3615,20.06,25.05,15.31,0.0,3.73,40.9,7.8091,60.26,99.28
Palermo,2017-05-29,38.1157,13.3615,20.98,25.77,16.47,0.0,2.0,36.7,7.5773,59.58,99.16
Palermo,2017-05-30,38.1157,13.3615,21.38,25.83,17.32,0.0,1.27,336.1,7.8806,60.18,99.26
Palermo,2017-05-31,38.1157,13.3615,21.84,26.5,17.37,0.0,1.61,43.0,7.7354,59.2,99.49
Palermo,2017-06-01,38.1157,13.3615,22.56,27.47,17.88,0.0,1.62,189.2,7.6625,52.45,99.46
Palermo,2017-06-02,38.1157,13.3615,21.8,26.46,18.81,0.2,1.78,240.8,4.313,55.13,99.31
Palermo,2017-06-03,38.1157,13.3615,22.8,27.67,18.59,0.0,2.35,15.5,7.9781,56.63,99.03
Palermo,2017-06-04,38.1157,13.3615,23.38,28.38,18.76,0.0,2.23,40.2,8.1941,57.27,98.88
Palermo,2017-06-05,38.1157,13.3615,23.35,28.56,19.21,1.09,1.9,168.5,5.245,57.74,98.6
Palermo,2017-06-06,38.1157,13.3615,21.37,25.67,17.81,5.09,3.05,240.5,6.6898,67.95,98.65
Palermo,2017-06-07,38.1157,13.3615,21.37,26.01,16.93,0.03,3.24,333.5,8.1552,70.99,98.97
Palermo,2017-06-08,38.1157,13.3615,21.81,26.98,17.98,0.01,2.52,358.8,8.3064,65.88,99.09
Palermo,2017-06-09,38.1157,13.3615,22.61,27.68,17.81,0.0,2.13,260.0,8.4295,60.61,99.03
Palermo,2017-06-10,38.1157,13.3615,22.56,28.0,18.36,0.0,2.07,347.2,8.183,61.31,99.08
Palermo,2017-06-11,38.1157,13.3615,21.89,26.74,17.5,0.0,4.39,34.7,7.7069,70.1,98.97
Palermo,2017-06-12,38.1157,13.3615,22.9,27.58,18.81,0.0,2.92,22.3,7.9498,60.42,99.04
Palermo,2017-06-13,38.1157,13.3615,24.12,29.4,19.16,0.0,1.9,348.2,8.2481,57.02,99.04
Palermo,2017-06-14,38.1157,13.3615,25.14,30.09,20.97,0.0,1.8,306.1,8.2853,54.77,99.0
Palermo,2017-06-15,38.1157,13.3615,25.87,31.05,21.18,0.0,1.79,7.7,8.2898,55.25,98.99
Palermo,2017-06-16,38.1157,13.3615,26.22,31.03,21.62,0.0,2.31,8.3,7.8809,51.67,98.98
Palermo,2017-06-17,38.1157,13.3615,26.28,31.42,21.97,0.0,2.2,344.4,8.0861,55.06,98.73
Palermo,2017-06-18,38.1157,13.3615,24.27,28.34,20.35,0.44,4.2,43.1,7.4638,63.17,98.86
Palermo,2017-06-19,38.1157,13.3615,22.9,26.75,19.51,0.0,4.38,32.5,8.2378,57.51,99.29
Palermo,2017-06-20,38.1157,13.3615,24.47,29.17,19.61,0.0,1.99,51.1,8.1941,55.63,99.39
Palermo,2017-06-21,38.1157,13.3615,24.92,29.38,21.13,0.0,1.77,290.2,8.0894,54.27,99.19
Palermo,2017-06-22,38.1157,13.3615,25.34,30.28,21.31,0.0,2.2,34.2,8.0122,51.96,99.23
Palermo,2017-06-23,38.1157,13.3615,25.84,30.74,21.3,0.01,2.86,29.6,7.7455,52.65,99.35
Palermo,2017-06-24,38.1157,13.3615,26.11,31.36,21.25,0.0,2.49,9.5,8.2426,51.81,99.2
Palermo,2017-06-25,38.1157,13.3615,26.48,32.22,21.83,0.0,1.8,0.6,8.1017,47.12,98.97
Palermo,2017-06-26,38.1157,13.3615,28.2,33.46,22.71,0.0,1.84,287.6,7.9562,47.66,98.79
Palermo,2017-06-27,38.1157,13.3615,28.45,34.41,23.54,0.01,5.03,208.6,7.553,49.18,98.63
Palermo,2017-06-28,38.1157,13.3615,28.53,34.56,23.63,0.08,4.77,185.7,5.3081,53.7,98.39
Palermo,2017-06-29,38.1157,13.3615,27.26,32.19,22.5,0.0,3.11,270.9,7.7957,53.96,98.51
Palermo,2017-06-30,38.1157,13.3615,28.44,33.86,23.64,0.21,3.46,239.0,7.3814,51.86,98.51
Palermo,2017-07-01,38.1157,13.3615,24.92,29.29,21.04,0.0,6.45,14.2,6.8971,61.66,98.74
Palermo,2017-07-02,38.1157,13.3615,23.04,26.09,20.47,0.11,5.56,324.4,7.92,60.52,98.99
Palermo,2017-07-03,38.1157,13.3615,23.41,27.28,19.97,0.04,4.22,344.2,8.0386,62.81,99.17
Palermo,2017-07-04,38.1157,13.3615,24.5,29.3,20.08,0.0,3.91,18.4,8.2769,59.27,99.32
Palermo,2017-07-05,38.1157,13.3615,25.74,31.33,20.35,0.0,3.31,44.5,8.2886,52.84,99.33
Palermo,2017-07-06,38.1157,13.3615,27.08,32.49,21.81,0.0,2.62,51.8,8.3275,47.05,99.38
Palermo,2017-07-07,38.1157,13.3615,27.54,33.34,22.6,0.0,2.84,45.1,8.4029,42.64,99.3
Palermo,2017-07-08,38.1157,13.3615,28.0,33.75,22.13,0.0,2.16,50.0,8.2488,43.81,99.09
Palermo,2017-07-09,38.1157,13.3615,29.27,33.89,24.69,0.0,1.59,1.3,8.1809,40.33,98.96
Palermo,2017-07-10,38.1157,13.3615,29.77,35.08,24.95,0.0,2.15,218.4,7.4335,35.07,98.94
Palermo,2017-07-11,38.1157,13.3615,29.73,34.98,24.71,0.0,3.43,199.4,7.9519,31.7,99.06
Palermo,2017-07-12,38.1157,13.3615,28.95,35.36,23.8,0.0,4.7,235.9,7.8211,47.92,98.94
Palermo,2017-07-13,38.1157,13.3615,27.7,32.89,22.77,0.0,3.52,327.1,7.9426,58.32,98.79
Palermo,2017-07-14,38.1157,13.3615,25.85,29.98,22.25,0.0,3.81,328.6,7.8259,62.78,98.62
Palermo,2017-07-15,38.1157,13.3615,25.49,30.45,21.23,0.03,3.21,333.2,7.9536,63.95,98.6
Palermo,2017-07-16,38.1157,13.3615,25.08,29.28,21.1,1.58,4.85,9.3,7.1203,65.62,98.75
Palermo,2017-07-17,38.1157,13.3615,24.08,27.37,20.95,0.0,5.75,22.2,7.8989,51.97,99.12
Palermo,2017-07-18,38.1157,13.3615,25.2,29.93,20.48,0.0,2.65,21.0,7.5782,53.63,99.3
Palermo,2017-07-19,38.1157,13.3615,25.92,30.52,21.35,0.0,2.24,197.4,6.629,53.68,99.22
Palermo,2017-07-20,38.1157,13.3615,26.7,31.98,21.84,0.0,1.57,121.1,7.9466,52.95,98.88
Palermo,2017-07-21,38.1157,13.3615,27.3,33.39,21.48,0.0,3.33,182.4,7.627,50.2,98.83
Palermo,2017-07-22,38.1157,13.3615,28.09,34.17,22.32,0.0,4.35,190.6,7.0301,49.86,98.99
Palermo,2017-07-23,38.1157,13.3615,28.65,35.45,24.36,0.06,3.27,245.9,6.7495,51.23,99.02
Palermo,2017-07-24,38.1157,13.3615,28.35,33.7,23.95,0.02,3.75,268.5,6.4685,59.57,98.61
Palermo,2017-07-25,38.1157,13.3615,25.35,28.2,23.07,0.02,7.61,285.4,7.7242,62.35,98.38
Palermo,2017-07-26,38.1157,13.3615,24.28,27.3,21.41,0.03,7.75,282.0,6.8549,60.52,98.4
Palermo,2017-07-27,38.1157,13.3615,24.23,27.96,21.05,0.05,4.46,299.1,7.3649,61.98,98.66
Palermo,2017-07-28,38.1157,13.3615,25.89,31.84,20.04,0.11,2.21,328.5,7.9193,49.6,98.99
Palermo,2017-07-29,38.1157,13.3615,27.71,32.81,22.95,0.0,2.72,30.5,7.7998,44.09,99.13
Palermo,2017-07-30,38.1157,13.3615,28.49,33.65,23.44,0.01,1.95,51.4,7.7467,47.32,99.06
Palermo,2017-07-31,38.1157,13.3615,29.07,34.61,23.49,0.0,1.63,70.9,7.637,47.75,99.04
Palermo,2017-08-01,38.1157,13.3615,29.93,35.61,24.6,0.0,2.0,36.6,7.3426,48.68,99.17
Palermo,2017-08-02,38.1157,13.3615,29.95,35.68,25.12,0.0,3.27,34.5,7.2962,41.2,99.28
Palermo,2017-08-03,38.1157,13.3615,30.74,36.83,25.87,0.0,2.5,33.3,7.1534,37.51,99.1
Palermo,2017-08-04,38.1157,13.3615,31.13,37.07,26.18,0.0,2.78,37.5,7.177,40.44,98.85
Palermo,2017-08-05,38.1157,13.3615,32.54,38.06,27.39,0.0,2.29,36.5,7.1969,33.47,98.72
Palermo,2017-08-06,38.1157,13.3615,31.18,36.74,26.53,0.0,2.41,354.5,6.9586,38.6,98.71
Palermo,2017-08-07,38.1157,13.3615,31.02,37.05,25.55,0.0,3.07,33.8,7.2034,47.21,98.78
Palermo,2017-08-08,38.1157,13.3615,31.77,37.94,26.94,0.0,2.82,185.5,6.751,41.48,98.84
Palermo,2017-08-09,38.1157,13.3615,31.42,36.96,26.38,0.0,3.73,193.6,6.949,41.89,98.88
Palermo,2017-08-10,38.1157,13.3615,31.1,37.37,25.27,0.05,3.98,230.9,6.9569,45.93,98.89
Palermo,2017-08-11,38.1157,13.3615,26.68,30.48,23.06,0.01,5.14,340.6,6.7277,60.07,99.1
Palermo,2017-08-12,38.1157,13.3615,24.44,27.76,21.45,0.0,5.56,312.2,6.7565,53.45,99.13
Palermo,2017-08-13,38.1157,13.3615,24.35,28.73,20.62,0.0,4.93,347.2,7.0075,58.33,99.13
Palermo,2017-08-14,38.1157,13.3615,25.58,31.0,21.13,0.04,3.0,20.4,7.181,54.24,99.27
Palermo,2017-08-15,38.1157,13.3615,26.74,32.85,21.65,0.0,2.95,32.8,6.9773,50.91,99.34
Palermo,2017-08-16,38.1157,13.3615,26.89,32.28,22.34,0.0,3.83,25.1,6.9818,52.22,99.18
Palermo,2017-08-17,38.1157,13.3615,27.26,32.78,22.94,0.05,3.43,0.3,6.8606,51.37,99.06
Palermo,2017-08-18,38.1157,13.3615,28.08,33.69,22.77,0.01,2.21,13.7,6.4459,54.76,99.07
Palermo,2017-08-19,38.1157,13.3615,28.98,33.61,25.17,0.0,2.13,263.3,6.6403,46.83,99.02
Palermo,2017-08-20,38.1157,13.3615,27.41,32.68,23.02,0.18,4.1,275.6,5.7216,58.05,98.9
Palermo,2017-08-21,38.1157,13.3615,25.09,28.81,21.5,0.03,4.43,346.1,6.5491,67.91,98.83
Palermo,2017-08-22,38.1157,13.3615,25.78,29.99,22.44,0.06,3.43,6.9,6.4526,58.87,99.01
Palermo,2017-08-23,38.1157,13.3615,25.43,30.14,21.54,0.05,3.67,42.0,6.4025,58.58,99.12
Palermo,2017-08-24,38.1157,13.3615,26.23,31.61,21.76,0.0,2.53,60.3,6.5479,54.86,99.35
Palermo,2017-08-25,38.1157,13.3615,27.36,33.01,22.81,0.0,2.93,50.5,6.5779,50.53,99.39
Palermo,2017-08-26,38.1157,13.3615,27.54,33.2,22.58,0.0,3.14,48.1,6.3398,47.62,99.23
Palermo,2017-08-27,38.1157,13.3615,27.18,32.61,22.72,0.0,3.4,24.9,6.5585,47.32,99.07
Palermo,2017-08-28,38.1157,13.3615,27.6,33.32,23.1,0.0,2.83,2.1,6.6367,48.31,98.91
Palermo,2017-08-29,38.1157,13.3615,27.45,33.15,22.85,0.0,3.14,351.8,6.4745,53.55,98.79
Palermo,2017-08-30,38.1157,13.3615,27.31,33.11,22.21,0.0,2.46,49.3,6.271,57.05,98.9
Palermo,2017-08-31,38.1157,13.3615,26.82,31.61,22.3,0.02,2.66,192.8,6.2815,63.45,99.15
Palermo,2017-09-01,38.1157,13.3615,26.39,31.09,22.43,0.23,4.17,221.3,6.0338,67.14,99.05
Palermo,2017-09-02,38.1157,13.3615,25.83,30.43,22.75,0.39,6.54,243.3,5.1137,65.53,98.81
Palermo,2017-09-03,38.1157,13.3615,23.01,26.24,19.86,0.01,6.05,297.4,6.0413,53.76,98.9
Palermo,2017-09-04,38.1157,13.3615,24.21,28.78,20.69,0.0,2.09,329.4,6.1658,52.39,99.1
Palermo,2017-09-05,38.1157,13.3615,24.03,28.29,20.69,0.04,3.12,359.9,5.959,61.7,99.46
Palermo,2017-09-06,38.1157,13.3615,24.36,29.17,20.32,0.0,2.0,342.2,6.3461,58.12,99.35
Palermo,2017-09-07,38.1157,13.3615,24.68,29.13,21.07,0.43,4.27,238.9,5.9405,63.83,98.92
Palermo,2017-09-08,38.1157,13.3615,23.13,26.22,19.64,2.78,3.73,248.9,3.6235,71.0,98.71
Palermo,2017-09-09,38.1157,13.3615,23.22,27.78,18.95,0.04,4.94,220.8,5.545,66.53,98.52
Palermo,2017-09-10,38.1157,13.3615,24.95,29.0,20.4,5.76,8.87,185.7,3.4114,73.73,98.01
Palermo,2017-09-11,38.1157,13.3615,21.47,23.9,17.82,15.58,10.79,271.1,4.5454,68.76,98.19
Palermo,2017-09-12,38.1157,13.3615,23.65,27.3,20.6,0.03,5.29,266.9,5.7953,69.28,98.94
Palermo,2017-09-13,38.1157,13.3615,23.02,28.3,19.36,0.07,3.2,279.2,5.6724,71.43,99.41
Palermo,2017-09-14,38.1157,13.3615,22.81,27.83,18.35,0.06,1.92,283.6,6.0161,61.49,99.2
Palermo,2017-09-15,38.1157,13.3615,24.16,29.44,19.71,0.03,1.69,192.7,5.9112,63.26,98.77
Palermo,2017-09-16,38.1157,13.3615,25.77,31.88,20.93,0.1,5.52,181.7,4.8456,68.23,98.63
Palermo,2017-09-17,38.1157,13.3615,23.38,27.56,18.69,0.05,4.23,346.7,5.2536,70.31,99.02
Palermo,2017-09-18,38.1157,13.3615,21.89,27.1,17.13,0.0,2.73,19.5,5.7622,61.36,99.06
Palermo,2017-09-19,38.1157,13.3615,21.48,25.2,18.82,0.23,5.01,296.2,5.1413,63.25,98.88
Palermo,2017-09-20,38.1157,13.3615,19.69,22.79,17.35,0.14,6.81,301.4,4.9565,59.36,99.08
Palermo,2017-09-21,38.1157,13.3615,19.64,24.05,16.28,0.0,3.39,345.4,5.6261,56.8,99.35
Palermo,2017-09-22,38.1157,13.3615,20.52,25.82,16.04,0.0,1.98,98.3,5.651,53.07,99.47
Palermo,2017-09-23,38.1157,13.3615,20.93,24.5,17.17,0.08,2.0,163.3,4.6798,62.89,99.47
Palermo,2017-09-24,38.1157,13.3615,21.09,24.69,18.6,7.19,2.63,147.6,4.7966,77.77,99.17
Palermo,2017-09-25,38.1157,13.3615,20.53,24.95,17.69,0.17,2.4,323.8,4.7561,71.83,99.18
Palermo,2017-09-26,38.1157,13.3615,19.94,22.62,17.25,2.15,1.26,318.3,2.1108,72.26,99.22
Palermo,2017-09-27,38.1157,13.3615,19.71,23.27,17.54,3.81,3.93,271.2,4.3946,79.44,99.28
Palermo,2017-09-28,38.1157,13.3615,20.25,24.13,17.77,1.74,4.53,16.6,4.9975,75.43,99.5
Palermo,2017-09-29,38.1157,13.3615,20.03,23.58,17.29,1.09,2.95,7.3,4.4786,71.95,99.38
Palermo,2017-09-30,38.1157,13.3615,20.15,24.48,17.42,0.11,2.51,15.7,4.9337,68.03,99.2
Palermo,2017-10-01,38.1157,13.3615,20.23,24.14,16.91,0.12,1.67,44.7,4.4458,62.63,99.31
Palermo,2017-10-02,38.1157,13.3615,19.05,20.73,17.95,31.5,1.85,142.2,3.0691,80.34,99.45
Palermo,2017-10-03,38.1157,13.3615,20.72,24.57,17.51,1.86,2.58,104.4,4.1741,70.55,99.38
Palermo,2017-10-04,38.1157,13.3615,20.42,22.08,19.15,26.29,3.37,75.8,3.9665,81.46,99.48
Palermo,2017-10-05,38.1157,13.3615,21.07,25.32,18.35,3.47,2.13,99.4,4.6284,78.68,99.3
Palermo,2017-10-06,38.1157,13.3615,20.62,23.88,18.23,0.14,5.97,268.1,4.8761,79.3,98.62
Palermo,2017-10-07,38.1157,13.3615,18.87,21.09,15.37,1.12,7.22,358.0,4.8686,66.11,98.89
Palermo,2017-10-08,38.1157,13.3615,17.57,21.66,14.65,0.0,3.62,299.1,4.7023,64.72,99.37
Palermo,2017-10-09,38.1157,13.3615,18.7,22.32,15.76,0.15,4.38,246.9,3.8834,73.7,99.24
Palermo,2017-10-10,38.1157,13.3615,19.09,22.52,17.05,0.36,5.16,262.4,4.3889,77.77,99.33
Palermo,2017-10-11,38.1157,13.3615,18.92,22.76,16.63,0.32,2.84,335.0,3.9214,75.13,99.63
Palermo,2017-10-12,38.1157,13.3615,18.87,23.43,15.85,0.01,2.47,15.7,4.6303,74.1,99.92
Palermo,2017-10-13,38.1157,13.3615,18.36,22.81,15.39,0.02,2.65,13.4,4.421,76.1,99.95
Palermo,2017-10-14,38.1157,13.3615,18.76,23.74,15.0,0.0,3.11,45.6,4.542,74.72,99.98
Palermo,2017-10-15,38.1157,13.3615,19.42,25.1,15.89,0.0,2.46,31.6,4.5168,69.06,100.08
Palermo,2017-10-16,38.1157,13.3615,19.59,25.42,15.63,0.0,2.01,44.1,4.5761,67.99,100.01
Palermo,2017-10-17,38.1157,13.3615,19.76,25.01,16.22,0.01,1.68,201.8,4.3546,66.68,99.81
Palermo,2017-10-18,38.1157,13.3615,19.23,23.81,15.43,0.0,1.37,220.6,4.2331,67.18,99.4
Palermo,2017-10-19,38.1157,13.3615,19.3,23.51,15.95,0.01,2.43,171.1,4.0361,73.47,99.12
Palermo,2017-10-20,38.1157,13.3615,20.06,23.87,16.39,0.31,2.91,136.1,3.4771,77.7,99.15
Palermo,2017-10-21,38.1157,13.3615,20.64,25.63,17.41,0.08,2.08,52.3,3.8081,72.92,99.42
Palermo,2017-10-22,38.1157,13.3615,20.14,24.19,17.43,0.77,4.06,260.6,3.7927,76.11,99.29
Palermo,2017-10-23,38.1157,13.3615,17.49,19.38,15.7,0.33,8.91,311.9,3.2292,63.44,98.86
Palermo,2017-10-24,38.1157,13.3615,17.06,20.45,14.91,0.2,7.74,349.1,3.8911,56.9,98.89
Palermo,2017-10-25,38.1157,13.3615,17.25,20.6,15.34,0.12,6.42,19.2,3.9286,65.6,99.36
Palermo,2017-10-26,38.1157,13.3615,17.39,21.62,14.31,0.0,3.43,21.1,3.9965,68.7,99.92
Palermo,2017-10-27,38.1157,13.3615,17.66,21.75,14.57,0.38,3.91,269.7,3.8419,77.15,99.4
Palermo,2017-10-28,38.1157,13.3615,17.32,20.79,13.62,0.15,5.43,8.0,3.7212,74.06,98.93
Palermo,2017-10-29,38.1157,13.3615,16.83,20.39,13.07,0.0,6.94,269.9,3.341,70.21,98.91
Palermo,2017-10-30,38.1157,13.3615,17.87,19.3,16.34,0.08,5.84,276.2,2.3827,74.35,98.74
Palermo,2017-10-31,38.1157,13.3615,16.94,20.63,14.45,0.15,3.88,252.9,2.345,77.79,99.28
Palermo,2017-11-01,38.1157,13.3615,16.89,20.36,14.6,0.7,1.9,268.7,2.773,76.67,99.55
Palermo,2017-11-02,38.1157,13.3615,16.55,20.39,14.09,0.09,1.6,260.8,3.551,75.34,99.61
Palermo,2017-11-03,38.1157,13.3615,17.55,22.42,13.93,0.16,1.65,151.7,3.5681,76.76,99.17
Palermo,2017-11-04,38.1157,13.3615,17.67,22.95,13.85,0.01,2.39,106.7,3.6617,69.83,99.08
Palermo,2017-11-05,38.1157,13.3615,17.54,21.21,14.57,3.47,5.92,178.4,2.8764,85.11,98.89
Palermo,2017-11-06,38.1157,13.3615,15.7,18.51,11.11,17.41,5.2,263.4,2.869,81.95,98.41
Palermo,2017-11-07,38.1157,13.3615,13.46,15.65,11.17,8.35,7.78,233.5,1.8053,76.54,98.66
Palermo,2017-11-08,38.1157,13.3615,14.58,17.46,12.85,3.0,6.12,270.7,2.2858,75.76,99.19
Palermo,2017-11-09,38.1157,13.3615,15.94,20.14,12.35,1.42,4.84,194.3,3.0374,73.82,99.28
Palermo,2017-11-10,38.1157,13.3615,15.8,18.0,13.86,6.35,4.02,212.4,2.1206,84.39,98.93
Palermo,2017-11-11,38.1157,13.3615,15.47,17.95,13.94,0.85,4.32,21.9,2.7432,82.31,98.64
Palermo,2017-11-12,38.1157,13.3615,15.66,19.38,13.45,0.1,3.05,330.4,2.5642,82.52,98.51
Palermo,2017-11-13,38.1157,13.3615,13.81,17.13,11.5,8.74,6.09,259.6,1.1388,79.15,97.83
Palermo,2017-11-14,38.1157,13.3615,11.55,13.57,9.94,1.23,2.99,241.8,1.7726,72.49,97.8
Palermo,2017-11-15,38.1157,13.3615,11.82,14.26,9.45,2.87,3.42,158.7,2.9527,76.76,98.26
Palermo,2017-11-16,38.1157,13.3615,13.19,14.96,11.66,2.46,4.53,344.4,1.6908,79.5,98.55
Palermo,2017-11-17,38.1157,13.3615,13.78,15.69,12.59,4.36,4.42,333.5,2.274,83.52,98.64
Palermo,2017-11-18,38.1157,13.3615,13.93,16.89,12.08,0.39,3.87,308.5,2.3302,80.95,98.82
Palermo,2017-11-19,38.1157,13.3615,14.36,17.08,13.16,0.35,5.13,291.9,2.7264,76.57,98.95
Palermo,2017-11-20,38.1157,13.3615,14.61,17.94,11.96,0.02,3.6,328.8,2.893,69.79,99.32
Palermo,2017-11-21,38.1157,13.3615,13.58,16.31,11.36,0.05,4.09,260.3,2.2776,78.64,99.51
Palermo,2017-11-22,38.1157,13.3615,14.01,17.97,11.89,0.04,2.27,213.5,2.8896,80.69,99.47
Palermo,2017-11-23,38.1157,13.3615,14.61,18.47,11.52,0.07,2.6,175.6,2.9494,79.79,99.43
Palermo,2017-11-24,38.1157,13.3615,14.58,19.18,11.91,0.08,1.75,78.3,2.9203,73.14,99.54
Palermo,2017-11-25,38.1157,13.3615,14.2,18.1,11.69,0.0,4.3,206.4,2.196,81.97,99.42
Palermo,2017-11-26,38.1157,13.3615,14.06,16.64,11.6,0.55,7.62,262.7,1.5043,77.9,99.16
Palermo,2017-11-27,38.1157,13.3615,11.93,14.22,9.5,0.82,7.45,320.1,2.0618,68.07,99.38
Palermo,2017-11-28,38.1157,13.3615,11.18,14.18,8.72,0.0,4.13,285.8,2.3059,69.51,99.35
Palermo,2017-11-29,38.1157,13.3615,13.87,16.37,10.51,0.01,8.91,191.5,2.047,76.37,98.46
Palermo,2017-11-30,38.1157,13.3615,13.63,16.23,9.74,12.86,5.92,238.4,1.2238,86.07,98.1
Palermo,2017-12-01,38.1157,13.3615,9.98,12.72,8.59,4.87,3.55,310.5,0.6149,77.14,98.37
Palermo,2017-12-02,38.1157,13.3615,9.71,12.82,6.9,5.67,6.11,226.1,1.5528,75.87,98.33
Palermo,2017-12-03,38.1157,13.3615,9.45,11.55,8.19,3.65,5.69,235.7,1.8955,77.69,99.18
Palermo,2017-12-04,38.1157,13.3615,9.91,11.95,8.71,5.64,5.28,290.5,1.1078,80.16,99.73
Palermo,2017-12-05,38.1157,13.3615,10.39,13.76,8.37,0.14,4.17,351.4,2.5183,75.26,100.51
Palermo,2017-12-06,38.1157,13.3615,10.77,14.87,8.12,0.0,2.54,40.3,2.7996,62.52,100.76
Palermo,2017-12-07,38.1157,13.3615,10.52,14.47,8.15,0.0,1.72,16.0,2.5022,67.82,100.56
Palermo,2017-12-08,38.1157,13.3615,10.41,14.59,7.94,0.0,3.35,226.7,2.6842,79.27,99.94
Palermo,2017-12-09,38.1157,13.3615,11.17,12.96,8.29,2.45,7.92,257.4,1.2187,77.59,99.12
Palermo,2017-12-10,38.1157,13.3615,9.26,12.26,7.6,0.02,4.25,246.2,1.8622,74.11,99.32
Palermo,2017-12-11,38.1157,13.3615,13.22,15.68,9.75,0.05,11.39,189.7,2.2418,78.92,98.74
Palermo,2017-12-12,38.1157,13.3615,14.19,16.9,12.58,0.0,9.36,191.1,2.2394,71.78,98.99
Palermo,2017-12-13,38.1157,13.3615,12.56,15.87,10.0,0.63,5.22,242.8,1.4904,88.54,99.5
Palermo,2017-12-14,38.1157,13.3615,10.87,14.66,8.33,0.01,6.15,252.6,1.7623,79.26,99.42
Palermo,2017-12-15,38.1157,13.3615,11.94,16.22,8.79,0.08,6.96,206.8,2.334,82.01,98.55
Palermo,2017-12-16,38.1157,13.3615,11.28,13.64,9.2,1.45,4.22,284.3,0.7788,83.02,98.33
Palermo,2017-12-17,38.1157,13.3615,9.55,11.77,8.0,0.55,6.39,287.1,1.8413,73.16,99.01
Palermo,2017-12-18,38.1157,13.3615,8.92,11.85,6.91,0.28,4.07,339.3,2.3933,64.83,99.46
Palermo,2017-12-19,38.1157,13.3615,8.05,11.12,5.86,0.01,3.18,60.8,1.4582,64.5,99.93
Palermo,2017-12-20,38.1157,13.3615,8.17,11.23,6.54,0.62,2.32,63.9,1.5384,66.59,99.92
Palermo,2017-12-21,38.1157,13.3615,8.02,10.55,6.26,0.29,6.44,44.5,1.5211,71.89,99.79
Palermo,2017-12-22,38.1157,13.3615,9.99,12.26,7.3,0.01,7.68,17.7,1.8598,68.61,99.59
Palermo,2017-12-23,38.1157,13.3615,11.0,14.33,8.83,0.0,6.02,28.7,2.4034,66.85,99.95
Palermo,2017-12-24,38.1157,13.3615,10.46,14.8,7.85,0.0,2.88,356.9,2.693,73.94,100.36
Palermo,2017-12-25,38.1157,13.3615,10.57,15.25,8.35,0.02,1.42,283.6,2.6894,84.82,100.15
Palermo,2017-12-26,38.1157,13.3615,10.63,13.93,8.89,0.01,4.83,211.4,2.4485,84.53,99.5
Palermo,2017-12-27,38.1157,13.3615,11.21,14.36,8.66,9.26,8.53,207.3,2.057,83.63,98.18
Palermo,2017-12-28,38.1157,13.3615,10.38,12.41,8.43,4.53,9.08,264.7,1.7846,69.36,97.78
Palermo,2017-12-29,38.1157,13.3615,9.23,11.72,7.99,0.88,7.58,300.6,1.6966,68.39,98.52
Palermo,2017-12-30,38.1157,13.3615,11.8,14.7,8.16,0.65,6.0,291.4,1.4201,84.76,99.33
Palermo,2017-12-31,38.1157,13.3615,12.3,16.25,9.77,0.21,3.23,281.1,2.5951,92.01,99.62
Palermo,2018-01-01,38.1157,13.3615,11.36,15.07,8.25,0.13,7.81,263.3,2.2049,85.25,99.43
Palermo,2018-01-02,38.1157,13.3615,11.57,13.18,9.58,4.07,10.01,292.7,1.9951,73.25,99.07
Palermo,2018-01-03,38.1157,13.3615,11.91,14.15,8.58,0.32,7.02,284.8,1.9289,85.23,99.28
Palermo,2018-01-04,38.1157,13.3615,13.92,15.84,12.96,0.11,9.11,283.7,1.1669,89.12,98.93
Palermo,2018-01-05,38.1157,13.3615,12.83,16.33,10.62,0.91,5.31,249.5,2.297,91.67,98.85
Palermo,2018-01-06,38.1157,13.3615,13.14,17.74,9.84,0.14,6.62,168.2,2.8205,85.54,98.71
Palermo,2018-01-07,38.1157,13.3615,14.32,17.64,11.8,0.03,8.89,148.9,1.5847,79.59,98.84
Palermo,2018-01-08,38.1157,13.3615,15.14,17.67,13.92,0.12,9.46,152.0,1.159,83.76,99.09
Palermo,2018-01-09,38.1157,13.3615,14.04,16.73,12.36,6.27,4.11,150.1,0.798,89.19,99.27
Palermo,2018-01-10,38.1157,13.3615,10.86,13.04,8.76,15.15,5.26,325.3,1.8902,83.17,99.1
Palermo,2018-01-11,38.1157,13.3615,10.79,12.97,9.26,8.09,5.74,232.2,1.3159,86.12,98.62
Palermo,2018-01-12,38.1157,13.3615,9.59,10.35,8.76,10.71,5.04,212.7,1.8742,85.81,98.32
Palermo,2018-01-13,38.1157,13.3615,10.65,13.49,8.95,1.35,4.95,339.6,2.682,80.88,99.09
Palermo,2018-01-14,38.1157,13.3615,10.03,13.07,8.31,0.29,3.7,213.0,1.956,80.72,99.44
Palermo,2018-01-15,38.1157,13.3615,10.41,14.06,8.1,0.07,3.93,234.7,2.0489,82.26,99.64
Palermo,2018-01-16,38.1157,13.3615,11.59,13.42,9.4,0.28,7.76,261.8,2.6849,85.08,99.6
Palermo,2018-01-17,38.1157,13.3615,12.74,15.02,10.94,0.09,9.63,278.9,2.1936,80.21,98.93
Palermo,2018-01-18,38.1157,13.3615,10.32,14.05,7.51,0.0,4.36,301.5,3.2006,69.52,99.49
Palermo,2018-01-19,38.1157,13.3615,10.46,13.82,7.26,0.02,5.02,223.7,2.7902,87.0,99.05
Palermo,2018-01-20,38.1157,13.3615,10.92,14.01,9.04,0.02,4.29,299.1,2.7881,82.63,98.79
Palermo,2018-01-21,38.1157,13.3615,11.88,15.08,8.4,0.15,7.06,289.8,1.7434,88.93,98.45
Palermo,2018-01-22,38.1157,13.3615,12.39,15.22,10.81,0.05,3.59,306.1,2.6222,90.45,98.89
Palermo,2018-01-23,38.1157,13.3615,12.45,14.99,10.42,0.1,5.02,319.5,2.2231,91.67,99.24
Palermo,2018-01-24,38.1157,13.3615,10.5,14.1,7.6,0.01,3.8,52.2,3.2767,73.48,100.17
Palermo,2018-01-25,38.1157,13.3615,10.39,14.47,7.14,0.01,3.37,179.6,3.305,78.6,100.07
Palermo,2018-01-26,38.1157,13.3615,11.43,14.6,9.59,0.0,5.98,177.1,2.7864,80.56,99.61
Palermo,2018-01-27,38.1157,13.3615,12.17,15.37,9.85,0.03,3.5,146.0,3.013,75.96,99.95
Palermo,2018-01-28,38.1157,13.3615,11.61,15.64,8.93,0.04,1.86,74.2,2.8654,82.17,100.64
Palermo,2018-01-29,38.1157,13.3615,10.58,14.53,8.47,0.0,2.11,341.1,3.0418,75.28,100.63
Palermo,2018-01-30,38.1157,13.3615,10.29,13.14,8.17,0.01,2.37,326.5,2.2666,73.56,100.35
Palermo,2018-01-31,38.1157,13.3615,10.39,14.14,8.03,0.01,2.05,239.7,2.7439,69.6,99.95
Palermo,2018-02-01,38.1157,13.3615,11.27,13.58,7.97,0.64,7.46,187.2,1.8377,86.39,98.95
Palermo,2018-02-02,38.1157,13.3615,13.77,15.88,12.43,1.56,10.1,188.2,2.6551,87.53,98.2
Palermo,2018-02-03,38.1157,13.3615,11.48,13.34,8.41,4.06,7.29,239.8,1.7767,80.55,98.18
Palermo,2018-02-04,38.1157,13.3615,8.87,11.56,6.42,0.02,3.58,295.6,3.1678,69.69,98.94
Palermo,2018-02-05,38.1157,13.3615,9.75,13.37,5.37,4.1,5.05,138.2,2.2073,78.05,99.02
Palermo,2018-02-06,38.1157,13.3615,12.83,14.83,11.84,17.64,7.31,163.8,0.9478,89.16,98.24
Palermo,2018-02-07,38.1157,13.3615,10.78,12.42,9.15,1.93,7.85,224.9,3.1908,79.96,98.16
Palermo,2018-02-08,38.1157,13.3615,10.36,13.52,8.09,0.17,3.59,300.6,3.3907,75.16,99.03
Palermo,2018-02-09,38.1157,13.3615,9.63,13.41,6.67,4.91,4.24,65.7,2.995,79.57,98.65
Palermo,2018-02-10,38.1157,13.3615,9.75,11.43,8.09,2.89,7.48,344.8,2.9966,76.51,97.86
Palermo,2018-02-11,38.1157,13.3615,9.02,11.13,6.7,1.99,5.72,299.9,2.8939,77.85,98.49
Palermo,2018-02-12,38.1157,13.3615,10.07,12.66,6.87,2.98,5.28,250.8,2.287,85.03,98.7
Palermo,2018-02-13,38.1157,13.3615,9.5,11.33,7.58,14.65,7.31,278.0,0.9643,82.71,98.56
Palermo,2018-02-14,38.1157,13.3615,8.16,9.4,6.58,9.53,7.75,277.2,1.6942,80.59,98.71
Palermo,2018-02-15,38.1157,13.3615,8.29,10.95,5.47,0.13,7.36,343.3,3.667,68.81,99.3
Palermo,2018-02-16,38.1157,13.3615,9.05,13.33,5.23,0.0,2.68,6.1,4.1326,66.57,99.76
Palermo,2018-02-17,38.1157,13.3615,10.17,12.94,7.87,0.0,3.11,182.6,3.2467,75.13,99.54
Palermo,2018-02-18,38.1157,13.3615,11.11,13.08,9.56,1.54,3.22,196.5,1.7863,86.33,98.94
Palermo,2018-02-19,38.1157,13.3615,10.54,13.42,8.6,0.24,3.45,276.0,2.4554,84.24,98.56
Palermo,2018-02-20,38.1157,13.3615,9.28,11.97,7.37,5.52,3.94,257.2,2.2399,82.01,98.1
Palermo,2018-02-21,38.1157,13.3615,8.51,10.56,7.26,3.74,4.13,287.4,3.2498,81.17,97.51
Palermo,2018-02-22,38.1157,13.3615,9.42,11.79,6.74,10.19,4.59,193.4,1.7376,87.54,97.47
Palermo,2018-02-23,38.1157,13.3615,8.03,9.0,6.53,29.76,3.61,276.1,0.8304,89.42,97.35
Palermo,2018-02-24,38.1157,13.3615,10.13,13.11,8.36,0.4,5.97,249.5,4.2192,77.12,98.07
Palermo,2018-02-25,38.1157,13.3615,8.83,10.83,7.47,2.81,3.79,294.6,1.585,83.38,97.89
Palermo,2018-02-26,38.1157,13.3615,8.56,10.97,5.06,0.88,6.48,288.2,3.0518,78.69,97.72
Palermo,2018-02-27,38.1157,13.3615,7.49,11.7,4.67,0.42,3.84,289.6,3.3014,75.34,97.93
Palermo,2018-02-28,38.1157,13.3615,8.54,11.84,4.59,1.26,3.83,149.5,0.8208,86.72,98.57
Palermo,2018-03-01,38.1157,13.3615,14.43,18.37,10.95,0.31,10.79,173.1,2.1871,78.02,97.84
Palermo,2018-03-02,38.1157,13.3615,13.57,17.35,11.01,0.02,5.97,255.8,4.5434,80.36,97.85
Palermo,2018-03-03,38.1157,13.3615,13.28,17.51,10.6,0.48,6.07,218.6,1.799,83.95,97.96
Palermo,2018-03-04,38.1157,13.3615,14.2,19.17,10.62,0.5,3.74,160.6,3.3991,72.47,97.5
Palermo,2018-03-05,38.1157,13.3615,12.57,14.56,11.02,12.91,7.94,250.0,3.3533,87.02,97.07
Palermo,2018-03-06,38.1157,13.3615,12.66,14.71,10.84,2.2,8.12,239.5,4.3992,83.65,97.44
Palermo,2018-03-07,38.1157,13.3615,12.01,14.6,9.0,1.46,7.55,237.9,2.6518,82.92,98.1
Palermo,2018-03-08,38.1157,13.3615,11.52,15.22,7.86,0.28,3.9,267.8,4.2379,73.71,98.88
Palermo,2018-03-09,38.1157,13.3615,12.66,15.33,10.37,3.91,4.5,225.5,1.1167,92.25,99.04
Palermo,2018-03-10,38.1157,13.3615,14.05,18.31,10.52,0.04,4.2,190.3,5.1432,82.52,99.1
Palermo,2018-03-11,38.1157,13.3615,14.96,19.64,11.55,0.01,6.13,190.2,4.992,80.43,98.65
Palermo,2018-03-12,38.1157,13.3615,13.01,15.87,10.9,0.5,7.71,262.0,4.1309,78.62,98.69
Palermo,2018-03-13,38.1157,13.3615,12.68,15.1,10.93,0.29,6.9,265.8,5.2075,81.03,98.94
Palermo,2018-03-14,38.1157,13.3615,11.91,15.29,9.33,0.59,4.15,266.5,5.2212,80.47,98.85
Palermo,2018-03-15,38.1157,13.3615,12.76,16.17,8.8,0.08,6.5,176.8,3.0209,83.97,98.49
Palermo,2018-03-16,38.1157,13.3615,15.12,19.59,12.34,0.09,3.55,165.1,3.3127,81.89,97.93
Palermo,2018-03-17,38.1157,13.3615,12.94,15.79,10.16,0.17,5.97,269.0,2.4353,85.41,97.36
Palermo,2018-03-18,38.1157,13.3615,12.17,15.81,8.75,2.3,6.97,224.6,2.7667,80.21,97.62
Palermo,2018-03-19,38.1157,13.3615,11.26,13.61,8.8,0.44,7.1,270.4,5.179,74.79,97.93
Palermo,2018-03-20,38.1157,13.3615,10.87,14.21,8.78,8.14,7.96,218.0,2.1314,79.73,98.01
Palermo,2018-03-21,38.1157,13.3615,10.16,13.72,6.89,8.73,5.77,249.8,2.1528,80.15,98.25
Palermo,2018-03-22,38.1157,13.3615,7.14,8.65,5.22,17.04,4.33,298.7,0.785,91.57,97.65
Palermo,2018-03-23,38.1157,13.3615,9.44,11.99,7.86,0.83,7.35,300.5,4.225,68.11,97.55
Palermo,2018-03-24,38.1157,13.3615,9.98,12.95,7.09,0.85,4.54,265.7,4.5317,71.36,97.59
Palermo,2018-03-25,38.1157,13.3615,9.7,10.93,8.91,15.74,4.65,223.1,1.1758,85.24,97.29
Palermo,2018-03-26,38.1157,13.3615,10.7,14.33,8.39,1.03,4.81,303.1,5.7624,78.19,98.23
Palermo,2018-03-27,38.1157,13.3615,11.03,14.54,8.52,1.59,3.47,299.1,5.3515,77.52,98.83
Palermo,2018-03-28,38.1157,13.3615,11.52,14.75,8.54,1.15,3.88,276.1,3.8306,87.37,98.92
Palermo,2018-03-29,38.1157,13.3615,14.46,19.33,10.04,0.13,4.93,198.9,6.1253,77.59,98.77
Palermo,2018-03-30,38.1157,13.3615,16.67,21.04,13.47,0.16,7.7,176.8,5.6138,67.71,98.55
Palermo,2018-03-31,38.1157,13.3615,14.28,17.37,11.34,0.04,7.98,246.7,4.0762,74.69,98.18
Palermo,2018-04-01,38.1157,13.3615,12.04,14.94,8.67,0.0,8.76,280.3,6.3254,70.29,98.88
Palermo,2018-04-02,38.1157,13.3615,12.26,17.36,8.45,0.0,2.65,203.7,6.7625,65.23,99.23
Palermo,2018-04-03,38.1157,13.3615,13.4,18.85,8.88,0.0,5.01,159.4,5.4797,71.97,99.16
Palermo,2018-04-04,38.1157,13.3615,14.21,19.12,11.02,0.39,3.33,147.3,3.9185,74.27,99.05
Palermo,2018-04-05,38.1157,13.3615,13.02,17.5,9.16,0.24,4.25,274.7,5.7761,83.33,99.04
Palermo,2018-04-06,38.1157,13.3615,13.05,18.03,9.05,0.0,3.04,345.4,6.7438,75.94,99.18
Palermo,2018-04-07,38.1157,13.3615,14.56,20.67,9.41,0.0,2.76,134.9,6.661,66.21,99.07
Palermo,2018-04-08,38.1157,13.3615,15.2,20.3,10.24,1.8,6.94,139.7,5.8337,65.22,98.45
Palermo,2018-04-09,38.1157,13.3615,13.5,17.18,10.94,3.27,3.41,276.0,6.461,79.01,98.68
Palermo,2018-04-10,38.1157,13.3615,14.31,19.29,10.55,0.05,1.57,140.5,3.1433,67.68,98.65
Palermo,2018-04-11,38.1157,13.3615,15.81,20.59,12.37,1.68,5.11,151.8,4.2778,71.57,97.93
Palermo,2018-04-12,38.1157,13.3615,14.8,20.32,11.75,0.38,2.11,249.5,5.2836,81.69,98.2
Palermo,2018-04-13,38.1157,13.3615,15.64,21.74,10.02,0.0,2.69,82.4,6.5153,75.13,98.73
Palermo,2018-04-14,38.1157,13.3615,16.74,20.69,12.85,0.02,6.7,97.3,2.4468,69.02,98.17
Palermo,2018-04-15,38.1157,13.3615,16.51,21.1,13.31,1.08,2.87,194.9,3.1231,79.91,97.96
Palermo,2018-04-16,38.1157,13.3615,14.87,18.22,11.94,2.56,4.75,272.5,5.8378,83.26,98.73
Palermo,2018-04-17,38.1157,13.3615,15.21,20.16,11.61,2.4,2.58,297.3,6.3353,81.77,99.25
Palermo,2018-04-18,38.1157,13.3615,15.42,19.95,11.12,5.77,1.7,50.1,5.5279,76.98,99.53
Palermo,2018-04-19,38.1157,13.3615,16.02,19.82,12.69,0.83,2.7,56.0,6.3708,80.99,99.62
Palermo,2018-04-20,38.1157,13.3615,16.92,21.83,13.28,0.41,1.65,23.0,6.5554,75.23,99.43
Palermo,2018-04-21,38.1157,13.3615,17.11,21.38,13.76,1.49,1.67,18.5,6.4594,73.42,99.32
Palermo,2018-04-22,38.1157,13.3615,17.42,21.84,13.64,1.06,1.43,344.2,6.7956,71.96,99.26
Palermo,2018-04-23,38.1157,13.3615,17.53,22.65,13.15,0.0,2.14,23.8,7.031,65.98,99.33
Palermo,2018-04-24,38.1157,13.3615,18.98,24.69,14.17,0.0,1.84,67.7,7.2247,55.21,99.32
Palermo,2018-04-25,38.1157,13.3615,19.05,24.16,14.85,0.0,1.42,152.8,6.6456,58.47,99.14
Palermo,2018-04-26,38.1157,13.3615,19.02,24.48,14.35,0.0,2.44,92.4,5.5438,62.86,98.73
Palermo,2018-04-27,38.1157,13.3615,19.5,25.13,15.26,0.72,2.57,89.4,3.0586,61.89,98.35
Palermo,2018-04-28,38.1157,13.3615,18.15,21.85,15.38,1.26,3.03,39.3,3.6862,64.49,98.44
Palermo,2018-04-29,38.1157,13.3615,18.85,24.38,14.91,0.03,3.83,14.8,6.0986,74.5,98.46
Palermo,2018-04-30,38.1157,13.3615,16.9,21.11,14.24,0.02,3.81,329.0,6.3017,79.13,98.9
Palermo,2018-05-01,38.1157,13.3615,18.65,24.39,13.53,0.03,3.0,124.0,6.1908,75.16,98.36
Palermo,2018-05-02,38.1157,13.3615,18.45,22.58,15.9,6.45,4.94,127.4,4.8874,74.77,97.12
Palermo,2018-05-03,38.1157,13.3615,15.72,17.73,13.74,5.89,5.69,257.3,4.4767,84.68,97.1
Palermo,2018-05-04,38.1157,13.3615,14.8,17.19,12.56,2.89,7.59,225.7,3.9636,83.53,98.23
Palermo,2018-05-05,38.1157,13.3615,15.85,19.57,12.45,3.2,3.95,209.6,4.2653,76.36,98.76
Palermo,2018-05-06,38.1157,13.3615,16.9,21.03,13.47,0.06,1.48,348.7,7.0867,70.42,98.93
Palermo,2018-05-07,38.1157,13.3615,16.4,20.74,12.69,0.02,2.37,346.6,7.3298,75.5,98.83
Palermo,2018-05-08,38.1157,13.3615,16.4,20.49,13.37,0.04,2.2,303.6,6.7524,75.06,98.35
Palermo,2018-05-09,38.1157,13.3615,16.36,20.16,12.53,1.88,2.57,290.1,7.4114,82.93,98.14
Palermo,2018-05-10,38.1157,13.3615,17.24,21.04,14.35,0.97,2.83,294.6,6.5556,82.59,98.52
Palermo,2018-05-11,38.1157,13.3615,17.73,21.98,14.56,0.18,2.27,324.3,7.4592,77.92,99.06
Palermo,2018-05-12,38.1157,13.3615,18.3,22.97,14.21,0.01,2.18,3.7,7.4957,74.56,99.02
Palermo,2018-05-13,38.1157,13.3615,19.19,23.7,15.55,0.09,3.28,211.6,7.5845,68.55,98.78
Palermo,2018-05-14,38.1157,13.3615,16.23,19.23,12.64,0.03,4.56,304.2,6.1615,68.63,98.99
Palermo,2018-05-15,38.1157,13.3615,15.39,19.22,12.37,0.34,3.49,282.7,5.1924,66.97,98.98
Palermo,2018-05-16,38.1157,13.3615,15.98,20.01,12.02,0.02,2.79,290.9,6.8796,73.81,98.99
Palermo,2018-05-17,38.1157,13.3615,18.37,23.5,14.1,1.85,2.23,13.2,7.1482,68.51,98.85
Palermo,2018-05-18,38.1157,13.3615,18.03,22.18,14.68,0.23,4.12,49.5,3.762,78.14,98.73
Palermo,2018-05-19,38.1157,13.3615,19.44,23.97,15.22,0.03,2.35,58.1,7.3608,74.72,98.7
Palermo,2018-05-20,38.1157,13.3615,20.47,25.17,17.13,1.33,2.22,50.0,6.8731,72.19,98.57
Palermo,2018-05-21,38.1157,13.3615,20.61,26.27,16.23,0.08,2.14,207.8,4.9579,72.05,98.6
Palermo,2018-05-22,38.1157,13.3615,20.09,24.71,16.58,4.58,1.8,317.7,5.196,75.7,98.77
Palermo,2018-05-23,38.1157,13.3615,18.02,21.32,15.1,0.16,4.73,285.8,7.277,81.92,99.11
Palermo,2018-05-24,38.1157,13.3615,18.94,23.74,14.8,0.02,2.78,331.9,7.7412,75.89,99.19
Palermo,2018-05-25,38.1157,13.3615,19.89,25.06,15.39,0.0,2.88,38.4,7.9022,69.21,99.02
Palermo,2018-05-26,38.1157,13.3615,21.77,27.15,16.53,0.0,2.02,63.0,7.4978,67.64,99.14
Palermo,2018-05-27,38.1157,13.3615,22.55,26.22,18.89,0.0,2.59,175.8,6.4234,61.21,99.18
Palermo,2018-05-28,38.1157,13.3615,23.26,29.05,18.13,0.0,2.17,148.3,7.1131,60.43,99.12
Palermo,2018-05-29,38.1157,13.3615,23.74,29.28,19.84,0.12,3.86,134.0,4.8264,57.59,98.75
Palermo,2018-05-30,38.1157,13.3615,22.06,27.89,17.37,0.0,2.21,141.6,7.7364,63.09,98.81
Palermo,2018-05-31,38.1157,13.3615,21.96,26.84,17.47,0.0,2.33,21.6,7.337,68.33,99.09
Palermo,2018-06-01,38.1157,13.3615,22.65,27.92,17.88,0.0,3.4,49.2,7.5283,65.64,99.25
Palermo,2018-06-02,38.1157,13.3615,24.72,30.06,19.32,0.0,1.52,84.6,7.6344,56.45,99.16
Palermo,2018-06-03,38.1157,13.3615,25.71,32.06,20.9,0.0,1.68,156.7,7.7861,52.19,98.97
Palermo,2018-06-04,38.1157,13.3615,23.24,28.94,18.05,0.0,2.95,246.7,6.0322,58.99,98.69
Palermo,2018-06-05,38.1157,13.3615,21.4,26.11,17.31,0.0,2.98,347.7,8.1298,70.88,98.63
Palermo,2018-06-06,38.1157,13.3615,22.19,27.46,17.79,0.0,3.43,48.9,6.2566,64.11,98.84
Palermo,2018-06-07,38.1157,13.3615,23.92,29.8,18.7,0.03,2.89,67.3,6.3641,66.11,98.65
Palermo,2018-06-08,38.1157,13.3615,21.21,24.32,17.95,0.09,5.99,296.4,7.2806,75.36,98.79
Palermo,2018-06-09,38.1157,13.3615,20.97,25.16,17.65,0.01,4.05,283.3,8.0741,72.72,99.01
Palermo,2018-06-10,38.1157,13.3615,22.99,28.46,17.45,0.0,2.5,32.7,8.1019,57.69,98.8
Palermo,2018-06-11,38.1157,13.3615,25.36,31.33,20.03,0.0,1.86,159.7,7.848,53.08,98.57
Palermo,2018-06-12,38.1157,13.3615,22.93,28.38,18.75,0.15,3.27,288.3,7.6037,71.15,98.55
Palermo,2018-06-13,38.1157,13.3615,21.3,25.04,18.17,0.3,5.55,275.8,7.4882,74.24,98.42
Palermo,2018-06-14,38.1157,13.3615,20.07,22.56,18.35,5.61,6.98,278.7,6.156,78.5,98.14
Palermo,2018-06-15,38.1157,13.3615,20.4,22.7,18.12,3.43,4.62,311.8,7.2082,80.27,98.33
Palermo,2018-06-16,38.1157,13.3615,21.36,24.92,18.1,0.54,4.93,298.2,7.7405,75.9,98.59
Palermo,2018-06-17,38.1157,13.3615,21.73,25.75,18.34,0.36,3.85,309.2,7.9274,76.35,98.81
Palermo,2018-06-18,38.1157,13.3615,21.91,25.97,18.08,0.64,3.58,324.5,7.5262,75.18,98.79
Palermo,2018-06-19,38.1157,13.3615,21.89,24.64,19.15,1.75,2.95,11.2,7.6903,79.95,98.9
Palermo,2018-06-20,38.1157,13.3615,23.21,26.67,20.08,5.62,1.84,33.3,6.69,73.31,99.12
Palermo,2018-06-21,38.1157,13.3615,22.73,25.94,19.68,3.16,1.64,253.9,7.0769,71.68,99.1
Palermo,2018-06-22,38.1157,13.3615,22.92,27.1,18.88,1.66,3.26,249.6,7.513,71.12,98.96
Palermo,2018-06-23,38.1157,13.3615,23.13,27.83,19.25,0.61,3.55,263.6,7.6663,71.15,98.89
Palermo,2018-06-24,38.1157,13.3615,22.73,26.8,19.55,3.06,2.5,350.6,7.5422,71.37,98.86
Palermo,2018-06-25,38.1157,13.3615,21.67,25.16,18.53,2.4,3.49,15.7,7.7566,68.65,98.72
Palermo,2018-06-26,38.1157,13.3615,21.42,24.92,17.9,0.08,5.68,345.3,7.6915,64.82,98.68
Palermo,2018-06-27,38.1157,13.3615,21.87,25.72,18.65,0.04,4.5,333.8,7.777,64.76,98.62
Palermo,2018-06-28,38.1157,13.3615,22.72,27.11,18.85,0.09,4.64,293.7,7.9613,65.58,98.62
Palermo,2018-06-29,38.1157,13.3615,22.75,28.01,18.04,0.04,4.18,277.1,7.7328,68.9,98.55
Palermo,2018-06-30,38.1157,13.3615,24.04,29.46,18.48,0.0,2.78,45.9,7.8672,58.0,98.58
Palermo,2018-07-01,38.1157,13.3615,25.82,32.21,19.55,0.0,2.42,169.0,7.8814,53.89,98.74
Palermo,2018-07-02,38.1157,13.3615,25.04,30.83,19.99,0.0,3.59,188.2,7.7314,59.63,98.9
Palermo,2018-07-03,38.1157,13.3615,24.28,29.85,19.92,0.0,2.58,332.4,7.8859,70.59,98.99
Palermo,2018-07-04,38.1157,13.3615,25.71,31.27,20.2,0.0,2.82,45.3,7.6418,60.83,99.05
Palermo,2018-07-05,38.1157,13.3615,26.43,31.8,21.75,0.01,3.7,207.5,6.7951,60.48,98.91
Palermo,2018-07-06,38.1157,13.3615,24.15,28.07,20.48,0.01,4.7,294.9,7.6133,74.48,99.0
Palermo,2018-07-07,38.1157,13.3615,23.78,27.81,20.07,0.0,4.09,314.8,7.6135,75.9,99.08
Palermo,2018-07-08,38.1157,13.3615,24.51,29.79,20.17,0.0,2.91,343.8,7.9788,65.94,99.0
Palermo,2018-07-09,38.1157,13.3615,24.8,30.09,20.21,0.0,2.82,348.1,7.71,65.19,98.89
Palermo,2018-07-10,38.1157,13.3615,25.5,30.21,20.79,0.08,1.96,323.9,7.5122,58.46,98.87
Palermo,2018-07-11,38.1157,13.3615,26.21,30.75,22.15,0.02,2.24,246.6,7.5926,59.13,98.86
Palermo,2018-07-12,38.1157,13.3615,27.54,32.65,22.55,0.0,1.88,284.0,7.3279,54.31,99.02
Palermo,2018-07-13,38.1157,13.3615,29.0,34.92,23.89,0.0,1.83,223.1,7.5475,48.38,99.1
Palermo,2018-07-14,38.1157,13.3615,29.36,36.73,23.74,0.11,2.56,200.2,7.1882,50.36,99.0
Palermo,2018-07-15,38.1157,13.3615,25.8,30.07,22.32,0.53,4.14,299.5,7.3663,74.59,98.92
Palermo,2018-07-16,38.1157,13.3615,28.05,35.49,21.63,0.01,2.54,218.3,7.2058,55.62,98.87
Palermo,2018-07-17,38.1157,13.3615,25.05,28.16,21.9,0.13,6.33,286.3,7.5703,74.69,98.82
Palermo,2018-07-18,38.1157,13.3615,25.43,30.61,21.2,0.09,3.09,355.6,7.8461,67.26,98.94
Palermo,2018-07-19,38.1157,13.3615,26.85,33.03,21.35,0.0,2.47,50.5,7.5626,53.56,98.86
Palermo,2018-07-20,38.1157,13.3615,26.97,32.29,21.74,0.0,2.52,15.8,7.9908,50.6,98.88
Palermo,2018-07-21,38.1157,13.3615,28.33,33.85,23.19,0.0,4.75,189.3,7.1904,45.9,98.77
Palermo,2018-07-22,38.1157,13.3615,27.72,32.51,23.34,0.04,4.28,232.6,6.7106,59.5,98.7
Palermo,2018-07-23,38.1157,13.3615,25.77,28.21,22.45,0.67,6.07,293.5,7.0956,62.75,98.6
Palermo,2018-07-24,38.1157,13.3615,24.77,28.44,21.64,0.03,4.79,330.9,7.439,71.14,98.56
Palermo,2018-07-25,38.1157,13.3615,25.06,29.45,21.36,0.01,3.94,318.9,7.2864,67.05,98.67
Palermo,2018-07-26,38.1157,13.3615,26.22,31.28,21.56,0.0,2.53,311.4,7.4124,56.91,98.66
Palermo,2018-07-27,38.1157,13.3615,26.8,31.55,22.79,0.0,2.21,353.8,7.3464,50.98,98.74
Palermo,2018-07-28,38.1157,13.3615,27.19,31.91,22.98,0.0,2.41,15.8,7.4666,49.92,98.76
Palermo,2018-07-29,38.1157,13.3615,27.33,32.39,22.97,0.0,3.06,5.5,7.1789,52.42,98.8
Palermo,2018-07-30,38.1157,13.3615,26.57,31.68,22.65,0.08,3.24,356.0,7.2096,61.84,98.73
Palermo,2018-07-31,38.1157,13.3615,26.71,31.71,22.17,0.21,3.61,18.3,7.1318,67.39,98.76
Palermo,2018-08-01,38.1157,13.3615,27.84,33.08,22.85,1.43,2.33,28.5,6.6696,62.25,98.85
Palermo,2018-08-02,38.1157,13.3615,28.32,33.12,24.5,0.33,2.55,26.9,7.175,55.91,98.93
Palermo,2018-08-03,38.1157,13.3615,27.94,32.79,24.51,1.46,2.31,359.0,6.7666,57.76,98.8
Palermo,2018-08-04,38.1157,13.3615,26.47,30.24,23.67,2.86,1.86,326.5,6.2976,69.83,98.69
Palermo,2018-08-05,38.1157,13.3615,26.11,28.62,23.87,2.84,1.47,29.5,6.3533,71.99,98.79
Palermo,2018-08-06,38.1157,13.3615,26.63,30.49,23.19,1.2,1.84,45.6,6.6192,65.82,98.94
Palermo,2018-08-07,38.1157,13.3615,26.81,30.58,23.8,1.36,2.03,109.1,6.7654,64.98,98.89
Palermo,2018-08-08,38.1157,13.3615,26.47,29.7,24.15,1.47,2.21,40.0,4.3891,66.85,98.92
Palermo,2018-08-09,38.1157,13.3615,27.59,31.98,24.09,0.61,2.19,36.0,6.6269,61.6,99.06
Palermo,2018-08-10,38.1157,13.3615,27.39,32.1,23.82,0.06,3.04,22.6,6.708,64.0,99.35
Palermo,2018-08-11,38.1157,13.3615,26.85,31.22,23.04,0.14,3.39,22.7,6.8074,65.71,99.3
Palermo,2018-08-12,38.1157,13.3615,28.04,33.01,23.42,1.19,2.13,46.7,6.8556,56.64,99.12
Palermo,2018-08-13,38.1157,13.3615,27.59,32.06,23.41,0.29,1.88,215.5,5.5872,56.7,98.89
Palermo,2018-08-14,38.1157,13.3615,27.04,31.28,23.9,1.0,2.17,264.7,6.5191,62.3,98.78
Palermo,2018-08-15,38.1157,13.3615,25.19,28.03,22.79,1.91,4.44,282.3,5.7686,69.28,98.72
Palermo,2018-08-16,38.1157,13.3615,25.15,28.7,22.09,0.3,3.51,345.9,6.3526,67.19,98.76
Palermo,2018-08-17,38.1157,13.3615,25.52,29.18,22.68,0.21,2.72,346.7,6.7721,66.55,98.9
Palermo,2018-08-18,38.1157,13.3615,25.63,29.32,22.53,0.4,2.53,13.2,6.3737,65.89,98.99
Palermo,2018-08-19,38.1157,13.3615,25.61,29.6,22.73,3.0,2.23,341.6,4.7227,67.73,98.94
Palermo,2018-08-20,38.1157,13.3615,23.29,24.82,21.83,14.7,1.86,8.0,3.6396,80.96,98.66
Palermo,2018-08-21,38.1157,13.3615,24.09,27.01,21.39,6.03,3.32,65.4,6.0929,73.62,98.69
Palermo,2018-08-22,38.1157,13.3615,23.77,25.7,22.29,3.58,2.8,47.2,4.5406,75.98,98.8
Palermo,2018-08-23,38.1157,13.3615,23.89,26.77,21.64,7.09,1.65,357.1,4.2451,75.85,98.68
Palermo,2018-08-24,38.1157,13.3615,22.97,25.16,21.24,10.19,3.82,322.7,2.401,78.88,98.55
Palermo,2018-08-25,38.1157,13.3615,24.28,28.03,21.51,0.74,4.08,284.2,6.0446,74.13,98.58
Palermo,2018-08-26,38.1157,13.3615,23.95,27.01,21.05,0.16,6.4,276.9,5.7881,69.74,98.65
Palermo,2018-08-27,38.1157,13.3615,22.92,26.62,20.19,0.0,5.61,321.3,6.3794,64.18,98.72
Palermo,2018-08-28,38.1157,13.3615,23.25,27.49,19.99,0.0,3.47,1.7,6.5914,66.34,98.97
Palermo,2018-08-29,38.1157,13.3615,24.14,29.37,20.05,0.0,2.02,19.4,6.3173,65.74,98.99
Palermo,2018-08-30,38.1157,13.3615,24.8,29.73,21.45,0.0,1.84,356.8,6.4051,65.38,99.07
Palermo,2018-08-31,38.1157,13.3615,25.56,30.12,22.24,0.03,1.8,306.3,6.2846,60.0,99.13
Palermo,2018-09-01,38.1157,13.3615,25.6,30.56,21.29,0.13,3.42,238.0,6.1548,64.39,99.12
Palermo,2018-09-02,38.1157,13.3615,25.07,29.37,21.33,0.2,2.99,257.6,5.4847,69.37,99.1
Palermo,2018-09-03,38.1157,13.3615,24.8,29.49,21.41,0.0,2.88,302.4,6.0602,61.55,98.94
Palermo,2018-09-04,38.1157,13.3615,24.92,29.87,20.18,0.0,2.28,26.0,5.6376,54.62,98.91
Palermo,2018-09-05,38.1157,13.3615,26.43,31.14,22.94,0.0,1.66,184.8,5.8562,53.87,98.89
Palermo,2018-09-06,38.1157,13.3615,25.82,30.63,22.17,0.12,2.6,219.7,5.7425,68.66,98.69
Palermo,2018-09-07,38.1157,13.3615,24.13,27.89,22.09,0.59,2.9,288.0,4.5262,80.1,98.85
Palermo,2018-09-08,38.1157,13.3615,24.69,28.66,21.82,0.01,3.32,330.0,5.9297,71.4,99.21
Palermo,2018-09-09,38.1157,13.3615,24.62,29.76,20.79,0.24,2.42,17.9,4.2127,65.2,99.38
Palermo,2018-09-10,38.1157,13.3615,24.58,28.3,22.02,0.46,2.42,75.8,3.9187,65.99,99.47
Palermo,2018-09-11,38.1157,13.3615,24.83,29.56,21.56,0.1,3.24,38.6,5.8541,64.89,99.64
Palermo,2018-09-12,38.1157,13.3615,24.61,30.0,20.78,0.0,3.45,38.0,5.952,64.26,99.52
Palermo,2018-09-13,38.1157,13.3615,23.93,27.68,21.78,1.4,2.21,341.9,2.0414,64.69,99.09
Palermo,2018-09-14,38.1157,13.3615,23.23,26.58,21.01,5.45,2.3,311.8,4.6673,74.77,99.0
Palermo,2018-09-15,38.1157,13.3615,23.97,28.34,20.59,0.01,2.68,25.2,5.705,70.87,99.36
Palermo,2018-09-16,38.1157,13.3615,24.77,29.29,21.38,0.59,1.96,25.1,5.3614,65.5,99.53
Palermo,2018-09-17,38.1157,13.3615,24.63,28.92,22.09,2.8,1.44,136.3,5.3119,67.84,99.44
Palermo,2018-09-18,38.1157,13.3615,24.16,26.9,22.01,1.57,2.1,182.9,4.1359,74.14,99.38
Palermo,2018-09-19,38.1157,13.3615,23.73,27.03,21.88,2.37,3.76,202.9,4.1438,79.89,99.25
Palermo,2018-09-20,38.1157,13.3615,22.98,25.54,21.28,2.34,3.8,208.3,4.0238,81.12,99.04
Palermo,2018-09-21,38.1157,13.3615,23.05,25.78,20.81,5.14,5.34,189.3,4.0582,80.26,98.87
Palermo,2018-09-22,38.1157,13.3615,24.32,27.21,21.71,1.87,2.65,156.8,4.6212,77.35,99.03
Palermo,2018-09-23,38.1157,13.3615,24.66,29.52,21.39,0.02,1.51,348.4,5.1924,73.89,99.33
Palermo,2018-09-24,38.1157,13.3615,23.84,28.15,20.56,0.11,4.23,262.8,5.2992,80.13,99.09
Palermo,2018-09-25,38.1157,13.3615,24.3,28.33,21.67,1.14,2.36,113.2,4.356,74.62,99.36
Palermo,2018-09-26,38.1157,13.3615,20.32,22.47,17.61,0.91,7.44,46.9,5.0314,62.39,99.92
Palermo,2018-09-27,38.1157,13.3615,18.7,22.22,16.2,0.0,6.44,38.9,4.7966,58.0,99.74
Palermo,2018-09-28,38.1157,13.3615,19.12,23.14,15.43,0.01,4.41,25.7,4.6994,57.15,98.95
Palermo,2018-09-29,38.1157,13.3615,20.29,24.92,16.87,0.0,2.91,356.7,5.2054,63.63,98.92
Palermo,2018-09-30,38.1157,13.3615,21.14,26.15,17.79,0.0,2.18,0.7,5.0885,65.08,99.07
Palermo,2018-10-01,38.1157,13.3615,21.05,25.07,17.19,0.35,4.31,248.4,4.6188,74.67,98.74
Palermo,2018-10-02,38.1157,13.3615,18.39,20.12,16.37,6.33,3.11,273.5,2.0779,76.51,98.7
Palermo,2018-10-03,38.1157,13.3615,19.08,22.5,16.63,42.66,4.13,80.5,1.8156,80.05,98.63
Palermo,2018-10-04,38.1157,13.3615,19.42,22.87,15.74,14.73,3.61,146.3,3.4992,73.11,99.01
Palermo,2018-10-05,38.1157,13.3615,19.41,22.94,16.79,7.23,5.46,185.5,3.8167,77.47,99.1
Palermo,2018-10-06,38.1157,13.3615,19.94,24.04,16.5,0.89,5.0,204.5,3.4918,78.71,99.2
Palermo,2018-10-07,38.1157,13.3615,21.14,25.45,17.96,0.99,2.58,237.7,4.7035,75.73,98.97
Palermo,2018-10-08,38.1157,13.3615,21.04,26.04,16.87,0.02,2.33,65.9,4.5578,69.84,99.07
Palermo,2018-10-09,38.1157,13.3615,20.65,23.96,17.96,0.15,1.66,144.8,4.6788,71.79,99.24
Palermo,2018-10-10,38.1157,13.3615,20.81,24.36,18.12,0.17,1.96,159.1,4.2341,73.45,99.32
Palermo,2018-10-11,38.1157,13.3615,20.41,22.71,18.49,0.77,4.05,172.2,3.3233,83.64,99.33
Palermo,2018-10-12,38.1157,13.3615,20.69,23.21,19.27,3.97,2.08,174.4,2.16,86.19,99.36
Palermo,2018-10-13,38.1157,13.3615,20.07,23.64,17.74,5.16,3.22,120.2,3.7622,71.18,99.33
Palermo,2018-10-14,38.1157,13.3615,18.9,21.41,16.88,6.54,3.63,86.0,2.5663,77.09,98.9
Palermo,2018-10-15,38.1157,13.3615,19.93,23.38,17.54,1.72,1.63,275.9,4.0486,80.22,98.71
Palermo,2018-10-16,38.1157,13.3615,19.96,22.1,18.24,6.7,3.54,156.0,3.1778,88.05,98.99
Palermo,2018-10-17,38.1157,13.3615,20.08,22.96,17.84,2.64,3.39,121.3,4.05,82.54,98.76
Palermo,2018-10-18,38.1157,13.3615,20.46,24.17,18.41,5.93,5.17,112.3,2.0482,79.77,98.33
Palermo,2018-10-19,38.1157,13.3615,20.76,24.46,17.65,1.37,2.51,92.1,3.8954,77.01,98.74
Palermo,2018-10-20,38.1157,13.3615,20.38,24.35,17.92,0.12,1.78,24.5,3.4978,82.09,99.31
Palermo,2018-10-21,38.1157,13.3615,19.22,22.85,17.22,1.89,2.4,293.1,3.6845,83.42,99.12
Palermo,2018-10-22,38.1157,13.3615,17.54,20.29,15.16,10.87,5.26,289.5,3.049,79.73,98.64
Palermo,2018-10-23,38.1157,13.3615,17.79,20.09,15.73,2.72,6.64,16.5,2.8253,75.85,98.72
Palermo,2018-10-24,38.1157,13.3615,17.87,21.27,14.99,0.01,4.25,341.7,3.6442,73.26,98.9
Palermo,2018-10-25,38.1157,13.3615,18.41,23.67,15.12,0.03,3.33,224.9,3.9566,76.64,99.18
Palermo,2018-10-26,38.1157,13.3615,19.28,22.61,17.04,0.3,6.26,217.0,3.7855,84.97,99.24
Palermo,2018-10-27,38.1157,13.3615,20.25,23.3,18.29,0.14,9.78,183.9,3.7639,79.57,98.68
Palermo,2018-10-28,38.1157,13.3615,20.75,22.89,19.33,4.25,9.86,182.1,1.435,80.49,98.15
Palermo,2018-10-29,38.1157,13.3615,20.19,24.68,14.43,6.92,11.7,187.9,2.268,74.79,97.87
Palermo,2018-10-30,38.1157,13.3615,14.93,18.33,12.49,0.0,5.68,221.4,3.8038,62.65,98.99
Palermo,2018-10-31,38.1157,13.3615,16.74,20.47,12.23,6.62,6.57,153.9,1.3224,79.01,99.24
Palermo,2018-11-01,38.1157,13.3615,19.41,20.99,17.73,11.09,6.46,164.8,1.0646,90.2,99.22
Palermo,2018-11-02,38.1157,13.3615,19.25,21.43,16.17,14.29,6.94,172.6,0.5522,88.09,99.06
Palermo,2018-11-03,38.1157,13.3615,17.68,20.38,15.78,15.0,4.17,126.3,1.3277,86.81,98.74
Palermo,2018-11-04,38.1157,13.3615,16.82,19.6,14.61,0.68,5.62,191.7,3.1625,78.44,98.71
Palermo,2018-11-05,38.1157,13.3615,16.99,20.82,14.7,0.31,4.95,192.2,3.4308,76.45,98.9
Palermo,2018-11-06,38.1157,13.3615,16.84,20.78,14.23,0.35,4.94,191.8,3.5378,76.0,99.0
Palermo,2018-11-07,38.1157,13.3615,16.11,19.07,14.11,1.44,2.25,298.2,3.4538,75.05,99.33
Palermo,2018-11-08,38.1157,13.3615,16.16,19.92,14.01,0.05,1.59,3.0,3.3602,70.65,99.54
Palermo,2018-11-09,38.1157,13.3615,16.14,20.39,12.74,0.44,3.48,167.4,3.5035,80.13,99.21
Palermo,2018-11-10,38.1157,13.3615,15.99,17.86,14.56,7.83,2.55,158.8,3.0094,85.98,98.85
Palermo,2018-11-11,38.1157,13.3615,16.63,20.84,14.08,0.09,2.56,59.6,3.3307,78.66,99.3
Palermo,2018-11-12,38.1157,13.3615,17.21,21.55,14.19,0.07,1.87,98.9,3.3182,74.9,99.85
Palermo,2018-11-13,38.1157,13.3615,16.62,21.14,14.09,0.02,2.14,54.5,3.2419,76.96,100.09
Palermo,2018-11-14,38.1157,13.3615,15.14,19.19,12.42,0.02,2.85,31.6,3.0432,83.72,99.91
Palermo,2018-11-15,38.1157,13.3615,15.17,18.44,12.54,0.08,1.64,150.3,2.7,77.82,99.48
Palermo,2018-11-16,38.1157,13.3615,14.96,18.03,13.11,3.08,2.69,59.2,2.2226,81.46,99.05
Palermo,2018-11-17,38.1157,13.3615,14.03,16.67,12.52,2.38,4.75,66.2,2.3556,76.87,98.74
Palermo,2018-11-18,38.1157,13.3615,14.32,17.61,12.31,0.46,2.96,354.3,2.2961,75.97,98.41
Palermo,2018-11-19,38.1157,13.3615,16.04,18.82,12.69,3.91,8.27,192.8,1.6877,83.35,97.96
Palermo,2018-11-20,38.1157,13.3615,16.91,19.09,13.86,0.81,7.28,218.1,2.484,78.67,97.97
Palermo,2018-11-21,38.1157,13.3615,15.03,18.9,12.45,0.08,5.0,255.5,2.9722,82.67,99.01
Palermo,2018-11-22,38.1157,13.3615,15.68,19.1,13.03,0.01,3.29,260.0,2.7113,79.33,99.49
Palermo,2018-11-23,38.1157,13.3615,15.59,20.22,12.37,0.0,4.21,163.6,2.9594,80.74,99.5
Palermo,2018-11-24,38.1157,13.3615,16.72,19.56,14.21,0.6,6.43,166.5,2.0664,87.78,99.09
Palermo,2018-11-25,38.1157,13.3615,15.86,17.4,13.69,1.8,8.03,224.9,1.5636,83.91,98.33
Palermo,2018-11-26,38.1157,13.3615,15.2,16.76,13.94,2.67,8.55,234.7,0.7889,81.59,98.13
Palermo,2018-11-27,38.1157,13.3615,13.3,14.18,12.64,4.63,11.1,277.6,1.751,77.95,98.04
Palermo,2018-11-28,38.1157,13.3615,13.23,14.32,12.54,2.43,8.66,321.1,1.4129,74.44,98.68
Palermo,2018-11-29,38.1157,13.3615,12.45,15.42,10.57,0.03,4.03,21.1,1.8713,75.28,99.38
Palermo,2018-11-30,38.1157,13.3615,11.89,14.98,9.3,0.02,2.77,175.3,2.1756,75.54,99.26
Palermo,2018-12-01,38.1157,13.3615,12.81,14.43,11.15,2.59,3.74,191.5,1.0027,85.4,98.74
Palermo,2018-12-02,38.1157,13.3615,13.29,16.51,11.02,0.49,3.58,5.1,2.4314,85.35,99.13
Palermo,2018-12-03,38.1157,13.3615,13.61,16.4,11.22,0.03,4.02,274.7,1.7261,86.57,99.25
Palermo,2018-12-04,38.1157,13.3615,14.68,17.25,13.06,0.11,5.51,302.5,2.3446,89.61,99.04
Palermo,2018-12-05,38.1157,13.3615,14.31,17.88,11.78,0.04,3.59,16.4,2.7574,80.44,99.6
Palermo,2018-12-06,38.1157,13.3615,13.53,16.97,11.46,1.9,2.6,235.6,2.2109,80.83,99.51
Palermo,2018-12-07,38.1157,13.3615,14.09,17.68,11.66,2.31,2.59,64.5,2.6366,79.87,99.38
Palermo,2018-12-08,38.1157,13.3615,13.02,16.46,10.99,0.18,6.83,285.0,2.4338,82.33,99.28
Palermo,2018-12-09,38.1157,13.3615,13.24,15.85,10.08,0.06,7.83,286.8,2.2488,81.03,99.27
Palermo,2018-12-10,38.1157,13.3615,13.51,14.9,12.51,0.15,8.4,302.4,2.2397,73.9,99.05
Palermo,2018-12-11,38.1157,13.3615,11.87,14.7,9.28,0.23,4.56,296.8,2.2488,74.5,99.17
Palermo,2018-12-12,38.1157,13.3615,11.48,13.67,9.14,1.35,3.76,258.2,1.6056,84.03,99.17
Palermo,2018-12-13,38.1157,13.3615,13.14,15.32,11.28,3.63,5.22,229.9,1.931,88.77,98.71
Palermo,2018-12-14,38.1157,13.3615,13.31,15.95,11.42,0.91,5.44,176.9,1.1664,82.28,98.11
Palermo,2018-12-15,38.1157,13.3615,11.23,12.84,8.96,2.17,6.59,327.0,1.3222,78.67,98.73
Palermo,2018-12-16,38.1157,13.3615,10.96,13.81,7.73,0.08,4.87,280.6,1.9291,79.12,99.35
Palermo,2018-12-17,38.1157,13.3615,13.39,15.77,10.83,1.59,9.12,275.8,1.3397,82.52,99.07
Palermo,2018-12-18,38.1157,13.3615,11.1,13.95,8.34,0.63,6.12,340.1,2.1425,76.03,99.67
Palermo,2018-12-19,38.1157,13.3615,10.06,13.81,7.6,0.0,2.32,236.6,2.6018,72.18,99.79
Palermo,2018-12-20,38.1157,13.3615,11.23,15.06,7.55,0.64,3.78,222.4,1.5377,91.68,99.75
Palermo,2018-12-21,38.1157,13.3615,11.62,15.23,8.99,0.05,2.94,314.4,2.496,82.43,100.22
Palermo,2018-12-22,38.1157,13.3615,10.91,14.44,8.4,0.0,4.02,271.8,2.2483,84.62,100.22
Palermo,2018-12-23,38.1157,13.3615,12.61,16.85,10.13,0.05,3.83,261.9,2.4631,93.3,100.01
Palermo,2018-12-24,38.1157,13.3615,13.24,15.9,11.08,0.07,6.05,260.9,2.0472,91.86,99.6
Palermo,2018-12-25,38.1157,13.3615,11.71,14.19,8.5,0.37,6.0,25.9,2.364,78.51,99.6
Palermo,2018-12-26,38.1157,13.3615,9.18,12.54,7.26,0.0,4.96,27.4,2.4149,69.28,100.22
Palermo,2018-12-27,38.1157,13.3615,9.55,13.67,7.02,0.0,1.96,10.1,2.6993,70.51,100.09
Palermo,2018-12-28,38.1157,13.3615,9.69,13.89,7.45,0.0,1.28,354.5,2.5109,74.99,99.92
Palermo,2018-12-29,38.1157,13.3615,9.91,13.0,7.39,0.07,2.17,5.0,1.5799,85.27,99.93
Palermo,2018-12-30,38.1157,13.3615,11.0,13.99,8.95,0.84,3.27,309.9,1.4935,81.09,99.73
Palermo,2018-12-31,38.1157,13.3615,10.67,13.12,8.7,0.69,6.75,13.0,2.2241,74.38,99.55
Palermo,2019-01-01,38.1157,13.3615,8.88,11.37,6.37,0.76,6.17,15.6,2.3206,74.31,99.59
Palermo,2019-01-02,38.1157,13.3615,9.5,12.72,6.0,1.39,5.37,308.8,1.1278,82.29,98.96
Palermo,2019-01-03,38.1157,13.3615,7.66,9.01,6.03,1.05,8.7,3.1,1.3982,66.28,99.35
Palermo,2019-01-04,38.1157,13.3615,5.17,8.22,3.04,1.12,5.89,359.1,1.3702,66.21,99.82
Palermo,2019-01-05,38.1157,13.3615,6.53,9.31,3.89,1.59,5.66,342.2,1.5005,72.29,99.65
Palermo,2019-01-06,38.1157,13.3615,9.78,12.71,7.65,1.09,2.98,335.1,2.3863,75.84,99.35
Palermo,2019-01-07,38.1157,13.3615,9.35,12.78,7.03,0.27,2.48,2.6,2.5747,79.04,99.69
Palermo,2019-01-08,38.1157,13.3615,9.64,12.45,7.07,0.94,4.46,229.6,2.4384,79.05,99.5
Palermo,2019-01-09,38.1157,13.3615,10.52,11.4,9.17,5.39,9.25,262.9,1.277,84.02,97.9
Palermo,2019-01-10,38.1157,13.3615,8.19,9.84,5.78,2.66,7.18,280.9,1.9762,76.42,98.01
Palermo,2019-01-11,38.1157,13.3615,6.73,9.22,5.12,0.28,2.75,315.3,2.3004,74.65,98.63
Palermo,2019-01-12,38.1157,13.3615,7.16,9.95,5.18,1.11,5.63,357.6,2.107,76.86,98.99
Palermo,2019-01-13,38.1157,13.3615,8.75,11.1,5.22,0.74,5.33,294.9,1.8158,81.58,98.82
Palermo,2019-01-14,38.1157,13.3615,11.39,12.91,10.06,1.86,7.54,299.1,1.123,87.88,98.02
Palermo,2019-01-15,38.1157,13.3615,10.13,14.39,6.54,0.05,4.98,8.4,2.9714,74.92,98.97
Palermo,2019-01-16,38.1157,13.3615,8.64,12.71,5.84,0.02,3.44,159.2,3.1351,65.22,99.67
Palermo,2019-01-17,38.1157,13.3615,10.17,13.4,7.89,0.52,4.66,196.0,2.4038,84.5,99.22
Palermo,2019-01-18,38.1157,13.3615,10.61,14.4,8.28,0.22,3.57,218.2,2.058,82.1,98.91
Palermo,2019-01-19,38.1157,13.3615,10.37,13.31,8.26,0.42,1.97,272.1,2.7845,82.45,98.77
Palermo,2019-01-20,38.1157,13.3615,9.31,11.88,7.97,1.07,3.7,220.5,2.7221,86.48,98.67
Palermo,2019-01-21,38.1157,13.3615,10.26,11.77,8.05,3.31,5.55,174.1,1.0925,90.29,98.3
Palermo,2019-01-22,38.1157,13.3615,10.06,12.13,7.97,0.7,6.61,258.6,2.6105,82.0,98.11
Palermo,2019-01-23,38.1157,13.3615,7.74,9.21,6.65,3.86,4.41,235.9,2.341,86.68,97.33
Palermo,2019-01-24,38.1157,13.3615,7.77,8.7,6.55,6.54,7.05,206.4,1.7976,83.23,96.11
Palermo,2019-01-25,38.1157,13.3615,8.63,10.84,6.67,2.4,6.78,340.3,1.6666,81.19,96.89
Palermo,2019-01-26,38.1157,13.3615,8.35,10.13,7.2,1.56,4.68,343.3,2.0191,80.91,98.03
Palermo,2019-01-27,38.1157,13.3615,9.46,13.02,6.22,0.0,4.73,239.0,2.9882,82.18,98.35
Palermo,2019-01-28,38.1157,13.3615,10.62,12.85,8.7,0.71,7.59,260.6,2.9743,75.05,97.76
Palermo,2019-01-29,38.1157,13.3615,8.59,10.38,7.3,3.86,5.17,286.0,1.9855,81.87,97.68
Palermo,2019-01-30,38.1157,13.3615,9.01,11.55,7.05,1.51,6.64,267.3,1.77,76.57,97.82
Palermo,2019-01-31,38.1157,13.3615,10.2,12.78,7.72,0.55,7.09,235.5,2.8594,76.27,98.31
Palermo,2019-02-01,38.1157,13.3615,12.82,16.47,10.07,0.03,8.6,180.2,3.1946,84.55,98.21
Palermo,2019-02-02,38.1157,13.3615,13.1,17.1,9.18,0.13,7.17,187.3,2.021,81.98,97.62
Palermo,2019-02-03,38.1157,13.3615,9.69,11.91,8.24,1.58,4.71,243.5,2.9119,81.07,98.12
Palermo,2019-02-04,38.1157,13.3615,9.83,12.71,7.14,10.25,5.18,34.4,1.4995,85.02,98.35
Palermo,2019-02-05,38.1157,13.3615,11.7,12.67,10.23,10.78,9.13,25.2,0.883,91.6,98.55
Palermo,2019-02-06,38.1157,13.3615,10.57,13.67,8.36,0.0,4.96,356.5,3.2671,80.49,98.9
Palermo,2019-02-07,38.1157,13.3615,10.51,14.53,8.0,0.03,2.65,344.6,3.6029,79.66,99.2
Palermo,2019-02-08,38.1157,13.3615,10.52,14.15,7.66,0.05,2.87,280.6,3.5148,80.44,99.27
Palermo,2019-02-09,38.1157,13.3615,10.91,14.82,8.62,0.01,2.08,330.0,3.6814,76.63,99.59
Palermo,2019-02-10,38.1157,13.3615,10.73,15.37,7.15,0.01,4.73,206.2,3.8849,85.78,99.65
Palermo,2019-02-11,38.1157,13.3615,11.23,14.6,8.68,0.09,8.1,271.8,3.1615,79.76,99.11
Palermo,2019-02-12,38.1157,13.3615,9.2,11.61,7.14,0.76,6.45,359.5,3.7858,68.11,99.48
Palermo,2019-02-13,38.1157,13.3615,8.78,11.24,6.77,0.0,8.36,20.4,3.703,59.82,100.19
Palermo,2019-02-14,38.1157,13.3615,8.36,12.18,5.17,0.0,5.32,20.3,4.0843,66.98,100.4
Palermo,2019-02-15,38.1157,13.3615,9.97,14.77,6.71,0.15,3.71,5.4,4.0166,75.14,100.01
Palermo,2019-02-16,38.1157,13.3615,9.2,12.85,6.15,0.0,4.66,44.8,3.648,67.7,100.16
Palermo,2019-02-17,38.1157,13.3615,9.62,14.29,6.59,0.0,1.86,39.9,3.9168,68.6,100.24
Palermo,2019-02-18,38.1157,13.3615,9.87,14.08,6.81,0.0,1.54,223.8,3.7776,74.1,99.9
Palermo,2019-02-19,38.1157,13.3615,10.33,14.31,7.51,0.09,1.45,178.3,3.637,76.81,99.65
Palermo,2019-02-20,38.1157,13.3615,10.56,14.67,7.37,0.05,2.02,45.2,4.0618,76.23,99.73
Palermo,2019-02-21,38.1157,13.3615,9.76,13.8,7.16,0.0,2.74,19.3,3.2002,77.2,100.02
Palermo,2019-02-22,38.1157,13.3615,10.28,13.06,8.06,0.18,4.1,339.6,2.3714,78.38,99.71
Palermo,2019-02-23,38.1157,13.3615,8.01,11.31,5.07,0.84,10.36,19.7,2.2745,73.12,99.12
Palermo,2019-02-24,38.1157,13.3615,9.48,11.94,8.03,0.11,9.48,40.8,3.4574,68.95,99.47
Palermo,2019-02-25,38.1157,13.3615,8.75,12.22,5.91,1.21,5.06,30.0,3.8429,69.72,99.75
Palermo,2019-02-26,38.1157,13.3615,8.6,13.5,5.68,0.02,3.64,48.4,4.5605,71.51,99.89
Palermo,2019-02-27,38.1157,13.3615,10.26,15.2,6.07,0.01,4.3,329.0,4.3541,79.92,99.61
Palermo,2019-02-28,38.1157,13.3615,10.84,15.88,7.44,0.01,2.09,335.5,4.7278,74.73,99.63
Palermo,2019-03-01,38.1157,13.3615,10.96,15.43,7.12,0.02,5.63,258.0,4.6253,87.85,99.05
Palermo,2019-03-02,38.1157,13.3615,11.68,14.7,9.6,0.18,5.8,307.0,4.2478,87.51,98.92
Palermo,2019-03-03,38.1157,13.3615,11.04,13.47,9.11,1.43,3.94,309.2,4.1774,85.16,99.29
Palermo,2019-03-04,38.1157,13.3615,11.12,16.11,7.99,0.01,3.54,231.8,4.8842,83.11,99.37
Palermo,2019-03-05,38.1157,13.3615,12.54,17.74,8.53,0.01,5.17,227.1,4.9214,83.32,99.21
Palermo,2019-03-06,38.1157,13.3615,13.68,19.08,10.4,0.0,4.33,180.8,4.9284,75.17,99.31
Palermo,2019-03-07,38.1157,13.3615,14.61,19.2,11.34,0.01,7.5,180.9,4.5955,74.57,99.13
Palermo,2019-03-08,38.1157,13.3615,14.52,20.65,9.8,0.01,2.82,178.0,4.8377,69.4,99.3
Palermo,2019-03-09,38.1157,13.3615,13.09,17.8,9.62,0.0,2.02,332.5,4.9932,78.02,99.93
Palermo,2019-03-10,38.1157,13.3615,12.47,17.69,9.05,0.0,2.61,264.0,5.3366,77.99,99.92
Palermo,2019-03-11,38.1157,13.3615,12.92,17.48,9.81,0.0,5.73,272.4,4.9202,82.23,99.28
Palermo,2019-03-12,38.1157,13.3615,10.69,12.21,8.45,0.27,11.18,333.6,4.7119,56.94,99.3
Palermo,2019-03-13,38.1157,13.3615,10.48,14.99,6.94,0.19,4.45,278.6,5.5382,69.19,99.25
Palermo,2019-03-14,38.1157,13.3615,11.31,14.05,9.18,0.89,8.62,303.2,4.781,73.34,98.93
Palermo,2019-03-15,38.1157,13.3615,11.71,14.94,9.5,0.38,5.68,295.6,5.1293,83.18,99.1
Palermo,2019-03-16,38.1157,13.3615,12.64,17.67,9.42,0.05,3.12,243.0,5.473,87.0,99.35
Palermo,2019-03-17,38.1157,13.3615,12.46,17.44,8.67,0.03,4.09,217.8,5.5618,80.5,99.09
Palermo,2019-03-18,38.1157,13.3615,13.01,19.45,7.54,0.03,3.69,222.1,5.4228,79.5,98.85
Palermo,2019-03-19,38.1157,13.3615,11.98,15.17,10.01,0.06,3.35,355.5,5.0731,79.89,98.98
Palermo,2019-03-20,38.1157,13.3615,12.48,14.71,10.09,5.96,4.57,67.1,1.5386,87.23,99.11
Palermo,2019-03-21,38.1157,13.3615,13.99,18.23,11.7,3.05,7.36,87.9,3.2714,77.44,99.18
Palermo,2019-03-22,38.1157,13.3615,13.62,17.4,11.4,2.21,4.03,83.2,3.8491,80.77,99.45
Palermo,2019-03-23,38.1157,13.3615,13.78,19.05,10.19,0.03,2.26,42.6,5.7528,73.32,99.45
Palermo,2019-03-24,38.1157,13.3615,13.25,18.34,9.28,0.0,1.97,348.4,5.7091,71.66,99.57
Palermo,2019-03-25,38.1157,13.3615,13.02,18.16,9.11,0.01,3.13,253.8,5.8716,72.02,99.11
Palermo,2019-03-26,38.1157,13.3615,12.57,16.27,9.21,0.05,6.6,250.5,5.5486,78.98,98.67
Palermo,2019-03-27,38.1157,13.3615,11.31,13.82,9.09,2.31,4.28,225.6,2.6765,77.2,98.95
Palermo,2019-03-28,38.1157,13.3615,11.41,13.84,9.23,3.49,6.87,23.2,3.834,81.5,99.26
Palermo,2019-03-29,38.1157,13.3615,11.71,15.58,8.67,0.02,5.02,6.5,5.9786,69.24,99.76
Palermo,2019-03-30,38.1157,13.3615,11.46,15.83,8.35,0.0,3.78,359.4,6.3422,72.84,99.75
Palermo,2019-03-31,38.1157,13.3615,12.76,18.37,7.95,0.0,1.81,38.7,6.4003,66.08,99.18
Palermo,2019-04-01,38.1157,13.3615,13.03,17.98,8.87,0.0,2.2,121.4,4.5319,72.22,98.77
Palermo,2019-04-02,38.1157,13.3615,13.36,16.4,10.69,0.35,1.08,310.2,2.3434,66.96,99.01
Palermo,2019-04-03,38.1157,13.3615,12.94,16.84,9.05,0.3,5.83,182.2,4.2173,78.5,98.64
Palermo,2019-04-04,38.1157,13.3615,13.87,18.76,11.55,6.47,7.81,173.7,2.0378,86.32,97.87
Palermo,2019-04-05,38.1157,13.3615,12.48,15.1,10.53,1.92,4.06,26.7,3.4726,84.22,97.76
Palermo,2019-04-06,38.1157,13.3615,13.07,18.05,9.64,0.24,3.24,287.5,5.4178,78.35,98.08
Palermo,2019-04-07,38.1157,13.3615,12.41,16.65,9.36,3.41,4.15,250.4,6.3295,75.16,98.22
Palermo,2019-04-08,38.1157,13.3615,11.53,14.36,9.1,0.65,4.78,292.9,6.0523,81.79,98.4
Palermo,2019-04-09,38.1157,13.3615,13.06,16.64,9.68,0.16,4.91,264.4,6.161,84.41,98.53
Palermo,2019-04-10,38.1157,13.3615,13.24,16.93,10.05,0.31,5.84,238.3,5.743,80.63,98.43
Palermo,2019-04-11,38.1157,13.3615,12.78,16.0,10.22,1.24,5.88,237.0,5.6347,78.76,98.41
Palermo,2019-04-12,38.1157,13.3615,12.16,14.46,10.25,4.39,5.07,251.4,4.9008,84.31,98.44
Palermo,2019-04-13,38.1157,13.3615,11.49,14.04,9.46,3.44,4.06,285.7,5.1096,84.68,98.6
Palermo,2019-04-14,38.1157,13.3615,12.74,16.09,9.92,1.65,5.4,263.3,5.9518,81.18,98.71
Palermo,2019-04-15,38.1157,13.3615,12.33,15.22,9.87,0.76,6.13,324.7,5.9304,77.17,98.71
Palermo,2019-04-16,38.1157,13.3615,13.45,17.77,9.9,0.54,1.47,173.8,4.7364,73.54,99.3
Palermo,2019-04-17,38.1157,13.3615,14.33,19.07,10.41,0.13,2.48,43.1,6.7447,69.87,99.35
Palermo,2019-04-18,38.1157,13.3615,15.21,20.75,10.13,0.0,1.67,111.4,6.9048,71.75,99.43
Palermo,2019-04-19,38.1157,13.3615,15.57,21.07,10.54,0.0,2.31,128.0,6.8801,68.06,99.76
Palermo,2019-04-20,38.1157,13.3615,14.93,18.65,10.37,0.0,3.6,125.4,4.9661,68.59,99.53
Palermo,2019-04-21,38.1157,13.3615,15.43,20.31,12.13,0.01,8.8,129.3,3.7438,64.58,98.75
Palermo,2019-04-22,38.1157,13.3615,16.8,21.39,14.21,2.77,12.27,147.4,1.5756,67.97,97.72
Palermo,2019-04-23,38.1157,13.3615,17.17,22.73,12.14,0.07,4.65,187.2,6.2954,69.36,98.09
Palermo,2019-04-24,38.1157,13.3615,19.17,26.5,13.44,0.0,2.53,127.6,6.7543,57.07,98.76
Palermo,2019-04-25,38.1157,13.3615,19.95,26.52,14.52,0.0,2.05,148.4,6.3566,61.32,99.02
Palermo,2019-04-26,38.1157,13.3615,17.91,22.61,13.79,0.03,2.18,305.9,6.0242,73.21,99.21
Palermo,2019-04-27,38.1157,13.3615,15.4,19.2,11.78,1.11,4.1,337.3,7.4066,75.18,99.39
Palermo,2019-04-28,38.1157,13.3615,14.8,19.46,11.01,0.03,4.5,278.0,6.8681,77.62,99.21
Palermo,2019-04-29,38.1157,13.3615,14.05,18.05,10.85,0.0,5.68,269.9,7.134,73.74,98.92
Palermo,2019-04-30,38.1157,13.3615,14.01,18.72,10.43,0.0,3.2,310.5,6.9811,71.24,98.91
Palermo,2019-05-01,38.1157,13.3615,14.07,18.97,9.89,0.0,2.89,351.9,7.5653,64.74,98.92
Palermo,2019-05-02,38.1157,13.3615,15.44,20.71,10.64,0.0,1.52,11.7,7.4731,55.35,99.01
Palermo,2019-05-03,38.1157,13.3615,14.31,17.84,11.05,2.39,4.87,156.5,1.7686,75.06,98.58
Palermo,2019-05-04,38.1157,13.3615,15.3,18.8,13.17,2.04,4.34,298.3,1.2696,86.01,97.7
Palermo,2019-05-05,38.1157,13.3615,14.56,18.25,11.09,0.19,8.57,273.6,6.991,70.42,98.26
Palermo,2019-05-06,38.1157,13.3615,13.0,15.42,10.99,0.14,9.3,282.2,5.8574,62.91,98.79
Palermo,2019-05-07,38.1157,13.3615,13.7,18.01,10.31,0.0,3.85,318.0,7.644,68.23,99.36
Palermo,2019-05-08,38.1157,13.3615,15.18,21.04,9.7,0.0,2.81,174.7,7.1993,59.22,99.19
Palermo,2019-05-09,38.1157,13.3615,16.82,22.46,12.78,0.11,6.58,212.6,5.8622,72.55,98.57
Palermo,2019-05-10,38.1157,13.3615,16.93,21.53,13.01,0.14,2.96,308.6,7.6169,65.91,98.84
Palermo,2019-05-11,38.1157,13.3615,18.46,23.63,14.56,0.0,2.77,218.9,7.5276,55.13,99.04
Palermo,2019-05-12,38.1157,13.3615,15.94,19.59,12.97,1.73,6.54,260.6,7.157,73.6,98.65
Palermo,2019-05-13,38.1157,13.3615,13.68,15.77,12.29,2.14,2.61,287.3,6.257,78.46,98.35
Palermo,2019-05-14,38.1157,13.3615,13.95,16.99,11.37,1.37,3.49,338.6,5.7718,76.58,98.56
Palermo,2019-05-15,38.1157,13.3615,14.49,17.96,11.68,0.78,4.33,245.3,4.5029,78.0,98.46
Palermo,2019-05-16,38.1157,13.3615,13.73,16.37,11.92,6.54,5.15,315.4,6.0334,78.81,98.26
Palermo,2019-05-17,38.1157,13.3615,16.21,21.07,11.82,0.01,4.67,169.3,7.986,68.77,98.35
Palermo,2019-05-18,38.1157,13.3615,17.11,22.77,13.67,0.48,3.39,228.3,6.5489,70.41,98.16
Palermo,2019-05-19,38.1157,13.3615,15.97,19.96,12.77,0.12,4.93,265.2,7.355,71.54,98.31
Palermo,2019-05-20,38.1157,13.3615,15.72,19.84,12.23,0.83,5.69,246.3,7.307,72.31,98.74
Palermo,2019-05-21,38.1157,13.3615,17.03,21.34,11.52,0.0,3.41,252.5,8.1888,63.26,99.05
Palermo,2019-05-22,38.1157,13.3615,17.83,21.91,13.54,0.0,3.0,241.3,7.561,61.09,99.09
Palermo,2019-05-23,38.1157,13.3615,17.54,22.65,13.34,0.0,2.85,289.8,7.8737,64.38,99.14
Palermo,2019-05-24,38.1157,13.3615,18.27,23.45,12.65,0.0,1.68,282.5,7.9327,64.57,98.97
Palermo,2019-05-25,38.1157,13.3615,18.14,23.63,15.52,1.89,3.83,138.7,1.6814,69.34,98.68
Palermo,2019-05-26,38.1157,13.3615,16.96,20.94,15.22,8.14,5.95,148.9,1.2828,80.45,98.03
Palermo,2019-05-27,38.1157,13.3615,16.34,18.6,14.71,4.98,9.01,210.6,2.7835,84.37,98.0
Palermo,2019-05-28,38.1157,13.3615,17.54,20.92,14.31,0.62,5.96,251.5,6.8407,79.66,98.57
Palermo,2019-05-29,38.1157,13.3615,16.7,20.6,13.51,0.63,4.61,239.6,6.8525,75.84,99.01
Palermo,2019-05-30,38.1157,13.3615,16.45,20.77,12.83,0.08,3.91,297.0,8.1276,72.52,99.38
Palermo,2019-05-31,38.1157,13.3615,16.9,21.6,12.8,0.12,3.26,3.1,7.9308,73.96,99.47
Palermo,2019-06-01,38.1157,13.3615,17.1,21.27,13.15,0.34,3.23,17.9,7.7743,72.16,99.33
Palermo,2019-06-02,38.1157,13.3615,17.79,22.33,13.36,0.06,3.21,310.6,6.5854,72.71,99.22
Palermo,2019-06-03,38.1157,13.3615,19.5,24.76,14.39,0.04,2.17,308.3,8.0455,65.58,99.18
Palermo,2019-06-04,38.1157,13.3615,20.55,25.82,15.31,0.03,2.57,337.1,8.0534,58.54,98.98
Palermo,2019-06-05,38.1157,13.3615,22.93,29.33,17.03,0.0,2.33,169.1,8.0969,47.51,98.67
Palermo,2019-06-06,38.1157,13.3615,21.04,24.23,17.06,0.01,2.94,158.6,4.3627,61.32,98.98
Palermo,2019-06-07,38.1157,13.3615,25.26,32.22,18.34,0.0,3.82,172.1,7.7957,49.03,99.22
Palermo,2019-06-08,38.1157,13.3615,27.21,33.47,20.72,0.0,2.99,194.9,7.4047,40.66,99.49
Palermo,2019-06-09,38.1157,13.3615,29.46,34.74,23.72,0.0,1.8,189.2,7.9157,34.01,99.31
Palermo,2019-06-10,38.1157,13.3615,28.0,33.09,21.36,0.01,2.91,198.4,7.5797,38.49,98.76
Palermo,2019-06-11,38.1157,13.3615,25.31,32.59,21.19,0.06,3.52,159.1,6.1594,48.49,98.45
Palermo,2019-06-12,38.1157,13.3615,24.8,31.13,19.15,0.01,3.85,172.8,6.835,54.47,98.51
Palermo,2019-06-13,38.1157,13.3615,24.29,30.96,18.17,0.0,3.27,47.3,7.806,65.84,98.89
Palermo,2019-06-14,38.1157,13.3615,27.35,35.7,21.28,0.0,2.38,185.3,7.9082,51.78,99.03
Palermo,2019-06-15,38.1157,13.3615,25.74,31.8,21.05,0.01,2.59,300.1,7.0058,58.95,98.97
Palermo,2019-06-16,38.1157,13.3615,24.26,30.2,19.73,0.01,3.29,28.7,7.7998,63.64,98.91
Palermo,2019-06-17,38.1157,13.3615,24.39,29.62,19.97,0.0,2.63,29.7,7.9109,64.08,98.79
Palermo,2019-06-18,38.1157,13.3615,23.6,28.95,19.35,0.01,2.71,7.2,7.9848,64.06,98.88
Palermo,2019-06-19,38.1157,13.3615,23.52,29.25,18.81,0.0,2.52,6.9,8.3198,57.25,98.87
Palermo,2019-06-20,38.1157,13.3615,25.15,31.23,18.33,0.0,2.16,45.4,8.2937,48.85,98.85
Palermo,2019-06-21,38.1157,13.3615,27.03,32.42,21.9,0.0,2.91,179.2,7.2917,44.1,98.91
Palermo,2019-06-22,38.1157,13.3615,28.02,35.38,21.57,0.03,3.9,185.1,6.7776,43.77,98.91
Palermo,2019-06-23,38.1157,13.3615,26.55,31.67,22.73,0.05,3.95,219.6,6.6931,56.99,98.92
Palermo,2019-06-24,38.1157,13.3615,26.41,31.89,21.91,0.0,3.16,35.3,8.1538,57.03,98.99
Palermo,2019-06-25,38.1157,13.3615,26.09,31.12,21.5,0.0,3.69,39.3,8.0417,61.57,99.24
Palermo,2019-06-26,38.1157,13.3615,26.41,31.15,21.67,0.0,3.31,31.1,7.7916,63.31,99.29
Palermo,2019-06-27,38.1157,13.3615,27.15,31.68,23.03,0.0,3.13,36.0,7.5787,57.72,99.11
Palermo,2019-06-28,38.1157,13.3615,26.97,31.56,23.2,0.0,3.15,355.2,7.9562,58.77,98.87
Palermo,2019-06-29,38.1157,13.3615,27.67,32.86,23.12,0.0,3.22,32.5,7.399,55.99,98.84
Palermo,2019-06-30,38.1157,13.3615,26.76,31.97,21.72,0.0,2.49,47.8,8.1391,56.23,99.14
Palermo,2019-07-01,38.1157,13.3615,27.13,32.12,22.51,0.0,2.27,27.2,8.0863,52.64,99.19
Palermo,2019-07-02,38.1157,13.3615,27.22,31.84,23.45,0.0,2.1,0.9,8.1317,49.46,98.92
Palermo,2019-07-03,38.1157,13.3615,27.62,32.97,22.36,0.0,2.78,23.1,7.8398,51.05,98.9
Palermo,2019-07-04,38.1157,13.3615,29.09,34.6,24.23,0.0,1.87,23.0,7.8607,49.04,99.05
Palermo,2019-07-05,38.1157,13.3615,29.0,33.82,24.33,0.0,2.07,346.9,7.6032,46.96,99.07
Palermo,2019-07-06,38.1157,13.3615,28.82,34.7,23.32,0.0,2.57,35.5,8.0942,47.03,98.92
Palermo,2019-07-07,38.1157,13.3615,29.93,35.32,25.33,0.0,2.59,265.4,7.7935,42.69,98.77
Palermo,2019-07-08,38.1157,13.3615,29.97,34.92,25.25,0.02,2.82,296.2,7.4141,52.42,98.79
Palermo,2019-07-09,38.1157,13.3615,31.52,37.08,26.47,0.25,2.83,209.4,7.0483,41.74,98.75
Palermo,2019-07-10,38.1157,13.3615,27.82,32.03,23.47,0.1,6.36,254.2,6.0372,59.85,98.51
Palermo,2019-07-11,38.1157,13.3615,26.48,30.7,23.03,0.09,3.52,336.7,8.0107,69.21,98.67
Palermo,2019-07-12,38.1157,13.3615,26.52,31.52,22.15,0.01,2.96,275.2,7.871,59.96,98.76
Palermo,2019-07-13,38.1157,13.3615,27.24,31.83,22.64,0.03,5.05,266.3,7.9486,61.71,98.59
Palermo,2019-07-14,38.1157,13.3615,27.05,31.22,22.41,0.04,3.41,2.8,6.2016,60.45,98.35
Palermo,2019-07-15,38.1157,13.3615,26.16,29.81,23.38,3.46,5.23,254.3,7.248,65.18,98.1
Palermo,2019-07-16,38.1157,13.3615,23.61,26.09,21.49,2.51,7.05,322.5,6.2405,65.45,98.31
Palermo,2019-07-17,38.1157,13.3615,24.48,28.79,20.69,0.01,3.74,321.7,7.6565,63.19,98.73
Palermo,2019-07-18,38.1157,13.3615,24.73,29.4,20.21,0.0,2.41,336.1,7.2166,55.4,98.76
Palermo,2019-07-19,38.1157,13.3615,25.59,30.68,21.3,0.03,1.98,358.9,7.8415,49.66,99.0
Palermo,2019-07-20,38.1157,13.3615,26.43,31.26,21.37,0.0,1.49,52.9,7.6795,54.88,99.22
Palermo,2019-07-21,38.1157,13.3615,27.05,31.89,22.93,0.0,2.76,41.1,7.4273,54.82,99.39
Palermo,2019-07-22,38.1157,13.3615,27.3,32.61,22.17,0.0,3.57,47.1,7.6027,55.16,99.4
Palermo,2019-07-23,38.1157,13.3615,27.4,32.62,22.6,0.0,2.94,18.5,7.3572,53.35,99.12
Palermo,2019-07-24,38.1157,13.3615,27.85,32.72,23.05,0.0,3.82,41.6,7.4321,54.97,98.94
Palermo,2019-07-25,38.1157,13.3615,28.82,33.66,24.43,0.01,2.14,99.1,7.5614,52.23,98.98
Palermo,2019-07-26,38.1157,13.3615,28.79,33.48,24.64,0.0,2.18,202.4,7.4374,50.84,98.75
Palermo,2019-07-27,38.1157,13.3615,27.42,32.34,22.69,0.26,6.37,187.4,5.8793,61.04,98.21
Palermo,2019-07-28,38.1157,13.3615,26.38,30.82,23.05,0.04,6.98,258.4,7.5031,66.41,98.12
Palermo,2019-07-29,38.1157,13.3615,24.62,28.55,21.24,0.0,5.05,291.2,7.7659,60.45,98.49
Palermo,2019-07-30,38.1157,13.3615,25.23,31.04,20.83,0.0,2.86,331.4,7.722,58.66,98.68
Palermo,2019-07-31,38.1157,13.3615,25.87,31.81,20.25,0.0,3.26,11.8,7.7863,57.45,98.9
Palermo,2019-08-01,38.1157,13.3615,28.99,35.63,22.6,0.0,2.7,30.9,7.4875,43.51,98.93
Palermo,2019-08-02,38.1157,13.3615,30.3,36.44,25.26,0.01,3.85,195.8,7.0147,41.13,98.73
Palermo,2019-08-03,38.1157,13.3615,27.87,33.18,23.31,0.11,4.33,296.3,7.3884,60.48,98.61
Palermo,2019-08-04,38.1157,13.3615,27.4,33.26,22.65,0.0,2.47,3.2,7.6728,49.63,98.8
Palermo,2019-08-05,38.1157,13.3615,27.59,33.25,22.3,0.0,2.54,39.8,7.5278,47.24,99.01
Palermo,2019-08-06,38.1157,13.3615,28.29,33.92,22.24,0.01,2.3,197.9,7.3896,51.87,99.03
Palermo,2019-08-07,38.1157,13.3615,28.72,34.03,23.29,0.02,5.95,177.6,7.2857,49.44,98.77
Palermo,2019-08-08,38.1157,13.3615,28.88,35.36,24.3,0.14,4.41,214.3,6.5297,61.46,98.6
Palermo,2019-08-09,38.1157,13.3615,26.69,31.08,23.52,0.01,4.09,12.2,7.0075,73.02,98.8
Palermo,2019-08-10,38.1157,13.3615,28.37,34.41,23.16,0.0,2.55,31.2,7.025,59.6,98.99
Palermo,2019-08-11,38.1157,13.3615,29.45,35.63,24.05,0.0,3.39,50.4,7.0046,55.41,98.87
Palermo,2019-08-12,38.1157,13.3615,29.99,35.65,25.02,0.0,2.83,48.6,7.1935,53.53,98.65
Palermo,2019-08-13,38.1157,13.3615,28.83,33.79,24.83,0.0,3.01,349.4,7.0805,56.53,98.6
Palermo,2019-08-14,38.1157,13.3615,26.38,30.18,22.72,0.06,5.0,330.1,6.8669,62.44,98.78
Palermo,2019-08-15,38.1157,13.3615,25.27,29.42,21.75,0.0,4.07,331.6,6.8988,63.3,98.93
Palermo,2019-08-16,38.1157,13.3615,25.99,31.66,21.33,0.0,2.86,305.0,7.2254,59.88,98.99
Palermo,2019-08-17,38.1157,13.3615,25.55,30.54,21.46,0.0,2.66,2.9,7.1422,59.05,99.06
Palermo,2019-08-18,38.1157,13.3615,26.93,32.25,21.9,0.0,1.48,94.7,7.0536,55.22,99.0
Palermo,2019-08-19,38.1157,13.3615,27.37,32.37,22.74,0.0,1.89,43.0,6.4788,54.61,99.05
Palermo,2019-08-20,38.1157,13.3615,27.51,32.3,23.51,0.0,1.91,20.4,6.8237,58.24,99.14
Palermo,2019-08-21,38.1157,13.3615,27.26,31.89,23.47,0.0,1.88,12.0,6.3355,58.28,99.17
Palermo,2019-08-22,38.1157,13.3615,28.16,33.34,23.49,0.04,2.25,31.2,6.4171,57.52,99.15
Palermo,2019-08-23,38.1157,13.3615,27.9,32.27,24.26,2.96,2.72,356.2,5.8994,60.99,99.18
Palermo,2019-08-24,38.1157,13.3615,28.09,32.28,24.84,0.61,1.66,283.3,6.0902,55.14,99.09
Palermo,2019-08-25,38.1157,13.3615,27.55,32.52,23.84,0.23,2.19,347.5,6.1742,58.71,99.04
Palermo,2019-08-26,38.1157,13.3615,27.38,32.54,23.25,0.07,2.43,12.1,6.3538,59.19,99.07
Palermo,2019-08-27,38.1157,13.3615,28.04,32.73,23.68,0.01,2.18,31.2,6.4476,56.32,99.07
Palermo,2019-08-28,38.1157,13.3615,27.97,32.52,24.42,2.71,2.46,216.4,5.2747,60.54,99.07
Palermo,2019-08-29,38.1157,13.3615,25.49,27.15,23.58,1.08,2.11,28.9,3.3758,70.42,99.16
Palermo,2019-08-30,38.1157,13.3615,26.41,30.69,22.93,0.44,2.67,32.2,5.7588,66.03,99.13
Palermo,2019-08-31,38.1157,13.3615,26.25,29.39,23.72,0.76,1.84,151.1,4.2029,66.03,98.88
Palermo,2019-09-01,38.1157,13.3615,24.71,27.39,22.48,3.1,2.28,189.5,2.5706,70.47,98.64
Palermo,2019-09-02,38.1157,13.3615,24.04,27.14,21.9,1.76,2.08,265.1,2.9894,74.09,98.68
Palermo,2019-09-03,38.1157,13.3615,24.42,27.8,21.67,1.83,4.35,320.4,5.4962,77.2,98.94
Palermo,2019-09-04,38.1157,13.3615,23.95,26.36,22.41,2.83,3.19,347.1,5.063,77.86,98.78
Palermo,2019-09-05,38.1157,13.3615,23.99,27.1,21.73,2.76,2.87,0.5,4.8142,73.44,98.62
Palermo,2019-09-06,38.1157,13.3615,24.57,28.95,21.6,0.82,2.67,307.4,5.5015,68.88,98.85
Palermo,2019-09-07,38.1157,13.3615,22.52,26.63,19.16,0.0,4.8,278.4,6.0336,63.29,99.06
Palermo,2019-09-08,38.1157,13.3615,22.79,26.84,19.23,1.19,4.65,257.1,6.0005,65.1,99.1
Palermo,2019-09-09,38.1157,13.3615,22.78,26.43,19.5,0.8,3.02,299.7,4.9543,69.53,99.05
Palermo,2019-09-10,38.1157,13.3615,23.74,27.54,20.37,2.52,2.22,108.6,4.8118,67.23,98.74
Palermo,2019-09-11,38.1157,13.3615,24.28,28.43,21.53,0.89,2.41,31.1,5.7979,68.22,99.09
Palermo,2019-09-12,38.1157,13.3615,24.57,29.24,21.46,0.0,3.1,27.2,5.8078,65.79,99.8
Palermo,2019-09-13,38.1157,13.3615,24.7,30.15,20.4,0.0,3.76,40.0,5.8015,61.49,99.9
Palermo,2019-09-14,38.1157,13.3615,24.73,29.83,21.16,0.0,2.84,44.6,5.622,59.87,99.79
Palermo,2019-09-15,38.1157,13.3615,24.35,29.82,19.61,0.0,1.64,42.3,5.5342,59.05,99.64
Palermo,2019-09-16,38.1157,13.3615,24.39,29.01,20.89,0.0,1.76,240.0,5.5198,60.72,99.35
Palermo,2019-09-17,38.1157,13.3615,24.18,28.88,20.35,0.06,1.71,264.3,5.5126,65.7,99.15
Palermo,2019-09-18,38.1157,13.3615,24.67,30.1,20.75,0.75,1.73,225.2,5.2978,68.93,99.02
Palermo,2019-09-19,38.1157,13.3615,24.57,29.05,21.56,3.54,3.23,226.9,4.1011,77.72,98.99
Palermo,2019-09-20,38.1157,13.3615,24.04,28.13,20.75,2.97,1.54,34.2,5.1343,76.1,99.2
Palermo,2019-09-21,38.1157,13.3615,23.87,26.5,22.07,2.38,3.27,161.1,5.1211,77.72,99.45
Palermo,2019-09-22,38.1157,13.3615,24.01,26.9,21.72,3.19,7.22,178.8,3.5606,81.01,99.24
Palermo,2019-09-23,38.1157,13.3615,24.49,28.35,22.23,1.31,5.68,229.1,4.3913,81.67,99.0
Palermo,2019-09-24,38.1157,13.3615,22.85,25.92,20.06,0.01,5.32,304.7,5.225,65.87,98.93
Palermo,2019-09-25,38.1157,13.3615,22.86,27.67,19.71,0.0,3.56,260.8,5.2817,71.75,98.86
Palermo,2019-09-26,38.1157,13.3615,22.23,26.06,19.25,0.05,4.6,284.6,4.1045,78.64,99.0
Palermo,2019-09-27,38.1157,13.3615,22.88,27.14,20.08,0.03,2.95,353.2,5.1612,69.61,99.21
Palermo,2019-09-28,38.1157,13.3615,23.24,28.32,19.71,0.0,1.72,301.0,5.1221,66.74,99.33
Palermo,2019-09-29,38.1157,13.3615,22.89,27.71,19.55,0.0,1.43,340.4,5.1298,69.28,99.21
Palermo,2019-09-30,38.1157,13.3615,22.6,27.55,18.82,0.0,2.1,307.0,5.1456,70.6,99.0
Palermo,2019-10-01,38.1157,13.3615,22.84,28.25,19.02,0.02,1.52,271.9,5.225,70.13,98.73
Palermo,2019-10-02,38.1157,13.3615,22.94,27.68,19.03,1.42,3.04,209.1,4.8766,71.9,98.3
Palermo,2019-10-03,38.1157,13.3615,21.67,24.52,19.62,1.41,5.32,290.0,4.1791,72.78,98.21
Palermo,2019-10-04,38.1157,13.3615,20.08,23.24,17.72,0.03,6.31,320.0,4.5197,62.11,98.67
Palermo,2019-10-05,38.1157,13.3615,20.82,25.01,17.18,0.04,5.45,269.6,4.697,71.99,98.81
Palermo,2019-10-06,38.1157,13.3615,20.75,23.43,18.55,0.15,5.47,282.7,3.1942,70.64,98.73
Palermo,2019-10-07,38.1157,13.3615,19.2,22.28,16.72,6.68,5.57,287.4,2.166,74.71,98.06
Palermo,2019-10-08,38.1157,13.3615,21.04,23.81,17.66,2.12,8.35,46.5,4.2814,67.02,98.69
Palermo,2019-10-09,38.1157,13.3615,22.22,26.86,18.44,1.24,3.13,77.2,4.3022,72.3,99.11
Palermo,2019-10-10,38.1157,13.3615,21.35,25.5,18.67,0.3,2.76,7.4,4.4666,77.13,99.12
Palermo,2019-10-11,38.1157,13.3615,21.11,26.35,17.71,0.02,2.51,39.8,4.549,74.13,99.5
Palermo,2019-10-12,38.1157,13.3615,21.65,26.08,18.11,0.07,2.36,160.4,4.423,73.18,99.66
Palermo,2019-10-13,38.1157,13.3615,21.75,26.41,18.27,0.05,1.95,165.0,4.3646,73.83,99.62
Palermo,2019-10-14,38.1157,13.3615,21.58,25.28,18.48,0.2,2.77,168.3,4.1954,75.57,99.42
Palermo,2019-10-15,38.1157,13.3615,21.74,25.33,19.32,1.22,5.21,198.5,3.8959,81.45,99.14
Palermo,2019-10-16,38.1157,13.3615,19.65,23.37,16.04,0.06,4.21,289.9,4.1458,69.43,99.33
Palermo,2019-10-17,38.1157,13.3615,18.62,23.1,15.47,0.0,2.06,0.7,3.929,64.45,99.37
Palermo,2019-10-18,38.1157,13.3615,19.66,24.96,15.57,0.0,1.56,6.9,4.3766,64.24,99.22
Palermo,2019-10-19,38.1157,13.3615,20.81,25.48,17.12,0.0,2.36,190.2,4.1635,71.35,99.18
Palermo,2019-10-20,38.1157,13.3615,22.14,26.88,18.72,0.01,3.53,168.7,4.139,78.3,99.27
Palermo,2019-10-21,38.1157,13.3615,21.77,27.16,17.75,0.0,2.37,160.5,4.1515,75.49,99.47
Palermo,2019-10-22,38.1157,13.3615,21.42,27.06,17.66,0.0,2.52,140.9,4.1738,74.31,99.33
Palermo,2019-10-23,38.1157,13.3615,21.03,26.83,16.53,0.03,5.36,147.2,4.111,70.79,99.08
Palermo,2019-10-24,38.1157,13.3615,20.39,24.07,17.92,13.72,5.18,154.3,2.7667,80.82,98.79
Palermo,2019-10-25,38.1157,13.3615,18.93,22.31,16.7,6.82,2.51,281.5,2.0803,78.49,98.89
Palermo,2019-10-26,38.1157,13.3615,19.09,22.82,16.85,4.53,1.95,189.6,2.8586,78.13,99.23
Palermo,2019-10-27,38.1157,13.3615,19.54,23.37,16.53,3.02,1.79,71.0,3.6118,75.25,99.28
Palermo,2019-10-28,38.1157,13.3615,19.88,24.34,17.47,0.46,1.53,33.5,3.6902,75.34,99.06
Palermo,2019-10-29,38.1157,13.3615,19.67,24.01,17.04,0.08,1.94,274.8,3.491,76.55,99.08
Palermo,2019-10-30,38.1157,13.3615,18.91,22.09,17.07,0.28,1.6,354.3,3.2052,77.04,99.28
Palermo,2019-10-31,38.1157,13.3615,18.72,22.54,16.06,0.6,2.74,277.3,3.5616,80.21,99.22
Palermo,2019-11-01,38.1157,13.3615,17.91,19.72,16.82,5.36,3.2,221.1,2.5128,85.39,98.8
Palermo,2019-11-02,38.1157,13.3615,18.43,22.01,16.4,0.19,3.27,225.9,3.1711,77.48,98.66
Palermo,2019-11-03,38.1157,13.3615,19.76,23.34,17.26,1.36,7.91,202.9,2.7317,80.48,98.19
Palermo,2019-11-04,38.1157,13.3615,18.48,21.44,15.72,0.66,6.66,260.4,3.4589,73.24,98.44
Palermo,2019-11-05,38.1157,13.3615,19.15,23.35,16.63,0.13,7.27,201.1,3.469,83.84,98.46
Palermo,2019-11-06,38.1157,13.3615,15.83,17.02,14.35,7.27,3.55,278.9,0.4685,82.13,98.35
Palermo,2019-11-07,38.1157,13.3615,15.88,19.01,13.79,1.32,4.86,306.4,2.4694,73.68,98.41
Palermo,2019-11-08,38.1157,13.3615,16.31,20.26,13.49,1.34,6.56,214.7,3.3451,72.76,98.45
Palermo,2019-11-09,38.1157,13.3615,14.47,16.91,12.32,3.66,6.68,251.4,1.5473,76.64,98.55
Palermo,2019-11-10,38.1157,13.3615,15.56,17.64,12.92,0.43,7.31,218.2,2.6501,66.48,98.52
Palermo,2019-11-11,38.1157,13.3615,16.29,17.58,15.25,28.96,5.96,144.1,1.1182,75.83,97.93
Palermo,2019-11-12,38.1157,13.3615,14.44,15.47,13.6,30.25,9.05,197.5,1.8768,86.86,96.63
Palermo,2019-11-13,38.1157,13.3615,15.13,17.29,13.6,3.3,8.24,264.3,2.7557,73.48,97.93
Palermo,2019-11-14,38.1157,13.3615,14.72,17.83,12.27,3.36,5.39,207.0,2.597,80.97,98.2
Palermo,2019-11-15,38.1157,13.3615,17.01,20.45,12.84,0.2,9.93,179.6,2.8702,75.82,98.27
Palermo,2019-11-16,38.1157,13.3615,18.43,21.95,16.83,0.64,10.12,158.5,1.8958,77.12,98.13
Palermo,2019-11-17,38.1157,13.3615,14.3,17.44,12.1,2.18,7.23,230.8,1.1434,79.2,98.34
Palermo,2019-11-18,38.1157,13.3615,14.11,16.97,11.62,0.53,6.27,198.1,3.0766,73.69,98.95
Palermo,2019-11-19,38.1157,13.3615,13.76,15.38,11.35,10.18,5.34,201.6,0.6238,76.67,98.79
Palermo,2019-11-20,38.1157,13.3615,12.85,16.05,10.27,0.15,4.19,264.4,2.7269,75.48,98.98
Palermo,2019-11-21,38.1157,13.3615,12.84,16.61,9.91,0.1,5.1,202.4,2.4526,78.11,98.82
Palermo,2019-11-22,38.1157,13.3615,14.35,18.74,11.37,0.05,4.05,184.8,2.9167,78.7,98.8
Palermo,2019-11-23,38.1157,13.3615,15.92,19.47,13.01,4.54,8.97,173.5,2.1034,81.75,98.29
Palermo,2019-11-24,38.1157,13.3615,13.86,14.99,12.8,14.34,7.35,248.7,1.7261,85.12,97.72
Palermo,2019-11-25,38.1157,13.3615,13.53,15.07,12.44,6.74,6.31,277.7,1.715,86.64,97.87
Palermo,2019-11-26,38.1157,13.3615,14.76,17.49,13.06,0.5,4.16,319.5,2.6186,87.06,98.48
Palermo,2019-11-27,38.1157,13.3615,14.21,17.33,12.3,0.03,5.33,222.0,2.8044,88.55,98.73
Palermo,2019-11-28,38.1157,13.3615,14.78,17.17,13.06,0.89,6.75,247.2,1.4506,92.17,98.8
Palermo,2019-11-29,38.1157,13.3615,14.41,17.41,12.65,0.1,6.05,255.5,2.5049,88.0,99.13
Palermo,2019-11-30,38.1157,13.3615,14.16,17.05,11.93,0.03,4.13,299.6,2.2757,78.75,99.31
Palermo,2019-12-01,38.1157,13.3615,13.39,17.23,9.58,0.0,3.79,161.2,2.8512,80.18,99.41
Palermo,2019-12-02,38.1157,13.3615,15.3,19.19,13.03,0.04,6.04,162.8,2.629,88.59,98.97
Palermo,2019-12-03,38.1157,13.3615,15.27,19.78,12.46,0.02,3.35,107.0,2.5243,89.13,98.78
Palermo,2019-12-04,38.1157,13.3615,15.06,19.59,12.5,0.35,4.7,127.2,2.6078,85.28,98.81
Palermo,2019-12-05,38.1157,13.3615,15.43,19.15,12.91,0.75,3.42,146.1,1.4549,87.18,99.29
Palermo,2019-12-06,38.1157,13.3615,14.39,17.34,11.43,0.04,2.18,258.5,2.2646,87.68,99.66
Palermo,2019-12-07,38.1157,13.3615,13.41,17.73,11.16,0.02,3.22,221.1,2.5476,89.59,99.62
Palermo,2019-12-08,38.1157,13.3615,13.84,18.34,10.96,0.0,1.32,139.6,2.3645,70.94,99.44
Palermo,2019-12-09,38.1157,13.3615,13.01,15.66,11.57,0.89,3.62,282.3,1.9639,82.46,98.82
Palermo,2019-12-10,38.1157,13.3615,11.21,12.35,9.79,2.49,4.73,296.2,1.7191,80.12,98.26
Palermo,2019-12-11,38.1157,13.3615,12.14,14.34,9.75,1.31,6.63,346.6,1.9805,74.97,98.44
Palermo,2019-12-12,38.1157,13.3615,11.43,13.57,8.68,2.46,7.32,288.2,1.5638,75.84,98.33
Palermo,2019-12-13,38.1157,13.3615,13.04,15.06,10.57,9.47,9.31,257.7,1.0138,85.95,97.68
Palermo,2019-12-14,38.1157,13.3615,14.25,16.22,12.04,1.26,10.28,304.1,1.4551,80.97,98.18
Palermo,2019-12-15,38.1157,13.3615,13.47,17.66,11.64,0.06,3.49,228.1,2.2692,91.21,99.29
Palermo,2019-12-16,38.1157,13.3615,14.76,18.86,11.74,0.16,6.96,167.7,2.591,89.37,99.43
Palermo,2019-12-17,38.1157,13.3615,15.28,17.83,13.87,0.1,7.6,158.9,2.407,85.3,99.24
Palermo,2019-12-18,38.1157,13.3615,15.55,17.8,14.38,0.62,8.87,141.1,0.8983,81.23,99.02
Palermo,2019-12-19,38.1157,13.3615,14.32,16.19,12.72,2.83,6.08,194.1,1.4477,86.47,99.08
Palermo,2019-12-20,38.1157,13.3615,14.19,17.69,12.31,0.44,7.8,203.1,2.4494,83.05,99.1
Palermo,2019-12-21,38.1157,13.3615,14.3,15.51,12.72,0.8,8.84,201.4,0.7687,85.58,98.46
Palermo,2019-12-22,38.1157,13.3615,15.18,17.13,13.56,1.79,11.11,258.6,2.3681,80.26,98.0
Palermo,2019-12-23,38.1157,13.3615,13.74,14.81,12.55,1.3,12.76,300.4,2.1814,70.46,98.51
Palermo,2019-12-24,38.1157,13.3615,12.55,14.94,10.84,0.06,6.75,306.9,2.3311,75.02,99.35
Palermo,2019-12-25,38.1157,13.3615,13.33,16.08,11.09,0.35,5.77,295.8,2.3628,88.9,99.19
Palermo,2019-12-26,38.1157,13.3615,12.33,16.06,10.41,0.06,2.59,346.9,2.5243,83.7,99.34
Palermo,2019-12-27,38.1157,13.3615,11.81,13.84,9.99,0.32,1.87,320.1,2.0741,80.18,99.51
Palermo,2019-12-28,38.1157,13.3615,10.88,13.55,8.33,0.54,6.17,18.3,2.0628,70.73,99.66
Palermo,2019-12-29,38.1157,13.3615,8.59,11.18,6.82,1.02,6.63,22.3,1.1376,68.83,99.91
Palermo,2019-12-30,38.1157,13.3615,8.4,10.62,6.84,0.59,7.98,39.6,1.4491,69.55,99.89
Palermo,2019-12-31,38.1157,13.3615,8.57,12.51,6.17,0.0,4.35,35.9,2.3182,73.61,100.21
Palermo,2020-01-01,38.1157,13.3615,9.02,13.28,6.18,0.0,3.62,355.1,2.6467,77.28,100.18
Palermo,2020-01-02,38.1157,13.3615,10.25,14.47,7.69,0.0,3.18,357.3,2.5778,75.51,100.26
Palermo,2020-01-03,38.1157,13.3615,9.81,13.07,7.78,0.0,2.7,332.9,2.2939,80.71,100.21
Palermo,2020-01-04,38.1157,13.3615,11.08,13.97,8.77,0.02,3.1,307.9,1.1762,80.88,99.84
Palermo,2020-01-05,38.1157,13.3615,11.6,14.83,8.67,0.03,7.08,12.4,2.4218,70.92,99.68
Palermo,2020-01-06,38.1157,13.3615,8.25,10.89,5.65,0.0,7.36,23.8,2.8121,59.74,99.93
Palermo,2020-01-07,38.1157,13.3615,8.64,12.88,5.07,0.0,3.1,346.9,2.6258,70.5,99.88
Palermo,2020-01-08,38.1157,13.3615,10.09,13.05,8.09,0.02,2.38,115.1,1.5545,74.08,99.89
Palermo,2020-01-09,38.1157,13.3615,9.97,14.2,7.1,0.0,1.67,79.0,2.8622,67.76,100.13
Palermo,2020-01-10,38.1157,13.3615,9.12,13.53,6.92,0.0,2.11,65.4,2.8322,71.59,99.87
Palermo,2020-01-11,38.1157,13.3615,10.06,14.15,6.93,0.02,2.29,81.5,2.3712,74.58,99.68
Palermo,2020-01-12,38.1157,13.3615,9.69,12.13,7.75,0.02,2.17,74.1,2.2368,75.72,99.68
Palermo,2020-01-13,38.1157,13.3615,10.44,13.89,8.67,0.05,1.73,72.6,2.6074,72.54,99.71
Palermo,2020-01-14,38.1157,13.3615,10.31,14.51,7.81,0.0,2.22,27.2,2.8114,77.65,99.9
Palermo,2020-01-15,38.1157,13.3615,10.66,14.91,7.79,0.0,1.55,67.6,2.7722,75.29,100.11
Palermo,2020-01-16,38.1157,13.3615,9.82,13.8,7.55,0.0,2.6,16.9,2.753,81.83,100.21
Palermo,2020-01-17,38.1157,13.3615,10.13,12.97,7.78,0.07,3.18,331.7,1.277,78.73,100.08
Palermo,2020-01-18,38.1157,13.3615,10.79,13.9,8.38,0.02,4.87,287.7,2.6275,75.02,99.88
Palermo,2020-01-19,38.1157,13.3615,10.37,14.06,7.98,0.01,2.4,245.2,2.6789,75.19,99.58
Palermo,2020-01-20,38.1157,13.3615,11.41,14.31,9.38,0.06,6.05,125.8,1.7074,80.42,100.13
Palermo,2020-01-21,38.1157,13.3615,12.26,15.49,9.76,1.79,6.34,131.7,2.5243,82.06,100.64
Palermo,2020-01-22,38.1157,13.3615,11.72,15.28,9.53,0.77,3.97,147.0,2.1473,82.88,100.48
Palermo,2020-01-23,38.1157,13.3615,11.47,15.64,8.94,0.28,3.0,151.0,2.8745,82.65,100.1
Palermo,2020-01-24,38.1157,13.3615,11.53,15.17,8.67,0.15,5.92,163.6,2.9578,85.75,99.89
Palermo,2020-01-25,38.1157,13.3615,12.81,16.52,10.16,0.43,4.22,172.4,2.4194,88.68,99.61
Palermo,2020-01-26,38.1157,13.3615,12.52,16.08,10.54,0.06,3.59,236.4,2.8994,85.03,99.32
Palermo,2020-01-27,38.1157,13.3615,11.53,15.44,9.14,0.01,3.22,290.0,3.2282,86.38,99.58
Palermo,2020-01-28,38.1157,13.3615,12.03,14.3,10.76,0.01,6.02,253.4,2.4103,84.78,99.51
Palermo,2020-01-29,38.1157,13.3615,12.94,14.57,11.6,0.02,7.48,268.7,3.2731,86.25,99.3
Palermo,2020-01-30,38.1157,13.3615,11.44,15.37,8.8,0.0,3.32,293.0,3.3802,80.53,99.6
Palermo,2020-01-31,38.1157,13.3615,12.02,15.0,9.77,0.01,3.23,227.4,2.2898,90.38,99.57
Palermo,2020-02-01,38.1157,13.3615,12.48,16.28,10.13,0.04,3.2,242.5,3.1795,87.4,99.5
Palermo,2020-02-02,38.1157,13.3615,12.87,16.69,10.83,0.01,3.1,284.9,3.1426,87.9,99.69
Palermo,2020-02-03,38.1157,13.3615,13.01,17.52,10.54,0.01,4.22,272.8,2.7854,92.44,99.53
Palermo,2020-02-04,38.1157,13.3615,13.35,17.81,10.03,0.01,7.33,280.5,3.3965,83.53,98.89
Palermo,2020-02-05,38.1157,13.3615,10.75,12.26,8.91,0.78,11.32,340.7,2.9849,56.92,98.72
Palermo,2020-02-06,38.1157,13.3615,8.57,10.89,5.73,0.68,7.59,10.2,3.2086,63.27,99.51
Palermo,2020-02-07,38.1157,13.3615,8.19,12.79,4.98,0.0,2.79,12.5,3.7954,61.45,100.02
Palermo,2020-02-08,38.1157,13.3615,9.7,14.93,5.43,0.0,2.4,142.1,3.8674,63.28,100.1
Palermo,2020-02-09,38.1157,13.3615,10.57,15.49,7.03,0.0,3.89,187.4,3.7872,81.18,100.46
Palermo,2020-02-10,38.1157,13.3615,11.61,15.48,8.62,0.18,5.85,249.4,2.7288,88.66,100.25
Palermo,2020-02-11,38.1157,13.3615,12.95,16.45,10.67,0.1,5.99,267.2,3.8165,89.91,99.52
Palermo,2020-02-12,38.1157,13.3615,12.79,16.59,10.61,0.03,4.01,299.9,3.5136,85.03,99.5
Palermo,2020-02-13,38.1157,13.3615,12.51,16.6,9.79,0.26,2.62,201.3,2.1989,82.17,99.63
Palermo,2020-02-14,38.1157,13.3615,12.17,15.96,9.69,0.05,5.85,277.5,3.6862,87.8,99.39
Palermo,2020-02-15,38.1157,13.3615,11.65,16.08,8.58,0.01,3.35,9.3,4.2257,74.94,99.87
Palermo,2020-02-16,38.1157,13.3615,11.12,16.04,7.83,0.0,2.32,40.0,4.2624,69.45,100.2
Palermo,2020-02-17,38.1157,13.3615,11.76,16.29,8.94,0.0,1.78,208.2,4.3042,73.92,100.12
Palermo,2020-02-18,38.1157,13.3615,11.14,15.44,8.83,0.0,2.39,326.3,4.2874,81.91,99.81
Palermo,2020-02-19,38.1157,13.3615,11.22,15.21,8.8,0.04,3.89,304.0,3.7841,82.82,99.6
Palermo,2020-02-20,38.1157,13.3615,11.61,15.06,9.39,0.0,4.97,332.1,4.0277,78.92,99.61
Palermo,2020-02-21,38.1157,13.3615,11.16,15.97,8.11,0.0,2.39,312.2,4.4726,73.61,99.83
Palermo,2020-02-22,38.1157,13.3615,11.1,16.15,7.67,0.0,3.81,35.4,4.3867,72.56,100.16
Palermo,2020-02-23,38.1157,13.3615,11.1,15.67,7.94,0.01,3.29,320.3,4.2622,74.39,100.43
Palermo,2020-02-24,38.1157,13.3615,12.09,17.12,8.77,0.03,3.54,281.4,4.4928,85.63,99.74
Palermo,2020-02-25,38.1157,13.3615,12.43,18.2,8.5,0.15,3.8,216.2,4.5442,78.94,99.08
Palermo,2020-02-26,38.1157,13.3615,12.23,16.05,9.12,0.28,6.7,268.8,4.4376,82.51,98.57
Palermo,2020-02-27,38.1157,13.3615,11.23,14.03,8.9,0.04,6.35,294.1,4.4957,65.83,99.07
Palermo,2020-02-28,38.1157,13.3615,12.44,16.16,9.77,0.14,6.59,279.8,4.6387,79.75,99.17
Palermo,2020-02-29,38.1157,13.3615,12.02,16.87,7.07,0.07,5.18,176.6,4.6987,77.34,99.27
Palermo,2020-03-01,38.1157,13.3615,14.59,20.01,10.92,0.35,6.35,204.2,4.638,75.99,98.85
Palermo,2020-03-02,38.1157,13.3615,14.28,19.02,10.39,0.33,6.24,207.6,4.0325,80.36,98.48
Palermo,2020-03-03,38.1157,13.3615,12.5,14.2,9.88,1.39,8.05,268.8,4.3656,71.26,98.24
Palermo,2020-03-04,38.1157,13.3615,10.51,13.0,8.66,4.43,4.84,318.1,3.733,79.39,98.28
Palermo,2020-03-05,38.1157,13.3615,11.31,15.69,8.02,0.02,3.85,268.6,4.8948,74.03,98.7
Palermo,2020-03-06,38.1157,13.3615,13.41,17.49,10.22,0.28,6.62,231.3,4.0159,84.91,98.19
Palermo,2020-03-07,38.1157,13.3615,10.08,11.05,8.71,8.17,4.26,265.0,3.1867,86.33,98.31
Palermo,2020-03-08,38.1157,13.3615,9.81,11.94,7.95,1.08,3.44,328.0,3.4368,80.78,98.99
Palermo,2020-03-09,38.1157,13.3615,10.62,14.22,7.49,7.18,4.6,276.9,4.2216,77.75,98.85
Palermo,2020-03-10,38.1157,13.3615,11.15,15.05,8.56,1.57,4.43,21.5,4.8818,74.58,98.8
Palermo,2020-03-11,38.1157,13.3615,11.64,16.18,8.28,0.0,2.08,348.7,5.159,68.52,99.56
Palermo,2020-03-12,38.1157,13.3615,13.74,19.45,9.31,0.01,1.15,2.3,5.3642,61.5,99.66
Palermo,2020-03-13,38.1157,13.3615,15.37,21.16,10.79,0.02,2.0,242.3,5.2445,64.2,99.13
Palermo,2020-03-14,38.1157,13.3615,15.49,21.19,11.36,0.04,2.54,230.6,5.2951,66.97,98.84
Palermo,2020-03-15,38.1157,13.3615,13.12,17.27,10.54,0.06,3.86,10.2,4.1796,83.41,99.09
Palermo,2020-03-16,38.1157,13.3615,14.12,18.22,10.84,0.1,2.3,106.2,5.3861,76.71,99.57
Palermo,2020-03-17,38.1157,13.3615,14.05,18.17,10.69,0.17,2.33,119.0,2.8956,75.01,100.1
Palermo,2020-03-18,38.1157,13.3615,13.59,17.85,10.24,0.05,2.12,36.1,4.1035,71.77,99.89
Palermo,2020-03-19,38.1157,13.3615,13.46,18.63,9.86,0.03,1.85,127.4,5.5606,73.1,99.72
Palermo,2020-03-20,38.1157,13.3615,13.14,18.76,8.28,0.02,2.86,150.1,5.3654,71.92,99.5
Palermo,2020-03-21,38.1157,13.3615,12.95,18.75,8.56,0.76,3.95,126.4,2.3585,74.38,98.74
Palermo,2020-03-22,38.1157,13.3615,12.72,16.75,9.8,1.01,3.11,70.5,3.9691,79.52,98.5
Palermo,2020-03-23,38.1157,13.3615,12.26,15.88,9.48,0.81,3.94,33.3,4.1767,77.15,98.98
Palermo,2020-03-24,38.1157,13.3615,10.05,13.11,7.67,1.28,4.71,52.9,4.2314,70.0,99.01
Palermo,2020-03-25,38.1157,13.3615,9.47,12.02,6.37,40.28,7.11,45.8,0.8122,90.21,97.8
Palermo,2020-03-26,38.1157,13.3615,9.27,10.79,7.85,2.09,9.83,285.6,3.3425,77.18,97.7
Palermo,2020-03-27,38.1157,13.3615,9.32,10.93,7.89,2.02,4.21,224.9,3.2388,80.04,98.3
Palermo,2020-03-28,38.1157,13.3615,10.95,13.52,9.03,1.41,4.07,263.5,4.5785,81.73,98.71
Palermo,2020-03-29,38.1157,13.3615,11.53,14.78,8.51,1.47,2.52,31.6,5.5229,73.41,98.71
Palermo,2020-03-30,38.1157,13.3615,10.13,11.91,9.07,4.41,1.75,359.6,2.7336,83.31,98.68
Palermo,2020-03-31,38.1157,13.3615,12.46,17.22,7.99,0.01,1.93,250.8,5.7977,73.3,98.92
Palermo,2020-04-01,38.1157,13.3615,11.36,15.02,7.88,1.12,4.24,358.1,5.1545,75.7,98.84
Palermo,2020-04-02,38.1157,13.3615,11.08,15.81,8.54,1.96,2.45,74.4,4.1551,70.72,98.62
Palermo,2020-04-03,38.1157,13.3615,12.01,15.89,9.74,1.96,3.87,36.4,3.5302,81.82,98.33
Palermo,2020-04-04,38.1157,13.3615,12.29,15.05,9.73,0.03,6.1,355.6,6.0977,73.82,98.81
Palermo,2020-04-05,38.1157,13.3615,12.75,17.29,8.95,0.0,4.42,333.7,6.2102,75.25,99.15
Palermo,2020-04-06,38.1157,13.3615,13.12,17.49,9.83,0.04,3.03,20.3,5.6446,78.82,99.52
Palermo,2020-04-07,38.1157,13.3615,13.6,17.98,10.18,0.03,2.38,44.6,6.2162,71.26,99.85
Palermo,2020-04-08,38.1157,13.3615,13.28,18.22,9.77,0.01,2.56,33.2,6.3811,67.35,99.78
Palermo,2020-04-09,38.1157,13.3615,13.54,18.93,9.76,0.0,1.96,29.6,6.3998,60.84,99.6
Palermo,2020-04-10,38.1157,13.3615,13.87,19.35,9.24,0.0,2.48,40.8,6.5258,60.06,99.58
Palermo,2020-04-11,38.1157,13.3615,14.7,20.24,10.26,0.0,2.17,39.7,6.3876,64.42,99.54
Palermo,2020-04-12,38.1157,13.3615,15.56,21.19,10.73,0.0,1.81,54.5,6.2568,57.06,99.46
Palermo,2020-04-13,38.1157,13.3615,14.88,20.16,9.88,0.0,4.65,166.7,6.7176,67.19,99.11
Palermo,2020-04-14,38.1157,13.3615,15.94,21.46,12.31,0.0,4.55,157.5,5.0232,73.88,98.33
Palermo,2020-04-15,38.1157,13.3615,15.18,19.98,11.58,0.0,4.27,35.8,6.8854,70.73,99.24
Palermo,2020-04-16,38.1157,13.3615,15.5,20.09,11.53,0.03,2.73,172.7,6.4318,76.21,99.62
Palermo,2020-04-17,38.1157,13.3615,16.14,21.63,11.18,0.0,1.71,161.1,6.343,75.73,99.36
Palermo,2020-04-18,38.1157,13.3615,17.23,22.17,12.42,0.0,1.78,94.1,6.3202,72.67,99.2
Palermo,2020-04-19,38.1157,13.3615,18.29,24.38,14.13,0.27,2.91,162.7,5.0095,70.24,98.76
Palermo,2020-04-20,38.1157,13.3615,17.3,21.88,14.83,1.51,7.83,136.9,1.447,67.31,97.81
Palermo,2020-04-21,38.1157,13.3615,15.73,17.48,13.32,16.82,7.08,209.3,2.1156,88.86,97.87
Palermo,2020-04-22,38.1157,13.3615,14.84,19.76,12.47,11.01,3.4,226.8,2.6026,81.52,98.54
Palermo,2020-04-23,38.1157,13.3615,14.72,18.45,12.03,9.2,2.99,359.5,6.4694,80.38,98.85
Palermo,2020-04-24,38.1157,13.3615,14.88,18.76,11.88,33.3,2.5,349.8,7.2014,79.16,98.99
Palermo,2020-04-25,38.1157,13.3615,15.98,21.03,11.45,0.01,1.74,154.6,7.2086,65.9,98.73
Palermo,2020-04-26,38.1157,13.3615,16.51,20.27,13.27,0.45,2.44,196.5,2.537,78.41,98.52
Palermo,2020-04-27,38.1157,13.3615,16.58,20.57,13.15,0.08,2.44,274.9,6.4046,83.98,98.88
Palermo,2020-04-28,38.1157,13.3615,16.47,20.42,12.46,1.81,4.14,234.0,4.4016,84.75,99.0
Palermo,2020-04-29,38.1157,13.3615,15.45,19.02,12.68,2.49,5.62,256.8,6.1987,83.56,98.99
Palermo,2020-04-30,38.1157,13.3615,15.68,19.74,12.17,0.01,4.66,268.3,7.1441,81.46,99.04
Palermo,2020-05-01,38.1157,13.3615,16.2,20.04,12.67,0.01,5.87,262.1,7.0034,80.05,99.05
Palermo,2020-05-02,38.1157,13.3615,17.39,21.99,13.59,0.03,6.15,268.0,6.1553,82.72,98.92
Palermo,2020-05-03,38.1157,13.3615,17.27,21.29,13.94,0.03,5.13,292.3,7.0627,83.61,98.83
Palermo,2020-05-04,38.1157,13.3615,17.57,22.32,13.65,0.01,2.95,6.6,7.6428,76.12,99.15
Palermo,2020-05-05,38.1157,13.3615,18.47,24.44,12.65,0.0,3.67,173.6,7.7441,68.66,99.16
Palermo,2020-05-06,38.1157,13.3615,19.56,26.1,13.78,0.03,3.89,214.4,7.3529,74.39,98.71
Palermo,2020-05-07,38.1157,13.3615,18.0,22.55,14.13,0.01,4.48,36.2,7.5151,73.34,99.14
Palermo,2020-05-08,38.1157,13.3615,17.95,23.59,13.38,0.02,1.38,180.3,7.9147,67.22,99.51
Palermo,2020-05-09,38.1157,13.3615,18.9,24.9,13.22,0.0,3.18,154.0,7.1251,64.28,99.08
Palermo,2020-05-10,38.1157,13.3615,20.62,27.95,15.33,0.06,3.67,151.6,6.959,59.35,98.51
Palermo,2020-05-11,38.1157,13.3615,18.2,23.21,14.51,0.2,4.16,264.0,6.4946,72.56,98.52
Palermo,2020-05-12,38.1157,13.3615,19.57,24.71,14.18,0.0,2.81,250.1,8.0306,64.34,98.93
Palermo,2020-05-13,38.1157,13.3615,21.17,25.3,17.28,0.0,7.2,160.2,3.3398,58.27,98.6
Palermo,2020-05-14,38.1157,13.3615,22.84,28.16,18.06,0.03,8.03,171.1,5.0633,58.75,98.22
Palermo,2020-05-15,38.1157,13.3615,20.31,23.87,16.55,0.0,4.28,16.9,5.6345,62.46,98.92
Palermo,2020-05-16,38.1157,13.3615,23.82,29.69,19.9,0.01,6.06,147.8,6.3538,51.99,98.55
Palermo,2020-05-17,38.1157,13.3615,21.18,24.43,17.95,0.03,3.62,90.1,5.207,64.94,98.75
Palermo,2020-05-18,38.1157,13.3615,20.47,26.87,16.56,0.09,4.87,287.9,5.9707,75.42,98.64
Palermo,2020-05-19,38.1157,13.3615,18.34,22.53,15.13,0.53,5.33,256.2,7.2055,76.22,98.76
Palermo,2020-05-20,38.1157,13.3615,17.7,19.94,15.6,1.74,6.27,273.8,6.457,82.63,98.45
Palermo,2020-05-21,38.1157,13.3615,18.56,22.27,15.47,0.81,4.58,335.6,7.4162,79.61,98.75
Palermo,2020-05-22,38.1157,13.3615,19.41,24.34,15.26,0.05,2.97,1.5,8.1773,69.46,99.62
Palermo,2020-05-23,38.1157,13.3615,20.42,26.51,14.54,0.0,2.43,49.9,8.1103,56.22,100.0
Palermo,2020-05-24,38.1157,13.3615,21.2,26.57,16.57,0.0,2.54,244.8,8.129,53.56,99.79
Palermo,2020-05-25,38.1157,13.3615,20.92,25.75,16.86,0.02,1.85,318.6,7.6769,59.55,99.6
Palermo,2020-05-26,38.1157,13.3615,20.09,25.06,16.05,0.01,3.77,41.7,8.1226,61.07,99.65
Palermo,2020-05-27,38.1157,13.3615,18.57,22.13,15.18,0.0,5.13,31.4,8.1874,59.85,99.81
Palermo,2020-05-28,38.1157,13.3615,18.59,23.06,14.41,0.0,3.5,17.5,8.1437,58.82,99.79
Palermo,2020-05-29,38.1157,13.3615,19.23,23.76,14.57,0.0,1.22,237.1,8.1206,54.79,99.25
Palermo,2020-05-30,38.1157,13.3615,18.91,23.05,15.19,0.53,2.21,157.4,7.2386,66.61,98.88
Palermo,2020-05-31,38.1157,13.3615,18.15,21.64,14.83,1.1,3.13,345.6,7.6291,69.74,98.9
Palermo,2020-06-01,38.1157,13.3615,18.86,23.58,14.52,0.0,3.53,5.5,7.9644,66.71,98.99
Palermo,2020-06-02,38.1157,13.3615,19.64,24.45,14.83,0.0,2.82,27.2,8.0933,62.29,98.87
Palermo,2020-06-03,38.1157,13.3615,20.65,25.21,16.89,0.0,2.16,13.4,8.2454,58.36,98.62
Palermo,2020-06-04,38.1157,13.3615,20.84,26.03,15.75,0.04,7.32,177.7,8.1305,70.21,98.26
Palermo,2020-06-05,38.1157,13.3615,19.08,21.43,17.28,16.48,6.44,264.6,2.9983,80.1,98.09
Palermo,2020-06-06,38.1157,13.3615,19.4,23.09,16.94,0.25,5.93,291.7,7.741,69.84,98.54
Palermo,2020-06-07,38.1157,13.3615,21.08,26.56,15.05,1.69,3.44,202.1,5.5814,65.36,98.54
Palermo,2020-06-08,38.1157,13.3615,21.31,26.0,17.35,0.93,2.6,322.4,7.3591,70.96,98.41
Palermo,2020-06-09,38.1157,13.3615,20.21,24.36,16.66,0.45,4.85,271.9,6.7195,74.49,98.66
Palermo,2020-06-10,38.1157,13.3615,18.84,22.78,15.57,0.0,4.89,277.9,8.2109,67.67,98.93
Palermo,2020-06-11,38.1157,13.3615,19.54,23.57,14.89,0.0,3.06,259.2,6.2549,61.51,98.78
Palermo,2020-06-12,38.1157,13.3615,22.68,28.25,17.01,0.0,1.39,181.2,8.3018,52.09,98.72
Palermo,2020-06-13,38.1157,13.3615,21.7,26.72,19.25,0.9,3.17,94.8,4.8938,63.71,98.83
Palermo,2020-06-14,38.1157,13.3615,21.5,26.06,17.78,0.01,3.38,320.4,8.1782,71.2,98.9
Palermo,2020-06-15,38.1157,13.3615,20.51,23.95,17.07,0.01,5.59,299.4,8.1655,74.63,99.01
Palermo,2020-06-16,38.1157,13.3615,20.79,24.59,17.23,0.0,5.1,289.5,8.0294,69.5,98.92
Palermo,2020-06-17,38.1157,13.3615,21.1,25.49,16.82,0.05,5.19,257.9,8.1398,70.1,98.9
Palermo,2020-06-18,38.1157,13.3615,23.37,28.73,17.84,0.06,1.9,263.8,7.9488,57.29,98.99
Palermo,2020-06-19,38.1157,13.3615,24.94,30.72,20.08,0.0,2.46,73.7,6.7291,56.61,98.84
Palermo,2020-06-20,38.1157,13.3615,21.8,25.65,17.73,0.0,5.74,342.1,8.1245,69.76,99.01
Palermo,2020-06-21,38.1157,13.3615,20.97,24.78,17.2,0.07,3.96,308.3,7.9956,71.82,98.94
Palermo,2020-06-22,38.1157,13.3615,21.05,25.04,16.88,0.06,4.39,359.1,7.6702,71.61,98.89
Palermo,2020-06-23,38.1157,13.3615,22.85,27.43,18.16,0.01,3.72,343.9,7.6342,66.36,99.1
Palermo,2020-06-24,38.1157,13.3615,24.37,29.06,19.48,0.01,1.85,306.3,7.9032,58.93,99.22
Palermo,2020-06-25,38.1157,13.3615,24.89,30.09,19.87,0.0,1.98,181.3,7.9834,57.25,99.25
Palermo,2020-06-26,38.1157,13.3615,25.24,31.31,19.63,0.0,3.08,154.1,7.9262,55.74,99.07
Palermo,2020-06-27,38.1157,13.3615,25.76,32.72,19.89,0.0,2.65,155.1,7.8151,55.65,99.01
Palermo,2020-06-28,38.1157,13.3615,25.26,30.05,21.34,0.03,2.52,269.5,7.5696,64.7,99.0
Palermo,2020-06-29,38.1157,13.3615,25.1,30.67,20.34,0.0,2.67,11.2,7.6891,65.31,98.91
Palermo,2020-06-30,38.1157,13.3615,26.09,32.12,20.15,0.0,2.69,29.0,8.1636,56.06,98.83
Palermo,2020-07-01,38.1157,13.3615,27.9,33.05,22.4,0.0,2.19,36.2,8.0794,50.83,98.75
Palermo,2020-07-02,38.1157,13.3615,26.98,31.63,21.67,0.05,3.24,263.3,8.0162,55.95,98.59
Palermo,2020-07-03,38.1157,13.3615,25.55,30.86,20.66,0.02,2.98,338.1,7.7285,67.27,98.65
Palermo,2020-07-04,38.1157,13.3615,24.41,28.65,20.92,0.07,4.04,332.5,7.4021,66.35,98.88
Palermo,2020-07-05,38.1157,13.3615,23.71,27.78,20.18,0.08,4.46,335.9,7.8187,68.51,98.81
Palermo,2020-07-06,38.1157,13.3615,24.29,28.8,20.55,0.0,4.03,319.6,7.8002,65.94,98.44
Palermo,2020-07-07,38.1157,13.3615,25.45,31.26,20.41,0.05,2.2,322.0,7.963,62.35,98.43
Palermo,2020-07-08,38.1157,13.3615,26.01,30.58,21.85,0.0,2.99,174.2,7.8384,62.66,98.88
Palermo,2020-07-09,38.1157,13.3615,25.62,30.24,21.21,0.08,2.04,29.3,7.8077,66.48,99.06
Palermo,2020-07-10,38.1157,13.3615,26.26,31.1,22.15,0.0,2.36,28.2,7.7954,62.56,98.97
Palermo,2020-07-11,38.1157,13.3615,26.39,30.92,22.38,0.0,2.5,301.0,7.8674,58.83,99.0
Palermo,2020-07-12,38.1157,13.3615,27.0,32.74,22.14,0.0,2.86,32.4,8.0338,52.95,99.0
Palermo,2020-07-13,38.1157,13.3615,27.01,31.96,22.45,0.01,2.57,353.7,7.6577,59.41,98.83
Palermo,2020-07-14,38.1157,13.3615,25.83,29.6,22.84,0.12,2.72,1.3,7.6202,65.22,98.74
Palermo,2020-07-15,38.1157,13.3615,25.62,30.08,21.97,1.5,2.62,290.0,6.427,62.76,98.9
Palermo,2020-07-16,38.1157,13.3615,25.39,30.18,20.83,0.15,2.41,333.8,7.7609,60.19,98.93
Palermo,2020-07-17,38.1157,13.3615,25.29,29.13,21.83,0.02,2.67,314.3,6.504,60.54,98.64
Palermo,2020-07-18,38.1157,13.3615,24.96,28.89,21.63,0.14,3.1,303.4,7.459,64.94,98.66
Palermo,2020-07-19,38.1157,13.3615,24.85,29.07,21.27,0.88,3.65,356.1,7.8158,62.58,98.87
Palermo,2020-07-20,38.1157,13.3615,24.79,29.35,20.44,0.0,3.56,24.1,8.0642,54.66,99.22
Palermo,2020-07-21,38.1157,13.3615,25.67,30.59,21.1,0.0,3.69,36.5,7.9068,55.75,99.35
Palermo,2020-07-22,38.1157,13.3615,26.1,30.98,21.56,0.0,3.78,24.5,7.8274,59.37,99.19
Palermo,2020-07-23,38.1157,13.3615,27.72,33.41,22.15,0.0,2.75,25.9,7.8559,51.29,98.84
Palermo,2020-07-24,38.1157,13.3615,28.85,33.92,24.42,0.0,2.1,321.2,7.7702,39.76,98.64
Palermo,2020-07-25,38.1157,13.3615,27.21,32.44,23.08,0.0,3.59,310.3,7.6462,54.08,98.71
Palermo,2020-07-26,38.1157,13.3615,27.26,32.59,22.05,0.0,2.91,353.7,7.8146,52.97,98.94
Palermo,2020-07-27,38.1157,13.3615,27.09,31.99,22.33,0.0,3.73,36.2,7.8396,47.96,99.12
Palermo,2020-07-28,38.1157,13.3615,28.65,34.05,23.9,0.0,2.41,55.6,7.7734,46.62,98.97
Palermo,2020-07-29,38.1157,13.3615,29.02,34.37,24.16,0.0,2.75,50.0,7.5686,51.28,98.98
Palermo,2020-07-30,38.1157,13.3615,30.31,35.94,24.85,0.0,2.56,57.3,7.3781,49.56,99.09
Palermo,2020-07-31,38.1157,13.3615,30.36,35.67,25.53,0.0,2.51,43.7,7.3502,46.63,99.03
Palermo,2020-08-01,38.1157,13.3615,30.56,35.77,26.07,0.0,2.56,335.4,7.339,40.65,98.79
Palermo,2020-08-02,38.1157,13.3615,30.0,35.66,24.84,0.01,1.83,324.4,7.3356,47.26,98.55
Palermo,2020-08-03,38.1157,13.3615,28.82,33.74,24.66,0.01,4.02,252.1,7.2302,56.1,98.36
Palermo,2020-08-04,38.1157,13.3615,26.61,30.15,23.81,0.3,5.79,277.4,6.6346,61.65,98.41
Palermo,2020-08-05,38.1157,13.3615,24.83,28.31,21.33,0.88,5.44,302.9,6.2803,54.91,98.46
Palermo,2020-08-06,38.1157,13.3615,24.71,28.42,21.26,0.72,4.29,331.3,6.9754,64.1,98.7
Palermo,2020-08-07,38.1157,13.3615,25.18,29.42,21.42,0.78,3.48,320.8,6.5952,64.71,98.94
Palermo,2020-08-08,38.1157,13.3615,25.89,29.89,22.63,0.55,3.82,329.3,6.851,66.91,98.89
Palermo,2020-08-09,38.1157,13.3615,26.63,30.97,22.98,0.43,3.81,17.7,7.0913,61.4,98.78
Palermo,2020-08-10,38.1157,13.3615,27.41,32.01,23.56,0.71,2.47,5.7,6.8014,55.12,98.87
Palermo,2020-08-11,38.1157,13.3615,27.77,32.62,23.68,0.87,2.14,12.8,6.8854,54.02,99.02
Palermo,2020-08-12,38.1157,13.3615,28.34,33.24,24.42,0.0,2.12,45.0,6.9334,51.84,99.07
Palermo,2020-08-13,38.1157,13.3615,29.63,35.32,24.78,0.0,1.58,213.2,6.9266,43.97,99.08
Palermo,2020-08-14,38.1157,13.3615,29.64,35.07,24.62,0.04,5.07,207.9,6.174,51.73,98.85
Palermo,2020-08-15,38.1157,13.3615,28.6,33.58,24.23,0.03,2.59,299.9,6.7457,59.32,98.75
Palermo,2020-08-16,38.1157,13.3615,29.93,36.04,24.05,0.05,3.14,218.2,6.8239,48.94,98.66
Palermo,2020-08-17,38.1157,13.3615,27.93,32.72,23.51,0.04,4.05,268.6,6.8542,61.56,98.72
Palermo,2020-08-18,38.1157,13.3615,26.79,32.88,21.76,0.01,2.97,307.5,6.7082,62.57,98.67
Palermo,2020-08-19,38.1157,13.3615,27.58,33.43,22.48,0.0,2.38,347.3,6.8549,54.19,98.57
Palermo,2020-08-20,38.1157,13.3615,28.52,33.87,23.81,0.0,2.13,36.8,6.8777,50.6,98.69
Palermo,2020-08-21,38.1157,13.3615,28.75,33.86,24.18,0.0,1.93,37.6,6.8628,53.62,99.01
Palermo,2020-08-22,38.1157,13.3615,28.87,33.95,24.52,0.0,1.96,239.7,6.5741,52.0,99.06
Palermo,2020-08-23,38.1157,13.3615,27.34,31.57,23.82,0.01,3.16,333.3,6.6684,66.67,98.76
Palermo,2020-08-24,38.1157,13.3615,26.96,32.13,23.42,0.0,2.29,342.9,6.8148,64.78,98.6
Palermo,2020-08-25,38.1157,13.3615,26.25,31.14,22.38,0.0,3.89,331.2,6.6694,65.66,98.78
Palermo,2020-08-26,38.1157,13.3615,26.5,31.91,22.19,0.01,2.86,1.7,6.5098,62.55,99.11
Palermo,2020-08-27,38.1157,13.3615,26.95,32.34,22.4,0.0,2.31,359.9,6.8489,53.32,98.96
Palermo,2020-08-28,38.1157,13.3615,28.64,34.09,24.0,0.0,1.71,200.4,6.6139,47.38,98.47
Palermo,2020-08-29,38.1157,13.3615,27.9,33.22,22.56,0.04,6.32,171.0,6.5462,58.57,98.23
Palermo,2020-08-30,38.1157,13.3615,28.28,33.67,24.22,0.38,6.43,182.6,6.011,64.4,98.48
Palermo,2020-08-31,38.1157,13.3615,27.11,33.89,22.54,0.86,4.45,285.8,4.8286,67.52,98.66
Palermo,2020-09-01,38.1157,13.3615,23.99,28.16,20.21,0.0,4.26,353.5,6.396,57.37,98.69
Palermo,2020-09-02,38.1157,13.3615,24.8,29.96,20.69,0.55,2.55,22.7,5.0573,58.46,98.75
Palermo,2020-09-03,38.1157,13.3615,25.45,29.62,22.62,0.08,3.67,17.3,4.9493,61.7,99.28
Palermo,2020-09-04,38.1157,13.3615,25.57,30.28,21.87,0.0,3.37,30.0,6.2962,58.98,99.63
Palermo,2020-09-05,38.1157,13.3615,26.12,30.81,21.93,0.1,2.05,1.1,5.9136,56.3,99.28
Palermo,2020-09-06,38.1157,13.3615,26.39,30.4,23.36,2.0,1.44,306.5,5.1106,57.87,98.87
Palermo,2020-09-07,38.1157,13.3615,26.3,30.76,23.31,3.58,2.24,36.4,5.371,62.63,98.83
Palermo,2020-09-08,38.1157,13.3615,26.62,31.03,23.2,1.39,2.21,40.8,5.8591,66.94,99.31
Palermo,2020-09-09,38.1157,13.3615,27.09,31.33,24.07,0.97,1.68,20.9,5.875,67.8,99.53
Palermo,2020-09-10,38.1157,13.3615,26.74,31.14,22.85,0.98,1.93,321.6,5.1715,65.19,98.96
Palermo,2020-09-11,38.1157,13.3615,24.23,26.83,22.03,4.62,1.5,316.0,2.3422,71.47,98.63
Palermo,2020-09-12,38.1157,13.3615,23.23,25.34,21.77,4.75,1.59,0.1,4.8986,73.57,98.86
Palermo,2020-09-13,38.1157,13.3615,23.3,25.65,21.3,4.79,2.67,54.7,3.9262,76.41,99.31
Palermo,2020-09-14,38.1157,13.3615,24.27,27.85,21.51,3.09,2.69,55.4,4.5442,71.01,99.42
Palermo,2020-09-15,38.1157,13.3615,24.7,27.85,22.43,1.45,3.01,21.6,4.5818,67.49,99.25
Palermo,2020-09-16,38.1157,13.3615,24.16,27.35,22.01,1.52,2.79,19.6,4.4518,67.89,98.98
Palermo,2020-09-17,38.1157,13.3615,24.47,28.34,21.79,1.01,4.73,327.7,5.0112,74.9,98.86
Palermo,2020-09-18,38.1157,13.3615,24.15,28.39,20.92,0.06,3.87,317.4,5.1941,73.67,99.09
Palermo,2020-09-19,38.1157,13.3615,23.98,27.21,21.02,0.01,2.25,333.2,5.0602,73.34,99.16
Palermo,2020-09-20,38.1157,13.3615,24.54,29.2,21.79,0.36,1.4,220.3,4.7326,64.65,99.07
Palermo,2020-09-21,38.1157,13.3615,24.1,28.24,21.43,4.11,2.17,258.3,4.9615,72.49,99.06
Palermo,2020-09-22,38.1157,13.3615,24.34,28.33,21.76,2.94,4.03,212.4,4.2756,74.48,98.97
Palermo,2020-09-23,38.1157,13.3615,23.82,27.46,20.91,2.56,2.96,231.5,3.942,77.95,98.85
Palermo,2020-09-24,38.1157,13.3615,24.29,28.74,20.88,0.25,3.62,236.5,4.829,68.05,98.92
Palermo,2020-09-25,38.1157,13.3615,24.3,29.52,20.14,1.73,7.84,237.0,4.7268,73.58,98.37
Palermo,2020-09-26,38.1157,13.3615,19.69,21.7,18.18,0.36,10.46,277.8,4.0692,57.51,98.2
Palermo,2020-09-27,38.1157,13.3615,19.72,23.48,16.67,4.11,9.59,230.2,3.75,69.79,98.25
Palermo,2020-09-28,38.1157,13.3615,19.2,22.19,16.3,0.28,6.65,256.4,4.2072,68.04,98.91
Palermo,2020-09-29,38.1157,13.3615,20.38,23.86,18.13,0.43,5.03,277.8,3.4944,74.09,99.26
Palermo,2020-09-30,38.1157,13.3615,21.55,26.17,17.64,0.24,1.44,238.9,4.8754,68.95,98.91
Palermo,2020-10-01,38.1157,13.3615,21.63,25.1,19.55,0.6,2.1,268.5,4.3774,76.58,98.44
Palermo,2020-10-02,38.1157,13.3615,22.68,28.05,17.89,0.06,4.53,174.1,4.9901,67.84,98.08
Palermo,2020-10-03,38.1157,13.3615,23.06,28.2,18.67,1.21,7.9,184.4,2.9551,75.83,98.0
Palermo,2020-10-04,38.1157,13.3615,21.19,26.64,17.89,0.0,2.77,275.2,4.8994,60.0,98.65
Palermo,2020-10-05,38.1157,13.3615,21.45,25.87,18.46,0.04,3.33,293.8,2.9374,68.2,98.75
Palermo,2020-10-06,38.1157,13.3615,19.53,22.96,16.25,0.02,4.23,332.3,4.543,70.61,99.18
Palermo,2020-10-07,38.1157,13.3615,19.18,22.7,15.93,0.27,4.65,282.4,2.0971,76.04,99.18
Palermo,2020-10-08,38.1157,13.3615,19.54,23.27,16.49,0.05,5.0,353.1,4.7155,70.07,99.36
Palermo,2020-10-09,38.1157,13.3615,19.28,24.43,16.02,0.0,3.06,34.6,4.8773,62.67,99.59
Palermo,2020-10-10,38.1157,13.3615,19.1,24.52,15.73,0.0,1.52,358.7,4.8881,60.06,99.38
Palermo,2020-10-11,38.1157,13.3615,19.06,23.95,15.43,9.19,3.72,257.8,4.391,71.71,98.87
Palermo,2020-10-12,38.1157,13.3615,16.71,19.37,13.86,7.66,7.08,263.6,2.8997,71.67,98.38
Palermo,2020-10-13,38.1157,13.3615,17.02,19.36,15.41,3.16,7.13,282.9,2.6666,69.41,98.67
Palermo,2020-10-14,38.1157,13.3615,18.84,22.39,15.52,0.68,8.72,199.8,4.183,68.07,98.72
Palermo,2020-10-15,38.1157,13.3615,18.5,21.54,14.39,0.75,6.65,240.5,2.1086,72.52,98.55
Palermo,2020-10-16,38.1157,13.3615,15.91,19.53,13.66,0.46,3.91,281.0,3.4205,70.46,98.91
Palermo,2020-10-17,38.1157,13.3615,16.05,19.97,13.22,0.13,4.4,281.4,3.7272,68.93,99.11
Palermo,2020-10-18,38.1157,13.3615,16.04,18.61,14.26,0.42,2.28,305.0,2.4725,71.62,99.34
Palermo,2020-10-19,38.1157,13.3615,16.45,20.28,14.17,0.14,2.26,358.1,4.152,68.69,99.67
Palermo,2020-10-20,38.1157,13.3615,17.18,22.35,13.18,0.0,1.53,69.3,4.3716,62.21,99.79
Palermo,2020-10-21,38.1157,13.3615,18.23,22.99,14.36,0.03,3.73,174.7,4.2552,75.61,99.74
Palermo,2020-10-22,38.1157,13.3615,18.81,23.49,15.87,0.08,3.25,174.8,4.2768,75.83,99.77
Palermo,2020-10-23,38.1157,13.3615,18.4,24.06,14.19,0.03,3.33,183.1,4.1328,77.77,99.6
Palermo,2020-10-24,38.1157,13.3615,18.65,22.34,16.46,0.45,4.79,280.5,2.4233,87.44,99.43
Palermo,2020-10-25,38.1157,13.3615,17.27,21.03,14.79,0.04,4.28,289.0,3.229,75.44,99.33
Palermo,2020-10-26,38.1157,13.3615,17.52,21.73,13.63,0.51,5.33,203.0,3.7589,81.46,98.95
Palermo,2020-10-27,38.1157,13.3615,16.07,17.89,14.52,11.81,5.88,292.0,2.2726,76.9,98.76
Palermo,2020-10-28,38.1157,13.3615,15.71,18.45,13.62,0.85,5.94,319.1,3.1759,72.31,99.12
Palermo,2020-10-29,38.1157,13.3615,16.28,20.49,12.68,0.19,4.11,308.1,3.288,78.59,99.61
Palermo,2020-10-30,38.1157,13.3615,16.95,19.99,15.06,0.34,3.01,326.8,2.6297,78.96,99.73
Palermo,2020-10-31,38.1157,13.3615,16.99,21.85,14.31,0.0,2.34,22.1,3.5837,75.15,99.78
Palermo,2020-11-01,38.1157,13.3615,16.68,21.51,13.79,0.0,2.38,17.6,3.5532,75.98,99.7
Palermo,2020-11-02,38.1157,13.3615,16.66,22.1,13.59,0.0,2.21,24.6,3.2525,79.89,99.77
Palermo,2020-11-03,38.1157,13.3615,16.32,20.53,13.57,0.0,1.9,26.1,3.1889,77.62,99.72
Palermo,2020-11-04,38.1157,13.3615,17.01,21.45,13.89,0.0,1.48,41.6,3.5782,71.7,99.57
Palermo,2020-11-05,38.1157,13.3615,17.87,21.89,14.69,0.0,1.82,27.8,3.2522,73.91,99.88
Palermo,2020-11-06,38.1157,13.3615,16.63,21.08,13.47,0.0,3.36,49.4,3.2249,79.27,100.0
Palermo,2020-11-07,38.1157,13.3615,17.64,22.12,15.0,0.0,2.0,93.4,3.2882,74.13,100.08
Palermo,2020-11-08,38.1157,13.3615,16.41,20.88,13.35,0.0,1.97,28.3,3.2918,75.56,99.94
Palermo,2020-11-09,38.1157,13.3615,15.41,20.48,12.42,0.0,2.81,36.8,3.2266,81.62,99.69
Palermo,2020-11-10,38.1157,13.3615,15.72,21.29,12.19,0.0,3.04,57.4,3.2052,77.65,99.68
Palermo,2020-11-11,38.1157,13.3615,16.49,21.75,13.16,0.0,2.36,56.2,3.2585,74.06,99.78
Palermo,2020-11-12,38.1157,13.3615,16.3,20.61,13.35,0.19,2.38,211.6,3.0876,76.59,99.88
Palermo,2020-11-13,38.1157,13.3615,16.04,19.09,14.21,1.52,3.71,198.4,2.4948,88.33,99.85
Palermo,2020-11-14,38.1157,13.3615,16.73,21.71,13.68,0.01,5.03,188.0,3.0247,83.92,99.81
Palermo,2020-11-15,38.1157,13.3615,17.26,21.31,14.77,0.14,4.33,188.0,3.0874,80.24,99.6
Palermo,2020-11-16,38.1157,13.3615,17.24,20.37,15.16,5.58,4.36,230.4,2.3815,86.23,99.37
Palermo,2020-11-17,38.1157,13.3615,16.46,18.08,14.83,11.78,4.78,290.8,2.5015,80.64,99.09
Palermo,2020-11-18,38.1157,13.3615,16.65,20.59,13.87,0.68,2.88,59.0,2.2793,78.82,99.6
Palermo,2020-11-19,38.1157,13.3615,16.51,20.05,14.15,0.41,2.36,355.7,2.8517,81.72,99.71
Palermo,2020-11-20,38.1157,13.3615,15.68,18.26,13.69,0.74,6.17,267.9,2.3477,75.92,98.79
Palermo,2020-11-21,38.1157,13.3615,14.68,17.54,12.73,5.77,4.3,75.9,2.0398,74.71,98.69
Palermo,2020-11-22,38.1157,13.3615,14.84,17.47,13.1,11.33,4.8,78.0,1.9968,79.78,99.29
Palermo,2020-11-23,38.1157,13.3615,15.55,18.99,13.26,0.86,2.65,76.7,2.101,75.58,99.64
Palermo,2020-11-24,38.1157,13.3615,15.11,17.81,13.63,7.14,2.14,32.1,1.7683,84.12,99.57
Palermo,2020-11-25,38.1157,13.3615,15.18,18.29,13.25,0.67,1.23,35.4,2.807,73.89,99.53
Palermo,2020-11-26,38.1157,13.3615,14.86,17.57,13.1,0.48,2.87,167.9,2.6614,78.51,99.52
Palermo,2020-11-27,38.1157,13.3615,14.56,18.6,12.07,0.22,4.83,145.8,2.6779,77.15,99.31
Palermo,2020-11-28,38.1157,13.3615,16.19,18.95,13.47,6.19,8.65,151.7,1.2809,80.24,98.42
Palermo,2020-11-29,38.1157,13.3615,13.14,14.48,12.11,8.05,4.4,160.6,2.0796,82.55,98.19
Palermo,2020-11-30,38.1157,13.3615,13.97,17.53,12.22,1.94,3.48,359.2,2.7156,83.19,99.17
Palermo,2020-12-01,38.1157,13.3615,13.48,16.56,11.58,0.52,4.27,258.5,2.3758,84.55,99.11
Palermo,2020-12-02,38.1157,13.3615,14.72,17.68,12.66,1.42,6.98,198.0,1.9145,79.11,98.37
Palermo,2020-12-03,38.1157,13.3615,11.87,13.52,10.56,16.76,4.36,282.0,1.0519,83.74,98.03
Palermo,2020-12-04,38.1157,13.3615,12.66,15.64,10.23,0.28,6.54,213.4,2.1206,74.9,98.08
Palermo,2020-12-05,38.1157,13.3615,15.76,19.18,12.93,0.87,8.7,176.7,2.6846,76.08,97.8
Palermo,2020-12-06,38.1157,13.3615,12.96,16.28,10.55,13.47,7.57,236.4,1.4153,84.06,97.67
Palermo,2020-12-07,38.1157,13.3615,12.17,13.35,11.18,4.72,6.89,240.0,2.0866,78.92,98.45
Palermo,2020-12-08,38.1157,13.3615,13.59,15.57,11.13,4.59,9.68,210.5,1.483,75.84,98.06
Palermo,2020-12-09,38.1157,13.3615,12.27,13.52,10.83,8.84,8.58,253.5,1.1232,74.72,98.06
Palermo,2020-12-10,38.1157,13.3615,11.27,12.97,10.3,7.77,7.59,247.0,1.8401,78.53,98.3
Palermo,2020-12-11,38.1157,13.3615,12.26,13.96,10.7,4.24,6.69,269.2,1.8821,83.0,97.75
Palermo,2020-12-12,38.1157,13.3615,11.69,13.79,10.05,12.51,3.97,277.6,1.7832,87.0,97.47
Palermo,2020-12-13,38.1157,13.3615,12.39,13.06,11.7,3.55,6.62,333.1,1.7602,82.44,97.93
Palermo,2020-12-14,38.1157,13.3615,11.93,15.12,9.66,0.0,4.4,339.3,2.5594,79.36,98.93
Palermo,2020-12-15,38.1157,13.3615,11.35,15.7,8.97,0.0,2.76,162.9,2.0666,77.19,99.3
Palermo,2020-12-16,38.1157,13.3615,12.84,16.64,9.69,0.02,2.97,188.4,1.0937,86.9,99.58
Palermo,2020-12-17,38.1157,13.3615,13.63,16.36,11.26,0.07,2.54,135.2,1.6819,84.87,99.74
Palermo,2020-12-18,38.1157,13.3615,14.18,16.95,12.41,0.05,2.08,103.7,1.7592,78.92,99.78
Palermo,2020-12-19,38.1157,13.3615,12.84,14.94,11.37,0.8,3.04,120.5,1.523,85.74,99.65
Palermo,2020-12-20,38.1157,13.3615,13.04,15.46,11.46,7.61,2.85,108.2,1.0334,87.98,99.4
Palermo,2020-12-21,38.1157,13.3615,13.47,16.84,11.78,0.57,2.18,64.2,1.9603,83.89,99.69
Palermo,2020-12-22,38.1157,13.3615,12.99,16.24,11.42,0.13,1.43,0.5,2.1979,87.0,100.01
Palermo,2020-12-23,38.1157,13.3615,12.43,16.08,10.58,0.04,2.15,244.6,2.4754,86.84,100.02
Palermo,2020-12-24,38.1157,13.3615,12.66,16.77,10.53,0.01,4.51,213.9,2.4571,90.33,99.57
Palermo,2020-12-25,38.1157,13.3615,12.49,15.8,10.13,0.57,5.58,227.6,1.7594,90.53,98.94
Palermo,2020-12-26,38.1157,13.3615,9.55,12.58,7.88,5.32,5.62,254.2,0.5292,84.18,98.46
Palermo,2020-12-27,38.1157,13.3615,9.02,10.81,7.41,4.32,6.39,277.1,1.4993,84.35,98.21
Palermo,2020-12-28,38.1157,13.3615,11.05,12.61,9.33,0.48,10.61,206.5,2.6206,73.94,97.92
Palermo,2020-12-29,38.1157,13.3615,11.93,15.0,10.16,0.36,6.24,206.4,2.1586,86.68,98.06
Palermo,2020-12-30,38.1157,13.3615,11.03,13.55,9.63,3.71,6.17,245.6,1.4033,82.95,98.31
Palermo,2020-12-31,38.1157,13.3615,10.08,12.25,8.64,0.67,5.87,267.3,1.9217,77.21,98.88
Palermo,2021-01-01,38.1157,13.3615,10.71,13.19,8.46,1.09,6.97,190.9,2.4065,79.07,98.72
Palermo,2021-01-02,38.1157,13.3615,10.59,13.52,7.66,0.65,7.06,210.0,2.5236,72.84,98.42
Palermo,2021-01-03,38.1157,13.3615,9.81,12.74,7.43,0.85,5.94,212.8,2.2243,71.54,98.59
Palermo,2021-01-04,38.1157,13.3615,8.85,11.05,6.74,4.91,4.97,249.3,2.3549,81.1,98.65
Palermo,2021-01-05,38.1157,13.3615,9.78,12.82,6.78,0.03,7.05,208.8,2.2982,70.72,98.72
Palermo,2021-01-06,38.1157,13.3615,11.03,14.05,8.13,0.01,6.11,201.2,1.325,76.74,98.79
Palermo,2021-01-07,38.1157,13.3615,13.19,16.46,10.8,0.09,5.65,186.5,1.6865,84.74,98.5
Palermo,2021-01-08,38.1157,13.3615,13.62,17.22,11.14,1.1,3.94,199.1,1.7443,90.71,98.21
Palermo,2021-01-09,38.1157,13.3615,14.35,17.88,11.42,0.35,5.15,170.9,1.5948,89.86,98.25
Palermo,2021-01-10,38.1157,13.3615,14.69,17.84,11.83,0.47,4.9,199.4,1.0534,90.28,98.15
Palermo,2021-01-11,38.1157,13.3615,10.97,13.68,8.62,0.11,2.67,336.9,2.1934,83.08,98.68
Palermo,2021-01-12,38.1157,13.3615,8.81,10.95,7.33,4.95,4.99,303.4,1.9094,82.85,98.84
Palermo,2021-01-13,38.1157,13.3615,10.52,12.23,8.29,0.31,6.04,300.8,1.8943,81.36,99.06
Palermo,2021-01-14,38.1157,13.3615,11.73,13.34,10.32,0.25,6.34,277.9,1.6654,81.1,98.87
Palermo,2021-01-15,38.1157,13.3615,11.64,13.87,10.46,3.26,7.36,289.0,2.0371,80.12,98.52
Palermo,2021-01-16,38.1157,13.3615,8.64,10.73,6.01,0.79,4.78,18.0,1.6392,74.81,98.88
Palermo,2021-01-17,38.1157,13.3615,9.09,11.78,5.72,4.01,6.82,282.0,0.8678,80.1,99.1
Palermo,2021-01-18,38.1157,13.3615,9.12,11.12,6.22,2.35,5.56,354.9,2.6602,74.82,99.37
Palermo,2021-01-19,38.1157,13.3615,8.42,12.29,5.97,0.04,3.05,210.0,3.1229,71.28,100.11
Palermo,2021-01-20,38.1157,13.3615,10.83,13.76,8.18,0.05,7.63,193.3,2.8606,79.12,99.81
Palermo,2021-01-21,38.1157,13.3615,11.93,14.55,10.08,0.0,7.87,192.6,2.2805,76.41,99.34
Palermo,2021-01-22,38.1157,13.3615,11.61,15.67,8.55,0.01,7.18,187.2,2.1636,82.99,98.93
Palermo,2021-01-23,38.1157,13.3615,12.11,13.65,11.15,1.31,8.16,249.3,2.7943,79.87,98.4
Palermo,2021-01-24,38.1157,13.3615,12.24,14.27,10.19,2.58,9.93,237.4,1.3332,81.13,98.13
Palermo,2021-01-25,38.1157,13.3615,10.99,13.58,7.66,3.08,7.2,253.6,2.3362,77.41,98.52
Palermo,2021-01-26,38.1157,13.3615,10.18,12.13,6.68,12.7,7.95,326.3,3.09,71.85,98.59
Palermo,2021-01-27,38.1157,13.3615,8.81,11.75,6.02,4.28,4.24,298.4,2.209,75.6,99.16
Palermo,2021-01-28,38.1157,13.3615,11.58,13.79,9.69,2.13,4.6,288.4,2.8502,84.28,99.08
Palermo,2021-01-29,38.1157,13.3615,13.37,15.64,11.22,0.21,6.61,252.5,1.6644,94.0,98.85
Palermo,2021-01-30,38.1157,13.3615,13.42,16.71,11.24,0.03,6.0,251.2,3.1301,87.17,98.35
Palermo,2021-01-31,38.1157,13.3615,12.33,13.77,11.17,9.07,7.35,255.8,1.9812,82.36,97.58
Palermo,2021-02-01,38.1157,13.3615,12.38,14.13,11.32,4.39,6.83,259.3,2.1823,86.2,97.82
Palermo,2021-02-02,38.1157,13.3615,12.48,14.92,10.51,2.3,4.94,303.7,3.0742,87.08,98.54
Palermo,2021-02-03,38.1157,13.3615,12.08,16.51,9.49,0.03,3.24,209.9,3.4882,87.4,99.28
Palermo,2021-02-04,38.1157,13.3615,13.61,18.85,10.16,0.04,5.16,171.4,3.6096,83.63,99.23
Palermo,2021-02-05,38.1157,13.3615,14.31,18.66,11.78,0.05,7.03,175.7,3.5719,76.67,99.08
Palermo,2021-02-06,38.1157,13.3615,14.75,19.6,11.98,0.07,6.97,171.7,3.3994,71.04,98.73
Palermo,2021-02-07,38.1157,13.3615,13.78,17.0,11.5,4.83,6.63,187.4,1.559,81.96,97.89
Palermo,2021-02-08,38.1157,13.3615,11.97,13.52,10.87,3.86,7.58,250.2,3.0218,85.61,98.03
Palermo,2021-02-09,38.1157,13.3615,12.6,14.65,10.49,3.76,8.19,239.2,3.0912,85.55,98.52
Palermo,2021-02-10,38.1157,13.3615,13.43,17.29,10.53,7.3,7.75,208.7,2.8817,84.06,98.46
Palermo,2021-02-11,38.1157,13.3615,12.14,14.11,10.82,0.95,7.98,287.1,3.8249,77.27,98.88
Palermo,2021-02-12,38.1157,13.3615,11.93,15.07,9.49,0.01,3.94,236.1,3.151,80.7,99.28
Palermo,2021-02-13,38.1157,13.3615,12.31,15.19,9.23,7.97,7.27,258.2,1.8274,87.88,98.75
Palermo,2021-02-14,38.1157,13.3615,7.08,9.03,5.12,0.35,8.02,22.0,1.5348,68.98,99.85
Palermo,2021-02-15,38.1157,13.3615,5.79,8.21,3.82,0.06,8.27,25.3,3.0996,65.18,100.61
Palermo,2021-02-16,38.1157,13.3615,6.65,10.94,3.25,0.0,3.08,326.6,3.907,66.65,100.45
Palermo,2021-02-17,38.1157,13.3615,8.38,13.03,4.71,0.0,2.09,266.2,3.835,73.43,99.83
Palermo,2021-02-18,38.1157,13.3615,9.83,14.74,5.91,0.0,1.97,45.7,4.1549,75.81,99.72
Palermo,2021-02-19,38.1157,13.3615,11.16,15.78,7.74,0.01,3.57,167.5,4.2576,82.59,99.89
Palermo,2021-02-20,38.1157,13.3615,11.95,17.43,7.53,0.0,2.84,156.4,4.4364,81.79,99.86
Palermo,2021-02-21,38.1157,13.3615,12.15,17.62,8.17,0.01,3.75,148.4,4.4549,83.7,99.8
Palermo,2021-02-22,38.1157,13.3615,12.39,17.02,9.1,0.0,4.24,152.3,4.6214,80.53,100.11
Palermo,2021-02-23,38.1157,13.3615,12.19,16.72,9.74,0.0,2.2,70.7,4.5382,80.13,100.65
Palermo,2021-02-24,38.1157,13.3615,11.53,17.09,7.82,0.02,2.58,44.4,4.2314,82.01,100.64
Palermo,2021-02-25,38.1157,13.3615,12.25,18.64,8.27,0.0,2.22,81.3,4.2185,80.85,100.37
Palermo,2021-02-26,38.1157,13.3615,11.97,17.81,8.06,0.0,1.82,55.9,4.187,80.04,100.1
Palermo,2021-02-27,38.1157,13.3615,11.01,16.04,7.88,0.0,2.28,15.2,3.521,82.96,99.68
Palermo,2021-02-28,38.1157,13.3615,12.09,17.7,7.59,0.0,1.84,61.5,3.9562,80.72,99.78
Palermo,2021-03-01,38.1157,13.3615,12.15,16.83,8.86,0.0,2.92,174.4,4.345,82.4,100.05
Palermo,2021-03-02,38.1157,13.3615,12.28,16.83,9.23,0.0,2.34,75.1,4.7098,76.95,100.28
Palermo,2021-03-03,38.1157,13.3615,12.27,16.59,9.16,0.02,1.9,102.4,4.8005,71.97,100.35
Palermo,2021-03-04,38.1157,13.3615,12.21,15.71,9.56,0.08,2.03,168.8,4.2936,74.99,99.85
Palermo,2021-03-05,38.1157,13.3615,11.16,13.39,9.41,1.06,2.43,155.8,2.0424,84.63,99.23
Palermo,2021-03-06,38.1157,13.3615,13.12,17.49,10.0,0.05,1.46,74.6,4.6104,76.78,99.52
Palermo,2021-03-07,38.1157,13.3615,12.9,17.27,9.41,0.09,3.21,165.6,4.5725,82.33,99.52
Palermo,2021-03-08,38.1157,13.3615,12.38,16.38,9.17,0.07,3.36,154.8,4.4832,76.85,98.77
Palermo,2021-03-09,38.1157,13.3615,11.83,15.29,8.3,3.48,5.07,209.6,3.7548,87.28,98.65
Palermo,2021-03-10,38.1157,13.3615,11.7,14.19,9.55,1.24,5.57,301.2,3.3799,82.08,98.88
Palermo,2021-03-11,38.1157,13.3615,11.19,15.02,8.68,0.02,3.74,338.4,5.3203,71.18,99.69
Palermo,2021-03-12,38.1157,13.3615,10.94,15.64,7.29,0.01,4.63,231.4,5.0741,83.02,99.5
Palermo,2021-03-13,38.1157,13.3615,12.31,16.62,8.62,0.08,4.23,248.6,4.5806,84.96,99.21
Palermo,2021-03-14,38.1157,13.3615,11.93,15.11,9.23,0.82,5.89,281.3,5.4754,81.7,98.95
Palermo,2021-03-15,38.1157,13.3615,11.43,14.12,9.27,0.41,7.63,299.6,4.9961,68.69,98.83
Palermo,2021-03-16,38.1157,13.3615,11.02,13.47,8.42,3.7,5.05,309.5,4.6397,75.81,98.64
Palermo,2021-03-17,38.1157,13.3615,10.24,14.26,6.43,2.82,3.6,317.1,5.411,64.65,99.0
Palermo,2021-03-18,38.1157,13.3615,10.32,12.35,8.01,3.89,4.83,273.8,3.3528,81.66,98.59
Palermo,2021-03-19,38.1157,13.3615,9.64,13.03,6.83,1.76,2.67,207.6,2.8061,77.57,98.45
Palermo,2021-03-20,38.1157,13.3615,10.94,14.86,7.57,11.96,1.99,64.7,1.9661,81.9,98.14
Palermo,2021-03-21,38.1157,13.3615,10.05,11.77,8.27,13.61,5.01,357.8,2.1782,88.5,97.75
Palermo,2021-03-22,38.1157,13.3615,8.3,10.08,7.14,10.69,4.54,335.0,3.1166,82.99,98.03
Palermo,2021-03-23,38.1157,13.3615,8.78,10.59,6.36,2.66,7.37,357.7,4.1635,66.85,98.93
Palermo,2021-03-24,38.1157,13.3615,9.01,13.12,5.66,0.0,3.83,359.3,5.508,62.86,99.57
Palermo,2021-03-25,38.1157,13.3615,10.23,14.52,6.19,0.02,3.6,327.4,4.9517,71.84,99.67
Palermo,2021-03-26,38.1157,13.3615,11.55,16.48,7.81,0.0,3.07,232.7,6.0542,77.13,99.99
Palermo,2021-03-27,38.1157,13.3615,12.23,16.8,8.08,0.0,4.91,177.5,5.2073,83.36,100.05
Palermo,2021-03-28,38.1157,13.3615,13.98,19.49,9.35,0.0,3.08,137.0,6.0516,75.86,100.24
Palermo,2021-03-29,38.1157,13.3615,13.58,19.48,9.34,0.0,2.42,43.8,6.1956,73.35,100.46
Palermo,2021-03-30,38.1157,13.3615,13.29,18.6,8.99,0.0,3.5,40.9,5.9986,70.73,100.17
Palermo,2021-03-31,38.1157,13.3615,13.91,18.9,10.33,0.0,2.25,16.8,6.1978,73.73,99.77
Palermo,2021-04-01,38.1157,13.3615,14.79,19.79,10.26,0.0,1.74,241.0,5.9976,70.68,99.5
Palermo,2021-04-02,38.1157,13.3615,15.34,20.94,10.2,0.0,2.26,180.0,6.0391,71.21,99.06
Palermo,2021-04-03,38.1157,13.3615,15.27,20.6,11.91,0.02,2.88,216.6,4.3226,78.04,98.46
Palermo,2021-04-04,38.1157,13.3615,14.49,18.73,11.56,0.33,1.87,326.8,4.6241,83.42,98.4
Palermo,2021-04-05,38.1157,13.3615,13.52,16.8,10.01,0.6,2.1,344.8,5.6681,79.44,98.63
Palermo,2021-04-06,38.1157,13.3615,13.62,17.2,9.2,0.06,7.46,263.3,6.2693,80.35,98.41
Palermo,2021-04-07,38.1157,13.3615,12.98,15.56,9.75,0.08,8.36,281.9,5.9719,65.98,98.72
Palermo,2021-04-08,38.1157,13.3615,10.46,14.19,7.19,0.0,5.76,31.6,6.6982,59.25,99.82
Palermo,2021-04-09,38.1157,13.3615,11.92,16.81,7.59,0.03,2.87,169.1,6.517,66.69,100.06
Palermo,2021-04-10,38.1157,13.3615,12.27,17.21,7.89,0.0,5.39,164.5,6.5446,70.8,99.71
Palermo,2021-04-11,38.1157,13.3615,14.21,18.25,11.06,0.01,5.78,165.7,5.875,77.01,99.34
Palermo,2021-04-12,38.1157,13.3615,14.47,19.54,11.57,1.01,4.67,178.3,3.4234,79.26,99.32
Palermo,2021-04-13,38.1157,13.3615,12.66,15.82,9.82,0.05,5.11,283.1,6.3746,72.54,99.35
Palermo,2021-04-14,38.1157,13.3615,12.78,17.26,9.7,0.65,1.99,358.5,6.7786,68.07,99.28
Palermo,2021-04-15,38.1157,13.3615,12.27,14.67,9.65,8.81,2.79,156.3,2.7007,77.83,99.12
Palermo,2021-04-16,38.1157,13.3615,13.09,17.11,10.58,3.51,5.01,83.2,2.2142,77.27,98.46
Palermo,2021-04-17,38.1157,13.3615,12.44,16.39,9.9,2.99,3.09,356.1,3.1426,76.94,98.47
Palermo,2021-04-18,38.1157,13.3615,11.83,14.79,9.82,1.67,4.89,258.3,4.9954,74.51,98.89
Palermo,2021-04-19,38.1157,13.3615,11.19,13.73,9.69,1.57,6.29,278.7,5.6045,77.99,99.04
Palermo,2021-04-20,38.1157,13.3615,12.83,16.3,9.58,0.06,4.12,250.6,6.6821,70.78,99.16
Palermo,2021-04-21,38.1157,13.3615,14.63,19.31,9.89,1.35,5.11,155.3,5.3544,75.45,99.08
Palermo,2021-04-22,38.1157,13.3615,15.17,19.36,13.05,2.38,5.76,152.7,4.4424,80.94,98.87
Palermo,2021-04-23,38.1157,13.3615,13.56,15.24,11.29,4.16,2.64,43.9,2.6102,91.02,98.95
Palermo,2021-04-24,38.1157,13.3615,13.76,17.47,11.05,0.22,4.98,16.4,6.8566,83.44,99.16
Palermo,2021-04-25,38.1157,13.3615,15.03,19.99,10.5,0.01,1.58,342.7,7.4424,72.61,99.23
Palermo,2021-04-26,38.1157,13.3615,15.31,20.27,10.51,0.01,7.2,163.2,6.3727,75.35,98.65
Palermo,2021-04-27,38.1157,13.3615,16.89,22.26,13.67,0.0,4.31,196.0,6.2117,78.43,98.13
Palermo,2021-04-28,38.1157,13.3615,17.6,22.45,13.81,0.0,2.26,301.2,7.1594,70.91,98.37
Palermo,2021-04-29,38.1157,13.3615,19.97,26.8,14.71,0.0,3.31,156.6,7.1513,63.47,98.44
Palermo,2021-04-30,38.1157,13.3615,20.51,28.99,14.32,0.02,4.09,171.3,5.3537,58.84,98.47
Palermo,2021-05-01,38.1157,13.3615,20.21,26.93,16.4,0.22,3.6,241.2,2.8265,72.43,98.68
Palermo,2021-05-02,38.1157,13.3615,16.95,20.7,13.64,0.02,3.52,331.8,6.8726,70.64,99.18
Palermo,2021-05-03,38.1157,13.3615,16.22,19.8,14.15,1.9,2.36,68.2,2.034,74.95,99.34
Palermo,2021-05-04,38.1157,13.3615,18.01,23.23,13.81,1.03,2.52,190.5,5.016,70.82,99.17
Palermo,2021-05-05,38.1157,13.3615,15.93,19.7,13.73,2.54,3.25,225.9,1.6973,83.11,98.87
Palermo,2021-05-06,38.1157,13.3615,16.96,22.84,12.87,0.16,1.33,33.2,6.1421,72.98,99.05
Palermo,2021-05-07,38.1157,13.3615,17.43,21.59,13.87,0.3,2.43,300.1,6.846,70.59,98.99
Palermo,2021-05-08,38.1157,13.3615,17.33,22.11,13.24,0.18,3.42,320.2,7.7045,76.15,99.17
Palermo,2021-05-09,38.1157,13.3615,18.28,23.82,12.96,0.09,3.89,156.8,7.8485,70.49,99.2
Palermo,2021-05-10,38.1157,13.3615,19.76,25.86,14.08,0.0,4.47,166.6,7.9678,60.99,99.05
Palermo,2021-05-11,38.1157,13.3615,18.84,24.46,14.24,0.01,5.39,205.0,6.8076,70.87,98.85
Palermo,2021-05-12,38.1157,13.3615,16.16,19.47,12.95,0.03,5.59,285.9,7.7443,75.82,98.95
Palermo,2021-05-13,38.1157,13.3615,16.57,21.02,12.39,0.01,5.79,256.2,7.6927,72.02,98.8
Palermo,2021-05-14,38.1157,13.3615,17.29,21.51,12.87,0.33,6.12,214.9,6.3823,75.16,98.71
Palermo,2021-05-15,38.1157,13.3615,16.54,19.61,13.77,0.05,6.28,292.2,7.2266,68.56,98.97
Palermo,2021-05-16,38.1157,13.3615,18.18,24.21,12.42,0.01,4.81,211.6,7.9349,64.76,98.87
Palermo,2021-05-17,38.1157,13.3615,20.09,25.66,14.44,0.07,4.27,243.3,7.8794,62.92,98.77
Palermo,2021-05-18,38.1157,13.3615,17.9,22.28,14.34,0.01,3.32,347.6,8.1497,65.71,99.12
Palermo,2021-05-19,38.1157,13.3615,18.45,23.78,13.7,0.0,3.81,283.6,7.8497,64.2,99.04
Palermo,2021-05-20,38.1157,13.3615,16.82,20.2,13.09,0.0,5.49,320.8,7.2017,70.66,99.24
Palermo,2021-05-21,38.1157,13.3615,17.69,23.42,12.16,0.0,2.4,223.5,8.1233,60.84,99.5
Palermo,2021-05-22,38.1157,13.3615,18.42,23.32,13.35,0.0,7.69,177.8,7.8518,74.0,99.13
Palermo,2021-05-23,38.1157,13.3615,21.25,28.48,15.28,0.0,4.43,171.0,7.4314,61.39,99.05
Palermo,2021-05-24,38.1157,13.3615,20.97,28.4,15.58,0.0,5.58,198.2,7.788,56.09,99.08
Palermo,2021-05-25,38.1157,13.3615,18.2,22.59,14.76,0.01,4.28,359.3,7.717,76.84,99.43
Palermo,2021-05-26,38.1157,13.3615,18.69,24.07,13.77,0.0,3.23,16.5,8.1653,60.82,99.29
Palermo,2021-05-27,38.1157,13.3615,18.9,22.83,15.72,0.15,2.16,25.1,6.0197,60.71,99.09
Palermo,2021-05-28,38.1157,13.3615,19.83,25.63,15.71,0.09,2.79,38.4,6.6631,61.62,99.07
Palermo,2021-05-29,38.1157,13.3615,20.62,25.49,17.3,0.02,2.15,344.8,6.4812,65.47,99.06
Palermo,2021-05-30,38.1157,13.3615,20.97,25.65,16.98,0.0,2.23,327.7,8.0035,59.59,99.0
Palermo,2021-05-31,38.1157,13.3615,20.37,24.6,16.74,0.0,2.97,352.8,6.7946,61.53,99.0
Palermo,2021-06-01,38.1157,13.3615,20.76,25.59,15.4,0.0,2.23,48.8,7.6958,60.81,99.04
Palermo,2021-06-02,38.1157,13.3615,21.21,26.17,17.15,0.88,2.08,154.5,5.0494,68.34,99.22
Palermo,2021-06-03,38.1157,13.3615,22.26,26.94,18.3,0.17,1.35,81.3,7.8593,64.44,99.59
Palermo,2021-06-04,38.1157,13.3615,22.91,28.18,18.04,0.0,1.74,198.0,8.046,56.87,99.74
Palermo,2021-06-05,38.1157,13.3615,22.34,27.83,17.52,0.01,2.51,194.9,5.7533,54.96,99.63
Palermo,2021-06-06,38.1157,13.3615,22.28,29.03,18.39,0.32,4.0,182.7,5.5774,59.37,99.24
Palermo,2021-06-07,38.1157,13.3615,21.33,26.08,17.34,3.2,2.69,318.3,6.8422,69.53,99.13
Palermo,2021-06-08,38.1157,13.3615,20.44,24.67,16.72,0.29,3.29,319.5,7.5065,74.05,99.13
Palermo,2021-06-09,38.1157,13.3615,20.28,24.36,16.65,0.86,3.69,321.5,7.6212,76.77,99.0
Palermo,2021-06-10,38.1157,13.3615,21.14,25.61,17.44,0.12,2.94,355.0,7.7839,70.03,98.95
Palermo,2021-06-11,38.1157,13.3615,22.14,26.98,17.57,0.03,2.45,347.6,7.6306,64.22,98.97
Palermo,2021-06-12,38.1157,13.3615,21.59,25.71,18.57,0.07,2.55,340.1,7.8408,66.98,99.15
Palermo,2021-06-13,38.1157,13.3615,23.03,28.23,17.81,0.0,2.42,358.6,7.9817,60.98,99.29
Palermo,2021-06-14,38.1157,13.3615,24.09,29.32,19.29,0.0,2.35,353.1,8.2536,53.1,99.1
Palermo,2021-06-15,38.1157,13.3615,23.76,28.41,19.48,0.05,3.44,40.0,8.2003,56.87,99.05
Palermo,2021-06-16,38.1157,13.3615,23.24,28.41,18.38,0.11,2.26,187.5,8.2812,64.18,99.07
Palermo,2021-06-17,38.1157,13.3615,23.53,28.7,18.42,0.04,1.77,197.6,8.1098,63.6,99.15
Palermo,2021-06-18,38.1157,13.3615,24.41,30.49,19.65,0.0,2.22,168.8,7.4422,57.15,99.22
Palermo,2021-06-19,38.1157,13.3615,25.96,31.78,20.83,0.0,1.53,331.2,7.2701,51.07,99.13
Palermo,2021-06-20,38.1157,13.3615,28.57,36.52,22.99,0.0,2.08,199.1,7.163,43.06,98.83
Palermo,2021-06-21,38.1157,13.3615,27.34,32.51,23.36,0.0,3.29,193.1,6.1296,54.44,98.68
Palermo,2021-06-22,38.1157,13.3615,27.85,34.05,23.72,0.01,3.61,199.9,6.9322,52.66,98.6
Palermo,2021-06-23,38.1157,13.3615,27.8,33.83,23.01,0.0,2.27,227.9,4.985,59.75,98.89
Palermo,2021-06-24,38.1157,13.3615,29.11,36.25,24.09,0.0,3.08,41.2,4.6399,54.79,99.18
Palermo,2021-06-25,38.1157,13.3615,29.57,35.36,24.93,0.08,2.44,297.3,4.9999,50.11,99.07
Palermo,2021-06-26,38.1157,13.3615,27.27,31.66,24.32,0.1,2.18,279.9,5.7782,60.34,98.93
Palermo,2021-06-27,38.1157,13.3615,29.44,36.37,24.37,0.02,2.73,172.8,6.283,48.63,98.79
Palermo,2021-06-28,38.1157,13.3615,29.13,34.56,24.31,0.06,4.49,195.5,7.1604,49.44,98.89
Palermo,2021-06-29,38.1157,13.3615,27.57,33.55,23.94,0.05,3.38,201.7,6.1464,57.2,98.87
Palermo,2021-06-30,38.1157,13.3615,27.18,33.4,22.93,0.23,2.32,267.6,4.3591,62.28,98.87
Palermo,2021-07-01,38.1157,13.3615,26.89,31.98,22.56,0.01,3.28,19.8,7.8823,57.44,98.95
Palermo,2021-07-02,38.1157,13.3615,27.38,32.5,22.57,0.0,2.88,309.8,8.1324,44.66,98.98
Palermo,2021-07-03,38.1157,13.3615,28.21,33.32,23.1,0.0,1.78,335.5,8.0796,42.67,98.99
Palermo,2021-07-04,38.1157,13.3615,28.14,34.03,22.23,0.0,4.42,218.8,8.1206,46.16,98.73
Palermo,2021-07-05,38.1157,13.3615,25.29,29.44,21.27,0.02,4.6,319.5,7.8691,68.99,98.73
Palermo,2021-07-06,38.1157,13.3615,27.72,33.62,21.79,0.0,1.77,28.7,8.351,48.66,98.76
Palermo,2021-07-07,38.1157,13.3615,28.33,34.22,22.29,0.0,1.75,214.1,7.6711,53.44,98.89
Palermo,2021-07-08,38.1157,13.3615,29.15,34.94,23.24,0.0,2.35,246.3,7.1664,51.69,99.14
Palermo,2021-07-09,38.1157,13.3615,27.45,32.54,23.42,0.04,3.16,322.9,6.985,63.82,99.19
Palermo,2021-07-10,38.1157,13.3615,25.88,31.25,21.42,0.0,3.71,3.3,8.2577,57.89,98.94
Palermo,2021-07-11,38.1157,13.3615,25.2,29.81,20.33,0.0,3.51,353.2,7.9733,58.7,98.93
Palermo,2021-07-12,38.1157,13.3615,28.82,34.22,23.26,0.0,1.23,223.8,7.301,40.21,98.83
Palermo,2021-07-13,38.1157,13.3615,28.08,33.41,23.87,0.02,5.13,198.4,5.383,52.88,98.62
Palermo,2021-07-14,38.1157,13.3615,25.05,28.75,20.93,0.0,4.98,350.2,6.1411,63.89,98.96
Palermo,2021-07-15,38.1157,13.3615,24.38,28.79,19.99,0.0,3.34,328.6,8.088,55.59,99.02
Palermo,2021-07-16,38.1157,13.3615,24.65,28.61,21.33,1.82,4.59,290.0,7.7587,58.21,98.83
Palermo,2021-07-17,38.1157,13.3615,24.28,27.07,21.86,1.37,5.3,302.0,6.8174,67.98,98.52
Palermo,2021-07-18,38.1157,13.3615,23.86,26.74,21.48,6.51,5.78,319.8,6.8681,71.18,98.17
Palermo,2021-07-19,38.1157,13.3615,24.72,28.65,21.09,2.37,2.96,315.5,7.5701,68.96,98.37
Palermo,2021-07-20,38.1157,13.3615,26.0,30.68,21.71,0.0,2.3,6.0,7.6219,61.57,98.78
Palermo,2021-07-21,38.1157,13.3615,26.28,31.39,21.9,0.0,3.66,38.4,7.6159,61.59,99.14
Palermo,2021-07-22,38.1157,13.3615,26.87,31.8,22.45,0.0,2.7,351.5,7.7138,54.52,99.17
Palermo,2021-07-23,38.1157,13.3615,27.06,32.16,22.92,0.0,2.19,344.5,7.7758,51.05,98.98
Palermo,2021-07-24,38.1157,13.3615,28.74,34.57,23.44,0.0,1.71,49.5,7.5698,44.13,98.89
Palermo,2021-07-25,38.1157,13.3615,28.71,34.08,23.76,0.0,4.21,178.8,7.0754,39.98,98.78
Palermo,2021-07-26,38.1157,13.3615,28.87,34.0,23.77,0.0,5.27,172.8,6.9139,41.91,98.9
Palermo,2021-07-27,38.1157,13.3615,28.81,34.81,22.42,0.0,3.05,182.8,7.08,50.37,99.09
Palermo,2021-07-28,38.1157,13.3615,30.25,36.1,24.47,0.0,2.08,200.0,7.1294,36.76,99.02
Palermo,2021-07-29,38.1157,13.3615,30.99,36.38,26.21,0.0,3.8,205.9,7.2487,33.9,98.9
Palermo,2021-07-30,38.1157,13.3615,29.74,34.92,25.22,0.01,4.91,214.0,7.1921,44.75,98.72
Palermo,2021-07-31,38.1157,13.3615,31.08,37.38,24.7,0.0,2.15,236.0,7.1719,42.84,98.56
Palermo,2021-08-01,38.1157,13.3615,31.63,38.08,26.5,0.0,2.66,235.4,7.0217,40.17,98.62
Palermo,2021-08-02,38.1157,13.3615,28.97,34.07,24.03,0.02,3.25,16.5,6.8678,57.6,98.83
Palermo,2021-08-03,38.1157,13.3615,30.3,37.01,24.78,0.01,2.1,95.3,6.149,48.59,98.91
Palermo,2021-08-04,38.1157,13.3615,31.05,36.59,26.44,0.02,7.39,190.4,7.1242,49.25,98.78
Palermo,2021-08-05,38.1157,13.3615,27.61,32.17,23.79,0.01,3.84,296.6,7.0114,60.07,98.77
Palermo,2021-08-06,38.1157,13.3615,27.66,32.68,22.53,0.0,3.64,288.4,7.5367,46.77,98.62
Palermo,2021-08-07,38.1157,13.3615,29.95,35.39,24.41,0.0,3.41,164.9,7.4806,39.65,98.56
Palermo,2021-08-08,38.1157,13.3615,29.61,35.32,24.62,0.01,4.98,181.0,6.9667,53.44,98.83
Palermo,2021-08-09,38.1157,13.3615,30.6,37.23,24.81,0.0,3.28,192.6,6.8844,53.45,99.18
Palermo,2021-08-10,38.1157,13.3615,32.01,39.0,25.23,0.0,3.69,201.3,6.6638,39.75,99.15
Palermo,2021-08-11,38.1157,13.3615,31.75,37.01,27.56,0.0,3.83,237.1,5.2097,44.34,99.01
Palermo,2021-08-12,38.1157,13.3615,30.52,36.0,25.67,0.0,2.87,30.8,6.5062,49.51,99.12
Palermo,2021-08-13,38.1157,13.3615,30.72,36.48,26.12,0.0,2.08,48.0,6.6115,45.37,99.35
Palermo,2021-08-14,38.1157,13.3615,30.6,35.47,26.55,0.0,1.92,21.6,6.6946,45.82,99.25
Palermo,2021-08-15,38.1157,13.3615,29.98,35.47,25.49,0.0,2.21,26.0,6.7476,49.58,99.06
Palermo,2021-08-16,38.1157,13.3615,30.66,35.74,26.22,0.0,2.35,257.3,6.9182,42.13,98.9
Palermo,2021-08-17,38.1157,13.3615,28.58,33.55,24.5,0.01,6.2,246.9,6.703,58.78,98.72
Palermo,2021-08-18,38.1157,13.3615,26.56,30.78,23.33,0.01,4.6,290.3,6.6401,68.2,98.72
Palermo,2021-08-19,38.1157,13.3615,26.37,31.63,22.36,0.01,2.95,288.6,6.8592,65.04,98.74
Palermo,2021-08-20,38.1157,13.3615,26.41,31.88,21.99,0.0,3.07,359.3,6.7097,64.13,98.89
Palermo,2021-08-21,38.1157,13.3615,26.63,31.78,22.32,0.0,3.31,20.7,6.5002,63.98,99.13
Palermo,2021-08-22,38.1157,13.3615,26.78,32.03,22.41,0.0,3.01,27.6,6.732,60.07,99.23
Palermo,2021-08-23,38.1157,13.3615,28.29,33.42,23.45,0.0,1.63,329.0,6.721,44.58,98.99
Palermo,2021-08-24,38.1157,13.3615,28.21,33.82,22.72,0.02,3.65,226.4,6.5743,54.01,98.74
Palermo,2021-08-25,38.1157,13.3615,27.78,32.72,23.71,0.14,3.51,202.1,6.1303,65.27,98.66
Palermo,2021-08-26,38.1157,13.3615,27.12,32.27,23.25,0.21,4.5,251.3,5.7398,67.06,98.6
Palermo,2021-08-27,38.1157,13.3615,25.84,30.07,22.53,0.03,4.7,274.6,6.3372,62.86,98.69
Palermo,2021-08-28,38.1157,13.3615,26.05,30.5,22.02,0.05,5.11,256.0,6.2798,64.39,98.59
Palermo,2021-08-29,38.1157,13.3615,25.0,28.9,21.35,0.04,4.78,306.3,6.4819,66.09,98.51
Palermo,2021-08-30,38.1157,13.3615,25.1,30.35,20.66,0.0,2.23,304.9,6.648,50.04,98.83
Palermo,2021-08-31,38.1157,13.3615,25.65,31.27,21.18,0.06,2.52,291.0,6.4133,56.27,99.04
Palermo,2021-09-01,38.1157,13.3615,26.38,32.09,21.55,0.0,2.87,25.3,6.3742,54.69,99.21
Palermo,2021-09-02,38.1157,13.3615,26.67,31.72,22.61,0.1,2.14,123.1,5.4334,59.48,99.31
Palermo,2021-09-03,38.1157,13.3615,25.99,30.0,23.21,0.93,4.22,176.7,5.2286,69.39,99.12
Palermo,2021-09-04,38.1157,13.3615,26.04,30.75,23.27,7.82,5.04,197.9,4.9567,76.42,98.83
Palermo,2021-09-05,38.1157,13.3615,25.0,28.83,22.22,1.05,3.21,325.4,5.9292,75.92,98.93
Palermo,2021-09-06,38.1157,13.3615,24.33,28.22,21.42,0.82,3.62,9.2,5.917,69.93,99.18
Palermo,2021-09-07,38.1157,13.3615,24.35,28.61,21.57,1.51,2.64,39.2,5.8056,60.48,99.29
Palermo,2021-09-08,38.1157,13.3615,23.86,28.44,20.44,0.34,1.78,125.0,5.4694,56.91,99.2
Palermo,2021-09-09,38.1157,13.3615,24.77,28.98,21.0,0.08,2.17,154.1,5.3402,55.1,98.97
Palermo,2021-09-10,38.1157,13.3615,24.74,28.14,22.15,2.82,2.51,151.4,2.6839,64.99,98.93
Palermo,2021-09-11,38.1157,13.3615,23.89,27.15,21.51,3.5,3.18,301.0,3.8777,77.36,98.78
Palermo,2021-09-12,38.1157,13.3615,23.77,27.66,20.84,0.38,4.35,346.1,5.4672,69.58,98.91
Palermo,2021-09-13,38.1157,13.3615,23.68,28.02,20.54,0.05,2.71,330.3,5.2934,67.6,99.11
Palermo,2021-09-14,38.1157,13.3615,24.47,29.64,20.37,0.0,1.91,350.5,5.7571,60.3,99.28
Palermo,2021-09-15,38.1157,13.3615,25.01,29.76,21.09,0.0,1.77,166.9,5.1883,55.4,99.33
Palermo,2021-09-16,38.1157,13.3615,25.28,30.73,20.96,0.03,5.29,183.2,5.0124,67.56,99.25
Palermo,2021-09-17,38.1157,13.3615,26.51,31.13,22.74,0.42,5.42,193.0,4.4282,67.44,98.92
Palermo,2021-09-18,38.1157,13.3615,27.46,32.46,23.81,0.09,3.9,202.3,3.373,60.78,98.78
Palermo,2021-09-19,38.1157,13.3615,25.55,30.88,21.73,0.12,3.54,253.1,5.1826,72.09,98.88
Palermo,2021-09-20,38.1157,13.3615,24.37,29.03,21.39,0.02,3.15,307.7,5.005,63.56,99.1
Palermo,2021-09-21,38.1157,13.3615,25.49,30.91,20.91,0.01,2.65,58.9,4.9378,56.77,99.26
Palermo,2021-09-22,38.1157,13.3615,25.09,29.39,22.66,0.28,2.17,284.0,2.9323,67.62,99.22
Palermo,2021-09-23,38.1157,13.3615,24.31,27.96,21.69,0.02,2.52,37.6,5.3544,63.59,99.26
Palermo,2021-09-24,38.1157,13.3615,24.81,29.3,21.02,0.02,1.93,164.3,5.117,65.85,99.3
Palermo,2021-09-25,38.1157,13.3615,25.95,30.92,22.42,0.02,2.74,156.9,4.9234,69.75,99.35
Palermo,2021-09-26,38.1157,13.3615,25.36,28.94,22.91,0.04,2.65,177.7,4.5187,71.19,99.44
Palermo,2021-09-27,38.1157,13.3615,24.26,28.53,21.23,0.15,4.63,227.2,3.4378,78.39,99.19
Palermo,2021-09-28,38.1157,13.3615,24.06,27.91,21.27,0.34,4.15,320.8,4.4184,78.19,99.11
Palermo,2021-09-29,38.1157,13.3615,23.36,27.64,20.66,0.1,2.79,307.2,4.9073,70.17,99.27
Palermo,2021-09-30,38.1157,13.3615,22.97,26.82,20.2,0.26,3.22,337.3,4.6087,68.62,99.4
Palermo,2021-10-01,38.1157,13.3615,22.57,25.2,20.33,3.37,2.22,152.0,3.8359,69.87,99.33
Palermo,2021-10-02,38.1157,13.3615,22.01,25.26,19.92,2.74,3.91,178.6,2.7816,73.21,99.2
Palermo,2021-10-03,38.1157,13.3615,21.71,25.04,19.13,1.74,4.14,167.5,4.4666,76.4,99.21
Palermo,2021-10-04,38.1157,13.3615,22.35,26.83,18.97,1.02,5.61,163.3,4.2727,75.5,99.29
Palermo,2021-10-05,38.1157,13.3615,21.54,23.71,19.78,13.34,4.38,191.6,0.6401,85.69,99.32
Palermo,2021-10-06,38.1157,13.3615,21.59,25.64,19.39,2.56,4.28,267.8,4.0176,73.32,99.15
Palermo,2021-10-07,38.1157,13.3615,19.19,21.31,17.36,3.29,8.12,282.1,2.9256,68.37,98.54
Palermo,2021-10-08,38.1157,13.3615,19.08,22.23,17.21,8.15,5.01,292.3,3.5947,75.18,98.63
Palermo,2021-10-09,38.1157,13.3615,19.55,22.88,17.17,2.81,2.22,294.2,4.1911,70.35,98.9
Palermo,2021-10-10,38.1157,13.3615,18.2,21.76,15.74,2.73,5.88,294.7,4.0145,74.57,98.95
Palermo,2021-10-11,38.1157,13.3615,17.64,20.43,15.43,0.84,6.52,311.0,2.8548,65.72,99.13
Palermo,2021-10-12,38.1157,13.3615,17.89,20.75,16.14,0.19,4.29,306.5,3.487,72.76,98.87
Palermo,2021-10-13,38.1157,13.3615,17.23,20.1,15.4,11.11,4.13,297.4,1.6663,80.82,98.55
Palermo,2021-10-14,38.1157,13.3615,16.02,17.69,14.77,3.87,7.47,24.2,1.9793,68.34,98.78
Palermo,2021-10-15,38.1157,13.3615,15.99,18.92,13.17,0.07,7.12,341.1,3.4927,63.32,98.83
Palermo,2021-10-16,38.1157,13.3615,17.37,20.69,15.12,1.64,4.3,286.8,3.5573,76.74,99.02
Palermo,2021-10-17,38.1157,13.3615,17.53,20.13,15.73,2.04,2.42,255.8,3.0571,79.8,99.17
Palermo,2021-10-18,38.1157,13.3615,17.74,21.94,15.12,0.06,2.08,29.0,3.7354,69.85,99.56
Palermo,2021-10-19,38.1157,13.3615,18.03,22.39,15.13,0.05,2.24,44.8,4.1124,70.17,100.05
Palermo,2021-10-20,38.1157,13.3615,18.18,22.77,15.03,0.03,2.38,224.4,4.1141,71.35,100.08
Palermo,2021-10-21,38.1157,13.3615,19.17,23.08,15.92,0.07,6.32,197.7,4.2043,81.64,99.52
Palermo,2021-10-22,38.1157,13.3615,20.4,23.74,18.2,0.77,5.33,179.0,2.4415,82.97,99.14
Palermo,2021-10-23,38.1157,13.3615,20.23,24.14,17.54,2.26,3.86,107.6,3.4709,84.03,99.1
Palermo,2021-10-24,38.1157,13.3615,20.63,23.74,18.82,8.74,6.77,81.5,1.7594,84.95,98.7
Palermo,2021-10-25,38.1157,13.3615,19.19,21.88,17.16,5.51,3.14,83.1,2.5591,84.65,98.73
Palermo,2021-10-26,38.1157,13.3615,19.02,22.2,16.7,4.18,2.82,56.4,2.243,78.94,98.94
Palermo,2021-10-27,38.1157,13.3615,18.12,20.6,16.86,12.58,2.68,74.8,2.9789,81.63,99.22
Palermo,2021-10-28,38.1157,13.3615,17.24,18.59,16.1,1.55,2.68,74.7,2.5157,79.11,99.13
Palermo,2021-10-29,38.1157,13.3615,15.29,16.65,13.32,2.92,4.91,31.9,0.8746,84.93,98.96
Palermo,2021-10-30,38.1157,13.3615,17.8,21.27,15.18,0.19,2.62,6.5,2.4811,78.42,99.04
Palermo,2021-10-31,38.1157,13.3615,17.27,19.97,15.87,14.89,3.95,184.0,1.8106,82.8,98.89
Palermo,2021-11-01,38.1157,13.3615,19.36,21.91,17.27,4.17,6.5,231.7,2.1979,90.08,98.3
Palermo,2021-11-02,38.1157,13.3615,18.03,20.58,16.17,0.57,6.29,265.6,3.7015,82.36,98.56
Palermo,2021-11-03,38.1157,13.3615,19.99,23.54,16.61,1.65,9.44,182.1,3.1934,85.2,98.33
Palermo,2021-11-04,38.1157,13.3615,18.47,20.54,16.07,0.22,3.35,295.8,1.4594,82.98,98.4
Palermo,2021-11-05,38.1157,13.3615,18.41,22.1,16.2,0.3,2.0,37.0,1.8881,82.71,98.65
Palermo,2021-11-06,38.1157,13.3615,19.14,21.63,17.0,0.6,4.43,137.4,0.6499,87.61,98.67
Palermo,2021-11-07,38.1157,13.3615,19.71,23.38,17.81,0.68,5.95,174.5,2.587,83.2,98.68
Palermo,2021-11-08,38.1157,13.3615,17.94,20.53,15.69,7.1,1.9,259.8,1.1215,83.3,98.53
Palermo,2021-11-09,38.1157,13.3615,16.34,17.67,14.48,9.26,4.24,116.8,0.7061,88.46,98.9
Palermo,2021-11-10,38.1157,13.3615,17.84,20.76,16.28,11.72,5.69,140.1,1.1059,87.51,99.2
Palermo,2021-11-11,38.1157,13.3615,16.03,17.64,12.95,20.69,4.91,164.7,0.504,82.77,99.1
Palermo,2021-11-12,38.1157,13.3615,15.64,20.07,12.09,0.09,2.28,181.3,3.0607,69.69,99.11
Palermo,2021-11-13,38.1157,13.3615,15.74,20.12,12.85,0.03,3.62,193.1,3.2009,72.3,99.08
Palermo,2021-11-14,38.1157,13.3615,15.76,19.99,13.04,0.54,4.34,190.1,3.1968,78.31,98.84
Palermo,2021-11-15,38.1157,13.3615,15.99,19.54,13.4,3.83,2.0,195.2,3.1109,75.63,98.71
Palermo,2021-11-16,38.1157,13.3615,16.39,20.57,13.64,8.47,5.53,153.8,2.5901,80.89,98.59
Palermo,2021-11-17,38.1157,13.3615,15.34,18.55,13.06,8.87,4.21,189.6,2.7907,84.57,98.71
Palermo,2021-11-18,38.1157,13.3615,15.0,18.13,13.12,1.23,3.28,253.0,2.771,83.88,99.43
Palermo,2021-11-19,38.1157,13.3615,14.72,18.57,12.43,0.65,3.19,21.2,2.9014,84.8,99.87
Palermo,2021-11-20,38.1157,13.3615,14.51,18.15,12.29,0.09,2.45,13.8,2.8385,85.28,99.67
Palermo,2021-11-21,38.1157,13.3615,14.09,16.9,12.03,3.74,2.87,207.0,2.2843,84.58,98.94
Palermo,2021-11-22,38.1157,13.3615,15.24,18.49,13.34,5.15,5.19,195.5,2.7271,84.58,98.45
Palermo,2021-11-23,38.1157,13.3615,14.6,16.99,13.18,4.93,3.86,241.4,1.7575,86.99,98.77
Palermo,2021-11-24,38.1157,13.3615,14.58,17.79,12.35,0.6,2.91,209.0,2.304,86.46,98.97
Palermo,2021-11-25,38.1157,13.3615,14.15,17.45,12.1,10.71,5.34,177.7,1.122,90.12,98.3
Palermo,2021-11-26,38.1157,13.3615,13.58,15.47,11.66,2.9,7.75,244.4,1.6003,80.45,98.06
Palermo,2021-11-27,38.1157,13.3615,13.68,14.82,12.29,5.83,7.75,227.4,1.3248,79.44,97.87
Palermo,2021-11-28,38.1157,13.3615,12.51,14.82,10.07,3.17,7.97,232.5,1.4794,77.79,97.64
Palermo,2021-11-29,38.1157,13.3615,9.99,11.05,8.75,13.42,10.78,262.4,1.289,79.98,97.79
Palermo,2021-11-30,38.1157,13.3615,10.7,13.25,8.23,0.36,6.17,300.6,1.7957,71.75,99.34
Palermo,2021-12-01,38.1157,13.3615,11.11,13.76,8.07,0.2,4.97,253.4,2.2846,79.56,99.36
Palermo,2021-12-02,38.1157,13.3615,12.94,15.32,11.35,0.36,8.61,202.0,2.5241,80.58,98.22
Palermo,2021-12-03,38.1157,13.3615,11.17,12.25,9.86,7.45,6.09,279.2,0.6394,84.16,97.95
Palermo,2021-12-04,38.1157,13.3615,12.36,14.4,10.58,0.31,6.19,305.2,2.2723,78.3,98.84
Palermo,2021-12-05,38.1157,13.3615,12.34,14.3,9.86,2.87,8.02,232.7,1.5538,86.33,98.37
Palermo,2021-12-06,38.1157,13.3615,10.58,11.83,9.71,6.85,8.93,275.4,1.4232,81.06,97.69
Palermo,2021-12-07,38.1157,13.3615,11.47,12.96,9.89,1.54,8.03,313.1,1.2499,75.94,98.66
Palermo,2021-12-08,38.1157,13.3615,12.07,16.28,8.6,0.04,6.3,205.4,2.3854,87.01,98.59
Palermo,2021-12-09,38.1157,13.3615,10.21,11.84,8.26,11.52,8.08,261.0,1.5593,82.04,98.26
Palermo,2021-12-10,38.1157,13.3615,11.19,13.15,8.34,24.28,8.86,247.3,1.2341,83.86,98.19
Palermo,2021-12-11,38.1157,13.3615,10.25,12.44,8.85,9.42,11.27,285.6,1.343,79.87,97.75
Palermo,2021-12-12,38.1157,13.3615,11.08,13.26,9.72,0.73,5.93,331.6,1.4993,76.71,99.0
Palermo,2021-12-13,38.1157,13.3615,10.45,13.48,8.71,0.19,3.72,354.6,2.4346,73.03,99.69
Palermo,2021-12-14,38.1157,13.3615,11.22,15.47,8.6,0.01,3.46,339.8,2.5234,84.87,99.6
Palermo,2021-12-15,38.1157,13.3615,11.01,14.6,9.11,0.03,2.97,39.9,2.5836,74.97,99.69
Palermo,2021-12-16,38.1157,13.3615,10.9,14.68,8.96,0.02,2.8,44.6,2.0585,70.09,99.83
Palermo,2021-12-17,38.1157,13.3615,10.29,14.11,8.04,0.01,3.82,14.6,1.9308,78.43,100.02
Palermo,2021-12-18,38.1157,13.3615,10.01,14.03,6.84,0.0,5.95,28.8,2.448,72.64,99.91
Palermo,2021-12-19,38.1157,13.3615,8.71,12.63,5.77,0.0,3.61,10.8,1.973,69.59,99.81
Palermo,2021-12-20,38.1157,13.3615,10.12,13.9,7.41,0.0,3.39,267.0,2.5382,84.61,99.39
Palermo,2021-12-21,38.1157,13.3615,11.2,14.09,9.44,0.02,1.76,274.6,2.5368,77.87,99.53
Palermo,2021-12-22,38.1157,13.3615,10.85,14.51,8.29,0.01,1.86,147.9,2.1542,77.44,99.57
Palermo,2021-12-23,38.1157,13.3615,10.8,14.92,8.1,0.01,1.74,112.7,2.6412,73.85,99.65
Palermo,2021-12-24,38.1157,13.3615,10.88,14.59,7.89,0.02,4.68,192.1,2.6153,89.59,99.49
Palermo,2021-12-25,38.1157,13.3615,12.74,15.4,10.97,0.01,7.18,183.7,1.5343,90.7,98.86
Palermo,2021-12-26,38.1157,13.3615,13.47,17.24,10.88,1.88,5.66,194.8,1.2643,89.72,98.6
Palermo,2021-12-27,38.1157,13.3615,13.43,15.87,11.89,5.34,5.06,234.1,1.7966,92.56,98.54
Palermo,2021-12-28,38.1157,13.3615,13.34,15.2,11.69,1.0,6.83,281.2,1.8281,90.82,98.53
Palermo,2021-12-29,38.1157,13.3615,13.88,15.94,12.37,0.18,6.53,285.1,1.4124,93.32,98.66
Palermo,2021-12-30,38.1157,13.3615,13.1,16.15,10.78,0.18,3.32,334.8,2.2092,93.56,99.12
Palermo,2021-12-31,38.1157,13.3615,12.34,16.48,9.99,0.07,3.03,19.4,2.6383,87.32,99.82
Palermo,2022-01-01,38.1157,13.3615,11.32,15.54,9.07,0.07,2.14,343.0,0.852,92.98,99.98
Palermo,2022-01-02,38.1157,13.3615,10.75,15.1,8.47,0.07,2.57,12.6,1.2233,90.34,100.02
Palermo,2022-01-03,38.1157,13.3615,10.57,14.06,8.29,0.05,2.1,316.8,1.8571,87.46,99.73
Palermo,2022-01-04,38.1157,13.3615,11.27,15.32,9.1,0.01,4.84,216.9,2.0359,92.26,99.18
Palermo,2022-01-05,38.1157,13.3615,12.28,16.65,9.27,0.0,6.43,214.8,2.7648,86.66,98.42
Palermo,2022-01-06,38.1157,13.3615,10.79,13.0,8.72,0.25,3.52,270.5,1.5094,81.32,98.37
Palermo,2022-01-07,38.1157,13.3615,9.52,10.5,8.55,1.95,3.26,343.7,1.4921,85.23,98.55
Palermo,2022-01-08,38.1157,13.3615,10.15,11.44,8.93,1.14,6.56,330.2,1.375,80.17,98.52
Palermo,2022-01-09,38.1157,13.3615,10.61,12.18,8.6,0.93,7.95,288.8,1.4222,76.47,98.19
Palermo,2022-01-10,38.1157,13.3615,9.18,10.12,8.35,4.85,8.76,324.8,1.4054,77.91,97.44
Palermo,2022-01-11,38.1157,13.3615,10.08,11.73,8.15,1.6,6.99,1.8,1.6946,80.54,98.29
Palermo,2022-01-12,38.1157,13.3615,9.55,11.89,7.61,2.62,2.69,0.4,1.4964,78.87,99.12
Palermo,2022-01-13,38.1157,13.3615,10.0,12.52,8.11,4.4,4.31,61.3,2.55,80.24,99.98
Palermo,2022-01-14,38.1157,13.3615,8.68,11.82,6.35,0.0,3.08,28.6,2.9318,71.4,100.21
Palermo,2022-01-15,38.1157,13.3615,8.79,12.76,5.71,0.0,3.64,351.4,2.6182,86.44,99.75
Palermo,2022-01-16,38.1157,13.3615,10.52,14.23,7.92,0.02,2.26,331.1,1.9289,85.98,99.89
Palermo,2022-01-17,38.1157,13.3615,10.4,13.64,8.63,0.02,3.05,309.5,2.2241,82.35,100.0
Palermo,2022-01-18,38.1157,13.3615,10.36,13.29,8.86,0.0,2.14,340.0,2.5253,74.61,100.29
Palermo,2022-01-19,38.1157,13.3615,10.75,14.3,8.55,0.03,1.99,174.7,2.9165,71.88,100.32
Palermo,2022-01-20,38.1157,13.3615,10.21,12.84,8.72,0.16,4.6,233.0,2.3148,78.76,99.78
Palermo,2022-01-21,38.1157,13.3615,9.9,12.11,8.56,0.89,5.64,275.2,2.1257,80.76,99.42
Palermo,2022-01-22,38.1157,13.3615,8.88,11.76,5.4,0.54,4.99,28.7,2.934,71.86,99.75
Palermo,2022-01-23,38.1157,13.3615,8.03,12.01,5.28,0.0,3.29,28.0,3.1946,70.46,100.12
Palermo,2022-01-24,38.1157,13.3615,7.79,10.91,5.57,0.54,4.21,20.0,2.2298,74.22,100.0
Palermo,2022-01-25,38.1157,13.3615,5.85,9.65,3.24,0.0,3.95,40.9,3.2599,65.05,100.32
Palermo,2022-01-26,38.1157,13.3615,7.59,12.27,3.62,0.0,2.64,334.5,3.1013,73.29,100.28
Palermo,2022-01-27,38.1157,13.3615,9.19,12.62,6.57,0.07,3.0,268.3,2.2762,82.62,100.13
Palermo,2022-01-28,38.1157,13.3615,9.91,12.28,8.16,0.09,3.63,283.0,2.1838,80.43,99.96
Palermo,2022-01-29,38.1157,13.3615,9.46,11.92,6.88,0.07,7.13,7.9,3.0919,68.01,99.97
Palermo,2022-01-30,38.1157,13.3615,9.57,13.76,6.33,0.0,4.57,293.6,3.4171,74.78,99.78
Palermo,2022-01-31,38.1157,13.3615,11.45,13.62,10.13,0.35,7.46,266.7,1.8511,83.06,98.77
Palermo,2022-02-01,38.1157,13.3615,10.55,11.96,8.59,2.29,10.16,341.2,2.5195,68.06,98.01
Palermo,2022-02-02,38.1157,13.3615,9.56,13.69,6.81,0.0,5.44,336.6,3.5693,73.12,98.73
Palermo,2022-02-03,38.1157,13.3615,11.1,15.21,7.75,0.01,2.88,19.8,3.5774,69.29,99.57
Palermo,2022-02-04,38.1157,13.3615,11.08,15.62,6.87,0.02,7.58,189.7,3.1123,80.58,99.45
Palermo,2022-02-05,38.1157,13.3615,11.4,15.33,9.28,0.06,4.26,261.0,3.0974,90.97,99.28
Palermo,2022-02-06,38.1157,13.3615,11.13,14.64,8.99,0.02,3.27,256.1,3.3967,87.76,99.61
Palermo,2022-02-07,38.1157,13.3615,11.42,13.08,9.03,0.16,8.25,280.5,2.7259,82.48,99.25
Palermo,2022-02-08,38.1157,13.3615,9.59,12.08,6.81,0.0,7.24,30.2,3.913,60.66,100.07
Palermo,2022-02-09,38.1157,13.3615,9.98,14.79,6.19,0.0,2.81,20.3,4.009,65.04,100.53
Palermo,2022-02-10,38.1157,13.3615,11.37,17.25,7.14,0.0,2.1,47.3,3.9137,73.63,100.21
Palermo,2022-02-11,38.1157,13.3615,11.23,16.74,7.53,0.0,1.78,215.9,4.063,78.72,99.72
Palermo,2022-02-12,38.1157,13.3615,10.84,14.74,8.23,0.0,2.06,64.9,3.3974,73.33,99.59
Palermo,2022-02-13,38.1157,13.3615,11.11,15.68,7.76,0.0,2.16,189.3,3.6809,75.82,99.76
Palermo,2022-02-14,38.1157,13.3615,11.34,14.79,9.4,0.07,5.12,184.2,3.3979,84.78,99.46
Palermo,2022-02-15,38.1157,13.3615,11.32,14.26,8.58,3.86,4.85,233.1,1.381,87.21,99.25
Palermo,2022-02-16,38.1157,13.3615,9.36,11.54,8.27,2.12,4.77,303.0,3.2462,79.59,99.15
Palermo,2022-02-17,38.1157,13.3615,10.68,14.57,7.84,0.16,2.76,308.4,3.9739,84.58,99.04
Palermo,2022-02-18,38.1157,13.3615,12.47,17.33,9.56,0.09,1.49,260.3,4.2773,84.29,99.21
Palermo,2022-02-19,38.1157,13.3615,12.61,17.07,8.87,0.1,5.37,180.4,3.6365,86.74,99.18
Palermo,2022-02-20,38.1157,13.3615,12.78,16.82,9.3,0.14,4.16,250.3,2.683,86.7,99.28
Palermo,2022-02-21,38.1157,13.3615,11.59,14.02,9.07,0.25,7.88,279.1,4.2559,82.36,99.14
Palermo,2022-02-22,38.1157,13.3615,11.76,13.92,9.56,0.84,9.93,321.6,4.1851,69.01,98.61
Palermo,2022-02-23,38.1157,13.3615,10.42,13.89,7.9,0.0,6.2,8.3,4.5835,67.84,99.52
Palermo,2022-02-24,38.1157,13.3615,11.28,16.12,7.67,0.01,3.0,136.9,4.7162,78.17,99.67
Palermo,2022-02-25,38.1157,13.3615,11.04,16.17,7.28,0.0,2.77,231.4,4.5706,80.7,99.36
Palermo,2022-02-26,38.1157,13.3615,10.24,14.36,7.83,0.21,7.35,286.1,3.5822,77.94,98.97
Palermo,2022-02-27,38.1157,13.3615,9.22,11.81,7.57,0.22,7.39,307.4,2.8966,71.44,99.21
Palermo,2022-02-28,38.1157,13.3615,9.31,12.18,7.1,0.15,3.69,352.3,3.942,74.85,99.45
Palermo,2022-03-01,38.1157,13.3615,8.08,11.86,5.59,1.35,5.13,355.6,2.4362,74.11,99.5
Palermo,2022-03-02,38.1157,13.3615,7.77,11.63,4.78,0.1,4.06,338.7,3.7517,71.0,99.57
Palermo,2022-03-03,38.1157,13.3615,8.39,11.95,5.11,0.47,2.67,227.6,2.527,80.29,99.13
Palermo,2022-03-04,38.1157,13.3615,10.9,14.99,8.0,0.27,1.67,270.3,4.7582,73.73,98.55
Palermo,2022-03-05,38.1157,13.3615,9.53,12.21,7.17,1.53,4.94,300.2,4.2444,82.81,98.29
Palermo,2022-03-06,38.1157,13.3615,8.52,11.83,5.84,0.21,4.5,300.2,4.4604,70.84,98.7
Palermo,2022-03-07,38.1157,13.3615,8.01,11.93,5.06,0.08,3.26,323.5,3.4661,70.53,98.84
Palermo,2022-03-08,38.1157,13.3615,7.93,11.55,4.73,0.12,4.44,345.1,3.8215,73.61,98.87
Palermo,2022-03-09,38.1157,13.3615,7.84,11.09,5.27,0.01,4.9,2.9,3.0866,63.79,99.39
Palermo,2022-03-10,38.1157,13.3615,9.15,13.81,5.4,0.0,2.99,321.1,5.1086,69.33,99.76
Palermo,2022-03-11,38.1157,13.3615,10.11,14.69,6.33,0.0,1.9,121.6,4.8847,69.89,99.61
Palermo,2022-03-12,38.1157,13.3615,10.28,14.03,7.62,4.18,4.23,148.2,3.7154,77.86,99.53
Palermo,2022-03-13,38.1157,13.3615,9.8,12.52,7.93,6.04,6.09,147.9,2.3484,86.51,99.59
Palermo,2022-03-14,38.1157,13.3615,11.85,16.97,7.88,0.07,3.13,145.2,5.3354,79.66,100.18
Palermo,2022-03-15,38.1157,13.3615,11.91,17.03,7.79,0.0,3.54,144.3,4.5562,77.27,100.54
Palermo,2022-03-16,38.1157,13.3615,12.7,17.21,9.35,0.02,3.57,157.0,4.5643,81.11,99.87
Palermo,2022-03-17,38.1157,13.3615,12.5,17.25,8.76,0.01,3.94,130.0,4.1506,76.44,99.29
Palermo,2022-03-18,38.1157,13.3615,13.14,17.03,10.47,0.13,5.76,112.1,3.9756,74.81,99.41
Palermo,2022-03-19,38.1157,13.3615,11.6,13.38,8.98,3.3,6.36,112.9,2.0078,80.97,99.71
Palermo,2022-03-20,38.1157,13.3615,10.12,13.11,8.06,1.09,3.05,102.2,4.1489,73.75,100.16
Palermo,2022-03-21,38.1157,13.3615,8.97,11.68,6.38,1.34,2.14,87.9,4.2283,71.0,100.3
Palermo,2022-03-22,38.1157,13.3615,8.98,13.2,5.72,0.26,3.32,64.6,5.7197,63.32,100.28
Palermo,2022-03-23,38.1157,13.3615,10.3,15.75,5.91,0.0,2.69,34.1,5.7024,61.5,100.09
Palermo,2022-03-24,38.1157,13.3615,12.09,17.01,7.95,0.0,1.49,238.3,5.6299,58.54,100.05
Palermo,2022-03-25,38.1157,13.3615,12.29,17.44,7.79,0.0,2.01,152.2,5.8855,63.61,99.94
Palermo,2022-03-26,38.1157,13.3615,13.5,18.56,9.14,0.06,5.07,136.1,3.6926,72.29,99.62
Palermo,2022-03-27,38.1157,13.3615,14.55,19.73,10.94,0.0,4.45,136.6,4.4798,72.5,99.3
Palermo,2022-03-28,38.1157,13.3615,13.61,17.24,10.97,0.13,1.9,296.5,4.7981,80.05,99.42
Palermo,2022-03-29,38.1157,13.3615,13.75,18.34,9.84,0.03,2.73,186.8,5.2246,80.08,98.98
Palermo,2022-03-30,38.1157,13.3615,14.8,19.25,12.25,9.91,9.24,171.9,2.0719,83.46,97.9
Palermo,2022-03-31,38.1157,13.3615,14.65,18.09,12.06,6.47,6.23,219.4,3.906,84.36,97.25
Palermo,2022-04-01,38.1157,13.3615,12.69,14.47,11.03,5.45,8.55,241.8,4.207,82.04,97.7
Palermo,2022-04-02,38.1157,13.3615,10.12,12.29,7.41,0.52,8.5,257.1,4.4654,68.05,98.47
Palermo,2022-04-03,38.1157,13.3615,10.59,14.09,6.87,0.07,4.75,276.4,4.9087,67.61,98.97
Palermo,2022-04-04,38.1157,13.3615,12.29,17.2,9.25,0.05,3.82,72.7,3.8093,73.61,98.76
Palermo,2022-04-05,38.1157,13.3615,13.31,17.7,9.08,0.01,2.15,35.7,5.5267,78.52,98.57
Palermo,2022-04-06,38.1157,13.3615,13.78,18.96,9.61,0.1,4.46,190.4,4.9541,77.97,98.35
Palermo,2022-04-07,38.1157,13.3615,13.53,16.07,11.54,0.63,8.6,278.2,5.9227,81.56,98.72
Palermo,2022-04-08,38.1157,13.3615,14.39,19.17,10.67,0.02,5.45,252.3,6.5318,75.28,99.03
Palermo,2022-04-09,38.1157,13.3615,14.23,18.76,10.08,0.01,6.49,240.2,6.2563,78.67,98.63
Palermo,2022-04-10,38.1157,13.3615,11.92,15.18,8.27,0.0,6.78,316.3,6.8362,66.98,99.1
Palermo,2022-04-11,38.1157,13.3615,12.59,18.21,7.67,0.0,2.12,110.0,7.0262,64.52,99.54
Palermo,2022-04-12,38.1157,13.3615,13.47,18.69,8.8,0.0,3.7,159.1,6.5436,70.3,99.3
Palermo,2022-04-13,38.1157,13.3615,13.41,18.67,8.97,0.0,3.13,125.3,6.4226,70.12,98.81
Palermo,2022-04-14,38.1157,13.3615,15.01,19.83,10.9,0.0,3.92,104.0,4.9291,72.21,98.68
Palermo,2022-04-15,38.1157,13.3615,14.59,18.1,10.68,0.0,3.58,74.4,3.5304,75.75,98.81
Palermo,2022-04-16,38.1157,13.3615,14.59,19.42,11.04,0.49,3.34,30.2,2.9525,73.29,98.54
Palermo,2022-04-17,38.1157,13.3615,12.79,16.13,10.9,7.02,5.23,347.8,2.4665,85.9,98.24
Palermo,2022-04-18,38.1157,13.3615,12.49,15.81,9.24,1.03,3.99,351.2,6.4438,69.16,98.58
Palermo,2022-04-19,38.1157,13.3615,13.1,18.42,8.4,0.29,3.14,216.9,7.2192,72.37,98.83
Palermo,2022-04-20,38.1157,13.3615,15.4,20.46,10.16,0.44,5.63,150.3,5.6357,67.33,98.37
Palermo,2022-04-21,38.1157,13.3615,15.23,19.51,10.63,0.29,6.67,166.8,2.9978,77.55,97.47
Palermo,2022-04-22,38.1157,13.3615,13.5,16.38,10.13,1.69,7.57,237.0,3.7606,86.25,97.96
Palermo,2022-04-23,38.1157,13.3615,15.83,21.33,10.99,0.02,4.14,194.1,6.1567,72.22,98.51
Palermo,2022-04-24,38.1157,13.3615,16.1,21.6,12.02,0.03,3.72,231.0,6.3931,66.91,98.63
Palermo,2022-04-25,38.1157,13.3615,15.69,20.63,11.39,0.01,2.26,289.0,7.4923,67.82,98.78
Palermo,2022-04-26,38.1157,13.3615,17.19,23.24,12.07,0.0,2.2,59.1,7.3822,67.82,98.83
Palermo,2022-04-27,38.1157,13.3615,17.77,24.44,12.61,0.0,2.52,73.2,6.8491,64.41,98.92
Palermo,2022-04-28,38.1157,13.3615,16.51,21.63,13.34,0.46,2.13,38.4,5.885,68.36,99.0
Palermo,2022-04-29,38.1157,13.3615,16.31,20.79,13.26,0.16,2.49,23.2,2.9208,70.58,99.13
Palermo,2022-04-30,38.1157,13.3615,16.38,21.19,12.41,0.26,1.37,28.5,6.6235,69.79,99.16
Palermo,2022-05-01,38.1157,13.3615,16.06,20.59,12.48,0.27,1.7,18.5,6.6017,68.73,98.91
Palermo,2022-05-02,38.1157,13.3615,15.65,20.57,11.58,0.24,2.39,319.8,7.399,68.6,98.67
Palermo,2022-05-03,38.1157,13.3615,16.39,21.43,12.65,0.08,1.63,26.2,7.3121,62.77,98.83
Palermo,2022-05-04,38.1157,13.3615,17.16,21.55,12.77,0.01,2.45,123.5,5.6016,63.8,99.11
Palermo,2022-05-05,38.1157,13.3615,19.49,24.71,13.58,0.01,8.3,139.8,5.1382,54.77,98.7
Palermo,2022-05-06,38.1157,13.3615,16.97,19.68,14.28,6.4,7.08,206.2,2.753,77.06,98.34
Palermo,2022-05-07,38.1157,13.3615,15.41,17.41,13.4,12.67,3.47,218.7,2.9227,87.37,98.34
Palermo,2022-05-08,38.1157,13.3615,15.62,18.93,12.69,3.74,2.7,283.6,6.6334,82.81,98.66
Palermo,2022-05-09,38.1157,13.3615,15.65,18.81,13.14,6.35,2.5,6.9,4.524,83.57,99.17
Palermo,2022-05-10,38.1157,13.3615,16.69,20.96,13.15,0.89,2.8,39.4,7.362,78.29,99.38
Palermo,2022-05-11,38.1157,13.3615,17.57,22.76,13.37,0.04,2.56,29.4,7.4314,69.31,99.53
Palermo,2022-05-12,38.1157,13.3615,18.35,23.76,13.89,0.0,2.51,33.5,7.3613,63.28,99.67
Palermo,2022-05-13,38.1157,13.3615,19.26,24.76,14.55,0.02,2.18,24.2,7.6656,59.16,99.52
Palermo,2022-05-14,38.1157,13.3615,19.76,25.39,15.3,0.0,1.99,24.5,7.884,53.2,99.37
Palermo,2022-05-15,38.1157,13.3615,20.3,25.92,14.63,0.0,1.72,75.3,7.9226,54.66,99.29
Palermo,2022-05-16,38.1157,13.3615,20.39,25.91,15.38,0.0,2.59,34.7,7.9574,54.92,99.38
Palermo,2022-05-17,38.1157,13.3615,20.13,26.0,14.23,0.0,3.07,44.6,7.7885,59.73,99.26
Palermo,2022-05-18,38.1157,13.3615,20.99,25.93,16.82,0.0,3.53,43.7,7.578,60.07,99.17
Palermo,2022-05-19,38.1157,13.3615,20.8,25.5,16.38,0.0,3.62,50.6,8.0249,70.43,99.65
Palermo,2022-05-20,38.1157,13.3615,19.85,25.02,15.15,0.01,2.28,27.4,8.094,69.24,100.07
Palermo,2022-05-21,38.1157,13.3615,19.61,25.47,13.98,0.0,1.92,5.5,8.1214,56.9,99.58
Palermo,2022-05-22,38.1157,13.3615,21.54,27.13,16.74,0.0,1.96,5.4,7.9622,49.19,98.92
Palermo,2022-05-23,38.1157,13.3615,24.02,30.45,18.16,0.0,1.53,173.7,7.6291,47.09,98.56
Palermo,2022-05-24,38.1157,13.3615,24.48,30.71,18.89,0.0,3.3,187.1,7.7861,43.22,98.47
Palermo,2022-05-25,38.1157,13.3615,24.07,30.52,18.75,0.01,4.9,172.0,5.6501,46.25,98.68
Palermo,2022-05-26,38.1157,13.3615,24.65,31.31,19.02,0.22,4.2,144.1,5.3047,44.27,98.99
Palermo,2022-05-27,38.1157,13.3615,23.02,28.47,18.25,0.1,4.73,160.6,4.2055,58.26,98.59
Palermo,2022-05-28,38.1157,13.3615,19.21,22.2,17.02,3.81,4.02,232.0,6.1781,81.06,98.16
Palermo,2022-05-29,38.1157,13.3615,20.83,25.64,16.24,0.15,5.31,260.3,7.8091,70.65,98.13
Palermo,2022-05-30,38.1157,13.3615,23.55,29.82,17.01,0.01,4.34,204.4,7.5646,54.88,98.56
Palermo,2022-05-31,38.1157,13.3615,25.45,31.35,19.67,0.0,3.54,206.6,7.0488,54.8,98.87
Palermo,2022-06-01,38.1157,13.3615,26.13,32.81,21.03,0.0,2.11,37.2,7.878,51.96,98.95
Palermo,2022-06-02,38.1157,13.3615,26.9,32.93,20.65,0.0,2.04,85.3,8.1144,44.59,99.03
Palermo,2022-06-03,38.1157,13.3615,28.23,34.36,22.11,0.0,1.71,161.6,7.7554,40.62,99.13
Palermo,2022-06-04,38.1157,13.3615,28.98,35.22,24.47,0.0,1.46,80.7,7.6848,39.45,99.23
Palermo,2022-06-05,38.1157,13.3615,28.07,35.29,22.53,0.02,2.13,243.2,7.6882,47.79,99.14
Palermo,2022-06-06,38.1157,13.3615,24.64,29.14,20.76,0.04,3.21,302.8,7.4623,66.64,99.03
Palermo,2022-06-07,38.1157,13.3615,25.1,31.02,19.64,0.01,2.31,340.0,8.1802,55.75,98.77
Palermo,2022-06-08,38.1157,13.3615,25.21,30.22,20.76,0.0,2.69,299.0,7.9771,51.51,98.61
Palermo,2022-06-09,38.1157,13.3615,22.43,24.95,19.71,0.05,6.5,269.3,6.1042,72.18,98.33
Palermo,2022-06-10,38.1157,13.3615,21.63,24.32,19.5,0.94,7.07,320.2,7.5578,74.69,98.44
Palermo,2022-06-11,38.1157,13.3615,22.87,27.4,19.01,0.08,4.18,335.7,8.1674,70.49,99.0
Palermo,2022-06-12,38.1157,13.3615,23.21,28.49,18.57,0.01,3.28,355.4,8.0023,64.05,99.1
Palermo,2022-06-13,38.1157,13.3615,23.66,28.57,18.87,0.0,3.48,352.4,8.1082,62.82,98.96
Palermo,2022-06-14,38.1157,13.3615,25.01,30.6,19.85,0.0,2.57,49.8,8.1768,50.23,99.0
Palermo,2022-06-15,38.1157,13.3615,26.04,31.48,20.78,0.0,1.86,52.7,8.2325,50.37,99.2
Palermo,2022-06-16,38.1157,13.3615,26.32,31.46,21.53,0.79,2.05,52.2,6.9163,49.24,99.18
Palermo,2022-06-17,38.1157,13.3615,26.66,31.69,22.44,0.0,2.28,12.0,8.039,50.62,99.19
Palermo,2022-06-18,38.1157,13.3615,24.86,29.32,20.45,1.28,4.33,46.8,7.7645,62.25,99.0
Palermo,2022-06-19,38.1157,13.3615,25.4,29.83,20.76,0.04,1.99,113.7,7.9538,54.76,98.96
Palermo,2022-06-20,38.1157,13.3615,26.02,30.37,21.98,0.0,1.67,296.8,8.2224,49.09,99.04
Palermo,2022-06-21,38.1157,13.3615,26.96,32.23,21.96,0.0,1.39,235.8,7.6469,46.25,99.01
Palermo,2022-06-22,38.1157,13.3615,28.03,34.12,22.43,0.0,2.42,221.2,7.663,43.95,98.83
Palermo,2022-06-23,38.1157,13.3615,28.55,33.7,23.16,0.0,2.4,260.8,7.7611,43.04,98.9
Palermo,2022-06-24,38.1157,13.3615,28.82,34.06,23.24,0.0,2.48,357.4,7.7088,48.72,98.86
Palermo,2022-06-25,38.1157,13.3615,29.87,36.76,23.67,0.0,1.87,172.0,7.699,43.41,98.84
Palermo,2022-06-26,38.1157,13.3615,30.47,37.3,23.85,0.0,3.38,167.6,7.6567,34.52,98.85
Palermo,2022-06-27,38.1157,13.3615,31.09,37.23,24.46,0.0,3.97,181.3,7.8422,35.77,98.93
Palermo,2022-06-28,38.1157,13.3615,30.24,37.82,23.99,0.01,3.04,210.3,7.8689,43.76,98.86
Palermo,2022-06-29,38.1157,13.3615,27.03,32.36,22.7,0.02,3.16,342.0,7.3166,68.25,98.7
Palermo,2022-06-30,38.1157,13.3615,28.21,34.6,21.52,0.0,2.51,41.0,7.6546,58.65,98.63
Palermo,2022-07-01,38.1157,13.3615,30.27,37.5,25.39,0.0,2.31,184.9,6.2472,47.36,98.82
Palermo,2022-07-02,38.1157,13.3615,28.53,34.11,23.23,0.01,3.8,339.4,7.9442,58.62,99.06
Palermo,2022-07-03,38.1157,13.3615,28.02,34.57,22.08,0.0,3.36,28.3,7.681,58.43,99.03
Palermo,2022-07-04,38.1157,13.3615,29.03,34.96,24.8,0.0,2.6,34.6,7.7743,47.73,98.96
Palermo,2022-07-05,38.1157,13.3615,29.78,36.02,24.66,0.03,2.41,346.9,7.717,43.46,98.99
Palermo,2022-07-06,38.1157,13.3615,29.66,36.16,24.11,0.01,2.59,6.7,7.5413,46.98,98.98
Palermo,2022-07-07,38.1157,13.3615,30.24,35.64,25.71,0.07,2.17,301.2,7.4669,48.6,98.9
Palermo,2022-07-08,38.1157,13.3615,26.81,30.41,23.81,0.16,4.6,332.7,7.644,67.76,98.89
Palermo,2022-07-09,38.1157,13.3615,25.66,29.23,22.46,0.0,5.26,13.3,7.9123,56.62,99.09
Palermo,2022-07-10,38.1157,13.3615,25.46,29.69,21.73,0.0,3.63,347.1,7.8463,57.37,98.92
Palermo,2022-07-11,38.1157,13.3615,26.07,30.77,21.2,0.0,3.75,47.8,8.1658,51.77,99.07
Palermo,2022-07-12,38.1157,13.3615,27.11,31.7,22.55,0.0,2.28,242.3,8.0465,47.53,99.41
Palermo,2022-07-13,38.1157,13.3615,27.34,32.07,23.15,0.0,2.25,22.1,7.7748,48.76,99.41
Palermo,2022-07-14,38.1157,13.3615,26.49,31.7,21.67,0.0,3.48,40.5,8.011,51.41,99.27
Palermo,2022-07-15,38.1157,13.3615,26.46,32.1,21.12,0.0,3.1,38.9,7.9723,52.29,98.96
Palermo,2022-07-16,38.1157,13.3615,27.7,33.53,22.28,0.0,2.34,36.3,7.9627,51.95,99.03
Palermo,2022-07-17,38.1157,13.3615,29.22,34.56,24.32,0.0,2.19,20.4,7.9428,51.17,99.19
Palermo,2022-07-18,38.1157,13.3615,29.72,35.49,24.47,0.38,1.9,27.3,7.613,51.17,99.21
Palermo,2022-07-19,38.1157,13.3615,29.55,34.03,25.7,2.48,2.03,353.4,7.4309,52.85,99.16
Palermo,2022-07-20,38.1157,13.3615,29.11,34.17,24.13,0.01,2.24,28.1,7.3133,50.89,99.15
Palermo,2022-07-21,38.1157,13.3615,29.1,34.2,24.64,0.0,3.05,34.5,7.7323,49.96,99.12
Palermo,2022-07-22,38.1157,13.3615,29.55,34.71,24.85,0.0,2.85,43.2,7.4455,48.26,99.11
Palermo,2022-07-23,38.1157,13.3615,30.1,35.05,25.18,0.01,2.01,36.4,7.4201,45.94,99.15
Palermo,2022-07-24,38.1157,13.3615,30.53,35.64,26.55,0.0,2.05,16.5,7.703,43.86,99.1
Palermo,2022-07-25,38.1157,13.3615,29.96,35.44,24.95,0.0,2.67,13.1,7.6567,43.06,98.9
Palermo,2022-07-26,38.1157,13.3615,29.01,34.36,24.1,0.0,2.84,355.8,7.5727,51.1,98.63
Palermo,2022-07-27,38.1157,13.3615,30.21,35.83,25.22,0.03,2.16,11.4,7.5307,42.24,98.45
Palermo,2022-07-28,38.1157,13.3615,29.81,35.31,24.54,0.02,3.03,32.9,7.5398,48.67,98.62
Palermo,2022-07-29,38.1157,13.3615,29.36,34.49,24.59,0.0,2.3,23.5,7.5809,52.61,98.87
Palermo,2022-07-30,38.1157,13.3615,30.09,35.65,25.69,0.01,2.3,326.8,7.5468,48.9,98.87
Palermo,2022-07-31,38.1157,13.3615,28.55,33.3,24.55,0.01,3.2,0.4,7.2773,58.37,98.82
Palermo,2022-08-01,38.1157,13.3615,28.41,32.94,24.1,0.01,3.46,25.0,7.3462,53.38,98.76
Palermo,2022-08-02,38.1157,13.3615,28.18,32.83,24.2,0.0,4.49,25.3,7.5922,53.44,98.79
Palermo,2022-08-03,38.1157,13.3615,29.02,34.18,24.45,0.05,2.7,27.5,7.2619,51.1,98.82
Palermo,2022-08-04,38.1157,13.3615,29.54,34.4,24.84,1.01,1.96,45.7,7.1808,48.3,98.91
Palermo,2022-08-05,38.1157,13.3615,29.8,34.68,25.42,0.1,1.93,29.0,7.3522,43.92,98.9
Palermo,2022-08-06,38.1157,13.3615,29.58,34.58,25.63,0.01,2.22,0.8,7.3133,36.47,98.78
Palermo,2022-08-07,38.1157,13.3615,28.73,33.94,24.55,0.32,3.31,14.1,6.4982,52.48,98.66
Palermo,2022-08-08,38.1157,13.3615,29.1,34.03,25.05,0.73,2.78,14.0,6.5791,54.74,98.75
Palermo,2022-08-09,38.1157,13.3615,28.72,33.19,25.17,2.12,2.29,360.0,6.7385,54.9,98.86
Palermo,2022-08-10,38.1157,13.3615,27.47,31.51,24.47,3.3,2.02,3.1,5.6777,58.85,98.88
Palermo,2022-08-11,38.1157,13.3615,27.21,31.2,23.94,5.99,2.45,38.2,6.6362,62.72,98.82
Palermo,2022-08-12,38.1157,13.3615,26.33,29.94,24.0,3.24,2.86,314.6,5.7362,64.9,98.75
Palermo,2022-08-13,38.1157,13.3615,27.06,31.09,23.8,0.71,3.29,267.5,6.7068,66.5,98.67
Palermo,2022-08-14,38.1157,13.3615,26.97,31.14,23.69,0.14,2.96,348.9,6.9564,65.39,98.53
Palermo,2022-08-15,38.1157,13.3615,28.86,34.42,23.79,0.02,3.98,187.4,6.0859,52.88,98.45
Palermo,2022-08-16,38.1157,13.3615,29.87,34.0,25.64,0.29,4.57,226.1,6.4063,57.28,98.66
Palermo,2022-08-17,38.1157,13.3615,31.58,38.03,25.98,0.01,3.73,189.4,5.9762,44.78,98.67
Palermo,2022-08-18,38.1157,13.3615,31.25,37.17,26.7,0.07,6.54,181.8,5.8738,49.1,98.5
Palermo,2022-08-19,38.1157,13.3615,27.39,30.74,25.15,0.03,5.54,300.0,5.7115,64.32,98.72
Palermo,2022-08-20,38.1157,13.3615,26.82,30.29,24.0,0.01,4.99,307.1,6.6314,59.83,98.79
Palermo,2022-08-21,38.1157,13.3615,26.41,30.55,22.99,0.01,3.68,315.1,6.665,64.19,98.57
Palermo,2022-08-22,38.1157,13.3615,25.94,30.21,22.91,0.46,2.33,328.3,6.2016,60.65,98.31
Palermo,2022-08-23,38.1157,13.3615,26.52,31.26,22.96,0.13,1.89,347.0,6.7442,57.41,98.54
Palermo,2022-08-24,38.1157,13.3615,26.17,30.54,22.71,0.53,2.8,323.7,6.025,61.98,98.74
Palermo,2022-08-25,38.1157,13.3615,26.37,30.68,23.21,0.62,2.98,4.4,6.5506,62.65,98.7
Palermo,2022-08-26,38.1157,13.3615,26.39,30.96,22.78,0.34,2.69,326.6,6.528,62.14,98.56
Palermo,2022-08-27,38.1157,13.3615,26.66,30.98,22.51,0.28,2.41,293.8,6.2834,60.95,98.6
Palermo,2022-08-28,38.1157,13.3615,26.3,29.63,23.63,4.17,2.12,216.8,5.7629,64.41,98.82
Palermo,2022-08-29,38.1157,13.3615,26.44,30.91,22.97,0.22,2.45,18.8,6.5414,64.42,99.07
Palermo,2022-08-30,38.1157,13.3615,26.54,31.58,22.57,0.0,2.52,4.1,6.4778,57.98,99.18
Palermo,2022-08-31,38.1157,13.3615,26.92,32.67,22.74,0.11,2.61,253.8,6.1202,56.83,98.99
Palermo,2022-09-01,38.1157,13.3615,26.37,29.83,23.52,0.58,4.66,283.2,5.7067,65.86,98.75
Palermo,2022-09-02,38.1157,13.3615,26.69,31.1,22.8,0.18,2.58,303.6,6.1798,62.94,98.84
Palermo,2022-09-03,38.1157,13.3615,27.58,32.44,23.09,0.03,4.44,192.2,5.6484,55.38,99.0
Palermo,2022-09-04,38.1157,13.3615,27.49,32.61,23.63,0.02,4.11,263.2,5.9846,65.72,99.26
Palermo,2022-09-05,38.1157,13.3615,28.36,33.69,23.65,0.0,2.65,66.1,6.2491,57.26,99.37
Palermo,2022-09-06,38.1157,13.3615,27.63,32.81,23.72,0.1,1.74,195.9,5.9426,63.85,99.34
Palermo,2022-09-07,38.1157,13.3615,27.74,32.56,24.13,0.1,4.02,199.0,5.5978,68.58,99.1
Palermo,2022-09-08,38.1157,13.3615,28.36,33.34,24.68,0.42,5.58,193.3,5.6791,69.51,98.96
Palermo,2022-09-09,38.1157,13.3615,28.31,33.25,24.7,0.24,3.89,215.6,5.4737,69.4,99.0
Palermo,2022-09-10,38.1157,13.3615,27.45,32.79,23.35,0.06,2.61,288.9,6.1049,62.57,99.06
Palermo,2022-09-11,38.1157,13.3615,26.12,30.99,22.61,0.01,3.8,311.0,6.1342,65.32,98.97
Palermo,2022-09-12,38.1157,13.3615,25.59,30.21,22.26,0.0,3.31,3.1,6.0833,60.04,98.89
Palermo,2022-09-13,38.1157,13.3615,25.46,31.17,20.59,0.05,2.92,47.0,6.1332,53.89,98.89
Palermo,2022-09-14,38.1157,13.3615,26.83,32.31,21.44,0.01,3.73,176.1,5.8375,59.95,98.94
Palermo,2022-09-15,38.1157,13.3615,26.92,32.08,23.07,0.08,6.16,180.3,5.291,66.47,98.78
Palermo,2022-09-16,38.1157,13.3615,27.56,33.11,23.54,0.42,4.07,201.0,4.1815,66.13,98.53
Palermo,2022-09-17,38.1157,13.3615,25.85,29.58,22.83,0.55,6.77,266.9,5.3201,68.23,98.36
Palermo,2022-09-18,38.1157,13.3615,23.03,27.34,19.76,0.0,3.41,356.8,5.9258,52.83,98.83
Palermo,2022-09-19,38.1157,13.3615,24.27,29.39,19.39,0.0,2.65,229.0,5.64,50.66,98.8
Palermo,2022-09-20,38.1157,13.3615,25.03,30.26,21.27,0.02,2.34,7.6,5.7041,53.35,98.7
Palermo,2022-09-21,38.1157,13.3615,23.73,28.2,21.02,0.72,2.54,7.2,4.9985,62.03,98.85
Palermo,2022-09-22,38.1157,13.3615,22.72,26.06,20.34,5.4,1.87,76.8,3.6019,61.11,98.97
Palermo,2022-09-23,38.1157,13.3615,20.97,24.96,17.71,0.24,4.36,41.1,5.4156,54.52,99.13
Palermo,2022-09-24,38.1157,13.3615,21.64,25.6,17.69,0.14,5.47,190.6,5.3035,60.99,99.28
Palermo,2022-09-25,38.1157,13.3615,23.46,27.01,20.53,4.74,8.41,192.4,4.9246,68.67,98.92
Palermo,2022-09-26,38.1157,13.3615,22.67,24.41,20.65,36.81,6.86,215.2,2.5006,86.42,98.46
Palermo,2022-09-27,38.1157,13.3615,21.96,24.47,20.09,0.87,6.03,269.0,4.8874,72.16,98.38
Palermo,2022-09-28,38.1157,13.3615,21.22,24.37,18.94,0.38,6.06,264.5,4.3159,71.67,98.37
Palermo,2022-09-29,38.1157,13.3615,22.2,26.05,19.27,0.97,6.83,221.7,4.4897,69.32,98.25
Palermo,2022-09-30,38.1157,13.3615,23.51,28.06,20.48,2.21,5.69,173.5,3.9394,78.75,98.44
Palermo,2022-10-01,38.1157,13.3615,21.83,25.26,18.61,0.33,5.08,324.2,4.4762,72.39,99.35
Palermo,2022-10-02,38.1157,13.3615,21.08,25.39,17.76,0.0,3.73,309.2,5.0131,67.69,99.77
Palermo,2022-10-03,38.1157,13.3615,21.21,25.43,17.8,0.0,4.0,317.9,4.5492,77.84,99.21
Palermo,2022-10-04,38.1157,13.3615,21.9,26.88,17.83,0.01,2.27,61.8,4.9411,69.66,99.32
Palermo,2022-10-05,38.1157,13.3615,21.8,26.52,18.18,0.01,1.76,60.2,5.1564,57.22,99.83
Palermo,2022-10-06,38.1157,13.3615,21.02,26.09,17.73,0.0,2.58,48.1,4.6625,56.01,99.94
Palermo,2022-10-07,38.1157,13.3615,20.61,25.56,16.64,0.0,1.83,86.6,4.9346,62.13,99.66
Palermo,2022-10-08,38.1157,13.3615,21.05,25.85,16.91,0.03,3.03,204.2,4.7686,70.59,99.39
Palermo,2022-10-09,38.1157,13.3615,21.31,24.46,18.81,12.37,3.89,176.6,3.492,83.11,99.24
Palermo,2022-10-10,38.1157,13.3615,21.42,25.08,19.21,8.51,3.2,204.3,3.3468,81.06,99.2
Palermo,2022-10-11,38.1157,13.3615,21.4,25.96,18.74,1.18,1.97,45.0,4.4587,71.17,99.26
Palermo,2022-10-12,38.1157,13.3615,21.07,24.79,18.58,3.71,2.23,143.7,4.0363,75.68,99.29
Palermo,2022-10-13,38.1157,13.3615,20.77,22.74,19.3,29.59,5.69,232.3,2.1526,89.1,99.18
Palermo,2022-10-14,38.1157,13.3615,20.33,23.21,18.53,2.21,6.36,320.0,3.9218,76.12,99.1
Palermo,2022-10-15,38.1157,13.3615,19.92,23.25,17.64,3.38,2.71,333.3,3.9458,78.59,99.15
Palermo,2022-10-16,38.1157,13.3615,20.51,25.56,16.54,0.08,1.8,90.6,4.4623,70.41,99.57
Palermo,2022-10-17,38.1157,13.3615,20.79,24.87,18.23,1.24,1.62,126.4,4.1388,75.09,100.05
Palermo,2022-10-18,38.1157,13.3615,19.94,24.76,16.78,0.09,2.26,27.7,4.2881,71.01,99.96
Palermo,2022-10-19,38.1157,13.3615,19.53,24.13,16.53,0.05,2.92,12.0,3.9766,76.6,99.48
Palermo,2022-10-20,38.1157,13.3615,19.8,25.25,16.1,0.0,2.46,40.9,4.2823,77.09,99.39
Palermo,2022-10-21,38.1157,13.3615,20.01,24.57,16.89,0.01,3.57,184.2,4.1407,75.7,99.61
Palermo,2022-10-22,38.1157,13.3615,20.49,25.42,16.61,0.01,3.5,187.8,4.1623,79.23,99.73
Palermo,2022-10-23,38.1157,13.3615,20.54,25.9,17.0,0.0,2.59,182.9,4.1023,76.76,99.78
Palermo,2022-10-24,38.1157,13.3615,20.74,26.58,16.33,0.0,3.77,188.0,4.2158,75.25,99.68
Palermo,2022-10-25,38.1157,13.3615,21.86,28.79,17.1,0.01,2.36,173.7,4.0826,60.46,99.55
Palermo,2022-10-26,38.1157,13.3615,22.91,29.13,18.82,0.0,1.64,76.0,3.9156,50.86,99.62
Palermo,2022-10-27,38.1157,13.3615,22.31,28.34,18.76,0.0,2.52,77.6,3.7488,55.49,99.88
Palermo,2022-10-28,38.1157,13.3615,21.66,26.67,18.91,0.0,1.5,120.5,3.7087,59.25,99.86
Palermo,2022-10-29,38.1157,13.3615,20.07,24.79,17.11,0.0,1.6,171.4,3.6881,77.01,99.74
Palermo,2022-10-30,38.1157,13.3615,19.33,23.72,16.84,0.0,2.0,6.0,3.7826,74.14,99.6
Palermo,2022-10-31,38.1157,13.3615,19.05,24.32,15.41,0.0,2.01,46.8,3.8479,68.28,99.6
Palermo,2022-11-01,38.1157,13.3615,19.8,25.28,16.5,0.0,1.47,22.1,3.7279,61.69,99.71
Palermo,2022-11-02,38.1157,13.3615,19.55,24.08,16.63,0.0,1.03,350.0,3.6274,67.94,99.74
Palermo,2022-11-03,38.1157,13.3615,19.43,24.12,16.57,0.01,1.92,219.9,3.5304,71.62,99.48
Palermo,2022-11-04,38.1157,13.3615,19.26,21.66,16.92,8.5,6.49,204.1,1.8254,87.44,98.67
Palermo,2022-11-05,38.1157,13.3615,16.1,17.72,14.4,5.59,6.59,291.6,1.6322,74.61,98.06
Palermo,2022-11-06,38.1157,13.3615,17.16,19.71,14.99,0.33,6.82,327.3,2.3026,70.86,98.76
Palermo,2022-11-07,38.1157,13.3615,17.04,21.21,14.01,0.0,2.65,321.2,3.198,66.69,99.46
Palermo,2022-11-08,38.1157,13.3615,17.04,21.3,14.05,0.0,1.6,159.0,3.5335,66.9,99.5
Palermo,2022-11-09,38.1157,13.3615,17.49,22.74,13.19,0.0,2.67,167.1,3.4246,77.02,99.43
Palermo,2022-11-10,38.1157,13.3615,18.34,22.33,15.92,0.02,2.51,120.2,2.7346,81.43,99.62
Palermo,2022-11-11,38.1157,13.3615,18.14,22.21,15.51,0.02,2.39,53.8,2.9549,74.89,100.06
Palermo,2022-11-12,38.1157,13.3615,17.05,19.86,15.3,0.54,3.1,27.3,1.8266,74.76,99.77
Palermo,2022-11-13,38.1157,13.3615,16.8,19.92,14.75,3.75,3.12,210.2,2.9551,71.21,99.41
Palermo,2022-11-14,38.1157,13.3615,17.33,19.9,15.51,4.71,3.35,230.1,2.3506,77.51,99.44
Palermo,2022-11-15,38.1157,13.3615,16.97,21.17,14.15,0.34,3.98,180.0,3.0691,74.69,99.22
Palermo,2022-11-16,38.1157,13.3615,18.07,21.81,15.59,2.66,5.85,229.0,2.6263,81.76,98.47
Palermo,2022-11-17,38.1157,13.3615,17.78,20.35,16.4,5.58,5.25,252.8,2.6993,87.38,98.17
Palermo,2022-11-18,38.1157,13.3615,18.47,21.26,16.61,2.3,6.9,242.2,2.5284,90.22,98.22
Palermo,2022-11-19,38.1157,13.3615,17.56,20.5,14.93,1.18,6.91,214.9,1.7909,85.52,98.13
Palermo,2022-11-20,38.1157,13.3615,14.64,15.49,13.84,14.2,5.8,276.8,0.9962,83.86,98.3
Palermo,2022-11-21,38.1157,13.3615,15.46,17.67,13.42,2.27,7.54,270.8,2.4528,76.5,98.83
Palermo,2022-11-22,38.1157,13.3615,15.11,15.91,14.3,7.27,11.98,241.0,1.5936,70.65,97.98
Palermo,2022-11-23,38.1157,13.3615,15.48,17.46,14.03,4.97,6.93,276.6,1.662,80.29,98.22
Palermo,2022-11-24,38.1157,13.3615,15.74,18.8,13.31,0.34,5.46,301.8,2.8027,79.42,98.88
Palermo,2022-11-25,38.1157,13.3615,14.69,18.03,12.94,0.04,3.08,222.6,2.61,77.27,99.34
Palermo,2022-11-26,38.1157,13.3615,14.84,16.48,12.93,10.91,5.56,251.1,1.4846,86.15,98.61
Palermo,2022-11-27,38.1157,13.3615,14.47,16.63,11.88,2.22,8.77,40.7,1.6349,80.72,98.97
Palermo,2022-11-28,38.1157,13.3615,13.59,16.44,11.55,0.24,1.46,30.2,2.0693,70.92,98.94
Palermo,2022-11-29,38.1157,13.3615,12.54,14.15,11.5,6.7,2.18,137.7,0.3751,83.81,98.25
Palermo,2022-11-30,38.1157,13.3615,11.38,13.0,10.36,2.53,3.2,326.3,1.3754,83.75,98.23
Palermo,2022-12-01,38.1157,13.3615,12.69,15.56,10.78,0.31,2.91,302.4,1.8473,77.92,98.84
Palermo,2022-12-02,38.1157,13.3615,13.65,16.57,10.85,0.38,4.88,171.9,1.6229,84.38,98.98
Palermo,2022-12-03,38.1157,13.3615,15.7,18.75,13.85,0.9,7.0,159.1,1.3632,82.4,98.52
Palermo,2022-12-04,38.1157,13.3615,14.47,19.14,11.4,0.03,2.85,191.6,2.6203,83.37,99.04
Palermo,2022-12-05,38.1157,13.3615,13.49,18.59,10.27,0.0,3.17,180.7,2.4979,82.62,99.44
Palermo,2022-12-06,38.1157,13.3615,14.55,18.66,11.44,0.11,5.49,171.7,1.4117,88.07,98.87
Palermo,2022-12-07,38.1157,13.3615,13.92,17.97,11.86,0.13,3.09,241.7,2.0789,88.62,98.56
Palermo,2022-12-08,38.1157,13.3615,13.78,17.5,11.01,0.96,4.48,204.2,2.4905,89.76,98.72
Palermo,2022-12-09,38.1157,13.3615,16.03,18.09,14.12,0.21,7.91,184.3,0.8866,88.97,98.35
Palermo,2022-12-10,38.1157,13.3615,16.03,17.23,15.18,5.95,7.7,223.1,0.6766,89.6,97.7
Palermo,2022-12-11,38.1157,13.3615,14.32,16.24,12.77,2.28,8.31,275.5,2.0798,77.0,98.05
Palermo,2022-12-12,38.1157,13.3615,13.46,16.14,10.79,4.03,4.33,280.2,1.662,83.27,98.23
Palermo,2022-12-13,38.1157,13.3615,15.28,18.09,10.93,5.84,7.17,229.8,2.0054,92.18,98.23
Palermo,2022-12-14,38.1157,13.3615,16.58,19.18,14.86,0.47,7.21,223.7,2.0743,89.7,98.15
Palermo,2022-12-15,38.1157,13.3615,16.89,20.95,13.94,0.26,6.32,182.9,2.2306,84.22,98.3
Palermo,2022-12-16,38.1157,13.3615,16.78,20.43,12.94,0.16,4.54,205.4,1.5166,89.67,98.32
Palermo,2022-12-17,38.1157,13.3615,14.21,17.16,12.42,0.06,2.85,269.1,2.2802,86.88,99.23
Palermo,2022-12-18,38.1157,13.3615,13.89,17.34,11.43,0.11,1.42,27.0,2.6074,83.64,100.07
Palermo,2022-12-19,38.1157,13.3615,13.09,17.15,10.95,0.04,2.11,48.5,2.6009,81.99,100.46
Palermo,2022-12-20,38.1157,13.3615,12.41,16.27,9.62,0.03,1.66,69.1,2.4482,76.81,100.2
Palermo,2022-12-21,38.1157,13.3615,12.32,15.83,10.64,0.01,2.0,232.4,2.2589,79.27,99.64
Palermo,2022-12-22,38.1157,13.3615,13.09,16.26,11.28,0.15,2.86,290.7,1.9486,87.67,99.39
Palermo,2022-12-23,38.1157,13.3615,13.93,17.09,11.82,0.01,4.54,281.8,1.5338,91.8,99.34
Palermo,2022-12-24,38.1157,13.3615,14.44,17.8,12.93,0.05,3.59,271.4,1.8617,93.94,99.37
Palermo,2022-12-25,38.1157,13.3615,15.38,20.33,12.99,0.01,2.09,229.1,2.609,85.81,99.78
Palermo,2022-12-26,38.1157,13.3615,14.71,20.27,11.59,0.06,3.2,185.4,2.658,74.79,100.16
Palermo,2022-12-27,38.1157,13.3615,14.32,19.53,11.61,0.08,2.94,219.9,2.4564,84.39,100.1
Palermo,2022-12-28,38.1157,13.3615,13.73,18.33,11.1,0.05,1.78,276.9,2.6777,80.69,100.02
Palermo,2022-12-29,38.1157,13.3615,12.72,17.93,9.04,0.05,3.48,174.4,2.5507,82.82,99.89
Palermo,2022-12-30,38.1157,13.3615,13.57,18.01,11.09,0.06,3.85,222.3,2.3369,90.25,99.94
Palermo,2022-12-31,38.1157,13.3615,13.62,17.55,11.33,0.04,2.01,284.6,2.4396,84.18,100.33
Palermo,2023-01-01,38.1157,13.3615,13.94,18.56,10.86,0.01,1.5,132.5,2.5802,77.56,100.36
Palermo,2023-01-02,38.1157,13.3615,13.47,17.56,10.84,0.01,2.52,170.9,2.6998,84.19,100.31
Palermo,2023-01-03,38.1157,13.3615,13.72,17.11,11.73,0.04,2.94,196.6,2.6952,86.65,100.26
Palermo,2023-01-04,38.1157,13.3615,13.0,16.61,11.23,0.02,1.84,213.0,2.5548,82.84,100.15
Palermo,2023-01-05,38.1157,13.3615,12.2,16.08,10.43,0.01,1.77,16.1,2.112,81.82,99.92
Palermo,2023-01-06,38.1157,13.3615,12.39,16.51,10.19,0.02,1.66,47.4,2.6141,81.94,99.79
Palermo,2023-01-07,38.1157,13.3615,12.08,16.38,9.67,0.05,2.04,38.8,1.7232,82.59,99.75
Palermo,2023-01-08,38.1157,13.3615,11.96,15.97,9.84,0.14,3.31,238.3,2.7485,86.35,99.59
Palermo,2023-01-09,38.1157,13.3615,13.12,15.89,9.63,2.83,8.02,223.1,0.9854,85.62,98.95
Palermo,2023-01-10,38.1157,13.3615,12.36,13.93,10.75,1.14,10.36,307.5,2.1252,68.33,99.07
Palermo,2023-01-11,38.1157,13.3615,11.25,14.81,9.15,0.01,4.84,320.5,2.6112,68.39,99.51
Palermo,2023-01-12,38.1157,13.3615,12.25,15.2,8.98,1.0,5.11,306.3,2.2982,86.6,99.33
Palermo,2023-01-13,38.1157,13.3615,11.98,14.8,9.95,0.04,2.73,304.3,2.1257,75.75,99.58
Palermo,2023-01-14,38.1157,13.3615,12.47,15.01,9.98,0.12,3.94,329.4,2.5207,82.78,99.5
Palermo,2023-01-15,38.1157,13.3615,11.68,15.78,9.46,0.0,4.22,249.3,2.538,81.55,99.37
Palermo,2023-01-16,38.1157,13.3615,12.69,15.25,9.66,2.78,7.74,242.1,1.9135,87.35,98.5
Palermo,2023-01-17,38.1157,13.3615,14.15,16.95,12.48,0.38,9.27,219.9,1.944,77.56,97.73
Palermo,2023-01-18,38.1157,13.3615,13.47,16.7,9.6,5.18,7.86,224.0,2.0741,81.42,97.6
Palermo,2023-01-19,38.1157,13.3615,9.47,10.84,8.04,5.33,7.24,269.1,1.2202,75.3,98.17
Palermo,2023-01-20,38.1157,13.3615,9.48,12.11,7.95,4.56,10.98,244.0,1.0589,75.76,98.01
Palermo,2023-01-21,38.1157,13.3615,8.96,10.78,7.63,1.98,8.92,258.7,1.908,73.53,98.25
Palermo,2023-01-22,38.1157,13.3615,7.85,9.39,6.57,1.45,5.14,237.4,1.7693,81.54,98.49
Palermo,2023-01-23,38.1157,13.3615,7.92,10.88,5.98,2.27,4.65,222.1,1.861,81.22,99.02
Palermo,2023-01-24,38.1157,13.3615,8.51,12.46,5.47,4.93,3.85,127.9,2.7365,78.67,99.46
Palermo,2023-01-25,38.1157,13.3615,8.55,12.6,5.28,3.14,2.77,227.7,2.2625,77.2,98.89
Palermo,2023-01-26,38.1157,13.3615,7.67,9.82,6.37,5.19,2.88,250.3,1.7952,79.58,98.15
Palermo,2023-01-27,38.1157,13.3615,8.59,10.66,6.48,4.02,2.87,307.4,1.6987,86.14,98.0
Palermo,2023-01-28,38.1157,13.3615,8.16,9.02,7.52,3.7,1.78,280.4,2.6731,84.98,98.54
Palermo,2023-01-29,38.1157,13.3615,9.84,12.56,7.63,1.04,1.89,89.7,3.0509,73.94,99.09
Palermo,2023-01-30,38.1157,13.3615,9.54,12.69,7.34,0.06,3.65,339.4,2.6038,76.13,99.45
Palermo,2023-01-31,38.1157,13.3615,10.17,12.65,7.74,0.08,5.98,321.3,2.0362,74.37,99.48
Palermo,2023-02-01,38.1157,13.3615,9.95,13.93,7.63,0.03,2.46,275.1,3.5825,63.84,99.84
Palermo,2023-02-02,38.1157,13.3615,10.7,13.32,8.46,0.09,2.77,290.1,2.4698,79.18,99.72
Palermo,2023-02-03,38.1157,13.3615,10.57,15.0,7.13,0.0,2.6,36.7,3.6466,75.23,100.04
Palermo,2023-02-04,38.1157,13.3615,10.39,14.27,6.57,0.02,4.41,292.0,3.0302,86.37,99.61
Palermo,2023-02-05,38.1157,13.3615,8.81,11.46,4.8,0.01,8.14,35.8,3.295,63.62,99.89
Palermo,2023-02-06,38.1157,13.3615,6.32,9.32,3.51,0.05,4.91,53.2,2.9803,66.6,99.94
Palermo,2023-02-07,38.1157,13.3615,7.13,10.61,4.88,0.16,5.07,74.4,2.8286,69.24,100.04
Palermo,2023-02-08,38.1157,13.3615,6.66,8.11,5.52,2.37,5.38,74.6,1.6608,77.96,99.84
Palermo,2023-02-09,38.1157,13.3615,7.52,9.17,6.25,7.69,4.12,67.0,0.5522,90.79,99.54
Palermo,2023-02-10,38.1157,13.3615,8.02,10.18,6.02,28.5,10.24,44.0,1.6505,85.56,99.9
Palermo,2023-02-11,38.1157,13.3615,9.71,13.7,7.37,0.15,2.15,39.1,3.3905,70.75,100.55
Palermo,2023-02-12,38.1157,13.3615,9.57,13.13,5.86,0.57,3.82,358.9,3.2983,80.34,100.46
Palermo,2023-02-13,38.1157,13.3615,9.76,12.99,7.45,0.16,3.72,45.9,3.4699,70.47,100.55
Palermo,2023-02-14,38.1157,13.3615,9.34,13.62,6.96,0.0,2.45,357.9,3.8218,75.15,100.62
Palermo,2023-02-15,38.1157,13.3615,9.77,14.19,6.98,0.0,2.38,19.0,3.9749,79.5,100.34
Palermo,2023-02-16,38.1157,13.3615,11.11,15.3,8.21,0.0,1.81,173.6,4.0385,76.52,100.39
Palermo,2023-02-17,38.1157,13.3615,10.98,14.97,7.7,0.0,1.71,1.9,3.1656,75.37,100.43
Palermo,2023-02-18,38.1157,13.3615,9.75,14.6,6.33,0.0,2.61,37.8,3.5242,78.41,100.41
Palermo,2023-02-19,38.1157,13.3615,10.69,15.22,7.36,0.0,1.5,279.7,4.4213,72.68,100.07
Palermo,2023-02-20,38.1157,13.3615,12.11,17.42,8.1,0.0,1.6,21.2,4.4141,72.94,99.96
Palermo,2023-02-21,38.1157,13.3615,12.18,17.45,7.76,0.0,1.95,193.0,4.5276,74.88,99.6
Palermo,2023-02-22,38.1157,13.3615,12.53,18.22,7.57,0.0,1.73,138.5,4.44,70.93,99.13
Palermo,2023-02-23,38.1157,13.3615,12.34,18.23,7.78,0.02,2.0,174.0,4.1453,77.34,98.93
Palermo,2023-02-24,38.1157,13.3615,13.36,18.47,9.09,0.0,5.54,166.8,4.0044,66.59,98.68
Palermo,2023-02-25,38.1157,13.3615,13.87,17.72,11.29,0.17,7.46,164.4,0.7882,71.86,97.71
Palermo,2023-02-26,38.1157,13.3615,12.07,14.62,9.91,1.96,6.77,251.8,2.8685,79.77,97.68
Palermo,2023-02-27,38.1157,13.3615,11.41,14.88,8.65,6.31,2.67,222.7,3.924,70.81,98.38
Palermo,2023-02-28,38.1157,13.3615,10.63,15.59,7.72,7.96,5.13,193.5,1.5314,77.49,98.58
Palermo,2023-03-01,38.1157,13.3615,10.18,14.25,6.1,4.76,6.73,209.6,4.2101,72.75,98.52
Palermo,2023-03-02,38.1157,13.3615,10.93,13.88,8.85,2.79,6.07,237.6,4.3642,75.69,98.78
Palermo,2023-03-03,38.1157,13.3615,8.59,9.85,7.51,23.25,2.59,242.5,1.0622,82.75,98.55
Palermo,2023-03-04,38.1157,13.3615,9.42,12.03,7.07,4.59,4.4,295.7,2.653,87.86,98.7
Palermo,2023-03-05,38.1157,13.3615,10.61,13.47,8.37,1.43,4.82,284.3,4.5667,81.33,98.93
Palermo,2023-03-06,38.1157,13.3615,10.68,14.14,7.84,4.0,6.06,216.2,2.9746,84.44,98.65
Palermo,2023-03-07,38.1157,13.3615,11.19,14.59,9.19,1.27,4.07,277.2,4.8698,80.83,98.54
Palermo,2023-03-08,38.1157,13.3615,12.85,16.98,9.23,0.49,5.22,233.3,3.57,86.51,98.76
Palermo,2023-03-09,38.1157,13.3615,14.39,19.29,10.67,0.03,6.08,223.3,4.445,83.44,98.81
Palermo,2023-03-10,38.1157,13.3615,14.51,17.86,12.57,0.2,7.92,253.1,4.3908,85.31,98.47
Palermo,2023-03-11,38.1157,13.3615,14.7,17.97,12.19,0.01,9.19,277.4,3.8525,81.57,98.26
Palermo,2023-03-12,38.1157,13.3615,14.06,17.12,11.33,0.01,5.55,302.9,4.7482,89.64,98.58
Palermo,2023-03-13,38.1157,13.3615,14.43,20.3,10.61,0.01,1.53,202.8,5.1562,74.64,99.33
Palermo,2023-03-14,38.1157,13.3615,13.92,17.74,10.55,0.0,8.71,216.2,4.1508,82.23,98.62
Palermo,2023-03-15,38.1157,13.3615,12.75,15.1,10.45,0.01,8.78,296.3,5.3376,73.54,98.41
Palermo,2023-03-16,38.1157,13.3615,11.24,14.61,8.68,0.01,5.36,11.2,5.437,66.36,99.01
Palermo,2023-03-17,38.1157,13.3615,11.35,16.01,7.03,0.0,3.38,63.9,5.7655,63.56,99.29
Palermo,2023-03-18,38.1157,13.3615,12.36,17.0,8.55,0.0,3.55,172.2,5.7593,74.89,99.25
Palermo,2023-03-19,38.1157,13.3615,12.76,17.93,8.85,0.0,1.47,184.7,5.3724,76.94,99.35
Palermo,2023-03-20,38.1157,13.3615,13.21,17.04,10.4,0.13,1.87,137.6,2.8363,77.52,99.21
Palermo,2023-03-21,38.1157,13.3615,12.13,16.04,9.28,0.07,3.71,23.4,5.3623,84.55,98.9
Palermo,2023-03-22,38.1157,13.3615,12.74,16.28,9.56,0.02,2.82,17.6,4.8163,82.73,98.95
Palermo,2023-03-23,38.1157,13.3615,13.71,18.63,10.59,0.0,2.51,21.3,5.6136,74.25,99.12
Palermo,2023-03-24,38.1157,13.3615,14.4,20.19,10.09,0.0,1.41,3.0,6.0514,65.2,99.29
Palermo,2023-03-25,38.1157,13.3615,14.01,19.42,9.61,0.0,3.53,265.6,5.5313,79.37,99.2
Palermo,2023-03-26,38.1157,13.3615,14.88,20.18,10.71,0.0,4.5,236.5,5.9206,77.14,98.98
Palermo,2023-03-27,38.1157,13.3615,14.05,16.7,11.84,0.19,8.21,276.5,6.0233,77.72,98.68
Palermo,2023-03-28,38.1157,13.3615,12.69,17.13,8.78,0.0,4.91,338.3,6.1882,69.95,99.51
Palermo,2023-03-29,38.1157,13.3615,12.57,17.3,8.31,0.14,3.51,197.1,6.1555,66.06,100.18
Palermo,2023-03-30,38.1157,13.3615,14.07,19.0,10.5,0.66,3.86,188.4,6.072,77.33,99.91
Palermo,2023-03-31,38.1157,13.3615,14.94,19.97,10.7,0.21,6.58,202.6,4.8461,78.3,99.17
Palermo,2023-04-01,38.1157,13.3615,15.06,18.65,12.7,0.08,4.8,260.8,4.5631,79.87,98.69
Palermo,2023-04-02,38.1157,13.3615,12.94,17.96,10.22,3.98,3.1,273.0,4.8646,78.31,98.1
Palermo,2023-04-03,38.1157,13.3615,11.81,13.96,9.2,5.81,6.44,344.8,2.4266,86.29,97.63
Palermo,2023-04-04,38.1157,13.3615,12.8,16.11,9.56,1.52,3.77,310.1,5.573,74.43,98.29
Palermo,2023-04-05,38.1157,13.3615,10.47,12.58,8.53,3.62,5.33,274.5,4.1078,81.34,98.79
Palermo,2023-04-06,38.1157,13.3615,10.44,14.31,7.74,0.26,5.09,325.1,5.4667,67.53,99.08
Palermo,2023-04-07,38.1157,13.3615,11.33,16.37,6.92,0.0,1.94,13.3,6.4838,57.5,99.14
Palermo,2023-04-08,38.1157,13.3615,12.83,17.42,8.79,0.02,3.58,227.1,6.2234,61.01,99.04
Palermo,2023-04-09,38.1157,13.3615,11.87,14.82,9.22,1.02,4.97,311.5,5.7874,79.48,99.14
Palermo,2023-04-10,38.1157,13.3615,11.97,16.39,8.41,0.49,5.29,328.5,5.3926,73.64,99.32
Palermo,2023-04-11,38.1157,13.3615,12.47,17.03,8.5,0.06,4.22,316.9,6.7685,70.05,99.36
Palermo,2023-04-12,38.1157,13.3615,14.97,20.47,9.63,0.02,4.66,227.7,6.6967,71.23,98.76
Palermo,2023-04-13,38.1157,13.3615,16.13,22.62,11.84,0.07,5.89,247.0,5.5879,72.03,98.19
Palermo,2023-04-14,38.1157,13.3615,12.92,16.58,9.31,0.04,6.8,276.1,6.3842,72.04,98.64
Palermo,2023-04-15,38.1157,13.3615,14.06,17.56,10.4,0.25,6.16,240.5,4.6478,79.62,98.53
Palermo,2023-04-16,38.1157,13.3615,12.38,15.13,10.64,5.45,7.05,289.2,5.395,80.25,98.16
Palermo,2023-04-17,38.1157,13.3615,12.83,15.77,10.38,1.27,5.25,310.1,5.1487,79.5,98.38
Palermo,2023-04-18,38.1157,13.3615,13.57,17.34,9.78,0.18,3.87,283.9,6.5897,72.43,98.74
Palermo,2023-04-19,38.1157,13.3615,14.51,19.36,10.17,0.05,2.18,280.6,7.0296,70.32,98.91
Palermo,2023-04-20,38.1157,13.3615,15.54,20.57,10.75,0.0,2.29,124.0,6.4843,66.62,98.49
Palermo,2023-04-21,38.1157,13.3615,15.8,21.24,11.71,0.0,2.29,20.6,6.8201,75.62,98.45
Palermo,2023-04-22,38.1157,13.3615,16.07,21.5,11.04,0.0,2.23,52.2,6.9948,72.38,98.75
Palermo,2023-04-23,38.1157,13.3615,15.94,20.86,11.27,0.0,3.36,198.7,7.0966,69.33,98.98
Palermo,2023-04-24,38.1157,13.3615,16.46,21.55,11.69,0.02,5.59,222.9,6.9694,71.4,98.83
Palermo,2023-04-25,38.1157,13.3615,16.22,20.65,12.39,0.13,4.95,261.8,5.502,74.41,98.75
Palermo,2023-04-26,38.1157,13.3615,15.83,19.77,12.45,0.07,3.69,316.0,7.355,76.01,98.77
Palermo,2023-04-27,38.1157,13.3615,16.8,21.81,11.88,0.0,1.84,177.9,7.4707,58.91,99.15
Palermo,2023-04-28,38.1157,13.3615,17.78,22.89,12.81,0.0,2.2,190.4,7.3526,64.52,99.43
Palermo,2023-04-29,38.1157,13.3615,18.93,24.41,13.36,0.01,2.81,185.1,6.756,69.49,98.98
Palermo,2023-04-30,38.1157,13.3615,17.95,21.15,14.57,1.76,3.7,197.7,1.4066,76.95,98.51
Palermo,2023-05-01,38.1157,13.3615,17.21,20.73,15.1,1.4,4.23,245.8,3.3847,84.28,98.43
Palermo,2023-05-02,38.1157,13.3615,16.02,18.69,13.92,1.45,2.9,302.6,2.8157,82.44,98.42
Palermo,2023-05-03,38.1157,13.3615,16.22,19.46,13.85,0.62,4.75,322.8,6.3643,83.54,98.74
Palermo,2023-05-04,38.1157,13.3615,16.91,20.93,13.52,0.13,4.14,356.8,7.3349,75.93,99.2
Palermo,2023-05-05,38.1157,13.3615,17.13,22.16,12.36,0.0,3.09,27.8,7.2854,71.3,99.34
Palermo,2023-05-06,38.1157,13.3615,18.67,24.21,13.67,0.0,2.05,56.0,7.5718,59.74,99.11
Palermo,2023-05-07,38.1157,13.3615,19.57,25.46,14.11,0.37,2.42,144.7,7.2766,58.72,99.05
Palermo,2023-05-08,38.1157,13.3615,16.8,20.32,14.48,4.02,4.58,169.3,2.0796,77.79,98.89
Palermo,2023-05-09,38.1157,13.3615,17.02,21.21,13.84,0.78,2.77,60.6,3.2381,75.76,98.81
Palermo,2023-05-10,38.1157,13.3615,16.61,20.38,14.12,1.57,3.14,259.4,2.8126,83.85,98.77
Palermo,2023-05-11,38.1157,13.3615,16.57,20.61,12.72,0.03,4.72,266.7,7.567,71.06,98.85
Palermo,2023-05-12,38.1157,13.3615,16.8,20.54,13.57,2.07,3.57,202.9,5.8562,76.32,98.96
Palermo,2023-05-13,38.1157,13.3615,19.26,24.57,14.84,7.88,4.3,143.5,4.5149,73.58,98.52
Palermo,2023-05-14,38.1157,13.3615,17.74,20.53,15.52,0.7,3.34,351.9,2.8171,85.27,98.5
Palermo,2023-05-15,38.1157,13.3615,15.05,17.35,12.69,61.92,6.82,5.1,1.0925,88.21,97.74
Palermo,2023-05-16,38.1157,13.3615,16.22,18.87,13.82,4.04,7.7,254.0,5.5726,81.83,97.87
Palermo,2023-05-17,38.1157,13.3615,16.28,18.99,13.51,0.29,6.91,259.3,6.7711,77.93,98.53
Palermo,2023-05-18,38.1157,13.3615,17.38,22.26,12.98,0.09,2.16,206.9,3.102,73.09,98.78
Palermo,2023-05-19,38.1157,13.3615,18.6,24.5,13.52,0.75,5.09,108.0,3.8556,66.95,98.34
Palermo,2023-05-20,38.1157,13.3615,18.85,22.57,16.0,2.95,5.4,120.4,2.4701,77.26,97.47
Palermo,2023-05-21,38.1157,13.3615,17.08,18.91,15.75,7.06,1.33,354.7,3.9202,87.93,98.02
Palermo,2023-05-22,38.1157,13.3615,18.24,21.78,15.35,0.77,2.67,48.6,7.0298,78.21,98.43
Palermo,2023-05-23,38.1157,13.3615,18.85,23.59,14.89,2.36,2.11,104.8,7.3553,75.68,98.68
Palermo,2023-05-24,38.1157,13.3615,19.8,24.72,14.94,0.03,2.4,68.7,7.3562,73.05,98.65
Palermo,2023-05-25,38.1157,13.3615,19.98,24.12,16.65,14.34,2.31,50.7,6.629,73.16,98.75
Palermo,2023-05-26,38.1157,13.3615,19.7,24.31,16.26,28.2,2.0,339.0,7.5559,75.94,98.95
Palermo,2023-05-27,38.1157,13.3615,19.28,23.31,16.02,6.48,2.66,327.1,7.4875,81.21,98.96
Palermo,2023-05-28,38.1157,13.3615,20.69,25.31,16.11,1.73,1.65,15.4,6.9463,74.04,98.71
Palermo,2023-05-29,38.1157,13.3615,20.28,24.87,17.51,55.62,1.67,300.2,6.5285,75.36,98.61
Palermo,2023-05-30,38.1157,13.3615,20.32,23.38,17.58,75.52,1.18,236.3,5.959,74.65,98.69
Palermo,2023-05-31,38.1157,13.3615,20.34,22.89,17.4,3.52,1.21,82.9,4.9171,74.64,98.74
Palermo,2023-06-01,38.1157,13.3615,19.75,22.17,17.73,0.54,1.3,33.1,6.7841,76.48,98.82
Palermo,2023-06-02,38.1157,13.3615,20.25,23.51,17.07,0.09,1.32,8.0,6.497,71.43,98.81
Palermo,2023-06-03,38.1157,13.3615,20.85,24.85,17.26,0.01,1.74,2.3,7.5386,71.04,98.96
Palermo,2023-06-04,38.1157,13.3615,21.14,24.41,17.86,2.81,1.8,171.9,5.7178,74.37,99.01
Palermo,2023-06-05,38.1157,13.3615,19.56,22.5,17.92,23.83,2.59,99.1,1.2317,80.32,98.91
Palermo,2023-06-06,38.1157,13.3615,19.56,22.16,17.79,2.39,2.59,61.9,2.4396,82.93,98.99
Palermo,2023-06-07,38.1157,13.3615,20.74,24.37,17.29,0.21,2.08,16.0,7.6114,77.92,99.02
Palermo,2023-06-08,38.1157,13.3615,21.94,25.97,18.76,0.0,1.19,213.1,7.5108,69.46,98.87
Palermo,2023-06-09,38.1157,13.3615,21.03,26.34,17.63,2.29,2.36,185.2,5.0702,73.0,98.78
Palermo,2023-06-10,38.1157,13.3615,21.19,25.15,17.55,0.7,2.7,288.1,6.0336,84.29,98.65
Palermo,2023-06-11,38.1157,13.3615,21.64,25.63,18.27,0.08,2.42,345.2,7.8758,78.7,98.59
Palermo,2023-06-12,38.1157,13.3615,21.82,25.34,18.57,0.4,2.46,314.8,7.7222,79.13,98.58
Palermo,2023-06-13,38.1157,13.3615,22.52,26.99,18.82,0.51,1.35,265.1,6.8988,73.56,98.46
Palermo,2023-06-14,38.1157,13.3615,21.14,24.36,19.03,6.11,2.63,206.9,3.1486,81.49,98.4
Palermo,2023-06-15,38.1157,13.3615,21.18,24.58,18.28,2.02,4.1,293.0,6.8988,78.67,98.46
Palermo,2023-06-16,38.1157,13.3615,21.37,24.48,18.32,0.65,5.25,313.9,7.6147,81.33,98.74
Palermo,2023-06-17,38.1157,13.3615,21.51,25.72,17.71,0.07,3.49,318.8,7.8338,75.81,98.94
Palermo,2023-06-18,38.1157,13.3615,22.87,28.17,17.55,0.01,1.8,51.2,7.1381,59.68,99.14
Palermo,2023-06-19,38.1157,13.3615,23.55,28.39,19.19,0.0,2.37,172.5,7.7062,55.03,99.21
Palermo,2023-06-20,38.1157,13.3615,24.9,29.81,20.94,0.0,1.35,158.0,7.8115,49.45,99.28
Palermo,2023-06-21,38.1157,13.3615,25.59,30.47,20.55,0.0,1.66,157.9,6.8045,50.55,99.32
Palermo,2023-06-22,38.1157,13.3615,27.15,32.57,22.98,0.0,1.59,70.6,7.3632,50.43,99.32
Palermo,2023-06-23,38.1157,13.3615,25.86,30.47,21.82,0.01,2.33,281.3,7.0714,65.45,99.19
Palermo,2023-06-24,38.1157,13.3615,23.61,27.63,20.15,0.02,2.68,307.7,7.2156,78.44,98.9
Palermo,2023-06-25,38.1157,13.3615,23.36,26.93,20.0,0.04,4.18,325.5,7.8216,79.78,98.84
Palermo,2023-06-26,38.1157,13.3615,23.89,27.77,20.51,0.0,3.36,324.8,7.8454,73.57,98.94
Palermo,2023-06-27,38.1157,13.3615,24.5,29.46,19.21,0.0,2.27,11.4,8.0275,65.46,98.87
Palermo,2023-06-28,38.1157,13.3615,25.08,29.66,20.99,0.01,2.83,234.0,7.5394,64.77,98.76
Palermo,2023-06-29,38.1157,13.3615,24.51,29.14,20.32,0.01,3.12,235.8,6.1342,68.2,98.8
Palermo,2023-06-30,38.1157,13.3615,24.72,29.06,19.99,0.06,2.23,245.9,7.0435,68.41,98.78
Palermo,2023-07-01,38.1157,13.3615,24.32,28.26,21.17,0.08,4.61,278.1,6.9974,73.2,98.59
Palermo,2023-07-02,38.1157,13.3615,23.68,26.9,20.64,0.09,4.49,294.1,7.5686,75.06,98.7
Palermo,2023-07-03,38.1157,13.3615,24.37,28.67,20.82,0.0,2.87,292.9,8.2846,73.4,98.89
Palermo,2023-07-04,38.1157,13.3615,24.87,29.81,20.56,0.14,2.12,311.7,7.8372,66.61,98.9
Palermo,2023-07-05,38.1157,13.3615,24.8,29.25,20.29,1.87,2.85,353.4,8.0563,64.82,99.03
Palermo,2023-07-06,38.1157,13.3615,26.86,31.84,21.37,0.07,2.01,43.2,8.2937,53.7,99.02
Palermo,2023-07-07,38.1157,13.3615,28.38,34.02,24.05,2.04,1.85,155.4,7.6219,50.65,99.18
Palermo,2023-07-08,38.1157,13.3615,28.19,34.21,23.5,0.02,3.13,173.3,6.1404,48.68,99.26
Palermo,2023-07-09,38.1157,13.3615,27.77,33.7,23.16,2.14,2.34,167.8,7.2806,57.01,99.31
Palermo,2023-07-10,38.1157,13.3615,28.38,34.43,23.99,0.02,1.5,31.8,7.4774,60.24,99.38
Palermo,2023-07-11,38.1157,13.3615,28.87,35.19,23.55,0.0,1.6,135.4,8.0486,58.47,99.31
Palermo,2023-07-12,38.1157,13.3615,28.75,34.17,23.65,0.0,2.59,188.2,8.0234,51.29,99.26
Palermo,2023-07-13,38.1157,13.3615,27.18,32.63,22.36,0.0,4.85,185.9,7.703,63.15,99.18
Palermo,2023-07-14,38.1157,13.3615,27.06,32.63,21.1,0.0,3.98,203.6,7.291,59.89,99.11
Palermo,2023-07-15,38.1157,13.3615,29.23,35.64,23.36,0.0,1.94,197.2,7.5377,47.74,99.04
Palermo,2023-07-16,38.1157,13.3615,31.71,38.38,26.42,0.0,1.75,185.8,7.6262,39.29,99.0
Palermo,2023-07-17,38.1157,13.3615,31.3,36.94,26.72,0.0,2.27,46.6,7.5794,44.69,99.18
Palermo,2023-07-18,38.1157,13.3615,30.14,36.62,25.44,0.0,3.07,31.6,7.6841,50.68,99.18
Palermo,2023-07-19,38.1157,13.3615,31.41,36.91,25.22,0.0,2.06,8.9,7.5096,47.32,98.86
Palermo,2023-07-20,38.1157,13.3615,31.44,36.65,26.63,0.0,2.56,275.7,7.6654,47.31,98.57
Palermo,2023-07-21,38.1157,13.3615,31.45,37.68,26.12,0.0,2.11,239.2,7.3063,47.23,98.68
Palermo,2023-07-22,38.1157,13.3615,31.64,37.26,26.4,0.0,3.28,216.6,7.133,50.06,99.03
Palermo,2023-07-23,38.1157,13.3615,32.14,38.14,27.29,0.0,3.12,207.3,6.5839,49.18,99.15
Palermo,2023-07-24,38.1157,13.3615,32.46,38.87,27.11,0.0,5.31,193.2,7.758,40.78,98.85
Palermo,2023-07-25,38.1157,13.3615,31.05,36.87,25.73,0.2,7.07,221.4,6.5333,56.1,98.42
Palermo,2023-07-26,38.1157,13.3615,26.4,29.07,23.66,0.06,5.71,302.6,7.4242,64.28,98.72
Palermo,2023-07-27,38.1157,13.3615,25.38,29.34,22.08,0.27,3.44,326.8,7.8338,59.6,98.93
Palermo,2023-07-28,38.1157,13.3615,26.72,31.34,22.16,0.02,2.54,199.0,7.3068,58.62,98.96
Palermo,2023-07-29,38.1157,13.3615,28.09,33.7,23.66,0.03,2.77,50.9,7.3488,60.34,98.83
Palermo,2023-07-30,38.1157,13.3615,28.25,34.22,22.83,0.0,3.29,46.5,7.7374,51.22,98.87
Palermo,2023-07-31,38.1157,13.3615,28.01,33.1,24.18,0.01,3.05,313.6,7.661,54.12,98.71
Palermo,2023-08-01,38.1157,13.3615,27.15,32.17,23.62,0.0,2.32,308.4,7.7066,58.72,98.46
Palermo,2023-08-02,38.1157,13.3615,27.34,32.51,23.16,0.0,3.1,293.3,7.5814,61.37,98.51
Palermo,2023-08-03,38.1157,13.3615,28.74,33.94,23.65,0.0,1.48,330.3,7.6229,51.1,98.52
Palermo,2023-08-04,38.1157,13.3615,28.14,33.74,23.09,6.13,4.17,250.6,7.3318,58.43,98.43
Palermo,2023-08-05,38.1157,13.3615,23.68,26.07,21.07,1.04,8.17,285.7,6.6888,64.92,98.53
Palermo,2023-08-06,38.1157,13.3615,24.16,28.3,21.13,0.07,6.05,279.3,7.4381,64.91,98.67
Palermo,2023-08-07,38.1157,13.3615,23.45,26.74,20.41,0.0,5.71,292.8,7.0224,63.2,98.82
Palermo,2023-08-08,38.1157,13.3615,23.44,28.4,19.16,0.42,3.22,2.9,7.2482,65.79,99.06
Palermo,2023-08-09,38.1157,13.3615,23.99,29.04,19.77,0.0,2.44,0.8,7.2931,58.7,99.07
Palermo,2023-08-10,38.1157,13.3615,24.4,29.5,19.96,0.0,3.05,14.7,7.4292,57.13,99.18
Palermo,2023-08-11,38.1157,13.3615,25.89,31.43,21.01,0.0,2.73,49.3,7.1364,57.12,99.3
Palermo,2023-08-12,38.1157,13.3615,25.96,30.94,22.0,0.0,3.65,38.5,7.3258,57.29,99.25
Palermo,2023-08-13,38.1157,13.3615,25.47,30.69,21.07,0.0,2.88,22.5,7.2521,56.06,99.15
Palermo,2023-08-14,38.1157,13.3615,25.61,30.69,21.3,0.0,2.16,329.7,7.2187,56.29,99.16
Palermo,2023-08-15,38.1157,13.3615,26.47,31.13,22.41,0.0,1.64,355.6,7.0702,51.86,99.2
Palermo,2023-08-16,38.1157,13.3615,27.06,31.93,23.39,0.0,2.18,16.7,7.1563,51.29,99.15
Palermo,2023-08-17,38.1157,13.3615,26.97,32.08,22.47,0.0,2.84,29.4,7.0178,54.68,99.03
Palermo,2023-08-18,38.1157,13.3615,28.53,34.39,23.08,0.0,2.13,38.5,6.797,55.88,98.97
Palermo,2023-08-19,38.1157,13.3615,28.96,34.24,24.63,0.01,2.03,7.5,6.7642,51.06,98.92
Palermo,2023-08-20,38.1157,13.3615,27.46,32.49,23.52,0.21,3.57,9.5,6.6185,60.14,98.88
Palermo,2023-08-21,38.1157,13.3615,27.03,31.22,23.76,1.22,4.28,39.4,6.228,66.1,98.96
Palermo,2023-08-22,38.1157,13.3615,28.38,33.23,24.22,0.33,2.97,44.7,6.3636,59.57,98.86
Palermo,2023-08-23,38.1157,13.3615,28.4,33.33,24.7,0.6,2.44,33.9,6.1502,61.82,98.83
Palermo,2023-08-24,38.1157,13.3615,28.36,33.76,24.08,0.19,2.68,34.2,5.5675,62.04,98.93
Palermo,2023-08-25,38.1157,13.3615,28.82,34.27,24.46,0.02,2.32,49.1,6.1682,56.65,98.9
Palermo,2023-08-26,38.1157,13.3615,29.91,35.65,24.71,0.0,1.76,55.2,6.4877,44.97,98.75
Palermo,2023-08-27,38.1157,13.3615,30.01,35.66,25.01,0.0,5.94,175.4,6.4109,45.3,98.38
Palermo,2023-08-28,38.1157,13.3615,25.25,27.14,22.15,0.03,7.93,269.7,3.9972,62.75,98.43
Palermo,2023-08-29,38.1157,13.3615,23.86,27.23,20.82,2.06,7.72,260.6,5.8637,61.8,98.43
Palermo,2023-08-30,38.1157,13.3615,23.57,27.33,20.11,0.0,5.97,262.6,6.2496,57.26,98.59
Palermo,2023-08-31,38.1157,13.3615,23.69,28.47,20.1,0.0,3.49,301.9,6.0542,60.25,99.03
Palermo,2023-09-01,38.1157,13.3615,23.43,28.21,19.46,0.0,3.85,34.7,6.5316,60.86,99.29
Palermo,2023-09-02,38.1157,13.3615,25.22,30.6,20.65,0.0,2.03,139.9,6.1766,62.74,99.29
Palermo,2023-09-03,38.1157,13.3615,25.49,30.64,21.69,0.0,2.59,33.1,6.3994,57.09,99.41
Palermo,2023-09-04,38.1157,13.3615,24.65,28.34,20.56,0.0,5.47,22.1,5.0234,61.35,99.01
Palermo,2023-09-05,38.1157,13.3615,24.18,26.77,21.57,0.19,7.58,18.1,5.9738,60.19,98.6
Palermo,2023-09-06,38.1157,13.3615,24.63,27.44,22.69,0.14,5.96,29.1,4.9255,65.44,98.71
Palermo,2023-09-07,38.1157,13.3615,24.25,26.79,22.12,0.82,5.08,26.4,5.4554,71.46,98.78
Palermo,2023-09-08,38.1157,13.3615,24.51,28.98,21.06,0.27,3.86,21.9,5.7857,67.2,98.87
Palermo,2023-09-09,38.1157,13.3615,24.22,28.2,21.13,0.11,2.82,6.2,5.8956,67.13,98.95
Palermo,2023-09-10,38.1157,13.3615,24.93,30.17,20.91,0.0,3.18,19.7,5.8606,63.34,99.05
Palermo,2023-09-11,38.1157,13.3615,25.53,31.39,20.62,0.0,2.7,51.5,5.8022,57.08,98.95
Palermo,2023-09-12,38.1157,13.3615,26.06,31.28,21.58,0.02,1.48,61.2,5.9021,55.74,99.03
Palermo,2023-09-13,38.1157,13.3615,25.65,31.03,20.63,0.01,1.8,217.9,5.3472,60.62,99.21
Palermo,2023-09-14,38.1157,13.3615,25.7,30.9,21.48,0.04,1.46,286.3,5.1864,59.94,99.2
Palermo,2023-09-15,38.1157,13.3615,26.03,30.89,22.08,0.02,1.5,247.8,5.5906,61.69,99.14
Palermo,2023-09-16,38.1157,13.3615,25.86,30.28,21.36,0.31,2.43,182.1,3.1402,61.43,99.18
Palermo,2023-09-17,38.1157,13.3615,27.3,33.53,21.91,0.18,1.88,164.9,5.3287,46.55,99.26
Palermo,2023-09-18,38.1157,13.3615,27.99,33.3,24.06,0.0,2.13,195.6,5.0191,42.76,99.15
Palermo,2023-09-19,38.1157,13.3615,27.71,33.54,24.46,0.01,2.15,186.2,4.865,43.64,99.06
Palermo,2023-09-20,38.1157,13.3615,27.21,31.86,24.17,0.02,3.57,180.7,3.1994,54.39,98.98
Palermo,2023-09-21,38.1157,13.3615,27.6,32.87,23.92,0.03,6.29,183.8,4.9217,56.24,98.69
Palermo,2023-09-22,38.1157,13.3615,27.4,32.6,23.64,0.04,7.44,174.4,5.148,58.63,98.57
Palermo,2023-09-23,38.1157,13.3615,24.35,29.05,21.44,1.68,5.37,280.3,2.5286,71.96,98.68
Palermo,2023-09-24,38.1157,13.3615,22.14,24.9,19.33,0.14,6.1,320.3,4.5785,60.08,99.08
Palermo,2023-09-25,38.1157,13.3615,21.47,24.36,19.49,4.19,5.99,324.4,3.8542,68.08,98.9
Palermo,2023-09-26,38.1157,13.3615,21.92,25.17,19.04,4.73,5.86,14.6,3.9701,72.46,98.8
Palermo,2023-09-27,38.1157,13.3615,22.89,27.1,19.88,0.29,3.98,15.0,4.9411,69.83,98.94
Palermo,2023-09-28,38.1157,13.3615,22.5,27.38,19.09,0.01,2.92,314.9,4.9622,74.29,99.13
Palermo,2023-09-29,38.1157,13.3615,22.3,26.68,19.29,0.03,2.67,344.6,4.9651,73.94,99.34
Palermo,2023-09-30,38.1157,13.3615,22.33,27.29,18.85,0.01,3.19,5.1,4.7381,72.73,99.51
Palermo,2023-10-01,38.1157,13.3615,22.3,27.4,18.67,0.0,2.81,19.4,5.0762,66.85,99.6
Palermo,2023-10-02,38.1157,13.3615,22.52,27.52,18.92,0.02,3.6,38.2,5.0671,63.4,99.67
Palermo,2023-10-03,38.1157,13.3615,23.05,28.75,18.99,0.0,2.17,51.3,5.1638,59.09,99.69
Palermo,2023-10-04,38.1157,13.3615,23.25,29.24,19.82,0.0,1.85,19.0,5.0791,58.63,99.69
Palermo,2023-10-05,38.1157,13.3615,23.23,28.83,19.26,0.0,1.58,341.7,5.003,57.86,99.64
Palermo,2023-10-06,38.1157,13.3615,22.35,27.49,18.45,0.0,2.85,29.7,4.4575,68.09,99.63
Palermo,2023-10-07,38.1157,13.3615,22.72,27.61,19.12,0.0,2.14,32.6,4.7179,70.17,99.67
Palermo,2023-10-08,38.1157,13.3615,22.07,26.38,18.88,0.0,3.29,17.8,4.4633,72.87,99.66
Palermo,2023-10-09,38.1157,13.3615,23.02,28.89,18.96,0.0,2.85,25.6,4.5977,66.23,99.7
Palermo,2023-10-10,38.1157,13.3615,23.52,29.36,19.59,0.0,2.96,31.4,4.7302,58.97,99.56
Palermo,2023-10-11,38.1157,13.3615,22.72,28.51,19.1,0.0,2.56,18.0,4.6932,58.08,99.55
Palermo,2023-10-12,38.1157,13.3615,21.96,27.54,18.13,0.0,2.71,19.3,4.4422,66.98,99.51
Palermo,2023-10-13,38.1157,13.3615,22.1,27.98,18.32,0.0,2.35,26.7,4.5283,66.26,99.57
Palermo,2023-10-14,38.1157,13.3615,22.24,28.09,17.54,0.0,2.32,16.5,4.5996,58.75,99.31
Palermo,2023-10-15,38.1157,13.3615,23.32,29.34,19.29,0.01,4.6,258.9,4.5744,60.89,98.96
Palermo,2023-10-16,38.1157,13.3615,22.38,26.77,19.09,0.11,4.34,226.0,3.8203,75.59,98.94
Palermo,2023-10-17,38.1157,13.3615,22.85,27.28,20.1,0.3,3.2,212.6,3.6576,69.8,98.89
Palermo,2023-10-18,38.1157,13.3615,24.05,30.14,19.82,0.04,3.5,169.4,3.4598,60.76,98.72
Palermo,2023-10-19,38.1157,13.3615,25.0,31.05,21.14,0.08,7.31,182.0,4.1602,66.59,98.33
Palermo,2023-10-20,38.1157,13.3615,25.42,31.41,21.48,0.12,8.65,181.8,3.305,62.51,97.76
Palermo,2023-10-21,38.1157,13.3615,22.05,24.81,19.51,2.97,3.64,272.5,2.9124,72.98,98.17
Palermo,2023-10-22,38.1157,13.3615,21.14,24.96,17.91,0.02,3.82,230.9,4.1503,64.35,98.96
Palermo,2023-10-23,38.1157,13.3615,22.58,28.62,17.92,0.0,3.21,160.2,3.6425,62.79,99.04
Palermo,2023-10-24,38.1157,13.3615,22.56,27.79,18.66,0.7,4.35,202.5,3.1243,79.02,98.99
Palermo,2023-10-25,38.1157,13.3615,20.99,23.95,18.32,0.6,3.66,272.8,3.1567,75.09,98.73
Palermo,2023-10-26,38.1157,13.3615,20.94,23.56,18.74,0.59,6.1,256.0,3.2566,77.8,98.49
Palermo,2023-10-27,38.1157,13.3615,21.66,25.79,18.9,0.11,6.44,233.3,3.1126,81.65,98.35
Palermo,2023-10-28,38.1157,13.3615,20.65,24.41,18.34,0.27,3.95,254.3,3.2618,80.48,98.75
Palermo,2023-10-29,38.1157,13.3615,21.18,25.67,18.29,0.21,3.53,180.8,3.8431,75.05,99.04
Palermo,2023-10-30,38.1157,13.3615,22.48,26.95,19.38,0.12,9.27,165.3,3.4085,76.11,98.8
Palermo,2023-10-31,38.1157,13.3615,21.37,24.28,18.17,0.24,4.99,258.0,2.5702,81.07,98.88
Palermo,2023-11-01,38.1157,13.3615,19.89,23.49,17.42,3.91,5.35,226.8,1.3726,74.36,99.0
Palermo,2023-11-02,38.1157,13.3615,19.82,23.68,16.57,0.09,6.53,216.0,2.7806,78.86,98.54
Palermo,2023-11-03,38.1157,13.3615,20.15,22.15,16.98,4.11,8.84,247.1,2.1062,71.46,97.78
Palermo,2023-11-04,38.1157,13.3615,17.74,20.19,16.13,2.59,7.26,255.7,3.2285,67.38,98.08
Palermo,2023-11-05,38.1157,13.3615,19.85,24.2,16.89,0.19,7.77,230.5,3.5242,74.81,98.33
Palermo,2023-11-06,38.1157,13.3615,18.71,22.81,15.99,0.0,3.79,248.0,3.48,74.87,99.13
Palermo,2023-11-07,38.1157,13.3615,19.53,24.36,16.03,2.16,3.38,185.1,2.7451,80.31,99.27
Palermo,2023-11-08,38.1157,13.3615,16.93,19.6,14.22,5.08,4.84,330.6,1.811,76.56,99.5
Palermo,2023-11-09,38.1157,13.3615,16.18,19.71,13.48,2.17,2.92,243.2,2.857,65.69,99.35
Palermo,2023-11-10,38.1157,13.3615,16.89,19.46,14.84,1.67,6.71,245.1,2.6818,80.82,98.82
Palermo,2023-11-11,38.1157,13.3615,17.61,20.46,15.72,1.24,5.95,274.7,2.939,73.99,98.76
Palermo,2023-11-12,38.1157,13.3615,18.57,21.39,16.19,1.3,7.04,262.3,2.1338,86.62,98.89
Palermo,2023-11-13,38.1157,13.3615,18.34,21.63,16.08,0.03,4.89,298.3,2.8003,80.26,99.5
Palermo,2023-11-14,38.1157,13.3615,17.82,22.23,15.39,0.02,5.05,256.8,3.1402,86.94,99.56
Palermo,2023-11-15,38.1157,13.3615,17.85,21.86,15.45,0.02,5.08,269.0,3.1361,89.05,99.28
Palermo,2023-11-16,38.1157,13.3615,16.86,21.19,14.4,0.01,3.4,298.4,3.1003,79.38,99.44
Palermo,2023-11-17,38.1157,13.3615,17.87,21.13,14.6,0.06,6.72,276.2,2.7953,82.02,99.24
Palermo,2023-11-18,38.1157,13.3615,15.99,19.42,12.52,0.01,5.3,354.5,3.1843,62.16,99.48
Palermo,2023-11-19,38.1157,13.3615,15.28,19.84,12.22,0.0,2.98,268.0,3.0821,67.91,99.69
Palermo,2023-11-20,38.1157,13.3615,16.4,21.06,13.91,0.01,3.84,223.3,2.735,84.56,99.17
Palermo,2023-11-21,38.1157,13.3615,16.59,20.15,13.95,1.68,5.23,224.3,2.1074,89.26,98.29
Palermo,2023-11-22,38.1157,13.3615,14.9,16.71,13.53,6.54,4.2,321.9,1.6152,78.78,97.81
Palermo,2023-11-23,38.1157,13.3615,16.03,19.0,13.55,9.2,6.23,102.5,1.9234,77.23,98.0
Palermo,2023-11-24,38.1157,13.3615,14.82,18.36,12.61,0.67,2.9,210.6,2.7811,75.9,98.02
Palermo,2023-11-25,38.1157,13.3615,14.02,17.07,11.15,2.42,10.35,315.0,2.562,67.54,97.44
Palermo,2023-11-26,38.1157,13.3615,11.4,14.84,8.32,0.01,4.3,303.6,2.3369,58.0,98.92
Palermo,2023-11-27,38.1157,13.3615,13.72,16.5,10.77,0.2,5.59,230.1,1.704,72.81,98.96
Palermo,2023-11-28,38.1157,13.3615,15.81,18.32,13.46,3.42,8.69,260.8,2.4883,79.46,98.01
Palermo,2023-11-29,38.1157,13.3615,14.48,17.54,13.05,0.45,5.17,266.2,2.1161,80.76,98.43
Palermo,2023-11-30,38.1157,13.3615,16.35,20.26,13.14,0.21,7.77,190.7,2.755,82.62,98.74
Palermo,2023-12-01,38.1157,13.3615,17.19,20.03,15.83,0.0,10.33,190.0,1.4306,73.16,98.45
Palermo,2023-12-02,38.1157,13.3615,15.98,19.28,12.9,0.04,6.95,240.7,1.865,75.43,98.38
Palermo,2023-12-03,38.1157,13.3615,12.62,15.67,10.03,0.15,4.29,310.7,1.849,72.53,99.07
Palermo,2023-12-04,38.1157,13.3615,12.15,15.92,9.88,0.18,2.96,258.7,2.4067,68.5,99.43
Palermo,2023-12-05,38.1157,13.3615,13.12,14.65,11.45,13.04,6.68,234.0,1.3615,82.64,98.78
Palermo,2023-12-06,38.1157,13.3615,11.94,13.61,10.51,0.44,4.99,290.6,1.2132,73.85,98.79
Palermo,2023-12-07,38.1157,13.3615,12.12,14.96,9.78,0.26,5.04,320.3,2.2807,71.66,99.2
Palermo,2023-12-08,38.1157,13.3615,12.12,14.62,9.81,1.2,3.53,168.5,1.5684,74.11,98.84
Palermo,2023-12-09,38.1157,13.3615,13.04,16.31,10.73,1.24,4.82,59.5,1.8876,78.78,98.63
Palermo,2023-12-10,38.1157,13.3615,13.4,16.99,9.85,0.08,6.2,300.5,2.3983,86.01,99.13
Palermo,2023-12-11,38.1157,13.3615,13.55,17.83,10.82,0.08,3.87,268.7,2.6311,78.85,99.31
Palermo,2023-12-12,38.1157,13.3615,14.72,18.61,12.74,0.17,4.75,239.4,1.9397,91.6,99.11
Palermo,2023-12-13,38.1157,13.3615,15.63,21.05,12.85,0.07,5.53,214.2,2.2207,87.6,98.57
Palermo,2023-12-14,38.1157,13.3615,13.38,15.44,12.04,2.2,5.26,269.6,1.0548,85.6,98.57
Palermo,2023-12-15,38.1157,13.3615,12.07,13.07,10.75,6.2,5.19,8.7,1.2269,80.01,99.07
Palermo,2023-12-16,38.1157,13.3615,11.81,14.06,9.5,0.25,6.84,33.6,1.8302,67.83,99.79
Palermo,2023-12-17,38.1157,13.3615,11.84,15.02,8.73,0.39,6.4,63.0,2.2903,79.15,100.4
Palermo,2023-12-18,38.1157,13.3615,12.9,17.54,10.23,1.05,3.87,71.7,2.5046,77.85,100.37
Palermo,2023-12-19,38.1157,13.3615,11.51,15.78,9.13,0.0,2.72,59.5,2.4706,77.65,99.78
Palermo,2023-12-20,38.1157,13.3615,10.74,14.29,8.87,0.01,2.26,1.2,2.2538,77.35,98.8
Palermo,2023-12-21,38.1157,13.3615,11.31,14.87,8.74,0.93,2.35,300.2,2.3834,85.04,98.6
Palermo,2023-12-22,38.1157,13.3615,13.73,15.5,11.6,1.37,7.67,287.5,1.9411,82.1,98.45
Palermo,2023-12-23,38.1157,13.3615,13.76,16.33,12.15,0.05,5.17,282.2,2.4828,78.95,98.89
Palermo,2023-12-24,38.1157,13.3615,13.07,15.46,11.32,0.01,4.65,287.3,2.3009,82.05,99.32
Palermo,2023-12-25,38.1157,13.3615,12.82,16.23,11.34,0.02,3.03,287.5,2.4454,84.72,99.52
Palermo,2023-12-26,38.1157,13.3615,12.57,15.59,11.12,0.15,2.96,270.2,2.1696,82.77,99.59
Palermo,2023-12-27,38.1157,13.3615,12.92,16.31,11.1,0.04,1.66,358.4,1.8626,75.49,99.88
Palermo,2023-12-28,38.1157,13.3615,12.72,15.87,10.68,0.03,2.54,193.6,1.1414,77.88,100.1
Palermo,2023-12-29,38.1157,13.3615,12.98,15.61,10.96,0.03,1.22,199.6,1.1988,71.92,99.82
Palermo,2023-12-30,38.1157,13.3615,12.62,14.78,10.99,0.03,2.07,190.5,1.1822,82.89,99.51
Palermo,2023-12-31,38.1157,13.3615,12.96,16.22,11.19,0.44,2.52,209.5,1.7143,88.07,99.31
Palermo,2024-01-01,38.1157,13.3615,12.98,16.35,11.07,0.09,4.82,239.8,1.9476,86.91,99.22
Palermo,2024-01-02,38.1157,13.3615,12.05,15.38,9.42,0.12,3.58,283.7,2.5826,83.03,99.37
Palermo,2024-01-03,38.1157,13.3615,12.32,16.17,9.39,0.02,5.6,236.2,1.5432,87.33,99.22
Palermo,2024-01-04,38.1157,13.3615,13.27,17.19,11.06,0.12,4.67,247.4,2.5433,92.5,99.01
Palermo,2024-01-05,38.1157,13.3615,14.25,17.36,11.27,0.07,7.23,179.2,2.117,84.51,98.44
Palermo,2024-01-06,38.1157,13.3615,12.54,14.45,11.01,13.73,8.24,228.1,1.2103,85.79,97.28
Palermo,2024-01-07,38.1157,13.3615,10.85,11.73,10.06,0.9,12.83,268.4,1.9591,71.93,97.77
Palermo,2024-01-08,38.1157,13.3615,10.23,12.06,9.29,13.16,9.68,267.2,1.0392,83.99,97.97
Palermo,2024-01-09,38.1157,13.3615,11.22,12.89,10.03,0.92,4.41,319.7,1.944,83.93,98.99
Palermo,2024-01-10,38.1157,13.3615,11.04,13.03,10.01,4.53,3.21,204.7,1.9498,83.5,99.55
Palermo,2024-01-11,38.1157,13.3615,11.21,13.65,9.72,8.08,4.83,209.4,0.7721,89.01,98.94
Palermo,2024-01-12,38.1157,13.3615,10.75,13.21,9.0,2.87,3.29,344.4,1.661,85.53,98.95
Palermo,2024-01-13,38.1157,13.3615,9.87,13.28,7.88,0.24,4.07,327.3,2.5802,75.07,99.54
Palermo,2024-01-14,38.1157,13.3615,10.48,13.65,8.06,0.32,4.93,241.1,1.7798,81.4,99.22
Palermo,2024-01-15,38.1157,13.3615,13.34,16.2,10.99,0.43,7.55,253.8,1.6394,87.02,98.29
Palermo,2024-01-16,38.1157,13.3615,13.27,16.52,11.38,0.31,5.2,263.4,2.604,91.0,98.64
Palermo,2024-01-17,38.1157,13.3615,13.81,16.91,11.42,0.08,6.32,186.3,1.0042,89.83,98.72
Palermo,2024-01-18,38.1157,13.3615,14.17,17.91,11.89,0.0,6.98,231.1,2.9582,85.5,98.61
Palermo,2024-01-19,38.1157,13.3615,14.02,17.23,11.48,0.02,5.46,223.2,2.0098,84.63,98.64
Palermo,2024-01-20,38.1157,13.3615,12.29,14.38,9.13,0.72,5.08,17.5,1.3582,86.51,98.8
Palermo,2024-01-21,38.1157,13.3615,8.57,11.41,6.7,0.05,5.56,8.6,2.5937,68.78,99.99
Palermo,2024-01-22,38.1157,13.3615,8.6,12.86,5.98,0.04,3.26,6.1,3.1776,67.94,100.45
Palermo,2024-01-23,38.1157,13.3615,10.16,13.41,6.15,0.88,4.57,327.2,1.5926,85.2,100.26
Palermo,2024-01-24,38.1157,13.3615,11.32,15.2,8.83,0.07,4.28,357.1,3.2779,79.4,100.48
Palermo,2024-01-25,38.1157,13.3615,12.44,16.22,10.08,0.49,4.18,293.5,2.9136,89.54,100.01
Palermo,2024-01-26,38.1157,13.3615,12.07,16.21,9.46,0.05,1.85,267.4,2.0741,82.42,99.96
Palermo,2024-01-27,38.1157,13.3615,11.08,14.8,9.25,0.27,2.83,29.1,1.7614,86.07,100.06
Palermo,2024-01-28,38.1157,13.3615,10.98,15.97,7.93,0.05,4.17,49.4,3.3149,77.19,100.51
Palermo,2024-01-29,38.1157,13.3615,10.12,14.62,7.44,0.0,3.14,56.0,3.4898,65.87,100.63
Palermo,2024-01-30,38.1157,13.3615,9.27,14.43,6.2,0.19,3.36,63.8,3.4133,70.95,100.66
Palermo,2024-01-31,38.1157,13.3615,9.22,14.64,6.07,0.0,2.34,61.8,3.5052,66.94,100.65
Palermo,2024-02-01,38.1157,13.3615,9.49,13.6,6.31,0.24,2.3,327.7,1.9529,78.2,100.26
Palermo,2024-02-02,38.1157,13.3615,10.41,14.06,8.17,0.28,3.32,29.5,2.5447,81.0,99.91
Palermo,2024-02-03,38.1157,13.3615,10.48,14.69,7.68,0.01,3.75,0.8,3.5268,79.15,100.23
Palermo,2024-02-04,38.1157,13.3615,11.57,16.39,8.42,0.06,3.42,276.3,3.3614,88.1,100.2
Palermo,2024-02-05,38.1157,13.3615,11.94,16.63,9.4,0.88,2.83,274.1,3.1402,88.82,100.16
Palermo,2024-02-06,38.1157,13.3615,12.25,18.0,9.08,0.99,3.04,231.6,3.4099,78.31,99.9
Palermo,2024-02-07,38.1157,13.3615,13.22,18.46,10.12,0.43,4.46,247.1,3.1786,65.47,99.21
Palermo,2024-02-08,38.1157,13.3615,12.45,16.25,9.66,0.18,4.79,257.3,3.6178,86.25,99.02
Palermo,2024-02-09,38.1157,13.3615,13.78,18.86,9.68,0.04,8.54,183.1,2.8217,76.23,98.4
Palermo,2024-02-10,38.1157,13.3615,13.94,16.58,12.16,2.99,11.04,199.2,0.875,76.91,97.44
Palermo,2024-02-11,38.1157,13.3615,11.96,13.02,11.14,2.0,8.18,254.8,2.4576,81.34,97.67
Palermo,2024-02-12,38.1157,13.3615,12.13,14.87,10.43,1.27,6.38,270.6,3.7157,75.04,98.32
Palermo,2024-02-13,38.1157,13.3615,11.94,15.47,8.61,0.32,4.65,323.5,3.695,76.95,98.92
Palermo,2024-02-14,38.1157,13.3615,11.71,15.21,8.49,0.01,5.41,359.0,4.117,72.01,99.62
Palermo,2024-02-15,38.1157,13.3615,11.26,16.63,7.89,0.01,2.81,21.2,4.1801,70.18,99.71
Palermo,2024-02-16,38.1157,13.3615,12.71,18.16,8.59,0.01,2.4,139.0,3.6648,64.37,99.42
Palermo,2024-02-17,38.1157,13.3615,12.49,17.2,8.8,0.0,2.09,107.3,3.9991,80.9,99.79
Palermo,2024-02-18,38.1157,13.3615,12.62,18.13,9.31,0.01,1.64,331.5,4.0435,80.18,100.34
Palermo,2024-02-19,38.1157,13.3615,12.14,15.87,8.96,0.54,4.11,265.2,2.3698,86.18,99.84
Palermo,2024-02-20,38.1157,13.3615,11.88,13.35,10.91,2.71,3.23,45.9,1.2286,86.54,99.23
Palermo,2024-02-21,38.1157,13.3615,12.24,15.97,9.36,0.12,5.29,43.5,4.2506,77.77,99.48
Palermo,2024-02-22,38.1157,13.3615,11.44,16.19,8.68,0.0,3.28,212.7,4.3658,74.68,99.33
Palermo,2024-02-23,38.1157,13.3615,13.08,15.55,10.6,1.08,10.19,191.9,2.2546,79.74,98.47
Palermo,2024-02-24,38.1157,13.3615,12.41,15.75,10.42,4.04,3.57,229.6,2.9374,79.44,98.47
Palermo,2024-02-25,38.1157,13.3615,10.8,13.16,8.94,4.78,5.16,322.4,3.1505,81.79,98.35
Palermo,2024-02-26,38.1157,13.3615,11.94,16.41,8.7,0.23,4.41,222.9,3.4526,77.42,98.38
Palermo,2024-02-27,38.1157,13.3615,13.21,15.99,10.83,0.65,5.04,160.9,2.4578,86.3,98.05
Palermo,2024-02-28,38.1157,13.3615,12.04,14.03,8.72,6.68,3.49,213.1,1.0222,88.13,97.94
Palermo,2024-02-29,38.1157,13.3615,11.98,16.27,8.73,0.93,2.45,160.4,4.525,75.2,98.11
Palermo,2024-03-01,38.1157,13.3615,11.96,15.94,9.52,6.21,4.04,224.4,4.3944,78.17,98.2
Palermo,2024-03-02,38.1157,13.3615,12.29,15.63,9.95,0.54,5.79,267.7,4.5895,79.33,98.81
Palermo,2024-03-03,38.1157,13.3615,13.15,17.82,9.45,3.93,7.19,186.2,4.5965,76.95,98.44
Palermo,2024-03-04,38.1157,13.3615,10.38,12.89,8.41,8.14,8.19,262.4,3.7582,80.25,98.33
Palermo,2024-03-05,38.1157,13.3615,11.71,14.53,9.54,2.08,6.19,297.3,2.6693,82.41,98.87
Palermo,2024-03-06,38.1157,13.3615,11.51,15.52,8.16,0.06,4.64,291.2,5.2949,77.26,99.44
Palermo,2024-03-07,38.1157,13.3615,11.85,16.07,8.03,0.13,3.6,261.8,4.825,73.84,99.21
Palermo,2024-03-08,38.1157,13.3615,13.14,18.05,9.04,0.16,4.82,167.4,4.2533,81.74,98.81
Palermo,2024-03-09,38.1157,13.3615,14.14,18.24,11.6,1.08,7.22,171.0,3.2225,82.47,98.56
Palermo,2024-03-10,38.1157,13.3615,14.46,16.99,12.16,0.85,8.72,172.0,2.4953,83.7,98.08
Palermo,2024-03-11,38.1157,13.3615,12.32,15.41,9.35,3.1,6.7,254.9,4.8221,81.05,98.47
Palermo,2024-03-12,38.1157,13.3615,11.93,13.89,10.37,2.72,6.63,276.5,4.4542,79.77,99.0
Palermo,2024-03-13,38.1157,13.3615,12.26,16.19,9.89,0.46,2.91,321.0,5.2618,79.28,99.16
Palermo,2024-03-14,38.1157,13.3615,12.53,17.96,8.66,0.01,2.22,23.5,5.435,75.19,99.31
Palermo,2024-03-15,38.1157,13.3615,13.33,18.34,9.96,0.02,1.71,269.0,5.4996,68.22,99.4
Palermo,2024-03-16,38.1157,13.3615,13.35,17.85,10.41,0.2,2.84,285.2,5.1434,82.07,99.46
Palermo,2024-03-17,38.1157,13.3615,13.06,17.29,9.77,0.1,2.86,355.5,5.088,82.71,99.61
Palermo,2024-03-18,38.1157,13.3615,13.28,17.83,9.47,0.25,3.28,210.5,4.7719,79.03,99.28
Palermo,2024-03-19,38.1157,13.3615,14.1,19.61,10.52,0.67,3.55,327.1,3.9341,84.48,98.87
Palermo,2024-03-20,38.1157,13.3615,14.6,19.35,11.1,0.1,1.92,28.8,5.7257,79.08,99.38
Palermo,2024-03-21,38.1157,13.3615,14.35,19.44,10.26,0.02,1.88,271.7,5.7238,74.14,99.75
Palermo,2024-03-22,38.1157,13.3615,13.29,17.28,10.44,1.3,2.0,78.2,4.6812,73.46,99.15
Palermo,2024-03-23,38.1157,13.3615,13.67,19.45,9.91,0.0,2.76,274.5,5.795,68.52,99.13
Palermo,2024-03-24,38.1157,13.3615,14.63,19.29,10.51,0.03,6.42,230.6,5.4806,81.99,98.77
Palermo,2024-03-25,38.1157,13.3615,15.85,21.89,11.92,0.02,2.93,189.0,2.3299,68.77,98.16
Palermo,2024-03-26,38.1157,13.3615,16.12,19.34,12.51,2.1,6.18,192.0,2.7055,82.93,97.37
Palermo,2024-03-27,38.1157,13.3615,13.58,15.59,12.51,0.52,7.61,247.3,2.0983,80.51,97.63
Palermo,2024-03-28,38.1157,13.3615,15.37,20.17,10.64,0.0,7.01,214.6,6.241,70.57,98.83
Palermo,2024-03-29,38.1157,13.3615,16.96,22.56,12.96,0.01,6.79,165.4,5.5586,61.29,98.87
Palermo,2024-03-30,38.1157,13.3615,17.0,22.24,13.24,0.01,10.36,157.7,4.7916,63.08,98.17
Palermo,2024-03-31,38.1157,13.3615,19.0,24.68,15.05,0.03,6.55,170.6,4.1057,62.45,98.35
Palermo,2024-04-01,38.1157,13.3615,17.99,23.68,12.66,0.01,7.01,211.2,5.4701,61.2,98.63
Palermo,2024-04-02,38.1157,13.3615,14.28,18.4,11.22,0.0,3.2,300.0,5.4715,69.37,99.41
Palermo,2024-04-03,38.1157,13.3615,15.17,20.01,11.25,0.0,1.96,268.6,6.4018,52.43,99.33
Palermo,2024-04-04,38.1157,13.3615,16.03,21.91,11.45,0.0,1.96,325.3,6.6598,56.34,99.54
Palermo,2024-04-05,38.1157,13.3615,16.54,22.77,11.72,0.0,2.38,61.5,6.5918,55.81,99.8
Palermo,2024-04-06,38.1157,13.3615,17.11,23.8,11.77,0.0,1.93,79.7,6.5904,54.96,99.79
Palermo,2024-04-07,38.1157,13.3615,18.31,25.25,13.4,0.0,2.11,42.1,6.6766,45.99,99.5
Palermo,2024-04-08,38.1157,13.3615,18.86,27.06,12.13,0.04,2.55,141.2,6.5527,48.18,99.12
Palermo,2024-04-09,38.1157,13.3615,17.68,23.18,13.5,0.07,4.82,187.6,5.8877,70.99,99.14
Palermo,2024-04-10,38.1157,13.3615,14.79,17.89,10.73,0.06,5.98,308.8,5.166,69.8,99.46
Palermo,2024-04-11,38.1157,13.3615,13.63,17.99,9.85,0.22,2.79,13.8,5.5658,68.65,99.68
Palermo,2024-04-12,38.1157,13.3615,16.59,23.12,11.84,0.06,4.14,52.2,3.8755,71.33,99.79
Palermo,2024-04-13,38.1157,13.3615,18.75,25.65,13.0,0.0,3.38,70.3,6.5969,61.56,99.73
Palermo,2024-04-14,38.1157,13.3615,19.89,26.12,14.54,0.0,2.95,70.7,6.1766,57.66,99.65
Palermo,2024-04-15,38.1157,13.3615,20.73,28.05,16.02,0.01,3.5,132.2,2.238,52.21,99.08
Palermo,2024-04-16,38.1157,13.3615,17.75,20.22,14.28,3.2,2.76,206.8,1.391,72.19,98.25
Palermo,2024-04-17,38.1157,13.3615,14.83,17.76,12.41,0.01,8.71,283.9,6.3468,66.5,98.17
Palermo,2024-04-18,38.1157,13.3615,14.22,17.63,11.72,0.07,6.69,278.6,6.0902,66.04,98.48
Palermo,2024-04-19,38.1157,13.3615,12.22,14.65,10.09,2.01,7.9,304.6,4.9277,71.43,98.66
Palermo,2024-04-20,38.1157,13.3615,13.63,18.08,9.15,0.0,5.85,253.9,7.2826,69.98,98.71
Palermo,2024-04-21,38.1157,13.3615,13.89,17.77,10.92,0.01,4.34,331.2,6.7082,70.26,98.6
Palermo,2024-04-22,38.1157,13.3615,14.69,20.14,10.71,0.0,2.72,332.7,6.4258,63.69,98.51
Palermo,2024-04-23,38.1157,13.3615,13.07,16.81,10.07,0.01,5.57,303.0,6.6787,68.19,98.5
Palermo,2024-04-24,38.1157,13.3615,11.52,12.78,10.38,3.24,5.86,260.8,3.6749,74.61,98.54
Palermo,2024-04-25,38.1157,13.3615,12.82,15.96,9.82,0.48,5.81,274.0,4.967,69.9,98.59
Palermo,2024-04-26,38.1157,13.3615,14.0,19.1,9.25,0.02,5.21,170.9,4.4964,69.9,98.64
Palermo,2024-04-27,38.1157,13.3615,16.82,23.77,9.99,0.01,2.45,138.9,7.3368,64.14,98.79
Palermo,2024-04-28,38.1157,13.3615,18.55,25.33,11.81,0.01,2.82,109.5,6.9427,56.42,98.84
Palermo,2024-04-29,38.1157,13.3615,19.67,26.66,13.13,0.0,3.61,122.5,7.1554,52.93,98.92
Palermo,2024-04-30,38.1157,13.3615,18.11,22.59,14.17,0.03,5.06,141.1,4.5089,63.21,98.76
Palermo,2024-05-01,38.1157,13.3615,17.12,20.77,12.94,1.54,6.0,227.0,5.0251,77.05,98.52
Palermo,2024-05-02,38.1157,13.3615,15.76,20.96,11.85,0.06,5.02,247.1,4.1316,75.93,98.97
Palermo,2024-05-03,38.1157,13.3615,15.09,19.2,11.83,0.0,5.98,276.4,7.637,72.36,99.2
Palermo,2024-05-04,38.1157,13.3615,15.52,19.97,11.66,0.01,4.38,302.1,7.5206,68.94,99.22
Palermo,2024-05-05,38.1157,13.3615,17.37,22.96,12.18,0.0,2.24,12.4,7.7326,53.15,99.21
Palermo,2024-05-06,38.1157,13.3615,19.14,25.42,13.11,0.0,2.96,173.4,7.5127,55.67,98.96
Palermo,2024-05-07,38.1157,13.3615,19.36,24.81,14.87,0.56,2.93,182.1,3.3917,65.16,98.86
Palermo,2024-05-08,38.1157,13.3615,15.7,17.14,13.69,27.91,1.64,168.4,1.561,85.49,98.69
Palermo,2024-05-09,38.1157,13.3615,15.61,17.77,13.53,12.24,5.34,17.3,3.9473,89.2,98.56
Palermo,2024-05-10,38.1157,13.3615,17.9,22.52,14.14,0.18,2.78,340.0,7.2463,77.86,98.94
Palermo,2024-05-11,38.1157,13.3615,18.29,23.44,13.56,0.01,2.58,351.8,7.5451,71.28,99.09
Palermo,2024-05-12,38.1157,13.3615,19.77,25.32,14.44,0.0,1.74,95.0,7.8163,58.72,99.18
Palermo,2024-05-13,38.1157,13.3615,20.42,25.96,14.98,0.02,1.61,123.2,7.6109,60.9,98.86
Palermo,2024-05-14,38.1157,13.3615,21.42,27.17,16.92,0.13,2.14,156.2,7.0536,62.28,98.3
Palermo,2024-05-15,38.1157,13.3615,21.63,30.0,16.56,0.08,2.98,176.8,4.745,61.54,98.18
Palermo,2024-05-16,38.1157,13.3615,20.49,25.17,16.97,0.0,2.56,312.8,6.9619,69.13,98.17
Palermo,2024-05-17,38.1157,13.3615,21.9,29.4,16.04,0.03,1.8,196.7,7.3745,58.99,98.66
Palermo,2024-05-18,38.1157,13.3615,22.83,27.42,19.33,0.57,3.08,191.1,3.4363,64.88,98.59
Palermo,2024-05-19,38.1157,13.3615,23.25,29.48,19.22,1.71,2.04,192.2,2.5454,62.71,98.5
Palermo,2024-05-20,38.1157,13.3615,23.51,31.51,18.73,0.07,4.21,170.8,6.9468,64.08,98.16
Palermo,2024-05-21,38.1157,13.3615,19.81,23.51,15.85,0.06,4.85,283.3,7.5953,75.96,98.78
Palermo,2024-05-22,38.1157,13.3615,20.35,25.58,15.16,0.01,3.15,267.3,7.8168,64.55,99.14
Palermo,2024-05-23,38.1157,13.3615,21.43,26.38,16.0,0.0,1.76,333.8,8.1108,55.02,99.2
Palermo,2024-05-24,38.1157,13.3615,22.56,27.72,17.73,0.0,2.06,60.8,6.6888,53.91,99.15
Palermo,2024-05-25,38.1157,13.3615,20.33,25.93,16.88,0.54,3.7,35.7,4.829,65.32,99.06
Palermo,2024-05-26,38.1157,13.3615,19.55,24.05,15.58,0.01,3.67,356.7,7.9699,67.86,99.24
Palermo,2024-05-27,38.1157,13.3615,20.65,25.97,15.75,0.0,2.35,13.7,7.9913,55.63,99.25
Palermo,2024-05-28,38.1157,13.3615,22.16,27.09,17.91,1.25,1.82,278.2,7.8533,50.38,98.99
Palermo,2024-05-29,38.1157,13.3615,21.03,25.75,17.67,1.12,3.1,267.8,7.5178,64.93,98.78
Palermo,2024-05-30,38.1157,13.3615,21.54,26.11,17.33,0.14,2.37,332.6,7.6322,64.33,98.55
Palermo,2024-05-31,38.1157,13.3615,23.02,28.0,18.29,0.0,4.12,221.0,7.6402,60.37,98.57
Palermo,2024-06-01,38.1157,13.3615,23.55,29.37,17.72,0.01,2.45,202.0,5.4854,60.39,98.83
Palermo,2024-06-02,38.1157,13.3615,22.88,27.57,18.69,0.1,3.14,6.8,6.1553,65.52,98.83
Palermo,2024-06-03,38.1157,13.3615,21.26,25.28,17.99,0.32,3.24,324.1,7.6908,66.89,98.94
Palermo,2024-06-04,38.1157,13.3615,22.44,28.08,17.2,0.01,2.36,39.9,6.1826,65.54,98.83
Palermo,2024-06-05,38.1157,13.3615,22.27,27.48,18.08,0.19,3.92,27.2,7.1866,66.59,99.0
Palermo,2024-06-06,38.1157,13.3615,21.91,27.33,16.96,0.0,3.67,14.2,8.4154,64.44,99.24
Palermo,2024-06-07,38.1157,13.3615,23.7,29.62,17.76,0.0,2.92,42.0,8.376,60.65,99.23
Palermo,2024-06-08,38.1157,13.3615,25.81,31.85,18.89,0.0,1.74,83.1,8.2474,52.76,98.88
Palermo,2024-06-09,38.1157,13.3615,25.88,32.36,21.26,0.02,4.67,181.2,5.4334,44.01,98.47
Palermo,2024-06-10,38.1157,13.3615,24.24,29.9,20.22,0.02,3.41,268.9,7.8233,57.27,98.52
Palermo,2024-06-11,38.1157,13.3615,25.51,31.77,20.51,0.0,2.72,69.6,7.5362,55.11,98.5
Palermo,2024-06-12,38.1157,13.3615,24.25,29.2,20.57,0.01,3.39,22.2,6.1265,68.13,98.73
Palermo,2024-06-13,38.1157,13.3615,23.55,28.55,19.53,0.04,4.09,355.6,7.4441,65.02,99.07
Palermo,2024-06-14,38.1157,13.3615,22.03,27.23,17.44,0.0,3.57,11.7,8.689,58.08,99.26
Palermo,2024-06-15,38.1157,13.3615,23.97,30.45,17.11,0.0,2.94,180.9,7.3193,48.96,98.87
Palermo,2024-06-16,38.1157,13.3615,23.88,29.08,20.18,1.52,3.28,250.4,2.9693,68.2,98.83
Palermo,2024-06-17,38.1157,13.3615,25.12,30.89,19.91,0.21,2.89,39.4,7.926,63.24,99.05
Palermo,2024-06-18,38.1157,13.3615,27.51,34.29,20.83,0.0,2.01,153.4,7.277,50.46,99.13
Palermo,2024-06-19,38.1157,13.3615,28.06,34.64,22.54,0.0,2.38,175.5,3.9022,43.83,99.17
Palermo,2024-06-20,38.1157,13.3615,28.63,35.35,22.88,0.0,2.2,57.7,6.0828,40.81,99.15
Palermo,2024-06-21,38.1157,13.3615,27.84,32.96,22.4,0.02,2.43,327.0,7.044,48.16,99.01
Palermo,2024-06-22,38.1157,13.3615,24.15,28.53,20.73,0.04,4.33,346.1,7.7614,63.31,98.9
Palermo,2024-06-23,38.1157,13.3615,24.47,29.61,19.92,0.01,2.97,347.8,8.0076,59.5,98.64
Palermo,2024-06-24,38.1157,13.3615,23.82,27.73,20.47,0.28,3.22,277.2,6.7294,61.35,98.61
Palermo,2024-06-25,38.1157,13.3615,24.81,30.17,21.19,2.54,2.87,25.2,5.2315,64.13,98.53
Palermo,2024-06-26,38.1157,13.3615,24.02,28.35,20.37,0.38,3.54,332.3,7.5732,67.31,98.63
Palermo,2024-06-27,38.1157,13.3615,24.97,30.26,19.41,0.0,2.75,18.7,7.1803,56.71,98.83
Palermo,2024-06-28,38.1157,13.3615,26.79,32.87,21.52,0.0,3.71,56.3,7.9613,49.36,98.97
Palermo,2024-06-29,38.1157,13.3615,28.27,33.83,22.21,0.0,2.72,72.8,6.617,45.14,99.01
Palermo,2024-06-30,38.1157,13.3615,27.34,32.7,21.72,0.06,3.27,237.0,7.1102,50.23,98.94
Palermo,2024-07-01,38.1157,13.3615,28.77,35.36,23.49,0.13,2.99,211.9,6.9415,45.87,98.6
Palermo,2024-07-02,38.1157,13.3615,24.74,27.9,21.96,0.87,6.49,292.5,7.5166,72.18,98.37
Palermo,2024-07-03,38.1157,13.3615,23.59,27.32,20.93,0.09,5.99,291.9,6.366,67.66,98.32
Palermo,2024-07-04,38.1157,13.3615,23.41,27.09,20.2,0.12,4.97,308.7,7.0246,65.88,98.5
Palermo,2024-07-05,38.1157,13.3615,25.11,30.57,19.52,0.0,1.96,8.4,8.053,63.25,98.94
Palermo,2024-07-06,38.1157,13.3615,26.24,31.3,20.75,0.0,3.23,173.9,7.8262,53.27,98.8
Palermo,2024-07-07,38.1157,13.3615,26.33,32.2,21.36,0.0,3.6,191.5,4.7875,55.08,98.76
Palermo,2024-07-08,38.1157,13.3615,27.65,33.53,22.33,0.0,2.42,22.3,7.2526,54.68,98.91
Palermo,2024-07-09,38.1157,13.3615,29.12,34.97,24.01,0.02,3.24,29.9,7.5074,54.9,98.9
Palermo,2024-07-10,38.1157,13.3615,28.75,34.54,23.85,0.0,3.85,28.3,8.1662,49.31,98.94
Palermo,2024-07-11,38.1157,13.3615,28.63,34.58,22.62,0.0,3.08,21.2,7.9622,53.84,98.97
Palermo,2024-07-12,38.1157,13.3615,29.88,35.2,24.51,0.0,1.75,20.5,8.1178,46.7,98.77
Palermo,2024-07-13,38.1157,13.3615,29.84,35.98,24.45,0.0,1.98,245.3,8.0573,42.41,98.63
Palermo,2024-07-14,38.1157,13.3615,30.4,36.56,25.0,0.0,1.85,355.0,7.9351,44.62,98.68
Palermo,2024-07-15,38.1157,13.3615,29.88,36.03,24.6,0.0,2.89,27.4,8.0674,48.34,98.7
Palermo,2024-07-16,38.1157,13.3615,29.0,35.06,23.66,0.09,3.12,11.2,7.9858,53.02,98.78
Palermo,2024-07-17,38.1157,13.3615,29.24,34.85,23.75,0.0,3.46,29.6,8.0292,48.52,98.93
Palermo,2024-07-18,38.1157,13.3615,29.76,35.65,24.27,0.1,3.63,36.0,7.8756,48.4,99.04
Palermo,2024-07-19,38.1157,13.3615,29.33,35.09,24.19,0.0,3.45,19.4,7.8533,49.19,98.93
Palermo,2024-07-20,38.1157,13.3615,29.06,34.26,23.51,0.0,2.9,353.3,7.6442,48.54,98.57
Palermo,2024-07-21,38.1157,13.3615,31.06,36.5,25.73,0.0,1.99,306.1,7.8158,39.41,98.46
Palermo,2024-07-22,38.1157,13.3615,27.43,30.8,24.47,0.26,6.34,266.7,6.8707,60.64,98.55
Palermo,2024-07-23,38.1157,13.3615,27.24,31.75,23.4,0.05,4.34,350.2,7.6102,64.25,98.79
Palermo,2024-07-24,38.1157,13.3615,27.5,32.1,23.52,0.01,3.3,328.0,7.6219,64.57,98.73
Palermo,2024-07-25,38.1157,13.3615,28.64,34.18,23.33,0.0,2.06,332.0,7.5182,55.53,98.4
Palermo,2024-07-26,38.1157,13.3615,28.78,33.84,23.97,0.0,2.08,51.0,7.1302,57.07,98.59
Palermo,2024-07-27,38.1157,13.3615,29.15,34.09,24.57,0.0,2.01,45.9,7.3865,56.93,98.97
Palermo,2024-07-28,38.1157,13.3615,29.71,34.67,25.27,0.0,3.18,47.0,7.5094,54.33,99.16
Palermo,2024-07-29,38.1157,13.3615,29.38,34.55,24.93,0.0,3.77,20.1,7.4654,52.03,99.0
Palermo,2024-07-30,38.1157,13.3615,29.49,35.48,24.82,0.0,3.34,4.3,7.3157,56.99,98.87
Palermo,2024-07-31,38.1157,13.3615,30.01,35.72,24.69,0.0,2.93,22.6,7.6296,51.68,98.8
Palermo,2024-08-01,38.1157,13.3615,30.46,35.94,24.93,0.0,2.47,37.6,7.2418,42.07,98.72
Palermo,2024-08-02,38.1157,13.3615,31.46,36.84,26.06,0.0,2.49,232.3,7.4194,39.93,98.51
Palermo,2024-08-03,38.1157,13.3615,30.3,36.26,25.9,0.06,3.66,242.8,4.0634,47.99,98.29
Palermo,2024-08-04,38.1157,13.3615,29.18,34.78,24.76,0.79,2.55,334.0,6.9086,63.93,98.38
Palermo,2024-08-05,38.1157,13.3615,28.7,33.59,24.74,2.18,2.83,2.8,6.6979,66.4,98.48
Palermo,2024-08-06,38.1157,13.3615,28.63,33.48,24.87,0.96,2.54,12.3,6.9125,63.73,98.55
Palermo,2024-08-07,38.1157,13.3615,29.34,34.01,25.1,1.11,2.39,27.6,6.9343,61.14,98.66
Palermo,2024-08-08,38.1157,13.3615,29.36,34.14,25.52,0.37,2.59,12.1,6.9984,57.36,98.8
Palermo,2024-08-09,38.1157,13.3615,29.48,35.1,25.0,0.01,3.0,20.9,6.9734,51.95,98.96
Palermo,2024-08-10,38.1157,13.3615,30.08,35.8,24.6,0.01,2.63,56.1,6.7889,53.04,99.1
Palermo,2024-08-11,38.1157,13.3615,30.32,35.28,25.9,0.0,2.05,13.7,7.1069,50.33,99.08
Palermo,2024-08-12,38.1157,13.3615,30.92,35.64,26.63,0.0,1.45,359.0,7.0848,47.7,98.77
Palermo,2024-08-13,38.1157,13.3615,30.93,35.43,26.69,0.01,1.67,285.4,6.8954,49.01,98.57
Palermo,2024-08-14,38.1157,13.3615,31.16,35.86,27.27,0.01,1.39,234.3,6.8203,46.1,98.63
Palermo,2024-08-15,38.1157,13.3615,31.15,36.01,26.7,0.04,2.15,269.7,6.7102,43.76,98.93
Palermo,2024-08-16,38.1157,13.3615,31.46,36.14,27.75,0.03,2.42,300.4,6.3511,45.02,99.01
Palermo,2024-08-17,38.1157,13.3615,30.51,34.5,27.0,0.15,2.38,310.3,3.9756,45.94,98.77
Palermo,2024-08-18,38.1157,13.3615,27.57,31.55,25.04,0.87,3.94,283.6,4.715,66.62,98.48
Palermo,2024-08-19,38.1157,13.3615,27.0,30.66,24.32,1.03,6.0,271.2,6.275,61.3,98.35
Palermo,2024-08-20,38.1157,13.3615,26.08,29.16,23.62,5.25,6.4,295.7,5.8368,66.85,98.43
Palermo,2024-08-21,38.1157,13.3615,26.63,30.85,22.82,0.39,3.8,319.1,6.144,69.05,98.65
Palermo,2024-08-22,38.1157,13.3615,27.49,32.05,23.88,0.58,2.71,356.2,6.5832,67.97,98.68
Palermo,2024-08-23,38.1157,13.3615,27.48,31.46,24.58,1.89,2.22,48.2,6.1138,70.48,98.88
Palermo,2024-08-24,38.1157,13.3615,27.67,31.67,24.31,0.97,2.15,48.8,6.3,66.68,99.07
Palermo,2024-08-25,38.1157,13.3615,27.56,32.33,23.56,0.09,3.04,21.4,6.5969,59.32,98.92
Palermo,2024-08-26,38.1157,13.3615,27.47,32.58,23.21,0.04,3.18,17.5,6.4298,62.23,98.68
Palermo,2024-08-27,38.1157,13.3615,28.2,33.42,23.51,2.2,2.54,22.9,6.1495,59.38,98.72
Palermo,2024-08-28,38.1157,13.3615,27.13,29.79,25.08,5.99,1.82,91.2,5.3606,68.16,98.92
Palermo,2024-08-29,38.1157,13.3615,27.07,31.4,24.09,0.24,1.81,10.0,6.18,60.55,99.0
Palermo,2024-08-30,38.1157,13.3615,26.72,31.44,23.05,0.12,2.85,20.9,6.1296,63.73,98.97
Palermo,2024-08-31,38.1157,13.3615,27.48,32.98,22.86,0.01,3.23,40.8,6.0031,62.15,98.93
Palermo,2024-09-01,38.1157,13.3615,28.14,32.64,24.52,0.03,2.29,73.3,4.8622,55.63,98.76
Palermo,2024-09-02,38.1157,13.3615,27.95,32.57,23.92,0.14,2.01,194.7,5.8406,59.56,98.8
Palermo,2024-09-03,38.1157,13.3615,27.13,30.08,24.7,1.88,3.48,168.3,4.0313,66.68,98.91
Palermo,2024-09-04,38.1157,13.3615,27.2,30.71,24.67,1.81,4.19,175.8,5.6726,72.96,98.73
Palermo,2024-09-05,38.1157,13.3615,27.76,32.52,24.61,0.27,4.0,224.1,5.0642,70.1,98.61
Palermo,2024-09-06,38.1157,13.3615,28.95,33.95,24.39,0.04,2.3,207.2,5.7185,60.85,98.67
Palermo,2024-09-07,38.1157,13.3615,29.55,35.16,24.72,0.1,2.24,170.7,3.5784,57.57,98.93
Palermo,2024-09-08,38.1157,13.3615,29.64,35.15,25.81,0.46,4.33,176.3,5.3549,54.27,98.8
Palermo,2024-09-09,38.1157,13.3615,25.79,27.99,23.42,28.3,8.16,272.0,5.2586,72.68,98.34
Palermo,2024-09-10,38.1157,13.3615,24.68,27.96,22.23,1.08,6.52,306.9,5.225,68.97,98.35
Palermo,2024-09-11,38.1157,13.3615,23.84,27.64,21.29,0.34,4.1,275.1,5.3345,69.24,98.54
Palermo,2024-09-12,38.1157,13.3615,23.57,26.74,21.2,1.02,5.76,255.2,5.3114,71.36,98.61
Palermo,2024-09-13,38.1157,13.3615,22.11,24.91,18.81,1.24,10.02,279.4,5.4626,62.26,98.72
Palermo,2024-09-14,38.1157,13.3615,19.79,22.71,17.44,0.23,6.71,299.0,4.2449,60.5,99.01
Palermo,2024-09-15,38.1157,13.3615,20.62,24.78,17.36,0.01,4.21,289.1,4.8072,59.71,98.92
Palermo,2024-09-16,38.1157,13.3615,20.85,25.12,17.32,0.16,3.63,257.4,5.4766,67.82,98.59
Palermo,2024-09-17,38.1157,13.3615,21.03,24.04,18.8,1.48,5.18,235.3,3.4003,71.33,98.44
Palermo,2024-09-18,38.1157,13.3615,21.93,26.19,18.29,0.87,3.26,234.5,4.7369,70.72,98.8
Palermo,2024-09-19,38.1157,13.3615,21.98,26.38,19.0,0.84,3.11,249.8,4.897,72.34,98.81
Palermo,2024-09-20,38.1157,13.3615,21.95,26.23,18.94,0.0,2.73,338.0,5.2231,66.09,99.03
Palermo,2024-09-21,38.1157,13.3615,22.32,27.44,18.14,0.0,2.2,39.1,5.2584,65.67,99.23
Palermo,2024-09-22,38.1157,13.3615,23.27,26.74,20.66,0.72,4.19,176.6,1.7215,71.88,99.07
Palermo,2024-09-23,38.1157,13.3615,22.11,24.28,20.26,7.04,3.61,185.9,2.497,83.85,98.82
Palermo,2024-09-24,38.1157,13.3615,22.4,26.62,19.24,0.82,3.37,249.6,5.1396,73.52,99.0
Palermo,2024-09-25,38.1157,13.3615,22.02,25.12,19.11,8.1,3.41,189.5,2.9544,78.78,99.12
Palermo,2024-09-26,38.1157,13.3615,23.29,28.4,19.19,0.2,4.12,200.2,5.208,78.62,99.13
Palermo,2024-09-27,38.1157,13.3615,24.94,30.66,20.99,0.14,4.6,197.2,5.1137,77.45,98.84
Palermo,2024-09-28,38.1157,13.3615,23.11,27.81,19.91,0.11,4.5,280.8,3.7793,78.96,98.96
Palermo,2024-09-29,38.1157,13.3615,20.53,24.05,17.85,0.0,5.05,333.9,4.9812,66.57,99.46
Palermo,2024-09-30,38.1157,13.3615,20.15,24.82,17.16,0.0,3.05,357.7,5.1468,66.73,99.48
Palermo,2024-10-01,38.1157,13.3615,21.26,26.85,17.07,0.0,1.83,0.6,5.2387,62.88,99.14
Palermo,2024-10-02,38.1157,13.3615,22.22,27.36,18.48,0.02,5.9,200.4,4.1306,75.61,98.59
Palermo,2024-10-03,38.1157,13.3615,22.92,27.1,19.41,1.41,6.26,197.0,2.9846,82.88,98.16
Palermo,2024-10-04,38.1157,13.3615,20.25,23.47,17.65,0.07,5.22,283.7,4.9142,68.68,98.62
Palermo,2024-10-05,38.1157,13.3615,19.42,22.7,17.24,0.12,5.1,270.4,4.6054,70.38,98.8
Palermo,2024-10-06,38.1157,13.3615,19.87,23.77,16.48,0.0,3.47,277.2,4.7993,65.56,98.88
Palermo,2024-10-07,38.1157,13.3615,21.71,26.71,17.15,0.4,2.56,193.4,4.6934,67.45,99.09
Palermo,2024-10-08,38.1157,13.3615,22.36,26.55,19.4,4.9,6.76,176.2,3.3962,79.49,98.91
Palermo,2024-10-09,38.1157,13.3615,22.32,26.1,19.67,0.46,3.56,224.3,4.4071,73.25,98.71
Palermo,2024-10-10,38.1157,13.3615,22.74,27.52,19.62,0.01,5.48,206.7,3.5424,71.19,98.38
Palermo,2024-10-11,38.1157,13.3615,20.3,23.79,17.1,0.0,4.58,300.5,4.3022,69.94,98.81
Palermo,2024-10-12,38.1157,13.3615,20.29,25.45,16.81,0.0,2.42,29.8,4.6078,65.08,99.17
Palermo,2024-10-13,38.1157,13.3615,21.06,26.29,17.08,0.0,1.98,351.9,4.5775,55.83,99.36
Palermo,2024-10-14,38.1157,13.3615,21.88,27.94,17.78,0.0,2.38,56.6,4.4935,57.92,99.38
Palermo,2024-10-15,38.1157,13.3615,22.33,28.39,17.85,0.01,1.7,156.1,3.5242,68.21,99.33
Palermo,2024-10-16,38.1157,13.3615,22.36,27.63,18.42,0.02,3.57,169.1,3.1944,75.08,99.36
Palermo,2024-10-17,38.1157,13.3615,22.9,27.01,20.53,0.05,5.21,162.7,3.0259,73.71,99.29
Palermo,2024-10-18,38.1157,13.3615,21.47,23.74,19.92,3.56,3.76,152.5,1.9582,81.06,99.08
Palermo,2024-10-19,38.1157,13.3615,19.8,22.33,16.74,14.82,4.57,246.9,2.5402,82.37,98.57
Palermo,2024-10-20,38.1157,13.3615,19.48,23.23,16.51,0.5,1.68,133.0,4.0406,70.13,99.17
Palermo,2024-10-21,38.1157,13.3615,20.64,25.39,17.31,0.16,1.68,138.2,3.7181,69.37,99.73
Palermo,2024-10-22,38.1157,13.3615,20.32,22.98,18.29,1.48,2.95,141.4,1.7069,77.78,99.92
Palermo,2024-10-23,38.1157,13.3615,20.91,24.58,18.3,1.47,2.37,159.8,2.8147,78.74,100.03
Palermo,2024-10-24,38.1157,13.3615,20.62,24.66,17.75,0.19,1.88,141.3,3.029,81.07,100.02
Palermo,2024-10-25,38.1157,13.3615,20.53,24.74,17.8,0.13,1.93,155.5,3.4462,77.99,99.73
Palermo,2024-10-26,38.1157,13.3615,19.86,23.42,17.27,0.02,3.44,148.7,2.6868,73.27,99.48
Palermo,2024-10-27,38.1157,13.3615,20.4,23.76,17.96,0.24,4.14,143.8,3.2971,76.99,99.51
Palermo,2024-10-28,38.1157,13.3615,20.21,24.36,17.32,0.0,1.83,104.4,3.6622,73.41,99.75
Palermo,2024-10-29,38.1157,13.3615,20.07,24.82,17.33,0.0,1.79,53.5,3.5563,75.97,99.76
Palermo,2024-10-30,38.1157,13.3615,19.9,25.32,16.69,0.0,2.1,60.8,3.3948,69.46,99.66
Palermo,2024-10-31,38.1157,13.3615,20.27,25.32,17.22,0.0,1.76,78.5,3.353,66.97,99.62
Palermo,2024-11-01,38.1157,13.3615,19.49,24.11,16.54,0.02,1.71,97.0,3.6941,71.36,99.68
Palermo,2024-11-02,38.1157,13.3615,18.23,22.98,15.13,0.0,2.47,47.8,3.6955,71.59,99.58
Palermo,2024-11-03,38.1157,13.3615,18.02,22.96,14.03,0.0,2.14,47.8,3.6274,73.33,99.77
Palermo,2024-11-04,38.1157,13.3615,18.3,22.91,15.54,0.0,1.44,19.6,3.5544,70.92,99.81
Palermo,2024-11-05,38.1157,13.3615,17.65,22.52,14.46,0.0,1.83,66.2,3.515,72.5,99.72
Palermo,2024-11-06,38.1157,13.3615,19.02,23.22,16.05,0.02,1.67,180.4,3.1663,70.24,99.81
Palermo,2024-11-07,38.1157,13.3615,18.32,21.08,16.43,1.07,2.86,161.2,2.9592,78.0,99.96
Palermo,2024-11-08,38.1157,13.3615,17.58,19.29,16.52,0.94,3.4,159.5,2.7679,86.18,99.76
Palermo,2024-11-09,38.1157,13.3615,17.99,20.94,15.74,0.76,1.6,145.2,2.7958,74.34,99.6
Palermo,2024-11-10,38.1157,13.3615,16.33,18.03,15.25,3.62,3.03,183.0,1.7124,83.27,99.22
Palermo,2024-11-11,38.1157,13.3615,16.74,19.71,14.71,5.25,3.01,134.2,1.9596,79.39,99.04
Palermo,2024-11-12,38.1157,13.3615,16.41,18.68,14.94,10.84,3.83,116.5,1.2144,82.46,98.82
Palermo,2024-11-13,38.1157,13.3615,17.22,20.84,15.36,1.76,5.0,223.0,2.849,82.95,99.17
Palermo,2024-11-14,38.1157,13.3615,16.59,20.22,14.54,0.94,2.85,281.8,2.7401,80.2,99.18
Palermo,2024-11-15,38.1157,13.3615,14.91,18.0,12.96,0.23,4.39,333.1,2.7626,74.98,99.24
Palermo,2024-11-16,38.1157,13.3615,14.81,18.57,12.71,0.0,2.57,318.8,2.803,71.16,99.47
Palermo,2024-11-17,38.1157,13.3615,14.96,19.24,11.89,0.0,2.52,278.0,3.0461,69.27,99.22
Palermo,2024-11-18,38.1157,13.3615,16.24,20.61,13.72,0.04,3.97,271.2,2.915,84.98,98.99
Palermo,2024-11-19,38.1157,13.3615,17.04,20.11,14.99,0.42,5.18,261.0,2.7211,84.1,99.05
Palermo,2024-11-20,38.1157,13.3615,17.79,20.42,15.69,0.6,8.15,257.9,2.4338,84.41,98.58
Palermo,2024-11-21,38.1157,13.3615,17.13,19.33,15.92,0.47,6.13,272.4,1.9015,75.78,98.55
Palermo,2024-11-22,38.1157,13.3615,17.23,20.46,14.21,0.85,8.33,258.5,1.8516,78.43,98.47
Palermo,2024-11-23,38.1157,13.3615,13.51,16.43,10.32,0.0,5.4,0.4,2.873,57.14,99.99
Palermo,2024-11-24,38.1157,13.3615,12.79,16.85,8.9,0.07,3.27,160.9,2.8634,66.86,100.67
Palermo,2024-11-25,38.1157,13.3615,14.64,19.23,11.38,0.18,3.91,178.1,2.5181,78.21,100.2
Palermo,2024-11-26,38.1157,13.3615,16.26,20.23,13.85,0.1,4.24,200.6,2.9006,79.2,99.78
Palermo,2024-11-27,38.1157,13.3615,16.0,20.53,13.18,0.01,3.39,196.7,2.7521,83.13,99.76
Palermo,2024-11-28,38.1157,13.3615,15.9,20.01,13.54,0.01,3.63,212.2,2.5598,85.43,99.82
Palermo,2024-11-29,38.1157,13.3615,15.88,18.35,13.81,0.72,5.37,281.8,2.172,81.93,99.59
Palermo,2024-11-30,38.1157,13.3615,13.02,15.71,10.52,0.82,6.34,355.6,2.0719,71.23,99.42
Palermo,2024-12-01,38.1157,13.3615,12.7,14.98,10.69,0.17,4.6,324.3,1.6344,71.82,99.37
Palermo,2024-12-02,38.1157,13.3615,13.64,16.25,11.68,0.2,3.22,322.4,1.8122,76.22,99.29
Palermo,2024-12-03,38.1157,13.3615,14.26,17.02,12.33,0.99,3.29,273.5,2.0208,80.03,99.07
Palermo,2024-12-04,38.1157,13.3615,13.63,15.92,11.71,7.93,3.32,277.2,1.7554,86.4,98.84
Palermo,2024-12-05,38.1157,13.3615,13.16,14.62,11.37,3.2,6.22,0.5,1.2914,78.05,98.65
Palermo,2024-12-06,38.1157,13.3615,13.26,16.32,10.76,0.05,5.23,336.9,2.1454,76.39,99.07
Palermo,2024-12-07,38.1157,13.3615,14.03,16.9,12.08,0.24,4.41,283.1,2.2231,86.27,98.67
Palermo,2024-12-08,38.1157,13.3615,12.71,15.08,11.49,3.01,10.57,256.9,1.698,74.25,97.98
Palermo,2024-12-09,38.1157,13.3615,12.01,12.81,11.45,3.63,7.37,244.8,1.6392,80.64,98.38
Palermo,2024-12-10,38.1157,13.3615,12.08,13.71,10.97,1.84,5.89,237.5,1.5931,81.31,98.99
Palermo,2024-12-11,38.1157,13.3615,13.02,16.36,10.78,0.23,3.15,230.4,2.3304,64.17,99.53
Palermo,2024-12-12,38.1157,13.3615,13.36,18.0,9.7,0.01,4.31,128.9,2.0534,66.45,99.61
Palermo,2024-12-13,38.1157,13.3615,15.79,19.35,13.38,1.66,7.01,157.8,2.4226,87.39,99.66
Palermo,2024-12-14,38.1157,13.3615,13.99,17.57,12.24,0.62,3.81,278.3,2.4672,84.28,99.85
Palermo,2024-12-15,38.1157,13.3615,12.73,14.98,11.0,1.5,5.29,304.2,1.5122,76.14,99.77
Palermo,2024-12-16,38.1157,13.3615,11.78,15.29,9.1,0.13,5.3,31.0,2.4922,71.76,100.6
Palermo,2024-12-17,38.1157,13.3615,11.65,16.03,9.02,0.0,2.06,2.0,2.6215,73.71,100.64
Palermo,2024-12-18,38.1157,13.3615,11.5,15.72,9.63,0.01,2.11,346.1,2.5822,85.56,100.23
Palermo,2024-12-19,38.1157,13.3615,12.1,15.38,9.66,0.07,3.58,249.3,1.6618,85.74,99.44
Palermo,2024-12-20,38.1157,13.3615,12.71,14.69,10.86,0.89,10.88,277.3,1.6039,74.22,98.73
Palermo,2024-12-21,38.1157,13.3615,11.92,14.5,9.68,0.11,6.69,313.1,1.8679,69.2,99.41
Palermo,2024-12-22,38.1157,13.3615,11.75,14.42,8.51,0.21,5.14,281.1,2.1809,73.23,99.24
Palermo,2024-12-23,38.1157,13.3615,11.28,13.41,9.35,7.45,11.48,288.0,1.435,70.97,97.89
Palermo,2024-12-24,38.1157,13.3615,9.42,10.48,8.3,2.84,9.14,346.0,1.3802,71.28,98.25
Palermo,2024-12-25,38.1157,13.3615,10.11,11.63,8.85,2.28,7.02,14.1,1.2463,76.39,99.05
Palermo,2024-12-26,38.1157,13.3615,11.15,13.59,10.0,0.11,4.86,27.9,1.2454,74.17,99.44
Palermo,2024-12-27,38.1157,13.3615,11.66,15.29,9.25,0.19,3.82,43.0,2.4043,76.12,99.85
Palermo,2024-12-28,38.1157,13.3615,10.94,14.51,8.63,0.04,3.58,4.9,2.3285,79.46,99.88
Palermo,2024-12-29,38.1157,13.3615,11.25,15.3,9.24,0.0,1.59,25.6,2.6513,77.0,100.01
Palermo,2024-12-30,38.1157,13.3615,11.32,16.07,8.03,0.0,1.88,84.8,2.7221,71.8,100.29
Palermo,2024-12-31,38.1157,13.3615,11.7,15.99,8.87,0.06,2.04,112.0,2.6976,75.1,100.46
Palermo,2025-01-01,38.1157,13.3615,10.97,15.87,8.39,0.0,2.5,85.6,2.5678,77.02,100.38
Palermo,2025-01-02,38.1157,13.3615,11.26,15.42,8.99,0.0,1.85,110.2,2.5702,71.36,100.0
Palermo,2025-01-03,38.1157,13.3615,11.32,14.79,8.52,0.03,3.3,263.1,2.5262,77.14,99.51
Palermo,2025-01-04,38.1157,13.3615,12.31,15.07,10.51,0.32,3.5,297.1,2.118,83.72,99.35
Palermo,2025-01-05,38.1157,13.3615,11.91,16.04,9.06,0.01,3.4,205.4,2.7053,87.86,99.51
Palermo,2025-01-06,38.1157,13.3615,13.38,15.88,11.57,0.05,8.63,183.8,1.8967,81.78,98.99
Palermo,2025-01-07,38.1157,13.3615,13.79,16.92,11.69,2.19,5.91,212.5,1.5264,87.44,98.73
Palermo,2025-01-08,38.1157,13.3615,12.28,15.3,10.02,0.1,4.54,290.2,2.6959,80.28,99.43
Palermo,2025-01-09,38.1157,13.3615,12.94,16.65,9.84,0.49,5.38,218.3,1.9579,83.84,99.27
Palermo,2025-01-10,38.1157,13.3615,12.8,16.42,10.94,0.12,5.49,276.1,2.405,90.77,99.29
Palermo,2025-01-11,38.1157,13.3615,13.43,16.18,11.31,1.33,6.03,256.2,2.1552,90.24,99.0
Palermo,2025-01-12,38.1157,13.3615,11.41,14.0,8.86,3.44,7.54,332.1,1.021,87.02,98.35
Palermo,2025-01-13,38.1157,13.3615,9.87,11.59,8.48,1.67,6.89,34.9,1.3356,79.98,98.78
Palermo,2025-01-14,38.1157,13.3615,10.19,10.93,9.36,1.3,8.72,40.3,1.8754,84.23,99.1
Palermo,2025-01-15,38.1157,13.3615,9.76,11.44,8.52,0.8,3.47,20.5,1.4095,82.56,99.32
Palermo,2025-01-16,38.1157,13.3615,10.44,13.98,6.94,0.54,3.49,131.1,1.8782,78.1,99.53
Palermo,2025-01-17,38.1157,13.3615,13.63,16.82,10.99,8.45,7.76,110.9,1.2782,85.67,99.02
Palermo,2025-01-18,38.1157,13.3615,12.17,14.6,10.47,0.61,7.59,165.1,1.6106,72.76,99.09
Palermo,2025-01-19,38.1157,13.3615,12.26,14.91,10.41,1.23,5.77,178.9,1.5432,80.98,99.2
Palermo,2025-01-20,38.1157,13.3615,11.32,14.81,9.44,0.46,3.48,224.1,1.9438,86.22,99.38
Palermo,2025-01-21,38.1157,13.3615,11.32,15.58,8.86,0.15,4.34,226.1,2.333,83.03,99.38
Palermo,2025-01-22,38.1157,13.3615,12.04,17.54,8.48,0.0,4.09,172.6,2.9858,84.0,99.24
Palermo,2025-01-23,38.1157,13.3615,13.52,17.95,11.1,0.07,4.9,183.2,2.5265,83.8,99.04
Palermo,2025-01-24,38.1157,13.3615,12.31,16.12,9.31,0.26,4.01,291.7,3.0713,91.19,99.37
Palermo,2025-01-25,38.1157,13.3615,12.08,17.34,8.41,0.0,2.48,167.7,2.8099,83.17,99.63
Palermo,2025-01-26,38.1157,13.3615,13.23,18.74,10.72,0.06,4.04,227.1,3.0595,86.84,99.55
Palermo,2025-01-27,38.1157,13.3615,13.0,17.87,8.59,0.03,4.58,190.9,3.0278,84.19,99.55
Palermo,2025-01-28,38.1157,13.3615,13.94,18.89,11.24,0.07,5.42,222.4,3.1157,87.15,98.99
Palermo,2025-01-29,38.1157,13.3615,10.51,11.13,9.69,3.32,3.64,299.3,1.4731,85.86,99.05
Palermo,2025-01-30,38.1157,13.3615,11.45,15.26,8.99,0.09,3.97,239.1,2.5157,78.68,99.43
Palermo,2025-01-31,38.1157,13.3615,12.22,17.65,8.73,0.0,3.5,152.2,3.4188,79.48,99.76
Palermo,2025-02-01,38.1157,13.3615,12.54,16.1,10.07,0.7,4.29,135.6,2.4571,81.9,99.4
Palermo,2025-02-02,38.1157,13.3615,12.8,15.07,11.56,2.5,6.65,187.3,2.0674,85.48,98.6
Palermo,2025-02-03,38.1157,13.3615,11.78,14.31,9.55,0.66,3.05,238.3,3.0538,74.44,99.11
Palermo,2025-02-04,38.1157,13.3615,11.37,15.26,8.57,0.51,2.49,353.5,3.3,76.04,99.67
Palermo,2025-02-05,38.1157,13.3615,11.85,15.66,9.67,0.02,2.46,42.5,3.5957,75.33,100.08
Palermo,2025-02-06,38.1157,13.3615,11.77,15.06,9.72,2.3,1.73,160.4,3.4999,79.46,100.05
Palermo,2025-02-07,38.1157,13.3615,11.59,14.75,9.48,1.59,3.15,127.7,3.1642,80.05,99.82
Palermo,2025-02-08,38.1157,13.3615,12.42,14.63,10.99,3.34,7.05,145.6,2.219,81.62,99.66
Palermo,2025-02-09,38.1157,13.3615,11.3,13.49,9.12,4.79,4.32,193.5,0.8112,85.96,99.54
Palermo,2025-02-10,38.1157,13.3615,11.64,15.78,8.3,0.9,3.51,67.4,3.5818,76.42,99.74
Palermo,2025-02-11,38.1157,13.3615,12.13,16.24,9.62,1.71,1.61,75.0,3.8352,69.37,99.84
Palermo,2025-02-12,38.1157,13.3615,11.87,15.69,9.27,0.82,3.98,172.4,2.671,84.08,99.56
Palermo,2025-02-13,38.1157,13.3615,12.79,16.78,10.03,0.29,2.84,139.8,3.4538,78.58,99.18
Palermo,2025-02-14,38.1157,13.3615,12.58,16.05,10.38,1.91,3.42,259.0,3.8782,80.56,98.82
Palermo,2025-02-15,38.1157,13.3615,11.23,12.96,9.34,3.53,7.54,276.2,2.2678,80.1,98.35
Palermo,2025-02-16,38.1157,13.3615,11.34,15.0,8.89,0.15,4.68,335.6,3.9077,82.77,98.65
Palermo,2025-02-17,38.1157,13.3615,11.15,15.35,8.07,0.06,2.09,260.6,3.4301,78.06,98.89
Palermo,2025-02-18,38.1157,13.3615,11.84,16.53,8.88,0.04,2.17,24.5,4.1798,70.58,99.21
Palermo,2025-02-19,38.1157,13.3615,12.45,17.17,8.92,0.09,2.06,87.7,4.0766,71.08,99.66
Palermo,2025-02-20,38.1157,13.3615,12.93,16.65,10.14,0.31,2.7,163.2,3.413,81.3,99.94
Palermo,2025-02-21,38.1157,13.3615,12.96,16.72,10.3,1.17,1.3,182.5,3.6274,79.09,100.15
Palermo,2025-02-22,38.1157,13.3615,12.14,15.27,10.2,0.62,2.17,176.3,3.725,79.7,100.13
Palermo,2025-02-23,38.1157,13.3615,12.01,16.84,9.26,0.06,2.13,74.2,4.4431,69.98,100.28
Palermo,2025-02-24,38.1157,13.3615,12.14,16.92,9.22,0.0,1.64,296.9,4.3922,66.08,100.24
Palermo,2025-02-25,38.1157,13.3615,12.33,17.33,8.9,0.02,3.39,232.7,4.1575,83.33,99.72
Palermo,2025-02-26,38.1157,13.3615,11.87,14.5,10.45,4.8,5.64,234.8,1.5528,89.36,99.12
Palermo,2025-02-27,38.1157,13.3615,11.18,13.88,9.09,0.76,6.69,290.5,3.1198,76.68,99.22
Palermo,2025-02-28,38.1157,13.3615,12.35,16.64,8.58,0.0,3.77,190.1,4.7177,75.15,99.35
Palermo,2025-03-01,38.1157,13.3615,14.2,18.86,11.48,0.82,6.89,161.9,2.4554,78.71,99.04
Palermo,2025-03-02,38.1157,13.3615,13.96,17.51,11.9,0.08,4.99,120.5,1.6973,77.11,99.08
Palermo,2025-03-03,38.1157,13.3615,12.82,17.05,9.18,0.06,3.32,46.3,4.969,78.94,99.57
Palermo,2025-03-04,38.1157,13.3615,11.92,16.95,7.81,0.0,2.86,64.7,5.1857,65.62,99.56
Palermo,2025-03-05,38.1157,13.3615,12.74,17.58,8.49,0.0,2.72,117.6,5.1187,71.83,99.79
Palermo,2025-03-06,38.1157,13.3615,12.67,17.23,8.12,0.03,4.9,141.3,5.2056,71.28,99.68
Palermo,2025-03-07,38.1157,13.3615,12.35,13.8,11.24,8.58,5.56,110.8,1.3476,87.76,98.82
Palermo,2025-03-08,38.1157,13.3615,14.03,19.02,10.56,0.06,2.29,55.6,4.8058,81.54,98.62
Palermo,2025-03-09,38.1157,13.3615,14.68,19.52,10.63,0.01,5.31,164.8,4.8734,82.29,98.57
Palermo,2025-03-10,38.1157,13.3615,16.05,20.81,12.98,0.03,8.6,163.1,3.4358,79.85,98.26
Palermo,2025-03-11,38.1157,13.3615,16.03,20.53,13.22,0.82,2.74,156.1,4.8523,74.68,98.2
Palermo,2025-03-12,38.1157,13.3615,14.67,18.54,11.24,0.43,4.16,202.0,2.7629,76.7,97.91
Palermo,2025-03-13,38.1157,13.3615,14.44,18.33,11.14,0.04,6.76,203.1,4.3411,80.08,98.1
Palermo,2025-03-14,38.1157,13.3615,17.06,20.86,13.52,0.01,10.34,167.7,3.5011,64.83,97.8
Palermo,2025-03-15,38.1157,13.3615,16.24,21.85,11.84,0.03,4.54,217.3,2.9995,79.56,98.25
Palermo,2025-03-16,38.1157,13.3615,13.01,16.17,10.11,0.01,5.1,279.7,5.676,73.99,99.28
Palermo,2025-03-17,38.1157,13.3615,13.29,17.75,9.06,0.15,3.23,248.5,5.6292,72.76,99.29
Palermo,2025-03-18,38.1157,13.3615,13.86,17.31,11.36,0.31,3.65,54.2,4.6452,73.94,99.28
Palermo,2025-03-19,38.1157,13.3615,12.76,15.5,10.54,0.16,1.89,107.4,4.9838,72.03,100.1
Palermo,2025-03-20,38.1157,13.3615,13.19,17.84,9.91,0.01,2.27,163.7,5.5608,73.08,100.37
Palermo,2025-03-21,38.1157,13.3615,13.85,19.79,9.27,0.0,4.95,164.2,5.7456,72.03,99.87
Palermo,2025-03-22,38.1157,13.3615,15.52,19.97,11.95,0.06,7.94,160.2,4.4789,73.46,98.84
Palermo,2025-03-23,38.1157,13.3615,15.79,19.73,13.1,0.24,2.48,341.6,4.5266,81.21,98.35
Palermo,2025-03-24,38.1157,13.3615,15.63,21.46,12.08,0.16,2.69,352.9,4.2614,80.61,98.71
Palermo,2025-03-25,38.1157,13.3615,14.11,18.42,11.13,6.77,3.18,0.4,3.5568,80.44,99.01
Palermo,2025-03-26,38.1157,13.3615,13.23,17.11,10.36,0.37,3.45,334.8,4.4472,78.92,98.51
Palermo,2025-03-27,38.1157,13.3615,12.82,14.96,10.35,2.03,5.72,284.6,4.7467,79.69,98.12
Palermo,2025-03-28,38.1157,13.3615,13.21,14.85,11.54,2.28,9.14,288.1,3.5155,82.09,98.1
Palermo,2025-03-29,38.1157,13.3615,13.17,15.34,11.48,1.1,8.52,277.0,4.4774,79.36,97.79
Palermo,2025-03-30,38.1157,13.3615,12.86,15.88,10.48,0.75,4.03,346.9,5.5903,77.43,97.97
Palermo,2025-03-31,38.1157,13.3615,13.23,17.04,10.81,0.98,4.43,320.0,3.5947,83.61,98.1
Palermo,2025-04-01,38.1157,13.3615,10.98,11.62,9.91,2.1,7.05,348.8,1.8425,84.73,97.81
Palermo,2025-04-02,38.1157,13.3615,14.55,19.14,9.9,0.22,1.85,354.2,6.1646,71.61,98.5
Palermo,2025-04-03,38.1157,13.3615,15.13,20.46,11.01,0.0,2.18,41.1,6.3461,68.4,99.22
Palermo,2025-04-04,38.1157,13.3615,15.02,20.17,11.09,0.01,1.64,125.7,6.1973,67.1,99.03
Palermo,2025-04-05,38.1157,13.3615,14.68,18.93,11.92,0.07,1.53,312.4,5.3102,72.01,98.65
Palermo,2025-04-06,38.1157,13.3615,14.54,18.77,10.87,0.58,2.74,296.8,5.8841,77.42,98.39
Palermo,2025-04-07,38.1157,13.3615,12.99,16.57,8.46,0.42,5.33,46.9,6.5052,66.27,98.96
Palermo,2025-04-08,38.1157,13.3615,11.99,16.88,8.02,0.0,3.8,44.0,6.5143,59.13,99.6
Palermo,2025-04-09,38.1157,13.3615,13.4,18.6,8.07,0.0,2.09,83.7,6.0214,58.39,99.62
Palermo,2025-04-10,38.1157,13.3615,14.43,20.01,10.36,0.0,3.9,65.7,6.6588,64.23,99.37
Palermo,2025-04-11,38.1157,13.3615,14.48,20.37,9.27,0.01,2.41,19.8,6.7058,64.25,99.49
Palermo,2025-04-12,38.1157,13.3615,15.52,20.24,11.01,0.02,1.5,178.2,5.8826,66.95,99.13
Palermo,2025-04-13,38.1157,13.3615,16.77,21.13,13.36,0.41,7.04,161.3,3.4498,59.59,98.95
Palermo,2025-04-14,38.1157,13.3615,17.93,21.94,15.13,0.17,10.44,158.9,1.872,65.75,98.49
Palermo,2025-04-15,38.1157,13.3615,18.22,23.9,14.38,0.72,3.28,145.5,5.5229,72.84,98.41
Palermo,2025-04-16,38.1157,13.3615,18.28,26.85,12.32,1.31,4.42,180.3,3.6982,70.67,98.1
Palermo,2025-04-17,38.1157,13.3615,14.24,17.46,11.39,0.97,7.5,247.6,5.8289,75.26,98.78
Palermo,2025-04-18,38.1157,13.3615,15.02,18.97,11.03,0.06,4.33,261.9,6.8837,64.68,99.25
Palermo,2025-04-19,38.1157,13.3615,16.55,22.03,11.51,0.0,3.42,177.4,6.7642,57.57,98.9
Palermo,2025-04-20,38.1157,13.3615,17.63,24.3,11.78,0.0,2.56,164.2,6.9487,61.43,98.68
Palermo,2025-04-21,38.1157,13.3615,16.18,21.76,12.93,0.42,2.77,7.6,5.6052,76.8,98.4
Palermo,2025-04-22,38.1157,13.3615,16.03,20.24,12.81,0.1,3.84,313.9,4.633,77.72,98.92
Palermo,2025-04-23,38.1157,13.3615,15.75,20.13,12.67,0.21,3.47,301.7,5.9256,78.32,99.04
Palermo,2025-04-24,38.1157,13.3615,16.09,19.71,13.0,0.06,6.61,281.6,6.4973,78.52,98.86
Palermo,2025-04-25,38.1157,13.3615,15.9,20.48,12.48,0.01,4.27,284.3,7.2146,75.87,98.7
Palermo,2025-04-26,38.1157,13.3615,16.15,21.01,12.2,0.03,3.5,354.9,7.1981,72.89,98.7
Palermo,2025-04-27,38.1157,13.3615,16.88,21.51,12.02,0.02,1.69,355.4,6.9026,68.23,99.06
Palermo,2025-04-28,38.1157,13.3615,14.75,16.42,13.59,4.6,2.12,226.2,4.0675,87.23,99.36
Palermo,2025-04-29,38.1157,13.3615,16.97,21.36,13.4,0.31,2.97,26.2,7.0874,77.47,99.4
Palermo,2025-04-30,38.1157,13.3615,17.76,23.46,12.81,0.02,2.5,22.7,7.3457,72.33,99.35
Palermo,2025-05-01,38.1157,13.3615,18.21,24.27,12.77,0.02,2.56,18.4,7.5514,65.52,99.35
Palermo,2025-05-02,38.1157,13.3615,19.23,25.18,13.8,0.0,2.75,54.9,7.4244,53.72,99.39
Palermo,2025-05-03,38.1157,13.3615,19.57,25.47,14.33,0.0,3.44,182.7,6.7008,51.01,99.34
Palermo,2025-05-04,38.1157,13.3615,19.29,26.24,14.5,0.02,3.69,188.6,2.8769,52.87,98.79
Palermo,2025-05-05,38.1157,13.3615,19.94,24.78,16.16,0.03,3.11,240.4,6.5806,58.91,98.5
Palermo,2025-05-06,38.1157,13.3615,18.69,24.51,15.2,0.8,2.53,286.0,6.155,65.89,98.62
Palermo,2025-05-07,38.1157,13.3615,18.53,23.66,13.83,0.4,2.54,287.1,7.613,70.24,98.84
Palermo,2025-05-08,38.1157,13.3615,18.74,24.28,14.45,2.11,2.51,295.7,5.1756,72.16,98.65
Palermo,2025-05-09,38.1157,13.3615,18.77,23.15,14.95,0.22,1.78,30.1,2.6736,74.63,98.68
Palermo,2025-05-10,38.1157,13.3615,19.05,24.31,13.82,0.02,2.79,45.6,7.6294,65.95,99.05
Palermo,2025-05-11,38.1157,13.3615,19.7,25.74,15.74,1.06,2.61,103.3,4.4066,66.13,98.73
Palermo,2025-05-12,38.1157,13.3615,17.9,21.58,15.1,0.23,3.1,337.0,7.1446,76.93,98.65
Palermo,2025-05-13,38.1157,13.3615,18.33,22.99,14.89,0.39,3.42,320.5,7.3714,74.37,98.87
Palermo,2025-05-14,38.1157,13.3615,18.69,24.15,13.77,0.02,2.0,81.4,4.1556,68.23,98.79
Palermo,2025-05-15,38.1157,13.3615,18.04,21.9,15.74,10.56,4.44,147.8,1.8209,81.94,98.0
Palermo,2025-05-16,38.1157,13.3615,18.28,22.02,15.29,1.15,5.91,304.1,6.8155,76.12,98.22
Palermo,2025-05-17,38.1157,13.3615,18.07,22.16,14.54,0.2,3.64,288.4,7.9217,66.74,98.98
Palermo,2025-05-18,38.1157,13.3615,19.34,24.34,14.17,0.02,3.65,214.9,7.0286,65.32,99.36
Palermo,2025-05-19,38.1157,13.3615,21.53,27.76,15.88,0.01,2.5,156.3,7.7443,61.84,99.22
Palermo,2025-05-20,38.1157,13.3615,22.42,29.25,16.85,0.35,2.89,186.7,3.0415,60.63,99.07
Palermo,2025-05-21,38.1157,13.3615,19.54,23.37,16.34,0.16,4.4,271.1,7.3344,75.42,98.97
Palermo,2025-05-22,38.1157,13.3615,20.61,25.75,15.83,0.76,2.6,257.5,7.7167,69.11,98.77
Palermo,2025-05-23,38.1157,13.3615,19.11,23.05,16.18,0.93,3.81,302.9,6.2669,68.72,98.57
Palermo,2025-05-24,38.1157,13.3615,17.62,20.68,15.25,1.59,3.37,347.7,4.0061,72.87,98.61
Palermo,2025-05-25,38.1157,13.3615,18.41,22.22,15.2,0.51,5.22,338.9,7.9908,68.81,98.94
Palermo,2025-05-26,38.1157,13.3615,19.38,24.72,14.54,12.44,2.71,295.9,8.0366,65.32,99.29
Palermo,2025-05-27,38.1157,13.3615,19.19,24.01,14.9,113.11,3.32,264.9,7.6097,77.52,99.2
Palermo,2025-05-28,38.1157,13.3615,19.59,23.9,16.03,123.49,2.61,324.5,8.0042,73.24,99.24
Palermo,2025-05-29,38.1157,13.3615,19.82,23.89,15.89,92.98,3.53,315.7,7.7467,78.86,99.05
Palermo,2025-05-30,38.1157,13.3615,19.95,24.05,15.94,1.13,4.38,16.2,8.0897,67.68,99.36
Palermo,2025-05-31,38.1157,13.3615,20.13,24.59,15.85,1.71,3.97,26.5,8.143,65.77,99.4
Palermo,2025-06-01,38.1157,13.3615,21.73,26.07,17.08,0.0,1.51,48.1,8.1845,59.68,99.47
Palermo,2025-06-02,38.1157,13.3615,22.05,26.55,17.58,0.04,1.43,211.1,8.208,63.83,99.51
Palermo,2025-06-03,38.1157,13.3615,21.9,27.68,16.57,0.0,2.37,162.0,8.2579,62.72,99.32
Palermo,2025-06-04,38.1157,13.3615,22.66,29.17,15.79,0.01,2.32,157.5,8.4216,60.3,99.19
Palermo,2025-06-05,38.1157,13.3615,23.95,29.47,17.85,0.0,2.14,183.5,7.8302,55.6,99.21
Palermo,2025-06-06,38.1157,13.3615,25.16,30.56,19.69,0.0,1.77,214.9,7.327,49.03,99.32
Palermo,2025-06-07,38.1157,13.3615,25.57,30.95,20.83,0.0,3.31,196.9,7.806,48.8,99.21
Palermo,2025-06-08,38.1157,13.3615,24.77,29.98,20.27,0.0,4.32,220.7,7.8816,52.28,99.15
Palermo,2025-06-09,38.1157,13.3615,24.97,31.35,19.59,0.0,2.22,355.1,7.9824,58.84,99.14
Palermo,2025-06-10,38.1157,13.3615,24.91,30.6,20.42,0.0,2.25,26.8,7.7628,63.4,99.09
Palermo,2025-06-11,38.1157,13.3615,24.12,29.19,19.3,0.0,2.92,33.2,7.5996,71.63,98.93
Palermo,2025-06-12,38.1157,13.3615,25.77,31.19,20.92,0.0,1.74,60.5,7.7141,58.99,99.04
Palermo,2025-06-13,38.1157,13.3615,25.47,30.42,21.26,0.0,3.17,38.8,7.2264,57.18,99.28
Palermo,2025-06-14,38.1157,13.3615,26.07,31.42,21.39,0.0,2.61,37.0,7.295,58.04,99.31
Palermo,2025-06-15,38.1157,13.3615,26.78,31.84,22.39,0.0,2.53,23.6,7.759,54.77,99.24
Palermo,2025-06-16,38.1157,13.3615,27.22,31.92,22.79,0.0,1.76,342.3,7.7568,48.16,99.14
Palermo,2025-06-17,38.1157,13.3615,26.45,31.1,21.84,0.12,3.34,293.0,7.7765,58.31,99.0
Palermo,2025-06-18,38.1157,13.3615,24.03,27.67,21.02,2.35,2.88,344.7,6.6302,71.63,99.06
Palermo,2025-06-19,38.1157,13.3615,22.65,25.13,20.35,6.44,1.03,34.9,5.8862,74.25,99.05
Palermo,2025-06-20,38.1157,13.3615,23.17,26.49,20.34,0.59,3.01,36.0,6.6636,70.96,99.12
Palermo,2025-06-21,38.1157,13.3615,25.3,30.15,20.62,0.01,2.8,17.2,7.6769,63.43,99.19
Palermo,2025-06-22,38.1157,13.3615,26.41,31.01,22.01,0.03,2.04,10.3,7.7678,58.86,99.33
Palermo,2025-06-23,38.1157,13.3615,26.85,31.44,22.65,0.04,1.98,2.5,7.7198,53.64,99.27
Palermo,2025-06-24,38.1157,13.3615,27.08,31.55,22.66,0.0,1.87,333.4,8.0647,52.33,99.14
Palermo,2025-06-25,38.1157,13.3615,27.8,32.99,23.32,0.0,1.81,36.7,8.1545,50.63,99.05
Palermo,2025-06-26,38.1157,13.3615,27.91,33.06,23.04,0.0,2.21,27.8,8.2402,49.19,99.05
Palermo,2025-06-27,38.1157,13.3615,27.6,32.76,23.07,0.0,2.82,350.9,8.1017,53.5,99.17
Palermo,2025-06-28,38.1157,13.3615,26.7,31.1,22.41,0.0,4.21,3.0,7.373,68.89,99.13
Palermo,2025-06-29,38.1157,13.3615,26.91,31.02,23.33,0.0,4.65,21.8,8.2174,63.57,99.06
Palermo,2025-06-30,38.1157,13.3615,27.41,32.62,22.96,0.0,2.33,11.3,8.201,58.05,98.98
Palermo,2025-07-01,38.1157,13.3615,28.38,33.9,22.73,0.0,2.14,24.7,8.0333,57.18,98.88
Palermo,2025-07-02,38.1157,13.3615,29.1,33.67,24.67,0.0,1.83,13.3,7.8602,56.08,98.94
Palermo,2025-07-03,38.1157,13.3615,29.05,33.74,25.23,0.0,1.84,10.1,7.5826,58.3,99.16
Palermo,2025-07-04,38.1157,13.3615,28.9,33.91,24.41,0.01,2.83,34.1,7.7306,57.93,99.23
Palermo,2025-07-05,38.1157,13.3615,28.81,34.27,23.99,0.04,3.14,31.9,7.6836,54.67,99.06
Palermo,2025-07-06,38.1157,13.3615,29.32,34.07,24.77,0.06,1.97,326.9,7.7479,50.47,98.78
Palermo,2025-07-07,38.1157,13.3615,28.79,33.61,23.87,0.05,3.52,223.2,7.8288,56.74,98.53
Palermo,2025-07-08,38.1157,13.3615,27.73,32.56,23.41,0.06,4.54,268.7,7.6788,62.66,98.56
Palermo,2025-07-09,38.1157,13.3615,25.09,28.64,20.96,0.0,5.63,324.3,7.9709,56.88,98.86
Palermo,2025-07-10,38.1157,13.3615,24.36,28.79,20.42,0.0,3.79,344.0,8.0813,56.41,98.95
Palermo,2025-07-11,38.1157,13.3615,24.83,29.32,20.44,0.0,3.49,24.1,8.0347,52.78,98.89
Palermo,2025-07-12,38.1157,13.3615,25.95,31.07,20.91,0.0,1.74,152.7,8.2308,50.0,98.97
Palermo,2025-07-13,38.1157,13.3615,27.05,32.39,21.62,0.0,5.33,187.8,7.3862,57.59,99.16
Palermo,2025-07-14,38.1157,13.3615,26.81,32.12,22.66,0.03,4.93,305.8,7.897,67.51,99.2
Palermo,2025-07-15,38.1157,13.3615,26.12,30.73,22.07,0.03,4.31,350.1,7.9282,69.26,99.06
Palermo,2025-07-16,38.1157,13.3615,27.34,32.78,22.24,0.51,3.12,311.1,7.763,63.24,98.73
Palermo,2025-07-17,38.1157,13.3615,26.82,30.97,22.8,0.43,4.07,284.0,7.7422,71.73,98.5
Palermo,2025-07-18,38.1157,13.3615,27.39,32.44,23.61,0.96,2.55,9.7,7.7494,65.11,98.62
Palermo,2025-07-19,38.1157,13.3615,28.31,33.33,23.51,0.06,2.27,183.2,7.9361,58.38,98.78
Palermo,2025-07-20,38.1157,13.3615,27.9,33.58,22.65,0.05,5.54,196.6,7.705,60.7,98.59
Palermo,2025-07-21,38.1157,13.3615,29.84,37.06,23.21,0.01,4.08,198.7,7.3234,53.11,98.55
Palermo,2025-07-22,38.1157,13.3615,28.23,33.13,24.46,0.02,4.13,315.8,7.4213,57.01,98.77
Palermo,2025-07-23,38.1157,13.3615,29.29,35.31,23.13,0.0,2.35,356.1,7.4729,44.09,98.76
Palermo,2025-07-24,38.1157,13.3615,31.46,36.73,25.16,0.0,2.53,147.2,7.541,42.62,98.59
Palermo,2025-07-25,38.1157,13.3615,31.97,38.15,26.21,3.06,4.57,185.5,7.3054,41.02,98.55
Palermo,2025-07-26,38.1157,13.3615,26.67,29.86,23.89,7.88,4.51,308.9,5.1307,69.44,98.67
Palermo,2025-07-27,38.1157,13.3615,25.66,29.04,22.76,0.0,6.16,300.0,7.577,62.69,98.63
Palermo,2025-07-28,38.1157,13.3615,25.15,28.31,22.33,0.01,7.87,283.6,7.3886,64.73,98.44
Palermo,2025-07-29,38.1157,13.3615,24.61,27.77,22.12,2.26,6.71,300.8,6.9449,64.36,98.58
Palermo,2025-07-30,38.1157,13.3615,24.69,28.61,21.41,1.91,3.48,317.2,7.5343,67.86,98.87
Palermo,2025-07-31,38.1157,13.3615,24.75,29.1,20.8,0.04,3.3,319.8,7.6786,65.05,99.01
Palermo,2025-08-01,38.1157,13.3615,25.52,30.84,21.14,0.0,2.3,355.1,7.8254,55.18,98.88
Palermo,2025-08-02,38.1157,13.3615,25.84,30.47,22.3,0.03,2.8,294.1,7.709,54.51,98.73
Palermo,2025-08-03,38.1157,13.3615,25.58,30.38,21.28,0.53,4.15,284.8,7.5235,64.11,98.87
Palermo,2025-08-04,38.1157,13.3615,24.44,28.13,21.24,0.04,4.72,337.9,7.2401,64.54,99.14
Palermo,2025-08-05,38.1157,13.3615,24.51,28.69,21.1,0.01,4.37,331.8,7.2463,62.88,99.17
Palermo,2025-08-06,38.1157,13.3615,25.47,30.09,21.16,0.0,2.91,337.8,7.4837,54.44,99.2
Palermo,2025-08-07,38.1157,13.3615,26.29,31.23,22.24,0.01,2.74,19.6,7.2802,51.14,99.21
Palermo,2025-08-08,38.1157,13.3615,27.08,32.58,22.05,0.0,3.63,46.8,7.2792,54.7,99.24
Palermo,2025-08-09,38.1157,13.3615,28.15,33.7,23.32,0.0,2.64,44.9,6.978,52.49,99.26
Palermo,2025-08-10,38.1157,13.3615,27.99,33.11,23.93,0.01,3.23,15.4,6.9374,51.73,99.19
Palermo,2025-08-11,38.1157,13.3615,27.52,32.75,23.29,0.25,2.72,11.0,6.7394,55.62,98.91
Palermo,2025-08-12,38.1157,13.3615,27.94,33.53,22.85,3.46,2.02,17.6,6.7414,60.56,98.8
Palermo,2025-08-13,38.1157,13.3615,28.7,33.79,24.17,1.01,2.39,31.4,6.6034,60.33,98.81
Palermo,2025-08-14,38.1157,13.3615,28.45,33.43,24.52,0.32,1.92,9.4,6.2141,58.87,98.91
Palermo,2025-08-15,38.1157,13.3615,27.09,31.72,23.2,0.21,2.45,337.5,6.5827,58.51,98.99
Palermo,2025-08-16,38.1157,13.3615,25.67,29.13,23.38,0.79,2.35,358.4,5.8085,62.46,98.76
Palermo,2025-08-17,38.1157,13.3615,26.53,30.86,22.63,0.25,2.01,358.3,6.5191,55.26,98.53
Palermo,2025-08-18,38.1157,13.3615,27.15,31.74,23.7,0.52,1.74,340.2,6.5906,53.39,98.69
Palermo,2025-08-19,38.1157,13.3615,27.59,32.46,22.99,0.07,1.84,349.8,6.5309,54.67,98.83
Palermo,2025-08-20,38.1157,13.3615,27.36,32.45,22.76,0.17,5.36,186.5,6.365,64.25,98.57
Palermo,2025-08-21,38.1157,13.3615,27.27,32.28,23.75,0.21,5.16,229.7,6.1457,69.64,98.45
Palermo,2025-08-22,38.1157,13.3615,25.67,29.54,22.74,0.02,4.39,297.4,6.6187,66.47,98.75
Palermo,2025-08-23,38.1157,13.3615,24.88,28.53,21.86,0.0,4.99,285.1,6.3173,67.02,98.87
Palermo,2025-08-24,38.1157,13.3615,25.57,30.68,21.72,0.0,2.84,283.9,6.9264,61.51,99.03
Palermo,2025-08-25,38.1157,13.3615,25.51,30.23,21.34,0.0,3.12,16.9,6.845,59.77,99.18
Palermo,2025-08-26,38.1157,13.3615,26.94,31.86,22.33,0.04,2.08,242.8,5.821,48.82,99.07
Palermo,2025-08-27,38.1157,13.3615,28.6,34.61,23.58,0.0,1.92,145.2,6.2417,44.97,98.87
Palermo,2025-08-28,38.1157,13.3615,28.27,34.29,23.61,0.04,6.2,165.0,5.2044,57.05,98.52
Palermo,2025-08-29,38.1157,13.3615,27.2,32.43,23.03,0.06,4.33,200.2,4.68,69.12,98.5
Palermo,2025-08-30,38.1157,13.3615,25.8,29.48,22.58,0.06,5.1,277.1,5.7809,67.83,98.7
Palermo,2025-08-31,38.1157,13.3615,24.99,29.08,21.59,0.0,3.73,304.3,6.4214,62.42,98.9
Palermo,2025-09-01,38.1157,13.3615,26.74,32.2,21.79,0.0,2.92,193.1,6.5131,55.05,98.77
Palermo,2025-09-02,38.1157,13.3615,26.19,31.56,23.01,0.32,4.13,277.8,4.1016,66.92,98.89
Palermo,2025-09-03,38.1157,13.3615,24.49,28.44,21.25,0.29,3.5,341.8,6.1548,61.56,99.03
Palermo,2025-09-04,38.1157,13.3615,24.04,28.98,19.83,0.0,3.17,7.6,6.5054,61.73,98.95
Palermo,2025-09-05,38.1157,13.3615,24.47,29.5,20.56,1.04,3.1,4.5,6.4135,60.17,99.16
Palermo,2025-09-06,38.1157,13.3615,25.62,31.67,20.53,0.0,2.63,19.6,6.4685,53.06,99.32
Palermo,2025-09-07,38.1157,13.3615,26.08,31.62,21.89,0.03,2.65,30.7,6.1294,50.2,99.2
Palermo,2025-09-08,38.1157,13.3615,26.92,32.68,22.1,0.0,2.19,41.3,5.8675,45.46,99.0
Palermo,2025-09-09,38.1157,13.3615,27.29,32.33,22.89,1.05,4.54,191.8,3.8189,64.78,98.78
Palermo,2025-09-10,38.1157,13.3615,26.61,31.39,23.77,2.43,4.93,188.7,4.1882,69.09,98.77
Palermo,2025-09-11,38.1157,13.3615,25.06,28.83,22.37,1.38,3.48,338.8,5.8822,67.17,99.03
Palermo,2025-09-12,38.1157,13.3615,25.09,30.45,21.07,0.0,2.83,9.4,6.0566,61.65,99.25
Palermo,2025-09-13,38.1157,13.3615,24.54,29.56,20.53,0.0,2.74,7.5,6.0696,63.4,99.38
Palermo,2025-09-14,38.1157,13.3615,25.47,31.0,21.55,0.01,2.35,17.4,5.7806,55.3,99.31
Palermo,2025-09-15,38.1157,13.3615,25.97,31.46,21.75,0.0,3.04,43.4,5.8908,54.86,99.39
Palermo,2025-09-16,38.1157,13.3615,25.88,31.32,21.83,0.01,2.77,34.6,5.9242,51.38,99.37
Palermo,2025-09-17,38.1157,13.3615,25.38,30.6,21.54,0.01,3.27,340.3,5.5286,62.48,99.27
Palermo,2025-09-18,38.1157,13.3615,25.32,30.51,21.23,0.02,3.09,41.2,5.5567,65.95,99.52
Palermo,2025-09-19,38.1157,13.3615,25.67,30.8,21.5,0.0,2.12,68.1,5.621,56.78,99.74
Palermo,2025-09-20,38.1157,13.3615,25.67,30.66,21.83,0.0,1.96,75.2,5.5925,55.49,99.63
Palermo,2025-09-21,38.1157,13.3615,25.29,29.9,21.75,0.0,1.52,196.4,5.3767,58.34,99.23
Palermo,2025-09-22,38.1157,13.3615,24.98,29.62,20.83,0.03,3.5,189.3,5.3786,62.49,98.94
Palermo,2025-09-23,38.1157,13.3615,23.74,26.29,21.72,21.54,4.57,201.9,4.0997,76.62,98.92
Palermo,2025-09-24,38.1157,13.3615,23.34,26.96,20.98,9.73,4.75,244.8,3.6029,80.9,98.96
Palermo,2025-09-25,38.1157,13.3615,22.18,26.18,19.56,0.01,3.0,322.7,4.7208,63.39,99.25
Palermo,2025-09-26,38.1157,13.3615,22.42,26.12,19.41,1.56,1.65,98.1,3.4769,66.69,99.28
Palermo,2025-09-27,38.1157,13.3615,21.66,24.91,19.43,7.81,2.18,18.6,2.9863,71.46,99.09
Palermo,2025-09-28,38.1157,13.3615,21.36,25.04,18.51,0.32,4.58,326.7,4.9082,69.51,98.96
Palermo,2025-09-29,38.1157,13.3615,21.19,25.17,18.52,0.81,3.25,312.6,4.9769,66.31,99.12
Palermo,2025-09-30,38.1157,13.3615,21.19,24.41,18.38,1.0,1.27,233.2,4.4678,62.17,99.26
Palermo,2025-10-01,38.1157,13.3615,21.45,24.39,19.39,13.27,4.74,262.8,4.0771,76.91,98.89
Palermo,2025-10-02,38.1157,13.3615,19.58,21.72,17.9,4.64,6.07,349.9,2.7739,69.79,98.77
Palermo,2025-10-03,38.1157,13.3615,17.96,20.73,16.16,1.57,7.01,341.5,4.1429,62.57,99.05
Palermo,2025-10-04,38.1157,13.3615,18.46,21.92,15.22,0.12,4.39,312.6,4.896,63.1,99.22
Palermo,2025-10-05,38.1157,13.3615,20.6,24.73,16.44,10.03,6.23,246.0,3.8424,76.18,98.97
Palermo,2025-10-06,38.1157,13.3615,18.9,21.75,16.15,0.12,6.56,337.7,4.8622,62.72,99.1
Palermo,2025-10-07,38.1157,13.3615,18.25,21.73,15.62,0.01,5.55,355.1,5.0136,57.15,99.42
Palermo,2025-10-08,38.1157,13.3615,19.0,23.26,16.02,0.16,3.87,336.6,4.8943,66.11,99.38
Palermo,2025-10-09,38.1157,13.3615,19.76,24.32,16.15,0.0,1.96,223.2,4.6438,65.76,99.41
Palermo,2025-10-10,38.1157,13.3615,20.63,24.98,17.41,3.1,2.2,126.0,3.8246,68.99,99.69
Palermo,2025-10-11,38.1157,13.3615,20.56,24.8,17.92,0.23,1.89,47.8,4.6649,68.69,99.85
Palermo,2025-10-12,38.1157,13.3615,20.25,24.11,16.86,0.52,1.78,179.6,4.2269,64.25,99.69
Palermo,2025-10-13,38.1157,13.3615,20.38,24.87,17.75,0.25,1.49,24.3,4.5322,68.58,99.42
Palermo,2025-10-14,38.1157,13.3615,19.65,22.8,17.79,2.99,2.34,172.8,3.8438,75.71,99.32
Palermo,2025-10-15,38.1157,13.3615,19.92,23.21,17.79,6.13,2.95,172.5,1.5386,74.63,98.97
Palermo,2025-10-16,38.1157,13.3615,19.66,22.84,17.8,8.03,3.26,232.6,3.2047,81.66,98.63
Palermo,2025-10-17,38.1157,13.3615,18.95,22.41,16.8,1.54,4.52,318.9,3.7795,74.45,98.98
Palermo,2025-10-18,38.1157,13.3615,18.8,22.17,16.13,0.94,1.79,47.4,3.7447,61.6,99.36
Palermo,2025-10-19,38.1157,13.3615,18.61,22.67,15.84,0.39,3.47,38.0,3.5765,70.83,99.25
Palermo,2025-10-20,38.1157,13.3615,18.42,22.52,16.11,0.01,2.14,254.4,3.8184,70.31,98.9
Palermo,2025-10-21,38.1157,13.3615,20.08,24.83,16.28,1.38,5.79,216.9,3.3842,80.99,98.53
Palermo,2025-10-22,38.1157,13.3615,20.1,22.92,18.51,4.53,4.82,248.8,3.4786,90.46,98.55
Palermo,2025-10-23,38.1157,13.3615,20.78,23.6,18.54,5.73,6.64,246.7,3.2105,87.09,98.56
Palermo,2025-10-24,38.1157,13.3615,19.07,21.89,16.58,0.04,6.38,285.1,4.0459,71.92,98.93
Palermo,2025-10-25,38.1157,13.3615,19.58,24.04,15.81,0.68,4.58,216.0,3.745,79.8,98.97
Palermo,2025-10-26,38.1157,13.3615,21.59,27.38,18.1,0.66,4.02,221.4,3.4853,82.08,98.53
Palermo,2025-10-27,38.1157,13.3615,17.88,19.72,16.07,0.11,7.08,295.2,3.2726,69.21,98.85
Palermo,2025-10-28,38.1157,13.3615,18.54,21.66,16.3,0.08,4.39,303.1,2.8944,72.9,99.15
Palermo,2025-10-29,38.1157,13.3615,17.97,22.59,14.53,0.02,3.2,174.8,3.8854,76.16,99.33
Palermo,2025-10-30,38.1157,13.3615,18.99,22.26,16.09,4.69,5.55,169.4,2.1101,86.87,98.96
Palermo,2025-10-31,38.1157,13.3615,18.61,20.09,17.03,11.38,2.26,220.0,2.4204,90.4,98.94
Palermo,2025-11-01,38.1157,13.3615,18.81,22.79,16.51,1.65,2.97,1.7,3.5064,87.05,99.32
Palermo,2025-11-02,38.1157,13.3615,18.72,22.68,16.04,3.44,2.27,219.3,3.3322,84.59,99.27
Palermo,2025-11-03,38.1157,13.3615,17.92,21.25,15.33,7.53,4.78,276.9,2.9786,83.03,99.23
Palermo,2025-11-04,38.1157,13.3615,16.76,20.19,14.49,1.48,3.6,346.1,3.4584,76.59,99.54
Palermo,2025-11-05,38.1157,13.3615,15.92,20.11,13.08,0.0,3.3,31.2,3.7174,70.48,99.47
Palermo,2025-11-06,38.1157,13.3615,16.32,20.7,13.31,1.83,3.21,177.7,3.6696,76.18,98.96
Palermo,2025-11-07,38.1157,13.3615,16.63,18.78,14.87,9.47,4.48,244.3,0.6622,86.9,98.63
Palermo,2025-11-08,38.1157,13.3615,16.51,18.64,15.08,4.98,4.96,235.2,2.3021,81.05,98.63
Palermo,2025-11-09,38.1157,13.3615,16.18,19.3,14.62,13.4,4.41,209.3,1.6992,85.05,98.5
Palermo,2025-11-10,38.1157,13.3615,16.39,18.77,14.91,2.75,5.08,302.3,2.7444,80.73,98.97
Palermo,2025-11-11,38.1157,13.3615,15.92,18.99,14.07,0.2,3.16,307.9,2.4194,77.27,99.38
Palermo,2025-11-12,38.1157,13.3615,16.14,20.21,13.76,0.0,1.88,41.9,3.294,72.54,99.68
Palermo,2025-11-13,38.1157,13.3615,16.07,20.82,13.08,0.0,2.36,193.4,3.4241,76.61,99.87
Palermo,2025-11-14,38.1157,13.3615,16.46,21.17,13.07,0.0,5.13,178.2,3.4154,87.84,99.62
Palermo,2025-11-15,38.1157,13.3615,18.06,22.57,14.94,0.0,4.77,183.5,3.0643,86.27,99.23
Palermo,2025-11-16,38.1157,13.3615,18.45,23.36,14.32,0.02,6.24,169.7,2.9088,84.2,98.85
Palermo,2025-11-17,38.1157,13.3615,17.95,20.77,15.87,0.83,2.73,224.8,2.2877,85.11,98.74
Palermo,2025-11-18,38.1157,13.3615,16.26,18.25,14.53,3.47,3.93,235.2,1.5324,84.78,98.6
Palermo,2025-11-19,38.1157,13.3615,14.79,16.59,13.39,0.89,4.06,262.5,1.77,80.09,98.64
Palermo,2025-11-20,38.1157,13.3615,14.88,18.28,13.27,3.71,4.2,225.9,2.399,77.89,98.54
Palermo,2025-11-21,38.1157,13.3615,13.66,15.23,11.47,7.64,6.32,256.2,1.7911,80.54,98.4
Palermo,2025-11-22,38.1157,13.3615,10.76,11.61,9.83,15.18,8.8,262.3,1.8715,77.09,98.79
Palermo,2025-11-23,38.1157,13.3615,12.43,14.57,11.24,3.35,6.78,285.5,2.159,72.2,99.44
Palermo,2025-11-24,38.1157,13.3615,13.48,15.41,12.18,5.23,7.33,209.9,1.7952,75.92,99.13
Palermo,2025-11-25,38.1157,13.3615,15.13,18.3,12.52,20.79,7.79,218.0,2.6282,77.42,98.19
Palermo,2025-11-26,38.1157,13.3615,12.16,14.31,10.61,7.81,5.03,267.1,1.6003,79.69,98.21
Palermo,2025-11-27,38.1157,13.3615,11.08,13.1,9.84,4.92,4.17,261.7,1.9562,77.02,98.22
Palermo,2025-11-28,38.1157,13.3615,10.82,12.81,9.62,7.71,2.33,286.9,2.4206,81.06,98.46
Palermo,2025-11-29,38.1157,13.3615,12.61,14.97,10.53,0.73,4.51,303.6,1.9018,77.19,98.85
Palermo,2025-11-30,38.1157,13.3615,12.69,15.24,10.56,0.49,2.66,250.7,2.3635,80.91,99.11
Palermo,2025-12-01,38.1157,13.3615,12.6,15.83,10.47,0.15,2.43,187.3,2.1893,80.05,99.2
Palermo,2025-12-02,38.1157,13.3615,12.49,16.46,10.04,0.62,3.49,212.7,2.3654,84.01,98.98
Palermo,2025-12-03,38.1157,13.3615,12.52,16.6,9.65,0.02,2.62,43.6,2.6405,81.82,98.56
Palermo,2025-12-04,38.1157,13.3615,12.47,14.27,10.68,5.42,5.26,277.0,1.6222,83.18,98.24
Palermo,2025-12-05,38.1157,13.3615,12.02,12.86,11.47,23.74,4.77,280.8,1.4155,84.64,98.0
Palermo,2025-12-06,38.1157,13.3615,13.24,15.4,11.72,2.32,6.14,324.3,2.173,81.82,98.72
Palermo,2025-12-07,38.1157,13.3615,14.28,16.75,11.51,0.49,5.35,307.0,1.9231,85.78,99.0
Palermo,2025-12-08,38.1157,13.3615,14.28,17.26,12.84,0.13,3.02,320.4,2.3482,85.73,99.46
Palermo,2025-12-09,38.1157,13.3615,13.66,17.58,11.29,0.05,1.34,97.7,2.6782,81.07,99.8
Palermo,2025-12-10,38.1157,13.3615,12.84,16.89,11.04,0.04,1.96,79.2,2.5502,81.17,99.73
Palermo,2025-12-11,38.1157,13.3615,12.82,17.46,10.11,0.02,1.95,70.0,2.4914,78.45,99.65
Palermo,2025-12-12,38.1157,13.3615,12.73,16.76,9.77,0.02,1.9,85.2,1.7611,82.0,99.53
Palermo,2025-12-13,38.1157,13.3615,12.98,16.94,10.43,0.02,1.78,58.2,1.6015,83.22,99.79
Palermo,2025-12-14,38.1157,13.3615,13.24,16.73,10.62,0.03,1.58,175.1,2.0294,83.27,99.96
Palermo,2025-12-15,38.1157,13.3615,13.12,16.26,10.4,0.03,4.0,150.4,1.9222,86.12,99.75
Palermo,2025-12-16,38.1157,13.3615,14.21,15.8,12.52,25.86,5.88,165.4,0.4594,93.11,99.08
Palermo,2025-12-17,38.1157,13.3615,14.36,18.31,12.13,1.7,3.63,158.9,2.5538,88.74,99.57
Palermo,2025-12-18,38.1157,13.3615,14.85,18.64,12.54,0.68,3.33,144.7,2.4072,86.91,100.01
Palermo,2025-12-19,38.1157,13.3615,13.25,16.25,11.5,6.7,2.93,101.3,1.783,89.91,99.63
Palermo,2025-12-20,38.1157,13.3615,13.91,16.81,11.91,6.8,2.08,100.0,1.9932,83.21,98.75
Palermo,2025-12-21,38.1157,13.3615,12.89,14.59,11.4,26.69,3.37,138.0,1.2763,89.96,98.41
Palermo,2025-12-22,38.1157,13.3615,13.4,16.48,11.86,1.56,4.0,177.2,2.142,88.5,98.4
Palermo,2025-12-23,38.1157,13.3615,11.57,13.88,9.62,6.31,5.94,211.1,1.0416,84.03,98.28
Palermo,2025-12-24,38.1157,13.3615,10.94,13.5,9.31,1.33,6.38,204.9,1.8595,75.58,98.29
Palermo,2025-12-25,38.1157,13.3615,12.23,15.52,10.42,2.96,4.79,191.7,2.0638,83.2,98.74
Palermo,2025-12-26,38.1157,13.3615,12.65,15.33,11.02,5.92,3.87,126.5,1.6303,88.8,99.1
Palermo,2025-12-27,38.1157,13.3615,12.9,16.47,10.78,3.91,3.2,108.3,2.539,82.04,99.31
Palermo,2025-12-28,38.1157,13.3615,11.29,14.76,9.75,0.59,1.7,317.3,2.6482,86.2,99.33
Palermo,2025-12-29,38.1157,13.3615,10.91,13.08,8.38,0.15,1.66,182.1,1.963,80.97,99.25
Palermo,2025-12-30,38.1157,13.3615,11.76,14.04,10.28,3.97,3.5,285.8,2.0378,84.51,98.76
Palermo,2025-12-31,38.1157,13.3615,10.74,13.19,9.28,5.7,3.35,343.3,1.5019,83.98,98.83
Palermo,2026-01-01,38.1157,13.3615,10.37,11.92,8.76,8.38,4.48,163.2,2.5692,83.95,99.27
Palermo,2026-01-02,38.1157,13.3615,11.61,13.87,9.84,1.55,7.15,210.6,2.5289,83.1,98.91
Palermo,2026-01-03,38.1157,13.3615,13.23,16.66,11.66,3.16,6.88,198.8,2.1653,89.23,98.39
Palermo,2026-01-04,38.1157,13.3615,13.25,14.72,12.01,1.72,6.67,182.7,1.218,85.81,98.09
Palermo,2026-01-05,38.1157,13.3615,13.65,16.6,11.17,6.25,4.94,188.5,2.1293,87.73,97.76
Palermo,2026-01-06,38.1157,13.3615,13.31,16.1,11.4,6.94,6.71,215.7,1.9397,89.11,97.8
Palermo,2026-01-07,38.1157,13.3615,9.91,11.28,8.56,72.33,6.87,282.1,1.0841,82.32,98.25
Palermo,2026-01-08,38.1157,13.3615,11.09,13.05,8.57,11.65,9.45,287.9,1.7875,77.17,99.25
Palermo,2026-01-09,38.1157,13.3615,13.2,14.36,12.56,11.73,9.55,252.0,1.9128,85.77,99.07
Palermo,2026-01-10,38.1157,13.3615,11.17,13.04,9.6,13.33,11.86,279.6,1.98,76.18,98.35
Palermo,2026-01-11,38.1157,13.3615,9.35,11.02,7.39,10.37,7.25,308.5,2.1886,74.14,98.91
Palermo,2026-01-12,38.1157,13.3615,8.48,11.47,6.4,0.02,2.88,12.1,2.7626,69.57,99.94
Palermo,2026-01-13,38.1157,13.3615,9.83,13.77,6.09,0.46,4.6,189.5,2.8558,82.28,99.94
Palermo,2026-01-14,38.1157,13.3615,11.99,15.38,9.51,0.05,5.24,182.0,2.9251,85.36,99.74
Palermo,2026-01-15,38.1157,13.3615,11.95,16.14,9.34,0.02,3.95,156.0,2.7919,88.75,99.5
Palermo,2026-01-16,38.1157,13.3615,11.85,15.25,9.54,3.0,3.87,126.9,1.2293,90.6,99.07
Palermo,2026-01-17,38.1157,13.3615,12.53,15.62,10.45,2.53,3.53,126.1,2.6856,83.52,98.94
Palermo,2026-01-18,38.1157,13.3615,12.21,15.32,9.52,1.39,3.8,130.8,1.9056,86.72,99.0
Palermo,2026-01-19,38.1157,13.3615,13.07,14.43,11.57,10.66,8.88,124.4,1.7208,86.12,98.59
Palermo,2026-01-20,38.1157,13.3615,11.37,12.27,10.45,16.56,12.26,94.6,0.6811,82.82,98.1
Palermo,2026-01-21,38.1157,13.3615,11.66,13.26,10.44,26.3,4.1,147.3,1.3114,86.21,97.32
Palermo,2026-01-22,38.1157,13.3615,11.07,13.29,9.69,11.52,4.14,267.9,2.5987,84.23,97.44
Palermo,2026-01-23,38.1157,13.3615,11.48,13.39,10.53,15.57,3.06,251.3,2.141,86.67,97.64
Palermo,2026-01-24,38.1157,13.3615,12.92,15.77,10.5,12.92,6.31,188.0,1.9037,84.92,97.86
Palermo,2026-01-25,38.1157,13.3615,10.58,11.91,9.4,9.3,5.8,265.5,1.7011,85.28,97.78
Palermo,2026-01-26,38.1157,13.3615,10.47,11.19,10.02,18.0,6.94,271.0,1.5526,86.43,97.47
Palermo,2026-01-27,38.1157,13.3615,11.0,13.18,9.81,0.65,5.35,281.6,2.6938,82.91,98.31
Palermo,2026-01-28,38.1157,13.3615,12.59,14.58,10.84,23.96,8.76,217.5,2.9858,88.06,97.66
Palermo,2026-01-29,38.1157,13.3615,11.82,12.81,10.57,25.16,9.5,274.0,2.9719,83.33,97.38
Palermo,2026-01-30,38.1157,13.3615,12.44,14.7,10.66,4.5,6.52,265.9,2.0916,88.48,97.74
Palermo,2026-01-31,38.1157,13.3615,10.81,12.7,9.23,36.08,5.14,216.5,1.2842,87.81,97.24
Palermo,2026-02-01,38.1157,13.3615,11.35,13.47,10.16,13.15,8.2,326.6,2.832,82.77,97.8
Palermo,2026-02-02,38.1157,13.3615,11.29,13.72,9.25,0.18,5.35,227.6,3.4046,83.96,98.46
Palermo,2026-02-03,38.1157,13.3615,12.82,14.98,11.09,0.03,7.17,171.9,2.165,86.19,98.29
Palermo,2026-02-04,38.1157,13.3615,12.2,14.37,10.66,17.0,7.64,216.5,1.4786,86.3,97.2
Palermo,2026-02-05,38.1157,13.3615,13.49,15.19,11.97,7.61,6.72,249.7,3.1512,90.28,97.36
Palermo,2026-02-06,38.1157,13.3615,14.49,16.49,12.6,9.78,8.62,249.6,3.581,88.29,97.78
Palermo,2026-02-07,38.1157,13.3615,12.66,15.26,10.55,6.62,6.53,252.1,1.699,90.2,98.43
Palermo,2026-02-08,38.1157,13.3615,12.17,14.17,10.43,14.75,6.1,230.9,2.1768,82.84,98.4
Palermo,2026-02-09,38.1157,13.3615,11.21,12.84,9.09,15.86,5.6,260.1,3.0127,88.59,97.99
Palermo,2026-02-10,38.1157,13.3615,11.43,13.59,9.73,10.89,4.71,252.7,2.2486,89.19,98.26
Palermo,2026-02-11,38.1157,13.3615,13.45,15.76,11.44,11.61,7.83,254.1,2.9237,91.91,97.88
Palermo,2026-02-12,38.1157,13.3615,13.59,15.4,12.35,60.9,11.26,271.7,2.6388,86.56,97.23
Palermo,2026-02-13,38.1157,13.3615,12.2,14.0,10.49,1.39,9.19,280.8,3.9842,81.31,97.47
Palermo,2026-02-14,38.1157,13.3615,11.45,12.34,10.67,49.33,4.2,217.0,0.7934,88.12,97.07
Palermo,2026-02-15,38.1157,13.3615,12.0,13.67,10.91,34.16,7.27,293.8,3.2866,88.56,97.7
Palermo,2026-02-16,38.1157,13.3615,12.07,13.82,9.71,4.45,7.78,272.2,2.4828,87.88,98.52
Palermo,2026-02-17,38.1157,13.3615,11.79,12.99,9.14,8.98,10.38,299.8,3.7934,81.5,98.34
Palermo,2026-02-18,38.1157,13.3615,10.88,14.15,8.29,0.32,4.45,272.0,4.0478,82.87,99.17
Palermo,2026-02-19,38.1157,13.3615,13.01,16.66,10.2,17.52,8.3,217.0,4.1498,87.05,98.66
Palermo,2026-02-20,38.1157,13.3615,11.49,12.65,10.29,21.77,8.32,282.8,2.4377,84.03,98.81
Palermo,2026-02-21,38.1157,13.3615,11.39,13.7,9.21,7.0,5.93,320.2,3.7836,83.45,99.46
Palermo,2026-02-22,38.1157,13.3615,11.36,14.99,8.95,0.33,3.69,337.6,4.4405,83.26,99.97
Palermo,2026-02-23,38.1157,13.3615,11.53,15.55,8.55,0.66,4.07,249.5,3.709,87.73,99.72
Palermo,2026-02-24,38.1157,13.3615,12.59,16.52,10.0,2.65,3.3,269.7,4.4839,89.64,99.42
Palermo,2026-02-25,38.1157,13.3615,13.5,18.68,9.59,0.1,1.23,174.5,4.5007,82.81,99.64
Palermo,2026-02-26,38.1157,13.3615,13.48,17.7,10.41,0.01,1.82,168.0,4.5178,85.1,100.02
Palermo,2026-02-27,38.1157,13.3615,13.1,17.34,9.88,0.03,1.34,178.1,2.6287,85.36,99.92
Palermo,2026-02-28,38.1157,13.3615,12.91,17.2,9.43,0.02,1.41,172.4,4.3428,80.42,99.72
Palermo,2026-03-01,38.1157,13.3615,13.33,17.14,10.2,0.03,1.71,179.0,3.8904,82.66,99.83
Palermo,2026-03-02,38.1157,13.3615,12.95,16.1,10.35,1.67,2.92,159.0,2.8814,85.61,99.88
Palermo,2026-03-03,38.1157,13.3615,13.33,17.37,10.14,1.66,3.23,140.7,3.4553,82.08,99.82
Palermo,2026-03-04,38.1157,13.3615,13.71,18.04,10.55,1.07,3.6,148.2,4.375,81.02,99.8
Palermo,2026-03-05,38.1157,13.3615,13.27,17.94,9.37,0.05,3.67,142.6,3.1229,79.78,99.48
Palermo,2026-03-06,38.1157,13.3615,12.92,14.88,11.24,36.98,4.52,130.4,0.9542,87.18,99.24
Palermo,2026-03-07,38.1157,13.3615,14.04,18.54,10.62,1.07,2.39,125.2,4.5475,79.94,99.58
Palermo,2026-03-08,38.1157,13.3615,13.96,18.8,10.91,4.94,2.14,89.4,4.3961,83.52,99.7
Palermo,2026-03-09,38.1157,13.3615,13.95,18.12,10.78,32.75,1.31,102.8,4.8562,82.75,99.61
Palermo,2026-03-10,38.1157,13.3615,13.91,17.64,11.29,2.56,1.35,64.8,4.9778,80.34,99.58
Palermo,2026-03-11,38.1157,13.3615,13.26,17.68,10.53,0.64,1.61,20.6,5.0395,81.27,99.73
Palermo,2026-03-12,38.1157,13.3615,13.32,18.01,9.83,0.36,1.62,240.8,4.8665,76.59,99.56
Palermo,2026-03-13,38.1157,13.3615,11.65,14.15,9.91,4.09,4.11,239.0,3.4651,85.1,99.02
Palermo,2026-03-14,38.1157,13.3615,11.85,15.82,9.54,0.18,3.14,217.4,4.9867,77.73,98.26
Palermo,2026-03-15,38.1157,13.3615,10.51,13.58,8.4,20.64,5.38,218.6,1.2929,87.66,97.47
Palermo,2026-03-16,38.1157,13.3615,11.58,13.43,8.77,4.3,5.29,27.9,3.9132,83.74,97.84
Palermo,2026-03-17,38.1157,13.3615,12.8,14.67,10.78,11.23,5.48,43.7,2.9006,91.03,98.21
Palermo,2026-03-18,38.1157,13.3615,10.81,12.52,8.78,2.44,3.24,0.7,2.8577,83.23,98.37
Palermo,2026-03-19,38.1157,13.3615,10.35,13.42,7.66,0.79,4.22,351.8,3.7826,78.36,98.53
Palermo,2026-03-20,38.1157,13.3615,11.66,14.63,9.38,1.51,2.24,354.0,4.6814,74.46,98.56
Palermo,2026-03-21,38.1157,13.3615,11.7,15.67,8.37,0.06,2.87,46.5,5.5769,65.82,98.43
Palermo,2026-03-22,38.1157,13.3615,12.54,15.74,10.38,0.97,1.48,247.2,4.4918,67.83,98.45
Palermo,2026-03-23,38.1157,13.3615,11.48,14.46,9.25,0.42,2.51,331.6,5.2529,74.22,98.66
Palermo,2026-03-24,38.1157,13.3615,10.56,13.21,8.76,2.39,3.84,354.0,4.1429,83.44,99.0
Palermo,2026-03-25,38.1157,13.3615,11.29,15.54,7.69,0.04,4.48,297.5,5.5505,78.42,98.97
Palermo,2026-03-26,38.1157,13.3615,11.22,14.19,9.11,0.89,9.73,270.8,4.1954,74.27,97.94
Palermo,2026-03-27,38.1157,13.3615,9.9,11.65,8.5,5.78,8.26,301.1,4.8425,75.91,97.81
Palermo,2026-03-28,38.1157,13.3615,10.88,13.54,8.6,0.57,6.42,316.8,5.3122,75.75,98.34
Palermo,2026-03-29,38.1157,13.3615,11.8,15.07,8.98,0.54,2.7,287.6,5.527,77.13,98.5
Palermo,2026-03-30,38.1157,13.3615,12.57,16.65,9.74,0.67,3.13,318.7,5.7254,76.24,98.68
Palermo,2026-03-31,38.1157,13.3615,10.13,11.09,9.6,36.89,4.97,297.3,2.183,89.21,97.38
Palermo,2026-04-01,38.1157,13.3615,11.05,12.43,10.11,11.52,6.12,357.2,4.3406,87.15,96.85
Palermo,2026-04-02,38.1157,13.3615,11.05,12.51,10.05,19.66,6.81,328.4,2.3285,90.38,97.12
Palermo,2026-04-03,38.1157,13.3615,11.86,13.72,10.24,2.99,3.63,338.9,3.3859,84.49,98.19
Palermo,2026-04-04,38.1157,13.3615,12.98,16.69,10.13,0.49,3.49,2.5,6.2237,80.62,99.2
Palermo,2026-04-05,38.1157,13.3615,13.37,17.96,9.41,0.16,2.23,348.3,6.2323,73.83,99.8
Palermo,2026-04-06,38.1157,13.3615,14.31,19.25,10.01,0.01,1.26,351.8,6.408,64.86,99.95
Palermo,2026-04-07,38.1157,13.3615,16.16,21.35,11.07,0.0,1.56,3.3,6.7087,53.33,99.83
Palermo,2026-04-08,38.1157,13.3615,17.86,21.96,14.29,0.0,1.1,289.7,6.8422,45.78,99.5
Palermo,2026-04-09,38.1157,13.3615,17.2,21.4,13.67,0.0,1.42,340.6,6.7721,50.05,99.22
Palermo,2026-04-10,38.1157,13.3615,16.56,21.06,12.66,0.01,3.27,238.9,6.852,62.91,99.09
Palermo,2026-04-11,38.1157,13.3615,17.26,22.35,11.99,0.01,3.08,216.1,6.907,65.39,98.85
Palermo,2026-04-12,38.1157,13.3615,16.36,19.76,13.49,0.0,7.33,127.4,3.281,68.6,98.1
Palermo,2026-04-13,38.1157,13.3615,16.18,20.01,13.22,0.1,5.57,191.0,4.5038,80.13,97.77
Palermo,2026-04-14,38.1157,13.3615,15.65,20.45,12.22,13.65,2.5,283.1,5.1881,83.62,98.31
Palermo,2026-04-15,38.1157,13.3615,14.78,17.91,12.85,15.64,1.97,346.1,4.05,85.08,98.4
Palermo,2026-04-16,38.1157,13.3615,15.76,19.21,13.19,2.47,3.62,33.2,5.3143,88.44,98.79
Palermo,2026-04-17,38.1157,13.3615,15.89,20.09,12.93,1.37,2.97,355.7,6.5746,85.93,98.96
Palermo,2026-04-18,38.1157,13.3615,16.59,21.05,13.12,0.97,2.76,356.6,6.6161,83.72,98.95
Palermo,2026-04-19,38.1157,13.3615,17.23,22.08,12.97,0.26,1.72,1.7,6.6547,75.33,99.12
Palermo,2026-04-20,38.1157,13.3615,17.77,22.39,13.92,0.03,1.95,207.9,6.9758,69.52,98.97
Palermo,2026-04-21,38.1157,13.3615,17.61,22.65,12.7,0.02,2.83,180.4,7.0325,74.61,98.64
Palermo,2026-04-22,38.1157,13.3615,18.3,23.62,14.55,0.07,2.24,29.7,6.792,73.83,98.68
Palermo,2026-04-23,38.1157,13.3615,14.8,17.71,11.44,1.42,4.63,39.5,6.7949,78.69,99.03
Palermo,2026-04-24,38.1157,13.3615,14.25,18.41,11.02,0.0,3.6,34.2,7.4659,60.83,99.17
Palermo,2026-04-25,38.1157,13.3615,15.32,20.64,10.96,0.33,1.76,22.4,7.4902,58.62,99.15
Palermo,2026-04-26,38.1157,13.3615,16.49,21.41,12.42,0.0,1.94,28.3,7.7018,64.57,99.25
Palermo,2026-04-27,38.1157,13.3615,17.02,22.52,13.33,0.0,2.07,55.1,7.3718,71.0,99.22
Palermo,2026-04-28,38.1157,13.3615,18.4,24.51,13.25,0.01,1.92,118.8,7.4758,71.97,98.95
Palermo,2026-04-29,38.1157,13.3615,17.95,22.25,14.08,0.01,2.95,141.1,3.9451,67.81,98.9
Palermo,2026-04-30,38.1157,13.3615,17.61,22.66,13.92,0.03,2.65,74.2,6.623,73.78,98.96
Palermo,2026-05-01,38.1157,13.3615,15.96,19.26,12.14,0.44,4.01,40.3,6.5412,76.93,99.28
Palermo,2026-05-02,38.1157,13.3615,14.4,18.26,11.25,0.0,4.83,38.5,7.1076,62.78,99.57
Palermo,2026-05-03,38.1157,13.3615,15.73,20.62,11.02,0.03,2.05,156.6,6.7596,64.96,99.46
Palermo,2026-05-04,38.1157,13.3615,16.77,21.1,12.58,0.2,3.34,180.3,6.9538,74.21,99.31
Palermo,2026-05-05,38.1157,13.3615,17.52,21.65,13.63,2.84,2.31,157.7,2.9858,76.72,99.02
Palermo,2026-05-06,38.1157,13.3615,16.97,20.77,13.99,0.13,3.44,122.7,2.7058,77.75,98.7
Palermo,2026-05-07,38.1157,13.3615,18.46,22.82,14.4,0.07,3.59,76.3,5.707,74.93,98.35
Palermo,2026-05-08,38.1157,13.3615,18.06,22.08,14.72,0.12,3.09,250.3,6.5347,80.88,98.62
Palermo,2026-05-09,38.1157,13.3615,18.75,24.21,14.08,1.14,2.63,80.6,6.0614,79.19,98.95
Palermo,2026-05-10,38.1157,13.3615,18.19,22.21,14.84,1.26,4.16,228.2,6.0922,82.34,98.85
Palermo,2026-05-11,38.1157,13.3615,19.06,24.32,14.2,0.08,3.08,224.4,7.0841,73.08,98.91
Palermo,2026-05-12,38.1157,13.3615,18.16,21.55,15.15,0.31,4.79,250.2,7.2682,73.37,98.74
Palermo,2026-05-13,38.1157,13.3615,17.73,21.41,14.45,0.61,6.03,272.8,7.0786,79.47,98.53
Palermo,2026-05-14,38.1157,13.3615,16.7,19.66,13.62,0.06,6.02,265.3,6.5498,77.24,98.47
Palermo,2026-05-15,38.1157,13.3615,18.29,21.96,15.01,1.25,6.04,195.6,5.8495,80.75,98.02
Palermo,2026-05-16,38.1157,13.3615,16.29,18.63,13.66,1.82,7.25,278.5,7.3519,71.99,98.38
Palermo,2026-05-17,38.1157,13.3615,15.49,19.27,12.19,0.16,3.4,324.6,7.1892,69.7,98.81
Palermo,2026-05-18,38.1157,13.3615,16.18,20.49,12.79,0.1,2.35,342.0,7.3944,66.79,99.09
Palermo,2026-05-19,38.1157,13.3615,16.27,20.19,12.53,0.67,3.84,309.2,6.8741,73.71,99.38
Palermo,2026-05-20,38.1157,13.3615,17.15,21.57,13.45,0.04,3.08,331.4,,75.99,99.6
Palermo,2026-05-21,38.1157,13.3615,17.46,22.05,13.37,0.14,3.77,348.8,7.2922,79.68,99.57
Palermo,2026-05-22,38.1157,13.3615,18.54,22.74,14.6,0.05,3.89,1.3,7.3164,77.6,99.59
Palermo,2026-05-23,38.1157,13.3615,19.25,23.69,15.15,0.04,3.21,358.9,7.3992,73.57,99.6
Palermo,2026-05-24,38.1157,13.3615,20.39,25.33,15.68,0.03,3.01,34.1,7.338,75.9,99.69
Palermo,2026-05-25,38.1157,13.3615,21.14,25.89,16.92,0.12,2.58,36.3,7.3116,73.42,99.92
Palermo,2026-05-26,38.1157,13.3615,21.58,26.19,17.56,0.04,2.28,21.8,7.2302,71.36,99.82
Palermo,2026-05-27,38.1157,13.3615,22.0,26.94,17.43,0.06,2.04,349.8,7.2898,70.38,99.41
Palermo,2026-05-28,38.1157,13.3615,22.28,26.78,17.81,0.01,2.24,330.7,7.3687,67.0,99.2
Palermo,2026-05-29,38.1157,13.3615,23.04,27.61,19.02,0.14,2.12,36.9,7.2511,70.5,99.25
Palermo,2026-05-30,38.1157,13.3615,22.53,27.14,18.83,1.46,1.84,182.2,7.2962,73.25,99.25
Palermo,2026-05-31,38.1157,13.3615,22.85,27.19,19.72,1.54,1.75,5.7,7.5509,70.36,99.13
Palermo,2026-06-01,38.1157,13.3615,22.84,26.96,19.61,1.01,1.88,275.7,7.6944,65.87,99.01
Palermo,2026-06-02,38.1157,13.3615,22.13,26.4,17.63,0.12,4.12,216.6,7.6423,72.59,98.94
Palermo,2026-06-03,38.1157,13.3615,22.32,26.79,18.4,0.06,5.4,215.7,6.2458,74.4,98.65
Palermo,2026-06-04,38.1157,13.3615,22.04,26.78,17.54,0.07,2.71,345.6,7.9094,73.56,98.68
Palermo,2026-06-05,38.1157,13.3615,22.85,27.63,18.89,0.0,2.76,212.4,7.6822,71.44,98.75
Palermo,2026-06-06,38.1157,13.3615,23.52,28.81,19.36,0.0,2.0,5.3,7.6973,73.39,99.06
Palermo,2026-06-07,38.1157,13.3615,22.12,26.36,18.56,0.0,3.68,25.4,7.5458,71.27,99.42
Palermo,2026-06-08,38.1157,13.3615,22.35,26.84,18.86,0.01,2.44,21.0,5.3897,65.21,99.28
Palermo,2026-06-09,38.1157,13.3615,23.69,29.22,18.33,0.0,2.66,55.8,7.9104,59.4,98.98
Palermo,2026-06-10,38.1157,13.3615,25.58,30.5,20.0,0.01,1.75,53.4,7.8946,54.55,98.84
Palermo,2026-06-11,38.1157,13.3615,23.51,28.09,19.1,1.56,3.92,275.7,7.625,70.32,98.95
Palermo,2026-06-12,38.1157,13.3615,21.7,25.29,18.75,0.18,4.29,353.9,7.567,74.73,99.28
Palermo,2026-06-13,38.1157,13.3615,22.49,27.19,18.08,0.0,3.13,12.1,7.8598,66.67,99.45
Palermo,2026-06-14,38.1157,13.3615,24.01,30.29,18.48,0.0,1.73,117.3,7.9418,59.11,99.11
Palermo,2026-06-15,38.1157,13.3615,22.65,27.2,17.87,0.36,4.95,192.4,7.061,74.59,98.79
Palermo,2026-06-16,38.1157,13.3615,23.58,27.76,20.26,0.45,2.58,279.6,6.5357,72.21,99.07
Palermo,2026-06-17,38.1157,13.3615,24.06,29.44,19.23,0.01,3.08,30.6,7.7484,68.89,99.28
Palermo,2026-06-18,38.1157,13.3615,24.65,29.84,19.78,0.05,3.47,54.6,7.8782,68.7,99.31
Palermo,2026-06-19,38.1157,13.3615,26.18,31.16,21.34,0.0,2.32,54.4,7.8209,61.21,99.22
Palermo,2026-06-20,38.1157,13.3615,26.58,31.25,22.19,0.01,2.34,38.3,7.7683,62.37,99.43
Palermo,2026-06-21,38.1157,13.3615,26.7,31.46,22.3,0.01,2.51,39.5,7.8228,62.26,99.64
Palermo,2026-06-22,38.1157,13.3615,27.02,31.97,22.3,0.05,2.43,40.3,7.7018,62.12,99.38
Palermo,2026-06-23,38.1157,13.3615,27.41,31.69,23.8,0.13,1.87,22.1,7.6459,61.5,99.06
Palermo,2026-06-24,38.1157,13.3615,27.26,31.81,23.84,0.28,1.83,2.4,7.7527,60.34,98.97
Palermo,2026-06-25,38.1157,13.3615,26.96,31.07,23.62,0.9,2.1,45.3,7.6198,63.62,99.02
Palermo,2026-06-26,38.1157,13.3615,26.43,29.67,23.64,0.42,2.52,36.7,7.6015,66.48,99.15
Palermo,2026-06-27,38.1157,13.3615,27.0,31.46,22.62,0.4,3.31,43.0,7.7023,68.04,99.25
Palermo,2026-06-28,38.1157,13.3615,28.04,32.76,23.99,0.25,3.06,37.2,7.5857,65.52,99.23
Palermo,2026-06-29,38.1157,13.3615,27.89,32.36,23.63,0.22,3.09,21.6,7.655,66.79,99.08
Palermo,2026-06-30,38.1157,13.3615,27.36,30.55,24.61,0.48,2.15,17.5,7.5533,62.94,99.01
Palermo,2026-07-01,38.1157,13.3615,27.66,31.86,24.08,0.93,2.59,314.7,7.428,67.17,98.88
Palermo,2026-07-02,38.1157,13.3615,26.77,30.29,23.57,1.39,4.55,258.6,7.1018,69.71,98.69
Palermo,2026-07-03,38.1157,13.3615,25.53,29.22,22.27,4.36,2.41,324.9,7.1902,66.54,98.87
Palermo,2026-07-04,38.1157,13.3615,26.39,30.16,23.18,0.47,3.38,2.7,7.6469,68.06,99.23
Palermo,2026-07-05,38.1157,13.3615,26.08,30.15,22.77,0.0,3.75,7.9,7.9728,57.14,99.23
Palermo,2026-07-06,38.1157,13.3615,27.25,32.74,22.3,0.0,1.77,347.6,7.9214,46.45,99.26
Palermo,2026-07-07,38.1157,13.3615,27.5,32.23,23.23,0.1,2.64,276.9,7.7731,50.77,99.27
Palermo,2026-07-08,38.1157,13.3615,26.6,31.39,21.85,0.0,2.2,298.2,7.7249,59.25,98.96
Palermo,2026-07-09,38.1157,13.3615,27.89,33.6,22.96,0.04,2.19,354.1,7.7606,57.26,98.53
Palermo,2026-07-10,38.1157,13.3615,28.72,34.14,24.0,0.0,1.62,121.4,7.7503,55.17,98.76
Palermo,2026-07-11,38.1157,13.3615,28.77,33.82,23.33,0.0,2.23,172.3,7.7491,54.65,99.07
Palermo,2026-07-12,38.1157,13.3615,28.26,33.46,23.77,0.24,3.09,185.9,7.6099,60.92,98.95
Palermo,2026-07-13,38.1157,13.3615,28.76,34.05,23.93,0.0,2.99,39.6,,54.75,99.1
Palermo,2026-07-14,38.1157,13.3615,29.64,35.01,24.19,0.0,1.79,196.3,7.5782,49.9,99.29
Palermo,2026-07-15,38.1157,13.3615,29.29,35.71,24.38,0.33,2.5,219.9,7.577,58.94,99.15
Palermo,2026-07-16,38.1157,13.3615,30.75,36.33,24.97,0.0,2.29,25.0,7.5074,50.95,99.19
Palermo,2026-07-17,38.1157,13.3615,33.28,38.96,27.27,0.0,1.82,317.8,7.667,36.34,98.96
Palermo,2026-07-18,38.1157,13.3615,32.15,37.79,28.08,0.27,2.55,322.2,7.6853,45.18,98.79
